date,open,high,low,close,volume,hold,settle,品种,类别,交易所,合约代码
2015-01-05,2535.0,2551.0,2535.0,2538.0,498,11510,2535.0,小麦,农产品,CZCE,WH0
2015-01-06,2539.0,2544.0,2536.0,2536.0,198,11398,2540.0,小麦,农产品,CZCE,WH0
2015-01-07,2545.0,2545.0,2535.0,2535.0,8,11298,2538.0,小麦,农产品,CZCE,WH0
2015-01-08,2540.0,2545.0,2535.0,2540.0,136,10380,2540.0,小麦,农产品,CZCE,WH0
2015-01-09,2549.0,2549.0,2540.0,2549.0,24,10358,2549.0,小麦,农产品,CZCE,WH0
2015-01-12,2540.0,2549.0,2540.0,2540.0,26,10332,2540.0,小麦,农产品,CZCE,WH0
2015-01-13,2545.0,2559.0,2540.0,2559.0,298,10282,2554.0,小麦,农产品,CZCE,WH0
2015-01-14,2557.0,2560.0,2540.0,2560.0,98,10282,2558.0,小麦,农产品,CZCE,WH0
2015-01-15,2500.0,2559.0,2500.0,2558.0,560,9392,2511.0,小麦,农产品,CZCE,WH0
2015-01-16,2560.0,2560.0,2500.0,2560.0,40,5352,2560.0,小麦,农产品,CZCE,WH0
2015-01-19,2659.0,2717.0,2659.0,2690.0,2256,6110,2692.0,小麦,农产品,CZCE,WH0
2015-01-20,2689.0,2701.0,2689.0,2698.0,1170,6358,2696.0,小麦,农产品,CZCE,WH0
2015-01-21,2701.0,2720.0,2699.0,2709.0,1820,6576,2712.0,小麦,农产品,CZCE,WH0
2015-01-22,2714.0,2715.0,2699.0,2701.0,872,6574,2705.0,小麦,农产品,CZCE,WH0
2015-01-23,2701.0,2703.0,2693.0,2702.0,572,6838,2699.0,小麦,农产品,CZCE,WH0
2015-01-26,2690.0,2701.0,2677.0,2700.0,514,6938,2694.0,小麦,农产品,CZCE,WH0
2015-01-27,2704.0,2704.0,2695.0,2700.0,470,6968,2701.0,小麦,农产品,CZCE,WH0
2015-01-28,2703.0,2704.0,2696.0,2699.0,172,7004,2700.0,小麦,农产品,CZCE,WH0
2015-01-29,2695.0,2696.0,2673.0,2676.0,872,7236,2681.0,小麦,农产品,CZCE,WH0
2015-01-30,2671.0,2681.0,2630.0,2646.0,1524,7592,2655.0,小麦,农产品,CZCE,WH0
2015-02-02,2644.0,2656.0,2639.0,2648.0,700,7436,2647.0,小麦,农产品,CZCE,WH0
2015-02-03,2641.0,2651.0,2640.0,2648.0,290,7488,2647.0,小麦,农产品,CZCE,WH0
2015-02-04,2651.0,2664.0,2636.0,2636.0,1146,7466,2646.0,小麦,农产品,CZCE,WH0
2015-02-05,2633.0,2649.0,2602.0,2639.0,1446,7498,2627.0,小麦,农产品,CZCE,WH0
2015-02-06,2656.0,2668.0,2636.0,2643.0,586,7574,2646.0,小麦,农产品,CZCE,WH0
2015-02-09,2643.0,2645.0,2636.0,2639.0,456,7652,2640.0,小麦,农产品,CZCE,WH0
2015-02-10,2639.0,2645.0,2636.0,2639.0,358,7742,2642.0,小麦,农产品,CZCE,WH0
2015-02-11,2640.0,2641.0,2636.0,2638.0,142,7768,2638.0,小麦,农产品,CZCE,WH0
2015-02-12,2631.0,2642.0,2631.0,2631.0,214,7798,2635.0,小麦,农产品,CZCE,WH0
2015-02-13,2631.0,2637.0,2620.0,2628.0,496,7876,2630.0,小麦,农产品,CZCE,WH0
2015-02-16,2629.0,2630.0,2618.0,2629.0,414,7978,2627.0,小麦,农产品,CZCE,WH0
2015-02-17,2626.0,2635.0,2622.0,2630.0,402,7980,2629.0,小麦,农产品,CZCE,WH0
2015-02-26,2623.0,2631.0,2621.0,2626.0,330,8068,2626.0,小麦,农产品,CZCE,WH0
2015-02-27,2621.0,2628.0,2611.0,2621.0,780,8464,2619.0,小麦,农产品,CZCE,WH0
2015-03-02,2620.0,2630.0,2620.0,2623.0,768,8652,2624.0,小麦,农产品,CZCE,WH0
2015-03-03,2613.0,2625.0,2612.0,2623.0,408,8690,2621.0,小麦,农产品,CZCE,WH0
2015-03-04,2624.0,2625.0,2620.0,2622.0,206,8796,2622.0,小麦,农产品,CZCE,WH0
2015-03-05,2616.0,2621.0,2616.0,2619.0,104,8812,2618.0,小麦,农产品,CZCE,WH0
2015-03-06,2619.0,2625.0,2619.0,2619.0,436,8804,2623.0,小麦,农产品,CZCE,WH0
2015-03-09,2623.0,2623.0,2615.0,2620.0,196,8856,2619.0,小麦,农产品,CZCE,WH0
2015-03-10,2615.0,2641.0,2615.0,2619.0,264,8904,2620.0,小麦,农产品,CZCE,WH0
2015-03-11,2624.0,2627.0,2616.0,2620.0,472,8954,2622.0,小麦,农产品,CZCE,WH0
2015-03-12,2621.0,2627.0,2616.0,2623.0,238,8932,2621.0,小麦,农产品,CZCE,WH0
2015-03-13,2626.0,2629.0,2621.0,2629.0,1054,8990,2625.0,小麦,农产品,CZCE,WH0
2015-03-16,2631.0,2637.0,2625.0,2626.0,678,8984,2630.0,小麦,农产品,CZCE,WH0
2015-03-17,2631.0,2631.0,2618.0,2625.0,192,8980,2626.0,小麦,农产品,CZCE,WH0
2015-03-18,2625.0,2625.0,2600.0,2604.0,1406,8828,2609.0,小麦,农产品,CZCE,WH0
2015-03-19,2603.0,2610.0,2603.0,2609.0,568,8752,2607.0,小麦,农产品,CZCE,WH0
2015-03-20,2609.0,2610.0,2580.0,2582.0,878,8614,2593.0,小麦,农产品,CZCE,WH0
2015-03-23,2584.0,2595.0,2583.0,2587.0,382,8614,2587.0,小麦,农产品,CZCE,WH0
2015-03-24,2590.0,2594.0,2566.0,2574.0,546,8730,2578.0,小麦,农产品,CZCE,WH0
2015-03-25,2573.0,2579.0,2569.0,2575.0,146,8718,2574.0,小麦,农产品,CZCE,WH0
2015-03-26,2577.0,2590.0,2574.0,2589.0,386,8628,2585.0,小麦,农产品,CZCE,WH0
2015-03-27,2584.0,2584.0,2555.0,2559.0,800,8528,2571.0,小麦,农产品,CZCE,WH0
2015-03-30,2556.0,2595.0,2531.0,2566.0,1160,8254,2560.0,小麦,农产品,CZCE,WH0
2015-03-31,2580.0,2580.0,2562.0,2576.0,382,8172,2571.0,小麦,农产品,CZCE,WH0
2015-04-01,2577.0,2593.0,2576.0,2593.0,1124,7916,2588.0,小麦,农产品,CZCE,WH0
2015-04-02,2591.0,2599.0,2584.0,2593.0,366,7820,2591.0,小麦,农产品,CZCE,WH0
2015-04-03,2591.0,2620.0,2591.0,2598.0,648,7718,2601.0,小麦,农产品,CZCE,WH0
2015-04-07,2598.0,2598.0,2580.0,2590.0,310,7694,2589.0,小麦,农产品,CZCE,WH0
2015-04-08,2594.0,2594.0,2574.0,2580.0,878,7396,2581.0,小麦,农产品,CZCE,WH0
2015-04-09,2584.0,2594.0,2566.0,2568.0,348,7266,2572.0,小麦,农产品,CZCE,WH0
2015-04-10,2565.0,2565.0,2545.0,2546.0,1472,7266,2550.0,小麦,农产品,CZCE,WH0
2015-04-13,2540.0,2562.0,2532.0,2558.0,458,7060,2546.0,小麦,农产品,CZCE,WH0
2015-04-14,2547.0,2562.0,2532.0,2545.0,310,6904,2549.0,小麦,农产品,CZCE,WH0
2015-04-15,2536.0,2555.0,2536.0,2549.0,248,6770,2543.0,小麦,农产品,CZCE,WH0
2015-04-16,2545.0,2549.0,2535.0,2538.0,210,6692,2541.0,小麦,农产品,CZCE,WH0
2015-04-17,2535.0,2537.0,2514.0,2524.0,1316,6486,2525.0,小麦,农产品,CZCE,WH0
2015-04-20,2530.0,2535.0,2517.0,2520.0,1250,5938,2525.0,小麦,农产品,CZCE,WH0
2015-04-21,2526.0,2531.0,2521.0,2526.0,326,5814,2526.0,小麦,农产品,CZCE,WH0
2015-04-22,2522.0,2542.0,2522.0,2541.0,150,5766,2531.0,小麦,农产品,CZCE,WH0
2015-04-23,2553.0,2581.0,2525.0,2540.0,428,5482,2546.0,小麦,农产品,CZCE,WH0
2015-04-24,2543.0,2581.0,2525.0,2540.0,148,5440,2540.0,小麦,农产品,CZCE,WH0
2015-04-27,2540.0,2540.0,2520.0,2539.0,664,5288,2530.0,小麦,农产品,CZCE,WH0
2015-04-28,2538.0,2541.0,2521.0,2522.0,372,5376,2529.0,小麦,农产品,CZCE,WH0
2015-04-29,2530.0,2541.0,2518.0,2521.0,474,5186,2523.0,小麦,农产品,CZCE,WH0
2015-04-30,2521.0,2549.0,2518.0,2540.0,1270,4720,2524.0,小麦,农产品,CZCE,WH0
2015-05-04,2531.0,2549.0,2518.0,2524.0,1398,4046,2529.0,小麦,农产品,CZCE,WH0
2015-05-05,2565.0,2565.0,2562.0,2562.0,310,4046,2562.0,小麦,农产品,CZCE,WH0
2015-05-06,2530.0,2565.0,2530.0,2531.0,402,3976,2535.0,小麦,农产品,CZCE,WH0
2015-05-07,2530.0,2554.0,2530.0,2534.0,318,3666,2534.0,小麦,农产品,CZCE,WH0
2015-05-08,2557.0,2560.0,2530.0,2558.0,238,3080,2558.0,小麦,农产品,CZCE,WH0
2015-05-11,2556.0,2560.0,2530.0,2530.0,360,2660,2555.0,小麦,农产品,CZCE,WH0
2015-05-12,2539.0,2556.0,2530.0,2531.0,222,2660,2531.0,小麦,农产品,CZCE,WH0
2015-05-13,2530.0,2543.0,2526.0,2526.0,316,2516,2536.0,小麦,农产品,CZCE,WH0
2015-05-14,2549.0,2549.0,2526.0,2548.0,152,2516,2549.0,小麦,农产品,CZCE,WH0
2015-05-15,2550.0,2550.0,2545.0,2550.0,1546,2376,2548.0,小麦,农产品,CZCE,WH0
2015-05-18,2550.0,2550.0,2545.0,2776.0,0,2376,2776.0,小麦,农产品,CZCE,WH0
2015-05-19,2799.0,2800.0,2545.0,2799.0,1546,6,2799.0,小麦,农产品,CZCE,WH0
2015-05-20,2777.0,2777.0,2755.0,2761.0,58,1596,2766.0,小麦,农产品,CZCE,WH0
2015-05-21,2752.0,2770.0,2750.0,2750.0,62,1592,2759.0,小麦,农产品,CZCE,WH0
2015-05-22,2760.0,2771.0,2750.0,2771.0,114,1668,2768.0,小麦,农产品,CZCE,WH0
2015-05-25,2771.0,2784.0,2764.0,2775.0,172,1732,2769.0,小麦,农产品,CZCE,WH0
2015-05-26,2769.0,2779.0,2769.0,2779.0,44,1742,2775.0,小麦,农产品,CZCE,WH0
2015-05-27,2769.0,2779.0,2765.0,2774.0,40,1744,2772.0,小麦,农产品,CZCE,WH0
2015-05-28,2798.0,2798.0,2770.0,2776.0,326,1898,2777.0,小麦,农产品,CZCE,WH0
2015-05-29,2775.0,2794.0,2775.0,2791.0,128,2006,2786.0,小麦,农产品,CZCE,WH0
2015-06-01,2789.0,2796.0,2782.0,2790.0,182,2014,2789.0,小麦,农产品,CZCE,WH0
2015-06-02,2781.0,2785.0,2781.0,2785.0,30,2016,2782.0,小麦,农产品,CZCE,WH0
2015-06-03,2782.0,2782.0,2777.0,2777.0,14,2012,2781.0,小麦,农产品,CZCE,WH0
2015-06-04,2771.0,2787.0,2760.0,2784.0,324,2044,2777.0,小麦,农产品,CZCE,WH0
2015-06-05,2782.0,2795.0,2765.0,2795.0,1072,2630,2788.0,小麦,农产品,CZCE,WH0
2015-06-08,2795.0,2830.0,2795.0,2824.0,1016,3162,2820.0,小麦,农产品,CZCE,WH0
2015-06-09,2826.0,2827.0,2811.0,2818.0,702,3160,2818.0,小麦,农产品,CZCE,WH0
2015-06-10,2825.0,2840.0,2818.0,2820.0,2338,4190,2831.0,小麦,农产品,CZCE,WH0
2015-06-11,2815.0,2840.0,2810.0,2830.0,3804,6950,2831.0,小麦,农产品,CZCE,WH0
2015-06-12,2827.0,2830.0,2817.0,2825.0,1456,7312,2823.0,小麦,农产品,CZCE,WH0
2015-06-15,2825.0,2830.0,2783.0,2796.0,1520,7644,2808.0,小麦,农产品,CZCE,WH0
2015-06-16,2799.0,2806.0,2793.0,2801.0,768,7888,2799.0,小麦,农产品,CZCE,WH0
2015-06-17,2806.0,2830.0,2793.0,2804.0,680,7870,2805.0,小麦,农产品,CZCE,WH0
2015-06-18,2809.0,2818.0,2800.0,2808.0,910,8146,2808.0,小麦,农产品,CZCE,WH0
2015-06-19,2808.0,2812.0,2802.0,2808.0,488,8348,2809.0,小麦,农产品,CZCE,WH0
2015-06-23,2550.0,2577.0,2550.0,2550.0,4,4,2550.0,小麦,农产品,CZCE,WH0
2015-06-24,2819.0,2825.0,2809.0,2813.0,514,8398,2814.0,小麦,农产品,CZCE,WH0
2015-06-25,2818.0,2818.0,2795.0,2802.0,1738,8706,2801.0,小麦,农产品,CZCE,WH0
2015-06-26,2807.0,2807.0,2792.0,2797.0,1532,8974,2797.0,小麦,农产品,CZCE,WH0
2015-06-29,2790.0,2799.0,2760.0,2775.0,1496,9140,2780.0,小麦,农产品,CZCE,WH0
2015-06-30,2769.0,2776.0,2747.0,2772.0,1998,9822,2761.0,小麦,农产品,CZCE,WH0
2015-07-01,2774.0,2800.0,2774.0,2784.0,1514,9790,2790.0,小麦,农产品,CZCE,WH0
2015-07-02,2780.0,2780.0,2767.0,2780.0,628,9746,2777.0,小麦,农产品,CZCE,WH0
2015-07-03,2770.0,2785.0,2770.0,2781.0,358,9704,2782.0,小麦,农产品,CZCE,WH0
2015-07-06,2775.0,2785.0,2769.0,2774.0,400,9706,2773.0,小麦,农产品,CZCE,WH0
2015-07-07,2778.0,2808.0,2770.0,2795.0,3196,9780,2798.0,小麦,农产品,CZCE,WH0
2015-07-08,2747.0,2787.0,2711.0,2744.0,30046,16124,2734.0,小麦,农产品,CZCE,WH0
2015-07-09,2774.0,2819.0,2760.0,2785.0,13496,14362,2787.0,小麦,农产品,CZCE,WH0
2015-07-10,2784.0,2792.0,2782.0,2786.0,2524,14964,2787.0,小麦,农产品,CZCE,WH0
2015-07-13,2786.0,2810.0,2780.0,2799.0,1702,14990,2787.0,小麦,农产品,CZCE,WH0
2015-07-14,2795.0,2803.0,2782.0,2788.0,1790,15214,2793.0,小麦,农产品,CZCE,WH0
2015-07-15,2789.0,2789.0,2775.0,2783.0,1376,14754,2782.0,小麦,农产品,CZCE,WH0
2015-07-16,2777.0,2787.0,2775.0,2787.0,1326,14132,2782.0,小麦,农产品,CZCE,WH0
2015-07-17,2784.0,2800.0,2776.0,2792.0,2326,14886,2790.0,小麦,农产品,CZCE,WH0
2015-07-20,2790.0,2798.0,2776.0,2795.0,1750,15000,2785.0,小麦,农产品,CZCE,WH0
2015-07-21,2794.0,2799.0,2781.0,2787.0,1072,15224,2790.0,小麦,农产品,CZCE,WH0
2015-07-22,2783.0,2788.0,2775.0,2784.0,1924,14764,2782.0,小麦,农产品,CZCE,WH0
2015-07-23,2785.0,2786.0,2770.0,2770.0,1876,14942,2778.0,小麦,农产品,CZCE,WH0
2015-07-24,2770.0,2775.0,2757.0,2769.0,2550,14640,2764.0,小麦,农产品,CZCE,WH0
2015-07-27,2763.0,2763.0,2748.0,2760.0,3380,14764,2755.0,小麦,农产品,CZCE,WH0
2015-07-28,2754.0,2771.0,2751.0,2769.0,3406,14780,2764.0,小麦,农产品,CZCE,WH0
2015-07-29,2767.0,2779.0,2767.0,2774.0,1722,14698,2772.0,小麦,农产品,CZCE,WH0
2015-07-30,2778.0,2778.0,2760.0,2760.0,2344,15638,2766.0,小麦,农产品,CZCE,WH0
2015-07-31,2760.0,2764.0,2737.0,2737.0,2894,16452,2748.0,小麦,农产品,CZCE,WH0
2015-08-03,2731.0,2735.0,2697.0,2698.0,3916,16760,2713.0,小麦,农产品,CZCE,WH0
2015-08-04,2702.0,2725.0,2695.0,2724.0,2136,16688,2713.0,小麦,农产品,CZCE,WH0
2015-08-05,2720.0,2725.0,2701.0,2716.0,2034,17260,2714.0,小麦,农产品,CZCE,WH0
2015-08-06,2716.0,2720.0,2704.0,2714.0,858,17328,2713.0,小麦,农产品,CZCE,WH0
2015-08-07,2712.0,2722.0,2708.0,2720.0,1580,17492,2716.0,小麦,农产品,CZCE,WH0
2015-08-10,2718.0,2721.0,2711.0,2717.0,1146,17378,2716.0,小麦,农产品,CZCE,WH0
2015-08-11,2720.0,2746.0,2719.0,2738.0,2208,17198,2736.0,小麦,农产品,CZCE,WH0
2015-08-12,2733.0,2737.0,2727.0,2736.0,1172,17320,2732.0,小麦,农产品,CZCE,WH0
2015-08-13,2728.0,2750.0,2723.0,2733.0,1940,17240,2734.0,小麦,农产品,CZCE,WH0
2015-08-14,2733.0,2744.0,2732.0,2737.0,714,17448,2740.0,小麦,农产品,CZCE,WH0
2015-08-17,2733.0,2736.0,2715.0,2717.0,1808,17792,2721.0,小麦,农产品,CZCE,WH0
2015-08-18,2720.0,2724.0,2710.0,2717.0,1358,18466,2717.0,小麦,农产品,CZCE,WH0
2015-08-19,2715.0,2718.0,2705.0,2712.0,1350,18594,2711.0,小麦,农产品,CZCE,WH0
2015-08-20,2712.0,2720.0,2700.0,2707.0,1890,18890,2707.0,小麦,农产品,CZCE,WH0
2015-08-21,2710.0,2715.0,2696.0,2702.0,2484,19242,2702.0,小麦,农产品,CZCE,WH0
2015-08-24,2691.0,2691.0,2660.0,2672.0,17522,22504,2668.0,小麦,农产品,CZCE,WH0
2015-08-25,2680.0,2746.0,2680.0,2730.0,14224,23772,2707.0,小麦,农产品,CZCE,WH0
2015-08-26,2723.0,2747.0,2716.0,2731.0,12526,23328,2734.0,小麦,农产品,CZCE,WH0
2015-08-27,2727.0,2734.0,2725.0,2729.0,2102,23784,2729.0,小麦,农产品,CZCE,WH0
2015-08-28,2750.0,2776.0,2739.0,2748.0,6810,23422,2745.0,小麦,农产品,CZCE,WH0
2015-08-31,2743.0,2750.0,2740.0,2744.0,2878,23456,2745.0,小麦,农产品,CZCE,WH0
2015-09-01,2743.0,2747.0,2741.0,2745.0,3306,23128,2744.0,小麦,农产品,CZCE,WH0
2015-09-02,2741.0,2745.0,2711.0,2741.0,2260,22848,2741.0,小麦,农产品,CZCE,WH0
2015-09-08,2729.0,2741.0,2726.0,2740.0,3072,24586,2731.0,小麦,农产品,CZCE,WH0
2015-09-09,2747.0,2753.0,2737.0,2740.0,3232,24630,2742.0,小麦,农产品,CZCE,WH0
2015-09-10,2736.0,2749.0,2736.0,2746.0,4744,23262,2745.0,小麦,农产品,CZCE,WH0
2015-09-11,2747.0,2750.0,2740.0,2746.0,4492,23152,2744.0,小麦,农产品,CZCE,WH0
2015-09-14,2744.0,2750.0,2742.0,2746.0,1966,23518,2745.0,小麦,农产品,CZCE,WH0
2015-09-15,2746.0,2746.0,2742.0,2743.0,1588,23234,2743.0,小麦,农产品,CZCE,WH0
2015-09-16,2745.0,2752.0,2736.0,2743.0,3230,23238,2741.0,小麦,农产品,CZCE,WH0
2015-09-17,2745.0,2745.0,2720.0,2726.0,5978,25118,2730.0,小麦,农产品,CZCE,WH0
2015-09-18,2724.0,2735.0,2708.0,2712.0,4582,25732,2719.0,小麦,农产品,CZCE,WH0
2015-09-21,2708.0,2730.0,2691.0,2721.0,7924,26634,2712.0,小麦,农产品,CZCE,WH0
2015-09-22,2721.0,2722.0,2710.0,2711.0,2526,27280,2714.0,小麦,农产品,CZCE,WH0
2015-09-23,2708.0,2719.0,2703.0,2719.0,2788,27364,2710.0,小麦,农产品,CZCE,WH0
2015-09-24,2719.0,2734.0,2719.0,2726.0,2286,27216,2725.0,小麦,农产品,CZCE,WH0
2015-09-25,2725.0,2738.0,2722.0,2738.0,1484,27128,2730.0,小麦,农产品,CZCE,WH0
2015-09-28,2738.0,2757.0,2731.0,2739.0,5042,24874,2742.0,小麦,农产品,CZCE,WH0
2015-09-29,2738.0,2741.0,2730.0,2740.0,2888,23894,2739.0,小麦,农产品,CZCE,WH0
2015-09-30,2739.0,2749.0,2734.0,2748.0,2662,23088,2739.0,小麦,农产品,CZCE,WH0
2015-10-09,2712.0,2729.0,2706.0,2724.0,5576,25824,2717.0,小麦,农产品,CZCE,WH0
2015-10-12,2720.0,2725.0,2717.0,2721.0,2730,27716,2721.0,小麦,农产品,CZCE,WH0
2015-10-13,2733.0,2742.0,2717.0,2735.0,17274,38746,2729.0,小麦,农产品,CZCE,WH0
2015-10-14,2739.0,2746.0,2729.0,2738.0,7064,38206,2738.0,小麦,农产品,CZCE,WH0
2015-10-15,2736.0,2770.0,2734.0,2766.0,11160,37314,2757.0,小麦,农产品,CZCE,WH0
2015-10-16,2768.0,2780.0,2759.0,2770.0,8374,34064,2770.0,小麦,农产品,CZCE,WH0
2015-10-19,2765.0,2777.0,2759.0,2766.0,8656,32110,2766.0,小麦,农产品,CZCE,WH0
2015-10-20,2764.0,2774.0,2758.0,2766.0,7618,37870,2768.0,小麦,农产品,CZCE,WH0
2015-10-21,2766.0,2769.0,2756.0,2769.0,3320,38452,2763.0,小麦,农产品,CZCE,WH0
2015-10-22,2771.0,2869.0,2771.0,2781.0,9344,39440,2784.0,小麦,农产品,CZCE,WH0
2015-10-23,2779.0,2791.0,2770.0,2780.0,7764,41056,2780.0,小麦,农产品,CZCE,WH0
2015-10-26,2775.0,2787.0,2771.0,2778.0,2870,41238,2779.0,小麦,农产品,CZCE,WH0
2015-10-27,2780.0,2786.0,2770.0,2777.0,3132,41520,2776.0,小麦,农产品,CZCE,WH0
2015-10-28,2777.0,2780.0,2754.0,2765.0,6136,42838,2763.0,小麦,农产品,CZCE,WH0
2015-10-29,2769.0,2771.0,2752.0,2763.0,4800,44180,2762.0,小麦,农产品,CZCE,WH0
2015-10-30,2762.0,2769.0,2756.0,2763.0,2274,44692,2763.0,小麦,农产品,CZCE,WH0
2015-11-02,2759.0,2763.0,2754.0,2756.0,3118,44994,2757.0,小麦,农产品,CZCE,WH0
2015-11-03,2755.0,2775.0,2745.0,2768.0,7476,45516,2760.0,小麦,农产品,CZCE,WH0
2015-11-04,2771.0,2778.0,2766.0,2766.0,1870,45758,2770.0,小麦,农产品,CZCE,WH0
2015-11-05,2767.0,2770.0,2761.0,2764.0,3426,46510,2766.0,小麦,农产品,CZCE,WH0
2015-11-06,2768.0,2772.0,2756.0,2770.0,9276,47126,2762.0,小麦,农产品,CZCE,WH0
2015-11-09,2761.0,2783.0,2761.0,2773.0,5594,47440,2773.0,小麦,农产品,CZCE,WH0
2015-11-10,2767.0,2778.0,2763.0,2777.0,5044,47360,2771.0,小麦,农产品,CZCE,WH0
2015-11-11,2772.0,2778.0,2768.0,2774.0,3960,47442,2774.0,小麦,农产品,CZCE,WH0
2015-11-12,2774.0,2779.0,2771.0,2776.0,4444,47578,2776.0,小麦,农产品,CZCE,WH0
2015-11-13,2776.0,2786.0,2770.0,2780.0,10130,43508,2777.0,小麦,农产品,CZCE,WH0
2015-11-16,2777.0,2781.0,2762.0,2767.0,10780,41530,2771.0,小麦,农产品,CZCE,WH0
2015-11-17,2766.0,2769.0,2757.0,2766.0,6568,42388,2763.0,小麦,农产品,CZCE,WH0
2015-11-18,2764.0,2771.0,2762.0,2770.0,7220,41956,2766.0,小麦,农产品,CZCE,WH0
2015-11-19,2768.0,2780.0,2765.0,2778.0,6248,42588,2772.0,小麦,农产品,CZCE,WH0
2015-11-20,2778.0,2796.0,2776.0,2791.0,8564,44436,2783.0,小麦,农产品,CZCE,WH0
2015-11-23,2790.0,2794.0,2774.0,2782.0,5426,44512,2785.0,小麦,农产品,CZCE,WH0
2015-11-24,2782.0,2807.0,2780.0,2804.0,6340,42974,2797.0,小麦,农产品,CZCE,WH0
2015-11-25,2802.0,2822.0,2800.0,2818.0,8426,44506,2812.0,小麦,农产品,CZCE,WH0
2015-11-26,2818.0,2829.0,2812.0,2823.0,6478,44696,2820.0,小麦,农产品,CZCE,WH0
2015-11-27,2821.0,2826.0,2809.0,2818.0,4720,45894,2817.0,小麦,农产品,CZCE,WH0
2015-11-30,2816.0,2835.0,2812.0,2835.0,6006,47170,2825.0,小麦,农产品,CZCE,WH0
2015-12-01,2832.0,2841.0,2820.0,2836.0,7514,47552,2832.0,小麦,农产品,CZCE,WH0
2015-12-02,2838.0,2851.0,2832.0,2848.0,5248,48164,2845.0,小麦,农产品,CZCE,WH0
2015-12-03,2845.0,2846.0,2825.0,2838.0,4582,47884,2836.0,小麦,农产品,CZCE,WH0
2015-12-04,2840.0,2841.0,2826.0,2838.0,4592,47728,2832.0,小麦,农产品,CZCE,WH0
2015-12-07,2837.0,2847.0,2833.0,2845.0,3602,48488,2841.0,小麦,农产品,CZCE,WH0
2015-12-08,2841.0,2854.0,2837.0,2847.0,6166,49362,2845.0,小麦,农产品,CZCE,WH0
2015-12-09,2846.0,2854.0,2843.0,2850.0,4636,50038,2849.0,小麦,农产品,CZCE,WH0
2015-12-10,2849.0,2862.0,2845.0,2861.0,5280,50880,2856.0,小麦,农产品,CZCE,WH0
2015-12-11,2861.0,2869.0,2859.0,2868.0,4700,51230,2864.0,小麦,农产品,CZCE,WH0
2015-12-14,2866.0,2880.0,2849.0,2876.0,10374,53124,2866.0,小麦,农产品,CZCE,WH0
2015-12-15,2875.0,2884.0,2870.0,2881.0,6782,55402,2877.0,小麦,农产品,CZCE,WH0
2015-12-16,2880.0,2889.0,2867.0,2889.0,10086,58522,2878.0,小麦,农产品,CZCE,WH0
2015-12-17,2884.0,2897.0,2884.0,2890.0,7544,58554,2892.0,小麦,农产品,CZCE,WH0
2015-12-18,2889.0,2897.0,2883.0,2884.0,5086,58864,2890.0,小麦,农产品,CZCE,WH0
2015-12-21,2886.0,2890.0,2868.0,2886.0,9880,58788,2879.0,小麦,农产品,CZCE,WH0
2015-12-22,2884.0,2894.0,2880.0,2892.0,6280,59398,2888.0,小麦,农产品,CZCE,WH0
2015-12-23,2888.0,2895.0,2883.0,2893.0,5628,59840,2887.0,小麦,农产品,CZCE,WH0
2015-12-24,2892.0,2895.0,2881.0,2889.0,6948,60298,2887.0,小麦,农产品,CZCE,WH0
2015-12-25,2888.0,2889.0,2870.0,2880.0,8940,62596,2879.0,小麦,农产品,CZCE,WH0
2015-12-28,2878.0,2894.0,2876.0,2894.0,10038,63284,2886.0,小麦,农产品,CZCE,WH0
2015-12-29,2890.0,2900.0,2882.0,2886.0,9624,63396,2890.0,小麦,农产品,CZCE,WH0
2015-12-30,2890.0,2900.0,2885.0,2892.0,11380,62986,2891.0,小麦,农产品,CZCE,WH0
2015-12-31,2890.0,2894.0,2887.0,2891.0,5658,62956,2889.0,小麦,农产品,CZCE,WH0
2016-01-04,2892.0,3002.0,2890.0,2917.0,9796,63006,2916.0,小麦,农产品,CZCE,WH0
2016-01-05,2912.0,2916.0,2902.0,2911.0,10772,63184,2911.0,小麦,农产品,CZCE,WH0
2016-01-06,2910.0,2916.0,2892.0,2916.0,8074,64740,2906.0,小麦,农产品,CZCE,WH0
2016-01-07,2917.0,2932.0,2910.0,2919.0,11440,63778,2922.0,小麦,农产品,CZCE,WH0
2016-01-08,2918.0,2925.0,2906.0,2924.0,8792,60576,2912.0,小麦,农产品,CZCE,WH0
2016-01-11,2922.0,2923.0,2839.0,2887.0,19662,60078,2888.0,小麦,农产品,CZCE,WH0
2016-01-12,2875.0,2894.0,2875.0,2890.0,7188,60344,2888.0,小麦,农产品,CZCE,WH0
2016-01-13,2888.0,2890.0,2878.0,2884.0,9132,58212,2884.0,小麦,农产品,CZCE,WH0
2016-01-14,2883.0,2896.0,2880.0,2891.0,6958,55628,2886.0,小麦,农产品,CZCE,WH0
2016-01-15,2890.0,2892.0,2885.0,2891.0,2870,55760,2889.0,小麦,农产品,CZCE,WH0
2016-01-18,2891.0,2896.0,2885.0,2896.0,5602,53042,2893.0,小麦,农产品,CZCE,WH0
2016-01-19,2893.0,2916.0,2891.0,2892.0,8724,52340,2905.0,小麦,农产品,CZCE,WH0
2016-01-20,2890.0,2893.0,2872.0,2888.0,5564,52614,2886.0,小麦,农产品,CZCE,WH0
2016-01-21,2885.0,2892.0,2876.0,2881.0,6108,52592,2885.0,小麦,农产品,CZCE,WH0
2016-01-22,2883.0,2889.0,2874.0,2885.0,4206,51842,2882.0,小麦,农产品,CZCE,WH0
2016-01-25,2889.0,2891.0,2883.0,2887.0,2200,51976,2887.0,小麦,农产品,CZCE,WH0
2016-01-26,2890.0,2897.0,2876.0,2880.0,6732,51496,2883.0,小麦,农产品,CZCE,WH0
2016-01-27,2880.0,2885.0,2880.0,2881.0,2020,51414,2883.0,小麦,农产品,CZCE,WH0
2016-01-28,2880.0,2883.0,2872.0,2876.0,2390,51122,2879.0,小麦,农产品,CZCE,WH0
2016-01-29,2876.0,2880.0,2861.0,2875.0,4840,51010,2870.0,小麦,农产品,CZCE,WH0
2016-02-01,2873.0,2886.0,2873.0,2883.0,3456,50554,2881.0,小麦,农产品,CZCE,WH0
2016-02-02,2885.0,2886.0,2881.0,2885.0,1410,50352,2884.0,小麦,农产品,CZCE,WH0
2016-02-03,2883.0,2889.0,2883.0,2887.0,3030,48580,2887.0,小麦,农产品,CZCE,WH0
2016-02-04,2888.0,2893.0,2887.0,2889.0,3738,47130,2890.0,小麦,农产品,CZCE,WH0
2016-02-05,2888.0,2892.0,2887.0,2888.0,2408,46696,2889.0,小麦,农产品,CZCE,WH0
2016-02-15,2880.0,2893.0,2880.0,2888.0,1572,46316,2889.0,小麦,农产品,CZCE,WH0
2016-02-16,2890.0,2890.0,2882.0,2885.0,1748,47118,2885.0,小麦,农产品,CZCE,WH0
2016-02-17,2885.0,2892.0,2879.0,2881.0,5052,47788,2888.0,小麦,农产品,CZCE,WH0
2016-02-18,2884.0,2888.0,2872.0,2885.0,3006,48308,2880.0,小麦,农产品,CZCE,WH0
2016-02-19,2885.0,2891.0,2876.0,2881.0,4092,46996,2886.0,小麦,农产品,CZCE,WH0
2016-02-22,2879.0,2890.0,2876.0,2887.0,3496,45976,2885.0,小麦,农产品,CZCE,WH0
2016-02-23,2887.0,2887.0,2879.0,2881.0,3960,45492,2882.0,小麦,农产品,CZCE,WH0
2016-02-24,2880.0,2886.0,2875.0,2885.0,3394,44908,2882.0,小麦,农产品,CZCE,WH0
2016-02-25,2885.0,2889.0,2881.0,2883.0,4738,42152,2886.0,小麦,农产品,CZCE,WH0
2016-02-26,2889.0,2889.0,2869.0,2880.0,13074,41794,2880.0,小麦,农产品,CZCE,WH0
2016-02-29,2876.0,2941.0,2848.0,2887.0,27362,41982,2874.0,小麦,农产品,CZCE,WH0
2016-03-01,2887.0,2899.0,2877.0,2878.0,12352,36428,2886.0,小麦,农产品,CZCE,WH0
2016-03-02,2880.0,2890.0,2875.0,2887.0,4056,34788,2885.0,小麦,农产品,CZCE,WH0
2016-03-03,2886.0,2895.0,2837.0,2845.0,15282,32612,2864.0,小麦,农产品,CZCE,WH0
2016-03-04,2845.0,2854.0,2818.0,2845.0,9344,32092,2835.0,小麦,农产品,CZCE,WH0
2016-03-07,2852.0,2881.0,2847.0,2856.0,7320,33190,2854.0,小麦,农产品,CZCE,WH0
2016-03-08,2865.0,2874.0,2853.0,2854.0,6300,31920,2864.0,小麦,农产品,CZCE,WH0
2016-03-09,2840.0,2858.0,2828.0,2855.0,2850,31724,2847.0,小麦,农产品,CZCE,WH0
2016-03-10,2855.0,2855.0,2834.0,2841.0,3482,31762,2841.0,小麦,农产品,CZCE,WH0
2016-03-11,2843.0,2855.0,2836.0,2850.0,2126,31366,2847.0,小麦,农产品,CZCE,WH0
2016-03-14,2852.0,2872.0,2852.0,2864.0,2582,31032,2860.0,小麦,农产品,CZCE,WH0
2016-03-15,2858.0,2870.0,2855.0,2870.0,1724,30534,2863.0,小麦,农产品,CZCE,WH0
2016-03-16,2870.0,2876.0,2856.0,2856.0,6430,27898,2868.0,小麦,农产品,CZCE,WH0
2016-03-17,2854.0,2857.0,2841.0,2852.0,4674,26634,2848.0,小麦,农产品,CZCE,WH0
2016-03-18,2850.0,2850.0,2827.0,2829.0,5486,25572,2838.0,小麦,农产品,CZCE,WH0
2016-03-21,2821.0,2844.0,2800.0,2842.0,9374,22602,2817.0,小麦,农产品,CZCE,WH0
2016-03-22,2843.0,2845.0,2819.0,2835.0,2786,22262,2829.0,小麦,农产品,CZCE,WH0
2016-03-23,2837.0,2840.0,2830.0,2838.0,2248,21420,2834.0,小麦,农产品,CZCE,WH0
2016-03-24,2843.0,2844.0,2824.0,2844.0,3048,21094,2829.0,小麦,农产品,CZCE,WH0
2016-03-25,2839.0,2849.0,2833.0,2842.0,2744,20718,2841.0,小麦,农产品,CZCE,WH0
2016-03-28,2840.0,2860.0,2836.0,2853.0,2576,20614,2851.0,小麦,农产品,CZCE,WH0
2016-03-29,2855.0,2909.0,2836.0,2898.0,7024,20598,2885.0,小麦,农产品,CZCE,WH0
2016-03-30,2903.0,2930.0,2889.0,2908.0,3972,20978,2901.0,小麦,农产品,CZCE,WH0
2016-03-31,2883.0,2906.0,2868.0,2903.0,4828,22128,2895.0,小麦,农产品,CZCE,WH0
2016-04-01,2907.0,2928.0,2905.0,2920.0,2978,21316,2912.0,小麦,农产品,CZCE,WH0
2016-04-05,2929.0,2952.0,2914.0,2949.0,4900,19382,2943.0,小麦,农产品,CZCE,WH0
2016-04-06,2950.0,2970.0,2946.0,2959.0,8688,17156,2960.0,小麦,农产品,CZCE,WH0
2016-04-07,2959.0,2976.0,2952.0,2976.0,2424,16828,2961.0,小麦,农产品,CZCE,WH0
2016-04-08,2967.0,2995.0,2965.0,2992.0,4364,16500,2986.0,小麦,农产品,CZCE,WH0
2016-04-11,2992.0,2996.0,2958.0,2971.0,3746,15626,2978.0,小麦,农产品,CZCE,WH0
2016-04-12,2970.0,2970.0,2900.0,2900.0,4026,13426,2943.0,小麦,农产品,CZCE,WH0
2016-04-13,2908.0,2921.0,2817.0,2819.0,11236,11338,2871.0,小麦,农产品,CZCE,WH0
2016-04-14,2819.0,2875.0,2754.0,2770.0,11602,9208,2802.0,小麦,农产品,CZCE,WH0
2016-04-15,2769.0,2791.0,2768.0,2786.0,4766,8578,2783.0,小麦,农产品,CZCE,WH0
2016-04-18,2653.0,2681.0,2642.0,2661.0,1578,9162,2658.0,小麦,农产品,CZCE,WH0
2016-04-19,2667.0,2680.0,2664.0,2671.0,680,9194,2670.0,小麦,农产品,CZCE,WH0
2016-04-20,2678.0,2690.0,2661.0,2672.0,1610,9440,2672.0,小麦,农产品,CZCE,WH0
2016-04-21,2671.0,2763.0,2671.0,2717.0,6706,9248,2709.0,小麦,农产品,CZCE,WH0
2016-04-22,2702.0,2711.0,2680.0,2685.0,2098,9396,2690.0,小麦,农产品,CZCE,WH0
2016-04-25,2681.0,2698.0,2676.0,2688.0,1614,9706,2686.0,小麦,农产品,CZCE,WH0
2016-04-26,2697.0,2709.0,2677.0,2681.0,1208,9532,2688.0,小麦,农产品,CZCE,WH0
2016-04-27,2686.0,2694.0,2679.0,2692.0,954,9818,2684.0,小麦,农产品,CZCE,WH0
2016-04-28,2685.0,2689.0,2671.0,2675.0,1396,10238,2679.0,小麦,农产品,CZCE,WH0
2016-04-29,2676.0,2692.0,2656.0,2665.0,1680,10698,2665.0,小麦,农产品,CZCE,WH0
2016-05-03,2662.0,2694.0,2657.0,2689.0,1876,11112,2678.0,小麦,农产品,CZCE,WH0
2016-05-04,2681.0,2698.0,2679.0,2689.0,1012,11236,2688.0,小麦,农产品,CZCE,WH0
2016-05-05,2694.0,2698.0,2682.0,2687.0,1094,11254,2690.0,小麦,农产品,CZCE,WH0
2016-05-06,2681.0,2688.0,2668.0,2685.0,2080,11642,2680.0,小麦,农产品,CZCE,WH0
2016-05-09,2689.0,2695.0,2676.0,2686.0,1722,11874,2682.0,小麦,农产品,CZCE,WH0
2016-05-10,2679.0,2698.0,2674.0,2686.0,2862,11794,2690.0,小麦,农产品,CZCE,WH0
2016-05-11,2695.0,2711.0,2688.0,2711.0,4270,12334,2703.0,小麦,农产品,CZCE,WH0
2016-05-12,2702.0,2709.0,2690.0,2697.0,3432,12044,2698.0,小麦,农产品,CZCE,WH0
2016-05-13,2692.0,2692.0,2666.0,2682.0,3284,11842,2680.0,小麦,农产品,CZCE,WH0
2016-05-16,2674.0,2688.0,2667.0,2687.0,1508,11944,2679.0,小麦,农产品,CZCE,WH0
2016-05-17,2687.0,2692.0,2676.0,2678.0,966,12136,2681.0,小麦,农产品,CZCE,WH0
2016-05-18,2678.0,2698.0,2677.0,2682.0,1496,12016,2688.0,小麦,农产品,CZCE,WH0
2016-05-19,2679.0,2691.0,2661.0,2690.0,1922,12468,2674.0,小麦,农产品,CZCE,WH0
2016-05-20,2688.0,2689.0,2681.0,2687.0,1010,12562,2686.0,小麦,农产品,CZCE,WH0
2016-05-23,2687.0,2687.0,2672.0,2673.0,736,12312,2680.0,小麦,农产品,CZCE,WH0
2016-05-24,2666.0,2666.0,2603.0,2640.0,3082,12724,2631.0,小麦,农产品,CZCE,WH0
2016-05-25,2636.0,2637.0,2622.0,2631.0,742,12734,2631.0,小麦,农产品,CZCE,WH0
2016-05-26,2640.0,2681.0,2628.0,2652.0,1546,12782,2643.0,小麦,农产品,CZCE,WH0
2016-05-27,2650.0,2650.0,2633.0,2645.0,970,13008,2639.0,小麦,农产品,CZCE,WH0
2016-05-30,2640.0,2671.0,2636.0,2668.0,1982,12820,2658.0,小麦,农产品,CZCE,WH0
2016-05-31,2668.0,2677.0,2636.0,2674.0,1266,12576,2670.0,小麦,农产品,CZCE,WH0
2016-06-01,2674.0,2677.0,2658.0,2658.0,768,12562,2667.0,小麦,农产品,CZCE,WH0
2016-06-02,2672.0,2679.0,2664.0,2671.0,834,12402,2672.0,小麦,农产品,CZCE,WH0
2016-06-03,2671.0,2678.0,2664.0,2667.0,922,12312,2670.0,小麦,农产品,CZCE,WH0
2016-06-06,2679.0,2742.0,2676.0,2720.0,8460,11848,2712.0,小麦,农产品,CZCE,WH0
2016-06-07,2720.0,2754.0,2708.0,2720.0,2442,11432,2718.0,小麦,农产品,CZCE,WH0
2016-06-08,2722.0,2734.0,2709.0,2716.0,1332,11396,2717.0,小麦,农产品,CZCE,WH0
2016-06-13,2726.0,2734.0,2693.0,2719.0,3982,11106,2720.0,小麦,农产品,CZCE,WH0
2016-06-14,2717.0,2717.0,2702.0,2706.0,2236,11528,2712.0,小麦,农产品,CZCE,WH0
2016-06-15,2699.0,2709.0,2666.0,2672.0,1402,11348,2686.0,小麦,农产品,CZCE,WH0
2016-06-16,2665.0,2665.0,2625.0,2627.0,4306,11196,2637.0,小麦,农产品,CZCE,WH0
2016-06-17,2621.0,2653.0,2620.0,2652.0,2412,10978,2638.0,小麦,农产品,CZCE,WH0
2016-06-20,2665.0,2665.0,2633.0,2655.0,2530,11382,2650.0,小麦,农产品,CZCE,WH0
2016-06-21,2656.0,2664.0,2648.0,2652.0,2684,10368,2655.0,小麦,农产品,CZCE,WH0
2016-06-22,2648.0,2662.0,2643.0,2660.0,1238,9846,2653.0,小麦,农产品,CZCE,WH0
2016-06-23,2662.0,2671.0,2652.0,2659.0,1570,9700,2663.0,小麦,农产品,CZCE,WH0
2016-06-24,2652.0,2675.0,2648.0,2674.0,1226,9378,2663.0,小麦,农产品,CZCE,WH0
2016-06-27,2679.0,2690.0,2668.0,2668.0,1252,9332,2677.0,小麦,农产品,CZCE,WH0
2016-06-28,2667.0,2679.0,2656.0,2676.0,1222,9304,2671.0,小麦,农产品,CZCE,WH0
2016-06-29,2674.0,2690.0,2667.0,2673.0,746,9356,2676.0,小麦,农产品,CZCE,WH0
2016-06-30,2670.0,2679.0,2662.0,2671.0,2638,8376,2671.0,小麦,农产品,CZCE,WH0
2016-07-01,2669.0,2669.0,2656.0,2659.0,716,8290,2661.0,小麦,农产品,CZCE,WH0
2016-07-04,2663.0,2709.0,2621.0,2638.0,3172,8500,2649.0,小麦,农产品,CZCE,WH0
2016-07-05,2643.0,2709.0,2603.0,2608.0,2948,8876,2622.0,小麦,农产品,CZCE,WH0
2016-07-06,2597.0,2603.0,2575.0,2598.0,2130,8514,2595.0,小麦,农产品,CZCE,WH0
2016-07-07,2612.0,2626.0,2581.0,2582.0,1504,8268,2598.0,小麦,农产品,CZCE,WH0
2016-07-08,2569.0,2570.0,2545.0,2565.0,1506,8098,2558.0,小麦,农产品,CZCE,WH0
2016-07-11,2578.0,2590.0,2568.0,2581.0,1640,7910,2580.0,小麦,农产品,CZCE,WH0
2016-07-12,2588.0,2588.0,2578.0,2580.0,1502,7428,2580.0,小麦,农产品,CZCE,WH0
2016-07-13,2588.0,2596.0,2580.0,2581.0,2264,6852,2583.0,小麦,农产品,CZCE,WH0
2016-07-14,2581.0,2590.0,2576.0,2583.0,818,6368,2581.0,小麦,农产品,CZCE,WH0
2016-07-15,2582.0,2598.0,2579.0,2585.0,828,6360,2587.0,小麦,农产品,CZCE,WH0
2016-07-18,2585.0,2598.0,2578.0,2585.0,988,6174,2589.0,小麦,农产品,CZCE,WH0
2016-07-19,2611.0,2630.0,2607.0,2614.0,900,6556,2618.0,小麦,农产品,CZCE,WH0
2016-07-20,2615.0,2616.0,2605.0,2615.0,510,6634,2611.0,小麦,农产品,CZCE,WH0
2016-07-21,2620.0,2628.0,2603.0,2622.0,1070,6392,2620.0,小麦,农产品,CZCE,WH0
2016-07-22,2625.0,2628.0,2615.0,2616.0,534,6562,2621.0,小麦,农产品,CZCE,WH0
2016-07-25,2616.0,2642.0,2616.0,2641.0,1960,6894,2634.0,小麦,农产品,CZCE,WH0
2016-07-26,2640.0,2658.0,2639.0,2651.0,2088,7590,2650.0,小麦,农产品,CZCE,WH0
2016-07-27,2659.0,2659.0,2635.0,2640.0,2258,7506,2646.0,小麦,农产品,CZCE,WH0
2016-07-28,2640.0,2646.0,2611.0,2614.0,1464,7680,2624.0,小麦,农产品,CZCE,WH0
2016-07-29,2612.0,2619.0,2592.0,2610.0,1498,7546,2602.0,小麦,农产品,CZCE,WH0
2016-08-01,2605.0,2605.0,2582.0,2593.0,2780,7582,2593.0,小麦,农产品,CZCE,WH0
2016-08-02,2590.0,2593.0,2576.0,2591.0,1410,7900,2584.0,小麦,农产品,CZCE,WH0
2016-08-03,2590.0,2609.0,2587.0,2609.0,1370,8000,2598.0,小麦,农产品,CZCE,WH0
2016-08-04,2620.0,2625.0,2606.0,2617.0,1656,8114,2615.0,小麦,农产品,CZCE,WH0
2016-08-05,2621.0,2621.0,2602.0,2608.0,1022,8138,2610.0,小麦,农产品,CZCE,WH0
2016-08-08,2612.0,2629.0,2611.0,2621.0,1210,8076,2622.0,小麦,农产品,CZCE,WH0
2016-08-09,2625.0,2625.0,2613.0,2620.0,504,8084,2617.0,小麦,农产品,CZCE,WH0
2016-08-10,2622.0,2637.0,2613.0,2617.0,1424,8262,2623.0,小麦,农产品,CZCE,WH0
2016-08-11,2612.0,2618.0,2598.0,2600.0,1232,8656,2605.0,小麦,农产品,CZCE,WH0
2016-08-12,2610.0,2610.0,2593.0,2607.0,714,8630,2604.0,小麦,农产品,CZCE,WH0
2016-08-15,2611.0,2630.0,2602.0,2628.0,1214,8344,2621.0,小麦,农产品,CZCE,WH0
2016-08-16,2624.0,2643.0,2621.0,2629.0,1012,8316,2631.0,小麦,农产品,CZCE,WH0
2016-08-17,2627.0,2648.0,2621.0,2636.0,962,8148,2639.0,小麦,农产品,CZCE,WH0
2016-08-18,2635.0,2648.0,2634.0,2635.0,1266,8220,2644.0,小麦,农产品,CZCE,WH0
2016-08-19,2634.0,2646.0,2631.0,2638.0,1190,8566,2637.0,小麦,农产品,CZCE,WH0
2016-08-22,2639.0,2652.0,2632.0,2637.0,1052,8668,2643.0,小麦,农产品,CZCE,WH0
2016-08-23,2636.0,2641.0,2621.0,2631.0,1848,8542,2632.0,小麦,农产品,CZCE,WH0
2016-08-24,2620.0,2634.0,2620.0,2634.0,794,8380,2628.0,小麦,农产品,CZCE,WH0
2016-08-25,2635.0,2645.0,2624.0,2627.0,1068,8400,2631.0,小麦,农产品,CZCE,WH0
2016-08-26,2624.0,2631.0,2622.0,2627.0,416,8354,2626.0,小麦,农产品,CZCE,WH0
2016-08-29,2622.0,2626.0,2601.0,2602.0,1784,8640,2608.0,小麦,农产品,CZCE,WH0
2016-08-30,2601.0,2608.0,2595.0,2595.0,1152,8958,2601.0,小麦,农产品,CZCE,WH0
2016-08-31,2592.0,2605.0,2573.0,2589.0,2302,9360,2588.0,小麦,农产品,CZCE,WH0
2016-09-01,2585.0,2600.0,2585.0,2593.0,750,9586,2591.0,小麦,农产品,CZCE,WH0
2016-09-02,2597.0,2602.0,2593.0,2594.0,1028,9400,2596.0,小麦,农产品,CZCE,WH0
2016-09-05,2596.0,2609.0,2594.0,2604.0,1092,9552,2604.0,小麦,农产品,CZCE,WH0
2016-09-06,2608.0,2608.0,2599.0,2605.0,962,9600,2603.0,小麦,农产品,CZCE,WH0
2016-09-07,2608.0,2613.0,2601.0,2609.0,1478,9636,2606.0,小麦,农产品,CZCE,WH0
2016-09-08,2605.0,2619.0,2602.0,2614.0,2552,9872,2610.0,小麦,农产品,CZCE,WH0
2016-09-09,2616.0,2632.0,2607.0,2621.0,4444,9650,2621.0,小麦,农产品,CZCE,WH0
2016-09-12,2621.0,2648.0,2607.0,2641.0,4158,9604,2630.0,小麦,农产品,CZCE,WH0
2016-09-13,2641.0,2671.0,2641.0,2665.0,4540,9564,2660.0,小麦,农产品,CZCE,WH0
2016-09-14,2665.0,2677.0,2653.0,2676.0,2622,9610,2667.0,小麦,农产品,CZCE,WH0
2016-09-19,2675.0,2697.0,2675.0,2695.0,2852,10050,2690.0,小麦,农产品,CZCE,WH0
2016-09-20,2695.0,2700.0,2681.0,2693.0,1918,10208,2692.0,小麦,农产品,CZCE,WH0
2016-09-21,2689.0,2698.0,2685.0,2687.0,1698,10146,2689.0,小麦,农产品,CZCE,WH0
2016-09-22,2692.0,2720.0,2692.0,2713.0,3000,10686,2709.0,小麦,农产品,CZCE,WH0
2016-09-23,2712.0,2729.0,2709.0,2726.0,2886,11224,2722.0,小麦,农产品,CZCE,WH0
2016-09-26,2728.0,2744.0,2719.0,2738.0,2826,11676,2731.0,小麦,农产品,CZCE,WH0
2016-09-27,2732.0,2737.0,2710.0,2719.0,3040,11466,2722.0,小麦,农产品,CZCE,WH0
2016-09-28,2720.0,2722.0,2656.0,2678.0,5568,10380,2694.0,小麦,农产品,CZCE,WH0
2016-09-29,2672.0,2686.0,2660.0,2681.0,3636,9046,2670.0,小麦,农产品,CZCE,WH0
2016-09-30,2676.0,2714.0,2662.0,2701.0,2830,9316,2693.0,小麦,农产品,CZCE,WH0
2016-10-10,2732.0,2739.0,2687.0,2726.0,1844,9310,2710.0,小麦,农产品,CZCE,WH0
2016-10-11,2720.0,2740.0,2720.0,2731.0,1380,9594,2731.0,小麦,农产品,CZCE,WH0
2016-10-12,2722.0,2779.0,2722.0,2760.0,4286,10230,2762.0,小麦,农产品,CZCE,WH0
2016-10-13,2762.0,2767.0,2716.0,2760.0,3184,10916,2754.0,小麦,农产品,CZCE,WH0
2016-10-14,2768.0,2772.0,2754.0,2763.0,3252,11422,2761.0,小麦,农产品,CZCE,WH0
2016-10-17,2770.0,2780.0,2758.0,2770.0,2610,11828,2769.0,小麦,农产品,CZCE,WH0
2016-10-18,2774.0,2780.0,2760.0,2775.0,2908,11894,2769.0,小麦,农产品,CZCE,WH0
2016-10-19,2775.0,2789.0,2766.0,2782.0,1670,11724,2776.0,小麦,农产品,CZCE,WH0
2016-10-20,2784.0,2804.0,2776.0,2791.0,2764,12024,2794.0,小麦,农产品,CZCE,WH0
2016-10-21,2784.0,2795.0,2773.0,2775.0,1664,11832,2783.0,小麦,农产品,CZCE,WH0
2016-10-24,2772.0,2790.0,2770.0,2790.0,1768,11674,2780.0,小麦,农产品,CZCE,WH0
2016-10-25,2789.0,2790.0,2776.0,2781.0,1280,11502,2783.0,小麦,农产品,CZCE,WH0
2016-10-26,2774.0,2798.0,2772.0,2796.0,2024,11910,2787.0,小麦,农产品,CZCE,WH0
2016-10-27,2803.0,2803.0,2785.0,2790.0,1194,11876,2792.0,小麦,农产品,CZCE,WH0
2016-10-28,2788.0,2798.0,2785.0,2792.0,804,11860,2791.0,小麦,农产品,CZCE,WH0
2016-10-31,2788.0,2802.0,2783.0,2799.0,2620,12198,2796.0,小麦,农产品,CZCE,WH0
2016-11-01,2803.0,2832.0,2799.0,2802.0,4726,13154,2815.0,小麦,农产品,CZCE,WH0
2016-11-02,2807.0,2807.0,2791.0,2804.0,2756,12774,2797.0,小麦,农产品,CZCE,WH0
2016-11-03,2807.0,2825.0,2807.0,2809.0,2022,12924,2814.0,小麦,农产品,CZCE,WH0
2016-11-04,2803.0,2822.0,2802.0,2810.0,1650,12682,2811.0,小麦,农产品,CZCE,WH0
2016-11-07,2807.0,2818.0,2805.0,2813.0,1218,12692,2811.0,小麦,农产品,CZCE,WH0
2016-11-08,2805.0,2839.0,2805.0,2832.0,3732,14008,2823.0,小麦,农产品,CZCE,WH0
2016-11-09,2839.0,2878.0,2822.0,2870.0,3236,14046,2848.0,小麦,农产品,CZCE,WH0
2016-11-10,2855.0,2903.0,2850.0,2884.0,3508,13892,2881.0,小麦,农产品,CZCE,WH0
2016-11-11,2888.0,2917.0,2888.0,2894.0,4380,13810,2899.0,小麦,农产品,CZCE,WH0
2016-11-14,2868.0,2911.0,2821.0,2910.0,6088,13972,2880.0,小麦,农产品,CZCE,WH0
2016-11-15,2910.0,2939.0,2853.0,2868.0,7102,14388,2905.0,小麦,农产品,CZCE,WH0
2016-11-16,2889.0,2890.0,2843.0,2880.0,2552,14552,2867.0,小麦,农产品,CZCE,WH0
2016-11-17,2881.0,2904.0,2860.0,2880.0,3676,14218,2876.0,小麦,农产品,CZCE,WH0
2016-11-18,2878.0,2894.0,2869.0,2880.0,1208,14182,2880.0,小麦,农产品,CZCE,WH0
2016-11-21,2880.0,2907.0,2863.0,2901.0,2662,14060,2893.0,小麦,农产品,CZCE,WH0
2016-11-22,2910.0,2937.0,2910.0,2927.0,2354,14192,2925.0,小麦,农产品,CZCE,WH0
2016-11-23,2921.0,2937.0,2917.0,2932.0,1642,14220,2929.0,小麦,农产品,CZCE,WH0
2016-11-24,2940.0,2950.0,2930.0,2940.0,2030,14244,2939.0,小麦,农产品,CZCE,WH0
2016-11-25,2942.0,2948.0,2905.0,2935.0,2340,14332,2929.0,小麦,农产品,CZCE,WH0
2016-11-28,2933.0,2949.0,2922.0,2941.0,2622,14096,2936.0,小麦,农产品,CZCE,WH0
2016-11-29,2932.0,2944.0,2922.0,2934.0,2818,13602,2931.0,小麦,农产品,CZCE,WH0
2016-11-30,2915.0,2998.0,2914.0,2991.0,7650,14716,2960.0,小麦,农产品,CZCE,WH0
2016-12-01,2988.0,3014.0,2980.0,2996.0,2628,14700,2996.0,小麦,农产品,CZCE,WH0
2016-12-02,2986.0,3013.0,2972.0,2995.0,2720,14252,2994.0,小麦,农产品,CZCE,WH0
2016-12-05,2996.0,3010.0,2987.0,3004.0,1890,14214,2999.0,小麦,农产品,CZCE,WH0
2016-12-06,3007.0,3011.0,2982.0,2983.0,1834,13868,2999.0,小麦,农产品,CZCE,WH0
2016-12-07,2976.0,2977.0,2915.0,2950.0,5958,12962,2938.0,小麦,农产品,CZCE,WH0
2016-12-08,2942.0,2952.0,2933.0,2942.0,1004,12826,2942.0,小麦,农产品,CZCE,WH0
2016-12-09,2920.0,2952.0,2917.0,2937.0,1124,12670,2936.0,小麦,农产品,CZCE,WH0
2016-12-12,2937.0,2997.0,2924.0,2984.0,4216,11590,2957.0,小麦,农产品,CZCE,WH0
2016-12-13,2975.0,3032.0,2975.0,2982.0,5854,9416,3011.0,小麦,农产品,CZCE,WH0
2016-12-14,2961.0,3010.0,2921.0,3004.0,4066,8680,2970.0,小麦,农产品,CZCE,WH0
2016-12-15,3004.0,3080.0,2995.0,3060.0,4242,9258,3053.0,小麦,农产品,CZCE,WH0
2016-12-16,3059.0,3118.0,3059.0,3096.0,4648,9046,3101.0,小麦,农产品,CZCE,WH0
2016-12-19,3092.0,3140.0,3080.0,3095.0,2452,8506,3101.0,小麦,农产品,CZCE,WH0
2016-12-20,3087.0,3142.0,3076.0,3097.0,2670,8508,3109.0,小麦,农产品,CZCE,WH0
2016-12-21,3086.0,3100.0,3031.0,3082.0,3680,6930,3068.0,小麦,农产品,CZCE,WH0
2016-12-22,3060.0,3063.0,3042.0,3058.0,1646,9312,3051.0,小麦,农产品,CZCE,WH0
2016-12-23,3056.0,3056.0,3020.0,3039.0,3838,9294,3037.0,小麦,农产品,CZCE,WH0
2016-12-26,3021.0,3055.0,2998.0,3007.0,5142,9892,3014.0,小麦,农产品,CZCE,WH0
2016-12-27,3000.0,3008.0,2963.0,3001.0,7092,10036,2985.0,小麦,农产品,CZCE,WH0
2016-12-28,3012.0,3046.0,3012.0,3042.0,6216,11274,3035.0,小麦,农产品,CZCE,WH0
2016-12-29,3035.0,3060.0,3027.0,3050.0,4668,12182,3042.0,小麦,农产品,CZCE,WH0
2016-12-30,3041.0,3049.0,3027.0,3036.0,5480,13294,3035.0,小麦,农产品,CZCE,WH0
2017-01-03,3360.0,3360.0,3236.0,3270.0,134,4092,3274.0,小麦,农产品,CZCE,WH0
2017-01-04,2987.0,2996.0,2965.0,2992.0,6910,13792,2984.0,小麦,农产品,CZCE,WH0
2017-01-05,2994.0,3017.0,2967.0,2989.0,5954,13496,2988.0,小麦,农产品,CZCE,WH0
2017-01-06,2992.0,2995.0,2972.0,2987.0,4236,14162,2984.0,小麦,农产品,CZCE,WH0
2017-01-09,2985.0,3008.0,2985.0,3001.0,5062,14954,2997.0,小麦,农产品,CZCE,WH0
2017-01-10,3019.0,3019.0,2999.0,3011.0,3238,14460,3007.0,小麦,农产品,CZCE,WH0
2017-01-11,3014.0,3030.0,2991.0,3019.0,4812,14020,3017.0,小麦,农产品,CZCE,WH0
2017-01-12,3014.0,3023.0,2992.0,3014.0,3576,15070,3008.0,小麦,农产品,CZCE,WH0
2017-01-13,3016.0,3036.0,3009.0,3018.0,2854,14964,3023.0,小麦,农产品,CZCE,WH0
2017-01-16,3025.0,3043.0,3006.0,3028.0,4124,14860,3022.0,小麦,农产品,CZCE,WH0
2017-01-17,3028.0,3033.0,3010.0,3023.0,2912,15064,3020.0,小麦,农产品,CZCE,WH0
2017-01-18,3027.0,3031.0,3011.0,3013.0,3700,15184,3021.0,小麦,农产品,CZCE,WH0
2017-01-19,3010.0,3010.0,2986.0,2986.0,6474,14702,2995.0,小麦,农产品,CZCE,WH0
2017-01-20,2986.0,3002.0,2981.0,2991.0,5362,14556,2994.0,小麦,农产品,CZCE,WH0
2017-01-23,2991.0,2997.0,2977.0,2990.0,2214,14336,2990.0,小麦,农产品,CZCE,WH0
2017-01-24,2992.0,2997.0,2976.0,2984.0,3158,14110,2987.0,小麦,农产品,CZCE,WH0
2017-01-25,2984.0,3001.0,2977.0,2991.0,2870,13264,2992.0,小麦,农产品,CZCE,WH0
2017-01-26,2994.0,3010.0,2994.0,3006.0,2098,12780,3004.0,小麦,农产品,CZCE,WH0
2017-02-03,3014.0,3014.0,2991.0,3003.0,1686,12422,3001.0,小麦,农产品,CZCE,WH0
2017-02-06,3000.0,3008.0,2995.0,2997.0,2448,12472,2999.0,小麦,农产品,CZCE,WH0
2017-02-07,2996.0,3002.0,2978.0,3002.0,2392,12526,2992.0,小麦,农产品,CZCE,WH0
2017-02-08,3000.0,3020.0,2999.0,3015.0,2798,12636,3010.0,小麦,农产品,CZCE,WH0
2017-02-09,3016.0,3019.0,3005.0,3008.0,2050,12708,3013.0,小麦,农产品,CZCE,WH0
2017-02-10,3014.0,3019.0,3008.0,3017.0,1814,12570,3014.0,小麦,农产品,CZCE,WH0
2017-02-13,3024.0,3033.0,3011.0,3022.0,2984,12272,3021.0,小麦,农产品,CZCE,WH0
2017-02-14,3022.0,3028.0,3017.0,3025.0,2526,12720,3023.0,小麦,农产品,CZCE,WH0
2017-02-15,3021.0,3031.0,3002.0,3027.0,3934,12792,3019.0,小麦,农产品,CZCE,WH0
2017-02-16,3030.0,3060.0,3028.0,3046.0,6180,13912,3045.0,小麦,农产品,CZCE,WH0
2017-02-17,3046.0,3055.0,3034.0,3050.0,2258,13992,3046.0,小麦,农产品,CZCE,WH0
2017-02-20,3049.0,3086.0,3041.0,3083.0,4986,15072,3074.0,小麦,农产品,CZCE,WH0
2017-02-21,3084.0,3161.0,3084.0,3123.0,5794,15020,3111.0,小麦,农产品,CZCE,WH0
2017-02-22,3121.0,3152.0,3098.0,3136.0,8018,15338,3125.0,小麦,农产品,CZCE,WH0
2017-02-23,3139.0,3152.0,3121.0,3142.0,7032,16118,3141.0,小麦,农产品,CZCE,WH0
2017-02-24,3130.0,3139.0,3102.0,3117.0,8594,15222,3114.0,小麦,农产品,CZCE,WH0
2017-02-27,3121.0,3157.0,3116.0,3152.0,6796,16482,3137.0,小麦,农产品,CZCE,WH0
2017-02-28,3148.0,3169.0,3137.0,3164.0,6720,17170,3155.0,小麦,农产品,CZCE,WH0
2017-03-01,3173.0,3174.0,3147.0,3167.0,6414,17634,3160.0,小麦,农产品,CZCE,WH0
2017-03-02,3167.0,3186.0,3165.0,3173.0,4716,17818,3177.0,小麦,农产品,CZCE,WH0
2017-03-03,3161.0,3173.0,3150.0,3170.0,5160,17556,3159.0,小麦,农产品,CZCE,WH0
2017-03-06,3165.0,3174.0,3152.0,3155.0,2758,17500,3162.0,小麦,农产品,CZCE,WH0
2017-03-07,3154.0,3172.0,3134.0,3161.0,6376,17328,3152.0,小麦,农产品,CZCE,WH0
2017-03-08,3156.0,3156.0,3130.0,3134.0,6192,17530,3142.0,小麦,农产品,CZCE,WH0
2017-03-09,3126.0,3145.0,3107.0,3140.0,4748,17452,3130.0,小麦,农产品,CZCE,WH0
2017-03-10,3136.0,3141.0,3123.0,3125.0,2882,16658,3130.0,小麦,农产品,CZCE,WH0
2017-03-13,3112.0,3135.0,3111.0,3132.0,3340,16004,3123.0,小麦,农产品,CZCE,WH0
2017-03-14,3123.0,3160.0,3123.0,3141.0,4956,16358,3146.0,小麦,农产品,CZCE,WH0
2017-03-15,3126.0,3149.0,3126.0,3139.0,2906,16548,3138.0,小麦,农产品,CZCE,WH0
2017-03-16,3130.0,3163.0,3130.0,3144.0,4308,16374,3148.0,小麦,农产品,CZCE,WH0
2017-03-17,3138.0,3138.0,3075.0,3088.0,6748,15174,3107.0,小麦,农产品,CZCE,WH0
2017-03-20,3089.0,3120.0,3077.0,3110.0,6334,15948,3100.0,小麦,农产品,CZCE,WH0
2017-03-21,3109.0,3149.0,3103.0,3125.0,6126,16140,3121.0,小麦,农产品,CZCE,WH0
2017-03-22,3122.0,3130.0,3100.0,3119.0,2454,16316,3120.0,小麦,农产品,CZCE,WH0
2017-03-23,3113.0,3129.0,3107.0,3120.0,2324,16536,3121.0,小麦,农产品,CZCE,WH0
2017-03-24,3115.0,3121.0,3092.0,3108.0,3572,16450,3105.0,小麦,农产品,CZCE,WH0
2017-03-27,3101.0,3118.0,3084.0,3108.0,2614,15882,3108.0,小麦,农产品,CZCE,WH0
2017-03-28,3112.0,3117.0,3098.0,3109.0,3004,15674,3108.0,小麦,农产品,CZCE,WH0
2017-03-29,3116.0,3147.0,3105.0,3139.0,5160,16174,3125.0,小麦,农产品,CZCE,WH0
2017-03-30,3136.0,3155.0,3130.0,3141.0,3330,15774,3140.0,小麦,农产品,CZCE,WH0
2017-03-31,3142.0,3196.0,3142.0,3170.0,8266,15640,3168.0,小麦,农产品,CZCE,WH0
2017-04-05,3169.0,3237.0,3142.0,3222.0,7342,16674,3192.0,小麦,农产品,CZCE,WH0
2017-04-06,3222.0,3225.0,3076.0,3078.0,13072,15908,3145.0,小麦,农产品,CZCE,WH0
2017-04-07,3062.0,3070.0,2990.0,3021.0,14354,13524,3012.0,小麦,农产品,CZCE,WH0
2017-04-10,3010.0,3025.0,2999.0,3013.0,7142,14204,3011.0,小麦,农产品,CZCE,WH0
2017-04-11,3016.0,3070.0,3002.0,3070.0,10756,14680,3046.0,小麦,农产品,CZCE,WH0
2017-04-12,3066.0,3122.0,3048.0,3102.0,9096,14098,3081.0,小麦,农产品,CZCE,WH0
2017-04-13,3101.0,3206.0,3092.0,3173.0,17938,14612,3170.0,小麦,农产品,CZCE,WH0
2017-04-14,3190.0,3202.0,3168.0,3200.0,9756,14980,3183.0,小麦,农产品,CZCE,WH0
2017-04-17,3199.0,3220.0,3179.0,3202.0,6142,14524,3194.0,小麦,农产品,CZCE,WH0
2017-04-18,3195.0,3195.0,3083.0,3138.0,13162,12796,3135.0,小麦,农产品,CZCE,WH0
2017-04-19,3105.0,3135.0,3080.0,3093.0,6718,11390,3111.0,小麦,农产品,CZCE,WH0
2017-04-20,3087.0,3159.0,3055.0,3153.0,6350,10942,3099.0,小麦,农产品,CZCE,WH0
2017-04-21,3146.0,3163.0,3126.0,3154.0,4522,10334,3144.0,小麦,农产品,CZCE,WH0
2017-04-24,3142.0,3159.0,3125.0,3134.0,3664,9510,3140.0,小麦,农产品,CZCE,WH0
2017-04-25,3133.0,3144.0,3070.0,3082.0,5460,7424,3091.0,小麦,农产品,CZCE,WH0
2017-04-26,2646.0,2655.0,2633.0,2651.0,1530,9666,2643.0,小麦,农产品,CZCE,WH0
2017-04-27,2645.0,2655.0,2639.0,2645.0,1102,9578,2648.0,小麦,农产品,CZCE,WH0
2017-04-28,2641.0,2641.0,2571.0,2586.0,7794,10612,2602.0,小麦,农产品,CZCE,WH0
2017-05-02,2601.0,2612.0,2574.0,2590.0,7280,11032,2592.0,小麦,农产品,CZCE,WH0
2017-05-03,2588.0,2598.0,2583.0,2589.0,3866,11766,2591.0,小麦,农产品,CZCE,WH0
2017-05-04,2590.0,2595.0,2566.0,2579.0,3562,11722,2584.0,小麦,农产品,CZCE,WH0
2017-05-05,2571.0,2576.0,2555.0,2568.0,3132,11654,2564.0,小麦,农产品,CZCE,WH0
2017-05-08,2579.0,2589.0,2563.0,2572.0,2720,11856,2577.0,小麦,农产品,CZCE,WH0
2017-05-09,2577.0,2584.0,2567.0,2576.0,2368,11988,2575.0,小麦,农产品,CZCE,WH0
2017-05-10,2576.0,2582.0,2565.0,2570.0,2494,12024,2570.0,小麦,农产品,CZCE,WH0
2017-05-11,2565.0,2575.0,2555.0,2556.0,3754,12124,2566.0,小麦,农产品,CZCE,WH0
2017-05-12,2556.0,2589.0,2556.0,2578.0,3336,11354,2574.0,小麦,农产品,CZCE,WH0
2017-05-15,2577.0,2588.0,2571.0,2574.0,2180,11490,2579.0,小麦,农产品,CZCE,WH0
2017-05-16,2573.0,2583.0,2568.0,2578.0,1464,11330,2572.0,小麦,农产品,CZCE,WH0
2017-05-17,2579.0,2595.0,2575.0,2583.0,2670,11182,2585.0,小麦,农产品,CZCE,WH0
2017-05-18,2585.0,2595.0,2570.0,2579.0,2604,11202,2577.0,小麦,农产品,CZCE,WH0
2017-05-19,2586.0,2588.0,2581.0,2583.0,1166,10954,2584.0,小麦,农产品,CZCE,WH0
2017-05-22,2583.0,2588.0,2579.0,2581.0,1758,10448,2584.0,小麦,农产品,CZCE,WH0
2017-05-23,2580.0,2618.0,2572.0,2610.0,4948,10338,2601.0,小麦,农产品,CZCE,WH0
2017-05-24,2610.0,2619.0,2597.0,2603.0,2046,10148,2605.0,小麦,农产品,CZCE,WH0
2017-05-25,2597.0,2627.0,2597.0,2614.0,1582,10136,2613.0,小麦,农产品,CZCE,WH0
2017-05-26,2620.0,2624.0,2604.0,2610.0,1704,9784,2614.0,小麦,农产品,CZCE,WH0
2017-05-31,2600.0,2614.0,2581.0,2585.0,1906,9678,2596.0,小麦,农产品,CZCE,WH0
2017-06-01,2589.0,2608.0,2582.0,2600.0,1740,9758,2600.0,小麦,农产品,CZCE,WH0
2017-06-02,2598.0,2612.0,2593.0,2608.0,1954,9096,2604.0,小麦,农产品,CZCE,WH0
2017-06-05,2615.0,2637.0,2604.0,2604.0,2022,9190,2615.0,小麦,农产品,CZCE,WH0
2017-06-06,2604.0,2604.0,2594.0,2599.0,1508,9316,2598.0,小麦,农产品,CZCE,WH0
2017-06-07,2604.0,2613.0,2602.0,2605.0,1434,9302,2608.0,小麦,农产品,CZCE,WH0
2017-06-08,2604.0,2615.0,2597.0,2608.0,1592,9156,2606.0,小麦,农产品,CZCE,WH0
2017-06-09,2610.0,2626.0,2604.0,2610.0,1320,9120,2610.0,小麦,农产品,CZCE,WH0
2017-06-12,2615.0,2617.0,2605.0,2609.0,1370,9102,2610.0,小麦,农产品,CZCE,WH0
2017-06-13,2609.0,2612.0,2593.0,2595.0,2186,8854,2601.0,小麦,农产品,CZCE,WH0
2017-06-14,2602.0,2609.0,2591.0,2598.0,2234,8924,2600.0,小麦,农产品,CZCE,WH0
2017-06-15,2597.0,2604.0,2588.0,2590.0,3058,7888,2597.0,小麦,农产品,CZCE,WH0
2017-06-16,2598.0,2599.0,2583.0,2590.0,2802,6794,2591.0,小麦,农产品,CZCE,WH0
2017-06-19,2591.0,2591.0,2561.0,2565.0,4564,5992,2570.0,小麦,农产品,CZCE,WH0
2017-06-20,2565.0,2577.0,2558.0,2567.0,2012,6020,2566.0,小麦,农产品,CZCE,WH0
2017-06-21,2570.0,2579.0,2567.0,2574.0,1108,5748,2573.0,小麦,农产品,CZCE,WH0
2017-06-22,2571.0,2584.0,2566.0,2568.0,1606,5232,2572.0,小麦,农产品,CZCE,WH0
2017-06-23,2568.0,2575.0,2562.0,2568.0,1204,5070,2569.0,小麦,农产品,CZCE,WH0
2017-06-26,2567.0,2578.0,2562.0,2568.0,1724,4284,2569.0,小麦,农产品,CZCE,WH0
2017-06-27,2570.0,2577.0,2566.0,2575.0,670,4032,2572.0,小麦,农产品,CZCE,WH0
2017-06-28,2579.0,2580.0,2561.0,2567.0,1142,3648,2569.0,小麦,农产品,CZCE,WH0
2017-06-29,2570.0,2580.0,2563.0,2571.0,776,3400,2573.0,小麦,农产品,CZCE,WH0
2017-06-30,2582.0,2605.0,2570.0,2573.0,1882,3410,2582.0,小麦,农产品,CZCE,WH0
2017-07-03,2593.0,2603.0,2581.0,2587.0,1704,3464,2593.0,小麦,农产品,CZCE,WH0
2017-07-04,2586.0,2593.0,2579.0,2581.0,986,3404,2586.0,小麦,农产品,CZCE,WH0
2017-07-05,2584.0,2586.0,2581.0,2581.0,466,3324,2583.0,小麦,农产品,CZCE,WH0
2017-07-06,2581.0,2593.0,2571.0,2587.0,500,3190,2579.0,小麦,农产品,CZCE,WH0
2017-07-07,2585.0,2589.0,2563.0,2571.0,1106,3142,2576.0,小麦,农产品,CZCE,WH0
2017-07-10,2635.0,2639.0,2624.0,2625.0,618,3416,2633.0,小麦,农产品,CZCE,WH0
2017-07-11,2631.0,2637.0,2617.0,2630.0,664,3624,2630.0,小麦,农产品,CZCE,WH0
2017-07-12,2634.0,2645.0,2630.0,2634.0,1010,3876,2637.0,小麦,农产品,CZCE,WH0
2017-07-13,2636.0,2654.0,2631.0,2649.0,1206,4126,2644.0,小麦,农产品,CZCE,WH0
2017-07-14,2644.0,2655.0,2642.0,2645.0,1082,4194,2646.0,小麦,农产品,CZCE,WH0
2017-07-17,2652.0,2673.0,2645.0,2662.0,1884,4846,2659.0,小麦,农产品,CZCE,WH0
2017-07-18,2669.0,2674.0,2653.0,2664.0,1284,5014,2663.0,小麦,农产品,CZCE,WH0
2017-07-19,2654.0,2705.0,2654.0,2693.0,3546,5938,2689.0,小麦,农产品,CZCE,WH0
2017-07-20,2707.0,2724.0,2694.0,2719.0,1956,6172,2714.0,小麦,农产品,CZCE,WH0
2017-07-21,2720.0,2736.0,2706.0,2717.0,2174,6578,2719.0,小麦,农产品,CZCE,WH0
2017-07-24,2709.0,2734.0,2701.0,2717.0,1514,6874,2723.0,小麦,农产品,CZCE,WH0
2017-07-25,2718.0,2727.0,2691.0,2697.0,1494,6946,2711.0,小麦,农产品,CZCE,WH0
2017-07-26,2702.0,2720.0,2695.0,2705.0,1864,7150,2707.0,小麦,农产品,CZCE,WH0
2017-07-27,2701.0,2711.0,2693.0,2698.0,892,7160,2699.0,小麦,农产品,CZCE,WH0
2017-07-28,2698.0,2698.0,2656.0,2668.0,1892,6932,2676.0,小麦,农产品,CZCE,WH0
2017-07-31,2662.0,2677.0,2645.0,2651.0,2694,6276,2655.0,小麦,农产品,CZCE,WH0
2017-08-01,2651.0,2663.0,2651.0,2659.0,1534,6296,2657.0,小麦,农产品,CZCE,WH0
2017-08-02,2657.0,2670.0,2655.0,2659.0,990,6188,2661.0,小麦,农产品,CZCE,WH0
2017-08-03,2659.0,2663.0,2651.0,2656.0,920,5954,2657.0,小麦,农产品,CZCE,WH0
2017-08-04,2653.0,2675.0,2653.0,2672.0,774,6020,2667.0,小麦,农产品,CZCE,WH0
2017-08-07,2676.0,2686.0,2668.0,2678.0,1074,6282,2678.0,小麦,农产品,CZCE,WH0
2017-08-08,2684.0,2698.0,2679.0,2698.0,1372,6582,2687.0,小麦,农产品,CZCE,WH0
2017-08-09,2693.0,2702.0,2685.0,2699.0,1594,6858,2694.0,小麦,农产品,CZCE,WH0
2017-08-10,2698.0,2708.0,2692.0,2697.0,1322,6696,2700.0,小麦,农产品,CZCE,WH0
2017-08-11,2691.0,2708.0,2670.0,2688.0,1638,6414,2691.0,小麦,农产品,CZCE,WH0
2017-08-14,2694.0,2710.0,2686.0,2708.0,880,6462,2702.0,小麦,农产品,CZCE,WH0
2017-08-15,2711.0,2718.0,2692.0,2702.0,906,6496,2708.0,小麦,农产品,CZCE,WH0
2017-08-16,2750.0,2750.0,2694.0,2696.0,1124,6480,2715.0,小麦,农产品,CZCE,WH0
2017-08-17,2701.0,2715.0,2694.0,2704.0,934,6506,2707.0,小麦,农产品,CZCE,WH0
2017-08-18,2708.0,2708.0,2675.0,2685.0,1216,6446,2692.0,小麦,农产品,CZCE,WH0
2017-08-21,2691.0,2697.0,2680.0,2685.0,1138,6514,2689.0,小麦,农产品,CZCE,WH0
2017-08-22,2682.0,2718.0,2682.0,2705.0,982,6462,2697.0,小麦,农产品,CZCE,WH0
2017-08-23,2709.0,2713.0,2697.0,2697.0,896,6410,2702.0,小麦,农产品,CZCE,WH0
2017-08-24,2699.0,2707.0,2695.0,2697.0,614,6274,2700.0,小麦,农产品,CZCE,WH0
2017-08-25,2701.0,2704.0,2690.0,2693.0,862,6352,2694.0,小麦,农产品,CZCE,WH0
2017-08-28,2697.0,2718.0,2690.0,2715.0,1540,6378,2707.0,小麦,农产品,CZCE,WH0
2017-08-29,2712.0,2728.0,2708.0,2712.0,1418,6290,2717.0,小麦,农产品,CZCE,WH0
2017-08-30,2714.0,2718.0,2681.0,2718.0,1482,6272,2705.0,小麦,农产品,CZCE,WH0
2017-08-31,2711.0,2731.0,2706.0,2725.0,1320,6474,2722.0,小麦,农产品,CZCE,WH0
2017-09-01,2730.0,2746.0,2714.0,2717.0,1854,6662,2727.0,小麦,农产品,CZCE,WH0
2017-09-04,2715.0,2734.0,2707.0,2728.0,1018,6656,2725.0,小麦,农产品,CZCE,WH0
2017-09-05,2731.0,2732.0,2720.0,2731.0,668,6710,2727.0,小麦,农产品,CZCE,WH0
2017-09-06,2733.0,2741.0,2723.0,2738.0,1122,6994,2735.0,小麦,农产品,CZCE,WH0
2017-09-07,2738.0,2755.0,2732.0,2735.0,2092,7558,2744.0,小麦,农产品,CZCE,WH0
2017-09-08,2730.0,2737.0,2721.0,2729.0,1568,7390,2729.0,小麦,农产品,CZCE,WH0
2017-09-11,2721.0,2735.0,2713.0,2713.0,914,7210,2722.0,小麦,农产品,CZCE,WH0
2017-09-12,2708.0,2718.0,2705.0,2711.0,1076,7076,2710.0,小麦,农产品,CZCE,WH0
2017-09-13,2709.0,2711.0,2690.0,2702.0,1308,6922,2699.0,小麦,农产品,CZCE,WH0
2017-09-14,2702.0,2710.0,2661.0,2669.0,2454,6972,2686.0,小麦,农产品,CZCE,WH0
2017-09-15,2670.0,2681.0,2669.0,2677.0,1826,6542,2676.0,小麦,农产品,CZCE,WH0
2017-09-18,2680.0,2682.0,2667.0,2669.0,720,6676,2674.0,小麦,农产品,CZCE,WH0
2017-09-19,2667.0,2667.0,2636.0,2636.0,2054,6680,2651.0,小麦,农产品,CZCE,WH0
2017-09-20,2639.0,2642.0,2620.0,2634.0,1670,6536,2632.0,小麦,农产品,CZCE,WH0
2017-09-21,2642.0,2642.0,2608.0,2617.0,2032,6538,2623.0,小麦,农产品,CZCE,WH0
2017-09-22,2617.0,2629.0,2615.0,2622.0,1118,6754,2623.0,小麦,农产品,CZCE,WH0
2017-09-25,2625.0,2646.0,2624.0,2641.0,1134,6882,2638.0,小麦,农产品,CZCE,WH0
2017-09-26,2643.0,2652.0,2606.0,2615.0,3200,7372,2617.0,小麦,农产品,CZCE,WH0
2017-09-27,2615.0,2637.0,2611.0,2628.0,1320,7126,2625.0,小麦,农产品,CZCE,WH0
2017-09-28,2628.0,2633.0,2614.0,2629.0,1394,7206,2625.0,小麦,农产品,CZCE,WH0
2017-09-29,2627.0,2637.0,2618.0,2622.0,1274,7154,2629.0,小麦,农产品,CZCE,WH0
2017-10-10,2619.0,2627.0,2615.0,2626.0,632,7260,2623.0,小麦,农产品,CZCE,WH0
2017-10-11,2625.0,2647.0,2621.0,2622.0,1230,7334,2634.0,小麦,农产品,CZCE,WH0
2017-10-12,2623.0,2633.0,2610.0,2622.0,650,7428,2622.0,小麦,农产品,CZCE,WH0
2017-10-13,2625.0,2630.0,2621.0,2625.0,590,7488,2627.0,小麦,农产品,CZCE,WH0
2017-10-16,2627.0,2646.0,2626.0,2636.0,716,7434,2634.0,小麦,农产品,CZCE,WH0
2017-10-17,2630.0,2630.0,2606.0,2619.0,1104,7724,2618.0,小麦,农产品,CZCE,WH0
2017-10-18,2617.0,2637.0,2615.0,2630.0,718,7512,2628.0,小麦,农产品,CZCE,WH0
2017-10-19,2632.0,2640.0,2610.0,2614.0,812,7488,2625.0,小麦,农产品,CZCE,WH0
2017-10-20,2620.0,2627.0,2616.0,2618.0,426,7552,2621.0,小麦,农产品,CZCE,WH0
2017-10-23,2617.0,2625.0,2615.0,2621.0,442,7446,2619.0,小麦,农产品,CZCE,WH0
2017-10-24,2627.0,2643.0,2622.0,2622.0,924,7244,2634.0,小麦,农产品,CZCE,WH0
2017-10-25,2627.0,2648.0,2623.0,2646.0,846,6998,2637.0,小麦,农产品,CZCE,WH0
2017-10-26,2650.0,2664.0,2640.0,2646.0,1286,6792,2649.0,小麦,农产品,CZCE,WH0
2017-10-27,2642.0,2650.0,2617.0,2626.0,964,6672,2637.0,小麦,农产品,CZCE,WH0
2017-10-30,2636.0,2638.0,2624.0,2632.0,410,6706,2632.0,小麦,农产品,CZCE,WH0
2017-10-31,2635.0,2638.0,2627.0,2632.0,338,6626,2634.0,小麦,农产品,CZCE,WH0
2017-11-01,2631.0,2641.0,2620.0,2627.0,544,6586,2628.0,小麦,农产品,CZCE,WH0
2017-11-02,2628.0,2637.0,2627.0,2635.0,494,6630,2633.0,小麦,农产品,CZCE,WH0
2017-11-03,2636.0,2640.0,2626.0,2634.0,664,6730,2634.0,小麦,农产品,CZCE,WH0
2017-11-06,2637.0,2645.0,2633.0,2645.0,690,6726,2640.0,小麦,农产品,CZCE,WH0
2017-11-07,2645.0,2645.0,2630.0,2641.0,816,6798,2639.0,小麦,农产品,CZCE,WH0
2017-11-08,2647.0,2660.0,2638.0,2642.0,716,6746,2645.0,小麦,农产品,CZCE,WH0
2017-11-09,2642.0,2658.0,2639.0,2643.0,1254,6088,2645.0,小麦,农产品,CZCE,WH0
2017-11-10,2640.0,2649.0,2633.0,2643.0,708,5928,2642.0,小麦,农产品,CZCE,WH0
2017-11-13,2639.0,2650.0,2637.0,2647.0,458,5896,2646.0,小麦,农产品,CZCE,WH0
2017-11-14,2643.0,2658.0,2638.0,2657.0,750,5818,2650.0,小麦,农产品,CZCE,WH0
2017-11-15,2656.0,2675.0,2644.0,2666.0,1788,6012,2660.0,小麦,农产品,CZCE,WH0
2017-11-16,2662.0,2680.0,2653.0,2653.0,1228,5928,2665.0,小麦,农产品,CZCE,WH0
2017-11-17,2660.0,2660.0,2635.0,2645.0,1000,5540,2647.0,小麦,农产品,CZCE,WH0
2017-11-20,2646.0,2657.0,2640.0,2647.0,1224,5206,2645.0,小麦,农产品,CZCE,WH0
2017-11-21,2646.0,2652.0,2618.0,2621.0,1494,4962,2629.0,小麦,农产品,CZCE,WH0
2017-11-22,2618.0,2634.0,2606.0,2630.0,1598,4632,2621.0,小麦,农产品,CZCE,WH0
2017-11-23,2630.0,2634.0,2609.0,2611.0,1152,4986,2619.0,小麦,农产品,CZCE,WH0
2017-11-24,2610.0,2616.0,2601.0,2605.0,598,5024,2608.0,小麦,农产品,CZCE,WH0
2017-11-27,2606.0,2615.0,2565.0,2565.0,1826,5054,2584.0,小麦,农产品,CZCE,WH0
2017-11-28,2565.0,2580.0,2564.0,2580.0,690,4922,2572.0,小麦,农产品,CZCE,WH0
2017-11-29,2589.0,2590.0,2568.0,2568.0,722,5028,2576.0,小麦,农产品,CZCE,WH0
2017-11-30,2576.0,2578.0,2539.0,2544.0,1284,4864,2553.0,小麦,农产品,CZCE,WH0
2017-12-01,2544.0,2571.0,2524.0,2570.0,1198,4538,2548.0,小麦,农产品,CZCE,WH0
2017-12-04,2570.0,2583.0,2557.0,2579.0,566,4332,2573.0,小麦,农产品,CZCE,WH0
2017-12-05,2584.0,2597.0,2568.0,2593.0,918,3986,2587.0,小麦,农产品,CZCE,WH0
2017-12-06,2601.0,2606.0,2556.0,2563.0,662,3930,2584.0,小麦,农产品,CZCE,WH0
2017-12-07,2563.0,2563.0,2522.0,2528.0,636,3810,2542.0,小麦,农产品,CZCE,WH0
2017-12-08,2541.0,2555.0,2526.0,2529.0,572,3776,2537.0,小麦,农产品,CZCE,WH0
2017-12-11,2529.0,2541.0,2527.0,2530.0,400,3612,2531.0,小麦,农产品,CZCE,WH0
2017-12-12,2530.0,2554.0,2528.0,2530.0,430,3508,2537.0,小麦,农产品,CZCE,WH0
2017-12-13,2537.0,2550.0,2532.0,2548.0,376,3358,2543.0,小麦,农产品,CZCE,WH0
2017-12-14,2549.0,2562.0,2539.0,2560.0,560,3172,2551.0,小麦,农产品,CZCE,WH0
2017-12-15,2554.0,2561.0,2545.0,2557.0,310,3142,2552.0,小麦,农产品,CZCE,WH0
2017-12-18,2557.0,2558.0,2530.0,2555.0,614,2774,2544.0,小麦,农产品,CZCE,WH0
2017-12-19,2555.0,2560.0,2532.0,2532.0,270,2758,2544.0,小麦,农产品,CZCE,WH0
2017-12-20,2532.0,2544.0,2528.0,2530.0,354,2674,2533.0,小麦,农产品,CZCE,WH0
2017-12-21,2530.0,2544.0,2530.0,2542.0,326,2612,2538.0,小麦,农产品,CZCE,WH0
2017-12-22,2542.0,2579.0,2526.0,2545.0,1188,2102,2554.0,小麦,农产品,CZCE,WH0
2017-12-25,2545.0,2553.0,2530.0,2540.0,376,1936,2542.0,小麦,农产品,CZCE,WH0
2017-12-26,2540.0,2545.0,2532.0,2544.0,616,1672,2538.0,小麦,农产品,CZCE,WH0
2017-12-27,2541.0,2553.0,2532.0,2532.0,280,1544,2542.0,小麦,农产品,CZCE,WH0
2017-12-28,2614.0,2624.0,2568.0,2575.0,424,1714,2596.0,小麦,农产品,CZCE,WH0
2017-12-29,2575.0,2580.0,2561.0,2578.0,386,1892,2570.0,小麦,农产品,CZCE,WH0
2018-01-02,2585.0,2606.0,2579.0,2598.0,524,1856,2591.0,小麦,农产品,CZCE,WH0
2018-01-03,2607.0,2658.0,2584.0,2625.0,1082,2054,2635.0,小麦,农产品,CZCE,WH0
2018-01-04,2633.0,2658.0,2632.0,2643.0,686,1930,2646.0,小麦,农产品,CZCE,WH0
2018-01-05,2650.0,2656.0,2635.0,2645.0,348,1846,2647.0,小麦,农产品,CZCE,WH0
2018-01-08,2637.0,2656.0,2633.0,2635.0,172,1826,2635.0,小麦,农产品,CZCE,WH0
2018-01-09,2637.0,2643.0,2606.0,2608.0,530,1984,2618.0,小麦,农产品,CZCE,WH0
2018-01-10,2608.0,2619.0,2605.0,2610.0,220,2036,2611.0,小麦,农产品,CZCE,WH0
2018-01-11,2608.0,2619.0,2599.0,2599.0,256,2034,2602.0,小麦,农产品,CZCE,WH0
2018-01-12,2599.0,2608.0,2598.0,2600.0,204,2036,2603.0,小麦,农产品,CZCE,WH0
2018-01-15,2605.0,2605.0,2588.0,2595.0,260,2008,2593.0,小麦,农产品,CZCE,WH0
2018-01-16,2592.0,2612.0,2588.0,2611.0,218,1962,2598.0,小麦,农产品,CZCE,WH0
2018-01-17,2614.0,2632.0,2610.0,2630.0,260,1926,2621.0,小麦,农产品,CZCE,WH0
2018-01-18,2625.0,2625.0,2603.0,2604.0,256,1964,2617.0,小麦,农产品,CZCE,WH0
2018-01-19,2609.0,2613.0,2590.0,2594.0,234,1950,2597.0,小麦,农产品,CZCE,WH0
2018-01-22,2606.0,2620.0,2595.0,2618.0,236,1906,2612.0,小麦,农产品,CZCE,WH0
2018-01-23,2620.0,2627.0,2609.0,2609.0,100,1892,2617.0,小麦,农产品,CZCE,WH0
2018-01-24,2611.0,2611.0,2596.0,2601.0,198,1878,2601.0,小麦,农产品,CZCE,WH0
2018-01-25,2608.0,2613.0,2602.0,2606.0,74,1874,2607.0,小麦,农产品,CZCE,WH0
2018-01-26,2609.0,2617.0,2593.0,2611.0,312,1832,2600.0,小麦,农产品,CZCE,WH0
2018-01-29,2610.0,2625.0,2591.0,2600.0,350,1862,2609.0,小麦,农产品,CZCE,WH0
2018-01-30,2600.0,2623.0,2600.0,2610.0,266,1846,2611.0,小麦,农产品,CZCE,WH0
2018-01-31,2619.0,2620.0,2602.0,2605.0,172,1798,2610.0,小麦,农产品,CZCE,WH0
2018-02-01,2601.0,2620.0,2588.0,2601.0,340,1738,2600.0,小麦,农产品,CZCE,WH0
2018-02-02,2601.0,2609.0,2595.0,2599.0,134,1702,2602.0,小麦,农产品,CZCE,WH0
2018-02-05,2605.0,2638.0,2605.0,2634.0,358,1606,2611.0,小麦,农产品,CZCE,WH0
2018-02-06,2628.0,2643.0,2616.0,2623.0,168,1616,2627.0,小麦,农产品,CZCE,WH0
2018-02-07,2633.0,2638.0,2626.0,2631.0,304,1672,2631.0,小麦,农产品,CZCE,WH0
2018-02-08,2630.0,2651.0,2603.0,2623.0,518,1706,2626.0,小麦,农产品,CZCE,WH0
2018-02-09,2606.0,2625.0,2606.0,2615.0,140,1644,2616.0,小麦,农产品,CZCE,WH0
2018-02-12,2608.0,2625.0,2592.0,2593.0,438,1688,2602.0,小麦,农产品,CZCE,WH0
2018-02-13,2599.0,2610.0,2583.0,2587.0,376,1840,2593.0,小麦,农产品,CZCE,WH0
2018-02-14,2585.0,2597.0,2582.0,2588.0,148,1864,2589.0,小麦,农产品,CZCE,WH0
2018-02-22,2586.0,2599.0,2582.0,2599.0,164,1860,2588.0,小麦,农产品,CZCE,WH0
2018-02-23,2595.0,2650.0,2582.0,2635.0,614,1744,2627.0,小麦,农产品,CZCE,WH0
2018-02-26,2641.0,2644.0,2625.0,2635.0,350,1756,2633.0,小麦,农产品,CZCE,WH0
2018-02-27,2633.0,2633.0,2625.0,2629.0,106,1798,2628.0,小麦,农产品,CZCE,WH0
2018-02-28,2626.0,2650.0,2625.0,2632.0,420,1880,2636.0,小麦,农产品,CZCE,WH0
2018-03-01,2632.0,2644.0,2627.0,2638.0,460,1976,2638.0,小麦,农产品,CZCE,WH0
2018-03-02,2645.0,2696.0,2638.0,2656.0,1768,2244,2669.0,小麦,农产品,CZCE,WH0
2018-03-05,2657.0,2671.0,2651.0,2660.0,738,2324,2663.0,小麦,农产品,CZCE,WH0
2018-03-06,2660.0,2670.0,2579.0,2606.0,1040,2152,2621.0,小麦,农产品,CZCE,WH0
2018-03-07,2605.0,2609.0,2572.0,2595.0,1142,1926,2589.0,小麦,农产品,CZCE,WH0
2018-03-08,2600.0,2600.0,2576.0,2581.0,390,1966,2586.0,小麦,农产品,CZCE,WH0
2018-03-09,2579.0,2603.0,2576.0,2591.0,838,1938,2585.0,小麦,农产品,CZCE,WH0
2018-03-12,2592.0,2604.0,2584.0,2588.0,370,1920,2595.0,小麦,农产品,CZCE,WH0
2018-03-13,2592.0,2595.0,2583.0,2587.0,136,1890,2589.0,小麦,农产品,CZCE,WH0
2018-03-14,2590.0,2596.0,2583.0,2584.0,102,1884,2590.0,小麦,农产品,CZCE,WH0
2018-03-15,2588.0,2596.0,2580.0,2588.0,286,1870,2587.0,小麦,农产品,CZCE,WH0
2018-03-16,2590.0,2597.0,2580.0,2590.0,218,1848,2591.0,小麦,农产品,CZCE,WH0
2018-03-19,2584.0,2584.0,2564.0,2578.0,288,1788,2575.0,小麦,农产品,CZCE,WH0
2018-03-20,2578.0,2591.0,2570.0,2591.0,306,1640,2576.0,小麦,农产品,CZCE,WH0
2018-03-21,2592.0,2595.0,2584.0,2585.0,228,1572,2591.0,小麦,农产品,CZCE,WH0
2018-03-22,2584.0,2595.0,2584.0,2590.0,98,1548,2588.0,小麦,农产品,CZCE,WH0
2018-03-23,2584.0,2594.0,2544.0,2544.0,416,1478,2574.0,小麦,农产品,CZCE,WH0
2018-03-26,2535.0,2568.0,2516.0,2540.0,584,1490,2543.0,小麦,农产品,CZCE,WH0
2018-03-27,2535.0,2542.0,2521.0,2521.0,364,1574,2530.0,小麦,农产品,CZCE,WH0
2018-03-28,2521.0,2524.0,2498.0,2515.0,340,1580,2517.0,小麦,农产品,CZCE,WH0
2018-03-29,2508.0,2527.0,2496.0,2499.0,254,1570,2507.0,小麦,农产品,CZCE,WH0
2018-03-30,2490.0,2531.0,2487.0,2529.0,150,1538,2508.0,小麦,农产品,CZCE,WH0
2018-04-02,2541.0,2569.0,2487.0,2548.0,342,1430,2550.0,小麦,农产品,CZCE,WH0
2018-04-03,2553.0,2611.0,2548.0,2582.0,450,1292,2583.0,小麦,农产品,CZCE,WH0
2018-04-04,2591.0,2605.0,2576.0,2584.0,240,1200,2597.0,小麦,农产品,CZCE,WH0
2018-04-09,2601.0,2628.0,2582.0,2586.0,352,1148,2604.0,小麦,农产品,CZCE,WH0
2018-04-10,2600.0,2604.0,2587.0,2599.0,148,1112,2599.0,小麦,农产品,CZCE,WH0
2018-04-11,2593.0,2593.0,2561.0,2572.0,138,1066,2574.0,小麦,农产品,CZCE,WH0
2018-04-12,2584.0,2588.0,2535.0,2538.0,184,1070,2560.0,小麦,农产品,CZCE,WH0
2018-04-13,2556.0,2574.0,2540.0,2560.0,152,1042,2556.0,小麦,农产品,CZCE,WH0
2018-04-16,2526.0,2526.0,2505.0,2515.0,118,1728,2513.0,小麦,农产品,CZCE,WH0
2018-04-17,2520.0,2526.0,2505.0,2508.0,246,1834,2520.0,小麦,农产品,CZCE,WH0
2018-04-18,2508.0,2510.0,2490.0,2492.0,246,1918,2496.0,小麦,农产品,CZCE,WH0
2018-04-19,2487.0,2495.0,2481.0,2488.0,160,1948,2489.0,小麦,农产品,CZCE,WH0
2018-04-20,2491.0,2510.0,2482.0,2500.0,160,1916,2490.0,小麦,农产品,CZCE,WH0
2018-04-23,2506.0,2530.0,2496.0,2506.0,762,2052,2521.0,小麦,农产品,CZCE,WH0
2018-04-24,2501.0,2515.0,2491.0,2503.0,310,2044,2501.0,小麦,农产品,CZCE,WH0
2018-04-25,2503.0,2503.0,2493.0,2496.0,338,2226,2498.0,小麦,农产品,CZCE,WH0
2018-04-26,2493.0,2498.0,2478.0,2479.0,462,2314,2487.0,小麦,农产品,CZCE,WH0
2018-04-27,2471.0,2525.0,2456.0,2488.0,1130,2446,2499.0,小麦,农产品,CZCE,WH0
2018-05-02,2500.0,2522.0,2494.0,2517.0,1880,3304,2514.0,小麦,农产品,CZCE,WH0
2018-05-03,2526.0,2539.0,2507.0,2515.0,1318,3876,2520.0,小麦,农产品,CZCE,WH0
2018-05-04,2513.0,2525.0,2513.0,2517.0,538,3894,2519.0,小麦,农产品,CZCE,WH0
2018-05-07,2520.0,2521.0,2508.0,2513.0,608,3526,2514.0,小麦,农产品,CZCE,WH0
2018-05-08,2508.0,2508.0,2482.0,2493.0,498,3468,2493.0,小麦,农产品,CZCE,WH0
2018-05-09,2485.0,2491.0,2481.0,2487.0,540,3398,2484.0,小麦,农产品,CZCE,WH0
2018-05-10,2484.0,2600.0,2484.0,2541.0,5178,4950,2546.0,小麦,农产品,CZCE,WH0
2018-05-11,2551.0,2551.0,2506.0,2510.0,1622,5474,2522.0,小麦,农产品,CZCE,WH0
2018-05-14,2506.0,2508.0,2483.0,2484.0,1744,5906,2496.0,小麦,农产品,CZCE,WH0
2018-05-15,2489.0,2495.0,2480.0,2487.0,374,5772,2487.0,小麦,农产品,CZCE,WH0
2018-05-16,2490.0,2526.0,2482.0,2508.0,1500,5722,2507.0,小麦,农产品,CZCE,WH0
2018-05-17,2517.0,2517.0,2489.0,2494.0,768,5718,2496.0,小麦,农产品,CZCE,WH0
2018-05-18,2494.0,2509.0,2491.0,2492.0,546,5666,2498.0,小麦,农产品,CZCE,WH0
2018-05-21,2499.0,2592.0,2499.0,2573.0,4654,5604,2552.0,小麦,农产品,CZCE,WH0
2018-05-22,2563.0,2580.0,2539.0,2558.0,1894,6008,2563.0,小麦,农产品,CZCE,WH0
2018-05-23,2566.0,2590.0,2547.0,2561.0,1320,6012,2562.0,小麦,农产品,CZCE,WH0
2018-05-24,2580.0,2580.0,2553.0,2561.0,2400,6754,2565.0,小麦,农产品,CZCE,WH0
2018-05-25,2569.0,2569.0,2543.0,2550.0,1546,6926,2552.0,小麦,农产品,CZCE,WH0
2018-05-28,2548.0,2548.0,2523.0,2526.0,2038,7406,2534.0,小麦,农产品,CZCE,WH0
2018-05-29,2527.0,2544.0,2526.0,2542.0,1090,7506,2537.0,小麦,农产品,CZCE,WH0
2018-05-30,2540.0,2545.0,2528.0,2528.0,838,7428,2538.0,小麦,农产品,CZCE,WH0
2018-05-31,2526.0,2574.0,2513.0,2553.0,2736,7854,2554.0,小麦,农产品,CZCE,WH0
2018-06-01,2560.0,2588.0,2544.0,2574.0,2302,8298,2574.0,小麦,农产品,CZCE,WH0
2018-06-04,2581.0,2660.0,2581.0,2631.0,7136,9856,2620.0,小麦,农产品,CZCE,WH0
2018-06-05,2632.0,2641.0,2611.0,2626.0,6090,10068,2626.0,小麦,农产品,CZCE,WH0
2018-06-06,2628.0,2628.0,2613.0,2625.0,1180,10226,2620.0,小麦,农产品,CZCE,WH0
2018-06-07,2625.0,2643.0,2620.0,2625.0,1896,10326,2631.0,小麦,农产品,CZCE,WH0
2018-06-08,2621.0,2633.0,2590.0,2591.0,2334,9712,2607.0,小麦,农产品,CZCE,WH0
2018-06-11,2610.0,2656.0,2610.0,2616.0,5006,9456,2636.0,小麦,农产品,CZCE,WH0
2018-06-12,2610.0,2638.0,2553.0,2638.0,2794,9070,2599.0,小麦,农产品,CZCE,WH0
2018-06-13,2638.0,2643.0,2585.0,2593.0,2322,8748,2608.0,小麦,农产品,CZCE,WH0
2018-06-14,2600.0,2609.0,2589.0,2597.0,1144,8526,2602.0,小麦,农产品,CZCE,WH0
2018-06-15,2595.0,2606.0,2582.0,2584.0,1114,8202,2590.0,小麦,农产品,CZCE,WH0
2018-06-19,2606.0,2625.0,2555.0,2571.0,1972,7850,2583.0,小麦,农产品,CZCE,WH0
2018-06-20,2581.0,2581.0,2562.0,2564.0,962,7494,2568.0,小麦,农产品,CZCE,WH0
2018-06-21,2568.0,2573.0,2561.0,2562.0,660,7342,2564.0,小麦,农产品,CZCE,WH0
2018-06-22,2569.0,2593.0,2566.0,2574.0,2034,7362,2578.0,小麦,农产品,CZCE,WH0
2018-06-25,2577.0,2580.0,2561.0,2561.0,442,7298,2567.0,小麦,农产品,CZCE,WH0
2018-06-26,2561.0,2571.0,2558.0,2562.0,1136,6624,2564.0,小麦,农产品,CZCE,WH0
2018-06-27,2562.0,2571.0,2558.0,2567.0,334,6544,2565.0,小麦,农产品,CZCE,WH0
2018-06-28,2570.0,2572.0,2547.0,2560.0,804,6306,2557.0,小麦,农产品,CZCE,WH0
2018-06-29,2565.0,2567.0,2558.0,2559.0,368,6202,2562.0,小麦,农产品,CZCE,WH0
2018-07-02,2563.0,2570.0,2553.0,2558.0,1014,5900,2560.0,小麦,农产品,CZCE,WH0
2018-07-03,2556.0,2566.0,2545.0,2551.0,966,5410,2553.0,小麦,农产品,CZCE,WH0
2018-07-04,2555.0,2566.0,2545.0,2554.0,172,5346,2553.0,小麦,农产品,CZCE,WH0
2018-07-05,2552.0,2563.0,2546.0,2551.0,658,5198,2555.0,小麦,农产品,CZCE,WH0
2018-07-06,2552.0,2554.0,2376.0,2550.0,1776,4384,2521.0,小麦,农产品,CZCE,WH0
2018-07-09,2539.0,2539.0,2508.0,2508.0,330,4320,2514.0,小麦,农产品,CZCE,WH0
2018-07-10,2515.0,2524.0,2490.0,2496.0,424,4160,2501.0,小麦,农产品,CZCE,WH0
2018-07-11,2497.0,2512.0,2497.0,2504.0,282,4002,2506.0,小麦,农产品,CZCE,WH0
2018-07-12,2487.0,2505.0,2486.0,2503.0,354,3706,2501.0,小麦,农产品,CZCE,WH0
2018-07-13,2593.0,2625.0,2562.0,2586.0,628,3648,2592.0,小麦,农产品,CZCE,WH0
2018-07-16,2599.0,2612.0,2584.0,2591.0,1488,4220,2597.0,小麦,农产品,CZCE,WH0
2018-07-17,2597.0,2598.0,2578.0,2578.0,508,4116,2587.0,小麦,农产品,CZCE,WH0
2018-07-18,2571.0,2586.0,2571.0,2584.0,250,4128,2583.0,小麦,农产品,CZCE,WH0
2018-07-19,2586.0,2595.0,2580.0,2584.0,204,4164,2586.0,小麦,农产品,CZCE,WH0
2018-07-20,2585.0,2613.0,2585.0,2602.0,3090,5256,2604.0,小麦,农产品,CZCE,WH0
2018-07-23,2619.0,2624.0,2593.0,2596.0,1614,5106,2603.0,小麦,农产品,CZCE,WH0
2018-07-24,2609.0,2609.0,2592.0,2593.0,558,4980,2594.0,小麦,农产品,CZCE,WH0
2018-07-25,2603.0,2605.0,2592.0,2597.0,506,5194,2598.0,小麦,农产品,CZCE,WH0
2018-07-26,2611.0,2622.0,2602.0,2605.0,1414,5678,2611.0,小麦,农产品,CZCE,WH0
2018-07-27,2610.0,2610.0,2595.0,2601.0,694,5548,2601.0,小麦,农产品,CZCE,WH0
2018-07-30,2606.0,2617.0,2606.0,2613.0,560,5572,2612.0,小麦,农产品,CZCE,WH0
2018-07-31,2620.0,2627.0,2608.0,2614.0,634,5576,2618.0,小麦,农产品,CZCE,WH0
2018-08-01,2614.0,2622.0,2575.0,2606.0,688,5496,2605.0,小麦,农产品,CZCE,WH0
2018-08-02,2610.0,2610.0,2595.0,2605.0,288,5486,2600.0,小麦,农产品,CZCE,WH0
2018-08-03,2605.0,2624.0,2599.0,2604.0,698,5514,2607.0,小麦,农产品,CZCE,WH0
2018-08-06,2619.0,2684.0,2617.0,2668.0,4772,7338,2658.0,小麦,农产品,CZCE,WH0
2018-08-07,2685.0,2691.0,2651.0,2662.0,2278,7532,2670.0,小麦,农产品,CZCE,WH0
2018-08-08,2668.0,2673.0,2639.0,2663.0,1518,7852,2661.0,小麦,农产品,CZCE,WH0
2018-08-09,2670.0,2693.0,2660.0,2674.0,2856,8248,2682.0,小麦,农产品,CZCE,WH0
2018-08-10,2666.0,2686.0,2656.0,2671.0,1220,8378,2675.0,小麦,农产品,CZCE,WH0
2018-08-13,2670.0,2672.0,2602.0,2637.0,2220,8038,2643.0,小麦,农产品,CZCE,WH0
2018-08-14,2629.0,2649.0,2621.0,2641.0,948,8080,2639.0,小麦,农产品,CZCE,WH0
2018-08-15,2645.0,2658.0,2630.0,2635.0,1072,8086,2646.0,小麦,农产品,CZCE,WH0
2018-08-16,2630.0,2636.0,2611.0,2635.0,1042,7850,2626.0,小麦,农产品,CZCE,WH0
2018-08-17,2632.0,2650.0,2622.0,2626.0,1038,7594,2628.0,小麦,农产品,CZCE,WH0
2018-08-20,2636.0,2654.0,2626.0,2637.0,1148,7678,2639.0,小麦,农产品,CZCE,WH0
2018-08-21,2635.0,2645.0,2629.0,2630.0,652,7640,2637.0,小麦,农产品,CZCE,WH0
2018-08-22,2629.0,2639.0,2626.0,2630.0,728,7516,2631.0,小麦,农产品,CZCE,WH0
2018-08-23,2629.0,2631.0,2614.0,2623.0,964,7060,2623.0,小麦,农产品,CZCE,WH0
2018-08-24,2626.0,2629.0,2612.0,2615.0,738,6874,2618.0,小麦,农产品,CZCE,WH0
2018-08-27,2624.0,2627.0,2616.0,2624.0,614,6896,2621.0,小麦,农产品,CZCE,WH0
2018-08-28,2623.0,2641.0,2620.0,2622.0,436,6928,2627.0,小麦,农产品,CZCE,WH0
2018-08-29,2624.0,2626.0,2612.0,2618.0,242,6858,2619.0,小麦,农产品,CZCE,WH0
2018-08-30,2625.0,2631.0,2620.0,2621.0,586,6886,2624.0,小麦,农产品,CZCE,WH0
2018-08-31,2625.0,2626.0,2606.0,2619.0,472,6774,2618.0,小麦,农产品,CZCE,WH0
2018-09-03,2620.0,2620.0,2596.0,2597.0,1278,6552,2605.0,小麦,农产品,CZCE,WH0
2018-09-04,2597.0,2606.0,2593.0,2596.0,592,6514,2600.0,小麦,农产品,CZCE,WH0
2018-09-05,2594.0,2598.0,2581.0,2594.0,484,6358,2592.0,小麦,农产品,CZCE,WH0
2018-09-06,2595.0,2604.0,2587.0,2591.0,456,6312,2592.0,小麦,农产品,CZCE,WH0
2018-09-07,2585.0,2595.0,2585.0,2592.0,348,6200,2589.0,小麦,农产品,CZCE,WH0
2018-09-10,2590.0,2598.0,2587.0,2587.0,770,6206,2592.0,小麦,农产品,CZCE,WH0
2018-09-11,2590.0,2596.0,2586.0,2588.0,534,5964,2589.0,小麦,农产品,CZCE,WH0
2018-09-12,2593.0,2595.0,2575.0,2584.0,466,5832,2585.0,小麦,农产品,CZCE,WH0
2018-09-13,2588.0,2592.0,2579.0,2583.0,242,5724,2585.0,小麦,农产品,CZCE,WH0
2018-09-14,2585.0,2585.0,2576.0,2578.0,812,5132,2578.0,小麦,农产品,CZCE,WH0
2018-09-17,2584.0,2588.0,2572.0,2577.0,312,5030,2578.0,小麦,农产品,CZCE,WH0
2018-09-18,2577.0,2580.0,2575.0,2580.0,410,4860,2577.0,小麦,农产品,CZCE,WH0
2018-09-19,2580.0,2593.0,2573.0,2575.0,404,4736,2577.0,小麦,农产品,CZCE,WH0
2018-09-20,2577.0,2581.0,2573.0,2580.0,498,4646,2577.0,小麦,农产品,CZCE,WH0
2018-09-21,2586.0,2595.0,2575.0,2577.0,334,4720,2579.0,小麦,农产品,CZCE,WH0
2018-09-25,2584.0,2584.0,2548.0,2551.0,1196,4808,2561.0,小麦,农产品,CZCE,WH0
2018-09-26,2555.0,2570.0,2553.0,2557.0,544,4822,2557.0,小麦,农产品,CZCE,WH0
2018-09-27,2559.0,2560.0,2552.0,2556.0,696,4638,2554.0,小麦,农产品,CZCE,WH0
2018-09-28,2556.0,2560.0,2547.0,2560.0,262,4560,2554.0,小麦,农产品,CZCE,WH0
2018-10-08,2560.0,2589.0,2553.0,2566.0,542,4756,2569.0,小麦,农产品,CZCE,WH0
2018-10-09,2574.0,2579.0,2542.0,2568.0,864,4852,2566.0,小麦,农产品,CZCE,WH0
2018-10-10,2565.0,2565.0,2540.0,2552.0,446,4770,2551.0,小麦,农产品,CZCE,WH0
2018-10-11,2548.0,2558.0,2529.0,2538.0,580,4700,2548.0,小麦,农产品,CZCE,WH0
2018-10-12,2547.0,2550.0,2535.0,2546.0,404,4550,2543.0,小麦,农产品,CZCE,WH0
2018-10-15,2546.0,2551.0,2543.0,2546.0,174,4604,2546.0,小麦,农产品,CZCE,WH0
2018-10-16,2546.0,2550.0,2541.0,2543.0,282,4594,2544.0,小麦,农产品,CZCE,WH0
2018-10-17,2555.0,2556.0,2541.0,2544.0,300,4586,2546.0,小麦,农产品,CZCE,WH0
2018-10-18,2548.0,2549.0,2537.0,2542.0,292,4506,2542.0,小麦,农产品,CZCE,WH0
2018-10-19,2548.0,2549.0,2542.0,2544.0,186,4386,2544.0,小麦,农产品,CZCE,WH0
2018-10-22,2549.0,2562.0,2543.0,2552.0,292,4336,2550.0,小麦,农产品,CZCE,WH0
2018-10-23,2555.0,2556.0,2543.0,2546.0,224,4212,2546.0,小麦,农产品,CZCE,WH0
2018-10-24,2553.0,2553.0,2544.0,2545.0,204,4156,2547.0,小麦,农产品,CZCE,WH0
2018-10-25,2547.0,2552.0,2539.0,2546.0,274,4056,2545.0,小麦,农产品,CZCE,WH0
2018-10-26,2546.0,2550.0,2544.0,2549.0,320,3986,2547.0,小麦,农产品,CZCE,WH0
2018-10-29,2551.0,2580.0,2551.0,2566.0,480,3954,2560.0,小麦,农产品,CZCE,WH0
2018-10-30,2579.0,2579.0,2558.0,2560.0,174,3944,2560.0,小麦,农产品,CZCE,WH0
2018-10-31,2568.0,2568.0,2557.0,2558.0,116,3918,2559.0,小麦,农产品,CZCE,WH0
2018-11-01,2567.0,2589.0,2555.0,2589.0,962,3580,2578.0,小麦,农产品,CZCE,WH0
2018-11-02,2589.0,2590.0,2553.0,2583.0,496,3378,2582.0,小麦,农产品,CZCE,WH0
2018-11-05,2587.0,2615.0,2587.0,2605.0,736,3520,2605.0,小麦,农产品,CZCE,WH0
2018-11-06,2605.0,2614.0,2601.0,2605.0,234,3468,2605.0,小麦,农产品,CZCE,WH0
2018-11-07,2605.0,2611.0,2600.0,2600.0,238,3428,2604.0,小麦,农产品,CZCE,WH0
2018-11-08,2608.0,2610.0,2604.0,2606.0,178,3358,2606.0,小麦,农产品,CZCE,WH0
2018-11-09,2611.0,2611.0,2581.0,2602.0,312,3216,2600.0,小麦,农产品,CZCE,WH0
2018-11-12,2598.0,2610.0,2588.0,2603.0,202,3128,2598.0,小麦,农产品,CZCE,WH0
2018-11-13,2599.0,2626.0,2597.0,2607.0,386,3156,2611.0,小麦,农产品,CZCE,WH0
2018-11-14,2604.0,2624.0,2604.0,2624.0,274,3194,2618.0,小麦,农产品,CZCE,WH0
2018-11-15,2640.0,2640.0,2604.0,2630.0,286,3282,2626.0,小麦,农产品,CZCE,WH0
2018-11-16,2635.0,2639.0,2609.0,2622.0,414,3092,2621.0,小麦,农产品,CZCE,WH0
2018-11-19,2602.0,2648.0,2582.0,2640.0,368,3062,2622.0,小麦,农产品,CZCE,WH0
2018-11-20,2638.0,2661.0,2626.0,2661.0,288,3022,2644.0,小麦,农产品,CZCE,WH0
2018-11-21,2667.0,2670.0,2642.0,2649.0,780,2644,2650.0,小麦,农产品,CZCE,WH0
2018-11-22,2650.0,2660.0,2641.0,2645.0,314,2482,2646.0,小麦,农产品,CZCE,WH0
2018-11-23,2645.0,2657.0,2642.0,2646.0,176,2406,2646.0,小麦,农产品,CZCE,WH0
2018-11-26,2643.0,2647.0,2555.0,2556.0,676,2056,2610.0,小麦,农产品,CZCE,WH0
2018-11-27,2556.0,2570.0,2534.0,2566.0,298,1976,2550.0,小麦,农产品,CZCE,WH0
2018-11-28,2562.0,2580.0,2549.0,2551.0,220,1864,2554.0,小麦,农产品,CZCE,WH0
2018-11-29,2554.0,2567.0,2530.0,2552.0,188,1788,2550.0,小麦,农产品,CZCE,WH0
2018-11-30,2552.0,2557.0,2551.0,2552.0,120,1740,2553.0,小麦,农产品,CZCE,WH0
2018-12-03,2568.0,2577.0,2554.0,2561.0,156,1690,2562.0,小麦,农产品,CZCE,WH0
2018-12-04,2561.0,2576.0,2558.0,2562.0,234,1618,2563.0,小麦,农产品,CZCE,WH0
2018-12-05,2573.0,2593.0,2564.0,2570.0,142,1586,2576.0,小麦,农产品,CZCE,WH0
2018-12-06,2575.0,2575.0,2560.0,2570.0,106,1540,2565.0,小麦,农产品,CZCE,WH0
2018-12-07,2583.0,2596.0,2557.0,2575.0,198,1452,2582.0,小麦,农产品,CZCE,WH0
2018-12-10,2567.0,2593.0,2567.0,2593.0,166,1410,2586.0,小麦,农产品,CZCE,WH0
2018-12-11,2593.0,2609.0,2583.0,2600.0,224,1320,2597.0,小麦,农产品,CZCE,WH0
2018-12-12,2600.0,2605.0,2593.0,2595.0,102,1248,2596.0,小麦,农产品,CZCE,WH0
2018-12-13,2592.0,2605.0,2570.0,2590.0,146,1162,2585.0,小麦,农产品,CZCE,WH0
2018-12-14,2585.0,2597.0,2566.0,2590.0,146,1162,2574.0,小麦,农产品,CZCE,WH0
2018-12-17,2583.0,2585.0,2555.0,2565.0,128,1046,2563.0,小麦,农产品,CZCE,WH0
2018-12-18,2579.0,2583.0,2553.0,2559.0,126,1016,2560.0,小麦,农产品,CZCE,WH0
2018-12-19,2559.0,2572.0,2551.0,2560.0,414,734,2560.0,小麦,农产品,CZCE,WH0
2018-12-20,2554.0,2572.0,2542.0,2550.0,90,686,2553.0,小麦,农产品,CZCE,WH0
2018-12-21,2548.0,2548.0,2476.0,2478.0,98,662,2523.0,小麦,农产品,CZCE,WH0
2018-12-24,2495.0,2495.0,2390.0,2405.0,544,614,2410.0,小麦,农产品,CZCE,WH0
2018-12-25,2419.0,2420.0,2380.0,2410.0,750,442,2400.0,小麦,农产品,CZCE,WH0
2018-12-26,2442.0,2450.0,2418.0,2430.0,30,546,2440.0,小麦,农产品,CZCE,WH0
2018-12-27,2406.0,2420.0,2369.0,2406.0,52,562,2404.0,小麦,农产品,CZCE,WH0
2018-12-28,2422.0,2429.0,2401.0,2428.0,484,824,2407.0,小麦,农产品,CZCE,WH0
2019-01-02,2413.0,2463.0,2405.0,2410.0,154,782,2418.0,小麦,农产品,CZCE,WH0
2019-01-03,2427.0,2430.0,2407.0,2411.0,52,788,2420.0,小麦,农产品,CZCE,WH0
2019-01-04,2410.0,2426.0,2410.0,2426.0,28,784,2417.0,小麦,农产品,CZCE,WH0
2019-01-07,2422.0,2441.0,2410.0,2437.0,42,792,2435.0,小麦,农产品,CZCE,WH0
2019-01-08,2448.0,2528.0,2445.0,2473.0,246,786,2479.0,小麦,农产品,CZCE,WH0
2019-01-09,2467.0,2478.0,2416.0,2446.0,306,762,2444.0,小麦,农产品,CZCE,WH0
2019-01-10,2449.0,2453.0,2409.0,2414.0,410,782,2422.0,小麦,农产品,CZCE,WH0
2019-01-11,2413.0,2425.0,2413.0,2415.0,84,790,2419.0,小麦,农产品,CZCE,WH0
2019-01-14,2422.0,2427.0,2413.0,2420.0,88,772,2419.0,小麦,农产品,CZCE,WH0
2019-01-15,2414.0,2427.0,2385.0,2408.0,128,746,2405.0,小麦,农产品,CZCE,WH0
2019-01-16,2402.0,2417.0,2385.0,2398.0,124,722,2398.0,小麦,农产品,CZCE,WH0
2019-01-17,2405.0,2415.0,2405.0,2415.0,36,718,2412.0,小麦,农产品,CZCE,WH0
2019-01-18,2422.0,2424.0,2405.0,2414.0,46,716,2416.0,小麦,农产品,CZCE,WH0
2019-01-21,2407.0,2425.0,2400.0,2419.0,166,654,2418.0,小麦,农产品,CZCE,WH0
2019-01-22,2418.0,2419.0,2410.0,2415.0,46,644,2414.0,小麦,农产品,CZCE,WH0
2019-01-23,2412.0,2419.0,2405.0,2411.0,52,642,2411.0,小麦,农产品,CZCE,WH0
2019-01-24,2416.0,2420.0,2405.0,2416.0,52,642,2411.0,小麦,农产品,CZCE,WH0
2019-01-25,2412.0,2417.0,2405.0,2405.0,90,648,2410.0,小麦,农产品,CZCE,WH0
2019-01-28,2402.0,2417.0,2401.0,2405.0,90,652,2405.0,小麦,农产品,CZCE,WH0
2019-01-29,2421.0,2421.0,2376.0,2410.0,90,626,2402.0,小麦,农产品,CZCE,WH0
2019-01-30,2423.0,2443.0,2404.0,2405.0,76,606,2416.0,小麦,农产品,CZCE,WH0
2019-01-31,2419.0,2419.0,2406.0,2412.0,76,604,2410.0,小麦,农产品,CZCE,WH0
2019-02-01,2408.0,2426.0,2406.0,2418.0,162,598,2417.0,小麦,农产品,CZCE,WH0
2019-02-11,2401.0,2449.0,2401.0,2422.0,60,596,2418.0,小麦,农产品,CZCE,WH0
2019-02-12,2427.0,2449.0,2401.0,2427.0,60,594,2423.0,小麦,农产品,CZCE,WH0
2019-02-13,2420.0,2424.0,2416.0,2419.0,42,594,2419.0,小麦,农产品,CZCE,WH0
2019-02-14,2420.0,2435.0,2416.0,2426.0,84,598,2426.0,小麦,农产品,CZCE,WH0
2019-02-15,2445.0,2471.0,2402.0,2418.0,128,596,2436.0,小麦,农产品,CZCE,WH0
2019-02-18,2429.0,2455.0,2403.0,2416.0,152,586,2431.0,小麦,农产品,CZCE,WH0
2019-02-19,2416.0,2429.0,2416.0,2428.0,72,586,2423.0,小麦,农产品,CZCE,WH0
2019-02-20,2411.0,2432.0,2411.0,2428.0,112,580,2424.0,小麦,农产品,CZCE,WH0
2019-02-21,2421.0,2425.0,2411.0,2419.0,62,568,2420.0,小麦,农产品,CZCE,WH0
2019-02-22,2424.0,2428.0,2411.0,2423.0,78,560,2421.0,小麦,农产品,CZCE,WH0
2019-02-25,2421.0,2429.0,2418.0,2423.0,78,558,2424.0,小麦,农产品,CZCE,WH0
2019-02-26,2427.0,2433.0,2416.0,2425.0,46,552,2425.0,小麦,农产品,CZCE,WH0
2019-02-27,2429.0,2436.0,2416.0,2420.0,60,558,2422.0,小麦,农产品,CZCE,WH0
2019-02-28,2405.0,2429.0,2404.0,2426.0,54,556,2422.0,小麦,农产品,CZCE,WH0
2019-03-01,2410.0,2428.0,2410.0,2422.0,48,552,2422.0,小麦,农产品,CZCE,WH0
2019-03-04,2419.0,2430.0,2417.0,2420.0,48,556,2424.0,小麦,农产品,CZCE,WH0
2019-03-05,2426.0,2433.0,2417.0,2426.0,48,556,2428.0,小麦,农产品,CZCE,WH0
2019-03-06,2409.0,2422.0,2408.0,2413.0,80,546,2416.0,小麦,农产品,CZCE,WH0
2019-03-07,2407.0,2418.0,2407.0,2410.0,42,546,2413.0,小麦,农产品,CZCE,WH0
2019-03-08,2402.0,2409.0,2391.0,2404.0,38,552,2402.0,小麦,农产品,CZCE,WH0
2019-03-11,2412.0,2412.0,2365.0,2395.0,150,572,2391.0,小麦,农产品,CZCE,WH0
2019-03-12,2391.0,2405.0,2386.0,2392.0,102,594,2394.0,小麦,农产品,CZCE,WH0
2019-03-13,2403.0,2435.0,2402.0,2427.0,200,572,2418.0,小麦,农产品,CZCE,WH0
2019-03-14,2438.0,2441.0,2397.0,2413.0,164,574,2417.0,小麦,农产品,CZCE,WH0
2019-03-15,2420.0,2425.0,2413.0,2413.0,60,556,2418.0,小麦,农产品,CZCE,WH0
2019-03-18,2429.0,2449.0,2413.0,2439.0,72,554,2439.0,小麦,农产品,CZCE,WH0
2019-03-19,2447.0,2467.0,2422.0,2425.0,92,552,2438.0,小麦,农产品,CZCE,WH0
2019-03-20,2434.0,2447.0,2419.0,2423.0,52,558,2433.0,小麦,农产品,CZCE,WH0
2019-03-21,2411.0,2431.0,2411.0,2422.0,36,556,2423.0,小麦,农产品,CZCE,WH0
2019-03-22,2422.0,2429.0,2417.0,2417.0,40,552,2423.0,小麦,农产品,CZCE,WH0
2019-03-25,2415.0,2441.0,2411.0,2434.0,124,566,2423.0,小麦,农产品,CZCE,WH0
2019-03-26,2425.0,2446.0,2425.0,2446.0,112,576,2435.0,小麦,农产品,CZCE,WH0
2019-03-27,2435.0,2480.0,2430.0,2440.0,370,590,2454.0,小麦,农产品,CZCE,WH0
2019-03-28,2432.0,2455.0,2423.0,2443.0,148,608,2441.0,小麦,农产品,CZCE,WH0
2019-03-29,2436.0,2487.0,2433.0,2479.0,306,664,2464.0,小麦,农产品,CZCE,WH0
2019-04-01,2496.0,2519.0,2456.0,2491.0,300,638,2494.0,小麦,农产品,CZCE,WH0
2019-04-02,2500.0,2538.0,2500.0,2528.0,176,640,2520.0,小麦,农产品,CZCE,WH0
2019-04-03,2518.0,2555.0,2517.0,2551.0,116,648,2545.0,小麦,农产品,CZCE,WH0
2019-04-04,2547.0,2556.0,2539.0,2554.0,172,700,2548.0,小麦,农产品,CZCE,WH0
2019-04-08,2555.0,2579.0,2516.0,2526.0,344,698,2547.0,小麦,农产品,CZCE,WH0
2019-04-09,2503.0,2549.0,2503.0,2533.0,208,666,2531.0,小麦,农产品,CZCE,WH0
2019-04-10,2524.0,2552.0,2524.0,2541.0,136,684,2547.0,小麦,农产品,CZCE,WH0
2019-04-11,2533.0,2567.0,2533.0,2567.0,52,696,2559.0,小麦,农产品,CZCE,WH0
2019-04-12,2575.0,2575.0,2548.0,2560.0,134,650,2557.0,小麦,农产品,CZCE,WH0
2019-04-15,2546.0,2569.0,2545.0,2562.0,64,630,2561.0,小麦,农产品,CZCE,WH0
2019-04-16,2551.0,2569.0,2545.0,2562.0,64,626,2559.0,小麦,农产品,CZCE,WH0
2019-04-17,2537.0,2567.0,2533.0,2560.0,198,624,2554.0,小麦,农产品,CZCE,WH0
2019-04-18,2582.0,2582.0,2543.0,2556.0,70,606,2557.0,小麦,农产品,CZCE,WH0
2019-04-19,2577.0,2710.0,2565.0,2696.0,426,642,2635.0,小麦,农产品,CZCE,WH0
2019-04-24,2700.0,2720.0,2696.0,2700.0,36,418,2703.0,小麦,农产品,CZCE,WH0
2019-04-25,2436.0,2610.0,2420.0,2433.0,332,472,2488.0,小麦,农产品,CZCE,WH0
2019-04-26,2437.0,2455.0,2437.0,2445.0,120,474,2446.0,小麦,农产品,CZCE,WH0
2019-04-29,2451.0,2467.0,2450.0,2450.0,62,480,2456.0,小麦,农产品,CZCE,WH0
2019-04-30,2451.0,2460.0,2448.0,2448.0,74,484,2454.0,小麦,农产品,CZCE,WH0
2019-05-06,2426.0,2445.0,2426.0,2431.0,46,484,2436.0,小麦,农产品,CZCE,WH0
2019-05-07,2850.0,2856.0,2850.0,2856.0,12,0,0.0,小麦,农产品,CZCE,WH0
2019-05-08,2443.0,2447.0,2436.0,2439.0,88,530,2440.0,小麦,农产品,CZCE,WH0
2019-05-09,2438.0,2440.0,2421.0,2424.0,98,550,2428.0,小麦,农产品,CZCE,WH0
2019-05-10,2414.0,2429.0,2414.0,2427.0,74,574,2425.0,小麦,农产品,CZCE,WH0
2019-05-13,2430.0,2469.0,2424.0,2437.0,7,590,2441.0,小麦,农产品,CZCE,WH0
2019-05-14,2430.0,2435.0,2429.0,2433.0,1,590,2432.0,小麦,农产品,CZCE,WH0
2019-05-15,2428.0,2442.0,2428.0,2432.0,1,588,2436.0,小麦,农产品,CZCE,WH0
2019-05-16,2440.0,2459.0,2440.0,2448.0,258,682,2449.0,小麦,农产品,CZCE,WH0
2019-05-17,2452.0,2473.0,2444.0,2448.0,152,714,2451.0,小麦,农产品,CZCE,WH0
2019-05-20,2441.0,2445.0,2420.0,2431.0,226,716,2429.0,小麦,农产品,CZCE,WH0
2019-05-21,2433.0,2447.0,2433.0,2441.0,200,730,2442.0,小麦,农产品,CZCE,WH0
2019-05-22,2438.0,2442.0,2422.0,2433.0,96,728,2429.0,小麦,农产品,CZCE,WH0
2019-05-23,2439.0,2441.0,2410.0,2415.0,128,738,2422.0,小麦,农产品,CZCE,WH0
2019-05-24,2415.0,2418.0,2345.0,2392.0,120,754,2390.0,小麦,农产品,CZCE,WH0
2019-05-27,2402.0,2408.0,2377.0,2396.0,160,786,2396.0,小麦,农产品,CZCE,WH0
2019-05-28,2389.0,2395.0,2381.0,2381.0,118,832,2388.0,小麦,农产品,CZCE,WH0
2019-05-29,2389.0,2532.0,2386.0,2389.0,1132,1394,2397.0,小麦,农产品,CZCE,WH0
2019-05-30,2369.0,2385.0,2369.0,2380.0,222,1352,2378.0,小麦,农产品,CZCE,WH0
2019-05-31,2385.0,2400.0,2378.0,2392.0,304,1344,2387.0,小麦,农产品,CZCE,WH0
2019-06-03,2377.0,2387.0,2373.0,2385.0,208,1296,2379.0,小麦,农产品,CZCE,WH0
2019-06-04,2383.0,2392.0,2381.0,2386.0,312,1406,2388.0,小麦,农产品,CZCE,WH0
2019-06-05,2384.0,2390.0,2351.0,2378.0,132,1360,2379.0,小麦,农产品,CZCE,WH0
2019-06-06,2373.0,2381.0,2300.0,2350.0,276,1314,2345.0,小麦,农产品,CZCE,WH0
2019-06-10,2325.0,2367.0,2325.0,2359.0,174,1334,2352.0,小麦,农产品,CZCE,WH0
2019-06-11,2352.0,2357.0,2336.0,2352.0,168,1286,2349.0,小麦,农产品,CZCE,WH0
2019-06-12,2341.0,2356.0,2341.0,2352.0,64,1258,2350.0,小麦,农产品,CZCE,WH0
2019-06-13,2351.0,2370.0,2340.0,2370.0,446,1224,2357.0,小麦,农产品,CZCE,WH0
2019-06-14,2375.0,2375.0,2365.0,2372.0,82,1192,2372.0,小麦,农产品,CZCE,WH0
2019-06-17,2363.0,2363.0,2353.0,2353.0,34,1200,2358.0,小麦,农产品,CZCE,WH0
2019-06-18,2353.0,2359.0,2352.0,2356.0,36,1206,2354.0,小麦,农产品,CZCE,WH0
2019-06-19,2360.0,2361.0,2346.0,2350.0,240,1204,2349.0,小麦,农产品,CZCE,WH0
2019-06-20,2354.0,2354.0,2344.0,2349.0,72,1168,2348.0,小麦,农产品,CZCE,WH0
2019-06-21,2360.0,2365.0,2347.0,2350.0,48,1146,2354.0,小麦,农产品,CZCE,WH0
2019-06-24,2365.0,2365.0,2342.0,2353.0,56,1140,2351.0,小麦,农产品,CZCE,WH0
2019-06-25,2349.0,2363.0,2349.0,2352.0,28,1134,2354.0,小麦,农产品,CZCE,WH0
2019-06-26,2348.0,2354.0,2341.0,2350.0,22,1130,2348.0,小麦,农产品,CZCE,WH0
2019-06-27,2345.0,2345.0,2322.0,2341.0,82,1124,2336.0,小麦,农产品,CZCE,WH0
2019-06-28,2354.0,2354.0,2341.0,2347.0,18,1116,2345.0,小麦,农产品,CZCE,WH0
2019-07-01,2340.0,2347.0,2339.0,2343.0,30,1104,2344.0,小麦,农产品,CZCE,WH0
2019-07-02,2342.0,2345.0,2335.0,2340.0,196,998,2340.0,小麦,农产品,CZCE,WH0
2019-07-03,2329.0,2345.0,2329.0,2340.0,104,940,2339.0,小麦,农产品,CZCE,WH0
2019-07-04,2337.0,2359.0,2337.0,2351.0,100,932,2350.0,小麦,农产品,CZCE,WH0
2019-07-05,2343.0,2355.0,2343.0,2346.0,58,912,2349.0,小麦,农产品,CZCE,WH0
2019-07-08,2348.0,2359.0,2341.0,2345.0,92,860,2349.0,小麦,农产品,CZCE,WH0
2019-07-09,2330.0,2343.0,2330.0,2338.0,52,832,2338.0,小麦,农产品,CZCE,WH0
2019-07-10,2336.0,2336.0,2336.0,2336.0,4,832,2336.0,小麦,农产品,CZCE,WH0
2019-07-11,2350.0,2350.0,2333.0,2337.0,28,822,2339.0,小麦,农产品,CZCE,WH0
2019-07-12,2342.0,2342.0,2335.0,2340.0,28,806,2339.0,小麦,农产品,CZCE,WH0
2019-07-15,2335.0,2346.0,2335.0,2346.0,14,804,2340.0,小麦,农产品,CZCE,WH0
2019-07-16,2345.0,2350.0,2335.0,2335.0,20,792,2342.0,小麦,农产品,CZCE,WH0
2019-07-17,2339.0,2340.0,2328.0,2336.0,18,784,2336.0,小麦,农产品,CZCE,WH0
2019-07-18,2340.0,2341.0,2340.0,2340.0,20,774,2340.0,小麦,农产品,CZCE,WH0
2019-07-19,2334.0,2350.0,2333.0,2337.0,24,780,2340.0,小麦,农产品,CZCE,WH0
2019-07-22,2335.0,2340.0,2331.0,2334.0,12,778,2335.0,小麦,农产品,CZCE,WH0
2019-07-23,2332.0,2335.0,2332.0,2335.0,10,778,2334.0,小麦,农产品,CZCE,WH0
2019-07-24,2332.0,2344.0,2326.0,2331.0,66,770,2335.0,小麦,农产品,CZCE,WH0
2019-07-25,2328.0,2335.0,2323.0,2332.0,20,766,2328.0,小麦,农产品,CZCE,WH0
2019-07-26,2335.0,2335.0,2325.0,2332.0,28,764,2330.0,小麦,农产品,CZCE,WH0
2019-07-29,2310.0,2334.0,2310.0,2326.0,68,770,2329.0,小麦,农产品,CZCE,WH0
2019-07-30,2321.0,2327.0,2315.0,2316.0,50,768,2322.0,小麦,农产品,CZCE,WH0
2019-07-31,2312.0,2348.0,2305.0,2328.0,154,772,2322.0,小麦,农产品,CZCE,WH0
2019-08-01,2312.0,2330.0,2312.0,2326.0,24,766,2323.0,小麦,农产品,CZCE,WH0
2019-08-02,2319.0,2321.0,2312.0,2316.0,36,758,2317.0,小麦,农产品,CZCE,WH0
2019-08-05,2316.0,2317.0,2286.0,2304.0,94,726,2303.0,小麦,农产品,CZCE,WH0
2019-08-06,2300.0,2300.0,2280.0,2296.0,84,714,2289.0,小麦,农产品,CZCE,WH0
2019-08-07,2293.0,2304.0,2293.0,2295.0,30,702,2298.0,小麦,农产品,CZCE,WH0
2019-08-08,2286.0,2300.0,2286.0,2295.0,10,704,2296.0,小麦,农产品,CZCE,WH0
2019-08-09,2301.0,2305.0,2296.0,2302.0,102,660,2301.0,小麦,农产品,CZCE,WH0
2019-08-12,2296.0,2298.0,2288.0,2293.0,80,632,2293.0,小麦,农产品,CZCE,WH0
2019-08-13,2296.0,2300.0,2289.0,2292.0,62,630,2293.0,小麦,农产品,CZCE,WH0
2019-08-14,2287.0,2295.0,2286.0,2295.0,42,616,2290.0,小麦,农产品,CZCE,WH0
2019-08-15,2299.0,2304.0,2296.0,2303.0,36,612,2300.0,小麦,农产品,CZCE,WH0
2019-08-16,2300.0,2331.0,2300.0,2311.0,82,606,2309.0,小麦,农产品,CZCE,WH0
2019-08-19,2309.0,2328.0,2309.0,2313.0,58,612,2319.0,小麦,农产品,CZCE,WH0
2019-08-20,2306.0,2328.0,2306.0,2328.0,66,610,2319.0,小麦,农产品,CZCE,WH0
2019-08-21,2340.0,2340.0,2317.0,2326.0,32,604,2323.0,小麦,农产品,CZCE,WH0
2019-08-22,2316.0,2320.0,2315.0,2315.0,42,594,2317.0,小麦,农产品,CZCE,WH0
2019-08-23,2326.0,2326.0,2314.0,2319.0,16,586,2318.0,小麦,农产品,CZCE,WH0
2019-08-26,2318.0,2324.0,2310.0,2312.0,390,282,2317.0,小麦,农产品,CZCE,WH0
2019-08-27,2271.0,2310.0,2270.0,2301.0,86,282,2296.0,小麦,农产品,CZCE,WH0
2019-08-28,2300.0,2310.0,2297.0,2300.0,50,274,2304.0,小麦,农产品,CZCE,WH0
2019-08-29,2252.0,2315.0,2252.0,2298.0,76,276,2300.0,小麦,农产品,CZCE,WH0
2019-08-30,2309.0,2368.0,2230.0,2368.0,180,222,2287.0,小麦,农产品,CZCE,WH0
2019-09-02,2126.0,2129.0,2126.0,2129.0,14,208,2126.0,小麦,农产品,CZCE,WH0
2019-09-04,2406.0,2440.0,2392.0,2420.0,18,62,2418.0,小麦,农产品,CZCE,WH0
2019-09-05,2389.0,2428.0,2389.0,2398.0,80,124,2409.0,小麦,农产品,CZCE,WH0
2019-09-06,2436.0,2436.0,2403.0,2405.0,100,192,2411.0,小麦,农产品,CZCE,WH0
2019-09-09,2408.0,2408.0,2400.0,2401.0,18,204,2402.0,小麦,农产品,CZCE,WH0
2019-09-10,2393.0,2405.0,2393.0,2405.0,12,206,2401.0,小麦,农产品,CZCE,WH0
2019-09-12,2392.0,2397.0,2392.0,2395.0,12,216,2395.0,小麦,农产品,CZCE,WH0
2019-09-16,2405.0,2405.0,2400.0,2400.0,12,224,2402.0,小麦,农产品,CZCE,WH0
2019-09-18,2398.0,2403.0,2398.0,2398.0,32,254,2400.0,小麦,农产品,CZCE,WH0
2019-09-19,2401.0,2406.0,2400.0,2401.0,12,256,2402.0,小麦,农产品,CZCE,WH0
2019-09-20,2397.0,2403.0,2397.0,2400.0,26,264,2400.0,小麦,农产品,CZCE,WH0
2019-09-23,2400.0,2400.0,2392.0,2395.0,24,256,2396.0,小麦,农产品,CZCE,WH0
2019-09-24,2391.0,2398.0,2313.0,2313.0,48,272,2373.0,小麦,农产品,CZCE,WH0
2019-09-25,2380.0,2380.0,2347.0,2374.0,50,262,2362.0,小麦,农产品,CZCE,WH0
2019-09-26,2383.0,2387.0,2383.0,2384.0,20,256,2384.0,小麦,农产品,CZCE,WH0
2019-09-27,2372.0,2379.0,2343.0,2360.0,22,248,2362.0,小麦,农产品,CZCE,WH0
2019-09-30,2360.0,2360.0,2360.0,2360.0,18,246,2360.0,小麦,农产品,CZCE,WH0
2019-10-08,2351.0,2356.0,2351.0,2356.0,8,246,2352.0,小麦,农产品,CZCE,WH0
2019-10-09,2356.0,2362.0,2346.0,2362.0,32,254,2354.0,小麦,农产品,CZCE,WH0
2019-10-10,2356.0,2361.0,2332.0,2342.0,62,258,2349.0,小麦,农产品,CZCE,WH0
2019-10-11,2342.0,2342.0,2333.0,2336.0,14,262,2338.0,小麦,农产品,CZCE,WH0
2019-10-14,2339.0,2339.0,2328.0,2331.0,34,250,2334.0,小麦,农产品,CZCE,WH0
2019-10-15,2327.0,2333.0,2327.0,2329.0,14,248,2329.0,小麦,农产品,CZCE,WH0
2019-10-16,2325.0,2340.0,2325.0,2337.0,16,248,2333.0,小麦,农产品,CZCE,WH0
2019-10-17,2325.0,2336.0,2324.0,2336.0,38,274,2330.0,小麦,农产品,CZCE,WH0
2019-10-18,2337.0,2338.0,2329.0,2329.0,74,266,2335.0,小麦,农产品,CZCE,WH0
2019-10-21,2333.0,2346.0,2331.0,2345.0,56,262,2338.0,小麦,农产品,CZCE,WH0
2019-10-22,2341.0,2341.0,2340.0,2340.0,4,262,2341.0,小麦,农产品,CZCE,WH0
2019-10-23,2171.0,2279.0,2171.0,2279.0,26,20,2196.0,小麦,农产品,CZCE,WH0
2019-10-24,2336.0,2345.0,2330.0,2338.0,78,272,2337.0,小麦,农产品,CZCE,WH0
2019-10-25,2338.0,2344.0,2338.0,2341.0,12,274,2341.0,小麦,农产品,CZCE,WH0
2019-10-29,2345.0,2360.0,2343.0,2343.0,14,270,2349.0,小麦,农产品,CZCE,WH0
2019-10-30,2360.0,2360.0,2332.0,2346.0,22,268,2346.0,小麦,农产品,CZCE,WH0
2019-10-31,2343.0,2389.0,2343.0,2365.0,92,266,2368.0,小麦,农产品,CZCE,WH0
2019-11-01,2363.0,2366.0,2359.0,2366.0,14,260,2363.0,小麦,农产品,CZCE,WH0
2019-11-04,2380.0,2380.0,2368.0,2376.0,24,262,2371.0,小麦,农产品,CZCE,WH0
2019-11-05,2366.0,2388.0,2355.0,2380.0,22,264,2377.0,小麦,农产品,CZCE,WH0
2019-11-06,2389.0,2389.0,2378.0,2378.0,34,262,2383.0,小麦,农产品,CZCE,WH0
2019-11-07,2372.0,2382.0,2346.0,2346.0,50,266,2371.0,小麦,农产品,CZCE,WH0
2019-11-08,2341.0,2359.0,2341.0,2345.0,46,272,2349.0,小麦,农产品,CZCE,WH0
2019-11-11,2349.0,2349.0,2344.0,2344.0,4,272,2347.0,小麦,农产品,CZCE,WH0
2019-11-14,2348.0,2468.0,2348.0,2361.0,124,258,2380.0,小麦,农产品,CZCE,WH0
2019-11-15,2347.0,2375.0,2347.0,2357.0,28,258,2358.0,小麦,农产品,CZCE,WH0
2019-11-18,2346.0,2361.0,2340.0,2361.0,22,262,2352.0,小麦,农产品,CZCE,WH0
2019-11-19,2363.0,2365.0,2360.0,2365.0,16,260,2364.0,小麦,农产品,CZCE,WH0
2019-11-20,2350.0,2370.0,2350.0,2364.0,32,246,2361.0,小麦,农产品,CZCE,WH0
2019-11-21,2374.0,2374.0,2360.0,2360.0,12,246,2369.0,小麦,农产品,CZCE,WH0
2019-11-22,2471.0,2471.0,2471.0,2471.0,12,12,2471.0,小麦,农产品,CZCE,WH0
2019-11-25,2364.0,2369.0,2364.0,2369.0,6,246,2367.0,小麦,农产品,CZCE,WH0
2019-11-26,2547.0,2596.0,2512.0,2554.0,82,130,2555.0,小麦,农产品,CZCE,WH0
2019-11-27,2572.0,2590.0,2569.0,2586.0,28,138,2575.0,小麦,农产品,CZCE,WH0
2019-11-28,2607.0,2607.0,2576.0,2576.0,20,136,2587.0,小麦,农产品,CZCE,WH0
2019-11-29,2384.0,2390.0,2376.0,2376.0,10,228,2384.0,小麦,农产品,CZCE,WH0
2019-12-02,2567.0,2567.0,2552.0,2564.0,10,126,2562.0,小麦,农产品,CZCE,WH0
2019-12-03,2539.0,2560.0,2536.0,2536.0,24,116,2546.0,小麦,农产品,CZCE,WH0
2019-12-04,2539.0,2539.0,2539.0,2539.0,2,114,2539.0,小麦,农产品,CZCE,WH0
2019-12-05,2398.0,2398.0,2387.0,2398.0,10,224,2395.0,小麦,农产品,CZCE,WH0
2019-12-06,2399.0,2399.0,2393.0,2399.0,14,230,2397.0,小麦,农产品,CZCE,WH0
2019-12-09,2392.0,2400.0,2392.0,2399.0,10,228,2397.0,小麦,农产品,CZCE,WH0
2019-12-10,2399.0,2402.0,2393.0,2400.0,28,228,2399.0,小麦,农产品,CZCE,WH0
2019-12-11,2398.0,2398.0,2396.0,2396.0,4,228,2397.0,小麦,农产品,CZCE,WH0
2019-12-19,2396.0,2396.0,2395.0,2395.0,4,220,2396.0,小麦,农产品,CZCE,WH0
2019-12-23,2401.0,2401.0,2401.0,2401.0,2,218,2401.0,小麦,农产品,CZCE,WH0
2019-12-25,2410.0,2410.0,2410.0,2410.0,4,214,2410.0,小麦,农产品,CZCE,WH0
2019-12-27,2400.0,2402.0,2391.0,2396.0,40,176,2399.0,小麦,农产品,CZCE,WH0
2019-12-30,2391.0,2391.0,2321.0,2375.0,16,174,2359.0,小麦,农产品,CZCE,WH0
2019-12-31,2289.0,2475.0,2289.0,2350.0,32,172,2359.0,小麦,农产品,CZCE,WH0
2020-01-02,2398.0,2398.0,2398.0,2398.0,1,86,2398.0,小麦,农产品,CZCE,WH0
2020-01-03,2545.0,2545.0,2545.0,2545.0,1,10,2545.0,小麦,农产品,CZCE,WH0
2020-01-14,2300.0,2350.0,2300.0,2350.0,9,1,2339.0,小麦,农产品,CZCE,WH0
2020-01-15,2300.0,2300.0,2300.0,2300.0,1,0,0.0,小麦,农产品,CZCE,WH0
2020-01-17,2593.0,2593.0,2521.0,2521.0,2,10,2557.0,小麦,农产品,CZCE,WH0
2020-02-04,2699.0,2699.0,2612.0,2623.0,20,24,2682.0,小麦,农产品,CZCE,WH0
2020-02-10,2657.0,2700.0,2654.0,2663.0,36,47,2666.0,小麦,农产品,CZCE,WH0
2020-02-11,2657.0,2657.0,2657.0,2657.0,1,47,2657.0,小麦,农产品,CZCE,WH0
2020-02-12,2626.0,2668.0,2626.0,2648.0,19,55,2656.0,小麦,农产品,CZCE,WH0
2020-02-13,2667.0,2707.0,2650.0,2650.0,28,69,2670.0,小麦,农产品,CZCE,WH0
2020-02-14,2644.0,2652.0,2639.0,2639.0,21,69,2644.0,小麦,农产品,CZCE,WH0
2020-02-17,2665.0,2750.0,2640.0,2655.0,1735,1046,2673.0,小麦,农产品,CZCE,WH0
2020-02-18,2650.0,2659.0,2580.0,2650.0,593,1083,2639.0,小麦,农产品,CZCE,WH0
2020-02-19,2660.0,2666.0,2630.0,2634.0,265,1050,2648.0,小麦,农产品,CZCE,WH0
2020-02-20,2642.0,2642.0,2615.0,2620.0,216,1063,2623.0,小麦,农产品,CZCE,WH0
2020-02-21,2620.0,2625.0,2565.0,2581.0,280,1092,2595.0,小麦,农产品,CZCE,WH0
2020-02-24,2557.0,2595.0,2557.0,2581.0,186,1088,2575.0,小麦,农产品,CZCE,WH0
2020-02-25,2532.0,2545.0,2502.0,2543.0,132,1088,2534.0,小麦,农产品,CZCE,WH0
2020-02-26,2542.0,2594.0,2526.0,2550.0,156,1071,2558.0,小麦,农产品,CZCE,WH0
2020-02-27,2544.0,2558.0,2543.0,2547.0,70,1070,2547.0,小麦,农产品,CZCE,WH0
2020-02-28,2508.0,2544.0,2508.0,2527.0,213,929,2526.0,小麦,农产品,CZCE,WH0
2020-03-02,2527.0,2562.0,2527.0,2547.0,83,932,2540.0,小麦,农产品,CZCE,WH0
2020-03-03,2523.0,2575.0,2522.0,2543.0,34,921,2548.0,小麦,农产品,CZCE,WH0
2020-03-04,2544.0,2568.0,2534.0,2538.0,211,930,2544.0,小麦,农产品,CZCE,WH0
2020-03-05,2538.0,2540.0,2525.0,2538.0,28,929,2533.0,小麦,农产品,CZCE,WH0
2020-03-06,2535.0,2559.0,2535.0,2537.0,37,927,2541.0,小麦,农产品,CZCE,WH0
2020-03-09,2524.0,2525.0,2503.0,2521.0,51,909,2515.0,小麦,农产品,CZCE,WH0
2020-03-10,2513.0,2539.0,2513.0,2538.0,36,899,2526.0,小麦,农产品,CZCE,WH0
2020-03-11,2528.0,2554.0,2525.0,2539.0,35,901,2532.0,小麦,农产品,CZCE,WH0
2020-03-12,2531.0,2531.0,2519.0,2525.0,40,897,2527.0,小麦,农产品,CZCE,WH0
2020-03-13,2512.0,2543.0,2512.0,2536.0,18,885,2533.0,小麦,农产品,CZCE,WH0
2020-03-16,2530.0,2548.0,2526.0,2526.0,34,885,2538.0,小麦,农产品,CZCE,WH0
2020-03-17,2517.0,2535.0,2507.0,2534.0,57,880,2526.0,小麦,农产品,CZCE,WH0
2020-03-18,2524.0,2539.0,2523.0,2538.0,33,878,2530.0,小麦,农产品,CZCE,WH0
2020-03-19,2529.0,2579.0,2526.0,2559.0,115,878,2548.0,小麦,农产品,CZCE,WH0
2020-03-20,2578.0,2584.0,2559.0,2573.0,111,885,2569.0,小麦,农产品,CZCE,WH0
2020-03-23,2561.0,2654.0,2561.0,2625.0,393,936,2612.0,小麦,农产品,CZCE,WH0
2020-03-24,2622.0,2708.0,2618.0,2643.0,1093,972,2663.0,小麦,农产品,CZCE,WH0
2020-03-25,2647.0,2647.0,2601.0,2628.0,230,962,2620.0,小麦,农产品,CZCE,WH0
2020-03-26,2686.0,2686.0,2622.0,2638.0,262,966,2643.0,小麦,农产品,CZCE,WH0
2020-03-27,2635.0,2664.0,2617.0,2640.0,207,986,2646.0,小麦,农产品,CZCE,WH0
2020-03-30,2649.0,2737.0,2631.0,2660.0,1535,1434,2693.0,小麦,农产品,CZCE,WH0
2020-03-31,2664.0,2684.0,2645.0,2664.0,592,1415,2661.0,小麦,农产品,CZCE,WH0
2020-04-01,2660.0,2700.0,2651.0,2670.0,728,1422,2676.0,小麦,农产品,CZCE,WH0
2020-04-02,2675.0,2679.0,2626.0,2642.0,410,1312,2654.0,小麦,农产品,CZCE,WH0
2020-04-03,2648.0,2650.0,2612.0,2618.0,348,1212,2626.0,小麦,农产品,CZCE,WH0
2020-04-07,2610.0,2648.0,2610.0,2625.0,157,1193,2628.0,小麦,农产品,CZCE,WH0
2020-04-08,2572.0,2590.0,2552.0,2579.0,312,975,2570.0,小麦,农产品,CZCE,WH0
2020-04-09,2573.0,2603.0,2541.0,2548.0,596,1082,2576.0,小麦,农产品,CZCE,WH0
2020-04-10,2558.0,2565.0,2550.0,2552.0,295,1138,2557.0,小麦,农产品,CZCE,WH0
2020-04-13,2575.0,2576.0,2551.0,2553.0,322,1138,2565.0,小麦,农产品,CZCE,WH0
2020-04-14,2553.0,2559.0,2546.0,2546.0,143,1080,2551.0,小麦,农产品,CZCE,WH0
2020-04-15,2640.0,2642.0,2615.0,2638.0,65,815,2633.0,小麦,农产品,CZCE,WH0
2020-04-16,2537.0,2546.0,2522.0,2540.0,73,1073,2541.0,小麦,农产品,CZCE,WH0
2020-04-17,2536.0,2554.0,2532.0,2539.0,66,1071,2541.0,小麦,农产品,CZCE,WH0
2020-04-20,2563.0,2575.0,2549.0,2558.0,224,1077,2563.0,小麦,农产品,CZCE,WH0
2020-04-21,2620.0,2629.0,2620.0,2625.0,82,426,2626.0,小麦,农产品,CZCE,WH0
2020-04-22,2550.0,2552.0,2522.0,2538.0,240,1119,2539.0,小麦,农产品,CZCE,WH0
2020-04-23,2529.0,2547.0,2529.0,2533.0,122,1135,2536.0,小麦,农产品,CZCE,WH0
2020-04-24,2534.0,2549.0,2529.0,2534.0,108,1156,2536.0,小麦,农产品,CZCE,WH0
2020-04-27,2516.0,2528.0,2475.0,2495.0,291,1143,2503.0,小麦,农产品,CZCE,WH0
2020-04-28,2490.0,2501.0,2483.0,2495.0,141,1126,2494.0,小麦,农产品,CZCE,WH0
2020-04-29,2483.0,2500.0,2482.0,2500.0,78,1102,2495.0,小麦,农产品,CZCE,WH0
2020-04-30,2502.0,2690.0,2352.0,2352.0,79,108,2526.0,小麦,农产品,CZCE,WH0
2020-05-06,2485.0,2509.0,2485.0,2492.0,58,1079,2497.0,小麦,农产品,CZCE,WH0
2020-05-07,2490.0,2504.0,2486.0,2500.0,63,1064,2493.0,小麦,农产品,CZCE,WH0
2020-05-08,2500.0,2506.0,2493.0,2498.0,21,1061,2497.0,小麦,农产品,CZCE,WH0
2020-05-11,2491.0,2500.0,2476.0,2494.0,88,1043,2493.0,小麦,农产品,CZCE,WH0
2020-05-12,2492.0,2497.0,2486.0,2494.0,78,1003,2493.0,小麦,农产品,CZCE,WH0
2020-05-13,2490.0,2490.0,2488.0,2489.0,9,1001,2489.0,小麦,农产品,CZCE,WH0
2020-05-14,2478.0,2488.0,2476.0,2478.0,82,1010,2479.0,小麦,农产品,CZCE,WH0
2020-05-15,2472.0,2491.0,2456.0,2479.0,57,1012,2480.0,小麦,农产品,CZCE,WH0
2020-05-18,2476.0,2477.0,2468.0,2474.0,26,1013,2474.0,小麦,农产品,CZCE,WH0
2020-05-19,2479.0,2482.0,2471.0,2482.0,61,1002,2475.0,小麦,农产品,CZCE,WH0
2020-05-20,2482.0,2544.0,2482.0,2532.0,314,1013,2529.0,小麦,农产品,CZCE,WH0
2020-05-21,2517.0,2536.0,2517.0,2521.0,120,1045,2525.0,小麦,农产品,CZCE,WH0
2020-05-22,2521.0,2530.0,2471.0,2478.0,149,1040,2498.0,小麦,农产品,CZCE,WH0
2020-05-25,2478.0,2485.0,2466.0,2473.0,65,1040,2474.0,小麦,农产品,CZCE,WH0
2020-05-26,2481.0,2483.0,2469.0,2478.0,62,1044,2477.0,小麦,农产品,CZCE,WH0
2020-05-27,2474.0,2481.0,2469.0,2472.0,88,1081,2473.0,小麦,农产品,CZCE,WH0
2020-05-28,2481.0,2489.0,2480.0,2485.0,80,1077,2483.0,小麦,农产品,CZCE,WH0
2020-05-29,2476.0,2489.0,2476.0,2481.0,46,1080,2482.0,小麦,农产品,CZCE,WH0
2020-06-01,2480.0,2499.0,2480.0,2488.0,68,1081,2491.0,小麦,农产品,CZCE,WH0
2020-06-02,2484.0,2488.0,2483.0,2483.0,41,1080,2484.0,小麦,农产品,CZCE,WH0
2020-06-03,2476.0,2495.0,2476.0,2487.0,44,1080,2489.0,小麦,农产品,CZCE,WH0
2020-06-04,2496.0,2510.0,2491.0,2500.0,66,1083,2504.0,小麦,农产品,CZCE,WH0
2020-06-05,2499.0,2516.0,2495.0,2507.0,20,1080,2506.0,小麦,农产品,CZCE,WH0
2020-06-08,2506.0,2515.0,2506.0,2510.0,25,1079,2510.0,小麦,农产品,CZCE,WH0
2020-06-09,2503.0,2509.0,2485.0,2503.0,140,1124,2495.0,小麦,农产品,CZCE,WH0
2020-06-10,2490.0,2522.0,2488.0,2516.0,95,1091,2512.0,小麦,农产品,CZCE,WH0
2020-06-11,2515.0,2518.0,2511.0,2518.0,34,1086,2515.0,小麦,农产品,CZCE,WH0
2020-06-12,2513.0,2531.0,2411.0,2505.0,105,1069,2479.0,小麦,农产品,CZCE,WH0
2020-06-15,2496.0,2509.0,2493.0,2500.0,18,1063,2499.0,小麦,农产品,CZCE,WH0
2020-06-17,2507.0,2512.0,2506.0,2512.0,11,1061,2509.0,小麦,农产品,CZCE,WH0
2020-06-18,2519.0,2539.0,2481.0,2515.0,28,1061,2513.0,小麦,农产品,CZCE,WH0
2020-06-19,2513.0,2516.0,2509.0,2511.0,16,1061,2514.0,小麦,农产品,CZCE,WH0
2020-06-22,2516.0,2517.0,2511.0,2511.0,30,1061,2512.0,小麦,农产品,CZCE,WH0
2020-06-23,2501.0,2514.0,2500.0,2510.0,31,1062,2509.0,小麦,农产品,CZCE,WH0
2020-06-24,2503.0,2504.0,2501.0,2501.0,13,1061,2503.0,小麦,农产品,CZCE,WH0
2020-06-29,2500.0,2519.0,2500.0,2519.0,30,1063,2513.0,小麦,农产品,CZCE,WH0
2020-06-30,2516.0,2527.0,2513.0,2522.0,23,1062,2522.0,小麦,农产品,CZCE,WH0
2020-07-01,2534.0,2534.0,2513.0,2517.0,20,1059,2518.0,小麦,农产品,CZCE,WH0
2020-07-02,2512.0,2518.0,2504.0,2518.0,12,1060,2513.0,小麦,农产品,CZCE,WH0
2020-07-03,2518.0,2524.0,2510.0,2514.0,44,1064,2515.0,小麦,农产品,CZCE,WH0
2020-07-06,2505.0,2528.0,2505.0,2515.0,66,1066,2514.0,小麦,农产品,CZCE,WH0
2020-07-07,2511.0,2517.0,2510.0,2516.0,19,1065,2514.0,小麦,农产品,CZCE,WH0
2020-07-08,2511.0,2521.0,2511.0,2515.0,29,1066,2516.0,小麦,农产品,CZCE,WH0
2020-07-09,2512.0,2532.0,2512.0,2521.0,33,1069,2522.0,小麦,农产品,CZCE,WH0
2020-07-10,2525.0,2527.0,2518.0,2518.0,36,1067,2524.0,小麦,农产品,CZCE,WH0
2020-07-13,2520.0,2520.0,2512.0,2519.0,19,1066,2518.0,小麦,农产品,CZCE,WH0
2020-07-14,2516.0,2517.0,2512.0,2517.0,9,1063,2516.0,小麦,农产品,CZCE,WH0
2020-07-16,2513.0,2516.0,2511.0,2516.0,23,1063,2514.0,小麦,农产品,CZCE,WH0
2020-07-17,2526.0,2526.0,2513.0,2525.0,24,1061,2521.0,小麦,农产品,CZCE,WH0
2020-07-20,2513.0,2520.0,2513.0,2520.0,11,1057,2515.0,小麦,农产品,CZCE,WH0
2020-07-21,2618.0,2618.0,2600.0,2600.0,4,162,2607.0,小麦,农产品,CZCE,WH0
2020-07-22,2511.0,2515.0,2511.0,2515.0,10,1059,2515.0,小麦,农产品,CZCE,WH0
2020-07-23,2611.0,2611.0,2611.0,2611.0,1,166,2611.0,小麦,农产品,CZCE,WH0
2020-07-24,2525.0,2555.0,2524.0,2541.0,51,1071,2540.0,小麦,农产品,CZCE,WH0
2020-07-27,2554.0,2595.0,2544.0,2574.0,219,1079,2580.0,小麦,农产品,CZCE,WH0
2020-07-28,2597.0,2604.0,2524.0,2534.0,104,1066,2554.0,小麦,农产品,CZCE,WH0
2020-07-29,2529.0,2555.0,2529.0,2542.0,38,1067,2544.0,小麦,农产品,CZCE,WH0
2020-07-30,2534.0,2535.0,2505.0,2533.0,71,1065,2524.0,小麦,农产品,CZCE,WH0
2020-07-31,2560.0,2562.0,2516.0,2531.0,565,533,2526.0,小麦,农产品,CZCE,WH0
2020-08-03,2541.0,2567.0,2489.0,2567.0,84,539,2541.0,小麦,农产品,CZCE,WH0
2020-08-04,2545.0,2594.0,2539.0,2561.0,201,551,2567.0,小麦,农产品,CZCE,WH0
2020-08-05,2542.0,2566.0,2542.0,2548.0,15,548,2557.0,小麦,农产品,CZCE,WH0
2020-08-06,2538.0,2558.0,2538.0,2545.0,27,549,2543.0,小麦,农产品,CZCE,WH0
2020-08-07,2555.0,2560.0,2548.0,2560.0,38,548,2554.0,小麦,农产品,CZCE,WH0
2020-08-10,2544.0,2566.0,2544.0,2560.0,21,547,2557.0,小麦,农产品,CZCE,WH0
2020-08-11,2552.0,2559.0,2552.0,2559.0,25,548,2556.0,小麦,农产品,CZCE,WH0
2020-08-12,2572.0,2572.0,2554.0,2570.0,53,533,2561.0,小麦,农产品,CZCE,WH0
2020-08-13,2587.0,2596.0,2571.0,2572.0,42,533,2585.0,小麦,农产品,CZCE,WH0
2020-08-14,2658.0,2658.0,2642.0,2648.0,13,253,2651.0,小麦,农产品,CZCE,WH0
2020-08-17,2565.0,2566.0,2543.0,2547.0,37,430,2548.0,小麦,农产品,CZCE,WH0
2020-08-18,2547.0,2556.0,2539.0,2556.0,55,388,2543.0,小麦,农产品,CZCE,WH0
2020-08-19,2542.0,2561.0,2542.0,2561.0,86,324,2550.0,小麦,农产品,CZCE,WH0
2020-08-20,2550.0,2552.0,2545.0,2545.0,6,323,2549.0,小麦,农产品,CZCE,WH0
2020-08-21,2638.0,2638.0,2620.0,2621.0,21,263,2627.0,小麦,农产品,CZCE,WH0
2020-08-24,2520.0,2520.0,2490.0,2490.0,53,247,2502.0,小麦,农产品,CZCE,WH0
2020-08-25,2452.0,2497.0,2441.0,2469.0,28,239,2470.0,小麦,农产品,CZCE,WH0
2020-08-26,2459.0,2480.0,2457.0,2465.0,28,230,2466.0,小麦,农产品,CZCE,WH0
2020-08-27,2429.0,2491.0,2429.0,2465.0,41,207,2459.0,小麦,农产品,CZCE,WH0
2020-08-28,2461.0,2462.0,2452.0,2452.0,49,169,2457.0,小麦,农产品,CZCE,WH0
2020-08-31,2530.0,2530.0,2382.0,2455.0,196,0,2438.0,小麦,农产品,CZCE,WH0
2020-09-02,2631.0,2633.0,2620.0,2620.0,8,290,2627.0,小麦,农产品,CZCE,WH0
2020-09-03,2627.0,2627.0,2619.0,2625.0,7,289,2622.0,小麦,农产品,CZCE,WH0
2020-09-04,2619.0,2639.0,2615.0,2624.0,34,303,2623.0,小麦,农产品,CZCE,WH0
2020-09-07,2617.0,2630.0,2617.0,2619.0,35,309,2621.0,小麦,农产品,CZCE,WH0
2020-09-08,2627.0,2627.0,2619.0,2624.0,18,314,2623.0,小麦,农产品,CZCE,WH0
2020-09-09,2618.0,2627.0,2616.0,2627.0,9,315,2619.0,小麦,农产品,CZCE,WH0
2020-09-10,2625.0,2626.0,2622.0,2622.0,15,321,2625.0,小麦,农产品,CZCE,WH0
2020-09-11,2635.0,2636.0,2622.0,2623.0,11,322,2628.0,小麦,农产品,CZCE,WH0
2020-09-14,2621.0,2621.0,2594.0,2610.0,50,323,2609.0,小麦,农产品,CZCE,WH0
2020-09-15,2605.0,2620.0,2605.0,2613.0,10,321,2611.0,小麦,农产品,CZCE,WH0
2020-09-16,2604.0,2620.0,2604.0,2620.0,6,322,2612.0,小麦,农产品,CZCE,WH0
2020-09-17,2604.0,2618.0,2604.0,2618.0,8,322,2611.0,小麦,农产品,CZCE,WH0
2020-09-18,2612.0,2630.0,2610.0,2627.0,53,326,2621.0,小麦,农产品,CZCE,WH0
2020-09-21,2639.0,2658.0,2633.0,2641.0,106,362,2642.0,小麦,农产品,CZCE,WH0
2020-09-22,2644.0,2644.0,2632.0,2637.0,26,363,2639.0,小麦,农产品,CZCE,WH0
2020-09-23,2620.0,2640.0,2560.0,2605.0,42,358,2611.0,小麦,农产品,CZCE,WH0
2020-09-24,2607.0,2614.0,2605.0,2606.0,8,359,2609.0,小麦,农产品,CZCE,WH0
2020-09-25,2605.0,2616.0,2600.0,2610.0,37,359,2605.0,小麦,农产品,CZCE,WH0
2020-09-28,2620.0,2620.0,2608.0,2609.0,4,358,2613.0,小麦,农产品,CZCE,WH0
2020-09-29,2614.0,2614.0,2601.0,2609.0,13,358,2607.0,小麦,农产品,CZCE,WH0
2020-09-30,2601.0,2609.0,2600.0,2609.0,20,360,2603.0,小麦,农产品,CZCE,WH0
2020-10-09,2611.0,2648.0,2611.0,2632.0,72,388,2637.0,小麦,农产品,CZCE,WH0
2020-10-12,2645.0,2670.0,2631.0,2665.0,104,444,2656.0,小麦,农产品,CZCE,WH0
2020-10-13,2679.0,2758.0,2672.0,2727.0,298,548,2716.0,小麦,农产品,CZCE,WH0
2020-10-14,2739.0,2739.0,2678.0,2683.0,224,514,2696.0,小麦,农产品,CZCE,WH0
2020-10-15,2687.0,2710.0,2673.0,2691.0,94,510,2690.0,小麦,农产品,CZCE,WH0
2020-10-16,2714.0,2723.0,2708.0,2713.0,102,509,2716.0,小麦,农产品,CZCE,WH0
2020-10-19,2730.0,2738.0,2691.0,2710.0,132,515,2716.0,小麦,农产品,CZCE,WH0
2020-10-20,2713.0,2713.0,2696.0,2696.0,57,515,2704.0,小麦,农产品,CZCE,WH0
2020-10-21,2713.0,2769.0,2713.0,2749.0,715,768,2755.0,小麦,农产品,CZCE,WH0
2020-10-22,2745.0,2745.0,2700.0,2716.0,289,747,2719.0,小麦,农产品,CZCE,WH0
2020-10-23,2717.0,2717.0,2703.0,2708.0,130,703,2708.0,小麦,农产品,CZCE,WH0
2020-10-26,2711.0,2749.0,2711.0,2732.0,118,712,2727.0,小麦,农产品,CZCE,WH0
2020-10-27,2727.0,2728.0,2681.0,2695.0,176,679,2701.0,小麦,农产品,CZCE,WH0
2020-10-28,2689.0,2690.0,2679.0,2689.0,72,672,2686.0,小麦,农产品,CZCE,WH0
2020-10-29,2692.0,2705.0,2685.0,2705.0,48,651,2694.0,小麦,农产品,CZCE,WH0
2020-10-30,2714.0,2736.0,2699.0,2699.0,77,651,2722.0,小麦,农产品,CZCE,WH0
2020-11-02,2675.0,2724.0,2674.0,2698.0,66,653,2696.0,小麦,农产品,CZCE,WH0
2020-11-03,2727.0,2728.0,2680.0,2703.0,39,652,2706.0,小麦,农产品,CZCE,WH0
2020-11-04,2696.0,2708.0,2692.0,2705.0,24,654,2700.0,小麦,农产品,CZCE,WH0
2020-11-05,2706.0,2714.0,2701.0,2704.0,42,657,2708.0,小麦,农产品,CZCE,WH0
2020-11-06,2705.0,2710.0,2683.0,2683.0,58,637,2698.0,小麦,农产品,CZCE,WH0
2020-11-09,2691.0,2697.0,2685.0,2691.0,52,629,2690.0,小麦,农产品,CZCE,WH0
2020-11-10,2694.0,2695.0,2683.0,2695.0,59,628,2689.0,小麦,农产品,CZCE,WH0
2020-11-11,2702.0,2702.0,2689.0,2697.0,47,629,2695.0,小麦,农产品,CZCE,WH0
2020-11-12,2699.0,2699.0,2686.0,2692.0,35,627,2691.0,小麦,农产品,CZCE,WH0
2020-11-13,2683.0,2692.0,2660.0,2692.0,82,634,2679.0,小麦,农产品,CZCE,WH0
2020-11-16,2699.0,2699.0,2680.0,2690.0,43,626,2688.0,小麦,农产品,CZCE,WH0
2020-11-17,2683.0,2692.0,2674.0,2674.0,32,617,2680.0,小麦,农产品,CZCE,WH0
2020-11-18,2666.0,2685.0,2666.0,2679.0,15,616,2677.0,小麦,农产品,CZCE,WH0
2020-11-19,2669.0,2687.0,2669.0,2676.0,40,611,2679.0,小麦,农产品,CZCE,WH0
2020-11-20,2670.0,2679.0,2664.0,2675.0,23,611,2671.0,小麦,农产品,CZCE,WH0
2020-11-23,2666.0,2679.0,2661.0,2663.0,28,611,2668.0,小麦,农产品,CZCE,WH0
2020-11-24,2664.0,2665.0,2627.0,2631.0,80,610,2637.0,小麦,农产品,CZCE,WH0
2020-11-25,2638.0,2638.0,2602.0,2613.0,43,609,2621.0,小麦,农产品,CZCE,WH0
2020-11-26,2604.0,2618.0,2596.0,2602.0,53,600,2604.0,小麦,农产品,CZCE,WH0
2020-11-27,2598.0,2618.0,2598.0,2604.0,34,585,2608.0,小麦,农产品,CZCE,WH0
2020-11-30,2615.0,2630.0,2600.0,2630.0,42,585,2622.0,小麦,农产品,CZCE,WH0
2020-12-01,2658.0,2658.0,2591.0,2606.0,73,582,2604.0,小麦,农产品,CZCE,WH0
2020-12-02,2582.0,2624.0,2581.0,2610.0,51,582,2603.0,小麦,农产品,CZCE,WH0
2020-12-03,2618.0,2618.0,2604.0,2617.0,53,572,2612.0,小麦,农产品,CZCE,WH0
2020-12-04,2603.0,2627.0,2603.0,2619.0,19,564,2616.0,小麦,农产品,CZCE,WH0
2020-12-07,2606.0,2618.0,2600.0,2600.0,31,537,2603.0,小麦,农产品,CZCE,WH0
2020-12-08,2600.0,2600.0,2589.0,2600.0,58,524,2597.0,小麦,农产品,CZCE,WH0
2020-12-09,2596.0,2606.0,2594.0,2599.0,42,514,2598.0,小麦,农产品,CZCE,WH0
2020-12-10,2596.0,2616.0,2595.0,2599.0,50,476,2597.0,小麦,农产品,CZCE,WH0
2020-12-11,2593.0,2610.0,2592.0,2594.0,46,453,2595.0,小麦,农产品,CZCE,WH0
2020-12-14,2597.0,2604.0,2592.0,2600.0,48,444,2594.0,小麦,农产品,CZCE,WH0
2020-12-15,2586.0,2596.0,2586.0,2595.0,11,444,2593.0,小麦,农产品,CZCE,WH0
2020-12-16,2593.0,2600.0,2593.0,2600.0,15,438,2597.0,小麦,农产品,CZCE,WH0
2020-12-17,2592.0,2602.0,2591.0,2597.0,21,425,2596.0,小麦,农产品,CZCE,WH0
2020-12-18,2594.0,2603.0,2594.0,2597.0,14,422,2598.0,小麦,农产品,CZCE,WH0
2020-12-21,2603.0,2606.0,2590.0,2597.0,22,417,2601.0,小麦,农产品,CZCE,WH0
2020-12-22,2652.0,2667.0,2640.0,2662.0,54,122,2651.0,小麦,农产品,CZCE,WH0
2020-12-23,2552.0,2598.0,2535.0,2591.0,41,373,2566.0,小麦,农产品,CZCE,WH0
2020-12-24,2607.0,2607.0,2597.0,2607.0,4,371,2602.0,小麦,农产品,CZCE,WH0
2020-12-25,2651.0,2662.0,2646.0,2650.0,8,130,2652.0,小麦,农产品,CZCE,WH0
2020-12-28,2585.0,2610.0,2580.0,2610.0,39,343,2588.0,小麦,农产品,CZCE,WH0
2020-12-29,2651.0,2661.0,2651.0,2660.0,41,171,2658.0,小麦,农产品,CZCE,WH0
2020-12-30,2577.0,2658.0,2577.0,2639.0,72,314,2618.0,小麦,农产品,CZCE,WH0
2020-12-31,2626.0,2729.0,2578.0,2592.0,93,284,2615.0,小麦,农产品,CZCE,WH0
2021-01-04,2601.0,2601.0,2601.0,2601.0,61,283,0.0,小麦,农产品,CZCE,WH0
2021-01-05,2660.0,2690.0,2660.0,2681.0,15,239,2673.0,小麦,农产品,CZCE,WH0
2021-01-06,2696.0,2696.0,2681.0,2692.0,45,262,2690.0,小麦,农产品,CZCE,WH0
2021-01-07,2717.0,2717.0,2682.0,2687.0,102,286,2694.0,小麦,农产品,CZCE,WH0
2021-01-08,2695.0,2695.0,2678.0,2688.0,28,290,2686.0,小麦,农产品,CZCE,WH0
2021-01-11,2708.0,2730.0,2681.0,2688.0,130,319,2711.0,小麦,农产品,CZCE,WH0
2021-01-12,2695.0,2717.0,2682.0,2710.0,70,329,2701.0,小麦,农产品,CZCE,WH0
2021-01-13,2763.0,2763.0,2719.0,2729.0,173,411,2729.0,小麦,农产品,CZCE,WH0
2021-01-14,2690.0,2756.0,2690.0,2730.0,272,495,2738.0,小麦,农产品,CZCE,WH0
2021-01-15,2731.0,2754.0,2713.0,2736.0,92,491,2736.0,小麦,农产品,CZCE,WH0
2021-01-18,2759.0,2845.0,2755.0,2805.0,568,732,2798.0,小麦,农产品,CZCE,WH0
2021-01-19,2803.0,2803.0,2760.0,2762.0,227,720,2777.0,小麦,农产品,CZCE,WH0
2021-01-20,2764.0,2769.0,2727.0,2733.0,124,721,2742.0,小麦,农产品,CZCE,WH0
2021-01-21,2722.0,2760.0,2722.0,2740.0,88,720,2736.0,小麦,农产品,CZCE,WH0
2021-01-22,2754.0,2754.0,2674.0,2686.0,171,710,2695.0,小麦,农产品,CZCE,WH0
2021-01-25,2672.0,2690.0,2666.0,2680.0,119,726,2676.0,小麦,农产品,CZCE,WH0
2021-01-26,2686.0,2699.0,2680.0,2680.0,65,726,2687.0,小麦,农产品,CZCE,WH0
2021-01-27,2688.0,2710.0,2683.0,2695.0,66,718,2699.0,小麦,农产品,CZCE,WH0
2021-01-28,2696.0,2697.0,2678.0,2682.0,41,723,2687.0,小麦,农产品,CZCE,WH0
2021-01-29,2687.0,2706.0,2665.0,2700.0,84,728,2696.0,小麦,农产品,CZCE,WH0
2021-02-01,2695.0,2707.0,2688.0,2704.0,82,730,2701.0,小麦,农产品,CZCE,WH0
2021-02-02,2697.0,2717.0,2692.0,2711.0,101,742,2706.0,小麦,农产品,CZCE,WH0
2021-02-03,2721.0,2721.0,2691.0,2709.0,66,737,2702.0,小麦,农产品,CZCE,WH0
2021-02-04,2708.0,2722.0,2701.0,2720.0,99,737,2716.0,小麦,农产品,CZCE,WH0
2021-02-05,2722.0,2735.0,2716.0,2734.0,105,708,2726.0,小麦,农产品,CZCE,WH0
2021-02-08,2752.0,2752.0,2701.0,2701.0,130,705,2723.0,小麦,农产品,CZCE,WH0
2021-02-09,2702.0,2708.0,2686.0,2695.0,59,707,2695.0,小麦,农产品,CZCE,WH0
2021-02-10,2692.0,2707.0,2691.0,2704.0,36,717,2699.0,小麦,农产品,CZCE,WH0
2021-02-18,2694.0,2737.0,2620.0,2715.0,120,706,2698.0,小麦,农产品,CZCE,WH0
2021-02-19,2737.0,2755.0,2706.0,2750.0,381,815,2737.0,小麦,农产品,CZCE,WH0
2021-02-22,2759.0,2779.0,2742.0,2759.0,164,816,2755.0,小麦,农产品,CZCE,WH0
2021-02-23,2735.0,2778.0,2734.0,2759.0,122,819,2758.0,小麦,农产品,CZCE,WH0
2021-02-24,2782.0,2782.0,2746.0,2759.0,73,822,2762.0,小麦,农产品,CZCE,WH0
2021-02-25,2751.0,2768.0,2750.0,2761.0,85,818,2757.0,小麦,农产品,CZCE,WH0
2021-02-26,2742.0,2784.0,2728.0,2750.0,234,806,2750.0,小麦,农产品,CZCE,WH0
2021-03-01,2760.0,2766.0,2737.0,2766.0,61,809,2751.0,小麦,农产品,CZCE,WH0
2021-03-02,2748.0,2767.0,2724.0,2761.0,112,810,2753.0,小麦,农产品,CZCE,WH0
2021-03-03,2755.0,2786.0,2755.0,2772.0,78,809,2776.0,小麦,农产品,CZCE,WH0
2021-03-04,2763.0,2773.0,2753.0,2760.0,40,803,2760.0,小麦,农产品,CZCE,WH0
2021-03-05,2754.0,2786.0,2751.0,2763.0,30,802,2763.0,小麦,农产品,CZCE,WH0
2021-03-08,2758.0,2815.0,2673.0,2762.0,150,801,2772.0,小麦,农产品,CZCE,WH0
2021-03-09,2752.0,2763.0,2752.0,2759.0,65,799,2759.0,小麦,农产品,CZCE,WH0
2021-03-10,2757.0,2765.0,2750.0,2760.0,46,804,2757.0,小麦,农产品,CZCE,WH0
2021-03-11,2752.0,2768.0,2743.0,2763.0,20,801,2756.0,小麦,农产品,CZCE,WH0
2021-03-12,2775.0,2799.0,2765.0,2778.0,61,804,2775.0,小麦,农产品,CZCE,WH0
2021-03-15,2779.0,2799.0,2779.0,2793.0,40,814,2791.0,小麦,农产品,CZCE,WH0
2021-03-16,2818.0,2818.0,2758.0,2758.0,26,810,2776.0,小麦,农产品,CZCE,WH0
2021-03-17,2753.0,2788.0,2746.0,2773.0,36,812,2769.0,小麦,农产品,CZCE,WH0
2021-03-18,2785.0,2785.0,2743.0,2753.0,43,815,2759.0,小麦,农产品,CZCE,WH0
2021-03-19,2770.0,2778.0,2743.0,2777.0,32,829,2760.0,小麦,农产品,CZCE,WH0
2021-03-22,2764.0,2788.0,2758.0,2784.0,21,828,2774.0,小麦,农产品,CZCE,WH0
2021-03-23,2778.0,2778.0,2770.0,2775.0,18,818,2775.0,小麦,农产品,CZCE,WH0
2021-03-24,2791.0,2791.0,2752.0,2759.0,28,819,2771.0,小麦,农产品,CZCE,WH0
2021-03-25,2764.0,2776.0,2761.0,2775.0,6,817,2768.0,小麦,农产品,CZCE,WH0
2021-03-26,2756.0,2764.0,2756.0,2764.0,2,815,2760.0,小麦,农产品,CZCE,WH0
2021-03-29,2824.0,2824.0,2824.0,2824.0,1,11,2824.0,小麦,农产品,CZCE,WH0
2021-03-30,2750.0,2764.0,2750.0,2760.0,12,819,2753.0,小麦,农产品,CZCE,WH0
2021-03-31,2743.0,2771.0,2743.0,2761.0,48,801,2760.0,小麦,农产品,CZCE,WH0
2021-04-01,2785.0,2785.0,2757.0,2758.0,45,800,2771.0,小麦,农产品,CZCE,WH0
2021-04-02,2756.0,2756.0,2748.0,2751.0,18,792,2752.0,小麦,农产品,CZCE,WH0
2021-04-06,2768.0,2772.0,2760.0,2765.0,32,793,2765.0,小麦,农产品,CZCE,WH0
2021-04-07,2759.0,2763.0,2759.0,2759.0,12,790,2761.0,小麦,农产品,CZCE,WH0
2021-04-08,2769.0,2772.0,2768.0,2768.0,33,795,2770.0,小麦,农产品,CZCE,WH0
2021-04-09,2771.0,2771.0,2751.0,2753.0,32,790,2760.0,小麦,农产品,CZCE,WH0
2021-04-12,2756.0,2756.0,2732.0,2750.0,53,768,2742.0,小麦,农产品,CZCE,WH0
2021-04-13,2755.0,2771.0,2734.0,2764.0,58,761,2756.0,小麦,农产品,CZCE,WH0
2021-04-14,2766.0,2768.0,2757.0,2763.0,13,760,2763.0,小麦,农产品,CZCE,WH0
2021-04-15,2766.0,2766.0,2763.0,2763.0,5,757,2764.0,小麦,农产品,CZCE,WH0
2021-04-16,2761.0,2766.0,2759.0,2762.0,14,756,2762.0,小麦,农产品,CZCE,WH0
2021-04-19,2722.0,2763.0,2720.0,2755.0,65,741,2747.0,小麦,农产品,CZCE,WH0
2021-04-20,2755.0,2759.0,2750.0,2758.0,9,735,2754.0,小麦,农产品,CZCE,WH0
2021-04-21,2700.0,2700.0,2562.0,2562.0,3,10,2654.0,小麦,农产品,CZCE,WH0
2021-04-22,2766.0,2769.0,2755.0,2755.0,11,731,2761.0,小麦,农产品,CZCE,WH0
2021-04-23,2773.0,2775.0,2751.0,2757.0,25,734,2759.0,小麦,农产品,CZCE,WH0
2021-04-26,2757.0,2767.0,2753.0,2756.0,26,737,2761.0,小麦,农产品,CZCE,WH0
2021-04-27,2756.0,2758.0,2753.0,2754.0,14,736,2756.0,小麦,农产品,CZCE,WH0
2021-04-28,2754.0,2757.0,2743.0,2743.0,12,735,2751.0,小麦,农产品,CZCE,WH0
2021-04-29,2742.0,2768.0,2730.0,2747.0,35,737,2754.0,小麦,农产品,CZCE,WH0
2021-04-30,2747.0,2753.0,2738.0,2741.0,16,731,2746.0,小麦,农产品,CZCE,WH0
2021-05-06,2740.0,2769.0,2740.0,2767.0,24,733,2759.0,小麦,农产品,CZCE,WH0
2021-05-07,2777.0,2777.0,2762.0,2769.0,34,733,2771.0,小麦,农产品,CZCE,WH0
2021-05-10,2776.0,2797.0,2760.0,2790.0,61,753,2774.0,小麦,农产品,CZCE,WH0
2021-05-11,2792.0,2798.0,2771.0,2783.0,91,758,2785.0,小麦,农产品,CZCE,WH0
2021-05-12,2796.0,2827.0,2777.0,2825.0,190,826,2802.0,小麦,农产品,CZCE,WH0
2021-05-13,2845.0,2845.0,2762.0,2775.0,128,817,2806.0,小麦,农产品,CZCE,WH0
2021-05-14,2759.0,2790.0,2756.0,2790.0,50,809,2768.0,小麦,农产品,CZCE,WH0
2021-05-17,2797.0,2813.0,2767.0,2772.0,133,822,2784.0,小麦,农产品,CZCE,WH0
2021-05-18,2776.0,2818.0,2773.0,2807.0,67,844,2800.0,小麦,农产品,CZCE,WH0
2021-05-19,2788.0,2804.0,2785.0,2791.0,36,840,2794.0,小麦,农产品,CZCE,WH0
2021-05-20,2764.0,2798.0,2764.0,2783.0,71,842,2784.0,小麦,农产品,CZCE,WH0
2021-05-21,2798.0,2807.0,2783.0,2792.0,96,886,2798.0,小麦,农产品,CZCE,WH0
2021-05-24,2792.0,2792.0,2752.0,2777.0,100,869,2774.0,小麦,农产品,CZCE,WH0
2021-05-25,2787.0,2787.0,2768.0,2768.0,43,866,2777.0,小麦,农产品,CZCE,WH0
2021-05-26,2772.0,2786.0,2742.0,2768.0,45,853,2767.0,小麦,农产品,CZCE,WH0
2021-05-27,2771.0,2789.0,2765.0,2771.0,161,802,2772.0,小麦,农产品,CZCE,WH0
2021-05-28,2788.0,2799.0,2767.0,2767.0,114,823,2778.0,小麦,农产品,CZCE,WH0
2021-05-31,2760.0,2773.0,2752.0,2773.0,47,808,2766.0,小麦,农产品,CZCE,WH0
2021-06-01,2766.0,2775.0,2766.0,2774.0,21,802,2771.0,小麦,农产品,CZCE,WH0
2021-06-02,2773.0,2774.0,2770.0,2772.0,37,792,2771.0,小麦,农产品,CZCE,WH0
2021-06-03,2766.0,2769.0,2747.0,2750.0,79,790,2756.0,小麦,农产品,CZCE,WH0
2021-06-04,2741.0,2754.0,2738.0,2741.0,72,767,2744.0,小麦,农产品,CZCE,WH0
2021-06-07,2752.0,2757.0,2751.0,2755.0,49,739,2753.0,小麦,农产品,CZCE,WH0
2021-06-08,2772.0,2772.0,2743.0,2750.0,22,733,2751.0,小麦,农产品,CZCE,WH0
2021-06-09,2750.0,2764.0,2750.0,2760.0,36,731,2757.0,小麦,农产品,CZCE,WH0
2021-06-10,2750.0,2755.0,2748.0,2751.0,48,730,2751.0,小麦,农产品,CZCE,WH0
2021-06-11,2744.0,2758.0,2744.0,2754.0,23,724,2753.0,小麦,农产品,CZCE,WH0
2021-06-15,2750.0,2759.0,2745.0,2755.0,67,701,2752.0,小麦,农产品,CZCE,WH0
2021-06-16,2761.0,2774.0,2758.0,2773.0,37,692,2767.0,小麦,农产品,CZCE,WH0
2021-06-17,2771.0,2775.0,2769.0,2774.0,65,687,2772.0,小麦,农产品,CZCE,WH0
2021-06-18,2773.0,2773.0,2754.0,2768.0,52,664,2765.0,小麦,农产品,CZCE,WH0
2021-06-21,2773.0,2773.0,2761.0,2769.0,42,646,2767.0,小麦,农产品,CZCE,WH0
2021-06-22,2765.0,2772.0,2731.0,2751.0,41,627,2764.0,小麦,农产品,CZCE,WH0
2021-06-23,2751.0,2761.0,2751.0,2759.0,16,631,2757.0,小麦,农产品,CZCE,WH0
2021-06-24,2760.0,2776.0,2755.0,2765.0,34,624,2763.0,小麦,农产品,CZCE,WH0
2021-06-25,2761.0,2769.0,2761.0,2769.0,19,619,2766.0,小麦,农产品,CZCE,WH0
2021-06-28,2767.0,2768.0,2766.0,2766.0,7,616,2767.0,小麦,农产品,CZCE,WH0
2021-06-29,2770.0,2772.0,2766.0,2770.0,33,617,2770.0,小麦,农产品,CZCE,WH0
2021-06-30,2766.0,2771.0,2764.0,2769.0,8,616,2767.0,小麦,农产品,CZCE,WH0
2021-07-01,2771.0,2776.0,2770.0,2770.0,12,620,2773.0,小麦,农产品,CZCE,WH0
2021-07-02,2732.0,2773.0,2732.0,2771.0,7,619,2764.0,小麦,农产品,CZCE,WH0
2021-07-05,2762.0,2768.0,2762.0,2766.0,5,615,2765.0,小麦,农产品,CZCE,WH0
2021-07-06,2764.0,2769.0,2756.0,2756.0,19,608,2764.0,小麦,农产品,CZCE,WH0
2021-07-07,2756.0,2757.0,2750.0,2757.0,23,591,2755.0,小麦,农产品,CZCE,WH0
2021-07-08,2761.0,2762.0,2756.0,2756.0,4,591,2759.0,小麦,农产品,CZCE,WH0
2021-07-09,2760.0,2764.0,2756.0,2757.0,18,594,2758.0,小麦,农产品,CZCE,WH0
2021-07-12,2755.0,2766.0,2755.0,2760.0,5,593,2760.0,小麦,农产品,CZCE,WH0
2021-07-13,2766.0,2768.0,2765.0,2765.0,17,589,2767.0,小麦,农产品,CZCE,WH0
2021-07-14,2766.0,2766.0,2761.0,2761.0,15,584,2763.0,小麦,农产品,CZCE,WH0
2021-07-15,2765.0,2766.0,2752.0,2763.0,75,577,2757.0,小麦,农产品,CZCE,WH0
2021-07-16,2765.0,2765.0,2761.0,2761.0,3,578,2763.0,小麦,农产品,CZCE,WH0
2021-07-20,2714.0,2762.0,2714.0,2756.0,25,576,2753.0,小麦,农产品,CZCE,WH0
2021-07-21,2766.0,2798.0,2766.0,2768.0,56,591,2781.0,小麦,农产品,CZCE,WH0
2021-07-22,2795.0,2795.0,2764.0,2775.0,41,583,2769.0,小麦,农产品,CZCE,WH0
2021-07-23,2766.0,2770.0,2765.0,2770.0,5,581,2767.0,小麦,农产品,CZCE,WH0
2021-07-26,2784.0,2784.0,2764.0,2764.0,18,580,2774.0,小麦,农产品,CZCE,WH0
2021-07-27,2763.0,2766.0,2759.0,2764.0,9,578,2762.0,小麦,农产品,CZCE,WH0
2021-07-28,2769.0,2769.0,2761.0,2761.0,19,577,2762.0,小麦,农产品,CZCE,WH0
2021-07-29,2766.0,2804.0,2761.0,2803.0,16,584,2777.0,小麦,农产品,CZCE,WH0
2021-07-30,2798.0,2798.0,2762.0,2765.0,17,577,2772.0,小麦,农产品,CZCE,WH0
2021-08-02,2758.0,2765.0,2756.0,2765.0,21,577,2761.0,小麦,农产品,CZCE,WH0
2021-08-03,2759.0,2771.0,2759.0,2770.0,190,410,2766.0,小麦,农产品,CZCE,WH0
2021-08-04,2777.0,2777.0,2763.0,2775.0,21,412,2771.0,小麦,农产品,CZCE,WH0
2021-08-05,2782.0,2782.0,2770.0,2770.0,16,413,2775.0,小麦,农产品,CZCE,WH0
2021-08-06,2772.0,2774.0,2767.0,2768.0,12,415,2771.0,小麦,农产品,CZCE,WH0
2021-08-09,2763.0,2777.0,2763.0,2770.0,200,230,2764.0,小麦,农产品,CZCE,WH0
2021-08-10,2772.0,2772.0,2763.0,2767.0,21,215,2767.0,小麦,农产品,CZCE,WH0
2021-08-11,2772.0,2775.0,2769.0,2770.0,6,212,2772.0,小麦,农产品,CZCE,WH0
2021-08-12,2767.0,2772.0,2764.0,2764.0,131,109,2771.0,小麦,农产品,CZCE,WH0
2021-08-13,2773.0,2773.0,2764.0,2772.0,15,106,2768.0,小麦,农产品,CZCE,WH0
2021-08-16,2786.0,2787.0,2768.0,2777.0,16,104,2775.0,小麦,农产品,CZCE,WH0
2021-08-17,2768.0,2910.0,2768.0,2774.0,197,114,2834.0,小麦,农产品,CZCE,WH0
2021-08-18,2768.0,2788.0,2768.0,2771.0,25,98,2772.0,小麦,农产品,CZCE,WH0
2021-08-19,2790.0,2790.0,2765.0,2767.0,37,85,2771.0,小麦,农产品,CZCE,WH0
2021-08-20,2758.0,2779.0,2758.0,2770.0,28,62,2773.0,小麦,农产品,CZCE,WH0
2021-08-23,2783.0,2798.0,2767.0,2767.0,15,56,2778.0,小麦,农产品,CZCE,WH0
2021-08-24,2778.0,2779.0,2743.0,2751.0,40,35,2756.0,小麦,农产品,CZCE,WH0
2021-08-25,2740.0,2758.0,2713.0,2713.0,12,34,2745.0,小麦,农产品,CZCE,WH0
2021-08-26,2738.0,2738.0,2656.0,2720.0,30,29,2702.0,小麦,农产品,CZCE,WH0
2021-08-27,2701.0,2746.0,2701.0,2728.0,21,26,2729.0,小麦,农产品,CZCE,WH0
2021-08-30,2727.0,2770.0,2662.0,2701.0,16,25,2711.0,小麦,农产品,CZCE,WH0
2021-08-31,2641.0,2738.0,2641.0,2699.0,28,0,2679.0,小麦,农产品,CZCE,WH0
2021-09-08,2844.0,2883.0,2760.0,2850.0,13,2,2825.0,小麦,农产品,CZCE,WH0
2021-09-09,2836.0,2836.0,2836.0,2836.0,1,2,2836.0,小麦,农产品,CZCE,WH0
2021-09-13,2880.0,2880.0,2851.0,2851.0,4,2,2866.0,小麦,农产品,CZCE,WH0
2021-09-15,2822.0,2868.0,2822.0,2830.0,3,1,2840.0,小麦,农产品,CZCE,WH0
2021-09-22,2880.0,2880.0,2800.0,2841.0,4,2,2850.0,小麦,农产品,CZCE,WH0
2021-09-23,2870.0,2870.0,2870.0,2870.0,1,2,2870.0,小麦,农产品,CZCE,WH0
2021-09-27,2832.0,2850.0,2821.0,2821.0,6,2,2836.0,小麦,农产品,CZCE,WH0
2021-09-29,2788.0,2838.0,2788.0,2838.0,2,2,2813.0,小麦,农产品,CZCE,WH0
2021-10-08,2840.0,2999.0,2830.0,2935.0,51,16,2943.0,小麦,农产品,CZCE,WH0
2021-10-11,2990.0,3054.0,2911.0,2955.0,98,36,2978.0,小麦,农产品,CZCE,WH0
2021-10-12,2914.0,2996.0,2914.0,2966.0,40,41,2962.0,小麦,农产品,CZCE,WH0
2021-10-13,2986.0,3042.0,2964.0,2990.0,366,264,3005.0,小麦,农产品,CZCE,WH0
2021-10-14,2997.0,2997.0,2856.0,2919.0,107,239,2923.0,小麦,农产品,CZCE,WH0
2021-10-15,2955.0,2955.0,2861.0,2903.0,46,237,2897.0,小麦,农产品,CZCE,WH0
2021-10-18,2867.0,2900.0,2867.0,2897.0,37,237,2884.0,小麦,农产品,CZCE,WH0
2021-10-19,2894.0,2907.0,2893.0,2907.0,17,234,2903.0,小麦,农产品,CZCE,WH0
2021-10-20,2861.0,2969.0,2861.0,2948.0,117,252,2936.0,小麦,农产品,CZCE,WH0
2021-10-21,2981.0,2994.0,2929.0,2944.0,125,265,2974.0,小麦,农产品,CZCE,WH0
2021-10-22,2918.0,2930.0,2886.0,2895.0,63,262,2903.0,小麦,农产品,CZCE,WH0
2021-10-25,2949.0,2950.0,2912.0,2937.0,105,259,2930.0,小麦,农产品,CZCE,WH0
2021-10-26,2946.0,2946.0,2893.0,2905.0,111,226,2902.0,小麦,农产品,CZCE,WH0
2021-10-27,2912.0,2927.0,2896.0,2923.0,32,221,2911.0,小麦,农产品,CZCE,WH0
2021-10-28,2914.0,2914.0,2898.0,2910.0,21,222,2908.0,小麦,农产品,CZCE,WH0
2021-10-29,2947.0,2947.0,2904.0,2913.0,18,221,2919.0,小麦,农产品,CZCE,WH0
2021-11-01,2836.0,2950.0,2836.0,2926.0,21,215,2911.0,小麦,农产品,CZCE,WH0
2021-11-02,2926.0,3038.0,2926.0,3018.0,152,253,2981.0,小麦,农产品,CZCE,WH0
2021-11-03,3044.0,3072.0,2984.0,3003.0,263,316,3020.0,小麦,农产品,CZCE,WH0
2021-11-04,2989.0,3035.0,2981.0,2998.0,129,361,3004.0,小麦,农产品,CZCE,WH0
2021-11-05,3004.0,3018.0,2975.0,2985.0,42,359,3001.0,小麦,农产品,CZCE,WH0
2021-11-08,3028.0,3028.0,2984.0,3010.0,66,356,2997.0,小麦,农产品,CZCE,WH0
2021-11-09,3009.0,3038.0,2982.0,3020.0,92,331,3009.0,小麦,农产品,CZCE,WH0
2021-11-10,3037.0,3037.0,3003.0,3019.0,31,326,3018.0,小麦,农产品,CZCE,WH0
2021-11-11,3045.0,3045.0,2958.0,2965.0,192,189,2978.0,小麦,农产品,CZCE,WH0
2021-11-12,2961.0,2999.0,2948.0,2951.0,98,145,2964.0,小麦,农产品,CZCE,WH0
2021-11-15,2953.0,2962.0,2940.0,2956.0,17,139,2952.0,小麦,农产品,CZCE,WH0
2021-11-16,2956.0,2996.0,2956.0,2976.0,43,133,2981.0,小麦,农产品,CZCE,WH0
2021-11-17,2965.0,2975.0,2950.0,2951.0,35,117,2960.0,小麦,农产品,CZCE,WH0
2021-11-18,2964.0,2970.0,2941.0,2941.0,18,123,2955.0,小麦,农产品,CZCE,WH0
2021-11-19,2908.0,2948.0,2908.0,2945.0,10,125,2935.0,小麦,农产品,CZCE,WH0
2021-11-22,2936.0,2967.0,2921.0,2943.0,55,126,2942.0,小麦,农产品,CZCE,WH0
2021-11-23,2960.0,2985.0,2958.0,2978.0,22,117,2970.0,小麦,农产品,CZCE,WH0
2021-11-24,2992.0,2992.0,2967.0,2967.0,10,116,2977.0,小麦,农产品,CZCE,WH0
2021-11-25,2977.0,2977.0,2960.0,2960.0,7,116,2965.0,小麦,农产品,CZCE,WH0
2021-11-26,2962.0,2962.0,2947.0,2947.0,5,114,2952.0,小麦,农产品,CZCE,WH0
2021-11-30,2944.0,2944.0,2926.0,2928.0,27,107,2932.0,小麦,农产品,CZCE,WH0
2021-12-01,2918.0,2940.0,2918.0,2935.0,15,109,2932.0,小麦,农产品,CZCE,WH0
2021-12-02,2934.0,2961.0,2925.0,2935.0,30,110,2939.0,小麦,农产品,CZCE,WH0
2021-12-03,2951.0,2951.0,2933.0,2946.0,4,111,2941.0,小麦,农产品,CZCE,WH0
2021-12-06,2935.0,2960.0,2935.0,2937.0,16,108,2941.0,小麦,农产品,CZCE,WH0
2021-12-07,2943.0,2953.0,2932.0,2932.0,13,110,2943.0,小麦,农产品,CZCE,WH0
2021-12-08,2919.0,2941.0,2919.0,2941.0,11,108,2934.0,小麦,农产品,CZCE,WH0
2021-12-09,2937.0,2937.0,2926.0,2928.0,6,106,2931.0,小麦,农产品,CZCE,WH0
2021-12-10,2936.0,2949.0,2936.0,2949.0,6,104,2944.0,小麦,农产品,CZCE,WH0
2021-12-13,2880.0,2968.0,2880.0,2968.0,45,108,2935.0,小麦,农产品,CZCE,WH0
2021-12-14,2984.0,2984.0,2941.0,2949.0,15,106,2954.0,小麦,农产品,CZCE,WH0
2021-12-15,2964.0,2964.0,2947.0,2956.0,6,107,2955.0,小麦,农产品,CZCE,WH0
2021-12-16,2943.0,2947.0,2920.0,2944.0,29,106,2935.0,小麦,农产品,CZCE,WH0
2021-12-17,2950.0,2950.0,2938.0,2948.0,5,103,2944.0,小麦,农产品,CZCE,WH0
2021-12-20,2934.0,2934.0,2934.0,2934.0,2,103,2934.0,小麦,农产品,CZCE,WH0
2021-12-22,2956.0,2956.0,2926.0,2936.0,3,103,2939.0,小麦,农产品,CZCE,WH0
2021-12-23,2948.0,2948.0,2933.0,2948.0,14,102,2943.0,小麦,农产品,CZCE,WH0
2021-12-24,2936.0,2946.0,2917.0,2940.0,16,101,2930.0,小麦,农产品,CZCE,WH0
2021-12-27,2915.0,2939.0,2915.0,2931.0,18,100,2929.0,小麦,农产品,CZCE,WH0
2021-12-28,2936.0,2944.0,2930.0,2936.0,7,100,2939.0,小麦,农产品,CZCE,WH0
2021-12-29,2935.0,2942.0,2932.0,2942.0,5,98,2937.0,小麦,农产品,CZCE,WH0
2021-12-30,2992.0,2992.0,2912.0,2935.0,35,94,0.0,小麦,农产品,CZCE,WH0
2021-12-31,2946.0,2946.0,2931.0,2946.0,9,93,2939.0,小麦,农产品,CZCE,WH0
2022-01-04,2951.0,2966.0,2951.0,2959.0,11,92,2956.0,小麦,农产品,CZCE,WH0
2022-01-05,2958.0,2958.0,2944.0,2944.0,6,92,2951.0,小麦,农产品,CZCE,WH0
2022-01-06,2936.0,2961.0,2936.0,2961.0,3,91,2953.0,小麦,农产品,CZCE,WH0
2022-01-07,2942.0,2950.0,2940.0,2945.0,4,91,2944.0,小麦,农产品,CZCE,WH0
2022-01-10,2949.0,2949.0,2949.0,2949.0,1,90,2949.0,小麦,农产品,CZCE,WH0
2022-01-17,2978.0,2978.0,2934.0,2942.0,25,91,2947.0,小麦,农产品,CZCE,WH0
2022-01-18,2949.0,2949.0,2937.0,2943.0,6,92,2942.0,小麦,农产品,CZCE,WH0
2022-01-20,2942.0,2949.0,2942.0,2949.0,3,92,2946.0,小麦,农产品,CZCE,WH0
2022-01-21,2938.0,2948.0,2938.0,2948.0,2,91,2943.0,小麦,农产品,CZCE,WH0
2022-02-07,2914.0,2926.0,2907.0,2926.0,12,94,2918.0,小麦,农产品,CZCE,WH0
2022-02-08,2926.0,2927.0,2918.0,2920.0,10,97,2925.0,小麦,农产品,CZCE,WH0
2022-02-09,2937.0,2937.0,2925.0,2937.0,7,94,2931.0,小麦,农产品,CZCE,WH0
2022-02-10,2928.0,2928.0,2927.0,2927.0,2,93,2928.0,小麦,农产品,CZCE,WH0
2022-02-11,2992.0,2992.0,2992.0,2992.0,1,3,2992.0,小麦,农产品,CZCE,WH0
2022-02-14,2936.0,2937.0,2926.0,2937.0,15,80,2930.0,小麦,农产品,CZCE,WH0
2022-02-15,2942.0,2956.0,2929.0,2941.0,56,81,2943.0,小麦,农产品,CZCE,WH0
2022-02-16,2925.0,2934.0,2925.0,2929.0,12,79,2930.0,小麦,农产品,CZCE,WH0
2022-02-17,2929.0,2932.0,2926.0,2932.0,16,68,2929.0,小麦,农产品,CZCE,WH0
2022-02-18,2928.0,2935.0,2928.0,2935.0,3,66,2931.0,小麦,农产品,CZCE,WH0
2022-02-21,2958.0,2958.0,2927.0,2927.0,6,63,2939.0,小麦,农产品,CZCE,WH0
2022-02-23,2935.0,2939.0,2935.0,2939.0,6,60,2937.0,小麦,农产品,CZCE,WH0
2022-02-24,2955.0,3084.0,2953.0,3084.0,436,184,3059.0,小麦,农产品,CZCE,WH0
2022-02-25,3040.0,3260.0,3001.0,3120.0,2758,413,3144.0,小麦,农产品,CZCE,WH0
2022-02-28,3250.0,3250.0,3147.0,3189.0,1944,625,3199.0,小麦,农产品,CZCE,WH0
2022-03-01,3202.0,3218.0,3130.0,3170.0,1312,393,3171.0,小麦,农产品,CZCE,WH0
2022-03-02,3288.0,3290.0,3201.0,3254.0,947,411,3250.0,小麦,农产品,CZCE,WH0
2022-03-03,3263.0,3467.0,3243.0,3452.0,1641,654,3364.0,小麦,农产品,CZCE,WH0
2022-03-04,3456.0,3595.0,3456.0,3482.0,11311,1633,3528.0,小麦,农产品,CZCE,WH0
2022-03-07,3503.0,3707.0,3503.0,3645.0,9268,2494,3637.0,小麦,农产品,CZCE,WH0
2022-03-08,3685.0,3715.0,3460.0,3554.0,9933,2040,3566.0,小麦,农产品,CZCE,WH0
2022-03-09,3542.0,3761.0,3503.0,3528.0,2036,1388,3604.0,小麦,农产品,CZCE,WH0
2022-03-10,3413.0,3485.0,3400.0,3449.0,1046,999,3438.0,小麦,农产品,CZCE,WH0
2022-03-11,3470.0,3471.0,3420.0,3425.0,709,677,3434.0,小麦,农产品,CZCE,WH0
2022-03-14,3419.0,3520.0,3419.0,3474.0,338,536,3468.0,小麦,农产品,CZCE,WH0
2022-03-15,3536.0,3536.0,3450.0,3475.0,224,417,3475.0,小麦,农产品,CZCE,WH0
2022-03-16,3536.0,3549.0,3464.0,3477.0,156,397,3501.0,小麦,农产品,CZCE,WH0
2022-03-17,3452.0,3470.0,3411.0,3434.0,105,378,3440.0,小麦,农产品,CZCE,WH0
2022-03-18,3458.0,3458.0,3403.0,3405.0,70,318,3420.0,小麦,农产品,CZCE,WH0
2022-03-21,3401.0,3438.0,3401.0,3418.0,32,287,3426.0,小麦,农产品,CZCE,WH0
2022-03-22,3446.0,3573.0,3407.0,3515.0,83,274,3497.0,小麦,农产品,CZCE,WH0
2022-03-23,3560.0,3560.0,3433.0,3460.0,17,263,3474.0,小麦,农产品,CZCE,WH0
2022-03-24,3463.0,3463.0,3425.0,3426.0,11,253,3454.0,小麦,农产品,CZCE,WH0
2022-03-25,3578.0,3578.0,3333.0,3474.0,41,242,3477.0,小麦,农产品,CZCE,WH0
2022-03-28,3431.0,3498.0,3431.0,3496.0,14,251,3493.0,小麦,农产品,CZCE,WH0
2022-03-29,3498.0,3498.0,3469.0,3469.0,4,248,3485.0,小麦,农产品,CZCE,WH0
2022-03-30,3305.0,3306.0,3305.0,3306.0,2,5,3306.0,小麦,农产品,CZCE,WH0
2022-03-31,3402.0,3425.0,3401.0,3405.0,9,214,3408.0,小麦,农产品,CZCE,WH0
2022-04-06,3423.0,3423.0,3406.0,3422.0,43,181,3419.0,小麦,农产品,CZCE,WH0
2022-04-07,3403.0,3456.0,3403.0,3404.0,24,179,3413.0,小麦,农产品,CZCE,WH0
2022-04-08,3330.0,3419.0,3330.0,3387.0,12,167,3397.0,小麦,农产品,CZCE,WH0
2022-04-11,3307.0,3335.0,3307.0,3335.0,5,163,3318.0,小麦,农产品,CZCE,WH0
2022-04-12,3201.0,3405.0,3188.0,3209.0,66,137,3253.0,小麦,农产品,CZCE,WH0
2022-04-13,3249.0,3256.0,3203.0,3215.0,26,120,3214.0,小麦,农产品,CZCE,WH0
2022-04-14,3227.0,3228.0,3179.0,3200.0,38,95,3213.0,小麦,农产品,CZCE,WH0
2022-04-15,3203.0,3212.0,3190.0,3198.0,15,82,3200.0,小麦,农产品,CZCE,WH0
2022-04-18,3190.0,3212.0,3180.0,3180.0,9,73,3194.0,小麦,农产品,CZCE,WH0
2022-04-21,3269.0,3290.0,3214.0,3290.0,5,7,3270.0,小麦,农产品,CZCE,WH0
2022-04-22,3165.0,3165.0,3165.0,3165.0,2,44,3165.0,小麦,农产品,CZCE,WH0
2022-04-25,3150.0,3185.0,3150.0,3180.0,5,39,3172.0,小麦,农产品,CZCE,WH0
2022-04-26,3014.0,3180.0,3014.0,3180.0,6,34,3126.0,小麦,农产品,CZCE,WH0
2022-04-27,3180.0,3205.0,3180.0,3204.0,6,28,3192.0,小麦,农产品,CZCE,WH0
2022-04-28,3180.0,3220.0,3180.0,3199.0,11,17,3197.0,小麦,农产品,CZCE,WH0
2022-04-29,3002.0,3250.0,3002.0,3250.0,14,3,3062.0,小麦,农产品,CZCE,WH0
2022-05-05,3058.0,3248.0,3058.0,3248.0,3,0,0.0,小麦,农产品,CZCE,WH0
2022-05-06,3587.0,3700.0,3410.0,3411.0,478,105,3553.0,小麦,农产品,CZCE,WH0
2022-05-09,3344.0,3566.0,3322.0,3428.0,109,103,3434.0,小麦,农产品,CZCE,WH0
2022-05-10,3399.0,3399.0,3304.0,3322.0,33,82,3349.0,小麦,农产品,CZCE,WH0
2022-05-11,3301.0,3342.0,3301.0,3342.0,2,80,3322.0,小麦,农产品,CZCE,WH0
2022-05-12,3302.0,3302.0,3300.0,3301.0,13,78,3300.0,小麦,农产品,CZCE,WH0
2022-05-13,3378.0,3378.0,3378.0,3378.0,4,78,3378.0,小麦,农产品,CZCE,WH0
2022-05-16,3398.0,3602.0,3322.0,3414.0,241,98,3457.0,小麦,农产品,CZCE,WH0
2022-05-17,3388.0,3515.0,3387.0,3415.0,101,88,3460.0,小麦,农产品,CZCE,WH0
2022-05-18,3356.0,3480.0,3356.0,3453.0,56,117,3474.0,小麦,农产品,CZCE,WH0
2022-05-19,3450.0,3520.0,3450.0,3461.0,24,111,3484.0,小麦,农产品,CZCE,WH0
2022-05-20,3545.0,3546.0,3450.0,3546.0,12,111,3538.0,小麦,农产品,CZCE,WH0
2022-05-23,3456.0,3542.0,3456.0,3542.0,20,111,3499.0,小麦,农产品,CZCE,WH0
2022-05-24,3480.0,3480.0,3480.0,3480.0,2,109,3480.0,小麦,农产品,CZCE,WH0
2022-05-27,3428.0,3428.0,3428.0,3428.0,10,99,3428.0,小麦,农产品,CZCE,WH0
2022-05-30,3509.0,3509.0,3499.0,3499.0,11,109,0.0,小麦,农产品,CZCE,WH0
2022-06-06,3103.0,3103.0,3103.0,3103.0,1,13,3103.0,小麦,农产品,CZCE,WH0
2022-06-08,3487.0,3487.0,3483.0,3483.0,11,118,3483.0,小麦,农产品,CZCE,WH0
2022-06-14,3480.0,3480.0,3480.0,3480.0,1,113,3480.0,小麦,农产品,CZCE,WH0
2022-06-15,3446.0,3446.0,3446.0,3446.0,1,112,0.0,小麦,农产品,CZCE,WH0
2022-06-17,3444.0,3444.0,3444.0,3444.0,5,107,3444.0,小麦,农产品,CZCE,WH0
2022-06-20,3428.0,3465.0,3428.0,3452.0,16,104,0.0,小麦,农产品,CZCE,WH0
2022-06-21,3436.0,3436.0,3436.0,3436.0,1,103,3436.0,小麦,农产品,CZCE,WH0
2022-06-22,3484.0,3484.0,3423.0,3425.0,7,98,3438.0,小麦,农产品,CZCE,WH0
2022-06-27,3400.0,3400.0,3400.0,3400.0,1,97,3400.0,小麦,农产品,CZCE,WH0
2022-07-04,3250.0,3525.0,3250.0,3429.0,33,85,3403.0,小麦,农产品,CZCE,WH0
2022-07-05,3412.0,3412.0,3412.0,3412.0,6,79,3412.0,小麦,农产品,CZCE,WH0
2022-07-06,3450.0,3450.0,3430.0,3430.0,17,77,3445.0,小麦,农产品,CZCE,WH0
2022-07-07,3423.0,3469.0,3423.0,3423.0,29,77,3436.0,小麦,农产品,CZCE,WH0
2022-08-15,3131.0,3131.0,3131.0,3131.0,1,71,3131.0,小麦,农产品,CZCE,WH0
2022-08-16,3145.0,3145.0,3145.0,3145.0,1,70,3145.0,小麦,农产品,CZCE,WH0
2022-08-30,3147.0,3147.0,3146.0,3146.0,2,68,3147.0,小麦,农产品,CZCE,WH0
2022-10-11,3320.0,3320.0,3320.0,3320.0,4,64,0.0,小麦,农产品,CZCE,WH0
2022-10-12,3198.0,3198.0,3198.0,3198.0,1,63,3198.0,小麦,农产品,CZCE,WH0
2022-11-03,3281.0,3380.0,3281.0,3380.0,29,51,3312.0,小麦,农产品,CZCE,WH0
2022-11-04,3527.0,3527.0,3527.0,3527.0,8,51,3527.0,小麦,农产品,CZCE,WH0
2022-11-10,3312.0,3650.0,3312.0,3402.0,37,44,3505.0,小麦,农产品,CZCE,WH0
2023-01-05,3251.0,3449.0,3173.0,3314.0,195,43,3290.0,小麦,农产品,CZCE,WH0
2023-01-06,3315.0,3315.0,3315.0,3315.0,1,42,3315.0,小麦,农产品,CZCE,WH0
2023-01-20,3359.0,3359.0,3359.0,3359.0,1,41,3359.0,小麦,农产品,CZCE,WH0
2023-02-08,3356.0,3356.0,3356.0,3356.0,2,39,3356.0,小麦,农产品,CZCE,WH0
2023-02-09,3368.0,3368.0,3367.0,3368.0,5,34,3368.0,小麦,农产品,CZCE,WH0
2023-02-13,3220.0,3220.0,3220.0,3220.0,1,33,3220.0,小麦,农产品,CZCE,WH0
2023-02-17,3350.0,3370.0,3303.0,3303.0,9,24,3348.0,小麦,农产品,CZCE,WH0
2023-02-21,3221.0,3496.0,3220.0,3316.0,64,15,3386.0,小麦,农产品,CZCE,WH0
2023-02-23,3164.0,3164.0,3164.0,3164.0,1,15,3164.0,小麦,农产品,CZCE,WH0
2023-02-24,3200.0,3200.0,3200.0,3200.0,3,12,0.0,小麦,农产品,CZCE,WH0
2023-02-27,3100.0,3100.0,3100.0,3100.0,11,1,3100.0,小麦,农产品,CZCE,WH0
2023-02-28,3050.0,3050.0,3050.0,3050.0,1,0,0.0,小麦,农产品,CZCE,WH0
