date,open,high,low,close,volume,hold,settle,品种,类别,交易所,合约代码
2015-01-05,13040.0,13080.0,12890.0,13030.0,247762,473520,13010.0,棉花,农产品,CZCE,CF0
2015-01-06,13020.0,13150.0,13015.0,13110.0,174140,478214,13090.0,棉花,农产品,CZCE,CF0
2015-01-07,13120.0,13210.0,13050.0,13070.0,193080,474024,13130.0,棉花,农产品,CZCE,CF0
2015-01-08,13080.0,13180.0,13035.0,13145.0,174134,479466,13125.0,棉花,农产品,CZCE,CF0
2015-01-09,13165.0,13190.0,13080.0,13110.0,132142,469210,13130.0,棉花,农产品,CZCE,CF0
2015-01-12,13130.0,13150.0,13055.0,13085.0,143944,469506,13105.0,棉花,农产品,CZCE,CF0
2015-01-13,13050.0,13080.0,12905.0,12910.0,284468,436884,12980.0,棉花,农产品,CZCE,CF0
2015-01-14,12900.0,12970.0,12860.0,12890.0,199174,422086,12910.0,棉花,农产品,CZCE,CF0
2015-01-15,12875.0,12995.0,12860.0,12970.0,203934,420962,12925.0,棉花,农产品,CZCE,CF0
2015-01-16,12970.0,13245.0,12970.0,13125.0,274904,407034,13135.0,棉花,农产品,CZCE,CF0
2015-01-19,13105.0,13165.0,13060.0,13140.0,162822,402958,13115.0,棉花,农产品,CZCE,CF0
2015-01-20,13125.0,13190.0,13075.0,13105.0,130830,394596,13120.0,棉花,农产品,CZCE,CF0
2015-01-21,13110.0,13130.0,12950.0,13005.0,269822,388818,13015.0,棉花,农产品,CZCE,CF0
2015-01-22,13025.0,13095.0,12990.0,13025.0,151908,378632,13045.0,棉花,农产品,CZCE,CF0
2015-01-23,13030.0,13070.0,12910.0,13025.0,257488,370792,12975.0,棉花,农产品,CZCE,CF0
2015-01-26,13005.0,13075.0,12910.0,12920.0,207560,359210,12990.0,棉花,农产品,CZCE,CF0
2015-01-27,12930.0,13135.0,12870.0,13000.0,262644,355832,13020.0,棉花,农产品,CZCE,CF0
2015-01-28,13015.0,13140.0,12995.0,13135.0,183894,383908,13065.0,棉花,农产品,CZCE,CF0
2015-01-29,13120.0,13275.0,13085.0,13225.0,374664,418462,13190.0,棉花,农产品,CZCE,CF0
2015-01-30,13200.0,13225.0,13085.0,13090.0,204904,386786,13150.0,棉花,农产品,CZCE,CF0
2015-02-02,13075.0,13120.0,13040.0,13085.0,140726,373942,13080.0,棉花,农产品,CZCE,CF0
2015-02-03,13105.0,13215.0,13090.0,13160.0,177896,390372,13155.0,棉花,农产品,CZCE,CF0
2015-02-04,13200.0,13365.0,13155.0,13325.0,404418,434740,13285.0,棉花,农产品,CZCE,CF0
2015-02-05,13320.0,13320.0,13125.0,13135.0,271384,399990,13215.0,棉花,农产品,CZCE,CF0
2015-02-06,13140.0,13260.0,13140.0,13210.0,153080,399654,13210.0,棉花,农产品,CZCE,CF0
2015-02-09,13200.0,13250.0,13150.0,13235.0,147530,406630,13200.0,棉花,农产品,CZCE,CF0
2015-02-10,13205.0,13330.0,13205.0,13260.0,185404,405198,13280.0,棉花,农产品,CZCE,CF0
2015-02-11,13270.0,13310.0,13180.0,13230.0,158004,384810,13240.0,棉花,农产品,CZCE,CF0
2015-02-12,13190.0,13230.0,13150.0,13185.0,106242,368278,13190.0,棉花,农产品,CZCE,CF0
2015-02-13,13185.0,13325.0,13185.0,13275.0,160548,345076,13270.0,棉花,农产品,CZCE,CF0
2015-02-16,13280.0,13350.0,13255.0,13300.0,98728,326702,13295.0,棉花,农产品,CZCE,CF0
2015-02-17,13300.0,13380.0,13290.0,13310.0,75946,314714,13325.0,棉花,农产品,CZCE,CF0
2015-02-24,13500.0,13500.0,13310.0,13310.0,98,314778,13490.0,棉花,农产品,CZCE,CF0
2015-02-25,13375.0,13400.0,13270.0,13330.0,83962,314554,13350.0,棉花,农产品,CZCE,CF0
2015-02-26,13315.0,13480.0,13310.0,13445.0,243882,344340,13415.0,棉花,农产品,CZCE,CF0
2015-02-27,13430.0,13470.0,13375.0,13405.0,164392,343756,13430.0,棉花,农产品,CZCE,CF0
2015-03-02,13400.0,13445.0,13330.0,13370.0,144482,322120,13385.0,棉花,农产品,CZCE,CF0
2015-03-03,13370.0,13400.0,13100.0,13225.0,299020,280260,13245.0,棉花,农产品,CZCE,CF0
2015-03-04,13175.0,13230.0,13160.0,13180.0,74804,268122,13190.0,棉花,农产品,CZCE,CF0
2015-03-05,13180.0,13205.0,13145.0,13160.0,80892,254446,13165.0,棉花,农产品,CZCE,CF0
2015-03-06,13120.0,13220.0,13120.0,13160.0,70578,242088,13180.0,棉花,农产品,CZCE,CF0
2015-03-09,13135.0,13160.0,13060.0,13110.0,134626,222724,13120.0,棉花,农产品,CZCE,CF0
2015-03-10,13110.0,13120.0,13065.0,13075.0,51594,213388,13090.0,棉花,农产品,CZCE,CF0
2015-03-11,13085.0,13085.0,13020.0,13065.0,50992,202760,13055.0,棉花,农产品,CZCE,CF0
2015-03-12,13055.0,13285.0,13055.0,13145.0,93044,197024,13155.0,棉花,农产品,CZCE,CF0
2015-03-13,13150.0,13170.0,13120.0,13140.0,29896,189880,13145.0,棉花,农产品,CZCE,CF0
2015-03-16,13150.0,13155.0,13080.0,13135.0,46882,179194,13120.0,棉花,农产品,CZCE,CF0
2015-03-17,13125.0,13150.0,13085.0,13090.0,31910,171936,13115.0,棉花,农产品,CZCE,CF0
2015-03-18,13090.0,13090.0,13010.0,13020.0,51140,156702,13055.0,棉花,农产品,CZCE,CF0
2015-03-19,13010.0,13145.0,12955.0,12980.0,79592,154924,13035.0,棉花,农产品,CZCE,CF0
2015-03-20,13255.0,13265.0,13135.0,13180.0,79946,179990,13220.0,棉花,农产品,CZCE,CF0
2015-03-23,13185.0,13300.0,13170.0,13295.0,93238,187518,13240.0,棉花,农产品,CZCE,CF0
2015-03-24,13330.0,13420.0,13310.0,13335.0,102982,194424,13370.0,棉花,农产品,CZCE,CF0
2015-03-25,13350.0,13355.0,13235.0,13245.0,70298,201440,13295.0,棉花,农产品,CZCE,CF0
2015-03-26,13210.0,13245.0,13140.0,13210.0,102452,211450,13200.0,棉花,农产品,CZCE,CF0
2015-03-27,13200.0,13285.0,13100.0,13280.0,114536,213828,13175.0,棉花,农产品,CZCE,CF0
2015-03-30,13290.0,13295.0,13160.0,13170.0,106962,219240,13220.0,棉花,农产品,CZCE,CF0
2015-03-31,13170.0,13210.0,13075.0,13085.0,103924,235026,13145.0,棉花,农产品,CZCE,CF0
2015-04-01,13055.0,13135.0,12935.0,13005.0,160262,237018,13045.0,棉花,农产品,CZCE,CF0
2015-04-02,12995.0,13095.0,12970.0,13000.0,106078,245288,13040.0,棉花,农产品,CZCE,CF0
2015-04-03,13040.0,13080.0,12925.0,12955.0,104306,248592,13010.0,棉花,农产品,CZCE,CF0
2015-04-07,13010.0,13045.0,12835.0,12905.0,126044,258160,12945.0,棉花,农产品,CZCE,CF0
2015-04-08,12920.0,13085.0,12840.0,13045.0,214656,284450,12965.0,棉花,农产品,CZCE,CF0
2015-04-09,13060.0,13135.0,12995.0,13035.0,153918,288460,13065.0,棉花,农产品,CZCE,CF0
2015-04-10,13040.0,13040.0,12885.0,12925.0,118456,284726,12960.0,棉花,农产品,CZCE,CF0
2015-04-13,12900.0,12975.0,12850.0,12925.0,107936,290008,12910.0,棉花,农产品,CZCE,CF0
2015-04-14,12950.0,13015.0,12920.0,12985.0,113018,295184,12970.0,棉花,农产品,CZCE,CF0
2015-04-15,13000.0,13045.0,12925.0,12955.0,90630,293568,12980.0,棉花,农产品,CZCE,CF0
2015-04-16,12970.0,13090.0,12950.0,13070.0,138032,293142,13035.0,棉花,农产品,CZCE,CF0
2015-04-17,13050.0,13095.0,12980.0,13020.0,95304,296008,13040.0,棉花,农产品,CZCE,CF0
2015-04-20,13030.0,13065.0,12995.0,13040.0,79368,290474,13030.0,棉花,农产品,CZCE,CF0
2015-04-21,13015.0,13120.0,13015.0,13095.0,143962,307618,13075.0,棉花,农产品,CZCE,CF0
2015-04-22,13080.0,13350.0,13075.0,13320.0,416086,349386,13235.0,棉花,农产品,CZCE,CF0
2015-04-23,13320.0,13355.0,13030.0,13100.0,372798,327480,13195.0,棉花,农产品,CZCE,CF0
2015-04-24,13130.0,13255.0,13125.0,13230.0,220906,340182,13200.0,棉花,农产品,CZCE,CF0
2015-04-27,13280.0,13495.0,13210.0,13435.0,478196,419422,13380.0,棉花,农产品,CZCE,CF0
2015-04-28,13445.0,13530.0,13355.0,13410.0,328326,422210,13435.0,棉花,农产品,CZCE,CF0
2015-04-29,13420.0,13565.0,13305.0,13360.0,532132,432768,13440.0,棉花,农产品,CZCE,CF0
2015-04-30,13400.0,13500.0,13350.0,13405.0,281782,433802,13430.0,棉花,农产品,CZCE,CF0
2015-05-04,13350.0,13610.0,13350.0,13605.0,301408,483722,13515.0,棉花,农产品,CZCE,CF0
2015-05-05,13605.0,13640.0,13430.0,13520.0,423980,467480,13550.0,棉花,农产品,CZCE,CF0
2015-05-06,13530.0,13590.0,13485.0,13535.0,315662,476474,13545.0,棉花,农产品,CZCE,CF0
2015-05-07,13515.0,13575.0,13340.0,13355.0,326006,448720,13445.0,棉花,农产品,CZCE,CF0
2015-05-08,13335.0,13335.0,13210.0,13255.0,288158,429996,13260.0,棉花,农产品,CZCE,CF0
2015-05-11,13275.0,13370.0,13255.0,13325.0,186934,418936,13315.0,棉花,农产品,CZCE,CF0
2015-05-12,13250.0,13290.0,13150.0,13180.0,281486,389984,13220.0,棉花,农产品,CZCE,CF0
2015-05-13,13180.0,13215.0,13135.0,13155.0,122556,389550,13175.0,棉花,农产品,CZCE,CF0
2015-05-14,13175.0,13250.0,13155.0,13235.0,187152,387482,13205.0,棉花,农产品,CZCE,CF0
2015-05-15,13260.0,13315.0,13235.0,13245.0,197652,360320,13280.0,棉花,农产品,CZCE,CF0
2015-05-18,13235.0,13290.0,13225.0,13275.0,84558,349020,13260.0,棉花,农产品,CZCE,CF0
2015-05-19,13250.0,13275.0,13140.0,13140.0,149254,325660,13195.0,棉花,农产品,CZCE,CF0
2015-05-20,13095.0,13130.0,13000.0,13005.0,161934,300198,13070.0,棉花,农产品,CZCE,CF0
2015-05-21,13010.0,13115.0,12995.0,13070.0,103596,296850,13060.0,棉花,农产品,CZCE,CF0
2015-05-22,13090.0,13125.0,13010.0,13020.0,106344,299142,13060.0,棉花,农产品,CZCE,CF0
2015-05-25,13015.0,13045.0,12935.0,12980.0,138848,302544,12985.0,棉花,农产品,CZCE,CF0
2015-05-26,13000.0,13180.0,12980.0,13050.0,158842,286596,13095.0,棉花,农产品,CZCE,CF0
2015-05-27,13105.0,13120.0,13035.0,13060.0,97892,291352,13075.0,棉花,农产品,CZCE,CF0
2015-05-28,13060.0,13115.0,13045.0,13070.0,100106,293100,13085.0,棉花,农产品,CZCE,CF0
2015-05-29,13075.0,13150.0,13035.0,13120.0,111030,289586,13100.0,棉花,农产品,CZCE,CF0
2015-06-01,13160.0,13200.0,13050.0,13125.0,152420,281922,13115.0,棉花,农产品,CZCE,CF0
2015-06-02,13140.0,13155.0,13065.0,13085.0,84648,283356,13105.0,棉花,农产品,CZCE,CF0
2015-06-03,13080.0,13135.0,13080.0,13110.0,105564,285682,13110.0,棉花,农产品,CZCE,CF0
2015-06-04,13115.0,13140.0,13055.0,13070.0,101698,280700,13090.0,棉花,农产品,CZCE,CF0
2015-06-05,13060.0,13095.0,13020.0,13055.0,80288,278306,13055.0,棉花,农产品,CZCE,CF0
2015-06-08,13035.0,13060.0,12995.0,13045.0,51744,272832,13030.0,棉花,农产品,CZCE,CF0
2015-06-09,13050.0,13070.0,13025.0,13040.0,49114,268294,13045.0,棉花,农产品,CZCE,CF0
2015-06-10,13040.0,13070.0,13030.0,13050.0,42934,264314,13050.0,棉花,农产品,CZCE,CF0
2015-06-11,13050.0,13060.0,12825.0,12845.0,159428,293058,12955.0,棉花,农产品,CZCE,CF0
2015-06-12,12860.0,12870.0,12690.0,12740.0,193274,280688,12760.0,棉花,农产品,CZCE,CF0
2015-06-15,12740.0,12820.0,12670.0,12680.0,107556,278472,12755.0,棉花,农产品,CZCE,CF0
2015-06-16,12690.0,12725.0,12660.0,12725.0,62490,271506,12690.0,棉花,农产品,CZCE,CF0
2015-06-17,12730.0,12780.0,12670.0,12755.0,74076,265194,12730.0,棉花,农产品,CZCE,CF0
2015-06-18,12750.0,12780.0,12695.0,12710.0,53102,262814,12735.0,棉花,农产品,CZCE,CF0
2015-06-19,12715.0,12760.0,12625.0,12715.0,93436,253222,12700.0,棉花,农产品,CZCE,CF0
2015-06-23,12445.0,12495.0,12445.0,12450.0,234,2438,12465.0,棉花,农产品,CZCE,CF0
2015-06-24,12705.0,12740.0,12700.0,12730.0,36424,245462,12720.0,棉花,农产品,CZCE,CF0
2015-06-25,12720.0,12770.0,12695.0,12700.0,39652,239350,12735.0,棉花,农产品,CZCE,CF0
2015-06-26,12705.0,12770.0,12695.0,12755.0,66308,230546,12740.0,棉花,农产品,CZCE,CF0
2015-06-29,12775.0,12855.0,12770.0,12795.0,86680,224312,12805.0,棉花,农产品,CZCE,CF0
2015-06-30,12795.0,12810.0,12695.0,12740.0,74700,211008,12740.0,棉花,农产品,CZCE,CF0
2015-07-01,12730.0,12920.0,12725.0,12850.0,86652,202118,12825.0,棉花,农产品,CZCE,CF0
2015-07-02,13290.0,13305.0,13290.0,13290.0,37424,223652,13275.0,棉花,农产品,CZCE,CF0
2015-07-03,13285.0,13355.0,13280.0,13315.0,85524,236354,13320.0,棉花,农产品,CZCE,CF0
2015-07-06,13320.0,13320.0,13160.0,13175.0,92574,234788,13235.0,棉花,农产品,CZCE,CF0
2015-07-07,13160.0,13215.0,13050.0,13065.0,114920,224898,13140.0,棉花,农产品,CZCE,CF0
2015-07-08,13020.0,13055.0,12610.0,12610.0,229600,224358,12775.0,棉花,农产品,CZCE,CF0
2015-07-09,12510.0,12995.0,12310.0,12910.0,226260,218310,12765.0,棉花,农产品,CZCE,CF0
2015-07-10,12940.0,13080.0,12850.0,12965.0,176730,253732,12985.0,棉花,农产品,CZCE,CF0
2015-07-13,12990.0,13015.0,12830.0,12855.0,86970,264352,12900.0,棉花,农产品,CZCE,CF0
2015-07-14,12840.0,12890.0,12710.0,12765.0,119976,275416,12810.0,棉花,农产品,CZCE,CF0
2015-07-15,12780.0,12790.0,12655.0,12715.0,95276,283550,12725.0,棉花,农产品,CZCE,CF0
2015-07-16,12690.0,12725.0,12630.0,12665.0,61252,287524,12675.0,棉花,农产品,CZCE,CF0
2015-07-17,12660.0,12720.0,12640.0,12660.0,44036,290766,12675.0,棉花,农产品,CZCE,CF0
2015-07-20,12635.0,12765.0,12520.0,12725.0,107220,302032,12710.0,棉花,农产品,CZCE,CF0
2015-07-21,12730.0,12775.0,12690.0,12725.0,57264,300864,12730.0,棉花,农产品,CZCE,CF0
2015-07-22,12725.0,12755.0,12670.0,12695.0,49562,299506,12715.0,棉花,农产品,CZCE,CF0
2015-07-23,12685.0,12730.0,12660.0,12690.0,49430,298036,12700.0,棉花,农产品,CZCE,CF0
2015-07-24,12700.0,12790.0,12670.0,12745.0,97754,296684,12730.0,棉花,农产品,CZCE,CF0
2015-07-27,12770.0,12780.0,12690.0,12710.0,72040,299696,12725.0,棉花,农产品,CZCE,CF0
2015-07-28,12680.0,12810.0,12680.0,12805.0,105540,309606,12740.0,棉花,农产品,CZCE,CF0
2015-07-29,12800.0,12805.0,12735.0,12760.0,84622,308062,12765.0,棉花,农产品,CZCE,CF0
2015-07-30,12745.0,12770.0,12715.0,12750.0,52000,305416,12745.0,棉花,农产品,CZCE,CF0
2015-07-31,12745.0,12760.0,12600.0,12635.0,117466,333670,12675.0,棉花,农产品,CZCE,CF0
2015-08-03,12630.0,12720.0,12620.0,12670.0,88050,327152,12680.0,棉花,农产品,CZCE,CF0
2015-08-04,12650.0,12680.0,12540.0,12630.0,136728,335524,12610.0,棉花,农产品,CZCE,CF0
2015-08-05,12655.0,12655.0,12540.0,12540.0,73640,346672,12590.0,棉花,农产品,CZCE,CF0
2015-08-06,12550.0,12570.0,12315.0,12385.0,205216,386024,12415.0,棉花,农产品,CZCE,CF0
2015-08-07,12365.0,12440.0,12365.0,12415.0,116928,381876,12405.0,棉花,农产品,CZCE,CF0
2015-08-10,12405.0,12450.0,12295.0,12385.0,112916,389072,12370.0,棉花,农产品,CZCE,CF0
2015-08-11,12370.0,12540.0,12365.0,12455.0,128398,382042,12455.0,棉花,农产品,CZCE,CF0
2015-08-12,12440.0,12480.0,12400.0,12435.0,71046,386004,12445.0,棉花,农产品,CZCE,CF0
2015-08-13,12450.0,12700.0,12440.0,12665.0,225766,375302,12595.0,棉花,农产品,CZCE,CF0
2015-08-14,12700.0,12730.0,12600.0,12605.0,134750,375008,12670.0,棉花,农产品,CZCE,CF0
2015-08-17,12620.0,12670.0,12600.0,12665.0,76070,370706,12635.0,棉花,农产品,CZCE,CF0
2015-08-18,12695.0,12695.0,12595.0,12610.0,64844,370754,12630.0,棉花,农产品,CZCE,CF0
2015-08-19,12610.0,12765.0,12535.0,12750.0,224422,404172,12675.0,棉花,农产品,CZCE,CF0
2015-08-20,12755.0,12780.0,12620.0,12665.0,126018,393814,12685.0,棉花,农产品,CZCE,CF0
2015-08-21,12670.0,12720.0,12545.0,12545.0,102996,386266,12635.0,棉花,农产品,CZCE,CF0
2015-08-24,12550.0,12560.0,12370.0,12480.0,226292,361870,12460.0,棉花,农产品,CZCE,CF0
2015-08-25,12400.0,12470.0,12340.0,12415.0,156492,356116,12405.0,棉花,农产品,CZCE,CF0
2015-08-26,12455.0,12480.0,12350.0,12360.0,91454,352566,12415.0,棉花,农产品,CZCE,CF0
2015-08-27,12320.0,12455.0,12320.0,12455.0,100500,348384,12405.0,棉花,农产品,CZCE,CF0
2015-08-28,12460.0,12585.0,12405.0,12415.0,126460,353322,12490.0,棉花,农产品,CZCE,CF0
2015-08-31,12395.0,12440.0,12355.0,12360.0,76934,355572,12395.0,棉花,农产品,CZCE,CF0
2015-09-01,12350.0,12520.0,12340.0,12460.0,139716,358072,12465.0,棉花,农产品,CZCE,CF0
2015-09-02,12450.0,12515.0,12405.0,12485.0,85258,344858,12460.0,棉花,农产品,CZCE,CF0
2015-09-07,12300.0,12300.0,12210.0,12230.0,72,9214,12275.0,棉花,农产品,CZCE,CF0
2015-09-08,12525.0,12525.0,12430.0,12485.0,65476,340754,12475.0,棉花,农产品,CZCE,CF0
2015-09-09,12510.0,12595.0,12495.0,12550.0,121288,344630,12550.0,棉花,农产品,CZCE,CF0
2015-09-10,12560.0,12620.0,12510.0,12595.0,102724,346364,12570.0,棉花,农产品,CZCE,CF0
2015-09-11,12600.0,12640.0,12515.0,12550.0,93284,337888,12575.0,棉花,农产品,CZCE,CF0
2015-09-14,12530.0,12560.0,12490.0,12520.0,48502,334970,12530.0,棉花,农产品,CZCE,CF0
2015-09-15,12530.0,12580.0,12480.0,12515.0,82320,325822,12520.0,棉花,农产品,CZCE,CF0
2015-09-16,12515.0,12520.0,12420.0,12475.0,103324,313384,12460.0,棉花,农产品,CZCE,CF0
2015-09-17,12475.0,12490.0,12435.0,12440.0,46060,306684,12465.0,棉花,农产品,CZCE,CF0
2015-09-18,12450.0,12485.0,12400.0,12400.0,49744,308522,12445.0,棉花,农产品,CZCE,CF0
2015-09-21,12405.0,12425.0,12340.0,12395.0,85290,304224,12375.0,棉花,农产品,CZCE,CF0
2015-09-22,12360.0,12425.0,12355.0,12370.0,65710,300342,12390.0,棉花,农产品,CZCE,CF0
2015-09-23,12370.0,12485.0,12360.0,12485.0,138158,303486,12430.0,棉花,农产品,CZCE,CF0
2015-09-24,12475.0,12525.0,12450.0,12525.0,89332,305608,12480.0,棉花,农产品,CZCE,CF0
2015-09-25,12535.0,12535.0,12375.0,12375.0,151282,311638,12450.0,棉花,农产品,CZCE,CF0
2015-09-28,12340.0,12365.0,12100.0,12140.0,272784,315360,12185.0,棉花,农产品,CZCE,CF0
2015-09-29,12115.0,12235.0,12115.0,12180.0,130292,305176,12185.0,棉花,农产品,CZCE,CF0
2015-09-30,12200.0,12280.0,12160.0,12270.0,96632,291302,12240.0,棉花,农产品,CZCE,CF0
2015-10-08,12260.0,12260.0,12260.0,12260.0,2,10,12260.0,棉花,农产品,CZCE,CF0
2015-10-09,12245.0,12285.0,12110.0,12225.0,207368,290052,12195.0,棉花,农产品,CZCE,CF0
2015-10-12,12250.0,12285.0,12180.0,12195.0,105180,298086,12220.0,棉花,农产品,CZCE,CF0
2015-10-13,12175.0,12230.0,12140.0,12210.0,101286,286960,12185.0,棉花,农产品,CZCE,CF0
2015-10-14,12220.0,12305.0,12150.0,12235.0,120382,286322,12235.0,棉花,农产品,CZCE,CF0
2015-10-15,12240.0,12255.0,12030.0,12045.0,133800,304442,12150.0,棉花,农产品,CZCE,CF0
2015-10-16,12055.0,12070.0,11935.0,11955.0,199654,317054,12005.0,棉花,农产品,CZCE,CF0
2015-10-19,11945.0,11975.0,11810.0,11865.0,167330,306754,11895.0,棉花,农产品,CZCE,CF0
2015-10-20,11870.0,11950.0,11855.0,11910.0,101834,296130,11910.0,棉花,农产品,CZCE,CF0
2015-10-21,11930.0,11980.0,11850.0,11940.0,136546,279748,11925.0,棉花,农产品,CZCE,CF0
2015-10-22,11660.0,11780.0,11590.0,11705.0,112838,281646,11705.0,棉花,农产品,CZCE,CF0
2015-10-23,11720.0,11795.0,11545.0,11740.0,211226,294684,11675.0,棉花,农产品,CZCE,CF0
2015-10-26,11715.0,11745.0,11625.0,11705.0,87392,302708,11685.0,棉花,农产品,CZCE,CF0
2015-10-27,11685.0,11765.0,11645.0,11755.0,91196,316348,11710.0,棉花,农产品,CZCE,CF0
2015-10-28,11770.0,11785.0,11680.0,11705.0,90996,320198,11725.0,棉花,农产品,CZCE,CF0
2015-10-29,11690.0,11725.0,11570.0,11700.0,180254,329044,11645.0,棉花,农产品,CZCE,CF0
2015-10-30,11690.0,11780.0,11655.0,11740.0,132230,324600,11730.0,棉花,农产品,CZCE,CF0
2015-11-02,11760.0,11850.0,11665.0,11820.0,167868,326096,11780.0,棉花,农产品,CZCE,CF0
2015-11-03,11805.0,11825.0,11730.0,11750.0,87540,318556,11780.0,棉花,农产品,CZCE,CF0
2015-11-04,11750.0,11810.0,11705.0,11770.0,116014,310332,11755.0,棉花,农产品,CZCE,CF0
2015-11-05,11755.0,11805.0,11650.0,11685.0,124160,330500,11715.0,棉花,农产品,CZCE,CF0
2015-11-06,11675.0,11695.0,11590.0,11625.0,153022,336974,11640.0,棉花,农产品,CZCE,CF0
2015-11-09,11675.0,11765.0,11640.0,11735.0,114370,325030,11710.0,棉花,农产品,CZCE,CF0
2015-11-10,11735.0,11800.0,11710.0,11790.0,93874,324774,11760.0,棉花,农产品,CZCE,CF0
2015-11-11,11795.0,11830.0,11710.0,11745.0,90620,318080,11750.0,棉花,农产品,CZCE,CF0
2015-11-12,11740.0,11800.0,11685.0,11765.0,121978,319188,11750.0,棉花,农产品,CZCE,CF0
2015-11-13,11750.0,11930.0,11750.0,11865.0,146244,320082,11850.0,棉花,农产品,CZCE,CF0
2015-11-16,11860.0,11920.0,11820.0,11845.0,142746,329746,11865.0,棉花,农产品,CZCE,CF0
2015-11-17,11860.0,12000.0,11785.0,11995.0,210744,343668,11885.0,棉花,农产品,CZCE,CF0
2015-11-18,11995.0,12010.0,11925.0,11970.0,164210,338608,11970.0,棉花,农产品,CZCE,CF0
2015-11-19,11980.0,11995.0,11840.0,11845.0,221086,360500,11900.0,棉花,农产品,CZCE,CF0
2015-11-20,11840.0,11955.0,11800.0,11925.0,235810,358520,11870.0,棉花,农产品,CZCE,CF0
2015-11-23,11895.0,11945.0,11815.0,11835.0,143904,353700,11875.0,棉花,农产品,CZCE,CF0
2015-11-24,11820.0,11890.0,11745.0,11875.0,186162,353174,11825.0,棉花,农产品,CZCE,CF0
2015-11-25,11865.0,11920.0,11755.0,11820.0,235078,356910,11830.0,棉花,农产品,CZCE,CF0
2015-11-26,11810.0,11900.0,11765.0,11795.0,236582,360516,11835.0,棉花,农产品,CZCE,CF0
2015-11-27,11780.0,11790.0,11650.0,11660.0,285928,375664,11720.0,棉花,农产品,CZCE,CF0
2015-11-30,11645.0,11710.0,11635.0,11670.0,140292,378214,11675.0,棉花,农产品,CZCE,CF0
2015-12-01,11660.0,11835.0,11435.0,11690.0,524312,344888,11630.0,棉花,农产品,CZCE,CF0
2015-12-02,11665.0,11740.0,11665.0,11710.0,108558,343478,11715.0,棉花,农产品,CZCE,CF0
2015-12-03,11685.0,11700.0,11550.0,11555.0,147996,353138,11630.0,棉花,农产品,CZCE,CF0
2015-12-04,11535.0,11605.0,11515.0,11560.0,102542,367706,11570.0,棉花,农产品,CZCE,CF0
2015-12-07,11580.0,11635.0,11550.0,11635.0,88130,364146,11605.0,棉花,农产品,CZCE,CF0
2015-12-08,11630.0,11630.0,11420.0,11440.0,163726,388320,11505.0,棉花,农产品,CZCE,CF0
2015-12-09,11420.0,11495.0,11400.0,11465.0,88370,388080,11460.0,棉花,农产品,CZCE,CF0
2015-12-10,11485.0,11485.0,11285.0,11295.0,214152,402226,11380.0,棉花,农产品,CZCE,CF0
2015-12-11,11285.0,11430.0,11280.0,11430.0,134472,384244,11355.0,棉花,农产品,CZCE,CF0
2015-12-14,11410.0,11465.0,11325.0,11440.0,124044,371992,11395.0,棉花,农产品,CZCE,CF0
2015-12-15,11405.0,11445.0,11365.0,11400.0,88234,372522,11405.0,棉花,农产品,CZCE,CF0
2015-12-16,11390.0,11480.0,11380.0,11450.0,89494,356364,11445.0,棉花,农产品,CZCE,CF0
2015-12-17,11445.0,11450.0,11350.0,11365.0,134604,361540,11405.0,棉花,农产品,CZCE,CF0
2015-12-18,11345.0,11430.0,11340.0,11390.0,94966,350574,11390.0,棉花,农产品,CZCE,CF0
2015-12-21,11390.0,11540.0,11355.0,11530.0,186624,339548,11475.0,棉花,农产品,CZCE,CF0
2015-12-22,11510.0,11530.0,11465.0,11495.0,103392,347872,11500.0,棉花,农产品,CZCE,CF0
2015-12-23,11490.0,11520.0,11375.0,11385.0,153660,370168,11425.0,棉花,农产品,CZCE,CF0
2015-12-24,11380.0,11420.0,11350.0,11395.0,131130,378786,11390.0,棉花,农产品,CZCE,CF0
2015-12-25,11420.0,11495.0,11385.0,11480.0,149984,366964,11445.0,棉花,农产品,CZCE,CF0
2015-12-28,11470.0,11510.0,11430.0,11455.0,113312,361054,11470.0,棉花,农产品,CZCE,CF0
2015-12-29,11445.0,11520.0,11415.0,11470.0,198612,334504,11480.0,棉花,农产品,CZCE,CF0
2015-12-30,11470.0,11500.0,11385.0,11425.0,194014,343004,11455.0,棉花,农产品,CZCE,CF0
2015-12-31,11420.0,11430.0,11365.0,11400.0,129076,330376,11400.0,棉花,农产品,CZCE,CF0
2016-01-04,11410.0,11445.0,11125.0,11280.0,177808,349584,11305.0,棉花,农产品,CZCE,CF0
2016-01-05,11275.0,11295.0,11180.0,11200.0,146416,381290,11235.0,棉花,农产品,CZCE,CF0
2016-01-06,11200.0,11350.0,11185.0,11320.0,219414,374816,11275.0,棉花,农产品,CZCE,CF0
2016-01-07,11305.0,11360.0,11270.0,11335.0,143916,357034,11315.0,棉花,农产品,CZCE,CF0
2016-01-08,11310.0,11385.0,11280.0,11315.0,118988,348586,11330.0,棉花,农产品,CZCE,CF0
2016-01-11,11315.0,11345.0,11255.0,11280.0,95608,343560,11300.0,棉花,农产品,CZCE,CF0
2016-01-12,11295.0,11315.0,11230.0,11280.0,77734,341262,11270.0,棉花,农产品,CZCE,CF0
2016-01-13,11280.0,11350.0,11275.0,11310.0,101350,340192,11315.0,棉花,农产品,CZCE,CF0
2016-01-14,11305.0,11340.0,11290.0,11305.0,65470,341838,11320.0,棉花,农产品,CZCE,CF0
2016-01-15,11295.0,11305.0,11190.0,11215.0,156428,362242,11245.0,棉花,农产品,CZCE,CF0
2016-01-18,11205.0,11245.0,11165.0,11200.0,115348,362300,11205.0,棉花,农产品,CZCE,CF0
2016-01-19,11205.0,11285.0,11200.0,11270.0,103898,374574,11245.0,棉花,农产品,CZCE,CF0
2016-01-20,11280.0,11415.0,11270.0,11375.0,248062,364744,11365.0,棉花,农产品,CZCE,CF0
2016-01-21,11355.0,11395.0,11345.0,11380.0,80958,361344,11375.0,棉花,农产品,CZCE,CF0
2016-01-22,11380.0,11445.0,11330.0,11420.0,112738,363104,11400.0,棉花,农产品,CZCE,CF0
2016-01-25,11425.0,11480.0,11380.0,11415.0,55476,360148,11415.0,棉花,农产品,CZCE,CF0
2016-01-26,11395.0,11445.0,11395.0,11420.0,58822,357272,11420.0,棉花,农产品,CZCE,CF0
2016-01-27,11425.0,11470.0,11400.0,11450.0,57896,356152,11435.0,棉花,农产品,CZCE,CF0
2016-01-28,11445.0,11475.0,11395.0,11405.0,48442,353346,11425.0,棉花,农产品,CZCE,CF0
2016-01-29,11400.0,11440.0,11355.0,11375.0,69040,350866,11390.0,棉花,农产品,CZCE,CF0
2016-02-01,11385.0,11395.0,11360.0,11375.0,44622,337128,11380.0,棉花,农产品,CZCE,CF0
2016-02-02,11385.0,11505.0,11340.0,11470.0,103664,326994,11435.0,棉花,农产品,CZCE,CF0
2016-02-03,10880.0,10880.0,10685.0,10715.0,114332,333232,10765.0,棉花,农产品,CZCE,CF0
2016-02-04,10710.0,10755.0,10570.0,10590.0,94706,344708,10665.0,棉花,农产品,CZCE,CF0
2016-02-05,10535.0,10680.0,10535.0,10565.0,97084,351604,10610.0,棉花,农产品,CZCE,CF0
2016-02-15,10485.0,10495.0,10370.0,10390.0,94426,373682,10420.0,棉花,农产品,CZCE,CF0
2016-02-16,10390.0,10500.0,10385.0,10485.0,119874,405726,10450.0,棉花,农产品,CZCE,CF0
2016-02-17,10495.0,10570.0,10470.0,10530.0,111692,410010,10525.0,棉花,农产品,CZCE,CF0
2016-02-18,10530.0,10595.0,10505.0,10565.0,79068,410622,10555.0,棉花,农产品,CZCE,CF0
2016-02-19,10560.0,10575.0,10440.0,10460.0,153268,449436,10510.0,棉花,农产品,CZCE,CF0
2016-02-22,10440.0,10565.0,10440.0,10505.0,141444,447798,10510.0,棉花,农产品,CZCE,CF0
2016-02-23,10510.0,10550.0,10455.0,10485.0,144190,470888,10500.0,棉花,农产品,CZCE,CF0
2016-02-24,10480.0,10500.0,10290.0,10325.0,235958,500696,10375.0,棉花,农产品,CZCE,CF0
2016-02-25,10330.0,10330.0,10040.0,10160.0,413552,508328,10175.0,棉花,农产品,CZCE,CF0
2016-02-26,10155.0,10205.0,10065.0,10080.0,201882,519344,10120.0,棉花,农产品,CZCE,CF0
2016-02-29,10075.0,10145.0,9975.0,9990.0,268786,520152,10040.0,棉花,农产品,CZCE,CF0
2016-03-01,10000.0,10105.0,9890.0,10045.0,363740,533692,9995.0,棉花,农产品,CZCE,CF0
2016-03-02,10060.0,10110.0,10000.0,10045.0,231974,550068,10060.0,棉花,农产品,CZCE,CF0
2016-03-03,10055.0,10215.0,10000.0,10155.0,342894,570634,10125.0,棉花,农产品,CZCE,CF0
2016-03-04,10165.0,10255.0,10115.0,10235.0,259056,598306,10200.0,棉花,农产品,CZCE,CF0
2016-03-07,10240.0,10610.0,10220.0,10540.0,687610,613946,10465.0,棉花,农产品,CZCE,CF0
2016-03-08,10550.0,10640.0,10275.0,10410.0,514552,583054,10470.0,棉花,农产品,CZCE,CF0
2016-03-09,10400.0,10455.0,10235.0,10290.0,330476,600736,10330.0,棉花,农产品,CZCE,CF0
2016-03-10,10300.0,10390.0,10165.0,10180.0,296882,595484,10300.0,棉花,农产品,CZCE,CF0
2016-03-11,10180.0,10180.0,10040.0,10110.0,336550,606728,10110.0,棉花,农产品,CZCE,CF0
2016-03-14,10140.0,10245.0,10100.0,10115.0,300680,632046,10175.0,棉花,农产品,CZCE,CF0
2016-03-15,10095.0,10215.0,10080.0,10100.0,278398,628544,10150.0,棉花,农产品,CZCE,CF0
2016-03-16,10100.0,10155.0,10060.0,10110.0,237762,634774,10110.0,棉花,农产品,CZCE,CF0
2016-03-17,10100.0,10245.0,10090.0,10185.0,243394,607794,10170.0,棉花,农产品,CZCE,CF0
2016-03-18,10185.0,10460.0,10185.0,10380.0,500574,590984,10365.0,棉花,农产品,CZCE,CF0
2016-03-21,10380.0,10510.0,10270.0,10500.0,491512,611686,10415.0,棉花,农产品,CZCE,CF0
2016-03-22,10520.0,10605.0,10440.0,10450.0,396126,583548,10525.0,棉花,农产品,CZCE,CF0
2016-03-23,10435.0,10610.0,10410.0,10535.0,315354,576738,10525.0,棉花,农产品,CZCE,CF0
2016-03-24,10500.0,10560.0,10350.0,10355.0,302250,563944,10450.0,棉花,农产品,CZCE,CF0
2016-03-25,10360.0,10430.0,10340.0,10420.0,208124,576510,10395.0,棉花,农产品,CZCE,CF0
2016-03-28,10440.0,10495.0,10350.0,10355.0,219608,567438,10420.0,棉花,农产品,CZCE,CF0
2016-03-29,10360.0,10430.0,10220.0,10235.0,292840,561546,10310.0,棉花,农产品,CZCE,CF0
2016-03-30,10250.0,10325.0,10210.0,10295.0,150764,547478,10280.0,棉花,农产品,CZCE,CF0
2016-03-31,10320.0,10350.0,10120.0,10200.0,261980,535610,10235.0,棉花,农产品,CZCE,CF0
2016-04-01,10215.0,10270.0,10185.0,10240.0,169286,524440,10230.0,棉花,农产品,CZCE,CF0
2016-04-05,10960.0,10995.0,10875.0,10895.0,3434,33696,10915.0,棉花,农产品,CZCE,CF0
2016-04-06,10335.0,10470.0,10320.0,10430.0,275470,540520,10410.0,棉花,农产品,CZCE,CF0
2016-04-07,10430.0,10450.0,10315.0,10375.0,214218,543932,10365.0,棉花,农产品,CZCE,CF0
2016-04-08,10380.0,10425.0,10330.0,10395.0,188040,546156,10375.0,棉花,农产品,CZCE,CF0
2016-04-11,10445.0,10790.0,10440.0,10790.0,464400,561354,10610.0,棉花,农产品,CZCE,CF0
2016-04-12,11000.0,11010.0,10810.0,10880.0,613854,504480,10885.0,棉花,农产品,CZCE,CF0
2016-04-13,10980.0,11325.0,10950.0,11325.0,471990,534708,11230.0,棉花,农产品,CZCE,CF0
2016-04-14,11565.0,11770.0,11345.0,11575.0,1392538,406874,11545.0,棉花,农产品,CZCE,CF0
2016-04-15,11470.0,11525.0,11190.0,11255.0,998946,473110,11320.0,棉花,农产品,CZCE,CF0
2016-04-18,11190.0,11775.0,11150.0,11775.0,877074,497162,11460.0,棉花,农产品,CZCE,CF0
2016-04-19,12260.0,12265.0,12020.0,12175.0,1379634,355664,12160.0,棉花,农产品,CZCE,CF0
2016-04-20,12245.0,12650.0,12220.0,12650.0,1530498,352420,12545.0,棉花,农产品,CZCE,CF0
2016-04-21,12400.0,13425.0,12215.0,13355.0,2333564,300098,12970.0,棉花,农产品,CZCE,CF0
2016-04-22,13265.0,13450.0,12615.0,12840.0,2864938,292810,12985.0,棉花,农产品,CZCE,CF0
2016-04-25,12880.0,13255.0,12665.0,12810.0,1619204,290402,12905.0,棉花,农产品,CZCE,CF0
2016-04-26,12855.0,13375.0,12665.0,12940.0,2479884,353042,13050.0,棉花,农产品,CZCE,CF0
2016-04-27,12995.0,13135.0,12570.0,12805.0,1285904,348820,12835.0,棉花,农产品,CZCE,CF0
2016-04-28,12870.0,12885.0,12210.0,12350.0,1142262,333154,12555.0,棉花,农产品,CZCE,CF0
2016-04-29,12345.0,12640.0,12290.0,12555.0,892932,318750,12475.0,棉花,农产品,CZCE,CF0
2016-05-03,12165.0,12505.0,12165.0,12400.0,878,17880,12345.0,棉花,农产品,CZCE,CF0
2016-05-04,12660.0,12680.0,12440.0,12530.0,571242,327210,12545.0,棉花,农产品,CZCE,CF0
2016-05-05,12570.0,12600.0,12460.0,12565.0,392690,326224,12525.0,棉花,农产品,CZCE,CF0
2016-05-06,12620.0,12740.0,12230.0,12350.0,674056,294042,12440.0,棉花,农产品,CZCE,CF0
2016-05-09,12370.0,12485.0,11865.0,12165.0,733250,270106,12165.0,棉花,农产品,CZCE,CF0
2016-05-10,12115.0,12270.0,12015.0,12240.0,549446,270068,12170.0,棉花,农产品,CZCE,CF0
2016-05-11,12280.0,12420.0,12175.0,12335.0,401174,277284,12295.0,棉花,农产品,CZCE,CF0
2016-05-12,12280.0,12695.0,12130.0,12530.0,732300,304478,12455.0,棉花,农产品,CZCE,CF0
2016-05-13,12470.0,12640.0,12180.0,12300.0,656946,258696,12375.0,棉花,农产品,CZCE,CF0
2016-05-16,12305.0,12520.0,12205.0,12335.0,375612,267500,12365.0,棉花,农产品,CZCE,CF0
2016-05-17,12350.0,12475.0,12310.0,12440.0,322788,271672,12390.0,棉花,农产品,CZCE,CF0
2016-05-18,12475.0,12835.0,12450.0,12550.0,862128,282200,12635.0,棉花,农产品,CZCE,CF0
2016-05-19,12580.0,12755.0,12525.0,12740.0,597006,292284,12665.0,棉花,农产品,CZCE,CF0
2016-05-20,12740.0,12885.0,12645.0,12745.0,455710,289098,12765.0,棉花,农产品,CZCE,CF0
2016-05-23,12715.0,12815.0,12350.0,12390.0,533178,243788,12540.0,棉花,农产品,CZCE,CF0
2016-05-24,12385.0,12470.0,12260.0,12415.0,405204,244700,12365.0,棉花,农产品,CZCE,CF0
2016-05-25,12455.0,12650.0,12250.0,12480.0,481910,237080,12410.0,棉花,农产品,CZCE,CF0
2016-05-26,12500.0,13035.0,12455.0,13035.0,696486,322838,12720.0,棉花,农产品,CZCE,CF0
2016-05-27,13055.0,13260.0,12855.0,13100.0,1077118,360148,13040.0,棉花,农产品,CZCE,CF0
2016-05-30,13055.0,13390.0,12965.0,13330.0,752022,398842,13175.0,棉花,农产品,CZCE,CF0
2016-05-31,13300.0,13375.0,12820.0,12840.0,661088,339240,13120.0,棉花,农产品,CZCE,CF0
2016-06-01,12805.0,12930.0,12465.0,12575.0,792096,296478,12710.0,棉花,农产品,CZCE,CF0
2016-06-02,12620.0,12800.0,12535.0,12590.0,463298,289380,12650.0,棉花,农产品,CZCE,CF0
2016-06-03,12640.0,12740.0,12395.0,12470.0,544164,301992,12580.0,棉花,农产品,CZCE,CF0
2016-06-06,12590.0,12735.0,12465.0,12675.0,462032,296864,12610.0,棉花,农产品,CZCE,CF0
2016-06-07,12765.0,13120.0,12735.0,13005.0,762326,320626,12965.0,棉花,农产品,CZCE,CF0
2016-06-08,13000.0,13025.0,12700.0,12900.0,469266,288458,12855.0,棉花,农产品,CZCE,CF0
2016-06-13,12835.0,13255.0,12830.0,13025.0,402220,307354,13100.0,棉花,农产品,CZCE,CF0
2016-06-14,13035.0,13170.0,12810.0,12845.0,384874,277912,12965.0,棉花,农产品,CZCE,CF0
2016-06-15,12830.0,12925.0,12730.0,12780.0,348866,264952,12815.0,棉花,农产品,CZCE,CF0
2016-06-16,12810.0,13085.0,12720.0,13000.0,465724,276682,12915.0,棉花,农产品,CZCE,CF0
2016-06-17,13000.0,13565.0,12835.0,13480.0,1180966,359642,13300.0,棉花,农产品,CZCE,CF0
2016-06-20,13530.0,13585.0,13300.0,13455.0,691508,347914,13435.0,棉花,农产品,CZCE,CF0
2016-06-21,13560.0,13590.0,13130.0,13155.0,424002,369364,13360.0,棉花,农产品,CZCE,CF0
2016-06-22,13150.0,13380.0,13100.0,13345.0,259316,368740,13230.0,棉花,农产品,CZCE,CF0
2016-06-23,13350.0,13655.0,13310.0,13515.0,411162,388460,13540.0,棉花,农产品,CZCE,CF0
2016-06-24,13600.0,13800.0,13350.0,13430.0,537620,386184,13595.0,棉花,农产品,CZCE,CF0
2016-06-27,13410.0,13720.0,13350.0,13700.0,351284,391204,13585.0,棉花,农产品,CZCE,CF0
2016-06-28,13700.0,14265.0,13665.0,14170.0,670370,423338,13970.0,棉花,农产品,CZCE,CF0
2016-06-29,14235.0,14670.0,14210.0,14670.0,971310,459702,14535.0,棉花,农产品,CZCE,CF0
2016-06-30,14700.0,14945.0,14595.0,14725.0,883582,474460,14765.0,棉花,农产品,CZCE,CF0
2016-07-01,14740.0,14880.0,14465.0,14735.0,701944,450336,14690.0,棉花,农产品,CZCE,CF0
2016-07-04,14760.0,15425.0,14730.0,15425.0,873112,492160,15240.0,棉花,农产品,CZCE,CF0
2016-07-05,15535.0,15790.0,14510.0,15000.0,1208904,431748,15150.0,棉花,农产品,CZCE,CF0
2016-07-06,14985.0,15340.0,14450.0,14875.0,1188480,382150,14795.0,棉花,农产品,CZCE,CF0
2016-07-07,14655.0,15145.0,14655.0,14910.0,1103588,403170,14965.0,棉花,农产品,CZCE,CF0
2016-07-08,14940.0,15120.0,14215.0,14350.0,1176150,392722,14555.0,棉花,农产品,CZCE,CF0
2016-07-11,14440.0,15055.0,14335.0,15045.0,931096,426664,14715.0,棉花,农产品,CZCE,CF0
2016-07-12,15100.0,15455.0,14975.0,15380.0,1136932,484144,15270.0,棉花,农产品,CZCE,CF0
2016-07-13,15345.0,16030.0,15115.0,15730.0,1472122,492754,15635.0,棉花,农产品,CZCE,CF0
2016-07-14,15730.0,15960.0,15510.0,15855.0,1065150,512084,15760.0,棉花,农产品,CZCE,CF0
2016-07-15,15855.0,16060.0,15750.0,15975.0,1005784,524848,15920.0,棉花,农产品,CZCE,CF0
2016-07-18,16100.0,16185.0,15460.0,15765.0,1318568,470542,15750.0,棉花,农产品,CZCE,CF0
2016-07-19,15895.0,15925.0,15495.0,15675.0,1206644,468998,15665.0,棉花,农产品,CZCE,CF0
2016-07-20,15670.0,15740.0,15020.0,15305.0,1338872,470376,15370.0,棉花,农产品,CZCE,CF0
2016-07-21,15280.0,15600.0,15195.0,15485.0,838224,461238,15410.0,棉花,农产品,CZCE,CF0
2016-07-22,15535.0,15795.0,15180.0,15195.0,1229802,454516,15530.0,棉花,农产品,CZCE,CF0
2016-07-25,15250.0,15445.0,15115.0,15340.0,827116,433238,15280.0,棉花,农产品,CZCE,CF0
2016-07-26,15375.0,15480.0,15170.0,15450.0,818438,434330,15350.0,棉花,农产品,CZCE,CF0
2016-07-27,15430.0,15775.0,15370.0,15680.0,952144,458992,15615.0,棉花,农产品,CZCE,CF0
2016-07-28,15730.0,15795.0,14830.0,14905.0,1592824,455996,15315.0,棉花,农产品,CZCE,CF0
2016-07-29,14900.0,14975.0,14545.0,14545.0,1064360,452790,14780.0,棉花,农产品,CZCE,CF0
2016-08-01,14505.0,14920.0,14465.0,14765.0,899388,433478,14730.0,棉花,农产品,CZCE,CF0
2016-08-02,14710.0,14875.0,14450.0,14700.0,937584,429150,14720.0,棉花,农产品,CZCE,CF0
2016-08-03,14710.0,14745.0,14325.0,14505.0,1009318,464048,14500.0,棉花,农产品,CZCE,CF0
2016-08-04,14520.0,14760.0,14355.0,14710.0,880154,472128,14520.0,棉花,农产品,CZCE,CF0
2016-08-05,14680.0,15175.0,14625.0,15155.0,1087028,475256,14875.0,棉花,农产品,CZCE,CF0
2016-08-08,15200.0,15265.0,14750.0,14755.0,949646,469392,15045.0,棉花,农产品,CZCE,CF0
2016-08-09,14765.0,14865.0,14525.0,14690.0,928986,457198,14710.0,棉花,农产品,CZCE,CF0
2016-08-10,14585.0,14780.0,14455.0,14745.0,849680,467302,14640.0,棉花,农产品,CZCE,CF0
2016-08-11,14760.0,14870.0,14660.0,14730.0,561374,465154,14740.0,棉花,农产品,CZCE,CF0
2016-08-12,14705.0,14915.0,14600.0,14660.0,712808,447338,14765.0,棉花,农产品,CZCE,CF0
2016-08-15,14655.0,14750.0,14525.0,14700.0,539102,435372,14660.0,棉花,农产品,CZCE,CF0
2016-08-16,14685.0,14745.0,14470.0,14635.0,743172,452648,14595.0,棉花,农产品,CZCE,CF0
2016-08-17,14585.0,14865.0,14530.0,14770.0,729584,479064,14710.0,棉花,农产品,CZCE,CF0
2016-08-18,14755.0,14940.0,14625.0,14820.0,572358,482396,14795.0,棉花,农产品,CZCE,CF0
2016-08-19,14875.0,14920.0,14640.0,14645.0,455430,484716,14780.0,棉花,农产品,CZCE,CF0
2016-08-22,14595.0,14660.0,14370.0,14520.0,672446,486734,14545.0,棉花,农产品,CZCE,CF0
2016-08-23,14530.0,14720.0,14505.0,14565.0,320348,468948,14610.0,棉花,农产品,CZCE,CF0
2016-08-24,14570.0,14670.0,14535.0,14575.0,276064,468950,14595.0,棉花,农产品,CZCE,CF0
2016-08-25,14555.0,14585.0,13910.0,13980.0,988818,446976,14190.0,棉花,农产品,CZCE,CF0
2016-08-26,14020.0,14130.0,13885.0,13965.0,512646,424826,14000.0,棉花,农产品,CZCE,CF0
2016-08-29,13965.0,14045.0,13780.0,13825.0,425250,429522,13895.0,棉花,农产品,CZCE,CF0
2016-08-30,13800.0,13950.0,13790.0,13850.0,275180,416994,13870.0,棉花,农产品,CZCE,CF0
2016-08-31,13830.0,13930.0,13545.0,13590.0,439044,426658,13715.0,棉花,农产品,CZCE,CF0
2016-09-01,13580.0,13710.0,13450.0,13680.0,308078,419550,13600.0,棉花,农产品,CZCE,CF0
2016-09-02,13705.0,14000.0,13650.0,13795.0,538616,397756,13855.0,棉花,农产品,CZCE,CF0
2016-09-05,13825.0,13940.0,13790.0,13890.0,241596,390158,13870.0,棉花,农产品,CZCE,CF0
2016-09-06,13910.0,14160.0,13775.0,14115.0,488816,394824,14010.0,棉花,农产品,CZCE,CF0
2016-09-07,14100.0,14260.0,14030.0,14075.0,390564,393922,14120.0,棉花,农产品,CZCE,CF0
2016-09-08,14095.0,14180.0,13980.0,14155.0,355028,373488,14090.0,棉花,农产品,CZCE,CF0
2016-09-09,14160.0,14175.0,14025.0,14135.0,235974,357584,14110.0,棉花,农产品,CZCE,CF0
2016-09-12,14105.0,14205.0,13860.0,13870.0,405048,362398,14010.0,棉花,农产品,CZCE,CF0
2016-09-13,13880.0,14145.0,13815.0,14095.0,462598,369606,14020.0,棉花,农产品,CZCE,CF0
2016-09-14,14045.0,14215.0,13955.0,14205.0,443356,354966,14110.0,棉花,农产品,CZCE,CF0
2016-09-19,14280.0,14745.0,14265.0,14745.0,425504,395128,14540.0,棉花,农产品,CZCE,CF0
2016-09-20,14765.0,14930.0,14655.0,14930.0,446924,425756,14780.0,棉花,农产品,CZCE,CF0
2016-09-21,14940.0,14980.0,14795.0,14965.0,400876,422818,14895.0,棉花,农产品,CZCE,CF0
2016-09-22,14985.0,15015.0,14820.0,14910.0,510614,419048,14920.0,棉花,农产品,CZCE,CF0
2016-09-23,14925.0,14975.0,14755.0,14945.0,388556,418474,14855.0,棉花,农产品,CZCE,CF0
2016-09-26,14960.0,15535.0,14880.0,15495.0,736410,482068,15270.0,棉花,农产品,CZCE,CF0
2016-09-27,15485.0,15550.0,15355.0,15465.0,467190,497290,15450.0,棉花,农产品,CZCE,CF0
2016-09-28,15455.0,15470.0,15195.0,15245.0,426340,462764,15325.0,棉花,农产品,CZCE,CF0
2016-09-29,15210.0,15405.0,15010.0,15105.0,657206,434268,15200.0,棉花,农产品,CZCE,CF0
2016-09-30,15080.0,15190.0,14970.0,15180.0,379214,402684,15100.0,棉花,农产品,CZCE,CF0
2016-10-10,15700.0,15750.0,15440.0,15630.0,321010,404112,15585.0,棉花,农产品,CZCE,CF0
2016-10-11,15580.0,15720.0,15330.0,15385.0,476536,399088,15485.0,棉花,农产品,CZCE,CF0
2016-10-12,15370.0,15475.0,15190.0,15240.0,391872,392560,15355.0,棉花,农产品,CZCE,CF0
2016-10-13,15205.0,15265.0,14925.0,14940.0,595016,382216,15095.0,棉花,农产品,CZCE,CF0
2016-10-14,14940.0,15180.0,14890.0,15060.0,319580,385692,15060.0,棉花,农产品,CZCE,CF0
2016-10-17,15020.0,15430.0,15020.0,15165.0,509610,396210,15245.0,棉花,农产品,CZCE,CF0
2016-10-18,15180.0,15235.0,14985.0,15080.0,444732,399840,15100.0,棉花,农产品,CZCE,CF0
2016-10-19,15075.0,15260.0,14805.0,14825.0,610944,375066,15035.0,棉花,农产品,CZCE,CF0
2016-10-20,14830.0,15110.0,14745.0,15005.0,433352,360540,14955.0,棉花,农产品,CZCE,CF0
2016-10-21,15040.0,15180.0,14795.0,14840.0,358204,359158,14955.0,棉花,农产品,CZCE,CF0
2016-10-24,14850.0,14910.0,14735.0,14780.0,334748,368342,14825.0,棉花,农产品,CZCE,CF0
2016-10-25,14760.0,15135.0,14750.0,15085.0,506040,385804,14975.0,棉花,农产品,CZCE,CF0
2016-10-26,15100.0,15160.0,14850.0,14925.0,362382,356724,14970.0,棉花,农产品,CZCE,CF0
2016-10-27,14920.0,15350.0,14885.0,15325.0,685682,420174,15125.0,棉花,农产品,CZCE,CF0
2016-10-28,15255.0,15305.0,15085.0,15195.0,370654,380938,15200.0,棉花,农产品,CZCE,CF0
2016-10-31,15165.0,15450.0,15135.0,15380.0,451964,403282,15320.0,棉花,农产品,CZCE,CF0
2016-11-01,15360.0,15390.0,15120.0,15125.0,352566,374958,15250.0,棉花,农产品,CZCE,CF0
2016-11-02,15135.0,15200.0,14915.0,14920.0,324164,333126,15055.0,棉花,农产品,CZCE,CF0
2016-11-03,14950.0,15245.0,14930.0,15240.0,265216,330378,15075.0,棉花,农产品,CZCE,CF0
2016-11-04,15250.0,15430.0,15120.0,15230.0,420170,349340,15280.0,棉花,农产品,CZCE,CF0
2016-11-07,15230.0,15460.0,15180.0,15335.0,410796,356910,15330.0,棉花,农产品,CZCE,CF0
2016-11-08,15335.0,15595.0,15100.0,15205.0,570460,339918,15345.0,棉花,农产品,CZCE,CF0
2016-11-09,15255.0,15470.0,15230.0,15300.0,470060,321480,15345.0,棉花,农产品,CZCE,CF0
2016-11-10,15325.0,15700.0,15280.0,15595.0,675848,368682,15495.0,棉花,农产品,CZCE,CF0
2016-11-11,15620.0,16270.0,15575.0,16270.0,472370,388788,15890.0,棉花,农产品,CZCE,CF0
2016-11-14,16570.0,17005.0,14775.0,15200.0,1150658,237260,15905.0,棉花,农产品,CZCE,CF0
2016-11-15,15220.0,15630.0,15210.0,15330.0,303256,217992,15415.0,棉花,农产品,CZCE,CF0
2016-11-16,15330.0,15975.0,15325.0,15895.0,508568,223402,15725.0,棉花,农产品,CZCE,CF0
2016-11-17,15860.0,16245.0,15825.0,16130.0,498248,228852,16085.0,棉花,农产品,CZCE,CF0
2016-11-18,16160.0,16215.0,15765.0,16050.0,338838,212834,15945.0,棉花,农产品,CZCE,CF0
2016-11-21,16025.0,16535.0,15890.0,16380.0,416212,223842,16255.0,棉花,农产品,CZCE,CF0
2016-11-22,16335.0,16500.0,16100.0,16320.0,195578,250588,16375.0,棉花,农产品,CZCE,CF0
2016-11-23,16300.0,16325.0,16035.0,16160.0,153900,246342,16175.0,棉花,农产品,CZCE,CF0
2016-11-24,16150.0,16445.0,16020.0,16180.0,304080,277634,16275.0,棉花,农产品,CZCE,CF0
2016-11-25,16100.0,16160.0,15650.0,15785.0,301902,286648,15885.0,棉花,农产品,CZCE,CF0
2016-11-28,15830.0,16265.0,15780.0,16255.0,375634,331662,16000.0,棉花,农产品,CZCE,CF0
2016-11-29,16300.0,16480.0,15950.0,16000.0,545268,331286,16265.0,棉花,农产品,CZCE,CF0
2016-11-30,15945.0,16240.0,15735.0,15840.0,469700,315086,15960.0,棉花,农产品,CZCE,CF0
2016-12-01,15935.0,16215.0,15880.0,15895.0,433896,319864,16075.0,棉花,农产品,CZCE,CF0
2016-12-02,15915.0,16045.0,15590.0,15670.0,421006,304464,15810.0,棉花,农产品,CZCE,CF0
2016-12-05,15695.0,15890.0,15630.0,15730.0,255548,301692,15770.0,棉花,农产品,CZCE,CF0
2016-12-06,15740.0,15960.0,15670.0,15800.0,291108,309814,15820.0,棉花,农产品,CZCE,CF0
2016-12-07,15860.0,15990.0,15750.0,15890.0,316178,313858,15885.0,棉花,农产品,CZCE,CF0
2016-12-08,15950.0,15950.0,15690.0,15700.0,230228,312476,15805.0,棉花,农产品,CZCE,CF0
2016-12-09,15705.0,15800.0,15625.0,15705.0,260024,318934,15730.0,棉花,农产品,CZCE,CF0
2016-12-12,15690.0,16115.0,15665.0,15860.0,575960,344410,15875.0,棉花,农产品,CZCE,CF0
2016-12-13,15850.0,16160.0,15825.0,16135.0,476476,372958,16045.0,棉花,农产品,CZCE,CF0
2016-12-14,16225.0,16235.0,15745.0,15785.0,439824,364640,15960.0,棉花,农产品,CZCE,CF0
2016-12-15,15780.0,15890.0,15720.0,15810.0,243508,359086,15805.0,棉花,农产品,CZCE,CF0
2016-12-16,15790.0,15910.0,15720.0,15735.0,267238,348954,15810.0,棉花,农产品,CZCE,CF0
2016-12-19,15715.0,15765.0,15425.0,15425.0,308702,363556,15585.0,棉花,农产品,CZCE,CF0
2016-12-20,15410.0,15455.0,14820.0,14905.0,443870,337092,15110.0,棉花,农产品,CZCE,CF0
2016-12-21,14980.0,15135.0,14900.0,15110.0,199450,325884,14990.0,棉花,农产品,CZCE,CF0
2016-12-22,15150.0,15350.0,15090.0,15150.0,343540,312642,15240.0,棉花,农产品,CZCE,CF0
2016-12-23,15180.0,15330.0,15020.0,15150.0,306330,302212,15195.0,棉花,农产品,CZCE,CF0
2016-12-26,15150.0,15175.0,14605.0,14780.0,298810,283842,14860.0,棉花,农产品,CZCE,CF0
2016-12-27,14800.0,14940.0,14720.0,14900.0,145648,278822,14845.0,棉花,农产品,CZCE,CF0
2016-12-28,14960.0,15090.0,14725.0,14835.0,236102,292122,14900.0,棉花,农产品,CZCE,CF0
2016-12-29,14835.0,14965.0,14760.0,14935.0,181228,287720,14875.0,棉花,农产品,CZCE,CF0
2016-12-30,14990.0,15080.0,14830.0,15030.0,210796,287248,14985.0,棉花,农产品,CZCE,CF0
2017-01-03,14895.0,15100.0,14895.0,14950.0,1128,18836,15005.0,棉花,农产品,CZCE,CF0
2017-01-04,15120.0,15205.0,14885.0,15085.0,233474,290540,15050.0,棉花,农产品,CZCE,CF0
2017-01-05,15095.0,15405.0,15075.0,15300.0,298096,296546,15255.0,棉花,农产品,CZCE,CF0
2017-01-06,15340.0,15415.0,15140.0,15185.0,249582,285322,15295.0,棉花,农产品,CZCE,CF0
2017-01-09,15185.0,15380.0,15120.0,15370.0,189804,289202,15265.0,棉花,农产品,CZCE,CF0
2017-01-10,15365.0,15450.0,15215.0,15445.0,212228,291476,15330.0,棉花,农产品,CZCE,CF0
2017-01-11,15465.0,15500.0,15280.0,15385.0,210756,293612,15395.0,棉花,农产品,CZCE,CF0
2017-01-12,15365.0,15455.0,15285.0,15305.0,201324,282418,15365.0,棉花,农产品,CZCE,CF0
2017-01-13,15360.0,15395.0,15010.0,15055.0,292610,290488,15180.0,棉花,农产品,CZCE,CF0
2017-01-16,15055.0,15225.0,15030.0,15105.0,192140,284664,15135.0,棉花,农产品,CZCE,CF0
2017-01-17,15105.0,15245.0,15030.0,15160.0,223432,285124,15145.0,棉花,农产品,CZCE,CF0
2017-01-18,15185.0,15280.0,14925.0,15125.0,277914,276706,15100.0,棉花,农产品,CZCE,CF0
2017-01-19,15145.0,15315.0,15060.0,15295.0,195280,268296,15190.0,棉花,农产品,CZCE,CF0
2017-01-20,15325.0,15370.0,15170.0,15170.0,170834,258800,15295.0,棉花,农产品,CZCE,CF0
2017-01-23,15220.0,15545.0,15170.0,15545.0,253802,284162,15355.0,棉花,农产品,CZCE,CF0
2017-01-24,15545.0,15775.0,15510.0,15685.0,306190,293184,15665.0,棉花,农产品,CZCE,CF0
2017-01-25,15625.0,15750.0,15555.0,15620.0,167572,284412,15650.0,棉花,农产品,CZCE,CF0
2017-01-26,15620.0,15735.0,15565.0,15665.0,95640,271072,15650.0,棉花,农产品,CZCE,CF0
2017-02-03,15900.0,16010.0,15780.0,15965.0,198548,305430,15920.0,棉花,农产品,CZCE,CF0
2017-02-06,15855.0,16190.0,15855.0,16075.0,275890,350394,16075.0,棉花,农产品,CZCE,CF0
2017-02-07,16075.0,16095.0,15870.0,15950.0,184364,333874,15950.0,棉花,农产品,CZCE,CF0
2017-02-08,15900.0,16015.0,15800.0,15865.0,189848,334138,15900.0,棉花,农产品,CZCE,CF0
2017-02-09,15855.0,15970.0,15820.0,15860.0,144114,336124,15900.0,棉花,农产品,CZCE,CF0
2017-02-10,15895.0,15995.0,15760.0,15845.0,220840,334186,15885.0,棉花,农产品,CZCE,CF0
2017-02-13,15880.0,16130.0,15845.0,15950.0,274950,344762,16000.0,棉花,农产品,CZCE,CF0
2017-02-14,16015.0,16210.0,15840.0,15935.0,347072,346940,16025.0,棉花,农产品,CZCE,CF0
2017-02-15,15975.0,15995.0,15785.0,15845.0,199056,338844,15870.0,棉花,农产品,CZCE,CF0
2017-02-16,15795.0,15815.0,15605.0,15670.0,172478,330266,15735.0,棉花,农产品,CZCE,CF0
2017-02-17,15660.0,15775.0,15495.0,15515.0,190016,307548,15645.0,棉花,农产品,CZCE,CF0
2017-02-20,15500.0,15600.0,15430.0,15590.0,126386,300522,15520.0,棉花,农产品,CZCE,CF0
2017-02-21,15570.0,15815.0,15570.0,15650.0,160428,290002,15705.0,棉花,农产品,CZCE,CF0
2017-02-22,15665.0,15685.0,15460.0,15485.0,132514,287874,15540.0,棉花,农产品,CZCE,CF0
2017-02-23,15455.0,15600.0,15450.0,15545.0,137204,283642,15530.0,棉花,农产品,CZCE,CF0
2017-02-24,15565.0,15900.0,15480.0,15900.0,313538,308854,15660.0,棉花,农产品,CZCE,CF0
2017-02-27,15905.0,15980.0,15780.0,15845.0,247726,308026,15870.0,棉花,农产品,CZCE,CF0
2017-02-28,15870.0,16085.0,15800.0,15955.0,285782,321230,15950.0,棉花,农产品,CZCE,CF0
2017-03-01,15940.0,16030.0,15850.0,16010.0,183016,321558,15940.0,棉花,农产品,CZCE,CF0
2017-03-02,16010.0,16095.0,15885.0,15965.0,174112,317864,15990.0,棉花,农产品,CZCE,CF0
2017-03-03,15945.0,16040.0,15660.0,15950.0,257934,301912,15885.0,棉花,农产品,CZCE,CF0
2017-03-06,15970.0,16465.0,15900.0,16430.0,451468,388720,16240.0,棉花,农产品,CZCE,CF0
2017-03-07,16405.0,16500.0,16240.0,16320.0,247898,387354,16360.0,棉花,农产品,CZCE,CF0
2017-03-08,16300.0,16345.0,15680.0,15730.0,438796,326852,15935.0,棉花,农产品,CZCE,CF0
2017-03-09,15750.0,15790.0,15555.0,15565.0,287026,306602,15665.0,棉花,农产品,CZCE,CF0
2017-03-10,15565.0,15665.0,15290.0,15465.0,300578,286024,15485.0,棉花,农产品,CZCE,CF0
2017-03-13,15465.0,15615.0,15425.0,15500.0,189976,269830,15525.0,棉花,农产品,CZCE,CF0
2017-03-14,15490.0,15560.0,15235.0,15255.0,247626,266258,15390.0,棉花,农产品,CZCE,CF0
2017-03-15,15275.0,15385.0,15170.0,15220.0,195498,253686,15275.0,棉花,农产品,CZCE,CF0
2017-03-16,15245.0,15410.0,15215.0,15335.0,148924,246142,15325.0,棉花,农产品,CZCE,CF0
2017-03-17,15355.0,15420.0,15115.0,15215.0,196422,247666,15245.0,棉花,农产品,CZCE,CF0
2017-03-20,15250.0,15300.0,15140.0,15180.0,128618,244030,15225.0,棉花,农产品,CZCE,CF0
2017-03-21,15210.0,15250.0,14990.0,15050.0,181640,248360,15095.0,棉花,农产品,CZCE,CF0
2017-03-22,15065.0,15100.0,14855.0,14960.0,136664,237388,14970.0,棉花,农产品,CZCE,CF0
2017-03-23,15000.0,15390.0,15000.0,15320.0,281648,229172,15245.0,棉花,农产品,CZCE,CF0
2017-03-24,15330.0,15330.0,15165.0,15270.0,107504,218824,15250.0,棉花,农产品,CZCE,CF0
2017-03-27,15295.0,15365.0,14950.0,15015.0,152116,209340,15125.0,棉花,农产品,CZCE,CF0
2017-03-28,15005.0,15165.0,14960.0,15030.0,96664,198266,15060.0,棉花,农产品,CZCE,CF0
2017-03-29,15060.0,15120.0,14925.0,15000.0,123116,197096,15010.0,棉花,农产品,CZCE,CF0
2017-03-30,14970.0,15035.0,14730.0,14745.0,150466,181712,14870.0,棉花,农产品,CZCE,CF0
2017-03-31,15275.0,15545.0,15260.0,15350.0,167356,182158,15395.0,棉花,农产品,CZCE,CF0
2017-04-05,15230.0,15495.0,15150.0,15430.0,113178,186306,15395.0,棉花,农产品,CZCE,CF0
2017-04-06,15425.0,15650.0,15300.0,15355.0,155676,196510,15435.0,棉花,农产品,CZCE,CF0
2017-04-07,15360.0,15540.0,15280.0,15485.0,183438,195080,15435.0,棉花,农产品,CZCE,CF0
2017-04-10,15465.0,15715.0,15420.0,15690.0,248416,204160,15560.0,棉花,农产品,CZCE,CF0
2017-04-11,15705.0,15745.0,15585.0,15635.0,152660,202604,15665.0,棉花,农产品,CZCE,CF0
2017-04-12,15605.0,15710.0,15415.0,15700.0,234576,207308,15580.0,棉花,农产品,CZCE,CF0
2017-04-13,15720.0,15855.0,15610.0,15835.0,200738,228134,15740.0,棉花,农产品,CZCE,CF0
2017-04-14,15810.0,15845.0,15600.0,15745.0,167934,214560,15710.0,棉花,农产品,CZCE,CF0
2017-04-17,15715.0,15800.0,15630.0,15655.0,127268,213666,15710.0,棉花,农产品,CZCE,CF0
2017-04-18,15690.0,15960.0,15645.0,15875.0,250436,228026,15835.0,棉花,农产品,CZCE,CF0
2017-04-19,15875.0,15960.0,15720.0,15950.0,173268,238322,15855.0,棉花,农产品,CZCE,CF0
2017-04-20,15980.0,16085.0,15850.0,16025.0,315556,245392,15980.0,棉花,农产品,CZCE,CF0
2017-04-21,16000.0,16140.0,15950.0,16120.0,207252,261542,16030.0,棉花,农产品,CZCE,CF0
2017-04-24,16095.0,16100.0,15915.0,16000.0,202018,253850,16000.0,棉花,农产品,CZCE,CF0
2017-04-25,16000.0,16015.0,15795.0,15810.0,183586,248818,15890.0,棉花,农产品,CZCE,CF0
2017-04-26,15780.0,16125.0,15735.0,16070.0,253580,281570,15970.0,棉花,农产品,CZCE,CF0
2017-04-27,16060.0,16230.0,16015.0,16125.0,183176,286106,16105.0,棉花,农产品,CZCE,CF0
2017-04-28,16060.0,16075.0,15820.0,15875.0,218966,263598,15950.0,棉花,农产品,CZCE,CF0
2017-05-02,15950.0,16030.0,15910.0,15965.0,93702,264212,15965.0,棉花,农产品,CZCE,CF0
2017-05-03,15950.0,16185.0,15875.0,16120.0,229006,305084,16075.0,棉花,农产品,CZCE,CF0
2017-05-04,16090.0,16225.0,16005.0,16155.0,263402,313938,16115.0,棉花,农产品,CZCE,CF0
2017-05-05,16200.0,16200.0,15815.0,15815.0,294964,279656,15995.0,棉花,农产品,CZCE,CF0
2017-05-08,15830.0,15875.0,15450.0,15500.0,391836,271432,15620.0,棉花,农产品,CZCE,CF0
2017-05-09,15470.0,15595.0,15455.0,15515.0,117708,260490,15530.0,棉花,农产品,CZCE,CF0
2017-05-10,15530.0,15670.0,15390.0,15515.0,194718,255782,15520.0,棉花,农产品,CZCE,CF0
2017-05-11,15535.0,15570.0,15380.0,15495.0,164256,242060,15490.0,棉花,农产品,CZCE,CF0
2017-05-12,15510.0,15780.0,15450.0,15780.0,217252,232696,15625.0,棉花,农产品,CZCE,CF0
2017-05-15,15960.0,16290.0,15925.0,16230.0,531666,248096,16130.0,棉花,农产品,CZCE,CF0
2017-05-16,16485.0,16540.0,16055.0,16190.0,499380,246408,16240.0,棉花,农产品,CZCE,CF0
2017-05-17,16140.0,16205.0,15955.0,16140.0,268684,235784,16090.0,棉花,农产品,CZCE,CF0
2017-05-18,16130.0,16250.0,15735.0,15735.0,342072,212912,15985.0,棉花,农产品,CZCE,CF0
2017-05-19,15700.0,15950.0,15700.0,15810.0,186728,204014,15845.0,棉花,农产品,CZCE,CF0
2017-05-22,15780.0,15995.0,15675.0,15680.0,242884,213650,15860.0,棉花,农产品,CZCE,CF0
2017-05-23,15700.0,15780.0,15635.0,15715.0,161592,207624,15720.0,棉花,农产品,CZCE,CF0
2017-05-24,15655.0,15905.0,15615.0,15905.0,214698,203510,15745.0,棉花,农产品,CZCE,CF0
2017-05-25,15900.0,15950.0,15700.0,15830.0,172548,201424,15805.0,棉花,农产品,CZCE,CF0
2017-05-26,15830.0,15890.0,15645.0,15705.0,173740,201390,15750.0,棉花,农产品,CZCE,CF0
2017-05-31,15665.0,15735.0,15430.0,15440.0,159782,205926,15550.0,棉花,农产品,CZCE,CF0
2017-06-01,15430.0,15575.0,15255.0,15290.0,217272,233238,15425.0,棉花,农产品,CZCE,CF0
2017-06-02,15330.0,15550.0,15330.0,15385.0,155852,232210,15440.0,棉花,农产品,CZCE,CF0
2017-06-05,15375.0,15465.0,15195.0,15325.0,216616,251636,15315.0,棉花,农产品,CZCE,CF0
2017-06-06,15360.0,15385.0,15235.0,15305.0,126310,252434,15315.0,棉花,农产品,CZCE,CF0
2017-06-07,15315.0,15480.0,15285.0,15380.0,134416,245252,15380.0,棉花,农产品,CZCE,CF0
2017-06-08,15390.0,15695.0,15335.0,15680.0,204766,233818,15515.0,棉花,农产品,CZCE,CF0
2017-06-09,15650.0,15690.0,15555.0,15625.0,131940,218812,15620.0,棉花,农产品,CZCE,CF0
2017-06-12,15625.0,15660.0,15285.0,15310.0,207538,219450,15450.0,棉花,农产品,CZCE,CF0
2017-06-13,15310.0,15365.0,15180.0,15195.0,194156,224850,15275.0,棉花,农产品,CZCE,CF0
2017-06-14,15170.0,15325.0,15065.0,15285.0,212072,220948,15165.0,棉花,农产品,CZCE,CF0
2017-06-15,15270.0,15315.0,15085.0,15160.0,132228,222736,15190.0,棉花,农产品,CZCE,CF0
2017-06-16,15075.0,15275.0,15065.0,15135.0,151738,226040,15165.0,棉花,农产品,CZCE,CF0
2017-06-19,15100.0,15260.0,15055.0,15235.0,117598,216032,15180.0,棉花,农产品,CZCE,CF0
2017-06-20,15200.0,15230.0,14985.0,15180.0,223992,218860,15115.0,棉花,农产品,CZCE,CF0
2017-06-21,15145.0,15285.0,15100.0,15215.0,143644,211642,15205.0,棉花,农产品,CZCE,CF0
2017-06-22,15245.0,15305.0,15110.0,15130.0,128052,206056,15190.0,棉花,农产品,CZCE,CF0
2017-06-23,15110.0,15285.0,15105.0,15250.0,126808,202856,15215.0,棉花,农产品,CZCE,CF0
2017-06-26,15240.0,15400.0,15220.0,15345.0,141178,188724,15340.0,棉花,农产品,CZCE,CF0
2017-06-27,15315.0,15370.0,15115.0,15165.0,175784,199142,15210.0,棉花,农产品,CZCE,CF0
2017-06-28,15190.0,15250.0,14845.0,14845.0,275638,250862,15060.0,棉花,农产品,CZCE,CF0
2017-06-29,14860.0,14960.0,14800.0,14830.0,234942,256144,14880.0,棉花,农产品,CZCE,CF0
2017-06-30,14870.0,15000.0,14840.0,14935.0,138590,237884,14935.0,棉花,农产品,CZCE,CF0
2017-07-03,14970.0,15175.0,14805.0,15040.0,210316,223292,14990.0,棉花,农产品,CZCE,CF0
2017-07-04,15010.0,15055.0,14900.0,15015.0,125242,216980,14985.0,棉花,农产品,CZCE,CF0
2017-07-05,15015.0,15055.0,14735.0,14975.0,260642,224610,14880.0,棉花,农产品,CZCE,CF0
2017-07-06,14900.0,14950.0,14845.0,14930.0,117194,222668,14900.0,棉花,农产品,CZCE,CF0
2017-07-07,14980.0,15090.0,14915.0,15045.0,141036,212064,15020.0,棉花,农产品,CZCE,CF0
2017-07-10,15050.0,15280.0,14980.0,15170.0,191522,190176,15150.0,棉花,农产品,CZCE,CF0
2017-07-11,15155.0,15195.0,14905.0,14950.0,169672,193190,15020.0,棉花,农产品,CZCE,CF0
2017-07-12,14980.0,15225.0,14955.0,15140.0,175084,181668,15120.0,棉花,农产品,CZCE,CF0
2017-07-13,15150.0,15245.0,15105.0,15195.0,156206,184400,15185.0,棉花,农产品,CZCE,CF0
2017-07-14,15180.0,15305.0,15025.0,15280.0,191092,175604,15195.0,棉花,农产品,CZCE,CF0
2017-07-17,15250.0,15430.0,15225.0,15430.0,124688,167748,15310.0,棉花,农产品,CZCE,CF0
2017-07-18,15390.0,15600.0,15385.0,15550.0,167012,156600,15505.0,棉花,农产品,CZCE,CF0
2017-07-19,15545.0,15690.0,15435.0,15610.0,131614,159824,15545.0,棉花,农产品,CZCE,CF0
2017-07-20,15600.0,15610.0,15480.0,15585.0,95580,157070,15550.0,棉花,农产品,CZCE,CF0
2017-07-21,15620.0,15640.0,15115.0,15125.0,268184,149376,15350.0,棉花,农产品,CZCE,CF0
2017-07-24,15105.0,15145.0,14995.0,15015.0,164670,152996,15075.0,棉花,农产品,CZCE,CF0
2017-07-25,14990.0,15115.0,14965.0,15025.0,116114,145046,15055.0,棉花,农产品,CZCE,CF0
2017-07-26,15045.0,15060.0,14855.0,14870.0,138368,144552,14935.0,棉花,农产品,CZCE,CF0
2017-07-27,14850.0,14930.0,14820.0,14890.0,74378,140466,14885.0,棉花,农产品,CZCE,CF0
2017-07-28,14980.0,14990.0,14565.0,14590.0,196804,152786,14760.0,棉花,农产品,CZCE,CF0
2017-07-31,14645.0,14720.0,14570.0,14635.0,108400,149178,14650.0,棉花,农产品,CZCE,CF0
2017-08-01,14635.0,14920.0,14635.0,14755.0,133744,131062,14775.0,棉花,农产品,CZCE,CF0
2017-08-02,14780.0,15025.0,14720.0,15020.0,116998,104162,14845.0,棉花,农产品,CZCE,CF0
2017-08-03,15110.0,15165.0,15010.0,15025.0,138762,139812,15080.0,棉花,农产品,CZCE,CF0
2017-08-04,15010.0,15140.0,14965.0,15120.0,135864,151874,15075.0,棉花,农产品,CZCE,CF0
2017-08-07,15135.0,15200.0,14860.0,15100.0,214392,153238,15065.0,棉花,农产品,CZCE,CF0
2017-08-08,15085.0,15380.0,15065.0,15330.0,311362,193942,15220.0,棉花,农产品,CZCE,CF0
2017-08-09,15330.0,15415.0,15120.0,15320.0,295556,212548,15265.0,棉花,农产品,CZCE,CF0
2017-08-10,15320.0,15490.0,15270.0,15440.0,258304,233880,15375.0,棉花,农产品,CZCE,CF0
2017-08-11,15385.0,15435.0,15030.0,15295.0,313796,217506,15225.0,棉花,农产品,CZCE,CF0
2017-08-14,15295.0,15535.0,15215.0,15370.0,294680,228540,15385.0,棉花,农产品,CZCE,CF0
2017-08-15,15375.0,15375.0,15210.0,15255.0,168268,231202,15285.0,棉花,农产品,CZCE,CF0
2017-08-16,15235.0,15250.0,15130.0,15145.0,123800,226380,15200.0,棉花,农产品,CZCE,CF0
2017-08-17,15175.0,15310.0,15110.0,15230.0,198270,232922,15215.0,棉花,农产品,CZCE,CF0
2017-08-18,15245.0,15330.0,15160.0,15215.0,155050,236642,15240.0,棉花,农产品,CZCE,CF0
2017-08-21,15190.0,15355.0,15160.0,15260.0,200296,246446,15270.0,棉花,农产品,CZCE,CF0
2017-08-22,15245.0,15415.0,15235.0,15360.0,195154,267582,15350.0,棉花,农产品,CZCE,CF0
2017-08-23,15400.0,15445.0,15280.0,15330.0,192420,266096,15360.0,棉花,农产品,CZCE,CF0
2017-08-24,15350.0,15425.0,15170.0,15225.0,199408,262808,15315.0,棉花,农产品,CZCE,CF0
2017-08-25,15200.0,15345.0,15200.0,15265.0,131632,264028,15280.0,棉花,农产品,CZCE,CF0
2017-08-28,15240.0,15370.0,15175.0,15350.0,221076,266444,15295.0,棉花,农产品,CZCE,CF0
2017-08-29,15365.0,15415.0,15260.0,15290.0,171062,265780,15340.0,棉花,农产品,CZCE,CF0
2017-08-30,15280.0,15330.0,15190.0,15220.0,135730,261828,15255.0,棉花,农产品,CZCE,CF0
2017-08-31,15260.0,15330.0,15210.0,15230.0,138806,261702,15275.0,棉花,农产品,CZCE,CF0
2017-09-01,15265.0,15390.0,15240.0,15310.0,178270,258408,15315.0,棉花,农产品,CZCE,CF0
2017-09-04,15345.0,15975.0,15325.0,15820.0,496488,332648,15700.0,棉花,农产品,CZCE,CF0
2017-09-05,15810.0,15910.0,15680.0,15910.0,289488,344056,15800.0,棉花,农产品,CZCE,CF0
2017-09-06,15995.0,16015.0,15800.0,15825.0,310308,338966,15910.0,棉花,农产品,CZCE,CF0
2017-09-07,15830.0,15945.0,15750.0,15840.0,182652,336762,15850.0,棉花,农产品,CZCE,CF0
2017-09-08,15850.0,15875.0,15550.0,15560.0,267684,293514,15665.0,棉花,农产品,CZCE,CF0
2017-09-11,15590.0,15820.0,15560.0,15630.0,300136,289660,15690.0,棉花,农产品,CZCE,CF0
2017-09-12,15535.0,15675.0,15500.0,15640.0,121790,291190,15620.0,棉花,农产品,CZCE,CF0
2017-09-13,15615.0,15730.0,15405.0,15500.0,235326,275924,15535.0,棉花,农产品,CZCE,CF0
2017-09-14,15500.0,15550.0,15360.0,15360.0,154516,264110,15470.0,棉花,农产品,CZCE,CF0
2017-09-15,15370.0,15435.0,15300.0,15305.0,129550,248128,15360.0,棉花,农产品,CZCE,CF0
2017-09-18,15335.0,15385.0,15205.0,15335.0,115654,239090,15320.0,棉花,农产品,CZCE,CF0
2017-09-19,15445.0,15445.0,15350.0,15360.0,80806,233966,15390.0,棉花,农产品,CZCE,CF0
2017-09-20,15375.0,15640.0,15360.0,15630.0,172004,236788,15510.0,棉花,农产品,CZCE,CF0
2017-09-21,15600.0,15615.0,15415.0,15415.0,131572,224086,15510.0,棉花,农产品,CZCE,CF0
2017-09-22,15435.0,15550.0,15355.0,15405.0,175936,218980,15440.0,棉花,农产品,CZCE,CF0
2017-09-25,15430.0,15515.0,15385.0,15475.0,114742,214938,15455.0,棉花,农产品,CZCE,CF0
2017-09-26,15480.0,15650.0,15450.0,15615.0,152206,224532,15570.0,棉花,农产品,CZCE,CF0
2017-09-27,15570.0,15595.0,15330.0,15340.0,174852,211462,15435.0,棉花,农产品,CZCE,CF0
2017-09-28,15340.0,15375.0,15060.0,15090.0,204816,198576,15210.0,棉花,农产品,CZCE,CF0
2017-09-29,15120.0,15230.0,15080.0,15100.0,104974,191660,15150.0,棉花,农产品,CZCE,CF0
2017-10-09,14940.0,14940.0,14860.0,14935.0,62,1254,14885.0,棉花,农产品,CZCE,CF0
2017-10-10,15090.0,15190.0,15060.0,15095.0,78970,199110,15125.0,棉花,农产品,CZCE,CF0
2017-10-11,15160.0,15180.0,15070.0,15120.0,75782,201468,15125.0,棉花,农产品,CZCE,CF0
2017-10-12,15130.0,15135.0,14995.0,15045.0,100620,209374,15050.0,棉花,农产品,CZCE,CF0
2017-10-13,15040.0,15125.0,15010.0,15065.0,104060,212912,15060.0,棉花,农产品,CZCE,CF0
2017-10-16,15080.0,15265.0,15060.0,15220.0,130230,202356,15170.0,棉花,农产品,CZCE,CF0
2017-10-17,15175.0,15215.0,15125.0,15160.0,58904,198736,15170.0,棉花,农产品,CZCE,CF0
2017-10-18,15170.0,15250.0,15130.0,15155.0,81074,198652,15190.0,棉花,农产品,CZCE,CF0
2017-10-19,15165.0,15170.0,15020.0,15030.0,100464,210370,15075.0,棉花,农产品,CZCE,CF0
2017-10-20,15010.0,15035.0,14890.0,14970.0,156274,231048,14950.0,棉花,农产品,CZCE,CF0
2017-10-23,14975.0,15020.0,14850.0,14960.0,112544,229340,14945.0,棉花,农产品,CZCE,CF0
2017-10-24,15000.0,15095.0,14995.0,15035.0,126970,217528,15040.0,棉花,农产品,CZCE,CF0
2017-10-25,15050.0,15070.0,15025.0,15050.0,64592,216608,15045.0,棉花,农产品,CZCE,CF0
2017-10-26,15060.0,15120.0,15015.0,15025.0,88426,217520,15055.0,棉花,农产品,CZCE,CF0
2017-10-27,15000.0,15010.0,14920.0,14950.0,84032,221688,14955.0,棉花,农产品,CZCE,CF0
2017-10-30,14965.0,15080.0,14900.0,14965.0,99356,221696,14995.0,棉花,农产品,CZCE,CF0
2017-10-31,14985.0,14990.0,14910.0,14970.0,67550,223990,14950.0,棉花,农产品,CZCE,CF0
2017-11-01,14955.0,15060.0,14940.0,14975.0,78966,217734,15010.0,棉花,农产品,CZCE,CF0
2017-11-02,14965.0,15075.0,14965.0,15050.0,85066,213706,15030.0,棉花,农产品,CZCE,CF0
2017-11-03,15030.0,15180.0,15020.0,15175.0,132338,191852,15110.0,棉花,农产品,CZCE,CF0
2017-11-06,15175.0,15195.0,15125.0,15175.0,100262,183266,15170.0,棉花,农产品,CZCE,CF0
2017-11-07,15180.0,15260.0,15155.0,15250.0,119194,177252,15205.0,棉花,农产品,CZCE,CF0
2017-11-08,15225.0,15260.0,15155.0,15180.0,80606,173458,15205.0,棉花,农产品,CZCE,CF0
2017-11-09,15195.0,15225.0,15090.0,15170.0,108398,172048,15160.0,棉花,农产品,CZCE,CF0
2017-11-10,15175.0,15220.0,15135.0,15190.0,91988,165324,15185.0,棉花,农产品,CZCE,CF0
2017-11-13,15165.0,15310.0,15100.0,15200.0,171994,170214,15220.0,棉花,农产品,CZCE,CF0
2017-11-14,15195.0,15260.0,15140.0,15150.0,88028,171960,15200.0,棉花,农产品,CZCE,CF0
2017-11-15,15150.0,15190.0,15005.0,15040.0,108494,165538,15080.0,棉花,农产品,CZCE,CF0
2017-11-16,15045.0,15085.0,15030.0,15040.0,48716,162854,15055.0,棉花,农产品,CZCE,CF0
2017-11-17,15060.0,15075.0,15005.0,15035.0,61390,165908,15035.0,棉花,农产品,CZCE,CF0
2017-11-20,15055.0,15060.0,14920.0,14935.0,100292,169506,14960.0,棉花,农产品,CZCE,CF0
2017-11-21,14935.0,15030.0,14855.0,14930.0,118150,165620,14965.0,棉花,农产品,CZCE,CF0
2017-11-22,14950.0,15010.0,14850.0,14885.0,124408,167192,14925.0,棉花,农产品,CZCE,CF0
2017-11-23,14885.0,14960.0,14820.0,14880.0,84986,160324,14915.0,棉花,农产品,CZCE,CF0
2017-11-24,14885.0,14940.0,14860.0,14910.0,56538,152746,14910.0,棉花,农产品,CZCE,CF0
2017-11-27,14890.0,15015.0,14890.0,15005.0,107034,140230,14960.0,棉花,农产品,CZCE,CF0
2017-11-28,15165.0,15215.0,15125.0,15195.0,129488,152520,15175.0,棉花,农产品,CZCE,CF0
2017-11-29,15200.0,15280.0,15140.0,15140.0,125110,157912,15205.0,棉花,农产品,CZCE,CF0
2017-11-30,15135.0,15325.0,15130.0,15310.0,181808,180368,15250.0,棉花,农产品,CZCE,CF0
2017-12-01,15295.0,15485.0,15270.0,15460.0,268186,223406,15380.0,棉花,农产品,CZCE,CF0
2017-12-04,15435.0,15500.0,15400.0,15455.0,155938,243974,15455.0,棉花,农产品,CZCE,CF0
2017-12-05,15430.0,15460.0,15350.0,15415.0,118288,237212,15395.0,棉花,农产品,CZCE,CF0
2017-12-06,15410.0,15480.0,15315.0,15410.0,166348,249456,15410.0,棉花,农产品,CZCE,CF0
2017-12-07,15415.0,15475.0,15245.0,15305.0,199072,243302,15370.0,棉花,农产品,CZCE,CF0
2017-12-08,15290.0,15495.0,15255.0,15480.0,244610,284020,15420.0,棉花,农产品,CZCE,CF0
2017-12-11,15470.0,15480.0,15115.0,15140.0,286318,252578,15270.0,棉花,农产品,CZCE,CF0
2017-12-12,15155.0,15185.0,15080.0,15090.0,122050,246384,15125.0,棉花,农产品,CZCE,CF0
2017-12-13,15100.0,15165.0,15035.0,15065.0,101616,246314,15090.0,棉花,农产品,CZCE,CF0
2017-12-14,15095.0,15170.0,15000.0,15015.0,147640,256702,15085.0,棉花,农产品,CZCE,CF0
2017-12-15,15050.0,15145.0,15030.0,15060.0,126186,260492,15085.0,棉花,农产品,CZCE,CF0
2017-12-18,15105.0,15200.0,15085.0,15130.0,172474,256626,15140.0,棉花,农产品,CZCE,CF0
2017-12-19,15105.0,15120.0,14875.0,14895.0,223742,301168,14990.0,棉花,农产品,CZCE,CF0
2017-12-20,14910.0,14945.0,14800.0,14830.0,194516,319572,14865.0,棉花,农产品,CZCE,CF0
2017-12-21,14845.0,14920.0,14825.0,14875.0,116902,311954,14870.0,棉花,农产品,CZCE,CF0
2017-12-22,14915.0,14985.0,14880.0,14930.0,128842,306286,14935.0,棉花,农产品,CZCE,CF0
2017-12-25,14955.0,14990.0,14905.0,14980.0,109852,299288,14950.0,棉花,农产品,CZCE,CF0
2017-12-26,14960.0,14980.0,14850.0,14960.0,131304,306606,14925.0,棉花,农产品,CZCE,CF0
2017-12-27,14985.0,15075.0,14930.0,14980.0,100752,295556,14990.0,棉花,农产品,CZCE,CF0
2017-12-28,14965.0,15070.0,14960.0,15040.0,116412,293854,15030.0,棉花,农产品,CZCE,CF0
2017-12-29,15050.0,15105.0,14900.0,14945.0,157698,291894,14995.0,棉花,农产品,CZCE,CF0
2018-01-02,14910.0,15045.0,14910.0,15040.0,69604,287494,15010.0,棉花,农产品,CZCE,CF0
2018-01-03,15060.0,15075.0,14930.0,14960.0,95006,295694,14980.0,棉花,农产品,CZCE,CF0
2018-01-04,14970.0,15035.0,14935.0,15010.0,88420,299046,14985.0,棉花,农产品,CZCE,CF0
2018-01-05,15010.0,15180.0,15010.0,15170.0,186280,304818,15090.0,棉花,农产品,CZCE,CF0
2018-01-08,15170.0,15190.0,15090.0,15175.0,149242,303366,15145.0,棉花,农产品,CZCE,CF0
2018-01-09,15180.0,15250.0,15155.0,15245.0,134594,311840,15215.0,棉花,农产品,CZCE,CF0
2018-01-10,15255.0,15280.0,15185.0,15250.0,98494,306918,15225.0,棉花,农产品,CZCE,CF0
2018-01-11,15245.0,15285.0,15200.0,15285.0,92968,316552,15260.0,棉花,农产品,CZCE,CF0
2018-01-12,15295.0,15510.0,15270.0,15450.0,338790,383668,15405.0,棉花,农产品,CZCE,CF0
2018-01-15,15410.0,15455.0,15215.0,15280.0,228480,364014,15315.0,棉花,农产品,CZCE,CF0
2018-01-16,15265.0,15300.0,15200.0,15230.0,105248,355252,15245.0,棉花,农产品,CZCE,CF0
2018-01-17,15220.0,15295.0,15135.0,15150.0,111214,346846,15205.0,棉花,农产品,CZCE,CF0
2018-01-18,15185.0,15560.0,15165.0,15515.0,447734,432306,15455.0,棉花,农产品,CZCE,CF0
2018-01-19,15500.0,15520.0,15260.0,15290.0,283582,385166,15375.0,棉花,农产品,CZCE,CF0
2018-01-22,15315.0,15545.0,15300.0,15520.0,261448,422246,15455.0,棉花,农产品,CZCE,CF0
2018-01-23,15505.0,15630.0,15440.0,15570.0,453990,486210,15550.0,棉花,农产品,CZCE,CF0
2018-01-24,15545.0,15610.0,15485.0,15495.0,196576,475176,15545.0,棉花,农产品,CZCE,CF0
2018-01-25,15470.0,15585.0,15455.0,15515.0,158630,469580,15515.0,棉花,农产品,CZCE,CF0
2018-01-26,15505.0,15635.0,15415.0,15520.0,235754,464138,15530.0,棉花,农产品,CZCE,CF0
2018-01-29,15520.0,15565.0,15380.0,15400.0,162002,454426,15460.0,棉花,农产品,CZCE,CF0
2018-01-30,15380.0,15405.0,15235.0,15255.0,244430,418222,15300.0,棉花,农产品,CZCE,CF0
2018-01-31,15260.0,15300.0,15150.0,15195.0,213458,384096,15210.0,棉花,农产品,CZCE,CF0
2018-02-01,15185.0,15245.0,15150.0,15165.0,116638,370106,15195.0,棉花,农产品,CZCE,CF0
2018-02-02,15195.0,15245.0,15180.0,15195.0,106508,360652,15215.0,棉花,农产品,CZCE,CF0
2018-02-05,15215.0,15220.0,15060.0,15080.0,154934,341906,15120.0,棉花,农产品,CZCE,CF0
2018-02-06,15075.0,15115.0,15035.0,15050.0,89930,332718,15075.0,棉花,农产品,CZCE,CF0
2018-02-07,15050.0,15125.0,15025.0,15055.0,90914,333978,15070.0,棉花,农产品,CZCE,CF0
2018-02-08,15070.0,15080.0,14930.0,14945.0,126488,331874,15005.0,棉花,农产品,CZCE,CF0
2018-02-09,14965.0,15015.0,14880.0,14880.0,113640,330334,14950.0,棉花,农产品,CZCE,CF0
2018-02-12,14900.0,14940.0,14840.0,14885.0,85068,320066,14890.0,棉花,农产品,CZCE,CF0
2018-02-13,14920.0,14935.0,14860.0,14865.0,62436,319686,14895.0,棉花,农产品,CZCE,CF0
2018-02-14,14880.0,14995.0,14845.0,14900.0,84074,308890,14915.0,棉花,农产品,CZCE,CF0
2018-02-22,15030.0,15065.0,14955.0,14980.0,57674,306896,15005.0,棉花,农产品,CZCE,CF0
2018-02-23,15000.0,15090.0,14985.0,15080.0,91212,309902,15045.0,棉花,农产品,CZCE,CF0
2018-02-26,15090.0,15260.0,15065.0,15245.0,140246,289156,15185.0,棉花,农产品,CZCE,CF0
2018-02-27,15245.0,15255.0,15160.0,15190.0,90768,281804,15195.0,棉花,农产品,CZCE,CF0
2018-02-28,15195.0,15230.0,15145.0,15195.0,75982,275968,15195.0,棉花,农产品,CZCE,CF0
2018-03-01,15200.0,15270.0,15195.0,15245.0,116012,272844,15235.0,棉花,农产品,CZCE,CF0
2018-03-02,15220.0,15270.0,15090.0,15175.0,137908,272160,15170.0,棉花,农产品,CZCE,CF0
2018-03-05,15180.0,15390.0,15175.0,15360.0,205794,269376,15305.0,棉花,农产品,CZCE,CF0
2018-03-06,15345.0,15460.0,15305.0,15425.0,195746,286042,15400.0,棉花,农产品,CZCE,CF0
2018-03-07,15480.0,15485.0,15100.0,15220.0,174466,274720,15310.0,棉花,农产品,CZCE,CF0
2018-03-08,15210.0,15260.0,15050.0,15125.0,148340,259062,15165.0,棉花,农产品,CZCE,CF0
2018-03-09,15165.0,15255.0,15150.0,15230.0,131400,253354,15215.0,棉花,农产品,CZCE,CF0
2018-03-12,15220.0,15235.0,15085.0,15085.0,145616,250494,15155.0,棉花,农产品,CZCE,CF0
2018-03-13,15070.0,15095.0,14980.0,15060.0,143606,233380,15040.0,棉花,农产品,CZCE,CF0
2018-03-14,15080.0,15120.0,14990.0,15000.0,107488,232166,15040.0,棉花,农产品,CZCE,CF0
2018-03-15,15000.0,15060.0,14930.0,15005.0,145804,223244,14995.0,棉花,农产品,CZCE,CF0
2018-03-16,14980.0,15020.0,14930.0,14945.0,77846,222256,14980.0,棉花,农产品,CZCE,CF0
2018-03-19,14975.0,14990.0,14910.0,14920.0,104920,221312,14945.0,棉花,农产品,CZCE,CF0
2018-03-20,14925.0,14975.0,14905.0,14920.0,106820,214886,14945.0,棉花,农产品,CZCE,CF0
2018-03-21,14910.0,15045.0,14905.0,15010.0,109678,210216,14995.0,棉花,农产品,CZCE,CF0
2018-03-22,15015.0,15075.0,14975.0,15050.0,104898,207064,15025.0,棉花,农产品,CZCE,CF0
2018-03-23,15035.0,15055.0,14850.0,14955.0,196564,190864,14935.0,棉花,农产品,CZCE,CF0
2018-03-26,15495.0,15505.0,15360.0,15495.0,127174,225062,15440.0,棉花,农产品,CZCE,CF0
2018-03-27,15485.0,15550.0,15435.0,15480.0,104566,227134,15505.0,棉花,农产品,CZCE,CF0
2018-03-28,15475.0,15520.0,15215.0,15290.0,283686,256510,15360.0,棉花,农产品,CZCE,CF0
2018-03-29,15285.0,15335.0,15220.0,15245.0,127914,265140,15280.0,棉花,农产品,CZCE,CF0
2018-03-30,15285.0,15360.0,15220.0,15315.0,122754,261232,15290.0,棉花,农产品,CZCE,CF0
2018-04-02,15290.0,15390.0,15255.0,15270.0,148204,269470,15310.0,棉花,农产品,CZCE,CF0
2018-04-03,15275.0,15315.0,15200.0,15260.0,153394,283292,15265.0,棉花,农产品,CZCE,CF0
2018-04-04,15260.0,15270.0,15135.0,15240.0,187962,298144,15200.0,棉花,农产品,CZCE,CF0
2018-04-09,15310.0,15350.0,15225.0,15275.0,86236,296860,15280.0,棉花,农产品,CZCE,CF0
2018-04-10,15300.0,15315.0,15255.0,15295.0,96864,303940,15285.0,棉花,农产品,CZCE,CF0
2018-04-11,15275.0,15385.0,15270.0,15335.0,141842,306626,15340.0,棉花,农产品,CZCE,CF0
2018-04-12,15325.0,15380.0,15280.0,15285.0,103286,310354,15325.0,棉花,农产品,CZCE,CF0
2018-04-13,15295.0,15415.0,15235.0,15400.0,167430,310360,15330.0,棉花,农产品,CZCE,CF0
2018-04-16,15385.0,15430.0,15340.0,15390.0,128740,298734,15385.0,棉花,农产品,CZCE,CF0
2018-04-17,15385.0,15440.0,15305.0,15365.0,164604,299882,15370.0,棉花,农产品,CZCE,CF0
2018-04-18,15370.0,15370.0,15275.0,15350.0,122806,301366,15320.0,棉花,农产品,CZCE,CF0
2018-04-19,15345.0,15400.0,15330.0,15390.0,155420,300808,15365.0,棉花,农产品,CZCE,CF0
2018-04-20,15370.0,15475.0,15350.0,15360.0,212346,300604,15405.0,棉花,农产品,CZCE,CF0
2018-04-23,15400.0,15485.0,15400.0,15460.0,190552,306658,15445.0,棉花,农产品,CZCE,CF0
2018-04-24,15455.0,15490.0,15405.0,15415.0,113464,300750,15445.0,棉花,农产品,CZCE,CF0
2018-04-25,15415.0,15415.0,15330.0,15335.0,123452,293934,15360.0,棉花,农产品,CZCE,CF0
2018-04-26,15330.0,15400.0,15330.0,15400.0,96446,285762,15375.0,棉花,农产品,CZCE,CF0
2018-04-27,15415.0,15440.0,15340.0,15395.0,83504,280120,15385.0,棉花,农产品,CZCE,CF0
2018-05-02,15415.0,15520.0,15390.0,15435.0,127592,278010,15450.0,棉花,农产品,CZCE,CF0
2018-05-03,15450.0,15595.0,15435.0,15565.0,231138,296068,15520.0,棉花,农产品,CZCE,CF0
2018-05-04,15555.0,15625.0,15525.0,15575.0,162962,289198,15570.0,棉花,农产品,CZCE,CF0
2018-05-07,15545.0,15775.0,15530.0,15730.0,236368,297606,15680.0,棉花,农产品,CZCE,CF0
2018-05-08,15750.0,15790.0,15675.0,15720.0,156650,296358,15725.0,棉花,农产品,CZCE,CF0
2018-05-09,15665.0,15670.0,15625.0,15650.0,152360,285184,15670.0,棉花,农产品,CZCE,CF0
2018-05-10,15660.0,15730.0,15630.0,15705.0,110256,287398,15680.0,棉花,农产品,CZCE,CF0
2018-05-11,15690.0,15760.0,15645.0,15670.0,169918,278828,15695.0,棉花,农产品,CZCE,CF0
2018-05-14,16400.0,16510.0,16390.0,16470.0,95402,298578,16460.0,棉花,农产品,CZCE,CF0
2018-05-15,16435.0,16470.0,16280.0,16380.0,130612,296378,16390.0,棉花,农产品,CZCE,CF0
2018-05-16,16360.0,17050.0,16325.0,17050.0,447840,390334,16825.0,棉花,农产品,CZCE,CF0
2018-05-17,17085.0,17180.0,16665.0,17045.0,749498,410800,16960.0,棉花,农产品,CZCE,CF0
2018-05-18,17010.0,17640.0,16970.0,17540.0,1229238,524006,17405.0,棉花,农产品,CZCE,CF0
2018-05-21,17600.0,18105.0,17385.0,18105.0,1404558,579288,17850.0,棉花,农产品,CZCE,CF0
2018-05-22,18070.0,18185.0,17780.0,17865.0,1189858,575834,17975.0,棉花,农产品,CZCE,CF0
2018-05-23,17905.0,18020.0,17305.0,17640.0,1606014,584872,17675.0,棉花,农产品,CZCE,CF0
2018-05-24,17650.0,17860.0,17435.0,17840.0,1752456,655906,17690.0,棉花,农产品,CZCE,CF0
2018-05-25,17905.0,18040.0,17760.0,17930.0,1732492,713954,17920.0,棉花,农产品,CZCE,CF0
2018-05-28,17920.0,17960.0,17675.0,17870.0,1082606,714622,17840.0,棉花,农产品,CZCE,CF0
2018-05-29,17890.0,18555.0,17795.0,18555.0,1163796,785036,18205.0,棉花,农产品,CZCE,CF0
2018-05-30,18850.0,19250.0,18590.0,18705.0,2252672,750722,18900.0,棉花,农产品,CZCE,CF0
2018-05-31,18590.0,18995.0,18555.0,18650.0,1792772,790382,18805.0,棉花,农产品,CZCE,CF0
2018-06-01,18650.0,18830.0,18510.0,18815.0,1433706,803720,18690.0,棉花,农产品,CZCE,CF0
2018-06-04,18855.0,19210.0,18300.0,18335.0,2724398,833882,18730.0,棉花,农产品,CZCE,CF0
2018-06-05,18370.0,18435.0,17980.0,17980.0,1541492,802146,18230.0,棉花,农产品,CZCE,CF0
2018-06-06,17680.0,17875.0,17400.0,17645.0,1884956,683176,17680.0,棉花,农产品,CZCE,CF0
2018-06-07,17705.0,17875.0,17550.0,17730.0,1377614,709136,17740.0,棉花,农产品,CZCE,CF0
2018-06-08,17695.0,17840.0,17535.0,17625.0,1247690,707198,17700.0,棉花,农产品,CZCE,CF0
2018-06-11,17625.0,17935.0,17420.0,17795.0,1497534,728522,17725.0,棉花,农产品,CZCE,CF0
2018-06-12,17800.0,17880.0,17565.0,17705.0,859294,754534,17705.0,棉花,农产品,CZCE,CF0
2018-06-13,17740.0,18360.0,17650.0,18090.0,1449924,797114,18015.0,棉花,农产品,CZCE,CF0
2018-06-14,18040.0,18160.0,17540.0,17570.0,1162624,763268,17875.0,棉花,农产品,CZCE,CF0
2018-06-15,17595.0,17790.0,17515.0,17550.0,869142,741240,17630.0,棉花,农产品,CZCE,CF0
2018-06-19,17505.0,17790.0,16745.0,16745.0,1397340,684238,17260.0,棉花,农产品,CZCE,CF0
2018-06-20,16650.0,17000.0,16615.0,16885.0,905368,661764,16840.0,棉花,农产品,CZCE,CF0
2018-06-21,16910.0,17100.0,16760.0,16890.0,823342,709608,16905.0,棉花,农产品,CZCE,CF0
2018-06-22,16920.0,17030.0,16850.0,16935.0,572928,678630,16925.0,棉花,农产品,CZCE,CF0
2018-06-25,16955.0,17235.0,16945.0,17025.0,581546,700062,17110.0,棉花,农产品,CZCE,CF0
2018-06-26,16955.0,16990.0,16680.0,16830.0,501584,663130,16840.0,棉花,农产品,CZCE,CF0
2018-06-27,16850.0,16930.0,16760.0,16815.0,421108,647276,16845.0,棉花,农产品,CZCE,CF0
2018-06-28,16850.0,16930.0,16620.0,16690.0,568674,652956,16790.0,棉花,农产品,CZCE,CF0
2018-06-29,16670.0,16835.0,16605.0,16735.0,412248,608844,16740.0,棉花,农产品,CZCE,CF0
2018-07-02,16735.0,16910.0,16705.0,16715.0,478368,651808,16815.0,棉花,农产品,CZCE,CF0
2018-07-03,16695.0,16740.0,16490.0,16680.0,536460,598758,16610.0,棉花,农产品,CZCE,CF0
2018-07-04,16730.0,16730.0,16440.0,16455.0,361020,584596,16590.0,棉花,农产品,CZCE,CF0
2018-07-05,16465.0,16490.0,16045.0,16220.0,568644,582414,16270.0,棉花,农产品,CZCE,CF0
2018-07-06,16245.0,16370.0,16070.0,16300.0,502904,557130,16230.0,棉花,农产品,CZCE,CF0
2018-07-09,16300.0,16575.0,16250.0,16525.0,486882,572654,16450.0,棉花,农产品,CZCE,CF0
2018-07-10,16575.0,16720.0,16480.0,16510.0,442242,544608,16595.0,棉花,农产品,CZCE,CF0
2018-07-11,16525.0,16660.0,16330.0,16470.0,467322,560274,16485.0,棉花,农产品,CZCE,CF0
2018-07-12,16480.0,16800.0,16465.0,16725.0,477618,545518,16645.0,棉花,农产品,CZCE,CF0
2018-07-13,16740.0,17040.0,16630.0,16800.0,569272,573954,16870.0,棉花,农产品,CZCE,CF0
2018-07-16,16800.0,16915.0,16725.0,16860.0,333828,537320,16825.0,棉花,农产品,CZCE,CF0
2018-07-17,16865.0,16865.0,16530.0,16690.0,397988,559076,16695.0,棉花,农产品,CZCE,CF0
2018-07-18,16705.0,16750.0,16635.0,16675.0,224140,524886,16690.0,棉花,农产品,CZCE,CF0
2018-07-19,16695.0,16835.0,16640.0,16765.0,348636,551912,16730.0,棉花,农产品,CZCE,CF0
2018-07-20,16710.0,16820.0,16650.0,16690.0,275546,524556,16740.0,棉花,农产品,CZCE,CF0
2018-07-23,16670.0,16725.0,16485.0,16580.0,328146,552598,16600.0,棉花,农产品,CZCE,CF0
2018-07-24,16590.0,16705.0,16540.0,16700.0,244498,505510,16630.0,棉花,农产品,CZCE,CF0
2018-07-25,16690.0,16970.0,16660.0,16855.0,442758,555040,16835.0,棉花,农产品,CZCE,CF0
2018-07-26,16860.0,16960.0,16775.0,16780.0,290698,526856,16865.0,棉花,农产品,CZCE,CF0
2018-07-27,16780.0,16915.0,16715.0,16735.0,274450,531938,16820.0,棉花,农产品,CZCE,CF0
2018-07-30,16720.0,16810.0,16655.0,16770.0,275272,524910,16740.0,棉花,农产品,CZCE,CF0
2018-07-31,16815.0,17320.0,16805.0,17155.0,862908,612076,17130.0,棉花,农产品,CZCE,CF0
2018-08-01,17130.0,17205.0,16935.0,16995.0,541780,567674,17090.0,棉花,农产品,CZCE,CF0
2018-08-02,17020.0,17170.0,16750.0,16875.0,577888,564154,16970.0,棉花,农产品,CZCE,CF0
2018-08-03,16845.0,17095.0,16825.0,16940.0,422264,523042,16960.0,棉花,农产品,CZCE,CF0
2018-08-06,16905.0,17175.0,16780.0,17155.0,473020,525766,16935.0,棉花,农产品,CZCE,CF0
2018-08-07,17120.0,17490.0,17085.0,17310.0,681466,553096,17305.0,棉花,农产品,CZCE,CF0
2018-08-08,17250.0,17365.0,17155.0,17245.0,427454,533152,17250.0,棉花,农产品,CZCE,CF0
2018-08-09,17220.0,17555.0,17195.0,17280.0,634042,581160,17370.0,棉花,农产品,CZCE,CF0
2018-08-10,17310.0,17375.0,17220.0,17310.0,381172,539760,17305.0,棉花,农产品,CZCE,CF0
2018-08-13,17320.0,17430.0,16915.0,17015.0,477602,565356,17125.0,棉花,农产品,CZCE,CF0
2018-08-14,16995.0,17050.0,16850.0,16905.0,362734,517944,16950.0,棉花,农产品,CZCE,CF0
2018-08-15,16910.0,17045.0,16660.0,16690.0,424416,526844,16870.0,棉花,农产品,CZCE,CF0
2018-08-16,16700.0,16750.0,16220.0,16645.0,555466,462398,16515.0,棉花,农产品,CZCE,CF0
2018-08-17,16660.0,16745.0,16465.0,16510.0,287772,454248,16610.0,棉花,农产品,CZCE,CF0
2018-08-20,16510.0,16865.0,16495.0,16825.0,312016,451106,16675.0,棉花,农产品,CZCE,CF0
2018-08-21,16815.0,16970.0,16725.0,16955.0,375472,466540,16875.0,棉花,农产品,CZCE,CF0
2018-08-22,17000.0,17145.0,16885.0,16925.0,380520,450504,17010.0,棉花,农产品,CZCE,CF0
2018-08-23,16915.0,16975.0,16710.0,16725.0,305024,450608,16835.0,棉花,农产品,CZCE,CF0
2018-08-24,16720.0,16930.0,16685.0,16875.0,244450,433948,16820.0,棉花,农产品,CZCE,CF0
2018-08-27,16905.0,17190.0,16820.0,17110.0,597384,509738,17030.0,棉花,农产品,CZCE,CF0
2018-08-28,17100.0,17175.0,16915.0,16980.0,356958,457550,17055.0,棉花,农产品,CZCE,CF0
2018-08-29,16995.0,17110.0,16750.0,16760.0,380706,469028,16975.0,棉花,农产品,CZCE,CF0
2018-08-30,16735.0,16820.0,16690.0,16795.0,249626,448368,16760.0,棉花,农产品,CZCE,CF0
2018-08-31,16815.0,16825.0,16570.0,16695.0,266662,461330,16660.0,棉花,农产品,CZCE,CF0
2018-09-03,16700.0,16930.0,16545.0,16875.0,304746,437982,16720.0,棉花,农产品,CZCE,CF0
2018-09-04,16830.0,16870.0,16585.0,16585.0,239618,447554,16720.0,棉花,农产品,CZCE,CF0
2018-09-05,16575.0,16780.0,16570.0,16675.0,200768,430286,16680.0,棉花,农产品,CZCE,CF0
2018-09-06,16675.0,16765.0,16555.0,16615.0,273384,453630,16655.0,棉花,农产品,CZCE,CF0
2018-09-07,16615.0,16690.0,16480.0,16495.0,270708,453880,16585.0,棉花,农产品,CZCE,CF0
2018-09-10,16500.0,16670.0,16485.0,16625.0,206094,438984,16590.0,棉花,农产品,CZCE,CF0
2018-09-11,16660.0,16720.0,16550.0,16580.0,155416,430112,16610.0,棉花,农产品,CZCE,CF0
2018-09-12,16580.0,16650.0,16505.0,16615.0,146160,423710,16575.0,棉花,农产品,CZCE,CF0
2018-09-13,16650.0,16670.0,16545.0,16605.0,115548,417480,16595.0,棉花,农产品,CZCE,CF0
2018-09-14,16595.0,16660.0,16480.0,16500.0,215110,447472,16560.0,棉花,农产品,CZCE,CF0
2018-09-17,16500.0,16610.0,16450.0,16510.0,162266,420512,16550.0,棉花,农产品,CZCE,CF0
2018-09-18,16510.0,16580.0,16335.0,16435.0,207852,446212,16455.0,棉花,农产品,CZCE,CF0
2018-09-19,16355.0,16355.0,15830.0,15920.0,529104,491472,16060.0,棉花,农产品,CZCE,CF0
2018-09-20,15965.0,16180.0,15945.0,16175.0,235504,448822,16065.0,棉花,农产品,CZCE,CF0
2018-09-21,16170.0,16175.0,16060.0,16135.0,141898,436188,16110.0,棉花,农产品,CZCE,CF0
2018-09-25,16085.0,16110.0,15965.0,16015.0,115918,430950,16030.0,棉花,农产品,CZCE,CF0
2018-09-26,16015.0,16070.0,15935.0,16015.0,124132,432782,16020.0,棉花,农产品,CZCE,CF0
2018-09-27,16020.0,16020.0,15645.0,15665.0,326336,455044,15770.0,棉花,农产品,CZCE,CF0
2018-09-28,15670.0,15735.0,15550.0,15665.0,188042,402934,15645.0,棉花,农产品,CZCE,CF0
2018-10-08,15460.0,15625.0,15360.0,15595.0,166416,423980,15535.0,棉花,农产品,CZCE,CF0
2018-10-09,15600.0,15730.0,15540.0,15590.0,241370,422612,15645.0,棉花,农产品,CZCE,CF0
2018-10-10,15590.0,15690.0,15455.0,15500.0,200588,429504,15565.0,棉花,农产品,CZCE,CF0
2018-10-11,15500.0,15595.0,15260.0,15290.0,268176,443810,15430.0,棉花,农产品,CZCE,CF0
2018-10-12,15320.0,15620.0,15305.0,15610.0,198934,404850,15435.0,棉花,农产品,CZCE,CF0
2018-10-15,15615.0,15700.0,15545.0,15605.0,209442,418868,15620.0,棉花,农产品,CZCE,CF0
2018-10-16,15600.0,15600.0,15390.0,15450.0,161744,402166,15500.0,棉花,农产品,CZCE,CF0
2018-10-17,15450.0,15560.0,15430.0,15510.0,147594,403538,15495.0,棉花,农产品,CZCE,CF0
2018-10-18,15505.0,15570.0,15285.0,15345.0,200244,411416,15420.0,棉花,农产品,CZCE,CF0
2018-10-19,15345.0,15395.0,15175.0,15220.0,213478,424988,15275.0,棉花,农产品,CZCE,CF0
2018-10-22,15225.0,15360.0,15205.0,15315.0,127886,406936,15280.0,棉花,农产品,CZCE,CF0
2018-10-23,15370.0,15425.0,15315.0,15350.0,147788,404068,15380.0,棉花,农产品,CZCE,CF0
2018-10-24,15310.0,15380.0,15260.0,15370.0,118218,384204,15300.0,棉花,农产品,CZCE,CF0
2018-10-25,15390.0,15400.0,15025.0,15145.0,201814,406200,15190.0,棉花,农产品,CZCE,CF0
2018-10-26,15130.0,15165.0,15015.0,15060.0,113878,388292,15100.0,棉花,农产品,CZCE,CF0
2018-10-29,15060.0,15105.0,14735.0,14780.0,218552,391718,14935.0,棉花,农产品,CZCE,CF0
2018-10-30,14795.0,14940.0,14790.0,14885.0,130016,359598,14860.0,棉花,农产品,CZCE,CF0
2018-10-31,14910.0,14920.0,14820.0,14885.0,96848,351948,14875.0,棉花,农产品,CZCE,CF0
2018-11-01,14880.0,14930.0,14785.0,14840.0,142012,364050,14850.0,棉花,农产品,CZCE,CF0
2018-11-02,14840.0,15215.0,14835.0,15115.0,290560,357624,15070.0,棉花,农产品,CZCE,CF0
2018-11-05,15115.0,15155.0,15020.0,15085.0,116934,346440,15085.0,棉花,农产品,CZCE,CF0
2018-11-06,15065.0,15170.0,14880.0,14970.0,196680,374136,15005.0,棉花,农产品,CZCE,CF0
2018-11-07,14970.0,14985.0,14820.0,14865.0,130624,347894,14900.0,棉花,农产品,CZCE,CF0
2018-11-08,14920.0,15045.0,14885.0,14965.0,146972,347428,14970.0,棉花,农产品,CZCE,CF0
2018-11-09,14980.0,15085.0,14915.0,15050.0,124700,330382,15015.0,棉花,农产品,CZCE,CF0
2018-11-12,15050.0,15055.0,14670.0,14850.0,191996,345154,14845.0,棉花,农产品,CZCE,CF0
2018-11-13,14850.0,14875.0,14715.0,14800.0,95846,330504,14780.0,棉花,农产品,CZCE,CF0
2018-11-14,14800.0,14910.0,14735.0,14855.0,124248,308512,14830.0,棉花,农产品,CZCE,CF0
2018-11-15,14860.0,14985.0,14860.0,14940.0,104812,297222,14935.0,棉花,农产品,CZCE,CF0
2018-11-16,14945.0,15080.0,14910.0,14965.0,131882,291188,14990.0,棉花,农产品,CZCE,CF0
2018-11-19,14975.0,15025.0,14815.0,14870.0,105238,284476,14925.0,棉花,农产品,CZCE,CF0
2018-11-20,14870.0,14890.0,14770.0,14785.0,73706,278612,14825.0,棉花,农产品,CZCE,CF0
2018-11-21,15470.0,15520.0,14975.0,15390.0,188844,290542,15255.0,棉花,农产品,CZCE,CF0
2018-11-22,15400.0,15405.0,15220.0,15235.0,81322,294294,15295.0,棉花,农产品,CZCE,CF0
2018-11-23,15235.0,15305.0,15135.0,15180.0,91704,294718,15215.0,棉花,农产品,CZCE,CF0
2018-11-26,15180.0,15225.0,14875.0,14970.0,144402,296018,15035.0,棉花,农产品,CZCE,CF0
2018-11-27,14995.0,15125.0,14920.0,14950.0,111934,300114,15010.0,棉花,农产品,CZCE,CF0
2018-11-28,14980.0,15075.0,14930.0,15035.0,101332,295582,15005.0,棉花,农产品,CZCE,CF0
2018-11-29,15060.0,15220.0,15020.0,15090.0,116060,288322,15135.0,棉花,农产品,CZCE,CF0
2018-11-30,15075.0,15165.0,14980.0,15105.0,105008,291644,15090.0,棉花,农产品,CZCE,CF0
2018-12-03,15400.0,15405.0,15280.0,15300.0,233418,298498,15365.0,棉花,农产品,CZCE,CF0
2018-12-04,15295.0,15330.0,15080.0,15215.0,162972,293480,15205.0,棉花,农产品,CZCE,CF0
2018-12-05,15240.0,15260.0,15120.0,15230.0,110898,296526,15190.0,棉花,农产品,CZCE,CF0
2018-12-06,15235.0,15280.0,15170.0,15185.0,110474,301942,15210.0,棉花,农产品,CZCE,CF0
2018-12-07,15165.0,15200.0,15120.0,15165.0,86620,302246,15165.0,棉花,农产品,CZCE,CF0
2018-12-10,15170.0,15405.0,15170.0,15310.0,181162,316990,15295.0,棉花,农产品,CZCE,CF0
2018-12-11,15350.0,15425.0,15260.0,15390.0,145328,324078,15355.0,棉花,农产品,CZCE,CF0
2018-12-12,15390.0,15440.0,15355.0,15395.0,99784,322622,15400.0,棉花,农产品,CZCE,CF0
2018-12-13,15375.0,15395.0,15260.0,15310.0,113982,325630,15315.0,棉花,农产品,CZCE,CF0
2018-12-14,15305.0,15380.0,15230.0,15370.0,129232,330294,15310.0,棉花,农产品,CZCE,CF0
2018-12-17,15355.0,15415.0,15300.0,15365.0,102380,337676,15355.0,棉花,农产品,CZCE,CF0
2018-12-18,15365.0,15400.0,15210.0,15220.0,146918,335790,15285.0,棉花,农产品,CZCE,CF0
2018-12-19,15205.0,15265.0,15140.0,15160.0,119892,337226,15190.0,棉花,农产品,CZCE,CF0
2018-12-20,15170.0,15380.0,15160.0,15245.0,173748,331986,15265.0,棉花,农产品,CZCE,CF0
2018-12-21,15245.0,15315.0,15160.0,15185.0,126488,334878,15225.0,棉花,农产品,CZCE,CF0
2018-12-24,15135.0,15190.0,14955.0,15045.0,191138,357894,15050.0,棉花,农产品,CZCE,CF0
2018-12-25,15040.0,15080.0,14650.0,14700.0,267518,366650,14840.0,棉花,农产品,CZCE,CF0
2018-12-26,14670.0,14825.0,14670.0,14770.0,107364,362026,14770.0,棉花,农产品,CZCE,CF0
2018-12-27,14790.0,14940.0,14750.0,14845.0,141550,361430,14860.0,棉花,农产品,CZCE,CF0
2018-12-28,14835.0,14885.0,14775.0,14880.0,106128,362570,14830.0,棉花,农产品,CZCE,CF0
2019-01-02,14835.0,14960.0,14835.0,14890.0,72584,360708,14900.0,棉花,农产品,CZCE,CF0
2019-01-03,14860.0,14890.0,14750.0,14865.0,122062,365672,14810.0,棉花,农产品,CZCE,CF0
2019-01-04,14875.0,14995.0,14855.0,14955.0,176760,370932,14920.0,棉花,农产品,CZCE,CF0
2019-01-07,14995.0,15090.0,14940.0,15050.0,144776,365992,15020.0,棉花,农产品,CZCE,CF0
2019-01-08,15090.0,15090.0,14960.0,15055.0,131434,372498,15025.0,棉花,农产品,CZCE,CF0
2019-01-09,15080.0,15150.0,14995.0,15145.0,166070,379002,15085.0,棉花,农产品,CZCE,CF0
2019-01-10,15130.0,15200.0,15105.0,15160.0,134974,379538,15155.0,棉花,农产品,CZCE,CF0
2019-01-11,15135.0,15215.0,15105.0,15140.0,114356,378796,15160.0,棉花,农产品,CZCE,CF0
2019-01-14,15165.0,15185.0,15105.0,15145.0,89938,375908,15150.0,棉花,农产品,CZCE,CF0
2019-01-15,15160.0,15215.0,15085.0,15130.0,130588,382406,15160.0,棉花,农产品,CZCE,CF0
2019-01-16,15130.0,15135.0,14980.0,15055.0,166666,391338,15045.0,棉花,农产品,CZCE,CF0
2019-01-17,15065.0,15310.0,15030.0,15300.0,292878,414082,15220.0,棉花,农产品,CZCE,CF0
2019-01-18,15280.0,15325.0,15235.0,15280.0,188940,414212,15270.0,棉花,农产品,CZCE,CF0
2019-01-21,15280.0,15480.0,15245.0,15380.0,360114,450518,15355.0,棉花,农产品,CZCE,CF0
2019-01-22,15360.0,15450.0,15105.0,15150.0,308126,426646,15275.0,棉花,农产品,CZCE,CF0
2019-01-23,15165.0,15215.0,15120.0,15140.0,117786,426078,15165.0,棉花,农产品,CZCE,CF0
2019-01-24,15155.0,15195.0,15105.0,15185.0,95710,422252,15160.0,棉花,农产品,CZCE,CF0
2019-01-25,15180.0,15260.0,15140.0,15255.0,162792,421880,15210.0,棉花,农产品,CZCE,CF0
2019-01-28,15270.0,15365.0,15210.0,15255.0,166966,420430,15280.0,棉花,农产品,CZCE,CF0
2019-01-29,15255.0,15280.0,15170.0,15265.0,114614,414372,15235.0,棉花,农产品,CZCE,CF0
2019-01-30,15275.0,15350.0,15250.0,15315.0,159486,404716,15300.0,棉花,农产品,CZCE,CF0
2019-01-31,15330.0,15340.0,15220.0,15310.0,106078,395430,15280.0,棉花,农产品,CZCE,CF0
2019-02-01,15305.0,15345.0,15160.0,15250.0,127754,385540,15250.0,棉花,农产品,CZCE,CF0
2019-02-11,15200.0,15230.0,15105.0,15200.0,82382,387840,15165.0,棉花,农产品,CZCE,CF0
2019-02-12,15210.0,15450.0,15100.0,15195.0,365264,411462,15320.0,棉花,农产品,CZCE,CF0
2019-02-13,15175.0,15245.0,14995.0,14995.0,266182,411262,15115.0,棉花,农产品,CZCE,CF0
2019-02-14,15005.0,15095.0,14955.0,15035.0,149916,413424,15025.0,棉花,农产品,CZCE,CF0
2019-02-15,15040.0,15080.0,14950.0,15005.0,123600,411568,15025.0,棉花,农产品,CZCE,CF0
2019-02-18,15010.0,15135.0,14995.0,15060.0,99540,406326,15060.0,棉花,农产品,CZCE,CF0
2019-02-19,15090.0,15350.0,15070.0,15345.0,286786,408088,15250.0,棉花,农产品,CZCE,CF0
2019-02-20,15350.0,15395.0,15265.0,15390.0,244126,423088,15345.0,棉花,农产品,CZCE,CF0
2019-02-21,15390.0,15450.0,15240.0,15300.0,358754,434694,15355.0,棉花,农产品,CZCE,CF0
2019-02-22,15345.0,15645.0,15315.0,15610.0,610128,523164,15480.0,棉花,农产品,CZCE,CF0
2019-02-25,15400.0,15445.0,15340.0,15360.0,574914,484564,15460.0,棉花,农产品,CZCE,CF0
2019-02-26,15365.0,15410.0,15215.0,15220.0,296694,461762,15315.0,棉花,农产品,CZCE,CF0
2019-02-27,15230.0,15290.0,15175.0,15180.0,200054,446210,15235.0,棉花,农产品,CZCE,CF0
2019-02-28,15215.0,15280.0,15185.0,15205.0,186506,444336,15230.0,棉花,农产品,CZCE,CF0
2019-03-01,15205.0,15340.0,15200.0,15340.0,218218,442596,15280.0,棉花,农产品,CZCE,CF0
2019-03-04,15350.0,15415.0,15280.0,15340.0,256998,436228,15355.0,棉花,农产品,CZCE,CF0
2019-03-05,15350.0,15400.0,15190.0,15250.0,243768,438152,15285.0,棉花,农产品,CZCE,CF0
2019-03-06,15255.0,15360.0,15220.0,15285.0,179748,427044,15295.0,棉花,农产品,CZCE,CF0
2019-03-07,15305.0,15450.0,15280.0,15415.0,344650,443542,15395.0,棉花,农产品,CZCE,CF0
2019-03-08,15405.0,15410.0,15195.0,15230.0,272946,421898,15265.0,棉花,农产品,CZCE,CF0
2019-03-11,15245.0,15280.0,15110.0,15145.0,224122,420590,15180.0,棉花,农产品,CZCE,CF0
2019-03-12,15140.0,15245.0,15140.0,15180.0,144038,404928,15200.0,棉花,农产品,CZCE,CF0
2019-03-13,15195.0,15345.0,15165.0,15295.0,261032,398296,15275.0,棉花,农产品,CZCE,CF0
2019-03-14,15320.0,15365.0,15215.0,15240.0,210926,393748,15310.0,棉花,农产品,CZCE,CF0
2019-03-15,15215.0,15245.0,15145.0,15195.0,169362,384974,15190.0,棉花,农产品,CZCE,CF0
2019-03-18,15225.0,15335.0,15185.0,15265.0,171034,379692,15275.0,棉花,农产品,CZCE,CF0
2019-03-19,15255.0,15310.0,15205.0,15245.0,129584,379778,15265.0,棉花,农产品,CZCE,CF0
2019-03-20,15280.0,15360.0,15255.0,15345.0,238112,381076,15320.0,棉花,农产品,CZCE,CF0
2019-03-21,15340.0,15395.0,15285.0,15320.0,193758,375708,15345.0,棉花,农产品,CZCE,CF0
2019-03-22,15300.0,15385.0,15255.0,15345.0,177544,372576,15335.0,棉花,农产品,CZCE,CF0
2019-03-25,15345.0,15375.0,15205.0,15230.0,212388,368410,15280.0,棉花,农产品,CZCE,CF0
2019-03-26,15250.0,15280.0,15195.0,15225.0,111554,368776,15245.0,棉花,农产品,CZCE,CF0
2019-03-27,15245.0,15265.0,15125.0,15155.0,166122,364664,15200.0,棉花,农产品,CZCE,CF0
2019-03-28,15155.0,15180.0,15005.0,15045.0,216076,364812,15075.0,棉花,农产品,CZCE,CF0
2019-03-29,15045.0,15095.0,14995.0,15030.0,135232,359056,15055.0,棉花,农产品,CZCE,CF0
2019-04-01,15060.0,15145.0,15035.0,15095.0,123278,354054,15100.0,棉花,农产品,CZCE,CF0
2019-04-02,15125.0,15175.0,15080.0,15130.0,118842,342376,15135.0,棉花,农产品,CZCE,CF0
2019-04-03,15580.0,15665.0,15575.0,15650.0,127972,369716,15620.0,棉花,农产品,CZCE,CF0
2019-04-04,15660.0,15685.0,15600.0,15630.0,98698,375952,15635.0,棉花,农产品,CZCE,CF0
2019-04-08,15690.0,15770.0,15680.0,15745.0,170888,408188,15735.0,棉花,农产品,CZCE,CF0
2019-04-09,15735.0,15805.0,15665.0,15795.0,252756,449752,15755.0,棉花,农产品,CZCE,CF0
2019-04-10,15800.0,16030.0,15725.0,15860.0,574460,522690,15875.0,棉花,农产品,CZCE,CF0
2019-04-11,15860.0,15980.0,15820.0,15895.0,284172,538278,15900.0,棉花,农产品,CZCE,CF0
2019-04-12,15885.0,15915.0,15735.0,15905.0,243130,543952,15855.0,棉花,农产品,CZCE,CF0
2019-04-15,15850.0,16225.0,15830.0,16120.0,869274,694614,16065.0,棉花,农产品,CZCE,CF0
2019-04-16,16110.0,16125.0,15870.0,15910.0,565234,685182,15970.0,棉花,农产品,CZCE,CF0
2019-04-17,15890.0,16005.0,15850.0,15890.0,333324,683978,15925.0,棉花,农产品,CZCE,CF0
2019-04-18,15860.0,15995.0,15760.0,15800.0,421520,672484,15890.0,棉花,农产品,CZCE,CF0
2019-04-19,15750.0,15865.0,15750.0,15845.0,179694,665772,15825.0,棉花,农产品,CZCE,CF0
2019-04-24,15760.0,15845.0,15655.0,15740.0,441916,684546,15765.0,棉花,农产品,CZCE,CF0
2019-04-25,15710.0,15770.0,15620.0,15645.0,213080,673656,15700.0,棉花,农产品,CZCE,CF0
2019-04-26,15675.0,15680.0,15555.0,15625.0,290922,665464,15625.0,棉花,农产品,CZCE,CF0
2019-04-29,15605.0,15630.0,15505.0,15505.0,211988,663382,15555.0,棉花,农产品,CZCE,CF0
2019-04-30,15530.0,15610.0,15460.0,15600.0,223454,644978,15530.0,棉花,农产品,CZCE,CF0
2019-05-06,15480.0,15480.0,15205.0,15315.0,241634,615394,15345.0,棉花,农产品,CZCE,CF0
2019-05-07,15300.0,15610.0,15270.0,15575.0,320444,613788,15425.0,棉花,农产品,CZCE,CF0
2019-05-08,15520.0,15600.0,15405.0,15420.0,294348,617044,15505.0,棉花,农产品,CZCE,CF0
2019-05-09,15365.0,15375.0,15105.0,15130.0,372090,635290,15245.0,棉花,农产品,CZCE,CF0
2019-05-10,15105.0,15310.0,15040.0,15210.0,407468,622270,15170.0,棉花,农产品,CZCE,CF0
2019-05-13,15185.0,15240.0,14560.0,14560.0,82038,609670,14865.0,棉花,农产品,CZCE,CF0
2019-05-14,14300.0,14300.0,13820.0,13820.0,206433,538816,13950.0,棉花,农产品,CZCE,CF0
2019-05-15,13840.0,14085.0,13810.0,14015.0,152413,498398,13940.0,棉花,农产品,CZCE,CF0
2019-05-16,13985.0,14345.0,13965.0,14275.0,777940,520856,14215.0,棉花,农产品,CZCE,CF0
2019-05-17,14280.0,14380.0,13985.0,14085.0,558766,508706,14195.0,棉花,农产品,CZCE,CF0
2019-05-20,14030.0,14205.0,13675.0,13870.0,636794,546386,13955.0,棉花,农产品,CZCE,CF0
2019-05-21,13865.0,14100.0,13785.0,13915.0,492824,535844,13930.0,棉花,农产品,CZCE,CF0
2019-05-22,13925.0,13965.0,13370.0,13460.0,817278,547910,13650.0,棉花,农产品,CZCE,CF0
2019-05-23,13445.0,13525.0,13245.0,13380.0,707776,554180,13385.0,棉花,农产品,CZCE,CF0
2019-05-24,13455.0,13565.0,13365.0,13505.0,475754,547780,13475.0,棉花,农产品,CZCE,CF0
2019-05-27,13550.0,13665.0,13390.0,13530.0,480290,539774,13550.0,棉花,农产品,CZCE,CF0
2019-05-28,13525.0,13655.0,13490.0,13645.0,309936,531858,13570.0,棉花,农产品,CZCE,CF0
2019-05-29,13685.0,13795.0,13590.0,13660.0,437780,543500,13670.0,棉花,农产品,CZCE,CF0
2019-05-30,13680.0,13705.0,13420.0,13460.0,455424,558364,13550.0,棉花,农产品,CZCE,CF0
2019-05-31,13515.0,13580.0,13425.0,13495.0,277358,549394,13510.0,棉花,农产品,CZCE,CF0
2019-06-03,13470.0,13505.0,12965.0,12965.0,863934,567050,13115.0,棉花,农产品,CZCE,CF0
2019-06-04,12910.0,13220.0,12910.0,13175.0,541930,553250,13115.0,棉花,农产品,CZCE,CF0
2019-06-05,13175.0,13255.0,13090.0,13145.0,335146,554416,13175.0,棉花,农产品,CZCE,CF0
2019-06-06,13165.0,13200.0,12775.0,12935.0,580930,563832,12965.0,棉花,农产品,CZCE,CF0
2019-06-10,12720.0,13090.0,12720.0,13025.0,305742,559148,12980.0,棉花,农产品,CZCE,CF0
2019-06-11,13045.0,13280.0,12905.0,13260.0,610294,549994,13095.0,棉花,农产品,CZCE,CF0
2019-06-12,13270.0,13495.0,13145.0,13415.0,758468,537134,13310.0,棉花,农产品,CZCE,CF0
2019-06-13,13350.0,13665.0,13315.0,13455.0,901438,519288,13475.0,棉花,农产品,CZCE,CF0
2019-06-14,13470.0,13590.0,13385.0,13425.0,525344,507008,13485.0,棉花,农产品,CZCE,CF0
2019-06-17,13455.0,13650.0,13410.0,13445.0,652150,503864,13515.0,棉花,农产品,CZCE,CF0
2019-06-18,13465.0,13510.0,13310.0,13380.0,539440,499450,13410.0,棉花,农产品,CZCE,CF0
2019-06-19,13410.0,13935.0,13365.0,13815.0,1173836,514836,13780.0,棉花,农产品,CZCE,CF0
2019-06-20,13840.0,13960.0,13690.0,13880.0,628332,504724,13820.0,棉花,农产品,CZCE,CF0
2019-06-21,13845.0,13845.0,13530.0,13630.0,654912,483790,13685.0,棉花,农产品,CZCE,CF0
2019-06-24,13620.0,13730.0,13520.0,13575.0,363988,484176,13625.0,棉花,农产品,CZCE,CF0
2019-06-25,13595.0,13670.0,13505.0,13645.0,324864,482472,13595.0,棉花,农产品,CZCE,CF0
2019-06-26,13635.0,13890.0,13565.0,13805.0,650494,480274,13715.0,棉花,农产品,CZCE,CF0
2019-06-27,13845.0,14145.0,13715.0,13765.0,831986,480826,13945.0,棉花,农产品,CZCE,CF0
2019-06-28,13750.0,13855.0,13675.0,13740.0,431906,485532,13765.0,棉花,农产品,CZCE,CF0
2019-07-01,13780.0,14300.0,13725.0,14095.0,657430,478578,14045.0,棉花,农产品,CZCE,CF0
2019-07-02,14110.0,14110.0,13800.0,13970.0,416024,479892,13930.0,棉花,农产品,CZCE,CF0
2019-07-03,13895.0,13910.0,13610.0,13775.0,420882,470106,13775.0,棉花,农产品,CZCE,CF0
2019-07-04,13800.0,13890.0,13685.0,13740.0,309958,468970,13800.0,棉花,农产品,CZCE,CF0
2019-07-05,13775.0,13945.0,13760.0,13890.0,250614,461234,13850.0,棉花,农产品,CZCE,CF0
2019-07-08,13880.0,13965.0,13650.0,13710.0,359760,457490,13785.0,棉花,农产品,CZCE,CF0
2019-07-09,13675.0,13715.0,13230.0,13230.0,640490,462714,13380.0,棉花,农产品,CZCE,CF0
2019-07-10,13060.0,13215.0,12755.0,13125.0,891354,428018,13000.0,棉花,农产品,CZCE,CF0
2019-07-11,13165.0,13255.0,13050.0,13130.0,466490,432552,13160.0,棉花,农产品,CZCE,CF0
2019-07-12,13155.0,13205.0,12940.0,13100.0,457430,422124,13055.0,棉花,农产品,CZCE,CF0
2019-07-15,13030.0,13185.0,13000.0,13080.0,360858,424438,13075.0,棉花,农产品,CZCE,CF0
2019-07-16,13045.0,13220.0,13025.0,13075.0,324984,421812,13100.0,棉花,农产品,CZCE,CF0
2019-07-17,13075.0,13170.0,12910.0,13060.0,432788,418366,13055.0,棉花,农产品,CZCE,CF0
2019-07-18,13060.0,13080.0,12935.0,13030.0,265606,424212,13015.0,棉花,农产品,CZCE,CF0
2019-07-19,12950.0,13050.0,12875.0,12970.0,297184,424808,12965.0,棉花,农产品,CZCE,CF0
2019-07-22,12980.0,13350.0,12980.0,13230.0,558212,419158,13180.0,棉花,农产品,CZCE,CF0
2019-07-23,13185.0,13315.0,13070.0,13080.0,347478,418638,13205.0,棉花,农产品,CZCE,CF0
2019-07-24,13105.0,13295.0,13040.0,13255.0,385088,414898,13155.0,棉花,农产品,CZCE,CF0
2019-07-25,13265.0,13315.0,13160.0,13255.0,293574,411458,13250.0,棉花,农产品,CZCE,CF0
2019-07-26,13315.0,13385.0,13250.0,13380.0,352656,406480,13335.0,棉花,农产品,CZCE,CF0
2019-07-29,13340.0,13450.0,13030.0,13100.0,549726,417242,13250.0,棉花,农产品,CZCE,CF0
2019-07-30,13100.0,13210.0,13085.0,13150.0,277920,415508,13145.0,棉花,农产品,CZCE,CF0
2019-07-31,13050.0,13180.0,13005.0,13105.0,328190,415468,13095.0,棉花,农产品,CZCE,CF0
2019-08-01,13150.0,13175.0,13025.0,13045.0,258188,417180,13095.0,棉花,农产品,CZCE,CF0
2019-08-02,13045.0,13090.0,12570.0,12670.0,554688,399456,12735.0,棉花,农产品,CZCE,CF0
2019-08-05,12690.0,12735.0,12225.0,12225.0,499220,396280,12475.0,棉花,农产品,CZCE,CF0
2019-08-06,12155.0,12345.0,12075.0,12240.0,415318,369872,12220.0,棉花,农产品,CZCE,CF0
2019-08-07,12235.0,12340.0,12165.0,12210.0,257324,359868,12260.0,棉花,农产品,CZCE,CF0
2019-08-08,12170.0,12340.0,12115.0,12230.0,276790,339010,12220.0,棉花,农产品,CZCE,CF0
2019-08-09,12220.0,12330.0,12080.0,12175.0,226948,320356,12220.0,棉花,农产品,CZCE,CF0
2019-08-12,12740.0,12865.0,12695.0,12785.0,333738,428972,12770.0,棉花,农产品,CZCE,CF0
2019-08-13,12735.0,12830.0,12710.0,12725.0,282914,445296,12765.0,棉花,农产品,CZCE,CF0
2019-08-14,12750.0,13195.0,12610.0,12920.0,907252,452188,12925.0,棉花,农产品,CZCE,CF0
2019-08-15,12880.0,12910.0,12735.0,12830.0,361398,464718,12820.0,棉花,农产品,CZCE,CF0
2019-08-16,12880.0,12910.0,12770.0,12840.0,364192,472396,12830.0,棉花,农产品,CZCE,CF0
2019-08-19,12840.0,12930.0,12810.0,12860.0,281514,478370,12865.0,棉花,农产品,CZCE,CF0
2019-08-20,12865.0,12935.0,12805.0,12840.0,238388,487794,12865.0,棉花,农产品,CZCE,CF0
2019-08-21,12850.0,12880.0,12630.0,12685.0,418652,511466,12740.0,棉花,农产品,CZCE,CF0
2019-08-22,12700.0,12880.0,12675.0,12850.0,367152,494858,12790.0,棉花,农产品,CZCE,CF0
2019-08-23,12820.0,12825.0,12690.0,12730.0,252876,505248,12755.0,棉花,农产品,CZCE,CF0
2019-08-26,12610.0,12730.0,12240.0,12265.0,638442,538840,12430.0,棉花,农产品,CZCE,CF0
2019-08-27,12335.0,12395.0,12290.0,12365.0,343778,511104,12345.0,棉花,农产品,CZCE,CF0
2019-08-28,12395.0,12530.0,12335.0,12500.0,503360,515808,12450.0,棉花,农产品,CZCE,CF0
2019-08-29,12495.0,12595.0,12370.0,12415.0,385478,522158,12495.0,棉花,农产品,CZCE,CF0
2019-08-30,12475.0,12560.0,12435.0,12520.0,284380,524380,12500.0,棉花,农产品,CZCE,CF0
2019-09-02,12500.0,12625.0,12395.0,12435.0,402268,534694,12515.0,棉花,农产品,CZCE,CF0
2019-09-03,12435.0,12580.0,12355.0,12520.0,328418,529814,12465.0,棉花,农产品,CZCE,CF0
2019-09-04,12500.0,12650.0,12430.0,12610.0,503012,553310,12520.0,棉花,农产品,CZCE,CF0
2019-09-05,12625.0,12750.0,12550.0,12670.0,639958,558182,12650.0,棉花,农产品,CZCE,CF0
2019-09-06,12690.0,13160.0,12680.0,12925.0,1362690,552736,12940.0,棉花,农产品,CZCE,CF0
2019-09-09,12960.0,12965.0,12820.0,12890.0,404804,562036,12880.0,棉花,农产品,CZCE,CF0
2019-09-10,12875.0,12995.0,12860.0,12940.0,462736,548400,12940.0,棉花,农产品,CZCE,CF0
2019-09-11,12940.0,13025.0,12910.0,12975.0,425936,530106,12970.0,棉花,农产品,CZCE,CF0
2019-09-12,13000.0,13050.0,12840.0,12970.0,417132,514572,12930.0,棉花,农产品,CZCE,CF0
2019-09-16,13255.0,13285.0,13050.0,13070.0,310400,523758,13145.0,棉花,农产品,CZCE,CF0
2019-09-17,13100.0,13125.0,13025.0,13070.0,275946,530538,13085.0,棉花,农产品,CZCE,CF0
2019-09-18,13075.0,13155.0,12820.0,12915.0,521666,554770,12975.0,棉花,农产品,CZCE,CF0
2019-09-19,12890.0,12950.0,12855.0,12890.0,253976,538314,12900.0,棉花,农产品,CZCE,CF0
2019-09-20,12890.0,12990.0,12785.0,12950.0,360346,539072,12905.0,棉花,农产品,CZCE,CF0
2019-09-23,12960.0,12970.0,12760.0,12850.0,392934,562262,12845.0,棉花,农产品,CZCE,CF0
2019-09-24,12810.0,12880.0,12605.0,12615.0,380044,585712,12770.0,棉花,农产品,CZCE,CF0
2019-09-25,12615.0,12645.0,12545.0,12580.0,332722,587814,12595.0,棉花,农产品,CZCE,CF0
2019-09-26,12545.0,12565.0,12425.0,12455.0,387870,592570,12495.0,棉花,农产品,CZCE,CF0
2019-09-27,12490.0,12490.0,12010.0,12135.0,780698,571774,12205.0,棉花,农产品,CZCE,CF0
2019-09-30,12165.0,12190.0,11970.0,12015.0,474440,580400,12085.0,棉花,农产品,CZCE,CF0
2019-10-08,12045.0,12195.0,12045.0,12175.0,262842,608068,12125.0,棉花,农产品,CZCE,CF0
2019-10-09,12170.0,12365.0,12150.0,12320.0,621580,641768,12285.0,棉花,农产品,CZCE,CF0
2019-10-10,12355.0,12445.0,12305.0,12375.0,464702,642240,12370.0,棉花,农产品,CZCE,CF0
2019-10-11,12370.0,12400.0,12310.0,12380.0,362992,651468,12355.0,棉花,农产品,CZCE,CF0
2019-10-14,12400.0,12830.0,12380.0,12745.0,1144868,695110,12660.0,棉花,农产品,CZCE,CF0
2019-10-15,12665.0,12720.0,12525.0,12565.0,582298,683322,12625.0,棉花,农产品,CZCE,CF0
2019-10-16,12590.0,12740.0,12535.0,12585.0,646200,692620,12655.0,棉花,农产品,CZCE,CF0
2019-10-17,12605.0,12720.0,12420.0,12665.0,630960,695290,12600.0,棉花,农产品,CZCE,CF0
2019-10-18,12685.0,12760.0,12580.0,12685.0,507662,691248,12680.0,棉花,农产品,CZCE,CF0
2019-10-21,12680.0,12840.0,12615.0,12660.0,613378,694006,12715.0,棉花,农产品,CZCE,CF0
2019-10-22,12685.0,12760.0,12560.0,12735.0,508420,695650,12670.0,棉花,农产品,CZCE,CF0
2019-10-23,12785.0,12850.0,12670.0,12745.0,550954,704124,12765.0,棉花,农产品,CZCE,CF0
2019-10-24,12725.0,12830.0,12690.0,12730.0,406818,710310,12765.0,棉花,农产品,CZCE,CF0
2019-10-25,12750.0,12815.0,12640.0,12775.0,477670,695844,12745.0,棉花,农产品,CZCE,CF0
2019-10-28,12790.0,12980.0,12690.0,12715.0,1055772,702768,12845.0,棉花,农产品,CZCE,CF0
2019-10-29,12745.0,13045.0,12710.0,13025.0,860572,747262,12905.0,棉花,农产品,CZCE,CF0
2019-10-30,13025.0,13060.0,12955.0,13050.0,576988,765676,13005.0,棉花,农产品,CZCE,CF0
2019-10-31,13035.0,13215.0,13015.0,13170.0,879304,757444,13130.0,棉花,农产品,CZCE,CF0
2019-11-01,13125.0,13160.0,12930.0,13085.0,674068,731982,13050.0,棉花,农产品,CZCE,CF0
2019-11-04,13090.0,13130.0,12980.0,12980.0,529998,731986,13060.0,棉花,农产品,CZCE,CF0
2019-11-05,12980.0,13150.0,12940.0,13115.0,619312,742236,13045.0,棉花,农产品,CZCE,CF0
2019-11-06,13115.0,13160.0,13030.0,13060.0,568996,724340,13090.0,棉花,农产品,CZCE,CF0
2019-11-07,13085.0,13110.0,12855.0,12920.0,598970,733114,12980.0,棉花,农产品,CZCE,CF0
2019-11-08,13055.0,13095.0,12925.0,12970.0,550414,714368,13020.0,棉花,农产品,CZCE,CF0
2019-11-11,12940.0,12950.0,12805.0,12815.0,541332,703816,12870.0,棉花,农产品,CZCE,CF0
2019-11-12,12800.0,12825.0,12730.0,12810.0,407534,677838,12770.0,棉花,农产品,CZCE,CF0
2019-11-13,12805.0,13085.0,12765.0,13025.0,719798,665672,12940.0,棉花,农产品,CZCE,CF0
2019-11-14,13015.0,13060.0,12955.0,12985.0,433818,650422,13010.0,棉花,农产品,CZCE,CF0
2019-11-15,13025.0,13115.0,12940.0,13020.0,518254,639736,13025.0,棉花,农产品,CZCE,CF0
2019-11-18,13025.0,13125.0,13000.0,13015.0,544470,636592,13060.0,棉花,农产品,CZCE,CF0
2019-11-19,12980.0,13005.0,12800.0,12835.0,480512,615876,12900.0,棉花,农产品,CZCE,CF0
2019-11-20,12845.0,12950.0,12820.0,12915.0,379772,589630,12895.0,棉花,农产品,CZCE,CF0
2019-11-21,12905.0,12935.0,12580.0,12655.0,728554,594026,12725.0,棉花,农产品,CZCE,CF0
2019-11-22,12650.0,12795.0,12650.0,12735.0,420514,561876,12730.0,棉花,农产品,CZCE,CF0
2019-11-25,12730.0,12830.0,12665.0,12760.0,325188,529572,12740.0,棉花,农产品,CZCE,CF0
2019-11-26,12775.0,12920.0,12725.0,12855.0,473734,496222,12835.0,棉花,农产品,CZCE,CF0
2019-11-27,12865.0,12895.0,12785.0,12830.0,224314,481246,12845.0,棉花,农产品,CZCE,CF0
2019-11-28,12860.0,12910.0,12700.0,12735.0,347886,468506,12800.0,棉花,农产品,CZCE,CF0
2019-11-29,12735.0,12825.0,12720.0,12760.0,198742,449608,12785.0,棉花,农产品,CZCE,CF0
2019-12-02,12760.0,12775.0,12610.0,12615.0,243020,446940,12680.0,棉花,农产品,CZCE,CF0
2019-12-03,13090.0,13165.0,12925.0,12995.0,431240,656374,13055.0,棉花,农产品,CZCE,CF0
2019-12-04,12945.0,12990.0,12840.0,12930.0,418780,661260,12930.0,棉花,农产品,CZCE,CF0
2019-12-05,13015.0,13050.0,12955.0,13030.0,322358,664340,13000.0,棉花,农产品,CZCE,CF0
2019-12-06,13050.0,13280.0,13020.0,13270.0,521326,674522,13140.0,棉花,农产品,CZCE,CF0
2019-12-09,13225.0,13325.0,13190.0,13220.0,425516,714884,13255.0,棉花,农产品,CZCE,CF0
2019-12-10,13205.0,13255.0,13140.0,13195.0,359650,737652,13205.0,棉花,农产品,CZCE,CF0
2019-12-11,13195.0,13335.0,13160.0,13215.0,511148,784404,13255.0,棉花,农产品,CZCE,CF0
2019-12-12,13180.0,13345.0,13175.0,13330.0,407424,831154,13270.0,棉花,农产品,CZCE,CF0
2019-12-13,13325.0,13480.0,13225.0,13370.0,681276,850844,13355.0,棉花,农产品,CZCE,CF0
2019-12-16,13380.0,13425.0,13170.0,13340.0,577130,854766,13305.0,棉花,农产品,CZCE,CF0
2019-12-17,13355.0,13395.0,13290.0,13380.0,305798,872466,13355.0,棉花,农产品,CZCE,CF0
2019-12-18,13365.0,13450.0,13275.0,13310.0,516686,908780,13370.0,棉花,农产品,CZCE,CF0
2019-12-19,13310.0,13430.0,13270.0,13390.0,417018,910382,13345.0,棉花,农产品,CZCE,CF0
2019-12-20,13405.0,13450.0,13350.0,13400.0,386792,909352,13400.0,棉花,农产品,CZCE,CF0
2019-12-23,13400.0,13475.0,13320.0,13340.0,463030,920142,13400.0,棉花,农产品,CZCE,CF0
2019-12-24,13355.0,13445.0,13355.0,13380.0,355866,920566,13395.0,棉花,农产品,CZCE,CF0
2019-12-25,13375.0,13405.0,13280.0,13315.0,286312,918004,13355.0,棉花,农产品,CZCE,CF0
2019-12-26,13325.0,13425.0,13280.0,13415.0,279484,914188,13365.0,棉花,农产品,CZCE,CF0
2019-12-27,13410.0,13710.0,13400.0,13645.0,1096066,1081520,13575.0,棉花,农产品,CZCE,CF0
2019-12-30,13630.0,14085.0,13600.0,14005.0,1448394,1167272,13890.0,棉花,农产品,CZCE,CF0
2019-12-31,14035.0,14070.0,13910.0,13980.0,831036,1167490,13985.0,棉花,农产品,CZCE,CF0
2020-01-02,13940.0,14270.0,13865.0,13975.0,585439,584855,14070.0,棉花,农产品,CZCE,CF0
2020-01-03,14000.0,14130.0,13965.0,14015.0,316908,580012,14035.0,棉花,农产品,CZCE,CF0
2020-01-06,13950.0,14130.0,13840.0,14070.0,404392,581224,13995.0,棉花,农产品,CZCE,CF0
2020-01-07,14060.0,14260.0,14050.0,14215.0,462799,602141,14175.0,棉花,农产品,CZCE,CF0
2020-01-08,14200.0,14225.0,14025.0,14165.0,347822,598889,14150.0,棉花,农产品,CZCE,CF0
2020-01-09,14165.0,14380.0,14160.0,14260.0,557629,609430,14290.0,棉花,农产品,CZCE,CF0
2020-01-10,14285.0,14365.0,14215.0,14285.0,277682,608251,14300.0,棉花,农产品,CZCE,CF0
2020-01-13,14300.0,14445.0,14265.0,14430.0,340308,615446,14370.0,棉花,农产品,CZCE,CF0
2020-01-14,14420.0,14450.0,14070.0,14160.0,399359,602046,14240.0,棉花,农产品,CZCE,CF0
2020-01-15,14195.0,14240.0,13920.0,13930.0,396698,588277,14065.0,棉花,农产品,CZCE,CF0
2020-01-16,13915.0,14110.0,13890.0,14020.0,297230,589134,14010.0,棉花,农产品,CZCE,CF0
2020-01-17,14000.0,14080.0,13925.0,14030.0,212559,582780,14005.0,棉花,农产品,CZCE,CF0
2020-01-20,14105.0,14175.0,13965.0,13995.0,266491,580282,14075.0,棉花,农产品,CZCE,CF0
2020-01-21,13970.0,14075.0,13750.0,13795.0,338475,561552,13900.0,棉花,农产品,CZCE,CF0
2020-01-22,13845.0,13855.0,13340.0,13705.0,547975,536793,13570.0,棉花,农产品,CZCE,CF0
2020-01-23,13730.0,13730.0,13300.0,13440.0,360868,519451,13515.0,棉花,农产品,CZCE,CF0
2020-02-03,12570.0,12890.0,12565.0,12565.0,276113,495085,12680.0,棉花,农产品,CZCE,CF0
2020-02-04,12130.0,12810.0,12130.0,12620.0,297277,494865,12580.0,棉花,农产品,CZCE,CF0
2020-02-05,12710.0,13030.0,12685.0,12950.0,373725,498833,12905.0,棉花,农产品,CZCE,CF0
2020-02-06,12920.0,13200.0,12830.0,13120.0,387692,514018,13035.0,棉花,农产品,CZCE,CF0
2020-02-07,13065.0,13145.0,13060.0,13135.0,180537,512995,13105.0,棉花,农产品,CZCE,CF0
2020-02-10,13035.0,13110.0,13015.0,13075.0,176034,516875,13065.0,棉花,农产品,CZCE,CF0
2020-02-11,13105.0,13190.0,13070.0,13125.0,211076,512553,13130.0,棉花,农产品,CZCE,CF0
2020-02-12,13125.0,13175.0,12885.0,13070.0,273536,497942,13025.0,棉花,农产品,CZCE,CF0
2020-02-13,13100.0,13150.0,12995.0,13045.0,204494,490949,13070.0,棉花,农产品,CZCE,CF0
2020-02-14,13010.0,13055.0,12920.0,13030.0,235196,487440,12990.0,棉花,农产品,CZCE,CF0
2020-02-17,13080.0,13510.0,13055.0,13510.0,636829,513807,13345.0,棉花,农产品,CZCE,CF0
2020-02-18,13395.0,13415.0,13115.0,13180.0,484477,479563,13250.0,棉花,农产品,CZCE,CF0
2020-02-19,13210.0,13315.0,13200.0,13260.0,236246,475060,13270.0,棉花,农产品,CZCE,CF0
2020-02-20,13345.0,13375.0,13240.0,13325.0,223675,475075,13315.0,棉花,农产品,CZCE,CF0
2020-02-21,13300.0,13375.0,13225.0,13265.0,234570,474795,13300.0,棉花,农产品,CZCE,CF0
2020-02-24,13195.0,13230.0,12785.0,12935.0,406171,470706,13005.0,棉花,农产品,CZCE,CF0
2020-02-25,12845.0,13045.0,12775.0,13015.0,323452,474942,12895.0,棉花,农产品,CZCE,CF0
2020-02-26,12890.0,12940.0,12790.0,12805.0,238272,470284,12870.0,棉花,农产品,CZCE,CF0
2020-02-27,12750.0,12790.0,12620.0,12625.0,229841,463157,12690.0,棉花,农产品,CZCE,CF0
2020-02-28,12345.0,12410.0,12180.0,12180.0,390450,441879,12260.0,棉花,农产品,CZCE,CF0
2020-03-02,12105.0,12550.0,12105.0,12390.0,344530,424144,12365.0,棉花,农产品,CZCE,CF0
2020-03-03,12550.0,12715.0,12465.0,12520.0,412654,424314,12590.0,棉花,农产品,CZCE,CF0
2020-03-04,12410.0,12515.0,12400.0,12490.0,232482,422967,12470.0,棉花,农产品,CZCE,CF0
2020-03-05,12480.0,12865.0,12480.0,12770.0,417313,424427,12695.0,棉花,农产品,CZCE,CF0
2020-03-06,12705.0,12750.0,12585.0,12600.0,366722,414762,12665.0,棉花,农产品,CZCE,CF0
2020-03-09,12190.0,12325.0,12155.0,12175.0,391445,412878,12200.0,棉花,农产品,CZCE,CF0
2020-03-10,12305.0,12545.0,12265.0,12450.0,319191,403503,12425.0,棉花,农产品,CZCE,CF0
2020-03-11,12425.0,12510.0,12315.0,12325.0,209843,398359,12405.0,棉花,农产品,CZCE,CF0
2020-03-12,12320.0,12380.0,12045.0,12150.0,394021,406632,12180.0,棉花,农产品,CZCE,CF0
2020-03-13,11970.0,11980.0,11690.0,11775.0,577349,401468,11760.0,棉花,农产品,CZCE,CF0
2020-03-16,11690.0,11705.0,11435.0,11435.0,384637,402424,11575.0,棉花,农产品,CZCE,CF0
2020-03-17,11400.0,11615.0,11385.0,11560.0,351821,395443,11520.0,棉花,农产品,CZCE,CF0
2020-03-18,11430.0,11675.0,11350.0,11530.0,378609,362036,11560.0,棉花,农产品,CZCE,CF0
2020-03-19,11460.0,11560.0,11095.0,11095.0,303421,355768,11260.0,棉花,农产品,CZCE,CF0
2020-03-20,11135.0,11210.0,10885.0,10990.0,480119,333377,11015.0,棉花,农产品,CZCE,CF0
2020-03-23,10600.0,10650.0,10570.0,10570.0,104167,341350,10580.0,棉花,农产品,CZCE,CF0
2020-03-24,10480.0,10480.0,9935.0,10360.0,637605,328826,10280.0,棉花,农产品,CZCE,CF0
2020-03-25,10560.0,10695.0,10430.0,10695.0,443721,323467,10545.0,棉花,农产品,CZCE,CF0
2020-03-26,10600.0,10880.0,10495.0,10645.0,500793,312683,10710.0,棉花,农产品,CZCE,CF0
2020-03-27,10610.0,10850.0,10605.0,10720.0,341157,299731,10735.0,棉花,农产品,CZCE,CF0
2020-03-30,10455.0,10525.0,10145.0,10410.0,319443,288885,10355.0,棉花,农产品,CZCE,CF0
2020-03-31,10560.0,10650.0,10480.0,10540.0,227072,271869,10560.0,棉花,农产品,CZCE,CF0
2020-04-01,10965.0,11050.0,10715.0,10740.0,324837,287882,10900.0,棉花,农产品,CZCE,CF0
2020-04-02,10500.0,10970.0,10470.0,10895.0,406337,300150,10750.0,棉花,农产品,CZCE,CF0
2020-04-03,11000.0,11080.0,10780.0,10875.0,337212,304751,10910.0,棉花,农产品,CZCE,CF0
2020-04-07,11280.0,11300.0,11110.0,11180.0,280598,306146,11180.0,棉花,农产品,CZCE,CF0
2020-04-08,11125.0,11750.0,11040.0,11505.0,704990,344788,11465.0,棉花,农产品,CZCE,CF0
2020-04-09,11530.0,11630.0,11470.0,11515.0,343843,357315,11540.0,棉花,农产品,CZCE,CF0
2020-04-10,11450.0,11685.0,11365.0,11535.0,376577,362093,11555.0,棉花,农产品,CZCE,CF0
2020-04-13,11630.0,11700.0,11280.0,11340.0,373129,366607,11490.0,棉花,农产品,CZCE,CF0
2020-04-14,11355.0,11550.0,11310.0,11415.0,335008,368539,11425.0,棉花,农产品,CZCE,CF0
2020-04-15,11425.0,11520.0,11345.0,11380.0,281830,372627,11425.0,棉花,农产品,CZCE,CF0
2020-04-16,11365.0,11460.0,11300.0,11310.0,250007,363476,11380.0,棉花,农产品,CZCE,CF0
2020-04-17,11405.0,11545.0,11335.0,11400.0,330487,371615,11420.0,棉花,农产品,CZCE,CF0
2020-04-20,11300.0,11545.0,11300.0,11520.0,313350,375445,11435.0,棉花,农产品,CZCE,CF0
2020-04-21,11525.0,11630.0,11150.0,11165.0,457408,375432,11345.0,棉花,农产品,CZCE,CF0
2020-04-22,11100.0,11325.0,10855.0,11295.0,536405,374312,11105.0,棉花,农产品,CZCE,CF0
2020-04-23,11600.0,11745.0,11460.0,11695.0,598972,375905,11610.0,棉花,农产品,CZCE,CF0
2020-04-24,11620.0,11650.0,11440.0,11460.0,404488,377620,11520.0,棉花,农产品,CZCE,CF0
2020-04-27,11410.0,11630.0,11405.0,11465.0,317880,381157,11520.0,棉花,农产品,CZCE,CF0
2020-04-28,11430.0,11485.0,11290.0,11400.0,326020,390937,11395.0,棉花,农产品,CZCE,CF0
2020-04-29,11505.0,11540.0,11435.0,11450.0,241967,384924,11485.0,棉花,农产品,CZCE,CF0
2020-04-30,11580.0,11670.0,11520.0,11650.0,240167,358522,11590.0,棉花,农产品,CZCE,CF0
2020-05-06,11400.0,11400.0,11170.0,11335.0,314516,374409,11280.0,棉花,农产品,CZCE,CF0
2020-05-07,11325.0,11600.0,11285.0,11540.0,465645,387022,11445.0,棉花,农产品,CZCE,CF0
2020-05-08,11600.0,11830.0,11560.0,11655.0,739089,404579,11705.0,棉花,农产品,CZCE,CF0
2020-05-11,11745.0,11790.0,11565.0,11620.0,449986,411149,11700.0,棉花,农产品,CZCE,CF0
2020-05-12,11600.0,11730.0,11500.0,11535.0,391601,403387,11615.0,棉花,农产品,CZCE,CF0
2020-05-13,11610.0,11655.0,11425.0,11550.0,440255,400949,11540.0,棉花,农产品,CZCE,CF0
2020-05-14,11570.0,11615.0,11440.0,11490.0,285023,398319,11515.0,棉花,农产品,CZCE,CF0
2020-05-15,11485.0,11670.0,11435.0,11645.0,404794,390103,11570.0,棉花,农产品,CZCE,CF0
2020-05-18,11665.0,11800.0,11530.0,11590.0,577106,394600,11665.0,棉花,农产品,CZCE,CF0
2020-05-19,11625.0,11905.0,11585.0,11730.0,761102,409847,11740.0,棉花,农产品,CZCE,CF0
2020-05-20,11740.0,11955.0,11715.0,11800.0,635286,415770,11845.0,棉花,农产品,CZCE,CF0
2020-05-21,11820.0,11860.0,11725.0,11790.0,456207,413900,11795.0,棉花,农产品,CZCE,CF0
2020-05-22,11830.0,11860.0,11550.0,11580.0,550170,405249,11695.0,棉花,农产品,CZCE,CF0
2020-05-25,11575.0,11635.0,11455.0,11620.0,410622,390578,11565.0,棉花,农产品,CZCE,CF0
2020-05-26,11620.0,11685.0,11570.0,11630.0,308457,391154,11625.0,棉花,农产品,CZCE,CF0
2020-05-27,11700.0,11735.0,11585.0,11605.0,415665,394852,11650.0,棉花,农产品,CZCE,CF0
2020-05-28,11595.0,11630.0,11490.0,11560.0,414484,402348,11560.0,棉花,农产品,CZCE,CF0
2020-05-29,11565.0,11580.0,11470.0,11480.0,315622,409820,11520.0,棉花,农产品,CZCE,CF0
2020-06-01,11460.0,11720.0,11400.0,11695.0,520604,375038,11570.0,棉花,农产品,CZCE,CF0
2020-06-02,11630.0,11845.0,11625.0,11740.0,477443,377021,11735.0,棉花,农产品,CZCE,CF0
2020-06-03,11765.0,11800.0,11710.0,11785.0,311167,376915,11760.0,棉花,农产品,CZCE,CF0
2020-06-04,11815.0,11840.0,11670.0,11780.0,394316,374282,11760.0,棉花,农产品,CZCE,CF0
2020-06-05,11750.0,12045.0,11730.0,11985.0,813876,411214,11910.0,棉花,农产品,CZCE,CF0
2020-06-08,12020.0,12155.0,11935.0,11985.0,547674,403532,12025.0,棉花,农产品,CZCE,CF0
2020-06-09,11985.0,12150.0,11900.0,12095.0,453069,405502,12035.0,棉花,农产品,CZCE,CF0
2020-06-10,12030.0,12085.0,11990.0,12020.0,319459,398961,12035.0,棉花,农产品,CZCE,CF0
2020-06-11,12025.0,12060.0,11850.0,11975.0,458235,387024,11975.0,棉花,农产品,CZCE,CF0
2020-06-12,11930.0,11965.0,11790.0,11855.0,358162,377839,11870.0,棉花,农产品,CZCE,CF0
2020-06-15,11880.0,11955.0,11700.0,11715.0,382097,375143,11835.0,棉花,农产品,CZCE,CF0
2020-06-16,11700.0,11860.0,11685.0,11835.0,241780,363038,11795.0,棉花,农产品,CZCE,CF0
2020-06-17,11880.0,11925.0,11755.0,11840.0,282408,362732,11830.0,棉花,农产品,CZCE,CF0
2020-06-18,11845.0,11910.0,11820.0,11890.0,200462,355562,11865.0,棉花,农产品,CZCE,CF0
2020-06-19,11890.0,11950.0,11845.0,11910.0,256469,358467,11900.0,棉花,农产品,CZCE,CF0
2020-06-22,11905.0,11930.0,11720.0,11730.0,303686,389615,11805.0,棉花,农产品,CZCE,CF0
2020-06-23,11710.0,11780.0,11655.0,11670.0,287775,396620,11720.0,棉花,农产品,CZCE,CF0
2020-06-24,11690.0,11720.0,11625.0,11650.0,207397,386641,11670.0,棉花,农产品,CZCE,CF0
2020-06-29,11650.0,11755.0,11600.0,11665.0,222237,384281,11680.0,棉花,农产品,CZCE,CF0
2020-06-30,11665.0,11755.0,11655.0,11675.0,234299,379093,11710.0,棉花,农产品,CZCE,CF0
2020-07-01,11690.0,11820.0,11650.0,11785.0,290179,365743,11750.0,棉花,农产品,CZCE,CF0
2020-07-02,11755.0,11945.0,11750.0,11890.0,356862,356244,11875.0,棉花,农产品,CZCE,CF0
2020-07-03,11915.0,12015.0,11865.0,11950.0,313056,349293,11935.0,棉花,农产品,CZCE,CF0
2020-07-06,11950.0,12045.0,11895.0,12025.0,287377,350834,11965.0,棉花,农产品,CZCE,CF0
2020-07-07,12040.0,12065.0,11860.0,11950.0,306634,336907,11975.0,棉花,农产品,CZCE,CF0
2020-07-08,11950.0,12005.0,11880.0,11925.0,257530,341565,11935.0,棉花,农产品,CZCE,CF0
2020-07-09,11925.0,12135.0,11925.0,12110.0,390180,337883,12040.0,棉花,农产品,CZCE,CF0
2020-07-10,12125.0,12250.0,11970.0,12055.0,559009,328983,12110.0,棉花,农产品,CZCE,CF0
2020-07-13,12040.0,12200.0,12030.0,12130.0,320738,329709,12130.0,棉花,农产品,CZCE,CF0
2020-07-14,12130.0,12160.0,11945.0,11995.0,321064,322098,12045.0,棉花,农产品,CZCE,CF0
2020-07-15,11980.0,12105.0,11975.0,12080.0,264526,314365,12050.0,棉花,农产品,CZCE,CF0
2020-07-16,12090.0,12120.0,11915.0,11950.0,277984,309315,12015.0,棉花,农产品,CZCE,CF0
2020-07-17,11925.0,12060.0,11925.0,11945.0,237166,303624,11985.0,棉花,农产品,CZCE,CF0
2020-07-20,11930.0,11985.0,11875.0,11980.0,211147,297637,11930.0,棉花,农产品,CZCE,CF0
2020-07-21,12010.0,12140.0,11995.0,12080.0,291352,296049,12080.0,棉花,农产品,CZCE,CF0
2020-07-22,12080.0,12425.0,12060.0,12165.0,643488,318998,12235.0,棉花,农产品,CZCE,CF0
2020-07-23,12110.0,12215.0,12030.0,12070.0,343734,304344,12110.0,棉花,农产品,CZCE,CF0
2020-07-24,12050.0,12135.0,11950.0,12010.0,374368,288255,12045.0,棉花,农产品,CZCE,CF0
2020-07-27,11955.0,11995.0,11890.0,11935.0,284529,294961,11940.0,棉花,农产品,CZCE,CF0
2020-07-28,11935.0,12055.0,11930.0,11965.0,237865,291427,11980.0,棉花,农产品,CZCE,CF0
2020-07-29,11965.0,12090.0,11915.0,12070.0,210017,287523,11985.0,棉花,农产品,CZCE,CF0
2020-07-30,12110.0,12170.0,12025.0,12060.0,336321,272007,12105.0,棉花,农产品,CZCE,CF0
2020-07-31,12020.0,12090.0,11925.0,12010.0,301850,265838,12005.0,棉花,农产品,CZCE,CF0
2020-08-03,12040.0,12170.0,11950.0,12125.0,282208,261044,12060.0,棉花,农产品,CZCE,CF0
2020-08-04,12150.0,12190.0,12025.0,12055.0,216860,258986,12105.0,棉花,农产品,CZCE,CF0
2020-08-05,12080.0,12145.0,12050.0,12070.0,181742,251901,12090.0,棉花,农产品,CZCE,CF0
2020-08-06,12105.0,12280.0,12055.0,12275.0,322202,241966,12160.0,棉花,农产品,CZCE,CF0
2020-08-07,12290.0,12525.0,12240.0,12340.0,469365,217663,12375.0,棉花,农产品,CZCE,CF0
2020-08-10,12370.0,12375.0,12120.0,12140.0,269479,192761,12220.0,棉花,农产品,CZCE,CF0
2020-08-11,12150.0,12240.0,12140.0,12170.0,151350,181871,12180.0,棉花,农产品,CZCE,CF0
2020-08-12,12730.0,12915.0,12730.0,12905.0,330026,294341,12835.0,棉花,农产品,CZCE,CF0
2020-08-13,12905.0,12940.0,12735.0,12790.0,219967,297453,12815.0,棉花,农产品,CZCE,CF0
2020-08-14,12790.0,12865.0,12745.0,12840.0,200131,300620,12805.0,棉花,农产品,CZCE,CF0
2020-08-17,12840.0,12950.0,12785.0,12920.0,273578,324535,12870.0,棉花,农产品,CZCE,CF0
2020-08-18,12920.0,12970.0,12870.0,12900.0,235196,335434,12905.0,棉花,农产品,CZCE,CF0
2020-08-19,12895.0,12930.0,12810.0,12830.0,213179,335458,12865.0,棉花,农产品,CZCE,CF0
2020-08-20,12830.0,12870.0,12755.0,12850.0,180686,329329,12825.0,棉花,农产品,CZCE,CF0
2020-08-21,12845.0,12950.0,12795.0,12930.0,278615,338651,12875.0,棉花,农产品,CZCE,CF0
2020-08-24,12910.0,12990.0,12840.0,12945.0,262465,344292,12910.0,棉花,农产品,CZCE,CF0
2020-08-25,13110.0,13115.0,12920.0,12950.0,288602,352068,13005.0,棉花,农产品,CZCE,CF0
2020-08-26,12950.0,13005.0,12910.0,12985.0,190524,356476,12960.0,棉花,农产品,CZCE,CF0
2020-08-27,13010.0,13040.0,12945.0,12985.0,190156,362132,12990.0,棉花,农产品,CZCE,CF0
2020-08-28,12960.0,13030.0,12940.0,13030.0,203104,368552,12985.0,棉花,农产品,CZCE,CF0
2020-08-31,13010.0,13180.0,13005.0,13125.0,350462,382759,13090.0,棉花,农产品,CZCE,CF0
2020-09-01,13125.0,13150.0,13040.0,13135.0,185617,382148,13100.0,棉花,农产品,CZCE,CF0
2020-09-02,13140.0,13180.0,13085.0,13125.0,217289,386219,13130.0,棉花,农产品,CZCE,CF0
2020-09-03,13085.0,13105.0,12985.0,13025.0,257021,373553,13060.0,棉花,农产品,CZCE,CF0
2020-09-04,12995.0,13040.0,12820.0,12870.0,302225,375597,12910.0,棉花,农产品,CZCE,CF0
2020-09-07,12890.0,12965.0,12875.0,12925.0,175978,366717,12915.0,棉花,农产品,CZCE,CF0
2020-09-08,12940.0,12990.0,12910.0,12960.0,166905,365704,12940.0,棉花,农产品,CZCE,CF0
2020-09-09,12910.0,12920.0,12215.0,12430.0,599241,371860,12595.0,棉花,农产品,CZCE,CF0
2020-09-10,12495.0,12660.0,12470.0,12580.0,254960,352686,12565.0,棉花,农产品,CZCE,CF0
2020-09-11,12590.0,12630.0,12540.0,12590.0,162522,350242,12595.0,棉花,农产品,CZCE,CF0
2020-09-14,12580.0,12650.0,12555.0,12630.0,150434,351061,12605.0,棉花,农产品,CZCE,CF0
2020-09-15,12675.0,12845.0,12655.0,12800.0,266674,337432,12765.0,棉花,农产品,CZCE,CF0
2020-09-16,12785.0,12815.0,12720.0,12775.0,148873,335975,12770.0,棉花,农产品,CZCE,CF0
2020-09-17,12775.0,12840.0,12740.0,12780.0,169998,338119,12785.0,棉花,农产品,CZCE,CF0
2020-09-18,12785.0,12825.0,12685.0,12815.0,196338,333583,12770.0,棉花,农产品,CZCE,CF0
2020-09-21,12795.0,12940.0,12770.0,12940.0,275365,330060,12885.0,棉花,农产品,CZCE,CF0
2020-09-22,12900.0,13005.0,12730.0,12960.0,336846,325646,12880.0,棉花,农产品,CZCE,CF0
2020-09-23,12945.0,12995.0,12710.0,12820.0,278146,318679,12855.0,棉花,农产品,CZCE,CF0
2020-09-24,12800.0,12880.0,12660.0,12710.0,258845,320091,12770.0,棉花,农产品,CZCE,CF0
2020-09-25,12705.0,12840.0,12670.0,12675.0,231785,317871,12750.0,棉花,农产品,CZCE,CF0
2020-09-28,12710.0,12830.0,12650.0,12815.0,199960,297211,12755.0,棉花,农产品,CZCE,CF0
2020-09-29,12840.0,12860.0,12660.0,12755.0,195285,298282,12750.0,棉花,农产品,CZCE,CF0
2020-09-30,12740.0,12885.0,12715.0,12795.0,199963,286766,12800.0,棉花,农产品,CZCE,CF0
2020-10-09,13130.0,13300.0,13055.0,13295.0,244575,301685,13175.0,棉花,农产品,CZCE,CF0
2020-10-12,13300.0,13970.0,13300.0,13870.0,687345,339678,13740.0,棉花,农产品,CZCE,CF0
2020-10-13,13880.0,14145.0,13760.0,14025.0,557223,346086,13945.0,棉花,农产品,CZCE,CF0
2020-10-14,14100.0,14335.0,14020.0,14320.0,623312,394027,14130.0,棉花,农产品,CZCE,CF0
2020-10-15,14345.0,14400.0,14230.0,14325.0,497259,401581,14320.0,棉花,农产品,CZCE,CF0
2020-10-16,14265.0,14675.0,14170.0,14560.0,710522,418192,14465.0,棉花,农产品,CZCE,CF0
2020-10-19,14620.0,15305.0,14505.0,14935.0,1100635,433934,14985.0,棉花,农产品,CZCE,CF0
2020-10-20,14935.0,14980.0,14605.0,14830.0,760329,415812,14785.0,棉花,农产品,CZCE,CF0
2020-10-21,14850.0,14865.0,14545.0,14635.0,825764,411446,14700.0,棉花,农产品,CZCE,CF0
2020-10-22,14735.0,14750.0,14350.0,14505.0,811621,406844,14505.0,棉花,农产品,CZCE,CF0
2020-10-23,14530.0,14745.0,14410.0,14425.0,725149,403408,14595.0,棉花,农产品,CZCE,CF0
2020-10-26,14470.0,14660.0,14330.0,14490.0,653007,391510,14500.0,棉花,农产品,CZCE,CF0
2020-10-27,14490.0,14590.0,14390.0,14480.0,514039,392465,14505.0,棉花,农产品,CZCE,CF0
2020-10-28,14500.0,14775.0,14420.0,14680.0,985343,409633,14600.0,棉花,农产品,CZCE,CF0
2020-10-29,14495.0,14585.0,14350.0,14435.0,590596,391797,14465.0,棉花,农产品,CZCE,CF0
2020-10-30,14395.0,14630.0,14220.0,14505.0,732126,356315,14455.0,棉花,农产品,CZCE,CF0
2020-11-02,14500.0,14575.0,14325.0,14375.0,432653,339797,14435.0,棉花,农产品,CZCE,CF0
2020-11-03,14385.0,14475.0,14275.0,14310.0,353237,348927,14385.0,棉花,农产品,CZCE,CF0
2020-11-04,14360.0,14590.0,14295.0,14475.0,512533,334284,14435.0,棉花,农产品,CZCE,CF0
2020-11-05,14525.0,14525.0,14305.0,14360.0,353901,335212,14385.0,棉花,农产品,CZCE,CF0
2020-11-06,14400.0,14430.0,14035.0,14050.0,483557,331675,14220.0,棉花,农产品,CZCE,CF0
2020-11-09,14065.0,14255.0,13920.0,14225.0,479864,295151,14075.0,棉花,农产品,CZCE,CF0
2020-11-10,14305.0,14340.0,14175.0,14225.0,292528,294102,14240.0,棉花,农产品,CZCE,CF0
2020-11-11,14240.0,14440.0,14205.0,14370.0,322242,301131,14335.0,棉花,农产品,CZCE,CF0
2020-11-12,14345.0,14410.0,14260.0,14295.0,237094,295724,14335.0,棉花,农产品,CZCE,CF0
2020-11-13,14320.0,14375.0,14190.0,14220.0,247517,292515,14275.0,棉花,农产品,CZCE,CF0
2020-11-16,14220.0,14315.0,14035.0,14270.0,310214,280029,14190.0,棉花,农产品,CZCE,CF0
2020-11-17,14320.0,14370.0,14115.0,14150.0,296977,278802,14235.0,棉花,农产品,CZCE,CF0
2020-11-18,14150.0,14230.0,14100.0,14145.0,180654,276009,14160.0,棉花,农产品,CZCE,CF0
2020-11-19,14180.0,14365.0,14150.0,14360.0,266789,274123,14250.0,棉花,农产品,CZCE,CF0
2020-11-20,14345.0,14530.0,14245.0,14265.0,491008,287620,14425.0,棉花,农产品,CZCE,CF0
2020-11-23,14310.0,14495.0,14270.0,14430.0,276379,290358,14405.0,棉花,农产品,CZCE,CF0
2020-11-24,14450.0,14600.0,14445.0,14575.0,357689,303204,14520.0,棉花,农产品,CZCE,CF0
2020-11-25,14500.0,14530.0,14405.0,14430.0,241964,287952,14455.0,棉花,农产品,CZCE,CF0
2020-11-26,14435.0,14490.0,14325.0,14360.0,199713,280074,14400.0,棉花,农产品,CZCE,CF0
2020-11-27,14375.0,14575.0,14350.0,14555.0,231164,281929,14480.0,棉花,农产品,CZCE,CF0
2020-11-30,14560.0,14600.0,14450.0,14565.0,265953,272289,14535.0,棉花,农产品,CZCE,CF0
2020-12-01,14570.0,14620.0,14405.0,14480.0,225452,264223,14495.0,棉花,农产品,CZCE,CF0
2020-12-02,14490.0,14590.0,14365.0,14370.0,249208,257817,14460.0,棉花,农产品,CZCE,CF0
2020-12-03,14355.0,14440.0,14300.0,14425.0,179474,243168,14360.0,棉花,农产品,CZCE,CF0
2020-12-04,14425.0,14435.0,14260.0,14315.0,209339,229000,14330.0,棉花,农产品,CZCE,CF0
2020-12-07,14320.0,14570.0,14320.0,14570.0,251297,218414,14470.0,棉花,农产品,CZCE,CF0
2020-12-08,14570.0,14625.0,14460.0,14485.0,197944,202916,14540.0,棉花,农产品,CZCE,CF0
2020-12-09,14580.0,14610.0,14470.0,14530.0,210049,316941,14540.0,棉花,农产品,CZCE,CF0
2020-12-10,14540.0,14690.0,14500.0,14575.0,298897,329593,14590.0,棉花,农产品,CZCE,CF0
2020-12-11,14615.0,14835.0,14565.0,14835.0,563484,408405,14730.0,棉花,农产品,CZCE,CF0
2020-12-14,14835.0,14930.0,14725.0,14885.0,409158,444671,14850.0,棉花,农产品,CZCE,CF0
2020-12-15,14885.0,14980.0,14780.0,14820.0,369269,453150,14875.0,棉花,农产品,CZCE,CF0
2020-12-16,14835.0,14885.0,14800.0,14815.0,203287,455023,14835.0,棉花,农产品,CZCE,CF0
2020-12-17,14845.0,14910.0,14800.0,14845.0,227094,454533,14845.0,棉花,农产品,CZCE,CF0
2020-12-18,14865.0,15020.0,14865.0,14935.0,369046,486398,14955.0,棉花,农产品,CZCE,CF0
2020-12-21,14900.0,15100.0,14900.0,15100.0,351823,510447,15015.0,棉花,农产品,CZCE,CF0
2020-12-22,15000.0,15000.0,14510.0,14535.0,589859,465252,14785.0,棉花,农产品,CZCE,CF0
2020-12-23,14640.0,14735.0,14505.0,14725.0,369750,453715,14625.0,棉花,农产品,CZCE,CF0
2020-12-24,14805.0,14840.0,14705.0,14790.0,222131,450621,14765.0,棉花,农产品,CZCE,CF0
2020-12-25,14785.0,14945.0,14765.0,14930.0,256245,464142,14865.0,棉花,农产品,CZCE,CF0
2020-12-28,14890.0,14925.0,14805.0,14865.0,217794,453151,14865.0,棉花,农产品,CZCE,CF0
2020-12-29,14890.0,14970.0,14800.0,14855.0,281125,450037,14885.0,棉花,农产品,CZCE,CF0
2020-12-30,14870.0,15075.0,14850.0,15040.0,427212,478062,14975.0,棉花,农产品,CZCE,CF0
2020-12-31,15030.0,15185.0,14980.0,15060.0,424372,496560,15085.0,棉花,农产品,CZCE,CF0
2021-01-04,15080.0,15380.0,15075.0,15375.0,387284,570538,15260.0,棉花,农产品,CZCE,CF0
2021-01-05,15350.0,15485.0,15215.0,15300.0,437951,592912,15370.0,棉花,农产品,CZCE,CF0
2021-01-06,15325.0,15465.0,15250.0,15430.0,372818,596775,15360.0,棉花,农产品,CZCE,CF0
2021-01-07,15440.0,15580.0,15345.0,15535.0,533876,631053,15485.0,棉花,农产品,CZCE,CF0
2021-01-08,15505.0,15610.0,15310.0,15415.0,376024,634259,15480.0,棉花,农产品,CZCE,CF0
2021-01-11,15465.0,15500.0,15100.0,15100.0,513421,587621,15280.0,棉花,农产品,CZCE,CF0
2021-01-12,15150.0,15235.0,14900.0,15200.0,399176,559483,15085.0,棉花,农产品,CZCE,CF0
2021-01-13,15200.0,15460.0,15185.0,15345.0,318696,559502,15330.0,棉花,农产品,CZCE,CF0
2021-01-14,15325.0,15360.0,14950.0,14960.0,417167,544182,15115.0,棉花,农产品,CZCE,CF0
2021-01-15,15010.0,15110.0,14925.0,14975.0,290225,535808,15015.0,棉花,农产品,CZCE,CF0
2021-01-18,15010.0,15260.0,14955.0,15210.0,284418,532152,15100.0,棉花,农产品,CZCE,CF0
2021-01-19,15200.0,15365.0,15185.0,15250.0,315670,527333,15265.0,棉花,农产品,CZCE,CF0
2021-01-20,15290.0,15330.0,15060.0,15090.0,315672,514786,15185.0,棉花,农产品,CZCE,CF0
2021-01-21,15090.0,15300.0,15060.0,15270.0,250749,518266,15195.0,棉花,农产品,CZCE,CF0
2021-01-22,15335.0,15395.0,15075.0,15205.0,407654,515560,15260.0,棉花,农产品,CZCE,CF0
2021-01-25,15110.0,15175.0,14985.0,15130.0,306776,516273,15100.0,棉花,农产品,CZCE,CF0
2021-01-26,15180.0,15185.0,14820.0,14855.0,349803,511901,14990.0,棉花,农产品,CZCE,CF0
2021-01-27,14920.0,15125.0,14860.0,15105.0,260142,496833,15010.0,棉花,农产品,CZCE,CF0
2021-01-28,15060.0,15070.0,14810.0,14855.0,272683,497380,14910.0,棉花,农产品,CZCE,CF0
2021-01-29,14860.0,14990.0,14735.0,14785.0,303391,496569,14850.0,棉花,农产品,CZCE,CF0
2021-02-01,14850.0,15100.0,14820.0,15070.0,251299,481686,14965.0,棉花,农产品,CZCE,CF0
2021-02-02,15060.0,15110.0,14915.0,14925.0,194043,472929,15010.0,棉花,农产品,CZCE,CF0
2021-02-03,14935.0,14970.0,14850.0,14880.0,163889,476065,14905.0,棉花,农产品,CZCE,CF0
2021-02-04,14915.0,15430.0,14870.0,15310.0,352157,492676,15135.0,棉花,农产品,CZCE,CF0
2021-02-05,15275.0,15595.0,15245.0,15595.0,423605,519305,15490.0,棉花,农产品,CZCE,CF0
2021-02-08,15590.0,15650.0,15330.0,15575.0,355852,524844,15520.0,棉花,农产品,CZCE,CF0
2021-02-09,15585.0,15685.0,15510.0,15605.0,234047,528612,15605.0,棉花,农产品,CZCE,CF0
2021-02-10,15650.0,15780.0,15515.0,15715.0,273177,524061,15685.0,棉花,农产品,CZCE,CF0
2021-02-18,15940.0,16115.0,15910.0,16005.0,252641,558360,16005.0,棉花,农产品,CZCE,CF0
2021-02-19,16040.0,16195.0,15880.0,16095.0,310272,575351,16060.0,棉花,农产品,CZCE,CF0
2021-02-22,16100.0,16500.0,16020.0,16300.0,433405,627627,16300.0,棉花,农产品,CZCE,CF0
2021-02-23,16325.0,16635.0,16220.0,16355.0,421994,630144,16405.0,棉花,农产品,CZCE,CF0
2021-02-24,16310.0,16400.0,16205.0,16285.0,287016,617647,16300.0,棉花,农产品,CZCE,CF0
2021-02-25,16350.0,17080.0,16320.0,16745.0,672463,639038,16685.0,棉花,农产品,CZCE,CF0
2021-02-26,16575.0,16855.0,16000.0,16240.0,579106,600728,16410.0,棉花,农产品,CZCE,CF0
2021-03-01,16155.0,16715.0,16040.0,16685.0,549569,614256,16395.0,棉花,农产品,CZCE,CF0
2021-03-02,16750.0,16850.0,16260.0,16430.0,550203,612323,16540.0,棉花,农产品,CZCE,CF0
2021-03-03,16520.0,16580.0,16240.0,16385.0,332894,607653,16435.0,棉花,农产品,CZCE,CF0
2021-03-04,16380.0,16410.0,16020.0,16080.0,410742,575108,16190.0,棉花,农产品,CZCE,CF0
2021-03-05,16110.0,16200.0,15800.0,15990.0,450813,547578,15980.0,棉花,农产品,CZCE,CF0
2021-03-08,15970.0,16270.0,15860.0,16075.0,448187,545269,16090.0,棉花,农产品,CZCE,CF0
2021-03-09,16065.0,16080.0,15800.0,15815.0,344389,541695,15955.0,棉花,农产品,CZCE,CF0
2021-03-10,15840.0,15885.0,15330.0,15550.0,589248,494202,15585.0,棉花,农产品,CZCE,CF0
2021-03-11,15525.0,15830.0,15450.0,15790.0,341862,495924,15600.0,棉花,农产品,CZCE,CF0
2021-03-12,15790.0,16015.0,15755.0,15870.0,319753,491571,15900.0,棉花,农产品,CZCE,CF0
2021-03-15,15800.0,15875.0,15655.0,15695.0,275311,486674,15760.0,棉花,农产品,CZCE,CF0
2021-03-16,15655.0,15720.0,15515.0,15515.0,241835,482625,15590.0,棉花,农产品,CZCE,CF0
2021-03-17,15550.0,15760.0,15530.0,15725.0,235302,482751,15665.0,棉花,农产品,CZCE,CF0
2021-03-18,15660.0,15835.0,15560.0,15650.0,237005,478838,15680.0,棉花,农产品,CZCE,CF0
2021-03-19,15615.0,15675.0,15205.0,15260.0,389432,472210,15435.0,棉花,农产品,CZCE,CF0
2021-03-22,15255.0,15395.0,15200.0,15315.0,203205,464963,15300.0,棉花,农产品,CZCE,CF0
2021-03-23,15330.0,15390.0,15175.0,15315.0,216730,456239,15290.0,棉花,农产品,CZCE,CF0
2021-03-24,15260.0,15260.0,14835.0,14920.0,355292,441421,15055.0,棉花,农产品,CZCE,CF0
2021-03-25,14955.0,15045.0,14665.0,14890.0,403870,423977,14890.0,棉花,农产品,CZCE,CF0
2021-03-26,14755.0,14810.0,14285.0,14620.0,746443,412674,14535.0,棉花,农产品,CZCE,CF0
2021-03-29,14760.0,14980.0,14675.0,14735.0,446398,409023,14810.0,棉花,农产品,CZCE,CF0
2021-03-30,14780.0,14950.0,14740.0,14870.0,290677,394496,14845.0,棉花,农产品,CZCE,CF0
2021-03-31,14910.0,14935.0,14665.0,14715.0,257231,383431,14800.0,棉花,农产品,CZCE,CF0
2021-04-01,14710.0,14865.0,14520.0,14765.0,332242,366447,14705.0,棉花,农产品,CZCE,CF0
2021-04-02,14765.0,14900.0,14555.0,14875.0,311288,348461,14760.0,棉花,农产品,CZCE,CF0
2021-04-06,14795.0,15080.0,14730.0,15075.0,280544,323335,14930.0,棉花,农产品,CZCE,CF0
2021-04-07,15075.0,15160.0,14905.0,14985.0,238708,287530,15045.0,棉花,农产品,CZCE,CF0
2021-04-08,14995.0,14995.0,14830.0,14880.0,203610,259407,14920.0,棉花,农产品,CZCE,CF0
2021-04-09,14900.0,15080.0,14800.0,15005.0,220460,237540,14940.0,棉花,农产品,CZCE,CF0
2021-04-12,15245.0,15285.0,14845.0,15110.0,380756,428672,15090.0,棉花,农产品,CZCE,CF0
2021-04-13,15095.0,15120.0,14860.0,14860.0,307195,444830,14960.0,棉花,农产品,CZCE,CF0
2021-04-14,14900.0,15070.0,14875.0,15030.0,307188,450448,14960.0,棉花,农产品,CZCE,CF0
2021-04-15,15065.0,15295.0,15045.0,15285.0,307792,453198,15200.0,棉花,农产品,CZCE,CF0
2021-04-16,15245.0,15485.0,15235.0,15435.0,329804,469228,15360.0,棉花,农产品,CZCE,CF0
2021-04-19,15395.0,15420.0,15245.0,15375.0,285294,474126,15355.0,棉花,农产品,CZCE,CF0
2021-04-20,15480.0,15510.0,15295.0,15465.0,300808,497347,15415.0,棉花,农产品,CZCE,CF0
2021-04-21,15430.0,15470.0,15250.0,15395.0,285206,490800,15370.0,棉花,农产品,CZCE,CF0
2021-04-22,15360.0,15620.0,15320.0,15585.0,376207,515645,15485.0,棉花,农产品,CZCE,CF0
2021-04-23,15550.0,15975.0,15510.0,15865.0,506091,557289,15745.0,棉花,农产品,CZCE,CF0
2021-04-26,15865.0,15990.0,15655.0,15665.0,457472,549146,15830.0,棉花,农产品,CZCE,CF0
2021-04-27,15710.0,15895.0,15670.0,15885.0,339218,557525,15775.0,棉花,农产品,CZCE,CF0
2021-04-28,15855.0,16050.0,15785.0,15915.0,532591,578129,15900.0,棉花,农产品,CZCE,CF0
2021-04-29,15805.0,15955.0,15785.0,15850.0,322594,572600,15875.0,棉花,农产品,CZCE,CF0
2021-04-30,15815.0,15845.0,15530.0,15600.0,428969,536178,15660.0,棉花,农产品,CZCE,CF0
2021-05-06,15700.0,15930.0,15670.0,15855.0,234397,541480,15800.0,棉花,农产品,CZCE,CF0
2021-05-07,15855.0,16170.0,15840.0,16020.0,503464,563328,16035.0,棉花,农产品,CZCE,CF0
2021-05-10,15980.0,16115.0,15905.0,16100.0,405661,564864,16025.0,棉花,农产品,CZCE,CF0
2021-05-11,16085.0,16090.0,15800.0,15895.0,414117,547579,15900.0,棉花,农产品,CZCE,CF0
2021-05-12,15945.0,16355.0,15905.0,16310.0,523593,575281,16135.0,棉花,农产品,CZCE,CF0
2021-05-13,16190.0,16230.0,15760.0,15840.0,580670,551016,16020.0,棉花,农产品,CZCE,CF0
2021-05-14,15820.0,15895.0,15510.0,15610.0,506786,532764,15675.0,棉花,农产品,CZCE,CF0
2021-05-17,15650.0,15820.0,15560.0,15670.0,361601,539595,15705.0,棉花,农产品,CZCE,CF0
2021-05-18,15670.0,15815.0,15600.0,15800.0,270762,536042,15715.0,棉花,农产品,CZCE,CF0
2021-05-19,15780.0,15840.0,15630.0,15640.0,308910,541874,15720.0,棉花,农产品,CZCE,CF0
2021-05-20,15560.0,15810.0,15410.0,15805.0,502539,521208,15590.0,棉花,农产品,CZCE,CF0
2021-05-21,15745.0,16120.0,15620.0,16065.0,624770,524353,15875.0,棉花,农产品,CZCE,CF0
2021-05-24,16060.0,16115.0,15685.0,15705.0,552694,516564,15875.0,棉花,农产品,CZCE,CF0
2021-05-25,15700.0,15785.0,15645.0,15740.0,315518,520840,15710.0,棉花,农产品,CZCE,CF0
2021-05-26,15700.0,15735.0,15450.0,15545.0,400786,523961,15605.0,棉花,农产品,CZCE,CF0
2021-05-27,15590.0,15590.0,15300.0,15310.0,397485,519415,15455.0,棉花,农产品,CZCE,CF0
2021-05-28,15365.0,15515.0,15340.0,15420.0,306022,512290,15415.0,棉花,农产品,CZCE,CF0
2021-05-31,15420.0,15500.0,15325.0,15475.0,281976,500203,15430.0,棉花,农产品,CZCE,CF0
2021-06-01,15475.0,15575.0,15380.0,15570.0,233875,493251,15470.0,棉花,农产品,CZCE,CF0
2021-06-02,15685.0,15750.0,15580.0,15650.0,323461,467709,15665.0,棉花,农产品,CZCE,CF0
2021-06-03,15650.0,15930.0,15595.0,15885.0,363631,467965,15780.0,棉花,农产品,CZCE,CF0
2021-06-04,15840.0,15900.0,15705.0,15875.0,331926,465862,15810.0,棉花,农产品,CZCE,CF0
2021-06-07,15945.0,15965.0,15770.0,15820.0,291803,453648,15865.0,棉花,农产品,CZCE,CF0
2021-06-08,15840.0,15895.0,15725.0,15890.0,282125,452888,15815.0,棉花,农产品,CZCE,CF0
2021-06-09,15890.0,16115.0,15865.0,16025.0,362980,465579,16005.0,棉花,农产品,CZCE,CF0
2021-06-10,16030.0,16065.0,15865.0,15980.0,219657,454394,15965.0,棉花,农产品,CZCE,CF0
2021-06-11,15990.0,16160.0,15935.0,16035.0,350182,460098,16045.0,棉花,农产品,CZCE,CF0
2021-06-15,15885.0,15900.0,15600.0,15730.0,324875,436496,15725.0,棉花,农产品,CZCE,CF0
2021-06-16,15750.0,15800.0,15650.0,15660.0,194600,428904,15725.0,棉花,农产品,CZCE,CF0
2021-06-17,15675.0,15755.0,15585.0,15640.0,239458,422363,15665.0,棉花,农产品,CZCE,CF0
2021-06-18,15590.0,15610.0,15455.0,15485.0,281482,425181,15530.0,棉花,农产品,CZCE,CF0
2021-06-21,15500.0,15595.0,15430.0,15430.0,234418,433453,15510.0,棉花,农产品,CZCE,CF0
2021-06-22,15430.0,15595.0,15400.0,15570.0,208982,430322,15500.0,棉花,农产品,CZCE,CF0
2021-06-23,15580.0,15840.0,15550.0,15835.0,273878,412444,15700.0,棉花,农产品,CZCE,CF0
2021-06-24,15845.0,15930.0,15815.0,15920.0,213379,404365,15875.0,棉花,农产品,CZCE,CF0
2021-06-25,15900.0,16055.0,15860.0,16015.0,217571,410313,15950.0,棉花,农产品,CZCE,CF0
2021-06-28,16015.0,16065.0,15890.0,16025.0,222868,413908,15990.0,棉花,农产品,CZCE,CF0
2021-06-29,16050.0,16100.0,15900.0,16030.0,292093,414847,16025.0,棉花,农产品,CZCE,CF0
2021-06-30,16030.0,16090.0,15935.0,16060.0,208417,422069,16020.0,棉花,农产品,CZCE,CF0
2021-07-01,16010.0,16025.0,15785.0,15885.0,289761,403884,15890.0,棉花,农产品,CZCE,CF0
2021-07-02,15980.0,16290.0,15975.0,16285.0,436450,447759,16180.0,棉花,农产品,CZCE,CF0
2021-07-05,16260.0,16495.0,16175.0,16400.0,352659,467788,16330.0,棉花,农产品,CZCE,CF0
2021-07-06,16475.0,16655.0,16425.0,16610.0,295104,476677,16560.0,棉花,农产品,CZCE,CF0
2021-07-07,16650.0,16670.0,16180.0,16475.0,538523,442905,16375.0,棉花,农产品,CZCE,CF0
2021-07-08,16455.0,16505.0,16265.0,16395.0,289099,435645,16385.0,棉花,农产品,CZCE,CF0
2021-07-09,16310.0,16380.0,16220.0,16355.0,250979,431874,16305.0,棉花,农产品,CZCE,CF0
2021-07-12,16420.0,16575.0,16370.0,16410.0,279678,428534,16465.0,棉花,农产品,CZCE,CF0
2021-07-13,16395.0,16640.0,16370.0,16625.0,244050,448224,16520.0,棉花,农产品,CZCE,CF0
2021-07-14,16560.0,16860.0,16525.0,16745.0,386776,471481,16700.0,棉花,农产品,CZCE,CF0
2021-07-15,16810.0,16975.0,16750.0,16835.0,338903,467610,16870.0,棉花,农产品,CZCE,CF0
2021-07-16,16835.0,16910.0,16625.0,16840.0,324995,456067,16815.0,棉花,农产品,CZCE,CF0
2021-07-19,16880.0,16940.0,16650.0,16705.0,362304,438667,16780.0,棉花,农产品,CZCE,CF0
2021-07-20,16560.0,16720.0,16380.0,16685.0,389926,402612,16525.0,棉花,农产品,CZCE,CF0
2021-07-21,16695.0,16815.0,16625.0,16680.0,227849,399535,16725.0,棉花,农产品,CZCE,CF0
2021-07-22,16685.0,17175.0,16665.0,17025.0,354425,420497,16895.0,棉花,农产品,CZCE,CF0
2021-07-23,17075.0,17270.0,16980.0,17180.0,364353,421735,17135.0,棉花,农产品,CZCE,CF0
2021-07-26,17160.0,17215.0,16915.0,17005.0,318310,406652,17090.0,棉花,农产品,CZCE,CF0
2021-07-27,17000.0,17835.0,16980.0,17475.0,664147,410446,17480.0,棉花,农产品,CZCE,CF0
2021-07-28,17475.0,17625.0,17475.0,17590.0,360701,409118,17555.0,棉花,农产品,CZCE,CF0
2021-07-29,17590.0,17665.0,17365.0,17600.0,325835,405507,17555.0,棉花,农产品,CZCE,CF0
2021-07-30,17605.0,17615.0,17215.0,17335.0,394489,365142,17415.0,棉花,农产品,CZCE,CF0
2021-08-02,17320.0,17395.0,17030.0,17305.0,334932,349366,17255.0,棉花,农产品,CZCE,CF0
2021-08-03,17320.0,17360.0,17050.0,17055.0,286522,323706,17170.0,棉花,农产品,CZCE,CF0
2021-08-04,17040.0,17310.0,17010.0,17245.0,244842,306538,17180.0,棉花,农产品,CZCE,CF0
2021-08-05,17220.0,17270.0,17100.0,17115.0,246329,271603,17185.0,棉花,农产品,CZCE,CF0
2021-08-06,17130.0,17460.0,17065.0,17410.0,240889,247030,17255.0,棉花,农产品,CZCE,CF0
2021-08-09,17720.0,17855.0,17655.0,17725.0,321885,400433,17745.0,棉花,农产品,CZCE,CF0
2021-08-10,17680.0,17940.0,17620.0,17870.0,335941,422172,17770.0,棉花,农产品,CZCE,CF0
2021-08-11,17970.0,17975.0,17730.0,17840.0,313117,422619,17850.0,棉花,农产品,CZCE,CF0
2021-08-12,17860.0,17905.0,17690.0,17730.0,276307,431201,17800.0,棉花,农产品,CZCE,CF0
2021-08-13,17760.0,17990.0,17675.0,17875.0,308775,443547,17845.0,棉花,农产品,CZCE,CF0
2021-08-16,17895.0,18185.0,17870.0,18145.0,382462,472014,18070.0,棉花,农产品,CZCE,CF0
2021-08-17,18095.0,18445.0,18045.0,18300.0,391671,485705,18275.0,棉花,农产品,CZCE,CF0
2021-08-18,18345.0,18505.0,18230.0,18290.0,371047,486216,18350.0,棉花,农产品,CZCE,CF0
2021-08-19,18345.0,18420.0,18015.0,18265.0,574214,472928,18185.0,棉花,农产品,CZCE,CF0
2021-08-20,18050.0,18100.0,17530.0,17595.0,672852,446170,17805.0,棉花,农产品,CZCE,CF0
2021-08-23,17600.0,17950.0,17590.0,17860.0,387099,431549,17775.0,棉花,农产品,CZCE,CF0
2021-08-24,17900.0,17905.0,17365.0,17385.0,487443,420980,17585.0,棉花,农产品,CZCE,CF0
2021-08-25,17405.0,17645.0,17405.0,17555.0,307313,416460,17540.0,棉花,农产品,CZCE,CF0
2021-08-26,17600.0,17750.0,17425.0,17565.0,398940,406196,17590.0,棉花,农产品,CZCE,CF0
2021-08-27,17560.0,17690.0,17430.0,17570.0,330033,401571,17555.0,棉花,农产品,CZCE,CF0
2021-08-30,17610.0,17735.0,17400.0,17440.0,412344,399677,17560.0,棉花,农产品,CZCE,CF0
2021-08-31,17495.0,17595.0,17200.0,17270.0,399913,400578,17440.0,棉花,农产品,CZCE,CF0
2021-09-01,17285.0,17350.0,17105.0,17270.0,355228,389417,17245.0,棉花,农产品,CZCE,CF0
2021-09-02,17300.0,17515.0,17155.0,17455.0,376537,386337,17300.0,棉花,农产品,CZCE,CF0
2021-09-03,17480.0,17930.0,17460.0,17920.0,429366,375661,17710.0,棉花,农产品,CZCE,CF0
2021-09-06,17875.0,17945.0,17740.0,17810.0,283255,376467,17840.0,棉花,农产品,CZCE,CF0
2021-09-07,17845.0,17915.0,17665.0,17910.0,278263,387758,17760.0,棉花,农产品,CZCE,CF0
2021-09-08,17875.0,18115.0,17785.0,18085.0,460790,399975,17965.0,棉花,农产品,CZCE,CF0
2021-09-09,18100.0,18185.0,17965.0,17975.0,378086,405570,18080.0,棉花,农产品,CZCE,CF0
2021-09-10,17950.0,18015.0,17465.0,17540.0,628673,403678,17745.0,棉花,农产品,CZCE,CF0
2021-09-13,17640.0,17690.0,17375.0,17420.0,407704,403457,17530.0,棉花,农产品,CZCE,CF0
2021-09-14,17460.0,17480.0,17320.0,17405.0,289992,397320,17410.0,棉花,农产品,CZCE,CF0
2021-09-15,17405.0,17535.0,17255.0,17465.0,296729,393503,17425.0,棉花,农产品,CZCE,CF0
2021-09-16,17460.0,17675.0,17375.0,17620.0,328100,383882,17545.0,棉花,农产品,CZCE,CF0
2021-09-17,17560.0,17625.0,17270.0,17360.0,325006,383806,17440.0,棉花,农产品,CZCE,CF0
2021-09-22,17150.0,17335.0,17030.0,17155.0,288581,382946,17180.0,棉花,农产品,CZCE,CF0
2021-09-23,17230.0,17285.0,17060.0,17125.0,267004,383788,17160.0,棉花,农产品,CZCE,CF0
2021-09-24,17200.0,17530.0,17185.0,17515.0,337995,375515,17335.0,棉花,农产品,CZCE,CF0
2021-09-27,17525.0,18675.0,17515.0,18510.0,719741,392216,18225.0,棉花,农产品,CZCE,CF0
2021-09-28,18480.0,18850.0,18325.0,18745.0,490925,387927,18555.0,棉花,农产品,CZCE,CF0
2021-09-29,18815.0,19500.0,18695.0,19230.0,666052,403351,19050.0,棉花,农产品,CZCE,CF0
2021-09-30,19460.0,20035.0,19200.0,20005.0,950681,422504,19680.0,棉花,农产品,CZCE,CF0
2021-10-08,21255.0,21255.0,21255.0,21255.0,34105,398108,21255.0,棉花,农产品,CZCE,CF0
2021-10-11,22200.0,22200.0,21015.0,21545.0,1133575,422841,21605.0,棉花,农产品,CZCE,CF0
2021-10-12,21210.0,21820.0,20740.0,21735.0,796713,459300,21260.0,棉花,农产品,CZCE,CF0
2021-10-13,21650.0,21775.0,20325.0,20945.0,946350,430295,21105.0,棉花,农产品,CZCE,CF0
2021-10-14,21000.0,21500.0,20835.0,21285.0,662241,446969,21160.0,棉花,农产品,CZCE,CF0
2021-10-15,21270.0,22855.0,21260.0,22855.0,789358,486342,21910.0,棉花,农产品,CZCE,CF0
2021-10-18,22810.0,22960.0,21130.0,21905.0,1284319,476089,21910.0,棉花,农产品,CZCE,CF0
2021-10-19,21820.0,21880.0,21465.0,21700.0,381422,490174,21705.0,棉花,农产品,CZCE,CF0
2021-10-20,21540.0,21635.0,21110.0,21440.0,463977,475482,21375.0,棉花,农产品,CZCE,CF0
2021-10-21,21500.0,21880.0,21055.0,21115.0,461640,481577,21450.0,棉花,农产品,CZCE,CF0
2021-10-22,21200.0,21390.0,20755.0,21210.0,570500,474421,21060.0,棉花,农产品,CZCE,CF0
2021-10-25,21200.0,21540.0,20915.0,21495.0,437342,473873,21275.0,棉花,农产品,CZCE,CF0
2021-10-26,21440.0,21440.0,21005.0,21190.0,321493,468338,21160.0,棉花,农产品,CZCE,CF0
2021-10-27,21230.0,21455.0,20965.0,21125.0,412230,467014,21200.0,棉花,农产品,CZCE,CF0
2021-10-28,21125.0,21680.0,20835.0,21435.0,602982,452542,21305.0,棉花,农产品,CZCE,CF0
2021-10-29,21670.0,21890.0,21310.0,21345.0,457419,448614,21635.0,棉花,农产品,CZCE,CF0
2021-11-01,21525.0,21770.0,21395.0,21620.0,280638,450120,21570.0,棉花,农产品,CZCE,CF0
2021-11-02,21730.0,21990.0,21470.0,21640.0,424930,450462,21745.0,棉花,农产品,CZCE,CF0
2021-11-03,21670.0,21740.0,21230.0,21565.0,328808,446350,21460.0,棉花,农产品,CZCE,CF0
2021-11-04,21580.0,21620.0,21325.0,21355.0,230157,449914,21440.0,棉花,农产品,CZCE,CF0
2021-11-05,21435.0,21580.0,21250.0,21445.0,300933,446568,21430.0,棉花,农产品,CZCE,CF0
2021-11-08,21400.0,21720.0,20965.0,21680.0,474413,445874,21400.0,棉花,农产品,CZCE,CF0
2021-11-09,21710.0,21710.0,21380.0,21480.0,209155,436176,21480.0,棉花,农产品,CZCE,CF0
2021-11-10,21515.0,21685.0,21390.0,21600.0,251405,432535,21530.0,棉花,农产品,CZCE,CF0
2021-11-11,21615.0,21830.0,21460.0,21510.0,283449,427983,21640.0,棉花,农产品,CZCE,CF0
2021-11-12,21500.0,21535.0,21270.0,21370.0,202148,431149,21410.0,棉花,农产品,CZCE,CF0
2021-11-15,21320.0,21660.0,21290.0,21615.0,201658,421728,21505.0,棉花,农产品,CZCE,CF0
2021-11-16,21580.0,21850.0,21540.0,21780.0,236437,425528,21675.0,棉花,农产品,CZCE,CF0
2021-11-17,21780.0,21945.0,21715.0,21830.0,219548,439750,21820.0,棉花,农产品,CZCE,CF0
2021-11-18,21850.0,21980.0,21800.0,21840.0,153230,434173,21895.0,棉花,农产品,CZCE,CF0
2021-11-19,21800.0,21800.0,21580.0,21745.0,211168,423784,21690.0,棉花,农产品,CZCE,CF0
2021-11-22,21645.0,21845.0,21620.0,21685.0,159048,420701,21720.0,棉花,农产品,CZCE,CF0
2021-11-23,21670.0,21730.0,21435.0,21485.0,234490,426506,21585.0,棉花,农产品,CZCE,CF0
2021-11-24,21485.0,21780.0,21455.0,21770.0,182601,425946,21625.0,棉花,农产品,CZCE,CF0
2021-11-25,21770.0,21770.0,21450.0,21530.0,196314,418909,21565.0,棉花,农产品,CZCE,CF0
2021-11-26,21505.0,21565.0,21400.0,21400.0,168339,421486,21475.0,棉花,农产品,CZCE,CF0
2021-11-29,21300.0,21380.0,20920.0,21110.0,341213,403654,21180.0,棉花,农产品,CZCE,CF0
2021-11-30,21210.0,21220.0,20035.0,20055.0,450841,383957,20565.0,棉花,农产品,CZCE,CF0
2021-12-01,20060.0,20870.0,19685.0,20695.0,456305,342952,20225.0,棉花,农产品,CZCE,CF0
2021-12-02,20610.0,20745.0,20300.0,20705.0,241686,325244,20535.0,棉花,农产品,CZCE,CF0
2021-12-03,19235.0,19540.0,18935.0,19425.0,295664,304734,19250.0,棉花,农产品,CZCE,CF0
2021-12-06,19475.0,19680.0,19410.0,19615.0,248980,334951,19535.0,棉花,农产品,CZCE,CF0
2021-12-07,19625.0,19930.0,19560.0,19760.0,238253,349847,19770.0,棉花,农产品,CZCE,CF0
2021-12-08,19760.0,19785.0,19415.0,19635.0,271812,377869,19635.0,棉花,农产品,CZCE,CF0
2021-12-09,19565.0,19685.0,19440.0,19485.0,243947,393038,19560.0,棉花,农产品,CZCE,CF0
2021-12-10,19360.0,19630.0,19215.0,19540.0,267000,400256,19455.0,棉花,农产品,CZCE,CF0
2021-12-13,19570.0,19775.0,19375.0,19615.0,266413,400272,19555.0,棉花,农产品,CZCE,CF0
2021-12-14,19585.0,19620.0,19325.0,19485.0,254909,408844,19495.0,棉花,农产品,CZCE,CF0
2021-12-15,19520.0,19675.0,19350.0,19545.0,284008,414678,19510.0,棉花,农产品,CZCE,CF0
2021-12-16,19560.0,19760.0,19360.0,19690.0,324265,402431,19555.0,棉花,农产品,CZCE,CF0
2021-12-17,19690.0,20250.0,19650.0,19880.0,344992,400701,19880.0,棉花,农产品,CZCE,CF0
2021-12-20,19855.0,19925.0,19715.0,19725.0,217154,403951,19815.0,棉花,农产品,CZCE,CF0
2021-12-21,19720.0,19870.0,19580.0,19765.0,225270,404680,19720.0,棉花,农产品,CZCE,CF0
2021-12-22,19795.0,19925.0,19720.0,19870.0,181605,406860,19805.0,棉花,农产品,CZCE,CF0
2021-12-23,19855.0,20075.0,19845.0,20045.0,219499,412852,19940.0,棉花,农产品,CZCE,CF0
2021-12-24,20100.0,20100.0,19955.0,19985.0,176043,412651,20020.0,棉花,农产品,CZCE,CF0
2021-12-27,19995.0,20070.0,19935.0,19990.0,189647,416584,20000.0,棉花,农产品,CZCE,CF0
2021-12-28,19990.0,20405.0,19905.0,20250.0,301842,421795,20185.0,棉花,农产品,CZCE,CF0
2021-12-29,20270.0,20295.0,20100.0,20215.0,179191,422677,20195.0,棉花,农产品,CZCE,CF0
2021-12-30,20180.0,20465.0,20170.0,20450.0,187274,431013,20245.0,棉花,农产品,CZCE,CF0
2021-12-31,20455.0,20735.0,20390.0,20715.0,255943,436215,20570.0,棉花,农产品,CZCE,CF0
2022-01-04,20690.0,20780.0,20590.0,20670.0,144246,435906,20675.0,棉花,农产品,CZCE,CF0
2022-01-05,20740.0,21145.0,20700.0,21065.0,350603,439247,20935.0,棉花,农产品,CZCE,CF0
2022-01-06,21060.0,21105.0,20855.0,20900.0,213365,437177,20960.0,棉花,农产品,CZCE,CF0
2022-01-07,20950.0,21135.0,20905.0,21010.0,197751,442532,21000.0,棉花,农产品,CZCE,CF0
2022-01-10,21000.0,21195.0,20965.0,21165.0,210885,445534,21060.0,棉花,农产品,CZCE,CF0
2022-01-11,21165.0,21195.0,20925.0,21115.0,207834,446125,21085.0,棉花,农产品,CZCE,CF0
2022-01-12,21180.0,21295.0,21090.0,21120.0,198717,449592,21175.0,棉花,农产品,CZCE,CF0
2022-01-13,21140.0,21380.0,21130.0,21355.0,238725,450278,21300.0,棉花,农产品,CZCE,CF0
2022-01-14,21375.0,21400.0,21115.0,21335.0,191212,448926,21270.0,棉花,农产品,CZCE,CF0
2022-01-17,21380.0,21615.0,21330.0,21570.0,231857,460468,21485.0,棉花,农产品,CZCE,CF0
2022-01-18,21550.0,21550.0,21240.0,21475.0,238344,440182,21360.0,棉花,农产品,CZCE,CF0
2022-01-19,21490.0,21770.0,21475.0,21760.0,230438,444893,21645.0,棉花,农产品,CZCE,CF0
2022-01-20,21800.0,21840.0,21715.0,21785.0,171184,440088,21785.0,棉花,农产品,CZCE,CF0
2022-01-21,21735.0,21810.0,21570.0,21660.0,240754,430491,21670.0,棉花,农产品,CZCE,CF0
2022-01-24,21700.0,21730.0,21515.0,21610.0,198957,422565,21620.0,棉花,农产品,CZCE,CF0
2022-01-25,21620.0,21800.0,21560.0,21670.0,196986,428830,21675.0,棉花,农产品,CZCE,CF0
2022-01-26,21680.0,21795.0,21580.0,21680.0,196982,425029,21700.0,棉花,农产品,CZCE,CF0
2022-01-27,21720.0,21875.0,21605.0,21760.0,229427,424409,21735.0,棉花,农产品,CZCE,CF0
2022-01-28,21760.0,21790.0,21460.0,21495.0,214767,395637,21600.0,棉花,农产品,CZCE,CF0
2022-02-07,21830.0,22210.0,21820.0,22005.0,210794,405814,22080.0,棉花,农产品,CZCE,CF0
2022-02-08,22005.0,22060.0,21780.0,21795.0,162429,401776,21885.0,棉花,农产品,CZCE,CF0
2022-02-09,21795.0,21855.0,21700.0,21735.0,166069,394511,21780.0,棉花,农产品,CZCE,CF0
2022-02-10,21800.0,21830.0,21620.0,21685.0,150168,392085,21710.0,棉花,农产品,CZCE,CF0
2022-02-11,21715.0,21835.0,21655.0,21755.0,170791,388961,21755.0,棉花,农产品,CZCE,CF0
2022-02-14,21820.0,21890.0,21725.0,21760.0,173618,382557,21800.0,棉花,农产品,CZCE,CF0
2022-02-15,21760.0,21780.0,21280.0,21415.0,338249,385308,21470.0,棉花,农产品,CZCE,CF0
2022-02-16,21415.0,21465.0,21175.0,21190.0,205220,390713,21320.0,棉花,农产品,CZCE,CF0
2022-02-17,21205.0,21380.0,21025.0,21320.0,252287,384889,21215.0,棉花,农产品,CZCE,CF0
2022-02-18,21305.0,21360.0,21125.0,21285.0,176655,382552,21220.0,棉花,农产品,CZCE,CF0
2022-02-21,21285.0,21440.0,21245.0,21270.0,133413,381781,21325.0,棉花,农产品,CZCE,CF0
2022-02-22,21330.0,21365.0,21200.0,21300.0,182118,376519,21270.0,棉花,农产品,CZCE,CF0
2022-02-23,21250.0,21385.0,21220.0,21315.0,140825,378923,21305.0,棉花,农产品,CZCE,CF0
2022-02-24,21320.0,21460.0,21110.0,21450.0,262468,373761,21290.0,棉花,农产品,CZCE,CF0
2022-02-25,21465.0,21555.0,20840.0,20890.0,354369,392226,21165.0,棉花,农产品,CZCE,CF0
2022-02-28,20800.0,21115.0,20640.0,20720.0,291382,387561,20835.0,棉花,农产品,CZCE,CF0
2022-03-01,20705.0,20965.0,20670.0,20905.0,175892,380669,20830.0,棉花,农产品,CZCE,CF0
2022-03-02,20915.0,21430.0,20915.0,21340.0,298135,363273,21230.0,棉花,农产品,CZCE,CF0
2022-03-03,21345.0,21375.0,20935.0,21200.0,198717,358577,21210.0,棉花,农产品,CZCE,CF0
2022-03-04,21340.0,21340.0,21035.0,21080.0,179233,356431,21145.0,棉花,农产品,CZCE,CF0
2022-03-07,21095.0,21295.0,20985.0,21225.0,270366,345795,21160.0,棉花,农产品,CZCE,CF0
2022-03-08,21100.0,21445.0,20950.0,21440.0,321495,342282,21215.0,棉花,农产品,CZCE,CF0
2022-03-09,21300.0,21665.0,21125.0,21595.0,299910,338634,21440.0,棉花,农产品,CZCE,CF0
2022-03-10,21435.0,21605.0,21175.0,21370.0,268854,315933,21345.0,棉花,农产品,CZCE,CF0
2022-03-11,21400.0,21505.0,21285.0,21470.0,194367,310335,21385.0,棉花,农产品,CZCE,CF0
2022-03-14,21420.0,21550.0,21205.0,21245.0,207213,309781,21350.0,棉花,农产品,CZCE,CF0
2022-03-15,21200.0,21300.0,21020.0,21060.0,248263,311064,21120.0,棉花,农产品,CZCE,CF0
2022-03-16,21015.0,21360.0,20970.0,21345.0,206498,312770,21185.0,棉花,农产品,CZCE,CF0
2022-03-17,21415.0,21455.0,21235.0,21315.0,142226,309449,21320.0,棉花,农产品,CZCE,CF0
2022-03-18,21400.0,21540.0,21350.0,21490.0,155670,316110,21460.0,棉花,农产品,CZCE,CF0
2022-03-21,21610.0,21700.0,21420.0,21550.0,219438,315139,21595.0,棉花,农产品,CZCE,CF0
2022-03-22,21695.0,21695.0,21575.0,21610.0,126174,316327,21640.0,棉花,农产品,CZCE,CF0
2022-03-23,21600.0,21600.0,21315.0,21560.0,188079,301588,21440.0,棉花,农产品,CZCE,CF0
2022-03-24,21605.0,21640.0,21525.0,21600.0,119576,302848,21590.0,棉花,农产品,CZCE,CF0
2022-03-25,21635.0,21795.0,21560.0,21790.0,202988,303841,21680.0,棉花,农产品,CZCE,CF0
2022-03-28,21790.0,22000.0,21700.0,21875.0,281055,298392,21870.0,棉花,农产品,CZCE,CF0
2022-03-29,21845.0,21900.0,21665.0,21740.0,158253,282369,21755.0,棉花,农产品,CZCE,CF0
2022-03-30,21650.0,21830.0,21620.0,21745.0,146374,274941,21750.0,棉花,农产品,CZCE,CF0
2022-03-31,21760.0,21810.0,21680.0,21755.0,109496,271854,21755.0,棉花,农产品,CZCE,CF0
2022-04-01,21755.0,21870.0,21595.0,21740.0,145560,264373,21725.0,棉花,农产品,CZCE,CF0
2022-04-06,21765.0,21935.0,21630.0,21675.0,130212,264850,21780.0,棉花,农产品,CZCE,CF0
2022-04-07,21655.0,21670.0,21495.0,21575.0,160375,246036,21585.0,棉花,农产品,CZCE,CF0
2022-04-08,21565.0,21640.0,21470.0,21605.0,117988,237223,21570.0,棉花,农产品,CZCE,CF0
2022-04-11,21630.0,21650.0,21530.0,21555.0,115071,223870,21585.0,棉花,农产品,CZCE,CF0
2022-04-12,21530.0,21685.0,21500.0,21630.0,162082,200085,21605.0,棉花,农产品,CZCE,CF0
2022-04-13,21650.0,21680.0,21505.0,21515.0,150370,175678,21575.0,棉花,农产品,CZCE,CF0
2022-04-14,21565.0,21635.0,21400.0,21550.0,149104,139718,21520.0,棉花,农产品,CZCE,CF0
2022-04-15,21500.0,21600.0,21340.0,21595.0,132021,122181,21480.0,棉花,农产品,CZCE,CF0
2022-04-18,21490.0,21780.0,21455.0,21505.0,187572,299081,21575.0,棉花,农产品,CZCE,CF0
2022-04-19,21520.0,21660.0,21515.0,21570.0,117960,306171,21575.0,棉花,农产品,CZCE,CF0
2022-04-20,21515.0,21515.0,21355.0,21400.0,158188,298662,21420.0,棉花,农产品,CZCE,CF0
2022-04-21,21450.0,21475.0,21380.0,21445.0,87467,296019,21430.0,棉花,农产品,CZCE,CF0
2022-04-22,21405.0,21545.0,21380.0,21455.0,116776,303909,21475.0,棉花,农产品,CZCE,CF0
2022-04-25,21450.0,21500.0,21080.0,21085.0,251034,298872,21295.0,棉花,农产品,CZCE,CF0
2022-04-26,21085.0,21210.0,20995.0,21130.0,154143,295607,21110.0,棉花,农产品,CZCE,CF0
2022-04-27,21125.0,21200.0,21055.0,21115.0,111980,295157,21125.0,棉花,农产品,CZCE,CF0
2022-04-28,21255.0,21735.0,21205.0,21735.0,330812,343094,21495.0,棉花,农产品,CZCE,CF0
2022-04-29,21730.0,21835.0,21455.0,21770.0,246455,344857,21655.0,棉花,农产品,CZCE,CF0
2022-05-05,21950.0,22035.0,21850.0,21895.0,123367,359621,21930.0,棉花,农产品,CZCE,CF0
2022-05-06,21885.0,21885.0,21280.0,21300.0,311657,312464,21490.0,棉花,农产品,CZCE,CF0
2022-05-09,21355.0,21445.0,21150.0,21155.0,223880,303825,21275.0,棉花,农产品,CZCE,CF0
2022-05-10,21265.0,21320.0,21135.0,21185.0,175159,302945,21220.0,棉花,农产品,CZCE,CF0
2022-05-11,21200.0,21345.0,21155.0,21275.0,128854,299368,21230.0,棉花,农产品,CZCE,CF0
2022-05-12,21235.0,21325.0,21200.0,21245.0,113955,297041,21260.0,棉花,农产品,CZCE,CF0
2022-05-13,21305.0,21410.0,21105.0,21380.0,214733,298176,21290.0,棉花,农产品,CZCE,CF0
2022-05-16,21300.0,21370.0,21185.0,21350.0,154781,297407,21265.0,棉花,农产品,CZCE,CF0
2022-05-17,21400.0,21520.0,21320.0,21485.0,175428,302962,21430.0,棉花,农产品,CZCE,CF0
2022-05-18,21415.0,21425.0,21280.0,21285.0,135156,295569,21360.0,棉花,农产品,CZCE,CF0
2022-05-19,21220.0,21280.0,21150.0,21235.0,166766,298297,21220.0,棉花,农产品,CZCE,CF0
2022-05-20,21155.0,21330.0,21135.0,21285.0,151554,298385,21250.0,棉花,农产品,CZCE,CF0
2022-05-23,21230.0,21260.0,20875.0,20950.0,293327,331393,21040.0,棉花,农产品,CZCE,CF0
2022-05-24,20950.0,21055.0,20680.0,20680.0,238049,341957,20900.0,棉花,农产品,CZCE,CF0
2022-05-25,20670.0,20730.0,20335.0,20565.0,273993,349055,20540.0,棉花,农产品,CZCE,CF0
2022-05-26,20660.0,20715.0,20370.0,20510.0,214407,353633,20540.0,棉花,农产品,CZCE,CF0
2022-05-27,20510.0,20570.0,20420.0,20540.0,141487,353939,20515.0,棉花,农产品,CZCE,CF0
2022-05-30,20540.0,20620.0,20060.0,20115.0,265245,363461,20265.0,棉花,农产品,CZCE,CF0
2022-05-31,20150.0,20720.0,20120.0,20655.0,265784,343573,20450.0,棉花,农产品,CZCE,CF0
2022-06-01,20575.0,20630.0,20410.0,20440.0,134919,339065,20515.0,棉花,农产品,CZCE,CF0
2022-06-02,20390.0,20475.0,20205.0,20280.0,183937,338788,20320.0,棉花,农产品,CZCE,CF0
2022-06-06,20375.0,20465.0,20155.0,20415.0,145324,330789,20345.0,棉花,农产品,CZCE,CF0
2022-06-07,20445.0,20575.0,20280.0,20290.0,153103,332605,20445.0,棉花,农产品,CZCE,CF0
2022-06-08,20300.0,20370.0,20240.0,20320.0,135385,332894,20305.0,棉花,农产品,CZCE,CF0
2022-06-09,20320.0,20490.0,20300.0,20390.0,144131,328685,20400.0,棉花,农产品,CZCE,CF0
2022-06-10,20390.0,20500.0,20260.0,20320.0,157509,328650,20380.0,棉花,农产品,CZCE,CF0
2022-06-13,20300.0,20370.0,20030.0,20320.0,274273,335070,20235.0,棉花,农产品,CZCE,CF0
2022-06-14,20320.0,20380.0,20255.0,20365.0,158485,327791,20320.0,棉花,农产品,CZCE,CF0
2022-06-15,20340.0,20350.0,19820.0,19860.0,292139,346288,20080.0,棉花,农产品,CZCE,CF0
2022-06-16,19860.0,19900.0,19485.0,19560.0,254447,347332,19695.0,棉花,农产品,CZCE,CF0
2022-06-17,19535.0,19645.0,19480.0,19515.0,162418,344780,19555.0,棉花,农产品,CZCE,CF0
2022-06-20,19575.0,19645.0,18750.0,19240.0,359487,329221,19170.0,棉花,农产品,CZCE,CF0
2022-06-21,19240.0,19380.0,19040.0,19065.0,212934,332930,19225.0,棉花,农产品,CZCE,CF0
2022-06-22,19070.0,19285.0,18840.0,18890.0,224259,336189,19060.0,棉花,农产品,CZCE,CF0
2022-06-23,18760.0,18815.0,18160.0,18435.0,415887,321474,18515.0,棉花,农产品,CZCE,CF0
2022-06-24,18360.0,18460.0,16885.0,17230.0,671944,314798,17525.0,棉花,农产品,CZCE,CF0
2022-06-27,17650.0,17710.0,17055.0,17145.0,345194,302801,17280.0,棉花,农产品,CZCE,CF0
2022-06-28,17190.0,17675.0,16505.0,17615.0,755923,290863,17095.0,棉花,农产品,CZCE,CF0
2022-06-29,17530.0,17645.0,17045.0,17575.0,453457,278873,17385.0,棉花,农产品,CZCE,CF0
2022-06-30,17640.0,18075.0,17440.0,17655.0,569514,274546,17760.0,棉花,农产品,CZCE,CF0
2022-07-01,17675.0,17745.0,17140.0,17315.0,442152,272394,17480.0,棉花,农产品,CZCE,CF0
2022-07-04,17340.0,17580.0,17230.0,17300.0,283195,268078,17365.0,棉花,农产品,CZCE,CF0
2022-07-05,17350.0,17425.0,17030.0,17210.0,278144,271390,17235.0,棉花,农产品,CZCE,CF0
2022-07-06,17050.0,17340.0,16530.0,17260.0,590710,268958,16855.0,棉花,农产品,CZCE,CF0
2022-07-07,17130.0,17200.0,16580.0,16745.0,401979,258574,16835.0,棉花,农产品,CZCE,CF0
2022-07-08,17020.0,17020.0,16220.0,16465.0,570526,274132,16620.0,棉花,农产品,CZCE,CF0
2022-07-11,16950.0,16960.0,16325.0,16440.0,390458,283327,16590.0,棉花,农产品,CZCE,CF0
2022-07-12,16315.0,16375.0,15925.0,15990.0,365180,287744,16155.0,棉花,农产品,CZCE,CF0
2022-07-13,15855.0,15935.0,14790.0,15025.0,608857,285147,15220.0,棉花,农产品,CZCE,CF0
2022-07-14,14700.0,15080.0,14570.0,14700.0,457094,281686,14865.0,棉花,农产品,CZCE,CF0
2022-07-15,14635.0,14635.0,13560.0,14215.0,856624,282782,14010.0,棉花,农产品,CZCE,CF0
2022-07-18,14230.0,15275.0,14105.0,15275.0,615614,290010,14810.0,棉花,农产品,CZCE,CF0
2022-07-19,15495.0,15630.0,14025.0,14110.0,814944,283256,14780.0,棉花,农产品,CZCE,CF0
2022-07-20,14140.0,14810.0,14055.0,14485.0,664628,277527,14395.0,棉花,农产品,CZCE,CF0
2022-07-21,14580.0,14965.0,14550.0,14835.0,575658,272842,14790.0,棉花,农产品,CZCE,CF0
2022-07-22,14615.0,15265.0,14550.0,15195.0,570069,254474,14935.0,棉花,农产品,CZCE,CF0
2022-07-25,15130.0,15545.0,14920.0,15140.0,498019,241034,15200.0,棉花,农产品,CZCE,CF0
2022-07-26,15180.0,15260.0,14835.0,14985.0,351136,233303,15010.0,棉花,农产品,CZCE,CF0
2022-07-27,15115.0,15135.0,14625.0,14845.0,368551,226041,14895.0,棉花,农产品,CZCE,CF0
2022-07-28,14860.0,15030.0,14705.0,14815.0,337629,220525,14860.0,棉花,农产品,CZCE,CF0
2022-07-29,14815.0,15195.0,14645.0,14920.0,441286,216114,14910.0,棉花,农产品,CZCE,CF0
2022-08-01,14935.0,15025.0,14420.0,14560.0,330065,216683,14695.0,棉花,农产品,CZCE,CF0
2022-08-02,14075.0,14155.0,13725.0,13855.0,490693,306589,13935.0,棉花,农产品,CZCE,CF0
2022-08-03,13820.0,14110.0,13810.0,13970.0,409018,317022,13955.0,棉花,农产品,CZCE,CF0
2022-08-04,13990.0,14030.0,13760.0,13860.0,357931,333868,13890.0,棉花,农产品,CZCE,CF0
2022-08-05,13810.0,13890.0,13575.0,13790.0,446595,350567,13730.0,棉花,农产品,CZCE,CF0
2022-08-08,13790.0,14275.0,13750.0,14210.0,544954,365563,14065.0,棉花,农产品,CZCE,CF0
2022-08-09,14200.0,14395.0,14130.0,14295.0,443544,372690,14235.0,棉花,农产品,CZCE,CF0
2022-08-10,14390.0,14470.0,14150.0,14225.0,394576,378993,14310.0,棉花,农产品,CZCE,CF0
2022-08-11,14320.0,14825.0,14245.0,14765.0,679398,379065,14565.0,棉花,农产品,CZCE,CF0
2022-08-12,14785.0,15100.0,14650.0,14755.0,599851,387470,14845.0,棉花,农产品,CZCE,CF0
2022-08-15,14810.0,15625.0,14665.0,15510.0,908105,398082,15250.0,棉花,农产品,CZCE,CF0
2022-08-16,15520.0,15735.0,15335.0,15430.0,836698,402234,15485.0,棉花,农产品,CZCE,CF0
2022-08-17,15605.0,15790.0,15385.0,15530.0,832853,420831,15590.0,棉花,农产品,CZCE,CF0
2022-08-18,15495.0,15565.0,14805.0,14835.0,926299,450819,14995.0,棉花,农产品,CZCE,CF0
2022-08-19,14900.0,14930.0,14690.0,14810.0,542789,440545,14835.0,棉花,农产品,CZCE,CF0
2022-08-22,14815.0,15235.0,14745.0,15015.0,695710,465088,14990.0,棉花,农产品,CZCE,CF0
2022-08-23,15040.0,15095.0,14820.0,14945.0,580652,457918,14955.0,棉花,农产品,CZCE,CF0
2022-08-24,14995.0,15165.0,14915.0,14995.0,600457,466366,15025.0,棉花,农产品,CZCE,CF0
2022-08-25,15045.0,15140.0,14885.0,14930.0,478912,472012,15015.0,棉花,农产品,CZCE,CF0
2022-08-26,14950.0,15130.0,14910.0,15110.0,460943,479139,15030.0,棉花,农产品,CZCE,CF0
2022-08-29,15175.0,15280.0,14950.0,15080.0,627841,470967,15095.0,棉花,农产品,CZCE,CF0
2022-08-30,15065.0,15125.0,14870.0,14940.0,481858,463921,14985.0,棉花,农产品,CZCE,CF0
2022-08-31,14875.0,15045.0,14820.0,15015.0,427383,458333,14930.0,棉花,农产品,CZCE,CF0
2022-09-01,14980.0,15080.0,14880.0,14900.0,374409,452565,14970.0,棉花,农产品,CZCE,CF0
2022-09-02,14850.0,14860.0,14040.0,14210.0,932108,464418,14380.0,棉花,农产品,CZCE,CF0
2022-09-05,14290.0,14645.0,14235.0,14495.0,718454,447513,14445.0,棉花,农产品,CZCE,CF0
2022-09-06,14500.0,14595.0,14420.0,14540.0,389431,439706,14505.0,棉花,农产品,CZCE,CF0
2022-09-07,14510.0,14570.0,14370.0,14475.0,367804,444934,14465.0,棉花,农产品,CZCE,CF0
2022-09-08,14445.0,14465.0,14340.0,14365.0,341400,444806,14395.0,棉花,农产品,CZCE,CF0
2022-09-09,14380.0,14625.0,14360.0,14530.0,359262,448359,14465.0,棉花,农产品,CZCE,CF0
2022-09-13,14535.0,14565.0,14285.0,14535.0,385119,462472,14415.0,棉花,农产品,CZCE,CF0
2022-09-14,14420.0,14485.0,14355.0,14445.0,314537,455776,14415.0,棉花,农产品,CZCE,CF0
2022-09-15,14450.0,14930.0,14430.0,14830.0,626564,457188,14710.0,棉花,农产品,CZCE,CF0
2022-09-16,14815.0,14985.0,14465.0,14500.0,645425,442935,14755.0,棉花,农产品,CZCE,CF0
2022-09-19,14475.0,14655.0,14250.0,14255.0,574135,464074,14475.0,棉花,农产品,CZCE,CF0
2022-09-20,14190.0,14245.0,14010.0,14180.0,531457,483609,14155.0,棉花,农产品,CZCE,CF0
2022-09-21,14120.0,14190.0,13915.0,14045.0,472282,504633,14050.0,棉花,农产品,CZCE,CF0
2022-09-22,14105.0,14250.0,13970.0,14205.0,526370,502899,14120.0,棉花,农产品,CZCE,CF0
2022-09-23,14180.0,14210.0,13740.0,13780.0,591422,552365,13995.0,棉花,农产品,CZCE,CF0
2022-09-26,13650.0,13755.0,13415.0,13520.0,734958,577596,13575.0,棉花,农产品,CZCE,CF0
2022-09-27,13550.0,13620.0,13260.0,13450.0,689439,583670,13465.0,棉花,农产品,CZCE,CF0
2022-09-28,13540.0,13585.0,13195.0,13220.0,619664,601168,13370.0,棉花,农产品,CZCE,CF0
2022-09-29,13245.0,13465.0,13245.0,13395.0,530303,562859,13360.0,棉花,农产品,CZCE,CF0
2022-09-30,13400.0,13745.0,13335.0,13420.0,691561,530600,13515.0,棉花,农产品,CZCE,CF0
2022-10-10,13600.0,13620.0,13340.0,13470.0,340269,537937,13445.0,棉花,农产品,CZCE,CF0
2022-10-11,13580.0,13880.0,13570.0,13755.0,720989,529175,13740.0,棉花,农产品,CZCE,CF0
2022-10-12,13795.0,13945.0,13715.0,13935.0,566849,518514,13805.0,棉花,农产品,CZCE,CF0
2022-10-13,13860.0,13975.0,13570.0,13620.0,657098,518067,13820.0,棉花,农产品,CZCE,CF0
2022-10-14,13505.0,13955.0,13505.0,13860.0,587031,515873,13775.0,棉花,农产品,CZCE,CF0
2022-10-17,13805.0,13855.0,13665.0,13745.0,527902,516205,13745.0,棉花,农产品,CZCE,CF0
2022-10-18,13725.0,13820.0,13520.0,13615.0,503418,533971,13635.0,棉花,农产品,CZCE,CF0
2022-10-19,13620.0,13660.0,13420.0,13510.0,466058,549407,13505.0,棉花,农产品,CZCE,CF0
2022-10-20,13455.0,13500.0,13130.0,13200.0,756476,574743,13275.0,棉花,农产品,CZCE,CF0
2022-10-21,13200.0,13310.0,13140.0,13225.0,478717,568759,13225.0,棉花,农产品,CZCE,CF0
2022-10-24,13185.0,13385.0,13170.0,13290.0,618602,562803,13295.0,棉花,农产品,CZCE,CF0
2022-10-25,13225.0,13290.0,13035.0,13195.0,592780,564689,13160.0,棉花,农产品,CZCE,CF0
2022-10-26,13245.0,13330.0,13080.0,13150.0,442895,565545,13240.0,棉花,农产品,CZCE,CF0
2022-10-27,13145.0,13200.0,12970.0,13000.0,424062,597820,13095.0,棉花,农产品,CZCE,CF0
2022-10-28,12960.0,13020.0,12765.0,12855.0,573320,585447,12890.0,棉花,农产品,CZCE,CF0
2022-10-31,12790.0,12820.0,12270.0,12485.0,816698,580017,12510.0,棉花,农产品,CZCE,CF0
2022-11-01,12450.0,12675.0,12355.0,12670.0,798420,588719,12495.0,棉花,农产品,CZCE,CF0
2022-11-02,12755.0,13030.0,12690.0,12960.0,930470,548174,12890.0,棉花,农产品,CZCE,CF0
2022-11-03,12905.0,13015.0,12845.0,12930.0,572856,543964,12935.0,棉花,农产品,CZCE,CF0
2022-11-04,12895.0,13250.0,12840.0,13185.0,718806,539725,13080.0,棉花,农产品,CZCE,CF0
2022-11-07,13280.0,13465.0,13065.0,13175.0,766182,525456,13280.0,棉花,农产品,CZCE,CF0
2022-11-08,13215.0,13340.0,13015.0,13115.0,628273,520143,13155.0,棉花,农产品,CZCE,CF0
2022-11-09,13140.0,13210.0,12865.0,12990.0,589268,518206,13040.0,棉花,农产品,CZCE,CF0
2022-11-10,12990.0,13250.0,12970.0,13130.0,639552,510135,13130.0,棉花,农产品,CZCE,CF0
2022-11-11,13100.0,13375.0,13020.0,13300.0,719375,510557,13215.0,棉花,农产品,CZCE,CF0
2022-11-14,13300.0,13440.0,13185.0,13230.0,640258,497703,13320.0,棉花,农产品,CZCE,CF0
2022-11-15,13180.0,13405.0,13120.0,13395.0,564967,472375,13275.0,棉花,农产品,CZCE,CF0
2022-11-16,13435.0,13480.0,13345.0,13395.0,480939,441685,13415.0,棉花,农产品,CZCE,CF0
2022-11-17,13425.0,13540.0,13310.0,13510.0,523051,428804,13420.0,棉花,农产品,CZCE,CF0
2022-11-18,13450.0,13590.0,13435.0,13555.0,481274,422051,13530.0,棉花,农产品,CZCE,CF0
2022-11-21,13555.0,13585.0,13135.0,13250.0,601928,400177,13320.0,棉花,农产品,CZCE,CF0
2022-11-22,13215.0,13510.0,13190.0,13425.0,438490,396833,13350.0,棉花,农产品,CZCE,CF0
2022-11-23,13425.0,13470.0,13335.0,13410.0,296564,397015,13400.0,棉花,农产品,CZCE,CF0
2022-11-24,13365.0,13485.0,13315.0,13465.0,262783,396792,13415.0,棉花,农产品,CZCE,CF0
2022-11-25,13450.0,13490.0,13330.0,13465.0,285546,391001,13420.0,棉花,农产品,CZCE,CF0
2022-11-28,13495.0,13500.0,13095.0,13170.0,600525,367275,13265.0,棉花,农产品,CZCE,CF0
2022-11-29,13170.0,13355.0,13150.0,13330.0,307761,356896,13255.0,棉花,农产品,CZCE,CF0
2022-11-30,13360.0,13385.0,13170.0,13210.0,283266,340717,13275.0,棉花,农产品,CZCE,CF0
2022-12-01,13290.0,13485.0,13290.0,13475.0,343569,314573,13400.0,棉花,农产品,CZCE,CF0
2022-12-02,13400.0,13480.0,13370.0,13455.0,424597,579651,13430.0,棉花,农产品,CZCE,CF0
2022-12-05,13460.0,13535.0,13385.0,13455.0,444966,611815,13460.0,棉花,农产品,CZCE,CF0
2022-12-06,13455.0,13620.0,13405.0,13620.0,414834,647227,13505.0,棉花,农产品,CZCE,CF0
2022-12-07,13600.0,13750.0,13525.0,13620.0,725891,679263,13660.0,棉花,农产品,CZCE,CF0
2022-12-08,13610.0,13715.0,13520.0,13690.0,407931,706098,13625.0,棉花,农产品,CZCE,CF0
2022-12-09,13710.0,13850.0,13655.0,13845.0,610769,749295,13775.0,棉花,农产品,CZCE,CF0
2022-12-12,13850.0,14100.0,13780.0,13795.0,835023,746068,13945.0,棉花,农产品,CZCE,CF0
2022-12-13,13800.0,13925.0,13665.0,13840.0,531943,739792,13800.0,棉花,农产品,CZCE,CF0
2022-12-14,13880.0,13945.0,13780.0,13900.0,457617,746561,13875.0,棉花,农产品,CZCE,CF0
2022-12-15,13860.0,14060.0,13845.0,14030.0,553509,755266,13945.0,棉花,农产品,CZCE,CF0
2022-12-16,13990.0,14320.0,13990.0,14145.0,888775,758774,14170.0,棉花,农产品,CZCE,CF0
2022-12-19,14100.0,14140.0,13680.0,13775.0,839330,727577,13865.0,棉花,农产品,CZCE,CF0
2022-12-20,13820.0,13950.0,13760.0,13880.0,468380,724321,13865.0,棉花,农产品,CZCE,CF0
2022-12-21,13900.0,14150.0,13865.0,14075.0,517397,726088,14010.0,棉花,农产品,CZCE,CF0
2022-12-22,14080.0,14150.0,13820.0,13880.0,554240,721808,14015.0,棉花,农产品,CZCE,CF0
2022-12-23,13920.0,13940.0,13760.0,13910.0,483034,711494,13850.0,棉花,农产品,CZCE,CF0
2022-12-26,13940.0,14095.0,13845.0,14025.0,465988,711129,13980.0,棉花,农产品,CZCE,CF0
2022-12-27,14025.0,14260.0,13995.0,14220.0,537406,737313,14170.0,棉花,农产品,CZCE,CF0
2022-12-28,14200.0,14290.0,14115.0,14230.0,504878,754391,14220.0,棉花,农产品,CZCE,CF0
2022-12-29,14200.0,14250.0,14065.0,14180.0,425942,749613,14150.0,棉花,农产品,CZCE,CF0
2022-12-30,14175.0,14275.0,14135.0,14260.0,394281,750623,14210.0,棉花,农产品,CZCE,CF0
2023-01-03,14290.0,14395.0,13985.0,14360.0,542465,765094,14225.0,棉花,农产品,CZCE,CF0
2023-01-04,14355.0,14365.0,14205.0,14305.0,394950,758115,14305.0,棉花,农产品,CZCE,CF0
2023-01-05,14315.0,14355.0,14175.0,14275.0,438649,756762,14270.0,棉花,农产品,CZCE,CF0
2023-01-06,14305.0,14370.0,14245.0,14360.0,373103,764132,14315.0,棉花,农产品,CZCE,CF0
2023-01-09,14360.0,14445.0,14290.0,14390.0,431802,769170,14365.0,棉花,农产品,CZCE,CF0
2023-01-10,14400.0,14480.0,14370.0,14445.0,413783,771970,14430.0,棉花,农产品,CZCE,CF0
2023-01-11,14460.0,14475.0,14410.0,14420.0,280367,768736,14450.0,棉花,农产品,CZCE,CF0
2023-01-12,14440.0,14450.0,14245.0,14370.0,471266,752574,14355.0,棉花,农产品,CZCE,CF0
2023-01-13,14395.0,14425.0,14215.0,14405.0,402848,743420,14345.0,棉花,农产品,CZCE,CF0
2023-01-16,14375.0,14410.0,14265.0,14290.0,301491,734480,14315.0,棉花,农产品,CZCE,CF0
2023-01-17,14280.0,14405.0,14245.0,14375.0,258257,729568,14345.0,棉花,农产品,CZCE,CF0
2023-01-18,14415.0,14745.0,14395.0,14705.0,512623,763105,14585.0,棉花,农产品,CZCE,CF0
2023-01-19,14710.0,14915.0,14675.0,14810.0,377365,749569,14785.0,棉花,农产品,CZCE,CF0
2023-01-20,14790.0,14930.0,14780.0,14850.0,234358,726245,14850.0,棉花,农产品,CZCE,CF0
2023-01-30,15050.0,15120.0,14855.0,14885.0,305804,726414,15005.0,棉花,农产品,CZCE,CF0
2023-01-31,14905.0,15180.0,14900.0,15100.0,411235,755917,15060.0,棉花,农产品,CZCE,CF0
2023-02-01,15080.0,15230.0,15015.0,15190.0,362960,776930,15150.0,棉花,农产品,CZCE,CF0
2023-02-02,15190.0,15275.0,14980.0,15105.0,529925,770592,15150.0,棉花,农产品,CZCE,CF0
2023-02-03,15100.0,15135.0,14905.0,15045.0,498128,759432,15000.0,棉花,农产品,CZCE,CF0
2023-02-06,15050.0,15090.0,14720.0,14925.0,558093,739587,14900.0,棉花,农产品,CZCE,CF0
2023-02-07,14935.0,15030.0,14815.0,14915.0,405017,734013,14925.0,棉花,农产品,CZCE,CF0
2023-02-08,14915.0,14920.0,14735.0,14780.0,413430,733247,14810.0,棉花,农产品,CZCE,CF0
2023-02-09,14800.0,14860.0,14730.0,14830.0,325953,732494,14805.0,棉花,农产品,CZCE,CF0
2023-02-10,14835.0,14860.0,14435.0,14480.0,676831,715533,14620.0,棉花,农产品,CZCE,CF0
2023-02-13,14500.0,14520.0,14300.0,14315.0,447361,717102,14410.0,棉花,农产品,CZCE,CF0
2023-02-14,14365.0,14365.0,14085.0,14310.0,589056,716771,14220.0,棉花,农产品,CZCE,CF0
2023-02-15,14300.0,14460.0,14260.0,14350.0,478806,702807,14365.0,棉花,农产品,CZCE,CF0
2023-02-16,14350.0,14395.0,14250.0,14350.0,359154,704398,14330.0,棉花,农产品,CZCE,CF0
2023-02-17,14330.0,14330.0,14155.0,14170.0,363439,710014,14240.0,棉花,农产品,CZCE,CF0
2023-02-20,14150.0,14390.0,14130.0,14370.0,450166,707604,14265.0,棉花,农产品,CZCE,CF0
2023-02-21,14355.0,14480.0,14355.0,14460.0,387893,706489,14430.0,棉花,农产品,CZCE,CF0
2023-02-22,14470.0,14540.0,14390.0,14465.0,428107,705918,14470.0,棉花,农产品,CZCE,CF0
2023-02-23,14455.0,14520.0,14430.0,14445.0,326897,703644,14475.0,棉花,农产品,CZCE,CF0
2023-02-24,14490.0,14530.0,14260.0,14285.0,524747,709613,14380.0,棉花,农产品,CZCE,CF0
2023-02-27,14280.0,14360.0,14215.0,14290.0,371793,713951,14295.0,棉花,农产品,CZCE,CF0
2023-02-28,14265.0,14370.0,14245.0,14365.0,284030,710558,14295.0,棉花,农产品,CZCE,CF0
2023-03-01,14385.0,14475.0,14315.0,14445.0,354316,695101,14405.0,棉花,农产品,CZCE,CF0
2023-03-02,14465.0,14735.0,14440.0,14710.0,473627,675428,14560.0,棉花,农产品,CZCE,CF0
2023-03-03,14710.0,14770.0,14655.0,14750.0,392645,666059,14715.0,棉花,农产品,CZCE,CF0
2023-03-06,14705.0,14780.0,14610.0,14690.0,369154,663199,14690.0,棉花,农产品,CZCE,CF0
2023-03-07,14670.0,14730.0,14530.0,14665.0,342401,659057,14650.0,棉花,农产品,CZCE,CF0
2023-03-08,14660.0,14700.0,14575.0,14665.0,315153,642590,14650.0,棉花,农产品,CZCE,CF0
2023-03-09,14650.0,14750.0,14475.0,14485.0,452096,632777,14620.0,棉花,农产品,CZCE,CF0
2023-03-10,14530.0,14590.0,14275.0,14340.0,566060,610771,14435.0,棉花,农产品,CZCE,CF0
2023-03-13,14330.0,14375.0,14155.0,14235.0,486928,604192,14270.0,棉花,农产品,CZCE,CF0
2023-03-14,14150.0,14395.0,14100.0,14235.0,424559,587343,14260.0,棉花,农产品,CZCE,CF0
2023-03-15,14265.0,14355.0,14245.0,14275.0,266903,581110,14295.0,棉花,农产品,CZCE,CF0
2023-03-16,14160.0,14200.0,13810.0,13830.0,643418,547936,14025.0,棉花,农产品,CZCE,CF0
2023-03-17,13860.0,13960.0,13715.0,13900.0,458615,549606,13845.0,棉花,农产品,CZCE,CF0
2023-03-20,13850.0,14240.0,13805.0,13980.0,552197,530416,14010.0,棉花,农产品,CZCE,CF0
2023-03-21,14020.0,14080.0,13860.0,13930.0,338397,535814,13970.0,棉花,农产品,CZCE,CF0
2023-03-22,14050.0,14065.0,13915.0,13990.0,328378,532783,13995.0,棉花,农产品,CZCE,CF0
2023-03-23,14040.0,14055.0,13930.0,13965.0,267621,530270,13990.0,棉花,农产品,CZCE,CF0
2023-03-24,13970.0,14005.0,13825.0,13895.0,392160,529342,13920.0,棉花,农产品,CZCE,CF0
2023-03-27,13810.0,13930.0,13740.0,13910.0,330974,517275,13850.0,棉花,农产品,CZCE,CF0
2023-03-28,13980.0,14225.0,13965.0,14205.0,418530,477873,14135.0,棉花,农产品,CZCE,CF0
2023-03-29,14210.0,14485.0,14210.0,14380.0,445773,443592,14355.0,棉花,农产品,CZCE,CF0
2023-03-30,14445.0,14450.0,14255.0,14325.0,300927,433212,14335.0,棉花,农产品,CZCE,CF0
2023-03-31,14355.0,14370.0,14265.0,14325.0,234539,421134,14320.0,棉花,农产品,CZCE,CF0
2023-04-03,14310.0,14430.0,14245.0,14335.0,329825,401616,14345.0,棉花,农产品,CZCE,CF0
2023-04-04,14340.0,14395.0,14305.0,14365.0,206065,381628,14350.0,棉花,农产品,CZCE,CF0
2023-04-06,14290.0,14505.0,14280.0,14485.0,249753,371134,14400.0,棉花,农产品,CZCE,CF0
2023-04-07,14485.0,14715.0,14475.0,14680.0,328941,339572,14590.0,棉花,农产品,CZCE,CF0
2023-04-10,14900.0,14900.0,14755.0,14810.0,367097,504870,14835.0,棉花,农产品,CZCE,CF0
2023-04-11,14795.0,14825.0,14615.0,14790.0,357626,521130,14715.0,棉花,农产品,CZCE,CF0
2023-04-12,14770.0,14845.0,14675.0,14730.0,355306,532940,14760.0,棉花,农产品,CZCE,CF0
2023-04-13,14775.0,14880.0,14660.0,14875.0,356386,556640,14765.0,棉花,农产品,CZCE,CF0
2023-04-14,14885.0,15025.0,14765.0,14795.0,564301,571858,14930.0,棉花,农产品,CZCE,CF0
2023-04-17,14840.0,15170.0,14835.0,15125.0,517784,601078,15010.0,棉花,农产品,CZCE,CF0
2023-04-18,15105.0,15165.0,15045.0,15145.0,359588,621373,15105.0,棉花,农产品,CZCE,CF0
2023-04-19,15150.0,15230.0,15100.0,15160.0,413602,629288,15155.0,棉花,农产品,CZCE,CF0
2023-04-20,15150.0,15215.0,15085.0,15175.0,445291,633568,15150.0,棉花,农产品,CZCE,CF0
2023-04-21,15080.0,15100.0,14780.0,14855.0,697293,602579,14940.0,棉花,农产品,CZCE,CF0
2023-04-24,14860.0,14945.0,14740.0,14895.0,448096,603389,14855.0,棉花,农产品,CZCE,CF0
2023-04-25,14915.0,15315.0,14900.0,15220.0,843605,629747,15190.0,棉花,农产品,CZCE,CF0
2023-04-26,15065.0,15420.0,15030.0,15325.0,871160,664742,15235.0,棉花,农产品,CZCE,CF0
2023-04-27,15275.0,15355.0,15205.0,15225.0,556423,653322,15275.0,棉花,农产品,CZCE,CF0
2023-04-28,15285.0,15510.0,15245.0,15485.0,646722,651647,15370.0,棉花,农产品,CZCE,CF0
2023-05-04,15360.0,15775.0,15360.0,15715.0,585643,681409,15620.0,棉花,农产品,CZCE,CF0
2023-05-05,15750.0,16000.0,15750.0,15995.0,712503,708430,15855.0,棉花,农产品,CZCE,CF0
2023-05-08,16050.0,16065.0,15705.0,15920.0,945633,703938,15880.0,棉花,农产品,CZCE,CF0
2023-05-09,15900.0,15950.0,15535.0,15600.0,761379,691860,15760.0,棉花,农产品,CZCE,CF0
2023-05-10,15600.0,15830.0,15565.0,15685.0,690027,690438,15695.0,棉花,农产品,CZCE,CF0
2023-05-11,15710.0,15740.0,15565.0,15620.0,572858,676436,15645.0,棉花,农产品,CZCE,CF0
2023-05-12,15600.0,15605.0,15405.0,15440.0,612377,647617,15480.0,棉花,农产品,CZCE,CF0
2023-05-15,15500.0,15780.0,15380.0,15760.0,755245,652480,15600.0,棉花,农产品,CZCE,CF0
2023-05-16,15795.0,15900.0,15655.0,15705.0,660428,644153,15790.0,棉花,农产品,CZCE,CF0
2023-05-17,15705.0,15865.0,15675.0,15720.0,513645,641497,15765.0,棉花,农产品,CZCE,CF0
2023-05-18,15770.0,15955.0,15720.0,15855.0,569758,637518,15805.0,棉花,农产品,CZCE,CF0
2023-05-19,15805.0,16040.0,15690.0,15995.0,688357,647982,15865.0,棉花,农产品,CZCE,CF0
2023-05-22,16005.0,16340.0,15965.0,16125.0,926366,649926,16165.0,棉花,农产品,CZCE,CF0
2023-05-23,16095.0,16280.0,16055.0,16135.0,628702,656420,16150.0,棉花,农产品,CZCE,CF0
2023-05-24,16155.0,16210.0,15720.0,15725.0,766213,628077,15995.0,棉花,农产品,CZCE,CF0
2023-05-25,15700.0,15770.0,15420.0,15565.0,908282,592878,15610.0,棉花,农产品,CZCE,CF0
2023-05-26,15570.0,15590.0,15305.0,15475.0,958786,554679,15435.0,棉花,农产品,CZCE,CF0
2023-05-29,15470.0,15745.0,15395.0,15645.0,559911,540818,15600.0,棉花,农产品,CZCE,CF0
2023-05-30,15640.0,15650.0,15385.0,15505.0,537801,543890,15535.0,棉花,农产品,CZCE,CF0
2023-05-31,15585.0,15615.0,15450.0,15500.0,465540,537566,15530.0,棉花,农产品,CZCE,CF0
2023-06-01,15450.0,16465.0,15420.0,16400.0,1471431,586728,16025.0,棉花,农产品,CZCE,CF0
2023-06-02,16325.0,16545.0,16150.0,16340.0,1363825,588464,16375.0,棉花,农产品,CZCE,CF0
2023-06-05,16340.0,17015.0,16315.0,16760.0,2054877,620919,16725.0,棉花,农产品,CZCE,CF0
2023-06-06,16730.0,17060.0,16685.0,16860.0,1200125,641118,16860.0,棉花,农产品,CZCE,CF0
2023-06-07,16805.0,16955.0,16570.0,16815.0,904044,636564,16765.0,棉花,农产品,CZCE,CF0
2023-06-08,16770.0,16935.0,16720.0,16865.0,600543,637103,16835.0,棉花,农产品,CZCE,CF0
2023-06-09,16945.0,17070.0,16665.0,16790.0,746945,628246,16830.0,棉花,农产品,CZCE,CF0
2023-06-12,16765.0,16830.0,16580.0,16755.0,639852,616378,16695.0,棉花,农产品,CZCE,CF0
2023-06-13,16765.0,16905.0,16595.0,16870.0,595256,618228,16755.0,棉花,农产品,CZCE,CF0
2023-06-14,16875.0,16935.0,16715.0,16830.0,439499,600250,16805.0,棉花,农产品,CZCE,CF0
2023-06-15,16810.0,17000.0,16725.0,16770.0,699880,600647,16860.0,棉花,农产品,CZCE,CF0
2023-06-16,16800.0,17020.0,16700.0,16795.0,556484,599211,16860.0,棉花,农产品,CZCE,CF0
2023-06-19,16880.0,16895.0,16375.0,16475.0,711857,577443,16650.0,棉花,农产品,CZCE,CF0
2023-06-20,16495.0,16735.0,16420.0,16700.0,436817,569392,16615.0,棉花,农产品,CZCE,CF0
2023-06-21,16675.0,16690.0,16320.0,16350.0,483973,528534,16495.0,棉花,农产品,CZCE,CF0
2023-06-26,16220.0,16465.0,16200.0,16265.0,283623,521733,16310.0,棉花,农产品,CZCE,CF0
2023-06-27,16245.0,16400.0,16120.0,16315.0,398386,513652,16245.0,棉花,农产品,CZCE,CF0
2023-06-28,16255.0,16365.0,16210.0,16330.0,265186,504550,16295.0,棉花,农产品,CZCE,CF0
2023-06-29,16290.0,16390.0,16230.0,16280.0,231180,492572,16310.0,棉花,农产品,CZCE,CF0
2023-06-30,16300.0,16785.0,16240.0,16660.0,560230,486972,16575.0,棉花,农产品,CZCE,CF0
2023-07-03,16655.0,16860.0,16645.0,16785.0,285415,477913,16760.0,棉花,农产品,CZCE,CF0
2023-07-04,16800.0,16865.0,16425.0,16505.0,367859,465623,16635.0,棉花,农产品,CZCE,CF0
2023-07-05,16550.0,16630.0,16480.0,16555.0,209337,462418,16555.0,棉花,农产品,CZCE,CF0
2023-07-06,16585.0,16615.0,16465.0,16575.0,211306,458859,16555.0,棉花,农产品,CZCE,CF0
2023-07-07,16540.0,16790.0,16520.0,16680.0,336399,454505,16685.0,棉花,农产品,CZCE,CF0
2023-07-10,16700.0,16730.0,16605.0,16665.0,210760,454263,16670.0,棉花,农产品,CZCE,CF0
2023-07-11,16610.0,17105.0,16555.0,17100.0,455376,485037,16790.0,棉花,农产品,CZCE,CF0
2023-07-12,17065.0,17285.0,17020.0,17240.0,600757,490213,17155.0,棉花,农产品,CZCE,CF0
2023-07-13,17215.0,17295.0,17105.0,17225.0,288511,480101,17210.0,棉花,农产品,CZCE,CF0
2023-07-14,17150.0,17330.0,17075.0,17125.0,311801,471721,17185.0,棉花,农产品,CZCE,CF0
2023-07-17,17170.0,17225.0,16830.0,16905.0,438548,448724,16975.0,棉花,农产品,CZCE,CF0
2023-07-18,16950.0,17285.0,16910.0,17180.0,342548,443056,17135.0,棉花,农产品,CZCE,CF0
2023-07-19,16995.0,17190.0,16830.0,17160.0,521249,428041,16985.0,棉花,农产品,CZCE,CF0
2023-07-20,17195.0,17300.0,17105.0,17145.0,311723,415172,17175.0,棉花,农产品,CZCE,CF0
2023-07-21,17220.0,17440.0,17150.0,17300.0,513534,471626,17320.0,棉花,农产品,CZCE,CF0
2023-07-24,17100.0,17200.0,16930.0,17055.0,643049,471225,17085.0,棉花,农产品,CZCE,CF0
2023-07-25,17150.0,17230.0,17025.0,17160.0,443411,482371,17110.0,棉花,农产品,CZCE,CF0
2023-07-26,17175.0,17325.0,17135.0,17220.0,514564,493886,17220.0,棉花,农产品,CZCE,CF0
2023-07-27,17240.0,17410.0,17200.0,17265.0,464745,508069,17285.0,棉花,农产品,CZCE,CF0
2023-07-28,17210.0,17310.0,17155.0,17240.0,460355,515405,17220.0,棉花,农产品,CZCE,CF0
2023-07-31,17265.0,17510.0,17200.0,17440.0,622199,555871,17345.0,棉花,农产品,CZCE,CF0
2023-08-01,17425.0,17530.0,17390.0,17465.0,409101,569701,17455.0,棉花,农产品,CZCE,CF0
2023-08-02,17450.0,17525.0,17330.0,17465.0,458358,578696,17445.0,棉花,农产品,CZCE,CF0
2023-08-03,17440.0,17480.0,17160.0,17175.0,644386,558630,17305.0,棉花,农产品,CZCE,CF0
2023-08-04,17190.0,17225.0,16980.0,17140.0,531527,550243,17120.0,棉花,农产品,CZCE,CF0
2023-08-07,17135.0,17415.0,17075.0,17360.0,550639,564602,17275.0,棉花,农产品,CZCE,CF0
2023-08-08,17350.0,17410.0,17100.0,17110.0,448921,563829,17300.0,棉花,农产品,CZCE,CF0
2023-08-09,17065.0,17290.0,17030.0,17150.0,527869,569746,17160.0,棉花,农产品,CZCE,CF0
2023-08-10,17155.0,17255.0,17100.0,17160.0,401603,569383,17170.0,棉花,农产品,CZCE,CF0
2023-08-11,17215.0,17305.0,17135.0,17230.0,490828,557813,17210.0,棉花,农产品,CZCE,CF0
2023-08-14,17230.0,17380.0,17060.0,17115.0,675484,553748,17190.0,棉花,农产品,CZCE,CF0
2023-08-15,17130.0,17220.0,17090.0,17165.0,331928,547990,17150.0,棉花,农产品,CZCE,CF0
2023-08-16,17165.0,17175.0,16820.0,16870.0,605005,585070,17010.0,棉花,农产品,CZCE,CF0
2023-08-17,16885.0,16950.0,16585.0,16650.0,638419,585215,16785.0,棉花,农产品,CZCE,CF0
2023-08-18,16705.0,16980.0,16625.0,16955.0,672666,563092,16800.0,棉花,农产品,CZCE,CF0
2023-08-21,16905.0,17035.0,16805.0,16945.0,475277,550021,16920.0,棉花,农产品,CZCE,CF0
2023-08-22,16980.0,16985.0,16825.0,16935.0,331891,548073,16910.0,棉花,农产品,CZCE,CF0
2023-08-23,16925.0,17120.0,16905.0,17055.0,403319,544662,17010.0,棉花,农产品,CZCE,CF0
2023-08-24,17050.0,17300.0,17005.0,17230.0,417996,557063,17185.0,棉花,农产品,CZCE,CF0
2023-08-25,17200.0,17435.0,17165.0,17420.0,399623,582191,17295.0,棉花,农产品,CZCE,CF0
2023-08-28,17450.0,17775.0,17410.0,17545.0,734973,619545,17590.0,棉花,农产品,CZCE,CF0
2023-08-29,17500.0,17575.0,17380.0,17460.0,385653,615997,17490.0,棉花,农产品,CZCE,CF0
2023-08-30,17500.0,17630.0,17485.0,17610.0,333217,626479,17575.0,棉花,农产品,CZCE,CF0
2023-08-31,17590.0,17700.0,17530.0,17660.0,353916,642207,17620.0,棉花,农产品,CZCE,CF0
2023-09-01,17700.0,17905.0,17670.0,17790.0,500643,667266,17785.0,棉花,农产品,CZCE,CF0
2023-09-04,17890.0,17900.0,17345.0,17420.0,700663,637956,17635.0,棉花,农产品,CZCE,CF0
2023-09-05,17405.0,17585.0,17385.0,17530.0,345110,633806,17500.0,棉花,农产品,CZCE,CF0
2023-09-06,17545.0,17785.0,17520.0,17650.0,397314,643375,17685.0,棉花,农产品,CZCE,CF0
2023-09-07,17665.0,17735.0,17045.0,17220.0,714516,608560,17355.0,棉花,农产品,CZCE,CF0
2023-09-08,17190.0,17225.0,16925.0,16955.0,451727,596950,17100.0,棉花,农产品,CZCE,CF0
2023-09-11,16970.0,17220.0,16970.0,17185.0,291905,589597,17130.0,棉花,农产品,CZCE,CF0
2023-09-12,17185.0,17405.0,17180.0,17350.0,308088,591945,17315.0,棉花,农产品,CZCE,CF0
2023-09-13,17360.0,17375.0,16910.0,17030.0,556952,588013,17120.0,棉花,农产品,CZCE,CF0
2023-09-14,17060.0,17230.0,17025.0,17125.0,315234,583811,17120.0,棉花,农产品,CZCE,CF0
2023-09-15,17175.0,17290.0,17095.0,17285.0,295895,580165,17200.0,棉花,农产品,CZCE,CF0
2023-09-18,17220.0,17250.0,17035.0,17195.0,319536,578531,17155.0,棉花,农产品,CZCE,CF0
2023-09-19,17195.0,17480.0,17120.0,17370.0,522984,596157,17330.0,棉花,农产品,CZCE,CF0
2023-09-20,17375.0,17400.0,17135.0,17165.0,324402,586715,17255.0,棉花,农产品,CZCE,CF0
2023-09-21,17180.0,17300.0,17090.0,17110.0,318478,589462,17200.0,棉花,农产品,CZCE,CF0
2023-09-22,17090.0,17340.0,17025.0,17145.0,417411,576804,17175.0,棉花,农产品,CZCE,CF0
2023-09-25,17195.0,17275.0,17100.0,17205.0,311505,570834,17180.0,棉花,农产品,CZCE,CF0
2023-09-26,17225.0,17385.0,17145.0,17215.0,404340,571226,17260.0,棉花,农产品,CZCE,CF0
2023-09-27,17210.0,17525.0,17210.0,17430.0,359578,591076,17340.0,棉花,农产品,CZCE,CF0
2023-09-28,17410.0,17675.0,17390.0,17675.0,344042,599491,17520.0,棉花,农产品,CZCE,CF0
2023-10-09,17650.0,17815.0,17535.0,17600.0,305088,620077,17665.0,棉花,农产品,CZCE,CF0
2023-10-10,17645.0,17650.0,17110.0,17120.0,476276,599245,17360.0,棉花,农产品,CZCE,CF0
2023-10-11,17100.0,17195.0,16820.0,16955.0,487780,594750,17045.0,棉花,农产品,CZCE,CF0
2023-10-12,16900.0,16980.0,16770.0,16970.0,346164,593341,16880.0,棉花,农产品,CZCE,CF0
2023-10-13,17000.0,17090.0,16825.0,17040.0,356796,595813,16945.0,棉花,农产品,CZCE,CF0
2023-10-16,17085.0,17165.0,16955.0,16990.0,336191,607885,17055.0,棉花,农产品,CZCE,CF0
2023-10-17,16990.0,16990.0,16630.0,16695.0,506113,632924,16795.0,棉花,农产品,CZCE,CF0
2023-10-18,16660.0,16720.0,16360.0,16485.0,549964,624507,16525.0,棉花,农产品,CZCE,CF0
2023-10-19,16400.0,16580.0,16340.0,16445.0,332276,622697,16470.0,棉花,农产品,CZCE,CF0
2023-10-20,16360.0,16470.0,16075.0,16105.0,469162,613869,16305.0,棉花,农产品,CZCE,CF0
2023-10-23,16030.0,16095.0,15785.0,15910.0,503122,616991,15925.0,棉花,农产品,CZCE,CF0
2023-10-24,16000.0,16170.0,15935.0,16105.0,463511,604949,16035.0,棉花,农产品,CZCE,CF0
2023-10-25,16115.0,16280.0,16065.0,16145.0,331399,604375,16175.0,棉花,农产品,CZCE,CF0
2023-10-26,16195.0,16210.0,15995.0,16150.0,308759,604521,16095.0,棉花,农产品,CZCE,CF0
2023-10-27,16165.0,16330.0,16045.0,16115.0,412888,623912,16175.0,棉花,农产品,CZCE,CF0
2023-10-30,16150.0,16155.0,16020.0,16125.0,290975,626725,16095.0,棉花,农产品,CZCE,CF0
2023-10-31,16140.0,16170.0,15585.0,15785.0,621271,655447,15800.0,棉花,农产品,CZCE,CF0
2023-11-01,15790.0,15830.0,15475.0,15530.0,479685,676849,15635.0,棉花,农产品,CZCE,CF0
2023-11-02,15555.0,15730.0,15505.0,15720.0,422713,671283,15640.0,棉花,农产品,CZCE,CF0
2023-11-03,15785.0,15925.0,15685.0,15860.0,375993,657869,15810.0,棉花,农产品,CZCE,CF0
2023-11-06,15810.0,15875.0,15575.0,15850.0,399754,654309,15770.0,棉花,农产品,CZCE,CF0
2023-11-07,15800.0,15880.0,15685.0,15750.0,335732,649649,15790.0,棉花,农产品,CZCE,CF0
2023-11-08,15700.0,15850.0,15615.0,15835.0,351498,643963,15735.0,棉花,农产品,CZCE,CF0
2023-11-09,15745.0,15890.0,15665.0,15790.0,337848,638254,15770.0,棉花,农产品,CZCE,CF0
2023-11-10,15810.0,15910.0,15680.0,15710.0,396266,639043,15780.0,棉花,农产品,CZCE,CF0
2023-11-13,15680.0,15775.0,15485.0,15635.0,475405,629433,15625.0,棉花,农产品,CZCE,CF0
2023-11-14,15635.0,15950.0,15630.0,15840.0,393905,614095,15775.0,棉花,农产品,CZCE,CF0
2023-11-15,15875.0,15895.0,15640.0,15690.0,337243,611785,15790.0,棉花,农产品,CZCE,CF0
2023-11-16,15720.0,15770.0,15615.0,15730.0,256193,599450,15695.0,棉花,农产品,CZCE,CF0
2023-11-17,15725.0,15805.0,15565.0,15685.0,326531,585833,15695.0,棉花,农产品,CZCE,CF0
2023-11-20,15695.0,15720.0,15560.0,15565.0,228600,594779,15625.0,棉花,农产品,CZCE,CF0
2023-11-21,15555.0,15600.0,15130.0,15160.0,570845,608033,15320.0,棉花,农产品,CZCE,CF0
2023-11-22,15200.0,15575.0,15145.0,15375.0,509558,571430,15380.0,棉花,农产品,CZCE,CF0
2023-11-23,15350.0,15450.0,15275.0,15325.0,283000,554637,15360.0,棉花,农产品,CZCE,CF0
2023-11-24,15305.0,15335.0,15070.0,15205.0,358635,548418,15175.0,棉花,农产品,CZCE,CF0
2023-11-27,15205.0,15245.0,15035.0,15055.0,236113,529954,15135.0,棉花,农产品,CZCE,CF0
2023-11-28,15015.0,15175.0,14840.0,15055.0,348505,490144,14950.0,棉花,农产品,CZCE,CF0
2023-11-29,15090.0,15185.0,15015.0,15145.0,214074,467024,15090.0,棉花,农产品,CZCE,CF0
2023-11-30,15200.0,15315.0,15150.0,15265.0,183036,443426,15215.0,棉花,农产品,CZCE,CF0
2023-12-01,14915.0,15070.0,14740.0,14930.0,381601,498845,14930.0,棉花,农产品,CZCE,CF0
2023-12-04,14905.0,14995.0,14785.0,14870.0,293580,516896,14905.0,棉花,农产品,CZCE,CF0
2023-12-05,14880.0,14995.0,14825.0,14945.0,327082,526701,14925.0,棉花,农产品,CZCE,CF0
2023-12-06,14920.0,15185.0,14870.0,15145.0,407345,538337,15020.0,棉花,农产品,CZCE,CF0
2023-12-07,15130.0,15220.0,14965.0,15205.0,344905,534645,15100.0,棉花,农产品,CZCE,CF0
2023-12-08,15190.0,15430.0,15170.0,15380.0,391037,545797,15320.0,棉花,农产品,CZCE,CF0
2023-12-11,15350.0,15450.0,15235.0,15405.0,350169,552388,15350.0,棉花,农产品,CZCE,CF0
2023-12-12,15370.0,15415.0,15305.0,15360.0,245921,558979,15365.0,棉花,农产品,CZCE,CF0
2023-12-13,15310.0,15330.0,15195.0,15285.0,364461,565996,15275.0,棉花,农产品,CZCE,CF0
2023-12-14,15285.0,15430.0,15285.0,15355.0,314269,577083,15355.0,棉花,农产品,CZCE,CF0
2023-12-15,15380.0,15415.0,15260.0,15350.0,315731,582606,15335.0,棉花,农产品,CZCE,CF0
2023-12-18,15360.0,15365.0,15125.0,15190.0,352093,583782,15240.0,棉花,农产品,CZCE,CF0
2023-12-19,15190.0,15295.0,15135.0,15185.0,314712,594540,15220.0,棉花,农产品,CZCE,CF0
2023-12-20,15145.0,15285.0,15050.0,15240.0,399343,603637,15145.0,棉花,农产品,CZCE,CF0
2023-12-21,15270.0,15300.0,15170.0,15260.0,240007,603282,15235.0,棉花,农产品,CZCE,CF0
2023-12-22,15230.0,15480.0,15125.0,15425.0,515957,630515,15310.0,棉花,农产品,CZCE,CF0
2023-12-25,15390.0,15520.0,15345.0,15405.0,371597,647820,15430.0,棉花,农产品,CZCE,CF0
2023-12-26,15430.0,15480.0,15375.0,15435.0,229033,647482,15425.0,棉花,农产品,CZCE,CF0
2023-12-27,15455.0,15530.0,15385.0,15520.0,277514,672092,15450.0,棉花,农产品,CZCE,CF0
2023-12-28,15520.0,15585.0,15475.0,15530.0,314880,681590,15535.0,棉花,农产品,CZCE,CF0
2023-12-29,15550.0,15635.0,15435.0,15455.0,340681,675665,15550.0,棉花,农产品,CZCE,CF0
2024-01-02,15510.0,15630.0,15480.0,15600.0,188206,672453,15555.0,棉花,农产品,CZCE,CF0
2024-01-03,15615.0,15670.0,15520.0,15645.0,273981,661036,15595.0,棉花,农产品,CZCE,CF0
2024-01-04,15645.0,15725.0,15600.0,15670.0,274292,661258,15665.0,棉花,农产品,CZCE,CF0
2024-01-05,15700.0,15735.0,15540.0,15615.0,245409,648974,15630.0,棉花,农产品,CZCE,CF0
2024-01-08,15615.0,15710.0,15480.0,15500.0,335132,633875,15575.0,棉花,农产品,CZCE,CF0
2024-01-09,15480.0,15565.0,15315.0,15500.0,462891,604735,15430.0,棉花,农产品,CZCE,CF0
2024-01-10,15500.0,15605.0,15455.0,15485.0,280471,587784,15530.0,棉花,农产品,CZCE,CF0
2024-01-11,15495.0,15630.0,15390.0,15580.0,313686,587130,15500.0,棉花,农产品,CZCE,CF0
2024-01-12,15590.0,15645.0,15505.0,15520.0,264615,586210,15585.0,棉花,农产品,CZCE,CF0
2024-01-15,15570.0,15585.0,15405.0,15435.0,276969,581060,15485.0,棉花,农产品,CZCE,CF0
2024-01-16,15420.0,15600.0,15420.0,15600.0,245035,586271,15525.0,棉花,农产品,CZCE,CF0
2024-01-17,15555.0,15615.0,15535.0,15540.0,181156,583258,15570.0,棉花,农产品,CZCE,CF0
2024-01-18,15555.0,15900.0,15545.0,15890.0,577598,628405,15770.0,棉花,农产品,CZCE,CF0
2024-01-19,15855.0,15950.0,15800.0,15925.0,310875,636573,15880.0,棉花,农产品,CZCE,CF0
2024-01-22,15920.0,16080.0,15860.0,15910.0,459127,617981,15975.0,棉花,农产品,CZCE,CF0
2024-01-23,15970.0,16015.0,15920.0,15955.0,201197,613732,15965.0,棉花,农产品,CZCE,CF0
2024-01-24,15920.0,16010.0,15830.0,15975.0,276741,603842,15930.0,棉花,农产品,CZCE,CF0
2024-01-25,16000.0,16070.0,15965.0,15990.0,221313,609019,16020.0,棉花,农产品,CZCE,CF0
2024-01-26,15960.0,16090.0,15920.0,15980.0,250100,598750,16000.0,棉花,农产品,CZCE,CF0
2024-01-29,15990.0,16170.0,15875.0,16125.0,332043,610631,16020.0,棉花,农产品,CZCE,CF0
2024-01-31,16075.0,16160.0,15930.0,16085.0,305164,593778,16045.0,棉花,农产品,CZCE,CF0
2024-02-01,16060.0,16085.0,15970.0,16025.0,210593,585777,16035.0,棉花,农产品,CZCE,CF0
2024-02-02,16000.0,16100.0,15920.0,15990.0,303595,574096,16010.0,棉花,农产品,CZCE,CF0
2024-02-05,15970.0,16080.0,15955.0,16025.0,240747,564829,16015.0,棉花,农产品,CZCE,CF0
2024-02-06,16045.0,16115.0,15990.0,16055.0,211573,567435,16045.0,棉花,农产品,CZCE,CF0
2024-02-07,16070.0,16100.0,15950.0,15985.0,206362,543623,16020.0,棉花,农产品,CZCE,CF0
2024-02-08,15990.0,16165.0,15990.0,16025.0,207012,532022,16075.0,棉花,农产品,CZCE,CF0
2024-02-19,16355.0,16395.0,16260.0,16270.0,222328,559756,16330.0,棉花,农产品,CZCE,CF0
2024-02-20,16275.0,16320.0,16135.0,16245.0,283859,562775,16240.0,棉花,农产品,CZCE,CF0
2024-02-21,16260.0,16275.0,16140.0,16225.0,209889,564307,16215.0,棉花,农产品,CZCE,CF0
2024-02-22,16230.0,16300.0,16165.0,16295.0,203730,570285,16235.0,棉花,农产品,CZCE,CF0
2024-02-23,16310.0,16355.0,16275.0,16320.0,195079,577024,16320.0,棉花,农产品,CZCE,CF0
2024-02-26,16295.0,16295.0,16150.0,16195.0,259710,568992,16225.0,棉花,农产品,CZCE,CF0
2024-02-27,16220.0,16300.0,16205.0,16280.0,188917,573192,16255.0,棉花,农产品,CZCE,CF0
2024-02-28,16365.0,16450.0,16275.0,16370.0,406727,589769,16375.0,棉花,农产品,CZCE,CF0
2024-02-29,16375.0,16410.0,16060.0,16110.0,464177,561330,16200.0,棉花,农产品,CZCE,CF0
2024-03-04,16115.0,16130.0,15910.0,15985.0,306886,523540,15995.0,棉花,农产品,CZCE,CF0
2024-03-05,16005.0,16075.0,15940.0,16025.0,195848,522154,16010.0,棉花,农产品,CZCE,CF0
2024-03-06,15980.0,16090.0,15955.0,16055.0,167471,521341,16010.0,棉花,农产品,CZCE,CF0
2024-03-07,16100.0,16170.0,16045.0,16065.0,193479,511675,16095.0,棉花,农产品,CZCE,CF0
2024-03-08,16065.0,16240.0,16050.0,16200.0,255904,514748,16150.0,棉花,农产品,CZCE,CF0
2024-03-11,16180.0,16190.0,15925.0,15980.0,302459,518847,16035.0,棉花,农产品,CZCE,CF0
2024-03-12,15985.0,16055.0,15865.0,15930.0,263356,518212,15965.0,棉花,农产品,CZCE,CF0
2024-03-13,15920.0,16000.0,15880.0,15925.0,171303,513666,15945.0,棉花,农产品,CZCE,CF0
2024-03-14,15910.0,16085.0,15900.0,15930.0,248207,507694,15985.0,棉花,农产品,CZCE,CF0
2024-03-15,15975.0,16030.0,15905.0,15995.0,213381,494110,15975.0,棉花,农产品,CZCE,CF0
2024-03-18,16005.0,16210.0,15995.0,16090.0,366355,502309,16105.0,棉花,农产品,CZCE,CF0
2024-03-19,16090.0,16095.0,15950.0,15980.0,256071,493137,16015.0,棉花,农产品,CZCE,CF0
2024-03-20,15930.0,16005.0,15860.0,15890.0,240492,496111,15930.0,棉花,农产品,CZCE,CF0
2024-03-21,15880.0,16120.0,15860.0,16065.0,337629,472778,16010.0,棉花,农产品,CZCE,CF0
2024-03-22,16050.0,16060.0,15865.0,15895.0,326757,477134,15935.0,棉花,农产品,CZCE,CF0
2024-03-25,15915.0,15980.0,15815.0,15855.0,296955,466866,15895.0,棉花,农产品,CZCE,CF0
2024-03-26,15845.0,16055.0,15840.0,15945.0,268315,455492,15945.0,棉花,农产品,CZCE,CF0
2024-03-27,15960.0,16000.0,15860.0,15895.0,201334,447792,15935.0,棉花,农产品,CZCE,CF0
2024-03-28,15880.0,15950.0,15810.0,15925.0,279970,439426,15875.0,棉花,农产品,CZCE,CF0
2024-03-29,15955.0,16125.0,15915.0,16085.0,306297,440137,16040.0,棉花,农产品,CZCE,CF0
2024-04-01,16045.0,16200.0,16035.0,16190.0,254100,428542,16140.0,棉花,农产品,CZCE,CF0
2024-04-02,16200.0,16260.0,16165.0,16230.0,218545,408626,16220.0,棉花,农产品,CZCE,CF0
2024-04-03,16240.0,16270.0,16170.0,16250.0,196993,383055,16230.0,棉花,农产品,CZCE,CF0
2024-04-08,16100.0,16200.0,16065.0,16185.0,179283,362782,16150.0,棉花,农产品,CZCE,CF0
2024-04-09,16160.0,16280.0,16130.0,16265.0,168286,341974,16200.0,棉花,农产品,CZCE,CF0
2024-04-10,16255.0,16325.0,16215.0,16280.0,171948,318881,16275.0,棉花,农产品,CZCE,CF0
2024-04-11,16460.0,16480.0,16380.0,16405.0,233308,388812,16430.0,棉花,农产品,CZCE,CF0
2024-04-12,16380.0,16390.0,16285.0,16355.0,245985,411319,16340.0,棉花,农产品,CZCE,CF0
2024-04-15,16335.0,16445.0,16305.0,16395.0,275034,447702,16390.0,棉花,农产品,CZCE,CF0
2024-04-16,16410.0,16470.0,16310.0,16345.0,281209,459871,16390.0,棉花,农产品,CZCE,CF0
2024-04-17,16295.0,16340.0,16040.0,16100.0,495398,471353,16170.0,棉花,农产品,CZCE,CF0
2024-04-18,16080.0,16160.0,15925.0,15935.0,439427,502108,16020.0,棉花,农产品,CZCE,CF0
2024-04-19,15945.0,15960.0,15815.0,15825.0,401667,507038,15885.0,棉花,农产品,CZCE,CF0
2024-04-22,15845.0,15960.0,15740.0,15870.0,365392,508804,15860.0,棉花,农产品,CZCE,CF0
2024-04-23,15860.0,15930.0,15830.0,15840.0,233958,512932,15875.0,棉花,农产品,CZCE,CF0
2024-04-24,15800.0,15845.0,15755.0,15805.0,260066,513511,15800.0,棉花,农产品,CZCE,CF0
2024-04-25,15845.0,15845.0,15650.0,15700.0,296053,523354,15750.0,棉花,农产品,CZCE,CF0
2024-04-26,15720.0,15765.0,15635.0,15730.0,253007,521371,15695.0,棉花,农产品,CZCE,CF0
2024-04-29,15705.0,15815.0,15675.0,15765.0,232556,506067,15750.0,棉花,农产品,CZCE,CF0
2024-04-30,15775.0,15775.0,15640.0,15655.0,205796,501095,15700.0,棉花,农产品,CZCE,CF0
2024-05-06,15600.0,15665.0,15505.0,15555.0,192342,519842,15575.0,棉花,农产品,CZCE,CF0
2024-05-07,15510.0,15630.0,15475.0,15595.0,261011,535709,15555.0,棉花,农产品,CZCE,CF0
2024-05-08,15600.0,15705.0,15600.0,15635.0,298827,541906,15655.0,棉花,农产品,CZCE,CF0
2024-05-09,15660.0,15695.0,15290.0,15310.0,554976,605685,15495.0,棉花,农产品,CZCE,CF0
2024-05-10,15335.0,15345.0,15065.0,15200.0,538998,609913,15200.0,棉花,农产品,CZCE,CF0
2024-05-13,15200.0,15250.0,15045.0,15145.0,326122,614132,15155.0,棉花,农产品,CZCE,CF0
2024-05-14,15145.0,15290.0,15120.0,15165.0,322844,618793,15190.0,棉花,农产品,CZCE,CF0
2024-05-15,15105.0,15140.0,14840.0,14920.0,487454,645781,14970.0,棉花,农产品,CZCE,CF0
2024-05-16,14940.0,15245.0,14895.0,15200.0,453549,599087,15055.0,棉花,农产品,CZCE,CF0
2024-05-17,15160.0,15295.0,15155.0,15245.0,279540,589487,15230.0,棉花,农产品,CZCE,CF0
2024-05-20,15245.0,15365.0,15220.0,15320.0,334834,582112,15305.0,棉花,农产品,CZCE,CF0
2024-05-21,15325.0,15360.0,15260.0,15340.0,277761,578409,15305.0,棉花,农产品,CZCE,CF0
2024-05-22,15305.0,15430.0,15305.0,15375.0,293505,565023,15365.0,棉花,农产品,CZCE,CF0
2024-05-23,15390.0,15570.0,15370.0,15530.0,451955,549459,15485.0,棉花,农产品,CZCE,CF0
2024-05-24,15565.0,15595.0,15485.0,15540.0,284491,534407,15545.0,棉花,农产品,CZCE,CF0
2024-05-27,15565.0,15570.0,15365.0,15465.0,284378,529586,15470.0,棉花,农产品,CZCE,CF0
2024-05-28,15475.0,15555.0,15460.0,15490.0,213139,523391,15510.0,棉花,农产品,CZCE,CF0
2024-05-29,15545.0,15630.0,15525.0,15570.0,252792,520174,15570.0,棉花,农产品,CZCE,CF0
2024-05-30,15520.0,15530.0,15420.0,15470.0,259278,515957,15475.0,棉花,农产品,CZCE,CF0
2024-05-31,15480.0,15500.0,15120.0,15120.0,467795,550644,15270.0,棉花,农产品,CZCE,CF0
2024-06-03,15120.0,15180.0,14960.0,15010.0,375668,551203,15080.0,棉花,农产品,CZCE,CF0
2024-06-04,15000.0,15020.0,14875.0,14940.0,310472,557582,14950.0,棉花,农产品,CZCE,CF0
2024-06-05,14920.0,15195.0,14905.0,15150.0,436646,550522,15075.0,棉花,农产品,CZCE,CF0
2024-06-06,15120.0,15180.0,15065.0,15145.0,277410,546959,15135.0,棉花,农产品,CZCE,CF0
2024-06-07,15130.0,15225.0,15090.0,15135.0,256950,551371,15145.0,棉花,农产品,CZCE,CF0
2024-06-11,14960.0,15055.0,14870.0,14995.0,307487,565202,14970.0,棉花,农产品,CZCE,CF0
2024-06-12,14980.0,15100.0,14980.0,14995.0,268045,572408,15035.0,棉花,农产品,CZCE,CF0
2024-06-13,14990.0,15015.0,14720.0,14760.0,504176,593822,14845.0,棉花,农产品,CZCE,CF0
2024-06-14,14740.0,14840.0,14740.0,14795.0,282468,599167,14790.0,棉花,农产品,CZCE,CF0
2024-06-17,14815.0,14835.0,14420.0,14435.0,520697,612850,14620.0,棉花,农产品,CZCE,CF0
2024-06-18,14395.0,14575.0,14340.0,14490.0,434888,588790,14465.0,棉花,农产品,CZCE,CF0
2024-06-19,14490.0,14600.0,14480.0,14560.0,261193,584432,14530.0,棉花,农产品,CZCE,CF0
2024-06-20,14550.0,14660.0,14505.0,14570.0,239989,575514,14575.0,棉花,农产品,CZCE,CF0
2024-06-21,14600.0,14610.0,14435.0,14560.0,321854,575933,14525.0,棉花,农产品,CZCE,CF0
2024-06-24,14585.0,14610.0,14465.0,14560.0,271699,566409,14550.0,棉花,农产品,CZCE,CF0
2024-06-25,14610.0,14640.0,14505.0,14595.0,274450,560580,14570.0,棉花,农产品,CZCE,CF0
2024-06-26,14620.0,14780.0,14615.0,14735.0,369745,549722,14705.0,棉花,农产品,CZCE,CF0
2024-06-27,14710.0,14750.0,14620.0,14675.0,242476,549595,14690.0,棉花,农产品,CZCE,CF0
2024-06-28,14675.0,14760.0,14600.0,14705.0,231613,537550,14680.0,棉花,农产品,CZCE,CF0
2024-07-01,14715.0,14870.0,14510.0,14830.0,434629,530864,14665.0,棉花,农产品,CZCE,CF0
2024-07-02,14800.0,14880.0,14765.0,14845.0,256126,522160,14835.0,棉花,农产品,CZCE,CF0
2024-07-03,14800.0,14835.0,14725.0,14825.0,252222,518353,14780.0,棉花,农产品,CZCE,CF0
2024-07-04,14825.0,14860.0,14620.0,14650.0,303782,525024,14740.0,棉花,农产品,CZCE,CF0
2024-07-05,14650.0,14810.0,14635.0,14770.0,263672,512672,14735.0,棉花,农产品,CZCE,CF0
2024-07-08,14705.0,14705.0,14525.0,14595.0,354735,518059,14600.0,棉花,农产品,CZCE,CF0
2024-07-09,14595.0,14670.0,14530.0,14615.0,249231,518472,14605.0,棉花,农产品,CZCE,CF0
2024-07-10,14580.0,14580.0,14380.0,14405.0,328353,520018,14470.0,棉花,农产品,CZCE,CF0
2024-07-11,14425.0,14725.0,14425.0,14665.0,353513,515596,14590.0,棉花,农产品,CZCE,CF0
2024-07-12,14640.0,14680.0,14465.0,14470.0,269289,513495,14600.0,棉花,农产品,CZCE,CF0
2024-07-15,14540.0,14700.0,14455.0,14660.0,287962,506369,14580.0,棉花,农产品,CZCE,CF0
2024-07-16,14715.0,14785.0,14660.0,14705.0,294649,505375,14730.0,棉花,农产品,CZCE,CF0
2024-07-17,14675.0,14720.0,14485.0,14690.0,375107,492455,14590.0,棉花,农产品,CZCE,CF0
2024-07-18,14705.0,14755.0,14635.0,14715.0,205594,491481,14695.0,棉花,农产品,CZCE,CF0
2024-07-19,14695.0,14770.0,14600.0,14715.0,272892,483819,14695.0,棉花,农产品,CZCE,CF0
2024-07-22,14645.0,14680.0,14565.0,14615.0,258218,477841,14625.0,棉花,农产品,CZCE,CF0
2024-07-23,14590.0,14645.0,14505.0,14530.0,249995,465280,14575.0,棉花,农产品,CZCE,CF0
2024-07-24,14500.0,14525.0,14205.0,14245.0,488560,483365,14340.0,棉花,农产品,CZCE,CF0
2024-07-25,14075.0,14170.0,13990.0,14060.0,420326,464298,14085.0,棉花,农产品,CZCE,CF0
2024-07-26,14100.0,14210.0,14060.0,14155.0,309641,452543,14130.0,棉花,农产品,CZCE,CF0
2024-07-29,14140.0,14165.0,14050.0,14140.0,245701,442097,14115.0,棉花,农产品,CZCE,CF0
2024-07-30,14180.0,14190.0,14055.0,14120.0,189972,433717,14115.0,棉花,农产品,CZCE,CF0
2024-07-31,14145.0,14175.0,14030.0,14150.0,233593,420822,14115.0,棉花,农产品,CZCE,CF0
2024-08-01,14160.0,14245.0,14110.0,14200.0,258865,405385,14175.0,棉花,农产品,CZCE,CF0
2024-08-02,14230.0,14240.0,14050.0,14160.0,202129,395772,14155.0,棉花,农产品,CZCE,CF0
2024-08-05,14165.0,14185.0,13955.0,13955.0,280988,385561,14095.0,棉花,农产品,CZCE,CF0
2024-08-06,13845.0,13885.0,13640.0,13655.0,396868,365974,13785.0,棉花,农产品,CZCE,CF0
2024-08-07,13625.0,13680.0,13490.0,13525.0,257043,337164,13605.0,棉花,农产品,CZCE,CF0
2024-08-08,13535.0,13570.0,13280.0,13290.0,301759,301604,13430.0,棉花,农产品,CZCE,CF0
2024-08-09,13250.0,13640.0,13250.0,13630.0,329598,254890,13445.0,棉花,农产品,CZCE,CF0
2024-08-12,13650.0,13710.0,13530.0,13625.0,219648,234028,13620.0,棉花,农产品,CZCE,CF0
2024-08-13,13620.0,13655.0,13505.0,13545.0,156399,216649,13580.0,棉花,农产品,CZCE,CF0
2024-08-14,13525.0,13570.0,13260.0,13395.0,336585,387784,13425.0,棉花,农产品,CZCE,CF0
2024-08-15,13395.0,13490.0,13290.0,13390.0,292355,401839,13385.0,棉花,农产品,CZCE,CF0
2024-08-16,13420.0,13485.0,13360.0,13380.0,205148,406524,13415.0,棉花,农产品,CZCE,CF0
2024-08-19,13300.0,13495.0,13200.0,13400.0,346531,425632,13355.0,棉花,农产品,CZCE,CF0
2024-08-20,13440.0,13625.0,13440.0,13490.0,339833,430790,13535.0,棉花,农产品,CZCE,CF0
2024-08-21,13515.0,13585.0,13465.0,13575.0,245467,435532,13530.0,棉花,农产品,CZCE,CF0
2024-08-22,13590.0,13680.0,13560.0,13580.0,297547,440040,13625.0,棉花,农产品,CZCE,CF0
2024-08-23,13550.0,13660.0,13525.0,13580.0,229218,446045,13590.0,棉花,农产品,CZCE,CF0
2024-08-26,13600.0,13815.0,13555.0,13800.0,300619,456493,13715.0,棉花,农产品,CZCE,CF0
2024-08-27,13765.0,13830.0,13720.0,13795.0,226553,465282,13770.0,棉花,农产品,CZCE,CF0
2024-08-28,13765.0,13850.0,13740.0,13810.0,253431,474872,13795.0,棉花,农产品,CZCE,CF0
2024-08-29,13795.0,13815.0,13680.0,13800.0,292041,476667,13755.0,棉花,农产品,CZCE,CF0
2024-08-30,13810.0,13875.0,13730.0,13750.0,283003,483149,13805.0,棉花,农产品,CZCE,CF0
2024-09-02,13775.0,13785.0,13535.0,13550.0,366249,479249,13670.0,棉花,农产品,CZCE,CF0
2024-09-03,13615.0,13795.0,13585.0,13770.0,347596,500921,13715.0,棉花,农产品,CZCE,CF0
2024-09-04,13785.0,13940.0,13510.0,13565.0,600358,498278,13730.0,棉花,农产品,CZCE,CF0
2024-09-05,13580.0,13800.0,13570.0,13675.0,419926,492703,13695.0,棉花,农产品,CZCE,CF0
2024-09-06,13675.0,13725.0,13415.0,13460.0,428635,500695,13565.0,棉花,农产品,CZCE,CF0
2024-09-09,13480.0,13505.0,13220.0,13325.0,406894,508257,13330.0,棉花,农产品,CZCE,CF0
2024-09-10,13325.0,13425.0,13305.0,13335.0,270999,504997,13355.0,棉花,农产品,CZCE,CF0
2024-09-11,13370.0,13475.0,13235.0,13465.0,358894,502570,13330.0,棉花,农产品,CZCE,CF0
2024-09-12,13495.0,13605.0,13435.0,13535.0,365052,497223,13530.0,棉花,农产品,CZCE,CF0
2024-09-13,13525.0,13580.0,13455.0,13545.0,247519,487286,13510.0,棉花,农产品,CZCE,CF0
2024-09-18,13650.0,13770.0,13635.0,13720.0,285716,495170,13705.0,棉花,农产品,CZCE,CF0
2024-09-19,13685.0,13800.0,13595.0,13785.0,367626,495963,13700.0,棉花,农产品,CZCE,CF0
2024-09-20,13790.0,14075.0,13745.0,14075.0,438407,513472,13895.0,棉花,农产品,CZCE,CF0
2024-09-23,14065.0,14150.0,13925.0,14040.0,488714,512492,14050.0,棉花,农产品,CZCE,CF0
2024-09-24,14000.0,14195.0,13970.0,14195.0,394336,523091,14085.0,棉花,农产品,CZCE,CF0
2024-09-25,14210.0,14370.0,14165.0,14180.0,448078,514390,14255.0,棉花,农产品,CZCE,CF0
2024-09-26,14165.0,14330.0,14100.0,14305.0,380357,503716,14240.0,棉花,农产品,CZCE,CF0
2024-09-27,14305.0,14595.0,14275.0,14555.0,445836,482148,14405.0,棉花,农产品,CZCE,CF0
2024-09-30,14455.0,14660.0,14365.0,14565.0,425850,456349,14540.0,棉花,农产品,CZCE,CF0
2024-10-08,14700.0,14755.0,14165.0,14300.0,415513,458691,14415.0,棉花,农产品,CZCE,CF0
2024-10-09,14260.0,14395.0,14150.0,14225.0,400294,476745,14285.0,棉花,农产品,CZCE,CF0
2024-10-10,14225.0,14270.0,14050.0,14115.0,381844,475179,14185.0,棉花,农产品,CZCE,CF0
2024-10-11,14125.0,14210.0,14045.0,14160.0,283125,474186,14130.0,棉花,农产品,CZCE,CF0
2024-10-14,14200.0,14275.0,14070.0,14135.0,363963,474593,14180.0,棉花,农产品,CZCE,CF0
2024-10-15,14055.0,14150.0,14015.0,14060.0,273211,471866,14090.0,棉花,农产品,CZCE,CF0
2024-10-16,14060.0,14190.0,14055.0,14100.0,312574,480684,14125.0,棉花,农产品,CZCE,CF0
2024-10-17,14120.0,14175.0,13920.0,13940.0,400526,466420,14035.0,棉花,农产品,CZCE,CF0
2024-10-18,13930.0,14140.0,13925.0,14070.0,327089,469418,14050.0,棉花,农产品,CZCE,CF0
2024-10-21,14100.0,14100.0,13960.0,14020.0,268059,468933,14030.0,棉花,农产品,CZCE,CF0
2024-10-22,14065.0,14200.0,14065.0,14125.0,322569,481571,14130.0,棉花,农产品,CZCE,CF0
2024-10-23,14100.0,14145.0,14025.0,14125.0,256810,484052,14100.0,棉花,农产品,CZCE,CF0
2024-10-24,14095.0,14245.0,14075.0,14195.0,366644,502805,14175.0,棉花,农产品,CZCE,CF0
2024-10-25,14190.0,14235.0,14045.0,14105.0,314961,489175,14140.0,棉花,农产品,CZCE,CF0
2024-10-28,14110.0,14185.0,14060.0,14135.0,303087,486417,14120.0,棉花,农产品,CZCE,CF0
2024-10-29,14085.0,14115.0,13990.0,14000.0,346040,482301,14050.0,棉花,农产品,CZCE,CF0
2024-10-30,14070.0,14080.0,14000.0,14055.0,209537,482765,14045.0,棉花,农产品,CZCE,CF0
2024-10-31,14040.0,14045.0,13960.0,14015.0,259779,491127,14005.0,棉花,农产品,CZCE,CF0
2024-11-01,14015.0,14160.0,13930.0,14090.0,394753,501916,14050.0,棉花,农产品,CZCE,CF0
2024-11-04,14150.0,14155.0,14025.0,14080.0,262839,496975,14090.0,棉花,农产品,CZCE,CF0
2024-11-05,14080.0,14100.0,13990.0,14020.0,215410,494623,14040.0,棉花,农产品,CZCE,CF0
2024-11-06,14005.0,14025.0,13865.0,13880.0,377819,510502,13950.0,棉花,农产品,CZCE,CF0
2024-11-07,13860.0,14200.0,13860.0,14195.0,510343,531013,14050.0,棉花,农产品,CZCE,CF0
2024-11-08,14200.0,14250.0,14140.0,14180.0,336447,531349,14200.0,棉花,农产品,CZCE,CF0
2024-11-11,14145.0,14230.0,14105.0,14185.0,285044,529973,14190.0,棉花,农产品,CZCE,CF0
2024-11-12,14165.0,14165.0,14010.0,14045.0,318543,493411,14085.0,棉花,农产品,CZCE,CF0
2024-11-13,14060.0,14110.0,14035.0,14045.0,176610,490194,14065.0,棉花,农产品,CZCE,CF0
2024-11-14,14060.0,14070.0,13975.0,14030.0,191010,485500,14030.0,棉花,农产品,CZCE,CF0
2024-11-15,14055.0,14100.0,13925.0,13955.0,251096,483871,14005.0,棉花,农产品,CZCE,CF0
2024-11-18,13950.0,13965.0,13835.0,13955.0,252121,480718,13910.0,棉花,农产品,CZCE,CF0
2024-11-19,13950.0,13955.0,13875.0,13900.0,179362,481892,13905.0,棉花,农产品,CZCE,CF0
2024-11-20,13875.0,13960.0,13855.0,13930.0,164723,476982,13905.0,棉花,农产品,CZCE,CF0
2024-11-21,13945.0,14005.0,13915.0,13975.0,183106,471680,13960.0,棉花,农产品,CZCE,CF0
2024-11-22,13985.0,13985.0,13850.0,13865.0,199068,459261,13915.0,棉花,农产品,CZCE,CF0
2024-11-25,13865.0,13975.0,13865.0,13955.0,176885,442681,13930.0,棉花,农产品,CZCE,CF0
2024-11-26,13970.0,13990.0,13890.0,13915.0,150355,435167,13940.0,棉花,农产品,CZCE,CF0
2024-11-27,13915.0,13970.0,13910.0,13950.0,136075,425966,13940.0,棉花,农产品,CZCE,CF0
2024-11-28,13950.0,14000.0,13935.0,13965.0,146562,409838,13970.0,棉花,农产品,CZCE,CF0
2024-11-29,13965.0,14085.0,13920.0,14055.0,251324,401612,14010.0,棉花,农产品,CZCE,CF0
2024-12-02,14015.0,14080.0,13975.0,13985.0,187381,373769,14035.0,棉花,农产品,CZCE,CF0
2024-12-03,13985.0,13985.0,13820.0,13920.0,283660,351056,13910.0,棉花,农产品,CZCE,CF0
2024-12-04,13930.0,13950.0,13860.0,13870.0,127832,336944,13890.0,棉花,农产品,CZCE,CF0
2024-12-05,13895.0,13945.0,13845.0,13900.0,156312,314844,13890.0,棉花,农产品,CZCE,CF0
2024-12-06,13915.0,13925.0,13850.0,13865.0,102208,297632,13885.0,棉花,农产品,CZCE,CF0
2024-12-09,13890.0,13915.0,13690.0,13760.0,368828,485203,13780.0,棉花,农产品,CZCE,CF0
2024-12-10,13845.0,13900.0,13765.0,13780.0,292339,501035,13830.0,棉花,农产品,CZCE,CF0
2024-12-11,13735.0,13810.0,13730.0,13765.0,164681,509965,13760.0,棉花,农产品,CZCE,CF0
2024-12-12,13780.0,13780.0,13705.0,13760.0,193477,522504,13740.0,棉花,农产品,CZCE,CF0
2024-12-13,13760.0,13765.0,13635.0,13650.0,229464,556636,13695.0,棉花,农产品,CZCE,CF0
2024-12-16,13630.0,13645.0,13530.0,13570.0,215934,592038,13585.0,棉花,农产品,CZCE,CF0
2024-12-17,13570.0,13605.0,13510.0,13535.0,162846,608254,13555.0,棉花,农产品,CZCE,CF0
2024-12-18,13535.0,13535.0,13340.0,13390.0,298712,644206,13410.0,棉花,农产品,CZCE,CF0
2024-12-19,13370.0,13395.0,13315.0,13350.0,177593,655953,13350.0,棉花,农产品,CZCE,CF0
2024-12-20,13325.0,13430.0,13320.0,13395.0,206019,664893,13380.0,棉花,农产品,CZCE,CF0
2024-12-23,13395.0,13470.0,13345.0,13455.0,214907,663133,13410.0,棉花,农产品,CZCE,CF0
2024-12-24,13455.0,13490.0,13435.0,13450.0,132917,663825,13465.0,棉花,农产品,CZCE,CF0
2024-12-25,13425.0,13500.0,13415.0,13465.0,143185,659889,13455.0,棉花,农产品,CZCE,CF0
2024-12-26,13465.0,13480.0,13415.0,13445.0,129924,661521,13450.0,棉花,农产品,CZCE,CF0
2024-12-27,13450.0,13540.0,13440.0,13500.0,225198,655072,13505.0,棉花,农产品,CZCE,CF0
2024-12-30,13475.0,13510.0,13365.0,13430.0,238771,662416,13430.0,棉花,农产品,CZCE,CF0
2024-12-31,13470.0,13560.0,13450.0,13495.0,208453,646461,13505.0,棉花,农产品,CZCE,CF0
2025-01-02,13485.0,13555.0,13455.0,13535.0,140235,648164,13520.0,棉花,农产品,CZCE,CF0
2025-01-03,13560.0,13600.0,13400.0,13405.0,281386,649378,13485.0,棉花,农产品,CZCE,CF0
2025-01-06,13400.0,13445.0,13330.0,13345.0,246382,664200,13385.0,棉花,农产品,CZCE,CF0
2025-01-07,13415.0,13500.0,13370.0,13425.0,271779,653807,13430.0,棉花,农产品,CZCE,CF0
2025-01-08,13425.0,13475.0,13390.0,13445.0,171237,654229,13430.0,棉花,农产品,CZCE,CF0
2025-01-09,13420.0,13475.0,13355.0,13470.0,213091,660133,13410.0,棉花,农产品,CZCE,CF0
2025-01-10,13440.0,13585.0,13440.0,13540.0,270692,658081,13525.0,棉花,农产品,CZCE,CF0
2025-01-13,13520.0,13550.0,13390.0,13510.0,287716,653536,13475.0,棉花,农产品,CZCE,CF0
2025-01-14,13510.0,13620.0,13465.0,13600.0,266321,663063,13560.0,棉花,农产品,CZCE,CF0
2025-01-15,13580.0,13600.0,13505.0,13590.0,201087,664555,13555.0,棉花,农产品,CZCE,CF0
2025-01-16,13590.0,13645.0,13565.0,13600.0,227323,656132,13605.0,棉花,农产品,CZCE,CF0
2025-01-17,13575.0,13675.0,13540.0,13660.0,246362,655637,13615.0,棉花,农产品,CZCE,CF0
2025-01-20,13660.0,13695.0,13615.0,13680.0,193151,657330,13660.0,棉花,农产品,CZCE,CF0
2025-01-21,13665.0,13680.0,13625.0,13670.0,127968,649136,13660.0,棉花,农产品,CZCE,CF0
2025-01-22,13645.0,13680.0,13565.0,13610.0,174683,637820,13615.0,棉花,农产品,CZCE,CF0
2025-01-23,13615.0,13620.0,13450.0,13455.0,266057,630933,13515.0,棉花,农产品,CZCE,CF0
2025-01-24,13455.0,13610.0,13415.0,13590.0,268020,603737,13510.0,棉花,农产品,CZCE,CF0
2025-01-27,13595.0,13700.0,13575.0,13690.0,189542,604402,13640.0,棉花,农产品,CZCE,CF0
2025-02-05,13600.0,13665.0,13585.0,13645.0,122017,612628,13630.0,棉花,农产品,CZCE,CF0
2025-02-06,13605.0,13665.0,13455.0,13535.0,288755,631557,13545.0,棉花,农产品,CZCE,CF0
2025-02-07,13505.0,13645.0,13505.0,13635.0,226525,632540,13595.0,棉花,农产品,CZCE,CF0
2025-02-10,13605.0,13655.0,13600.0,13635.0,156790,641869,13630.0,棉花,农产品,CZCE,CF0
2025-02-11,13660.0,13800.0,13635.0,13735.0,421293,705125,13730.0,棉花,农产品,CZCE,CF0
2025-02-12,13760.0,13785.0,13740.0,13770.0,205339,712880,13760.0,棉花,农产品,CZCE,CF0
2025-02-13,13785.0,13790.0,13650.0,13685.0,237109,689823,13725.0,棉花,农产品,CZCE,CF0
2025-02-14,13645.0,13770.0,13645.0,13740.0,181635,698745,13720.0,棉花,农产品,CZCE,CF0
2025-02-17,13725.0,13845.0,13695.0,13820.0,267787,720031,13785.0,棉花,农产品,CZCE,CF0
2025-02-18,13810.0,13910.0,13805.0,13885.0,265130,734199,13870.0,棉花,农产品,CZCE,CF0
2025-02-19,13890.0,13920.0,13850.0,13885.0,183173,732253,13885.0,棉花,农产品,CZCE,CF0
2025-02-20,13870.0,13890.0,13815.0,13890.0,195137,720949,13855.0,棉花,农产品,CZCE,CF0
2025-02-21,13855.0,13930.0,13850.0,13870.0,193836,717292,13890.0,棉花,农产品,CZCE,CF0
2025-02-24,13850.0,13895.0,13810.0,13865.0,189390,717700,13850.0,棉花,农产品,CZCE,CF0
2025-02-25,13855.0,13865.0,13780.0,13830.0,179702,705955,13825.0,棉花,农产品,CZCE,CF0
2025-02-26,13800.0,13845.0,13765.0,13805.0,193512,694164,13805.0,棉花,农产品,CZCE,CF0
2025-02-27,13795.0,13810.0,13705.0,13740.0,221046,674179,13750.0,棉花,农产品,CZCE,CF0
2025-02-28,13765.0,13780.0,13550.0,13570.0,440176,636622,13640.0,棉花,农产品,CZCE,CF0
2025-03-03,13560.0,13640.0,13555.0,13595.0,216405,641422,13600.0,棉花,农产品,CZCE,CF0
2025-03-04,13575.0,13650.0,13500.0,13605.0,422615,643547,13585.0,棉花,农产品,CZCE,CF0
2025-03-05,13605.0,13620.0,13505.0,13520.0,233773,644550,13550.0,棉花,农产品,CZCE,CF0
2025-03-06,13525.0,13545.0,13450.0,13545.0,216160,638249,13495.0,棉花,农产品,CZCE,CF0
2025-03-07,13535.0,13625.0,13530.0,13580.0,194499,639599,13585.0,棉花,农产品,CZCE,CF0
2025-03-10,13580.0,13700.0,13560.0,13650.0,222274,627268,13645.0,棉花,农产品,CZCE,CF0
2025-03-11,13650.0,13675.0,13580.0,13635.0,172603,624839,13630.0,棉花,农产品,CZCE,CF0
2025-03-12,13650.0,13665.0,13600.0,13610.0,140951,621204,13635.0,棉花,农产品,CZCE,CF0
2025-03-13,13630.0,13735.0,13610.0,13660.0,215101,609686,13670.0,棉花,农产品,CZCE,CF0
2025-03-14,13655.0,13715.0,13650.0,13680.0,136891,602560,13680.0,棉花,农产品,CZCE,CF0
2025-03-17,13680.0,13710.0,13620.0,13655.0,184826,589741,13665.0,棉花,农产品,CZCE,CF0
2025-03-18,13640.0,13655.0,13540.0,13575.0,210955,591531,13590.0,棉花,农产品,CZCE,CF0
2025-03-19,13575.0,13650.0,13560.0,13645.0,158673,583811,13610.0,棉花,农产品,CZCE,CF0
2025-03-20,13610.0,13695.0,13585.0,13690.0,200358,583569,13650.0,棉花,农产品,CZCE,CF0
2025-03-21,13650.0,13700.0,13620.0,13650.0,170433,578921,13660.0,棉花,农产品,CZCE,CF0
2025-03-24,13660.0,13660.0,13560.0,13605.0,186414,581185,13605.0,棉花,农产品,CZCE,CF0
2025-03-25,13605.0,13635.0,13570.0,13585.0,145597,575559,13605.0,棉花,农产品,CZCE,CF0
2025-03-26,13580.0,13660.0,13525.0,13635.0,246813,561559,13590.0,棉花,农产品,CZCE,CF0
2025-03-27,13650.0,13655.0,13530.0,13570.0,203404,560207,13580.0,棉花,农产品,CZCE,CF0
2025-03-28,13550.0,13670.0,13550.0,13580.0,223369,540106,13605.0,棉花,农产品,CZCE,CF0
2025-03-31,13595.0,13595.0,13505.0,13540.0,179247,539763,13545.0,棉花,农产品,CZCE,CF0
2025-04-01,13550.0,13625.0,13525.0,13590.0,179971,518366,13580.0,棉花,农产品,CZCE,CF0
2025-04-02,13615.0,13690.0,13600.0,13660.0,215849,503739,13650.0,棉花,农产品,CZCE,CF0
2025-04-03,13660.0,13670.0,13465.0,13510.0,354295,494083,13530.0,棉花,农产品,CZCE,CF0
2025-04-07,13255.0,13260.0,13075.0,13090.0,358120,466148,13145.0,棉花,农产品,CZCE,CF0
2025-04-08,13200.0,13265.0,12680.0,12835.0,463019,439624,13050.0,棉花,农产品,CZCE,CF0
2025-04-09,12810.0,12850.0,12315.0,12585.0,547467,389819,12565.0,棉花,农产品,CZCE,CF0
2025-04-10,12500.0,13000.0,12440.0,12820.0,389624,342591,12760.0,棉花,农产品,CZCE,CF0
2025-04-11,13000.0,13015.0,12865.0,12970.0,201703,403645,12955.0,棉花,农产品,CZCE,CF0
2025-04-14,12970.0,13045.0,12915.0,12990.0,182218,440016,12980.0,棉花,农产品,CZCE,CF0
2025-04-15,12950.0,12985.0,12855.0,12880.0,245575,474965,12920.0,棉花,农产品,CZCE,CF0
2025-04-16,12870.0,12935.0,12780.0,12830.0,215736,493417,12870.0,棉花,农产品,CZCE,CF0
2025-04-17,12810.0,12935.0,12810.0,12890.0,181105,512478,12875.0,棉花,农产品,CZCE,CF0
2025-04-18,12895.0,12915.0,12835.0,12885.0,164790,522222,12880.0,棉花,农产品,CZCE,CF0
2025-04-21,12895.0,12955.0,12870.0,12910.0,171504,528443,12905.0,棉花,农产品,CZCE,CF0
2025-04-22,12900.0,12915.0,12760.0,12795.0,194639,562752,12835.0,棉花,农产品,CZCE,CF0
2025-04-23,12800.0,13025.0,12790.0,12990.0,274797,567611,12915.0,棉花,农产品,CZCE,CF0
2025-04-24,13025.0,13055.0,12955.0,12990.0,184219,569270,13005.0,棉花,农产品,CZCE,CF0
2025-04-25,12975.0,13080.0,12955.0,12990.0,175630,572168,13010.0,棉花,农产品,CZCE,CF0
2025-04-28,12965.0,13030.0,12920.0,12950.0,189282,570462,12970.0,棉花,农产品,CZCE,CF0
2025-04-29,12910.0,12935.0,12800.0,12840.0,191368,573019,12870.0,棉花,农产品,CZCE,CF0
2025-04-30,12805.0,12825.0,12720.0,12750.0,176326,581040,12775.0,棉花,农产品,CZCE,CF0
2025-05-06,12870.0,12895.0,12675.0,12745.0,177966,587474,12785.0,棉花,农产品,CZCE,CF0
2025-05-07,12725.0,13015.0,12715.0,12900.0,283447,576631,12895.0,棉花,农产品,CZCE,CF0
2025-05-08,12870.0,12935.0,12780.0,12900.0,187909,579240,12865.0,棉花,农产品,CZCE,CF0
2025-05-09,12925.0,12960.0,12875.0,12950.0,158702,574084,12925.0,棉花,农产品,CZCE,CF0
2025-05-12,12945.0,13255.0,12920.0,13240.0,382405,582792,13145.0,棉花,农产品,CZCE,CF0
2025-05-13,13475.0,13475.0,13245.0,13330.0,288431,569849,13325.0,棉花,农产品,CZCE,CF0
2025-05-14,13330.0,13470.0,13290.0,13445.0,230116,572524,13390.0,棉花,农产品,CZCE,CF0
2025-05-15,13385.0,13480.0,13385.0,13415.0,210352,572790,13425.0,棉花,农产品,CZCE,CF0
2025-05-16,13440.0,13455.0,13360.0,13390.0,184067,572606,13415.0,棉花,农产品,CZCE,CF0
2025-05-19,13390.0,13425.0,13325.0,13390.0,153973,574517,13380.0,棉花,农产品,CZCE,CF0
2025-05-20,13410.0,13435.0,13380.0,13395.0,114380,575738,13410.0,棉花,农产品,CZCE,CF0
2025-05-21,13400.0,13560.0,13370.0,13440.0,248577,574399,13480.0,棉花,农产品,CZCE,CF0
2025-05-22,13415.0,13485.0,13400.0,13430.0,124539,578626,13440.0,棉花,农产品,CZCE,CF0
2025-05-23,13415.0,13475.0,13380.0,13410.0,127197,577706,13425.0,棉花,农产品,CZCE,CF0
2025-05-26,13385.0,13435.0,13330.0,13385.0,188284,575436,13380.0,棉花,农产品,CZCE,CF0
2025-05-27,13370.0,13380.0,13260.0,13330.0,206733,565059,13310.0,棉花,农产品,CZCE,CF0
2025-05-28,13335.0,13375.0,13275.0,13330.0,129832,562530,13330.0,棉花,农产品,CZCE,CF0
2025-05-29,13330.0,13355.0,13235.0,13320.0,195345,552461,13305.0,棉花,农产品,CZCE,CF0
2025-05-30,13280.0,13310.0,13240.0,13275.0,147917,545932,13270.0,棉花,农产品,CZCE,CF0
2025-06-03,13305.0,13330.0,13210.0,13260.0,144602,539143,13265.0,棉花,农产品,CZCE,CF0
2025-06-04,13270.0,13290.0,13200.0,13265.0,175395,525386,13245.0,棉花,农产品,CZCE,CF0
2025-06-05,13255.0,13310.0,13220.0,13245.0,135839,530157,13260.0,棉花,农产品,CZCE,CF0
2025-06-06,13265.0,13395.0,13255.0,13360.0,222549,530650,13350.0,棉花,农产品,CZCE,CF0
2025-06-09,13355.0,13550.0,13345.0,13495.0,264813,538461,13465.0,棉花,农产品,CZCE,CF0
2025-06-10,13495.0,13545.0,13450.0,13520.0,170148,538557,13495.0,棉花,农产品,CZCE,CF0
2025-06-11,13515.0,13600.0,13490.0,13540.0,229409,545791,13555.0,棉花,农产品,CZCE,CF0
2025-06-12,13520.0,13545.0,13465.0,13520.0,167917,541024,13505.0,棉花,农产品,CZCE,CF0
2025-06-13,13500.0,13520.0,13390.0,13495.0,182581,532642,13465.0,棉花,农产品,CZCE,CF0
2025-06-16,13480.0,13560.0,13460.0,13530.0,161249,537529,13515.0,棉花,农产品,CZCE,CF0
2025-06-17,13500.0,13545.0,13455.0,13525.0,145626,533544,13500.0,棉花,农产品,CZCE,CF0
2025-06-18,13540.0,13570.0,13510.0,13540.0,124616,533427,13545.0,棉花,农产品,CZCE,CF0
2025-06-19,13500.0,13535.0,13450.0,13525.0,154283,525918,13490.0,棉花,农产品,CZCE,CF0
2025-06-20,13515.0,13545.0,13465.0,13495.0,145884,524982,13505.0,棉花,农产品,CZCE,CF0
2025-06-23,13500.0,13540.0,13425.0,13465.0,184987,515356,13480.0,棉花,农产品,CZCE,CF0
2025-06-24,13460.0,13640.0,13445.0,13610.0,244862,541942,13535.0,棉花,农产品,CZCE,CF0
2025-06-25,13610.0,13665.0,13550.0,13645.0,234985,560112,13615.0,棉花,农产品,CZCE,CF0
2025-06-26,13635.0,13730.0,13630.0,13720.0,192242,584196,13685.0,棉花,农产品,CZCE,CF0
2025-06-27,13725.0,13775.0,13695.0,13760.0,185305,591022,13740.0,棉花,农产品,CZCE,CF0
2025-06-30,13755.0,13920.0,13730.0,13740.0,336931,574945,13815.0,棉花,农产品,CZCE,CF0
2025-07-01,13760.0,13780.0,13675.0,13745.0,188803,563236,13735.0,棉花,农产品,CZCE,CF0
2025-07-02,13730.0,13850.0,13720.0,13805.0,182580,560464,13785.0,棉花,农产品,CZCE,CF0
2025-07-03,13805.0,13825.0,13745.0,13785.0,130697,549673,13790.0,棉花,农产品,CZCE,CF0
2025-07-04,13785.0,13830.0,13760.0,13780.0,118433,546129,13790.0,棉花,农产品,CZCE,CF0
2025-07-07,13770.0,13875.0,13730.0,13760.0,194621,543865,13795.0,棉花,农产品,CZCE,CF0
2025-07-08,13740.0,13830.0,13705.0,13785.0,159277,543248,13760.0,棉花,农产品,CZCE,CF0
2025-07-09,13790.0,13855.0,13685.0,13830.0,215992,546763,13770.0,棉花,农产品,CZCE,CF0
2025-07-10,13845.0,13920.0,13815.0,13865.0,210238,551136,13865.0,棉花,农产品,CZCE,CF0
2025-07-11,13865.0,13945.0,13860.0,13885.0,189070,555557,13905.0,棉花,农产品,CZCE,CF0
2025-07-14,13880.0,13945.0,13870.0,13875.0,138677,557732,13900.0,棉花,农产品,CZCE,CF0
2025-07-15,13880.0,13895.0,13765.0,13850.0,207411,546688,13830.0,棉花,农产品,CZCE,CF0
2025-07-16,13850.0,14000.0,13850.0,13990.0,267096,568365,13945.0,棉花,农产品,CZCE,CF0
2025-07-17,13980.0,14285.0,13975.0,14250.0,477442,587593,14155.0,棉花,农产品,CZCE,CF0
2025-07-18,14250.0,14375.0,14225.0,14270.0,365642,580672,14300.0,棉花,农产品,CZCE,CF0
2025-07-21,14295.0,14295.0,14160.0,14185.0,287892,558902,14210.0,棉花,农产品,CZCE,CF0
2025-07-22,14155.0,14245.0,14095.0,14225.0,246550,554164,14175.0,棉花,农产品,CZCE,CF0
2025-07-23,14250.0,14295.0,14165.0,14180.0,205198,538200,14220.0,棉花,农产品,CZCE,CF0
2025-07-24,14180.0,14220.0,14105.0,14160.0,192931,518896,14160.0,棉花,农产品,CZCE,CF0
2025-07-25,14190.0,14330.0,14135.0,14170.0,287898,504801,14230.0,棉花,农产品,CZCE,CF0
2025-07-28,14175.0,14375.0,14040.0,14075.0,476365,468969,14190.0,棉花,农产品,CZCE,CF0
2025-07-29,14085.0,14160.0,13875.0,13925.0,337822,413662,14020.0,棉花,农产品,CZCE,CF0
2025-07-30,13900.0,13920.0,13750.0,13755.0,313784,375937,13825.0,棉花,农产品,CZCE,CF0
2025-07-31,13750.0,13785.0,13640.0,13650.0,230267,349547,13700.0,棉花,农产品,CZCE,CF0
2025-08-01,13690.0,13695.0,13535.0,13585.0,191438,325814,13615.0,棉花,农产品,CZCE,CF0
2025-08-04,13780.0,13850.0,13695.0,13805.0,111961,345184,13780.0,棉花,农产品,CZCE,CF0
2025-08-05,13810.0,13860.0,13785.0,13820.0,79383,353263,13825.0,棉花,农产品,CZCE,CF0
2025-08-06,13825.0,13885.0,13805.0,13850.0,90985,357305,13855.0,棉花,农产品,CZCE,CF0
2025-08-07,13840.0,13860.0,13805.0,13835.0,71087,361265,13830.0,棉花,农产品,CZCE,CF0
2025-08-08,13860.0,13865.0,13785.0,13800.0,69583,365411,13815.0,棉花,农产品,CZCE,CF0
2025-08-11,13790.0,13945.0,13770.0,13880.0,138929,381833,13870.0,棉花,农产品,CZCE,CF0
2025-08-12,13880.0,13990.0,13865.0,13980.0,184182,412957,13935.0,棉花,农产品,CZCE,CF0
2025-08-13,14000.0,14235.0,13985.0,14130.0,359282,455926,14110.0,棉花,农产品,CZCE,CF0
2025-08-14,14110.0,14165.0,14035.0,14155.0,239271,471323,14105.0,棉花,农产品,CZCE,CF0
2025-08-15,14140.0,14160.0,14080.0,14120.0,185273,477620,14110.0,棉花,农产品,CZCE,CF0
2025-08-18,14120.0,14160.0,14055.0,14125.0,165983,486066,14115.0,棉花,农产品,CZCE,CF0
2025-08-19,14135.0,14170.0,14080.0,14100.0,146844,488549,14125.0,棉花,农产品,CZCE,CF0
2025-08-20,14100.0,14100.0,13940.0,14055.0,283228,478466,14015.0,棉花,农产品,CZCE,CF0
2025-08-21,14055.0,14090.0,13985.0,14030.0,145497,481950,14040.0,棉花,农产品,CZCE,CF0
2025-08-22,14025.0,14060.0,13975.0,14030.0,155474,484908,14015.0,棉花,农产品,CZCE,CF0
2025-08-25,14050.0,14180.0,14040.0,14120.0,247372,504609,14115.0,棉花,农产品,CZCE,CF0
2025-08-26,14135.0,14155.0,14090.0,14100.0,152809,508064,14120.0,棉花,农产品,CZCE,CF0
2025-08-27,14080.0,14150.0,14030.0,14075.0,192722,508803,14095.0,棉花,农产品,CZCE,CF0
2025-08-28,14080.0,14125.0,13995.0,14070.0,218632,510692,14070.0,棉花,农产品,CZCE,CF0
2025-08-29,14095.0,14340.0,14090.0,14240.0,542628,571423,14260.0,棉花,农产品,CZCE,CF0
2025-09-01,14240.0,14240.0,13885.0,14025.0,577813,528933,14020.0,棉花,农产品,CZCE,CF0
2025-09-02,14035.0,14170.0,14020.0,14045.0,281384,521766,14090.0,棉花,农产品,CZCE,CF0
2025-09-03,14010.0,14060.0,13985.0,13990.0,210206,524531,14025.0,棉花,农产品,CZCE,CF0
2025-09-04,13995.0,14100.0,13940.0,14010.0,226260,518717,14000.0,棉花,农产品,CZCE,CF0
2025-09-05,14010.0,14030.0,13955.0,14000.0,184842,513265,13985.0,棉花,农产品,CZCE,CF0
2025-09-08,14000.0,14025.0,13865.0,13885.0,252789,505384,13930.0,棉花,农产品,CZCE,CF0
2025-09-09,13900.0,13945.0,13825.0,13835.0,238407,507748,13880.0,棉花,农产品,CZCE,CF0
2025-09-10,13835.0,13880.0,13790.0,13855.0,214989,504866,13835.0,棉花,农产品,CZCE,CF0
2025-09-11,13865.0,13890.0,13785.0,13835.0,161137,502476,13830.0,棉花,农产品,CZCE,CF0
2025-09-12,13800.0,13880.0,13800.0,13860.0,161079,506372,13830.0,棉花,农产品,CZCE,CF0
2025-09-15,13865.0,13930.0,13825.0,13885.0,222178,498295,13885.0,棉花,农产品,CZCE,CF0
2025-09-16,13875.0,13950.0,13850.0,13895.0,204633,492631,13900.0,棉花,农产品,CZCE,CF0
2025-09-17,13925.0,13970.0,13870.0,13890.0,212088,491292,13915.0,棉花,农产品,CZCE,CF0
2025-09-18,13900.0,13925.0,13760.0,13765.0,253153,502082,13835.0,棉花,农产品,CZCE,CF0
2025-09-19,13775.0,13785.0,13710.0,13720.0,244790,509249,13745.0,棉花,农产品,CZCE,CF0
2025-09-22,13740.0,13755.0,13555.0,13610.0,335366,522277,13635.0,棉花,农产品,CZCE,CF0
2025-09-23,13600.0,13605.0,13510.0,13540.0,241105,532801,13545.0,棉花,农产品,CZCE,CF0
2025-09-24,13560.0,13605.0,13530.0,13555.0,179064,528292,13560.0,棉花,农产品,CZCE,CF0
2025-09-25,13555.0,13575.0,13455.0,13530.0,246394,525141,13515.0,棉花,农产品,CZCE,CF0
2025-09-26,13520.0,13530.0,13390.0,13405.0,196206,534819,13460.0,棉花,农产品,CZCE,CF0
2025-09-29,13390.0,13425.0,13320.0,13350.0,245440,530559,13365.0,棉花,农产品,CZCE,CF0
2025-09-30,13325.0,13340.0,13155.0,13215.0,315225,535454,13245.0,棉花,农产品,CZCE,CF0
2025-10-09,13180.0,13345.0,13180.0,13295.0,251392,550497,13290.0,棉花,农产品,CZCE,CF0
2025-10-10,13295.0,13420.0,13280.0,13325.0,342629,554900,13355.0,棉花,农产品,CZCE,CF0
2025-10-13,13265.0,13365.0,13215.0,13300.0,282030,563408,13285.0,棉花,农产品,CZCE,CF0
2025-10-14,13315.0,13315.0,13225.0,13265.0,184046,567989,13255.0,棉花,农产品,CZCE,CF0
2025-10-15,13250.0,13300.0,13210.0,13270.0,180442,580856,13255.0,棉花,农产品,CZCE,CF0
2025-10-16,13260.0,13335.0,13230.0,13320.0,167741,586622,13290.0,棉花,农产品,CZCE,CF0
2025-10-17,13320.0,13380.0,13290.0,13335.0,180071,586467,13335.0,棉花,农产品,CZCE,CF0
2025-10-20,13360.0,13495.0,13350.0,13465.0,289729,592998,13435.0,棉花,农产品,CZCE,CF0
2025-10-21,13450.0,13555.0,13425.0,13540.0,245897,593229,13495.0,棉花,农产品,CZCE,CF0
2025-10-22,13525.0,13570.0,13505.0,13535.0,192268,592812,13540.0,棉花,农产品,CZCE,CF0
2025-10-23,13520.0,13610.0,13510.0,13575.0,208694,599556,13560.0,棉花,农产品,CZCE,CF0
2025-10-24,13570.0,13595.0,13480.0,13540.0,220876,590909,13550.0,棉花,农产品,CZCE,CF0
2025-10-27,13550.0,13635.0,13530.0,13565.0,183256,585287,13575.0,棉花,农产品,CZCE,CF0
2025-10-28,13565.0,13590.0,13540.0,13565.0,121915,579084,13565.0,棉花,农产品,CZCE,CF0
2025-10-29,13555.0,13625.0,13520.0,13620.0,185465,578488,13585.0,棉花,农产品,CZCE,CF0
2025-10-30,13640.0,13675.0,13570.0,13600.0,211342,577586,13630.0,棉花,农产品,CZCE,CF0
2025-10-31,13605.0,13670.0,13585.0,13595.0,177483,578141,13635.0,棉花,农产品,CZCE,CF0
2025-11-03,13590.0,13635.0,13530.0,13600.0,184497,573916,13590.0,棉花,农产品,CZCE,CF0
2025-11-04,13580.0,13600.0,13495.0,13535.0,180584,567827,13545.0,棉花,农产品,CZCE,CF0
2025-11-05,13530.0,13640.0,13455.0,13615.0,264377,580691,13535.0,棉花,农产品,CZCE,CF0
2025-11-06,13600.0,13630.0,13555.0,13605.0,178288,579138,13600.0,棉花,农产品,CZCE,CF0
2025-11-07,13580.0,13625.0,13535.0,13580.0,158905,576279,13575.0,棉花,农产品,CZCE,CF0
2025-11-10,13570.0,13595.0,13500.0,13580.0,204378,570172,13555.0,棉花,农产品,CZCE,CF0
2025-11-11,13590.0,13620.0,13545.0,13560.0,143661,573905,13580.0,棉花,农产品,CZCE,CF0
2025-11-12,13550.0,13570.0,13435.0,13515.0,255191,564881,13505.0,棉花,农产品,CZCE,CF0
2025-11-13,13475.0,13530.0,13460.0,13490.0,145961,562897,13490.0,棉花,农产品,CZCE,CF0
2025-11-14,13490.0,13520.0,13445.0,13450.0,148101,556440,13475.0,棉花,农产品,CZCE,CF0
2025-11-17,13450.0,13470.0,13390.0,13445.0,213178,571342,13435.0,棉花,农产品,CZCE,CF0
2025-11-18,13435.0,13460.0,13380.0,13395.0,161527,564995,13415.0,棉花,农产品,CZCE,CF0
2025-11-19,13405.0,13500.0,13385.0,13485.0,200891,553421,13445.0,棉花,农产品,CZCE,CF0
2025-11-20,13475.0,13525.0,13455.0,13465.0,159537,544917,13485.0,棉花,农产品,CZCE,CF0
2025-11-21,13460.0,13505.0,13445.0,13460.0,179985,546911,13470.0,棉花,农产品,CZCE,CF0
2025-11-24,13480.0,13600.0,13465.0,13585.0,285098,551915,13555.0,棉花,农产品,CZCE,CF0
2025-11-25,13590.0,13650.0,13575.0,13645.0,237899,552401,13625.0,棉花,农产品,CZCE,CF0
2025-11-26,13645.0,13660.0,13600.0,13625.0,172621,540562,13635.0,棉花,农产品,CZCE,CF0
2025-11-27,13635.0,13655.0,13610.0,13640.0,129364,529986,13635.0,棉花,农产品,CZCE,CF0
2025-11-28,13645.0,13745.0,13635.0,13725.0,266665,545268,13705.0,棉花,农产品,CZCE,CF0
2025-12-01,13725.0,13790.0,13705.0,13765.0,200316,546943,13760.0,棉花,农产品,CZCE,CF0
2025-12-02,13775.0,13815.0,13750.0,13800.0,176917,544156,13790.0,棉花,农产品,CZCE,CF0
2025-12-03,13780.0,13795.0,13660.0,13780.0,229172,522168,13735.0,棉花,农产品,CZCE,CF0
2025-12-04,13785.0,13820.0,13740.0,13790.0,175923,513077,13780.0,棉花,农产品,CZCE,CF0
2025-12-05,13795.0,13795.0,13715.0,13750.0,150449,497779,13750.0,棉花,农产品,CZCE,CF0
2025-12-08,13735.0,13780.0,13700.0,13750.0,164343,489052,13735.0,棉花,农产品,CZCE,CF0
2025-12-09,13760.0,13800.0,13725.0,13740.0,156111,477077,13760.0,棉花,农产品,CZCE,CF0
2025-12-10,13760.0,13800.0,13730.0,13780.0,175088,473348,13770.0,棉花,农产品,CZCE,CF0
2025-12-11,13760.0,13915.0,13745.0,13850.0,294468,584054,13845.0,棉花,农产品,CZCE,CF0
2025-12-12,13850.0,13885.0,13835.0,13850.0,202638,621511,13860.0,棉花,农产品,CZCE,CF0
2025-12-15,13835.0,14045.0,13820.0,13990.0,325668,678880,13935.0,棉花,农产品,CZCE,CF0
2025-12-16,13980.0,14070.0,13880.0,13945.0,365259,713587,13980.0,棉花,农产品,CZCE,CF0
2025-12-17,13940.0,13990.0,13890.0,13925.0,213322,731267,13945.0,棉花,农产品,CZCE,CF0
2025-12-18,13925.0,13985.0,13920.0,13960.0,143537,741948,13960.0,棉花,农产品,CZCE,CF0
2025-12-19,13955.0,14040.0,13925.0,14015.0,251536,761543,13985.0,棉花,农产品,CZCE,CF0
2025-12-22,14045.0,14135.0,14010.0,14070.0,303486,785062,14080.0,棉花,农产品,CZCE,CF0
2025-12-23,14080.0,14170.0,14070.0,14140.0,205507,798984,14140.0,棉花,农产品,CZCE,CF0
2025-12-24,14160.0,14195.0,14080.0,14180.0,241806,814571,14150.0,棉花,农产品,CZCE,CF0
2025-12-25,14180.0,14265.0,14140.0,14255.0,297416,835075,14215.0,棉花,农产品,CZCE,CF0
2025-12-26,14250.0,14700.0,14245.0,14535.0,699582,903849,14495.0,棉花,农产品,CZCE,CF0
2025-12-29,14535.0,14555.0,14390.0,14435.0,466850,868630,14485.0,棉花,农产品,CZCE,CF0
2025-12-30,14465.0,14630.0,14425.0,14560.0,365473,876597,14510.0,棉花,农产品,CZCE,CF0
2025-12-31,14585.0,14640.0,14465.0,14585.0,315268,860723,14550.0,棉花,农产品,CZCE,CF0
