date,open,high,low,close,volume,hold,settle,品种,类别,交易所,合约代码
2015-01-05,4580.0,4580.0,4525.0,4552.0,516190,641602,4551.0,白糖,农产品,CZCE,SR0
2015-01-06,4531.0,4616.0,4531.0,4586.0,632142,669876,4588.0,白糖,农产品,CZCE,SR0
2015-01-07,4587.0,4694.0,4586.0,4660.0,1183202,661768,4653.0,白糖,农产品,CZCE,SR0
2015-01-08,4660.0,4686.0,4657.0,4673.0,850562,654472,4671.0,白糖,农产品,CZCE,SR0
2015-01-09,4659.0,4709.0,4656.0,4676.0,900240,637818,4683.0,白糖,农产品,CZCE,SR0
2015-01-12,4676.0,4771.0,4667.0,4756.0,960484,681014,4734.0,白糖,农产品,CZCE,SR0
2015-01-13,4750.0,4756.0,4706.0,4725.0,681012,655798,4729.0,白糖,农产品,CZCE,SR0
2015-01-14,4729.0,4762.0,4662.0,4710.0,1078952,675512,4724.0,白糖,农产品,CZCE,SR0
2015-01-15,4740.0,4745.0,4685.0,4702.0,766794,648544,4714.0,白糖,农产品,CZCE,SR0
2015-01-16,4732.0,4758.0,4701.0,4718.0,1004412,629182,4732.0,白糖,农产品,CZCE,SR0
2015-01-19,4708.0,4833.0,4698.0,4809.0,1516952,619250,4773.0,白糖,农产品,CZCE,SR0
2015-01-20,4806.0,4824.0,4790.0,4806.0,651474,621490,4806.0,白糖,农产品,CZCE,SR0
2015-01-21,4822.0,4999.0,4811.0,4958.0,1879408,639124,4923.0,白糖,农产品,CZCE,SR0
2015-01-22,4966.0,5005.0,4944.0,4986.0,1098298,651408,4972.0,白糖,农产品,CZCE,SR0
2015-01-23,4979.0,5042.0,4961.0,5039.0,1952982,747222,5003.0,白糖,农产品,CZCE,SR0
2015-01-26,5026.0,5049.0,4955.0,5005.0,1608128,720136,4995.0,白糖,农产品,CZCE,SR0
2015-01-27,5017.0,5134.0,5002.0,5082.0,1893456,728532,5074.0,白糖,农产品,CZCE,SR0
2015-01-28,5059.0,5064.0,4951.0,4980.0,1840252,656768,5003.0,白糖,农产品,CZCE,SR0
2015-01-29,4988.0,5015.0,4964.0,4982.0,1098980,643490,4987.0,白糖,农产品,CZCE,SR0
2015-01-30,4968.0,4976.0,4898.0,4907.0,1400906,600940,4939.0,白糖,农产品,CZCE,SR0
2015-02-02,4907.0,5030.0,4880.0,5017.0,1460318,648974,4972.0,白糖,农产品,CZCE,SR0
2015-02-03,5020.0,5041.0,4926.0,5003.0,1652622,620094,4983.0,白糖,农产品,CZCE,SR0
2015-02-04,5024.0,5057.0,4998.0,4999.0,1637364,601774,5026.0,白糖,农产品,CZCE,SR0
2015-02-05,5022.0,5037.0,4966.0,4974.0,1335202,565044,4997.0,白糖,农产品,CZCE,SR0
2015-02-06,4986.0,5025.0,4950.0,5007.0,1501108,563994,4987.0,白糖,农产品,CZCE,SR0
2015-02-09,4991.0,5034.0,4967.0,5010.0,1403386,561054,4997.0,白糖,农产品,CZCE,SR0
2015-02-10,5020.0,5112.0,5006.0,5088.0,1711694,626108,5061.0,白糖,农产品,CZCE,SR0
2015-02-11,5084.0,5114.0,5070.0,5107.0,1239574,616426,5092.0,白糖,农产品,CZCE,SR0
2015-02-12,5100.0,5138.0,5080.0,5124.0,1791832,619620,5112.0,白糖,农产品,CZCE,SR0
2015-02-13,5124.0,5148.0,5089.0,5121.0,1534576,553232,5122.0,白糖,农产品,CZCE,SR0
2015-02-16,5163.0,5203.0,5138.0,5172.0,324954,604610,5173.0,白糖,农产品,CZCE,SR0
2015-02-17,5172.0,5194.0,5143.0,5190.0,156396,609768,5172.0,白糖,农产品,CZCE,SR0
2015-02-25,5065.0,5085.0,4990.0,5004.0,480418,474922,5026.0,白糖,农产品,CZCE,SR0
2015-02-26,5065.0,5072.0,5006.0,5041.0,427900,667410,5041.0,白糖,农产品,CZCE,SR0
2015-02-27,5050.0,5155.0,5042.0,5113.0,607690,661560,5096.0,白糖,农产品,CZCE,SR0
2015-03-02,5110.0,5219.0,5102.0,5209.0,682424,710172,5164.0,白糖,农产品,CZCE,SR0
2015-03-03,5214.0,5223.0,5164.0,5178.0,544544,679386,5190.0,白糖,农产品,CZCE,SR0
2015-03-04,5171.0,5208.0,5142.0,5153.0,526764,659782,5172.0,白糖,农产品,CZCE,SR0
2015-03-05,5149.0,5165.0,5080.0,5097.0,558088,625100,5118.0,白糖,农产品,CZCE,SR0
2015-03-06,5106.0,5166.0,5089.0,5094.0,667438,649432,5123.0,白糖,农产品,CZCE,SR0
2015-03-09,5102.0,5110.0,4918.0,4926.0,1592968,634506,4964.0,白糖,农产品,CZCE,SR0
2015-03-10,4920.0,4990.0,4920.0,4950.0,893046,607596,4961.0,白糖,农产品,CZCE,SR0
2015-03-11,4926.0,4994.0,4912.0,4955.0,1147178,620380,4968.0,白糖,农产品,CZCE,SR0
2015-03-12,4956.0,5052.0,4956.0,5050.0,833634,590822,4991.0,白糖,农产品,CZCE,SR0
2015-03-13,5051.0,5085.0,5029.0,5080.0,1011052,617400,5058.0,白糖,农产品,CZCE,SR0
2015-03-16,5051.0,5090.0,5020.0,5066.0,1168844,623642,5051.0,白糖,农产品,CZCE,SR0
2015-03-17,5075.0,5094.0,5055.0,5070.0,734254,640064,5075.0,白糖,农产品,CZCE,SR0
2015-03-18,5065.0,5083.0,4993.0,5012.0,1018006,658862,5045.0,白糖,农产品,CZCE,SR0
2015-03-19,5018.0,5026.0,4966.0,5006.0,922338,640680,4998.0,白糖,农产品,CZCE,SR0
2015-03-20,4984.0,5013.0,4956.0,4998.0,1021586,633760,4985.0,白糖,农产品,CZCE,SR0
2015-03-23,4978.0,5090.0,4976.0,5074.0,1016606,650772,5048.0,白糖,农产品,CZCE,SR0
2015-03-24,5071.0,5254.0,5070.0,5254.0,1624458,682378,5170.0,白糖,农产品,CZCE,SR0
2015-03-25,5280.0,5285.0,5184.0,5224.0,1423280,605436,5233.0,白糖,农产品,CZCE,SR0
2015-03-26,5236.0,5253.0,5192.0,5246.0,1093244,638308,5229.0,白糖,农产品,CZCE,SR0
2015-03-27,5240.0,5326.0,5190.0,5307.0,1480670,702590,5242.0,白糖,农产品,CZCE,SR0
2015-03-30,5313.0,5411.0,5297.0,5380.0,1925636,716512,5343.0,白糖,农产品,CZCE,SR0
2015-03-31,5380.0,5406.0,5323.0,5363.0,1274102,694590,5364.0,白糖,农产品,CZCE,SR0
2015-04-01,5360.0,5433.0,5338.0,5414.0,1416876,741258,5392.0,白糖,农产品,CZCE,SR0
2015-04-02,5428.0,5438.0,5394.0,5422.0,987404,747184,5415.0,白糖,农产品,CZCE,SR0
2015-04-03,5433.0,5445.0,5321.0,5387.0,1564406,716792,5361.0,白糖,农产品,CZCE,SR0
2015-04-07,5366.0,5398.0,5341.0,5362.0,469586,720840,5362.0,白糖,农产品,CZCE,SR0
2015-04-08,5353.0,5429.0,5313.0,5412.0,1372684,770914,5367.0,白糖,农产品,CZCE,SR0
2015-04-09,5414.0,5452.0,5367.0,5410.0,1247136,776384,5411.0,白糖,农产品,CZCE,SR0
2015-04-10,5395.0,5464.0,5360.0,5446.0,1340334,832434,5412.0,白糖,农产品,CZCE,SR0
2015-04-13,5448.0,5557.0,5411.0,5529.0,1591312,937848,5495.0,白糖,农产品,CZCE,SR0
2015-04-14,5518.0,5560.0,5509.0,5542.0,1136662,919882,5535.0,白糖,农产品,CZCE,SR0
2015-04-15,5530.0,5568.0,5515.0,5535.0,1129204,928226,5539.0,白糖,农产品,CZCE,SR0
2015-04-16,5526.0,5548.0,5484.0,5516.0,1368658,917888,5519.0,白糖,农产品,CZCE,SR0
2015-04-17,5530.0,5633.0,5502.0,5609.0,1750102,956962,5583.0,白糖,农产品,CZCE,SR0
2015-04-20,5589.0,5644.0,5585.0,5613.0,1111344,939442,5615.0,白糖,农产品,CZCE,SR0
2015-04-21,5595.0,5624.0,5573.0,5606.0,985346,923176,5598.0,白糖,农产品,CZCE,SR0
2015-04-22,5608.0,5672.0,5578.0,5645.0,1317862,941148,5626.0,白糖,农产品,CZCE,SR0
2015-04-23,5642.0,5681.0,5441.0,5549.0,2597996,858662,5572.0,白糖,农产品,CZCE,SR0
2015-04-24,5566.0,5608.0,5548.0,5600.0,1294940,857918,5581.0,白糖,农产品,CZCE,SR0
2015-04-27,5611.0,5622.0,5556.0,5587.0,1007782,826960,5595.0,白糖,农产品,CZCE,SR0
2015-04-28,5596.0,5607.0,5533.0,5567.0,1140022,815884,5577.0,白糖,农产品,CZCE,SR0
2015-04-29,5573.0,5607.0,5555.0,5569.0,1052450,790616,5579.0,白糖,农产品,CZCE,SR0
2015-04-30,5561.0,5589.0,5524.0,5540.0,1016966,738324,5557.0,白糖,农产品,CZCE,SR0
2015-05-04,5534.0,5553.0,5503.0,5522.0,477620,715206,5535.0,白糖,农产品,CZCE,SR0
2015-05-05,5519.0,5599.0,5505.0,5589.0,1136358,734478,5566.0,白糖,农产品,CZCE,SR0
2015-05-06,5602.0,5661.0,5592.0,5620.0,958946,712310,5622.0,白糖,农产品,CZCE,SR0
2015-05-07,5620.0,5627.0,5578.0,5602.0,662790,710684,5601.0,白糖,农产品,CZCE,SR0
2015-05-08,5608.0,5629.0,5535.0,5537.0,1119096,695028,5579.0,白糖,农产品,CZCE,SR0
2015-05-11,5550.0,5595.0,5523.0,5580.0,831570,678098,5563.0,白糖,农产品,CZCE,SR0
2015-05-12,5580.0,5596.0,5520.0,5551.0,694904,666512,5559.0,白糖,农产品,CZCE,SR0
2015-05-13,5555.0,5592.0,5539.0,5584.0,721296,658460,5569.0,白糖,农产品,CZCE,SR0
2015-05-14,5582.0,5626.0,5526.0,5558.0,1056932,640828,5574.0,白糖,农产品,CZCE,SR0
2015-05-15,5562.0,5568.0,5482.0,5540.0,1203740,641228,5531.0,白糖,农产品,CZCE,SR0
2015-05-18,5544.0,5562.0,5521.0,5561.0,581080,649744,5542.0,白糖,农产品,CZCE,SR0
2015-05-19,5561.0,5586.0,5527.0,5553.0,715120,636736,5549.0,白糖,农产品,CZCE,SR0
2015-05-20,5551.0,5552.0,5423.0,5426.0,1497124,690132,5490.0,白糖,农产品,CZCE,SR0
2015-05-21,5438.0,5476.0,5418.0,5470.0,839586,656810,5452.0,白糖,农产品,CZCE,SR0
2015-05-22,5465.0,5504.0,5452.0,5501.0,725944,632944,5479.0,白糖,农产品,CZCE,SR0
2015-05-25,5492.0,5496.0,5435.0,5455.0,619148,647084,5464.0,白糖,农产品,CZCE,SR0
2015-05-26,5445.0,5654.0,5445.0,5474.0,1649618,549994,5554.0,白糖,农产品,CZCE,SR0
2015-05-27,5470.0,5510.0,5353.0,5495.0,646820,555384,5468.0,白糖,农产品,CZCE,SR0
2015-05-28,5475.0,5548.0,5471.0,5509.0,809752,546674,5518.0,白糖,农产品,CZCE,SR0
2015-05-29,5506.0,5553.0,5480.0,5537.0,644832,542090,5519.0,白糖,农产品,CZCE,SR0
2015-06-01,5547.0,5566.0,5525.0,5539.0,495142,553142,5546.0,白糖,农产品,CZCE,SR0
2015-06-02,5535.0,5610.0,5534.0,5608.0,612476,560676,5575.0,白糖,农产品,CZCE,SR0
2015-06-03,5620.0,5646.0,5582.0,5589.0,603294,542782,5617.0,白糖,农产品,CZCE,SR0
2015-06-04,5589.0,5636.0,5567.0,5617.0,666890,535642,5603.0,白糖,农产品,CZCE,SR0
2015-06-05,5629.0,5645.0,5568.0,5576.0,514494,530656,5594.0,白糖,农产品,CZCE,SR0
2015-06-08,5571.0,5589.0,5560.0,5576.0,301206,511012,5575.0,白糖,农产品,CZCE,SR0
2015-06-09,5588.0,5611.0,5550.0,5564.0,323588,514104,5570.0,白糖,农产品,CZCE,SR0
2015-06-10,5570.0,5586.0,5535.0,5569.0,296454,508944,5562.0,白糖,农产品,CZCE,SR0
2015-06-11,5574.0,5582.0,5545.0,5545.0,345072,505054,5565.0,白糖,农产品,CZCE,SR0
2015-06-12,5541.0,5550.0,5481.0,5496.0,615792,493484,5509.0,白糖,农产品,CZCE,SR0
2015-06-15,5508.0,5508.0,5383.0,5385.0,694984,490598,5437.0,白糖,农产品,CZCE,SR0
2015-06-16,5374.0,5424.0,5301.0,5325.0,737448,477954,5369.0,白糖,农产品,CZCE,SR0
2015-06-17,5335.0,5337.0,5233.0,5297.0,933620,441374,5289.0,白糖,农产品,CZCE,SR0
2015-06-18,5299.0,5360.0,5284.0,5317.0,713378,447570,5327.0,白糖,农产品,CZCE,SR0
2015-06-19,5316.0,5320.0,5237.0,5269.0,641982,405544,5276.0,白糖,农产品,CZCE,SR0
2015-06-23,5297.0,5353.0,5295.0,5333.0,275128,381560,5320.0,白糖,农产品,CZCE,SR0
2015-06-24,5588.0,5600.0,5540.0,5593.0,399610,420686,5575.0,白糖,农产品,CZCE,SR0
2015-06-25,5605.0,5639.0,5585.0,5586.0,474200,438096,5617.0,白糖,农产品,CZCE,SR0
2015-06-26,5583.0,5614.0,5545.0,5588.0,549348,432492,5584.0,白糖,农产品,CZCE,SR0
2015-06-29,5605.0,5699.0,5581.0,5686.0,783738,411968,5622.0,白糖,农产品,CZCE,SR0
2015-06-30,5684.0,5697.0,5612.0,5663.0,779280,422028,5655.0,白糖,农产品,CZCE,SR0
2015-07-01,5675.0,5721.0,5660.0,5693.0,675328,442396,5688.0,白糖,农产品,CZCE,SR0
2015-07-02,5627.0,5627.0,5623.0,5627.0,556822,435278,5656.0,白糖,农产品,CZCE,SR0
2015-07-03,5634.0,5665.0,5588.0,5599.0,665494,443970,5618.0,白糖,农产品,CZCE,SR0
2015-07-06,5601.0,5652.0,5557.0,5609.0,747108,422544,5601.0,白糖,农产品,CZCE,SR0
2015-07-07,5618.0,5691.0,5584.0,5622.0,890814,423804,5636.0,白糖,农产品,CZCE,SR0
2015-07-08,5615.0,5615.0,5410.0,5410.0,718748,418704,5477.0,白糖,农产品,CZCE,SR0
2015-07-09,5200.0,5555.0,5093.0,5424.0,1539722,342220,5367.0,白糖,农产品,CZCE,SR0
2015-07-10,5435.0,5513.0,5413.0,5435.0,1099492,357122,5457.0,白糖,农产品,CZCE,SR0
2015-07-13,5450.0,5475.0,5405.0,5442.0,633406,360964,5444.0,白糖,农产品,CZCE,SR0
2015-07-14,5444.0,5486.0,5425.0,5437.0,611554,359526,5448.0,白糖,农产品,CZCE,SR0
2015-07-15,5452.0,5472.0,5398.0,5417.0,547276,367240,5442.0,白糖,农产品,CZCE,SR0
2015-07-16,5394.0,5401.0,5311.0,5325.0,793328,378678,5350.0,白糖,农产品,CZCE,SR0
2015-07-17,5304.0,5386.0,5245.0,5357.0,987506,400166,5307.0,白糖,农产品,CZCE,SR0
2015-07-20,5356.0,5400.0,5344.0,5384.0,835650,425962,5371.0,白糖,农产品,CZCE,SR0
2015-07-21,5361.0,5388.0,5320.0,5355.0,773988,437404,5349.0,白糖,农产品,CZCE,SR0
2015-07-22,5360.0,5378.0,5324.0,5334.0,552394,427430,5353.0,白糖,农产品,CZCE,SR0
2015-07-23,5326.0,5338.0,5225.0,5227.0,1027278,479692,5288.0,白糖,农产品,CZCE,SR0
2015-07-24,5220.0,5257.0,5211.0,5234.0,718412,453512,5237.0,白糖,农产品,CZCE,SR0
2015-07-27,5221.0,5236.0,5133.0,5164.0,854874,460272,5181.0,白糖,农产品,CZCE,SR0
2015-07-28,5160.0,5210.0,5146.0,5184.0,685500,460956,5182.0,白糖,农产品,CZCE,SR0
2015-07-29,5190.0,5240.0,5185.0,5223.0,609366,443558,5215.0,白糖,农产品,CZCE,SR0
2015-07-30,5235.0,5342.0,5220.0,5334.0,1080878,492322,5285.0,白糖,农产品,CZCE,SR0
2015-07-31,5336.0,5346.0,5305.0,5319.0,774346,496804,5324.0,白糖,农产品,CZCE,SR0
2015-08-03,5323.0,5338.0,5208.0,5212.0,749422,493440,5277.0,白糖,农产品,CZCE,SR0
2015-08-04,5193.0,5256.0,5170.0,5244.0,730108,474846,5213.0,白糖,农产品,CZCE,SR0
2015-08-05,5239.0,5275.0,5217.0,5259.0,668350,479046,5248.0,白糖,农产品,CZCE,SR0
2015-08-06,5261.0,5267.0,5130.0,5133.0,789296,505514,5196.0,白糖,农产品,CZCE,SR0
2015-08-07,5125.0,5147.0,4988.0,5079.0,1723406,554424,5048.0,白糖,农产品,CZCE,SR0
2015-08-10,5056.0,5080.0,4995.0,5034.0,1322688,575236,5041.0,白糖,农产品,CZCE,SR0
2015-08-11,5024.0,5195.0,5021.0,5153.0,1383092,465670,5121.0,白糖,农产品,CZCE,SR0
2015-08-12,5138.0,5174.0,5110.0,5168.0,848072,454904,5143.0,白糖,农产品,CZCE,SR0
2015-08-13,5170.0,5348.0,5135.0,5343.0,1672374,498956,5235.0,白糖,农产品,CZCE,SR0
2015-08-14,5326.0,5343.0,5285.0,5314.0,1273720,489876,5317.0,白糖,农产品,CZCE,SR0
2015-08-17,5317.0,5399.0,5310.0,5392.0,1302828,562584,5360.0,白糖,农产品,CZCE,SR0
2015-08-18,5400.0,5406.0,5348.0,5354.0,1133140,522428,5375.0,白糖,农产品,CZCE,SR0
2015-08-19,5351.0,5378.0,5266.0,5361.0,1712240,493590,5328.0,白糖,农产品,CZCE,SR0
2015-08-20,5350.0,5386.0,5292.0,5314.0,1444220,507098,5338.0,白糖,农产品,CZCE,SR0
2015-08-21,5319.0,5334.0,5283.0,5318.0,1189982,490850,5308.0,白糖,农产品,CZCE,SR0
2015-08-24,5307.0,5307.0,5095.0,5095.0,1869406,494374,5193.0,白糖,农产品,CZCE,SR0
2015-08-25,5078.0,5168.0,5043.0,5129.0,1730820,491604,5108.0,白糖,农产品,CZCE,SR0
2015-08-26,5153.0,5226.0,5136.0,5137.0,1343182,496698,5179.0,白糖,农产品,CZCE,SR0
2015-08-27,5135.0,5217.0,5101.0,5199.0,1223014,487688,5159.0,白糖,农产品,CZCE,SR0
2015-08-28,5228.0,5366.0,5208.0,5289.0,1676756,483290,5290.0,白糖,农产品,CZCE,SR0
2015-08-31,5290.0,5293.0,5215.0,5243.0,1181388,492140,5256.0,白糖,农产品,CZCE,SR0
2015-09-01,5222.0,5242.0,5150.0,5152.0,1254194,516744,5189.0,白糖,农产品,CZCE,SR0
2015-09-02,5189.0,5224.0,5139.0,5182.0,1293444,518856,5181.0,白糖,农产品,CZCE,SR0
2015-09-07,4928.0,5011.0,4928.0,5001.0,648,53500,5002.0,白糖,农产品,CZCE,SR0
2015-09-08,5260.0,5328.0,5238.0,5297.0,1455768,548428,5281.0,白糖,农产品,CZCE,SR0
2015-09-09,5320.0,5359.0,5297.0,5302.0,1652876,564162,5325.0,白糖,农产品,CZCE,SR0
2015-09-10,5302.0,5538.0,5298.0,5508.0,3360972,671166,5426.0,白糖,农产品,CZCE,SR0
2015-09-11,5481.0,5531.0,5463.0,5506.0,2608336,649034,5495.0,白糖,农产品,CZCE,SR0
2015-09-14,5531.0,5561.0,5478.0,5501.0,2543040,660542,5516.0,白糖,农产品,CZCE,SR0
2015-09-15,5502.0,5527.0,5434.0,5469.0,2362640,649516,5476.0,白糖,农产品,CZCE,SR0
2015-09-16,5454.0,5508.0,5426.0,5494.0,2542400,689318,5470.0,白糖,农产品,CZCE,SR0
2015-09-17,5496.0,5510.0,5462.0,5485.0,2294824,691848,5488.0,白糖,农产品,CZCE,SR0
2015-09-18,5480.0,5488.0,5412.0,5434.0,2001180,659580,5453.0,白糖,农产品,CZCE,SR0
2015-09-21,5413.0,5488.0,5369.0,5487.0,2543094,662846,5426.0,白糖,农产品,CZCE,SR0
2015-09-22,5483.0,5549.0,5471.0,5502.0,3193876,703954,5507.0,白糖,农产品,CZCE,SR0
2015-09-23,5484.0,5546.0,5466.0,5543.0,2489378,727718,5507.0,白糖,农产品,CZCE,SR0
2015-09-24,5559.0,5600.0,5544.0,5595.0,2761686,752382,5570.0,白糖,农产品,CZCE,SR0
2015-09-25,5590.0,5623.0,5554.0,5569.0,2410196,696170,5580.0,白糖,农产品,CZCE,SR0
2015-09-28,5590.0,5618.0,5564.0,5615.0,1329044,704510,5591.0,白糖,农产品,CZCE,SR0
2015-09-29,5610.0,5617.0,5524.0,5550.0,1906278,631418,5559.0,白糖,农产品,CZCE,SR0
2015-09-30,5562.0,5633.0,5530.0,5629.0,1945728,622074,5574.0,白糖,农产品,CZCE,SR0
2015-10-08,5734.0,5734.0,5512.0,5512.0,24,80,5602.0,白糖,农产品,CZCE,SR0
2015-10-09,5675.0,5712.0,5653.0,5695.0,1897230,615476,5684.0,白糖,农产品,CZCE,SR0
2015-10-12,5713.0,5725.0,5637.0,5659.0,2155294,621430,5679.0,白糖,农产品,CZCE,SR0
2015-10-13,5652.0,5678.0,5628.0,5662.0,2032366,644692,5656.0,白糖,农产品,CZCE,SR0
2015-10-14,5657.0,5675.0,5616.0,5655.0,1911228,667688,5648.0,白糖,农产品,CZCE,SR0
2015-10-15,5665.0,5697.0,5644.0,5674.0,1773128,657628,5674.0,白糖,农产品,CZCE,SR0
2015-10-16,5670.0,5672.0,5571.0,5585.0,2322632,664984,5614.0,白糖,农产品,CZCE,SR0
2015-10-19,5582.0,5591.0,5532.0,5543.0,2237902,644760,5559.0,白糖,农产品,CZCE,SR0
2015-10-20,5533.0,5584.0,5507.0,5582.0,2483764,680552,5558.0,白糖,农产品,CZCE,SR0
2015-10-21,5580.0,5595.0,5533.0,5592.0,2470804,708350,5566.0,白糖,农产品,CZCE,SR0
2015-10-22,5591.0,5619.0,5567.0,5578.0,2500480,683574,5595.0,白糖,农产品,CZCE,SR0
2015-10-23,5589.0,5590.0,5551.0,5581.0,2123502,642010,5570.0,白糖,农产品,CZCE,SR0
2015-10-26,5586.0,5587.0,5529.0,5536.0,1972702,632496,5553.0,白糖,农产品,CZCE,SR0
2015-10-27,5545.0,5566.0,5495.0,5558.0,2024828,610648,5533.0,白糖,农产品,CZCE,SR0
2015-10-28,5554.0,5596.0,5541.0,5567.0,1908608,625954,5568.0,白糖,农产品,CZCE,SR0
2015-10-29,5575.0,5597.0,5528.0,5534.0,1869792,652866,5562.0,白糖,农产品,CZCE,SR0
2015-10-30,5526.0,5542.0,5498.0,5502.0,1501376,630822,5524.0,白糖,农产品,CZCE,SR0
2015-11-02,5505.0,5521.0,5454.0,5474.0,1824754,616272,5491.0,白糖,农产品,CZCE,SR0
2015-11-03,5467.0,5504.0,5461.0,5467.0,1491704,584646,5478.0,白糖,农产品,CZCE,SR0
2015-11-04,5471.0,5523.0,5458.0,5522.0,1272780,617462,5491.0,白糖,农产品,CZCE,SR0
2015-11-05,5524.0,5533.0,5456.0,5475.0,1645180,568492,5488.0,白糖,农产品,CZCE,SR0
2015-11-06,5483.0,5485.0,5419.0,5438.0,1619036,607300,5449.0,白糖,农产品,CZCE,SR0
2015-11-09,5438.0,5464.0,5425.0,5435.0,1191164,603020,5443.0,白糖,农产品,CZCE,SR0
2015-11-10,5428.0,5430.0,5319.0,5365.0,1907150,639972,5371.0,白糖,农产品,CZCE,SR0
2015-11-11,5370.0,5412.0,5341.0,5382.0,1951602,626260,5375.0,白糖,农产品,CZCE,SR0
2015-11-12,5386.0,5422.0,5361.0,5401.0,1754770,614548,5391.0,白糖,农产品,CZCE,SR0
2015-11-13,5396.0,5447.0,5388.0,5426.0,1671214,599298,5421.0,白糖,农产品,CZCE,SR0
2015-11-16,5426.0,5473.0,5405.0,5412.0,1534908,554750,5438.0,白糖,农产品,CZCE,SR0
2015-11-17,5397.0,5399.0,5355.0,5392.0,534770,600154,5376.0,白糖,农产品,CZCE,SR0
2015-11-18,5392.0,5395.0,5291.0,5293.0,758744,667140,5335.0,白糖,农产品,CZCE,SR0
2015-11-19,5287.0,5326.0,5250.0,5319.0,979182,723274,5291.0,白糖,农产品,CZCE,SR0
2015-11-20,5316.0,5355.0,5283.0,5350.0,861784,716000,5325.0,白糖,农产品,CZCE,SR0
2015-11-23,5350.0,5535.0,5334.0,5477.0,1724564,733604,5454.0,白糖,农产品,CZCE,SR0
2015-11-24,5456.0,5559.0,5456.0,5543.0,1436476,729050,5520.0,白糖,农产品,CZCE,SR0
2015-11-25,5560.0,5588.0,5512.0,5560.0,1386012,730378,5555.0,白糖,农产品,CZCE,SR0
2015-11-26,5555.0,5627.0,5522.0,5576.0,1579040,747650,5573.0,白糖,农产品,CZCE,SR0
2015-11-27,5570.0,5603.0,5533.0,5541.0,1279064,765112,5565.0,白糖,农产品,CZCE,SR0
2015-11-30,5555.0,5574.0,5489.0,5504.0,1269908,792256,5527.0,白糖,农产品,CZCE,SR0
2015-12-01,5500.0,5569.0,5476.0,5530.0,1771802,818280,5520.0,白糖,农产品,CZCE,SR0
2015-12-02,5524.0,5614.0,5512.0,5585.0,1616734,863612,5573.0,白糖,农产品,CZCE,SR0
2015-12-03,5575.0,5587.0,5542.0,5551.0,1173920,862698,5563.0,白糖,农产品,CZCE,SR0
2015-12-04,5551.0,5588.0,5499.0,5503.0,1673758,833218,5538.0,白糖,农产品,CZCE,SR0
2015-12-07,5505.0,5558.0,5491.0,5555.0,1140602,847304,5523.0,白糖,农产品,CZCE,SR0
2015-12-08,5546.0,5564.0,5480.0,5495.0,1453322,808096,5516.0,白糖,农产品,CZCE,SR0
2015-12-09,5501.0,5515.0,5442.0,5446.0,1453162,826020,5467.0,白糖,农产品,CZCE,SR0
2015-12-10,5453.0,5477.0,5431.0,5432.0,1129042,830384,5457.0,白糖,农产品,CZCE,SR0
2015-12-11,5418.0,5537.0,5413.0,5530.0,1812814,860162,5476.0,白糖,农产品,CZCE,SR0
2015-12-14,5530.0,5562.0,5515.0,5547.0,1327764,855556,5538.0,白糖,农产品,CZCE,SR0
2015-12-15,5527.0,5580.0,5507.0,5539.0,1458940,840984,5537.0,白糖,农产品,CZCE,SR0
2015-12-16,5541.0,5562.0,5526.0,5532.0,1328004,843074,5545.0,白糖,农产品,CZCE,SR0
2015-12-17,5520.0,5593.0,5515.0,5531.0,1504044,843522,5554.0,白糖,农产品,CZCE,SR0
2015-12-18,5536.0,5565.0,5527.0,5551.0,1152032,844568,5545.0,白糖,农产品,CZCE,SR0
2015-12-21,5558.0,5685.0,5544.0,5669.0,1936250,978826,5617.0,白糖,农产品,CZCE,SR0
2015-12-22,5662.0,5672.0,5635.0,5647.0,1162976,973486,5648.0,白糖,农产品,CZCE,SR0
2015-12-23,5643.0,5644.0,5563.0,5615.0,1619506,900538,5603.0,白糖,农产品,CZCE,SR0
2015-12-24,5616.0,5635.0,5597.0,5605.0,1041950,900694,5614.0,白糖,农产品,CZCE,SR0
2015-12-25,5603.0,5645.0,5594.0,5630.0,1076250,929284,5626.0,白糖,农产品,CZCE,SR0
2015-12-28,5626.0,5639.0,5578.0,5579.0,969116,925370,5605.0,白糖,农产品,CZCE,SR0
2015-12-29,5575.0,5638.0,5570.0,5634.0,1044892,953024,5609.0,白糖,农产品,CZCE,SR0
2015-12-30,5637.0,5689.0,5626.0,5630.0,1421986,983406,5654.0,白糖,农产品,CZCE,SR0
2015-12-31,5645.0,5672.0,5635.0,5665.0,996120,976362,5655.0,白糖,农产品,CZCE,SR0
2016-01-04,5663.0,5696.0,5585.0,5613.0,943326,963240,5626.0,白糖,农产品,CZCE,SR0
2016-01-05,5603.0,5621.0,5580.0,5599.0,1026492,979252,5601.0,白糖,农产品,CZCE,SR0
2016-01-06,5590.0,5600.0,5530.0,5545.0,1355252,942804,5555.0,白糖,农产品,CZCE,SR0
2016-01-07,5539.0,5573.0,5492.0,5530.0,1440974,910568,5535.0,白糖,农产品,CZCE,SR0
2016-01-08,5534.0,5578.0,5526.0,5559.0,1120572,928026,5554.0,白糖,农产品,CZCE,SR0
2016-01-11,5568.0,5576.0,5465.0,5470.0,1525062,950850,5506.0,白糖,农产品,CZCE,SR0
2016-01-12,5466.0,5480.0,5444.0,5451.0,1124232,940514,5462.0,白糖,农产品,CZCE,SR0
2016-01-13,5455.0,5488.0,5416.0,5465.0,1547032,930700,5455.0,白糖,农产品,CZCE,SR0
2016-01-14,5478.0,5480.0,5429.0,5456.0,1227242,948770,5454.0,白糖,农产品,CZCE,SR0
2016-01-15,5449.0,5476.0,5420.0,5421.0,1310750,981460,5450.0,白糖,农产品,CZCE,SR0
2016-01-18,5417.0,5495.0,5409.0,5481.0,1468948,927308,5462.0,白糖,农产品,CZCE,SR0
2016-01-19,5485.0,5535.0,5462.0,5519.0,1275412,952014,5507.0,白糖,农产品,CZCE,SR0
2016-01-20,5517.0,5535.0,5465.0,5471.0,1125852,936216,5497.0,白糖,农产品,CZCE,SR0
2016-01-21,5471.0,5487.0,5431.0,5441.0,1304794,931990,5451.0,白糖,农产品,CZCE,SR0
2016-01-22,5453.0,5508.0,5445.0,5474.0,1213904,893968,5476.0,白糖,农产品,CZCE,SR0
2016-01-25,5488.0,5507.0,5431.0,5435.0,1200984,967100,5461.0,白糖,农产品,CZCE,SR0
2016-01-26,5432.0,5454.0,5417.0,5444.0,1161134,965888,5433.0,白糖,农产品,CZCE,SR0
2016-01-27,5455.0,5473.0,5384.0,5462.0,2032138,883328,5430.0,白糖,农产品,CZCE,SR0
2016-01-28,5452.0,5460.0,5423.0,5431.0,1181924,885018,5441.0,白糖,农产品,CZCE,SR0
2016-01-29,5430.0,5448.0,5382.0,5387.0,1360650,927154,5413.0,白糖,农产品,CZCE,SR0
2016-02-01,5394.0,5409.0,5357.0,5370.0,1177322,944846,5384.0,白糖,农产品,CZCE,SR0
2016-02-02,5369.0,5386.0,5356.0,5384.0,912770,924314,5370.0,白糖,农产品,CZCE,SR0
2016-02-03,5385.0,5408.0,5371.0,5387.0,934140,878988,5389.0,白糖,农产品,CZCE,SR0
2016-02-04,5391.0,5430.0,5363.0,5411.0,884834,780888,5391.0,白糖,农产品,CZCE,SR0
2016-02-05,5409.0,5433.0,5392.0,5433.0,456816,731898,5408.0,白糖,农产品,CZCE,SR0
2016-02-15,5430.0,5460.0,5393.0,5399.0,404998,746160,5421.0,白糖,农产品,CZCE,SR0
2016-02-16,5400.0,5416.0,5346.0,5353.0,1163378,877144,5384.0,白糖,农产品,CZCE,SR0
2016-02-17,5355.0,5361.0,5306.0,5311.0,1157668,926192,5333.0,白糖,农产品,CZCE,SR0
2016-02-18,5309.0,5342.0,5306.0,5310.0,747904,904640,5324.0,白糖,农产品,CZCE,SR0
2016-02-19,5318.0,5359.0,5297.0,5354.0,1098380,826702,5330.0,白糖,农产品,CZCE,SR0
2016-02-22,5348.0,5365.0,5318.0,5346.0,930636,817244,5338.0,白糖,农产品,CZCE,SR0
2016-02-23,5348.0,5393.0,5340.0,5385.0,982674,775674,5373.0,白糖,农产品,CZCE,SR0
2016-02-24,5400.0,5452.0,5399.0,5434.0,1398460,737768,5432.0,白糖,农产品,CZCE,SR0
2016-02-25,5428.0,5442.0,5408.0,5411.0,718494,708206,5426.0,白糖,农产品,CZCE,SR0
2016-02-26,5411.0,5443.0,5409.0,5420.0,816604,713136,5427.0,白糖,农产品,CZCE,SR0
2016-02-29,5425.0,5438.0,5320.0,5338.0,1376758,660240,5373.0,白糖,农产品,CZCE,SR0
2016-03-01,5459.0,5477.0,5427.0,5466.0,357152,707330,5454.0,白糖,农产品,CZCE,SR0
2016-03-02,5474.0,5510.0,5439.0,5478.0,470668,717874,5479.0,白糖,农产品,CZCE,SR0
2016-03-03,5473.0,5508.0,5457.0,5460.0,377292,741950,5480.0,白糖,农产品,CZCE,SR0
2016-03-04,5460.0,5517.0,5460.0,5488.0,554868,797522,5491.0,白糖,农产品,CZCE,SR0
2016-03-07,5494.0,5582.0,5451.0,5452.0,840362,850188,5517.0,白糖,农产品,CZCE,SR0
2016-03-08,5450.0,5486.0,5405.0,5407.0,897738,868022,5451.0,白糖,农产品,CZCE,SR0
2016-03-09,5408.0,5482.0,5372.0,5474.0,954718,915284,5430.0,白糖,农产品,CZCE,SR0
2016-03-10,5481.0,5493.0,5409.0,5420.0,1000506,975100,5438.0,白糖,农产品,CZCE,SR0
2016-03-11,5427.0,5481.0,5418.0,5475.0,833168,974658,5454.0,白糖,农产品,CZCE,SR0
2016-03-14,5480.0,5511.0,5440.0,5473.0,1298434,1002918,5477.0,白糖,农产品,CZCE,SR0
2016-03-15,5480.0,5506.0,5451.0,5477.0,1065162,999332,5481.0,白糖,农产品,CZCE,SR0
2016-03-16,5470.0,5494.0,5462.0,5490.0,719380,1000310,5477.0,白糖,农产品,CZCE,SR0
2016-03-17,5487.0,5542.0,5481.0,5538.0,1148902,1084822,5515.0,白糖,农产品,CZCE,SR0
2016-03-18,5544.0,5591.0,5535.0,5564.0,1237550,1026258,5562.0,白糖,农产品,CZCE,SR0
2016-03-21,5562.0,5606.0,5536.0,5592.0,938632,1073494,5574.0,白糖,农产品,CZCE,SR0
2016-03-22,5592.0,5628.0,5578.0,5618.0,946506,1083612,5607.0,白糖,农产品,CZCE,SR0
2016-03-23,5616.0,5645.0,5583.0,5588.0,855762,1061926,5617.0,白糖,农产品,CZCE,SR0
2016-03-24,5588.0,5608.0,5556.0,5579.0,878302,1036456,5581.0,白糖,农产品,CZCE,SR0
2016-03-25,5553.0,5608.0,5540.0,5605.0,778744,1067252,5581.0,白糖,农产品,CZCE,SR0
2016-03-28,5610.0,5625.0,5583.0,5586.0,715464,1054728,5605.0,白糖,农产品,CZCE,SR0
2016-03-29,5594.0,5621.0,5551.0,5557.0,858720,1025480,5586.0,白糖,农产品,CZCE,SR0
2016-03-30,5555.0,5585.0,5548.0,5577.0,502874,1024916,5569.0,白糖,农产品,CZCE,SR0
2016-03-31,5590.0,5590.0,5553.0,5575.0,564416,993894,5571.0,白糖,农产品,CZCE,SR0
2016-04-01,5573.0,5622.0,5561.0,5610.0,891094,1045900,5596.0,白糖,农产品,CZCE,SR0
2016-04-05,5440.0,5486.0,5425.0,5482.0,27034,132792,5461.0,白糖,农产品,CZCE,SR0
2016-04-06,5630.0,5638.0,5596.0,5607.0,622166,1086808,5618.0,白糖,农产品,CZCE,SR0
2016-04-07,5605.0,5629.0,5602.0,5623.0,532826,1101330,5620.0,白糖,农产品,CZCE,SR0
2016-04-08,5620.0,5623.0,5556.0,5571.0,786452,1093114,5588.0,白糖,农产品,CZCE,SR0
2016-04-11,5568.0,5601.0,5561.0,5561.0,724882,1091826,5581.0,白糖,农产品,CZCE,SR0
2016-04-12,5555.0,5584.0,5546.0,5561.0,602662,1072356,5566.0,白糖,农产品,CZCE,SR0
2016-04-13,5562.0,5627.0,5562.0,5575.0,1248080,1107002,5592.0,白糖,农产品,CZCE,SR0
2016-04-14,5574.0,5624.0,5563.0,5621.0,861088,1120350,5589.0,白糖,农产品,CZCE,SR0
2016-04-15,5625.0,5674.0,5575.0,5615.0,1360326,1119606,5627.0,白糖,农产品,CZCE,SR0
2016-04-18,5625.0,5725.0,5609.0,5691.0,1780296,1225120,5672.0,白糖,农产品,CZCE,SR0
2016-04-19,5695.0,5720.0,5659.0,5676.0,1230276,1198166,5696.0,白糖,农产品,CZCE,SR0
2016-04-20,5679.0,5710.0,5656.0,5695.0,1634604,1158210,5682.0,白糖,农产品,CZCE,SR0
2016-04-21,5701.0,5775.0,5683.0,5716.0,2406604,1123710,5727.0,白糖,农产品,CZCE,SR0
2016-04-22,5723.0,5743.0,5497.0,5573.0,2004002,1006102,5626.0,白糖,农产品,CZCE,SR0
2016-04-25,5598.0,5646.0,5573.0,5592.0,953158,985916,5612.0,白糖,农产品,CZCE,SR0
2016-04-26,5604.0,5631.0,5589.0,5622.0,727424,950436,5613.0,白糖,农产品,CZCE,SR0
2016-04-27,5625.0,5632.0,5604.0,5615.0,562438,949748,5617.0,白糖,农产品,CZCE,SR0
2016-04-28,5613.0,5619.0,5523.0,5527.0,840838,946816,5571.0,白糖,农产品,CZCE,SR0
2016-04-29,5530.0,5552.0,5491.0,5503.0,861382,908172,5519.0,白糖,农产品,CZCE,SR0
2016-05-03,5398.0,5438.0,5394.0,5430.0,432,42896,5426.0,白糖,农产品,CZCE,SR0
2016-05-04,5569.0,5647.0,5555.0,5637.0,1160782,843450,5604.0,白糖,农产品,CZCE,SR0
2016-05-05,5641.0,5655.0,5622.0,5644.0,766260,827090,5639.0,白糖,农产品,CZCE,SR0
2016-05-06,5657.0,5667.0,5556.0,5588.0,947732,792950,5603.0,白糖,农产品,CZCE,SR0
2016-05-09,5595.0,5607.0,5542.0,5561.0,717704,789500,5574.0,白糖,农产品,CZCE,SR0
2016-05-10,5555.0,5593.0,5535.0,5584.0,904290,789228,5570.0,白糖,农产品,CZCE,SR0
2016-05-11,5590.0,5595.0,5549.0,5576.0,882128,793190,5572.0,白糖,农产品,CZCE,SR0
2016-05-12,5605.0,5663.0,5579.0,5629.0,1229060,814366,5631.0,白糖,农产品,CZCE,SR0
2016-05-13,5622.0,5631.0,5559.0,5583.0,875316,778226,5590.0,白糖,农产品,CZCE,SR0
2016-05-16,5581.0,5603.0,5568.0,5582.0,695002,782310,5582.0,白糖,农产品,CZCE,SR0
2016-05-17,5576.0,5599.0,5561.0,5569.0,608852,783452,5578.0,白糖,农产品,CZCE,SR0
2016-05-18,5563.0,5576.0,5500.0,5505.0,1407574,853824,5534.0,白糖,农产品,CZCE,SR0
2016-05-19,5497.0,5538.0,5484.0,5493.0,661138,841336,5510.0,白糖,农产品,CZCE,SR0
2016-05-20,5515.0,5521.0,5475.0,5475.0,712072,891824,5500.0,白糖,农产品,CZCE,SR0
2016-05-23,5489.0,5536.0,5464.0,5530.0,1119966,872452,5506.0,白糖,农产品,CZCE,SR0
2016-05-24,5515.0,5525.0,5491.0,5497.0,510120,858796,5508.0,白糖,农产品,CZCE,SR0
2016-05-25,5495.0,5508.0,5432.0,5471.0,1005048,873360,5474.0,白糖,农产品,CZCE,SR0
2016-05-26,5465.0,5522.0,5460.0,5518.0,583378,814708,5500.0,白糖,农产品,CZCE,SR0
2016-05-27,5528.0,5550.0,5502.0,5519.0,479996,787682,5524.0,白糖,农产品,CZCE,SR0
2016-05-30,5516.0,5560.0,5503.0,5557.0,555842,789566,5536.0,白糖,农产品,CZCE,SR0
2016-05-31,5558.0,5583.0,5533.0,5573.0,587866,791908,5559.0,白糖,农产品,CZCE,SR0
2016-06-01,5567.0,5579.0,5500.0,5515.0,514372,784664,5535.0,白糖,农产品,CZCE,SR0
2016-06-02,5513.0,5531.0,5507.0,5520.0,303086,769274,5521.0,白糖,农产品,CZCE,SR0
2016-06-03,5538.0,5683.0,5532.0,5676.0,1243836,829064,5610.0,白糖,农产品,CZCE,SR0
2016-06-06,5675.0,5732.0,5622.0,5724.0,1148220,845052,5682.0,白糖,农产品,CZCE,SR0
2016-06-07,5716.0,5720.0,5652.0,5659.0,765546,802934,5683.0,白糖,农产品,CZCE,SR0
2016-06-08,5682.0,5696.0,5659.0,5666.0,507536,779858,5679.0,白糖,农产品,CZCE,SR0
2016-06-13,5700.0,5808.0,5688.0,5759.0,775136,795550,5763.0,白糖,农产品,CZCE,SR0
2016-06-14,5763.0,5783.0,5730.0,5742.0,566254,796346,5751.0,白糖,农产品,CZCE,SR0
2016-06-15,5730.0,5741.0,5663.0,5709.0,691694,785626,5695.0,白糖,农产品,CZCE,SR0
2016-06-16,5722.0,5800.0,5700.0,5732.0,1135770,802746,5750.0,白糖,农产品,CZCE,SR0
2016-06-17,5745.0,5784.0,5692.0,5781.0,887040,823632,5740.0,白糖,农产品,CZCE,SR0
2016-06-20,5795.0,5864.0,5766.0,5833.0,1415938,858064,5832.0,白糖,农产品,CZCE,SR0
2016-06-21,5828.0,5859.0,5801.0,5811.0,689472,844838,5832.0,白糖,农产品,CZCE,SR0
2016-06-22,5781.0,5799.0,5757.0,5793.0,581282,818654,5782.0,白糖,农产品,CZCE,SR0
2016-06-23,5790.0,5814.0,5762.0,5766.0,612490,803336,5787.0,白糖,农产品,CZCE,SR0
2016-06-24,5778.0,5787.0,5701.0,5705.0,775476,759022,5757.0,白糖,农产品,CZCE,SR0
2016-06-27,5700.0,5815.0,5700.0,5781.0,574230,752260,5767.0,白糖,农产品,CZCE,SR0
2016-06-28,5777.0,5867.0,5775.0,5833.0,704630,756744,5824.0,白糖,农产品,CZCE,SR0
2016-06-29,5850.0,5880.0,5819.0,5841.0,663472,739420,5855.0,白糖,农产品,CZCE,SR0
2016-06-30,5883.0,6090.0,5883.0,6090.0,1571808,812958,6003.0,白糖,农产品,CZCE,SR0
2016-07-01,6090.0,6095.0,5953.0,5984.0,1384552,716302,6007.0,白糖,农产品,CZCE,SR0
2016-07-04,6010.0,6170.0,6005.0,6074.0,1539478,770516,6097.0,白糖,农产品,CZCE,SR0
2016-07-05,6068.0,6088.0,5889.0,5978.0,924152,705620,6005.0,白糖,农产品,CZCE,SR0
2016-07-06,6001.0,6064.0,5902.0,5971.0,1169134,673768,5983.0,白糖,农产品,CZCE,SR0
2016-07-07,5900.0,5961.0,5881.0,5885.0,704970,660608,5924.0,白糖,农产品,CZCE,SR0
2016-07-08,5903.0,5916.0,5758.0,5784.0,939852,635212,5827.0,白糖,农产品,CZCE,SR0
2016-07-11,5785.0,5848.0,5755.0,5821.0,614046,622078,5810.0,白糖,农产品,CZCE,SR0
2016-07-12,5850.0,5956.0,5833.0,5924.0,766158,569330,5903.0,白糖,农产品,CZCE,SR0
2016-07-13,5900.0,5940.0,5847.0,5907.0,738184,572294,5893.0,白糖,农产品,CZCE,SR0
2016-07-14,5930.0,5968.0,5819.0,5878.0,618678,557834,5897.0,白糖,农产品,CZCE,SR0
2016-07-15,5938.0,5948.0,5860.0,5897.0,569010,556636,5906.0,白糖,农产品,CZCE,SR0
2016-07-18,5879.0,5887.0,5811.0,5850.0,487106,553444,5844.0,白糖,农产品,CZCE,SR0
2016-07-19,5840.0,5914.0,5836.0,5902.0,634520,549450,5880.0,白糖,农产品,CZCE,SR0
2016-07-20,6270.0,6288.0,6224.0,6247.0,297568,564068,6261.0,白糖,农产品,CZCE,SR0
2016-07-21,6234.0,6260.0,6197.0,6245.0,241168,562244,6233.0,白糖,农产品,CZCE,SR0
2016-07-22,6274.0,6310.0,6206.0,6216.0,500774,588010,6257.0,白糖,农产品,CZCE,SR0
2016-07-25,6214.0,6248.0,6188.0,6228.0,296744,595168,6219.0,白糖,农产品,CZCE,SR0
2016-07-26,6249.0,6282.0,6200.0,6233.0,445984,604388,6244.0,白糖,农产品,CZCE,SR0
2016-07-27,6185.0,6218.0,6162.0,6190.0,446172,607566,6192.0,白糖,农产品,CZCE,SR0
2016-07-28,6162.0,6202.0,6122.0,6124.0,562064,629104,6163.0,白糖,农产品,CZCE,SR0
2016-07-29,6134.0,6156.0,6090.0,6105.0,615812,622050,6125.0,白糖,农产品,CZCE,SR0
2016-08-01,6124.0,6187.0,6124.0,6157.0,495070,613552,6162.0,白糖,农产品,CZCE,SR0
2016-08-02,6151.0,6192.0,6127.0,6134.0,449460,620964,6155.0,白糖,农产品,CZCE,SR0
2016-08-03,6159.0,6176.0,6130.0,6136.0,445162,617864,6152.0,白糖,农产品,CZCE,SR0
2016-08-04,6130.0,6163.0,6049.0,6070.0,814612,665780,6097.0,白糖,农产品,CZCE,SR0
2016-08-05,6070.0,6131.0,6061.0,6103.0,534676,671422,6100.0,白糖,农产品,CZCE,SR0
2016-08-08,6114.0,6177.0,6100.0,6151.0,578340,670228,6140.0,白糖,农产品,CZCE,SR0
2016-08-09,6176.0,6191.0,6140.0,6152.0,380422,660680,6160.0,白糖,农产品,CZCE,SR0
2016-08-10,6159.0,6176.0,6089.0,6116.0,585082,660906,6133.0,白糖,农产品,CZCE,SR0
2016-08-11,6120.0,6131.0,6045.0,6064.0,540792,688112,6082.0,白糖,农产品,CZCE,SR0
2016-08-12,6067.0,6081.0,6056.0,6065.0,269442,685094,6070.0,白糖,农产品,CZCE,SR0
2016-08-15,6072.0,6127.0,6070.0,6106.0,429298,659998,6105.0,白糖,农产品,CZCE,SR0
2016-08-16,6110.0,6145.0,6095.0,6121.0,379890,665952,6122.0,白糖,农产品,CZCE,SR0
2016-08-17,6130.0,6183.0,6124.0,6162.0,480306,657762,6157.0,白糖,农产品,CZCE,SR0
2016-08-18,6142.0,6157.0,6107.0,6149.0,401588,647296,6132.0,白糖,农产品,CZCE,SR0
2016-08-19,6155.0,6248.0,6150.0,6238.0,722294,699264,6207.0,白糖,农产品,CZCE,SR0
2016-08-22,6220.0,6271.0,6206.0,6242.0,569348,711672,6239.0,白糖,农产品,CZCE,SR0
2016-08-23,6256.0,6298.0,6246.0,6292.0,573464,750940,6278.0,白糖,农产品,CZCE,SR0
2016-08-24,6288.0,6292.0,6254.0,6276.0,438936,734168,6273.0,白糖,农产品,CZCE,SR0
2016-08-25,6278.0,6278.0,6186.0,6230.0,650228,661206,6221.0,白糖,农产品,CZCE,SR0
2016-08-26,6257.0,6257.0,6202.0,6233.0,375542,671018,6227.0,白糖,农产品,CZCE,SR0
2016-08-29,6229.0,6254.0,6190.0,6242.0,467328,703168,6227.0,白糖,农产品,CZCE,SR0
2016-08-30,6236.0,6287.0,6233.0,6261.0,557162,723932,6271.0,白糖,农产品,CZCE,SR0
2016-08-31,6260.0,6263.0,6200.0,6230.0,458194,697906,6229.0,白糖,农产品,CZCE,SR0
2016-09-01,6200.0,6246.0,6191.0,6204.0,710328,721400,6218.0,白糖,农产品,CZCE,SR0
2016-09-02,6199.0,6210.0,6142.0,6187.0,783886,726510,6178.0,白糖,农产品,CZCE,SR0
2016-09-05,6239.0,6268.0,6224.0,6252.0,528680,702812,6247.0,白糖,农产品,CZCE,SR0
2016-09-06,6250.0,6261.0,6232.0,6242.0,240660,696400,6247.0,白糖,农产品,CZCE,SR0
2016-09-07,6210.0,6265.0,6202.0,6251.0,415000,724918,6239.0,白糖,农产品,CZCE,SR0
2016-09-08,6275.0,6280.0,6215.0,6227.0,366804,708060,6236.0,白糖,农产品,CZCE,SR0
2016-09-09,6216.0,6240.0,6213.0,6231.0,284864,707200,6226.0,白糖,农产品,CZCE,SR0
2016-09-12,6220.0,6250.0,6203.0,6230.0,582376,713302,6227.0,白糖,农产品,CZCE,SR0
2016-09-13,6225.0,6336.0,6214.0,6320.0,916920,785020,6293.0,白糖,农产品,CZCE,SR0
2016-09-14,6327.0,6330.0,6293.0,6323.0,411292,762442,6313.0,白糖,农产品,CZCE,SR0
2016-09-19,6478.0,6480.0,6414.0,6437.0,420710,772320,6445.0,白糖,农产品,CZCE,SR0
2016-09-20,6452.0,6464.0,6419.0,6432.0,458706,768828,6439.0,白糖,农产品,CZCE,SR0
2016-09-21,6437.0,6487.0,6405.0,6412.0,741928,776340,6444.0,白糖,农产品,CZCE,SR0
2016-09-22,6421.0,6527.0,6394.0,6473.0,951404,816448,6463.0,白糖,农产品,CZCE,SR0
2016-09-23,6511.0,6523.0,6463.0,6499.0,575378,842812,6492.0,白糖,农产品,CZCE,SR0
2016-09-26,6514.0,6625.0,6491.0,6610.0,757894,903528,6577.0,白糖,农产品,CZCE,SR0
2016-09-27,6615.0,6693.0,6610.0,6673.0,990304,927438,6659.0,白糖,农产品,CZCE,SR0
2016-09-28,6665.0,6721.0,6638.0,6710.0,728650,928844,6675.0,白糖,农产品,CZCE,SR0
2016-09-29,6700.0,6765.0,6676.0,6698.0,855612,871530,6715.0,白糖,农产品,CZCE,SR0
2016-09-30,6705.0,6723.0,6657.0,6716.0,561144,838088,6695.0,白糖,农产品,CZCE,SR0
2016-10-10,6710.0,6732.0,6668.0,6730.0,418016,852080,6693.0,白糖,农产品,CZCE,SR0
2016-10-11,6720.0,6730.0,6622.0,6658.0,811784,849774,6667.0,白糖,农产品,CZCE,SR0
2016-10-12,6657.0,6714.0,6638.0,6693.0,607166,879586,6678.0,白糖,农产品,CZCE,SR0
2016-10-13,6681.0,6767.0,6666.0,6735.0,801556,923006,6724.0,白糖,农产品,CZCE,SR0
2016-10-14,6737.0,6749.0,6709.0,6740.0,483696,918480,6731.0,白糖,农产品,CZCE,SR0
2016-10-17,6734.0,6814.0,6697.0,6786.0,745778,930538,6764.0,白糖,农产品,CZCE,SR0
2016-10-18,6786.0,6803.0,6747.0,6796.0,484076,920428,6780.0,白糖,农产品,CZCE,SR0
2016-10-19,6782.0,6797.0,6702.0,6725.0,745516,845758,6750.0,白糖,农产品,CZCE,SR0
2016-10-20,6731.0,6747.0,6702.0,6715.0,426500,842246,6725.0,白糖,农产品,CZCE,SR0
2016-10-21,6685.0,6724.0,6675.0,6714.0,563680,817422,6701.0,白糖,农产品,CZCE,SR0
2016-10-24,6716.0,6905.0,6710.0,6877.0,1032168,891672,6828.0,白糖,农产品,CZCE,SR0
2016-10-25,6890.0,6904.0,6859.0,6900.0,588108,837818,6881.0,白糖,农产品,CZCE,SR0
2016-10-26,6896.0,6931.0,6828.0,6890.0,746248,802846,6872.0,白糖,农产品,CZCE,SR0
2016-10-27,6886.0,6910.0,6851.0,6858.0,508508,793308,6879.0,白糖,农产品,CZCE,SR0
2016-10-28,6865.0,6886.0,6788.0,6819.0,806850,731418,6832.0,白糖,农产品,CZCE,SR0
2016-10-31,6800.0,6823.0,6750.0,6760.0,604250,713132,6794.0,白糖,农产品,CZCE,SR0
2016-11-01,6752.0,6757.0,6692.0,6747.0,598648,676300,6731.0,白糖,农产品,CZCE,SR0
2016-11-02,6743.0,6776.0,6703.0,6746.0,583390,665466,6744.0,白糖,农产品,CZCE,SR0
2016-11-03,6751.0,6854.0,6733.0,6825.0,720792,677268,6798.0,白糖,农产品,CZCE,SR0
2016-11-04,6818.0,6853.0,6740.0,6744.0,492368,644482,6803.0,白糖,农产品,CZCE,SR0
2016-11-07,6768.0,6796.0,6743.0,6774.0,454280,631036,6773.0,白糖,农产品,CZCE,SR0
2016-11-08,6790.0,6888.0,6783.0,6795.0,788544,602184,6839.0,白糖,农产品,CZCE,SR0
2016-11-09,6788.0,6828.0,6760.0,6775.0,581156,597510,6789.0,白糖,农产品,CZCE,SR0
2016-11-10,6784.0,6848.0,6775.0,6816.0,676302,611512,6816.0,白糖,农产品,CZCE,SR0
2016-11-11,6798.0,6940.0,6782.0,6823.0,1017006,621124,6847.0,白糖,农产品,CZCE,SR0
2016-11-14,6820.0,6858.0,6728.0,6829.0,867816,565884,6793.0,白糖,农产品,CZCE,SR0
2016-11-15,6824.0,6907.0,6813.0,6852.0,938596,527914,6856.0,白糖,农产品,CZCE,SR0
2016-11-16,6855.0,6875.0,6785.0,6818.0,529734,501178,6824.0,白糖,农产品,CZCE,SR0
2016-11-17,6800.0,6800.0,6748.0,6779.0,542892,505144,6770.0,白糖,农产品,CZCE,SR0
2016-11-18,6784.0,6804.0,6751.0,6797.0,432380,494374,6781.0,白糖,农产品,CZCE,SR0
2016-11-21,6811.0,6875.0,6766.0,6841.0,565282,496522,6823.0,白糖,农产品,CZCE,SR0
2016-11-22,6851.0,6892.0,6820.0,6865.0,531918,483274,6858.0,白糖,农产品,CZCE,SR0
2016-11-23,6860.0,6872.0,6771.0,6799.0,402792,477264,6815.0,白糖,农产品,CZCE,SR0
2016-11-24,6799.0,6958.0,6791.0,6923.0,744688,511716,6878.0,白糖,农产品,CZCE,SR0
2016-11-25,6932.0,6986.0,6851.0,6952.0,572742,475604,6929.0,白糖,农产品,CZCE,SR0
2016-11-28,6947.0,7207.0,6936.0,7207.0,837196,483894,7076.0,白糖,农产品,CZCE,SR0
2016-11-29,7268.0,7314.0,7212.0,7270.0,649008,422406,7269.0,白糖,农产品,CZCE,SR0
2016-11-30,7262.0,7262.0,7116.0,7180.0,658348,403378,7188.0,白糖,农产品,CZCE,SR0
2016-12-01,7188.0,7230.0,7106.0,7135.0,355442,370560,7146.0,白糖,农产品,CZCE,SR0
2016-12-02,7120.0,7166.0,6981.0,7057.0,324134,339174,7048.0,白糖,农产品,CZCE,SR0
2016-12-05,7049.0,7078.0,6990.0,7037.0,195926,326040,7030.0,白糖,农产品,CZCE,SR0
2016-12-06,7023.0,7068.0,6996.0,7005.0,148700,311304,7022.0,白糖,农产品,CZCE,SR0
2016-12-07,7080.0,7180.0,7072.0,7144.0,622298,370464,7139.0,白糖,农产品,CZCE,SR0
2016-12-08,7146.0,7182.0,7101.0,7122.0,565690,396542,7144.0,白糖,农产品,CZCE,SR0
2016-12-09,7110.0,7110.0,7056.0,7079.0,410346,385990,7076.0,白糖,农产品,CZCE,SR0
2016-12-12,7065.0,7171.0,7041.0,7105.0,515858,399764,7113.0,白糖,农产品,CZCE,SR0
2016-12-13,7109.0,7148.0,7083.0,7119.0,361084,389432,7114.0,白糖,农产品,CZCE,SR0
2016-12-14,7115.0,7128.0,6903.0,6925.0,762478,374112,6986.0,白糖,农产品,CZCE,SR0
2016-12-15,6935.0,6940.0,6868.0,6893.0,545050,368850,6907.0,白糖,农产品,CZCE,SR0
2016-12-16,6908.0,6960.0,6876.0,6926.0,419486,367588,6927.0,白糖,农产品,CZCE,SR0
2016-12-19,6880.0,6891.0,6840.0,6864.0,423722,351908,6866.0,白糖,农产品,CZCE,SR0
2016-12-20,6865.0,6887.0,6732.0,6748.0,594152,347084,6792.0,白糖,农产品,CZCE,SR0
2016-12-21,6748.0,6781.0,6740.0,6759.0,306086,341940,6760.0,白糖,农产品,CZCE,SR0
2016-12-22,6746.0,6799.0,6708.0,6766.0,472710,341446,6769.0,白糖,农产品,CZCE,SR0
2016-12-23,6776.0,6794.0,6738.0,6767.0,459552,343614,6765.0,白糖,农产品,CZCE,SR0
2016-12-26,6780.0,6909.0,6643.0,6687.0,574290,346600,6724.0,白糖,农产品,CZCE,SR0
2016-12-27,6690.0,6765.0,6673.0,6741.0,353910,334548,6715.0,白糖,农产品,CZCE,SR0
2016-12-28,6740.0,6777.0,6710.0,6727.0,359438,343582,6740.0,白糖,农产品,CZCE,SR0
2016-12-29,6737.0,6833.0,6719.0,6787.0,526982,343896,6785.0,白糖,农产品,CZCE,SR0
2016-12-30,6810.0,6848.0,6791.0,6826.0,411420,332554,6826.0,白糖,农产品,CZCE,SR0
2017-01-03,7101.0,7105.0,7011.0,7024.0,9324,102410,7042.0,白糖,农产品,CZCE,SR0
2017-01-04,6748.0,6842.0,6742.0,6808.0,437568,333272,6802.0,白糖,农产品,CZCE,SR0
2017-01-05,6812.0,6880.0,6804.0,6847.0,465912,349074,6843.0,白糖,农产品,CZCE,SR0
2017-01-06,6850.0,6854.0,6773.0,6791.0,384392,358586,6811.0,白糖,农产品,CZCE,SR0
2017-01-09,6780.0,6865.0,6773.0,6836.0,341562,353646,6823.0,白糖,农产品,CZCE,SR0
2017-01-10,6826.0,6832.0,6787.0,6811.0,339302,339438,6807.0,白糖,农产品,CZCE,SR0
2017-01-11,6800.0,6920.0,6784.0,6870.0,590898,349176,6870.0,白糖,农产品,CZCE,SR0
2017-01-12,6895.0,6912.0,6849.0,6856.0,355994,354252,6877.0,白糖,农产品,CZCE,SR0
2017-01-13,6868.0,6890.0,6792.0,6818.0,448928,363250,6841.0,白糖,农产品,CZCE,SR0
2017-01-16,6822.0,6891.0,6815.0,6837.0,366362,338028,6849.0,白糖,农产品,CZCE,SR0
2017-01-17,6839.0,6855.0,6781.0,6827.0,366164,346222,6822.0,白糖,农产品,CZCE,SR0
2017-01-18,6835.0,6903.0,6822.0,6869.0,366870,328160,6857.0,白糖,农产品,CZCE,SR0
2017-01-19,6871.0,7004.0,6850.0,6991.0,713254,400066,6941.0,白糖,农产品,CZCE,SR0
2017-01-20,7009.0,7025.0,6779.0,6880.0,635874,332258,6910.0,白糖,农产品,CZCE,SR0
2017-01-23,6883.0,6941.0,6869.0,6917.0,232382,331340,6902.0,白糖,农产品,CZCE,SR0
2017-01-24,6927.0,6988.0,6908.0,6954.0,271098,337338,6950.0,白糖,农产品,CZCE,SR0
2017-01-25,6971.0,6978.0,6921.0,6956.0,150678,324344,6952.0,白糖,农产品,CZCE,SR0
2017-01-26,6965.0,7020.0,6930.0,6933.0,190906,309960,6960.0,白糖,农产品,CZCE,SR0
2017-02-03,6954.0,6954.0,6850.0,6941.0,202728,305834,6904.0,白糖,农产品,CZCE,SR0
2017-02-06,6933.0,7010.0,6918.0,6963.0,352450,348712,6973.0,白糖,农产品,CZCE,SR0
2017-02-07,6970.0,6988.0,6945.0,6972.0,220446,357724,6969.0,白糖,农产品,CZCE,SR0
2017-02-08,6959.0,6965.0,6909.0,6947.0,326656,350316,6931.0,白糖,农产品,CZCE,SR0
2017-02-09,6950.0,6965.0,6884.0,6896.0,351568,372694,6923.0,白糖,农产品,CZCE,SR0
2017-02-10,6900.0,6924.0,6875.0,6909.0,285830,372524,6904.0,白糖,农产品,CZCE,SR0
2017-02-13,6907.0,6988.0,6892.0,6952.0,440616,388852,6943.0,白糖,农产品,CZCE,SR0
2017-02-14,6950.0,6971.0,6890.0,6915.0,367974,387774,6924.0,白糖,农产品,CZCE,SR0
2017-02-15,6930.0,6956.0,6837.0,6837.0,657538,428682,6898.0,白糖,农产品,CZCE,SR0
2017-02-16,6850.0,6884.0,6818.0,6837.0,441122,424054,6850.0,白糖,农产品,CZCE,SR0
2017-02-17,6836.0,6864.0,6810.0,6840.0,367504,422080,6837.0,白糖,农产品,CZCE,SR0
2017-02-20,6835.0,6870.0,6814.0,6837.0,315734,421942,6845.0,白糖,农产品,CZCE,SR0
2017-02-21,6835.0,6906.0,6818.0,6843.0,448452,413216,6853.0,白糖,农产品,CZCE,SR0
2017-02-22,6850.0,6886.0,6821.0,6861.0,331854,392586,6857.0,白糖,农产品,CZCE,SR0
2017-02-23,6854.0,6879.0,6820.0,6865.0,426376,398158,6848.0,白糖,农产品,CZCE,SR0
2017-02-24,6854.0,6863.0,6767.0,6791.0,688014,436814,6796.0,白糖,农产品,CZCE,SR0
2017-02-27,6795.0,6799.0,6749.0,6783.0,573504,465182,6770.0,白糖,农产品,CZCE,SR0
2017-02-28,6775.0,6792.0,6745.0,6755.0,425176,486530,6759.0,白糖,农产品,CZCE,SR0
2017-03-01,6765.0,6841.0,6765.0,6836.0,469148,461784,6803.0,白糖,农产品,CZCE,SR0
2017-03-02,6828.0,6855.0,6817.0,6834.0,288610,450964,6834.0,白糖,农产品,CZCE,SR0
2017-03-03,6828.0,6918.0,6803.0,6916.0,651410,455068,6869.0,白糖,农产品,CZCE,SR0
2017-03-06,6905.0,6910.0,6867.0,6885.0,319942,428870,6887.0,白糖,农产品,CZCE,SR0
2017-03-07,6889.0,6896.0,6796.0,6806.0,414166,429772,6843.0,白糖,农产品,CZCE,SR0
2017-03-08,6782.0,6787.0,6702.0,6723.0,508614,454324,6742.0,白糖,农产品,CZCE,SR0
2017-03-09,6737.0,6788.0,6707.0,6771.0,409208,446742,6748.0,白糖,农产品,CZCE,SR0
2017-03-10,6779.0,6784.0,6688.0,6758.0,676492,480666,6725.0,白糖,农产品,CZCE,SR0
2017-03-13,6774.0,6816.0,6741.0,6769.0,461634,462484,6773.0,白糖,农产品,CZCE,SR0
2017-03-14,6755.0,6803.0,6747.0,6766.0,372732,436354,6778.0,白糖,农产品,CZCE,SR0
2017-03-15,6772.0,6840.0,6755.0,6809.0,434492,418362,6804.0,白糖,农产品,CZCE,SR0
2017-03-16,6797.0,6828.0,6719.0,6741.0,431752,441696,6766.0,白糖,农产品,CZCE,SR0
2017-03-17,6751.0,6764.0,6730.0,6749.0,242174,440858,6748.0,白糖,农产品,CZCE,SR0
2017-03-20,6720.0,6765.0,6652.0,6736.0,658540,449780,6708.0,白糖,农产品,CZCE,SR0
2017-03-21,6720.0,6720.0,6663.0,6672.0,358422,454012,6688.0,白糖,农产品,CZCE,SR0
2017-03-22,6642.0,6687.0,6599.0,6662.0,560710,463718,6633.0,白糖,农产品,CZCE,SR0
2017-03-23,6656.0,6686.0,6641.0,6653.0,252990,455050,6661.0,白糖,农产品,CZCE,SR0
2017-03-24,6643.0,6697.0,6634.0,6642.0,285308,446866,6669.0,白糖,农产品,CZCE,SR0
2017-03-27,6663.0,6677.0,6584.0,6641.0,387922,438030,6628.0,白糖,农产品,CZCE,SR0
2017-03-28,6643.0,6659.0,6594.0,6616.0,257040,434952,6623.0,白糖,农产品,CZCE,SR0
2017-03-29,6629.0,6639.0,6583.0,6609.0,303284,413544,6611.0,白糖,农产品,CZCE,SR0
2017-03-30,6573.0,6586.0,6477.0,6524.0,482610,396628,6525.0,白糖,农产品,CZCE,SR0
2017-03-31,6560.0,6599.0,6543.0,6573.0,385980,488596,6574.0,白糖,农产品,CZCE,SR0
2017-04-05,6472.0,6641.0,6467.0,6602.0,388448,515650,6554.0,白糖,农产品,CZCE,SR0
2017-04-06,6588.0,6617.0,6565.0,6592.0,351064,565474,6594.0,白糖,农产品,CZCE,SR0
2017-04-07,6600.0,6657.0,6576.0,6596.0,486104,561556,6623.0,白糖,农产品,CZCE,SR0
2017-04-10,6613.0,6736.0,6606.0,6683.0,573788,581238,6682.0,白糖,农产品,CZCE,SR0
2017-04-11,6683.0,6721.0,6670.0,6704.0,334310,597016,6695.0,白糖,农产品,CZCE,SR0
2017-04-12,6686.0,6744.0,6645.0,6726.0,549744,608712,6693.0,白糖,农产品,CZCE,SR0
2017-04-13,6739.0,6750.0,6671.0,6734.0,492750,613492,6704.0,白糖,农产品,CZCE,SR0
2017-04-14,6745.0,6772.0,6704.0,6724.0,485938,614746,6739.0,白糖,农产品,CZCE,SR0
2017-04-17,6729.0,6790.0,6720.0,6787.0,401508,613534,6751.0,白糖,农产品,CZCE,SR0
2017-04-18,6777.0,6809.0,6751.0,6767.0,506218,641242,6778.0,白糖,农产品,CZCE,SR0
2017-04-19,6790.0,6806.0,6727.0,6801.0,430020,648486,6772.0,白糖,农产品,CZCE,SR0
2017-04-20,6804.0,6817.0,6751.0,6787.0,471572,642866,6779.0,白糖,农产品,CZCE,SR0
2017-04-21,6791.0,6805.0,6760.0,6763.0,388348,650446,6780.0,白糖,农产品,CZCE,SR0
2017-04-24,6767.0,6768.0,6652.0,6670.0,884102,674228,6692.0,白糖,农产品,CZCE,SR0
2017-04-25,6676.0,6687.0,6635.0,6641.0,453914,674632,6655.0,白糖,农产品,CZCE,SR0
2017-04-26,6650.0,6684.0,6637.0,6661.0,341878,660346,6660.0,白糖,农产品,CZCE,SR0
2017-04-27,6666.0,6674.0,6595.0,6609.0,547734,700930,6627.0,白糖,农产品,CZCE,SR0
2017-04-28,6618.0,6628.0,6590.0,6600.0,315560,718550,6611.0,白糖,农产品,CZCE,SR0
2017-05-02,6641.0,6705.0,6638.0,6691.0,328454,683262,6675.0,白糖,农产品,CZCE,SR0
2017-05-03,6682.0,6693.0,6653.0,6658.0,266936,691706,6673.0,白糖,农产品,CZCE,SR0
2017-05-04,6655.0,6752.0,6642.0,6733.0,565264,680340,6707.0,白糖,农产品,CZCE,SR0
2017-05-05,6717.0,6717.0,6653.0,6667.0,505676,673920,6675.0,白糖,农产品,CZCE,SR0
2017-05-08,6685.0,6715.0,6623.0,6636.0,429502,687264,6658.0,白糖,农产品,CZCE,SR0
2017-05-09,6628.0,6669.0,6613.0,6646.0,293020,679316,6647.0,白糖,农产品,CZCE,SR0
2017-05-10,6663.0,6670.0,6609.0,6627.0,433590,689740,6633.0,白糖,农产品,CZCE,SR0
2017-05-11,6641.0,6698.0,6628.0,6667.0,504556,659814,6668.0,白糖,农产品,CZCE,SR0
2017-05-12,6654.0,6666.0,6625.0,6653.0,276766,653524,6645.0,白糖,农产品,CZCE,SR0
2017-05-15,6648.0,6707.0,6648.0,6687.0,347312,653792,6678.0,白糖,农产品,CZCE,SR0
2017-05-16,6722.0,6730.0,6670.0,6692.0,301462,652478,6694.0,白糖,农产品,CZCE,SR0
2017-05-17,6708.0,6750.0,6693.0,6746.0,453812,637002,6721.0,白糖,农产品,CZCE,SR0
2017-05-18,6755.0,6762.0,6701.0,6717.0,496832,626774,6736.0,白糖,农产品,CZCE,SR0
2017-05-19,6681.0,6744.0,6675.0,6734.0,333888,615130,6721.0,白糖,农产品,CZCE,SR0
2017-05-22,6750.0,6779.0,6653.0,6680.0,856624,599760,6724.0,白糖,农产品,CZCE,SR0
2017-05-23,6690.0,6716.0,6673.0,6703.0,261622,589716,6694.0,白糖,农产品,CZCE,SR0
2017-05-24,6700.0,6703.0,6655.0,6662.0,330564,588812,6674.0,白糖,农产品,CZCE,SR0
2017-05-25,6649.0,6685.0,6637.0,6661.0,279650,569200,6665.0,白糖,农产品,CZCE,SR0
2017-05-26,6660.0,6664.0,6630.0,6645.0,239916,548688,6647.0,白糖,农产品,CZCE,SR0
2017-05-31,6614.0,6623.0,6551.0,6552.0,371946,604994,6585.0,白糖,农产品,CZCE,SR0
2017-06-01,6555.0,6599.0,6521.0,6586.0,315008,618850,6561.0,白糖,农产品,CZCE,SR0
2017-06-02,6578.0,6590.0,6553.0,6585.0,276662,614068,6571.0,白糖,农产品,CZCE,SR0
2017-06-05,6588.0,6630.0,6547.0,6562.0,368784,617170,6581.0,白糖,农产品,CZCE,SR0
2017-06-06,6573.0,6587.0,6536.0,6574.0,356416,631530,6562.0,白糖,农产品,CZCE,SR0
2017-06-07,6568.0,6615.0,6556.0,6611.0,287162,619394,6594.0,白糖,农产品,CZCE,SR0
2017-06-08,6610.0,6639.0,6591.0,6626.0,288574,601608,6613.0,白糖,农产品,CZCE,SR0
2017-06-09,6619.0,6683.0,6618.0,6679.0,368430,582764,6660.0,白糖,农产品,CZCE,SR0
2017-06-12,6661.0,6672.0,6642.0,6647.0,203510,559106,6661.0,白糖,农产品,CZCE,SR0
2017-06-13,6651.0,6656.0,6585.0,6605.0,299276,567650,6614.0,白糖,农产品,CZCE,SR0
2017-06-14,6606.0,6616.0,6581.0,6611.0,213730,564106,6598.0,白糖,农产品,CZCE,SR0
2017-06-15,6598.0,6636.0,6592.0,6598.0,293844,563608,6612.0,白糖,农产品,CZCE,SR0
2017-06-16,6600.0,6604.0,6549.0,6574.0,401312,586208,6575.0,白糖,农产品,CZCE,SR0
2017-06-19,6571.0,6585.0,6500.0,6532.0,476454,613824,6534.0,白糖,农产品,CZCE,SR0
2017-06-20,6531.0,6564.0,6518.0,6537.0,287184,602886,6542.0,白糖,农产品,CZCE,SR0
2017-06-21,6530.0,6560.0,6526.0,6545.0,206024,596674,6547.0,白糖,农产品,CZCE,SR0
2017-06-22,6538.0,6555.0,6450.0,6470.0,488770,613342,6487.0,白糖,农产品,CZCE,SR0
2017-06-23,6467.0,6533.0,6454.0,6532.0,366254,585020,6494.0,白糖,农产品,CZCE,SR0
2017-06-26,6527.0,6549.0,6522.0,6537.0,195478,568304,6535.0,白糖,农产品,CZCE,SR0
2017-06-27,6520.0,6520.0,6456.0,6464.0,401314,551538,6485.0,白糖,农产品,CZCE,SR0
2017-06-28,6473.0,6477.0,6362.0,6387.0,647366,585224,6414.0,白糖,农产品,CZCE,SR0
2017-06-29,6388.0,6395.0,6360.0,6370.0,315964,584772,6379.0,白糖,农产品,CZCE,SR0
2017-06-30,6370.0,6448.0,6362.0,6378.0,445052,588952,6405.0,白糖,农产品,CZCE,SR0
2017-07-03,6365.0,6401.0,6303.0,6372.0,414288,583930,6375.0,白糖,农产品,CZCE,SR0
2017-07-04,6359.0,6381.0,6246.0,6257.0,489068,606450,6301.0,白糖,农产品,CZCE,SR0
2017-07-05,6256.0,6259.0,6150.0,6174.0,618702,584402,6190.0,白糖,农产品,CZCE,SR0
2017-07-06,6167.0,6187.0,6123.0,6170.0,503090,580158,6163.0,白糖,农产品,CZCE,SR0
2017-07-07,6186.0,6235.0,6128.0,6137.0,408146,595302,6165.0,白糖,农产品,CZCE,SR0
2017-07-10,6150.0,6232.0,6133.0,6202.0,452242,550712,6183.0,白糖,农产品,CZCE,SR0
2017-07-11,6192.0,6229.0,6158.0,6202.0,381144,541582,6191.0,白糖,农产品,CZCE,SR0
2017-07-12,6192.0,6245.0,6177.0,6206.0,417544,542718,6221.0,白糖,农产品,CZCE,SR0
2017-07-13,6206.0,6224.0,6186.0,6218.0,238966,539190,6209.0,白糖,农产品,CZCE,SR0
2017-07-14,6246.0,6294.0,6231.0,6272.0,435820,495168,6259.0,白糖,农产品,CZCE,SR0
2017-07-17,6290.0,6296.0,6185.0,6187.0,282142,532292,6244.0,白糖,农产品,CZCE,SR0
2017-07-18,6180.0,6270.0,6166.0,6231.0,271054,529742,6219.0,白糖,农产品,CZCE,SR0
2017-07-19,6228.0,6240.0,6195.0,6237.0,198318,539952,6217.0,白糖,农产品,CZCE,SR0
2017-07-20,6249.0,6306.0,6236.0,6274.0,288750,535682,6278.0,白糖,农产品,CZCE,SR0
2017-07-21,6268.0,6287.0,6259.0,6271.0,162464,542662,6274.0,白糖,农产品,CZCE,SR0
2017-07-24,6272.0,6273.0,6189.0,6211.0,223606,555962,6225.0,白糖,农产品,CZCE,SR0
2017-07-25,6216.0,6235.0,6198.0,6210.0,215056,581390,6215.0,白糖,农产品,CZCE,SR0
2017-07-26,6200.0,6214.0,6100.0,6106.0,485996,616726,6142.0,白糖,农产品,CZCE,SR0
2017-07-27,6102.0,6142.0,6090.0,6119.0,280822,623020,6117.0,白糖,农产品,CZCE,SR0
2017-07-28,6150.0,6160.0,6040.0,6046.0,409742,650862,6092.0,白糖,农产品,CZCE,SR0
2017-07-31,6045.0,6055.0,5993.0,6030.0,433786,671142,6026.0,白糖,农产品,CZCE,SR0
2017-08-01,6065.0,6144.0,6055.0,6128.0,497978,655546,6110.0,白糖,农产品,CZCE,SR0
2017-08-02,6136.0,6160.0,6080.0,6153.0,493682,657662,6121.0,白糖,农产品,CZCE,SR0
2017-08-03,6157.0,6207.0,6136.0,6157.0,438194,653690,6165.0,白糖,农产品,CZCE,SR0
2017-08-04,6160.0,6198.0,6139.0,6188.0,367046,657614,6170.0,白糖,农产品,CZCE,SR0
2017-08-07,6187.0,6293.0,6180.0,6249.0,609156,657150,6233.0,白糖,农产品,CZCE,SR0
2017-08-08,6232.0,6247.0,6208.0,6232.0,303000,664438,6228.0,白糖,农产品,CZCE,SR0
2017-08-09,6235.0,6250.0,6156.0,6209.0,582700,694302,6203.0,白糖,农产品,CZCE,SR0
2017-08-10,6205.0,6266.0,6198.0,6233.0,491006,692426,6233.0,白糖,农产品,CZCE,SR0
2017-08-11,6225.0,6256.0,6194.0,6238.0,547948,690142,6231.0,白糖,农产品,CZCE,SR0
2017-08-14,6236.0,6270.0,6226.0,6247.0,522886,712088,6245.0,白糖,农产品,CZCE,SR0
2017-08-15,6231.0,6323.0,6208.0,6300.0,831650,734682,6285.0,白糖,农产品,CZCE,SR0
2017-08-16,6285.0,6304.0,6261.0,6300.0,395630,734616,6286.0,白糖,农产品,CZCE,SR0
2017-08-17,6302.0,6334.0,6271.0,6319.0,609498,737608,6302.0,白糖,农产品,CZCE,SR0
2017-08-18,6330.0,6362.0,6311.0,6355.0,531038,735136,6341.0,白糖,农产品,CZCE,SR0
2017-08-21,6359.0,6364.0,6312.0,6355.0,437502,726338,6341.0,白糖,农产品,CZCE,SR0
2017-08-22,6361.0,6378.0,6328.0,6372.0,351778,734772,6357.0,白糖,农产品,CZCE,SR0
2017-08-23,6360.0,6368.0,6286.0,6315.0,471688,740924,6328.0,白糖,农产品,CZCE,SR0
2017-08-24,6326.0,6343.0,6310.0,6332.0,262392,732924,6329.0,白糖,农产品,CZCE,SR0
2017-08-25,6342.0,6446.0,6338.0,6427.0,649898,753388,6399.0,白糖,农产品,CZCE,SR0
2017-08-28,6429.0,6490.0,6403.0,6489.0,507032,753482,6454.0,白糖,农产品,CZCE,SR0
2017-08-29,6485.0,6494.0,6444.0,6467.0,379880,754718,6469.0,白糖,农产品,CZCE,SR0
2017-08-30,6440.0,6442.0,6371.0,6379.0,455152,723678,6414.0,白糖,农产品,CZCE,SR0
2017-08-31,6380.0,6430.0,6380.0,6396.0,352790,730852,6410.0,白糖,农产品,CZCE,SR0
2017-09-01,6416.0,6440.0,6402.0,6413.0,265466,732888,6418.0,白糖,农产品,CZCE,SR0
2017-09-04,6415.0,6417.0,6336.0,6362.0,479504,739324,6359.0,白糖,农产品,CZCE,SR0
2017-09-05,6366.0,6390.0,6348.0,6363.0,307566,742216,6369.0,白糖,农产品,CZCE,SR0
2017-09-06,6375.0,6386.0,6281.0,6283.0,613506,738140,6348.0,白糖,农产品,CZCE,SR0
2017-09-07,6289.0,6307.0,6217.0,6221.0,532792,716842,6264.0,白糖,农产品,CZCE,SR0
2017-09-08,6200.0,6217.0,6140.0,6148.0,653308,698098,6179.0,白糖,农产品,CZCE,SR0
2017-09-11,6154.0,6185.0,6124.0,6152.0,433404,703128,6164.0,白糖,农产品,CZCE,SR0
2017-09-12,6148.0,6193.0,6146.0,6161.0,315332,712920,6170.0,白糖,农产品,CZCE,SR0
2017-09-13,6168.0,6186.0,6108.0,6140.0,547948,704176,6149.0,白糖,农产品,CZCE,SR0
2017-09-14,6162.0,6227.0,6153.0,6192.0,525058,692306,6199.0,白糖,农产品,CZCE,SR0
2017-09-15,6202.0,6216.0,6156.0,6184.0,379248,676074,6192.0,白糖,农产品,CZCE,SR0
2017-09-18,6196.0,6252.0,6181.0,6181.0,499714,691384,6217.0,白糖,农产品,CZCE,SR0
2017-09-19,6179.0,6188.0,6115.0,6143.0,571908,705152,6140.0,白糖,农产品,CZCE,SR0
2017-09-20,6152.0,6188.0,6145.0,6160.0,324514,675914,6161.0,白糖,农产品,CZCE,SR0
2017-09-21,6173.0,6178.0,6086.0,6135.0,479578,693280,6132.0,白糖,农产品,CZCE,SR0
2017-09-22,6143.0,6175.0,6131.0,6155.0,264902,674790,6150.0,白糖,农产品,CZCE,SR0
2017-09-25,6155.0,6205.0,6138.0,6148.0,343846,674686,6173.0,白糖,农产品,CZCE,SR0
2017-09-26,6138.0,6151.0,6101.0,6142.0,364298,682714,6129.0,白糖,农产品,CZCE,SR0
2017-09-27,6115.0,6132.0,6062.0,6121.0,537626,694076,6097.0,白糖,农产品,CZCE,SR0
2017-09-28,6110.0,6160.0,6070.0,6086.0,382220,674684,6114.0,白糖,农产品,CZCE,SR0
2017-09-29,6085.0,6139.0,6072.0,6117.0,245176,650856,6110.0,白糖,农产品,CZCE,SR0
2017-10-09,6105.0,6148.0,6029.0,6034.0,283852,672554,6063.0,白糖,农产品,CZCE,SR0
2017-10-10,6038.0,6127.0,6030.0,6126.0,352714,683806,6072.0,白糖,农产品,CZCE,SR0
2017-10-11,6125.0,6195.0,6121.0,6185.0,468342,681178,6167.0,白糖,农产品,CZCE,SR0
2017-10-12,6194.0,6227.0,6152.0,6221.0,417238,692282,6193.0,白糖,农产品,CZCE,SR0
2017-10-13,6210.0,6282.0,6200.0,6265.0,480372,700366,6243.0,白糖,农产品,CZCE,SR0
2017-10-16,6262.0,6272.0,6210.0,6271.0,283428,690480,6247.0,白糖,农产品,CZCE,SR0
2017-10-17,6254.0,6282.0,6221.0,6253.0,307924,693958,6250.0,白糖,农产品,CZCE,SR0
2017-10-18,6255.0,6289.0,6243.0,6269.0,336840,707334,6265.0,白糖,农产品,CZCE,SR0
2017-10-19,6269.0,6272.0,6202.0,6220.0,360768,710890,6233.0,白糖,农产品,CZCE,SR0
2017-10-20,6233.0,6250.0,6191.0,6197.0,331916,710766,6221.0,白糖,农产品,CZCE,SR0
2017-10-23,6195.0,6240.0,6165.0,6238.0,360424,714082,6208.0,白糖,农产品,CZCE,SR0
2017-10-24,6234.0,6255.0,6215.0,6252.0,233580,713070,6235.0,白糖,农产品,CZCE,SR0
2017-10-25,6260.0,6384.0,6253.0,6375.0,662866,749920,6332.0,白糖,农产品,CZCE,SR0
2017-10-26,6371.0,6397.0,6355.0,6387.0,360202,733366,6374.0,白糖,农产品,CZCE,SR0
2017-10-27,6374.0,6420.0,6364.0,6399.0,379146,738314,6391.0,白糖,农产品,CZCE,SR0
2017-10-30,6393.0,6439.0,6362.0,6375.0,388580,736330,6393.0,白糖,农产品,CZCE,SR0
2017-10-31,6375.0,6394.0,6340.0,6362.0,299198,717662,6369.0,白糖,农产品,CZCE,SR0
2017-11-01,6371.0,6379.0,6315.0,6328.0,337516,697352,6346.0,白糖,农产品,CZCE,SR0
2017-11-02,6330.0,6402.0,6323.0,6365.0,310454,693598,6367.0,白糖,农产品,CZCE,SR0
2017-11-03,6350.0,6386.0,6321.0,6386.0,289334,691024,6350.0,白糖,农产品,CZCE,SR0
2017-11-06,6383.0,6465.0,6377.0,6418.0,502800,703630,6427.0,白糖,农产品,CZCE,SR0
2017-11-07,6418.0,6452.0,6401.0,6440.0,309290,705462,6428.0,白糖,农产品,CZCE,SR0
2017-11-08,6436.0,6470.0,6432.0,6449.0,366180,720482,6451.0,白糖,农产品,CZCE,SR0
2017-11-09,6454.0,6537.0,6444.0,6507.0,513038,760564,6505.0,白糖,农产品,CZCE,SR0
2017-11-10,6501.0,6516.0,6415.0,6435.0,480124,744946,6467.0,白糖,农产品,CZCE,SR0
2017-11-13,6435.0,6520.0,6435.0,6492.0,432564,758180,6494.0,白糖,农产品,CZCE,SR0
2017-11-14,6460.0,6519.0,6460.0,6494.0,281410,753998,6497.0,白糖,农产品,CZCE,SR0
2017-11-15,6495.0,6506.0,6452.0,6479.0,297418,745108,6482.0,白糖,农产品,CZCE,SR0
2017-11-16,6474.0,6493.0,6396.0,6414.0,429244,726846,6450.0,白糖,农产品,CZCE,SR0
2017-11-17,6416.0,6442.0,6354.0,6363.0,406712,720418,6398.0,白糖,农产品,CZCE,SR0
2017-11-20,6389.0,6399.0,6341.0,6397.0,288060,702324,6371.0,白糖,农产品,CZCE,SR0
2017-11-21,6386.0,6440.0,6353.0,6387.0,336036,693400,6392.0,白糖,农产品,CZCE,SR0
2017-11-22,6395.0,6406.0,6333.0,6355.0,307828,686888,6370.0,白糖,农产品,CZCE,SR0
2017-11-23,6365.0,6393.0,6347.0,6388.0,264250,661038,6373.0,白糖,农产品,CZCE,SR0
2017-11-24,6390.0,6419.0,6376.0,6409.0,186636,654190,6400.0,白糖,农产品,CZCE,SR0
2017-11-27,6402.0,6510.0,6391.0,6487.0,383696,643244,6466.0,白糖,农产品,CZCE,SR0
2017-11-28,6488.0,6513.0,6471.0,6504.0,241062,640002,6489.0,白糖,农产品,CZCE,SR0
2017-11-29,6498.0,6622.0,6450.0,6470.0,436562,601768,6513.0,白糖,农产品,CZCE,SR0
2017-11-30,6453.0,6484.0,6365.0,6386.0,287658,547350,6421.0,白糖,农产品,CZCE,SR0
2017-12-01,6392.0,6450.0,6387.0,6413.0,184406,547228,6417.0,白糖,农产品,CZCE,SR0
2017-12-04,6410.0,6453.0,6385.0,6430.0,163982,541502,6422.0,白糖,农产品,CZCE,SR0
2017-12-05,6417.0,6513.0,6417.0,6494.0,154936,524510,6475.0,白糖,农产品,CZCE,SR0
2017-12-06,6495.0,6522.0,6479.0,6506.0,100062,512674,6500.0,白糖,农产品,CZCE,SR0
2017-12-07,6506.0,6530.0,6481.0,6517.0,92776,504918,6503.0,白糖,农产品,CZCE,SR0
2017-12-08,6510.0,6538.0,6498.0,6536.0,83016,499054,6511.0,白糖,农产品,CZCE,SR0
2017-12-11,6550.0,6560.0,6507.0,6530.0,122060,481226,6529.0,白糖,农产品,CZCE,SR0
2017-12-12,6529.0,6535.0,6487.0,6498.0,93572,465190,6511.0,白糖,农产品,CZCE,SR0
2017-12-13,6497.0,6499.0,6333.0,6342.0,227292,381192,6413.0,白糖,农产品,CZCE,SR0
2017-12-14,6031.0,6037.0,5952.0,5959.0,378908,472352,5987.0,白糖,农产品,CZCE,SR0
2017-12-15,5967.0,5990.0,5961.0,5961.0,196016,475296,5975.0,白糖,农产品,CZCE,SR0
2017-12-18,5974.0,6023.0,5965.0,5994.0,272512,459670,5989.0,白糖,农产品,CZCE,SR0
2017-12-19,6000.0,6005.0,5950.0,5968.0,255050,458638,5979.0,白糖,农产品,CZCE,SR0
2017-12-20,5974.0,6025.0,5964.0,5970.0,291078,442430,5994.0,白糖,农产品,CZCE,SR0
2017-12-21,5975.0,5988.0,5932.0,5977.0,361032,442404,5959.0,白糖,农产品,CZCE,SR0
2017-12-22,5987.0,5990.0,5946.0,5961.0,254790,445942,5964.0,白糖,农产品,CZCE,SR0
2017-12-25,5955.0,6000.0,5918.0,5980.0,298406,435804,5961.0,白糖,农产品,CZCE,SR0
2017-12-26,5977.0,5997.0,5954.0,5967.0,204112,431860,5973.0,白糖,农产品,CZCE,SR0
2017-12-27,5975.0,5980.0,5920.0,5924.0,316870,463758,5947.0,白糖,农产品,CZCE,SR0
2017-12-28,5921.0,5957.0,5909.0,5938.0,256522,455684,5939.0,白糖,农产品,CZCE,SR0
2017-12-29,5936.0,5950.0,5921.0,5937.0,159684,453852,5938.0,白糖,农产品,CZCE,SR0
2018-01-02,5923.0,5965.0,5885.0,5897.0,328678,476462,5921.0,白糖,农产品,CZCE,SR0
2018-01-03,5893.0,5917.0,5891.0,5905.0,231028,480132,5903.0,白糖,农产品,CZCE,SR0
2018-01-04,5898.0,5898.0,5829.0,5858.0,496534,492706,5857.0,白糖,农产品,CZCE,SR0
2018-01-05,5843.0,5873.0,5835.0,5867.0,313342,492068,5852.0,白糖,农产品,CZCE,SR0
2018-01-08,5864.0,5885.0,5850.0,5874.0,225040,491034,5869.0,白糖,农产品,CZCE,SR0
2018-01-09,5868.0,5888.0,5848.0,5864.0,311846,503794,5866.0,白糖,农产品,CZCE,SR0
2018-01-10,5864.0,5885.0,5859.0,5877.0,221846,491842,5873.0,白糖,农产品,CZCE,SR0
2018-01-11,5882.0,5890.0,5854.0,5872.0,223696,496638,5873.0,白糖,农产品,CZCE,SR0
2018-01-12,5851.0,5869.0,5846.0,5862.0,186020,501856,5860.0,白糖,农产品,CZCE,SR0
2018-01-15,5870.0,5876.0,5805.0,5815.0,400450,548794,5833.0,白糖,农产品,CZCE,SR0
2018-01-16,5812.0,5825.0,5808.0,5821.0,134920,551726,5818.0,白糖,农产品,CZCE,SR0
2018-01-17,5810.0,5830.0,5779.0,5785.0,363970,540594,5801.0,白糖,农产品,CZCE,SR0
2018-01-18,5785.0,5800.0,5765.0,5768.0,265388,559330,5785.0,白糖,农产品,CZCE,SR0
2018-01-19,5772.0,5774.0,5721.0,5759.0,406252,557934,5749.0,白糖,农产品,CZCE,SR0
2018-01-22,5750.0,5771.0,5736.0,5769.0,324244,578728,5754.0,白糖,农产品,CZCE,SR0
2018-01-23,5762.0,5777.0,5751.0,5757.0,228740,573560,5763.0,白糖,农产品,CZCE,SR0
2018-01-24,5778.0,5828.0,5776.0,5792.0,436834,552266,5802.0,白糖,农产品,CZCE,SR0
2018-01-25,5793.0,5820.0,5784.0,5796.0,215954,537382,5803.0,白糖,农产品,CZCE,SR0
2018-01-26,5805.0,5824.0,5780.0,5787.0,244440,557890,5803.0,白糖,农产品,CZCE,SR0
2018-01-29,5791.0,5805.0,5745.0,5764.0,264292,572460,5771.0,白糖,农产品,CZCE,SR0
2018-01-30,5768.0,5781.0,5755.0,5757.0,183222,571838,5769.0,白糖,农产品,CZCE,SR0
2018-01-31,5762.0,5854.0,5760.0,5807.0,498012,536012,5812.0,白糖,农产品,CZCE,SR0
2018-02-01,5807.0,5812.0,5755.0,5784.0,335806,530418,5778.0,白糖,农产品,CZCE,SR0
2018-02-02,5788.0,5808.0,5770.0,5778.0,241818,518170,5790.0,白糖,农产品,CZCE,SR0
2018-02-05,5775.0,5796.0,5770.0,5784.0,186340,517242,5784.0,白糖,农产品,CZCE,SR0
2018-02-06,5779.0,5799.0,5763.0,5782.0,264256,509276,5785.0,白糖,农产品,CZCE,SR0
2018-02-07,5781.0,5784.0,5755.0,5760.0,239624,507802,5769.0,白糖,农产品,CZCE,SR0
2018-02-08,5758.0,5797.0,5755.0,5788.0,246530,492950,5783.0,白糖,农产品,CZCE,SR0
2018-02-09,5785.0,5802.0,5738.0,5738.0,293786,502838,5772.0,白糖,农产品,CZCE,SR0
2018-02-12,5738.0,5798.0,5734.0,5798.0,216338,477928,5772.0,白糖,农产品,CZCE,SR0
2018-02-13,5798.0,5816.0,5783.0,5788.0,163694,445736,5797.0,白糖,农产品,CZCE,SR0
2018-02-14,5791.0,5791.0,5753.0,5759.0,133562,434808,5768.0,白糖,农产品,CZCE,SR0
2018-02-22,5776.0,5776.0,5710.0,5749.0,120218,441700,5738.0,白糖,农产品,CZCE,SR0
2018-02-23,5744.0,5803.0,5743.0,5802.0,196250,443968,5779.0,白糖,农产品,CZCE,SR0
2018-02-26,5806.0,5814.0,5784.0,5808.0,199990,454586,5799.0,白糖,农产品,CZCE,SR0
2018-02-27,5810.0,5825.0,5785.0,5786.0,200178,460206,5799.0,白糖,农产品,CZCE,SR0
2018-02-28,5789.0,5796.0,5737.0,5772.0,269232,446008,5761.0,白糖,农产品,CZCE,SR0
2018-03-01,5775.0,5796.0,5759.0,5767.0,226088,447840,5777.0,白糖,农产品,CZCE,SR0
2018-03-02,5768.0,5782.0,5750.0,5759.0,229132,439290,5771.0,白糖,农产品,CZCE,SR0
2018-03-05,5757.0,5780.0,5721.0,5722.0,282304,449188,5752.0,白糖,农产品,CZCE,SR0
2018-03-06,5722.0,5740.0,5668.0,5669.0,412718,484526,5702.0,白糖,农产品,CZCE,SR0
2018-03-07,5674.0,5682.0,5635.0,5669.0,430466,485516,5661.0,白糖,农产品,CZCE,SR0
2018-03-08,5663.0,5678.0,5643.0,5656.0,235918,479666,5661.0,白糖,农产品,CZCE,SR0
2018-03-09,5670.0,5673.0,5605.0,5622.0,254982,478072,5637.0,白糖,农产品,CZCE,SR0
2018-03-12,5627.0,5687.0,5623.0,5665.0,276864,450264,5662.0,白糖,农产品,CZCE,SR0
2018-03-13,5672.0,5684.0,5660.0,5680.0,180728,442648,5674.0,白糖,农产品,CZCE,SR0
2018-03-14,5676.0,5740.0,5666.0,5689.0,229010,426360,5689.0,白糖,农产品,CZCE,SR0
2018-03-15,5685.0,5715.0,5679.0,5708.0,220324,405394,5700.0,白糖,农产品,CZCE,SR0
2018-03-16,5702.0,5718.0,5681.0,5685.0,187088,397364,5700.0,白糖,农产品,CZCE,SR0
2018-03-19,5690.0,5746.0,5685.0,5721.0,249092,371166,5721.0,白糖,农产品,CZCE,SR0
2018-03-20,5720.0,5727.0,5688.0,5704.0,200194,361268,5708.0,白糖,农产品,CZCE,SR0
2018-03-21,5700.0,5713.0,5641.0,5664.0,312318,355802,5671.0,白糖,农产品,CZCE,SR0
2018-03-22,5675.0,5683.0,5654.0,5678.0,158600,348966,5669.0,白糖,农产品,CZCE,SR0
2018-03-23,5669.0,5688.0,5632.0,5666.0,274972,327764,5665.0,白糖,农产品,CZCE,SR0
2018-03-26,5660.0,5670.0,5625.0,5662.0,234006,328782,5648.0,白糖,农产品,CZCE,SR0
2018-03-27,5646.0,5679.0,5642.0,5657.0,205488,316242,5662.0,白糖,农产品,CZCE,SR0
2018-03-28,5657.0,5677.0,5637.0,5640.0,167604,307192,5659.0,白糖,农产品,CZCE,SR0
2018-03-29,5635.0,5653.0,5567.0,5597.0,264696,296964,5618.0,白糖,农产品,CZCE,SR0
2018-03-30,5529.0,5555.0,5511.0,5551.0,197144,360490,5540.0,白糖,农产品,CZCE,SR0
2018-04-02,5560.0,5610.0,5550.0,5568.0,167618,363046,5572.0,白糖,农产品,CZCE,SR0
2018-04-03,5572.0,5576.0,5533.0,5538.0,152886,380276,5555.0,白糖,农产品,CZCE,SR0
2018-04-04,5550.0,5550.0,5527.0,5550.0,147746,374272,5537.0,白糖,农产品,CZCE,SR0
2018-04-09,5560.0,5564.0,5456.0,5551.0,160800,382430,5535.0,白糖,农产品,CZCE,SR0
2018-04-10,5552.0,5583.0,5551.0,5577.0,210698,407506,5571.0,白糖,农产品,CZCE,SR0
2018-04-11,5554.0,5584.0,5543.0,5566.0,225296,423826,5568.0,白糖,农产品,CZCE,SR0
2018-04-12,5563.0,5568.0,5520.0,5520.0,263842,440196,5540.0,白糖,农产品,CZCE,SR0
2018-04-13,5524.0,5540.0,5505.0,5527.0,248408,449480,5525.0,白糖,农产品,CZCE,SR0
2018-04-16,5538.0,5550.0,5466.0,5476.0,353828,478568,5503.0,白糖,农产品,CZCE,SR0
2018-04-17,5482.0,5493.0,5427.0,5431.0,295336,496868,5456.0,白糖,农产品,CZCE,SR0
2018-04-18,5425.0,5464.0,5408.0,5432.0,301398,517560,5437.0,白糖,农产品,CZCE,SR0
2018-04-19,5435.0,5495.0,5427.0,5475.0,290640,517366,5466.0,白糖,农产品,CZCE,SR0
2018-04-20,5482.0,5504.0,5472.0,5500.0,292022,530930,5489.0,白糖,农产品,CZCE,SR0
2018-04-23,5489.0,5496.0,5466.0,5479.0,197036,534302,5481.0,白糖,农产品,CZCE,SR0
2018-04-24,5471.0,5475.0,5424.0,5448.0,289446,538580,5446.0,白糖,农产品,CZCE,SR0
2018-04-25,5449.0,5517.0,5441.0,5499.0,503208,578170,5488.0,白糖,农产品,CZCE,SR0
2018-04-26,5480.0,5509.0,5462.0,5492.0,316938,578548,5487.0,白糖,农产品,CZCE,SR0
2018-04-27,5492.0,5503.0,5431.0,5437.0,351510,577048,5464.0,白糖,农产品,CZCE,SR0
2018-05-02,5450.0,5457.0,5380.0,5403.0,242626,583660,5420.0,白糖,农产品,CZCE,SR0
2018-05-03,5392.0,5427.0,5392.0,5408.0,246730,595952,5412.0,白糖,农产品,CZCE,SR0
2018-05-04,5406.0,5419.0,5398.0,5410.0,219974,595486,5411.0,白糖,农产品,CZCE,SR0
2018-05-07,5405.0,5433.0,5401.0,5424.0,278314,601716,5418.0,白糖,农产品,CZCE,SR0
2018-05-08,5425.0,5435.0,5407.0,5417.0,192632,601812,5418.0,白糖,农产品,CZCE,SR0
2018-05-09,5436.0,5436.0,5412.0,5415.0,255520,595274,5425.0,白糖,农产品,CZCE,SR0
2018-05-10,5414.0,5425.0,5410.0,5412.0,198874,595078,5417.0,白糖,农产品,CZCE,SR0
2018-05-11,5411.0,5449.0,5382.0,5435.0,312946,592452,5427.0,白糖,农产品,CZCE,SR0
2018-05-14,5435.0,5532.0,5427.0,5485.0,468880,572408,5478.0,白糖,农产品,CZCE,SR0
2018-05-15,5490.0,5494.0,5461.0,5476.0,283406,576888,5475.0,白糖,农产品,CZCE,SR0
2018-05-16,5476.0,5510.0,5473.0,5493.0,409480,585690,5494.0,白糖,农产品,CZCE,SR0
2018-05-17,5495.0,5534.0,5490.0,5511.0,397938,599152,5512.0,白糖,农产品,CZCE,SR0
2018-05-18,5525.0,5545.0,5486.0,5498.0,398978,589324,5514.0,白糖,农产品,CZCE,SR0
2018-05-21,5506.0,5535.0,5488.0,5523.0,310714,596240,5518.0,白糖,农产品,CZCE,SR0
2018-05-22,5541.0,5569.0,5512.0,5519.0,491532,613468,5544.0,白糖,农产品,CZCE,SR0
2018-05-23,5523.0,5540.0,5492.0,5512.0,369178,606284,5518.0,白糖,农产品,CZCE,SR0
2018-05-24,5521.0,5555.0,5520.0,5538.0,413862,601964,5539.0,白糖,农产品,CZCE,SR0
2018-05-25,5548.0,5555.0,5506.0,5524.0,282974,600700,5528.0,白糖,农产品,CZCE,SR0
2018-05-28,5521.0,5541.0,5446.0,5451.0,525922,608390,5489.0,白糖,农产品,CZCE,SR0
2018-05-29,5452.0,5479.0,5438.0,5458.0,298582,592262,5461.0,白糖,农产品,CZCE,SR0
2018-05-30,5458.0,5477.0,5445.0,5463.0,287460,592142,5463.0,白糖,农产品,CZCE,SR0
2018-05-31,5465.0,5482.0,5450.0,5455.0,291752,596696,5464.0,白糖,农产品,CZCE,SR0
2018-06-01,5464.0,5533.0,5407.0,5482.0,605140,592470,5486.0,白糖,农产品,CZCE,SR0
2018-06-04,5493.0,5507.0,5475.0,5498.0,298792,591906,5495.0,白糖,农产品,CZCE,SR0
2018-06-05,5500.0,5513.0,5435.0,5453.0,352288,586890,5465.0,白糖,农产品,CZCE,SR0
2018-06-06,5460.0,5466.0,5403.0,5404.0,372196,608366,5433.0,白糖,农产品,CZCE,SR0
2018-06-07,5405.0,5421.0,5391.0,5410.0,312200,613976,5409.0,白糖,农产品,CZCE,SR0
2018-06-08,5388.0,5390.0,5238.0,5248.0,876780,631236,5305.0,白糖,农产品,CZCE,SR0
2018-06-11,5257.0,5297.0,5254.0,5277.0,358658,602940,5275.0,白糖,农产品,CZCE,SR0
2018-06-12,5289.0,5309.0,5274.0,5282.0,262028,585004,5287.0,白糖,农产品,CZCE,SR0
2018-06-13,5283.0,5287.0,5195.0,5224.0,464318,592024,5230.0,白糖,农产品,CZCE,SR0
2018-06-14,5235.0,5257.0,5211.0,5223.0,331528,582342,5234.0,白糖,农产品,CZCE,SR0
2018-06-15,5220.0,5248.0,5200.0,5220.0,264998,571248,5228.0,白糖,农产品,CZCE,SR0
2018-06-19,5215.0,5224.0,5090.0,5106.0,405372,575086,5142.0,白糖,农产品,CZCE,SR0
2018-06-20,5110.0,5149.0,5107.0,5127.0,301202,562934,5132.0,白糖,农产品,CZCE,SR0
2018-06-21,5133.0,5145.0,5112.0,5131.0,233612,567118,5127.0,白糖,农产品,CZCE,SR0
2018-06-22,5131.0,5145.0,5095.0,5144.0,391244,554390,5115.0,白糖,农产品,CZCE,SR0
2018-06-25,5150.0,5176.0,5142.0,5154.0,286084,542976,5161.0,白糖,农产品,CZCE,SR0
2018-06-26,5153.0,5167.0,5127.0,5160.0,247306,540390,5153.0,白糖,农产品,CZCE,SR0
2018-06-27,5161.0,5180.0,5152.0,5166.0,214904,535992,5164.0,白糖,农产品,CZCE,SR0
2018-06-28,5145.0,5150.0,5098.0,5115.0,436592,560178,5124.0,白糖,农产品,CZCE,SR0
2018-06-29,5128.0,5137.0,5110.0,5122.0,246876,549642,5126.0,白糖,农产品,CZCE,SR0
2018-07-02,5111.0,5112.0,5052.0,5069.0,483678,580072,5072.0,白糖,农产品,CZCE,SR0
2018-07-03,5050.0,5059.0,5006.0,5049.0,419556,575248,5037.0,白糖,农产品,CZCE,SR0
2018-07-04,5050.0,5064.0,5016.0,5019.0,305918,564268,5046.0,白糖,农产品,CZCE,SR0
2018-07-05,5005.0,5040.0,4939.0,4949.0,637818,579400,4997.0,白糖,农产品,CZCE,SR0
2018-07-06,4942.0,4975.0,4869.0,4952.0,829496,551282,4923.0,白糖,农产品,CZCE,SR0
2018-07-09,4950.0,4955.0,4902.0,4905.0,376498,556932,4932.0,白糖,农产品,CZCE,SR0
2018-07-10,4912.0,4920.0,4855.0,4862.0,452192,552722,4895.0,白糖,农产品,CZCE,SR0
2018-07-11,4865.0,4879.0,4790.0,4793.0,651162,572886,4830.0,白糖,农产品,CZCE,SR0
2018-07-12,4793.0,4824.0,4772.0,4799.0,648698,557036,4797.0,白糖,农产品,CZCE,SR0
2018-07-13,4789.0,4870.0,4752.0,4849.0,862436,502966,4835.0,白糖,农产品,CZCE,SR0
2018-07-16,4844.0,4861.0,4823.0,4841.0,392760,484004,4841.0,白糖,农产品,CZCE,SR0
2018-07-17,4880.0,4948.0,4871.0,4928.0,799244,445524,4922.0,白糖,农产品,CZCE,SR0
2018-07-18,4928.0,4945.0,4912.0,4944.0,370354,420648,4928.0,白糖,农产品,CZCE,SR0
2018-07-19,4949.0,4949.0,4910.0,4930.0,444686,399534,4927.0,白糖,农产品,CZCE,SR0
2018-07-20,4920.0,4939.0,4833.0,4845.0,572076,421328,4898.0,白糖,农产品,CZCE,SR0
2018-07-23,4869.0,4872.0,4829.0,4833.0,465530,419002,4849.0,白糖,农产品,CZCE,SR0
2018-07-24,4833.0,4851.0,4803.0,4842.0,420848,413486,4831.0,白糖,农产品,CZCE,SR0
2018-07-25,4850.0,4892.0,4844.0,4879.0,502200,376272,4871.0,白糖,农产品,CZCE,SR0
2018-07-26,4880.0,4896.0,4862.0,4882.0,289286,368542,4878.0,白糖,农产品,CZCE,SR0
2018-07-27,4870.0,4921.0,4839.0,4913.0,426312,333174,4883.0,白糖,农产品,CZCE,SR0
2018-07-30,5095.0,5164.0,5090.0,5157.0,370476,358464,5133.0,白糖,农产品,CZCE,SR0
2018-07-31,5165.0,5170.0,5111.0,5120.0,338760,363148,5131.0,白糖,农产品,CZCE,SR0
2018-08-01,5110.0,5157.0,5039.0,5043.0,703490,381564,5087.0,白糖,农产品,CZCE,SR0
2018-08-02,5038.0,5085.0,4966.0,5019.0,738856,393884,5031.0,白糖,农产品,CZCE,SR0
2018-08-03,5020.0,5122.0,5012.0,5100.0,812772,394704,5082.0,白糖,农产品,CZCE,SR0
2018-08-06,5119.0,5197.0,5082.0,5164.0,826780,395464,5145.0,白糖,农产品,CZCE,SR0
2018-08-07,5167.0,5177.0,5116.0,5138.0,599622,384472,5148.0,白糖,农产品,CZCE,SR0
2018-08-08,5142.0,5172.0,5117.0,5160.0,576990,380888,5146.0,白糖,农产品,CZCE,SR0
2018-08-09,5155.0,5191.0,5132.0,5147.0,578436,388284,5162.0,白糖,农产品,CZCE,SR0
2018-08-10,5152.0,5176.0,5120.0,5130.0,535788,391994,5148.0,白糖,农产品,CZCE,SR0
2018-08-13,5114.0,5167.0,5100.0,5153.0,557018,375136,5147.0,白糖,农产品,CZCE,SR0
2018-08-14,5145.0,5150.0,5055.0,5061.0,606644,374592,5113.0,白糖,农产品,CZCE,SR0
2018-08-15,5073.0,5087.0,4953.0,4959.0,808824,410300,5035.0,白糖,农产品,CZCE,SR0
2018-08-16,4959.0,4995.0,4851.0,4972.0,1131504,378164,4930.0,白糖,农产品,CZCE,SR0
2018-08-17,4981.0,5007.0,4913.0,4916.0,709718,373830,4966.0,白糖,农产品,CZCE,SR0
2018-08-20,4921.0,5040.0,4919.0,4990.0,753000,367336,4972.0,白糖,农产品,CZCE,SR0
2018-08-21,4973.0,5006.0,4942.0,4997.0,582382,375300,4977.0,白糖,农产品,CZCE,SR0
2018-08-22,4999.0,5025.0,4969.0,5003.0,738146,379934,5003.0,白糖,农产品,CZCE,SR0
2018-08-23,4996.0,5035.0,4978.0,5002.0,684782,375774,5005.0,白糖,农产品,CZCE,SR0
2018-08-24,5000.0,5106.0,4992.0,5090.0,1251842,403236,5062.0,白糖,农产品,CZCE,SR0
2018-08-27,5095.0,5123.0,5066.0,5101.0,598342,387306,5092.0,白糖,农产品,CZCE,SR0
2018-08-28,5105.0,5117.0,5042.0,5056.0,556816,385752,5078.0,白糖,农产品,CZCE,SR0
2018-08-29,5048.0,5056.0,4981.0,4990.0,799920,397388,5015.0,白糖,农产品,CZCE,SR0
2018-08-30,4998.0,5013.0,4963.0,4998.0,505394,402220,4993.0,白糖,农产品,CZCE,SR0
2018-08-31,5000.0,5018.0,4983.0,5003.0,496470,401684,5002.0,白糖,农产品,CZCE,SR0
2018-09-03,5008.0,5027.0,4931.0,4954.0,568382,405130,4972.0,白糖,农产品,CZCE,SR0
2018-09-04,4954.0,4975.0,4915.0,4960.0,666194,407742,4947.0,白糖,农产品,CZCE,SR0
2018-09-05,4965.0,4973.0,4945.0,4962.0,336614,401050,4957.0,白糖,农产品,CZCE,SR0
2018-09-06,4965.0,5015.0,4956.0,4975.0,567486,403724,4985.0,白糖,农产品,CZCE,SR0
2018-09-07,4970.0,4991.0,4923.0,4927.0,532700,424240,4957.0,白糖,农产品,CZCE,SR0
2018-09-10,4939.0,4955.0,4861.0,4865.0,671324,477090,4917.0,白糖,农产品,CZCE,SR0
2018-09-11,4870.0,4913.0,4840.0,4912.0,584214,471470,4885.0,白糖,农产品,CZCE,SR0
2018-09-12,4905.0,4927.0,4884.0,4919.0,558444,469900,4908.0,白糖,农产品,CZCE,SR0
2018-09-13,4919.0,4997.0,4914.0,4979.0,644394,444816,4964.0,白糖,农产品,CZCE,SR0
2018-09-14,4983.0,5005.0,4951.0,4979.0,602418,447108,4980.0,白糖,农产品,CZCE,SR0
2018-09-17,4956.0,5090.0,4949.0,4975.0,1331984,487112,4996.0,白糖,农产品,CZCE,SR0
2018-09-18,4970.0,4983.0,4913.0,4929.0,665454,473390,4944.0,白糖,农产品,CZCE,SR0
2018-09-19,4935.0,4937.0,4881.0,4919.0,681096,456322,4908.0,白糖,农产品,CZCE,SR0
2018-09-20,4935.0,4959.0,4918.0,4935.0,469560,438060,4936.0,白糖,农产品,CZCE,SR0
2018-09-21,4935.0,4955.0,4928.0,4930.0,415022,422768,4940.0,白糖,农产品,CZCE,SR0
2018-09-25,4902.0,4979.0,4875.0,4969.0,452260,429162,4946.0,白糖,农产品,CZCE,SR0
2018-09-26,4973.0,5041.0,4961.0,5039.0,695310,452764,4999.0,白糖,农产品,CZCE,SR0
2018-09-27,5034.0,5037.0,4980.0,4996.0,553520,411754,5006.0,白糖,农产品,CZCE,SR0
2018-09-28,4994.0,5020.0,4966.0,5001.0,447012,387902,4994.0,白糖,农产品,CZCE,SR0
2018-10-08,5151.0,5167.0,5105.0,5137.0,447860,369198,5136.0,白糖,农产品,CZCE,SR0
2018-10-09,5169.0,5249.0,5162.0,5183.0,1065586,414062,5207.0,白糖,农产品,CZCE,SR0
2018-10-10,5186.0,5222.0,5128.0,5134.0,823128,427630,5174.0,白糖,农产品,CZCE,SR0
2018-10-11,5132.0,5159.0,5051.0,5068.0,820076,417634,5097.0,白糖,农产品,CZCE,SR0
2018-10-12,5080.0,5118.0,5068.0,5117.0,529820,430828,5097.0,白糖,农产品,CZCE,SR0
2018-10-15,5133.0,5159.0,5103.0,5116.0,611850,426736,5133.0,白糖,农产品,CZCE,SR0
2018-10-16,5150.0,5188.0,5119.0,5131.0,728676,416678,5157.0,白糖,农产品,CZCE,SR0
2018-10-17,5135.0,5154.0,5090.0,5151.0,579012,417148,5122.0,白糖,农产品,CZCE,SR0
2018-10-18,5152.0,5197.0,5135.0,5168.0,836942,409282,5170.0,白糖,农产品,CZCE,SR0
2018-10-19,5151.0,5245.0,5140.0,5206.0,990154,419008,5210.0,白糖,农产品,CZCE,SR0
2018-10-22,5205.0,5247.0,5175.0,5193.0,809040,411558,5211.0,白糖,农产品,CZCE,SR0
2018-10-23,5196.0,5203.0,5148.0,5166.0,726944,403252,5171.0,白糖,农产品,CZCE,SR0
2018-10-24,5170.0,5182.0,5120.0,5121.0,592026,391984,5148.0,白糖,农产品,CZCE,SR0
2018-10-25,5140.0,5178.0,5135.0,5176.0,683510,369786,5158.0,白糖,农产品,CZCE,SR0
2018-10-26,5185.0,5207.0,5114.0,5122.0,662052,361346,5158.0,白糖,农产品,CZCE,SR0
2018-10-29,5130.0,5150.0,5065.0,5072.0,589186,337068,5105.0,白糖,农产品,CZCE,SR0
2018-10-30,5091.0,5111.0,5061.0,5085.0,528014,347956,5088.0,白糖,农产品,CZCE,SR0
2018-10-31,5075.0,5122.0,5061.0,5093.0,511318,342824,5094.0,白糖,农产品,CZCE,SR0
2018-11-01,5080.0,5131.0,5046.0,5046.0,667980,313700,5090.0,白糖,农产品,CZCE,SR0
2018-11-02,5045.0,5085.0,4996.0,5017.0,670656,307790,5041.0,白糖,农产品,CZCE,SR0
2018-11-05,5028.0,5072.0,5006.0,5072.0,476478,300570,5045.0,白糖,农产品,CZCE,SR0
2018-11-06,5063.0,5095.0,5042.0,5059.0,485374,293176,5066.0,白糖,农产品,CZCE,SR0
2018-11-07,5064.0,5082.0,5034.0,5043.0,467894,293448,5057.0,白糖,农产品,CZCE,SR0
2018-11-08,5051.0,5100.0,5025.0,5098.0,453842,280252,5057.0,白糖,农产品,CZCE,SR0
2018-11-09,5098.0,5109.0,5072.0,5084.0,455758,272190,5092.0,白糖,农产品,CZCE,SR0
2018-11-12,5035.0,5045.0,4998.0,5002.0,182480,292688,5017.0,白糖,农产品,CZCE,SR0
2018-11-13,5034.0,5036.0,4950.0,4953.0,211728,313470,4984.0,白糖,农产品,CZCE,SR0
2018-11-14,4952.0,4974.0,4938.0,4964.0,149358,310530,4958.0,白糖,农产品,CZCE,SR0
2018-11-15,4966.0,4991.0,4952.0,4987.0,112446,312934,4975.0,白糖,农产品,CZCE,SR0
2018-11-16,4982.0,5016.0,4980.0,4995.0,146422,313784,4999.0,白糖,农产品,CZCE,SR0
2018-11-19,5003.0,5009.0,4920.0,4956.0,230334,310738,4957.0,白糖,农产品,CZCE,SR0
2018-11-20,4960.0,4961.0,4920.0,4947.0,166882,299768,4940.0,白糖,农产品,CZCE,SR0
2018-11-21,4950.0,4957.0,4884.0,4947.0,248626,297540,4927.0,白糖,农产品,CZCE,SR0
2018-11-22,4952.0,4953.0,4922.0,4942.0,134000,302552,4937.0,白糖,农产品,CZCE,SR0
2018-11-23,4949.0,4974.0,4900.0,4915.0,163928,312744,4925.0,白糖,农产品,CZCE,SR0
2018-11-26,4900.0,4925.0,4852.0,4874.0,243654,308400,4891.0,白糖,农产品,CZCE,SR0
2018-11-27,4879.0,4918.0,4873.0,4900.0,177738,312072,4899.0,白糖,农产品,CZCE,SR0
2018-11-28,4896.0,4914.0,4875.0,4912.0,142060,316396,4892.0,白糖,农产品,CZCE,SR0
2018-11-29,4919.0,4968.0,4913.0,4929.0,261690,319970,4937.0,白糖,农产品,CZCE,SR0
2018-11-30,4950.0,4963.0,4902.0,4908.0,247092,334040,4937.0,白糖,农产品,CZCE,SR0
2018-12-03,4923.0,4938.0,4923.0,4936.0,291942,339952,4924.0,白糖,农产品,CZCE,SR0
2018-12-04,4939.0,4939.0,4847.0,4881.0,571562,377488,4881.0,白糖,农产品,CZCE,SR0
2018-12-05,4889.0,4898.0,4861.0,4884.0,352692,385004,4880.0,白糖,农产品,CZCE,SR0
2018-12-06,4890.0,4915.0,4877.0,4906.0,342986,381286,4900.0,白糖,农产品,CZCE,SR0
2018-12-07,4896.0,4960.0,4889.0,4958.0,391292,379294,4925.0,白糖,农产品,CZCE,SR0
2018-12-10,4958.0,4966.0,4935.0,4947.0,295722,380124,4946.0,白糖,农产品,CZCE,SR0
2018-12-11,4940.0,4940.0,4895.0,4907.0,312296,373182,4913.0,白糖,农产品,CZCE,SR0
2018-12-12,4915.0,4921.0,4902.0,4918.0,218548,368696,4913.0,白糖,农产品,CZCE,SR0
2018-12-13,4922.0,4936.0,4899.0,4926.0,302788,370260,4917.0,白糖,农产品,CZCE,SR0
2018-12-14,4920.0,4993.0,4920.0,4967.0,536988,386546,4955.0,白糖,农产品,CZCE,SR0
2018-12-17,4971.0,5020.0,4949.0,5020.0,389618,432790,4979.0,白糖,农产品,CZCE,SR0
2018-12-18,5014.0,5025.0,4983.0,5013.0,465316,441600,5006.0,白糖,农产品,CZCE,SR0
2018-12-19,5010.0,5013.0,4964.0,4979.0,401626,424138,4986.0,白糖,农产品,CZCE,SR0
2018-12-20,4979.0,5005.0,4971.0,4974.0,318628,422690,4986.0,白糖,农产品,CZCE,SR0
2018-12-21,4971.0,4972.0,4855.0,4885.0,509900,407124,4920.0,白糖,农产品,CZCE,SR0
2018-12-24,4886.0,4893.0,4828.0,4834.0,413880,429136,4854.0,白糖,农产品,CZCE,SR0
2018-12-25,4835.0,4855.0,4795.0,4806.0,376108,443608,4821.0,白糖,农产品,CZCE,SR0
2018-12-26,4808.0,4841.0,4807.0,4822.0,268120,444920,4828.0,白糖,农产品,CZCE,SR0
2018-12-27,4826.0,4860.0,4728.0,4733.0,775636,511760,4790.0,白糖,农产品,CZCE,SR0
2018-12-28,4729.0,4745.0,4665.0,4700.0,725950,483118,4703.0,白糖,农产品,CZCE,SR0
2019-01-02,4680.0,4720.0,4674.0,4688.0,242354,492638,4697.0,白糖,农产品,CZCE,SR0
2019-01-03,4686.0,4699.0,4668.0,4670.0,411518,510914,4685.0,白糖,农产品,CZCE,SR0
2019-01-04,4690.0,4714.0,4675.0,4713.0,535888,508720,4696.0,白糖,农产品,CZCE,SR0
2019-01-07,4724.0,4758.0,4707.0,4740.0,519374,489172,4732.0,白糖,农产品,CZCE,SR0
2019-01-08,4749.0,4784.0,4736.0,4779.0,476570,468618,4764.0,白糖,农产品,CZCE,SR0
2019-01-09,4776.0,4798.0,4768.0,4782.0,410516,471082,4782.0,白糖,农产品,CZCE,SR0
2019-01-10,4782.0,4808.0,4751.0,4754.0,514578,477016,4780.0,白糖,农产品,CZCE,SR0
2019-01-11,4750.0,4769.0,4744.0,4769.0,286464,464402,4759.0,白糖,农产品,CZCE,SR0
2019-01-14,4768.0,4796.0,4756.0,4766.0,384472,451260,4776.0,白糖,农产品,CZCE,SR0
2019-01-15,4763.0,4802.0,4761.0,4792.0,382958,454720,4789.0,白糖,农产品,CZCE,SR0
2019-01-16,4805.0,4934.0,4796.0,4918.0,1040360,473074,4873.0,白糖,农产品,CZCE,SR0
2019-01-17,4916.0,4919.0,4888.0,4892.0,449084,459022,4901.0,白糖,农产品,CZCE,SR0
2019-01-18,4887.0,4966.0,4872.0,4961.0,671630,471828,4910.0,白糖,农产品,CZCE,SR0
2019-01-21,4961.0,5107.0,4956.0,5107.0,1063328,469634,5049.0,白糖,农产品,CZCE,SR0
2019-01-22,5106.0,5133.0,5013.0,5024.0,884636,431792,5078.0,白糖,农产品,CZCE,SR0
2019-01-23,5009.0,5068.0,4983.0,5047.0,830978,457648,5032.0,白糖,农产品,CZCE,SR0
2019-01-24,5041.0,5068.0,5008.0,5030.0,594328,447538,5032.0,白糖,农产品,CZCE,SR0
2019-01-25,5032.0,5093.0,5014.0,5033.0,670896,428576,5049.0,白糖,农产品,CZCE,SR0
2019-01-28,5014.0,5039.0,4990.0,5005.0,518992,425784,5017.0,白糖,农产品,CZCE,SR0
2019-01-29,5007.0,5067.0,5007.0,5040.0,747226,441460,5041.0,白糖,农产品,CZCE,SR0
2019-01-30,5035.0,5052.0,5012.0,5021.0,521286,416034,5031.0,白糖,农产品,CZCE,SR0
2019-01-31,5025.0,5051.0,4992.0,5043.0,463284,382234,5020.0,白糖,农产品,CZCE,SR0
2019-02-01,5042.0,5093.0,5038.0,5052.0,389572,351060,5062.0,白糖,农产品,CZCE,SR0
2019-02-11,5072.0,5244.0,5052.0,5178.0,530724,390280,5167.0,白糖,农产品,CZCE,SR0
2019-02-12,5170.0,5189.0,5153.0,5185.0,399640,417838,5176.0,白糖,农产品,CZCE,SR0
2019-02-13,5195.0,5201.0,5075.0,5120.0,504128,390592,5137.0,白糖,农产品,CZCE,SR0
2019-02-14,5125.0,5125.0,5011.0,5020.0,599540,373948,5065.0,白糖,农产品,CZCE,SR0
2019-02-15,5016.0,5051.0,4972.0,4977.0,539714,366530,5017.0,白糖,农产品,CZCE,SR0
2019-02-18,4994.0,5135.0,4987.0,5067.0,617042,372090,5058.0,白糖,农产品,CZCE,SR0
2019-02-19,5069.0,5083.0,5041.0,5078.0,339192,375902,5063.0,白糖,农产品,CZCE,SR0
2019-02-20,5075.0,5124.0,5067.0,5111.0,552546,394506,5102.0,白糖,农产品,CZCE,SR0
2019-02-21,5100.0,5174.0,5091.0,5139.0,526312,385046,5135.0,白糖,农产品,CZCE,SR0
2019-02-22,5137.0,5205.0,5132.0,5203.0,684588,419734,5171.0,白糖,农产品,CZCE,SR0
2019-02-25,5176.0,5181.0,5163.0,5174.0,524446,392464,5185.0,白糖,农产品,CZCE,SR0
2019-02-26,5173.0,5278.0,5150.0,5214.0,1122962,408500,5222.0,白糖,农产品,CZCE,SR0
2019-02-27,5212.0,5241.0,5142.0,5159.0,724330,390328,5193.0,白糖,农产品,CZCE,SR0
2019-02-28,5156.0,5187.0,5131.0,5162.0,496292,392906,5162.0,白糖,农产品,CZCE,SR0
2019-03-01,5155.0,5192.0,5142.0,5191.0,461310,376250,5166.0,白糖,农产品,CZCE,SR0
2019-03-04,5187.0,5215.0,5113.0,5130.0,671798,369800,5153.0,白糖,农产品,CZCE,SR0
2019-03-05,5134.0,5178.0,5091.0,5129.0,579076,361542,5137.0,白糖,农产品,CZCE,SR0
2019-03-06,5130.0,5149.0,5105.0,5107.0,491770,354564,5127.0,白糖,农产品,CZCE,SR0
2019-03-07,5107.0,5123.0,5064.0,5084.0,447100,346938,5090.0,白糖,农产品,CZCE,SR0
2019-03-08,5083.0,5095.0,5044.0,5074.0,409200,343106,5064.0,白糖,农产品,CZCE,SR0
2019-03-11,5064.0,5129.0,5058.0,5120.0,568082,356612,5104.0,白糖,农产品,CZCE,SR0
2019-03-12,5120.0,5139.0,5069.0,5074.0,528556,343568,5112.0,白糖,农产品,CZCE,SR0
2019-03-13,5075.0,5115.0,5075.0,5103.0,380700,349076,5097.0,白糖,农产品,CZCE,SR0
2019-03-14,5103.0,5161.0,5098.0,5122.0,637398,371004,5131.0,白糖,农产品,CZCE,SR0
2019-03-15,5143.0,5154.0,5090.0,5114.0,427890,356114,5119.0,白糖,农产品,CZCE,SR0
2019-03-18,5109.0,5176.0,5105.0,5158.0,470918,346916,5145.0,白糖,农产品,CZCE,SR0
2019-03-19,5139.0,5148.0,5120.0,5135.0,146242,376604,5135.0,白糖,农产品,CZCE,SR0
2019-03-20,5141.0,5142.0,5081.0,5110.0,223844,384806,5104.0,白糖,农产品,CZCE,SR0
2019-03-21,5108.0,5116.0,5091.0,5100.0,113752,390054,5103.0,白糖,农产品,CZCE,SR0
2019-03-22,5085.0,5085.0,5038.0,5059.0,294614,398938,5057.0,白糖,农产品,CZCE,SR0
2019-03-25,5060.0,5071.0,5010.0,5022.0,210600,415700,5036.0,白糖,农产品,CZCE,SR0
2019-03-26,5011.0,5044.0,5006.0,5044.0,178544,427808,5025.0,白糖,农产品,CZCE,SR0
2019-03-27,5040.0,5050.0,5018.0,5022.0,166596,431192,5036.0,白糖,农产品,CZCE,SR0
2019-03-28,5030.0,5038.0,4991.0,5001.0,296568,451924,5008.0,白糖,农产品,CZCE,SR0
2019-03-29,5000.0,5049.0,4979.0,5047.0,314690,465704,5018.0,白糖,农产品,CZCE,SR0
2019-04-01,5043.0,5075.0,5027.0,5059.0,316606,474466,5053.0,白糖,农产品,CZCE,SR0
2019-04-02,5042.0,5092.0,5036.0,5080.0,427250,503594,5073.0,白糖,农产品,CZCE,SR0
2019-04-03,5086.0,5091.0,5053.0,5083.0,348026,511820,5072.0,白糖,农产品,CZCE,SR0
2019-04-04,5078.0,5096.0,5056.0,5071.0,433696,505858,5075.0,白糖,农产品,CZCE,SR0
2019-04-08,5093.0,5120.0,5082.0,5107.0,322492,505674,5102.0,白糖,农产品,CZCE,SR0
2019-04-09,5097.0,5106.0,5065.0,5078.0,368248,505908,5086.0,白糖,农产品,CZCE,SR0
2019-04-10,5090.0,5244.0,5085.0,5212.0,1481948,623166,5177.0,白糖,农产品,CZCE,SR0
2019-04-11,5208.0,5284.0,5189.0,5220.0,1595834,651062,5242.0,白糖,农产品,CZCE,SR0
2019-04-12,5221.0,5269.0,5206.0,5258.0,1072326,704312,5238.0,白糖,农产品,CZCE,SR0
2019-04-15,5252.0,5439.0,5246.0,5420.0,2109144,798260,5371.0,白糖,农产品,CZCE,SR0
2019-04-16,5419.0,5425.0,5355.0,5378.0,1709326,812920,5392.0,白糖,农产品,CZCE,SR0
2019-04-17,5375.0,5404.0,5337.0,5364.0,1306348,790640,5366.0,白糖,农产品,CZCE,SR0
2019-04-18,5367.0,5386.0,5265.0,5285.0,1482790,748098,5326.0,白糖,农产品,CZCE,SR0
2019-04-19,5300.0,5426.0,5300.0,5340.0,2489408,751484,5364.0,白糖,农产品,CZCE,SR0
2019-04-24,5355.0,5370.0,5287.0,5339.0,1431610,726556,5325.0,白糖,农产品,CZCE,SR0
2019-04-25,5333.0,5334.0,5276.0,5284.0,1227626,695506,5312.0,白糖,农产品,CZCE,SR0
2019-04-26,5288.0,5298.0,5196.0,5214.0,1479938,667704,5252.0,白糖,农产品,CZCE,SR0
2019-04-29,5202.0,5230.0,5190.0,5211.0,927832,645982,5211.0,白糖,农产品,CZCE,SR0
2019-04-30,5203.0,5211.0,5110.0,5122.0,1246620,588196,5154.0,白糖,农产品,CZCE,SR0
2019-05-06,5084.0,5109.0,5060.0,5092.0,452114,588296,5088.0,白糖,农产品,CZCE,SR0
2019-05-07,5092.0,5140.0,5088.0,5138.0,725700,587384,5123.0,白糖,农产品,CZCE,SR0
2019-05-08,5130.0,5145.0,5103.0,5115.0,669572,590366,5126.0,白糖,农产品,CZCE,SR0
2019-05-09,5106.0,5155.0,5101.0,5134.0,921214,594248,5126.0,白糖,农产品,CZCE,SR0
2019-05-10,5142.0,5172.0,5130.0,5168.0,830158,573186,5152.0,白糖,农产品,CZCE,SR0
2019-05-13,5174.0,5192.0,5142.0,5170.0,82766,574700,5168.0,白糖,农产品,CZCE,SR0
2019-05-14,5170.0,5188.0,5026.0,5088.0,119854,561794,5122.0,白糖,农产品,CZCE,SR0
2019-05-15,5102.0,5127.0,5090.0,5118.0,50340,556688,5110.0,白糖,农产品,CZCE,SR0
2019-05-16,5115.0,5177.0,5108.0,5163.0,805930,548260,5143.0,白糖,农产品,CZCE,SR0
2019-05-17,5158.0,5184.0,5102.0,5109.0,972216,562230,5151.0,白糖,农产品,CZCE,SR0
2019-05-20,5107.0,5134.0,5063.0,5079.0,854280,589516,5099.0,白糖,农产品,CZCE,SR0
2019-05-21,5088.0,5164.0,5083.0,5150.0,822298,586106,5125.0,白糖,农产品,CZCE,SR0
2019-05-22,5140.0,5150.0,4920.0,4938.0,2309432,601936,5021.0,白糖,农产品,CZCE,SR0
2019-05-23,4939.0,4998.0,4874.0,4931.0,1553976,587076,4946.0,白糖,农产品,CZCE,SR0
2019-05-24,4928.0,4983.0,4926.0,4963.0,688830,573396,4959.0,白糖,农产品,CZCE,SR0
2019-05-27,4967.0,5036.0,4912.0,4949.0,1258646,577882,4969.0,白糖,农产品,CZCE,SR0
2019-05-28,4945.0,4969.0,4935.0,4950.0,576808,586848,4953.0,白糖,农产品,CZCE,SR0
2019-05-29,4957.0,4994.0,4932.0,4974.0,746072,598412,4963.0,白糖,农产品,CZCE,SR0
2019-05-30,4968.0,4988.0,4936.0,4946.0,638250,604142,4963.0,白糖,农产品,CZCE,SR0
2019-05-31,4950.0,4974.0,4925.0,4943.0,592824,586962,4951.0,白糖,农产品,CZCE,SR0
2019-06-03,4943.0,4987.0,4910.0,4960.0,789542,565168,4956.0,白糖,农产品,CZCE,SR0
2019-06-04,4967.0,5056.0,4904.0,5025.0,1351548,579676,4974.0,白糖,农产品,CZCE,SR0
2019-06-05,5019.0,5083.0,5009.0,5029.0,991686,569204,5045.0,白糖,农产品,CZCE,SR0
2019-06-06,5038.0,5063.0,4953.0,4979.0,1011896,543536,5002.0,白糖,农产品,CZCE,SR0
2019-06-10,5005.0,5052.0,5000.0,5030.0,394348,546498,5030.0,白糖,农产品,CZCE,SR0
2019-06-11,5021.0,5065.0,5009.0,5037.0,681096,547368,5037.0,白糖,农产品,CZCE,SR0
2019-06-12,5037.0,5069.0,5019.0,5061.0,767396,552676,5044.0,白糖,农产品,CZCE,SR0
2019-06-13,5071.0,5160.0,5045.0,5156.0,1091452,558482,5105.0,白糖,农产品,CZCE,SR0
2019-06-14,5159.0,5162.0,5120.0,5137.0,585404,545370,5139.0,白糖,农产品,CZCE,SR0
2019-06-17,5132.0,5153.0,5074.0,5095.0,680708,536740,5106.0,白糖,农产品,CZCE,SR0
2019-06-18,5095.0,5118.0,5084.0,5095.0,532818,534328,5102.0,白糖,农产品,CZCE,SR0
2019-06-19,5088.0,5138.0,5078.0,5121.0,741760,550978,5115.0,白糖,农产品,CZCE,SR0
2019-06-20,5110.0,5129.0,5093.0,5128.0,489614,551184,5109.0,白糖,农产品,CZCE,SR0
2019-06-21,5126.0,5151.0,5036.0,5057.0,733228,501236,5081.0,白糖,农产品,CZCE,SR0
2019-06-24,5067.0,5075.0,5006.0,5011.0,449932,499296,5036.0,白糖,农产品,CZCE,SR0
2019-06-25,5016.0,5034.0,5003.0,5020.0,357630,502682,5018.0,白糖,农产品,CZCE,SR0
2019-06-26,5025.0,5043.0,4981.0,4997.0,504210,515910,5011.0,白糖,农产品,CZCE,SR0
2019-06-27,5000.0,5010.0,4960.0,4975.0,398634,514940,4983.0,白糖,农产品,CZCE,SR0
2019-06-28,4983.0,5049.0,4976.0,5010.0,626178,498000,5018.0,白糖,农产品,CZCE,SR0
2019-07-01,5010.0,5046.0,4990.0,5030.0,456752,497462,5022.0,白糖,农产品,CZCE,SR0
2019-07-02,5031.0,5130.0,5016.0,5066.0,904906,493752,5077.0,白糖,农产品,CZCE,SR0
2019-07-03,5058.0,5074.0,4980.0,5055.0,631268,467994,5038.0,白糖,农产品,CZCE,SR0
2019-07-04,5065.0,5148.0,5065.0,5111.0,988276,485390,5109.0,白糖,农产品,CZCE,SR0
2019-07-05,5109.0,5314.0,5108.0,5295.0,2173734,564860,5221.0,白糖,农产品,CZCE,SR0
2019-07-08,5290.0,5318.0,5230.0,5239.0,1468984,551360,5274.0,白糖,农产品,CZCE,SR0
2019-07-09,5241.0,5254.0,5108.0,5133.0,1110264,476372,5194.0,白糖,农产品,CZCE,SR0
2019-07-10,5127.0,5221.0,5114.0,5185.0,997984,495998,5172.0,白糖,农产品,CZCE,SR0
2019-07-11,5195.0,5225.0,5163.0,5205.0,799180,492536,5195.0,白糖,农产品,CZCE,SR0
2019-07-12,5206.0,5241.0,5166.0,5187.0,876274,479068,5204.0,白糖,农产品,CZCE,SR0
2019-07-15,5194.0,5250.0,5170.0,5237.0,835122,502338,5210.0,白糖,农产品,CZCE,SR0
2019-07-16,5208.0,5218.0,5178.0,5208.0,678270,483114,5198.0,白糖,农产品,CZCE,SR0
2019-07-17,5217.0,5223.0,5161.0,5189.0,576926,468862,5186.0,白糖,农产品,CZCE,SR0
2019-07-18,5200.0,5207.0,5155.0,5189.0,497670,445232,5177.0,白糖,农产品,CZCE,SR0
2019-07-19,5181.0,5187.0,5123.0,5145.0,581026,431904,5150.0,白糖,农产品,CZCE,SR0
2019-07-22,5146.0,5158.0,5124.0,5150.0,377240,426918,5145.0,白糖,农产品,CZCE,SR0
2019-07-23,5150.0,5234.0,5140.0,5202.0,896430,445940,5201.0,白糖,农产品,CZCE,SR0
2019-07-24,5202.0,5330.0,5195.0,5299.0,1297218,466078,5276.0,白糖,农产品,CZCE,SR0
2019-07-25,5320.0,5327.0,5256.0,5266.0,797832,418540,5280.0,白糖,农产品,CZCE,SR0
2019-07-26,5265.0,5314.0,5208.0,5291.0,744152,380254,5277.0,白糖,农产品,CZCE,SR0
2019-07-29,5285.0,5370.0,5262.0,5364.0,781210,386804,5317.0,白糖,农产品,CZCE,SR0
2019-07-30,5366.0,5367.0,5283.0,5290.0,713942,319570,5330.0,白糖,农产品,CZCE,SR0
2019-07-31,5295.0,5344.0,5294.0,5322.0,449582,307872,5318.0,白糖,农产品,CZCE,SR0
2019-08-01,5373.0,5398.0,5342.0,5349.0,736688,580818,5375.0,白糖,农产品,CZCE,SR0
2019-08-02,5345.0,5367.0,5280.0,5338.0,821190,574336,5332.0,白糖,农产品,CZCE,SR0
2019-08-05,5325.0,5420.0,5313.0,5395.0,996530,619170,5369.0,白糖,农产品,CZCE,SR0
2019-08-06,5374.0,5447.0,5328.0,5349.0,1358210,593408,5385.0,白糖,农产品,CZCE,SR0
2019-08-07,5362.0,5408.0,5338.0,5402.0,855410,615884,5376.0,白糖,农产品,CZCE,SR0
2019-08-08,5388.0,5400.0,5342.0,5386.0,891796,594180,5376.0,白糖,农产品,CZCE,SR0
2019-08-09,5391.0,5495.0,5379.0,5494.0,1571982,682218,5427.0,白糖,农产品,CZCE,SR0
2019-08-12,5496.0,5607.0,5475.0,5564.0,1789216,755986,5556.0,白糖,农产品,CZCE,SR0
2019-08-13,5566.0,5597.0,5527.0,5585.0,1076746,767414,5570.0,白糖,农产品,CZCE,SR0
2019-08-14,5598.0,5641.0,5511.0,5536.0,1188854,735124,5555.0,白糖,农产品,CZCE,SR0
2019-08-15,5539.0,5553.0,5462.0,5490.0,974612,718812,5503.0,白糖,农产品,CZCE,SR0
2019-08-16,5490.0,5542.0,5427.0,5439.0,1038394,682170,5490.0,白糖,农产品,CZCE,SR0
2019-08-19,5443.0,5464.0,5422.0,5460.0,643958,695598,5447.0,白糖,农产品,CZCE,SR0
2019-08-20,5448.0,5478.0,5427.0,5463.0,821596,703602,5455.0,白糖,农产品,CZCE,SR0
2019-08-21,5469.0,5477.0,5409.0,5436.0,820268,697996,5440.0,白糖,农产品,CZCE,SR0
2019-08-22,5448.0,5522.0,5431.0,5521.0,1038064,742008,5475.0,白糖,农产品,CZCE,SR0
2019-08-23,5518.0,5527.0,5481.0,5502.0,757708,721464,5501.0,白糖,农产品,CZCE,SR0
2019-08-26,5490.0,5499.0,5410.0,5457.0,722806,683118,5452.0,白糖,农产品,CZCE,SR0
2019-08-27,5467.0,5475.0,5320.0,5353.0,1128478,652986,5397.0,白糖,农产品,CZCE,SR0
2019-08-28,5356.0,5394.0,5340.0,5387.0,755680,652412,5368.0,白糖,农产品,CZCE,SR0
2019-08-29,5391.0,5391.0,5354.0,5363.0,511504,654894,5371.0,白糖,农产品,CZCE,SR0
2019-08-30,5366.0,5379.0,5343.0,5368.0,517338,643370,5364.0,白糖,农产品,CZCE,SR0
2019-09-02,5366.0,5409.0,5357.0,5376.0,607768,645282,5382.0,白糖,农产品,CZCE,SR0
2019-09-03,5380.0,5451.0,5325.0,5446.0,932452,684572,5380.0,白糖,农产品,CZCE,SR0
2019-09-04,5440.0,5504.0,5427.0,5473.0,994734,694976,5470.0,白糖,农产品,CZCE,SR0
2019-09-05,5480.0,5563.0,5457.0,5483.0,1076916,706748,5505.0,白糖,农产品,CZCE,SR0
2019-09-06,5489.0,5525.0,5466.0,5486.0,819678,708818,5494.0,白糖,农产品,CZCE,SR0
2019-09-09,5495.0,5557.0,5484.0,5549.0,907626,754536,5519.0,白糖,农产品,CZCE,SR0
2019-09-10,5549.0,5553.0,5467.0,5477.0,774856,727624,5505.0,白糖,农产品,CZCE,SR0
2019-09-11,5483.0,5532.0,5461.0,5524.0,667840,733556,5501.0,白糖,农产品,CZCE,SR0
2019-09-12,5516.0,5519.0,5476.0,5490.0,544198,704952,5493.0,白糖,农产品,CZCE,SR0
2019-09-16,5531.0,5560.0,5486.0,5548.0,566738,743332,5529.0,白糖,农产品,CZCE,SR0
2019-09-17,5565.0,5580.0,5469.0,5479.0,816132,724066,5518.0,白糖,农产品,CZCE,SR0
2019-09-18,5476.0,5483.0,5413.0,5424.0,773102,708950,5435.0,白糖,农产品,CZCE,SR0
2019-09-19,5428.0,5450.0,5406.0,5437.0,501680,695856,5434.0,白糖,农产品,CZCE,SR0
2019-09-20,5440.0,5441.0,5392.0,5411.0,642530,679994,5416.0,白糖,农产品,CZCE,SR0
2019-09-23,5413.0,5416.0,5370.0,5404.0,668322,655196,5393.0,白糖,农产品,CZCE,SR0
2019-09-24,5410.0,5465.0,5406.0,5410.0,830276,601440,5436.0,白糖,农产品,CZCE,SR0
2019-09-25,5418.0,5475.0,5412.0,5471.0,601542,607708,5444.0,白糖,农产品,CZCE,SR0
2019-09-26,5472.0,5533.0,5472.0,5524.0,935790,619006,5508.0,白糖,农产品,CZCE,SR0
2019-09-27,5519.0,5549.0,5480.0,5532.0,668654,579888,5518.0,白糖,农产品,CZCE,SR0
2019-09-30,5536.0,5542.0,5494.0,5507.0,394628,541916,5515.0,白糖,农产品,CZCE,SR0
2019-10-08,5500.0,5585.0,5450.0,5561.0,459816,566990,5541.0,白糖,农产品,CZCE,SR0
2019-10-09,5557.0,5634.0,5557.0,5575.0,1299020,673990,5598.0,白糖,农产品,CZCE,SR0
2019-10-10,5580.0,5595.0,5567.0,5593.0,539562,680982,5583.0,白糖,农产品,CZCE,SR0
2019-10-11,5601.0,5617.0,5516.0,5529.0,851472,625454,5556.0,白糖,农产品,CZCE,SR0
2019-10-14,5532.0,5560.0,5508.0,5539.0,521998,619832,5537.0,白糖,农产品,CZCE,SR0
2019-10-15,5535.0,5580.0,5517.0,5549.0,747944,619918,5546.0,白糖,农产品,CZCE,SR0
2019-10-16,5546.0,5558.0,5492.0,5496.0,832674,589584,5528.0,白糖,农产品,CZCE,SR0
2019-10-17,5496.0,5523.0,5473.0,5517.0,665904,578712,5494.0,白糖,农产品,CZCE,SR0
2019-10-18,5522.0,5544.0,5497.0,5535.0,652988,586702,5523.0,白糖,农产品,CZCE,SR0
2019-10-21,5535.0,5599.0,5510.0,5598.0,839278,621326,5552.0,白糖,农产品,CZCE,SR0
2019-10-22,5592.0,5623.0,5505.0,5507.0,1217498,603622,5568.0,白糖,农产品,CZCE,SR0
2019-10-23,5501.0,5532.0,5488.0,5502.0,823196,596900,5510.0,白糖,农产品,CZCE,SR0
2019-10-24,5506.0,5522.0,5481.0,5508.0,683854,594066,5505.0,白糖,农产品,CZCE,SR0
2019-10-25,5511.0,5570.0,5511.0,5523.0,704378,570190,5541.0,白糖,农产品,CZCE,SR0
2019-10-28,5520.0,5543.0,5494.0,5539.0,658356,573506,5512.0,白糖,农产品,CZCE,SR0
2019-10-29,5543.0,5630.0,5537.0,5625.0,1437766,689942,5582.0,白糖,农产品,CZCE,SR0
2019-10-30,5623.0,5640.0,5556.0,5604.0,986312,671344,5601.0,白糖,农产品,CZCE,SR0
2019-10-31,5608.0,5741.0,5604.0,5718.0,2118868,853548,5697.0,白糖,农产品,CZCE,SR0
2019-11-01,5714.0,5722.0,5656.0,5706.0,1366604,791530,5691.0,白糖,农产品,CZCE,SR0
2019-11-04,5718.0,5747.0,5669.0,5723.0,1107280,775200,5697.0,白糖,农产品,CZCE,SR0
2019-11-05,5730.0,5795.0,5718.0,5754.0,1482224,756118,5763.0,白糖,农产品,CZCE,SR0
2019-11-06,5758.0,5783.0,5736.0,5754.0,891050,736696,5762.0,白糖,农产品,CZCE,SR0
2019-11-07,5750.0,5800.0,5580.0,5587.0,1886868,591878,5684.0,白糖,农产品,CZCE,SR0
2019-11-08,5599.0,5614.0,5566.0,5593.0,950750,569872,5597.0,白糖,农产品,CZCE,SR0
2019-11-11,5596.0,5626.0,5560.0,5585.0,757534,549818,5589.0,白糖,农产品,CZCE,SR0
2019-11-12,5580.0,5618.0,5524.0,5614.0,945558,544498,5584.0,白糖,农产品,CZCE,SR0
2019-11-13,5623.0,5644.0,5570.0,5612.0,802962,539306,5603.0,白糖,农产品,CZCE,SR0
2019-11-14,5616.0,5648.0,5603.0,5633.0,784430,531684,5630.0,白糖,农产品,CZCE,SR0
2019-11-15,5642.0,5646.0,5586.0,5594.0,617420,521726,5612.0,白糖,农产品,CZCE,SR0
2019-11-18,5594.0,5618.0,5573.0,5589.0,449210,507528,5598.0,白糖,农产品,CZCE,SR0
2019-11-19,5584.0,5617.0,5544.0,5615.0,728750,487364,5572.0,白糖,农产品,CZCE,SR0
2019-11-20,5610.0,5676.0,5596.0,5651.0,809838,481872,5640.0,白糖,农产品,CZCE,SR0
2019-11-21,5641.0,5661.0,5566.0,5577.0,703208,470170,5618.0,白糖,农产品,CZCE,SR0
2019-11-22,5575.0,5604.0,5563.0,5576.0,587022,458940,5586.0,白糖,农产品,CZCE,SR0
2019-11-25,5580.0,5614.0,5569.0,5582.0,546442,440054,5591.0,白糖,农产品,CZCE,SR0
2019-11-26,5580.0,5607.0,5545.0,5584.0,667850,443102,5579.0,白糖,农产品,CZCE,SR0
2019-11-27,5580.0,5584.0,5512.0,5530.0,803156,421696,5553.0,白糖,农产品,CZCE,SR0
2019-11-28,5531.0,5566.0,5520.0,5563.0,468196,407386,5545.0,白糖,农产品,CZCE,SR0
2019-11-29,5564.0,5578.0,5535.0,5553.0,357336,381860,5551.0,白糖,农产品,CZCE,SR0
2019-12-02,5563.0,5584.0,5545.0,5551.0,431816,358586,5561.0,白糖,农产品,CZCE,SR0
2019-12-03,5547.0,5570.0,5520.0,5564.0,479872,329104,5543.0,白糖,农产品,CZCE,SR0
2019-12-04,5566.0,5566.0,5532.0,5540.0,261534,311800,5549.0,白糖,农产品,CZCE,SR0
2019-12-05,5550.0,5577.0,5529.0,5563.0,302158,293036,5549.0,白糖,农产品,CZCE,SR0
2019-12-06,5568.0,5569.0,5520.0,5526.0,223610,259724,5544.0,白糖,农产品,CZCE,SR0
2019-12-09,5405.0,5479.0,5397.0,5471.0,482362,471958,5444.0,白糖,农产品,CZCE,SR0
2019-12-10,5472.0,5517.0,5456.0,5465.0,624306,487304,5486.0,白糖,农产品,CZCE,SR0
2019-12-11,5465.0,5498.0,5464.0,5485.0,335716,496054,5483.0,白糖,农产品,CZCE,SR0
2019-12-12,5489.0,5499.0,5465.0,5474.0,298344,513350,5480.0,白糖,农产品,CZCE,SR0
2019-12-13,5469.0,5495.0,5451.0,5471.0,391940,513842,5475.0,白糖,农产品,CZCE,SR0
2019-12-16,5472.0,5480.0,5390.0,5408.0,582888,535258,5424.0,白糖,农产品,CZCE,SR0
2019-12-17,5410.0,5425.0,5396.0,5409.0,386934,512462,5408.0,白糖,农产品,CZCE,SR0
2019-12-18,5409.0,5434.0,5408.0,5418.0,366828,511418,5420.0,白糖,农产品,CZCE,SR0
2019-12-19,5423.0,5429.0,5408.0,5414.0,326094,507752,5418.0,白糖,农产品,CZCE,SR0
2019-12-20,5416.0,5467.0,5416.0,5464.0,478496,518398,5445.0,白糖,农产品,CZCE,SR0
2019-12-23,5452.0,5458.0,5408.0,5417.0,472216,497498,5423.0,白糖,农产品,CZCE,SR0
2019-12-24,5406.0,5430.0,5406.0,5429.0,254400,484348,5420.0,白糖,农产品,CZCE,SR0
2019-12-25,5425.0,5447.0,5417.0,5442.0,317314,472068,5436.0,白糖,农产品,CZCE,SR0
2019-12-26,5413.0,5436.0,5413.0,5434.0,219706,462454,5425.0,白糖,农产品,CZCE,SR0
2019-12-27,5430.0,5504.0,5427.0,5498.0,615070,521656,5472.0,白糖,农产品,CZCE,SR0
2019-12-30,5501.0,5608.0,5497.0,5600.0,668138,566998,5562.0,白糖,农产品,CZCE,SR0
2019-12-31,5600.0,5604.0,5565.0,5581.0,406672,559460,5582.0,白糖,农产品,CZCE,SR0
2020-01-02,5584.0,5642.0,5555.0,5576.0,218012,279712,5588.0,白糖,农产品,CZCE,SR0
2020-01-03,5586.0,5599.0,5543.0,5572.0,195211,275723,5573.0,白糖,农产品,CZCE,SR0
2020-01-06,5585.0,5605.0,5565.0,5569.0,207980,274808,5583.0,白糖,农产品,CZCE,SR0
2020-01-07,5580.0,5728.0,5573.0,5720.0,559282,316400,5664.0,白糖,农产品,CZCE,SR0
2020-01-08,5722.0,5736.0,5696.0,5725.0,279418,311949,5718.0,白糖,农产品,CZCE,SR0
2020-01-09,5729.0,5748.0,5683.0,5709.0,324090,307984,5715.0,白糖,农产品,CZCE,SR0
2020-01-10,5711.0,5797.0,5709.0,5789.0,398502,333944,5761.0,白糖,农产品,CZCE,SR0
2020-01-13,5796.0,5921.0,5796.0,5840.0,541005,350515,5855.0,白糖,农产品,CZCE,SR0
2020-01-14,5858.0,5886.0,5837.0,5862.0,353655,349533,5866.0,白糖,农产品,CZCE,SR0
2020-01-15,5889.0,5898.0,5793.0,5839.0,409125,342791,5849.0,白糖,农产品,CZCE,SR0
2020-01-16,5836.0,5908.0,5826.0,5860.0,445191,347483,5864.0,白糖,农产品,CZCE,SR0
2020-01-17,5859.0,5867.0,5828.0,5847.0,340402,340698,5847.0,白糖,农产品,CZCE,SR0
2020-01-20,5852.0,5859.0,5705.0,5724.0,565253,305166,5766.0,白糖,农产品,CZCE,SR0
2020-01-21,5713.0,5727.0,5675.0,5679.0,284470,277214,5701.0,白糖,农产品,CZCE,SR0
2020-01-22,5681.0,5716.0,5597.0,5670.0,335688,248263,5680.0,白糖,农产品,CZCE,SR0
2020-01-23,5692.0,5712.0,5619.0,5622.0,212407,234938,5664.0,白糖,农产品,CZCE,SR0
2020-02-03,5488.0,5527.0,5300.0,5481.0,323180,220476,5461.0,白糖,农产品,CZCE,SR0
2020-02-04,5510.0,5680.0,5510.0,5680.0,341021,262573,5635.0,白糖,农产品,CZCE,SR0
2020-02-05,5668.0,5685.0,5630.0,5662.0,258119,242601,5658.0,白糖,农产品,CZCE,SR0
2020-02-06,5679.0,5771.0,5666.0,5765.0,358707,267145,5735.0,白糖,农产品,CZCE,SR0
2020-02-07,5756.0,5782.0,5724.0,5773.0,259002,270103,5754.0,白糖,农产品,CZCE,SR0
2020-02-10,5777.0,5820.0,5737.0,5751.0,491927,266486,5779.0,白糖,农产品,CZCE,SR0
2020-02-11,5758.0,5769.0,5705.0,5729.0,323326,254377,5732.0,白糖,农产品,CZCE,SR0
2020-02-12,5765.0,5811.0,5716.0,5771.0,499142,253770,5764.0,白糖,农产品,CZCE,SR0
2020-02-13,5790.0,5801.0,5736.0,5757.0,354489,250107,5766.0,白糖,农产品,CZCE,SR0
2020-02-14,5708.0,5730.0,5651.0,5669.0,435759,243569,5678.0,白糖,农产品,CZCE,SR0
2020-02-17,5669.0,5806.0,5669.0,5789.0,611849,265514,5761.0,白糖,农产品,CZCE,SR0
2020-02-18,5755.0,5766.0,5724.0,5748.0,357745,250648,5746.0,白糖,农产品,CZCE,SR0
2020-02-19,5770.0,5795.0,5746.0,5751.0,342427,252120,5765.0,白糖,农产品,CZCE,SR0
2020-02-20,5760.0,5778.0,5737.0,5776.0,317099,244793,5759.0,白糖,农产品,CZCE,SR0
2020-02-21,5762.0,5855.0,5747.0,5774.0,615271,250077,5801.0,白糖,农产品,CZCE,SR0
2020-02-24,5783.0,5833.0,5775.0,5822.0,444868,266167,5812.0,白糖,农产品,CZCE,SR0
2020-02-25,5770.0,5822.0,5750.0,5806.0,339967,256874,5796.0,白糖,农产品,CZCE,SR0
2020-02-26,5796.0,5831.0,5726.0,5734.0,431716,255594,5776.0,白糖,农产品,CZCE,SR0
2020-02-27,5705.0,5764.0,5704.0,5735.0,321016,238690,5739.0,白糖,农产品,CZCE,SR0
2020-02-28,5691.0,5726.0,5634.0,5664.0,499492,225461,5672.0,白糖,农产品,CZCE,SR0
2020-03-02,5690.0,5757.0,5686.0,5750.0,324949,223594,5725.0,白糖,农产品,CZCE,SR0
2020-03-03,5736.0,5744.0,5670.0,5691.0,367157,224261,5699.0,白糖,农产品,CZCE,SR0
2020-03-04,5693.0,5705.0,5664.0,5679.0,208527,221566,5684.0,白糖,农产品,CZCE,SR0
2020-03-05,5660.0,5728.0,5648.0,5728.0,313653,229633,5692.0,白糖,农产品,CZCE,SR0
2020-03-06,5715.0,5740.0,5702.0,5721.0,320466,228661,5719.0,白糖,农产品,CZCE,SR0
2020-03-09,5624.0,5673.0,5510.0,5574.0,782209,217329,5580.0,白糖,农产品,CZCE,SR0
2020-03-10,5593.0,5668.0,5593.0,5657.0,322036,199350,5635.0,白糖,农产品,CZCE,SR0
2020-03-11,5647.0,5689.0,5625.0,5632.0,244011,198234,5643.0,白糖,农产品,CZCE,SR0
2020-03-12,5597.0,5597.0,5534.0,5548.0,369018,188801,5563.0,白糖,农产品,CZCE,SR0
2020-03-13,5476.0,5567.0,5404.0,5553.0,435334,176743,5474.0,白糖,农产品,CZCE,SR0
2020-03-16,5518.0,5540.0,5481.0,5516.0,209415,170832,5513.0,白糖,农产品,CZCE,SR0
2020-03-17,5441.0,5532.0,5424.0,5514.0,282827,164786,5493.0,白糖,农产品,CZCE,SR0
2020-03-18,5496.0,5545.0,5460.0,5468.0,250103,154011,5500.0,白糖,农产品,CZCE,SR0
2020-03-19,5477.0,5500.0,5400.0,5487.0,356977,143801,5459.0,白糖,农产品,CZCE,SR0
2020-03-20,5510.0,5580.0,5475.0,5496.0,174726,135066,5514.0,白糖,农产品,CZCE,SR0
2020-03-23,5460.0,5540.0,5455.0,5511.0,206952,130237,5505.0,白糖,农产品,CZCE,SR0
2020-03-24,5545.0,5570.0,5506.0,5539.0,157735,122591,5541.0,白糖,农产品,CZCE,SR0
2020-03-25,5570.0,5585.0,5496.0,5512.0,130216,116011,5541.0,白糖,农产品,CZCE,SR0
2020-03-26,5519.0,5521.0,5473.0,5491.0,118759,112142,5491.0,白糖,农产品,CZCE,SR0
2020-03-27,5451.0,5483.0,5431.0,5453.0,154400,224270,5465.0,白糖,农产品,CZCE,SR0
2020-03-30,5450.0,5517.0,5437.0,5502.0,212596,228411,5495.0,白糖,农产品,CZCE,SR0
2020-03-31,5480.0,5510.0,5462.0,5503.0,189371,230075,5486.0,白糖,农产品,CZCE,SR0
2020-04-01,5492.0,5495.0,5350.0,5353.0,352098,270846,5430.0,白糖,农产品,CZCE,SR0
2020-04-02,5310.0,5359.0,5247.0,5339.0,407771,264933,5302.0,白糖,农产品,CZCE,SR0
2020-04-03,5345.0,5345.0,5257.0,5290.0,358174,276928,5289.0,白糖,农产品,CZCE,SR0
2020-04-07,5310.0,5352.0,5290.0,5344.0,214817,281903,5332.0,白糖,农产品,CZCE,SR0
2020-04-08,5316.0,5381.0,5302.0,5376.0,219651,292196,5349.0,白糖,农产品,CZCE,SR0
2020-04-09,5381.0,5387.0,5340.0,5358.0,205922,296375,5361.0,白糖,农产品,CZCE,SR0
2020-04-10,5357.0,5374.0,5328.0,5347.0,215312,295004,5351.0,白糖,农产品,CZCE,SR0
2020-04-13,5343.0,5376.0,5308.0,5329.0,240906,307761,5351.0,白糖,农产品,CZCE,SR0
2020-04-14,5308.0,5320.0,5230.0,5291.0,311777,312263,5272.0,白糖,农产品,CZCE,SR0
2020-04-15,5285.0,5308.0,5267.0,5281.0,191538,319382,5295.0,白糖,农产品,CZCE,SR0
2020-04-16,5281.0,5318.0,5253.0,5273.0,214563,324766,5279.0,白糖,农产品,CZCE,SR0
2020-04-17,5281.0,5302.0,5257.0,5276.0,201295,323591,5282.0,白糖,农产品,CZCE,SR0
2020-04-20,5290.0,5304.0,5253.0,5265.0,331203,336427,5280.0,白糖,农产品,CZCE,SR0
2020-04-21,5227.0,5243.0,5151.0,5159.0,325164,340766,5187.0,白糖,农产品,CZCE,SR0
2020-04-22,5147.0,5168.0,5094.0,5134.0,262319,340632,5134.0,白糖,农产品,CZCE,SR0
2020-04-23,5150.0,5175.0,5138.0,5163.0,196071,348919,5159.0,白糖,农产品,CZCE,SR0
2020-04-24,5159.0,5159.0,5086.0,5092.0,334500,362916,5116.0,白糖,农产品,CZCE,SR0
2020-04-27,5036.0,5037.0,4915.0,4931.0,468438,372764,4961.0,白糖,农产品,CZCE,SR0
2020-04-28,4889.0,4889.0,4762.0,4833.0,753261,376409,4805.0,白糖,农产品,CZCE,SR0
2020-04-29,4873.0,4944.0,4854.0,4932.0,401322,352956,4902.0,白糖,农产品,CZCE,SR0
2020-04-30,4998.0,5027.0,4970.0,5015.0,300365,337513,5005.0,白糖,农产品,CZCE,SR0
2020-05-06,5089.0,5093.0,5021.0,5027.0,170693,343440,5047.0,白糖,农产品,CZCE,SR0
2020-05-07,5003.0,5128.0,4988.0,5123.0,421081,354400,5071.0,白糖,农产品,CZCE,SR0
2020-05-08,5126.0,5137.0,5084.0,5115.0,358575,352594,5115.0,白糖,农产品,CZCE,SR0
2020-05-11,5101.0,5142.0,5093.0,5124.0,295038,350330,5119.0,白糖,农产品,CZCE,SR0
2020-05-12,5122.0,5131.0,5035.0,5045.0,355939,359146,5078.0,白糖,农产品,CZCE,SR0
2020-05-13,5068.0,5088.0,5015.0,5026.0,367323,355729,5052.0,白糖,农产品,CZCE,SR0
2020-05-14,5027.0,5038.0,4861.0,4924.0,923176,376681,4931.0,白糖,农产品,CZCE,SR0
2020-05-15,4945.0,4952.0,4892.0,4921.0,547210,386764,4926.0,白糖,农产品,CZCE,SR0
2020-05-18,4927.0,4930.0,4866.0,4918.0,466709,391008,4904.0,白糖,农产品,CZCE,SR0
2020-05-19,4920.0,4995.0,4895.0,4991.0,550327,395536,4956.0,白糖,农产品,CZCE,SR0
2020-05-20,4992.0,5029.0,4974.0,5006.0,467338,391661,5005.0,白糖,农产品,CZCE,SR0
2020-05-21,5035.0,5115.0,5027.0,5085.0,637568,389647,5082.0,白糖,农产品,CZCE,SR0
2020-05-22,5085.0,5094.0,4962.0,4976.0,687383,393787,5019.0,白糖,农产品,CZCE,SR0
2020-05-25,4942.0,5046.0,4937.0,5037.0,609925,397168,5005.0,白糖,农产品,CZCE,SR0
2020-05-26,5033.0,5058.0,4984.0,5041.0,555409,390081,5018.0,白糖,农产品,CZCE,SR0
2020-05-27,5049.0,5051.0,5005.0,5009.0,434008,395035,5029.0,白糖,农产品,CZCE,SR0
2020-05-28,5004.0,5042.0,4964.0,5036.0,524456,398548,5011.0,白糖,农产品,CZCE,SR0
2020-05-29,5025.0,5055.0,4936.0,4937.0,670734,428541,5000.0,白糖,农产品,CZCE,SR0
2020-06-01,4930.0,4975.0,4910.0,4968.0,533402,428371,4948.0,白糖,农产品,CZCE,SR0
2020-06-02,4953.0,4966.0,4929.0,4944.0,401155,432104,4947.0,白糖,农产品,CZCE,SR0
2020-06-03,4950.0,5079.0,4948.0,5072.0,650276,422379,5018.0,白糖,农产品,CZCE,SR0
2020-06-04,5069.0,5134.0,5032.0,5051.0,747763,411961,5080.0,白糖,农产品,CZCE,SR0
2020-06-05,5040.0,5124.0,5039.0,5090.0,556104,406923,5090.0,白糖,农产品,CZCE,SR0
2020-06-08,5120.0,5184.0,5086.0,5166.0,676809,412184,5140.0,白糖,农产品,CZCE,SR0
2020-06-09,5167.0,5169.0,5050.0,5139.0,532629,412827,5134.0,白糖,农产品,CZCE,SR0
2020-06-10,5140.0,5161.0,5060.0,5088.0,569050,436498,5110.0,白糖,农产品,CZCE,SR0
2020-06-11,5100.0,5132.0,5011.0,5042.0,708966,439795,5087.0,白糖,农产品,CZCE,SR0
2020-06-12,5016.0,5085.0,4983.0,5076.0,564967,421007,5039.0,白糖,农产品,CZCE,SR0
2020-06-15,5080.0,5109.0,5024.0,5028.0,521044,413305,5069.0,白糖,农产品,CZCE,SR0
2020-06-16,5020.0,5100.0,5019.0,5096.0,415525,419339,5064.0,白糖,农产品,CZCE,SR0
2020-06-17,5112.0,5116.0,5049.0,5087.0,457218,417825,5082.0,白糖,农产品,CZCE,SR0
2020-06-18,5087.0,5109.0,5071.0,5100.0,400164,415856,5091.0,白糖,农产品,CZCE,SR0
2020-06-19,5090.0,5124.0,5074.0,5084.0,441577,424091,5093.0,白糖,农产品,CZCE,SR0
2020-06-22,5094.0,5148.0,5082.0,5104.0,483985,423635,5109.0,白糖,农产品,CZCE,SR0
2020-06-23,5107.0,5134.0,5090.0,5125.0,375739,423474,5115.0,白糖,农产品,CZCE,SR0
2020-06-24,5120.0,5182.0,5100.0,5104.0,653492,428698,5142.0,白糖,农产品,CZCE,SR0
2020-06-29,5084.0,5097.0,4968.0,4982.0,538521,457192,5019.0,白糖,农产品,CZCE,SR0
2020-06-30,5000.0,5046.0,4989.0,5011.0,566884,443919,5015.0,白糖,农产品,CZCE,SR0
2020-07-01,5021.0,5032.0,4997.0,5019.0,358304,437381,5013.0,白糖,农产品,CZCE,SR0
2020-07-02,5028.0,5055.0,5022.0,5048.0,385210,421938,5038.0,白糖,农产品,CZCE,SR0
2020-07-03,5043.0,5125.0,5033.0,5118.0,546120,404703,5077.0,白糖,农产品,CZCE,SR0
2020-07-06,5128.0,5172.0,5119.0,5146.0,493980,392153,5144.0,白糖,农产品,CZCE,SR0
2020-07-07,5143.0,5173.0,5119.0,5142.0,378648,382570,5144.0,白糖,农产品,CZCE,SR0
2020-07-08,5144.0,5268.0,5131.0,5252.0,682858,392249,5220.0,白糖,农产品,CZCE,SR0
2020-07-09,5250.0,5277.0,5214.0,5244.0,486981,385509,5244.0,白糖,农产品,CZCE,SR0
2020-07-10,5244.0,5255.0,5181.0,5211.0,488763,377346,5217.0,白糖,农产品,CZCE,SR0
2020-07-13,5218.0,5281.0,5188.0,5199.0,496359,387886,5238.0,白糖,农产品,CZCE,SR0
2020-07-14,5191.0,5246.0,5191.0,5237.0,395571,385084,5224.0,白糖,农产品,CZCE,SR0
2020-07-15,5225.0,5255.0,5195.0,5213.0,446311,389771,5218.0,白糖,农产品,CZCE,SR0
2020-07-16,5230.0,5236.0,5161.0,5188.0,561092,379562,5198.0,白糖,农产品,CZCE,SR0
2020-07-17,5188.0,5193.0,5095.0,5115.0,501116,378972,5143.0,白糖,农产品,CZCE,SR0
2020-07-20,5121.0,5166.0,5096.0,5153.0,381503,369594,5134.0,白糖,农产品,CZCE,SR0
2020-07-21,5149.0,5174.0,5134.0,5173.0,309949,370289,5156.0,白糖,农产品,CZCE,SR0
2020-07-22,5183.0,5190.0,5106.0,5126.0,468844,374892,5147.0,白糖,农产品,CZCE,SR0
2020-07-23,5130.0,5153.0,5100.0,5114.0,365203,378891,5126.0,白糖,农产品,CZCE,SR0
2020-07-24,5102.0,5152.0,5052.0,5075.0,547426,360918,5101.0,白糖,农产品,CZCE,SR0
2020-07-27,5074.0,5092.0,5004.0,5013.0,468206,366351,5045.0,白糖,农产品,CZCE,SR0
2020-07-28,5050.0,5053.0,4990.0,5023.0,496251,378375,5025.0,白糖,农产品,CZCE,SR0
2020-07-29,5024.0,5045.0,4993.0,5030.0,388938,376850,5017.0,白糖,农产品,CZCE,SR0
2020-07-30,5030.0,5044.0,4999.0,5010.0,296680,385747,5020.0,白糖,农产品,CZCE,SR0
2020-07-31,5011.0,5048.0,4949.0,5036.0,557167,348875,5006.0,白糖,农产品,CZCE,SR0
2020-08-03,5048.0,5117.0,5035.0,5049.0,452373,329427,5062.0,白糖,农产品,CZCE,SR0
2020-08-04,5039.0,5093.0,5036.0,5085.0,280749,302922,5066.0,白糖,农产品,CZCE,SR0
2020-08-05,5080.0,5093.0,5043.0,5082.0,263090,285664,5070.0,白糖,农产品,CZCE,SR0
2020-08-06,5081.0,5115.0,5023.0,5049.0,356789,273680,5067.0,白糖,农产品,CZCE,SR0
2020-08-07,5053.0,5143.0,5041.0,5132.0,376334,238374,5104.0,白糖,农产品,CZCE,SR0
2020-08-10,5099.0,5110.0,5042.0,5093.0,514755,465594,5079.0,白糖,农产品,CZCE,SR0
2020-08-11,5094.0,5180.0,5025.0,5041.0,730432,467976,5098.0,白糖,农产品,CZCE,SR0
2020-08-12,5051.0,5093.0,5008.0,5065.0,495346,467314,5059.0,白糖,农产品,CZCE,SR0
2020-08-13,5079.0,5088.0,5034.0,5046.0,369020,484934,5058.0,白糖,农产品,CZCE,SR0
2020-08-14,5060.0,5129.0,5050.0,5102.0,651161,503348,5092.0,白糖,农产品,CZCE,SR0
2020-08-17,5110.0,5112.0,5028.0,5058.0,463452,515184,5064.0,白糖,农产品,CZCE,SR0
2020-08-18,5083.0,5083.0,5041.0,5056.0,317107,520463,5061.0,白糖,农产品,CZCE,SR0
2020-08-19,5050.0,5080.0,5035.0,5039.0,460772,528544,5058.0,白糖,农产品,CZCE,SR0
2020-08-20,5047.0,5089.0,5039.0,5056.0,494909,503189,5062.0,白糖,农产品,CZCE,SR0
2020-08-21,5051.0,5067.0,5009.0,5055.0,525416,503720,5037.0,白糖,农产品,CZCE,SR0
2020-08-24,5052.0,5087.0,5032.0,5073.0,437941,508915,5060.0,白糖,农产品,CZCE,SR0
2020-08-25,5079.0,5104.0,5060.0,5085.0,371143,506586,5079.0,白糖,农产品,CZCE,SR0
2020-08-26,5085.0,5169.0,5073.0,5156.0,647099,538138,5124.0,白糖,农产品,CZCE,SR0
2020-08-27,5150.0,5164.0,5128.0,5156.0,390869,538489,5146.0,白糖,农产品,CZCE,SR0
2020-08-28,5157.0,5195.0,5120.0,5194.0,536134,543014,5156.0,白糖,农产品,CZCE,SR0
2020-08-31,5188.0,5210.0,5173.0,5189.0,410908,533203,5190.0,白糖,农产品,CZCE,SR0
2020-09-01,5192.0,5198.0,5138.0,5163.0,400625,518907,5166.0,白糖,农产品,CZCE,SR0
2020-09-02,5170.0,5196.0,5143.0,5188.0,381575,524380,5171.0,白糖,农产品,CZCE,SR0
2020-09-03,5185.0,5225.0,5144.0,5159.0,545129,520557,5174.0,白糖,农产品,CZCE,SR0
2020-09-04,5138.0,5183.0,5085.0,5180.0,568871,483063,5129.0,白糖,农产品,CZCE,SR0
2020-09-07,5181.0,5196.0,5161.0,5171.0,364384,484512,5177.0,白糖,农产品,CZCE,SR0
2020-09-08,5173.0,5278.0,5173.0,5254.0,628473,517343,5233.0,白糖,农产品,CZCE,SR0
2020-09-09,5248.0,5248.0,5144.0,5156.0,681083,474450,5190.0,白糖,农产品,CZCE,SR0
2020-09-10,5166.0,5186.0,5141.0,5159.0,283113,465677,5169.0,白糖,农产品,CZCE,SR0
2020-09-11,5158.0,5186.0,5136.0,5174.0,397814,464106,5164.0,白糖,农产品,CZCE,SR0
2020-09-14,5174.0,5236.0,5165.0,5221.0,409296,468527,5200.0,白糖,农产品,CZCE,SR0
2020-09-15,5215.0,5238.0,5192.0,5230.0,372249,477653,5219.0,白糖,农产品,CZCE,SR0
2020-09-16,5235.0,5318.0,5217.0,5253.0,803223,476022,5267.0,白糖,农产品,CZCE,SR0
2020-09-17,5257.0,5336.0,5251.0,5308.0,534466,491212,5298.0,白糖,农产品,CZCE,SR0
2020-09-18,5311.0,5357.0,5288.0,5345.0,460128,496677,5330.0,白糖,农产品,CZCE,SR0
2020-09-21,5338.0,5341.0,5290.0,5327.0,425248,487617,5317.0,白糖,农产品,CZCE,SR0
2020-09-22,5318.0,5322.0,5223.0,5237.0,524152,460717,5264.0,白糖,农产品,CZCE,SR0
2020-09-23,5258.0,5312.0,5231.0,5263.0,503889,450424,5271.0,白糖,农产品,CZCE,SR0
2020-09-24,5260.0,5279.0,5188.0,5235.0,520471,439704,5240.0,白糖,农产品,CZCE,SR0
2020-09-25,5233.0,5250.0,5214.0,5227.0,331674,433506,5233.0,白糖,农产品,CZCE,SR0
2020-09-28,5234.0,5235.0,5160.0,5163.0,422698,419901,5201.0,白糖,农产品,CZCE,SR0
2020-09-29,5172.0,5181.0,5095.0,5113.0,410848,403492,5129.0,白糖,农产品,CZCE,SR0
2020-09-30,5118.0,5135.0,5080.0,5081.0,310090,381273,5111.0,白糖,农产品,CZCE,SR0
2020-10-09,5146.0,5188.0,5141.0,5163.0,250074,382134,5161.0,白糖,农产品,CZCE,SR0
2020-10-12,5165.0,5273.0,5165.0,5258.0,445522,379549,5235.0,白糖,农产品,CZCE,SR0
2020-10-13,5275.0,5290.0,5205.0,5264.0,456588,385623,5254.0,白糖,农产品,CZCE,SR0
2020-10-14,5270.0,5288.0,5246.0,5275.0,324454,391181,5270.0,白糖,农产品,CZCE,SR0
2020-10-15,5280.0,5328.0,5258.0,5281.0,488761,398165,5293.0,白糖,农产品,CZCE,SR0
2020-10-16,5266.0,5308.0,5231.0,5299.0,451970,400584,5280.0,白糖,农产品,CZCE,SR0
2020-10-19,5307.0,5398.0,5261.0,5308.0,806864,406302,5318.0,白糖,农产品,CZCE,SR0
2020-10-20,5313.0,5390.0,5309.0,5380.0,539179,423825,5358.0,白糖,农产品,CZCE,SR0
2020-10-21,5377.0,5377.0,5327.0,5343.0,424680,411536,5351.0,白糖,农产品,CZCE,SR0
2020-10-22,5340.0,5353.0,5281.0,5308.0,423137,398849,5310.0,白糖,农产品,CZCE,SR0
2020-10-23,5330.0,5365.0,5234.0,5246.0,662840,392212,5310.0,白糖,农产品,CZCE,SR0
2020-10-26,5252.0,5270.0,5213.0,5251.0,420079,388284,5246.0,白糖,农产品,CZCE,SR0
2020-10-27,5243.0,5274.0,5218.0,5237.0,400671,388412,5246.0,白糖,农产品,CZCE,SR0
2020-10-28,5245.0,5257.0,5189.0,5250.0,462033,382909,5227.0,白糖,农产品,CZCE,SR0
2020-10-29,5225.0,5278.0,5195.0,5270.0,490725,378743,5245.0,白糖,农产品,CZCE,SR0
2020-10-30,5240.0,5259.0,5192.0,5203.0,573535,375753,5220.0,白糖,农产品,CZCE,SR0
2020-11-02,5184.0,5227.0,5135.0,5142.0,525262,382545,5187.0,白糖,农产品,CZCE,SR0
2020-11-03,5156.0,5242.0,5151.0,5200.0,433421,366616,5203.0,白糖,农产品,CZCE,SR0
2020-11-04,5220.0,5220.0,5131.0,5142.0,473010,386723,5169.0,白糖,农产品,CZCE,SR0
2020-11-05,5145.0,5164.0,5106.0,5117.0,380080,387095,5141.0,白糖,农产品,CZCE,SR0
2020-11-06,5117.0,5139.0,5085.0,5121.0,394265,379632,5115.0,白糖,农产品,CZCE,SR0
2020-11-09,5130.0,5168.0,5092.0,5108.0,464813,384143,5133.0,白糖,农产品,CZCE,SR0
2020-11-10,5133.0,5145.0,5103.0,5127.0,384848,369096,5127.0,白糖,农产品,CZCE,SR0
2020-11-11,5126.0,5150.0,5107.0,5139.0,353183,369370,5126.0,白糖,农产品,CZCE,SR0
2020-11-12,5132.0,5173.0,5128.0,5144.0,403729,366743,5149.0,白糖,农产品,CZCE,SR0
2020-11-13,5150.0,5178.0,5110.0,5123.0,465666,373729,5144.0,白糖,农产品,CZCE,SR0
2020-11-16,5135.0,5138.0,5051.0,5057.0,483977,381010,5084.0,白糖,农产品,CZCE,SR0
2020-11-17,5078.0,5107.0,5075.0,5096.0,346467,344321,5090.0,白糖,农产品,CZCE,SR0
2020-11-18,5094.0,5100.0,5018.0,5040.0,411635,351293,5045.0,白糖,农产品,CZCE,SR0
2020-11-19,5042.0,5066.0,5021.0,5056.0,286584,335648,5042.0,白糖,农产品,CZCE,SR0
2020-11-20,5053.0,5069.0,5031.0,5042.0,276431,332771,5047.0,白糖,农产品,CZCE,SR0
2020-11-23,5042.0,5133.0,5034.0,5130.0,498688,293456,5081.0,白糖,农产品,CZCE,SR0
2020-11-24,5130.0,5155.0,5117.0,5144.0,336358,267982,5138.0,白糖,农产品,CZCE,SR0
2020-11-25,5137.0,5166.0,5129.0,5164.0,263833,257767,5148.0,白糖,农产品,CZCE,SR0
2020-11-26,5164.0,5169.0,5124.0,5133.0,230522,248368,5142.0,白糖,农产品,CZCE,SR0
2020-11-27,5133.0,5154.0,5090.0,5108.0,311428,228572,5121.0,白糖,农产品,CZCE,SR0
2020-11-30,5123.0,5162.0,5101.0,5117.0,310700,206954,5134.0,白糖,农产品,CZCE,SR0
2020-12-01,5155.0,5155.0,5047.0,5066.0,281110,196965,5079.0,白糖,农产品,CZCE,SR0
2020-12-02,5066.0,5086.0,5048.0,5051.0,222287,187621,5066.0,白糖,农产品,CZCE,SR0
2020-12-03,5049.0,5069.0,4984.0,5010.0,281643,172834,5027.0,白糖,农产品,CZCE,SR0
2020-12-04,5004.0,5020.0,4975.0,5005.0,267595,382310,5004.0,白糖,农产品,CZCE,SR0
2020-12-07,4997.0,5020.0,4975.0,5012.0,293862,400398,4997.0,白糖,农产品,CZCE,SR0
2020-12-08,5012.0,5034.0,5002.0,5009.0,233335,408227,5017.0,白糖,农产品,CZCE,SR0
2020-12-09,5005.0,5007.0,4929.0,4935.0,393891,450662,4955.0,白糖,农产品,CZCE,SR0
2020-12-10,4950.0,5028.0,4937.0,5015.0,423831,416801,4982.0,白糖,农产品,CZCE,SR0
2020-12-11,5004.0,5045.0,4990.0,5027.0,339659,400829,5015.0,白糖,农产品,CZCE,SR0
2020-12-14,5010.0,5060.0,5006.0,5039.0,310918,400267,5032.0,白糖,农产品,CZCE,SR0
2020-12-15,5038.0,5075.0,5029.0,5047.0,306486,400829,5051.0,白糖,农产品,CZCE,SR0
2020-12-16,5047.0,5062.0,5031.0,5054.0,217237,398390,5048.0,白糖,农产品,CZCE,SR0
2020-12-17,5056.0,5197.0,5056.0,5185.0,616122,409938,5129.0,白糖,农产品,CZCE,SR0
2020-12-18,5185.0,5222.0,5164.0,5205.0,384333,399999,5193.0,白糖,农产品,CZCE,SR0
2020-12-21,5201.0,5208.0,5154.0,5186.0,388643,397577,5183.0,白糖,农产品,CZCE,SR0
2020-12-22,5180.0,5268.0,5156.0,5202.0,680677,396290,5217.0,白糖,农产品,CZCE,SR0
2020-12-23,5212.0,5262.0,5170.0,5245.0,709862,396121,5232.0,白糖,农产品,CZCE,SR0
2020-12-24,5280.0,5292.0,5208.0,5222.0,603802,408916,5237.0,白糖,农产品,CZCE,SR0
2020-12-25,5222.0,5235.0,5178.0,5218.0,423791,411782,5206.0,白糖,农产品,CZCE,SR0
2020-12-28,5218.0,5262.0,5178.0,5210.0,497913,408247,5230.0,白糖,农产品,CZCE,SR0
2020-12-29,5227.0,5296.0,5211.0,5244.0,655802,407961,5250.0,白糖,农产品,CZCE,SR0
2020-12-30,5240.0,5295.0,5194.0,5281.0,546585,425942,5249.0,白糖,农产品,CZCE,SR0
2020-12-31,5295.0,5302.0,5203.0,5215.0,602325,438538,5251.0,白糖,农产品,CZCE,SR0
2021-01-04,5230.0,5331.0,5220.0,5330.0,490715,467893,5287.0,白糖,农产品,CZCE,SR0
2021-01-05,5335.0,5364.0,5310.0,5340.0,480371,467109,5341.0,白糖,农产品,CZCE,SR0
2021-01-06,5340.0,5374.0,5315.0,5355.0,487336,477576,5341.0,白糖,农产品,CZCE,SR0
2021-01-07,5351.0,5363.0,5278.0,5337.0,512167,478806,5331.0,白糖,农产品,CZCE,SR0
2021-01-08,5320.0,5330.0,5224.0,5266.0,617811,470722,5276.0,白糖,农产品,CZCE,SR0
2021-01-11,5268.0,5281.0,5160.0,5179.0,547101,439825,5214.0,白糖,农产品,CZCE,SR0
2021-01-12,5180.0,5225.0,5180.0,5209.0,371766,442855,5206.0,白糖,农产品,CZCE,SR0
2021-01-13,5220.0,5237.0,5170.0,5225.0,467543,448147,5211.0,白糖,农产品,CZCE,SR0
2021-01-14,5230.0,5288.0,5229.0,5273.0,415275,444920,5263.0,白糖,农产品,CZCE,SR0
2021-01-15,5291.0,5467.0,5263.0,5450.0,856272,478201,5388.0,白糖,农产品,CZCE,SR0
2021-01-18,5435.0,5490.0,5413.0,5448.0,472083,480275,5443.0,白糖,农产品,CZCE,SR0
2021-01-19,5435.0,5463.0,5404.0,5435.0,434684,475454,5435.0,白糖,农产品,CZCE,SR0
2021-01-20,5445.0,5449.0,5313.0,5330.0,613407,449477,5365.0,白糖,农产品,CZCE,SR0
2021-01-21,5336.0,5355.0,5321.0,5332.0,355624,446682,5341.0,白糖,农产品,CZCE,SR0
2021-01-22,5318.0,5329.0,5236.0,5258.0,585133,437131,5279.0,白糖,农产品,CZCE,SR0
2021-01-25,5245.0,5273.0,5223.0,5262.0,357405,445317,5256.0,白糖,农产品,CZCE,SR0
2021-01-26,5259.0,5294.0,5231.0,5268.0,417138,456663,5257.0,白糖,农产品,CZCE,SR0
2021-01-27,5268.0,5299.0,5252.0,5286.0,331551,463684,5277.0,白糖,农产品,CZCE,SR0
2021-01-28,5300.0,5310.0,5211.0,5226.0,414133,463274,5248.0,白糖,农产品,CZCE,SR0
2021-01-29,5230.0,5257.0,5202.0,5215.0,323406,462388,5224.0,白糖,农产品,CZCE,SR0
2021-02-01,5227.0,5274.0,5220.0,5266.0,321055,451797,5248.0,白糖,农产品,CZCE,SR0
2021-02-02,5270.0,5305.0,5248.0,5283.0,391150,435585,5277.0,白糖,农产品,CZCE,SR0
2021-02-03,5283.0,5334.0,5264.0,5328.0,466886,430762,5307.0,白糖,农产品,CZCE,SR0
2021-02-04,5325.0,5326.0,5281.0,5318.0,358887,418728,5307.0,白糖,农产品,CZCE,SR0
2021-02-05,5318.0,5355.0,5291.0,5342.0,395912,424176,5324.0,白糖,农产品,CZCE,SR0
2021-02-08,5345.0,5376.0,5292.0,5305.0,419121,422257,5331.0,白糖,农产品,CZCE,SR0
2021-02-09,5317.0,5317.0,5235.0,5248.0,394046,423626,5267.0,白糖,农产品,CZCE,SR0
2021-02-10,5251.0,5271.0,5225.0,5238.0,252766,417438,5247.0,白糖,农产品,CZCE,SR0
2021-02-18,5288.0,5387.0,5275.0,5383.0,336469,414810,5338.0,白糖,农产品,CZCE,SR0
2021-02-19,5389.0,5440.0,5381.0,5429.0,368407,424180,5412.0,白糖,农产品,CZCE,SR0
2021-02-22,5440.0,5455.0,5414.0,5441.0,363227,430038,5432.0,白糖,农产品,CZCE,SR0
2021-02-23,5440.0,5526.0,5392.0,5472.0,563775,432328,5469.0,白糖,农产品,CZCE,SR0
2021-02-24,5473.0,5485.0,5412.0,5446.0,401207,424864,5444.0,白糖,农产品,CZCE,SR0
2021-02-25,5460.0,5557.0,5447.0,5500.0,558490,451575,5501.0,白糖,农产品,CZCE,SR0
2021-02-26,5503.0,5517.0,5353.0,5390.0,512643,413259,5428.0,白糖,农产品,CZCE,SR0
2021-03-01,5368.0,5454.0,5340.0,5453.0,430963,400455,5410.0,白糖,农产品,CZCE,SR0
2021-03-02,5455.0,5486.0,5373.0,5433.0,530774,380754,5431.0,白糖,农产品,CZCE,SR0
2021-03-03,5420.0,5518.0,5417.0,5517.0,505019,401462,5477.0,白糖,农产品,CZCE,SR0
2021-03-04,5500.0,5522.0,5454.0,5494.0,505536,390880,5485.0,白糖,农产品,CZCE,SR0
2021-03-05,5500.0,5560.0,5406.0,5409.0,756177,364425,5483.0,白糖,农产品,CZCE,SR0
2021-03-08,5402.0,5458.0,5384.0,5434.0,440803,355675,5423.0,白糖,农产品,CZCE,SR0
2021-03-09,5432.0,5435.0,5364.0,5366.0,340311,345146,5393.0,白糖,农产品,CZCE,SR0
2021-03-10,5361.0,5375.0,5310.0,5340.0,362095,334442,5345.0,白糖,农产品,CZCE,SR0
2021-03-11,5345.0,5388.0,5342.0,5384.0,284677,324325,5367.0,白糖,农产品,CZCE,SR0
2021-03-12,5390.0,5454.0,5370.0,5428.0,368003,306540,5412.0,白糖,农产品,CZCE,SR0
2021-03-15,5418.0,5419.0,5335.0,5351.0,335660,299446,5367.0,白糖,农产品,CZCE,SR0
2021-03-16,5345.0,5361.0,5322.0,5336.0,242058,294202,5340.0,白糖,农产品,CZCE,SR0
2021-03-17,5360.0,5390.0,5346.0,5374.0,252227,273967,5369.0,白糖,农产品,CZCE,SR0
2021-03-18,5350.0,5406.0,5342.0,5397.0,246637,259439,5377.0,白糖,农产品,CZCE,SR0
2021-03-19,5386.0,5390.0,5285.0,5289.0,352006,248018,5325.0,白糖,农产品,CZCE,SR0
2021-03-22,5290.0,5320.0,5290.0,5303.0,149510,237029,5306.0,白糖,农产品,CZCE,SR0
2021-03-23,5301.0,5309.0,5276.0,5304.0,159293,230382,5294.0,白糖,农产品,CZCE,SR0
2021-03-24,5270.0,5325.0,5246.0,5318.0,219799,219759,5287.0,白糖,农产品,CZCE,SR0
2021-03-25,5313.0,5349.0,5305.0,5337.0,141154,204692,5332.0,白糖,农产品,CZCE,SR0
2021-03-26,5300.0,5315.0,5260.0,5272.0,189620,207127,5283.0,白糖,农产品,CZCE,SR0
2021-03-29,5360.0,5371.0,5295.0,5313.0,293189,439785,5333.0,白糖,农产品,CZCE,SR0
2021-03-30,5313.0,5347.0,5312.0,5324.0,173781,440268,5329.0,白糖,农产品,CZCE,SR0
2021-03-31,5321.0,5346.0,5260.0,5269.0,265596,465085,5299.0,白糖,农产品,CZCE,SR0
2021-04-01,5271.0,5338.0,5270.0,5330.0,238590,451849,5304.0,白糖,农产品,CZCE,SR0
2021-04-02,5325.0,5336.0,5309.0,5333.0,183658,453658,5323.0,白糖,农产品,CZCE,SR0
2021-04-06,5338.0,5389.0,5331.0,5372.0,204133,436482,5371.0,白糖,农产品,CZCE,SR0
2021-04-07,5379.0,5385.0,5352.0,5377.0,185042,438707,5368.0,白糖,农产品,CZCE,SR0
2021-04-08,5377.0,5384.0,5332.0,5362.0,265521,443416,5365.0,白糖,农产品,CZCE,SR0
2021-04-09,5361.0,5367.0,5315.0,5362.0,269421,452798,5342.0,白糖,农产品,CZCE,SR0
2021-04-12,5375.0,5413.0,5344.0,5348.0,432912,454947,5388.0,白糖,农产品,CZCE,SR0
2021-04-13,5355.0,5365.0,5302.0,5314.0,333772,475900,5329.0,白糖,农产品,CZCE,SR0
2021-04-14,5338.0,5338.0,5271.0,5272.0,314186,504691,5295.0,白糖,农产品,CZCE,SR0
2021-04-15,5298.0,5316.0,5288.0,5309.0,243752,511681,5303.0,白糖,农产品,CZCE,SR0
2021-04-16,5319.0,5420.0,5312.0,5410.0,482048,467604,5378.0,白糖,农产品,CZCE,SR0
2021-04-19,5410.0,5453.0,5386.0,5449.0,335505,484942,5426.0,白糖,农产品,CZCE,SR0
2021-04-20,5449.0,5451.0,5411.0,5443.0,223282,489723,5432.0,白糖,农产品,CZCE,SR0
2021-04-21,5470.0,5495.0,5446.0,5464.0,308084,493886,5469.0,白糖,农产品,CZCE,SR0
2021-04-22,5456.0,5494.0,5431.0,5486.0,334383,507468,5474.0,白糖,农产品,CZCE,SR0
2021-04-23,5494.0,5510.0,5471.0,5482.0,287485,513323,5490.0,白糖,农产品,CZCE,SR0
2021-04-26,5490.0,5528.0,5471.0,5490.0,351376,510031,5493.0,白糖,农产品,CZCE,SR0
2021-04-27,5490.0,5538.0,5464.0,5534.0,339575,527565,5508.0,白糖,农产品,CZCE,SR0
2021-04-28,5534.0,5594.0,5511.0,5542.0,382329,533623,5554.0,白糖,农产品,CZCE,SR0
2021-04-29,5525.0,5555.0,5505.0,5550.0,289420,531369,5523.0,白糖,农产品,CZCE,SR0
2021-04-30,5550.0,5562.0,5460.0,5464.0,353289,491039,5498.0,白糖,农产品,CZCE,SR0
2021-05-06,5520.0,5575.0,5506.0,5571.0,282980,508825,5536.0,白糖,农产品,CZCE,SR0
2021-05-07,5571.0,5612.0,5555.0,5610.0,459084,533452,5585.0,白糖,农产品,CZCE,SR0
2021-05-10,5585.0,5635.0,5579.0,5626.0,498625,534741,5608.0,白糖,农产品,CZCE,SR0
2021-05-11,5635.0,5667.0,5576.0,5627.0,463896,522618,5612.0,白糖,农产品,CZCE,SR0
2021-05-12,5652.0,5822.0,5645.0,5786.0,764263,563529,5767.0,白糖,农产品,CZCE,SR0
2021-05-13,5747.0,5797.0,5688.0,5720.0,597725,541920,5744.0,白糖,农产品,CZCE,SR0
2021-05-14,5690.0,5700.0,5609.0,5665.0,589340,523242,5651.0,白糖,农产品,CZCE,SR0
2021-05-17,5665.0,5684.0,5614.0,5636.0,362085,525848,5647.0,白糖,农产品,CZCE,SR0
2021-05-18,5619.0,5688.0,5603.0,5672.0,383560,536219,5660.0,白糖,农产品,CZCE,SR0
2021-05-19,5674.0,5716.0,5585.0,5598.0,606789,520772,5655.0,白糖,农产品,CZCE,SR0
2021-05-20,5576.0,5616.0,5526.0,5613.0,448366,495865,5563.0,白糖,农产品,CZCE,SR0
2021-05-21,5620.0,5655.0,5583.0,5639.0,460504,491446,5619.0,白糖,农产品,CZCE,SR0
2021-05-24,5610.0,5615.0,5552.0,5597.0,363067,485159,5583.0,白糖,农产品,CZCE,SR0
2021-05-25,5604.0,5633.0,5585.0,5623.0,302860,487598,5611.0,白糖,农产品,CZCE,SR0
2021-05-26,5642.0,5653.0,5567.0,5573.0,367579,491955,5612.0,白糖,农产品,CZCE,SR0
2021-05-27,5560.0,5570.0,5495.0,5516.0,390856,492942,5534.0,白糖,农产品,CZCE,SR0
2021-05-28,5537.0,5555.0,5505.0,5529.0,305574,490419,5532.0,白糖,农产品,CZCE,SR0
2021-05-31,5559.0,5583.0,5535.0,5548.0,313427,480899,5559.0,白糖,农产品,CZCE,SR0
2021-06-01,5551.0,5610.0,5551.0,5609.0,296009,472744,5584.0,白糖,农产品,CZCE,SR0
2021-06-02,5625.0,5648.0,5582.0,5587.0,302520,454614,5622.0,白糖,农产品,CZCE,SR0
2021-06-03,5590.0,5642.0,5588.0,5636.0,247931,466093,5614.0,白糖,农产品,CZCE,SR0
2021-06-04,5615.0,5617.0,5521.0,5532.0,371863,477180,5552.0,白糖,农产品,CZCE,SR0
2021-06-07,5535.0,5574.0,5492.0,5492.0,304102,487877,5546.0,白糖,农产品,CZCE,SR0
2021-06-08,5492.0,5494.0,5438.0,5442.0,377580,519891,5458.0,白糖,农产品,CZCE,SR0
2021-06-09,5455.0,5482.0,5452.0,5469.0,217086,527317,5468.0,白糖,农产品,CZCE,SR0
2021-06-10,5467.0,5545.0,5443.0,5529.0,408811,507965,5496.0,白糖,农产品,CZCE,SR0
2021-06-11,5529.0,5563.0,5516.0,5561.0,256640,478278,5537.0,白糖,农产品,CZCE,SR0
2021-06-15,5520.0,5524.0,5458.0,5479.0,248282,480749,5482.0,白糖,农产品,CZCE,SR0
2021-06-16,5477.0,5484.0,5402.0,5407.0,423828,530613,5434.0,白糖,农产品,CZCE,SR0
2021-06-17,5426.0,5432.0,5380.0,5413.0,316043,541401,5407.0,白糖,农产品,CZCE,SR0
2021-06-18,5375.0,5415.0,5331.0,5406.0,439316,534956,5380.0,白糖,农产品,CZCE,SR0
2021-06-21,5404.0,5418.0,5372.0,5389.0,291994,534870,5398.0,白糖,农产品,CZCE,SR0
2021-06-22,5378.0,5454.0,5373.0,5446.0,283160,521094,5425.0,白糖,农产品,CZCE,SR0
2021-06-23,5431.0,5482.0,5423.0,5475.0,257757,502003,5452.0,白糖,农产品,CZCE,SR0
2021-06-24,5481.0,5542.0,5481.0,5498.0,346580,466390,5512.0,白糖,农产品,CZCE,SR0
2021-06-25,5497.0,5554.0,5472.0,5539.0,307651,462754,5519.0,白糖,农产品,CZCE,SR0
2021-06-28,5537.0,5584.0,5520.0,5545.0,327011,461271,5546.0,白糖,农产品,CZCE,SR0
2021-06-29,5545.0,5595.0,5535.0,5588.0,325056,460847,5573.0,白糖,农产品,CZCE,SR0
2021-06-30,5592.0,5607.0,5562.0,5605.0,328187,461122,5586.0,白糖,农产品,CZCE,SR0
2021-07-01,5605.0,5644.0,5598.0,5616.0,372858,464729,5619.0,白糖,农产品,CZCE,SR0
2021-07-02,5640.0,5712.0,5624.0,5668.0,449971,458368,5667.0,白糖,农产品,CZCE,SR0
2021-07-05,5691.0,5697.0,5630.0,5648.0,320588,457496,5655.0,白糖,农产品,CZCE,SR0
2021-07-06,5650.0,5688.0,5641.0,5672.0,272696,458551,5659.0,白糖,农产品,CZCE,SR0
2021-07-07,5669.0,5670.0,5565.0,5604.0,426250,444054,5600.0,白糖,农产品,CZCE,SR0
2021-07-08,5587.0,5611.0,5553.0,5592.0,318224,428772,5584.0,白糖,农产品,CZCE,SR0
2021-07-09,5580.0,5589.0,5506.0,5517.0,391548,422705,5536.0,白糖,农产品,CZCE,SR0
2021-07-12,5501.0,5581.0,5501.0,5554.0,333844,414294,5551.0,白糖,农产品,CZCE,SR0
2021-07-13,5540.0,5556.0,5466.0,5481.0,365639,426750,5511.0,白糖,农产品,CZCE,SR0
2021-07-14,5467.0,5523.0,5465.0,5510.0,302432,422308,5497.0,白糖,农产品,CZCE,SR0
2021-07-15,5515.0,5541.0,5481.0,5520.0,363917,419641,5513.0,白糖,农产品,CZCE,SR0
2021-07-16,5515.0,5548.0,5473.0,5526.0,424363,422840,5514.0,白糖,农产品,CZCE,SR0
2021-07-19,5539.0,5621.0,5529.0,5609.0,445131,413073,5589.0,白糖,农产品,CZCE,SR0
2021-07-20,5580.0,5605.0,5516.0,5570.0,390539,386081,5561.0,白糖,农产品,CZCE,SR0
2021-07-21,5572.0,5616.0,5563.0,5594.0,311821,388119,5589.0,白糖,农产品,CZCE,SR0
2021-07-22,5595.0,5640.0,5588.0,5625.0,354825,395146,5615.0,白糖,农产品,CZCE,SR0
2021-07-23,5625.0,5635.0,5571.0,5599.0,354658,375437,5599.0,白糖,农产品,CZCE,SR0
2021-07-26,5636.0,5649.0,5540.0,5544.0,501281,355311,5604.0,白糖,农产品,CZCE,SR0
2021-07-27,5574.0,5667.0,5565.0,5654.0,447686,344736,5625.0,白糖,农产品,CZCE,SR0
2021-07-28,5660.0,5677.0,5617.0,5641.0,292843,341220,5650.0,白糖,农产品,CZCE,SR0
2021-07-29,5654.0,5682.0,5629.0,5675.0,271758,347166,5658.0,白糖,农产品,CZCE,SR0
2021-07-30,5663.0,5670.0,5600.0,5621.0,345551,335790,5627.0,白糖,农产品,CZCE,SR0
2021-08-02,5618.0,5619.0,5550.0,5582.0,342718,312817,5585.0,白糖,农产品,CZCE,SR0
2021-08-03,5590.0,5601.0,5550.0,5556.0,262655,296324,5570.0,白糖,农产品,CZCE,SR0
2021-08-04,5556.0,5588.0,5524.0,5576.0,254841,287795,5568.0,白糖,农产品,CZCE,SR0
2021-08-05,5575.0,5584.0,5537.0,5578.0,271576,279226,5561.0,白糖,农产品,CZCE,SR0
2021-08-06,5606.0,5686.0,5589.0,5680.0,430358,275329,5645.0,白糖,农产品,CZCE,SR0
2021-08-09,5696.0,5697.0,5667.0,5690.0,274043,265078,5684.0,白糖,农产品,CZCE,SR0
2021-08-10,5661.0,5670.0,5610.0,5628.0,295419,228925,5632.0,白糖,农产品,CZCE,SR0
2021-08-11,5686.0,5713.0,5648.0,5652.0,365781,187201,5673.0,白糖,农产品,CZCE,SR0
2021-08-12,5636.0,5692.0,5631.0,5654.0,194191,160971,5662.0,白糖,农产品,CZCE,SR0
2021-08-13,5930.0,6015.0,5923.0,6007.0,367148,394993,5970.0,白糖,农产品,CZCE,SR0
2021-08-16,6020.0,6078.0,5999.0,6039.0,412606,431555,6038.0,白糖,农产品,CZCE,SR0
2021-08-17,6030.0,6048.0,6010.0,6034.0,270877,446085,6032.0,白糖,农产品,CZCE,SR0
2021-08-18,6043.0,6045.0,5952.0,5988.0,376629,430827,5998.0,白糖,农产品,CZCE,SR0
2021-08-19,6000.0,6013.0,5923.0,5958.0,355249,415795,5967.0,白糖,农产品,CZCE,SR0
2021-08-20,5937.0,5943.0,5868.0,5892.0,417826,391648,5908.0,白糖,农产品,CZCE,SR0
2021-08-23,5875.0,5907.0,5853.0,5878.0,275236,394145,5879.0,白糖,农产品,CZCE,SR0
2021-08-24,5878.0,5918.0,5860.0,5916.0,319409,406899,5890.0,白糖,农产品,CZCE,SR0
2021-08-25,5922.0,5928.0,5861.0,5862.0,275638,416287,5886.0,白糖,农产品,CZCE,SR0
2021-08-26,5874.0,5903.0,5830.0,5857.0,382204,409134,5865.0,白糖,农产品,CZCE,SR0
2021-08-27,5854.0,5861.0,5816.0,5842.0,281100,413481,5833.0,白糖,农产品,CZCE,SR0
2021-08-30,5860.0,5909.0,5826.0,5881.0,361959,418911,5870.0,白糖,农产品,CZCE,SR0
2021-08-31,5893.0,5912.0,5855.0,5871.0,305266,422555,5878.0,白糖,农产品,CZCE,SR0
2021-09-01,5865.0,5869.0,5810.0,5824.0,358702,437853,5827.0,白糖,农产品,CZCE,SR0
2021-09-02,5829.0,5888.0,5820.0,5884.0,287660,435110,5845.0,白糖,农产品,CZCE,SR0
2021-09-03,5880.0,5926.0,5872.0,5913.0,354796,428521,5897.0,白糖,农产品,CZCE,SR0
2021-09-06,5907.0,5947.0,5878.0,5942.0,312559,433632,5913.0,白糖,农产品,CZCE,SR0
2021-09-07,5945.0,5975.0,5920.0,5961.0,262464,433776,5944.0,白糖,农产品,CZCE,SR0
2021-09-08,5958.0,5968.0,5931.0,5953.0,229726,424810,5949.0,白糖,农产品,CZCE,SR0
2021-09-09,5960.0,5973.0,5905.0,5926.0,291506,409982,5933.0,白糖,农产品,CZCE,SR0
2021-09-10,5894.0,5918.0,5840.0,5863.0,435212,406953,5870.0,白糖,农产品,CZCE,SR0
2021-09-13,5849.0,5862.0,5825.0,5828.0,316090,420486,5843.0,白糖,农产品,CZCE,SR0
2021-09-14,5832.0,5870.0,5819.0,5838.0,313456,429239,5842.0,白糖,农产品,CZCE,SR0
2021-09-15,5826.0,5829.0,5769.0,5779.0,425311,438945,5797.0,白糖,农产品,CZCE,SR0
2021-09-16,5819.0,5888.0,5810.0,5885.0,396787,404812,5868.0,白糖,农产品,CZCE,SR0
2021-09-17,5881.0,5894.0,5820.0,5846.0,324020,388069,5848.0,白糖,农产品,CZCE,SR0
2021-09-22,5801.0,5807.0,5755.0,5758.0,299759,423011,5772.0,白糖,农产品,CZCE,SR0
2021-09-23,5782.0,5795.0,5737.0,5752.0,291151,428355,5765.0,白糖,农产品,CZCE,SR0
2021-09-24,5752.0,5816.0,5751.0,5809.0,284604,421917,5782.0,白糖,农产品,CZCE,SR0
2021-09-27,5789.0,5796.0,5709.0,5793.0,450135,418810,5746.0,白糖,农产品,CZCE,SR0
2021-09-28,5765.0,5801.0,5715.0,5747.0,369364,418353,5757.0,白糖,农产品,CZCE,SR0
2021-09-29,5734.0,5796.0,5734.0,5781.0,314878,394931,5758.0,白糖,农产品,CZCE,SR0
2021-09-30,5787.0,5843.0,5746.0,5812.0,343082,362755,5790.0,白糖,农产品,CZCE,SR0
2021-10-08,5819.0,5900.0,5818.0,5874.0,273804,360736,5863.0,白糖,农产品,CZCE,SR0
2021-10-11,5883.0,5962.0,5850.0,5948.0,443851,391583,5917.0,白糖,农产品,CZCE,SR0
2021-10-12,5948.0,6025.0,5924.0,6020.0,505969,405902,5967.0,白糖,农产品,CZCE,SR0
2021-10-13,6005.0,6014.0,5870.0,5962.0,498953,390730,5968.0,白糖,农产品,CZCE,SR0
2021-10-14,5965.0,5995.0,5931.0,5970.0,347603,385999,5961.0,白糖,农产品,CZCE,SR0
2021-10-15,5945.0,5988.0,5934.0,5958.0,375511,391768,5954.0,白糖,农产品,CZCE,SR0
2021-10-18,5984.0,5999.0,5915.0,5944.0,450457,371118,5955.0,白糖,农产品,CZCE,SR0
2021-10-19,5933.0,5956.0,5874.0,5917.0,372408,363116,5911.0,白糖,农产品,CZCE,SR0
2021-10-20,5910.0,5926.0,5865.0,5901.0,372452,364235,5893.0,白糖,农产品,CZCE,SR0
2021-10-21,5902.0,6072.0,5885.0,5965.0,706214,395233,5979.0,白糖,农产品,CZCE,SR0
2021-10-22,5970.0,6037.0,5842.0,5865.0,748324,351229,5925.0,白糖,农产品,CZCE,SR0
2021-10-25,5871.0,5910.0,5851.0,5890.0,346155,347325,5882.0,白糖,农产品,CZCE,SR0
2021-10-26,5890.0,5943.0,5865.0,5929.0,369140,351188,5912.0,白糖,农产品,CZCE,SR0
2021-10-27,5933.0,6096.0,5922.0,6078.0,819426,398996,6019.0,白糖,农产品,CZCE,SR0
2021-10-28,6079.0,6080.0,5880.0,5953.0,661805,342167,6000.0,白糖,农产品,CZCE,SR0
2021-10-29,5963.0,5998.0,5951.0,5978.0,327593,344654,5971.0,白糖,农产品,CZCE,SR0
2021-11-01,5961.0,5961.0,5896.0,5925.0,372932,332633,5928.0,白糖,农产品,CZCE,SR0
2021-11-02,5950.0,6028.0,5950.0,5984.0,514040,336137,5990.0,白糖,农产品,CZCE,SR0
2021-11-03,5998.0,6008.0,5933.0,5941.0,367761,335003,5963.0,白糖,农产品,CZCE,SR0
2021-11-04,5935.0,5974.0,5912.0,5945.0,343557,324282,5938.0,白糖,农产品,CZCE,SR0
2021-11-05,5990.0,6023.0,5956.0,6002.0,481468,337049,5986.0,白糖,农产品,CZCE,SR0
2021-11-08,6005.0,6117.0,5965.0,6086.0,669673,388384,6056.0,白糖,农产品,CZCE,SR0
2021-11-09,6084.0,6125.0,6036.0,6124.0,474451,408922,6076.0,白糖,农产品,CZCE,SR0
2021-11-10,6125.0,6137.0,6063.0,6132.0,504877,417830,6100.0,白糖,农产品,CZCE,SR0
2021-11-11,6106.0,6112.0,6021.0,6045.0,473620,382621,6060.0,白糖,农产品,CZCE,SR0
2021-11-12,6045.0,6121.0,6033.0,6108.0,405582,391389,6085.0,白糖,农产品,CZCE,SR0
2021-11-15,6090.0,6157.0,6061.0,6075.0,505189,383274,6105.0,白糖,农产品,CZCE,SR0
2021-11-16,6076.0,6115.0,6043.0,6058.0,400857,355648,6078.0,白糖,农产品,CZCE,SR0
2021-11-17,6076.0,6094.0,6035.0,6079.0,376964,353561,6072.0,白糖,农产品,CZCE,SR0
2021-11-18,6102.0,6153.0,6091.0,6141.0,447549,385714,6128.0,白糖,农产品,CZCE,SR0
2021-11-19,6157.0,6167.0,6052.0,6069.0,452828,362157,6089.0,白糖,农产品,CZCE,SR0
2021-11-22,6042.0,6075.0,6022.0,6067.0,330651,349392,6046.0,白糖,农产品,CZCE,SR0
2021-11-23,6041.0,6064.0,6025.0,6037.0,308492,334432,6045.0,白糖,农产品,CZCE,SR0
2021-11-24,6034.0,6034.0,5981.0,5992.0,348111,314463,6003.0,白糖,农产品,CZCE,SR0
2021-11-25,5992.0,5995.0,5968.0,5985.0,196088,305711,5980.0,白糖,农产品,CZCE,SR0
2021-11-26,5980.0,5995.0,5925.0,5931.0,302163,291111,5961.0,白糖,农产品,CZCE,SR0
2021-11-29,5900.0,5942.0,5886.0,5927.0,267537,274296,5916.0,白糖,农产品,CZCE,SR0
2021-11-30,5938.0,5951.0,5873.0,5889.0,280459,253212,5909.0,白糖,农产品,CZCE,SR0
2021-12-01,5880.0,5897.0,5809.0,5856.0,324349,236328,5849.0,白糖,农产品,CZCE,SR0
2021-12-02,5856.0,5869.0,5797.0,5800.0,215845,227184,5831.0,白糖,农产品,CZCE,SR0
2021-12-03,5811.0,5818.0,5786.0,5811.0,236838,211260,5802.0,白糖,农产品,CZCE,SR0
2021-12-06,5821.0,5847.0,5771.0,5822.0,265207,177314,5811.0,白糖,农产品,CZCE,SR0
2021-12-07,5828.0,5848.0,5812.0,5827.0,161123,164638,5831.0,白糖,农产品,CZCE,SR0
2021-12-08,5901.0,5915.0,5866.0,5889.0,255650,320052,5890.0,白糖,农产品,CZCE,SR0
2021-12-09,5897.0,5942.0,5872.0,5920.0,369730,336076,5903.0,白糖,农产品,CZCE,SR0
2021-12-10,5906.0,5906.0,5773.0,5776.0,485075,384194,5826.0,白糖,农产品,CZCE,SR0
2021-12-13,5787.0,5883.0,5787.0,5845.0,412647,368370,5846.0,白糖,农产品,CZCE,SR0
2021-12-14,5841.0,5841.0,5792.0,5802.0,276017,376849,5815.0,白糖,农产品,CZCE,SR0
2021-12-15,5802.0,5821.0,5786.0,5791.0,233403,393448,5800.0,白糖,农产品,CZCE,SR0
2021-12-16,5779.0,5783.0,5736.0,5780.0,359011,412542,5756.0,白糖,农产品,CZCE,SR0
2021-12-17,5788.0,5832.0,5769.0,5812.0,327050,408582,5801.0,白糖,农产品,CZCE,SR0
2021-12-20,5790.0,5810.0,5701.0,5705.0,406048,444734,5756.0,白糖,农产品,CZCE,SR0
2021-12-21,5700.0,5725.0,5673.0,5705.0,332199,460923,5694.0,白糖,农产品,CZCE,SR0
2021-12-22,5706.0,5751.0,5700.0,5727.0,251322,444741,5729.0,白糖,农产品,CZCE,SR0
2021-12-23,5730.0,5767.0,5724.0,5744.0,279986,435624,5749.0,白糖,农产品,CZCE,SR0
2021-12-24,5744.0,5769.0,5736.0,5748.0,228278,431515,5753.0,白糖,农产品,CZCE,SR0
2021-12-27,5741.0,5791.0,5702.0,5758.0,410334,429324,5754.0,白糖,农产品,CZCE,SR0
2021-12-28,5758.0,5797.0,5737.0,5766.0,327374,434909,5773.0,白糖,农产品,CZCE,SR0
2021-12-29,5765.0,5776.0,5731.0,5748.0,261162,449545,5751.0,白糖,农产品,CZCE,SR0
2021-12-30,5747.0,5748.0,5720.0,5744.0,270019,455508,5730.0,白糖,农产品,CZCE,SR0
2021-12-31,5745.0,5783.0,5731.0,5777.0,338111,435654,5759.0,白糖,农产品,CZCE,SR0
2022-01-04,5770.0,5838.0,5752.0,5804.0,256302,430825,5797.0,白糖,农产品,CZCE,SR0
2022-01-05,5804.0,5820.0,5769.0,5783.0,286837,430316,5798.0,白糖,农产品,CZCE,SR0
2022-01-06,5781.0,5796.0,5686.0,5711.0,425104,463208,5741.0,白糖,农产品,CZCE,SR0
2022-01-07,5722.0,5734.0,5686.0,5723.0,297177,476057,5710.0,白糖,农产品,CZCE,SR0
2022-01-10,5723.0,5749.0,5679.0,5745.0,348998,476870,5715.0,白糖,农产品,CZCE,SR0
2022-01-11,5716.0,5752.0,5697.0,5745.0,337852,461197,5729.0,白糖,农产品,CZCE,SR0
2022-01-12,5770.0,5799.0,5753.0,5798.0,321304,447146,5778.0,白糖,农产品,CZCE,SR0
2022-01-13,5804.0,5819.0,5796.0,5805.0,247066,434566,5809.0,白糖,农产品,CZCE,SR0
2022-01-14,5800.0,5830.0,5783.0,5823.0,289737,436939,5815.0,白糖,农产品,CZCE,SR0
2022-01-17,5820.0,5850.0,5807.0,5827.0,313740,427525,5828.0,白糖,农产品,CZCE,SR0
2022-01-18,5827.0,5830.0,5782.0,5828.0,270707,419210,5807.0,白糖,农产品,CZCE,SR0
2022-01-19,5844.0,5859.0,5824.0,5828.0,272088,421464,5837.0,白糖,农产品,CZCE,SR0
2022-01-20,5838.0,5878.0,5833.0,5868.0,320692,420289,5857.0,白糖,农产品,CZCE,SR0
2022-01-21,5862.0,5864.0,5794.0,5807.0,343021,422014,5819.0,白糖,农产品,CZCE,SR0
2022-01-24,5807.0,5822.0,5788.0,5805.0,254078,419060,5807.0,白糖,农产品,CZCE,SR0
2022-01-25,5788.0,5790.0,5750.0,5761.0,303441,413718,5766.0,白糖,农产品,CZCE,SR0
2022-01-26,5761.0,5761.0,5720.0,5722.0,259621,427425,5739.0,白糖,农产品,CZCE,SR0
2022-01-27,5722.0,5729.0,5688.0,5692.0,273955,440410,5709.0,白糖,农产品,CZCE,SR0
2022-01-28,5692.0,5726.0,5655.0,5706.0,328013,425294,5688.0,白糖,农产品,CZCE,SR0
2022-02-07,5706.0,5730.0,5664.0,5666.0,227609,467323,5695.0,白糖,农产品,CZCE,SR0
2022-02-08,5666.0,5734.0,5664.0,5720.0,320327,481045,5703.0,白糖,农产品,CZCE,SR0
2022-02-09,5701.0,5741.0,5685.0,5716.0,320653,485358,5716.0,白糖,农产品,CZCE,SR0
2022-02-10,5740.0,5783.0,5727.0,5779.0,333737,482326,5752.0,白糖,农产品,CZCE,SR0
2022-02-11,5779.0,5792.0,5696.0,5699.0,413413,470077,5747.0,白糖,农产品,CZCE,SR0
2022-02-14,5708.0,5739.0,5707.0,5731.0,240789,465159,5726.0,白糖,农产品,CZCE,SR0
2022-02-15,5726.0,5746.0,5695.0,5720.0,329016,464324,5717.0,白糖,农产品,CZCE,SR0
2022-02-16,5721.0,5730.0,5698.0,5723.0,215751,462203,5717.0,白糖,农产品,CZCE,SR0
2022-02-17,5723.0,5728.0,5684.0,5686.0,343098,473826,5704.0,白糖,农产品,CZCE,SR0
2022-02-18,5700.0,5722.0,5678.0,5703.0,302423,462381,5701.0,白糖,农产品,CZCE,SR0
2022-02-21,5713.0,5725.0,5675.0,5692.0,322245,471575,5700.0,白糖,农产品,CZCE,SR0
2022-02-22,5692.0,5732.0,5682.0,5720.0,307799,451936,5707.0,白糖,农产品,CZCE,SR0
2022-02-23,5725.0,5749.0,5723.0,5748.0,274152,448556,5737.0,白糖,农产品,CZCE,SR0
2022-02-24,5748.0,5780.0,5732.0,5772.0,295540,441592,5756.0,白糖,农产品,CZCE,SR0
2022-02-25,5772.0,5803.0,5731.0,5754.0,357869,427855,5763.0,白糖,农产品,CZCE,SR0
2022-02-28,5754.0,5759.0,5689.0,5696.0,343022,435471,5711.0,白糖,农产品,CZCE,SR0
2022-03-01,5703.0,5707.0,5682.0,5702.0,240975,450756,5694.0,白糖,农产品,CZCE,SR0
2022-03-02,5705.0,5791.0,5703.0,5787.0,456739,424812,5751.0,白糖,农产品,CZCE,SR0
2022-03-03,5786.0,5837.0,5775.0,5825.0,413207,412115,5805.0,白糖,农产品,CZCE,SR0
2022-03-04,5824.0,5827.0,5761.0,5795.0,401268,399246,5799.0,白糖,农产品,CZCE,SR0
2022-03-07,5822.0,5917.0,5802.0,5910.0,499939,416717,5866.0,白糖,农产品,CZCE,SR0
2022-03-08,5888.0,5905.0,5805.0,5869.0,454184,397240,5856.0,白糖,农产品,CZCE,SR0
2022-03-09,5886.0,5920.0,5850.0,5899.0,386510,388300,5884.0,白糖,农产品,CZCE,SR0
2022-03-10,5850.0,5866.0,5815.0,5850.0,316743,376239,5841.0,白糖,农产品,CZCE,SR0
2022-03-11,5872.0,5895.0,5843.0,5859.0,255432,366059,5869.0,白糖,农产品,CZCE,SR0
2022-03-14,5844.0,5888.0,5825.0,5870.0,304017,370736,5859.0,白糖,农产品,CZCE,SR0
2022-03-15,5865.0,5890.0,5780.0,5785.0,389048,334003,5833.0,白糖,农产品,CZCE,SR0
2022-03-16,5775.0,5790.0,5737.0,5788.0,271042,317800,5768.0,白糖,农产品,CZCE,SR0
2022-03-17,5784.0,5797.0,5755.0,5768.0,198182,314456,5772.0,白糖,农产品,CZCE,SR0
2022-03-18,5788.0,5799.0,5772.0,5787.0,172383,309540,5785.0,白糖,农产品,CZCE,SR0
2022-03-21,5780.0,5813.0,5753.0,5809.0,228057,299755,5785.0,白糖,农产品,CZCE,SR0
2022-03-22,5825.0,5827.0,5793.0,5819.0,172580,296732,5811.0,白糖,农产品,CZCE,SR0
2022-03-23,5818.0,5820.0,5770.0,5787.0,203669,288642,5789.0,白糖,农产品,CZCE,SR0
2022-03-24,5790.0,5826.0,5775.0,5775.0,250631,286573,5804.0,白糖,农产品,CZCE,SR0
2022-03-25,5807.0,5817.0,5776.0,5810.0,238115,282383,5798.0,白糖,农产品,CZCE,SR0
2022-03-28,5813.0,5876.0,5813.0,5849.0,283155,276138,5849.0,白糖,农产品,CZCE,SR0
2022-03-29,5842.0,5867.0,5817.0,5866.0,211275,262170,5836.0,白糖,农产品,CZCE,SR0
2022-03-30,5806.0,5829.0,5786.0,5817.0,234373,242885,5805.0,白糖,农产品,CZCE,SR0
2022-03-31,5829.0,5839.0,5793.0,5799.0,179071,229179,5814.0,白糖,农产品,CZCE,SR0
2022-04-01,5806.0,5819.0,5790.0,5792.0,142453,212556,5805.0,白糖,农产品,CZCE,SR0
2022-04-06,5820.0,5885.0,5805.0,5876.0,183809,197982,5861.0,白糖,农产品,CZCE,SR0
2022-04-07,5851.0,5882.0,5851.0,5863.0,140147,178515,5867.0,白糖,农产品,CZCE,SR0
2022-04-08,5882.0,5950.0,5873.0,5927.0,232636,169041,5910.0,白糖,农产品,CZCE,SR0
2022-04-11,6032.0,6053.0,6013.0,6017.0,349540,360451,6034.0,白糖,农产品,CZCE,SR0
2022-04-12,6019.0,6050.0,5996.0,6048.0,251748,376972,6022.0,白糖,农产品,CZCE,SR0
2022-04-13,6030.0,6036.0,6009.0,6020.0,234241,385210,6020.0,白糖,农产品,CZCE,SR0
2022-04-14,6045.0,6070.0,6016.0,6040.0,279917,398445,6039.0,白糖,农产品,CZCE,SR0
2022-04-15,6036.0,6067.0,6025.0,6065.0,271277,423985,6050.0,白糖,农产品,CZCE,SR0
2022-04-18,6060.0,6088.0,6033.0,6039.0,260812,422344,6060.0,白糖,农产品,CZCE,SR0
2022-04-19,6039.0,6096.0,6035.0,6070.0,255429,439605,6072.0,白糖,农产品,CZCE,SR0
2022-04-20,6041.0,6041.0,6002.0,6022.0,295629,423015,6016.0,白糖,农产品,CZCE,SR0
2022-04-21,6036.0,6037.0,6001.0,6006.0,190478,417476,6016.0,白糖,农产品,CZCE,SR0
2022-04-22,6007.0,6047.0,6006.0,6012.0,230765,406475,6027.0,白糖,农产品,CZCE,SR0
2022-04-25,5990.0,5993.0,5894.0,5909.0,408460,380198,5941.0,白糖,农产品,CZCE,SR0
2022-04-26,5890.0,5913.0,5876.0,5889.0,261112,384365,5894.0,白糖,农产品,CZCE,SR0
2022-04-27,5900.0,5918.0,5857.0,5866.0,283721,397008,5887.0,白糖,农产品,CZCE,SR0
2022-04-28,5887.0,5896.0,5866.0,5867.0,197951,396070,5881.0,白糖,农产品,CZCE,SR0
2022-04-29,5860.0,5902.0,5828.0,5876.0,265566,398217,5869.0,白糖,农产品,CZCE,SR0
2022-05-05,5846.0,5897.0,5835.0,5891.0,161819,409496,5871.0,白糖,农产品,CZCE,SR0
2022-05-06,5898.0,5899.0,5845.0,5847.0,252811,439722,5870.0,白糖,农产品,CZCE,SR0
2022-05-09,5847.0,5883.0,5834.0,5860.0,250106,446912,5861.0,白糖,农产品,CZCE,SR0
2022-05-10,5847.0,5847.0,5805.0,5819.0,314803,469335,5818.0,白糖,农产品,CZCE,SR0
2022-05-11,5831.0,5843.0,5802.0,5838.0,220881,482444,5823.0,白糖,农产品,CZCE,SR0
2022-05-12,5827.0,5838.0,5793.0,5808.0,267708,498523,5814.0,白糖,农产品,CZCE,SR0
2022-05-13,5790.0,5828.0,5787.0,5812.0,188369,496079,5807.0,白糖,农产品,CZCE,SR0
2022-05-16,5828.0,5921.0,5823.0,5917.0,343652,449339,5882.0,白糖,农产品,CZCE,SR0
2022-05-17,5922.0,5955.0,5916.0,5935.0,252242,415682,5939.0,白糖,农产品,CZCE,SR0
2022-05-18,5945.0,5962.0,5940.0,5943.0,211891,409854,5951.0,白糖,农产品,CZCE,SR0
2022-05-19,5944.0,5961.0,5910.0,5957.0,247960,395832,5938.0,白糖,农产品,CZCE,SR0
2022-05-20,5929.0,5982.0,5917.0,5977.0,265604,390673,5953.0,白糖,农产品,CZCE,SR0
2022-05-23,5983.0,5998.0,5970.0,5995.0,210489,385922,5982.0,白糖,农产品,CZCE,SR0
2022-05-24,5995.0,6000.0,5968.0,5990.0,229889,375338,5985.0,白糖,农产品,CZCE,SR0
2022-05-25,6010.0,6019.0,5981.0,6016.0,254149,378257,6003.0,白糖,农产品,CZCE,SR0
2022-05-26,5999.0,6030.0,5987.0,6030.0,238902,380885,6011.0,白糖,农产品,CZCE,SR0
2022-05-27,6009.0,6052.0,6005.0,6047.0,247517,391946,6031.0,白糖,农产品,CZCE,SR0
2022-05-30,6047.0,6062.0,6023.0,6026.0,242520,388507,6039.0,白糖,农产品,CZCE,SR0
2022-05-31,6021.0,6094.0,6021.0,6088.0,281792,398751,6070.0,白糖,农产品,CZCE,SR0
2022-06-01,6069.0,6082.0,6045.0,6078.0,218409,401324,6065.0,白糖,农产品,CZCE,SR0
2022-06-02,6091.0,6116.0,6051.0,6090.0,311401,406850,6089.0,白糖,农产品,CZCE,SR0
2022-06-06,6097.0,6110.0,6073.0,6080.0,135947,411616,6085.0,白糖,农产品,CZCE,SR0
2022-06-07,6102.0,6129.0,6085.0,6089.0,256994,419231,6112.0,白糖,农产品,CZCE,SR0
2022-06-08,6065.0,6076.0,6030.0,6035.0,262049,414649,6045.0,白糖,农产品,CZCE,SR0
2022-06-09,6046.0,6071.0,6045.0,6057.0,179394,408489,6058.0,白糖,农产品,CZCE,SR0
2022-06-10,6056.0,6126.0,6051.0,6101.0,305416,426259,6102.0,白糖,农产品,CZCE,SR0
2022-06-13,6072.0,6076.0,6000.0,6001.0,326487,397274,6032.0,白糖,农产品,CZCE,SR0
2022-06-14,6014.0,6020.0,5983.0,6000.0,217773,386287,5997.0,白糖,农产品,CZCE,SR0
2022-06-15,6002.0,6025.0,5991.0,5995.0,207698,386954,6004.0,白糖,农产品,CZCE,SR0
2022-06-16,5980.0,5989.0,5938.0,5944.0,271831,388641,5967.0,白糖,农产品,CZCE,SR0
2022-06-17,5950.0,5958.0,5927.0,5934.0,214547,388352,5939.0,白糖,农产品,CZCE,SR0
2022-06-20,5950.0,5954.0,5907.0,5916.0,240073,383377,5928.0,白糖,农产品,CZCE,SR0
2022-06-21,5904.0,5930.0,5899.0,5919.0,199521,384806,5914.0,白糖,农产品,CZCE,SR0
2022-06-22,5928.0,5935.0,5856.0,5868.0,317268,397102,5891.0,白糖,农产品,CZCE,SR0
2022-06-23,5858.0,5879.0,5826.0,5868.0,270250,405161,5856.0,白糖,农产品,CZCE,SR0
2022-06-24,5862.0,5879.0,5818.0,5847.0,255137,410278,5853.0,白糖,农产品,CZCE,SR0
2022-06-27,5838.0,5873.0,5808.0,5855.0,235162,413983,5845.0,白糖,农产品,CZCE,SR0
2022-06-28,5849.0,5887.0,5825.0,5876.0,254779,426649,5851.0,白糖,农产品,CZCE,SR0
2022-06-29,5887.0,5895.0,5823.0,5846.0,239893,436510,5856.0,白糖,农产品,CZCE,SR0
2022-06-30,5854.0,5864.0,5835.0,5842.0,167166,436887,5850.0,白糖,农产品,CZCE,SR0
2022-07-01,5850.0,5856.0,5792.0,5805.0,291260,456491,5823.0,白糖,农产品,CZCE,SR0
2022-07-04,5806.0,5844.0,5755.0,5813.0,303738,451265,5806.0,白糖,农产品,CZCE,SR0
2022-07-05,5826.0,5831.0,5772.0,5795.0,209829,458067,5800.0,白糖,农产品,CZCE,SR0
2022-07-06,5793.0,5793.0,5685.0,5729.0,371726,464585,5726.0,白糖,农产品,CZCE,SR0
2022-07-07,5736.0,5753.0,5711.0,5745.0,224012,465482,5736.0,白糖,农产品,CZCE,SR0
2022-07-08,5771.0,5794.0,5759.0,5775.0,223621,450689,5774.0,白糖,农产品,CZCE,SR0
2022-07-11,5791.0,5831.0,5773.0,5783.0,266785,436417,5803.0,白糖,农产品,CZCE,SR0
2022-07-12,5780.0,5813.0,5765.0,5776.0,213029,430525,5789.0,白糖,农产品,CZCE,SR0
2022-07-13,5753.0,5806.0,5692.0,5803.0,335786,433980,5748.0,白糖,农产品,CZCE,SR0
2022-07-14,5795.0,5826.0,5766.0,5766.0,248482,425995,5801.0,白糖,农产品,CZCE,SR0
2022-07-15,5758.0,5794.0,5725.0,5762.0,267315,420038,5754.0,白糖,农产品,CZCE,SR0
2022-07-18,5776.0,5846.0,5773.0,5844.0,278014,398682,5817.0,白糖,农产品,CZCE,SR0
2022-07-19,5846.0,5869.0,5821.0,5830.0,222067,386310,5847.0,白糖,农产品,CZCE,SR0
2022-07-20,5800.0,5805.0,5754.0,5782.0,275986,395547,5780.0,白糖,农产品,CZCE,SR0
2022-07-21,5780.0,5803.0,5756.0,5763.0,171818,401791,5776.0,白糖,农产品,CZCE,SR0
2022-07-22,5750.0,5793.0,5743.0,5768.0,224158,386809,5770.0,白糖,农产品,CZCE,SR0
2022-07-25,5748.0,5756.0,5621.0,5662.0,454102,407546,5663.0,白糖,农产品,CZCE,SR0
2022-07-26,5660.0,5693.0,5614.0,5688.0,292152,395868,5653.0,白糖,农产品,CZCE,SR0
2022-07-27,5688.0,5737.0,5665.0,5735.0,267995,368554,5700.0,白糖,农产品,CZCE,SR0
2022-07-28,5718.0,5810.0,5714.0,5807.0,256601,330652,5758.0,白糖,农产品,CZCE,SR0
2022-07-29,5809.0,5825.0,5794.0,5805.0,182821,315408,5809.0,白糖,农产品,CZCE,SR0
2022-08-01,5803.0,5803.0,5754.0,5767.0,158822,305070,5777.0,白糖,农产品,CZCE,SR0
2022-08-02,5750.0,5793.0,5706.0,5716.0,231220,287532,5738.0,白糖,农产品,CZCE,SR0
2022-08-03,5700.0,5721.0,5615.0,5617.0,279553,272580,5665.0,白糖,农产品,CZCE,SR0
2022-08-04,5659.0,5665.0,5587.0,5600.0,225484,274458,5616.0,白糖,农产品,CZCE,SR0
2022-08-05,5600.0,5623.0,5560.0,5592.0,154625,267171,5589.0,白糖,农产品,CZCE,SR0
2022-08-08,5600.0,5634.0,5568.0,5617.0,136895,255798,5612.0,白糖,农产品,CZCE,SR0
2022-08-09,5610.0,5645.0,5591.0,5593.0,138266,246875,5617.0,白糖,农产品,CZCE,SR0
2022-08-10,5586.0,5618.0,5575.0,5599.0,168716,211832,5601.0,白糖,农产品,CZCE,SR0
2022-08-11,5622.0,5672.0,5599.0,5661.0,153113,167911,5632.0,白糖,农产品,CZCE,SR0
2022-08-12,5597.0,5626.0,5585.0,5608.0,185249,372848,5601.0,白糖,农产品,CZCE,SR0
2022-08-15,5602.0,5620.0,5576.0,5577.0,183121,395243,5603.0,白糖,农产品,CZCE,SR0
2022-08-16,5567.0,5605.0,5555.0,5578.0,183707,408915,5583.0,白糖,农产品,CZCE,SR0
2022-08-17,5583.0,5607.0,5543.0,5558.0,259399,422289,5575.0,白糖,农产品,CZCE,SR0
2022-08-18,5550.0,5562.0,5515.0,5517.0,233816,455149,5541.0,白糖,农产品,CZCE,SR0
2022-08-19,5516.0,5523.0,5476.0,5484.0,224745,469495,5498.0,白糖,农产品,CZCE,SR0
2022-08-22,5490.0,5546.0,5484.0,5528.0,215519,463019,5523.0,白糖,农产品,CZCE,SR0
2022-08-23,5519.0,5532.0,5481.0,5529.0,216013,470308,5508.0,白糖,农产品,CZCE,SR0
2022-08-24,5522.0,5543.0,5499.0,5513.0,182713,474310,5523.0,白糖,农产品,CZCE,SR0
2022-08-25,5525.0,5541.0,5490.0,5493.0,191311,485987,5515.0,白糖,农产品,CZCE,SR0
2022-08-26,5483.0,5537.0,5472.0,5525.0,253701,470370,5502.0,白糖,农产品,CZCE,SR0
2022-08-29,5543.0,5575.0,5536.0,5548.0,275988,453331,5557.0,白糖,农产品,CZCE,SR0
2022-08-30,5548.0,5554.0,5493.0,5498.0,237740,470990,5524.0,白糖,农产品,CZCE,SR0
2022-08-31,5494.0,5533.0,5488.0,5532.0,219490,467861,5505.0,白糖,农产品,CZCE,SR0
2022-09-01,5514.0,5540.0,5491.0,5494.0,216676,469585,5512.0,白糖,农产品,CZCE,SR0
2022-09-02,5490.0,5505.0,5457.0,5494.0,273223,469191,5487.0,白糖,农产品,CZCE,SR0
2022-09-05,5512.0,5537.0,5492.0,5519.0,280220,464034,5517.0,白糖,农产品,CZCE,SR0
2022-09-06,5520.0,5541.0,5506.0,5525.0,271672,465893,5522.0,白糖,农产品,CZCE,SR0
2022-09-07,5522.0,5532.0,5478.0,5486.0,274596,481497,5500.0,白糖,农产品,CZCE,SR0
2022-09-08,5505.0,5508.0,5471.0,5486.0,263381,485310,5491.0,白糖,农产品,CZCE,SR0
2022-09-09,5492.0,5531.0,5476.0,5529.0,256526,455088,5501.0,白糖,农产品,CZCE,SR0
2022-09-13,5539.0,5568.0,5535.0,5564.0,195132,441029,5554.0,白糖,农产品,CZCE,SR0
2022-09-14,5564.0,5586.0,5545.0,5583.0,223787,444725,5567.0,白糖,农产品,CZCE,SR0
2022-09-15,5583.0,5634.0,5583.0,5628.0,278899,445380,5615.0,白糖,农产品,CZCE,SR0
2022-09-16,5622.0,5642.0,5603.0,5611.0,242305,428939,5627.0,白糖,农产品,CZCE,SR0
2022-09-19,5605.0,5610.0,5583.0,5591.0,212107,419837,5596.0,白糖,农产品,CZCE,SR0
2022-09-20,5576.0,5605.0,5566.0,5586.0,178616,415834,5583.0,白糖,农产品,CZCE,SR0
2022-09-21,5596.0,5646.0,5574.0,5639.0,246650,419118,5618.0,白糖,农产品,CZCE,SR0
2022-09-22,5643.0,5646.0,5616.0,5638.0,159690,414655,5634.0,白糖,农产品,CZCE,SR0
2022-09-23,5647.0,5660.0,5620.0,5623.0,179694,412297,5640.0,白糖,农产品,CZCE,SR0
2022-09-26,5607.0,5607.0,5535.0,5539.0,291968,389454,5566.0,白糖,农产品,CZCE,SR0
2022-09-27,5564.0,5580.0,5525.0,5539.0,224340,389768,5549.0,白糖,农产品,CZCE,SR0
2022-09-28,5555.0,5559.0,5494.0,5496.0,201254,402310,5524.0,白糖,农产品,CZCE,SR0
2022-09-29,5505.0,5518.0,5481.0,5487.0,180623,407712,5503.0,白糖,农产品,CZCE,SR0
2022-09-30,5487.0,5491.0,5440.0,5442.0,266850,424562,5463.0,白糖,农产品,CZCE,SR0
2022-10-10,5539.0,5583.0,5508.0,5577.0,276084,395205,5551.0,白糖,农产品,CZCE,SR0
2022-10-11,5581.0,5600.0,5571.0,5580.0,207814,381667,5587.0,白糖,农产品,CZCE,SR0
2022-10-12,5580.0,5605.0,5575.0,5602.0,166260,373949,5592.0,白糖,农产品,CZCE,SR0
2022-10-13,5605.0,5609.0,5568.0,5583.0,170293,370013,5589.0,白糖,农产品,CZCE,SR0
2022-10-14,5568.0,5670.0,5562.0,5666.0,318290,391681,5632.0,白糖,农产品,CZCE,SR0
2022-10-17,5656.0,5674.0,5633.0,5664.0,209233,387719,5653.0,白糖,农产品,CZCE,SR0
2022-10-18,5661.0,5676.0,5636.0,5641.0,170082,386527,5654.0,白糖,农产品,CZCE,SR0
2022-10-19,5637.0,5666.0,5612.0,5646.0,198499,377541,5639.0,白糖,农产品,CZCE,SR0
2022-10-20,5630.0,5670.0,5624.0,5667.0,198210,387150,5653.0,白糖,农产品,CZCE,SR0
2022-10-21,5645.0,5663.0,5622.0,5640.0,203695,378112,5641.0,白糖,农产品,CZCE,SR0
2022-10-24,5649.0,5656.0,5570.0,5580.0,259807,362809,5612.0,白糖,农产品,CZCE,SR0
2022-10-25,5577.0,5598.0,5543.0,5549.0,199038,368283,5569.0,白糖,农产品,CZCE,SR0
2022-10-26,5547.0,5567.0,5524.0,5528.0,154728,376862,5544.0,白糖,农产品,CZCE,SR0
2022-10-27,5528.0,5532.0,5500.0,5511.0,162542,387813,5514.0,白糖,农产品,CZCE,SR0
2022-10-28,5514.0,5525.0,5480.0,5506.0,176774,396821,5499.0,白糖,农产品,CZCE,SR0
2022-10-31,5502.0,5538.0,5482.0,5511.0,200877,391069,5512.0,白糖,农产品,CZCE,SR0
2022-11-01,5525.0,5548.0,5505.0,5532.0,183081,390849,5529.0,白糖,农产品,CZCE,SR0
2022-11-02,5550.0,5594.0,5550.0,5582.0,216300,369552,5577.0,白糖,农产品,CZCE,SR0
2022-11-03,5573.0,5584.0,5523.0,5581.0,245269,359733,5555.0,白糖,农产品,CZCE,SR0
2022-11-04,5568.0,5607.0,5555.0,5602.0,199194,364009,5582.0,白糖,农产品,CZCE,SR0
2022-11-07,5618.0,5618.0,5562.0,5597.0,194426,357108,5595.0,白糖,农产品,CZCE,SR0
2022-11-08,5598.0,5608.0,5556.0,5562.0,179036,355494,5587.0,白糖,农产品,CZCE,SR0
2022-11-09,5578.0,5660.0,5571.0,5623.0,280849,366243,5620.0,白糖,农产品,CZCE,SR0
2022-11-10,5610.0,5667.0,5605.0,5647.0,227967,358997,5640.0,白糖,农产品,CZCE,SR0
2022-11-11,5650.0,5719.0,5644.0,5714.0,309469,363553,5689.0,白糖,农产品,CZCE,SR0
2022-11-14,5720.0,5750.0,5704.0,5708.0,273683,367285,5727.0,白糖,农产品,CZCE,SR0
2022-11-15,5711.0,5749.0,5708.0,5734.0,183269,371571,5733.0,白糖,农产品,CZCE,SR0
2022-11-16,5735.0,5776.0,5709.0,5760.0,254721,365383,5747.0,白糖,农产品,CZCE,SR0
2022-11-17,5764.0,5774.0,5747.0,5761.0,205529,371896,5762.0,白糖,农产品,CZCE,SR0
2022-11-18,5721.0,5727.0,5660.0,5672.0,305864,329264,5689.0,白糖,农产品,CZCE,SR0
2022-11-21,5680.0,5696.0,5664.0,5666.0,236576,313192,5679.0,白糖,农产品,CZCE,SR0
2022-11-22,5651.0,5660.0,5630.0,5636.0,184573,297217,5640.0,白糖,农产品,CZCE,SR0
2022-11-23,5637.0,5679.0,5637.0,5661.0,164075,285653,5662.0,白糖,农产品,CZCE,SR0
2022-11-24,5641.0,5646.0,5615.0,5616.0,166797,272021,5628.0,白糖,农产品,CZCE,SR0
2022-11-25,5618.0,5657.0,5618.0,5628.0,150734,265889,5638.0,白糖,农产品,CZCE,SR0
2022-11-28,5608.0,5636.0,5515.0,5528.0,317167,420565,5564.0,白糖,农产品,CZCE,SR0
2022-11-29,5520.0,5553.0,5496.0,5536.0,276463,434295,5530.0,白糖,农产品,CZCE,SR0
2022-11-30,5511.0,5549.0,5506.0,5524.0,226828,449817,5523.0,白糖,农产品,CZCE,SR0
2022-12-01,5545.0,5576.0,5524.0,5527.0,256069,454018,5547.0,白糖,农产品,CZCE,SR0
2022-12-02,5526.0,5533.0,5502.0,5520.0,248555,457444,5515.0,白糖,农产品,CZCE,SR0
2022-12-05,5515.0,5549.0,5508.0,5542.0,265427,449516,5528.0,白糖,农产品,CZCE,SR0
2022-12-06,5560.0,5578.0,5523.0,5534.0,245732,448803,5550.0,白糖,农产品,CZCE,SR0
2022-12-07,5532.0,5554.0,5508.0,5510.0,270108,461269,5528.0,白糖,农产品,CZCE,SR0
2022-12-08,5510.0,5542.0,5505.0,5524.0,225165,459241,5524.0,白糖,农产品,CZCE,SR0
2022-12-09,5539.0,5643.0,5533.0,5640.0,436893,428989,5584.0,白糖,农产品,CZCE,SR0
2022-12-12,5640.0,5690.0,5623.0,5673.0,330339,409505,5656.0,白糖,农产品,CZCE,SR0
2022-12-13,5670.0,5697.0,5652.0,5692.0,246487,410745,5674.0,白糖,农产品,CZCE,SR0
2022-12-14,5692.0,5736.0,5680.0,5696.0,327459,430514,5704.0,白糖,农产品,CZCE,SR0
2022-12-15,5704.0,5756.0,5703.0,5735.0,243310,443451,5731.0,白糖,农产品,CZCE,SR0
2022-12-16,5745.0,5775.0,5682.0,5719.0,324769,450282,5732.0,白糖,农产品,CZCE,SR0
2022-12-19,5710.0,5753.0,5691.0,5698.0,279482,448703,5719.0,白糖,农产品,CZCE,SR0
2022-12-20,5722.0,5734.0,5684.0,5720.0,238217,447392,5715.0,白糖,农产品,CZCE,SR0
2022-12-21,5722.0,5762.0,5721.0,5760.0,215436,459274,5746.0,白糖,农产品,CZCE,SR0
2022-12-22,5755.0,5762.0,5730.0,5753.0,202815,459435,5747.0,白糖,农产品,CZCE,SR0
2022-12-23,5754.0,5785.0,5704.0,5777.0,316761,477187,5746.0,白糖,农产品,CZCE,SR0
2022-12-26,5770.0,5800.0,5735.0,5766.0,285161,470229,5768.0,白糖,农产品,CZCE,SR0
2022-12-27,5766.0,5844.0,5765.0,5826.0,293960,483965,5814.0,白糖,农产品,CZCE,SR0
2022-12-28,5792.0,5805.0,5722.0,5731.0,314017,455921,5752.0,白糖,农产品,CZCE,SR0
2022-12-29,5736.0,5780.0,5735.0,5773.0,197233,459105,5758.0,白糖,农产品,CZCE,SR0
2022-12-30,5772.0,5800.0,5762.0,5783.0,173059,453102,5781.0,白糖,农产品,CZCE,SR0
2023-01-03,5756.0,5813.0,5750.0,5784.0,176651,460058,5785.0,白糖,农产品,CZCE,SR0
2023-01-04,5768.0,5770.0,5687.0,5698.0,286096,422517,5719.0,白糖,农产品,CZCE,SR0
2023-01-05,5710.0,5711.0,5652.0,5674.0,229883,407994,5673.0,白糖,农产品,CZCE,SR0
2023-01-06,5675.0,5681.0,5654.0,5667.0,169876,406934,5667.0,白糖,农产品,CZCE,SR0
2023-01-09,5655.0,5677.0,5645.0,5667.0,167099,404537,5660.0,白糖,农产品,CZCE,SR0
2023-01-10,5670.0,5682.0,5624.0,5626.0,183278,400989,5648.0,白糖,农产品,CZCE,SR0
2023-01-11,5640.0,5647.0,5610.0,5622.0,193213,391582,5629.0,白糖,农产品,CZCE,SR0
2023-01-12,5634.0,5657.0,5617.0,5625.0,190141,389984,5636.0,白糖,农产品,CZCE,SR0
2023-01-13,5625.0,5629.0,5591.0,5604.0,225981,388489,5609.0,白糖,农产品,CZCE,SR0
2023-01-16,5604.0,5643.0,5597.0,5624.0,200655,375435,5616.0,白糖,农产品,CZCE,SR0
2023-01-17,5619.0,5647.0,5616.0,5634.0,175699,363016,5632.0,白糖,农产品,CZCE,SR0
2023-01-18,5632.0,5694.0,5631.0,5675.0,223974,314584,5667.0,白糖,农产品,CZCE,SR0
2023-01-19,5688.0,5688.0,5645.0,5663.0,183367,280424,5664.0,白糖,农产品,CZCE,SR0
2023-01-20,5672.0,5715.0,5650.0,5708.0,196012,235023,5675.0,白糖,农产品,CZCE,SR0
2023-01-30,5820.0,5878.0,5812.0,5856.0,272747,206521,5854.0,白糖,农产品,CZCE,SR0
2023-01-31,5869.0,5889.0,5838.0,5864.0,292163,149183,5866.0,白糖,农产品,CZCE,SR0
2023-02-01,5893.0,5917.0,5870.0,5899.0,163269,123643,5893.0,白糖,农产品,CZCE,SR0
2023-02-02,5902.0,5914.0,5875.0,5882.0,228988,365340,5900.0,白糖,农产品,CZCE,SR0
2023-02-03,5900.0,5944.0,5898.0,5929.0,253993,386300,5925.0,白糖,农产品,CZCE,SR0
2023-02-06,5917.0,5923.0,5878.0,5905.0,237501,394948,5905.0,白糖,农产品,CZCE,SR0
2023-02-07,5900.0,5909.0,5870.0,5889.0,184966,404247,5885.0,白糖,农产品,CZCE,SR0
2023-02-08,5889.0,5942.0,5886.0,5916.0,221843,424045,5917.0,白糖,农产品,CZCE,SR0
2023-02-09,5920.0,5955.0,5914.0,5928.0,182858,436843,5930.0,白糖,农产品,CZCE,SR0
2023-02-10,5930.0,5976.0,5919.0,5939.0,293429,449900,5941.0,白糖,农产品,CZCE,SR0
2023-02-13,5931.0,5955.0,5916.0,5917.0,199095,454077,5938.0,白糖,农产品,CZCE,SR0
2023-02-14,5917.0,5930.0,5888.0,5928.0,238644,453289,5907.0,白糖,农产品,CZCE,SR0
2023-02-15,5931.0,5958.0,5902.0,5907.0,296971,453598,5936.0,白糖,农产品,CZCE,SR0
2023-02-16,5896.0,5928.0,5876.0,5917.0,256766,444536,5899.0,白糖,农产品,CZCE,SR0
2023-02-17,5925.0,5938.0,5884.0,5890.0,198453,443039,5909.0,白糖,农产品,CZCE,SR0
2023-02-20,5909.0,5956.0,5905.0,5944.0,238296,453263,5932.0,白糖,农产品,CZCE,SR0
2023-02-21,5944.0,5947.0,5918.0,5932.0,152933,441290,5932.0,白糖,农产品,CZCE,SR0
2023-02-22,5940.0,5995.0,5936.0,5968.0,280969,454829,5973.0,白糖,农产品,CZCE,SR0
2023-02-23,5971.0,5985.0,5938.0,5953.0,203851,444804,5965.0,白糖,农产品,CZCE,SR0
2023-02-24,5960.0,5989.0,5952.0,5966.0,190877,444454,5970.0,白糖,农产品,CZCE,SR0
2023-02-27,5947.0,5947.0,5890.0,5902.0,278915,422790,5913.0,白糖,农产品,CZCE,SR0
2023-02-28,5913.0,5965.0,5910.0,5949.0,234016,420396,5940.0,白糖,农产品,CZCE,SR0
2023-03-01,5939.0,5960.0,5921.0,5959.0,168093,413888,5938.0,白糖,农产品,CZCE,SR0
2023-03-02,5971.0,5998.0,5967.0,5990.0,256375,430690,5984.0,白糖,农产品,CZCE,SR0
2023-03-03,5980.0,6044.0,5976.0,6040.0,249094,467008,6007.0,白糖,农产品,CZCE,SR0
2023-03-06,6057.0,6134.0,6048.0,6127.0,372385,505267,6098.0,白糖,农产品,CZCE,SR0
2023-03-07,6117.0,6195.0,6113.0,6169.0,448088,528746,6162.0,白糖,农产品,CZCE,SR0
2023-03-08,6170.0,6215.0,6169.0,6186.0,394541,533932,6192.0,白糖,农产品,CZCE,SR0
2023-03-09,6180.0,6229.0,6179.0,6207.0,491598,544803,6205.0,白糖,农产品,CZCE,SR0
2023-03-10,6205.0,6343.0,6202.0,6315.0,822137,566403,6291.0,白糖,农产品,CZCE,SR0
2023-03-13,6302.0,6328.0,6255.0,6296.0,558834,543461,6289.0,白糖,农产品,CZCE,SR0
2023-03-14,6248.0,6319.0,6203.0,6253.0,534594,509307,6271.0,白糖,农产品,CZCE,SR0
2023-03-15,6257.0,6286.0,6186.0,6196.0,586375,457035,6230.0,白糖,农产品,CZCE,SR0
2023-03-16,6179.0,6182.0,6085.0,6114.0,538141,391719,6130.0,白糖,农产品,CZCE,SR0
2023-03-17,6116.0,6162.0,6095.0,6142.0,371307,370657,6131.0,白糖,农产品,CZCE,SR0
2023-03-20,6132.0,6205.0,6123.0,6132.0,354669,335295,6161.0,白糖,农产品,CZCE,SR0
2023-03-21,6132.0,6184.0,6129.0,6158.0,281337,321689,6161.0,白糖,农产品,CZCE,SR0
2023-03-22,6186.0,6196.0,6157.0,6172.0,233888,303299,6176.0,白糖,农产品,CZCE,SR0
2023-03-23,6220.0,6248.0,6189.0,6193.0,347007,283216,6222.0,白糖,农产品,CZCE,SR0
2023-03-24,6203.0,6209.0,6152.0,6188.0,271245,264173,6185.0,白糖,农产品,CZCE,SR0
2023-03-27,6184.0,6191.0,6140.0,6160.0,382773,445714,6172.0,白糖,农产品,CZCE,SR0
2023-03-28,6172.0,6228.0,6152.0,6209.0,396994,466148,6195.0,白糖,农产品,CZCE,SR0
2023-03-29,6220.0,6300.0,6214.0,6299.0,459344,503641,6263.0,白糖,农产品,CZCE,SR0
2023-03-30,6278.0,6384.0,6278.0,6381.0,600957,570121,6326.0,白糖,农产品,CZCE,SR0
2023-03-31,6442.0,6485.0,6417.0,6448.0,932310,621805,6452.0,白糖,农产品,CZCE,SR0
2023-04-03,6448.0,6612.0,6440.0,6493.0,887793,630627,6520.0,白糖,农产品,CZCE,SR0
2023-04-04,6490.0,6545.0,6389.0,6430.0,1137097,613002,6469.0,白糖,农产品,CZCE,SR0
2023-04-06,6502.0,6556.0,6471.0,6546.0,707233,638395,6501.0,白糖,农产品,CZCE,SR0
2023-04-07,6544.0,6723.0,6537.0,6719.0,1400001,718899,6650.0,白糖,农产品,CZCE,SR0
2023-04-10,6727.0,6790.0,6658.0,6676.0,1498340,698769,6729.0,白糖,农产品,CZCE,SR0
2023-04-11,6682.0,6742.0,6653.0,6722.0,1110269,723299,6700.0,白糖,农产品,CZCE,SR0
2023-04-12,6700.0,6778.0,6692.0,6758.0,1433545,719043,6736.0,白糖,农产品,CZCE,SR0
2023-04-13,6749.0,6749.0,6663.0,6696.0,1288239,699606,6697.0,白糖,农产品,CZCE,SR0
2023-04-14,6734.0,6775.0,6672.0,6707.0,1360259,708750,6719.0,白糖,农产品,CZCE,SR0
2023-04-17,6710.0,6825.0,6649.0,6819.0,1399075,779320,6735.0,白糖,农产品,CZCE,SR0
2023-04-18,6807.0,6843.0,6767.0,6829.0,1146161,770460,6812.0,白糖,农产品,CZCE,SR0
2023-04-19,6809.0,6881.0,6774.0,6787.0,1197389,742588,6811.0,白糖,农产品,CZCE,SR0
2023-04-20,6820.0,6828.0,6762.0,6781.0,936559,691559,6791.0,白糖,农产品,CZCE,SR0
2023-04-21,6800.0,6952.0,6776.0,6903.0,1411499,707627,6876.0,白糖,农产品,CZCE,SR0
2023-04-24,6882.0,6893.0,6733.0,6740.0,1394143,632041,6812.0,白糖,农产品,CZCE,SR0
2023-04-25,6772.0,6883.0,6742.0,6814.0,1028772,636272,6821.0,白糖,农产品,CZCE,SR0
2023-04-26,6802.0,6946.0,6778.0,6910.0,1424151,655704,6875.0,白糖,农产品,CZCE,SR0
2023-04-27,6893.0,6940.0,6867.0,6898.0,928198,626301,6903.0,白糖,农产品,CZCE,SR0
2023-04-28,7007.0,7037.0,6926.0,7035.0,1134687,622940,6981.0,白糖,农产品,CZCE,SR0
2023-05-04,6900.0,6936.0,6834.0,6907.0,793481,560103,6894.0,白糖,农产品,CZCE,SR0
2023-05-05,6920.0,6955.0,6833.0,6925.0,1036976,528327,6891.0,白糖,农产品,CZCE,SR0
2023-05-08,6942.0,7018.0,6931.0,6956.0,773059,518403,6968.0,白糖,农产品,CZCE,SR0
2023-05-09,6950.0,6962.0,6903.0,6906.0,742033,489945,6932.0,白糖,农产品,CZCE,SR0
2023-05-10,6928.0,6972.0,6883.0,6954.0,765374,472535,6926.0,白糖,农产品,CZCE,SR0
2023-05-11,6945.0,6985.0,6903.0,6952.0,852679,440975,6946.0,白糖,农产品,CZCE,SR0
2023-05-12,6922.0,6927.0,6788.0,6792.0,1109411,395218,6856.0,白糖,农产品,CZCE,SR0
2023-05-15,6810.0,6894.0,6770.0,6875.0,913663,382370,6828.0,白糖,农产品,CZCE,SR0
2023-05-16,6849.0,6888.0,6820.0,6871.0,495361,386528,6857.0,白糖,农产品,CZCE,SR0
2023-05-17,6888.0,6944.0,6846.0,6943.0,808088,410712,6898.0,白糖,农产品,CZCE,SR0
2023-05-18,6913.0,6989.0,6912.0,6968.0,530069,419558,6940.0,白糖,农产品,CZCE,SR0
2023-05-19,6942.0,6984.0,6906.0,6947.0,706469,407258,6952.0,白糖,农产品,CZCE,SR0
2023-05-22,6999.0,7156.0,6964.0,7129.0,947206,423300,7038.0,白糖,农产品,CZCE,SR0
2023-05-23,7113.0,7202.0,7112.0,7166.0,654890,419455,7170.0,白糖,农产品,CZCE,SR0
2023-05-24,7172.0,7187.0,7111.0,7121.0,521534,385010,7157.0,白糖,农产品,CZCE,SR0
2023-05-25,7110.0,7135.0,7008.0,7045.0,690530,342413,7073.0,白糖,农产品,CZCE,SR0
2023-05-26,6928.0,6935.0,6802.0,6866.0,1109775,591895,6858.0,白糖,农产品,CZCE,SR0
2023-05-29,6889.0,6955.0,6844.0,6918.0,739891,597815,6904.0,白糖,农产品,CZCE,SR0
2023-05-30,6918.0,6933.0,6830.0,6870.0,696011,587321,6882.0,白糖,农产品,CZCE,SR0
2023-05-31,6903.0,6918.0,6838.0,6878.0,626352,576896,6867.0,白糖,农产品,CZCE,SR0
2023-06-01,6850.0,6914.0,6819.0,6907.0,837265,563729,6866.0,白糖,农产品,CZCE,SR0
2023-06-02,6932.0,6943.0,6666.0,6750.0,1626488,565600,6761.0,白糖,农产品,CZCE,SR0
2023-06-05,6740.0,6812.0,6707.0,6777.0,937777,573814,6760.0,白糖,农产品,CZCE,SR0
2023-06-06,6761.0,6824.0,6715.0,6784.0,865242,563211,6756.0,白糖,农产品,CZCE,SR0
2023-06-07,6801.0,6886.0,6776.0,6856.0,772095,563959,6849.0,白糖,农产品,CZCE,SR0
2023-06-08,6866.0,6916.0,6833.0,6871.0,599252,551468,6869.0,白糖,农产品,CZCE,SR0
2023-06-09,6918.0,7009.0,6902.0,7006.0,798795,561407,6967.0,白糖,农产品,CZCE,SR0
2023-06-12,6985.0,7002.0,6945.0,6954.0,578445,547697,6974.0,白糖,农产品,CZCE,SR0
2023-06-13,6986.0,7007.0,6955.0,6969.0,574030,544613,6978.0,白糖,农产品,CZCE,SR0
2023-06-14,6953.0,6979.0,6898.0,6951.0,655867,545968,6942.0,白糖,农产品,CZCE,SR0
2023-06-15,6980.0,7022.0,6960.0,6984.0,558407,550158,6985.0,白糖,农产品,CZCE,SR0
2023-06-16,7010.0,7026.0,6931.0,6940.0,586574,537736,6972.0,白糖,农产品,CZCE,SR0
2023-06-19,6960.0,7000.0,6911.0,6918.0,527959,527907,6955.0,白糖,农产品,CZCE,SR0
2023-06-20,6918.0,6982.0,6916.0,6963.0,347394,522317,6958.0,白糖,农产品,CZCE,SR0
2023-06-21,6963.0,6971.0,6903.0,6957.0,441429,503651,6937.0,白糖,农产品,CZCE,SR0
2023-06-26,6845.0,6860.0,6782.0,6841.0,477239,486164,6815.0,白糖,农产品,CZCE,SR0
2023-06-27,6845.0,6887.0,6688.0,6692.0,671477,468259,6752.0,白糖,农产品,CZCE,SR0
2023-06-28,6648.0,6695.0,6630.0,6657.0,577487,478567,6660.0,白糖,农产品,CZCE,SR0
2023-06-29,6636.0,6684.0,6618.0,6661.0,455718,468728,6646.0,白糖,农产品,CZCE,SR0
2023-06-30,6649.0,6788.0,6635.0,6730.0,692831,440520,6703.0,白糖,农产品,CZCE,SR0
2023-07-03,6731.0,6835.0,6725.0,6832.0,449818,447741,6783.0,白糖,农产品,CZCE,SR0
2023-07-04,6835.0,6847.0,6784.0,6784.0,337757,442612,6814.0,白糖,农产品,CZCE,SR0
2023-07-05,6791.0,6805.0,6740.0,6780.0,367750,440987,6769.0,白糖,农产品,CZCE,SR0
2023-07-06,6800.0,6825.0,6769.0,6770.0,298993,441485,6800.0,白糖,农产品,CZCE,SR0
2023-07-07,6758.0,6788.0,6731.0,6733.0,322603,437672,6759.0,白糖,农产品,CZCE,SR0
2023-07-10,6759.0,6806.0,6737.0,6738.0,338636,433627,6769.0,白糖,农产品,CZCE,SR0
2023-07-11,6723.0,6772.0,6713.0,6768.0,310722,426636,6739.0,白糖,农产品,CZCE,SR0
2023-07-12,6765.0,6814.0,6756.0,6796.0,302853,422719,6785.0,白糖,农产品,CZCE,SR0
2023-07-13,6790.0,6899.0,6782.0,6886.0,432756,427710,6847.0,白糖,农产品,CZCE,SR0
2023-07-14,6885.0,6927.0,6863.0,6915.0,315613,420460,6896.0,白糖,农产品,CZCE,SR0
2023-07-17,6933.0,6962.0,6878.0,6882.0,310032,418058,6921.0,白糖,农产品,CZCE,SR0
2023-07-18,6860.0,6886.0,6827.0,6875.0,254482,399074,6855.0,白糖,农产品,CZCE,SR0
2023-07-19,6875.0,6895.0,6834.0,6877.0,228871,392947,6865.0,白糖,农产品,CZCE,SR0
2023-07-20,6892.0,6914.0,6853.0,6856.0,242655,388442,6881.0,白糖,农产品,CZCE,SR0
2023-07-21,6871.0,6903.0,6782.0,6784.0,334635,373138,6840.0,白糖,农产品,CZCE,SR0
2023-07-24,6784.0,6899.0,6783.0,6826.0,388923,360750,6845.0,白糖,农产品,CZCE,SR0
2023-07-25,6837.0,6856.0,6811.0,6826.0,281793,349880,6829.0,白糖,农产品,CZCE,SR0
2023-07-26,6815.0,6885.0,6786.0,6872.0,327543,342268,6843.0,白糖,农产品,CZCE,SR0
2023-07-27,6868.0,6872.0,6825.0,6827.0,238051,329246,6847.0,白糖,农产品,CZCE,SR0
2023-07-28,6814.0,6841.0,6786.0,6807.0,242759,312342,6811.0,白糖,农产品,CZCE,SR0
2023-07-31,6780.0,6814.0,6690.0,6714.0,355283,289347,6746.0,白糖,农产品,CZCE,SR0
2023-08-01,6730.0,6777.0,6711.0,6739.0,191884,266442,6743.0,白糖,农产品,CZCE,SR0
2023-08-02,6632.0,6675.0,6615.0,6665.0,310760,410780,6652.0,白糖,农产品,CZCE,SR0
2023-08-03,6665.0,6688.0,6635.0,6654.0,369989,428867,6663.0,白糖,农产品,CZCE,SR0
2023-08-04,6638.0,6695.0,6606.0,6682.0,441257,447623,6656.0,白糖,农产品,CZCE,SR0
2023-08-07,6660.0,6696.0,6630.0,6662.0,385229,445813,6662.0,白糖,农产品,CZCE,SR0
2023-08-08,6671.0,6768.0,6670.0,6731.0,599061,501472,6742.0,白糖,农产品,CZCE,SR0
2023-08-09,6716.0,6885.0,6715.0,6877.0,742484,613287,6800.0,白糖,农产品,CZCE,SR0
2023-08-10,6878.0,6902.0,6863.0,6889.0,474598,642367,6884.0,白糖,农产品,CZCE,SR0
2023-08-11,6900.0,6935.0,6856.0,6910.0,648945,660903,6898.0,白糖,农产品,CZCE,SR0
2023-08-14,6917.0,6923.0,6865.0,6881.0,479191,642640,6892.0,白糖,农产品,CZCE,SR0
2023-08-15,6877.0,6885.0,6836.0,6844.0,465477,616966,6861.0,白糖,农产品,CZCE,SR0
2023-08-16,6844.0,6866.0,6824.0,6844.0,335033,607126,6846.0,白糖,农产品,CZCE,SR0
2023-08-17,6852.0,6917.0,6849.0,6880.0,519340,617263,6884.0,白糖,农产品,CZCE,SR0
2023-08-18,6900.0,6910.0,6870.0,6884.0,343685,622850,6892.0,白糖,农产品,CZCE,SR0
2023-08-21,6878.0,6996.0,6862.0,6975.0,548345,647052,6933.0,白糖,农产品,CZCE,SR0
2023-08-22,6975.0,7013.0,6789.0,6823.0,805365,595217,6914.0,白糖,农产品,CZCE,SR0
2023-08-23,6839.0,6866.0,6807.0,6819.0,483426,589935,6832.0,白糖,农产品,CZCE,SR0
2023-08-24,6885.0,6961.0,6853.0,6866.0,836585,590853,6923.0,白糖,农产品,CZCE,SR0
2023-08-25,6894.0,6920.0,6842.0,6890.0,422528,590438,6883.0,白糖,农产品,CZCE,SR0
2023-08-28,6899.0,6968.0,6874.0,6908.0,519241,595824,6914.0,白糖,农产品,CZCE,SR0
2023-08-29,6936.0,6966.0,6901.0,6913.0,522029,612405,6936.0,白糖,农产品,CZCE,SR0
2023-08-30,6899.0,6970.0,6883.0,6959.0,519125,626274,6927.0,白糖,农产品,CZCE,SR0
2023-08-31,6973.0,6981.0,6896.0,6951.0,570035,612585,6941.0,白糖,农产品,CZCE,SR0
2023-09-01,6960.0,7040.0,6942.0,7025.0,637653,662731,6990.0,白糖,农产品,CZCE,SR0
2023-09-04,7040.0,7061.0,7005.0,7038.0,518586,673398,7030.0,白糖,农产品,CZCE,SR0
2023-09-05,7049.0,7075.0,7022.0,7058.0,442031,690344,7054.0,白糖,农产品,CZCE,SR0
2023-09-06,7079.0,7131.0,7058.0,7117.0,686419,728810,7095.0,白糖,农产品,CZCE,SR0
2023-09-07,7110.0,7113.0,7032.0,7062.0,558565,690074,7074.0,白糖,农产品,CZCE,SR0
2023-09-08,7075.0,7119.0,7038.0,7085.0,525593,696446,7083.0,白糖,农产品,CZCE,SR0
2023-09-11,7079.0,7114.0,6973.0,6991.0,742645,675753,7046.0,白糖,农产品,CZCE,SR0
2023-09-12,6949.0,6981.0,6908.0,6956.0,610746,657050,6951.0,白糖,农产品,CZCE,SR0
2023-09-13,6965.0,6995.0,6885.0,6903.0,638453,638343,6944.0,白糖,农产品,CZCE,SR0
2023-09-14,6900.0,6928.0,6866.0,6872.0,461617,619784,6893.0,白糖,农产品,CZCE,SR0
2023-09-15,6887.0,6934.0,6882.0,6928.0,492512,615985,6904.0,白糖,农产品,CZCE,SR0
2023-09-18,6950.0,6960.0,6860.0,6886.0,449690,601884,6899.0,白糖,农产品,CZCE,SR0
2023-09-19,6901.0,6916.0,6871.0,6896.0,391436,598502,6896.0,白糖,农产品,CZCE,SR0
2023-09-20,6893.0,6944.0,6887.0,6928.0,368172,597995,6917.0,白糖,农产品,CZCE,SR0
2023-09-21,6910.0,6924.0,6804.0,6821.0,589670,592670,6866.0,白糖,农产品,CZCE,SR0
2023-09-22,6820.0,6906.0,6801.0,6888.0,489670,588565,6850.0,白糖,农产品,CZCE,SR0
2023-09-25,6908.0,6957.0,6887.0,6901.0,432204,574591,6921.0,白糖,农产品,CZCE,SR0
2023-09-26,6881.0,6915.0,6854.0,6909.0,429350,561789,6887.0,白糖,农产品,CZCE,SR0
2023-09-27,6895.0,6950.0,6879.0,6930.0,385381,542869,6921.0,白糖,农产品,CZCE,SR0
2023-09-28,6938.0,6948.0,6880.0,6947.0,347602,523025,6917.0,白糖,农产品,CZCE,SR0
2023-10-09,6961.0,7022.0,6870.0,6886.0,503937,533461,6946.0,白糖,农产品,CZCE,SR0
2023-10-10,6887.0,6909.0,6834.0,6838.0,537202,556925,6869.0,白糖,农产品,CZCE,SR0
2023-10-11,6838.0,6868.0,6764.0,6777.0,656420,576566,6823.0,白糖,农产品,CZCE,SR0
2023-10-12,6775.0,6819.0,6740.0,6816.0,601836,584305,6773.0,白糖,农产品,CZCE,SR0
2023-10-13,6821.0,6821.0,6756.0,6784.0,460211,584148,6778.0,白糖,农产品,CZCE,SR0
2023-10-16,6816.0,6926.0,6790.0,6818.0,523407,568543,6832.0,白糖,农产品,CZCE,SR0
2023-10-17,6816.0,6823.0,6772.0,6790.0,424893,569210,6799.0,白糖,农产品,CZCE,SR0
2023-10-18,6820.0,6839.0,6801.0,6816.0,357716,570651,6820.0,白糖,农产品,CZCE,SR0
2023-10-19,6825.0,6894.0,6760.0,6878.0,748344,578081,6831.0,白糖,农产品,CZCE,SR0
2023-10-20,6853.0,6887.0,6819.0,6825.0,453330,560622,6852.0,白糖,农产品,CZCE,SR0
2023-10-23,6813.0,6839.0,6717.0,6720.0,648895,584002,6782.0,白糖,农产品,CZCE,SR0
2023-10-24,6742.0,6786.0,6724.0,6778.0,487433,587482,6752.0,白糖,农产品,CZCE,SR0
2023-10-25,6781.0,6846.0,6767.0,6819.0,512830,584186,6810.0,白糖,农产品,CZCE,SR0
2023-10-26,6828.0,6840.0,6781.0,6813.0,402901,580635,6804.0,白糖,农产品,CZCE,SR0
2023-10-27,6790.0,6806.0,6749.0,6785.0,510974,572416,6778.0,白糖,农产品,CZCE,SR0
2023-10-30,6791.0,6862.0,6774.0,6861.0,473646,572368,6817.0,白糖,农产品,CZCE,SR0
2023-10-31,6850.0,6856.0,6772.0,6788.0,410582,559350,6806.0,白糖,农产品,CZCE,SR0
2023-11-01,6790.0,6836.0,6774.0,6788.0,416963,556172,6802.0,白糖,农产品,CZCE,SR0
2023-11-02,6816.0,6858.0,6805.0,6843.0,426073,572117,6831.0,白糖,农产品,CZCE,SR0
2023-11-03,6840.0,6908.0,6829.0,6900.0,419426,579572,6871.0,白糖,农产品,CZCE,SR0
2023-11-06,6900.0,6925.0,6882.0,6923.0,351677,586475,6903.0,白糖,农产品,CZCE,SR0
2023-11-07,6932.0,6976.0,6918.0,6949.0,382335,595144,6949.0,白糖,农产品,CZCE,SR0
2023-11-08,6950.0,6950.0,6894.0,6940.0,317064,590297,6928.0,白糖,农产品,CZCE,SR0
2023-11-09,6930.0,6961.0,6924.0,6948.0,295379,597119,6942.0,白糖,农产品,CZCE,SR0
2023-11-10,6957.0,7027.0,6956.0,7003.0,442447,610650,6997.0,白糖,农产品,CZCE,SR0
2023-11-13,6997.0,7005.0,6906.0,6919.0,351618,573118,6948.0,白糖,农产品,CZCE,SR0
2023-11-14,6915.0,6953.0,6897.0,6927.0,293457,564655,6923.0,白糖,农产品,CZCE,SR0
2023-11-15,6915.0,6935.0,6871.0,6930.0,418634,548715,6905.0,白糖,农产品,CZCE,SR0
2023-11-16,6934.0,6942.0,6884.0,6899.0,282583,541890,6910.0,白糖,农产品,CZCE,SR0
2023-11-17,6896.0,6921.0,6846.0,6851.0,407914,510281,6885.0,白糖,农产品,CZCE,SR0
2023-11-20,6847.0,6881.0,6835.0,6855.0,310965,495866,6855.0,白糖,农产品,CZCE,SR0
2023-11-21,6855.0,6918.0,6841.0,6843.0,356196,483893,6873.0,白糖,农产品,CZCE,SR0
2023-11-22,6833.0,6876.0,6822.0,6861.0,304294,463288,6851.0,白糖,农产品,CZCE,SR0
2023-11-23,6860.0,6860.0,6795.0,6814.0,387620,439635,6826.0,白糖,农产品,CZCE,SR0
2023-11-24,6820.0,6885.0,6816.0,6880.0,300139,441308,6842.0,白糖,农产品,CZCE,SR0
2023-11-27,6870.0,6883.0,6801.0,6806.0,283571,418854,6833.0,白糖,农产品,CZCE,SR0
2023-11-28,6813.0,6852.0,6792.0,6838.0,273785,411844,6824.0,白糖,农产品,CZCE,SR0
2023-11-29,6823.0,6842.0,6790.0,6810.0,324242,391609,6813.0,白糖,农产品,CZCE,SR0
2023-11-30,6811.0,6828.0,6732.0,6738.0,340911,378227,6778.0,白糖,农产品,CZCE,SR0
2023-12-01,6736.0,6737.0,6590.0,6620.0,493405,342864,6661.0,白糖,农产品,CZCE,SR0
2023-12-04,6619.0,6640.0,6555.0,6609.0,426150,304902,6600.0,白糖,农产品,CZCE,SR0
2023-12-05,6645.0,6655.0,6557.0,6574.0,294194,272228,6599.0,白糖,农产品,CZCE,SR0
2023-12-06,6431.0,6448.0,6284.0,6356.0,662606,455771,6349.0,白糖,农产品,CZCE,SR0
2023-12-07,6314.0,6342.0,6159.0,6282.0,748180,458812,6255.0,白糖,农产品,CZCE,SR0
2023-12-08,6278.0,6394.0,6223.0,6371.0,688321,456419,6301.0,白糖,农产品,CZCE,SR0
2023-12-11,6359.0,6367.0,6273.0,6294.0,543128,465890,6320.0,白糖,农产品,CZCE,SR0
2023-12-12,6230.0,6271.0,6205.0,6252.0,508397,476308,6239.0,白糖,农产品,CZCE,SR0
2023-12-13,6200.0,6303.0,6183.0,6279.0,518972,485275,6254.0,白糖,农产品,CZCE,SR0
2023-12-14,6312.0,6324.0,6210.0,6239.0,471970,485768,6267.0,白糖,农产品,CZCE,SR0
2023-12-15,6238.0,6290.0,6190.0,6238.0,646611,488345,6235.0,白糖,农产品,CZCE,SR0
2023-12-18,6230.0,6260.0,6181.0,6214.0,531674,490094,6221.0,白糖,农产品,CZCE,SR0
2023-12-19,6180.0,6207.0,6105.0,6106.0,752133,523702,6162.0,白糖,农产品,CZCE,SR0
2023-12-20,6125.0,6182.0,6116.0,6170.0,559751,509731,6145.0,白糖,农产品,CZCE,SR0
2023-12-21,6176.0,6215.0,6137.0,6195.0,602982,488422,6177.0,白糖,农产品,CZCE,SR0
2023-12-22,6152.0,6267.0,6147.0,6248.0,583982,480249,6202.0,白糖,农产品,CZCE,SR0
2023-12-25,6252.0,6283.0,6227.0,6237.0,401297,481316,6254.0,白糖,农产品,CZCE,SR0
2023-12-26,6237.0,6305.0,6217.0,6288.0,415544,476235,6260.0,白糖,农产品,CZCE,SR0
2023-12-27,6294.0,6294.0,6256.0,6280.0,319495,473032,6273.0,白糖,农产品,CZCE,SR0
2023-12-28,6262.0,6322.0,6261.0,6298.0,401638,458783,6294.0,白糖,农产品,CZCE,SR0
2023-12-29,6299.0,6385.0,6269.0,6307.0,482382,456067,6324.0,白糖,农产品,CZCE,SR0
2024-01-02,6263.0,6305.0,6233.0,6304.0,254580,449414,6272.0,白糖,农产品,CZCE,SR0
2024-01-03,6302.0,6333.0,6285.0,6330.0,312078,451670,6311.0,白糖,农产品,CZCE,SR0
2024-01-04,6338.0,6342.0,6286.0,6324.0,294321,449451,6316.0,白糖,农产品,CZCE,SR0
2024-01-05,6327.0,6343.0,6298.0,6308.0,281862,451745,6321.0,白糖,农产品,CZCE,SR0
2024-01-08,6290.0,6338.0,6272.0,6313.0,345419,451980,6305.0,白糖,农产品,CZCE,SR0
2024-01-09,6329.0,6347.0,6302.0,6316.0,389240,436387,6322.0,白糖,农产品,CZCE,SR0
2024-01-10,6328.0,6338.0,6197.0,6218.0,512497,433600,6272.0,白糖,农产品,CZCE,SR0
2024-01-11,6235.0,6299.0,6203.0,6282.0,417667,421125,6250.0,白糖,农产品,CZCE,SR0
2024-01-12,6284.0,6295.0,6260.0,6281.0,286631,402779,6279.0,白糖,农产品,CZCE,SR0
2024-01-15,6274.0,6319.0,6256.0,6269.0,336710,388910,6285.0,白糖,农产品,CZCE,SR0
2024-01-16,6271.0,6298.0,6242.0,6293.0,309581,392082,6273.0,白糖,农产品,CZCE,SR0
2024-01-17,6315.0,6358.0,6306.0,6345.0,385727,408591,6336.0,白糖,农产品,CZCE,SR0
2024-01-18,6350.0,6364.0,6318.0,6340.0,302614,398621,6341.0,白糖,农产品,CZCE,SR0
2024-01-19,6351.0,6402.0,6337.0,6390.0,361240,411418,6375.0,白糖,农产品,CZCE,SR0
2024-01-22,6387.0,6450.0,6385.0,6448.0,340274,421710,6417.0,白糖,农产品,CZCE,SR0
2024-01-23,6445.0,6450.0,6422.0,6443.0,244183,431359,6438.0,白糖,农产品,CZCE,SR0
2024-01-24,6440.0,6490.0,6423.0,6474.0,318746,447454,6462.0,白糖,农产品,CZCE,SR0
2024-01-25,6490.0,6527.0,6446.0,6506.0,372960,454811,6491.0,白糖,农产品,CZCE,SR0
2024-01-26,6510.0,6539.0,6436.0,6439.0,413151,443338,6487.0,白糖,农产品,CZCE,SR0
2024-01-29,6450.0,6494.0,6426.0,6473.0,348351,448852,6457.0,白糖,农产品,CZCE,SR0
2024-01-30,6495.0,6502.0,6435.0,6439.0,288846,450715,6463.0,白糖,农产品,CZCE,SR0
2024-01-31,6445.0,6496.0,6415.0,6461.0,328227,443521,6454.0,白糖,农产品,CZCE,SR0
2024-02-01,6456.0,6490.0,6451.0,6471.0,260932,447027,6472.0,白糖,农产品,CZCE,SR0
2024-02-02,6471.0,6524.0,6451.0,6482.0,479939,458440,6485.0,白糖,农产品,CZCE,SR0
2024-02-05,6480.0,6588.0,6475.0,6538.0,471858,467985,6539.0,白糖,农产品,CZCE,SR0
2024-02-06,6547.0,6550.0,6484.0,6494.0,327639,443880,6512.0,白糖,农产品,CZCE,SR0
2024-02-07,6512.0,6547.0,6486.0,6547.0,272599,428806,6515.0,白糖,农产品,CZCE,SR0
2024-02-08,6559.0,6596.0,6549.0,6566.0,226545,410414,6570.0,白糖,农产品,CZCE,SR0
2024-02-19,6506.0,6527.0,6481.0,6497.0,183372,415105,6500.0,白糖,农产品,CZCE,SR0
2024-02-20,6495.0,6495.0,6363.0,6369.0,374602,412610,6415.0,白糖,农产品,CZCE,SR0
2024-02-21,6370.0,6385.0,6334.0,6362.0,326077,398185,6362.0,白糖,农产品,CZCE,SR0
2024-02-22,6357.0,6379.0,6343.0,6368.0,236787,389383,6360.0,白糖,农产品,CZCE,SR0
2024-02-23,6334.0,6360.0,6281.0,6282.0,417944,383097,6306.0,白糖,农产品,CZCE,SR0
2024-02-26,6284.0,6292.0,6227.0,6233.0,293003,376414,6255.0,白糖,农产品,CZCE,SR0
2024-02-27,6250.0,6279.0,6245.0,6248.0,236121,365120,6260.0,白糖,农产品,CZCE,SR0
2024-02-28,6260.0,6313.0,6252.0,6276.0,301668,358847,6280.0,白糖,农产品,CZCE,SR0
2024-02-29,6279.0,6294.0,6256.0,6289.0,226637,367152,6273.0,白糖,农产品,CZCE,SR0
2024-03-01,6255.0,6258.0,6204.0,6254.0,390244,374605,6230.0,白糖,农产品,CZCE,SR0
2024-03-04,6229.0,6281.0,6225.0,6274.0,289883,379762,6254.0,白糖,农产品,CZCE,SR0
2024-03-05,6272.0,6302.0,6236.0,6283.0,286840,375476,6280.0,白糖,农产品,CZCE,SR0
2024-03-06,6290.0,6325.0,6260.0,6265.0,330665,370313,6297.0,白糖,农产品,CZCE,SR0
2024-03-07,6275.0,6316.0,6265.0,6266.0,272386,369440,6294.0,白糖,农产品,CZCE,SR0
2024-03-08,6254.0,6310.0,6250.0,6305.0,254146,368356,6284.0,白糖,农产品,CZCE,SR0
2024-03-11,6298.0,6319.0,6269.0,6306.0,284790,365175,6294.0,白糖,农产品,CZCE,SR0
2024-03-12,6330.0,6449.0,6316.0,6447.0,508055,375747,6391.0,白糖,农产品,CZCE,SR0
2024-03-13,6453.0,6480.0,6432.0,6474.0,329445,372142,6454.0,白糖,农产品,CZCE,SR0
2024-03-14,6458.0,6515.0,6418.0,6491.0,420423,367890,6467.0,白糖,农产品,CZCE,SR0
2024-03-15,6505.0,6547.0,6460.0,6536.0,339829,388491,6511.0,白糖,农产品,CZCE,SR0
2024-03-18,6540.0,6569.0,6525.0,6556.0,314678,395857,6546.0,白糖,农产品,CZCE,SR0
2024-03-19,6562.0,6586.0,6531.0,6570.0,289270,409861,6558.0,白糖,农产品,CZCE,SR0
2024-03-20,6536.0,6556.0,6471.0,6489.0,409918,404649,6510.0,白糖,农产品,CZCE,SR0
2024-03-21,6458.0,6569.0,6450.0,6526.0,327296,393759,6505.0,白糖,农产品,CZCE,SR0
2024-03-22,6539.0,6557.0,6507.0,6542.0,290474,395853,6531.0,白糖,农产品,CZCE,SR0
2024-03-25,6557.0,6560.0,6428.0,6461.0,352249,365402,6489.0,白糖,农产品,CZCE,SR0
2024-03-26,6462.0,6495.0,6450.0,6462.0,234577,357251,6471.0,白糖,农产品,CZCE,SR0
2024-03-27,6480.0,6525.0,6455.0,6483.0,329214,337977,6488.0,白糖,农产品,CZCE,SR0
2024-03-28,6444.0,6491.0,6433.0,6472.0,248221,329600,6460.0,白糖,农产品,CZCE,SR0
2024-03-29,6500.0,6539.0,6475.0,6510.0,265879,323106,6504.0,白糖,农产品,CZCE,SR0
2024-04-01,6520.0,6795.0,6505.0,6638.0,664263,331720,6627.0,白糖,农产品,CZCE,SR0
2024-04-02,6650.0,6672.0,6591.0,6621.0,369957,285805,6624.0,白糖,农产品,CZCE,SR0
2024-04-03,6598.0,6630.0,6576.0,6598.0,244082,251557,6607.0,白糖,农产品,CZCE,SR0
2024-04-08,6576.0,6644.0,6552.0,6604.0,225045,224301,6609.0,白糖,农产品,CZCE,SR0
2024-04-09,6591.0,6609.0,6555.0,6581.0,209319,194906,6583.0,白糖,农产品,CZCE,SR0
2024-04-10,6498.0,6518.0,6477.0,6503.0,317367,371521,6497.0,白糖,农产品,CZCE,SR0
2024-04-11,6510.0,6528.0,6408.0,6455.0,516296,364568,6462.0,白糖,农产品,CZCE,SR0
2024-04-12,6438.0,6445.0,6368.0,6394.0,378580,374864,6404.0,白糖,农产品,CZCE,SR0
2024-04-15,6383.0,6416.0,6315.0,6333.0,445182,381516,6361.0,白糖,农产品,CZCE,SR0
2024-04-16,6326.0,6346.0,6262.0,6303.0,420526,374037,6299.0,白糖,农产品,CZCE,SR0
2024-04-17,6235.0,6278.0,6225.0,6252.0,352938,377127,6255.0,白糖,农产品,CZCE,SR0
2024-04-18,6230.0,6231.0,6163.0,6166.0,438490,390201,6201.0,白糖,农产品,CZCE,SR0
2024-04-19,6195.0,6241.0,6185.0,6216.0,396686,370199,6215.0,白糖,农产品,CZCE,SR0
2024-04-22,6204.0,6226.0,6185.0,6212.0,354342,385003,6205.0,白糖,农产品,CZCE,SR0
2024-04-23,6223.0,6234.0,6176.0,6182.0,421795,391598,6207.0,白糖,农产品,CZCE,SR0
2024-04-24,6188.0,6216.0,6172.0,6192.0,324612,392401,6195.0,白糖,农产品,CZCE,SR0
2024-04-25,6193.0,6208.0,6092.0,6158.0,561027,393130,6154.0,白糖,农产品,CZCE,SR0
2024-04-26,6111.0,6189.0,6102.0,6174.0,420389,384088,6148.0,白糖,农产品,CZCE,SR0
2024-04-29,6195.0,6205.0,6118.0,6130.0,347403,388439,6154.0,白糖,农产品,CZCE,SR0
2024-04-30,6137.0,6174.0,6137.0,6168.0,296647,361947,6161.0,白糖,农产品,CZCE,SR0
2024-05-06,6162.0,6225.0,6145.0,6185.0,254399,370478,6188.0,白糖,农产品,CZCE,SR0
2024-05-07,6180.0,6285.0,6180.0,6282.0,462935,365592,6242.0,白糖,农产品,CZCE,SR0
2024-05-08,6287.0,6322.0,6274.0,6309.0,443911,350434,6306.0,白糖,农产品,CZCE,SR0
2024-05-09,6280.0,6325.0,6261.0,6300.0,351316,347685,6303.0,白糖,农产品,CZCE,SR0
2024-05-10,6299.0,6348.0,6271.0,6347.0,410548,356141,6310.0,白糖,农产品,CZCE,SR0
2024-05-13,6337.0,6346.0,6277.0,6321.0,385819,357450,6315.0,白糖,农产品,CZCE,SR0
2024-05-14,6292.0,6302.0,6176.0,6181.0,549282,359148,6242.0,白糖,农产品,CZCE,SR0
2024-05-15,6185.0,6206.0,6162.0,6172.0,325840,354226,6187.0,白糖,农产品,CZCE,SR0
2024-05-16,6155.0,6175.0,6131.0,6161.0,341673,371452,6153.0,白糖,农产品,CZCE,SR0
2024-05-17,6105.0,6167.0,6090.0,6160.0,395514,376614,6139.0,白糖,农产品,CZCE,SR0
2024-05-20,6152.0,6196.0,6144.0,6194.0,408577,382784,6173.0,白糖,农产品,CZCE,SR0
2024-05-21,6205.0,6236.0,6159.0,6206.0,437479,366967,6205.0,白糖,农产品,CZCE,SR0
2024-05-22,6200.0,6223.0,6181.0,6188.0,301195,375705,6200.0,白糖,农产品,CZCE,SR0
2024-05-23,6185.0,6186.0,6102.0,6128.0,500635,417793,6143.0,白糖,农产品,CZCE,SR0
2024-05-24,6142.0,6167.0,6120.0,6149.0,327644,409786,6148.0,白糖,农产品,CZCE,SR0
2024-05-27,6133.0,6226.0,6133.0,6201.0,407867,382915,6183.0,白糖,农产品,CZCE,SR0
2024-05-28,6210.0,6243.0,6195.0,6225.0,358984,377451,6219.0,白糖,农产品,CZCE,SR0
2024-05-29,6232.0,6236.0,6185.0,6222.0,312476,370384,6213.0,白糖,农产品,CZCE,SR0
2024-05-30,6188.0,6220.0,6155.0,6205.0,422581,367382,6191.0,白糖,农产品,CZCE,SR0
2024-05-31,6197.0,6217.0,6118.0,6120.0,446791,401328,6165.0,白糖,农产品,CZCE,SR0
2024-06-03,6136.0,6216.0,6125.0,6186.0,519181,372833,6174.0,白糖,农产品,CZCE,SR0
2024-06-04,6213.0,6249.0,6156.0,6196.0,639746,386208,6208.0,白糖,农产品,CZCE,SR0
2024-06-05,6202.0,6246.0,6186.0,6244.0,418177,386735,6222.0,白糖,农产品,CZCE,SR0
2024-06-06,6244.0,6310.0,6233.0,6302.0,570960,396675,6281.0,白糖,农产品,CZCE,SR0
2024-06-07,6296.0,6319.0,6277.0,6301.0,401335,392086,6301.0,白糖,农产品,CZCE,SR0
2024-06-11,6263.0,6264.0,6183.0,6194.0,393587,362635,6206.0,白糖,农产品,CZCE,SR0
2024-06-12,6211.0,6211.0,6170.0,6187.0,296880,358621,6191.0,白糖,农产品,CZCE,SR0
2024-06-13,6210.0,6218.0,6159.0,6164.0,312593,359968,6196.0,白糖,农产品,CZCE,SR0
2024-06-14,6170.0,6242.0,6170.0,6237.0,417169,356963,6213.0,白糖,农产品,CZCE,SR0
2024-06-17,6223.0,6240.0,6175.0,6176.0,368748,361278,6206.0,白糖,农产品,CZCE,SR0
2024-06-18,6136.0,6159.0,6000.0,6004.0,880766,442827,6086.0,白糖,农产品,CZCE,SR0
2024-06-19,6027.0,6059.0,6005.0,6049.0,584745,447879,6037.0,白糖,农产品,CZCE,SR0
2024-06-20,6051.0,6088.0,6043.0,6055.0,424914,433171,6066.0,白糖,农产品,CZCE,SR0
2024-06-21,6091.0,6139.0,6072.0,6079.0,455958,390768,6102.0,白糖,农产品,CZCE,SR0
2024-06-24,6082.0,6114.0,6061.0,6071.0,322368,394810,6083.0,白糖,农产品,CZCE,SR0
2024-06-25,6099.0,6134.0,6090.0,6119.0,319843,383319,6111.0,白糖,农产品,CZCE,SR0
2024-06-26,6111.0,6147.0,6083.0,6120.0,347502,368886,6109.0,白糖,农产品,CZCE,SR0
2024-06-27,6118.0,6119.0,6075.0,6077.0,303181,376221,6097.0,白糖,农产品,CZCE,SR0
2024-06-28,6130.0,6225.0,6120.0,6212.0,584377,368605,6176.0,白糖,农产品,CZCE,SR0
2024-07-01,6228.0,6233.0,6177.0,6196.0,327015,353774,6205.0,白糖,农产品,CZCE,SR0
2024-07-02,6190.0,6204.0,6173.0,6197.0,228863,340805,6190.0,白糖,农产品,CZCE,SR0
2024-07-03,6190.0,6239.0,6168.0,6227.0,352741,333963,6209.0,白糖,农产品,CZCE,SR0
2024-07-04,6222.0,6275.0,6221.0,6261.0,344376,343069,6256.0,白糖,农产品,CZCE,SR0
2024-07-05,6265.0,6282.0,6240.0,6261.0,282645,346293,6261.0,白糖,农产品,CZCE,SR0
2024-07-08,6260.0,6284.0,6208.0,6225.0,316945,338492,6239.0,白糖,农产品,CZCE,SR0
2024-07-09,6235.0,6254.0,6195.0,6247.0,343034,344916,6223.0,白糖,农产品,CZCE,SR0
2024-07-10,6220.0,6227.0,6133.0,6150.0,408180,315580,6174.0,白糖,农产品,CZCE,SR0
2024-07-11,6170.0,6208.0,6163.0,6194.0,297682,312118,6189.0,白糖,农产品,CZCE,SR0
2024-07-12,6179.0,6190.0,6137.0,6162.0,270339,300749,6161.0,白糖,农产品,CZCE,SR0
2024-07-15,6146.0,6157.0,6112.0,6121.0,250523,299655,6132.0,白糖,农产品,CZCE,SR0
2024-07-16,6132.0,6172.0,6128.0,6143.0,233385,301507,6147.0,白糖,农产品,CZCE,SR0
2024-07-17,6135.0,6147.0,6118.0,6128.0,200247,303866,6134.0,白糖,农产品,CZCE,SR0
2024-07-18,6108.0,6138.0,6101.0,6135.0,244494,306513,6118.0,白糖,农产品,CZCE,SR0
2024-07-19,6115.0,6144.0,6106.0,6122.0,219695,302166,6122.0,白糖,农产品,CZCE,SR0
2024-07-22,6104.0,6111.0,6073.0,6104.0,247284,304065,6092.0,白糖,农产品,CZCE,SR0
2024-07-23,6089.0,6097.0,6064.0,6069.0,214595,305522,6081.0,白糖,农产品,CZCE,SR0
2024-07-24,6077.0,6165.0,6068.0,6150.0,344805,304611,6112.0,白糖,农产品,CZCE,SR0
2024-07-25,6140.0,6148.0,6103.0,6134.0,286861,287162,6123.0,白糖,农产品,CZCE,SR0
2024-07-26,6170.0,6226.0,6165.0,6174.0,389107,280663,6196.0,白糖,农产品,CZCE,SR0
2024-07-29,6162.0,6173.0,6113.0,6147.0,255185,270686,6140.0,白糖,农产品,CZCE,SR0
2024-07-30,6180.0,6195.0,6157.0,6181.0,219569,277937,6176.0,白糖,农产品,CZCE,SR0
2024-07-31,6185.0,6210.0,6177.0,6196.0,221237,276240,6193.0,白糖,农产品,CZCE,SR0
2024-08-01,6190.0,6199.0,6154.0,6164.0,237080,261075,6173.0,白糖,农产品,CZCE,SR0
2024-08-02,6150.0,6169.0,6119.0,6160.0,211388,251991,6143.0,白糖,农产品,CZCE,SR0
2024-08-05,6135.0,6192.0,6115.0,6143.0,268222,247572,6149.0,白糖,农产品,CZCE,SR0
2024-08-06,6120.0,6146.0,6110.0,6125.0,196673,245898,6127.0,白糖,农产品,CZCE,SR0
2024-08-07,6122.0,6138.0,6025.0,6036.0,351261,255924,6071.0,白糖,农产品,CZCE,SR0
2024-08-08,6068.0,6069.0,6011.0,6028.0,206667,251571,6036.0,白糖,农产品,CZCE,SR0
2024-08-09,6062.0,6091.0,6045.0,6061.0,214791,231017,6065.0,白糖,农产品,CZCE,SR0
2024-08-12,6067.0,6076.0,5965.0,6024.0,285279,204433,6018.0,白糖,农产品,CZCE,SR0
2024-08-13,6024.0,6036.0,5997.0,6023.0,171765,185662,6014.0,白糖,农产品,CZCE,SR0
2024-08-14,6040.0,6047.0,5985.0,5987.0,155360,172794,6007.0,白糖,农产品,CZCE,SR0
2024-08-15,5993.0,6001.0,5956.0,5978.0,147500,137363,5978.0,白糖,农产品,CZCE,SR0
2024-08-16,5648.0,5671.0,5625.0,5636.0,200814,304647,5651.0,白糖,农产品,CZCE,SR0
2024-08-19,5655.0,5686.0,5649.0,5662.0,220368,305206,5667.0,白糖,农产品,CZCE,SR0
2024-08-20,5661.0,5671.0,5620.0,5640.0,223423,322381,5647.0,白糖,农产品,CZCE,SR0
2024-08-21,5610.0,5620.0,5563.0,5586.0,350771,354366,5587.0,白糖,农产品,CZCE,SR0
2024-08-22,5586.0,5590.0,5553.0,5558.0,335185,367388,5565.0,白糖,农产品,CZCE,SR0
2024-08-23,5575.0,5580.0,5508.0,5536.0,312530,377860,5543.0,白糖,农产品,CZCE,SR0
2024-08-26,5560.0,5595.0,5557.0,5573.0,287470,377378,5571.0,白糖,农产品,CZCE,SR0
2024-08-27,5605.0,5628.0,5593.0,5613.0,303896,368796,5611.0,白糖,农产品,CZCE,SR0
2024-08-28,5624.0,5669.0,5615.0,5633.0,292571,366283,5644.0,白糖,农产品,CZCE,SR0
2024-08-29,5629.0,5662.0,5617.0,5649.0,229878,354435,5644.0,白糖,农产品,CZCE,SR0
2024-08-30,5647.0,5685.0,5640.0,5652.0,227539,357236,5660.0,白糖,农产品,CZCE,SR0
2024-09-02,5651.0,5658.0,5603.0,5635.0,240224,350455,5640.0,白糖,农产品,CZCE,SR0
2024-09-03,5623.0,5640.0,5587.0,5624.0,272565,347561,5611.0,白糖,农产品,CZCE,SR0
2024-09-04,5632.0,5651.0,5543.0,5568.0,363530,361551,5596.0,白糖,农产品,CZCE,SR0
2024-09-05,5580.0,5619.0,5564.0,5609.0,282470,360425,5593.0,白糖,农产品,CZCE,SR0
2024-09-06,5610.0,5640.0,5599.0,5619.0,253903,348724,5618.0,白糖,农产品,CZCE,SR0
2024-09-09,5647.0,5666.0,5571.0,5590.0,343033,345953,5619.0,白糖,农产品,CZCE,SR0
2024-09-10,5575.0,5656.0,5575.0,5647.0,277729,347144,5620.0,白糖,农产品,CZCE,SR0
2024-09-11,5638.0,5648.0,5595.0,5645.0,273115,342091,5626.0,白糖,农产品,CZCE,SR0
2024-09-12,5667.0,5715.0,5662.0,5692.0,414430,344567,5690.0,白糖,农产品,CZCE,SR0
2024-09-13,5707.0,5710.0,5670.0,5688.0,270743,343267,5688.0,白糖,农产品,CZCE,SR0
2024-09-18,5746.0,5785.0,5725.0,5742.0,246078,333673,5754.0,白糖,农产品,CZCE,SR0
2024-09-19,5778.0,5825.0,5753.0,5812.0,427491,347362,5796.0,白糖,农产品,CZCE,SR0
2024-09-20,5798.0,5866.0,5790.0,5843.0,373415,357390,5831.0,白糖,农产品,CZCE,SR0
2024-09-23,5855.0,5861.0,5831.0,5849.0,261832,358636,5847.0,白糖,农产品,CZCE,SR0
2024-09-24,5863.0,5887.0,5850.0,5871.0,292118,364709,5869.0,白糖,农产品,CZCE,SR0
2024-09-25,5886.0,5964.0,5885.0,5917.0,359048,365400,5920.0,白糖,农产品,CZCE,SR0
2024-09-26,5908.0,5957.0,5897.0,5926.0,262819,366717,5926.0,白糖,农产品,CZCE,SR0
2024-09-27,5914.0,5977.0,5912.0,5942.0,300022,360325,5937.0,白糖,农产品,CZCE,SR0
2024-09-30,5907.0,5967.0,5890.0,5915.0,289565,339946,5928.0,白糖,农产品,CZCE,SR0
2024-10-08,5913.0,5943.0,5882.0,5929.0,237413,346682,5914.0,白糖,农产品,CZCE,SR0
2024-10-09,5935.0,6028.0,5904.0,6020.0,559639,397622,5981.0,白糖,农产品,CZCE,SR0
2024-10-10,5982.0,5982.0,5853.0,5859.0,494360,353385,5896.0,白糖,农产品,CZCE,SR0
2024-10-11,5882.0,5928.0,5846.0,5917.0,333431,345743,5888.0,白糖,农产品,CZCE,SR0
2024-10-14,5948.0,5956.0,5911.0,5939.0,242477,347689,5936.0,白糖,农产品,CZCE,SR0
2024-10-15,5930.0,5947.0,5899.0,5913.0,248944,343615,5922.0,白糖,农产品,CZCE,SR0
2024-10-16,5901.0,5973.0,5892.0,5934.0,287836,342437,5940.0,白糖,农产品,CZCE,SR0
2024-10-17,5910.0,5935.0,5871.0,5878.0,273722,341436,5899.0,白糖,农产品,CZCE,SR0
2024-10-18,5872.0,5881.0,5825.0,5866.0,327246,328346,5849.0,白糖,农产品,CZCE,SR0
2024-10-21,5885.0,5885.0,5812.0,5840.0,204353,329137,5841.0,白糖,农产品,CZCE,SR0
2024-10-22,5850.0,5856.0,5823.0,5844.0,173537,324429,5839.0,白糖,农产品,CZCE,SR0
2024-10-23,5851.0,5878.0,5833.0,5869.0,182405,324032,5856.0,白糖,农产品,CZCE,SR0
2024-10-24,5887.0,5958.0,5882.0,5936.0,320808,335387,5918.0,白糖,农产品,CZCE,SR0
2024-10-25,5934.0,5947.0,5902.0,5919.0,201176,338715,5926.0,白糖,农产品,CZCE,SR0
2024-10-28,5903.0,5935.0,5854.0,5868.0,237846,329721,5893.0,白糖,农产品,CZCE,SR0
2024-10-29,5854.0,5889.0,5846.0,5853.0,173187,323717,5869.0,白糖,农产品,CZCE,SR0
2024-10-30,5867.0,5876.0,5842.0,5847.0,169936,319439,5858.0,白糖,农产品,CZCE,SR0
2024-10-31,5838.0,5876.0,5828.0,5870.0,163010,318179,5851.0,白糖,农产品,CZCE,SR0
2024-11-01,5897.0,5933.0,5883.0,5921.0,268960,336221,5916.0,白糖,农产品,CZCE,SR0
2024-11-04,5910.0,5918.0,5832.0,5843.0,249811,314567,5865.0,白糖,农产品,CZCE,SR0
2024-11-05,5834.0,5839.0,5787.0,5815.0,287680,306596,5810.0,白糖,农产品,CZCE,SR0
2024-11-06,5810.0,5833.0,5804.0,5814.0,159423,301125,5818.0,白糖,农产品,CZCE,SR0
2024-11-07,5800.0,5848.0,5791.0,5845.0,177428,294021,5824.0,白糖,农产品,CZCE,SR0
2024-11-08,5858.0,5859.0,5811.0,5817.0,170927,292868,5840.0,白糖,农产品,CZCE,SR0
2024-11-11,5828.0,5947.0,5828.0,5942.0,381551,334714,5903.0,白糖,农产品,CZCE,SR0
2024-11-12,5933.0,5942.0,5902.0,5932.0,225874,337192,5921.0,白糖,农产品,CZCE,SR0
2024-11-13,5940.0,5981.0,5928.0,5931.0,312433,345577,5955.0,白糖,农产品,CZCE,SR0
2024-11-14,5931.0,5943.0,5855.0,5869.0,271261,326970,5910.0,白糖,农产品,CZCE,SR0
2024-11-15,5878.0,5914.0,5850.0,5864.0,206528,321453,5884.0,白糖,农产品,CZCE,SR0
2024-11-18,5855.0,5860.0,5819.0,5833.0,174933,304227,5840.0,白糖,农产品,CZCE,SR0
2024-11-19,5848.0,5881.0,5839.0,5863.0,171552,294886,5859.0,白糖,农产品,CZCE,SR0
2024-11-20,5859.0,5935.0,5853.0,5931.0,229719,308390,5895.0,白糖,农产品,CZCE,SR0
2024-11-21,5930.0,5974.0,5920.0,5971.0,264318,339981,5951.0,白糖,农产品,CZCE,SR0
2024-11-22,5960.0,5990.0,5879.0,5897.0,335321,323742,5946.0,白糖,农产品,CZCE,SR0
2024-11-25,5903.0,5946.0,5898.0,5942.0,208032,310168,5924.0,白糖,农产品,CZCE,SR0
2024-11-26,5932.0,5967.0,5914.0,5963.0,230215,298978,5940.0,白糖,农产品,CZCE,SR0
2024-11-27,5989.0,6038.0,5943.0,5958.0,429959,290756,5986.0,白糖,农产品,CZCE,SR0
2024-11-28,5977.0,6015.0,5937.0,6013.0,223790,283284,5968.0,白糖,农产品,CZCE,SR0
2024-11-29,6018.0,6144.0,6012.0,6135.0,572712,317777,6082.0,白糖,农产品,CZCE,SR0
2024-12-02,6109.0,6125.0,6050.0,6082.0,382818,293454,6090.0,白糖,农产品,CZCE,SR0
2024-12-03,6087.0,6100.0,6057.0,6066.0,261951,275671,6076.0,白糖,农产品,CZCE,SR0
2024-12-04,6082.0,6108.0,6026.0,6034.0,330821,251219,6065.0,白糖,农产品,CZCE,SR0
2024-12-05,6026.0,6041.0,5954.0,5984.0,278856,227044,5989.0,白糖,农产品,CZCE,SR0
2024-12-06,5973.0,6012.0,5916.0,6008.0,219784,211791,5959.0,白糖,农产品,CZCE,SR0
2024-12-09,6000.0,6047.0,5988.0,6038.0,195645,198037,6011.0,白糖,农产品,CZCE,SR0
2024-12-10,6046.0,6070.0,6029.0,6034.0,148023,183076,6047.0,白糖,农产品,CZCE,SR0
2024-12-11,6028.0,6068.0,5969.0,6063.0,426354,406291,6023.0,白糖,农产品,CZCE,SR0
2024-12-12,6058.0,6140.0,6045.0,6125.0,450175,453812,6100.0,白糖,农产品,CZCE,SR0
2024-12-13,6124.0,6144.0,6076.0,6083.0,336902,461561,6112.0,白糖,农产品,CZCE,SR0
2024-12-16,6080.0,6085.0,5995.0,6017.0,331119,432332,6034.0,白糖,农产品,CZCE,SR0
2024-12-17,5990.0,6031.0,5983.0,6005.0,289634,430281,6008.0,白糖,农产品,CZCE,SR0
2024-12-18,5995.0,5995.0,5884.0,5899.0,416043,406773,5928.0,白糖,农产品,CZCE,SR0
2024-12-19,5896.0,5908.0,5856.0,5894.0,281665,387714,5879.0,白糖,农产品,CZCE,SR0
2024-12-20,5889.0,5893.0,5870.0,5882.0,196522,373476,5882.0,白糖,农产品,CZCE,SR0
2024-12-23,5882.0,5944.0,5874.0,5941.0,263279,370498,5913.0,白糖,农产品,CZCE,SR0
2024-12-24,5953.0,5953.0,5923.0,5944.0,180002,369249,5939.0,白糖,农产品,CZCE,SR0
2024-12-25,5958.0,5989.0,5928.0,5982.0,222913,373419,5959.0,白糖,农产品,CZCE,SR0
2024-12-26,5982.0,5993.0,5956.0,5976.0,186208,370276,5976.0,白糖,农产品,CZCE,SR0
2024-12-27,5976.0,5977.0,5924.0,5944.0,274703,367453,5944.0,白糖,农产品,CZCE,SR0
2024-12-30,5942.0,5979.0,5908.0,5969.0,346797,369702,5943.0,白糖,农产品,CZCE,SR0
2024-12-31,5983.0,5983.0,5922.0,5961.0,245954,367499,5948.0,白糖,农产品,CZCE,SR0
2025-01-02,5970.0,6024.0,5970.0,6002.0,225660,387663,6003.0,白糖,农产品,CZCE,SR0
2025-01-03,6010.0,6029.0,5960.0,5995.0,297714,396965,5993.0,白糖,农产品,CZCE,SR0
2025-01-06,5985.0,6036.0,5936.0,5946.0,368560,394612,5990.0,白糖,农产品,CZCE,SR0
2025-01-07,5952.0,5973.0,5905.0,5935.0,250131,380180,5935.0,白糖,农产品,CZCE,SR0
2025-01-08,5941.0,5949.0,5913.0,5926.0,188991,376412,5929.0,白糖,农产品,CZCE,SR0
2025-01-09,5920.0,5931.0,5853.0,5872.0,308002,369460,5884.0,白糖,农产品,CZCE,SR0
2025-01-10,5862.0,5911.0,5847.0,5891.0,241465,348356,5881.0,白糖,农产品,CZCE,SR0
2025-01-13,5896.0,5947.0,5859.0,5945.0,278381,340130,5902.0,白糖,农产品,CZCE,SR0
2025-01-14,5928.0,5939.0,5907.0,5926.0,183409,335407,5922.0,白糖,农产品,CZCE,SR0
2025-01-15,5888.0,5889.0,5780.0,5781.0,419694,345932,5822.0,白糖,农产品,CZCE,SR0
2025-01-16,5780.0,5807.0,5742.0,5781.0,356945,338725,5774.0,白糖,农产品,CZCE,SR0
2025-01-17,5805.0,5826.0,5781.0,5809.0,286097,332627,5803.0,白糖,农产品,CZCE,SR0
2025-01-20,5790.0,5799.0,5752.0,5772.0,240116,335285,5777.0,白糖,农产品,CZCE,SR0
2025-01-21,5741.0,5799.0,5741.0,5798.0,168457,327309,5777.0,白糖,农产品,CZCE,SR0
2025-01-22,5769.0,5779.0,5725.0,5757.0,239709,326142,5750.0,白糖,农产品,CZCE,SR0
2025-01-23,5766.0,5794.0,5761.0,5776.0,160101,320781,5779.0,白糖,农产品,CZCE,SR0
2025-01-24,5801.0,5838.0,5791.0,5826.0,227105,286326,5815.0,白糖,农产品,CZCE,SR0
2025-01-27,5850.0,5869.0,5816.0,5817.0,153048,267791,5843.0,白糖,农产品,CZCE,SR0
2025-02-05,5859.0,5907.0,5855.0,5879.0,130969,272566,5886.0,白糖,农产品,CZCE,SR0
2025-02-06,5883.0,5894.0,5857.0,5863.0,133736,279583,5875.0,白糖,农产品,CZCE,SR0
2025-02-07,5891.0,5897.0,5821.0,5836.0,188290,273977,5856.0,白糖,农产品,CZCE,SR0
2025-02-10,5849.0,5880.0,5828.0,5870.0,162809,272765,5855.0,白糖,农产品,CZCE,SR0
2025-02-11,5878.0,5909.0,5861.0,5897.0,215284,275759,5887.0,白糖,农产品,CZCE,SR0
2025-02-12,5910.0,5940.0,5902.0,5934.0,200907,286271,5926.0,白糖,农产品,CZCE,SR0
2025-02-13,5939.0,5945.0,5916.0,5923.0,159982,298041,5930.0,白糖,农产品,CZCE,SR0
2025-02-14,5932.0,5996.0,5927.0,5981.0,252627,325704,5973.0,白糖,农产品,CZCE,SR0
2025-02-17,5989.0,6005.0,5970.0,5988.0,177121,342982,5988.0,白糖,农产品,CZCE,SR0
2025-02-18,5986.0,5994.0,5965.0,5978.0,144734,353077,5980.0,白糖,农产品,CZCE,SR0
2025-02-19,5988.0,6013.0,5960.0,5995.0,202892,375964,5988.0,白糖,农产品,CZCE,SR0
2025-02-20,6002.0,6016.0,5983.0,5985.0,140471,381195,5998.0,白糖,农产品,CZCE,SR0
2025-02-21,5995.0,6044.0,5992.0,6004.0,212127,389790,6014.0,白糖,农产品,CZCE,SR0
2025-02-24,5997.0,6017.0,5971.0,5977.0,164168,387661,5995.0,白糖,农产品,CZCE,SR0
2025-02-25,5987.0,5992.0,5941.0,5971.0,183338,379290,5967.0,白糖,农产品,CZCE,SR0
2025-02-26,5971.0,6020.0,5971.0,6002.0,230700,377680,5993.0,白糖,农产品,CZCE,SR0
2025-02-27,5980.0,5999.0,5960.0,5998.0,179542,376684,5979.0,白糖,农产品,CZCE,SR0
2025-02-28,5963.0,5971.0,5918.0,5931.0,266321,351232,5940.0,白糖,农产品,CZCE,SR0
2025-03-03,5917.0,5947.0,5903.0,5932.0,204976,341277,5925.0,白糖,农产品,CZCE,SR0
2025-03-04,5914.0,5939.0,5906.0,5919.0,148999,335272,5922.0,白糖,农产品,CZCE,SR0
2025-03-05,5922.0,5926.0,5884.0,5901.0,228341,314402,5902.0,白糖,农产品,CZCE,SR0
2025-03-06,5917.0,5929.0,5900.0,5915.0,185742,314212,5915.0,白糖,农产品,CZCE,SR0
2025-03-07,5916.0,5939.0,5896.0,5920.0,199189,320336,5920.0,白糖,农产品,CZCE,SR0
2025-03-10,5923.0,5965.0,5908.0,5931.0,188650,315439,5935.0,白糖,农产品,CZCE,SR0
2025-03-11,5963.0,5993.0,5953.0,5967.0,226841,324425,5974.0,白糖,农产品,CZCE,SR0
2025-03-12,5965.0,5974.0,5936.0,5955.0,157001,319481,5955.0,白糖,农产品,CZCE,SR0
2025-03-13,5968.0,5998.0,5965.0,5991.0,187782,329809,5982.0,白糖,农产品,CZCE,SR0
2025-03-14,6000.0,6050.0,5996.0,6030.0,257057,354136,6025.0,白糖,农产品,CZCE,SR0
2025-03-17,6031.0,6041.0,6006.0,6016.0,184347,346824,6022.0,白糖,农产品,CZCE,SR0
2025-03-18,6065.0,6118.0,6054.0,6111.0,344514,391408,6088.0,白糖,农产品,CZCE,SR0
2025-03-19,6097.0,6135.0,6089.0,6113.0,256157,386280,6113.0,白糖,农产品,CZCE,SR0
2025-03-20,6113.0,6118.0,6080.0,6105.0,205444,378481,6098.0,白糖,农产品,CZCE,SR0
2025-03-21,6116.0,6166.0,6073.0,6078.0,385255,364274,6119.0,白糖,农产品,CZCE,SR0
2025-03-24,6085.0,6094.0,6051.0,6073.0,216466,354252,6073.0,白糖,农产品,CZCE,SR0
2025-03-25,6060.0,6066.0,6033.0,6055.0,184091,339660,6050.0,白糖,农产品,CZCE,SR0
2025-03-26,6065.0,6106.0,6063.0,6098.0,232233,335322,6087.0,白糖,农产品,CZCE,SR0
2025-03-27,6075.0,6096.0,6055.0,6067.0,206097,318589,6073.0,白糖,农产品,CZCE,SR0
2025-03-28,6065.0,6085.0,6042.0,6079.0,191381,313966,6061.0,白糖,农产品,CZCE,SR0
2025-03-31,6071.0,6130.0,6066.0,6075.0,243630,314303,6090.0,白糖,农产品,CZCE,SR0
2025-04-01,6077.0,6149.0,6075.0,6129.0,310901,313196,6113.0,白糖,农产品,CZCE,SR0
2025-04-02,6155.0,6198.0,6134.0,6161.0,253403,309697,6164.0,白糖,农产品,CZCE,SR0
2025-04-03,6147.0,6194.0,6133.0,6189.0,232916,302040,6173.0,白糖,农产品,CZCE,SR0
2025-04-07,6050.0,6120.0,6033.0,6087.0,251355,253181,6086.0,白糖,农产品,CZCE,SR0
2025-04-08,6088.0,6120.0,6044.0,6048.0,265382,223255,6071.0,白糖,农产品,CZCE,SR0
2025-04-09,5934.0,5957.0,5866.0,5903.0,164018,255418,5911.0,白糖,农产品,CZCE,SR0
2025-04-10,5880.0,5969.0,5875.0,5966.0,184662,261215,5923.0,白糖,农产品,CZCE,SR0
2025-04-11,5951.0,5957.0,5915.0,5943.0,147681,268756,5939.0,白糖,农产品,CZCE,SR0
2025-04-14,5952.0,5956.0,5909.0,5918.0,142913,277355,5927.0,白糖,农产品,CZCE,SR0
2025-04-15,5930.0,5942.0,5883.0,5896.0,186016,289033,5909.0,白糖,农产品,CZCE,SR0
2025-04-16,5890.0,5895.0,5856.0,5884.0,212037,295802,5875.0,白糖,农产品,CZCE,SR0
2025-04-17,5885.0,5946.0,5879.0,5936.0,225862,303403,5918.0,白糖,农产品,CZCE,SR0
2025-04-18,5936.0,5965.0,5936.0,5952.0,186705,315288,5953.0,白糖,农产品,CZCE,SR0
2025-04-21,5959.0,6024.0,5951.0,6005.0,266415,332415,5990.0,白糖,农产品,CZCE,SR0
2025-04-22,6018.0,6019.0,5967.0,5978.0,243267,334892,5987.0,白糖,农产品,CZCE,SR0
2025-04-23,5987.0,6009.0,5972.0,5986.0,215938,343305,5992.0,白糖,农产品,CZCE,SR0
2025-04-24,5979.0,5979.0,5920.0,5945.0,266198,328490,5940.0,白糖,农产品,CZCE,SR0
2025-04-25,5946.0,6009.0,5939.0,5974.0,259232,332852,5970.0,白糖,农产品,CZCE,SR0
2025-04-28,5970.0,5995.0,5956.0,5977.0,197330,338467,5975.0,白糖,农产品,CZCE,SR0
2025-04-29,5933.0,5943.0,5895.0,5936.0,250608,322020,5919.0,白糖,农产品,CZCE,SR0
2025-04-30,5909.0,5918.0,5872.0,5887.0,241834,306202,5889.0,白糖,农产品,CZCE,SR0
2025-05-06,5872.0,5907.0,5866.0,5890.0,107964,305344,5891.0,白糖,农产品,CZCE,SR0
2025-05-07,5897.0,5912.0,5863.0,5868.0,179226,316561,5889.0,白糖,农产品,CZCE,SR0
2025-05-08,5849.0,5849.0,5808.0,5813.0,214819,327000,5824.0,白糖,农产品,CZCE,SR0
2025-05-09,5835.0,5854.0,5827.0,5839.0,146916,317090,5840.0,白糖,农产品,CZCE,SR0
2025-05-12,5865.0,5893.0,5844.0,5885.0,189669,308154,5868.0,白糖,农产品,CZCE,SR0
2025-05-13,5884.0,5895.0,5840.0,5853.0,160855,309043,5868.0,白糖,农产品,CZCE,SR0
2025-05-14,5881.0,5926.0,5881.0,5906.0,216322,299001,5905.0,白糖,农产品,CZCE,SR0
2025-05-15,5893.0,5894.0,5864.0,5886.0,155714,301138,5883.0,白糖,农产品,CZCE,SR0
2025-05-16,5868.0,5874.0,5848.0,5855.0,142381,301174,5859.0,白糖,农产品,CZCE,SR0
2025-05-19,5850.0,5872.0,5836.0,5853.0,151982,299940,5857.0,白糖,农产品,CZCE,SR0
2025-05-20,5866.0,5878.0,5844.0,5849.0,129681,299729,5859.0,白糖,农产品,CZCE,SR0
2025-05-21,5850.0,5868.0,5836.0,5863.0,139696,296306,5851.0,白糖,农产品,CZCE,SR0
2025-05-22,5865.0,5883.0,5854.0,5855.0,141984,292351,5870.0,白糖,农产品,CZCE,SR0
2025-05-23,5840.0,5848.0,5826.0,5833.0,155278,293675,5837.0,白糖,农产品,CZCE,SR0
2025-05-26,5819.0,5839.0,5811.0,5835.0,127707,302080,5825.0,白糖,农产品,CZCE,SR0
2025-05-27,5830.0,5845.0,5807.0,5841.0,162011,304757,5826.0,白糖,农产品,CZCE,SR0
2025-05-28,5841.0,5844.0,5792.0,5795.0,194926,308545,5809.0,白糖,农产品,CZCE,SR0
2025-05-29,5789.0,5798.0,5770.0,5783.0,151042,308960,5783.0,白糖,农产品,CZCE,SR0
2025-05-30,5780.0,5780.0,5760.0,5763.0,150293,316394,5769.0,白糖,农产品,CZCE,SR0
2025-06-03,5752.0,5758.0,5726.0,5732.0,114486,330034,5742.0,白糖,农产品,CZCE,SR0
2025-06-04,5733.0,5754.0,5712.0,5748.0,157372,335901,5732.0,白糖,农产品,CZCE,SR0
2025-06-05,5753.0,5753.0,5721.0,5730.0,131779,336624,5735.0,白糖,农产品,CZCE,SR0
2025-06-06,5715.0,5741.0,5688.0,5735.0,202300,342408,5716.0,白糖,农产品,CZCE,SR0
2025-06-09,5717.0,5745.0,5715.0,5734.0,144356,341231,5731.0,白糖,农产品,CZCE,SR0
2025-06-10,5740.0,5740.0,5709.0,5717.0,138037,342526,5724.0,白糖,农产品,CZCE,SR0
2025-06-11,5725.0,5734.0,5664.0,5668.0,202075,358131,5692.0,白糖,农产品,CZCE,SR0
2025-06-12,5677.0,5677.0,5644.0,5647.0,142354,367580,5662.0,白糖,农产品,CZCE,SR0
2025-06-13,5638.0,5678.0,5609.0,5664.0,235776,368226,5642.0,白糖,农产品,CZCE,SR0
2025-06-16,5652.0,5674.0,5612.0,5667.0,178019,370572,5652.0,白糖,农产品,CZCE,SR0
2025-06-17,5650.0,5715.0,5636.0,5691.0,210788,369234,5673.0,白糖,农产品,CZCE,SR0
2025-06-18,5660.0,5692.0,5645.0,5679.0,190971,371817,5672.0,白糖,农产品,CZCE,SR0
2025-06-19,5664.0,5681.0,5643.0,5658.0,208047,384680,5662.0,白糖,农产品,CZCE,SR0
2025-06-20,5660.0,5732.0,5650.0,5720.0,285378,368972,5695.0,白糖,农产品,CZCE,SR0
2025-06-23,5720.0,5743.0,5708.0,5721.0,192057,353799,5726.0,白糖,农产品,CZCE,SR0
2025-06-24,5724.0,5736.0,5693.0,5710.0,171885,349073,5717.0,白糖,农产品,CZCE,SR0
2025-06-25,5696.0,5757.0,5686.0,5757.0,225576,342761,5727.0,白糖,农产品,CZCE,SR0
2025-06-26,5760.0,5796.0,5759.0,5790.0,219005,326870,5779.0,白糖,农产品,CZCE,SR0
2025-06-27,5770.0,5805.0,5760.0,5792.0,213862,315131,5787.0,白糖,农产品,CZCE,SR0
2025-06-30,5808.0,5816.0,5785.0,5807.0,188858,312362,5802.0,白糖,农产品,CZCE,SR0
2025-07-01,5773.0,5795.0,5763.0,5775.0,190361,309811,5781.0,白糖,农产品,CZCE,SR0
2025-07-02,5740.0,5772.0,5705.0,5766.0,284022,302138,5735.0,白糖,农产品,CZCE,SR0
2025-07-03,5760.0,5778.0,5749.0,5767.0,147977,304239,5763.0,白糖,农产品,CZCE,SR0
2025-07-04,5792.0,5810.0,5766.0,5769.0,202764,301911,5790.0,白糖,农产品,CZCE,SR0
2025-07-07,5764.0,5785.0,5736.0,5754.0,148704,296064,5758.0,白糖,农产品,CZCE,SR0
2025-07-08,5764.0,5766.0,5726.0,5747.0,137049,294918,5744.0,白糖,农产品,CZCE,SR0
2025-07-09,5755.0,5783.0,5747.0,5779.0,141731,287246,5763.0,白糖,农产品,CZCE,SR0
2025-07-10,5795.0,5815.0,5786.0,5805.0,163903,298087,5800.0,白糖,农产品,CZCE,SR0
2025-07-11,5803.0,5820.0,5789.0,5810.0,180136,309968,5808.0,白糖,农产品,CZCE,SR0
2025-07-14,5801.0,5837.0,5801.0,5817.0,175951,327396,5825.0,白糖,农产品,CZCE,SR0
2025-07-15,5811.0,5818.0,5780.0,5802.0,143216,317114,5802.0,白糖,农产品,CZCE,SR0
2025-07-16,5813.0,5825.0,5786.0,5808.0,140954,312832,5804.0,白糖,农产品,CZCE,SR0
2025-07-17,5802.0,5833.0,5784.0,5828.0,171564,321770,5814.0,白糖,农产品,CZCE,SR0
2025-07-18,5840.0,5845.0,5808.0,5826.0,161095,329559,5828.0,白糖,农产品,CZCE,SR0
2025-07-21,5840.0,5854.0,5823.0,5839.0,185901,336657,5840.0,白糖,农产品,CZCE,SR0
2025-07-22,5828.0,5846.0,5811.0,5823.0,161969,334160,5825.0,白糖,农产品,CZCE,SR0
2025-07-23,5810.0,5844.0,5805.0,5834.0,182568,331990,5826.0,白糖,农产品,CZCE,SR0
2025-07-24,5835.0,5884.0,5820.0,5866.0,248495,342009,5853.0,白糖,农产品,CZCE,SR0
2025-07-25,5875.0,5887.0,5863.0,5876.0,178286,343704,5876.0,白糖,农产品,CZCE,SR0
2025-07-28,5872.0,5893.0,5838.0,5845.0,208937,324831,5857.0,白糖,农产品,CZCE,SR0
2025-07-29,5840.0,5870.0,5840.0,5867.0,159606,310650,5858.0,白糖,农产品,CZCE,SR0
2025-07-30,5860.0,5878.0,5800.0,5804.0,234165,277092,5839.0,白糖,农产品,CZCE,SR0
2025-07-31,5800.0,5822.0,5785.0,5793.0,149593,255082,5801.0,白糖,农产品,CZCE,SR0
2025-08-01,5782.0,5794.0,5731.0,5733.0,183595,231065,5762.0,白糖,农产品,CZCE,SR0
2025-08-04,5730.0,5735.0,5709.0,5718.0,148906,205423,5721.0,白糖,农产品,CZCE,SR0
2025-08-05,5646.0,5650.0,5622.0,5638.0,89231,250542,5637.0,白糖,农产品,CZCE,SR0
2025-08-06,5623.0,5637.0,5615.0,5628.0,84510,262284,5627.0,白糖,农产品,CZCE,SR0
2025-08-07,5621.0,5636.0,5585.0,5585.0,122000,278027,5608.0,白糖,农产品,CZCE,SR0
2025-08-08,5602.0,5603.0,5554.0,5573.0,189978,300976,5576.0,白糖,农产品,CZCE,SR0
2025-08-11,5584.0,5587.0,5561.0,5573.0,119662,307158,5574.0,白糖,农产品,CZCE,SR0
2025-08-12,5580.0,5612.0,5573.0,5608.0,157708,306587,5589.0,白糖,农产品,CZCE,SR0
2025-08-13,5620.0,5668.0,5617.0,5657.0,238562,310322,5646.0,白糖,农产品,CZCE,SR0
2025-08-14,5660.0,5672.0,5647.0,5659.0,176052,319449,5660.0,白糖,农产品,CZCE,SR0
2025-08-15,5643.0,5666.0,5634.0,5664.0,174049,315440,5648.0,白糖,农产品,CZCE,SR0
2025-08-18,5653.0,5674.0,5636.0,5672.0,179830,322832,5657.0,白糖,农产品,CZCE,SR0
2025-08-19,5672.0,5683.0,5658.0,5661.0,170280,338456,5673.0,白糖,农产品,CZCE,SR0
2025-08-20,5667.0,5678.0,5642.0,5676.0,153382,343739,5659.0,白糖,农产品,CZCE,SR0
2025-08-21,5686.0,5703.0,5682.0,5688.0,154901,358685,5691.0,白糖,农产品,CZCE,SR0
2025-08-22,5678.0,5686.0,5663.0,5670.0,135410,361945,5673.0,白糖,农产品,CZCE,SR0
2025-08-25,5672.0,5696.0,5672.0,5688.0,133089,367664,5685.0,白糖,农产品,CZCE,SR0
2025-08-26,5685.0,5688.0,5622.0,5632.0,211128,366130,5658.0,白糖,农产品,CZCE,SR0
2025-08-27,5632.0,5639.0,5612.0,5620.0,147466,363151,5625.0,白糖,农产品,CZCE,SR0
2025-08-28,5623.0,5629.0,5586.0,5602.0,146506,359065,5601.0,白糖,农产品,CZCE,SR0
2025-08-29,5610.0,5616.0,5584.0,5604.0,150509,357771,5600.0,白糖,农产品,CZCE,SR0
2025-09-01,5600.0,5612.0,5589.0,5609.0,140109,358781,5602.0,白糖,农产品,CZCE,SR0
2025-09-02,5613.0,5624.0,5566.0,5599.0,227215,356276,5595.0,白糖,农产品,CZCE,SR0
2025-09-03,5580.0,5586.0,5556.0,5562.0,189825,362219,5569.0,白糖,农产品,CZCE,SR0
2025-09-04,5566.0,5566.0,5531.0,5533.0,183267,369333,5540.0,白糖,农产品,CZCE,SR0
2025-09-05,5526.0,5537.0,5509.0,5523.0,187748,374355,5522.0,白糖,农产品,CZCE,SR0
2025-09-08,5518.0,5539.0,5503.0,5527.0,201249,381300,5522.0,白糖,农产品,CZCE,SR0
2025-09-09,5535.0,5538.0,5509.0,5518.0,153809,388606,5521.0,白糖,农产品,CZCE,SR0
2025-09-10,5520.0,5548.0,5518.0,5535.0,196283,389187,5534.0,白糖,农产品,CZCE,SR0
2025-09-11,5545.0,5558.0,5527.0,5556.0,155411,391605,5542.0,白糖,农产品,CZCE,SR0
2025-09-12,5546.0,5555.0,5534.0,5540.0,136271,384498,5544.0,白糖,农产品,CZCE,SR0
2025-09-15,5535.0,5564.0,5532.0,5549.0,149174,381607,5545.0,白糖,农产品,CZCE,SR0
2025-09-16,5557.0,5572.0,5540.0,5547.0,182295,385623,5555.0,白糖,农产品,CZCE,SR0
2025-09-17,5546.0,5552.0,5522.0,5529.0,159507,388194,5538.0,白糖,农产品,CZCE,SR0
2025-09-18,5526.0,5536.0,5462.0,5474.0,315458,432454,5496.0,白糖,农产品,CZCE,SR0
2025-09-19,5467.0,5475.0,5448.0,5461.0,225488,450307,5460.0,白糖,农产品,CZCE,SR0
2025-09-22,5473.0,5478.0,5444.0,5452.0,185371,456830,5461.0,白糖,农产品,CZCE,SR0
2025-09-23,5451.0,5457.0,5424.0,5444.0,222211,474011,5440.0,白糖,农产品,CZCE,SR0
2025-09-24,5444.0,5508.0,5443.0,5497.0,287566,439004,5483.0,白糖,农产品,CZCE,SR0
2025-09-25,5492.0,5518.0,5481.0,5485.0,212995,431349,5497.0,白糖,农产品,CZCE,SR0
2025-09-26,5486.0,5510.0,5477.0,5478.0,153305,427474,5491.0,白糖,农产品,CZCE,SR0
2025-09-29,5485.0,5505.0,5473.0,5479.0,143702,417038,5489.0,白糖,农产品,CZCE,SR0
2025-09-30,5478.0,5504.0,5465.0,5493.0,156661,388037,5490.0,白糖,农产品,CZCE,SR0
2025-10-09,5498.0,5542.0,5481.0,5528.0,196596,373744,5517.0,白糖,农产品,CZCE,SR0
2025-10-10,5521.0,5537.0,5490.0,5496.0,170718,385836,5517.0,白糖,农产品,CZCE,SR0
2025-10-13,5490.0,5503.0,5451.0,5470.0,213337,390023,5474.0,白糖,农产品,CZCE,SR0
2025-10-14,5430.0,5432.0,5382.0,5397.0,328908,422156,5400.0,白糖,农产品,CZCE,SR0
2025-10-15,5391.0,5416.0,5386.0,5403.0,164189,433188,5402.0,白糖,农产品,CZCE,SR0
2025-10-16,5394.0,5412.0,5389.0,5408.0,144443,438116,5403.0,白糖,农产品,CZCE,SR0
2025-10-17,5420.0,5430.0,5403.0,5412.0,153332,441448,5415.0,白糖,农产品,CZCE,SR0
2025-10-20,5417.0,5451.0,5412.0,5428.0,175772,426421,5435.0,白糖,农产品,CZCE,SR0
2025-10-21,5439.0,5445.0,5423.0,5438.0,127499,421702,5436.0,白糖,农产品,CZCE,SR0
2025-10-22,5425.0,5434.0,5394.0,5426.0,211578,417296,5416.0,白糖,农产品,CZCE,SR0
2025-10-23,5421.0,5464.0,5400.0,5457.0,244061,420072,5429.0,白糖,农产品,CZCE,SR0
2025-10-24,5453.0,5464.0,5434.0,5446.0,147867,408160,5451.0,白糖,农产品,CZCE,SR0
2025-10-27,5425.0,5451.0,5414.0,5445.0,160441,401598,5433.0,白糖,农产品,CZCE,SR0
2025-10-28,5423.0,5492.0,5422.0,5483.0,280945,400036,5459.0,白糖,农产品,CZCE,SR0
2025-10-29,5480.0,5500.0,5473.0,5494.0,182203,391035,5489.0,白糖,农产品,CZCE,SR0
2025-10-30,5491.0,5500.0,5465.0,5472.0,167364,379832,5485.0,白糖,农产品,CZCE,SR0
2025-10-31,5461.0,5495.0,5450.0,5483.0,166999,372770,5477.0,白糖,农产品,CZCE,SR0
2025-11-03,5479.0,5504.0,5458.0,5499.0,173994,372791,5479.0,白糖,农产品,CZCE,SR0
2025-11-04,5493.0,5508.0,5474.0,5481.0,154845,368822,5488.0,白糖,农产品,CZCE,SR0
2025-11-05,5473.0,5477.0,5434.0,5441.0,184476,367492,5449.0,白糖,农产品,CZCE,SR0
2025-11-06,5445.0,5454.0,5426.0,5448.0,155276,372447,5440.0,白糖,农产品,CZCE,SR0
2025-11-07,5456.0,5460.0,5436.0,5457.0,140737,371961,5450.0,白糖,农产品,CZCE,SR0
2025-11-10,5457.0,5477.0,5450.0,5475.0,139545,373243,5467.0,白糖,农产品,CZCE,SR0
2025-11-11,5478.0,5490.0,5474.0,5480.0,120003,376327,5482.0,白糖,农产品,CZCE,SR0
2025-11-12,5481.0,5485.0,5467.0,5478.0,96511,372984,5478.0,白糖,农产品,CZCE,SR0
2025-11-13,5475.0,5515.0,5458.0,5512.0,208116,381687,5488.0,白糖,农产品,CZCE,SR0
2025-11-14,5508.0,5509.0,5468.0,5470.0,159139,370242,5490.0,白糖,农产品,CZCE,SR0
2025-11-17,5481.0,5485.0,5452.0,5458.0,175826,359183,5465.0,白糖,农产品,CZCE,SR0
2025-11-18,5458.0,5469.0,5405.0,5407.0,246605,363212,5429.0,白糖,农产品,CZCE,SR0
2025-11-19,5407.0,5419.0,5375.0,5381.0,259900,388009,5395.0,白糖,农产品,CZCE,SR0
2025-11-20,5391.0,5398.0,5363.0,5366.0,188301,402945,5379.0,白糖,农产品,CZCE,SR0
2025-11-21,5374.0,5389.0,5342.0,5353.0,179690,416701,5365.0,白糖,农产品,CZCE,SR0
2025-11-24,5354.0,5387.0,5336.0,5370.0,175985,417739,5359.0,白糖,农产品,CZCE,SR0
2025-11-25,5380.0,5404.0,5373.0,5387.0,135377,406329,5385.0,白糖,农产品,CZCE,SR0
2025-11-26,5389.0,5402.0,5377.0,5379.0,153464,394080,5390.0,白糖,农产品,CZCE,SR0
2025-11-27,5384.0,5413.0,5375.0,5403.0,169362,377132,5398.0,白糖,农产品,CZCE,SR0
2025-11-28,5409.0,5418.0,5392.0,5400.0,146903,361517,5407.0,白糖,农产品,CZCE,SR0
2025-12-01,5405.0,5407.0,5384.0,5405.0,133737,350573,5396.0,白糖,农产品,CZCE,SR0
2025-12-02,5390.0,5400.0,5360.0,5382.0,163973,338486,5382.0,白糖,农产品,CZCE,SR0
2025-12-03,5376.0,5380.0,5359.0,5366.0,133086,330181,5371.0,白糖,农产品,CZCE,SR0
2025-12-04,5372.0,5373.0,5308.0,5328.0,239623,329239,5328.0,白糖,农产品,CZCE,SR0
2025-12-05,5318.0,5341.0,5301.0,5303.0,153044,317303,5319.0,白糖,农产品,CZCE,SR0
2025-12-08,5303.0,5354.0,5303.0,5337.0,173785,289716,5331.0,白糖,农产品,CZCE,SR0
2025-12-09,5244.0,5258.0,5232.0,5247.0,102641,324572,5246.0,白糖,农产品,CZCE,SR0
2025-12-10,5247.0,5249.0,5215.0,5225.0,127493,349420,5231.0,白糖,农产品,CZCE,SR0
2025-12-11,5230.0,5246.0,5215.0,5245.0,223503,391467,5232.0,白糖,农产品,CZCE,SR0
2025-12-12,5244.0,5249.0,5208.0,5214.0,220740,416939,5228.0,白糖,农产品,CZCE,SR0
2025-12-15,5226.0,5242.0,5205.0,5207.0,188082,429498,5227.0,白糖,农产品,CZCE,SR0
2025-12-16,5210.0,5211.0,5132.0,5133.0,313133,481426,5166.0,白糖,农产品,CZCE,SR0
2025-12-17,5141.0,5160.0,5124.0,5139.0,253403,487935,5137.0,白糖,农产品,CZCE,SR0
2025-12-18,5138.0,5165.0,5099.0,5102.0,275933,518010,5130.0,白糖,农产品,CZCE,SR0
2025-12-19,5087.0,5106.0,5072.0,5088.0,274134,523226,5087.0,白糖,农产品,CZCE,SR0
2025-12-22,5102.0,5145.0,5095.0,5126.0,287789,513067,5123.0,白糖,农产品,CZCE,SR0
2025-12-23,5133.0,5155.0,5133.0,5155.0,207375,508950,5143.0,白糖,农产品,CZCE,SR0
2025-12-24,5158.0,5263.0,5156.0,5262.0,463098,466248,5215.0,白糖,农产品,CZCE,SR0
2025-12-25,5270.0,5278.0,5259.0,5269.0,298726,455396,5267.0,白糖,农产品,CZCE,SR0
2025-12-26,5260.0,5296.0,5246.0,5285.0,254504,448934,5278.0,白糖,农产品,CZCE,SR0
2025-12-29,5277.0,5280.0,5224.0,5253.0,261074,432294,5256.0,白糖,农产品,CZCE,SR0
2025-12-30,5260.0,5271.0,5241.0,5258.0,202265,425612,5256.0,白糖,农产品,CZCE,SR0
2025-12-31,5250.0,5256.0,5229.0,5251.0,200353,415659,5243.0,白糖,农产品,CZCE,SR0
