date,open,high,low,close,volume,hold,settle,品种,类别,交易所,合约代码
2015-01-05,2802.0,2828.0,2802.0,2805.0,1133224,2128376,2816.0,豆粕,农产品,DCE,M0
2015-01-06,2816.0,2873.0,2811.0,2849.0,1638688,1857150,2848.0,豆粕,农产品,DCE,M0
2015-01-07,2860.0,2881.0,2846.0,2858.0,1282780,1842564,2863.0,豆粕,农产品,DCE,M0
2015-01-08,2863.0,2873.0,2850.0,2864.0,931688,1879400,2861.0,豆粕,农产品,DCE,M0
2015-01-09,2863.0,2873.0,2820.0,2831.0,1413136,1994680,2842.0,豆粕,农产品,DCE,M0
2015-01-12,2835.0,2849.0,2826.0,2837.0,836516,1983200,2837.0,豆粕,农产品,DCE,M0
2015-01-13,2830.0,2846.0,2770.0,2785.0,1807898,2184950,2797.0,豆粕,农产品,DCE,M0
2015-01-14,2782.0,2792.0,2716.0,2719.0,2093774,2281052,2750.0,豆粕,农产品,DCE,M0
2015-01-15,2718.0,2755.0,2702.0,2746.0,2024042,2140580,2732.0,豆粕,农产品,DCE,M0
2015-01-16,2741.0,2765.0,2692.0,2710.0,2806146,2253938,2720.0,豆粕,农产品,DCE,M0
2015-01-19,2713.0,2735.0,2620.0,2681.0,3603260,2048538,2691.0,豆粕,农产品,DCE,M0
2015-01-20,2681.0,2683.0,2644.0,2669.0,2109820,2081390,2662.0,豆粕,农产品,DCE,M0
2015-01-21,2669.0,2730.0,2645.0,2693.0,2825926,2107458,2682.0,豆粕,农产品,DCE,M0
2015-01-22,2690.0,2721.0,2682.0,2698.0,2285610,2187792,2700.0,豆粕,农产品,DCE,M0
2015-01-23,2711.0,2711.0,2663.0,2681.0,2016936,2194440,2679.0,豆粕,农产品,DCE,M0
2015-01-26,2671.0,2698.0,2658.0,2674.0,2383954,2236424,2679.0,豆粕,农产品,DCE,M0
2015-01-27,2670.0,2720.0,2669.0,2695.0,2215258,2181984,2695.0,豆粕,农产品,DCE,M0
2015-01-28,2696.0,2702.0,2676.0,2691.0,1573514,2167684,2688.0,豆粕,农产品,DCE,M0
2015-01-29,2684.0,2702.0,2673.0,2686.0,1528462,2140312,2685.0,豆粕,农产品,DCE,M0
2015-01-30,2682.0,2702.0,2677.0,2694.0,1672080,2102938,2692.0,豆粕,农产品,DCE,M0
2015-02-02,2697.0,2697.0,2655.0,2665.0,2221282,2231834,2671.0,豆粕,农产品,DCE,M0
2015-02-03,2671.0,2701.0,2663.0,2691.0,1870170,2224246,2682.0,豆粕,农产品,DCE,M0
2015-02-04,2699.0,2752.0,2689.0,2720.0,3041890,2117758,2721.0,豆粕,农产品,DCE,M0
2015-02-05,2721.0,2727.0,2700.0,2716.0,1539530,2088058,2714.0,豆粕,农产品,DCE,M0
2015-02-06,2721.0,2742.0,2716.0,2725.0,1684274,2038138,2727.0,豆粕,农产品,DCE,M0
2015-02-09,2731.0,2738.0,2712.0,2737.0,1413060,2008488,2726.0,豆粕,农产品,DCE,M0
2015-02-10,2732.0,2759.0,2729.0,2734.0,1591966,1955180,2743.0,豆粕,农产品,DCE,M0
2015-02-11,2731.0,2759.0,2724.0,2744.0,1658578,1974310,2740.0,豆粕,农产品,DCE,M0
2015-02-12,2738.0,2749.0,2735.0,2742.0,693770,1936714,2741.0,豆粕,农产品,DCE,M0
2015-02-13,2745.0,2795.0,2743.0,2794.0,1557154,1848922,2769.0,豆粕,农产品,DCE,M0
2015-02-16,2786.0,2819.0,2785.0,2799.0,1128734,1776156,2804.0,豆粕,农产品,DCE,M0
2015-02-17,2793.0,2814.0,2789.0,2809.0,446456,1716552,2800.0,豆粕,农产品,DCE,M0
2015-02-25,2848.0,2869.0,2831.0,2838.0,597144,1702566,2844.0,豆粕,农产品,DCE,M0
2015-02-26,2838.0,2865.0,2832.0,2851.0,979856,1724848,2849.0,豆粕,农产品,DCE,M0
2015-02-27,2818.0,2880.0,2808.0,2864.0,2140000,1992600,2843.0,豆粕,农产品,DCE,M0
2015-03-02,2869.0,2875.0,2842.0,2861.0,1904162,2182690,2859.0,豆粕,农产品,DCE,M0
2015-03-03,2853.0,2864.0,2807.0,2820.0,2058066,2300520,2831.0,豆粕,农产品,DCE,M0
2015-03-04,2823.0,2826.0,2795.0,2817.0,1563664,2402506,2811.0,豆粕,农产品,DCE,M0
2015-03-05,2805.0,2809.0,2769.0,2781.0,1620220,2386236,2784.0,豆粕,农产品,DCE,M0
2015-03-06,2781.0,2801.0,2761.0,2762.0,1734038,2486742,2781.0,豆粕,农产品,DCE,M0
2015-03-09,2766.0,2798.0,2754.0,2787.0,1894096,2532186,2780.0,豆粕,农产品,DCE,M0
2015-03-10,2782.0,2807.0,2782.0,2786.0,1637750,2526668,2793.0,豆粕,农产品,DCE,M0
2015-03-11,2783.0,2844.0,2766.0,2822.0,3597522,2658142,2804.0,豆粕,农产品,DCE,M0
2015-03-12,2820.0,2858.0,2811.0,2839.0,2935928,2707320,2833.0,豆粕,农产品,DCE,M0
2015-03-13,2838.0,2847.0,2802.0,2810.0,3339740,2731938,2821.0,豆粕,农产品,DCE,M0
2015-03-16,2802.0,2809.0,2766.0,2785.0,2193840,2796188,2787.0,豆粕,农产品,DCE,M0
2015-03-17,2792.0,2810.0,2778.0,2781.0,2045880,2925680,2792.0,豆粕,农产品,DCE,M0
2015-03-18,2775.0,2781.0,2750.0,2752.0,2067994,3033172,2766.0,豆粕,农产品,DCE,M0
2015-03-19,2761.0,2797.0,2750.0,2776.0,1863808,3062468,2772.0,豆粕,农产品,DCE,M0
2015-03-20,2768.0,2777.0,2756.0,2773.0,1635004,3072698,2766.0,豆粕,农产品,DCE,M0
2015-03-23,2775.0,2816.0,2771.0,2806.0,2209604,3181598,2796.0,豆粕,农产品,DCE,M0
2015-03-24,2804.0,2827.0,2787.0,2818.0,2408170,3241714,2810.0,豆粕,农产品,DCE,M0
2015-03-25,2815.0,2821.0,2795.0,2799.0,2111250,3239636,2806.0,豆粕,农产品,DCE,M0
2015-03-26,2803.0,2811.0,2777.0,2780.0,1920590,3272778,2793.0,豆粕,农产品,DCE,M0
2015-03-27,2773.0,2784.0,2763.0,2782.0,1588942,3299814,2775.0,豆粕,农产品,DCE,M0
2015-03-30,2776.0,2781.0,2757.0,2763.0,1833266,3334668,2768.0,豆粕,农产品,DCE,M0
2015-03-31,2760.0,2766.0,2737.0,2753.0,2352584,3359370,2752.0,豆粕,农产品,DCE,M0
2015-04-01,2748.0,2822.0,2746.0,2794.0,4194538,3258912,2789.0,豆粕,农产品,DCE,M0
2015-04-02,2794.0,2817.0,2787.0,2798.0,2342528,3239996,2803.0,豆粕,农产品,DCE,M0
2015-04-03,2790.0,2799.0,2770.0,2773.0,2003270,3219262,2784.0,豆粕,农产品,DCE,M0
2015-04-07,2765.0,2789.0,2762.0,2768.0,1015032,3318882,2772.0,豆粕,农产品,DCE,M0
2015-04-08,2760.0,2771.0,2750.0,2763.0,1653240,3420206,2761.0,豆粕,农产品,DCE,M0
2015-04-09,2763.0,2769.0,2708.0,2708.0,2683294,3605968,2732.0,豆粕,农产品,DCE,M0
2015-04-10,2708.0,2715.0,2676.0,2682.0,2819572,3605558,2697.0,豆粕,农产品,DCE,M0
2015-04-13,2686.0,2708.0,2674.0,2695.0,2367384,3604210,2690.0,豆粕,农产品,DCE,M0
2015-04-14,2691.0,2698.0,2682.0,2696.0,1354824,3603500,2690.0,豆粕,农产品,DCE,M0
2015-04-15,2707.0,2719.0,2700.0,2708.0,1671496,3616028,2711.0,豆粕,农产品,DCE,M0
2015-04-16,2705.0,2723.0,2690.0,2695.0,2446088,3749874,2705.0,豆粕,农产品,DCE,M0
2015-04-17,2698.0,2709.0,2694.0,2707.0,1511298,3740534,2702.0,豆粕,农产品,DCE,M0
2015-04-20,2707.0,2731.0,2697.0,2719.0,2038562,3664830,2714.0,豆粕,农产品,DCE,M0
2015-04-21,2722.0,2728.0,2711.0,2726.0,1489304,3669178,2720.0,豆粕,农产品,DCE,M0
2015-04-22,2723.0,2734.0,2702.0,2709.0,1735768,3767378,2713.0,豆粕,农产品,DCE,M0
2015-04-23,2707.0,2728.0,2703.0,2720.0,1464392,3654578,2716.0,豆粕,农产品,DCE,M0
2015-04-24,2720.0,2750.0,2720.0,2733.0,2244310,3596618,2737.0,豆粕,农产品,DCE,M0
2015-04-27,2733.0,2748.0,2724.0,2741.0,1667272,3712272,2734.0,豆粕,农产品,DCE,M0
2015-04-28,2741.0,2780.0,2739.0,2764.0,2643874,3839560,2761.0,豆粕,农产品,DCE,M0
2015-04-29,2773.0,2783.0,2740.0,2746.0,2190182,3777730,2761.0,豆粕,农产品,DCE,M0
2015-04-30,2752.0,2775.0,2744.0,2772.0,1750846,3789542,2761.0,豆粕,农产品,DCE,M0
2015-05-04,2735.0,2740.0,2720.0,2730.0,1257472,3874420,2731.0,豆粕,农产品,DCE,M0
2015-05-05,2728.0,2756.0,2713.0,2730.0,2309590,3932496,2737.0,豆粕,农产品,DCE,M0
2015-05-06,2730.0,2759.0,2728.0,2748.0,2054582,3987802,2742.0,豆粕,农产品,DCE,M0
2015-05-07,2743.0,2769.0,2735.0,2754.0,2942034,4005146,2752.0,豆粕,农产品,DCE,M0
2015-05-08,2752.0,2757.0,2725.0,2727.0,1862234,4055578,2736.0,豆粕,农产品,DCE,M0
2015-05-11,2729.0,2741.0,2723.0,2733.0,1411918,4101558,2732.0,豆粕,农产品,DCE,M0
2015-05-12,2730.0,2737.0,2686.0,2688.0,2577354,4251210,2705.0,豆粕,农产品,DCE,M0
2015-05-13,2688.0,2710.0,2670.0,2677.0,2161540,4315196,2687.0,豆粕,农产品,DCE,M0
2015-05-14,2681.0,2691.0,2664.0,2672.0,1962450,4381246,2675.0,豆粕,农产品,DCE,M0
2015-05-15,2672.0,2684.0,2670.0,2672.0,1292174,4383014,2676.0,豆粕,农产品,DCE,M0
2015-05-18,2674.0,2680.0,2653.0,2671.0,1594348,4463942,2665.0,豆粕,农产品,DCE,M0
2015-05-19,2676.0,2685.0,2659.0,2662.0,1530002,4481244,2674.0,豆粕,农产品,DCE,M0
2015-05-20,2655.0,2656.0,2574.0,2590.0,3398278,4273908,2616.0,豆粕,农产品,DCE,M0
2015-05-21,2588.0,2603.0,2581.0,2583.0,1778018,4291252,2593.0,豆粕,农产品,DCE,M0
2015-05-22,2584.0,2600.0,2565.0,2587.0,2158036,4356782,2580.0,豆粕,农产品,DCE,M0
2015-05-25,2588.0,2600.0,2530.0,2535.0,2138842,4406198,2555.0,豆粕,农产品,DCE,M0
2015-05-26,2539.0,2553.0,2526.0,2528.0,2094650,4449180,2541.0,豆粕,农产品,DCE,M0
2015-05-27,2520.0,2551.0,2514.0,2533.0,1979394,4464104,2536.0,豆粕,农产品,DCE,M0
2015-05-28,2538.0,2569.0,2536.0,2556.0,2369644,4331760,2557.0,豆粕,农产品,DCE,M0
2015-05-29,2557.0,2565.0,2544.0,2553.0,1580138,4323452,2553.0,豆粕,农产品,DCE,M0
2015-06-01,2547.0,2558.0,2516.0,2519.0,2167382,4520182,2535.0,豆粕,农产品,DCE,M0
2015-06-02,2524.0,2562.0,2517.0,2556.0,2926394,4434028,2537.0,豆粕,农产品,DCE,M0
2015-06-03,2560.0,2582.0,2559.0,2571.0,2080584,4347564,2567.0,豆粕,农产品,DCE,M0
2015-06-04,2569.0,2575.0,2541.0,2566.0,2350754,4329160,2559.0,豆粕,农产品,DCE,M0
2015-06-05,2568.0,2578.0,2557.0,2564.0,1691310,4206714,2567.0,豆粕,农产品,DCE,M0
2015-06-08,2565.0,2572.0,2541.0,2551.0,1344738,4205952,2555.0,豆粕,农产品,DCE,M0
2015-06-09,2558.0,2569.0,2555.0,2561.0,1091082,4128464,2562.0,豆粕,农产品,DCE,M0
2015-06-10,2559.0,2571.0,2551.0,2553.0,1104890,4134584,2562.0,豆粕,农产品,DCE,M0
2015-06-11,2558.0,2567.0,2553.0,2555.0,1075394,4101636,2560.0,豆粕,农产品,DCE,M0
2015-06-12,2549.0,2549.0,2479.0,2490.0,3081766,4117618,2511.0,豆粕,农产品,DCE,M0
2015-06-15,2497.0,2498.0,2445.0,2454.0,2397950,4023858,2469.0,豆粕,农产品,DCE,M0
2015-06-16,2450.0,2478.0,2440.0,2475.0,1832360,3934114,2460.0,豆粕,农产品,DCE,M0
2015-06-17,2474.0,2547.0,2446.0,2522.0,2888848,3836360,2508.0,豆粕,农产品,DCE,M0
2015-06-18,2515.0,2531.0,2501.0,2505.0,1220412,3810298,2516.0,豆粕,农产品,DCE,M0
2015-06-19,2505.0,2556.0,2495.0,2532.0,2213308,3629792,2529.0,豆粕,农产品,DCE,M0
2015-06-23,2435.0,2487.0,2435.0,2484.0,652,1374,2465.0,豆粕,农产品,DCE,M0
2015-06-24,2585.0,2595.0,2568.0,2573.0,1555962,3575776,2579.0,豆粕,农产品,DCE,M0
2015-06-25,2571.0,2585.0,2559.0,2573.0,1185476,3571822,2573.0,豆粕,农产品,DCE,M0
2015-06-26,2590.0,2626.0,2583.0,2604.0,2526050,3411680,2605.0,豆粕,农产品,DCE,M0
2015-06-29,2644.0,2649.0,2582.0,2600.0,2705410,3107002,2615.0,豆粕,农产品,DCE,M0
2015-06-30,2605.0,2618.0,2548.0,2556.0,2284550,2929526,2574.0,豆粕,农产品,DCE,M0
2015-07-01,2565.0,2676.0,2544.0,2676.0,3199970,2695810,2642.0,豆粕,农产品,DCE,M0
2015-07-02,2702.0,2705.0,2702.0,2702.0,2486068,2365428,2685.0,豆粕,农产品,DCE,M0
2015-07-03,2690.0,2749.0,2685.0,2736.0,2589328,2358742,2720.0,豆粕,农产品,DCE,M0
2015-07-06,2732.0,2737.0,2674.0,2700.0,2238886,2163816,2707.0,豆粕,农产品,DCE,M0
2015-07-07,2690.0,2753.0,2682.0,2709.0,3007226,2082922,2720.0,豆粕,农产品,DCE,M0
2015-07-08,2709.0,2711.0,2612.0,2612.0,2746922,1714962,2640.0,豆粕,农产品,DCE,M0
2015-07-09,2563.0,2719.0,2482.0,2663.0,3475602,1531924,2629.0,豆粕,农产品,DCE,M0
2015-07-10,2696.0,2734.0,2678.0,2734.0,1845270,1498254,2714.0,豆粕,农产品,DCE,M0
2015-07-13,2754.0,2772.0,2690.0,2732.0,1982272,1467390,2735.0,豆粕,农产品,DCE,M0
2015-07-14,2717.0,2838.0,2712.0,2806.0,3276754,1402588,2785.0,豆粕,农产品,DCE,M0
2015-07-15,2798.0,2821.0,2763.0,2789.0,2772164,1349788,2788.0,豆粕,农产品,DCE,M0
2015-07-16,2786.0,2796.0,2728.0,2784.0,2527274,1268096,2761.0,豆粕,农产品,DCE,M0
2015-07-17,2793.0,2812.0,2709.0,2720.0,2394846,1237690,2757.0,豆粕,农产品,DCE,M0
2015-07-20,2707.0,2737.0,2665.0,2685.0,1779900,1183800,2699.0,豆粕,农产品,DCE,M0
2015-07-21,2680.0,2718.0,2671.0,2699.0,1360282,1172700,2698.0,豆粕,农产品,DCE,M0
2015-07-22,2700.0,2735.0,2692.0,2735.0,1371202,1132142,2714.0,豆粕,农产品,DCE,M0
2015-07-23,2758.0,2794.0,2752.0,2771.0,1858552,1204482,2775.0,豆粕,农产品,DCE,M0
2015-07-24,2765.0,2783.0,2723.0,2740.0,1883682,1227372,2751.0,豆粕,农产品,DCE,M0
2015-07-27,2732.0,2744.0,2677.0,2678.0,1782920,1252718,2711.0,豆粕,农产品,DCE,M0
2015-07-28,2668.0,2688.0,2651.0,2681.0,1861670,1232396,2672.0,豆粕,农产品,DCE,M0
2015-07-29,2686.0,2703.0,2662.0,2681.0,1649434,1267494,2683.0,豆粕,农产品,DCE,M0
2015-07-30,2677.0,2715.0,2670.0,2687.0,1991642,1264432,2695.0,豆粕,农产品,DCE,M0
2015-07-31,2706.0,2714.0,2685.0,2699.0,1706614,1324962,2698.0,豆粕,农产品,DCE,M0
2015-08-03,2690.0,2705.0,2656.0,2665.0,1808930,1354194,2681.0,豆粕,农产品,DCE,M0
2015-08-04,2659.0,2712.0,2651.0,2707.0,2002744,1383020,2687.0,豆粕,农产品,DCE,M0
2015-08-05,2710.0,2734.0,2704.0,2723.0,2337114,1432756,2719.0,豆粕,农产品,DCE,M0
2015-08-06,2739.0,2745.0,2708.0,2729.0,1879160,1430484,2724.0,豆粕,农产品,DCE,M0
2015-08-07,2722.0,2736.0,2683.0,2703.0,2333798,1355698,2707.0,豆粕,农产品,DCE,M0
2015-08-10,2703.0,2784.0,2699.0,2776.0,2772306,1513196,2751.0,豆粕,农产品,DCE,M0
2015-08-11,2776.0,2831.0,2772.0,2810.0,3414358,1554668,2801.0,豆粕,农产品,DCE,M0
2015-08-12,2808.0,2816.0,2782.0,2810.0,2741426,1559074,2799.0,豆粕,农产品,DCE,M0
2015-08-13,2828.0,2847.0,2688.0,2734.0,4239736,1568082,2762.0,豆粕,农产品,DCE,M0
2015-08-14,2734.0,2747.0,2721.0,2722.0,1963658,1521288,2731.0,豆粕,农产品,DCE,M0
2015-08-17,2714.0,2726.0,2708.0,2719.0,1348100,1524000,2718.0,豆粕,农产品,DCE,M0
2015-08-18,2726.0,2737.0,2707.0,2712.0,1553786,1542416,2723.0,豆粕,农产品,DCE,M0
2015-08-19,2700.0,2701.0,2658.0,2684.0,2463250,1493088,2676.0,豆粕,农产品,DCE,M0
2015-08-20,2699.0,2700.0,2655.0,2666.0,1886438,1545158,2675.0,豆粕,农产品,DCE,M0
2015-08-21,2671.0,2706.0,2669.0,2678.0,1713302,1518528,2685.0,豆粕,农产品,DCE,M0
2015-08-24,2675.0,2689.0,2606.0,2629.0,2964542,1597658,2641.0,豆粕,农产品,DCE,M0
2015-08-25,2603.0,2680.0,2602.0,2671.0,3421584,1571654,2650.0,豆粕,农产品,DCE,M0
2015-08-26,2706.0,2721.0,2667.0,2684.0,2279692,1521928,2694.0,豆粕,农产品,DCE,M0
2015-08-27,2695.0,2723.0,2675.0,2719.0,2267200,1519000,2696.0,豆粕,农产品,DCE,M0
2015-08-28,2727.0,2764.0,2690.0,2704.0,3189120,1418678,2724.0,豆粕,农产品,DCE,M0
2015-08-31,2703.0,2725.0,2672.0,2673.0,2736596,1381014,2700.0,豆粕,农产品,DCE,M0
2015-09-01,2669.0,2685.0,2659.0,2682.0,1706456,1385856,2672.0,豆粕,农产品,DCE,M0
2015-09-02,2674.0,2699.0,2656.0,2698.0,1689576,1358180,2675.0,豆粕,农产品,DCE,M0
2015-09-03,2674.0,2699.0,2656.0,2675.0,1689500,1358100,2675.0,豆粕,农产品,DCE,M0
2015-09-07,2598.0,2642.0,2592.0,2593.0,1500,4554,2595.0,豆粕,农产品,DCE,M0
2015-09-08,2655.0,2675.0,2649.0,2673.0,1187788,1397020,2663.0,豆粕,农产品,DCE,M0
2015-09-09,2676.0,2702.0,2672.0,2677.0,1940952,1399188,2686.0,豆粕,农产品,DCE,M0
2015-09-10,2685.0,2695.0,2673.0,2688.0,1448658,1398360,2684.0,豆粕,农产品,DCE,M0
2015-09-11,2673.0,2697.0,2669.0,2679.0,1754420,1370258,2685.0,豆粕,农产品,DCE,M0
2015-09-14,2680.0,2735.0,2665.0,2721.0,2942042,1528294,2711.0,豆粕,农产品,DCE,M0
2015-09-15,2721.0,2745.0,2718.0,2733.0,2043938,1539872,2734.0,豆粕,农产品,DCE,M0
2015-09-16,2725.0,2747.0,2711.0,2739.0,1980844,1557032,2729.0,豆粕,农产品,DCE,M0
2015-09-17,2739.0,2743.0,2715.0,2719.0,1467780,1537798,2728.0,豆粕,农产品,DCE,M0
2015-09-18,2713.0,2726.0,2696.0,2697.0,1432890,1536168,2710.0,豆粕,农产品,DCE,M0
2015-09-21,2696.0,2697.0,2644.0,2680.0,1743610,1434452,2671.0,豆粕,农产品,DCE,M0
2015-09-22,2676.0,2686.0,2668.0,2675.0,970412,1438790,2676.0,豆粕,农产品,DCE,M0
2015-09-23,2661.0,2675.0,2657.0,2672.0,1033140,1449814,2665.0,豆粕,农产品,DCE,M0
2015-09-24,2674.0,2682.0,2661.0,2669.0,850236,1426604,2670.0,豆粕,农产品,DCE,M0
2015-09-25,2660.0,2685.0,2655.0,2675.0,1051774,1381068,2671.0,豆粕,农产品,DCE,M0
2015-09-28,2690.0,2699.0,2665.0,2674.0,736652,1339980,2678.0,豆粕,农产品,DCE,M0
2015-09-29,2667.0,2673.0,2630.0,2646.0,1399546,1250936,2652.0,豆粕,农产品,DCE,M0
2015-09-30,2653.0,2678.0,2651.0,2670.0,890586,1138182,2666.0,豆粕,农产品,DCE,M0
2015-10-01,2653.0,2678.0,2651.0,2666.0,0,1138100,2666.0,豆粕,农产品,DCE,M0
2015-10-08,2666.0,2686.0,2666.0,2666.0,26,256,2671.0,豆粕,农产品,DCE,M0
2015-10-09,2651.0,2670.0,2631.0,2632.0,1700086,1306902,2652.0,豆粕,农产品,DCE,M0
2015-10-12,2640.0,2675.0,2634.0,2664.0,1948800,1266900,2652.0,豆粕,农产品,DCE,M0
2015-10-13,2664.0,2672.0,2649.0,2659.0,1324338,1317662,2659.0,豆粕,农产品,DCE,M0
2015-10-14,2664.0,2706.0,2661.0,2693.0,2013212,1411202,2688.0,豆粕,农产品,DCE,M0
2015-10-15,2705.0,2710.0,2683.0,2691.0,1265522,1371286,2695.0,豆粕,农产品,DCE,M0
2015-10-16,2687.0,2701.0,2680.0,2685.0,1329018,1402494,2689.0,豆粕,农产品,DCE,M0
2015-10-19,2681.0,2683.0,2655.0,2659.0,1121832,1395648,2667.0,豆粕,农产品,DCE,M0
2015-10-20,2659.0,2664.0,2613.0,2641.0,1917316,1462126,2640.0,豆粕,农产品,DCE,M0
2015-10-21,2643.0,2649.0,2606.0,2609.0,2001784,1466500,2622.0,豆粕,农产品,DCE,M0
2015-10-22,2607.0,2634.0,2601.0,2629.0,1321724,1419092,2616.0,豆粕,农产品,DCE,M0
2015-10-23,2631.0,2639.0,2568.0,2580.0,2590120,1571018,2592.0,豆粕,农产品,DCE,M0
2015-10-26,2588.0,2590.0,2558.0,2580.0,1804124,1503724,2574.0,豆粕,农产品,DCE,M0
2015-10-27,2579.0,2586.0,2546.0,2582.0,1498752,1427890,2566.0,豆粕,农产品,DCE,M0
2015-10-28,2586.0,2596.0,2572.0,2580.0,1194906,1367882,2582.0,豆粕,农产品,DCE,M0
2015-10-29,2575.0,2582.0,2565.0,2575.0,1086326,1348692,2572.0,豆粕,农产品,DCE,M0
2015-10-30,2570.0,2575.0,2551.0,2553.0,990046,1385494,2560.0,豆粕,农产品,DCE,M0
2015-11-02,2559.0,2567.0,2542.0,2553.0,903520,1407850,2556.0,豆粕,农产品,DCE,M0
2015-11-03,2553.0,2557.0,2512.0,2513.0,1448324,1550682,2528.0,豆粕,农产品,DCE,M0
2015-11-04,2510.0,2535.0,2507.0,2518.0,1270408,1546678,2521.0,豆粕,农产品,DCE,M0
2015-11-05,2515.0,2526.0,2490.0,2491.0,1455916,1648922,2507.0,豆粕,农产品,DCE,M0
2015-11-06,2501.0,2501.0,2459.0,2471.0,1755904,1589568,2477.0,豆粕,农产品,DCE,M0
2015-11-09,2472.0,2486.0,2456.0,2470.0,1197602,1582476,2470.0,豆粕,农产品,DCE,M0
2015-11-10,2475.0,2475.0,2457.0,2465.0,847766,1587864,2464.0,豆粕,农产品,DCE,M0
2015-11-11,2461.0,2481.0,2445.0,2471.0,1522140,1499386,2467.0,豆粕,农产品,DCE,M0
2015-11-12,2473.0,2488.0,2465.0,2474.0,887140,1477100,2477.0,豆粕,农产品,DCE,M0
2015-11-13,2467.0,2481.0,2442.0,2446.0,1015022,1500982,2460.0,豆粕,农产品,DCE,M0
2015-11-16,2445.0,2449.0,2421.0,2423.0,875512,1471144,2438.0,豆粕,农产品,DCE,M0
2015-11-17,2426.0,2428.0,2405.0,2407.0,879850,1446726,2416.0,豆粕,农产品,DCE,M0
2015-11-18,2410.0,2435.0,2406.0,2422.0,1041190,1388396,2421.0,豆粕,农产品,DCE,M0
2015-11-19,2430.0,2438.0,2382.0,2392.0,1555598,1292294,2408.0,豆粕,农产品,DCE,M0
2015-11-20,2391.0,2398.0,2362.0,2372.0,1064766,1234552,2380.0,豆粕,农产品,DCE,M0
2015-11-23,2321.0,2328.0,2250.0,2255.0,1642780,1456918,2288.0,豆粕,农产品,DCE,M0
2015-11-24,2255.0,2318.0,2246.0,2313.0,1615930,1538704,2285.0,豆粕,农产品,DCE,M0
2015-11-25,2316.0,2341.0,2294.0,2318.0,1666120,1607836,2316.0,豆粕,农产品,DCE,M0
2015-11-26,2314.0,2378.0,2300.0,2365.0,1877008,1611402,2343.0,豆粕,农产品,DCE,M0
2015-11-27,2361.0,2378.0,2340.0,2363.0,1360946,1631664,2359.0,豆粕,农产品,DCE,M0
2015-11-30,2360.0,2365.0,2330.0,2342.0,1219012,1616028,2346.0,豆粕,农产品,DCE,M0
2015-12-01,2343.0,2385.0,2340.0,2366.0,1404106,1632446,2363.0,豆粕,农产品,DCE,M0
2015-12-02,2380.0,2390.0,2361.0,2380.0,1285790,1689952,2376.0,豆粕,农产品,DCE,M0
2015-12-03,2376.0,2379.0,2335.0,2336.0,1420876,1813040,2353.0,豆粕,农产品,DCE,M0
2015-12-04,2332.0,2347.0,2313.0,2341.0,1611108,1944754,2330.0,豆粕,农产品,DCE,M0
2015-12-07,2335.0,2378.0,2333.0,2371.0,1398232,1838292,2359.0,豆粕,农产品,DCE,M0
2015-12-08,2368.0,2371.0,2284.0,2309.0,1929664,1792924,2322.0,豆粕,农产品,DCE,M0
2015-12-09,2315.0,2319.0,2289.0,2300.0,1475130,1695990,2304.0,豆粕,农产品,DCE,M0
2015-12-10,2305.0,2313.0,2285.0,2294.0,1109462,1749596,2297.0,豆粕,农产品,DCE,M0
2015-12-11,2295.0,2341.0,2292.0,2340.0,1391598,1620724,2316.0,豆粕,农产品,DCE,M0
2015-12-14,2338.0,2348.0,2321.0,2345.0,1382658,1620036,2336.0,豆粕,农产品,DCE,M0
2015-12-15,2338.0,2371.0,2332.0,2344.0,1571534,1579328,2351.0,豆粕,农产品,DCE,M0
2015-12-16,2350.0,2361.0,2330.0,2355.0,1322676,1609132,2343.0,豆粕,农产品,DCE,M0
2015-12-17,2353.0,2364.0,2311.0,2314.0,1892990,1847328,2336.0,豆粕,农产品,DCE,M0
2015-12-18,2317.0,2367.0,2309.0,2365.0,1756952,1706694,2341.0,豆粕,农产品,DCE,M0
2015-12-21,2370.0,2419.0,2364.0,2418.0,1784970,1664996,2385.0,豆粕,农产品,DCE,M0
2015-12-22,2417.0,2422.0,2398.0,2406.0,1492704,1639428,2410.0,豆粕,农产品,DCE,M0
2015-12-23,2409.0,2412.0,2385.0,2397.0,1248652,1620044,2398.0,豆粕,农产品,DCE,M0
2015-12-24,2396.0,2402.0,2373.0,2382.0,1265586,1611402,2387.0,豆粕,农产品,DCE,M0
2015-12-25,2386.0,2390.0,2361.0,2364.0,1103264,1596112,2375.0,豆粕,农产品,DCE,M0
2015-12-28,2366.0,2372.0,2338.0,2345.0,1102178,1594344,2354.0,豆粕,农产品,DCE,M0
2015-12-29,2344.0,2371.0,2341.0,2370.0,1133802,1582254,2355.0,豆粕,农产品,DCE,M0
2015-12-30,2368.0,2377.0,2350.0,2360.0,1760472,1670914,2363.0,豆粕,农产品,DCE,M0
2015-12-31,2359.0,2380.0,2353.0,2380.0,1436936,1511136,2367.0,豆粕,农产品,DCE,M0
2016-01-04,2370.0,2377.0,2321.0,2326.0,1335646,1553566,2342.0,豆粕,农产品,DCE,M0
2016-01-05,2328.0,2347.0,2325.0,2343.0,1139054,1504576,2336.0,豆粕,农产品,DCE,M0
2016-01-06,2344.0,2352.0,2327.0,2347.0,1367216,1514752,2340.0,豆粕,农产品,DCE,M0
2016-01-07,2344.0,2386.0,2339.0,2376.0,1975726,1457710,2369.0,豆粕,农产品,DCE,M0
2016-01-08,2373.0,2407.0,2363.0,2404.0,1978374,1574678,2391.0,豆粕,农产品,DCE,M0
2016-01-11,2406.0,2413.0,2377.0,2383.0,1490070,1470028,2393.0,豆粕,农产品,DCE,M0
2016-01-12,2383.0,2397.0,2372.0,2378.0,1498406,1470060,2382.0,豆粕,农产品,DCE,M0
2016-01-13,2380.0,2413.0,2376.0,2382.0,1877026,1533138,2392.0,豆粕,农产品,DCE,M0
2016-01-14,2386.0,2415.0,2376.0,2406.0,1860008,1576008,2397.0,豆粕,农产品,DCE,M0
2016-01-15,2406.0,2416.0,2395.0,2404.0,1355476,1569586,2405.0,豆粕,农产品,DCE,M0
2016-01-18,2396.0,2462.0,2394.0,2458.0,2383820,1578096,2433.0,豆粕,农产品,DCE,M0
2016-01-19,2458.0,2470.0,2450.0,2462.0,1453138,1558610,2461.0,豆粕,农产品,DCE,M0
2016-01-20,2462.0,2471.0,2440.0,2453.0,1575738,1526076,2453.0,豆粕,农产品,DCE,M0
2016-01-21,2448.0,2452.0,2419.0,2425.0,1485312,1477962,2436.0,豆粕,农产品,DCE,M0
2016-01-22,2428.0,2459.0,2425.0,2452.0,1164004,1417696,2444.0,豆粕,农产品,DCE,M0
2016-01-25,2452.0,2463.0,2428.0,2434.0,1147520,1384894,2443.0,豆粕,农产品,DCE,M0
2016-01-26,2432.0,2453.0,2423.0,2443.0,839828,1384800,2439.0,豆粕,农产品,DCE,M0
2016-01-27,2440.0,2452.0,2428.0,2448.0,1050482,1417870,2441.0,豆粕,农产品,DCE,M0
2016-01-28,2446.0,2460.0,2435.0,2443.0,1263326,1381288,2448.0,豆粕,农产品,DCE,M0
2016-01-29,2442.0,2444.0,2411.0,2419.0,1063362,1368258,2424.0,豆粕,农产品,DCE,M0
2016-02-01,2422.0,2451.0,2416.0,2444.0,822598,1337758,2437.0,豆粕,农产品,DCE,M0
2016-02-02,2440.0,2461.0,2437.0,2456.0,675808,1364016,2449.0,豆粕,农产品,DCE,M0
2016-02-03,2450.0,2457.0,2439.0,2453.0,738972,1288826,2447.0,豆粕,农产品,DCE,M0
2016-02-04,2451.0,2457.0,2437.0,2445.0,746966,1216700,2446.0,豆粕,农产品,DCE,M0
2016-02-05,2445.0,2449.0,2425.0,2437.0,630870,1162184,2435.0,豆粕,农产品,DCE,M0
2016-02-15,2428.0,2445.0,2417.0,2421.0,390118,1224150,2429.0,豆粕,农产品,DCE,M0
2016-02-16,2420.0,2443.0,2405.0,2410.0,1089252,1314846,2424.0,豆粕,农产品,DCE,M0
2016-02-17,2410.0,2420.0,2382.0,2383.0,1084588,1399348,2401.0,豆粕,农产品,DCE,M0
2016-02-18,2383.0,2399.0,2379.0,2383.0,907500,1463008,2388.0,豆粕,农产品,DCE,M0
2016-02-19,2384.0,2404.0,2376.0,2393.0,1213280,1464074,2391.0,豆粕,农产品,DCE,M0
2016-02-22,2388.0,2411.0,2387.0,2402.0,825530,1478700,2399.0,豆粕,农产品,DCE,M0
2016-02-23,2404.0,2415.0,2382.0,2385.0,843964,1491400,2396.0,豆粕,农产品,DCE,M0
2016-02-24,2388.0,2390.0,2340.0,2355.0,1844618,1446970,2360.0,豆粕,农产品,DCE,M0
2016-02-25,2351.0,2358.0,2333.0,2344.0,898664,1481626,2345.0,豆粕,农产品,DCE,M0
2016-02-26,2347.0,2357.0,2325.0,2330.0,955594,1465600,2339.0,豆粕,农产品,DCE,M0
2016-02-29,2330.0,2339.0,2288.0,2301.0,1441490,1437120,2308.0,豆粕,农产品,DCE,M0
2016-03-01,2302.0,2316.0,2294.0,2312.0,927854,1427786,2305.0,豆粕,农产品,DCE,M0
2016-03-02,2317.0,2335.0,2305.0,2309.0,1262446,1396378,2318.0,豆粕,农产品,DCE,M0
2016-03-03,2287.0,2310.0,2280.0,2304.0,531814,1521202,2298.0,豆粕,农产品,DCE,M0
2016-03-04,2301.0,2332.0,2300.0,2331.0,677346,1589380,2319.0,豆粕,农产品,DCE,M0
2016-03-07,2338.0,2396.0,2334.0,2357.0,1617010,1686570,2362.0,豆粕,农产品,DCE,M0
2016-03-08,2357.0,2372.0,2317.0,2323.0,1152860,1718512,2343.0,豆粕,农产品,DCE,M0
2016-03-09,2326.0,2337.0,2307.0,2317.0,874140,1713446,2322.0,豆粕,农产品,DCE,M0
2016-03-10,2322.0,2329.0,2299.0,2303.0,959714,1815510,2313.0,豆粕,农产品,DCE,M0
2016-03-11,2306.0,2317.0,2277.0,2308.0,1168022,1869730,2296.0,豆粕,农产品,DCE,M0
2016-03-14,2311.0,2326.0,2307.0,2309.0,940512,1853400,2318.0,豆粕,农产品,DCE,M0
2016-03-15,2308.0,2333.0,2297.0,2306.0,1312680,1850914,2313.0,豆粕,农产品,DCE,M0
2016-03-16,2301.0,2311.0,2288.0,2295.0,943644,1913300,2299.0,豆粕,农产品,DCE,M0
2016-03-17,2293.0,2313.0,2287.0,2311.0,1001444,1908560,2302.0,豆粕,农产品,DCE,M0
2016-03-18,2315.0,2340.0,2311.0,2331.0,2073382,1933224,2324.0,豆粕,农产品,DCE,M0
2016-03-21,2328.0,2338.0,2310.0,2328.0,1454114,2001788,2325.0,豆粕,农产品,DCE,M0
2016-03-22,2329.0,2364.0,2327.0,2355.0,2041412,2021298,2349.0,豆粕,农产品,DCE,M0
2016-03-23,2358.0,2391.0,2351.0,2357.0,2439888,2056178,2371.0,豆粕,农产品,DCE,M0
2016-03-24,2348.0,2385.0,2341.0,2362.0,2463374,2028854,2362.0,豆粕,农产品,DCE,M0
2016-03-25,2360.0,2401.0,2351.0,2399.0,2748008,2157206,2381.0,豆粕,农产品,DCE,M0
2016-03-28,2403.0,2407.0,2366.0,2368.0,2350692,2259122,2387.0,豆粕,农产品,DCE,M0
2016-03-29,2372.0,2375.0,2346.0,2353.0,2152844,2368614,2359.0,豆粕,农产品,DCE,M0
2016-03-30,2354.0,2370.0,2348.0,2363.0,1686342,2361380,2360.0,豆粕,农产品,DCE,M0
2016-03-31,2368.0,2371.0,2326.0,2331.0,1930872,2382674,2344.0,豆粕,农产品,DCE,M0
2016-04-01,2334.0,2358.0,2324.0,2340.0,1822526,2480262,2342.0,豆粕,农产品,DCE,M0
2016-04-05,2299.0,2318.0,2290.0,2316.0,61454,423480,2311.0,豆粕,农产品,DCE,M0
2016-04-06,2349.0,2368.0,2337.0,2343.0,1666084,2619440,2350.0,豆粕,农产品,DCE,M0
2016-04-07,2340.0,2356.0,2335.0,2342.0,1203654,2650162,2345.0,豆粕,农产品,DCE,M0
2016-04-08,2347.0,2351.0,2325.0,2326.0,1254452,2726528,2336.0,豆粕,农产品,DCE,M0
2016-04-11,2331.0,2375.0,2330.0,2362.0,2287002,2691866,2356.0,豆粕,农产品,DCE,M0
2016-04-12,2366.0,2405.0,2360.0,2404.0,2929244,2814672,2386.0,豆粕,农产品,DCE,M0
2016-04-13,2409.0,2470.0,2407.0,2445.0,3955702,2950752,2438.0,豆粕,农产品,DCE,M0
2016-04-14,2448.0,2492.0,2443.0,2465.0,3333270,2964050,2471.0,豆粕,农产品,DCE,M0
2016-04-15,2461.0,2483.0,2454.0,2473.0,2903132,3249502,2470.0,豆粕,农产品,DCE,M0
2016-04-18,2465.0,2535.0,2450.0,2519.0,4196672,3343578,2496.0,豆粕,农产品,DCE,M0
2016-04-19,2515.0,2528.0,2502.0,2518.0,2791206,3369478,2513.0,豆粕,农产品,DCE,M0
2016-04-20,2526.0,2613.0,2524.0,2586.0,5584146,2986080,2577.0,豆粕,农产品,DCE,M0
2016-04-21,2578.0,2680.0,2563.0,2680.0,4500404,2744930,2640.0,豆粕,农产品,DCE,M0
2016-04-22,2668.0,2710.0,2573.0,2589.0,5148334,2328510,2635.0,豆粕,农产品,DCE,M0
2016-04-25,2591.0,2647.0,2534.0,2571.0,4073896,2306324,2580.0,豆粕,农产品,DCE,M0
2016-04-26,2570.0,2643.0,2558.0,2615.0,4014198,2309532,2603.0,豆粕,农产品,DCE,M0
2016-04-27,2626.0,2655.0,2598.0,2627.0,4263234,2289796,2627.0,豆粕,农产品,DCE,M0
2016-04-28,2632.0,2639.0,2581.0,2629.0,3509610,2223996,2613.0,豆粕,农产品,DCE,M0
2016-04-29,2638.0,2680.0,2612.0,2617.0,3743610,2258754,2644.0,豆粕,农产品,DCE,M0
2016-05-03,2659.0,2725.0,2659.0,2722.0,2928936,2432840,2696.0,豆粕,农产品,DCE,M0
2016-05-04,2716.0,2724.0,2646.0,2677.0,3794162,2352108,2685.0,豆粕,农产品,DCE,M0
2016-05-05,2673.0,2709.0,2663.0,2675.0,3154830,2345572,2685.0,豆粕,农产品,DCE,M0
2016-05-06,2701.0,2708.0,2586.0,2614.0,4200566,2149450,2636.0,豆粕,农产品,DCE,M0
2016-05-09,2612.0,2683.0,2598.0,2666.0,4754466,2127636,2644.0,豆粕,农产品,DCE,M0
2016-05-10,2656.0,2669.0,2613.0,2660.0,3797602,2074114,2642.0,豆粕,农产品,DCE,M0
2016-05-11,2672.0,2774.0,2652.0,2774.0,2690328,2099210,2692.0,豆粕,农产品,DCE,M0
2016-05-12,2802.0,2853.0,2774.0,2833.0,6201144,2299682,2812.0,豆粕,农产品,DCE,M0
2016-05-13,2838.0,2855.0,2766.0,2798.0,6289792,2244084,2803.0,豆粕,农产品,DCE,M0
2016-05-16,2790.0,2853.0,2773.0,2809.0,5683616,2269100,2811.0,豆粕,农产品,DCE,M0
2016-05-17,2807.0,2834.0,2797.0,2828.0,3668392,2177100,2817.0,豆粕,农产品,DCE,M0
2016-05-18,2830.0,2928.0,2825.0,2853.0,6973520,2224208,2878.0,豆粕,农产品,DCE,M0
2016-05-19,2852.0,2875.0,2816.0,2849.0,4857772,2265332,2843.0,豆粕,农产品,DCE,M0
2016-05-20,2830.0,2875.0,2802.0,2870.0,4066198,2292202,2838.0,豆粕,农产品,DCE,M0
2016-05-23,2900.0,2917.0,2828.0,2836.0,5001358,2359302,2862.0,豆粕,农产品,DCE,M0
2016-05-24,2840.0,2848.0,2719.0,2727.0,6640506,2548324,2774.0,豆粕,农产品,DCE,M0
2016-05-25,2718.0,2804.0,2701.0,2790.0,7651616,2583694,2764.0,豆粕,农产品,DCE,M0
2016-05-26,2805.0,2898.0,2800.0,2895.0,6704486,2510856,2853.0,豆粕,农产品,DCE,M0
2016-05-27,2907.0,2915.0,2838.0,2871.0,6613560,2593636,2869.0,豆粕,农产品,DCE,M0
2016-05-30,2862.0,2988.0,2855.0,2974.0,7525820,2773256,2921.0,豆粕,农产品,DCE,M0
2016-05-31,2950.0,2971.0,2913.0,2930.0,5196984,2787568,2942.0,豆粕,农产品,DCE,M0
2016-06-01,2938.0,2954.0,2866.0,2898.0,6059624,2793706,2905.0,豆粕,农产品,DCE,M0
2016-06-02,2899.0,3003.0,2879.0,2977.0,6443822,2838800,2951.0,豆粕,农产品,DCE,M0
2016-06-03,2985.0,3058.0,2971.0,3054.0,6229430,2878220,3016.0,豆粕,农产品,DCE,M0
2016-06-06,3074.0,3100.0,3025.0,3098.0,5900880,2880470,3062.0,豆粕,农产品,DCE,M0
2016-06-07,3104.0,3134.0,3086.0,3130.0,6353176,2935928,3112.0,豆粕,农产品,DCE,M0
2016-06-08,3120.0,3176.0,3101.0,3173.0,5348828,2807088,3133.0,豆粕,农产品,DCE,M0
2016-06-13,3320.0,3352.0,3255.0,3344.0,4396564,2676094,3316.0,豆粕,农产品,DCE,M0
2016-06-14,3333.0,3367.0,3217.0,3234.0,7192348,2432702,3295.0,豆粕,农产品,DCE,M0
2016-06-15,3260.0,3293.0,3207.0,3281.0,6571600,2569000,3254.0,豆粕,农产品,DCE,M0
2016-06-16,3296.0,3337.0,3187.0,3200.0,7458498,2522394,3255.0,豆粕,农产品,DCE,M0
2016-06-17,3205.0,3233.0,3154.0,3230.0,5883334,2392542,3191.0,豆粕,农产品,DCE,M0
2016-06-20,3233.0,3274.0,3213.0,3256.0,4926544,2454176,3241.0,豆粕,农产品,DCE,M0
2016-06-21,3245.0,3280.0,3224.0,3249.0,4448280,2455736,3248.0,豆粕,农产品,DCE,M0
2016-06-22,3210.0,3267.0,3183.0,3263.0,4569932,2417682,3220.0,豆粕,农产品,DCE,M0
2016-06-23,3230.0,3294.0,3195.0,3210.0,5609324,2290028,3250.0,豆粕,农产品,DCE,M0
2016-06-24,3210.0,3256.0,3171.0,3177.0,7414320,2150624,3217.0,豆粕,农产品,DCE,M0
2016-06-27,3160.0,3308.0,3147.0,3301.0,4936632,2283482,3234.0,豆粕,农产品,DCE,M0
2016-06-28,3293.0,3425.0,3281.0,3403.0,6783382,2310828,3354.0,豆粕,农产品,DCE,M0
2016-06-29,3406.0,3424.0,3335.0,3356.0,5535794,2295352,3381.0,豆粕,农产品,DCE,M0
2016-06-30,3352.0,3403.0,3343.0,3394.0,4254466,2256080,3375.0,豆粕,农产品,DCE,M0
2016-07-01,3384.0,3577.0,3356.0,3450.0,4812026,2191550,3436.0,豆粕,农产品,DCE,M0
2016-07-04,3441.0,3523.0,3436.0,3459.0,4177172,2107068,3472.0,豆粕,农产品,DCE,M0
2016-07-05,3462.0,3474.0,3274.0,3360.0,5737236,1933896,3365.0,豆粕,农产品,DCE,M0
2016-07-06,3353.0,3395.0,3227.0,3254.0,6335542,1752302,3288.0,豆粕,农产品,DCE,M0
2016-07-07,3200.0,3320.0,3106.0,3143.0,6399496,1665496,3199.0,豆粕,农产品,DCE,M0
2016-07-08,3174.0,3203.0,3024.0,3075.0,5636438,1385546,3106.0,豆粕,农产品,DCE,M0
2016-07-11,3101.0,3193.0,3077.0,3146.0,4082924,1403900,3130.0,豆粕,农产品,DCE,M0
2016-07-12,3160.0,3193.0,3130.0,3184.0,3555346,1339000,3168.0,豆粕,农产品,DCE,M0
2016-07-13,3175.0,3317.0,3163.0,3294.0,5075350,1331300,3249.0,豆粕,农产品,DCE,M0
2016-07-14,3333.0,3353.0,3284.0,3324.0,3415708,1341634,3321.0,豆粕,农产品,DCE,M0
2016-07-15,3300.0,3305.0,3138.0,3155.0,1332768,1379000,3201.0,豆粕,农产品,DCE,M0
2016-07-18,3138.0,3182.0,3075.0,3081.0,1381568,1337526,3133.0,豆粕,农产品,DCE,M0
2016-07-19,3070.0,3157.0,3066.0,3136.0,1204290,1372058,3113.0,豆粕,农产品,DCE,M0
2016-07-20,3120.0,3128.0,3013.0,3052.0,1584010,1336970,3062.0,豆粕,农产品,DCE,M0
2016-07-21,3035.0,3054.0,2984.0,3028.0,1227760,1316216,3016.0,豆粕,农产品,DCE,M0
2016-07-22,3020.0,3043.0,2946.0,2955.0,1391474,1389520,2991.0,豆粕,农产品,DCE,M0
2016-07-25,2946.0,2963.0,2893.0,2956.0,1342142,1440100,2937.0,豆粕,农产品,DCE,M0
2016-07-26,2969.0,2973.0,2907.0,2948.0,1279408,1448506,2936.0,豆粕,农产品,DCE,M0
2016-07-27,2940.0,2980.0,2924.0,2965.0,1274676,1440400,2956.0,豆粕,农产品,DCE,M0
2016-07-28,2990.0,3005.0,2966.0,2978.0,1405144,1443832,2988.0,豆粕,农产品,DCE,M0
2016-07-29,2968.0,2991.0,2918.0,2923.0,1238278,1458134,2957.0,豆粕,农产品,DCE,M0
2016-08-01,2931.0,2990.0,2925.0,2946.0,1092152,1457640,2958.0,豆粕,农产品,DCE,M0
2016-08-02,2935.0,2951.0,2870.0,2902.0,1951438,1485150,2903.0,豆粕,农产品,DCE,M0
2016-08-03,2896.0,2923.0,2871.0,2890.0,1855024,1521040,2895.0,豆粕,农产品,DCE,M0
2016-08-04,2905.0,2917.0,2853.0,2912.0,2331890,1605764,2886.0,豆粕,农产品,DCE,M0
2016-08-05,2915.0,2961.0,2894.0,2951.0,2698488,1714838,2928.0,豆粕,农产品,DCE,M0
2016-08-08,2946.0,2997.0,2938.0,2962.0,2313384,1691578,2970.0,豆粕,农产品,DCE,M0
2016-08-09,2969.0,2993.0,2952.0,2976.0,1900418,1717530,2973.0,豆粕,农产品,DCE,M0
2016-08-10,2960.0,3025.0,2960.0,3024.0,2195880,1790200,3002.0,豆粕,农产品,DCE,M0
2016-08-11,3015.0,3020.0,2984.0,3003.0,1745224,1797918,3003.0,豆粕,农产品,DCE,M0
2016-08-12,3001.0,3033.0,3000.0,3011.0,1988580,1863814,3018.0,豆粕,农产品,DCE,M0
2016-08-15,3000.0,3055.0,2960.0,3040.0,2603764,1959766,3011.0,豆粕,农产品,DCE,M0
2016-08-16,3035.0,3069.0,3032.0,3049.0,2096696,2006470,3051.0,豆粕,农产品,DCE,M0
2016-08-17,3052.0,3058.0,3029.0,3041.0,1355702,1984642,3041.0,豆粕,农产品,DCE,M0
2016-08-18,3043.0,3066.0,3006.0,3011.0,2120138,1976352,3038.0,豆粕,农产品,DCE,M0
2016-08-19,3012.0,3018.0,2962.0,2986.0,2438362,1959868,2990.0,豆粕,农产品,DCE,M0
2016-08-22,2990.0,3024.0,2968.0,3005.0,1780228,1926500,2995.0,豆粕,农产品,DCE,M0
2016-08-23,2999.0,3042.0,2989.0,3006.0,1572874,1942840,3014.0,豆粕,农产品,DCE,M0
2016-08-24,3014.0,3026.0,2978.0,2981.0,1750772,1956692,3000.0,豆粕,农产品,DCE,M0
2016-08-25,2980.0,2989.0,2930.0,2968.0,2108900,1974706,2961.0,豆粕,农产品,DCE,M0
2016-08-26,2966.0,2974.0,2909.0,2918.0,2048420,1978524,2937.0,豆粕,农产品,DCE,M0
2016-08-29,2925.0,2938.0,2902.0,2921.0,1529138,1958736,2923.0,豆粕,农产品,DCE,M0
2016-08-30,2915.0,2934.0,2908.0,2918.0,1247698,1974540,2923.0,豆粕,农产品,DCE,M0
2016-08-31,2915.0,2928.0,2858.0,2862.0,2092712,2010574,2886.0,豆粕,农产品,DCE,M0
2016-09-01,2862.0,2889.0,2851.0,2881.0,1558684,2032556,2872.0,豆粕,农产品,DCE,M0
2016-09-02,2884.0,2914.0,2863.0,2884.0,1631912,2006970,2887.0,豆粕,农产品,DCE,M0
2016-09-05,2896.0,2916.0,2861.0,2870.0,1677366,2077400,2891.0,豆粕,农产品,DCE,M0
2016-09-06,2870.0,2898.0,2855.0,2886.0,1196644,2041400,2882.0,豆粕,农产品,DCE,M0
2016-09-07,2879.0,2949.0,2872.0,2940.0,2104538,2085782,2915.0,豆粕,农产品,DCE,M0
2016-09-08,2950.0,2970.0,2938.0,2966.0,1736624,2078460,2957.0,豆粕,农产品,DCE,M0
2016-09-09,2971.0,2979.0,2943.0,2947.0,1325468,2051100,2955.0,豆粕,农产品,DCE,M0
2016-09-12,2945.0,2984.0,2931.0,2953.0,1804562,1995358,2953.0,豆粕,农产品,DCE,M0
2016-09-13,2961.0,2988.0,2914.0,2935.0,2157678,1918792,2951.0,豆粕,农产品,DCE,M0
2016-09-14,2920.0,2927.0,2882.0,2895.0,1635030,1819374,2899.0,豆粕,农产品,DCE,M0
2016-09-19,2950.0,2992.0,2943.0,2980.0,1253650,1831840,2970.0,豆粕,农产品,DCE,M0
2016-09-20,2985.0,2994.0,2958.0,2977.0,1568852,1837598,2974.0,豆粕,农产品,DCE,M0
2016-09-21,2980.0,3021.0,2970.0,2990.0,1830986,1884396,2997.0,豆粕,农产品,DCE,M0
2016-09-22,2998.0,3009.0,2934.0,2938.0,2240402,1858624,2967.0,豆粕,农产品,DCE,M0
2016-09-23,2955.0,2963.0,2904.0,2909.0,1582308,1884594,2934.0,豆粕,农产品,DCE,M0
2016-09-26,2907.0,2916.0,2866.0,2866.0,1558894,1901022,2890.0,豆粕,农产品,DCE,M0
2016-09-27,2861.0,2879.0,2837.0,2841.0,1876582,1907020,2859.0,豆粕,农产品,DCE,M0
2016-09-28,2849.0,2857.0,2819.0,2850.0,1453264,1830002,2840.0,豆粕,农产品,DCE,M0
2016-09-29,2846.0,2888.0,2842.0,2883.0,1724468,1588722,2871.0,豆粕,农产品,DCE,M0
2016-09-30,2883.0,2897.0,2844.0,2876.0,1492904,1530712,2866.0,豆粕,农产品,DCE,M0
2016-10-10,2865.0,2884.0,2829.0,2857.0,873540,1511664,2847.0,豆粕,农产品,DCE,M0
2016-10-11,2853.0,2882.0,2840.0,2853.0,1468112,1579622,2859.0,豆粕,农产品,DCE,M0
2016-10-12,2851.0,2871.0,2796.0,2815.0,2076340,1669704,2835.0,豆粕,农产品,DCE,M0
2016-10-13,2820.0,2846.0,2761.0,2769.0,2478600,1661334,2805.0,豆粕,农产品,DCE,M0
2016-10-14,2779.0,2817.0,2747.0,2811.0,2006990,1546944,2784.0,豆粕,农产品,DCE,M0
2016-10-17,2818.0,2841.0,2803.0,2827.0,2101752,1617068,2822.0,豆粕,农产品,DCE,M0
2016-10-18,2830.0,2863.0,2813.0,2856.0,1829684,1611246,2835.0,豆粕,农产品,DCE,M0
2016-10-19,2845.0,2868.0,2823.0,2829.0,1666554,1628644,2845.0,豆粕,农产品,DCE,M0
2016-10-20,2825.0,2879.0,2818.0,2874.0,1619802,1671646,2853.0,豆粕,农产品,DCE,M0
2016-10-21,2874.0,2894.0,2846.0,2870.0,1661486,1663772,2868.0,豆粕,农产品,DCE,M0
2016-10-24,2875.0,2915.0,2862.0,2906.0,1648994,1643918,2887.0,豆粕,农产品,DCE,M0
2016-10-25,2912.0,2922.0,2876.0,2884.0,1577640,1598584,2898.0,豆粕,农产品,DCE,M0
2016-10-26,2894.0,2931.0,2863.0,2927.0,2216644,1605142,2902.0,豆粕,农产品,DCE,M0
2016-10-27,2925.0,2977.0,2911.0,2972.0,2169692,1598100,2949.0,豆粕,农产品,DCE,M0
2016-10-28,2960.0,2980.0,2945.0,2959.0,1448396,1597760,2962.0,豆粕,农产品,DCE,M0
2016-10-31,2952.0,2966.0,2906.0,2910.0,1392744,1544898,2930.0,豆粕,农产品,DCE,M0
2016-11-01,2905.0,2922.0,2891.0,2902.0,1329924,1557248,2908.0,豆粕,农产品,DCE,M0
2016-11-02,2907.0,2918.0,2812.0,2819.0,2015560,1471106,2862.0,豆粕,农产品,DCE,M0
2016-11-03,2831.0,2834.0,2806.0,2825.0,1096256,1451500,2821.0,豆粕,农产品,DCE,M0
2016-11-04,2825.0,2836.0,2798.0,2816.0,1247014,1433840,2819.0,豆粕,农产品,DCE,M0
2016-11-07,2822.0,2879.0,2819.0,2865.0,1334596,1387574,2849.0,豆粕,农产品,DCE,M0
2016-11-08,2868.0,2910.0,2862.0,2896.0,1303746,1354488,2883.0,豆粕,农产品,DCE,M0
2016-11-09,2907.0,2921.0,2861.0,2897.0,1469424,1327882,2894.0,豆粕,农产品,DCE,M0
2016-11-10,2915.0,3018.0,2871.0,2995.0,3247576,1487872,2941.0,豆粕,农产品,DCE,M0
2016-11-11,2983.0,3038.0,2961.0,3005.0,3603800,1517388,3003.0,豆粕,农产品,DCE,M0
2016-11-14,2876.0,2897.0,2733.0,2753.0,1911864,1418890,2802.0,豆粕,农产品,DCE,M0
2016-11-15,2751.0,2816.0,2737.0,2766.0,968096,1460664,2783.0,豆粕,农产品,DCE,M0
2016-11-16,2772.0,2815.0,2768.0,2814.0,792940,1490000,2798.0,豆粕,农产品,DCE,M0
2016-11-17,2806.0,2824.0,2791.0,2807.0,627792,1512236,2807.0,豆粕,农产品,DCE,M0
2016-11-18,2806.0,2815.0,2783.0,2798.0,612656,1533100,2798.0,豆粕,农产品,DCE,M0
2016-11-21,2805.0,2870.0,2793.0,2855.0,961766,1532500,2833.0,豆粕,农产品,DCE,M0
2016-11-22,2857.0,2954.0,2846.0,2925.0,1375784,1645454,2905.0,豆粕,农产品,DCE,M0
2016-11-23,2910.0,2980.0,2899.0,2948.0,1465972,1797588,2946.0,豆粕,农产品,DCE,M0
2016-11-24,2943.0,2994.0,2922.0,2939.0,1931774,1858216,2955.0,豆粕,农产品,DCE,M0
2016-11-25,2940.0,2969.0,2907.0,2928.0,1575230,1885924,2939.0,豆粕,农产品,DCE,M0
2016-11-28,2935.0,3024.0,2925.0,3011.0,3228392,2353596,2978.0,豆粕,农产品,DCE,M0
2016-11-29,3002.0,3021.0,2956.0,2975.0,2666768,2484760,2994.0,豆粕,农产品,DCE,M0
2016-11-30,2960.0,2975.0,2912.0,2936.0,2760452,2356402,2942.0,豆粕,农产品,DCE,M0
2016-12-01,2949.0,2982.0,2922.0,2936.0,2544438,2445624,2948.0,豆粕,农产品,DCE,M0
2016-12-02,2942.0,2947.0,2873.0,2894.0,2460846,2473292,2902.0,豆粕,农产品,DCE,M0
2016-12-05,2898.0,2921.0,2885.0,2916.0,1775874,2549002,2905.0,豆粕,农产品,DCE,M0
2016-12-06,2921.0,2954.0,2913.0,2928.0,1834742,2551144,2934.0,豆粕,农产品,DCE,M0
2016-12-07,2947.0,2962.0,2928.0,2946.0,1814784,2603702,2945.0,豆粕,农产品,DCE,M0
2016-12-08,2945.0,2951.0,2906.0,2913.0,1578560,2560658,2928.0,豆粕,农产品,DCE,M0
2016-12-09,2919.0,2922.0,2850.0,2875.0,2007858,2485692,2880.0,豆粕,农产品,DCE,M0
2016-12-12,2885.0,2946.0,2877.0,2931.0,1810192,2430948,2919.0,豆粕,农产品,DCE,M0
2016-12-13,2919.0,2949.0,2918.0,2948.0,1670636,2482942,2933.0,豆粕,农产品,DCE,M0
2016-12-14,2954.0,2960.0,2888.0,2893.0,2186760,2462556,2923.0,豆粕,农产品,DCE,M0
2016-12-15,2886.0,2913.0,2876.0,2907.0,1462288,2438398,2894.0,豆粕,农产品,DCE,M0
2016-12-16,2900.0,2935.0,2887.0,2909.0,1444496,2393664,2914.0,豆粕,农产品,DCE,M0
2016-12-19,2915.0,2936.0,2894.0,2913.0,1732208,2401560,2919.0,豆粕,农产品,DCE,M0
2016-12-20,2906.0,2916.0,2831.0,2833.0,2220678,2317256,2871.0,豆粕,农产品,DCE,M0
2016-12-21,2839.0,2846.0,2821.0,2825.0,1485620,2334276,2833.0,豆粕,农产品,DCE,M0
2016-12-22,2828.0,2841.0,2802.0,2804.0,1316386,2315702,2822.0,豆粕,农产品,DCE,M0
2016-12-23,2807.0,2826.0,2784.0,2803.0,1484234,2302816,2803.0,豆粕,农产品,DCE,M0
2016-12-26,2806.0,2817.0,2760.0,2769.0,1363484,2293368,2782.0,豆粕,农产品,DCE,M0
2016-12-27,2773.0,2818.0,2771.0,2811.0,1082348,2221362,2797.0,豆粕,农产品,DCE,M0
2016-12-28,2816.0,2853.0,2811.0,2840.0,1445182,2223984,2834.0,豆粕,农产品,DCE,M0
2016-12-29,2848.0,2849.0,2808.0,2832.0,1063462,2213572,2827.0,豆粕,农产品,DCE,M0
2016-12-30,2838.0,2845.0,2790.0,2803.0,1122562,2227124,2812.0,豆粕,农产品,DCE,M0
2017-01-02,2838.0,2845.0,2790.0,2803.0,1122500,2227100,0.0,豆粕,农产品,DCE,M0
2017-01-03,2796.0,2811.0,2769.0,2773.0,809118,2269460,2787.0,豆粕,农产品,DCE,M0
2017-01-04,2775.0,2796.0,2756.0,2792.0,1290250,2191136,2780.0,豆粕,农产品,DCE,M0
2017-01-05,2790.0,2818.0,2776.0,2786.0,1134786,2204112,2798.0,豆粕,农产品,DCE,M0
2017-01-06,2786.0,2802.0,2773.0,2791.0,863538,2197806,2785.0,豆粕,农产品,DCE,M0
2017-01-09,2790.0,2807.0,2761.0,2775.0,1293632,2251342,2779.0,豆粕,农产品,DCE,M0
2017-01-10,2775.0,2794.0,2754.0,2778.0,1272818,2266272,2772.0,豆粕,农产品,DCE,M0
2017-01-11,2774.0,2836.0,2773.0,2824.0,1997404,2287546,2810.0,豆粕,农产品,DCE,M0
2017-01-12,2820.0,2832.0,2800.0,2808.0,1103476,2316500,2817.0,豆粕,农产品,DCE,M0
2017-01-13,2811.0,2889.0,2809.0,2871.0,1638226,2288442,2859.0,豆粕,农产品,DCE,M0
2017-01-16,2873.0,2913.0,2863.0,2909.0,1353330,2245840,2890.0,豆粕,农产品,DCE,M0
2017-01-17,2917.0,2952.0,2896.0,2922.0,1493336,2173016,2924.0,豆粕,农产品,DCE,M0
2017-01-18,2927.0,2956.0,2909.0,2936.0,1788652,2207064,2931.0,豆粕,农产品,DCE,M0
2017-01-19,2933.0,2971.0,2927.0,2967.0,1487892,2199494,2950.0,豆粕,农产品,DCE,M0
2017-01-20,2966.0,2967.0,2926.0,2929.0,1081220,2077056,2945.0,豆粕,农产品,DCE,M0
2017-01-23,2932.0,2948.0,2915.0,2935.0,967394,2020200,2929.0,豆粕,农产品,DCE,M0
2017-01-24,2930.0,2944.0,2917.0,2939.0,795134,2006794,2932.0,豆粕,农产品,DCE,M0
2017-01-25,2938.0,2938.0,2881.0,2882.0,1093450,1917380,2901.0,豆粕,农产品,DCE,M0
2017-01-26,2885.0,2924.0,2885.0,2913.0,705932,1857500,2908.0,豆粕,农产品,DCE,M0
2017-02-03,2887.0,2912.0,2851.0,2889.0,630506,1873050,2889.0,豆粕,农产品,DCE,M0
2017-02-06,2888.0,2934.0,2886.0,2921.0,1596652,2157850,2911.0,豆粕,农产品,DCE,M0
2017-02-07,2924.0,2936.0,2912.0,2916.0,892698,2201328,2921.0,豆粕,农产品,DCE,M0
2017-02-08,2914.0,2967.0,2896.0,2965.0,1437878,2332566,2939.0,豆粕,农产品,DCE,M0
2017-02-09,2968.0,2985.0,2955.0,2964.0,1177440,2284898,2970.0,豆粕,农产品,DCE,M0
2017-02-10,2963.0,2999.0,2957.0,2997.0,1178690,2323924,2975.0,豆粕,农产品,DCE,M0
2017-02-13,2996.0,3028.0,2976.0,2985.0,1524206,2311794,3002.0,豆粕,农产品,DCE,M0
2017-02-14,2986.0,3008.0,2951.0,2956.0,1229388,2272244,2980.0,豆粕,农产品,DCE,M0
2017-02-15,2964.0,2968.0,2933.0,2937.0,1147160,2258876,2948.0,豆粕,农产品,DCE,M0
2017-02-16,2931.0,2990.0,2921.0,2955.0,1507112,2168468,2963.0,豆粕,农产品,DCE,M0
2017-02-17,2955.0,2985.0,2892.0,2906.0,2028018,2011988,2938.0,豆粕,农产品,DCE,M0
2017-02-20,2907.0,2924.0,2901.0,2916.0,879368,1972062,2912.0,豆粕,农产品,DCE,M0
2017-02-21,2917.0,2970.0,2914.0,2955.0,1389894,1966262,2945.0,豆粕,农产品,DCE,M0
2017-02-22,2955.0,2962.0,2906.0,2914.0,1152724,1934580,2931.0,豆粕,农产品,DCE,M0
2017-02-23,2919.0,2929.0,2877.0,2880.0,1305428,1874894,2904.0,豆粕,农产品,DCE,M0
2017-02-24,2880.0,2886.0,2852.0,2878.0,1089774,1834364,2871.0,豆粕,农产品,DCE,M0
2017-02-27,2880.0,2895.0,2865.0,2890.0,965244,1848434,2882.0,豆粕,农产品,DCE,M0
2017-02-28,2893.0,2899.0,2873.0,2881.0,934378,1841310,2884.0,豆粕,农产品,DCE,M0
2017-03-01,2882.0,2932.0,2878.0,2909.0,1570740,1762774,2909.0,豆粕,农产品,DCE,M0
2017-03-02,2916.0,2950.0,2909.0,2945.0,1074142,1736892,2930.0,豆粕,农产品,DCE,M0
2017-03-03,2940.0,2943.0,2913.0,2933.0,893762,1732534,2926.0,豆粕,农产品,DCE,M0
2017-03-06,2934.0,2965.0,2919.0,2962.0,1235364,1791880,2944.0,豆粕,农产品,DCE,M0
2017-03-07,2960.0,2970.0,2946.0,2951.0,992444,1752380,2955.0,豆粕,农产品,DCE,M0
2017-03-08,2948.0,2951.0,2900.0,2903.0,1220056,1664476,2919.0,豆粕,农产品,DCE,M0
2017-03-09,2900.0,2909.0,2887.0,2898.0,985134,1644378,2898.0,豆粕,农产品,DCE,M0
2017-03-10,2891.0,2901.0,2857.0,2860.0,1174750,1615210,2877.0,豆粕,农产品,DCE,M0
2017-03-13,2863.0,2884.0,2853.0,2874.0,914456,1544800,2868.0,豆粕,农产品,DCE,M0
2017-03-14,2872.0,2890.0,2839.0,2844.0,1203478,1530920,2861.0,豆粕,农产品,DCE,M0
2017-03-15,2840.0,2886.0,2825.0,2871.0,1161044,1436080,2859.0,豆粕,农产品,DCE,M0
2017-03-16,2890.0,2900.0,2872.0,2889.0,553812,1527242,2887.0,豆粕,农产品,DCE,M0
2017-03-17,2890.0,2896.0,2857.0,2875.0,612986,1604870,2873.0,豆粕,农产品,DCE,M0
2017-03-20,2874.0,2914.0,2861.0,2907.0,959790,1745374,2895.0,豆粕,农产品,DCE,M0
2017-03-21,2900.0,2916.0,2872.0,2877.0,1063812,1870528,2894.0,豆粕,农产品,DCE,M0
2017-03-22,2881.0,2884.0,2858.0,2875.0,1117262,2002054,2872.0,豆粕,农产品,DCE,M0
2017-03-23,2872.0,2882.0,2825.0,2827.0,1781858,2119364,2852.0,豆粕,农产品,DCE,M0
2017-03-24,2829.0,2848.0,2806.0,2813.0,1249086,2146658,2821.0,豆粕,农产品,DCE,M0
2017-03-27,2815.0,2818.0,2783.0,2807.0,1193478,2107942,2801.0,豆粕,农产品,DCE,M0
2017-03-28,2805.0,2813.0,2793.0,2801.0,1060160,2186788,2804.0,豆粕,农产品,DCE,M0
2017-03-29,2804.0,2819.0,2788.0,2816.0,1217214,2214330,2803.0,豆粕,农产品,DCE,M0
2017-03-30,2815.0,2817.0,2773.0,2785.0,1357636,2245112,2789.0,豆粕,农产品,DCE,M0
2017-03-31,2775.0,2800.0,2766.0,2780.0,790108,2212768,2784.0,豆粕,农产品,DCE,M0
2017-04-05,2740.0,2762.0,2733.0,2755.0,1049690,2359122,2749.0,豆粕,农产品,DCE,M0
2017-04-06,2756.0,2765.0,2743.0,2754.0,1151572,2465404,2753.0,豆粕,农产品,DCE,M0
2017-04-07,2755.0,2759.0,2723.0,2729.0,1305006,2406850,2737.0,豆粕,农产品,DCE,M0
2017-04-10,2735.0,2774.0,2732.0,2762.0,1442414,2375378,2751.0,豆粕,农产品,DCE,M0
2017-04-11,2763.0,2768.0,2745.0,2762.0,1049786,2468820,2757.0,豆粕,农产品,DCE,M0
2017-04-12,2757.0,2808.0,2740.0,2783.0,1824958,2444924,2779.0,豆粕,农产品,DCE,M0
2017-04-13,2789.0,2838.0,2783.0,2836.0,1558500,2448010,2809.0,豆粕,农产品,DCE,M0
2017-04-14,2837.0,2849.0,2824.0,2830.0,1426256,2356906,2835.0,豆粕,农产品,DCE,M0
2017-04-17,2835.0,2854.0,2814.0,2825.0,1433722,2473674,2829.0,豆粕,农产品,DCE,M0
2017-04-18,2823.0,2835.0,2809.0,2812.0,1340506,2485364,2820.0,豆粕,农产品,DCE,M0
2017-04-19,2810.0,2859.0,2793.0,2856.0,1941632,2543530,2820.0,豆粕,农产品,DCE,M0
2017-04-20,2834.0,2849.0,2821.0,2844.0,1621148,2510120,2836.0,豆粕,农产品,DCE,M0
2017-04-21,2846.0,2849.0,2817.0,2828.0,1170678,2536034,2830.0,豆粕,农产品,DCE,M0
2017-04-24,2833.0,2867.0,2817.0,2857.0,1542910,2615406,2846.0,豆粕,农产品,DCE,M0
2017-04-25,2858.0,2866.0,2840.0,2851.0,1083314,2611450,2855.0,豆粕,农产品,DCE,M0
2017-04-26,2850.0,2857.0,2804.0,2806.0,1614830,2554874,2829.0,豆粕,农产品,DCE,M0
2017-04-27,2810.0,2827.0,2790.0,2792.0,1366500,2517108,2805.0,豆粕,农产品,DCE,M0
2017-04-28,2796.0,2808.0,2787.0,2799.0,902756,2475800,2799.0,豆粕,农产品,DCE,M0
2017-05-02,2825.0,2884.0,2823.0,2879.0,1441082,2515604,2860.0,豆粕,农产品,DCE,M0
2017-05-03,2870.0,2873.0,2850.0,2861.0,1024048,2483980,2861.0,豆粕,农产品,DCE,M0
2017-05-04,2861.0,2875.0,2848.0,2869.0,1445900,2476900,2863.0,豆粕,农产品,DCE,M0
2017-05-05,2865.0,2888.0,2836.0,2841.0,2017480,2454184,2862.0,豆粕,农产品,DCE,M0
2017-05-08,2856.0,2868.0,2816.0,2818.0,1784408,2351434,2842.0,豆粕,农产品,DCE,M0
2017-05-09,2822.0,2827.0,2808.0,2817.0,1026774,2341432,2817.0,豆粕,农产品,DCE,M0
2017-05-10,2819.0,2841.0,2817.0,2838.0,906150,2297200,2831.0,豆粕,农产品,DCE,M0
2017-05-11,2837.0,2846.0,2812.0,2835.0,1300712,2346480,2828.0,豆粕,农产品,DCE,M0
2017-05-12,2829.0,2833.0,2788.0,2792.0,1545300,2434100,2811.0,豆粕,农产品,DCE,M0
2017-05-15,2794.0,2798.0,2778.0,2781.0,1091052,2455252,2787.0,豆粕,农产品,DCE,M0
2017-05-16,2791.0,2796.0,2758.0,2772.0,1151504,2509790,2774.0,豆粕,农产品,DCE,M0
2017-05-17,2778.0,2814.0,2774.0,2809.0,1127932,2362200,2795.0,豆粕,农产品,DCE,M0
2017-05-18,2814.0,2816.0,2755.0,2768.0,1232404,2403338,2778.0,豆粕,农产品,DCE,M0
2017-05-19,2751.0,2764.0,2732.0,2737.0,1705320,2529628,2744.0,豆粕,农产品,DCE,M0
2017-05-22,2741.0,2764.0,2727.0,2750.0,1534300,2567900,2747.0,豆粕,农产品,DCE,M0
2017-05-23,2749.0,2755.0,2734.0,2742.0,873936,2569700,2745.0,豆粕,农产品,DCE,M0
2017-05-24,2741.0,2748.0,2710.0,2733.0,1680700,2638900,2728.0,豆粕,农产品,DCE,M0
2017-05-25,2739.0,2741.0,2725.0,2732.0,712340,2623800,2733.0,豆粕,农产品,DCE,M0
2017-05-26,2730.0,2735.0,2690.0,2700.0,1365200,2712400,2707.0,豆粕,农产品,DCE,M0
2017-05-31,2668.0,2672.0,2604.0,2613.0,1518098,2753026,2635.0,豆粕,农产品,DCE,M0
2017-06-01,2618.0,2632.0,2614.0,2629.0,951688,2720400,2623.0,豆粕,农产品,DCE,M0
2017-06-02,2637.0,2650.0,2610.0,2627.0,1005804,2680396,2630.0,豆粕,农产品,DCE,M0
2017-06-05,2633.0,2670.0,2630.0,2650.0,1307918,2631000,2655.0,豆粕,农产品,DCE,M0
2017-06-06,2655.0,2665.0,2642.0,2650.0,842032,2614600,2652.0,豆粕,农产品,DCE,M0
2017-06-07,2652.0,2685.0,2647.0,2664.0,1282134,2617972,2668.0,豆粕,农产品,DCE,M0
2017-06-08,2675.0,2688.0,2668.0,2685.0,1100954,2638308,2679.0,豆粕,农产品,DCE,M0
2017-06-09,2690.0,2708.0,2685.0,2686.0,1054008,2584416,2693.0,豆粕,农产品,DCE,M0
2017-06-12,2693.0,2697.0,2665.0,2677.0,1291808,2581412,2679.0,豆粕,农产品,DCE,M0
2017-06-13,2668.0,2668.0,2647.0,2663.0,1148508,2552284,2656.0,豆粕,农产品,DCE,M0
2017-06-14,2664.0,2689.0,2663.0,2680.0,984284,2538772,2676.0,豆粕,农产品,DCE,M0
2017-06-15,2680.0,2689.0,2651.0,2664.0,1232390,2594886,2665.0,豆粕,农产品,DCE,M0
2017-06-16,2655.0,2705.0,2645.0,2687.0,1379718,2521732,2680.0,豆粕,农产品,DCE,M0
2017-06-19,2692.0,2731.0,2677.0,2709.0,1558108,2484560,2704.0,豆粕,农产品,DCE,M0
2017-06-20,2708.0,2716.0,2693.0,2711.0,915068,2423700,2705.0,豆粕,农产品,DCE,M0
2017-06-21,2700.0,2703.0,2684.0,2696.0,898338,2431078,2693.0,豆粕,农产品,DCE,M0
2017-06-22,2696.0,2703.0,2655.0,2658.0,1203530,2457152,2674.0,豆粕,农产品,DCE,M0
2017-06-23,2653.0,2661.0,2634.0,2645.0,1026780,2433844,2646.0,豆粕,农产品,DCE,M0
2017-06-26,2648.0,2664.0,2633.0,2657.0,877444,2358400,2650.0,豆粕,农产品,DCE,M0
2017-06-27,2662.0,2670.0,2651.0,2663.0,691016,2298800,2660.0,豆粕,农产品,DCE,M0
2017-06-28,2670.0,2680.0,2647.0,2658.0,970046,2341700,2662.0,豆粕,农产品,DCE,M0
2017-06-29,2658.0,2670.0,2653.0,2665.0,931290,2258500,2661.0,豆粕,农产品,DCE,M0
2017-06-30,2670.0,2691.0,2643.0,2655.0,1357794,2274202,2665.0,豆粕,农产品,DCE,M0
2017-07-03,2658.0,2788.0,2652.0,2780.0,1825034,2080446,2750.0,豆粕,农产品,DCE,M0
2017-07-04,2792.0,2804.0,2769.0,2798.0,1570472,2096392,2788.0,豆粕,农产品,DCE,M0
2017-07-05,2797.0,2808.0,2775.0,2792.0,895288,2056712,2791.0,豆粕,农产品,DCE,M0
2017-07-06,2790.0,2829.0,2789.0,2815.0,1542188,2024462,2812.0,豆粕,农产品,DCE,M0
2017-07-07,2810.0,2841.0,2807.0,2834.0,893160,1988100,2826.0,豆粕,农产品,DCE,M0
2017-07-10,2844.0,2943.0,2826.0,2919.0,2000796,1959536,2886.0,豆粕,农产品,DCE,M0
2017-07-11,2918.0,2948.0,2888.0,2930.0,1597000,1733700,2922.0,豆粕,农产品,DCE,M0
2017-07-12,2913.0,2930.0,2907.0,2914.0,1004978,1643514,2917.0,豆粕,农产品,DCE,M0
2017-07-13,2909.0,2926.0,2842.0,2849.0,1543238,1608410,2873.0,豆粕,农产品,DCE,M0
2017-07-14,2835.0,2849.0,2787.0,2803.0,1316922,1542914,2813.0,豆粕,农产品,DCE,M0
2017-07-17,2812.0,2832.0,2802.0,2810.0,905190,1513700,2814.0,豆粕,农产品,DCE,M0
2017-07-18,2825.0,2836.0,2808.0,2824.0,818614,1482552,2823.0,豆粕,农产品,DCE,M0
2017-07-19,2839.0,2856.0,2821.0,2826.0,795318,1464842,2838.0,豆粕,农产品,DCE,M0
2017-07-20,2830.0,2853.0,2826.0,2842.0,712538,1444244,2841.0,豆粕,农产品,DCE,M0
2017-07-21,2856.0,2876.0,2851.0,2869.0,917814,1431812,2864.0,豆粕,农产品,DCE,M0
2017-07-24,2861.0,2862.0,2789.0,2805.0,987632,1327848,2820.0,豆粕,农产品,DCE,M0
2017-07-25,2805.0,2871.0,2802.0,2864.0,838294,1263114,2842.0,豆粕,农产品,DCE,M0
2017-07-26,2878.0,2881.0,2819.0,2824.0,654894,1378928,2841.0,豆粕,农产品,DCE,M0
2017-07-27,2811.0,2844.0,2776.0,2828.0,530666,1375500,2819.0,豆粕,农产品,DCE,M0
2017-07-28,2841.0,2870.0,2833.0,2851.0,826692,1431610,2851.0,豆粕,农产品,DCE,M0
2017-07-31,2855.0,2879.0,2829.0,2844.0,736666,1435200,2848.0,豆粕,农产品,DCE,M0
2017-08-01,2840.0,2863.0,2835.0,2838.0,945596,1544100,2845.0,豆粕,农产品,DCE,M0
2017-08-02,2825.0,2837.0,2786.0,2796.0,1375242,1625138,2803.0,豆粕,农产品,DCE,M0
2017-08-03,2800.0,2807.0,2757.0,2760.0,1071826,1679996,2785.0,豆粕,农产品,DCE,M0
2017-08-04,2760.0,2774.0,2752.0,2768.0,907282,1713000,2764.0,豆粕,农产品,DCE,M0
2017-08-07,2772.0,2795.0,2767.0,2775.0,969450,1737600,2777.0,豆粕,农产品,DCE,M0
2017-08-08,2780.0,2825.0,2777.0,2819.0,1178400,1677100,2805.0,豆粕,农产品,DCE,M0
2017-08-09,2820.0,2828.0,2809.0,2820.0,905224,1673600,2817.0,豆粕,农产品,DCE,M0
2017-08-10,2820.0,2835.0,2810.0,2829.0,1029814,1757888,2822.0,豆粕,农产品,DCE,M0
2017-08-11,2836.0,2855.0,2723.0,2725.0,2131214,1583006,2769.0,豆粕,农产品,DCE,M0
2017-08-14,2738.0,2742.0,2718.0,2734.0,913516,1550600,2731.0,豆粕,农产品,DCE,M0
2017-08-15,2730.0,2740.0,2721.0,2728.0,805784,1540200,2730.0,豆粕,农产品,DCE,M0
2017-08-16,2721.0,2727.0,2705.0,2716.0,783802,1564300,2715.0,豆粕,农产品,DCE,M0
2017-08-17,2719.0,2734.0,2712.0,2725.0,870850,1565000,2722.0,豆粕,农产品,DCE,M0
2017-08-18,2730.0,2735.0,2724.0,2727.0,670208,1578800,2730.0,豆粕,农产品,DCE,M0
2017-08-21,2724.0,2737.0,2718.0,2727.0,941288,1648700,2727.0,豆粕,农产品,DCE,M0
2017-08-22,2726.0,2744.0,2697.0,2739.0,1444050,1663602,2724.0,豆粕,农产品,DCE,M0
2017-08-23,2730.0,2743.0,2728.0,2734.0,1051594,1680570,2734.0,豆粕,农产品,DCE,M0
2017-08-24,2737.0,2743.0,2709.0,2724.0,1200884,1767646,2722.0,豆粕,农产品,DCE,M0
2017-08-25,2726.0,2738.0,2720.0,2735.0,807670,1714700,2731.0,豆粕,农产品,DCE,M0
2017-08-28,2741.0,2754.0,2731.0,2746.0,1009332,1761520,2742.0,豆粕,农产品,DCE,M0
2017-08-29,2748.0,2748.0,2720.0,2723.0,912880,1782900,2729.0,豆粕,农产品,DCE,M0
2017-08-30,2716.0,2722.0,2703.0,2707.0,890384,1861264,2714.0,豆粕,农产品,DCE,M0
2017-08-31,2706.0,2710.0,2692.0,2697.0,791420,1887800,2699.0,豆粕,农产品,DCE,M0
2017-09-01,2695.0,2720.0,2690.0,2705.0,1035906,1890296,2708.0,豆粕,农产品,DCE,M0
2017-09-04,2708.0,2734.0,2700.0,2726.0,1020340,1889532,2716.0,豆粕,农产品,DCE,M0
2017-09-05,2726.0,2735.0,2721.0,2727.0,739104,1873500,2728.0,豆粕,农产品,DCE,M0
2017-09-06,2732.0,2750.0,2729.0,2737.0,1091608,1865810,2739.0,豆粕,农产品,DCE,M0
2017-09-07,2741.0,2750.0,2730.0,2742.0,943724,1822500,2740.0,豆粕,农产品,DCE,M0
2017-09-08,2741.0,2749.0,2710.0,2717.0,1195144,1853534,2731.0,豆粕,农产品,DCE,M0
2017-09-11,2718.0,2728.0,2706.0,2725.0,857258,1798100,2720.0,豆粕,农产品,DCE,M0
2017-09-12,2722.0,2730.0,2713.0,2722.0,749448,1864600,2721.0,豆粕,农产品,DCE,M0
2017-09-13,2722.0,2738.0,2685.0,2690.0,1789078,1958260,2711.0,豆粕,农产品,DCE,M0
2017-09-14,2691.0,2719.0,2690.0,2713.0,966532,1842800,2705.0,豆粕,农产品,DCE,M0
2017-09-15,2720.0,2743.0,2716.0,2738.0,1386540,1822900,2734.0,豆粕,农产品,DCE,M0
2017-09-18,2731.0,2744.0,2710.0,2741.0,1158322,1792144,2730.0,豆粕,农产品,DCE,M0
2017-09-19,2735.0,2759.0,2730.0,2730.0,1284218,1877552,2741.0,豆粕,农产品,DCE,M0
2017-09-20,2731.0,2737.0,2717.0,2730.0,721788,1834200,2726.0,豆粕,农产品,DCE,M0
2017-09-21,2732.0,2748.0,2730.0,2741.0,915492,1883000,2739.0,豆粕,农产品,DCE,M0
2017-09-22,2739.0,2800.0,2732.0,2790.0,1811852,2129772,2770.0,豆粕,农产品,DCE,M0
2017-09-25,2791.0,2816.0,2788.0,2809.0,1371604,2111194,2803.0,豆粕,农产品,DCE,M0
2017-09-26,2806.0,2809.0,2776.0,2787.0,872936,1997300,2789.0,豆粕,农产品,DCE,M0
2017-09-27,2780.0,2784.0,2765.0,2783.0,763092,1979400,2774.0,豆粕,农产品,DCE,M0
2017-09-28,2779.0,2787.0,2755.0,2762.0,931008,1843200,2771.0,豆粕,农产品,DCE,M0
2017-09-29,2763.0,2780.0,2723.0,2729.0,1177762,1642354,2751.0,豆粕,农产品,DCE,M0
2017-10-09,2896.0,2896.0,2788.0,2827.0,60,234,2855.0,豆粕,农产品,DCE,M0
2017-10-10,2782.0,2794.0,2771.0,2774.0,689826,1626400,2781.0,豆粕,农产品,DCE,M0
2017-10-11,2781.0,2791.0,2762.0,2764.0,697172,1651400,2774.0,豆粕,农产品,DCE,M0
2017-10-12,2766.0,2778.0,2763.0,2769.0,456060,1595700,2769.0,豆粕,农产品,DCE,M0
2017-10-13,2769.0,2855.0,2765.0,2855.0,1226306,1663774,2827.0,豆粕,农产品,DCE,M0
2017-10-16,2860.0,2871.0,2846.0,2852.0,888542,1614844,2856.0,豆粕,农产品,DCE,M0
2017-10-17,2852.0,2879.0,2836.0,2842.0,804128,1642600,2852.0,豆粕,农产品,DCE,M0
2017-10-18,2838.0,2845.0,2829.0,2837.0,635958,1621300,2836.0,豆粕,农产品,DCE,M0
2017-10-19,2840.0,2855.0,2835.0,2851.0,678364,1657400,2846.0,豆粕,农产品,DCE,M0
2017-10-20,2853.0,2861.0,2844.0,2852.0,594794,1658400,2852.0,豆粕,农产品,DCE,M0
2017-10-23,2855.0,2874.0,2816.0,2835.0,1013442,1693784,2843.0,豆粕,农产品,DCE,M0
2017-10-24,2830.0,2843.0,2822.0,2822.0,617776,1641200,2831.0,豆粕,农产品,DCE,M0
2017-10-25,2820.0,2835.0,2812.0,2830.0,664920,1681100,2825.0,豆粕,农产品,DCE,M0
2017-10-26,2832.0,2840.0,2812.0,2817.0,681112,1635700,2825.0,豆粕,农产品,DCE,M0
2017-10-27,2822.0,2827.0,2794.0,2797.0,773682,1600232,2809.0,豆粕,农产品,DCE,M0
2017-10-30,2801.0,2815.0,2796.0,2803.0,541254,1539164,2805.0,豆粕,农产品,DCE,M0
2017-10-31,2803.0,2807.0,2785.0,2792.0,594660,1600062,2795.0,豆粕,农产品,DCE,M0
2017-11-01,2792.0,2807.0,2784.0,2797.0,582038,1583462,0.0,豆粕,农产品,DCE,M0
2017-11-02,2797.0,2816.0,2787.0,2801.0,748358,1560468,0.0,豆粕,农产品,DCE,M0
2017-11-03,2802.0,2818.0,2802.0,2809.0,618700,1551288,0.0,豆粕,农产品,DCE,M0
2017-11-06,2806.0,2811.0,2780.0,2784.0,796450,1539296,0.0,豆粕,农产品,DCE,M0
2017-11-07,2782.0,2806.0,2781.0,2794.0,548642,1515846,0.0,豆粕,农产品,DCE,M0
2017-11-08,2791.0,2807.0,2786.0,2804.0,516462,1527200,0.0,豆粕,农产品,DCE,M0
2017-11-09,2804.0,2823.0,2799.0,2819.0,656712,1533650,0.0,豆粕,农产品,DCE,M0
2017-11-10,2822.0,2828.0,2783.0,2794.0,771750,1505356,0.0,豆粕,农产品,DCE,M0
2017-11-13,2795.0,2834.0,2794.0,2834.0,679160,1476832,0.0,豆粕,农产品,DCE,M0
2017-11-14,2828.0,2841.0,2812.0,2820.0,763284,1420900,0.0,豆粕,农产品,DCE,M0
2017-11-15,2819.0,2842.0,2808.0,2832.0,1004436,1454372,0.0,豆粕,农产品,DCE,M0
2017-11-16,2835.0,2869.0,2827.0,2861.0,995200,1427832,0.0,豆粕,农产品,DCE,M0
2017-11-17,2858.0,2869.0,2845.0,2850.0,729410,1452140,0.0,豆粕,农产品,DCE,M0
2017-11-20,2855.0,2909.0,2843.0,2897.0,1022534,1410860,0.0,豆粕,农产品,DCE,M0
2017-11-21,2897.0,2931.0,2888.0,2921.0,818274,1385472,0.0,豆粕,农产品,DCE,M0
2017-11-22,2826.0,2839.0,2814.0,2826.0,483304,1453542,0.0,豆粕,农产品,DCE,M0
2017-11-23,2835.0,2855.0,2818.0,2821.0,765862,1521616,0.0,豆粕,农产品,DCE,M0
2017-11-24,2822.0,2849.0,2822.0,2842.0,385232,1592312,0.0,豆粕,农产品,DCE,M0
2017-11-27,2843.0,2855.0,2820.0,2823.0,793296,1664764,0.0,豆粕,农产品,DCE,M0
2017-11-28,2831.0,2845.0,2819.0,2832.0,609122,1689878,0.0,豆粕,农产品,DCE,M0
2017-11-29,2828.0,2835.0,2817.0,2822.0,499208,1677694,0.0,豆粕,农产品,DCE,M0
2017-11-30,2823.0,2838.0,2810.0,2816.0,675944,1684700,0.0,豆粕,农产品,DCE,M0
2017-12-01,2816.0,2816.0,2791.0,2800.0,685906,1645184,0.0,豆粕,农产品,DCE,M0
2017-12-04,2801.0,2874.0,2801.0,2871.0,1119594,1824170,0.0,豆粕,农产品,DCE,M0
2017-12-05,2870.0,2878.0,2859.0,2864.0,657768,1796226,0.0,豆粕,农产品,DCE,M0
2017-12-06,2870.0,2927.0,2870.0,2912.0,1313822,1991050,0.0,豆粕,农产品,DCE,M0
2017-12-07,2915.0,2917.0,2871.0,2880.0,1141444,1940536,0.0,豆粕,农产品,DCE,M0
2017-12-08,2865.0,2882.0,2855.0,2875.0,903280,1953444,0.0,豆粕,农产品,DCE,M0
2017-12-11,2880.0,2885.0,2838.0,2850.0,993028,1895126,0.0,豆粕,农产品,DCE,M0
2017-12-12,2840.0,2858.0,2838.0,2844.0,647512,1869982,0.0,豆粕,农产品,DCE,M0
2017-12-13,2841.0,2847.0,2829.0,2842.0,686548,1908404,0.0,豆粕,农产品,DCE,M0
2017-12-14,2840.0,2852.0,2822.0,2823.0,798108,1877782,0.0,豆粕,农产品,DCE,M0
2017-12-15,2822.0,2829.0,2809.0,2811.0,780636,1887940,0.0,豆粕,农产品,DCE,M0
2017-12-18,2816.0,2822.0,2805.0,2815.0,639710,1861032,0.0,豆粕,农产品,DCE,M0
2017-12-19,2818.0,2834.0,2808.0,2818.0,824612,1926396,0.0,豆粕,农产品,DCE,M0
2017-12-20,2818.0,2825.0,2800.0,2804.0,752574,1913522,0.0,豆粕,农产品,DCE,M0
2017-12-21,2806.0,2809.0,2787.0,2790.0,770660,1916428,0.0,豆粕,农产品,DCE,M0
2017-12-22,2790.0,2800.0,2785.0,2786.0,530614,1896012,0.0,豆粕,农产品,DCE,M0
2017-12-25,2791.0,2806.0,2789.0,2794.0,529378,1901608,0.0,豆粕,农产品,DCE,M0
2017-12-26,2796.0,2826.0,2794.0,2820.0,665858,1940728,0.0,豆粕,农产品,DCE,M0
2017-12-27,2822.0,2830.0,2811.0,2824.0,695078,1938862,0.0,豆粕,农产品,DCE,M0
2017-12-28,2822.0,2824.0,2801.0,2806.0,611406,1989890,0.0,豆粕,农产品,DCE,M0
2017-12-29,2805.0,2807.0,2756.0,2761.0,997662,1996114,0.0,豆粕,农产品,DCE,M0
2018-01-02,2770.0,2777.0,2762.0,2765.0,391182,1964960,0.0,豆粕,农产品,DCE,M0
2018-01-03,2767.0,2783.0,2766.0,2773.0,600912,2020708,0.0,豆粕,农产品,DCE,M0
2018-01-04,2774.0,2775.0,2761.0,2770.0,494492,1995102,0.0,豆粕,农产品,DCE,M0
2018-01-05,2767.0,2780.0,2750.0,2775.0,789014,2007272,0.0,豆粕,农产品,DCE,M0
2018-01-08,2785.0,2786.0,2766.0,2767.0,532642,1965854,0.0,豆粕,农产品,DCE,M0
2018-01-09,2771.0,2789.0,2768.0,2776.0,647804,1982990,0.0,豆粕,农产品,DCE,M0
2018-01-10,2771.0,2777.0,2764.0,2768.0,446048,1985234,0.0,豆粕,农产品,DCE,M0
2018-01-11,2768.0,2771.0,2745.0,2754.0,673034,1999108,0.0,豆粕,农产品,DCE,M0
2018-01-12,2759.0,2759.0,2725.0,2729.0,710122,1973420,0.0,豆粕,农产品,DCE,M0
2018-01-15,2730.0,2769.0,2720.0,2757.0,743010,1952462,0.0,豆粕,农产品,DCE,M0
2018-01-16,2759.0,2765.0,2748.0,2754.0,551472,1933140,0.0,豆粕,农产品,DCE,M0
2018-01-17,2731.0,2770.0,2731.0,2770.0,684094,1961570,0.0,豆粕,农产品,DCE,M0
2018-01-18,2769.0,2779.0,2758.0,2767.0,582262,1943568,0.0,豆粕,农产品,DCE,M0
2018-01-19,2767.0,2783.0,2762.0,2780.0,566124,1953974,0.0,豆粕,农产品,DCE,M0
2018-01-22,2784.0,2792.0,2774.0,2786.0,577842,1881036,0.0,豆粕,农产品,DCE,M0
2018-01-23,2790.0,2796.0,2777.0,2784.0,546660,1896438,0.0,豆粕,农产品,DCE,M0
2018-01-24,2788.0,2789.0,2757.0,2758.0,740850,1893020,0.0,豆粕,农产品,DCE,M0
2018-01-25,2760.0,2783.0,2758.0,2781.0,610790,1870492,0.0,豆粕,农产品,DCE,M0
2018-01-26,2781.0,2785.0,2753.0,2771.0,555146,1862222,0.0,豆粕,农产品,DCE,M0
2018-01-29,2768.0,2812.0,2761.0,2808.0,980678,1942662,0.0,豆粕,农产品,DCE,M0
2018-01-30,2807.0,2812.0,2792.0,2804.0,685532,1944584,0.0,豆粕,农产品,DCE,M0
2018-01-31,2808.0,2822.0,2799.0,2815.0,618720,1903506,0.0,豆粕,农产品,DCE,M0
2018-02-01,2803.0,2808.0,2792.0,2799.0,569754,1926680,0.0,豆粕,农产品,DCE,M0
2018-02-02,2794.0,2796.0,2762.0,2767.0,688628,1906800,0.0,豆粕,农产品,DCE,M0
2018-02-05,2770.0,2778.0,2763.0,2769.0,450010,1865758,0.0,豆粕,农产品,DCE,M0
2018-02-06,2764.0,2776.0,2757.0,2764.0,510660,1888812,0.0,豆粕,农产品,DCE,M0
2018-02-07,2773.0,2810.0,2771.0,2805.0,743306,1875420,0.0,豆粕,农产品,DCE,M0
2018-02-08,2795.0,2808.0,2791.0,2806.0,520152,1875152,0.0,豆粕,农产品,DCE,M0
2018-02-09,2813.0,2819.0,2794.0,2801.0,570014,1807036,0.0,豆粕,农产品,DCE,M0
2018-02-12,2799.0,2843.0,2793.0,2841.0,749848,1868784,0.0,豆粕,农产品,DCE,M0
2018-02-13,2835.0,2859.0,2833.0,2843.0,614514,1821062,0.0,豆粕,农产品,DCE,M0
2018-02-14,2848.0,2865.0,2847.0,2857.0,496508,1776822,0.0,豆粕,农产品,DCE,M0
2018-02-22,2928.0,2962.0,2918.0,2959.0,850812,1757134,0.0,豆粕,农产品,DCE,M0
2018-02-23,2949.0,2962.0,2945.0,2957.0,705288,1817934,0.0,豆粕,农产品,DCE,M0
2018-02-26,2964.0,2995.0,2959.0,2972.0,1077356,1860838,0.0,豆粕,农产品,DCE,M0
2018-02-27,2978.0,2994.0,2967.0,2972.0,723744,1863690,0.0,豆粕,农产品,DCE,M0
2018-02-28,2977.0,3015.0,2969.0,3008.0,1024922,1982354,0.0,豆粕,农产品,DCE,M0
2018-03-01,3010.0,3057.0,3000.0,3054.0,1373052,2072020,0.0,豆粕,农产品,DCE,M0
2018-03-02,3045.0,3159.0,3039.0,3129.0,2708166,2079598,0.0,豆粕,农产品,DCE,M0
2018-03-05,3130.0,3148.0,3103.0,3120.0,1731452,2032830,0.0,豆粕,农产品,DCE,M0
2018-03-06,3124.0,3142.0,3103.0,3123.0,1491098,2004756,0.0,豆粕,农产品,DCE,M0
2018-03-07,3123.0,3158.0,3108.0,3117.0,1935898,1910948,0.0,豆粕,农产品,DCE,M0
2018-03-08,3112.0,3133.0,3093.0,3115.0,1329674,1853248,0.0,豆粕,农产品,DCE,M0
2018-03-09,3110.0,3146.0,3078.0,3097.0,2006170,1823204,0.0,豆粕,农产品,DCE,M0
2018-03-12,3087.0,3091.0,3035.0,3054.0,1746274,1709602,3056.0,豆粕,农产品,DCE,M0
2018-03-13,3045.0,3082.0,3045.0,3060.0,995948,1629774,3062.0,豆粕,农产品,DCE,M0
2018-03-14,3066.0,3074.0,3051.0,3065.0,799768,1585400,3064.0,豆粕,农产品,DCE,M0
2018-03-15,3022.0,3024.0,2974.0,2995.0,711332,1741000,2995.0,豆粕,农产品,DCE,M0
2018-03-16,3006.0,3045.0,2990.0,3036.0,1099756,2006180,3022.0,豆粕,农产品,DCE,M0
2018-03-19,3034.0,3044.0,2990.0,2993.0,978914,2051600,3011.0,豆粕,农产品,DCE,M0
2018-03-20,2987.0,2993.0,2964.0,2979.0,964638,2065008,2978.0,豆粕,农产品,DCE,M0
2018-03-21,2976.0,3004.0,2974.0,2993.0,724214,2149000,2989.0,豆粕,农产品,DCE,M0
2018-03-22,2998.0,3016.0,2994.0,3000.0,1073702,2192530,3005.0,豆粕,农产品,DCE,M0
2018-03-23,3000.0,3128.0,2999.0,3046.0,3043184,2326762,3048.0,豆粕,农产品,DCE,M0
2018-03-26,3038.0,3122.0,3003.0,3090.0,2765074,2367014,3068.0,豆粕,农产品,DCE,M0
2018-03-27,3086.0,3093.0,3037.0,3057.0,1460026,2426670,3061.0,豆粕,农产品,DCE,M0
2018-03-28,3061.0,3077.0,3035.0,3044.0,1460166,2422690,3055.0,豆粕,农产品,DCE,M0
2018-03-29,3041.0,3042.0,3010.0,3018.0,1328650,2449716,3022.0,豆粕,农产品,DCE,M0
2018-03-30,3015.0,3173.0,3014.0,3158.0,3182996,2763344,3118.0,豆粕,农产品,DCE,M0
2018-04-02,3160.0,3205.0,3150.0,3163.0,1983294,2818482,3171.0,豆粕,农产品,DCE,M0
2018-04-03,3165.0,3175.0,3134.0,3161.0,1758678,2839654,3155.0,豆粕,农产品,DCE,M0
2018-04-04,3161.0,3230.0,3154.0,3223.0,2755846,2850216,3193.0,豆粕,农产品,DCE,M0
2018-04-09,3397.0,3400.0,3285.0,3327.0,3875988,2923706,3340.0,豆粕,农产品,DCE,M0
2018-04-10,3325.0,3343.0,3239.0,3251.0,3801500,2893200,3291.0,豆粕,农产品,DCE,M0
2018-04-11,3250.0,3263.0,3207.0,3247.0,2380494,3024840,3237.0,豆粕,农产品,DCE,M0
2018-04-12,3251.0,3253.0,3213.0,3220.0,1697642,3061478,3229.0,豆粕,农产品,DCE,M0
2018-04-13,3220.0,3261.0,3206.0,3229.0,1920024,3152404,3230.0,豆粕,农产品,DCE,M0
2018-04-16,3229.0,3232.0,3185.0,3202.0,1612696,3135498,3209.0,豆粕,农产品,DCE,M0
2018-04-17,3211.0,3272.0,3171.0,3265.0,2431826,3259078,3204.0,豆粕,农产品,DCE,M0
2018-04-18,3256.0,3262.0,3198.0,3228.0,2287228,3189154,3227.0,豆粕,农产品,DCE,M0
2018-04-19,3226.0,3228.0,3191.0,3214.0,1721680,3179034,3210.0,豆粕,农产品,DCE,M0
2018-04-20,3209.0,3252.0,3203.0,3232.0,1821514,3242630,3226.0,豆粕,农产品,DCE,M0
2018-04-23,3228.0,3260.0,3192.0,3205.0,1998034,3223108,3217.0,豆粕,农产品,DCE,M0
2018-04-24,3205.0,3213.0,3192.0,3194.0,1291936,3222838,3202.0,豆粕,农产品,DCE,M0
2018-04-25,3194.0,3232.0,3186.0,3202.0,1813960,3224772,3209.0,豆粕,农产品,DCE,M0
2018-04-26,3203.0,3203.0,3172.0,3176.0,1506362,3193662,3189.0,豆粕,农产品,DCE,M0
2018-04-27,3181.0,3181.0,3131.0,3168.0,1856868,3145866,3156.0,豆粕,农产品,DCE,M0
2018-05-02,3220.0,3236.0,3188.0,3226.0,1160376,3105534,3219.0,豆粕,农产品,DCE,M0
2018-05-03,3223.0,3232.0,3201.0,3224.0,1044346,3103410,3221.0,豆粕,农产品,DCE,M0
2018-05-04,3221.0,3225.0,3178.0,3206.0,1496444,3109756,3205.0,豆粕,农产品,DCE,M0
2018-05-07,3210.0,3244.0,3156.0,3157.0,1968878,3100424,3200.0,豆粕,农产品,DCE,M0
2018-05-08,3158.0,3169.0,3086.0,3089.0,2267858,3053704,3121.0,豆粕,农产品,DCE,M0
2018-05-09,3095.0,3111.0,3080.0,3106.0,1367256,3029932,3097.0,豆粕,农产品,DCE,M0
2018-05-10,3102.0,3120.0,3093.0,3115.0,946712,3028100,3104.0,豆粕,农产品,DCE,M0
2018-05-11,3114.0,3118.0,3068.0,3074.0,1199272,3007016,3088.0,豆粕,农产品,DCE,M0
2018-05-14,3065.0,3080.0,3022.0,3030.0,1650616,3018126,3057.0,豆粕,农产品,DCE,M0
2018-05-15,3032.0,3065.0,3022.0,3028.0,1451284,2985440,3041.0,豆粕,农产品,DCE,M0
2018-05-16,3028.0,3030.0,2932.0,2971.0,2592460,2928624,2974.0,豆粕,农产品,DCE,M0
2018-05-17,2972.0,3002.0,2942.0,2976.0,1960050,2819076,2972.0,豆粕,农产品,DCE,M0
2018-05-18,2977.0,2990.0,2923.0,2961.0,1695004,2803916,2960.0,豆粕,农产品,DCE,M0
2018-05-21,2953.0,2974.0,2933.0,2956.0,1580462,2804740,2952.0,豆粕,农产品,DCE,M0
2018-05-22,2952.0,2976.0,2945.0,2958.0,1083814,2752862,2958.0,豆粕,农产品,DCE,M0
2018-05-23,2970.0,3001.0,2957.0,2980.0,1585342,2759730,2981.0,豆粕,农产品,DCE,M0
2018-05-24,2977.0,3048.0,2974.0,3044.0,1693602,2724850,3012.0,豆粕,农产品,DCE,M0
2018-05-25,3040.0,3055.0,3016.0,3024.0,961146,2657200,3030.0,豆粕,农产品,DCE,M0
2018-05-28,3030.0,3049.0,3020.0,3036.0,912362,2604600,3034.0,豆粕,农产品,DCE,M0
2018-05-29,3038.0,3081.0,3032.0,3076.0,1121916,2594106,3060.0,豆粕,农产品,DCE,M0
2018-05-30,3060.0,3077.0,3036.0,3045.0,1677336,2543676,3054.0,豆粕,农产品,DCE,M0
2018-05-31,3042.0,3049.0,3002.0,3020.0,1405612,2507872,3021.0,豆粕,农产品,DCE,M0
2018-06-01,3026.0,3044.0,3023.0,3029.0,879500,2475800,3032.0,豆粕,农产品,DCE,M0
2018-06-04,3034.0,3061.0,3011.0,3042.0,1231834,2453542,3034.0,豆粕,农产品,DCE,M0
2018-06-05,3041.0,3049.0,2977.0,3011.0,1299618,2387612,3014.0,豆粕,农产品,DCE,M0
2018-06-06,3011.0,3020.0,2998.0,3013.0,663426,2334300,3009.0,豆粕,农产品,DCE,M0
2018-06-07,3003.0,3013.0,2972.0,2985.0,884572,2341986,2990.0,豆粕,农产品,DCE,M0
2018-06-08,2985.0,2989.0,2856.0,2893.0,1983874,2317866,2920.0,豆粕,农产品,DCE,M0
2018-06-11,2899.0,2928.0,2893.0,2906.0,952080,2255406,2908.0,豆粕,农产品,DCE,M0
2018-06-12,2904.0,2915.0,2885.0,2910.0,867878,2199870,2904.0,豆粕,农产品,DCE,M0
2018-06-13,2910.0,2958.0,2907.0,2940.0,1158428,2152148,2926.0,豆粕,农产品,DCE,M0
2018-06-14,2946.0,2961.0,2928.0,2947.0,997870,2097802,2944.0,豆粕,农产品,DCE,M0
2018-06-15,2951.0,2979.0,2922.0,2935.0,1419338,2036690,2949.0,豆粕,农产品,DCE,M0
2018-06-19,3095.0,3095.0,3013.0,3054.0,2253310,1943588,3057.0,豆粕,农产品,DCE,M0
2018-06-20,3055.0,3077.0,3010.0,3044.0,1903010,1889518,3045.0,豆粕,农产品,DCE,M0
2018-06-21,3046.0,3055.0,3001.0,3012.0,1145386,1809544,3027.0,豆粕,农产品,DCE,M0
2018-06-22,3019.0,3024.0,2936.0,2968.0,1436918,1761910,2975.0,豆粕,农产品,DCE,M0
2018-06-25,2974.0,3014.0,2968.0,3004.0,856898,1732400,2993.0,豆粕,农产品,DCE,M0
2018-06-26,3002.0,3082.0,2986.0,3058.0,1789930,1784326,3038.0,豆粕,农产品,DCE,M0
2018-06-27,3061.0,3146.0,3047.0,3126.0,2367654,1993300,3097.0,豆粕,农产品,DCE,M0
2018-06-28,3128.0,3136.0,3091.0,3119.0,1755518,1872034,3117.0,豆粕,农产品,DCE,M0
2018-06-29,3122.0,3150.0,3108.0,3140.0,1475800,1836500,3129.0,豆粕,农产品,DCE,M0
2018-07-02,3226.0,3258.0,3202.0,3252.0,920306,1936700,3230.0,豆粕,农产品,DCE,M0
2018-07-03,3246.0,3256.0,3172.0,3217.0,938136,1952768,3217.0,豆粕,农产品,DCE,M0
2018-07-04,3220.0,3241.0,3183.0,3193.0,971818,1936600,3212.0,豆粕,农产品,DCE,M0
2018-07-05,3193.0,3205.0,3148.0,3199.0,790520,1913600,3180.0,豆粕,农产品,DCE,M0
2018-07-06,3193.0,3229.0,3090.0,3162.0,1905414,1877206,3169.0,豆粕,农产品,DCE,M0
2018-07-09,3168.0,3204.0,3144.0,3166.0,866340,1899500,3175.0,豆粕,农产品,DCE,M0
2018-07-10,3150.0,3150.0,3106.0,3129.0,917062,1926400,3125.0,豆粕,农产品,DCE,M0
2018-07-11,3131.0,3184.0,3120.0,3138.0,1106848,1878030,3145.0,豆粕,农产品,DCE,M0
2018-07-12,3141.0,3155.0,3111.0,3118.0,747818,1863500,3134.0,豆粕,农产品,DCE,M0
2018-07-13,3119.0,3124.0,3087.0,3089.0,664464,1877700,3104.0,豆粕,农产品,DCE,M0
2018-07-16,3087.0,3095.0,3063.0,3088.0,550816,1820600,3080.0,豆粕,农产品,DCE,M0
2018-07-17,3085.0,3137.0,3081.0,3126.0,700076,1810274,3116.0,豆粕,农产品,DCE,M0
2018-07-18,3126.0,3142.0,3114.0,3115.0,499844,1809700,3126.0,豆粕,农产品,DCE,M0
2018-07-19,3119.0,3136.0,3106.0,3135.0,437766,1801600,3123.0,豆粕,农产品,DCE,M0
2018-07-20,3140.0,3172.0,3133.0,3157.0,724934,1872000,3155.0,豆粕,农产品,DCE,M0
2018-07-23,3158.0,3177.0,3148.0,3154.0,541740,1844400,3162.0,豆粕,农产品,DCE,M0
2018-07-24,3155.0,3174.0,3138.0,3159.0,828270,1897874,3154.0,豆粕,农产品,DCE,M0
2018-07-25,3164.0,3196.0,3155.0,3180.0,1015312,1981026,3178.0,豆粕,农产品,DCE,M0
2018-07-26,3182.0,3207.0,3165.0,3200.0,1038174,1973382,3191.0,豆粕,农产品,DCE,M0
2018-07-27,3212.0,3212.0,3173.0,3181.0,787092,1948600,3189.0,豆粕,农产品,DCE,M0
2018-07-30,3189.0,3232.0,3183.0,3227.0,1030788,1994178,3213.0,豆粕,农产品,DCE,M0
2018-07-31,3232.0,3246.0,3220.0,3228.0,823966,2014316,3232.0,豆粕,农产品,DCE,M0
2018-08-01,3240.0,3264.0,3168.0,3181.0,2243784,1982688,3204.0,豆粕,农产品,DCE,M0
2018-08-02,3190.0,3204.0,3180.0,3197.0,907108,1918200,3192.0,豆粕,农产品,DCE,M0
2018-08-03,3200.0,3209.0,3160.0,3163.0,1258286,1940354,3184.0,豆粕,农产品,DCE,M0
2018-08-06,3165.0,3205.0,3153.0,3203.0,1022506,1930268,3182.0,豆粕,农产品,DCE,M0
2018-08-07,3202.0,3232.0,3187.0,3224.0,1034678,1964820,3211.0,豆粕,农产品,DCE,M0
2018-08-08,3223.0,3302.0,3208.0,3289.0,1881458,2107088,3246.0,豆粕,农产品,DCE,M0
2018-08-09,3290.0,3317.0,3271.0,3279.0,1820222,2212776,3292.0,豆粕,农产品,DCE,M0
2018-08-10,3280.0,3299.0,3265.0,3279.0,1204398,2232768,3281.0,豆粕,农产品,DCE,M0
2018-08-13,3278.0,3292.0,3175.0,3206.0,1692594,2110442,3226.0,豆粕,农产品,DCE,M0
2018-08-14,3208.0,3264.0,3196.0,3260.0,1238714,2135920,3241.0,豆粕,农产品,DCE,M0
2018-08-15,3274.0,3301.0,3262.0,3292.0,1560430,2196036,3283.0,豆粕,农产品,DCE,M0
2018-08-16,3285.0,3304.0,3227.0,3240.0,2437910,2142962,3261.0,豆粕,农产品,DCE,M0
2018-08-17,3240.0,3252.0,3219.0,3224.0,1225868,2141960,3236.0,豆粕,农产品,DCE,M0
2018-08-20,3227.0,3246.0,3155.0,3183.0,1569454,2029418,3190.0,豆粕,农产品,DCE,M0
2018-08-21,3190.0,3190.0,3166.0,3182.0,872858,2012000,3178.0,豆粕,农产品,DCE,M0
2018-08-22,3181.0,3227.0,3168.0,3201.0,1250622,1989186,3189.0,豆粕,农产品,DCE,M0
2018-08-23,3200.0,3216.0,3110.0,3116.0,2124674,2069168,3165.0,豆粕,农产品,DCE,M0
2018-08-24,3110.0,3145.0,3107.0,3128.0,1291452,2003458,3129.0,豆粕,农产品,DCE,M0
2018-08-27,3122.0,3142.0,3024.0,3042.0,2310716,1985740,3073.0,豆粕,农产品,DCE,M0
2018-08-28,3041.0,3068.0,3036.0,3050.0,1131390,1974506,3052.0,豆粕,农产品,DCE,M0
2018-08-29,3052.0,3077.0,3049.0,3067.0,1278066,2027680,3063.0,豆粕,农产品,DCE,M0
2018-08-30,3076.0,3119.0,3071.0,3110.0,1580686,2053030,3098.0,豆粕,农产品,DCE,M0
2018-08-31,3102.0,3123.0,3082.0,3102.0,1222598,2068572,3100.0,豆粕,农产品,DCE,M0
2018-09-03,3103.0,3145.0,3097.0,3132.0,1243258,2104350,3121.0,豆粕,农产品,DCE,M0
2018-09-04,3129.0,3138.0,3103.0,3120.0,1104616,2086890,3117.0,豆粕,农产品,DCE,M0
2018-09-05,3121.0,3144.0,3112.0,3116.0,1199296,2148868,3126.0,豆粕,农产品,DCE,M0
2018-09-06,3110.0,3123.0,3091.0,3120.0,1005120,2161102,3107.0,豆粕,农产品,DCE,M0
2018-09-07,3121.0,3137.0,3105.0,3125.0,1443918,2282844,3121.0,豆粕,农产品,DCE,M0
2018-09-10,3132.0,3217.0,3118.0,3178.0,2369574,2453370,3168.0,豆粕,农产品,DCE,M0
2018-09-11,3184.0,3195.0,3166.0,3187.0,1166432,2416898,3180.0,豆粕,农产品,DCE,M0
2018-09-12,3182.0,3203.0,3170.0,3183.0,1646158,2416328,3185.0,豆粕,农产品,DCE,M0
2018-09-13,3180.0,3194.0,3077.0,3099.0,2389390,2305102,3123.0,豆粕,农产品,DCE,M0
2018-09-14,3107.0,3136.0,3099.0,3120.0,1263198,2253972,3120.0,豆粕,农产品,DCE,M0
2018-09-17,3120.0,3172.0,3117.0,3158.0,1199068,2258234,3147.0,豆粕,农产品,DCE,M0
2018-09-18,3159.0,3203.0,3152.0,3179.0,1466530,2313430,3177.0,豆粕,农产品,DCE,M0
2018-09-19,3178.0,3187.0,3161.0,3177.0,849728,2293900,3174.0,豆粕,农产品,DCE,M0
2018-09-20,3181.0,3207.0,3164.0,3173.0,1348150,2274982,3184.0,豆粕,农产品,DCE,M0
2018-09-21,3176.0,3203.0,3168.0,3195.0,1043204,2244290,3188.0,豆粕,农产品,DCE,M0
2018-09-25,3210.0,3305.0,3210.0,3274.0,1680452,2440722,3264.0,豆粕,农产品,DCE,M0
2018-09-26,3284.0,3318.0,3277.0,3292.0,1440310,2523788,3296.0,豆粕,农产品,DCE,M0
2018-09-27,3292.0,3335.0,3275.0,3324.0,1068404,2546780,3298.0,豆粕,农产品,DCE,M0
2018-09-28,3332.0,3376.0,3306.0,3367.0,1573216,2527708,3345.0,豆粕,农产品,DCE,M0
2018-10-08,3420.0,3457.0,3412.0,3449.0,1127932,2572182,3436.0,豆粕,农产品,DCE,M0
2018-10-09,3450.0,3528.0,3443.0,3487.0,2264030,2623758,3481.0,豆粕,农产品,DCE,M0
2018-10-10,3481.0,3515.0,3463.0,3513.0,1718506,2667158,3485.0,豆粕,农产品,DCE,M0
2018-10-11,3504.0,3539.0,3478.0,3497.0,2124362,2674894,3506.0,豆粕,农产品,DCE,M0
2018-10-12,3497.0,3520.0,3431.0,3441.0,3036066,2473052,3464.0,豆粕,农产品,DCE,M0
2018-10-15,3444.0,3469.0,3407.0,3433.0,2244296,2369964,3438.0,豆粕,农产品,DCE,M0
2018-10-16,3432.0,3461.0,3402.0,3425.0,2169196,2248416,3428.0,豆粕,农产品,DCE,M0
2018-10-17,3424.0,3449.0,3397.0,3449.0,1858400,2224800,3417.0,豆粕,农产品,DCE,M0
2018-10-18,3449.0,3483.0,3421.0,3435.0,1827036,2162754,3450.0,豆粕,农产品,DCE,M0
2018-10-19,3431.0,3458.0,3418.0,3440.0,1309668,2206576,3436.0,豆粕,农产品,DCE,M0
2018-10-22,3439.0,3439.0,3370.0,3370.0,2364450,2048568,3395.0,豆粕,农产品,DCE,M0
2018-10-23,3370.0,3386.0,3359.0,3370.0,1039214,2002558,3374.0,豆粕,农产品,DCE,M0
2018-10-24,3370.0,3413.0,3363.0,3412.0,1240896,2030084,3392.0,豆粕,农产品,DCE,M0
2018-10-25,3412.0,3424.0,3387.0,3391.0,1450086,1963770,3405.0,豆粕,农产品,DCE,M0
2018-10-26,3394.0,3398.0,3368.0,3397.0,1461274,1946934,3383.0,豆粕,农产品,DCE,M0
2018-10-29,3397.0,3410.0,3337.0,3349.0,1902240,1922534,3369.0,豆粕,农产品,DCE,M0
2018-10-30,3349.0,3353.0,3293.0,3309.0,1583364,1802694,3317.0,豆粕,农产品,DCE,M0
2018-10-31,3310.0,3329.0,3304.0,3307.0,896206,1736100,3315.0,豆粕,农产品,DCE,M0
2018-11-01,3307.0,3322.0,3235.0,3260.0,1888050,1624698,3268.0,豆粕,农产品,DCE,M0
2018-11-02,3262.0,3282.0,3105.0,3105.0,3109848,1434546,3152.0,豆粕,农产品,DCE,M0
2018-11-05,3069.0,3150.0,3050.0,3142.0,2140842,1324000,3115.0,豆粕,农产品,DCE,M0
2018-11-06,3150.0,3184.0,3149.0,3158.0,1420634,1342028,3168.0,豆粕,农产品,DCE,M0
2018-11-07,3160.0,3208.0,3147.0,3198.0,1559148,1331078,3177.0,豆粕,农产品,DCE,M0
2018-11-08,3195.0,3207.0,3104.0,3152.0,1701282,1292392,3158.0,豆粕,农产品,DCE,M0
2018-11-09,3147.0,3157.0,3120.0,3142.0,1074606,1278676,3139.0,豆粕,农产品,DCE,M0
2018-11-12,3142.0,3149.0,3115.0,3138.0,1037394,1263028,3135.0,豆粕,农产品,DCE,M0
2018-11-13,3145.0,3156.0,3086.0,3119.0,1085110,1224648,3117.0,豆粕,农产品,DCE,M0
2018-11-14,3118.0,3118.0,3058.0,3078.0,914578,1205200,3087.0,豆粕,农产品,DCE,M0
2018-11-15,3082.0,3093.0,3034.0,3054.0,1088628,1187150,3061.0,豆粕,农产品,DCE,M0
2018-11-16,3050.0,3164.0,3045.0,3158.0,1497636,1176176,3116.0,豆粕,农产品,DCE,M0
2018-11-19,3158.0,3160.0,3121.0,3124.0,747900,1151176,3137.0,豆粕,农产品,DCE,M0
2018-11-20,3121.0,3152.0,3090.0,3124.0,1238322,1132646,3117.0,豆粕,农产品,DCE,M0
2018-11-21,3131.0,3181.0,3102.0,3170.0,1352148,1185116,3147.0,豆粕,农产品,DCE,M0
2018-11-22,3168.0,3169.0,3131.0,3154.0,746114,1159160,3148.0,豆粕,农产品,DCE,M0
2018-11-23,3156.0,3167.0,3070.0,3116.0,1134578,1101228,3126.0,豆粕,农产品,DCE,M0
2018-11-26,3116.0,3121.0,3012.0,3040.0,1209226,1043592,3074.0,豆粕,农产品,DCE,M0
2018-11-27,2680.0,2711.0,2641.0,2663.0,673626,1130600,2672.0,豆粕,农产品,DCE,M0
2018-11-28,2668.0,2707.0,2665.0,2699.0,328802,1108586,2689.0,豆粕,农产品,DCE,M0
2018-11-29,2702.0,2733.0,2698.0,2720.0,445134,1123900,2716.0,豆粕,农产品,DCE,M0
2018-11-30,2716.0,2729.0,2703.0,2716.0,322796,1156600,2717.0,豆粕,农产品,DCE,M0
2018-12-03,2716.0,2746.0,2675.0,2720.0,854662,1186754,2715.0,豆粕,农产品,DCE,M0
2018-12-04,2740.0,2740.0,2654.0,2682.0,979892,1195594,2685.0,豆粕,农产品,DCE,M0
2018-12-05,2690.0,2725.0,2680.0,2718.0,807028,1129800,2703.0,豆粕,农产品,DCE,M0
2018-12-06,2722.0,2744.0,2709.0,2716.0,747532,1093100,2727.0,豆粕,农产品,DCE,M0
2018-12-07,2712.0,2730.0,2692.0,2711.0,818760,1124850,2709.0,豆粕,农产品,DCE,M0
2018-12-10,2705.0,2718.0,2666.0,2681.0,881288,1198600,2687.0,豆粕,农产品,DCE,M0
2018-12-11,2685.0,2697.0,2666.0,2684.0,791662,1196186,2682.0,豆粕,农产品,DCE,M0
2018-12-12,2686.0,2705.0,2661.0,2701.0,858282,1212000,2687.0,豆粕,农产品,DCE,M0
2018-12-13,2703.0,2711.0,2684.0,2702.0,837998,1231500,2698.0,豆粕,农产品,DCE,M0
2018-12-14,2702.0,2707.0,2630.0,2662.0,1640344,1340982,2660.0,豆粕,农产品,DCE,M0
2018-12-17,2665.0,2670.0,2641.0,2652.0,866592,1331400,2658.0,豆粕,农产品,DCE,M0
2018-12-18,2650.0,2672.0,2640.0,2668.0,913908,1350440,2657.0,豆粕,农产品,DCE,M0
2018-12-19,2672.0,2684.0,2660.0,2674.0,727882,1329938,2672.0,豆粕,农产品,DCE,M0
2018-12-20,2676.0,2679.0,2651.0,2663.0,772440,1327000,2666.0,豆粕,农产品,DCE,M0
2018-12-21,2670.0,2670.0,2641.0,2649.0,809714,1387900,2655.0,豆粕,农产品,DCE,M0
2018-12-24,2647.0,2661.0,2604.0,2623.0,1313078,1509792,2628.0,豆粕,农产品,DCE,M0
2018-12-25,2622.0,2641.0,2619.0,2631.0,918434,1488400,2631.0,豆粕,农产品,DCE,M0
2018-12-26,2632.0,2641.0,2621.0,2634.0,758264,1470724,2632.0,豆粕,农产品,DCE,M0
2018-12-27,2640.0,2652.0,2616.0,2625.0,840352,1505100,2632.0,豆粕,农产品,DCE,M0
2018-12-28,2625.0,2633.0,2610.0,2625.0,769232,1486200,2620.0,豆粕,农产品,DCE,M0
2019-01-02,2625.0,2649.0,2622.0,2646.0,493862,1482564,2639.0,豆粕,农产品,DCE,M0
2019-01-03,2646.0,2664.0,2641.0,2661.0,737256,1475300,2654.0,豆粕,农产品,DCE,M0
2019-01-04,2663.0,2703.0,2659.0,2698.0,1152956,1473888,2687.0,豆粕,农产品,DCE,M0
2019-01-07,2695.0,2715.0,2685.0,2697.0,1069944,1443010,2698.0,豆粕,农产品,DCE,M0
2019-01-08,2707.0,2708.0,2674.0,2677.0,807798,1435100,2688.0,豆粕,农产品,DCE,M0
2019-01-09,2679.0,2682.0,2665.0,2674.0,779458,1457700,2674.0,豆粕,农产品,DCE,M0
2019-01-10,2674.0,2688.0,2658.0,2670.0,946396,1469400,2673.0,豆粕,农产品,DCE,M0
2019-01-11,2669.0,2673.0,2625.0,2628.0,1049460,1549208,2641.0,豆粕,农产品,DCE,M0
2019-01-14,2629.0,2633.0,2556.0,2566.0,1632356,1683404,2588.0,豆粕,农产品,DCE,M0
2019-01-15,2563.0,2583.0,2555.0,2577.0,919730,1694122,2570.0,豆粕,农产品,DCE,M0
2019-01-16,2576.0,2584.0,2524.0,2535.0,1656302,1864480,2545.0,豆粕,农产品,DCE,M0
2019-01-17,2537.0,2554.0,2531.0,2538.0,1159214,1959772,2540.0,豆粕,农产品,DCE,M0
2019-01-18,2539.0,2567.0,2526.0,2560.0,1473842,1922604,2549.0,豆粕,农产品,DCE,M0
2019-01-21,2569.0,2589.0,2556.0,2585.0,1328400,1908048,2572.0,豆粕,农产品,DCE,M0
2019-01-22,2585.0,2594.0,2557.0,2580.0,1237308,1910048,2576.0,豆粕,农产品,DCE,M0
2019-01-23,2584.0,2594.0,2565.0,2585.0,1150990,1873434,2581.0,豆粕,农产品,DCE,M0
2019-01-24,2585.0,2611.0,2579.0,2599.0,1265934,1859338,2593.0,豆粕,农产品,DCE,M0
2019-01-25,2596.0,2605.0,2575.0,2586.0,1035412,1831544,2589.0,豆粕,农产品,DCE,M0
2019-01-28,2588.0,2597.0,2578.0,2582.0,809362,1823200,2587.0,豆粕,农产品,DCE,M0
2019-01-29,2582.0,2587.0,2538.0,2560.0,1203676,1819752,2561.0,豆粕,农产品,DCE,M0
2019-01-30,2561.0,2565.0,2547.0,2552.0,667690,1802700,2555.0,豆粕,农产品,DCE,M0
2019-01-31,2555.0,2591.0,2554.0,2589.0,985564,1725146,2570.0,豆粕,农产品,DCE,M0
2019-02-01,2590.0,2629.0,2575.0,2586.0,1385528,1658070,2598.0,豆粕,农产品,DCE,M0
2019-02-11,2576.0,2610.0,2559.0,2602.0,943738,1703500,2589.0,豆粕,农产品,DCE,M0
2019-02-12,2597.0,2623.0,2594.0,2616.0,1176262,1787732,2608.0,豆粕,农产品,DCE,M0
2019-02-13,2616.0,2624.0,2591.0,2620.0,1191278,1753602,2610.0,豆粕,农产品,DCE,M0
2019-02-14,2614.0,2635.0,2597.0,2605.0,1269320,1761050,2612.0,豆粕,农产品,DCE,M0
2019-02-15,2605.0,2607.0,2572.0,2581.0,1066016,1742712,2588.0,豆粕,农产品,DCE,M0
2019-02-18,2583.0,2602.0,2567.0,2574.0,1030752,1759244,2581.0,豆粕,农产品,DCE,M0
2019-02-19,2575.0,2587.0,2569.0,2576.0,799778,1806300,2578.0,豆粕,农产品,DCE,M0
2019-02-20,2572.0,2575.0,2515.0,2531.0,1970878,1968658,2541.0,豆粕,农产品,DCE,M0
2019-02-21,2528.0,2546.0,2524.0,2535.0,1032460,1991298,2534.0,豆粕,农产品,DCE,M0
2019-02-22,2544.0,2559.0,2538.0,2546.0,1033030,1981066,2545.0,豆粕,农产品,DCE,M0
2019-02-25,2517.0,2552.0,2506.0,2522.0,1440726,2048370,2526.0,豆粕,农产品,DCE,M0
2019-02-26,2528.0,2544.0,2515.0,2525.0,1280230,2042172,2528.0,豆粕,农产品,DCE,M0
2019-02-27,2523.0,2524.0,2477.0,2480.0,1838758,2226784,2496.0,豆粕,农产品,DCE,M0
2019-02-28,2480.0,2491.0,2467.0,2486.0,1252956,2239822,2482.0,豆粕,农产品,DCE,M0
2019-03-01,2480.0,2530.0,2480.0,2512.0,3017588,2234236,2507.0,豆粕,农产品,DCE,M0
2019-03-04,2518.0,2521.0,2474.0,2474.0,1962372,2322642,2491.0,豆粕,农产品,DCE,M0
2019-03-05,2475.0,2502.0,2472.0,2484.0,1565600,2304092,2488.0,豆粕,农产品,DCE,M0
2019-03-06,2488.0,2509.0,2481.0,2507.0,1530626,2236588,2494.0,豆粕,农产品,DCE,M0
2019-03-07,2507.0,2528.0,2498.0,2525.0,1868900,2112204,2514.0,豆粕,农产品,DCE,M0
2019-03-08,2530.0,2531.0,2506.0,2522.0,1707440,2019688,2521.0,豆粕,农产品,DCE,M0
2019-03-11,2522.0,2541.0,2508.0,2524.0,1598650,1996190,2525.0,豆粕,农产品,DCE,M0
2019-03-12,2523.0,2532.0,2502.0,2510.0,1349672,1950846,2514.0,豆粕,农产品,DCE,M0
2019-03-13,2510.0,2535.0,2508.0,2534.0,1127098,1909734,2524.0,豆粕,农产品,DCE,M0
2019-03-14,2526.0,2583.0,2518.0,2566.0,2375316,1758532,2553.0,豆粕,农产品,DCE,M0
2019-03-15,2561.0,2577.0,2551.0,2566.0,1394024,1685408,2565.0,豆粕,农产品,DCE,M0
2019-03-18,2566.0,2578.0,2541.0,2550.0,1313116,1650784,2559.0,豆粕,农产品,DCE,M0
2019-03-19,2552.0,2566.0,2531.0,2539.0,1186084,1639760,2552.0,豆粕,农产品,DCE,M0
2019-03-20,2545.0,2545.0,2525.0,2536.0,903132,1638932,2535.0,豆粕,农产品,DCE,M0
2019-03-21,2537.0,2547.0,2530.0,2540.0,798286,1601500,2537.0,豆粕,农产品,DCE,M0
2019-03-22,2542.0,2563.0,2531.0,2556.0,1125378,1565358,2548.0,豆粕,农产品,DCE,M0
2019-03-25,2553.0,2567.0,2546.0,2555.0,835754,1521800,2555.0,豆粕,农产品,DCE,M0
2019-03-26,2556.0,2570.0,2552.0,2557.0,784788,1478950,2561.0,豆粕,农产品,DCE,M0
2019-03-27,2558.0,2564.0,2546.0,2556.0,799826,1443800,2556.0,豆粕,农产品,DCE,M0
2019-03-28,2555.0,2555.0,2499.0,2504.0,1370752,1391580,2526.0,豆粕,农产品,DCE,M0
2019-03-29,2575.0,2587.0,2569.0,2572.0,570384,1477400,2579.0,豆粕,农产品,DCE,M0
2019-04-01,2577.0,2590.0,2568.0,2584.0,578362,1537900,2581.0,豆粕,农产品,DCE,M0
2019-04-02,2585.0,2642.0,2585.0,2634.0,1252906,1591412,2620.0,豆粕,农产品,DCE,M0
2019-04-03,2628.0,2653.0,2617.0,2634.0,1188004,1691460,2635.0,豆粕,农产品,DCE,M0
2019-04-04,2635.0,2644.0,2619.0,2641.0,1143686,1743354,2633.0,豆粕,农产品,DCE,M0
2019-04-08,2633.0,2661.0,2625.0,2639.0,1211372,1791770,2645.0,豆粕,农产品,DCE,M0
2019-04-09,2636.0,2645.0,2612.0,2621.0,1385814,1830150,2625.0,豆粕,农产品,DCE,M0
2019-04-10,2623.0,2629.0,2616.0,2621.0,865260,1881094,2621.0,豆粕,农产品,DCE,M0
2019-04-11,2619.0,2637.0,2615.0,2628.0,1226324,1919362,2626.0,豆粕,农产品,DCE,M0
2019-04-12,2624.0,2626.0,2595.0,2601.0,1623500,2010000,2607.0,豆粕,农产品,DCE,M0
2019-04-15,2604.0,2635.0,2601.0,2632.0,1646362,2094176,2619.0,豆粕,农产品,DCE,M0
2019-04-16,2635.0,2653.0,2626.0,2635.0,1757218,2106508,2636.0,豆粕,农产品,DCE,M0
2019-04-17,2633.0,2639.0,2607.0,2614.0,1535220,2150254,2621.0,豆粕,农产品,DCE,M0
2019-04-18,2611.0,2617.0,2589.0,2608.0,1470778,2237236,2602.0,豆粕,农产品,DCE,M0
2019-04-19,2608.0,2621.0,2603.0,2611.0,1083162,2199140,2612.0,豆粕,农产品,DCE,M0
2019-04-23,2610.0,2618.0,2607.0,2612.0,1052896,2222684,2612.0,豆粕,农产品,DCE,M0
2019-04-24,2612.0,2616.0,2590.0,2602.0,1426352,2199584,2602.0,豆粕,农产品,DCE,M0
2019-04-25,2601.0,2608.0,2563.0,2567.0,2240324,2388836,2587.0,豆粕,农产品,DCE,M0
2019-04-26,2566.0,2574.0,2555.0,2560.0,1452206,2359448,2564.0,豆粕,农产品,DCE,M0
2019-04-29,2564.0,2575.0,2562.0,2566.0,987284,2313502,2568.0,豆粕,农产品,DCE,M0
2019-04-30,2569.0,2575.0,2537.0,2569.0,1570472,2180304,2555.0,豆粕,农产品,DCE,M0
2019-05-06,2581.0,2618.0,2577.0,2585.0,1816862,2003338,2592.0,豆粕,农产品,DCE,M0
2019-05-07,2581.0,2615.0,2581.0,2600.0,1940376,1930194,2598.0,豆粕,农产品,DCE,M0
2019-05-08,2602.0,2613.0,2594.0,2608.0,1219368,1971864,2605.0,豆粕,农产品,DCE,M0
2019-05-09,2615.0,2706.0,2614.0,2690.0,4216526,2064162,2657.0,豆粕,农产品,DCE,M0
2019-05-10,2695.0,2716.0,2633.0,2658.0,4480698,2022882,2670.0,豆粕,农产品,DCE,M0
2019-05-13,2660.0,2686.0,2647.0,2659.0,261851,2164314,2662.0,豆粕,农产品,DCE,M0
2019-05-14,2666.0,2694.0,2646.0,2667.0,256899,2226910,2667.0,豆粕,农产品,DCE,M0
2019-05-15,2674.0,2695.0,2666.0,2695.0,183382,2265302,2680.0,豆粕,农产品,DCE,M0
2019-05-16,2705.0,2747.0,2700.0,2726.0,3345414,2299498,2726.0,豆粕,农产品,DCE,M0
2019-05-17,2730.0,2751.0,2715.0,2719.0,2115538,2316344,2732.0,豆粕,农产品,DCE,M0
2019-05-20,2723.0,2745.0,2712.0,2742.0,1859848,2358778,2732.0,豆粕,农产品,DCE,M0
2019-05-21,2751.0,2805.0,2739.0,2786.0,2957462,2405134,2775.0,豆粕,农产品,DCE,M0
2019-05-22,2791.0,2812.0,2747.0,2775.0,2799768,2375962,2782.0,豆粕,农产品,DCE,M0
2019-05-23,2779.0,2803.0,2762.0,2771.0,2408956,2354012,2786.0,豆粕,农产品,DCE,M0
2019-05-24,2769.0,2780.0,2747.0,2770.0,1628752,2301650,2766.0,豆粕,农产品,DCE,M0
2019-05-27,2779.0,2846.0,2772.0,2827.0,2810430,2372744,2807.0,豆粕,农产品,DCE,M0
2019-05-28,2832.0,2868.0,2815.0,2867.0,2340802,2378384,2841.0,豆粕,农产品,DCE,M0
2019-05-29,2866.0,2954.0,2844.0,2954.0,3006178,2431484,2910.0,豆粕,农产品,DCE,M0
2019-05-30,2969.0,2985.0,2870.0,2902.0,4563346,2149738,2925.0,豆粕,农产品,DCE,M0
2019-05-31,2928.0,2940.0,2898.0,2923.0,2938008,2164612,2921.0,豆粕,农产品,DCE,M0
2019-06-03,2915.0,2961.0,2884.0,2959.0,3373218,2155176,2921.0,豆粕,农产品,DCE,M0
2019-06-04,2950.0,3031.0,2943.0,2982.0,5341568,2159728,2990.0,豆粕,农产品,DCE,M0
2019-06-05,2979.0,3002.0,2947.0,2954.0,3232110,2201750,2976.0,豆粕,农产品,DCE,M0
2019-06-06,2953.0,2958.0,2867.0,2874.0,3975558,1991974,2906.0,豆粕,农产品,DCE,M0
2019-06-10,2850.0,2875.0,2823.0,2864.0,1712854,2004304,2855.0,豆粕,农产品,DCE,M0
2019-06-11,2865.0,2893.0,2849.0,2868.0,2231398,1981676,2871.0,豆粕,农产品,DCE,M0
2019-06-12,2873.0,2886.0,2841.0,2863.0,2583168,1958564,2864.0,豆粕,农产品,DCE,M0
2019-06-13,2878.0,2952.0,2874.0,2917.0,3825140,1976798,2918.0,豆粕,农产品,DCE,M0
2019-06-14,2918.0,2930.0,2900.0,2909.0,1829892,1928520,2914.0,豆粕,农产品,DCE,M0
2019-06-17,2924.0,2981.0,2913.0,2973.0,2765488,1961028,2950.0,豆粕,农产品,DCE,M0
2019-06-18,2975.0,2980.0,2923.0,2939.0,2243656,1932496,2947.0,豆粕,农产品,DCE,M0
2019-06-19,2936.0,2947.0,2840.0,2884.0,3033902,1927430,2886.0,豆粕,农产品,DCE,M0
2019-06-20,2879.0,2898.0,2859.0,2873.0,1893994,1882868,2877.0,豆粕,农产品,DCE,M0
2019-06-21,2890.0,2924.0,2875.0,2880.0,2547300,1842588,2896.0,豆粕,农产品,DCE,M0
2019-06-24,2875.0,2929.0,2860.0,2912.0,2567420,1912862,2896.0,豆粕,农产品,DCE,M0
2019-06-25,2920.0,2930.0,2892.0,2906.0,2072900,1886594,2908.0,豆粕,农产品,DCE,M0
2019-06-26,2905.0,2926.0,2861.0,2887.0,1963832,1868326,2890.0,豆粕,农产品,DCE,M0
2019-06-27,2888.0,2905.0,2870.0,2880.0,1734606,1851938,2884.0,豆粕,农产品,DCE,M0
2019-06-28,2882.0,2908.0,2855.0,2897.0,1969230,1841496,2884.0,豆粕,农产品,DCE,M0
2019-07-01,2901.0,2950.0,2810.0,2865.0,3404356,1817364,2882.0,豆粕,农产品,DCE,M0
2019-07-02,2869.0,2877.0,2815.0,2822.0,2083626,1839214,2843.0,豆粕,农产品,DCE,M0
2019-07-03,2820.0,2826.0,2794.0,2818.0,1664490,1814266,2811.0,豆粕,农产品,DCE,M0
2019-07-04,2830.0,2834.0,2785.0,2804.0,1524490,1800674,2812.0,豆粕,农产品,DCE,M0
2019-07-05,2810.0,2814.0,2792.0,2804.0,1024530,1782004,2803.0,豆粕,农产品,DCE,M0
2019-07-08,2804.0,2810.0,2771.0,2772.0,1553194,1710442,2784.0,豆粕,农产品,DCE,M0
2019-07-09,2767.0,2771.0,2716.0,2759.0,2141798,1793678,2741.0,豆粕,农产品,DCE,M0
2019-07-10,2753.0,2781.0,2747.0,2779.0,1580916,1727858,2764.0,豆粕,农产品,DCE,M0
2019-07-11,2788.0,2803.0,2768.0,2789.0,1710938,1640844,2788.0,豆粕,农产品,DCE,M0
2019-07-12,2789.0,2818.0,2777.0,2808.0,1462464,1611758,2795.0,豆粕,农产品,DCE,M0
2019-07-15,2810.0,2874.0,2808.0,2861.0,1973242,1611530,2845.0,豆粕,农产品,DCE,M0
2019-07-16,2851.0,2851.0,2799.0,2813.0,1597376,1582776,2822.0,豆粕,农产品,DCE,M0
2019-07-17,2800.0,2840.0,2794.0,2828.0,1647962,1558084,2822.0,豆粕,农产品,DCE,M0
2019-07-18,2840.0,2865.0,2824.0,2832.0,2063080,1496594,2844.0,豆粕,农产品,DCE,M0
2019-07-19,2827.0,2847.0,2809.0,2840.0,1578836,1450354,2830.0,豆粕,农产品,DCE,M0
2019-07-22,2852.0,2853.0,2785.0,2797.0,2070082,1425822,2810.0,豆粕,农产品,DCE,M0
2019-07-23,2801.0,2815.0,2800.0,2814.0,1140988,1392298,2807.0,豆粕,农产品,DCE,M0
2019-07-24,2805.0,2806.0,2769.0,2799.0,1584798,1357884,2789.0,豆粕,农产品,DCE,M0
2019-07-25,2805.0,2818.0,2786.0,2810.0,1173604,1341412,2805.0,豆粕,农产品,DCE,M0
2019-07-26,2810.0,2812.0,2764.0,2784.0,1606230,1272360,2782.0,豆粕,农产品,DCE,M0
2019-07-29,2780.0,2797.0,2769.0,2770.0,976022,1264348,2779.0,豆粕,农产品,DCE,M0
2019-07-30,2776.0,2806.0,2772.0,2789.0,1099564,1192940,2787.0,豆粕,农产品,DCE,M0
2019-07-31,2785.0,2809.0,2781.0,2799.0,1098276,1176334,2794.0,豆粕,农产品,DCE,M0
2019-08-01,2801.0,2807.0,2770.0,2773.0,1017816,1138234,2783.0,豆粕,农产品,DCE,M0
2019-08-02,2773.0,2847.0,2746.0,2819.0,2175342,1021424,2806.0,豆粕,农产品,DCE,M0
2019-08-05,2822.0,2891.0,2817.0,2864.0,1848702,990670,2847.0,豆粕,农产品,DCE,M0
2019-08-06,2864.0,2906.0,2855.0,2860.0,1325566,960634,2876.0,豆粕,农产品,DCE,M0
2019-08-07,2863.0,2890.0,2863.0,2887.0,953822,896934,2876.0,豆粕,农产品,DCE,M0
2019-08-08,2884.0,2897.0,2875.0,2883.0,728612,802306,2883.0,豆粕,农产品,DCE,M0
2019-08-09,2878.0,2915.0,2871.0,2899.0,1558076,1519590,2897.0,豆粕,农产品,DCE,M0
2019-08-12,2903.0,2909.0,2866.0,2884.0,1399202,1519108,2886.0,豆粕,农产品,DCE,M0
2019-08-13,2885.0,2964.0,2866.0,2940.0,2580020,1730994,2925.0,豆粕,农产品,DCE,M0
2019-08-14,2935.0,2947.0,2823.0,2889.0,3130608,1714870,2890.0,豆粕,农产品,DCE,M0
2019-08-15,2891.0,2895.0,2861.0,2867.0,1355676,1727826,2876.0,豆粕,农产品,DCE,M0
2019-08-16,2880.0,2897.0,2848.0,2861.0,1382618,1746470,2868.0,豆粕,农产品,DCE,M0
2019-08-19,2864.0,2880.0,2857.0,2877.0,1006408,1724626,2869.0,豆粕,农产品,DCE,M0
2019-08-20,2874.0,2892.0,2861.0,2887.0,1264454,1798278,2876.0,豆粕,农产品,DCE,M0
2019-08-21,2890.0,2906.0,2875.0,2898.0,1321862,1839938,2890.0,豆粕,农产品,DCE,M0
2019-08-22,2901.0,2935.0,2896.0,2934.0,1419784,1917780,2915.0,豆粕,农产品,DCE,M0
2019-08-23,2937.0,2969.0,2925.0,2958.0,2087998,2069268,2945.0,豆粕,农产品,DCE,M0
2019-08-26,2980.0,3018.0,2932.0,2977.0,2858474,2232798,2977.0,豆粕,农产品,DCE,M0
2019-08-27,2965.0,2972.0,2915.0,2935.0,1930292,2163334,2952.0,豆粕,农产品,DCE,M0
2019-08-28,2933.0,2969.0,2932.0,2957.0,1468420,2234978,2953.0,豆粕,农产品,DCE,M0
2019-08-29,2960.0,2996.0,2943.0,2987.0,1767838,2264230,2975.0,豆粕,农产品,DCE,M0
2019-08-30,2970.0,2970.0,2932.0,2935.0,1524400,2193106,2953.0,豆粕,农产品,DCE,M0
2019-09-02,2939.0,3004.0,2939.0,2974.0,2216534,2203466,2977.0,豆粕,农产品,DCE,M0
2019-09-03,2980.0,3004.0,2974.0,2995.0,1530246,2266426,2989.0,豆粕,农产品,DCE,M0
2019-09-04,2992.0,3016.0,2970.0,2973.0,1974480,2286138,2990.0,豆粕,农产品,DCE,M0
2019-09-05,2978.0,2983.0,2917.0,2928.0,2190274,2255344,2949.0,豆粕,农产品,DCE,M0
2019-09-06,2933.0,2938.0,2870.0,2885.0,2374230,2197102,2898.0,豆粕,农产品,DCE,M0
2019-09-09,2888.0,2903.0,2848.0,2851.0,1987542,2092306,2873.0,豆粕,农产品,DCE,M0
2019-09-10,2855.0,2876.0,2854.0,2867.0,1053786,2103040,2865.0,豆粕,农产品,DCE,M0
2019-09-11,2872.0,2882.0,2837.0,2840.0,1745088,2072396,2859.0,豆粕,农产品,DCE,M0
2019-09-12,2840.0,2865.0,2812.0,2858.0,1537774,1927166,2841.0,豆粕,农产品,DCE,M0
2019-09-16,2822.0,2852.0,2810.0,2845.0,911088,1930424,2841.0,豆粕,农产品,DCE,M0
2019-09-17,2845.0,2863.0,2838.0,2859.0,1227306,1937894,2852.0,豆粕,农产品,DCE,M0
2019-09-18,2859.0,2870.0,2849.0,2863.0,1064228,1926274,2859.0,豆粕,农产品,DCE,M0
2019-09-19,2862.0,2880.0,2852.0,2862.0,1353722,1929498,2865.0,豆粕,农产品,DCE,M0
2019-09-20,2865.0,2872.0,2839.0,2863.0,1271152,1913452,2859.0,豆粕,农产品,DCE,M0
2019-09-23,2865.0,2893.0,2853.0,2862.0,1539134,1855956,2870.0,豆粕,农产品,DCE,M0
2019-09-24,2852.0,2861.0,2837.0,2845.0,1194036,1871788,2848.0,豆粕,农产品,DCE,M0
2019-09-25,2848.0,2882.0,2844.0,2880.0,1757496,1734332,2865.0,豆粕,农产品,DCE,M0
2019-09-26,2877.0,2881.0,2854.0,2860.0,1085302,1683184,2865.0,豆粕,农产品,DCE,M0
2019-09-27,2865.0,2870.0,2841.0,2849.0,1007482,1656532,2853.0,豆粕,农产品,DCE,M0
2019-09-30,2850.0,2886.0,2845.0,2880.0,973664,1601380,2871.0,豆粕,农产品,DCE,M0
2019-10-08,2930.0,2945.0,2903.0,2910.0,1357512,1749104,2925.0,豆粕,农产品,DCE,M0
2019-10-09,2910.0,2960.0,2910.0,2959.0,1741554,2012548,2942.0,豆粕,农产品,DCE,M0
2019-10-10,2959.0,2964.0,2939.0,2957.0,1438582,1998854,2951.0,豆粕,农产品,DCE,M0
2019-10-11,2960.0,2998.0,2948.0,2989.0,1862894,2153052,2974.0,豆粕,农产品,DCE,M0
2019-10-14,2983.0,2988.0,2955.0,2969.0,2055550,2095194,2968.0,豆粕,农产品,DCE,M0
2019-10-15,2968.0,2991.0,2962.0,2973.0,1527184,2141400,2975.0,豆粕,农产品,DCE,M0
2019-10-16,2969.0,3003.0,2963.0,2970.0,1665760,2168038,2976.0,豆粕,农产品,DCE,M0
2019-10-17,2972.0,2976.0,2953.0,2968.0,1233558,2164972,2966.0,豆粕,农产品,DCE,M0
2019-10-18,2969.0,3019.0,2968.0,2986.0,2644642,2234162,2992.0,豆粕,农产品,DCE,M0
2019-10-21,2985.0,3078.0,2981.0,3078.0,3218438,2441688,3036.0,豆粕,农产品,DCE,M0
2019-10-22,3086.0,3086.0,3037.0,3059.0,2567154,2461088,3060.0,豆粕,农产品,DCE,M0
2019-10-23,3057.0,3065.0,3040.0,3052.0,2025944,2420526,3051.0,豆粕,农产品,DCE,M0
2019-10-24,3047.0,3063.0,3024.0,3047.0,2140276,2396534,3046.0,豆粕,农产品,DCE,M0
2019-10-25,3046.0,3057.0,3031.0,3046.0,1598928,2344480,3046.0,豆粕,农产品,DCE,M0
2019-10-28,3045.0,3046.0,2978.0,2982.0,2420174,2138512,3005.0,豆粕,农产品,DCE,M0
2019-10-29,2986.0,2995.0,2975.0,2988.0,1205380,2063174,2986.0,豆粕,农产品,DCE,M0
2019-10-30,2985.0,3011.0,2983.0,2989.0,1414560,2052146,2996.0,豆粕,农产品,DCE,M0
2019-10-31,2988.0,3007.0,2955.0,2956.0,1807500,1967438,2982.0,豆粕,农产品,DCE,M0
2019-11-01,2959.0,2971.0,2938.0,2968.0,1679610,1893170,2954.0,豆粕,农产品,DCE,M0
2019-11-04,2969.0,2980.0,2960.0,2969.0,1130776,1846020,2969.0,豆粕,农产品,DCE,M0
2019-11-05,2972.0,2983.0,2954.0,2963.0,1269186,1815524,2967.0,豆粕,农产品,DCE,M0
2019-11-06,2960.0,2967.0,2912.0,2921.0,1744982,1776994,2935.0,豆粕,农产品,DCE,M0
2019-11-07,2928.0,2940.0,2908.0,2935.0,1284392,1738958,2928.0,豆粕,农产品,DCE,M0
2019-11-08,2930.0,2954.0,2916.0,2933.0,1584340,1712352,2936.0,豆粕,农产品,DCE,M0
2019-11-11,2933.0,2936.0,2887.0,2891.0,1533198,1611950,2905.0,豆粕,农产品,DCE,M0
2019-11-12,2891.0,2896.0,2852.0,2877.0,1549630,1539540,2872.0,豆粕,农产品,DCE,M0
2019-11-13,2881.0,2894.0,2873.0,2887.0,993868,1454510,2884.0,豆粕,农产品,DCE,M0
2019-11-14,2885.0,2898.0,2868.0,2877.0,959950,1412494,2882.0,豆粕,农产品,DCE,M0
2019-11-15,2879.0,2889.0,2843.0,2873.0,1335880,1340564,2864.0,豆粕,农产品,DCE,M0
2019-11-18,2882.0,2920.0,2875.0,2889.0,1396588,1337466,2895.0,豆粕,农产品,DCE,M0
2019-11-19,2887.0,2903.0,2875.0,2888.0,939638,1324382,2890.0,豆粕,农产品,DCE,M0
2019-11-20,2890.0,2904.0,2876.0,2884.0,1030052,1309138,2889.0,豆粕,农产品,DCE,M0
2019-11-21,2881.0,2897.0,2869.0,2886.0,1157212,1226386,2882.0,豆粕,农产品,DCE,M0
2019-11-22,2885.0,2890.0,2863.0,2870.0,665264,1197556,2875.0,豆粕,农产品,DCE,M0
2019-11-25,2873.0,2891.0,2855.0,2878.0,1127544,1166012,2875.0,豆粕,农产品,DCE,M0
2019-11-26,2879.0,2906.0,2868.0,2880.0,1014270,1126596,2886.0,豆粕,农产品,DCE,M0
2019-11-27,2761.0,2772.0,2735.0,2748.0,1190632,2686050,2751.0,豆粕,农产品,DCE,M0
2019-11-28,2750.0,2757.0,2743.0,2754.0,832506,2688338,2751.0,豆粕,农产品,DCE,M0
2019-11-29,2754.0,2774.0,2731.0,2769.0,2040666,2660752,2754.0,豆粕,农产品,DCE,M0
2019-12-02,2774.0,2775.0,2736.0,2743.0,1564796,2761210,2750.0,豆粕,农产品,DCE,M0
2019-12-03,2743.0,2761.0,2735.0,2753.0,1720320,2766230,2747.0,豆粕,农产品,DCE,M0
2019-12-04,2765.0,2768.0,2736.0,2740.0,1552626,2835992,2747.0,豆粕,农产品,DCE,M0
2019-12-05,2739.0,2757.0,2702.0,2755.0,2929616,2741404,2730.0,豆粕,农产品,DCE,M0
2019-12-06,2754.0,2781.0,2743.0,2749.0,2578398,2801292,2761.0,豆粕,农产品,DCE,M0
2019-12-09,2753.0,2785.0,2750.0,2776.0,2061708,2858034,2770.0,豆粕,农产品,DCE,M0
2019-12-10,2779.0,2788.0,2756.0,2772.0,2057526,2998832,0.0,豆粕,农产品,DCE,M0
2019-12-11,2772.0,2795.0,2767.0,2783.0,2076736,3044352,2783.0,豆粕,农产品,DCE,M0
2019-12-12,2783.0,2790.0,2762.0,2764.0,1653056,3120878,2774.0,豆粕,农产品,DCE,M0
2019-12-13,2761.0,2765.0,2724.0,2741.0,2785492,3215254,2743.0,豆粕,农产品,DCE,M0
2019-12-16,2742.0,2760.0,2739.0,2758.0,1915302,3115482,2750.0,豆粕,农产品,DCE,M0
2019-12-17,2758.0,2767.0,2748.0,2754.0,1282150,3117236,2755.0,豆粕,农产品,DCE,M0
2019-12-18,2754.0,2772.0,2750.0,2763.0,1438894,3101318,2761.0,豆粕,农产品,DCE,M0
2019-12-19,2765.0,2768.0,2737.0,2741.0,1645620,3228350,2752.0,豆粕,农产品,DCE,M0
2019-12-20,2743.0,2752.0,2733.0,2737.0,1417700,3238648,2741.0,豆粕,农产品,DCE,M0
2019-12-23,2735.0,2760.0,2726.0,2752.0,1668664,3177702,0.0,豆粕,农产品,DCE,M0
2019-12-24,2757.0,2768.0,2749.0,2752.0,1394946,3183538,2757.0,豆粕,农产品,DCE,M0
2019-12-25,2750.0,2754.0,2736.0,2742.0,1105732,3247966,2743.0,豆粕,农产品,DCE,M0
2019-12-26,2740.0,2745.0,2725.0,2736.0,1221704,3302810,2734.0,豆粕,农产品,DCE,M0
2019-12-27,2737.0,2743.0,2731.0,2735.0,1053736,3304670,0.0,豆粕,农产品,DCE,M0
2019-12-30,2737.0,2776.0,2733.0,2775.0,2871306,3362554,2755.0,豆粕,农产品,DCE,M0
2019-12-31,2777.0,2790.0,2766.0,2772.0,2045226,3385712,2773.0,豆粕,农产品,DCE,M0
2020-01-02,2780.0,2786.0,2766.0,2771.0,631920,1675405,2774.0,豆粕,农产品,DCE,M0
2020-01-03,2772.0,2785.0,2760.0,2761.0,851662,1647024,2774.0,豆粕,农产品,DCE,M0
2020-01-06,2757.0,2762.0,2728.0,2739.0,1002411,1656826,2744.0,豆粕,农产品,DCE,M0
2020-01-07,2738.0,2748.0,2736.0,2743.0,565047,1649835,2743.0,豆粕,农产品,DCE,M0
2020-01-08,2739.0,2742.0,2714.0,2727.0,1141167,1735101,2729.0,豆粕,农产品,DCE,M0
2020-01-09,2729.0,2735.0,2705.0,2716.0,927967,1772733,2717.0,豆粕,农产品,DCE,M0
2020-01-10,2719.0,2723.0,2666.0,2666.0,1353066,1737115,2692.0,豆粕,农产品,DCE,M0
2020-01-13,2667.0,2682.0,2651.0,2655.0,1023036,1736526,0.0,豆粕,农产品,DCE,M0
2020-01-14,2654.0,2673.0,2651.0,2659.0,802524,1719175,2659.0,豆粕,农产品,DCE,M0
2020-01-15,2663.0,2696.0,2663.0,2693.0,1031707,1646279,2677.0,豆粕,农产品,DCE,M0
2020-01-16,2693.0,2693.0,2670.0,2689.0,716186,1613541,2682.0,豆粕,农产品,DCE,M0
2020-01-17,2688.0,2690.0,2661.0,2682.0,702051,1568866,2676.0,豆粕,农产品,DCE,M0
2020-01-20,2682.0,2692.0,2671.0,2681.0,463085,1547597,2682.0,豆粕,农产品,DCE,M0
2020-01-21,2681.0,2718.0,2677.0,2710.0,900312,1471881,2695.0,豆粕,农产品,DCE,M0
2020-01-22,2707.0,2708.0,2662.0,2678.0,741132,1430932,2679.0,豆粕,农产品,DCE,M0
2020-01-23,2679.0,2682.0,2635.0,2640.0,698419,1422529,2660.0,豆粕,农产品,DCE,M0
2020-02-03,2573.0,2596.0,2527.0,2580.0,820984,1308336,2570.0,豆粕,农产品,DCE,M0
2020-02-04,2589.0,2653.0,2588.0,2649.0,764551,1319989,2628.0,豆粕,农产品,DCE,M0
2020-02-05,2644.0,2654.0,2626.0,2635.0,496707,1324471,0.0,豆粕,农产品,DCE,M0
2020-02-06,2635.0,2643.0,2616.0,2637.0,534013,1335042,0.0,豆粕,农产品,DCE,M0
2020-02-07,2641.0,2648.0,2630.0,2634.0,295453,1332845,0.0,豆粕,农产品,DCE,M0
2020-02-10,2645.0,2663.0,2640.0,2656.0,573886,1316645,0.0,豆粕,农产品,DCE,M0
2020-02-11,2665.0,2667.0,2644.0,2657.0,455725,1299023,2653.0,豆粕,农产品,DCE,M0
2020-02-12,2658.0,2664.0,2637.0,2641.0,481921,1313785,2650.0,豆粕,农产品,DCE,M0
2020-02-13,2644.0,2688.0,2643.0,2684.0,877635,1319850,0.0,豆粕,农产品,DCE,M0
2020-02-14,2687.0,2689.0,2657.0,2668.0,603097,1305205,2671.0,豆粕,农产品,DCE,M0
2020-02-17,2668.0,2687.0,2666.0,2681.0,397919,1305890,2678.0,豆粕,农产品,DCE,M0
2020-02-18,2680.0,2681.0,2648.0,2656.0,559946,1322903,0.0,豆粕,农产品,DCE,M0
2020-02-19,2658.0,2666.0,2645.0,2660.0,414002,1318124,0.0,豆粕,农产品,DCE,M0
2020-02-20,2664.0,2674.0,2658.0,2664.0,465812,1305986,0.0,豆粕,农产品,DCE,M0
2020-02-21,2664.0,2682.0,2659.0,2661.0,465240,1297902,0.0,豆粕,农产品,DCE,M0
2020-02-24,2650.0,2654.0,2616.0,2619.0,595165,1322428,2632.0,豆粕,农产品,DCE,M0
2020-02-25,2607.0,2637.0,2598.0,2636.0,435269,1288354,0.0,豆粕,农产品,DCE,M0
2020-02-26,2631.0,2642.0,2623.0,2638.0,396002,1258035,0.0,豆粕,农产品,DCE,M0
2020-02-27,2643.0,2668.0,2642.0,2646.0,578382,1237590,0.0,豆粕,农产品,DCE,M0
2020-02-28,2664.0,2672.0,2614.0,2616.0,955652,1183082,0.0,豆粕,农产品,DCE,M0
2020-03-02,2634.0,2735.0,2631.0,2719.0,1480708,1266923,0.0,豆粕,农产品,DCE,M0
2020-03-03,2731.0,2749.0,2711.0,2730.0,871715,1242216,0.0,豆粕,农产品,DCE,M0
2020-03-04,2734.0,2745.0,2710.0,2718.0,632886,1188971,0.0,豆粕,农产品,DCE,M0
2020-03-05,2711.0,2736.0,2703.0,2724.0,565370,1180389,0.0,豆粕,农产品,DCE,M0
2020-03-06,2703.0,2720.0,2693.0,2717.0,588588,1168100,0.0,豆粕,农产品,DCE,M0
2020-03-09,2631.0,2698.0,2631.0,2669.0,1054330,1059176,0.0,豆粕,农产品,DCE,M0
2020-03-10,2679.0,2695.0,2673.0,2693.0,529894,1019598,2685.0,豆粕,农产品,DCE,M0
2020-03-11,2695.0,2708.0,2678.0,2681.0,474423,1004114,0.0,豆粕,农产品,DCE,M0
2020-03-12,2720.0,2736.0,2705.0,2721.0,626266,1421199,0.0,豆粕,农产品,DCE,M0
2020-03-13,2714.0,2763.0,2711.0,2758.0,1127417,1409523,0.0,豆粕,农产品,DCE,M0
2020-03-16,2740.0,2809.0,2738.0,2749.0,1447910,1444079,0.0,豆粕,农产品,DCE,M0
2020-03-17,2740.0,2785.0,2732.0,2770.0,1141677,1426770,0.0,豆粕,农产品,DCE,M0
2020-03-18,2770.0,2785.0,2750.0,2753.0,1029677,1454120,2767.0,豆粕,农产品,DCE,M0
2020-03-19,2763.0,2773.0,2707.0,2732.0,1322206,1442757,0.0,豆粕,农产品,DCE,M0
2020-03-20,2800.0,2825.0,2777.0,2817.0,1458742,1425635,0.0,豆粕,农产品,DCE,M0
2020-03-23,2866.0,2915.0,2856.0,2915.0,1080772,1449492,0.0,豆粕,农产品,DCE,M0
2020-03-24,2935.0,2940.0,2892.0,2920.0,1577682,1498490,0.0,豆粕,农产品,DCE,M0
2020-03-25,2925.0,2982.0,2915.0,2965.0,1380720,1579994,0.0,豆粕,农产品,DCE,M0
2020-03-26,2930.0,2938.0,2881.0,2892.0,1430103,1610546,0.0,豆粕,农产品,DCE,M0
2020-03-27,2916.0,2947.0,2910.0,2928.0,1548461,1619639,0.0,豆粕,农产品,DCE,M0
2020-03-30,2955.0,3011.0,2948.0,2950.0,1495203,1714593,0.0,豆粕,农产品,DCE,M0
2020-03-31,2950.0,2956.0,2920.0,2940.0,1239161,1726368,0.0,豆粕,农产品,DCE,M0
2020-04-01,2939.0,2945.0,2839.0,2862.0,2167632,1689083,0.0,豆粕,农产品,DCE,M0
2020-04-02,2845.0,2858.0,2827.0,2848.0,1250565,1709988,0.0,豆粕,农产品,DCE,M0
2020-04-03,2830.0,2837.0,2799.0,2805.0,1319311,1683612,0.0,豆粕,农产品,DCE,M0
2020-04-07,2795.0,2824.0,2789.0,2807.0,910794,1710124,0.0,豆粕,农产品,DCE,M0
2020-04-08,2797.0,2827.0,2786.0,2821.0,895801,1761469,0.0,豆粕,农产品,DCE,M0
2020-04-09,2825.0,2839.0,2810.0,2822.0,937610,1780326,0.0,豆粕,农产品,DCE,M0
2020-04-10,2830.0,2846.0,2821.0,2826.0,795853,1742918,0.0,豆粕,农产品,DCE,M0
2020-04-13,2836.0,2851.0,2800.0,2804.0,960286,1785604,0.0,豆粕,农产品,DCE,M0
2020-04-14,2791.0,2810.0,2778.0,2808.0,933641,1789187,0.0,豆粕,农产品,DCE,M0
2020-04-15,2808.0,2820.0,2796.0,2811.0,848175,1831110,0.0,豆粕,农产品,DCE,M0
2020-04-16,2812.0,2816.0,2756.0,2760.0,1177591,1842453,0.0,豆粕,农产品,DCE,M0
2020-04-17,2763.0,2778.0,2755.0,2771.0,704905,1819261,0.0,豆粕,农产品,DCE,M0
2020-04-20,2760.0,2768.0,2730.0,2735.0,813329,1773244,0.0,豆粕,农产品,DCE,M0
2020-04-21,2721.0,2737.0,2713.0,2731.0,848039,1728233,0.0,豆粕,农产品,DCE,M0
2020-04-22,2748.0,2766.0,2736.0,2762.0,895897,1729515,0.0,豆粕,农产品,DCE,M0
2020-04-23,2762.0,2777.0,2753.0,2775.0,712264,1730075,0.0,豆粕,农产品,DCE,M0
2020-04-24,2770.0,2773.0,2751.0,2760.0,617821,1734845,0.0,豆粕,农产品,DCE,M0
2020-04-27,2750.0,2784.0,2739.0,2781.0,851558,1756077,0.0,豆粕,农产品,DCE,M0
2020-04-28,2774.0,2777.0,2728.0,2730.0,837191,1769962,0.0,豆粕,农产品,DCE,M0
2020-04-29,2721.0,2733.0,2715.0,2719.0,650995,1797945,0.0,豆粕,农产品,DCE,M0
2020-04-30,2730.0,2735.0,2718.0,2729.0,591338,1759413,0.0,豆粕,农产品,DCE,M0
2020-05-06,2740.0,2758.0,2734.0,2758.0,637393,1726974,0.0,豆粕,农产品,DCE,M0
2020-05-07,2757.0,2765.0,2744.0,2747.0,587442,1741742,0.0,豆粕,农产品,DCE,M0
2020-05-08,2750.0,2767.0,2745.0,2750.0,955506,1748903,0.0,豆粕,农产品,DCE,M0
2020-05-11,2755.0,2775.0,2730.0,2735.0,1001027,1749580,0.0,豆粕,农产品,DCE,M0
2020-05-12,2740.0,2747.0,2718.0,2738.0,808194,1754643,0.0,豆粕,农产品,DCE,M0
2020-05-13,2741.0,2748.0,2716.0,2727.0,849535,1762633,0.0,豆粕,农产品,DCE,M0
2020-05-14,2732.0,2734.0,2689.0,2697.0,1080190,1801977,0.0,豆粕,农产品,DCE,M0
2020-05-15,2700.0,2711.0,2695.0,2702.0,560501,1768817,0.0,豆粕,农产品,DCE,M0
2020-05-18,2701.0,2750.0,2700.0,2748.0,1116289,1690754,0.0,豆粕,农产品,DCE,M0
2020-05-19,2745.0,2747.0,2726.0,2738.0,647890,1685962,0.0,豆粕,农产品,DCE,M0
2020-05-20,2742.0,2761.0,2728.0,2757.0,769584,1674615,0.0,豆粕,农产品,DCE,M0
2020-05-21,2765.0,2765.0,2732.0,2742.0,710718,1656180,0.0,豆粕,农产品,DCE,M0
2020-05-22,2743.0,2773.0,2730.0,2754.0,1108961,1588520,0.0,豆粕,农产品,DCE,M0
2020-05-25,2758.0,2795.0,2755.0,2788.0,1436889,1620267,0.0,豆粕,农产品,DCE,M0
2020-05-26,2789.0,2795.0,2768.0,2789.0,787526,1605437,0.0,豆粕,农产品,DCE,M0
2020-05-27,2790.0,2832.0,2780.0,2818.0,1359964,1639237,0.0,豆粕,农产品,DCE,M0
2020-05-28,2823.0,2841.0,2792.0,2793.0,1140012,1596727,0.0,豆粕,农产品,DCE,M0
2020-05-29,2790.0,2808.0,2771.0,2804.0,996520,1550828,0.0,豆粕,农产品,DCE,M0
2020-06-01,2799.0,2831.0,2776.0,2789.0,1301383,1563333,0.0,豆粕,农产品,DCE,M0
2020-06-02,2805.0,2815.0,2778.0,2787.0,1003294,1590135,0.0,豆粕,农产品,DCE,M0
2020-06-03,2790.0,2810.0,2783.0,2801.0,713431,1571366,0.0,豆粕,农产品,DCE,M0
2020-06-04,2805.0,2849.0,2798.0,2833.0,1215149,1626551,0.0,豆粕,农产品,DCE,M0
2020-06-05,2836.0,2868.0,2831.0,2842.0,1128270,1586044,0.0,豆粕,农产品,DCE,M0
2020-06-08,2845.0,2847.0,2808.0,2809.0,1124703,1539433,0.0,豆粕,农产品,DCE,M0
2020-06-09,2813.0,2823.0,2797.0,2815.0,806574,1520200,0.0,豆粕,农产品,DCE,M0
2020-06-10,2810.0,2820.0,2801.0,2818.0,723782,1529887,0.0,豆粕,农产品,DCE,M0
2020-06-11,2821.0,2836.0,2788.0,2801.0,1195868,1494560,0.0,豆粕,农产品,DCE,M0
2020-06-12,2805.0,2836.0,2799.0,2832.0,1155086,1449079,0.0,豆粕,农产品,DCE,M0
2020-06-15,2832.0,2843.0,2801.0,2802.0,1174200,1429802,0.0,豆粕,农产品,DCE,M0
2020-06-16,2806.0,2838.0,2803.0,2835.0,795816,1411359,0.0,豆粕,农产品,DCE,M0
2020-06-17,2836.0,2836.0,2803.0,2815.0,828474,1401718,0.0,豆粕,农产品,DCE,M0
2020-06-18,2813.0,2824.0,2802.0,2816.0,673607,1374676,0.0,豆粕,农产品,DCE,M0
2020-06-19,2820.0,2821.0,2802.0,2811.0,706931,1359717,0.0,豆粕,农产品,DCE,M0
2020-06-22,2815.0,2837.0,2814.0,2823.0,950205,1300275,0.0,豆粕,农产品,DCE,M0
2020-06-23,2825.0,2861.0,2810.0,2810.0,1542165,1276200,0.0,豆粕,农产品,DCE,M0
2020-06-24,2815.0,2822.0,2807.0,2818.0,504909,1232521,0.0,豆粕,农产品,DCE,M0
2020-06-29,2810.0,2811.0,2791.0,2805.0,620453,1251411,0.0,豆粕,农产品,DCE,M0
2020-06-30,2810.0,2823.0,2805.0,2813.0,549057,1223572,0.0,豆粕,农产品,DCE,M0
2020-07-01,2818.0,2889.0,2816.0,2882.0,1440687,1294024,0.0,豆粕,农产品,DCE,M0
2020-07-02,2886.0,2909.0,2876.0,2898.0,1078842,1279561,0.0,豆粕,农产品,DCE,M0
2020-07-03,2901.0,2909.0,2888.0,2906.0,703761,1277844,0.0,豆粕,农产品,DCE,M0
2020-07-06,2905.0,2933.0,2894.0,2927.0,1125887,1251115,0.0,豆粕,农产品,DCE,M0
2020-07-07,2929.0,2939.0,2908.0,2910.0,937045,1225703,0.0,豆粕,农产品,DCE,M0
2020-07-08,2906.0,2920.0,2886.0,2897.0,827578,1191387,0.0,豆粕,农产品,DCE,M0
2020-07-09,2900.0,2912.0,2894.0,2905.0,727399,1193662,0.0,豆粕,农产品,DCE,M0
2020-07-10,2913.0,2933.0,2906.0,2919.0,882143,1181811,0.0,豆粕,农产品,DCE,M0
2020-07-13,2921.0,2928.0,2868.0,2875.0,1068557,1130592,0.0,豆粕,农产品,DCE,M0
2020-07-14,2873.0,2881.0,2855.0,2866.0,754280,1101578,0.0,豆粕,农产品,DCE,M0
2020-07-15,2868.0,2879.0,2861.0,2878.0,614277,1092567,0.0,豆粕,农产品,DCE,M0
2020-07-16,2875.0,2903.0,2867.0,2895.0,881138,1059072,0.0,豆粕,农产品,DCE,M0
2020-07-17,2899.0,2909.0,2886.0,2901.0,613905,1035925,0.0,豆粕,农产品,DCE,M0
2020-07-20,2901.0,2922.0,2886.0,2920.0,918183,1019350,2906.0,豆粕,农产品,DCE,M0
2020-07-21,2919.0,2959.0,2904.0,2911.0,1240403,1001038,2937.0,豆粕,农产品,DCE,M0
2020-07-22,2915.0,2930.0,2906.0,2928.0,707007,996719,2916.0,豆粕,农产品,DCE,M0
2020-07-23,2940.0,2966.0,2925.0,2957.0,1146701,979254,2946.0,豆粕,农产品,DCE,M0
2020-07-24,2955.0,3005.0,2949.0,3000.0,1303169,948099,2973.0,豆粕,农产品,DCE,M0
2020-07-27,3004.0,3057.0,2981.0,3020.0,1771305,951215,3020.0,豆粕,农产品,DCE,M0
2020-07-28,3032.0,3045.0,2926.0,2929.0,1496464,887362,2979.0,豆粕,农产品,DCE,M0
2020-07-29,2934.0,2947.0,2922.0,2927.0,741732,850243,2932.0,豆粕,农产品,DCE,M0
2020-07-30,2924.0,2932.0,2894.0,2905.0,788694,798869,2914.0,豆粕,农产品,DCE,M0
2020-07-31,2901.0,2923.0,2882.0,2920.0,636187,744798,2909.0,豆粕,农产品,DCE,M0
2020-08-03,2921.0,2935.0,2907.0,2927.0,636129,724217,2920.0,豆粕,农产品,DCE,M0
2020-08-04,2926.0,2943.0,2904.0,2907.0,452228,698858,2920.0,豆粕,农产品,DCE,M0
2020-08-05,2926.0,2929.0,2884.0,2888.0,830226,1232530,2901.0,豆粕,农产品,DCE,M0
2020-08-06,2888.0,2893.0,2860.0,2873.0,802493,1252247,2874.0,豆粕,农产品,DCE,M0
2020-08-07,2875.0,2886.0,2862.0,2872.0,706578,1271824,2874.0,豆粕,农产品,DCE,M0
2020-08-10,2872.0,2882.0,2839.0,2862.0,774654,1260417,2858.0,豆粕,农产品,DCE,M0
2020-08-11,2860.0,2878.0,2849.0,2851.0,618671,1272912,2861.0,豆粕,农产品,DCE,M0
2020-08-12,2859.0,2860.0,2843.0,2853.0,481922,1279785,2851.0,豆粕,农产品,DCE,M0
2020-08-13,2853.0,2891.0,2831.0,2881.0,1195372,1301134,2866.0,豆粕,农产品,DCE,M0
2020-08-14,2891.0,2917.0,2885.0,2895.0,963009,1305283,2899.0,豆粕,农产品,DCE,M0
2020-08-17,2890.0,2913.0,2884.0,2908.0,865757,1329525,2899.0,豆粕,农产品,DCE,M0
2020-08-18,2910.0,2937.0,2908.0,2916.0,822376,1356705,2920.0,豆粕,农产品,DCE,M0
2020-08-19,2919.0,2920.0,2885.0,2901.0,801690,1383574,2899.0,豆粕,农产品,DCE,M0
2020-08-20,2905.0,2922.0,2895.0,2901.0,709740,1383254,2907.0,豆粕,农产品,DCE,M0
2020-08-21,2895.0,2897.0,2863.0,2885.0,797082,1361180,2879.0,豆粕,农产品,DCE,M0
2020-08-24,2880.0,2893.0,2864.0,2886.0,570029,1349692,2881.0,豆粕,农产品,DCE,M0
2020-08-25,2898.0,2928.0,2891.0,2919.0,845405,1365223,2914.0,豆粕,农产品,DCE,M0
2020-08-26,2922.0,2949.0,2914.0,2934.0,752813,1396850,2933.0,豆粕,农产品,DCE,M0
2020-08-27,2934.0,2935.0,2911.0,2921.0,643705,1383979,2922.0,豆粕,农产品,DCE,M0
2020-08-28,2942.0,2955.0,2932.0,2937.0,983660,1406192,2944.0,豆粕,农产品,DCE,M0
2020-08-31,2945.0,2993.0,2937.0,2981.0,903184,1400443,2972.0,豆粕,农产品,DCE,M0
2020-09-01,2976.0,2980.0,2923.0,2942.0,879446,1366854,2946.0,豆粕,农产品,DCE,M0
2020-09-02,2937.0,2952.0,2932.0,2940.0,455343,1383543,2941.0,豆粕,农产品,DCE,M0
2020-09-03,2938.0,2959.0,2925.0,2933.0,773760,1357088,2942.0,豆粕,农产品,DCE,M0
2020-09-04,2940.0,2974.0,2926.0,2973.0,899411,1378240,2948.0,豆粕,农产品,DCE,M0
2020-09-07,2978.0,3010.0,2960.0,2992.0,1145871,1411324,2987.0,豆粕,农产品,DCE,M0
2020-09-08,2993.0,3015.0,2982.0,2998.0,1112447,1425011,2996.0,豆粕,农产品,DCE,M0
2020-09-09,2972.0,2993.0,2960.0,2978.0,992777,1360592,2977.0,豆粕,农产品,DCE,M0
2020-09-10,2993.0,3019.0,2985.0,2996.0,1160669,1393423,3002.0,豆粕,农产品,DCE,M0
2020-09-11,3003.0,3070.0,2992.0,3066.0,1567059,1551899,3034.0,豆粕,农产品,DCE,M0
2020-09-14,3066.0,3152.0,3060.0,3118.0,1775350,1568786,3111.0,豆粕,农产品,DCE,M0
2020-09-15,3114.0,3135.0,3092.0,3116.0,1131486,1581386,3118.0,豆粕,农产品,DCE,M0
2020-09-16,3112.0,3123.0,3040.0,3064.0,1790702,1510569,3074.0,豆粕,农产品,DCE,M0
2020-09-17,3074.0,3125.0,3066.0,3073.0,1761128,1507681,3090.0,豆粕,农产品,DCE,M0
2020-09-18,3070.0,3170.0,3063.0,3153.0,1887816,1549826,3133.0,豆粕,农产品,DCE,M0
2020-09-21,3151.0,3163.0,3122.0,3137.0,1301928,1538042,3141.0,豆粕,农产品,DCE,M0
2020-09-22,3133.0,3148.0,3077.0,3096.0,1741754,1497567,3111.0,豆粕,农产品,DCE,M0
2020-09-23,3112.0,3141.0,3065.0,3087.0,1945421,1470275,3104.0,豆粕,农产品,DCE,M0
2020-09-24,3103.0,3142.0,3056.0,3089.0,2009056,1436734,3098.0,豆粕,农产品,DCE,M0
2020-09-25,3085.0,3098.0,3067.0,3078.0,1162760,1381176,3081.0,豆粕,农产品,DCE,M0
2020-09-28,3081.0,3111.0,3066.0,3094.0,1140897,1368436,3091.0,豆粕,农产品,DCE,M0
2020-09-29,3100.0,3101.0,3063.0,3072.0,753609,1323026,3077.0,豆粕,农产品,DCE,M0
2020-09-30,3068.0,3098.0,3052.0,3087.0,847564,1281133,3077.0,豆粕,农产品,DCE,M0
2020-10-09,3220.0,3278.0,3202.0,3262.0,998801,1353700,3252.0,豆粕,农产品,DCE,M0
2020-10-12,3257.0,3303.0,3241.0,3286.0,1469935,1389112,3273.0,豆粕,农产品,DCE,M0
2020-10-13,3270.0,3279.0,3217.0,3238.0,1281866,1358785,3240.0,豆粕,农产品,DCE,M0
2020-10-14,3231.0,3252.0,3210.0,3233.0,1002802,1336580,3230.0,豆粕,农产品,DCE,M0
2020-10-15,3240.0,3250.0,3213.0,3231.0,999043,1311873,3234.0,豆粕,农产品,DCE,M0
2020-10-16,3212.0,3279.0,3188.0,3275.0,1223241,1334625,3243.0,豆粕,农产品,DCE,M0
2020-10-19,3280.0,3313.0,3228.0,3258.0,1532352,1308968,3263.0,豆粕,农产品,DCE,M0
2020-10-20,3264.0,3310.0,3240.0,3283.0,1278598,1340831,3273.0,豆粕,农产品,DCE,M0
2020-10-21,3283.0,3321.0,3269.0,3284.0,1454963,1355468,3292.0,豆粕,农产品,DCE,M0
2020-10-22,3300.0,3309.0,3256.0,3270.0,1279218,1350434,3285.0,豆粕,农产品,DCE,M0
2020-10-23,3280.0,3289.0,3233.0,3233.0,1187819,1319804,3263.0,豆粕,农产品,DCE,M0
2020-10-26,3245.0,3284.0,3233.0,3249.0,1091076,1284346,3261.0,豆粕,农产品,DCE,M0
2020-10-27,3245.0,3276.0,3230.0,3245.0,1007018,1262938,3251.0,豆粕,农产品,DCE,M0
2020-10-28,3247.0,3266.0,3215.0,3248.0,997650,1244597,3244.0,豆粕,农产品,DCE,M0
2020-10-29,3218.0,3220.0,3177.0,3202.0,1176278,1198878,3202.0,豆粕,农产品,DCE,M0
2020-10-30,3191.0,3214.0,3185.0,3192.0,1008579,1180871,3197.0,豆粕,农产品,DCE,M0
2020-11-02,3200.0,3214.0,3173.0,3174.0,913168,1167171,3194.0,豆粕,农产品,DCE,M0
2020-11-03,3180.0,3201.0,3171.0,3189.0,676273,1154440,3186.0,豆粕,农产品,DCE,M0
2020-11-04,3199.0,3221.0,3193.0,3216.0,764609,1142160,3207.0,豆粕,农产品,DCE,M0
2020-11-05,3227.0,3299.0,3222.0,3276.0,1391983,1129464,3266.0,豆粕,农产品,DCE,M0
2020-11-06,3280.0,3292.0,3254.0,3260.0,854868,1099345,3273.0,豆粕,农产品,DCE,M0
2020-11-09,3260.0,3267.0,3195.0,3203.0,962330,1061668,3222.0,豆粕,农产品,DCE,M0
2020-11-10,3225.0,3226.0,3142.0,3157.0,1073667,1015671,3179.0,豆粕,农产品,DCE,M0
2020-11-11,3165.0,3264.0,3164.0,3249.0,1084990,966245,3229.0,豆粕,农产品,DCE,M0
2020-11-12,3238.0,3243.0,3201.0,3204.0,619057,971944,3220.0,豆粕,农产品,DCE,M0
2020-11-13,3180.0,3193.0,3143.0,3159.0,965410,1489255,3166.0,豆粕,农产品,DCE,M0
2020-11-16,3170.0,3188.0,3133.0,3146.0,1105125,1531315,3161.0,豆粕,农产品,DCE,M0
2020-11-17,3148.0,3172.0,3128.0,3167.0,976940,1564929,3152.0,豆粕,农产品,DCE,M0
2020-11-18,3175.0,3196.0,3153.0,3171.0,1199761,1572649,3176.0,豆粕,农产品,DCE,M0
2020-11-19,3181.0,3194.0,3163.0,3182.0,942480,1613409,3179.0,豆粕,农产品,DCE,M0
2020-11-20,3168.0,3228.0,3153.0,3221.0,1214966,1660773,3192.0,豆粕,农产品,DCE,M0
2020-11-23,3230.0,3277.0,3215.0,3264.0,1613097,1734638,3253.0,豆粕,农产品,DCE,M0
2020-11-24,3270.0,3270.0,3231.0,3236.0,883573,1727485,3249.0,豆粕,农产品,DCE,M0
2020-11-25,3230.0,3253.0,3214.0,3237.0,987154,1728524,3233.0,豆粕,农产品,DCE,M0
2020-11-26,3239.0,3240.0,3203.0,3233.0,770305,1757196,3222.0,豆粕,农产品,DCE,M0
2020-11-27,3230.0,3235.0,3203.0,3212.0,688081,1754127,3217.0,豆粕,农产品,DCE,M0
2020-11-30,3216.0,3249.0,3188.0,3236.0,1426090,1742966,3219.0,豆粕,农产品,DCE,M0
2020-12-01,3220.0,3227.0,3164.0,3165.0,1099659,1749987,3190.0,豆粕,农产品,DCE,M0
2020-12-02,3171.0,3182.0,3115.0,3117.0,1103749,1750504,3145.0,豆粕,农产品,DCE,M0
2020-12-03,3096.0,3114.0,3067.0,3096.0,1126461,1710922,3095.0,豆粕,农产品,DCE,M0
2020-12-04,3108.0,3127.0,3081.0,3122.0,856461,1706665,3103.0,豆粕,农产品,DCE,M0
2020-12-07,3110.0,3121.0,3076.0,3109.0,937613,1696013,3100.0,豆粕,农产品,DCE,M0
2020-12-08,3094.0,3122.0,3090.0,3095.0,743101,1681533,3104.0,豆粕,农产品,DCE,M0
2020-12-09,3085.0,3109.0,3077.0,3101.0,677703,1666728,3093.0,豆粕,农产品,DCE,M0
2020-12-10,3106.0,3143.0,3103.0,3139.0,1041357,1660058,3124.0,豆粕,农产品,DCE,M0
2020-12-11,3149.0,3161.0,3087.0,3088.0,1170775,1683054,3116.0,豆粕,农产品,DCE,M0
2020-12-14,3082.0,3120.0,3078.0,3112.0,768974,1660421,3101.0,豆粕,农产品,DCE,M0
2020-12-15,3118.0,3122.0,3070.0,3108.0,1041762,1644388,3095.0,豆粕,农产品,DCE,M0
2020-12-16,3100.0,3151.0,3098.0,3143.0,945675,1624952,3132.0,豆粕,农产品,DCE,M0
2020-12-17,3156.0,3168.0,3132.0,3149.0,1069280,1611333,3150.0,豆粕,农产品,DCE,M0
2020-12-18,3139.0,3195.0,3127.0,3189.0,1090393,1601248,3169.0,豆粕,农产品,DCE,M0
2020-12-21,3187.0,3299.0,3178.0,3298.0,1345868,1621367,3236.0,豆粕,农产品,DCE,M0
2020-12-22,3283.0,3354.0,3245.0,3314.0,2003716,1617534,3308.0,豆粕,农产品,DCE,M0
2020-12-23,3320.0,3362.0,3281.0,3321.0,1500794,1607387,3326.0,豆粕,农产品,DCE,M0
2020-12-24,3348.0,3349.0,3304.0,3307.0,1134019,1626317,3322.0,豆粕,农产品,DCE,M0
2020-12-25,3311.0,3327.0,3266.0,3303.0,1175720,1601258,3295.0,豆粕,农产品,DCE,M0
2020-12-28,3304.0,3349.0,3292.0,3307.0,1172382,1590674,3319.0,豆粕,农产品,DCE,M0
2020-12-29,3313.0,3315.0,3256.0,3274.0,1017208,1572292,3284.0,豆粕,农产品,DCE,M0
2020-12-30,3274.0,3394.0,3262.0,3363.0,1497846,1580428,3338.0,豆粕,农产品,DCE,M0
2020-12-31,3363.0,3480.0,3358.0,3479.0,1591948,1656152,3423.0,豆粕,农产品,DCE,M0
2021-01-04,3477.0,3544.0,3458.0,3483.0,1236212,1669465,3497.0,豆粕,农产品,DCE,M0
2021-01-05,3485.0,3505.0,3429.0,3483.0,1409491,1658509,3468.0,豆粕,农产品,DCE,M0
2021-01-06,3486.0,3550.0,3475.0,3535.0,1499101,1705283,3514.0,豆粕,农产品,DCE,M0
2021-01-07,3548.0,3559.0,3496.0,3517.0,1214440,1682718,3522.0,豆粕,农产品,DCE,M0
2021-01-08,3510.0,3545.0,3480.0,3536.0,1406235,1696334,3509.0,豆粕,农产品,DCE,M0
2021-01-11,3548.0,3657.0,3523.0,3619.0,2091759,1720950,3588.0,豆粕,农产品,DCE,M0
2021-01-12,3628.0,3653.0,3595.0,3635.0,1620923,1758261,3626.0,豆粕,农产品,DCE,M0
2021-01-13,3645.0,3825.0,3630.0,3775.0,2110513,1787399,3730.0,豆粕,农产品,DCE,M0
2021-01-14,3767.0,3773.0,3711.0,3736.0,1531539,1747883,3736.0,豆粕,农产品,DCE,M0
2021-01-15,3749.0,3785.0,3702.0,3717.0,1435325,1710357,3736.0,豆粕,农产品,DCE,M0
2021-01-18,3732.0,3738.0,3652.0,3677.0,1467855,1646177,3690.0,豆粕,农产品,DCE,M0
2021-01-19,3677.0,3712.0,3639.0,3665.0,1259068,1621366,3671.0,豆粕,农产品,DCE,M0
2021-01-20,3680.0,3680.0,3501.0,3534.0,2343092,1544206,3565.0,豆粕,农产品,DCE,M0
2021-01-21,3532.0,3582.0,3515.0,3571.0,1226411,1563855,3552.0,豆粕,农产品,DCE,M0
2021-01-22,3583.0,3588.0,3464.0,3481.0,1749207,1499344,3517.0,豆粕,农产品,DCE,M0
2021-01-25,3455.0,3533.0,3393.0,3423.0,1864441,1461321,3445.0,豆粕,农产品,DCE,M0
2021-01-26,3418.0,3486.0,3416.0,3433.0,1224087,1453657,3447.0,豆粕,农产品,DCE,M0
2021-01-27,3460.0,3546.0,3449.0,3518.0,1579393,1457266,3498.0,豆粕,农产品,DCE,M0
2021-01-28,3521.0,3528.0,3465.0,3483.0,1187400,1444940,3498.0,豆粕,农产品,DCE,M0
2021-01-29,3520.0,3520.0,3404.0,3484.0,1291991,1413263,3476.0,豆粕,农产品,DCE,M0
2021-02-01,3478.0,3518.0,3425.0,3485.0,1311549,1386518,3475.0,豆粕,农产品,DCE,M0
2021-02-02,3484.0,3484.0,3415.0,3418.0,1189851,1401927,3447.0,豆粕,农产品,DCE,M0
2021-02-03,3405.0,3419.0,3364.0,3410.0,1373970,1358059,3385.0,豆粕,农产品,DCE,M0
2021-02-04,3410.0,3489.0,3396.0,3482.0,1183489,1345029,3447.0,豆粕,农产品,DCE,M0
2021-02-05,3482.0,3527.0,3474.0,3515.0,1200990,1322305,3499.0,豆粕,农产品,DCE,M0
2021-02-08,3517.0,3527.0,3445.0,3460.0,1159714,1306611,3487.0,豆粕,农产品,DCE,M0
2021-02-09,3463.0,3550.0,3449.0,3520.0,1134890,1296979,3498.0,豆粕,农产品,DCE,M0
2021-02-10,3524.0,3525.0,3454.0,3470.0,923785,1265212,3486.0,豆粕,农产品,DCE,M0
2021-02-18,3470.0,3509.0,3462.0,3492.0,670156,1299312,3488.0,豆粕,农产品,DCE,M0
2021-02-19,3482.0,3518.0,3433.0,3462.0,1281592,1343873,3469.0,豆粕,农产品,DCE,M0
2021-02-22,3470.0,3528.0,3464.0,3505.0,1445592,1358290,3500.0,豆粕,农产品,DCE,M0
2021-02-23,3495.0,3596.0,3467.0,3591.0,1604197,1366996,3527.0,豆粕,农产品,DCE,M0
2021-02-24,3585.0,3603.0,3559.0,3591.0,1259248,1340266,3586.0,豆粕,农产品,DCE,M0
2021-02-25,3603.0,3638.0,3565.0,3574.0,1515413,1330325,3602.0,豆粕,农产品,DCE,M0
2021-02-26,3590.0,3590.0,3413.0,3427.0,2297401,1294309,3485.0,豆粕,农产品,DCE,M0
2021-03-01,3404.0,3464.0,3394.0,3422.0,1515517,1282399,3434.0,豆粕,农产品,DCE,M0
2021-03-02,3423.0,3469.0,3334.0,3351.0,1472238,1296872,3396.0,豆粕,农产品,DCE,M0
2021-03-03,3356.0,3426.0,3356.0,3403.0,1037796,1246090,3394.0,豆粕,农产品,DCE,M0
2021-03-04,3397.0,3399.0,3343.0,3351.0,1181133,1229187,3368.0,豆粕,农产品,DCE,M0
2021-03-05,3362.0,3390.0,3307.0,3364.0,1291459,1201030,3351.0,豆粕,农产品,DCE,M0
2021-03-08,3364.0,3445.0,3345.0,3414.0,1292146,1149004,3401.0,豆粕,农产品,DCE,M0
2021-03-09,3414.0,3415.0,3340.0,3348.0,1134937,1151573,3373.0,豆粕,农产品,DCE,M0
2021-03-10,3360.0,3361.0,3256.0,3269.0,1588777,1161011,3316.0,豆粕,农产品,DCE,M0
2021-03-11,3254.0,3268.0,3153.0,3198.0,1721617,1107869,3199.0,豆粕,农产品,DCE,M0
2021-03-12,3198.0,3229.0,3188.0,3210.0,1089584,1084597,3209.0,豆粕,农产品,DCE,M0
2021-03-15,3200.0,3225.0,3154.0,3213.0,1196626,1026132,3196.0,豆粕,农产品,DCE,M0
2021-03-16,3221.0,3251.0,3181.0,3232.0,1171494,973224,3221.0,豆粕,农产品,DCE,M0
2021-03-17,3233.0,3286.0,3228.0,3264.0,1075193,902389,3266.0,豆粕,农产品,DCE,M0
2021-03-18,3260.0,3291.0,3227.0,3246.0,896720,885012,3251.0,豆粕,农产品,DCE,M0
2021-03-19,3236.0,3258.0,3207.0,3243.0,908772,842392,3235.0,豆粕,农产品,DCE,M0
2021-03-22,3250.0,3298.0,3230.0,3279.0,906004,810576,3270.0,豆粕,农产品,DCE,M0
2021-03-23,3279.0,3280.0,3210.0,3257.0,920471,775246,3237.0,豆粕,农产品,DCE,M0
2021-03-24,3257.0,3301.0,3249.0,3288.0,809199,765363,3274.0,豆粕,农产品,DCE,M0
2021-03-25,3298.0,3337.0,3291.0,3305.0,728712,735044,3312.0,豆粕,农产品,DCE,M0
2021-03-26,3304.0,3351.0,3281.0,3343.0,797836,702058,3324.0,豆粕,农产品,DCE,M0
2021-03-29,3344.0,3350.0,3293.0,3309.0,710594,686195,3315.0,豆粕,农产品,DCE,M0
2021-03-30,3309.0,3312.0,3272.0,3301.0,622573,633910,3294.0,豆粕,农产品,DCE,M0
2021-03-31,3303.0,3323.0,3260.0,3279.0,604546,603965,3287.0,豆粕,农产品,DCE,M0
2021-04-01,3390.0,3610.0,3386.0,3524.0,1612227,1464470,3517.0,豆粕,农产品,DCE,M0
2021-04-02,3525.0,3540.0,3473.0,3507.0,1083539,1478612,3509.0,豆粕,农产品,DCE,M0
2021-04-06,3515.0,3522.0,3482.0,3490.0,629478,1491452,3498.0,豆粕,农产品,DCE,M0
2021-04-07,3515.0,3555.0,3488.0,3547.0,1008858,1566336,3513.0,豆粕,农产品,DCE,M0
2021-04-08,3547.0,3547.0,3495.0,3517.0,921377,1536006,3517.0,豆粕,农产品,DCE,M0
2021-04-09,3515.0,3541.0,3495.0,3524.0,941890,1546427,3521.0,豆粕,农产品,DCE,M0
2021-04-12,3533.0,3548.0,3447.0,3453.0,1221623,1547079,3498.0,豆粕,农产品,DCE,M0
2021-04-13,3447.0,3469.0,3423.0,3442.0,889336,1547824,3442.0,豆粕,农产品,DCE,M0
2021-04-14,3441.0,3451.0,3411.0,3422.0,757873,1559820,3431.0,豆粕,农产品,DCE,M0
2021-04-15,3428.0,3475.0,3427.0,3468.0,772048,1568754,3454.0,豆粕,农产品,DCE,M0
2021-04-16,3479.0,3528.0,3462.0,3515.0,1125763,1528665,3501.0,豆粕,农产品,DCE,M0
2021-04-19,3515.0,3554.0,3498.0,3542.0,884748,1566941,3524.0,豆粕,农产品,DCE,M0
2021-04-20,3558.0,3592.0,3529.0,3570.0,1022365,1615381,3563.0,豆粕,农产品,DCE,M0
2021-04-21,3579.0,3599.0,3561.0,3580.0,900950,1621101,3579.0,豆粕,农产品,DCE,M0
2021-04-22,3560.0,3653.0,3544.0,3629.0,1158903,1653565,3605.0,豆粕,农产品,DCE,M0
2021-04-23,3632.0,3664.0,3613.0,3647.0,1009062,1664789,3638.0,豆粕,农产品,DCE,M0
2021-04-26,3630.0,3692.0,3608.0,3649.0,1253629,1656745,3649.0,豆粕,农产品,DCE,M0
2021-04-27,3662.0,3705.0,3648.0,3682.0,1310327,1672017,3676.0,豆粕,农产品,DCE,M0
2021-04-28,3682.0,3684.0,3558.0,3613.0,1516284,1627540,3625.0,豆粕,农产品,DCE,M0
2021-04-29,3618.0,3632.0,3583.0,3587.0,1004010,1591283,3607.0,豆粕,农产品,DCE,M0
2021-04-30,3592.0,3613.0,3554.0,3575.0,1105012,1529195,3582.0,豆粕,农产品,DCE,M0
2021-05-06,3648.0,3689.0,3632.0,3669.0,764619,1560692,3666.0,豆粕,农产品,DCE,M0
2021-05-07,3672.0,3767.0,3670.0,3709.0,1221530,1576381,3719.0,豆粕,农产品,DCE,M0
2021-05-10,3712.0,3714.0,3651.0,3689.0,1270788,1524429,3684.0,豆粕,农产品,DCE,M0
2021-05-11,3695.0,3702.0,3642.0,3674.0,1086497,1486066,3672.0,豆粕,农产品,DCE,M0
2021-05-12,3691.0,3788.0,3690.0,3769.0,1501679,1465429,3755.0,豆粕,农产品,DCE,M0
2021-05-13,3762.0,3775.0,3650.0,3678.0,1414297,1404865,3701.0,豆粕,农产品,DCE,M0
2021-05-14,3657.0,3664.0,3579.0,3607.0,1413879,1371905,3615.0,豆粕,农产品,DCE,M0
2021-05-17,3610.0,3626.0,3564.0,3606.0,1045727,1384898,3597.0,豆粕,农产品,DCE,M0
2021-05-18,3620.0,3638.0,3598.0,3623.0,832477,1379714,3618.0,豆粕,农产品,DCE,M0
2021-05-19,3623.0,3630.0,3556.0,3571.0,1053479,1385991,3585.0,豆粕,农产品,DCE,M0
2021-05-20,3556.0,3570.0,3518.0,3567.0,1055398,1372549,3544.0,豆粕,农产品,DCE,M0
2021-05-21,3558.0,3558.0,3515.0,3524.0,984645,1371742,3536.0,豆粕,农产品,DCE,M0
2021-05-24,3528.0,3542.0,3479.0,3528.0,991746,1357043,3514.0,豆粕,农产品,DCE,M0
2021-05-25,3530.0,3556.0,3518.0,3538.0,846481,1340672,3536.0,豆粕,农产品,DCE,M0
2021-05-26,3522.0,3538.0,3486.0,3508.0,906626,1333543,3513.0,豆粕,农产品,DCE,M0
2021-05-27,3499.0,3518.0,3461.0,3472.0,1094576,1339979,3484.0,豆粕,农产品,DCE,M0
2021-05-28,3482.0,3576.0,3482.0,3532.0,1002544,1272668,3527.0,豆粕,农产品,DCE,M0
2021-05-31,3516.0,3547.0,3509.0,3521.0,778152,1273544,3526.0,豆粕,农产品,DCE,M0
2021-06-01,3527.0,3572.0,3517.0,3541.0,808073,1257383,3546.0,豆粕,农产品,DCE,M0
2021-06-02,3562.0,3595.0,3555.0,3567.0,958498,1237217,3572.0,豆粕,农产品,DCE,M0
2021-06-03,3569.0,3604.0,3539.0,3604.0,1184488,1275413,3570.0,豆粕,农产品,DCE,M0
2021-06-04,3589.0,3602.0,3521.0,3535.0,1093693,1275995,3550.0,豆粕,农产品,DCE,M0
2021-06-07,3555.0,3633.0,3549.0,3622.0,1180858,1260414,3599.0,豆粕,农产品,DCE,M0
2021-06-08,3643.0,3647.0,3584.0,3615.0,1175397,1220341,3614.0,豆粕,农产品,DCE,M0
2021-06-09,3615.0,3658.0,3600.0,3619.0,1130676,1250252,3629.0,豆粕,农产品,DCE,M0
2021-06-10,3610.0,3632.0,3604.0,3628.0,866223,1258737,3617.0,豆粕,农产品,DCE,M0
2021-06-11,3639.0,3667.0,3619.0,3642.0,1169743,1263317,3640.0,豆粕,农产品,DCE,M0
2021-06-15,3555.0,3565.0,3479.0,3494.0,1238722,1250055,3509.0,豆粕,农产品,DCE,M0
2021-06-16,3493.0,3501.0,3470.0,3474.0,939399,1237569,3484.0,豆粕,农产品,DCE,M0
2021-06-17,3480.0,3495.0,3420.0,3450.0,1121431,1216818,3461.0,豆粕,农产品,DCE,M0
2021-06-18,3427.0,3444.0,3310.0,3373.0,1533318,1165339,3382.0,豆粕,农产品,DCE,M0
2021-06-21,3402.0,3426.0,3383.0,3394.0,961505,1161999,3398.0,豆粕,农产品,DCE,M0
2021-06-22,3380.0,3428.0,3380.0,3393.0,783401,1168965,3400.0,豆粕,农产品,DCE,M0
2021-06-23,3398.0,3415.0,3377.0,3384.0,983472,1196867,3393.0,豆粕,农产品,DCE,M0
2021-06-24,3380.0,3404.0,3356.0,3390.0,1007880,1192806,3383.0,豆粕,农产品,DCE,M0
2021-06-25,3370.0,3403.0,3353.0,3397.0,970643,1195545,3377.0,豆粕,农产品,DCE,M0
2021-06-28,3405.0,3450.0,3365.0,3448.0,1283287,1177129,3407.0,豆粕,农产品,DCE,M0
2021-06-29,3444.0,3475.0,3435.0,3458.0,921731,1132818,3455.0,豆粕,农产品,DCE,M0
2021-06-30,3474.0,3499.0,3445.0,3486.0,811367,1123267,3471.0,豆粕,农产品,DCE,M0
2021-07-01,3486.0,3650.0,3464.0,3639.0,1479674,1151617,3587.0,豆粕,农产品,DCE,M0
2021-07-02,3666.0,3699.0,3661.0,3694.0,1161707,1219719,3683.0,豆粕,农产品,DCE,M0
2021-07-05,3696.0,3702.0,3622.0,3655.0,1001257,1172537,3662.0,豆粕,农产品,DCE,M0
2021-07-06,3655.0,3666.0,3626.0,3634.0,631577,1159976,3644.0,豆粕,农产品,DCE,M0
2021-07-07,3634.0,3635.0,3535.0,3571.0,1314132,1108109,3571.0,豆粕,农产品,DCE,M0
2021-07-08,3560.0,3590.0,3551.0,3584.0,831244,1104573,3566.0,豆粕,农产品,DCE,M0
2021-07-09,3563.0,3603.0,3554.0,3580.0,953837,1102340,3583.0,豆粕,农产品,DCE,M0
2021-07-12,3568.0,3609.0,3555.0,3590.0,1075229,1099178,3583.0,豆粕,农产品,DCE,M0
2021-07-13,3590.0,3633.0,3582.0,3613.0,786589,1093692,3607.0,豆粕,农产品,DCE,M0
2021-07-14,3623.0,3637.0,3589.0,3625.0,889543,1080709,3617.0,豆粕,农产品,DCE,M0
2021-07-15,3636.0,3678.0,3627.0,3662.0,805020,1094807,3656.0,豆粕,农产品,DCE,M0
2021-07-16,3651.0,3670.0,3645.0,3663.0,628229,1092417,3656.0,豆粕,农产品,DCE,M0
2021-07-19,3678.0,3767.0,3676.0,3709.0,1031235,1110889,3722.0,豆粕,农产品,DCE,M0
2021-07-20,3700.0,3711.0,3642.0,3704.0,874396,1099814,3686.0,豆粕,农产品,DCE,M0
2021-07-21,3713.0,3736.0,3648.0,3678.0,944743,1046855,3692.0,豆粕,农产品,DCE,M0
2021-07-22,3686.0,3696.0,3618.0,3622.0,827007,991347,3653.0,豆粕,农产品,DCE,M0
2021-07-23,3601.0,3607.0,3558.0,3578.0,805566,979039,3581.0,豆粕,农产品,DCE,M0
2021-07-26,3580.0,3588.0,3496.0,3503.0,877331,922833,3530.0,豆粕,农产品,DCE,M0
2021-07-27,3512.0,3550.0,3489.0,3533.0,782014,912712,3524.0,豆粕,农产品,DCE,M0
2021-07-28,3548.0,3593.0,3546.0,3553.0,684783,896609,3567.0,豆粕,农产品,DCE,M0
2021-07-29,3568.0,3625.0,3567.0,3623.0,729341,859247,3592.0,豆粕,农产品,DCE,M0
2021-07-30,3632.0,3655.0,3607.0,3652.0,658938,851649,3632.0,豆粕,农产品,DCE,M0
2021-08-02,3630.0,3642.0,3558.0,3636.0,858987,815907,3610.0,豆粕,农产品,DCE,M0
2021-08-03,3643.0,3646.0,3591.0,3625.0,603991,790847,3619.0,豆粕,农产品,DCE,M0
2021-08-04,3600.0,3617.0,3570.0,3588.0,695429,755362,3587.0,豆粕,农产品,DCE,M0
2021-08-05,3581.0,3596.0,3556.0,3558.0,644865,703427,3577.0,豆粕,农产品,DCE,M0
2021-08-06,3561.0,3598.0,3560.0,3577.0,542157,671850,3577.0,豆粕,农产品,DCE,M0
2021-08-09,3599.0,3629.0,3570.0,3617.0,667864,592115,3601.0,豆粕,农产品,DCE,M0
2021-08-10,3606.0,3641.0,3602.0,3628.0,488298,535951,3619.0,豆粕,农产品,DCE,M0
2021-08-11,3584.0,3597.0,3569.0,3586.0,721521,957216,3583.0,豆粕,农产品,DCE,M0
2021-08-12,3586.0,3596.0,3507.0,3523.0,1038827,1014540,3549.0,豆粕,农产品,DCE,M0
2021-08-13,3539.0,3623.0,3513.0,3620.0,1265984,1110610,3552.0,豆粕,农产品,DCE,M0
2021-08-16,3623.0,3650.0,3604.0,3639.0,1104127,1189188,3627.0,豆粕,农产品,DCE,M0
2021-08-17,3632.0,3651.0,3609.0,3637.0,918974,1212065,3634.0,豆粕,农产品,DCE,M0
2021-08-18,3642.0,3643.0,3583.0,3608.0,1029992,1199510,3609.0,豆粕,农产品,DCE,M0
2021-08-19,3608.0,3617.0,3543.0,3551.0,1043105,1127536,3575.0,豆粕,农产品,DCE,M0
2021-08-20,3528.0,3545.0,3508.0,3534.0,1051336,1132694,3531.0,豆粕,农产品,DCE,M0
2021-08-23,3526.0,3533.0,3477.0,3485.0,1096229,1172360,3499.0,豆粕,农产品,DCE,M0
2021-08-24,3485.0,3507.0,3463.0,3493.0,930864,1221203,3485.0,豆粕,农产品,DCE,M0
2021-08-25,3493.0,3525.0,3491.0,3502.0,809277,1245724,3506.0,豆粕,农产品,DCE,M0
2021-08-26,3511.0,3529.0,3490.0,3511.0,943286,1231631,3509.0,豆粕,农产品,DCE,M0
2021-08-27,3518.0,3518.0,3487.0,3501.0,829503,1225093,3504.0,豆粕,农产品,DCE,M0
2021-08-30,3504.0,3545.0,3491.0,3525.0,931175,1211934,3522.0,豆粕,农产品,DCE,M0
2021-08-31,3525.0,3531.0,3481.0,3517.0,962111,1210945,3504.0,豆粕,农产品,DCE,M0
2021-09-01,3506.0,3516.0,3479.0,3491.0,827234,1241813,3495.0,豆粕,农产品,DCE,M0
2021-09-02,3491.0,3520.0,3460.0,3504.0,1126822,1204639,3485.0,豆粕,农产品,DCE,M0
2021-09-03,3504.0,3511.0,3484.0,3487.0,877621,1199713,3496.0,豆粕,农产品,DCE,M0
2021-09-06,3489.0,3499.0,3462.0,3486.0,885267,1234916,3479.0,豆粕,农产品,DCE,M0
2021-09-07,3486.0,3533.0,3481.0,3524.0,869371,1214148,3506.0,豆粕,农产品,DCE,M0
2021-09-08,3518.0,3527.0,3485.0,3486.0,963660,1228401,3506.0,豆粕,农产品,DCE,M0
2021-09-09,3494.0,3499.0,3451.0,3468.0,1120175,1286089,3475.0,豆粕,农产品,DCE,M0
2021-09-10,3468.0,3500.0,3458.0,3500.0,1003851,1286898,3475.0,豆粕,农产品,DCE,M0
2021-09-13,3503.0,3547.0,3503.0,3530.0,1175783,1235779,3525.0,豆粕,农产品,DCE,M0
2021-09-14,3528.0,3553.0,3508.0,3545.0,958992,1269044,3532.0,豆粕,农产品,DCE,M0
2021-09-15,3545.0,3552.0,3526.0,3534.0,761338,1269020,3537.0,豆粕,农产品,DCE,M0
2021-09-16,3538.0,3550.0,3510.0,3548.0,975809,1294526,3533.0,豆粕,农产品,DCE,M0
2021-09-17,3549.0,3591.0,3548.0,3570.0,1212982,1279393,3570.0,豆粕,农产品,DCE,M0
2021-09-22,3560.0,3567.0,3530.0,3536.0,690874,1259069,3542.0,豆粕,农产品,DCE,M0
2021-09-23,3540.0,3563.0,3533.0,3535.0,791091,1259428,3547.0,豆粕,农产品,DCE,M0
2021-09-24,3535.0,3546.0,3508.0,3510.0,848549,1265412,3527.0,豆粕,农产品,DCE,M0
2021-09-27,3510.0,3539.0,3487.0,3538.0,967720,1242631,3516.0,豆粕,农产品,DCE,M0
2021-09-28,3538.0,3546.0,3488.0,3491.0,968792,1208610,3518.0,豆粕,农产品,DCE,M0
2021-09-29,3490.0,3500.0,3465.0,3478.0,862359,1201069,3481.0,豆粕,农产品,DCE,M0
2021-09-30,3483.0,3490.0,3457.0,3464.0,707276,1192578,3473.0,豆粕,农产品,DCE,M0
2021-10-08,3370.0,3390.0,3335.0,3350.0,1009296,1255563,3354.0,豆粕,农产品,DCE,M0
2021-10-11,3350.0,3368.0,3311.0,3325.0,1074156,1306079,3337.0,豆粕,农产品,DCE,M0
2021-10-12,3325.0,3325.0,3259.0,3299.0,1018785,1300521,3299.0,豆粕,农产品,DCE,M0
2021-10-13,3294.0,3294.0,3232.0,3236.0,986288,1292436,3260.0,豆粕,农产品,DCE,M0
2021-10-14,3236.0,3272.0,3203.0,3265.0,914345,1237859,3233.0,豆粕,农产品,DCE,M0
2021-10-15,3266.0,3279.0,3248.0,3263.0,650096,1240163,3260.0,豆粕,农产品,DCE,M0
2021-10-18,3277.0,3288.0,3224.0,3230.0,852467,1207724,3251.0,豆粕,农产品,DCE,M0
2021-10-19,3220.0,3239.0,3197.0,3224.0,736948,1200041,3219.0,豆粕,农产品,DCE,M0
2021-10-20,3231.0,3271.0,3222.0,3237.0,932191,1194510,3248.0,豆粕,农产品,DCE,M0
2021-10-21,3242.0,3273.0,3228.0,3254.0,861723,1165909,3248.0,豆粕,农产品,DCE,M0
2021-10-22,3248.0,3288.0,3222.0,3278.0,1027191,1131262,3270.0,豆粕,农产品,DCE,M0
2021-10-25,3278.0,3323.0,3252.0,3289.0,1034276,1160912,3288.0,豆粕,农产品,DCE,M0
2021-10-26,3293.0,3293.0,3250.0,3270.0,724786,1187943,3266.0,豆粕,农产品,DCE,M0
2021-10-27,3268.0,3269.0,3233.0,3257.0,693550,1179850,3249.0,豆粕,农产品,DCE,M0
2021-10-28,3250.0,3279.0,3234.0,3259.0,896423,1167928,3257.0,豆粕,农产品,DCE,M0
2021-10-29,3255.0,3277.0,3231.0,3233.0,831293,1199078,3253.0,豆粕,农产品,DCE,M0
2021-11-01,3223.0,3243.0,3148.0,3159.0,1164956,1183374,3197.0,豆粕,农产品,DCE,M0
2021-11-02,3170.0,3179.0,3138.0,3143.0,757375,1155811,3159.0,豆粕,农产品,DCE,M0
2021-11-03,3143.0,3169.0,3109.0,3130.0,848514,1125611,3134.0,豆粕,农产品,DCE,M0
2021-11-04,3130.0,3153.0,3102.0,3135.0,731341,1105982,3128.0,豆粕,农产品,DCE,M0
2021-11-05,3140.0,3144.0,3033.0,3051.0,931409,1085260,3086.0,豆粕,农产品,DCE,M0
2021-11-08,3045.0,3105.0,3023.0,3088.0,968827,1033096,3070.0,豆粕,农产品,DCE,M0
2021-11-09,3079.0,3103.0,3045.0,3091.0,700329,1015462,3077.0,豆粕,农产品,DCE,M0
2021-11-10,3097.0,3149.0,3078.0,3123.0,701487,983753,3111.0,豆粕,农产品,DCE,M0
2021-11-11,3122.0,3165.0,3115.0,3159.0,574024,971397,3142.0,豆粕,农产品,DCE,M0
2021-11-12,3164.0,3174.0,3137.0,3155.0,623063,897464,3157.0,豆粕,农产品,DCE,M0
2021-11-15,3155.0,3196.0,3128.0,3161.0,628325,882818,3159.0,豆粕,农产品,DCE,M0
2021-11-16,3181.0,3209.0,3168.0,3192.0,531164,882585,3187.0,豆粕,农产品,DCE,M0
2021-11-17,3194.0,3201.0,3165.0,3188.0,541531,870767,3182.0,豆粕,农产品,DCE,M0
2021-11-18,3200.0,3232.0,3183.0,3213.0,601847,860876,3207.0,豆粕,农产品,DCE,M0
2021-11-19,3217.0,3232.0,3182.0,3218.0,583518,860982,3210.0,豆粕,农产品,DCE,M0
2021-11-22,3200.0,3212.0,3175.0,3202.0,673075,822959,3190.0,豆粕,农产品,DCE,M0
2021-11-23,3202.0,3255.0,3194.0,3245.0,629386,827419,3227.0,豆粕,农产品,DCE,M0
2021-11-24,3240.0,3254.0,3222.0,3251.0,495110,803737,3240.0,豆粕,农产品,DCE,M0
2021-11-25,3260.0,3265.0,3201.0,3213.0,536734,764995,3226.0,豆粕,农产品,DCE,M0
2021-11-26,3213.0,3218.0,3191.0,3216.0,397056,754078,3205.0,豆粕,农产品,DCE,M0
2021-11-29,3216.0,3238.0,3160.0,3237.0,601266,716131,3203.0,豆粕,农产品,DCE,M0
2021-11-30,3237.0,3252.0,3193.0,3200.0,511183,691328,3218.0,豆粕,农产品,DCE,M0
2021-12-01,3196.0,3207.0,3175.0,3202.0,383781,669814,3186.0,豆粕,农产品,DCE,M0
2021-12-02,3200.0,3206.0,3170.0,3203.0,379620,664775,3187.0,豆粕,农产品,DCE,M0
2021-12-03,3213.0,3258.0,3200.0,3257.0,421779,671811,3233.0,豆粕,农产品,DCE,M0
2021-12-06,3107.0,3113.0,3069.0,3080.0,508591,1039224,3091.0,豆粕,农产品,DCE,M0
2021-12-07,3077.0,3079.0,3037.0,3043.0,662140,1050786,3055.0,豆粕,农产品,DCE,M0
2021-12-08,3043.0,3050.0,3021.0,3037.0,566631,1047536,3032.0,豆粕,农产品,DCE,M0
2021-12-09,3034.0,3111.0,3023.0,3096.0,862760,1109751,3075.0,豆粕,农产品,DCE,M0
2021-12-10,3086.0,3138.0,3077.0,3124.0,809073,1176444,3111.0,豆粕,农产品,DCE,M0
2021-12-13,3130.0,3155.0,3118.0,3124.0,704516,1208914,3134.0,豆粕,农产品,DCE,M0
2021-12-14,3114.0,3129.0,3071.0,3073.0,868554,1164929,3096.0,豆粕,农产品,DCE,M0
2021-12-15,3083.0,3148.0,3082.0,3124.0,1089715,1237025,3120.0,豆粕,农产品,DCE,M0
2021-12-16,3134.0,3176.0,3107.0,3168.0,1010061,1285138,3148.0,豆粕,农产品,DCE,M0
2021-12-17,3167.0,3178.0,3146.0,3174.0,706739,1319789,3165.0,豆粕,农产品,DCE,M0
2021-12-20,3180.0,3180.0,3138.0,3159.0,850416,1279944,3159.0,豆粕,农产品,DCE,M0
2021-12-21,3151.0,3183.0,3145.0,3153.0,781166,1299656,3164.0,豆粕,农产品,DCE,M0
2021-12-22,3147.0,3198.0,3140.0,3179.0,827218,1308354,3172.0,豆粕,农产品,DCE,M0
2021-12-23,3187.0,3248.0,3186.0,3246.0,1125843,1384424,3216.0,豆粕,农产品,DCE,M0
2021-12-24,3230.0,3272.0,3224.0,3263.0,805794,1399752,3248.0,豆粕,农产品,DCE,M0
2021-12-27,3265.0,3268.0,3226.0,3230.0,726395,1371882,3241.0,豆粕,农产品,DCE,M0
2021-12-28,3248.0,3290.0,3231.0,3258.0,1053180,1396448,3259.0,豆粕,农产品,DCE,M0
2021-12-29,3259.0,3260.0,3205.0,3226.0,869507,1383950,3229.0,豆粕,农产品,DCE,M0
2021-12-30,3202.0,3247.0,3191.0,3232.0,700560,1400701,0.0,豆粕,农产品,DCE,M0
2021-12-31,3215.0,3217.0,3170.0,3189.0,875469,1388687,3192.0,豆粕,农产品,DCE,M0
2022-01-04,3220.0,3263.0,3218.0,3250.0,625772,1424194,3247.0,豆粕,农产品,DCE,M0
2022-01-05,3242.0,3298.0,3238.0,3293.0,787718,1453763,3274.0,豆粕,农产品,DCE,M0
2022-01-06,3283.0,3285.0,3212.0,3215.0,1031941,1416152,3247.0,豆粕,农产品,DCE,M0
2022-01-07,3225.0,3245.0,3215.0,3225.0,697417,1396599,3229.0,豆粕,农产品,DCE,M0
2022-01-10,3230.0,3283.0,3206.0,3231.0,1035124,1373919,3242.0,豆粕,农产品,DCE,M0
2022-01-11,3241.0,3260.0,3221.0,3229.0,715204,1364909,3239.0,豆粕,农产品,DCE,M0
2022-01-12,3229.0,3259.0,3198.0,3247.0,895344,1374316,3228.0,豆粕,农产品,DCE,M0
2022-01-13,3233.0,3259.0,3210.0,3243.0,947940,1368176,3231.0,豆粕,农产品,DCE,M0
2022-01-14,3230.0,3232.0,3178.0,3186.0,906804,1383324,3201.0,豆粕,农产品,DCE,M0
2022-01-17,3195.0,3205.0,3144.0,3170.0,966711,1387885,3173.0,豆粕,农产品,DCE,M0
2022-01-18,3174.0,3176.0,3144.0,3156.0,639618,1403804,3161.0,豆粕,农产品,DCE,M0
2022-01-19,3143.0,3183.0,3121.0,3177.0,856746,1388303,3153.0,豆粕,农产品,DCE,M0
2022-01-20,3184.0,3247.0,3175.0,3243.0,1007446,1351217,3221.0,豆粕,农产品,DCE,M0
2022-01-21,3239.0,3281.0,3228.0,3270.0,941279,1302675,3257.0,豆粕,农产品,DCE,M0
2022-01-24,3278.0,3282.0,3244.0,3253.0,835944,1313246,3263.0,豆粕,农产品,DCE,M0
2022-01-25,3249.0,3253.0,3207.0,3248.0,762507,1273850,3234.0,豆粕,农产品,DCE,M0
2022-01-26,3242.0,3267.0,3235.0,3260.0,634022,1263818,3251.0,豆粕,农产品,DCE,M0
2022-01-27,3269.0,3379.0,3268.0,3338.0,1231088,1285356,3323.0,豆粕,农产品,DCE,M0
2022-01-28,3358.0,3393.0,3345.0,3378.0,863987,1238750,3367.0,豆粕,农产品,DCE,M0
2022-02-07,3634.0,3636.0,3614.0,3636.0,223073,1227362,3634.0,豆粕,农产品,DCE,M0
2022-02-08,3710.0,3754.0,3683.0,3695.0,1480421,1301272,3707.0,豆粕,农产品,DCE,M0
2022-02-09,3705.0,3764.0,3688.0,3748.0,1420390,1427058,3725.0,豆粕,农产品,DCE,M0
2022-02-10,3754.0,3843.0,3733.0,3814.0,1538508,1472010,3792.0,豆粕,农产品,DCE,M0
2022-02-11,3850.0,3903.0,3731.0,3745.0,1840992,1441042,3800.0,豆粕,农产品,DCE,M0
2022-02-14,3781.0,3794.0,3709.0,3724.0,1349966,1408680,3753.0,豆粕,农产品,DCE,M0
2022-02-15,3698.0,3723.0,3659.0,3687.0,1388308,1361717,3686.0,豆粕,农产品,DCE,M0
2022-02-16,3655.0,3727.0,3646.0,3708.0,1197867,1360212,3684.0,豆粕,农产品,DCE,M0
2022-02-17,3708.0,3778.0,3660.0,3769.0,1409416,1376629,3717.0,豆粕,农产品,DCE,M0
2022-02-18,3785.0,3824.0,3746.0,3781.0,1274942,1351180,3782.0,豆粕,农产品,DCE,M0
2022-02-21,3785.0,3817.0,3762.0,3803.0,1197690,1351065,3787.0,豆粕,农产品,DCE,M0
2022-02-22,3815.0,3885.0,3806.0,3877.0,1309910,1402037,3844.0,豆粕,农产品,DCE,M0
2022-02-23,3803.0,3953.0,3746.0,3906.0,2065057,1407668,3867.0,豆粕,农产品,DCE,M0
2022-02-24,3924.0,4107.0,3896.0,4062.0,1954776,1390834,3989.0,豆粕,农产品,DCE,M0
2022-02-25,4009.0,4067.0,3884.0,3918.0,2445430,1314116,3970.0,豆粕,农产品,DCE,M0
2022-02-28,3855.0,3899.0,3758.0,3862.0,2149034,1232452,3823.0,豆粕,农产品,DCE,M0
2022-03-01,3862.0,3955.0,3820.0,3911.0,1430739,1215730,3886.0,豆粕,农产品,DCE,M0
2022-03-02,3952.0,3996.0,3836.0,3903.0,1969304,1203928,3914.0,豆粕,农产品,DCE,M0
2022-03-03,3915.0,3929.0,3834.0,3895.0,1558260,1182290,3883.0,豆粕,农产品,DCE,M0
2022-03-04,3869.0,3958.0,3851.0,3902.0,1595387,1201748,3901.0,豆粕,农产品,DCE,M0
2022-03-07,3936.0,4096.0,3930.0,4089.0,1643916,1249394,4008.0,豆粕,农产品,DCE,M0
2022-03-08,4075.0,4194.0,4001.0,4153.0,2191347,1276621,4083.0,豆粕,农产品,DCE,M0
2022-03-09,4110.0,4266.0,4098.0,4222.0,1993209,1248409,4195.0,豆粕,农产品,DCE,M0
2022-03-10,4151.0,4192.0,4064.0,4130.0,1716504,1161873,4132.0,豆粕,农产品,DCE,M0
2022-03-11,4150.0,4232.0,4143.0,4186.0,1242858,1181709,4185.0,豆粕,农产品,DCE,M0
2022-03-14,4161.0,4231.0,4090.0,4219.0,1618979,1205135,4164.0,豆粕,农产品,DCE,M0
2022-03-15,4190.0,4236.0,4117.0,4121.0,1488312,1200347,4176.0,豆粕,农产品,DCE,M0
2022-03-16,4110.0,4214.0,4045.0,4194.0,1506281,1200367,4127.0,豆粕,农产品,DCE,M0
2022-03-17,4201.0,4250.0,4137.0,4176.0,1364040,1206317,4189.0,豆粕,农产品,DCE,M0
2022-03-18,4205.0,4272.0,4180.0,4269.0,1337392,1281278,4224.0,豆粕,农产品,DCE,M0
2022-03-21,4243.0,4304.0,4215.0,4277.0,1306115,1303842,4264.0,豆粕,农产品,DCE,M0
2022-03-22,4277.0,4412.0,4253.0,4395.0,1616315,1339730,4356.0,豆粕,农产品,DCE,M0
2022-03-23,4361.0,4421.0,4348.0,4407.0,1331296,1262590,4380.0,豆粕,农产品,DCE,M0
2022-03-24,4428.0,4495.0,4365.0,4388.0,1699033,1182259,4428.0,豆粕,农产品,DCE,M0
2022-03-25,4398.0,4458.0,4306.0,4347.0,1542709,1111064,4388.0,豆粕,农产品,DCE,M0
2022-03-28,4351.0,4371.0,4254.0,4260.0,1292156,967844,4313.0,豆粕,农产品,DCE,M0
2022-03-29,4240.0,4256.0,4182.0,4187.0,1022058,876420,4220.0,豆粕,农产品,DCE,M0
2022-03-30,4122.0,4148.0,4052.0,4105.0,1014470,804180,4096.0,豆粕,农产品,DCE,M0
2022-03-31,4044.0,4085.0,4002.0,4038.0,1124222,1230089,4040.0,豆粕,农产品,DCE,M0
2022-04-01,4029.0,4049.0,3807.0,3808.0,1388247,1175872,3909.0,豆粕,农产品,DCE,M0
2022-04-06,3885.0,3891.0,3831.0,3856.0,626319,1211184,3864.0,豆粕,农产品,DCE,M0
2022-04-07,3856.0,3856.0,3804.0,3829.0,858859,1211317,3834.0,豆粕,农产品,DCE,M0
2022-04-08,3829.0,3895.0,3812.0,3880.0,889716,1183647,3864.0,豆粕,农产品,DCE,M0
2022-04-11,3885.0,3970.0,3885.0,3939.0,952809,1217464,3929.0,豆粕,农产品,DCE,M0
2022-04-12,3947.0,3948.0,3882.0,3923.0,832519,1199134,3906.0,豆粕,农产品,DCE,M0
2022-04-13,3940.0,3952.0,3882.0,3905.0,837541,1218827,3915.0,豆粕,农产品,DCE,M0
2022-04-14,3923.0,3938.0,3875.0,3928.0,831230,1251607,3914.0,豆粕,农产品,DCE,M0
2022-04-15,3928.0,3961.0,3885.0,3923.0,811646,1250318,3916.0,豆粕,农产品,DCE,M0
2022-04-18,3923.0,3980.0,3892.0,3934.0,939819,1248076,3931.0,豆粕,农产品,DCE,M0
2022-04-19,3934.0,4033.0,3913.0,4029.0,1002291,1288043,3978.0,豆粕,农产品,DCE,M0
2022-04-20,4029.0,4098.0,3996.0,4064.0,1167511,1338881,4048.0,豆粕,农产品,DCE,M0
2022-04-21,4075.0,4128.0,4046.0,4118.0,920686,1404653,4091.0,豆粕,农产品,DCE,M0
2022-04-22,4102.0,4139.0,4069.0,4075.0,1019950,1386512,4097.0,豆粕,农产品,DCE,M0
2022-04-25,4100.0,4118.0,3947.0,3956.0,1301465,1315849,4020.0,豆粕,农产品,DCE,M0
2022-04-26,3950.0,4019.0,3945.0,3983.0,921077,1312029,3982.0,豆粕,农产品,DCE,M0
2022-04-27,4300.0,4300.0,3911.0,4001.0,1048940,1272640,4005.0,豆粕,农产品,DCE,M0
2022-04-28,4010.0,4076.0,3975.0,4063.0,1031240,1302476,4030.0,豆粕,农产品,DCE,M0
2022-04-29,4065.0,4078.0,4025.0,4073.0,713024,1264680,4049.0,豆粕,农产品,DCE,M0
2022-05-05,4000.0,4055.0,3990.0,4050.0,498684,1293693,4025.0,豆粕,农产品,DCE,M0
2022-05-06,4048.0,4090.0,3974.0,3979.0,920243,1241382,4028.0,豆粕,农产品,DCE,M0
2022-05-09,3999.0,3999.0,3887.0,3900.0,869133,1209693,3928.0,豆粕,农产品,DCE,M0
2022-05-10,3890.0,3939.0,3854.0,3927.0,863213,1202134,3901.0,豆粕,农产品,DCE,M0
2022-05-11,3930.0,3945.0,3911.0,3931.0,576699,1223243,3927.0,豆粕,农产品,DCE,M0
2022-05-12,3933.0,3966.0,3921.0,3933.0,637250,1236824,3942.0,豆粕,农产品,DCE,M0
2022-05-13,3933.0,4077.0,3925.0,4054.0,1142813,1295288,4017.0,豆粕,农产品,DCE,M0
2022-05-16,4040.0,4146.0,4040.0,4141.0,804323,1326221,4106.0,豆粕,农产品,DCE,M0
2022-05-17,4141.0,4143.0,4110.0,4129.0,550046,1338930,4128.0,豆粕,农产品,DCE,M0
2022-05-18,4142.0,4160.0,4127.0,4133.0,612240,1370126,4143.0,豆粕,农产品,DCE,M0
2022-05-19,4141.0,4162.0,4102.0,4114.0,751390,1356041,4129.0,豆粕,农产品,DCE,M0
2022-05-20,4117.0,4176.0,4110.0,4174.0,724993,1397725,4155.0,豆粕,农产品,DCE,M0
2022-05-23,4155.0,4245.0,4154.0,4188.0,703374,1399257,4195.0,豆粕,农产品,DCE,M0
2022-05-24,4175.0,4176.0,4071.0,4098.0,857255,1335139,4113.0,豆粕,农产品,DCE,M0
2022-05-25,4125.0,4126.0,4069.0,4106.0,543951,1301862,4097.0,豆粕,农产品,DCE,M0
2022-05-26,4063.0,4124.0,4043.0,4117.0,649868,1296610,4080.0,豆粕,农产品,DCE,M0
2022-05-27,4114.0,4216.0,4106.0,4200.0,811872,1309855,4172.0,豆粕,农产品,DCE,M0
2022-05-30,4210.0,4210.0,4168.0,4193.0,544700,1328166,4188.0,豆粕,农产品,DCE,M0
2022-05-31,4190.0,4221.0,4186.0,4212.0,457282,1334477,4205.0,豆粕,农产品,DCE,M0
2022-06-01,4195.0,4210.0,4089.0,4132.0,874811,1291069,4144.0,豆粕,农产品,DCE,M0
2022-06-02,4132.0,4155.0,4100.0,4145.0,562013,1247264,4134.0,豆粕,农产品,DCE,M0
2022-06-06,4188.0,4196.0,4141.0,4146.0,356132,1232665,4166.0,豆粕,农产品,DCE,M0
2022-06-07,4129.0,4154.0,4106.0,4123.0,574740,1222813,4129.0,豆粕,农产品,DCE,M0
2022-06-08,4127.0,4209.0,4084.0,4193.0,890945,1267591,4154.0,豆粕,农产品,DCE,M0
2022-06-09,4210.0,4253.0,4166.0,4186.0,629700,1288541,4209.0,豆粕,农产品,DCE,M0
2022-06-10,4195.0,4286.0,4186.0,4264.0,750128,1360227,4239.0,豆粕,农产品,DCE,M0
2022-06-13,4272.0,4285.0,4142.0,4165.0,900244,1275719,4210.0,豆粕,农产品,DCE,M0
2022-06-14,4161.0,4166.0,4100.0,4138.0,691619,1237381,4131.0,豆粕,农产品,DCE,M0
2022-06-15,4138.0,4158.0,4089.0,4104.0,628058,1229741,4118.0,豆粕,农产品,DCE,M0
2022-06-16,4100.0,4144.0,4089.0,4118.0,638786,1220929,4115.0,豆粕,农产品,DCE,M0
2022-06-17,4125.0,4191.0,4104.0,4188.0,800276,1273222,4151.0,豆粕,农产品,DCE,M0
2022-06-20,4188.0,4207.0,4112.0,4129.0,814791,1265502,4157.0,豆粕,农产品,DCE,M0
2022-06-21,4127.0,4141.0,4080.0,4094.0,896923,1244702,4105.0,豆粕,农产品,DCE,M0
2022-06-22,4090.0,4146.0,4022.0,4025.0,1103396,1221864,4076.0,豆粕,农产品,DCE,M0
2022-06-23,4025.0,4050.0,3770.0,3850.0,1998717,1151757,3891.0,豆粕,农产品,DCE,M0
2022-06-24,3850.0,3853.0,3722.0,3783.0,1368947,1105384,3787.0,豆粕,农产品,DCE,M0
2022-06-27,3820.0,3857.0,3746.0,3825.0,1072337,1056590,3805.0,豆粕,农产品,DCE,M0
2022-06-28,3844.0,3905.0,3819.0,3897.0,740942,1035134,3866.0,豆粕,农产品,DCE,M0
2022-06-29,3894.0,3920.0,3862.0,3881.0,682095,1015563,3887.0,豆粕,农产品,DCE,M0
2022-06-30,3905.0,3924.0,3876.0,3909.0,669970,982401,3901.0,豆粕,农产品,DCE,M0
2022-07-01,3881.0,3950.0,3827.0,3874.0,1208676,977356,3886.0,豆粕,农产品,DCE,M0
2022-07-04,3874.0,3878.0,3746.0,3837.0,1140409,971323,3816.0,豆粕,农产品,DCE,M0
2022-07-05,3837.0,3875.0,3781.0,3835.0,855391,985406,3833.0,豆粕,农产品,DCE,M0
2022-07-06,3822.0,3839.0,3674.0,3800.0,1655942,1018506,3762.0,豆粕,农产品,DCE,M0
2022-07-07,3810.0,3939.0,3785.0,3878.0,1295441,1005001,3855.0,豆粕,农产品,DCE,M0
2022-07-08,3925.0,3959.0,3890.0,3904.0,866055,1025075,3919.0,豆粕,农产品,DCE,M0
2022-07-11,3903.0,4020.0,3870.0,3986.0,862302,1051316,3957.0,豆粕,农产品,DCE,M0
2022-07-12,3978.0,4001.0,3946.0,3957.0,719970,1038679,3971.0,豆粕,农产品,DCE,M0
2022-07-13,3926.0,3962.0,3828.0,3910.0,1164745,1041688,3891.0,豆粕,农产品,DCE,M0
2022-07-14,3881.0,3977.0,3868.0,3963.0,932025,1061478,3926.0,豆粕,农产品,DCE,M0
2022-07-15,3942.0,3969.0,3884.0,3906.0,1042197,1042968,3927.0,豆粕,农产品,DCE,M0
2022-07-18,3920.0,3985.0,3871.0,3965.0,947577,1048324,3930.0,豆粕,农产品,DCE,M0
2022-07-19,3973.0,3995.0,3897.0,3898.0,785605,1021102,3951.0,豆粕,农产品,DCE,M0
2022-07-20,3870.0,3879.0,3769.0,3809.0,1246495,922566,3819.0,豆粕,农产品,DCE,M0
2022-07-21,3805.0,3833.0,3801.0,3820.0,691810,912435,3818.0,豆粕,农产品,DCE,M0
2022-07-22,3798.0,3821.0,3733.0,3759.0,861984,903583,3775.0,豆粕,农产品,DCE,M0
2022-07-25,3761.0,3863.0,3755.0,3791.0,707381,871029,3806.0,豆粕,农产品,DCE,M0
2022-07-26,3825.0,3904.0,3802.0,3898.0,638790,862054,3862.0,豆粕,农产品,DCE,M0
2022-07-27,3910.0,3945.0,3885.0,3920.0,584243,882351,3913.0,豆粕,农产品,DCE,M0
2022-07-28,3945.0,4006.0,3931.0,3962.0,597101,896784,3970.0,豆粕,农产品,DCE,M0
2022-07-29,3941.0,3996.0,3928.0,3988.0,545306,879464,3963.0,豆粕,农产品,DCE,M0
2022-08-01,4013.0,4073.0,3981.0,4008.0,684444,870850,4027.0,豆粕,农产品,DCE,M0
2022-08-02,3983.0,4008.0,3905.0,3956.0,618460,814025,3957.0,豆粕,农产品,DCE,M0
2022-08-03,3942.0,3992.0,3928.0,3970.0,510277,783524,3955.0,豆粕,农产品,DCE,M0
2022-08-04,4000.0,4000.0,3920.0,3946.0,472920,783471,3946.0,豆粕,农产品,DCE,M0
2022-08-05,3987.0,4079.0,3975.0,4079.0,538260,811993,4027.0,豆粕,农产品,DCE,M0
2022-08-08,4049.0,4050.0,4001.0,4033.0,411779,767935,4024.0,豆粕,农产品,DCE,M0
2022-08-09,4015.0,4043.0,4004.0,4009.0,346572,710882,4019.0,豆粕,农产品,DCE,M0
2022-08-10,4030.0,4076.0,4026.0,4063.0,334233,669533,4049.0,豆粕,农产品,DCE,M0
2022-08-11,3746.0,3776.0,3685.0,3721.0,663284,997862,3733.0,豆粕,农产品,DCE,M0
2022-08-12,3739.0,3772.0,3705.0,3761.0,488881,1046981,3749.0,豆粕,农产品,DCE,M0
2022-08-15,3745.0,3795.0,3674.0,3686.0,744220,1035497,3716.0,豆粕,农产品,DCE,M0
2022-08-16,3660.0,3687.0,3636.0,3675.0,618009,1016934,3664.0,豆粕,农产品,DCE,M0
2022-08-17,3660.0,3674.0,3640.0,3655.0,490495,1026778,3658.0,豆粕,农产品,DCE,M0
2022-08-18,3662.0,3672.0,3635.0,3639.0,492540,1024112,3655.0,豆粕,农产品,DCE,M0
2022-08-19,3652.0,3701.0,3615.0,3687.0,814048,1061727,3662.0,豆粕,农产品,DCE,M0
2022-08-22,3680.0,3706.0,3651.0,3698.0,511938,1066157,3681.0,豆粕,农产品,DCE,M0
2022-08-23,3717.0,3872.0,3715.0,3853.0,1069335,1207918,3806.0,豆粕,农产品,DCE,M0
2022-08-24,3839.0,3895.0,3836.0,3882.0,696780,1253499,3864.0,豆粕,农产品,DCE,M0
2022-08-25,3890.0,3898.0,3809.0,3832.0,771592,1244480,3846.0,豆粕,农产品,DCE,M0
2022-08-26,3808.0,3814.0,3756.0,3773.0,761101,1246412,3784.0,豆粕,农产品,DCE,M0
2022-08-29,3777.0,3809.0,3763.0,3789.0,687400,1233359,3789.0,豆粕,农产品,DCE,M0
2022-08-30,3800.0,3807.0,3733.0,3762.0,550364,1215303,3767.0,豆粕,农产品,DCE,M0
2022-08-31,3741.0,3793.0,3732.0,3789.0,486270,1241723,3763.0,豆粕,农产品,DCE,M0
2022-09-01,3759.0,3787.0,3751.0,3773.0,600741,1285898,3767.0,豆粕,农产品,DCE,M0
2022-09-02,3769.0,3823.0,3742.0,3820.0,800769,1352288,3781.0,豆粕,农产品,DCE,M0
2022-09-05,3825.0,3879.0,3817.0,3864.0,696238,1382153,3844.0,豆粕,农产品,DCE,M0
2022-09-06,3870.0,3886.0,3801.0,3811.0,644897,1353652,3833.0,豆粕,农产品,DCE,M0
2022-09-07,3800.0,3858.0,3783.0,3840.0,773136,1408322,3815.0,豆粕,农产品,DCE,M0
2022-09-08,3860.0,3923.0,3835.0,3838.0,825923,1397783,3869.0,豆粕,农产品,DCE,M0
2022-09-09,3838.0,3871.0,3800.0,3852.0,698996,1389185,3839.0,豆粕,农产品,DCE,M0
2022-09-13,4060.0,4079.0,4024.0,4060.0,763947,1469391,4048.0,豆粕,农产品,DCE,M0
2022-09-14,4043.0,4070.0,4027.0,4042.0,702601,1483377,4049.0,豆粕,农产品,DCE,M0
2022-09-15,4042.0,4042.0,3968.0,3985.0,861169,1445744,3997.0,豆粕,农产品,DCE,M0
2022-09-16,3981.0,4012.0,3969.0,3999.0,603105,1446981,3992.0,豆粕,农产品,DCE,M0
2022-09-19,3983.0,4030.0,3960.0,4000.0,661359,1443673,3996.0,豆粕,农产品,DCE,M0
2022-09-20,3993.0,4033.0,3979.0,4011.0,722706,1463146,4008.0,豆粕,农产品,DCE,M0
2022-09-21,3999.0,4068.0,3986.0,4058.0,778720,1506489,4028.0,豆粕,农产品,DCE,M0
2022-09-22,4051.0,4103.0,4035.0,4077.0,903478,1526244,4067.0,豆粕,农产品,DCE,M0
2022-09-23,4067.0,4082.0,4038.0,4047.0,716125,1506707,4058.0,豆粕,农产品,DCE,M0
2022-09-26,4031.0,4049.0,3990.0,4014.0,912646,1481722,4016.0,豆粕,农产品,DCE,M0
2022-09-27,4012.0,4048.0,4010.0,4036.0,613377,1478006,4030.0,豆粕,农产品,DCE,M0
2022-09-28,4051.0,4086.0,4018.0,4060.0,865922,1466602,4054.0,豆粕,农产品,DCE,M0
2022-09-29,4065.0,4153.0,4053.0,4141.0,973875,1532148,4102.0,豆粕,农产品,DCE,M0
2022-09-30,4142.0,4175.0,4053.0,4099.0,1141329,1444455,4104.0,豆粕,农产品,DCE,M0
2022-10-10,4196.0,4196.0,4084.0,4093.0,844508,1476909,4112.0,豆粕,农产品,DCE,M0
2022-10-11,4114.0,4116.0,4032.0,4045.0,832100,1494657,4066.0,豆粕,农产品,DCE,M0
2022-10-12,4034.0,4081.0,4025.0,4076.0,762599,1521022,4048.0,豆粕,农产品,DCE,M0
2022-10-13,4068.0,4121.0,4059.0,4078.0,896242,1603204,4088.0,豆粕,农产品,DCE,M0
2022-10-14,4073.0,4172.0,4063.0,4163.0,1101374,1771110,4123.0,豆粕,农产品,DCE,M0
2022-10-17,4150.0,4182.0,4053.0,4054.0,1167499,1692996,4111.0,豆粕,农产品,DCE,M0
2022-10-18,4068.0,4074.0,3994.0,4003.0,1008008,1625716,4032.0,豆粕,农产品,DCE,M0
2022-10-19,4003.0,4018.0,3961.0,3988.0,1041935,1627529,3992.0,豆粕,农产品,DCE,M0
2022-10-20,3975.0,4042.0,3961.0,4014.0,1029073,1603996,4009.0,豆粕,农产品,DCE,M0
2022-10-21,4030.0,4091.0,4004.0,4008.0,1010021,1583904,4049.0,豆粕,农产品,DCE,M0
2022-10-24,3998.0,4065.0,3997.0,4052.0,1045872,1596328,4037.0,豆粕,农产品,DCE,M0
2022-10-25,4050.0,4066.0,4007.0,4036.0,1042509,1582712,4038.0,豆粕,农产品,DCE,M0
2022-10-26,4040.0,4107.0,4034.0,4102.0,897050,1646054,4078.0,豆粕,农产品,DCE,M0
2022-10-27,4105.0,4113.0,4051.0,4073.0,948723,1684044,4078.0,豆粕,农产品,DCE,M0
2022-10-28,4080.0,4104.0,4024.0,4042.0,1136261,1642217,4062.0,豆粕,农产品,DCE,M0
2022-10-31,4049.0,4120.0,4013.0,4111.0,1352574,1649514,4074.0,豆粕,农产品,DCE,M0
2022-11-01,4099.0,4255.0,4095.0,4234.0,1720223,1734127,4190.0,豆粕,农产品,DCE,M0
2022-11-02,4234.0,4291.0,4194.0,4201.0,1340448,1724217,4242.0,豆粕,农产品,DCE,M0
2022-11-03,4188.0,4234.0,4158.0,4210.0,1205535,1686084,4195.0,豆粕,农产品,DCE,M0
2022-11-04,4184.0,4217.0,4156.0,4188.0,1260284,1646675,4188.0,豆粕,农产品,DCE,M0
2022-11-07,4198.0,4226.0,4167.0,4218.0,1138884,1629247,4197.0,豆粕,农产品,DCE,M0
2022-11-08,4228.0,4283.0,4218.0,4251.0,1134213,1656829,4246.0,豆粕,农产品,DCE,M0
2022-11-09,4246.0,4265.0,4223.0,4260.0,927906,1645489,4245.0,豆粕,农产品,DCE,M0
2022-11-10,4253.0,4329.0,4234.0,4297.0,1142286,1671322,4284.0,豆粕,农产品,DCE,M0
2022-11-11,4278.0,4304.0,4210.0,4234.0,1257305,1622936,4249.0,豆粕,农产品,DCE,M0
2022-11-14,4226.0,4244.0,4136.0,4163.0,1156722,1517003,4191.0,豆粕,农产品,DCE,M0
2022-11-15,4169.0,4182.0,4131.0,4149.0,755314,1483165,4155.0,豆粕,农产品,DCE,M0
2022-11-16,4136.0,4187.0,4124.0,4169.0,809156,1451239,4154.0,豆粕,农产品,DCE,M0
2022-11-17,4168.0,4174.0,4133.0,4143.0,701667,1407329,4151.0,豆粕,农产品,DCE,M0
2022-11-18,4126.0,4151.0,4090.0,4109.0,1065840,1343688,4122.0,豆粕,农产品,DCE,M0
2022-11-21,4119.0,4157.0,4108.0,4139.0,748685,1329264,4132.0,豆粕,农产品,DCE,M0
2022-11-22,4140.0,4187.0,4139.0,4168.0,676971,1330936,4168.0,豆粕,农产品,DCE,M0
2022-11-23,4168.0,4225.0,4166.0,4212.0,831040,1317647,4197.0,豆粕,农产品,DCE,M0
2022-11-24,4202.0,4276.0,4199.0,4256.0,647970,1322386,4245.0,豆粕,农产品,DCE,M0
2022-11-25,4259.0,4306.0,4242.0,4303.0,682484,1338919,4277.0,豆粕,农产品,DCE,M0
2022-11-28,4310.0,4314.0,4220.0,4220.0,917405,1266370,4252.0,豆粕,农产品,DCE,M0
2022-11-29,4239.0,4270.0,4213.0,4261.0,564416,1233079,4248.0,豆粕,农产品,DCE,M0
2022-11-30,4260.0,4306.0,4249.0,4298.0,721357,1258236,4277.0,豆粕,农产品,DCE,M0
2022-12-01,4315.0,4324.0,4262.0,4276.0,696224,1221178,4286.0,豆粕,农产品,DCE,M0
2022-12-02,4265.0,4315.0,4255.0,4281.0,774240,1171198,4284.0,豆粕,农产品,DCE,M0
2022-12-05,4280.0,4301.0,4234.0,4249.0,891171,1105582,4261.0,豆粕,农产品,DCE,M0
2022-12-06,4270.0,4283.0,4232.0,4261.0,693776,1056725,4255.0,豆粕,农产品,DCE,M0
2022-12-07,4271.0,4295.0,4259.0,4285.0,611090,1030576,4280.0,豆粕,农产品,DCE,M0
2022-12-08,4295.0,4435.0,4293.0,4428.0,1270128,1087032,4375.0,豆粕,农产品,DCE,M0
2022-12-09,4420.0,4448.0,4407.0,4444.0,648425,1033620,4426.0,豆粕,农产品,DCE,M0
2022-12-12,4450.0,4450.0,4372.0,4377.0,864066,929760,4406.0,豆粕,农产品,DCE,M0
2022-12-13,4372.0,4385.0,4341.0,4369.0,480893,847837,4364.0,豆粕,农产品,DCE,M0
2022-12-14,4364.0,4382.0,4268.0,4289.0,828968,720656,4329.0,豆粕,农产品,DCE,M0
2022-12-15,4284.0,4300.0,4251.0,4289.0,554586,626686,4268.0,豆粕,农产品,DCE,M0
2022-12-16,4290.0,4345.0,4289.0,4292.0,437156,543976,4313.0,豆粕,农产品,DCE,M0
2022-12-19,3745.0,3782.0,3682.0,3704.0,906522,1057450,3724.0,豆粕,农产品,DCE,M0
2022-12-20,3715.0,3727.0,3681.0,3719.0,591419,1052064,3706.0,豆粕,农产品,DCE,M0
2022-12-21,3719.0,3778.0,3718.0,3758.0,693989,1098947,3755.0,豆粕,农产品,DCE,M0
2022-12-22,3767.0,3785.0,3757.0,3775.0,471822,1128290,3772.0,豆粕,农产品,DCE,M0
2022-12-23,3774.0,3798.0,3752.0,3788.0,516415,1143013,3775.0,豆粕,农产品,DCE,M0
2022-12-26,3798.0,3901.0,3789.0,3878.0,817355,1232250,3852.0,豆粕,农产品,DCE,M0
2022-12-27,3882.0,3908.0,3871.0,3893.0,561175,1251151,3890.0,豆粕,农产品,DCE,M0
2022-12-28,3887.0,3890.0,3811.0,3839.0,815288,1262550,3842.0,豆粕,农产品,DCE,M0
2022-12-29,3840.0,3894.0,3836.0,3882.0,622281,1303573,3867.0,豆粕,农产品,DCE,M0
2022-12-30,3870.0,3940.0,3851.0,3936.0,885334,1348032,3898.0,豆粕,农产品,DCE,M0
2023-01-03,3935.0,3976.0,3910.0,3943.0,504292,1381983,3942.0,豆粕,农产品,DCE,M0
2023-01-04,3943.0,3951.0,3856.0,3866.0,871802,1358840,3890.0,豆粕,农产品,DCE,M0
2023-01-05,3861.0,3874.0,3817.0,3831.0,621266,1325561,3843.0,豆粕,农产品,DCE,M0
2023-01-06,3830.0,3830.0,3780.0,3797.0,704879,1320358,3801.0,豆粕,农产品,DCE,M0
2023-01-09,3787.0,3839.0,3782.0,3819.0,672302,1289438,3811.0,豆粕,农产品,DCE,M0
2023-01-10,3813.0,3822.0,3764.0,3782.0,646419,1274696,3785.0,豆粕,农产品,DCE,M0
2023-01-11,3781.0,3822.0,3769.0,3820.0,528153,1267663,3796.0,豆粕,农产品,DCE,M0
2023-01-12,3822.0,3887.0,3821.0,3877.0,699276,1291762,3854.0,豆粕,农产品,DCE,M0
2023-01-13,3877.0,3921.0,3867.0,3916.0,621285,1299445,3896.0,豆粕,农产品,DCE,M0
2023-01-16,3901.0,3914.0,3869.0,3899.0,484030,1295248,3895.0,豆粕,农产品,DCE,M0
2023-01-17,3908.0,3910.0,3851.0,3884.0,549146,1279022,3879.0,豆粕,农产品,DCE,M0
2023-01-18,3892.0,3967.0,3867.0,3952.0,630173,1299236,3925.0,豆粕,农产品,DCE,M0
2023-01-19,3940.0,3940.0,3875.0,3886.0,620465,1291838,3897.0,豆粕,农产品,DCE,M0
2023-01-20,3889.0,3889.0,3838.0,3841.0,488082,1259265,3859.0,豆粕,农产品,DCE,M0
2023-01-30,3879.0,3908.0,3858.0,3899.0,459787,1291578,3884.0,豆粕,农产品,DCE,M0
2023-01-31,3922.0,3936.0,3893.0,3906.0,639536,1315410,3917.0,豆粕,农产品,DCE,M0
2023-02-01,3899.0,3899.0,3869.0,3890.0,585474,1288518,3884.0,豆粕,农产品,DCE,M0
2023-02-02,3898.0,3918.0,3850.0,3876.0,669229,1282770,3881.0,豆粕,农产品,DCE,M0
2023-02-03,3875.0,3899.0,3843.0,3891.0,760028,1275605,3870.0,豆粕,农产品,DCE,M0
2023-02-06,3892.0,3947.0,3886.0,3922.0,824570,1318439,3918.0,豆粕,农产品,DCE,M0
2023-02-07,3918.0,3918.0,3858.0,3867.0,723723,1303807,3880.0,豆粕,农产品,DCE,M0
2023-02-08,3871.0,3881.0,3852.0,3866.0,596518,1308800,3865.0,豆粕,农产品,DCE,M0
2023-02-09,3870.0,3892.0,3815.0,3819.0,841016,1329160,3852.0,豆粕,农产品,DCE,M0
2023-02-10,3840.0,3870.0,3810.0,3853.0,726217,1299842,3845.0,豆粕,农产品,DCE,M0
2023-02-13,3849.0,3921.0,3838.0,3882.0,720835,1307973,3885.0,豆粕,农产品,DCE,M0
2023-02-14,3880.0,3895.0,3861.0,3881.0,515010,1302942,3875.0,豆粕,农产品,DCE,M0
2023-02-15,3878.0,3892.0,3828.0,3838.0,811976,1309534,3855.0,豆粕,农产品,DCE,M0
2023-02-16,3828.0,3843.0,3803.0,3835.0,606019,1327550,3822.0,豆粕,农产品,DCE,M0
2023-02-17,3822.0,3838.0,3814.0,3828.0,484402,1342810,3826.0,豆粕,农产品,DCE,M0
2023-02-20,3835.0,3880.0,3791.0,3866.0,738973,1319533,3840.0,豆粕,农产品,DCE,M0
2023-02-21,3879.0,3884.0,3845.0,3857.0,444550,1327686,3861.0,豆粕,农产品,DCE,M0
2023-02-22,3858.0,3896.0,3848.0,3874.0,638860,1323720,3873.0,豆粕,农产品,DCE,M0
2023-02-23,3870.0,3875.0,3835.0,3840.0,502713,1303371,3851.0,豆粕,农产品,DCE,M0
2023-02-24,3836.0,3870.0,3823.0,3859.0,571552,1301166,3849.0,豆粕,农产品,DCE,M0
2023-02-27,3856.0,3858.0,3813.0,3825.0,679723,1301375,3830.0,豆粕,农产品,DCE,M0
2023-02-28,3830.0,3838.0,3770.0,3775.0,700394,1335660,3799.0,豆粕,农产品,DCE,M0
2023-03-01,3774.0,3776.0,3732.0,3745.0,648174,1334897,3752.0,豆粕,农产品,DCE,M0
2023-03-02,3745.0,3748.0,3722.0,3736.0,525209,1340415,3734.0,豆粕,农产品,DCE,M0
2023-03-03,3745.0,3776.0,3735.0,3763.0,589517,1291238,3756.0,豆粕,农产品,DCE,M0
2023-03-06,3770.0,3786.0,3765.0,3782.0,467280,1273538,3777.0,豆粕,农产品,DCE,M0
2023-03-07,3782.0,3831.0,3776.0,3806.0,622984,1215890,3807.0,豆粕,农产品,DCE,M0
2023-03-08,3800.0,3820.0,3781.0,3800.0,485804,1207616,3800.0,豆粕,农产品,DCE,M0
2023-03-09,3795.0,3828.0,3793.0,3820.0,527622,1197897,3812.0,豆粕,农产品,DCE,M0
2023-03-10,3828.0,3845.0,3795.0,3799.0,609399,1170702,3819.0,豆粕,农产品,DCE,M0
2023-03-13,3789.0,3817.0,3765.0,3809.0,600431,1156233,3792.0,豆粕,农产品,DCE,M0
2023-03-14,3792.0,3808.0,3755.0,3765.0,682775,1134522,3778.0,豆粕,农产品,DCE,M0
2023-03-15,3765.0,3784.0,3746.0,3768.0,515445,1116080,3763.0,豆粕,农产品,DCE,M0
2023-03-16,3755.0,3774.0,3735.0,3745.0,582603,1093716,3751.0,豆粕,农产品,DCE,M0
2023-03-17,3758.0,3762.0,3700.0,3701.0,784303,1099683,3730.0,豆粕,农产品,DCE,M0
2023-03-20,3700.0,3703.0,3598.0,3599.0,875282,1084040,3653.0,豆粕,农产品,DCE,M0
2023-03-21,3610.0,3651.0,3594.0,3640.0,674343,1003146,3626.0,豆粕,农产品,DCE,M0
2023-03-22,3663.0,3669.0,3570.0,3602.0,710231,998363,3610.0,豆粕,农产品,DCE,M0
2023-03-23,3594.0,3599.0,3525.0,3544.0,702611,983812,3559.0,豆粕,农产品,DCE,M0
2023-03-24,3554.0,3554.0,3448.0,3507.0,1092103,942664,3493.0,豆粕,农产品,DCE,M0
2023-03-27,3489.0,3539.0,3462.0,3486.0,798790,949391,3499.0,豆粕,农产品,DCE,M0
2023-03-28,3502.0,3526.0,3481.0,3523.0,618806,879362,3505.0,豆粕,农产品,DCE,M0
2023-03-29,3536.0,3571.0,3528.0,3535.0,621293,851626,3547.0,豆粕,农产品,DCE,M0
2023-03-30,3549.0,3555.0,3527.0,3532.0,433726,845982,3543.0,豆粕,农产品,DCE,M0
2023-03-31,3542.0,3553.0,3502.0,3511.0,507762,843355,3526.0,豆粕,农产品,DCE,M0
2023-04-03,3519.0,3656.0,3486.0,3638.0,953263,799852,3584.0,豆粕,农产品,DCE,M0
2023-04-04,3643.0,3676.0,3638.0,3668.0,597669,748309,3656.0,豆粕,农产品,DCE,M0
2023-04-06,3628.0,3641.0,3595.0,3598.0,414771,715444,3620.0,豆粕,农产品,DCE,M0
2023-04-07,3588.0,3589.0,3539.0,3562.0,591660,663688,3559.0,豆粕,农产品,DCE,M0
2023-04-10,3560.0,3565.0,3531.0,3551.0,389538,627034,3551.0,豆粕,农产品,DCE,M0
2023-04-11,3585.0,3611.0,3551.0,3598.0,637521,943050,3582.0,豆粕,农产品,DCE,M0
2023-04-12,3596.0,3606.0,3542.0,3556.0,695725,969923,3570.0,豆粕,农产品,DCE,M0
2023-04-13,3561.0,3612.0,3558.0,3607.0,778042,1008418,3585.0,豆粕,农产品,DCE,M0
2023-04-14,3613.0,3623.0,3551.0,3551.0,882344,1068416,3588.0,豆粕,农产品,DCE,M0
2023-04-17,3551.0,3563.0,3505.0,3563.0,973596,1103078,3535.0,豆粕,农产品,DCE,M0
2023-04-18,3567.0,3607.0,3565.0,3595.0,882989,1160324,3588.0,豆粕,农产品,DCE,M0
2023-04-19,3586.0,3586.0,3485.0,3490.0,1246184,1314408,3533.0,豆粕,农产品,DCE,M0
2023-04-20,3489.0,3494.0,3409.0,3445.0,1210061,1372077,3448.0,豆粕,农产品,DCE,M0
2023-04-21,3436.0,3460.0,3402.0,3405.0,942738,1380471,3434.0,豆粕,农产品,DCE,M0
2023-04-24,3403.0,3440.0,3362.0,3431.0,1098366,1348922,3403.0,豆粕,农产品,DCE,M0
2023-04-25,3431.0,3444.0,3380.0,3425.0,1014083,1384928,3413.0,豆粕,农产品,DCE,M0
2023-04-26,3418.0,3475.0,3396.0,3472.0,1256712,1399014,3439.0,豆粕,农产品,DCE,M0
2023-04-27,3464.0,3475.0,3440.0,3450.0,965090,1404180,3457.0,豆粕,农产品,DCE,M0
2023-04-28,3441.0,3515.0,3428.0,3497.0,1077250,1416693,3478.0,豆粕,农产品,DCE,M0
2023-05-04,3503.0,3510.0,3460.0,3469.0,766599,1410343,3479.0,豆粕,农产品,DCE,M0
2023-05-05,3462.0,3524.0,3447.0,3518.0,1154436,1455345,3487.0,豆粕,农产品,DCE,M0
2023-05-08,3517.0,3565.0,3512.0,3544.0,1159403,1491404,3540.0,豆粕,农产品,DCE,M0
2023-05-09,3550.0,3553.0,3511.0,3527.0,876473,1514982,3531.0,豆粕,农产品,DCE,M0
2023-05-10,3520.0,3520.0,3461.0,3481.0,1138298,1510039,3490.0,豆粕,农产品,DCE,M0
2023-05-11,3481.0,3499.0,3455.0,3484.0,874186,1503255,3477.0,豆粕,农产品,DCE,M0
2023-05-12,3469.0,3552.0,3450.0,3537.0,1185989,1518335,3509.0,豆粕,农产品,DCE,M0
2023-05-15,3532.0,3536.0,3479.0,3506.0,1075011,1483984,3502.0,豆粕,农产品,DCE,M0
2023-05-16,3521.0,3557.0,3512.0,3548.0,954852,1481745,3537.0,豆粕,农产品,DCE,M0
2023-05-17,3544.0,3544.0,3457.0,3475.0,1059883,1410598,3489.0,豆粕,农产品,DCE,M0
2023-05-18,3470.0,3503.0,3435.0,3489.0,1140164,1427664,3476.0,豆粕,农产品,DCE,M0
2023-05-19,3473.0,3515.0,3450.0,3453.0,1170725,1416910,3483.0,豆粕,农产品,DCE,M0
2023-05-22,3465.0,3477.0,3413.0,3440.0,1214167,1400847,3443.0,豆粕,农产品,DCE,M0
2023-05-23,3455.0,3515.0,3442.0,3488.0,1045732,1419076,3488.0,豆粕,农产品,DCE,M0
2023-05-24,3500.0,3509.0,3438.0,3446.0,879658,1421308,3469.0,豆粕,农产品,DCE,M0
2023-05-25,3446.0,3476.0,3423.0,3434.0,979460,1397386,3445.0,豆粕,农产品,DCE,M0
2023-05-26,3441.0,3454.0,3403.0,3451.0,1038700,1366302,3428.0,豆粕,农产品,DCE,M0
2023-05-29,3460.0,3491.0,3416.0,3424.0,1103377,1377622,3456.0,豆粕,农产品,DCE,M0
2023-05-30,3426.0,3436.0,3408.0,3416.0,825845,1393720,3420.0,豆粕,农产品,DCE,M0
2023-05-31,3415.0,3424.0,3358.0,3379.0,1158607,1354291,3387.0,豆粕,农产品,DCE,M0
2023-06-01,3360.0,3460.0,3339.0,3444.0,1204658,1333123,3409.0,豆粕,农产品,DCE,M0
2023-06-02,3455.0,3463.0,3364.0,3398.0,1239826,1286005,3408.0,豆粕,农产品,DCE,M0
2023-06-05,3401.0,3528.0,3389.0,3499.0,1427899,1323443,3470.0,豆粕,农产品,DCE,M0
2023-06-06,3497.0,3526.0,3490.0,3505.0,1033275,1301241,3509.0,豆粕,农产品,DCE,M0
2023-06-07,3502.0,3515.0,3468.0,3478.0,927710,1249164,3490.0,豆粕,农产品,DCE,M0
2023-06-08,3480.0,3489.0,3460.0,3481.0,815306,1200220,3476.0,豆粕,农产品,DCE,M0
2023-06-09,3492.0,3505.0,3475.0,3494.0,745548,1197527,3488.0,豆粕,农产品,DCE,M0
2023-06-12,3497.0,3538.0,3489.0,3507.0,940947,1214469,3512.0,豆粕,农产品,DCE,M0
2023-06-13,3515.0,3546.0,3490.0,3542.0,934312,1249734,3513.0,豆粕,农产品,DCE,M0
2023-06-14,3559.0,3570.0,3527.0,3538.0,763468,1277431,3546.0,豆粕,农产品,DCE,M0
2023-06-15,3529.0,3604.0,3516.0,3595.0,1044245,1310331,3559.0,豆粕,农产品,DCE,M0
2023-06-16,3609.0,3686.0,3602.0,3665.0,1289550,1343634,3649.0,豆粕,农产品,DCE,M0
2023-06-19,3720.0,3735.0,3675.0,3705.0,1342446,1329379,3700.0,豆粕,农产品,DCE,M0
2023-06-20,3710.0,3790.0,3706.0,3755.0,1237170,1345087,3757.0,豆粕,农产品,DCE,M0
2023-06-21,3745.0,3820.0,3735.0,3819.0,1226081,1375204,3783.0,豆粕,农产品,DCE,M0
2023-06-26,3725.0,3789.0,3723.0,3787.0,771150,1367264,3757.0,豆粕,农产品,DCE,M0
2023-06-27,3795.0,3815.0,3740.0,3751.0,1148115,1342037,3769.0,豆粕,农产品,DCE,M0
2023-06-28,3710.0,3757.0,3697.0,3740.0,1086620,1339549,3724.0,豆粕,农产品,DCE,M0
2023-06-29,3714.0,3740.0,3688.0,3736.0,1201314,1325917,3715.0,豆粕,农产品,DCE,M0
2023-06-30,3723.0,3778.0,3704.0,3756.0,1168990,1289040,3741.0,豆粕,农产品,DCE,M0
2023-07-03,3756.0,3965.0,3746.0,3965.0,1130889,1296165,3893.0,豆粕,农产品,DCE,M0
2023-07-04,4030.0,4030.0,3926.0,3977.0,1654175,1273358,3976.0,豆粕,农产品,DCE,M0
2023-07-05,3972.0,4018.0,3958.0,3991.0,1145804,1273284,3986.0,豆粕,农产品,DCE,M0
2023-07-06,3989.0,4005.0,3940.0,3985.0,1141839,1301047,3977.0,豆粕,农产品,DCE,M0
2023-07-07,3974.0,3987.0,3945.0,3967.0,1059982,1301697,3967.0,豆粕,农产品,DCE,M0
2023-07-10,3959.0,3977.0,3898.0,3975.0,1185659,1277716,3934.0,豆粕,农产品,DCE,M0
2023-07-11,3990.0,4045.0,3984.0,3994.0,1208258,1259271,4010.0,豆粕,农产品,DCE,M0
2023-07-12,4015.0,4071.0,3983.0,4051.0,948510,1282282,4033.0,豆粕,农产品,DCE,M0
2023-07-13,4060.0,4096.0,3972.0,4020.0,1226458,1271499,4025.0,豆粕,农产品,DCE,M0
2023-07-14,4035.0,4095.0,4022.0,4023.0,975633,1246438,4052.0,豆粕,农产品,DCE,M0
2023-07-17,4050.0,4089.0,4030.0,4064.0,1088375,1267936,4062.0,豆粕,农产品,DCE,M0
2023-07-18,4084.0,4111.0,4056.0,4068.0,1234397,1283031,4082.0,豆粕,农产品,DCE,M0
2023-07-19,4097.0,4158.0,4088.0,4155.0,1257550,1350835,4137.0,豆粕,农产品,DCE,M0
2023-07-20,4192.0,4230.0,4157.0,4188.0,1491514,1314737,4193.0,豆粕,农产品,DCE,M0
2023-07-21,4181.0,4185.0,4138.0,4156.0,1120053,1278911,4159.0,豆粕,农产品,DCE,M0
2023-07-24,4140.0,4208.0,4137.0,4164.0,1346118,1252832,4178.0,豆粕,农产品,DCE,M0
2023-07-25,4190.0,4258.0,4175.0,4236.0,1162213,1260853,4216.0,豆粕,农产品,DCE,M0
2023-07-26,4217.0,4273.0,4211.0,4270.0,1017495,1270521,4240.0,豆粕,农产品,DCE,M0
2023-07-27,4267.0,4374.0,4261.0,4311.0,1429696,1225691,4324.0,豆粕,农产品,DCE,M0
2023-07-28,4314.0,4346.0,4266.0,4274.0,1278669,1154936,4302.0,豆粕,农产品,DCE,M0
2023-07-31,4262.0,4277.0,4195.0,4253.0,1227735,1100388,4237.0,豆粕,农产品,DCE,M0
2023-08-01,4246.0,4314.0,4246.0,4311.0,1199660,1041141,4285.0,豆粕,农产品,DCE,M0
2023-08-02,4297.0,4353.0,4284.0,4339.0,1067587,996692,4322.0,豆粕,农产品,DCE,M0
2023-08-03,4308.0,4342.0,4279.0,4322.0,1116415,926748,4313.0,豆粕,农产品,DCE,M0
2023-08-04,4325.0,4358.0,4317.0,4349.0,963265,883053,4337.0,豆粕,农产品,DCE,M0
2023-08-07,4352.0,4387.0,4321.0,4372.0,1094492,854467,4360.0,豆粕,农产品,DCE,M0
2023-08-08,4363.0,4389.0,4332.0,4371.0,827115,838934,4362.0,豆粕,农产品,DCE,M0
2023-08-09,4358.0,4466.0,4345.0,4426.0,1015795,758522,4410.0,豆粕,农产品,DCE,M0
2023-08-10,4427.0,4491.0,4413.0,4488.0,698741,722275,4444.0,豆粕,农产品,DCE,M0
2023-08-11,4489.0,4514.0,4445.0,4487.0,799935,628233,4481.0,豆粕,农产品,DCE,M0
2023-08-14,3860.0,3884.0,3800.0,3883.0,1197091,1556003,3841.0,豆粕,农产品,DCE,M0
2023-08-15,3890.0,3929.0,3872.0,3914.0,1343261,1611722,3906.0,豆粕,农产品,DCE,M0
2023-08-16,3898.0,3910.0,3865.0,3900.0,1212313,1635027,3887.0,豆粕,农产品,DCE,M0
2023-08-17,3902.0,3977.0,3902.0,3962.0,1401852,1693166,3940.0,豆粕,农产品,DCE,M0
2023-08-18,3950.0,4022.0,3940.0,4010.0,1481616,1766131,3982.0,豆粕,农产品,DCE,M0
2023-08-21,3990.0,4125.0,3986.0,4088.0,1742911,1762033,4068.0,豆粕,农产品,DCE,M0
2023-08-22,4089.0,4097.0,3972.0,3974.0,1736491,1741968,4037.0,豆粕,农产品,DCE,M0
2023-08-23,3990.0,4024.0,3964.0,3979.0,1434258,1780520,3994.0,豆粕,农产品,DCE,M0
2023-08-24,3980.0,4034.0,3977.0,3997.0,1300444,1824166,4002.0,豆粕,农产品,DCE,M0
2023-08-25,3998.0,4092.0,3984.0,4075.0,1407032,1835330,4045.0,豆粕,农产品,DCE,M0
2023-08-28,4086.0,4193.0,4064.0,4120.0,1993719,1860535,4133.0,豆粕,农产品,DCE,M0
2023-08-29,4120.0,4176.0,4115.0,4144.0,1476214,1850951,4148.0,豆粕,农产品,DCE,M0
2023-08-30,4140.0,4159.0,4111.0,4136.0,1149074,1824983,4134.0,豆粕,农产品,DCE,M0
2023-08-31,4155.0,4165.0,4123.0,4137.0,1025790,1811100,4144.0,豆粕,农产品,DCE,M0
2023-09-01,4137.0,4150.0,4075.0,4105.0,1775440,1856922,4109.0,豆粕,农产品,DCE,M0
2023-09-04,4105.0,4131.0,4019.0,4032.0,1749973,1823908,4076.0,豆粕,农产品,DCE,M0
2023-09-05,4036.0,4110.0,4033.0,4086.0,1189951,1854648,4076.0,豆粕,农产品,DCE,M0
2023-09-06,4086.0,4147.0,4075.0,4135.0,1149962,1863808,4118.0,豆粕,农产品,DCE,M0
2023-09-07,4150.0,4173.0,4113.0,4137.0,1217989,1840232,4144.0,豆粕,农产品,DCE,M0
2023-09-08,4140.0,4140.0,4053.0,4062.0,1520533,1773316,4090.0,豆粕,农产品,DCE,M0
2023-09-11,4080.0,4132.0,4065.0,4103.0,1104627,1770711,4098.0,豆粕,农产品,DCE,M0
2023-09-12,4111.0,4120.0,4044.0,4057.0,1169856,1775221,4084.0,豆粕,农产品,DCE,M0
2023-09-13,4059.0,4062.0,3973.0,3995.0,1749566,1755348,4004.0,豆粕,农产品,DCE,M0
2023-09-14,3996.0,4014.0,3948.0,3979.0,1263498,1736765,3982.0,豆粕,农产品,DCE,M0
2023-09-15,3985.0,4069.0,3980.0,4062.0,1221411,1726942,4026.0,豆粕,农产品,DCE,M0
2023-09-18,4040.0,4066.0,4008.0,4029.0,1063260,1730240,4036.0,豆粕,农产品,DCE,M0
2023-09-19,4027.0,4031.0,3925.0,3941.0,1486460,1717711,3972.0,豆粕,农产品,DCE,M0
2023-09-20,3952.0,3995.0,3936.0,3988.0,1044402,1713809,3969.0,豆粕,农产品,DCE,M0
2023-09-21,3994.0,3994.0,3930.0,3949.0,1081888,1699290,3960.0,豆粕,农产品,DCE,M0
2023-09-22,3941.0,3971.0,3917.0,3962.0,1029599,1687627,3941.0,豆粕,农产品,DCE,M0
2023-09-25,3961.0,3974.0,3915.0,3941.0,1081256,1656190,3944.0,豆粕,农产品,DCE,M0
2023-09-26,3950.0,4011.0,3922.0,3974.0,1190521,1668092,3975.0,豆粕,农产品,DCE,M0
2023-09-27,3975.0,4021.0,3939.0,4006.0,1128103,1635977,3979.0,豆粕,农产品,DCE,M0
2023-09-28,4006.0,4026.0,3974.0,3996.0,884561,1566592,4000.0,豆粕,农产品,DCE,M0
2023-10-09,3930.0,3930.0,3861.0,3867.0,952062,1514491,3890.0,豆粕,农产品,DCE,M0
2023-10-10,3869.0,3870.0,3792.0,3795.0,1120934,1545890,3831.0,豆粕,农产品,DCE,M0
2023-10-11,3805.0,3838.0,3762.0,3787.0,1188644,1534768,3800.0,豆粕,农产品,DCE,M0
2023-10-12,3776.0,3819.0,3773.0,3815.0,1039472,1479479,3802.0,豆粕,农产品,DCE,M0
2023-10-13,3818.0,3892.0,3803.0,3873.0,1134346,1440339,3856.0,豆粕,农产品,DCE,M0
2023-10-16,3895.0,3901.0,3842.0,3885.0,954355,1438355,3871.0,豆粕,农产品,DCE,M0
2023-10-17,3875.0,3908.0,3870.0,3884.0,799150,1438008,3888.0,豆粕,农产品,DCE,M0
2023-10-18,3900.0,3956.0,3892.0,3893.0,1149446,1438186,3918.0,豆粕,农产品,DCE,M0
2023-10-19,3900.0,3925.0,3863.0,3911.0,974389,1435067,3896.0,豆粕,农产品,DCE,M0
2023-10-20,3915.0,3946.0,3891.0,3913.0,1045966,1425655,3919.0,豆粕,农产品,DCE,M0
2023-10-23,3909.0,3952.0,3874.0,3886.0,1225522,1381725,3903.0,豆粕,农产品,DCE,M0
2023-10-24,3875.0,3883.0,3834.0,3859.0,1204862,1355426,3855.0,豆粕,农产品,DCE,M0
2023-10-25,3860.0,3943.0,3849.0,3895.0,1214490,1357121,3898.0,豆粕,农产品,DCE,M0
2023-10-26,3888.0,3916.0,3863.0,3908.0,974957,1361174,3890.0,豆粕,农产品,DCE,M0
2023-10-27,3910.0,3938.0,3905.0,3929.0,995740,1396980,3923.0,豆粕,农产品,DCE,M0
2023-10-30,3940.0,4016.0,3940.0,3992.0,1306823,1432155,3980.0,豆粕,农产品,DCE,M0
2023-10-31,3977.0,3977.0,3912.0,3916.0,1146756,1355984,3940.0,豆粕,农产品,DCE,M0
2023-11-01,3935.0,3963.0,3922.0,3957.0,1025930,1373404,3941.0,豆粕,农产品,DCE,M0
2023-11-02,3965.0,4002.0,3956.0,3997.0,971156,1409979,3983.0,豆粕,农产品,DCE,M0
2023-11-03,3998.0,4050.0,3986.0,4039.0,980092,1416407,4016.0,豆粕,农产品,DCE,M0
2023-11-06,4051.0,4124.0,4035.0,4118.0,1193756,1470005,4082.0,豆粕,农产品,DCE,M0
2023-11-07,4120.0,4142.0,4100.0,4100.0,1089983,1453476,4120.0,豆粕,农产品,DCE,M0
2023-11-08,4106.0,4159.0,4104.0,4129.0,1128557,1458938,4132.0,豆粕,农产品,DCE,M0
2023-11-09,4149.0,4162.0,4101.0,4119.0,1031330,1436279,4130.0,豆粕,农产品,DCE,M0
2023-11-10,4115.0,4126.0,4027.0,4028.0,1355205,1340955,4070.0,豆粕,农产品,DCE,M0
2023-11-13,4028.0,4072.0,4024.0,4058.0,856246,1312622,4049.0,豆粕,农产品,DCE,M0
2023-11-14,4054.0,4145.0,4045.0,4094.0,1016708,1288877,4097.0,豆粕,农产品,DCE,M0
2023-11-15,4094.0,4145.0,4086.0,4138.0,894691,1302100,4118.0,豆粕,农产品,DCE,M0
2023-11-16,4146.0,4149.0,4095.0,4126.0,808972,1288557,4118.0,豆粕,农产品,DCE,M0
2023-11-17,4097.0,4105.0,4028.0,4036.0,1075939,1245175,4058.0,豆粕,农产品,DCE,M0
2023-11-20,4036.0,4036.0,3952.0,3987.0,1388508,1170488,3987.0,豆粕,农产品,DCE,M0
2023-11-21,3987.0,4034.0,3981.0,4029.0,981579,1142896,4009.0,豆粕,农产品,DCE,M0
2023-11-22,4030.0,4066.0,3986.0,3997.0,829012,1118274,4026.0,豆粕,农产品,DCE,M0
2023-11-23,3993.0,4003.0,3945.0,3956.0,858594,1103807,3970.0,豆粕,农产品,DCE,M0
2023-11-24,3951.0,3984.0,3948.0,3969.0,513331,1103505,3966.0,豆粕,农产品,DCE,M0
2023-11-27,3978.0,3991.0,3886.0,3902.0,885472,1080697,3928.0,豆粕,农产品,DCE,M0
2023-11-28,3913.0,3920.0,3865.0,3899.0,765252,1067063,3886.0,豆粕,农产品,DCE,M0
2023-11-29,3907.0,3923.0,3871.0,3884.0,647318,1046833,3897.0,豆粕,农产品,DCE,M0
2023-11-30,3897.0,3910.0,3860.0,3885.0,821478,1018331,3884.0,豆粕,农产品,DCE,M0
2023-12-01,3878.0,3894.0,3821.0,3860.0,898692,988141,3862.0,豆粕,农产品,DCE,M0
2023-12-04,3856.0,3905.0,3854.0,3886.0,849549,948002,3881.0,豆粕,农产品,DCE,M0
2023-12-05,3886.0,3939.0,3872.0,3905.0,1024713,823748,3905.0,豆粕,农产品,DCE,M0
2023-12-06,3900.0,3935.0,3874.0,3927.0,735132,818991,3901.0,豆粕,农产品,DCE,M0
2023-12-07,3927.0,3953.0,3878.0,3943.0,704151,733164,3922.0,豆粕,农产品,DCE,M0
2023-12-08,3961.0,3981.0,3940.0,3978.0,527124,653374,3961.0,豆粕,农产品,DCE,M0
2023-12-11,3428.0,3470.0,3413.0,3418.0,813706,1232643,3432.0,豆粕,农产品,DCE,M0
2023-12-12,3423.0,3483.0,3410.0,3479.0,884968,1297412,3454.0,豆粕,农产品,DCE,M0
2023-12-13,3472.0,3480.0,3439.0,3463.0,766283,1323291,3458.0,豆粕,农产品,DCE,M0
2023-12-14,3455.0,3459.0,3404.0,3409.0,876100,1333459,3430.0,豆粕,农产品,DCE,M0
2023-12-15,3410.0,3446.0,3401.0,3404.0,742331,1322146,3424.0,豆粕,农产品,DCE,M0
2023-12-18,3414.0,3418.0,3361.0,3376.0,795667,1325088,3386.0,豆粕,农产品,DCE,M0
2023-12-19,3379.0,3417.0,3372.0,3380.0,725813,1330169,3393.0,豆粕,农产品,DCE,M0
2023-12-20,3370.0,3382.0,3343.0,3355.0,851729,1371101,3362.0,豆粕,农产品,DCE,M0
2023-12-21,3355.0,3365.0,3328.0,3355.0,1024227,1381303,3345.0,豆粕,农产品,DCE,M0
2023-12-22,3357.0,3367.0,3311.0,3322.0,980929,1395943,3332.0,豆粕,农产品,DCE,M0
2023-12-25,3328.0,3358.0,3314.0,3344.0,871637,1401118,3336.0,豆粕,农产品,DCE,M0
2023-12-26,3342.0,3370.0,3334.0,3338.0,699543,1398431,3351.0,豆粕,农产品,DCE,M0
2023-12-27,3330.0,3367.0,3326.0,3364.0,996284,1396052,3350.0,豆粕,农产品,DCE,M0
2023-12-28,3357.0,3384.0,3342.0,3360.0,822623,1382965,3361.0,豆粕,农产品,DCE,M0
2023-12-29,3361.0,3378.0,3313.0,3313.0,1026696,1383978,3343.0,豆粕,农产品,DCE,M0
2024-01-02,3290.0,3294.0,3234.0,3248.0,884958,1429605,3258.0,豆粕,农产品,DCE,M0
2024-01-03,3255.0,3255.0,3224.0,3245.0,696827,1403900,3239.0,豆粕,农产品,DCE,M0
2024-01-04,3248.0,3272.0,3240.0,3259.0,656713,1395513,3254.0,豆粕,农产品,DCE,M0
2024-01-05,3254.0,3259.0,3198.0,3205.0,831901,1441603,3226.0,豆粕,农产品,DCE,M0
2024-01-08,3200.0,3202.0,3151.0,3157.0,845592,1434756,3174.0,豆粕,农产品,DCE,M0
2024-01-09,3150.0,3170.0,3133.0,3162.0,709018,1446051,3154.0,豆粕,农产品,DCE,M0
2024-01-10,3163.0,3173.0,3130.0,3144.0,844483,1455228,3152.0,豆粕,农产品,DCE,M0
2024-01-11,3140.0,3145.0,3108.0,3135.0,925690,1488605,3125.0,豆粕,农产品,DCE,M0
2024-01-12,3127.0,3131.0,3075.0,3078.0,1126347,1591570,3098.0,豆粕,农产品,DCE,M0
2024-01-15,3078.0,3092.0,3029.0,3072.0,1208481,1608058,3068.0,豆粕,农产品,DCE,M0
2024-01-16,3063.0,3084.0,3050.0,3083.0,934543,1622658,3064.0,豆粕,农产品,DCE,M0
2024-01-17,3084.0,3098.0,3050.0,3054.0,948347,1657901,3076.0,豆粕,农产品,DCE,M0
2024-01-18,3043.0,3045.0,2988.0,3028.0,1483316,1656470,3017.0,豆粕,农产品,DCE,M0
2024-01-19,3032.0,3056.0,3015.0,3037.0,900991,1646722,3035.0,豆粕,农产品,DCE,M0
2024-01-22,3041.0,3067.0,3027.0,3039.0,1027285,1599048,3048.0,豆粕,农产品,DCE,M0
2024-01-23,3030.0,3065.0,3021.0,3047.0,860859,1598327,3046.0,豆粕,农产品,DCE,M0
2024-01-24,3056.0,3080.0,3053.0,3072.0,966427,1562450,3066.0,豆粕,农产品,DCE,M0
2024-01-25,3070.0,3085.0,3031.0,3050.0,1152009,1624197,3060.0,豆粕,农产品,DCE,M0
2024-01-26,3050.0,3051.0,2996.0,3007.0,1398809,1708447,3018.0,豆粕,农产品,DCE,M0
2024-01-29,2985.0,2988.0,2931.0,2952.0,1423920,1717407,2955.0,豆粕,农产品,DCE,M0
2024-01-30,2948.0,2975.0,2928.0,2944.0,1103599,1713807,2948.0,豆粕,农产品,DCE,M0
2024-01-31,2955.0,3018.0,2953.0,2994.0,1298710,1625456,2986.0,豆粕,农产品,DCE,M0
2024-02-01,2998.0,3047.0,2991.0,3033.0,1255921,1568889,3020.0,豆粕,农产品,DCE,M0
2024-02-02,3023.0,3031.0,2991.0,2997.0,1234806,1547703,3009.0,豆粕,农产品,DCE,M0
2024-02-05,3008.0,3024.0,2971.0,2993.0,1068865,1522173,2999.0,豆粕,农产品,DCE,M0
2024-02-06,2978.0,3013.0,2973.0,3002.0,799624,1519264,2993.0,豆粕,农产品,DCE,M0
2024-02-07,3006.0,3021.0,2974.0,2982.0,787206,1496097,2999.0,豆粕,农产品,DCE,M0
2024-02-08,2970.0,3011.0,2958.0,3007.0,723675,1412964,2983.0,豆粕,农产品,DCE,M0
2024-02-19,2999.0,3044.0,2996.0,3042.0,654355,1446980,3025.0,豆粕,农产品,DCE,M0
2024-02-20,3050.0,3070.0,3022.0,3026.0,890889,1484741,3042.0,豆粕,农产品,DCE,M0
2024-02-21,3025.0,3042.0,2992.0,3001.0,1099279,1555702,3012.0,豆粕,农产品,DCE,M0
2024-02-22,2988.0,2997.0,2968.0,2989.0,914329,1640606,2983.0,豆粕,农产品,DCE,M0
2024-02-23,2990.0,2998.0,2965.0,2996.0,874395,1642896,2983.0,豆粕,农产品,DCE,M0
2024-02-26,2990.0,3005.0,2967.0,2989.0,1085177,1662867,2987.0,豆粕,农产品,DCE,M0
2024-02-27,2980.0,3032.0,2974.0,3031.0,1123454,1649488,3011.0,豆粕,农产品,DCE,M0
2024-02-28,3032.0,3047.0,3013.0,3020.0,924970,1675386,3028.0,豆粕,农产品,DCE,M0
2024-02-29,3020.0,3036.0,3005.0,3021.0,963079,1648154,3021.0,豆粕,农产品,DCE,M0
2024-03-01,3003.0,3089.0,3000.0,3086.0,1471222,1649188,3049.0,豆粕,农产品,DCE,M0
2024-03-04,3086.0,3142.0,3083.0,3141.0,1332673,1605127,3109.0,豆粕,农产品,DCE,M0
2024-03-05,3140.0,3150.0,3112.0,3135.0,1467176,1574940,3129.0,豆粕,农产品,DCE,M0
2024-03-06,3126.0,3153.0,3122.0,3127.0,1146506,1593254,3134.0,豆粕,农产品,DCE,M0
2024-03-07,3122.0,3153.0,3112.0,3145.0,1087177,1585129,3131.0,豆粕,农产品,DCE,M0
2024-03-08,3165.0,3236.0,3151.0,3234.0,1800346,1604731,3185.0,豆粕,农产品,DCE,M0
2024-03-11,3218.0,3263.0,3186.0,3214.0,1561018,1551957,3220.0,豆粕,农产品,DCE,M0
2024-03-12,3206.0,3257.0,3193.0,3224.0,1265045,1533302,3228.0,豆粕,农产品,DCE,M0
2024-03-13,3237.0,3257.0,3201.0,3218.0,1464278,1527550,3226.0,豆粕,农产品,DCE,M0
2024-03-14,3208.0,3281.0,3203.0,3266.0,1821233,1505165,3239.0,豆粕,农产品,DCE,M0
2024-03-15,3266.0,3312.0,3238.0,3292.0,1925437,1463153,3278.0,豆粕,农产品,DCE,M0
2024-03-18,3270.0,3337.0,3260.0,3266.0,1803985,1446671,3290.0,豆粕,农产品,DCE,M0
2024-03-19,3271.0,3301.0,3266.0,3287.0,1255258,1427221,3281.0,豆粕,农产品,DCE,M0
2024-03-20,3280.0,3330.0,3278.0,3324.0,1216055,1429322,3302.0,豆粕,农产品,DCE,M0
2024-03-21,3339.0,3415.0,3324.0,3385.0,1666433,1424130,3370.0,豆粕,农产品,DCE,M0
2024-03-22,3377.0,3386.0,3305.0,3316.0,1498443,1379158,3345.0,豆粕,农产品,DCE,M0
2024-03-25,3315.0,3320.0,3226.0,3249.0,1700586,1308137,3264.0,豆粕,农产品,DCE,M0
2024-03-26,3252.0,3278.0,3247.0,3258.0,1033402,1263478,3261.0,豆粕,农产品,DCE,M0
2024-03-27,3257.0,3276.0,3233.0,3261.0,1121250,1184432,3254.0,豆粕,农产品,DCE,M0
2024-03-28,3260.0,3269.0,3199.0,3224.0,1292454,1057619,3229.0,豆粕,农产品,DCE,M0
2024-03-29,3226.0,3267.0,3210.0,3257.0,922923,1004475,3239.0,豆粕,农产品,DCE,M0
2024-04-01,3255.0,3287.0,3228.0,3286.0,858876,949744,3260.0,豆粕,农产品,DCE,M0
2024-04-02,3345.0,3357.0,3306.0,3317.0,1111195,1612256,3331.0,豆粕,农产品,DCE,M0
2024-04-03,3322.0,3330.0,3257.0,3293.0,1461433,1648113,3291.0,豆粕,农产品,DCE,M0
2024-04-08,3315.0,3346.0,3306.0,3323.0,805533,1690520,3327.0,豆粕,农产品,DCE,M0
2024-04-09,3330.0,3347.0,3303.0,3335.0,1198160,1800955,3332.0,豆粕,农产品,DCE,M0
2024-04-10,3330.0,3344.0,3308.0,3321.0,1135254,1849556,3326.0,豆粕,农产品,DCE,M0
2024-04-11,3315.0,3317.0,3276.0,3287.0,1297854,1883982,3294.0,豆粕,农产品,DCE,M0
2024-04-12,3282.0,3326.0,3271.0,3325.0,1205052,1910356,3291.0,豆粕,农产品,DCE,M0
2024-04-15,3335.0,3370.0,3335.0,3357.0,1682370,1976988,3355.0,豆粕,农产品,DCE,M0
2024-04-16,3356.0,3419.0,3336.0,3385.0,1663515,2035388,3377.0,豆粕,农产品,DCE,M0
2024-04-17,3380.0,3395.0,3285.0,3287.0,2052314,1955812,3326.0,豆粕,农产品,DCE,M0
2024-04-18,3288.0,3329.0,3277.0,3322.0,1208084,1959652,3307.0,豆粕,农产品,DCE,M0
2024-04-19,3308.0,3364.0,3302.0,3353.0,1525308,1974110,3331.0,豆粕,农产品,DCE,M0
2024-04-22,3351.0,3367.0,3330.0,3338.0,1187054,1996313,3350.0,豆粕,农产品,DCE,M0
2024-04-23,3342.0,3401.0,3316.0,3363.0,1720116,2022310,3364.0,豆粕,农产品,DCE,M0
2024-04-24,3350.0,3400.0,3345.0,3397.0,1252611,2114938,3381.0,豆粕,农产品,DCE,M0
2024-04-25,3398.0,3409.0,3355.0,3377.0,1451753,2142090,3378.0,豆粕,农产品,DCE,M0
2024-04-26,3373.0,3396.0,3356.0,3386.0,1219622,2144031,3380.0,豆粕,农产品,DCE,M0
2024-04-29,3380.0,3404.0,3353.0,3375.0,1189748,2129087,3376.0,豆粕,农产品,DCE,M0
2024-04-30,3380.0,3399.0,3364.0,3399.0,1271767,2095592,3384.0,豆粕,农产品,DCE,M0
2024-05-06,3474.0,3494.0,3454.0,3475.0,1202584,2147464,3478.0,豆粕,农产品,DCE,M0
2024-05-07,3486.0,3595.0,3485.0,3591.0,2296508,2240282,3556.0,豆粕,农产品,DCE,M0
2024-05-08,3575.0,3612.0,3563.0,3594.0,2093968,2323885,3587.0,豆粕,农产品,DCE,M0
2024-05-09,3581.0,3618.0,3553.0,3571.0,2037850,2346994,3582.0,豆粕,农产品,DCE,M0
2024-05-10,3561.0,3573.0,3503.0,3523.0,2077547,2263120,3536.0,豆粕,农产品,DCE,M0
2024-05-13,3524.0,3564.0,3520.0,3559.0,1394072,2284946,3542.0,豆粕,农产品,DCE,M0
2024-05-14,3551.0,3582.0,3530.0,3536.0,1465774,2289142,3559.0,豆粕,农产品,DCE,M0
2024-05-15,3527.0,3571.0,3521.0,3565.0,1202660,2302477,3549.0,豆粕,农产品,DCE,M0
2024-05-16,3580.0,3583.0,3541.0,3550.0,1199995,2292083,3562.0,豆粕,农产品,DCE,M0
2024-05-17,3553.0,3600.0,3542.0,3592.0,1393390,2308938,3571.0,豆粕,农产品,DCE,M0
2024-05-20,3590.0,3601.0,3558.0,3583.0,1330361,2272486,3578.0,豆粕,农产品,DCE,M0
2024-05-21,3585.0,3636.0,3566.0,3580.0,2109697,2272234,3601.0,豆粕,农产品,DCE,M0
2024-05-22,3582.0,3624.0,3568.0,3622.0,1352672,2287063,3594.0,豆粕,农产品,DCE,M0
2024-05-23,3614.0,3633.0,3585.0,3622.0,1813993,2280409,3613.0,豆粕,农产品,DCE,M0
2024-05-24,3641.0,3659.0,3585.0,3589.0,1747014,2294023,3624.0,豆粕,农产品,DCE,M0
2024-05-27,3599.0,3630.0,3581.0,3588.0,1423191,2251447,3599.0,豆粕,农产品,DCE,M0
2024-05-28,3588.0,3621.0,3550.0,3560.0,1515711,2193956,3589.0,豆粕,农产品,DCE,M0
2024-05-29,3550.0,3556.0,3465.0,3509.0,2350702,2072224,3503.0,豆粕,农产品,DCE,M0
2024-05-30,3497.0,3505.0,3462.0,3481.0,1345371,2030757,3486.0,豆粕,农产品,DCE,M0
2024-05-31,3482.0,3502.0,3469.0,3495.0,1055510,1997370,3485.0,豆粕,农产品,DCE,M0
2024-06-03,3508.0,3509.0,3437.0,3447.0,1228971,1973553,3466.0,豆粕,农产品,DCE,M0
2024-06-04,3460.0,3476.0,3432.0,3466.0,1145505,1982448,3457.0,豆粕,农产品,DCE,M0
2024-06-05,3455.0,3500.0,3454.0,3487.0,1194279,2022283,3480.0,豆粕,农产品,DCE,M0
2024-06-06,3490.0,3503.0,3463.0,3502.0,1150190,2011086,3486.0,豆粕,农产品,DCE,M0
2024-06-07,3503.0,3532.0,3488.0,3494.0,1243405,1989556,3510.0,豆粕,农产品,DCE,M0
2024-06-11,3498.0,3520.0,3472.0,3477.0,750496,1989722,3489.0,豆粕,农产品,DCE,M0
2024-06-12,3480.0,3494.0,3455.0,3485.0,1087413,1988134,3473.0,豆粕,农产品,DCE,M0
2024-06-13,3480.0,3496.0,3415.0,3417.0,1543972,2035860,3459.0,豆粕,农产品,DCE,M0
2024-06-14,3430.0,3468.0,3426.0,3457.0,1132156,1969692,3446.0,豆粕,农产品,DCE,M0
2024-06-17,3455.0,3458.0,3373.0,3399.0,1379866,1940071,3411.0,豆粕,农产品,DCE,M0
2024-06-18,3397.0,3397.0,3355.0,3362.0,1202467,1909550,3371.0,豆粕,农产品,DCE,M0
2024-06-19,3370.0,3382.0,3353.0,3374.0,989483,1833355,3370.0,豆粕,农产品,DCE,M0
2024-06-20,3380.0,3388.0,3353.0,3379.0,1172398,1796389,3370.0,豆粕,农产品,DCE,M0
2024-06-21,3360.0,3372.0,3326.0,3334.0,1274629,1782029,3346.0,豆粕,农产品,DCE,M0
2024-06-24,3334.0,3374.0,3321.0,3347.0,1220332,1774640,3349.0,豆粕,农产品,DCE,M0
2024-06-25,3338.0,3372.0,3325.0,3358.0,1024494,1784918,3345.0,豆粕,农产品,DCE,M0
2024-06-26,3342.0,3376.0,3331.0,3360.0,1077693,1814070,3351.0,豆粕,农产品,DCE,M0
2024-06-27,3350.0,3375.0,3339.0,3363.0,1210970,1807701,3358.0,豆粕,农产品,DCE,M0
2024-06-28,3372.0,3382.0,3354.0,3374.0,956329,1780999,3368.0,豆粕,农产品,DCE,M0
2024-07-01,3375.0,3387.0,3328.0,3366.0,1440504,1826382,3356.0,豆粕,农产品,DCE,M0
2024-07-02,3353.0,3400.0,3340.0,3393.0,1471131,1752114,3367.0,豆粕,农产品,DCE,M0
2024-07-03,3401.0,3421.0,3370.0,3381.0,1250461,1769687,3394.0,豆粕,农产品,DCE,M0
2024-07-04,3389.0,3394.0,3293.0,3307.0,1771139,1851877,3345.0,豆粕,农产品,DCE,M0
2024-07-05,3310.0,3355.0,3298.0,3338.0,1167121,1742897,3327.0,豆粕,农产品,DCE,M0
2024-07-08,3338.0,3359.0,3308.0,3313.0,1111714,1721949,3332.0,豆粕,农产品,DCE,M0
2024-07-09,3300.0,3300.0,3244.0,3258.0,1338654,1652718,3266.0,豆粕,农产品,DCE,M0
2024-07-10,3268.0,3273.0,3197.0,3225.0,1226791,1576677,3230.0,豆粕,农产品,DCE,M0
2024-07-11,3241.0,3248.0,3184.0,3185.0,999446,1598755,3213.0,豆粕,农产品,DCE,M0
2024-07-12,3201.0,3206.0,3164.0,3166.0,1056263,1568910,3188.0,豆粕,农产品,DCE,M0
2024-07-15,3170.0,3176.0,3091.0,3105.0,1374114,1554110,3122.0,豆粕,农产品,DCE,M0
2024-07-16,3090.0,3119.0,3071.0,3084.0,1191815,1545176,3093.0,豆粕,农产品,DCE,M0
2024-07-17,3088.0,3186.0,3083.0,3111.0,2173390,1459391,3131.0,豆粕,农产品,DCE,M0
2024-07-18,3121.0,3123.0,3093.0,3112.0,1037472,1456103,3108.0,豆粕,农产品,DCE,M0
2024-07-19,3113.0,3157.0,3099.0,3148.0,1164392,1433492,3128.0,豆粕,农产品,DCE,M0
2024-07-22,3157.0,3180.0,3138.0,3163.0,1041876,1433181,3158.0,豆粕,农产品,DCE,M0
2024-07-23,3161.0,3197.0,3144.0,3154.0,1167286,1437595,3170.0,豆粕,农产品,DCE,M0
2024-07-24,3175.0,3183.0,3141.0,3159.0,1201027,1426217,3166.0,豆粕,农产品,DCE,M0
2024-07-25,3162.0,3179.0,3126.0,3142.0,1162703,1386203,3148.0,豆粕,农产品,DCE,M0
2024-07-26,3156.0,3190.0,3150.0,3161.0,1147450,1368353,3169.0,豆粕,农产品,DCE,M0
2024-07-29,3140.0,3154.0,3046.0,3101.0,1580660,1375323,3099.0,豆粕,农产品,DCE,M0
2024-07-30,3080.0,3109.0,3066.0,3084.0,987365,1319954,3084.0,豆粕,农产品,DCE,M0
2024-07-31,3065.0,3097.0,3054.0,3093.0,1059026,1267010,3072.0,豆粕,农产品,DCE,M0
2024-08-01,3085.0,3092.0,3029.0,3072.0,1184480,1233961,3065.0,豆粕,农产品,DCE,M0
2024-08-02,3063.0,3087.0,3047.0,3084.0,902804,1171415,3065.0,豆粕,农产品,DCE,M0
2024-08-05,3084.0,3098.0,3047.0,3055.0,919749,1146284,3075.0,豆粕,农产品,DCE,M0
2024-08-06,3029.0,3068.0,3017.0,3023.0,998229,1103100,3038.0,豆粕,农产品,DCE,M0
2024-08-07,3031.0,3037.0,2962.0,2979.0,1148759,1048785,2997.0,豆粕,农产品,DCE,M0
2024-08-08,2981.0,3012.0,2972.0,2992.0,894169,922297,2990.0,豆粕,农产品,DCE,M0
2024-08-09,2992.0,3002.0,2952.0,2991.0,825611,844205,2978.0,豆粕,农产品,DCE,M0
2024-08-12,2997.0,3005.0,2943.0,2981.0,775961,750416,2980.0,豆粕,农产品,DCE,M0
2024-08-13,2968.0,2988.0,2862.0,2877.0,879813,649471,2929.0,豆粕,农产品,DCE,M0
2024-08-14,2938.0,2938.0,2866.0,2911.0,1287927,1279089,2902.0,豆粕,农产品,DCE,M0
2024-08-15,2923.0,2954.0,2920.0,2949.0,1013529,1298632,2938.0,豆粕,农产品,DCE,M0
2024-08-16,2930.0,2975.0,2926.0,2936.0,1069542,1309294,2947.0,豆粕,农产品,DCE,M0
2024-08-19,2931.0,2961.0,2908.0,2917.0,1016556,1343709,2932.0,豆粕,农产品,DCE,M0
2024-08-20,2916.0,2971.0,2916.0,2942.0,942080,1370758,2942.0,豆粕,农产品,DCE,M0
2024-08-21,2942.0,2964.0,2923.0,2960.0,1032334,1406122,2943.0,豆粕,农产品,DCE,M0
2024-08-22,2960.0,2979.0,2940.0,2944.0,1024640,1393574,2963.0,豆粕,农产品,DCE,M0
2024-08-23,2931.0,2958.0,2928.0,2929.0,909331,1428021,2942.0,豆粕,农产品,DCE,M0
2024-08-26,2930.0,2965.0,2902.0,2955.0,1510879,1487136,2933.0,豆粕,农产品,DCE,M0
2024-08-27,2940.0,2985.0,2937.0,2978.0,1064250,1511884,2962.0,豆粕,农产品,DCE,M0
2024-08-28,2985.0,3032.0,2984.0,3002.0,1500377,1544870,3008.0,豆粕,农产品,DCE,M0
2024-08-29,2989.0,3013.0,2979.0,2998.0,950716,1583368,3000.0,豆粕,农产品,DCE,M0
2024-08-30,3013.0,3047.0,3002.0,3027.0,1111433,1561979,3023.0,豆粕,农产品,DCE,M0
2024-09-02,3037.0,3045.0,3001.0,3031.0,1310662,1528740,3021.0,豆粕,农产品,DCE,M0
2024-09-03,3035.0,3132.0,3021.0,3070.0,2652460,1525956,3061.0,豆粕,农产品,DCE,M0
2024-09-04,3080.0,3081.0,3023.0,3036.0,1862827,1472108,3052.0,豆粕,农产品,DCE,M0
2024-09-05,3048.0,3103.0,3040.0,3079.0,1986015,1446459,3072.0,豆粕,农产品,DCE,M0
2024-09-06,3076.0,3128.0,3070.0,3122.0,1716143,1434576,3097.0,豆粕,农产品,DCE,M0
2024-09-09,3135.0,3145.0,3062.0,3091.0,1899728,1363455,3098.0,豆粕,农产品,DCE,M0
2024-09-10,3106.0,3111.0,3033.0,3040.0,1558256,1377091,3073.0,豆粕,农产品,DCE,M0
2024-09-11,3025.0,3065.0,3008.0,3063.0,1334233,1345310,3037.0,豆粕,农产品,DCE,M0
2024-09-12,3055.0,3064.0,3027.0,3051.0,1194266,1353889,3044.0,豆粕,农产品,DCE,M0
2024-09-13,3054.0,3087.0,3028.0,3075.0,1292466,1320196,3057.0,豆粕,农产品,DCE,M0
2024-09-18,3085.0,3139.0,3082.0,3138.0,1199666,1342233,3121.0,豆粕,农产品,DCE,M0
2024-09-19,3135.0,3136.0,3065.0,3065.0,1392790,1341345,3096.0,豆粕,农产品,DCE,M0
2024-09-20,3074.0,3080.0,3034.0,3065.0,1307293,1339776,3058.0,豆粕,农产品,DCE,M0
2024-09-23,3050.0,3071.0,3023.0,3056.0,1215930,1324514,3045.0,豆粕,农产品,DCE,M0
2024-09-24,3071.0,3110.0,3065.0,3102.0,1263709,1297733,3092.0,豆粕,农产品,DCE,M0
2024-09-25,3127.0,3132.0,3058.0,3061.0,1449937,1342707,0.0,豆粕,农产品,DCE,M0
2024-09-26,3048.0,3130.0,3045.0,3116.0,1572093,1271314,3097.0,豆粕,农产品,DCE,M0
2024-09-27,3127.0,3130.0,3061.0,3089.0,1496655,1283304,3089.0,豆粕,农产品,DCE,M0
2024-09-30,3085.0,3177.0,3075.0,3150.0,1579907,1342957,3127.0,豆粕,农产品,DCE,M0
2024-10-08,3100.0,3110.0,3004.0,3019.0,1277324,1430791,3052.0,豆粕,农产品,DCE,M0
2024-10-09,3019.0,3070.0,3012.0,3026.0,1343404,1455978,3042.0,豆粕,农产品,DCE,M0
2024-10-10,3023.0,3040.0,2984.0,3022.0,1221122,1488599,3021.0,豆粕,农产品,DCE,M0
2024-10-11,3012.0,3022.0,2971.0,2974.0,1224523,1554800,3000.0,豆粕,农产品,DCE,M0
2024-10-14,2981.0,3014.0,2955.0,2991.0,1442315,1525423,2983.0,豆粕,农产品,DCE,M0
2024-10-15,2983.0,3019.0,2977.0,2992.0,1138013,1532553,2997.0,豆粕,农产品,DCE,M0
2024-10-16,2989.0,3015.0,2968.0,3009.0,1077843,1521055,2998.0,豆粕,农产品,DCE,M0
2024-10-17,3006.0,3033.0,2952.0,2961.0,1358422,1578174,2993.0,豆粕,农产品,DCE,M0
2024-10-18,2960.0,3005.0,2931.0,2995.0,1260723,1514911,2970.0,豆粕,农产品,DCE,M0
2024-10-21,2995.0,3020.0,2944.0,2985.0,1340684,1513916,2983.0,豆粕,农产品,DCE,M0
2024-10-22,2980.0,2991.0,2964.0,2978.0,774124,1521600,2976.0,豆粕,农产品,DCE,M0
2024-10-23,2982.0,3017.0,2966.0,2988.0,1267512,1522343,2993.0,豆粕,农产品,DCE,M0
2024-10-24,2982.0,3003.0,2975.0,2984.0,946497,1540972,2989.0,豆粕,农产品,DCE,M0
2024-10-25,3007.0,3022.0,2946.0,2948.0,1337716,1650157,2979.0,豆粕,农产品,DCE,M0
2024-10-28,2953.0,2998.0,2930.0,2985.0,1311338,1570461,2965.0,豆粕,农产品,DCE,M0
2024-10-29,2980.0,3017.0,2958.0,3012.0,1278880,1567183,2983.0,豆粕,农产品,DCE,M0
2024-10-30,3015.0,3026.0,2966.0,3015.0,1543142,1528721,2995.0,豆粕,农产品,DCE,M0
2024-10-31,3015.0,3020.0,2983.0,2992.0,985734,1521998,2999.0,豆粕,农产品,DCE,M0
2024-11-01,3005.0,3007.0,2962.0,2963.0,1145002,1613832,2986.0,豆粕,农产品,DCE,M0
2024-11-04,2970.0,3005.0,2954.0,2985.0,1147814,1550164,2980.0,豆粕,农产品,DCE,M0
2024-11-05,2989.0,2996.0,2952.0,2957.0,903669,1589497,2973.0,豆粕,农产品,DCE,M0
2024-11-06,2965.0,3012.0,2960.0,3002.0,1513898,1514720,2989.0,豆粕,农产品,DCE,M0
2024-11-07,3007.0,3109.0,2999.0,3093.0,2289434,1537465,3068.0,豆粕,农产品,DCE,M0
2024-11-08,3112.0,3116.0,3005.0,3013.0,2002591,1443959,3061.0,豆粕,农产品,DCE,M0
2024-11-11,3023.0,3103.0,3008.0,3086.0,1654784,1381218,3063.0,豆粕,农产品,DCE,M0
2024-11-12,3079.0,3098.0,3056.0,3067.0,1004421,1319824,3077.0,豆粕,农产品,DCE,M0
2024-11-13,3060.0,3083.0,3051.0,3059.0,830971,1263081,3067.0,豆粕,农产品,DCE,M0
2024-11-14,3060.0,3060.0,3031.0,3035.0,679765,1228382,3045.0,豆粕,农产品,DCE,M0
2024-11-15,2903.0,2908.0,2808.0,2814.0,1514286,1850270,2851.0,豆粕,农产品,DCE,M0
2024-11-18,2822.0,2834.0,2811.0,2821.0,935137,1880477,2821.0,豆粕,农产品,DCE,M0
2024-11-19,2823.0,2844.0,2815.0,2836.0,768469,1888405,2829.0,豆粕,农产品,DCE,M0
2024-11-20,2839.0,2840.0,2813.0,2827.0,699709,1915684,2824.0,豆粕,农产品,DCE,M0
2024-11-21,2821.0,2830.0,2807.0,2822.0,780874,1968363,2820.0,豆粕,农产品,DCE,M0
2024-11-22,2818.0,2819.0,2766.0,2767.0,1269653,2091800,2791.0,豆粕,农产品,DCE,M0
2024-11-25,2768.0,2798.0,2767.0,2792.0,970370,2104210,2787.0,豆粕,农产品,DCE,M0
2024-11-26,2789.0,2818.0,2778.0,2807.0,1160580,2077028,2801.0,豆粕,农产品,DCE,M0
2024-11-27,2813.0,2824.0,2793.0,2804.0,904606,2114896,2806.0,豆粕,农产品,DCE,M0
2024-11-28,2802.0,2807.0,2791.0,2800.0,641232,2143775,2798.0,豆粕,农产品,DCE,M0
2024-11-29,2799.0,2813.0,2787.0,2801.0,773803,2114846,2802.0,豆粕,农产品,DCE,M0
2024-12-02,2807.0,2809.0,2773.0,2783.0,907072,2241379,2786.0,豆粕,农产品,DCE,M0
2024-12-03,2780.0,2788.0,2737.0,2757.0,1242029,2378924,2760.0,豆粕,农产品,DCE,M0
2024-12-04,2761.0,2766.0,2694.0,2706.0,1453540,2494350,2726.0,豆粕,农产品,DCE,M0
2024-12-05,2705.0,2707.0,2645.0,2660.0,1658148,2462115,2672.0,豆粕,农产品,DCE,M0
2024-12-06,2658.0,2671.0,2647.0,2656.0,1080277,2463297,2660.0,豆粕,农产品,DCE,M0
2024-12-09,2662.0,2685.0,2650.0,2681.0,1010915,2423368,2665.0,豆粕,农产品,DCE,M0
2024-12-10,2682.0,2699.0,2662.0,2673.0,1205796,2440356,2681.0,豆粕,农产品,DCE,M0
2024-12-11,2673.0,2683.0,2641.0,2650.0,1176106,2581559,2662.0,豆粕,农产品,DCE,M0
2024-12-12,2646.0,2660.0,2636.0,2646.0,1075034,2611291,2647.0,豆粕,农产品,DCE,M0
2024-12-13,2646.0,2650.0,2616.0,2642.0,1428147,2587746,2636.0,豆粕,农产品,DCE,M0
2024-12-16,2643.0,2655.0,2620.0,2651.0,1403209,2587847,2638.0,豆粕,农产品,DCE,M0
2024-12-17,2652.0,2655.0,2608.0,2614.0,1262547,2713657,2625.0,豆粕,农产品,DCE,M0
2024-12-18,2602.0,2610.0,2562.0,2567.0,1706657,2763005,2585.0,豆粕,农产品,DCE,M0
2024-12-19,2561.0,2586.0,2549.0,2572.0,1665243,2752639,2565.0,豆粕,农产品,DCE,M0
2024-12-20,2567.0,2637.0,2561.0,2633.0,2116166,2666258,2600.0,豆粕,农产品,DCE,M0
2024-12-23,2638.0,2659.0,2608.0,2616.0,1791827,2581872,2627.0,豆粕,农产品,DCE,M0
2024-12-24,2617.0,2632.0,2609.0,2628.0,1027395,2574207,2621.0,豆粕,农产品,DCE,M0
2024-12-25,2630.0,2649.0,2615.0,2645.0,1116068,2557221,2631.0,豆粕,农产品,DCE,M0
2024-12-26,2638.0,2672.0,2624.0,2668.0,1272960,2511561,2649.0,豆粕,农产品,DCE,M0
2024-12-27,2672.0,2698.0,2665.0,2670.0,1528419,2467545,2679.0,豆粕,农产品,DCE,M0
2024-12-30,2671.0,2687.0,2662.0,2683.0,1237240,2442770,2675.0,豆粕,农产品,DCE,M0
2024-12-31,2689.0,2713.0,2682.0,2696.0,1501390,2366120,2696.0,豆粕,农产品,DCE,M0
2025-01-02,2722.0,2731.0,2704.0,2716.0,1145644,2321102,2720.0,豆粕,农产品,DCE,M0
2025-01-03,2718.0,2728.0,2671.0,2688.0,1895027,2292291,2703.0,豆粕,农产品,DCE,M0
2025-01-06,2678.0,2712.0,2652.0,2697.0,1892896,2266318,2683.0,豆粕,农产品,DCE,M0
2025-01-07,2710.0,2712.0,2640.0,2647.0,1691120,2299797,2670.0,豆粕,农产品,DCE,M0
2025-01-08,2648.0,2672.0,2636.0,2646.0,1272905,2292826,2655.0,豆粕,农产品,DCE,M0
2025-01-09,2640.0,2645.0,2613.0,2616.0,1293690,2288773,2628.0,豆粕,农产品,DCE,M0
2025-01-10,2616.0,2660.0,2616.0,2659.0,1351136,2262095,2640.0,豆粕,农产品,DCE,M0
2025-01-13,2665.0,2744.0,2646.0,2741.0,1669198,2258637,2707.0,豆粕,农产品,DCE,M0
2025-01-14,2740.0,2780.0,2734.0,2753.0,1544455,2276393,2751.0,豆粕,农产品,DCE,M0
2025-01-15,2746.0,2774.0,2740.0,2772.0,1276348,2292592,2756.0,豆粕,农产品,DCE,M0
2025-01-16,2765.0,2791.0,2744.0,2761.0,1429502,2310430,2763.0,豆粕,农产品,DCE,M0
2025-01-17,2753.0,2788.0,2733.0,2779.0,1487945,2309560,2762.0,豆粕,农产品,DCE,M0
2025-01-20,2777.0,2815.0,2771.0,2812.0,1643299,2278067,2790.0,豆粕,农产品,DCE,M0
2025-01-21,2813.0,2865.0,2800.0,2849.0,1963749,2297636,2830.0,豆粕,农产品,DCE,M0
2025-01-22,2849.0,2864.0,2824.0,2844.0,1733833,2293011,2848.0,豆粕,农产品,DCE,M0
2025-01-23,2846.0,2871.0,2828.0,2836.0,1584837,2286450,2848.0,豆粕,农产品,DCE,M0
2025-01-24,2845.0,2863.0,2823.0,2840.0,1277374,2231280,2845.0,豆粕,农产品,DCE,M0
2025-01-27,2831.0,2835.0,2783.0,2822.0,1186594,2085658,2810.0,豆粕,农产品,DCE,M0
2025-02-05,2897.0,2935.0,2874.0,2932.0,1148940,2152135,2906.0,豆粕,农产品,DCE,M0
2025-02-06,2928.0,2941.0,2876.0,2902.0,1635924,2100409,2907.0,豆粕,农产品,DCE,M0
2025-02-07,2905.0,2921.0,2861.0,2909.0,1563129,2121699,2894.0,豆粕,农产品,DCE,M0
2025-02-10,2898.0,2953.0,2885.0,2899.0,2384120,2240983,2917.0,豆粕,农产品,DCE,M0
2025-02-11,2904.0,2914.0,2881.0,2900.0,1727662,2242674,2897.0,豆粕,农产品,DCE,M0
2025-02-12,2908.0,2909.0,2835.0,2854.0,1977662,2255678,2867.0,豆粕,农产品,DCE,M0
2025-02-13,2837.0,2854.0,2820.0,2845.0,1468626,2251568,2837.0,豆粕,农产品,DCE,M0
2025-02-14,2840.0,2895.0,2838.0,2883.0,1901210,2272234,2869.0,豆粕,农产品,DCE,M0
2025-02-17,2890.0,2900.0,2843.0,2849.0,1668683,2274740,2868.0,豆粕,农产品,DCE,M0
2025-02-18,2850.0,2877.0,2847.0,2858.0,1313441,2290185,2860.0,豆粕,农产品,DCE,M0
2025-02-19,2868.0,2905.0,2865.0,2902.0,1453803,2329006,2885.0,豆粕,农产品,DCE,M0
2025-02-20,2909.0,2930.0,2893.0,2929.0,1378791,2361145,2909.0,豆粕,农产品,DCE,M0
2025-02-21,2922.0,2985.0,2921.0,2945.0,2166845,2417013,2955.0,豆粕,农产品,DCE,M0
2025-02-24,2945.0,2964.0,2896.0,2905.0,1918688,2362074,2934.0,豆粕,农产品,DCE,M0
2025-02-25,2905.0,2927.0,2885.0,2912.0,1397215,2325018,2909.0,豆粕,农产品,DCE,M0
2025-02-26,2900.0,2905.0,2864.0,2886.0,1713854,2289003,2884.0,豆粕,农产品,DCE,M0
2025-02-27,2879.0,2942.0,2874.0,2939.0,1811459,2373324,2909.0,豆粕,农产品,DCE,M0
2025-02-28,2943.0,2946.0,2915.0,2932.0,1722067,2347894,2928.0,豆粕,农产品,DCE,M0
2025-03-03,2932.0,3016.0,2922.0,3007.0,3295074,2526410,2970.0,豆粕,农产品,DCE,M0
2025-03-04,3001.0,3025.0,2944.0,2974.0,3651982,2515495,2983.0,豆粕,农产品,DCE,M0
2025-03-05,2968.0,2983.0,2877.0,2881.0,3159926,2388573,2925.0,豆粕,农产品,DCE,M0
2025-03-06,2895.0,2901.0,2854.0,2893.0,2463990,2270696,2883.0,豆粕,农产品,DCE,M0
2025-03-07,2891.0,2924.0,2882.0,2885.0,2093860,2200948,2902.0,豆粕,农产品,DCE,M0
2025-03-10,2886.0,2979.0,2863.0,2937.0,3262779,2201707,2928.0,豆粕,农产品,DCE,M0
2025-03-11,2940.0,2945.0,2851.0,2855.0,2943228,2140025,2877.0,豆粕,农产品,DCE,M0
2025-03-12,2862.0,2875.0,2822.0,2838.0,2150178,2055817,2844.0,豆粕,农产品,DCE,M0
2025-03-13,2830.0,2879.0,2825.0,2877.0,2148093,1978026,2859.0,豆粕,农产品,DCE,M0
2025-03-14,2886.0,2904.0,2878.0,2901.0,1638474,1942729,2890.0,豆粕,农产品,DCE,M0
2025-03-17,2901.0,2929.0,2891.0,2895.0,1898561,1906672,2909.0,豆粕,农产品,DCE,M0
2025-03-18,2899.0,2917.0,2889.0,2907.0,1412875,1882645,2903.0,豆粕,农产品,DCE,M0
2025-03-19,2907.0,2924.0,2880.0,2909.0,1529830,1839880,2905.0,豆粕,农产品,DCE,M0
2025-03-20,2905.0,2935.0,2854.0,2855.0,2348030,1819976,2897.0,豆粕,农产品,DCE,M0
2025-03-21,2850.0,2883.0,2845.0,2861.0,1448365,1776189,2864.0,豆粕,农产品,DCE,M0
2025-03-24,2860.0,2862.0,2834.0,2858.0,1209601,1753383,2848.0,豆粕,农产品,DCE,M0
2025-03-25,2855.0,2879.0,2848.0,2868.0,973231,1716506,2860.0,豆粕,农产品,DCE,M0
2025-03-26,2863.0,2874.0,2816.0,2820.0,1570447,1736626,2842.0,豆粕,农产品,DCE,M0
2025-03-27,2824.0,2837.0,2806.0,2826.0,1148403,1590086,2822.0,豆粕,农产品,DCE,M0
2025-03-28,2970.0,2970.0,2939.0,2942.0,547756,1795382,2952.0,豆粕,农产品,DCE,M0
2025-03-31,2942.0,2992.0,2934.0,2989.0,682366,1833643,2966.0,豆粕,农产品,DCE,M0
2025-04-01,2985.0,2991.0,2938.0,2951.0,865877,1843857,2961.0,豆粕,农产品,DCE,M0
2025-04-02,2960.0,2986.0,2945.0,2983.0,683460,1864781,2969.0,豆粕,农产品,DCE,M0
2025-04-03,2983.0,3041.0,2965.0,3039.0,1442436,1960957,3005.0,豆粕,农产品,DCE,M0
2025-04-07,3100.0,3120.0,3042.0,3056.0,2068098,2069991,3079.0,豆粕,农产品,DCE,M0
2025-04-08,3057.0,3168.0,3048.0,3164.0,2551277,2349506,3102.0,豆粕,农产品,DCE,M0
2025-04-09,3162.0,3164.0,3091.0,3119.0,2980757,2416074,3133.0,豆粕,农产品,DCE,M0
2025-04-10,3141.0,3146.0,3053.0,3074.0,2599623,2396848,3093.0,豆粕,农产品,DCE,M0
2025-04-11,3078.0,3093.0,3051.0,3082.0,1948453,2368722,3074.0,豆粕,农产品,DCE,M0
2025-04-14,3086.0,3118.0,3075.0,3104.0,2164045,2426884,3097.0,豆粕,农产品,DCE,M0
2025-04-15,3106.0,3124.0,3064.0,3066.0,1944264,2484209,3094.0,豆粕,农产品,DCE,M0
2025-04-16,3060.0,3081.0,3011.0,3013.0,2192116,2482896,3043.0,豆粕,农产品,DCE,M0
2025-04-17,3027.0,3036.0,3012.0,3020.0,1371591,2427840,3024.0,豆粕,农产品,DCE,M0
2025-04-18,3020.0,3031.0,3004.0,3021.0,1403534,2414587,3019.0,豆粕,农产品,DCE,M0
2025-04-21,3020.0,3066.0,3012.0,3045.0,1817594,2399555,3043.0,豆粕,农产品,DCE,M0
2025-04-22,3048.0,3064.0,3032.0,3054.0,1583221,2416736,3048.0,豆粕,农产品,DCE,M0
2025-04-23,3052.0,3064.0,3023.0,3048.0,1733334,2418994,3044.0,豆粕,农产品,DCE,M0
2025-04-24,3042.0,3075.0,3034.0,3059.0,1919721,2417063,3055.0,豆粕,农产品,DCE,M0
2025-04-25,3055.0,3061.0,3023.0,3031.0,1774441,2437193,3041.0,豆粕,农产品,DCE,M0
2025-04-28,3025.0,3034.0,2975.0,2985.0,1850403,2494787,2998.0,豆粕,农产品,DCE,M0
2025-04-29,2985.0,2992.0,2961.0,2964.0,1405713,2473108,2977.0,豆粕,农产品,DCE,M0
2025-04-30,2961.0,2970.0,2918.0,2920.0,1479625,2453947,2945.0,豆粕,农产品,DCE,M0
2025-05-06,2904.0,2932.0,2896.0,2915.0,821492,2473347,2921.0,豆粕,农产品,DCE,M0
2025-05-07,2920.0,2929.0,2905.0,2920.0,1299306,2538728,2917.0,豆粕,农产品,DCE,M0
2025-05-08,2916.0,2922.0,2895.0,2919.0,1176721,2543725,2912.0,豆粕,农产品,DCE,M0
2025-05-09,2926.0,2929.0,2897.0,2899.0,1098731,2607876,2913.0,豆粕,农产品,DCE,M0
2025-05-12,2905.0,2911.0,2865.0,2908.0,1806635,2579668,2893.0,豆粕,农产品,DCE,M0
2025-05-13,2909.0,2925.0,2885.0,2886.0,1354709,2591086,2903.0,豆粕,农产品,DCE,M0
2025-05-14,2885.0,2918.0,2875.0,2914.0,1257254,2548303,2898.0,豆粕,农产品,DCE,M0
2025-05-15,2908.0,2925.0,2888.0,2923.0,1193644,2542934,2903.0,豆粕,农产品,DCE,M0
2025-05-16,2920.0,2922.0,2890.0,2899.0,1310312,2536619,2902.0,豆粕,农产品,DCE,M0
2025-05-19,2895.0,2910.0,2880.0,2886.0,1048384,2571732,2893.0,豆粕,农产品,DCE,M0
2025-05-20,2888.0,2895.0,2861.0,2889.0,1023983,2567545,2879.0,豆粕,农产品,DCE,M0
2025-05-21,2896.0,2937.0,2885.0,2934.0,1288423,2524917,2908.0,豆粕,农产品,DCE,M0
2025-05-22,2936.0,2946.0,2920.0,2939.0,1299829,2490628,2932.0,豆粕,农产品,DCE,M0
2025-05-23,2944.0,2966.0,2939.0,2952.0,1187445,2422679,2950.0,豆粕,农产品,DCE,M0
2025-05-26,2945.0,2958.0,2935.0,2950.0,1005432,2393203,2947.0,豆粕,农产品,DCE,M0
2025-05-27,2952.0,2974.0,2940.0,2966.0,1067156,2373869,2958.0,豆粕,农产品,DCE,M0
2025-05-28,2966.0,2978.0,2952.0,2961.0,961683,2316480,2963.0,豆粕,农产品,DCE,M0
2025-05-29,2956.0,2967.0,2932.0,2962.0,1247001,2249248,2953.0,豆粕,农产品,DCE,M0
2025-05-30,2952.0,2985.0,2944.0,2968.0,1333795,2209609,2966.0,豆粕,农产品,DCE,M0
2025-06-03,2950.0,2955.0,2927.0,2935.0,1140522,2221712,2939.0,豆粕,农产品,DCE,M0
2025-06-04,2938.0,2948.0,2925.0,2939.0,928744,2224255,2938.0,豆粕,农产品,DCE,M0
2025-06-05,2948.0,2965.0,2942.0,2958.0,996089,2187751,2954.0,豆粕,农产品,DCE,M0
2025-06-06,2956.0,3016.0,2952.0,3010.0,1739214,2274340,2991.0,豆粕,农产品,DCE,M0
2025-06-09,3002.0,3023.0,3000.0,3019.0,1083924,2292836,3011.0,豆粕,农产品,DCE,M0
2025-06-10,3016.0,3035.0,3005.0,3031.0,1082721,2319959,3019.0,豆粕,农产品,DCE,M0
2025-06-11,3031.0,3055.0,3026.0,3047.0,1264945,2355468,3040.0,豆粕,农产品,DCE,M0
2025-06-12,3050.0,3065.0,3032.0,3049.0,1296602,2356309,3046.0,豆粕,农产品,DCE,M0
2025-06-13,3055.0,3057.0,3037.0,3041.0,1167825,2318021,3048.0,豆粕,农产品,DCE,M0
2025-06-16,3040.0,3060.0,3020.0,3045.0,1422022,2305935,3039.0,豆粕,农产品,DCE,M0
2025-06-17,3043.0,3087.0,3034.0,3074.0,1404601,2370120,3061.0,豆粕,农产品,DCE,M0
2025-06-18,3075.0,3081.0,3058.0,3062.0,1047245,2324483,3071.0,豆粕,农产品,DCE,M0
2025-06-19,3060.0,3078.0,3052.0,3077.0,940043,2323742,3063.0,豆粕,农产品,DCE,M0
2025-06-20,3077.0,3086.0,3056.0,3067.0,913041,2339532,3070.0,豆粕,农产品,DCE,M0
2025-06-23,3074.0,3076.0,3021.0,3037.0,1158175,2341727,3042.0,豆粕,农产品,DCE,M0
2025-06-24,3033.0,3040.0,3013.0,3037.0,904147,2330396,3029.0,豆粕,农产品,DCE,M0
2025-06-25,3031.0,3037.0,2988.0,2993.0,1342168,2270410,3009.0,豆粕,农产品,DCE,M0
2025-06-26,2986.0,2988.0,2921.0,2936.0,1851366,2252700,2951.0,豆粕,农产品,DCE,M0
2025-06-27,2940.0,2949.0,2926.0,2946.0,987064,2221758,2938.0,豆粕,农产品,DCE,M0
2025-06-30,2942.0,2968.0,2942.0,2961.0,964679,2163708,2958.0,豆粕,农产品,DCE,M0
2025-07-01,2968.0,2971.0,2948.0,2961.0,896669,2148616,2961.0,豆粕,农产品,DCE,M0
2025-07-02,2951.0,2960.0,2935.0,2944.0,998822,2169357,2947.0,豆粕,农产品,DCE,M0
2025-07-03,2952.0,2976.0,2943.0,2958.0,1025841,2133898,2960.0,豆粕,农产品,DCE,M0
2025-07-04,2967.0,2976.0,2950.0,2954.0,810518,2123115,2962.0,豆粕,农产品,DCE,M0
2025-07-07,2954.0,2969.0,2931.0,2937.0,927127,2128446,2948.0,豆粕,农产品,DCE,M0
2025-07-08,2935.0,2946.0,2931.0,2935.0,713595,2134739,2938.0,豆粕,农产品,DCE,M0
2025-07-09,2930.0,2956.0,2925.0,2947.0,895519,2120335,2940.0,豆粕,农产品,DCE,M0
2025-07-10,2940.0,2960.0,2928.0,2954.0,1086977,2075754,2943.0,豆粕,农产品,DCE,M0
2025-07-11,2952.0,2985.0,2952.0,2976.0,1089715,2008008,2971.0,豆粕,农产品,DCE,M0
2025-07-14,2976.0,2995.0,2961.0,2992.0,1019387,1993430,2977.0,豆粕,农产品,DCE,M0
2025-07-15,2995.0,2999.0,2972.0,2978.0,854905,1962612,2986.0,豆粕,农产品,DCE,M0
2025-07-16,2980.0,2989.0,2969.0,2977.0,750341,1942539,2978.0,豆粕,农产品,DCE,M0
2025-07-17,2977.0,3033.0,2975.0,3029.0,1468250,1947148,3011.0,豆粕,农产品,DCE,M0
2025-07-18,3031.0,3064.0,3023.0,3056.0,1166958,1907175,3043.0,豆粕,农产品,DCE,M0
2025-07-21,3060.0,3070.0,3046.0,3069.0,972455,1885694,3059.0,豆粕,农产品,DCE,M0
2025-07-22,3071.0,3097.0,3057.0,3086.0,1180910,1851232,3076.0,豆粕,农产品,DCE,M0
2025-07-23,3080.0,3121.0,3077.0,3095.0,1166151,1838499,3096.0,豆粕,农产品,DCE,M0
2025-07-24,3091.0,3106.0,3003.0,3025.0,1842107,1668155,3041.0,豆粕,农产品,DCE,M0
2025-07-25,3029.0,3038.0,3013.0,3021.0,894109,1623603,3025.0,豆粕,农产品,DCE,M0
2025-07-28,3017.0,3023.0,2984.0,2990.0,1020578,1560299,3001.0,豆粕,农产品,DCE,M0
2025-07-29,2989.0,2992.0,2963.0,2983.0,1013822,1468086,2974.0,豆粕,农产品,DCE,M0
2025-07-30,2983.0,3016.0,2979.0,3010.0,1042163,1438908,3001.0,豆粕,农产品,DCE,M0
2025-07-31,3007.0,3021.0,2986.0,3000.0,1060322,1415275,3006.0,豆粕,农产品,DCE,M0
2025-08-01,2996.0,3022.0,2989.0,3010.0,1016300,1396108,3004.0,豆粕,农产品,DCE,M0
2025-08-04,3033.0,3062.0,3032.0,3055.0,470772,1463460,3050.0,豆粕,农产品,DCE,M0
2025-08-05,3052.0,3089.0,3051.0,3065.0,573708,1487930,3069.0,豆粕,农产品,DCE,M0
2025-08-06,3076.0,3088.0,3052.0,3072.0,591739,1540786,3072.0,豆粕,农产品,DCE,M0
2025-08-07,3077.0,3080.0,3054.0,3078.0,527084,1600487,3068.0,豆粕,农产品,DCE,M0
2025-08-08,3086.0,3100.0,3078.0,3094.0,609803,1650480,3088.0,豆粕,农产品,DCE,M0
2025-08-11,3090.0,3107.0,3033.0,3072.0,1544163,1695053,3069.0,豆粕,农产品,DCE,M0
2025-08-12,3072.0,3100.0,3051.0,3091.0,1107230,1757131,3074.0,豆粕,农产品,DCE,M0
2025-08-13,3110.0,3190.0,3090.0,3163.0,1964008,1935807,3145.0,豆粕,农产品,DCE,M0
2025-08-14,3170.0,3185.0,3147.0,3157.0,1347343,1990701,3164.0,豆粕,农产品,DCE,M0
2025-08-15,3150.0,3154.0,3121.0,3137.0,1042430,2015132,3137.0,豆粕,农产品,DCE,M0
2025-08-18,3145.0,3167.0,3123.0,3155.0,1057168,2064068,3147.0,豆粕,农产品,DCE,M0
2025-08-19,3155.0,3178.0,3152.0,3161.0,933541,2107908,3167.0,豆粕,农产品,DCE,M0
2025-08-20,3158.0,3164.0,3131.0,3160.0,1059141,2098746,3146.0,豆粕,农产品,DCE,M0
2025-08-21,3158.0,3163.0,3105.0,3113.0,1452869,2059062,3128.0,豆粕,农产品,DCE,M0
2025-08-22,3116.0,3116.0,3079.0,3088.0,1278955,2000115,3094.0,豆粕,农产品,DCE,M0
2025-08-25,3094.0,3125.0,3089.0,3117.0,944017,1994689,3110.0,豆粕,农产品,DCE,M0
2025-08-26,3122.0,3128.0,3080.0,3081.0,1097489,2053457,3097.0,豆粕,农产品,DCE,M0
2025-08-27,3081.0,3082.0,3042.0,3045.0,1351719,2090112,3055.0,豆粕,农产品,DCE,M0
2025-08-28,3044.0,3064.0,3027.0,3039.0,1114536,2052391,3046.0,豆粕,农产品,DCE,M0
2025-08-29,3040.0,3064.0,3031.0,3055.0,910391,2030073,3047.0,豆粕,农产品,DCE,M0
2025-09-01,3052.0,3074.0,3049.0,3054.0,799568,2048717,3060.0,豆粕,农产品,DCE,M0
2025-09-02,3054.0,3069.0,3046.0,3050.0,757362,2048115,3056.0,豆粕,农产品,DCE,M0
2025-09-03,3044.0,3072.0,3039.0,3066.0,798340,2037475,3057.0,豆粕,农产品,DCE,M0
2025-09-04,3058.0,3076.0,3046.0,3048.0,956943,2043281,3063.0,豆粕,农产品,DCE,M0
2025-09-05,3043.0,3072.0,3042.0,3067.0,767878,1996647,3058.0,豆粕,农产品,DCE,M0
2025-09-08,3070.0,3095.0,3064.0,3081.0,1001708,1990833,3079.0,豆粕,农产品,DCE,M0
2025-09-09,3080.0,3086.0,3065.0,3075.0,689359,2002836,3076.0,豆粕,农产品,DCE,M0
2025-09-10,3079.0,3079.0,3055.0,3066.0,805619,2014690,3064.0,豆粕,农产品,DCE,M0
2025-09-11,3067.0,3090.0,3064.0,3088.0,798021,2001532,3075.0,豆粕,农产品,DCE,M0
2025-09-12,3090.0,3097.0,3077.0,3079.0,738621,1986206,3087.0,豆粕,农产品,DCE,M0
2025-09-15,3080.0,3083.0,3032.0,3042.0,1450741,2050694,3051.0,豆粕,农产品,DCE,M0
2025-09-16,3046.0,3058.0,3030.0,3041.0,964263,1995228,3046.0,豆粕,农产品,DCE,M0
2025-09-17,3042.0,3051.0,2998.0,3002.0,1383681,2070225,3019.0,豆粕,农产品,DCE,M0
2025-09-18,3008.0,3016.0,2990.0,2993.0,807553,2071291,3001.0,豆粕,农产品,DCE,M0
2025-09-19,2995.0,3021.0,2983.0,3014.0,895606,2020535,3004.0,豆粕,农产品,DCE,M0
2025-09-22,3014.0,3046.0,3007.0,3034.0,1046478,1945986,3030.0,豆粕,农产品,DCE,M0
2025-09-23,3013.0,3015.0,2907.0,2928.0,2372830,2007056,2954.0,豆粕,农产品,DCE,M0
2025-09-24,2926.0,2940.0,2908.0,2930.0,1226653,2035083,2922.0,豆粕,农产品,DCE,M0
2025-09-25,2958.0,2976.0,2951.0,2967.0,1262657,1937464,2961.0,豆粕,农产品,DCE,M0
2025-09-26,2972.0,2973.0,2930.0,2937.0,1050116,1986148,2949.0,豆粕,农产品,DCE,M0
2025-09-29,2938.0,2952.0,2926.0,2933.0,817240,1925537,2937.0,豆粕,农产品,DCE,M0
2025-09-30,2938.0,2943.0,2924.0,2928.0,570193,1864639,2933.0,豆粕,农产品,DCE,M0
2025-10-09,2950.0,2952.0,2918.0,2939.0,647477,1869551,2934.0,豆粕,农产品,DCE,M0
2025-10-10,2938.0,2944.0,2903.0,2922.0,872310,1927483,2924.0,豆粕,农产品,DCE,M0
2025-10-13,2932.0,2957.0,2922.0,2932.0,1110066,1930571,2936.0,豆粕,农产品,DCE,M0
2025-10-14,2936.0,2943.0,2883.0,2902.0,1293039,1997420,2912.0,豆粕,农产品,DCE,M0
2025-10-15,2902.0,2930.0,2897.0,2917.0,842672,1975574,2914.0,豆粕,农产品,DCE,M0
2025-10-16,2913.0,2925.0,2906.0,2907.0,662721,1982359,2915.0,豆粕,农产品,DCE,M0
2025-10-17,2910.0,2914.0,2863.0,2868.0,1113825,2044648,2882.0,豆粕,农产品,DCE,M0
2025-10-20,2868.0,2910.0,2866.0,2895.0,946854,1984309,2894.0,豆粕,农产品,DCE,M0
2025-10-21,2895.0,2913.0,2888.0,2889.0,746759,1985599,2897.0,豆粕,农产品,DCE,M0
2025-10-22,2886.0,2892.0,2852.0,2885.0,1101824,1990615,2872.0,豆粕,农产品,DCE,M0
2025-10-23,2887.0,2942.0,2880.0,2938.0,1271519,1820261,2916.0,豆粕,农产品,DCE,M0
2025-10-24,2938.0,2955.0,2928.0,2933.0,952874,1759344,2940.0,豆粕,农产品,DCE,M0
2025-10-27,2937.0,2950.0,2922.0,2932.0,914039,1729663,2934.0,豆粕,农产品,DCE,M0
2025-10-28,2934.0,2982.0,2932.0,2975.0,1226995,1659517,2966.0,豆粕,农产品,DCE,M0
2025-10-29,2975.0,2995.0,2957.0,2969.0,1016829,1637499,2974.0,豆粕,农产品,DCE,M0
2025-10-30,2969.0,2997.0,2965.0,2994.0,1006601,1623129,2981.0,豆粕,农产品,DCE,M0
2025-10-31,3005.0,3029.0,2982.0,3021.0,1416424,1649285,3005.0,豆粕,农产品,DCE,M0
2025-11-03,3018.0,3058.0,3015.0,3026.0,1248829,1595045,3036.0,豆粕,农产品,DCE,M0
2025-11-04,3026.0,3047.0,3012.0,3015.0,961854,1587968,3028.0,豆粕,农产品,DCE,M0
2025-11-05,3010.0,3080.0,3002.0,3073.0,1486303,1612675,3039.0,豆粕,农产品,DCE,M0
2025-11-06,3073.0,3089.0,3053.0,3068.0,1028963,1568196,3070.0,豆粕,农产品,DCE,M0
2025-11-07,3065.0,3070.0,3034.0,3058.0,951916,1577123,3051.0,豆粕,农产品,DCE,M0
2025-11-10,3058.0,3068.0,3031.0,3063.0,918540,1593764,3051.0,豆粕,农产品,DCE,M0
2025-11-11,3060.0,3070.0,3044.0,3054.0,822179,1602533,3058.0,豆粕,农产品,DCE,M0
2025-11-12,3050.0,3073.0,3038.0,3059.0,901296,1639508,3053.0,豆粕,农产品,DCE,M0
2025-11-13,3051.0,3077.0,3045.0,3071.0,859543,1651226,3062.0,豆粕,农产品,DCE,M0
2025-11-14,3070.0,3099.0,3060.0,3092.0,1071594,1700146,3081.0,豆粕,农产品,DCE,M0
2025-11-17,3090.0,3107.0,3024.0,3043.0,1396215,1661229,3051.0,豆粕,农产品,DCE,M0
2025-11-18,3048.0,3086.0,3039.0,3041.0,1081749,1651475,3057.0,豆粕,农产品,DCE,M0
2025-11-19,3049.0,3054.0,3016.0,3022.0,969051,1597855,3031.0,豆粕,农产品,DCE,M0
2025-11-20,3022.0,3027.0,3000.0,3017.0,779955,1549350,3013.0,豆粕,农产品,DCE,M0
2025-11-21,3021.0,3027.0,3007.0,3012.0,677574,1511379,3017.0,豆粕,农产品,DCE,M0
2025-11-24,3010.0,3020.0,2988.0,3011.0,759681,1486693,3005.0,豆粕,农产品,DCE,M0
2025-11-25,3005.0,3025.0,2995.0,3013.0,712323,1453249,3009.0,豆粕,农产品,DCE,M0
2025-11-26,3010.0,3033.0,3006.0,3015.0,668734,1403579,3021.0,豆粕,农产品,DCE,M0
2025-11-27,3015.0,3062.0,3007.0,3055.0,1118832,1345757,3039.0,豆粕,农产品,DCE,M0
2025-11-28,2828.0,2855.0,2828.0,2845.0,398648,1462928,2843.0,豆粕,农产品,DCE,M0
2025-12-01,2849.0,2856.0,2826.0,2835.0,465897,1487694,2839.0,豆粕,农产品,DCE,M0
2025-12-02,2835.0,2849.0,2829.0,2848.0,417432,1556300,2840.0,豆粕,农产品,DCE,M0
2025-12-03,2851.0,2863.0,2833.0,2847.0,504614,1632951,2842.0,豆粕,农产品,DCE,M0
2025-12-04,2844.0,2846.0,2812.0,2833.0,898163,1729427,2831.0,豆粕,农产品,DCE,M0
2025-12-05,2835.0,2844.0,2820.0,2821.0,584828,1783520,2828.0,豆粕,农产品,DCE,M0
2025-12-08,2821.0,2826.0,2770.0,2778.0,1089811,1890767,2793.0,豆粕,农产品,DCE,M0
2025-12-09,2781.0,2790.0,2754.0,2763.0,859072,1919537,2771.0,豆粕,农产品,DCE,M0
2025-12-10,2755.0,2761.0,2736.0,2754.0,1083237,1933888,2750.0,豆粕,农产品,DCE,M0
2025-12-11,2755.0,2765.0,2745.0,2750.0,839217,1963838,2754.0,豆粕,农产品,DCE,M0
2025-12-12,2754.0,2789.0,2752.0,2770.0,993590,1925112,2773.0,豆粕,农产品,DCE,M0
2025-12-15,2759.0,2772.0,2753.0,2758.0,778583,1964207,2762.0,豆粕,农产品,DCE,M0
2025-12-16,2763.0,2780.0,2748.0,2777.0,1038177,2009162,2763.0,豆粕,农产品,DCE,M0
2025-12-17,2774.0,2784.0,2752.0,2756.0,798621,2055517,2766.0,豆粕,农产品,DCE,M0
2025-12-18,2760.0,2760.0,2732.0,2747.0,773158,2117464,2745.0,豆粕,农产品,DCE,M0
2025-12-19,2745.0,2748.0,2726.0,2735.0,645772,2116090,2736.0,豆粕,农产品,DCE,M0
2025-12-22,2735.0,2754.0,2727.0,2741.0,865371,2134135,2740.0,豆粕,农产品,DCE,M0
2025-12-23,2741.0,2749.0,2736.0,2745.0,568687,2151398,2742.0,豆粕,农产品,DCE,M0
2025-12-24,2745.0,2757.0,2726.0,2728.0,904529,2162519,2739.0,豆粕,农产品,DCE,M0
2025-12-25,2728.0,2765.0,2719.0,2760.0,962713,2093118,2739.0,豆粕,农产品,DCE,M0
2025-12-26,2761.0,2801.0,2760.0,2790.0,1229145,2086665,2782.0,豆粕,农产品,DCE,M0
2025-12-29,2793.0,2804.0,2768.0,2774.0,1075551,2124655,2788.0,豆粕,农产品,DCE,M0
2025-12-30,2762.0,2779.0,2758.0,2778.0,835557,2144500,2768.0,豆粕,农产品,DCE,M0
2025-12-31,2776.0,2780.0,2746.0,2749.0,855707,2149817,2759.0,豆粕,农产品,DCE,M0
