date,open,high,low,close,volume,hold,settle,品种,类别,交易所,合约代码
2015-01-05,4488.0,4504.0,4446.0,4497.0,72400,257298,4486.0,黄大豆一号,农产品,DCE,A0
2015-01-06,4500.0,4548.0,4486.0,4503.0,176706,257146,4514.0,黄大豆一号,农产品,DCE,A0
2015-01-07,4514.0,4528.0,4480.0,4505.0,102236,259540,4503.0,黄大豆一号,农产品,DCE,A0
2015-01-08,4510.0,4524.0,4490.0,4503.0,93610,258778,4508.0,黄大豆一号,农产品,DCE,A0
2015-01-09,4508.0,4519.0,4486.0,4509.0,106146,257520,4502.0,黄大豆一号,农产品,DCE,A0
2015-01-12,4511.0,4538.0,4497.0,4510.0,134590,256854,4521.0,黄大豆一号,农产品,DCE,A0
2015-01-13,4501.0,4504.0,4465.0,4483.0,116956,246092,4482.0,黄大豆一号,农产品,DCE,A0
2015-01-14,4485.0,4487.0,4452.0,4467.0,96432,246202,4469.0,黄大豆一号,农产品,DCE,A0
2015-01-15,4456.0,4504.0,4456.0,4497.0,96184,247480,4482.0,黄大豆一号,农产品,DCE,A0
2015-01-16,4495.0,4522.0,4470.0,4506.0,115612,242850,4494.0,黄大豆一号,农产品,DCE,A0
2015-01-19,4514.0,4518.0,4475.0,4496.0,105682,239272,4497.0,黄大豆一号,农产品,DCE,A0
2015-01-20,4500.0,4515.0,4457.0,4458.0,88182,233202,4478.0,黄大豆一号,农产品,DCE,A0
2015-01-21,4457.0,4496.0,4408.0,4460.0,155502,219656,4456.0,黄大豆一号,农产品,DCE,A0
2015-01-22,4452.0,4472.0,4434.0,4441.0,71814,215952,4453.0,黄大豆一号,农产品,DCE,A0
2015-01-23,4445.0,4454.0,4416.0,4426.0,56848,210796,4432.0,黄大豆一号,农产品,DCE,A0
2015-01-26,4421.0,4445.0,4391.0,4391.0,82258,209592,4414.0,黄大豆一号,农产品,DCE,A0
2015-01-27,4395.0,4465.0,4393.0,4440.0,65310,203284,4429.0,黄大豆一号,农产品,DCE,A0
2015-01-28,4440.0,4450.0,4412.0,4418.0,49192,203628,4430.0,黄大豆一号,农产品,DCE,A0
2015-01-29,4415.0,4421.0,4350.0,4364.0,212272,209296,4371.0,黄大豆一号,农产品,DCE,A0
2015-01-30,4355.0,4386.0,4340.0,4349.0,97866,203100,4366.0,黄大豆一号,农产品,DCE,A0
2015-02-02,4350.0,4408.0,4349.0,4403.0,112488,194300,4382.0,黄大豆一号,农产品,DCE,A0
2015-02-03,4403.0,4436.0,4403.0,4433.0,90338,184900,4421.0,黄大豆一号,农产品,DCE,A0
2015-02-04,4438.0,4455.0,4409.0,4413.0,72228,179178,4431.0,黄大豆一号,农产品,DCE,A0
2015-02-05,4411.0,4425.0,4381.0,4417.0,67152,175700,4406.0,黄大豆一号,农产品,DCE,A0
2015-02-06,4426.0,4436.0,4412.0,4433.0,43952,178198,4423.0,黄大豆一号,农产品,DCE,A0
2015-02-09,4437.0,4440.0,4384.0,4415.0,75788,175166,4405.0,黄大豆一号,农产品,DCE,A0
2015-02-10,4403.0,4427.0,4398.0,4404.0,37656,175410,4411.0,黄大豆一号,农产品,DCE,A0
2015-02-11,4402.0,4413.0,4394.0,4406.0,27402,174202,4403.0,黄大豆一号,农产品,DCE,A0
2015-02-12,4411.0,4431.0,4395.0,4412.0,42358,172010,4416.0,黄大豆一号,农产品,DCE,A0
2015-02-13,4404.0,4433.0,4402.0,4409.0,55144,166090,4418.0,黄大豆一号,农产品,DCE,A0
2015-02-16,4414.0,4415.0,4356.0,4367.0,86658,151852,4377.0,黄大豆一号,农产品,DCE,A0
2015-02-17,4361.0,4377.0,4361.0,4367.0,24642,149446,4369.0,黄大豆一号,农产品,DCE,A0
2015-02-26,4286.0,4290.0,4230.0,4284.0,122612,162036,4268.0,黄大豆一号,农产品,DCE,A0
2015-02-27,4285.0,4339.0,4251.0,4317.0,107898,155760,4302.0,黄大豆一号,农产品,DCE,A0
2015-03-02,4322.0,4330.0,4265.0,4272.0,102046,172618,4292.0,黄大豆一号,农产品,DCE,A0
2015-03-03,4253.0,4292.0,4250.0,4280.0,86130,170542,4275.0,黄大豆一号,农产品,DCE,A0
2015-03-04,4273.0,4287.0,4263.0,4280.0,43144,169030,4274.0,黄大豆一号,农产品,DCE,A0
2015-03-05,4273.0,4279.0,4171.0,4179.0,153078,197828,4216.0,黄大豆一号,农产品,DCE,A0
2015-03-06,4178.0,4194.0,4161.0,4172.0,70410,193814,4179.0,黄大豆一号,农产品,DCE,A0
2015-03-09,4180.0,4218.0,4154.0,4193.0,82488,184668,4188.0,黄大豆一号,农产品,DCE,A0
2015-03-10,4188.0,4205.0,4115.0,4119.0,105646,204018,4152.0,黄大豆一号,农产品,DCE,A0
2015-03-11,4129.0,4200.0,4106.0,4184.0,148358,183226,4169.0,黄大豆一号,农产品,DCE,A0
2015-03-12,4190.0,4190.0,4157.0,4170.0,40778,181136,4173.0,黄大豆一号,农产品,DCE,A0
2015-03-13,4166.0,4185.0,4152.0,4154.0,42586,179448,4169.0,黄大豆一号,农产品,DCE,A0
2015-03-16,4155.0,4183.0,4141.0,4180.0,47218,175256,4162.0,黄大豆一号,农产品,DCE,A0
2015-03-17,4177.0,4228.0,4166.0,4169.0,67066,172268,4192.0,黄大豆一号,农产品,DCE,A0
2015-03-18,4161.0,4192.0,4161.0,4170.0,70052,168440,4173.0,黄大豆一号,农产品,DCE,A0
2015-03-19,4181.0,4189.0,4151.0,4177.0,72930,163540,4173.0,黄大豆一号,农产品,DCE,A0
2015-03-20,4175.0,4194.0,4148.0,4174.0,74576,166846,4168.0,黄大豆一号,农产品,DCE,A0
2015-03-23,4175.0,4197.0,4167.0,4168.0,48608,173632,4181.0,黄大豆一号,农产品,DCE,A0
2015-03-24,4166.0,4191.0,4111.0,4161.0,134338,173996,4151.0,黄大豆一号,农产品,DCE,A0
2015-03-25,4161.0,4161.0,4070.0,4074.0,139516,180834,4109.0,黄大豆一号,农产品,DCE,A0
2015-03-26,4074.0,4090.0,4004.0,4060.0,219736,187800,4044.0,黄大豆一号,农产品,DCE,A0
2015-03-27,4053.0,4058.0,4027.0,4032.0,71974,184748,4043.0,黄大豆一号,农产品,DCE,A0
2015-03-30,4031.0,4043.0,3985.0,4028.0,100360,186212,4005.0,黄大豆一号,农产品,DCE,A0
2015-03-31,4020.0,4031.0,4008.0,4016.0,45186,177466,4019.0,黄大豆一号,农产品,DCE,A0
2015-04-01,4010.0,4058.0,4005.0,4035.0,103478,167666,4034.0,黄大豆一号,农产品,DCE,A0
2015-04-02,4020.0,4047.0,4019.0,4019.0,44324,160484,4033.0,黄大豆一号,农产品,DCE,A0
2015-04-03,4001.0,4019.0,3959.0,3998.0,97128,153460,3995.0,黄大豆一号,农产品,DCE,A0
2015-04-07,3982.0,4000.0,3952.0,3956.0,34076,154172,3973.0,黄大豆一号,农产品,DCE,A0
2015-04-08,3972.0,3975.0,3941.0,3958.0,48548,151524,3956.0,黄大豆一号,农产品,DCE,A0
2015-04-09,4030.0,4035.0,3991.0,3995.0,72656,161072,4009.0,黄大豆一号,农产品,DCE,A0
2015-04-10,3992.0,4038.0,3992.0,4006.0,61318,155070,4010.0,黄大豆一号,农产品,DCE,A0
2015-04-13,4014.0,4057.0,4005.0,4055.0,97938,146330,4032.0,黄大豆一号,农产品,DCE,A0
2015-04-14,4045.0,4096.0,4040.0,4085.0,141336,165560,4069.0,黄大豆一号,农产品,DCE,A0
2015-04-15,4089.0,4131.0,4078.0,4098.0,138756,153606,4102.0,黄大豆一号,农产品,DCE,A0
2015-04-16,4093.0,4118.0,4085.0,4092.0,70984,155802,4099.0,黄大豆一号,农产品,DCE,A0
2015-04-17,4099.0,4099.0,4038.0,4040.0,171152,184052,4065.0,黄大豆一号,农产品,DCE,A0
2015-04-20,4038.0,4059.0,3966.0,4000.0,387608,194694,4005.0,黄大豆一号,农产品,DCE,A0
2015-04-21,3996.0,4069.0,3983.0,4060.0,177818,197532,4037.0,黄大豆一号,农产品,DCE,A0
2015-04-22,4060.0,4180.0,4054.0,4160.0,290722,197214,4108.0,黄大豆一号,农产品,DCE,A0
2015-04-23,4152.0,4179.0,4124.0,4154.0,177206,197462,4151.0,黄大豆一号,农产品,DCE,A0
2015-04-24,4168.0,4218.0,4152.0,4217.0,229592,205414,4191.0,黄大豆一号,农产品,DCE,A0
2015-04-27,4217.0,4250.0,4194.0,4226.0,205434,195272,4221.0,黄大豆一号,农产品,DCE,A0
2015-04-28,4226.0,4235.0,4191.0,4220.0,115740,189742,4218.0,黄大豆一号,农产品,DCE,A0
2015-04-29,4228.0,4238.0,4209.0,4225.0,91586,185758,4222.0,黄大豆一号,农产品,DCE,A0
2015-04-30,4223.0,4335.0,4221.0,4320.0,257472,189604,4296.0,黄大豆一号,农产品,DCE,A0
2015-05-04,4302.0,4308.0,4256.0,4272.0,123328,170686,4272.0,黄大豆一号,农产品,DCE,A0
2015-05-05,4272.0,4296.0,4232.0,4272.0,105224,161102,4273.0,黄大豆一号,农产品,DCE,A0
2015-05-06,4277.0,4331.0,4261.0,4306.0,127526,158448,4296.0,黄大豆一号,农产品,DCE,A0
2015-05-07,4307.0,4315.0,4265.0,4293.0,86592,157760,4291.0,黄大豆一号,农产品,DCE,A0
2015-05-08,4293.0,4298.0,4243.0,4280.0,104380,157466,4268.0,黄大豆一号,农产品,DCE,A0
2015-05-11,4287.0,4365.0,4272.0,4362.0,209584,175828,4330.0,黄大豆一号,农产品,DCE,A0
2015-05-12,4352.0,4386.0,4343.0,4361.0,157564,175470,4360.0,黄大豆一号,农产品,DCE,A0
2015-05-13,4366.0,4377.0,4344.0,4367.0,129932,172936,4362.0,黄大豆一号,农产品,DCE,A0
2015-05-14,4375.0,4382.0,4322.0,4359.0,114750,165500,4351.0,黄大豆一号,农产品,DCE,A0
2015-05-15,4360.0,4374.0,4351.0,4362.0,70112,163424,4359.0,黄大豆一号,农产品,DCE,A0
2015-05-18,4361.0,4369.0,4335.0,4358.0,78180,160410,4352.0,黄大豆一号,农产品,DCE,A0
2015-05-19,4367.0,4367.0,4321.0,4322.0,70084,157178,4342.0,黄大豆一号,农产品,DCE,A0
2015-05-20,4320.0,4329.0,4270.0,4295.0,139968,147242,4295.0,黄大豆一号,农产品,DCE,A0
2015-05-21,4295.0,4328.0,4275.0,4295.0,100330,140030,4305.0,黄大豆一号,农产品,DCE,A0
2015-05-22,4295.0,4475.0,4289.0,4447.0,339348,169896,4393.0,黄大豆一号,农产品,DCE,A0
2015-05-25,4447.0,4463.0,4402.0,4416.0,236628,160274,4431.0,黄大豆一号,农产品,DCE,A0
2015-05-26,4426.0,4450.0,4406.0,4415.0,117050,158210,4424.0,黄大豆一号,农产品,DCE,A0
2015-05-27,4406.0,4424.0,4371.0,4388.0,121044,147186,4395.0,黄大豆一号,农产品,DCE,A0
2015-05-28,4392.0,4440.0,4377.0,4393.0,137656,145280,4411.0,黄大豆一号,农产品,DCE,A0
2015-05-29,4400.0,4412.0,4372.0,4409.0,83516,142738,4390.0,黄大豆一号,农产品,DCE,A0
2015-06-01,4412.0,4419.0,4308.0,4323.0,129076,140206,4370.0,黄大豆一号,农产品,DCE,A0
2015-06-02,4325.0,4369.0,4321.0,4351.0,87606,132726,4344.0,黄大豆一号,农产品,DCE,A0
2015-06-03,4359.0,4387.0,4349.0,4360.0,77534,130696,4366.0,黄大豆一号,农产品,DCE,A0
2015-06-04,4357.0,4365.0,4302.0,4327.0,90724,124978,4329.0,黄大豆一号,农产品,DCE,A0
2015-06-05,4322.0,4337.0,4252.0,4256.0,92178,122172,4293.0,黄大豆一号,农产品,DCE,A0
2015-06-08,4251.0,4284.0,4240.0,4248.0,76236,119098,4263.0,黄大豆一号,农产品,DCE,A0
2015-06-09,4251.0,4295.0,4244.0,4246.0,85082,116982,4272.0,黄大豆一号,农产品,DCE,A0
2015-06-10,4250.0,4272.0,4240.0,4262.0,68302,113828,4257.0,黄大豆一号,农产品,DCE,A0
2015-06-11,4275.0,4284.0,4245.0,4256.0,61360,114468,4264.0,黄大豆一号,农产品,DCE,A0
2015-06-12,4245.0,4260.0,4147.0,4162.0,169804,98898,4190.0,黄大豆一号,农产品,DCE,A0
2015-06-15,4176.0,4190.0,4141.0,4148.0,72524,90668,4165.0,黄大豆一号,农产品,DCE,A0
2015-06-16,4231.0,4304.0,4221.0,4275.0,45244,110516,4267.0,黄大豆一号,农产品,DCE,A0
2015-06-17,4273.0,4332.0,4250.0,4325.0,35988,113258,4304.0,黄大豆一号,农产品,DCE,A0
2015-06-18,4320.0,4368.0,4311.0,4326.0,42310,114622,4333.0,黄大豆一号,农产品,DCE,A0
2015-06-19,4308.0,4335.0,4291.0,4321.0,27446,108670,4311.0,黄大豆一号,农产品,DCE,A0
2015-06-23,4300.0,4300.0,4037.0,4121.0,22,14,4145.0,黄大豆一号,农产品,DCE,A0
2015-06-24,4343.0,4349.0,4288.0,4308.0,32990,108406,4315.0,黄大豆一号,农产品,DCE,A0
2015-06-25,4308.0,4344.0,4291.0,4303.0,22680,108272,4312.0,黄大豆一号,农产品,DCE,A0
2015-06-26,4313.0,4335.0,4270.0,4280.0,37568,107938,4309.0,黄大豆一号,农产品,DCE,A0
2015-06-29,4306.0,4317.0,4241.0,4261.0,39734,106508,4270.0,黄大豆一号,农产品,DCE,A0
2015-06-30,4262.0,4278.0,4206.0,4212.0,30164,104380,4233.0,黄大豆一号,农产品,DCE,A0
2015-07-01,4209.0,4331.0,4187.0,4270.0,66492,105818,4265.0,黄大豆一号,农产品,DCE,A0
2015-07-03,4480.0,4480.0,4458.0,4461.0,44,482,4470.0,黄大豆一号,农产品,DCE,A0
2015-07-06,4239.0,4239.0,4156.0,4170.0,47150,107610,4188.0,黄大豆一号,农产品,DCE,A0
2015-07-07,4169.0,4180.0,4122.0,4127.0,38010,105818,4151.0,黄大豆一号,农产品,DCE,A0
2015-07-08,4125.0,4126.0,3985.0,3986.0,94778,114646,4022.0,黄大豆一号,农产品,DCE,A0
2015-07-09,3986.0,4182.0,3986.0,4166.0,88100,110460,4105.0,黄大豆一号,农产品,DCE,A0
2015-07-10,4176.0,4269.0,4169.0,4265.0,88428,111618,4251.0,黄大豆一号,农产品,DCE,A0
2015-07-13,4269.0,4290.0,4222.0,4261.0,81614,112206,4253.0,黄大豆一号,农产品,DCE,A0
2015-07-14,4253.0,4294.0,4236.0,4269.0,88602,114890,4269.0,黄大豆一号,农产品,DCE,A0
2015-07-15,4267.0,4275.0,4214.0,4230.0,53104,115898,4247.0,黄大豆一号,农产品,DCE,A0
2015-07-16,4225.0,4236.0,4142.0,4206.0,84654,116106,4189.0,黄大豆一号,农产品,DCE,A0
2015-07-17,4208.0,4243.0,4174.0,4202.0,72928,117994,4207.0,黄大豆一号,农产品,DCE,A0
2015-07-20,4191.0,4214.0,4124.0,4147.0,58284,116700,4168.0,黄大豆一号,农产品,DCE,A0
2015-07-21,4141.0,4178.0,4136.0,4147.0,47456,118158,4154.0,黄大豆一号,农产品,DCE,A0
2015-07-22,4146.0,4156.0,4101.0,4141.0,73762,123154,4130.0,黄大豆一号,农产品,DCE,A0
2015-07-23,4129.0,4164.0,4105.0,4150.0,103328,126258,4133.0,黄大豆一号,农产品,DCE,A0
2015-07-24,4151.0,4187.0,4137.0,4163.0,94288,127696,4162.0,黄大豆一号,农产品,DCE,A0
2015-07-27,4158.0,4177.0,4119.0,4127.0,83930,135142,4146.0,黄大豆一号,农产品,DCE,A0
2015-07-28,4121.0,4173.0,4074.0,4170.0,139216,129064,4124.0,黄大豆一号,农产品,DCE,A0
2015-07-29,4179.0,4238.0,4170.0,4234.0,153390,125886,4212.0,黄大豆一号,农产品,DCE,A0
2015-07-30,4234.0,4278.0,4220.0,4232.0,170986,125398,4249.0,黄大豆一号,农产品,DCE,A0
2015-07-31,4245.0,4260.0,4227.0,4248.0,128384,127492,4243.0,黄大豆一号,农产品,DCE,A0
2015-08-03,4255.0,4267.0,4186.0,4222.0,122470,127732,4230.0,黄大豆一号,农产品,DCE,A0
2015-08-04,4225.0,4257.0,4201.0,4255.0,125318,132580,4241.0,黄大豆一号,农产品,DCE,A0
2015-08-05,4260.0,4270.0,4231.0,4249.0,91916,133980,4251.0,黄大豆一号,农产品,DCE,A0
2015-08-06,4265.0,4345.0,4252.0,4331.0,246188,153382,4300.0,黄大豆一号,农产品,DCE,A0
2015-08-07,4330.0,4347.0,4283.0,4325.0,187696,154042,4313.0,黄大豆一号,农产品,DCE,A0
2015-08-10,4313.0,4381.0,4313.0,4361.0,149176,161470,4350.0,黄大豆一号,农产品,DCE,A0
2015-08-11,4355.0,4396.0,4351.0,4379.0,139000,160636,4379.0,黄大豆一号,农产品,DCE,A0
2015-08-12,4367.0,4392.0,4352.0,4388.0,99746,155758,4372.0,黄大豆一号,农产品,DCE,A0
2015-08-13,4402.0,4420.0,4299.0,4344.0,171362,146682,4358.0,黄大豆一号,农产品,DCE,A0
2015-08-14,4337.0,4375.0,4333.0,4359.0,88358,148494,4354.0,黄大豆一号,农产品,DCE,A0
2015-08-17,4355.0,4396.0,4347.0,4372.0,86388,150500,4372.0,黄大豆一号,农产品,DCE,A0
2015-08-18,4374.0,4394.0,4312.0,4313.0,127630,149878,4358.0,黄大豆一号,农产品,DCE,A0
2015-08-19,4316.0,4343.0,4292.0,4325.0,149810,139240,4315.0,黄大豆一号,农产品,DCE,A0
2015-08-20,4331.0,4340.0,4259.0,4279.0,131020,138608,4299.0,黄大豆一号,农产品,DCE,A0
2015-08-21,4277.0,4315.0,4269.0,4281.0,114694,132990,4292.0,黄大豆一号,农产品,DCE,A0
2015-08-24,4278.0,4284.0,4172.0,4197.0,166944,127524,4225.0,黄大豆一号,农产品,DCE,A0
2015-08-25,4175.0,4245.0,4156.0,4210.0,135454,122334,4208.0,黄大豆一号,农产品,DCE,A0
2015-08-26,4242.0,4270.0,4196.0,4204.0,102434,117352,4229.0,黄大豆一号,农产品,DCE,A0
2015-08-27,4210.0,4229.0,4166.0,4219.0,124986,115836,4202.0,黄大豆一号,农产品,DCE,A0
2015-08-28,4218.0,4265.0,4141.0,4156.0,273034,144090,4195.0,黄大豆一号,农产品,DCE,A0
2015-08-31,4148.0,4191.0,4130.0,4160.0,180586,141276,4159.0,黄大豆一号,农产品,DCE,A0
2015-09-01,4158.0,4199.0,4145.0,4181.0,138606,135294,4182.0,黄大豆一号,农产品,DCE,A0
2015-09-02,4170.0,4203.0,4162.0,4189.0,97438,132080,4185.0,黄大豆一号,农产品,DCE,A0
2015-09-03,4170.0,4203.0,4162.0,4185.0,0,132080,4185.0,黄大豆一号,农产品,DCE,A0
2015-09-07,4029.0,4045.0,4008.0,4008.0,20,554,4032.0,黄大豆一号,农产品,DCE,A0
2015-09-08,4126.0,4155.0,4094.0,4147.0,152362,140366,4122.0,黄大豆一号,农产品,DCE,A0
2015-09-09,4157.0,4173.0,4121.0,4123.0,133404,143374,4148.0,黄大豆一号,农产品,DCE,A0
2015-09-10,4120.0,4165.0,4111.0,4158.0,122668,138428,4138.0,黄大豆一号,农产品,DCE,A0
2015-09-11,4142.0,4198.0,4133.0,4170.0,116204,132208,4170.0,黄大豆一号,农产品,DCE,A0
2015-09-14,4169.0,4186.0,4141.0,4144.0,92810,132074,4168.0,黄大豆一号,农产品,DCE,A0
2015-09-15,4143.0,4175.0,4134.0,4139.0,106860,127894,4158.0,黄大豆一号,农产品,DCE,A0
2015-09-16,4139.0,4168.0,4115.0,4165.0,123058,123148,4136.0,黄大豆一号,农产品,DCE,A0
2015-09-17,4165.0,4172.0,4145.0,4150.0,81576,121674,4158.0,黄大豆一号,农产品,DCE,A0
2015-09-18,4142.0,4169.0,4122.0,4128.0,99056,126840,4146.0,黄大豆一号,农产品,DCE,A0
2015-09-21,4124.0,4136.0,4048.0,4099.0,173326,136054,4083.0,黄大豆一号,农产品,DCE,A0
2015-09-22,4099.0,4108.0,4056.0,4071.0,112778,137266,4078.0,黄大豆一号,农产品,DCE,A0
2015-09-23,4057.0,4074.0,4032.0,4064.0,100340,135406,4053.0,黄大豆一号,农产品,DCE,A0
2015-09-24,4065.0,4083.0,4037.0,4045.0,99952,136174,4056.0,黄大豆一号,农产品,DCE,A0
2015-09-25,4039.0,4065.0,3997.0,4027.0,208118,131620,4035.0,黄大豆一号,农产品,DCE,A0
2015-09-28,4047.0,4055.0,4007.0,4014.0,51964,132856,4024.0,黄大豆一号,农产品,DCE,A0
2015-09-29,4014.0,4075.0,3982.0,4073.0,167052,126916,4034.0,黄大豆一号,农产品,DCE,A0
2015-09-30,4079.0,4097.0,4041.0,4047.0,134822,115326,4066.0,黄大豆一号,农产品,DCE,A0
2015-10-01,4079.0,4097.0,4041.0,4066.0,0,115326,4066.0,黄大豆一号,农产品,DCE,A0
2015-10-08,3901.0,3951.0,3806.0,3806.0,20,110,3885.0,黄大豆一号,农产品,DCE,A0
2015-10-09,3898.0,3945.0,3842.0,3888.0,572602,154898,3889.0,黄大豆一号,农产品,DCE,A0
2015-10-12,3897.0,3962.0,3870.0,3956.0,374446,147646,3916.0,黄大豆一号,农产品,DCE,A0
2015-10-13,3949.0,3963.0,3923.0,3952.0,281438,148050,3942.0,黄大豆一号,农产品,DCE,A0
2015-10-14,3952.0,3999.0,3944.0,3984.0,278330,133608,3973.0,黄大豆一号,农产品,DCE,A0
2015-10-15,3988.0,3999.0,3962.0,3971.0,168512,134480,3978.0,黄大豆一号,农产品,DCE,A0
2015-10-16,3966.0,3969.0,3926.0,3945.0,226762,146902,3944.0,黄大豆一号,农产品,DCE,A0
2015-10-19,3936.0,3954.0,3916.0,3939.0,154736,145770,3936.0,黄大豆一号,农产品,DCE,A0
2015-10-20,3926.0,3951.0,3903.0,3930.0,176582,149322,3928.0,黄大豆一号,农产品,DCE,A0
2015-10-21,3930.0,3946.0,3907.0,3910.0,115160,148996,3925.0,黄大豆一号,农产品,DCE,A0
2015-10-22,3911.0,3982.0,3898.0,3969.0,212442,134004,3940.0,黄大豆一号,农产品,DCE,A0
2015-10-23,3976.0,3985.0,3930.0,3965.0,169676,120346,3951.0,黄大豆一号,农产品,DCE,A0
2015-10-26,3969.0,3975.0,3866.0,3905.0,267988,132390,3910.0,黄大豆一号,农产品,DCE,A0
2015-10-27,3905.0,3913.0,3869.0,3912.0,167042,128074,3890.0,黄大豆一号,农产品,DCE,A0
2015-10-28,3908.0,3918.0,3875.0,3879.0,114280,132162,3894.0,黄大豆一号,农产品,DCE,A0
2015-10-29,3880.0,3908.0,3870.0,3885.0,118276,132096,3888.0,黄大豆一号,农产品,DCE,A0
2015-10-30,3880.0,3892.0,3855.0,3881.0,145762,131102,3876.0,黄大豆一号,农产品,DCE,A0
2015-11-02,3884.0,3892.0,3870.0,3875.0,86936,128404,3878.0,黄大豆一号,农产品,DCE,A0
2015-11-03,3870.0,3887.0,3860.0,3878.0,82820,125600,3873.0,黄大豆一号,农产品,DCE,A0
2015-11-04,3875.0,3898.0,3865.0,3887.0,136458,111242,3880.0,黄大豆一号,农产品,DCE,A0
2015-11-05,3861.0,3874.0,3842.0,3848.0,33788,121478,3859.0,黄大豆一号,农产品,DCE,A0
2015-11-06,3848.0,3862.0,3808.0,3860.0,51936,123744,3835.0,黄大豆一号,农产品,DCE,A0
2015-11-09,3859.0,3889.0,3821.0,3848.0,62646,123770,3855.0,黄大豆一号,农产品,DCE,A0
2015-11-10,3844.0,3855.0,3824.0,3836.0,36134,125250,3836.0,黄大豆一号,农产品,DCE,A0
2015-11-11,3836.0,3860.0,3775.0,3838.0,100396,136102,3814.0,黄大豆一号,农产品,DCE,A0
2015-11-12,3843.0,3872.0,3834.0,3861.0,63370,139854,3854.0,黄大豆一号,农产品,DCE,A0
2015-11-13,3851.0,3894.0,3850.0,3873.0,71120,139138,3874.0,黄大豆一号,农产品,DCE,A0
2015-11-16,3854.0,3883.0,3766.0,3767.0,119724,162382,3817.0,黄大豆一号,农产品,DCE,A0
2015-11-17,3777.0,3783.0,3731.0,3754.0,142882,188138,3759.0,黄大豆一号,农产品,DCE,A0
2015-11-18,3756.0,3790.0,3750.0,3766.0,98602,198544,3770.0,黄大豆一号,农产品,DCE,A0
2015-11-19,3767.0,3771.0,3670.0,3678.0,190854,211938,3714.0,黄大豆一号,农产品,DCE,A0
2015-11-20,3675.0,3696.0,3650.0,3653.0,121378,212408,3674.0,黄大豆一号,农产品,DCE,A0
2015-11-23,3650.0,3722.0,3642.0,3692.0,189190,220588,3690.0,黄大豆一号,农产品,DCE,A0
2015-11-24,3696.0,3753.0,3675.0,3745.0,139250,219458,3722.0,黄大豆一号,农产品,DCE,A0
2015-11-25,3745.0,3758.0,3703.0,3718.0,152714,216906,3729.0,黄大豆一号,农产品,DCE,A0
2015-11-26,3710.0,3775.0,3704.0,3757.0,115274,207178,3749.0,黄大豆一号,农产品,DCE,A0
2015-11-27,3750.0,3765.0,3709.0,3727.0,97476,210150,3734.0,黄大豆一号,农产品,DCE,A0
2015-11-30,3727.0,3768.0,3703.0,3758.0,117168,209228,3735.0,黄大豆一号,农产品,DCE,A0
2015-12-01,3756.0,3782.0,3747.0,3768.0,109872,204566,3763.0,黄大豆一号,农产品,DCE,A0
2015-12-02,3776.0,3820.0,3730.0,3744.0,226670,195926,3776.0,黄大豆一号,农产品,DCE,A0
2015-12-03,3743.0,3793.0,3717.0,3787.0,173874,187054,3755.0,黄大豆一号,农产品,DCE,A0
2015-12-04,3788.0,3808.0,3772.0,3780.0,123458,180952,3789.0,黄大豆一号,农产品,DCE,A0
2015-12-07,3784.0,3815.0,3762.0,3799.0,89570,181308,3792.0,黄大豆一号,农产品,DCE,A0
2015-12-08,3803.0,3803.0,3737.0,3747.0,147062,187380,3763.0,黄大豆一号,农产品,DCE,A0
2015-12-09,3750.0,3755.0,3728.0,3739.0,97774,183660,3742.0,黄大豆一号,农产品,DCE,A0
2015-12-10,3743.0,3749.0,3712.0,3730.0,106738,179902,3731.0,黄大豆一号,农产品,DCE,A0
2015-12-11,3727.0,3738.0,3696.0,3730.0,117402,177732,3714.0,黄大豆一号,农产品,DCE,A0
2015-12-14,3725.0,3743.0,3674.0,3677.0,145634,196244,3701.0,黄大豆一号,农产品,DCE,A0
2015-12-15,3668.0,3689.0,3646.0,3651.0,166030,228172,3667.0,黄大豆一号,农产品,DCE,A0
2015-12-16,3646.0,3693.0,3644.0,3681.0,122280,208500,3656.0,黄大豆一号,农产品,DCE,A0
2015-12-17,3680.0,3720.0,3673.0,3700.0,138740,183156,3699.0,黄大豆一号,农产品,DCE,A0
2015-12-18,3700.0,3730.0,3684.0,3726.0,85408,176864,3705.0,黄大豆一号,农产品,DCE,A0
2015-12-21,3726.0,3757.0,3725.0,3749.0,90036,167264,3742.0,黄大豆一号,农产品,DCE,A0
2015-12-22,3749.0,3763.0,3705.0,3706.0,92394,170598,3738.0,黄大豆一号,农产品,DCE,A0
2015-12-23,3708.0,3720.0,3689.0,3713.0,113010,171656,3703.0,黄大豆一号,农产品,DCE,A0
2015-12-24,3713.0,3719.0,3692.0,3701.0,64164,169784,3706.0,黄大豆一号,农产品,DCE,A0
2015-12-25,3697.0,3733.0,3661.0,3668.0,134840,185548,3697.0,黄大豆一号,农产品,DCE,A0
2015-12-28,3668.0,3676.0,3580.0,3599.0,256660,217654,3619.0,黄大豆一号,农产品,DCE,A0
2015-12-29,3609.0,3635.0,3589.0,3622.0,192072,209538,3610.0,黄大豆一号,农产品,DCE,A0
2015-12-30,3620.0,3658.0,3612.0,3631.0,147836,197838,3633.0,黄大豆一号,农产品,DCE,A0
2015-12-31,3626.0,3632.0,3602.0,3620.0,174314,197982,3615.0,黄大豆一号,农产品,DCE,A0
2016-01-04,3615.0,3645.0,3571.0,3603.0,120894,197206,3602.0,黄大豆一号,农产品,DCE,A0
2016-01-05,3602.0,3624.0,3596.0,3614.0,89338,190302,3611.0,黄大豆一号,农产品,DCE,A0
2016-01-06,3615.0,3620.0,3578.0,3596.0,139100,205446,3593.0,黄大豆一号,农产品,DCE,A0
2016-01-07,3588.0,3630.0,3587.0,3596.0,106460,193450,3604.0,黄大豆一号,农产品,DCE,A0
2016-01-08,3594.0,3620.0,3590.0,3607.0,105130,185866,3609.0,黄大豆一号,农产品,DCE,A0
2016-01-11,3610.0,3616.0,3562.0,3578.0,145006,206616,3587.0,黄大豆一号,农产品,DCE,A0
2016-01-12,3573.0,3589.0,3571.0,3582.0,72774,203610,3581.0,黄大豆一号,农产品,DCE,A0
2016-01-13,3584.0,3619.0,3579.0,3613.0,174728,184960,3606.0,黄大豆一号,农产品,DCE,A0
2016-01-14,3609.0,3611.0,3583.0,3590.0,104958,182756,3593.0,黄大豆一号,农产品,DCE,A0
2016-01-15,3595.0,3600.0,3579.0,3590.0,66458,182734,3589.0,黄大豆一号,农产品,DCE,A0
2016-01-18,3580.0,3614.0,3576.0,3601.0,110376,167490,3595.0,黄大豆一号,农产品,DCE,A0
2016-01-19,3605.0,3644.0,3589.0,3636.0,132664,154624,3619.0,黄大豆一号,农产品,DCE,A0
2016-01-20,3632.0,3648.0,3593.0,3603.0,109970,154458,3619.0,黄大豆一号,农产品,DCE,A0
2016-01-21,3613.0,3613.0,3570.0,3591.0,126210,163190,3586.0,黄大豆一号,农产品,DCE,A0
2016-01-22,3593.0,3612.0,3586.0,3607.0,88044,161148,3601.0,黄大豆一号,农产品,DCE,A0
2016-01-25,3610.0,3618.0,3576.0,3582.0,99894,171138,3594.0,黄大豆一号,农产品,DCE,A0
2016-01-26,3581.0,3583.0,3541.0,3554.0,190252,202950,3552.0,黄大豆一号,农产品,DCE,A0
2016-01-27,3556.0,3574.0,3534.0,3564.0,137268,183362,3557.0,黄大豆一号,农产品,DCE,A0
2016-01-28,3570.0,3570.0,3523.0,3529.0,139930,196934,3545.0,黄大豆一号,农产品,DCE,A0
2016-01-29,3528.0,3534.0,3507.0,3516.0,121634,197610,3522.0,黄大豆一号,农产品,DCE,A0
2016-02-01,3515.0,3533.0,3512.0,3517.0,59240,195640,3521.0,黄大豆一号,农产品,DCE,A0
2016-02-02,3515.0,3515.0,3484.0,3508.0,91506,203898,3506.0,黄大豆一号,农产品,DCE,A0
2016-02-03,3508.0,3528.0,3504.0,3516.0,78004,190534,3517.0,黄大豆一号,农产品,DCE,A0
2016-02-04,3515.0,3516.0,3471.0,3487.0,122216,192058,3487.0,黄大豆一号,农产品,DCE,A0
2016-02-05,3486.0,3491.0,3453.0,3479.0,104962,172868,3473.0,黄大豆一号,农产品,DCE,A0
2016-02-15,3465.0,3487.0,3426.0,3453.0,75086,183188,3451.0,黄大豆一号,农产品,DCE,A0
2016-02-16,3456.0,3474.0,3450.0,3462.0,74264,181606,3462.0,黄大豆一号,农产品,DCE,A0
2016-02-17,3461.0,3483.0,3454.0,3480.0,86988,177846,3467.0,黄大豆一号,农产品,DCE,A0
2016-02-18,3478.0,3488.0,3471.0,3481.0,65616,176676,3478.0,黄大豆一号,农产品,DCE,A0
2016-02-19,3480.0,3500.0,3474.0,3491.0,75744,174278,3488.0,黄大豆一号,农产品,DCE,A0
2016-02-22,3493.0,3557.0,3487.0,3542.0,128196,149568,3520.0,黄大豆一号,农产品,DCE,A0
2016-02-23,3540.0,3552.0,3508.0,3538.0,77424,142230,3526.0,黄大豆一号,农产品,DCE,A0
2016-02-24,3535.0,3542.0,3504.0,3518.0,75512,143046,3520.0,黄大豆一号,农产品,DCE,A0
2016-02-25,3518.0,3526.0,3502.0,3508.0,70366,142886,3516.0,黄大豆一号,农产品,DCE,A0
2016-02-26,3508.0,3548.0,3508.0,3531.0,114558,138276,3529.0,黄大豆一号,农产品,DCE,A0
2016-02-29,3528.0,3541.0,3463.0,3510.0,127406,130936,3501.0,黄大豆一号,农产品,DCE,A0
2016-03-01,3506.0,3534.0,3506.0,3527.0,70380,127112,3519.0,黄大豆一号,农产品,DCE,A0
2016-03-02,3523.0,3568.0,3506.0,3548.0,127890,119344,3535.0,黄大豆一号,农产品,DCE,A0
2016-03-03,3545.0,3638.0,3542.0,3624.0,210756,125378,3604.0,黄大豆一号,农产品,DCE,A0
2016-03-04,3624.0,3645.0,3606.0,3639.0,136004,121360,3626.0,黄大豆一号,农产品,DCE,A0
2016-03-07,3638.0,3688.0,3583.0,3601.0,198926,102388,3636.0,黄大豆一号,农产品,DCE,A0
2016-03-08,3605.0,3636.0,3579.0,3592.0,111296,91930,3606.0,黄大豆一号,农产品,DCE,A0
2016-03-09,3493.0,3506.0,3462.0,3471.0,94680,123362,3480.0,黄大豆一号,农产品,DCE,A0
2016-03-10,3492.0,3492.0,3460.0,3470.0,67600,130172,3477.0,黄大豆一号,农产品,DCE,A0
2016-03-11,3474.0,3474.0,3432.0,3451.0,61028,133102,3449.0,黄大豆一号,农产品,DCE,A0
2016-03-14,3455.0,3469.0,3437.0,3444.0,64536,141346,3452.0,黄大豆一号,农产品,DCE,A0
2016-03-15,3442.0,3455.0,3397.0,3402.0,135894,160232,3420.0,黄大豆一号,农产品,DCE,A0
2016-03-16,3402.0,3411.0,3360.0,3376.0,143460,176546,3383.0,黄大豆一号,农产品,DCE,A0
2016-03-17,3379.0,3397.0,3368.0,3390.0,131850,171994,3384.0,黄大豆一号,农产品,DCE,A0
2016-03-18,3400.0,3470.0,3393.0,3441.0,213280,157616,3429.0,黄大豆一号,农产品,DCE,A0
2016-03-21,3440.0,3454.0,3407.0,3422.0,106310,165054,3430.0,黄大豆一号,农产品,DCE,A0
2016-03-22,3427.0,3506.0,3423.0,3491.0,211886,167896,3478.0,黄大豆一号,农产品,DCE,A0
2016-03-23,3488.0,3540.0,3475.0,3480.0,229932,165874,3512.0,黄大豆一号,农产品,DCE,A0
2016-03-24,3473.0,3512.0,3444.0,3470.0,232162,168568,3485.0,黄大豆一号,农产品,DCE,A0
2016-03-25,3465.0,3529.0,3449.0,3513.0,217458,169684,3506.0,黄大豆一号,农产品,DCE,A0
2016-03-28,3515.0,3532.0,3475.0,3478.0,207304,165356,3508.0,黄大豆一号,农产品,DCE,A0
2016-03-29,3480.0,3494.0,3452.0,3456.0,172644,162812,3472.0,黄大豆一号,农产品,DCE,A0
2016-03-30,3465.0,3489.0,3457.0,3475.0,163620,170128,3474.0,黄大豆一号,农产品,DCE,A0
2016-03-31,3475.0,3483.0,3429.0,3447.0,160736,156680,3451.0,黄大豆一号,农产品,DCE,A0
2016-04-01,3452.0,3452.0,3373.0,3379.0,275376,197508,3405.0,黄大豆一号,农产品,DCE,A0
2016-04-06,3370.0,3370.0,3316.0,3322.0,301268,254364,3335.0,黄大豆一号,农产品,DCE,A0
2016-04-07,3315.0,3340.0,3310.0,3322.0,172132,263620,3329.0,黄大豆一号,农产品,DCE,A0
2016-04-08,3322.0,3335.0,3312.0,3318.0,168082,266886,3322.0,黄大豆一号,农产品,DCE,A0
2016-04-11,3322.0,3367.0,3316.0,3339.0,229192,259360,3345.0,黄大豆一号,农产品,DCE,A0
2016-04-12,3340.0,3374.0,3338.0,3369.0,182198,254734,3357.0,黄大豆一号,农产品,DCE,A0
2016-04-13,3372.0,3448.0,3370.0,3416.0,364814,228406,3413.0,黄大豆一号,农产品,DCE,A0
2016-04-14,3410.0,3479.0,3410.0,3444.0,286900,229698,3448.0,黄大豆一号,农产品,DCE,A0
2016-04-15,3443.0,3464.0,3421.0,3422.0,216066,230192,3442.0,黄大豆一号,农产品,DCE,A0
2016-04-18,3418.0,3498.0,3408.0,3476.0,315794,243730,3463.0,黄大豆一号,农产品,DCE,A0
2016-04-19,3481.0,3510.0,3466.0,3483.0,303814,243244,3486.0,黄大豆一号,农产品,DCE,A0
2016-04-20,3498.0,3625.0,3490.0,3611.0,687638,254672,3580.0,黄大豆一号,农产品,DCE,A0
2016-04-21,3610.0,3723.0,3583.0,3723.0,358134,255156,3651.0,黄大豆一号,农产品,DCE,A0
2016-04-22,3796.0,3869.0,3601.0,3681.0,1299000,259052,3762.0,黄大豆一号,农产品,DCE,A0
2016-04-25,3695.0,3855.0,3660.0,3702.0,1019412,289762,3739.0,黄大豆一号,农产品,DCE,A0
2016-04-26,3701.0,3765.0,3672.0,3707.0,561860,263562,3720.0,黄大豆一号,农产品,DCE,A0
2016-04-27,3723.0,3743.0,3664.0,3683.0,447228,265726,3698.0,黄大豆一号,农产品,DCE,A0
2016-04-28,3687.0,3695.0,3574.0,3600.0,476878,245536,3630.0,黄大豆一号,农产品,DCE,A0
2016-04-29,3602.0,3657.0,3581.0,3586.0,341034,249736,3621.0,黄大豆一号,农产品,DCE,A0
2016-05-03,3620.0,3708.0,3595.0,3704.0,314320,261846,3662.0,黄大豆一号,农产品,DCE,A0
2016-05-04,3691.0,3731.0,3616.0,3631.0,350268,260188,3661.0,黄大豆一号,农产品,DCE,A0
2016-05-05,3631.0,3655.0,3597.0,3610.0,266052,275140,3629.0,黄大豆一号,农产品,DCE,A0
2016-05-06,3636.0,3645.0,3500.0,3520.0,382470,269000,3556.0,黄大豆一号,农产品,DCE,A0
2016-05-09,3521.0,3579.0,3493.0,3530.0,420272,276116,3531.0,黄大豆一号,农产品,DCE,A0
2016-05-10,3521.0,3536.0,3462.0,3508.0,296648,272958,3493.0,黄大豆一号,农产品,DCE,A0
2016-05-11,3514.0,3667.0,3506.0,3667.0,553812,313318,3618.0,黄大豆一号,农产品,DCE,A0
2016-05-12,3660.0,3723.0,3607.0,3645.0,781138,296964,3660.0,黄大豆一号,农产品,DCE,A0
2016-05-13,3645.0,3676.0,3530.0,3567.0,561366,264922,3596.0,黄大豆一号,农产品,DCE,A0
2016-05-16,3568.0,3642.0,3545.0,3614.0,372828,263680,3598.0,黄大豆一号,农产品,DCE,A0
2016-05-17,3610.0,3678.0,3609.0,3676.0,337004,260614,3648.0,黄大豆一号,农产品,DCE,A0
2016-05-18,3680.0,3780.0,3658.0,3689.0,560494,233280,3719.0,黄大豆一号,农产品,DCE,A0
2016-05-19,3691.0,3753.0,3652.0,3742.0,639040,242624,3720.0,黄大豆一号,农产品,DCE,A0
2016-05-20,3722.0,3734.0,3680.0,3721.0,346946,242742,3710.0,黄大豆一号,农产品,DCE,A0
2016-05-23,3753.0,3770.0,3640.0,3653.0,388680,228750,3690.0,黄大豆一号,农产品,DCE,A0
2016-05-24,3654.0,3664.0,3518.0,3537.0,441674,216454,3583.0,黄大豆一号,农产品,DCE,A0
2016-05-25,3538.0,3588.0,3512.0,3569.0,302886,204502,3557.0,黄大豆一号,农产品,DCE,A0
2016-05-26,3575.0,3669.0,3575.0,3661.0,345342,203086,3628.0,黄大豆一号,农产品,DCE,A0
2016-05-27,3671.0,3693.0,3605.0,3661.0,313538,205980,3645.0,黄大豆一号,农产品,DCE,A0
2016-05-30,3655.0,3755.0,3646.0,3720.0,324160,212546,3707.0,黄大豆一号,农产品,DCE,A0
2016-05-31,3670.0,3763.0,3620.0,3717.0,460928,230640,3700.0,黄大豆一号,农产品,DCE,A0
2016-06-01,3740.0,3808.0,3668.0,3713.0,663104,216136,3745.0,黄大豆一号,农产品,DCE,A0
2016-06-02,3720.0,3806.0,3691.0,3766.0,448598,233346,3763.0,黄大豆一号,农产品,DCE,A0
2016-06-03,3773.0,3837.0,3762.0,3833.0,439744,236826,3802.0,黄大豆一号,农产品,DCE,A0
2016-06-06,3855.0,3865.0,3783.0,3830.0,344744,229904,3817.0,黄大豆一号,农产品,DCE,A0
2016-06-07,3839.0,3849.0,3798.0,3831.0,322764,231216,3820.0,黄大豆一号,农产品,DCE,A0
2016-06-08,3821.0,3840.0,3770.0,3826.0,343748,226418,3806.0,黄大豆一号,农产品,DCE,A0
2016-06-13,3898.0,3992.0,3898.0,3944.0,290542,239896,3952.0,黄大豆一号,农产品,DCE,A0
2016-06-14,3950.0,3971.0,3844.0,3879.0,344664,234960,3910.0,黄大豆一号,农产品,DCE,A0
2016-06-15,3892.0,3905.0,3834.0,3868.0,263608,231304,3867.0,黄大豆一号,农产品,DCE,A0
2016-06-16,3884.0,3907.0,3798.0,3813.0,276188,224584,3853.0,黄大豆一号,农产品,DCE,A0
2016-06-17,3817.0,3849.0,3767.0,3848.0,213086,218630,3813.0,黄大豆一号,农产品,DCE,A0
2016-06-20,3860.0,3875.0,3803.0,3847.0,194354,214246,3841.0,黄大豆一号,农产品,DCE,A0
2016-06-21,3837.0,3892.0,3818.0,3849.0,201912,210650,3857.0,黄大豆一号,农产品,DCE,A0
2016-06-22,3830.0,3867.0,3799.0,3867.0,147472,199440,3832.0,黄大豆一号,农产品,DCE,A0
2016-06-23,3845.0,3900.0,3834.0,3845.0,200578,199012,3871.0,黄大豆一号,农产品,DCE,A0
2016-06-24,3844.0,3896.0,3812.0,3814.0,233250,185320,3864.0,黄大豆一号,农产品,DCE,A0
2016-06-27,3801.0,3919.0,3780.0,3903.0,200862,177318,3872.0,黄大豆一号,农产品,DCE,A0
2016-06-28,3893.0,4009.0,3889.0,3986.0,278490,181734,3959.0,黄大豆一号,农产品,DCE,A0
2016-06-29,4015.0,4015.0,3917.0,3932.0,223488,175710,3960.0,黄大豆一号,农产品,DCE,A0
2016-06-30,3921.0,3968.0,3921.0,3940.0,159498,178638,3947.0,黄大豆一号,农产品,DCE,A0
2016-07-01,3930.0,4026.0,3896.0,3924.0,257486,186556,3946.0,黄大豆一号,农产品,DCE,A0
2016-07-04,3915.0,3968.0,3892.0,3908.0,294098,197316,3933.0,黄大豆一号,农产品,DCE,A0
2016-07-05,3906.0,3927.0,3811.0,3859.0,258164,174276,3874.0,黄大豆一号,农产品,DCE,A0
2016-07-06,3865.0,3888.0,3747.0,3768.0,246476,163486,3805.0,黄大豆一号,农产品,DCE,A0
2016-07-07,3741.0,3826.0,3706.0,3733.0,196930,146324,3751.0,黄大豆一号,农产品,DCE,A0
2016-07-08,3764.0,3792.0,3704.0,3741.0,208378,135164,3742.0,黄大豆一号,农产品,DCE,A0
2016-07-11,3763.0,3840.0,3738.0,3780.0,161750,133390,3788.0,黄大豆一号,农产品,DCE,A0
2016-07-12,3794.0,3803.0,3724.0,3754.0,184980,139040,3759.0,黄大豆一号,农产品,DCE,A0
2016-07-13,3750.0,3861.0,3745.0,3841.0,198350,126170,3809.0,黄大豆一号,农产品,DCE,A0
2016-07-14,3930.0,3930.0,3861.0,3912.0,75262,140314,3898.0,黄大豆一号,农产品,DCE,A0
2016-07-15,3924.0,3932.0,3819.0,3850.0,83684,141084,3855.0,黄大豆一号,农产品,DCE,A0
2016-07-18,3831.0,3865.0,3795.0,3807.0,75192,141764,3830.0,黄大豆一号,农产品,DCE,A0
2016-07-19,3799.0,3849.0,3790.0,3830.0,71326,138352,3827.0,黄大豆一号,农产品,DCE,A0
2016-07-20,3822.0,3834.0,3738.0,3780.0,117224,148676,3781.0,黄大豆一号,农产品,DCE,A0
2016-07-21,3770.0,3784.0,3715.0,3732.0,153778,167206,3738.0,黄大豆一号,农产品,DCE,A0
2016-07-22,3733.0,3739.0,3636.0,3652.0,199400,186394,3684.0,黄大豆一号,农产品,DCE,A0
2016-07-25,3640.0,3658.0,3588.0,3634.0,166226,191402,3627.0,黄大豆一号,农产品,DCE,A0
2016-07-26,3630.0,3651.0,3610.0,3641.0,117510,190674,3627.0,黄大豆一号,农产品,DCE,A0
2016-07-27,3630.0,3665.0,3612.0,3635.0,119302,192580,3641.0,黄大豆一号,农产品,DCE,A0
2016-07-28,3655.0,3670.0,3612.0,3635.0,134232,204404,3643.0,黄大豆一号,农产品,DCE,A0
2016-07-29,3627.0,3642.0,3563.0,3595.0,151404,210584,3602.0,黄大豆一号,农产品,DCE,A0
2016-08-01,3595.0,3665.0,3584.0,3634.0,142132,191232,3630.0,黄大豆一号,农产品,DCE,A0
2016-08-02,3622.0,3645.0,3573.0,3612.0,134598,195658,3608.0,黄大豆一号,农产品,DCE,A0
2016-08-03,3618.0,3627.0,3587.0,3611.0,96754,200178,3607.0,黄大豆一号,农产品,DCE,A0
2016-08-04,3622.0,3630.0,3576.0,3626.0,122192,200992,3603.0,黄大豆一号,农产品,DCE,A0
2016-08-05,3631.0,3669.0,3612.0,3651.0,138114,193290,3643.0,黄大豆一号,农产品,DCE,A0
2016-08-08,3644.0,3694.0,3637.0,3659.0,150202,188044,3674.0,黄大豆一号,农产品,DCE,A0
2016-08-09,3670.0,3685.0,3640.0,3676.0,114350,181104,3669.0,黄大豆一号,农产品,DCE,A0
2016-08-10,3665.0,3740.0,3661.0,3731.0,151110,171374,3711.0,黄大豆一号,农产品,DCE,A0
2016-08-11,3738.0,3745.0,3702.0,3724.0,103716,159434,3727.0,黄大豆一号,农产品,DCE,A0
2016-08-12,3730.0,3751.0,3718.0,3749.0,87606,156202,3734.0,黄大豆一号,农产品,DCE,A0
2016-08-15,3760.0,3810.0,3706.0,3802.0,190556,154504,3769.0,黄大豆一号,农产品,DCE,A0
2016-08-16,3809.0,3824.0,3792.0,3820.0,103218,152116,3811.0,黄大豆一号,农产品,DCE,A0
2016-08-17,3820.0,3904.0,3790.0,3887.0,212716,181298,3856.0,黄大豆一号,农产品,DCE,A0
2016-08-18,3892.0,3915.0,3860.0,3875.0,172886,195646,3886.0,黄大豆一号,农产品,DCE,A0
2016-08-19,3869.0,3882.0,3797.0,3826.0,194022,185150,3835.0,黄大豆一号,农产品,DCE,A0
2016-08-22,3819.0,3885.0,3806.0,3828.0,172724,198678,3845.0,黄大豆一号,农产品,DCE,A0
2016-08-23,3811.0,3854.0,3786.0,3788.0,110664,199384,3825.0,黄大豆一号,农产品,DCE,A0
2016-08-24,3800.0,3806.0,3756.0,3777.0,161210,178654,3781.0,黄大豆一号,农产品,DCE,A0
2016-08-25,3770.0,3799.0,3738.0,3786.0,151826,175910,3771.0,黄大豆一号,农产品,DCE,A0
2016-08-26,3771.0,3787.0,3725.0,3744.0,133044,169422,3756.0,黄大豆一号,农产品,DCE,A0
2016-08-29,3755.0,3780.0,3741.0,3759.0,102454,172762,3760.0,黄大豆一号,农产品,DCE,A0
2016-08-30,3751.0,3789.0,3736.0,3757.0,108424,178606,3764.0,黄大豆一号,农产品,DCE,A0
2016-08-31,3751.0,3768.0,3665.0,3676.0,182338,171954,3704.0,黄大豆一号,农产品,DCE,A0
2016-09-01,3668.0,3688.0,3646.0,3657.0,131188,169800,3666.0,黄大豆一号,农产品,DCE,A0
2016-09-02,3661.0,3689.0,3621.0,3626.0,166654,175108,3656.0,黄大豆一号,农产品,DCE,A0
2016-09-05,3636.0,3640.0,3567.0,3585.0,211072,204100,3604.0,黄大豆一号,农产品,DCE,A0
2016-09-06,3585.0,3605.0,3576.0,3596.0,106576,196776,3592.0,黄大豆一号,农产品,DCE,A0
2016-09-07,3593.0,3640.0,3578.0,3630.0,156224,193494,3619.0,黄大豆一号,农产品,DCE,A0
2016-09-08,3633.0,3650.0,3619.0,3628.0,132486,199814,3632.0,黄大豆一号,农产品,DCE,A0
2016-09-09,3630.0,3642.0,3607.0,3632.0,121884,197926,3624.0,黄大豆一号,农产品,DCE,A0
2016-09-12,3629.0,3667.0,3601.0,3644.0,210022,186634,3640.0,黄大豆一号,农产品,DCE,A0
2016-09-13,3652.0,3674.0,3626.0,3645.0,136402,182696,3651.0,黄大豆一号,农产品,DCE,A0
2016-09-14,3635.0,3679.0,3606.0,3675.0,170630,174964,3645.0,黄大豆一号,农产品,DCE,A0
2016-09-19,3735.0,3807.0,3711.0,3797.0,191562,166910,3758.0,黄大豆一号,农产品,DCE,A0
2016-09-20,3804.0,3818.0,3785.0,3807.0,169442,160306,3800.0,黄大豆一号,农产品,DCE,A0
2016-09-21,3803.0,3830.0,3750.0,3766.0,197704,147740,3785.0,黄大豆一号,农产品,DCE,A0
2016-09-22,3768.0,3797.0,3746.0,3772.0,151998,150530,3771.0,黄大豆一号,农产品,DCE,A0
2016-09-23,3784.0,3794.0,3732.0,3748.0,131854,147134,3762.0,黄大豆一号,农产品,DCE,A0
2016-09-26,3740.0,3773.0,3724.0,3752.0,136002,150830,3750.0,黄大豆一号,农产品,DCE,A0
2016-09-27,3760.0,3760.0,3680.0,3689.0,159734,148708,3712.0,黄大豆一号,农产品,DCE,A0
2016-09-28,3690.0,3698.0,3660.0,3665.0,127544,144352,3676.0,黄大豆一号,农产品,DCE,A0
2016-09-29,3662.0,3710.0,3650.0,3687.0,117828,134898,3690.0,黄大豆一号,农产品,DCE,A0
2016-09-30,3687.0,3749.0,3672.0,3749.0,160590,141848,3718.0,黄大豆一号,农产品,DCE,A0
2016-10-10,3790.0,3790.0,3703.0,3752.0,102068,143462,3722.0,黄大豆一号,农产品,DCE,A0
2016-10-11,3743.0,3758.0,3700.0,3712.0,161404,158446,3723.0,黄大豆一号,农产品,DCE,A0
2016-10-12,3703.0,3728.0,3624.0,3633.0,216388,163652,3674.0,黄大豆一号,农产品,DCE,A0
2016-10-13,3638.0,3648.0,3612.0,3624.0,193316,189416,3627.0,黄大豆一号,农产品,DCE,A0
2016-10-14,3627.0,3673.0,3625.0,3660.0,146228,179118,3651.0,黄大豆一号,农产品,DCE,A0
2016-10-17,3660.0,3706.0,3643.0,3681.0,197892,190198,3679.0,黄大豆一号,农产品,DCE,A0
2016-10-18,3689.0,3702.0,3659.0,3675.0,147364,197190,3676.0,黄大豆一号,农产品,DCE,A0
2016-10-19,3666.0,3683.0,3640.0,3674.0,205292,202040,3664.0,黄大豆一号,农产品,DCE,A0
2016-10-20,3670.0,3743.0,3669.0,3742.0,283028,187988,3703.0,黄大豆一号,农产品,DCE,A0
2016-10-21,3740.0,3779.0,3695.0,3761.0,253220,185844,3741.0,黄大豆一号,农产品,DCE,A0
2016-10-24,3761.0,3816.0,3741.0,3805.0,220844,189260,3779.0,黄大豆一号,农产品,DCE,A0
2016-10-25,3812.0,3850.0,3751.0,3762.0,235956,180274,3791.0,黄大豆一号,农产品,DCE,A0
2016-10-26,3761.0,3890.0,3731.0,3876.0,369214,200072,3821.0,黄大豆一号,农产品,DCE,A0
2016-10-27,3870.0,3918.0,3838.0,3865.0,352974,182732,3877.0,黄大豆一号,农产品,DCE,A0
2016-10-28,3860.0,3886.0,3836.0,3851.0,188714,177668,3860.0,黄大豆一号,农产品,DCE,A0
2016-10-31,3848.0,3866.0,3812.0,3823.0,156268,172280,3832.0,黄大豆一号,农产品,DCE,A0
2016-11-01,3822.0,3883.0,3793.0,3839.0,240198,180428,3846.0,黄大豆一号,农产品,DCE,A0
2016-11-02,3837.0,3860.0,3771.0,3785.0,209204,169914,3810.0,黄大豆一号,农产品,DCE,A0
2016-11-03,3798.0,3820.0,3753.0,3768.0,183790,166466,3786.0,黄大豆一号,农产品,DCE,A0
2016-11-04,3775.0,3801.0,3760.0,3762.0,149672,163616,3782.0,黄大豆一号,农产品,DCE,A0
2016-11-07,3765.0,3855.0,3752.0,3832.0,177398,172224,3808.0,黄大豆一号,农产品,DCE,A0
2016-11-08,3838.0,3860.0,3807.0,3844.0,168238,174504,3831.0,黄大豆一号,农产品,DCE,A0
2016-11-09,3844.0,3875.0,3788.0,3810.0,202122,164742,3832.0,黄大豆一号,农产品,DCE,A0
2016-11-10,3816.0,3910.0,3793.0,3874.0,301476,169226,3852.0,黄大豆一号,农产品,DCE,A0
2016-11-11,3866.0,3995.0,3858.0,3930.0,377172,169180,3930.0,黄大豆一号,农产品,DCE,A0
2016-11-14,3910.0,3989.0,3734.0,3734.0,313694,124974,3832.0,黄大豆一号,农产品,DCE,A0
2016-11-15,3731.0,3771.0,3656.0,3662.0,206336,109762,3711.0,黄大豆一号,农产品,DCE,A0
2016-11-16,3667.0,3722.0,3666.0,3696.0,167804,120326,3695.0,黄大豆一号,农产品,DCE,A0
2016-11-17,3695.0,3737.0,3686.0,3714.0,173920,118800,3714.0,黄大豆一号,农产品,DCE,A0
2016-11-18,3719.0,3729.0,3686.0,3716.0,129216,119308,3706.0,黄大豆一号,农产品,DCE,A0
2016-11-21,3722.0,3794.0,3705.0,3771.0,156892,111658,3753.0,黄大豆一号,农产品,DCE,A0
2016-11-22,3770.0,3829.0,3770.0,3815.0,166600,110280,3803.0,黄大豆一号,农产品,DCE,A0
2016-11-23,3812.0,3885.0,3793.0,3842.0,188176,111168,3844.0,黄大豆一号,农产品,DCE,A0
2016-11-24,3847.0,3890.0,3800.0,3816.0,203268,101500,3847.0,黄大豆一号,农产品,DCE,A0
2016-11-25,3823.0,3845.0,3771.0,3828.0,155654,92790,3812.0,黄大豆一号,农产品,DCE,A0
2016-11-28,3844.0,3924.0,3816.0,3895.0,168250,89180,3870.0,黄大豆一号,农产品,DCE,A0
2016-11-29,4019.0,4138.0,4003.0,4089.0,223632,135972,4089.0,黄大豆一号,农产品,DCE,A0
2016-11-30,4068.0,4100.0,3967.0,3997.0,213344,137362,4039.0,黄大豆一号,农产品,DCE,A0
2016-12-01,4013.0,4092.0,4011.0,4059.0,175930,158666,4051.0,黄大豆一号,农产品,DCE,A0
2016-12-02,4058.0,4235.0,4026.0,4192.0,528772,216290,4151.0,黄大豆一号,农产品,DCE,A0
2016-12-05,4198.0,4258.0,4171.0,4211.0,368790,214286,4213.0,黄大豆一号,农产品,DCE,A0
2016-12-06,4220.0,4233.0,4160.0,4184.0,213396,215690,4193.0,黄大豆一号,农产品,DCE,A0
2016-12-07,4223.0,4294.0,4176.0,4251.0,327114,248900,4237.0,黄大豆一号,农产品,DCE,A0
2016-12-08,4243.0,4263.0,4166.0,4190.0,220032,222682,4207.0,黄大豆一号,农产品,DCE,A0
2016-12-09,4190.0,4199.0,4131.0,4183.0,181808,217636,4164.0,黄大豆一号,农产品,DCE,A0
2016-12-12,4185.0,4234.0,4166.0,4198.0,197078,218196,4206.0,黄大豆一号,农产品,DCE,A0
2016-12-13,4186.0,4227.0,4163.0,4217.0,149034,216242,4204.0,黄大豆一号,农产品,DCE,A0
2016-12-14,4218.0,4236.0,4172.0,4192.0,162526,215258,4202.0,黄大豆一号,农产品,DCE,A0
2016-12-15,4190.0,4236.0,4165.0,4211.0,173078,221034,4203.0,黄大豆一号,农产品,DCE,A0
2016-12-16,4200.0,4386.0,4193.0,4349.0,442174,279872,4314.0,黄大豆一号,农产品,DCE,A0
2016-12-19,4360.0,4412.0,4318.0,4347.0,362842,278804,4370.0,黄大豆一号,农产品,DCE,A0
2016-12-20,4350.0,4358.0,4245.0,4270.0,295466,243728,4304.0,黄大豆一号,农产品,DCE,A0
2016-12-21,4271.0,4407.0,4252.0,4371.0,471894,294702,4352.0,黄大豆一号,农产品,DCE,A0
2016-12-22,4375.0,4416.0,4339.0,4341.0,422184,308708,4378.0,黄大豆一号,农产品,DCE,A0
2016-12-23,4330.0,4363.0,4281.0,4342.0,404254,292032,4318.0,黄大豆一号,农产品,DCE,A0
2016-12-26,4346.0,4361.0,4103.0,4143.0,479348,230758,4225.0,黄大豆一号,农产品,DCE,A0
2016-12-27,4140.0,4209.0,4126.0,4183.0,281654,214582,4163.0,黄大豆一号,农产品,DCE,A0
2016-12-28,4196.0,4275.0,4177.0,4191.0,299454,208278,4220.0,黄大豆一号,农产品,DCE,A0
2016-12-29,4203.0,4377.0,4161.0,4322.0,608312,245862,4291.0,黄大豆一号,农产品,DCE,A0
2016-12-30,4329.0,4341.0,4259.0,4279.0,312620,233544,4296.0,黄大豆一号,农产品,DCE,A0
2017-01-02,4329.0,4341.0,4259.0,4329.0,0,233544,0.0,黄大豆一号,农产品,DCE,A0
2017-01-03,4270.0,4311.0,4208.0,4217.0,204190,220916,4246.0,黄大豆一号,农产品,DCE,A0
2017-01-04,4220.0,4287.0,4193.0,4285.0,285182,234992,4236.0,黄大豆一号,农产品,DCE,A0
2017-01-05,4285.0,4296.0,4241.0,4260.0,224458,231530,4271.0,黄大豆一号,农产品,DCE,A0
2017-01-06,4248.0,4323.0,4233.0,4267.0,270432,237594,4279.0,黄大豆一号,农产品,DCE,A0
2017-01-09,4262.0,4291.0,4185.0,4211.0,352130,225122,4226.0,黄大豆一号,农产品,DCE,A0
2017-01-10,4211.0,4233.0,4143.0,4169.0,291642,217724,4185.0,黄大豆一号,农产品,DCE,A0
2017-01-11,4163.0,4214.0,4161.0,4174.0,288396,215232,4186.0,黄大豆一号,农产品,DCE,A0
2017-01-12,4170.0,4198.0,4088.0,4112.0,339852,221344,4142.0,黄大豆一号,农产品,DCE,A0
2017-01-13,4115.0,4194.0,4100.0,4147.0,322058,203754,4149.0,黄大豆一号,农产品,DCE,A0
2017-01-16,4143.0,4252.0,4128.0,4232.0,330776,189194,4197.0,黄大豆一号,农产品,DCE,A0
2017-01-17,4232.0,4278.0,4200.0,4230.0,266598,180746,4242.0,黄大豆一号,农产品,DCE,A0
2017-01-18,4242.0,4282.0,4206.0,4264.0,258896,188432,4243.0,黄大豆一号,农产品,DCE,A0
2017-01-19,4259.0,4306.0,4237.0,4287.0,328396,192598,4273.0,黄大豆一号,农产品,DCE,A0
2017-01-20,4292.0,4292.0,4217.0,4219.0,177472,177778,4254.0,黄大豆一号,农产品,DCE,A0
2017-01-23,4221.0,4254.0,4164.0,4182.0,213350,179154,4199.0,黄大豆一号,农产品,DCE,A0
2017-01-24,4192.0,4240.0,4175.0,4214.0,150058,170170,4209.0,黄大豆一号,农产品,DCE,A0
2017-01-25,4214.0,4224.0,4164.0,4191.0,165648,154174,4196.0,黄大豆一号,农产品,DCE,A0
2017-01-26,4208.0,4246.0,4184.0,4238.0,149104,152776,4220.0,黄大豆一号,农产品,DCE,A0
2017-02-03,4220.0,4332.0,4206.0,4315.0,212938,197316,4297.0,黄大豆一号,农产品,DCE,A0
2017-02-06,4319.0,4371.0,4288.0,4359.0,254668,221378,4330.0,黄大豆一号,农产品,DCE,A0
2017-02-07,4353.0,4367.0,4326.0,4349.0,172980,207344,4345.0,黄大豆一号,农产品,DCE,A0
2017-02-08,4347.0,4391.0,4326.0,4343.0,268570,211090,4359.0,黄大豆一号,农产品,DCE,A0
2017-02-09,4343.0,4375.0,4322.0,4322.0,201800,201018,4350.0,黄大豆一号,农产品,DCE,A0
2017-02-10,4322.0,4353.0,4303.0,4338.0,164532,196564,4331.0,黄大豆一号,农产品,DCE,A0
2017-02-13,4334.0,4403.0,4312.0,4333.0,273856,198158,4349.0,黄大豆一号,农产品,DCE,A0
2017-02-14,4330.0,4436.0,4323.0,4352.0,481990,211388,4386.0,黄大豆一号,农产品,DCE,A0
2017-02-15,4366.0,4376.0,4274.0,4283.0,277688,183384,4306.0,黄大豆一号,农产品,DCE,A0
2017-02-16,4281.0,4328.0,4265.0,4279.0,208902,173934,4296.0,黄大豆一号,农产品,DCE,A0
2017-02-17,4285.0,4304.0,4212.0,4230.0,255552,164804,4253.0,黄大豆一号,农产品,DCE,A0
2017-02-20,4230.0,4251.0,4214.0,4236.0,130384,164596,4235.0,黄大豆一号,农产品,DCE,A0
2017-02-21,4234.0,4287.0,4226.0,4261.0,177294,165250,4257.0,黄大豆一号,农产品,DCE,A0
2017-02-22,4250.0,4270.0,4187.0,4198.0,196078,156706,4219.0,黄大豆一号,农产品,DCE,A0
2017-02-23,4200.0,4234.0,4169.0,4180.0,177450,156622,4205.0,黄大豆一号,农产品,DCE,A0
2017-02-24,4194.0,4194.0,4094.0,4135.0,218530,155260,4131.0,黄大豆一号,农产品,DCE,A0
2017-02-27,4128.0,4155.0,4084.0,4125.0,229232,166654,4119.0,黄大豆一号,农产品,DCE,A0
2017-02-28,4130.0,4175.0,4111.0,4119.0,242666,156518,4143.0,黄大豆一号,农产品,DCE,A0
2017-03-01,4122.0,4173.0,4116.0,4129.0,228870,161326,4141.0,黄大豆一号,农产品,DCE,A0
2017-03-02,4131.0,4136.0,4095.0,4107.0,246010,183758,4114.0,黄大豆一号,农产品,DCE,A0
2017-03-03,4100.0,4103.0,3991.0,4038.0,270680,197160,4040.0,黄大豆一号,农产品,DCE,A0
2017-03-06,4038.0,4046.0,4010.0,4023.0,210618,212282,4026.0,黄大豆一号,农产品,DCE,A0
2017-03-07,4023.0,4037.0,3977.0,3988.0,243624,237552,4007.0,黄大豆一号,农产品,DCE,A0
2017-03-08,3988.0,4032.0,3967.0,4023.0,295622,215422,4001.0,黄大豆一号,农产品,DCE,A0
2017-03-09,4028.0,4045.0,3977.0,4011.0,315116,207792,4019.0,黄大豆一号,农产品,DCE,A0
2017-03-10,4005.0,4013.0,3852.0,3881.0,398872,186306,3927.0,黄大豆一号,农产品,DCE,A0
2017-03-13,3900.0,3937.0,3888.0,3912.0,178924,171168,3913.0,黄大豆一号,农产品,DCE,A0
2017-03-14,3907.0,3923.0,3844.0,3872.0,207434,179710,3881.0,黄大豆一号,农产品,DCE,A0
2017-03-15,3870.0,3888.0,3840.0,3854.0,197392,188434,3862.0,黄大豆一号,农产品,DCE,A0
2017-03-16,3862.0,3867.0,3802.0,3813.0,254112,212106,3829.0,黄大豆一号,农产品,DCE,A0
2017-03-17,3811.0,3840.0,3811.0,3822.0,175716,202950,3824.0,黄大豆一号,农产品,DCE,A0
2017-03-20,3820.0,3853.0,3818.0,3830.0,172084,200514,3835.0,黄大豆一号,农产品,DCE,A0
2017-03-21,3837.0,3837.0,3764.0,3790.0,216072,206082,3792.0,黄大豆一号,农产品,DCE,A0
2017-03-22,3795.0,3866.0,3783.0,3848.0,279206,177060,3829.0,黄大豆一号,农产品,DCE,A0
2017-03-23,3877.0,3905.0,3853.0,3871.0,162134,191462,3880.0,黄大豆一号,农产品,DCE,A0
2017-03-24,3860.0,3896.0,3857.0,3876.0,120488,192586,3876.0,黄大豆一号,农产品,DCE,A0
2017-03-27,3875.0,3887.0,3751.0,3782.0,215224,187602,3808.0,黄大豆一号,农产品,DCE,A0
2017-03-28,3782.0,3810.0,3762.0,3789.0,95602,188024,3790.0,黄大豆一号,农产品,DCE,A0
2017-03-29,3795.0,3816.0,3779.0,3798.0,94780,196704,3796.0,黄大豆一号,农产品,DCE,A0
2017-03-30,3793.0,3805.0,3765.0,3784.0,120554,208232,3781.0,黄大豆一号,农产品,DCE,A0
2017-03-31,3770.0,3825.0,3715.0,3788.0,164772,212770,3793.0,黄大豆一号,农产品,DCE,A0
2017-04-05,3750.0,3814.0,3741.0,3802.0,147868,218080,3780.0,黄大豆一号,农产品,DCE,A0
2017-04-06,3805.0,3817.0,3764.0,3781.0,177766,230598,3791.0,黄大豆一号,农产品,DCE,A0
2017-04-07,3783.0,3797.0,3749.0,3763.0,178010,229332,3769.0,黄大豆一号,农产品,DCE,A0
2017-04-10,3775.0,3866.0,3766.0,3847.0,383392,240108,3821.0,黄大豆一号,农产品,DCE,A0
2017-04-11,3847.0,3869.0,3821.0,3849.0,240006,240820,3848.0,黄大豆一号,农产品,DCE,A0
2017-04-12,3849.0,3884.0,3802.0,3824.0,331126,237456,3846.0,黄大豆一号,农产品,DCE,A0
2017-04-13,3828.0,3873.0,3812.0,3856.0,204042,239840,3849.0,黄大豆一号,农产品,DCE,A0
2017-04-14,3859.0,3882.0,3836.0,3861.0,212310,235418,3856.0,黄大豆一号,农产品,DCE,A0
2017-04-17,3866.0,3906.0,3766.0,3770.0,462692,246260,3827.0,黄大豆一号,农产品,DCE,A0
2017-04-18,3770.0,3775.0,3701.0,3714.0,342290,269130,3738.0,黄大豆一号,农产品,DCE,A0
2017-04-19,3718.0,3748.0,3695.0,3746.0,250428,265590,3729.0,黄大豆一号,农产品,DCE,A0
2017-04-20,3749.0,3774.0,3702.0,3752.0,289822,247684,3743.0,黄大豆一号,农产品,DCE,A0
2017-04-21,3748.0,3769.0,3730.0,3743.0,171178,249612,3747.0,黄大豆一号,农产品,DCE,A0
2017-04-24,3750.0,3782.0,3722.0,3735.0,236160,259696,3748.0,黄大豆一号,农产品,DCE,A0
2017-04-25,3740.0,3741.0,3708.0,3726.0,175878,259566,3725.0,黄大豆一号,农产品,DCE,A0
2017-04-26,3730.0,3755.0,3705.0,3725.0,190462,259462,3728.0,黄大豆一号,农产品,DCE,A0
2017-04-27,3729.0,3745.0,3715.0,3730.0,176358,249700,3727.0,黄大豆一号,农产品,DCE,A0
2017-04-28,3735.0,3768.0,3727.0,3754.0,222022,244886,3750.0,黄大豆一号,农产品,DCE,A0
2017-05-02,3760.0,3855.0,3760.0,3841.0,213302,242402,3824.0,黄大豆一号,农产品,DCE,A0
2017-05-03,3835.0,3839.0,3808.0,3828.0,145726,230746,3825.0,黄大豆一号,农产品,DCE,A0
2017-05-04,3833.0,3844.0,3796.0,3809.0,210882,225278,3819.0,黄大豆一号,农产品,DCE,A0
2017-05-05,3814.0,3841.0,3801.0,3813.0,187392,225662,3819.0,黄大豆一号,农产品,DCE,A0
2017-05-08,3823.0,3875.0,3801.0,3831.0,264808,231214,3833.0,黄大豆一号,农产品,DCE,A0
2017-05-09,3828.0,3846.0,3806.0,3836.0,171918,223240,3827.0,黄大豆一号,农产品,DCE,A0
2017-05-10,3838.0,3855.0,3819.0,3839.0,161018,216130,3837.0,黄大豆一号,农产品,DCE,A0
2017-05-11,3844.0,3860.0,3767.0,3805.0,305604,221558,3808.0,黄大豆一号,农产品,DCE,A0
2017-05-12,3800.0,3808.0,3772.0,3781.0,159162,205876,3788.0,黄大豆一号,农产品,DCE,A0
2017-05-15,3766.0,3800.0,3761.0,3772.0,139314,209750,3780.0,黄大豆一号,农产品,DCE,A0
2017-05-16,3781.0,3789.0,3753.0,3767.0,146526,220238,3769.0,黄大豆一号,农产品,DCE,A0
2017-05-17,3772.0,3816.0,3763.0,3809.0,204770,209824,3792.0,黄大豆一号,农产品,DCE,A0
2017-05-18,3804.0,3828.0,3755.0,3771.0,211096,219988,3783.0,黄大豆一号,农产品,DCE,A0
2017-05-19,3755.0,3773.0,3737.0,3762.0,172484,224960,3754.0,黄大豆一号,农产品,DCE,A0
2017-05-22,3770.0,3844.0,3759.0,3817.0,255794,212428,3810.0,黄大豆一号,农产品,DCE,A0
2017-05-23,3818.0,3844.0,3804.0,3833.0,161914,216550,3824.0,黄大豆一号,农产品,DCE,A0
2017-05-24,3835.0,3888.0,3814.0,3864.0,281698,241548,3850.0,黄大豆一号,农产品,DCE,A0
2017-05-25,3866.0,3882.0,3831.0,3843.0,243516,231928,3857.0,黄大豆一号,农产品,DCE,A0
2017-05-26,3856.0,3870.0,3811.0,3829.0,191072,214552,3843.0,黄大豆一号,农产品,DCE,A0
2017-05-31,3820.0,3820.0,3721.0,3736.0,252010,194716,3759.0,黄大豆一号,农产品,DCE,A0
2017-06-01,3743.0,3756.0,3726.0,3748.0,152548,199148,3740.0,黄大豆一号,农产品,DCE,A0
2017-06-02,3750.0,3785.0,3741.0,3766.0,162320,180634,3765.0,黄大豆一号,农产品,DCE,A0
2017-06-05,3766.0,3836.0,3764.0,3828.0,218852,190924,3812.0,黄大豆一号,农产品,DCE,A0
2017-06-06,3826.0,3856.0,3816.0,3835.0,163366,193388,3834.0,黄大豆一号,农产品,DCE,A0
2017-06-07,3835.0,3860.0,3817.0,3847.0,174568,198324,3840.0,黄大豆一号,农产品,DCE,A0
2017-06-08,3854.0,3865.0,3835.0,3849.0,119798,199262,3847.0,黄大豆一号,农产品,DCE,A0
2017-06-09,3855.0,3967.0,3850.0,3940.0,420468,245244,3918.0,黄大豆一号,农产品,DCE,A0
2017-06-12,3947.0,3996.0,3926.0,3976.0,262142,240904,3957.0,黄大豆一号,农产品,DCE,A0
2017-06-13,3970.0,3979.0,3917.0,3961.0,253786,232856,3949.0,黄大豆一号,农产品,DCE,A0
2017-06-14,3961.0,3974.0,3925.0,3942.0,202706,236644,3949.0,黄大豆一号,农产品,DCE,A0
2017-06-15,3930.0,3978.0,3916.0,3959.0,225364,236062,3949.0,黄大豆一号,农产品,DCE,A0
2017-06-16,3950.0,4008.0,3892.0,3918.0,342834,211344,3948.0,黄大豆一号,农产品,DCE,A0
2017-06-19,3933.0,3948.0,3878.0,3888.0,252282,198054,3911.0,黄大豆一号,农产品,DCE,A0
2017-06-20,3888.0,3913.0,3863.0,3892.0,209276,197050,3890.0,黄大豆一号,农产品,DCE,A0
2017-06-21,3884.0,3922.0,3841.0,3855.0,248000,184826,3876.0,黄大豆一号,农产品,DCE,A0
2017-06-22,3855.0,3866.0,3831.0,3843.0,162644,180734,3852.0,黄大豆一号,农产品,DCE,A0
2017-06-23,3838.0,3854.0,3816.0,3841.0,152572,179916,3837.0,黄大豆一号,农产品,DCE,A0
2017-06-26,3850.0,3886.0,3832.0,3845.0,170544,182340,3858.0,黄大豆一号,农产品,DCE,A0
2017-06-27,3842.0,3857.0,3823.0,3842.0,113022,187286,3843.0,黄大豆一号,农产品,DCE,A0
2017-06-28,3850.0,3872.0,3831.0,3856.0,194670,197970,3851.0,黄大豆一号,农产品,DCE,A0
2017-06-29,3877.0,3880.0,3842.0,3857.0,181442,202406,3860.0,黄大豆一号,农产品,DCE,A0
2017-06-30,3859.0,3888.0,3824.0,3858.0,203510,203116,3859.0,黄大豆一号,农产品,DCE,A0
2017-07-03,3867.0,3934.0,3848.0,3900.0,287202,212616,3896.0,黄大豆一号,农产品,DCE,A0
2017-07-04,3905.0,3940.0,3865.0,3902.0,230034,209914,3908.0,黄大豆一号,农产品,DCE,A0
2017-07-05,3912.0,3917.0,3877.0,3888.0,182868,200426,3898.0,黄大豆一号,农产品,DCE,A0
2017-07-06,3895.0,3916.0,3832.0,3849.0,311198,193848,3866.0,黄大豆一号,农产品,DCE,A0
2017-07-07,3852.0,3861.0,3803.0,3819.0,184030,190986,3832.0,黄大豆一号,农产品,DCE,A0
2017-07-10,3831.0,3907.0,3821.0,3878.0,268234,166330,3868.0,黄大豆一号,农产品,DCE,A0
2017-07-11,3878.0,3920.0,3876.0,3888.0,204406,166854,3896.0,黄大豆一号,农产品,DCE,A0
2017-07-12,3878.0,3946.0,3865.0,3906.0,243904,173020,3909.0,黄大豆一号,农产品,DCE,A0
2017-07-13,3912.0,3924.0,3882.0,3892.0,155072,174112,3900.0,黄大豆一号,农产品,DCE,A0
2017-07-14,3892.0,3892.0,3808.0,3820.0,231940,166232,3834.0,黄大豆一号,农产品,DCE,A0
2017-07-17,3830.0,3844.0,3789.0,3811.0,184864,163202,3820.0,黄大豆一号,农产品,DCE,A0
2017-07-18,3820.0,3836.0,3805.0,3823.0,121324,160604,3821.0,黄大豆一号,农产品,DCE,A0
2017-07-19,3834.0,3853.0,3795.0,3813.0,152106,167412,3819.0,黄大豆一号,农产品,DCE,A0
2017-07-20,3821.0,3843.0,3778.0,3803.0,201288,176590,3815.0,黄大豆一号,农产品,DCE,A0
2017-07-21,3814.0,3818.0,3780.0,3808.0,189748,179932,3802.0,黄大豆一号,农产品,DCE,A0
2017-07-24,3808.0,3823.0,3746.0,3783.0,210952,172928,3779.0,黄大豆一号,农产品,DCE,A0
2017-07-25,3783.0,3816.0,3774.0,3789.0,121838,171852,3789.0,黄大豆一号,农产品,DCE,A0
2017-07-26,3780.0,3812.0,3765.0,3796.0,140620,169736,3790.0,黄大豆一号,农产品,DCE,A0
2017-07-27,3790.0,3817.0,3785.0,3809.0,117218,162084,3805.0,黄大豆一号,农产品,DCE,A0
2017-07-28,3817.0,3822.0,3787.0,3794.0,120938,157016,3805.0,黄大豆一号,农产品,DCE,A0
2017-07-31,3802.0,3822.0,3781.0,3811.0,174944,140784,3802.0,黄大豆一号,农产品,DCE,A0
2017-08-01,3805.0,3832.0,3773.0,3791.0,193362,136750,3804.0,黄大豆一号,农产品,DCE,A0
2017-08-02,3791.0,3801.0,3764.0,3793.0,130602,134482,3781.0,黄大豆一号,农产品,DCE,A0
2017-08-03,3797.0,3800.0,3771.0,3779.0,83664,130868,3782.0,黄大豆一号,农产品,DCE,A0
2017-08-04,3812.0,3829.0,3786.0,3825.0,99990,153662,3814.0,黄大豆一号,农产品,DCE,A0
2017-08-07,3830.0,3936.0,3826.0,3925.0,224516,167038,3881.0,黄大豆一号,农产品,DCE,A0
2017-08-08,3926.0,3990.0,3921.0,3951.0,256984,188460,3958.0,黄大豆一号,农产品,DCE,A0
2017-08-09,3951.0,3997.0,3951.0,3982.0,157330,194150,3976.0,黄大豆一号,农产品,DCE,A0
2017-08-10,3978.0,4015.0,3970.0,3995.0,174878,206944,3993.0,黄大豆一号,农产品,DCE,A0
2017-08-11,3997.0,4017.0,3927.0,3954.0,258036,202010,3971.0,黄大豆一号,农产品,DCE,A0
2017-08-14,3960.0,3965.0,3888.0,3898.0,229696,186226,3912.0,黄大豆一号,农产品,DCE,A0
2017-08-15,3893.0,3915.0,3880.0,3890.0,138022,190458,3896.0,黄大豆一号,农产品,DCE,A0
2017-08-16,3894.0,3897.0,3868.0,3881.0,121690,198722,3884.0,黄大豆一号,农产品,DCE,A0
2017-08-17,3885.0,3913.0,3883.0,3906.0,171204,209488,3898.0,黄大豆一号,农产品,DCE,A0
2017-08-18,3906.0,3920.0,3876.0,3898.0,122000,207444,3901.0,黄大豆一号,农产品,DCE,A0
2017-08-21,3902.0,3945.0,3896.0,3913.0,182162,213880,3922.0,黄大豆一号,农产品,DCE,A0
2017-08-22,3910.0,3935.0,3883.0,3925.0,167060,216674,3915.0,黄大豆一号,农产品,DCE,A0
2017-08-23,3919.0,3970.0,3911.0,3929.0,213398,224268,3937.0,黄大豆一号,农产品,DCE,A0
2017-08-24,3930.0,3938.0,3901.0,3919.0,166422,215344,3916.0,黄大豆一号,农产品,DCE,A0
2017-08-25,3922.0,3930.0,3910.0,3921.0,126656,204144,3919.0,黄大豆一号,农产品,DCE,A0
2017-08-28,3925.0,3960.0,3912.0,3927.0,181486,206614,3936.0,黄大豆一号,农产品,DCE,A0
2017-08-29,3931.0,3942.0,3895.0,3913.0,154328,201598,3916.0,黄大豆一号,农产品,DCE,A0
2017-08-30,3908.0,3915.0,3888.0,3893.0,93298,208580,3902.0,黄大豆一号,农产品,DCE,A0
2017-08-31,3898.0,3913.0,3872.0,3873.0,146826,213908,3890.0,黄大豆一号,农产品,DCE,A0
2017-09-01,3868.0,3888.0,3846.0,3849.0,170676,219214,3867.0,黄大豆一号,农产品,DCE,A0
2017-09-04,3855.0,3863.0,3836.0,3858.0,155898,226244,3850.0,黄大豆一号,农产品,DCE,A0
2017-09-05,3856.0,3867.0,3845.0,3852.0,111748,232728,3853.0,黄大豆一号,农产品,DCE,A0
2017-09-06,3857.0,3868.0,3826.0,3833.0,172806,253802,3851.0,黄大豆一号,农产品,DCE,A0
2017-09-07,3833.0,3837.0,3815.0,3818.0,183230,294818,3825.0,黄大豆一号,农产品,DCE,A0
2017-09-08,3829.0,3851.0,3819.0,3840.0,185560,273626,3833.0,黄大豆一号,农产品,DCE,A0
2017-09-11,3845.0,3845.0,3780.0,3820.0,209958,279254,3808.0,黄大豆一号,农产品,DCE,A0
2017-09-12,3820.0,3824.0,3796.0,3809.0,117140,278124,3813.0,黄大豆一号,农产品,DCE,A0
2017-09-13,3809.0,3826.0,3797.0,3824.0,152498,274412,3812.0,黄大豆一号,农产品,DCE,A0
2017-09-14,3823.0,3846.0,3813.0,3821.0,172352,273674,3827.0,黄大豆一号,农产品,DCE,A0
2017-09-15,3825.0,3834.0,3805.0,3814.0,124146,279566,3818.0,黄大豆一号,农产品,DCE,A0
2017-09-18,3818.0,3827.0,3801.0,3813.0,110776,281250,3814.0,黄大豆一号,农产品,DCE,A0
2017-09-19,3807.0,3825.0,3801.0,3810.0,94122,275602,3813.0,黄大豆一号,农产品,DCE,A0
2017-09-20,3811.0,3813.0,3766.0,3805.0,144346,284774,3790.0,黄大豆一号,农产品,DCE,A0
2017-09-21,3808.0,3811.0,3778.0,3790.0,96056,281734,3795.0,黄大豆一号,农产品,DCE,A0
2017-09-22,3790.0,3830.0,3782.0,3828.0,174910,279628,3810.0,黄大豆一号,农产品,DCE,A0
2017-09-25,3836.0,3836.0,3814.0,3825.0,103168,275064,3822.0,黄大豆一号,农产品,DCE,A0
2017-09-26,3826.0,3841.0,3816.0,3826.0,111156,272124,3827.0,黄大豆一号,农产品,DCE,A0
2017-09-27,3821.0,3846.0,3818.0,3839.0,94966,265508,3831.0,黄大豆一号,农产品,DCE,A0
2017-09-28,3837.0,3858.0,3812.0,3829.0,136420,238700,3832.0,黄大豆一号,农产品,DCE,A0
2017-09-29,3827.0,3841.0,3819.0,3821.0,95326,226674,3828.0,黄大豆一号,农产品,DCE,A0
2017-10-02,3837.0,3837.0,3813.0,3825.0,0,24,3825.0,黄大豆一号,农产品,DCE,A0
2017-10-09,3837.0,3837.0,3813.0,3825.0,26,24,3825.0,黄大豆一号,农产品,DCE,A0
2017-10-10,3828.0,3882.0,3818.0,3880.0,269172,271720,3852.0,黄大豆一号,农产品,DCE,A0
2017-10-11,3878.0,3893.0,3846.0,3849.0,215640,239278,3870.0,黄大豆一号,农产品,DCE,A0
2017-10-12,3850.0,3853.0,3803.0,3808.0,146904,219920,3825.0,黄大豆一号,农产品,DCE,A0
2017-10-13,3810.0,3843.0,3802.0,3820.0,181998,205330,3823.0,黄大豆一号,农产品,DCE,A0
2017-10-16,3828.0,3832.0,3794.0,3806.0,178030,215864,3811.0,黄大豆一号,农产品,DCE,A0
2017-10-17,3804.0,3808.0,3736.0,3748.0,265242,266292,3766.0,黄大豆一号,农产品,DCE,A0
2017-10-18,3738.0,3750.0,3716.0,3729.0,232254,289494,3730.0,黄大豆一号,农产品,DCE,A0
2017-10-19,3733.0,3734.0,3710.0,3713.0,134406,307562,3721.0,黄大豆一号,农产品,DCE,A0
2017-10-20,3713.0,3735.0,3713.0,3724.0,108040,305118,3725.0,黄大豆一号,农产品,DCE,A0
2017-10-23,3723.0,3733.0,3667.0,3682.0,211022,333504,3690.0,黄大豆一号,农产品,DCE,A0
2017-10-24,3681.0,3687.0,3653.0,3656.0,148630,356610,3670.0,黄大豆一号,农产品,DCE,A0
2017-10-25,3656.0,3670.0,3651.0,3663.0,134368,354550,3661.0,黄大豆一号,农产品,DCE,A0
2017-10-26,3666.0,3669.0,3638.0,3642.0,124556,370674,3652.0,黄大豆一号,农产品,DCE,A0
2017-10-27,3648.0,3649.0,3608.0,3626.0,158774,375812,3627.0,黄大豆一号,农产品,DCE,A0
2017-10-30,3632.0,3647.0,3614.0,3625.0,126228,376370,3630.0,黄大豆一号,农产品,DCE,A0
2017-10-31,3627.0,3639.0,3616.0,3631.0,90154,371904,3627.0,黄大豆一号,农产品,DCE,A0
2017-11-01,3627.0,3645.0,3626.0,3630.0,100174,373514,0.0,黄大豆一号,农产品,DCE,A0
2017-11-02,3628.0,3643.0,3622.0,3638.0,108380,372762,0.0,黄大豆一号,农产品,DCE,A0
2017-11-03,3633.0,3661.0,3633.0,3644.0,105932,371192,0.0,黄大豆一号,农产品,DCE,A0
2017-11-06,3646.0,3650.0,3614.0,3650.0,164640,365268,0.0,黄大豆一号,农产品,DCE,A0
2017-11-07,3649.0,3680.0,3645.0,3668.0,164620,332680,0.0,黄大豆一号,农产品,DCE,A0
2017-11-08,3672.0,3672.0,3656.0,3665.0,75816,326986,0.0,黄大豆一号,农产品,DCE,A0
2017-11-09,3665.0,3695.0,3657.0,3683.0,112254,312016,0.0,黄大豆一号,农产品,DCE,A0
2017-11-10,3683.0,3689.0,3640.0,3664.0,130584,304978,0.0,黄大豆一号,农产品,DCE,A0
2017-11-13,3666.0,3676.0,3657.0,3668.0,67626,304106,0.0,黄大豆一号,农产品,DCE,A0
2017-11-14,3668.0,3676.0,3630.0,3634.0,142026,312700,0.0,黄大豆一号,农产品,DCE,A0
2017-11-15,3634.0,3642.0,3570.0,3616.0,164162,310516,0.0,黄大豆一号,农产品,DCE,A0
2017-11-16,3621.0,3633.0,3606.0,3624.0,86038,309964,0.0,黄大豆一号,农产品,DCE,A0
2017-11-17,3619.0,3625.0,3609.0,3625.0,62060,308862,0.0,黄大豆一号,农产品,DCE,A0
2017-11-20,3620.0,3652.0,3617.0,3636.0,121810,302366,0.0,黄大豆一号,农产品,DCE,A0
2017-11-21,3630.0,3690.0,3629.0,3683.0,173354,277400,0.0,黄大豆一号,农产品,DCE,A0
2017-11-22,3680.0,3700.0,3677.0,3684.0,120548,261052,0.0,黄大豆一号,农产品,DCE,A0
2017-11-23,3692.0,3702.0,3660.0,3679.0,107690,254236,0.0,黄大豆一号,农产品,DCE,A0
2017-11-24,3683.0,3695.0,3671.0,3680.0,56612,249562,0.0,黄大豆一号,农产品,DCE,A0
2017-11-27,3680.0,3685.0,3651.0,3667.0,80700,240220,0.0,黄大豆一号,农产品,DCE,A0
2017-11-28,3674.0,3677.0,3656.0,3666.0,64328,234064,0.0,黄大豆一号,农产品,DCE,A0
2017-11-29,3670.0,3670.0,3641.0,3641.0,70032,227592,0.0,黄大豆一号,农产品,DCE,A0
2017-11-30,3645.0,3648.0,3555.0,3560.0,170114,232708,0.0,黄大豆一号,农产品,DCE,A0
2017-12-01,3563.0,3589.0,3559.0,3572.0,82022,218936,0.0,黄大豆一号,农产品,DCE,A0
2017-12-04,3589.0,3602.0,3570.0,3600.0,71306,211364,0.0,黄大豆一号,农产品,DCE,A0
2017-12-05,3596.0,3604.0,3559.0,3575.0,71660,204700,0.0,黄大豆一号,农产品,DCE,A0
2017-12-06,3579.0,3598.0,3562.0,3573.0,80730,199076,0.0,黄大豆一号,农产品,DCE,A0
2017-12-07,3575.0,3580.0,3446.0,3453.0,175432,182826,0.0,黄大豆一号,农产品,DCE,A0
2017-12-08,3450.0,3455.0,3410.0,3429.0,83666,170218,0.0,黄大豆一号,农产品,DCE,A0
2017-12-11,3634.0,3638.0,3607.0,3621.0,106498,200938,0.0,黄大豆一号,农产品,DCE,A0
2017-12-12,3617.0,3628.0,3601.0,3615.0,133604,234294,0.0,黄大豆一号,农产品,DCE,A0
2017-12-13,3610.0,3635.0,3581.0,3622.0,142002,241096,0.0,黄大豆一号,农产品,DCE,A0
2017-12-14,3618.0,3643.0,3618.0,3636.0,92654,236234,0.0,黄大豆一号,农产品,DCE,A0
2017-12-15,3636.0,3648.0,3626.0,3632.0,77228,238450,0.0,黄大豆一号,农产品,DCE,A0
2017-12-18,3646.0,3681.0,3618.0,3674.0,132010,233160,0.0,黄大豆一号,农产品,DCE,A0
2017-12-19,3673.0,3677.0,3650.0,3669.0,90864,232754,0.0,黄大豆一号,农产品,DCE,A0
2017-12-20,3664.0,3674.0,3634.0,3647.0,88146,237086,0.0,黄大豆一号,农产品,DCE,A0
2017-12-21,3652.0,3671.0,3636.0,3642.0,99680,222966,0.0,黄大豆一号,农产品,DCE,A0
2017-12-22,3646.0,3650.0,3574.0,3601.0,197914,236462,0.0,黄大豆一号,农产品,DCE,A0
2017-12-25,3605.0,3667.0,3593.0,3666.0,167506,216854,0.0,黄大豆一号,农产品,DCE,A0
2017-12-26,3663.0,3693.0,3655.0,3670.0,123054,210502,0.0,黄大豆一号,农产品,DCE,A0
2017-12-27,3666.0,3683.0,3655.0,3670.0,83144,218516,0.0,黄大豆一号,农产品,DCE,A0
2017-12-28,3665.0,3673.0,3616.0,3632.0,143972,228746,0.0,黄大豆一号,农产品,DCE,A0
2017-12-29,3632.0,3640.0,3608.0,3626.0,132704,227374,0.0,黄大豆一号,农产品,DCE,A0
2018-01-02,3583.0,3668.0,3583.0,3639.0,92242,233118,0.0,黄大豆一号,农产品,DCE,A0
2018-01-03,3639.0,3675.0,3631.0,3659.0,134428,233774,0.0,黄大豆一号,农产品,DCE,A0
2018-01-04,3666.0,3670.0,3642.0,3669.0,89870,237044,0.0,黄大豆一号,农产品,DCE,A0
2018-01-05,3670.0,3700.0,3658.0,3672.0,167556,235366,0.0,黄大豆一号,农产品,DCE,A0
2018-01-08,3677.0,3690.0,3652.0,3688.0,94634,233268,0.0,黄大豆一号,农产品,DCE,A0
2018-01-09,3693.0,3707.0,3672.0,3676.0,129430,235374,0.0,黄大豆一号,农产品,DCE,A0
2018-01-10,3679.0,3713.0,3662.0,3696.0,112550,237484,0.0,黄大豆一号,农产品,DCE,A0
2018-01-11,3695.0,3698.0,3656.0,3662.0,94284,236778,0.0,黄大豆一号,农产品,DCE,A0
2018-01-12,3662.0,3674.0,3638.0,3644.0,107892,238806,0.0,黄大豆一号,农产品,DCE,A0
2018-01-15,3648.0,3687.0,3638.0,3673.0,123348,235680,0.0,黄大豆一号,农产品,DCE,A0
2018-01-16,3676.0,3678.0,3601.0,3603.0,161314,244820,0.0,黄大豆一号,农产品,DCE,A0
2018-01-17,3607.0,3618.0,3593.0,3599.0,110980,257492,0.0,黄大豆一号,农产品,DCE,A0
2018-01-18,3599.0,3609.0,3581.0,3605.0,80228,257588,0.0,黄大豆一号,农产品,DCE,A0
2018-01-19,3600.0,3600.0,3522.0,3536.0,251310,285926,0.0,黄大豆一号,农产品,DCE,A0
2018-01-22,3539.0,3545.0,3511.0,3523.0,128006,291590,0.0,黄大豆一号,农产品,DCE,A0
2018-01-23,3524.0,3539.0,3515.0,3533.0,103120,293872,0.0,黄大豆一号,农产品,DCE,A0
2018-01-24,3537.0,3547.0,3516.0,3521.0,122244,301816,0.0,黄大豆一号,农产品,DCE,A0
2018-01-25,3525.0,3556.0,3510.0,3536.0,148782,294668,0.0,黄大豆一号,农产品,DCE,A0
2018-01-26,3535.0,3546.0,3496.0,3527.0,138094,297516,0.0,黄大豆一号,农产品,DCE,A0
2018-01-29,3527.0,3544.0,3521.0,3528.0,89404,296072,0.0,黄大豆一号,农产品,DCE,A0
2018-01-30,3532.0,3542.0,3518.0,3536.0,103162,291674,0.0,黄大豆一号,农产品,DCE,A0
2018-01-31,3538.0,3552.0,3524.0,3531.0,107830,291914,0.0,黄大豆一号,农产品,DCE,A0
2018-02-01,3527.0,3527.0,3463.0,3472.0,212048,321302,0.0,黄大豆一号,农产品,DCE,A0
2018-02-02,3472.0,3478.0,3453.0,3467.0,128484,305996,0.0,黄大豆一号,农产品,DCE,A0
2018-02-05,3472.0,3498.0,3463.0,3494.0,127896,277904,0.0,黄大豆一号,农产品,DCE,A0
2018-02-06,3489.0,3521.0,3483.0,3500.0,127396,272544,0.0,黄大豆一号,农产品,DCE,A0
2018-02-07,3503.0,3527.0,3491.0,3519.0,98484,263828,0.0,黄大豆一号,农产品,DCE,A0
2018-02-08,3515.0,3546.0,3505.0,3538.0,124732,245228,0.0,黄大豆一号,农产品,DCE,A0
2018-02-09,3534.0,3573.0,3534.0,3560.0,120964,222320,0.0,黄大豆一号,农产品,DCE,A0
2018-02-12,3555.0,3580.0,3543.0,3562.0,100744,212544,0.0,黄大豆一号,农产品,DCE,A0
2018-02-13,3558.0,3568.0,3524.0,3561.0,130768,203022,0.0,黄大豆一号,农产品,DCE,A0
2018-02-14,3562.0,3572.0,3543.0,3568.0,76606,189412,0.0,黄大豆一号,农产品,DCE,A0
2018-02-22,3595.0,3614.0,3577.0,3613.0,77714,196748,0.0,黄大豆一号,农产品,DCE,A0
2018-02-23,3608.0,3633.0,3601.0,3628.0,107528,204472,0.0,黄大豆一号,农产品,DCE,A0
2018-02-26,3624.0,3650.0,3617.0,3632.0,106176,210192,0.0,黄大豆一号,农产品,DCE,A0
2018-02-27,3627.0,3655.0,3624.0,3651.0,107228,212380,0.0,黄大豆一号,农产品,DCE,A0
2018-02-28,3646.0,3665.0,3636.0,3660.0,91258,211594,0.0,黄大豆一号,农产品,DCE,A0
2018-03-01,3656.0,3691.0,3656.0,3677.0,134418,209268,0.0,黄大豆一号,农产品,DCE,A0
2018-03-02,3670.0,3743.0,3660.0,3711.0,252012,214052,0.0,黄大豆一号,农产品,DCE,A0
2018-03-05,3715.0,3721.0,3667.0,3700.0,154468,204988,0.0,黄大豆一号,农产品,DCE,A0
2018-03-06,3705.0,3705.0,3678.0,3691.0,95606,191658,0.0,黄大豆一号,农产品,DCE,A0
2018-03-07,3695.0,3718.0,3665.0,3675.0,152014,186804,0.0,黄大豆一号,农产品,DCE,A0
2018-03-08,3674.0,3707.0,3667.0,3696.0,116882,188418,0.0,黄大豆一号,农产品,DCE,A0
2018-03-09,3696.0,3713.0,3629.0,3634.0,207654,177032,0.0,黄大豆一号,农产品,DCE,A0
2018-03-12,3630.0,3651.0,3595.0,3611.0,191270,165102,3614.0,黄大豆一号,农产品,DCE,A0
2018-03-13,3607.0,3628.0,3591.0,3616.0,126830,158062,3609.0,黄大豆一号,农产品,DCE,A0
2018-03-14,3630.0,3647.0,3614.0,3626.0,88912,154186,3628.0,黄大豆一号,农产品,DCE,A0
2018-03-15,3638.0,3645.0,3601.0,3638.0,120310,155374,3626.0,黄大豆一号,农产品,DCE,A0
2018-03-16,3650.0,3722.0,3642.0,3705.0,271256,177728,3689.0,黄大豆一号,农产品,DCE,A0
2018-03-19,3705.0,3729.0,3696.0,3714.0,176076,173106,3713.0,黄大豆一号,农产品,DCE,A0
2018-03-20,3710.0,3737.0,3683.0,3707.0,189082,169832,3710.0,黄大豆一号,农产品,DCE,A0
2018-03-21,3714.0,3727.0,3698.0,3715.0,111958,165050,3711.0,黄大豆一号,农产品,DCE,A0
2018-03-22,3725.0,3756.0,3690.0,3715.0,183690,163942,3716.0,黄大豆一号,农产品,DCE,A0
2018-03-23,3715.0,3783.0,3708.0,3759.0,258778,153796,3749.0,黄大豆一号,农产品,DCE,A0
2018-03-26,3754.0,3821.0,3723.0,3767.0,261666,143830,3767.0,黄大豆一号,农产品,DCE,A0
2018-03-27,3767.0,3777.0,3711.0,3752.0,140882,139466,3745.0,黄大豆一号,农产品,DCE,A0
2018-03-28,3755.0,3759.0,3723.0,3738.0,117304,134888,3738.0,黄大豆一号,农产品,DCE,A0
2018-03-29,3743.0,3757.0,3712.0,3745.0,96580,136208,3738.0,黄大豆一号,农产品,DCE,A0
2018-03-30,3738.0,3828.0,3738.0,3745.0,218014,125240,3772.0,黄大豆一号,农产品,DCE,A0
2018-04-02,3747.0,3773.0,3725.0,3763.0,161998,126438,3749.0,黄大豆一号,农产品,DCE,A0
2018-04-03,3758.0,3796.0,3751.0,3787.0,124134,124500,3776.0,黄大豆一号,农产品,DCE,A0
2018-04-04,3885.0,3972.0,3880.0,3947.0,164382,143782,3933.0,黄大豆一号,农产品,DCE,A0
2018-04-09,4122.0,4122.0,3995.0,4031.0,206310,168606,4041.0,黄大豆一号,农产品,DCE,A0
2018-04-10,4035.0,4041.0,3956.0,3990.0,212844,178196,3998.0,黄大豆一号,农产品,DCE,A0
2018-04-11,3993.0,4005.0,3956.0,3972.0,140158,185948,3978.0,黄大豆一号,农产品,DCE,A0
2018-04-12,3975.0,3995.0,3955.0,3964.0,145074,191310,3976.0,黄大豆一号,农产品,DCE,A0
2018-04-13,3956.0,3990.0,3946.0,3980.0,111588,192484,3973.0,黄大豆一号,农产品,DCE,A0
2018-04-16,3975.0,3982.0,3909.0,3919.0,151696,172058,3935.0,黄大豆一号,农产品,DCE,A0
2018-04-17,3923.0,3940.0,3863.0,3940.0,189796,166364,3894.0,黄大豆一号,农产品,DCE,A0
2018-04-18,3935.0,3936.0,3877.0,3901.0,175354,162324,3909.0,黄大豆一号,农产品,DCE,A0
2018-04-19,3910.0,3921.0,3837.0,3861.0,202530,166776,3882.0,黄大豆一号,农产品,DCE,A0
2018-04-20,3860.0,3880.0,3841.0,3875.0,166918,172022,3861.0,黄大豆一号,农产品,DCE,A0
2018-04-23,3871.0,3903.0,3844.0,3855.0,171670,166616,3870.0,黄大豆一号,农产品,DCE,A0
2018-04-24,3850.0,3892.0,3840.0,3854.0,152512,171730,3870.0,黄大豆一号,农产品,DCE,A0
2018-04-25,3849.0,3893.0,3838.0,3855.0,146618,171656,3867.0,黄大豆一号,农产品,DCE,A0
2018-04-26,3855.0,3866.0,3819.0,3819.0,156604,162604,3839.0,黄大豆一号,农产品,DCE,A0
2018-04-27,3826.0,3832.0,3792.0,3798.0,112916,154712,3813.0,黄大豆一号,农产品,DCE,A0
2018-05-02,3816.0,3857.0,3814.0,3819.0,99780,158680,3835.0,黄大豆一号,农产品,DCE,A0
2018-05-03,3814.0,3845.0,3804.0,3842.0,104362,164278,3823.0,黄大豆一号,农产品,DCE,A0
2018-05-04,3837.0,3843.0,3798.0,3830.0,111758,165152,3819.0,黄大豆一号,农产品,DCE,A0
2018-05-07,3843.0,3887.0,3830.0,3846.0,214542,176550,3860.0,黄大豆一号,农产品,DCE,A0
2018-05-08,3846.0,3864.0,3778.0,3786.0,183206,166492,3812.0,黄大豆一号,农产品,DCE,A0
2018-05-09,3786.0,3802.0,3770.0,3781.0,115798,173014,3784.0,黄大豆一号,农产品,DCE,A0
2018-05-10,3781.0,3796.0,3773.0,3790.0,90496,174420,3785.0,黄大豆一号,农产品,DCE,A0
2018-05-11,3786.0,3794.0,3752.0,3759.0,105662,176772,3770.0,黄大豆一号,农产品,DCE,A0
2018-05-14,3763.0,3791.0,3748.0,3754.0,113888,169536,3770.0,黄大豆一号,农产品,DCE,A0
2018-05-15,3758.0,3784.0,3719.0,3728.0,115714,174794,3749.0,黄大豆一号,农产品,DCE,A0
2018-05-16,3729.0,3731.0,3668.0,3686.0,191480,173358,3694.0,黄大豆一号,农产品,DCE,A0
2018-05-17,3689.0,3701.0,3662.0,3678.0,109122,174890,3682.0,黄大豆一号,农产品,DCE,A0
2018-05-18,3681.0,3699.0,3662.0,3688.0,111078,178004,3681.0,黄大豆一号,农产品,DCE,A0
2018-05-21,3683.0,3712.0,3644.0,3698.0,192218,184614,3678.0,黄大豆一号,农产品,DCE,A0
2018-05-22,3703.0,3722.0,3670.0,3686.0,164734,184488,3699.0,黄大豆一号,农产品,DCE,A0
2018-05-23,3690.0,3701.0,3640.0,3653.0,203814,208838,3666.0,黄大豆一号,农产品,DCE,A0
2018-05-24,3655.0,3682.0,3647.0,3676.0,157476,221044,3666.0,黄大豆一号,农产品,DCE,A0
2018-05-25,3680.0,3689.0,3662.0,3664.0,134882,221696,3674.0,黄大豆一号,农产品,DCE,A0
2018-05-28,3674.0,3704.0,3665.0,3698.0,177088,225692,3686.0,黄大豆一号,农产品,DCE,A0
2018-05-29,3695.0,3719.0,3688.0,3715.0,153850,230418,3705.0,黄大豆一号,农产品,DCE,A0
2018-05-30,3704.0,3759.0,3693.0,3712.0,274172,232402,3727.0,黄大豆一号,农产品,DCE,A0
2018-05-31,3711.0,3720.0,3676.0,3687.0,182670,227398,3697.0,黄大豆一号,农产品,DCE,A0
2018-06-01,3693.0,3716.0,3670.0,3682.0,159220,228670,3692.0,黄大豆一号,农产品,DCE,A0
2018-06-04,3684.0,3737.0,3673.0,3732.0,165460,218076,3709.0,黄大豆一号,农产品,DCE,A0
2018-06-05,3736.0,3753.0,3691.0,3731.0,190322,215098,3726.0,黄大豆一号,农产品,DCE,A0
2018-06-06,3735.0,3735.0,3672.0,3677.0,180572,229950,3697.0,黄大豆一号,农产品,DCE,A0
2018-06-07,3673.0,3677.0,3636.0,3636.0,180964,252650,3654.0,黄大豆一号,农产品,DCE,A0
2018-06-08,3610.0,3630.0,3530.0,3567.0,336782,260412,3577.0,黄大豆一号,农产品,DCE,A0
2018-06-11,3566.0,3593.0,3558.0,3577.0,137226,251392,3576.0,黄大豆一号,农产品,DCE,A0
2018-06-12,3575.0,3588.0,3565.0,3580.0,105188,241354,3577.0,黄大豆一号,农产品,DCE,A0
2018-06-13,3584.0,3598.0,3562.0,3582.0,162882,221750,3578.0,黄大豆一号,农产品,DCE,A0
2018-06-14,3585.0,3598.0,3573.0,3587.0,111344,217782,3587.0,黄大豆一号,农产品,DCE,A0
2018-06-15,3583.0,3601.0,3568.0,3592.0,154294,215318,3586.0,黄大豆一号,农产品,DCE,A0
2018-06-19,3651.0,3708.0,3619.0,3658.0,247202,200454,3668.0,黄大豆一号,农产品,DCE,A0
2018-06-20,3658.0,3686.0,3621.0,3651.0,204338,199966,3660.0,黄大豆一号,农产品,DCE,A0
2018-06-21,3660.0,3670.0,3602.0,3612.0,173060,201304,3634.0,黄大豆一号,农产品,DCE,A0
2018-06-22,3616.0,3632.0,3550.0,3605.0,181900,201834,3597.0,黄大豆一号,农产品,DCE,A0
2018-06-25,3611.0,3641.0,3606.0,3635.0,112126,198500,3624.0,黄大豆一号,农产品,DCE,A0
2018-06-26,3638.0,3665.0,3604.0,3636.0,174322,200606,3637.0,黄大豆一号,农产品,DCE,A0
2018-06-27,3637.0,3687.0,3622.0,3664.0,192276,203332,3651.0,黄大豆一号,农产品,DCE,A0
2018-06-28,3666.0,3677.0,3647.0,3667.0,134982,197642,3663.0,黄大豆一号,农产品,DCE,A0
2018-06-29,3674.0,3695.0,3656.0,3690.0,126882,189452,3677.0,黄大豆一号,农产品,DCE,A0
2018-07-02,3681.0,3741.0,3681.0,3716.0,170630,187130,3715.0,黄大豆一号,农产品,DCE,A0
2018-07-03,3718.0,3725.0,3668.0,3681.0,134556,172286,3694.0,黄大豆一号,农产品,DCE,A0
2018-07-04,3688.0,3688.0,3628.0,3654.0,151628,181156,3659.0,黄大豆一号,农产品,DCE,A0
2018-07-05,3658.0,3690.0,3622.0,3681.0,142586,178802,3659.0,黄大豆一号,农产品,DCE,A0
2018-07-06,3680.0,3698.0,3576.0,3622.0,253646,188060,3649.0,黄大豆一号,农产品,DCE,A0
2018-07-09,3613.0,3662.0,3608.0,3633.0,133226,178622,3638.0,黄大豆一号,农产品,DCE,A0
2018-07-10,3623.0,3626.0,3559.0,3574.0,155508,187234,3587.0,黄大豆一号,农产品,DCE,A0
2018-07-11,3578.0,3599.0,3555.0,3562.0,141486,181002,3576.0,黄大豆一号,农产品,DCE,A0
2018-07-12,3568.0,3569.0,3537.0,3543.0,121684,186814,3553.0,黄大豆一号,农产品,DCE,A0
2018-07-13,3543.0,3547.0,3472.0,3485.0,191436,191838,3502.0,黄大豆一号,农产品,DCE,A0
2018-07-16,3496.0,3499.0,3473.0,3485.0,97824,184718,3488.0,黄大豆一号,农产品,DCE,A0
2018-07-17,3489.0,3531.0,3486.0,3511.0,121714,180558,3511.0,黄大豆一号,农产品,DCE,A0
2018-07-18,3515.0,3531.0,3493.0,3504.0,110308,182680,3509.0,黄大豆一号,农产品,DCE,A0
2018-07-19,3508.0,3517.0,3497.0,3505.0,76474,180584,3506.0,黄大豆一号,农产品,DCE,A0
2018-07-20,3502.0,3534.0,3500.0,3510.0,119196,178078,3516.0,黄大豆一号,农产品,DCE,A0
2018-07-23,3512.0,3527.0,3483.0,3499.0,107882,174642,3505.0,黄大豆一号,农产品,DCE,A0
2018-07-24,3504.0,3513.0,3488.0,3493.0,77906,172104,3499.0,黄大豆一号,农产品,DCE,A0
2018-07-25,3491.0,3535.0,3490.0,3517.0,107084,170378,3516.0,黄大豆一号,农产品,DCE,A0
2018-07-26,3521.0,3545.0,3510.0,3534.0,111040,163968,3530.0,黄大豆一号,农产品,DCE,A0
2018-07-27,3538.0,3540.0,3506.0,3518.0,83074,158462,3519.0,黄大豆一号,农产品,DCE,A0
2018-07-30,3634.0,3657.0,3627.0,3653.0,73236,172236,3643.0,黄大豆一号,农产品,DCE,A0
2018-07-31,3655.0,3675.0,3636.0,3649.0,72590,178918,3657.0,黄大豆一号,农产品,DCE,A0
2018-08-01,3655.0,3667.0,3616.0,3628.0,122758,185298,3641.0,黄大豆一号,农产品,DCE,A0
2018-08-02,3627.0,3640.0,3606.0,3618.0,95242,198776,3623.0,黄大豆一号,农产品,DCE,A0
2018-08-03,3622.0,3623.0,3580.0,3580.0,152480,212300,3601.0,黄大豆一号,农产品,DCE,A0
2018-08-06,3580.0,3641.0,3566.0,3630.0,159566,203378,3616.0,黄大豆一号,农产品,DCE,A0
2018-08-07,3626.0,3661.0,3625.0,3654.0,126274,204906,3645.0,黄大豆一号,农产品,DCE,A0
2018-08-08,3654.0,3819.0,3645.0,3789.0,306846,242240,3721.0,黄大豆一号,农产品,DCE,A0
2018-08-09,3791.0,3818.0,3756.0,3774.0,287654,247268,3787.0,黄大豆一号,农产品,DCE,A0
2018-08-10,3778.0,3847.0,3758.0,3774.0,327098,242704,3799.0,黄大豆一号,农产品,DCE,A0
2018-08-13,3779.0,3796.0,3717.0,3738.0,192686,247736,3754.0,黄大豆一号,农产品,DCE,A0
2018-08-14,3738.0,3780.0,3733.0,3770.0,174844,253300,3761.0,黄大豆一号,农产品,DCE,A0
2018-08-15,3779.0,3813.0,3766.0,3791.0,245222,261592,3788.0,黄大豆一号,农产品,DCE,A0
2018-08-16,3787.0,3797.0,3716.0,3747.0,250842,238972,3752.0,黄大豆一号,农产品,DCE,A0
2018-08-17,3751.0,3772.0,3701.0,3717.0,209258,236312,3737.0,黄大豆一号,农产品,DCE,A0
2018-08-20,3718.0,3736.0,3632.0,3668.0,281076,242346,3679.0,黄大豆一号,农产品,DCE,A0
2018-08-21,3674.0,3687.0,3656.0,3677.0,115246,241696,3673.0,黄大豆一号,农产品,DCE,A0
2018-08-22,3677.0,3716.0,3667.0,3699.0,180418,242896,3687.0,黄大豆一号,农产品,DCE,A0
2018-08-23,3699.0,3717.0,3640.0,3643.0,197202,248212,3684.0,黄大豆一号,农产品,DCE,A0
2018-08-24,3640.0,3666.0,3636.0,3656.0,125756,256224,3651.0,黄大豆一号,农产品,DCE,A0
2018-08-27,3657.0,3662.0,3568.0,3596.0,236148,252722,3603.0,黄大豆一号,农产品,DCE,A0
2018-08-28,3599.0,3635.0,3589.0,3613.0,143626,256352,3619.0,黄大豆一号,农产品,DCE,A0
2018-08-29,3619.0,3631.0,3604.0,3628.0,128674,262234,3620.0,黄大豆一号,农产品,DCE,A0
2018-08-30,3634.0,3663.0,3624.0,3650.0,132356,257984,3642.0,黄大豆一号,农产品,DCE,A0
2018-08-31,3650.0,3650.0,3615.0,3635.0,114632,257508,3630.0,黄大豆一号,农产品,DCE,A0
2018-09-03,3633.0,3661.0,3618.0,3650.0,148890,261196,3640.0,黄大豆一号,农产品,DCE,A0
2018-09-04,3649.0,3665.0,3600.0,3614.0,157868,281156,3628.0,黄大豆一号,农产品,DCE,A0
2018-09-05,3612.0,3618.0,3581.0,3582.0,149516,291732,3601.0,黄大豆一号,农产品,DCE,A0
2018-09-06,3579.0,3620.0,3568.0,3619.0,119052,281878,3598.0,黄大豆一号,农产品,DCE,A0
2018-09-07,3622.0,3645.0,3608.0,3644.0,140140,266108,3628.0,黄大豆一号,农产品,DCE,A0
2018-09-10,3643.0,3809.0,3636.0,3809.0,530984,308996,3751.0,黄大豆一号,农产品,DCE,A0
2018-09-11,3818.0,3855.0,3745.0,3772.0,561518,289774,3801.0,黄大豆一号,农产品,DCE,A0
2018-09-12,3771.0,3782.0,3736.0,3758.0,248522,274760,3762.0,黄大豆一号,农产品,DCE,A0
2018-09-13,3758.0,3778.0,3673.0,3683.0,312938,251406,3715.0,黄大豆一号,农产品,DCE,A0
2018-09-14,3688.0,3712.0,3686.0,3706.0,144880,246578,3698.0,黄大豆一号,农产品,DCE,A0
2018-09-17,3700.0,3744.0,3700.0,3718.0,159946,233864,3720.0,黄大豆一号,农产品,DCE,A0
2018-09-18,3729.0,3776.0,3723.0,3743.0,237606,237650,3751.0,黄大豆一号,农产品,DCE,A0
2018-09-19,3748.0,3758.0,3700.0,3705.0,151470,231506,3726.0,黄大豆一号,农产品,DCE,A0
2018-09-20,3706.0,3734.0,3691.0,3707.0,116402,232792,3712.0,黄大豆一号,农产品,DCE,A0
2018-09-21,3711.0,3744.0,3704.0,3709.0,146538,238852,3721.0,黄大豆一号,农产品,DCE,A0
2018-09-25,3715.0,3768.0,3710.0,3743.0,158618,242528,3744.0,黄大豆一号,农产品,DCE,A0
2018-09-26,3743.0,3760.0,3731.0,3750.0,137788,242834,3748.0,黄大豆一号,农产品,DCE,A0
2018-09-27,3750.0,3755.0,3693.0,3718.0,164810,247644,3717.0,黄大豆一号,农产品,DCE,A0
2018-09-28,3729.0,3789.0,3705.0,3755.0,244386,245176,3748.0,黄大豆一号,农产品,DCE,A0
2018-10-08,3785.0,3832.0,3768.0,3830.0,162042,255756,3800.0,黄大豆一号,农产品,DCE,A0
2018-10-09,3826.0,3879.0,3807.0,3826.0,240470,267328,3844.0,黄大豆一号,农产品,DCE,A0
2018-10-10,3824.0,3832.0,3791.0,3822.0,165262,270640,3813.0,黄大豆一号,农产品,DCE,A0
2018-10-11,3818.0,3837.0,3778.0,3801.0,217290,268794,3805.0,黄大豆一号,农产品,DCE,A0
2018-10-12,3801.0,3874.0,3795.0,3836.0,429370,293682,3839.0,黄大豆一号,农产品,DCE,A0
2018-10-15,3839.0,3849.0,3781.0,3785.0,215550,282344,3806.0,黄大豆一号,农产品,DCE,A0
2018-10-16,3789.0,3835.0,3763.0,3801.0,224908,259348,3799.0,黄大豆一号,农产品,DCE,A0
2018-10-17,3803.0,3814.0,3776.0,3800.0,143668,254034,3793.0,黄大豆一号,农产品,DCE,A0
2018-10-18,3804.0,3831.0,3767.0,3774.0,190468,243082,3799.0,黄大豆一号,农产品,DCE,A0
2018-10-19,3770.0,3780.0,3724.0,3737.0,158880,249272,3748.0,黄大豆一号,农产品,DCE,A0
2018-10-22,3733.0,3742.0,3704.0,3712.0,136858,260902,3721.0,黄大豆一号,农产品,DCE,A0
2018-10-23,3712.0,3730.0,3692.0,3693.0,134052,267976,3713.0,黄大豆一号,农产品,DCE,A0
2018-10-24,3689.0,3709.0,3681.0,3708.0,118774,269194,3696.0,黄大豆一号,农产品,DCE,A0
2018-10-25,3710.0,3726.0,3682.0,3709.0,114964,267370,3707.0,黄大豆一号,农产品,DCE,A0
2018-10-26,3706.0,3716.0,3664.0,3673.0,165266,257536,3683.0,黄大豆一号,农产品,DCE,A0
2018-10-29,3678.0,3696.0,3606.0,3626.0,192492,264054,3646.0,黄大豆一号,农产品,DCE,A0
2018-10-30,3622.0,3629.0,3562.0,3566.0,229504,265832,3584.0,黄大豆一号,农产品,DCE,A0
2018-10-31,3570.0,3592.0,3567.0,3586.0,118292,264724,3580.0,黄大豆一号,农产品,DCE,A0
2018-11-01,3578.0,3586.0,3521.0,3559.0,208296,265472,3551.0,黄大豆一号,农产品,DCE,A0
2018-11-02,3558.0,3566.0,3397.0,3441.0,549510,258482,3469.0,黄大豆一号,农产品,DCE,A0
2018-11-05,3447.0,3494.0,3441.0,3468.0,181706,242250,3468.0,黄大豆一号,农产品,DCE,A0
2018-11-06,3465.0,3490.0,3463.0,3473.0,88766,239296,3475.0,黄大豆一号,农产品,DCE,A0
2018-11-07,3480.0,3513.0,3456.0,3497.0,150470,236624,3485.0,黄大豆一号,农产品,DCE,A0
2018-11-08,3490.0,3502.0,3433.0,3466.0,133022,234592,3467.0,黄大豆一号,农产品,DCE,A0
2018-11-09,3470.0,3493.0,3451.0,3475.0,98650,227648,3467.0,黄大豆一号,农产品,DCE,A0
2018-11-12,3460.0,3518.0,3460.0,3504.0,148434,227570,3493.0,黄大豆一号,农产品,DCE,A0
2018-11-13,3502.0,3509.0,3452.0,3471.0,121434,227600,3476.0,黄大豆一号,农产品,DCE,A0
2018-11-14,3483.0,3483.0,3438.0,3451.0,112308,220258,3460.0,黄大豆一号,农产品,DCE,A0
2018-11-15,3447.0,3473.0,3417.0,3438.0,126264,223914,3444.0,黄大豆一号,农产品,DCE,A0
2018-11-16,3444.0,3495.0,3436.0,3474.0,132782,218276,3463.0,黄大豆一号,农产品,DCE,A0
2018-11-19,3474.0,3478.0,3426.0,3430.0,128340,226724,3446.0,黄大豆一号,农产品,DCE,A0
2018-11-20,3439.0,3439.0,3377.0,3419.0,166304,226586,3410.0,黄大豆一号,农产品,DCE,A0
2018-11-21,3421.0,3447.0,3391.0,3442.0,139898,215712,3426.0,黄大豆一号,农产品,DCE,A0
2018-11-22,3442.0,3446.0,3403.0,3415.0,103676,218838,3417.0,黄大豆一号,农产品,DCE,A0
2018-11-23,3418.0,3420.0,3362.0,3402.0,179580,214082,3391.0,黄大豆一号,农产品,DCE,A0
2018-11-26,3415.0,3427.0,3336.0,3354.0,203260,206938,3387.0,黄大豆一号,农产品,DCE,A0
2018-11-27,3350.0,3370.0,3301.0,3303.0,170490,210478,3334.0,黄大豆一号,农产品,DCE,A0
2018-11-28,3306.0,3332.0,3293.0,3323.0,109700,209026,3310.0,黄大豆一号,农产品,DCE,A0
2018-11-29,3319.0,3341.0,3311.0,3323.0,89734,204340,3324.0,黄大豆一号,农产品,DCE,A0
2018-11-30,3327.0,3365.0,3320.0,3355.0,110282,191804,3344.0,黄大豆一号,农产品,DCE,A0
2018-12-03,3351.0,3365.0,3281.0,3327.0,163286,197156,3323.0,黄大豆一号,农产品,DCE,A0
2018-12-04,3323.0,3333.0,3244.0,3274.0,161530,198712,3286.0,黄大豆一号,农产品,DCE,A0
2018-12-05,3270.0,3283.0,3248.0,3263.0,106798,199626,3262.0,黄大豆一号,农产品,DCE,A0
2018-12-06,3265.0,3281.0,3253.0,3255.0,89734,198788,3269.0,黄大豆一号,农产品,DCE,A0
2018-12-07,3264.0,3265.0,3198.0,3205.0,164734,204586,3224.0,黄大豆一号,农产品,DCE,A0
2018-12-10,3210.0,3232.0,3204.0,3214.0,83178,197702,3216.0,黄大豆一号,农产品,DCE,A0
2018-12-11,3218.0,3238.0,3183.0,3215.0,105130,184902,3219.0,黄大豆一号,农产品,DCE,A0
2018-12-12,3224.0,3225.0,3185.0,3191.0,93218,186562,3198.0,黄大豆一号,农产品,DCE,A0
2018-12-13,3195.0,3202.0,3143.0,3152.0,135228,188924,3166.0,黄大豆一号,农产品,DCE,A0
2018-12-14,3152.0,3162.0,3112.0,3129.0,119980,179038,3139.0,黄大豆一号,农产品,DCE,A0
2018-12-17,3133.0,3195.0,3131.0,3153.0,120430,159254,3161.0,黄大豆一号,农产品,DCE,A0
2018-12-18,3157.0,3171.0,3147.0,3165.0,61232,154770,3159.0,黄大豆一号,农产品,DCE,A0
2018-12-19,3172.0,3179.0,3153.0,3158.0,63878,146812,3164.0,黄大豆一号,农产品,DCE,A0
2018-12-20,3148.0,3188.0,3139.0,3180.0,94294,124792,3170.0,黄大豆一号,农产品,DCE,A0
2018-12-21,3181.0,3194.0,3121.0,3144.0,75822,108356,3153.0,黄大豆一号,农产品,DCE,A0
2018-12-24,3407.0,3418.0,3352.0,3369.0,132772,160188,3382.0,黄大豆一号,农产品,DCE,A0
2018-12-25,3361.0,3396.0,3361.0,3375.0,96648,153904,3381.0,黄大豆一号,农产品,DCE,A0
2018-12-26,3374.0,3391.0,3362.0,3378.0,76190,158478,3379.0,黄大豆一号,农产品,DCE,A0
2018-12-27,3374.0,3395.0,3357.0,3389.0,88154,158306,3381.0,黄大豆一号,农产品,DCE,A0
2018-12-28,3386.0,3420.0,3382.0,3406.0,109910,147616,3398.0,黄大豆一号,农产品,DCE,A0
2019-01-02,3415.0,3448.0,3399.0,3438.0,81536,140398,3434.0,黄大豆一号,农产品,DCE,A0
2019-01-03,3448.0,3451.0,3427.0,3443.0,78328,137700,3439.0,黄大豆一号,农产品,DCE,A0
2019-01-04,3409.0,3460.0,3409.0,3438.0,101052,135382,3441.0,黄大豆一号,农产品,DCE,A0
2019-01-07,3434.0,3456.0,3409.0,3431.0,123832,143116,3429.0,黄大豆一号,农产品,DCE,A0
2019-01-08,3431.0,3450.0,3413.0,3445.0,103098,143024,3434.0,黄大豆一号,农产品,DCE,A0
2019-01-09,3449.0,3449.0,3420.0,3441.0,86100,140062,3436.0,黄大豆一号,农产品,DCE,A0
2019-01-10,3439.0,3468.0,3416.0,3430.0,143182,137680,3438.0,黄大豆一号,农产品,DCE,A0
2019-01-11,3432.0,3434.0,3381.0,3393.0,123248,149186,3404.0,黄大豆一号,农产品,DCE,A0
2019-01-14,3397.0,3401.0,3371.0,3382.0,93726,149980,3387.0,黄大豆一号,农产品,DCE,A0
2019-01-15,3382.0,3409.0,3378.0,3401.0,81140,144688,3395.0,黄大豆一号,农产品,DCE,A0
2019-01-16,3400.0,3401.0,3334.0,3345.0,173070,165402,3356.0,黄大豆一号,农产品,DCE,A0
2019-01-17,3345.0,3368.0,3343.0,3349.0,96772,161412,3354.0,黄大豆一号,农产品,DCE,A0
2019-01-18,3353.0,3385.0,3349.0,3370.0,95998,156388,3368.0,黄大豆一号,农产品,DCE,A0
2019-01-21,3370.0,3428.0,3370.0,3413.0,142190,149936,3403.0,黄大豆一号,农产品,DCE,A0
2019-01-22,3409.0,3436.0,3396.0,3419.0,139558,144688,3414.0,黄大豆一号,农产品,DCE,A0
2019-01-23,3419.0,3426.0,3400.0,3418.0,97298,139548,3414.0,黄大豆一号,农产品,DCE,A0
2019-01-24,3421.0,3446.0,3411.0,3435.0,105796,137806,3429.0,黄大豆一号,农产品,DCE,A0
2019-01-25,3435.0,3443.0,3415.0,3438.0,93642,132744,3430.0,黄大豆一号,农产品,DCE,A0
2019-01-28,3438.0,3458.0,3423.0,3425.0,119208,128672,3440.0,黄大豆一号,农产品,DCE,A0
2019-01-29,3423.0,3431.0,3396.0,3418.0,103976,126688,3416.0,黄大豆一号,农产品,DCE,A0
2019-01-30,3421.0,3426.0,3391.0,3396.0,89824,131294,3403.0,黄大豆一号,农产品,DCE,A0
2019-01-31,3399.0,3430.0,3383.0,3426.0,110434,121534,3407.0,黄大豆一号,农产品,DCE,A0
2019-02-01,3423.0,3475.0,3418.0,3450.0,127076,110852,3440.0,黄大豆一号,农产品,DCE,A0
2019-02-11,3478.0,3534.0,3443.0,3530.0,110598,129936,3495.0,黄大豆一号,农产品,DCE,A0
2019-02-12,3527.0,3531.0,3493.0,3507.0,106580,133146,3512.0,黄大豆一号,农产品,DCE,A0
2019-02-13,3507.0,3517.0,3481.0,3508.0,102776,136620,3502.0,黄大豆一号,农产品,DCE,A0
2019-02-14,3512.0,3524.0,3458.0,3475.0,145940,128964,3488.0,黄大豆一号,农产品,DCE,A0
2019-02-15,3473.0,3476.0,3434.0,3439.0,104940,122672,3455.0,黄大豆一号,农产品,DCE,A0
2019-02-18,3442.0,3453.0,3406.0,3424.0,119156,124846,3426.0,黄大豆一号,农产品,DCE,A0
2019-02-19,3428.0,3455.0,3425.0,3454.0,80574,120348,3441.0,黄大豆一号,农产品,DCE,A0
2019-02-20,3455.0,3459.0,3409.0,3417.0,109584,118856,3432.0,黄大豆一号,农产品,DCE,A0
2019-02-21,3411.0,3450.0,3408.0,3416.0,116714,124008,3429.0,黄大豆一号,农产品,DCE,A0
2019-02-22,3425.0,3432.0,3402.0,3410.0,125386,133756,3419.0,黄大豆一号,农产品,DCE,A0
2019-02-25,3413.0,3423.0,3370.0,3420.0,142832,139084,3402.0,黄大豆一号,农产品,DCE,A0
2019-02-26,3426.0,3430.0,3366.0,3376.0,149988,144336,3400.0,黄大豆一号,农产品,DCE,A0
2019-02-27,3375.0,3384.0,3359.0,3379.0,114632,151692,3374.0,黄大豆一号,农产品,DCE,A0
2019-02-28,3382.0,3407.0,3375.0,3391.0,111210,145304,3389.0,黄大豆一号,农产品,DCE,A0
2019-03-01,3397.0,3413.0,3381.0,3411.0,137510,141032,3401.0,黄大豆一号,农产品,DCE,A0
2019-03-04,3410.0,3419.0,3379.0,3383.0,138418,150122,3395.0,黄大豆一号,农产品,DCE,A0
2019-03-05,3386.0,3414.0,3384.0,3391.0,133122,146208,3399.0,黄大豆一号,农产品,DCE,A0
2019-03-06,3390.0,3413.0,3368.0,3411.0,139456,145742,3395.0,黄大豆一号,农产品,DCE,A0
2019-03-07,3409.0,3428.0,3400.0,3417.0,153800,143700,3414.0,黄大豆一号,农产品,DCE,A0
2019-03-08,3417.0,3420.0,3371.0,3377.0,170872,153848,3390.0,黄大豆一号,农产品,DCE,A0
2019-03-11,3378.0,3396.0,3342.0,3395.0,220006,154566,3369.0,黄大豆一号,农产品,DCE,A0
2019-03-12,3395.0,3399.0,3376.0,3389.0,130078,143204,3389.0,黄大豆一号,农产品,DCE,A0
2019-03-13,3389.0,3406.0,3384.0,3387.0,119170,140802,3394.0,黄大豆一号,农产品,DCE,A0
2019-03-14,3383.0,3410.0,3373.0,3407.0,137100,139490,3393.0,黄大豆一号,农产品,DCE,A0
2019-03-15,3405.0,3439.0,3398.0,3437.0,198498,152186,3421.0,黄大豆一号,农产品,DCE,A0
2019-03-18,3432.0,3448.0,3391.0,3394.0,163870,149516,3425.0,黄大豆一号,农产品,DCE,A0
2019-03-19,3398.0,3401.0,3372.0,3381.0,140478,150962,3387.0,黄大豆一号,农产品,DCE,A0
2019-03-20,3383.0,3389.0,3361.0,3373.0,93508,157622,3374.0,黄大豆一号,农产品,DCE,A0
2019-03-21,3374.0,3379.0,3366.0,3375.0,79116,158780,3372.0,黄大豆一号,农产品,DCE,A0
2019-03-22,3375.0,3383.0,3363.0,3377.0,99446,158402,3374.0,黄大豆一号,农产品,DCE,A0
2019-03-25,3373.0,3383.0,3347.0,3354.0,115804,163902,3361.0,黄大豆一号,农产品,DCE,A0
2019-03-26,3354.0,3365.0,3349.0,3359.0,59342,161256,3357.0,黄大豆一号,农产品,DCE,A0
2019-03-27,3362.0,3377.0,3354.0,3361.0,88072,158278,3365.0,黄大豆一号,农产品,DCE,A0
2019-03-28,3355.0,3362.0,3330.0,3341.0,169974,151412,3348.0,黄大豆一号,农产品,DCE,A0
2019-03-29,3352.0,3353.0,3308.0,3323.0,159008,157942,3327.0,黄大豆一号,农产品,DCE,A0
2019-04-01,3328.0,3342.0,3316.0,3335.0,80466,152318,3331.0,黄大豆一号,农产品,DCE,A0
2019-04-02,3330.0,3348.0,3328.0,3337.0,108412,140062,3338.0,黄大豆一号,农产品,DCE,A0
2019-04-03,3337.0,3352.0,3323.0,3351.0,99406,133630,3337.0,黄大豆一号,农产品,DCE,A0
2019-04-04,3371.0,3371.0,3319.0,3330.0,104234,136868,3336.0,黄大豆一号,农产品,DCE,A0
2019-04-08,3324.0,3350.0,3324.0,3336.0,61106,133442,3339.0,黄大豆一号,农产品,DCE,A0
2019-04-09,3330.0,3340.0,3314.0,3334.0,109024,144792,3324.0,黄大豆一号,农产品,DCE,A0
2019-04-10,3334.0,3345.0,3331.0,3338.0,88126,124824,3339.0,黄大豆一号,农产品,DCE,A0
2019-04-11,3337.0,3338.0,3300.0,3324.0,126712,139976,3319.0,黄大豆一号,农产品,DCE,A0
2019-04-12,3328.0,3328.0,3307.0,3310.0,74138,145666,3313.0,黄大豆一号,农产品,DCE,A0
2019-04-15,3306.0,3347.0,3287.0,3338.0,118424,122786,3325.0,黄大豆一号,农产品,DCE,A0
2019-04-16,3337.0,3344.0,3327.0,3334.0,65998,116402,3335.0,黄大豆一号,农产品,DCE,A0
2019-04-17,3339.0,3346.0,3310.0,3315.0,75764,119006,3325.0,黄大豆一号,农产品,DCE,A0
2019-04-18,3315.0,3320.0,3290.0,3316.0,90862,110680,3308.0,黄大豆一号,农产品,DCE,A0
2019-04-19,3333.0,3348.0,3313.0,3323.0,80286,94816,3329.0,黄大豆一号,农产品,DCE,A0
2019-04-23,3313.0,3331.0,3308.0,3331.0,62312,51866,3322.0,黄大豆一号,农产品,DCE,A0
2019-04-24,3418.0,3438.0,3404.0,3420.0,125550,140226,3421.0,黄大豆一号,农产品,DCE,A0
2019-04-25,3419.0,3425.0,3404.0,3406.0,118742,144866,3412.0,黄大豆一号,农产品,DCE,A0
2019-04-26,3413.0,3414.0,3352.0,3364.0,173548,169040,3382.0,黄大豆一号,农产品,DCE,A0
2019-04-29,3362.0,3381.0,3357.0,3370.0,74548,169694,3371.0,黄大豆一号,农产品,DCE,A0
2019-04-30,3367.0,3379.0,3345.0,3378.0,103526,171854,3361.0,黄大豆一号,农产品,DCE,A0
2019-05-06,3372.0,3433.0,3365.0,3397.0,96034,154252,3395.0,黄大豆一号,农产品,DCE,A0
2019-05-07,3393.0,3412.0,3388.0,3396.0,173248,145746,3403.0,黄大豆一号,农产品,DCE,A0
2019-05-08,3399.0,3419.0,3388.0,3415.0,79738,141646,3404.0,黄大豆一号,农产品,DCE,A0
2019-05-09,3420.0,3494.0,3417.0,3468.0,191654,127104,3448.0,黄大豆一号,农产品,DCE,A0
2019-05-10,3468.0,3478.0,3431.0,3456.0,164118,117940,3454.0,黄大豆一号,农产品,DCE,A0
2019-05-13,3456.0,3484.0,3450.0,3459.0,10435,119474,3463.0,黄大豆一号,农产品,DCE,A0
2019-05-14,3468.0,3572.0,3456.0,3516.0,29062,121960,3520.0,黄大豆一号,农产品,DCE,A0
2019-05-15,3524.0,3545.0,3512.0,3529.0,14145,119834,3531.0,黄大豆一号,农产品,DCE,A0
2019-05-16,3530.0,3581.0,3530.0,3543.0,184542,123966,3551.0,黄大豆一号,农产品,DCE,A0
2019-05-17,3558.0,3558.0,3522.0,3541.0,117072,121734,3539.0,黄大豆一号,农产品,DCE,A0
2019-05-20,3552.0,3609.0,3541.0,3571.0,190842,129248,3575.0,黄大豆一号,农产品,DCE,A0
2019-05-21,3572.0,3619.0,3566.0,3592.0,144808,125270,3594.0,黄大豆一号,农产品,DCE,A0
2019-05-22,3590.0,3606.0,3546.0,3568.0,133208,116410,3581.0,黄大豆一号,农产品,DCE,A0
2019-05-23,3567.0,3598.0,3555.0,3575.0,113728,119440,3576.0,黄大豆一号,农产品,DCE,A0
2019-05-24,3580.0,3587.0,3552.0,3577.0,96716,114668,3572.0,黄大豆一号,农产品,DCE,A0
2019-05-27,3590.0,3636.0,3566.0,3611.0,136988,119952,3600.0,黄大豆一号,农产品,DCE,A0
2019-05-28,3607.0,3625.0,3595.0,3615.0,84146,118710,3610.0,黄大豆一号,农产品,DCE,A0
2019-05-29,3639.0,3754.0,3606.0,3735.0,247796,131930,3697.0,黄大豆一号,农产品,DCE,A0
2019-05-30,3718.0,3736.0,3612.0,3627.0,250466,118644,3666.0,黄大豆一号,农产品,DCE,A0
2019-05-31,3658.0,3658.0,3568.0,3598.0,200012,111298,3611.0,黄大豆一号,农产品,DCE,A0
2019-06-03,3589.0,3617.0,3571.0,3598.0,136002,111714,3590.0,黄大豆一号,农产品,DCE,A0
2019-06-04,3595.0,3674.0,3580.0,3623.0,241316,117176,3629.0,黄大豆一号,农产品,DCE,A0
2019-06-05,3606.0,3625.0,3553.0,3563.0,189030,115706,3587.0,黄大豆一号,农产品,DCE,A0
2019-06-06,3563.0,3580.0,3510.0,3515.0,156086,110266,3538.0,黄大豆一号,农产品,DCE,A0
2019-06-10,3510.0,3529.0,3484.0,3523.0,101482,110394,3511.0,黄大豆一号,农产品,DCE,A0
2019-06-11,3509.0,3538.0,3493.0,3502.0,118278,116468,3511.0,黄大豆一号,农产品,DCE,A0
2019-06-12,3506.0,3514.0,3455.0,3462.0,133118,121696,3488.0,黄大豆一号,农产品,DCE,A0
2019-06-13,3472.0,3508.0,3465.0,3481.0,162274,125114,3485.0,黄大豆一号,农产品,DCE,A0
2019-06-14,3480.0,3514.0,3461.0,3467.0,153458,133502,3483.0,黄大豆一号,农产品,DCE,A0
2019-06-17,3478.0,3504.0,3440.0,3492.0,147542,135420,3481.0,黄大豆一号,农产品,DCE,A0
2019-06-18,3493.0,3494.0,3452.0,3455.0,119954,140998,3471.0,黄大豆一号,农产品,DCE,A0
2019-06-19,3454.0,3462.0,3418.0,3458.0,169728,140490,3442.0,黄大豆一号,农产品,DCE,A0
2019-06-20,3456.0,3471.0,3435.0,3453.0,105422,132124,3453.0,黄大豆一号,农产品,DCE,A0
2019-06-21,3456.0,3482.0,3433.0,3440.0,123158,128900,3460.0,黄大豆一号,农产品,DCE,A0
2019-06-24,3431.0,3450.0,3413.0,3443.0,113540,136370,3433.0,黄大豆一号,农产品,DCE,A0
2019-06-25,3450.0,3484.0,3442.0,3472.0,119440,127394,3462.0,黄大豆一号,农产品,DCE,A0
2019-06-26,3467.0,3479.0,3426.0,3432.0,106046,134798,3443.0,黄大豆一号,农产品,DCE,A0
2019-06-27,3436.0,3447.0,3417.0,3430.0,86202,143030,3430.0,黄大豆一号,农产品,DCE,A0
2019-06-28,3428.0,3459.0,3421.0,3448.0,114926,131928,3439.0,黄大豆一号,农产品,DCE,A0
2019-07-01,3448.0,3470.0,3365.0,3389.0,155076,150922,3410.0,黄大豆一号,农产品,DCE,A0
2019-07-02,3390.0,3397.0,3372.0,3389.0,82108,154240,3382.0,黄大豆一号,农产品,DCE,A0
2019-07-03,3388.0,3413.0,3381.0,3411.0,91564,141510,3399.0,黄大豆一号,农产品,DCE,A0
2019-07-04,3411.0,3430.0,3397.0,3405.0,82440,136058,3415.0,黄大豆一号,农产品,DCE,A0
2019-07-05,3406.0,3440.0,3395.0,3437.0,86430,130866,3419.0,黄大豆一号,农产品,DCE,A0
2019-07-08,3437.0,3438.0,3390.0,3397.0,107640,142678,3408.0,黄大豆一号,农产品,DCE,A0
2019-07-09,3391.0,3403.0,3366.0,3401.0,96682,147652,3385.0,黄大豆一号,农产品,DCE,A0
2019-07-10,3400.0,3423.0,3388.0,3397.0,133236,142192,3406.0,黄大豆一号,农产品,DCE,A0
2019-07-11,3398.0,3418.0,3385.0,3390.0,101056,144186,3399.0,黄大豆一号,农产品,DCE,A0
2019-07-12,3388.0,3427.0,3375.0,3416.0,126486,140056,3398.0,黄大豆一号,农产品,DCE,A0
2019-07-15,3412.0,3450.0,3409.0,3439.0,132236,130928,3432.0,黄大豆一号,农产品,DCE,A0
2019-07-16,3430.0,3434.0,3380.0,3380.0,138814,143626,3398.0,黄大豆一号,农产品,DCE,A0
2019-07-17,3372.0,3387.0,3355.0,3376.0,117064,160994,3372.0,黄大豆一号,农产品,DCE,A0
2019-07-18,3376.0,3398.0,3368.0,3371.0,102320,168730,3379.0,黄大豆一号,农产品,DCE,A0
2019-07-19,3370.0,3395.0,3368.0,3384.0,75988,157092,3382.0,黄大豆一号,农产品,DCE,A0
2019-07-22,3386.0,3395.0,3365.0,3387.0,101828,146618,3383.0,黄大豆一号,农产品,DCE,A0
2019-07-23,3383.0,3416.0,3383.0,3387.0,126626,130212,3399.0,黄大豆一号,农产品,DCE,A0
2019-07-24,3384.0,3406.0,3370.0,3398.0,121088,131376,3383.0,黄大豆一号,农产品,DCE,A0
2019-07-25,3397.0,3411.0,3393.0,3402.0,89524,127322,3403.0,黄大豆一号,农产品,DCE,A0
2019-07-26,3397.0,3399.0,3364.0,3378.0,140094,147162,3375.0,黄大豆一号,农产品,DCE,A0
2019-07-29,3380.0,3413.0,3365.0,3374.0,131306,150920,3383.0,黄大豆一号,农产品,DCE,A0
2019-07-30,3371.0,3396.0,3367.0,3376.0,102890,146346,3379.0,黄大豆一号,农产品,DCE,A0
2019-07-31,3376.0,3394.0,3370.0,3383.0,78728,136608,3384.0,黄大豆一号,农产品,DCE,A0
2019-08-01,3388.0,3389.0,3361.0,3377.0,91682,137796,3373.0,黄大豆一号,农产品,DCE,A0
2019-08-02,3380.0,3403.0,3302.0,3368.0,274614,143820,3365.0,黄大豆一号,农产品,DCE,A0
2019-08-05,3370.0,3422.0,3362.0,3399.0,209840,115646,3391.0,黄大豆一号,农产品,DCE,A0
2019-08-06,3395.0,3406.0,3371.0,3377.0,131272,106750,3388.0,黄大豆一号,农产品,DCE,A0
2019-08-07,3377.0,3403.0,3364.0,3400.0,113252,104438,3380.0,黄大豆一号,农产品,DCE,A0
2019-08-08,3401.0,3406.0,3374.0,3376.0,91120,96492,3387.0,黄大豆一号,农产品,DCE,A0
2019-08-09,3375.0,3402.0,3371.0,3400.0,90858,90768,3388.0,黄大豆一号,农产品,DCE,A0
2019-08-12,3406.0,3430.0,3386.0,3404.0,120890,76876,3406.0,黄大豆一号,农产品,DCE,A0
2019-08-13,3408.0,3430.0,3395.0,3417.0,76256,70718,3415.0,黄大豆一号,农产品,DCE,A0
2019-08-14,3415.0,3426.0,3373.0,3412.0,114714,63368,3406.0,黄大豆一号,农产品,DCE,A0
2019-08-15,3417.0,3421.0,3377.0,3383.0,56354,57894,3394.0,黄大豆一号,农产品,DCE,A0
2019-08-16,3426.0,3435.0,3396.0,3407.0,101462,134746,3414.0,黄大豆一号,农产品,DCE,A0
2019-08-19,3407.0,3423.0,3398.0,3419.0,101710,149742,3409.0,黄大豆一号,农产品,DCE,A0
2019-08-20,3413.0,3446.0,3409.0,3431.0,127464,145306,3429.0,黄大豆一号,农产品,DCE,A0
2019-08-21,3425.0,3442.0,3421.0,3435.0,98822,149726,3431.0,黄大豆一号,农产品,DCE,A0
2019-08-22,3438.0,3439.0,3416.0,3430.0,104054,163122,3425.0,黄大豆一号,农产品,DCE,A0
2019-08-23,3430.0,3500.0,3430.0,3494.0,247848,176708,3467.0,黄大豆一号,农产品,DCE,A0
2019-08-26,3500.0,3567.0,3480.0,3542.0,211120,178324,3528.0,黄大豆一号,农产品,DCE,A0
2019-08-27,3532.0,3560.0,3504.0,3512.0,171286,181894,3538.0,黄大豆一号,农产品,DCE,A0
2019-08-28,3516.0,3539.0,3508.0,3517.0,105752,175358,3523.0,黄大豆一号,农产品,DCE,A0
2019-08-29,3517.0,3537.0,3513.0,3530.0,98476,172032,3523.0,黄大豆一号,农产品,DCE,A0
2019-08-30,3534.0,3537.0,3495.0,3529.0,133082,172344,3519.0,黄大豆一号,农产品,DCE,A0
2019-09-02,3533.0,3630.0,3533.0,3598.0,263364,188348,3593.0,黄大豆一号,农产品,DCE,A0
2019-09-03,3595.0,3609.0,3560.0,3584.0,133184,176866,3588.0,黄大豆一号,农产品,DCE,A0
2019-09-04,3583.0,3610.0,3570.0,3578.0,129264,176276,3588.0,黄大豆一号,农产品,DCE,A0
2019-09-05,3579.0,3590.0,3518.0,3531.0,151056,173164,3551.0,黄大豆一号,农产品,DCE,A0
2019-09-06,3536.0,3546.0,3445.0,3464.0,218376,174186,3482.0,黄大豆一号,农产品,DCE,A0
2019-09-09,3466.0,3476.0,3437.0,3440.0,137808,183556,3459.0,黄大豆一号,农产品,DCE,A0
2019-09-10,3444.0,3459.0,3441.0,3450.0,87126,184576,3450.0,黄大豆一号,农产品,DCE,A0
2019-09-11,3455.0,3457.0,3414.0,3425.0,125324,201024,3432.0,黄大豆一号,农产品,DCE,A0
2019-09-12,3425.0,3433.0,3412.0,3420.0,104700,197440,3423.0,黄大豆一号,农产品,DCE,A0
2019-09-16,3420.0,3445.0,3402.0,3440.0,102892,208472,3428.0,黄大豆一号,农产品,DCE,A0
2019-09-17,3436.0,3498.0,3434.0,3486.0,181316,211678,3464.0,黄大豆一号,农产品,DCE,A0
2019-09-18,3486.0,3504.0,3462.0,3483.0,160198,209582,3481.0,黄大豆一号,农产品,DCE,A0
2019-09-19,3483.0,3489.0,3456.0,3463.0,113570,200664,3471.0,黄大豆一号,农产品,DCE,A0
2019-09-20,3464.0,3479.0,3425.0,3429.0,138816,208024,3441.0,黄大豆一号,农产品,DCE,A0
2019-09-23,3430.0,3454.0,3421.0,3448.0,119488,210900,3436.0,黄大豆一号,农产品,DCE,A0
2019-09-24,3448.0,3452.0,3408.0,3426.0,127966,221532,3427.0,黄大豆一号,农产品,DCE,A0
2019-09-25,3423.0,3444.0,3415.0,3438.0,98752,217028,3429.0,黄大豆一号,农产品,DCE,A0
2019-09-26,3440.0,3440.0,3392.0,3402.0,128094,223956,3411.0,黄大豆一号,农产品,DCE,A0
2019-09-27,3401.0,3410.0,3335.0,3362.0,162154,219458,3369.0,黄大豆一号,农产品,DCE,A0
2019-09-30,3366.0,3369.0,3326.0,3350.0,121400,219770,3346.0,黄大豆一号,农产品,DCE,A0
2019-10-08,3357.0,3393.0,3353.0,3376.0,82682,216846,3375.0,黄大豆一号,农产品,DCE,A0
2019-10-09,3380.0,3413.0,3376.0,3410.0,110044,215058,3395.0,黄大豆一号,农产品,DCE,A0
2019-10-10,3410.0,3416.0,3386.0,3400.0,110564,204104,3401.0,黄大豆一号,农产品,DCE,A0
2019-10-11,3403.0,3440.0,3393.0,3438.0,120318,195746,3418.0,黄大豆一号,农产品,DCE,A0
2019-10-14,3433.0,3435.0,3405.0,3434.0,125984,186996,3419.0,黄大豆一号,农产品,DCE,A0
2019-10-15,3434.0,3456.0,3410.0,3426.0,118642,185928,3430.0,黄大豆一号,农产品,DCE,A0
2019-10-16,3426.0,3431.0,3403.0,3421.0,97788,181878,3419.0,黄大豆一号,农产品,DCE,A0
2019-10-17,3426.0,3438.0,3385.0,3416.0,132498,194210,3408.0,黄大豆一号,农产品,DCE,A0
2019-10-18,3416.0,3435.0,3405.0,3419.0,121584,186150,3422.0,黄大豆一号,农产品,DCE,A0
2019-10-21,3412.0,3444.0,3398.0,3430.0,153128,186140,3423.0,黄大豆一号,农产品,DCE,A0
2019-10-22,3436.0,3438.0,3401.0,3428.0,131608,195192,3418.0,黄大豆一号,农产品,DCE,A0
2019-10-23,3425.0,3426.0,3366.0,3407.0,190934,220176,3394.0,黄大豆一号,农产品,DCE,A0
2019-10-24,3401.0,3409.0,3387.0,3394.0,103162,223104,3398.0,黄大豆一号,农产品,DCE,A0
2019-10-25,3394.0,3420.0,3386.0,3396.0,136082,219086,3398.0,黄大豆一号,农产品,DCE,A0
2019-10-28,3400.0,3405.0,3362.0,3372.0,145568,239988,3377.0,黄大豆一号,农产品,DCE,A0
2019-10-29,3371.0,3405.0,3365.0,3379.0,124724,223024,3389.0,黄大豆一号,农产品,DCE,A0
2019-10-30,3382.0,3401.0,3376.0,3390.0,79084,222390,3391.0,黄大豆一号,农产品,DCE,A0
2019-10-31,3397.0,3400.0,3385.0,3393.0,82644,224180,3393.0,黄大豆一号,农产品,DCE,A0
2019-11-01,3388.0,3405.0,3372.0,3395.0,130014,216512,3389.0,黄大豆一号,农产品,DCE,A0
2019-11-04,3399.0,3400.0,3372.0,3389.0,126666,226952,3384.0,黄大豆一号,农产品,DCE,A0
2019-11-05,3386.0,3398.0,3363.0,3388.0,141226,230200,3383.0,黄大豆一号,农产品,DCE,A0
2019-11-06,3388.0,3394.0,3336.0,3390.0,267378,238738,3368.0,黄大豆一号,农产品,DCE,A0
2019-11-07,3394.0,3414.0,3383.0,3385.0,216812,206666,3398.0,黄大豆一号,农产品,DCE,A0
2019-11-08,3385.0,3401.0,3371.0,3382.0,125544,206600,3383.0,黄大豆一号,农产品,DCE,A0
2019-11-11,3386.0,3435.0,3379.0,3416.0,187086,185346,3414.0,黄大豆一号,农产品,DCE,A0
2019-11-12,3422.0,3422.0,3404.0,3412.0,110066,167154,3413.0,黄大豆一号,农产品,DCE,A0
2019-11-13,3412.0,3416.0,3376.0,3407.0,132046,160570,3403.0,黄大豆一号,农产品,DCE,A0
2019-11-14,3404.0,3409.0,3383.0,3403.0,129054,157582,3394.0,黄大豆一号,农产品,DCE,A0
2019-11-15,3403.0,3413.0,3385.0,3385.0,121066,148122,3398.0,黄大豆一号,农产品,DCE,A0
2019-11-18,3386.0,3408.0,3382.0,3392.0,129870,144698,3396.0,黄大豆一号,农产品,DCE,A0
2019-11-19,3392.0,3407.0,3380.0,3402.0,155096,137134,3394.0,黄大豆一号,农产品,DCE,A0
2019-11-20,3400.0,3409.0,3373.0,3406.0,200044,144678,3393.0,黄大豆一号,农产品,DCE,A0
2019-11-21,3406.0,3411.0,3382.0,3403.0,155810,145568,3394.0,黄大豆一号,农产品,DCE,A0
2019-11-22,3401.0,3414.0,3389.0,3390.0,123480,127954,3402.0,黄大豆一号,农产品,DCE,A0
2019-11-25,3387.0,3401.0,3362.0,3392.0,187612,139288,3382.0,黄大豆一号,农产品,DCE,A0
2019-11-26,3388.0,3400.0,3375.0,3379.0,116600,150528,3385.0,黄大豆一号,农产品,DCE,A0
2019-11-27,3375.0,3384.0,3369.0,3380.0,66578,154410,3376.0,黄大豆一号,农产品,DCE,A0
2019-11-28,3385.0,3399.0,3355.0,3355.0,125742,146760,3383.0,黄大豆一号,农产品,DCE,A0
2019-11-29,3360.0,3376.0,3356.0,3366.0,100596,157306,3366.0,黄大豆一号,农产品,DCE,A0
2019-12-02,3368.0,3385.0,3366.0,3385.0,97186,139848,3376.0,黄大豆一号,农产品,DCE,A0
2019-12-03,3389.0,3460.0,3380.0,3457.0,219960,118802,3407.0,黄大豆一号,农产品,DCE,A0
2019-12-04,3452.0,3485.0,3431.0,3478.0,175568,110768,3457.0,黄大豆一号,农产品,DCE,A0
2019-12-05,3848.0,3884.0,3832.0,3876.0,196652,173164,3860.0,黄大豆一号,农产品,DCE,A0
2019-12-06,3876.0,3884.0,3858.0,3880.0,139714,183338,3871.0,黄大豆一号,农产品,DCE,A0
2019-12-09,3880.0,3891.0,3850.0,3857.0,174388,178156,3869.0,黄大豆一号,农产品,DCE,A0
2019-12-10,3863.0,3953.0,3845.0,3880.0,403956,180802,0.0,黄大豆一号,农产品,DCE,A0
2019-12-11,3880.0,3901.0,3862.0,3895.0,165240,175838,3878.0,黄大豆一号,农产品,DCE,A0
2019-12-12,3896.0,3914.0,3868.0,3878.0,133444,175648,3884.0,黄大豆一号,农产品,DCE,A0
2019-12-13,3874.0,3916.0,3855.0,3872.0,190750,177130,3882.0,黄大豆一号,农产品,DCE,A0
2019-12-16,3884.0,3884.0,3830.0,3849.0,142802,176150,3857.0,黄大豆一号,农产品,DCE,A0
2019-12-17,3854.0,3893.0,3851.0,3879.0,114716,175506,3869.0,黄大豆一号,农产品,DCE,A0
2019-12-18,3875.0,3884.0,3839.0,3850.0,110564,168514,3854.0,黄大豆一号,农产品,DCE,A0
2019-12-19,3850.0,3863.0,3831.0,3843.0,87152,163010,3845.0,黄大豆一号,农产品,DCE,A0
2019-12-20,3836.0,3849.0,3820.0,3838.0,96396,156486,3834.0,黄大豆一号,农产品,DCE,A0
2019-12-23,3839.0,3895.0,3830.0,3856.0,165324,161426,0.0,黄大豆一号,农产品,DCE,A0
2019-12-24,3851.0,3864.0,3798.0,3806.0,173152,157636,3821.0,黄大豆一号,农产品,DCE,A0
2019-12-25,3811.0,3826.0,3801.0,3822.0,65474,155630,3813.0,黄大豆一号,农产品,DCE,A0
2019-12-26,3818.0,3828.0,3813.0,3823.0,42878,154318,3819.0,黄大豆一号,农产品,DCE,A0
2019-12-27,3820.0,3852.0,3809.0,3831.0,106354,152552,0.0,黄大豆一号,农产品,DCE,A0
2019-12-30,3815.0,3850.0,3815.0,3841.0,78754,153570,3835.0,黄大豆一号,农产品,DCE,A0
2019-12-31,3838.0,3885.0,3836.0,3857.0,147030,156446,3863.0,黄大豆一号,农产品,DCE,A0
2020-01-02,3856.0,3876.0,3847.0,3861.0,29163,77255,3864.0,黄大豆一号,农产品,DCE,A0
2020-01-03,3861.0,3893.0,3860.0,3877.0,41752,78390,3879.0,黄大豆一号,农产品,DCE,A0
2020-01-06,3873.0,3911.0,3864.0,3909.0,47803,79011,3887.0,黄大豆一号,农产品,DCE,A0
2020-01-07,3915.0,3943.0,3906.0,3916.0,56399,81546,3923.0,黄大豆一号,农产品,DCE,A0
2020-01-08,3916.0,3965.0,3907.0,3954.0,52739,84844,3936.0,黄大豆一号,农产品,DCE,A0
2020-01-09,3950.0,4038.0,3947.0,4029.0,114346,101548,4000.0,黄大豆一号,农产品,DCE,A0
2020-01-10,4029.0,4129.0,4024.0,4092.0,209291,111979,4079.0,黄大豆一号,农产品,DCE,A0
2020-01-13,4088.0,4148.0,4079.0,4111.0,127479,115826,0.0,黄大豆一号,农产品,DCE,A0
2020-01-14,4116.0,4139.0,4095.0,4138.0,78412,124933,4118.0,黄大豆一号,农产品,DCE,A0
2020-01-15,4142.0,4145.0,4105.0,4130.0,83427,127906,4122.0,黄大豆一号,农产品,DCE,A0
2020-01-16,4125.0,4144.0,4073.0,4094.0,120521,128083,4103.0,黄大豆一号,农产品,DCE,A0
2020-01-17,4092.0,4118.0,4076.0,4100.0,100530,129946,4096.0,黄大豆一号,农产品,DCE,A0
2020-01-20,4105.0,4112.0,4076.0,4097.0,77070,129117,4095.0,黄大豆一号,农产品,DCE,A0
2020-01-21,4081.0,4107.0,4042.0,4047.0,108083,112476,4070.0,黄大豆一号,农产品,DCE,A0
2020-01-22,4047.0,4095.0,4033.0,4092.0,69631,111154,4055.0,黄大豆一号,农产品,DCE,A0
2020-01-23,4089.0,4096.0,4043.0,4060.0,64589,97554,4065.0,黄大豆一号,农产品,DCE,A0
2020-02-03,3959.0,4016.0,3900.0,3963.0,73993,92517,3964.0,黄大豆一号,农产品,DCE,A0
2020-02-04,3963.0,4035.0,3962.0,4024.0,60565,93043,4007.0,黄大豆一号,农产品,DCE,A0
2020-02-05,4016.0,4035.0,3987.0,3992.0,44848,93279,0.0,黄大豆一号,农产品,DCE,A0
2020-02-06,3990.0,4042.0,3975.0,4032.0,46772,94352,0.0,黄大豆一号,农产品,DCE,A0
2020-02-07,4034.0,4055.0,4008.0,4040.0,45167,94661,0.0,黄大豆一号,农产品,DCE,A0
2020-02-10,4045.0,4190.0,4033.0,4170.0,207987,118135,0.0,黄大豆一号,农产品,DCE,A0
2020-02-11,4165.0,4204.0,4148.0,4157.0,147263,114974,4171.0,黄大豆一号,农产品,DCE,A0
2020-02-12,4160.0,4184.0,4122.0,4159.0,107113,113705,4157.0,黄大豆一号,农产品,DCE,A0
2020-02-13,4166.0,4238.0,4138.0,4149.0,245247,111932,0.0,黄大豆一号,农产品,DCE,A0
2020-02-14,4149.0,4157.0,4121.0,4139.0,85899,112661,4139.0,黄大豆一号,农产品,DCE,A0
2020-02-17,4143.0,4179.0,4120.0,4154.0,99046,113891,4147.0,黄大豆一号,农产品,DCE,A0
2020-02-18,4138.0,4168.0,4131.0,4146.0,75260,116871,0.0,黄大豆一号,农产品,DCE,A0
2020-02-19,4153.0,4197.0,4140.0,4191.0,110591,122901,0.0,黄大豆一号,农产品,DCE,A0
2020-02-20,4191.0,4216.0,4101.0,4104.0,160063,117113,0.0,黄大豆一号,农产品,DCE,A0
2020-02-21,4100.0,4137.0,4085.0,4136.0,110547,121180,0.0,黄大豆一号,农产品,DCE,A0
2020-02-24,4137.0,4150.0,4106.0,4119.0,80738,120293,4125.0,黄大豆一号,农产品,DCE,A0
2020-02-25,4115.0,4145.0,4103.0,4131.0,115309,120053,0.0,黄大豆一号,农产品,DCE,A0
2020-02-26,4122.0,4179.0,4122.0,4171.0,153800,128407,0.0,黄大豆一号,农产品,DCE,A0
2020-02-27,4171.0,4185.0,4152.0,4171.0,104291,126062,0.0,黄大豆一号,农产品,DCE,A0
2020-02-28,4171.0,4218.0,4073.0,4078.0,249698,119260,0.0,黄大豆一号,农产品,DCE,A0
2020-03-02,4081.0,4178.0,4081.0,4157.0,166441,117671,0.0,黄大豆一号,农产品,DCE,A0
2020-03-03,4166.0,4185.0,4136.0,4161.0,102334,117023,0.0,黄大豆一号,农产品,DCE,A0
2020-03-04,4166.0,4210.0,4142.0,4203.0,172966,126695,0.0,黄大豆一号,农产品,DCE,A0
2020-03-05,4203.0,4260.0,4192.0,4252.0,241529,145872,0.0,黄大豆一号,农产品,DCE,A0
2020-03-06,4237.0,4248.0,4198.0,4218.0,155508,135657,0.0,黄大豆一号,农产品,DCE,A0
2020-03-09,4175.0,4211.0,4079.0,4147.0,278610,115156,0.0,黄大豆一号,农产品,DCE,A0
2020-03-10,4147.0,4200.0,4134.0,4193.0,140354,114388,4167.0,黄大豆一号,农产品,DCE,A0
2020-03-11,4177.0,4196.0,4171.0,4180.0,79416,113265,0.0,黄大豆一号,农产品,DCE,A0
2020-03-12,4173.0,4173.0,4119.0,4147.0,119207,109995,0.0,黄大豆一号,农产品,DCE,A0
2020-03-13,4130.0,4179.0,4046.0,4164.0,198344,99188,0.0,黄大豆一号,农产品,DCE,A0
2020-03-16,4148.0,4248.0,4146.0,4226.0,192969,109379,0.0,黄大豆一号,农产品,DCE,A0
2020-03-17,4200.0,4270.0,4178.0,4253.0,186046,116717,0.0,黄大豆一号,农产品,DCE,A0
2020-03-18,4248.0,4319.0,4245.0,4315.0,201409,118374,4292.0,黄大豆一号,农产品,DCE,A0
2020-03-19,4315.0,4371.0,4271.0,4360.0,262847,108146,0.0,黄大豆一号,农产品,DCE,A0
2020-03-20,4374.0,4400.0,4288.0,4297.0,184532,96917,0.0,黄大豆一号,农产品,DCE,A0
2020-03-23,4297.0,4369.0,4287.0,4317.0,189095,93209,0.0,黄大豆一号,农产品,DCE,A0
2020-03-24,4344.0,4406.0,4300.0,4404.0,176732,103901,0.0,黄大豆一号,农产品,DCE,A0
2020-03-25,4414.0,4507.0,4387.0,4501.0,222319,106846,0.0,黄大豆一号,农产品,DCE,A0
2020-03-26,4491.0,4625.0,4476.0,4621.0,363683,118993,0.0,黄大豆一号,农产品,DCE,A0
2020-03-27,4625.0,4788.0,4625.0,4696.0,580672,104479,0.0,黄大豆一号,农产品,DCE,A0
2020-03-30,4750.0,4918.0,4730.0,4914.0,437505,114687,0.0,黄大豆一号,农产品,DCE,A0
2020-03-31,4919.0,4947.0,4827.0,4866.0,354702,100492,0.0,黄大豆一号,农产品,DCE,A0
2020-04-01,4866.0,4885.0,4723.0,4814.0,350297,93143,0.0,黄大豆一号,农产品,DCE,A0
2020-04-02,4813.0,4911.0,4763.0,4856.0,271615,86596,0.0,黄大豆一号,农产品,DCE,A0
2020-04-03,4867.0,4885.0,4781.0,4848.0,182103,78202,0.0,黄大豆一号,农产品,DCE,A0
2020-04-07,4878.0,4935.0,4760.0,4783.0,149178,75814,0.0,黄大豆一号,农产品,DCE,A0
2020-04-08,4770.0,4850.0,4740.0,4836.0,110085,74038,0.0,黄大豆一号,农产品,DCE,A0
2020-04-09,4519.0,4573.0,4516.0,4533.0,147729,101088,0.0,黄大豆一号,农产品,DCE,A0
2020-04-10,4531.0,4562.0,4482.0,4529.0,194562,105024,0.0,黄大豆一号,农产品,DCE,A0
2020-04-13,4560.0,4624.0,4498.0,4504.0,192534,109646,0.0,黄大豆一号,农产品,DCE,A0
2020-04-14,4500.0,4567.0,4464.0,4545.0,230780,118444,0.0,黄大豆一号,农产品,DCE,A0
2020-04-15,4552.0,4730.0,4533.0,4718.0,363955,131309,0.0,黄大豆一号,农产品,DCE,A0
2020-04-16,4718.0,4727.0,4608.0,4633.0,245875,109562,0.0,黄大豆一号,农产品,DCE,A0
2020-04-17,4638.0,4693.0,4600.0,4689.0,223788,119362,0.0,黄大豆一号,农产品,DCE,A0
2020-04-20,4699.0,4779.0,4602.0,4612.0,290621,119701,0.0,黄大豆一号,农产品,DCE,A0
2020-04-21,4629.0,4629.0,4548.0,4605.0,230760,120476,0.0,黄大豆一号,农产品,DCE,A0
2020-04-22,4605.0,4645.0,4554.0,4634.0,231520,119848,0.0,黄大豆一号,农产品,DCE,A0
2020-04-23,4634.0,4669.0,4604.0,4623.0,193845,114828,0.0,黄大豆一号,农产品,DCE,A0
2020-04-24,4635.0,4667.0,4612.0,4662.0,169912,114916,0.0,黄大豆一号,农产品,DCE,A0
2020-04-27,4651.0,4671.0,4594.0,4624.0,164694,112476,0.0,黄大豆一号,农产品,DCE,A0
2020-04-28,4629.0,4648.0,4604.0,4625.0,125331,111421,0.0,黄大豆一号,农产品,DCE,A0
2020-04-29,4625.0,4654.0,4611.0,4624.0,115464,105942,0.0,黄大豆一号,农产品,DCE,A0
2020-04-30,4619.0,4636.0,4512.0,4549.0,287821,122567,0.0,黄大豆一号,农产品,DCE,A0
2020-05-06,4566.0,4590.0,4480.0,4583.0,219015,132146,0.0,黄大豆一号,农产品,DCE,A0
2020-05-07,4578.0,4594.0,4540.0,4563.0,218705,133216,0.0,黄大豆一号,农产品,DCE,A0
2020-05-08,4545.0,4587.0,4545.0,4570.0,142323,132411,0.0,黄大豆一号,农产品,DCE,A0
2020-05-11,4583.0,4628.0,4493.0,4540.0,256431,132722,0.0,黄大豆一号,农产品,DCE,A0
2020-05-12,4535.0,4559.0,4515.0,4549.0,146489,128850,0.0,黄大豆一号,农产品,DCE,A0
2020-05-13,4549.0,4566.0,4518.0,4544.0,161932,122779,0.0,黄大豆一号,农产品,DCE,A0
2020-05-14,4544.0,4547.0,4388.0,4401.0,356927,149265,0.0,黄大豆一号,农产品,DCE,A0
2020-05-15,4405.0,4411.0,4328.0,4358.0,310405,153717,0.0,黄大豆一号,农产品,DCE,A0
2020-05-18,4350.0,4368.0,4271.0,4281.0,276285,152883,0.0,黄大豆一号,农产品,DCE,A0
2020-05-19,4276.0,4326.0,4249.0,4276.0,276725,139839,0.0,黄大豆一号,农产品,DCE,A0
2020-05-20,4271.0,4299.0,4217.0,4234.0,207638,143681,0.0,黄大豆一号,农产品,DCE,A0
2020-05-21,4244.0,4350.0,4231.0,4332.0,283633,137646,0.0,黄大豆一号,农产品,DCE,A0
2020-05-22,4332.0,4463.0,4315.0,4420.0,468126,128856,0.0,黄大豆一号,农产品,DCE,A0
2020-05-25,4425.0,4482.0,4397.0,4423.0,265934,122143,0.0,黄大豆一号,农产品,DCE,A0
2020-05-26,4423.0,4454.0,4412.0,4427.0,191704,126878,0.0,黄大豆一号,农产品,DCE,A0
2020-05-27,4432.0,4556.0,4414.0,4556.0,306619,142155,0.0,黄大豆一号,农产品,DCE,A0
2020-05-28,4550.0,4581.0,4505.0,4543.0,290813,129845,0.0,黄大豆一号,农产品,DCE,A0
2020-05-29,4542.0,4578.0,4509.0,4551.0,206594,126217,0.0,黄大豆一号,农产品,DCE,A0
2020-06-01,4551.0,4647.0,4487.0,4544.0,317940,113441,0.0,黄大豆一号,农产品,DCE,A0
2020-06-02,4549.0,4564.0,4513.0,4532.0,166599,110824,0.0,黄大豆一号,农产品,DCE,A0
2020-06-03,4514.0,4560.0,4438.0,4442.0,285954,123426,0.0,黄大豆一号,农产品,DCE,A0
2020-06-04,4448.0,4482.0,4416.0,4459.0,223461,123128,0.0,黄大豆一号,农产品,DCE,A0
2020-06-05,4459.0,4464.0,4344.0,4349.0,295487,129553,0.0,黄大豆一号,农产品,DCE,A0
2020-06-08,4346.0,4562.0,4330.0,4556.0,467947,124778,0.0,黄大豆一号,农产品,DCE,A0
2020-06-09,4556.0,4608.0,4523.0,4551.0,393124,115467,0.0,黄大豆一号,农产品,DCE,A0
2020-06-10,4547.0,4724.0,4543.0,4697.0,627481,148580,0.0,黄大豆一号,农产品,DCE,A0
2020-06-11,4706.0,4730.0,4666.0,4725.0,389872,148374,0.0,黄大豆一号,农产品,DCE,A0
2020-06-12,4718.0,4777.0,4647.0,4697.0,562682,138692,0.0,黄大豆一号,农产品,DCE,A0
2020-06-15,4705.0,4799.0,4686.0,4779.0,457782,152722,0.0,黄大豆一号,农产品,DCE,A0
2020-06-16,4768.0,4827.0,4753.0,4807.0,391042,157838,0.0,黄大豆一号,农产品,DCE,A0
2020-06-17,4808.0,4818.0,4776.0,4814.0,173204,163048,0.0,黄大豆一号,农产品,DCE,A0
2020-06-18,4817.0,4876.0,4804.0,4869.0,230100,184371,0.0,黄大豆一号,农产品,DCE,A0
2020-06-19,4873.0,4920.0,4815.0,4835.0,357622,174046,0.0,黄大豆一号,农产品,DCE,A0
2020-06-22,4825.0,4848.0,4763.0,4804.0,318823,157914,0.0,黄大豆一号,农产品,DCE,A0
2020-06-23,4797.0,4815.0,4718.0,4729.0,271506,154477,0.0,黄大豆一号,农产品,DCE,A0
2020-06-24,4730.0,4748.0,4660.0,4708.0,303410,145115,0.0,黄大豆一号,农产品,DCE,A0
2020-06-29,4698.0,4858.0,4670.0,4839.0,273937,165912,0.0,黄大豆一号,农产品,DCE,A0
2020-06-30,4845.0,4879.0,4801.0,4871.0,305654,179037,0.0,黄大豆一号,农产品,DCE,A0
2020-07-01,4871.0,4912.0,4833.0,4848.0,325006,172797,0.0,黄大豆一号,农产品,DCE,A0
2020-07-02,4859.0,4905.0,4838.0,4883.0,269123,184534,0.0,黄大豆一号,农产品,DCE,A0
2020-07-03,4888.0,4933.0,4770.0,4774.0,424451,185868,0.0,黄大豆一号,农产品,DCE,A0
2020-07-06,4775.0,4825.0,4755.0,4794.0,281584,168714,0.0,黄大豆一号,农产品,DCE,A0
2020-07-07,4794.0,4820.0,4706.0,4719.0,331437,168324,0.0,黄大豆一号,农产品,DCE,A0
2020-07-08,4718.0,4763.0,4696.0,4737.0,292653,158609,0.0,黄大豆一号,农产品,DCE,A0
2020-07-09,4737.0,4849.0,4728.0,4846.0,326856,166209,0.0,黄大豆一号,农产品,DCE,A0
2020-07-10,4846.0,4853.0,4728.0,4754.0,238064,136952,0.0,黄大豆一号,农产品,DCE,A0
2020-07-13,4758.0,4807.0,4728.0,4743.0,262655,153421,0.0,黄大豆一号,农产品,DCE,A0
2020-07-14,4728.0,4755.0,4676.0,4702.0,253829,148933,0.0,黄大豆一号,农产品,DCE,A0
2020-07-15,4712.0,4829.0,4686.0,4772.0,329934,164454,0.0,黄大豆一号,农产品,DCE,A0
2020-07-16,4768.0,4806.0,4692.0,4705.0,316505,154297,0.0,黄大豆一号,农产品,DCE,A0
2020-07-17,4705.0,4774.0,4700.0,4742.0,224583,133387,0.0,黄大豆一号,农产品,DCE,A0
2020-07-20,4742.0,4770.0,4638.0,4661.0,251156,136733,4686.0,黄大豆一号,农产品,DCE,A0
2020-07-21,4642.0,4668.0,4609.0,4624.0,210786,133347,4639.0,黄大豆一号,农产品,DCE,A0
2020-07-22,4634.0,4750.0,4554.0,4670.0,390979,134547,4645.0,黄大豆一号,农产品,DCE,A0
2020-07-23,4675.0,4727.0,4562.0,4589.0,330622,149553,4644.0,黄大豆一号,农产品,DCE,A0
2020-07-24,4589.0,4627.0,4520.0,4567.0,230498,136136,4582.0,黄大豆一号,农产品,DCE,A0
2020-07-27,4572.0,4671.0,4514.0,4621.0,306613,129575,4590.0,黄大豆一号,农产品,DCE,A0
2020-07-28,4622.0,4678.0,4568.0,4649.0,249870,119165,4621.0,黄大豆一号,农产品,DCE,A0
2020-07-29,4653.0,4720.0,4636.0,4707.0,268144,122201,4682.0,黄大豆一号,农产品,DCE,A0
2020-07-30,4702.0,4728.0,4673.0,4710.0,145944,116236,4701.0,黄大豆一号,农产品,DCE,A0
2020-07-31,4708.0,4813.0,4692.0,4761.0,280587,136495,4759.0,黄大豆一号,农产品,DCE,A0
2020-08-03,4756.0,4799.0,4740.0,4788.0,147215,120799,4772.0,黄大豆一号,农产品,DCE,A0
2020-08-04,4788.0,4810.0,4753.0,4789.0,145216,124454,4779.0,黄大豆一号,农产品,DCE,A0
2020-08-05,4800.0,4800.0,4611.0,4644.0,262646,117730,4683.0,黄大豆一号,农产品,DCE,A0
2020-08-06,4649.0,4679.0,4641.0,4663.0,129315,95548,4661.0,黄大豆一号,农产品,DCE,A0
2020-08-07,4663.0,4772.0,4591.0,4727.0,276229,113798,4688.0,黄大豆一号,农产品,DCE,A0
2020-08-10,4725.0,4775.0,4667.0,4711.0,196165,88642,4720.0,黄大豆一号,农产品,DCE,A0
2020-08-11,4727.0,4767.0,4696.0,4755.0,128041,101500,4736.0,黄大豆一号,农产品,DCE,A0
2020-08-12,4754.0,4762.0,4639.0,4664.0,157109,83180,4692.0,黄大豆一号,农产品,DCE,A0
2020-08-13,4683.0,4730.0,4646.0,4677.0,132230,75759,4689.0,黄大豆一号,农产品,DCE,A0
2020-08-14,4680.0,4728.0,4653.0,4700.0,105509,74594,4694.0,黄大豆一号,农产品,DCE,A0
2020-08-17,4680.0,4694.0,4612.0,4654.0,127955,76285,4660.0,黄大豆一号,农产品,DCE,A0
2020-08-18,4651.0,4693.0,4634.0,4658.0,90362,62042,4663.0,黄大豆一号,农产品,DCE,A0
2020-08-19,4339.0,4487.0,4330.0,4482.0,335927,138765,4430.0,黄大豆一号,农产品,DCE,A0
2020-08-20,4490.0,4559.0,4445.0,4502.0,336666,145267,4499.0,黄大豆一号,农产品,DCE,A0
2020-08-21,4505.0,4538.0,4466.0,4488.0,210000,142860,4504.0,黄大豆一号,农产品,DCE,A0
2020-08-24,4485.0,4533.0,4414.0,4416.0,256780,130681,4468.0,黄大豆一号,农产品,DCE,A0
2020-08-25,4417.0,4439.0,4378.0,4383.0,183019,127205,4416.0,黄大豆一号,农产品,DCE,A0
2020-08-26,4385.0,4406.0,4358.0,4382.0,173924,122453,4381.0,黄大豆一号,农产品,DCE,A0
2020-08-27,4393.0,4450.0,4373.0,4379.0,215020,122408,4409.0,黄大豆一号,农产品,DCE,A0
2020-08-28,4386.0,4412.0,4366.0,4398.0,187586,127543,4385.0,黄大豆一号,农产品,DCE,A0
2020-08-31,4402.0,4442.0,4381.0,4424.0,186446,129445,4410.0,黄大豆一号,农产品,DCE,A0
2020-09-01,4429.0,4468.0,4401.0,4442.0,208617,128328,4435.0,黄大豆一号,农产品,DCE,A0
2020-09-02,4444.0,4453.0,4388.0,4408.0,160663,128034,4420.0,黄大豆一号,农产品,DCE,A0
2020-09-03,4408.0,4443.0,4388.0,4402.0,155649,129096,4414.0,黄大豆一号,农产品,DCE,A0
2020-09-04,4410.0,4549.0,4403.0,4548.0,322144,142251,4479.0,黄大豆一号,农产品,DCE,A0
2020-09-07,4535.0,4545.0,4473.0,4494.0,208751,135113,4509.0,黄大豆一号,农产品,DCE,A0
2020-09-08,4494.0,4522.0,4452.0,4460.0,180390,136411,4483.0,黄大豆一号,农产品,DCE,A0
2020-09-09,4460.0,4502.0,4431.0,4462.0,174219,129482,4462.0,黄大豆一号,农产品,DCE,A0
2020-09-10,4516.0,4516.0,4436.0,4439.0,133852,130406,4457.0,黄大豆一号,农产品,DCE,A0
2020-09-11,4445.0,4472.0,4384.0,4459.0,215211,124526,4428.0,黄大豆一号,农产品,DCE,A0
2020-09-14,4466.0,4516.0,4452.0,4502.0,181839,132520,4486.0,黄大豆一号,农产品,DCE,A0
2020-09-15,4492.0,4599.0,4492.0,4590.0,341081,155571,4556.0,黄大豆一号,农产品,DCE,A0
2020-09-16,4590.0,4603.0,4523.0,4539.0,180682,143590,4554.0,黄大豆一号,农产品,DCE,A0
2020-09-17,4545.0,4618.0,4540.0,4578.0,217718,152040,4582.0,黄大豆一号,农产品,DCE,A0
2020-09-18,4578.0,4642.0,4565.0,4603.0,197490,154718,4606.0,黄大豆一号,农产品,DCE,A0
2020-09-21,4592.0,4625.0,4568.0,4578.0,168130,150837,4592.0,黄大豆一号,农产品,DCE,A0
2020-09-22,4570.0,4580.0,4492.0,4520.0,205667,134203,4536.0,黄大豆一号,农产品,DCE,A0
2020-09-23,4542.0,4552.0,4456.0,4462.0,171012,122800,4502.0,黄大豆一号,农产品,DCE,A0
2020-09-24,4465.0,4559.0,4458.0,4517.0,175179,123212,4503.0,黄大豆一号,农产品,DCE,A0
2020-09-25,4517.0,4534.0,4482.0,4513.0,151068,121363,4509.0,黄大豆一号,农产品,DCE,A0
2020-09-28,4513.0,4528.0,4472.0,4506.0,164986,118448,4502.0,黄大豆一号,农产品,DCE,A0
2020-09-29,4516.0,4519.0,4353.0,4376.0,247306,123007,4412.0,黄大豆一号,农产品,DCE,A0
2020-09-30,4375.0,4396.0,4347.0,4360.0,145975,111401,4370.0,黄大豆一号,农产品,DCE,A0
2020-10-09,4465.0,4536.0,4401.0,4524.0,135932,105167,4479.0,黄大豆一号,农产品,DCE,A0
2020-10-12,4524.0,4603.0,4489.0,4572.0,146292,109070,4543.0,黄大豆一号,农产品,DCE,A0
2020-10-13,4572.0,4592.0,4504.0,4535.0,127828,105530,4532.0,黄大豆一号,农产品,DCE,A0
2020-10-14,4540.0,4551.0,4511.0,4543.0,109720,103326,4530.0,黄大豆一号,农产品,DCE,A0
2020-10-15,4545.0,4577.0,4522.0,4549.0,136418,106286,4550.0,黄大豆一号,农产品,DCE,A0
2020-10-16,4531.0,4699.0,4511.0,4686.0,295780,141703,4630.0,黄大豆一号,农产品,DCE,A0
2020-10-19,4688.0,4907.0,4644.0,4816.0,311108,112983,4797.0,黄大豆一号,农产品,DCE,A0
2020-10-20,4816.0,4943.0,4816.0,4891.0,298739,124778,4885.0,黄大豆一号,农产品,DCE,A0
2020-10-21,4890.0,4899.0,4718.0,4778.0,298825,115045,4819.0,黄大豆一号,农产品,DCE,A0
2020-10-22,4754.0,4768.0,4678.0,4749.0,209882,114415,4728.0,黄大豆一号,农产品,DCE,A0
2020-10-23,4749.0,4779.0,4713.0,4734.0,189673,108898,4743.0,黄大豆一号,农产品,DCE,A0
2020-10-26,4756.0,4851.0,4732.0,4835.0,204010,108333,4805.0,黄大豆一号,农产品,DCE,A0
2020-10-27,4821.0,4878.0,4820.0,4875.0,165933,108544,4851.0,黄大豆一号,农产品,DCE,A0
2020-10-28,4877.0,4980.0,4862.0,4974.0,271148,137080,4914.0,黄大豆一号,农产品,DCE,A0
2020-10-29,4945.0,5012.0,4921.0,5000.0,288982,134861,4975.0,黄大豆一号,农产品,DCE,A0
2020-10-30,4990.0,5168.0,4982.0,5061.0,425796,143306,5078.0,黄大豆一号,农产品,DCE,A0
2020-11-02,5061.0,5179.0,4988.0,5112.0,329534,131665,5093.0,黄大豆一号,农产品,DCE,A0
2020-11-03,5112.0,5149.0,5063.0,5124.0,211341,131418,5104.0,黄大豆一号,农产品,DCE,A0
2020-11-04,5124.0,5185.0,5104.0,5166.0,244717,138083,5140.0,黄大豆一号,农产品,DCE,A0
2020-11-05,5172.0,5255.0,5142.0,5244.0,272302,148013,5191.0,黄大豆一号,农产品,DCE,A0
2020-11-06,5242.0,5288.0,5169.0,5222.0,325033,136163,5223.0,黄大豆一号,农产品,DCE,A0
2020-11-09,5228.0,5299.0,5118.0,5152.0,346351,128444,5200.0,黄大豆一号,农产品,DCE,A0
2020-11-10,5200.0,5277.0,5170.0,5250.0,279391,137595,5231.0,黄大豆一号,农产品,DCE,A0
2020-11-11,5256.0,5338.0,5241.0,5327.0,268710,144741,5290.0,黄大豆一号,农产品,DCE,A0
2020-11-12,5321.0,5345.0,5304.0,5315.0,175655,141191,5325.0,黄大豆一号,农产品,DCE,A0
2020-11-13,5325.0,5359.0,5256.0,5342.0,243347,136174,5303.0,黄大豆一号,农产品,DCE,A0
2020-11-16,5350.0,5388.0,5318.0,5332.0,195334,123050,5343.0,黄大豆一号,农产品,DCE,A0
2020-11-17,5325.0,5399.0,5320.0,5385.0,199561,133958,5358.0,黄大豆一号,农产品,DCE,A0
2020-11-18,5391.0,5416.0,5331.0,5362.0,220739,119768,5374.0,黄大豆一号,农产品,DCE,A0
2020-11-19,5316.0,5388.0,5261.0,5283.0,292023,114540,5331.0,黄大豆一号,农产品,DCE,A0
2020-11-20,5258.0,5296.0,5231.0,5280.0,205227,106839,5262.0,黄大豆一号,农产品,DCE,A0
2020-11-23,5280.0,5402.0,5274.0,5369.0,245187,114674,5358.0,黄大豆一号,农产品,DCE,A0
2020-11-24,5375.0,5407.0,5341.0,5395.0,183821,119884,5375.0,黄大豆一号,农产品,DCE,A0
2020-11-25,5390.0,5458.0,5365.0,5448.0,192382,127801,5416.0,黄大豆一号,农产品,DCE,A0
2020-11-26,5448.0,5493.0,5425.0,5488.0,164011,141682,5455.0,黄大豆一号,农产品,DCE,A0
2020-11-27,5488.0,5574.0,5477.0,5567.0,224319,148582,5529.0,黄大豆一号,农产品,DCE,A0
2020-11-30,5567.0,5668.0,5554.0,5639.0,236281,142731,5622.0,黄大豆一号,农产品,DCE,A0
2020-12-01,5629.0,5698.0,5574.0,5646.0,217786,138563,5626.0,黄大豆一号,农产品,DCE,A0
2020-12-02,5654.0,5733.0,5614.0,5721.0,203160,139474,5660.0,黄大豆一号,农产品,DCE,A0
2020-12-03,5690.0,5704.0,5562.0,5589.0,257122,111457,5619.0,黄大豆一号,农产品,DCE,A0
2020-12-04,5594.0,5608.0,5452.0,5480.0,221497,87769,5523.0,黄大豆一号,农产品,DCE,A0
2020-12-07,5481.0,5548.0,5466.0,5513.0,149020,74556,5507.0,黄大豆一号,农产品,DCE,A0
2020-12-08,5513.0,5526.0,5430.0,5480.0,148783,68648,5488.0,黄大豆一号,农产品,DCE,A0
2020-12-09,5486.0,5632.0,5456.0,5484.0,209986,65587,5541.0,黄大豆一号,农产品,DCE,A0
2020-12-10,5490.0,5582.0,5467.0,5565.0,149204,60377,5518.0,黄大豆一号,农产品,DCE,A0
2020-12-11,5565.0,5663.0,5482.0,5625.0,153138,65028,5572.0,黄大豆一号,农产品,DCE,A0
2020-12-14,5625.0,5631.0,5295.0,5328.0,204236,46475,5415.0,黄大豆一号,农产品,DCE,A0
2020-12-15,5296.0,5351.0,5175.0,5249.0,163215,35776,5264.0,黄大豆一号,农产品,DCE,A0
2020-12-16,5249.0,5270.0,5185.0,5207.0,100219,33836,5224.0,黄大豆一号,农产品,DCE,A0
2020-12-17,5222.0,5348.0,5210.0,5272.0,96058,27988,5282.0,黄大豆一号,农产品,DCE,A0
2020-12-18,5275.0,5350.0,5270.0,5322.0,111189,72037,5313.0,黄大豆一号,农产品,DCE,A0
2020-12-21,5322.0,5578.0,5282.0,5505.0,185366,70741,5457.0,黄大豆一号,农产品,DCE,A0
2020-12-22,5500.0,5647.0,5478.0,5599.0,230120,78236,5572.0,黄大豆一号,农产品,DCE,A0
2020-12-23,5638.0,5638.0,5537.0,5587.0,198252,77886,5578.0,黄大豆一号,农产品,DCE,A0
2020-12-24,5620.0,5710.0,5575.0,5690.0,219786,90571,5640.0,黄大豆一号,农产品,DCE,A0
2020-12-25,5700.0,5704.0,5629.0,5697.0,139014,90731,5672.0,黄大豆一号,农产品,DCE,A0
2020-12-28,5696.0,5753.0,5600.0,5680.0,219606,82864,5696.0,黄大豆一号,农产品,DCE,A0
2020-12-29,5690.0,5698.0,5643.0,5671.0,183842,89002,5673.0,黄大豆一号,农产品,DCE,A0
2020-12-30,5678.0,5808.0,5661.0,5742.0,263849,95886,5737.0,黄大豆一号,农产品,DCE,A0
2020-12-31,5732.0,5818.0,5728.0,5774.0,174365,91740,5772.0,黄大豆一号,农产品,DCE,A0
2021-01-04,5800.0,5841.0,5713.0,5741.0,119935,88478,5759.0,黄大豆一号,农产品,DCE,A0
2021-01-05,5723.0,5798.0,5655.0,5781.0,182378,87232,5730.0,黄大豆一号,农产品,DCE,A0
2021-01-06,5790.0,5850.0,5755.0,5846.0,172443,94177,5805.0,黄大豆一号,农产品,DCE,A0
2021-01-07,5848.0,5873.0,5805.0,5832.0,107237,89206,5835.0,黄大豆一号,农产品,DCE,A0
2021-01-08,5832.0,5896.0,5815.0,5841.0,138818,89243,5847.0,黄大豆一号,农产品,DCE,A0
2021-01-11,5853.0,5987.0,5827.0,5954.0,196966,93768,5923.0,黄大豆一号,农产品,DCE,A0
2021-01-12,5954.0,5964.0,5829.0,5861.0,157950,90417,5876.0,黄大豆一号,农产品,DCE,A0
2021-01-13,5871.0,5985.0,5809.0,5840.0,173902,90216,5884.0,黄大豆一号,农产品,DCE,A0
2021-01-14,5850.0,5859.0,5632.0,5655.0,257711,91297,5708.0,黄大豆一号,农产品,DCE,A0
2021-01-15,5648.0,5800.0,5648.0,5691.0,138090,86906,5698.0,黄大豆一号,农产品,DCE,A0
2021-01-18,5691.0,5783.0,5636.0,5769.0,165583,83882,5727.0,黄大豆一号,农产品,DCE,A0
2021-01-19,5770.0,5836.0,5763.0,5802.0,153753,90165,5800.0,黄大豆一号,农产品,DCE,A0
2021-01-20,5802.0,5817.0,5617.0,5672.0,211502,91972,5709.0,黄大豆一号,农产品,DCE,A0
2021-01-21,5653.0,5815.0,5650.0,5808.0,198094,89432,5747.0,黄大豆一号,农产品,DCE,A0
2021-01-22,5815.0,5819.0,5713.0,5748.0,161407,84429,5763.0,黄大豆一号,农产品,DCE,A0
2021-01-25,5743.0,5745.0,5582.0,5601.0,209202,92487,5656.0,黄大豆一号,农产品,DCE,A0
2021-01-26,5600.0,5708.0,5596.0,5639.0,131206,86551,5645.0,黄大豆一号,农产品,DCE,A0
2021-01-27,5656.0,5699.0,5640.0,5658.0,129978,84695,5663.0,黄大豆一号,农产品,DCE,A0
2021-01-28,5677.0,5726.0,5583.0,5673.0,197761,80182,5661.0,黄大豆一号,农产品,DCE,A0
2021-01-29,5692.0,5731.0,5606.0,5717.0,190225,84278,5667.0,黄大豆一号,农产品,DCE,A0
2021-02-01,5711.0,5751.0,5617.0,5626.0,186871,87437,5680.0,黄大豆一号,农产品,DCE,A0
2021-02-02,5629.0,5646.0,5550.0,5556.0,165065,103231,5599.0,黄大豆一号,农产品,DCE,A0
2021-02-03,5550.0,5596.0,5457.0,5584.0,218109,98809,5525.0,黄大豆一号,农产品,DCE,A0
2021-02-04,5584.0,5646.0,5550.0,5643.0,165586,88178,5590.0,黄大豆一号,农产品,DCE,A0
2021-02-05,5643.0,5802.0,5638.0,5800.0,195169,87834,5728.0,黄大豆一号,农产品,DCE,A0
2021-02-08,5800.0,5803.0,5750.0,5783.0,121745,82230,5781.0,黄大豆一号,农产品,DCE,A0
2021-02-09,5800.0,5906.0,5750.0,5879.0,165172,83356,5844.0,黄大豆一号,农产品,DCE,A0
2021-02-10,5873.0,5879.0,5800.0,5829.0,109808,72658,5838.0,黄大豆一号,农产品,DCE,A0
2021-02-18,5806.0,5939.0,5802.0,5890.0,101699,76632,5865.0,黄大豆一号,农产品,DCE,A0
2021-02-19,5889.0,5932.0,5836.0,5930.0,112370,83830,5894.0,黄大豆一号,农产品,DCE,A0
2021-02-22,5940.0,5966.0,5816.0,5878.0,159786,79351,5893.0,黄大豆一号,农产品,DCE,A0
2021-02-23,5856.0,5999.0,5854.0,5937.0,189502,84021,5914.0,黄大豆一号,农产品,DCE,A0
2021-02-24,5937.0,6021.0,5925.0,5985.0,154646,92393,5976.0,黄大豆一号,农产品,DCE,A0
2021-02-25,5985.0,6028.0,5950.0,5989.0,122040,91310,5986.0,黄大豆一号,农产品,DCE,A0
2021-02-26,5994.0,6019.0,5852.0,5873.0,192665,84475,5913.0,黄大豆一号,农产品,DCE,A0
2021-03-01,5873.0,6058.0,5863.0,6038.0,190162,97591,5991.0,黄大豆一号,农产品,DCE,A0
2021-03-02,6038.0,6096.0,5984.0,6084.0,191163,109767,6043.0,黄大豆一号,农产品,DCE,A0
2021-03-03,6084.0,6281.0,6084.0,6249.0,253685,128810,6206.0,黄大豆一号,农产品,DCE,A0
2021-03-04,6249.0,6316.0,6207.0,6269.0,190075,127207,6255.0,黄大豆一号,农产品,DCE,A0
2021-03-05,6279.0,6335.0,6236.0,6293.0,204626,130604,6285.0,黄大豆一号,农产品,DCE,A0
2021-03-08,6300.0,6375.0,6155.0,6200.0,293458,103356,6255.0,黄大豆一号,农产品,DCE,A0
2021-03-09,6200.0,6210.0,6102.0,6141.0,155802,90847,6158.0,黄大豆一号,农产品,DCE,A0
2021-03-10,6141.0,6203.0,6070.0,6138.0,164662,86762,6143.0,黄大豆一号,农产品,DCE,A0
2021-03-11,6130.0,6175.0,6034.0,6130.0,184107,83810,6100.0,黄大豆一号,农产品,DCE,A0
2021-03-12,6133.0,6155.0,6042.0,6122.0,144397,84262,6108.0,黄大豆一号,农产品,DCE,A0
2021-03-15,6108.0,6122.0,5916.0,5956.0,205296,80717,5999.0,黄大豆一号,农产品,DCE,A0
2021-03-16,5946.0,6001.0,5872.0,5882.0,146297,76945,5918.0,黄大豆一号,农产品,DCE,A0
2021-03-17,5882.0,5911.0,5805.0,5831.0,145291,83798,5841.0,黄大豆一号,农产品,DCE,A0
2021-03-18,5817.0,5821.0,5646.0,5666.0,198810,98732,5726.0,黄大豆一号,农产品,DCE,A0
2021-03-19,5654.0,5772.0,5618.0,5683.0,229989,89533,5706.0,黄大豆一号,农产品,DCE,A0
2021-03-22,5686.0,5758.0,5665.0,5696.0,105677,89955,5711.0,黄大豆一号,农产品,DCE,A0
2021-03-23,5696.0,5814.0,5646.0,5787.0,155646,85829,5751.0,黄大豆一号,农产品,DCE,A0
2021-03-24,5770.0,5896.0,5760.0,5876.0,166727,81010,5841.0,黄大豆一号,农产品,DCE,A0
2021-03-25,5886.0,5896.0,5783.0,5802.0,156104,84913,5829.0,黄大豆一号,农产品,DCE,A0
2021-03-26,5802.0,5805.0,5535.0,5640.0,273022,96565,5663.0,黄大豆一号,农产品,DCE,A0
2021-03-29,5640.0,5688.0,5595.0,5671.0,125284,94427,5639.0,黄大豆一号,农产品,DCE,A0
2021-03-30,5669.0,5718.0,5623.0,5706.0,152420,91658,5683.0,黄大豆一号,农产品,DCE,A0
2021-03-31,5706.0,5775.0,5625.0,5732.0,213464,83854,5704.0,黄大豆一号,农产品,DCE,A0
2021-04-01,5741.0,6000.0,5730.0,5780.0,224335,75372,5818.0,黄大豆一号,农产品,DCE,A0
2021-04-02,5745.0,5803.0,5733.0,5766.0,118784,69117,5764.0,黄大豆一号,农产品,DCE,A0
2021-04-06,5746.0,5793.0,5596.0,5632.0,147851,71741,5649.0,黄大豆一号,农产品,DCE,A0
2021-04-07,5697.0,5699.0,5610.0,5628.0,96508,75457,5640.0,黄大豆一号,农产品,DCE,A0
2021-04-08,5628.0,5655.0,5564.0,5619.0,149269,75573,5615.0,黄大豆一号,农产品,DCE,A0
2021-04-09,5589.0,5623.0,5523.0,5560.0,140060,92916,5583.0,黄大豆一号,农产品,DCE,A0
2021-04-12,5560.0,5600.0,5436.0,5579.0,213655,87546,5528.0,黄大豆一号,农产品,DCE,A0
2021-04-13,5579.0,5770.0,5505.0,5763.0,234905,70022,5650.0,黄大豆一号,农产品,DCE,A0
2021-04-14,5768.0,5840.0,5705.0,5833.0,137582,59791,5769.0,黄大豆一号,农产品,DCE,A0
2021-04-15,5828.0,5875.0,5795.0,5866.0,112641,57869,5837.0,黄大豆一号,农产品,DCE,A0
2021-04-16,5880.0,5922.0,5830.0,5893.0,118106,51517,5880.0,黄大豆一号,农产品,DCE,A0
2021-04-19,5893.0,5929.0,5744.0,5801.0,147583,48657,5812.0,黄大豆一号,农产品,DCE,A0
2021-04-20,5795.0,5874.0,5678.0,5736.0,127754,39412,5773.0,黄大豆一号,农产品,DCE,A0
2021-04-21,5735.0,5832.0,5691.0,5712.0,83305,34076,5753.0,黄大豆一号,农产品,DCE,A0
2021-04-22,5756.0,5977.0,5729.0,5949.0,185349,76456,5878.0,黄大豆一号,农产品,DCE,A0
2021-04-23,5950.0,6029.0,5902.0,5990.0,163328,85624,5978.0,黄大豆一号,农产品,DCE,A0
2021-04-26,6025.0,6124.0,5938.0,5963.0,215020,82301,6010.0,黄大豆一号,农产品,DCE,A0
2021-04-27,5980.0,5997.0,5904.0,5928.0,146648,82925,5957.0,黄大豆一号,农产品,DCE,A0
2021-04-28,5950.0,5956.0,5848.0,5923.0,122528,81244,5905.0,黄大豆一号,农产品,DCE,A0
2021-04-29,5928.0,5972.0,5854.0,5904.0,156932,77996,5901.0,黄大豆一号,农产品,DCE,A0
2021-04-30,5904.0,5927.0,5802.0,5809.0,155764,80098,5838.0,黄大豆一号,农产品,DCE,A0
2021-05-06,5850.0,6073.0,5850.0,6053.0,151360,84449,5962.0,黄大豆一号,农产品,DCE,A0
2021-05-07,6055.0,6120.0,6041.0,6086.0,133213,89304,6076.0,黄大豆一号,农产品,DCE,A0
2021-05-10,6118.0,6197.0,6076.0,6103.0,196119,85874,6138.0,黄大豆一号,农产品,DCE,A0
2021-05-11,6120.0,6195.0,6076.0,6163.0,135449,92760,6138.0,黄大豆一号,农产品,DCE,A0
2021-05-12,6163.0,6272.0,6154.0,6266.0,169164,106784,6225.0,黄大豆一号,农产品,DCE,A0
2021-05-13,6263.0,6292.0,6140.0,6244.0,198616,103139,6230.0,黄大豆一号,农产品,DCE,A0
2021-05-14,6233.0,6246.0,6101.0,6196.0,214818,99869,6171.0,黄大豆一号,农产品,DCE,A0
2021-05-17,6230.0,6269.0,6160.0,6206.0,187697,103318,6210.0,黄大豆一号,农产品,DCE,A0
2021-05-18,6206.0,6232.0,6181.0,6192.0,123370,103268,6202.0,黄大豆一号,农产品,DCE,A0
2021-05-19,6192.0,6198.0,6091.0,6103.0,152693,102062,6135.0,黄大豆一号,农产品,DCE,A0
2021-05-20,6082.0,6086.0,5934.0,5978.0,197527,100025,5989.0,黄大豆一号,农产品,DCE,A0
2021-05-21,5958.0,5978.0,5880.0,5913.0,165297,96217,5937.0,黄大豆一号,农产品,DCE,A0
2021-05-24,5913.0,5932.0,5824.0,5864.0,155660,96757,5881.0,黄大豆一号,农产品,DCE,A0
2021-05-25,5834.0,5985.0,5827.0,5852.0,205046,105344,5903.0,黄大豆一号,农产品,DCE,A0
2021-05-26,5831.0,5848.0,5707.0,5715.0,188232,118445,5784.0,黄大豆一号,农产品,DCE,A0
2021-05-27,5700.0,5764.0,5651.0,5673.0,157350,123202,5707.0,黄大豆一号,农产品,DCE,A0
2021-05-28,5673.0,5795.0,5660.0,5701.0,157775,120546,5730.0,黄大豆一号,农产品,DCE,A0
2021-05-31,5670.0,5789.0,5637.0,5700.0,216990,123560,5717.0,黄大豆一号,农产品,DCE,A0
2021-06-01,5700.0,5797.0,5676.0,5786.0,167778,118466,5743.0,黄大豆一号,农产品,DCE,A0
2021-06-02,5801.0,5876.0,5791.0,5850.0,154149,109250,5839.0,黄大豆一号,农产品,DCE,A0
2021-06-03,5850.0,5940.0,5847.0,5882.0,166675,101463,5890.0,黄大豆一号,农产品,DCE,A0
2021-06-04,5882.0,5913.0,5755.0,5879.0,186823,96342,5851.0,黄大豆一号,农产品,DCE,A0
2021-06-07,5900.0,5945.0,5864.0,5909.0,147192,92774,5901.0,黄大豆一号,农产品,DCE,A0
2021-06-08,5910.0,5927.0,5781.0,5828.0,176645,98693,5840.0,黄大豆一号,农产品,DCE,A0
2021-06-09,5828.0,5866.0,5770.0,5783.0,142075,106186,5812.0,黄大豆一号,农产品,DCE,A0
2021-06-10,5752.0,5784.0,5696.0,5710.0,181076,120626,5735.0,黄大豆一号,农产品,DCE,A0
2021-06-11,5700.0,5739.0,5673.0,5712.0,158111,126793,5703.0,黄大豆一号,农产品,DCE,A0
2021-06-15,5625.0,5677.0,5504.0,5633.0,215315,135141,5579.0,黄大豆一号,农产品,DCE,A0
2021-06-16,5655.0,5656.0,5573.0,5594.0,141932,140092,5603.0,黄大豆一号,农产品,DCE,A0
2021-06-17,5600.0,5690.0,5557.0,5674.0,182516,131707,5626.0,黄大豆一号,农产品,DCE,A0
2021-06-18,5673.0,5674.0,5501.0,5606.0,226427,123021,5598.0,黄大豆一号,农产品,DCE,A0
2021-06-21,5646.0,5683.0,5583.0,5654.0,164231,118662,5633.0,黄大豆一号,农产品,DCE,A0
2021-06-22,5654.0,5796.0,5630.0,5723.0,155972,105915,5707.0,黄大豆一号,农产品,DCE,A0
2021-06-23,5723.0,5769.0,5718.0,5758.0,116193,99523,5745.0,黄大豆一号,农产品,DCE,A0
2021-06-24,5728.0,5789.0,5623.0,5636.0,167961,109338,5700.0,黄大豆一号,农产品,DCE,A0
2021-06-25,5635.0,5666.0,5581.0,5617.0,135919,118761,5625.0,黄大豆一号,农产品,DCE,A0
2021-06-28,5600.0,5637.0,5525.0,5583.0,202874,128521,5582.0,黄大豆一号,农产品,DCE,A0
2021-06-29,5538.0,5551.0,5461.0,5533.0,275443,153662,5494.0,黄大豆一号,农产品,DCE,A0
2021-06-30,5545.0,5570.0,5522.0,5561.0,136490,152802,5545.0,黄大豆一号,农产品,DCE,A0
2021-07-01,5530.0,5720.0,5530.0,5657.0,204274,126407,5631.0,黄大豆一号,农产品,DCE,A0
2021-07-02,5700.0,5785.0,5670.0,5745.0,157138,105597,5727.0,黄大豆一号,农产品,DCE,A0
2021-07-05,5745.0,5843.0,5718.0,5823.0,163762,101241,5774.0,黄大豆一号,农产品,DCE,A0
2021-07-06,5849.0,5890.0,5839.0,5877.0,128141,96028,5865.0,黄大豆一号,农产品,DCE,A0
2021-07-07,5903.0,5917.0,5796.0,5869.0,166444,92931,5852.0,黄大豆一号,农产品,DCE,A0
2021-07-08,5866.0,5911.0,5826.0,5904.0,147441,94538,5872.0,黄大豆一号,农产品,DCE,A0
2021-07-09,5911.0,5959.0,5870.0,5944.0,188607,97828,5917.0,黄大豆一号,农产品,DCE,A0
2021-07-12,5950.0,5990.0,5874.0,5959.0,189805,95881,5938.0,黄大豆一号,农产品,DCE,A0
2021-07-13,5959.0,5996.0,5908.0,5944.0,152941,95175,5950.0,黄大豆一号,农产品,DCE,A0
2021-07-14,5950.0,5981.0,5881.0,5930.0,156485,92262,5939.0,黄大豆一号,农产品,DCE,A0
2021-07-15,5930.0,5931.0,5806.0,5828.0,163127,87840,5867.0,黄大豆一号,农产品,DCE,A0
2021-07-16,5828.0,5948.0,5815.0,5944.0,136880,86406,5858.0,黄大豆一号,农产品,DCE,A0
2021-07-19,5958.0,6007.0,5700.0,5723.0,186875,82727,5945.0,黄大豆一号,农产品,DCE,A0
2021-07-20,5755.0,5860.0,5661.0,5698.0,224923,86287,5727.0,黄大豆一号,农产品,DCE,A0
2021-07-21,5698.0,5739.0,5637.0,5656.0,135264,89920,5683.0,黄大豆一号,农产品,DCE,A0
2021-07-22,5693.0,5693.0,5623.0,5627.0,122062,94695,5650.0,黄大豆一号,农产品,DCE,A0
2021-07-23,5627.0,5698.0,5602.0,5676.0,135143,92165,5662.0,黄大豆一号,农产品,DCE,A0
2021-07-26,5658.0,5736.0,5628.0,5692.0,166755,87878,5688.0,黄大豆一号,农产品,DCE,A0
2021-07-27,5710.0,5786.0,5637.0,5742.0,184506,80805,5719.0,黄大豆一号,农产品,DCE,A0
2021-07-28,5723.0,5770.0,5690.0,5750.0,164720,73048,5728.0,黄大豆一号,农产品,DCE,A0
2021-07-29,5750.0,5769.0,5683.0,5714.0,120149,72982,5722.0,黄大豆一号,农产品,DCE,A0
2021-07-30,5688.0,5756.0,5637.0,5678.0,165455,81868,5693.0,黄大豆一号,农产品,DCE,A0
2021-08-02,5678.0,5728.0,5624.0,5715.0,160439,66105,5674.0,黄大豆一号,农产品,DCE,A0
2021-08-03,5724.0,5806.0,5692.0,5801.0,161041,51265,5740.0,黄大豆一号,农产品,DCE,A0
2021-08-04,5790.0,5846.0,5749.0,5837.0,122620,45411,5794.0,黄大豆一号,农产品,DCE,A0
2021-08-05,5837.0,5866.0,5795.0,5821.0,99779,38875,5828.0,黄大豆一号,农产品,DCE,A0
2021-08-06,5845.0,5880.0,5801.0,5828.0,118949,35931,5838.0,黄大豆一号,农产品,DCE,A0
2021-08-09,5846.0,5884.0,5711.0,5728.0,130361,35522,5789.0,黄大豆一号,农产品,DCE,A0
2021-08-10,5720.0,5802.0,5711.0,5742.0,86982,30211,5764.0,黄大豆一号,农产品,DCE,A0
2021-08-11,5742.0,5831.0,5731.0,5804.0,60740,27052,5792.0,黄大豆一号,农产品,DCE,A0
2021-08-12,5825.0,5864.0,5744.0,5764.0,89617,25726,5800.0,黄大豆一号,农产品,DCE,A0
2021-08-13,5790.0,5792.0,5720.0,5746.0,73262,25753,5753.0,黄大豆一号,农产品,DCE,A0
2021-08-16,5789.0,5900.0,5725.0,5879.0,103228,22728,5806.0,黄大豆一号,农产品,DCE,A0
2021-08-17,5813.0,5878.0,5760.0,5844.0,156509,115594,5819.0,黄大豆一号,农产品,DCE,A0
2021-08-18,5844.0,5860.0,5805.0,5846.0,115060,115360,5832.0,黄大豆一号,农产品,DCE,A0
2021-08-19,5846.0,5880.0,5791.0,5846.0,132489,115310,5832.0,黄大豆一号,农产品,DCE,A0
2021-08-20,5804.0,5821.0,5625.0,5632.0,219098,138375,5701.0,黄大豆一号,农产品,DCE,A0
2021-08-23,5620.0,5666.0,5572.0,5658.0,134411,151645,5639.0,黄大豆一号,农产品,DCE,A0
2021-08-24,5658.0,5826.0,5651.0,5809.0,186009,125728,5727.0,黄大豆一号,农产品,DCE,A0
2021-08-25,5809.0,5892.0,5803.0,5884.0,146574,128258,5848.0,黄大豆一号,农产品,DCE,A0
2021-08-26,5898.0,5926.0,5859.0,5901.0,117710,140263,5897.0,黄大豆一号,农产品,DCE,A0
2021-08-27,5919.0,5933.0,5829.0,5888.0,131540,144458,5895.0,黄大豆一号,农产品,DCE,A0
2021-08-30,5888.0,5899.0,5746.0,5762.0,166341,129018,5814.0,黄大豆一号,农产品,DCE,A0
2021-08-31,5762.0,5776.0,5709.0,5749.0,107754,130171,5742.0,黄大豆一号,农产品,DCE,A0
2021-09-01,5742.0,5764.0,5704.0,5711.0,111886,134316,5725.0,黄大豆一号,农产品,DCE,A0
2021-09-02,5721.0,5781.0,5711.0,5749.0,139012,134997,5743.0,黄大豆一号,农产品,DCE,A0
2021-09-03,5746.0,5878.0,5731.0,5865.0,146209,141133,5812.0,黄大豆一号,农产品,DCE,A0
2021-09-06,5880.0,5895.0,5807.0,5840.0,112569,135709,5837.0,黄大豆一号,农产品,DCE,A0
2021-09-07,5840.0,5865.0,5809.0,5820.0,121504,135268,5833.0,黄大豆一号,农产品,DCE,A0
2021-09-08,5819.0,5835.0,5756.0,5823.0,157229,127984,5803.0,黄大豆一号,农产品,DCE,A0
2021-09-09,5823.0,5898.0,5808.0,5878.0,168776,142029,5856.0,黄大豆一号,农产品,DCE,A0
2021-09-10,5866.0,5920.0,5836.0,5917.0,133432,147939,5873.0,黄大豆一号,农产品,DCE,A0
2021-09-13,5926.0,5960.0,5884.0,5915.0,161875,148006,5917.0,黄大豆一号,农产品,DCE,A0
2021-09-14,5914.0,5924.0,5851.0,5873.0,144217,144734,5888.0,黄大豆一号,农产品,DCE,A0
2021-09-15,5884.0,5930.0,5821.0,5849.0,160562,138567,5870.0,黄大豆一号,农产品,DCE,A0
2021-09-16,5845.0,5946.0,5831.0,5940.0,165528,153609,5900.0,黄大豆一号,农产品,DCE,A0
2021-09-17,5950.0,5977.0,5910.0,5956.0,134854,154927,5953.0,黄大豆一号,农产品,DCE,A0
2021-09-22,5950.0,5995.0,5903.0,5958.0,114500,157883,5955.0,黄大豆一号,农产品,DCE,A0
2021-09-23,5966.0,6032.0,5924.0,6025.0,169380,163193,5971.0,黄大豆一号,农产品,DCE,A0
2021-09-24,6020.0,6077.0,5985.0,6069.0,133649,162857,6023.0,黄大豆一号,农产品,DCE,A0
2021-09-27,6066.0,6084.0,5900.0,5906.0,185624,135369,5977.0,黄大豆一号,农产品,DCE,A0
2021-09-28,5910.0,5927.0,5872.0,5919.0,121552,122413,5897.0,黄大豆一号,农产品,DCE,A0
2021-09-29,5919.0,5964.0,5901.0,5938.0,110737,103710,5931.0,黄大豆一号,农产品,DCE,A0
2021-09-30,5938.0,5980.0,5907.0,5920.0,139063,83575,5938.0,黄大豆一号,农产品,DCE,A0
2021-10-08,5951.0,6280.0,5951.0,6180.0,147701,92200,6186.0,黄大豆一号,农产品,DCE,A0
2021-10-11,6180.0,6266.0,6180.0,6253.0,114823,90613,6226.0,黄大豆一号,农产品,DCE,A0
2021-10-12,6253.0,6295.0,6180.0,6244.0,107266,85081,6250.0,黄大豆一号,农产品,DCE,A0
2021-10-13,6244.0,6255.0,6103.0,6183.0,133575,73263,6210.0,黄大豆一号,农产品,DCE,A0
2021-10-14,6177.0,6215.0,6041.0,6061.0,119040,55978,6109.0,黄大豆一号,农产品,DCE,A0
2021-10-15,6049.0,6075.0,5996.0,6059.0,103156,45841,6034.0,黄大豆一号,农产品,DCE,A0
2021-10-18,6059.0,6149.0,6015.0,6050.0,94826,38930,6064.0,黄大豆一号,农产品,DCE,A0
2021-10-19,6048.0,6078.0,5986.0,6008.0,75559,33944,6029.0,黄大豆一号,农产品,DCE,A0
2021-10-20,6000.0,6025.0,5950.0,5992.0,53201,27645,5995.0,黄大豆一号,农产品,DCE,A0
2021-10-21,5977.0,6176.0,5970.0,6165.0,158708,105862,6093.0,黄大豆一号,农产品,DCE,A0
2021-10-22,6165.0,6200.0,6120.0,6145.0,123739,108314,6155.0,黄大豆一号,农产品,DCE,A0
2021-10-25,6145.0,6245.0,6092.0,6209.0,161883,125891,6180.0,黄大豆一号,农产品,DCE,A0
2021-10-26,6209.0,6265.0,6165.0,6170.0,148961,127540,6204.0,黄大豆一号,农产品,DCE,A0
2021-10-27,6190.0,6192.0,6133.0,6167.0,108288,117094,6160.0,黄大豆一号,农产品,DCE,A0
2021-10-28,6167.0,6198.0,6118.0,6143.0,133393,111930,6153.0,黄大豆一号,农产品,DCE,A0
2021-10-29,6134.0,6269.0,6134.0,6244.0,152639,131198,6210.0,黄大豆一号,农产品,DCE,A0
2021-11-01,6261.0,6308.0,6225.0,6282.0,159050,138230,6274.0,黄大豆一号,农产品,DCE,A0
2021-11-02,6290.0,6323.0,6245.0,6274.0,147253,136324,6284.0,黄大豆一号,农产品,DCE,A0
2021-11-03,6285.0,6360.0,6254.0,6320.0,156447,142403,6304.0,黄大豆一号,农产品,DCE,A0
2021-11-04,6320.0,6441.0,6311.0,6423.0,176780,164560,6372.0,黄大豆一号,农产品,DCE,A0
2021-11-05,6423.0,6517.0,6405.0,6508.0,191944,174753,6463.0,黄大豆一号,农产品,DCE,A0
2021-11-08,6508.0,6512.0,6289.0,6353.0,269625,134765,6375.0,黄大豆一号,农产品,DCE,A0
2021-11-09,6347.0,6375.0,6270.0,6362.0,178370,124534,6317.0,黄大豆一号,农产品,DCE,A0
2021-11-10,6364.0,6496.0,6364.0,6478.0,203498,137587,6448.0,黄大豆一号,农产品,DCE,A0
2021-11-11,6478.0,6515.0,6450.0,6463.0,153420,136602,6482.0,黄大豆一号,农产品,DCE,A0
2021-11-12,6470.0,6484.0,6405.0,6438.0,148437,127565,6436.0,黄大豆一号,农产品,DCE,A0
2021-11-15,6440.0,6477.0,6389.0,6390.0,144947,118219,6423.0,黄大豆一号,农产品,DCE,A0
2021-11-16,6383.0,6412.0,6310.0,6409.0,149851,114607,6367.0,黄大豆一号,农产品,DCE,A0
2021-11-17,6408.0,6415.0,6288.0,6288.0,135174,112063,6327.0,黄大豆一号,农产品,DCE,A0
2021-11-18,6288.0,6388.0,6281.0,6367.0,146249,110223,6325.0,黄大豆一号,农产品,DCE,A0
2021-11-19,6367.0,6378.0,6285.0,6286.0,127734,107275,6328.0,黄大豆一号,农产品,DCE,A0
2021-11-22,6279.0,6349.0,6243.0,6262.0,169675,98414,6288.0,黄大豆一号,农产品,DCE,A0
2021-11-23,6262.0,6262.0,6180.0,6185.0,144454,96798,6229.0,黄大豆一号,农产品,DCE,A0
2021-11-24,6185.0,6212.0,6150.0,6198.0,116519,94597,6182.0,黄大豆一号,农产品,DCE,A0
2021-11-25,6198.0,6200.0,6114.0,6191.0,126006,95440,6166.0,黄大豆一号,农产品,DCE,A0
2021-11-26,6195.0,6245.0,6178.0,6208.0,136308,86530,6212.0,黄大豆一号,农产品,DCE,A0
2021-11-29,6200.0,6200.0,6081.0,6095.0,156515,97349,6126.0,黄大豆一号,农产品,DCE,A0
2021-11-30,6065.0,6149.0,6065.0,6099.0,102028,93051,6109.0,黄大豆一号,农产品,DCE,A0
2021-12-01,6116.0,6153.0,6050.0,6127.0,138675,80783,6093.0,黄大豆一号,农产品,DCE,A0
2021-12-02,6127.0,6162.0,6084.0,6093.0,118946,73426,6122.0,黄大豆一号,农产品,DCE,A0
2021-12-03,6093.0,6150.0,6093.0,6101.0,108373,67474,6125.0,黄大豆一号,农产品,DCE,A0
2021-12-06,6105.0,6140.0,6054.0,6056.0,113915,62232,6098.0,黄大豆一号,农产品,DCE,A0
2021-12-07,6057.0,6212.0,6057.0,6095.0,149040,47428,6136.0,黄大豆一号,农产品,DCE,A0
2021-12-08,6087.0,6109.0,6034.0,6040.0,96733,48184,6071.0,黄大豆一号,农产品,DCE,A0
2021-12-09,5950.0,5972.0,5920.0,5966.0,88583,148275,5953.0,黄大豆一号,农产品,DCE,A0
2021-12-10,5959.0,5960.0,5874.0,5880.0,121838,166976,5898.0,黄大豆一号,农产品,DCE,A0
2021-12-13,5880.0,5968.0,5878.0,5924.0,138469,158497,5925.0,黄大豆一号,农产品,DCE,A0
2021-12-14,5890.0,5949.0,5884.0,5891.0,125762,165434,5921.0,黄大豆一号,农产品,DCE,A0
2021-12-15,5891.0,5912.0,5841.0,5884.0,124960,170835,5865.0,黄大豆一号,农产品,DCE,A0
2021-12-16,5876.0,5975.0,5854.0,5961.0,171233,153928,5920.0,黄大豆一号,农产品,DCE,A0
2021-12-17,5965.0,6009.0,5935.0,5972.0,154755,145158,5963.0,黄大豆一号,农产品,DCE,A0
2021-12-20,5963.0,6061.0,5960.0,6017.0,157746,138150,6012.0,黄大豆一号,农产品,DCE,A0
2021-12-21,6017.0,6029.0,5935.0,5938.0,153227,142621,5971.0,黄大豆一号,农产品,DCE,A0
2021-12-22,5938.0,5976.0,5907.0,5918.0,142198,148835,5934.0,黄大豆一号,农产品,DCE,A0
2021-12-23,5907.0,5978.0,5891.0,5962.0,126232,144546,5929.0,黄大豆一号,农产品,DCE,A0
2021-12-24,5948.0,5956.0,5883.0,5888.0,137380,163362,5905.0,黄大豆一号,农产品,DCE,A0
2021-12-27,5882.0,5997.0,5832.0,5975.0,234057,150299,5933.0,黄大豆一号,农产品,DCE,A0
2021-12-28,5989.0,6044.0,5959.0,6024.0,159885,145063,6011.0,黄大豆一号,农产品,DCE,A0
2021-12-29,6025.0,6028.0,5867.0,5875.0,234255,168108,5920.0,黄大豆一号,农产品,DCE,A0
2021-12-30,5871.0,5888.0,5841.0,5863.0,153553,188861,0.0,黄大豆一号,农产品,DCE,A0
2021-12-31,5863.0,5894.0,5847.0,5878.0,131399,180014,5870.0,黄大豆一号,农产品,DCE,A0
2022-01-04,5865.0,5868.0,5652.0,5847.0,187623,172689,5798.0,黄大豆一号,农产品,DCE,A0
2022-01-05,5847.0,5894.0,5824.0,5880.0,140866,160455,5861.0,黄大豆一号,农产品,DCE,A0
2022-01-06,5898.0,5928.0,5836.0,5849.0,164031,154883,5884.0,黄大豆一号,农产品,DCE,A0
2022-01-07,5864.0,5899.0,5854.0,5869.0,117213,149976,5874.0,黄大豆一号,农产品,DCE,A0
2022-01-10,5876.0,5879.0,5778.0,5819.0,154607,159085,5823.0,黄大豆一号,农产品,DCE,A0
2022-01-11,5819.0,5833.0,5763.0,5772.0,116177,169149,5787.0,黄大豆一号,农产品,DCE,A0
2022-01-12,5772.0,5785.0,5726.0,5769.0,140731,182109,5755.0,黄大豆一号,农产品,DCE,A0
2022-01-13,5755.0,5762.0,5712.0,5720.0,112291,197792,5734.0,黄大豆一号,农产品,DCE,A0
2022-01-14,5710.0,5775.0,5684.0,5773.0,162580,180087,5735.0,黄大豆一号,农产品,DCE,A0
2022-01-17,5773.0,5821.0,5761.0,5816.0,134836,162876,5796.0,黄大豆一号,农产品,DCE,A0
2022-01-18,5816.0,5859.0,5805.0,5841.0,100439,155746,5835.0,黄大豆一号,农产品,DCE,A0
2022-01-19,5841.0,5897.0,5810.0,5885.0,124033,142214,5849.0,黄大豆一号,农产品,DCE,A0
2022-01-20,5900.0,5963.0,5892.0,5959.0,120691,132349,5932.0,黄大豆一号,农产品,DCE,A0
2022-01-21,5959.0,6000.0,5953.0,6000.0,124226,127212,5982.0,黄大豆一号,农产品,DCE,A0
2022-01-24,6004.0,6114.0,5983.0,6091.0,176074,128485,6040.0,黄大豆一号,农产品,DCE,A0
2022-01-25,6085.0,6142.0,6073.0,6137.0,148216,127215,6110.0,黄大豆一号,农产品,DCE,A0
2022-01-26,6138.0,6258.0,6138.0,6238.0,195320,118963,6207.0,黄大豆一号,农产品,DCE,A0
2022-01-27,6222.0,6243.0,6133.0,6206.0,183754,96246,6191.0,黄大豆一号,农产品,DCE,A0
2022-01-28,6222.0,6288.0,6191.0,6216.0,139173,79154,6246.0,黄大豆一号,农产品,DCE,A0
2022-02-07,6300.0,6399.0,6196.0,6204.0,123988,76219,6302.0,黄大豆一号,农产品,DCE,A0
2022-02-08,6290.0,6329.0,6233.0,6273.0,127684,69435,6281.0,黄大豆一号,农产品,DCE,A0
2022-02-09,6273.0,6365.0,6208.0,6349.0,206251,77222,6294.0,黄大豆一号,农产品,DCE,A0
2022-02-10,6370.0,6370.0,6292.0,6336.0,91816,70564,6327.0,黄大豆一号,农产品,DCE,A0
2022-02-11,6370.0,6428.0,6264.0,6320.0,176728,72993,6339.0,黄大豆一号,农产品,DCE,A0
2022-02-14,6340.0,6355.0,6251.0,6260.0,107935,67711,6300.0,黄大豆一号,农产品,DCE,A0
2022-02-15,6250.0,6315.0,6202.0,6236.0,116170,67314,6245.0,黄大豆一号,农产品,DCE,A0
2022-02-16,6218.0,6226.0,6108.0,6146.0,91802,60554,6171.0,黄大豆一号,农产品,DCE,A0
2022-02-17,6145.0,6176.0,6093.0,6135.0,81574,50196,6133.0,黄大豆一号,农产品,DCE,A0
2022-02-18,6109.0,6128.0,6068.0,6087.0,77195,42757,6094.0,黄大豆一号,农产品,DCE,A0
2022-02-21,6080.0,6115.0,6030.0,6047.0,64171,37827,6064.0,黄大豆一号,农产品,DCE,A0
2022-02-22,6040.0,6119.0,6010.0,6083.0,64313,28128,6063.0,黄大豆一号,农产品,DCE,A0
2022-02-23,6040.0,6102.0,6023.0,6098.0,38929,22376,6064.0,黄大豆一号,农产品,DCE,A0
2022-02-24,6052.0,6175.0,5902.0,6164.0,217215,97274,6052.0,黄大豆一号,农产品,DCE,A0
2022-02-25,6169.0,6443.0,6152.0,6205.0,220036,108210,6267.0,黄大豆一号,农产品,DCE,A0
2022-02-28,6187.0,6187.0,6000.0,6035.0,147970,102687,6062.0,黄大豆一号,农产品,DCE,A0
2022-03-01,6035.0,6265.0,6029.0,6237.0,147349,114587,6125.0,黄大豆一号,农产品,DCE,A0
2022-03-02,6242.0,6296.0,6185.0,6270.0,149285,109247,6257.0,黄大豆一号,农产品,DCE,A0
2022-03-03,6270.0,6334.0,6253.0,6307.0,113681,114078,6292.0,黄大豆一号,农产品,DCE,A0
2022-03-04,6283.0,6311.0,6153.0,6188.0,144850,109918,6236.0,黄大豆一号,农产品,DCE,A0
2022-03-07,6188.0,6249.0,6181.0,6215.0,119664,113981,6212.0,黄大豆一号,农产品,DCE,A0
2022-03-08,6184.0,6214.0,6049.0,6180.0,124588,111866,6163.0,黄大豆一号,农产品,DCE,A0
2022-03-09,6176.0,6341.0,6128.0,6311.0,153496,113959,6229.0,黄大豆一号,农产品,DCE,A0
2022-03-10,6300.0,6300.0,6155.0,6165.0,124177,103475,6197.0,黄大豆一号,农产品,DCE,A0
2022-03-11,6165.0,6245.0,6145.0,6165.0,103534,104717,6196.0,黄大豆一号,农产品,DCE,A0
2022-03-14,6165.0,6176.0,6105.0,6140.0,82254,104818,6128.0,黄大豆一号,农产品,DCE,A0
2022-03-15,6140.0,6253.0,6116.0,6207.0,107494,110161,6194.0,黄大豆一号,农产品,DCE,A0
2022-03-16,6207.0,6292.0,6136.0,6285.0,107994,114095,6215.0,黄大豆一号,农产品,DCE,A0
2022-03-17,6314.0,6330.0,6234.0,6282.0,84479,118140,6276.0,黄大豆一号,农产品,DCE,A0
2022-03-18,6301.0,6350.0,6195.0,6232.0,124132,119518,6271.0,黄大豆一号,农产品,DCE,A0
2022-03-21,6232.0,6298.0,6180.0,6255.0,86205,119352,6238.0,黄大豆一号,农产品,DCE,A0
2022-03-22,6255.0,6330.0,6229.0,6320.0,84361,133485,6289.0,黄大豆一号,农产品,DCE,A0
2022-03-23,6301.0,6324.0,6203.0,6295.0,146940,132532,6259.0,黄大豆一号,农产品,DCE,A0
2022-03-24,6300.0,6319.0,6191.0,6221.0,138835,126455,6247.0,黄大豆一号,农产品,DCE,A0
2022-03-25,6228.0,6280.0,6211.0,6220.0,89137,122987,6238.0,黄大豆一号,农产品,DCE,A0
2022-03-28,6220.0,6270.0,6156.0,6158.0,98200,129553,6218.0,黄大豆一号,农产品,DCE,A0
2022-03-29,6158.0,6183.0,6121.0,6153.0,76557,128972,6154.0,黄大豆一号,农产品,DCE,A0
2022-03-30,6136.0,6225.0,6125.0,6215.0,92078,119149,6182.0,黄大豆一号,农产品,DCE,A0
2022-03-31,6234.0,6342.0,6215.0,6320.0,144867,152198,6300.0,黄大豆一号,农产品,DCE,A0
2022-04-01,6320.0,6341.0,6274.0,6303.0,106911,133880,6305.0,黄大豆一号,农产品,DCE,A0
2022-04-06,6304.0,6332.0,6260.0,6278.0,61624,122402,6287.0,黄大豆一号,农产品,DCE,A0
2022-04-07,6278.0,6278.0,6165.0,6184.0,112731,105358,6204.0,黄大豆一号,农产品,DCE,A0
2022-04-08,6184.0,6292.0,6175.0,6271.0,85393,100038,6243.0,黄大豆一号,农产品,DCE,A0
2022-04-11,6280.0,6299.0,6256.0,6280.0,69378,109182,6279.0,黄大豆一号,农产品,DCE,A0
2022-04-12,6280.0,6280.0,6195.0,6207.0,79486,101871,6235.0,黄大豆一号,农产品,DCE,A0
2022-04-13,6206.0,6230.0,6192.0,6209.0,63731,102374,6212.0,黄大豆一号,农产品,DCE,A0
2022-04-14,6193.0,6208.0,6145.0,6191.0,89273,111761,6171.0,黄大豆一号,农产品,DCE,A0
2022-04-15,6191.0,6248.0,6135.0,6232.0,93978,102880,6193.0,黄大豆一号,农产品,DCE,A0
2022-04-18,6232.0,6232.0,6154.0,6156.0,81091,110622,6189.0,黄大豆一号,农产品,DCE,A0
2022-04-19,6156.0,6188.0,6103.0,6174.0,91494,108483,6151.0,黄大豆一号,农产品,DCE,A0
2022-04-20,6150.0,6199.0,6103.0,6182.0,95466,108473,6151.0,黄大豆一号,农产品,DCE,A0
2022-04-21,6182.0,6203.0,6117.0,6121.0,80512,112742,6151.0,黄大豆一号,农产品,DCE,A0
2022-04-22,6123.0,6153.0,6121.0,6129.0,52075,109121,6137.0,黄大豆一号,农产品,DCE,A0
2022-04-25,6129.0,6192.0,6089.0,6120.0,125316,112415,6150.0,黄大豆一号,农产品,DCE,A0
2022-04-26,6120.0,6133.0,6094.0,6123.0,78740,113450,6112.0,黄大豆一号,农产品,DCE,A0
2022-04-27,6123.0,6128.0,6074.0,6089.0,79741,119713,6098.0,黄大豆一号,农产品,DCE,A0
2022-04-28,6095.0,6163.0,6081.0,6155.0,92979,110441,6124.0,黄大豆一号,农产品,DCE,A0
2022-04-29,6155.0,6227.0,6132.0,6193.0,92393,107510,6180.0,黄大豆一号,农产品,DCE,A0
2022-05-05,6210.0,6230.0,6117.0,6138.0,73135,102100,6139.0,黄大豆一号,农产品,DCE,A0
2022-05-06,6148.0,6200.0,6145.0,6179.0,84413,106391,6179.0,黄大豆一号,农产品,DCE,A0
2022-05-09,6179.0,6218.0,6147.0,6197.0,71760,107027,6181.0,黄大豆一号,农产品,DCE,A0
2022-05-10,6188.0,6208.0,6130.0,6204.0,100409,110421,6172.0,黄大豆一号,农产品,DCE,A0
2022-05-11,6190.0,6190.0,6136.0,6139.0,87343,108195,6153.0,黄大豆一号,农产品,DCE,A0
2022-05-12,6139.0,6249.0,6130.0,6246.0,112180,116174,6208.0,黄大豆一号,农产品,DCE,A0
2022-05-13,6246.0,6312.0,6234.0,6275.0,108467,129175,6277.0,黄大豆一号,农产品,DCE,A0
2022-05-16,6298.0,6330.0,6282.0,6296.0,88162,131939,6303.0,黄大豆一号,农产品,DCE,A0
2022-05-17,6296.0,6302.0,6259.0,6277.0,71492,130047,6274.0,黄大豆一号,农产品,DCE,A0
2022-05-18,6282.0,6309.0,6246.0,6264.0,68384,125673,6271.0,黄大豆一号,农产品,DCE,A0
2022-05-19,6264.0,6293.0,6238.0,6284.0,59400,132083,6263.0,黄大豆一号,农产品,DCE,A0
2022-05-20,6263.0,6314.0,6263.0,6310.0,65280,137928,6293.0,黄大豆一号,农产品,DCE,A0
2022-05-23,6301.0,6339.0,6281.0,6330.0,75556,142686,6310.0,黄大豆一号,农产品,DCE,A0
2022-05-24,6330.0,6392.0,6322.0,6377.0,98955,155205,6356.0,黄大豆一号,农产品,DCE,A0
2022-05-25,6378.0,6403.0,6347.0,6357.0,79290,148533,6373.0,黄大豆一号,农产品,DCE,A0
2022-05-26,6351.0,6394.0,6313.0,6325.0,88654,140929,6358.0,黄大豆一号,农产品,DCE,A0
2022-05-27,6332.0,6388.0,6320.0,6357.0,87607,135923,6350.0,黄大豆一号,农产品,DCE,A0
2022-05-30,6356.0,6395.0,6301.0,6319.0,81948,122789,6344.0,黄大豆一号,农产品,DCE,A0
2022-05-31,6305.0,6328.0,6265.0,6295.0,72247,109420,6291.0,黄大豆一号,农产品,DCE,A0
2022-06-01,6290.0,6313.0,6255.0,6278.0,68484,103170,6285.0,黄大豆一号,农产品,DCE,A0
2022-06-02,6278.0,6370.0,6272.0,6351.0,78154,103202,6331.0,黄大豆一号,农产品,DCE,A0
2022-06-06,6337.0,6372.0,6269.0,6271.0,58487,94790,6304.0,黄大豆一号,农产品,DCE,A0
2022-06-07,6271.0,6296.0,6248.0,6265.0,53831,90088,6270.0,黄大豆一号,农产品,DCE,A0
2022-06-08,6265.0,6294.0,6237.0,6288.0,60920,91477,6267.0,黄大豆一号,农产品,DCE,A0
2022-06-09,6308.0,6340.0,6280.0,6290.0,65611,84264,6308.0,黄大豆一号,农产品,DCE,A0
2022-06-10,6270.0,6282.0,6202.0,6229.0,76001,78360,6252.0,黄大豆一号,农产品,DCE,A0
2022-06-13,6229.0,6280.0,6218.0,6229.0,52555,70709,6243.0,黄大豆一号,农产品,DCE,A0
2022-06-14,6212.0,6240.0,6183.0,6213.0,53290,63278,6212.0,黄大豆一号,农产品,DCE,A0
2022-06-15,6213.0,6213.0,6155.0,6182.0,57345,53485,6179.0,黄大豆一号,农产品,DCE,A0
2022-06-16,6120.0,6180.0,6120.0,6175.0,98375,94679,6148.0,黄大豆一号,农产品,DCE,A0
2022-06-17,6156.0,6210.0,6150.0,6150.0,84059,98527,6180.0,黄大豆一号,农产品,DCE,A0
2022-06-20,6160.0,6197.0,6119.0,6178.0,109059,102231,6156.0,黄大豆一号,农产品,DCE,A0
2022-06-21,6177.0,6178.0,6069.0,6079.0,120903,117540,6104.0,黄大豆一号,农产品,DCE,A0
2022-06-22,6083.0,6109.0,6011.0,6012.0,105238,124413,6063.0,黄大豆一号,农产品,DCE,A0
2022-06-23,6012.0,6012.0,5910.0,5943.0,125804,135031,5955.0,黄大豆一号,农产品,DCE,A0
2022-06-24,5943.0,5984.0,5817.0,5831.0,164383,149914,5897.0,黄大豆一号,农产品,DCE,A0
2022-06-27,5841.0,5932.0,5830.0,5896.0,118825,146952,5875.0,黄大豆一号,农产品,DCE,A0
2022-06-28,5896.0,6012.0,5896.0,5998.0,115693,132284,5977.0,黄大豆一号,农产品,DCE,A0
2022-06-29,5998.0,6031.0,5962.0,5963.0,104611,130753,6002.0,黄大豆一号,农产品,DCE,A0
2022-06-30,5970.0,6034.0,5964.0,5976.0,74024,132753,5996.0,黄大豆一号,农产品,DCE,A0
2022-07-01,5980.0,5982.0,5890.0,5930.0,115291,127898,5924.0,黄大豆一号,农产品,DCE,A0
2022-07-04,5931.0,5947.0,5768.0,5882.0,155689,133834,5850.0,黄大豆一号,农产品,DCE,A0
2022-07-05,5854.0,5892.0,5814.0,5867.0,82146,129145,5856.0,黄大豆一号,农产品,DCE,A0
2022-07-06,5855.0,5858.0,5702.0,5808.0,145076,127618,5786.0,黄大豆一号,农产品,DCE,A0
2022-07-07,5815.0,5886.0,5805.0,5869.0,119719,120188,5843.0,黄大豆一号,农产品,DCE,A0
2022-07-08,5876.0,5890.0,5832.0,5843.0,73639,119478,5863.0,黄大豆一号,农产品,DCE,A0
2022-07-11,5843.0,5882.0,5781.0,5797.0,92657,121781,5842.0,黄大豆一号,农产品,DCE,A0
2022-07-12,5771.0,5817.0,5733.0,5792.0,97273,129457,5771.0,黄大豆一号,农产品,DCE,A0
2022-07-13,5771.0,5787.0,5653.0,5728.0,132355,133032,5720.0,黄大豆一号,农产品,DCE,A0
2022-07-14,5720.0,5845.0,5682.0,5834.0,153569,129091,5784.0,黄大豆一号,农产品,DCE,A0
2022-07-15,5825.0,5869.0,5809.0,5814.0,115468,120383,5839.0,黄大豆一号,农产品,DCE,A0
2022-07-18,5829.0,5947.0,5778.0,5790.0,132805,118387,5841.0,黄大豆一号,农产品,DCE,A0
2022-07-19,5791.0,5833.0,5740.0,5741.0,104704,123534,5781.0,黄大豆一号,农产品,DCE,A0
2022-07-20,5740.0,5800.0,5690.0,5792.0,99572,120692,5754.0,黄大豆一号,农产品,DCE,A0
2022-07-21,5774.0,5790.0,5716.0,5779.0,80789,117953,5759.0,黄大豆一号,农产品,DCE,A0
2022-07-22,5759.0,5766.0,5656.0,5725.0,129265,128053,5710.0,黄大豆一号,农产品,DCE,A0
2022-07-25,5725.0,5764.0,5669.0,5727.0,98001,120485,5718.0,黄大豆一号,农产品,DCE,A0
2022-07-26,5727.0,5880.0,5727.0,5874.0,121318,105751,5835.0,黄大豆一号,农产品,DCE,A0
2022-07-27,5880.0,5920.0,5862.0,5910.0,84926,96273,5891.0,黄大豆一号,农产品,DCE,A0
2022-07-28,5935.0,6006.0,5911.0,5972.0,101523,90781,5954.0,黄大豆一号,农产品,DCE,A0
2022-07-29,5972.0,6100.0,5964.0,6092.0,119223,90274,6028.0,黄大豆一号,农产品,DCE,A0
2022-08-01,6110.0,6246.0,6110.0,6238.0,137226,93435,6192.0,黄大豆一号,农产品,DCE,A0
2022-08-02,6210.0,6282.0,6167.0,6255.0,118814,95436,6211.0,黄大豆一号,农产品,DCE,A0
2022-08-03,6255.0,6299.0,6223.0,6227.0,115520,99183,6260.0,黄大豆一号,农产品,DCE,A0
2022-08-04,6227.0,6260.0,6136.0,6173.0,109951,95207,6194.0,黄大豆一号,农产品,DCE,A0
2022-08-05,6183.0,6270.0,6168.0,6194.0,86525,93676,6206.0,黄大豆一号,农产品,DCE,A0
2022-08-08,6170.0,6232.0,6120.0,6220.0,107149,95166,6173.0,黄大豆一号,农产品,DCE,A0
2022-08-09,6200.0,6248.0,6163.0,6177.0,86278,94163,6210.0,黄大豆一号,农产品,DCE,A0
2022-08-10,6191.0,6236.0,6180.0,6223.0,61511,97001,6209.0,黄大豆一号,农产品,DCE,A0
2022-08-11,6248.0,6292.0,6223.0,6256.0,87995,110654,6255.0,黄大豆一号,农产品,DCE,A0
2022-08-12,6289.0,6298.0,6209.0,6222.0,87567,102825,6258.0,黄大豆一号,农产品,DCE,A0
2022-08-15,6235.0,6245.0,6175.0,6190.0,78893,96112,6209.0,黄大豆一号,农产品,DCE,A0
2022-08-16,6153.0,6196.0,6091.0,6094.0,72443,83733,6151.0,黄大豆一号,农产品,DCE,A0
2022-08-17,6123.0,6123.0,6048.0,6090.0,85842,76799,6071.0,黄大豆一号,农产品,DCE,A0
2022-08-18,6090.0,6154.0,6069.0,6088.0,70765,74341,6106.0,黄大豆一号,农产品,DCE,A0
2022-08-19,6088.0,6094.0,6020.0,6047.0,73896,59386,6045.0,黄大豆一号,农产品,DCE,A0
2022-08-22,6028.0,6124.0,6028.0,6065.0,57224,57941,6082.0,黄大豆一号,农产品,DCE,A0
2022-08-23,6083.0,6101.0,6013.0,6017.0,57801,50979,6050.0,黄大豆一号,农产品,DCE,A0
2022-08-24,6017.0,6024.0,5910.0,5925.0,93478,34648,5959.0,黄大豆一号,农产品,DCE,A0
2022-08-25,5911.0,5969.0,5873.0,5933.0,66621,19957,5925.0,黄大豆一号,农产品,DCE,A0
2022-08-26,5860.0,5976.0,5844.0,5948.0,139441,90363,5929.0,黄大豆一号,农产品,DCE,A0
2022-08-29,5946.0,5965.0,5883.0,5927.0,101952,83280,5930.0,黄大豆一号,农产品,DCE,A0
2022-08-30,5927.0,5979.0,5886.0,5893.0,90906,81155,5920.0,黄大豆一号,农产品,DCE,A0
2022-08-31,5875.0,5898.0,5826.0,5835.0,90045,77588,5856.0,黄大豆一号,农产品,DCE,A0
2022-09-01,5835.0,5859.0,5780.0,5835.0,131369,80482,5815.0,黄大豆一号,农产品,DCE,A0
2022-09-02,5820.0,5879.0,5795.0,5806.0,96240,82842,5828.0,黄大豆一号,农产品,DCE,A0
2022-09-05,5807.0,5851.0,5770.0,5774.0,110717,88609,5800.0,黄大豆一号,农产品,DCE,A0
2022-09-06,5774.0,5805.0,5758.0,5763.0,78080,93883,5776.0,黄大豆一号,农产品,DCE,A0
2022-09-07,5753.0,5800.0,5744.0,5768.0,85108,92890,5772.0,黄大豆一号,农产品,DCE,A0
2022-09-08,5773.0,5820.0,5755.0,5760.0,82925,89465,5782.0,黄大豆一号,农产品,DCE,A0
2022-09-09,5750.0,5756.0,5671.0,5684.0,128224,104599,5696.0,黄大豆一号,农产品,DCE,A0
2022-09-13,5738.0,5929.0,5725.0,5893.0,151397,85694,5852.0,黄大豆一号,农产品,DCE,A0
2022-09-14,5860.0,5885.0,5822.0,5857.0,99005,81960,5859.0,黄大豆一号,农产品,DCE,A0
2022-09-15,5876.0,5892.0,5852.0,5880.0,70319,86166,5868.0,黄大豆一号,农产品,DCE,A0
2022-09-16,5880.0,5920.0,5864.0,5883.0,78417,87164,5891.0,黄大豆一号,农产品,DCE,A0
2022-09-19,5891.0,5950.0,5891.0,5936.0,98047,90093,5916.0,黄大豆一号,农产品,DCE,A0
2022-09-20,5918.0,5954.0,5885.0,5942.0,76419,90502,5922.0,黄大豆一号,农产品,DCE,A0
2022-09-21,5922.0,6034.0,5920.0,6033.0,125413,105875,5980.0,黄大豆一号,农产品,DCE,A0
2022-09-22,6023.0,6046.0,5984.0,6038.0,83578,108440,6017.0,黄大豆一号,农产品,DCE,A0
2022-09-23,6009.0,6082.0,5990.0,6075.0,95262,113217,6050.0,黄大豆一号,农产品,DCE,A0
2022-09-26,6040.0,6065.0,5981.0,5994.0,105988,106086,6017.0,黄大豆一号,农产品,DCE,A0
2022-09-27,6017.0,6044.0,6004.0,6023.0,64177,104372,6023.0,黄大豆一号,农产品,DCE,A0
2022-09-28,6017.0,6061.0,5978.0,6003.0,87771,99643,6017.0,黄大豆一号,农产品,DCE,A0
2022-09-29,6017.0,6106.0,5985.0,6071.0,98975,104489,6050.0,黄大豆一号,农产品,DCE,A0
2022-09-30,6051.0,6075.0,6007.0,6024.0,71118,93394,6052.0,黄大豆一号,农产品,DCE,A0
2022-10-10,6017.0,6039.0,5953.0,5971.0,79136,83890,5978.0,黄大豆一号,农产品,DCE,A0
2022-10-11,5971.0,5992.0,5914.0,5922.0,75842,69239,5947.0,黄大豆一号,农产品,DCE,A0
2022-10-12,5922.0,5928.0,5839.0,5861.0,105779,50656,5879.0,黄大豆一号,农产品,DCE,A0
2022-10-13,5850.0,5885.0,5807.0,5832.0,76580,41024,5846.0,黄大豆一号,农产品,DCE,A0
2022-10-14,5854.0,5877.0,5813.0,5839.0,73741,31272,5851.0,黄大豆一号,农产品,DCE,A0
2022-10-17,5831.0,5884.0,5816.0,5841.0,74684,23823,5848.0,黄大豆一号,农产品,DCE,A0
2022-10-18,5878.0,5878.0,5813.0,5856.0,50252,19837,5843.0,黄大豆一号,农产品,DCE,A0
2022-10-19,5804.0,5829.0,5741.0,5745.0,104937,126280,5778.0,黄大豆一号,农产品,DCE,A0
2022-10-20,5745.0,5745.0,5626.0,5640.0,164313,158484,5686.0,黄大豆一号,农产品,DCE,A0
2022-10-21,5650.0,5680.0,5596.0,5623.0,148946,170246,5631.0,黄大豆一号,农产品,DCE,A0
2022-10-24,5623.0,5642.0,5565.0,5588.0,124878,178065,5600.0,黄大豆一号,农产品,DCE,A0
2022-10-25,5588.0,5614.0,5554.0,5570.0,105230,179380,5582.0,黄大豆一号,农产品,DCE,A0
2022-10-26,5570.0,5597.0,5556.0,5567.0,100167,183913,5573.0,黄大豆一号,农产品,DCE,A0
2022-10-27,5561.0,5594.0,5526.0,5588.0,142058,183576,5562.0,黄大豆一号,农产品,DCE,A0
2022-10-28,5588.0,5614.0,5550.0,5578.0,134348,179844,5581.0,黄大豆一号,农产品,DCE,A0
2022-10-31,5581.0,5617.0,5562.0,5571.0,123729,168620,5589.0,黄大豆一号,农产品,DCE,A0
2022-11-01,5566.0,5608.0,5534.0,5596.0,138509,152370,5572.0,黄大豆一号,农产品,DCE,A0
2022-11-02,5598.0,5628.0,5582.0,5584.0,105334,145914,5607.0,黄大豆一号,农产品,DCE,A0
2022-11-03,5566.0,5604.0,5522.0,5596.0,124347,146278,5564.0,黄大豆一号,农产品,DCE,A0
2022-11-04,5594.0,5622.0,5550.0,5552.0,110454,144741,5595.0,黄大豆一号,农产品,DCE,A0
2022-11-07,5552.0,5592.0,5535.0,5562.0,132702,151043,5565.0,黄大豆一号,农产品,DCE,A0
2022-11-08,5557.0,5573.0,5507.0,5537.0,135326,161013,5543.0,黄大豆一号,农产品,DCE,A0
2022-11-09,5547.0,5599.0,5517.0,5590.0,111071,147381,5551.0,黄大豆一号,农产品,DCE,A0
2022-11-10,5592.0,5697.0,5586.0,5685.0,179903,112268,5652.0,黄大豆一号,农产品,DCE,A0
2022-11-11,5647.0,5696.0,5647.0,5680.0,102155,101088,5677.0,黄大豆一号,农产品,DCE,A0
2022-11-14,5680.0,5720.0,5567.0,5593.0,119239,101632,5635.0,黄大豆一号,农产品,DCE,A0
2022-11-15,5630.0,5630.0,5593.0,5617.0,62548,93727,5614.0,黄大豆一号,农产品,DCE,A0
2022-11-16,5577.0,5646.0,5577.0,5612.0,69320,92319,5620.0,黄大豆一号,农产品,DCE,A0
2022-11-17,5620.0,5626.0,5582.0,5613.0,63013,90229,5600.0,黄大豆一号,农产品,DCE,A0
2022-11-18,5625.0,5696.0,5602.0,5675.0,119688,85295,5665.0,黄大豆一号,农产品,DCE,A0
2022-11-21,5658.0,5678.0,5558.0,5580.0,123461,88478,5606.0,黄大豆一号,农产品,DCE,A0
2022-11-22,5604.0,5604.0,5562.0,5575.0,67750,90615,5574.0,黄大豆一号,农产品,DCE,A0
2022-11-23,5551.0,5584.0,5546.0,5565.0,77262,95759,5564.0,黄大豆一号,农产品,DCE,A0
2022-11-24,5575.0,5633.0,5559.0,5621.0,94014,82559,5600.0,黄大豆一号,农产品,DCE,A0
2022-11-25,5615.0,5649.0,5609.0,5613.0,60310,77908,5628.0,黄大豆一号,农产品,DCE,A0
2022-11-28,5613.0,5636.0,5565.0,5616.0,82300,75941,5609.0,黄大豆一号,农产品,DCE,A0
2022-11-29,5616.0,5618.0,5574.0,5588.0,77338,78153,5592.0,黄大豆一号,农产品,DCE,A0
2022-11-30,5583.0,5620.0,5577.0,5586.0,63080,78468,5593.0,黄大豆一号,农产品,DCE,A0
2022-12-01,5585.0,5617.0,5564.0,5579.0,84973,86837,5586.0,黄大豆一号,农产品,DCE,A0
2022-12-02,5585.0,5600.0,5556.0,5563.0,71281,87832,5575.0,黄大豆一号,农产品,DCE,A0
2022-12-05,5575.0,5637.0,5551.0,5626.0,113520,74384,5597.0,黄大豆一号,农产品,DCE,A0
2022-12-06,5611.0,5642.0,5576.0,5592.0,83221,71074,5606.0,黄大豆一号,农产品,DCE,A0
2022-12-07,5597.0,5597.0,5560.0,5577.0,70597,84684,5578.0,黄大豆一号,农产品,DCE,A0
2022-12-08,5580.0,5630.0,5577.0,5611.0,81143,78701,5608.0,黄大豆一号,农产品,DCE,A0
2022-12-09,5608.0,5636.0,5590.0,5602.0,76184,69966,5614.0,黄大豆一号,农产品,DCE,A0
2022-12-12,5590.0,5620.0,5520.0,5550.0,106250,75527,5564.0,黄大豆一号,农产品,DCE,A0
2022-12-13,5560.0,5582.0,5531.0,5566.0,68737,58780,5556.0,黄大豆一号,农产品,DCE,A0
2022-12-14,5322.0,5354.0,5303.0,5319.0,96173,125898,5323.0,黄大豆一号,农产品,DCE,A0
2022-12-15,5320.0,5323.0,5227.0,5241.0,117788,150735,5268.0,黄大豆一号,农产品,DCE,A0
2022-12-16,5262.0,5262.0,5201.0,5240.0,128024,161494,5228.0,黄大豆一号,农产品,DCE,A0
2022-12-19,5205.0,5278.0,5205.0,5250.0,105790,154026,5242.0,黄大豆一号,农产品,DCE,A0
2022-12-20,5250.0,5250.0,5192.0,5216.0,89056,163014,5212.0,黄大豆一号,农产品,DCE,A0
2022-12-21,5232.0,5232.0,5154.0,5220.0,119516,161246,5201.0,黄大豆一号,农产品,DCE,A0
2022-12-22,5191.0,5220.0,5150.0,5153.0,80646,175969,5180.0,黄大豆一号,农产品,DCE,A0
2022-12-23,5154.0,5171.0,5127.0,5136.0,86901,178260,5147.0,黄大豆一号,农产品,DCE,A0
2022-12-26,5120.0,5203.0,5120.0,5175.0,109119,167546,5164.0,黄大豆一号,农产品,DCE,A0
2022-12-27,5158.0,5188.0,5153.0,5169.0,94055,174705,5167.0,黄大豆一号,农产品,DCE,A0
2022-12-28,5172.0,5223.0,5170.0,5202.0,129558,164128,5200.0,黄大豆一号,农产品,DCE,A0
2022-12-29,5200.0,5210.0,5151.0,5168.0,85179,169254,5175.0,黄大豆一号,农产品,DCE,A0
2022-12-30,5152.0,5187.0,5151.0,5179.0,79902,163939,5171.0,黄大豆一号,农产品,DCE,A0
2023-01-03,5180.0,5263.0,5180.0,5227.0,104989,149965,5222.0,黄大豆一号,农产品,DCE,A0
2023-01-04,5227.0,5228.0,5171.0,5206.0,106864,149090,5205.0,黄大豆一号,农产品,DCE,A0
2023-01-05,5213.0,5213.0,5143.0,5175.0,83276,158245,5170.0,黄大豆一号,农产品,DCE,A0
2023-01-06,5186.0,5186.0,5162.0,5177.0,53792,153316,5175.0,黄大豆一号,农产品,DCE,A0
2023-01-09,5187.0,5246.0,5180.0,5229.0,110177,137949,5218.0,黄大豆一号,农产品,DCE,A0
2023-01-10,5232.0,5280.0,5232.0,5259.0,93830,124943,5252.0,黄大豆一号,农产品,DCE,A0
2023-01-11,5281.0,5289.0,5255.0,5258.0,66811,121843,5271.0,黄大豆一号,农产品,DCE,A0
2023-01-12,5250.0,5285.0,5226.0,5277.0,67986,119581,5261.0,黄大豆一号,农产品,DCE,A0
2023-01-13,5296.0,5356.0,5286.0,5339.0,101899,125416,5322.0,黄大豆一号,农产品,DCE,A0
2023-01-16,5326.0,5344.0,5316.0,5340.0,66786,123811,5329.0,黄大豆一号,农产品,DCE,A0
2023-01-17,5354.0,5454.0,5339.0,5442.0,123481,120929,5403.0,黄大豆一号,农产品,DCE,A0
2023-01-18,5426.0,5491.0,5423.0,5477.0,80605,123454,5467.0,黄大豆一号,农产品,DCE,A0
2023-01-19,5460.0,5527.0,5433.0,5488.0,123972,124672,5478.0,黄大豆一号,农产品,DCE,A0
2023-01-20,5498.0,5520.0,5477.0,5506.0,61729,124506,5501.0,黄大豆一号,农产品,DCE,A0
2023-01-30,5516.0,5575.0,5478.0,5537.0,91896,125165,5531.0,黄大豆一号,农产品,DCE,A0
2023-01-31,5539.0,5540.0,5488.0,5522.0,78601,124949,5516.0,黄大豆一号,农产品,DCE,A0
2023-02-01,5505.0,5540.0,5498.0,5536.0,77049,127731,5522.0,黄大豆一号,农产品,DCE,A0
2023-02-02,5548.0,5606.0,5539.0,5587.0,121241,132388,5575.0,黄大豆一号,农产品,DCE,A0
2023-02-03,5576.0,5596.0,5535.0,5547.0,78841,131329,5569.0,黄大豆一号,农产品,DCE,A0
2023-02-06,5552.0,5581.0,5522.0,5573.0,88363,135885,5552.0,黄大豆一号,农产品,DCE,A0
2023-02-07,5578.0,5593.0,5546.0,5562.0,74504,142659,5566.0,黄大豆一号,农产品,DCE,A0
2023-02-08,5570.0,5571.0,5502.0,5548.0,99093,143643,5537.0,黄大豆一号,农产品,DCE,A0
2023-02-09,5557.0,5568.0,5529.0,5535.0,75564,150514,5549.0,黄大豆一号,农产品,DCE,A0
2023-02-10,5530.0,5598.0,5530.0,5584.0,102237,162514,5569.0,黄大豆一号,农产品,DCE,A0
2023-02-13,5572.0,5600.0,5512.0,5519.0,118103,147843,5553.0,黄大豆一号,农产品,DCE,A0
2023-02-14,5519.0,5548.0,5450.0,5539.0,154770,138358,5494.0,黄大豆一号,农产品,DCE,A0
2023-02-15,5521.0,5585.0,5521.0,5572.0,109711,151315,5565.0,黄大豆一号,农产品,DCE,A0
2023-02-16,5572.0,5596.0,5565.0,5594.0,78901,156577,5582.0,黄大豆一号,农产品,DCE,A0
2023-02-17,5598.0,5620.0,5573.0,5614.0,81063,164815,5596.0,黄大豆一号,农产品,DCE,A0
2023-02-20,5620.0,5643.0,5582.0,5599.0,87817,163561,5604.0,黄大豆一号,农产品,DCE,A0
2023-02-21,5595.0,5613.0,5575.0,5598.0,65860,162373,5592.0,黄大豆一号,农产品,DCE,A0
2023-02-22,5600.0,5659.0,5598.0,5658.0,102639,176143,5631.0,黄大豆一号,农产品,DCE,A0
2023-02-23,5652.0,5682.0,5595.0,5604.0,127995,171704,5639.0,黄大豆一号,农产品,DCE,A0
2023-02-24,5621.0,5633.0,5593.0,5613.0,76864,171561,5612.0,黄大豆一号,农产品,DCE,A0
2023-02-27,5607.0,5619.0,5576.0,5594.0,81732,163684,5596.0,黄大豆一号,农产品,DCE,A0
2023-02-28,5596.0,5617.0,5576.0,5586.0,85993,160652,5595.0,黄大豆一号,农产品,DCE,A0
2023-03-01,5580.0,5598.0,5542.0,5580.0,94510,159282,5570.0,黄大豆一号,农产品,DCE,A0
2023-03-02,5580.0,5588.0,5556.0,5569.0,62594,158890,5573.0,黄大豆一号,农产品,DCE,A0
2023-03-03,5554.0,5561.0,5500.0,5548.0,124415,153466,5533.0,黄大豆一号,农产品,DCE,A0
2023-03-06,5550.0,5554.0,5505.0,5505.0,62749,151524,5520.0,黄大豆一号,农产品,DCE,A0
2023-03-07,5498.0,5504.0,5469.0,5473.0,73725,145453,5486.0,黄大豆一号,农产品,DCE,A0
2023-03-08,5473.0,5475.0,5404.0,5428.0,87783,140489,5440.0,黄大豆一号,农产品,DCE,A0
2023-03-09,5434.0,5580.0,5432.0,5573.0,166685,136536,5522.0,黄大豆一号,农产品,DCE,A0
2023-03-10,5578.0,5600.0,5564.0,5571.0,94485,131417,5583.0,黄大豆一号,农产品,DCE,A0
2023-03-13,5571.0,5578.0,5528.0,5551.0,81911,124317,5556.0,黄大豆一号,农产品,DCE,A0
2023-03-14,5546.0,5549.0,5507.0,5514.0,68584,117251,5527.0,黄大豆一号,农产品,DCE,A0
2023-03-15,5524.0,5535.0,5473.0,5478.0,72106,111647,5494.0,黄大豆一号,农产品,DCE,A0
2023-03-16,5478.0,5517.0,5470.0,5491.0,73272,109597,5491.0,黄大豆一号,农产品,DCE,A0
2023-03-17,5491.0,5496.0,5438.0,5446.0,75437,103576,5461.0,黄大豆一号,农产品,DCE,A0
2023-03-20,5459.0,5483.0,5446.0,5446.0,58347,100876,5463.0,黄大豆一号,农产品,DCE,A0
2023-03-21,5454.0,5456.0,5402.0,5438.0,86480,102827,5427.0,黄大豆一号,农产品,DCE,A0
2023-03-22,5454.0,5477.0,5391.0,5464.0,96762,101211,5427.0,黄大豆一号,农产品,DCE,A0
2023-03-23,5453.0,5479.0,5415.0,5428.0,72916,97248,5447.0,黄大豆一号,农产品,DCE,A0
2023-03-24,5418.0,5442.0,5405.0,5433.0,69032,96362,5418.0,黄大豆一号,农产品,DCE,A0
2023-03-27,5435.0,5446.0,5353.0,5416.0,110512,94270,5406.0,黄大豆一号,农产品,DCE,A0
2023-03-28,5416.0,5456.0,5393.0,5399.0,68061,88870,5413.0,黄大豆一号,农产品,DCE,A0
2023-03-29,5386.0,5407.0,5370.0,5371.0,66434,87050,5385.0,黄大豆一号,农产品,DCE,A0
2023-03-30,5371.0,5386.0,5341.0,5369.0,84572,89487,5363.0,黄大豆一号,农产品,DCE,A0
2023-03-31,5386.0,5430.0,5362.0,5390.0,73905,87219,5389.0,黄大豆一号,农产品,DCE,A0
2023-04-03,5380.0,5406.0,5346.0,5388.0,80529,83514,5379.0,黄大豆一号,农产品,DCE,A0
2023-04-04,5382.0,5397.0,5343.0,5358.0,59492,81013,5361.0,黄大豆一号,农产品,DCE,A0
2023-04-06,5368.0,5368.0,5285.0,5299.0,65339,78750,5327.0,黄大豆一号,农产品,DCE,A0
2023-04-07,5310.0,5356.0,5291.0,5353.0,78325,68427,5327.0,黄大豆一号,农产品,DCE,A0
2023-04-10,5134.0,5183.0,5115.0,5142.0,119208,122386,5142.0,黄大豆一号,农产品,DCE,A0
2023-04-11,5132.0,5163.0,5049.0,5079.0,138934,133617,5095.0,黄大豆一号,农产品,DCE,A0
2023-04-12,5098.0,5105.0,5055.0,5090.0,117806,138628,5075.0,黄大豆一号,农产品,DCE,A0
2023-04-13,5074.0,5136.0,5071.0,5089.0,119213,138574,5104.0,黄大豆一号,农产品,DCE,A0
2023-04-14,5072.0,5115.0,5062.0,5070.0,113180,143513,5085.0,黄大豆一号,农产品,DCE,A0
2023-04-17,5087.0,5096.0,5035.0,5057.0,121993,145984,5065.0,黄大豆一号,农产品,DCE,A0
2023-04-18,5047.0,5132.0,5047.0,5118.0,130430,135634,5089.0,黄大豆一号,农产品,DCE,A0
2023-04-19,5100.0,5122.0,5061.0,5066.0,115414,134853,5086.0,黄大豆一号,农产品,DCE,A0
2023-04-20,5066.0,5077.0,4948.0,4957.0,170943,153252,5006.0,黄大豆一号,农产品,DCE,A0
2023-04-21,4957.0,4960.0,4853.0,4870.0,165843,162027,4895.0,黄大豆一号,农产品,DCE,A0
2023-04-24,4880.0,4958.0,4870.0,4952.0,179262,147557,4928.0,黄大豆一号,农产品,DCE,A0
2023-04-25,4935.0,4945.0,4885.0,4931.0,123632,142799,4918.0,黄大豆一号,农产品,DCE,A0
2023-04-26,4933.0,4933.0,4865.0,4891.0,118693,148466,4895.0,黄大豆一号,农产品,DCE,A0
2023-04-27,4895.0,4921.0,4841.0,4849.0,128504,151774,4878.0,黄大豆一号,农产品,DCE,A0
2023-04-28,4849.0,4874.0,4774.0,4837.0,193355,148643,4822.0,黄大豆一号,农产品,DCE,A0
2023-05-04,4815.0,4843.0,4760.0,4803.0,130356,154332,4796.0,黄大豆一号,农产品,DCE,A0
2023-05-05,4809.0,4898.0,4765.0,4894.0,224027,157683,4840.0,黄大豆一号,农产品,DCE,A0
2023-05-08,4856.0,5108.0,4856.0,5108.0,290850,163524,5010.0,黄大豆一号,农产品,DCE,A0
2023-05-09,5109.0,5149.0,5032.0,5075.0,237043,165057,5078.0,黄大豆一号,农产品,DCE,A0
2023-05-10,5051.0,5056.0,4925.0,4942.0,222502,155084,4970.0,黄大豆一号,农产品,DCE,A0
2023-05-11,4970.0,4970.0,4906.0,4957.0,171254,152781,4934.0,黄大豆一号,农产品,DCE,A0
2023-05-12,4947.0,5096.0,4931.0,5089.0,268156,147296,5034.0,黄大豆一号,农产品,DCE,A0
2023-05-15,5072.0,5131.0,5054.0,5084.0,181326,142075,5094.0,黄大豆一号,农产品,DCE,A0
2023-05-16,5114.0,5114.0,5026.0,5091.0,171325,131863,5064.0,黄大豆一号,农产品,DCE,A0
2023-05-17,5098.0,5115.0,5038.0,5102.0,160079,133607,5084.0,黄大豆一号,农产品,DCE,A0
2023-05-18,5081.0,5087.0,5033.0,5063.0,145912,128971,5059.0,黄大豆一号,农产品,DCE,A0
2023-05-19,5078.0,5116.0,5032.0,5050.0,189300,121894,5073.0,黄大豆一号,农产品,DCE,A0
2023-05-22,5051.0,5093.0,5034.0,5064.0,165076,114317,5061.0,黄大豆一号,农产品,DCE,A0
2023-05-23,5067.0,5076.0,5006.0,5069.0,162160,111677,5047.0,黄大豆一号,农产品,DCE,A0
2023-05-24,5069.0,5112.0,5039.0,5094.0,171666,112616,5077.0,黄大豆一号,农产品,DCE,A0
2023-05-25,5075.0,5113.0,5044.0,5049.0,155842,109594,5074.0,黄大豆一号,农产品,DCE,A0
2023-05-26,5060.0,5060.0,4994.0,5039.0,182467,113192,5023.0,黄大豆一号,农产品,DCE,A0
2023-05-29,5039.0,5045.0,4960.0,4988.0,158060,117881,4989.0,黄大豆一号,农产品,DCE,A0
2023-05-30,5000.0,5088.0,4993.0,5064.0,197991,115421,5053.0,黄大豆一号,农产品,DCE,A0
2023-05-31,5042.0,5054.0,4972.0,4982.0,157265,109721,5001.0,黄大豆一号,农产品,DCE,A0
2023-06-01,4990.0,5055.0,4980.0,5040.0,124502,96282,5026.0,黄大豆一号,农产品,DCE,A0
2023-06-02,5021.0,5049.0,4985.0,5037.0,146095,95584,5018.0,黄大豆一号,农产品,DCE,A0
2023-06-05,5045.0,5097.0,5007.0,5024.0,178763,86240,5053.0,黄大豆一号,农产品,DCE,A0
2023-06-06,5007.0,5026.0,4991.0,5007.0,126722,93163,5006.0,黄大豆一号,农产品,DCE,A0
2023-06-07,5030.0,5088.0,5007.0,5066.0,142714,87150,5058.0,黄大豆一号,农产品,DCE,A0
2023-06-08,5047.0,5061.0,5018.0,5028.0,117939,85736,5035.0,黄大豆一号,农产品,DCE,A0
2023-06-09,5050.0,5063.0,5030.0,5044.0,85118,75470,5048.0,黄大豆一号,农产品,DCE,A0
2023-06-12,5043.0,5069.0,5005.0,5017.0,118285,75332,5033.0,黄大豆一号,农产品,DCE,A0
2023-06-13,5032.0,5040.0,5007.0,5032.0,79623,69580,5024.0,黄大豆一号,农产品,DCE,A0
2023-06-14,5026.0,5056.0,5006.0,5027.0,86990,62609,5028.0,黄大豆一号,农产品,DCE,A0
2023-06-15,4816.0,4866.0,4765.0,4849.0,205659,133361,4811.0,黄大豆一号,农产品,DCE,A0
2023-06-16,4828.0,4985.0,4814.0,4961.0,253993,144269,4912.0,黄大豆一号,农产品,DCE,A0
2023-06-19,4951.0,5036.0,4951.0,5000.0,220947,141756,4994.0,黄大豆一号,农产品,DCE,A0
2023-06-20,5000.0,5046.0,4958.0,5036.0,190748,144256,5003.0,黄大豆一号,农产品,DCE,A0
2023-06-21,5030.0,5097.0,5025.0,5084.0,229244,148796,5069.0,黄大豆一号,农产品,DCE,A0
2023-06-26,5031.0,5098.0,5020.0,5089.0,142115,151137,5068.0,黄大豆一号,农产品,DCE,A0
2023-06-27,5089.0,5138.0,5058.0,5077.0,195734,151556,5089.0,黄大豆一号,农产品,DCE,A0
2023-06-28,5057.0,5126.0,5044.0,5120.0,187252,152978,5083.0,黄大豆一号,农产品,DCE,A0
2023-06-29,5113.0,5174.0,5102.0,5152.0,203384,160938,5145.0,黄大豆一号,农产品,DCE,A0
2023-06-30,5152.0,5170.0,5118.0,5158.0,167575,157158,5147.0,黄大豆一号,农产品,DCE,A0
2023-07-03,5177.0,5336.0,5164.0,5220.0,331511,145509,5250.0,黄大豆一号,农产品,DCE,A0
2023-07-04,5215.0,5265.0,5156.0,5240.0,265988,135321,5205.0,黄大豆一号,农产品,DCE,A0
2023-07-05,5265.0,5291.0,5243.0,5280.0,159883,138529,5269.0,黄大豆一号,农产品,DCE,A0
2023-07-06,5296.0,5298.0,5178.0,5219.0,207775,131523,5219.0,黄大豆一号,农产品,DCE,A0
2023-07-07,5203.0,5228.0,5184.0,5199.0,136962,134626,5205.0,黄大豆一号,农产品,DCE,A0
2023-07-10,5198.0,5198.0,5146.0,5161.0,172742,136593,5171.0,黄大豆一号,农产品,DCE,A0
2023-07-11,5175.0,5193.0,5137.0,5152.0,157712,134836,5161.0,黄大豆一号,农产品,DCE,A0
2023-07-12,5161.0,5182.0,5130.0,5156.0,151706,138755,5154.0,黄大豆一号,农产品,DCE,A0
2023-07-13,5156.0,5171.0,5083.0,5128.0,172727,136041,5128.0,黄大豆一号,农产品,DCE,A0
2023-07-14,5152.0,5180.0,5118.0,5119.0,164046,135191,5152.0,黄大豆一号,农产品,DCE,A0
2023-07-17,5124.0,5169.0,5113.0,5113.0,167584,134170,5134.0,黄大豆一号,农产品,DCE,A0
2023-07-18,5113.0,5144.0,5094.0,5098.0,165283,136471,5115.0,黄大豆一号,农产品,DCE,A0
2023-07-19,5115.0,5164.0,5100.0,5103.0,184421,139892,5125.0,黄大豆一号,农产品,DCE,A0
2023-07-20,5108.0,5133.0,5075.0,5087.0,213031,141838,5100.0,黄大豆一号,农产品,DCE,A0
2023-07-21,5096.0,5110.0,5055.0,5060.0,162015,141904,5078.0,黄大豆一号,农产品,DCE,A0
2023-07-24,5051.0,5067.0,4970.0,4972.0,188550,154055,5008.0,黄大豆一号,农产品,DCE,A0
2023-07-25,4972.0,4982.0,4950.0,4961.0,218470,159197,4968.0,黄大豆一号,农产品,DCE,A0
2023-07-26,4959.0,4995.0,4953.0,4990.0,164851,148415,4976.0,黄大豆一号,农产品,DCE,A0
2023-07-27,4980.0,5022.0,4972.0,4982.0,188678,143839,4995.0,黄大豆一号,农产品,DCE,A0
2023-07-28,4990.0,4998.0,4963.0,4967.0,135757,142792,4980.0,黄大豆一号,农产品,DCE,A0
2023-07-31,4976.0,4978.0,4913.0,4969.0,165550,132511,4943.0,黄大豆一号,农产品,DCE,A0
2023-08-01,4969.0,4984.0,4938.0,4966.0,119321,131748,4962.0,黄大豆一号,农产品,DCE,A0
2023-08-02,4952.0,4980.0,4928.0,4929.0,120249,140117,4954.0,黄大豆一号,农产品,DCE,A0
2023-08-03,4920.0,4944.0,4885.0,4940.0,181782,138257,4913.0,黄大豆一号,农产品,DCE,A0
2023-08-04,4952.0,5008.0,4939.0,4978.0,215636,132475,4976.0,黄大豆一号,农产品,DCE,A0
2023-08-07,4978.0,5020.0,4932.0,4996.0,209008,132399,4973.0,黄大豆一号,农产品,DCE,A0
2023-08-08,4996.0,5001.0,4960.0,4987.0,135763,133456,4980.0,黄大豆一号,农产品,DCE,A0
2023-08-09,4987.0,5120.0,4981.0,5109.0,250627,125581,5058.0,黄大豆一号,农产品,DCE,A0
2023-08-10,5109.0,5124.0,5064.0,5075.0,142458,110739,5091.0,黄大豆一号,农产品,DCE,A0
2023-08-11,5075.0,5123.0,5021.0,5033.0,156121,100982,5076.0,黄大豆一号,农产品,DCE,A0
2023-08-14,5042.0,5093.0,5042.0,5057.0,135832,93691,5064.0,黄大豆一号,农产品,DCE,A0
2023-08-15,5035.0,5070.0,4998.0,5065.0,141168,85304,5035.0,黄大豆一号,农产品,DCE,A0
2023-08-16,5085.0,5095.0,5043.0,5084.0,116199,72941,5071.0,黄大豆一号,农产品,DCE,A0
2023-08-17,5088.0,5216.0,5077.0,5201.0,109609,63749,5137.0,黄大豆一号,农产品,DCE,A0
2023-08-18,5181.0,5249.0,5171.0,5238.0,200081,131457,5222.0,黄大豆一号,农产品,DCE,A0
2023-08-21,5238.0,5243.0,5178.0,5238.0,181408,129003,5214.0,黄大豆一号,农产品,DCE,A0
2023-08-22,5259.0,5270.0,5138.0,5154.0,203634,134542,5207.0,黄大豆一号,农产品,DCE,A0
2023-08-23,5169.0,5211.0,5148.0,5192.0,125239,136632,5177.0,黄大豆一号,农产品,DCE,A0
2023-08-24,5192.0,5230.0,5180.0,5201.0,124482,142547,5204.0,黄大豆一号,农产品,DCE,A0
2023-08-25,5201.0,5294.0,5186.0,5274.0,181195,152838,5244.0,黄大豆一号,农产品,DCE,A0
2023-08-28,5258.0,5300.0,5235.0,5254.0,170641,142904,5265.0,黄大豆一号,农产品,DCE,A0
2023-08-29,5261.0,5314.0,5227.0,5236.0,150588,143179,5274.0,黄大豆一号,农产品,DCE,A0
2023-08-30,5230.0,5278.0,5211.0,5267.0,121534,145231,5250.0,黄大豆一号,农产品,DCE,A0
2023-08-31,5275.0,5301.0,5251.0,5287.0,116072,146873,5279.0,黄大豆一号,农产品,DCE,A0
2023-09-01,5293.0,5321.0,5245.0,5292.0,141943,142882,5284.0,黄大豆一号,农产品,DCE,A0
2023-09-04,5292.0,5344.0,5222.0,5230.0,150047,134430,5274.0,黄大豆一号,农产品,DCE,A0
2023-09-05,5251.0,5264.0,5191.0,5247.0,118315,130062,5225.0,黄大豆一号,农产品,DCE,A0
2023-09-06,5247.0,5319.0,5243.0,5273.0,124835,131724,5290.0,黄大豆一号,农产品,DCE,A0
2023-09-07,5246.0,5270.0,5203.0,5219.0,110083,125841,5235.0,黄大豆一号,农产品,DCE,A0
2023-09-08,5228.0,5228.0,5144.0,5154.0,104542,119936,5182.0,黄大豆一号,农产品,DCE,A0
2023-09-11,5170.0,5185.0,5129.0,5157.0,98346,121816,5152.0,黄大豆一号,农产品,DCE,A0
2023-09-12,5157.0,5205.0,5145.0,5178.0,106362,117458,5173.0,黄大豆一号,农产品,DCE,A0
2023-09-13,5164.0,5208.0,5125.0,5131.0,126180,121049,5165.0,黄大豆一号,农产品,DCE,A0
2023-09-14,5126.0,5138.0,5083.0,5103.0,113066,118725,5102.0,黄大豆一号,农产品,DCE,A0
2023-09-15,5103.0,5165.0,5097.0,5100.0,103216,117186,5125.0,黄大豆一号,农产品,DCE,A0
2023-09-18,5087.0,5111.0,5057.0,5105.0,114787,120563,5084.0,黄大豆一号,农产品,DCE,A0
2023-09-19,5099.0,5134.0,5073.0,5075.0,100072,118914,5106.0,黄大豆一号,农产品,DCE,A0
2023-09-20,5075.0,5142.0,5063.0,5133.0,105715,115800,5104.0,黄大豆一号,农产品,DCE,A0
2023-09-21,5127.0,5155.0,5081.0,5113.0,122792,115114,5119.0,黄大豆一号,农产品,DCE,A0
2023-09-22,5113.0,5129.0,5040.0,5087.0,144994,121025,5080.0,黄大豆一号,农产品,DCE,A0
2023-09-25,5092.0,5098.0,5030.0,5050.0,100663,124326,5063.0,黄大豆一号,农产品,DCE,A0
2023-09-26,5050.0,5072.0,5006.0,5063.0,114201,114983,5043.0,黄大豆一号,农产品,DCE,A0
2023-09-27,5063.0,5118.0,5059.0,5089.0,102881,108284,5082.0,黄大豆一号,农产品,DCE,A0
2023-09-28,5073.0,5104.0,5066.0,5097.0,88318,99431,5084.0,黄大豆一号,农产品,DCE,A0
2023-10-09,5060.0,5102.0,5023.0,5078.0,115731,95346,5062.0,黄大豆一号,农产品,DCE,A0
2023-10-10,5079.0,5178.0,5060.0,5066.0,196882,86996,5123.0,黄大豆一号,农产品,DCE,A0
2023-10-11,5083.0,5121.0,5054.0,5080.0,128159,82490,5087.0,黄大豆一号,农产品,DCE,A0
2023-10-12,5077.0,5080.0,5017.0,5048.0,134088,87437,5041.0,黄大豆一号,农产品,DCE,A0
2023-10-13,5064.0,5084.0,5023.0,5053.0,108194,79983,5050.0,黄大豆一号,农产品,DCE,A0
2023-10-16,5053.0,5062.0,5009.0,5033.0,90254,78179,5034.0,黄大豆一号,农产品,DCE,A0
2023-10-17,5033.0,5055.0,4935.0,4938.0,139276,72586,4995.0,黄大豆一号,农产品,DCE,A0
2023-10-18,4938.0,4957.0,4894.0,4945.0,96044,63114,4932.0,黄大豆一号,农产品,DCE,A0
2023-10-19,4882.0,4921.0,4869.0,4902.0,123010,149777,4900.0,黄大豆一号,农产品,DCE,A0
2023-10-20,4902.0,4941.0,4900.0,4908.0,100769,152644,4920.0,黄大豆一号,农产品,DCE,A0
2023-10-23,4908.0,4931.0,4873.0,4886.0,113477,156806,4899.0,黄大豆一号,农产品,DCE,A0
2023-10-24,4885.0,4886.0,4832.0,4853.0,120771,173888,4854.0,黄大豆一号,农产品,DCE,A0
2023-10-25,4854.0,4871.0,4834.0,4848.0,101780,190019,4849.0,黄大豆一号,农产品,DCE,A0
2023-10-26,4848.0,4918.0,4823.0,4914.0,140970,183099,4874.0,黄大豆一号,农产品,DCE,A0
2023-10-27,4914.0,4932.0,4893.0,4927.0,99494,175544,4913.0,黄大豆一号,农产品,DCE,A0
2023-10-30,4927.0,4947.0,4878.0,4891.0,121267,181683,4910.0,黄大豆一号,农产品,DCE,A0
2023-10-31,4888.0,4897.0,4852.0,4856.0,89278,190154,4869.0,黄大豆一号,农产品,DCE,A0
2023-11-01,4856.0,4898.0,4856.0,4861.0,92969,192089,4878.0,黄大豆一号,农产品,DCE,A0
2023-11-02,4851.0,4893.0,4828.0,4892.0,107637,191803,4859.0,黄大豆一号,农产品,DCE,A0
2023-11-03,4892.0,4930.0,4889.0,4922.0,92669,180129,4912.0,黄大豆一号,农产品,DCE,A0
2023-11-06,4929.0,4955.0,4899.0,4942.0,111185,174899,4932.0,黄大豆一号,农产品,DCE,A0
2023-11-07,4950.0,4952.0,4913.0,4935.0,87029,174651,4933.0,黄大豆一号,农产品,DCE,A0
2023-11-08,4935.0,4971.0,4925.0,4957.0,124363,166288,4951.0,黄大豆一号,农产品,DCE,A0
2023-11-09,4965.0,4981.0,4948.0,4973.0,88685,161572,4964.0,黄大豆一号,农产品,DCE,A0
2023-11-10,4982.0,4983.0,4918.0,4921.0,104238,159715,4942.0,黄大豆一号,农产品,DCE,A0
2023-11-13,4921.0,4941.0,4882.0,4920.0,91772,166301,4913.0,黄大豆一号,农产品,DCE,A0
2023-11-14,4904.0,4956.0,4903.0,4952.0,78545,161557,4937.0,黄大豆一号,农产品,DCE,A0
2023-11-15,4952.0,5010.0,4950.0,5007.0,127084,149614,4981.0,黄大豆一号,农产品,DCE,A0
2023-11-16,5017.0,5042.0,4986.0,5041.0,98982,145964,5009.0,黄大豆一号,农产品,DCE,A0
2023-11-17,5042.0,5074.0,5024.0,5067.0,113367,142631,5048.0,黄大豆一号,农产品,DCE,A0
2023-11-20,5060.0,5085.0,5044.0,5080.0,87675,143205,5065.0,黄大豆一号,农产品,DCE,A0
2023-11-21,5080.0,5089.0,5056.0,5069.0,79761,141039,5072.0,黄大豆一号,农产品,DCE,A0
2023-11-22,5052.0,5078.0,5035.0,5068.0,99399,136825,5056.0,黄大豆一号,农产品,DCE,A0
2023-11-23,5056.0,5068.0,5031.0,5066.0,85494,134789,5049.0,黄大豆一号,农产品,DCE,A0
2023-11-24,5066.0,5074.0,5040.0,5072.0,72839,135925,5058.0,黄大豆一号,农产品,DCE,A0
2023-11-27,5068.0,5108.0,5034.0,5051.0,136730,128918,5068.0,黄大豆一号,农产品,DCE,A0
2023-11-28,5039.0,5056.0,5020.0,5042.0,81833,126896,5036.0,黄大豆一号,农产品,DCE,A0
2023-11-29,5061.0,5070.0,5035.0,5064.0,81475,127402,5053.0,黄大豆一号,农产品,DCE,A0
2023-11-30,5064.0,5076.0,5035.0,5037.0,110378,124514,5055.0,黄大豆一号,农产品,DCE,A0
2023-12-01,5034.0,5042.0,4979.0,4997.0,125677,123346,5011.0,黄大豆一号,农产品,DCE,A0
2023-12-04,5014.0,5024.0,4954.0,4958.0,90999,122764,4988.0,黄大豆一号,农产品,DCE,A0
2023-12-05,4957.0,4987.0,4934.0,4940.0,75662,124151,4960.0,黄大豆一号,农产品,DCE,A0
2023-12-06,4926.0,4935.0,4875.0,4890.0,112247,137827,4902.0,黄大豆一号,农产品,DCE,A0
2023-12-07,4902.0,4913.0,4869.0,4903.0,103263,143732,4894.0,黄大豆一号,农产品,DCE,A0
2023-12-08,4903.0,4919.0,4887.0,4917.0,70336,137945,4902.0,黄大豆一号,农产品,DCE,A0
2023-12-11,4920.0,4951.0,4911.0,4920.0,83970,125475,4929.0,黄大豆一号,农产品,DCE,A0
2023-12-12,4929.0,4974.0,4919.0,4960.0,90162,102987,4952.0,黄大豆一号,农产品,DCE,A0
2023-12-13,4954.0,4955.0,4859.0,4872.0,93828,90564,4907.0,黄大豆一号,农产品,DCE,A0
2023-12-14,4872.0,4878.0,4840.0,4858.0,81656,71420,4857.0,黄大豆一号,农产品,DCE,A0
2023-12-15,4815.0,4866.0,4812.0,4855.0,104566,156124,4847.0,黄大豆一号,农产品,DCE,A0
2023-12-18,4865.0,4866.0,4817.0,4820.0,95312,174697,4840.0,黄大豆一号,农产品,DCE,A0
2023-12-19,4805.0,4829.0,4800.0,4819.0,104796,189838,4815.0,黄大豆一号,农产品,DCE,A0
2023-12-20,4819.0,4851.0,4808.0,4838.0,103357,194789,4832.0,黄大豆一号,农产品,DCE,A0
2023-12-21,4838.0,4885.0,4832.0,4881.0,118186,191448,4860.0,黄大豆一号,农产品,DCE,A0
2023-12-22,4889.0,4895.0,4855.0,4883.0,103913,187717,4878.0,黄大豆一号,农产品,DCE,A0
2023-12-25,4883.0,4908.0,4883.0,4906.0,92708,184188,4894.0,黄大豆一号,农产品,DCE,A0
2023-12-26,4900.0,4928.0,4875.0,4921.0,94719,181896,4904.0,黄大豆一号,农产品,DCE,A0
2023-12-27,4921.0,4974.0,4915.0,4968.0,107810,179298,4945.0,黄大豆一号,农产品,DCE,A0
2023-12-28,4968.0,4999.0,4963.0,4992.0,102805,173421,4983.0,黄大豆一号,农产品,DCE,A0
2023-12-29,5000.0,5009.0,4979.0,4986.0,116106,162560,4995.0,黄大豆一号,农产品,DCE,A0
2024-01-02,4985.0,4991.0,4921.0,4930.0,81841,154608,4951.0,黄大豆一号,农产品,DCE,A0
2024-01-03,4930.0,4931.0,4845.0,4856.0,137496,147040,4878.0,黄大豆一号,农产品,DCE,A0
2024-01-04,4858.0,4891.0,4841.0,4843.0,98820,144224,4868.0,黄大豆一号,农产品,DCE,A0
2024-01-05,4843.0,4854.0,4825.0,4828.0,65024,149979,4838.0,黄大豆一号,农产品,DCE,A0
2024-01-08,4815.0,4830.0,4783.0,4817.0,91346,161326,4807.0,黄大豆一号,农产品,DCE,A0
2024-01-09,4821.0,4823.0,4788.0,4803.0,76928,162282,4809.0,黄大豆一号,农产品,DCE,A0
2024-01-10,4796.0,4815.0,4778.0,4802.0,69634,166714,4796.0,黄大豆一号,农产品,DCE,A0
2024-01-11,4790.0,4813.0,4767.0,4806.0,72877,168651,4788.0,黄大豆一号,农产品,DCE,A0
2024-01-12,4805.0,4806.0,4768.0,4776.0,57151,173122,4783.0,黄大豆一号,农产品,DCE,A0
2024-01-15,4788.0,4796.0,4748.0,4785.0,71807,173920,4776.0,黄大豆一号,农产品,DCE,A0
2024-01-16,4795.0,4835.0,4772.0,4817.0,76240,168590,4802.0,黄大豆一号,农产品,DCE,A0
2024-01-17,4817.0,4843.0,4793.0,4801.0,69764,167097,4820.0,黄大豆一号,农产品,DCE,A0
2024-01-18,4796.0,4803.0,4757.0,4774.0,77274,173065,4775.0,黄大豆一号,农产品,DCE,A0
2024-01-19,4782.0,4798.0,4764.0,4780.0,53482,170128,4781.0,黄大豆一号,农产品,DCE,A0
2024-01-22,4785.0,4788.0,4761.0,4769.0,61366,174867,4773.0,黄大豆一号,农产品,DCE,A0
2024-01-23,4769.0,4801.0,4752.0,4791.0,64650,172050,4776.0,黄大豆一号,农产品,DCE,A0
2024-01-24,4800.0,4827.0,4783.0,4813.0,76162,166771,4806.0,黄大豆一号,农产品,DCE,A0
2024-01-25,4813.0,4820.0,4773.0,4774.0,60181,167073,4799.0,黄大豆一号,农产品,DCE,A0
2024-01-26,4779.0,4779.0,4672.0,4680.0,170456,184287,4709.0,黄大豆一号,农产品,DCE,A0
2024-01-29,4680.0,4695.0,4639.0,4678.0,110405,187107,4666.0,黄大豆一号,农产品,DCE,A0
2024-01-30,4680.0,4706.0,4674.0,4696.0,77815,181538,4693.0,黄大豆一号,农产品,DCE,A0
2024-01-31,4716.0,4755.0,4710.0,4743.0,110654,162636,4736.0,黄大豆一号,农产品,DCE,A0
2024-02-01,4743.0,4757.0,4726.0,4748.0,74328,155301,4743.0,黄大豆一号,农产品,DCE,A0
2024-02-02,4748.0,4755.0,4716.0,4719.0,63098,150040,4740.0,黄大豆一号,农产品,DCE,A0
2024-02-05,4725.0,4743.0,4702.0,4733.0,61765,143818,4725.0,黄大豆一号,农产品,DCE,A0
2024-02-06,4726.0,4787.0,4724.0,4763.0,109829,121563,4757.0,黄大豆一号,农产品,DCE,A0
2024-02-07,4763.0,4790.0,4751.0,4768.0,64649,111031,4775.0,黄大豆一号,农产品,DCE,A0
2024-02-08,4775.0,4797.0,4764.0,4785.0,62279,96780,4784.0,黄大豆一号,农产品,DCE,A0
2024-02-19,4750.0,4750.0,4657.0,4707.0,86580,97067,4688.0,黄大豆一号,农产品,DCE,A0
2024-02-20,4707.0,4717.0,4695.0,4705.0,48723,96866,4704.0,黄大豆一号,农产品,DCE,A0
2024-02-21,4705.0,4721.0,4691.0,4713.0,44512,92150,4705.0,黄大豆一号,农产品,DCE,A0
2024-02-22,4712.0,4740.0,4687.0,4694.0,63950,81198,4710.0,黄大豆一号,农产品,DCE,A0
2024-02-23,4682.0,4703.0,4647.0,4647.0,67933,58093,4680.0,黄大豆一号,农产品,DCE,A0
2024-02-26,4580.0,4581.0,4546.0,4549.0,104575,163989,4565.0,黄大豆一号,农产品,DCE,A0
2024-02-27,4547.0,4559.0,4538.0,4556.0,85614,172607,4548.0,黄大豆一号,农产品,DCE,A0
2024-02-28,4555.0,4565.0,4490.0,4491.0,127583,202230,4525.0,黄大豆一号,农产品,DCE,A0
2024-02-29,4491.0,4530.0,4483.0,4503.0,135875,196726,4508.0,黄大豆一号,农产品,DCE,A0
2024-03-01,4498.0,4552.0,4469.0,4546.0,119196,183129,4524.0,黄大豆一号,农产品,DCE,A0
2024-03-04,4552.0,4563.0,4530.0,4560.0,93235,177319,4550.0,黄大豆一号,农产品,DCE,A0
2024-03-05,4560.0,4560.0,4540.0,4553.0,60464,172650,4552.0,黄大豆一号,农产品,DCE,A0
2024-03-06,4554.0,4620.0,4554.0,4612.0,123815,161508,4592.0,黄大豆一号,农产品,DCE,A0
2024-03-07,4600.0,4652.0,4600.0,4647.0,79410,150434,4628.0,黄大豆一号,农产品,DCE,A0
2024-03-08,4658.0,4684.0,4649.0,4668.0,89600,140378,4665.0,黄大豆一号,农产品,DCE,A0
2024-03-11,4668.0,4683.0,4651.0,4672.0,79214,137936,4669.0,黄大豆一号,农产品,DCE,A0
2024-03-12,4672.0,4698.0,4670.0,4690.0,62453,135988,4685.0,黄大豆一号,农产品,DCE,A0
2024-03-13,4699.0,4748.0,4685.0,4729.0,105486,139748,4717.0,黄大豆一号,农产品,DCE,A0
2024-03-14,4731.0,4763.0,4726.0,4760.0,82315,137381,4745.0,黄大豆一号,农产品,DCE,A0
2024-03-15,4760.0,4817.0,4751.0,4780.0,118402,132583,4781.0,黄大豆一号,农产品,DCE,A0
2024-03-18,4769.0,4794.0,4757.0,4777.0,87366,122953,4775.0,黄大豆一号,农产品,DCE,A0
2024-03-19,4773.0,4781.0,4732.0,4739.0,98541,115970,4754.0,黄大豆一号,农产品,DCE,A0
2024-03-20,4743.0,4744.0,4703.0,4736.0,107259,111494,4720.0,黄大豆一号,农产品,DCE,A0
2024-03-21,4746.0,4752.0,4719.0,4735.0,93729,109881,4735.0,黄大豆一号,农产品,DCE,A0
2024-03-22,4730.0,4732.0,4681.0,4719.0,93369,101733,4708.0,黄大豆一号,农产品,DCE,A0
2024-03-25,4720.0,4737.0,4688.0,4721.0,83251,95835,4714.0,黄大豆一号,农产品,DCE,A0
2024-03-26,4734.0,4811.0,4725.0,4746.0,178649,106911,4764.0,黄大豆一号,农产品,DCE,A0
2024-03-27,4735.0,4754.0,4717.0,4731.0,99374,97466,4733.0,黄大豆一号,农产品,DCE,A0
2024-03-28,4750.0,4770.0,4733.0,4759.0,99191,101737,4754.0,黄大豆一号,农产品,DCE,A0
2024-03-29,4759.0,4777.0,4737.0,4766.0,74186,102244,4757.0,黄大豆一号,农产品,DCE,A0
2024-04-01,4761.0,4785.0,4735.0,4770.0,94450,96843,4755.0,黄大豆一号,农产品,DCE,A0
2024-04-02,4770.0,4789.0,4744.0,4775.0,68743,98468,4770.0,黄大豆一号,农产品,DCE,A0
2024-04-03,4787.0,4806.0,4768.0,4784.0,71841,97003,4787.0,黄大豆一号,农产品,DCE,A0
2024-04-08,4775.0,4811.0,4770.0,4806.0,77457,98341,4795.0,黄大豆一号,农产品,DCE,A0
2024-04-09,4810.0,4822.0,4787.0,4791.0,65644,96299,4804.0,黄大豆一号,农产品,DCE,A0
2024-04-10,4796.0,4803.0,4776.0,4783.0,54135,90924,4786.0,黄大豆一号,农产品,DCE,A0
2024-04-11,4783.0,4805.0,4770.0,4794.0,50806,88981,4784.0,黄大豆一号,农产品,DCE,A0
2024-04-12,4797.0,4806.0,4747.0,4753.0,74938,80036,4776.0,黄大豆一号,农产品,DCE,A0
2024-04-15,4749.0,4761.0,4707.0,4722.0,90868,70090,4738.0,黄大豆一号,农产品,DCE,A0
2024-04-16,4707.0,4731.0,4696.0,4705.0,58257,64895,4711.0,黄大豆一号,农产品,DCE,A0
2024-04-17,4705.0,4712.0,4642.0,4668.0,73791,59747,4676.0,黄大豆一号,农产品,DCE,A0
2024-04-18,4686.0,4693.0,4640.0,4642.0,51630,57870,4669.0,黄大豆一号,农产品,DCE,A0
2024-04-19,4650.0,4670.0,4636.0,4667.0,50374,46899,4653.0,黄大豆一号,农产品,DCE,A0
2024-04-22,4651.0,4680.0,4642.0,4665.0,57182,22351,4665.0,黄大豆一号,农产品,DCE,A0
2024-04-23,4611.0,4638.0,4602.0,4610.0,72907,92194,4621.0,黄大豆一号,农产品,DCE,A0
2024-04-24,4600.0,4662.0,4590.0,4654.0,87352,99381,4618.0,黄大豆一号,农产品,DCE,A0
2024-04-25,4653.0,4684.0,4622.0,4671.0,103385,92387,4660.0,黄大豆一号,农产品,DCE,A0
2024-04-26,4680.0,4680.0,4633.0,4643.0,63222,93986,4651.0,黄大豆一号,农产品,DCE,A0
2024-04-29,4643.0,4659.0,4621.0,4656.0,64818,93698,4641.0,黄大豆一号,农产品,DCE,A0
2024-04-30,4656.0,4679.0,4642.0,4646.0,70851,88330,4661.0,黄大豆一号,农产品,DCE,A0
2024-05-06,4671.0,4702.0,4655.0,4660.0,67685,94330,4679.0,黄大豆一号,农产品,DCE,A0
2024-05-07,4655.0,4722.0,4651.0,4714.0,106486,102976,4688.0,黄大豆一号,农产品,DCE,A0
2024-05-08,4724.0,4735.0,4674.0,4682.0,93554,100648,4703.0,黄大豆一号,农产品,DCE,A0
2024-05-09,4671.0,4688.0,4657.0,4684.0,74151,99135,4670.0,黄大豆一号,农产品,DCE,A0
2024-05-10,4684.0,4696.0,4591.0,4597.0,140952,111867,4630.0,黄大豆一号,农产品,DCE,A0
2024-05-13,4591.0,4611.0,4581.0,4606.0,89657,123537,4593.0,黄大豆一号,农产品,DCE,A0
2024-05-14,4606.0,4656.0,4598.0,4646.0,105536,113529,4633.0,黄大豆一号,农产品,DCE,A0
2024-05-15,4646.0,4648.0,4607.0,4628.0,88616,110733,4626.0,黄大豆一号,农产品,DCE,A0
2024-05-16,4640.0,4644.0,4618.0,4627.0,53892,113790,4630.0,黄大豆一号,农产品,DCE,A0
2024-05-17,4623.0,4677.0,4623.0,4669.0,97998,107297,4645.0,黄大豆一号,农产品,DCE,A0
2024-05-20,4669.0,4675.0,4651.0,4661.0,73162,109904,4661.0,黄大豆一号,农产品,DCE,A0
2024-05-21,4661.0,4680.0,4647.0,4656.0,72785,108722,4663.0,黄大豆一号,农产品,DCE,A0
2024-05-22,4656.0,4677.0,4641.0,4674.0,72857,108753,4658.0,黄大豆一号,农产品,DCE,A0
2024-05-23,4674.0,4691.0,4664.0,4677.0,91185,106773,4678.0,黄大豆一号,农产品,DCE,A0
2024-05-24,4689.0,4702.0,4672.0,4673.0,74135,104573,4686.0,黄大豆一号,农产品,DCE,A0
2024-05-27,4678.0,4678.0,4643.0,4647.0,82189,101852,4658.0,黄大豆一号,农产品,DCE,A0
2024-05-28,4647.0,4666.0,4637.0,4654.0,96909,103792,4648.0,黄大豆一号,农产品,DCE,A0
2024-05-29,4650.0,4678.0,4642.0,4670.0,100840,94604,4657.0,黄大豆一号,农产品,DCE,A0
2024-05-30,4670.0,4692.0,4652.0,4653.0,92996,90116,4672.0,黄大豆一号,农产品,DCE,A0
2024-05-31,4656.0,4665.0,4644.0,4652.0,55179,86349,4655.0,黄大豆一号,农产品,DCE,A0
2024-06-03,4652.0,4668.0,4641.0,4649.0,85398,81511,4656.0,黄大豆一号,农产品,DCE,A0
2024-06-04,4649.0,4681.0,4635.0,4675.0,124417,87394,4657.0,黄大豆一号,农产品,DCE,A0
2024-06-05,4675.0,4689.0,4641.0,4648.0,136640,93539,4669.0,黄大豆一号,农产品,DCE,A0
2024-06-06,4639.0,4651.0,4624.0,4644.0,109060,90046,4637.0,黄大豆一号,农产品,DCE,A0
2024-06-07,4644.0,4660.0,4637.0,4653.0,69997,80251,4651.0,黄大豆一号,农产品,DCE,A0
2024-06-11,4658.0,4660.0,4641.0,4645.0,41702,78130,4647.0,黄大豆一号,农产品,DCE,A0
2024-06-12,4647.0,4662.0,4637.0,4647.0,62289,70893,4649.0,黄大豆一号,农产品,DCE,A0
2024-06-13,4645.0,4653.0,4621.0,4625.0,85630,68445,4640.0,黄大豆一号,农产品,DCE,A0
2024-06-14,4625.0,4644.0,4623.0,4639.0,51662,55808,4633.0,黄大豆一号,农产品,DCE,A0
2024-06-17,4638.0,4641.0,4614.0,4623.0,47743,44896,4628.0,黄大豆一号,农产品,DCE,A0
2024-06-18,4515.0,4522.0,4503.0,4506.0,64937,153333,4509.0,黄大豆一号,农产品,DCE,A0
2024-06-19,4513.0,4529.0,4505.0,4513.0,53555,159585,4516.0,黄大豆一号,农产品,DCE,A0
2024-06-20,4509.0,4532.0,4508.0,4530.0,54508,156451,4523.0,黄大豆一号,农产品,DCE,A0
2024-06-21,4529.0,4580.0,4526.0,4579.0,99922,144922,4552.0,黄大豆一号,农产品,DCE,A0
2024-06-24,4584.0,4645.0,4581.0,4637.0,169395,137674,4616.0,黄大豆一号,农产品,DCE,A0
2024-06-25,4637.0,4659.0,4613.0,4630.0,141702,142987,4639.0,黄大豆一号,农产品,DCE,A0
2024-06-26,4630.0,4644.0,4619.0,4643.0,77052,137422,4630.0,黄大豆一号,农产品,DCE,A0
2024-06-27,4645.0,4666.0,4637.0,4659.0,84722,141316,4651.0,黄大豆一号,农产品,DCE,A0
2024-06-28,4666.0,4695.0,4657.0,4692.0,104836,153823,4677.0,黄大豆一号,农产品,DCE,A0
2024-07-01,4692.0,4701.0,4666.0,4679.0,94188,152901,4681.0,黄大豆一号,农产品,DCE,A0
2024-07-02,4680.0,4694.0,4658.0,4689.0,76817,153880,4677.0,黄大豆一号,农产品,DCE,A0
2024-07-03,4697.0,4705.0,4683.0,4693.0,47833,156565,4692.0,黄大豆一号,农产品,DCE,A0
2024-07-04,4694.0,4715.0,4690.0,4708.0,75135,157225,4704.0,黄大豆一号,农产品,DCE,A0
2024-07-05,4708.0,4730.0,4701.0,4729.0,76317,168523,4716.0,黄大豆一号,农产品,DCE,A0
2024-07-08,4729.0,4734.0,4671.0,4676.0,122478,159269,4700.0,黄大豆一号,农产品,DCE,A0
2024-07-09,4676.0,4685.0,4653.0,4656.0,95605,150969,4667.0,黄大豆一号,农产品,DCE,A0
2024-07-10,4658.0,4662.0,4613.0,4633.0,109202,131776,4632.0,黄大豆一号,农产品,DCE,A0
2024-07-11,4635.0,4641.0,4606.0,4628.0,84481,121593,4622.0,黄大豆一号,农产品,DCE,A0
2024-07-12,4628.0,4637.0,4605.0,4613.0,85694,112427,4620.0,黄大豆一号,农产品,DCE,A0
2024-07-15,4607.0,4609.0,4536.0,4548.0,136656,111901,4568.0,黄大豆一号,农产品,DCE,A0
2024-07-16,4533.0,4562.0,4515.0,4517.0,98652,108946,4542.0,黄大豆一号,农产品,DCE,A0
2024-07-17,4526.0,4551.0,4518.0,4521.0,83631,111980,4532.0,黄大豆一号,农产品,DCE,A0
2024-07-18,4521.0,4528.0,4507.0,4516.0,61036,113821,4518.0,黄大豆一号,农产品,DCE,A0
2024-07-19,4509.0,4524.0,4494.0,4510.0,74349,124133,4512.0,黄大豆一号,农产品,DCE,A0
2024-07-22,4510.0,4529.0,4504.0,4524.0,77565,126889,4516.0,黄大豆一号,农产品,DCE,A0
2024-07-23,4525.0,4553.0,4522.0,4538.0,92135,120505,4541.0,黄大豆一号,农产品,DCE,A0
2024-07-24,4544.0,4569.0,4534.0,4536.0,81255,115069,4551.0,黄大豆一号,农产品,DCE,A0
2024-07-25,4536.0,4537.0,4510.0,4525.0,73895,116951,4520.0,黄大豆一号,农产品,DCE,A0
2024-07-26,4531.0,4560.0,4530.0,4541.0,86668,107692,4543.0,黄大豆一号,农产品,DCE,A0
2024-07-29,4536.0,4554.0,4502.0,4547.0,111757,105365,4526.0,黄大豆一号,农产品,DCE,A0
2024-07-30,4540.0,4558.0,4533.0,4548.0,65057,105090,4546.0,黄大豆一号,农产品,DCE,A0
2024-07-31,4544.0,4563.0,4533.0,4549.0,66364,104338,4543.0,黄大豆一号,农产品,DCE,A0
2024-08-01,4549.0,4581.0,4530.0,4576.0,120316,102030,4554.0,黄大豆一号,农产品,DCE,A0
2024-08-02,4580.0,4634.0,4573.0,4614.0,144204,104363,4606.0,黄大豆一号,农产品,DCE,A0
2024-08-05,4617.0,4628.0,4582.0,4590.0,104612,100831,4606.0,黄大豆一号,农产品,DCE,A0
2024-08-06,4584.0,4602.0,4560.0,4586.0,92163,90101,4582.0,黄大豆一号,农产品,DCE,A0
2024-08-07,4586.0,4601.0,4569.0,4582.0,75003,85662,4583.0,黄大豆一号,农产品,DCE,A0
2024-08-08,4572.0,4593.0,4569.0,4585.0,51666,79301,4584.0,黄大豆一号,农产品,DCE,A0
2024-08-09,4584.0,4598.0,4553.0,4575.0,87879,73742,4578.0,黄大豆一号,农产品,DCE,A0
2024-08-12,4575.0,4578.0,4553.0,4559.0,55909,67254,4565.0,黄大豆一号,农产品,DCE,A0
2024-08-13,4559.0,4565.0,4536.0,4540.0,61125,62705,4550.0,黄大豆一号,农产品,DCE,A0
2024-08-14,4538.0,4551.0,4500.0,4513.0,69587,54827,4520.0,黄大豆一号,农产品,DCE,A0
2024-08-15,4520.0,4536.0,4482.0,4487.0,46333,49281,4506.0,黄大豆一号,农产品,DCE,A0
2024-08-16,4258.0,4282.0,4246.0,4256.0,79757,128884,4262.0,黄大豆一号,农产品,DCE,A0
2024-08-19,4256.0,4268.0,4248.0,4252.0,51698,138982,4256.0,黄大豆一号,农产品,DCE,A0
2024-08-20,4252.0,4253.0,4211.0,4215.0,96963,157895,4229.0,黄大豆一号,农产品,DCE,A0
2024-08-21,4214.0,4237.0,4207.0,4233.0,72229,158405,4222.0,黄大豆一号,农产品,DCE,A0
2024-08-22,4230.0,4238.0,4215.0,4216.0,62509,162890,4225.0,黄大豆一号,农产品,DCE,A0
2024-08-23,4216.0,4230.0,4209.0,4213.0,54610,166861,4219.0,黄大豆一号,农产品,DCE,A0
2024-08-26,4215.0,4261.0,4194.0,4260.0,111361,160189,4225.0,黄大豆一号,农产品,DCE,A0
2024-08-27,4255.0,4314.0,4253.0,4300.0,108876,148134,4282.0,黄大豆一号,农产品,DCE,A0
2024-08-28,4300.0,4328.0,4284.0,4296.0,109371,142276,4308.0,黄大豆一号,农产品,DCE,A0
2024-08-29,4290.0,4307.0,4280.0,4295.0,63539,134422,4293.0,黄大豆一号,农产品,DCE,A0
2024-08-30,4304.0,4307.0,4285.0,4292.0,55054,132570,4294.0,黄大豆一号,农产品,DCE,A0
2024-09-02,4292.0,4297.0,4251.0,4257.0,72823,128239,4267.0,黄大豆一号,农产品,DCE,A0
2024-09-03,4263.0,4296.0,4254.0,4293.0,86832,126685,4274.0,黄大豆一号,农产品,DCE,A0
2024-09-04,4294.0,4326.0,4282.0,4302.0,106068,124091,4303.0,黄大豆一号,农产品,DCE,A0
2024-09-05,4302.0,4347.0,4302.0,4341.0,107441,132642,4326.0,黄大豆一号,农产品,DCE,A0
2024-09-06,4332.0,4349.0,4325.0,4336.0,79641,135891,4337.0,黄大豆一号,农产品,DCE,A0
2024-09-09,4340.0,4346.0,4269.0,4293.0,114960,128037,4301.0,黄大豆一号,农产品,DCE,A0
2024-09-10,4298.0,4311.0,4275.0,4307.0,73810,129223,4294.0,黄大豆一号,农产品,DCE,A0
2024-09-11,4307.0,4307.0,4273.0,4302.0,84299,129793,4289.0,黄大豆一号,农产品,DCE,A0
2024-09-12,4308.0,4318.0,4290.0,4308.0,75952,131298,4304.0,黄大豆一号,农产品,DCE,A0
2024-09-13,4304.0,4320.0,4290.0,4313.0,92560,129777,4305.0,黄大豆一号,农产品,DCE,A0
2024-09-18,4300.0,4300.0,4187.0,4190.0,143713,147596,4235.0,黄大豆一号,农产品,DCE,A0
2024-09-19,4188.0,4197.0,4163.0,4170.0,120941,164248,4178.0,黄大豆一号,农产品,DCE,A0
2024-09-20,4170.0,4172.0,4145.0,4154.0,92384,169662,4159.0,黄大豆一号,农产品,DCE,A0
2024-09-23,4150.0,4150.0,4113.0,4134.0,99473,167536,4131.0,黄大豆一号,农产品,DCE,A0
2024-09-24,4137.0,4160.0,4128.0,4155.0,81994,171541,4143.0,黄大豆一号,农产品,DCE,A0
2024-09-25,4163.0,4173.0,4136.0,4139.0,105032,168078,0.0,黄大豆一号,农产品,DCE,A0
2024-09-26,4137.0,4192.0,4131.0,4191.0,112840,164878,4154.0,黄大豆一号,农产品,DCE,A0
2024-09-27,4199.0,4233.0,4188.0,4195.0,141517,143939,4208.0,黄大豆一号,农产品,DCE,A0
2024-09-30,4167.0,4237.0,4163.0,4220.0,132345,151513,4200.0,黄大豆一号,农产品,DCE,A0
2024-10-08,4100.0,4100.0,3948.0,4016.0,149137,165325,4051.0,黄大豆一号,农产品,DCE,A0
2024-10-09,4012.0,4022.0,4000.0,4002.0,107030,170261,4011.0,黄大豆一号,农产品,DCE,A0
2024-10-10,4000.0,4005.0,3976.0,3979.0,104104,174813,3988.0,黄大豆一号,农产品,DCE,A0
2024-10-11,3979.0,3996.0,3973.0,3977.0,79332,177142,3984.0,黄大豆一号,农产品,DCE,A0
2024-10-14,3977.0,4006.0,3961.0,3993.0,120110,183357,3982.0,黄大豆一号,农产品,DCE,A0
2024-10-15,3992.0,4014.0,3980.0,3983.0,103022,183458,3996.0,黄大豆一号,农产品,DCE,A0
2024-10-16,3983.0,3983.0,3937.0,3969.0,137265,188997,3961.0,黄大豆一号,农产品,DCE,A0
2024-10-17,3976.0,3990.0,3947.0,3950.0,83006,188151,3971.0,黄大豆一号,农产品,DCE,A0
2024-10-18,3962.0,3985.0,3941.0,3975.0,94623,190942,3966.0,黄大豆一号,农产品,DCE,A0
2024-10-21,3978.0,3992.0,3956.0,3962.0,85041,184900,3973.0,黄大豆一号,农产品,DCE,A0
2024-10-22,3961.0,3981.0,3956.0,3971.0,75010,183298,3969.0,黄大豆一号,农产品,DCE,A0
2024-10-23,3969.0,4002.0,3969.0,4000.0,117182,191897,3989.0,黄大豆一号,农产品,DCE,A0
2024-10-24,4000.0,4034.0,3995.0,4006.0,131918,195521,4016.0,黄大豆一号,农产品,DCE,A0
2024-10-25,4016.0,4020.0,3920.0,3925.0,164965,205065,3973.0,黄大豆一号,农产品,DCE,A0
2024-10-28,3924.0,3949.0,3911.0,3944.0,137149,202773,3928.0,黄大豆一号,农产品,DCE,A0
2024-10-29,3944.0,3961.0,3928.0,3954.0,101225,209748,3943.0,黄大豆一号,农产品,DCE,A0
2024-10-30,3954.0,3991.0,3946.0,3989.0,96360,208630,3963.0,黄大豆一号,农产品,DCE,A0
2024-10-31,4000.0,4010.0,3981.0,3994.0,88586,205576,3993.0,黄大豆一号,农产品,DCE,A0
2024-11-01,4000.0,4008.0,3986.0,3998.0,66730,206779,3996.0,黄大豆一号,农产品,DCE,A0
2024-11-04,3993.0,4016.0,3978.0,3987.0,94076,207067,3994.0,黄大豆一号,农产品,DCE,A0
2024-11-05,3990.0,4000.0,3979.0,3980.0,64722,203725,3990.0,黄大豆一号,农产品,DCE,A0
2024-11-06,3981.0,4006.0,3976.0,4002.0,100288,212452,3994.0,黄大豆一号,农产品,DCE,A0
2024-11-07,4000.0,4080.0,3999.0,4078.0,196733,234898,4047.0,黄大豆一号,农产品,DCE,A0
2024-11-08,4080.0,4094.0,4018.0,4033.0,192077,224028,4059.0,黄大豆一号,农产品,DCE,A0
2024-11-11,4034.0,4087.0,4022.0,4050.0,115029,221938,4052.0,黄大豆一号,农产品,DCE,A0
2024-11-12,4050.0,4050.0,4007.0,4009.0,119004,206243,4029.0,黄大豆一号,农产品,DCE,A0
2024-11-13,4005.0,4008.0,3959.0,3960.0,161322,194920,3977.0,黄大豆一号,农产品,DCE,A0
2024-11-14,3965.0,3969.0,3946.0,3950.0,78369,194643,3958.0,黄大豆一号,农产品,DCE,A0
2024-11-15,3940.0,3948.0,3854.0,3859.0,190251,197781,3894.0,黄大豆一号,农产品,DCE,A0
2024-11-18,3863.0,3890.0,3848.0,3883.0,109522,194545,3870.0,黄大豆一号,农产品,DCE,A0
2024-11-19,3891.0,3908.0,3877.0,3899.0,69308,190249,3894.0,黄大豆一号,农产品,DCE,A0
2024-11-20,3889.0,3901.0,3883.0,3892.0,55393,187099,3889.0,黄大豆一号,农产品,DCE,A0
2024-11-21,3893.0,3905.0,3877.0,3888.0,73233,188039,3887.0,黄大豆一号,农产品,DCE,A0
2024-11-22,3881.0,3888.0,3870.0,3878.0,68398,189457,3879.0,黄大豆一号,农产品,DCE,A0
2024-11-25,3878.0,3902.0,3865.0,3898.0,86194,178961,3886.0,黄大豆一号,农产品,DCE,A0
2024-11-26,3897.0,3906.0,3887.0,3899.0,72527,173726,3895.0,黄大豆一号,农产品,DCE,A0
2024-11-27,3905.0,3925.0,3885.0,3906.0,95421,162752,3899.0,黄大豆一号,农产品,DCE,A0
2024-11-28,3906.0,3920.0,3902.0,3916.0,60541,159479,3911.0,黄大豆一号,农产品,DCE,A0
2024-11-29,3921.0,3926.0,3895.0,3898.0,67346,159245,3907.0,黄大豆一号,农产品,DCE,A0
2024-12-02,3898.0,3931.0,3880.0,3885.0,136578,152215,3904.0,黄大豆一号,农产品,DCE,A0
2024-12-03,3888.0,3900.0,3869.0,3887.0,87201,154342,3885.0,黄大豆一号,农产品,DCE,A0
2024-12-04,3898.0,3898.0,3824.0,3829.0,103660,163090,3857.0,黄大豆一号,农产品,DCE,A0
2024-12-05,3820.0,3866.0,3817.0,3846.0,106144,152845,3840.0,黄大豆一号,农产品,DCE,A0
2024-12-06,3850.0,3869.0,3842.0,3866.0,68859,142763,3856.0,黄大豆一号,农产品,DCE,A0
2024-12-09,3856.0,3874.0,3852.0,3856.0,54118,137688,3862.0,黄大豆一号,农产品,DCE,A0
2024-12-10,3856.0,3878.0,3848.0,3858.0,73042,130621,3861.0,黄大豆一号,农产品,DCE,A0
2024-12-11,3858.0,3859.0,3838.0,3844.0,55223,128627,3847.0,黄大豆一号,农产品,DCE,A0
2024-12-12,3848.0,3860.0,3833.0,3853.0,73735,119340,3845.0,黄大豆一号,农产品,DCE,A0
2024-12-13,3853.0,3866.0,3827.0,3842.0,86987,107458,3849.0,黄大豆一号,农产品,DCE,A0
2024-12-16,3842.0,3843.0,3795.0,3804.0,118662,109355,3813.0,黄大豆一号,农产品,DCE,A0
2024-12-17,3800.0,3804.0,3766.0,3786.0,101759,100276,3785.0,黄大豆一号,农产品,DCE,A0
2024-12-18,3792.0,3794.0,3736.0,3741.0,79416,94006,3764.0,黄大豆一号,农产品,DCE,A0
2024-12-19,3729.0,3741.0,3711.0,3733.0,91261,71267,3726.0,黄大豆一号,农产品,DCE,A0
2024-12-20,3733.0,3756.0,3728.0,3749.0,47683,59629,3742.0,黄大豆一号,农产品,DCE,A0
2024-12-23,3815.0,3857.0,3806.0,3845.0,132463,174289,3838.0,黄大豆一号,农产品,DCE,A0
2024-12-24,3854.0,3874.0,3837.0,3874.0,101902,181039,3854.0,黄大豆一号,农产品,DCE,A0
2024-12-25,3874.0,3940.0,3874.0,3938.0,200306,188514,3912.0,黄大豆一号,农产品,DCE,A0
2024-12-26,3928.0,3938.0,3915.0,3924.0,119537,192220,3926.0,黄大豆一号,农产品,DCE,A0
2024-12-27,3927.0,3933.0,3905.0,3926.0,120099,191663,3919.0,黄大豆一号,农产品,DCE,A0
2024-12-30,3918.0,3931.0,3892.0,3916.0,104604,186123,3914.0,黄大豆一号,农产品,DCE,A0
2024-12-31,3928.0,3960.0,3926.0,3936.0,106299,186141,3939.0,黄大豆一号,农产品,DCE,A0
2025-01-02,3929.0,3962.0,3920.0,3931.0,86643,183331,3938.0,黄大豆一号,农产品,DCE,A0
2025-01-03,3942.0,3944.0,3909.0,3917.0,104354,180381,3928.0,黄大豆一号,农产品,DCE,A0
2025-01-06,3910.0,3919.0,3873.0,3892.0,152269,176065,3895.0,黄大豆一号,农产品,DCE,A0
2025-01-07,3901.0,3906.0,3829.0,3848.0,153748,179825,3861.0,黄大豆一号,农产品,DCE,A0
2025-01-08,3847.0,3851.0,3825.0,3837.0,89960,176435,3839.0,黄大豆一号,农产品,DCE,A0
2025-01-09,3837.0,3852.0,3829.0,3840.0,85396,181559,3839.0,黄大豆一号,农产品,DCE,A0
2025-01-10,3845.0,3912.0,3838.0,3893.0,183552,178988,3883.0,黄大豆一号,农产品,DCE,A0
2025-01-13,3878.0,3941.0,3875.0,3937.0,130101,190169,3911.0,黄大豆一号,农产品,DCE,A0
2025-01-14,3938.0,3975.0,3937.0,3962.0,167882,187617,3954.0,黄大豆一号,农产品,DCE,A0
2025-01-15,3950.0,3991.0,3945.0,3987.0,135333,193567,3972.0,黄大豆一号,农产品,DCE,A0
2025-01-16,3984.0,4016.0,3968.0,4000.0,154543,195321,3993.0,黄大豆一号,农产品,DCE,A0
2025-01-17,3998.0,4031.0,3971.0,4028.0,132870,205590,4000.0,黄大豆一号,农产品,DCE,A0
2025-01-20,4029.0,4035.0,3984.0,4019.0,156975,203613,4006.0,黄大豆一号,农产品,DCE,A0
2025-01-21,4025.0,4037.0,4005.0,4032.0,121350,201687,4021.0,黄大豆一号,农产品,DCE,A0
2025-01-22,4041.0,4062.0,4021.0,4060.0,120244,211005,4040.0,黄大豆一号,农产品,DCE,A0
2025-01-23,4057.0,4069.0,4010.0,4013.0,137752,199002,4036.0,黄大豆一号,农产品,DCE,A0
2025-01-24,4019.0,4039.0,4007.0,4032.0,82709,193961,4024.0,黄大豆一号,农产品,DCE,A0
2025-01-27,4026.0,4037.0,4011.0,4026.0,77051,179821,4024.0,黄大豆一号,农产品,DCE,A0
2025-02-05,4042.0,4096.0,4038.0,4092.0,111201,194096,4068.0,黄大豆一号,农产品,DCE,A0
2025-02-06,4083.0,4090.0,4050.0,4077.0,100063,202013,4073.0,黄大豆一号,农产品,DCE,A0
2025-02-07,4083.0,4088.0,4044.0,4079.0,109070,202298,4066.0,黄大豆一号,农产品,DCE,A0
2025-02-10,4070.0,4096.0,4052.0,4065.0,121059,197202,4072.0,黄大豆一号,农产品,DCE,A0
2025-02-11,4063.0,4074.0,4031.0,4036.0,104725,186802,4050.0,黄大豆一号,农产品,DCE,A0
2025-02-12,4035.0,4037.0,3990.0,4022.0,153880,171825,4009.0,黄大豆一号,农产品,DCE,A0
2025-02-13,4019.0,4021.0,3995.0,4003.0,92302,171160,4007.0,黄大豆一号,农产品,DCE,A0
2025-02-14,3998.0,4088.0,3978.0,4071.0,176960,181134,4036.0,黄大豆一号,农产品,DCE,A0
2025-02-17,4070.0,4080.0,4007.0,4010.0,142750,175523,4036.0,黄大豆一号,农产品,DCE,A0
2025-02-18,4018.0,4032.0,4004.0,4020.0,85615,171779,4018.0,黄大豆一号,农产品,DCE,A0
2025-02-19,4025.0,4045.0,4024.0,4029.0,79028,172096,4034.0,黄大豆一号,农产品,DCE,A0
2025-02-20,4029.0,4031.0,4003.0,4023.0,119296,164484,4015.0,黄大豆一号,农产品,DCE,A0
2025-02-21,4031.0,4105.0,4026.0,4072.0,201545,180886,4069.0,黄大豆一号,农产品,DCE,A0
2025-02-24,4066.0,4145.0,4066.0,4138.0,225301,210228,4116.0,黄大豆一号,农产品,DCE,A0
2025-02-25,4144.0,4158.0,4112.0,4142.0,183455,222648,4139.0,黄大豆一号,农产品,DCE,A0
2025-02-26,4130.0,4142.0,4083.0,4105.0,231803,212883,4108.0,黄大豆一号,农产品,DCE,A0
2025-02-27,4105.0,4234.0,4094.0,4232.0,333810,251058,4173.0,黄大豆一号,农产品,DCE,A0
2025-02-28,4233.0,4244.0,4199.0,4218.0,254260,247108,4222.0,黄大豆一号,农产品,DCE,A0
2025-03-03,4210.0,4282.0,4206.0,4239.0,364175,237268,4237.0,黄大豆一号,农产品,DCE,A0
2025-03-04,4239.0,4299.0,4217.0,4252.0,326002,237528,4253.0,黄大豆一号,农产品,DCE,A0
2025-03-05,4240.0,4270.0,4171.0,4175.0,353410,216684,4212.0,黄大豆一号,农产品,DCE,A0
2025-03-06,4183.0,4199.0,4153.0,4176.0,239254,209601,4175.0,黄大豆一号,农产品,DCE,A0
2025-03-07,4175.0,4188.0,4121.0,4137.0,225736,195454,4152.0,黄大豆一号,农产品,DCE,A0
2025-03-10,4130.0,4204.0,4115.0,4153.0,213125,184871,4157.0,黄大豆一号,农产品,DCE,A0
2025-03-11,4153.0,4154.0,4061.0,4068.0,218617,176206,4090.0,黄大豆一号,农产品,DCE,A0
2025-03-12,4068.0,4073.0,4016.0,4016.0,174627,173112,4046.0,黄大豆一号,农产品,DCE,A0
2025-03-13,4000.0,4017.0,3988.0,4007.0,196738,184991,4003.0,黄大豆一号,农产品,DCE,A0
2025-03-14,4008.0,4018.0,3991.0,4009.0,138414,193926,4004.0,黄大豆一号,农产品,DCE,A0
2025-03-17,4010.0,4033.0,3979.0,3986.0,217048,197739,4006.0,黄大豆一号,农产品,DCE,A0
2025-03-18,3986.0,3996.0,3935.0,3940.0,174302,192731,3965.0,黄大豆一号,农产品,DCE,A0
2025-03-19,3933.0,3946.0,3912.0,3917.0,138437,196611,3931.0,黄大豆一号,农产品,DCE,A0
2025-03-20,3906.0,3917.0,3848.0,3854.0,187714,203431,3881.0,黄大豆一号,农产品,DCE,A0
2025-03-21,3855.0,3906.0,3848.0,3887.0,171038,194783,3878.0,黄大豆一号,农产品,DCE,A0
2025-03-24,3884.0,3896.0,3865.0,3888.0,125395,201175,3879.0,黄大豆一号,农产品,DCE,A0
2025-03-25,3888.0,3899.0,3873.0,3881.0,103411,200551,3884.0,黄大豆一号,农产品,DCE,A0
2025-03-26,3879.0,3913.0,3875.0,3877.0,141546,197780,3889.0,黄大豆一号,农产品,DCE,A0
2025-03-27,3878.0,3887.0,3854.0,3864.0,110871,200145,3868.0,黄大豆一号,农产品,DCE,A0
2025-03-28,3868.0,3894.0,3859.0,3889.0,127820,186343,3878.0,黄大豆一号,农产品,DCE,A0
2025-03-31,3895.0,3935.0,3882.0,3907.0,185903,186256,3909.0,黄大豆一号,农产品,DCE,A0
2025-04-01,3906.0,3922.0,3875.0,3887.0,129825,177033,3898.0,黄大豆一号,农产品,DCE,A0
2025-04-02,3893.0,3968.0,3888.0,3954.0,198422,158810,3939.0,黄大豆一号,农产品,DCE,A0
2025-04-03,3956.0,3982.0,3944.0,3979.0,171119,157781,3961.0,黄大豆一号,农产品,DCE,A0
2025-04-07,4100.0,4100.0,3989.0,4027.0,195418,138596,4026.0,黄大豆一号,农产品,DCE,A0
2025-04-08,4027.0,4100.0,4027.0,4078.0,222905,133284,4074.0,黄大豆一号,农产品,DCE,A0
2025-04-09,4075.0,4092.0,4048.0,4074.0,198947,119838,4068.0,黄大豆一号,农产品,DCE,A0
2025-04-10,4088.0,4124.0,4060.0,4107.0,200267,112558,4096.0,黄大豆一号,农产品,DCE,A0
2025-04-11,4100.0,4236.0,4100.0,4186.0,263029,114704,4175.0,黄大豆一号,农产品,DCE,A0
2025-04-14,4193.0,4219.0,4155.0,4202.0,206056,105054,4190.0,黄大豆一号,农产品,DCE,A0
2025-04-15,4226.0,4230.0,4202.0,4215.0,60606,110448,4215.0,黄大豆一号,农产品,DCE,A0
2025-04-16,4216.0,4222.0,4162.0,4181.0,96372,116813,4191.0,黄大豆一号,农产品,DCE,A0
2025-04-17,4196.0,4205.0,4165.0,4198.0,80931,129117,4186.0,黄大豆一号,农产品,DCE,A0
2025-04-18,4188.0,4188.0,4111.0,4116.0,126061,137463,4143.0,黄大豆一号,农产品,DCE,A0
2025-04-21,4122.0,4173.0,4103.0,4166.0,123231,144891,4141.0,黄大豆一号,农产品,DCE,A0
2025-04-22,4170.0,4273.0,4157.0,4260.0,261820,162462,4214.0,黄大豆一号,农产品,DCE,A0
2025-04-23,4260.0,4270.0,4228.0,4240.0,202887,166945,4248.0,黄大豆一号,农产品,DCE,A0
2025-04-24,4239.0,4335.0,4234.0,4298.0,349929,187303,4291.0,黄大豆一号,农产品,DCE,A0
2025-04-25,4290.0,4320.0,4216.0,4237.0,307839,180916,4268.0,黄大豆一号,农产品,DCE,A0
2025-04-28,4231.0,4246.0,4196.0,4225.0,216578,172789,4221.0,黄大豆一号,农产品,DCE,A0
2025-04-29,4219.0,4228.0,4156.0,4162.0,201561,168541,4180.0,黄大豆一号,农产品,DCE,A0
2025-04-30,4168.0,4206.0,4161.0,4188.0,154078,153530,4182.0,黄大豆一号,农产品,DCE,A0
2025-05-06,4165.0,4226.0,4126.0,4209.0,149082,158593,4175.0,黄大豆一号,农产品,DCE,A0
2025-05-07,4213.0,4249.0,4205.0,4236.0,224725,169668,4228.0,黄大豆一号,农产品,DCE,A0
2025-05-08,4228.0,4230.0,4138.0,4154.0,227298,166586,4169.0,黄大豆一号,农产品,DCE,A0
2025-05-09,4161.0,4200.0,4151.0,4153.0,172267,155332,4175.0,黄大豆一号,农产品,DCE,A0
2025-05-12,4162.0,4185.0,4127.0,4176.0,174401,152799,4156.0,黄大豆一号,农产品,DCE,A0
2025-05-13,4170.0,4179.0,4142.0,4160.0,133776,148838,4160.0,黄大豆一号,农产品,DCE,A0
2025-05-14,4160.0,4189.0,4135.0,4174.0,126080,149510,4165.0,黄大豆一号,农产品,DCE,A0
2025-05-15,4174.0,4212.0,4158.0,4172.0,215236,153400,4181.0,黄大豆一号,农产品,DCE,A0
2025-05-16,4164.0,4181.0,4150.0,4168.0,122243,148181,4165.0,黄大豆一号,农产品,DCE,A0
2025-05-19,4173.0,4200.0,4161.0,4182.0,133216,152296,4184.0,黄大豆一号,农产品,DCE,A0
2025-05-20,4178.0,4208.0,4167.0,4191.0,116447,153454,4181.0,黄大豆一号,农产品,DCE,A0
2025-05-21,4191.0,4228.0,4183.0,4225.0,173018,159515,4206.0,黄大豆一号,农产品,DCE,A0
2025-05-22,4225.0,4234.0,4188.0,4194.0,123019,156467,4204.0,黄大豆一号,农产品,DCE,A0
2025-05-23,4201.0,4218.0,4171.0,4172.0,149699,153944,4195.0,黄大豆一号,农产品,DCE,A0
2025-05-26,4170.0,4180.0,4144.0,4144.0,111596,155029,4159.0,黄大豆一号,农产品,DCE,A0
2025-05-27,4145.0,4154.0,4106.0,4144.0,121752,150958,4133.0,黄大豆一号,农产品,DCE,A0
2025-05-28,4146.0,4151.0,4116.0,4119.0,82861,148546,4131.0,黄大豆一号,农产品,DCE,A0
2025-05-29,4129.0,4132.0,4093.0,4120.0,100409,144356,4111.0,黄大豆一号,农产品,DCE,A0
2025-05-30,4119.0,4134.0,4106.0,4117.0,88865,133785,4119.0,黄大豆一号,农产品,DCE,A0
2025-06-03,4117.0,4145.0,4108.0,4134.0,72707,129209,4130.0,黄大豆一号,农产品,DCE,A0
2025-06-04,4128.0,4137.0,4103.0,4123.0,100927,119715,4117.0,黄大豆一号,农产品,DCE,A0
2025-06-05,4130.0,4144.0,4110.0,4138.0,115743,108188,4129.0,黄大豆一号,农产品,DCE,A0
2025-06-06,4098.0,4116.0,4083.0,4102.0,72639,135775,4098.0,黄大豆一号,农产品,DCE,A0
2025-06-09,4102.0,4119.0,4091.0,4099.0,67818,138720,4105.0,黄大豆一号,农产品,DCE,A0
2025-06-10,4098.0,4186.0,4098.0,4168.0,144812,153070,4151.0,黄大豆一号,农产品,DCE,A0
2025-06-11,4166.0,4186.0,4162.0,4163.0,137313,170658,4174.0,黄大豆一号,农产品,DCE,A0
2025-06-12,4163.0,4218.0,4162.0,4198.0,167333,189341,4189.0,黄大豆一号,农产品,DCE,A0
2025-06-13,4200.0,4246.0,4189.0,4241.0,148618,207790,4218.0,黄大豆一号,农产品,DCE,A0
2025-06-16,4241.0,4263.0,4234.0,4242.0,132744,210283,4246.0,黄大豆一号,农产品,DCE,A0
2025-06-17,4237.0,4253.0,4220.0,4247.0,113969,213454,4236.0,黄大豆一号,农产品,DCE,A0
2025-06-18,4248.0,4279.0,4242.0,4258.0,118029,221412,4261.0,黄大豆一号,农产品,DCE,A0
2025-06-19,4250.0,4250.0,4206.0,4233.0,170411,213688,4227.0,黄大豆一号,农产品,DCE,A0
2025-06-20,4237.0,4270.0,4234.0,4259.0,125212,220722,4251.0,黄大豆一号,农产品,DCE,A0
2025-06-23,4270.0,4282.0,4234.0,4250.0,134911,219061,4256.0,黄大豆一号,农产品,DCE,A0
2025-06-24,4236.0,4254.0,4217.0,4227.0,115528,212752,4235.0,黄大豆一号,农产品,DCE,A0
2025-06-25,4227.0,4228.0,4164.0,4169.0,171512,198277,4186.0,黄大豆一号,农产品,DCE,A0
2025-06-26,4169.0,4169.0,4142.0,4150.0,131367,200585,4152.0,黄大豆一号,农产品,DCE,A0
2025-06-27,4154.0,4159.0,4133.0,4140.0,86735,199235,4144.0,黄大豆一号,农产品,DCE,A0
2025-06-30,4141.0,4159.0,4137.0,4141.0,96201,191165,4147.0,黄大豆一号,农产品,DCE,A0
2025-07-01,4136.0,4147.0,4116.0,4127.0,113203,190845,4129.0,黄大豆一号,农产品,DCE,A0
2025-07-02,4125.0,4157.0,4121.0,4151.0,111563,181732,4137.0,黄大豆一号,农产品,DCE,A0
2025-07-03,4153.0,4162.0,4139.0,4141.0,91677,182572,4148.0,黄大豆一号,农产品,DCE,A0
2025-07-04,4147.0,4161.0,4105.0,4111.0,132054,190908,4133.0,黄大豆一号,农产品,DCE,A0
2025-07-07,4103.0,4113.0,4075.0,4079.0,127446,201219,4091.0,黄大豆一号,农产品,DCE,A0
2025-07-08,4083.0,4118.0,4068.0,4104.0,142102,199776,4090.0,黄大豆一号,农产品,DCE,A0
2025-07-09,4103.0,4120.0,4098.0,4111.0,97142,196494,4112.0,黄大豆一号,农产品,DCE,A0
2025-07-10,4112.0,4120.0,4098.0,4105.0,93368,195052,4110.0,黄大豆一号,农产品,DCE,A0
2025-07-11,4105.0,4118.0,4081.0,4101.0,136554,199814,4098.0,黄大豆一号,农产品,DCE,A0
2025-07-14,4095.0,4136.0,4090.0,4131.0,127492,198094,4116.0,黄大豆一号,农产品,DCE,A0
2025-07-15,4132.0,4154.0,4132.0,4149.0,105572,187734,4143.0,黄大豆一号,农产品,DCE,A0
2025-07-16,4149.0,4185.0,4143.0,4179.0,129737,179969,4166.0,黄大豆一号,农产品,DCE,A0
2025-07-17,4179.0,4205.0,4179.0,4200.0,110425,182312,4194.0,黄大豆一号,农产品,DCE,A0
2025-07-18,4200.0,4223.0,4181.0,4189.0,160359,175312,4198.0,黄大豆一号,农产品,DCE,A0
2025-07-21,4178.0,4208.0,4153.0,4199.0,182594,172998,4176.0,黄大豆一号,农产品,DCE,A0
2025-07-22,4204.0,4238.0,4184.0,4232.0,146103,181087,4213.0,黄大豆一号,农产品,DCE,A0
2025-07-23,4213.0,4255.0,4203.0,4217.0,139127,181127,4229.0,黄大豆一号,农产品,DCE,A0
2025-07-24,4214.0,4230.0,4184.0,4224.0,124496,177614,4206.0,黄大豆一号,农产品,DCE,A0
2025-07-25,4225.0,4239.0,4207.0,4224.0,101326,180532,4223.0,黄大豆一号,农产品,DCE,A0
2025-07-28,4215.0,4224.0,4145.0,4153.0,184312,147626,4183.0,黄大豆一号,农产品,DCE,A0
2025-07-29,4145.0,4153.0,4121.0,4144.0,138833,133349,4136.0,黄大豆一号,农产品,DCE,A0
2025-07-30,4145.0,4166.0,4133.0,4153.0,118912,128657,4152.0,黄大豆一号,农产品,DCE,A0
2025-07-31,4146.0,4160.0,4119.0,4131.0,102711,122210,4137.0,黄大豆一号,农产品,DCE,A0
2025-08-01,4131.0,4142.0,4115.0,4122.0,83800,120599,4126.0,黄大豆一号,农产品,DCE,A0
2025-08-04,4107.0,4120.0,4090.0,4101.0,56377,124500,4105.0,黄大豆一号,农产品,DCE,A0
2025-08-05,4098.0,4110.0,4095.0,4102.0,38020,127497,4100.0,黄大豆一号,农产品,DCE,A0
2025-08-06,4116.0,4128.0,4075.0,4092.0,80926,125634,4097.0,黄大豆一号,农产品,DCE,A0
2025-08-07,4102.0,4112.0,4090.0,4099.0,52942,132531,4099.0,黄大豆一号,农产品,DCE,A0
2025-08-08,4100.0,4116.0,4073.0,4090.0,75911,136187,4093.0,黄大豆一号,农产品,DCE,A0
2025-08-11,4088.0,4088.0,4043.0,4067.0,126561,155127,4063.0,黄大豆一号,农产品,DCE,A0
2025-08-12,4067.0,4073.0,4015.0,4034.0,141159,185359,4033.0,黄大豆一号,农产品,DCE,A0
2025-08-13,4037.0,4128.0,4026.0,4107.0,222370,172751,4087.0,黄大豆一号,农产品,DCE,A0
2025-08-14,4102.0,4115.0,4040.0,4041.0,166811,178817,4071.0,黄大豆一号,农产品,DCE,A0
2025-08-15,4041.0,4058.0,4027.0,4056.0,85839,173760,4044.0,黄大豆一号,农产品,DCE,A0
2025-08-18,4050.0,4077.0,4041.0,4044.0,88257,175555,4056.0,黄大豆一号,农产品,DCE,A0
2025-08-19,4055.0,4064.0,4039.0,4046.0,67881,177069,4052.0,黄大豆一号,农产品,DCE,A0
2025-08-20,4041.0,4051.0,3990.0,4036.0,138994,185880,4022.0,黄大豆一号,农产品,DCE,A0
2025-08-21,4034.0,4034.0,3996.0,3999.0,84983,197030,4013.0,黄大豆一号,农产品,DCE,A0
2025-08-22,3991.0,4006.0,3977.0,3985.0,99492,206133,3989.0,黄大豆一号,农产品,DCE,A0
2025-08-25,3988.0,4013.0,3983.0,3992.0,81667,208249,3998.0,黄大豆一号,农产品,DCE,A0
2025-08-26,3996.0,4007.0,3971.0,3974.0,85026,211926,3988.0,黄大豆一号,农产品,DCE,A0
2025-08-27,3978.0,3979.0,3933.0,3935.0,98992,222697,3956.0,黄大豆一号,农产品,DCE,A0
2025-08-28,3935.0,3955.0,3917.0,3927.0,103402,227907,3933.0,黄大豆一号,农产品,DCE,A0
2025-08-29,3927.0,3951.0,3918.0,3945.0,79846,225071,3933.0,黄大豆一号,农产品,DCE,A0
2025-09-01,3945.0,3976.0,3944.0,3965.0,111044,213585,3961.0,黄大豆一号,农产品,DCE,A0
2025-09-02,3965.0,3984.0,3952.0,3970.0,92849,207229,3969.0,黄大豆一号,农产品,DCE,A0
2025-09-03,3962.0,3973.0,3953.0,3961.0,87497,205697,3964.0,黄大豆一号,农产品,DCE,A0
2025-09-04,3951.0,3982.0,3951.0,3965.0,101673,199022,3966.0,黄大豆一号,农产品,DCE,A0
2025-09-05,3975.0,3991.0,3963.0,3974.0,78388,196633,3975.0,黄大豆一号,农产品,DCE,A0
2025-09-08,3971.0,3987.0,3961.0,3977.0,80262,197560,3973.0,黄大豆一号,农产品,DCE,A0
2025-09-09,3973.0,3981.0,3963.0,3968.0,61700,192370,3971.0,黄大豆一号,农产品,DCE,A0
2025-09-10,3968.0,3972.0,3910.0,3911.0,146244,209105,3935.0,黄大豆一号,农产品,DCE,A0
2025-09-11,3905.0,3947.0,3905.0,3945.0,103597,209619,3926.0,黄大豆一号,农产品,DCE,A0
2025-09-12,3947.0,3970.0,3944.0,3959.0,114396,196837,3956.0,黄大豆一号,农产品,DCE,A0
2025-09-15,3958.0,3961.0,3926.0,3939.0,88307,197448,3942.0,黄大豆一号,农产品,DCE,A0
2025-09-16,3935.0,3948.0,3922.0,3924.0,102842,210221,3934.0,黄大豆一号,农产品,DCE,A0
2025-09-17,3924.0,3936.0,3892.0,3895.0,121686,226519,3914.0,黄大豆一号,农产品,DCE,A0
2025-09-18,3896.0,3905.0,3877.0,3904.0,109926,228957,3892.0,黄大豆一号,农产品,DCE,A0
2025-09-19,3906.0,3914.0,3896.0,3904.0,104707,221619,3906.0,黄大豆一号,农产品,DCE,A0
2025-09-22,3908.0,3923.0,3893.0,3912.0,86395,211090,3911.0,黄大豆一号,农产品,DCE,A0
2025-09-23,3909.0,3909.0,3853.0,3878.0,129986,214172,3876.0,黄大豆一号,农产品,DCE,A0
2025-09-24,3883.0,3913.0,3870.0,3907.0,113327,201723,3890.0,黄大豆一号,农产品,DCE,A0
2025-09-25,3916.0,3951.0,3907.0,3929.0,171437,179194,3930.0,黄大豆一号,农产品,DCE,A0
2025-09-26,3931.0,3954.0,3928.0,3935.0,123642,174807,3940.0,黄大豆一号,农产品,DCE,A0
2025-09-29,3939.0,3945.0,3917.0,3938.0,112252,161800,3931.0,黄大豆一号,农产品,DCE,A0
2025-09-30,3939.0,3943.0,3922.0,3927.0,88221,136609,3929.0,黄大豆一号,农产品,DCE,A0
2025-10-09,3930.0,3984.0,3930.0,3975.0,105525,137560,3960.0,黄大豆一号,农产品,DCE,A0
2025-10-10,3960.0,3988.0,3938.0,3953.0,110324,125633,3958.0,黄大豆一号,农产品,DCE,A0
2025-10-13,3943.0,3988.0,3940.0,3967.0,79468,149082,3969.0,黄大豆一号,农产品,DCE,A0
2025-10-14,3967.0,3978.0,3958.0,3967.0,82845,158928,3969.0,黄大豆一号,农产品,DCE,A0
2025-10-15,3973.0,4007.0,3967.0,3999.0,133179,186875,3988.0,黄大豆一号,农产品,DCE,A0
2025-10-16,4002.0,4040.0,3995.0,4018.0,156626,202715,4020.0,黄大豆一号,农产品,DCE,A0
2025-10-17,4026.0,4045.0,4021.0,4028.0,125719,212025,4034.0,黄大豆一号,农产品,DCE,A0
2025-10-20,4028.0,4088.0,4014.0,4086.0,151607,226762,4055.0,黄大豆一号,农产品,DCE,A0
2025-10-21,4082.0,4095.0,4058.0,4061.0,138709,220581,4073.0,黄大豆一号,农产品,DCE,A0
2025-10-22,4060.0,4076.0,4028.0,4057.0,151390,219724,4050.0,黄大豆一号,农产品,DCE,A0
2025-10-23,4057.0,4115.0,4052.0,4113.0,162733,244324,4081.0,黄大豆一号,农产品,DCE,A0
2025-10-24,4113.0,4124.0,4098.0,4104.0,143105,257746,4110.0,黄大豆一号,农产品,DCE,A0
2025-10-27,4104.0,4109.0,4068.0,4077.0,159470,255186,4088.0,黄大豆一号,农产品,DCE,A0
2025-10-28,4083.0,4120.0,4071.0,4115.0,128410,259283,4092.0,黄大豆一号,农产品,DCE,A0
2025-10-29,4115.0,4135.0,4092.0,4113.0,161425,267290,4116.0,黄大豆一号,农产品,DCE,A0
2025-10-30,4112.0,4120.0,4090.0,4103.0,125524,264401,4104.0,黄大豆一号,农产品,DCE,A0
2025-10-31,4100.0,4114.0,4076.0,4102.0,171828,264120,4095.0,黄大豆一号,农产品,DCE,A0
2025-11-03,4105.0,4112.0,4070.0,4076.0,155379,258446,4092.0,黄大豆一号,农产品,DCE,A0
2025-11-04,4086.0,4094.0,4051.0,4055.0,135914,251451,4076.0,黄大豆一号,农产品,DCE,A0
2025-11-05,4050.0,4151.0,4032.0,4123.0,217199,248256,4077.0,黄大豆一号,农产品,DCE,A0
2025-11-06,4123.0,4162.0,4114.0,4146.0,209826,264077,4141.0,黄大豆一号,农产品,DCE,A0
2025-11-07,4151.0,4156.0,4101.0,4118.0,148857,251242,4125.0,黄大豆一号,农产品,DCE,A0
2025-11-10,4118.0,4127.0,4102.0,4116.0,82374,249271,4114.0,黄大豆一号,农产品,DCE,A0
2025-11-11,4116.0,4148.0,4104.0,4112.0,128651,247547,4128.0,黄大豆一号,农产品,DCE,A0
2025-11-12,4111.0,4133.0,4106.0,4127.0,79458,247064,4118.0,黄大豆一号,农产品,DCE,A0
2025-11-13,4121.0,4137.0,4110.0,4129.0,88535,245994,4122.0,黄大豆一号,农产品,DCE,A0
2025-11-14,4134.0,4221.0,4124.0,4215.0,252689,287480,4182.0,黄大豆一号,农产品,DCE,A0
2025-11-17,4215.0,4218.0,4165.0,4178.0,150656,278781,4187.0,黄大豆一号,农产品,DCE,A0
2025-11-18,4184.0,4223.0,4146.0,4149.0,176700,263489,4177.0,黄大豆一号,农产品,DCE,A0
2025-11-19,4151.0,4175.0,4132.0,4145.0,148077,263465,4151.0,黄大豆一号,农产品,DCE,A0
2025-11-20,4147.0,4148.0,4087.0,4107.0,163951,237626,4110.0,黄大豆一号,农产品,DCE,A0
2025-11-21,4107.0,4123.0,4090.0,4109.0,138585,218174,4107.0,黄大豆一号,农产品,DCE,A0
2025-11-24,4101.0,4175.0,4094.0,4150.0,176681,213249,4139.0,黄大豆一号,农产品,DCE,A0
2025-11-25,4140.0,4146.0,4098.0,4108.0,116170,204655,4117.0,黄大豆一号,农产品,DCE,A0
2025-11-26,4115.0,4125.0,4090.0,4094.0,108699,196190,4103.0,黄大豆一号,农产品,DCE,A0
2025-11-27,4094.0,4119.0,4093.0,4106.0,107569,190845,4106.0,黄大豆一号,农产品,DCE,A0
2025-11-28,4106.0,4138.0,4103.0,4108.0,103526,190405,4115.0,黄大豆一号,农产品,DCE,A0
2025-12-01,4109.0,4132.0,4106.0,4126.0,83964,188205,4118.0,黄大豆一号,农产品,DCE,A0
2025-12-02,4130.0,4142.0,4114.0,4123.0,89181,187769,4127.0,黄大豆一号,农产品,DCE,A0
2025-12-03,4130.0,4139.0,4118.0,4139.0,73345,182558,4129.0,黄大豆一号,农产品,DCE,A0
2025-12-04,4138.0,4147.0,4099.0,4105.0,118945,176490,4120.0,黄大豆一号,农产品,DCE,A0
2025-12-05,4110.0,4110.0,4071.0,4075.0,105685,172722,4088.0,黄大豆一号,农产品,DCE,A0
2025-12-08,4082.0,4096.0,4076.0,4085.0,89032,170581,4084.0,黄大豆一号,农产品,DCE,A0
2025-12-09,4081.0,4102.0,4069.0,4089.0,80349,161294,4086.0,黄大豆一号,农产品,DCE,A0
2025-12-10,4080.0,4164.0,4074.0,4161.0,144561,145303,4123.0,黄大豆一号,农产品,DCE,A0
2025-12-11,4161.0,4178.0,4155.0,4173.0,97507,152476,4167.0,黄大豆一号,农产品,DCE,A0
2025-12-12,4161.0,4173.0,4135.0,4138.0,94544,136306,4151.0,黄大豆一号,农产品,DCE,A0
2025-12-15,4138.0,4187.0,4112.0,4130.0,127472,126057,4142.0,黄大豆一号,农产品,DCE,A0
2025-12-16,4128.0,4140.0,4083.0,4090.0,104576,116043,4102.0,黄大豆一号,农产品,DCE,A0
2025-12-17,4099.0,4107.0,4075.0,4090.0,66572,108340,4092.0,黄大豆一号,农产品,DCE,A0
2025-12-18,4056.0,4067.0,4035.0,4041.0,115269,79372,4049.0,黄大豆一号,农产品,DCE,A0
2025-12-19,4084.0,4112.0,4063.0,4084.0,89719,126213,4083.0,黄大豆一号,农产品,DCE,A0
2025-12-22,4101.0,4150.0,4083.0,4105.0,142933,144227,4117.0,黄大豆一号,农产品,DCE,A0
2025-12-23,4101.0,4119.0,4091.0,4104.0,83893,150838,4104.0,黄大豆一号,农产品,DCE,A0
2025-12-24,4095.0,4130.0,4083.0,4106.0,111298,156273,4106.0,黄大豆一号,农产品,DCE,A0
2025-12-25,4113.0,4125.0,4106.0,4125.0,70331,162679,4113.0,黄大豆一号,农产品,DCE,A0
2025-12-26,4125.0,4133.0,4114.0,4128.0,81892,162327,4125.0,黄大豆一号,农产品,DCE,A0
2025-12-29,4113.0,4182.0,4113.0,4156.0,142948,167124,4159.0,黄大豆一号,农产品,DCE,A0
2025-12-30,4150.0,4240.0,4150.0,4224.0,170281,204308,4204.0,黄大豆一号,农产品,DCE,A0
2025-12-31,4224.0,4249.0,4222.0,4241.0,114414,215120,4233.0,黄大豆一号,农产品,DCE,A0
