nohup: 忽略输入
Device: cuda  |  Epochs: 300  |  Seed: 42
Target: return  |  Primary horizon: 5d  |  Multi-horizons: [1, 5, 10, 20]

[Data] Building 21-dim feature pipeline...
============================================================
CMGM Data Loading Pipeline
============================================================

[Step 1] Loading raw price data...

[Step 2] Aligning markets to common date range...
[DataLoader] Stock date range: 2015-01-05 00:00:00 to 2025-06-30 00:00:00 (2548 days)
[DataLoader] Bond date range: 2017-01-17 00:00:00 to 2025-12-31 00:00:00 (2176 days)
[DataLoader] Commodity date range: 2015-01-05 00:00:00 to 2025-12-31 00:00:00 (2679 days)
[DataLoader] Common date range: 2017-01-17 00:00:00 to 2025-06-30 00:00:00 (2050 days)
[DataLoader] Combined price matrix shape: (2050, 284)
[DataLoader] Market split: stocks=248, bonds=12, commodities=24

[Step 3] Temporal train/val/test split...
[DataLoader] Temporal split: train=1435, val=307, test=308

[Step 4] Per-asset z-score normalization...
[DataLoader] Per-asset z-score normalization fitted on training data only
[DataLoader] mean range: [0.9803, 173055.7656]
[DataLoader] std  range: [0.000000, 55160.3203]
[DataLoader] Z-scored train range: [-11.3746, 91.5527]

[Step 6] Computing returns for graph construction...
     Training returns shape: (1434, 284)

[Step 7] Creating sliding window datasets...

[Done] Dataset sizes: train=1396, val=268, test=269
[Done] Total nodes: 284
[Done] Commodity nodes (output dim): 24
[Features] Computed 21 features: price, ret_1d, ret_5d, ret_10d, ret_20d, vol_5d, vol_10d, vol_20d, zscore_5d, zscore_10d, zscore_20d, price_ma5, price_ma10, price_ma20, price_ma60, rsi_14, bb_position, skewness_20d, kurtosis_20d, roc_10d, percentile_20d
[Features] Shape: (T=2050, N=284, F=21)  range: [-4.4721, 391400.0000]

[Data] Building 7-dim feature pipeline...
============================================================
CMGM Data Loading Pipeline
============================================================

[Step 1] Loading raw price data...

[Step 2] Aligning markets to common date range...
[DataLoader] Stock date range: 2015-01-05 00:00:00 to 2025-06-30 00:00:00 (2548 days)
[DataLoader] Bond date range: 2017-01-17 00:00:00 to 2025-12-31 00:00:00 (2176 days)
[DataLoader] Commodity date range: 2015-01-05 00:00:00 to 2025-12-31 00:00:00 (2679 days)
[DataLoader] Common date range: 2017-01-17 00:00:00 to 2025-06-30 00:00:00 (2050 days)
[DataLoader] Combined price matrix shape: (2050, 284)
[DataLoader] Market split: stocks=248, bonds=12, commodities=24

[Step 3] Temporal train/val/test split...
[DataLoader] Temporal split: train=1435, val=307, test=308

[Step 4] Per-asset z-score normalization...
[DataLoader] Per-asset z-score normalization fitted on training data only
[DataLoader] mean range: [0.9803, 173055.7656]
[DataLoader] std  range: [0.000000, 55160.3203]
[DataLoader] Z-scored train range: [-11.3746, 91.5527]

[Step 6] Computing returns for graph construction...
     Training returns shape: (1434, 284)

[Step 7] Creating sliding window datasets...

[Done] Dataset sizes: train=1396, val=268, test=269
[Done] Total nodes: 284
[Done] Commodity nodes (output dim): 24
[Features] Computed 7 features from RAW prices: price, return, ma5_ratio, ma20_ratio, volatility, rsi_14, macd
[Features] Shape: (T=2050, N=284, F=7)  range: [-21915.3594, 391400.0000]

==========================================================================================
  ABLATION: Full  (variant=full, feat_dim=21, {})
==========================================================================================
  Params: 1,651,481

============================================================
CMGM Training
============================================================
Device: cuda
Epochs: 300 (early stopping patience=10)
Learning rate: 0.0001, Weight decay: 1e-05
============================================================
  [variant=full] GCN→([64, 64]) || LSTM→([64, 64]) → head → ([64, 4, 24])
  Epoch   1/300 | Train Loss: 0.004800 | Val Loss: 0.004572 | LR: 1.00e-04 | Best: inf
  Epoch   2/300 | Train Loss: 0.004213 | Val Loss: 0.004242 | LR: 1.00e-04 | Best: 0.004572
  Epoch   3/300 | Train Loss: 0.003883 | Val Loss: 0.003963 | LR: 1.00e-04 | Best: 0.004242
  Epoch   4/300 | Train Loss: 0.003561 | Val Loss: 0.003702 | LR: 1.00e-04 | Best: 0.003963
  Epoch   5/300 | Train Loss: 0.003340 | Val Loss: 0.003498 | LR: 1.00e-04 | Best: 0.003702
  Epoch   6/300 | Train Loss: 0.003119 | Val Loss: 0.003316 | LR: 1.00e-04 | Best: 0.003498
  Epoch   7/300 | Train Loss: 0.002955 | Val Loss: 0.003177 | LR: 1.00e-04 | Best: 0.003316
  Epoch   8/300 | Train Loss: 0.002810 | Val Loss: 0.003072 | LR: 1.00e-04 | Best: 0.003177
  Epoch   9/300 | Train Loss: 0.002717 | Val Loss: 0.002958 | LR: 1.00e-04 | Best: 0.003072
  Epoch  10/300 | Train Loss: 0.002634 | Val Loss: 0.002824 | LR: 1.00e-04 | Best: 0.002958
  Gate   | mean=0.502 std=0.049 [0.355, 0.604] → 偏向LSTM
  Epoch  11/300 | Train Loss: 0.002529 | Val Loss: 0.002702 | LR: 1.00e-04 | Best: 0.002824
  Epoch  12/300 | Train Loss: 0.002509 | Val Loss: 0.002607 | LR: 1.00e-04 | Best: 0.002702
  Epoch  13/300 | Train Loss: 0.002440 | Val Loss: 0.002536 | LR: 1.00e-04 | Best: 0.002607
  Epoch  14/300 | Train Loss: 0.002368 | Val Loss: 0.002566 | LR: 1.00e-04 | Best: 0.002536
  Epoch  15/300 | Train Loss: 0.002326 | Val Loss: 0.002520 | LR: 1.00e-04 | Best: 0.002536
  Epoch  16/300 | Train Loss: 0.002274 | Val Loss: 0.002435 | LR: 1.00e-04 | Best: 0.002520
  Epoch  17/300 | Train Loss: 0.002217 | Val Loss: 0.002342 | LR: 1.00e-04 | Best: 0.002435
  Epoch  18/300 | Train Loss: 0.002166 | Val Loss: 0.002294 | LR: 1.00e-04 | Best: 0.002342
  Epoch  19/300 | Train Loss: 0.002140 | Val Loss: 0.002236 | LR: 1.00e-04 | Best: 0.002294
  Epoch  20/300 | Train Loss: 0.002108 | Val Loss: 0.002221 | LR: 1.00e-04 | Best: 0.002236
  Gate   | mean=0.514 std=0.043 [0.374, 0.616] → 偏向LSTM
  Epoch  21/300 | Train Loss: 0.002069 | Val Loss: 0.002209 | LR: 1.00e-04 | Best: 0.002221
  Epoch  22/300 | Train Loss: 0.002057 | Val Loss: 0.002178 | LR: 1.00e-04 | Best: 0.002209
  Epoch  23/300 | Train Loss: 0.002026 | Val Loss: 0.002134 | LR: 1.00e-04 | Best: 0.002178
  Epoch  24/300 | Train Loss: 0.002001 | Val Loss: 0.002074 | LR: 1.00e-04 | Best: 0.002134
  Epoch  25/300 | Train Loss: 0.001987 | Val Loss: 0.002030 | LR: 1.00e-04 | Best: 0.002074
  Epoch  26/300 | Train Loss: 0.001978 | Val Loss: 0.002014 | LR: 1.00e-04 | Best: 0.002030
  Epoch  27/300 | Train Loss: 0.001949 | Val Loss: 0.002028 | LR: 1.00e-04 | Best: 0.002014
  Epoch  28/300 | Train Loss: 0.001935 | Val Loss: 0.002033 | LR: 1.00e-04 | Best: 0.002014
  Epoch  29/300 | Train Loss: 0.001933 | Val Loss: 0.001980 | LR: 1.00e-04 | Best: 0.002014
  Epoch  30/300 | Train Loss: 0.001902 | Val Loss: 0.001945 | LR: 1.00e-04 | Best: 0.001980
  Gate   | mean=0.520 std=0.040 [0.389, 0.605] → 偏向LSTM
  Epoch  31/300 | Train Loss: 0.001893 | Val Loss: 0.001903 | LR: 1.00e-04 | Best: 0.001945
  Epoch  32/300 | Train Loss: 0.001887 | Val Loss: 0.001879 | LR: 1.00e-04 | Best: 0.001903
  Epoch  33/300 | Train Loss: 0.001871 | Val Loss: 0.001900 | LR: 1.00e-04 | Best: 0.001879
  Epoch  34/300 | Train Loss: 0.001867 | Val Loss: 0.001917 | LR: 1.00e-04 | Best: 0.001879
  Epoch  35/300 | Train Loss: 0.001878 | Val Loss: 0.001880 | LR: 1.00e-04 | Best: 0.001879
  Epoch  36/300 | Train Loss: 0.001831 | Val Loss: 0.001822 | LR: 1.00e-04 | Best: 0.001879
  Epoch  37/300 | Train Loss: 0.001835 | Val Loss: 0.001805 | LR: 1.00e-04 | Best: 0.001822
  Epoch  38/300 | Train Loss: 0.001806 | Val Loss: 0.001832 | LR: 1.00e-04 | Best: 0.001805
  Epoch  39/300 | Train Loss: 0.001794 | Val Loss: 0.001803 | LR: 1.00e-04 | Best: 0.001805
  Epoch  40/300 | Train Loss: 0.001799 | Val Loss: 0.001793 | LR: 1.00e-04 | Best: 0.001803
  Gate   | mean=0.527 std=0.037 [0.396, 0.601] → 偏向LSTM
  Epoch  41/300 | Train Loss: 0.001792 | Val Loss: 0.001810 | LR: 1.00e-04 | Best: 0.001793
  Epoch  42/300 | Train Loss: 0.001798 | Val Loss: 0.001755 | LR: 1.00e-04 | Best: 0.001793
  Epoch  43/300 | Train Loss: 0.001754 | Val Loss: 0.001749 | LR: 1.00e-04 | Best: 0.001755
  Epoch  44/300 | Train Loss: 0.001743 | Val Loss: 0.001773 | LR: 1.00e-04 | Best: 0.001749
  Epoch  45/300 | Train Loss: 0.001712 | Val Loss: 0.001744 | LR: 1.00e-04 | Best: 0.001749
  Epoch  46/300 | Train Loss: 0.001690 | Val Loss: 0.001730 | LR: 1.00e-04 | Best: 0.001744
  Epoch  47/300 | Train Loss: 0.001688 | Val Loss: 0.001733 | LR: 1.00e-04 | Best: 0.001730
  Epoch  48/300 | Train Loss: 0.001679 | Val Loss: 0.001719 | LR: 1.00e-04 | Best: 0.001730
  Epoch  49/300 | Train Loss: 0.001661 | Val Loss: 0.001709 | LR: 1.00e-04 | Best: 0.001719
  Epoch  50/300 | Train Loss: 0.001666 | Val Loss: 0.001720 | LR: 1.00e-04 | Best: 0.001709
  Gate   | mean=0.533 std=0.036 [0.407, 0.609] → 偏向LSTM
  Epoch  51/300 | Train Loss: 0.001663 | Val Loss: 0.001711 | LR: 1.00e-04 | Best: 0.001709
  Epoch  52/300 | Train Loss: 0.001660 | Val Loss: 0.001689 | LR: 1.00e-04 | Best: 0.001709
  Epoch  53/300 | Train Loss: 0.001683 | Val Loss: 0.001717 | LR: 1.00e-04 | Best: 0.001689
  Epoch  54/300 | Train Loss: 0.001653 | Val Loss: 0.001695 | LR: 1.00e-04 | Best: 0.001689
  Epoch  55/300 | Train Loss: 0.001649 | Val Loss: 0.001671 | LR: 1.00e-04 | Best: 0.001689
  Epoch  56/300 | Train Loss: 0.001635 | Val Loss: 0.001698 | LR: 1.00e-04 | Best: 0.001671
  Epoch  57/300 | Train Loss: 0.001610 | Val Loss: 0.001676 | LR: 1.00e-04 | Best: 0.001671
  Epoch  58/300 | Train Loss: 0.001612 | Val Loss: 0.001661 | LR: 1.00e-04 | Best: 0.001671
  Epoch  59/300 | Train Loss: 0.001599 | Val Loss: 0.001666 | LR: 1.00e-04 | Best: 0.001661
  Epoch  60/300 | Train Loss: 0.001589 | Val Loss: 0.001670 | LR: 1.00e-04 | Best: 0.001661
  Gate   | mean=0.538 std=0.035 [0.412, 0.614] → 偏向LSTM
  Epoch  61/300 | Train Loss: 0.001584 | Val Loss: 0.001670 | LR: 1.00e-04 | Best: 0.001661
  Epoch  62/300 | Train Loss: 0.001596 | Val Loss: 0.001658 | LR: 1.00e-04 | Best: 0.001661
  Epoch  63/300 | Train Loss: 0.001594 | Val Loss: 0.001651 | LR: 1.00e-04 | Best: 0.001658
  Epoch  64/300 | Train Loss: 0.001585 | Val Loss: 0.001663 | LR: 1.00e-04 | Best: 0.001651
  Epoch  65/300 | Train Loss: 0.001604 | Val Loss: 0.001662 | LR: 1.00e-04 | Best: 0.001651
  Epoch  66/300 | Train Loss: 0.001593 | Val Loss: 0.001630 | LR: 1.00e-04 | Best: 0.001651
  Epoch  67/300 | Train Loss: 0.001563 | Val Loss: 0.001638 | LR: 1.00e-04 | Best: 0.001630
  Epoch  68/300 | Train Loss: 0.001574 | Val Loss: 0.001675 | LR: 1.00e-04 | Best: 0.001630
  Epoch  69/300 | Train Loss: 0.001556 | Val Loss: 0.001634 | LR: 1.00e-04 | Best: 0.001630
  Epoch  70/300 | Train Loss: 0.001536 | Val Loss: 0.001625 | LR: 1.00e-04 | Best: 0.001630
  Gate   | mean=0.543 std=0.035 [0.421, 0.621] → 偏向LSTM
  Epoch  71/300 | Train Loss: 0.001533 | Val Loss: 0.001640 | LR: 1.00e-04 | Best: 0.001625
  Epoch  72/300 | Train Loss: 0.001527 | Val Loss: 0.001627 | LR: 1.00e-04 | Best: 0.001625
  Epoch  73/300 | Train Loss: 0.001525 | Val Loss: 0.001628 | LR: 1.00e-04 | Best: 0.001625
  Epoch  74/300 | Train Loss: 0.001523 | Val Loss: 0.001638 | LR: 1.00e-04 | Best: 0.001625
  Epoch  75/300 | Train Loss: 0.001542 | Val Loss: 0.001624 | LR: 1.00e-04 | Best: 0.001625
  Epoch  76/300 | Train Loss: 0.001542 | Val Loss: 0.001646 | LR: 1.00e-04 | Best: 0.001624
  Epoch  77/300 | Train Loss: 0.001533 | Val Loss: 0.001660 | LR: 1.00e-04 | Best: 0.001624
  Epoch  78/300 | Train Loss: 0.001549 | Val Loss: 0.001601 | LR: 1.00e-04 | Best: 0.001624
  Epoch  79/300 | Train Loss: 0.001520 | Val Loss: 0.001641 | LR: 1.00e-04 | Best: 0.001601
  Epoch  80/300 | Train Loss: 0.001508 | Val Loss: 0.001647 | LR: 1.00e-04 | Best: 0.001601
  Gate   | mean=0.548 std=0.036 [0.431, 0.630] → 偏向LSTM
  Epoch  81/300 | Train Loss: 0.001501 | Val Loss: 0.001599 | LR: 1.00e-04 | Best: 0.001601
  Epoch  82/300 | Train Loss: 0.001478 | Val Loss: 0.001623 | LR: 1.00e-04 | Best: 0.001599
  Epoch  83/300 | Train Loss: 0.001467 | Val Loss: 0.001621 | LR: 1.00e-04 | Best: 0.001599
  Epoch  84/300 | Train Loss: 0.001466 | Val Loss: 0.001601 | LR: 1.00e-04 | Best: 0.001599
  Epoch  85/300 | Train Loss: 0.001451 | Val Loss: 0.001608 | LR: 1.00e-04 | Best: 0.001599
  Epoch  86/300 | Train Loss: 0.001453 | Val Loss: 0.001619 | LR: 1.00e-04 | Best: 0.001599
  Epoch  87/300 | Train Loss: 0.001452 | Val Loss: 0.001615 | LR: 5.00e-05 | Best: 0.001599
  Epoch  88/300 | Train Loss: 0.001453 | Val Loss: 0.001623 | LR: 5.00e-05 | Best: 0.001599
  Epoch  89/300 | Train Loss: 0.001445 | Val Loss: 0.001608 | LR: 5.00e-05 | Best: 0.001599
  Epoch  90/300 | Train Loss: 0.001431 | Val Loss: 0.001610 | LR: 5.00e-05 | Best: 0.001599
  Gate   | mean=0.553 std=0.035 [0.439, 0.630] → 偏向LSTM
  Epoch  91/300 | Train Loss: 0.001426 | Val Loss: 0.001608 | LR: 5.00e-05 | Best: 0.001599

[Early Stopping] No improvement for 10 epochs. Stopping at epoch 91.
[Early Stopping] Best validation loss: 0.001599 at epoch 81

[Checkpoint] Restored best model from epoch 81
============================================================


  ── Result ──
  MAE: 0.022023  RMSE: 0.028489  Hit%: 49.7  vs Zero: +3.52%  [89s]

==========================================================================================
  ABLATION: +EdgeAttn  (variant=edge_attn, feat_dim=21, {})
==========================================================================================
  Params: 1,684,761

============================================================
CMGM Training
============================================================
Device: cuda
Epochs: 300 (early stopping patience=10)
Learning rate: 0.0001, Weight decay: 1e-05
============================================================
  [variant=edge_attn] GCN→([64, 64]) || LSTM→([64, 64]) → head → ([64, 4, 24])
  Epoch   1/300 | Train Loss: 0.005387 | Val Loss: 0.005110 | LR: 1.00e-04 | Best: inf
  Epoch   2/300 | Train Loss: 0.004465 | Val Loss: 0.004707 | LR: 1.00e-04 | Best: 0.005110
  Epoch   3/300 | Train Loss: 0.004121 | Val Loss: 0.004459 | LR: 1.00e-04 | Best: 0.004707
  Epoch   4/300 | Train Loss: 0.003834 | Val Loss: 0.004232 | LR: 1.00e-04 | Best: 0.004459
  Epoch   5/300 | Train Loss: 0.003569 | Val Loss: 0.004048 | LR: 1.00e-04 | Best: 0.004232
  Epoch   6/300 | Train Loss: 0.003325 | Val Loss: 0.003868 | LR: 1.00e-04 | Best: 0.004048
  Epoch   7/300 | Train Loss: 0.003100 | Val Loss: 0.003639 | LR: 1.00e-04 | Best: 0.003868
  Epoch   8/300 | Train Loss: 0.002923 | Val Loss: 0.003430 | LR: 1.00e-04 | Best: 0.003639
  Epoch   9/300 | Train Loss: 0.002748 | Val Loss: 0.003266 | LR: 1.00e-04 | Best: 0.003430
  Epoch  10/300 | Train Loss: 0.002636 | Val Loss: 0.003132 | LR: 1.00e-04 | Best: 0.003266
  Gate   | mean=0.499 std=0.056 [0.363, 0.660] → 偏向GCN
  Epoch  11/300 | Train Loss: 0.002513 | Val Loss: 0.002984 | LR: 1.00e-04 | Best: 0.003132
  Epoch  12/300 | Train Loss: 0.002429 | Val Loss: 0.002872 | LR: 1.00e-04 | Best: 0.002984
  Epoch  13/300 | Train Loss: 0.002374 | Val Loss: 0.002833 | LR: 1.00e-04 | Best: 0.002872
  Epoch  14/300 | Train Loss: 0.002362 | Val Loss: 0.002854 | LR: 1.00e-04 | Best: 0.002833
  Epoch  15/300 | Train Loss: 0.002371 | Val Loss: 0.002943 | LR: 1.00e-04 | Best: 0.002833
  Epoch  16/300 | Train Loss: 0.002391 | Val Loss: 0.003015 | LR: 1.00e-04 | Best: 0.002833
  Epoch  17/300 | Train Loss: 0.002245 | Val Loss: 0.002924 | LR: 1.00e-04 | Best: 0.002833
  Epoch  18/300 | Train Loss: 0.002186 | Val Loss: 0.002807 | LR: 1.00e-04 | Best: 0.002833
  Epoch  19/300 | Train Loss: 0.002111 | Val Loss: 0.002737 | LR: 1.00e-04 | Best: 0.002807
  Epoch  20/300 | Train Loss: 0.002068 | Val Loss: 0.002683 | LR: 1.00e-04 | Best: 0.002737
  Gate   | mean=0.514 std=0.053 [0.379, 0.682] → 偏向LSTM
  Epoch  21/300 | Train Loss: 0.002044 | Val Loss: 0.002607 | LR: 1.00e-04 | Best: 0.002683
  Epoch  22/300 | Train Loss: 0.002020 | Val Loss: 0.002592 | LR: 1.00e-04 | Best: 0.002607
  Epoch  23/300 | Train Loss: 0.002006 | Val Loss: 0.002563 | LR: 1.00e-04 | Best: 0.002592
  Epoch  24/300 | Train Loss: 0.001985 | Val Loss: 0.002541 | LR: 1.00e-04 | Best: 0.002563
  Epoch  25/300 | Train Loss: 0.001971 | Val Loss: 0.002522 | LR: 1.00e-04 | Best: 0.002541
  Epoch  26/300 | Train Loss: 0.001949 | Val Loss: 0.002483 | LR: 1.00e-04 | Best: 0.002522
  Epoch  27/300 | Train Loss: 0.001927 | Val Loss: 0.002452 | LR: 1.00e-04 | Best: 0.002483
  Epoch  28/300 | Train Loss: 0.001921 | Val Loss: 0.002408 | LR: 1.00e-04 | Best: 0.002452
  Epoch  29/300 | Train Loss: 0.001894 | Val Loss: 0.002349 | LR: 1.00e-04 | Best: 0.002408
  Epoch  30/300 | Train Loss: 0.001886 | Val Loss: 0.002319 | LR: 1.00e-04 | Best: 0.002349
  Gate   | mean=0.517 std=0.049 [0.381, 0.674] → 偏向LSTM
  Epoch  31/300 | Train Loss: 0.001874 | Val Loss: 0.002313 | LR: 1.00e-04 | Best: 0.002319
  Epoch  32/300 | Train Loss: 0.001857 | Val Loss: 0.002319 | LR: 1.00e-04 | Best: 0.002313
  Epoch  33/300 | Train Loss: 0.001843 | Val Loss: 0.002302 | LR: 1.00e-04 | Best: 0.002313
  Epoch  34/300 | Train Loss: 0.001832 | Val Loss: 0.002273 | LR: 1.00e-04 | Best: 0.002302
  Epoch  35/300 | Train Loss: 0.001819 | Val Loss: 0.002232 | LR: 1.00e-04 | Best: 0.002273
  Epoch  36/300 | Train Loss: 0.001807 | Val Loss: 0.002194 | LR: 1.00e-04 | Best: 0.002232
  Epoch  37/300 | Train Loss: 0.001797 | Val Loss: 0.002175 | LR: 1.00e-04 | Best: 0.002194
  Epoch  38/300 | Train Loss: 0.001794 | Val Loss: 0.002162 | LR: 1.00e-04 | Best: 0.002175
  Epoch  39/300 | Train Loss: 0.001781 | Val Loss: 0.002152 | LR: 1.00e-04 | Best: 0.002162
  Epoch  40/300 | Train Loss: 0.001785 | Val Loss: 0.002152 | LR: 1.00e-04 | Best: 0.002152
  Gate   | mean=0.522 std=0.047 [0.391, 0.669] → 偏向LSTM
  Epoch  41/300 | Train Loss: 0.001790 | Val Loss: 0.002162 | LR: 1.00e-04 | Best: 0.002152
  Epoch  42/300 | Train Loss: 0.001806 | Val Loss: 0.002123 | LR: 1.00e-04 | Best: 0.002152
  Epoch  43/300 | Train Loss: 0.001805 | Val Loss: 0.002079 | LR: 1.00e-04 | Best: 0.002123
  Epoch  44/300 | Train Loss: 0.001753 | Val Loss: 0.002095 | LR: 1.00e-04 | Best: 0.002079
  Epoch  45/300 | Train Loss: 0.001733 | Val Loss: 0.002065 | LR: 1.00e-04 | Best: 0.002079
  Epoch  46/300 | Train Loss: 0.001705 | Val Loss: 0.002054 | LR: 1.00e-04 | Best: 0.002065
  Epoch  47/300 | Train Loss: 0.001700 | Val Loss: 0.002045 | LR: 1.00e-04 | Best: 0.002054
  Epoch  48/300 | Train Loss: 0.001685 | Val Loss: 0.002036 | LR: 1.00e-04 | Best: 0.002045
  Epoch  49/300 | Train Loss: 0.001683 | Val Loss: 0.002017 | LR: 1.00e-04 | Best: 0.002036
  Epoch  50/300 | Train Loss: 0.001676 | Val Loss: 0.002021 | LR: 1.00e-04 | Best: 0.002017
  Gate   | mean=0.528 std=0.044 [0.402, 0.658] → 偏向LSTM
  Epoch  51/300 | Train Loss: 0.001673 | Val Loss: 0.002004 | LR: 1.00e-04 | Best: 0.002017
  Epoch  52/300 | Train Loss: 0.001671 | Val Loss: 0.001974 | LR: 1.00e-04 | Best: 0.002004
  Epoch  53/300 | Train Loss: 0.001717 | Val Loss: 0.001980 | LR: 1.00e-04 | Best: 0.001974
  Epoch  54/300 | Train Loss: 0.001693 | Val Loss: 0.001965 | LR: 1.00e-04 | Best: 0.001974
  Epoch  55/300 | Train Loss: 0.001665 | Val Loss: 0.001948 | LR: 1.00e-04 | Best: 0.001965
  Epoch  56/300 | Train Loss: 0.001656 | Val Loss: 0.001958 | LR: 1.00e-04 | Best: 0.001948
  Epoch  57/300 | Train Loss: 0.001635 | Val Loss: 0.001947 | LR: 1.00e-04 | Best: 0.001948
  Epoch  58/300 | Train Loss: 0.001626 | Val Loss: 0.001930 | LR: 1.00e-04 | Best: 0.001947
  Epoch  59/300 | Train Loss: 0.001624 | Val Loss: 0.001930 | LR: 1.00e-04 | Best: 0.001930
  Epoch  60/300 | Train Loss: 0.001605 | Val Loss: 0.001926 | LR: 1.00e-04 | Best: 0.001930
  Gate   | mean=0.533 std=0.043 [0.407, 0.651] → 偏向LSTM
  Epoch  61/300 | Train Loss: 0.001599 | Val Loss: 0.001908 | LR: 1.00e-04 | Best: 0.001926
  Epoch  62/300 | Train Loss: 0.001608 | Val Loss: 0.001916 | LR: 1.00e-04 | Best: 0.001908
  Epoch  63/300 | Train Loss: 0.001597 | Val Loss: 0.001913 | LR: 1.00e-04 | Best: 0.001908
  Epoch  64/300 | Train Loss: 0.001609 | Val Loss: 0.001888 | LR: 1.00e-04 | Best: 0.001908
  Epoch  65/300 | Train Loss: 0.001626 | Val Loss: 0.001892 | LR: 1.00e-04 | Best: 0.001888
  Epoch  66/300 | Train Loss: 0.001596 | Val Loss: 0.001890 | LR: 1.00e-04 | Best: 0.001888
  Epoch  67/300 | Train Loss: 0.001588 | Val Loss: 0.001871 | LR: 1.00e-04 | Best: 0.001888
  Epoch  68/300 | Train Loss: 0.001587 | Val Loss: 0.001878 | LR: 1.00e-04 | Best: 0.001871
  Epoch  69/300 | Train Loss: 0.001560 | Val Loss: 0.001879 | LR: 1.00e-04 | Best: 0.001871
  Epoch  70/300 | Train Loss: 0.001561 | Val Loss: 0.001876 | LR: 1.00e-04 | Best: 0.001871
  Gate   | mean=0.538 std=0.043 [0.409, 0.653] → 偏向LSTM
  Epoch  71/300 | Train Loss: 0.001559 | Val Loss: 0.001877 | LR: 1.00e-04 | Best: 0.001871
  Epoch  72/300 | Train Loss: 0.001544 | Val Loss: 0.001865 | LR: 1.00e-04 | Best: 0.001871
  Epoch  73/300 | Train Loss: 0.001541 | Val Loss: 0.001865 | LR: 1.00e-04 | Best: 0.001865
  Epoch  74/300 | Train Loss: 0.001562 | Val Loss: 0.001875 | LR: 1.00e-04 | Best: 0.001865
  Epoch  75/300 | Train Loss: 0.001554 | Val Loss: 0.001868 | LR: 1.00e-04 | Best: 0.001865
  Epoch  76/300 | Train Loss: 0.001552 | Val Loss: 0.001843 | LR: 1.00e-04 | Best: 0.001865
  Epoch  77/300 | Train Loss: 0.001576 | Val Loss: 0.001856 | LR: 1.00e-04 | Best: 0.001843
  Epoch  78/300 | Train Loss: 0.001551 | Val Loss: 0.001830 | LR: 1.00e-04 | Best: 0.001843
  Epoch  79/300 | Train Loss: 0.001521 | Val Loss: 0.001810 | LR: 1.00e-04 | Best: 0.001830
  Epoch  80/300 | Train Loss: 0.001518 | Val Loss: 0.001800 | LR: 1.00e-04 | Best: 0.001810
  Gate   | mean=0.543 std=0.042 [0.422, 0.660] → 偏向LSTM
  Epoch  81/300 | Train Loss: 0.001512 | Val Loss: 0.001778 | LR: 1.00e-04 | Best: 0.001800
  Epoch  82/300 | Train Loss: 0.001501 | Val Loss: 0.001756 | LR: 1.00e-04 | Best: 0.001778
  Epoch  83/300 | Train Loss: 0.001492 | Val Loss: 0.001747 | LR: 1.00e-04 | Best: 0.001756
  Epoch  84/300 | Train Loss: 0.001485 | Val Loss: 0.001719 | LR: 1.00e-04 | Best: 0.001747
  Epoch  85/300 | Train Loss: 0.001484 | Val Loss: 0.001705 | LR: 1.00e-04 | Best: 0.001719
  Epoch  86/300 | Train Loss: 0.001483 | Val Loss: 0.001691 | LR: 1.00e-04 | Best: 0.001705
  Epoch  87/300 | Train Loss: 0.001490 | Val Loss: 0.001680 | LR: 1.00e-04 | Best: 0.001691
  Epoch  88/300 | Train Loss: 0.001490 | Val Loss: 0.001672 | LR: 1.00e-04 | Best: 0.001680
  Epoch  89/300 | Train Loss: 0.001509 | Val Loss: 0.001692 | LR: 1.00e-04 | Best: 0.001672
  Epoch  90/300 | Train Loss: 0.001534 | Val Loss: 0.001647 | LR: 1.00e-04 | Best: 0.001672
  Gate   | mean=0.549 std=0.042 [0.426, 0.668] → 偏向LSTM
  Epoch  91/300 | Train Loss: 0.001499 | Val Loss: 0.001648 | LR: 1.00e-04 | Best: 0.001647
  Epoch  92/300 | Train Loss: 0.001488 | Val Loss: 0.001670 | LR: 1.00e-04 | Best: 0.001647
  Epoch  93/300 | Train Loss: 0.001482 | Val Loss: 0.001630 | LR: 1.00e-04 | Best: 0.001647
  Epoch  94/300 | Train Loss: 0.001468 | Val Loss: 0.001630 | LR: 1.00e-04 | Best: 0.001630
  Epoch  95/300 | Train Loss: 0.001457 | Val Loss: 0.001633 | LR: 1.00e-04 | Best: 0.001630
  Epoch  96/300 | Train Loss: 0.001448 | Val Loss: 0.001617 | LR: 1.00e-04 | Best: 0.001630
  Epoch  97/300 | Train Loss: 0.001449 | Val Loss: 0.001613 | LR: 1.00e-04 | Best: 0.001617
  Epoch  98/300 | Train Loss: 0.001446 | Val Loss: 0.001613 | LR: 1.00e-04 | Best: 0.001613
  Epoch  99/300 | Train Loss: 0.001444 | Val Loss: 0.001615 | LR: 1.00e-04 | Best: 0.001613
  Epoch 100/300 | Train Loss: 0.001454 | Val Loss: 0.001611 | LR: 1.00e-04 | Best: 0.001613
  Gate   | mean=0.554 std=0.041 [0.436, 0.671] → 偏向LSTM
  Epoch 101/300 | Train Loss: 0.001456 | Val Loss: 0.001597 | LR: 1.00e-04 | Best: 0.001611
  Epoch 102/300 | Train Loss: 0.001449 | Val Loss: 0.001602 | LR: 1.00e-04 | Best: 0.001597
  Epoch 103/300 | Train Loss: 0.001458 | Val Loss: 0.001619 | LR: 1.00e-04 | Best: 0.001597
  Epoch 104/300 | Train Loss: 0.001458 | Val Loss: 0.001594 | LR: 1.00e-04 | Best: 0.001597
  Epoch 105/300 | Train Loss: 0.001438 | Val Loss: 0.001589 | LR: 1.00e-04 | Best: 0.001594
  Epoch 106/300 | Train Loss: 0.001432 | Val Loss: 0.001603 | LR: 1.00e-04 | Best: 0.001589
  Epoch 107/300 | Train Loss: 0.001424 | Val Loss: 0.001587 | LR: 1.00e-04 | Best: 0.001589
  Epoch 108/300 | Train Loss: 0.001425 | Val Loss: 0.001593 | LR: 1.00e-04 | Best: 0.001587
  Epoch 109/300 | Train Loss: 0.001416 | Val Loss: 0.001599 | LR: 1.00e-04 | Best: 0.001587
  Epoch 110/300 | Train Loss: 0.001415 | Val Loss: 0.001583 | LR: 1.00e-04 | Best: 0.001587
  Gate   | mean=0.561 std=0.043 [0.434, 0.684] → 偏向LSTM
  Epoch 111/300 | Train Loss: 0.001414 | Val Loss: 0.001579 | LR: 1.00e-04 | Best: 0.001583
  Epoch 112/300 | Train Loss: 0.001406 | Val Loss: 0.001579 | LR: 1.00e-04 | Best: 0.001579
  Epoch 113/300 | Train Loss: 0.001407 | Val Loss: 0.001594 | LR: 1.00e-04 | Best: 0.001579
  Epoch 114/300 | Train Loss: 0.001401 | Val Loss: 0.001583 | LR: 1.00e-04 | Best: 0.001579
  Epoch 115/300 | Train Loss: 0.001409 | Val Loss: 0.001562 | LR: 1.00e-04 | Best: 0.001579
  Epoch 116/300 | Train Loss: 0.001405 | Val Loss: 0.001568 | LR: 1.00e-04 | Best: 0.001562
  Epoch 117/300 | Train Loss: 0.001394 | Val Loss: 0.001605 | LR: 1.00e-04 | Best: 0.001562
  Epoch 118/300 | Train Loss: 0.001412 | Val Loss: 0.001579 | LR: 1.00e-04 | Best: 0.001562
  Epoch 119/300 | Train Loss: 0.001413 | Val Loss: 0.001578 | LR: 1.00e-04 | Best: 0.001562
  Epoch 120/300 | Train Loss: 0.001405 | Val Loss: 0.001569 | LR: 1.00e-04 | Best: 0.001562
  Gate   | mean=0.567 std=0.042 [0.444, 0.687] → 偏向LSTM
  Epoch 121/300 | Train Loss: 0.001383 | Val Loss: 0.001574 | LR: 5.00e-05 | Best: 0.001562
  Epoch 122/300 | Train Loss: 0.001379 | Val Loss: 0.001574 | LR: 5.00e-05 | Best: 0.001562
  Epoch 123/300 | Train Loss: 0.001362 | Val Loss: 0.001561 | LR: 5.00e-05 | Best: 0.001562
  Epoch 124/300 | Train Loss: 0.001352 | Val Loss: 0.001564 | LR: 5.00e-05 | Best: 0.001561
  Epoch 125/300 | Train Loss: 0.001351 | Val Loss: 0.001565 | LR: 5.00e-05 | Best: 0.001561
  Epoch 126/300 | Train Loss: 0.001341 | Val Loss: 0.001560 | LR: 5.00e-05 | Best: 0.001561
  Epoch 127/300 | Train Loss: 0.001347 | Val Loss: 0.001566 | LR: 5.00e-05 | Best: 0.001560
  Epoch 128/300 | Train Loss: 0.001347 | Val Loss: 0.001560 | LR: 5.00e-05 | Best: 0.001560
  Epoch 129/300 | Train Loss: 0.001341 | Val Loss: 0.001567 | LR: 5.00e-05 | Best: 0.001560
  Epoch 130/300 | Train Loss: 0.001337 | Val Loss: 0.001563 | LR: 5.00e-05 | Best: 0.001560
  Gate   | mean=0.572 std=0.043 [0.446, 0.692] → 偏向LSTM
  Epoch 131/300 | Train Loss: 0.001334 | Val Loss: 0.001563 | LR: 5.00e-05 | Best: 0.001560
  Epoch 132/300 | Train Loss: 0.001335 | Val Loss: 0.001565 | LR: 2.50e-05 | Best: 0.001560
  Epoch 133/300 | Train Loss: 0.001333 | Val Loss: 0.001563 | LR: 2.50e-05 | Best: 0.001560
  Epoch 134/300 | Train Loss: 0.001332 | Val Loss: 0.001564 | LR: 2.50e-05 | Best: 0.001560
  Epoch 135/300 | Train Loss: 0.001331 | Val Loss: 0.001564 | LR: 2.50e-05 | Best: 0.001560
  Epoch 136/300 | Train Loss: 0.001325 | Val Loss: 0.001563 | LR: 2.50e-05 | Best: 0.001560

[Early Stopping] No improvement for 10 epochs. Stopping at epoch 136.
[Early Stopping] Best validation loss: 0.001560 at epoch 126

[Checkpoint] Restored best model from epoch 126
============================================================


  ── Result ──
  MAE: 0.021531  RMSE: 0.027983  Hit%: 49.5  vs Zero: +1.21%  [152s]

==========================================================================================
  ABLATION: +EdgeAttnStatic  (variant=edge_attn_static, feat_dim=21, {})
==========================================================================================

============================================================
Graph Construction (pearson)
============================================================

[Graph Step 1] Computing pearson correlation...
     [Pearson] Correlation matrix shape: (284, 284), range: [-0.2194, 1.0000]

[Graph Step 2] Top-10 thresholding (signed)...
     [Threshold] Top-10 edges per node, total=2840, pos=2784, neg=46

[Graph Step 3] Symmetrizing adjacency...

[Graph Step 4] Adding self-loops...

[Graph Step 5] Symmetric normalization...
     [Normalize] Adjacency normalized, range: [-0.0440, 1.0000]

[Graph Step 6] Converting to edge_index/edge_weight...
     [EdgeIndex] edge_index shape: torch.Size([2, 3114]), edges: 3114

[Graph] Market connectivity:
       stock: 248 nodes, 2705 intra-edges
       bond: 12 nodes, 40 intra-edges
       commodity: 24 nodes, 195 intra-edges
  [Static graph] Pearson top-10 dense adjacency: (284, 284)
  Params: 1,678,880

============================================================
CMGM Training
============================================================
Device: cuda
Epochs: 300 (early stopping patience=10)
Learning rate: 0.0001, Weight decay: 1e-05
============================================================
  [variant=edge_attn_static] GCN→([64, 64]) || LSTM→([64, 64]) → head → ([64, 4, 24])
  Epoch   1/300 | Train Loss: 0.004753 | Val Loss: 0.004087 | LR: 1.00e-04 | Best: inf
  Epoch   2/300 | Train Loss: 0.004112 | Val Loss: 0.003754 | LR: 1.00e-04 | Best: 0.004087
  Epoch   3/300 | Train Loss: 0.003845 | Val Loss: 0.003521 | LR: 1.00e-04 | Best: 0.003754
  Epoch   4/300 | Train Loss: 0.003642 | Val Loss: 0.003275 | LR: 1.00e-04 | Best: 0.003521
  Epoch   5/300 | Train Loss: 0.003412 | Val Loss: 0.002952 | LR: 1.00e-04 | Best: 0.003275
  Epoch   6/300 | Train Loss: 0.003137 | Val Loss: 0.002643 | LR: 1.00e-04 | Best: 0.002952
  Epoch   7/300 | Train Loss: 0.002896 | Val Loss: 0.002407 | LR: 1.00e-04 | Best: 0.002643
  Epoch   8/300 | Train Loss: 0.002731 | Val Loss: 0.002244 | LR: 1.00e-04 | Best: 0.002407
  Epoch   9/300 | Train Loss: 0.002604 | Val Loss: 0.002117 | LR: 1.00e-04 | Best: 0.002244
  Epoch  10/300 | Train Loss: 0.002491 | Val Loss: 0.002017 | LR: 1.00e-04 | Best: 0.002117
  Gate   | mean=0.503 std=0.064 [0.342, 0.683] → 偏向LSTM
  Epoch  11/300 | Train Loss: 0.002412 | Val Loss: 0.001955 | LR: 1.00e-04 | Best: 0.002017
  Epoch  12/300 | Train Loss: 0.002339 | Val Loss: 0.001895 | LR: 1.00e-04 | Best: 0.001955
  Epoch  13/300 | Train Loss: 0.002282 | Val Loss: 0.001854 | LR: 1.00e-04 | Best: 0.001895
  Epoch  14/300 | Train Loss: 0.002256 | Val Loss: 0.001813 | LR: 1.00e-04 | Best: 0.001854
  Epoch  15/300 | Train Loss: 0.002219 | Val Loss: 0.001750 | LR: 1.00e-04 | Best: 0.001813
  Epoch  16/300 | Train Loss: 0.002165 | Val Loss: 0.001747 | LR: 1.00e-04 | Best: 0.001750
  Epoch  17/300 | Train Loss: 0.002131 | Val Loss: 0.001748 | LR: 1.00e-04 | Best: 0.001747
  Epoch  18/300 | Train Loss: 0.002101 | Val Loss: 0.001769 | LR: 1.00e-04 | Best: 0.001747
  Epoch  19/300 | Train Loss: 0.002063 | Val Loss: 0.001737 | LR: 1.00e-04 | Best: 0.001747
  Epoch  20/300 | Train Loss: 0.002049 | Val Loss: 0.001694 | LR: 1.00e-04 | Best: 0.001737
  Gate   | mean=0.511 std=0.054 [0.380, 0.646] → 偏向LSTM
  Epoch  21/300 | Train Loss: 0.002010 | Val Loss: 0.001674 | LR: 1.00e-04 | Best: 0.001694
  Epoch  22/300 | Train Loss: 0.001989 | Val Loss: 0.001670 | LR: 1.00e-04 | Best: 0.001674
  Epoch  23/300 | Train Loss: 0.001983 | Val Loss: 0.001676 | LR: 1.00e-04 | Best: 0.001670
  Epoch  24/300 | Train Loss: 0.001955 | Val Loss: 0.001684 | LR: 1.00e-04 | Best: 0.001670
  Epoch  25/300 | Train Loss: 0.001939 | Val Loss: 0.001679 | LR: 1.00e-04 | Best: 0.001670
  Epoch  26/300 | Train Loss: 0.001918 | Val Loss: 0.001664 | LR: 1.00e-04 | Best: 0.001670
  Epoch  27/300 | Train Loss: 0.001915 | Val Loss: 0.001662 | LR: 1.00e-04 | Best: 0.001664
  Epoch  28/300 | Train Loss: 0.001894 | Val Loss: 0.001659 | LR: 1.00e-04 | Best: 0.001662
  Epoch  29/300 | Train Loss: 0.001881 | Val Loss: 0.001654 | LR: 1.00e-04 | Best: 0.001659
  Epoch  30/300 | Train Loss: 0.001874 | Val Loss: 0.001650 | LR: 1.00e-04 | Best: 0.001654
  Gate   | mean=0.515 std=0.049 [0.386, 0.629] → 偏向LSTM
  Epoch  31/300 | Train Loss: 0.001861 | Val Loss: 0.001650 | LR: 1.00e-04 | Best: 0.001650
  Epoch  32/300 | Train Loss: 0.001846 | Val Loss: 0.001649 | LR: 1.00e-04 | Best: 0.001650
  Epoch  33/300 | Train Loss: 0.001837 | Val Loss: 0.001651 | LR: 1.00e-04 | Best: 0.001649
  Epoch  34/300 | Train Loss: 0.001828 | Val Loss: 0.001661 | LR: 1.00e-04 | Best: 0.001649
  Epoch  35/300 | Train Loss: 0.001819 | Val Loss: 0.001664 | LR: 1.00e-04 | Best: 0.001649
  Epoch  36/300 | Train Loss: 0.001812 | Val Loss: 0.001659 | LR: 1.00e-04 | Best: 0.001649
  Epoch  37/300 | Train Loss: 0.001803 | Val Loss: 0.001633 | LR: 1.00e-04 | Best: 0.001649
  Epoch  38/300 | Train Loss: 0.001797 | Val Loss: 0.001643 | LR: 1.00e-04 | Best: 0.001633
  Epoch  39/300 | Train Loss: 0.001794 | Val Loss: 0.001668 | LR: 1.00e-04 | Best: 0.001633
  Epoch  40/300 | Train Loss: 0.001811 | Val Loss: 0.001637 | LR: 1.00e-04 | Best: 0.001633
  Gate   | mean=0.524 std=0.047 [0.398, 0.621] → 偏向LSTM
  Epoch  41/300 | Train Loss: 0.001804 | Val Loss: 0.001795 | LR: 1.00e-04 | Best: 0.001633
  Epoch  42/300 | Train Loss: 0.001863 | Val Loss: 0.001660 | LR: 1.00e-04 | Best: 0.001633
  Epoch  43/300 | Train Loss: 0.001852 | Val Loss: 0.001640 | LR: 5.00e-05 | Best: 0.001633
  Epoch  44/300 | Train Loss: 0.001772 | Val Loss: 0.001646 | LR: 5.00e-05 | Best: 0.001633
  Epoch  45/300 | Train Loss: 0.001740 | Val Loss: 0.001634 | LR: 5.00e-05 | Best: 0.001633
  Epoch  46/300 | Train Loss: 0.001711 | Val Loss: 0.001634 | LR: 5.00e-05 | Best: 0.001633
  Epoch  47/300 | Train Loss: 0.001707 | Val Loss: 0.001634 | LR: 5.00e-05 | Best: 0.001633

[Early Stopping] No improvement for 10 epochs. Stopping at epoch 47.
[Early Stopping] Best validation loss: 0.001633 at epoch 37

[Checkpoint] Restored best model from epoch 37
============================================================


  ── Result ──
  MAE: 0.022722  RMSE: 0.029126  Hit%: 47.3  vs Zero: +6.81%  [57s]

==========================================================================================
  ABLATION: +AttnH8  (variant=edge_attn, feat_dim=21, {'attn_heads': 8})
==========================================================================================
  Params: 1,684,761

============================================================
CMGM Training
============================================================
Device: cuda
Epochs: 300 (early stopping patience=10)
Learning rate: 0.0001, Weight decay: 1e-05
============================================================
  [variant=edge_attn] GCN→([64, 64]) || LSTM→([64, 64]) → head → ([64, 4, 24])
  Epoch   1/300 | Train Loss: 0.005387 | Val Loss: 0.005110 | LR: 1.00e-04 | Best: inf
  Epoch   2/300 | Train Loss: 0.004465 | Val Loss: 0.004707 | LR: 1.00e-04 | Best: 0.005110
  Epoch   3/300 | Train Loss: 0.004121 | Val Loss: 0.004459 | LR: 1.00e-04 | Best: 0.004707
  Epoch   4/300 | Train Loss: 0.003834 | Val Loss: 0.004232 | LR: 1.00e-04 | Best: 0.004459
  Epoch   5/300 | Train Loss: 0.003569 | Val Loss: 0.004048 | LR: 1.00e-04 | Best: 0.004232
  Epoch   6/300 | Train Loss: 0.003325 | Val Loss: 0.003868 | LR: 1.00e-04 | Best: 0.004048
  Epoch   7/300 | Train Loss: 0.003100 | Val Loss: 0.003639 | LR: 1.00e-04 | Best: 0.003868
  Epoch   8/300 | Train Loss: 0.002923 | Val Loss: 0.003430 | LR: 1.00e-04 | Best: 0.003639
  Epoch   9/300 | Train Loss: 0.002748 | Val Loss: 0.003266 | LR: 1.00e-04 | Best: 0.003430
  Epoch  10/300 | Train Loss: 0.002636 | Val Loss: 0.003132 | LR: 1.00e-04 | Best: 0.003266
  Gate   | mean=0.499 std=0.056 [0.363, 0.660] → 偏向GCN
  Epoch  11/300 | Train Loss: 0.002513 | Val Loss: 0.002984 | LR: 1.00e-04 | Best: 0.003132
  Epoch  12/300 | Train Loss: 0.002429 | Val Loss: 0.002872 | LR: 1.00e-04 | Best: 0.002984
  Epoch  13/300 | Train Loss: 0.002374 | Val Loss: 0.002833 | LR: 1.00e-04 | Best: 0.002872
  Epoch  14/300 | Train Loss: 0.002362 | Val Loss: 0.002854 | LR: 1.00e-04 | Best: 0.002833
  Epoch  15/300 | Train Loss: 0.002371 | Val Loss: 0.002943 | LR: 1.00e-04 | Best: 0.002833
  Epoch  16/300 | Train Loss: 0.002391 | Val Loss: 0.003015 | LR: 1.00e-04 | Best: 0.002833
  Epoch  17/300 | Train Loss: 0.002245 | Val Loss: 0.002924 | LR: 1.00e-04 | Best: 0.002833
  Epoch  18/300 | Train Loss: 0.002186 | Val Loss: 0.002807 | LR: 1.00e-04 | Best: 0.002833
  Epoch  19/300 | Train Loss: 0.002111 | Val Loss: 0.002737 | LR: 1.00e-04 | Best: 0.002807
  Epoch  20/300 | Train Loss: 0.002068 | Val Loss: 0.002683 | LR: 1.00e-04 | Best: 0.002737
  Gate   | mean=0.514 std=0.053 [0.379, 0.682] → 偏向LSTM
  Epoch  21/300 | Train Loss: 0.002044 | Val Loss: 0.002607 | LR: 1.00e-04 | Best: 0.002683
  Epoch  22/300 | Train Loss: 0.002020 | Val Loss: 0.002592 | LR: 1.00e-04 | Best: 0.002607
  Epoch  23/300 | Train Loss: 0.002006 | Val Loss: 0.002563 | LR: 1.00e-04 | Best: 0.002592
  Epoch  24/300 | Train Loss: 0.001985 | Val Loss: 0.002541 | LR: 1.00e-04 | Best: 0.002563
  Epoch  25/300 | Train Loss: 0.001971 | Val Loss: 0.002522 | LR: 1.00e-04 | Best: 0.002541
  Epoch  26/300 | Train Loss: 0.001949 | Val Loss: 0.002483 | LR: 1.00e-04 | Best: 0.002522
  Epoch  27/300 | Train Loss: 0.001927 | Val Loss: 0.002452 | LR: 1.00e-04 | Best: 0.002483
  Epoch  28/300 | Train Loss: 0.001921 | Val Loss: 0.002408 | LR: 1.00e-04 | Best: 0.002452
  Epoch  29/300 | Train Loss: 0.001894 | Val Loss: 0.002349 | LR: 1.00e-04 | Best: 0.002408
  Epoch  30/300 | Train Loss: 0.001886 | Val Loss: 0.002319 | LR: 1.00e-04 | Best: 0.002349
  Gate   | mean=0.517 std=0.049 [0.381, 0.674] → 偏向LSTM
  Epoch  31/300 | Train Loss: 0.001874 | Val Loss: 0.002313 | LR: 1.00e-04 | Best: 0.002319
  Epoch  32/300 | Train Loss: 0.001857 | Val Loss: 0.002319 | LR: 1.00e-04 | Best: 0.002313
  Epoch  33/300 | Train Loss: 0.001843 | Val Loss: 0.002302 | LR: 1.00e-04 | Best: 0.002313
  Epoch  34/300 | Train Loss: 0.001832 | Val Loss: 0.002273 | LR: 1.00e-04 | Best: 0.002302
  Epoch  35/300 | Train Loss: 0.001819 | Val Loss: 0.002232 | LR: 1.00e-04 | Best: 0.002273
  Epoch  36/300 | Train Loss: 0.001807 | Val Loss: 0.002194 | LR: 1.00e-04 | Best: 0.002232
  Epoch  37/300 | Train Loss: 0.001797 | Val Loss: 0.002175 | LR: 1.00e-04 | Best: 0.002194
  Epoch  38/300 | Train Loss: 0.001794 | Val Loss: 0.002162 | LR: 1.00e-04 | Best: 0.002175
  Epoch  39/300 | Train Loss: 0.001781 | Val Loss: 0.002152 | LR: 1.00e-04 | Best: 0.002162
  Epoch  40/300 | Train Loss: 0.001785 | Val Loss: 0.002152 | LR: 1.00e-04 | Best: 0.002152
  Gate   | mean=0.522 std=0.047 [0.391, 0.669] → 偏向LSTM
  Epoch  41/300 | Train Loss: 0.001790 | Val Loss: 0.002162 | LR: 1.00e-04 | Best: 0.002152
  Epoch  42/300 | Train Loss: 0.001806 | Val Loss: 0.002123 | LR: 1.00e-04 | Best: 0.002152
  Epoch  43/300 | Train Loss: 0.001805 | Val Loss: 0.002079 | LR: 1.00e-04 | Best: 0.002123
  Epoch  44/300 | Train Loss: 0.001753 | Val Loss: 0.002095 | LR: 1.00e-04 | Best: 0.002079
  Epoch  45/300 | Train Loss: 0.001733 | Val Loss: 0.002065 | LR: 1.00e-04 | Best: 0.002079
  Epoch  46/300 | Train Loss: 0.001705 | Val Loss: 0.002054 | LR: 1.00e-04 | Best: 0.002065
  Epoch  47/300 | Train Loss: 0.001700 | Val Loss: 0.002045 | LR: 1.00e-04 | Best: 0.002054
  Epoch  48/300 | Train Loss: 0.001685 | Val Loss: 0.002036 | LR: 1.00e-04 | Best: 0.002045
  Epoch  49/300 | Train Loss: 0.001683 | Val Loss: 0.002017 | LR: 1.00e-04 | Best: 0.002036
  Epoch  50/300 | Train Loss: 0.001676 | Val Loss: 0.002021 | LR: 1.00e-04 | Best: 0.002017
  Gate   | mean=0.528 std=0.044 [0.402, 0.658] → 偏向LSTM
  Epoch  51/300 | Train Loss: 0.001673 | Val Loss: 0.002004 | LR: 1.00e-04 | Best: 0.002017
  Epoch  52/300 | Train Loss: 0.001671 | Val Loss: 0.001974 | LR: 1.00e-04 | Best: 0.002004
  Epoch  53/300 | Train Loss: 0.001717 | Val Loss: 0.001980 | LR: 1.00e-04 | Best: 0.001974
  Epoch  54/300 | Train Loss: 0.001693 | Val Loss: 0.001965 | LR: 1.00e-04 | Best: 0.001974
  Epoch  55/300 | Train Loss: 0.001665 | Val Loss: 0.001948 | LR: 1.00e-04 | Best: 0.001965
  Epoch  56/300 | Train Loss: 0.001656 | Val Loss: 0.001958 | LR: 1.00e-04 | Best: 0.001948
  Epoch  57/300 | Train Loss: 0.001635 | Val Loss: 0.001947 | LR: 1.00e-04 | Best: 0.001948
  Epoch  58/300 | Train Loss: 0.001626 | Val Loss: 0.001930 | LR: 1.00e-04 | Best: 0.001947
  Epoch  59/300 | Train Loss: 0.001624 | Val Loss: 0.001930 | LR: 1.00e-04 | Best: 0.001930
  Epoch  60/300 | Train Loss: 0.001605 | Val Loss: 0.001926 | LR: 1.00e-04 | Best: 0.001930
  Gate   | mean=0.533 std=0.043 [0.407, 0.651] → 偏向LSTM
  Epoch  61/300 | Train Loss: 0.001599 | Val Loss: 0.001908 | LR: 1.00e-04 | Best: 0.001926
  Epoch  62/300 | Train Loss: 0.001608 | Val Loss: 0.001916 | LR: 1.00e-04 | Best: 0.001908
  Epoch  63/300 | Train Loss: 0.001597 | Val Loss: 0.001913 | LR: 1.00e-04 | Best: 0.001908
  Epoch  64/300 | Train Loss: 0.001609 | Val Loss: 0.001888 | LR: 1.00e-04 | Best: 0.001908
  Epoch  65/300 | Train Loss: 0.001626 | Val Loss: 0.001892 | LR: 1.00e-04 | Best: 0.001888
  Epoch  66/300 | Train Loss: 0.001596 | Val Loss: 0.001890 | LR: 1.00e-04 | Best: 0.001888
  Epoch  67/300 | Train Loss: 0.001588 | Val Loss: 0.001871 | LR: 1.00e-04 | Best: 0.001888
  Epoch  68/300 | Train Loss: 0.001587 | Val Loss: 0.001878 | LR: 1.00e-04 | Best: 0.001871
  Epoch  69/300 | Train Loss: 0.001560 | Val Loss: 0.001879 | LR: 1.00e-04 | Best: 0.001871
  Epoch  70/300 | Train Loss: 0.001561 | Val Loss: 0.001876 | LR: 1.00e-04 | Best: 0.001871
  Gate   | mean=0.538 std=0.043 [0.409, 0.653] → 偏向LSTM
  Epoch  71/300 | Train Loss: 0.001559 | Val Loss: 0.001877 | LR: 1.00e-04 | Best: 0.001871
  Epoch  72/300 | Train Loss: 0.001544 | Val Loss: 0.001865 | LR: 1.00e-04 | Best: 0.001871
  Epoch  73/300 | Train Loss: 0.001541 | Val Loss: 0.001865 | LR: 1.00e-04 | Best: 0.001865
  Epoch  74/300 | Train Loss: 0.001562 | Val Loss: 0.001875 | LR: 1.00e-04 | Best: 0.001865
  Epoch  75/300 | Train Loss: 0.001554 | Val Loss: 0.001868 | LR: 1.00e-04 | Best: 0.001865
  Epoch  76/300 | Train Loss: 0.001552 | Val Loss: 0.001843 | LR: 1.00e-04 | Best: 0.001865
  Epoch  77/300 | Train Loss: 0.001576 | Val Loss: 0.001856 | LR: 1.00e-04 | Best: 0.001843
  Epoch  78/300 | Train Loss: 0.001551 | Val Loss: 0.001830 | LR: 1.00e-04 | Best: 0.001843
  Epoch  79/300 | Train Loss: 0.001521 | Val Loss: 0.001810 | LR: 1.00e-04 | Best: 0.001830
  Epoch  80/300 | Train Loss: 0.001518 | Val Loss: 0.001800 | LR: 1.00e-04 | Best: 0.001810
  Gate   | mean=0.543 std=0.042 [0.422, 0.660] → 偏向LSTM
  Epoch  81/300 | Train Loss: 0.001512 | Val Loss: 0.001778 | LR: 1.00e-04 | Best: 0.001800
  Epoch  82/300 | Train Loss: 0.001501 | Val Loss: 0.001756 | LR: 1.00e-04 | Best: 0.001778
  Epoch  83/300 | Train Loss: 0.001492 | Val Loss: 0.001747 | LR: 1.00e-04 | Best: 0.001756
  Epoch  84/300 | Train Loss: 0.001485 | Val Loss: 0.001719 | LR: 1.00e-04 | Best: 0.001747
  Epoch  85/300 | Train Loss: 0.001484 | Val Loss: 0.001705 | LR: 1.00e-04 | Best: 0.001719
  Epoch  86/300 | Train Loss: 0.001483 | Val Loss: 0.001691 | LR: 1.00e-04 | Best: 0.001705
  Epoch  87/300 | Train Loss: 0.001490 | Val Loss: 0.001680 | LR: 1.00e-04 | Best: 0.001691
  Epoch  88/300 | Train Loss: 0.001490 | Val Loss: 0.001672 | LR: 1.00e-04 | Best: 0.001680
  Epoch  89/300 | Train Loss: 0.001509 | Val Loss: 0.001692 | LR: 1.00e-04 | Best: 0.001672
  Epoch  90/300 | Train Loss: 0.001534 | Val Loss: 0.001647 | LR: 1.00e-04 | Best: 0.001672
  Gate   | mean=0.549 std=0.042 [0.426, 0.668] → 偏向LSTM
  Epoch  91/300 | Train Loss: 0.001499 | Val Loss: 0.001648 | LR: 1.00e-04 | Best: 0.001647
  Epoch  92/300 | Train Loss: 0.001488 | Val Loss: 0.001670 | LR: 1.00e-04 | Best: 0.001647
  Epoch  93/300 | Train Loss: 0.001482 | Val Loss: 0.001630 | LR: 1.00e-04 | Best: 0.001647
  Epoch  94/300 | Train Loss: 0.001468 | Val Loss: 0.001630 | LR: 1.00e-04 | Best: 0.001630
  Epoch  95/300 | Train Loss: 0.001457 | Val Loss: 0.001633 | LR: 1.00e-04 | Best: 0.001630
  Epoch  96/300 | Train Loss: 0.001448 | Val Loss: 0.001617 | LR: 1.00e-04 | Best: 0.001630
  Epoch  97/300 | Train Loss: 0.001449 | Val Loss: 0.001613 | LR: 1.00e-04 | Best: 0.001617
  Epoch  98/300 | Train Loss: 0.001446 | Val Loss: 0.001613 | LR: 1.00e-04 | Best: 0.001613
  Epoch  99/300 | Train Loss: 0.001444 | Val Loss: 0.001615 | LR: 1.00e-04 | Best: 0.001613
  Epoch 100/300 | Train Loss: 0.001454 | Val Loss: 0.001611 | LR: 1.00e-04 | Best: 0.001613
  Gate   | mean=0.554 std=0.041 [0.436, 0.671] → 偏向LSTM
  Epoch 101/300 | Train Loss: 0.001456 | Val Loss: 0.001597 | LR: 1.00e-04 | Best: 0.001611
  Epoch 102/300 | Train Loss: 0.001449 | Val Loss: 0.001602 | LR: 1.00e-04 | Best: 0.001597
  Epoch 103/300 | Train Loss: 0.001458 | Val Loss: 0.001619 | LR: 1.00e-04 | Best: 0.001597
  Epoch 104/300 | Train Loss: 0.001458 | Val Loss: 0.001594 | LR: 1.00e-04 | Best: 0.001597
  Epoch 105/300 | Train Loss: 0.001438 | Val Loss: 0.001589 | LR: 1.00e-04 | Best: 0.001594
  Epoch 106/300 | Train Loss: 0.001432 | Val Loss: 0.001603 | LR: 1.00e-04 | Best: 0.001589
  Epoch 107/300 | Train Loss: 0.001424 | Val Loss: 0.001587 | LR: 1.00e-04 | Best: 0.001589
  Epoch 108/300 | Train Loss: 0.001425 | Val Loss: 0.001593 | LR: 1.00e-04 | Best: 0.001587
  Epoch 109/300 | Train Loss: 0.001416 | Val Loss: 0.001599 | LR: 1.00e-04 | Best: 0.001587
  Epoch 110/300 | Train Loss: 0.001415 | Val Loss: 0.001583 | LR: 1.00e-04 | Best: 0.001587
  Gate   | mean=0.561 std=0.043 [0.434, 0.684] → 偏向LSTM
  Epoch 111/300 | Train Loss: 0.001414 | Val Loss: 0.001579 | LR: 1.00e-04 | Best: 0.001583
  Epoch 112/300 | Train Loss: 0.001406 | Val Loss: 0.001579 | LR: 1.00e-04 | Best: 0.001579
  Epoch 113/300 | Train Loss: 0.001407 | Val Loss: 0.001594 | LR: 1.00e-04 | Best: 0.001579
  Epoch 114/300 | Train Loss: 0.001401 | Val Loss: 0.001583 | LR: 1.00e-04 | Best: 0.001579
  Epoch 115/300 | Train Loss: 0.001409 | Val Loss: 0.001562 | LR: 1.00e-04 | Best: 0.001579
  Epoch 116/300 | Train Loss: 0.001405 | Val Loss: 0.001568 | LR: 1.00e-04 | Best: 0.001562
  Epoch 117/300 | Train Loss: 0.001394 | Val Loss: 0.001605 | LR: 1.00e-04 | Best: 0.001562
  Epoch 118/300 | Train Loss: 0.001412 | Val Loss: 0.001579 | LR: 1.00e-04 | Best: 0.001562
  Epoch 119/300 | Train Loss: 0.001413 | Val Loss: 0.001578 | LR: 1.00e-04 | Best: 0.001562
  Epoch 120/300 | Train Loss: 0.001405 | Val Loss: 0.001569 | LR: 1.00e-04 | Best: 0.001562
  Gate   | mean=0.567 std=0.042 [0.444, 0.687] → 偏向LSTM
  Epoch 121/300 | Train Loss: 0.001383 | Val Loss: 0.001574 | LR: 5.00e-05 | Best: 0.001562
  Epoch 122/300 | Train Loss: 0.001379 | Val Loss: 0.001574 | LR: 5.00e-05 | Best: 0.001562
  Epoch 123/300 | Train Loss: 0.001362 | Val Loss: 0.001561 | LR: 5.00e-05 | Best: 0.001562
  Epoch 124/300 | Train Loss: 0.001352 | Val Loss: 0.001564 | LR: 5.00e-05 | Best: 0.001561
  Epoch 125/300 | Train Loss: 0.001351 | Val Loss: 0.001565 | LR: 5.00e-05 | Best: 0.001561
  Epoch 126/300 | Train Loss: 0.001341 | Val Loss: 0.001560 | LR: 5.00e-05 | Best: 0.001561
  Epoch 127/300 | Train Loss: 0.001347 | Val Loss: 0.001566 | LR: 5.00e-05 | Best: 0.001560
  Epoch 128/300 | Train Loss: 0.001347 | Val Loss: 0.001560 | LR: 5.00e-05 | Best: 0.001560
  Epoch 129/300 | Train Loss: 0.001341 | Val Loss: 0.001567 | LR: 5.00e-05 | Best: 0.001560
  Epoch 130/300 | Train Loss: 0.001337 | Val Loss: 0.001563 | LR: 5.00e-05 | Best: 0.001560
  Gate   | mean=0.572 std=0.043 [0.446, 0.692] → 偏向LSTM
  Epoch 131/300 | Train Loss: 0.001334 | Val Loss: 0.001563 | LR: 5.00e-05 | Best: 0.001560
  Epoch 132/300 | Train Loss: 0.001335 | Val Loss: 0.001565 | LR: 2.50e-05 | Best: 0.001560
  Epoch 133/300 | Train Loss: 0.001333 | Val Loss: 0.001563 | LR: 2.50e-05 | Best: 0.001560
  Epoch 134/300 | Train Loss: 0.001332 | Val Loss: 0.001564 | LR: 2.50e-05 | Best: 0.001560
  Epoch 135/300 | Train Loss: 0.001331 | Val Loss: 0.001564 | LR: 2.50e-05 | Best: 0.001560
  Epoch 136/300 | Train Loss: 0.001325 | Val Loss: 0.001563 | LR: 2.50e-05 | Best: 0.001560

[Early Stopping] No improvement for 10 epochs. Stopping at epoch 136.
[Early Stopping] Best validation loss: 0.001560 at epoch 126

[Checkpoint] Restored best model from epoch 126
============================================================


  ── Result ──
  MAE: 0.021531  RMSE: 0.027983  Hit%: 49.5  vs Zero: +1.21%  [157s]

==========================================================================================
  ABLATION: +AttnH2  (variant=edge_attn, feat_dim=21, {'attn_heads': 2})
==========================================================================================
  Params: 1,684,761

============================================================
CMGM Training
============================================================
Device: cuda
Epochs: 300 (early stopping patience=10)
Learning rate: 0.0001, Weight decay: 1e-05
============================================================
  [variant=edge_attn] GCN→([64, 64]) || LSTM→([64, 64]) → head → ([64, 4, 24])
  Epoch   1/300 | Train Loss: 0.005386 | Val Loss: 0.004837 | LR: 1.00e-04 | Best: inf
  Epoch   2/300 | Train Loss: 0.004465 | Val Loss: 0.004425 | LR: 1.00e-04 | Best: 0.004837
  Epoch   3/300 | Train Loss: 0.004121 | Val Loss: 0.004172 | LR: 1.00e-04 | Best: 0.004425
  Epoch   4/300 | Train Loss: 0.003834 | Val Loss: 0.003947 | LR: 1.00e-04 | Best: 0.004172
  Epoch   5/300 | Train Loss: 0.003568 | Val Loss: 0.003766 | LR: 1.00e-04 | Best: 0.003947
  Epoch   6/300 | Train Loss: 0.003324 | Val Loss: 0.003570 | LR: 1.00e-04 | Best: 0.003766
  Epoch   7/300 | Train Loss: 0.003099 | Val Loss: 0.003351 | LR: 1.00e-04 | Best: 0.003570
  Epoch   8/300 | Train Loss: 0.002922 | Val Loss: 0.003154 | LR: 1.00e-04 | Best: 0.003351
  Epoch   9/300 | Train Loss: 0.002746 | Val Loss: 0.002977 | LR: 1.00e-04 | Best: 0.003154
  Epoch  10/300 | Train Loss: 0.002630 | Val Loss: 0.002805 | LR: 1.00e-04 | Best: 0.002977
  Gate   | mean=0.499 std=0.056 [0.363, 0.660] → 偏向GCN
  Epoch  11/300 | Train Loss: 0.002507 | Val Loss: 0.002664 | LR: 1.00e-04 | Best: 0.002805
  Epoch  12/300 | Train Loss: 0.002424 | Val Loss: 0.002531 | LR: 1.00e-04 | Best: 0.002664
  Epoch  13/300 | Train Loss: 0.002369 | Val Loss: 0.002483 | LR: 1.00e-04 | Best: 0.002531
  Epoch  14/300 | Train Loss: 0.002355 | Val Loss: 0.002509 | LR: 1.00e-04 | Best: 0.002483
  Epoch  15/300 | Train Loss: 0.002363 | Val Loss: 0.002644 | LR: 1.00e-04 | Best: 0.002483
  Epoch  16/300 | Train Loss: 0.002398 | Val Loss: 0.002823 | LR: 1.00e-04 | Best: 0.002483
  Epoch  17/300 | Train Loss: 0.002254 | Val Loss: 0.002702 | LR: 1.00e-04 | Best: 0.002483
  Epoch  18/300 | Train Loss: 0.002196 | Val Loss: 0.002555 | LR: 1.00e-04 | Best: 0.002483
  Epoch  19/300 | Train Loss: 0.002115 | Val Loss: 0.002464 | LR: 1.00e-04 | Best: 0.002483
  Epoch  20/300 | Train Loss: 0.002070 | Val Loss: 0.002434 | LR: 1.00e-04 | Best: 0.002464
  Gate   | mean=0.514 std=0.053 [0.379, 0.682] → 偏向LSTM
  Epoch  21/300 | Train Loss: 0.002045 | Val Loss: 0.002382 | LR: 1.00e-04 | Best: 0.002434
  Epoch  22/300 | Train Loss: 0.002022 | Val Loss: 0.002358 | LR: 1.00e-04 | Best: 0.002382
  Epoch  23/300 | Train Loss: 0.002008 | Val Loss: 0.002356 | LR: 1.00e-04 | Best: 0.002358
  Epoch  24/300 | Train Loss: 0.001985 | Val Loss: 0.002395 | LR: 1.00e-04 | Best: 0.002356
  Epoch  25/300 | Train Loss: 0.001968 | Val Loss: 0.002426 | LR: 1.00e-04 | Best: 0.002356
  Epoch  26/300 | Train Loss: 0.001946 | Val Loss: 0.002398 | LR: 1.00e-04 | Best: 0.002356
  Epoch  27/300 | Train Loss: 0.001925 | Val Loss: 0.002368 | LR: 1.00e-04 | Best: 0.002356
  Epoch  28/300 | Train Loss: 0.001917 | Val Loss: 0.002323 | LR: 1.00e-04 | Best: 0.002356
  Epoch  29/300 | Train Loss: 0.001890 | Val Loss: 0.002277 | LR: 1.00e-04 | Best: 0.002323
  Epoch  30/300 | Train Loss: 0.001884 | Val Loss: 0.002264 | LR: 1.00e-04 | Best: 0.002277
  Gate   | mean=0.517 std=0.049 [0.381, 0.674] → 偏向LSTM
  Epoch  31/300 | Train Loss: 0.001874 | Val Loss: 0.002277 | LR: 1.00e-04 | Best: 0.002264
  Epoch  32/300 | Train Loss: 0.001856 | Val Loss: 0.002273 | LR: 1.00e-04 | Best: 0.002264
  Epoch  33/300 | Train Loss: 0.001842 | Val Loss: 0.002266 | LR: 1.00e-04 | Best: 0.002264
  Epoch  34/300 | Train Loss: 0.001834 | Val Loss: 0.002222 | LR: 1.00e-04 | Best: 0.002264
  Epoch  35/300 | Train Loss: 0.001818 | Val Loss: 0.002176 | LR: 1.00e-04 | Best: 0.002222
  Epoch  36/300 | Train Loss: 0.001806 | Val Loss: 0.002114 | LR: 1.00e-04 | Best: 0.002176
  Epoch  37/300 | Train Loss: 0.001797 | Val Loss: 0.002102 | LR: 1.00e-04 | Best: 0.002114
  Epoch  38/300 | Train Loss: 0.001793 | Val Loss: 0.002105 | LR: 1.00e-04 | Best: 0.002102
  Epoch  39/300 | Train Loss: 0.001780 | Val Loss: 0.002057 | LR: 1.00e-04 | Best: 0.002102
  Epoch  40/300 | Train Loss: 0.001774 | Val Loss: 0.002033 | LR: 1.00e-04 | Best: 0.002057
  Gate   | mean=0.522 std=0.048 [0.386, 0.670] → 偏向LSTM
  Epoch  41/300 | Train Loss: 0.001771 | Val Loss: 0.002046 | LR: 1.00e-04 | Best: 0.002033
  Epoch  42/300 | Train Loss: 0.001796 | Val Loss: 0.001982 | LR: 1.00e-04 | Best: 0.002033
  Epoch  43/300 | Train Loss: 0.001798 | Val Loss: 0.001890 | LR: 1.00e-04 | Best: 0.001982
  Epoch  44/300 | Train Loss: 0.001814 | Val Loss: 0.001907 | LR: 1.00e-04 | Best: 0.001890
  Epoch  45/300 | Train Loss: 0.001750 | Val Loss: 0.001899 | LR: 1.00e-04 | Best: 0.001890
  Epoch  46/300 | Train Loss: 0.001711 | Val Loss: 0.001884 | LR: 1.00e-04 | Best: 0.001890
  Epoch  47/300 | Train Loss: 0.001704 | Val Loss: 0.001869 | LR: 1.00e-04 | Best: 0.001884
  Epoch  48/300 | Train Loss: 0.001686 | Val Loss: 0.001874 | LR: 1.00e-04 | Best: 0.001869
  Epoch  49/300 | Train Loss: 0.001688 | Val Loss: 0.001852 | LR: 1.00e-04 | Best: 0.001869
  Epoch  50/300 | Train Loss: 0.001676 | Val Loss: 0.001830 | LR: 1.00e-04 | Best: 0.001852
  Gate   | mean=0.528 std=0.045 [0.397, 0.658] → 偏向LSTM
  Epoch  51/300 | Train Loss: 0.001665 | Val Loss: 0.001846 | LR: 1.00e-04 | Best: 0.001830
  Epoch  52/300 | Train Loss: 0.001666 | Val Loss: 0.001813 | LR: 1.00e-04 | Best: 0.001830
  Epoch  53/300 | Train Loss: 0.001685 | Val Loss: 0.001782 | LR: 1.00e-04 | Best: 0.001813
  Epoch  54/300 | Train Loss: 0.001678 | Val Loss: 0.001828 | LR: 1.00e-04 | Best: 0.001782
  Epoch  55/300 | Train Loss: 0.001711 | Val Loss: 0.001801 | LR: 1.00e-04 | Best: 0.001782
  Epoch  56/300 | Train Loss: 0.001655 | Val Loss: 0.001799 | LR: 1.00e-04 | Best: 0.001782
  Epoch  57/300 | Train Loss: 0.001649 | Val Loss: 0.001814 | LR: 1.00e-04 | Best: 0.001782
  Epoch  58/300 | Train Loss: 0.001636 | Val Loss: 0.001795 | LR: 1.00e-04 | Best: 0.001782
  Epoch  59/300 | Train Loss: 0.001616 | Val Loss: 0.001797 | LR: 5.00e-05 | Best: 0.001782
  Epoch  60/300 | Train Loss: 0.001601 | Val Loss: 0.001807 | LR: 5.00e-05 | Best: 0.001782
  Gate   | mean=0.533 std=0.043 [0.404, 0.648] → 偏向LSTM
  Epoch  61/300 | Train Loss: 0.001592 | Val Loss: 0.001802 | LR: 5.00e-05 | Best: 0.001782
  Epoch  62/300 | Train Loss: 0.001589 | Val Loss: 0.001804 | LR: 5.00e-05 | Best: 0.001782
  Epoch  63/300 | Train Loss: 0.001583 | Val Loss: 0.001806 | LR: 5.00e-05 | Best: 0.001782

[Early Stopping] No improvement for 10 epochs. Stopping at epoch 63.
[Early Stopping] Best validation loss: 0.001782 at epoch 53

[Checkpoint] Restored best model from epoch 53
============================================================


  ── Result ──
  MAE: 0.025447  RMSE: 0.032027  Hit%: 50.4  vs Zero: +19.62%  [60s]

==========================================================================================
  ABLATION: +AttnDrop05  (variant=edge_attn, feat_dim=21, {'attn_dropout': 0.05})
==========================================================================================
  Params: 1,684,761

============================================================
CMGM Training
============================================================
Device: cuda
Epochs: 300 (early stopping patience=10)
Learning rate: 0.0001, Weight decay: 1e-05
============================================================
  [variant=edge_attn] GCN→([64, 64]) || LSTM→([64, 64]) → head → ([64, 4, 24])
  Epoch   1/300 | Train Loss: 0.005387 | Val Loss: 0.005114 | LR: 1.00e-04 | Best: inf
  Epoch   2/300 | Train Loss: 0.004465 | Val Loss: 0.004714 | LR: 1.00e-04 | Best: 0.005114
  Epoch   3/300 | Train Loss: 0.004121 | Val Loss: 0.004459 | LR: 1.00e-04 | Best: 0.004714
  Epoch   4/300 | Train Loss: 0.003833 | Val Loss: 0.004233 | LR: 1.00e-04 | Best: 0.004459
  Epoch   5/300 | Train Loss: 0.003568 | Val Loss: 0.004054 | LR: 1.00e-04 | Best: 0.004233
  Epoch   6/300 | Train Loss: 0.003324 | Val Loss: 0.003868 | LR: 1.00e-04 | Best: 0.004054
  Epoch   7/300 | Train Loss: 0.003100 | Val Loss: 0.003635 | LR: 1.00e-04 | Best: 0.003868
  Epoch   8/300 | Train Loss: 0.002923 | Val Loss: 0.003430 | LR: 1.00e-04 | Best: 0.003635
  Epoch   9/300 | Train Loss: 0.002748 | Val Loss: 0.003261 | LR: 1.00e-04 | Best: 0.003430
  Epoch  10/300 | Train Loss: 0.002634 | Val Loss: 0.003125 | LR: 1.00e-04 | Best: 0.003261
  Gate   | mean=0.499 std=0.056 [0.363, 0.660] → 偏向GCN
  Epoch  11/300 | Train Loss: 0.002510 | Val Loss: 0.002972 | LR: 1.00e-04 | Best: 0.003125
  Epoch  12/300 | Train Loss: 0.002427 | Val Loss: 0.002872 | LR: 1.00e-04 | Best: 0.002972
  Epoch  13/300 | Train Loss: 0.002372 | Val Loss: 0.002832 | LR: 1.00e-04 | Best: 0.002872
  Epoch  14/300 | Train Loss: 0.002360 | Val Loss: 0.002862 | LR: 1.00e-04 | Best: 0.002832
  Epoch  15/300 | Train Loss: 0.002369 | Val Loss: 0.002947 | LR: 1.00e-04 | Best: 0.002832
  Epoch  16/300 | Train Loss: 0.002393 | Val Loss: 0.003035 | LR: 1.00e-04 | Best: 0.002832
  Epoch  17/300 | Train Loss: 0.002249 | Val Loss: 0.002931 | LR: 1.00e-04 | Best: 0.002832
  Epoch  18/300 | Train Loss: 0.002189 | Val Loss: 0.002809 | LR: 1.00e-04 | Best: 0.002832
  Epoch  19/300 | Train Loss: 0.002111 | Val Loss: 0.002735 | LR: 1.00e-04 | Best: 0.002809
  Epoch  20/300 | Train Loss: 0.002068 | Val Loss: 0.002679 | LR: 1.00e-04 | Best: 0.002735
  Gate   | mean=0.514 std=0.053 [0.379, 0.682] → 偏向LSTM
  Epoch  21/300 | Train Loss: 0.002044 | Val Loss: 0.002616 | LR: 1.00e-04 | Best: 0.002679
  Epoch  22/300 | Train Loss: 0.002020 | Val Loss: 0.002585 | LR: 1.00e-04 | Best: 0.002616
  Epoch  23/300 | Train Loss: 0.002006 | Val Loss: 0.002557 | LR: 1.00e-04 | Best: 0.002585
  Epoch  24/300 | Train Loss: 0.001983 | Val Loss: 0.002545 | LR: 1.00e-04 | Best: 0.002557
  Epoch  25/300 | Train Loss: 0.001968 | Val Loss: 0.002517 | LR: 1.00e-04 | Best: 0.002545
  Epoch  26/300 | Train Loss: 0.001946 | Val Loss: 0.002484 | LR: 1.00e-04 | Best: 0.002517
  Epoch  27/300 | Train Loss: 0.001925 | Val Loss: 0.002451 | LR: 1.00e-04 | Best: 0.002484
  Epoch  28/300 | Train Loss: 0.001918 | Val Loss: 0.002407 | LR: 1.00e-04 | Best: 0.002451
  Epoch  29/300 | Train Loss: 0.001891 | Val Loss: 0.002352 | LR: 1.00e-04 | Best: 0.002407
  Epoch  30/300 | Train Loss: 0.001884 | Val Loss: 0.002324 | LR: 1.00e-04 | Best: 0.002352
  Gate   | mean=0.517 std=0.050 [0.380, 0.675] → 偏向LSTM
  Epoch  31/300 | Train Loss: 0.001873 | Val Loss: 0.002326 | LR: 1.00e-04 | Best: 0.002324
  Epoch  32/300 | Train Loss: 0.001857 | Val Loss: 0.002324 | LR: 1.00e-04 | Best: 0.002324
  Epoch  33/300 | Train Loss: 0.001842 | Val Loss: 0.002306 | LR: 1.00e-04 | Best: 0.002324
  Epoch  34/300 | Train Loss: 0.001834 | Val Loss: 0.002277 | LR: 1.00e-04 | Best: 0.002306
  Epoch  35/300 | Train Loss: 0.001820 | Val Loss: 0.002234 | LR: 1.00e-04 | Best: 0.002277
  Epoch  36/300 | Train Loss: 0.001807 | Val Loss: 0.002202 | LR: 1.00e-04 | Best: 0.002234
  Epoch  37/300 | Train Loss: 0.001798 | Val Loss: 0.002174 | LR: 1.00e-04 | Best: 0.002202
  Epoch  38/300 | Train Loss: 0.001794 | Val Loss: 0.002166 | LR: 1.00e-04 | Best: 0.002174
  Epoch  39/300 | Train Loss: 0.001781 | Val Loss: 0.002160 | LR: 1.00e-04 | Best: 0.002166
  Epoch  40/300 | Train Loss: 0.001776 | Val Loss: 0.002147 | LR: 1.00e-04 | Best: 0.002160
  Gate   | mean=0.522 std=0.048 [0.387, 0.671] → 偏向LSTM
  Epoch  41/300 | Train Loss: 0.001771 | Val Loss: 0.002160 | LR: 1.00e-04 | Best: 0.002147
  Epoch  42/300 | Train Loss: 0.001794 | Val Loss: 0.002128 | LR: 1.00e-04 | Best: 0.002147
  Epoch  43/300 | Train Loss: 0.001806 | Val Loss: 0.002067 | LR: 1.00e-04 | Best: 0.002128
  Epoch  44/300 | Train Loss: 0.001804 | Val Loss: 0.002095 | LR: 1.00e-04 | Best: 0.002067
  Epoch  45/300 | Train Loss: 0.001752 | Val Loss: 0.002074 | LR: 1.00e-04 | Best: 0.002067
  Epoch  46/300 | Train Loss: 0.001710 | Val Loss: 0.002054 | LR: 1.00e-04 | Best: 0.002067
  Epoch  47/300 | Train Loss: 0.001705 | Val Loss: 0.002041 | LR: 1.00e-04 | Best: 0.002054
  Epoch  48/300 | Train Loss: 0.001687 | Val Loss: 0.002034 | LR: 1.00e-04 | Best: 0.002041
  Epoch  49/300 | Train Loss: 0.001688 | Val Loss: 0.002009 | LR: 1.00e-04 | Best: 0.002034
  Epoch  50/300 | Train Loss: 0.001677 | Val Loss: 0.002005 | LR: 1.00e-04 | Best: 0.002009
  Gate   | mean=0.528 std=0.045 [0.398, 0.659] → 偏向LSTM
  Epoch  51/300 | Train Loss: 0.001666 | Val Loss: 0.002003 | LR: 1.00e-04 | Best: 0.002005
  Epoch  52/300 | Train Loss: 0.001667 | Val Loss: 0.001972 | LR: 1.00e-04 | Best: 0.002003
  Epoch  53/300 | Train Loss: 0.001698 | Val Loss: 0.001960 | LR: 1.00e-04 | Best: 0.001972
  Epoch  54/300 | Train Loss: 0.001678 | Val Loss: 0.001987 | LR: 1.00e-04 | Best: 0.001960
  Epoch  55/300 | Train Loss: 0.001704 | Val Loss: 0.001942 | LR: 1.00e-04 | Best: 0.001960
  Epoch  56/300 | Train Loss: 0.001658 | Val Loss: 0.001945 | LR: 1.00e-04 | Best: 0.001942
  Epoch  57/300 | Train Loss: 0.001641 | Val Loss: 0.001948 | LR: 1.00e-04 | Best: 0.001942
  Epoch  58/300 | Train Loss: 0.001637 | Val Loss: 0.001925 | LR: 1.00e-04 | Best: 0.001942
  Epoch  59/300 | Train Loss: 0.001619 | Val Loss: 0.001925 | LR: 1.00e-04 | Best: 0.001925
  Epoch  60/300 | Train Loss: 0.001604 | Val Loss: 0.001928 | LR: 1.00e-04 | Best: 0.001925
  Gate   | mean=0.533 std=0.042 [0.406, 0.648] → 偏向LSTM
  Epoch  61/300 | Train Loss: 0.001601 | Val Loss: 0.001911 | LR: 1.00e-04 | Best: 0.001925
  Epoch  62/300 | Train Loss: 0.001595 | Val Loss: 0.001908 | LR: 1.00e-04 | Best: 0.001911
  Epoch  63/300 | Train Loss: 0.001599 | Val Loss: 0.001922 | LR: 1.00e-04 | Best: 0.001908
  Epoch  64/300 | Train Loss: 0.001620 | Val Loss: 0.001890 | LR: 1.00e-04 | Best: 0.001908
  Epoch  65/300 | Train Loss: 0.001609 | Val Loss: 0.001884 | LR: 1.00e-04 | Best: 0.001890
  Epoch  66/300 | Train Loss: 0.001633 | Val Loss: 0.001918 | LR: 1.00e-04 | Best: 0.001884
  Epoch  67/300 | Train Loss: 0.001603 | Val Loss: 0.001872 | LR: 1.00e-04 | Best: 0.001884
  Epoch  68/300 | Train Loss: 0.001569 | Val Loss: 0.001880 | LR: 1.00e-04 | Best: 0.001872
  Epoch  69/300 | Train Loss: 0.001559 | Val Loss: 0.001896 | LR: 1.00e-04 | Best: 0.001872
  Epoch  70/300 | Train Loss: 0.001562 | Val Loss: 0.001881 | LR: 1.00e-04 | Best: 0.001872
  Gate   | mean=0.538 std=0.042 [0.412, 0.651] → 偏向LSTM
  Epoch  71/300 | Train Loss: 0.001547 | Val Loss: 0.001883 | LR: 1.00e-04 | Best: 0.001872
  Epoch  72/300 | Train Loss: 0.001540 | Val Loss: 0.001880 | LR: 1.00e-04 | Best: 0.001872
  Epoch  73/300 | Train Loss: 0.001541 | Val Loss: 0.001872 | LR: 5.00e-05 | Best: 0.001872
  Epoch  74/300 | Train Loss: 0.001537 | Val Loss: 0.001882 | LR: 5.00e-05 | Best: 0.001872
  Epoch  75/300 | Train Loss: 0.001516 | Val Loss: 0.001875 | LR: 5.00e-05 | Best: 0.001872
  Epoch  76/300 | Train Loss: 0.001516 | Val Loss: 0.001871 | LR: 5.00e-05 | Best: 0.001872
  Epoch  77/300 | Train Loss: 0.001511 | Val Loss: 0.001867 | LR: 5.00e-05 | Best: 0.001871
  Epoch  78/300 | Train Loss: 0.001506 | Val Loss: 0.001864 | LR: 5.00e-05 | Best: 0.001867
  Epoch  79/300 | Train Loss: 0.001501 | Val Loss: 0.001854 | LR: 5.00e-05 | Best: 0.001864
  Epoch  80/300 | Train Loss: 0.001500 | Val Loss: 0.001849 | LR: 5.00e-05 | Best: 0.001854
  Gate   | mean=0.541 std=0.042 [0.418, 0.653] → 偏向LSTM
  Epoch  81/300 | Train Loss: 0.001499 | Val Loss: 0.001841 | LR: 5.00e-05 | Best: 0.001849
  Epoch  82/300 | Train Loss: 0.001497 | Val Loss: 0.001838 | LR: 5.00e-05 | Best: 0.001841
  Epoch  83/300 | Train Loss: 0.001492 | Val Loss: 0.001833 | LR: 5.00e-05 | Best: 0.001838
  Epoch  84/300 | Train Loss: 0.001485 | Val Loss: 0.001822 | LR: 5.00e-05 | Best: 0.001833
  Epoch  85/300 | Train Loss: 0.001489 | Val Loss: 0.001811 | LR: 5.00e-05 | Best: 0.001822
  Epoch  86/300 | Train Loss: 0.001488 | Val Loss: 0.001802 | LR: 5.00e-05 | Best: 0.001811
  Epoch  87/300 | Train Loss: 0.001485 | Val Loss: 0.001796 | LR: 5.00e-05 | Best: 0.001802
  Epoch  88/300 | Train Loss: 0.001484 | Val Loss: 0.001789 | LR: 5.00e-05 | Best: 0.001796
  Epoch  89/300 | Train Loss: 0.001481 | Val Loss: 0.001774 | LR: 5.00e-05 | Best: 0.001789
  Epoch  90/300 | Train Loss: 0.001492 | Val Loss: 0.001776 | LR: 5.00e-05 | Best: 0.001774
  Gate   | mean=0.545 std=0.042 [0.422, 0.653] → 偏向LSTM
  Epoch  91/300 | Train Loss: 0.001488 | Val Loss: 0.001757 | LR: 5.00e-05 | Best: 0.001774
  Epoch  92/300 | Train Loss: 0.001491 | Val Loss: 0.001748 | LR: 5.00e-05 | Best: 0.001757
  Epoch  93/300 | Train Loss: 0.001514 | Val Loss: 0.001748 | LR: 5.00e-05 | Best: 0.001748
  Epoch  94/300 | Train Loss: 0.001510 | Val Loss: 0.001721 | LR: 5.00e-05 | Best: 0.001748
  Epoch  95/300 | Train Loss: 0.001485 | Val Loss: 0.001719 | LR: 5.00e-05 | Best: 0.001721
  Epoch  96/300 | Train Loss: 0.001477 | Val Loss: 0.001719 | LR: 5.00e-05 | Best: 0.001719
  Epoch  97/300 | Train Loss: 0.001475 | Val Loss: 0.001702 | LR: 5.00e-05 | Best: 0.001719
  Epoch  98/300 | Train Loss: 0.001472 | Val Loss: 0.001693 | LR: 5.00e-05 | Best: 0.001702
  Epoch  99/300 | Train Loss: 0.001462 | Val Loss: 0.001686 | LR: 5.00e-05 | Best: 0.001693
  Epoch 100/300 | Train Loss: 0.001458 | Val Loss: 0.001679 | LR: 5.00e-05 | Best: 0.001686
  Gate   | mean=0.548 std=0.042 [0.425, 0.658] → 偏向LSTM
  Epoch 101/300 | Train Loss: 0.001459 | Val Loss: 0.001674 | LR: 5.00e-05 | Best: 0.001679
  Epoch 102/300 | Train Loss: 0.001457 | Val Loss: 0.001670 | LR: 5.00e-05 | Best: 0.001674
  Epoch 103/300 | Train Loss: 0.001456 | Val Loss: 0.001664 | LR: 5.00e-05 | Best: 0.001670
  Epoch 104/300 | Train Loss: 0.001455 | Val Loss: 0.001659 | LR: 5.00e-05 | Best: 0.001664
  Epoch 105/300 | Train Loss: 0.001451 | Val Loss: 0.001655 | LR: 5.00e-05 | Best: 0.001659
  Epoch 106/300 | Train Loss: 0.001457 | Val Loss: 0.001653 | LR: 5.00e-05 | Best: 0.001655
  Epoch 107/300 | Train Loss: 0.001449 | Val Loss: 0.001644 | LR: 5.00e-05 | Best: 0.001653
  Epoch 108/300 | Train Loss: 0.001449 | Val Loss: 0.001648 | LR: 5.00e-05 | Best: 0.001644
  Epoch 109/300 | Train Loss: 0.001461 | Val Loss: 0.001649 | LR: 5.00e-05 | Best: 0.001644
  Epoch 110/300 | Train Loss: 0.001478 | Val Loss: 0.001634 | LR: 5.00e-05 | Best: 0.001644
  Gate   | mean=0.553 std=0.043 [0.427, 0.664] → 偏向LSTM
  Epoch 111/300 | Train Loss: 0.001471 | Val Loss: 0.001633 | LR: 5.00e-05 | Best: 0.001634
  Epoch 112/300 | Train Loss: 0.001457 | Val Loss: 0.001635 | LR: 5.00e-05 | Best: 0.001633
  Epoch 113/300 | Train Loss: 0.001468 | Val Loss: 0.001629 | LR: 5.00e-05 | Best: 0.001633
  Epoch 114/300 | Train Loss: 0.001449 | Val Loss: 0.001623 | LR: 5.00e-05 | Best: 0.001629
  Epoch 115/300 | Train Loss: 0.001438 | Val Loss: 0.001618 | LR: 5.00e-05 | Best: 0.001623
  Epoch 116/300 | Train Loss: 0.001431 | Val Loss: 0.001619 | LR: 5.00e-05 | Best: 0.001618
  Epoch 117/300 | Train Loss: 0.001427 | Val Loss: 0.001617 | LR: 5.00e-05 | Best: 0.001618
  Epoch 118/300 | Train Loss: 0.001430 | Val Loss: 0.001618 | LR: 5.00e-05 | Best: 0.001617
  Epoch 119/300 | Train Loss: 0.001428 | Val Loss: 0.001616 | LR: 5.00e-05 | Best: 0.001617
  Epoch 120/300 | Train Loss: 0.001422 | Val Loss: 0.001610 | LR: 5.00e-05 | Best: 0.001616
  Gate   | mean=0.557 std=0.043 [0.432, 0.668] → 偏向LSTM
  Epoch 121/300 | Train Loss: 0.001420 | Val Loss: 0.001613 | LR: 5.00e-05 | Best: 0.001610
  Epoch 122/300 | Train Loss: 0.001422 | Val Loss: 0.001608 | LR: 5.00e-05 | Best: 0.001610
  Epoch 123/300 | Train Loss: 0.001427 | Val Loss: 0.001607 | LR: 5.00e-05 | Best: 0.001608
  Epoch 124/300 | Train Loss: 0.001421 | Val Loss: 0.001603 | LR: 5.00e-05 | Best: 0.001607
  Epoch 125/300 | Train Loss: 0.001419 | Val Loss: 0.001602 | LR: 5.00e-05 | Best: 0.001603
  Epoch 126/300 | Train Loss: 0.001422 | Val Loss: 0.001605 | LR: 5.00e-05 | Best: 0.001602
  Epoch 127/300 | Train Loss: 0.001442 | Val Loss: 0.001610 | LR: 5.00e-05 | Best: 0.001602
  Epoch 128/300 | Train Loss: 0.001437 | Val Loss: 0.001589 | LR: 5.00e-05 | Best: 0.001602
  Epoch 129/300 | Train Loss: 0.001421 | Val Loss: 0.001594 | LR: 5.00e-05 | Best: 0.001589
  Epoch 130/300 | Train Loss: 0.001412 | Val Loss: 0.001605 | LR: 5.00e-05 | Best: 0.001589
  Gate   | mean=0.562 std=0.043 [0.438, 0.674] → 偏向LSTM
  Epoch 131/300 | Train Loss: 0.001412 | Val Loss: 0.001588 | LR: 5.00e-05 | Best: 0.001589
  Epoch 132/300 | Train Loss: 0.001407 | Val Loss: 0.001590 | LR: 5.00e-05 | Best: 0.001588
  Epoch 133/300 | Train Loss: 0.001398 | Val Loss: 0.001586 | LR: 5.00e-05 | Best: 0.001588
  Epoch 134/300 | Train Loss: 0.001398 | Val Loss: 0.001584 | LR: 5.00e-05 | Best: 0.001586
  Epoch 135/300 | Train Loss: 0.001396 | Val Loss: 0.001583 | LR: 5.00e-05 | Best: 0.001584
  Epoch 136/300 | Train Loss: 0.001387 | Val Loss: 0.001578 | LR: 5.00e-05 | Best: 0.001583
  Epoch 137/300 | Train Loss: 0.001384 | Val Loss: 0.001584 | LR: 5.00e-05 | Best: 0.001578
  Epoch 138/300 | Train Loss: 0.001388 | Val Loss: 0.001575 | LR: 5.00e-05 | Best: 0.001578
  Epoch 139/300 | Train Loss: 0.001379 | Val Loss: 0.001579 | LR: 5.00e-05 | Best: 0.001575
  Epoch 140/300 | Train Loss: 0.001379 | Val Loss: 0.001578 | LR: 5.00e-05 | Best: 0.001575
  Gate   | mean=0.568 std=0.044 [0.440, 0.680] → 偏向LSTM
  Epoch 141/300 | Train Loss: 0.001376 | Val Loss: 0.001577 | LR: 5.00e-05 | Best: 0.001575
  Epoch 142/300 | Train Loss: 0.001378 | Val Loss: 0.001580 | LR: 5.00e-05 | Best: 0.001575
  Epoch 143/300 | Train Loss: 0.001376 | Val Loss: 0.001576 | LR: 5.00e-05 | Best: 0.001575
  Epoch 144/300 | Train Loss: 0.001371 | Val Loss: 0.001576 | LR: 2.50e-05 | Best: 0.001575
  Epoch 145/300 | Train Loss: 0.001366 | Val Loss: 0.001574 | LR: 2.50e-05 | Best: 0.001575
  Epoch 146/300 | Train Loss: 0.001368 | Val Loss: 0.001575 | LR: 2.50e-05 | Best: 0.001574
  Epoch 147/300 | Train Loss: 0.001364 | Val Loss: 0.001569 | LR: 2.50e-05 | Best: 0.001574
  Epoch 148/300 | Train Loss: 0.001363 | Val Loss: 0.001571 | LR: 2.50e-05 | Best: 0.001569
  Epoch 149/300 | Train Loss: 0.001361 | Val Loss: 0.001569 | LR: 2.50e-05 | Best: 0.001569
  Epoch 150/300 | Train Loss: 0.001357 | Val Loss: 0.001568 | LR: 2.50e-05 | Best: 0.001569
  Gate   | mean=0.574 std=0.045 [0.442, 0.685] → 偏向LSTM
  Epoch 151/300 | Train Loss: 0.001356 | Val Loss: 0.001568 | LR: 2.50e-05 | Best: 0.001568
  Epoch 152/300 | Train Loss: 0.001357 | Val Loss: 0.001568 | LR: 2.50e-05 | Best: 0.001568
  Epoch 153/300 | Train Loss: 0.001353 | Val Loss: 0.001566 | LR: 2.50e-05 | Best: 0.001568
  Epoch 154/300 | Train Loss: 0.001354 | Val Loss: 0.001568 | LR: 2.50e-05 | Best: 0.001566
  Epoch 155/300 | Train Loss: 0.001358 | Val Loss: 0.001568 | LR: 2.50e-05 | Best: 0.001566
  Epoch 156/300 | Train Loss: 0.001360 | Val Loss: 0.001568 | LR: 2.50e-05 | Best: 0.001566
  Epoch 157/300 | Train Loss: 0.001351 | Val Loss: 0.001570 | LR: 2.50e-05 | Best: 0.001566
  Epoch 158/300 | Train Loss: 0.001353 | Val Loss: 0.001567 | LR: 2.50e-05 | Best: 0.001566
  Epoch 159/300 | Train Loss: 0.001349 | Val Loss: 0.001565 | LR: 2.50e-05 | Best: 0.001566
  Epoch 160/300 | Train Loss: 0.001350 | Val Loss: 0.001570 | LR: 2.50e-05 | Best: 0.001565
  Gate   | mean=0.578 std=0.046 [0.444, 0.690] → 偏向LSTM
  Epoch 161/300 | Train Loss: 0.001348 | Val Loss: 0.001566 | LR: 2.50e-05 | Best: 0.001565
  Epoch 162/300 | Train Loss: 0.001349 | Val Loss: 0.001569 | LR: 2.50e-05 | Best: 0.001565
  Epoch 163/300 | Train Loss: 0.001341 | Val Loss: 0.001566 | LR: 2.50e-05 | Best: 0.001565
  Epoch 164/300 | Train Loss: 0.001343 | Val Loss: 0.001565 | LR: 2.50e-05 | Best: 0.001565
  Epoch 165/300 | Train Loss: 0.001344 | Val Loss: 0.001567 | LR: 1.25e-05 | Best: 0.001565
  Epoch 166/300 | Train Loss: 0.001341 | Val Loss: 0.001565 | LR: 1.25e-05 | Best: 0.001565
  Epoch 167/300 | Train Loss: 0.001336 | Val Loss: 0.001564 | LR: 1.25e-05 | Best: 0.001565
  Epoch 168/300 | Train Loss: 0.001338 | Val Loss: 0.001568 | LR: 1.25e-05 | Best: 0.001564
  Epoch 169/300 | Train Loss: 0.001336 | Val Loss: 0.001565 | LR: 1.25e-05 | Best: 0.001564
  Epoch 170/300 | Train Loss: 0.001339 | Val Loss: 0.001566 | LR: 1.25e-05 | Best: 0.001564
  Gate   | mean=0.581 std=0.047 [0.445, 0.694] → 偏向LSTM
  Epoch 171/300 | Train Loss: 0.001339 | Val Loss: 0.001567 | LR: 1.25e-05 | Best: 0.001564
  Epoch 172/300 | Train Loss: 0.001335 | Val Loss: 0.001567 | LR: 1.25e-05 | Best: 0.001564
  Epoch 173/300 | Train Loss: 0.001335 | Val Loss: 0.001563 | LR: 1.25e-05 | Best: 0.001564
  Epoch 174/300 | Train Loss: 0.001332 | Val Loss: 0.001568 | LR: 1.25e-05 | Best: 0.001563
  Epoch 175/300 | Train Loss: 0.001331 | Val Loss: 0.001567 | LR: 1.25e-05 | Best: 0.001563
  Epoch 176/300 | Train Loss: 0.001339 | Val Loss: 0.001566 | LR: 1.25e-05 | Best: 0.001563
  Epoch 177/300 | Train Loss: 0.001335 | Val Loss: 0.001565 | LR: 1.25e-05 | Best: 0.001563
  Epoch 178/300 | Train Loss: 0.001329 | Val Loss: 0.001566 | LR: 1.25e-05 | Best: 0.001563
  Epoch 179/300 | Train Loss: 0.001337 | Val Loss: 0.001565 | LR: 6.25e-06 | Best: 0.001563
  Epoch 180/300 | Train Loss: 0.001330 | Val Loss: 0.001565 | LR: 6.25e-06 | Best: 0.001563
  Gate   | mean=0.584 std=0.048 [0.446, 0.696] → 偏向LSTM
  Epoch 181/300 | Train Loss: 0.001335 | Val Loss: 0.001565 | LR: 6.25e-06 | Best: 0.001563
  Epoch 182/300 | Train Loss: 0.001329 | Val Loss: 0.001564 | LR: 6.25e-06 | Best: 0.001563
  Epoch 183/300 | Train Loss: 0.001330 | Val Loss: 0.001564 | LR: 6.25e-06 | Best: 0.001563

[Early Stopping] No improvement for 10 epochs. Stopping at epoch 183.
[Early Stopping] Best validation loss: 0.001563 at epoch 173

[Checkpoint] Restored best model from epoch 173
============================================================


  ── Result ──
  MAE: 0.021584  RMSE: 0.028067  Hit%: 51.0  vs Zero: +1.46%  [219s]

==========================================================================================
  ABLATION: +AttnPrior2  (variant=edge_attn, feat_dim=21, {'attn_prior_scale': 2.0})
==========================================================================================
  Params: 1,684,761

============================================================
CMGM Training
============================================================
Device: cuda
Epochs: 300 (early stopping patience=10)
Learning rate: 0.0001, Weight decay: 1e-05
============================================================
  [variant=edge_attn] GCN→([64, 64]) || LSTM→([64, 64]) → head → ([64, 4, 24])
  Epoch   1/300 | Train Loss: 0.005386 | Val Loss: 0.005101 | LR: 1.00e-04 | Best: inf
  Epoch   2/300 | Train Loss: 0.004465 | Val Loss: 0.004705 | LR: 1.00e-04 | Best: 0.005101
  Epoch   3/300 | Train Loss: 0.004122 | Val Loss: 0.004452 | LR: 1.00e-04 | Best: 0.004705
  Epoch   4/300 | Train Loss: 0.003835 | Val Loss: 0.004215 | LR: 1.00e-04 | Best: 0.004452
  Epoch   5/300 | Train Loss: 0.003570 | Val Loss: 0.004026 | LR: 1.00e-04 | Best: 0.004215
  Epoch   6/300 | Train Loss: 0.003328 | Val Loss: 0.003863 | LR: 1.00e-04 | Best: 0.004026
  Epoch   7/300 | Train Loss: 0.003103 | Val Loss: 0.003647 | LR: 1.00e-04 | Best: 0.003863
  Epoch   8/300 | Train Loss: 0.002926 | Val Loss: 0.003418 | LR: 1.00e-04 | Best: 0.003647
  Epoch   9/300 | Train Loss: 0.002752 | Val Loss: 0.003286 | LR: 1.00e-04 | Best: 0.003418
  Epoch  10/300 | Train Loss: 0.002641 | Val Loss: 0.003138 | LR: 1.00e-04 | Best: 0.003286
  Gate   | mean=0.500 std=0.055 [0.363, 0.659] → 偏向GCN
  Epoch  11/300 | Train Loss: 0.002522 | Val Loss: 0.003003 | LR: 1.00e-04 | Best: 0.003138
  Epoch  12/300 | Train Loss: 0.002443 | Val Loss: 0.002881 | LR: 1.00e-04 | Best: 0.003003
  Epoch  13/300 | Train Loss: 0.002395 | Val Loss: 0.002862 | LR: 1.00e-04 | Best: 0.002881
  Epoch  14/300 | Train Loss: 0.002388 | Val Loss: 0.002912 | LR: 1.00e-04 | Best: 0.002862
  Epoch  15/300 | Train Loss: 0.002383 | Val Loss: 0.002981 | LR: 1.00e-04 | Best: 0.002862
  Epoch  16/300 | Train Loss: 0.002350 | Val Loss: 0.003018 | LR: 1.00e-04 | Best: 0.002862
  Epoch  17/300 | Train Loss: 0.002236 | Val Loss: 0.002956 | LR: 1.00e-04 | Best: 0.002862
  Epoch  18/300 | Train Loss: 0.002194 | Val Loss: 0.002835 | LR: 1.00e-04 | Best: 0.002862
  Epoch  19/300 | Train Loss: 0.002118 | Val Loss: 0.002739 | LR: 1.00e-04 | Best: 0.002835
  Epoch  20/300 | Train Loss: 0.002081 | Val Loss: 0.002685 | LR: 1.00e-04 | Best: 0.002739
  Gate   | mean=0.514 std=0.053 [0.384, 0.675] → 偏向LSTM
  Epoch  21/300 | Train Loss: 0.002055 | Val Loss: 0.002632 | LR: 1.00e-04 | Best: 0.002685
  Epoch  22/300 | Train Loss: 0.002035 | Val Loss: 0.002619 | LR: 1.00e-04 | Best: 0.002632
  Epoch  23/300 | Train Loss: 0.002016 | Val Loss: 0.002587 | LR: 1.00e-04 | Best: 0.002619
  Epoch  24/300 | Train Loss: 0.001993 | Val Loss: 0.002572 | LR: 1.00e-04 | Best: 0.002587
  Epoch  25/300 | Train Loss: 0.001980 | Val Loss: 0.002551 | LR: 1.00e-04 | Best: 0.002572
  Epoch  26/300 | Train Loss: 0.001961 | Val Loss: 0.002524 | LR: 1.00e-04 | Best: 0.002551
  Epoch  27/300 | Train Loss: 0.001943 | Val Loss: 0.002475 | LR: 1.00e-04 | Best: 0.002524
  Epoch  28/300 | Train Loss: 0.001936 | Val Loss: 0.002423 | LR: 1.00e-04 | Best: 0.002475
  Epoch  29/300 | Train Loss: 0.001914 | Val Loss: 0.002362 | LR: 1.00e-04 | Best: 0.002423
  Epoch  30/300 | Train Loss: 0.001905 | Val Loss: 0.002331 | LR: 1.00e-04 | Best: 0.002362
  Gate   | mean=0.518 std=0.049 [0.385, 0.668] → 偏向LSTM
  Epoch  31/300 | Train Loss: 0.001890 | Val Loss: 0.002334 | LR: 1.00e-04 | Best: 0.002331
  Epoch  32/300 | Train Loss: 0.001880 | Val Loss: 0.002342 | LR: 1.00e-04 | Best: 0.002331
  Epoch  33/300 | Train Loss: 0.001862 | Val Loss: 0.002324 | LR: 1.00e-04 | Best: 0.002331
  Epoch  34/300 | Train Loss: 0.001847 | Val Loss: 0.002287 | LR: 1.00e-04 | Best: 0.002324
  Epoch  35/300 | Train Loss: 0.001833 | Val Loss: 0.002254 | LR: 1.00e-04 | Best: 0.002287
  Epoch  36/300 | Train Loss: 0.001813 | Val Loss: 0.002232 | LR: 1.00e-04 | Best: 0.002254
  Epoch  37/300 | Train Loss: 0.001803 | Val Loss: 0.002201 | LR: 1.00e-04 | Best: 0.002232
  Epoch  38/300 | Train Loss: 0.001798 | Val Loss: 0.002168 | LR: 1.00e-04 | Best: 0.002201
  Epoch  39/300 | Train Loss: 0.001795 | Val Loss: 0.002174 | LR: 1.00e-04 | Best: 0.002168
  Epoch  40/300 | Train Loss: 0.001806 | Val Loss: 0.002153 | LR: 1.00e-04 | Best: 0.002168
  Gate   | mean=0.523 std=0.046 [0.396, 0.665] → 偏向LSTM
  Epoch  41/300 | Train Loss: 0.001781 | Val Loss: 0.002126 | LR: 1.00e-04 | Best: 0.002153
  Epoch  42/300 | Train Loss: 0.001781 | Val Loss: 0.002120 | LR: 1.00e-04 | Best: 0.002126
  Epoch  43/300 | Train Loss: 0.001761 | Val Loss: 0.002112 | LR: 1.00e-04 | Best: 0.002120
  Epoch  44/300 | Train Loss: 0.001757 | Val Loss: 0.002073 | LR: 1.00e-04 | Best: 0.002112
  Epoch  45/300 | Train Loss: 0.001751 | Val Loss: 0.002043 | LR: 1.00e-04 | Best: 0.002073
  Epoch  46/300 | Train Loss: 0.001717 | Val Loss: 0.002046 | LR: 1.00e-04 | Best: 0.002043
  Epoch  47/300 | Train Loss: 0.001709 | Val Loss: 0.002036 | LR: 1.00e-04 | Best: 0.002043
  Epoch  48/300 | Train Loss: 0.001689 | Val Loss: 0.002030 | LR: 1.00e-04 | Best: 0.002036
  Epoch  49/300 | Train Loss: 0.001690 | Val Loss: 0.002021 | LR: 1.00e-04 | Best: 0.002030
  Epoch  50/300 | Train Loss: 0.001680 | Val Loss: 0.001996 | LR: 1.00e-04 | Best: 0.002021
  Gate   | mean=0.530 std=0.045 [0.398, 0.660] → 偏向LSTM
  Epoch  51/300 | Train Loss: 0.001674 | Val Loss: 0.001974 | LR: 1.00e-04 | Best: 0.001996
  Epoch  52/300 | Train Loss: 0.001665 | Val Loss: 0.001973 | LR: 1.00e-04 | Best: 0.001974
  Epoch  53/300 | Train Loss: 0.001680 | Val Loss: 0.001955 | LR: 1.00e-04 | Best: 0.001973
  Epoch  54/300 | Train Loss: 0.001664 | Val Loss: 0.001942 | LR: 1.00e-04 | Best: 0.001955
  Epoch  55/300 | Train Loss: 0.001692 | Val Loss: 0.001973 | LR: 1.00e-04 | Best: 0.001942
  Epoch  56/300 | Train Loss: 0.001703 | Val Loss: 0.001942 | LR: 1.00e-04 | Best: 0.001942
  Epoch  57/300 | Train Loss: 0.001650 | Val Loss: 0.001929 | LR: 1.00e-04 | Best: 0.001942
  Epoch  58/300 | Train Loss: 0.001640 | Val Loss: 0.001931 | LR: 1.00e-04 | Best: 0.001929
  Epoch  59/300 | Train Loss: 0.001618 | Val Loss: 0.001920 | LR: 1.00e-04 | Best: 0.001929
  Epoch  60/300 | Train Loss: 0.001603 | Val Loss: 0.001914 | LR: 1.00e-04 | Best: 0.001920
  Gate   | mean=0.535 std=0.044 [0.401, 0.652] → 偏向LSTM
  Epoch  61/300 | Train Loss: 0.001592 | Val Loss: 0.001917 | LR: 1.00e-04 | Best: 0.001914
  Epoch  62/300 | Train Loss: 0.001586 | Val Loss: 0.001912 | LR: 1.00e-04 | Best: 0.001914
  Epoch  63/300 | Train Loss: 0.001581 | Val Loss: 0.001898 | LR: 1.00e-04 | Best: 0.001912
  Epoch  64/300 | Train Loss: 0.001591 | Val Loss: 0.001892 | LR: 1.00e-04 | Best: 0.001898
  Epoch  65/300 | Train Loss: 0.001596 | Val Loss: 0.001874 | LR: 1.00e-04 | Best: 0.001892
  Epoch  66/300 | Train Loss: 0.001617 | Val Loss: 0.001846 | LR: 1.00e-04 | Best: 0.001874
  Epoch  67/300 | Train Loss: 0.001670 | Val Loss: 0.001873 | LR: 1.00e-04 | Best: 0.001846
  Epoch  68/300 | Train Loss: 0.001603 | Val Loss: 0.001870 | LR: 1.00e-04 | Best: 0.001846
  Epoch  69/300 | Train Loss: 0.001561 | Val Loss: 0.001853 | LR: 1.00e-04 | Best: 0.001846
  Epoch  70/300 | Train Loss: 0.001555 | Val Loss: 0.001838 | LR: 1.00e-04 | Best: 0.001846
  Gate   | mean=0.539 std=0.043 [0.409, 0.657] → 偏向LSTM
  Epoch  71/300 | Train Loss: 0.001540 | Val Loss: 0.001839 | LR: 1.00e-04 | Best: 0.001838
  Epoch  72/300 | Train Loss: 0.001531 | Val Loss: 0.001830 | LR: 1.00e-04 | Best: 0.001838
  Epoch  73/300 | Train Loss: 0.001530 | Val Loss: 0.001824 | LR: 1.00e-04 | Best: 0.001830
  Epoch  74/300 | Train Loss: 0.001526 | Val Loss: 0.001814 | LR: 1.00e-04 | Best: 0.001824
  Epoch  75/300 | Train Loss: 0.001521 | Val Loss: 0.001805 | LR: 1.00e-04 | Best: 0.001814
  Epoch  76/300 | Train Loss: 0.001539 | Val Loss: 0.001800 | LR: 1.00e-04 | Best: 0.001805
  Epoch  77/300 | Train Loss: 0.001543 | Val Loss: 0.001832 | LR: 1.00e-04 | Best: 0.001800
  Epoch  78/300 | Train Loss: 0.001575 | Val Loss: 0.001787 | LR: 1.00e-04 | Best: 0.001800
  Epoch  79/300 | Train Loss: 0.001572 | Val Loss: 0.001783 | LR: 1.00e-04 | Best: 0.001787
  Epoch  80/300 | Train Loss: 0.001535 | Val Loss: 0.001789 | LR: 1.00e-04 | Best: 0.001783
  Gate   | mean=0.543 std=0.041 [0.420, 0.664] → 偏向LSTM
  Epoch  81/300 | Train Loss: 0.001520 | Val Loss: 0.001744 | LR: 1.00e-04 | Best: 0.001783
  Epoch  82/300 | Train Loss: 0.001503 | Val Loss: 0.001721 | LR: 1.00e-04 | Best: 0.001744
  Epoch  83/300 | Train Loss: 0.001491 | Val Loss: 0.001713 | LR: 1.00e-04 | Best: 0.001721
  Epoch  84/300 | Train Loss: 0.001478 | Val Loss: 0.001680 | LR: 1.00e-04 | Best: 0.001713
  Epoch  85/300 | Train Loss: 0.001479 | Val Loss: 0.001672 | LR: 1.00e-04 | Best: 0.001680
  Epoch  86/300 | Train Loss: 0.001476 | Val Loss: 0.001653 | LR: 1.00e-04 | Best: 0.001672
  Epoch  87/300 | Train Loss: 0.001472 | Val Loss: 0.001640 | LR: 1.00e-04 | Best: 0.001653
  Epoch  88/300 | Train Loss: 0.001473 | Val Loss: 0.001622 | LR: 1.00e-04 | Best: 0.001640
  Epoch  89/300 | Train Loss: 0.001472 | Val Loss: 0.001614 | LR: 1.00e-04 | Best: 0.001622
  Epoch  90/300 | Train Loss: 0.001488 | Val Loss: 0.001611 | LR: 1.00e-04 | Best: 0.001614
  Gate   | mean=0.550 std=0.043 [0.416, 0.674] → 偏向LSTM
  Epoch  91/300 | Train Loss: 0.001515 | Val Loss: 0.001632 | LR: 1.00e-04 | Best: 0.001611
  Epoch  92/300 | Train Loss: 0.001506 | Val Loss: 0.001599 | LR: 1.00e-04 | Best: 0.001611
  Epoch  93/300 | Train Loss: 0.001480 | Val Loss: 0.001594 | LR: 1.00e-04 | Best: 0.001599
  Epoch  94/300 | Train Loss: 0.001494 | Val Loss: 0.001613 | LR: 1.00e-04 | Best: 0.001594
  Epoch  95/300 | Train Loss: 0.001476 | Val Loss: 0.001589 | LR: 1.00e-04 | Best: 0.001594
  Epoch  96/300 | Train Loss: 0.001447 | Val Loss: 0.001590 | LR: 1.00e-04 | Best: 0.001589
  Epoch  97/300 | Train Loss: 0.001441 | Val Loss: 0.001591 | LR: 1.00e-04 | Best: 0.001589
  Epoch  98/300 | Train Loss: 0.001438 | Val Loss: 0.001587 | LR: 1.00e-04 | Best: 0.001589
  Epoch  99/300 | Train Loss: 0.001434 | Val Loss: 0.001593 | LR: 1.00e-04 | Best: 0.001587
  Epoch 100/300 | Train Loss: 0.001427 | Val Loss: 0.001596 | LR: 1.00e-04 | Best: 0.001587
  Gate   | mean=0.554 std=0.041 [0.431, 0.677] → 偏向LSTM
  Epoch 101/300 | Train Loss: 0.001429 | Val Loss: 0.001597 | LR: 1.00e-04 | Best: 0.001587
  Epoch 102/300 | Train Loss: 0.001432 | Val Loss: 0.001587 | LR: 1.00e-04 | Best: 0.001587
  Epoch 103/300 | Train Loss: 0.001436 | Val Loss: 0.001590 | LR: 1.00e-04 | Best: 0.001587
  Epoch 104/300 | Train Loss: 0.001450 | Val Loss: 0.001602 | LR: 5.00e-05 | Best: 0.001587
  Epoch 105/300 | Train Loss: 0.001442 | Val Loss: 0.001595 | LR: 5.00e-05 | Best: 0.001587
  Epoch 106/300 | Train Loss: 0.001419 | Val Loss: 0.001586 | LR: 5.00e-05 | Best: 0.001587
  Epoch 107/300 | Train Loss: 0.001404 | Val Loss: 0.001582 | LR: 5.00e-05 | Best: 0.001586
  Epoch 108/300 | Train Loss: 0.001400 | Val Loss: 0.001589 | LR: 5.00e-05 | Best: 0.001582
  Epoch 109/300 | Train Loss: 0.001398 | Val Loss: 0.001589 | LR: 5.00e-05 | Best: 0.001582
  Epoch 110/300 | Train Loss: 0.001394 | Val Loss: 0.001585 | LR: 5.00e-05 | Best: 0.001582
  Gate   | mean=0.560 std=0.042 [0.432, 0.683] → 偏向LSTM
  Epoch 111/300 | Train Loss: 0.001390 | Val Loss: 0.001583 | LR: 5.00e-05 | Best: 0.001582
  Epoch 112/300 | Train Loss: 0.001385 | Val Loss: 0.001588 | LR: 5.00e-05 | Best: 0.001582
  Epoch 113/300 | Train Loss: 0.001390 | Val Loss: 0.001588 | LR: 2.50e-05 | Best: 0.001582
  Epoch 114/300 | Train Loss: 0.001384 | Val Loss: 0.001587 | LR: 2.50e-05 | Best: 0.001582
  Epoch 115/300 | Train Loss: 0.001383 | Val Loss: 0.001584 | LR: 2.50e-05 | Best: 0.001582
  Epoch 116/300 | Train Loss: 0.001381 | Val Loss: 0.001585 | LR: 2.50e-05 | Best: 0.001582
  Epoch 117/300 | Train Loss: 0.001380 | Val Loss: 0.001587 | LR: 2.50e-05 | Best: 0.001582

[Early Stopping] No improvement for 10 epochs. Stopping at epoch 117.
[Early Stopping] Best validation loss: 0.001582 at epoch 107

[Checkpoint] Restored best model from epoch 107
============================================================


  ── Result ──
  MAE: 0.021952  RMSE: 0.028476  Hit%: 49.5  vs Zero: +3.19%  [134s]

==========================================================================================
  ABLATION: +AttnPrior05  (variant=edge_attn, feat_dim=21, {'attn_prior_scale': 0.5})
==========================================================================================
  Params: 1,684,761

============================================================
CMGM Training
============================================================
Device: cuda
Epochs: 300 (early stopping patience=10)
Learning rate: 0.0001, Weight decay: 1e-05
============================================================
  [variant=edge_attn] GCN→([64, 64]) || LSTM→([64, 64]) → head → ([64, 4, 24])
  Epoch   1/300 | Train Loss: 0.005387 | Val Loss: 0.005110 | LR: 1.00e-04 | Best: inf
  Epoch   2/300 | Train Loss: 0.004465 | Val Loss: 0.004707 | LR: 1.00e-04 | Best: 0.005110
  Epoch   3/300 | Train Loss: 0.004121 | Val Loss: 0.004459 | LR: 1.00e-04 | Best: 0.004707
  Epoch   4/300 | Train Loss: 0.003834 | Val Loss: 0.004232 | LR: 1.00e-04 | Best: 0.004459
  Epoch   5/300 | Train Loss: 0.003569 | Val Loss: 0.004048 | LR: 1.00e-04 | Best: 0.004232
  Epoch   6/300 | Train Loss: 0.003325 | Val Loss: 0.003868 | LR: 1.00e-04 | Best: 0.004048
  Epoch   7/300 | Train Loss: 0.003100 | Val Loss: 0.003639 | LR: 1.00e-04 | Best: 0.003868
  Epoch   8/300 | Train Loss: 0.002923 | Val Loss: 0.003430 | LR: 1.00e-04 | Best: 0.003639
  Epoch   9/300 | Train Loss: 0.002748 | Val Loss: 0.003266 | LR: 1.00e-04 | Best: 0.003430
  Epoch  10/300 | Train Loss: 0.002636 | Val Loss: 0.003132 | LR: 1.00e-04 | Best: 0.003266
  Gate   | mean=0.499 std=0.056 [0.363, 0.660] → 偏向GCN
  Epoch  11/300 | Train Loss: 0.002513 | Val Loss: 0.002984 | LR: 1.00e-04 | Best: 0.003132
  Epoch  12/300 | Train Loss: 0.002429 | Val Loss: 0.002872 | LR: 1.00e-04 | Best: 0.002984
  Epoch  13/300 | Train Loss: 0.002374 | Val Loss: 0.002833 | LR: 1.00e-04 | Best: 0.002872
  Epoch  14/300 | Train Loss: 0.002362 | Val Loss: 0.002854 | LR: 1.00e-04 | Best: 0.002833
  Epoch  15/300 | Train Loss: 0.002371 | Val Loss: 0.002943 | LR: 1.00e-04 | Best: 0.002833
  Epoch  16/300 | Train Loss: 0.002391 | Val Loss: 0.003015 | LR: 1.00e-04 | Best: 0.002833
  Epoch  17/300 | Train Loss: 0.002245 | Val Loss: 0.002924 | LR: 1.00e-04 | Best: 0.002833
  Epoch  18/300 | Train Loss: 0.002186 | Val Loss: 0.002807 | LR: 1.00e-04 | Best: 0.002833
  Epoch  19/300 | Train Loss: 0.002111 | Val Loss: 0.002737 | LR: 1.00e-04 | Best: 0.002807
  Epoch  20/300 | Train Loss: 0.002068 | Val Loss: 0.002683 | LR: 1.00e-04 | Best: 0.002737
  Gate   | mean=0.514 std=0.053 [0.379, 0.682] → 偏向LSTM
  Epoch  21/300 | Train Loss: 0.002044 | Val Loss: 0.002607 | LR: 1.00e-04 | Best: 0.002683
  Epoch  22/300 | Train Loss: 0.002020 | Val Loss: 0.002592 | LR: 1.00e-04 | Best: 0.002607
  Epoch  23/300 | Train Loss: 0.002006 | Val Loss: 0.002563 | LR: 1.00e-04 | Best: 0.002592
  Epoch  24/300 | Train Loss: 0.001985 | Val Loss: 0.002541 | LR: 1.00e-04 | Best: 0.002563
  Epoch  25/300 | Train Loss: 0.001971 | Val Loss: 0.002522 | LR: 1.00e-04 | Best: 0.002541
  Epoch  26/300 | Train Loss: 0.001949 | Val Loss: 0.002483 | LR: 1.00e-04 | Best: 0.002522
  Epoch  27/300 | Train Loss: 0.001927 | Val Loss: 0.002452 | LR: 1.00e-04 | Best: 0.002483
  Epoch  28/300 | Train Loss: 0.001921 | Val Loss: 0.002408 | LR: 1.00e-04 | Best: 0.002452
  Epoch  29/300 | Train Loss: 0.001894 | Val Loss: 0.002349 | LR: 1.00e-04 | Best: 0.002408
  Epoch  30/300 | Train Loss: 0.001886 | Val Loss: 0.002319 | LR: 1.00e-04 | Best: 0.002349
  Gate   | mean=0.517 std=0.049 [0.381, 0.674] → 偏向LSTM
  Epoch  31/300 | Train Loss: 0.001874 | Val Loss: 0.002313 | LR: 1.00e-04 | Best: 0.002319
  Epoch  32/300 | Train Loss: 0.001857 | Val Loss: 0.002319 | LR: 1.00e-04 | Best: 0.002313
  Epoch  33/300 | Train Loss: 0.001843 | Val Loss: 0.002302 | LR: 1.00e-04 | Best: 0.002313
  Epoch  34/300 | Train Loss: 0.001832 | Val Loss: 0.002273 | LR: 1.00e-04 | Best: 0.002302
  Epoch  35/300 | Train Loss: 0.001819 | Val Loss: 0.002232 | LR: 1.00e-04 | Best: 0.002273
  Epoch  36/300 | Train Loss: 0.001807 | Val Loss: 0.002194 | LR: 1.00e-04 | Best: 0.002232
  Epoch  37/300 | Train Loss: 0.001797 | Val Loss: 0.002175 | LR: 1.00e-04 | Best: 0.002194
  Epoch  38/300 | Train Loss: 0.001794 | Val Loss: 0.002162 | LR: 1.00e-04 | Best: 0.002175
  Epoch  39/300 | Train Loss: 0.001781 | Val Loss: 0.002152 | LR: 1.00e-04 | Best: 0.002162
  Epoch  40/300 | Train Loss: 0.001785 | Val Loss: 0.002152 | LR: 1.00e-04 | Best: 0.002152
  Gate   | mean=0.522 std=0.047 [0.391, 0.669] → 偏向LSTM
  Epoch  41/300 | Train Loss: 0.001790 | Val Loss: 0.002162 | LR: 1.00e-04 | Best: 0.002152
  Epoch  42/300 | Train Loss: 0.001806 | Val Loss: 0.002123 | LR: 1.00e-04 | Best: 0.002152
  Epoch  43/300 | Train Loss: 0.001805 | Val Loss: 0.002079 | LR: 1.00e-04 | Best: 0.002123
  Epoch  44/300 | Train Loss: 0.001753 | Val Loss: 0.002095 | LR: 1.00e-04 | Best: 0.002079
  Epoch  45/300 | Train Loss: 0.001733 | Val Loss: 0.002065 | LR: 1.00e-04 | Best: 0.002079
  Epoch  46/300 | Train Loss: 0.001705 | Val Loss: 0.002054 | LR: 1.00e-04 | Best: 0.002065
  Epoch  47/300 | Train Loss: 0.001700 | Val Loss: 0.002045 | LR: 1.00e-04 | Best: 0.002054
  Epoch  48/300 | Train Loss: 0.001685 | Val Loss: 0.002036 | LR: 1.00e-04 | Best: 0.002045
  Epoch  49/300 | Train Loss: 0.001683 | Val Loss: 0.002017 | LR: 1.00e-04 | Best: 0.002036
  Epoch  50/300 | Train Loss: 0.001676 | Val Loss: 0.002021 | LR: 1.00e-04 | Best: 0.002017
  Gate   | mean=0.528 std=0.044 [0.402, 0.658] → 偏向LSTM
  Epoch  51/300 | Train Loss: 0.001673 | Val Loss: 0.002004 | LR: 1.00e-04 | Best: 0.002017
  Epoch  52/300 | Train Loss: 0.001671 | Val Loss: 0.001974 | LR: 1.00e-04 | Best: 0.002004
  Epoch  53/300 | Train Loss: 0.001717 | Val Loss: 0.001980 | LR: 1.00e-04 | Best: 0.001974
  Epoch  54/300 | Train Loss: 0.001693 | Val Loss: 0.001965 | LR: 1.00e-04 | Best: 0.001974
  Epoch  55/300 | Train Loss: 0.001665 | Val Loss: 0.001948 | LR: 1.00e-04 | Best: 0.001965
  Epoch  56/300 | Train Loss: 0.001656 | Val Loss: 0.001958 | LR: 1.00e-04 | Best: 0.001948
  Epoch  57/300 | Train Loss: 0.001635 | Val Loss: 0.001947 | LR: 1.00e-04 | Best: 0.001948
  Epoch  58/300 | Train Loss: 0.001626 | Val Loss: 0.001930 | LR: 1.00e-04 | Best: 0.001947
  Epoch  59/300 | Train Loss: 0.001624 | Val Loss: 0.001930 | LR: 1.00e-04 | Best: 0.001930
  Epoch  60/300 | Train Loss: 0.001605 | Val Loss: 0.001926 | LR: 1.00e-04 | Best: 0.001930
  Gate   | mean=0.533 std=0.043 [0.407, 0.651] → 偏向LSTM
  Epoch  61/300 | Train Loss: 0.001599 | Val Loss: 0.001908 | LR: 1.00e-04 | Best: 0.001926
  Epoch  62/300 | Train Loss: 0.001608 | Val Loss: 0.001916 | LR: 1.00e-04 | Best: 0.001908
  Epoch  63/300 | Train Loss: 0.001597 | Val Loss: 0.001913 | LR: 1.00e-04 | Best: 0.001908
  Epoch  64/300 | Train Loss: 0.001609 | Val Loss: 0.001888 | LR: 1.00e-04 | Best: 0.001908
  Epoch  65/300 | Train Loss: 0.001626 | Val Loss: 0.001892 | LR: 1.00e-04 | Best: 0.001888
  Epoch  66/300 | Train Loss: 0.001596 | Val Loss: 0.001890 | LR: 1.00e-04 | Best: 0.001888
  Epoch  67/300 | Train Loss: 0.001588 | Val Loss: 0.001871 | LR: 1.00e-04 | Best: 0.001888
  Epoch  68/300 | Train Loss: 0.001587 | Val Loss: 0.001878 | LR: 1.00e-04 | Best: 0.001871
  Epoch  69/300 | Train Loss: 0.001560 | Val Loss: 0.001879 | LR: 1.00e-04 | Best: 0.001871
  Epoch  70/300 | Train Loss: 0.001561 | Val Loss: 0.001876 | LR: 1.00e-04 | Best: 0.001871
  Gate   | mean=0.538 std=0.043 [0.409, 0.653] → 偏向LSTM
  Epoch  71/300 | Train Loss: 0.001559 | Val Loss: 0.001877 | LR: 1.00e-04 | Best: 0.001871
  Epoch  72/300 | Train Loss: 0.001544 | Val Loss: 0.001865 | LR: 1.00e-04 | Best: 0.001871
  Epoch  73/300 | Train Loss: 0.001541 | Val Loss: 0.001865 | LR: 1.00e-04 | Best: 0.001865
  Epoch  74/300 | Train Loss: 0.001562 | Val Loss: 0.001875 | LR: 1.00e-04 | Best: 0.001865
  Epoch  75/300 | Train Loss: 0.001554 | Val Loss: 0.001868 | LR: 1.00e-04 | Best: 0.001865
  Epoch  76/300 | Train Loss: 0.001552 | Val Loss: 0.001843 | LR: 1.00e-04 | Best: 0.001865
  Epoch  77/300 | Train Loss: 0.001576 | Val Loss: 0.001856 | LR: 1.00e-04 | Best: 0.001843
  Epoch  78/300 | Train Loss: 0.001551 | Val Loss: 0.001830 | LR: 1.00e-04 | Best: 0.001843
  Epoch  79/300 | Train Loss: 0.001521 | Val Loss: 0.001810 | LR: 1.00e-04 | Best: 0.001830
  Epoch  80/300 | Train Loss: 0.001518 | Val Loss: 0.001800 | LR: 1.00e-04 | Best: 0.001810
  Gate   | mean=0.543 std=0.042 [0.422, 0.660] → 偏向LSTM
  Epoch  81/300 | Train Loss: 0.001512 | Val Loss: 0.001778 | LR: 1.00e-04 | Best: 0.001800
  Epoch  82/300 | Train Loss: 0.001501 | Val Loss: 0.001756 | LR: 1.00e-04 | Best: 0.001778
  Epoch  83/300 | Train Loss: 0.001492 | Val Loss: 0.001747 | LR: 1.00e-04 | Best: 0.001756
  Epoch  84/300 | Train Loss: 0.001485 | Val Loss: 0.001719 | LR: 1.00e-04 | Best: 0.001747
  Epoch  85/300 | Train Loss: 0.001484 | Val Loss: 0.001705 | LR: 1.00e-04 | Best: 0.001719
  Epoch  86/300 | Train Loss: 0.001483 | Val Loss: 0.001691 | LR: 1.00e-04 | Best: 0.001705
  Epoch  87/300 | Train Loss: 0.001490 | Val Loss: 0.001680 | LR: 1.00e-04 | Best: 0.001691
  Epoch  88/300 | Train Loss: 0.001490 | Val Loss: 0.001672 | LR: 1.00e-04 | Best: 0.001680
  Epoch  89/300 | Train Loss: 0.001509 | Val Loss: 0.001692 | LR: 1.00e-04 | Best: 0.001672
  Epoch  90/300 | Train Loss: 0.001534 | Val Loss: 0.001647 | LR: 1.00e-04 | Best: 0.001672
  Gate   | mean=0.549 std=0.042 [0.426, 0.668] → 偏向LSTM
  Epoch  91/300 | Train Loss: 0.001499 | Val Loss: 0.001648 | LR: 1.00e-04 | Best: 0.001647
  Epoch  92/300 | Train Loss: 0.001488 | Val Loss: 0.001670 | LR: 1.00e-04 | Best: 0.001647
  Epoch  93/300 | Train Loss: 0.001482 | Val Loss: 0.001630 | LR: 1.00e-04 | Best: 0.001647
  Epoch  94/300 | Train Loss: 0.001468 | Val Loss: 0.001630 | LR: 1.00e-04 | Best: 0.001630
  Epoch  95/300 | Train Loss: 0.001457 | Val Loss: 0.001633 | LR: 1.00e-04 | Best: 0.001630
  Epoch  96/300 | Train Loss: 0.001448 | Val Loss: 0.001617 | LR: 1.00e-04 | Best: 0.001630
  Epoch  97/300 | Train Loss: 0.001449 | Val Loss: 0.001613 | LR: 1.00e-04 | Best: 0.001617
  Epoch  98/300 | Train Loss: 0.001446 | Val Loss: 0.001613 | LR: 1.00e-04 | Best: 0.001613
  Epoch  99/300 | Train Loss: 0.001444 | Val Loss: 0.001615 | LR: 1.00e-04 | Best: 0.001613
  Epoch 100/300 | Train Loss: 0.001454 | Val Loss: 0.001611 | LR: 1.00e-04 | Best: 0.001613
  Gate   | mean=0.554 std=0.041 [0.436, 0.671] → 偏向LSTM
  Epoch 101/300 | Train Loss: 0.001456 | Val Loss: 0.001597 | LR: 1.00e-04 | Best: 0.001611
  Epoch 102/300 | Train Loss: 0.001449 | Val Loss: 0.001602 | LR: 1.00e-04 | Best: 0.001597
  Epoch 103/300 | Train Loss: 0.001458 | Val Loss: 0.001619 | LR: 1.00e-04 | Best: 0.001597
  Epoch 104/300 | Train Loss: 0.001458 | Val Loss: 0.001594 | LR: 1.00e-04 | Best: 0.001597
  Epoch 105/300 | Train Loss: 0.001438 | Val Loss: 0.001589 | LR: 1.00e-04 | Best: 0.001594
  Epoch 106/300 | Train Loss: 0.001432 | Val Loss: 0.001603 | LR: 1.00e-04 | Best: 0.001589
  Epoch 107/300 | Train Loss: 0.001424 | Val Loss: 0.001587 | LR: 1.00e-04 | Best: 0.001589
  Epoch 108/300 | Train Loss: 0.001425 | Val Loss: 0.001593 | LR: 1.00e-04 | Best: 0.001587
  Epoch 109/300 | Train Loss: 0.001416 | Val Loss: 0.001599 | LR: 1.00e-04 | Best: 0.001587
  Epoch 110/300 | Train Loss: 0.001415 | Val Loss: 0.001583 | LR: 1.00e-04 | Best: 0.001587
  Gate   | mean=0.561 std=0.043 [0.434, 0.684] → 偏向LSTM
  Epoch 111/300 | Train Loss: 0.001414 | Val Loss: 0.001579 | LR: 1.00e-04 | Best: 0.001583
  Epoch 112/300 | Train Loss: 0.001406 | Val Loss: 0.001579 | LR: 1.00e-04 | Best: 0.001579
  Epoch 113/300 | Train Loss: 0.001407 | Val Loss: 0.001594 | LR: 1.00e-04 | Best: 0.001579
  Epoch 114/300 | Train Loss: 0.001401 | Val Loss: 0.001583 | LR: 1.00e-04 | Best: 0.001579
  Epoch 115/300 | Train Loss: 0.001409 | Val Loss: 0.001562 | LR: 1.00e-04 | Best: 0.001579
  Epoch 116/300 | Train Loss: 0.001405 | Val Loss: 0.001568 | LR: 1.00e-04 | Best: 0.001562
  Epoch 117/300 | Train Loss: 0.001394 | Val Loss: 0.001605 | LR: 1.00e-04 | Best: 0.001562
  Epoch 118/300 | Train Loss: 0.001412 | Val Loss: 0.001579 | LR: 1.00e-04 | Best: 0.001562
  Epoch 119/300 | Train Loss: 0.001413 | Val Loss: 0.001578 | LR: 1.00e-04 | Best: 0.001562
  Epoch 120/300 | Train Loss: 0.001405 | Val Loss: 0.001569 | LR: 1.00e-04 | Best: 0.001562
  Gate   | mean=0.567 std=0.042 [0.444, 0.687] → 偏向LSTM
  Epoch 121/300 | Train Loss: 0.001383 | Val Loss: 0.001574 | LR: 5.00e-05 | Best: 0.001562
  Epoch 122/300 | Train Loss: 0.001379 | Val Loss: 0.001574 | LR: 5.00e-05 | Best: 0.001562
  Epoch 123/300 | Train Loss: 0.001362 | Val Loss: 0.001561 | LR: 5.00e-05 | Best: 0.001562
  Epoch 124/300 | Train Loss: 0.001352 | Val Loss: 0.001564 | LR: 5.00e-05 | Best: 0.001561
  Epoch 125/300 | Train Loss: 0.001351 | Val Loss: 0.001565 | LR: 5.00e-05 | Best: 0.001561
  Epoch 126/300 | Train Loss: 0.001341 | Val Loss: 0.001560 | LR: 5.00e-05 | Best: 0.001561
  Epoch 127/300 | Train Loss: 0.001347 | Val Loss: 0.001566 | LR: 5.00e-05 | Best: 0.001560
  Epoch 128/300 | Train Loss: 0.001347 | Val Loss: 0.001560 | LR: 5.00e-05 | Best: 0.001560
  Epoch 129/300 | Train Loss: 0.001341 | Val Loss: 0.001567 | LR: 5.00e-05 | Best: 0.001560
  Epoch 130/300 | Train Loss: 0.001337 | Val Loss: 0.001563 | LR: 5.00e-05 | Best: 0.001560
  Gate   | mean=0.572 std=0.043 [0.446, 0.692] → 偏向LSTM
  Epoch 131/300 | Train Loss: 0.001334 | Val Loss: 0.001563 | LR: 5.00e-05 | Best: 0.001560
  Epoch 132/300 | Train Loss: 0.001335 | Val Loss: 0.001565 | LR: 2.50e-05 | Best: 0.001560
  Epoch 133/300 | Train Loss: 0.001333 | Val Loss: 0.001563 | LR: 2.50e-05 | Best: 0.001560
  Epoch 134/300 | Train Loss: 0.001332 | Val Loss: 0.001564 | LR: 2.50e-05 | Best: 0.001560
  Epoch 135/300 | Train Loss: 0.001331 | Val Loss: 0.001564 | LR: 2.50e-05 | Best: 0.001560
  Epoch 136/300 | Train Loss: 0.001325 | Val Loss: 0.001563 | LR: 2.50e-05 | Best: 0.001560

[Early Stopping] No improvement for 10 epochs. Stopping at epoch 136.
[Early Stopping] Best validation loss: 0.001560 at epoch 126

[Checkpoint] Restored best model from epoch 126
============================================================


  ── Result ──
  MAE: 0.021531  RMSE: 0.027983  Hit%: 49.5  vs Zero: +1.21%  [156s]

==========================================================================================
  ABLATION: +AttnH8P05  (variant=edge_attn, feat_dim=21, {'attn_heads': 8, 'attn_prior_scale': 0.5})
==========================================================================================
  Params: 1,684,761

============================================================
CMGM Training
============================================================
Device: cuda
Epochs: 300 (early stopping patience=10)
Learning rate: 0.0001, Weight decay: 1e-05
============================================================
  [variant=edge_attn] GCN→([64, 64]) || LSTM→([64, 64]) → head → ([64, 4, 24])
  Epoch   1/300 | Train Loss: 0.005387 | Val Loss: 0.005110 | LR: 1.00e-04 | Best: inf
  Epoch   2/300 | Train Loss: 0.004465 | Val Loss: 0.004707 | LR: 1.00e-04 | Best: 0.005110
  Epoch   3/300 | Train Loss: 0.004121 | Val Loss: 0.004459 | LR: 1.00e-04 | Best: 0.004707
  Epoch   4/300 | Train Loss: 0.003834 | Val Loss: 0.004232 | LR: 1.00e-04 | Best: 0.004459
  Epoch   5/300 | Train Loss: 0.003569 | Val Loss: 0.004048 | LR: 1.00e-04 | Best: 0.004232
  Epoch   6/300 | Train Loss: 0.003325 | Val Loss: 0.003868 | LR: 1.00e-04 | Best: 0.004048
  Epoch   7/300 | Train Loss: 0.003100 | Val Loss: 0.003639 | LR: 1.00e-04 | Best: 0.003868
  Epoch   8/300 | Train Loss: 0.002923 | Val Loss: 0.003430 | LR: 1.00e-04 | Best: 0.003639
  Epoch   9/300 | Train Loss: 0.002748 | Val Loss: 0.003266 | LR: 1.00e-04 | Best: 0.003430
  Epoch  10/300 | Train Loss: 0.002636 | Val Loss: 0.003132 | LR: 1.00e-04 | Best: 0.003266
  Gate   | mean=0.499 std=0.056 [0.363, 0.660] → 偏向GCN
  Epoch  11/300 | Train Loss: 0.002513 | Val Loss: 0.002984 | LR: 1.00e-04 | Best: 0.003132
  Epoch  12/300 | Train Loss: 0.002429 | Val Loss: 0.002872 | LR: 1.00e-04 | Best: 0.002984
  Epoch  13/300 | Train Loss: 0.002374 | Val Loss: 0.002833 | LR: 1.00e-04 | Best: 0.002872
  Epoch  14/300 | Train Loss: 0.002362 | Val Loss: 0.002854 | LR: 1.00e-04 | Best: 0.002833
  Epoch  15/300 | Train Loss: 0.002371 | Val Loss: 0.002943 | LR: 1.00e-04 | Best: 0.002833
  Epoch  16/300 | Train Loss: 0.002391 | Val Loss: 0.003015 | LR: 1.00e-04 | Best: 0.002833
  Epoch  17/300 | Train Loss: 0.002245 | Val Loss: 0.002924 | LR: 1.00e-04 | Best: 0.002833
  Epoch  18/300 | Train Loss: 0.002186 | Val Loss: 0.002807 | LR: 1.00e-04 | Best: 0.002833
  Epoch  19/300 | Train Loss: 0.002111 | Val Loss: 0.002737 | LR: 1.00e-04 | Best: 0.002807
  Epoch  20/300 | Train Loss: 0.002068 | Val Loss: 0.002683 | LR: 1.00e-04 | Best: 0.002737
  Gate   | mean=0.514 std=0.053 [0.379, 0.682] → 偏向LSTM
  Epoch  21/300 | Train Loss: 0.002044 | Val Loss: 0.002607 | LR: 1.00e-04 | Best: 0.002683
  Epoch  22/300 | Train Loss: 0.002020 | Val Loss: 0.002592 | LR: 1.00e-04 | Best: 0.002607
  Epoch  23/300 | Train Loss: 0.002006 | Val Loss: 0.002563 | LR: 1.00e-04 | Best: 0.002592
  Epoch  24/300 | Train Loss: 0.001985 | Val Loss: 0.002541 | LR: 1.00e-04 | Best: 0.002563
  Epoch  25/300 | Train Loss: 0.001971 | Val Loss: 0.002522 | LR: 1.00e-04 | Best: 0.002541
  Epoch  26/300 | Train Loss: 0.001949 | Val Loss: 0.002483 | LR: 1.00e-04 | Best: 0.002522
  Epoch  27/300 | Train Loss: 0.001927 | Val Loss: 0.002452 | LR: 1.00e-04 | Best: 0.002483
  Epoch  28/300 | Train Loss: 0.001921 | Val Loss: 0.002408 | LR: 1.00e-04 | Best: 0.002452
  Epoch  29/300 | Train Loss: 0.001894 | Val Loss: 0.002349 | LR: 1.00e-04 | Best: 0.002408
  Epoch  30/300 | Train Loss: 0.001886 | Val Loss: 0.002319 | LR: 1.00e-04 | Best: 0.002349
  Gate   | mean=0.517 std=0.049 [0.381, 0.674] → 偏向LSTM
  Epoch  31/300 | Train Loss: 0.001874 | Val Loss: 0.002313 | LR: 1.00e-04 | Best: 0.002319
  Epoch  32/300 | Train Loss: 0.001857 | Val Loss: 0.002319 | LR: 1.00e-04 | Best: 0.002313
  Epoch  33/300 | Train Loss: 0.001843 | Val Loss: 0.002302 | LR: 1.00e-04 | Best: 0.002313
  Epoch  34/300 | Train Loss: 0.001832 | Val Loss: 0.002273 | LR: 1.00e-04 | Best: 0.002302
  Epoch  35/300 | Train Loss: 0.001819 | Val Loss: 0.002232 | LR: 1.00e-04 | Best: 0.002273
  Epoch  36/300 | Train Loss: 0.001807 | Val Loss: 0.002194 | LR: 1.00e-04 | Best: 0.002232
  Epoch  37/300 | Train Loss: 0.001797 | Val Loss: 0.002175 | LR: 1.00e-04 | Best: 0.002194
  Epoch  38/300 | Train Loss: 0.001794 | Val Loss: 0.002162 | LR: 1.00e-04 | Best: 0.002175
  Epoch  39/300 | Train Loss: 0.001781 | Val Loss: 0.002152 | LR: 1.00e-04 | Best: 0.002162
  Epoch  40/300 | Train Loss: 0.001785 | Val Loss: 0.002152 | LR: 1.00e-04 | Best: 0.002152
  Gate   | mean=0.522 std=0.047 [0.391, 0.669] → 偏向LSTM
  Epoch  41/300 | Train Loss: 0.001790 | Val Loss: 0.002162 | LR: 1.00e-04 | Best: 0.002152
  Epoch  42/300 | Train Loss: 0.001806 | Val Loss: 0.002123 | LR: 1.00e-04 | Best: 0.002152
  Epoch  43/300 | Train Loss: 0.001805 | Val Loss: 0.002079 | LR: 1.00e-04 | Best: 0.002123
  Epoch  44/300 | Train Loss: 0.001753 | Val Loss: 0.002095 | LR: 1.00e-04 | Best: 0.002079
  Epoch  45/300 | Train Loss: 0.001733 | Val Loss: 0.002065 | LR: 1.00e-04 | Best: 0.002079
  Epoch  46/300 | Train Loss: 0.001705 | Val Loss: 0.002054 | LR: 1.00e-04 | Best: 0.002065
  Epoch  47/300 | Train Loss: 0.001700 | Val Loss: 0.002045 | LR: 1.00e-04 | Best: 0.002054
  Epoch  48/300 | Train Loss: 0.001685 | Val Loss: 0.002036 | LR: 1.00e-04 | Best: 0.002045
  Epoch  49/300 | Train Loss: 0.001683 | Val Loss: 0.002017 | LR: 1.00e-04 | Best: 0.002036
  Epoch  50/300 | Train Loss: 0.001676 | Val Loss: 0.002021 | LR: 1.00e-04 | Best: 0.002017
  Gate   | mean=0.528 std=0.044 [0.402, 0.658] → 偏向LSTM
  Epoch  51/300 | Train Loss: 0.001673 | Val Loss: 0.002004 | LR: 1.00e-04 | Best: 0.002017
  Epoch  52/300 | Train Loss: 0.001671 | Val Loss: 0.001974 | LR: 1.00e-04 | Best: 0.002004
  Epoch  53/300 | Train Loss: 0.001717 | Val Loss: 0.001980 | LR: 1.00e-04 | Best: 0.001974
  Epoch  54/300 | Train Loss: 0.001693 | Val Loss: 0.001965 | LR: 1.00e-04 | Best: 0.001974
  Epoch  55/300 | Train Loss: 0.001665 | Val Loss: 0.001948 | LR: 1.00e-04 | Best: 0.001965
  Epoch  56/300 | Train Loss: 0.001656 | Val Loss: 0.001958 | LR: 1.00e-04 | Best: 0.001948
  Epoch  57/300 | Train Loss: 0.001635 | Val Loss: 0.001947 | LR: 1.00e-04 | Best: 0.001948
  Epoch  58/300 | Train Loss: 0.001626 | Val Loss: 0.001930 | LR: 1.00e-04 | Best: 0.001947
  Epoch  59/300 | Train Loss: 0.001624 | Val Loss: 0.001930 | LR: 1.00e-04 | Best: 0.001930
  Epoch  60/300 | Train Loss: 0.001605 | Val Loss: 0.001926 | LR: 1.00e-04 | Best: 0.001930
  Gate   | mean=0.533 std=0.043 [0.407, 0.651] → 偏向LSTM
  Epoch  61/300 | Train Loss: 0.001599 | Val Loss: 0.001908 | LR: 1.00e-04 | Best: 0.001926
  Epoch  62/300 | Train Loss: 0.001608 | Val Loss: 0.001916 | LR: 1.00e-04 | Best: 0.001908
  Epoch  63/300 | Train Loss: 0.001597 | Val Loss: 0.001913 | LR: 1.00e-04 | Best: 0.001908
  Epoch  64/300 | Train Loss: 0.001609 | Val Loss: 0.001888 | LR: 1.00e-04 | Best: 0.001908
  Epoch  65/300 | Train Loss: 0.001626 | Val Loss: 0.001892 | LR: 1.00e-04 | Best: 0.001888
  Epoch  66/300 | Train Loss: 0.001596 | Val Loss: 0.001890 | LR: 1.00e-04 | Best: 0.001888
  Epoch  67/300 | Train Loss: 0.001588 | Val Loss: 0.001871 | LR: 1.00e-04 | Best: 0.001888
  Epoch  68/300 | Train Loss: 0.001587 | Val Loss: 0.001878 | LR: 1.00e-04 | Best: 0.001871
  Epoch  69/300 | Train Loss: 0.001560 | Val Loss: 0.001879 | LR: 1.00e-04 | Best: 0.001871
  Epoch  70/300 | Train Loss: 0.001561 | Val Loss: 0.001876 | LR: 1.00e-04 | Best: 0.001871
  Gate   | mean=0.538 std=0.043 [0.409, 0.653] → 偏向LSTM
  Epoch  71/300 | Train Loss: 0.001559 | Val Loss: 0.001877 | LR: 1.00e-04 | Best: 0.001871
  Epoch  72/300 | Train Loss: 0.001544 | Val Loss: 0.001865 | LR: 1.00e-04 | Best: 0.001871
  Epoch  73/300 | Train Loss: 0.001541 | Val Loss: 0.001865 | LR: 1.00e-04 | Best: 0.001865
  Epoch  74/300 | Train Loss: 0.001562 | Val Loss: 0.001875 | LR: 1.00e-04 | Best: 0.001865
  Epoch  75/300 | Train Loss: 0.001554 | Val Loss: 0.001868 | LR: 1.00e-04 | Best: 0.001865
  Epoch  76/300 | Train Loss: 0.001552 | Val Loss: 0.001843 | LR: 1.00e-04 | Best: 0.001865
  Epoch  77/300 | Train Loss: 0.001576 | Val Loss: 0.001856 | LR: 1.00e-04 | Best: 0.001843
  Epoch  78/300 | Train Loss: 0.001551 | Val Loss: 0.001830 | LR: 1.00e-04 | Best: 0.001843
  Epoch  79/300 | Train Loss: 0.001521 | Val Loss: 0.001810 | LR: 1.00e-04 | Best: 0.001830
  Epoch  80/300 | Train Loss: 0.001518 | Val Loss: 0.001800 | LR: 1.00e-04 | Best: 0.001810
  Gate   | mean=0.543 std=0.042 [0.422, 0.660] → 偏向LSTM
  Epoch  81/300 | Train Loss: 0.001512 | Val Loss: 0.001778 | LR: 1.00e-04 | Best: 0.001800
  Epoch  82/300 | Train Loss: 0.001501 | Val Loss: 0.001756 | LR: 1.00e-04 | Best: 0.001778
  Epoch  83/300 | Train Loss: 0.001492 | Val Loss: 0.001747 | LR: 1.00e-04 | Best: 0.001756
  Epoch  84/300 | Train Loss: 0.001485 | Val Loss: 0.001719 | LR: 1.00e-04 | Best: 0.001747
  Epoch  85/300 | Train Loss: 0.001484 | Val Loss: 0.001705 | LR: 1.00e-04 | Best: 0.001719
  Epoch  86/300 | Train Loss: 0.001483 | Val Loss: 0.001691 | LR: 1.00e-04 | Best: 0.001705
  Epoch  87/300 | Train Loss: 0.001490 | Val Loss: 0.001680 | LR: 1.00e-04 | Best: 0.001691
  Epoch  88/300 | Train Loss: 0.001490 | Val Loss: 0.001672 | LR: 1.00e-04 | Best: 0.001680
  Epoch  89/300 | Train Loss: 0.001509 | Val Loss: 0.001692 | LR: 1.00e-04 | Best: 0.001672
  Epoch  90/300 | Train Loss: 0.001534 | Val Loss: 0.001647 | LR: 1.00e-04 | Best: 0.001672
  Gate   | mean=0.549 std=0.042 [0.426, 0.668] → 偏向LSTM
  Epoch  91/300 | Train Loss: 0.001499 | Val Loss: 0.001648 | LR: 1.00e-04 | Best: 0.001647
  Epoch  92/300 | Train Loss: 0.001488 | Val Loss: 0.001670 | LR: 1.00e-04 | Best: 0.001647
  Epoch  93/300 | Train Loss: 0.001482 | Val Loss: 0.001630 | LR: 1.00e-04 | Best: 0.001647
  Epoch  94/300 | Train Loss: 0.001468 | Val Loss: 0.001630 | LR: 1.00e-04 | Best: 0.001630
  Epoch  95/300 | Train Loss: 0.001457 | Val Loss: 0.001633 | LR: 1.00e-04 | Best: 0.001630
  Epoch  96/300 | Train Loss: 0.001448 | Val Loss: 0.001617 | LR: 1.00e-04 | Best: 0.001630
  Epoch  97/300 | Train Loss: 0.001449 | Val Loss: 0.001613 | LR: 1.00e-04 | Best: 0.001617
  Epoch  98/300 | Train Loss: 0.001446 | Val Loss: 0.001613 | LR: 1.00e-04 | Best: 0.001613
  Epoch  99/300 | Train Loss: 0.001444 | Val Loss: 0.001615 | LR: 1.00e-04 | Best: 0.001613
  Epoch 100/300 | Train Loss: 0.001454 | Val Loss: 0.001611 | LR: 1.00e-04 | Best: 0.001613
  Gate   | mean=0.554 std=0.041 [0.436, 0.671] → 偏向LSTM
  Epoch 101/300 | Train Loss: 0.001456 | Val Loss: 0.001597 | LR: 1.00e-04 | Best: 0.001611
  Epoch 102/300 | Train Loss: 0.001449 | Val Loss: 0.001602 | LR: 1.00e-04 | Best: 0.001597
  Epoch 103/300 | Train Loss: 0.001458 | Val Loss: 0.001619 | LR: 1.00e-04 | Best: 0.001597
  Epoch 104/300 | Train Loss: 0.001458 | Val Loss: 0.001594 | LR: 1.00e-04 | Best: 0.001597
  Epoch 105/300 | Train Loss: 0.001438 | Val Loss: 0.001589 | LR: 1.00e-04 | Best: 0.001594
  Epoch 106/300 | Train Loss: 0.001432 | Val Loss: 0.001603 | LR: 1.00e-04 | Best: 0.001589
  Epoch 107/300 | Train Loss: 0.001424 | Val Loss: 0.001587 | LR: 1.00e-04 | Best: 0.001589
  Epoch 108/300 | Train Loss: 0.001425 | Val Loss: 0.001593 | LR: 1.00e-04 | Best: 0.001587
  Epoch 109/300 | Train Loss: 0.001416 | Val Loss: 0.001599 | LR: 1.00e-04 | Best: 0.001587
  Epoch 110/300 | Train Loss: 0.001415 | Val Loss: 0.001583 | LR: 1.00e-04 | Best: 0.001587
  Gate   | mean=0.561 std=0.043 [0.434, 0.684] → 偏向LSTM
  Epoch 111/300 | Train Loss: 0.001414 | Val Loss: 0.001579 | LR: 1.00e-04 | Best: 0.001583
  Epoch 112/300 | Train Loss: 0.001406 | Val Loss: 0.001579 | LR: 1.00e-04 | Best: 0.001579
  Epoch 113/300 | Train Loss: 0.001407 | Val Loss: 0.001594 | LR: 1.00e-04 | Best: 0.001579
  Epoch 114/300 | Train Loss: 0.001401 | Val Loss: 0.001583 | LR: 1.00e-04 | Best: 0.001579
  Epoch 115/300 | Train Loss: 0.001409 | Val Loss: 0.001562 | LR: 1.00e-04 | Best: 0.001579
  Epoch 116/300 | Train Loss: 0.001405 | Val Loss: 0.001568 | LR: 1.00e-04 | Best: 0.001562
  Epoch 117/300 | Train Loss: 0.001394 | Val Loss: 0.001605 | LR: 1.00e-04 | Best: 0.001562
  Epoch 118/300 | Train Loss: 0.001412 | Val Loss: 0.001579 | LR: 1.00e-04 | Best: 0.001562
  Epoch 119/300 | Train Loss: 0.001413 | Val Loss: 0.001578 | LR: 1.00e-04 | Best: 0.001562
  Epoch 120/300 | Train Loss: 0.001405 | Val Loss: 0.001569 | LR: 1.00e-04 | Best: 0.001562
  Gate   | mean=0.567 std=0.042 [0.444, 0.687] → 偏向LSTM
  Epoch 121/300 | Train Loss: 0.001383 | Val Loss: 0.001574 | LR: 5.00e-05 | Best: 0.001562
  Epoch 122/300 | Train Loss: 0.001379 | Val Loss: 0.001574 | LR: 5.00e-05 | Best: 0.001562
  Epoch 123/300 | Train Loss: 0.001362 | Val Loss: 0.001561 | LR: 5.00e-05 | Best: 0.001562
  Epoch 124/300 | Train Loss: 0.001352 | Val Loss: 0.001564 | LR: 5.00e-05 | Best: 0.001561
  Epoch 125/300 | Train Loss: 0.001351 | Val Loss: 0.001565 | LR: 5.00e-05 | Best: 0.001561
  Epoch 126/300 | Train Loss: 0.001341 | Val Loss: 0.001560 | LR: 5.00e-05 | Best: 0.001561
  Epoch 127/300 | Train Loss: 0.001347 | Val Loss: 0.001566 | LR: 5.00e-05 | Best: 0.001560
  Epoch 128/300 | Train Loss: 0.001347 | Val Loss: 0.001560 | LR: 5.00e-05 | Best: 0.001560
  Epoch 129/300 | Train Loss: 0.001341 | Val Loss: 0.001567 | LR: 5.00e-05 | Best: 0.001560
  Epoch 130/300 | Train Loss: 0.001337 | Val Loss: 0.001563 | LR: 5.00e-05 | Best: 0.001560
  Gate   | mean=0.572 std=0.043 [0.446, 0.692] → 偏向LSTM
  Epoch 131/300 | Train Loss: 0.001334 | Val Loss: 0.001563 | LR: 5.00e-05 | Best: 0.001560
  Epoch 132/300 | Train Loss: 0.001335 | Val Loss: 0.001565 | LR: 2.50e-05 | Best: 0.001560
  Epoch 133/300 | Train Loss: 0.001333 | Val Loss: 0.001563 | LR: 2.50e-05 | Best: 0.001560
  Epoch 134/300 | Train Loss: 0.001332 | Val Loss: 0.001564 | LR: 2.50e-05 | Best: 0.001560
  Epoch 135/300 | Train Loss: 0.001331 | Val Loss: 0.001564 | LR: 2.50e-05 | Best: 0.001560
  Epoch 136/300 | Train Loss: 0.001325 | Val Loss: 0.001563 | LR: 2.50e-05 | Best: 0.001560

[Early Stopping] No improvement for 10 epochs. Stopping at epoch 136.
[Early Stopping] Best validation loss: 0.001560 at epoch 126

[Checkpoint] Restored best model from epoch 126
============================================================


  ── Result ──
  MAE: 0.021531  RMSE: 0.027983  Hit%: 49.5  vs Zero: +1.21%  [161s]

==========================================================================================
  ABLATION: +AttnH8Drop05  (variant=edge_attn, feat_dim=21, {'attn_heads': 8, 'attn_dropout': 0.05})
==========================================================================================
  Params: 1,684,761

============================================================
CMGM Training
============================================================
Device: cuda
Epochs: 300 (early stopping patience=10)
Learning rate: 0.0001, Weight decay: 1e-05
============================================================
  [variant=edge_attn] GCN→([64, 64]) || LSTM→([64, 64]) → head → ([64, 4, 24])
  Epoch   1/300 | Train Loss: 0.005387 | Val Loss: 0.005114 | LR: 1.00e-04 | Best: inf
  Epoch   2/300 | Train Loss: 0.004465 | Val Loss: 0.004714 | LR: 1.00e-04 | Best: 0.005114
  Epoch   3/300 | Train Loss: 0.004121 | Val Loss: 0.004459 | LR: 1.00e-04 | Best: 0.004714
  Epoch   4/300 | Train Loss: 0.003833 | Val Loss: 0.004233 | LR: 1.00e-04 | Best: 0.004459
  Epoch   5/300 | Train Loss: 0.003568 | Val Loss: 0.004054 | LR: 1.00e-04 | Best: 0.004233
  Epoch   6/300 | Train Loss: 0.003324 | Val Loss: 0.003868 | LR: 1.00e-04 | Best: 0.004054
  Epoch   7/300 | Train Loss: 0.003100 | Val Loss: 0.003635 | LR: 1.00e-04 | Best: 0.003868
  Epoch   8/300 | Train Loss: 0.002923 | Val Loss: 0.003430 | LR: 1.00e-04 | Best: 0.003635
  Epoch   9/300 | Train Loss: 0.002748 | Val Loss: 0.003261 | LR: 1.00e-04 | Best: 0.003430
  Epoch  10/300 | Train Loss: 0.002634 | Val Loss: 0.003125 | LR: 1.00e-04 | Best: 0.003261
  Gate   | mean=0.499 std=0.056 [0.363, 0.660] → 偏向GCN
  Epoch  11/300 | Train Loss: 0.002510 | Val Loss: 0.002972 | LR: 1.00e-04 | Best: 0.003125
  Epoch  12/300 | Train Loss: 0.002427 | Val Loss: 0.002872 | LR: 1.00e-04 | Best: 0.002972
  Epoch  13/300 | Train Loss: 0.002372 | Val Loss: 0.002832 | LR: 1.00e-04 | Best: 0.002872
  Epoch  14/300 | Train Loss: 0.002360 | Val Loss: 0.002862 | LR: 1.00e-04 | Best: 0.002832
  Epoch  15/300 | Train Loss: 0.002369 | Val Loss: 0.002947 | LR: 1.00e-04 | Best: 0.002832
  Epoch  16/300 | Train Loss: 0.002393 | Val Loss: 0.003035 | LR: 1.00e-04 | Best: 0.002832
  Epoch  17/300 | Train Loss: 0.002249 | Val Loss: 0.002931 | LR: 1.00e-04 | Best: 0.002832
  Epoch  18/300 | Train Loss: 0.002189 | Val Loss: 0.002809 | LR: 1.00e-04 | Best: 0.002832
  Epoch  19/300 | Train Loss: 0.002111 | Val Loss: 0.002735 | LR: 1.00e-04 | Best: 0.002809
  Epoch  20/300 | Train Loss: 0.002068 | Val Loss: 0.002679 | LR: 1.00e-04 | Best: 0.002735
  Gate   | mean=0.514 std=0.053 [0.379, 0.682] → 偏向LSTM
  Epoch  21/300 | Train Loss: 0.002044 | Val Loss: 0.002616 | LR: 1.00e-04 | Best: 0.002679
  Epoch  22/300 | Train Loss: 0.002020 | Val Loss: 0.002585 | LR: 1.00e-04 | Best: 0.002616
  Epoch  23/300 | Train Loss: 0.002006 | Val Loss: 0.002557 | LR: 1.00e-04 | Best: 0.002585
  Epoch  24/300 | Train Loss: 0.001983 | Val Loss: 0.002545 | LR: 1.00e-04 | Best: 0.002557
  Epoch  25/300 | Train Loss: 0.001968 | Val Loss: 0.002517 | LR: 1.00e-04 | Best: 0.002545
  Epoch  26/300 | Train Loss: 0.001946 | Val Loss: 0.002484 | LR: 1.00e-04 | Best: 0.002517
  Epoch  27/300 | Train Loss: 0.001925 | Val Loss: 0.002451 | LR: 1.00e-04 | Best: 0.002484
  Epoch  28/300 | Train Loss: 0.001918 | Val Loss: 0.002407 | LR: 1.00e-04 | Best: 0.002451
  Epoch  29/300 | Train Loss: 0.001891 | Val Loss: 0.002352 | LR: 1.00e-04 | Best: 0.002407
  Epoch  30/300 | Train Loss: 0.001884 | Val Loss: 0.002324 | LR: 1.00e-04 | Best: 0.002352
  Gate   | mean=0.517 std=0.050 [0.380, 0.675] → 偏向LSTM
  Epoch  31/300 | Train Loss: 0.001873 | Val Loss: 0.002326 | LR: 1.00e-04 | Best: 0.002324
  Epoch  32/300 | Train Loss: 0.001857 | Val Loss: 0.002324 | LR: 1.00e-04 | Best: 0.002324
  Epoch  33/300 | Train Loss: 0.001842 | Val Loss: 0.002306 | LR: 1.00e-04 | Best: 0.002324
  Epoch  34/300 | Train Loss: 0.001834 | Val Loss: 0.002277 | LR: 1.00e-04 | Best: 0.002306
  Epoch  35/300 | Train Loss: 0.001820 | Val Loss: 0.002234 | LR: 1.00e-04 | Best: 0.002277
  Epoch  36/300 | Train Loss: 0.001807 | Val Loss: 0.002202 | LR: 1.00e-04 | Best: 0.002234
  Epoch  37/300 | Train Loss: 0.001798 | Val Loss: 0.002174 | LR: 1.00e-04 | Best: 0.002202
  Epoch  38/300 | Train Loss: 0.001794 | Val Loss: 0.002166 | LR: 1.00e-04 | Best: 0.002174
  Epoch  39/300 | Train Loss: 0.001781 | Val Loss: 0.002160 | LR: 1.00e-04 | Best: 0.002166
  Epoch  40/300 | Train Loss: 0.001776 | Val Loss: 0.002147 | LR: 1.00e-04 | Best: 0.002160
  Gate   | mean=0.522 std=0.048 [0.387, 0.671] → 偏向LSTM
  Epoch  41/300 | Train Loss: 0.001771 | Val Loss: 0.002160 | LR: 1.00e-04 | Best: 0.002147
  Epoch  42/300 | Train Loss: 0.001794 | Val Loss: 0.002128 | LR: 1.00e-04 | Best: 0.002147
  Epoch  43/300 | Train Loss: 0.001806 | Val Loss: 0.002067 | LR: 1.00e-04 | Best: 0.002128
  Epoch  44/300 | Train Loss: 0.001804 | Val Loss: 0.002095 | LR: 1.00e-04 | Best: 0.002067
  Epoch  45/300 | Train Loss: 0.001752 | Val Loss: 0.002074 | LR: 1.00e-04 | Best: 0.002067
  Epoch  46/300 | Train Loss: 0.001710 | Val Loss: 0.002054 | LR: 1.00e-04 | Best: 0.002067
  Epoch  47/300 | Train Loss: 0.001705 | Val Loss: 0.002041 | LR: 1.00e-04 | Best: 0.002054
  Epoch  48/300 | Train Loss: 0.001687 | Val Loss: 0.002034 | LR: 1.00e-04 | Best: 0.002041
  Epoch  49/300 | Train Loss: 0.001688 | Val Loss: 0.002009 | LR: 1.00e-04 | Best: 0.002034
  Epoch  50/300 | Train Loss: 0.001677 | Val Loss: 0.002005 | LR: 1.00e-04 | Best: 0.002009
  Gate   | mean=0.528 std=0.045 [0.398, 0.659] → 偏向LSTM
  Epoch  51/300 | Train Loss: 0.001666 | Val Loss: 0.002003 | LR: 1.00e-04 | Best: 0.002005
  Epoch  52/300 | Train Loss: 0.001667 | Val Loss: 0.001972 | LR: 1.00e-04 | Best: 0.002003
  Epoch  53/300 | Train Loss: 0.001698 | Val Loss: 0.001960 | LR: 1.00e-04 | Best: 0.001972
  Epoch  54/300 | Train Loss: 0.001678 | Val Loss: 0.001987 | LR: 1.00e-04 | Best: 0.001960
  Epoch  55/300 | Train Loss: 0.001704 | Val Loss: 0.001942 | LR: 1.00e-04 | Best: 0.001960
  Epoch  56/300 | Train Loss: 0.001658 | Val Loss: 0.001945 | LR: 1.00e-04 | Best: 0.001942
  Epoch  57/300 | Train Loss: 0.001641 | Val Loss: 0.001948 | LR: 1.00e-04 | Best: 0.001942
  Epoch  58/300 | Train Loss: 0.001637 | Val Loss: 0.001925 | LR: 1.00e-04 | Best: 0.001942
  Epoch  59/300 | Train Loss: 0.001619 | Val Loss: 0.001925 | LR: 1.00e-04 | Best: 0.001925
  Epoch  60/300 | Train Loss: 0.001604 | Val Loss: 0.001928 | LR: 1.00e-04 | Best: 0.001925
  Gate   | mean=0.533 std=0.042 [0.406, 0.648] → 偏向LSTM
  Epoch  61/300 | Train Loss: 0.001601 | Val Loss: 0.001911 | LR: 1.00e-04 | Best: 0.001925
  Epoch  62/300 | Train Loss: 0.001595 | Val Loss: 0.001908 | LR: 1.00e-04 | Best: 0.001911
  Epoch  63/300 | Train Loss: 0.001599 | Val Loss: 0.001922 | LR: 1.00e-04 | Best: 0.001908
  Epoch  64/300 | Train Loss: 0.001620 | Val Loss: 0.001890 | LR: 1.00e-04 | Best: 0.001908
  Epoch  65/300 | Train Loss: 0.001609 | Val Loss: 0.001884 | LR: 1.00e-04 | Best: 0.001890
  Epoch  66/300 | Train Loss: 0.001633 | Val Loss: 0.001918 | LR: 1.00e-04 | Best: 0.001884
  Epoch  67/300 | Train Loss: 0.001603 | Val Loss: 0.001872 | LR: 1.00e-04 | Best: 0.001884
  Epoch  68/300 | Train Loss: 0.001569 | Val Loss: 0.001880 | LR: 1.00e-04 | Best: 0.001872
  Epoch  69/300 | Train Loss: 0.001559 | Val Loss: 0.001896 | LR: 1.00e-04 | Best: 0.001872
  Epoch  70/300 | Train Loss: 0.001562 | Val Loss: 0.001881 | LR: 1.00e-04 | Best: 0.001872
  Gate   | mean=0.538 std=0.042 [0.412, 0.651] → 偏向LSTM
  Epoch  71/300 | Train Loss: 0.001547 | Val Loss: 0.001883 | LR: 1.00e-04 | Best: 0.001872
  Epoch  72/300 | Train Loss: 0.001540 | Val Loss: 0.001880 | LR: 1.00e-04 | Best: 0.001872
  Epoch  73/300 | Train Loss: 0.001541 | Val Loss: 0.001872 | LR: 5.00e-05 | Best: 0.001872
  Epoch  74/300 | Train Loss: 0.001537 | Val Loss: 0.001882 | LR: 5.00e-05 | Best: 0.001872
  Epoch  75/300 | Train Loss: 0.001516 | Val Loss: 0.001875 | LR: 5.00e-05 | Best: 0.001872
  Epoch  76/300 | Train Loss: 0.001516 | Val Loss: 0.001871 | LR: 5.00e-05 | Best: 0.001872
  Epoch  77/300 | Train Loss: 0.001511 | Val Loss: 0.001867 | LR: 5.00e-05 | Best: 0.001871
  Epoch  78/300 | Train Loss: 0.001506 | Val Loss: 0.001864 | LR: 5.00e-05 | Best: 0.001867
  Epoch  79/300 | Train Loss: 0.001501 | Val Loss: 0.001854 | LR: 5.00e-05 | Best: 0.001864
  Epoch  80/300 | Train Loss: 0.001500 | Val Loss: 0.001849 | LR: 5.00e-05 | Best: 0.001854
  Gate   | mean=0.541 std=0.042 [0.418, 0.653] → 偏向LSTM
  Epoch  81/300 | Train Loss: 0.001499 | Val Loss: 0.001841 | LR: 5.00e-05 | Best: 0.001849
  Epoch  82/300 | Train Loss: 0.001497 | Val Loss: 0.001838 | LR: 5.00e-05 | Best: 0.001841
  Epoch  83/300 | Train Loss: 0.001492 | Val Loss: 0.001833 | LR: 5.00e-05 | Best: 0.001838
  Epoch  84/300 | Train Loss: 0.001485 | Val Loss: 0.001822 | LR: 5.00e-05 | Best: 0.001833
  Epoch  85/300 | Train Loss: 0.001489 | Val Loss: 0.001811 | LR: 5.00e-05 | Best: 0.001822
  Epoch  86/300 | Train Loss: 0.001488 | Val Loss: 0.001802 | LR: 5.00e-05 | Best: 0.001811
  Epoch  87/300 | Train Loss: 0.001485 | Val Loss: 0.001796 | LR: 5.00e-05 | Best: 0.001802
  Epoch  88/300 | Train Loss: 0.001484 | Val Loss: 0.001789 | LR: 5.00e-05 | Best: 0.001796
  Epoch  89/300 | Train Loss: 0.001481 | Val Loss: 0.001774 | LR: 5.00e-05 | Best: 0.001789
  Epoch  90/300 | Train Loss: 0.001492 | Val Loss: 0.001776 | LR: 5.00e-05 | Best: 0.001774
  Gate   | mean=0.545 std=0.042 [0.422, 0.653] → 偏向LSTM
  Epoch  91/300 | Train Loss: 0.001488 | Val Loss: 0.001757 | LR: 5.00e-05 | Best: 0.001774
  Epoch  92/300 | Train Loss: 0.001491 | Val Loss: 0.001748 | LR: 5.00e-05 | Best: 0.001757
  Epoch  93/300 | Train Loss: 0.001514 | Val Loss: 0.001748 | LR: 5.00e-05 | Best: 0.001748
  Epoch  94/300 | Train Loss: 0.001510 | Val Loss: 0.001721 | LR: 5.00e-05 | Best: 0.001748
  Epoch  95/300 | Train Loss: 0.001485 | Val Loss: 0.001719 | LR: 5.00e-05 | Best: 0.001721
  Epoch  96/300 | Train Loss: 0.001477 | Val Loss: 0.001719 | LR: 5.00e-05 | Best: 0.001719
  Epoch  97/300 | Train Loss: 0.001475 | Val Loss: 0.001702 | LR: 5.00e-05 | Best: 0.001719
  Epoch  98/300 | Train Loss: 0.001472 | Val Loss: 0.001693 | LR: 5.00e-05 | Best: 0.001702
  Epoch  99/300 | Train Loss: 0.001462 | Val Loss: 0.001686 | LR: 5.00e-05 | Best: 0.001693
  Epoch 100/300 | Train Loss: 0.001458 | Val Loss: 0.001679 | LR: 5.00e-05 | Best: 0.001686
  Gate   | mean=0.548 std=0.042 [0.425, 0.658] → 偏向LSTM
  Epoch 101/300 | Train Loss: 0.001459 | Val Loss: 0.001674 | LR: 5.00e-05 | Best: 0.001679
  Epoch 102/300 | Train Loss: 0.001457 | Val Loss: 0.001670 | LR: 5.00e-05 | Best: 0.001674
  Epoch 103/300 | Train Loss: 0.001456 | Val Loss: 0.001664 | LR: 5.00e-05 | Best: 0.001670
  Epoch 104/300 | Train Loss: 0.001455 | Val Loss: 0.001659 | LR: 5.00e-05 | Best: 0.001664
  Epoch 105/300 | Train Loss: 0.001451 | Val Loss: 0.001655 | LR: 5.00e-05 | Best: 0.001659
  Epoch 106/300 | Train Loss: 0.001457 | Val Loss: 0.001653 | LR: 5.00e-05 | Best: 0.001655
  Epoch 107/300 | Train Loss: 0.001449 | Val Loss: 0.001644 | LR: 5.00e-05 | Best: 0.001653
  Epoch 108/300 | Train Loss: 0.001449 | Val Loss: 0.001648 | LR: 5.00e-05 | Best: 0.001644
  Epoch 109/300 | Train Loss: 0.001461 | Val Loss: 0.001649 | LR: 5.00e-05 | Best: 0.001644
  Epoch 110/300 | Train Loss: 0.001478 | Val Loss: 0.001634 | LR: 5.00e-05 | Best: 0.001644
  Gate   | mean=0.553 std=0.043 [0.427, 0.664] → 偏向LSTM
  Epoch 111/300 | Train Loss: 0.001471 | Val Loss: 0.001633 | LR: 5.00e-05 | Best: 0.001634
  Epoch 112/300 | Train Loss: 0.001457 | Val Loss: 0.001635 | LR: 5.00e-05 | Best: 0.001633
  Epoch 113/300 | Train Loss: 0.001468 | Val Loss: 0.001629 | LR: 5.00e-05 | Best: 0.001633
  Epoch 114/300 | Train Loss: 0.001449 | Val Loss: 0.001623 | LR: 5.00e-05 | Best: 0.001629
  Epoch 115/300 | Train Loss: 0.001438 | Val Loss: 0.001618 | LR: 5.00e-05 | Best: 0.001623
  Epoch 116/300 | Train Loss: 0.001431 | Val Loss: 0.001619 | LR: 5.00e-05 | Best: 0.001618
  Epoch 117/300 | Train Loss: 0.001427 | Val Loss: 0.001617 | LR: 5.00e-05 | Best: 0.001618
  Epoch 118/300 | Train Loss: 0.001430 | Val Loss: 0.001618 | LR: 5.00e-05 | Best: 0.001617
  Epoch 119/300 | Train Loss: 0.001428 | Val Loss: 0.001616 | LR: 5.00e-05 | Best: 0.001617
  Epoch 120/300 | Train Loss: 0.001422 | Val Loss: 0.001610 | LR: 5.00e-05 | Best: 0.001616
  Gate   | mean=0.557 std=0.043 [0.432, 0.668] → 偏向LSTM
  Epoch 121/300 | Train Loss: 0.001420 | Val Loss: 0.001613 | LR: 5.00e-05 | Best: 0.001610
  Epoch 122/300 | Train Loss: 0.001422 | Val Loss: 0.001608 | LR: 5.00e-05 | Best: 0.001610
  Epoch 123/300 | Train Loss: 0.001427 | Val Loss: 0.001607 | LR: 5.00e-05 | Best: 0.001608
  Epoch 124/300 | Train Loss: 0.001421 | Val Loss: 0.001603 | LR: 5.00e-05 | Best: 0.001607
  Epoch 125/300 | Train Loss: 0.001419 | Val Loss: 0.001602 | LR: 5.00e-05 | Best: 0.001603
  Epoch 126/300 | Train Loss: 0.001422 | Val Loss: 0.001605 | LR: 5.00e-05 | Best: 0.001602
  Epoch 127/300 | Train Loss: 0.001442 | Val Loss: 0.001610 | LR: 5.00e-05 | Best: 0.001602
  Epoch 128/300 | Train Loss: 0.001437 | Val Loss: 0.001589 | LR: 5.00e-05 | Best: 0.001602
  Epoch 129/300 | Train Loss: 0.001421 | Val Loss: 0.001594 | LR: 5.00e-05 | Best: 0.001589
  Epoch 130/300 | Train Loss: 0.001412 | Val Loss: 0.001605 | LR: 5.00e-05 | Best: 0.001589
  Gate   | mean=0.562 std=0.043 [0.438, 0.674] → 偏向LSTM
  Epoch 131/300 | Train Loss: 0.001412 | Val Loss: 0.001588 | LR: 5.00e-05 | Best: 0.001589
  Epoch 132/300 | Train Loss: 0.001407 | Val Loss: 0.001590 | LR: 5.00e-05 | Best: 0.001588
  Epoch 133/300 | Train Loss: 0.001398 | Val Loss: 0.001586 | LR: 5.00e-05 | Best: 0.001588
  Epoch 134/300 | Train Loss: 0.001398 | Val Loss: 0.001584 | LR: 5.00e-05 | Best: 0.001586
  Epoch 135/300 | Train Loss: 0.001396 | Val Loss: 0.001583 | LR: 5.00e-05 | Best: 0.001584
  Epoch 136/300 | Train Loss: 0.001387 | Val Loss: 0.001578 | LR: 5.00e-05 | Best: 0.001583
  Epoch 137/300 | Train Loss: 0.001384 | Val Loss: 0.001584 | LR: 5.00e-05 | Best: 0.001578
  Epoch 138/300 | Train Loss: 0.001388 | Val Loss: 0.001575 | LR: 5.00e-05 | Best: 0.001578
  Epoch 139/300 | Train Loss: 0.001379 | Val Loss: 0.001579 | LR: 5.00e-05 | Best: 0.001575
  Epoch 140/300 | Train Loss: 0.001379 | Val Loss: 0.001578 | LR: 5.00e-05 | Best: 0.001575
  Gate   | mean=0.568 std=0.044 [0.440, 0.680] → 偏向LSTM
  Epoch 141/300 | Train Loss: 0.001376 | Val Loss: 0.001577 | LR: 5.00e-05 | Best: 0.001575
  Epoch 142/300 | Train Loss: 0.001378 | Val Loss: 0.001580 | LR: 5.00e-05 | Best: 0.001575
  Epoch 143/300 | Train Loss: 0.001376 | Val Loss: 0.001576 | LR: 5.00e-05 | Best: 0.001575
  Epoch 144/300 | Train Loss: 0.001371 | Val Loss: 0.001576 | LR: 2.50e-05 | Best: 0.001575
  Epoch 145/300 | Train Loss: 0.001366 | Val Loss: 0.001574 | LR: 2.50e-05 | Best: 0.001575
  Epoch 146/300 | Train Loss: 0.001368 | Val Loss: 0.001575 | LR: 2.50e-05 | Best: 0.001574
  Epoch 147/300 | Train Loss: 0.001364 | Val Loss: 0.001569 | LR: 2.50e-05 | Best: 0.001574
  Epoch 148/300 | Train Loss: 0.001363 | Val Loss: 0.001571 | LR: 2.50e-05 | Best: 0.001569
  Epoch 149/300 | Train Loss: 0.001361 | Val Loss: 0.001569 | LR: 2.50e-05 | Best: 0.001569
  Epoch 150/300 | Train Loss: 0.001357 | Val Loss: 0.001568 | LR: 2.50e-05 | Best: 0.001569
  Gate   | mean=0.574 std=0.045 [0.442, 0.685] → 偏向LSTM
  Epoch 151/300 | Train Loss: 0.001356 | Val Loss: 0.001568 | LR: 2.50e-05 | Best: 0.001568
  Epoch 152/300 | Train Loss: 0.001357 | Val Loss: 0.001568 | LR: 2.50e-05 | Best: 0.001568
  Epoch 153/300 | Train Loss: 0.001353 | Val Loss: 0.001566 | LR: 2.50e-05 | Best: 0.001568
  Epoch 154/300 | Train Loss: 0.001354 | Val Loss: 0.001568 | LR: 2.50e-05 | Best: 0.001566
  Epoch 155/300 | Train Loss: 0.001358 | Val Loss: 0.001568 | LR: 2.50e-05 | Best: 0.001566
  Epoch 156/300 | Train Loss: 0.001360 | Val Loss: 0.001568 | LR: 2.50e-05 | Best: 0.001566
  Epoch 157/300 | Train Loss: 0.001351 | Val Loss: 0.001570 | LR: 2.50e-05 | Best: 0.001566
  Epoch 158/300 | Train Loss: 0.001353 | Val Loss: 0.001567 | LR: 2.50e-05 | Best: 0.001566
  Epoch 159/300 | Train Loss: 0.001349 | Val Loss: 0.001565 | LR: 2.50e-05 | Best: 0.001566
  Epoch 160/300 | Train Loss: 0.001350 | Val Loss: 0.001570 | LR: 2.50e-05 | Best: 0.001565
  Gate   | mean=0.578 std=0.046 [0.444, 0.690] → 偏向LSTM
  Epoch 161/300 | Train Loss: 0.001348 | Val Loss: 0.001566 | LR: 2.50e-05 | Best: 0.001565
  Epoch 162/300 | Train Loss: 0.001349 | Val Loss: 0.001569 | LR: 2.50e-05 | Best: 0.001565
  Epoch 163/300 | Train Loss: 0.001341 | Val Loss: 0.001566 | LR: 2.50e-05 | Best: 0.001565
  Epoch 164/300 | Train Loss: 0.001343 | Val Loss: 0.001565 | LR: 2.50e-05 | Best: 0.001565
  Epoch 165/300 | Train Loss: 0.001344 | Val Loss: 0.001567 | LR: 1.25e-05 | Best: 0.001565
  Epoch 166/300 | Train Loss: 0.001341 | Val Loss: 0.001565 | LR: 1.25e-05 | Best: 0.001565
  Epoch 167/300 | Train Loss: 0.001336 | Val Loss: 0.001564 | LR: 1.25e-05 | Best: 0.001565
  Epoch 168/300 | Train Loss: 0.001338 | Val Loss: 0.001568 | LR: 1.25e-05 | Best: 0.001564
  Epoch 169/300 | Train Loss: 0.001336 | Val Loss: 0.001565 | LR: 1.25e-05 | Best: 0.001564
  Epoch 170/300 | Train Loss: 0.001339 | Val Loss: 0.001566 | LR: 1.25e-05 | Best: 0.001564
  Gate   | mean=0.581 std=0.047 [0.445, 0.694] → 偏向LSTM
  Epoch 171/300 | Train Loss: 0.001339 | Val Loss: 0.001567 | LR: 1.25e-05 | Best: 0.001564
  Epoch 172/300 | Train Loss: 0.001335 | Val Loss: 0.001567 | LR: 1.25e-05 | Best: 0.001564
  Epoch 173/300 | Train Loss: 0.001335 | Val Loss: 0.001563 | LR: 1.25e-05 | Best: 0.001564
  Epoch 174/300 | Train Loss: 0.001332 | Val Loss: 0.001568 | LR: 1.25e-05 | Best: 0.001563
  Epoch 175/300 | Train Loss: 0.001331 | Val Loss: 0.001567 | LR: 1.25e-05 | Best: 0.001563
  Epoch 176/300 | Train Loss: 0.001339 | Val Loss: 0.001566 | LR: 1.25e-05 | Best: 0.001563
  Epoch 177/300 | Train Loss: 0.001335 | Val Loss: 0.001565 | LR: 1.25e-05 | Best: 0.001563
  Epoch 178/300 | Train Loss: 0.001329 | Val Loss: 0.001566 | LR: 1.25e-05 | Best: 0.001563
  Epoch 179/300 | Train Loss: 0.001337 | Val Loss: 0.001565 | LR: 6.25e-06 | Best: 0.001563
  Epoch 180/300 | Train Loss: 0.001330 | Val Loss: 0.001565 | LR: 6.25e-06 | Best: 0.001563
  Gate   | mean=0.584 std=0.048 [0.446, 0.696] → 偏向LSTM
  Epoch 181/300 | Train Loss: 0.001335 | Val Loss: 0.001565 | LR: 6.25e-06 | Best: 0.001563
  Epoch 182/300 | Train Loss: 0.001329 | Val Loss: 0.001564 | LR: 6.25e-06 | Best: 0.001563
  Epoch 183/300 | Train Loss: 0.001330 | Val Loss: 0.001564 | LR: 6.25e-06 | Best: 0.001563

[Early Stopping] No improvement for 10 epochs. Stopping at epoch 183.
[Early Stopping] Best validation loss: 0.001563 at epoch 173

[Checkpoint] Restored best model from epoch 173
============================================================


  ── Result ──
  MAE: 0.021584  RMSE: 0.028067  Hit%: 51.0  vs Zero: +1.46%  [223s]

==========================================================================================
  ABLATION: +TemporalAttn  (variant=temporal_attn, feat_dim=21, {})
==========================================================================================
  Params: 601,434

============================================================
CMGM Training
============================================================
Device: cuda
Epochs: 300 (early stopping patience=10)
Learning rate: 0.0001, Weight decay: 1e-05
============================================================
  [variant=temporal_attn] GCN→([64, 64]) || LSTM→([64, 64]) → head → ([64, 4, 24])
  Epoch   1/300 | Train Loss: 0.004698 | Val Loss: 0.004387 | LR: 1.00e-04 | Best: inf
  Epoch   2/300 | Train Loss: 0.004057 | Val Loss: 0.004072 | LR: 1.00e-04 | Best: 0.004387
  Epoch   3/300 | Train Loss: 0.003739 | Val Loss: 0.003844 | LR: 1.00e-04 | Best: 0.004072
  Epoch   4/300 | Train Loss: 0.003486 | Val Loss: 0.003660 | LR: 1.00e-04 | Best: 0.003844
  Epoch   5/300 | Train Loss: 0.003290 | Val Loss: 0.003500 | LR: 1.00e-04 | Best: 0.003660
  Epoch   6/300 | Train Loss: 0.003099 | Val Loss: 0.003373 | LR: 1.00e-04 | Best: 0.003500
  Epoch   7/300 | Train Loss: 0.002936 | Val Loss: 0.003243 | LR: 1.00e-04 | Best: 0.003373
  Epoch   8/300 | Train Loss: 0.002785 | Val Loss: 0.003139 | LR: 1.00e-04 | Best: 0.003243
  Epoch   9/300 | Train Loss: 0.002680 | Val Loss: 0.003011 | LR: 1.00e-04 | Best: 0.003139
  Epoch  10/300 | Train Loss: 0.002591 | Val Loss: 0.002889 | LR: 1.00e-04 | Best: 0.003011
  Gate   | mean=0.506 std=0.056 [0.373, 0.675] → 偏向LSTM
  Epoch  11/300 | Train Loss: 0.002515 | Val Loss: 0.002806 | LR: 1.00e-04 | Best: 0.002889
  Epoch  12/300 | Train Loss: 0.002452 | Val Loss: 0.002646 | LR: 1.00e-04 | Best: 0.002806
  Epoch  13/300 | Train Loss: 0.002397 | Val Loss: 0.002551 | LR: 1.00e-04 | Best: 0.002646
  Epoch  14/300 | Train Loss: 0.002375 | Val Loss: 0.002414 | LR: 1.00e-04 | Best: 0.002551
  Epoch  15/300 | Train Loss: 0.002386 | Val Loss: 0.002406 | LR: 1.00e-04 | Best: 0.002414
  Epoch  16/300 | Train Loss: 0.002317 | Val Loss: 0.002427 | LR: 1.00e-04 | Best: 0.002406
  Epoch  17/300 | Train Loss: 0.002251 | Val Loss: 0.002507 | LR: 1.00e-04 | Best: 0.002406
  Epoch  18/300 | Train Loss: 0.002203 | Val Loss: 0.002451 | LR: 1.00e-04 | Best: 0.002406
  Epoch  19/300 | Train Loss: 0.002180 | Val Loss: 0.002303 | LR: 1.00e-04 | Best: 0.002406
  Epoch  20/300 | Train Loss: 0.002089 | Val Loss: 0.002277 | LR: 1.00e-04 | Best: 0.002303
  Gate   | mean=0.523 std=0.047 [0.426, 0.674] → 偏向LSTM
  Epoch  21/300 | Train Loss: 0.002075 | Val Loss: 0.002284 | LR: 1.00e-04 | Best: 0.002277
  Epoch  22/300 | Train Loss: 0.002032 | Val Loss: 0.002271 | LR: 1.00e-04 | Best: 0.002277
  Epoch  23/300 | Train Loss: 0.002025 | Val Loss: 0.002215 | LR: 1.00e-04 | Best: 0.002271
  Epoch  24/300 | Train Loss: 0.001990 | Val Loss: 0.002173 | LR: 1.00e-04 | Best: 0.002215
  Epoch  25/300 | Train Loss: 0.001967 | Val Loss: 0.002145 | LR: 1.00e-04 | Best: 0.002173
  Epoch  26/300 | Train Loss: 0.001957 | Val Loss: 0.002114 | LR: 1.00e-04 | Best: 0.002145
  Epoch  27/300 | Train Loss: 0.001941 | Val Loss: 0.002096 | LR: 1.00e-04 | Best: 0.002114
  Epoch  28/300 | Train Loss: 0.001923 | Val Loss: 0.002081 | LR: 1.00e-04 | Best: 0.002096
  Epoch  29/300 | Train Loss: 0.001914 | Val Loss: 0.002069 | LR: 1.00e-04 | Best: 0.002081
  Epoch  30/300 | Train Loss: 0.001900 | Val Loss: 0.002044 | LR: 1.00e-04 | Best: 0.002069
  Gate   | mean=0.523 std=0.045 [0.418, 0.648] → 偏向LSTM
  Epoch  31/300 | Train Loss: 0.001888 | Val Loss: 0.002030 | LR: 1.00e-04 | Best: 0.002044
  Epoch  32/300 | Train Loss: 0.001867 | Val Loss: 0.002018 | LR: 1.00e-04 | Best: 0.002030
  Epoch  33/300 | Train Loss: 0.001868 | Val Loss: 0.001990 | LR: 1.00e-04 | Best: 0.002018
  Epoch  34/300 | Train Loss: 0.001866 | Val Loss: 0.001961 | LR: 1.00e-04 | Best: 0.001990
  Epoch  35/300 | Train Loss: 0.001851 | Val Loss: 0.001956 | LR: 1.00e-04 | Best: 0.001961
  Epoch  36/300 | Train Loss: 0.001861 | Val Loss: 0.001948 | LR: 1.00e-04 | Best: 0.001956
  Epoch  37/300 | Train Loss: 0.001853 | Val Loss: 0.001930 | LR: 1.00e-04 | Best: 0.001948
  Epoch  38/300 | Train Loss: 0.001862 | Val Loss: 0.001917 | LR: 1.00e-04 | Best: 0.001930
  Epoch  39/300 | Train Loss: 0.001823 | Val Loss: 0.001920 | LR: 1.00e-04 | Best: 0.001917
  Epoch  40/300 | Train Loss: 0.001810 | Val Loss: 0.001916 | LR: 1.00e-04 | Best: 0.001917
  Gate   | mean=0.525 std=0.042 [0.418, 0.633] → 偏向LSTM
  Epoch  41/300 | Train Loss: 0.001795 | Val Loss: 0.001918 | LR: 1.00e-04 | Best: 0.001916
  Epoch  42/300 | Train Loss: 0.001785 | Val Loss: 0.001911 | LR: 1.00e-04 | Best: 0.001916
  Epoch  43/300 | Train Loss: 0.001785 | Val Loss: 0.001906 | LR: 1.00e-04 | Best: 0.001911
  Epoch  44/300 | Train Loss: 0.001786 | Val Loss: 0.001905 | LR: 1.00e-04 | Best: 0.001906
  Epoch  45/300 | Train Loss: 0.001798 | Val Loss: 0.001890 | LR: 1.00e-04 | Best: 0.001905
  Epoch  46/300 | Train Loss: 0.001777 | Val Loss: 0.001862 | LR: 1.00e-04 | Best: 0.001890
  Epoch  47/300 | Train Loss: 0.001788 | Val Loss: 0.001868 | LR: 1.00e-04 | Best: 0.001862
  Epoch  48/300 | Train Loss: 0.001795 | Val Loss: 0.001878 | LR: 1.00e-04 | Best: 0.001862
  Epoch  49/300 | Train Loss: 0.001775 | Val Loss: 0.001877 | LR: 1.00e-04 | Best: 0.001862
  Epoch  50/300 | Train Loss: 0.001773 | Val Loss: 0.001892 | LR: 1.00e-04 | Best: 0.001862
  Gate   | mean=0.529 std=0.039 [0.430, 0.636] → 偏向LSTM
  Epoch  51/300 | Train Loss: 0.001744 | Val Loss: 0.001870 | LR: 1.00e-04 | Best: 0.001862
  Epoch  52/300 | Train Loss: 0.001732 | Val Loss: 0.001855 | LR: 1.00e-04 | Best: 0.001862
  Epoch  53/300 | Train Loss: 0.001726 | Val Loss: 0.001858 | LR: 1.00e-04 | Best: 0.001855
  Epoch  54/300 | Train Loss: 0.001717 | Val Loss: 0.001835 | LR: 1.00e-04 | Best: 0.001855
  Epoch  55/300 | Train Loss: 0.001715 | Val Loss: 0.001833 | LR: 1.00e-04 | Best: 0.001835
  Epoch  56/300 | Train Loss: 0.001706 | Val Loss: 0.001854 | LR: 1.00e-04 | Best: 0.001833
  Epoch  57/300 | Train Loss: 0.001719 | Val Loss: 0.001820 | LR: 1.00e-04 | Best: 0.001833
  Epoch  58/300 | Train Loss: 0.001715 | Val Loss: 0.001828 | LR: 1.00e-04 | Best: 0.001820
  Epoch  59/300 | Train Loss: 0.001700 | Val Loss: 0.001846 | LR: 1.00e-04 | Best: 0.001820
  Epoch  60/300 | Train Loss: 0.001699 | Val Loss: 0.001814 | LR: 1.00e-04 | Best: 0.001820
  Gate   | mean=0.532 std=0.037 [0.434, 0.647] → 偏向LSTM
  Epoch  61/300 | Train Loss: 0.001691 | Val Loss: 0.001823 | LR: 1.00e-04 | Best: 0.001814
  Epoch  62/300 | Train Loss: 0.001675 | Val Loss: 0.001832 | LR: 1.00e-04 | Best: 0.001814
  Epoch  63/300 | Train Loss: 0.001665 | Val Loss: 0.001809 | LR: 1.00e-04 | Best: 0.001814
  Epoch  64/300 | Train Loss: 0.001664 | Val Loss: 0.001812 | LR: 1.00e-04 | Best: 0.001809
  Epoch  65/300 | Train Loss: 0.001651 | Val Loss: 0.001815 | LR: 1.00e-04 | Best: 0.001809
  Epoch  66/300 | Train Loss: 0.001651 | Val Loss: 0.001802 | LR: 1.00e-04 | Best: 0.001809
  Epoch  67/300 | Train Loss: 0.001657 | Val Loss: 0.001809 | LR: 1.00e-04 | Best: 0.001802
  Epoch  68/300 | Train Loss: 0.001649 | Val Loss: 0.001802 | LR: 1.00e-04 | Best: 0.001802
  Epoch  69/300 | Train Loss: 0.001641 | Val Loss: 0.001788 | LR: 1.00e-04 | Best: 0.001802
  Epoch  70/300 | Train Loss: 0.001658 | Val Loss: 0.001812 | LR: 1.00e-04 | Best: 0.001788
  Gate   | mean=0.533 std=0.036 [0.439, 0.652] → 偏向LSTM
  Epoch  71/300 | Train Loss: 0.001654 | Val Loss: 0.001775 | LR: 1.00e-04 | Best: 0.001788
  Epoch  72/300 | Train Loss: 0.001626 | Val Loss: 0.001775 | LR: 1.00e-04 | Best: 0.001775
  Epoch  73/300 | Train Loss: 0.001619 | Val Loss: 0.001786 | LR: 1.00e-04 | Best: 0.001775
  Epoch  74/300 | Train Loss: 0.001624 | Val Loss: 0.001758 | LR: 1.00e-04 | Best: 0.001775
  Epoch  75/300 | Train Loss: 0.001626 | Val Loss: 0.001757 | LR: 1.00e-04 | Best: 0.001758
  Epoch  76/300 | Train Loss: 0.001623 | Val Loss: 0.001762 | LR: 1.00e-04 | Best: 0.001757
  Epoch  77/300 | Train Loss: 0.001624 | Val Loss: 0.001731 | LR: 1.00e-04 | Best: 0.001757
  Epoch  78/300 | Train Loss: 0.001631 | Val Loss: 0.001741 | LR: 1.00e-04 | Best: 0.001731
  Epoch  79/300 | Train Loss: 0.001601 | Val Loss: 0.001729 | LR: 1.00e-04 | Best: 0.001731
  Epoch  80/300 | Train Loss: 0.001600 | Val Loss: 0.001714 | LR: 1.00e-04 | Best: 0.001729
  Gate   | mean=0.535 std=0.037 [0.442, 0.666] → 偏向LSTM
  Epoch  81/300 | Train Loss: 0.001603 | Val Loss: 0.001736 | LR: 1.00e-04 | Best: 0.001714
  Epoch  82/300 | Train Loss: 0.001598 | Val Loss: 0.001700 | LR: 1.00e-04 | Best: 0.001714
  Epoch  83/300 | Train Loss: 0.001584 | Val Loss: 0.001712 | LR: 1.00e-04 | Best: 0.001700
  Epoch  84/300 | Train Loss: 0.001579 | Val Loss: 0.001718 | LR: 1.00e-04 | Best: 0.001700
  Epoch  85/300 | Train Loss: 0.001579 | Val Loss: 0.001699 | LR: 1.00e-04 | Best: 0.001700
  Epoch  86/300 | Train Loss: 0.001581 | Val Loss: 0.001693 | LR: 1.00e-04 | Best: 0.001699
  Epoch  87/300 | Train Loss: 0.001573 | Val Loss: 0.001700 | LR: 1.00e-04 | Best: 0.001693
  Epoch  88/300 | Train Loss: 0.001581 | Val Loss: 0.001689 | LR: 1.00e-04 | Best: 0.001693
  Epoch  89/300 | Train Loss: 0.001591 | Val Loss: 0.001696 | LR: 1.00e-04 | Best: 0.001689
  Epoch  90/300 | Train Loss: 0.001590 | Val Loss: 0.001669 | LR: 1.00e-04 | Best: 0.001689
  Gate   | mean=0.536 std=0.036 [0.450, 0.667] → 偏向LSTM
  Epoch  91/300 | Train Loss: 0.001577 | Val Loss: 0.001672 | LR: 1.00e-04 | Best: 0.001669
  Epoch  92/300 | Train Loss: 0.001592 | Val Loss: 0.001697 | LR: 1.00e-04 | Best: 0.001669
  Epoch  93/300 | Train Loss: 0.001582 | Val Loss: 0.001666 | LR: 1.00e-04 | Best: 0.001669
  Epoch  94/300 | Train Loss: 0.001565 | Val Loss: 0.001681 | LR: 1.00e-04 | Best: 0.001666
  Epoch  95/300 | Train Loss: 0.001554 | Val Loss: 0.001676 | LR: 1.00e-04 | Best: 0.001666
  Epoch  96/300 | Train Loss: 0.001552 | Val Loss: 0.001668 | LR: 1.00e-04 | Best: 0.001666
  Epoch  97/300 | Train Loss: 0.001560 | Val Loss: 0.001672 | LR: 1.00e-04 | Best: 0.001666
  Epoch  98/300 | Train Loss: 0.001554 | Val Loss: 0.001662 | LR: 1.00e-04 | Best: 0.001666
  Epoch  99/300 | Train Loss: 0.001552 | Val Loss: 0.001682 | LR: 1.00e-04 | Best: 0.001662
  Epoch 100/300 | Train Loss: 0.001566 | Val Loss: 0.001689 | LR: 1.00e-04 | Best: 0.001662
  Gate   | mean=0.536 std=0.036 [0.449, 0.668] → 偏向LSTM
  Epoch 101/300 | Train Loss: 0.001572 | Val Loss: 0.001652 | LR: 1.00e-04 | Best: 0.001662
  Epoch 102/300 | Train Loss: 0.001551 | Val Loss: 0.001668 | LR: 1.00e-04 | Best: 0.001652
  Epoch 103/300 | Train Loss: 0.001536 | Val Loss: 0.001676 | LR: 1.00e-04 | Best: 0.001652
  Epoch 104/300 | Train Loss: 0.001539 | Val Loss: 0.001676 | LR: 1.00e-04 | Best: 0.001652
  Epoch 105/300 | Train Loss: 0.001542 | Val Loss: 0.001661 | LR: 1.00e-04 | Best: 0.001652
  Epoch 106/300 | Train Loss: 0.001548 | Val Loss: 0.001670 | LR: 1.00e-04 | Best: 0.001652
  Epoch 107/300 | Train Loss: 0.001539 | Val Loss: 0.001684 | LR: 5.00e-05 | Best: 0.001652
  Epoch 108/300 | Train Loss: 0.001546 | Val Loss: 0.001662 | LR: 5.00e-05 | Best: 0.001652
  Epoch 109/300 | Train Loss: 0.001527 | Val Loss: 0.001667 | LR: 5.00e-05 | Best: 0.001652
  Epoch 110/300 | Train Loss: 0.001516 | Val Loss: 0.001667 | LR: 5.00e-05 | Best: 0.001652
  Gate   | mean=0.538 std=0.037 [0.453, 0.672] → 偏向LSTM
  Epoch 111/300 | Train Loss: 0.001518 | Val Loss: 0.001665 | LR: 5.00e-05 | Best: 0.001652

[Early Stopping] No improvement for 10 epochs. Stopping at epoch 111.
[Early Stopping] Best validation loss: 0.001652 at epoch 101

[Checkpoint] Restored best model from epoch 101
============================================================


  ── Result ──
  MAE: 0.022307  RMSE: 0.029098  Hit%: 49.8  vs Zero: +4.86%  [136s]

==========================================================================================
  ABLATION: +MultiScaleT  (variant=multiscale_time, feat_dim=21, {})
==========================================================================================
  Params: 1,667,929

============================================================
CMGM Training
============================================================
Device: cuda
Epochs: 300 (early stopping patience=10)
Learning rate: 0.0001, Weight decay: 1e-05
============================================================
  [variant=multiscale_time] GCN→([64, 64]) || LSTM→([64, 64]) → head → ([64, 4, 24])
  Epoch   1/300 | Train Loss: 0.005164 | Val Loss: 0.004624 | LR: 1.00e-04 | Best: inf
  Epoch   2/300 | Train Loss: 0.004342 | Val Loss: 0.004215 | LR: 1.00e-04 | Best: 0.004624
  Epoch   3/300 | Train Loss: 0.003950 | Val Loss: 0.003878 | LR: 1.00e-04 | Best: 0.004215
  Epoch   4/300 | Train Loss: 0.003657 | Val Loss: 0.003561 | LR: 1.00e-04 | Best: 0.003878
  Epoch   5/300 | Train Loss: 0.003380 | Val Loss: 0.003254 | LR: 1.00e-04 | Best: 0.003561
  Epoch   6/300 | Train Loss: 0.003095 | Val Loss: 0.002993 | LR: 1.00e-04 | Best: 0.003254
  Epoch   7/300 | Train Loss: 0.002881 | Val Loss: 0.002791 | LR: 1.00e-04 | Best: 0.002993
  Epoch   8/300 | Train Loss: 0.002723 | Val Loss: 0.002626 | LR: 1.00e-04 | Best: 0.002791
  Epoch   9/300 | Train Loss: 0.002609 | Val Loss: 0.002527 | LR: 1.00e-04 | Best: 0.002626
  Epoch  10/300 | Train Loss: 0.002488 | Val Loss: 0.002459 | LR: 1.00e-04 | Best: 0.002527
  Gate   | mean=0.505 std=0.051 [0.381, 0.594] → 偏向LSTM
  Epoch  11/300 | Train Loss: 0.002443 | Val Loss: 0.002428 | LR: 1.00e-04 | Best: 0.002459
  Epoch  12/300 | Train Loss: 0.002464 | Val Loss: 0.002380 | LR: 1.00e-04 | Best: 0.002428
  Epoch  13/300 | Train Loss: 0.002433 | Val Loss: 0.002283 | LR: 1.00e-04 | Best: 0.002380
  Epoch  14/300 | Train Loss: 0.002357 | Val Loss: 0.002228 | LR: 1.00e-04 | Best: 0.002283
  Epoch  15/300 | Train Loss: 0.002265 | Val Loss: 0.002219 | LR: 1.00e-04 | Best: 0.002228
  Epoch  16/300 | Train Loss: 0.002150 | Val Loss: 0.002187 | LR: 1.00e-04 | Best: 0.002219
  Epoch  17/300 | Train Loss: 0.002111 | Val Loss: 0.002165 | LR: 1.00e-04 | Best: 0.002187
  Epoch  18/300 | Train Loss: 0.002102 | Val Loss: 0.002133 | LR: 1.00e-04 | Best: 0.002165
  Epoch  19/300 | Train Loss: 0.002064 | Val Loss: 0.002086 | LR: 1.00e-04 | Best: 0.002133
  Epoch  20/300 | Train Loss: 0.002033 | Val Loss: 0.002051 | LR: 1.00e-04 | Best: 0.002086
  Gate   | mean=0.521 std=0.049 [0.390, 0.639] → 偏向LSTM
  Epoch  21/300 | Train Loss: 0.002031 | Val Loss: 0.002042 | LR: 1.00e-04 | Best: 0.002051
  Epoch  22/300 | Train Loss: 0.002015 | Val Loss: 0.002054 | LR: 1.00e-04 | Best: 0.002042
  Epoch  23/300 | Train Loss: 0.002019 | Val Loss: 0.002031 | LR: 1.00e-04 | Best: 0.002042
  Epoch  24/300 | Train Loss: 0.002002 | Val Loss: 0.002004 | LR: 1.00e-04 | Best: 0.002031
  Epoch  25/300 | Train Loss: 0.001992 | Val Loss: 0.001986 | LR: 1.00e-04 | Best: 0.002004
  Epoch  26/300 | Train Loss: 0.001980 | Val Loss: 0.001963 | LR: 1.00e-04 | Best: 0.001986
  Epoch  27/300 | Train Loss: 0.001949 | Val Loss: 0.001936 | LR: 1.00e-04 | Best: 0.001963
  Epoch  28/300 | Train Loss: 0.001995 | Val Loss: 0.001940 | LR: 1.00e-04 | Best: 0.001936
  Epoch  29/300 | Train Loss: 0.001952 | Val Loss: 0.001963 | LR: 1.00e-04 | Best: 0.001936
  Epoch  30/300 | Train Loss: 0.001941 | Val Loss: 0.001933 | LR: 1.00e-04 | Best: 0.001936
  Gate   | mean=0.530 std=0.047 [0.396, 0.649] → 偏向LSTM
  Epoch  31/300 | Train Loss: 0.001904 | Val Loss: 0.001886 | LR: 1.00e-04 | Best: 0.001933
  Epoch  32/300 | Train Loss: 0.001867 | Val Loss: 0.001884 | LR: 1.00e-04 | Best: 0.001886
  Epoch  33/300 | Train Loss: 0.001854 | Val Loss: 0.001887 | LR: 1.00e-04 | Best: 0.001884
  Epoch  34/300 | Train Loss: 0.001842 | Val Loss: 0.001876 | LR: 1.00e-04 | Best: 0.001884
  Epoch  35/300 | Train Loss: 0.001824 | Val Loss: 0.001856 | LR: 1.00e-04 | Best: 0.001876
  Epoch  36/300 | Train Loss: 0.001816 | Val Loss: 0.001856 | LR: 1.00e-04 | Best: 0.001856
  Epoch  37/300 | Train Loss: 0.001807 | Val Loss: 0.001855 | LR: 1.00e-04 | Best: 0.001856
  Epoch  38/300 | Train Loss: 0.001803 | Val Loss: 0.001833 | LR: 1.00e-04 | Best: 0.001855
  Epoch  39/300 | Train Loss: 0.001789 | Val Loss: 0.001811 | LR: 1.00e-04 | Best: 0.001833
  Epoch  40/300 | Train Loss: 0.001794 | Val Loss: 0.001842 | LR: 1.00e-04 | Best: 0.001811
  Gate   | mean=0.532 std=0.047 [0.396, 0.680] → 偏向LSTM
  Epoch  41/300 | Train Loss: 0.001802 | Val Loss: 0.001812 | LR: 1.00e-04 | Best: 0.001811
  Epoch  42/300 | Train Loss: 0.001799 | Val Loss: 0.001763 | LR: 1.00e-04 | Best: 0.001811
  Epoch  43/300 | Train Loss: 0.001829 | Val Loss: 0.001793 | LR: 1.00e-04 | Best: 0.001763
  Epoch  44/300 | Train Loss: 0.001775 | Val Loss: 0.001779 | LR: 1.00e-04 | Best: 0.001763
  Epoch  45/300 | Train Loss: 0.001752 | Val Loss: 0.001750 | LR: 1.00e-04 | Best: 0.001763
  Epoch  46/300 | Train Loss: 0.001737 | Val Loss: 0.001748 | LR: 1.00e-04 | Best: 0.001750
  Epoch  47/300 | Train Loss: 0.001731 | Val Loss: 0.001749 | LR: 1.00e-04 | Best: 0.001748
  Epoch  48/300 | Train Loss: 0.001722 | Val Loss: 0.001728 | LR: 1.00e-04 | Best: 0.001748
  Epoch  49/300 | Train Loss: 0.001721 | Val Loss: 0.001718 | LR: 1.00e-04 | Best: 0.001728
  Epoch  50/300 | Train Loss: 0.001711 | Val Loss: 0.001741 | LR: 1.00e-04 | Best: 0.001718
  Gate   | mean=0.535 std=0.045 [0.399, 0.704] → 偏向LSTM
  Epoch  51/300 | Train Loss: 0.001728 | Val Loss: 0.001712 | LR: 1.00e-04 | Best: 0.001718
  Epoch  52/300 | Train Loss: 0.001730 | Val Loss: 0.001693 | LR: 1.00e-04 | Best: 0.001712
  Epoch  53/300 | Train Loss: 0.001758 | Val Loss: 0.001729 | LR: 1.00e-04 | Best: 0.001693
  Epoch  54/300 | Train Loss: 0.001719 | Val Loss: 0.001697 | LR: 1.00e-04 | Best: 0.001693
  Epoch  55/300 | Train Loss: 0.001689 | Val Loss: 0.001686 | LR: 1.00e-04 | Best: 0.001693
  Epoch  56/300 | Train Loss: 0.001682 | Val Loss: 0.001696 | LR: 1.00e-04 | Best: 0.001686
  Epoch  57/300 | Train Loss: 0.001671 | Val Loss: 0.001684 | LR: 1.00e-04 | Best: 0.001686
  Epoch  58/300 | Train Loss: 0.001661 | Val Loss: 0.001672 | LR: 1.00e-04 | Best: 0.001684
  Epoch  59/300 | Train Loss: 0.001671 | Val Loss: 0.001696 | LR: 1.00e-04 | Best: 0.001672
  Epoch  60/300 | Train Loss: 0.001676 | Val Loss: 0.001681 | LR: 1.00e-04 | Best: 0.001672
  Gate   | mean=0.537 std=0.044 [0.412, 0.719] → 偏向LSTM
  Epoch  61/300 | Train Loss: 0.001684 | Val Loss: 0.001688 | LR: 1.00e-04 | Best: 0.001672
  Epoch  62/300 | Train Loss: 0.001743 | Val Loss: 0.001702 | LR: 1.00e-04 | Best: 0.001672
  Epoch  63/300 | Train Loss: 0.001723 | Val Loss: 0.001660 | LR: 1.00e-04 | Best: 0.001672
  Epoch  64/300 | Train Loss: 0.001672 | Val Loss: 0.001665 | LR: 1.00e-04 | Best: 0.001660
  Epoch  65/300 | Train Loss: 0.001685 | Val Loss: 0.001676 | LR: 1.00e-04 | Best: 0.001660
  Epoch  66/300 | Train Loss: 0.001672 | Val Loss: 0.001648 | LR: 1.00e-04 | Best: 0.001660
  Epoch  67/300 | Train Loss: 0.001645 | Val Loss: 0.001660 | LR: 1.00e-04 | Best: 0.001648
  Epoch  68/300 | Train Loss: 0.001654 | Val Loss: 0.001658 | LR: 1.00e-04 | Best: 0.001648
  Epoch  69/300 | Train Loss: 0.001654 | Val Loss: 0.001632 | LR: 1.00e-04 | Best: 0.001648
  Epoch  70/300 | Train Loss: 0.001657 | Val Loss: 0.001655 | LR: 1.00e-04 | Best: 0.001632
  Gate   | mean=0.539 std=0.043 [0.420, 0.726] → 偏向LSTM
  Epoch  71/300 | Train Loss: 0.001633 | Val Loss: 0.001653 | LR: 1.00e-04 | Best: 0.001632
  Epoch  72/300 | Train Loss: 0.001616 | Val Loss: 0.001625 | LR: 1.00e-04 | Best: 0.001632
  Epoch  73/300 | Train Loss: 0.001619 | Val Loss: 0.001635 | LR: 1.00e-04 | Best: 0.001625
  Epoch  74/300 | Train Loss: 0.001609 | Val Loss: 0.001649 | LR: 1.00e-04 | Best: 0.001625
  Epoch  75/300 | Train Loss: 0.001608 | Val Loss: 0.001627 | LR: 1.00e-04 | Best: 0.001625
  Epoch  76/300 | Train Loss: 0.001621 | Val Loss: 0.001653 | LR: 1.00e-04 | Best: 0.001625
  Epoch  77/300 | Train Loss: 0.001611 | Val Loss: 0.001656 | LR: 1.00e-04 | Best: 0.001625
  Epoch  78/300 | Train Loss: 0.001612 | Val Loss: 0.001621 | LR: 1.00e-04 | Best: 0.001625
  Epoch  79/300 | Train Loss: 0.001636 | Val Loss: 0.001652 | LR: 1.00e-04 | Best: 0.001621
  Epoch  80/300 | Train Loss: 0.001607 | Val Loss: 0.001634 | LR: 1.00e-04 | Best: 0.001621
  Gate   | mean=0.540 std=0.041 [0.432, 0.727] → 偏向LSTM
  Epoch  81/300 | Train Loss: 0.001587 | Val Loss: 0.001616 | LR: 1.00e-04 | Best: 0.001621
  Epoch  82/300 | Train Loss: 0.001584 | Val Loss: 0.001631 | LR: 1.00e-04 | Best: 0.001616
  Epoch  83/300 | Train Loss: 0.001576 | Val Loss: 0.001624 | LR: 1.00e-04 | Best: 0.001616
  Epoch  84/300 | Train Loss: 0.001566 | Val Loss: 0.001622 | LR: 1.00e-04 | Best: 0.001616
  Epoch  85/300 | Train Loss: 0.001573 | Val Loss: 0.001639 | LR: 1.00e-04 | Best: 0.001616
  Epoch  86/300 | Train Loss: 0.001582 | Val Loss: 0.001626 | LR: 1.00e-04 | Best: 0.001616
  Epoch  87/300 | Train Loss: 0.001585 | Val Loss: 0.001625 | LR: 5.00e-05 | Best: 0.001616
  Epoch  88/300 | Train Loss: 0.001619 | Val Loss: 0.001639 | LR: 5.00e-05 | Best: 0.001616
  Epoch  89/300 | Train Loss: 0.001559 | Val Loss: 0.001626 | LR: 5.00e-05 | Best: 0.001616
  Epoch  90/300 | Train Loss: 0.001553 | Val Loss: 0.001628 | LR: 5.00e-05 | Best: 0.001616
  Gate   | mean=0.542 std=0.041 [0.438, 0.732] → 偏向LSTM
  Epoch  91/300 | Train Loss: 0.001548 | Val Loss: 0.001624 | LR: 5.00e-05 | Best: 0.001616

[Early Stopping] No improvement for 10 epochs. Stopping at epoch 91.
[Early Stopping] Best validation loss: 0.001616 at epoch 81

[Checkpoint] Restored best model from epoch 81
============================================================


  ── Result ──
  MAE: 0.021612  RMSE: 0.028124  Hit%: 52.2  vs Zero: +1.59%  [89s]

==========================================================================================
  ABLATION: +DiffInput  (variant=diff_input, feat_dim=21, {})
==========================================================================================
  Params: 3,211,545

============================================================
CMGM Training
============================================================
Device: cuda
Epochs: 300 (early stopping patience=10)
Learning rate: 0.0001, Weight decay: 1e-05
============================================================
  [variant=diff_input] GCN→([64, 64]) || LSTM→([64, 64]) → head → ([64, 4, 24])
  Epoch   1/300 | Train Loss: 0.004964 | Val Loss: 0.004421 | LR: 1.00e-04 | Best: inf
  Epoch   2/300 | Train Loss: 0.004175 | Val Loss: 0.004089 | LR: 1.00e-04 | Best: 0.004421
  Epoch   3/300 | Train Loss: 0.003891 | Val Loss: 0.003885 | LR: 1.00e-04 | Best: 0.004089
  Epoch   4/300 | Train Loss: 0.003689 | Val Loss: 0.003724 | LR: 1.00e-04 | Best: 0.003885
  Epoch   5/300 | Train Loss: 0.003464 | Val Loss: 0.003545 | LR: 1.00e-04 | Best: 0.003724
  Epoch   6/300 | Train Loss: 0.003263 | Val Loss: 0.003403 | LR: 1.00e-04 | Best: 0.003545
  Epoch   7/300 | Train Loss: 0.003054 | Val Loss: 0.003293 | LR: 1.00e-04 | Best: 0.003403
  Epoch   8/300 | Train Loss: 0.002880 | Val Loss: 0.003170 | LR: 1.00e-04 | Best: 0.003293
  Epoch   9/300 | Train Loss: 0.002728 | Val Loss: 0.003078 | LR: 1.00e-04 | Best: 0.003170
  Epoch  10/300 | Train Loss: 0.002619 | Val Loss: 0.002987 | LR: 1.00e-04 | Best: 0.003078
  Gate   | mean=0.491 std=0.049 [0.346, 0.599] → 偏向GCN
  Epoch  11/300 | Train Loss: 0.002518 | Val Loss: 0.002914 | LR: 1.00e-04 | Best: 0.002987
  Epoch  12/300 | Train Loss: 0.002430 | Val Loss: 0.002809 | LR: 1.00e-04 | Best: 0.002914
  Epoch  13/300 | Train Loss: 0.002380 | Val Loss: 0.002772 | LR: 1.00e-04 | Best: 0.002809
  Epoch  14/300 | Train Loss: 0.002314 | Val Loss: 0.002713 | LR: 1.00e-04 | Best: 0.002772
  Epoch  15/300 | Train Loss: 0.002267 | Val Loss: 0.002666 | LR: 1.00e-04 | Best: 0.002713
  Epoch  16/300 | Train Loss: 0.002242 | Val Loss: 0.002654 | LR: 1.00e-04 | Best: 0.002666
  Epoch  17/300 | Train Loss: 0.002200 | Val Loss: 0.002659 | LR: 1.00e-04 | Best: 0.002654
  Epoch  18/300 | Train Loss: 0.002173 | Val Loss: 0.002694 | LR: 1.00e-04 | Best: 0.002654
  Epoch  19/300 | Train Loss: 0.002191 | Val Loss: 0.002732 | LR: 1.00e-04 | Best: 0.002654
  Epoch  20/300 | Train Loss: 0.002247 | Val Loss: 0.002761 | LR: 1.00e-04 | Best: 0.002654
  Gate   | mean=0.498 std=0.048 [0.366, 0.603] → 偏向GCN
  Epoch  21/300 | Train Loss: 0.002296 | Val Loss: 0.002793 | LR: 1.00e-04 | Best: 0.002654
  Epoch  22/300 | Train Loss: 0.002171 | Val Loss: 0.002717 | LR: 5.00e-05 | Best: 0.002654
  Epoch  23/300 | Train Loss: 0.002107 | Val Loss: 0.002547 | LR: 5.00e-05 | Best: 0.002654
  Epoch  24/300 | Train Loss: 0.002031 | Val Loss: 0.002575 | LR: 5.00e-05 | Best: 0.002547
  Epoch  25/300 | Train Loss: 0.002015 | Val Loss: 0.002546 | LR: 5.00e-05 | Best: 0.002547
  Epoch  26/300 | Train Loss: 0.002009 | Val Loss: 0.002534 | LR: 5.00e-05 | Best: 0.002546
  Epoch  27/300 | Train Loss: 0.001994 | Val Loss: 0.002519 | LR: 5.00e-05 | Best: 0.002534
  Epoch  28/300 | Train Loss: 0.001982 | Val Loss: 0.002504 | LR: 5.00e-05 | Best: 0.002519
  Epoch  29/300 | Train Loss: 0.001975 | Val Loss: 0.002493 | LR: 5.00e-05 | Best: 0.002504
  Epoch  30/300 | Train Loss: 0.001976 | Val Loss: 0.002473 | LR: 5.00e-05 | Best: 0.002493
  Gate   | mean=0.507 std=0.042 [0.391, 0.593] → 偏向LSTM
  Epoch  31/300 | Train Loss: 0.001962 | Val Loss: 0.002472 | LR: 5.00e-05 | Best: 0.002473
  Epoch  32/300 | Train Loss: 0.001947 | Val Loss: 0.002456 | LR: 5.00e-05 | Best: 0.002472
  Epoch  33/300 | Train Loss: 0.001946 | Val Loss: 0.002445 | LR: 5.00e-05 | Best: 0.002456
  Epoch  34/300 | Train Loss: 0.001930 | Val Loss: 0.002431 | LR: 5.00e-05 | Best: 0.002445
  Epoch  35/300 | Train Loss: 0.001921 | Val Loss: 0.002418 | LR: 5.00e-05 | Best: 0.002431
  Epoch  36/300 | Train Loss: 0.001914 | Val Loss: 0.002401 | LR: 5.00e-05 | Best: 0.002418
  Epoch  37/300 | Train Loss: 0.001924 | Val Loss: 0.002391 | LR: 5.00e-05 | Best: 0.002401
  Epoch  38/300 | Train Loss: 0.001910 | Val Loss: 0.002383 | LR: 5.00e-05 | Best: 0.002391
  Epoch  39/300 | Train Loss: 0.001892 | Val Loss: 0.002375 | LR: 5.00e-05 | Best: 0.002383
  Epoch  40/300 | Train Loss: 0.001888 | Val Loss: 0.002363 | LR: 5.00e-05 | Best: 0.002375
  Gate   | mean=0.508 std=0.040 [0.402, 0.595] → 偏向LSTM
  Epoch  41/300 | Train Loss: 0.001879 | Val Loss: 0.002347 | LR: 5.00e-05 | Best: 0.002363
  Epoch  42/300 | Train Loss: 0.001870 | Val Loss: 0.002341 | LR: 5.00e-05 | Best: 0.002347
  Epoch  43/300 | Train Loss: 0.001867 | Val Loss: 0.002329 | LR: 5.00e-05 | Best: 0.002341
  Epoch  44/300 | Train Loss: 0.001860 | Val Loss: 0.002316 | LR: 5.00e-05 | Best: 0.002329
  Epoch  45/300 | Train Loss: 0.001856 | Val Loss: 0.002303 | LR: 5.00e-05 | Best: 0.002316
  Epoch  46/300 | Train Loss: 0.001853 | Val Loss: 0.002294 | LR: 5.00e-05 | Best: 0.002303
  Epoch  47/300 | Train Loss: 0.001844 | Val Loss: 0.002275 | LR: 5.00e-05 | Best: 0.002294
  Epoch  48/300 | Train Loss: 0.001834 | Val Loss: 0.002265 | LR: 5.00e-05 | Best: 0.002275
  Epoch  49/300 | Train Loss: 0.001830 | Val Loss: 0.002264 | LR: 5.00e-05 | Best: 0.002265
  Epoch  50/300 | Train Loss: 0.001820 | Val Loss: 0.002248 | LR: 5.00e-05 | Best: 0.002264
  Gate   | mean=0.511 std=0.039 [0.414, 0.597] → 偏向LSTM
  Epoch  51/300 | Train Loss: 0.001818 | Val Loss: 0.002241 | LR: 5.00e-05 | Best: 0.002248
  Epoch  52/300 | Train Loss: 0.001819 | Val Loss: 0.002232 | LR: 5.00e-05 | Best: 0.002241
  Epoch  53/300 | Train Loss: 0.001810 | Val Loss: 0.002223 | LR: 5.00e-05 | Best: 0.002232
  Epoch  54/300 | Train Loss: 0.001804 | Val Loss: 0.002218 | LR: 5.00e-05 | Best: 0.002223
  Epoch  55/300 | Train Loss: 0.001802 | Val Loss: 0.002208 | LR: 5.00e-05 | Best: 0.002218
  Epoch  56/300 | Train Loss: 0.001795 | Val Loss: 0.002192 | LR: 5.00e-05 | Best: 0.002208
  Epoch  57/300 | Train Loss: 0.001789 | Val Loss: 0.002184 | LR: 5.00e-05 | Best: 0.002192
  Epoch  58/300 | Train Loss: 0.001789 | Val Loss: 0.002172 | LR: 5.00e-05 | Best: 0.002184
  Epoch  59/300 | Train Loss: 0.001780 | Val Loss: 0.002169 | LR: 5.00e-05 | Best: 0.002172
  Epoch  60/300 | Train Loss: 0.001779 | Val Loss: 0.002151 | LR: 5.00e-05 | Best: 0.002169
  Gate   | mean=0.514 std=0.038 [0.426, 0.602] → 偏向LSTM
  Epoch  61/300 | Train Loss: 0.001766 | Val Loss: 0.002142 | LR: 5.00e-05 | Best: 0.002151
  Epoch  62/300 | Train Loss: 0.001768 | Val Loss: 0.002134 | LR: 5.00e-05 | Best: 0.002142
  Epoch  63/300 | Train Loss: 0.001762 | Val Loss: 0.002127 | LR: 5.00e-05 | Best: 0.002134
  Epoch  64/300 | Train Loss: 0.001750 | Val Loss: 0.002125 | LR: 5.00e-05 | Best: 0.002127
  Epoch  65/300 | Train Loss: 0.001751 | Val Loss: 0.002112 | LR: 5.00e-05 | Best: 0.002125
  Epoch  66/300 | Train Loss: 0.001745 | Val Loss: 0.002103 | LR: 5.00e-05 | Best: 0.002112
  Epoch  67/300 | Train Loss: 0.001731 | Val Loss: 0.002099 | LR: 5.00e-05 | Best: 0.002103
  Epoch  68/300 | Train Loss: 0.001746 | Val Loss: 0.002083 | LR: 5.00e-05 | Best: 0.002099
  Epoch  69/300 | Train Loss: 0.001728 | Val Loss: 0.002071 | LR: 5.00e-05 | Best: 0.002083
  Epoch  70/300 | Train Loss: 0.001724 | Val Loss: 0.002070 | LR: 5.00e-05 | Best: 0.002071
  Gate   | mean=0.519 std=0.039 [0.442, 0.608] → 偏向LSTM
  Epoch  71/300 | Train Loss: 0.001717 | Val Loss: 0.002064 | LR: 5.00e-05 | Best: 0.002070
  Epoch  72/300 | Train Loss: 0.001712 | Val Loss: 0.002046 | LR: 5.00e-05 | Best: 0.002064
  Epoch  73/300 | Train Loss: 0.001710 | Val Loss: 0.002037 | LR: 5.00e-05 | Best: 0.002046
  Epoch  74/300 | Train Loss: 0.001696 | Val Loss: 0.002038 | LR: 5.00e-05 | Best: 0.002037
  Epoch  75/300 | Train Loss: 0.001688 | Val Loss: 0.002030 | LR: 5.00e-05 | Best: 0.002037
  Epoch  76/300 | Train Loss: 0.001679 | Val Loss: 0.002021 | LR: 5.00e-05 | Best: 0.002030
  Epoch  77/300 | Train Loss: 0.001671 | Val Loss: 0.002014 | LR: 5.00e-05 | Best: 0.002021
  Epoch  78/300 | Train Loss: 0.001667 | Val Loss: 0.002006 | LR: 5.00e-05 | Best: 0.002014
  Epoch  79/300 | Train Loss: 0.001664 | Val Loss: 0.001991 | LR: 5.00e-05 | Best: 0.002006
  Epoch  80/300 | Train Loss: 0.001665 | Val Loss: 0.001992 | LR: 5.00e-05 | Best: 0.001991
  Gate   | mean=0.524 std=0.039 [0.455, 0.612] → 偏向LSTM
  Epoch  81/300 | Train Loss: 0.001662 | Val Loss: 0.001984 | LR: 5.00e-05 | Best: 0.001991
  Epoch  82/300 | Train Loss: 0.001645 | Val Loss: 0.001966 | LR: 5.00e-05 | Best: 0.001984
  Epoch  83/300 | Train Loss: 0.001661 | Val Loss: 0.001967 | LR: 5.00e-05 | Best: 0.001966
  Epoch  84/300 | Train Loss: 0.001649 | Val Loss: 0.001969 | LR: 5.00e-05 | Best: 0.001966
  Epoch  85/300 | Train Loss: 0.001640 | Val Loss: 0.001953 | LR: 5.00e-05 | Best: 0.001966
  Epoch  86/300 | Train Loss: 0.001643 | Val Loss: 0.001950 | LR: 5.00e-05 | Best: 0.001953
  Epoch  87/300 | Train Loss: 0.001628 | Val Loss: 0.001944 | LR: 5.00e-05 | Best: 0.001950
  Epoch  88/300 | Train Loss: 0.001621 | Val Loss: 0.001931 | LR: 5.00e-05 | Best: 0.001944
  Epoch  89/300 | Train Loss: 0.001615 | Val Loss: 0.001930 | LR: 5.00e-05 | Best: 0.001931
  Epoch  90/300 | Train Loss: 0.001605 | Val Loss: 0.001929 | LR: 5.00e-05 | Best: 0.001930
  Gate   | mean=0.530 std=0.040 [0.462, 0.618] → 偏向LSTM
  Epoch  91/300 | Train Loss: 0.001606 | Val Loss: 0.001916 | LR: 5.00e-05 | Best: 0.001929
  Epoch  92/300 | Train Loss: 0.001600 | Val Loss: 0.001916 | LR: 5.00e-05 | Best: 0.001916
  Epoch  93/300 | Train Loss: 0.001597 | Val Loss: 0.001910 | LR: 5.00e-05 | Best: 0.001916
  Epoch  94/300 | Train Loss: 0.001593 | Val Loss: 0.001903 | LR: 5.00e-05 | Best: 0.001910
  Epoch  95/300 | Train Loss: 0.001601 | Val Loss: 0.001908 | LR: 5.00e-05 | Best: 0.001903
  Epoch  96/300 | Train Loss: 0.001603 | Val Loss: 0.001908 | LR: 5.00e-05 | Best: 0.001903
  Epoch  97/300 | Train Loss: 0.001598 | Val Loss: 0.001890 | LR: 5.00e-05 | Best: 0.001903
  Epoch  98/300 | Train Loss: 0.001603 | Val Loss: 0.001896 | LR: 5.00e-05 | Best: 0.001890
  Epoch  99/300 | Train Loss: 0.001584 | Val Loss: 0.001886 | LR: 5.00e-05 | Best: 0.001890
  Epoch 100/300 | Train Loss: 0.001573 | Val Loss: 0.001888 | LR: 5.00e-05 | Best: 0.001886
  Gate   | mean=0.536 std=0.040 [0.464, 0.632] → 偏向LSTM
  Epoch 101/300 | Train Loss: 0.001568 | Val Loss: 0.001887 | LR: 5.00e-05 | Best: 0.001886
  Epoch 102/300 | Train Loss: 0.001562 | Val Loss: 0.001877 | LR: 5.00e-05 | Best: 0.001886
  Epoch 103/300 | Train Loss: 0.001553 | Val Loss: 0.001866 | LR: 5.00e-05 | Best: 0.001877
  Epoch 104/300 | Train Loss: 0.001556 | Val Loss: 0.001866 | LR: 5.00e-05 | Best: 0.001866
  Epoch 105/300 | Train Loss: 0.001558 | Val Loss: 0.001861 | LR: 5.00e-05 | Best: 0.001866
  Epoch 106/300 | Train Loss: 0.001554 | Val Loss: 0.001859 | LR: 5.00e-05 | Best: 0.001861
  Epoch 107/300 | Train Loss: 0.001548 | Val Loss: 0.001857 | LR: 5.00e-05 | Best: 0.001859
  Epoch 108/300 | Train Loss: 0.001552 | Val Loss: 0.001841 | LR: 5.00e-05 | Best: 0.001857
  Epoch 109/300 | Train Loss: 0.001552 | Val Loss: 0.001852 | LR: 5.00e-05 | Best: 0.001841
  Epoch 110/300 | Train Loss: 0.001551 | Val Loss: 0.001851 | LR: 5.00e-05 | Best: 0.001841
  Gate   | mean=0.541 std=0.042 [0.468, 0.649] → 偏向LSTM
  Epoch 111/300 | Train Loss: 0.001562 | Val Loss: 0.001838 | LR: 5.00e-05 | Best: 0.001841
  Epoch 112/300 | Train Loss: 0.001564 | Val Loss: 0.001845 | LR: 5.00e-05 | Best: 0.001838
  Epoch 113/300 | Train Loss: 0.001545 | Val Loss: 0.001837 | LR: 5.00e-05 | Best: 0.001838
  Epoch 114/300 | Train Loss: 0.001541 | Val Loss: 0.001820 | LR: 5.00e-05 | Best: 0.001837
  Epoch 115/300 | Train Loss: 0.001537 | Val Loss: 0.001827 | LR: 5.00e-05 | Best: 0.001820
  Epoch 116/300 | Train Loss: 0.001522 | Val Loss: 0.001814 | LR: 5.00e-05 | Best: 0.001820
  Epoch 117/300 | Train Loss: 0.001522 | Val Loss: 0.001797 | LR: 5.00e-05 | Best: 0.001814
  Epoch 118/300 | Train Loss: 0.001515 | Val Loss: 0.001793 | LR: 5.00e-05 | Best: 0.001797
  Epoch 119/300 | Train Loss: 0.001519 | Val Loss: 0.001779 | LR: 5.00e-05 | Best: 0.001793
  Epoch 120/300 | Train Loss: 0.001514 | Val Loss: 0.001775 | LR: 5.00e-05 | Best: 0.001779
  Gate   | mean=0.546 std=0.042 [0.471, 0.659] → 偏向LSTM
  Epoch 121/300 | Train Loss: 0.001511 | Val Loss: 0.001756 | LR: 5.00e-05 | Best: 0.001775
  Epoch 122/300 | Train Loss: 0.001515 | Val Loss: 0.001739 | LR: 5.00e-05 | Best: 0.001756
  Epoch 123/300 | Train Loss: 0.001511 | Val Loss: 0.001744 | LR: 5.00e-05 | Best: 0.001739
  Epoch 124/300 | Train Loss: 0.001509 | Val Loss: 0.001731 | LR: 5.00e-05 | Best: 0.001739
  Epoch 125/300 | Train Loss: 0.001513 | Val Loss: 0.001709 | LR: 5.00e-05 | Best: 0.001731
  Epoch 126/300 | Train Loss: 0.001518 | Val Loss: 0.001716 | LR: 5.00e-05 | Best: 0.001709
  Epoch 127/300 | Train Loss: 0.001513 | Val Loss: 0.001692 | LR: 5.00e-05 | Best: 0.001709
  Epoch 128/300 | Train Loss: 0.001501 | Val Loss: 0.001700 | LR: 5.00e-05 | Best: 0.001692
  Epoch 129/300 | Train Loss: 0.001497 | Val Loss: 0.001697 | LR: 5.00e-05 | Best: 0.001692
  Epoch 130/300 | Train Loss: 0.001507 | Val Loss: 0.001665 | LR: 5.00e-05 | Best: 0.001692
  Gate   | mean=0.551 std=0.043 [0.474, 0.668] → 偏向LSTM
  Epoch 131/300 | Train Loss: 0.001493 | Val Loss: 0.001665 | LR: 5.00e-05 | Best: 0.001665
  Epoch 132/300 | Train Loss: 0.001481 | Val Loss: 0.001660 | LR: 5.00e-05 | Best: 0.001665
  Epoch 133/300 | Train Loss: 0.001481 | Val Loss: 0.001666 | LR: 5.00e-05 | Best: 0.001660
  Epoch 134/300 | Train Loss: 0.001482 | Val Loss: 0.001660 | LR: 5.00e-05 | Best: 0.001660
  Epoch 135/300 | Train Loss: 0.001478 | Val Loss: 0.001634 | LR: 5.00e-05 | Best: 0.001660
  Epoch 136/300 | Train Loss: 0.001468 | Val Loss: 0.001639 | LR: 5.00e-05 | Best: 0.001634
  Epoch 137/300 | Train Loss: 0.001473 | Val Loss: 0.001662 | LR: 5.00e-05 | Best: 0.001634
  Epoch 138/300 | Train Loss: 0.001484 | Val Loss: 0.001627 | LR: 5.00e-05 | Best: 0.001634
  Epoch 139/300 | Train Loss: 0.001480 | Val Loss: 0.001635 | LR: 5.00e-05 | Best: 0.001627
  Epoch 140/300 | Train Loss: 0.001480 | Val Loss: 0.001646 | LR: 5.00e-05 | Best: 0.001627
  Gate   | mean=0.556 std=0.044 [0.479, 0.676] → 偏向LSTM
  Epoch 141/300 | Train Loss: 0.001493 | Val Loss: 0.001612 | LR: 5.00e-05 | Best: 0.001627
  Epoch 142/300 | Train Loss: 0.001487 | Val Loss: 0.001663 | LR: 5.00e-05 | Best: 0.001612
  Epoch 143/300 | Train Loss: 0.001472 | Val Loss: 0.001621 | LR: 5.00e-05 | Best: 0.001612
  Epoch 144/300 | Train Loss: 0.001470 | Val Loss: 0.001611 | LR: 5.00e-05 | Best: 0.001612
  Epoch 145/300 | Train Loss: 0.001467 | Val Loss: 0.001639 | LR: 5.00e-05 | Best: 0.001611
  Epoch 146/300 | Train Loss: 0.001460 | Val Loss: 0.001625 | LR: 5.00e-05 | Best: 0.001611
  Epoch 147/300 | Train Loss: 0.001458 | Val Loss: 0.001611 | LR: 5.00e-05 | Best: 0.001611
  Epoch 148/300 | Train Loss: 0.001458 | Val Loss: 0.001628 | LR: 5.00e-05 | Best: 0.001611
  Epoch 149/300 | Train Loss: 0.001449 | Val Loss: 0.001602 | LR: 5.00e-05 | Best: 0.001611
  Epoch 150/300 | Train Loss: 0.001444 | Val Loss: 0.001622 | LR: 5.00e-05 | Best: 0.001602
  Gate   | mean=0.561 std=0.044 [0.480, 0.682] → 偏向LSTM
  Epoch 151/300 | Train Loss: 0.001444 | Val Loss: 0.001612 | LR: 5.00e-05 | Best: 0.001602
  Epoch 152/300 | Train Loss: 0.001445 | Val Loss: 0.001600 | LR: 5.00e-05 | Best: 0.001602
  Epoch 153/300 | Train Loss: 0.001445 | Val Loss: 0.001617 | LR: 5.00e-05 | Best: 0.001600
  Epoch 154/300 | Train Loss: 0.001437 | Val Loss: 0.001616 | LR: 5.00e-05 | Best: 0.001600
  Epoch 155/300 | Train Loss: 0.001441 | Val Loss: 0.001610 | LR: 5.00e-05 | Best: 0.001600
  Epoch 156/300 | Train Loss: 0.001457 | Val Loss: 0.001630 | LR: 5.00e-05 | Best: 0.001600
  Epoch 157/300 | Train Loss: 0.001462 | Val Loss: 0.001599 | LR: 5.00e-05 | Best: 0.001600
  Epoch 158/300 | Train Loss: 0.001451 | Val Loss: 0.001617 | LR: 5.00e-05 | Best: 0.001599
  Epoch 159/300 | Train Loss: 0.001443 | Val Loss: 0.001615 | LR: 5.00e-05 | Best: 0.001599
  Epoch 160/300 | Train Loss: 0.001439 | Val Loss: 0.001593 | LR: 5.00e-05 | Best: 0.001599
  Gate   | mean=0.567 std=0.046 [0.482, 0.689] → 偏向LSTM
  Epoch 161/300 | Train Loss: 0.001432 | Val Loss: 0.001626 | LR: 5.00e-05 | Best: 0.001593
  Epoch 162/300 | Train Loss: 0.001427 | Val Loss: 0.001597 | LR: 5.00e-05 | Best: 0.001593
  Epoch 163/300 | Train Loss: 0.001419 | Val Loss: 0.001596 | LR: 5.00e-05 | Best: 0.001593
  Epoch 164/300 | Train Loss: 0.001420 | Val Loss: 0.001618 | LR: 5.00e-05 | Best: 0.001593
  Epoch 165/300 | Train Loss: 0.001418 | Val Loss: 0.001601 | LR: 5.00e-05 | Best: 0.001593
  Epoch 166/300 | Train Loss: 0.001415 | Val Loss: 0.001597 | LR: 2.50e-05 | Best: 0.001593
  Epoch 167/300 | Train Loss: 0.001410 | Val Loss: 0.001604 | LR: 2.50e-05 | Best: 0.001593
  Epoch 168/300 | Train Loss: 0.001407 | Val Loss: 0.001594 | LR: 2.50e-05 | Best: 0.001593
  Epoch 169/300 | Train Loss: 0.001404 | Val Loss: 0.001592 | LR: 2.50e-05 | Best: 0.001593
  Epoch 170/300 | Train Loss: 0.001404 | Val Loss: 0.001595 | LR: 2.50e-05 | Best: 0.001592
  Gate   | mean=0.572 std=0.047 [0.485, 0.699] → 偏向LSTM
  Epoch 171/300 | Train Loss: 0.001406 | Val Loss: 0.001594 | LR: 2.50e-05 | Best: 0.001592
  Epoch 172/300 | Train Loss: 0.001400 | Val Loss: 0.001592 | LR: 2.50e-05 | Best: 0.001592
  Epoch 173/300 | Train Loss: 0.001392 | Val Loss: 0.001595 | LR: 2.50e-05 | Best: 0.001592
  Epoch 174/300 | Train Loss: 0.001400 | Val Loss: 0.001589 | LR: 2.50e-05 | Best: 0.001592
  Epoch 175/300 | Train Loss: 0.001400 | Val Loss: 0.001592 | LR: 2.50e-05 | Best: 0.001589
  Epoch 176/300 | Train Loss: 0.001398 | Val Loss: 0.001591 | LR: 2.50e-05 | Best: 0.001589
  Epoch 177/300 | Train Loss: 0.001392 | Val Loss: 0.001590 | LR: 2.50e-05 | Best: 0.001589
  Epoch 178/300 | Train Loss: 0.001391 | Val Loss: 0.001588 | LR: 2.50e-05 | Best: 0.001589
  Epoch 179/300 | Train Loss: 0.001393 | Val Loss: 0.001592 | LR: 2.50e-05 | Best: 0.001588
  Epoch 180/300 | Train Loss: 0.001393 | Val Loss: 0.001583 | LR: 2.50e-05 | Best: 0.001588
  Gate   | mean=0.576 std=0.048 [0.487, 0.703] → 偏向LSTM
  Epoch 181/300 | Train Loss: 0.001388 | Val Loss: 0.001590 | LR: 2.50e-05 | Best: 0.001583
  Epoch 182/300 | Train Loss: 0.001385 | Val Loss: 0.001584 | LR: 2.50e-05 | Best: 0.001583
  Epoch 183/300 | Train Loss: 0.001389 | Val Loss: 0.001583 | LR: 2.50e-05 | Best: 0.001583
  Epoch 184/300 | Train Loss: 0.001390 | Val Loss: 0.001584 | LR: 2.50e-05 | Best: 0.001583
  Epoch 185/300 | Train Loss: 0.001386 | Val Loss: 0.001581 | LR: 2.50e-05 | Best: 0.001583
  Epoch 186/300 | Train Loss: 0.001387 | Val Loss: 0.001586 | LR: 2.50e-05 | Best: 0.001581
  Epoch 187/300 | Train Loss: 0.001388 | Val Loss: 0.001578 | LR: 2.50e-05 | Best: 0.001581
  Epoch 188/300 | Train Loss: 0.001382 | Val Loss: 0.001586 | LR: 2.50e-05 | Best: 0.001578
  Epoch 189/300 | Train Loss: 0.001385 | Val Loss: 0.001584 | LR: 2.50e-05 | Best: 0.001578
  Epoch 190/300 | Train Loss: 0.001385 | Val Loss: 0.001580 | LR: 2.50e-05 | Best: 0.001578
  Gate   | mean=0.580 std=0.049 [0.490, 0.710] → 偏向LSTM
  Epoch 191/300 | Train Loss: 0.001391 | Val Loss: 0.001584 | LR: 2.50e-05 | Best: 0.001578
  Epoch 192/300 | Train Loss: 0.001383 | Val Loss: 0.001583 | LR: 2.50e-05 | Best: 0.001578
  Epoch 193/300 | Train Loss: 0.001382 | Val Loss: 0.001590 | LR: 1.25e-05 | Best: 0.001578
  Epoch 194/300 | Train Loss: 0.001380 | Val Loss: 0.001580 | LR: 1.25e-05 | Best: 0.001578
  Epoch 195/300 | Train Loss: 0.001378 | Val Loss: 0.001581 | LR: 1.25e-05 | Best: 0.001578
  Epoch 196/300 | Train Loss: 0.001373 | Val Loss: 0.001580 | LR: 1.25e-05 | Best: 0.001578
  Epoch 197/300 | Train Loss: 0.001371 | Val Loss: 0.001582 | LR: 1.25e-05 | Best: 0.001578

[Early Stopping] No improvement for 10 epochs. Stopping at epoch 197.
[Early Stopping] Best validation loss: 0.001578 at epoch 187

[Checkpoint] Restored best model from epoch 187
============================================================


  ── Result ──
  MAE: 0.022058  RMSE: 0.028508  Hit%: 47.3  vs Zero: +3.69%  [222s]

==========================================================================================
  ABLATION: +HorizonAlign  (variant=horizon_align, feat_dim=21, {})
==========================================================================================
  Params: 1,674,361

============================================================
CMGM Training
============================================================
Device: cuda
Epochs: 300 (early stopping patience=10)
Learning rate: 0.0001, Weight decay: 1e-05
============================================================
  [variant=horizon_align] GCN→([64, 64]) || LSTM→([64, 20, 64]) → head → ([64, 4, 24])
  Epoch   1/300 | Train Loss: 0.004758 | Val Loss: 0.004333 | LR: 1.00e-04 | Best: inf
  Epoch   2/300 | Train Loss: 0.003870 | Val Loss: 0.003800 | LR: 1.00e-04 | Best: 0.004333
  Epoch   3/300 | Train Loss: 0.003380 | Val Loss: 0.003440 | LR: 1.00e-04 | Best: 0.003800
  Epoch   4/300 | Train Loss: 0.003038 | Val Loss: 0.003180 | LR: 1.00e-04 | Best: 0.003440
  Epoch   5/300 | Train Loss: 0.002797 | Val Loss: 0.002980 | LR: 1.00e-04 | Best: 0.003180
  Epoch   6/300 | Train Loss: 0.002612 | Val Loss: 0.002855 | LR: 1.00e-04 | Best: 0.002980
  Epoch   7/300 | Train Loss: 0.002500 | Val Loss: 0.002772 | LR: 1.00e-04 | Best: 0.002855
  Epoch   8/300 | Train Loss: 0.002410 | Val Loss: 0.002700 | LR: 1.00e-04 | Best: 0.002772
  Epoch   9/300 | Train Loss: 0.002330 | Val Loss: 0.002625 | LR: 1.00e-04 | Best: 0.002700
  Epoch  10/300 | Train Loss: 0.002292 | Val Loss: 0.002557 | LR: 1.00e-04 | Best: 0.002625
  Gate   | mean=0.503 std=0.058 [0.355, 0.619] → 偏向LSTM
  Epoch  11/300 | Train Loss: 0.002244 | Val Loss: 0.002511 | LR: 1.00e-04 | Best: 0.002557
  Epoch  12/300 | Train Loss: 0.002195 | Val Loss: 0.002470 | LR: 1.00e-04 | Best: 0.002511
  Epoch  13/300 | Train Loss: 0.002165 | Val Loss: 0.002427 | LR: 1.00e-04 | Best: 0.002470
  Epoch  14/300 | Train Loss: 0.002129 | Val Loss: 0.002389 | LR: 1.00e-04 | Best: 0.002427
  Epoch  15/300 | Train Loss: 0.002102 | Val Loss: 0.002365 | LR: 1.00e-04 | Best: 0.002389
  Epoch  16/300 | Train Loss: 0.002077 | Val Loss: 0.002336 | LR: 1.00e-04 | Best: 0.002365
  Epoch  17/300 | Train Loss: 0.002046 | Val Loss: 0.002301 | LR: 1.00e-04 | Best: 0.002336
  Epoch  18/300 | Train Loss: 0.002017 | Val Loss: 0.002270 | LR: 1.00e-04 | Best: 0.002301
  Epoch  19/300 | Train Loss: 0.002006 | Val Loss: 0.002208 | LR: 1.00e-04 | Best: 0.002270
  Epoch  20/300 | Train Loss: 0.001974 | Val Loss: 0.002197 | LR: 1.00e-04 | Best: 0.002208
  Gate   | mean=0.508 std=0.055 [0.359, 0.624] → 偏向LSTM
  Epoch  21/300 | Train Loss: 0.001966 | Val Loss: 0.002155 | LR: 1.00e-04 | Best: 0.002197
  Epoch  22/300 | Train Loss: 0.001944 | Val Loss: 0.002148 | LR: 1.00e-04 | Best: 0.002155
  Epoch  23/300 | Train Loss: 0.001924 | Val Loss: 0.002139 | LR: 1.00e-04 | Best: 0.002148
  Epoch  24/300 | Train Loss: 0.001914 | Val Loss: 0.002109 | LR: 1.00e-04 | Best: 0.002139
  Epoch  25/300 | Train Loss: 0.001890 | Val Loss: 0.002062 | LR: 1.00e-04 | Best: 0.002109
  Epoch  26/300 | Train Loss: 0.001883 | Val Loss: 0.002018 | LR: 1.00e-04 | Best: 0.002062
  Epoch  27/300 | Train Loss: 0.001867 | Val Loss: 0.001992 | LR: 1.00e-04 | Best: 0.002018
  Epoch  28/300 | Train Loss: 0.001849 | Val Loss: 0.001967 | LR: 1.00e-04 | Best: 0.001992
  Epoch  29/300 | Train Loss: 0.001836 | Val Loss: 0.001956 | LR: 1.00e-04 | Best: 0.001967
  Epoch  30/300 | Train Loss: 0.001823 | Val Loss: 0.001967 | LR: 1.00e-04 | Best: 0.001956
  Gate   | mean=0.520 std=0.053 [0.373, 0.624] → 偏向LSTM
  Epoch  31/300 | Train Loss: 0.001814 | Val Loss: 0.001957 | LR: 1.00e-04 | Best: 0.001956
  Epoch  32/300 | Train Loss: 0.001800 | Val Loss: 0.001924 | LR: 1.00e-04 | Best: 0.001956
  Epoch  33/300 | Train Loss: 0.001778 | Val Loss: 0.001877 | LR: 1.00e-04 | Best: 0.001924
  Epoch  34/300 | Train Loss: 0.001769 | Val Loss: 0.001830 | LR: 1.00e-04 | Best: 0.001877
  Epoch  35/300 | Train Loss: 0.001768 | Val Loss: 0.001850 | LR: 1.00e-04 | Best: 0.001830
  Epoch  36/300 | Train Loss: 0.001748 | Val Loss: 0.001845 | LR: 1.00e-04 | Best: 0.001830
  Epoch  37/300 | Train Loss: 0.001745 | Val Loss: 0.001807 | LR: 1.00e-04 | Best: 0.001830
  Epoch  38/300 | Train Loss: 0.001739 | Val Loss: 0.001819 | LR: 1.00e-04 | Best: 0.001807
  Epoch  39/300 | Train Loss: 0.001712 | Val Loss: 0.001815 | LR: 1.00e-04 | Best: 0.001807
  Epoch  40/300 | Train Loss: 0.001722 | Val Loss: 0.001758 | LR: 1.00e-04 | Best: 0.001807
  Gate   | mean=0.531 std=0.054 [0.388, 0.662] → 偏向LSTM
  Epoch  41/300 | Train Loss: 0.001689 | Val Loss: 0.001766 | LR: 1.00e-04 | Best: 0.001758
  Epoch  42/300 | Train Loss: 0.001683 | Val Loss: 0.001766 | LR: 1.00e-04 | Best: 0.001758
  Epoch  43/300 | Train Loss: 0.001675 | Val Loss: 0.001735 | LR: 1.00e-04 | Best: 0.001758
  Epoch  44/300 | Train Loss: 0.001650 | Val Loss: 0.001739 | LR: 1.00e-04 | Best: 0.001735
  Epoch  45/300 | Train Loss: 0.001649 | Val Loss: 0.001745 | LR: 1.00e-04 | Best: 0.001735
  Epoch  46/300 | Train Loss: 0.001652 | Val Loss: 0.001715 | LR: 1.00e-04 | Best: 0.001735
  Epoch  47/300 | Train Loss: 0.001636 | Val Loss: 0.001704 | LR: 1.00e-04 | Best: 0.001715
  Epoch  48/300 | Train Loss: 0.001637 | Val Loss: 0.001726 | LR: 1.00e-04 | Best: 0.001704
  Epoch  49/300 | Train Loss: 0.001640 | Val Loss: 0.001685 | LR: 1.00e-04 | Best: 0.001704
  Epoch  50/300 | Train Loss: 0.001609 | Val Loss: 0.001685 | LR: 1.00e-04 | Best: 0.001685
  Gate   | mean=0.541 std=0.053 [0.402, 0.684] → 偏向LSTM
  Epoch  51/300 | Train Loss: 0.001615 | Val Loss: 0.001707 | LR: 1.00e-04 | Best: 0.001685
  Epoch  52/300 | Train Loss: 0.001610 | Val Loss: 0.001670 | LR: 1.00e-04 | Best: 0.001685
  Epoch  53/300 | Train Loss: 0.001584 | Val Loss: 0.001673 | LR: 1.00e-04 | Best: 0.001670
  Epoch  54/300 | Train Loss: 0.001577 | Val Loss: 0.001669 | LR: 1.00e-04 | Best: 0.001670
  Epoch  55/300 | Train Loss: 0.001579 | Val Loss: 0.001653 | LR: 1.00e-04 | Best: 0.001669
  Epoch  56/300 | Train Loss: 0.001570 | Val Loss: 0.001658 | LR: 1.00e-04 | Best: 0.001653
  Epoch  57/300 | Train Loss: 0.001557 | Val Loss: 0.001680 | LR: 1.00e-04 | Best: 0.001653
  Epoch  58/300 | Train Loss: 0.001568 | Val Loss: 0.001623 | LR: 1.00e-04 | Best: 0.001653
  Epoch  59/300 | Train Loss: 0.001576 | Val Loss: 0.001677 | LR: 1.00e-04 | Best: 0.001623
  Epoch  60/300 | Train Loss: 0.001582 | Val Loss: 0.001662 | LR: 1.00e-04 | Best: 0.001623
  Gate   | mean=0.553 std=0.055 [0.407, 0.707] → 偏向LSTM
  Epoch  61/300 | Train Loss: 0.001580 | Val Loss: 0.001606 | LR: 1.00e-04 | Best: 0.001623
  Epoch  62/300 | Train Loss: 0.001599 | Val Loss: 0.001652 | LR: 1.00e-04 | Best: 0.001606
  Epoch  63/300 | Train Loss: 0.001551 | Val Loss: 0.001624 | LR: 1.00e-04 | Best: 0.001606
  Epoch  64/300 | Train Loss: 0.001526 | Val Loss: 0.001632 | LR: 1.00e-04 | Best: 0.001606
  Epoch  65/300 | Train Loss: 0.001518 | Val Loss: 0.001639 | LR: 1.00e-04 | Best: 0.001606
  Epoch  66/300 | Train Loss: 0.001511 | Val Loss: 0.001612 | LR: 1.00e-04 | Best: 0.001606
  Epoch  67/300 | Train Loss: 0.001507 | Val Loss: 0.001630 | LR: 5.00e-05 | Best: 0.001606
  Epoch  68/300 | Train Loss: 0.001497 | Val Loss: 0.001623 | LR: 5.00e-05 | Best: 0.001606
  Epoch  69/300 | Train Loss: 0.001486 | Val Loss: 0.001612 | LR: 5.00e-05 | Best: 0.001606
  Epoch  70/300 | Train Loss: 0.001478 | Val Loss: 0.001616 | LR: 5.00e-05 | Best: 0.001606
  Gate   | mean=0.563 std=0.057 [0.421, 0.727] → 偏向LSTM
  Epoch  71/300 | Train Loss: 0.001475 | Val Loss: 0.001614 | LR: 5.00e-05 | Best: 0.001606

[Early Stopping] No improvement for 10 epochs. Stopping at epoch 71.
[Early Stopping] Best validation loss: 0.001606 at epoch 61

[Checkpoint] Restored best model from epoch 61
============================================================


  ── Result ──
  MAE: 0.022707  RMSE: 0.029210  Hit%: 49.3  vs Zero: +6.74%  [77s]

==========================================================================================
  ABLATION: +TCNTemporal  (variant=tcn_temporal, feat_dim=21, {})
==========================================================================================
  Params: 1,938,073

============================================================
CMGM Training
============================================================
Device: cuda
Epochs: 300 (early stopping patience=10)
Learning rate: 0.0001, Weight decay: 1e-05
============================================================
  [variant=tcn_temporal] GCN→([64, 64]) || LSTM→([64, 64]) → head → ([64, 4, 24])
  Epoch   1/300 | Train Loss: 0.005004 | Val Loss: 0.004506 | LR: 1.00e-04 | Best: inf
  Epoch   2/300 | Train Loss: 0.004325 | Val Loss: 0.003891 | LR: 1.00e-04 | Best: 0.004506
  Epoch   3/300 | Train Loss: 0.003987 | Val Loss: 0.003587 | LR: 1.00e-04 | Best: 0.003891
  Epoch   4/300 | Train Loss: 0.003700 | Val Loss: 0.003410 | LR: 1.00e-04 | Best: 0.003587
  Epoch   5/300 | Train Loss: 0.003514 | Val Loss: 0.003148 | LR: 1.00e-04 | Best: 0.003410
  Epoch   6/300 | Train Loss: 0.003338 | Val Loss: 0.002894 | LR: 1.00e-04 | Best: 0.003148
  Epoch   7/300 | Train Loss: 0.003126 | Val Loss: 0.002738 | LR: 1.00e-04 | Best: 0.002894
  Epoch   8/300 | Train Loss: 0.002986 | Val Loss: 0.002597 | LR: 1.00e-04 | Best: 0.002738
  Epoch   9/300 | Train Loss: 0.002835 | Val Loss: 0.002471 | LR: 1.00e-04 | Best: 0.002597
  Epoch  10/300 | Train Loss: 0.002720 | Val Loss: 0.002432 | LR: 1.00e-04 | Best: 0.002471
  Gate   | mean=0.510 std=0.081 [0.335, 0.662] → 偏向LSTM
  Epoch  11/300 | Train Loss: 0.002628 | Val Loss: 0.002373 | LR: 1.00e-04 | Best: 0.002432
  Epoch  12/300 | Train Loss: 0.002547 | Val Loss: 0.002250 | LR: 1.00e-04 | Best: 0.002373
  Epoch  13/300 | Train Loss: 0.002525 | Val Loss: 0.002207 | LR: 1.00e-04 | Best: 0.002250
  Epoch  14/300 | Train Loss: 0.002472 | Val Loss: 0.002112 | LR: 1.00e-04 | Best: 0.002207
  Epoch  15/300 | Train Loss: 0.002490 | Val Loss: 0.002065 | LR: 1.00e-04 | Best: 0.002112
  Epoch  16/300 | Train Loss: 0.002422 | Val Loss: 0.002056 | LR: 1.00e-04 | Best: 0.002065
  Epoch  17/300 | Train Loss: 0.002293 | Val Loss: 0.002097 | LR: 1.00e-04 | Best: 0.002056
  Epoch  18/300 | Train Loss: 0.002262 | Val Loss: 0.001990 | LR: 1.00e-04 | Best: 0.002056
  Epoch  19/300 | Train Loss: 0.002192 | Val Loss: 0.001969 | LR: 1.00e-04 | Best: 0.001990
  Epoch  20/300 | Train Loss: 0.002155 | Val Loss: 0.001958 | LR: 1.00e-04 | Best: 0.001969
  Gate   | mean=0.518 std=0.069 [0.350, 0.656] → 偏向LSTM
  Epoch  21/300 | Train Loss: 0.002133 | Val Loss: 0.001942 | LR: 1.00e-04 | Best: 0.001958
  Epoch  22/300 | Train Loss: 0.002096 | Val Loss: 0.001934 | LR: 1.00e-04 | Best: 0.001942
  Epoch  23/300 | Train Loss: 0.002096 | Val Loss: 0.001923 | LR: 1.00e-04 | Best: 0.001934
  Epoch  24/300 | Train Loss: 0.002072 | Val Loss: 0.001883 | LR: 1.00e-04 | Best: 0.001923
  Epoch  25/300 | Train Loss: 0.002038 | Val Loss: 0.001881 | LR: 1.00e-04 | Best: 0.001883
  Epoch  26/300 | Train Loss: 0.002042 | Val Loss: 0.001854 | LR: 1.00e-04 | Best: 0.001881
  Epoch  27/300 | Train Loss: 0.002033 | Val Loss: 0.001862 | LR: 1.00e-04 | Best: 0.001854
  Epoch  28/300 | Train Loss: 0.001993 | Val Loss: 0.001863 | LR: 1.00e-04 | Best: 0.001854
  Epoch  29/300 | Train Loss: 0.001981 | Val Loss: 0.001826 | LR: 1.00e-04 | Best: 0.001854
  Epoch  30/300 | Train Loss: 0.001949 | Val Loss: 0.001810 | LR: 1.00e-04 | Best: 0.001826
  Gate   | mean=0.519 std=0.061 [0.371, 0.654] → 偏向LSTM
  Epoch  31/300 | Train Loss: 0.001933 | Val Loss: 0.001800 | LR: 1.00e-04 | Best: 0.001810
  Epoch  32/300 | Train Loss: 0.001908 | Val Loss: 0.001792 | LR: 1.00e-04 | Best: 0.001800
  Epoch  33/300 | Train Loss: 0.001905 | Val Loss: 0.001815 | LR: 1.00e-04 | Best: 0.001792
  Epoch  34/300 | Train Loss: 0.001897 | Val Loss: 0.001805 | LR: 1.00e-04 | Best: 0.001792
  Epoch  35/300 | Train Loss: 0.001930 | Val Loss: 0.001746 | LR: 1.00e-04 | Best: 0.001792
  Epoch  36/300 | Train Loss: 0.001888 | Val Loss: 0.001753 | LR: 1.00e-04 | Best: 0.001746
  Epoch  37/300 | Train Loss: 0.001866 | Val Loss: 0.001753 | LR: 1.00e-04 | Best: 0.001746
  Epoch  38/300 | Train Loss: 0.001870 | Val Loss: 0.001733 | LR: 1.00e-04 | Best: 0.001746
  Epoch  39/300 | Train Loss: 0.001850 | Val Loss: 0.001739 | LR: 1.00e-04 | Best: 0.001733
  Epoch  40/300 | Train Loss: 0.001837 | Val Loss: 0.001739 | LR: 1.00e-04 | Best: 0.001733
  Gate   | mean=0.519 std=0.056 [0.382, 0.643] → 偏向LSTM
  Epoch  41/300 | Train Loss: 0.001842 | Val Loss: 0.001738 | LR: 1.00e-04 | Best: 0.001733
  Epoch  42/300 | Train Loss: 0.001829 | Val Loss: 0.001696 | LR: 1.00e-04 | Best: 0.001733
  Epoch  43/300 | Train Loss: 0.001803 | Val Loss: 0.001705 | LR: 1.00e-04 | Best: 0.001696
  Epoch  44/300 | Train Loss: 0.001797 | Val Loss: 0.001712 | LR: 1.00e-04 | Best: 0.001696
  Epoch  45/300 | Train Loss: 0.001807 | Val Loss: 0.001684 | LR: 1.00e-04 | Best: 0.001696
  Epoch  46/300 | Train Loss: 0.001799 | Val Loss: 0.001678 | LR: 1.00e-04 | Best: 0.001684
  Epoch  47/300 | Train Loss: 0.001801 | Val Loss: 0.001698 | LR: 1.00e-04 | Best: 0.001678
  Epoch  48/300 | Train Loss: 0.001760 | Val Loss: 0.001689 | LR: 1.00e-04 | Best: 0.001678
  Epoch  49/300 | Train Loss: 0.001735 | Val Loss: 0.001683 | LR: 1.00e-04 | Best: 0.001678
  Epoch  50/300 | Train Loss: 0.001717 | Val Loss: 0.001672 | LR: 1.00e-04 | Best: 0.001678
  Gate   | mean=0.521 std=0.052 [0.400, 0.647] → 偏向LSTM
  Epoch  51/300 | Train Loss: 0.001710 | Val Loss: 0.001687 | LR: 1.00e-04 | Best: 0.001672
  Epoch  52/300 | Train Loss: 0.001722 | Val Loss: 0.001721 | LR: 1.00e-04 | Best: 0.001672
  Epoch  53/300 | Train Loss: 0.001707 | Val Loss: 0.001675 | LR: 1.00e-04 | Best: 0.001672
  Epoch  54/300 | Train Loss: 0.001716 | Val Loss: 0.001670 | LR: 1.00e-04 | Best: 0.001672
  Epoch  55/300 | Train Loss: 0.001693 | Val Loss: 0.001678 | LR: 1.00e-04 | Best: 0.001670
  Epoch  56/300 | Train Loss: 0.001671 | Val Loss: 0.001676 | LR: 1.00e-04 | Best: 0.001670
  Epoch  57/300 | Train Loss: 0.001674 | Val Loss: 0.001647 | LR: 1.00e-04 | Best: 0.001670
  Epoch  58/300 | Train Loss: 0.001654 | Val Loss: 0.001651 | LR: 1.00e-04 | Best: 0.001647
  Epoch  59/300 | Train Loss: 0.001649 | Val Loss: 0.001685 | LR: 1.00e-04 | Best: 0.001647
  Epoch  60/300 | Train Loss: 0.001655 | Val Loss: 0.001656 | LR: 1.00e-04 | Best: 0.001647
  Gate   | mean=0.523 std=0.049 [0.412, 0.646] → 偏向LSTM
  Epoch  61/300 | Train Loss: 0.001645 | Val Loss: 0.001659 | LR: 1.00e-04 | Best: 0.001647
  Epoch  62/300 | Train Loss: 0.001644 | Val Loss: 0.001635 | LR: 1.00e-04 | Best: 0.001647
  Epoch  63/300 | Train Loss: 0.001618 | Val Loss: 0.001654 | LR: 1.00e-04 | Best: 0.001635
  Epoch  64/300 | Train Loss: 0.001637 | Val Loss: 0.001643 | LR: 1.00e-04 | Best: 0.001635
  Epoch  65/300 | Train Loss: 0.001600 | Val Loss: 0.001626 | LR: 1.00e-04 | Best: 0.001635
  Epoch  66/300 | Train Loss: 0.001587 | Val Loss: 0.001631 | LR: 1.00e-04 | Best: 0.001626
  Epoch  67/300 | Train Loss: 0.001585 | Val Loss: 0.001645 | LR: 1.00e-04 | Best: 0.001626
  Epoch  68/300 | Train Loss: 0.001580 | Val Loss: 0.001620 | LR: 1.00e-04 | Best: 0.001626
  Epoch  69/300 | Train Loss: 0.001585 | Val Loss: 0.001664 | LR: 1.00e-04 | Best: 0.001620
  Epoch  70/300 | Train Loss: 0.001571 | Val Loss: 0.001677 | LR: 1.00e-04 | Best: 0.001620
  Gate   | mean=0.525 std=0.047 [0.409, 0.638] → 偏向LSTM
  Epoch  71/300 | Train Loss: 0.001582 | Val Loss: 0.001692 | LR: 1.00e-04 | Best: 0.001620
  Epoch  72/300 | Train Loss: 0.001578 | Val Loss: 0.001634 | LR: 1.00e-04 | Best: 0.001620
  Epoch  73/300 | Train Loss: 0.001560 | Val Loss: 0.001731 | LR: 1.00e-04 | Best: 0.001620
  Epoch  74/300 | Train Loss: 0.001556 | Val Loss: 0.001650 | LR: 5.00e-05 | Best: 0.001620
  Epoch  75/300 | Train Loss: 0.001539 | Val Loss: 0.001663 | LR: 5.00e-05 | Best: 0.001620
  Epoch  76/300 | Train Loss: 0.001520 | Val Loss: 0.001671 | LR: 5.00e-05 | Best: 0.001620
  Epoch  77/300 | Train Loss: 0.001508 | Val Loss: 0.001654 | LR: 5.00e-05 | Best: 0.001620
  Epoch  78/300 | Train Loss: 0.001500 | Val Loss: 0.001669 | LR: 5.00e-05 | Best: 0.001620

[Early Stopping] No improvement for 10 epochs. Stopping at epoch 78.
[Early Stopping] Best validation loss: 0.001620 at epoch 68

[Checkpoint] Restored best model from epoch 68
============================================================


  ── Result ──
  MAE: 0.022110  RMSE: 0.028512  Hit%: 50.8  vs Zero: +3.93%  [251s]

==========================================================================================
  ABLATION: +PatchTST  (variant=patch_temporal, feat_dim=21, {})
==========================================================================================
  Params: 2,039,513

============================================================
CMGM Training
============================================================
Device: cuda
Epochs: 300 (early stopping patience=10)
Learning rate: 0.0001, Weight decay: 1e-05
============================================================
  [variant=patch_temporal] GCN→([64, 64]) || LSTM→([64, 64]) → head → ([64, 4, 24])
  Epoch   1/300 | Train Loss: 0.004906 | Val Loss: 0.004219 | LR: 1.00e-04 | Best: inf
  Epoch   2/300 | Train Loss: 0.004218 | Val Loss: 0.004172 | LR: 1.00e-04 | Best: 0.004219
  Epoch   3/300 | Train Loss: 0.003993 | Val Loss: 0.003736 | LR: 1.00e-04 | Best: 0.004172
  Epoch   4/300 | Train Loss: 0.003810 | Val Loss: 0.003340 | LR: 1.00e-04 | Best: 0.003736
  Epoch   5/300 | Train Loss: 0.003625 | Val Loss: 0.003366 | LR: 1.00e-04 | Best: 0.003340
  Epoch   6/300 | Train Loss: 0.003507 | Val Loss: 0.003113 | LR: 1.00e-04 | Best: 0.003340
  Epoch   7/300 | Train Loss: 0.003219 | Val Loss: 0.002965 | LR: 1.00e-04 | Best: 0.003113
  Epoch   8/300 | Train Loss: 0.002973 | Val Loss: 0.002669 | LR: 1.00e-04 | Best: 0.002965
  Epoch   9/300 | Train Loss: 0.002812 | Val Loss: 0.002572 | LR: 1.00e-04 | Best: 0.002669
  Epoch  10/300 | Train Loss: 0.002757 | Val Loss: 0.002482 | LR: 1.00e-04 | Best: 0.002572
  Gate   | mean=0.488 std=0.058 [0.333, 0.656] → 偏向GCN
  Epoch  11/300 | Train Loss: 0.002600 | Val Loss: 0.002537 | LR: 1.00e-04 | Best: 0.002482
  Epoch  12/300 | Train Loss: 0.002526 | Val Loss: 0.002500 | LR: 1.00e-04 | Best: 0.002482
  Epoch  13/300 | Train Loss: 0.002515 | Val Loss: 0.002331 | LR: 1.00e-04 | Best: 0.002482
  Epoch  14/300 | Train Loss: 0.002345 | Val Loss: 0.002187 | LR: 1.00e-04 | Best: 0.002331
  Epoch  15/300 | Train Loss: 0.002331 | Val Loss: 0.002056 | LR: 1.00e-04 | Best: 0.002187
  Epoch  16/300 | Train Loss: 0.002330 | Val Loss: 0.002201 | LR: 1.00e-04 | Best: 0.002056
  Epoch  17/300 | Train Loss: 0.002312 | Val Loss: 0.002282 | LR: 1.00e-04 | Best: 0.002056
  Epoch  18/300 | Train Loss: 0.002311 | Val Loss: 0.002116 | LR: 1.00e-04 | Best: 0.002056
  Epoch  19/300 | Train Loss: 0.002185 | Val Loss: 0.001985 | LR: 1.00e-04 | Best: 0.002056
  Epoch  20/300 | Train Loss: 0.002166 | Val Loss: 0.002022 | LR: 1.00e-04 | Best: 0.001985
  Gate   | mean=0.483 std=0.055 [0.345, 0.652] → 偏向GCN
  Epoch  21/300 | Train Loss: 0.002148 | Val Loss: 0.002032 | LR: 1.00e-04 | Best: 0.001985
  Epoch  22/300 | Train Loss: 0.002116 | Val Loss: 0.002060 | LR: 1.00e-04 | Best: 0.001985
  Epoch  23/300 | Train Loss: 0.002146 | Val Loss: 0.002053 | LR: 1.00e-04 | Best: 0.001985
  Epoch  24/300 | Train Loss: 0.002072 | Val Loss: 0.002007 | LR: 1.00e-04 | Best: 0.001985
  Epoch  25/300 | Train Loss: 0.002002 | Val Loss: 0.001981 | LR: 1.00e-04 | Best: 0.001985
  Epoch  26/300 | Train Loss: 0.001989 | Val Loss: 0.001995 | LR: 1.00e-04 | Best: 0.001981
  Epoch  27/300 | Train Loss: 0.001975 | Val Loss: 0.001947 | LR: 1.00e-04 | Best: 0.001981
  Epoch  28/300 | Train Loss: 0.001944 | Val Loss: 0.001893 | LR: 1.00e-04 | Best: 0.001947
  Epoch  29/300 | Train Loss: 0.001990 | Val Loss: 0.001989 | LR: 1.00e-04 | Best: 0.001893
  Epoch  30/300 | Train Loss: 0.002061 | Val Loss: 0.001807 | LR: 1.00e-04 | Best: 0.001893
  Gate   | mean=0.483 std=0.051 [0.336, 0.639] → 偏向GCN
  Epoch  31/300 | Train Loss: 0.001962 | Val Loss: 0.001890 | LR: 1.00e-04 | Best: 0.001807
  Epoch  32/300 | Train Loss: 0.001946 | Val Loss: 0.001920 | LR: 1.00e-04 | Best: 0.001807
  Epoch  33/300 | Train Loss: 0.001929 | Val Loss: 0.001865 | LR: 1.00e-04 | Best: 0.001807
  Epoch  34/300 | Train Loss: 0.001902 | Val Loss: 0.001821 | LR: 1.00e-04 | Best: 0.001807
  Epoch  35/300 | Train Loss: 0.001882 | Val Loss: 0.001821 | LR: 1.00e-04 | Best: 0.001807
  Epoch  36/300 | Train Loss: 0.001871 | Val Loss: 0.001802 | LR: 1.00e-04 | Best: 0.001807
  Epoch  37/300 | Train Loss: 0.001844 | Val Loss: 0.001843 | LR: 1.00e-04 | Best: 0.001802
  Epoch  38/300 | Train Loss: 0.001833 | Val Loss: 0.001859 | LR: 1.00e-04 | Best: 0.001802
  Epoch  39/300 | Train Loss: 0.001840 | Val Loss: 0.001802 | LR: 1.00e-04 | Best: 0.001802
  Epoch  40/300 | Train Loss: 0.001829 | Val Loss: 0.001806 | LR: 1.00e-04 | Best: 0.001802
  Gate   | mean=0.483 std=0.046 [0.336, 0.623] → 偏向GCN
  Epoch  41/300 | Train Loss: 0.001806 | Val Loss: 0.001807 | LR: 1.00e-04 | Best: 0.001802
  Epoch  42/300 | Train Loss: 0.001813 | Val Loss: 0.001833 | LR: 5.00e-05 | Best: 0.001802
  Epoch  43/300 | Train Loss: 0.001794 | Val Loss: 0.001760 | LR: 5.00e-05 | Best: 0.001802
  Epoch  44/300 | Train Loss: 0.001756 | Val Loss: 0.001793 | LR: 5.00e-05 | Best: 0.001760
  Epoch  45/300 | Train Loss: 0.001743 | Val Loss: 0.001792 | LR: 5.00e-05 | Best: 0.001760
  Epoch  46/300 | Train Loss: 0.001725 | Val Loss: 0.001787 | LR: 5.00e-05 | Best: 0.001760
  Epoch  47/300 | Train Loss: 0.001711 | Val Loss: 0.001789 | LR: 5.00e-05 | Best: 0.001760
  Epoch  48/300 | Train Loss: 0.001707 | Val Loss: 0.001778 | LR: 5.00e-05 | Best: 0.001760
  Epoch  49/300 | Train Loss: 0.001693 | Val Loss: 0.001778 | LR: 2.50e-05 | Best: 0.001760
  Epoch  50/300 | Train Loss: 0.001698 | Val Loss: 0.001784 | LR: 2.50e-05 | Best: 0.001760
  Gate   | mean=0.484 std=0.046 [0.337, 0.635] → 偏向GCN
  Epoch  51/300 | Train Loss: 0.001689 | Val Loss: 0.001777 | LR: 2.50e-05 | Best: 0.001760
  Epoch  52/300 | Train Loss: 0.001683 | Val Loss: 0.001784 | LR: 2.50e-05 | Best: 0.001760
  Epoch  53/300 | Train Loss: 0.001687 | Val Loss: 0.001777 | LR: 2.50e-05 | Best: 0.001760

[Early Stopping] No improvement for 10 epochs. Stopping at epoch 53.
[Early Stopping] Best validation loss: 0.001760 at epoch 43

[Checkpoint] Restored best model from epoch 43
============================================================


  ── Result ──
  MAE: 0.027740  RMSE: 0.034496  Hit%: 49.0  vs Zero: +30.40%  [58s]

==========================================================================================
  ABLATION: +AttnPool  (variant=attn_pool, feat_dim=21, {})
==========================================================================================
  Params: 1,668,124

============================================================
CMGM Training
============================================================
Device: cuda
Epochs: 300 (early stopping patience=10)
Learning rate: 0.0001, Weight decay: 1e-05
============================================================
  [variant=attn_pool] GCN→([64, 64]) || LSTM→([64, 64]) → head → ([64, 4, 24])
  Epoch   1/300 | Train Loss: 0.004821 | Val Loss: 0.004428 | LR: 1.00e-04 | Best: inf
  Epoch   2/300 | Train Loss: 0.004161 | Val Loss: 0.004065 | LR: 1.00e-04 | Best: 0.004428
  Epoch   3/300 | Train Loss: 0.003795 | Val Loss: 0.003801 | LR: 1.00e-04 | Best: 0.004065
  Epoch   4/300 | Train Loss: 0.003503 | Val Loss: 0.003546 | LR: 1.00e-04 | Best: 0.003801
  Epoch   5/300 | Train Loss: 0.003246 | Val Loss: 0.003332 | LR: 1.00e-04 | Best: 0.003546
  Epoch   6/300 | Train Loss: 0.003028 | Val Loss: 0.003165 | LR: 1.00e-04 | Best: 0.003332
  Epoch   7/300 | Train Loss: 0.002837 | Val Loss: 0.003006 | LR: 1.00e-04 | Best: 0.003165
  Epoch   8/300 | Train Loss: 0.002696 | Val Loss: 0.002900 | LR: 1.00e-04 | Best: 0.003006
  Epoch   9/300 | Train Loss: 0.002589 | Val Loss: 0.002819 | LR: 1.00e-04 | Best: 0.002900
  Epoch  10/300 | Train Loss: 0.002497 | Val Loss: 0.002785 | LR: 1.00e-04 | Best: 0.002819
  Gate   | mean=0.493 std=0.050 [0.376, 0.617] → 偏向GCN
  Epoch  11/300 | Train Loss: 0.002455 | Val Loss: 0.002745 | LR: 1.00e-04 | Best: 0.002785
  Epoch  12/300 | Train Loss: 0.002417 | Val Loss: 0.002631 | LR: 1.00e-04 | Best: 0.002745
  Epoch  13/300 | Train Loss: 0.002401 | Val Loss: 0.002442 | LR: 1.00e-04 | Best: 0.002631
  Epoch  14/300 | Train Loss: 0.002430 | Val Loss: 0.002320 | LR: 1.00e-04 | Best: 0.002442
  Epoch  15/300 | Train Loss: 0.002337 | Val Loss: 0.002348 | LR: 1.00e-04 | Best: 0.002320
  Epoch  16/300 | Train Loss: 0.002237 | Val Loss: 0.002359 | LR: 1.00e-04 | Best: 0.002320
  Epoch  17/300 | Train Loss: 0.002171 | Val Loss: 0.002294 | LR: 1.00e-04 | Best: 0.002320
  Epoch  18/300 | Train Loss: 0.002137 | Val Loss: 0.002215 | LR: 1.00e-04 | Best: 0.002294
  Epoch  19/300 | Train Loss: 0.002103 | Val Loss: 0.002181 | LR: 1.00e-04 | Best: 0.002215
  Epoch  20/300 | Train Loss: 0.002076 | Val Loss: 0.002172 | LR: 1.00e-04 | Best: 0.002181
  Gate   | mean=0.510 std=0.044 [0.410, 0.605] → 偏向LSTM
  Epoch  21/300 | Train Loss: 0.002054 | Val Loss: 0.002156 | LR: 1.00e-04 | Best: 0.002172
  Epoch  22/300 | Train Loss: 0.002028 | Val Loss: 0.002145 | LR: 1.00e-04 | Best: 0.002156
  Epoch  23/300 | Train Loss: 0.002018 | Val Loss: 0.002134 | LR: 1.00e-04 | Best: 0.002145
  Epoch  24/300 | Train Loss: 0.001988 | Val Loss: 0.002112 | LR: 1.00e-04 | Best: 0.002134
  Epoch  25/300 | Train Loss: 0.001975 | Val Loss: 0.002070 | LR: 1.00e-04 | Best: 0.002112
  Epoch  26/300 | Train Loss: 0.001960 | Val Loss: 0.002032 | LR: 1.00e-04 | Best: 0.002070
  Epoch  27/300 | Train Loss: 0.001942 | Val Loss: 0.002006 | LR: 1.00e-04 | Best: 0.002032
  Epoch  28/300 | Train Loss: 0.001931 | Val Loss: 0.001999 | LR: 1.00e-04 | Best: 0.002006
  Epoch  29/300 | Train Loss: 0.001924 | Val Loss: 0.002026 | LR: 1.00e-04 | Best: 0.001999
  Epoch  30/300 | Train Loss: 0.001923 | Val Loss: 0.002088 | LR: 1.00e-04 | Best: 0.001999
  Gate   | mean=0.512 std=0.039 [0.423, 0.592] → 偏向LSTM
  Epoch  31/300 | Train Loss: 0.001930 | Val Loss: 0.002091 | LR: 1.00e-04 | Best: 0.001999
  Epoch  32/300 | Train Loss: 0.001923 | Val Loss: 0.001998 | LR: 1.00e-04 | Best: 0.001999
  Epoch  33/300 | Train Loss: 0.001943 | Val Loss: 0.001849 | LR: 1.00e-04 | Best: 0.001998
  Epoch  34/300 | Train Loss: 0.002022 | Val Loss: 0.001899 | LR: 1.00e-04 | Best: 0.001849
  Epoch  35/300 | Train Loss: 0.001923 | Val Loss: 0.001953 | LR: 1.00e-04 | Best: 0.001849
  Epoch  36/300 | Train Loss: 0.001959 | Val Loss: 0.001820 | LR: 1.00e-04 | Best: 0.001849
  Epoch  37/300 | Train Loss: 0.001938 | Val Loss: 0.001809 | LR: 1.00e-04 | Best: 0.001820
  Epoch  38/300 | Train Loss: 0.001898 | Val Loss: 0.001807 | LR: 1.00e-04 | Best: 0.001809
  Epoch  39/300 | Train Loss: 0.001832 | Val Loss: 0.001798 | LR: 1.00e-04 | Best: 0.001807
  Epoch  40/300 | Train Loss: 0.001814 | Val Loss: 0.001788 | LR: 1.00e-04 | Best: 0.001798
  Gate   | mean=0.521 std=0.039 [0.432, 0.614] → 偏向LSTM
  Epoch  41/300 | Train Loss: 0.001802 | Val Loss: 0.001781 | LR: 1.00e-04 | Best: 0.001788
  Epoch  42/300 | Train Loss: 0.001795 | Val Loss: 0.001772 | LR: 1.00e-04 | Best: 0.001781
  Epoch  43/300 | Train Loss: 0.001775 | Val Loss: 0.001763 | LR: 1.00e-04 | Best: 0.001772
  Epoch  44/300 | Train Loss: 0.001768 | Val Loss: 0.001752 | LR: 1.00e-04 | Best: 0.001763
  Epoch  45/300 | Train Loss: 0.001756 | Val Loss: 0.001750 | LR: 1.00e-04 | Best: 0.001752
  Epoch  46/300 | Train Loss: 0.001746 | Val Loss: 0.001745 | LR: 1.00e-04 | Best: 0.001750
  Epoch  47/300 | Train Loss: 0.001736 | Val Loss: 0.001736 | LR: 1.00e-04 | Best: 0.001745
  Epoch  48/300 | Train Loss: 0.001729 | Val Loss: 0.001727 | LR: 1.00e-04 | Best: 0.001736
  Epoch  49/300 | Train Loss: 0.001718 | Val Loss: 0.001731 | LR: 1.00e-04 | Best: 0.001727
  Epoch  50/300 | Train Loss: 0.001706 | Val Loss: 0.001714 | LR: 1.00e-04 | Best: 0.001727
  Gate   | mean=0.523 std=0.036 [0.439, 0.619] → 偏向LSTM
  Epoch  51/300 | Train Loss: 0.001708 | Val Loss: 0.001728 | LR: 1.00e-04 | Best: 0.001714
  Epoch  52/300 | Train Loss: 0.001731 | Val Loss: 0.001722 | LR: 1.00e-04 | Best: 0.001714
  Epoch  53/300 | Train Loss: 0.001737 | Val Loss: 0.001690 | LR: 1.00e-04 | Best: 0.001714
  Epoch  54/300 | Train Loss: 0.001789 | Val Loss: 0.001717 | LR: 1.00e-04 | Best: 0.001690
  Epoch  55/300 | Train Loss: 0.001725 | Val Loss: 0.001709 | LR: 1.00e-04 | Best: 0.001690
  Epoch  56/300 | Train Loss: 0.001704 | Val Loss: 0.001692 | LR: 1.00e-04 | Best: 0.001690
  Epoch  57/300 | Train Loss: 0.001692 | Val Loss: 0.001695 | LR: 1.00e-04 | Best: 0.001690
  Epoch  58/300 | Train Loss: 0.001666 | Val Loss: 0.001687 | LR: 1.00e-04 | Best: 0.001690
  Epoch  59/300 | Train Loss: 0.001667 | Val Loss: 0.001680 | LR: 1.00e-04 | Best: 0.001687
  Epoch  60/300 | Train Loss: 0.001656 | Val Loss: 0.001702 | LR: 1.00e-04 | Best: 0.001680
  Gate   | mean=0.526 std=0.034 [0.443, 0.642] → 偏向LSTM
  Epoch  61/300 | Train Loss: 0.001656 | Val Loss: 0.001699 | LR: 1.00e-04 | Best: 0.001680
  Epoch  62/300 | Train Loss: 0.001662 | Val Loss: 0.001657 | LR: 1.00e-04 | Best: 0.001680
  Epoch  63/300 | Train Loss: 0.001653 | Val Loss: 0.001652 | LR: 1.00e-04 | Best: 0.001657
  Epoch  64/300 | Train Loss: 0.001662 | Val Loss: 0.001690 | LR: 1.00e-04 | Best: 0.001652
  Epoch  65/300 | Train Loss: 0.001651 | Val Loss: 0.001675 | LR: 1.00e-04 | Best: 0.001652
  Epoch  66/300 | Train Loss: 0.001630 | Val Loss: 0.001675 | LR: 1.00e-04 | Best: 0.001652
  Epoch  67/300 | Train Loss: 0.001633 | Val Loss: 0.001667 | LR: 1.00e-04 | Best: 0.001652
  Epoch  68/300 | Train Loss: 0.001629 | Val Loss: 0.001633 | LR: 1.00e-04 | Best: 0.001652
  Epoch  69/300 | Train Loss: 0.001616 | Val Loss: 0.001655 | LR: 1.00e-04 | Best: 0.001633
  Epoch  70/300 | Train Loss: 0.001616 | Val Loss: 0.001684 | LR: 1.00e-04 | Best: 0.001633
  Gate   | mean=0.529 std=0.032 [0.448, 0.649] → 偏向LSTM
  Epoch  71/300 | Train Loss: 0.001611 | Val Loss: 0.001658 | LR: 1.00e-04 | Best: 0.001633
  Epoch  72/300 | Train Loss: 0.001601 | Val Loss: 0.001633 | LR: 1.00e-04 | Best: 0.001633
  Epoch  73/300 | Train Loss: 0.001612 | Val Loss: 0.001655 | LR: 1.00e-04 | Best: 0.001633
  Epoch  74/300 | Train Loss: 0.001601 | Val Loss: 0.001635 | LR: 1.00e-04 | Best: 0.001633
  Epoch  75/300 | Train Loss: 0.001590 | Val Loss: 0.001677 | LR: 1.00e-04 | Best: 0.001633
  Epoch  76/300 | Train Loss: 0.001614 | Val Loss: 0.001663 | LR: 1.00e-04 | Best: 0.001633
  Epoch  77/300 | Train Loss: 0.001591 | Val Loss: 0.001630 | LR: 1.00e-04 | Best: 0.001633
  Epoch  78/300 | Train Loss: 0.001575 | Val Loss: 0.001642 | LR: 1.00e-04 | Best: 0.001630
  Epoch  79/300 | Train Loss: 0.001571 | Val Loss: 0.001661 | LR: 1.00e-04 | Best: 0.001630
  Epoch  80/300 | Train Loss: 0.001571 | Val Loss: 0.001637 | LR: 1.00e-04 | Best: 0.001630
  Gate   | mean=0.532 std=0.032 [0.458, 0.659] → 偏向LSTM
  Epoch  81/300 | Train Loss: 0.001561 | Val Loss: 0.001638 | LR: 1.00e-04 | Best: 0.001630
  Epoch  82/300 | Train Loss: 0.001562 | Val Loss: 0.001655 | LR: 1.00e-04 | Best: 0.001630
  Epoch  83/300 | Train Loss: 0.001568 | Val Loss: 0.001624 | LR: 1.00e-04 | Best: 0.001630
  Epoch  84/300 | Train Loss: 0.001559 | Val Loss: 0.001665 | LR: 1.00e-04 | Best: 0.001624
  Epoch  85/300 | Train Loss: 0.001576 | Val Loss: 0.001661 | LR: 1.00e-04 | Best: 0.001624
  Epoch  86/300 | Train Loss: 0.001584 | Val Loss: 0.001615 | LR: 1.00e-04 | Best: 0.001624
  Epoch  87/300 | Train Loss: 0.001567 | Val Loss: 0.001630 | LR: 1.00e-04 | Best: 0.001615
  Epoch  88/300 | Train Loss: 0.001557 | Val Loss: 0.001656 | LR: 1.00e-04 | Best: 0.001615
  Epoch  89/300 | Train Loss: 0.001560 | Val Loss: 0.001620 | LR: 1.00e-04 | Best: 0.001615
  Epoch  90/300 | Train Loss: 0.001541 | Val Loss: 0.001634 | LR: 1.00e-04 | Best: 0.001615
  Gate   | mean=0.535 std=0.033 [0.462, 0.663] → 偏向LSTM
  Epoch  91/300 | Train Loss: 0.001539 | Val Loss: 0.001624 | LR: 1.00e-04 | Best: 0.001615
  Epoch  92/300 | Train Loss: 0.001542 | Val Loss: 0.001606 | LR: 1.00e-04 | Best: 0.001615
  Epoch  93/300 | Train Loss: 0.001535 | Val Loss: 0.001638 | LR: 1.00e-04 | Best: 0.001606
  Epoch  94/300 | Train Loss: 0.001530 | Val Loss: 0.001629 | LR: 1.00e-04 | Best: 0.001606
  Epoch  95/300 | Train Loss: 0.001541 | Val Loss: 0.001597 | LR: 1.00e-04 | Best: 0.001606
  Epoch  96/300 | Train Loss: 0.001534 | Val Loss: 0.001624 | LR: 1.00e-04 | Best: 0.001597
  Epoch  97/300 | Train Loss: 0.001529 | Val Loss: 0.001634 | LR: 1.00e-04 | Best: 0.001597
  Epoch  98/300 | Train Loss: 0.001526 | Val Loss: 0.001602 | LR: 1.00e-04 | Best: 0.001597
  Epoch  99/300 | Train Loss: 0.001526 | Val Loss: 0.001622 | LR: 1.00e-04 | Best: 0.001597
  Epoch 100/300 | Train Loss: 0.001521 | Val Loss: 0.001608 | LR: 1.00e-04 | Best: 0.001597
  Gate   | mean=0.537 std=0.032 [0.465, 0.662] → 偏向LSTM
  Epoch 101/300 | Train Loss: 0.001516 | Val Loss: 0.001597 | LR: 5.00e-05 | Best: 0.001597
  Epoch 102/300 | Train Loss: 0.001527 | Val Loss: 0.001616 | LR: 5.00e-05 | Best: 0.001597
  Epoch 103/300 | Train Loss: 0.001492 | Val Loss: 0.001602 | LR: 5.00e-05 | Best: 0.001597
  Epoch 104/300 | Train Loss: 0.001487 | Val Loss: 0.001599 | LR: 5.00e-05 | Best: 0.001597
  Epoch 105/300 | Train Loss: 0.001492 | Val Loss: 0.001596 | LR: 5.00e-05 | Best: 0.001597
  Epoch 106/300 | Train Loss: 0.001488 | Val Loss: 0.001596 | LR: 5.00e-05 | Best: 0.001596
  Epoch 107/300 | Train Loss: 0.001484 | Val Loss: 0.001594 | LR: 5.00e-05 | Best: 0.001596
  Epoch 108/300 | Train Loss: 0.001482 | Val Loss: 0.001591 | LR: 5.00e-05 | Best: 0.001594
  Epoch 109/300 | Train Loss: 0.001481 | Val Loss: 0.001595 | LR: 5.00e-05 | Best: 0.001591
  Epoch 110/300 | Train Loss: 0.001474 | Val Loss: 0.001590 | LR: 5.00e-05 | Best: 0.001591
  Gate   | mean=0.538 std=0.032 [0.466, 0.663] → 偏向LSTM
  Epoch 111/300 | Train Loss: 0.001476 | Val Loss: 0.001592 | LR: 5.00e-05 | Best: 0.001590
  Epoch 112/300 | Train Loss: 0.001475 | Val Loss: 0.001589 | LR: 5.00e-05 | Best: 0.001590
  Epoch 113/300 | Train Loss: 0.001472 | Val Loss: 0.001593 | LR: 5.00e-05 | Best: 0.001589
  Epoch 114/300 | Train Loss: 0.001470 | Val Loss: 0.001591 | LR: 5.00e-05 | Best: 0.001589
  Epoch 115/300 | Train Loss: 0.001471 | Val Loss: 0.001591 | LR: 5.00e-05 | Best: 0.001589
  Epoch 116/300 | Train Loss: 0.001468 | Val Loss: 0.001596 | LR: 5.00e-05 | Best: 0.001589
  Epoch 117/300 | Train Loss: 0.001469 | Val Loss: 0.001586 | LR: 5.00e-05 | Best: 0.001589
  Epoch 118/300 | Train Loss: 0.001478 | Val Loss: 0.001606 | LR: 5.00e-05 | Best: 0.001586
  Epoch 119/300 | Train Loss: 0.001479 | Val Loss: 0.001583 | LR: 5.00e-05 | Best: 0.001586
  Epoch 120/300 | Train Loss: 0.001478 | Val Loss: 0.001606 | LR: 5.00e-05 | Best: 0.001583
  Gate   | mean=0.538 std=0.032 [0.468, 0.663] → 偏向LSTM
  Epoch 121/300 | Train Loss: 0.001479 | Val Loss: 0.001627 | LR: 5.00e-05 | Best: 0.001583
  Epoch 122/300 | Train Loss: 0.001481 | Val Loss: 0.001591 | LR: 5.00e-05 | Best: 0.001583
  Epoch 123/300 | Train Loss: 0.001474 | Val Loss: 0.001610 | LR: 5.00e-05 | Best: 0.001583
  Epoch 124/300 | Train Loss: 0.001462 | Val Loss: 0.001597 | LR: 5.00e-05 | Best: 0.001583
  Epoch 125/300 | Train Loss: 0.001455 | Val Loss: 0.001597 | LR: 2.50e-05 | Best: 0.001583
  Epoch 126/300 | Train Loss: 0.001462 | Val Loss: 0.001605 | LR: 2.50e-05 | Best: 0.001583
  Epoch 127/300 | Train Loss: 0.001456 | Val Loss: 0.001602 | LR: 2.50e-05 | Best: 0.001583
  Epoch 128/300 | Train Loss: 0.001450 | Val Loss: 0.001600 | LR: 2.50e-05 | Best: 0.001583
  Epoch 129/300 | Train Loss: 0.001451 | Val Loss: 0.001599 | LR: 2.50e-05 | Best: 0.001583

[Early Stopping] No improvement for 10 epochs. Stopping at epoch 129.
[Early Stopping] Best validation loss: 0.001583 at epoch 119

[Checkpoint] Restored best model from epoch 119
============================================================


  ── Result ──
  MAE: 0.021923  RMSE: 0.028343  Hit%: 49.2  vs Zero: +3.05%  [138s]

==========================================================================================
  ABLATION: +MultiScaleGraph  (variant=multiscale_graph, feat_dim=21, {})
==========================================================================================
  [EWMA graphs] short λ=0.9: (284, 284)  long λ=0.99: (284, 284)
  Params: 1,793,500

============================================================
CMGM Training
============================================================
Device: cuda
Epochs: 300 (early stopping patience=10)
Learning rate: 0.0001, Weight decay: 1e-05
============================================================
  [multiscale_graph] short→[64, 64] long→[64, 64] lstm→[64, 64] gate→[0.44661930203437805, 0.3219224810600281, 0.23145824670791626] → head → [64, 4, 24]
  Epoch   1/300 | Train Loss: 0.006183 | Val Loss: 0.004528 | LR: 1.00e-04 | Best: inf
  Epoch   2/300 | Train Loss: 0.004454 | Val Loss: 0.004032 | LR: 1.00e-04 | Best: 0.004528
  Epoch   3/300 | Train Loss: 0.004088 | Val Loss: 0.003721 | LR: 1.00e-04 | Best: 0.004032
  Epoch   4/300 | Train Loss: 0.003857 | Val Loss: 0.003464 | LR: 1.00e-04 | Best: 0.003721
  Epoch   5/300 | Train Loss: 0.003618 | Val Loss: 0.003219 | LR: 1.00e-04 | Best: 0.003464
  Epoch   6/300 | Train Loss: 0.003387 | Val Loss: 0.002974 | LR: 1.00e-04 | Best: 0.003219
  Epoch   7/300 | Train Loss: 0.003186 | Val Loss: 0.002779 | LR: 1.00e-04 | Best: 0.002974
  Epoch   8/300 | Train Loss: 0.003021 | Val Loss: 0.002613 | LR: 1.00e-04 | Best: 0.002779
  Epoch   9/300 | Train Loss: 0.002861 | Val Loss: 0.002458 | LR: 1.00e-04 | Best: 0.002613
  Epoch  10/300 | Train Loss: 0.002755 | Val Loss: 0.002339 | LR: 1.00e-04 | Best: 0.002458
  Epoch  11/300 | Train Loss: 0.002681 | Val Loss: 0.002262 | LR: 1.00e-04 | Best: 0.002339
  Epoch  12/300 | Train Loss: 0.002663 | Val Loss: 0.002180 | LR: 1.00e-04 | Best: 0.002262
  Epoch  13/300 | Train Loss: 0.002575 | Val Loss: 0.002089 | LR: 1.00e-04 | Best: 0.002180
  Epoch  14/300 | Train Loss: 0.002508 | Val Loss: 0.002184 | LR: 1.00e-04 | Best: 0.002089
  Epoch  15/300 | Train Loss: 0.002532 | Val Loss: 0.002205 | LR: 1.00e-04 | Best: 0.002089
  Epoch  16/300 | Train Loss: 0.002454 | Val Loss: 0.002052 | LR: 1.00e-04 | Best: 0.002089
  Epoch  17/300 | Train Loss: 0.002288 | Val Loss: 0.001904 | LR: 1.00e-04 | Best: 0.002052
  Epoch  18/300 | Train Loss: 0.002244 | Val Loss: 0.001754 | LR: 1.00e-04 | Best: 0.001904
  Epoch  19/300 | Train Loss: 0.002256 | Val Loss: 0.001708 | LR: 1.00e-04 | Best: 0.001754
  Epoch  20/300 | Train Loss: 0.002332 | Val Loss: 0.001949 | LR: 1.00e-04 | Best: 0.001708
  Epoch  21/300 | Train Loss: 0.002242 | Val Loss: 0.002136 | LR: 1.00e-04 | Best: 0.001708
  Epoch  22/300 | Train Loss: 0.002199 | Val Loss: 0.001942 | LR: 1.00e-04 | Best: 0.001708
  Epoch  23/300 | Train Loss: 0.002127 | Val Loss: 0.001766 | LR: 1.00e-04 | Best: 0.001708
  Epoch  24/300 | Train Loss: 0.002051 | Val Loss: 0.001742 | LR: 1.00e-04 | Best: 0.001708
  Epoch  25/300 | Train Loss: 0.002011 | Val Loss: 0.001747 | LR: 5.00e-05 | Best: 0.001708
  Epoch  26/300 | Train Loss: 0.002001 | Val Loss: 0.001817 | LR: 5.00e-05 | Best: 0.001708
  Epoch  27/300 | Train Loss: 0.001978 | Val Loss: 0.001772 | LR: 5.00e-05 | Best: 0.001708
  Epoch  28/300 | Train Loss: 0.001972 | Val Loss: 0.001771 | LR: 5.00e-05 | Best: 0.001708
  Epoch  29/300 | Train Loss: 0.001967 | Val Loss: 0.001762 | LR: 5.00e-05 | Best: 0.001708

[Early Stopping] No improvement for 10 epochs. Stopping at epoch 29.
[Early Stopping] Best validation loss: 0.001708 at epoch 19

[Checkpoint] Restored best model from epoch 19
============================================================


  ── Result ──
  MAE: 0.025775  RMSE: 0.032391  Hit%: 47.9  vs Zero: +21.16%  [40s]

==========================================================================================
  ABLATION: -TypeProj  (variant=no_type_proj, feat_dim=21, {})
==========================================================================================
  Params: 1,648,665

============================================================
CMGM Training
============================================================
Device: cuda
Epochs: 300 (early stopping patience=10)
Learning rate: 0.0001, Weight decay: 1e-05
============================================================
  [variant=no_type_proj] GCN→([64, 64]) || LSTM→([64, 64]) → head → ([64, 4, 24])
  Epoch   1/300 | Train Loss: 0.004887 | Val Loss: 0.004334 | LR: 1.00e-04 | Best: inf
  Epoch   2/300 | Train Loss: 0.004062 | Val Loss: 0.003909 | LR: 1.00e-04 | Best: 0.004334
  Epoch   3/300 | Train Loss: 0.003629 | Val Loss: 0.003609 | LR: 1.00e-04 | Best: 0.003909
  Epoch   4/300 | Train Loss: 0.003310 | Val Loss: 0.003368 | LR: 1.00e-04 | Best: 0.003609
  Epoch   5/300 | Train Loss: 0.003059 | Val Loss: 0.003173 | LR: 1.00e-04 | Best: 0.003368
  Epoch   6/300 | Train Loss: 0.002850 | Val Loss: 0.002997 | LR: 1.00e-04 | Best: 0.003173
  Epoch   7/300 | Train Loss: 0.002724 | Val Loss: 0.002868 | LR: 1.00e-04 | Best: 0.002997
  Epoch   8/300 | Train Loss: 0.002586 | Val Loss: 0.002758 | LR: 1.00e-04 | Best: 0.002868
  Epoch   9/300 | Train Loss: 0.002498 | Val Loss: 0.002670 | LR: 1.00e-04 | Best: 0.002758
  Epoch  10/300 | Train Loss: 0.002430 | Val Loss: 0.002591 | LR: 1.00e-04 | Best: 0.002670
  Gate   | mean=0.503 std=0.058 [0.357, 0.615] → 偏向LSTM
  Epoch  11/300 | Train Loss: 0.002372 | Val Loss: 0.002540 | LR: 1.00e-04 | Best: 0.002591
  Epoch  12/300 | Train Loss: 0.002353 | Val Loss: 0.002540 | LR: 1.00e-04 | Best: 0.002540
  Epoch  13/300 | Train Loss: 0.002340 | Val Loss: 0.002523 | LR: 1.00e-04 | Best: 0.002540
  Epoch  14/300 | Train Loss: 0.002296 | Val Loss: 0.002435 | LR: 1.00e-04 | Best: 0.002523
  Epoch  15/300 | Train Loss: 0.002290 | Val Loss: 0.002271 | LR: 1.00e-04 | Best: 0.002435
  Epoch  16/300 | Train Loss: 0.002266 | Val Loss: 0.002257 | LR: 1.00e-04 | Best: 0.002271
  Epoch  17/300 | Train Loss: 0.002200 | Val Loss: 0.002267 | LR: 1.00e-04 | Best: 0.002257
  Epoch  18/300 | Train Loss: 0.002154 | Val Loss: 0.002200 | LR: 1.00e-04 | Best: 0.002257
  Epoch  19/300 | Train Loss: 0.002148 | Val Loss: 0.002133 | LR: 1.00e-04 | Best: 0.002200
  Epoch  20/300 | Train Loss: 0.002080 | Val Loss: 0.002137 | LR: 1.00e-04 | Best: 0.002133
  Gate   | mean=0.519 std=0.052 [0.380, 0.614] → 偏向LSTM
  Epoch  21/300 | Train Loss: 0.002044 | Val Loss: 0.002145 | LR: 1.00e-04 | Best: 0.002133
  Epoch  22/300 | Train Loss: 0.002040 | Val Loss: 0.002095 | LR: 1.00e-04 | Best: 0.002133
  Epoch  23/300 | Train Loss: 0.001996 | Val Loss: 0.002052 | LR: 1.00e-04 | Best: 0.002095
  Epoch  24/300 | Train Loss: 0.001979 | Val Loss: 0.002033 | LR: 1.00e-04 | Best: 0.002052
  Epoch  25/300 | Train Loss: 0.001964 | Val Loss: 0.002031 | LR: 1.00e-04 | Best: 0.002033
  Epoch  26/300 | Train Loss: 0.001936 | Val Loss: 0.002017 | LR: 1.00e-04 | Best: 0.002031
  Epoch  27/300 | Train Loss: 0.001925 | Val Loss: 0.002001 | LR: 1.00e-04 | Best: 0.002017
  Epoch  28/300 | Train Loss: 0.001910 | Val Loss: 0.001982 | LR: 1.00e-04 | Best: 0.002001
  Epoch  29/300 | Train Loss: 0.001897 | Val Loss: 0.001965 | LR: 1.00e-04 | Best: 0.001982
  Epoch  30/300 | Train Loss: 0.001880 | Val Loss: 0.001949 | LR: 1.00e-04 | Best: 0.001965
  Gate   | mean=0.521 std=0.048 [0.386, 0.611] → 偏向LSTM
  Epoch  31/300 | Train Loss: 0.001870 | Val Loss: 0.001926 | LR: 1.00e-04 | Best: 0.001949
  Epoch  32/300 | Train Loss: 0.001852 | Val Loss: 0.001913 | LR: 1.00e-04 | Best: 0.001926
  Epoch  33/300 | Train Loss: 0.001845 | Val Loss: 0.001911 | LR: 1.00e-04 | Best: 0.001913
  Epoch  34/300 | Train Loss: 0.001833 | Val Loss: 0.001911 | LR: 1.00e-04 | Best: 0.001911
  Epoch  35/300 | Train Loss: 0.001828 | Val Loss: 0.001901 | LR: 1.00e-04 | Best: 0.001911
  Epoch  36/300 | Train Loss: 0.001810 | Val Loss: 0.001875 | LR: 1.00e-04 | Best: 0.001901
  Epoch  37/300 | Train Loss: 0.001805 | Val Loss: 0.001847 | LR: 1.00e-04 | Best: 0.001875
  Epoch  38/300 | Train Loss: 0.001802 | Val Loss: 0.001837 | LR: 1.00e-04 | Best: 0.001847
  Epoch  39/300 | Train Loss: 0.001814 | Val Loss: 0.001819 | LR: 1.00e-04 | Best: 0.001837
  Epoch  40/300 | Train Loss: 0.001801 | Val Loss: 0.001829 | LR: 1.00e-04 | Best: 0.001819
  Gate   | mean=0.525 std=0.048 [0.385, 0.623] → 偏向LSTM
  Epoch  41/300 | Train Loss: 0.001789 | Val Loss: 0.001840 | LR: 1.00e-04 | Best: 0.001819
  Epoch  42/300 | Train Loss: 0.001777 | Val Loss: 0.001804 | LR: 1.00e-04 | Best: 0.001819
  Epoch  43/300 | Train Loss: 0.001758 | Val Loss: 0.001772 | LR: 1.00e-04 | Best: 0.001804
  Epoch  44/300 | Train Loss: 0.001754 | Val Loss: 0.001762 | LR: 1.00e-04 | Best: 0.001772
  Epoch  45/300 | Train Loss: 0.001741 | Val Loss: 0.001753 | LR: 1.00e-04 | Best: 0.001762
  Epoch  46/300 | Train Loss: 0.001721 | Val Loss: 0.001775 | LR: 1.00e-04 | Best: 0.001753
  Epoch  47/300 | Train Loss: 0.001719 | Val Loss: 0.001758 | LR: 1.00e-04 | Best: 0.001753
  Epoch  48/300 | Train Loss: 0.001701 | Val Loss: 0.001746 | LR: 1.00e-04 | Best: 0.001753
  Epoch  49/300 | Train Loss: 0.001699 | Val Loss: 0.001729 | LR: 1.00e-04 | Best: 0.001746
  Epoch  50/300 | Train Loss: 0.001706 | Val Loss: 0.001725 | LR: 1.00e-04 | Best: 0.001729
  Gate   | mean=0.531 std=0.044 [0.399, 0.631] → 偏向LSTM
  Epoch  51/300 | Train Loss: 0.001692 | Val Loss: 0.001722 | LR: 1.00e-04 | Best: 0.001725
  Epoch  52/300 | Train Loss: 0.001678 | Val Loss: 0.001721 | LR: 1.00e-04 | Best: 0.001722
  Epoch  53/300 | Train Loss: 0.001665 | Val Loss: 0.001702 | LR: 1.00e-04 | Best: 0.001721
  Epoch  54/300 | Train Loss: 0.001648 | Val Loss: 0.001698 | LR: 1.00e-04 | Best: 0.001702
  Epoch  55/300 | Train Loss: 0.001634 | Val Loss: 0.001692 | LR: 1.00e-04 | Best: 0.001698
  Epoch  56/300 | Train Loss: 0.001622 | Val Loss: 0.001689 | LR: 1.00e-04 | Best: 0.001692
  Epoch  57/300 | Train Loss: 0.001628 | Val Loss: 0.001687 | LR: 1.00e-04 | Best: 0.001689
  Epoch  58/300 | Train Loss: 0.001624 | Val Loss: 0.001673 | LR: 1.00e-04 | Best: 0.001687
  Epoch  59/300 | Train Loss: 0.001613 | Val Loss: 0.001670 | LR: 1.00e-04 | Best: 0.001673
  Epoch  60/300 | Train Loss: 0.001617 | Val Loss: 0.001686 | LR: 1.00e-04 | Best: 0.001670
  Gate   | mean=0.534 std=0.044 [0.401, 0.633] → 偏向LSTM
  Epoch  61/300 | Train Loss: 0.001605 | Val Loss: 0.001674 | LR: 1.00e-04 | Best: 0.001670
  Epoch  62/300 | Train Loss: 0.001593 | Val Loss: 0.001677 | LR: 1.00e-04 | Best: 0.001670
  Epoch  63/300 | Train Loss: 0.001619 | Val Loss: 0.001668 | LR: 1.00e-04 | Best: 0.001670
  Epoch  64/300 | Train Loss: 0.001613 | Val Loss: 0.001662 | LR: 1.00e-04 | Best: 0.001668
  Epoch  65/300 | Train Loss: 0.001591 | Val Loss: 0.001660 | LR: 1.00e-04 | Best: 0.001662
  Epoch  66/300 | Train Loss: 0.001583 | Val Loss: 0.001667 | LR: 1.00e-04 | Best: 0.001660
  Epoch  67/300 | Train Loss: 0.001581 | Val Loss: 0.001654 | LR: 1.00e-04 | Best: 0.001660
  Epoch  68/300 | Train Loss: 0.001564 | Val Loss: 0.001665 | LR: 1.00e-04 | Best: 0.001654
  Epoch  69/300 | Train Loss: 0.001554 | Val Loss: 0.001667 | LR: 1.00e-04 | Best: 0.001654
  Epoch  70/300 | Train Loss: 0.001556 | Val Loss: 0.001658 | LR: 1.00e-04 | Best: 0.001654
  Gate   | mean=0.539 std=0.043 [0.410, 0.637] → 偏向LSTM
  Epoch  71/300 | Train Loss: 0.001554 | Val Loss: 0.001663 | LR: 1.00e-04 | Best: 0.001654
  Epoch  72/300 | Train Loss: 0.001544 | Val Loss: 0.001659 | LR: 1.00e-04 | Best: 0.001654
  Epoch  73/300 | Train Loss: 0.001543 | Val Loss: 0.001659 | LR: 5.00e-05 | Best: 0.001654
  Epoch  74/300 | Train Loss: 0.001546 | Val Loss: 0.001658 | LR: 5.00e-05 | Best: 0.001654
  Epoch  75/300 | Train Loss: 0.001525 | Val Loss: 0.001655 | LR: 5.00e-05 | Best: 0.001654
  Epoch  76/300 | Train Loss: 0.001518 | Val Loss: 0.001656 | LR: 5.00e-05 | Best: 0.001654
  Epoch  77/300 | Train Loss: 0.001509 | Val Loss: 0.001657 | LR: 5.00e-05 | Best: 0.001654

[Early Stopping] No improvement for 10 epochs. Stopping at epoch 77.
[Early Stopping] Best validation loss: 0.001654 at epoch 67

[Checkpoint] Restored best model from epoch 67
============================================================


  ── Result ──
  MAE: 0.022200  RMSE: 0.028623  Hit%: 47.5  vs Zero: +4.36%  [75s]

==========================================================================================
  ABLATION: -LearnGraph  (variant=no_learn_graph, feat_dim=21, {})
==========================================================================================

============================================================
Graph Construction (pearson)
============================================================

[Graph Step 1] Computing pearson correlation...
     [Pearson] Correlation matrix shape: (284, 284), range: [-0.2194, 1.0000]

[Graph Step 2] Top-10 thresholding (signed)...
     [Threshold] Top-10 edges per node, total=2840, pos=2784, neg=46

[Graph Step 3] Symmetrizing adjacency...

[Graph Step 4] Adding self-loops...

[Graph Step 5] Symmetric normalization...
     [Normalize] Adjacency normalized, range: [-0.0440, 1.0000]

[Graph Step 6] Converting to edge_index/edge_weight...
     [EdgeIndex] edge_index shape: torch.Size([2, 3114]), edges: 3114

[Graph] Market connectivity:
       stock: 248 nodes, 2705 intra-edges
       bond: 12 nodes, 40 intra-edges
       commodity: 24 nodes, 195 intra-edges
  [Static graph] Pearson top-10 dense adjacency: (284, 284)
  Params: 1,645,600

============================================================
CMGM Training
============================================================
Device: cuda
Epochs: 300 (early stopping patience=10)
Learning rate: 0.0001, Weight decay: 1e-05
============================================================
  [variant=no_learn_graph] GCN→([64, 64]) || LSTM→([64, 64]) → head → ([64, 4, 24])
  Epoch   1/300 | Train Loss: 0.005417 | Val Loss: 0.004514 | LR: 1.00e-04 | Best: inf
  Epoch   2/300 | Train Loss: 0.004458 | Val Loss: 0.003882 | LR: 1.00e-04 | Best: 0.004514
  Epoch   3/300 | Train Loss: 0.004032 | Val Loss: 0.003478 | LR: 1.00e-04 | Best: 0.003882
  Epoch   4/300 | Train Loss: 0.003729 | Val Loss: 0.003153 | LR: 1.00e-04 | Best: 0.003478
  Epoch   5/300 | Train Loss: 0.003457 | Val Loss: 0.002873 | LR: 1.00e-04 | Best: 0.003153
  Epoch   6/300 | Train Loss: 0.003220 | Val Loss: 0.002617 | LR: 1.00e-04 | Best: 0.002873
  Epoch   7/300 | Train Loss: 0.003031 | Val Loss: 0.002422 | LR: 1.00e-04 | Best: 0.002617
  Epoch   8/300 | Train Loss: 0.002885 | Val Loss: 0.002262 | LR: 1.00e-04 | Best: 0.002422
  Epoch   9/300 | Train Loss: 0.002743 | Val Loss: 0.002168 | LR: 1.00e-04 | Best: 0.002262
  Epoch  10/300 | Train Loss: 0.002638 | Val Loss: 0.002083 | LR: 1.00e-04 | Best: 0.002168
  Gate   | mean=0.507 std=0.056 [0.404, 0.686] → 偏向LSTM
  Epoch  11/300 | Train Loss: 0.002550 | Val Loss: 0.001970 | LR: 1.00e-04 | Best: 0.002083
  Epoch  12/300 | Train Loss: 0.002471 | Val Loss: 0.001933 | LR: 1.00e-04 | Best: 0.001970
  Epoch  13/300 | Train Loss: 0.002468 | Val Loss: 0.001897 | LR: 1.00e-04 | Best: 0.001933
  Epoch  14/300 | Train Loss: 0.002436 | Val Loss: 0.001914 | LR: 1.00e-04 | Best: 0.001897
  Epoch  15/300 | Train Loss: 0.002409 | Val Loss: 0.002073 | LR: 1.00e-04 | Best: 0.001897
  Epoch  16/300 | Train Loss: 0.002468 | Val Loss: 0.001816 | LR: 1.00e-04 | Best: 0.001897
  Epoch  17/300 | Train Loss: 0.002314 | Val Loss: 0.001787 | LR: 1.00e-04 | Best: 0.001816
  Epoch  18/300 | Train Loss: 0.002323 | Val Loss: 0.001757 | LR: 1.00e-04 | Best: 0.001787
  Epoch  19/300 | Train Loss: 0.002221 | Val Loss: 0.001774 | LR: 1.00e-04 | Best: 0.001757
  Epoch  20/300 | Train Loss: 0.002158 | Val Loss: 0.001744 | LR: 1.00e-04 | Best: 0.001757
  Gate   | mean=0.519 std=0.047 [0.425, 0.676] → 偏向LSTM
  Epoch  21/300 | Train Loss: 0.002113 | Val Loss: 0.001746 | LR: 1.00e-04 | Best: 0.001744
  Epoch  22/300 | Train Loss: 0.002089 | Val Loss: 0.001733 | LR: 1.00e-04 | Best: 0.001744
  Epoch  23/300 | Train Loss: 0.002071 | Val Loss: 0.001715 | LR: 1.00e-04 | Best: 0.001733
  Epoch  24/300 | Train Loss: 0.002037 | Val Loss: 0.001709 | LR: 1.00e-04 | Best: 0.001715
  Epoch  25/300 | Train Loss: 0.002031 | Val Loss: 0.001712 | LR: 1.00e-04 | Best: 0.001709
  Epoch  26/300 | Train Loss: 0.002000 | Val Loss: 0.001709 | LR: 1.00e-04 | Best: 0.001709
  Epoch  27/300 | Train Loss: 0.001977 | Val Loss: 0.001707 | LR: 1.00e-04 | Best: 0.001709
  Epoch  28/300 | Train Loss: 0.001966 | Val Loss: 0.001699 | LR: 1.00e-04 | Best: 0.001707
  Epoch  29/300 | Train Loss: 0.001947 | Val Loss: 0.001701 | LR: 1.00e-04 | Best: 0.001699
  Epoch  30/300 | Train Loss: 0.001939 | Val Loss: 0.001691 | LR: 1.00e-04 | Best: 0.001699
  Gate   | mean=0.520 std=0.044 [0.437, 0.661] → 偏向LSTM
  Epoch  31/300 | Train Loss: 0.001917 | Val Loss: 0.001674 | LR: 1.00e-04 | Best: 0.001691
  Epoch  32/300 | Train Loss: 0.001910 | Val Loss: 0.001706 | LR: 1.00e-04 | Best: 0.001674
  Epoch  33/300 | Train Loss: 0.001916 | Val Loss: 0.001690 | LR: 1.00e-04 | Best: 0.001674
  Epoch  34/300 | Train Loss: 0.001890 | Val Loss: 0.001697 | LR: 1.00e-04 | Best: 0.001674
  Epoch  35/300 | Train Loss: 0.001911 | Val Loss: 0.001696 | LR: 1.00e-04 | Best: 0.001674
  Epoch  36/300 | Train Loss: 0.001869 | Val Loss: 0.001686 | LR: 1.00e-04 | Best: 0.001674
  Epoch  37/300 | Train Loss: 0.001844 | Val Loss: 0.001662 | LR: 1.00e-04 | Best: 0.001674
  Epoch  38/300 | Train Loss: 0.001854 | Val Loss: 0.001675 | LR: 1.00e-04 | Best: 0.001662
  Epoch  39/300 | Train Loss: 0.001845 | Val Loss: 0.001679 | LR: 1.00e-04 | Best: 0.001662
  Epoch  40/300 | Train Loss: 0.001824 | Val Loss: 0.001687 | LR: 1.00e-04 | Best: 0.001662
  Gate   | mean=0.528 std=0.040 [0.444, 0.644] → 偏向LSTM
  Epoch  41/300 | Train Loss: 0.001794 | Val Loss: 0.001697 | LR: 1.00e-04 | Best: 0.001662
  Epoch  42/300 | Train Loss: 0.001787 | Val Loss: 0.001685 | LR: 1.00e-04 | Best: 0.001662
  Epoch  43/300 | Train Loss: 0.001776 | Val Loss: 0.001652 | LR: 1.00e-04 | Best: 0.001662
  Epoch  44/300 | Train Loss: 0.001763 | Val Loss: 0.001644 | LR: 1.00e-04 | Best: 0.001652
  Epoch  45/300 | Train Loss: 0.001761 | Val Loss: 0.001679 | LR: 1.00e-04 | Best: 0.001644
  Epoch  46/300 | Train Loss: 0.001778 | Val Loss: 0.001660 | LR: 1.00e-04 | Best: 0.001644
  Epoch  47/300 | Train Loss: 0.001775 | Val Loss: 0.001651 | LR: 1.00e-04 | Best: 0.001644
  Epoch  48/300 | Train Loss: 0.001752 | Val Loss: 0.001698 | LR: 1.00e-04 | Best: 0.001644
  Epoch  49/300 | Train Loss: 0.001763 | Val Loss: 0.001653 | LR: 1.00e-04 | Best: 0.001644
  Epoch  50/300 | Train Loss: 0.001716 | Val Loss: 0.001641 | LR: 1.00e-04 | Best: 0.001644
  Gate   | mean=0.534 std=0.040 [0.445, 0.636] → 偏向LSTM
  Epoch  51/300 | Train Loss: 0.001702 | Val Loss: 0.001647 | LR: 1.00e-04 | Best: 0.001641
  Epoch  52/300 | Train Loss: 0.001682 | Val Loss: 0.001651 | LR: 1.00e-04 | Best: 0.001641
  Epoch  53/300 | Train Loss: 0.001668 | Val Loss: 0.001643 | LR: 1.00e-04 | Best: 0.001641
  Epoch  54/300 | Train Loss: 0.001652 | Val Loss: 0.001653 | LR: 1.00e-04 | Best: 0.001641
  Epoch  55/300 | Train Loss: 0.001644 | Val Loss: 0.001643 | LR: 1.00e-04 | Best: 0.001641
  Epoch  56/300 | Train Loss: 0.001641 | Val Loss: 0.001640 | LR: 1.00e-04 | Best: 0.001641
  Epoch  57/300 | Train Loss: 0.001642 | Val Loss: 0.001657 | LR: 1.00e-04 | Best: 0.001640
  Epoch  58/300 | Train Loss: 0.001645 | Val Loss: 0.001657 | LR: 1.00e-04 | Best: 0.001640
  Epoch  59/300 | Train Loss: 0.001699 | Val Loss: 0.001640 | LR: 1.00e-04 | Best: 0.001640
  Epoch  60/300 | Train Loss: 0.001667 | Val Loss: 0.001671 | LR: 1.00e-04 | Best: 0.001640
  Gate   | mean=0.537 std=0.037 [0.449, 0.630] → 偏向LSTM
  Epoch  61/300 | Train Loss: 0.001649 | Val Loss: 0.001644 | LR: 1.00e-04 | Best: 0.001640
  Epoch  62/300 | Train Loss: 0.001639 | Val Loss: 0.001639 | LR: 1.00e-04 | Best: 0.001640
  Epoch  63/300 | Train Loss: 0.001615 | Val Loss: 0.001642 | LR: 1.00e-04 | Best: 0.001639
  Epoch  64/300 | Train Loss: 0.001593 | Val Loss: 0.001636 | LR: 1.00e-04 | Best: 0.001639
  Epoch  65/300 | Train Loss: 0.001586 | Val Loss: 0.001638 | LR: 1.00e-04 | Best: 0.001636
  Epoch  66/300 | Train Loss: 0.001582 | Val Loss: 0.001643 | LR: 1.00e-04 | Best: 0.001636
  Epoch  67/300 | Train Loss: 0.001579 | Val Loss: 0.001635 | LR: 1.00e-04 | Best: 0.001636
  Epoch  68/300 | Train Loss: 0.001568 | Val Loss: 0.001634 | LR: 1.00e-04 | Best: 0.001635
  Epoch  69/300 | Train Loss: 0.001572 | Val Loss: 0.001635 | LR: 1.00e-04 | Best: 0.001634
  Epoch  70/300 | Train Loss: 0.001568 | Val Loss: 0.001636 | LR: 1.00e-04 | Best: 0.001634
  Gate   | mean=0.542 std=0.038 [0.454, 0.635] → 偏向LSTM
  Epoch  71/300 | Train Loss: 0.001574 | Val Loss: 0.001646 | LR: 1.00e-04 | Best: 0.001634
  Epoch  72/300 | Train Loss: 0.001596 | Val Loss: 0.001656 | LR: 1.00e-04 | Best: 0.001634
  Epoch  73/300 | Train Loss: 0.001633 | Val Loss: 0.001624 | LR: 1.00e-04 | Best: 0.001634
  Epoch  74/300 | Train Loss: 0.001596 | Val Loss: 0.001649 | LR: 1.00e-04 | Best: 0.001624
  Epoch  75/300 | Train Loss: 0.001577 | Val Loss: 0.001634 | LR: 1.00e-04 | Best: 0.001624
  Epoch  76/300 | Train Loss: 0.001560 | Val Loss: 0.001625 | LR: 1.00e-04 | Best: 0.001624
  Epoch  77/300 | Train Loss: 0.001545 | Val Loss: 0.001643 | LR: 1.00e-04 | Best: 0.001624
  Epoch  78/300 | Train Loss: 0.001533 | Val Loss: 0.001635 | LR: 1.00e-04 | Best: 0.001624
  Epoch  79/300 | Train Loss: 0.001525 | Val Loss: 0.001628 | LR: 5.00e-05 | Best: 0.001624
  Epoch  80/300 | Train Loss: 0.001523 | Val Loss: 0.001635 | LR: 5.00e-05 | Best: 0.001624
  Gate   | mean=0.544 std=0.036 [0.460, 0.634] → 偏向LSTM
  Epoch  81/300 | Train Loss: 0.001510 | Val Loss: 0.001634 | LR: 5.00e-05 | Best: 0.001624
  Epoch  82/300 | Train Loss: 0.001506 | Val Loss: 0.001636 | LR: 5.00e-05 | Best: 0.001624
  Epoch  83/300 | Train Loss: 0.001505 | Val Loss: 0.001634 | LR: 5.00e-05 | Best: 0.001624

[Early Stopping] No improvement for 10 epochs. Stopping at epoch 83.
[Early Stopping] Best validation loss: 0.001624 at epoch 73

[Checkpoint] Restored best model from epoch 73
============================================================


  ── Result ──
  MAE: 0.021793  RMSE: 0.028200  Hit%: 51.8  vs Zero: +2.44%  [80s]

==========================================================================================
  ABLATION: -MixHop  (variant=no_mixhop, feat_dim=21, {})
==========================================================================================
  Params: 1,635,097

============================================================
CMGM Training
============================================================
Device: cuda
Epochs: 300 (early stopping patience=10)
Learning rate: 0.0001, Weight decay: 1e-05
============================================================
  [variant=no_mixhop] GCN→([64, 64]) || LSTM→([64, 64]) → head → ([64, 4, 24])
  Epoch   1/300 | Train Loss: 0.005236 | Val Loss: 0.004723 | LR: 1.00e-04 | Best: inf
  Epoch   2/300 | Train Loss: 0.004542 | Val Loss: 0.004283 | LR: 1.00e-04 | Best: 0.004723
  Epoch   3/300 | Train Loss: 0.004082 | Val Loss: 0.003903 | LR: 1.00e-04 | Best: 0.004283
  Epoch   4/300 | Train Loss: 0.003747 | Val Loss: 0.003603 | LR: 1.00e-04 | Best: 0.003903
  Epoch   5/300 | Train Loss: 0.003463 | Val Loss: 0.003315 | LR: 1.00e-04 | Best: 0.003603
  Epoch   6/300 | Train Loss: 0.003211 | Val Loss: 0.003088 | LR: 1.00e-04 | Best: 0.003315
  Epoch   7/300 | Train Loss: 0.003003 | Val Loss: 0.002908 | LR: 1.00e-04 | Best: 0.003088
  Epoch   8/300 | Train Loss: 0.002823 | Val Loss: 0.002749 | LR: 1.00e-04 | Best: 0.002908
  Epoch   9/300 | Train Loss: 0.002675 | Val Loss: 0.002594 | LR: 1.00e-04 | Best: 0.002749
  Epoch  10/300 | Train Loss: 0.002572 | Val Loss: 0.002506 | LR: 1.00e-04 | Best: 0.002594
  Gate   | mean=0.493 std=0.054 [0.353, 0.615] → 偏向GCN
  Epoch  11/300 | Train Loss: 0.002478 | Val Loss: 0.002412 | LR: 1.00e-04 | Best: 0.002506
  Epoch  12/300 | Train Loss: 0.002391 | Val Loss: 0.002346 | LR: 1.00e-04 | Best: 0.002412
  Epoch  13/300 | Train Loss: 0.002331 | Val Loss: 0.002276 | LR: 1.00e-04 | Best: 0.002346
  Epoch  14/300 | Train Loss: 0.002295 | Val Loss: 0.002218 | LR: 1.00e-04 | Best: 0.002276
  Epoch  15/300 | Train Loss: 0.002249 | Val Loss: 0.002183 | LR: 1.00e-04 | Best: 0.002218
  Epoch  16/300 | Train Loss: 0.002219 | Val Loss: 0.002162 | LR: 1.00e-04 | Best: 0.002183
  Epoch  17/300 | Train Loss: 0.002189 | Val Loss: 0.002135 | LR: 1.00e-04 | Best: 0.002162
  Epoch  18/300 | Train Loss: 0.002179 | Val Loss: 0.002010 | LR: 1.00e-04 | Best: 0.002135
  Epoch  19/300 | Train Loss: 0.002163 | Val Loss: 0.001966 | LR: 1.00e-04 | Best: 0.002010
  Epoch  20/300 | Train Loss: 0.002142 | Val Loss: 0.002035 | LR: 1.00e-04 | Best: 0.001966
  Gate   | mean=0.500 std=0.045 [0.375, 0.602] → 偏向GCN
  Epoch  21/300 | Train Loss: 0.002119 | Val Loss: 0.002123 | LR: 1.00e-04 | Best: 0.001966
  Epoch  22/300 | Train Loss: 0.002119 | Val Loss: 0.002008 | LR: 1.00e-04 | Best: 0.001966
  Epoch  23/300 | Train Loss: 0.002072 | Val Loss: 0.001883 | LR: 1.00e-04 | Best: 0.001966
  Epoch  24/300 | Train Loss: 0.002024 | Val Loss: 0.001839 | LR: 1.00e-04 | Best: 0.001883
  Epoch  25/300 | Train Loss: 0.002014 | Val Loss: 0.001911 | LR: 1.00e-04 | Best: 0.001839
  Epoch  26/300 | Train Loss: 0.001967 | Val Loss: 0.001925 | LR: 1.00e-04 | Best: 0.001839
  Epoch  27/300 | Train Loss: 0.001950 | Val Loss: 0.001891 | LR: 1.00e-04 | Best: 0.001839
  Epoch  28/300 | Train Loss: 0.001933 | Val Loss: 0.001838 | LR: 1.00e-04 | Best: 0.001839
  Epoch  29/300 | Train Loss: 0.001922 | Val Loss: 0.001824 | LR: 1.00e-04 | Best: 0.001838
  Epoch  30/300 | Train Loss: 0.001902 | Val Loss: 0.001826 | LR: 1.00e-04 | Best: 0.001824
  Gate   | mean=0.505 std=0.038 [0.396, 0.598] → 偏向LSTM
  Epoch  31/300 | Train Loss: 0.001884 | Val Loss: 0.001820 | LR: 1.00e-04 | Best: 0.001824
  Epoch  32/300 | Train Loss: 0.001880 | Val Loss: 0.001807 | LR: 1.00e-04 | Best: 0.001820
  Epoch  33/300 | Train Loss: 0.001868 | Val Loss: 0.001793 | LR: 1.00e-04 | Best: 0.001807
  Epoch  34/300 | Train Loss: 0.001849 | Val Loss: 0.001782 | LR: 1.00e-04 | Best: 0.001793
  Epoch  35/300 | Train Loss: 0.001837 | Val Loss: 0.001777 | LR: 1.00e-04 | Best: 0.001782
  Epoch  36/300 | Train Loss: 0.001825 | Val Loss: 0.001780 | LR: 1.00e-04 | Best: 0.001777
  Epoch  37/300 | Train Loss: 0.001812 | Val Loss: 0.001775 | LR: 1.00e-04 | Best: 0.001777
  Epoch  38/300 | Train Loss: 0.001808 | Val Loss: 0.001745 | LR: 1.00e-04 | Best: 0.001775
  Epoch  39/300 | Train Loss: 0.001793 | Val Loss: 0.001738 | LR: 1.00e-04 | Best: 0.001745
  Epoch  40/300 | Train Loss: 0.001795 | Val Loss: 0.001747 | LR: 1.00e-04 | Best: 0.001738
  Gate   | mean=0.508 std=0.034 [0.407, 0.590] → 偏向LSTM
  Epoch  41/300 | Train Loss: 0.001784 | Val Loss: 0.001756 | LR: 1.00e-04 | Best: 0.001738
  Epoch  42/300 | Train Loss: 0.001783 | Val Loss: 0.001750 | LR: 1.00e-04 | Best: 0.001738
  Epoch  43/300 | Train Loss: 0.001777 | Val Loss: 0.001731 | LR: 1.00e-04 | Best: 0.001738
  Epoch  44/300 | Train Loss: 0.001771 | Val Loss: 0.001732 | LR: 1.00e-04 | Best: 0.001731
  Epoch  45/300 | Train Loss: 0.001792 | Val Loss: 0.001750 | LR: 1.00e-04 | Best: 0.001731
  Epoch  46/300 | Train Loss: 0.001764 | Val Loss: 0.001764 | LR: 1.00e-04 | Best: 0.001731
  Epoch  47/300 | Train Loss: 0.001747 | Val Loss: 0.001750 | LR: 1.00e-04 | Best: 0.001731
  Epoch  48/300 | Train Loss: 0.001742 | Val Loss: 0.001727 | LR: 1.00e-04 | Best: 0.001731
  Epoch  49/300 | Train Loss: 0.001704 | Val Loss: 0.001702 | LR: 1.00e-04 | Best: 0.001727
  Epoch  50/300 | Train Loss: 0.001695 | Val Loss: 0.001726 | LR: 1.00e-04 | Best: 0.001702
  Gate   | mean=0.513 std=0.030 [0.421, 0.582] → 偏向LSTM
  Epoch  51/300 | Train Loss: 0.001689 | Val Loss: 0.001747 | LR: 1.00e-04 | Best: 0.001702
  Epoch  52/300 | Train Loss: 0.001674 | Val Loss: 0.001763 | LR: 1.00e-04 | Best: 0.001702
  Epoch  53/300 | Train Loss: 0.001681 | Val Loss: 0.001711 | LR: 1.00e-04 | Best: 0.001702
  Epoch  54/300 | Train Loss: 0.001687 | Val Loss: 0.001716 | LR: 1.00e-04 | Best: 0.001702
  Epoch  55/300 | Train Loss: 0.001674 | Val Loss: 0.001740 | LR: 5.00e-05 | Best: 0.001702
  Epoch  56/300 | Train Loss: 0.001677 | Val Loss: 0.001730 | LR: 5.00e-05 | Best: 0.001702
  Epoch  57/300 | Train Loss: 0.001629 | Val Loss: 0.001722 | LR: 5.00e-05 | Best: 0.001702
  Epoch  58/300 | Train Loss: 0.001619 | Val Loss: 0.001721 | LR: 5.00e-05 | Best: 0.001702
  Epoch  59/300 | Train Loss: 0.001613 | Val Loss: 0.001721 | LR: 5.00e-05 | Best: 0.001702

[Early Stopping] No improvement for 10 epochs. Stopping at epoch 59.
[Early Stopping] Best validation loss: 0.001702 at epoch 49

[Checkpoint] Restored best model from epoch 49
============================================================


  ── Result ──
  MAE: 0.023946  RMSE: 0.030363  Hit%: 49.3  vs Zero: +12.57%  [57s]

==========================================================================================
  ABLATION: -Gate  (variant=no_gate, feat_dim=21, {})
==========================================================================================
  Params: 1,643,161

============================================================
CMGM Training
============================================================
Device: cuda
Epochs: 300 (early stopping patience=10)
Learning rate: 0.0001, Weight decay: 1e-05
============================================================
  [variant=no_gate] GCN→([64, 64]) || LSTM→([64, 64]) → head → ([64, 4, 24])
  Epoch   1/300 | Train Loss: 0.005231 | Val Loss: 0.005232 | LR: 1.00e-04 | Best: inf
  Epoch   2/300 | Train Loss: 0.004422 | Val Loss: 0.004701 | LR: 1.00e-04 | Best: 0.005232
  Epoch   3/300 | Train Loss: 0.003976 | Val Loss: 0.004288 | LR: 1.00e-04 | Best: 0.004701
  Epoch   4/300 | Train Loss: 0.003646 | Val Loss: 0.003945 | LR: 1.00e-04 | Best: 0.004288
  Epoch   5/300 | Train Loss: 0.003370 | Val Loss: 0.003645 | LR: 1.00e-04 | Best: 0.003945
  Epoch   6/300 | Train Loss: 0.003124 | Val Loss: 0.003392 | LR: 1.00e-04 | Best: 0.003645
  Epoch   7/300 | Train Loss: 0.002926 | Val Loss: 0.003183 | LR: 1.00e-04 | Best: 0.003392
  Epoch   8/300 | Train Loss: 0.002781 | Val Loss: 0.003023 | LR: 1.00e-04 | Best: 0.003183
  Epoch   9/300 | Train Loss: 0.002643 | Val Loss: 0.002882 | LR: 1.00e-04 | Best: 0.003023
  Epoch  10/300 | Train Loss: 0.002549 | Val Loss: 0.002759 | LR: 1.00e-04 | Best: 0.002882
  Epoch  11/300 | Train Loss: 0.002458 | Val Loss: 0.002660 | LR: 1.00e-04 | Best: 0.002759
  Epoch  12/300 | Train Loss: 0.002397 | Val Loss: 0.002588 | LR: 1.00e-04 | Best: 0.002660
  Epoch  13/300 | Train Loss: 0.002385 | Val Loss: 0.002518 | LR: 1.00e-04 | Best: 0.002588
  Epoch  14/300 | Train Loss: 0.002350 | Val Loss: 0.002493 | LR: 1.00e-04 | Best: 0.002518
  Epoch  15/300 | Train Loss: 0.002376 | Val Loss: 0.002416 | LR: 1.00e-04 | Best: 0.002493
  Epoch  16/300 | Train Loss: 0.002237 | Val Loss: 0.002366 | LR: 1.00e-04 | Best: 0.002416
  Epoch  17/300 | Train Loss: 0.002164 | Val Loss: 0.002329 | LR: 1.00e-04 | Best: 0.002366
  Epoch  18/300 | Train Loss: 0.002140 | Val Loss: 0.002303 | LR: 1.00e-04 | Best: 0.002329
  Epoch  19/300 | Train Loss: 0.002107 | Val Loss: 0.002286 | LR: 1.00e-04 | Best: 0.002303
  Epoch  20/300 | Train Loss: 0.002105 | Val Loss: 0.002252 | LR: 1.00e-04 | Best: 0.002286
  Epoch  21/300 | Train Loss: 0.002071 | Val Loss: 0.002209 | LR: 1.00e-04 | Best: 0.002252
  Epoch  22/300 | Train Loss: 0.002074 | Val Loss: 0.002183 | LR: 1.00e-04 | Best: 0.002209
  Epoch  23/300 | Train Loss: 0.002076 | Val Loss: 0.002180 | LR: 1.00e-04 | Best: 0.002183
  Epoch  24/300 | Train Loss: 0.002017 | Val Loss: 0.002171 | LR: 1.00e-04 | Best: 0.002180
  Epoch  25/300 | Train Loss: 0.002002 | Val Loss: 0.002130 | LR: 1.00e-04 | Best: 0.002171
  Epoch  26/300 | Train Loss: 0.001969 | Val Loss: 0.002090 | LR: 1.00e-04 | Best: 0.002130
  Epoch  27/300 | Train Loss: 0.001964 | Val Loss: 0.002064 | LR: 1.00e-04 | Best: 0.002090
  Epoch  28/300 | Train Loss: 0.001941 | Val Loss: 0.002047 | LR: 1.00e-04 | Best: 0.002064
  Epoch  29/300 | Train Loss: 0.001930 | Val Loss: 0.002026 | LR: 1.00e-04 | Best: 0.002047
  Epoch  30/300 | Train Loss: 0.001918 | Val Loss: 0.002000 | LR: 1.00e-04 | Best: 0.002026
  Epoch  31/300 | Train Loss: 0.001893 | Val Loss: 0.001982 | LR: 1.00e-04 | Best: 0.002000
  Epoch  32/300 | Train Loss: 0.001887 | Val Loss: 0.001960 | LR: 1.00e-04 | Best: 0.001982
  Epoch  33/300 | Train Loss: 0.001862 | Val Loss: 0.001943 | LR: 1.00e-04 | Best: 0.001960
  Epoch  34/300 | Train Loss: 0.001858 | Val Loss: 0.001934 | LR: 1.00e-04 | Best: 0.001943
  Epoch  35/300 | Train Loss: 0.001849 | Val Loss: 0.001921 | LR: 1.00e-04 | Best: 0.001934
  Epoch  36/300 | Train Loss: 0.001840 | Val Loss: 0.001902 | LR: 1.00e-04 | Best: 0.001921
  Epoch  37/300 | Train Loss: 0.001826 | Val Loss: 0.001884 | LR: 1.00e-04 | Best: 0.001902
  Epoch  38/300 | Train Loss: 0.001818 | Val Loss: 0.001871 | LR: 1.00e-04 | Best: 0.001884
  Epoch  39/300 | Train Loss: 0.001809 | Val Loss: 0.001860 | LR: 1.00e-04 | Best: 0.001871
  Epoch  40/300 | Train Loss: 0.001815 | Val Loss: 0.001838 | LR: 1.00e-04 | Best: 0.001860
  Epoch  41/300 | Train Loss: 0.001800 | Val Loss: 0.001838 | LR: 1.00e-04 | Best: 0.001838
  Epoch  42/300 | Train Loss: 0.001801 | Val Loss: 0.001829 | LR: 1.00e-04 | Best: 0.001838
  Epoch  43/300 | Train Loss: 0.001797 | Val Loss: 0.001803 | LR: 1.00e-04 | Best: 0.001829
  Epoch  44/300 | Train Loss: 0.001768 | Val Loss: 0.001796 | LR: 1.00e-04 | Best: 0.001803
  Epoch  45/300 | Train Loss: 0.001776 | Val Loss: 0.001797 | LR: 1.00e-04 | Best: 0.001796
  Epoch  46/300 | Train Loss: 0.001750 | Val Loss: 0.001776 | LR: 1.00e-04 | Best: 0.001796
  Epoch  47/300 | Train Loss: 0.001732 | Val Loss: 0.001755 | LR: 1.00e-04 | Best: 0.001776
  Epoch  48/300 | Train Loss: 0.001731 | Val Loss: 0.001760 | LR: 1.00e-04 | Best: 0.001755
  Epoch  49/300 | Train Loss: 0.001709 | Val Loss: 0.001751 | LR: 1.00e-04 | Best: 0.001755
  Epoch  50/300 | Train Loss: 0.001711 | Val Loss: 0.001733 | LR: 1.00e-04 | Best: 0.001751
  Epoch  51/300 | Train Loss: 0.001716 | Val Loss: 0.001746 | LR: 1.00e-04 | Best: 0.001733
  Epoch  52/300 | Train Loss: 0.001692 | Val Loss: 0.001739 | LR: 1.00e-04 | Best: 0.001733
  Epoch  53/300 | Train Loss: 0.001704 | Val Loss: 0.001706 | LR: 1.00e-04 | Best: 0.001733
  Epoch  54/300 | Train Loss: 0.001682 | Val Loss: 0.001727 | LR: 1.00e-04 | Best: 0.001706
  Epoch  55/300 | Train Loss: 0.001658 | Val Loss: 0.001717 | LR: 1.00e-04 | Best: 0.001706
  Epoch  56/300 | Train Loss: 0.001671 | Val Loss: 0.001703 | LR: 1.00e-04 | Best: 0.001706
  Epoch  57/300 | Train Loss: 0.001645 | Val Loss: 0.001709 | LR: 1.00e-04 | Best: 0.001703
  Epoch  58/300 | Train Loss: 0.001635 | Val Loss: 0.001701 | LR: 1.00e-04 | Best: 0.001703
  Epoch  59/300 | Train Loss: 0.001645 | Val Loss: 0.001683 | LR: 1.00e-04 | Best: 0.001701
  Epoch  60/300 | Train Loss: 0.001640 | Val Loss: 0.001699 | LR: 1.00e-04 | Best: 0.001683
  Epoch  61/300 | Train Loss: 0.001626 | Val Loss: 0.001705 | LR: 1.00e-04 | Best: 0.001683
  Epoch  62/300 | Train Loss: 0.001640 | Val Loss: 0.001675 | LR: 1.00e-04 | Best: 0.001683
  Epoch  63/300 | Train Loss: 0.001623 | Val Loss: 0.001694 | LR: 1.00e-04 | Best: 0.001675
  Epoch  64/300 | Train Loss: 0.001600 | Val Loss: 0.001682 | LR: 1.00e-04 | Best: 0.001675
  Epoch  65/300 | Train Loss: 0.001606 | Val Loss: 0.001661 | LR: 1.00e-04 | Best: 0.001675
  Epoch  66/300 | Train Loss: 0.001593 | Val Loss: 0.001678 | LR: 1.00e-04 | Best: 0.001661
  Epoch  67/300 | Train Loss: 0.001584 | Val Loss: 0.001680 | LR: 1.00e-04 | Best: 0.001661
  Epoch  68/300 | Train Loss: 0.001582 | Val Loss: 0.001657 | LR: 1.00e-04 | Best: 0.001661
  Epoch  69/300 | Train Loss: 0.001580 | Val Loss: 0.001671 | LR: 1.00e-04 | Best: 0.001657
  Epoch  70/300 | Train Loss: 0.001561 | Val Loss: 0.001663 | LR: 1.00e-04 | Best: 0.001657
  Epoch  71/300 | Train Loss: 0.001585 | Val Loss: 0.001651 | LR: 1.00e-04 | Best: 0.001657
  Epoch  72/300 | Train Loss: 0.001590 | Val Loss: 0.001680 | LR: 1.00e-04 | Best: 0.001651
  Epoch  73/300 | Train Loss: 0.001575 | Val Loss: 0.001676 | LR: 1.00e-04 | Best: 0.001651
  Epoch  74/300 | Train Loss: 0.001575 | Val Loss: 0.001626 | LR: 1.00e-04 | Best: 0.001651
  Epoch  75/300 | Train Loss: 0.001554 | Val Loss: 0.001665 | LR: 1.00e-04 | Best: 0.001626
  Epoch  76/300 | Train Loss: 0.001542 | Val Loss: 0.001653 | LR: 1.00e-04 | Best: 0.001626
  Epoch  77/300 | Train Loss: 0.001523 | Val Loss: 0.001642 | LR: 1.00e-04 | Best: 0.001626
  Epoch  78/300 | Train Loss: 0.001521 | Val Loss: 0.001652 | LR: 1.00e-04 | Best: 0.001626
  Epoch  79/300 | Train Loss: 0.001512 | Val Loss: 0.001641 | LR: 1.00e-04 | Best: 0.001626
  Epoch  80/300 | Train Loss: 0.001517 | Val Loss: 0.001637 | LR: 5.00e-05 | Best: 0.001626
  Epoch  81/300 | Train Loss: 0.001518 | Val Loss: 0.001643 | LR: 5.00e-05 | Best: 0.001626
  Epoch  82/300 | Train Loss: 0.001510 | Val Loss: 0.001640 | LR: 5.00e-05 | Best: 0.001626
  Epoch  83/300 | Train Loss: 0.001497 | Val Loss: 0.001636 | LR: 5.00e-05 | Best: 0.001626
  Epoch  84/300 | Train Loss: 0.001487 | Val Loss: 0.001635 | LR: 5.00e-05 | Best: 0.001626

[Early Stopping] No improvement for 10 epochs. Stopping at epoch 84.
[Early Stopping] Best validation loss: 0.001626 at epoch 74

[Checkpoint] Restored best model from epoch 74
============================================================


  ── Result ──
  MAE: 0.022104  RMSE: 0.028595  Hit%: 51.1  vs Zero: +3.91%  [82s]

==========================================================================================
  ABLATION: -GCN  (variant=lstm_only, feat_dim=21, {})
==========================================================================================
  Params: 1,587,360

============================================================
CMGM Training
============================================================
Device: cuda
Epochs: 300 (early stopping patience=10)
Learning rate: 0.0001, Weight decay: 1e-05
============================================================
  [variant=lstm_only] GCN→(None) || LSTM→([64, 64]) → head → ([64, 4, 24])
  Epoch   1/300 | Train Loss: 0.005597 | Val Loss: 0.005048 | LR: 1.00e-04 | Best: inf
  Epoch   2/300 | Train Loss: 0.005023 | Val Loss: 0.004728 | LR: 1.00e-04 | Best: 0.005048
  Epoch   3/300 | Train Loss: 0.004648 | Val Loss: 0.004461 | LR: 1.00e-04 | Best: 0.004728
  Epoch   4/300 | Train Loss: 0.004328 | Val Loss: 0.004212 | LR: 1.00e-04 | Best: 0.004461
  Epoch   5/300 | Train Loss: 0.004054 | Val Loss: 0.003979 | LR: 1.00e-04 | Best: 0.004212
  Epoch   6/300 | Train Loss: 0.003793 | Val Loss: 0.003765 | LR: 1.00e-04 | Best: 0.003979
  Epoch   7/300 | Train Loss: 0.003544 | Val Loss: 0.003572 | LR: 1.00e-04 | Best: 0.003765
  Epoch   8/300 | Train Loss: 0.003293 | Val Loss: 0.003390 | LR: 1.00e-04 | Best: 0.003572
  Epoch   9/300 | Train Loss: 0.003060 | Val Loss: 0.003221 | LR: 1.00e-04 | Best: 0.003390
  Epoch  10/300 | Train Loss: 0.002863 | Val Loss: 0.003081 | LR: 1.00e-04 | Best: 0.003221
  Epoch  11/300 | Train Loss: 0.002679 | Val Loss: 0.002957 | LR: 1.00e-04 | Best: 0.003081
  Epoch  12/300 | Train Loss: 0.002538 | Val Loss: 0.002867 | LR: 1.00e-04 | Best: 0.002957
  Epoch  13/300 | Train Loss: 0.002436 | Val Loss: 0.002772 | LR: 1.00e-04 | Best: 0.002867
  Epoch  14/300 | Train Loss: 0.002348 | Val Loss: 0.002707 | LR: 1.00e-04 | Best: 0.002772
  Epoch  15/300 | Train Loss: 0.002275 | Val Loss: 0.002624 | LR: 1.00e-04 | Best: 0.002707
  Epoch  16/300 | Train Loss: 0.002220 | Val Loss: 0.002586 | LR: 1.00e-04 | Best: 0.002624
  Epoch  17/300 | Train Loss: 0.002173 | Val Loss: 0.002512 | LR: 1.00e-04 | Best: 0.002586
  Epoch  18/300 | Train Loss: 0.002135 | Val Loss: 0.002467 | LR: 1.00e-04 | Best: 0.002512
  Epoch  19/300 | Train Loss: 0.002100 | Val Loss: 0.002433 | LR: 1.00e-04 | Best: 0.002467
  Epoch  20/300 | Train Loss: 0.002059 | Val Loss: 0.002360 | LR: 1.00e-04 | Best: 0.002433
  Epoch  21/300 | Train Loss: 0.002035 | Val Loss: 0.002351 | LR: 1.00e-04 | Best: 0.002360
  Epoch  22/300 | Train Loss: 0.002012 | Val Loss: 0.002268 | LR: 1.00e-04 | Best: 0.002351
  Epoch  23/300 | Train Loss: 0.001978 | Val Loss: 0.002186 | LR: 1.00e-04 | Best: 0.002268
  Epoch  24/300 | Train Loss: 0.001959 | Val Loss: 0.002204 | LR: 1.00e-04 | Best: 0.002186
  Epoch  25/300 | Train Loss: 0.001941 | Val Loss: 0.002134 | LR: 1.00e-04 | Best: 0.002186
  Epoch  26/300 | Train Loss: 0.001921 | Val Loss: 0.002110 | LR: 1.00e-04 | Best: 0.002134
  Epoch  27/300 | Train Loss: 0.001894 | Val Loss: 0.002117 | LR: 1.00e-04 | Best: 0.002110
  Epoch  28/300 | Train Loss: 0.001874 | Val Loss: 0.002055 | LR: 1.00e-04 | Best: 0.002110
  Epoch  29/300 | Train Loss: 0.001866 | Val Loss: 0.002064 | LR: 1.00e-04 | Best: 0.002055
  Epoch  30/300 | Train Loss: 0.001845 | Val Loss: 0.002031 | LR: 1.00e-04 | Best: 0.002055
  Epoch  31/300 | Train Loss: 0.001821 | Val Loss: 0.002015 | LR: 1.00e-04 | Best: 0.002031
  Epoch  32/300 | Train Loss: 0.001808 | Val Loss: 0.002014 | LR: 1.00e-04 | Best: 0.002015
  Epoch  33/300 | Train Loss: 0.001790 | Val Loss: 0.001974 | LR: 1.00e-04 | Best: 0.002014
  Epoch  34/300 | Train Loss: 0.001779 | Val Loss: 0.001974 | LR: 1.00e-04 | Best: 0.001974
  Epoch  35/300 | Train Loss: 0.001768 | Val Loss: 0.001931 | LR: 1.00e-04 | Best: 0.001974
  Epoch  36/300 | Train Loss: 0.001749 | Val Loss: 0.001911 | LR: 1.00e-04 | Best: 0.001931
  Epoch  37/300 | Train Loss: 0.001739 | Val Loss: 0.001909 | LR: 1.00e-04 | Best: 0.001911
  Epoch  38/300 | Train Loss: 0.001730 | Val Loss: 0.001864 | LR: 1.00e-04 | Best: 0.001909
  Epoch  39/300 | Train Loss: 0.001714 | Val Loss: 0.001864 | LR: 1.00e-04 | Best: 0.001864
  Epoch  40/300 | Train Loss: 0.001705 | Val Loss: 0.001852 | LR: 1.00e-04 | Best: 0.001864
  Epoch  41/300 | Train Loss: 0.001689 | Val Loss: 0.001827 | LR: 1.00e-04 | Best: 0.001852
  Epoch  42/300 | Train Loss: 0.001683 | Val Loss: 0.001843 | LR: 1.00e-04 | Best: 0.001827
  Epoch  43/300 | Train Loss: 0.001677 | Val Loss: 0.001809 | LR: 1.00e-04 | Best: 0.001827
  Epoch  44/300 | Train Loss: 0.001664 | Val Loss: 0.001805 | LR: 1.00e-04 | Best: 0.001809
  Epoch  45/300 | Train Loss: 0.001647 | Val Loss: 0.001809 | LR: 1.00e-04 | Best: 0.001805
  Epoch  46/300 | Train Loss: 0.001648 | Val Loss: 0.001782 | LR: 1.00e-04 | Best: 0.001805
  Epoch  47/300 | Train Loss: 0.001650 | Val Loss: 0.001803 | LR: 1.00e-04 | Best: 0.001782
  Epoch  48/300 | Train Loss: 0.001651 | Val Loss: 0.001779 | LR: 1.00e-04 | Best: 0.001782
  Epoch  49/300 | Train Loss: 0.001628 | Val Loss: 0.001777 | LR: 1.00e-04 | Best: 0.001779
  Epoch  50/300 | Train Loss: 0.001613 | Val Loss: 0.001773 | LR: 1.00e-04 | Best: 0.001777
  Epoch  51/300 | Train Loss: 0.001606 | Val Loss: 0.001770 | LR: 1.00e-04 | Best: 0.001773
  Epoch  52/300 | Train Loss: 0.001602 | Val Loss: 0.001770 | LR: 1.00e-04 | Best: 0.001770
  Epoch  53/300 | Train Loss: 0.001587 | Val Loss: 0.001744 | LR: 1.00e-04 | Best: 0.001770
  Epoch  54/300 | Train Loss: 0.001591 | Val Loss: 0.001786 | LR: 1.00e-04 | Best: 0.001744
  Epoch  55/300 | Train Loss: 0.001590 | Val Loss: 0.001722 | LR: 1.00e-04 | Best: 0.001744
  Epoch  56/300 | Train Loss: 0.001576 | Val Loss: 0.001755 | LR: 1.00e-04 | Best: 0.001722
  Epoch  57/300 | Train Loss: 0.001560 | Val Loss: 0.001733 | LR: 1.00e-04 | Best: 0.001722
  Epoch  58/300 | Train Loss: 0.001536 | Val Loss: 0.001729 | LR: 1.00e-04 | Best: 0.001722
  Epoch  59/300 | Train Loss: 0.001530 | Val Loss: 0.001742 | LR: 1.00e-04 | Best: 0.001722
  Epoch  60/300 | Train Loss: 0.001525 | Val Loss: 0.001716 | LR: 1.00e-04 | Best: 0.001722
  Epoch  61/300 | Train Loss: 0.001518 | Val Loss: 0.001736 | LR: 1.00e-04 | Best: 0.001716
  Epoch  62/300 | Train Loss: 0.001515 | Val Loss: 0.001707 | LR: 1.00e-04 | Best: 0.001716
  Epoch  63/300 | Train Loss: 0.001515 | Val Loss: 0.001732 | LR: 1.00e-04 | Best: 0.001707
  Epoch  64/300 | Train Loss: 0.001506 | Val Loss: 0.001708 | LR: 1.00e-04 | Best: 0.001707
  Epoch  65/300 | Train Loss: 0.001496 | Val Loss: 0.001699 | LR: 1.00e-04 | Best: 0.001707
  Epoch  66/300 | Train Loss: 0.001491 | Val Loss: 0.001704 | LR: 1.00e-04 | Best: 0.001699
  Epoch  67/300 | Train Loss: 0.001475 | Val Loss: 0.001689 | LR: 1.00e-04 | Best: 0.001699
  Epoch  68/300 | Train Loss: 0.001466 | Val Loss: 0.001709 | LR: 1.00e-04 | Best: 0.001689
  Epoch  69/300 | Train Loss: 0.001456 | Val Loss: 0.001672 | LR: 1.00e-04 | Best: 0.001689
  Epoch  70/300 | Train Loss: 0.001458 | Val Loss: 0.001690 | LR: 1.00e-04 | Best: 0.001672
  Epoch  71/300 | Train Loss: 0.001453 | Val Loss: 0.001662 | LR: 1.00e-04 | Best: 0.001672
  Epoch  72/300 | Train Loss: 0.001442 | Val Loss: 0.001668 | LR: 1.00e-04 | Best: 0.001662
  Epoch  73/300 | Train Loss: 0.001438 | Val Loss: 0.001659 | LR: 1.00e-04 | Best: 0.001662
  Epoch  74/300 | Train Loss: 0.001429 | Val Loss: 0.001639 | LR: 1.00e-04 | Best: 0.001659
  Epoch  75/300 | Train Loss: 0.001422 | Val Loss: 0.001674 | LR: 1.00e-04 | Best: 0.001639
  Epoch  76/300 | Train Loss: 0.001430 | Val Loss: 0.001622 | LR: 1.00e-04 | Best: 0.001639
  Epoch  77/300 | Train Loss: 0.001424 | Val Loss: 0.001646 | LR: 1.00e-04 | Best: 0.001622
  Epoch  78/300 | Train Loss: 0.001426 | Val Loss: 0.001608 | LR: 1.00e-04 | Best: 0.001622
  Epoch  79/300 | Train Loss: 0.001409 | Val Loss: 0.001628 | LR: 1.00e-04 | Best: 0.001608
  Epoch  80/300 | Train Loss: 0.001397 | Val Loss: 0.001613 | LR: 1.00e-04 | Best: 0.001608
  Epoch  81/300 | Train Loss: 0.001381 | Val Loss: 0.001617 | LR: 1.00e-04 | Best: 0.001608
  Epoch  82/300 | Train Loss: 0.001370 | Val Loss: 0.001621 | LR: 1.00e-04 | Best: 0.001608
  Epoch  83/300 | Train Loss: 0.001370 | Val Loss: 0.001609 | LR: 1.00e-04 | Best: 0.001608
  Epoch  84/300 | Train Loss: 0.001365 | Val Loss: 0.001632 | LR: 5.00e-05 | Best: 0.001608
  Epoch  85/300 | Train Loss: 0.001361 | Val Loss: 0.001618 | LR: 5.00e-05 | Best: 0.001608
  Epoch  86/300 | Train Loss: 0.001348 | Val Loss: 0.001626 | LR: 5.00e-05 | Best: 0.001608
  Epoch  87/300 | Train Loss: 0.001342 | Val Loss: 0.001624 | LR: 5.00e-05 | Best: 0.001608
  Epoch  88/300 | Train Loss: 0.001339 | Val Loss: 0.001623 | LR: 5.00e-05 | Best: 0.001608

[Early Stopping] No improvement for 10 epochs. Stopping at epoch 88.
[Early Stopping] Best validation loss: 0.001608 at epoch 78

[Checkpoint] Restored best model from epoch 78
============================================================


  ── Result ──
  MAE: 0.023649  RMSE: 0.030453  Hit%: 49.0  vs Zero: +11.17%  [65s]

==========================================================================================
  ABLATION: -LSTM  (variant=gcn_only, feat_dim=21, {})
==========================================================================================
  Params: 57,945

============================================================
CMGM Training
============================================================
Device: cuda
Epochs: 300 (early stopping patience=10)
Learning rate: 0.0001, Weight decay: 1e-05
============================================================
  [variant=gcn_only] GCN→([64, 64]) || LSTM→(None) → head → ([64, 4, 24])
  Epoch   1/300 | Train Loss: 0.005868 | Val Loss: 0.006396 | LR: 1.00e-04 | Best: inf
  Epoch   2/300 | Train Loss: 0.004546 | Val Loss: 0.005795 | LR: 1.00e-04 | Best: 0.006396
  Epoch   3/300 | Train Loss: 0.004207 | Val Loss: 0.005502 | LR: 1.00e-04 | Best: 0.005795
  Epoch   4/300 | Train Loss: 0.004029 | Val Loss: 0.005301 | LR: 1.00e-04 | Best: 0.005502
  Epoch   5/300 | Train Loss: 0.003828 | Val Loss: 0.005123 | LR: 1.00e-04 | Best: 0.005301
  Epoch   6/300 | Train Loss: 0.003650 | Val Loss: 0.004952 | LR: 1.00e-04 | Best: 0.005123
  Epoch   7/300 | Train Loss: 0.003473 | Val Loss: 0.004795 | LR: 1.00e-04 | Best: 0.004952
  Epoch   8/300 | Train Loss: 0.003307 | Val Loss: 0.004618 | LR: 1.00e-04 | Best: 0.004795
  Epoch   9/300 | Train Loss: 0.003129 | Val Loss: 0.004426 | LR: 1.00e-04 | Best: 0.004618
  Epoch  10/300 | Train Loss: 0.003007 | Val Loss: 0.004298 | LR: 1.00e-04 | Best: 0.004426
  Epoch  11/300 | Train Loss: 0.002878 | Val Loss: 0.004148 | LR: 1.00e-04 | Best: 0.004298
  Epoch  12/300 | Train Loss: 0.002760 | Val Loss: 0.004000 | LR: 1.00e-04 | Best: 0.004148
  Epoch  13/300 | Train Loss: 0.002712 | Val Loss: 0.003862 | LR: 1.00e-04 | Best: 0.004000
  Epoch  14/300 | Train Loss: 0.002816 | Val Loss: 0.003964 | LR: 1.00e-04 | Best: 0.003862
  Epoch  15/300 | Train Loss: 0.002774 | Val Loss: 0.003918 | LR: 1.00e-04 | Best: 0.003862
  Epoch  16/300 | Train Loss: 0.002830 | Val Loss: 0.003691 | LR: 1.00e-04 | Best: 0.003862
  Epoch  17/300 | Train Loss: 0.002600 | Val Loss: 0.003518 | LR: 1.00e-04 | Best: 0.003691
  Epoch  18/300 | Train Loss: 0.002612 | Val Loss: 0.003463 | LR: 1.00e-04 | Best: 0.003518
  Epoch  19/300 | Train Loss: 0.002677 | Val Loss: 0.003485 | LR: 1.00e-04 | Best: 0.003463
  Epoch  20/300 | Train Loss: 0.002412 | Val Loss: 0.003232 | LR: 1.00e-04 | Best: 0.003463
  Epoch  21/300 | Train Loss: 0.002337 | Val Loss: 0.003167 | LR: 1.00e-04 | Best: 0.003232
  Epoch  22/300 | Train Loss: 0.002403 | Val Loss: 0.003174 | LR: 1.00e-04 | Best: 0.003167
  Epoch  23/300 | Train Loss: 0.002253 | Val Loss: 0.003115 | LR: 1.00e-04 | Best: 0.003167
  Epoch  24/300 | Train Loss: 0.002197 | Val Loss: 0.003108 | LR: 1.00e-04 | Best: 0.003115
  Epoch  25/300 | Train Loss: 0.002196 | Val Loss: 0.003079 | LR: 1.00e-04 | Best: 0.003108
  Epoch  26/300 | Train Loss: 0.002177 | Val Loss: 0.003019 | LR: 1.00e-04 | Best: 0.003079
  Epoch  27/300 | Train Loss: 0.002134 | Val Loss: 0.002988 | LR: 1.00e-04 | Best: 0.003019
  Epoch  28/300 | Train Loss: 0.002147 | Val Loss: 0.003004 | LR: 1.00e-04 | Best: 0.002988
  Epoch  29/300 | Train Loss: 0.002228 | Val Loss: 0.002917 | LR: 1.00e-04 | Best: 0.002988
  Epoch  30/300 | Train Loss: 0.002105 | Val Loss: 0.002911 | LR: 1.00e-04 | Best: 0.002917
  Epoch  31/300 | Train Loss: 0.002083 | Val Loss: 0.002908 | LR: 1.00e-04 | Best: 0.002911
  Epoch  32/300 | Train Loss: 0.002114 | Val Loss: 0.002918 | LR: 1.00e-04 | Best: 0.002908
  Epoch  33/300 | Train Loss: 0.002081 | Val Loss: 0.002875 | LR: 1.00e-04 | Best: 0.002908
  Epoch  34/300 | Train Loss: 0.002068 | Val Loss: 0.002862 | LR: 1.00e-04 | Best: 0.002875
  Epoch  35/300 | Train Loss: 0.002198 | Val Loss: 0.002872 | LR: 1.00e-04 | Best: 0.002862
  Epoch  36/300 | Train Loss: 0.002130 | Val Loss: 0.002777 | LR: 1.00e-04 | Best: 0.002862
  Epoch  37/300 | Train Loss: 0.002032 | Val Loss: 0.002773 | LR: 1.00e-04 | Best: 0.002777
  Epoch  38/300 | Train Loss: 0.002045 | Val Loss: 0.002782 | LR: 1.00e-04 | Best: 0.002773
  Epoch  39/300 | Train Loss: 0.002055 | Val Loss: 0.002735 | LR: 1.00e-04 | Best: 0.002773
  Epoch  40/300 | Train Loss: 0.001987 | Val Loss: 0.002660 | LR: 1.00e-04 | Best: 0.002735
  Epoch  41/300 | Train Loss: 0.001993 | Val Loss: 0.002692 | LR: 1.00e-04 | Best: 0.002660
  Epoch  42/300 | Train Loss: 0.002024 | Val Loss: 0.002727 | LR: 1.00e-04 | Best: 0.002660
  Epoch  43/300 | Train Loss: 0.001960 | Val Loss: 0.002652 | LR: 1.00e-04 | Best: 0.002660
  Epoch  44/300 | Train Loss: 0.001961 | Val Loss: 0.002624 | LR: 1.00e-04 | Best: 0.002652
  Epoch  45/300 | Train Loss: 0.001950 | Val Loss: 0.002602 | LR: 1.00e-04 | Best: 0.002624
  Epoch  46/300 | Train Loss: 0.001911 | Val Loss: 0.002606 | LR: 1.00e-04 | Best: 0.002602
  Epoch  47/300 | Train Loss: 0.001916 | Val Loss: 0.002579 | LR: 1.00e-04 | Best: 0.002602
  Epoch  48/300 | Train Loss: 0.001925 | Val Loss: 0.002564 | LR: 1.00e-04 | Best: 0.002579
  Epoch  49/300 | Train Loss: 0.001908 | Val Loss: 0.002635 | LR: 1.00e-04 | Best: 0.002564
  Epoch  50/300 | Train Loss: 0.001899 | Val Loss: 0.002543 | LR: 1.00e-04 | Best: 0.002564
  Epoch  51/300 | Train Loss: 0.001906 | Val Loss: 0.002504 | LR: 1.00e-04 | Best: 0.002543
  Epoch  52/300 | Train Loss: 0.001875 | Val Loss: 0.002457 | LR: 1.00e-04 | Best: 0.002504
  Epoch  53/300 | Train Loss: 0.001865 | Val Loss: 0.002421 | LR: 1.00e-04 | Best: 0.002457
  Epoch  54/300 | Train Loss: 0.001881 | Val Loss: 0.002402 | LR: 1.00e-04 | Best: 0.002421
  Epoch  55/300 | Train Loss: 0.001878 | Val Loss: 0.002414 | LR: 1.00e-04 | Best: 0.002402
  Epoch  56/300 | Train Loss: 0.001859 | Val Loss: 0.002407 | LR: 1.00e-04 | Best: 0.002402
  Epoch  57/300 | Train Loss: 0.001874 | Val Loss: 0.002394 | LR: 1.00e-04 | Best: 0.002402
  Epoch  58/300 | Train Loss: 0.001861 | Val Loss: 0.002344 | LR: 1.00e-04 | Best: 0.002394
  Epoch  59/300 | Train Loss: 0.001848 | Val Loss: 0.002283 | LR: 1.00e-04 | Best: 0.002344
  Epoch  60/300 | Train Loss: 0.001844 | Val Loss: 0.002239 | LR: 1.00e-04 | Best: 0.002283
  Epoch  61/300 | Train Loss: 0.001856 | Val Loss: 0.002275 | LR: 1.00e-04 | Best: 0.002239
  Epoch  62/300 | Train Loss: 0.001836 | Val Loss: 0.002194 | LR: 1.00e-04 | Best: 0.002239
  Epoch  63/300 | Train Loss: 0.001823 | Val Loss: 0.002175 | LR: 1.00e-04 | Best: 0.002194
  Epoch  64/300 | Train Loss: 0.001827 | Val Loss: 0.002175 | LR: 1.00e-04 | Best: 0.002175
  Epoch  65/300 | Train Loss: 0.001844 | Val Loss: 0.002166 | LR: 1.00e-04 | Best: 0.002175
  Epoch  66/300 | Train Loss: 0.001827 | Val Loss: 0.002158 | LR: 1.00e-04 | Best: 0.002166
  Epoch  67/300 | Train Loss: 0.001812 | Val Loss: 0.002126 | LR: 1.00e-04 | Best: 0.002158
  Epoch  68/300 | Train Loss: 0.001824 | Val Loss: 0.002129 | LR: 1.00e-04 | Best: 0.002126
  Epoch  69/300 | Train Loss: 0.001839 | Val Loss: 0.002099 | LR: 1.00e-04 | Best: 0.002126
  Epoch  70/300 | Train Loss: 0.001824 | Val Loss: 0.002095 | LR: 1.00e-04 | Best: 0.002099
  Epoch  71/300 | Train Loss: 0.001830 | Val Loss: 0.002105 | LR: 1.00e-04 | Best: 0.002095
  Epoch  72/300 | Train Loss: 0.001813 | Val Loss: 0.002054 | LR: 1.00e-04 | Best: 0.002095
  Epoch  73/300 | Train Loss: 0.001798 | Val Loss: 0.001988 | LR: 1.00e-04 | Best: 0.002054
  Epoch  74/300 | Train Loss: 0.001809 | Val Loss: 0.001991 | LR: 1.00e-04 | Best: 0.001988
  Epoch  75/300 | Train Loss: 0.001816 | Val Loss: 0.001935 | LR: 1.00e-04 | Best: 0.001988
  Epoch  76/300 | Train Loss: 0.001797 | Val Loss: 0.001972 | LR: 1.00e-04 | Best: 0.001935
  Epoch  77/300 | Train Loss: 0.001803 | Val Loss: 0.001952 | LR: 1.00e-04 | Best: 0.001935
  Epoch  78/300 | Train Loss: 0.001811 | Val Loss: 0.001923 | LR: 1.00e-04 | Best: 0.001935
  Epoch  79/300 | Train Loss: 0.001788 | Val Loss: 0.001898 | LR: 1.00e-04 | Best: 0.001923
  Epoch  80/300 | Train Loss: 0.001784 | Val Loss: 0.001883 | LR: 1.00e-04 | Best: 0.001898
  Epoch  81/300 | Train Loss: 0.001781 | Val Loss: 0.001870 | LR: 1.00e-04 | Best: 0.001883
  Epoch  82/300 | Train Loss: 0.001773 | Val Loss: 0.001888 | LR: 1.00e-04 | Best: 0.001870
  Epoch  83/300 | Train Loss: 0.001764 | Val Loss: 0.001859 | LR: 1.00e-04 | Best: 0.001870
  Epoch  84/300 | Train Loss: 0.001766 | Val Loss: 0.001845 | LR: 1.00e-04 | Best: 0.001859
  Epoch  85/300 | Train Loss: 0.001764 | Val Loss: 0.001827 | LR: 1.00e-04 | Best: 0.001845
  Epoch  86/300 | Train Loss: 0.001754 | Val Loss: 0.001813 | LR: 1.00e-04 | Best: 0.001827
  Epoch  87/300 | Train Loss: 0.001753 | Val Loss: 0.001803 | LR: 1.00e-04 | Best: 0.001813
  Epoch  88/300 | Train Loss: 0.001754 | Val Loss: 0.001798 | LR: 1.00e-04 | Best: 0.001803
  Epoch  89/300 | Train Loss: 0.001750 | Val Loss: 0.001796 | LR: 1.00e-04 | Best: 0.001798
  Epoch  90/300 | Train Loss: 0.001748 | Val Loss: 0.001791 | LR: 1.00e-04 | Best: 0.001796
  Epoch  91/300 | Train Loss: 0.001749 | Val Loss: 0.001784 | LR: 1.00e-04 | Best: 0.001791
  Epoch  92/300 | Train Loss: 0.001745 | Val Loss: 0.001775 | LR: 1.00e-04 | Best: 0.001784
  Epoch  93/300 | Train Loss: 0.001742 | Val Loss: 0.001767 | LR: 1.00e-04 | Best: 0.001775
  Epoch  94/300 | Train Loss: 0.001750 | Val Loss: 0.001774 | LR: 1.00e-04 | Best: 0.001767
  Epoch  95/300 | Train Loss: 0.001746 | Val Loss: 0.001757 | LR: 1.00e-04 | Best: 0.001767
  Epoch  96/300 | Train Loss: 0.001741 | Val Loss: 0.001747 | LR: 1.00e-04 | Best: 0.001757
  Epoch  97/300 | Train Loss: 0.001746 | Val Loss: 0.001745 | LR: 1.00e-04 | Best: 0.001747
  Epoch  98/300 | Train Loss: 0.001744 | Val Loss: 0.001743 | LR: 1.00e-04 | Best: 0.001745
  Epoch  99/300 | Train Loss: 0.001738 | Val Loss: 0.001733 | LR: 1.00e-04 | Best: 0.001743
  Epoch 100/300 | Train Loss: 0.001737 | Val Loss: 0.001718 | LR: 1.00e-04 | Best: 0.001733
  Epoch 101/300 | Train Loss: 0.001743 | Val Loss: 0.001716 | LR: 1.00e-04 | Best: 0.001718
  Epoch 102/300 | Train Loss: 0.001744 | Val Loss: 0.001709 | LR: 1.00e-04 | Best: 0.001716
  Epoch 103/300 | Train Loss: 0.001737 | Val Loss: 0.001711 | LR: 1.00e-04 | Best: 0.001709
  Epoch 104/300 | Train Loss: 0.001736 | Val Loss: 0.001704 | LR: 1.00e-04 | Best: 0.001709
  Epoch 105/300 | Train Loss: 0.001735 | Val Loss: 0.001687 | LR: 1.00e-04 | Best: 0.001704
  Epoch 106/300 | Train Loss: 0.001730 | Val Loss: 0.001685 | LR: 1.00e-04 | Best: 0.001687
  Epoch 107/300 | Train Loss: 0.001726 | Val Loss: 0.001682 | LR: 1.00e-04 | Best: 0.001685
  Epoch 108/300 | Train Loss: 0.001726 | Val Loss: 0.001687 | LR: 1.00e-04 | Best: 0.001682
  Epoch 109/300 | Train Loss: 0.001722 | Val Loss: 0.001699 | LR: 1.00e-04 | Best: 0.001682
  Epoch 110/300 | Train Loss: 0.001722 | Val Loss: 0.001687 | LR: 1.00e-04 | Best: 0.001682
  Epoch 111/300 | Train Loss: 0.001720 | Val Loss: 0.001686 | LR: 1.00e-04 | Best: 0.001682
  Epoch 112/300 | Train Loss: 0.001720 | Val Loss: 0.001686 | LR: 1.00e-04 | Best: 0.001682
  Epoch 113/300 | Train Loss: 0.001719 | Val Loss: 0.001680 | LR: 1.00e-04 | Best: 0.001682
  Epoch 114/300 | Train Loss: 0.001720 | Val Loss: 0.001666 | LR: 1.00e-04 | Best: 0.001680
  Epoch 115/300 | Train Loss: 0.001719 | Val Loss: 0.001677 | LR: 1.00e-04 | Best: 0.001666
  Epoch 116/300 | Train Loss: 0.001718 | Val Loss: 0.001674 | LR: 1.00e-04 | Best: 0.001666
  Epoch 117/300 | Train Loss: 0.001717 | Val Loss: 0.001681 | LR: 1.00e-04 | Best: 0.001666
  Epoch 118/300 | Train Loss: 0.001720 | Val Loss: 0.001673 | LR: 1.00e-04 | Best: 0.001666
  Epoch 119/300 | Train Loss: 0.001718 | Val Loss: 0.001669 | LR: 1.00e-04 | Best: 0.001666
  Epoch 120/300 | Train Loss: 0.001717 | Val Loss: 0.001663 | LR: 1.00e-04 | Best: 0.001666
  Epoch 121/300 | Train Loss: 0.001717 | Val Loss: 0.001660 | LR: 1.00e-04 | Best: 0.001663
  Epoch 122/300 | Train Loss: 0.001716 | Val Loss: 0.001656 | LR: 1.00e-04 | Best: 0.001660
  Epoch 123/300 | Train Loss: 0.001713 | Val Loss: 0.001660 | LR: 1.00e-04 | Best: 0.001656
  Epoch 124/300 | Train Loss: 0.001713 | Val Loss: 0.001672 | LR: 1.00e-04 | Best: 0.001656
  Epoch 125/300 | Train Loss: 0.001719 | Val Loss: 0.001666 | LR: 1.00e-04 | Best: 0.001656
  Epoch 126/300 | Train Loss: 0.001714 | Val Loss: 0.001658 | LR: 1.00e-04 | Best: 0.001656
  Epoch 127/300 | Train Loss: 0.001714 | Val Loss: 0.001656 | LR: 1.00e-04 | Best: 0.001656
  Epoch 128/300 | Train Loss: 0.001711 | Val Loss: 0.001657 | LR: 5.00e-05 | Best: 0.001656
  Epoch 129/300 | Train Loss: 0.001710 | Val Loss: 0.001660 | LR: 5.00e-05 | Best: 0.001656
  Epoch 130/300 | Train Loss: 0.001711 | Val Loss: 0.001660 | LR: 5.00e-05 | Best: 0.001656
  Epoch 131/300 | Train Loss: 0.001709 | Val Loss: 0.001661 | LR: 5.00e-05 | Best: 0.001656
  Epoch 132/300 | Train Loss: 0.001710 | Val Loss: 0.001668 | LR: 5.00e-05 | Best: 0.001656

[Early Stopping] No improvement for 10 epochs. Stopping at epoch 132.
[Early Stopping] Best validation loss: 0.001656 at epoch 122

[Checkpoint] Restored best model from epoch 122
============================================================


  ── Result ──
  MAE: 0.024188  RMSE: 0.030899  Hit%: 48.1  vs Zero: +13.70%  [121s]

==========================================================================================
  ABLATION: -MultiHorizon  (variant=single_horizon, feat_dim=21, {})
==========================================================================================
  Params: 1,646,801

============================================================
CMGM Training
============================================================
Device: cuda
Epochs: 300 (early stopping patience=10)
Learning rate: 0.0001, Weight decay: 1e-05
============================================================
  [variant=single_horizon] GCN→([64, 64]) || LSTM→([64, 64]) → head → ([64, 24])
  Epoch   1/300 | Train Loss: 0.000977 | Val Loss: 0.000924 | LR: 1.00e-04 | Best: inf
  Epoch   2/300 | Train Loss: 0.000735 | Val Loss: 0.000798 | LR: 1.00e-04 | Best: 0.000924
  Epoch   3/300 | Train Loss: 0.000622 | Val Loss: 0.000733 | LR: 1.00e-04 | Best: 0.000798
  Epoch   4/300 | Train Loss: 0.000577 | Val Loss: 0.000706 | LR: 1.00e-04 | Best: 0.000733
  Epoch   5/300 | Train Loss: 0.000543 | Val Loss: 0.000676 | LR: 1.00e-04 | Best: 0.000706
  Epoch   6/300 | Train Loss: 0.000522 | Val Loss: 0.000651 | LR: 1.00e-04 | Best: 0.000676
  Epoch   7/300 | Train Loss: 0.000508 | Val Loss: 0.000626 | LR: 1.00e-04 | Best: 0.000651
  Epoch   8/300 | Train Loss: 0.000487 | Val Loss: 0.000599 | LR: 1.00e-04 | Best: 0.000626
  Epoch   9/300 | Train Loss: 0.000472 | Val Loss: 0.000582 | LR: 1.00e-04 | Best: 0.000599
  Epoch  10/300 | Train Loss: 0.000460 | Val Loss: 0.000575 | LR: 1.00e-04 | Best: 0.000582
  Gate   | mean=0.507 std=0.046 [0.400, 0.604] → 偏向LSTM
  Epoch  11/300 | Train Loss: 0.000452 | Val Loss: 0.000564 | LR: 1.00e-04 | Best: 0.000575
  Epoch  12/300 | Train Loss: 0.000442 | Val Loss: 0.000553 | LR: 1.00e-04 | Best: 0.000564
  Epoch  13/300 | Train Loss: 0.000438 | Val Loss: 0.000532 | LR: 1.00e-04 | Best: 0.000553
  Epoch  14/300 | Train Loss: 0.000427 | Val Loss: 0.000512 | LR: 1.00e-04 | Best: 0.000532
  Epoch  15/300 | Train Loss: 0.000428 | Val Loss: 0.000499 | LR: 1.00e-04 | Best: 0.000512
  Epoch  16/300 | Train Loss: 0.000419 | Val Loss: 0.000488 | LR: 1.00e-04 | Best: 0.000499
  Epoch  17/300 | Train Loss: 0.000411 | Val Loss: 0.000487 | LR: 1.00e-04 | Best: 0.000488
  Epoch  18/300 | Train Loss: 0.000415 | Val Loss: 0.000475 | LR: 1.00e-04 | Best: 0.000487
  Epoch  19/300 | Train Loss: 0.000406 | Val Loss: 0.000463 | LR: 1.00e-04 | Best: 0.000475
  Epoch  20/300 | Train Loss: 0.000393 | Val Loss: 0.000450 | LR: 1.00e-04 | Best: 0.000463
  Gate   | mean=0.512 std=0.034 [0.425, 0.588] → 偏向LSTM
  Epoch  21/300 | Train Loss: 0.000394 | Val Loss: 0.000442 | LR: 1.00e-04 | Best: 0.000450
  Epoch  22/300 | Train Loss: 0.000381 | Val Loss: 0.000436 | LR: 1.00e-04 | Best: 0.000442
  Epoch  23/300 | Train Loss: 0.000381 | Val Loss: 0.000429 | LR: 1.00e-04 | Best: 0.000436
  Epoch  24/300 | Train Loss: 0.000377 | Val Loss: 0.000421 | LR: 1.00e-04 | Best: 0.000429
  Epoch  25/300 | Train Loss: 0.000372 | Val Loss: 0.000415 | LR: 1.00e-04 | Best: 0.000421
  Epoch  26/300 | Train Loss: 0.000369 | Val Loss: 0.000407 | LR: 1.00e-04 | Best: 0.000415
  Epoch  27/300 | Train Loss: 0.000368 | Val Loss: 0.000399 | LR: 1.00e-04 | Best: 0.000407
  Epoch  28/300 | Train Loss: 0.000364 | Val Loss: 0.000388 | LR: 1.00e-04 | Best: 0.000399
  Epoch  29/300 | Train Loss: 0.000362 | Val Loss: 0.000385 | LR: 1.00e-04 | Best: 0.000388
  Epoch  30/300 | Train Loss: 0.000358 | Val Loss: 0.000382 | LR: 1.00e-04 | Best: 0.000385
  Gate   | mean=0.513 std=0.029 [0.432, 0.587] → 偏向LSTM
  Epoch  31/300 | Train Loss: 0.000355 | Val Loss: 0.000375 | LR: 1.00e-04 | Best: 0.000382
  Epoch  32/300 | Train Loss: 0.000353 | Val Loss: 0.000370 | LR: 1.00e-04 | Best: 0.000375
  Epoch  33/300 | Train Loss: 0.000350 | Val Loss: 0.000364 | LR: 1.00e-04 | Best: 0.000370
  Epoch  34/300 | Train Loss: 0.000344 | Val Loss: 0.000360 | LR: 1.00e-04 | Best: 0.000364
  Epoch  35/300 | Train Loss: 0.000344 | Val Loss: 0.000357 | LR: 1.00e-04 | Best: 0.000360
  Epoch  36/300 | Train Loss: 0.000343 | Val Loss: 0.000351 | LR: 1.00e-04 | Best: 0.000357
  Epoch  37/300 | Train Loss: 0.000340 | Val Loss: 0.000347 | LR: 1.00e-04 | Best: 0.000351
  Epoch  38/300 | Train Loss: 0.000335 | Val Loss: 0.000340 | LR: 1.00e-04 | Best: 0.000347
  Epoch  39/300 | Train Loss: 0.000335 | Val Loss: 0.000337 | LR: 1.00e-04 | Best: 0.000340
  Epoch  40/300 | Train Loss: 0.000334 | Val Loss: 0.000333 | LR: 1.00e-04 | Best: 0.000337
  Gate   | mean=0.517 std=0.027 [0.439, 0.607] → 偏向LSTM
  Epoch  41/300 | Train Loss: 0.000331 | Val Loss: 0.000329 | LR: 1.00e-04 | Best: 0.000333
  Epoch  42/300 | Train Loss: 0.000336 | Val Loss: 0.000325 | LR: 1.00e-04 | Best: 0.000329
  Epoch  43/300 | Train Loss: 0.000339 | Val Loss: 0.000340 | LR: 1.00e-04 | Best: 0.000325
  Epoch  44/300 | Train Loss: 0.000353 | Val Loss: 0.000329 | LR: 1.00e-04 | Best: 0.000325
  Epoch  45/300 | Train Loss: 0.000337 | Val Loss: 0.000318 | LR: 1.00e-04 | Best: 0.000325
  Epoch  46/300 | Train Loss: 0.000324 | Val Loss: 0.000320 | LR: 1.00e-04 | Best: 0.000318
  Epoch  47/300 | Train Loss: 0.000321 | Val Loss: 0.000320 | LR: 1.00e-04 | Best: 0.000318
  Epoch  48/300 | Train Loss: 0.000320 | Val Loss: 0.000315 | LR: 1.00e-04 | Best: 0.000318
  Epoch  49/300 | Train Loss: 0.000319 | Val Loss: 0.000315 | LR: 1.00e-04 | Best: 0.000315
  Epoch  50/300 | Train Loss: 0.000319 | Val Loss: 0.000320 | LR: 1.00e-04 | Best: 0.000315
  Gate   | mean=0.521 std=0.026 [0.450, 0.618] → 偏向LSTM
  Epoch  51/300 | Train Loss: 0.000319 | Val Loss: 0.000316 | LR: 1.00e-04 | Best: 0.000315
  Epoch  52/300 | Train Loss: 0.000321 | Val Loss: 0.000314 | LR: 1.00e-04 | Best: 0.000315
  Epoch  53/300 | Train Loss: 0.000327 | Val Loss: 0.000319 | LR: 1.00e-04 | Best: 0.000314
  Epoch  54/300 | Train Loss: 0.000314 | Val Loss: 0.000309 | LR: 1.00e-04 | Best: 0.000314
  Epoch  55/300 | Train Loss: 0.000311 | Val Loss: 0.000316 | LR: 1.00e-04 | Best: 0.000309
  Epoch  56/300 | Train Loss: 0.000309 | Val Loss: 0.000317 | LR: 1.00e-04 | Best: 0.000309
  Epoch  57/300 | Train Loss: 0.000312 | Val Loss: 0.000305 | LR: 1.00e-04 | Best: 0.000309
  Epoch  58/300 | Train Loss: 0.000311 | Val Loss: 0.000313 | LR: 1.00e-04 | Best: 0.000305
  Epoch  59/300 | Train Loss: 0.000307 | Val Loss: 0.000314 | LR: 1.00e-04 | Best: 0.000305
  Epoch  60/300 | Train Loss: 0.000310 | Val Loss: 0.000307 | LR: 1.00e-04 | Best: 0.000305
  Gate   | mean=0.522 std=0.026 [0.460, 0.620] → 偏向LSTM
  Epoch  61/300 | Train Loss: 0.000311 | Val Loss: 0.000317 | LR: 1.00e-04 | Best: 0.000305
  Epoch  62/300 | Train Loss: 0.000304 | Val Loss: 0.000303 | LR: 1.00e-04 | Best: 0.000305
  Epoch  63/300 | Train Loss: 0.000303 | Val Loss: 0.000308 | LR: 1.00e-04 | Best: 0.000303
  Epoch  64/300 | Train Loss: 0.000301 | Val Loss: 0.000311 | LR: 1.00e-04 | Best: 0.000303
  Epoch  65/300 | Train Loss: 0.000303 | Val Loss: 0.000299 | LR: 1.00e-04 | Best: 0.000303
  Epoch  66/300 | Train Loss: 0.000301 | Val Loss: 0.000312 | LR: 1.00e-04 | Best: 0.000299
  Epoch  67/300 | Train Loss: 0.000300 | Val Loss: 0.000306 | LR: 1.00e-04 | Best: 0.000299
  Epoch  68/300 | Train Loss: 0.000302 | Val Loss: 0.000305 | LR: 1.00e-04 | Best: 0.000299
  Epoch  69/300 | Train Loss: 0.000305 | Val Loss: 0.000314 | LR: 1.00e-04 | Best: 0.000299
  Epoch  70/300 | Train Loss: 0.000302 | Val Loss: 0.000297 | LR: 1.00e-04 | Best: 0.000299
  Gate   | mean=0.523 std=0.026 [0.467, 0.627] → 偏向LSTM
  Epoch  71/300 | Train Loss: 0.000297 | Val Loss: 0.000309 | LR: 1.00e-04 | Best: 0.000297
  Epoch  72/300 | Train Loss: 0.000296 | Val Loss: 0.000306 | LR: 1.00e-04 | Best: 0.000297
  Epoch  73/300 | Train Loss: 0.000298 | Val Loss: 0.000300 | LR: 1.00e-04 | Best: 0.000297
  Epoch  74/300 | Train Loss: 0.000294 | Val Loss: 0.000314 | LR: 1.00e-04 | Best: 0.000297
  Epoch  75/300 | Train Loss: 0.000294 | Val Loss: 0.000298 | LR: 1.00e-04 | Best: 0.000297
  Epoch  76/300 | Train Loss: 0.000291 | Val Loss: 0.000305 | LR: 5.00e-05 | Best: 0.000297
  Epoch  77/300 | Train Loss: 0.000286 | Val Loss: 0.000301 | LR: 5.00e-05 | Best: 0.000297
  Epoch  78/300 | Train Loss: 0.000282 | Val Loss: 0.000301 | LR: 5.00e-05 | Best: 0.000297
  Epoch  79/300 | Train Loss: 0.000281 | Val Loss: 0.000301 | LR: 5.00e-05 | Best: 0.000297
  Epoch  80/300 | Train Loss: 0.000281 | Val Loss: 0.000299 | LR: 5.00e-05 | Best: 0.000297
  Gate   | mean=0.524 std=0.027 [0.468, 0.635] → 偏向LSTM

[Early Stopping] No improvement for 10 epochs. Stopping at epoch 80.
[Early Stopping] Best validation loss: 0.000297 at epoch 70

[Checkpoint] Restored best model from epoch 70
============================================================


  ── Result ──
  MAE: 0.021890  RMSE: 0.028523  Hit%: 50.5  vs Zero: +1.88%  [55s]

==========================================================================================
  ABLATION: -Feat21  (variant=feat7, feat_dim=7, {})
==========================================================================================
  Params: 630,937

============================================================
CMGM Training
============================================================
Device: cuda
Epochs: 300 (early stopping patience=10)
Learning rate: 0.0001, Weight decay: 1e-05
============================================================
  [variant=feat7] GCN→([64, 64]) || LSTM→([64, 64]) → head → ([64, 4, 24])
  Epoch   1/300 | Train Loss: 0.005097 | Val Loss: 0.004958 | LR: 1.00e-04 | Best: inf
  Epoch   2/300 | Train Loss: 0.004147 | Val Loss: 0.004435 | LR: 1.00e-04 | Best: 0.004958
  Epoch   3/300 | Train Loss: 0.003770 | Val Loss: 0.004129 | LR: 1.00e-04 | Best: 0.004435
  Epoch   4/300 | Train Loss: 0.003523 | Val Loss: 0.003888 | LR: 1.00e-04 | Best: 0.004129
  Epoch   5/300 | Train Loss: 0.003317 | Val Loss: 0.003682 | LR: 1.00e-04 | Best: 0.003888
  Epoch   6/300 | Train Loss: 0.003114 | Val Loss: 0.003496 | LR: 1.00e-04 | Best: 0.003682
  Epoch   7/300 | Train Loss: 0.002948 | Val Loss: 0.003344 | LR: 1.00e-04 | Best: 0.003496
  Epoch   8/300 | Train Loss: 0.002803 | Val Loss: 0.003235 | LR: 1.00e-04 | Best: 0.003344
  Epoch   9/300 | Train Loss: 0.002681 | Val Loss: 0.003133 | LR: 1.00e-04 | Best: 0.003235
  Epoch  10/300 | Train Loss: 0.002588 | Val Loss: 0.003043 | LR: 1.00e-04 | Best: 0.003133
  Gate   | mean=0.512 std=0.064 [0.360, 0.664] → 偏向LSTM
  Epoch  11/300 | Train Loss: 0.002496 | Val Loss: 0.002959 | LR: 1.00e-04 | Best: 0.003043
  Epoch  12/300 | Train Loss: 0.002426 | Val Loss: 0.002868 | LR: 1.00e-04 | Best: 0.002959
  Epoch  13/300 | Train Loss: 0.002377 | Val Loss: 0.002772 | LR: 1.00e-04 | Best: 0.002868
  Epoch  14/300 | Train Loss: 0.002328 | Val Loss: 0.002703 | LR: 1.00e-04 | Best: 0.002772
  Epoch  15/300 | Train Loss: 0.002304 | Val Loss: 0.002677 | LR: 1.00e-04 | Best: 0.002703
  Epoch  16/300 | Train Loss: 0.002253 | Val Loss: 0.002677 | LR: 1.00e-04 | Best: 0.002677
  Epoch  17/300 | Train Loss: 0.002269 | Val Loss: 0.002704 | LR: 1.00e-04 | Best: 0.002677
  Epoch  18/300 | Train Loss: 0.002210 | Val Loss: 0.002636 | LR: 1.00e-04 | Best: 0.002677
  Epoch  19/300 | Train Loss: 0.002206 | Val Loss: 0.002563 | LR: 1.00e-04 | Best: 0.002636
  Epoch  20/300 | Train Loss: 0.002135 | Val Loss: 0.002441 | LR: 1.00e-04 | Best: 0.002563
  Gate   | mean=0.524 std=0.054 [0.394, 0.651] → 偏向LSTM
  Epoch  21/300 | Train Loss: 0.002090 | Val Loss: 0.002323 | LR: 1.00e-04 | Best: 0.002441
  Epoch  22/300 | Train Loss: 0.002101 | Val Loss: 0.002261 | LR: 1.00e-04 | Best: 0.002323
  Epoch  23/300 | Train Loss: 0.002068 | Val Loss: 0.002222 | LR: 1.00e-04 | Best: 0.002261
  Epoch  24/300 | Train Loss: 0.002026 | Val Loss: 0.002212 | LR: 1.00e-04 | Best: 0.002222
  Epoch  25/300 | Train Loss: 0.002007 | Val Loss: 0.002183 | LR: 1.00e-04 | Best: 0.002212
  Epoch  26/300 | Train Loss: 0.001974 | Val Loss: 0.002145 | LR: 1.00e-04 | Best: 0.002183
  Epoch  27/300 | Train Loss: 0.001954 | Val Loss: 0.002115 | LR: 1.00e-04 | Best: 0.002145
  Epoch  28/300 | Train Loss: 0.001938 | Val Loss: 0.002099 | LR: 1.00e-04 | Best: 0.002115
  Epoch  29/300 | Train Loss: 0.001931 | Val Loss: 0.002074 | LR: 1.00e-04 | Best: 0.002099
  Epoch  30/300 | Train Loss: 0.001917 | Val Loss: 0.002054 | LR: 1.00e-04 | Best: 0.002074
  Gate   | mean=0.528 std=0.049 [0.412, 0.644] → 偏向LSTM
  Epoch  31/300 | Train Loss: 0.001903 | Val Loss: 0.002037 | LR: 1.00e-04 | Best: 0.002054
  Epoch  32/300 | Train Loss: 0.001884 | Val Loss: 0.002014 | LR: 1.00e-04 | Best: 0.002037
  Epoch  33/300 | Train Loss: 0.001875 | Val Loss: 0.001999 | LR: 1.00e-04 | Best: 0.002014
  Epoch  34/300 | Train Loss: 0.001867 | Val Loss: 0.001977 | LR: 1.00e-04 | Best: 0.001999
  Epoch  35/300 | Train Loss: 0.001856 | Val Loss: 0.001964 | LR: 1.00e-04 | Best: 0.001977
  Epoch  36/300 | Train Loss: 0.001848 | Val Loss: 0.001940 | LR: 1.00e-04 | Best: 0.001964
  Epoch  37/300 | Train Loss: 0.001839 | Val Loss: 0.001932 | LR: 1.00e-04 | Best: 0.001940
  Epoch  38/300 | Train Loss: 0.001822 | Val Loss: 0.001901 | LR: 1.00e-04 | Best: 0.001932
  Epoch  39/300 | Train Loss: 0.001819 | Val Loss: 0.001908 | LR: 1.00e-04 | Best: 0.001901
  Epoch  40/300 | Train Loss: 0.001810 | Val Loss: 0.001894 | LR: 1.00e-04 | Best: 0.001901
  Gate   | mean=0.531 std=0.046 [0.425, 0.643] → 偏向LSTM
  Epoch  41/300 | Train Loss: 0.001802 | Val Loss: 0.001874 | LR: 1.00e-04 | Best: 0.001894
  Epoch  42/300 | Train Loss: 0.001790 | Val Loss: 0.001849 | LR: 1.00e-04 | Best: 0.001874
  Epoch  43/300 | Train Loss: 0.001790 | Val Loss: 0.001845 | LR: 1.00e-04 | Best: 0.001849
  Epoch  44/300 | Train Loss: 0.001784 | Val Loss: 0.001855 | LR: 1.00e-04 | Best: 0.001845
  Epoch  45/300 | Train Loss: 0.001783 | Val Loss: 0.001838 | LR: 1.00e-04 | Best: 0.001845
  Epoch  46/300 | Train Loss: 0.001782 | Val Loss: 0.001864 | LR: 1.00e-04 | Best: 0.001838
  Epoch  47/300 | Train Loss: 0.001796 | Val Loss: 0.001855 | LR: 1.00e-04 | Best: 0.001838
  Epoch  48/300 | Train Loss: 0.001805 | Val Loss: 0.001783 | LR: 1.00e-04 | Best: 0.001838
  Epoch  49/300 | Train Loss: 0.001786 | Val Loss: 0.001799 | LR: 1.00e-04 | Best: 0.001783
  Epoch  50/300 | Train Loss: 0.001775 | Val Loss: 0.001798 | LR: 1.00e-04 | Best: 0.001783
  Gate   | mean=0.537 std=0.044 [0.436, 0.667] → 偏向LSTM
  Epoch  51/300 | Train Loss: 0.001731 | Val Loss: 0.001769 | LR: 1.00e-04 | Best: 0.001783
  Epoch  52/300 | Train Loss: 0.001704 | Val Loss: 0.001758 | LR: 1.00e-04 | Best: 0.001769
  Epoch  53/300 | Train Loss: 0.001692 | Val Loss: 0.001768 | LR: 1.00e-04 | Best: 0.001758
  Epoch  54/300 | Train Loss: 0.001681 | Val Loss: 0.001754 | LR: 1.00e-04 | Best: 0.001758
  Epoch  55/300 | Train Loss: 0.001672 | Val Loss: 0.001740 | LR: 1.00e-04 | Best: 0.001754
  Epoch  56/300 | Train Loss: 0.001666 | Val Loss: 0.001774 | LR: 1.00e-04 | Best: 0.001740
  Epoch  57/300 | Train Loss: 0.001667 | Val Loss: 0.001743 | LR: 1.00e-04 | Best: 0.001740
  Epoch  58/300 | Train Loss: 0.001657 | Val Loss: 0.001710 | LR: 1.00e-04 | Best: 0.001740
  Epoch  59/300 | Train Loss: 0.001666 | Val Loss: 0.001763 | LR: 1.00e-04 | Best: 0.001710
  Epoch  60/300 | Train Loss: 0.001668 | Val Loss: 0.001715 | LR: 1.00e-04 | Best: 0.001710
  Gate   | mean=0.541 std=0.042 [0.445, 0.655] → 偏向LSTM
  Epoch  61/300 | Train Loss: 0.001628 | Val Loss: 0.001706 | LR: 1.00e-04 | Best: 0.001710
  Epoch  62/300 | Train Loss: 0.001617 | Val Loss: 0.001728 | LR: 1.00e-04 | Best: 0.001706
  Epoch  63/300 | Train Loss: 0.001609 | Val Loss: 0.001690 | LR: 1.00e-04 | Best: 0.001706
  Epoch  64/300 | Train Loss: 0.001598 | Val Loss: 0.001691 | LR: 1.00e-04 | Best: 0.001690
  Epoch  65/300 | Train Loss: 0.001585 | Val Loss: 0.001726 | LR: 1.00e-04 | Best: 0.001690
  Epoch  66/300 | Train Loss: 0.001595 | Val Loss: 0.001667 | LR: 1.00e-04 | Best: 0.001690
  Epoch  67/300 | Train Loss: 0.001599 | Val Loss: 0.001699 | LR: 1.00e-04 | Best: 0.001667
  Epoch  68/300 | Train Loss: 0.001598 | Val Loss: 0.001742 | LR: 1.00e-04 | Best: 0.001667
  Epoch  69/300 | Train Loss: 0.001603 | Val Loss: 0.001639 | LR: 1.00e-04 | Best: 0.001667
  Epoch  70/300 | Train Loss: 0.001631 | Val Loss: 0.001717 | LR: 1.00e-04 | Best: 0.001639
  Gate   | mean=0.546 std=0.041 [0.454, 0.649] → 偏向LSTM
  Epoch  71/300 | Train Loss: 0.001590 | Val Loss: 0.001678 | LR: 1.00e-04 | Best: 0.001639
  Epoch  72/300 | Train Loss: 0.001564 | Val Loss: 0.001655 | LR: 1.00e-04 | Best: 0.001639
  Epoch  73/300 | Train Loss: 0.001554 | Val Loss: 0.001685 | LR: 1.00e-04 | Best: 0.001639
  Epoch  74/300 | Train Loss: 0.001550 | Val Loss: 0.001659 | LR: 1.00e-04 | Best: 0.001639
  Epoch  75/300 | Train Loss: 0.001542 | Val Loss: 0.001675 | LR: 5.00e-05 | Best: 0.001639
  Epoch  76/300 | Train Loss: 0.001536 | Val Loss: 0.001656 | LR: 5.00e-05 | Best: 0.001639
  Epoch  77/300 | Train Loss: 0.001527 | Val Loss: 0.001663 | LR: 5.00e-05 | Best: 0.001639
  Epoch  78/300 | Train Loss: 0.001524 | Val Loss: 0.001661 | LR: 5.00e-05 | Best: 0.001639
  Epoch  79/300 | Train Loss: 0.001514 | Val Loss: 0.001654 | LR: 5.00e-05 | Best: 0.001639

[Early Stopping] No improvement for 10 epochs. Stopping at epoch 79.
[Early Stopping] Best validation loss: 0.001639 at epoch 69

[Checkpoint] Restored best model from epoch 69
============================================================


  ── Result ──
  MAE: 0.022959  RMSE: 0.029386  Hit%: 48.7  vs Zero: +7.92%  [72s]

====================================================================================================
ABLATION STUDY — 5-day Return Space
====================================================================================================
Variant                Params    Time        MAE       RMSE    Hit%    vs Zero
----------------------------------------------------------------------------------------------------
Full                1,651,481     89s   0.022023   0.028489   49.7     +3.52%
+EdgeAttn           1,684,761    152s   0.021531   0.027983   49.5     +1.21%
+EdgeAttnStatic     1,678,880     57s   0.022722   0.029126   47.3     +6.81%
+AttnH8             1,684,761    157s   0.021531   0.027983   49.5     +1.21%
+AttnH2             1,684,761     60s   0.025447   0.032027   50.4    +19.62%
+AttnDrop05         1,684,761    219s   0.021584   0.028067   51.0     +1.46%
+AttnPrior2         1,684,761    134s   0.021952   0.028476   49.5     +3.19%
+AttnPrior05        1,684,761    156s   0.021531   0.027983   49.5     +1.21%
+AttnH8P05          1,684,761    161s   0.021531   0.027983   49.5     +1.21%
+AttnH8Drop05       1,684,761    223s   0.021584   0.028067   51.0     +1.46%
+TemporalAttn         601,434    136s   0.022307   0.029098   49.8     +4.86%
+MultiScaleT        1,667,929     89s   0.021612   0.028124   52.2     +1.59%
+DiffInput          3,211,545    222s   0.022058   0.028508   47.3     +3.69%
+HorizonAlign       1,674,361     77s   0.022707   0.029210   49.3     +6.74%
+TCNTemporal        1,938,073    251s   0.022110   0.028512   50.8     +3.93%
+PatchTST           2,039,513     58s   0.027740   0.034496   49.0    +30.40%
+AttnPool           1,668,124    138s   0.021923   0.028343   49.2     +3.05%
+MultiScaleGraph    1,793,500     40s   0.025775   0.032391   47.9    +21.16%
-TypeProj           1,648,665     75s   0.022200   0.028623   47.5     +4.36%
-LearnGraph         1,645,600     80s   0.021793   0.028200   51.8     +2.44%
-MixHop             1,635,097     57s   0.023946   0.030363   49.3    +12.57%
-Gate               1,643,161     82s   0.022104   0.028595   51.1     +3.91%
-GCN                1,587,360     65s   0.023649   0.030453   49.0    +11.17%
-LSTM                  57,945    121s   0.024188   0.030899   48.1    +13.70%
-MultiHorizon       1,646,801     55s   0.021890   0.028523   50.5     +1.88%
-Feat21               630,937     72s   0.022959   0.029386   48.7     +7.92%
====================================================================================================

📋 Experiment 20260817_152332 logged to /home/yangxiaotong/projects/myresearch/Commedities/experiments/EXPERIMENTS.jsonl
