日期,指数代码,指数中文全称,指数中文简称,指数英文全称,指数英文简称,开盘,最高,最低,收盘,涨跌,涨跌幅,成交量,成交金额,样本数量,滚动市盈率,date,品种
2015-01-01,931145,中证绿色债券指数,中证绿色债,CSI Green Bond Index,CSI Green Bond,,,,100.0,,,0.0,0.0,,,2015-01-01,中证绿色债券指数
2016-12-30,931145,中证绿色债券指数,中证绿色债,CSI Green Bond Index,CSI Green Bond,,,,100.0,,,0.0,0.0,,,2016-12-30,中证绿色债券指数
2017-01-03,931145,中证绿色债券指数,中证绿色债,CSI Green Bond Index,CSI Green Bond,,,,100.07,,0.07,0.0,0.0,,,2017-01-03,中证绿色债券指数
2017-01-04,931145,中证绿色债券指数,中证绿色债,CSI Green Bond Index,CSI Green Bond,,,,100.02,,-0.05,0.0,0.0,,,2017-01-04,中证绿色债券指数
2017-01-05,931145,中证绿色债券指数,中证绿色债,CSI Green Bond Index,CSI Green Bond,,,,100.08,,0.06,0.0,0.0,,,2017-01-05,中证绿色债券指数
2017-01-06,931145,中证绿色债券指数,中证绿色债,CSI Green Bond Index,CSI Green Bond,,,,100.15,,0.06,0.0,0.0,,,2017-01-06,中证绿色债券指数
2017-01-09,931145,中证绿色债券指数,中证绿色债,CSI Green Bond Index,CSI Green Bond,,,,100.12,,-0.03,0.0,0.0,,,2017-01-09,中证绿色债券指数
2017-01-10,931145,中证绿色债券指数,中证绿色债,CSI Green Bond Index,CSI Green Bond,,,,100.18,,0.06,0.0,0.0,,,2017-01-10,中证绿色债券指数
2017-01-11,931145,中证绿色债券指数,中证绿色债,CSI Green Bond Index,CSI Green Bond,,,,100.28,,0.1,0.0,0.0,,,2017-01-11,中证绿色债券指数
2017-01-12,931145,中证绿色债券指数,中证绿色债,CSI Green Bond Index,CSI Green Bond,,,,100.26,,-0.02,0.0,0.0,,,2017-01-12,中证绿色债券指数
2017-01-13,931145,中证绿色债券指数,中证绿色债,CSI Green Bond Index,CSI Green Bond,,,,100.31,,0.05,0.0,0.0,,,2017-01-13,中证绿色债券指数
2017-01-16,931145,中证绿色债券指数,中证绿色债,CSI Green Bond Index,CSI Green Bond,,,,100.4,,0.09,0.0,0.0,,,2017-01-16,中证绿色债券指数
2017-01-17,931145,中证绿色债券指数,中证绿色债,CSI Green Bond Index,CSI Green Bond,,,,100.25,,-0.15,0.0,0.0,,,2017-01-17,中证绿色债券指数
2017-01-18,931145,中证绿色债券指数,中证绿色债,CSI Green Bond Index,CSI Green Bond,,,,100.14,,-0.11,0.0,0.0,,,2017-01-18,中证绿色债券指数
2017-01-19,931145,中证绿色债券指数,中证绿色债,CSI Green Bond Index,CSI Green Bond,,,,100.05,,-0.08,0.0,0.0,,,2017-01-19,中证绿色债券指数
2017-01-20,931145,中证绿色债券指数,中证绿色债,CSI Green Bond Index,CSI Green Bond,,,,100.18,,0.13,0.0,0.0,,,2017-01-20,中证绿色债券指数
2017-01-23,931145,中证绿色债券指数,中证绿色债,CSI Green Bond Index,CSI Green Bond,,,,100.24,,0.06,0.0,0.0,,,2017-01-23,中证绿色债券指数
2017-01-24,931145,中证绿色债券指数,中证绿色债,CSI Green Bond Index,CSI Green Bond,,,,100.29,,0.05,0.0,0.0,,,2017-01-24,中证绿色债券指数
2017-01-25,931145,中证绿色债券指数,中证绿色债,CSI Green Bond Index,CSI Green Bond,,,,100.15,,-0.14,0.0,0.0,,,2017-01-25,中证绿色债券指数
2017-01-26,931145,中证绿色债券指数,中证绿色债,CSI Green Bond Index,CSI Green Bond,,,,100.08,,-0.07,0.0,0.0,,,2017-01-26,中证绿色债券指数
2017-02-03,931145,中证绿色债券指数,中证绿色债,CSI Green Bond Index,CSI Green Bond,,,,100.12,,0.04,0.0,0.0,,,2017-02-03,中证绿色债券指数
2017-02-06,931145,中证绿色债券指数,中证绿色债,CSI Green Bond Index,CSI Green Bond,,,,99.77,,-0.36,0.0,0.0,,,2017-02-06,中证绿色债券指数
2017-02-07,931145,中证绿色债券指数,中证绿色债,CSI Green Bond Index,CSI Green Bond,,,,99.59,,-0.18,0.0,0.0,,,2017-02-07,中证绿色债券指数
2017-02-08,931145,中证绿色债券指数,中证绿色债,CSI Green Bond Index,CSI Green Bond,,,,99.44,,-0.15,0.0,0.0,,,2017-02-08,中证绿色债券指数
2017-02-09,931145,中证绿色债券指数,中证绿色债,CSI Green Bond Index,CSI Green Bond,,,,99.51,,0.08,0.0,0.0,,,2017-02-09,中证绿色债券指数
2017-02-10,931145,中证绿色债券指数,中证绿色债,CSI Green Bond Index,CSI Green Bond,,,,99.56,,0.05,0.0,0.0,,,2017-02-10,中证绿色债券指数
2017-02-13,931145,中证绿色债券指数,中证绿色债,CSI Green Bond Index,CSI Green Bond,,,,99.5,,-0.06,0.0,0.0,,,2017-02-13,中证绿色债券指数
2017-02-14,931145,中证绿色债券指数,中证绿色债,CSI Green Bond Index,CSI Green Bond,,,,99.54,,0.03,0.0,0.0,,,2017-02-14,中证绿色债券指数
2017-02-15,931145,中证绿色债券指数,中证绿色债,CSI Green Bond Index,CSI Green Bond,,,,99.52,,-0.02,0.0,0.0,,,2017-02-15,中证绿色债券指数
2017-02-16,931145,中证绿色债券指数,中证绿色债,CSI Green Bond Index,CSI Green Bond,,,,99.57,,0.05,0.0,0.0,,,2017-02-16,中证绿色债券指数
2017-02-17,931145,中证绿色债券指数,中证绿色债,CSI Green Bond Index,CSI Green Bond,,,,99.59,,0.02,0.0,0.0,,,2017-02-17,中证绿色债券指数
2017-02-20,931145,中证绿色债券指数,中证绿色债,CSI Green Bond Index,CSI Green Bond,,,,99.7,,0.11,0.0,0.0,,,2017-02-20,中证绿色债券指数
2017-02-21,931145,中证绿色债券指数,中证绿色债,CSI Green Bond Index,CSI Green Bond,,,,99.75,,0.05,0.0,0.0,,,2017-02-21,中证绿色债券指数
2017-02-22,931145,中证绿色债券指数,中证绿色债,CSI Green Bond Index,CSI Green Bond,,,,99.71,,-0.04,0.0,0.0,,,2017-02-22,中证绿色债券指数
2017-02-23,931145,中证绿色债券指数,中证绿色债,CSI Green Bond Index,CSI Green Bond,,,,99.72,,0.01,0.0,0.0,,,2017-02-23,中证绿色债券指数
2017-02-24,931145,中证绿色债券指数,中证绿色债,CSI Green Bond Index,CSI Green Bond,,,,99.71,,-0.01,0.0,0.0,,,2017-02-24,中证绿色债券指数
2017-02-27,931145,中证绿色债券指数,中证绿色债,CSI Green Bond Index,CSI Green Bond,,,,99.78,,0.07,0.0,0.0,,,2017-02-27,中证绿色债券指数
2017-02-28,931145,中证绿色债券指数,中证绿色债,CSI Green Bond Index,CSI Green Bond,,,,99.78,,0.0,0.0,0.0,,,2017-02-28,中证绿色债券指数
2017-03-01,931145,中证绿色债券指数,中证绿色债,CSI Green Bond Index,CSI Green Bond,,,,99.8,,0.01,0.0,0.0,,,2017-03-01,中证绿色债券指数
2017-03-02,931145,中证绿色债券指数,中证绿色债,CSI Green Bond Index,CSI Green Bond,,,,99.73,,-0.07,0.0,0.0,,,2017-03-02,中证绿色债券指数
2017-03-03,931145,中证绿色债券指数,中证绿色债,CSI Green Bond Index,CSI Green Bond,,,,99.8,,0.07,0.0,0.0,,,2017-03-03,中证绿色债券指数
2017-03-06,931145,中证绿色债券指数,中证绿色债,CSI Green Bond Index,CSI Green Bond,,,,99.73,,-0.06,0.0,0.0,,,2017-03-06,中证绿色债券指数
2017-03-07,931145,中证绿色债券指数,中证绿色债,CSI Green Bond Index,CSI Green Bond,,,,99.71,,-0.02,0.0,0.0,,,2017-03-07,中证绿色债券指数
2017-03-08,931145,中证绿色债券指数,中证绿色债,CSI Green Bond Index,CSI Green Bond,,,,99.73,,0.02,0.0,0.0,,,2017-03-08,中证绿色债券指数
2017-03-09,931145,中证绿色债券指数,中证绿色债,CSI Green Bond Index,CSI Green Bond,,,,99.7,,-0.03,0.0,0.0,,,2017-03-09,中证绿色债券指数
2017-03-10,931145,中证绿色债券指数,中证绿色债,CSI Green Bond Index,CSI Green Bond,,,,99.61,,-0.09,0.0,0.0,,,2017-03-10,中证绿色债券指数
2017-03-13,931145,中证绿色债券指数,中证绿色债,CSI Green Bond Index,CSI Green Bond,,,,99.61,,0.0,0.0,0.0,,,2017-03-13,中证绿色债券指数
2017-03-14,931145,中证绿色债券指数,中证绿色债,CSI Green Bond Index,CSI Green Bond,,,,99.6,,0.0,0.0,0.0,,,2017-03-14,中证绿色债券指数
2017-03-15,931145,中证绿色债券指数,中证绿色债,CSI Green Bond Index,CSI Green Bond,,,,99.6,,-0.01,0.0,0.0,,,2017-03-15,中证绿色债券指数
2017-03-16,931145,中证绿色债券指数,中证绿色债,CSI Green Bond Index,CSI Green Bond,,,,99.71,,0.11,0.0,0.0,,,2017-03-16,中证绿色债券指数
2017-03-17,931145,中证绿色债券指数,中证绿色债,CSI Green Bond Index,CSI Green Bond,,,,99.74,,0.03,0.0,0.0,,,2017-03-17,中证绿色债券指数
2017-03-20,931145,中证绿色债券指数,中证绿色债,CSI Green Bond Index,CSI Green Bond,,,,99.78,,0.04,0.0,0.0,,,2017-03-20,中证绿色债券指数
2017-03-21,931145,中证绿色债券指数,中证绿色债,CSI Green Bond Index,CSI Green Bond,,,,99.71,,-0.06,0.0,0.0,,,2017-03-21,中证绿色债券指数
2017-03-22,931145,中证绿色债券指数,中证绿色债,CSI Green Bond Index,CSI Green Bond,,,,99.68,,-0.03,0.0,0.0,,,2017-03-22,中证绿色债券指数
2017-03-23,931145,中证绿色债券指数,中证绿色债,CSI Green Bond Index,CSI Green Bond,,,,99.66,,-0.03,0.0,0.0,,,2017-03-23,中证绿色债券指数
2017-03-24,931145,中证绿色债券指数,中证绿色债,CSI Green Bond Index,CSI Green Bond,,,,99.75,,0.1,0.0,0.0,,,2017-03-24,中证绿色债券指数
2017-03-27,931145,中证绿色债券指数,中证绿色债,CSI Green Bond Index,CSI Green Bond,,,,99.83,,0.08,0.0,0.0,,,2017-03-27,中证绿色债券指数
2017-03-28,931145,中证绿色债券指数,中证绿色债,CSI Green Bond Index,CSI Green Bond,,,,99.85,,0.02,0.0,0.0,,,2017-03-28,中证绿色债券指数
2017-03-29,931145,中证绿色债券指数,中证绿色债,CSI Green Bond Index,CSI Green Bond,,,,99.88,,0.03,0.0,0.0,,,2017-03-29,中证绿色债券指数
2017-03-30,931145,中证绿色债券指数,中证绿色债,CSI Green Bond Index,CSI Green Bond,,,,99.89,,0.01,0.0,0.0,,,2017-03-30,中证绿色债券指数
2017-03-31,931145,中证绿色债券指数,中证绿色债,CSI Green Bond Index,CSI Green Bond,,,,99.92,,0.03,0.0,0.0,,,2017-03-31,中证绿色债券指数
2017-04-05,931145,中证绿色债券指数,中证绿色债,CSI Green Bond Index,CSI Green Bond,,,,99.98,,0.06,0.0,0.0,,,2017-04-05,中证绿色债券指数
2017-04-06,931145,中证绿色债券指数,中证绿色债,CSI Green Bond Index,CSI Green Bond,,,,99.96,,-0.02,0.0,0.0,,,2017-04-06,中证绿色债券指数
2017-04-07,931145,中证绿色债券指数,中证绿色债,CSI Green Bond Index,CSI Green Bond,,,,100.0,,0.04,0.0,0.0,,,2017-04-07,中证绿色债券指数
2017-04-10,931145,中证绿色债券指数,中证绿色债,CSI Green Bond Index,CSI Green Bond,,,,100.06,,0.06,0.0,0.0,,,2017-04-10,中证绿色债券指数
2017-04-11,931145,中证绿色债券指数,中证绿色债,CSI Green Bond Index,CSI Green Bond,,,,100.06,,0.0,0.0,0.0,,,2017-04-11,中证绿色债券指数
2017-04-12,931145,中证绿色债券指数,中证绿色债,CSI Green Bond Index,CSI Green Bond,,,,100.07,,0.01,0.0,0.0,,,2017-04-12,中证绿色债券指数
2017-04-13,931145,中证绿色债券指数,中证绿色债,CSI Green Bond Index,CSI Green Bond,,,,100.07,,0.01,0.0,0.0,,,2017-04-13,中证绿色债券指数
2017-04-14,931145,中证绿色债券指数,中证绿色债,CSI Green Bond Index,CSI Green Bond,,,,100.09,,0.01,0.0,0.0,,,2017-04-14,中证绿色债券指数
2017-04-17,931145,中证绿色债券指数,中证绿色债,CSI Green Bond Index,CSI Green Bond,,,,100.0,,-0.08,0.0,0.0,,,2017-04-17,中证绿色债券指数
2017-04-18,931145,中证绿色债券指数,中证绿色债,CSI Green Bond Index,CSI Green Bond,,,,99.95,,-0.06,0.0,0.0,,,2017-04-18,中证绿色债券指数
2017-04-19,931145,中证绿色债券指数,中证绿色债,CSI Green Bond Index,CSI Green Bond,,,,99.96,,0.01,0.0,0.0,,,2017-04-19,中证绿色债券指数
2017-04-20,931145,中证绿色债券指数,中证绿色债,CSI Green Bond Index,CSI Green Bond,,,,99.93,,-0.03,0.0,0.0,,,2017-04-20,中证绿色债券指数
2017-04-21,931145,中证绿色债券指数,中证绿色债,CSI Green Bond Index,CSI Green Bond,,,,99.82,,-0.11,0.0,0.0,,,2017-04-21,中证绿色债券指数
2017-04-24,931145,中证绿色债券指数,中证绿色债,CSI Green Bond Index,CSI Green Bond,,,,99.74,,-0.08,0.0,0.0,,,2017-04-24,中证绿色债券指数
2017-04-25,931145,中证绿色债券指数,中证绿色债,CSI Green Bond Index,CSI Green Bond,,,,99.6,,-0.13,0.0,0.0,,,2017-04-25,中证绿色债券指数
2017-04-26,931145,中证绿色债券指数,中证绿色债,CSI Green Bond Index,CSI Green Bond,,,,99.6,,-0.01,0.0,0.0,,,2017-04-26,中证绿色债券指数
2017-04-27,931145,中证绿色债券指数,中证绿色债,CSI Green Bond Index,CSI Green Bond,,,,99.58,,-0.02,0.0,0.0,,,2017-04-27,中证绿色债券指数
2017-04-28,931145,中证绿色债券指数,中证绿色债,CSI Green Bond Index,CSI Green Bond,,,,99.62,,0.05,0.0,0.0,,,2017-04-28,中证绿色债券指数
2017-05-02,931145,中证绿色债券指数,中证绿色债,CSI Green Bond Index,CSI Green Bond,,,,99.59,,-0.03,0.0,0.0,,,2017-05-02,中证绿色债券指数
2017-05-03,931145,中证绿色债券指数,中证绿色债,CSI Green Bond Index,CSI Green Bond,,,,99.58,,-0.02,0.0,0.0,,,2017-05-03,中证绿色债券指数
2017-05-04,931145,中证绿色债券指数,中证绿色债,CSI Green Bond Index,CSI Green Bond,,,,99.47,,-0.11,0.0,0.0,,,2017-05-04,中证绿色债券指数
2017-05-05,931145,中证绿色债券指数,中证绿色债,CSI Green Bond Index,CSI Green Bond,,,,99.42,,-0.05,0.0,0.0,,,2017-05-05,中证绿色债券指数
2017-05-08,931145,中证绿色债券指数,中证绿色债,CSI Green Bond Index,CSI Green Bond,,,,99.38,,-0.04,0.0,0.0,,,2017-05-08,中证绿色债券指数
2017-05-09,931145,中证绿色债券指数,中证绿色债,CSI Green Bond Index,CSI Green Bond,,,,99.27,,-0.11,0.0,0.0,,,2017-05-09,中证绿色债券指数
2017-05-10,931145,中证绿色债券指数,中证绿色债,CSI Green Bond Index,CSI Green Bond,,,,99.07,,-0.2,0.0,0.0,,,2017-05-10,中证绿色债券指数
2017-05-11,931145,中证绿色债券指数,中证绿色债,CSI Green Bond Index,CSI Green Bond,,,,99.03,,-0.04,0.0,0.0,,,2017-05-11,中证绿色债券指数
2017-05-12,931145,中证绿色债券指数,中证绿色债,CSI Green Bond Index,CSI Green Bond,,,,98.94,,-0.08,0.0,0.0,,,2017-05-12,中证绿色债券指数
2017-05-15,931145,中证绿色债券指数,中证绿色债,CSI Green Bond Index,CSI Green Bond,,,,98.98,,0.04,0.0,0.0,,,2017-05-15,中证绿色债券指数
2017-05-16,931145,中证绿色债券指数,中证绿色债,CSI Green Bond Index,CSI Green Bond,,,,98.97,,-0.01,0.0,0.0,,,2017-05-16,中证绿色债券指数
2017-05-17,931145,中证绿色债券指数,中证绿色债,CSI Green Bond Index,CSI Green Bond,,,,98.95,,-0.02,0.0,0.0,,,2017-05-17,中证绿色债券指数
2017-05-18,931145,中证绿色债券指数,中证绿色债,CSI Green Bond Index,CSI Green Bond,,,,98.96,,0.01,0.0,0.0,,,2017-05-18,中证绿色债券指数
2017-05-19,931145,中证绿色债券指数,中证绿色债,CSI Green Bond Index,CSI Green Bond,,,,98.98,,0.02,0.0,0.0,,,2017-05-19,中证绿色债券指数
2017-05-22,931145,中证绿色债券指数,中证绿色债,CSI Green Bond Index,CSI Green Bond,,,,99.02,,0.04,0.0,0.0,,,2017-05-22,中证绿色债券指数
2017-05-23,931145,中证绿色债券指数,中证绿色债,CSI Green Bond Index,CSI Green Bond,,,,99.01,,-0.01,0.0,0.0,,,2017-05-23,中证绿色债券指数
2017-05-24,931145,中证绿色债券指数,中证绿色债,CSI Green Bond Index,CSI Green Bond,,,,99.01,,0.0,0.0,0.0,,,2017-05-24,中证绿色债券指数
2017-05-25,931145,中证绿色债券指数,中证绿色债,CSI Green Bond Index,CSI Green Bond,,,,99.03,,0.02,0.0,0.0,,,2017-05-25,中证绿色债券指数
2017-05-26,931145,中证绿色债券指数,中证绿色债,CSI Green Bond Index,CSI Green Bond,,,,99.06,,0.03,0.0,0.0,,,2017-05-26,中证绿色债券指数
2017-05-31,931145,中证绿色债券指数,中证绿色债,CSI Green Bond Index,CSI Green Bond,,,,99.14,,0.09,0.0,0.0,,,2017-05-31,中证绿色债券指数
2017-06-01,931145,中证绿色债券指数,中证绿色债,CSI Green Bond Index,CSI Green Bond,,,,99.18,,0.04,0.0,0.0,,,2017-06-01,中证绿色债券指数
2017-06-02,931145,中证绿色债券指数,中证绿色债,CSI Green Bond Index,CSI Green Bond,,,,99.2,,0.02,0.0,0.0,,,2017-06-02,中证绿色债券指数
2017-06-05,931145,中证绿色债券指数,中证绿色债,CSI Green Bond Index,CSI Green Bond,,,,99.25,,0.05,0.0,0.0,,,2017-06-05,中证绿色债券指数
2017-06-06,931145,中证绿色债券指数,中证绿色债,CSI Green Bond Index,CSI Green Bond,,,,99.27,,0.02,0.0,0.0,,,2017-06-06,中证绿色债券指数
2017-06-07,931145,中证绿色债券指数,中证绿色债,CSI Green Bond Index,CSI Green Bond,,,,99.27,,0.0,0.0,0.0,,,2017-06-07,中证绿色债券指数
2017-06-08,931145,中证绿色债券指数,中证绿色债,CSI Green Bond Index,CSI Green Bond,,,,99.27,,0.0,0.0,0.0,,,2017-06-08,中证绿色债券指数
2017-06-09,931145,中证绿色债券指数,中证绿色债,CSI Green Bond Index,CSI Green Bond,,,,99.3,,0.03,0.0,0.0,,,2017-06-09,中证绿色债券指数
2017-06-12,931145,中证绿色债券指数,中证绿色债,CSI Green Bond Index,CSI Green Bond,,,,99.39,,0.09,0.0,0.0,,,2017-06-12,中证绿色债券指数
2017-06-13,931145,中证绿色债券指数,中证绿色债,CSI Green Bond Index,CSI Green Bond,,,,99.5,,0.12,0.0,0.0,,,2017-06-13,中证绿色债券指数
2017-06-14,931145,中证绿色债券指数,中证绿色债,CSI Green Bond Index,CSI Green Bond,,,,99.57,,0.07,0.0,0.0,,,2017-06-14,中证绿色债券指数
2017-06-15,931145,中证绿色债券指数,中证绿色债,CSI Green Bond Index,CSI Green Bond,,,,99.67,,0.1,0.0,0.0,,,2017-06-15,中证绿色债券指数
2017-06-16,931145,中证绿色债券指数,中证绿色债,CSI Green Bond Index,CSI Green Bond,,,,99.68,,0.01,0.0,0.0,,,2017-06-16,中证绿色债券指数
2017-06-19,931145,中证绿色债券指数,中证绿色债,CSI Green Bond Index,CSI Green Bond,,,,99.82,,0.14,0.0,0.0,,,2017-06-19,中证绿色债券指数
2017-06-20,931145,中证绿色债券指数,中证绿色债,CSI Green Bond Index,CSI Green Bond,,,,99.95,,0.13,0.0,0.0,,,2017-06-20,中证绿色债券指数
2017-06-21,931145,中证绿色债券指数,中证绿色债,CSI Green Bond Index,CSI Green Bond,,,,100.01,,0.06,0.0,0.0,,,2017-06-21,中证绿色债券指数
2017-06-22,931145,中证绿色债券指数,中证绿色债,CSI Green Bond Index,CSI Green Bond,,,,100.1,,0.09,0.0,0.0,,,2017-06-22,中证绿色债券指数
2017-06-23,931145,中证绿色债券指数,中证绿色债,CSI Green Bond Index,CSI Green Bond,,,,100.01,,-0.09,0.0,0.0,,,2017-06-23,中证绿色债券指数
2017-06-26,931145,中证绿色债券指数,中证绿色债,CSI Green Bond Index,CSI Green Bond,,,,100.13,,0.13,0.0,0.0,,,2017-06-26,中证绿色债券指数
2017-06-27,931145,中证绿色债券指数,中证绿色债,CSI Green Bond Index,CSI Green Bond,,,,100.2,,0.07,0.0,0.0,,,2017-06-27,中证绿色债券指数
2017-06-28,931145,中证绿色债券指数,中证绿色债,CSI Green Bond Index,CSI Green Bond,,,,100.29,,0.09,0.0,0.0,,,2017-06-28,中证绿色债券指数
2017-06-29,931145,中证绿色债券指数,中证绿色债,CSI Green Bond Index,CSI Green Bond,,,,100.33,,0.05,0.0,0.0,,,2017-06-29,中证绿色债券指数
2017-06-30,931145,中证绿色债券指数,中证绿色债,CSI Green Bond Index,CSI Green Bond,,,,100.4,,0.06,0.0,0.0,,,2017-06-30,中证绿色债券指数
2017-07-03,931145,中证绿色债券指数,中证绿色债,CSI Green Bond Index,CSI Green Bond,,,,100.38,,-0.02,0.0,0.0,,,2017-07-03,中证绿色债券指数
2017-07-04,931145,中证绿色债券指数,中证绿色债,CSI Green Bond Index,CSI Green Bond,,,,100.41,,0.04,0.0,0.0,,,2017-07-04,中证绿色债券指数
2017-07-05,931145,中证绿色债券指数,中证绿色债,CSI Green Bond Index,CSI Green Bond,,,,100.42,,0.0,0.0,0.0,,,2017-07-05,中证绿色债券指数
2017-07-06,931145,中证绿色债券指数,中证绿色债,CSI Green Bond Index,CSI Green Bond,,,,100.5,,0.09,0.0,0.0,,,2017-07-06,中证绿色债券指数
2017-07-07,931145,中证绿色债券指数,中证绿色债,CSI Green Bond Index,CSI Green Bond,,,,100.53,,0.02,0.0,0.0,,,2017-07-07,中证绿色债券指数
2017-07-10,931145,中证绿色债券指数,中证绿色债,CSI Green Bond Index,CSI Green Bond,,,,100.58,,0.06,0.0,0.0,,,2017-07-10,中证绿色债券指数
2017-07-11,931145,中证绿色债券指数,中证绿色债,CSI Green Bond Index,CSI Green Bond,,,,100.58,,0.0,0.0,0.0,,,2017-07-11,中证绿色债券指数
2017-07-12,931145,中证绿色债券指数,中证绿色债,CSI Green Bond Index,CSI Green Bond,,,,100.61,,0.02,0.0,0.0,,,2017-07-12,中证绿色债券指数
2017-07-13,931145,中证绿色债券指数,中证绿色债,CSI Green Bond Index,CSI Green Bond,,,,100.63,,0.03,0.0,0.0,,,2017-07-13,中证绿色债券指数
2017-07-14,931145,中证绿色债券指数,中证绿色债,CSI Green Bond Index,CSI Green Bond,,,,100.68,,0.04,0.0,0.0,,,2017-07-14,中证绿色债券指数
2017-07-17,931145,中证绿色债券指数,中证绿色债,CSI Green Bond Index,CSI Green Bond,,,,100.77,,0.09,0.0,0.0,,,2017-07-17,中证绿色债券指数
2017-07-18,931145,中证绿色债券指数,中证绿色债,CSI Green Bond Index,CSI Green Bond,,,,100.75,,-0.01,0.0,0.0,,,2017-07-18,中证绿色债券指数
2017-07-19,931145,中证绿色债券指数,中证绿色债,CSI Green Bond Index,CSI Green Bond,,,,100.74,,-0.01,0.0,0.0,,,2017-07-19,中证绿色债券指数
2017-07-20,931145,中证绿色债券指数,中证绿色债,CSI Green Bond Index,CSI Green Bond,,,,100.78,,0.04,0.0,0.0,,,2017-07-20,中证绿色债券指数
2017-07-21,931145,中证绿色债券指数,中证绿色债,CSI Green Bond Index,CSI Green Bond,,,,100.8,,0.03,0.0,0.0,,,2017-07-21,中证绿色债券指数
2017-07-24,931145,中证绿色债券指数,中证绿色债,CSI Green Bond Index,CSI Green Bond,,,,100.86,,0.05,0.0,0.0,,,2017-07-24,中证绿色债券指数
2017-07-25,931145,中证绿色债券指数,中证绿色债,CSI Green Bond Index,CSI Green Bond,,,,100.86,,0.0,0.0,0.0,,,2017-07-25,中证绿色债券指数
2017-07-26,931145,中证绿色债券指数,中证绿色债,CSI Green Bond Index,CSI Green Bond,,,,100.85,,-0.01,0.0,0.0,,,2017-07-26,中证绿色债券指数
2017-07-27,931145,中证绿色债券指数,中证绿色债,CSI Green Bond Index,CSI Green Bond,,,,100.86,,0.01,0.0,0.0,,,2017-07-27,中证绿色债券指数
2017-07-28,931145,中证绿色债券指数,中证绿色债,CSI Green Bond Index,CSI Green Bond,,,,100.92,,0.06,0.0,0.0,,,2017-07-28,中证绿色债券指数
2017-07-31,931145,中证绿色债券指数,中证绿色债,CSI Green Bond Index,CSI Green Bond,,,,100.92,,0.0,0.0,0.0,,,2017-07-31,中证绿色债券指数
2017-08-01,931145,中证绿色债券指数,中证绿色债,CSI Green Bond Index,CSI Green Bond,,,,100.9,,-0.02,0.0,0.0,,,2017-08-01,中证绿色债券指数
2017-08-02,931145,中证绿色债券指数,中证绿色债,CSI Green Bond Index,CSI Green Bond,,,,100.9,,0.0,0.0,0.0,,,2017-08-02,中证绿色债券指数
2017-08-03,931145,中证绿色债券指数,中证绿色债,CSI Green Bond Index,CSI Green Bond,,,,100.9,,0.0,0.0,0.0,,,2017-08-03,中证绿色债券指数
2017-08-04,931145,中证绿色债券指数,中证绿色债,CSI Green Bond Index,CSI Green Bond,,,,100.92,,0.02,0.0,0.0,,,2017-08-04,中证绿色债券指数
2017-08-07,931145,中证绿色债券指数,中证绿色债,CSI Green Bond Index,CSI Green Bond,,,,100.93,,0.01,0.0,0.0,,,2017-08-07,中证绿色债券指数
2017-08-08,931145,中证绿色债券指数,中证绿色债,CSI Green Bond Index,CSI Green Bond,,,,100.87,,-0.06,0.0,0.0,,,2017-08-08,中证绿色债券指数
2017-08-09,931145,中证绿色债券指数,中证绿色债,CSI Green Bond Index,CSI Green Bond,,,,100.85,,-0.02,0.0,0.0,,,2017-08-09,中证绿色债券指数
2017-08-10,931145,中证绿色债券指数,中证绿色债,CSI Green Bond Index,CSI Green Bond,,,,100.85,,0.0,0.0,0.0,,,2017-08-10,中证绿色债券指数
2017-08-11,931145,中证绿色债券指数,中证绿色债,CSI Green Bond Index,CSI Green Bond,,,,100.89,,0.04,0.0,0.0,,,2017-08-11,中证绿色债券指数
2017-08-14,931145,中证绿色债券指数,中证绿色债,CSI Green Bond Index,CSI Green Bond,,,,100.95,,0.06,0.0,0.0,,,2017-08-14,中证绿色债券指数
2017-08-15,931145,中证绿色债券指数,中证绿色债,CSI Green Bond Index,CSI Green Bond,,,,100.99,,0.04,0.0,0.0,,,2017-08-15,中证绿色债券指数
2017-08-16,931145,中证绿色债券指数,中证绿色债,CSI Green Bond Index,CSI Green Bond,,,,100.99,,0.0,0.0,0.0,,,2017-08-16,中证绿色债券指数
2017-08-17,931145,中证绿色债券指数,中证绿色债,CSI Green Bond Index,CSI Green Bond,,,,100.96,,-0.03,0.0,0.0,,,2017-08-17,中证绿色债券指数
2017-08-18,931145,中证绿色债券指数,中证绿色债,CSI Green Bond Index,CSI Green Bond,,,,100.97,,0.01,0.0,0.0,,,2017-08-18,中证绿色债券指数
2017-08-21,931145,中证绿色债券指数,中证绿色债,CSI Green Bond Index,CSI Green Bond,,,,101.0,,0.03,0.0,0.0,,,2017-08-21,中证绿色债券指数
2017-08-22,931145,中证绿色债券指数,中证绿色债,CSI Green Bond Index,CSI Green Bond,,,,100.99,,-0.02,0.0,0.0,,,2017-08-22,中证绿色债券指数
2017-08-23,931145,中证绿色债券指数,中证绿色债,CSI Green Bond Index,CSI Green Bond,,,,100.95,,-0.03,0.0,0.0,,,2017-08-23,中证绿色债券指数
2017-08-24,931145,中证绿色债券指数,中证绿色债,CSI Green Bond Index,CSI Green Bond,,,,100.89,,-0.07,0.0,0.0,,,2017-08-24,中证绿色债券指数
2017-08-25,931145,中证绿色债券指数,中证绿色债,CSI Green Bond Index,CSI Green Bond,,,,100.8,,-0.08,0.0,0.0,,,2017-08-25,中证绿色债券指数
2017-08-28,931145,中证绿色债券指数,中证绿色债,CSI Green Bond Index,CSI Green Bond,,,,100.86,,0.06,0.0,0.0,,,2017-08-28,中证绿色债券指数
2017-08-29,931145,中证绿色债券指数,中证绿色债,CSI Green Bond Index,CSI Green Bond,,,,100.78,,-0.08,0.0,0.0,,,2017-08-29,中证绿色债券指数
2017-08-30,931145,中证绿色债券指数,中证绿色债,CSI Green Bond Index,CSI Green Bond,,,,100.72,,-0.06,0.0,0.0,,,2017-08-30,中证绿色债券指数
2017-08-31,931145,中证绿色债券指数,中证绿色债,CSI Green Bond Index,CSI Green Bond,,,,100.71,,-0.01,0.0,0.0,,,2017-08-31,中证绿色债券指数
2017-09-01,931145,中证绿色债券指数,中证绿色债,CSI Green Bond Index,CSI Green Bond,,,,100.77,,0.06,0.0,0.0,,,2017-09-01,中证绿色债券指数
2017-09-04,931145,中证绿色债券指数,中证绿色债,CSI Green Bond Index,CSI Green Bond,,,,100.8,,0.04,0.0,0.0,,,2017-09-04,中证绿色债券指数
2017-09-05,931145,中证绿色债券指数,中证绿色债,CSI Green Bond Index,CSI Green Bond,,,,100.77,,-0.03,0.0,0.0,,,2017-09-05,中证绿色债券指数
2017-09-06,931145,中证绿色债券指数,中证绿色债,CSI Green Bond Index,CSI Green Bond,,,,100.8,,0.03,0.0,0.0,,,2017-09-06,中证绿色债券指数
2017-09-07,931145,中证绿色债券指数,中证绿色债,CSI Green Bond Index,CSI Green Bond,,,,100.8,,0.0,0.0,0.0,,,2017-09-07,中证绿色债券指数
2017-09-08,931145,中证绿色债券指数,中证绿色债,CSI Green Bond Index,CSI Green Bond,,,,100.86,,0.06,0.0,0.0,,,2017-09-08,中证绿色债券指数
2017-09-11,931145,中证绿色债券指数,中证绿色债,CSI Green Bond Index,CSI Green Bond,,,,100.95,,0.1,0.0,0.0,,,2017-09-11,中证绿色债券指数
2017-09-12,931145,中证绿色债券指数,中证绿色债,CSI Green Bond Index,CSI Green Bond,,,,100.96,,0.01,0.0,0.0,,,2017-09-12,中证绿色债券指数
2017-09-13,931145,中证绿色债券指数,中证绿色债,CSI Green Bond Index,CSI Green Bond,,,,100.96,,0.0,0.0,0.0,,,2017-09-13,中证绿色债券指数
2017-09-14,931145,中证绿色债券指数,中证绿色债,CSI Green Bond Index,CSI Green Bond,,,,101.01,,0.05,0.0,0.0,,,2017-09-14,中证绿色债券指数
2017-09-15,931145,中证绿色债券指数,中证绿色债,CSI Green Bond Index,CSI Green Bond,,,,101.02,,0.01,0.0,0.0,,,2017-09-15,中证绿色债券指数
2017-09-18,931145,中证绿色债券指数,中证绿色债,CSI Green Bond Index,CSI Green Bond,,,,101.06,,0.04,0.0,0.0,,,2017-09-18,中证绿色债券指数
2017-09-19,931145,中证绿色债券指数,中证绿色债,CSI Green Bond Index,CSI Green Bond,,,,101.06,,0.01,0.0,0.0,,,2017-09-19,中证绿色债券指数
2017-09-20,931145,中证绿色债券指数,中证绿色债,CSI Green Bond Index,CSI Green Bond,,,,101.11,,0.04,0.0,0.0,,,2017-09-20,中证绿色债券指数
2017-09-21,931145,中证绿色债券指数,中证绿色债,CSI Green Bond Index,CSI Green Bond,,,,101.11,,0.01,0.0,0.0,,,2017-09-21,中证绿色债券指数
2017-09-22,931145,中证绿色债券指数,中证绿色债,CSI Green Bond Index,CSI Green Bond,,,,101.07,,-0.04,0.0,0.0,,,2017-09-22,中证绿色债券指数
2017-09-25,931145,中证绿色债券指数,中证绿色债,CSI Green Bond Index,CSI Green Bond,,,,101.15,,0.07,0.0,0.0,,,2017-09-25,中证绿色债券指数
2017-09-26,931145,中证绿色债券指数,中证绿色债,CSI Green Bond Index,CSI Green Bond,,,,101.19,,0.04,0.0,0.0,,,2017-09-26,中证绿色债券指数
2017-09-27,931145,中证绿色债券指数,中证绿色债,CSI Green Bond Index,CSI Green Bond,,,,101.17,,-0.02,0.0,0.0,,,2017-09-27,中证绿色债券指数
2017-09-28,931145,中证绿色债券指数,中证绿色债,CSI Green Bond Index,CSI Green Bond,,,,101.17,,0.01,0.0,0.0,,,2017-09-28,中证绿色债券指数
2017-09-29,931145,中证绿色债券指数,中证绿色债,CSI Green Bond Index,CSI Green Bond,,,,101.21,,0.04,0.0,0.0,,,2017-09-29,中证绿色债券指数
2017-10-09,931145,中证绿色债券指数,中证绿色债,CSI Green Bond Index,CSI Green Bond,,,,101.34,,0.13,0.0,0.0,,,2017-10-09,中证绿色债券指数
2017-10-10,931145,中证绿色债券指数,中证绿色债,CSI Green Bond Index,CSI Green Bond,,,,101.32,,-0.02,0.0,0.0,,,2017-10-10,中证绿色债券指数
2017-10-11,931145,中证绿色债券指数,中证绿色债,CSI Green Bond Index,CSI Green Bond,,,,101.31,,-0.01,0.0,0.0,,,2017-10-11,中证绿色债券指数
2017-10-12,931145,中证绿色债券指数,中证绿色债,CSI Green Bond Index,CSI Green Bond,,,,101.32,,0.01,0.0,0.0,,,2017-10-12,中证绿色债券指数
2017-10-13,931145,中证绿色债券指数,中证绿色债,CSI Green Bond Index,CSI Green Bond,,,,101.32,,0.0,0.0,0.0,,,2017-10-13,中证绿色债券指数
2017-10-16,931145,中证绿色债券指数,中证绿色债,CSI Green Bond Index,CSI Green Bond,,,,101.28,,-0.04,0.0,0.0,,,2017-10-16,中证绿色债券指数
2017-10-17,931145,中证绿色债券指数,中证绿色债,CSI Green Bond Index,CSI Green Bond,,,,101.22,,-0.07,0.0,0.0,,,2017-10-17,中证绿色债券指数
2017-10-18,931145,中证绿色债券指数,中证绿色债,CSI Green Bond Index,CSI Green Bond,,,,101.21,,-0.01,0.0,0.0,,,2017-10-18,中证绿色债券指数
2017-10-19,931145,中证绿色债券指数,中证绿色债,CSI Green Bond Index,CSI Green Bond,,,,101.25,,0.04,0.0,0.0,,,2017-10-19,中证绿色债券指数
2017-10-20,931145,中证绿色债券指数,中证绿色债,CSI Green Bond Index,CSI Green Bond,,,,101.28,,0.02,0.0,0.0,,,2017-10-20,中证绿色债券指数
2017-10-23,931145,中证绿色债券指数,中证绿色债,CSI Green Bond Index,CSI Green Bond,,,,101.32,,0.04,0.0,0.0,,,2017-10-23,中证绿色债券指数
2017-10-24,931145,中证绿色债券指数,中证绿色债,CSI Green Bond Index,CSI Green Bond,,,,101.34,,0.02,0.0,0.0,,,2017-10-24,中证绿色债券指数
2017-10-25,931145,中证绿色债券指数,中证绿色债,CSI Green Bond Index,CSI Green Bond,,,,101.3,,-0.04,0.0,0.0,,,2017-10-25,中证绿色债券指数
2017-10-26,931145,中证绿色债券指数,中证绿色债,CSI Green Bond Index,CSI Green Bond,,,,101.29,,-0.01,0.0,0.0,,,2017-10-26,中证绿色债券指数
2017-10-27,931145,中证绿色债券指数,中证绿色债,CSI Green Bond Index,CSI Green Bond,,,,101.26,,-0.02,0.0,0.0,,,2017-10-27,中证绿色债券指数
2017-10-30,931145,中证绿色债券指数,中证绿色债,CSI Green Bond Index,CSI Green Bond,,,,101.07,,-0.19,0.0,0.0,,,2017-10-30,中证绿色债券指数
2017-10-31,931145,中证绿色债券指数,中证绿色债,CSI Green Bond Index,CSI Green Bond,,,,101.04,,-0.03,0.0,0.0,,,2017-10-31,中证绿色债券指数
2017-11-01,931145,中证绿色债券指数,中证绿色债,CSI Green Bond Index,CSI Green Bond,,,,101.09,,0.05,0.0,0.0,,,2017-11-01,中证绿色债券指数
2017-11-02,931145,中证绿色债券指数,中证绿色债,CSI Green Bond Index,CSI Green Bond,,,,101.1,,0.01,0.0,0.0,,,2017-11-02,中证绿色债券指数
2017-11-03,931145,中证绿色债券指数,中证绿色债,CSI Green Bond Index,CSI Green Bond,,,,101.1,,0.0,0.0,0.0,,,2017-11-03,中证绿色债券指数
2017-11-06,931145,中证绿色债券指数,中证绿色债,CSI Green Bond Index,CSI Green Bond,,,,101.12,,0.02,0.0,0.0,,,2017-11-06,中证绿色债券指数
2017-11-07,931145,中证绿色债券指数,中证绿色债,CSI Green Bond Index,CSI Green Bond,,,,101.13,,0.01,0.0,0.0,,,2017-11-07,中证绿色债券指数
2017-11-08,931145,中证绿色债券指数,中证绿色债,CSI Green Bond Index,CSI Green Bond,,,,101.08,,-0.06,0.0,0.0,,,2017-11-08,中证绿色债券指数
2017-11-09,931145,中证绿色债券指数,中证绿色债,CSI Green Bond Index,CSI Green Bond,,,,101.07,,0.0,0.0,0.0,,,2017-11-09,中证绿色债券指数
2017-11-10,931145,中证绿色债券指数,中证绿色债,CSI Green Bond Index,CSI Green Bond,,,,101.09,,0.01,0.0,0.0,,,2017-11-10,中证绿色债券指数
2017-11-13,931145,中证绿色债券指数,中证绿色债,CSI Green Bond Index,CSI Green Bond,,,,101.04,,-0.05,0.0,0.0,,,2017-11-13,中证绿色债券指数
2017-11-14,931145,中证绿色债券指数,中证绿色债,CSI Green Bond Index,CSI Green Bond,,,,100.93,,-0.11,0.0,0.0,,,2017-11-14,中证绿色债券指数
2017-11-15,931145,中证绿色债券指数,中证绿色债,CSI Green Bond Index,CSI Green Bond,,,,100.87,,-0.06,0.0,0.0,,,2017-11-15,中证绿色债券指数
2017-11-16,931145,中证绿色债券指数,中证绿色债,CSI Green Bond Index,CSI Green Bond,,,,100.84,,-0.03,0.0,0.0,,,2017-11-16,中证绿色债券指数
2017-11-17,931145,中证绿色债券指数,中证绿色债,CSI Green Bond Index,CSI Green Bond,,,,100.85,,0.0,0.0,0.0,,,2017-11-17,中证绿色债券指数
2017-11-20,931145,中证绿色债券指数,中证绿色债,CSI Green Bond Index,CSI Green Bond,,,,100.87,,0.03,0.0,0.0,,,2017-11-20,中证绿色债券指数
2017-11-21,931145,中证绿色债券指数,中证绿色债,CSI Green Bond Index,CSI Green Bond,,,,100.83,,-0.04,0.0,0.0,,,2017-11-21,中证绿色债券指数
2017-11-22,931145,中证绿色债券指数,中证绿色债,CSI Green Bond Index,CSI Green Bond,,,,100.72,,-0.11,0.0,0.0,,,2017-11-22,中证绿色债券指数
2017-11-23,931145,中证绿色债券指数,中证绿色债,CSI Green Bond Index,CSI Green Bond,,,,100.55,,-0.17,0.0,0.0,,,2017-11-23,中证绿色债券指数
2017-11-24,931145,中证绿色债券指数,中证绿色债,CSI Green Bond Index,CSI Green Bond,,,,100.55,,0.0,0.0,0.0,,,2017-11-24,中证绿色债券指数
2017-11-27,931145,中证绿色债券指数,中证绿色债,CSI Green Bond Index,CSI Green Bond,,,,100.59,,0.05,0.0,0.0,,,2017-11-27,中证绿色债券指数
2017-11-28,931145,中证绿色债券指数,中证绿色债,CSI Green Bond Index,CSI Green Bond,,,,100.57,,-0.03,0.0,0.0,,,2017-11-28,中证绿色债券指数
2017-11-29,931145,中证绿色债券指数,中证绿色债,CSI Green Bond Index,CSI Green Bond,,,,100.55,,-0.01,0.0,0.0,,,2017-11-29,中证绿色债券指数
2017-11-30,931145,中证绿色债券指数,中证绿色债,CSI Green Bond Index,CSI Green Bond,,,,100.55,,0.0,0.0,0.0,,,2017-11-30,中证绿色债券指数
2017-12-01,931145,中证绿色债券指数,中证绿色债,CSI Green Bond Index,CSI Green Bond,,,,100.58,,0.03,0.0,0.0,,,2017-12-01,中证绿色债券指数
2017-12-04,931145,中证绿色债券指数,中证绿色债,CSI Green Bond Index,CSI Green Bond,,,,100.62,,0.04,0.0,0.0,,,2017-12-04,中证绿色债券指数
2017-12-05,931145,中证绿色债券指数,中证绿色债,CSI Green Bond Index,CSI Green Bond,,,,100.67,,0.05,0.0,0.0,,,2017-12-05,中证绿色债券指数
2017-12-06,931145,中证绿色债券指数,中证绿色债,CSI Green Bond Index,CSI Green Bond,,,,100.69,,0.02,0.0,0.0,,,2017-12-06,中证绿色债券指数
2017-12-07,931145,中证绿色债券指数,中证绿色债,CSI Green Bond Index,CSI Green Bond,,,,100.73,,0.04,0.0,0.0,,,2017-12-07,中证绿色债券指数
2017-12-08,931145,中证绿色债券指数,中证绿色债,CSI Green Bond Index,CSI Green Bond,,,,100.75,,0.03,0.0,0.0,,,2017-12-08,中证绿色债券指数
2017-12-11,931145,中证绿色债券指数,中证绿色债,CSI Green Bond Index,CSI Green Bond,,,,100.78,,0.03,0.0,0.0,,,2017-12-11,中证绿色债券指数
2017-12-12,931145,中证绿色债券指数,中证绿色债,CSI Green Bond Index,CSI Green Bond,,,,100.78,,0.01,0.0,0.0,,,2017-12-12,中证绿色债券指数
2017-12-13,931145,中证绿色债券指数,中证绿色债,CSI Green Bond Index,CSI Green Bond,,,,100.78,,-0.01,0.0,0.0,,,2017-12-13,中证绿色债券指数
2017-12-14,931145,中证绿色债券指数,中证绿色债,CSI Green Bond Index,CSI Green Bond,,,,100.8,,0.02,0.0,0.0,,,2017-12-14,中证绿色债券指数
2017-12-15,931145,中证绿色债券指数,中证绿色债,CSI Green Bond Index,CSI Green Bond,,,,100.77,,-0.02,0.0,0.0,,,2017-12-15,中证绿色债券指数
2017-12-18,931145,中证绿色债券指数,中证绿色债,CSI Green Bond Index,CSI Green Bond,,,,100.84,,0.07,0.0,0.0,,,2017-12-18,中证绿色债券指数
2017-12-19,931145,中证绿色债券指数,中证绿色债,CSI Green Bond Index,CSI Green Bond,,,,100.85,,0.0,0.0,0.0,,,2017-12-19,中证绿色债券指数
2017-12-20,931145,中证绿色债券指数,中证绿色债,CSI Green Bond Index,CSI Green Bond,,,,100.85,,0.0,0.0,0.0,,,2017-12-20,中证绿色债券指数
2017-12-21,931145,中证绿色债券指数,中证绿色债,CSI Green Bond Index,CSI Green Bond,,,,100.87,,0.03,0.0,0.0,,,2017-12-21,中证绿色债券指数
2017-12-22,931145,中证绿色债券指数,中证绿色债,CSI Green Bond Index,CSI Green Bond,,,,100.83,,-0.04,0.0,0.0,,,2017-12-22,中证绿色债券指数
2017-12-25,931145,中证绿色债券指数,中证绿色债,CSI Green Bond Index,CSI Green Bond,,,,100.88,,0.06,0.0,0.0,,,2017-12-25,中证绿色债券指数
2017-12-26,931145,中证绿色债券指数,中证绿色债,CSI Green Bond Index,CSI Green Bond,,,,100.89,,0.0,0.0,0.0,,,2017-12-26,中证绿色债券指数
2017-12-27,931145,中证绿色债券指数,中证绿色债,CSI Green Bond Index,CSI Green Bond,,,,100.89,,0.0,0.0,0.0,,,2017-12-27,中证绿色债券指数
2017-12-28,931145,中证绿色债券指数,中证绿色债,CSI Green Bond Index,CSI Green Bond,,,,100.86,,-0.03,0.0,0.0,,,2017-12-28,中证绿色债券指数
2017-12-29,931145,中证绿色债券指数,中证绿色债,CSI Green Bond Index,CSI Green Bond,,,,100.85,,-0.01,0.0,0.0,,,2017-12-29,中证绿色债券指数
2018-01-02,931145,中证绿色债券指数,中证绿色债,CSI Green Bond Index,CSI Green Bond,,,,100.99,,0.14,0.0,0.0,,,2018-01-02,中证绿色债券指数
2018-01-03,931145,中证绿色债券指数,中证绿色债,CSI Green Bond Index,CSI Green Bond,,,,101.01,,0.02,0.0,0.0,,,2018-01-03,中证绿色债券指数
2018-01-04,931145,中证绿色债券指数,中证绿色债,CSI Green Bond Index,CSI Green Bond,,,,101.03,,0.02,0.0,0.0,,,2018-01-04,中证绿色债券指数
2018-01-05,931145,中证绿色债券指数,中证绿色债,CSI Green Bond Index,CSI Green Bond,,,,101.05,,0.02,0.0,0.0,,,2018-01-05,中证绿色债券指数
2018-01-08,931145,中证绿色债券指数,中证绿色债,CSI Green Bond Index,CSI Green Bond,,,,101.14,,0.1,0.0,0.0,,,2018-01-08,中证绿色债券指数
2018-01-09,931145,中证绿色债券指数,中证绿色债,CSI Green Bond Index,CSI Green Bond,,,,101.15,,0.01,0.0,0.0,,,2018-01-09,中证绿色债券指数
2018-01-10,931145,中证绿色债券指数,中证绿色债,CSI Green Bond Index,CSI Green Bond,,,,101.13,,-0.03,0.0,0.0,,,2018-01-10,中证绿色债券指数
2018-01-11,931145,中证绿色债券指数,中证绿色债,CSI Green Bond Index,CSI Green Bond,,,,101.02,,-0.1,0.0,0.0,,,2018-01-11,中证绿色债券指数
2018-01-12,931145,中证绿色债券指数,中证绿色债,CSI Green Bond Index,CSI Green Bond,,,,100.98,,-0.04,0.0,0.0,,,2018-01-12,中证绿色债券指数
2018-01-15,931145,中证绿色债券指数,中证绿色债,CSI Green Bond Index,CSI Green Bond,,,,101.02,,0.04,0.0,0.0,,,2018-01-15,中证绿色债券指数
2018-01-16,931145,中证绿色债券指数,中证绿色债,CSI Green Bond Index,CSI Green Bond,,,,101.0,,-0.02,0.0,0.0,,,2018-01-16,中证绿色债券指数
2018-01-17,931145,中证绿色债券指数,中证绿色债,CSI Green Bond Index,CSI Green Bond,,,,101.02,,0.02,0.0,0.0,,,2018-01-17,中证绿色债券指数
2018-01-18,931145,中证绿色债券指数,中证绿色债,CSI Green Bond Index,CSI Green Bond,,,,100.94,,-0.09,0.0,0.0,,,2018-01-18,中证绿色债券指数
2018-01-19,931145,中证绿色债券指数,中证绿色债,CSI Green Bond Index,CSI Green Bond,,,,100.97,,0.03,0.0,0.0,,,2018-01-19,中证绿色债券指数
2018-01-22,931145,中证绿色债券指数,中证绿色债,CSI Green Bond Index,CSI Green Bond,,,,101.02,,0.05,0.0,0.0,,,2018-01-22,中证绿色债券指数
2018-01-23,931145,中证绿色债券指数,中证绿色债,CSI Green Bond Index,CSI Green Bond,,,,101.05,,0.03,0.0,0.0,,,2018-01-23,中证绿色债券指数
2018-01-24,931145,中证绿色债券指数,中证绿色债,CSI Green Bond Index,CSI Green Bond,,,,101.08,,0.03,0.0,0.0,,,2018-01-24,中证绿色债券指数
2018-01-25,931145,中证绿色债券指数,中证绿色债,CSI Green Bond Index,CSI Green Bond,,,,101.11,,0.03,0.0,0.0,,,2018-01-25,中证绿色债券指数
2018-01-26,931145,中证绿色债券指数,中证绿色债,CSI Green Bond Index,CSI Green Bond,,,,101.17,,0.06,0.0,0.0,,,2018-01-26,中证绿色债券指数
2018-01-29,931145,中证绿色债券指数,中证绿色债,CSI Green Bond Index,CSI Green Bond,,,,101.2,,0.03,0.0,0.0,,,2018-01-29,中证绿色债券指数
2018-01-30,931145,中证绿色债券指数,中证绿色债,CSI Green Bond Index,CSI Green Bond,,,,101.2,,0.0,0.0,0.0,,,2018-01-30,中证绿色债券指数
2018-01-31,931145,中证绿色债券指数,中证绿色债,CSI Green Bond Index,CSI Green Bond,,,,101.23,,0.04,0.0,0.0,,,2018-01-31,中证绿色债券指数
2018-02-01,931145,中证绿色债券指数,中证绿色债,CSI Green Bond Index,CSI Green Bond,,,,101.28,,0.05,0.0,0.0,,,2018-02-01,中证绿色债券指数
2018-02-02,931145,中证绿色债券指数,中证绿色债,CSI Green Bond Index,CSI Green Bond,,,,101.34,,0.06,0.0,0.0,,,2018-02-02,中证绿色债券指数
2018-02-05,931145,中证绿色债券指数,中证绿色债,CSI Green Bond Index,CSI Green Bond,,,,101.4,,0.05,0.0,0.0,,,2018-02-05,中证绿色债券指数
2018-02-06,931145,中证绿色债券指数,中证绿色债,CSI Green Bond Index,CSI Green Bond,,,,101.45,,0.06,0.0,0.0,,,2018-02-06,中证绿色债券指数
2018-02-07,931145,中证绿色债券指数,中证绿色债,CSI Green Bond Index,CSI Green Bond,,,,101.49,,0.03,0.0,0.0,,,2018-02-07,中证绿色债券指数
2018-02-08,931145,中证绿色债券指数,中证绿色债,CSI Green Bond Index,CSI Green Bond,,,,101.55,,0.06,0.0,0.0,,,2018-02-08,中证绿色债券指数
2018-02-09,931145,中证绿色债券指数,中证绿色债,CSI Green Bond Index,CSI Green Bond,,,,101.55,,0.0,0.0,0.0,,,2018-02-09,中证绿色债券指数
2018-02-12,931145,中证绿色债券指数,中证绿色债,CSI Green Bond Index,CSI Green Bond,,,,101.6,,0.05,0.0,0.0,,,2018-02-12,中证绿色债券指数
2018-02-13,931145,中证绿色债券指数,中证绿色债,CSI Green Bond Index,CSI Green Bond,,,,101.63,,0.03,0.0,0.0,,,2018-02-13,中证绿色债券指数
2018-02-14,931145,中证绿色债券指数,中证绿色债,CSI Green Bond Index,CSI Green Bond,,,,101.69,,0.06,0.0,0.0,,,2018-02-14,中证绿色债券指数
2018-02-22,931145,中证绿色债券指数,中证绿色债,CSI Green Bond Index,CSI Green Bond,,,,101.75,,0.05,0.0,0.0,,,2018-02-22,中证绿色债券指数
2018-02-23,931145,中证绿色债券指数,中证绿色债,CSI Green Bond Index,CSI Green Bond,,,,101.76,,0.02,0.0,0.0,,,2018-02-23,中证绿色债券指数
2018-02-26,931145,中证绿色债券指数,中证绿色债,CSI Green Bond Index,CSI Green Bond,,,,101.9,,0.13,0.0,0.0,,,2018-02-26,中证绿色债券指数
2018-02-27,931145,中证绿色债券指数,中证绿色债,CSI Green Bond Index,CSI Green Bond,,,,101.96,,0.06,0.0,0.0,,,2018-02-27,中证绿色债券指数
2018-02-28,931145,中证绿色债券指数,中证绿色债,CSI Green Bond Index,CSI Green Bond,,,,101.99,,0.03,0.0,0.0,,,2018-02-28,中证绿色债券指数
2018-03-01,931145,中证绿色债券指数,中证绿色债,CSI Green Bond Index,CSI Green Bond,,,,102.01,,0.02,0.0,0.0,,,2018-03-01,中证绿色债券指数
2018-03-02,931145,中证绿色债券指数,中证绿色债,CSI Green Bond Index,CSI Green Bond,,,,102.02,,0.01,0.0,0.0,,,2018-03-02,中证绿色债券指数
2018-03-05,931145,中证绿色债券指数,中证绿色债,CSI Green Bond Index,CSI Green Bond,,,,102.05,,0.03,0.0,0.0,,,2018-03-05,中证绿色债券指数
2018-03-06,931145,中证绿色债券指数,中证绿色债,CSI Green Bond Index,CSI Green Bond,,,,102.09,,0.04,0.0,0.0,,,2018-03-06,中证绿色债券指数
2018-03-07,931145,中证绿色债券指数,中证绿色债,CSI Green Bond Index,CSI Green Bond,,,,102.09,,0.0,0.0,0.0,,,2018-03-07,中证绿色债券指数
2018-03-08,931145,中证绿色债券指数,中证绿色债,CSI Green Bond Index,CSI Green Bond,,,,102.13,,0.04,0.0,0.0,,,2018-03-08,中证绿色债券指数
2018-03-09,931145,中证绿色债券指数,中证绿色债,CSI Green Bond Index,CSI Green Bond,,,,102.14,,0.02,0.0,0.0,,,2018-03-09,中证绿色债券指数
2018-03-12,931145,中证绿色债券指数,中证绿色债,CSI Green Bond Index,CSI Green Bond,,,,102.18,,0.04,0.0,0.0,,,2018-03-12,中证绿色债券指数
2018-03-13,931145,中证绿色债券指数,中证绿色债,CSI Green Bond Index,CSI Green Bond,,,,102.19,,0.01,0.0,0.0,,,2018-03-13,中证绿色债券指数
2018-03-14,931145,中证绿色债券指数,中证绿色债,CSI Green Bond Index,CSI Green Bond,,,,102.19,,0.01,0.0,0.0,,,2018-03-14,中证绿色债券指数
2018-03-15,931145,中证绿色债券指数,中证绿色债,CSI Green Bond Index,CSI Green Bond,,,,102.24,,0.04,0.0,0.0,,,2018-03-15,中证绿色债券指数
2018-03-16,931145,中证绿色债券指数,中证绿色债,CSI Green Bond Index,CSI Green Bond,,,,102.26,,0.02,0.0,0.0,,,2018-03-16,中证绿色债券指数
2018-03-19,931145,中证绿色债券指数,中证绿色债,CSI Green Bond Index,CSI Green Bond,,,,102.31,,0.05,0.0,0.0,,,2018-03-19,中证绿色债券指数
2018-03-20,931145,中证绿色债券指数,中证绿色债,CSI Green Bond Index,CSI Green Bond,,,,102.35,,0.04,0.0,0.0,,,2018-03-20,中证绿色债券指数
2018-03-21,931145,中证绿色债券指数,中证绿色债,CSI Green Bond Index,CSI Green Bond,,,,102.4,,0.04,0.0,0.0,,,2018-03-21,中证绿色债券指数
2018-03-22,931145,中证绿色债券指数,中证绿色债,CSI Green Bond Index,CSI Green Bond,,,,102.53,,0.13,0.0,0.0,,,2018-03-22,中证绿色债券指数
2018-03-23,931145,中证绿色债券指数,中证绿色债,CSI Green Bond Index,CSI Green Bond,,,,102.77,,0.24,0.0,0.0,,,2018-03-23,中证绿色债券指数
2018-03-26,931145,中证绿色债券指数,中证绿色债,CSI Green Bond Index,CSI Green Bond,,,,102.79,,0.02,0.0,0.0,,,2018-03-26,中证绿色债券指数
2018-03-27,931145,中证绿色债券指数,中证绿色债,CSI Green Bond Index,CSI Green Bond,,,,102.79,,0.01,0.0,0.0,,,2018-03-27,中证绿色债券指数
2018-03-28,931145,中证绿色债券指数,中证绿色债,CSI Green Bond Index,CSI Green Bond,,,,102.81,,0.01,0.0,0.0,,,2018-03-28,中证绿色债券指数
2018-03-29,931145,中证绿色债券指数,中证绿色债,CSI Green Bond Index,CSI Green Bond,,,,102.85,,0.05,0.0,0.0,,,2018-03-29,中证绿色债券指数
2018-03-30,931145,中证绿色债券指数,中证绿色债,CSI Green Bond Index,CSI Green Bond,,,,102.94,,0.09,0.0,0.0,,,2018-03-30,中证绿色债券指数
2018-04-02,931145,中证绿色债券指数,中证绿色债,CSI Green Bond Index,CSI Green Bond,,,,103.0,,0.05,0.0,0.0,,,2018-04-02,中证绿色债券指数
2018-04-03,931145,中证绿色债券指数,中证绿色债,CSI Green Bond Index,CSI Green Bond,,,,103.09,,0.09,0.0,0.0,,,2018-04-03,中证绿色债券指数
2018-04-04,931145,中证绿色债券指数,中证绿色债,CSI Green Bond Index,CSI Green Bond,,,,103.2,,0.1,0.0,0.0,,,2018-04-04,中证绿色债券指数
2018-04-09,931145,中证绿色债券指数,中证绿色债,CSI Green Bond Index,CSI Green Bond,,,,103.42,,0.21,0.0,0.0,,,2018-04-09,中证绿色债券指数
2018-04-10,931145,中证绿色债券指数,中证绿色债,CSI Green Bond Index,CSI Green Bond,,,,103.44,,0.02,0.0,0.0,,,2018-04-10,中证绿色债券指数
2018-04-11,931145,中证绿色债券指数,中证绿色债,CSI Green Bond Index,CSI Green Bond,,,,103.42,,-0.02,0.0,0.0,,,2018-04-11,中证绿色债券指数
2018-04-12,931145,中证绿色债券指数,中证绿色债,CSI Green Bond Index,CSI Green Bond,,,,103.46,,0.04,0.0,0.0,,,2018-04-12,中证绿色债券指数
2018-04-13,931145,中证绿色债券指数,中证绿色债,CSI Green Bond Index,CSI Green Bond,,,,103.48,,0.02,0.0,0.0,,,2018-04-13,中证绿色债券指数
2018-04-16,931145,中证绿色债券指数,中证绿色债,CSI Green Bond Index,CSI Green Bond,,,,103.54,,0.06,0.0,0.0,,,2018-04-16,中证绿色债券指数
2018-04-17,931145,中证绿色债券指数,中证绿色债,CSI Green Bond Index,CSI Green Bond,,,,103.58,,0.04,0.0,0.0,,,2018-04-17,中证绿色债券指数
2018-04-18,931145,中证绿色债券指数,中证绿色债,CSI Green Bond Index,CSI Green Bond,,,,104.15,,0.54,0.0,0.0,,,2018-04-18,中证绿色债券指数
2018-04-19,931145,中证绿色债券指数,中证绿色债,CSI Green Bond Index,CSI Green Bond,,,,104.12,,-0.02,0.0,0.0,,,2018-04-19,中证绿色债券指数
2018-04-20,931145,中证绿色债券指数,中证绿色债,CSI Green Bond Index,CSI Green Bond,,,,104.08,,-0.04,0.0,0.0,,,2018-04-20,中证绿色债券指数
2018-04-23,931145,中证绿色债券指数,中证绿色债,CSI Green Bond Index,CSI Green Bond,,,,104.05,,-0.04,0.0,0.0,,,2018-04-23,中证绿色债券指数
2018-04-24,931145,中证绿色债券指数,中证绿色债,CSI Green Bond Index,CSI Green Bond,,,,103.98,,-0.06,0.0,0.0,,,2018-04-24,中证绿色债券指数
2018-04-25,931145,中证绿色债券指数,中证绿色债,CSI Green Bond Index,CSI Green Bond,,,,104.05,,0.07,0.0,0.0,,,2018-04-25,中证绿色债券指数
2018-04-26,931145,中证绿色债券指数,中证绿色债,CSI Green Bond Index,CSI Green Bond,,,,104.02,,-0.03,0.0,0.0,,,2018-04-26,中证绿色债券指数
2018-04-27,931145,中证绿色债券指数,中证绿色债,CSI Green Bond Index,CSI Green Bond,,,,103.97,,-0.05,0.0,0.0,,,2018-04-27,中证绿色债券指数
2018-05-02,931145,中证绿色债券指数,中证绿色债,CSI Green Bond Index,CSI Green Bond,,,,103.97,,0.01,0.0,0.0,,,2018-05-02,中证绿色债券指数
2018-05-03,931145,中证绿色债券指数,中证绿色债,CSI Green Bond Index,CSI Green Bond,,,,103.98,,0.0,0.0,0.0,,,2018-05-03,中证绿色债券指数
2018-05-04,931145,中证绿色债券指数,中证绿色债,CSI Green Bond Index,CSI Green Bond,,,,104.01,,0.04,0.0,0.0,,,2018-05-04,中证绿色债券指数
2018-05-07,931145,中证绿色债券指数,中证绿色债,CSI Green Bond Index,CSI Green Bond,,,,104.01,,-0.01,0.0,0.0,,,2018-05-07,中证绿色债券指数
2018-05-08,931145,中证绿色债券指数,中证绿色债,CSI Green Bond Index,CSI Green Bond,,,,104.03,,0.02,0.0,0.0,,,2018-05-08,中证绿色债券指数
2018-05-09,931145,中证绿色债券指数,中证绿色债,CSI Green Bond Index,CSI Green Bond,,,,103.95,,-0.08,0.0,0.0,,,2018-05-09,中证绿色债券指数
2018-05-10,931145,中证绿色债券指数,中证绿色债,CSI Green Bond Index,CSI Green Bond,,,,103.88,,-0.06,0.0,0.0,,,2018-05-10,中证绿色债券指数
2018-05-11,931145,中证绿色债券指数,中证绿色债,CSI Green Bond Index,CSI Green Bond,,,,103.89,,0.01,0.0,0.0,,,2018-05-11,中证绿色债券指数
2018-05-14,931145,中证绿色债券指数,中证绿色债,CSI Green Bond Index,CSI Green Bond,,,,103.9,,0.0,0.0,0.0,,,2018-05-14,中证绿色债券指数
2018-05-15,931145,中证绿色债券指数,中证绿色债,CSI Green Bond Index,CSI Green Bond,,,,103.87,,-0.03,0.0,0.0,,,2018-05-15,中证绿色债券指数
2018-05-16,931145,中证绿色债券指数,中证绿色债,CSI Green Bond Index,CSI Green Bond,,,,103.83,,-0.04,0.0,0.0,,,2018-05-16,中证绿色债券指数
2018-05-17,931145,中证绿色债券指数,中证绿色债,CSI Green Bond Index,CSI Green Bond,,,,103.81,,-0.01,0.0,0.0,,,2018-05-17,中证绿色债券指数
2018-05-18,931145,中证绿色债券指数,中证绿色债,CSI Green Bond Index,CSI Green Bond,,,,103.82,,0.01,0.0,0.0,,,2018-05-18,中证绿色债券指数
2018-05-21,931145,中证绿色债券指数,中证绿色债,CSI Green Bond Index,CSI Green Bond,,,,103.88,,0.05,0.0,0.0,,,2018-05-21,中证绿色债券指数
2018-05-22,931145,中证绿色债券指数,中证绿色债,CSI Green Bond Index,CSI Green Bond,,,,103.91,,0.03,0.0,0.0,,,2018-05-22,中证绿色债券指数
2018-05-23,931145,中证绿色债券指数,中证绿色债,CSI Green Bond Index,CSI Green Bond,,,,103.89,,-0.02,0.0,0.0,,,2018-05-23,中证绿色债券指数
2018-05-24,931145,中证绿色债券指数,中证绿色债,CSI Green Bond Index,CSI Green Bond,,,,103.93,,0.04,0.0,0.0,,,2018-05-24,中证绿色债券指数
2018-05-25,931145,中证绿色债券指数,中证绿色债,CSI Green Bond Index,CSI Green Bond,,,,103.95,,0.02,0.0,0.0,,,2018-05-25,中证绿色债券指数
2018-05-28,931145,中证绿色债券指数,中证绿色债,CSI Green Bond Index,CSI Green Bond,,,,104.02,,0.06,0.0,0.0,,,2018-05-28,中证绿色债券指数
2018-05-29,931145,中证绿色债券指数,中证绿色债,CSI Green Bond Index,CSI Green Bond,,,,104.03,,0.01,0.0,0.0,,,2018-05-29,中证绿色债券指数
2018-05-30,931145,中证绿色债券指数,中证绿色债,CSI Green Bond Index,CSI Green Bond,,,,104.05,,0.02,0.0,0.0,,,2018-05-30,中证绿色债券指数
2018-05-31,931145,中证绿色债券指数,中证绿色债,CSI Green Bond Index,CSI Green Bond,,,,104.07,,0.02,0.0,0.0,,,2018-05-31,中证绿色债券指数
2018-06-01,931145,中证绿色债券指数,中证绿色债,CSI Green Bond Index,CSI Green Bond,,,,104.07,,-0.01,0.0,0.0,,,2018-06-01,中证绿色债券指数
2018-06-04,931145,中证绿色债券指数,中证绿色债,CSI Green Bond Index,CSI Green Bond,,,,104.09,,0.02,0.0,0.0,,,2018-06-04,中证绿色债券指数
2018-06-05,931145,中证绿色债券指数,中证绿色债,CSI Green Bond Index,CSI Green Bond,,,,104.1,,0.01,0.0,0.0,,,2018-06-05,中证绿色债券指数
2018-06-06,931145,中证绿色债券指数,中证绿色债,CSI Green Bond Index,CSI Green Bond,,,,104.11,,0.01,0.0,0.0,,,2018-06-06,中证绿色债券指数
2018-06-07,931145,中证绿色债券指数,中证绿色债,CSI Green Bond Index,CSI Green Bond,,,,104.08,,-0.02,0.0,0.0,,,2018-06-07,中证绿色债券指数
2018-06-08,931145,中证绿色债券指数,中证绿色债,CSI Green Bond Index,CSI Green Bond,,,,104.08,,0.0,0.0,0.0,,,2018-06-08,中证绿色债券指数
2018-06-11,931145,中证绿色债券指数,中证绿色债,CSI Green Bond Index,CSI Green Bond,,,,104.13,,0.05,0.0,0.0,,,2018-06-11,中证绿色债券指数
2018-06-12,931145,中证绿色债券指数,中证绿色债,CSI Green Bond Index,CSI Green Bond,,,,104.14,,0.01,0.0,0.0,,,2018-06-12,中证绿色债券指数
2018-06-13,931145,中证绿色债券指数,中证绿色债,CSI Green Bond Index,CSI Green Bond,,,,104.16,,0.01,0.0,0.0,,,2018-06-13,中证绿色债券指数
2018-06-14,931145,中证绿色债券指数,中证绿色债,CSI Green Bond Index,CSI Green Bond,,,,104.17,,0.02,0.0,0.0,,,2018-06-14,中证绿色债券指数
2018-06-15,931145,中证绿色债券指数,中证绿色债,CSI Green Bond Index,CSI Green Bond,,,,104.21,,0.04,0.0,0.0,,,2018-06-15,中证绿色债券指数
2018-06-19,931145,中证绿色债券指数,中证绿色债,CSI Green Bond Index,CSI Green Bond,,,,104.3,,0.09,0.0,0.0,,,2018-06-19,中证绿色债券指数
2018-06-20,931145,中证绿色债券指数,中证绿色债,CSI Green Bond Index,CSI Green Bond,,,,104.33,,0.03,0.0,0.0,,,2018-06-20,中证绿色债券指数
2018-06-21,931145,中证绿色债券指数,中证绿色债,CSI Green Bond Index,CSI Green Bond,,,,104.33,,0.0,0.0,0.0,,,2018-06-21,中证绿色债券指数
2018-06-22,931145,中证绿色债券指数,中证绿色债,CSI Green Bond Index,CSI Green Bond,,,,104.36,,0.03,0.0,0.0,,,2018-06-22,中证绿色债券指数
2018-06-25,931145,中证绿色债券指数,中证绿色债,CSI Green Bond Index,CSI Green Bond,,,,104.41,,0.05,0.0,0.0,,,2018-06-25,中证绿色债券指数
2018-06-26,931145,中证绿色债券指数,中证绿色债,CSI Green Bond Index,CSI Green Bond,,,,104.43,,0.02,0.0,0.0,,,2018-06-26,中证绿色债券指数
2018-06-27,931145,中证绿色债券指数,中证绿色债,CSI Green Bond Index,CSI Green Bond,,,,104.45,,0.02,0.0,0.0,,,2018-06-27,中证绿色债券指数
2018-06-28,931145,中证绿色债券指数,中证绿色债,CSI Green Bond Index,CSI Green Bond,,,,104.53,,0.07,0.0,0.0,,,2018-06-28,中证绿色债券指数
2018-06-29,931145,中证绿色债券指数,中证绿色债,CSI Green Bond Index,CSI Green Bond,,,,104.72,,0.18,0.0,0.0,,,2018-06-29,中证绿色债券指数
2018-07-02,931145,中证绿色债券指数,中证绿色债,CSI Green Bond Index,CSI Green Bond,,,,104.82,,0.1,0.0,0.0,,,2018-07-02,中证绿色债券指数
2018-07-03,931145,中证绿色债券指数,中证绿色债,CSI Green Bond Index,CSI Green Bond,,,,104.9,,0.07,0.0,0.0,,,2018-07-03,中证绿色债券指数
2018-07-04,931145,中证绿色债券指数,中证绿色债,CSI Green Bond Index,CSI Green Bond,,,,104.92,,0.02,0.0,0.0,,,2018-07-04,中证绿色债券指数
2018-07-05,931145,中证绿色债券指数,中证绿色债,CSI Green Bond Index,CSI Green Bond,,,,105.02,,0.1,0.0,0.0,,,2018-07-05,中证绿色债券指数
2018-07-06,931145,中证绿色债券指数,中证绿色债,CSI Green Bond Index,CSI Green Bond,,,,105.11,,0.08,0.0,0.0,,,2018-07-06,中证绿色债券指数
2018-07-09,931145,中证绿色债券指数,中证绿色债,CSI Green Bond Index,CSI Green Bond,,,,105.16,,0.05,0.0,0.0,,,2018-07-09,中证绿色债券指数
2018-07-10,931145,中证绿色债券指数,中证绿色债,CSI Green Bond Index,CSI Green Bond,,,,105.12,,-0.03,0.0,0.0,,,2018-07-10,中证绿色债券指数
2018-07-11,931145,中证绿色债券指数,中证绿色债,CSI Green Bond Index,CSI Green Bond,,,,105.14,,0.02,0.0,0.0,,,2018-07-11,中证绿色债券指数
2018-07-12,931145,中证绿色债券指数,中证绿色债,CSI Green Bond Index,CSI Green Bond,,,,105.2,,0.06,0.0,0.0,,,2018-07-12,中证绿色债券指数
2018-07-13,931145,中证绿色债券指数,中证绿色债,CSI Green Bond Index,CSI Green Bond,,,,105.24,,0.04,0.0,0.0,,,2018-07-13,中证绿色债券指数
2018-07-16,931145,中证绿色债券指数,中证绿色债,CSI Green Bond Index,CSI Green Bond,,,,105.32,,0.08,0.0,0.0,,,2018-07-16,中证绿色债券指数
2018-07-17,931145,中证绿色债券指数,中证绿色债,CSI Green Bond Index,CSI Green Bond,,,,105.36,,0.04,0.0,0.0,,,2018-07-17,中证绿色债券指数
2018-07-18,931145,中证绿色债券指数,中证绿色债,CSI Green Bond Index,CSI Green Bond,,,,105.42,,0.06,0.0,0.0,,,2018-07-18,中证绿色债券指数
2018-07-19,931145,中证绿色债券指数,中证绿色债,CSI Green Bond Index,CSI Green Bond,,,,105.5,,0.08,0.0,0.0,,,2018-07-19,中证绿色债券指数
2018-07-20,931145,中证绿色债券指数,中证绿色债,CSI Green Bond Index,CSI Green Bond,,,,105.6,,0.1,0.0,0.0,,,2018-07-20,中证绿色债券指数
2018-07-23,931145,中证绿色债券指数,中证绿色债,CSI Green Bond Index,CSI Green Bond,,,,105.71,,0.1,0.0,0.0,,,2018-07-23,中证绿色债券指数
2018-07-24,931145,中证绿色债券指数,中证绿色债,CSI Green Bond Index,CSI Green Bond,,,,105.74,,0.03,0.0,0.0,,,2018-07-24,中证绿色债券指数
2018-07-25,931145,中证绿色债券指数,中证绿色债,CSI Green Bond Index,CSI Green Bond,,,,105.77,,0.03,0.0,0.0,,,2018-07-25,中证绿色债券指数
2018-07-26,931145,中证绿色债券指数,中证绿色债,CSI Green Bond Index,CSI Green Bond,,,,105.83,,0.05,0.0,0.0,,,2018-07-26,中证绿色债券指数
2018-07-27,931145,中证绿色债券指数,中证绿色债,CSI Green Bond Index,CSI Green Bond,,,,105.94,,0.11,0.0,0.0,,,2018-07-27,中证绿色债券指数
2018-07-30,931145,中证绿色债券指数,中证绿色债,CSI Green Bond Index,CSI Green Bond,,,,106.08,,0.13,0.0,0.0,,,2018-07-30,中证绿色债券指数
2018-07-31,931145,中证绿色债券指数,中证绿色债,CSI Green Bond Index,CSI Green Bond,,,,106.19,,0.1,0.0,0.0,,,2018-07-31,中证绿色债券指数
2018-08-01,931145,中证绿色债券指数,中证绿色债,CSI Green Bond Index,CSI Green Bond,,,,106.25,,0.06,0.0,0.0,,,2018-08-01,中证绿色债券指数
2018-08-02,931145,中证绿色债券指数,中证绿色债,CSI Green Bond Index,CSI Green Bond,,,,106.32,,0.07,0.0,0.0,,,2018-08-02,中证绿色债券指数
2018-08-03,931145,中证绿色债券指数,中证绿色债,CSI Green Bond Index,CSI Green Bond,,,,106.43,,0.1,0.0,0.0,,,2018-08-03,中证绿色债券指数
2018-08-06,931145,中证绿色债券指数,中证绿色债,CSI Green Bond Index,CSI Green Bond,,,,106.54,,0.11,0.0,0.0,,,2018-08-06,中证绿色债券指数
2018-08-07,931145,中证绿色债券指数,中证绿色债,CSI Green Bond Index,CSI Green Bond,,,,106.68,,0.13,0.0,0.0,,,2018-08-07,中证绿色债券指数
2018-08-08,931145,中证绿色债券指数,中证绿色债,CSI Green Bond Index,CSI Green Bond,,,,106.74,,0.05,0.0,0.0,,,2018-08-08,中证绿色债券指数
2018-08-09,931145,中证绿色债券指数,中证绿色债,CSI Green Bond Index,CSI Green Bond,,,,106.58,,-0.15,0.0,0.0,,,2018-08-09,中证绿色债券指数
2018-08-10,931145,中证绿色债券指数,中证绿色债,CSI Green Bond Index,CSI Green Bond,,,,106.44,,-0.13,0.0,0.0,,,2018-08-10,中证绿色债券指数
2018-08-13,931145,中证绿色债券指数,中证绿色债,CSI Green Bond Index,CSI Green Bond,,,,106.31,,-0.12,0.0,0.0,,,2018-08-13,中证绿色债券指数
2018-08-14,931145,中证绿色债券指数,中证绿色债,CSI Green Bond Index,CSI Green Bond,,,,106.26,,-0.05,0.0,0.0,,,2018-08-14,中证绿色债券指数
2018-08-15,931145,中证绿色债券指数,中证绿色债,CSI Green Bond Index,CSI Green Bond,,,,106.31,,0.05,0.0,0.0,,,2018-08-15,中证绿色债券指数
2018-08-16,931145,中证绿色债券指数,中证绿色债,CSI Green Bond Index,CSI Green Bond,,,,106.31,,-0.01,0.0,0.0,,,2018-08-16,中证绿色债券指数
2018-08-17,931145,中证绿色债券指数,中证绿色债,CSI Green Bond Index,CSI Green Bond,,,,106.2,,-0.1,0.0,0.0,,,2018-08-17,中证绿色债券指数
2018-08-20,931145,中证绿色债券指数,中证绿色债,CSI Green Bond Index,CSI Green Bond,,,,106.14,,-0.06,0.0,0.0,,,2018-08-20,中证绿色债券指数
2018-08-21,931145,中证绿色债券指数,中证绿色债,CSI Green Bond Index,CSI Green Bond,,,,106.06,,-0.07,0.0,0.0,,,2018-08-21,中证绿色债券指数
2018-08-22,931145,中证绿色债券指数,中证绿色债,CSI Green Bond Index,CSI Green Bond,,,,106.08,,0.02,0.0,0.0,,,2018-08-22,中证绿色债券指数
2018-08-23,931145,中证绿色债券指数,中证绿色债,CSI Green Bond Index,CSI Green Bond,,,,106.2,,0.11,0.0,0.0,,,2018-08-23,中证绿色债券指数
2018-08-24,931145,中证绿色债券指数,中证绿色债,CSI Green Bond Index,CSI Green Bond,,,,106.26,,0.06,0.0,0.0,,,2018-08-24,中证绿色债券指数
2018-08-27,931145,中证绿色债券指数,中证绿色债,CSI Green Bond Index,CSI Green Bond,,,,106.28,,0.02,0.0,0.0,,,2018-08-27,中证绿色债券指数
2018-08-28,931145,中证绿色债券指数,中证绿色债,CSI Green Bond Index,CSI Green Bond,,,,106.23,,-0.04,0.0,0.0,,,2018-08-28,中证绿色债券指数
2018-08-29,931145,中证绿色债券指数,中证绿色债,CSI Green Bond Index,CSI Green Bond,,,,106.22,,-0.01,0.0,0.0,,,2018-08-29,中证绿色债券指数
2018-08-30,931145,中证绿色债券指数,中证绿色债,CSI Green Bond Index,CSI Green Bond,,,,106.28,,0.05,0.0,0.0,,,2018-08-30,中证绿色债券指数
2018-08-31,931145,中证绿色债券指数,中证绿色债,CSI Green Bond Index,CSI Green Bond,,,,106.32,,0.04,0.0,0.0,,,2018-08-31,中证绿色债券指数
2018-09-03,931145,中证绿色债券指数,中证绿色债,CSI Green Bond Index,CSI Green Bond,,,,106.36,,0.03,0.0,0.0,,,2018-09-03,中证绿色债券指数
2018-09-04,931145,中证绿色债券指数,中证绿色债,CSI Green Bond Index,CSI Green Bond,,,,106.34,,-0.01,0.0,0.0,,,2018-09-04,中证绿色债券指数
2018-09-05,931145,中证绿色债券指数,中证绿色债,CSI Green Bond Index,CSI Green Bond,,,,106.37,,0.03,0.0,0.0,,,2018-09-05,中证绿色债券指数
2018-09-06,931145,中证绿色债券指数,中证绿色债,CSI Green Bond Index,CSI Green Bond,,,,106.36,,-0.01,0.0,0.0,,,2018-09-06,中证绿色债券指数
2018-09-07,931145,中证绿色债券指数,中证绿色债,CSI Green Bond Index,CSI Green Bond,,,,106.36,,-0.01,0.0,0.0,,,2018-09-07,中证绿色债券指数
2018-09-10,931145,中证绿色债券指数,中证绿色债,CSI Green Bond Index,CSI Green Bond,,,,106.35,,0.0,0.0,0.0,,,2018-09-10,中证绿色债券指数
2018-09-11,931145,中证绿色债券指数,中证绿色债,CSI Green Bond Index,CSI Green Bond,,,,106.33,,-0.02,0.0,0.0,,,2018-09-11,中证绿色债券指数
2018-09-12,931145,中证绿色债券指数,中证绿色债,CSI Green Bond Index,CSI Green Bond,,,,106.33,,0.0,0.0,0.0,,,2018-09-12,中证绿色债券指数
2018-09-13,931145,中证绿色债券指数,中证绿色债,CSI Green Bond Index,CSI Green Bond,,,,106.35,,0.02,0.0,0.0,,,2018-09-13,中证绿色债券指数
2018-09-14,931145,中证绿色债券指数,中证绿色债,CSI Green Bond Index,CSI Green Bond,,,,106.4,,0.06,0.0,0.0,,,2018-09-14,中证绿色债券指数
2018-09-17,931145,中证绿色债券指数,中证绿色债,CSI Green Bond Index,CSI Green Bond,,,,106.46,,0.05,0.0,0.0,,,2018-09-17,中证绿色债券指数
2018-09-18,931145,中证绿色债券指数,中证绿色债,CSI Green Bond Index,CSI Green Bond,,,,106.51,,0.05,0.0,0.0,,,2018-09-18,中证绿色债券指数
2018-09-19,931145,中证绿色债券指数,中证绿色债,CSI Green Bond Index,CSI Green Bond,,,,106.52,,0.01,0.0,0.0,,,2018-09-19,中证绿色债券指数
2018-09-20,931145,中证绿色债券指数,中证绿色债,CSI Green Bond Index,CSI Green Bond,,,,106.51,,0.0,0.0,0.0,,,2018-09-20,中证绿色债券指数
2018-09-21,931145,中证绿色债券指数,中证绿色债,CSI Green Bond Index,CSI Green Bond,,,,106.55,,0.03,0.0,0.0,,,2018-09-21,中证绿色债券指数
2018-09-25,931145,中证绿色债券指数,中证绿色债,CSI Green Bond Index,CSI Green Bond,,,,106.61,,0.06,0.0,0.0,,,2018-09-25,中证绿色债券指数
2018-09-26,931145,中证绿色债券指数,中证绿色债,CSI Green Bond Index,CSI Green Bond,,,,106.64,,0.03,0.0,0.0,,,2018-09-26,中证绿色债券指数
2018-09-27,931145,中证绿色债券指数,中证绿色债,CSI Green Bond Index,CSI Green Bond,,,,106.71,,0.06,0.0,0.0,,,2018-09-27,中证绿色债券指数
2018-09-28,931145,中证绿色债券指数,中证绿色债,CSI Green Bond Index,CSI Green Bond,,,,106.77,,0.06,0.0,0.0,,,2018-09-28,中证绿色债券指数
2018-10-08,931145,中证绿色债券指数,中证绿色债,CSI Green Bond Index,CSI Green Bond,,,,106.9,,0.13,0.0,0.0,,,2018-10-08,中证绿色债券指数
2018-10-09,931145,中证绿色债券指数,中证绿色债,CSI Green Bond Index,CSI Green Bond,,,,106.95,,0.04,0.0,0.0,,,2018-10-09,中证绿色债券指数
2018-10-10,931145,中证绿色债券指数,中证绿色债,CSI Green Bond Index,CSI Green Bond,,,,106.99,,0.04,0.0,0.0,,,2018-10-10,中证绿色债券指数
2018-10-11,931145,中证绿色债券指数,中证绿色债,CSI Green Bond Index,CSI Green Bond,,,,107.07,,0.08,0.0,0.0,,,2018-10-11,中证绿色债券指数
2018-10-12,931145,中证绿色债券指数,中证绿色债,CSI Green Bond Index,CSI Green Bond,,,,107.12,,0.04,0.0,0.0,,,2018-10-12,中证绿色债券指数
2018-10-15,931145,中证绿色债券指数,中证绿色债,CSI Green Bond Index,CSI Green Bond,,,,107.2,,0.08,0.0,0.0,,,2018-10-15,中证绿色债券指数
2018-10-16,931145,中证绿色债券指数,中证绿色债,CSI Green Bond Index,CSI Green Bond,,,,107.22,,0.02,0.0,0.0,,,2018-10-16,中证绿色债券指数
2018-10-17,931145,中证绿色债券指数,中证绿色债,CSI Green Bond Index,CSI Green Bond,,,,107.23,,0.01,0.0,0.0,,,2018-10-17,中证绿色债券指数
2018-10-18,931145,中证绿色债券指数,中证绿色债,CSI Green Bond Index,CSI Green Bond,,,,107.25,,0.01,0.0,0.0,,,2018-10-18,中证绿色债券指数
2018-10-19,931145,中证绿色债券指数,中证绿色债,CSI Green Bond Index,CSI Green Bond,,,,107.29,,0.04,0.0,0.0,,,2018-10-19,中证绿色债券指数
2018-10-22,931145,中证绿色债券指数,中证绿色债,CSI Green Bond Index,CSI Green Bond,,,,107.28,,0.0,0.0,0.0,,,2018-10-22,中证绿色债券指数
2018-10-23,931145,中证绿色债券指数,中证绿色债,CSI Green Bond Index,CSI Green Bond,,,,107.32,,0.03,0.0,0.0,,,2018-10-23,中证绿色债券指数
2018-10-24,931145,中证绿色债券指数,中证绿色债,CSI Green Bond Index,CSI Green Bond,,,,107.36,,0.04,0.0,0.0,,,2018-10-24,中证绿色债券指数
2018-10-25,931145,中证绿色债券指数,中证绿色债,CSI Green Bond Index,CSI Green Bond,,,,107.4,,0.04,0.0,0.0,,,2018-10-25,中证绿色债券指数
2018-10-26,931145,中证绿色债券指数,中证绿色债,CSI Green Bond Index,CSI Green Bond,,,,107.44,,0.04,0.0,0.0,,,2018-10-26,中证绿色债券指数
2018-10-29,931145,中证绿色债券指数,中证绿色债,CSI Green Bond Index,CSI Green Bond,,,,107.52,,0.07,0.0,0.0,,,2018-10-29,中证绿色债券指数
2018-10-30,931145,中证绿色债券指数,中证绿色债,CSI Green Bond Index,CSI Green Bond,,,,107.56,,0.04,0.0,0.0,,,2018-10-30,中证绿色债券指数
2018-10-31,931145,中证绿色债券指数,中证绿色债,CSI Green Bond Index,CSI Green Bond,,,,107.57,,0.01,0.0,0.0,,,2018-10-31,中证绿色债券指数
2018-11-01,931145,中证绿色债券指数,中证绿色债,CSI Green Bond Index,CSI Green Bond,,,,107.59,,0.01,0.0,0.0,,,2018-11-01,中证绿色债券指数
2018-11-02,931145,中证绿色债券指数,中证绿色债,CSI Green Bond Index,CSI Green Bond,,,,107.62,,0.03,0.0,0.0,,,2018-11-02,中证绿色债券指数
2018-11-05,931145,中证绿色债券指数,中证绿色债,CSI Green Bond Index,CSI Green Bond,,,,107.65,,0.03,0.0,0.0,,,2018-11-05,中证绿色债券指数
2018-11-06,931145,中证绿色债券指数,中证绿色债,CSI Green Bond Index,CSI Green Bond,,,,107.69,,0.03,0.0,0.0,,,2018-11-06,中证绿色债券指数
2018-11-07,931145,中证绿色债券指数,中证绿色债,CSI Green Bond Index,CSI Green Bond,,,,107.71,,0.02,0.0,0.0,,,2018-11-07,中证绿色债券指数
2018-11-08,931145,中证绿色债券指数,中证绿色债,CSI Green Bond Index,CSI Green Bond,,,,107.76,,0.05,0.0,0.0,,,2018-11-08,中证绿色债券指数
2018-11-09,931145,中证绿色债券指数,中证绿色债,CSI Green Bond Index,CSI Green Bond,,,,107.81,,0.05,0.0,0.0,,,2018-11-09,中证绿色债券指数
2018-11-12,931145,中证绿色债券指数,中证绿色债,CSI Green Bond Index,CSI Green Bond,,,,107.84,,0.03,0.0,0.0,,,2018-11-12,中证绿色债券指数
2018-11-13,931145,中证绿色债券指数,中证绿色债,CSI Green Bond Index,CSI Green Bond,,,,107.86,,0.01,0.0,0.0,,,2018-11-13,中证绿色债券指数
2018-11-14,931145,中证绿色债券指数,中证绿色债,CSI Green Bond Index,CSI Green Bond,,,,107.96,,0.1,0.0,0.0,,,2018-11-14,中证绿色债券指数
2018-11-15,931145,中证绿色债券指数,中证绿色债,CSI Green Bond Index,CSI Green Bond,,,,107.95,,-0.01,0.0,0.0,,,2018-11-15,中证绿色债券指数
2018-11-16,931145,中证绿色债券指数,中证绿色债,CSI Green Bond Index,CSI Green Bond,,,,108.03,,0.07,0.0,0.0,,,2018-11-16,中证绿色债券指数
2018-11-19,931145,中证绿色债券指数,中证绿色债,CSI Green Bond Index,CSI Green Bond,,,,108.08,,0.05,0.0,0.0,,,2018-11-19,中证绿色债券指数
2018-11-20,931145,中证绿色债券指数,中证绿色债,CSI Green Bond Index,CSI Green Bond,,,,108.12,,0.04,0.0,0.0,,,2018-11-20,中证绿色债券指数
2018-11-21,931145,中证绿色债券指数,中证绿色债,CSI Green Bond Index,CSI Green Bond,,,,108.14,,0.02,0.0,0.0,,,2018-11-21,中证绿色债券指数
2018-11-22,931145,中证绿色债券指数,中证绿色债,CSI Green Bond Index,CSI Green Bond,,,,108.15,,0.01,0.0,0.0,,,2018-11-22,中证绿色债券指数
2018-11-23,931145,中证绿色债券指数,中证绿色债,CSI Green Bond Index,CSI Green Bond,,,,108.17,,0.02,0.0,0.0,,,2018-11-23,中证绿色债券指数
2018-11-26,931145,中证绿色债券指数,中证绿色债,CSI Green Bond Index,CSI Green Bond,,,,108.17,,0.0,0.0,0.0,,,2018-11-26,中证绿色债券指数
2018-11-27,931145,中证绿色债券指数,中证绿色债,CSI Green Bond Index,CSI Green Bond,,,,108.2,,0.03,0.0,0.0,,,2018-11-27,中证绿色债券指数
2018-11-28,931145,中证绿色债券指数,中证绿色债,CSI Green Bond Index,CSI Green Bond,,,,108.2,,0.0,0.0,0.0,,,2018-11-28,中证绿色债券指数
2018-11-29,931145,中证绿色债券指数,中证绿色债,CSI Green Bond Index,CSI Green Bond,,,,108.21,,0.01,0.0,0.0,,,2018-11-29,中证绿色债券指数
2018-11-30,931145,中证绿色债券指数,中证绿色债,CSI Green Bond Index,CSI Green Bond,,,,108.24,,0.03,0.0,0.0,,,2018-11-30,中证绿色债券指数
2018-12-03,931145,中证绿色债券指数,中证绿色债,CSI Green Bond Index,CSI Green Bond,,,,108.27,,0.02,0.0,0.0,,,2018-12-03,中证绿色债券指数
2018-12-04,931145,中证绿色债券指数,中证绿色债,CSI Green Bond Index,CSI Green Bond,,,,108.3,,0.03,0.0,0.0,,,2018-12-04,中证绿色债券指数
2018-12-05,931145,中证绿色债券指数,中证绿色债,CSI Green Bond Index,CSI Green Bond,,,,108.34,,0.03,0.0,0.0,,,2018-12-05,中证绿色债券指数
2018-12-06,931145,中证绿色债券指数,中证绿色债,CSI Green Bond Index,CSI Green Bond,,,,108.39,,0.05,0.0,0.0,,,2018-12-06,中证绿色债券指数
2018-12-07,931145,中证绿色债券指数,中证绿色债,CSI Green Bond Index,CSI Green Bond,,,,108.41,,0.02,0.0,0.0,,,2018-12-07,中证绿色债券指数
2018-12-10,931145,中证绿色债券指数,中证绿色债,CSI Green Bond Index,CSI Green Bond,,,,108.47,,0.05,0.0,0.0,,,2018-12-10,中证绿色债券指数
2018-12-11,931145,中证绿色债券指数,中证绿色债,CSI Green Bond Index,CSI Green Bond,,,,108.5,,0.03,0.0,0.0,,,2018-12-11,中证绿色债券指数
2018-12-12,931145,中证绿色债券指数,中证绿色债,CSI Green Bond Index,CSI Green Bond,,,,108.52,,0.01,0.0,0.0,,,2018-12-12,中证绿色债券指数
2018-12-13,931145,中证绿色债券指数,中证绿色债,CSI Green Bond Index,CSI Green Bond,,,,108.5,,-0.02,0.0,0.0,,,2018-12-13,中证绿色债券指数
2018-12-14,931145,中证绿色债券指数,中证绿色债,CSI Green Bond Index,CSI Green Bond,,,,108.48,,-0.01,0.0,0.0,,,2018-12-14,中证绿色债券指数
2018-12-17,931145,中证绿色债券指数,中证绿色债,CSI Green Bond Index,CSI Green Bond,,,,108.5,,0.01,0.0,0.0,,,2018-12-17,中证绿色债券指数
2018-12-18,931145,中证绿色债券指数,中证绿色债,CSI Green Bond Index,CSI Green Bond,,,,108.47,,-0.02,0.0,0.0,,,2018-12-18,中证绿色债券指数
2018-12-19,931145,中证绿色债券指数,中证绿色债,CSI Green Bond Index,CSI Green Bond,,,,108.48,,0.01,0.0,0.0,,,2018-12-19,中证绿色债券指数
2018-12-20,931145,中证绿色债券指数,中证绿色债,CSI Green Bond Index,CSI Green Bond,,,,108.51,,0.03,0.0,0.0,,,2018-12-20,中证绿色债券指数
2018-12-21,931145,中证绿色债券指数,中证绿色债,CSI Green Bond Index,CSI Green Bond,,,,108.54,,0.03,0.0,0.0,,,2018-12-21,中证绿色债券指数
2018-12-24,931145,中证绿色债券指数,中证绿色债,CSI Green Bond Index,CSI Green Bond,,,,108.58,,0.03,0.0,0.0,,,2018-12-24,中证绿色债券指数
2018-12-25,931145,中证绿色债券指数,中证绿色债,CSI Green Bond Index,CSI Green Bond,,,,108.6,,0.02,0.0,0.0,,,2018-12-25,中证绿色债券指数
2018-12-26,931145,中证绿色债券指数,中证绿色债,CSI Green Bond Index,CSI Green Bond,,,,108.62,,0.01,0.0,0.0,,,2018-12-26,中证绿色债券指数
2018-12-27,931145,中证绿色债券指数,中证绿色债,CSI Green Bond Index,CSI Green Bond,,,,108.64,,0.02,0.0,0.0,,,2018-12-27,中证绿色债券指数
2018-12-28,931145,中证绿色债券指数,中证绿色债,CSI Green Bond Index,CSI Green Bond,,,,108.74,,0.09,0.0,0.0,,,2018-12-28,中证绿色债券指数
2019-01-02,931145,中证绿色债券指数,中证绿色债,CSI Green Bond Index,CSI Green Bond,,,,108.99,,0.23,0.0,0.0,,,2019-01-02,中证绿色债券指数
2019-01-03,931145,中证绿色债券指数,中证绿色债,CSI Green Bond Index,CSI Green Bond,,,,109.09,,0.09,0.0,0.0,,,2019-01-03,中证绿色债券指数
2019-01-04,931145,中证绿色债券指数,中证绿色债,CSI Green Bond Index,CSI Green Bond,,,,109.15,,0.06,0.0,0.0,,,2019-01-04,中证绿色债券指数
2019-01-07,931145,中证绿色债券指数,中证绿色债,CSI Green Bond Index,CSI Green Bond,,,,109.28,,0.12,0.0,0.0,,,2019-01-07,中证绿色债券指数
2019-01-08,931145,中证绿色债券指数,中证绿色债,CSI Green Bond Index,CSI Green Bond,,,,109.44,,0.15,0.0,0.0,,,2019-01-08,中证绿色债券指数
2019-01-09,931145,中证绿色债券指数,中证绿色债,CSI Green Bond Index,CSI Green Bond,,,,109.48,,0.04,0.0,0.0,,,2019-01-09,中证绿色债券指数
2019-01-10,931145,中证绿色债券指数,中证绿色债,CSI Green Bond Index,CSI Green Bond,,,,109.53,,0.04,0.0,0.0,,,2019-01-10,中证绿色债券指数
2019-01-11,931145,中证绿色债券指数,中证绿色债,CSI Green Bond Index,CSI Green Bond,,,,109.55,,0.02,0.0,0.0,,,2019-01-11,中证绿色债券指数
2019-01-14,931145,中证绿色债券指数,中证绿色债,CSI Green Bond Index,CSI Green Bond,,,,109.57,,0.02,0.0,0.0,,,2019-01-14,中证绿色债券指数
2019-01-15,931145,中证绿色债券指数,中证绿色债,CSI Green Bond Index,CSI Green Bond,,,,109.55,,-0.02,0.0,0.0,,,2019-01-15,中证绿色债券指数
2019-01-16,931145,中证绿色债券指数,中证绿色债,CSI Green Bond Index,CSI Green Bond,,,,109.57,,0.02,0.0,0.0,,,2019-01-16,中证绿色债券指数
2019-01-17,931145,中证绿色债券指数,中证绿色债,CSI Green Bond Index,CSI Green Bond,,,,109.63,,0.05,0.0,0.0,,,2019-01-17,中证绿色债券指数
2019-01-18,931145,中证绿色债券指数,中证绿色债,CSI Green Bond Index,CSI Green Bond,,,,109.67,,0.03,0.0,0.0,,,2019-01-18,中证绿色债券指数
2019-01-21,931145,中证绿色债券指数,中证绿色债,CSI Green Bond Index,CSI Green Bond,,,,109.68,,0.02,0.0,0.0,,,2019-01-21,中证绿色债券指数
2019-01-22,931145,中证绿色债券指数,中证绿色债,CSI Green Bond Index,CSI Green Bond,,,,109.69,,0.01,0.0,0.0,,,2019-01-22,中证绿色债券指数
2019-01-23,931145,中证绿色债券指数,中证绿色债,CSI Green Bond Index,CSI Green Bond,,,,109.7,,0.01,0.0,0.0,,,2019-01-23,中证绿色债券指数
2019-01-24,931145,中证绿色债券指数,中证绿色债,CSI Green Bond Index,CSI Green Bond,,,,109.7,,0.0,0.0,0.0,,,2019-01-24,中证绿色债券指数
2019-01-25,931145,中证绿色债券指数,中证绿色债,CSI Green Bond Index,CSI Green Bond,,,,109.7,,0.0,0.0,0.0,,,2019-01-25,中证绿色债券指数
2019-01-28,931145,中证绿色债券指数,中证绿色债,CSI Green Bond Index,CSI Green Bond,,,,109.69,,-0.01,0.0,0.0,,,2019-01-28,中证绿色债券指数
2019-01-29,931145,中证绿色债券指数,中证绿色债,CSI Green Bond Index,CSI Green Bond,,,,109.77,,0.08,0.0,0.0,,,2019-01-29,中证绿色债券指数
2019-01-30,931145,中证绿色债券指数,中证绿色债,CSI Green Bond Index,CSI Green Bond,,,,109.8,,0.03,0.0,0.0,,,2019-01-30,中证绿色债券指数
2019-01-31,931145,中证绿色债券指数,中证绿色债,CSI Green Bond Index,CSI Green Bond,,,,109.87,0.07,0.07,1.1,1.1,213.0,,2019-01-31,中证绿色债券指数
2019-02-01,931145,中证绿色债券指数,中证绿色债,CSI Green Bond Index,CSI Green Bond,,,,109.91,0.04,0.04,0.12,0.12,220.0,,2019-02-01,中证绿色债券指数
2019-02-11,931145,中证绿色债券指数,中证绿色债,CSI Green Bond Index,CSI Green Bond,,,,110.07,0.16,0.14,2.2,2.19,220.0,,2019-02-11,中证绿色债券指数
2019-02-12,931145,中证绿色债券指数,中证绿色债,CSI Green Bond Index,CSI Green Bond,,,,110.11,0.04,0.04,1.5,1.5,220.0,,2019-02-12,中证绿色债券指数
2019-02-13,931145,中证绿色债券指数,中证绿色债,CSI Green Bond Index,CSI Green Bond,,,,110.15,0.03,0.03,0.42,0.42,220.0,,2019-02-13,中证绿色债券指数
2019-02-14,931145,中证绿色债券指数,中证绿色债,CSI Green Bond Index,CSI Green Bond,,,,110.17,0.02,0.02,1.0,1.04,220.0,,2019-02-14,中证绿色债券指数
2019-02-15,931145,中证绿色债券指数,中证绿色债,CSI Green Bond Index,CSI Green Bond,,,,110.18,0.02,0.02,2.0,2.02,220.0,,2019-02-15,中证绿色债券指数
2019-02-18,931145,中证绿色债券指数,中证绿色债,CSI Green Bond Index,CSI Green Bond,,,,110.2,0.02,0.02,6.9,7.01,220.0,,2019-02-18,中证绿色债券指数
2019-02-19,931145,中证绿色债券指数,中证绿色债,CSI Green Bond Index,CSI Green Bond,,,,110.18,-0.02,-0.02,0.44,0.42,220.0,,2019-02-19,中证绿色债券指数
2019-02-20,931145,中证绿色债券指数,中证绿色债,CSI Green Bond Index,CSI Green Bond,,,,110.2,0.01,0.01,2.7,2.77,220.0,,2019-02-20,中证绿色债券指数
2019-02-21,931145,中证绿色债券指数,中证绿色债,CSI Green Bond Index,CSI Green Bond,,,,110.22,0.03,0.02,7.41,7.48,220.0,,2019-02-21,中证绿色债券指数
2019-02-22,931145,中证绿色债券指数,中证绿色债,CSI Green Bond Index,CSI Green Bond,,,,110.21,-0.01,-0.01,7.37,7.48,220.0,,2019-02-22,中证绿色债券指数
2019-02-25,931145,中证绿色债券指数,中证绿色债,CSI Green Bond Index,CSI Green Bond,,,,110.18,-0.03,-0.02,5.94,6.03,220.0,,2019-02-25,中证绿色债券指数
2019-02-26,931145,中证绿色债券指数,中证绿色债,CSI Green Bond Index,CSI Green Bond,,,,110.13,-0.06,-0.05,3.71,3.77,220.0,,2019-02-26,中证绿色债券指数
2019-02-27,931145,中证绿色债券指数,中证绿色债,CSI Green Bond Index,CSI Green Bond,,,,110.08,-0.04,-0.04,0.97,0.95,220.0,,2019-02-27,中证绿色债券指数
2019-02-28,931145,中证绿色债券指数,中证绿色债,CSI Green Bond Index,CSI Green Bond,,,,110.11,0.03,0.03,1.2,1.22,220.0,,2019-02-28,中证绿色债券指数
2019-03-01,931145,中证绿色债券指数,中证绿色债,CSI Green Bond Index,CSI Green Bond,,,,110.07,-0.04,-0.03,0.65,0.66,223.0,,2019-03-01,中证绿色债券指数
2019-03-04,931145,中证绿色债券指数,中证绿色债,CSI Green Bond Index,CSI Green Bond,,,,110.04,-0.04,-0.03,2.89,2.91,223.0,,2019-03-04,中证绿色债券指数
2019-03-05,931145,中证绿色债券指数,中证绿色债,CSI Green Bond Index,CSI Green Bond,,,,110.01,-0.03,-0.03,2.85,2.82,223.0,,2019-03-05,中证绿色债券指数
2019-03-06,931145,中证绿色债券指数,中证绿色债,CSI Green Bond Index,CSI Green Bond,,,,109.97,-0.04,-0.04,3.05,3.09,223.0,,2019-03-06,中证绿色债券指数
2019-03-07,931145,中证绿色债券指数,中证绿色债,CSI Green Bond Index,CSI Green Bond,,,,109.98,0.02,0.02,0.74,0.74,223.0,,2019-03-07,中证绿色债券指数
2019-03-08,931145,中证绿色债券指数,中证绿色债,CSI Green Bond Index,CSI Green Bond,,,,110.06,0.08,0.07,1.82,1.82,223.0,,2019-03-08,中证绿色债券指数
2019-03-11,931145,中证绿色债券指数,中证绿色债,CSI Green Bond Index,CSI Green Bond,,,,110.1,0.04,0.04,3.31,3.3,223.0,,2019-03-11,中证绿色债券指数
2019-03-12,931145,中证绿色债券指数,中证绿色债,CSI Green Bond Index,CSI Green Bond,,,,110.09,-0.01,-0.01,1.64,1.64,223.0,,2019-03-12,中证绿色债券指数
2019-03-13,931145,中证绿色债券指数,中证绿色债,CSI Green Bond Index,CSI Green Bond,,,,110.08,0.0,0.0,6.44,6.48,223.0,,2019-03-13,中证绿色债券指数
2019-03-14,931145,中证绿色债券指数,中证绿色债,CSI Green Bond Index,CSI Green Bond,,,,110.07,-0.02,-0.01,1.83,1.82,223.0,,2019-03-14,中证绿色债券指数
2019-03-15,931145,中证绿色债券指数,中证绿色债,CSI Green Bond Index,CSI Green Bond,,,,110.02,-0.04,-0.04,1.03,1.05,223.0,,2019-03-15,中证绿色债券指数
2019-03-18,931145,中证绿色债券指数,中证绿色债,CSI Green Bond Index,CSI Green Bond,,,,110.05,0.03,0.03,0.2,0.2,223.0,,2019-03-18,中证绿色债券指数
2019-03-19,931145,中证绿色债券指数,中证绿色债,CSI Green Bond Index,CSI Green Bond,,,,110.04,-0.01,-0.01,4.21,4.19,223.0,,2019-03-19,中证绿色债券指数
2019-03-20,931145,中证绿色债券指数,中证绿色债,CSI Green Bond Index,CSI Green Bond,,,,110.05,0.01,0.01,1.23,1.23,223.0,,2019-03-20,中证绿色债券指数
2019-03-21,931145,中证绿色债券指数,中证绿色债,CSI Green Bond Index,CSI Green Bond,,,,110.09,0.04,0.04,1.57,1.57,223.0,,2019-03-21,中证绿色债券指数
2019-03-22,931145,中证绿色债券指数,中证绿色债,CSI Green Bond Index,CSI Green Bond,,,,110.12,0.03,0.03,1.53,1.51,223.0,,2019-03-22,中证绿色债券指数
2019-03-25,931145,中证绿色债券指数,中证绿色债,CSI Green Bond Index,CSI Green Bond,,,,110.17,0.05,0.05,7.11,7.11,223.0,,2019-03-25,中证绿色债券指数
2019-03-26,931145,中证绿色债券指数,中证绿色债,CSI Green Bond Index,CSI Green Bond,,,,110.22,0.05,0.04,0.21,0.22,223.0,,2019-03-26,中证绿色债券指数
2019-03-27,931145,中证绿色债券指数,中证绿色债,CSI Green Bond Index,CSI Green Bond,,,,110.25,0.03,0.03,1.82,1.84,223.0,,2019-03-27,中证绿色债券指数
2019-03-28,931145,中证绿色债券指数,中证绿色债,CSI Green Bond Index,CSI Green Bond,,,,110.29,0.04,0.04,0.75,0.76,223.0,,2019-03-28,中证绿色债券指数
2019-03-29,931145,中证绿色债券指数,中证绿色债,CSI Green Bond Index,CSI Green Bond,,,,110.34,0.05,0.04,1.2,1.22,223.0,,2019-03-29,中证绿色债券指数
2019-04-01,931145,中证绿色债券指数,中证绿色债,CSI Green Bond Index,CSI Green Bond,,,,110.33,-0.01,-0.01,3.5,3.52,232.0,,2019-04-01,中证绿色债券指数
2019-04-02,931145,中证绿色债券指数,中证绿色债,CSI Green Bond Index,CSI Green Bond,,,,110.32,-0.01,-0.01,0.7,0.71,232.0,,2019-04-02,中证绿色债券指数
2019-04-03,931145,中证绿色债券指数,中证绿色债,CSI Green Bond Index,CSI Green Bond,,,,110.27,-0.05,-0.04,1.21,1.22,232.0,,2019-04-03,中证绿色债券指数
2019-04-04,931145,中证绿色债券指数,中证绿色债,CSI Green Bond Index,CSI Green Bond,,,,110.25,-0.02,-0.02,0.5,0.51,232.0,,2019-04-04,中证绿色债券指数
2019-04-08,931145,中证绿色债券指数,中证绿色债,CSI Green Bond Index,CSI Green Bond,,,,110.23,-0.02,-0.02,0.1,0.1,232.0,,2019-04-08,中证绿色债券指数
2019-04-09,931145,中证绿色债券指数,中证绿色债,CSI Green Bond Index,CSI Green Bond,,,,110.16,-0.07,-0.06,1.98,2.01,232.0,,2019-04-09,中证绿色债券指数
2019-04-10,931145,中证绿色债券指数,中证绿色债,CSI Green Bond Index,CSI Green Bond,,,,110.06,-0.1,-0.09,0.51,0.52,232.0,,2019-04-10,中证绿色债券指数
2019-04-11,931145,中证绿色债券指数,中证绿色债,CSI Green Bond Index,CSI Green Bond,,,,110.06,0.0,0.0,0.9,0.91,232.0,,2019-04-11,中证绿色债券指数
2019-04-12,931145,中证绿色债券指数,中证绿色债,CSI Green Bond Index,CSI Green Bond,,,,110.09,0.03,0.02,0.21,0.22,232.0,,2019-04-12,中证绿色债券指数
2019-04-15,931145,中证绿色债券指数,中证绿色债,CSI Green Bond Index,CSI Green Bond,,,,109.98,-0.1,-0.1,1.77,1.76,232.0,,2019-04-15,中证绿色债券指数
2019-04-16,931145,中证绿色债券指数,中证绿色债,CSI Green Bond Index,CSI Green Bond,,,,109.91,-0.07,-0.06,0.3,0.31,232.0,,2019-04-16,中证绿色债券指数
2019-04-17,931145,中证绿色债券指数,中证绿色债,CSI Green Bond Index,CSI Green Bond,,,,109.89,-0.02,-0.02,1.8,1.78,232.0,,2019-04-17,中证绿色债券指数
2019-04-18,931145,中证绿色债券指数,中证绿色债,CSI Green Bond Index,CSI Green Bond,,,,109.91,0.02,0.01,5.79,5.75,232.0,,2019-04-18,中证绿色债券指数
2019-04-19,931145,中证绿色债券指数,中证绿色债,CSI Green Bond Index,CSI Green Bond,,,,109.98,0.07,0.06,3.2,3.19,232.0,,2019-04-19,中证绿色债券指数
2019-04-22,931145,中证绿色债券指数,中证绿色债,CSI Green Bond Index,CSI Green Bond,,,,110.01,0.04,0.03,1.5,1.49,232.0,,2019-04-22,中证绿色债券指数
2019-04-23,931145,中证绿色债券指数,中证绿色债,CSI Green Bond Index,CSI Green Bond,,,,109.98,-0.03,-0.03,2.45,2.44,232.0,,2019-04-23,中证绿色债券指数
2019-04-24,931145,中证绿色债券指数,中证绿色债,CSI Green Bond Index,CSI Green Bond,,,,109.97,-0.01,-0.01,0.7,0.71,232.0,,2019-04-24,中证绿色债券指数
2019-04-25,931145,中证绿色债券指数,中证绿色债,CSI Green Bond Index,CSI Green Bond,,,,109.97,0.0,0.0,1.67,1.65,232.0,,2019-04-25,中证绿色债券指数
2019-04-26,931145,中证绿色债券指数,中证绿色债,CSI Green Bond Index,CSI Green Bond,,,,109.99,0.02,0.01,0.01,0.01,232.0,,2019-04-26,中证绿色债券指数
2019-04-29,931145,中证绿色债券指数,中证绿色债,CSI Green Bond Index,CSI Green Bond,,,,109.96,-0.03,-0.03,3.71,3.73,232.0,,2019-04-29,中证绿色债券指数
2019-04-30,931145,中证绿色债券指数,中证绿色债,CSI Green Bond Index,CSI Green Bond,,,,110.0,0.05,0.04,0.61,0.61,232.0,,2019-04-30,中证绿色债券指数
2019-05-06,931145,中证绿色债券指数,中证绿色债,CSI Green Bond Index,CSI Green Bond,,,,110.19,0.19,0.17,0.46,0.46,242.0,,2019-05-06,中证绿色债券指数
2019-05-07,931145,中证绿色债券指数,中证绿色债,CSI Green Bond Index,CSI Green Bond,,,,110.23,0.04,0.03,3.89,3.89,242.0,,2019-05-07,中证绿色债券指数
2019-05-08,931145,中证绿色债券指数,中证绿色债,CSI Green Bond Index,CSI Green Bond,,,,110.3,0.07,0.06,2.3,2.31,242.0,,2019-05-08,中证绿色债券指数
2019-05-09,931145,中证绿色债券指数,中证绿色债,CSI Green Bond Index,CSI Green Bond,,,,110.38,0.08,0.07,2.16,2.15,242.0,,2019-05-09,中证绿色债券指数
2019-05-10,931145,中证绿色债券指数,中证绿色债,CSI Green Bond Index,CSI Green Bond,,,,110.42,0.04,0.04,0.21,0.21,242.0,,2019-05-10,中证绿色债券指数
2019-05-13,931145,中证绿色债券指数,中证绿色债,CSI Green Bond Index,CSI Green Bond,,,,110.51,0.09,0.08,1.47,1.48,242.0,,2019-05-13,中证绿色债券指数
2019-05-14,931145,中证绿色债券指数,中证绿色债,CSI Green Bond Index,CSI Green Bond,,,,110.55,0.04,0.04,2.91,2.92,242.0,,2019-05-14,中证绿色债券指数
2019-05-15,931145,中证绿色债券指数,中证绿色债,CSI Green Bond Index,CSI Green Bond,,,,110.58,0.03,0.03,0.9,0.9,242.0,,2019-05-15,中证绿色债券指数
2019-05-16,931145,中证绿色债券指数,中证绿色债,CSI Green Bond Index,CSI Green Bond,,,,110.59,0.01,0.01,22.67,22.84,242.0,,2019-05-16,中证绿色债券指数
2019-05-17,931145,中证绿色债券指数,中证绿色债,CSI Green Bond Index,CSI Green Bond,,,,110.62,0.03,0.03,1.02,1.01,242.0,,2019-05-17,中证绿色债券指数
2019-05-20,931145,中证绿色债券指数,中证绿色债,CSI Green Bond Index,CSI Green Bond,,,,110.67,0.04,0.04,0.66,0.66,242.0,,2019-05-20,中证绿色债券指数
2019-05-21,931145,中证绿色债券指数,中证绿色债,CSI Green Bond Index,CSI Green Bond,,,,110.67,0.01,0.01,2.65,2.65,242.0,,2019-05-21,中证绿色债券指数
2019-05-22,931145,中证绿色债券指数,中证绿色债,CSI Green Bond Index,CSI Green Bond,,,,110.66,-0.01,-0.01,2.53,2.54,242.0,,2019-05-22,中证绿色债券指数
2019-05-23,931145,中证绿色债券指数,中证绿色债,CSI Green Bond Index,CSI Green Bond,,,,110.66,0.0,0.0,2.5,2.5,241.0,,2019-05-23,中证绿色债券指数
2019-05-24,931145,中证绿色债券指数,中证绿色债,CSI Green Bond Index,CSI Green Bond,,,,110.69,0.04,0.03,0.01,0.01,241.0,,2019-05-24,中证绿色债券指数
2019-05-27,931145,中证绿色债券指数,中证绿色债,CSI Green Bond Index,CSI Green Bond,,,,110.66,-0.03,-0.03,1.4,1.44,241.0,,2019-05-27,中证绿色债券指数
2019-05-28,931145,中证绿色债券指数,中证绿色债,CSI Green Bond Index,CSI Green Bond,,,,110.66,0.0,0.0,2.2,2.23,241.0,,2019-05-28,中证绿色债券指数
2019-05-29,931145,中证绿色债券指数,中证绿色债,CSI Green Bond Index,CSI Green Bond,,,,110.67,0.0,0.0,0.81,0.82,241.0,,2019-05-29,中证绿色债券指数
2019-05-30,931145,中证绿色债券指数,中证绿色债,CSI Green Bond Index,CSI Green Bond,,,,110.69,0.02,0.02,2.6,2.65,241.0,,2019-05-30,中证绿色债券指数
2019-05-31,931145,中证绿色债券指数,中证绿色债,CSI Green Bond Index,CSI Green Bond,,,,110.72,0.03,0.03,5.61,5.67,241.0,,2019-05-31,中证绿色债券指数
2019-06-03,931145,中证绿色债券指数,中证绿色债,CSI Green Bond Index,CSI Green Bond,,,,110.74,0.02,0.02,2.01,2.03,242.0,,2019-06-03,中证绿色债券指数
2019-06-04,931145,中证绿色债券指数,中证绿色债,CSI Green Bond Index,CSI Green Bond,,,,110.77,0.02,0.02,1.5,1.5,242.0,,2019-06-04,中证绿色债券指数
2019-06-05,931145,中证绿色债券指数,中证绿色债,CSI Green Bond Index,CSI Green Bond,,,,110.77,0.01,0.01,3.2,3.23,242.0,,2019-06-05,中证绿色债券指数
2019-06-06,931145,中证绿色债券指数,中证绿色债,CSI Green Bond Index,CSI Green Bond,,,,110.8,0.02,0.02,0.6,0.6,242.0,,2019-06-06,中证绿色债券指数
2019-06-10,931145,中证绿色债券指数,中证绿色债,CSI Green Bond Index,CSI Green Bond,,,,110.84,0.04,0.04,1.3,1.33,242.0,,2019-06-10,中证绿色债券指数
2019-06-11,931145,中证绿色债券指数,中证绿色债,CSI Green Bond Index,CSI Green Bond,,,,110.82,-0.01,-0.01,2.07,2.07,242.0,,2019-06-11,中证绿色债券指数
2019-06-12,931145,中证绿色债券指数,中证绿色债,CSI Green Bond Index,CSI Green Bond,,,,110.86,0.04,0.03,4.49,4.46,242.0,,2019-06-12,中证绿色债券指数
2019-06-13,931145,中证绿色债券指数,中证绿色债,CSI Green Bond Index,CSI Green Bond,,,,110.86,-0.01,-0.01,1.33,1.33,242.0,,2019-06-13,中证绿色债券指数
2019-06-14,931145,中证绿色债券指数,中证绿色债,CSI Green Bond Index,CSI Green Bond,,,,110.86,0.0,0.0,3.08,3.1,242.0,,2019-06-14,中证绿色债券指数
2019-06-17,931145,中证绿色债券指数,中证绿色债,CSI Green Bond Index,CSI Green Bond,,,,110.88,0.03,0.03,2.48,2.47,242.0,,2019-06-17,中证绿色债券指数
2019-06-18,931145,中证绿色债券指数,中证绿色债,CSI Green Bond Index,CSI Green Bond,,,,110.93,0.04,0.04,2.0,2.01,242.0,,2019-06-18,中证绿色债券指数
2019-06-19,931145,中证绿色债券指数,中证绿色债,CSI Green Bond Index,CSI Green Bond,,,,110.97,0.04,0.04,8.0,8.11,242.0,,2019-06-19,中证绿色债券指数
2019-06-20,931145,中证绿色债券指数,中证绿色债,CSI Green Bond Index,CSI Green Bond,,,,111.02,0.05,0.04,2.2,2.19,242.0,,2019-06-20,中证绿色债券指数
2019-06-21,931145,中证绿色债券指数,中证绿色债,CSI Green Bond Index,CSI Green Bond,,,,111.06,0.04,0.04,2.5,2.5,242.0,,2019-06-21,中证绿色债券指数
2019-06-24,931145,中证绿色债券指数,中证绿色债,CSI Green Bond Index,CSI Green Bond,,,,111.12,0.06,0.05,1.15,1.16,242.0,,2019-06-24,中证绿色债券指数
2019-06-25,931145,中证绿色债券指数,中证绿色债,CSI Green Bond Index,CSI Green Bond,,,,111.15,0.03,0.03,2.67,2.68,242.0,,2019-06-25,中证绿色债券指数
2019-06-26,931145,中证绿色债券指数,中证绿色债,CSI Green Bond Index,CSI Green Bond,,,,111.18,0.03,0.03,0.81,0.84,242.0,,2019-06-26,中证绿色债券指数
2019-06-27,931145,中证绿色债券指数,中证绿色债,CSI Green Bond Index,CSI Green Bond,,,,111.22,0.04,0.03,0.8,0.81,242.0,,2019-06-27,中证绿色债券指数
2019-06-28,931145,中证绿色债券指数,中证绿色债,CSI Green Bond Index,CSI Green Bond,,,,111.26,0.04,0.04,2.02,2.0,242.0,,2019-06-28,中证绿色债券指数
2019-07-01,931145,中证绿色债券指数,中证绿色债,CSI Green Bond Index,CSI Green Bond,,,,111.3,0.04,0.03,4.3,4.31,250.0,,2019-07-01,中证绿色债券指数
2019-07-02,931145,中证绿色债券指数,中证绿色债,CSI Green Bond Index,CSI Green Bond,,,,111.36,0.06,0.05,3.9,3.87,250.0,,2019-07-02,中证绿色债券指数
2019-07-03,931145,中证绿色债券指数,中证绿色债,CSI Green Bond Index,CSI Green Bond,,,,111.43,0.07,0.06,4.72,4.69,250.0,,2019-07-03,中证绿色债券指数
2019-07-04,931145,中证绿色债券指数,中证绿色债,CSI Green Bond Index,CSI Green Bond,,,,111.48,0.05,0.04,3.04,3.07,250.0,,2019-07-04,中证绿色债券指数
2019-07-05,931145,中证绿色债券指数,中证绿色债,CSI Green Bond Index,CSI Green Bond,,,,111.51,0.03,0.03,2.62,2.61,250.0,,2019-07-05,中证绿色债券指数
2019-07-08,931145,中证绿色债券指数,中证绿色债,CSI Green Bond Index,CSI Green Bond,,,,111.52,0.01,0.01,0.13,0.13,250.0,,2019-07-08,中证绿色债券指数
2019-07-09,931145,中证绿色债券指数,中证绿色债,CSI Green Bond Index,CSI Green Bond,,,,111.51,-0.01,-0.01,1.4,1.42,250.0,,2019-07-09,中证绿色债券指数
2019-07-10,931145,中证绿色债券指数,中证绿色债,CSI Green Bond Index,CSI Green Bond,,,,111.54,0.02,0.02,3.99,4.02,250.0,,2019-07-10,中证绿色债券指数
2019-07-11,931145,中证绿色债券指数,中证绿色债,CSI Green Bond Index,CSI Green Bond,,,,111.54,0.01,0.01,4.64,4.69,250.0,,2019-07-11,中证绿色债券指数
2019-07-12,931145,中证绿色债券指数,中证绿色债,CSI Green Bond Index,CSI Green Bond,,,,111.56,0.02,0.02,1.21,1.25,250.0,,2019-07-12,中证绿色债券指数
2019-07-15,931145,中证绿色债券指数,中证绿色债,CSI Green Bond Index,CSI Green Bond,,,,111.61,0.05,0.04,2.13,2.06,250.0,,2019-07-15,中证绿色债券指数
2019-07-16,931145,中证绿色债券指数,中证绿色债,CSI Green Bond Index,CSI Green Bond,,,,111.62,0.01,0.01,7.12,7.21,250.0,,2019-07-16,中证绿色债券指数
2019-07-17,931145,中证绿色债券指数,中证绿色债,CSI Green Bond Index,CSI Green Bond,,,,111.64,0.02,0.02,2.2,2.2,250.0,,2019-07-17,中证绿色债券指数
2019-07-18,931145,中证绿色债券指数,中证绿色债,CSI Green Bond Index,CSI Green Bond,,,,111.67,0.03,0.02,2.72,2.76,250.0,,2019-07-18,中证绿色债券指数
2019-07-19,931145,中证绿色债券指数,中证绿色债,CSI Green Bond Index,CSI Green Bond,,,,111.67,0.0,0.0,5.82,5.86,250.0,,2019-07-19,中证绿色债券指数
2019-07-22,931145,中证绿色债券指数,中证绿色债,CSI Green Bond Index,CSI Green Bond,,,,111.71,0.05,0.04,1.73,1.73,250.0,,2019-07-22,中证绿色债券指数
2019-07-23,931145,中证绿色债券指数,中证绿色债,CSI Green Bond Index,CSI Green Bond,,,,111.77,0.05,0.05,4.7,4.61,250.0,,2019-07-23,中证绿色债券指数
2019-07-24,931145,中证绿色债券指数,中证绿色债,CSI Green Bond Index,CSI Green Bond,,,,111.79,0.03,0.02,0.04,0.04,250.0,,2019-07-24,中证绿色债券指数
2019-07-25,931145,中证绿色债券指数,中证绿色债,CSI Green Bond Index,CSI Green Bond,,,,111.79,0.0,0.0,1.33,1.32,250.0,,2019-07-25,中证绿色债券指数
2019-07-26,931145,中证绿色债券指数,中证绿色债,CSI Green Bond Index,CSI Green Bond,,,,111.82,0.03,0.03,1.42,1.39,250.0,,2019-07-26,中证绿色债券指数
2019-07-29,931145,中证绿色债券指数,中证绿色债,CSI Green Bond Index,CSI Green Bond,,,,111.85,0.03,0.03,0.9,0.92,250.0,,2019-07-29,中证绿色债券指数
2019-07-30,931145,中证绿色债券指数,中证绿色债,CSI Green Bond Index,CSI Green Bond,,,,111.86,0.01,0.01,1.9,1.9,250.0,,2019-07-30,中证绿色债券指数
2019-07-31,931145,中证绿色债券指数,中证绿色债,CSI Green Bond Index,CSI Green Bond,,,,111.9,0.04,0.04,2.1,2.12,250.0,,2019-07-31,中证绿色债券指数
2019-08-01,931145,中证绿色债券指数,中证绿色债,CSI Green Bond Index,CSI Green Bond,,,,111.93,0.03,0.03,0.77,0.77,256.0,,2019-08-01,中证绿色债券指数
2019-08-02,931145,中证绿色债券指数,中证绿色债,CSI Green Bond Index,CSI Green Bond,,,,112.0,0.06,0.06,4.53,4.65,256.0,,2019-08-02,中证绿色债券指数
2019-08-05,931145,中证绿色债券指数,中证绿色债,CSI Green Bond Index,CSI Green Bond,,,,112.08,0.09,0.08,1.09,1.11,256.0,,2019-08-05,中证绿色债券指数
2019-08-06,931145,中证绿色债券指数,中证绿色债,CSI Green Bond Index,CSI Green Bond,,,,112.13,0.04,0.04,6.53,6.55,256.0,,2019-08-06,中证绿色债券指数
2019-08-07,931145,中证绿色债券指数,中证绿色债,CSI Green Bond Index,CSI Green Bond,,,,112.15,0.02,0.02,8.63,8.73,256.0,,2019-08-07,中证绿色债券指数
2019-08-08,931145,中证绿色债券指数,中证绿色债,CSI Green Bond Index,CSI Green Bond,,,,112.16,0.01,0.01,3.57,3.63,256.0,,2019-08-08,中证绿色债券指数
2019-08-09,931145,中证绿色债券指数,中证绿色债,CSI Green Bond Index,CSI Green Bond,,,,112.2,0.04,0.03,0.51,0.51,256.0,,2019-08-09,中证绿色债券指数
2019-08-12,931145,中证绿色债券指数,中证绿色债,CSI Green Bond Index,CSI Green Bond,,,,112.23,0.04,0.03,1.51,1.52,256.0,,2019-08-12,中证绿色债券指数
2019-08-13,931145,中证绿色债券指数,中证绿色债,CSI Green Bond Index,CSI Green Bond,,,,112.24,0.01,0.01,0.75,0.75,256.0,,2019-08-13,中证绿色债券指数
2019-08-14,931145,中证绿色债券指数,中证绿色债,CSI Green Bond Index,CSI Green Bond,,,,112.27,0.02,0.02,3.49,3.52,256.0,,2019-08-14,中证绿色债券指数
2019-08-15,931145,中证绿色债券指数,中证绿色债,CSI Green Bond Index,CSI Green Bond,,,,112.31,0.04,0.04,5.34,5.36,256.0,,2019-08-15,中证绿色债券指数
2019-08-16,931145,中证绿色债券指数,中证绿色债,CSI Green Bond Index,CSI Green Bond,,,,112.33,0.02,0.02,0.65,0.67,256.0,,2019-08-16,中证绿色债券指数
2019-08-19,931145,中证绿色债券指数,中证绿色债,CSI Green Bond Index,CSI Green Bond,,,,112.36,0.03,0.02,2.21,2.24,255.0,,2019-08-19,中证绿色债券指数
2019-08-20,931145,中证绿色债券指数,中证绿色债,CSI Green Bond Index,CSI Green Bond,,,,112.35,0.0,0.0,0.91,0.91,255.0,,2019-08-20,中证绿色债券指数
2019-08-21,931145,中证绿色债券指数,中证绿色债,CSI Green Bond Index,CSI Green Bond,,,,112.37,0.01,0.01,1.41,1.42,255.0,,2019-08-21,中证绿色债券指数
2019-08-22,931145,中证绿色债券指数,中证绿色债,CSI Green Bond Index,CSI Green Bond,,,,112.36,-0.01,-0.01,2.18,2.23,255.0,,2019-08-22,中证绿色债券指数
2019-08-23,931145,中证绿色债券指数,中证绿色债,CSI Green Bond Index,CSI Green Bond,,,,112.35,-0.01,-0.01,5.81,5.89,255.0,,2019-08-23,中证绿色债券指数
2019-08-26,931145,中证绿色债券指数,中证绿色债,CSI Green Bond Index,CSI Green Bond,,,,112.4,0.04,0.04,2.43,2.47,255.0,,2019-08-26,中证绿色债券指数
2019-08-27,931145,中证绿色债券指数,中证绿色债,CSI Green Bond Index,CSI Green Bond,,,,112.4,0.01,0.01,3.22,3.28,255.0,,2019-08-27,中证绿色债券指数
2019-08-28,931145,中证绿色债券指数,中证绿色债,CSI Green Bond Index,CSI Green Bond,,,,112.41,0.01,0.01,0.8,0.81,255.0,,2019-08-28,中证绿色债券指数
2019-08-29,931145,中证绿色债券指数,中证绿色债,CSI Green Bond Index,CSI Green Bond,,,,112.42,0.01,0.01,2.31,2.39,255.0,,2019-08-29,中证绿色债券指数
2019-08-30,931145,中证绿色债券指数,中证绿色债,CSI Green Bond Index,CSI Green Bond,,,,112.42,0.0,0.0,0.01,0.01,255.0,,2019-08-30,中证绿色债券指数
2019-09-02,931145,中证绿色债券指数,中证绿色债,CSI Green Bond Index,CSI Green Bond,,,,112.43,0.01,0.01,4.91,4.95,258.0,,2019-09-02,中证绿色债券指数
2019-09-03,931145,中证绿色债券指数,中证绿色债,CSI Green Bond Index,CSI Green Bond,,,,112.44,0.01,0.01,2.01,2.02,257.0,,2019-09-03,中证绿色债券指数
2019-09-04,931145,中证绿色债券指数,中证绿色债,CSI Green Bond Index,CSI Green Bond,,,,112.47,0.03,0.02,4.46,4.53,257.0,,2019-09-04,中证绿色债券指数
2019-09-05,931145,中证绿色债券指数,中证绿色债,CSI Green Bond Index,CSI Green Bond,,,,112.54,0.07,0.06,4.21,4.18,257.0,,2019-09-05,中证绿色债券指数
2019-09-06,931145,中证绿色债券指数,中证绿色债,CSI Green Bond Index,CSI Green Bond,,,,112.55,0.02,0.01,3.72,3.74,257.0,,2019-09-06,中证绿色债券指数
2019-09-09,931145,中证绿色债券指数,中证绿色债,CSI Green Bond Index,CSI Green Bond,,,,112.6,0.05,0.04,2.65,2.67,257.0,,2019-09-09,中证绿色债券指数
2019-09-10,931145,中证绿色债券指数,中证绿色债,CSI Green Bond Index,CSI Green Bond,,,,112.6,0.0,0.0,1.92,1.94,257.0,,2019-09-10,中证绿色债券指数
2019-09-11,931145,中证绿色债券指数,中证绿色债,CSI Green Bond Index,CSI Green Bond,,,,112.61,0.01,0.01,1.8,1.8,257.0,,2019-09-11,中证绿色债券指数
2019-09-12,931145,中证绿色债券指数,中证绿色债,CSI Green Bond Index,CSI Green Bond,,,,112.62,0.01,0.01,0.42,0.42,257.0,,2019-09-12,中证绿色债券指数
2019-09-16,931145,中证绿色债券指数,中证绿色债,CSI Green Bond Index,CSI Green Bond,,,,112.68,0.06,0.05,3.37,3.25,257.0,,2019-09-16,中证绿色债券指数
2019-09-17,931145,中证绿色债券指数,中证绿色债,CSI Green Bond Index,CSI Green Bond,,,,112.7,0.02,0.02,0.4,0.4,257.0,,2019-09-17,中证绿色债券指数
2019-09-18,931145,中证绿色债券指数,中证绿色债,CSI Green Bond Index,CSI Green Bond,,,,112.71,0.01,0.01,2.59,2.61,257.0,,2019-09-18,中证绿色债券指数
2019-09-19,931145,中证绿色债券指数,中证绿色债,CSI Green Bond Index,CSI Green Bond,,,,112.73,0.02,0.02,2.3,2.3,257.0,,2019-09-19,中证绿色债券指数
2019-09-20,931145,中证绿色债券指数,中证绿色债,CSI Green Bond Index,CSI Green Bond,,,,112.71,-0.01,-0.01,2.0,2.05,257.0,,2019-09-20,中证绿色债券指数
2019-09-23,931145,中证绿色债券指数,中证绿色债,CSI Green Bond Index,CSI Green Bond,,,,112.74,0.03,0.03,2.94,2.97,257.0,,2019-09-23,中证绿色债券指数
2019-09-24,931145,中证绿色债券指数,中证绿色债,CSI Green Bond Index,CSI Green Bond,,,,112.75,0.01,0.01,0.9,0.9,257.0,,2019-09-24,中证绿色债券指数
2019-09-25,931145,中证绿色债券指数,中证绿色债,CSI Green Bond Index,CSI Green Bond,,,,112.75,0.0,0.0,1.06,1.06,257.0,,2019-09-25,中证绿色债券指数
2019-09-26,931145,中证绿色债券指数,中证绿色债,CSI Green Bond Index,CSI Green Bond,,,,112.77,0.02,0.02,5.1,5.1,257.0,,2019-09-26,中证绿色债券指数
2019-09-27,931145,中证绿色债券指数,中证绿色债,CSI Green Bond Index,CSI Green Bond,,,,112.76,0.0,0.0,0.4,0.4,257.0,,2019-09-27,中证绿色债券指数
2019-09-30,931145,中证绿色债券指数,中证绿色债,CSI Green Bond Index,CSI Green Bond,,,,112.81,0.04,0.04,0.2,0.2,257.0,,2019-09-30,中证绿色债券指数
2019-10-08,931145,中证绿色债券指数,中证绿色债,CSI Green Bond Index,CSI Green Bond,,,,112.91,0.11,0.09,0.7,0.69,276.0,,2019-10-08,中证绿色债券指数
2019-10-09,931145,中证绿色债券指数,中证绿色债,CSI Green Bond Index,CSI Green Bond,,,,112.91,0.0,0.0,2.95,2.95,276.0,,2019-10-09,中证绿色债券指数
2019-10-10,931145,中证绿色债券指数,中证绿色债,CSI Green Bond Index,CSI Green Bond,,,,112.93,0.01,0.01,0.6,0.61,276.0,,2019-10-10,中证绿色债券指数
2019-10-11,931145,中证绿色债券指数,中证绿色债,CSI Green Bond Index,CSI Green Bond,,,,112.94,0.01,0.01,0.2,0.2,276.0,,2019-10-11,中证绿色债券指数
2019-10-14,931145,中证绿色债券指数,中证绿色债,CSI Green Bond Index,CSI Green Bond,,,,112.96,0.02,0.02,1.8,1.81,276.0,,2019-10-14,中证绿色债券指数
2019-10-15,931145,中证绿色债券指数,中证绿色债,CSI Green Bond Index,CSI Green Bond,,,,112.94,-0.02,-0.01,3.0,3.02,276.0,,2019-10-15,中证绿色债券指数
2019-10-16,931145,中证绿色债券指数,中证绿色债,CSI Green Bond Index,CSI Green Bond,,,,112.95,0.0,0.0,5.1,5.09,276.0,,2019-10-16,中证绿色债券指数
2019-10-17,931145,中证绿色债券指数,中证绿色债,CSI Green Bond Index,CSI Green Bond,,,,112.95,0.01,0.01,0.28,0.27,276.0,,2019-10-17,中证绿色债券指数
2019-10-18,931145,中证绿色债券指数,中证绿色债,CSI Green Bond Index,CSI Green Bond,,,,112.97,0.02,0.02,1.74,1.75,276.0,,2019-10-18,中证绿色债券指数
2019-10-21,931145,中证绿色债券指数,中证绿色债,CSI Green Bond Index,CSI Green Bond,,,,113.0,0.03,0.02,2.4,2.41,276.0,,2019-10-21,中证绿色债券指数
2019-10-22,931145,中证绿色债券指数,中证绿色债,CSI Green Bond Index,CSI Green Bond,,,,112.97,-0.03,-0.03,6.3,6.3,276.0,,2019-10-22,中证绿色债券指数
2019-10-23,931145,中证绿色债券指数,中证绿色债,CSI Green Bond Index,CSI Green Bond,,,,112.98,0.01,0.01,1.64,1.65,276.0,,2019-10-23,中证绿色债券指数
2019-10-24,931145,中证绿色债券指数,中证绿色债,CSI Green Bond Index,CSI Green Bond,,,,112.97,0.0,0.0,2.9,2.9,276.0,,2019-10-24,中证绿色债券指数
2019-10-25,931145,中证绿色债券指数,中证绿色债,CSI Green Bond Index,CSI Green Bond,,,,112.98,0.01,0.01,1.36,1.38,276.0,,2019-10-25,中证绿色债券指数
2019-10-28,931145,中证绿色债券指数,中证绿色债,CSI Green Bond Index,CSI Green Bond,,,,113.0,0.02,0.01,4.66,4.51,275.0,,2019-10-28,中证绿色债券指数
2019-10-29,931145,中证绿色债券指数,中证绿色债,CSI Green Bond Index,CSI Green Bond,,,,112.99,-0.01,-0.01,0.0,0.0,275.0,,2019-10-29,中证绿色债券指数
2019-10-30,931145,中证绿色债券指数,中证绿色债,CSI Green Bond Index,CSI Green Bond,,,,112.95,-0.05,-0.04,2.19,2.2,275.0,,2019-10-30,中证绿色债券指数
2019-10-31,931145,中证绿色债券指数,中证绿色债,CSI Green Bond Index,CSI Green Bond,,,,112.92,-0.02,-0.02,1.2,1.19,275.0,,2019-10-31,中证绿色债券指数
2019-11-01,931145,中证绿色债券指数,中证绿色债,CSI Green Bond Index,CSI Green Bond,,,,112.9,-0.03,-0.02,1.21,1.19,277.0,,2019-11-01,中证绿色债券指数
2019-11-04,931145,中证绿色债券指数,中证绿色债,CSI Green Bond Index,CSI Green Bond,,,,112.92,0.02,0.02,2.86,2.85,277.0,,2019-11-04,中证绿色债券指数
2019-11-05,931145,中证绿色债券指数,中证绿色债,CSI Green Bond Index,CSI Green Bond,,,,112.94,0.02,0.02,2.38,2.39,277.0,,2019-11-05,中证绿色债券指数
2019-11-06,931145,中证绿色债券指数,中证绿色债,CSI Green Bond Index,CSI Green Bond,,,,112.97,0.04,0.03,1.86,1.87,277.0,,2019-11-06,中证绿色债券指数
2019-11-07,931145,中证绿色债券指数,中证绿色债,CSI Green Bond Index,CSI Green Bond,,,,113.01,0.03,0.03,2.0,1.98,277.0,,2019-11-07,中证绿色债券指数
2019-11-08,931145,中证绿色债券指数,中证绿色债,CSI Green Bond Index,CSI Green Bond,,,,113.02,0.02,0.02,1.05,1.06,277.0,,2019-11-08,中证绿色债券指数
2019-11-11,931145,中证绿色债券指数,中证绿色债,CSI Green Bond Index,CSI Green Bond,,,,113.09,0.06,0.06,4.66,4.7,277.0,,2019-11-11,中证绿色债券指数
2019-11-12,931145,中证绿色债券指数,中证绿色债,CSI Green Bond Index,CSI Green Bond,,,,113.11,0.03,0.02,4.61,4.54,277.0,,2019-11-12,中证绿色债券指数
2019-11-13,931145,中证绿色债券指数,中证绿色债,CSI Green Bond Index,CSI Green Bond,,,,113.13,0.02,0.01,2.45,2.45,277.0,,2019-11-13,中证绿色债券指数
2019-11-14,931145,中证绿色债券指数,中证绿色债,CSI Green Bond Index,CSI Green Bond,,,,113.13,0.0,0.0,0.6,0.62,277.0,,2019-11-14,中证绿色债券指数
2019-11-15,931145,中证绿色债券指数,中证绿色债,CSI Green Bond Index,CSI Green Bond,,,,113.16,0.03,0.02,0.0,0.0,277.0,,2019-11-15,中证绿色债券指数
2019-11-18,931145,中证绿色债券指数,中证绿色债,CSI Green Bond Index,CSI Green Bond,,,,113.22,0.06,0.05,0.73,0.72,277.0,,2019-11-18,中证绿色债券指数
2019-11-19,931145,中证绿色债券指数,中证绿色债,CSI Green Bond Index,CSI Green Bond,,,,113.28,0.07,0.06,2.49,2.5,277.0,,2019-11-19,中证绿色债券指数
2019-11-20,931145,中证绿色债券指数,中证绿色债,CSI Green Bond Index,CSI Green Bond,,,,113.32,0.04,0.03,2.83,2.85,277.0,,2019-11-20,中证绿色债券指数
2019-11-21,931145,中证绿色债券指数,中证绿色债,CSI Green Bond Index,CSI Green Bond,,,,113.38,0.06,0.05,0.4,0.41,277.0,,2019-11-21,中证绿色债券指数
2019-11-22,931145,中证绿色债券指数,中证绿色债,CSI Green Bond Index,CSI Green Bond,,,,113.39,0.02,0.02,2.26,2.26,277.0,,2019-11-22,中证绿色债券指数
2019-11-25,931145,中证绿色债券指数,中证绿色债,CSI Green Bond Index,CSI Green Bond,,,,113.44,0.05,0.04,2.65,2.65,277.0,,2019-11-25,中证绿色债券指数
2019-11-26,931145,中证绿色债券指数,中证绿色债,CSI Green Bond Index,CSI Green Bond,,,,113.45,0.0,0.0,2.0,2.03,277.0,,2019-11-26,中证绿色债券指数
2019-11-27,931145,中证绿色债券指数,中证绿色债,CSI Green Bond Index,CSI Green Bond,,,,113.46,0.01,0.01,1.17,1.18,277.0,,2019-11-27,中证绿色债券指数
2019-11-28,931145,中证绿色债券指数,中证绿色债,CSI Green Bond Index,CSI Green Bond,,,,113.46,0.01,0.01,2.7,2.7,277.0,,2019-11-28,中证绿色债券指数
2019-11-29,931145,中证绿色债券指数,中证绿色债,CSI Green Bond Index,CSI Green Bond,,,,113.47,0.01,0.01,0.0,0.0,277.0,,2019-11-29,中证绿色债券指数
2019-12-02,931145,中证绿色债券指数,中证绿色债,CSI Green Bond Index,CSI Green Bond,,,,113.51,0.04,0.04,2.88,2.92,275.0,,2019-12-02,中证绿色债券指数
2019-12-03,931145,中证绿色债券指数,中证绿色债,CSI Green Bond Index,CSI Green Bond,,,,113.52,0.0,0.0,4.0,4.0,275.0,,2019-12-03,中证绿色债券指数
2019-12-04,931145,中证绿色债券指数,中证绿色债,CSI Green Bond Index,CSI Green Bond,,,,113.54,0.02,0.02,0.6,0.6,275.0,,2019-12-04,中证绿色债券指数
2019-12-05,931145,中证绿色债券指数,中证绿色债,CSI Green Bond Index,CSI Green Bond,,,,113.56,0.02,0.02,2.8,2.81,275.0,,2019-12-05,中证绿色债券指数
2019-12-06,931145,中证绿色债券指数,中证绿色债,CSI Green Bond Index,CSI Green Bond,,,,113.6,0.03,0.03,8.25,8.25,274.0,,2019-12-06,中证绿色债券指数
2019-12-09,931145,中证绿色债券指数,中证绿色债,CSI Green Bond Index,CSI Green Bond,,,,113.64,0.04,0.03,4.04,4.07,274.0,,2019-12-09,中证绿色债券指数
2019-12-10,931145,中证绿色债券指数,中证绿色债,CSI Green Bond Index,CSI Green Bond,,,,113.64,0.01,0.01,4.08,4.16,274.0,,2019-12-10,中证绿色债券指数
2019-12-11,931145,中证绿色债券指数,中证绿色债,CSI Green Bond Index,CSI Green Bond,,,,113.66,0.02,0.02,8.52,8.59,274.0,,2019-12-11,中证绿色债券指数
2019-12-12,931145,中证绿色债券指数,中证绿色债,CSI Green Bond Index,CSI Green Bond,,,,113.7,0.04,0.03,2.71,2.76,274.0,,2019-12-12,中证绿色债券指数
2019-12-13,931145,中证绿色债券指数,中证绿色债,CSI Green Bond Index,CSI Green Bond,,,,113.7,0.0,0.0,2.9,2.97,274.0,,2019-12-13,中证绿色债券指数
2019-12-16,931145,中证绿色债券指数,中证绿色债,CSI Green Bond Index,CSI Green Bond,,,,113.73,0.03,0.03,3.77,3.78,274.0,,2019-12-16,中证绿色债券指数
2019-12-17,931145,中证绿色债券指数,中证绿色债,CSI Green Bond Index,CSI Green Bond,,,,113.74,0.01,0.01,0.62,0.62,274.0,,2019-12-17,中证绿色债券指数
2019-12-18,931145,中证绿色债券指数,中证绿色债,CSI Green Bond Index,CSI Green Bond,,,,113.77,0.02,0.02,3.89,3.91,274.0,,2019-12-18,中证绿色债券指数
2019-12-19,931145,中证绿色债券指数,中证绿色债,CSI Green Bond Index,CSI Green Bond,,,,113.79,0.03,0.02,4.16,4.2,274.0,,2019-12-19,中证绿色债券指数
2019-12-20,931145,中证绿色债券指数,中证绿色债,CSI Green Bond Index,CSI Green Bond,,,,113.85,0.06,0.05,7.08,7.28,274.0,,2019-12-20,中证绿色债券指数
2019-12-23,931145,中证绿色债券指数,中证绿色债,CSI Green Bond Index,CSI Green Bond,,,,113.87,0.02,0.02,5.51,5.57,274.0,,2019-12-23,中证绿色债券指数
2019-12-24,931145,中证绿色债券指数,中证绿色债,CSI Green Bond Index,CSI Green Bond,,,,113.9,0.03,0.03,2.75,2.77,274.0,,2019-12-24,中证绿色债券指数
2019-12-25,931145,中证绿色债券指数,中证绿色债,CSI Green Bond Index,CSI Green Bond,,,,113.95,0.05,0.04,3.59,3.64,274.0,,2019-12-25,中证绿色债券指数
2019-12-26,931145,中证绿色债券指数,中证绿色债,CSI Green Bond Index,CSI Green Bond,,,,113.98,0.03,0.03,1.56,1.56,274.0,,2019-12-26,中证绿色债券指数
2019-12-27,931145,中证绿色债券指数,中证绿色债,CSI Green Bond Index,CSI Green Bond,,,,114.0,0.02,0.02,1.97,1.98,274.0,,2019-12-27,中证绿色债券指数
2019-12-30,931145,中证绿色债券指数,中证绿色债,CSI Green Bond Index,CSI Green Bond,,,,114.04,0.05,0.04,3.84,3.9,274.0,,2019-12-30,中证绿色债券指数
2019-12-31,931145,中证绿色债券指数,中证绿色债,CSI Green Bond Index,CSI Green Bond,,,,114.07,0.03,0.02,4.05,4.08,274.0,,2019-12-31,中证绿色债券指数
2020-01-02,931145,中证绿色债券指数,中证绿色债,CSI Green Bond Index,CSI Green Bond,,,,114.13,0.06,0.06,1.54,1.55,293.0,,2020-01-02,中证绿色债券指数
2020-01-03,931145,中证绿色债券指数,中证绿色债,CSI Green Bond Index,CSI Green Bond,,,,114.16,0.03,0.03,4.27,4.33,293.0,,2020-01-03,中证绿色债券指数
2020-01-06,931145,中证绿色债券指数,中证绿色债,CSI Green Bond Index,CSI Green Bond,,,,114.23,0.06,0.06,2.99,2.97,293.0,,2020-01-06,中证绿色债券指数
2020-01-07,931145,中证绿色债券指数,中证绿色债,CSI Green Bond Index,CSI Green Bond,,,,114.25,0.02,0.02,3.77,3.85,293.0,,2020-01-07,中证绿色债券指数
2020-01-08,931145,中证绿色债券指数,中证绿色债,CSI Green Bond Index,CSI Green Bond,,,,114.29,0.04,0.04,3.1,3.15,293.0,,2020-01-08,中证绿色债券指数
2020-01-09,931145,中证绿色债券指数,中证绿色债,CSI Green Bond Index,CSI Green Bond,,,,114.31,0.02,0.02,1.91,1.92,293.0,,2020-01-09,中证绿色债券指数
2020-01-10,931145,中证绿色债券指数,中证绿色债,CSI Green Bond Index,CSI Green Bond,,,,114.35,0.04,0.03,1.8,1.82,293.0,,2020-01-10,中证绿色债券指数
2020-01-13,931145,中证绿色债券指数,中证绿色债,CSI Green Bond Index,CSI Green Bond,,,,114.41,0.06,0.05,3.6,3.64,293.0,,2020-01-13,中证绿色债券指数
2020-01-14,931145,中证绿色债券指数,中证绿色债,CSI Green Bond Index,CSI Green Bond,,,,114.41,0.0,0.0,1.4,1.42,293.0,,2020-01-14,中证绿色债券指数
2020-01-15,931145,中证绿色债券指数,中证绿色债,CSI Green Bond Index,CSI Green Bond,,,,114.4,0.0,0.0,5.6,5.67,293.0,,2020-01-15,中证绿色债券指数
2020-01-16,931145,中证绿色债券指数,中证绿色债,CSI Green Bond Index,CSI Green Bond,,,,114.42,0.02,0.02,3.7,3.73,293.0,,2020-01-16,中证绿色债券指数
2020-01-17,931145,中证绿色债券指数,中证绿色债,CSI Green Bond Index,CSI Green Bond,,,,114.45,0.03,0.02,2.63,2.65,293.0,,2020-01-17,中证绿色债券指数
2020-01-20,931145,中证绿色债券指数,中证绿色债,CSI Green Bond Index,CSI Green Bond,,,,114.48,0.03,0.02,0.83,0.84,292.0,,2020-01-20,中证绿色债券指数
2020-01-21,931145,中证绿色债券指数,中证绿色债,CSI Green Bond Index,CSI Green Bond,,,,114.49,0.02,0.02,1.92,1.93,292.0,,2020-01-21,中证绿色债券指数
2020-01-22,931145,中证绿色债券指数,中证绿色债,CSI Green Bond Index,CSI Green Bond,,,,114.52,0.03,0.03,3.34,3.4,292.0,,2020-01-22,中证绿色债券指数
2020-01-23,931145,中证绿色债券指数,中证绿色债,CSI Green Bond Index,CSI Green Bond,,,,114.55,0.03,0.03,0.3,0.3,292.0,,2020-01-23,中证绿色债券指数
2020-02-03,931145,中证绿色债券指数,中证绿色债,CSI Green Bond Index,CSI Green Bond,,,,114.97,0.42,0.36,0.9,0.91,295.0,,2020-02-03,中证绿色债券指数
2020-02-04,931145,中证绿色债券指数,中证绿色债,CSI Green Bond Index,CSI Green Bond,,,,114.96,-0.01,-0.01,3.7,3.76,295.0,,2020-02-04,中证绿色债券指数
2020-02-05,931145,中证绿色债券指数,中证绿色债,CSI Green Bond Index,CSI Green Bond,,,,114.96,-0.01,-0.01,2.32,2.34,295.0,,2020-02-05,中证绿色债券指数
2020-02-06,931145,中证绿色债券指数,中证绿色债,CSI Green Bond Index,CSI Green Bond,,,,114.96,0.0,0.0,0.3,0.3,295.0,,2020-02-06,中证绿色债券指数
2020-02-07,931145,中证绿色债券指数,中证绿色债,CSI Green Bond Index,CSI Green Bond,,,,115.01,0.05,0.04,0.2,0.21,295.0,,2020-02-07,中证绿色债券指数
2020-02-10,931145,中证绿色债券指数,中证绿色债,CSI Green Bond Index,CSI Green Bond,,,,115.08,0.07,0.06,0.5,0.51,295.0,,2020-02-10,中证绿色债券指数
2020-02-11,931145,中证绿色债券指数,中证绿色债,CSI Green Bond Index,CSI Green Bond,,,,115.15,0.07,0.06,1.85,1.87,295.0,,2020-02-11,中证绿色债券指数
2020-02-12,931145,中证绿色债券指数,中证绿色债,CSI Green Bond Index,CSI Green Bond,,,,115.16,0.01,0.01,2.04,2.07,295.0,,2020-02-12,中证绿色债券指数
2020-02-13,931145,中证绿色债券指数,中证绿色债,CSI Green Bond Index,CSI Green Bond,,,,115.2,0.04,0.04,4.51,4.59,295.0,,2020-02-13,中证绿色债券指数
2020-02-14,931145,中证绿色债券指数,中证绿色债,CSI Green Bond Index,CSI Green Bond,,,,115.25,0.05,0.04,0.83,0.86,295.0,,2020-02-14,中证绿色债券指数
2020-02-17,931145,中证绿色债券指数,中证绿色债,CSI Green Bond Index,CSI Green Bond,,,,115.29,0.04,0.04,2.39,2.43,295.0,,2020-02-17,中证绿色债券指数
2020-02-18,931145,中证绿色债券指数,中证绿色债,CSI Green Bond Index,CSI Green Bond,,,,115.31,0.02,0.02,0.8,0.8,295.0,,2020-02-18,中证绿色债券指数
2020-02-19,931145,中证绿色债券指数,中证绿色债,CSI Green Bond Index,CSI Green Bond,,,,115.34,0.03,0.03,2.36,2.45,295.0,,2020-02-19,中证绿色债券指数
2020-02-20,931145,中证绿色债券指数,中证绿色债,CSI Green Bond Index,CSI Green Bond,,,,115.37,0.03,0.03,5.33,5.51,295.0,,2020-02-20,中证绿色债券指数
2020-02-21,931145,中证绿色债券指数,中证绿色债,CSI Green Bond Index,CSI Green Bond,,,,115.4,0.03,0.02,0.27,0.27,295.0,,2020-02-21,中证绿色债券指数
2020-02-24,931145,中证绿色债券指数,中证绿色债,CSI Green Bond Index,CSI Green Bond,,,,115.45,0.05,0.04,4.75,4.8,295.0,,2020-02-24,中证绿色债券指数
2020-02-25,931145,中证绿色债券指数,中证绿色债,CSI Green Bond Index,CSI Green Bond,,,,115.49,0.04,0.03,8.7,8.78,295.0,,2020-02-25,中证绿色债券指数
2020-02-26,931145,中证绿色债券指数,中证绿色债,CSI Green Bond Index,CSI Green Bond,,,,115.54,0.06,0.05,2.85,2.87,295.0,,2020-02-26,中证绿色债券指数
2020-02-27,931145,中证绿色债券指数,中证绿色债,CSI Green Bond Index,CSI Green Bond,,,,115.59,0.05,0.05,2.2,2.22,295.0,,2020-02-27,中证绿色债券指数
2020-02-28,931145,中证绿色债券指数,中证绿色债,CSI Green Bond Index,CSI Green Bond,,,,115.66,0.06,0.06,5.3,5.4,295.0,,2020-02-28,中证绿色债券指数
2020-03-02,931145,中证绿色债券指数,中证绿色债,CSI Green Bond Index,CSI Green Bond,,,,115.68,0.03,0.02,4.4,4.46,297.0,,2020-03-02,中证绿色债券指数
2020-03-03,931145,中证绿色债券指数,中证绿色债,CSI Green Bond Index,CSI Green Bond,,,,115.71,0.02,0.02,2.19,2.19,297.0,,2020-03-03,中证绿色债券指数
2020-03-04,931145,中证绿色债券指数,中证绿色债,CSI Green Bond Index,CSI Green Bond,,,,115.76,0.05,0.05,2.82,2.87,297.0,,2020-03-04,中证绿色债券指数
2020-03-05,931145,中证绿色债券指数,中证绿色债,CSI Green Bond Index,CSI Green Bond,,,,115.83,0.07,0.06,2.21,2.31,297.0,,2020-03-05,中证绿色债券指数
2020-03-06,931145,中证绿色债券指数,中证绿色债,CSI Green Bond Index,CSI Green Bond,,,,115.87,0.04,0.04,1.5,1.53,297.0,,2020-03-06,中证绿色债券指数
2020-03-09,931145,中证绿色债券指数,中证绿色债,CSI Green Bond Index,CSI Green Bond,,,,116.05,0.18,0.15,1.85,1.9,297.0,,2020-03-09,中证绿色债券指数
2020-03-10,931145,中证绿色债券指数,中证绿色债,CSI Green Bond Index,CSI Green Bond,,,,116.0,-0.05,-0.04,1.61,1.64,297.0,,2020-03-10,中证绿色债券指数
2020-03-11,931145,中证绿色债券指数,中证绿色债,CSI Green Bond Index,CSI Green Bond,,,,116.0,0.0,0.0,5.7,5.81,297.0,,2020-03-11,中证绿色债券指数
2020-03-12,931145,中证绿色债券指数,中证绿色债,CSI Green Bond Index,CSI Green Bond,,,,115.98,-0.02,-0.01,2.4,2.44,297.0,,2020-03-12,中证绿色债券指数
2020-03-13,931145,中证绿色债券指数,中证绿色债,CSI Green Bond Index,CSI Green Bond,,,,115.98,-0.01,-0.01,1.7,1.73,297.0,,2020-03-13,中证绿色债券指数
2020-03-16,931145,中证绿色债券指数,中证绿色债,CSI Green Bond Index,CSI Green Bond,,,,115.95,-0.02,-0.02,1.74,1.77,297.0,,2020-03-16,中证绿色债券指数
2020-03-17,931145,中证绿色债券指数,中证绿色债,CSI Green Bond Index,CSI Green Bond,,,,115.92,-0.03,-0.03,5.7,5.79,297.0,,2020-03-17,中证绿色债券指数
2020-03-18,931145,中证绿色债券指数,中证绿色债,CSI Green Bond Index,CSI Green Bond,,,,115.9,-0.03,-0.02,2.5,2.52,297.0,,2020-03-18,中证绿色债券指数
2020-03-19,931145,中证绿色债券指数,中证绿色债,CSI Green Bond Index,CSI Green Bond,,,,115.9,0.0,0.0,5.22,5.28,297.0,,2020-03-19,中证绿色债券指数
2020-03-20,931145,中证绿色债券指数,中证绿色债,CSI Green Bond Index,CSI Green Bond,,,,115.93,0.03,0.03,0.7,0.71,297.0,,2020-03-20,中证绿色债券指数
2020-03-23,931145,中证绿色债券指数,中证绿色债,CSI Green Bond Index,CSI Green Bond,,,,116.04,0.11,0.09,3.9,3.96,297.0,,2020-03-23,中证绿色债券指数
2020-03-24,931145,中证绿色债券指数,中证绿色债,CSI Green Bond Index,CSI Green Bond,,,,116.13,0.09,0.07,3.89,3.97,297.0,,2020-03-24,中证绿色债券指数
2020-03-25,931145,中证绿色债券指数,中证绿色债,CSI Green Bond Index,CSI Green Bond,,,,116.12,0.0,0.0,4.34,4.42,297.0,,2020-03-25,中证绿色债券指数
2020-03-26,931145,中证绿色债券指数,中证绿色债,CSI Green Bond Index,CSI Green Bond,,,,116.15,0.03,0.03,3.55,3.63,297.0,,2020-03-26,中证绿色债券指数
2020-03-27,931145,中证绿色债券指数,中证绿色债,CSI Green Bond Index,CSI Green Bond,,,,116.21,0.06,0.05,4.4,4.53,297.0,,2020-03-27,中证绿色债券指数
2020-03-30,931145,中证绿色债券指数,中证绿色债,CSI Green Bond Index,CSI Green Bond,,,,116.22,0.02,0.01,5.9,6.06,297.0,,2020-03-30,中证绿色债券指数
2020-03-31,931145,中证绿色债券指数,中证绿色债,CSI Green Bond Index,CSI Green Bond,,,,116.26,0.03,0.03,2.4,2.46,297.0,,2020-03-31,中证绿色债券指数
2020-04-01,931145,中证绿色债券指数,中证绿色债,CSI Green Bond Index,CSI Green Bond,,,,116.32,0.06,0.05,1.93,1.95,311.0,,2020-04-01,中证绿色债券指数
2020-04-02,931145,中证绿色债券指数,中证绿色债,CSI Green Bond Index,CSI Green Bond,,,,116.38,0.06,0.05,7.61,7.73,311.0,,2020-04-02,中证绿色债券指数
2020-04-03,931145,中证绿色债券指数,中证绿色债,CSI Green Bond Index,CSI Green Bond,,,,116.41,0.03,0.02,3.46,3.57,311.0,,2020-04-03,中证绿色债券指数
2020-04-07,931145,中证绿色债券指数,中证绿色债,CSI Green Bond Index,CSI Green Bond,,,,116.85,0.44,0.38,1.8,1.84,311.0,,2020-04-07,中证绿色债券指数
2020-04-08,931145,中证绿色债券指数,中证绿色债,CSI Green Bond Index,CSI Green Bond,,,,116.93,0.08,0.07,3.03,3.09,311.0,,2020-04-08,中证绿色债券指数
2020-04-09,931145,中证绿色债券指数,中证绿色债,CSI Green Bond Index,CSI Green Bond,,,,116.99,0.07,0.06,3.53,3.61,311.0,,2020-04-09,中证绿色债券指数
2020-04-10,931145,中证绿色债券指数,中证绿色债,CSI Green Bond Index,CSI Green Bond,,,,117.03,0.03,0.03,2.43,2.51,311.0,,2020-04-10,中证绿色债券指数
2020-04-13,931145,中证绿色债券指数,中证绿色债,CSI Green Bond Index,CSI Green Bond,,,,117.06,0.03,0.02,1.34,1.37,311.0,,2020-04-13,中证绿色债券指数
2020-04-14,931145,中证绿色债券指数,中证绿色债,CSI Green Bond Index,CSI Green Bond,,,,117.08,0.02,0.02,0.33,0.33,311.0,,2020-04-14,中证绿色债券指数
2020-04-15,931145,中证绿色债券指数,中证绿色债,CSI Green Bond Index,CSI Green Bond,,,,117.15,0.08,0.06,2.46,2.51,311.0,,2020-04-15,中证绿色债券指数
2020-04-16,931145,中证绿色债券指数,中证绿色债,CSI Green Bond Index,CSI Green Bond,,,,117.21,0.06,0.05,3.68,3.78,311.0,,2020-04-16,中证绿色债券指数
2020-04-17,931145,中证绿色债券指数,中证绿色债,CSI Green Bond Index,CSI Green Bond,,,,117.26,0.05,0.04,0.11,0.11,311.0,,2020-04-17,中证绿色债券指数
2020-04-20,931145,中证绿色债券指数,中证绿色债,CSI Green Bond Index,CSI Green Bond,,,,117.31,0.05,0.04,3.0,3.13,311.0,,2020-04-20,中证绿色债券指数
2020-04-21,931145,中证绿色债券指数,中证绿色债,CSI Green Bond Index,CSI Green Bond,,,,117.34,0.03,0.02,0.5,0.52,311.0,,2020-04-21,中证绿色债券指数
2020-04-22,931145,中证绿色债券指数,中证绿色债,CSI Green Bond Index,CSI Green Bond,,,,117.39,0.05,0.04,1.62,1.69,311.0,,2020-04-22,中证绿色债券指数
2020-04-23,931145,中证绿色债券指数,中证绿色债,CSI Green Bond Index,CSI Green Bond,,,,117.43,0.05,0.04,1.81,1.86,311.0,,2020-04-23,中证绿色债券指数
2020-04-24,931145,中证绿色债券指数,中证绿色债,CSI Green Bond Index,CSI Green Bond,,,,117.5,0.07,0.06,2.11,2.19,311.0,,2020-04-24,中证绿色债券指数
2020-04-27,931145,中证绿色债券指数,中证绿色债,CSI Green Bond Index,CSI Green Bond,,,,117.54,0.04,0.03,4.9,5.07,311.0,,2020-04-27,中证绿色债券指数
2020-04-28,931145,中证绿色债券指数,中证绿色债,CSI Green Bond Index,CSI Green Bond,,,,117.54,0.01,0.0,10.66,10.93,311.0,,2020-04-28,中证绿色债券指数
2020-04-29,931145,中证绿色债券指数,中证绿色债,CSI Green Bond Index,CSI Green Bond,,,,117.57,0.02,0.02,1.54,1.57,311.0,,2020-04-29,中证绿色债券指数
2020-04-30,931145,中证绿色债券指数,中证绿色债,CSI Green Bond Index,CSI Green Bond,,,,117.59,0.03,0.02,1.1,1.13,311.0,,2020-04-30,中证绿色债券指数
2020-05-06,931145,中证绿色债券指数,中证绿色债,CSI Green Bond Index,CSI Green Bond,,,,117.63,0.04,0.03,1.56,1.63,323.0,,2020-05-06,中证绿色债券指数
2020-05-07,931145,中证绿色债券指数,中证绿色债,CSI Green Bond Index,CSI Green Bond,,,,117.6,-0.03,-0.03,3.85,3.98,323.0,,2020-05-07,中证绿色债券指数
2020-05-08,931145,中证绿色债券指数,中证绿色债,CSI Green Bond Index,CSI Green Bond,,,,117.54,-0.05,-0.05,4.5,4.56,323.0,,2020-05-08,中证绿色债券指数
2020-05-11,931145,中证绿色债券指数,中证绿色债,CSI Green Bond Index,CSI Green Bond,,,,117.5,-0.05,-0.04,3.26,3.4,323.0,,2020-05-11,中证绿色债券指数
2020-05-12,931145,中证绿色债券指数,中证绿色债,CSI Green Bond Index,CSI Green Bond,,,,117.43,-0.06,-0.05,6.71,6.83,323.0,,2020-05-12,中证绿色债券指数
2020-05-13,931145,中证绿色债券指数,中证绿色债,CSI Green Bond Index,CSI Green Bond,,,,117.4,-0.03,-0.03,1.82,1.85,323.0,,2020-05-13,中证绿色债券指数
2020-05-14,931145,中证绿色债券指数,中证绿色债,CSI Green Bond Index,CSI Green Bond,,,,117.4,0.0,0.0,3.62,3.73,323.0,,2020-05-14,中证绿色债券指数
2020-05-15,931145,中证绿色债券指数,中证绿色债,CSI Green Bond Index,CSI Green Bond,,,,117.41,0.01,0.01,4.8,4.94,323.0,,2020-05-15,中证绿色债券指数
2020-05-18,931145,中证绿色债券指数,中证绿色债,CSI Green Bond Index,CSI Green Bond,,,,117.45,0.04,0.04,6.47,6.64,323.0,,2020-05-18,中证绿色债券指数
2020-05-19,931145,中证绿色债券指数,中证绿色债,CSI Green Bond Index,CSI Green Bond,,,,117.43,-0.02,-0.02,4.42,4.55,323.0,,2020-05-19,中证绿色债券指数
2020-05-20,931145,中证绿色债券指数,中证绿色债,CSI Green Bond Index,CSI Green Bond,,,,117.43,0.0,0.0,4.82,4.9,323.0,,2020-05-20,中证绿色债券指数
2020-05-21,931145,中证绿色债券指数,中证绿色债,CSI Green Bond Index,CSI Green Bond,,,,117.44,0.01,0.01,3.0,3.05,323.0,,2020-05-21,中证绿色债券指数
2020-05-22,931145,中证绿色债券指数,中证绿色债,CSI Green Bond Index,CSI Green Bond,,,,117.47,0.03,0.03,0.41,0.42,323.0,,2020-05-22,中证绿色债券指数
2020-05-25,931145,中证绿色债券指数,中证绿色债,CSI Green Bond Index,CSI Green Bond,,,,117.48,0.01,0.01,2.07,2.11,323.0,,2020-05-25,中证绿色债券指数
2020-05-26,931145,中证绿色债券指数,中证绿色债,CSI Green Bond Index,CSI Green Bond,,,,117.4,-0.08,-0.06,2.55,2.59,323.0,,2020-05-26,中证绿色债券指数
2020-05-27,931145,中证绿色债券指数,中证绿色债,CSI Green Bond Index,CSI Green Bond,,,,117.31,-0.09,-0.08,2.61,2.58,323.0,,2020-05-27,中证绿色债券指数
2020-05-28,931145,中证绿色债券指数,中证绿色债,CSI Green Bond Index,CSI Green Bond,,,,117.24,-0.07,-0.06,3.41,3.53,323.0,,2020-05-28,中证绿色债券指数
2020-05-29,931145,中证绿色债券指数,中证绿色债,CSI Green Bond Index,CSI Green Bond,,,,117.2,-0.04,-0.03,1.5,1.53,323.0,,2020-05-29,中证绿色债券指数
2020-06-01,931145,中证绿色债券指数,中证绿色债,CSI Green Bond Index,CSI Green Bond,,,,117.25,0.05,0.04,9.81,9.99,328.0,,2020-06-01,中证绿色债券指数
2020-06-02,931145,中证绿色债券指数,中证绿色债,CSI Green Bond Index,CSI Green Bond,,,,117.11,-0.14,-0.12,0.88,0.9,328.0,,2020-06-02,中证绿色债券指数
2020-06-03,931145,中证绿色债券指数,中证绿色债,CSI Green Bond Index,CSI Green Bond,,,,116.82,-0.29,-0.25,4.12,4.19,328.0,,2020-06-03,中证绿色债券指数
2020-06-04,931145,中证绿色债券指数,中证绿色债,CSI Green Bond Index,CSI Green Bond,,,,116.77,-0.04,-0.04,5.5,5.68,328.0,,2020-06-04,中证绿色债券指数
2020-06-05,931145,中证绿色债券指数,中证绿色债,CSI Green Bond Index,CSI Green Bond,,,,116.57,-0.2,-0.17,1.8,1.85,328.0,,2020-06-05,中证绿色债券指数
2020-06-08,931145,中证绿色债券指数,中证绿色债,CSI Green Bond Index,CSI Green Bond,,,,116.48,-0.09,-0.08,1.17,1.18,328.0,,2020-06-08,中证绿色债券指数
2020-06-09,931145,中证绿色债券指数,中证绿色债,CSI Green Bond Index,CSI Green Bond,,,,116.48,0.0,0.0,4.65,4.71,328.0,,2020-06-09,中证绿色债券指数
2020-06-10,931145,中证绿色债券指数,中证绿色债,CSI Green Bond Index,CSI Green Bond,,,,116.53,0.05,0.04,9.36,9.46,328.0,,2020-06-10,中证绿色债券指数
2020-06-11,931145,中证绿色债券指数,中证绿色债,CSI Green Bond Index,CSI Green Bond,,,,116.55,0.02,0.01,7.22,7.33,328.0,,2020-06-11,中证绿色债券指数
2020-06-12,931145,中证绿色债券指数,中证绿色债,CSI Green Bond Index,CSI Green Bond,,,,116.59,0.04,0.04,5.85,5.92,328.0,,2020-06-12,中证绿色债券指数
2020-06-15,931145,中证绿色债券指数,中证绿色债,CSI Green Bond Index,CSI Green Bond,,,,116.68,0.09,0.07,5.05,5.12,328.0,,2020-06-15,中证绿色债券指数
2020-06-16,931145,中证绿色债券指数,中证绿色债,CSI Green Bond Index,CSI Green Bond,,,,116.62,-0.06,-0.05,1.9,1.93,328.0,,2020-06-16,中证绿色债券指数
2020-06-17,931145,中证绿色债券指数,中证绿色债,CSI Green Bond Index,CSI Green Bond,,,,116.58,-0.04,-0.03,4.7,4.7,328.0,,2020-06-17,中证绿色债券指数
2020-06-18,931145,中证绿色债券指数,中证绿色债,CSI Green Bond Index,CSI Green Bond,,,,116.61,0.03,0.03,4.83,4.9,328.0,,2020-06-18,中证绿色债券指数
2020-06-19,931145,中证绿色债券指数,中证绿色债,CSI Green Bond Index,CSI Green Bond,,,,116.59,-0.02,-0.01,3.57,3.63,328.0,,2020-06-19,中证绿色债券指数
2020-06-22,931145,中证绿色债券指数,中证绿色债,CSI Green Bond Index,CSI Green Bond,,,,116.56,-0.04,-0.03,3.89,3.96,328.0,,2020-06-22,中证绿色债券指数
2020-06-23,931145,中证绿色债券指数,中证绿色债,CSI Green Bond Index,CSI Green Bond,,,,116.47,-0.08,-0.07,4.56,4.67,328.0,,2020-06-23,中证绿色债券指数
2020-06-24,931145,中证绿色债券指数,中证绿色债,CSI Green Bond Index,CSI Green Bond,,,,116.49,0.01,0.01,4.2,4.18,328.0,,2020-06-24,中证绿色债券指数
2020-06-29,931145,中证绿色债券指数,中证绿色债,CSI Green Bond Index,CSI Green Bond,,,,116.59,0.1,0.09,27.17,27.44,328.0,,2020-06-29,中证绿色债券指数
2020-06-30,931145,中证绿色债券指数,中证绿色债,CSI Green Bond Index,CSI Green Bond,,,,116.57,-0.02,-0.01,4.86,4.91,328.0,,2020-06-30,中证绿色债券指数
2020-07-01,931145,中证绿色债券指数,中证绿色债,CSI Green Bond Index,CSI Green Bond,,,,116.6,0.04,0.03,10.6,10.63,333.0,,2020-07-01,中证绿色债券指数
2020-07-02,931145,中证绿色债券指数,中证绿色债,CSI Green Bond Index,CSI Green Bond,,,,116.62,0.01,0.01,7.62,7.58,333.0,,2020-07-02,中证绿色债券指数
2020-07-03,931145,中证绿色债券指数,中证绿色债,CSI Green Bond Index,CSI Green Bond,,,,116.64,0.02,0.02,4.12,4.24,333.0,,2020-07-03,中证绿色债券指数
2020-07-06,931145,中证绿色债券指数,中证绿色债,CSI Green Bond Index,CSI Green Bond,,,,116.56,-0.08,-0.07,3.3,3.3,333.0,,2020-07-06,中证绿色债券指数
2020-07-07,931145,中证绿色债券指数,中证绿色债,CSI Green Bond Index,CSI Green Bond,,,,116.44,-0.12,-0.1,1.92,1.95,333.0,,2020-07-07,中证绿色债券指数
2020-07-08,931145,中证绿色债券指数,中证绿色债,CSI Green Bond Index,CSI Green Bond,,,,116.42,-0.01,-0.01,3.5,3.47,333.0,,2020-07-08,中证绿色债券指数
2020-07-09,931145,中证绿色债券指数,中证绿色债,CSI Green Bond Index,CSI Green Bond,,,,116.27,-0.16,-0.14,14.16,14.25,333.0,,2020-07-09,中证绿色债券指数
2020-07-10,931145,中证绿色债券指数,中证绿色债,CSI Green Bond Index,CSI Green Bond,,,,116.19,-0.08,-0.07,7.2,7.17,333.0,,2020-07-10,中证绿色债券指数
2020-07-13,931145,中证绿色债券指数,中证绿色债,CSI Green Bond Index,CSI Green Bond,,,,116.08,-0.11,-0.09,2.63,2.65,333.0,,2020-07-13,中证绿色债券指数
2020-07-14,931145,中证绿色债券指数,中证绿色债,CSI Green Bond Index,CSI Green Bond,,,,116.02,-0.06,-0.05,8.55,8.49,333.0,,2020-07-14,中证绿色债券指数
2020-07-15,931145,中证绿色债券指数,中证绿色债,CSI Green Bond Index,CSI Green Bond,,,,116.02,0.0,0.0,10.4,10.49,333.0,,2020-07-15,中证绿色债券指数
2020-07-16,931145,中证绿色债券指数,中证绿色债,CSI Green Bond Index,CSI Green Bond,,,,116.06,0.04,0.03,11.64,11.68,333.0,,2020-07-16,中证绿色债券指数
2020-07-17,931145,中证绿色债券指数,中证绿色债,CSI Green Bond Index,CSI Green Bond,,,,116.08,0.02,0.02,1.62,1.63,333.0,,2020-07-17,中证绿色债券指数
2020-07-20,931145,中证绿色债券指数,中证绿色债,CSI Green Bond Index,CSI Green Bond,,,,116.11,0.04,0.03,6.47,6.5,332.0,,2020-07-20,中证绿色债券指数
2020-07-21,931145,中证绿色债券指数,中证绿色债,CSI Green Bond Index,CSI Green Bond,,,,116.24,0.13,0.11,35.68,35.38,332.0,,2020-07-21,中证绿色债券指数
2020-07-22,931145,中证绿色债券指数,中证绿色债,CSI Green Bond Index,CSI Green Bond,,,,116.32,0.07,0.06,8.43,8.47,332.0,,2020-07-22,中证绿色债券指数
2020-07-23,931145,中证绿色债券指数,中证绿色债,CSI Green Bond Index,CSI Green Bond,,,,116.36,0.05,0.04,8.39,8.44,332.0,,2020-07-23,中证绿色债券指数
2020-07-24,931145,中证绿色债券指数,中证绿色债,CSI Green Bond Index,CSI Green Bond,,,,116.42,0.06,0.05,3.0,3.03,332.0,,2020-07-24,中证绿色债券指数
2020-07-27,931145,中证绿色债券指数,中证绿色债,CSI Green Bond Index,CSI Green Bond,,,,116.49,0.07,0.06,3.2,3.18,332.0,,2020-07-27,中证绿色债券指数
2020-07-28,931145,中证绿色债券指数,中证绿色债,CSI Green Bond Index,CSI Green Bond,,,,116.51,0.02,0.02,4.3,4.32,332.0,,2020-07-28,中证绿色债券指数
2020-07-29,931145,中证绿色债券指数,中证绿色债,CSI Green Bond Index,CSI Green Bond,,,,116.5,-0.01,-0.01,6.16,6.2,332.0,,2020-07-29,中证绿色债券指数
2020-07-30,931145,中证绿色债券指数,中证绿色债,CSI Green Bond Index,CSI Green Bond,,,,116.46,-0.04,-0.04,2.8,2.82,332.0,,2020-07-30,中证绿色债券指数
2020-07-31,931145,中证绿色债券指数,中证绿色债,CSI Green Bond Index,CSI Green Bond,,,,116.45,-0.01,-0.01,3.0,3.03,332.0,,2020-07-31,中证绿色债券指数
2020-08-03,931145,中证绿色债券指数,中证绿色债,CSI Green Bond Index,CSI Green Bond,,,,116.44,-0.01,-0.01,6.15,6.2,328.0,,2020-08-03,中证绿色债券指数
2020-08-04,931145,中证绿色债券指数,中证绿色债,CSI Green Bond Index,CSI Green Bond,,,,116.44,0.0,0.0,3.35,3.35,328.0,,2020-08-04,中证绿色债券指数
2020-08-05,931145,中证绿色债券指数,中证绿色债,CSI Green Bond Index,CSI Green Bond,,,,116.45,0.01,0.01,4.5,4.57,328.0,,2020-08-05,中证绿色债券指数
2020-08-06,931145,中证绿色债券指数,中证绿色债,CSI Green Bond Index,CSI Green Bond,,,,116.46,0.0,0.0,2.63,2.64,328.0,,2020-08-06,中证绿色债券指数
2020-08-07,931145,中证绿色债券指数,中证绿色债,CSI Green Bond Index,CSI Green Bond,,,,116.48,0.02,0.02,7.7,7.77,328.0,,2020-08-07,中证绿色债券指数
2020-08-10,931145,中证绿色债券指数,中证绿色债,CSI Green Bond Index,CSI Green Bond,,,,116.52,0.04,0.04,9.78,9.86,328.0,,2020-08-10,中证绿色债券指数
2020-08-11,931145,中证绿色债券指数,中证绿色债,CSI Green Bond Index,CSI Green Bond,,,,116.54,0.02,0.02,3.43,3.46,328.0,,2020-08-11,中证绿色债券指数
2020-08-12,931145,中证绿色债券指数,中证绿色债,CSI Green Bond Index,CSI Green Bond,,,,116.57,0.03,0.02,9.7,9.68,328.0,,2020-08-12,中证绿色债券指数
2020-08-13,931145,中证绿色债券指数,中证绿色债,CSI Green Bond Index,CSI Green Bond,,,,116.59,0.02,0.02,3.86,3.85,328.0,,2020-08-13,中证绿色债券指数
2020-08-14,931145,中证绿色债券指数,中证绿色债,CSI Green Bond Index,CSI Green Bond,,,,116.61,0.02,0.02,0.7,0.71,328.0,,2020-08-14,中证绿色债券指数
2020-08-17,931145,中证绿色债券指数,中证绿色债,CSI Green Bond Index,CSI Green Bond,,,,116.66,0.05,0.05,4.0,4.02,328.0,,2020-08-17,中证绿色债券指数
2020-08-18,931145,中证绿色债券指数,中证绿色债,CSI Green Bond Index,CSI Green Bond,,,,116.68,0.02,0.02,10.42,10.5,328.0,,2020-08-18,中证绿色债券指数
2020-08-19,931145,中证绿色债券指数,中证绿色债,CSI Green Bond Index,CSI Green Bond,,,,116.71,0.03,0.02,3.0,3.04,328.0,,2020-08-19,中证绿色债券指数
2020-08-20,931145,中证绿色债券指数,中证绿色债,CSI Green Bond Index,CSI Green Bond,,,,116.69,-0.01,-0.01,3.22,3.23,328.0,,2020-08-20,中证绿色债券指数
2020-08-21,931145,中证绿色债券指数,中证绿色债,CSI Green Bond Index,CSI Green Bond,,,,116.65,-0.04,-0.03,1.65,1.67,328.0,,2020-08-21,中证绿色债券指数
2020-08-24,931145,中证绿色债券指数,中证绿色债,CSI Green Bond Index,CSI Green Bond,,,,116.7,0.04,0.04,2.7,2.74,328.0,,2020-08-24,中证绿色债券指数
2020-08-25,931145,中证绿色债券指数,中证绿色债,CSI Green Bond Index,CSI Green Bond,,,,116.67,-0.03,-0.02,2.99,3.03,328.0,,2020-08-25,中证绿色债券指数
2020-08-26,931145,中证绿色债券指数,中证绿色债,CSI Green Bond Index,CSI Green Bond,,,,116.61,-0.06,-0.05,0.0,0.0,328.0,,2020-08-26,中证绿色债券指数
2020-08-27,931145,中证绿色债券指数,中证绿色债,CSI Green Bond Index,CSI Green Bond,,,,116.58,-0.03,-0.02,2.63,2.61,328.0,,2020-08-27,中证绿色债券指数
2020-08-28,931145,中证绿色债券指数,中证绿色债,CSI Green Bond Index,CSI Green Bond,,,,116.55,-0.04,-0.03,8.6,8.77,328.0,,2020-08-28,中证绿色债券指数
2020-08-31,931145,中证绿色债券指数,中证绿色债,CSI Green Bond Index,CSI Green Bond,,,,116.55,0.01,0.01,1.5,1.51,328.0,,2020-08-31,中证绿色债券指数
2020-09-01,931145,中证绿色债券指数,中证绿色债,CSI Green Bond Index,CSI Green Bond,,,,116.55,-0.01,0.0,4.23,4.26,335.0,,2020-09-01,中证绿色债券指数
2020-09-02,931145,中证绿色债券指数,中证绿色债,CSI Green Bond Index,CSI Green Bond,,,,116.52,-0.03,-0.03,0.7,0.7,335.0,,2020-09-02,中证绿色债券指数
2020-09-03,931145,中证绿色债券指数,中证绿色债,CSI Green Bond Index,CSI Green Bond,,,,116.5,-0.02,-0.02,7.02,7.06,335.0,,2020-09-03,中证绿色债券指数
2020-09-04,931145,中证绿色债券指数,中证绿色债,CSI Green Bond Index,CSI Green Bond,,,,116.48,-0.02,-0.01,2.22,2.22,335.0,,2020-09-04,中证绿色债券指数
2020-09-07,931145,中证绿色债券指数,中证绿色债,CSI Green Bond Index,CSI Green Bond,,,,116.51,0.02,0.02,4.3,4.39,335.0,,2020-09-07,中证绿色债券指数
2020-09-08,931145,中证绿色债券指数,中证绿色债,CSI Green Bond Index,CSI Green Bond,,,,116.47,-0.03,-0.03,36.6,36.96,335.0,,2020-09-08,中证绿色债券指数
2020-09-09,931145,中证绿色债券指数,中证绿色债,CSI Green Bond Index,CSI Green Bond,,,,116.48,0.01,0.01,4.4,4.41,335.0,,2020-09-09,中证绿色债券指数
2020-09-10,931145,中证绿色债券指数,中证绿色债,CSI Green Bond Index,CSI Green Bond,,,,116.51,0.03,0.03,7.0,6.93,335.0,,2020-09-10,中证绿色债券指数
2020-09-11,931145,中证绿色债券指数,中证绿色债,CSI Green Bond Index,CSI Green Bond,,,,116.52,0.01,0.01,5.91,5.99,335.0,,2020-09-11,中证绿色债券指数
2020-09-14,931145,中证绿色债券指数,中证绿色债,CSI Green Bond Index,CSI Green Bond,,,,116.56,0.04,0.04,4.9,4.92,335.0,,2020-09-14,中证绿色债券指数
2020-09-15,931145,中证绿色债券指数,中证绿色债,CSI Green Bond Index,CSI Green Bond,,,,116.58,0.02,0.02,60.72,60.68,335.0,,2020-09-15,中证绿色债券指数
2020-09-16,931145,中证绿色债券指数,中证绿色债,CSI Green Bond Index,CSI Green Bond,,,,116.61,0.03,0.03,5.93,5.94,335.0,,2020-09-16,中证绿色债券指数
2020-09-17,931145,中证绿色债券指数,中证绿色债,CSI Green Bond Index,CSI Green Bond,,,,116.65,0.04,0.03,2.61,2.64,335.0,,2020-09-17,中证绿色债券指数
2020-09-18,931145,中证绿色债券指数,中证绿色债,CSI Green Bond Index,CSI Green Bond,,,,116.67,0.02,0.02,2.57,2.53,335.0,,2020-09-18,中证绿色债券指数
2020-09-21,931145,中证绿色债券指数,中证绿色债,CSI Green Bond Index,CSI Green Bond,,,,116.69,0.02,0.02,5.9,5.84,335.0,,2020-09-21,中证绿色债券指数
2020-09-22,931145,中证绿色债券指数,中证绿色债,CSI Green Bond Index,CSI Green Bond,,,,116.7,0.01,0.01,0.73,0.74,335.0,,2020-09-22,中证绿色债券指数
2020-09-23,931145,中证绿色债券指数,中证绿色债,CSI Green Bond Index,CSI Green Bond,,,,116.72,0.01,0.01,2.4,2.4,335.0,,2020-09-23,中证绿色债券指数
2020-09-24,931145,中证绿色债券指数,中证绿色债,CSI Green Bond Index,CSI Green Bond,,,,116.74,0.03,0.02,3.55,3.59,335.0,,2020-09-24,中证绿色债券指数
2020-09-25,931145,中证绿色债券指数,中证绿色债,CSI Green Bond Index,CSI Green Bond,,,,116.74,0.0,0.0,2.7,2.69,335.0,,2020-09-25,中证绿色债券指数
2020-09-28,931145,中证绿色债券指数,中证绿色债,CSI Green Bond Index,CSI Green Bond,,,,116.77,0.03,0.02,4.63,4.63,335.0,,2020-09-28,中证绿色债券指数
2020-09-29,931145,中证绿色债券指数,中证绿色债,CSI Green Bond Index,CSI Green Bond,,,,116.77,0.0,0.0,0.75,0.75,335.0,,2020-09-29,中证绿色债券指数
2020-09-30,931145,中证绿色债券指数,中证绿色债,CSI Green Bond Index,CSI Green Bond,,,,116.78,0.01,0.01,0.0,0.0,335.0,,2020-09-30,中证绿色债券指数
2020-10-09,931145,中证绿色债券指数,中证绿色债,CSI Green Bond Index,CSI Green Bond,,,,116.87,0.08,0.07,0.1,0.1,345.0,,2020-10-09,中证绿色债券指数
2020-10-12,931145,中证绿色债券指数,中证绿色债,CSI Green Bond Index,CSI Green Bond,,,,116.87,0.01,0.01,2.3,2.3,345.0,,2020-10-12,中证绿色债券指数
2020-10-13,931145,中证绿色债券指数,中证绿色债,CSI Green Bond Index,CSI Green Bond,,,,116.9,0.02,0.02,10.63,10.64,345.0,,2020-10-13,中证绿色债券指数
2020-10-14,931145,中证绿色债券指数,中证绿色债,CSI Green Bond Index,CSI Green Bond,,,,116.9,0.0,0.0,2.31,2.29,345.0,,2020-10-14,中证绿色债券指数
2020-10-15,931145,中证绿色债券指数,中证绿色债,CSI Green Bond Index,CSI Green Bond,,,,116.93,0.03,0.03,6.71,6.74,345.0,,2020-10-15,中证绿色债券指数
2020-10-16,931145,中证绿色债券指数,中证绿色债,CSI Green Bond Index,CSI Green Bond,,,,116.94,0.02,0.01,1.6,1.62,345.0,,2020-10-16,中证绿色债券指数
2020-10-19,931145,中证绿色债券指数,中证绿色债,CSI Green Bond Index,CSI Green Bond,,,,116.98,0.04,0.03,4.26,4.28,345.0,,2020-10-19,中证绿色债券指数
2020-10-20,931145,中证绿色债券指数,中证绿色债,CSI Green Bond Index,CSI Green Bond,,,,117.01,0.02,0.02,1.6,1.59,345.0,,2020-10-20,中证绿色债券指数
2020-10-21,931145,中证绿色债券指数,中证绿色债,CSI Green Bond Index,CSI Green Bond,,,,117.04,0.03,0.03,2.9,2.85,345.0,,2020-10-21,中证绿色债券指数
2020-10-22,931145,中证绿色债券指数,中证绿色债,CSI Green Bond Index,CSI Green Bond,,,,117.07,0.03,0.03,5.8,5.8,345.0,,2020-10-22,中证绿色债券指数
2020-10-23,931145,中证绿色债券指数,中证绿色债,CSI Green Bond Index,CSI Green Bond,,,,117.1,0.03,0.02,0.92,0.94,345.0,,2020-10-23,中证绿色债券指数
2020-10-26,931145,中证绿色债券指数,中证绿色债,CSI Green Bond Index,CSI Green Bond,,,,117.14,0.05,0.04,14.42,14.41,345.0,,2020-10-26,中证绿色债券指数
2020-10-27,931145,中证绿色债券指数,中证绿色债,CSI Green Bond Index,CSI Green Bond,,,,117.14,0.0,0.0,4.62,4.68,345.0,,2020-10-27,中证绿色债券指数
2020-10-28,931145,中证绿色债券指数,中证绿色债,CSI Green Bond Index,CSI Green Bond,,,,117.16,0.02,0.01,1.7,1.71,345.0,,2020-10-28,中证绿色债券指数
2020-10-29,931145,中证绿色债券指数,中证绿色债,CSI Green Bond Index,CSI Green Bond,,,,117.17,0.01,0.01,4.4,4.42,345.0,,2020-10-29,中证绿色债券指数
2020-10-30,931145,中证绿色债券指数,中证绿色债,CSI Green Bond Index,CSI Green Bond,,,,117.18,0.02,0.01,1.04,1.04,345.0,,2020-10-30,中证绿色债券指数
2020-11-02,931145,中证绿色债券指数,中证绿色债,CSI Green Bond Index,CSI Green Bond,,,,117.21,0.02,0.02,1.26,1.25,350.0,,2020-11-02,中证绿色债券指数
2020-11-03,931145,中证绿色债券指数,中证绿色债,CSI Green Bond Index,CSI Green Bond,,,,117.23,0.03,0.02,2.01,2.01,350.0,,2020-11-03,中证绿色债券指数
2020-11-04,931145,中证绿色债券指数,中证绿色债,CSI Green Bond Index,CSI Green Bond,,,,117.24,0.01,0.01,7.25,7.25,350.0,,2020-11-04,中证绿色债券指数
2020-11-05,931145,中证绿色债券指数,中证绿色债,CSI Green Bond Index,CSI Green Bond,,,,117.27,0.03,0.02,6.75,6.74,350.0,,2020-11-05,中证绿色债券指数
2020-11-06,931145,中证绿色债券指数,中证绿色债,CSI Green Bond Index,CSI Green Bond,,,,117.3,0.03,0.02,1.8,1.81,350.0,,2020-11-06,中证绿色债券指数
2020-11-09,931145,中证绿色债券指数,中证绿色债,CSI Green Bond Index,CSI Green Bond,,,,117.33,0.03,0.03,3.5,3.53,350.0,,2020-11-09,中证绿色债券指数
2020-11-10,931145,中证绿色债券指数,中证绿色债,CSI Green Bond Index,CSI Green Bond,,,,117.32,-0.01,-0.01,5.61,5.54,350.0,,2020-11-10,中证绿色债券指数
2020-11-11,931145,中证绿色债券指数,中证绿色债,CSI Green Bond Index,CSI Green Bond,,,,117.3,-0.02,-0.02,6.01,6.03,350.0,,2020-11-11,中证绿色债券指数
2020-11-12,931145,中证绿色债券指数,中证绿色债,CSI Green Bond Index,CSI Green Bond,,,,117.29,-0.01,-0.01,6.9,6.9,350.0,,2020-11-12,中证绿色债券指数
2020-11-13,931145,中证绿色债券指数,中证绿色债,CSI Green Bond Index,CSI Green Bond,,,,117.22,-0.06,-0.06,4.33,4.34,350.0,,2020-11-13,中证绿色债券指数
2020-11-16,931145,中证绿色债券指数,中证绿色债,CSI Green Bond Index,CSI Green Bond,,,,117.19,-0.03,-0.02,14.6,14.32,350.0,,2020-11-16,中证绿色债券指数
2020-11-17,931145,中证绿色债券指数,中证绿色债,CSI Green Bond Index,CSI Green Bond,,,,117.15,-0.04,-0.04,4.39,4.21,350.0,,2020-11-17,中证绿色债券指数
2020-11-18,931145,中证绿色债券指数,中证绿色债,CSI Green Bond Index,CSI Green Bond,,,,117.12,-0.04,-0.03,1.65,1.65,350.0,,2020-11-18,中证绿色债券指数
2020-11-19,931145,中证绿色债券指数,中证绿色债,CSI Green Bond Index,CSI Green Bond,,,,117.06,-0.05,-0.04,4.6,4.6,350.0,,2020-11-19,中证绿色债券指数
2020-11-20,931145,中证绿色债券指数,中证绿色债,CSI Green Bond Index,CSI Green Bond,,,,117.02,-0.05,-0.04,4.0,4.0,350.0,,2020-11-20,中证绿色债券指数
2020-11-23,931145,中证绿色债券指数,中证绿色债,CSI Green Bond Index,CSI Green Bond,,,,117.0,-0.01,-0.01,2.55,2.55,350.0,,2020-11-23,中证绿色债券指数
2020-11-24,931145,中证绿色债券指数,中证绿色债,CSI Green Bond Index,CSI Green Bond,,,,117.01,0.01,0.01,5.99,5.85,350.0,,2020-11-24,中证绿色债券指数
2020-11-25,931145,中证绿色债券指数,中证绿色债,CSI Green Bond Index,CSI Green Bond,,,,117.03,0.01,0.01,8.95,8.64,350.0,,2020-11-25,中证绿色债券指数
2020-11-26,931145,中证绿色债券指数,中证绿色债,CSI Green Bond Index,CSI Green Bond,,,,117.06,0.04,0.03,6.5,6.37,350.0,,2020-11-26,中证绿色债券指数
2020-11-27,931145,中证绿色债券指数,中证绿色债,CSI Green Bond Index,CSI Green Bond,,,,117.09,0.02,0.02,2.0,2.01,350.0,,2020-11-27,中证绿色债券指数
2020-11-30,931145,中证绿色债券指数,中证绿色债,CSI Green Bond Index,CSI Green Bond,,,,117.16,0.08,0.07,3.63,3.66,350.0,,2020-11-30,中证绿色债券指数
2020-12-01,931145,中证绿色债券指数,中证绿色债,CSI Green Bond Index,CSI Green Bond,,,,117.21,0.04,0.04,5.76,5.77,360.0,,2020-12-01,中证绿色债券指数
2020-12-02,931145,中证绿色债券指数,中证绿色债,CSI Green Bond Index,CSI Green Bond,,,,117.27,0.07,0.06,5.34,5.34,360.0,,2020-12-02,中证绿色债券指数
2020-12-03,931145,中证绿色债券指数,中证绿色债,CSI Green Bond Index,CSI Green Bond,,,,117.3,0.03,0.03,5.75,5.71,360.0,,2020-12-03,中证绿色债券指数
2020-12-04,931145,中证绿色债券指数,中证绿色债,CSI Green Bond Index,CSI Green Bond,,,,117.31,0.01,0.01,1.85,1.8,360.0,,2020-12-04,中证绿色债券指数
2020-12-07,931145,中证绿色债券指数,中证绿色债,CSI Green Bond Index,CSI Green Bond,,,,117.35,0.04,0.04,4.94,4.91,360.0,,2020-12-07,中证绿色债券指数
2020-12-08,931145,中证绿色债券指数,中证绿色债,CSI Green Bond Index,CSI Green Bond,,,,117.36,0.01,0.0,8.4,8.44,360.0,,2020-12-08,中证绿色债券指数
2020-12-09,931145,中证绿色债券指数,中证绿色债,CSI Green Bond Index,CSI Green Bond,,,,117.39,0.03,0.03,12.0,11.85,360.0,,2020-12-09,中证绿色债券指数
2020-12-10,931145,中证绿色债券指数,中证绿色债,CSI Green Bond Index,CSI Green Bond,,,,117.43,0.04,0.03,8.07,8.04,360.0,,2020-12-10,中证绿色债券指数
2020-12-11,931145,中证绿色债券指数,中证绿色债,CSI Green Bond Index,CSI Green Bond,,,,117.46,0.03,0.03,4.17,4.1,360.0,,2020-12-11,中证绿色债券指数
2020-12-14,931145,中证绿色债券指数,中证绿色债,CSI Green Bond Index,CSI Green Bond,,,,117.5,0.04,0.04,6.59,6.58,360.0,,2020-12-14,中证绿色债券指数
2020-12-15,931145,中证绿色债券指数,中证绿色债,CSI Green Bond Index,CSI Green Bond,,,,117.51,0.01,0.01,6.66,6.68,360.0,,2020-12-15,中证绿色债券指数
2020-12-16,931145,中证绿色债券指数,中证绿色债,CSI Green Bond Index,CSI Green Bond,,,,117.58,0.07,0.06,8.44,8.39,360.0,,2020-12-16,中证绿色债券指数
2020-12-17,931145,中证绿色债券指数,中证绿色债,CSI Green Bond Index,CSI Green Bond,,,,117.63,0.05,0.04,5.0,5.0,360.0,,2020-12-17,中证绿色债券指数
2020-12-18,931145,中证绿色债券指数,中证绿色债,CSI Green Bond Index,CSI Green Bond,,,,117.65,0.02,0.02,1.21,1.22,360.0,,2020-12-18,中证绿色债券指数
2020-12-21,931145,中证绿色债券指数,中证绿色债,CSI Green Bond Index,CSI Green Bond,,,,117.7,0.06,0.05,5.07,5.06,360.0,,2020-12-21,中证绿色债券指数
2020-12-22,931145,中证绿色债券指数,中证绿色债,CSI Green Bond Index,CSI Green Bond,,,,117.76,0.05,0.05,5.21,5.04,360.0,,2020-12-22,中证绿色债券指数
2020-12-23,931145,中证绿色债券指数,中证绿色债,CSI Green Bond Index,CSI Green Bond,,,,117.8,0.05,0.04,6.08,6.1,360.0,,2020-12-23,中证绿色债券指数
2020-12-24,931145,中证绿色债券指数,中证绿色债,CSI Green Bond Index,CSI Green Bond,,,,117.84,0.03,0.03,13.7,13.61,360.0,,2020-12-24,中证绿色债券指数
2020-12-25,931145,中证绿色债券指数,中证绿色债,CSI Green Bond Index,CSI Green Bond,,,,117.86,0.02,0.02,8.9,8.82,360.0,,2020-12-25,中证绿色债券指数
2020-12-28,931145,中证绿色债券指数,中证绿色债,CSI Green Bond Index,CSI Green Bond,,,,117.91,0.06,0.05,9.0,8.61,360.0,,2020-12-28,中证绿色债券指数
2020-12-29,931145,中证绿色债券指数,中证绿色债,CSI Green Bond Index,CSI Green Bond,,,,117.94,0.02,0.02,12.1,12.0,360.0,,2020-12-29,中证绿色债券指数
2020-12-30,931145,中证绿色债券指数,中证绿色债,CSI Green Bond Index,CSI Green Bond,,,,117.96,0.02,0.02,6.7,6.74,360.0,,2020-12-30,中证绿色债券指数
2020-12-31,931145,中证绿色债券指数,中证绿色债,CSI Green Bond Index,CSI Green Bond,,,,117.99,0.03,0.02,1.1,1.11,360.0,,2020-12-31,中证绿色债券指数
2021-01-04,931145,中证绿色债券指数,中证绿色债,CSI Green Bond Index,CSI Green Bond,,,,118.06,0.07,0.06,4.16,4.17,367.0,,2021-01-04,中证绿色债券指数
2021-01-05,931145,中证绿色债券指数,中证绿色债,CSI Green Bond Index,CSI Green Bond,,,,118.08,0.03,0.02,13.2,13.13,367.0,,2021-01-05,中证绿色债券指数
2021-01-06,931145,中证绿色债券指数,中证绿色债,CSI Green Bond Index,CSI Green Bond,,,,118.12,0.04,0.03,3.9,3.81,367.0,,2021-01-06,中证绿色债券指数
2021-01-07,931145,中证绿色债券指数,中证绿色债,CSI Green Bond Index,CSI Green Bond,,,,118.19,0.07,0.06,6.8,6.8,367.0,,2021-01-07,中证绿色债券指数
2021-01-08,931145,中证绿色债券指数,中证绿色债,CSI Green Bond Index,CSI Green Bond,,,,118.26,0.07,0.06,2.67,2.67,367.0,,2021-01-08,中证绿色债券指数
2021-01-11,931145,中证绿色债券指数,中证绿色债,CSI Green Bond Index,CSI Green Bond,,,,118.32,0.06,0.05,6.9,6.93,367.0,,2021-01-11,中证绿色债券指数
2021-01-12,931145,中证绿色债券指数,中证绿色债,CSI Green Bond Index,CSI Green Bond,,,,118.35,0.03,0.02,4.48,4.39,367.0,,2021-01-12,中证绿色债券指数
2021-01-13,931145,中证绿色债券指数,中证绿色债,CSI Green Bond Index,CSI Green Bond,,,,118.37,0.02,0.02,2.6,2.59,367.0,,2021-01-13,中证绿色债券指数
2021-01-14,931145,中证绿色债券指数,中证绿色债,CSI Green Bond Index,CSI Green Bond,,,,118.42,0.05,0.04,2.9,2.9,367.0,,2021-01-14,中证绿色债券指数
2021-01-15,931145,中证绿色债券指数,中证绿色债,CSI Green Bond Index,CSI Green Bond,,,,118.44,0.02,0.01,2.21,2.2,367.0,,2021-01-15,中证绿色债券指数
2021-01-18,931145,中证绿色债券指数,中证绿色债,CSI Green Bond Index,CSI Green Bond,,,,118.44,0.0,0.0,2.32,2.32,367.0,,2021-01-18,中证绿色债券指数
2021-01-19,931145,中证绿色债券指数,中证绿色债,CSI Green Bond Index,CSI Green Bond,,,,118.39,-0.05,-0.04,2.12,2.15,367.0,,2021-01-19,中证绿色债券指数
2021-01-20,931145,中证绿色债券指数,中证绿色债,CSI Green Bond Index,CSI Green Bond,,,,118.36,-0.03,-0.03,5.5,5.54,367.0,,2021-01-20,中证绿色债券指数
2021-01-21,931145,中证绿色债券指数,中证绿色债,CSI Green Bond Index,CSI Green Bond,,,,118.39,0.03,0.03,3.57,3.58,367.0,,2021-01-21,中证绿色债券指数
2021-01-22,931145,中证绿色债券指数,中证绿色债,CSI Green Bond Index,CSI Green Bond,,,,118.43,0.04,0.03,1.9,1.9,367.0,,2021-01-22,中证绿色债券指数
2021-01-25,931145,中证绿色债券指数,中证绿色债,CSI Green Bond Index,CSI Green Bond,,,,118.47,0.04,0.04,2.32,2.32,367.0,,2021-01-25,中证绿色债券指数
2021-01-26,931145,中证绿色债券指数,中证绿色债,CSI Green Bond Index,CSI Green Bond,,,,118.44,-0.03,-0.03,3.21,3.23,367.0,,2021-01-26,中证绿色债券指数
2021-01-27,931145,中证绿色债券指数,中证绿色债,CSI Green Bond Index,CSI Green Bond,,,,118.4,-0.05,-0.04,4.98,5.04,367.0,,2021-01-27,中证绿色债券指数
2021-01-28,931145,中证绿色债券指数,中证绿色债,CSI Green Bond Index,CSI Green Bond,,,,118.33,-0.06,-0.06,4.8,4.8,367.0,,2021-01-28,中证绿色债券指数
2021-01-29,931145,中证绿色债券指数,中证绿色债,CSI Green Bond Index,CSI Green Bond,,,,118.25,-0.08,-0.07,1.4,1.37,367.0,,2021-01-29,中证绿色债券指数
2021-02-01,931145,中证绿色债券指数,中证绿色债,CSI Green Bond Index,CSI Green Bond,,,,118.25,0.0,0.0,5.43,5.43,372.0,,2021-02-01,中证绿色债券指数
2021-02-02,931145,中证绿色债券指数,中证绿色债,CSI Green Bond Index,CSI Green Bond,,,,118.3,0.06,0.05,4.14,4.11,372.0,,2021-02-02,中证绿色债券指数
2021-02-03,931145,中证绿色债券指数,中证绿色债,CSI Green Bond Index,CSI Green Bond,,,,118.31,0.01,0.01,4.08,4.09,372.0,,2021-02-03,中证绿色债券指数
2021-02-04,931145,中证绿色债券指数,中证绿色债,CSI Green Bond Index,CSI Green Bond,,,,118.32,0.01,0.0,2.43,2.4,372.0,,2021-02-04,中证绿色债券指数
2021-02-05,931145,中证绿色债券指数,中证绿色债,CSI Green Bond Index,CSI Green Bond,,,,118.27,-0.04,-0.04,1.8,1.81,372.0,,2021-02-05,中证绿色债券指数
2021-02-08,931145,中证绿色债券指数,中证绿色债,CSI Green Bond Index,CSI Green Bond,,,,118.29,0.02,0.02,4.69,4.69,372.0,,2021-02-08,中证绿色债券指数
2021-02-09,931145,中证绿色债券指数,中证绿色债,CSI Green Bond Index,CSI Green Bond,,,,118.3,0.0,0.0,3.16,3.14,372.0,,2021-02-09,中证绿色债券指数
2021-02-10,931145,中证绿色债券指数,中证绿色债,CSI Green Bond Index,CSI Green Bond,,,,118.33,0.03,0.02,1.26,1.26,372.0,,2021-02-10,中证绿色债券指数
2021-02-18,931145,中证绿色债券指数,中证绿色债,CSI Green Bond Index,CSI Green Bond,,,,118.4,0.08,0.06,5.34,5.35,372.0,,2021-02-18,中证绿色债券指数
2021-02-19,931145,中证绿色债券指数,中证绿色债,CSI Green Bond Index,CSI Green Bond,,,,118.4,0.0,0.0,1.0,0.99,372.0,,2021-02-19,中证绿色债券指数
2021-02-22,931145,中证绿色债券指数,中证绿色债,CSI Green Bond Index,CSI Green Bond,,,,118.45,0.05,0.04,8.71,8.71,372.0,,2021-02-22,中证绿色债券指数
2021-02-23,931145,中证绿色债券指数,中证绿色债,CSI Green Bond Index,CSI Green Bond,,,,118.47,0.02,0.02,7.59,6.84,372.0,,2021-02-23,中证绿色债券指数
2021-02-24,931145,中证绿色债券指数,中证绿色债,CSI Green Bond Index,CSI Green Bond,,,,118.51,0.03,0.03,10.2,10.02,372.0,,2021-02-24,中证绿色债券指数
2021-02-25,931145,中证绿色债券指数,中证绿色债,CSI Green Bond Index,CSI Green Bond,,,,118.54,0.03,0.02,10.98,10.91,372.0,,2021-02-25,中证绿色债券指数
2021-02-26,931145,中证绿色债券指数,中证绿色债,CSI Green Bond Index,CSI Green Bond,,,,118.55,0.01,0.01,2.56,2.6,372.0,,2021-02-26,中证绿色债券指数
2021-03-01,931145,中证绿色债券指数,中证绿色债,CSI Green Bond Index,CSI Green Bond,,,,118.6,0.05,0.04,5.5,5.5,378.0,,2021-03-01,中证绿色债券指数
2021-03-02,931145,中证绿色债券指数,中证绿色债,CSI Green Bond Index,CSI Green Bond,,,,118.64,0.05,0.04,2.79,2.79,378.0,,2021-03-02,中证绿色债券指数
2021-03-03,931145,中证绿色债券指数,中证绿色债,CSI Green Bond Index,CSI Green Bond,,,,118.67,0.02,0.02,1.6,1.58,378.0,,2021-03-03,中证绿色债券指数
2021-03-04,931145,中证绿色债券指数,中证绿色债,CSI Green Bond Index,CSI Green Bond,,,,118.69,0.02,0.02,0.0,0.0,378.0,,2021-03-04,中证绿色债券指数
2021-03-05,931145,中证绿色债券指数,中证绿色债,CSI Green Bond Index,CSI Green Bond,,,,118.7,0.02,0.01,0.0,0.0,378.0,,2021-03-05,中证绿色债券指数
2021-03-08,931145,中证绿色债券指数,中证绿色债,CSI Green Bond Index,CSI Green Bond,,,,118.76,0.06,0.05,0.1,0.1,378.0,,2021-03-08,中证绿色债券指数
2021-03-09,931145,中证绿色债券指数,中证绿色债,CSI Green Bond Index,CSI Green Bond,,,,118.78,0.02,0.02,0.0,0.0,378.0,,2021-03-09,中证绿色债券指数
2021-03-10,931145,中证绿色债券指数,中证绿色债,CSI Green Bond Index,CSI Green Bond,,,,118.8,0.02,0.02,0.01,0.01,378.0,,2021-03-10,中证绿色债券指数
2021-03-11,931145,中证绿色债券指数,中证绿色债,CSI Green Bond Index,CSI Green Bond,,,,118.82,0.02,0.02,0.0,0.0,378.0,,2021-03-11,中证绿色债券指数
2021-03-12,931145,中证绿色债券指数,中证绿色债,CSI Green Bond Index,CSI Green Bond,,,,118.83,0.02,0.01,2.83,2.84,378.0,,2021-03-12,中证绿色债券指数
2021-03-15,931145,中证绿色债券指数,中证绿色债,CSI Green Bond Index,CSI Green Bond,,,,118.86,0.03,0.03,3.98,3.98,378.0,,2021-03-15,中证绿色债券指数
2021-03-16,931145,中证绿色债券指数,中证绿色债,CSI Green Bond Index,CSI Green Bond,,,,118.88,0.02,0.02,5.31,5.36,378.0,,2021-03-16,中证绿色债券指数
2021-03-17,931145,中证绿色债券指数,中证绿色债,CSI Green Bond Index,CSI Green Bond,,,,118.9,0.02,0.02,0.0,0.0,378.0,,2021-03-17,中证绿色债券指数
2021-03-18,931145,中证绿色债券指数,中证绿色债,CSI Green Bond Index,CSI Green Bond,,,,118.91,0.01,0.01,0.0,0.0,378.0,,2021-03-18,中证绿色债券指数
2021-03-19,931145,中证绿色债券指数,中证绿色债,CSI Green Bond Index,CSI Green Bond,,,,118.95,0.03,0.03,0.0,0.0,378.0,,2021-03-19,中证绿色债券指数
2021-03-22,931145,中证绿色债券指数,中证绿色债,CSI Green Bond Index,CSI Green Bond,,,,119.0,0.06,0.05,0.0,0.0,378.0,,2021-03-22,中证绿色债券指数
2021-03-23,931145,中证绿色债券指数,中证绿色债,CSI Green Bond Index,CSI Green Bond,,,,119.01,0.01,0.01,0.0,0.0,378.0,,2021-03-23,中证绿色债券指数
2021-03-24,931145,中证绿色债券指数,中证绿色债,CSI Green Bond Index,CSI Green Bond,,,,119.06,0.05,0.04,0.0,0.0,377.0,,2021-03-24,中证绿色债券指数
2021-03-25,931145,中证绿色债券指数,中证绿色债,CSI Green Bond Index,CSI Green Bond,,,,119.09,0.03,0.02,0.0,0.0,377.0,,2021-03-25,中证绿色债券指数
2021-03-26,931145,中证绿色债券指数,中证绿色债,CSI Green Bond Index,CSI Green Bond,,,,119.11,0.02,0.02,0.0,0.0,377.0,,2021-03-26,中证绿色债券指数
2021-03-29,931145,中证绿色债券指数,中证绿色债,CSI Green Bond Index,CSI Green Bond,,,,119.14,0.03,0.03,0.0,0.0,377.0,,2021-03-29,中证绿色债券指数
2021-03-30,931145,中证绿色债券指数,中证绿色债,CSI Green Bond Index,CSI Green Bond,,,,119.16,0.02,0.02,0.0,0.0,377.0,,2021-03-30,中证绿色债券指数
2021-03-31,931145,中证绿色债券指数,中证绿色债,CSI Green Bond Index,CSI Green Bond,,,,119.16,0.01,0.0,0.0,0.0,377.0,,2021-03-31,中证绿色债券指数
2021-04-01,931145,中证绿色债券指数,中证绿色债,CSI Green Bond Index,CSI Green Bond,,,,119.19,0.03,0.02,0.0,0.0,403.0,,2021-04-01,中证绿色债券指数
2021-04-02,931145,中证绿色债券指数,中证绿色债,CSI Green Bond Index,CSI Green Bond,,,,119.21,0.02,0.02,0.0,0.0,403.0,,2021-04-02,中证绿色债券指数
2021-04-06,931145,中证绿色债券指数,中证绿色债,CSI Green Bond Index,CSI Green Bond,,,,119.26,0.05,0.04,0.0,0.0,403.0,,2021-04-06,中证绿色债券指数
2021-04-07,931145,中证绿色债券指数,中证绿色债,CSI Green Bond Index,CSI Green Bond,,,,119.27,0.01,0.01,0.0,0.0,403.0,,2021-04-07,中证绿色债券指数
2021-04-08,931145,中证绿色债券指数,中证绿色债,CSI Green Bond Index,CSI Green Bond,,,,119.27,0.0,0.0,0.0,0.0,403.0,,2021-04-08,中证绿色债券指数
2021-04-09,931145,中证绿色债券指数,中证绿色债,CSI Green Bond Index,CSI Green Bond,,,,119.29,0.02,0.02,0.0,0.0,403.0,,2021-04-09,中证绿色债券指数
2021-04-12,931145,中证绿色债券指数,中证绿色债,CSI Green Bond Index,CSI Green Bond,,,,119.33,0.03,0.03,0.0,0.0,403.0,,2021-04-12,中证绿色债券指数
2021-04-13,931145,中证绿色债券指数,中证绿色债,CSI Green Bond Index,CSI Green Bond,,,,119.38,0.05,0.04,0.0,0.0,403.0,,2021-04-13,中证绿色债券指数
2021-04-14,931145,中证绿色债券指数,中证绿色债,CSI Green Bond Index,CSI Green Bond,,,,119.41,0.04,0.03,0.0,0.0,403.0,,2021-04-14,中证绿色债券指数
2021-04-15,931145,中证绿色债券指数,中证绿色债,CSI Green Bond Index,CSI Green Bond,,,,119.45,0.03,0.03,0.0,0.0,403.0,,2021-04-15,中证绿色债券指数
2021-04-16,931145,中证绿色债券指数,中证绿色债,CSI Green Bond Index,CSI Green Bond,,,,119.46,0.01,0.01,0.0,0.0,403.0,,2021-04-16,中证绿色债券指数
2021-04-19,931145,中证绿色债券指数,中证绿色债,CSI Green Bond Index,CSI Green Bond,,,,119.5,0.05,0.04,0.0,0.0,403.0,,2021-04-19,中证绿色债券指数
2021-04-20,931145,中证绿色债券指数,中证绿色债,CSI Green Bond Index,CSI Green Bond,,,,119.55,0.04,0.04,0.0,0.0,403.0,,2021-04-20,中证绿色债券指数
2021-04-21,931145,中证绿色债券指数,中证绿色债,CSI Green Bond Index,CSI Green Bond,,,,119.58,0.03,0.03,0.0,0.0,403.0,,2021-04-21,中证绿色债券指数
2021-04-22,931145,中证绿色债券指数,中证绿色债,CSI Green Bond Index,CSI Green Bond,,,,119.61,0.03,0.03,0.0,0.0,403.0,,2021-04-22,中证绿色债券指数
2021-04-23,931145,中证绿色债券指数,中证绿色债,CSI Green Bond Index,CSI Green Bond,,,,119.64,0.03,0.02,0.01,0.01,403.0,,2021-04-23,中证绿色债券指数
2021-04-26,931145,中证绿色债券指数,中证绿色债,CSI Green Bond Index,CSI Green Bond,,,,119.67,0.03,0.03,0.0,0.0,403.0,,2021-04-26,中证绿色债券指数
2021-04-27,931145,中证绿色债券指数,中证绿色债,CSI Green Bond Index,CSI Green Bond,,,,119.66,-0.01,-0.01,0.0,0.0,403.0,,2021-04-27,中证绿色债券指数
2021-04-28,931145,中证绿色债券指数,中证绿色债,CSI Green Bond Index,CSI Green Bond,,,,119.67,0.02,0.01,0.0,0.0,403.0,,2021-04-28,中证绿色债券指数
2021-04-29,931145,中证绿色债券指数,中证绿色债,CSI Green Bond Index,CSI Green Bond,,,,119.68,0.01,0.01,0.0,0.0,403.0,,2021-04-29,中证绿色债券指数
2021-04-30,931145,中证绿色债券指数,中证绿色债,CSI Green Bond Index,CSI Green Bond,,,,119.71,0.03,0.02,0.0,0.0,403.0,,2021-04-30,中证绿色债券指数
2021-05-06,931145,中证绿色债券指数,中证绿色债,CSI Green Bond Index,CSI Green Bond,,,,119.79,0.08,0.07,0.0,0.0,426.0,,2021-05-06,中证绿色债券指数
2021-05-07,931145,中证绿色债券指数,中证绿色债,CSI Green Bond Index,CSI Green Bond,,,,119.81,0.02,0.02,0.0,0.0,426.0,,2021-05-07,中证绿色债券指数
2021-05-10,931145,中证绿色债券指数,中证绿色债,CSI Green Bond Index,CSI Green Bond,,,,119.86,0.05,0.04,0.0,0.0,426.0,,2021-05-10,中证绿色债券指数
2021-05-11,931145,中证绿色债券指数,中证绿色债,CSI Green Bond Index,CSI Green Bond,,,,119.92,0.05,0.05,0.0,0.0,426.0,,2021-05-11,中证绿色债券指数
2021-05-12,931145,中证绿色债券指数,中证绿色债,CSI Green Bond Index,CSI Green Bond,,,,119.94,0.03,0.02,0.0,0.0,426.0,,2021-05-12,中证绿色债券指数
2021-05-13,931145,中证绿色债券指数,中证绿色债,CSI Green Bond Index,CSI Green Bond,,,,119.98,0.03,0.03,0.0,0.0,426.0,,2021-05-13,中证绿色债券指数
2021-05-14,931145,中证绿色债券指数,中证绿色债,CSI Green Bond Index,CSI Green Bond,,,,120.0,0.02,0.02,0.0,0.0,426.0,,2021-05-14,中证绿色债券指数
2021-05-17,931145,中证绿色债券指数,中证绿色债,CSI Green Bond Index,CSI Green Bond,,,,120.05,0.05,0.04,0.0,0.0,426.0,,2021-05-17,中证绿色债券指数
2021-05-18,931145,中证绿色债券指数,中证绿色债,CSI Green Bond Index,CSI Green Bond,,,,120.06,0.01,0.01,0.0,0.0,426.0,,2021-05-18,中证绿色债券指数
2021-05-19,931145,中证绿色债券指数,中证绿色债,CSI Green Bond Index,CSI Green Bond,,,,120.09,0.03,0.02,0.0,0.0,426.0,,2021-05-19,中证绿色债券指数
2021-05-20,931145,中证绿色债券指数,中证绿色债,CSI Green Bond Index,CSI Green Bond,,,,120.12,0.03,0.03,0.0,0.0,426.0,,2021-05-20,中证绿色债券指数
2021-05-21,931145,中证绿色债券指数,中证绿色债,CSI Green Bond Index,CSI Green Bond,,,,120.15,0.04,0.03,0.0,0.0,426.0,,2021-05-21,中证绿色债券指数
2021-05-24,931145,中证绿色债券指数,中证绿色债,CSI Green Bond Index,CSI Green Bond,,,,120.22,0.07,0.06,0.0,0.0,426.0,,2021-05-24,中证绿色债券指数
2021-05-25,931145,中证绿色债券指数,中证绿色债,CSI Green Bond Index,CSI Green Bond,,,,120.24,0.02,0.02,0.0,0.0,425.0,,2021-05-25,中证绿色债券指数
2021-05-26,931145,中证绿色债券指数,中证绿色债,CSI Green Bond Index,CSI Green Bond,,,,120.26,0.02,0.02,0.0,0.0,425.0,,2021-05-26,中证绿色债券指数
2021-05-27,931145,中证绿色债券指数,中证绿色债,CSI Green Bond Index,CSI Green Bond,,,,120.28,0.02,0.02,0.0,0.0,425.0,,2021-05-27,中证绿色债券指数
2021-05-28,931145,中证绿色债券指数,中证绿色债,CSI Green Bond Index,CSI Green Bond,,,,120.3,0.02,0.01,0.0,0.0,425.0,,2021-05-28,中证绿色债券指数
2021-05-31,931145,中证绿色债券指数,中证绿色债,CSI Green Bond Index,CSI Green Bond,,,,120.33,0.03,0.02,0.0,0.0,425.0,,2021-05-31,中证绿色债券指数
2021-06-01,931145,中证绿色债券指数,中证绿色债,CSI Green Bond Index,CSI Green Bond,,,,120.34,0.02,0.01,0.0,0.0,434.0,,2021-06-01,中证绿色债券指数
2021-06-02,931145,中证绿色债券指数,中证绿色债,CSI Green Bond Index,CSI Green Bond,,,,120.37,0.03,0.02,0.0,0.0,434.0,,2021-06-02,中证绿色债券指数
2021-06-03,931145,中证绿色债券指数,中证绿色债,CSI Green Bond Index,CSI Green Bond,,,,120.38,0.02,0.01,0.0,0.0,434.0,,2021-06-03,中证绿色债券指数
2021-06-04,931145,中证绿色债券指数,中证绿色债,CSI Green Bond Index,CSI Green Bond,,,,120.39,0.01,0.01,0.0,0.0,433.0,,2021-06-04,中证绿色债券指数
2021-06-07,931145,中证绿色债券指数,中证绿色债,CSI Green Bond Index,CSI Green Bond,,,,120.38,-0.02,-0.01,0.0,0.0,433.0,,2021-06-07,中证绿色债券指数
2021-06-08,931145,中证绿色债券指数,中证绿色债,CSI Green Bond Index,CSI Green Bond,,,,120.33,-0.04,-0.04,0.0,0.0,433.0,,2021-06-08,中证绿色债券指数
2021-06-09,931145,中证绿色债券指数,中证绿色债,CSI Green Bond Index,CSI Green Bond,,,,120.33,0.0,0.0,0.0,0.0,433.0,,2021-06-09,中证绿色债券指数
2021-06-10,931145,中证绿色债券指数,中证绿色债,CSI Green Bond Index,CSI Green Bond,,,,120.34,0.01,0.01,0.0,0.0,433.0,,2021-06-10,中证绿色债券指数
2021-06-11,931145,中证绿色债券指数,中证绿色债,CSI Green Bond Index,CSI Green Bond,,,,120.35,0.02,0.01,0.0,0.0,433.0,,2021-06-11,中证绿色债券指数
2021-06-15,931145,中证绿色债券指数,中证绿色债,CSI Green Bond Index,CSI Green Bond,,,,120.38,0.02,0.02,0.0,0.0,433.0,,2021-06-15,中证绿色债券指数
2021-06-16,931145,中证绿色债券指数,中证绿色债,CSI Green Bond Index,CSI Green Bond,,,,120.38,0.0,0.0,0.0,0.0,433.0,,2021-06-16,中证绿色债券指数
2021-06-17,931145,中证绿色债券指数,中证绿色债,CSI Green Bond Index,CSI Green Bond,,,,120.37,0.0,0.0,0.0,0.0,433.0,,2021-06-17,中证绿色债券指数
2021-06-18,931145,中证绿色债券指数,中证绿色债,CSI Green Bond Index,CSI Green Bond,,,,120.37,-0.01,-0.01,0.0,0.0,433.0,,2021-06-18,中证绿色债券指数
2021-06-21,931145,中证绿色债券指数,中证绿色债,CSI Green Bond Index,CSI Green Bond,,,,120.4,0.03,0.03,0.0,0.0,433.0,,2021-06-21,中证绿色债券指数
2021-06-22,931145,中证绿色债券指数,中证绿色债,CSI Green Bond Index,CSI Green Bond,,,,120.41,0.01,0.01,0.0,0.0,433.0,,2021-06-22,中证绿色债券指数
2021-06-23,931145,中证绿色债券指数,中证绿色债,CSI Green Bond Index,CSI Green Bond,,,,120.43,0.03,0.02,0.0,0.0,433.0,,2021-06-23,中证绿色债券指数
2021-06-24,931145,中证绿色债券指数,中证绿色债,CSI Green Bond Index,CSI Green Bond,,,,120.48,0.04,0.04,0.0,0.0,433.0,,2021-06-24,中证绿色债券指数
2021-06-25,931145,中证绿色债券指数,中证绿色债,CSI Green Bond Index,CSI Green Bond,,,,120.52,0.04,0.03,0.0,0.0,433.0,,2021-06-25,中证绿色债券指数
2021-06-28,931145,中证绿色债券指数,中证绿色债,CSI Green Bond Index,CSI Green Bond,,,,120.57,0.05,0.04,0.0,0.0,433.0,,2021-06-28,中证绿色债券指数
2021-06-29,931145,中证绿色债券指数,中证绿色债,CSI Green Bond Index,CSI Green Bond,,,,120.58,0.01,0.01,0.0,0.0,433.0,,2021-06-29,中证绿色债券指数
2021-06-30,931145,中证绿色债券指数,中证绿色债,CSI Green Bond Index,CSI Green Bond,,,,120.61,0.03,0.03,0.0,0.0,433.0,,2021-06-30,中证绿色债券指数
2021-07-01,931145,中证绿色债券指数,中证绿色债,CSI Green Bond Index,CSI Green Bond,,,,120.65,0.04,0.03,0.0,0.0,449.0,,2021-07-01,中证绿色债券指数
2021-07-02,931145,中证绿色债券指数,中证绿色债,CSI Green Bond Index,CSI Green Bond,,,,120.69,0.04,0.03,0.0,0.0,449.0,,2021-07-02,中证绿色债券指数
2021-07-05,931145,中证绿色债券指数,中证绿色债,CSI Green Bond Index,CSI Green Bond,,,,120.76,0.07,0.06,0.0,0.0,449.0,,2021-07-05,中证绿色债券指数
2021-07-06,931145,中证绿色债券指数,中证绿色债,CSI Green Bond Index,CSI Green Bond,,,,120.78,0.02,0.02,0.0,0.0,449.0,,2021-07-06,中证绿色债券指数
2021-07-07,931145,中证绿色债券指数,中证绿色债,CSI Green Bond Index,CSI Green Bond,,,,120.82,0.04,0.03,0.0,0.0,449.0,,2021-07-07,中证绿色债券指数
2021-07-08,931145,中证绿色债券指数,中证绿色债,CSI Green Bond Index,CSI Green Bond,,,,120.93,0.11,0.09,0.0,0.0,449.0,,2021-07-08,中证绿色债券指数
2021-07-09,931145,中证绿色债券指数,中证绿色债,CSI Green Bond Index,CSI Green Bond,,,,120.95,0.02,0.02,0.0,0.0,449.0,,2021-07-09,中证绿色债券指数
2021-07-12,931145,中证绿色债券指数,中证绿色债,CSI Green Bond Index,CSI Green Bond,,,,121.03,0.08,0.07,0.0,0.0,449.0,,2021-07-12,中证绿色债券指数
2021-07-13,931145,中证绿色债券指数,中证绿色债,CSI Green Bond Index,CSI Green Bond,,,,121.08,0.05,0.04,0.0,0.0,449.0,,2021-07-13,中证绿色债券指数
2021-07-14,931145,中证绿色债券指数,中证绿色债,CSI Green Bond Index,CSI Green Bond,,,,121.14,0.06,0.05,0.0,0.0,449.0,,2021-07-14,中证绿色债券指数
2021-07-15,931145,中证绿色债券指数,中证绿色债,CSI Green Bond Index,CSI Green Bond,,,,121.17,0.03,0.03,0.0,0.0,449.0,,2021-07-15,中证绿色债券指数
2021-07-16,931145,中证绿色债券指数,中证绿色债,CSI Green Bond Index,CSI Green Bond,,,,121.22,0.05,0.04,0.0,0.0,449.0,,2021-07-16,中证绿色债券指数
2021-07-19,931145,中证绿色债券指数,中证绿色债,CSI Green Bond Index,CSI Green Bond,,,,121.26,0.04,0.03,0.0,0.0,449.0,,2021-07-19,中证绿色债券指数
2021-07-20,931145,中证绿色债券指数,中证绿色债,CSI Green Bond Index,CSI Green Bond,,,,121.29,0.04,0.03,0.0,0.0,449.0,,2021-07-20,中证绿色债券指数
2021-07-21,931145,中证绿色债券指数,中证绿色债,CSI Green Bond Index,CSI Green Bond,,,,121.33,0.04,0.03,0.0,0.0,449.0,,2021-07-21,中证绿色债券指数
2021-07-22,931145,中证绿色债券指数,中证绿色债,CSI Green Bond Index,CSI Green Bond,,,,121.38,0.04,0.04,0.0,0.0,449.0,,2021-07-22,中证绿色债券指数
2021-07-23,931145,中证绿色债券指数,中证绿色债,CSI Green Bond Index,CSI Green Bond,,,,121.41,0.04,0.03,0.0,0.0,449.0,,2021-07-23,中证绿色债券指数
2021-07-26,931145,中证绿色债券指数,中证绿色债,CSI Green Bond Index,CSI Green Bond,,,,121.49,0.08,0.06,0.0,0.0,449.0,,2021-07-26,中证绿色债券指数
2021-07-27,931145,中证绿色债券指数,中证绿色债,CSI Green Bond Index,CSI Green Bond,,,,121.49,0.0,0.0,0.0,0.0,449.0,,2021-07-27,中证绿色债券指数
2021-07-28,931145,中证绿色债券指数,中证绿色债,CSI Green Bond Index,CSI Green Bond,,,,121.5,0.01,0.01,0.0,0.0,449.0,,2021-07-28,中证绿色债券指数
2021-07-29,931145,中证绿色债券指数,中证绿色债,CSI Green Bond Index,CSI Green Bond,,,,121.51,0.01,0.01,0.0,0.0,449.0,,2021-07-29,中证绿色债券指数
2021-07-30,931145,中证绿色债券指数,中证绿色债,CSI Green Bond Index,CSI Green Bond,,,,121.55,0.04,0.03,0.0,0.0,449.0,,2021-07-30,中证绿色债券指数
2021-08-02,931145,中证绿色债券指数,中证绿色债,CSI Green Bond Index,CSI Green Bond,,,,121.62,0.07,0.06,0.0,0.0,491.0,,2021-08-02,中证绿色债券指数
2021-08-03,931145,中证绿色债券指数,中证绿色债,CSI Green Bond Index,CSI Green Bond,,,,121.63,0.01,0.01,0.0,0.0,490.0,,2021-08-03,中证绿色债券指数
2021-08-04,931145,中证绿色债券指数,中证绿色债,CSI Green Bond Index,CSI Green Bond,,,,121.67,0.04,0.03,0.0,0.0,490.0,,2021-08-04,中证绿色债券指数
2021-08-05,931145,中证绿色债券指数,中证绿色债,CSI Green Bond Index,CSI Green Bond,,,,121.69,0.02,0.02,0.0,0.0,490.0,,2021-08-05,中证绿色债券指数
2021-08-06,931145,中证绿色债券指数,中证绿色债,CSI Green Bond Index,CSI Green Bond,,,,121.71,0.02,0.02,0.0,0.0,490.0,,2021-08-06,中证绿色债券指数
2021-08-09,931145,中证绿色债券指数,中证绿色债,CSI Green Bond Index,CSI Green Bond,,,,121.73,0.01,0.01,0.0,0.0,490.0,,2021-08-09,中证绿色债券指数
2021-08-10,931145,中证绿色债券指数,中证绿色债,CSI Green Bond Index,CSI Green Bond,,,,121.72,0.0,0.0,0.0,0.0,490.0,,2021-08-10,中证绿色债券指数
2021-08-11,931145,中证绿色债券指数,中证绿色债,CSI Green Bond Index,CSI Green Bond,,,,121.71,-0.01,-0.01,0.0,0.0,490.0,,2021-08-11,中证绿色债券指数
2021-08-12,931145,中证绿色债券指数,中证绿色债,CSI Green Bond Index,CSI Green Bond,,,,121.73,0.02,0.02,0.0,0.0,490.0,,2021-08-12,中证绿色债券指数
2021-08-13,931145,中证绿色债券指数,中证绿色债,CSI Green Bond Index,CSI Green Bond,,,,121.76,0.03,0.02,0.0,0.0,490.0,,2021-08-13,中证绿色债券指数
2021-08-16,931145,中证绿色债券指数,中证绿色债,CSI Green Bond Index,CSI Green Bond,,,,121.79,0.03,0.02,0.0,0.0,490.0,,2021-08-16,中证绿色债券指数
2021-08-17,931145,中证绿色债券指数,中证绿色债,CSI Green Bond Index,CSI Green Bond,,,,121.8,0.01,0.01,0.0,0.0,490.0,,2021-08-17,中证绿色债券指数
2021-08-18,931145,中证绿色债券指数,中证绿色债,CSI Green Bond Index,CSI Green Bond,,,,121.81,0.02,0.02,0.0,0.0,490.0,,2021-08-18,中证绿色债券指数
2021-08-19,931145,中证绿色债券指数,中证绿色债,CSI Green Bond Index,CSI Green Bond,,,,121.84,0.03,0.02,0.0,0.0,490.0,,2021-08-19,中证绿色债券指数
2021-08-20,931145,中证绿色债券指数,中证绿色债,CSI Green Bond Index,CSI Green Bond,,,,121.86,0.02,0.02,0.0,0.0,490.0,,2021-08-20,中证绿色债券指数
2021-08-23,931145,中证绿色债券指数,中证绿色债,CSI Green Bond Index,CSI Green Bond,,,,121.89,0.03,0.02,0.0,0.0,490.0,,2021-08-23,中证绿色债券指数
2021-08-24,931145,中证绿色债券指数,中证绿色债,CSI Green Bond Index,CSI Green Bond,,,,121.89,0.0,0.0,0.0,0.0,490.0,,2021-08-24,中证绿色债券指数
2021-08-25,931145,中证绿色债券指数,中证绿色债,CSI Green Bond Index,CSI Green Bond,,,,121.91,0.02,0.02,0.0,0.0,490.0,,2021-08-25,中证绿色债券指数
2021-08-26,931145,中证绿色债券指数,中证绿色债,CSI Green Bond Index,CSI Green Bond,,,,121.9,-0.01,-0.01,0.0,0.0,490.0,,2021-08-26,中证绿色债券指数
2021-08-27,931145,中证绿色债券指数,中证绿色债,CSI Green Bond Index,CSI Green Bond,,,,121.9,-0.01,-0.01,0.0,0.0,490.0,,2021-08-27,中证绿色债券指数
2021-08-30,931145,中证绿色债券指数,中证绿色债,CSI Green Bond Index,CSI Green Bond,,,,121.91,0.02,0.02,0.0,0.0,490.0,,2021-08-30,中证绿色债券指数
2021-08-31,931145,中证绿色债券指数,中证绿色债,CSI Green Bond Index,CSI Green Bond,,,,121.93,0.01,0.01,0.0,0.0,490.0,,2021-08-31,中证绿色债券指数
2021-09-01,931145,中证绿色债券指数,中证绿色债,CSI Green Bond Index,CSI Green Bond,,,,121.96,0.03,0.03,0.0,0.0,504.0,,2021-09-01,中证绿色债券指数
2021-09-02,931145,中证绿色债券指数,中证绿色债,CSI Green Bond Index,CSI Green Bond,,,,121.97,0.02,0.01,0.0,0.0,504.0,,2021-09-02,中证绿色债券指数
2021-09-03,931145,中证绿色债券指数,中证绿色债,CSI Green Bond Index,CSI Green Bond,,,,121.99,0.02,0.01,0.0,0.0,504.0,,2021-09-03,中证绿色债券指数
2021-09-06,931145,中证绿色债券指数,中证绿色债,CSI Green Bond Index,CSI Green Bond,,,,122.02,0.03,0.02,0.0,0.0,504.0,,2021-09-06,中证绿色债券指数
2021-09-07,931145,中证绿色债券指数,中证绿色债,CSI Green Bond Index,CSI Green Bond,,,,122.03,0.02,0.01,0.0,0.0,504.0,,2021-09-07,中证绿色债券指数
2021-09-08,931145,中证绿色债券指数,中证绿色债,CSI Green Bond Index,CSI Green Bond,,,,122.03,0.0,0.0,0.0,0.0,504.0,,2021-09-08,中证绿色债券指数
2021-09-09,931145,中证绿色债券指数,中证绿色债,CSI Green Bond Index,CSI Green Bond,,,,122.03,0.0,0.0,0.0,0.0,504.0,,2021-09-09,中证绿色债券指数
2021-09-10,931145,中证绿色债券指数,中证绿色债,CSI Green Bond Index,CSI Green Bond,,,,122.02,-0.01,-0.01,0.0,0.0,504.0,,2021-09-10,中证绿色债券指数
2021-09-13,931145,中证绿色债券指数,中证绿色债,CSI Green Bond Index,CSI Green Bond,,,,122.03,0.01,0.01,0.0,0.0,504.0,,2021-09-13,中证绿色债券指数
2021-09-14,931145,中证绿色债券指数,中证绿色债,CSI Green Bond Index,CSI Green Bond,,,,122.02,-0.02,-0.01,0.0,0.0,504.0,,2021-09-14,中证绿色债券指数
2021-09-15,931145,中证绿色债券指数,中证绿色债,CSI Green Bond Index,CSI Green Bond,,,,122.02,0.01,0.01,0.0,0.0,504.0,,2021-09-15,中证绿色债券指数
2021-09-16,931145,中证绿色债券指数,中证绿色债,CSI Green Bond Index,CSI Green Bond,,,,122.02,-0.01,-0.01,0.0,0.0,504.0,,2021-09-16,中证绿色债券指数
2021-09-17,931145,中证绿色债券指数,中证绿色债,CSI Green Bond Index,CSI Green Bond,,,,122.02,0.01,0.0,0.0,0.0,504.0,,2021-09-17,中证绿色债券指数
2021-09-22,931145,中证绿色债券指数,中证绿色债,CSI Green Bond Index,CSI Green Bond,,,,122.08,0.06,0.05,0.0,0.0,503.0,,2021-09-22,中证绿色债券指数
2021-09-23,931145,中证绿色债券指数,中证绿色债,CSI Green Bond Index,CSI Green Bond,,,,122.07,-0.01,-0.01,0.0,0.0,503.0,,2021-09-23,中证绿色债券指数
2021-09-24,931145,中证绿色债券指数,中证绿色债,CSI Green Bond Index,CSI Green Bond,,,,122.07,0.0,0.0,0.0,0.0,503.0,,2021-09-24,中证绿色债券指数
2021-09-27,931145,中证绿色债券指数,中证绿色债,CSI Green Bond Index,CSI Green Bond,,,,122.07,0.0,0.0,0.0,0.0,503.0,,2021-09-27,中证绿色债券指数
2021-09-28,931145,中证绿色债券指数,中证绿色债,CSI Green Bond Index,CSI Green Bond,,,,122.05,-0.02,-0.02,0.0,0.0,502.0,,2021-09-28,中证绿色债券指数
2021-09-29,931145,中证绿色债券指数,中证绿色债,CSI Green Bond Index,CSI Green Bond,,,,122.05,0.0,0.0,0.0,0.0,501.0,,2021-09-29,中证绿色债券指数
2021-09-30,931145,中证绿色债券指数,中证绿色债,CSI Green Bond Index,CSI Green Bond,,,,122.06,0.01,0.01,0.0,0.0,500.0,,2021-09-30,中证绿色债券指数
2021-10-08,931145,中证绿色债券指数,中证绿色债,CSI Green Bond Index,CSI Green Bond,,,,122.14,0.08,0.07,0.0,0.0,529.0,,2021-10-08,中证绿色债券指数
2021-10-11,931145,中证绿色债券指数,中证绿色债,CSI Green Bond Index,CSI Green Bond,,,,122.18,0.03,0.03,0.0,0.0,529.0,,2021-10-11,中证绿色债券指数
2021-10-12,931145,中证绿色债券指数,中证绿色债,CSI Green Bond Index,CSI Green Bond,,,,122.16,-0.02,-0.01,0.0,0.0,529.0,,2021-10-12,中证绿色债券指数
2021-10-13,931145,中证绿色债券指数,中证绿色债,CSI Green Bond Index,CSI Green Bond,,,,122.13,-0.03,-0.02,0.0,0.0,529.0,,2021-10-13,中证绿色债券指数
2021-10-14,931145,中证绿色债券指数,中证绿色债,CSI Green Bond Index,CSI Green Bond,,,,122.13,0.0,0.0,0.0,0.0,529.0,,2021-10-14,中证绿色债券指数
2021-10-15,931145,中证绿色债券指数,中证绿色债,CSI Green Bond Index,CSI Green Bond,,,,122.12,-0.01,-0.01,0.0,0.0,529.0,,2021-10-15,中证绿色债券指数
2021-10-18,931145,中证绿色债券指数,中证绿色债,CSI Green Bond Index,CSI Green Bond,,,,122.11,0.0,0.0,0.0,0.0,529.0,,2021-10-18,中证绿色债券指数
2021-10-19,931145,中证绿色债券指数,中证绿色债,CSI Green Bond Index,CSI Green Bond,,,,122.11,0.0,0.0,0.0,0.0,529.0,,2021-10-19,中证绿色债券指数
2021-10-20,931145,中证绿色债券指数,中证绿色债,CSI Green Bond Index,CSI Green Bond,,,,122.12,0.01,0.01,0.0,0.0,529.0,,2021-10-20,中证绿色债券指数
2021-10-21,931145,中证绿色债券指数,中证绿色债,CSI Green Bond Index,CSI Green Bond,,,,122.16,0.04,0.03,0.0,0.0,529.0,,2021-10-21,中证绿色债券指数
2021-10-22,931145,中证绿色债券指数,中证绿色债,CSI Green Bond Index,CSI Green Bond,,,,122.19,0.03,0.03,0.0,0.0,529.0,,2021-10-22,中证绿色债券指数
2021-10-25,931145,中证绿色债券指数,中证绿色债,CSI Green Bond Index,CSI Green Bond,,,,122.25,0.06,0.05,0.0,0.0,529.0,,2021-10-25,中证绿色债券指数
2021-10-26,931145,中证绿色债券指数,中证绿色债,CSI Green Bond Index,CSI Green Bond,,,,122.27,0.02,0.02,0.0,0.0,529.0,,2021-10-26,中证绿色债券指数
2021-10-27,931145,中证绿色债券指数,中证绿色债,CSI Green Bond Index,CSI Green Bond,,,,122.31,0.04,0.03,0.0,0.0,529.0,,2021-10-27,中证绿色债券指数
2021-10-28,931145,中证绿色债券指数,中证绿色债,CSI Green Bond Index,CSI Green Bond,,,,122.35,0.04,0.03,0.0,0.0,529.0,,2021-10-28,中证绿色债券指数
2021-10-29,931145,中证绿色债券指数,中证绿色债,CSI Green Bond Index,CSI Green Bond,,,,122.39,0.03,0.03,0.0,0.0,529.0,,2021-10-29,中证绿色债券指数
2021-11-01,931145,中证绿色债券指数,中证绿色债,CSI Green Bond Index,CSI Green Bond,,,,122.45,0.07,0.05,0.0,0.0,531.0,,2021-11-01,中证绿色债券指数
2021-11-02,931145,中证绿色债券指数,中证绿色债,CSI Green Bond Index,CSI Green Bond,,,,122.5,0.05,0.04,0.0,0.0,531.0,,2021-11-02,中证绿色债券指数
2021-11-03,931145,中证绿色债券指数,中证绿色债,CSI Green Bond Index,CSI Green Bond,,,,122.55,0.05,0.04,0.0,0.0,531.0,,2021-11-03,中证绿色债券指数
2021-11-04,931145,中证绿色债券指数,中证绿色债,CSI Green Bond Index,CSI Green Bond,,,,122.59,0.05,0.04,0.0,0.0,531.0,,2021-11-04,中证绿色债券指数
2021-11-05,931145,中证绿色债券指数,中证绿色债,CSI Green Bond Index,CSI Green Bond,,,,122.65,0.06,0.05,0.0,0.0,531.0,,2021-11-05,中证绿色债券指数
2021-11-08,931145,中证绿色债券指数,中证绿色债,CSI Green Bond Index,CSI Green Bond,,,,122.71,0.06,0.05,0.0,0.0,531.0,,2021-11-08,中证绿色债券指数
2021-11-09,931145,中证绿色债券指数,中证绿色债,CSI Green Bond Index,CSI Green Bond,,,,122.72,0.01,0.01,0.0,0.0,531.0,,2021-11-09,中证绿色债券指数
2021-11-10,931145,中证绿色债券指数,中证绿色债,CSI Green Bond Index,CSI Green Bond,,,,122.73,0.01,0.01,0.0,0.0,531.0,,2021-11-10,中证绿色债券指数
2021-11-11,931145,中证绿色债券指数,中证绿色债,CSI Green Bond Index,CSI Green Bond,,,,122.73,0.0,0.0,0.0,0.0,531.0,,2021-11-11,中证绿色债券指数
2021-11-12,931145,中证绿色债券指数,中证绿色债,CSI Green Bond Index,CSI Green Bond,,,,122.73,0.0,0.0,0.0,0.0,531.0,,2021-11-12,中证绿色债券指数
2021-11-15,931145,中证绿色债券指数,中证绿色债,CSI Green Bond Index,CSI Green Bond,,,,122.77,0.04,0.03,0.0,0.0,531.0,,2021-11-15,中证绿色债券指数
2021-11-16,931145,中证绿色债券指数,中证绿色债,CSI Green Bond Index,CSI Green Bond,,,,122.79,0.02,0.02,0.0,0.0,531.0,,2021-11-16,中证绿色债券指数
2021-11-17,931145,中证绿色债券指数,中证绿色债,CSI Green Bond Index,CSI Green Bond,,,,122.81,0.02,0.01,0.0,0.0,531.0,,2021-11-17,中证绿色债券指数
2021-11-18,931145,中证绿色债券指数,中证绿色债,CSI Green Bond Index,CSI Green Bond,,,,122.83,0.03,0.02,0.0,0.0,531.0,,2021-11-18,中证绿色债券指数
2021-11-19,931145,中证绿色债券指数,中证绿色债,CSI Green Bond Index,CSI Green Bond,,,,122.85,0.02,0.01,0.0,0.0,531.0,,2021-11-19,中证绿色债券指数
2021-11-22,931145,中证绿色债券指数,中证绿色债,CSI Green Bond Index,CSI Green Bond,,,,122.9,0.05,0.04,0.0,0.0,531.0,,2021-11-22,中证绿色债券指数
2021-11-23,931145,中证绿色债券指数,中证绿色债,CSI Green Bond Index,CSI Green Bond,,,,122.92,0.02,0.02,0.0,0.0,531.0,,2021-11-23,中证绿色债券指数
2021-11-24,931145,中证绿色债券指数,中证绿色债,CSI Green Bond Index,CSI Green Bond,,,,122.95,0.03,0.02,0.0,0.0,531.0,,2021-11-24,中证绿色债券指数
2021-11-25,931145,中证绿色债券指数,中证绿色债,CSI Green Bond Index,CSI Green Bond,,,,122.97,0.02,0.02,0.0,0.0,531.0,,2021-11-25,中证绿色债券指数
2021-11-26,931145,中证绿色债券指数,中证绿色债,CSI Green Bond Index,CSI Green Bond,,,,123.01,0.04,0.03,0.0,0.0,531.0,,2021-11-26,中证绿色债券指数
2021-11-29,931145,中证绿色债券指数,中证绿色债,CSI Green Bond Index,CSI Green Bond,,,,123.04,0.04,0.03,0.0,0.0,531.0,,2021-11-29,中证绿色债券指数
2021-11-30,931145,中证绿色债券指数,中证绿色债,CSI Green Bond Index,CSI Green Bond,,,,123.05,0.01,0.01,0.0,0.0,531.0,,2021-11-30,中证绿色债券指数
2021-12-01,931145,中证绿色债券指数,中证绿色债,CSI Green Bond Index,CSI Green Bond,,,,123.07,0.01,0.01,0.0,0.0,549.0,,2021-12-01,中证绿色债券指数
2021-12-02,931145,中证绿色债券指数,中证绿色债,CSI Green Bond Index,CSI Green Bond,,,,123.08,0.02,0.01,0.0,0.0,549.0,,2021-12-02,中证绿色债券指数
2021-12-03,931145,中证绿色债券指数,中证绿色债,CSI Green Bond Index,CSI Green Bond,,,,123.1,0.02,0.01,0.0,0.0,549.0,,2021-12-03,中证绿色债券指数
2021-12-06,931145,中证绿色债券指数,中证绿色债,CSI Green Bond Index,CSI Green Bond,,,,123.18,0.08,0.07,0.0,0.0,549.0,,2021-12-06,中证绿色债券指数
2021-12-07,931145,中证绿色债券指数,中证绿色债,CSI Green Bond Index,CSI Green Bond,,,,123.21,0.03,0.02,0.0,0.0,549.0,,2021-12-07,中证绿色债券指数
2021-12-08,931145,中证绿色债券指数,中证绿色债,CSI Green Bond Index,CSI Green Bond,,,,123.23,0.02,0.02,0.0,0.0,549.0,,2021-12-08,中证绿色债券指数
2021-12-09,931145,中证绿色债券指数,中证绿色债,CSI Green Bond Index,CSI Green Bond,,,,123.24,0.01,0.01,0.0,0.0,549.0,,2021-12-09,中证绿色债券指数
2021-12-10,931145,中证绿色债券指数,中证绿色债,CSI Green Bond Index,CSI Green Bond,,,,123.26,0.02,0.02,0.0,0.0,549.0,,2021-12-10,中证绿色债券指数
2021-12-13,931145,中证绿色债券指数,中证绿色债,CSI Green Bond Index,CSI Green Bond,,,,123.3,0.04,0.03,0.0,0.0,549.0,,2021-12-13,中证绿色债券指数
2021-12-14,931145,中证绿色债券指数,中证绿色债,CSI Green Bond Index,CSI Green Bond,,,,123.32,0.02,0.02,0.0,0.0,549.0,,2021-12-14,中证绿色债券指数
2021-12-15,931145,中证绿色债券指数,中证绿色债,CSI Green Bond Index,CSI Green Bond,,,,123.34,0.02,0.02,0.0,0.0,549.0,,2021-12-15,中证绿色债券指数
2021-12-16,931145,中证绿色债券指数,中证绿色债,CSI Green Bond Index,CSI Green Bond,,,,123.35,0.01,0.01,0.0,0.0,549.0,,2021-12-16,中证绿色债券指数
2021-12-17,931145,中证绿色债券指数,中证绿色债,CSI Green Bond Index,CSI Green Bond,,,,123.37,0.02,0.02,0.0,0.0,548.0,,2021-12-17,中证绿色债券指数
2021-12-20,931145,中证绿色债券指数,中证绿色债,CSI Green Bond Index,CSI Green Bond,,,,123.4,0.03,0.03,0.0,0.0,548.0,,2021-12-20,中证绿色债券指数
2021-12-21,931145,中证绿色债券指数,中证绿色债,CSI Green Bond Index,CSI Green Bond,,,,123.37,-0.03,-0.02,0.0,0.0,547.0,,2021-12-21,中证绿色债券指数
2021-12-22,931145,中证绿色债券指数,中证绿色债,CSI Green Bond Index,CSI Green Bond,,,,123.37,0.0,0.0,0.0,0.0,547.0,,2021-12-22,中证绿色债券指数
2021-12-23,931145,中证绿色债券指数,中证绿色债,CSI Green Bond Index,CSI Green Bond,,,,123.38,0.01,0.01,0.0,0.0,547.0,,2021-12-23,中证绿色债券指数
2021-12-24,931145,中证绿色债券指数,中证绿色债,CSI Green Bond Index,CSI Green Bond,,,,123.41,0.03,0.02,0.0,0.0,547.0,,2021-12-24,中证绿色债券指数
2021-12-27,931145,中证绿色债券指数,中证绿色债,CSI Green Bond Index,CSI Green Bond,,,,123.46,0.05,0.04,0.0,0.0,546.0,,2021-12-27,中证绿色债券指数
2021-12-28,931145,中证绿色债券指数,中证绿色债,CSI Green Bond Index,CSI Green Bond,,,,123.49,0.02,0.02,0.0,0.0,546.0,,2021-12-28,中证绿色债券指数
2021-12-29,931145,中证绿色债券指数,中证绿色债,CSI Green Bond Index,CSI Green Bond,,,,123.51,0.03,0.02,0.0,0.0,546.0,,2021-12-29,中证绿色债券指数
2021-12-30,931145,中证绿色债券指数,中证绿色债,CSI Green Bond Index,CSI Green Bond,,,,123.57,0.05,0.04,0.0,0.0,546.0,,2021-12-30,中证绿色债券指数
2021-12-31,931145,中证绿色债券指数,中证绿色债,CSI Green Bond Index,CSI Green Bond,,,,123.61,0.05,0.04,0.0,0.0,546.0,,2021-12-31,中证绿色债券指数
2022-01-04,931145,中证绿色债券指数,中证绿色债,CSI Green Bond Index,CSI Green Bond,,,,123.69,0.08,0.07,0.0,0.0,576.0,,2022-01-04,中证绿色债券指数
2022-01-05,931145,中证绿色债券指数,中证绿色债,CSI Green Bond Index,CSI Green Bond,,,,123.72,0.03,0.03,0.0,0.0,576.0,,2022-01-05,中证绿色债券指数
2022-01-06,931145,中证绿色债券指数,中证绿色债,CSI Green Bond Index,CSI Green Bond,,,,123.72,0.0,0.0,0.0,0.0,576.0,,2022-01-06,中证绿色债券指数
2022-01-07,931145,中证绿色债券指数,中证绿色债,CSI Green Bond Index,CSI Green Bond,,,,123.74,0.02,0.02,0.0,0.0,576.0,,2022-01-07,中证绿色债券指数
2022-01-10,931145,中证绿色债券指数,中证绿色债,CSI Green Bond Index,CSI Green Bond,,,,123.8,0.06,0.05,0.0,0.0,576.0,,2022-01-10,中证绿色债券指数
2022-01-11,931145,中证绿色债券指数,中证绿色债,CSI Green Bond Index,CSI Green Bond,,,,123.82,0.02,0.02,0.0,0.0,576.0,,2022-01-11,中证绿色债券指数
2022-01-12,931145,中证绿色债券指数,中证绿色债,CSI Green Bond Index,CSI Green Bond,,,,123.87,0.05,0.04,0.0,0.0,576.0,,2022-01-12,中证绿色债券指数
2022-01-13,931145,中证绿色债券指数,中证绿色债,CSI Green Bond Index,CSI Green Bond,,,,123.89,0.02,0.01,0.0,0.0,576.0,,2022-01-13,中证绿色债券指数
2022-01-14,931145,中证绿色债券指数,中证绿色债,CSI Green Bond Index,CSI Green Bond,,,,123.91,0.02,0.02,0.0,0.0,576.0,,2022-01-14,中证绿色债券指数
2022-01-17,931145,中证绿色债券指数,中证绿色债,CSI Green Bond Index,CSI Green Bond,,,,123.97,0.06,0.05,0.0,0.0,576.0,,2022-01-17,中证绿色债券指数
2022-01-18,931145,中证绿色债券指数,中证绿色债,CSI Green Bond Index,CSI Green Bond,,,,124.03,0.06,0.05,0.0,0.0,576.0,,2022-01-18,中证绿色债券指数
2022-01-19,931145,中证绿色债券指数,中证绿色债,CSI Green Bond Index,CSI Green Bond,,,,124.12,0.09,0.07,0.0,0.0,576.0,,2022-01-19,中证绿色债券指数
2022-01-20,931145,中证绿色债券指数,中证绿色债,CSI Green Bond Index,CSI Green Bond,,,,124.18,0.06,0.05,0.0,0.0,576.0,,2022-01-20,中证绿色债券指数
2022-01-21,931145,中证绿色债券指数,中证绿色债,CSI Green Bond Index,CSI Green Bond,,,,124.22,0.04,0.03,0.0,0.0,576.0,,2022-01-21,中证绿色债券指数
2022-01-24,931145,中证绿色债券指数,中证绿色债,CSI Green Bond Index,CSI Green Bond,,,,124.29,0.07,0.06,0.0,0.0,576.0,,2022-01-24,中证绿色债券指数
2022-01-25,931145,中证绿色债券指数,中证绿色债,CSI Green Bond Index,CSI Green Bond,,,,124.31,0.02,0.02,0.0,0.0,576.0,,2022-01-25,中证绿色债券指数
2022-01-26,931145,中证绿色债券指数,中证绿色债,CSI Green Bond Index,CSI Green Bond,,,,124.31,0.01,0.0,0.0,0.0,576.0,,2022-01-26,中证绿色债券指数
2022-01-27,931145,中证绿色债券指数,中证绿色债,CSI Green Bond Index,CSI Green Bond,,,,124.32,0.01,0.01,0.0,0.0,576.0,,2022-01-27,中证绿色债券指数
2022-01-28,931145,中证绿色债券指数,中证绿色债,CSI Green Bond Index,CSI Green Bond,,,,124.34,0.02,0.01,0.0,0.0,576.0,,2022-01-28,中证绿色债券指数
2022-02-07,931145,中证绿色债券指数,中证绿色债,CSI Green Bond Index,CSI Green Bond,,,,124.45,0.12,0.09,0.0,0.0,592.0,,2022-02-07,中证绿色债券指数
2022-02-08,931145,中证绿色债券指数,中证绿色债,CSI Green Bond Index,CSI Green Bond,,,,124.46,0.01,0.01,0.0,0.0,592.0,,2022-02-08,中证绿色债券指数
2022-02-09,931145,中证绿色债券指数,中证绿色债,CSI Green Bond Index,CSI Green Bond,,,,124.47,0.01,0.01,0.0,0.0,592.0,,2022-02-09,中证绿色债券指数
2022-02-10,931145,中证绿色债券指数,中证绿色债,CSI Green Bond Index,CSI Green Bond,,,,124.5,0.03,0.02,0.0,0.0,592.0,,2022-02-10,中证绿色债券指数
2022-02-11,931145,中证绿色债券指数,中证绿色债,CSI Green Bond Index,CSI Green Bond,,,,124.43,-0.07,-0.06,0.0,0.0,592.0,,2022-02-11,中证绿色债券指数
2022-02-14,931145,中证绿色债券指数,中证绿色债,CSI Green Bond Index,CSI Green Bond,,,,124.44,0.01,0.01,0.0,0.0,592.0,,2022-02-14,中证绿色债券指数
2022-02-15,931145,中证绿色债券指数,中证绿色债,CSI Green Bond Index,CSI Green Bond,,,,124.41,-0.03,-0.03,0.0,0.0,592.0,,2022-02-15,中证绿色债券指数
2022-02-16,931145,中证绿色债券指数,中证绿色债,CSI Green Bond Index,CSI Green Bond,,,,124.4,-0.01,-0.01,0.0,0.0,592.0,,2022-02-16,中证绿色债券指数
2022-02-17,931145,中证绿色债券指数,中证绿色债,CSI Green Bond Index,CSI Green Bond,,,,124.41,0.01,0.01,0.0,0.0,592.0,,2022-02-17,中证绿色债券指数
2022-02-18,931145,中证绿色债券指数,中证绿色债,CSI Green Bond Index,CSI Green Bond,,,,124.43,0.02,0.01,0.0,0.0,592.0,,2022-02-18,中证绿色债券指数
2022-02-21,931145,中证绿色债券指数,中证绿色债,CSI Green Bond Index,CSI Green Bond,,,,124.43,0.01,0.01,0.0,0.0,592.0,,2022-02-21,中证绿色债券指数
2022-02-22,931145,中证绿色债券指数,中证绿色债,CSI Green Bond Index,CSI Green Bond,,,,124.38,-0.06,-0.04,0.0,0.0,592.0,,2022-02-22,中证绿色债券指数
2022-02-23,931145,中证绿色债券指数,中证绿色债,CSI Green Bond Index,CSI Green Bond,,,,124.34,-0.04,-0.03,0.0,0.0,592.0,,2022-02-23,中证绿色债券指数
2022-02-24,931145,中证绿色债券指数,中证绿色债,CSI Green Bond Index,CSI Green Bond,,,,124.35,0.01,0.01,0.0,0.0,592.0,,2022-02-24,中证绿色债券指数
2022-02-25,931145,中证绿色债券指数,中证绿色债,CSI Green Bond Index,CSI Green Bond,,,,124.34,-0.01,0.0,0.0,0.0,592.0,,2022-02-25,中证绿色债券指数
2022-02-28,931145,中证绿色债券指数,中证绿色债,CSI Green Bond Index,CSI Green Bond,,,,124.38,0.04,0.03,0.0,0.0,592.0,,2022-02-28,中证绿色债券指数
2022-03-01,931145,中证绿色债券指数,中证绿色债,CSI Green Bond Index,CSI Green Bond,,,,124.39,0.01,0.01,0.0,0.0,598.0,,2022-03-01,中证绿色债券指数
2022-03-02,931145,中证绿色债券指数,中证绿色债,CSI Green Bond Index,CSI Green Bond,,,,124.36,-0.03,-0.02,0.0,0.0,598.0,,2022-03-02,中证绿色债券指数
2022-03-03,931145,中证绿色债券指数,中证绿色债,CSI Green Bond Index,CSI Green Bond,,,,124.31,-0.04,-0.04,0.0,0.0,598.0,,2022-03-03,中证绿色债券指数
2022-03-04,931145,中证绿色债券指数,中证绿色债,CSI Green Bond Index,CSI Green Bond,,,,124.27,-0.04,-0.04,0.0,0.0,598.0,,2022-03-04,中证绿色债券指数
2022-03-07,931145,中证绿色债券指数,中证绿色债,CSI Green Bond Index,CSI Green Bond,,,,124.26,0.0,0.0,0.0,0.0,598.0,,2022-03-07,中证绿色债券指数
2022-03-08,931145,中证绿色债券指数,中证绿色债,CSI Green Bond Index,CSI Green Bond,,,,124.25,-0.01,-0.01,0.0,0.0,598.0,,2022-03-08,中证绿色债券指数
2022-03-09,931145,中证绿色债券指数,中证绿色债,CSI Green Bond Index,CSI Green Bond,,,,124.2,-0.05,-0.04,0.0,0.0,598.0,,2022-03-09,中证绿色债券指数
2022-03-10,931145,中证绿色债券指数,中证绿色债,CSI Green Bond Index,CSI Green Bond,,,,124.16,-0.05,-0.04,0.0,0.0,598.0,,2022-03-10,中证绿色债券指数
2022-03-11,931145,中证绿色债券指数,中证绿色债,CSI Green Bond Index,CSI Green Bond,,,,124.12,-0.04,-0.03,0.0,0.0,598.0,,2022-03-11,中证绿色债券指数
2022-03-14,931145,中证绿色债券指数,中证绿色债,CSI Green Bond Index,CSI Green Bond,,,,124.24,0.12,0.1,0.0,0.0,598.0,,2022-03-14,中证绿色债券指数
2022-03-15,931145,中证绿色债券指数,中证绿色债,CSI Green Bond Index,CSI Green Bond,,,,124.21,-0.03,-0.02,0.0,0.0,598.0,,2022-03-15,中证绿色债券指数
2022-03-16,931145,中证绿色债券指数,中证绿色债,CSI Green Bond Index,CSI Green Bond,,,,124.2,-0.01,-0.01,0.0,0.0,598.0,,2022-03-16,中证绿色债券指数
2022-03-17,931145,中证绿色债券指数,中证绿色债,CSI Green Bond Index,CSI Green Bond,,,,124.18,-0.02,-0.02,0.0,0.0,598.0,,2022-03-17,中证绿色债券指数
2022-03-18,931145,中证绿色债券指数,中证绿色债,CSI Green Bond Index,CSI Green Bond,,,,124.19,0.02,0.01,0.0,0.0,598.0,,2022-03-18,中证绿色债券指数
2022-03-21,931145,中证绿色债券指数,中证绿色债,CSI Green Bond Index,CSI Green Bond,,,,124.23,0.04,0.03,0.0,0.0,598.0,,2022-03-21,中证绿色债券指数
2022-03-22,931145,中证绿色债券指数,中证绿色债,CSI Green Bond Index,CSI Green Bond,,,,124.22,-0.01,-0.01,0.0,0.0,598.0,,2022-03-22,中证绿色债券指数
2022-03-23,931145,中证绿色债券指数,中证绿色债,CSI Green Bond Index,CSI Green Bond,,,,124.22,0.0,0.0,0.0,0.0,598.0,,2022-03-23,中证绿色债券指数
2022-03-24,931145,中证绿色债券指数,中证绿色债,CSI Green Bond Index,CSI Green Bond,,,,124.22,0.01,0.0,0.0,0.0,598.0,,2022-03-24,中证绿色债券指数
2022-03-25,931145,中证绿色债券指数,中证绿色债,CSI Green Bond Index,CSI Green Bond,,,,124.26,0.03,0.03,0.0,0.0,598.0,,2022-03-25,中证绿色债券指数
2022-03-28,931145,中证绿色债券指数,中证绿色债,CSI Green Bond Index,CSI Green Bond,,,,124.31,0.05,0.04,0.0,0.0,598.0,,2022-03-28,中证绿色债券指数
2022-03-29,931145,中证绿色债券指数,中证绿色债,CSI Green Bond Index,CSI Green Bond,,,,124.32,0.01,0.01,0.0,0.0,598.0,,2022-03-29,中证绿色债券指数
2022-03-30,931145,中证绿色债券指数,中证绿色债,CSI Green Bond Index,CSI Green Bond,,,,124.36,0.04,0.03,0.0,0.0,598.0,,2022-03-30,中证绿色债券指数
2022-03-31,931145,中证绿色债券指数,中证绿色债,CSI Green Bond Index,CSI Green Bond,,,,124.39,0.04,0.03,0.0,0.0,598.0,,2022-03-31,中证绿色债券指数
2022-04-01,931145,中证绿色债券指数,中证绿色债,CSI Green Bond Index,CSI Green Bond,,,,124.48,0.09,0.07,0.0,0.0,634.0,,2022-04-01,中证绿色债券指数
2022-04-06,931145,中证绿色债券指数,中证绿色债,CSI Green Bond Index,CSI Green Bond,,,,124.59,0.11,0.09,0.0,0.0,634.0,,2022-04-06,中证绿色债券指数
2022-04-07,931145,中证绿色债券指数,中证绿色债,CSI Green Bond Index,CSI Green Bond,,,,124.67,0.08,0.06,0.0,0.0,634.0,,2022-04-07,中证绿色债券指数
2022-04-08,931145,中证绿色债券指数,中证绿色债,CSI Green Bond Index,CSI Green Bond,,,,124.72,0.05,0.04,0.0,0.0,634.0,,2022-04-08,中证绿色债券指数
2022-04-11,931145,中证绿色债券指数,中证绿色债,CSI Green Bond Index,CSI Green Bond,,,,124.77,0.06,0.04,0.0,0.0,634.0,,2022-04-11,中证绿色债券指数
2022-04-12,931145,中证绿色债券指数,中证绿色债,CSI Green Bond Index,CSI Green Bond,,,,124.78,0.01,0.01,0.0,0.0,634.0,,2022-04-12,中证绿色债券指数
2022-04-13,931145,中证绿色债券指数,中证绿色债,CSI Green Bond Index,CSI Green Bond,,,,124.8,0.02,0.02,0.0,0.0,634.0,,2022-04-13,中证绿色债券指数
2022-04-14,931145,中证绿色债券指数,中证绿色债,CSI Green Bond Index,CSI Green Bond,,,,124.86,0.06,0.05,0.0,0.0,634.0,,2022-04-14,中证绿色债券指数
2022-04-15,931145,中证绿色债券指数,中证绿色债,CSI Green Bond Index,CSI Green Bond,,,,124.91,0.05,0.04,0.0,0.0,634.0,,2022-04-15,中证绿色债券指数
2022-04-18,931145,中证绿色债券指数,中证绿色债,CSI Green Bond Index,CSI Green Bond,,,,124.92,0.01,0.01,0.0,0.0,634.0,,2022-04-18,中证绿色债券指数
2022-04-19,931145,中证绿色债券指数,中证绿色债,CSI Green Bond Index,CSI Green Bond,,,,124.9,-0.01,-0.01,0.0,0.0,634.0,,2022-04-19,中证绿色债券指数
2022-04-20,931145,中证绿色债券指数,中证绿色债,CSI Green Bond Index,CSI Green Bond,,,,124.91,0.01,0.0,0.0,0.0,634.0,,2022-04-20,中证绿色债券指数
2022-04-21,931145,中证绿色债券指数,中证绿色债,CSI Green Bond Index,CSI Green Bond,,,,124.91,0.01,0.0,0.0,0.0,634.0,,2022-04-21,中证绿色债券指数
2022-04-22,931145,中证绿色债券指数,中证绿色债,CSI Green Bond Index,CSI Green Bond,,,,124.94,0.03,0.02,0.0,0.0,634.0,,2022-04-22,中证绿色债券指数
2022-04-25,931145,中证绿色债券指数,中证绿色债,CSI Green Bond Index,CSI Green Bond,,,,125.0,0.05,0.04,0.0,0.0,634.0,,2022-04-25,中证绿色债券指数
2022-04-26,931145,中证绿色债券指数,中证绿色债,CSI Green Bond Index,CSI Green Bond,,,,125.03,0.04,0.03,0.0,0.0,634.0,,2022-04-26,中证绿色债券指数
2022-04-27,931145,中证绿色债券指数,中证绿色债,CSI Green Bond Index,CSI Green Bond,,,,125.04,0.01,0.01,0.0,0.0,634.0,,2022-04-27,中证绿色债券指数
2022-04-28,931145,中证绿色债券指数,中证绿色债,CSI Green Bond Index,CSI Green Bond,,,,125.05,0.01,0.01,0.0,0.0,634.0,,2022-04-28,中证绿色债券指数
2022-04-29,931145,中证绿色债券指数,中证绿色债,CSI Green Bond Index,CSI Green Bond,,,,125.06,0.01,0.01,0.0,0.0,634.0,,2022-04-29,中证绿色债券指数
2022-05-05,931145,中证绿色债券指数,中证绿色债,CSI Green Bond Index,CSI Green Bond,,,,125.14,0.08,0.06,0.0,0.0,669.0,,2022-05-05,中证绿色债券指数
2022-05-06,931145,中证绿色债券指数,中证绿色债,CSI Green Bond Index,CSI Green Bond,,,,125.15,0.01,0.01,0.0,0.0,669.0,,2022-05-06,中证绿色债券指数
2022-05-09,931145,中证绿色债券指数,中证绿色债,CSI Green Bond Index,CSI Green Bond,,,,125.21,0.06,0.05,0.0,0.0,669.0,,2022-05-09,中证绿色债券指数
2022-05-10,931145,中证绿色债券指数,中证绿色债,CSI Green Bond Index,CSI Green Bond,,,,125.27,0.06,0.05,0.0,0.0,669.0,,2022-05-10,中证绿色债券指数
2022-05-11,931145,中证绿色债券指数,中证绿色债,CSI Green Bond Index,CSI Green Bond,,,,125.3,0.03,0.03,0.0,0.0,669.0,,2022-05-11,中证绿色债券指数
2022-05-12,931145,中证绿色债券指数,中证绿色债,CSI Green Bond Index,CSI Green Bond,,,,125.36,0.06,0.05,0.0,0.0,669.0,,2022-05-12,中证绿色债券指数
2022-05-13,931145,中证绿色债券指数,中证绿色债,CSI Green Bond Index,CSI Green Bond,,,,125.41,0.06,0.04,0.0,0.0,669.0,,2022-05-13,中证绿色债券指数
2022-05-16,931145,中证绿色债券指数,中证绿色债,CSI Green Bond Index,CSI Green Bond,,,,125.47,0.06,0.05,0.0,0.0,669.0,,2022-05-16,中证绿色债券指数
2022-05-17,931145,中证绿色债券指数,中证绿色债,CSI Green Bond Index,CSI Green Bond,,,,125.51,0.04,0.03,0.0,0.0,669.0,,2022-05-17,中证绿色债券指数
2022-05-18,931145,中证绿色债券指数,中证绿色债,CSI Green Bond Index,CSI Green Bond,,,,125.58,0.07,0.05,0.0,0.0,669.0,,2022-05-18,中证绿色债券指数
2022-05-19,931145,中证绿色债券指数,中证绿色债,CSI Green Bond Index,CSI Green Bond,,,,125.63,0.05,0.04,0.0,0.0,669.0,,2022-05-19,中证绿色债券指数
2022-05-20,931145,中证绿色债券指数,中证绿色债,CSI Green Bond Index,CSI Green Bond,,,,125.65,0.02,0.02,0.0,0.0,669.0,,2022-05-20,中证绿色债券指数
2022-05-23,931145,中证绿色债券指数,中证绿色债,CSI Green Bond Index,CSI Green Bond,,,,125.7,0.05,0.04,0.0,0.0,669.0,,2022-05-23,中证绿色债券指数
2022-05-24,931145,中证绿色债券指数,中证绿色债,CSI Green Bond Index,CSI Green Bond,,,,125.73,0.03,0.02,0.0,0.0,669.0,,2022-05-24,中证绿色债券指数
2022-05-25,931145,中证绿色债券指数,中证绿色债,CSI Green Bond Index,CSI Green Bond,,,,125.73,0.01,0.0,0.0,0.0,669.0,,2022-05-25,中证绿色债券指数
2022-05-26,931145,中证绿色债券指数,中证绿色债,CSI Green Bond Index,CSI Green Bond,,,,125.8,0.07,0.05,0.0,0.0,669.0,,2022-05-26,中证绿色债券指数
2022-05-27,931145,中证绿色债券指数,中证绿色债,CSI Green Bond Index,CSI Green Bond,,,,125.81,0.01,0.01,0.0,0.0,669.0,,2022-05-27,中证绿色债券指数
2022-05-30,931145,中证绿色债券指数,中证绿色债,CSI Green Bond Index,CSI Green Bond,,,,125.84,0.03,0.02,0.0,0.0,669.0,,2022-05-30,中证绿色债券指数
2022-05-31,931145,中证绿色债券指数,中证绿色债,CSI Green Bond Index,CSI Green Bond,,,,125.79,-0.05,-0.04,0.0,0.0,669.0,,2022-05-31,中证绿色债券指数
2022-06-01,931145,中证绿色债券指数,中证绿色债,CSI Green Bond Index,CSI Green Bond,,,,125.74,-0.05,-0.04,0.0,0.0,685.0,,2022-06-01,中证绿色债券指数
2022-06-02,931145,中证绿色债券指数,中证绿色债,CSI Green Bond Index,CSI Green Bond,,,,125.69,-0.05,-0.04,0.0,0.0,685.0,,2022-06-02,中证绿色债券指数
2022-06-06,931145,中证绿色债券指数,中证绿色债,CSI Green Bond Index,CSI Green Bond,,,,125.65,-0.04,-0.03,0.0,0.0,685.0,,2022-06-06,中证绿色债券指数
2022-06-07,931145,中证绿色债券指数,中证绿色债,CSI Green Bond Index,CSI Green Bond,,,,125.59,-0.07,-0.05,0.0,0.0,685.0,,2022-06-07,中证绿色债券指数
2022-06-08,931145,中证绿色债券指数,中证绿色债,CSI Green Bond Index,CSI Green Bond,,,,125.58,-0.01,0.0,0.0,0.0,684.0,,2022-06-08,中证绿色债券指数
2022-06-09,931145,中证绿色债券指数,中证绿色债,CSI Green Bond Index,CSI Green Bond,,,,125.61,0.03,0.02,0.0,0.0,684.0,,2022-06-09,中证绿色债券指数
2022-06-10,931145,中证绿色债券指数,中证绿色债,CSI Green Bond Index,CSI Green Bond,,,,125.65,0.04,0.03,0.0,0.0,684.0,,2022-06-10,中证绿色债券指数
2022-06-13,931145,中证绿色债券指数,中证绿色债,CSI Green Bond Index,CSI Green Bond,,,,125.68,0.03,0.03,0.0,0.0,684.0,,2022-06-13,中证绿色债券指数
2022-06-14,931145,中证绿色债券指数,中证绿色债,CSI Green Bond Index,CSI Green Bond,,,,125.69,0.01,0.01,0.0,0.0,683.0,,2022-06-14,中证绿色债券指数
2022-06-15,931145,中证绿色债券指数,中证绿色债,CSI Green Bond Index,CSI Green Bond,,,,125.7,0.01,0.01,0.0,0.0,683.0,,2022-06-15,中证绿色债券指数
2022-06-16,931145,中证绿色债券指数,中证绿色债,CSI Green Bond Index,CSI Green Bond,,,,125.72,0.02,0.02,0.0,0.0,683.0,,2022-06-16,中证绿色债券指数
2022-06-17,931145,中证绿色债券指数,中证绿色债,CSI Green Bond Index,CSI Green Bond,,,,125.78,0.05,0.04,0.0,0.0,683.0,,2022-06-17,中证绿色债券指数
2022-06-20,931145,中证绿色债券指数,中证绿色债,CSI Green Bond Index,CSI Green Bond,,,,125.81,0.03,0.03,0.0,0.0,683.0,,2022-06-20,中证绿色债券指数
2022-06-21,931145,中证绿色债券指数,中证绿色债,CSI Green Bond Index,CSI Green Bond,,,,125.81,0.0,0.0,0.0,0.0,683.0,,2022-06-21,中证绿色债券指数
2022-06-22,931145,中证绿色债券指数,中证绿色债,CSI Green Bond Index,CSI Green Bond,,,,125.82,0.01,0.01,0.0,0.0,683.0,,2022-06-22,中证绿色债券指数
2022-06-23,931145,中证绿色债券指数,中证绿色债,CSI Green Bond Index,CSI Green Bond,,,,125.85,0.03,0.03,0.0,0.0,683.0,,2022-06-23,中证绿色债券指数
2022-06-24,931145,中证绿色债券指数,中证绿色债,CSI Green Bond Index,CSI Green Bond,,,,125.88,0.03,0.02,0.0,0.0,683.0,,2022-06-24,中证绿色债券指数
2022-06-27,931145,中证绿色债券指数,中证绿色债,CSI Green Bond Index,CSI Green Bond,,,,125.86,-0.02,-0.01,0.0,0.0,683.0,,2022-06-27,中证绿色债券指数
2022-06-28,931145,中证绿色债券指数,中证绿色债,CSI Green Bond Index,CSI Green Bond,,,,125.84,-0.02,-0.02,0.0,0.0,683.0,,2022-06-28,中证绿色债券指数
2022-06-29,931145,中证绿色债券指数,中证绿色债,CSI Green Bond Index,CSI Green Bond,,,,125.85,0.01,0.01,0.0,0.0,683.0,,2022-06-29,中证绿色债券指数
2022-06-30,931145,中证绿色债券指数,中证绿色债,CSI Green Bond Index,CSI Green Bond,,,,125.88,0.03,0.02,0.0,0.0,683.0,,2022-06-30,中证绿色债券指数
2022-07-01,931145,中证绿色债券指数,中证绿色债,CSI Green Bond Index,CSI Green Bond,,,,125.91,0.03,0.03,0.0,0.0,694.0,,2022-07-01,中证绿色债券指数
2022-07-04,931145,中证绿色债券指数,中证绿色债,CSI Green Bond Index,CSI Green Bond,,,,125.9,-0.01,-0.01,0.0,0.0,694.0,,2022-07-04,中证绿色债券指数
2022-07-05,931145,中证绿色债券指数,中证绿色债,CSI Green Bond Index,CSI Green Bond,,,,125.89,-0.01,-0.01,0.0,0.0,694.0,,2022-07-05,中证绿色债券指数
2022-07-06,931145,中证绿色债券指数,中证绿色债,CSI Green Bond Index,CSI Green Bond,,,,125.9,0.01,0.01,0.0,0.0,694.0,,2022-07-06,中证绿色债券指数
2022-07-07,931145,中证绿色债券指数,中证绿色债,CSI Green Bond Index,CSI Green Bond,,,,125.92,0.03,0.02,0.0,0.0,693.0,,2022-07-07,中证绿色债券指数
2022-07-08,931145,中证绿色债券指数,中证绿色债,CSI Green Bond Index,CSI Green Bond,,,,125.95,0.02,0.02,0.0,0.0,693.0,,2022-07-08,中证绿色债券指数
2022-07-11,931145,中证绿色债券指数,中证绿色债,CSI Green Bond Index,CSI Green Bond,,,,126.02,0.07,0.06,0.0,0.0,693.0,,2022-07-11,中证绿色债券指数
2022-07-12,931145,中证绿色债券指数,中证绿色债,CSI Green Bond Index,CSI Green Bond,,,,126.08,0.06,0.05,0.0,0.0,693.0,,2022-07-12,中证绿色债券指数
2022-07-13,931145,中证绿色债券指数,中证绿色债,CSI Green Bond Index,CSI Green Bond,,,,126.14,0.06,0.05,0.0,0.0,693.0,,2022-07-13,中证绿色债券指数
2022-07-14,931145,中证绿色债券指数,中证绿色债,CSI Green Bond Index,CSI Green Bond,,,,126.19,0.06,0.04,0.0,0.0,693.0,,2022-07-14,中证绿色债券指数
2022-07-15,931145,中证绿色债券指数,中证绿色债,CSI Green Bond Index,CSI Green Bond,,,,126.25,0.06,0.04,0.0,0.0,693.0,,2022-07-15,中证绿色债券指数
2022-07-18,931145,中证绿色债券指数,中证绿色债,CSI Green Bond Index,CSI Green Bond,,,,126.32,0.08,0.06,0.0,0.0,693.0,,2022-07-18,中证绿色债券指数
2022-07-19,931145,中证绿色债券指数,中证绿色债,CSI Green Bond Index,CSI Green Bond,,,,126.36,0.04,0.03,0.0,0.0,693.0,,2022-07-19,中证绿色债券指数
2022-07-20,931145,中证绿色债券指数,中证绿色债,CSI Green Bond Index,CSI Green Bond,,,,126.39,0.03,0.02,0.0,0.0,692.0,,2022-07-20,中证绿色债券指数
2022-07-21,931145,中证绿色债券指数,中证绿色债,CSI Green Bond Index,CSI Green Bond,,,,126.46,0.07,0.05,0.0,0.0,692.0,,2022-07-21,中证绿色债券指数
2022-07-22,931145,中证绿色债券指数,中证绿色债,CSI Green Bond Index,CSI Green Bond,,,,126.5,0.04,0.03,0.0,0.0,692.0,,2022-07-22,中证绿色债券指数
2022-07-25,931145,中证绿色债券指数,中证绿色债,CSI Green Bond Index,CSI Green Bond,,,,126.55,0.05,0.04,0.0,0.0,692.0,,2022-07-25,中证绿色债券指数
2022-07-26,931145,中证绿色债券指数,中证绿色债,CSI Green Bond Index,CSI Green Bond,,,,126.6,0.05,0.04,0.0,0.0,692.0,,2022-07-26,中证绿色债券指数
2022-07-27,931145,中证绿色债券指数,中证绿色债,CSI Green Bond Index,CSI Green Bond,,,,126.65,0.05,0.04,0.0,0.0,692.0,,2022-07-27,中证绿色债券指数
2022-07-28,931145,中证绿色债券指数,中证绿色债,CSI Green Bond Index,CSI Green Bond,,,,126.66,0.01,0.01,0.0,0.0,692.0,,2022-07-28,中证绿色债券指数
2022-07-29,931145,中证绿色债券指数,中证绿色债,CSI Green Bond Index,CSI Green Bond,,,,126.72,0.07,0.05,0.0,0.0,692.0,,2022-07-29,中证绿色债券指数
2022-08-01,931145,中证绿色债券指数,中证绿色债,CSI Green Bond Index,CSI Green Bond,,,,126.82,0.09,0.07,0.0,0.0,706.0,,2022-08-01,中证绿色债券指数
2022-08-02,931145,中证绿色债券指数,中证绿色债,CSI Green Bond Index,CSI Green Bond,,,,126.91,0.1,0.08,0.0,0.0,706.0,,2022-08-02,中证绿色债券指数
2022-08-03,931145,中证绿色债券指数,中证绿色债,CSI Green Bond Index,CSI Green Bond,,,,126.96,0.05,0.04,0.0,0.0,706.0,,2022-08-03,中证绿色债券指数
2022-08-04,931145,中证绿色债券指数,中证绿色债,CSI Green Bond Index,CSI Green Bond,,,,127.02,0.06,0.05,0.0,0.0,706.0,,2022-08-04,中证绿色债券指数
2022-08-05,931145,中证绿色债券指数,中证绿色债,CSI Green Bond Index,CSI Green Bond,,,,127.05,0.03,0.03,0.0,0.0,706.0,,2022-08-05,中证绿色债券指数
2022-08-08,931145,中证绿色债券指数,中证绿色债,CSI Green Bond Index,CSI Green Bond,,,,127.06,0.01,0.01,0.0,0.0,706.0,,2022-08-08,中证绿色债券指数
2022-08-09,931145,中证绿色债券指数,中证绿色债,CSI Green Bond Index,CSI Green Bond,,,,127.03,-0.03,-0.02,0.0,0.0,706.0,,2022-08-09,中证绿色债券指数
2022-08-10,931145,中证绿色债券指数,中证绿色债,CSI Green Bond Index,CSI Green Bond,,,,127.0,-0.03,-0.03,0.0,0.0,706.0,,2022-08-10,中证绿色债券指数
2022-08-11,931145,中证绿色债券指数,中证绿色债,CSI Green Bond Index,CSI Green Bond,,,,126.98,-0.02,-0.02,0.0,0.0,706.0,,2022-08-11,中证绿色债券指数
2022-08-12,931145,中证绿色债券指数,中证绿色债,CSI Green Bond Index,CSI Green Bond,,,,126.95,-0.02,-0.02,0.0,0.0,706.0,,2022-08-12,中证绿色债券指数
2022-08-15,931145,中证绿色债券指数,中证绿色债,CSI Green Bond Index,CSI Green Bond,,,,127.07,0.12,0.09,0.0,0.0,706.0,,2022-08-15,中证绿色债券指数
2022-08-16,931145,中证绿色债券指数,中证绿色债,CSI Green Bond Index,CSI Green Bond,,,,127.17,0.1,0.08,0.0,0.0,706.0,,2022-08-16,中证绿色债券指数
2022-08-17,931145,中证绿色债券指数,中证绿色债,CSI Green Bond Index,CSI Green Bond,,,,127.2,0.03,0.02,0.0,0.0,706.0,,2022-08-17,中证绿色债券指数
2022-08-18,931145,中证绿色债券指数,中证绿色债,CSI Green Bond Index,CSI Green Bond,,,,127.22,0.02,0.02,0.0,0.0,706.0,,2022-08-18,中证绿色债券指数
2022-08-19,931145,中证绿色债券指数,中证绿色债,CSI Green Bond Index,CSI Green Bond,,,,127.23,0.01,0.01,0.0,0.0,706.0,,2022-08-19,中证绿色债券指数
2022-08-22,931145,中证绿色债券指数,中证绿色债,CSI Green Bond Index,CSI Green Bond,,,,127.26,0.03,0.02,0.0,0.0,706.0,,2022-08-22,中证绿色债券指数
2022-08-23,931145,中证绿色债券指数,中证绿色债,CSI Green Bond Index,CSI Green Bond,,,,127.24,-0.02,-0.01,0.0,0.0,706.0,,2022-08-23,中证绿色债券指数
2022-08-24,931145,中证绿色债券指数,中证绿色债,CSI Green Bond Index,CSI Green Bond,,,,127.23,-0.01,-0.01,0.0,0.0,706.0,,2022-08-24,中证绿色债券指数
2022-08-25,931145,中证绿色债券指数,中证绿色债,CSI Green Bond Index,CSI Green Bond,,,,127.2,-0.03,-0.02,0.0,0.0,706.0,,2022-08-25,中证绿色债券指数
2022-08-26,931145,中证绿色债券指数,中证绿色债,CSI Green Bond Index,CSI Green Bond,,,,127.16,-0.04,-0.03,0.0,0.0,706.0,,2022-08-26,中证绿色债券指数
2022-08-29,931145,中证绿色债券指数,中证绿色债,CSI Green Bond Index,CSI Green Bond,,,,127.17,0.01,0.0,0.0,0.0,706.0,,2022-08-29,中证绿色债券指数
2022-08-30,931145,中证绿色债券指数,中证绿色债,CSI Green Bond Index,CSI Green Bond,,,,127.19,0.02,0.02,0.0,0.0,706.0,,2022-08-30,中证绿色债券指数
2022-08-31,931145,中证绿色债券指数,中证绿色债,CSI Green Bond Index,CSI Green Bond,,,,127.22,0.03,0.03,0.0,0.0,706.0,,2022-08-31,中证绿色债券指数
2022-09-01,931145,中证绿色债券指数,中证绿色债,CSI Green Bond Index,CSI Green Bond,,,,127.26,0.04,0.03,0.0,0.0,712.0,,2022-09-01,中证绿色债券指数
2022-09-02,931145,中证绿色债券指数,中证绿色债,CSI Green Bond Index,CSI Green Bond,,,,127.3,0.04,0.03,0.0,0.0,712.0,,2022-09-02,中证绿色债券指数
2022-09-05,931145,中证绿色债券指数,中证绿色债,CSI Green Bond Index,CSI Green Bond,,,,127.35,0.05,0.04,0.0,0.0,712.0,,2022-09-05,中证绿色债券指数
2022-09-06,931145,中证绿色债券指数,中证绿色债,CSI Green Bond Index,CSI Green Bond,,,,127.39,0.03,0.03,0.0,0.0,712.0,,2022-09-06,中证绿色债券指数
2022-09-07,931145,中证绿色债券指数,中证绿色债,CSI Green Bond Index,CSI Green Bond,,,,127.41,0.03,0.02,0.0,0.0,712.0,,2022-09-07,中证绿色债券指数
2022-09-08,931145,中证绿色债券指数,中证绿色债,CSI Green Bond Index,CSI Green Bond,,,,127.43,0.01,0.01,0.0,0.0,712.0,,2022-09-08,中证绿色债券指数
2022-09-09,931145,中证绿色债券指数,中证绿色债,CSI Green Bond Index,CSI Green Bond,,,,127.44,0.01,0.01,0.0,0.0,712.0,,2022-09-09,中证绿色债券指数
2022-09-13,931145,中证绿色债券指数,中证绿色债,CSI Green Bond Index,CSI Green Bond,,,,127.48,0.04,0.03,0.0,0.0,712.0,,2022-09-13,中证绿色债券指数
2022-09-14,931145,中证绿色债券指数,中证绿色债,CSI Green Bond Index,CSI Green Bond,,,,127.48,0.0,0.0,0.0,0.0,712.0,,2022-09-14,中证绿色债券指数
2022-09-15,931145,中证绿色债券指数,中证绿色债,CSI Green Bond Index,CSI Green Bond,,,,127.49,0.01,0.01,0.0,0.0,712.0,,2022-09-15,中证绿色债券指数
2022-09-16,931145,中证绿色债券指数,中证绿色债,CSI Green Bond Index,CSI Green Bond,,,,127.49,0.0,0.0,0.0,0.0,712.0,,2022-09-16,中证绿色债券指数
2022-09-19,931145,中证绿色债券指数,中证绿色债,CSI Green Bond Index,CSI Green Bond,,,,127.51,0.02,0.02,0.0,0.0,712.0,,2022-09-19,中证绿色债券指数
2022-09-20,931145,中证绿色债券指数,中证绿色债,CSI Green Bond Index,CSI Green Bond,,,,127.52,0.01,0.01,0.0,0.0,712.0,,2022-09-20,中证绿色债券指数
2022-09-21,931145,中证绿色债券指数,中证绿色债,CSI Green Bond Index,CSI Green Bond,,,,127.54,0.02,0.02,0.0,0.0,712.0,,2022-09-21,中证绿色债券指数
2022-09-22,931145,中证绿色债券指数,中证绿色债,CSI Green Bond Index,CSI Green Bond,,,,127.57,0.03,0.03,0.0,0.0,712.0,,2022-09-22,中证绿色债券指数
2022-09-23,931145,中证绿色债券指数,中证绿色债,CSI Green Bond Index,CSI Green Bond,,,,127.58,0.01,0.01,0.0,0.0,712.0,,2022-09-23,中证绿色债券指数
2022-09-26,931145,中证绿色债券指数,中证绿色债,CSI Green Bond Index,CSI Green Bond,,,,127.59,0.01,0.0,0.0,0.0,711.0,,2022-09-26,中证绿色债券指数
2022-09-27,931145,中证绿色债券指数,中证绿色债,CSI Green Bond Index,CSI Green Bond,,,,127.54,-0.05,-0.04,0.0,0.0,711.0,,2022-09-27,中证绿色债券指数
2022-09-28,931145,中证绿色债券指数,中证绿色债,CSI Green Bond Index,CSI Green Bond,,,,127.51,-0.02,-0.02,0.0,0.0,711.0,,2022-09-28,中证绿色债券指数
2022-09-29,931145,中证绿色债券指数,中证绿色债,CSI Green Bond Index,CSI Green Bond,,,,127.5,-0.01,-0.01,0.0,0.0,711.0,,2022-09-29,中证绿色债券指数
2022-09-30,931145,中证绿色债券指数,中证绿色债,CSI Green Bond Index,CSI Green Bond,,,,127.47,-0.04,-0.03,0.0,0.0,711.0,,2022-09-30,中证绿色债券指数
2022-10-10,931145,中证绿色债券指数,中证绿色债,CSI Green Bond Index,CSI Green Bond,,,,127.63,0.16,0.13,0.0,0.0,742.0,,2022-10-10,中证绿色债券指数
2022-10-11,931145,中证绿色债券指数,中证绿色债,CSI Green Bond Index,CSI Green Bond,,,,127.66,0.03,0.02,0.0,0.0,742.0,,2022-10-11,中证绿色债券指数
2022-10-12,931145,中证绿色债券指数,中证绿色债,CSI Green Bond Index,CSI Green Bond,,,,127.68,0.02,0.01,0.0,0.0,742.0,,2022-10-12,中证绿色债券指数
2022-10-13,931145,中证绿色债券指数,中证绿色债,CSI Green Bond Index,CSI Green Bond,,,,127.7,0.02,0.02,0.0,0.0,740.0,,2022-10-13,中证绿色债券指数
2022-10-14,931145,中证绿色债券指数,中证绿色债,CSI Green Bond Index,CSI Green Bond,,,,127.72,0.02,0.02,0.0,0.0,740.0,,2022-10-14,中证绿色债券指数
2022-10-17,931145,中证绿色债券指数,中证绿色债,CSI Green Bond Index,CSI Green Bond,,,,127.79,0.07,0.05,0.0,0.0,740.0,,2022-10-17,中证绿色债券指数
2022-10-18,931145,中证绿色债券指数,中证绿色债,CSI Green Bond Index,CSI Green Bond,,,,127.82,0.03,0.02,0.0,0.0,740.0,,2022-10-18,中证绿色债券指数
2022-10-19,931145,中证绿色债券指数,中证绿色债,CSI Green Bond Index,CSI Green Bond,,,,127.85,0.03,0.03,0.0,0.0,740.0,,2022-10-19,中证绿色债券指数
2022-10-20,931145,中证绿色债券指数,中证绿色债,CSI Green Bond Index,CSI Green Bond,,,,127.87,0.03,0.02,0.0,0.0,740.0,,2022-10-20,中证绿色债券指数
2022-10-21,931145,中证绿色债券指数,中证绿色债,CSI Green Bond Index,CSI Green Bond,,,,127.88,0.01,0.01,0.0,0.0,740.0,,2022-10-21,中证绿色债券指数
2022-10-24,931145,中证绿色债券指数,中证绿色债,CSI Green Bond Index,CSI Green Bond,,,,127.91,0.02,0.02,0.0,0.0,740.0,,2022-10-24,中证绿色债券指数
2022-10-25,931145,中证绿色债券指数,中证绿色债,CSI Green Bond Index,CSI Green Bond,,,,127.9,-0.01,-0.01,0.0,0.0,740.0,,2022-10-25,中证绿色债券指数
2022-10-26,931145,中证绿色债券指数,中证绿色债,CSI Green Bond Index,CSI Green Bond,,,,127.89,-0.01,-0.01,0.0,0.0,740.0,,2022-10-26,中证绿色债券指数
2022-10-27,931145,中证绿色债券指数,中证绿色债,CSI Green Bond Index,CSI Green Bond,,,,127.92,0.03,0.03,0.0,0.0,740.0,,2022-10-27,中证绿色债券指数
2022-10-28,931145,中证绿色债券指数,中证绿色债,CSI Green Bond Index,CSI Green Bond,,,,127.94,0.02,0.02,0.0,0.0,740.0,,2022-10-28,中证绿色债券指数
2022-10-31,931145,中证绿色债券指数,中证绿色债,CSI Green Bond Index,CSI Green Bond,,,,127.97,0.03,0.03,0.0,0.0,740.0,,2022-10-31,中证绿色债券指数
2022-11-01,931145,中证绿色债券指数,中证绿色债,CSI Green Bond Index,CSI Green Bond,,,,127.98,0.01,0.0,0.0,0.0,754.0,,2022-11-01,中证绿色债券指数
2022-11-02,931145,中证绿色债券指数,中证绿色债,CSI Green Bond Index,CSI Green Bond,,,,127.97,0.0,0.0,0.0,0.0,754.0,,2022-11-02,中证绿色债券指数
2022-11-03,931145,中证绿色债券指数,中证绿色债,CSI Green Bond Index,CSI Green Bond,,,,127.97,0.0,0.0,0.0,0.0,754.0,,2022-11-03,中证绿色债券指数
2022-11-04,931145,中证绿色债券指数,中证绿色债,CSI Green Bond Index,CSI Green Bond,,,,127.95,-0.02,-0.01,0.0,0.0,754.0,,2022-11-04,中证绿色债券指数
2022-11-07,931145,中证绿色债券指数,中证绿色债,CSI Green Bond Index,CSI Green Bond,,,,127.95,0.0,0.0,0.0,0.0,754.0,,2022-11-07,中证绿色债券指数
2022-11-08,931145,中证绿色债券指数,中证绿色债,CSI Green Bond Index,CSI Green Bond,,,,127.9,-0.04,-0.03,0.0,0.0,754.0,,2022-11-08,中证绿色债券指数
2022-11-09,931145,中证绿色债券指数,中证绿色债,CSI Green Bond Index,CSI Green Bond,,,,127.87,-0.04,-0.03,0.0,0.0,754.0,,2022-11-09,中证绿色债券指数
2022-11-10,931145,中证绿色债券指数,中证绿色债,CSI Green Bond Index,CSI Green Bond,,,,127.81,-0.05,-0.04,0.0,0.0,754.0,,2022-11-10,中证绿色债券指数
2022-11-11,931145,中证绿色债券指数,中证绿色债,CSI Green Bond Index,CSI Green Bond,,,,127.74,-0.07,-0.06,0.0,0.0,754.0,,2022-11-11,中证绿色债券指数
2022-11-14,931145,中证绿色债券指数,中证绿色债,CSI Green Bond Index,CSI Green Bond,,,,127.56,-0.18,-0.14,0.0,0.0,754.0,,2022-11-14,中证绿色债券指数
2022-11-15,931145,中证绿色债券指数,中证绿色债,CSI Green Bond Index,CSI Green Bond,,,,127.37,-0.19,-0.15,0.0,0.0,754.0,,2022-11-15,中证绿色债券指数
2022-11-16,931145,中证绿色债券指数,中证绿色债,CSI Green Bond Index,CSI Green Bond,,,,127.13,-0.24,-0.19,0.0,0.0,754.0,,2022-11-16,中证绿色债券指数
2022-11-17,931145,中证绿色债券指数,中证绿色债,CSI Green Bond Index,CSI Green Bond,,,,126.95,-0.18,-0.14,0.0,0.0,754.0,,2022-11-17,中证绿色债券指数
2022-11-18,931145,中证绿色债券指数,中证绿色债,CSI Green Bond Index,CSI Green Bond,,,,126.89,-0.06,-0.04,0.0,0.0,754.0,,2022-11-18,中证绿色债券指数
2022-11-21,931145,中证绿色债券指数,中证绿色债,CSI Green Bond Index,CSI Green Bond,,,,127.0,0.12,0.09,0.0,0.0,754.0,,2022-11-21,中证绿色债券指数
2022-11-22,931145,中证绿色债券指数,中证绿色债,CSI Green Bond Index,CSI Green Bond,,,,127.04,0.03,0.03,0.0,0.0,754.0,,2022-11-22,中证绿色债券指数
2022-11-23,931145,中证绿色债券指数,中证绿色债,CSI Green Bond Index,CSI Green Bond,,,,127.09,0.05,0.04,0.0,0.0,754.0,,2022-11-23,中证绿色债券指数
2022-11-24,931145,中证绿色债券指数,中证绿色债,CSI Green Bond Index,CSI Green Bond,,,,127.22,0.13,0.1,0.0,0.0,754.0,,2022-11-24,中证绿色债券指数
2022-11-25,931145,中证绿色债券指数,中证绿色债,CSI Green Bond Index,CSI Green Bond,,,,127.26,0.04,0.03,0.0,0.0,754.0,,2022-11-25,中证绿色债券指数
2022-11-28,931145,中证绿色债券指数,中证绿色债,CSI Green Bond Index,CSI Green Bond,,,,127.26,0.0,0.0,0.0,0.0,754.0,,2022-11-28,中证绿色债券指数
2022-11-29,931145,中证绿色债券指数,中证绿色债,CSI Green Bond Index,CSI Green Bond,,,,127.14,-0.12,-0.09,0.0,0.0,753.0,,2022-11-29,中证绿色债券指数
2022-11-30,931145,中证绿色债券指数,中证绿色债,CSI Green Bond Index,CSI Green Bond,,,,127.02,-0.12,-0.09,0.0,0.0,753.0,,2022-11-30,中证绿色债券指数
2022-12-01,931145,中证绿色债券指数,中证绿色债,CSI Green Bond Index,CSI Green Bond,,,,126.94,-0.08,-0.06,0.0,0.0,762.0,,2022-12-01,中证绿色债券指数
2022-12-02,931145,中证绿色债券指数,中证绿色债,CSI Green Bond Index,CSI Green Bond,,,,126.92,-0.02,-0.02,0.0,0.0,762.0,,2022-12-02,中证绿色债券指数
2022-12-05,931145,中证绿色债券指数,中证绿色债,CSI Green Bond Index,CSI Green Bond,,,,126.92,0.0,0.0,0.0,0.0,762.0,,2022-12-05,中证绿色债券指数
2022-12-06,931145,中证绿色债券指数,中证绿色债,CSI Green Bond Index,CSI Green Bond,,,,126.83,-0.09,-0.07,0.0,0.0,762.0,,2022-12-06,中证绿色债券指数
2022-12-07,931145,中证绿色债券指数,中证绿色债,CSI Green Bond Index,CSI Green Bond,,,,126.7,-0.13,-0.1,0.0,0.0,762.0,,2022-12-07,中证绿色债券指数
2022-12-08,931145,中证绿色债券指数,中证绿色债,CSI Green Bond Index,CSI Green Bond,,,,126.59,-0.11,-0.09,0.0,0.0,762.0,,2022-12-08,中证绿色债券指数
2022-12-09,931145,中证绿色债券指数,中证绿色债,CSI Green Bond Index,CSI Green Bond,,,,126.55,-0.03,-0.03,0.0,0.0,762.0,,2022-12-09,中证绿色债券指数
2022-12-12,931145,中证绿色债券指数,中证绿色债,CSI Green Bond Index,CSI Green Bond,,,,126.52,-0.04,-0.03,0.0,0.0,762.0,,2022-12-12,中证绿色债券指数
2022-12-13,931145,中证绿色债券指数,中证绿色债,CSI Green Bond Index,CSI Green Bond,,,,126.27,-0.25,-0.2,0.0,0.0,762.0,,2022-12-13,中证绿色债券指数
2022-12-14,931145,中证绿色债券指数,中证绿色债,CSI Green Bond Index,CSI Green Bond,,,,126.15,-0.12,-0.09,0.0,0.0,762.0,,2022-12-14,中证绿色债券指数
2022-12-15,931145,中证绿色债券指数,中证绿色债,CSI Green Bond Index,CSI Green Bond,,,,126.26,0.1,0.08,0.0,0.0,762.0,,2022-12-15,中证绿色债券指数
2022-12-16,931145,中证绿色债券指数,中证绿色债,CSI Green Bond Index,CSI Green Bond,,,,126.26,0.01,0.0,0.0,0.0,762.0,,2022-12-16,中证绿色债券指数
2022-12-19,931145,中证绿色债券指数,中证绿色债,CSI Green Bond Index,CSI Green Bond,,,,126.36,0.1,0.08,0.0,0.0,762.0,,2022-12-19,中证绿色债券指数
2022-12-20,931145,中证绿色债券指数,中证绿色债,CSI Green Bond Index,CSI Green Bond,,,,126.43,0.06,0.05,0.0,0.0,762.0,,2022-12-20,中证绿色债券指数
2022-12-21,931145,中证绿色债券指数,中证绿色债,CSI Green Bond Index,CSI Green Bond,,,,126.46,0.03,0.02,0.0,0.0,762.0,,2022-12-21,中证绿色债券指数
2022-12-22,931145,中证绿色债券指数,中证绿色债,CSI Green Bond Index,CSI Green Bond,,,,126.52,0.07,0.05,0.0,0.0,762.0,,2022-12-22,中证绿色债券指数
2022-12-23,931145,中证绿色债券指数,中证绿色债,CSI Green Bond Index,CSI Green Bond,,,,126.62,0.1,0.08,0.0,0.0,761.0,,2022-12-23,中证绿色债券指数
2022-12-26,931145,中证绿色债券指数,中证绿色债,CSI Green Bond Index,CSI Green Bond,,,,126.74,0.11,0.09,0.0,0.0,761.0,,2022-12-26,中证绿色债券指数
2022-12-27,931145,中证绿色债券指数,中证绿色债,CSI Green Bond Index,CSI Green Bond,,,,126.76,0.02,0.02,0.0,0.0,761.0,,2022-12-27,中证绿色债券指数
2022-12-28,931145,中证绿色债券指数,中证绿色债,CSI Green Bond Index,CSI Green Bond,,,,126.77,0.02,0.01,0.0,0.0,761.0,,2022-12-28,中证绿色债券指数
2022-12-29,931145,中证绿色债券指数,中证绿色债,CSI Green Bond Index,CSI Green Bond,,,,126.84,0.06,0.05,0.0,0.0,761.0,,2022-12-29,中证绿色债券指数
2022-12-30,931145,中证绿色债券指数,中证绿色债,CSI Green Bond Index,CSI Green Bond,,,,126.95,0.11,0.09,0.0,0.0,761.0,,2022-12-30,中证绿色债券指数
2023-01-03,931145,中证绿色债券指数,中证绿色债,CSI Green Bond Index,CSI Green Bond,,,,127.06,0.12,0.09,0.0,0.0,779.0,,2023-01-03,中证绿色债券指数
2023-01-04,931145,中证绿色债券指数,中证绿色债,CSI Green Bond Index,CSI Green Bond,,,,127.15,0.08,0.06,0.0,0.0,779.0,,2023-01-04,中证绿色债券指数
2023-01-05,931145,中证绿色债券指数,中证绿色债,CSI Green Bond Index,CSI Green Bond,,,,127.26,0.11,0.09,0.0,0.0,779.0,,2023-01-05,中证绿色债券指数
2023-01-06,931145,中证绿色债券指数,中证绿色债,CSI Green Bond Index,CSI Green Bond,,,,127.25,-0.01,-0.01,0.0,0.0,779.0,,2023-01-06,中证绿色债券指数
2023-01-09,931145,中证绿色债券指数,中证绿色债,CSI Green Bond Index,CSI Green Bond,,,,127.22,-0.03,-0.03,0.0,0.0,779.0,,2023-01-09,中证绿色债券指数
2023-01-10,931145,中证绿色债券指数,中证绿色债,CSI Green Bond Index,CSI Green Bond,,,,127.14,-0.08,-0.06,0.0,0.0,779.0,,2023-01-10,中证绿色债券指数
2023-01-11,931145,中证绿色债券指数,中证绿色债,CSI Green Bond Index,CSI Green Bond,,,,127.07,-0.07,-0.06,0.0,0.0,779.0,,2023-01-11,中证绿色债券指数
2023-01-12,931145,中证绿色债券指数,中证绿色债,CSI Green Bond Index,CSI Green Bond,,,,127.07,0.0,0.0,0.0,0.0,779.0,,2023-01-12,中证绿色债券指数
2023-01-13,931145,中证绿色债券指数,中证绿色债,CSI Green Bond Index,CSI Green Bond,,,,127.09,0.02,0.02,0.0,0.0,779.0,,2023-01-13,中证绿色债券指数
2023-01-16,931145,中证绿色债券指数,中证绿色债,CSI Green Bond Index,CSI Green Bond,,,,127.05,-0.04,-0.03,0.0,0.0,779.0,,2023-01-16,中证绿色债券指数
2023-01-17,931145,中证绿色债券指数,中证绿色债,CSI Green Bond Index,CSI Green Bond,,,,127.05,0.0,0.0,0.0,0.0,779.0,,2023-01-17,中证绿色债券指数
2023-01-18,931145,中证绿色债券指数,中证绿色债,CSI Green Bond Index,CSI Green Bond,,,,127.04,-0.01,0.0,0.0,0.0,779.0,,2023-01-18,中证绿色债券指数
2023-01-19,931145,中证绿色债券指数,中证绿色债,CSI Green Bond Index,CSI Green Bond,,,,127.07,0.02,0.02,0.0,0.0,779.0,,2023-01-19,中证绿色债券指数
2023-01-20,931145,中证绿色债券指数,中证绿色债,CSI Green Bond Index,CSI Green Bond,,,,127.09,0.02,0.02,0.0,0.0,779.0,,2023-01-20,中证绿色债券指数
2023-01-30,931145,中证绿色债券指数,中证绿色债,CSI Green Bond Index,CSI Green Bond,,,,127.23,0.14,0.11,0.0,0.0,779.0,,2023-01-30,中证绿色债券指数
2023-01-31,931145,中证绿色债券指数,中证绿色债,CSI Green Bond Index,CSI Green Bond,,,,127.24,0.02,0.01,0.0,0.0,779.0,,2023-01-31,中证绿色债券指数
2023-02-01,931145,中证绿色债券指数,中证绿色债,CSI Green Bond Index,CSI Green Bond,,,,127.26,0.02,0.01,0.0,0.0,772.0,,2023-02-01,中证绿色债券指数
2023-02-02,931145,中证绿色债券指数,中证绿色债,CSI Green Bond Index,CSI Green Bond,,,,127.29,0.03,0.03,0.0,0.0,772.0,,2023-02-02,中证绿色债券指数
2023-02-03,931145,中证绿色债券指数,中证绿色债,CSI Green Bond Index,CSI Green Bond,,,,127.35,0.05,0.04,0.0,0.0,772.0,,2023-02-03,中证绿色债券指数
2023-02-06,931145,中证绿色债券指数,中证绿色债,CSI Green Bond Index,CSI Green Bond,,,,127.41,0.06,0.05,0.0,0.0,772.0,,2023-02-06,中证绿色债券指数
2023-02-07,931145,中证绿色债券指数,中证绿色债,CSI Green Bond Index,CSI Green Bond,,,,127.42,0.01,0.01,0.0,0.0,772.0,,2023-02-07,中证绿色债券指数
2023-02-08,931145,中证绿色债券指数,中证绿色债,CSI Green Bond Index,CSI Green Bond,,,,127.44,0.02,0.02,0.0,0.0,772.0,,2023-02-08,中证绿色债券指数
2023-02-09,931145,中证绿色债券指数,中证绿色债,CSI Green Bond Index,CSI Green Bond,,,,127.48,0.03,0.03,0.0,0.0,772.0,,2023-02-09,中证绿色债券指数
2023-02-10,931145,中证绿色债券指数,中证绿色债,CSI Green Bond Index,CSI Green Bond,,,,127.51,0.04,0.03,0.0,0.0,772.0,,2023-02-10,中证绿色债券指数
2023-02-13,931145,中证绿色债券指数,中证绿色债,CSI Green Bond Index,CSI Green Bond,,,,127.58,0.07,0.05,0.0,0.0,772.0,,2023-02-13,中证绿色债券指数
2023-02-14,931145,中证绿色债券指数,中证绿色债,CSI Green Bond Index,CSI Green Bond,,,,127.61,0.03,0.02,0.0,0.0,772.0,,2023-02-14,中证绿色债券指数
2023-02-15,931145,中证绿色债券指数,中证绿色债,CSI Green Bond Index,CSI Green Bond,,,,127.64,0.04,0.03,0.0,0.0,772.0,,2023-02-15,中证绿色债券指数
2023-02-16,931145,中证绿色债券指数,中证绿色债,CSI Green Bond Index,CSI Green Bond,,,,127.67,0.03,0.03,0.0,0.0,772.0,,2023-02-16,中证绿色债券指数
2023-02-17,931145,中证绿色债券指数,中证绿色债,CSI Green Bond Index,CSI Green Bond,,,,127.7,0.02,0.02,0.0,0.0,772.0,,2023-02-17,中证绿色债券指数
2023-02-20,931145,中证绿色债券指数,中证绿色债,CSI Green Bond Index,CSI Green Bond,,,,127.72,0.02,0.01,0.0,0.0,772.0,,2023-02-20,中证绿色债券指数
2023-02-21,931145,中证绿色债券指数,中证绿色债,CSI Green Bond Index,CSI Green Bond,,,,127.66,-0.06,-0.05,0.0,0.0,772.0,,2023-02-21,中证绿色债券指数
2023-02-22,931145,中证绿色债券指数,中证绿色债,CSI Green Bond Index,CSI Green Bond,,,,127.63,-0.02,-0.02,0.0,0.0,772.0,,2023-02-22,中证绿色债券指数
2023-02-23,931145,中证绿色债券指数,中证绿色债,CSI Green Bond Index,CSI Green Bond,,,,127.65,0.01,0.01,0.0,0.0,772.0,,2023-02-23,中证绿色债券指数
2023-02-24,931145,中证绿色债券指数,中证绿色债,CSI Green Bond Index,CSI Green Bond,,,,127.64,0.0,0.0,0.0,0.0,772.0,,2023-02-24,中证绿色债券指数
2023-02-27,931145,中证绿色债券指数,中证绿色债,CSI Green Bond Index,CSI Green Bond,,,,127.67,0.03,0.02,0.0,0.0,772.0,,2023-02-27,中证绿色债券指数
2023-02-28,931145,中证绿色债券指数,中证绿色债,CSI Green Bond Index,CSI Green Bond,,,,127.66,-0.01,-0.01,0.0,0.0,772.0,,2023-02-28,中证绿色债券指数
2023-03-01,931145,中证绿色债券指数,中证绿色债,CSI Green Bond Index,CSI Green Bond,,,,127.66,0.0,0.0,0.0,0.0,767.0,,2023-03-01,中证绿色债券指数
2023-03-02,931145,中证绿色债券指数,中证绿色债,CSI Green Bond Index,CSI Green Bond,,,,127.67,0.02,0.01,0.0,0.0,767.0,,2023-03-02,中证绿色债券指数
2023-03-03,931145,中证绿色债券指数,中证绿色债,CSI Green Bond Index,CSI Green Bond,,,,127.67,0.0,0.0,0.0,0.0,767.0,,2023-03-03,中证绿色债券指数
2023-03-06,931145,中证绿色债券指数,中证绿色债,CSI Green Bond Index,CSI Green Bond,,,,127.74,0.07,0.05,0.0,0.0,767.0,,2023-03-06,中证绿色债券指数
2023-03-07,931145,中证绿色债券指数,中证绿色债,CSI Green Bond Index,CSI Green Bond,,,,127.78,0.04,0.03,0.0,0.0,767.0,,2023-03-07,中证绿色债券指数
2023-03-08,931145,中证绿色债券指数,中证绿色债,CSI Green Bond Index,CSI Green Bond,,,,127.83,0.05,0.04,0.0,0.0,767.0,,2023-03-08,中证绿色债券指数
2023-03-09,931145,中证绿色债券指数,中证绿色债,CSI Green Bond Index,CSI Green Bond,,,,127.87,0.04,0.03,0.0,0.0,767.0,,2023-03-09,中证绿色债券指数
2023-03-10,931145,中证绿色债券指数,中证绿色债,CSI Green Bond Index,CSI Green Bond,,,,127.9,0.03,0.03,0.0,0.0,767.0,,2023-03-10,中证绿色债券指数
2023-03-13,931145,中证绿色债券指数,中证绿色债,CSI Green Bond Index,CSI Green Bond,,,,127.97,0.07,0.05,0.0,0.0,766.0,,2023-03-13,中证绿色债券指数
2023-03-14,931145,中证绿色债券指数,中证绿色债,CSI Green Bond Index,CSI Green Bond,,,,127.98,0.02,0.01,0.0,0.0,766.0,,2023-03-14,中证绿色债券指数
2023-03-15,931145,中证绿色债券指数,中证绿色债,CSI Green Bond Index,CSI Green Bond,,,,128.01,0.03,0.02,0.0,0.0,766.0,,2023-03-15,中证绿色债券指数
2023-03-16,931145,中证绿色债券指数,中证绿色债,CSI Green Bond Index,CSI Green Bond,,,,128.03,0.02,0.02,0.0,0.0,766.0,,2023-03-16,中证绿色债券指数
2023-03-17,931145,中证绿色债券指数,中证绿色债,CSI Green Bond Index,CSI Green Bond,,,,128.06,0.03,0.03,0.0,0.0,766.0,,2023-03-17,中证绿色债券指数
2023-03-20,931145,中证绿色债券指数,中证绿色债,CSI Green Bond Index,CSI Green Bond,,,,128.14,0.08,0.06,0.0,0.0,766.0,,2023-03-20,中证绿色债券指数
2023-03-21,931145,中证绿色债券指数,中证绿色债,CSI Green Bond Index,CSI Green Bond,,,,128.18,0.04,0.03,0.0,0.0,765.0,,2023-03-21,中证绿色债券指数
2023-03-22,931145,中证绿色债券指数,中证绿色债,CSI Green Bond Index,CSI Green Bond,,,,128.2,0.01,0.01,0.0,0.0,765.0,,2023-03-22,中证绿色债券指数
2023-03-23,931145,中证绿色债券指数,中证绿色债,CSI Green Bond Index,CSI Green Bond,,,,128.22,0.02,0.02,0.0,0.0,765.0,,2023-03-23,中证绿色债券指数
2023-03-24,931145,中证绿色债券指数,中证绿色债,CSI Green Bond Index,CSI Green Bond,,,,128.21,0.0,0.0,0.0,0.0,765.0,,2023-03-24,中证绿色债券指数
2023-03-27,931145,中证绿色债券指数,中证绿色债,CSI Green Bond Index,CSI Green Bond,,,,128.25,0.04,0.03,0.0,0.0,765.0,,2023-03-27,中证绿色债券指数
2023-03-28,931145,中证绿色债券指数,中证绿色债,CSI Green Bond Index,CSI Green Bond,,,,128.26,0.01,0.01,0.0,0.0,765.0,,2023-03-28,中证绿色债券指数
2023-03-29,931145,中证绿色债券指数,中证绿色债,CSI Green Bond Index,CSI Green Bond,,,,128.28,0.02,0.02,0.0,0.0,765.0,,2023-03-29,中证绿色债券指数
2023-03-30,931145,中证绿色债券指数,中证绿色债,CSI Green Bond Index,CSI Green Bond,,,,128.31,0.02,0.02,0.0,0.0,765.0,,2023-03-30,中证绿色债券指数
2023-03-31,931145,中证绿色债券指数,中证绿色债,CSI Green Bond Index,CSI Green Bond,,,,128.34,0.03,0.03,0.0,0.0,764.0,,2023-03-31,中证绿色债券指数
2023-04-03,931145,中证绿色债券指数,中证绿色债,CSI Green Bond Index,CSI Green Bond,,,,128.41,0.07,0.05,0.0,0.0,787.0,,2023-04-03,中证绿色债券指数
2023-04-04,931145,中证绿色债券指数,中证绿色债,CSI Green Bond Index,CSI Green Bond,,,,128.43,0.03,0.02,0.0,0.0,787.0,,2023-04-04,中证绿色债券指数
2023-04-06,931145,中证绿色债券指数,中证绿色债,CSI Green Bond Index,CSI Green Bond,,,,128.46,0.02,0.02,0.0,0.0,787.0,,2023-04-06,中证绿色债券指数
2023-04-07,931145,中证绿色债券指数,中证绿色债,CSI Green Bond Index,CSI Green Bond,,,,128.47,0.01,0.01,0.0,0.0,787.0,,2023-04-07,中证绿色债券指数
2023-04-10,931145,中证绿色债券指数,中证绿色债,CSI Green Bond Index,CSI Green Bond,,,,128.51,0.04,0.03,0.0,0.0,786.0,,2023-04-10,中证绿色债券指数
2023-04-11,931145,中证绿色债券指数,中证绿色债,CSI Green Bond Index,CSI Green Bond,,,,128.55,0.04,0.03,0.0,0.0,786.0,,2023-04-11,中证绿色债券指数
2023-04-12,931145,中证绿色债券指数,中证绿色债,CSI Green Bond Index,CSI Green Bond,,,,128.58,0.03,0.03,0.0,0.0,786.0,,2023-04-12,中证绿色债券指数
2023-04-13,931145,中证绿色债券指数,中证绿色债,CSI Green Bond Index,CSI Green Bond,,,,128.6,0.02,0.02,0.0,0.0,786.0,,2023-04-13,中证绿色债券指数
2023-04-14,931145,中证绿色债券指数,中证绿色债,CSI Green Bond Index,CSI Green Bond,,,,128.62,0.01,0.01,0.0,0.0,786.0,,2023-04-14,中证绿色债券指数
2023-04-17,931145,中证绿色债券指数,中证绿色债,CSI Green Bond Index,CSI Green Bond,,,,128.65,0.03,0.02,0.0,0.0,786.0,,2023-04-17,中证绿色债券指数
2023-04-18,931145,中证绿色债券指数,中证绿色债,CSI Green Bond Index,CSI Green Bond,,,,128.66,0.01,0.01,0.0,0.0,786.0,,2023-04-18,中证绿色债券指数
2023-04-19,931145,中证绿色债券指数,中证绿色债,CSI Green Bond Index,CSI Green Bond,,,,128.68,0.02,0.02,0.0,0.0,786.0,,2023-04-19,中证绿色债券指数
2023-04-20,931145,中证绿色债券指数,中证绿色债,CSI Green Bond Index,CSI Green Bond,,,,128.71,0.03,0.03,0.0,0.0,786.0,,2023-04-20,中证绿色债券指数
2023-04-21,931145,中证绿色债券指数,中证绿色债,CSI Green Bond Index,CSI Green Bond,,,,128.73,0.02,0.01,0.0,0.0,786.0,,2023-04-21,中证绿色债券指数
2023-04-24,931145,中证绿色债券指数,中证绿色债,CSI Green Bond Index,CSI Green Bond,,,,128.77,0.04,0.03,0.0,0.0,786.0,,2023-04-24,中证绿色债券指数
2023-04-25,931145,中证绿色债券指数,中证绿色债,CSI Green Bond Index,CSI Green Bond,,,,128.79,0.02,0.01,0.0,0.0,786.0,,2023-04-25,中证绿色债券指数
2023-04-26,931145,中证绿色债券指数,中证绿色债,CSI Green Bond Index,CSI Green Bond,,,,128.81,0.02,0.02,0.0,0.0,786.0,,2023-04-26,中证绿色债券指数
2023-04-27,931145,中证绿色债券指数,中证绿色债,CSI Green Bond Index,CSI Green Bond,,,,128.87,0.06,0.05,0.0,0.0,786.0,,2023-04-27,中证绿色债券指数
2023-04-28,931145,中证绿色债券指数,中证绿色债,CSI Green Bond Index,CSI Green Bond,,,,128.9,0.03,0.02,0.0,0.0,785.0,,2023-04-28,中证绿色债券指数
2023-05-04,931145,中证绿色债券指数,中证绿色债,CSI Green Bond Index,CSI Green Bond,,,,129.0,0.1,0.08,0.0,0.0,804.0,,2023-05-04,中证绿色债券指数
2023-05-05,931145,中证绿色债券指数,中证绿色债,CSI Green Bond Index,CSI Green Bond,,,,129.06,0.06,0.05,0.0,0.0,804.0,,2023-05-05,中证绿色债券指数
2023-05-08,931145,中证绿色债券指数,中证绿色债,CSI Green Bond Index,CSI Green Bond,,,,129.12,0.06,0.05,0.0,0.0,804.0,,2023-05-08,中证绿色债券指数
2023-05-09,931145,中证绿色债券指数,中证绿色债,CSI Green Bond Index,CSI Green Bond,,,,129.14,0.02,0.02,0.0,0.0,803.0,,2023-05-09,中证绿色债券指数
2023-05-10,931145,中证绿色债券指数,中证绿色债,CSI Green Bond Index,CSI Green Bond,,,,129.19,0.05,0.04,0.0,0.0,803.0,,2023-05-10,中证绿色债券指数
2023-05-11,931145,中证绿色债券指数,中证绿色债,CSI Green Bond Index,CSI Green Bond,,,,129.27,0.09,0.07,0.0,0.0,803.0,,2023-05-11,中证绿色债券指数
2023-05-12,931145,中证绿色债券指数,中证绿色债,CSI Green Bond Index,CSI Green Bond,,,,129.3,0.03,0.02,0.0,0.0,802.0,,2023-05-12,中证绿色债券指数
2023-05-15,931145,中证绿色债券指数,中证绿色债,CSI Green Bond Index,CSI Green Bond,,,,129.32,0.02,0.01,0.0,0.0,802.0,,2023-05-15,中证绿色债券指数
2023-05-16,931145,中证绿色债券指数,中证绿色债,CSI Green Bond Index,CSI Green Bond,,,,129.32,0.0,0.0,0.0,0.0,802.0,,2023-05-16,中证绿色债券指数
2023-05-17,931145,中证绿色债券指数,中证绿色债,CSI Green Bond Index,CSI Green Bond,,,,129.33,0.01,0.01,0.0,0.0,802.0,,2023-05-17,中证绿色债券指数
2023-05-18,931145,中证绿色债券指数,中证绿色债,CSI Green Bond Index,CSI Green Bond,,,,129.32,-0.01,0.0,0.0,0.0,802.0,,2023-05-18,中证绿色债券指数
2023-05-19,931145,中证绿色债券指数,中证绿色债,CSI Green Bond Index,CSI Green Bond,,,,129.32,0.0,0.0,0.0,0.0,802.0,,2023-05-19,中证绿色债券指数
2023-05-22,931145,中证绿色债券指数,中证绿色债,CSI Green Bond Index,CSI Green Bond,,,,129.39,0.06,0.05,0.0,0.0,802.0,,2023-05-22,中证绿色债券指数
2023-05-23,931145,中证绿色债券指数,中证绿色债,CSI Green Bond Index,CSI Green Bond,,,,129.45,0.06,0.05,0.0,0.0,802.0,,2023-05-23,中证绿色债券指数
2023-05-24,931145,中证绿色债券指数,中证绿色债,CSI Green Bond Index,CSI Green Bond,,,,129.49,0.04,0.03,0.0,0.0,802.0,,2023-05-24,中证绿色债券指数
2023-05-25,931145,中证绿色债券指数,中证绿色债,CSI Green Bond Index,CSI Green Bond,,,,129.49,0.01,0.01,0.0,0.0,802.0,,2023-05-25,中证绿色债券指数
2023-05-26,931145,中证绿色债券指数,中证绿色债,CSI Green Bond Index,CSI Green Bond,,,,129.5,0.0,0.0,0.0,0.0,802.0,,2023-05-26,中证绿色债券指数
2023-05-29,931145,中证绿色债券指数,中证绿色债,CSI Green Bond Index,CSI Green Bond,,,,129.53,0.03,0.02,0.0,0.0,802.0,,2023-05-29,中证绿色债券指数
2023-05-30,931145,中证绿色债券指数,中证绿色债,CSI Green Bond Index,CSI Green Bond,,,,129.56,0.03,0.02,0.0,0.0,802.0,,2023-05-30,中证绿色债券指数
2023-05-31,931145,中证绿色债券指数,中证绿色债,CSI Green Bond Index,CSI Green Bond,,,,129.58,0.03,0.02,0.0,0.0,802.0,,2023-05-31,中证绿色债券指数
2023-06-01,931145,中证绿色债券指数,中证绿色债,CSI Green Bond Index,CSI Green Bond,,,,129.63,0.05,0.04,0.0,0.0,805.0,,2023-06-01,中证绿色债券指数
2023-06-02,931145,中证绿色债券指数,中证绿色债,CSI Green Bond Index,CSI Green Bond,,,,129.65,0.02,0.02,0.0,0.0,805.0,,2023-06-02,中证绿色债券指数
2023-06-05,931145,中证绿色债券指数,中证绿色债,CSI Green Bond Index,CSI Green Bond,,,,129.69,0.03,0.03,0.0,0.0,805.0,,2023-06-05,中证绿色债券指数
2023-06-06,931145,中证绿色债券指数,中证绿色债,CSI Green Bond Index,CSI Green Bond,,,,129.71,0.02,0.02,0.0,0.0,805.0,,2023-06-06,中证绿色债券指数
2023-06-07,931145,中证绿色债券指数,中证绿色债,CSI Green Bond Index,CSI Green Bond,,,,129.77,0.06,0.05,0.0,0.0,805.0,,2023-06-07,中证绿色债券指数
2023-06-08,931145,中证绿色债券指数,中证绿色债,CSI Green Bond Index,CSI Green Bond,,,,129.8,0.02,0.02,0.0,0.0,805.0,,2023-06-08,中证绿色债券指数
2023-06-09,931145,中证绿色债券指数,中证绿色债,CSI Green Bond Index,CSI Green Bond,,,,129.82,0.02,0.02,0.0,0.0,805.0,,2023-06-09,中证绿色债券指数
2023-06-12,931145,中证绿色债券指数,中证绿色债,CSI Green Bond Index,CSI Green Bond,,,,129.86,0.04,0.03,0.0,0.0,805.0,,2023-06-12,中证绿色债券指数
2023-06-13,931145,中证绿色债券指数,中证绿色债,CSI Green Bond Index,CSI Green Bond,,,,129.92,0.06,0.04,0.0,0.0,805.0,,2023-06-13,中证绿色债券指数
2023-06-14,931145,中证绿色债券指数,中证绿色债,CSI Green Bond Index,CSI Green Bond,,,,129.99,0.07,0.05,0.0,0.0,805.0,,2023-06-14,中证绿色债券指数
2023-06-15,931145,中证绿色债券指数,中证绿色债,CSI Green Bond Index,CSI Green Bond,,,,129.99,0.0,0.0,0.0,0.0,805.0,,2023-06-15,中证绿色债券指数
2023-06-16,931145,中证绿色债券指数,中证绿色债,CSI Green Bond Index,CSI Green Bond,,,,129.92,-0.07,-0.05,0.0,0.0,805.0,,2023-06-16,中证绿色债券指数
2023-06-19,931145,中证绿色债券指数,中证绿色债,CSI Green Bond Index,CSI Green Bond,,,,129.84,-0.08,-0.06,0.0,0.0,805.0,,2023-06-19,中证绿色债券指数
2023-06-20,931145,中证绿色债券指数,中证绿色债,CSI Green Bond Index,CSI Green Bond,,,,129.8,-0.04,-0.03,0.0,0.0,805.0,,2023-06-20,中证绿色债券指数
2023-06-21,931145,中证绿色债券指数,中证绿色债,CSI Green Bond Index,CSI Green Bond,,,,129.84,0.04,0.03,0.0,0.0,805.0,,2023-06-21,中证绿色债券指数
2023-06-26,931145,中证绿色债券指数,中证绿色债,CSI Green Bond Index,CSI Green Bond,,,,129.9,0.07,0.05,0.0,0.0,804.0,,2023-06-26,中证绿色债券指数
2023-06-27,931145,中证绿色债券指数,中证绿色债,CSI Green Bond Index,CSI Green Bond,,,,129.89,-0.01,-0.01,0.0,0.0,804.0,,2023-06-27,中证绿色债券指数
2023-06-28,931145,中证绿色债券指数,中证绿色债,CSI Green Bond Index,CSI Green Bond,,,,129.9,0.01,0.01,0.0,0.0,804.0,,2023-06-28,中证绿色债券指数
2023-06-29,931145,中证绿色债券指数,中证绿色债,CSI Green Bond Index,CSI Green Bond,,,,129.93,0.03,0.02,0.0,0.0,804.0,,2023-06-29,中证绿色债券指数
2023-06-30,931145,中证绿色债券指数,中证绿色债,CSI Green Bond Index,CSI Green Bond,,,,130.0,0.06,0.05,0.0,0.0,804.0,,2023-06-30,中证绿色债券指数
2023-07-03,931145,中证绿色债券指数,中证绿色债,CSI Green Bond Index,CSI Green Bond,,,,130.06,0.06,0.05,0.0,0.0,821.0,,2023-07-03,中证绿色债券指数
2023-07-04,931145,中证绿色债券指数,中证绿色债,CSI Green Bond Index,CSI Green Bond,,,,130.09,0.03,0.02,0.0,0.0,821.0,,2023-07-04,中证绿色债券指数
2023-07-05,931145,中证绿色债券指数,中证绿色债,CSI Green Bond Index,CSI Green Bond,,,,130.12,0.03,0.02,0.0,0.0,821.0,,2023-07-05,中证绿色债券指数
2023-07-06,931145,中证绿色债券指数,中证绿色债,CSI Green Bond Index,CSI Green Bond,,,,130.15,0.04,0.03,0.0,0.0,821.0,,2023-07-06,中证绿色债券指数
2023-07-07,931145,中证绿色债券指数,中证绿色债,CSI Green Bond Index,CSI Green Bond,,,,130.2,0.04,0.03,0.0,0.0,821.0,,2023-07-07,中证绿色债券指数
2023-07-10,931145,中证绿色债券指数,中证绿色债,CSI Green Bond Index,CSI Green Bond,,,,130.23,0.04,0.03,0.0,0.0,821.0,,2023-07-10,中证绿色债券指数
2023-07-11,931145,中证绿色债券指数,中证绿色债,CSI Green Bond Index,CSI Green Bond,,,,130.26,0.02,0.02,0.0,0.0,821.0,,2023-07-11,中证绿色债券指数
2023-07-12,931145,中证绿色债券指数,中证绿色债,CSI Green Bond Index,CSI Green Bond,,,,130.27,0.02,0.01,0.0,0.0,821.0,,2023-07-12,中证绿色债券指数
2023-07-13,931145,中证绿色债券指数,中证绿色债,CSI Green Bond Index,CSI Green Bond,,,,130.27,0.0,0.0,0.0,0.0,821.0,,2023-07-13,中证绿色债券指数
2023-07-14,931145,中证绿色债券指数,中证绿色债,CSI Green Bond Index,CSI Green Bond,,,,130.27,0.01,0.0,0.0,0.0,821.0,,2023-07-14,中证绿色债券指数
2023-07-17,931145,中证绿色债券指数,中证绿色债,CSI Green Bond Index,CSI Green Bond,,,,130.31,0.04,0.03,0.0,0.0,821.0,,2023-07-17,中证绿色债券指数
2023-07-18,931145,中证绿色债券指数,中证绿色债,CSI Green Bond Index,CSI Green Bond,,,,130.36,0.05,0.04,0.0,0.0,821.0,,2023-07-18,中证绿色债券指数
2023-07-19,931145,中证绿色债券指数,中证绿色债,CSI Green Bond Index,CSI Green Bond,,,,130.38,0.02,0.02,0.0,0.0,821.0,,2023-07-19,中证绿色债券指数
2023-07-20,931145,中证绿色债券指数,中证绿色债,CSI Green Bond Index,CSI Green Bond,,,,130.4,0.02,0.01,0.0,0.0,821.0,,2023-07-20,中证绿色债券指数
2023-07-21,931145,中证绿色债券指数,中证绿色债,CSI Green Bond Index,CSI Green Bond,,,,130.42,0.03,0.02,0.0,0.0,821.0,,2023-07-21,中证绿色债券指数
2023-07-24,931145,中证绿色债券指数,中证绿色债,CSI Green Bond Index,CSI Green Bond,,,,130.47,0.05,0.04,0.0,0.0,821.0,,2023-07-24,中证绿色债券指数
2023-07-25,931145,中证绿色债券指数,中证绿色债,CSI Green Bond Index,CSI Green Bond,,,,130.41,-0.06,-0.05,0.0,0.0,821.0,,2023-07-25,中证绿色债券指数
2023-07-26,931145,中证绿色债券指数,中证绿色债,CSI Green Bond Index,CSI Green Bond,,,,130.33,-0.07,-0.06,0.0,0.0,821.0,,2023-07-26,中证绿色债券指数
2023-07-27,931145,中证绿色债券指数,中证绿色债,CSI Green Bond Index,CSI Green Bond,,,,130.38,0.05,0.04,0.0,0.0,821.0,,2023-07-27,中证绿色债券指数
2023-07-28,931145,中证绿色债券指数,中证绿色债,CSI Green Bond Index,CSI Green Bond,,,,130.4,0.02,0.02,0.0,0.0,821.0,,2023-07-28,中证绿色债券指数
2023-07-31,931145,中证绿色债券指数,中证绿色债,CSI Green Bond Index,CSI Green Bond,,,,130.38,-0.02,-0.02,0.0,0.0,821.0,,2023-07-31,中证绿色债券指数
2023-08-01,931145,中证绿色债券指数,中证绿色债,CSI Green Bond Index,CSI Green Bond,,,,130.37,-0.01,-0.01,0.0,0.0,825.0,,2023-08-01,中证绿色债券指数
2023-08-02,931145,中证绿色债券指数,中证绿色债,CSI Green Bond Index,CSI Green Bond,,,,130.4,0.04,0.03,0.0,0.0,825.0,,2023-08-02,中证绿色债券指数
2023-08-03,931145,中证绿色债券指数,中证绿色债,CSI Green Bond Index,CSI Green Bond,,,,130.45,0.04,0.03,0.0,0.0,825.0,,2023-08-03,中证绿色债券指数
2023-08-04,931145,中证绿色债券指数,中证绿色债,CSI Green Bond Index,CSI Green Bond,,,,130.48,0.04,0.03,0.0,0.0,825.0,,2023-08-04,中证绿色债券指数
2023-08-07,931145,中证绿色债券指数,中证绿色债,CSI Green Bond Index,CSI Green Bond,,,,130.54,0.06,0.04,0.0,0.0,825.0,,2023-08-07,中证绿色债券指数
2023-08-08,931145,中证绿色债券指数,中证绿色债,CSI Green Bond Index,CSI Green Bond,,,,130.58,0.04,0.03,0.0,0.0,825.0,,2023-08-08,中证绿色债券指数
2023-08-09,931145,中证绿色债券指数,中证绿色债,CSI Green Bond Index,CSI Green Bond,,,,130.62,0.04,0.03,0.0,0.0,825.0,,2023-08-09,中证绿色债券指数
2023-08-10,931145,中证绿色债券指数,中证绿色债,CSI Green Bond Index,CSI Green Bond,,,,130.63,0.02,0.01,0.0,0.0,825.0,,2023-08-10,中证绿色债券指数
2023-08-11,931145,中证绿色债券指数,中证绿色债,CSI Green Bond Index,CSI Green Bond,,,,130.66,0.03,0.02,0.0,0.0,825.0,,2023-08-11,中证绿色债券指数
2023-08-14,931145,中证绿色债券指数,中证绿色债,CSI Green Bond Index,CSI Green Bond,,,,130.73,0.06,0.05,0.0,0.0,824.0,,2023-08-14,中证绿色债券指数
2023-08-15,931145,中证绿色债券指数,中证绿色债,CSI Green Bond Index,CSI Green Bond,,,,130.79,0.06,0.05,0.0,0.0,824.0,,2023-08-15,中证绿色债券指数
2023-08-16,931145,中证绿色债券指数,中证绿色债,CSI Green Bond Index,CSI Green Bond,,,,130.83,0.04,0.03,0.0,0.0,824.0,,2023-08-16,中证绿色债券指数
2023-08-17,931145,中证绿色债券指数,中证绿色债,CSI Green Bond Index,CSI Green Bond,,,,130.85,0.02,0.02,0.0,0.0,824.0,,2023-08-17,中证绿色债券指数
2023-08-18,931145,中证绿色债券指数,中证绿色债,CSI Green Bond Index,CSI Green Bond,,,,130.87,0.02,0.01,0.0,0.0,824.0,,2023-08-18,中证绿色债券指数
2023-08-21,931145,中证绿色债券指数,中证绿色债,CSI Green Bond Index,CSI Green Bond,,,,130.92,0.05,0.04,0.0,0.0,824.0,,2023-08-21,中证绿色债券指数
2023-08-22,931145,中证绿色债券指数,中证绿色债,CSI Green Bond Index,CSI Green Bond,,,,130.94,0.02,0.02,0.0,0.0,824.0,,2023-08-22,中证绿色债券指数
2023-08-23,931145,中证绿色债券指数,中证绿色债,CSI Green Bond Index,CSI Green Bond,,,,130.94,0.01,0.01,0.0,0.0,824.0,,2023-08-23,中证绿色债券指数
2023-08-24,931145,中证绿色债券指数,中证绿色债,CSI Green Bond Index,CSI Green Bond,,,,130.96,0.01,0.01,0.0,0.0,824.0,,2023-08-24,中证绿色债券指数
2023-08-25,931145,中证绿色债券指数,中证绿色债,CSI Green Bond Index,CSI Green Bond,,,,130.96,0.0,0.0,0.0,0.0,824.0,,2023-08-25,中证绿色债券指数
2023-08-28,931145,中证绿色债券指数,中证绿色债,CSI Green Bond Index,CSI Green Bond,,,,130.93,-0.03,-0.02,0.0,0.0,824.0,,2023-08-28,中证绿色债券指数
2023-08-29,931145,中证绿色债券指数,中证绿色债,CSI Green Bond Index,CSI Green Bond,,,,130.89,-0.03,-0.02,0.0,0.0,824.0,,2023-08-29,中证绿色债券指数
2023-08-30,931145,中证绿色债券指数,中证绿色债,CSI Green Bond Index,CSI Green Bond,,,,130.89,0.0,0.0,0.0,0.0,824.0,,2023-08-30,中证绿色债券指数
2023-08-31,931145,中证绿色债券指数,中证绿色债,CSI Green Bond Index,CSI Green Bond,,,,130.91,0.02,0.02,0.0,0.0,824.0,,2023-08-31,中证绿色债券指数
2023-09-01,931145,中证绿色债券指数,中证绿色债,CSI Green Bond Index,CSI Green Bond,,,,130.91,-0.01,-0.01,0.0,0.0,839.0,,2023-09-01,中证绿色债券指数
2023-09-04,931145,中证绿色债券指数,中证绿色债,CSI Green Bond Index,CSI Green Bond,,,,130.85,-0.06,-0.04,0.0,0.0,839.0,,2023-09-04,中证绿色债券指数
2023-09-05,931145,中证绿色债券指数,中证绿色债,CSI Green Bond Index,CSI Green Bond,,,,130.82,-0.03,-0.02,0.0,0.0,839.0,,2023-09-05,中证绿色债券指数
2023-09-06,931145,中证绿色债券指数,中证绿色债,CSI Green Bond Index,CSI Green Bond,,,,130.79,-0.04,-0.03,0.0,0.0,839.0,,2023-09-06,中证绿色债券指数
2023-09-07,931145,中证绿色债券指数,中证绿色债,CSI Green Bond Index,CSI Green Bond,,,,130.7,-0.09,-0.07,0.0,0.0,839.0,,2023-09-07,中证绿色债券指数
2023-09-08,931145,中证绿色债券指数,中证绿色债,CSI Green Bond Index,CSI Green Bond,,,,130.6,-0.1,-0.08,0.0,0.0,839.0,,2023-09-08,中证绿色债券指数
2023-09-11,931145,中证绿色债券指数,中证绿色债,CSI Green Bond Index,CSI Green Bond,,,,130.53,-0.06,-0.05,0.0,0.0,839.0,,2023-09-11,中证绿色债券指数
2023-09-12,931145,中证绿色债券指数,中证绿色债,CSI Green Bond Index,CSI Green Bond,,,,130.54,0.01,0.01,0.0,0.0,839.0,,2023-09-12,中证绿色债券指数
2023-09-13,931145,中证绿色债券指数,中证绿色债,CSI Green Bond Index,CSI Green Bond,,,,130.63,0.09,0.07,0.0,0.0,839.0,,2023-09-13,中证绿色债券指数
2023-09-14,931145,中证绿色债券指数,中证绿色债,CSI Green Bond Index,CSI Green Bond,,,,130.69,0.06,0.05,0.0,0.0,839.0,,2023-09-14,中证绿色债券指数
2023-09-15,931145,中证绿色债券指数,中证绿色债,CSI Green Bond Index,CSI Green Bond,,,,130.75,0.06,0.04,0.0,0.0,839.0,,2023-09-15,中证绿色债券指数
2023-09-18,931145,中证绿色债券指数,中证绿色债,CSI Green Bond Index,CSI Green Bond,,,,130.73,-0.02,-0.01,0.0,0.0,839.0,,2023-09-18,中证绿色债券指数
2023-09-19,931145,中证绿色债券指数,中证绿色债,CSI Green Bond Index,CSI Green Bond,,,,130.7,-0.03,-0.02,0.0,0.0,839.0,,2023-09-19,中证绿色债券指数
2023-09-20,931145,中证绿色债券指数,中证绿色债,CSI Green Bond Index,CSI Green Bond,,,,130.72,0.02,0.01,0.0,0.0,839.0,,2023-09-20,中证绿色债券指数
2023-09-21,931145,中证绿色债券指数,中证绿色债,CSI Green Bond Index,CSI Green Bond,,,,130.76,0.04,0.03,0.0,0.0,839.0,,2023-09-21,中证绿色债券指数
2023-09-22,931145,中证绿色债券指数,中证绿色债,CSI Green Bond Index,CSI Green Bond,,,,130.77,0.02,0.01,0.0,0.0,839.0,,2023-09-22,中证绿色债券指数
2023-09-25,931145,中证绿色债券指数,中证绿色债,CSI Green Bond Index,CSI Green Bond,,,,130.82,0.04,0.03,0.0,0.0,838.0,,2023-09-25,中证绿色债券指数
2023-09-26,931145,中证绿色债券指数,中证绿色债,CSI Green Bond Index,CSI Green Bond,,,,130.77,-0.04,-0.03,0.0,0.0,838.0,,2023-09-26,中证绿色债券指数
2023-09-27,931145,中证绿色债券指数,中证绿色债,CSI Green Bond Index,CSI Green Bond,,,,130.75,-0.03,-0.02,0.0,0.0,838.0,,2023-09-27,中证绿色债券指数
2023-09-28,931145,中证绿色债券指数,中证绿色债,CSI Green Bond Index,CSI Green Bond,,,,130.81,0.06,0.05,0.0,0.0,838.0,,2023-09-28,中证绿色债券指数
2023-10-09,931145,中证绿色债券指数,中证绿色债,CSI Green Bond Index,CSI Green Bond,,,,130.97,0.16,0.12,0.0,0.0,863.0,,2023-10-09,中证绿色债券指数
2023-10-10,931145,中证绿色债券指数,中证绿色债,CSI Green Bond Index,CSI Green Bond,,,,130.95,-0.02,-0.01,0.0,0.0,863.0,,2023-10-10,中证绿色债券指数
2023-10-11,931145,中证绿色债券指数,中证绿色债,CSI Green Bond Index,CSI Green Bond,,,,130.91,-0.04,-0.03,0.0,0.0,863.0,,2023-10-11,中证绿色债券指数
2023-10-12,931145,中证绿色债券指数,中证绿色债,CSI Green Bond Index,CSI Green Bond,,,,130.86,-0.04,-0.03,0.0,0.0,863.0,,2023-10-12,中证绿色债券指数
2023-10-13,931145,中证绿色债券指数,中证绿色债,CSI Green Bond Index,CSI Green Bond,,,,130.88,0.02,0.02,0.0,0.0,863.0,,2023-10-13,中证绿色债券指数
2023-10-16,931145,中证绿色债券指数,中证绿色债,CSI Green Bond Index,CSI Green Bond,,,,130.92,0.04,0.03,0.0,0.0,863.0,,2023-10-16,中证绿色债券指数
2023-10-17,931145,中证绿色债券指数,中证绿色债,CSI Green Bond Index,CSI Green Bond,,,,130.92,-0.01,0.0,0.0,0.0,863.0,,2023-10-17,中证绿色债券指数
2023-10-18,931145,中证绿色债券指数,中证绿色债,CSI Green Bond Index,CSI Green Bond,,,,130.9,-0.01,-0.01,0.0,0.0,863.0,,2023-10-18,中证绿色债券指数
2023-10-19,931145,中证绿色债券指数,中证绿色债,CSI Green Bond Index,CSI Green Bond,,,,130.84,-0.06,-0.05,0.0,0.0,863.0,,2023-10-19,中证绿色债券指数
2023-10-20,931145,中证绿色债券指数,中证绿色债,CSI Green Bond Index,CSI Green Bond,,,,130.79,-0.04,-0.04,0.0,0.0,863.0,,2023-10-20,中证绿色债券指数
2023-10-23,931145,中证绿色债券指数,中证绿色债,CSI Green Bond Index,CSI Green Bond,,,,130.86,0.06,0.05,0.0,0.0,862.0,,2023-10-23,中证绿色债券指数
2023-10-24,931145,中证绿色债券指数,中证绿色债,CSI Green Bond Index,CSI Green Bond,,,,130.84,-0.02,-0.02,0.0,0.0,862.0,,2023-10-24,中证绿色债券指数
2023-10-25,931145,中证绿色债券指数,中证绿色债,CSI Green Bond Index,CSI Green Bond,,,,130.86,0.03,0.02,0.0,0.0,862.0,,2023-10-25,中证绿色债券指数
2023-10-26,931145,中证绿色债券指数,中证绿色债,CSI Green Bond Index,CSI Green Bond,,,,130.93,0.06,0.05,0.0,0.0,860.0,,2023-10-26,中证绿色债券指数
2023-10-27,931145,中证绿色债券指数,中证绿色债,CSI Green Bond Index,CSI Green Bond,,,,130.94,0.02,0.01,0.0,0.0,860.0,,2023-10-27,中证绿色债券指数
2023-10-30,931145,中证绿色债券指数,中证绿色债,CSI Green Bond Index,CSI Green Bond,,,,130.99,0.05,0.04,0.0,0.0,860.0,,2023-10-30,中证绿色债券指数
2023-10-31,931145,中证绿色债券指数,中证绿色债,CSI Green Bond Index,CSI Green Bond,,,,131.03,0.04,0.03,0.0,0.0,860.0,,2023-10-31,中证绿色债券指数
2023-11-01,931145,中证绿色债券指数,中证绿色债,CSI Green Bond Index,CSI Green Bond,,,,131.04,0.01,0.01,0.0,0.0,868.0,,2023-11-01,中证绿色债券指数
2023-11-02,931145,中证绿色债券指数,中证绿色债,CSI Green Bond Index,CSI Green Bond,,,,131.08,0.04,0.03,0.0,0.0,868.0,,2023-11-02,中证绿色债券指数
2023-11-03,931145,中证绿色债券指数,中证绿色债,CSI Green Bond Index,CSI Green Bond,,,,131.11,0.03,0.03,0.0,0.0,868.0,,2023-11-03,中证绿色债券指数
2023-11-06,931145,中证绿色债券指数,中证绿色债,CSI Green Bond Index,CSI Green Bond,,,,131.14,0.03,0.02,0.0,0.0,868.0,,2023-11-06,中证绿色债券指数
2023-11-07,931145,中证绿色债券指数,中证绿色债,CSI Green Bond Index,CSI Green Bond,,,,131.14,0.0,0.0,0.0,0.0,868.0,,2023-11-07,中证绿色债券指数
2023-11-08,931145,中证绿色债券指数,中证绿色债,CSI Green Bond Index,CSI Green Bond,,,,131.15,0.01,0.0,0.0,0.0,868.0,,2023-11-08,中证绿色债券指数
2023-11-09,931145,中证绿色债券指数,中证绿色债,CSI Green Bond Index,CSI Green Bond,,,,131.16,0.01,0.01,0.0,0.0,868.0,,2023-11-09,中证绿色债券指数
2023-11-10,931145,中证绿色债券指数,中证绿色债,CSI Green Bond Index,CSI Green Bond,,,,131.18,0.01,0.01,0.0,0.0,868.0,,2023-11-10,中证绿色债券指数
2023-11-13,931145,中证绿色债券指数,中证绿色债,CSI Green Bond Index,CSI Green Bond,,,,131.22,0.04,0.03,0.0,0.0,868.0,,2023-11-13,中证绿色债券指数
2023-11-14,931145,中证绿色债券指数,中证绿色债,CSI Green Bond Index,CSI Green Bond,,,,131.23,0.02,0.01,0.0,0.0,868.0,,2023-11-14,中证绿色债券指数
2023-11-15,931145,中证绿色债券指数,中证绿色债,CSI Green Bond Index,CSI Green Bond,,,,131.26,0.03,0.02,0.0,0.0,868.0,,2023-11-15,中证绿色债券指数
2023-11-16,931145,中证绿色债券指数,中证绿色债,CSI Green Bond Index,CSI Green Bond,,,,131.29,0.03,0.02,0.0,0.0,868.0,,2023-11-16,中证绿色债券指数
2023-11-17,931145,中证绿色债券指数,中证绿色债,CSI Green Bond Index,CSI Green Bond,,,,131.33,0.03,0.02,0.0,0.0,868.0,,2023-11-17,中证绿色债券指数
2023-11-20,931145,中证绿色债券指数,中证绿色债,CSI Green Bond Index,CSI Green Bond,,,,131.36,0.03,0.03,0.0,0.0,868.0,,2023-11-20,中证绿色债券指数
2023-11-21,931145,中证绿色债券指数,中证绿色债,CSI Green Bond Index,CSI Green Bond,,,,131.36,0.0,0.0,0.0,0.0,868.0,,2023-11-21,中证绿色债券指数
2023-11-22,931145,中证绿色债券指数,中证绿色债,CSI Green Bond Index,CSI Green Bond,,,,131.35,-0.01,-0.01,0.0,0.0,868.0,,2023-11-22,中证绿色债券指数
2023-11-23,931145,中证绿色债券指数,中证绿色债,CSI Green Bond Index,CSI Green Bond,,,,131.31,-0.04,-0.03,0.0,0.0,868.0,,2023-11-23,中证绿色债券指数
2023-11-24,931145,中证绿色债券指数,中证绿色债,CSI Green Bond Index,CSI Green Bond,,,,131.3,-0.01,-0.01,0.0,0.0,868.0,,2023-11-24,中证绿色债券指数
2023-11-27,931145,中证绿色债券指数,中证绿色债,CSI Green Bond Index,CSI Green Bond,,,,131.31,0.01,0.01,0.0,0.0,868.0,,2023-11-27,中证绿色债券指数
2023-11-28,931145,中证绿色债券指数,中证绿色债,CSI Green Bond Index,CSI Green Bond,,,,131.31,0.0,0.0,0.0,0.0,868.0,,2023-11-28,中证绿色债券指数
2023-11-29,931145,中证绿色债券指数,中证绿色债,CSI Green Bond Index,CSI Green Bond,,,,131.31,0.0,0.0,0.0,0.0,868.0,,2023-11-29,中证绿色债券指数
2023-11-30,931145,中证绿色债券指数,中证绿色债,CSI Green Bond Index,CSI Green Bond,,,,131.34,0.03,0.02,0.0,0.0,868.0,,2023-11-30,中证绿色债券指数
2023-12-01,931145,中证绿色债券指数,中证绿色债,CSI Green Bond Index,CSI Green Bond,,,,131.36,0.02,0.01,0.0,0.0,875.0,,2023-12-01,中证绿色债券指数
2023-12-04,931145,中证绿色债券指数,中证绿色债,CSI Green Bond Index,CSI Green Bond,,,,131.37,0.01,0.01,0.0,0.0,874.0,,2023-12-04,中证绿色债券指数
2023-12-05,931145,中证绿色债券指数,中证绿色债,CSI Green Bond Index,CSI Green Bond,,,,131.36,-0.01,-0.01,0.0,0.0,874.0,,2023-12-05,中证绿色债券指数
2023-12-06,931145,中证绿色债券指数,中证绿色债,CSI Green Bond Index,CSI Green Bond,,,,131.35,-0.01,-0.01,0.0,0.0,874.0,,2023-12-06,中证绿色债券指数
2023-12-07,931145,中证绿色债券指数,中证绿色债,CSI Green Bond Index,CSI Green Bond,,,,131.35,0.0,0.0,0.0,0.0,874.0,,2023-12-07,中证绿色债券指数
2023-12-08,931145,中证绿色债券指数,中证绿色债,CSI Green Bond Index,CSI Green Bond,,,,131.36,0.02,0.01,0.0,0.0,874.0,,2023-12-08,中证绿色债券指数
2023-12-11,931145,中证绿色债券指数,中证绿色债,CSI Green Bond Index,CSI Green Bond,,,,131.42,0.05,0.04,0.0,0.0,874.0,,2023-12-11,中证绿色债券指数
2023-12-12,931145,中证绿色债券指数,中证绿色债,CSI Green Bond Index,CSI Green Bond,,,,131.44,0.02,0.02,0.0,0.0,874.0,,2023-12-12,中证绿色债券指数
2023-12-13,931145,中证绿色债券指数,中证绿色债,CSI Green Bond Index,CSI Green Bond,,,,131.49,0.06,0.04,0.0,0.0,874.0,,2023-12-13,中证绿色债券指数
2023-12-14,931145,中证绿色债券指数,中证绿色债,CSI Green Bond Index,CSI Green Bond,,,,131.55,0.06,0.05,0.0,0.0,874.0,,2023-12-14,中证绿色债券指数
2023-12-15,931145,中证绿色债券指数,中证绿色债,CSI Green Bond Index,CSI Green Bond,,,,131.61,0.06,0.04,0.0,0.0,874.0,,2023-12-15,中证绿色债券指数
2023-12-18,931145,中证绿色债券指数,中证绿色债,CSI Green Bond Index,CSI Green Bond,,,,131.67,0.06,0.05,0.0,0.0,874.0,,2023-12-18,中证绿色债券指数
2023-12-19,931145,中证绿色债券指数,中证绿色债,CSI Green Bond Index,CSI Green Bond,,,,131.71,0.04,0.03,0.0,0.0,874.0,,2023-12-19,中证绿色债券指数
2023-12-20,931145,中证绿色债券指数,中证绿色债,CSI Green Bond Index,CSI Green Bond,,,,131.72,0.01,0.01,0.0,0.0,874.0,,2023-12-20,中证绿色债券指数
2023-12-21,931145,中证绿色债券指数,中证绿色债,CSI Green Bond Index,CSI Green Bond,,,,131.73,0.01,0.0,0.0,0.0,874.0,,2023-12-21,中证绿色债券指数
2023-12-22,931145,中证绿色债券指数,中证绿色债,CSI Green Bond Index,CSI Green Bond,,,,131.78,0.05,0.04,0.0,0.0,874.0,,2023-12-22,中证绿色债券指数
2023-12-25,931145,中证绿色债券指数,中证绿色债,CSI Green Bond Index,CSI Green Bond,,,,131.83,0.05,0.04,0.0,0.0,873.0,,2023-12-25,中证绿色债券指数
2023-12-26,931145,中证绿色债券指数,中证绿色债,CSI Green Bond Index,CSI Green Bond,,,,131.88,0.05,0.04,0.0,0.0,873.0,,2023-12-26,中证绿色债券指数
2023-12-27,931145,中证绿色债券指数,中证绿色债,CSI Green Bond Index,CSI Green Bond,,,,131.96,0.09,0.07,0.0,0.0,873.0,,2023-12-27,中证绿色债券指数
2023-12-28,931145,中证绿色债券指数,中证绿色债,CSI Green Bond Index,CSI Green Bond,,,,132.06,0.09,0.07,0.0,0.0,873.0,,2023-12-28,中证绿色债券指数
2023-12-29,931145,中证绿色债券指数,中证绿色债,CSI Green Bond Index,CSI Green Bond,,,,132.13,0.07,0.06,0.0,0.0,873.0,,2023-12-29,中证绿色债券指数
2024-01-02,931145,中证绿色债券指数,中证绿色债,CSI Green Bond Index,CSI Green Bond,,,,132.18,0.05,0.04,0.0,0.0,887.0,,2024-01-02,中证绿色债券指数
2024-01-03,931145,中证绿色债券指数,中证绿色债,CSI Green Bond Index,CSI Green Bond,,,,132.15,-0.03,-0.02,0.0,0.0,887.0,,2024-01-03,中证绿色债券指数
2024-01-04,931145,中证绿色债券指数,中证绿色债,CSI Green Bond Index,CSI Green Bond,,,,132.15,0.01,0.01,0.0,0.0,887.0,,2024-01-04,中证绿色债券指数
2024-01-05,931145,中证绿色债券指数,中证绿色债,CSI Green Bond Index,CSI Green Bond,,,,132.19,0.04,0.03,0.0,0.0,887.0,,2024-01-05,中证绿色债券指数
2024-01-08,931145,中证绿色债券指数,中证绿色债,CSI Green Bond Index,CSI Green Bond,,,,132.24,0.05,0.04,0.0,0.0,887.0,,2024-01-08,中证绿色债券指数
2024-01-09,931145,中证绿色债券指数,中证绿色债,CSI Green Bond Index,CSI Green Bond,,,,132.29,0.05,0.04,0.0,0.0,887.0,,2024-01-09,中证绿色债券指数
2024-01-10,931145,中证绿色债券指数,中证绿色债,CSI Green Bond Index,CSI Green Bond,,,,132.31,0.01,0.01,0.0,0.0,887.0,,2024-01-10,中证绿色债券指数
2024-01-11,931145,中证绿色债券指数,中证绿色债,CSI Green Bond Index,CSI Green Bond,,,,132.31,0.01,0.01,0.0,0.0,887.0,,2024-01-11,中证绿色债券指数
2024-01-12,931145,中证绿色债券指数,中证绿色债,CSI Green Bond Index,CSI Green Bond,,,,132.32,0.01,0.01,0.0,0.0,887.0,,2024-01-12,中证绿色债券指数
2024-01-15,931145,中证绿色债券指数,中证绿色债,CSI Green Bond Index,CSI Green Bond,,,,132.34,0.02,0.02,0.0,0.0,887.0,,2024-01-15,中证绿色债券指数
2024-01-16,931145,中证绿色债券指数,中证绿色债,CSI Green Bond Index,CSI Green Bond,,,,132.35,0.01,0.0,0.0,0.0,887.0,,2024-01-16,中证绿色债券指数
2024-01-17,931145,中证绿色债券指数,中证绿色债,CSI Green Bond Index,CSI Green Bond,,,,132.37,0.02,0.01,0.0,0.0,887.0,,2024-01-17,中证绿色债券指数
2024-01-18,931145,中证绿色债券指数,中证绿色债,CSI Green Bond Index,CSI Green Bond,,,,132.4,0.03,0.02,0.0,0.0,887.0,,2024-01-18,中证绿色债券指数
2024-01-19,931145,中证绿色债券指数,中证绿色债,CSI Green Bond Index,CSI Green Bond,,,,132.43,0.03,0.02,0.0,0.0,887.0,,2024-01-19,中证绿色债券指数
2024-01-22,931145,中证绿色债券指数,中证绿色债,CSI Green Bond Index,CSI Green Bond,,,,132.49,0.06,0.05,0.0,0.0,887.0,,2024-01-22,中证绿色债券指数
2024-01-23,931145,中证绿色债券指数,中证绿色债,CSI Green Bond Index,CSI Green Bond,,,,132.51,0.02,0.02,0.0,0.0,887.0,,2024-01-23,中证绿色债券指数
2024-01-24,931145,中证绿色债券指数,中证绿色债,CSI Green Bond Index,CSI Green Bond,,,,132.51,0.0,0.0,0.0,0.0,887.0,,2024-01-24,中证绿色债券指数
2024-01-25,931145,中证绿色债券指数,中证绿色债,CSI Green Bond Index,CSI Green Bond,,,,132.55,0.04,0.03,0.0,0.0,886.0,,2024-01-25,中证绿色债券指数
2024-01-26,931145,中证绿色债券指数,中证绿色债,CSI Green Bond Index,CSI Green Bond,,,,132.58,0.02,0.02,0.0,0.0,885.0,,2024-01-26,中证绿色债券指数
2024-01-29,931145,中证绿色债券指数,中证绿色债,CSI Green Bond Index,CSI Green Bond,,,,132.62,0.04,0.03,0.0,0.0,885.0,,2024-01-29,中证绿色债券指数
2024-01-30,931145,中证绿色债券指数,中证绿色债,CSI Green Bond Index,CSI Green Bond,,,,132.68,0.06,0.05,0.0,0.0,885.0,,2024-01-30,中证绿色债券指数
2024-01-31,931145,中证绿色债券指数,中证绿色债,CSI Green Bond Index,CSI Green Bond,,,,132.75,0.07,0.05,0.0,0.0,885.0,,2024-01-31,中证绿色债券指数
2024-02-01,931145,中证绿色债券指数,中证绿色债,CSI Green Bond Index,CSI Green Bond,,,,132.78,0.04,0.03,0.0,0.0,887.0,,2024-02-01,中证绿色债券指数
2024-02-02,931145,中证绿色债券指数,中证绿色债,CSI Green Bond Index,CSI Green Bond,,,,132.8,0.02,0.01,0.0,0.0,887.0,,2024-02-02,中证绿色债券指数
2024-02-05,931145,中证绿色债券指数,中证绿色债,CSI Green Bond Index,CSI Green Bond,,,,132.87,0.07,0.05,0.0,0.0,887.0,,2024-02-05,中证绿色债券指数
2024-02-06,931145,中证绿色债券指数,中证绿色债,CSI Green Bond Index,CSI Green Bond,,,,132.87,0.0,0.0,0.0,0.0,887.0,,2024-02-06,中证绿色债券指数
2024-02-07,931145,中证绿色债券指数,中证绿色债,CSI Green Bond Index,CSI Green Bond,,,,132.86,-0.01,-0.01,0.0,0.0,887.0,,2024-02-07,中证绿色债券指数
2024-02-08,931145,中证绿色债券指数,中证绿色债,CSI Green Bond Index,CSI Green Bond,,,,132.9,0.04,0.03,0.0,0.0,886.0,,2024-02-08,中证绿色债券指数
2024-02-19,931145,中证绿色债券指数,中证绿色债,CSI Green Bond Index,CSI Green Bond,,,,133.02,0.12,0.09,0.0,0.0,886.0,,2024-02-19,中证绿色债券指数
2024-02-20,931145,中证绿色债券指数,中证绿色债,CSI Green Bond Index,CSI Green Bond,,,,133.07,0.05,0.04,0.0,0.0,886.0,,2024-02-20,中证绿色债券指数
2024-02-21,931145,中证绿色债券指数,中证绿色债,CSI Green Bond Index,CSI Green Bond,,,,133.12,0.05,0.04,0.0,0.0,886.0,,2024-02-21,中证绿色债券指数
2024-02-22,931145,中证绿色债券指数,中证绿色债,CSI Green Bond Index,CSI Green Bond,,,,133.17,0.05,0.04,0.0,0.0,886.0,,2024-02-22,中证绿色债券指数
2024-02-23,931145,中证绿色债券指数,中证绿色债,CSI Green Bond Index,CSI Green Bond,,,,133.23,0.07,0.05,0.0,0.0,886.0,,2024-02-23,中证绿色债券指数
2024-02-26,931145,中证绿色债券指数,中证绿色债,CSI Green Bond Index,CSI Green Bond,,,,133.29,0.06,0.04,0.0,0.0,886.0,,2024-02-26,中证绿色债券指数
2024-02-27,931145,中证绿色债券指数,中证绿色债,CSI Green Bond Index,CSI Green Bond,,,,133.34,0.05,0.04,0.0,0.0,886.0,,2024-02-27,中证绿色债券指数
2024-02-28,931145,中证绿色债券指数,中证绿色债,CSI Green Bond Index,CSI Green Bond,,,,133.36,0.02,0.02,0.0,0.0,886.0,,2024-02-28,中证绿色债券指数
2024-02-29,931145,中证绿色债券指数,中证绿色债,CSI Green Bond Index,CSI Green Bond,,,,133.38,0.03,0.02,0.0,0.0,886.0,,2024-02-29,中证绿色债券指数
2024-03-01,931145,中证绿色债券指数,中证绿色债,CSI Green Bond Index,CSI Green Bond,,,,133.38,-0.01,0.0,0.0,0.0,871.0,,2024-03-01,中证绿色债券指数
2024-03-04,931145,中证绿色债券指数,中证绿色债,CSI Green Bond Index,CSI Green Bond,,,,133.38,0.0,0.0,0.0,0.0,871.0,,2024-03-04,中证绿色债券指数
2024-03-05,931145,中证绿色债券指数,中证绿色债,CSI Green Bond Index,CSI Green Bond,,,,133.37,0.0,0.0,0.0,0.0,871.0,,2024-03-05,中证绿色债券指数
2024-03-06,931145,中证绿色债券指数,中证绿色债,CSI Green Bond Index,CSI Green Bond,,,,133.39,0.02,0.01,0.0,0.0,871.0,,2024-03-06,中证绿色债券指数
2024-03-07,931145,中证绿色债券指数,中证绿色债,CSI Green Bond Index,CSI Green Bond,,,,133.42,0.03,0.02,0.0,0.0,871.0,,2024-03-07,中证绿色债券指数
2024-03-08,931145,中证绿色债券指数,中证绿色债,CSI Green Bond Index,CSI Green Bond,,,,133.42,0.0,0.0,0.0,0.0,871.0,,2024-03-08,中证绿色债券指数
2024-03-11,931145,中证绿色债券指数,中证绿色债,CSI Green Bond Index,CSI Green Bond,,,,133.43,0.01,0.01,0.0,0.0,870.0,,2024-03-11,中证绿色债券指数
2024-03-12,931145,中证绿色债券指数,中证绿色债,CSI Green Bond Index,CSI Green Bond,,,,133.4,-0.03,-0.02,0.0,0.0,870.0,,2024-03-12,中证绿色债券指数
2024-03-13,931145,中证绿色债券指数,中证绿色债,CSI Green Bond Index,CSI Green Bond,,,,133.33,-0.06,-0.05,0.0,0.0,870.0,,2024-03-13,中证绿色债券指数
2024-03-14,931145,中证绿色债券指数,中证绿色债,CSI Green Bond Index,CSI Green Bond,,,,133.29,-0.04,-0.03,0.0,0.0,870.0,,2024-03-14,中证绿色债券指数
2024-03-15,931145,中证绿色债券指数,中证绿色债,CSI Green Bond Index,CSI Green Bond,,,,133.29,0.0,0.0,0.0,0.0,870.0,,2024-03-15,中证绿色债券指数
2024-03-18,931145,中证绿色债券指数,中证绿色债,CSI Green Bond Index,CSI Green Bond,,,,133.33,0.04,0.03,0.0,0.0,870.0,,2024-03-18,中证绿色债券指数
2024-03-19,931145,中证绿色债券指数,中证绿色债,CSI Green Bond Index,CSI Green Bond,,,,133.37,0.04,0.03,0.0,0.0,870.0,,2024-03-19,中证绿色债券指数
2024-03-20,931145,中证绿色债券指数,中证绿色债,CSI Green Bond Index,CSI Green Bond,,,,133.38,0.01,0.01,0.0,0.0,870.0,,2024-03-20,中证绿色债券指数
2024-03-21,931145,中证绿色债券指数,中证绿色债,CSI Green Bond Index,CSI Green Bond,,,,133.41,0.03,0.02,0.0,0.0,870.0,,2024-03-21,中证绿色债券指数
2024-03-22,931145,中证绿色债券指数,中证绿色债,CSI Green Bond Index,CSI Green Bond,,,,133.42,0.01,0.01,0.0,0.0,870.0,,2024-03-22,中证绿色债券指数
2024-03-25,931145,中证绿色债券指数,中证绿色债,CSI Green Bond Index,CSI Green Bond,,,,133.43,0.01,0.01,0.0,0.0,870.0,,2024-03-25,中证绿色债券指数
2024-03-26,931145,中证绿色债券指数,中证绿色债,CSI Green Bond Index,CSI Green Bond,,,,133.42,-0.01,-0.01,0.0,0.0,870.0,,2024-03-26,中证绿色债券指数
2024-03-27,931145,中证绿色债券指数,中证绿色债,CSI Green Bond Index,CSI Green Bond,,,,133.44,0.02,0.02,0.0,0.0,870.0,,2024-03-27,中证绿色债券指数
2024-03-28,931145,中证绿色债券指数,中证绿色债,CSI Green Bond Index,CSI Green Bond,,,,133.47,0.03,0.02,0.0,0.0,870.0,,2024-03-28,中证绿色债券指数
2024-03-29,931145,中证绿色债券指数,中证绿色债,CSI Green Bond Index,CSI Green Bond,,,,133.51,0.04,0.03,0.0,0.0,870.0,,2024-03-29,中证绿色债券指数
2024-04-01,931145,中证绿色债券指数,中证绿色债,CSI Green Bond Index,CSI Green Bond,,,,133.54,0.03,0.02,0.0,0.0,880.0,,2024-04-01,中证绿色债券指数
2024-04-02,931145,中证绿色债券指数,中证绿色债,CSI Green Bond Index,CSI Green Bond,,,,133.56,0.02,0.02,0.0,0.0,880.0,,2024-04-02,中证绿色债券指数
2024-04-03,931145,中证绿色债券指数,中证绿色债,CSI Green Bond Index,CSI Green Bond,,,,133.61,0.05,0.04,0.0,0.0,880.0,,2024-04-03,中证绿色债券指数
2024-04-08,931145,中证绿色债券指数,中证绿色债,CSI Green Bond Index,CSI Green Bond,,,,133.7,0.09,0.07,0.0,0.0,880.0,,2024-04-08,中证绿色债券指数
2024-04-09,931145,中证绿色债券指数,中证绿色债,CSI Green Bond Index,CSI Green Bond,,,,133.76,0.06,0.05,0.0,0.0,880.0,,2024-04-09,中证绿色债券指数
2024-04-10,931145,中证绿色债券指数,中证绿色债,CSI Green Bond Index,CSI Green Bond,,,,133.8,0.04,0.03,0.0,0.0,880.0,,2024-04-10,中证绿色债券指数
2024-04-11,931145,中证绿色债券指数,中证绿色债,CSI Green Bond Index,CSI Green Bond,,,,133.84,0.04,0.03,0.0,0.0,880.0,,2024-04-11,中证绿色债券指数
2024-04-12,931145,中证绿色债券指数,中证绿色债,CSI Green Bond Index,CSI Green Bond,,,,133.93,0.09,0.07,0.0,0.0,879.0,,2024-04-12,中证绿色债券指数
2024-04-15,931145,中证绿色债券指数,中证绿色债,CSI Green Bond Index,CSI Green Bond,,,,133.99,0.06,0.04,0.0,0.0,879.0,,2024-04-15,中证绿色债券指数
2024-04-16,931145,中证绿色债券指数,中证绿色债,CSI Green Bond Index,CSI Green Bond,,,,134.0,0.01,0.01,0.0,0.0,879.0,,2024-04-16,中证绿色债券指数
2024-04-17,931145,中证绿色债券指数,中证绿色债,CSI Green Bond Index,CSI Green Bond,,,,134.02,0.02,0.02,0.0,0.0,879.0,,2024-04-17,中证绿色债券指数
2024-04-18,931145,中证绿色债券指数,中证绿色债,CSI Green Bond Index,CSI Green Bond,,,,134.06,0.04,0.03,0.0,0.0,879.0,,2024-04-18,中证绿色债券指数
2024-04-19,931145,中证绿色债券指数,中证绿色债,CSI Green Bond Index,CSI Green Bond,,,,134.12,0.06,0.04,0.0,0.0,878.0,,2024-04-19,中证绿色债券指数
2024-04-22,931145,中证绿色债券指数,中证绿色债,CSI Green Bond Index,CSI Green Bond,,,,134.19,0.07,0.05,0.0,0.0,878.0,,2024-04-22,中证绿色债券指数
2024-04-23,931145,中证绿色债券指数,中证绿色债,CSI Green Bond Index,CSI Green Bond,,,,134.26,0.07,0.05,0.0,0.0,878.0,,2024-04-23,中证绿色债券指数
2024-04-24,931145,中证绿色债券指数,中证绿色债,CSI Green Bond Index,CSI Green Bond,,,,134.23,-0.02,-0.02,0.0,0.0,878.0,,2024-04-24,中证绿色债券指数
2024-04-25,931145,中证绿色债券指数,中证绿色债,CSI Green Bond Index,CSI Green Bond,,,,134.18,-0.05,-0.04,0.0,0.0,878.0,,2024-04-25,中证绿色债券指数
2024-04-26,931145,中证绿色债券指数,中证绿色债,CSI Green Bond Index,CSI Green Bond,,,,134.14,-0.04,-0.03,0.0,0.0,878.0,,2024-04-26,中证绿色债券指数
2024-04-29,931145,中证绿色债券指数,中证绿色债,CSI Green Bond Index,CSI Green Bond,,,,133.98,-0.16,-0.12,0.0,0.0,878.0,,2024-04-29,中证绿色债券指数
2024-04-30,931145,中证绿色债券指数,中证绿色债,CSI Green Bond Index,CSI Green Bond,,,,133.94,-0.04,-0.03,0.0,0.0,878.0,,2024-04-30,中证绿色债券指数
2024-05-06,931145,中证绿色债券指数,中证绿色债,CSI Green Bond Index,CSI Green Bond,,,,134.07,0.13,0.1,0.0,0.0,893.0,,2024-05-06,中证绿色债券指数
2024-05-07,931145,中证绿色债券指数,中证绿色债,CSI Green Bond Index,CSI Green Bond,,,,134.18,0.1,0.08,0.0,0.0,893.0,,2024-05-07,中证绿色债券指数
2024-05-08,931145,中证绿色债券指数,中证绿色债,CSI Green Bond Index,CSI Green Bond,,,,134.24,0.06,0.05,0.0,0.0,893.0,,2024-05-08,中证绿色债券指数
2024-05-09,931145,中证绿色债券指数,中证绿色债,CSI Green Bond Index,CSI Green Bond,,,,134.24,0.0,0.0,0.0,0.0,893.0,,2024-05-09,中证绿色债券指数
2024-05-10,931145,中证绿色债券指数,中证绿色债,CSI Green Bond Index,CSI Green Bond,,,,134.24,0.0,0.0,0.0,0.0,893.0,,2024-05-10,中证绿色债券指数
2024-05-13,931145,中证绿色债券指数,中证绿色债,CSI Green Bond Index,CSI Green Bond,,,,134.26,0.03,0.02,0.0,0.0,893.0,,2024-05-13,中证绿色债券指数
2024-05-14,931145,中证绿色债券指数,中证绿色债,CSI Green Bond Index,CSI Green Bond,,,,134.34,0.08,0.06,0.0,0.0,893.0,,2024-05-14,中证绿色债券指数
2024-05-15,931145,中证绿色债券指数,中证绿色债,CSI Green Bond Index,CSI Green Bond,,,,134.38,0.04,0.03,0.0,0.0,893.0,,2024-05-15,中证绿色债券指数
2024-05-16,931145,中证绿色债券指数,中证绿色债,CSI Green Bond Index,CSI Green Bond,,,,134.4,0.02,0.02,0.0,0.0,893.0,,2024-05-16,中证绿色债券指数
2024-05-17,931145,中证绿色债券指数,中证绿色债,CSI Green Bond Index,CSI Green Bond,,,,134.39,-0.01,0.0,0.0,0.0,893.0,,2024-05-17,中证绿色债券指数
2024-05-20,931145,中证绿色债券指数,中证绿色债,CSI Green Bond Index,CSI Green Bond,,,,134.46,0.07,0.05,0.0,0.0,893.0,,2024-05-20,中证绿色债券指数
2024-05-21,931145,中证绿色债券指数,中证绿色债,CSI Green Bond Index,CSI Green Bond,,,,134.48,0.01,0.01,0.0,0.0,893.0,,2024-05-21,中证绿色债券指数
2024-05-22,931145,中证绿色债券指数,中证绿色债,CSI Green Bond Index,CSI Green Bond,,,,134.51,0.03,0.03,0.0,0.0,893.0,,2024-05-22,中证绿色债券指数
2024-05-23,931145,中证绿色债券指数,中证绿色债,CSI Green Bond Index,CSI Green Bond,,,,134.56,0.05,0.03,0.0,0.0,893.0,,2024-05-23,中证绿色债券指数
2024-05-24,931145,中证绿色债券指数,中证绿色债,CSI Green Bond Index,CSI Green Bond,,,,134.59,0.03,0.02,0.0,0.0,893.0,,2024-05-24,中证绿色债券指数
2024-05-27,931145,中证绿色债券指数,中证绿色债,CSI Green Bond Index,CSI Green Bond,,,,134.61,0.03,0.02,0.0,0.0,893.0,,2024-05-27,中证绿色债券指数
2024-05-28,931145,中证绿色债券指数,中证绿色债,CSI Green Bond Index,CSI Green Bond,,,,134.63,0.02,0.02,0.0,0.0,893.0,,2024-05-28,中证绿色债券指数
2024-05-29,931145,中证绿色债券指数,中证绿色债,CSI Green Bond Index,CSI Green Bond,,,,134.66,0.03,0.02,0.0,0.0,893.0,,2024-05-29,中证绿色债券指数
2024-05-30,931145,中证绿色债券指数,中证绿色债,CSI Green Bond Index,CSI Green Bond,,,,134.69,0.03,0.02,0.0,0.0,893.0,,2024-05-30,中证绿色债券指数
2024-05-31,931145,中证绿色债券指数,中证绿色债,CSI Green Bond Index,CSI Green Bond,,,,134.7,0.01,0.01,0.0,0.0,893.0,,2024-05-31,中证绿色债券指数
2024-06-03,931145,中证绿色债券指数,中证绿色债,CSI Green Bond Index,CSI Green Bond,,,,134.74,0.05,0.03,0.0,0.0,895.0,,2024-06-03,中证绿色债券指数
2024-06-04,931145,中证绿色债券指数,中证绿色债,CSI Green Bond Index,CSI Green Bond,,,,134.77,0.03,0.02,0.0,0.0,895.0,,2024-06-04,中证绿色债券指数
2024-06-05,931145,中证绿色债券指数,中证绿色债,CSI Green Bond Index,CSI Green Bond,,,,134.81,0.04,0.03,0.0,0.0,895.0,,2024-06-05,中证绿色债券指数
2024-06-06,931145,中证绿色债券指数,中证绿色债,CSI Green Bond Index,CSI Green Bond,,,,134.85,0.04,0.03,0.0,0.0,895.0,,2024-06-06,中证绿色债券指数
2024-06-07,931145,中证绿色债券指数,中证绿色债,CSI Green Bond Index,CSI Green Bond,,,,134.89,0.03,0.02,0.0,0.0,895.0,,2024-06-07,中证绿色债券指数
2024-06-11,931145,中证绿色债券指数,中证绿色债,CSI Green Bond Index,CSI Green Bond,,,,134.94,0.06,0.04,0.0,0.0,895.0,,2024-06-11,中证绿色债券指数
2024-06-12,931145,中证绿色债券指数,中证绿色债,CSI Green Bond Index,CSI Green Bond,,,,134.96,0.02,0.02,0.0,0.0,895.0,,2024-06-12,中证绿色债券指数
2024-06-13,931145,中证绿色债券指数,中证绿色债,CSI Green Bond Index,CSI Green Bond,,,,134.97,0.01,0.01,0.0,0.0,895.0,,2024-06-13,中证绿色债券指数
2024-06-14,931145,中证绿色债券指数,中证绿色债,CSI Green Bond Index,CSI Green Bond,,,,134.99,0.03,0.02,0.0,0.0,895.0,,2024-06-14,中证绿色债券指数
2024-06-17,931145,中证绿色债券指数,中证绿色债,CSI Green Bond Index,CSI Green Bond,,,,135.03,0.04,0.03,0.0,0.0,895.0,,2024-06-17,中证绿色债券指数
2024-06-18,931145,中证绿色债券指数,中证绿色债,CSI Green Bond Index,CSI Green Bond,,,,135.05,0.02,0.02,0.0,0.0,895.0,,2024-06-18,中证绿色债券指数
2024-06-19,931145,中证绿色债券指数,中证绿色债,CSI Green Bond Index,CSI Green Bond,,,,135.08,0.02,0.02,0.0,0.0,895.0,,2024-06-19,中证绿色债券指数
2024-06-20,931145,中证绿色债券指数,中证绿色债,CSI Green Bond Index,CSI Green Bond,,,,135.1,0.03,0.02,0.0,0.0,895.0,,2024-06-20,中证绿色债券指数
2024-06-21,931145,中证绿色债券指数,中证绿色债,CSI Green Bond Index,CSI Green Bond,,,,135.1,0.0,0.0,0.0,0.0,895.0,,2024-06-21,中证绿色债券指数
2024-06-24,931145,中证绿色债券指数,中证绿色债,CSI Green Bond Index,CSI Green Bond,,,,135.12,0.02,0.02,0.0,0.0,894.0,,2024-06-24,中证绿色债券指数
2024-06-25,931145,中证绿色债券指数,中证绿色债,CSI Green Bond Index,CSI Green Bond,,,,135.15,0.02,0.02,0.0,0.0,893.0,,2024-06-25,中证绿色债券指数
2024-06-26,931145,中证绿色债券指数,中证绿色债,CSI Green Bond Index,CSI Green Bond,,,,135.17,0.02,0.02,0.0,0.0,893.0,,2024-06-26,中证绿色债券指数
2024-06-27,931145,中证绿色债券指数,中证绿色债,CSI Green Bond Index,CSI Green Bond,,,,135.21,0.04,0.03,0.0,0.0,893.0,,2024-06-27,中证绿色债券指数
2024-06-28,931145,中证绿色债券指数,中证绿色债,CSI Green Bond Index,CSI Green Bond,,,,135.24,0.03,0.02,0.0,0.0,893.0,,2024-06-28,中证绿色债券指数
2024-07-01,931145,中证绿色债券指数,中证绿色债,CSI Green Bond Index,CSI Green Bond,,,,135.26,0.02,0.01,0.0,0.0,902.0,,2024-07-01,中证绿色债券指数
2024-07-02,931145,中证绿色债券指数,中证绿色债,CSI Green Bond Index,CSI Green Bond,,,,135.26,0.0,0.0,0.0,0.0,902.0,,2024-07-02,中证绿色债券指数
2024-07-03,931145,中证绿色债券指数,中证绿色债,CSI Green Bond Index,CSI Green Bond,,,,135.3,0.04,0.03,0.0,0.0,902.0,,2024-07-03,中证绿色债券指数
2024-07-04,931145,中证绿色债券指数,中证绿色债,CSI Green Bond Index,CSI Green Bond,,,,135.32,0.02,0.02,0.0,0.0,902.0,,2024-07-04,中证绿色债券指数
2024-07-05,931145,中证绿色债券指数,中证绿色债,CSI Green Bond Index,CSI Green Bond,,,,135.32,0.0,0.0,0.0,0.0,902.0,,2024-07-05,中证绿色债券指数
2024-07-08,931145,中证绿色债券指数,中证绿色债,CSI Green Bond Index,CSI Green Bond,,,,135.27,-0.05,-0.04,0.0,0.0,902.0,,2024-07-08,中证绿色债券指数
2024-07-09,931145,中证绿色债券指数,中证绿色债,CSI Green Bond Index,CSI Green Bond,,,,135.29,0.03,0.02,0.0,0.0,902.0,,2024-07-09,中证绿色债券指数
2024-07-10,931145,中证绿色债券指数,中证绿色债,CSI Green Bond Index,CSI Green Bond,,,,135.32,0.02,0.02,0.0,0.0,902.0,,2024-07-10,中证绿色债券指数
2024-07-11,931145,中证绿色债券指数,中证绿色债,CSI Green Bond Index,CSI Green Bond,,,,135.34,0.03,0.02,0.0,0.0,902.0,,2024-07-11,中证绿色债券指数
2024-07-12,931145,中证绿色债券指数,中证绿色债,CSI Green Bond Index,CSI Green Bond,,,,135.38,0.04,0.03,0.0,0.0,902.0,,2024-07-12,中证绿色债券指数
2024-07-15,931145,中证绿色债券指数,中证绿色债,CSI Green Bond Index,CSI Green Bond,,,,135.42,0.04,0.03,0.0,0.0,902.0,,2024-07-15,中证绿色债券指数
2024-07-16,931145,中证绿色债券指数,中证绿色债,CSI Green Bond Index,CSI Green Bond,,,,135.44,0.02,0.01,0.0,0.0,902.0,,2024-07-16,中证绿色债券指数
2024-07-17,931145,中证绿色债券指数,中证绿色债,CSI Green Bond Index,CSI Green Bond,,,,135.45,0.01,0.01,0.0,0.0,902.0,,2024-07-17,中证绿色债券指数
2024-07-18,931145,中证绿色债券指数,中证绿色债,CSI Green Bond Index,CSI Green Bond,,,,135.46,0.01,0.01,0.0,0.0,902.0,,2024-07-18,中证绿色债券指数
2024-07-19,931145,中证绿色债券指数,中证绿色债,CSI Green Bond Index,CSI Green Bond,,,,135.47,0.01,0.01,0.0,0.0,902.0,,2024-07-19,中证绿色债券指数
2024-07-22,931145,中证绿色债券指数,中证绿色债,CSI Green Bond Index,CSI Green Bond,,,,135.55,0.08,0.06,0.0,0.0,902.0,,2024-07-22,中证绿色债券指数
2024-07-23,931145,中证绿色债券指数,中证绿色债,CSI Green Bond Index,CSI Green Bond,,,,135.6,0.04,0.03,0.0,0.0,902.0,,2024-07-23,中证绿色债券指数
2024-07-24,931145,中证绿色债券指数,中证绿色债,CSI Green Bond Index,CSI Green Bond,,,,135.62,0.03,0.02,0.0,0.0,902.0,,2024-07-24,中证绿色债券指数
2024-07-25,931145,中证绿色债券指数,中证绿色债,CSI Green Bond Index,CSI Green Bond,,,,135.66,0.04,0.03,0.0,0.0,902.0,,2024-07-25,中证绿色债券指数
2024-07-26,931145,中证绿色债券指数,中证绿色债,CSI Green Bond Index,CSI Green Bond,,,,135.7,0.04,0.03,0.0,0.0,902.0,,2024-07-26,中证绿色债券指数
2024-07-29,931145,中证绿色债券指数,中证绿色债,CSI Green Bond Index,CSI Green Bond,,,,135.74,0.04,0.03,0.0,0.0,902.0,,2024-07-29,中证绿色债券指数
2024-07-30,931145,中证绿色债券指数,中证绿色债,CSI Green Bond Index,CSI Green Bond,,,,135.77,0.02,0.02,0.0,0.0,902.0,,2024-07-30,中证绿色债券指数
2024-07-31,931145,中证绿色债券指数,中证绿色债,CSI Green Bond Index,CSI Green Bond,,,,135.8,0.04,0.03,0.0,0.0,902.0,,2024-07-31,中证绿色债券指数
2024-08-01,931145,中证绿色债券指数,中证绿色债,CSI Green Bond Index,CSI Green Bond,,,,135.83,0.03,0.02,0.0,0.0,911.0,,2024-08-01,中证绿色债券指数
2024-08-02,931145,中证绿色债券指数,中证绿色债,CSI Green Bond Index,CSI Green Bond,,,,135.87,0.04,0.03,0.0,0.0,911.0,,2024-08-02,中证绿色债券指数
2024-08-05,931145,中证绿色债券指数,中证绿色债,CSI Green Bond Index,CSI Green Bond,,,,135.93,0.06,0.04,0.0,0.0,911.0,,2024-08-05,中证绿色债券指数
2024-08-06,931145,中证绿色债券指数,中证绿色债,CSI Green Bond Index,CSI Green Bond,,,,135.91,-0.01,-0.01,0.0,0.0,911.0,,2024-08-06,中证绿色债券指数
2024-08-07,931145,中证绿色债券指数,中证绿色债,CSI Green Bond Index,CSI Green Bond,,,,135.92,0.01,0.01,0.0,0.0,911.0,,2024-08-07,中证绿色债券指数
2024-08-08,931145,中证绿色债券指数,中证绿色债,CSI Green Bond Index,CSI Green Bond,,,,135.92,-0.01,0.0,0.0,0.0,911.0,,2024-08-08,中证绿色债券指数
2024-08-09,931145,中证绿色债券指数,中证绿色债,CSI Green Bond Index,CSI Green Bond,,,,135.87,-0.04,-0.03,0.0,0.0,911.0,,2024-08-09,中证绿色债券指数
2024-08-12,931145,中证绿色债券指数,中证绿色债,CSI Green Bond Index,CSI Green Bond,,,,135.77,-0.1,-0.07,0.0,0.0,911.0,,2024-08-12,中证绿色债券指数
2024-08-13,931145,中证绿色债券指数,中证绿色债,CSI Green Bond Index,CSI Green Bond,,,,135.74,-0.04,-0.03,0.0,0.0,910.0,,2024-08-13,中证绿色债券指数
2024-08-14,931145,中证绿色债券指数,中证绿色债,CSI Green Bond Index,CSI Green Bond,,,,135.81,0.08,0.06,0.0,0.0,910.0,,2024-08-14,中证绿色债券指数
2024-08-15,931145,中证绿色债券指数,中证绿色债,CSI Green Bond Index,CSI Green Bond,,,,135.82,0.01,0.01,0.0,0.0,910.0,,2024-08-15,中证绿色债券指数
2024-08-16,931145,中证绿色债券指数,中证绿色债,CSI Green Bond Index,CSI Green Bond,,,,135.82,0.0,0.0,0.0,0.0,910.0,,2024-08-16,中证绿色债券指数
2024-08-19,931145,中证绿色债券指数,中证绿色债,CSI Green Bond Index,CSI Green Bond,,,,135.84,0.02,0.01,0.0,0.0,909.0,,2024-08-19,中证绿色债券指数
2024-08-20,931145,中证绿色债券指数,中证绿色债,CSI Green Bond Index,CSI Green Bond,,,,135.83,-0.01,-0.01,0.0,0.0,909.0,,2024-08-20,中证绿色债券指数
2024-08-21,931145,中证绿色债券指数,中证绿色债,CSI Green Bond Index,CSI Green Bond,,,,135.8,-0.04,-0.03,0.0,0.0,909.0,,2024-08-21,中证绿色债券指数
2024-08-22,931145,中证绿色债券指数,中证绿色债,CSI Green Bond Index,CSI Green Bond,,,,135.79,-0.01,0.0,0.0,0.0,909.0,,2024-08-22,中证绿色债券指数
2024-08-23,931145,中证绿色债券指数,中证绿色债,CSI Green Bond Index,CSI Green Bond,,,,135.77,-0.01,-0.01,0.0,0.0,909.0,,2024-08-23,中证绿色债券指数
2024-08-26,931145,中证绿色债券指数,中证绿色债,CSI Green Bond Index,CSI Green Bond,,,,135.78,0.0,0.0,0.0,0.0,909.0,,2024-08-26,中证绿色债券指数
2024-08-27,931145,中证绿色债券指数,中证绿色债,CSI Green Bond Index,CSI Green Bond,,,,135.71,-0.07,-0.05,0.0,0.0,909.0,,2024-08-27,中证绿色债券指数
2024-08-28,931145,中证绿色债券指数,中证绿色债,CSI Green Bond Index,CSI Green Bond,,,,135.68,-0.03,-0.02,0.0,0.0,909.0,,2024-08-28,中证绿色债券指数
2024-08-29,931145,中证绿色债券指数,中证绿色债,CSI Green Bond Index,CSI Green Bond,,,,135.73,0.05,0.04,0.0,0.0,909.0,,2024-08-29,中证绿色债券指数
2024-08-30,931145,中证绿色债券指数,中证绿色债,CSI Green Bond Index,CSI Green Bond,,,,135.75,0.02,0.02,0.0,0.0,909.0,,2024-08-30,中证绿色债券指数
2024-09-02,931145,中证绿色债券指数,中证绿色债,CSI Green Bond Index,CSI Green Bond,,,,135.83,0.09,0.06,0.0,0.0,913.0,,2024-09-02,中证绿色债券指数
2024-09-03,931145,中证绿色债券指数,中证绿色债,CSI Green Bond Index,CSI Green Bond,,,,135.87,0.03,0.02,0.0,0.0,913.0,,2024-09-03,中证绿色债券指数
2024-09-04,931145,中证绿色债券指数,中证绿色债,CSI Green Bond Index,CSI Green Bond,,,,135.9,0.03,0.02,0.0,0.0,913.0,,2024-09-04,中证绿色债券指数
2024-09-05,931145,中证绿色债券指数,中证绿色债,CSI Green Bond Index,CSI Green Bond,,,,135.92,0.02,0.02,0.0,0.0,913.0,,2024-09-05,中证绿色债券指数
2024-09-06,931145,中证绿色债券指数,中证绿色债,CSI Green Bond Index,CSI Green Bond,,,,135.96,0.03,0.03,0.0,0.0,913.0,,2024-09-06,中证绿色债券指数
2024-09-09,931145,中证绿色债券指数,中证绿色债,CSI Green Bond Index,CSI Green Bond,,,,135.98,0.02,0.02,0.0,0.0,913.0,,2024-09-09,中证绿色债券指数
2024-09-10,931145,中证绿色债券指数,中证绿色债,CSI Green Bond Index,CSI Green Bond,,,,135.98,0.01,0.0,0.0,0.0,913.0,,2024-09-10,中证绿色债券指数
2024-09-11,931145,中证绿色债券指数,中证绿色债,CSI Green Bond Index,CSI Green Bond,,,,136.01,0.02,0.02,0.0,0.0,913.0,,2024-09-11,中证绿色债券指数
2024-09-12,931145,中证绿色债券指数,中证绿色债,CSI Green Bond Index,CSI Green Bond,,,,136.03,0.02,0.02,0.0,0.0,913.0,,2024-09-12,中证绿色债券指数
2024-09-13,931145,中证绿色债券指数,中证绿色债,CSI Green Bond Index,CSI Green Bond,,,,136.05,0.02,0.02,0.0,0.0,913.0,,2024-09-13,中证绿色债券指数
2024-09-18,931145,中证绿色债券指数,中证绿色债,CSI Green Bond Index,CSI Green Bond,,,,136.1,0.06,0.04,0.0,0.0,913.0,,2024-09-18,中证绿色债券指数
2024-09-19,931145,中证绿色债券指数,中证绿色债,CSI Green Bond Index,CSI Green Bond,,,,136.11,0.0,0.0,0.0,0.0,913.0,,2024-09-19,中证绿色债券指数
2024-09-20,931145,中证绿色债券指数,中证绿色债,CSI Green Bond Index,CSI Green Bond,,,,136.09,-0.01,-0.01,0.0,0.0,913.0,,2024-09-20,中证绿色债券指数
2024-09-23,931145,中证绿色债券指数,中证绿色债,CSI Green Bond Index,CSI Green Bond,,,,136.12,0.02,0.02,0.0,0.0,913.0,,2024-09-23,中证绿色债券指数
2024-09-24,931145,中证绿色债券指数,中证绿色债,CSI Green Bond Index,CSI Green Bond,,,,136.14,0.03,0.02,0.0,0.0,913.0,,2024-09-24,中证绿色债券指数
2024-09-25,931145,中证绿色债券指数,中证绿色债,CSI Green Bond Index,CSI Green Bond,,,,136.18,0.03,0.03,0.0,0.0,913.0,,2024-09-25,中证绿色债券指数
2024-09-26,931145,中证绿色债券指数,中证绿色债,CSI Green Bond Index,CSI Green Bond,,,,136.21,0.04,0.03,0.0,0.0,913.0,,2024-09-26,中证绿色债券指数
2024-09-27,931145,中证绿色债券指数,中证绿色债,CSI Green Bond Index,CSI Green Bond,,,,136.1,-0.11,-0.08,0.0,0.0,913.0,,2024-09-27,中证绿色债券指数
2024-09-30,931145,中证绿色债券指数,中证绿色债,CSI Green Bond Index,CSI Green Bond,,,,135.76,-0.34,-0.25,0.0,0.0,913.0,,2024-09-30,中证绿色债券指数
2024-10-08,931145,中证绿色债券指数,中证绿色债,CSI Green Bond Index,CSI Green Bond,,,,135.77,0.0,0.0,0.0,0.0,930.0,,2024-10-08,中证绿色债券指数
2024-10-09,931145,中证绿色债券指数,中证绿色债,CSI Green Bond Index,CSI Green Bond,,,,135.56,-0.21,-0.15,0.0,0.0,930.0,,2024-10-09,中证绿色债券指数
2024-10-10,931145,中证绿色债券指数,中证绿色债,CSI Green Bond Index,CSI Green Bond,,,,135.66,0.1,0.07,0.0,0.0,930.0,,2024-10-10,中证绿色债券指数
2024-10-11,931145,中证绿色债券指数,中证绿色债,CSI Green Bond Index,CSI Green Bond,,,,135.83,0.17,0.12,0.0,0.0,930.0,,2024-10-11,中证绿色债券指数
2024-10-14,931145,中证绿色债券指数,中证绿色债,CSI Green Bond Index,CSI Green Bond,,,,136.06,0.23,0.17,0.0,0.0,930.0,,2024-10-14,中证绿色债券指数
2024-10-15,931145,中证绿色债券指数,中证绿色债,CSI Green Bond Index,CSI Green Bond,,,,136.1,0.04,0.03,0.0,0.0,930.0,,2024-10-15,中证绿色债券指数
2024-10-16,931145,中证绿色债券指数,中证绿色债,CSI Green Bond Index,CSI Green Bond,,,,136.13,0.03,0.02,0.0,0.0,930.0,,2024-10-16,中证绿色债券指数
2024-10-17,931145,中证绿色债券指数,中证绿色债,CSI Green Bond Index,CSI Green Bond,,,,136.15,0.02,0.02,0.0,0.0,930.0,,2024-10-17,中证绿色债券指数
2024-10-18,931145,中证绿色债券指数,中证绿色债,CSI Green Bond Index,CSI Green Bond,,,,136.18,0.03,0.02,0.0,0.0,930.0,,2024-10-18,中证绿色债券指数
2024-10-21,931145,中证绿色债券指数,中证绿色债,CSI Green Bond Index,CSI Green Bond,,,,136.18,0.0,0.0,0.0,0.0,929.0,,2024-10-21,中证绿色债券指数
2024-10-22,931145,中证绿色债券指数,中证绿色债,CSI Green Bond Index,CSI Green Bond,,,,136.15,-0.03,-0.03,0.0,0.0,928.0,,2024-10-22,中证绿色债券指数
2024-10-23,931145,中证绿色债券指数,中证绿色债,CSI Green Bond Index,CSI Green Bond,,,,136.06,-0.09,-0.06,0.0,0.0,928.0,,2024-10-23,中证绿色债券指数
2024-10-24,931145,中证绿色债券指数,中证绿色债,CSI Green Bond Index,CSI Green Bond,,,,136.08,0.02,0.01,0.0,0.0,928.0,,2024-10-24,中证绿色债券指数
2024-10-25,931145,中证绿色债券指数,中证绿色债,CSI Green Bond Index,CSI Green Bond,,,,136.07,-0.01,-0.01,0.0,0.0,928.0,,2024-10-25,中证绿色债券指数
2024-10-28,931145,中证绿色债券指数,中证绿色债,CSI Green Bond Index,CSI Green Bond,,,,136.07,0.01,0.0,0.0,0.0,928.0,,2024-10-28,中证绿色债券指数
2024-10-29,931145,中证绿色债券指数,中证绿色债,CSI Green Bond Index,CSI Green Bond,,,,136.06,-0.01,-0.01,0.0,0.0,928.0,,2024-10-29,中证绿色债券指数
2024-10-30,931145,中证绿色债券指数,中证绿色债,CSI Green Bond Index,CSI Green Bond,,,,136.09,0.03,0.02,0.0,0.0,928.0,,2024-10-30,中证绿色债券指数
2024-10-31,931145,中证绿色债券指数,中证绿色债,CSI Green Bond Index,CSI Green Bond,,,,136.11,0.02,0.02,0.0,0.0,928.0,,2024-10-31,中证绿色债券指数
2024-11-01,931145,中证绿色债券指数,中证绿色债,CSI Green Bond Index,CSI Green Bond,,,,136.18,0.07,0.05,0.0,0.0,916.0,,2024-11-01,中证绿色债券指数
2024-11-04,931145,中证绿色债券指数,中证绿色债,CSI Green Bond Index,CSI Green Bond,,,,136.24,0.05,0.04,0.0,0.0,916.0,,2024-11-04,中证绿色债券指数
2024-11-05,931145,中证绿色债券指数,中证绿色债,CSI Green Bond Index,CSI Green Bond,,,,136.26,0.02,0.02,0.0,0.0,916.0,,2024-11-05,中证绿色债券指数
2024-11-06,931145,中证绿色债券指数,中证绿色债,CSI Green Bond Index,CSI Green Bond,,,,136.28,0.02,0.02,0.0,0.0,916.0,,2024-11-06,中证绿色债券指数
2024-11-07,931145,中证绿色债券指数,中证绿色债,CSI Green Bond Index,CSI Green Bond,,,,136.33,0.05,0.04,0.0,0.0,916.0,,2024-11-07,中证绿色债券指数
2024-11-08,931145,中证绿色债券指数,中证绿色债,CSI Green Bond Index,CSI Green Bond,,,,136.37,0.04,0.03,0.0,0.0,916.0,,2024-11-08,中证绿色债券指数
2024-11-11,931145,中证绿色债券指数,中证绿色债,CSI Green Bond Index,CSI Green Bond,,,,136.41,0.04,0.03,0.0,0.0,915.0,,2024-11-11,中证绿色债券指数
2024-11-12,931145,中证绿色债券指数,中证绿色债,CSI Green Bond Index,CSI Green Bond,,,,136.43,0.02,0.02,0.0,0.0,915.0,,2024-11-12,中证绿色债券指数
2024-11-13,931145,中证绿色债券指数,中证绿色债,CSI Green Bond Index,CSI Green Bond,,,,136.45,0.02,0.02,0.0,0.0,915.0,,2024-11-13,中证绿色债券指数
2024-11-14,931145,中证绿色债券指数,中证绿色债,CSI Green Bond Index,CSI Green Bond,,,,136.45,0.0,0.0,0.0,0.0,915.0,,2024-11-14,中证绿色债券指数
2024-11-15,931145,中证绿色债券指数,中证绿色债,CSI Green Bond Index,CSI Green Bond,,,,136.47,0.02,0.02,0.0,0.0,915.0,,2024-11-15,中证绿色债券指数
2024-11-18,931145,中证绿色债券指数,中证绿色债,CSI Green Bond Index,CSI Green Bond,,,,136.49,0.02,0.02,0.0,0.0,915.0,,2024-11-18,中证绿色债券指数
2024-11-19,931145,中证绿色债券指数,中证绿色债,CSI Green Bond Index,CSI Green Bond,,,,136.49,-0.01,0.0,0.0,0.0,915.0,,2024-11-19,中证绿色债券指数
2024-11-20,931145,中证绿色债券指数,中证绿色债,CSI Green Bond Index,CSI Green Bond,,,,136.5,0.01,0.01,0.0,0.0,915.0,,2024-11-20,中证绿色债券指数
2024-11-21,931145,中证绿色债券指数,中证绿色债,CSI Green Bond Index,CSI Green Bond,,,,136.52,0.02,0.02,0.0,0.0,915.0,,2024-11-21,中证绿色债券指数
2024-11-22,931145,中证绿色债券指数,中证绿色债,CSI Green Bond Index,CSI Green Bond,,,,136.55,0.03,0.02,0.0,0.0,915.0,,2024-11-22,中证绿色债券指数
2024-11-25,931145,中证绿色债券指数,中证绿色债,CSI Green Bond Index,CSI Green Bond,,,,136.58,0.03,0.02,0.0,0.0,915.0,,2024-11-25,中证绿色债券指数
2024-11-26,931145,中证绿色债券指数,中证绿色债,CSI Green Bond Index,CSI Green Bond,,,,136.61,0.03,0.02,0.0,0.0,915.0,,2024-11-26,中证绿色债券指数
2024-11-27,931145,中证绿色债券指数,中证绿色债,CSI Green Bond Index,CSI Green Bond,,,,136.64,0.02,0.02,0.0,0.0,915.0,,2024-11-27,中证绿色债券指数
2024-11-28,931145,中证绿色债券指数,中证绿色债,CSI Green Bond Index,CSI Green Bond,,,,136.66,0.03,0.02,0.0,0.0,915.0,,2024-11-28,中证绿色债券指数
2024-11-29,931145,中证绿色债券指数,中证绿色债,CSI Green Bond Index,CSI Green Bond,,,,136.73,0.07,0.05,0.0,0.0,915.0,,2024-11-29,中证绿色债券指数
2024-12-02,931145,中证绿色债券指数,中证绿色债,CSI Green Bond Index,CSI Green Bond,,,,136.89,0.16,0.12,0.0,0.0,912.0,,2024-12-02,中证绿色债券指数
2024-12-03,931145,中证绿色债券指数,中证绿色债,CSI Green Bond Index,CSI Green Bond,,,,136.95,0.06,0.04,0.0,0.0,912.0,,2024-12-03,中证绿色债券指数
2024-12-04,931145,中证绿色债券指数,中证绿色债,CSI Green Bond Index,CSI Green Bond,,,,136.98,0.03,0.02,0.0,0.0,912.0,,2024-12-04,中证绿色债券指数
2024-12-05,931145,中证绿色债券指数,中证绿色债,CSI Green Bond Index,CSI Green Bond,,,,137.01,0.03,0.02,0.0,0.0,912.0,,2024-12-05,中证绿色债券指数
2024-12-06,931145,中证绿色债券指数,中证绿色债,CSI Green Bond Index,CSI Green Bond,,,,137.03,0.02,0.01,0.0,0.0,912.0,,2024-12-06,中证绿色债券指数
2024-12-09,931145,中证绿色债券指数,中证绿色债,CSI Green Bond Index,CSI Green Bond,,,,137.06,0.03,0.02,0.0,0.0,912.0,,2024-12-09,中证绿色债券指数
2024-12-10,931145,中证绿色债券指数,中证绿色债,CSI Green Bond Index,CSI Green Bond,,,,137.16,0.1,0.07,0.0,0.0,912.0,,2024-12-10,中证绿色债券指数
2024-12-11,931145,中证绿色债券指数,中证绿色债,CSI Green Bond Index,CSI Green Bond,,,,137.18,0.02,0.01,0.0,0.0,911.0,,2024-12-11,中证绿色债券指数
2024-12-12,931145,中证绿色债券指数,中证绿色债,CSI Green Bond Index,CSI Green Bond,,,,137.21,0.04,0.03,0.0,0.0,911.0,,2024-12-12,中证绿色债券指数
2024-12-13,931145,中证绿色债券指数,中证绿色债,CSI Green Bond Index,CSI Green Bond,,,,137.3,0.09,0.06,0.0,0.0,911.0,,2024-12-13,中证绿色债券指数
2024-12-16,931145,中证绿色债券指数,中证绿色债,CSI Green Bond Index,CSI Green Bond,,,,137.38,0.08,0.06,0.0,0.0,911.0,,2024-12-16,中证绿色债券指数
2024-12-17,931145,中证绿色债券指数,中证绿色债,CSI Green Bond Index,CSI Green Bond,,,,137.38,-0.01,-0.01,0.0,0.0,911.0,,2024-12-17,中证绿色债券指数
2024-12-18,931145,中证绿色债券指数,中证绿色债,CSI Green Bond Index,CSI Green Bond,,,,137.37,-0.01,-0.01,0.0,0.0,911.0,,2024-12-18,中证绿色债券指数
2024-12-19,931145,中证绿色债券指数,中证绿色债,CSI Green Bond Index,CSI Green Bond,,,,137.35,-0.02,-0.01,0.0,0.0,911.0,,2024-12-19,中证绿色债券指数
2024-12-20,931145,中证绿色债券指数,中证绿色债,CSI Green Bond Index,CSI Green Bond,,,,137.39,0.04,0.03,0.0,0.0,910.0,,2024-12-20,中证绿色债券指数
2024-12-23,931145,中证绿色债券指数,中证绿色债,CSI Green Bond Index,CSI Green Bond,,,,137.46,0.07,0.05,0.0,0.0,910.0,,2024-12-23,中证绿色债券指数
2024-12-24,931145,中证绿色债券指数,中证绿色债,CSI Green Bond Index,CSI Green Bond,,,,137.46,0.0,0.0,0.0,0.0,910.0,,2024-12-24,中证绿色债券指数
2024-12-25,931145,中证绿色债券指数,中证绿色债,CSI Green Bond Index,CSI Green Bond,,,,137.42,-0.04,-0.03,0.0,0.0,910.0,,2024-12-25,中证绿色债券指数
2024-12-26,931145,中证绿色债券指数,中证绿色债,CSI Green Bond Index,CSI Green Bond,,,,137.38,-0.04,-0.03,0.0,0.0,910.0,,2024-12-26,中证绿色债券指数
2024-12-27,931145,中证绿色债券指数,中证绿色债,CSI Green Bond Index,CSI Green Bond,,,,137.43,0.05,0.03,0.0,0.0,910.0,,2024-12-27,中证绿色债券指数
2024-12-30,931145,中证绿色债券指数,中证绿色债,CSI Green Bond Index,CSI Green Bond,,,,137.48,0.05,0.04,0.0,0.0,909.0,,2024-12-30,中证绿色债券指数
2024-12-31,931145,中证绿色债券指数,中证绿色债,CSI Green Bond Index,CSI Green Bond,,,,137.53,0.06,0.04,0.0,0.0,909.0,,2024-12-31,中证绿色债券指数
2025-01-02,931145,中证绿色债券指数,中证绿色债,CSI Green Bond Index,CSI Green Bond,,,,137.6,0.07,0.05,0.0,0.0,934.0,,2025-01-02,中证绿色债券指数
2025-01-03,931145,中证绿色债券指数,中证绿色债,CSI Green Bond Index,CSI Green Bond,,,,137.67,0.07,0.05,0.0,0.0,934.0,,2025-01-03,中证绿色债券指数
2025-01-06,931145,中证绿色债券指数,中证绿色债,CSI Green Bond Index,CSI Green Bond,,,,137.7,0.03,0.02,0.0,0.0,934.0,,2025-01-06,中证绿色债券指数
2025-01-07,931145,中证绿色债券指数,中证绿色债,CSI Green Bond Index,CSI Green Bond,,,,137.7,0.0,0.0,0.0,0.0,934.0,,2025-01-07,中证绿色债券指数
2025-01-08,931145,中证绿色债券指数,中证绿色债,CSI Green Bond Index,CSI Green Bond,,,,137.67,-0.02,-0.02,0.0,0.0,934.0,,2025-01-08,中证绿色债券指数
2025-01-09,931145,中证绿色债券指数,中证绿色债,CSI Green Bond Index,CSI Green Bond,,,,137.63,-0.04,-0.03,0.0,0.0,934.0,,2025-01-09,中证绿色债券指数
2025-01-10,931145,中证绿色债券指数,中证绿色债,CSI Green Bond Index,CSI Green Bond,,,,137.56,-0.08,-0.06,0.0,0.0,934.0,,2025-01-10,中证绿色债券指数
2025-01-13,931145,中证绿色债券指数,中证绿色债,CSI Green Bond Index,CSI Green Bond,,,,137.54,-0.02,-0.01,0.0,0.0,934.0,,2025-01-13,中证绿色债券指数
2025-01-14,931145,中证绿色债券指数,中证绿色债,CSI Green Bond Index,CSI Green Bond,,,,137.5,-0.04,-0.03,0.0,0.0,934.0,,2025-01-14,中证绿色债券指数
2025-01-15,931145,中证绿色债券指数,中证绿色债,CSI Green Bond Index,CSI Green Bond,,,,137.52,0.03,0.02,0.0,0.0,934.0,,2025-01-15,中证绿色债券指数
2025-01-16,931145,中证绿色债券指数,中证绿色债,CSI Green Bond Index,CSI Green Bond,,,,137.46,-0.06,-0.05,0.0,0.0,934.0,,2025-01-16,中证绿色债券指数
2025-01-17,931145,中证绿色债券指数,中证绿色债,CSI Green Bond Index,CSI Green Bond,,,,137.43,-0.03,-0.03,0.0,0.0,934.0,,2025-01-17,中证绿色债券指数
2025-01-20,931145,中证绿色债券指数,中证绿色债,CSI Green Bond Index,CSI Green Bond,,,,137.39,-0.03,-0.02,0.0,0.0,934.0,,2025-01-20,中证绿色债券指数
2025-01-21,931145,中证绿色债券指数,中证绿色债,CSI Green Bond Index,CSI Green Bond,,,,137.38,-0.01,-0.01,0.0,0.0,934.0,,2025-01-21,中证绿色债券指数
2025-01-22,931145,中证绿色债券指数,中证绿色债,CSI Green Bond Index,CSI Green Bond,,,,137.42,0.04,0.03,0.0,0.0,934.0,,2025-01-22,中证绿色债券指数
2025-01-23,931145,中证绿色债券指数,中证绿色债,CSI Green Bond Index,CSI Green Bond,,,,137.4,-0.03,-0.02,0.0,0.0,934.0,,2025-01-23,中证绿色债券指数
2025-01-24,931145,中证绿色债券指数,中证绿色债,CSI Green Bond Index,CSI Green Bond,,,,137.36,-0.03,-0.02,0.0,0.0,934.0,,2025-01-24,中证绿色债券指数
2025-01-27,931145,中证绿色债券指数,中证绿色债,CSI Green Bond Index,CSI Green Bond,,,,137.46,0.09,0.07,0.0,0.0,934.0,,2025-01-27,中证绿色债券指数
2025-02-05,931145,中证绿色债券指数,中证绿色债,CSI Green Bond Index,CSI Green Bond,,,,137.55,0.09,0.07,0.0,0.0,932.0,,2025-02-05,中证绿色债券指数
2025-02-06,931145,中证绿色债券指数,中证绿色债,CSI Green Bond Index,CSI Green Bond,,,,137.6,0.05,0.04,0.0,0.0,932.0,,2025-02-06,中证绿色债券指数
2025-02-07,931145,中证绿色债券指数,中证绿色债,CSI Green Bond Index,CSI Green Bond,,,,137.66,0.07,0.05,0.0,0.0,932.0,,2025-02-07,中证绿色债券指数
2025-02-10,931145,中证绿色债券指数,中证绿色债,CSI Green Bond Index,CSI Green Bond,,,,137.66,0.0,0.0,0.0,0.0,932.0,,2025-02-10,中证绿色债券指数
2025-02-11,931145,中证绿色债券指数,中证绿色债,CSI Green Bond Index,CSI Green Bond,,,,137.65,-0.02,-0.01,0.0,0.0,932.0,,2025-02-11,中证绿色债券指数
2025-02-12,931145,中证绿色债券指数,中证绿色债,CSI Green Bond Index,CSI Green Bond,,,,137.65,0.01,0.01,0.0,0.0,932.0,,2025-02-12,中证绿色债券指数
2025-02-13,931145,中证绿色债券指数,中证绿色债,CSI Green Bond Index,CSI Green Bond,,,,137.66,0.01,0.01,0.0,0.0,932.0,,2025-02-13,中证绿色债券指数
2025-02-14,931145,中证绿色债券指数,中证绿色债,CSI Green Bond Index,CSI Green Bond,,,,137.63,-0.03,-0.02,0.0,0.0,932.0,,2025-02-14,中证绿色债券指数
2025-02-17,931145,中证绿色债券指数,中证绿色债,CSI Green Bond Index,CSI Green Bond,,,,137.59,-0.04,-0.03,0.0,0.0,932.0,,2025-02-17,中证绿色债券指数
2025-02-18,931145,中证绿色债券指数,中证绿色债,CSI Green Bond Index,CSI Green Bond,,,,137.52,-0.07,-0.05,0.0,0.0,932.0,,2025-02-18,中证绿色债券指数
2025-02-19,931145,中证绿色债券指数,中证绿色债,CSI Green Bond Index,CSI Green Bond,,,,137.53,0.01,0.01,0.0,0.0,932.0,,2025-02-19,中证绿色债券指数
2025-02-20,931145,中证绿色债券指数,中证绿色债,CSI Green Bond Index,CSI Green Bond,,,,137.49,-0.04,-0.03,0.0,0.0,932.0,,2025-02-20,中证绿色债券指数
2025-02-21,931145,中证绿色债券指数,中证绿色债,CSI Green Bond Index,CSI Green Bond,,,,137.42,-0.07,-0.05,0.0,0.0,932.0,,2025-02-21,中证绿色债券指数
2025-02-24,931145,中证绿色债券指数,中证绿色债,CSI Green Bond Index,CSI Green Bond,,,,137.36,-0.06,-0.04,0.0,0.0,932.0,,2025-02-24,中证绿色债券指数
2025-02-25,931145,中证绿色债券指数,中证绿色债,CSI Green Bond Index,CSI Green Bond,,,,137.29,-0.07,-0.05,0.0,0.0,932.0,,2025-02-25,中证绿色债券指数
2025-02-26,931145,中证绿色债券指数,中证绿色债,CSI Green Bond Index,CSI Green Bond,,,,137.3,0.01,0.0,0.0,0.0,932.0,,2025-02-26,中证绿色债券指数
2025-02-27,931145,中证绿色债券指数,中证绿色债,CSI Green Bond Index,CSI Green Bond,,,,137.28,-0.02,-0.01,0.0,0.0,932.0,,2025-02-27,中证绿色债券指数
2025-02-28,931145,中证绿色债券指数,中证绿色债,CSI Green Bond Index,CSI Green Bond,,,,137.25,-0.03,-0.02,0.0,0.0,932.0,,2025-02-28,中证绿色债券指数
2025-03-03,931145,中证绿色债券指数,中证绿色债,CSI Green Bond Index,CSI Green Bond,,,,137.3,0.05,0.04,0.0,0.0,915.0,,2025-03-03,中证绿色债券指数
2025-03-04,931145,中证绿色债券指数,中证绿色债,CSI Green Bond Index,CSI Green Bond,,,,137.35,0.05,0.03,0.0,0.0,915.0,,2025-03-04,中证绿色债券指数
2025-03-05,931145,中证绿色债券指数,中证绿色债,CSI Green Bond Index,CSI Green Bond,,,,137.36,0.01,0.01,0.0,0.0,915.0,,2025-03-05,中证绿色债券指数
2025-03-06,931145,中证绿色债券指数,中证绿色债,CSI Green Bond Index,CSI Green Bond,,,,137.35,-0.01,-0.01,0.0,0.0,915.0,,2025-03-06,中证绿色债券指数
2025-03-07,931145,中证绿色债券指数,中证绿色债,CSI Green Bond Index,CSI Green Bond,,,,137.27,-0.08,-0.06,0.0,0.0,915.0,,2025-03-07,中证绿色债券指数
2025-03-10,931145,中证绿色债券指数,中证绿色债,CSI Green Bond Index,CSI Green Bond,,,,137.23,-0.04,-0.03,0.0,0.0,915.0,,2025-03-10,中证绿色债券指数
2025-03-11,931145,中证绿色债券指数,中证绿色债,CSI Green Bond Index,CSI Green Bond,,,,137.18,-0.06,-0.04,0.0,0.0,915.0,,2025-03-11,中证绿色债券指数
2025-03-12,931145,中证绿色债券指数,中证绿色债,CSI Green Bond Index,CSI Green Bond,,,,137.15,-0.03,-0.02,0.0,0.0,915.0,,2025-03-12,中证绿色债券指数
2025-03-13,931145,中证绿色债券指数,中证绿色债,CSI Green Bond Index,CSI Green Bond,,,,137.23,0.08,0.06,0.0,0.0,915.0,,2025-03-13,中证绿色债券指数
2025-03-14,931145,中证绿色债券指数,中证绿色债,CSI Green Bond Index,CSI Green Bond,,,,137.28,0.05,0.04,0.0,0.0,914.0,,2025-03-14,中证绿色债券指数
2025-03-17,931145,中证绿色债券指数,中证绿色债,CSI Green Bond Index,CSI Green Bond,,,,137.28,0.0,0.0,0.0,0.0,914.0,,2025-03-17,中证绿色债券指数
2025-03-18,931145,中证绿色债券指数,中证绿色债,CSI Green Bond Index,CSI Green Bond,,,,137.28,-0.01,-0.01,0.0,0.0,914.0,,2025-03-18,中证绿色债券指数
2025-03-19,931145,中证绿色债券指数,中证绿色债,CSI Green Bond Index,CSI Green Bond,,,,137.31,0.04,0.03,0.0,0.0,914.0,,2025-03-19,中证绿色债券指数
2025-03-20,931145,中证绿色债券指数,中证绿色债,CSI Green Bond Index,CSI Green Bond,,,,137.38,0.07,0.05,0.0,0.0,914.0,,2025-03-20,中证绿色债券指数
2025-03-21,931145,中证绿色债券指数,中证绿色债,CSI Green Bond Index,CSI Green Bond,,,,137.45,0.07,0.05,0.0,0.0,913.0,,2025-03-21,中证绿色债券指数
2025-03-24,931145,中证绿色债券指数,中证绿色债,CSI Green Bond Index,CSI Green Bond,,,,137.47,0.03,0.02,0.0,0.0,912.0,,2025-03-24,中证绿色债券指数
2025-03-25,931145,中证绿色债券指数,中证绿色债,CSI Green Bond Index,CSI Green Bond,,,,137.53,0.06,0.05,0.0,0.0,912.0,,2025-03-25,中证绿色债券指数
2025-03-26,931145,中证绿色债券指数,中证绿色债,CSI Green Bond Index,CSI Green Bond,,,,137.55,0.02,0.01,0.0,0.0,912.0,,2025-03-26,中证绿色债券指数
2025-03-27,931145,中证绿色债券指数,中证绿色债,CSI Green Bond Index,CSI Green Bond,,,,137.57,0.02,0.01,0.0,0.0,912.0,,2025-03-27,中证绿色债券指数
2025-03-28,931145,中证绿色债券指数,中证绿色债,CSI Green Bond Index,CSI Green Bond,,,,137.59,0.02,0.02,0.0,0.0,912.0,,2025-03-28,中证绿色债券指数
2025-03-31,931145,中证绿色债券指数,中证绿色债,CSI Green Bond Index,CSI Green Bond,,,,137.62,0.03,0.02,0.0,0.0,912.0,,2025-03-31,中证绿色债券指数
2025-04-01,931145,中证绿色债券指数,中证绿色债,CSI Green Bond Index,CSI Green Bond,,,,137.63,0.01,0.01,0.0,0.0,917.0,,2025-04-01,中证绿色债券指数
2025-04-02,931145,中证绿色债券指数,中证绿色债,CSI Green Bond Index,CSI Green Bond,,,,137.66,0.03,0.02,0.0,0.0,917.0,,2025-04-02,中证绿色债券指数
2025-04-03,931145,中证绿色债券指数,中证绿色债,CSI Green Bond Index,CSI Green Bond,,,,137.78,0.13,0.09,0.0,0.0,917.0,,2025-04-03,中证绿色债券指数
2025-04-07,931145,中证绿色债券指数,中证绿色债,CSI Green Bond Index,CSI Green Bond,,,,137.99,0.21,0.15,0.0,0.0,917.0,,2025-04-07,中证绿色债券指数
2025-04-08,931145,中证绿色债券指数,中证绿色债,CSI Green Bond Index,CSI Green Bond,,,,137.99,-0.01,-0.01,0.0,0.0,917.0,,2025-04-08,中证绿色债券指数
2025-04-09,931145,中证绿色债券指数,中证绿色债,CSI Green Bond Index,CSI Green Bond,,,,137.97,-0.02,-0.01,0.0,0.0,917.0,,2025-04-09,中证绿色债券指数
2025-04-10,931145,中证绿色债券指数,中证绿色债,CSI Green Bond Index,CSI Green Bond,,,,137.96,-0.01,-0.01,0.0,0.0,916.0,,2025-04-10,中证绿色债券指数
2025-04-11,931145,中证绿色债券指数,中证绿色债,CSI Green Bond Index,CSI Green Bond,,,,138.0,0.04,0.03,0.0,0.0,916.0,,2025-04-11,中证绿色债券指数
2025-04-14,931145,中证绿色债券指数,中证绿色债,CSI Green Bond Index,CSI Green Bond,,,,138.01,0.01,0.01,0.0,0.0,914.0,,2025-04-14,中证绿色债券指数
2025-04-15,931145,中证绿色债券指数,中证绿色债,CSI Green Bond Index,CSI Green Bond,,,,138.01,0.0,0.0,0.0,0.0,914.0,,2025-04-15,中证绿色债券指数
2025-04-16,931145,中证绿色债券指数,中证绿色债,CSI Green Bond Index,CSI Green Bond,,,,138.02,0.01,0.01,0.0,0.0,912.0,,2025-04-16,中证绿色债券指数
2025-04-17,931145,中证绿色债券指数,中证绿色债,CSI Green Bond Index,CSI Green Bond,,,,138.02,-0.01,0.0,0.0,0.0,912.0,,2025-04-17,中证绿色债券指数
2025-04-18,931145,中证绿色债券指数,中证绿色债,CSI Green Bond Index,CSI Green Bond,,,,138.02,0.01,0.0,0.0,0.0,910.0,,2025-04-18,中证绿色债券指数
2025-04-21,931145,中证绿色债券指数,中证绿色债,CSI Green Bond Index,CSI Green Bond,,,,138.03,0.01,0.01,0.0,0.0,906.0,,2025-04-21,中证绿色债券指数
2025-04-22,931145,中证绿色债券指数,中证绿色债,CSI Green Bond Index,CSI Green Bond,,,,138.03,0.0,0.0,0.0,0.0,906.0,,2025-04-22,中证绿色债券指数
2025-04-23,931145,中证绿色债券指数,中证绿色债,CSI Green Bond Index,CSI Green Bond,,,,138.02,-0.01,-0.01,0.0,0.0,906.0,,2025-04-23,中证绿色债券指数
2025-04-24,931145,中证绿色债券指数,中证绿色债,CSI Green Bond Index,CSI Green Bond,,,,138.01,-0.01,-0.01,0.0,0.0,906.0,,2025-04-24,中证绿色债券指数
2025-04-25,931145,中证绿色债券指数,中证绿色债,CSI Green Bond Index,CSI Green Bond,,,,138.0,-0.01,-0.01,0.0,0.0,906.0,,2025-04-25,中证绿色债券指数
2025-04-28,931145,中证绿色债券指数,中证绿色债,CSI Green Bond Index,CSI Green Bond,,,,138.03,0.03,0.02,0.0,0.0,904.0,,2025-04-28,中证绿色债券指数
2025-04-29,931145,中证绿色债券指数,中证绿色债,CSI Green Bond Index,CSI Green Bond,,,,138.06,0.03,0.02,0.0,0.0,903.0,,2025-04-29,中证绿色债券指数
2025-04-30,931145,中证绿色债券指数,中证绿色债,CSI Green Bond Index,CSI Green Bond,,,,138.1,0.04,0.03,0.0,0.0,903.0,,2025-04-30,中证绿色债券指数
2025-05-06,931145,中证绿色债券指数,中证绿色债,CSI Green Bond Index,CSI Green Bond,,,,138.16,0.06,0.04,0.0,0.0,922.0,,2025-05-06,中证绿色债券指数
2025-05-07,931145,中证绿色债券指数,中证绿色债,CSI Green Bond Index,CSI Green Bond,,,,138.18,0.02,0.02,0.0,0.0,922.0,,2025-05-07,中证绿色债券指数
2025-05-08,931145,中证绿色债券指数,中证绿色债,CSI Green Bond Index,CSI Green Bond,,,,138.23,0.06,0.04,0.0,0.0,922.0,,2025-05-08,中证绿色债券指数
2025-05-09,931145,中证绿色债券指数,中证绿色债,CSI Green Bond Index,CSI Green Bond,,,,138.31,0.08,0.06,0.0,0.0,922.0,,2025-05-09,中证绿色债券指数
2025-05-12,931145,中证绿色债券指数,中证绿色债,CSI Green Bond Index,CSI Green Bond,,,,138.35,0.04,0.03,0.0,0.0,921.0,,2025-05-12,中证绿色债券指数
2025-05-13,931145,中证绿色债券指数,中证绿色债,CSI Green Bond Index,CSI Green Bond,,,,138.35,0.01,0.0,0.0,0.0,921.0,,2025-05-13,中证绿色债券指数
2025-05-14,931145,中证绿色债券指数,中证绿色债,CSI Green Bond Index,CSI Green Bond,,,,138.37,0.02,0.01,0.0,0.0,921.0,,2025-05-14,中证绿色债券指数
2025-05-15,931145,中证绿色债券指数,中证绿色债,CSI Green Bond Index,CSI Green Bond,,,,138.4,0.03,0.02,0.0,0.0,921.0,,2025-05-15,中证绿色债券指数
2025-05-16,931145,中证绿色债券指数,中证绿色债,CSI Green Bond Index,CSI Green Bond,,,,138.38,-0.02,-0.02,0.0,0.0,921.0,,2025-05-16,中证绿色债券指数
2025-05-19,931145,中证绿色债券指数,中证绿色债,CSI Green Bond Index,CSI Green Bond,,,,138.39,0.02,0.01,0.0,0.0,921.0,,2025-05-19,中证绿色债券指数
2025-05-20,931145,中证绿色债券指数,中证绿色债,CSI Green Bond Index,CSI Green Bond,,,,138.42,0.03,0.02,0.0,0.0,921.0,,2025-05-20,中证绿色债券指数
2025-05-21,931145,中证绿色债券指数,中证绿色债,CSI Green Bond Index,CSI Green Bond,,,,138.44,0.02,0.01,0.0,0.0,921.0,,2025-05-21,中证绿色债券指数
2025-05-22,931145,中证绿色债券指数,中证绿色债,CSI Green Bond Index,CSI Green Bond,,,,138.46,0.02,0.01,0.0,0.0,921.0,,2025-05-22,中证绿色债券指数
2025-05-23,931145,中证绿色债券指数,中证绿色债,CSI Green Bond Index,CSI Green Bond,,,,138.47,0.0,0.0,0.0,0.0,921.0,,2025-05-23,中证绿色债券指数
2025-05-26,931145,中证绿色债券指数,中证绿色债,CSI Green Bond Index,CSI Green Bond,,,,138.5,0.03,0.02,0.0,0.0,921.0,,2025-05-26,中证绿色债券指数
2025-05-27,931145,中证绿色债券指数,中证绿色债,CSI Green Bond Index,CSI Green Bond,,,,138.49,0.0,0.0,0.0,0.0,920.0,,2025-05-27,中证绿色债券指数
2025-05-28,931145,中证绿色债券指数,中证绿色债,CSI Green Bond Index,CSI Green Bond,,,,138.49,-0.01,-0.01,0.0,0.0,920.0,,2025-05-28,中证绿色债券指数
2025-05-29,931145,中证绿色债券指数,中证绿色债,CSI Green Bond Index,CSI Green Bond,,,,138.45,-0.03,-0.02,0.0,0.0,920.0,,2025-05-29,中证绿色债券指数
2025-05-30,931145,中证绿色债券指数,中证绿色债,CSI Green Bond Index,CSI Green Bond,,,,138.47,0.02,0.01,0.0,0.0,920.0,,2025-05-30,中证绿色债券指数
2025-06-03,931145,中证绿色债券指数,中证绿色债,CSI Green Bond Index,CSI Green Bond,,,,138.51,0.03,0.03,0.0,0.0,918.0,,2025-06-03,中证绿色债券指数
2025-06-04,931145,中证绿色债券指数,中证绿色债,CSI Green Bond Index,CSI Green Bond,,,,138.51,0.01,0.01,0.0,0.0,918.0,,2025-06-04,中证绿色债券指数
2025-06-05,931145,中证绿色债券指数,中证绿色债,CSI Green Bond Index,CSI Green Bond,,,,138.53,0.02,0.01,0.0,0.0,918.0,,2025-06-05,中证绿色债券指数
2025-06-06,931145,中证绿色债券指数,中证绿色债,CSI Green Bond Index,CSI Green Bond,,,,138.56,0.03,0.02,0.0,0.0,918.0,,2025-06-06,中证绿色债券指数
2025-06-09,931145,中证绿色债券指数,中证绿色债,CSI Green Bond Index,CSI Green Bond,,,,138.61,0.06,0.04,0.0,0.0,917.0,,2025-06-09,中证绿色债券指数
2025-06-10,931145,中证绿色债券指数,中证绿色债,CSI Green Bond Index,CSI Green Bond,,,,138.65,0.03,0.02,0.0,0.0,917.0,,2025-06-10,中证绿色债券指数
2025-06-11,931145,中证绿色债券指数,中证绿色债,CSI Green Bond Index,CSI Green Bond,,,,138.66,0.01,0.01,0.0,0.0,917.0,,2025-06-11,中证绿色债券指数
2025-06-12,931145,中证绿色债券指数,中证绿色债,CSI Green Bond Index,CSI Green Bond,,,,138.67,0.02,0.01,0.0,0.0,917.0,,2025-06-12,中证绿色债券指数
2025-06-13,931145,中证绿色债券指数,中证绿色债,CSI Green Bond Index,CSI Green Bond,,,,138.69,0.01,0.01,0.0,0.0,917.0,,2025-06-13,中证绿色债券指数
2025-06-16,931145,中证绿色债券指数,中证绿色债,CSI Green Bond Index,CSI Green Bond,,,,138.71,0.02,0.02,0.0,0.0,917.0,,2025-06-16,中证绿色债券指数
2025-06-17,931145,中证绿色债券指数,中证绿色债,CSI Green Bond Index,CSI Green Bond,,,,138.73,0.02,0.01,0.0,0.0,917.0,,2025-06-17,中证绿色债券指数
2025-06-18,931145,中证绿色债券指数,中证绿色债,CSI Green Bond Index,CSI Green Bond,,,,138.75,0.02,0.02,0.0,0.0,917.0,,2025-06-18,中证绿色债券指数
2025-06-19,931145,中证绿色债券指数,中证绿色债,CSI Green Bond Index,CSI Green Bond,,,,138.78,0.03,0.02,0.0,0.0,917.0,,2025-06-19,中证绿色债券指数
2025-06-20,931145,中证绿色债券指数,中证绿色债,CSI Green Bond Index,CSI Green Bond,,,,138.8,0.02,0.02,0.0,0.0,917.0,,2025-06-20,中证绿色债券指数
2025-06-23,931145,中证绿色债券指数,中证绿色债,CSI Green Bond Index,CSI Green Bond,,,,138.83,0.03,0.02,0.0,0.0,917.0,,2025-06-23,中证绿色债券指数
2025-06-24,931145,中证绿色债券指数,中证绿色债,CSI Green Bond Index,CSI Green Bond,,,,138.84,0.01,0.0,0.0,0.0,917.0,,2025-06-24,中证绿色债券指数
2025-06-25,931145,中证绿色债券指数,中证绿色债,CSI Green Bond Index,CSI Green Bond,,,,138.84,0.0,0.0,0.0,0.0,917.0,,2025-06-25,中证绿色债券指数
2025-06-26,931145,中证绿色债券指数,中证绿色债,CSI Green Bond Index,CSI Green Bond,,,,138.82,-0.01,-0.01,0.0,0.0,917.0,,2025-06-26,中证绿色债券指数
2025-06-27,931145,中证绿色债券指数,中证绿色债,CSI Green Bond Index,CSI Green Bond,,,,138.83,0.01,0.01,0.0,0.0,917.0,,2025-06-27,中证绿色债券指数
2025-06-30,931145,中证绿色债券指数,中证绿色债,CSI Green Bond Index,CSI Green Bond,,,,138.86,0.03,0.02,0.0,0.0,917.0,,2025-06-30,中证绿色债券指数
2025-07-01,931145,中证绿色债券指数,中证绿色债,CSI Green Bond Index,CSI Green Bond,,,,138.88,0.02,0.01,0.0,0.0,942.0,,2025-07-01,中证绿色债券指数
2025-07-02,931145,中证绿色债券指数,中证绿色债,CSI Green Bond Index,CSI Green Bond,,,,138.93,0.05,0.03,0.0,0.0,942.0,,2025-07-02,中证绿色债券指数
2025-07-03,931145,中证绿色债券指数,中证绿色债,CSI Green Bond Index,CSI Green Bond,,,,138.98,0.05,0.03,0.0,0.0,942.0,,2025-07-03,中证绿色债券指数
2025-07-04,931145,中证绿色债券指数,中证绿色债,CSI Green Bond Index,CSI Green Bond,,,,139.0,0.03,0.02,0.0,0.0,942.0,,2025-07-04,中证绿色债券指数
2025-07-07,931145,中证绿色债券指数,中证绿色债,CSI Green Bond Index,CSI Green Bond,,,,139.04,0.04,0.03,0.0,0.0,942.0,,2025-07-07,中证绿色债券指数
2025-07-08,931145,中证绿色债券指数,中证绿色债,CSI Green Bond Index,CSI Green Bond,,,,139.04,0.01,0.0,0.0,0.0,942.0,,2025-07-08,中证绿色债券指数
2025-07-09,931145,中证绿色债券指数,中证绿色债,CSI Green Bond Index,CSI Green Bond,,,,139.03,-0.01,-0.01,0.0,0.0,942.0,,2025-07-09,中证绿色债券指数
2025-07-10,931145,中证绿色债券指数,中证绿色债,CSI Green Bond Index,CSI Green Bond,,,,139.02,-0.01,-0.01,0.0,0.0,942.0,,2025-07-10,中证绿色债券指数
2025-07-11,931145,中证绿色债券指数,中证绿色债,CSI Green Bond Index,CSI Green Bond,,,,138.99,-0.03,-0.02,0.0,0.0,942.0,,2025-07-11,中证绿色债券指数
2025-07-14,931145,中证绿色债券指数,中证绿色债,CSI Green Bond Index,CSI Green Bond,,,,138.98,0.0,0.0,0.0,0.0,942.0,,2025-07-14,中证绿色债券指数
2025-07-15,931145,中证绿色债券指数,中证绿色债,CSI Green Bond Index,CSI Green Bond,,,,139.0,0.02,0.01,0.0,0.0,942.0,,2025-07-15,中证绿色债券指数
2025-07-16,931145,中证绿色债券指数,中证绿色债,CSI Green Bond Index,CSI Green Bond,,,,139.04,0.04,0.03,0.0,0.0,942.0,,2025-07-16,中证绿色债券指数
2025-07-17,931145,中证绿色债券指数,中证绿色债,CSI Green Bond Index,CSI Green Bond,,,,139.07,0.03,0.02,0.0,0.0,942.0,,2025-07-17,中证绿色债券指数
2025-07-18,931145,中证绿色债券指数,中证绿色债,CSI Green Bond Index,CSI Green Bond,,,,139.08,0.02,0.01,0.0,0.0,942.0,,2025-07-18,中证绿色债券指数
2025-07-21,931145,中证绿色债券指数,中证绿色债,CSI Green Bond Index,CSI Green Bond,,,,139.08,0.0,0.0,0.0,0.0,941.0,,2025-07-21,中证绿色债券指数
2025-07-22,931145,中证绿色债券指数,中证绿色债,CSI Green Bond Index,CSI Green Bond,,,,139.07,-0.01,-0.01,0.0,0.0,941.0,,2025-07-22,中证绿色债券指数
2025-07-23,931145,中证绿色债券指数,中证绿色债,CSI Green Bond Index,CSI Green Bond,,,,139.01,-0.06,-0.04,0.0,0.0,941.0,,2025-07-23,中证绿色债券指数
2025-07-24,931145,中证绿色债券指数,中证绿色债,CSI Green Bond Index,CSI Green Bond,,,,138.95,-0.06,-0.04,0.0,0.0,941.0,,2025-07-24,中证绿色债券指数
2025-07-25,931145,中证绿色债券指数,中证绿色债,CSI Green Bond Index,CSI Green Bond,,,,138.89,-0.06,-0.04,0.0,0.0,941.0,,2025-07-25,中证绿色债券指数
2025-07-28,931145,中证绿色债券指数,中证绿色债,CSI Green Bond Index,CSI Green Bond,,,,138.94,0.05,0.04,0.0,0.0,941.0,,2025-07-28,中证绿色债券指数
2025-07-29,931145,中证绿色债券指数,中证绿色债,CSI Green Bond Index,CSI Green Bond,,,,138.94,0.0,0.0,0.0,0.0,940.0,,2025-07-29,中证绿色债券指数
2025-07-30,931145,中证绿色债券指数,中证绿色债,CSI Green Bond Index,CSI Green Bond,,,,138.93,-0.01,-0.01,0.0,0.0,940.0,,2025-07-30,中证绿色债券指数
2025-07-31,931145,中证绿色债券指数,中证绿色债,CSI Green Bond Index,CSI Green Bond,,,,138.99,0.06,0.04,0.0,0.0,939.0,,2025-07-31,中证绿色债券指数
2025-08-01,931145,中证绿色债券指数,中证绿色债,CSI Green Bond Index,CSI Green Bond,,,,139.03,0.04,0.03,0.0,0.0,964.0,,2025-08-01,中证绿色债券指数
2025-08-04,931145,中证绿色债券指数,中证绿色债,CSI Green Bond Index,CSI Green Bond,,,,139.07,0.04,0.03,0.0,0.0,964.0,,2025-08-04,中证绿色债券指数
2025-08-05,931145,中证绿色债券指数,中证绿色债,CSI Green Bond Index,CSI Green Bond,,,,139.08,0.01,0.01,0.0,0.0,964.0,,2025-08-05,中证绿色债券指数
2025-08-06,931145,中证绿色债券指数,中证绿色债,CSI Green Bond Index,CSI Green Bond,,,,139.11,0.02,0.02,0.0,0.0,964.0,,2025-08-06,中证绿色债券指数
2025-08-07,931145,中证绿色债券指数,中证绿色债,CSI Green Bond Index,CSI Green Bond,,,,139.13,0.02,0.01,0.0,0.0,963.0,,2025-08-07,中证绿色债券指数
2025-08-08,931145,中证绿色债券指数,中证绿色债,CSI Green Bond Index,CSI Green Bond,,,,139.15,0.02,0.01,0.0,0.0,963.0,,2025-08-08,中证绿色债券指数
2025-08-11,931145,中证绿色债券指数,中证绿色债,CSI Green Bond Index,CSI Green Bond,,,,139.14,0.0,0.0,0.0,0.0,963.0,,2025-08-11,中证绿色债券指数
2025-08-12,931145,中证绿色债券指数,中证绿色债,CSI Green Bond Index,CSI Green Bond,,,,139.11,-0.03,-0.03,0.0,0.0,963.0,,2025-08-12,中证绿色债券指数
2025-08-13,931145,中证绿色债券指数,中证绿色债,CSI Green Bond Index,CSI Green Bond,,,,139.09,-0.02,-0.01,0.0,0.0,963.0,,2025-08-13,中证绿色债券指数
2025-08-14,931145,中证绿色债券指数,中证绿色债,CSI Green Bond Index,CSI Green Bond,,,,139.1,0.01,0.01,0.0,0.0,963.0,,2025-08-14,中证绿色债券指数
2025-08-15,931145,中证绿色债券指数,中证绿色债,CSI Green Bond Index,CSI Green Bond,,,,139.1,0.0,0.0,0.0,0.0,963.0,,2025-08-15,中证绿色债券指数
2025-08-18,931145,中证绿色债券指数,中证绿色债,CSI Green Bond Index,CSI Green Bond,,,,139.03,-0.07,-0.05,0.0,0.0,961.0,,2025-08-18,中证绿色债券指数
2025-08-19,931145,中证绿色债券指数,中证绿色债,CSI Green Bond Index,CSI Green Bond,,,,138.97,-0.06,-0.04,0.0,0.0,960.0,,2025-08-19,中证绿色债券指数
2025-08-20,931145,中证绿色债券指数,中证绿色债,CSI Green Bond Index,CSI Green Bond,,,,138.97,0.0,0.0,0.0,0.0,959.0,,2025-08-20,中证绿色债券指数
2025-08-21,931145,中证绿色债券指数,中证绿色债,CSI Green Bond Index,CSI Green Bond,,,,138.96,-0.01,-0.01,0.0,0.0,959.0,,2025-08-21,中证绿色债券指数
2025-08-22,931145,中证绿色债券指数,中证绿色债,CSI Green Bond Index,CSI Green Bond,,,,138.98,0.02,0.01,0.0,0.0,959.0,,2025-08-22,中证绿色债券指数
2025-08-25,931145,中证绿色债券指数,中证绿色债,CSI Green Bond Index,CSI Green Bond,,,,139.0,0.02,0.02,0.0,0.0,958.0,,2025-08-25,中证绿色债券指数
2025-08-26,931145,中证绿色债券指数,中证绿色债,CSI Green Bond Index,CSI Green Bond,,,,139.03,0.03,0.02,0.0,0.0,958.0,,2025-08-26,中证绿色债券指数
2025-08-27,931145,中证绿色债券指数,中证绿色债,CSI Green Bond Index,CSI Green Bond,,,,139.04,0.01,0.01,0.0,0.0,958.0,,2025-08-27,中证绿色债券指数
2025-08-28,931145,中证绿色债券指数,中证绿色债,CSI Green Bond Index,CSI Green Bond,,,,139.05,0.01,0.01,0.0,0.0,958.0,,2025-08-28,中证绿色债券指数
2025-08-29,931145,中证绿色债券指数,中证绿色债,CSI Green Bond Index,CSI Green Bond,,,,139.03,-0.02,-0.01,0.0,0.0,957.0,,2025-08-29,中证绿色债券指数
2025-09-01,931145,中证绿色债券指数,中证绿色债,CSI Green Bond Index,CSI Green Bond,,,,139.06,0.03,0.02,0.0,0.0,946.0,,2025-09-01,中证绿色债券指数
2025-09-02,931145,中证绿色债券指数,中证绿色债,CSI Green Bond Index,CSI Green Bond,,,,139.07,0.01,0.01,0.0,0.0,946.0,,2025-09-02,中证绿色债券指数
2025-09-03,931145,中证绿色债券指数,中证绿色债,CSI Green Bond Index,CSI Green Bond,,,,139.1,0.02,0.02,0.0,0.0,946.0,,2025-09-03,中证绿色债券指数
2025-09-04,931145,中证绿色债券指数,中证绿色债,CSI Green Bond Index,CSI Green Bond,,,,139.13,0.03,0.02,0.0,0.0,946.0,,2025-09-04,中证绿色债券指数
2025-09-05,931145,中证绿色债券指数,中证绿色债,CSI Green Bond Index,CSI Green Bond,,,,139.12,-0.01,-0.01,0.0,0.0,944.0,,2025-09-05,中证绿色债券指数
2025-09-08,931145,中证绿色债券指数,中证绿色债,CSI Green Bond Index,CSI Green Bond,,,,139.1,-0.02,-0.01,0.0,0.0,944.0,,2025-09-08,中证绿色债券指数
2025-09-09,931145,中证绿色债券指数,中证绿色债,CSI Green Bond Index,CSI Green Bond,,,,139.08,-0.02,-0.02,0.0,0.0,944.0,,2025-09-09,中证绿色债券指数
2025-09-10,931145,中证绿色债券指数,中证绿色债,CSI Green Bond Index,CSI Green Bond,,,,139.05,-0.03,-0.02,0.0,0.0,944.0,,2025-09-10,中证绿色债券指数
2025-09-11,931145,中证绿色债券指数,中证绿色债,CSI Green Bond Index,CSI Green Bond,,,,139.03,-0.02,-0.01,0.0,0.0,944.0,,2025-09-11,中证绿色债券指数
2025-09-12,931145,中证绿色债券指数,中证绿色债,CSI Green Bond Index,CSI Green Bond,,,,139.02,-0.01,-0.01,0.0,0.0,944.0,,2025-09-12,中证绿色债券指数
2025-09-15,931145,中证绿色债券指数,中证绿色债,CSI Green Bond Index,CSI Green Bond,,,,139.07,0.04,0.03,0.0,0.0,944.0,,2025-09-15,中证绿色债券指数
2025-09-16,931145,中证绿色债券指数,中证绿色债,CSI Green Bond Index,CSI Green Bond,,,,139.07,0.0,0.0,0.0,0.0,944.0,,2025-09-16,中证绿色债券指数
2025-09-17,931145,中证绿色债券指数,中证绿色债,CSI Green Bond Index,CSI Green Bond,,,,139.09,0.02,0.02,0.0,0.0,944.0,,2025-09-17,中证绿色债券指数
2025-09-18,931145,中证绿色债券指数,中证绿色债,CSI Green Bond Index,CSI Green Bond,,,,139.1,0.01,0.01,0.0,0.0,944.0,,2025-09-18,中证绿色债券指数
2025-09-19,931145,中证绿色债券指数,中证绿色债,CSI Green Bond Index,CSI Green Bond,,,,139.1,-0.01,0.0,0.0,0.0,944.0,,2025-09-19,中证绿色债券指数
2025-09-22,931145,中证绿色债券指数,中证绿色债,CSI Green Bond Index,CSI Green Bond,,,,139.11,0.02,0.01,0.0,0.0,944.0,,2025-09-22,中证绿色债券指数
2025-09-23,931145,中证绿色债券指数,中证绿色债,CSI Green Bond Index,CSI Green Bond,,,,139.08,-0.03,-0.02,0.0,0.0,944.0,,2025-09-23,中证绿色债券指数
2025-09-24,931145,中证绿色债券指数,中证绿色债,CSI Green Bond Index,CSI Green Bond,,,,139.04,-0.04,-0.03,0.0,0.0,944.0,,2025-09-24,中证绿色债券指数
2025-09-25,931145,中证绿色债券指数,中证绿色债,CSI Green Bond Index,CSI Green Bond,,,,138.97,-0.08,-0.06,0.0,0.0,944.0,,2025-09-25,中证绿色债券指数
2025-09-26,931145,中证绿色债券指数,中证绿色债,CSI Green Bond Index,CSI Green Bond,,,,138.97,0.0,0.0,0.0,0.0,944.0,,2025-09-26,中证绿色债券指数
2025-09-29,931145,中证绿色债券指数,中证绿色债,CSI Green Bond Index,CSI Green Bond,,,,138.99,0.03,0.02,0.0,0.0,944.0,,2025-09-29,中证绿色债券指数
2025-09-30,931145,中证绿色债券指数,中证绿色债,CSI Green Bond Index,CSI Green Bond,,,,139.01,0.02,0.01,0.0,0.0,944.0,,2025-09-30,中证绿色债券指数
2025-10-09,931145,中证绿色债券指数,中证绿色债,CSI Green Bond Index,CSI Green Bond,,,,139.1,0.09,0.06,0.0,0.0,970.0,,2025-10-09,中证绿色债券指数
2025-10-10,931145,中证绿色债券指数,中证绿色债,CSI Green Bond Index,CSI Green Bond,,,,139.14,0.04,0.03,0.0,0.0,970.0,,2025-10-10,中证绿色债券指数
2025-10-13,931145,中证绿色债券指数,中证绿色债,CSI Green Bond Index,CSI Green Bond,,,,139.22,0.08,0.06,0.0,0.0,970.0,,2025-10-13,中证绿色债券指数
2025-10-14,931145,中证绿色债券指数,中证绿色债,CSI Green Bond Index,CSI Green Bond,,,,139.21,-0.01,-0.01,0.0,0.0,970.0,,2025-10-14,中证绿色债券指数
2025-10-15,931145,中证绿色债券指数,中证绿色债,CSI Green Bond Index,CSI Green Bond,,,,139.21,-0.01,0.0,0.0,0.0,970.0,,2025-10-15,中证绿色债券指数
2025-10-16,931145,中证绿色债券指数,中证绿色债,CSI Green Bond Index,CSI Green Bond,,,,139.23,0.02,0.01,0.0,0.0,970.0,,2025-10-16,中证绿色债券指数
2025-10-17,931145,中证绿色债券指数,中证绿色债,CSI Green Bond Index,CSI Green Bond,,,,139.27,0.04,0.03,0.0,0.0,970.0,,2025-10-17,中证绿色债券指数
2025-10-20,931145,中证绿色债券指数,中证绿色债,CSI Green Bond Index,CSI Green Bond,,,,139.28,0.01,0.01,0.0,0.0,969.0,,2025-10-20,中证绿色债券指数
2025-10-21,931145,中证绿色债券指数,中证绿色债,CSI Green Bond Index,CSI Green Bond,,,,139.29,0.01,0.01,0.0,0.0,968.0,,2025-10-21,中证绿色债券指数
2025-10-22,931145,中证绿色债券指数,中证绿色债,CSI Green Bond Index,CSI Green Bond,,,,139.32,0.03,0.02,0.0,0.0,968.0,,2025-10-22,中证绿色债券指数
2025-10-23,931145,中证绿色债券指数,中证绿色债,CSI Green Bond Index,CSI Green Bond,,,,139.35,0.03,0.02,0.0,0.0,968.0,,2025-10-23,中证绿色债券指数
2025-10-24,931145,中证绿色债券指数,中证绿色债,CSI Green Bond Index,CSI Green Bond,,,,139.36,0.01,0.01,0.0,0.0,968.0,,2025-10-24,中证绿色债券指数
2025-10-27,931145,中证绿色债券指数,中证绿色债,CSI Green Bond Index,CSI Green Bond,,,,139.4,0.04,0.03,0.0,0.0,967.0,,2025-10-27,中证绿色债券指数
2025-10-28,931145,中证绿色债券指数,中证绿色债,CSI Green Bond Index,CSI Green Bond,,,,139.46,0.05,0.04,0.0,0.0,967.0,,2025-10-28,中证绿色债券指数
2025-10-29,931145,中证绿色债券指数,中证绿色债,CSI Green Bond Index,CSI Green Bond,,,,139.49,0.04,0.03,0.0,0.0,967.0,,2025-10-29,中证绿色债券指数
2025-10-30,931145,中证绿色债券指数,中证绿色债,CSI Green Bond Index,CSI Green Bond,,,,139.54,0.04,0.03,0.0,0.0,967.0,,2025-10-30,中证绿色债券指数
2025-10-31,931145,中证绿色债券指数,中证绿色债,CSI Green Bond Index,CSI Green Bond,,,,139.58,0.05,0.03,0.0,0.0,967.0,,2025-10-31,中证绿色债券指数
2025-11-03,931145,中证绿色债券指数,中证绿色债,CSI Green Bond Index,CSI Green Bond,,,,139.62,0.04,0.03,0.0,0.0,973.0,,2025-11-03,中证绿色债券指数
2025-11-04,931145,中证绿色债券指数,中证绿色债,CSI Green Bond Index,CSI Green Bond,,,,139.63,0.01,0.01,0.0,0.0,973.0,,2025-11-04,中证绿色债券指数
2025-11-05,931145,中证绿色债券指数,中证绿色债,CSI Green Bond Index,CSI Green Bond,,,,139.65,0.02,0.02,0.0,0.0,973.0,,2025-11-05,中证绿色债券指数
2025-11-06,931145,中证绿色债券指数,中证绿色债,CSI Green Bond Index,CSI Green Bond,,,,139.65,0.0,0.0,0.0,0.0,973.0,,2025-11-06,中证绿色债券指数
2025-11-07,931145,中证绿色债券指数,中证绿色债,CSI Green Bond Index,CSI Green Bond,,,,139.64,-0.01,-0.01,0.0,0.0,973.0,,2025-11-07,中证绿色债券指数
2025-11-10,931145,中证绿色债券指数,中证绿色债,CSI Green Bond Index,CSI Green Bond,,,,139.64,0.0,0.0,0.0,0.0,973.0,,2025-11-10,中证绿色债券指数
2025-11-11,931145,中证绿色债券指数,中证绿色债,CSI Green Bond Index,CSI Green Bond,,,,139.65,0.01,0.01,0.0,0.0,973.0,,2025-11-11,中证绿色债券指数
2025-11-12,931145,中证绿色债券指数,中证绿色债,CSI Green Bond Index,CSI Green Bond,,,,139.67,0.01,0.01,0.0,0.0,973.0,,2025-11-12,中证绿色债券指数
2025-11-13,931145,中证绿色债券指数,中证绿色债,CSI Green Bond Index,CSI Green Bond,,,,139.67,0.0,0.0,0.0,0.0,973.0,,2025-11-13,中证绿色债券指数
2025-11-14,931145,中证绿色债券指数,中证绿色债,CSI Green Bond Index,CSI Green Bond,,,,139.68,0.01,0.01,0.0,0.0,973.0,,2025-11-14,中证绿色债券指数
2025-11-17,931145,中证绿色债券指数,中证绿色债,CSI Green Bond Index,CSI Green Bond,,,,139.72,0.04,0.03,0.0,0.0,973.0,,2025-11-17,中证绿色债券指数
2025-11-18,931145,中证绿色债券指数,中证绿色债,CSI Green Bond Index,CSI Green Bond,,,,139.73,0.01,0.01,0.0,0.0,973.0,,2025-11-18,中证绿色债券指数
2025-11-19,931145,中证绿色债券指数,中证绿色债,CSI Green Bond Index,CSI Green Bond,,,,139.74,0.01,0.01,0.0,0.0,973.0,,2025-11-19,中证绿色债券指数
2025-11-20,931145,中证绿色债券指数,中证绿色债,CSI Green Bond Index,CSI Green Bond,,,,139.76,0.02,0.01,0.0,0.0,973.0,,2025-11-20,中证绿色债券指数
2025-11-21,931145,中证绿色债券指数,中证绿色债,CSI Green Bond Index,CSI Green Bond,,,,139.76,0.01,0.01,0.0,0.0,973.0,,2025-11-21,中证绿色债券指数
2025-11-24,931145,中证绿色债券指数,中证绿色债,CSI Green Bond Index,CSI Green Bond,,,,139.77,0.01,0.01,0.0,0.0,973.0,,2025-11-24,中证绿色债券指数
2025-11-25,931145,中证绿色债券指数,中证绿色债,CSI Green Bond Index,CSI Green Bond,,,,139.77,-0.01,-0.01,0.0,0.0,973.0,,2025-11-25,中证绿色债券指数
2025-11-26,931145,中证绿色债券指数,中证绿色债,CSI Green Bond Index,CSI Green Bond,,,,139.74,-0.02,-0.02,0.0,0.0,973.0,,2025-11-26,中证绿色债券指数
2025-11-27,931145,中证绿色债券指数,中证绿色债,CSI Green Bond Index,CSI Green Bond,,,,139.72,-0.03,-0.02,0.0,0.0,973.0,,2025-11-27,中证绿色债券指数
2025-11-28,931145,中证绿色债券指数,中证绿色债,CSI Green Bond Index,CSI Green Bond,,,,139.73,0.01,0.01,0.0,0.0,972.0,,2025-11-28,中证绿色债券指数
2025-12-01,931145,中证绿色债券指数,中证绿色债,CSI Green Bond Index,CSI Green Bond,,,,139.75,0.02,0.02,0.0,0.0,1002.0,,2025-12-01,中证绿色债券指数
2025-12-02,931145,中证绿色债券指数,中证绿色债,CSI Green Bond Index,CSI Green Bond,,,,139.75,0.0,0.0,0.0,0.0,1002.0,,2025-12-02,中证绿色债券指数
2025-12-03,931145,中证绿色债券指数,中证绿色债,CSI Green Bond Index,CSI Green Bond,,,,139.75,0.0,0.0,0.0,0.0,1002.0,,2025-12-03,中证绿色债券指数
2025-12-04,931145,中证绿色债券指数,中证绿色债,CSI Green Bond Index,CSI Green Bond,,,,139.71,-0.04,-0.03,0.0,0.0,1002.0,,2025-12-04,中证绿色债券指数
2025-12-05,931145,中证绿色债券指数,中证绿色债,CSI Green Bond Index,CSI Green Bond,,,,139.7,-0.01,-0.01,0.0,0.0,1002.0,,2025-12-05,中证绿色债券指数
2025-12-08,931145,中证绿色债券指数,中证绿色债,CSI Green Bond Index,CSI Green Bond,,,,139.71,0.02,0.01,0.0,0.0,1002.0,,2025-12-08,中证绿色债券指数
2025-12-09,931145,中证绿色债券指数,中证绿色债,CSI Green Bond Index,CSI Green Bond,,,,139.71,0.0,0.0,0.0,0.0,1002.0,,2025-12-09,中证绿色债券指数
2025-12-10,931145,中证绿色债券指数,中证绿色债,CSI Green Bond Index,CSI Green Bond,,,,139.7,-0.01,-0.01,0.0,0.0,1002.0,,2025-12-10,中证绿色债券指数
2025-12-11,931145,中证绿色债券指数,中证绿色债,CSI Green Bond Index,CSI Green Bond,,,,139.73,0.03,0.02,0.0,0.0,1001.0,,2025-12-11,中证绿色债券指数
2025-12-12,931145,中证绿色债券指数,中证绿色债,CSI Green Bond Index,CSI Green Bond,,,,139.75,0.02,0.02,0.0,0.0,1001.0,,2025-12-12,中证绿色债券指数
2025-12-15,931145,中证绿色债券指数,中证绿色债,CSI Green Bond Index,CSI Green Bond,,,,139.74,-0.01,0.0,0.0,0.0,1000.0,,2025-12-15,中证绿色债券指数
2025-12-16,931145,中证绿色债券指数,中证绿色债,CSI Green Bond Index,CSI Green Bond,,,,139.73,-0.01,-0.01,0.0,0.0,1000.0,,2025-12-16,中证绿色债券指数
2025-12-17,931145,中证绿色债券指数,中证绿色债,CSI Green Bond Index,CSI Green Bond,,,,139.76,0.03,0.02,0.0,0.0,1000.0,,2025-12-17,中证绿色债券指数
2025-12-18,931145,中证绿色债券指数,中证绿色债,CSI Green Bond Index,CSI Green Bond,,,,139.79,0.03,0.02,0.0,0.0,1000.0,,2025-12-18,中证绿色债券指数
2025-12-19,931145,中证绿色债券指数,中证绿色债,CSI Green Bond Index,CSI Green Bond,,,,139.82,0.03,0.02,0.0,0.0,1000.0,,2025-12-19,中证绿色债券指数
2025-12-22,931145,中证绿色债券指数,中证绿色债,CSI Green Bond Index,CSI Green Bond,,,,139.85,0.03,0.02,0.0,0.0,1000.0,,2025-12-22,中证绿色债券指数
2025-12-23,931145,中证绿色债券指数,中证绿色债,CSI Green Bond Index,CSI Green Bond,,,,139.87,0.02,0.01,0.0,0.0,1000.0,,2025-12-23,中证绿色债券指数
2025-12-24,931145,中证绿色债券指数,中证绿色债,CSI Green Bond Index,CSI Green Bond,,,,139.89,0.02,0.01,0.0,0.0,1000.0,,2025-12-24,中证绿色债券指数
2025-12-25,931145,中证绿色债券指数,中证绿色债,CSI Green Bond Index,CSI Green Bond,,,,139.91,0.02,0.02,0.0,0.0,1000.0,,2025-12-25,中证绿色债券指数
2025-12-26,931145,中证绿色债券指数,中证绿色债,CSI Green Bond Index,CSI Green Bond,,,,139.93,0.02,0.01,0.0,0.0,999.0,,2025-12-26,中证绿色债券指数
2025-12-29,931145,中证绿色债券指数,中证绿色债,CSI Green Bond Index,CSI Green Bond,,,,139.94,0.01,0.0,0.0,0.0,999.0,,2025-12-29,中证绿色债券指数
2025-12-30,931145,中证绿色债券指数,中证绿色债,CSI Green Bond Index,CSI Green Bond,,,,139.94,0.0,0.0,0.0,0.0,999.0,,2025-12-30,中证绿色债券指数
2025-12-31,931145,中证绿色债券指数,中证绿色债,CSI Green Bond Index,CSI Green Bond,,,,139.95,0.02,0.01,0.0,0.0,999.0,,2025-12-31,中证绿色债券指数
