date,open,high,low,close,volume,amount,品种,交易所,基金代码
2017-08-24,100.126,100.126,92.0,99.401,278244,27657872,7-10年国债ETF,SH,511260
2017-08-25,99.487,99.838,99.001,99.801,288910,28791174,7-10年国债ETF,SH,511260
2017-08-28,99.817,99.988,99.79,99.988,272560,27231186,7-10年国债ETF,SH,511260
2017-08-29,99.98,99.98,99.753,99.83,53080,5299552,7-10年国债ETF,SH,511260
2017-08-30,99.783,99.9,99.735,99.877,41070,4099607,7-10年国债ETF,SH,511260
2017-08-31,98.853,100.0,98.853,100.0,111530,11143288,7-10年国债ETF,SH,511260
2017-09-01,99.815,99.99,99.815,99.861,26680,2665704,7-10年国债ETF,SH,511260
2017-09-04,99.867,99.988,99.867,99.878,18510,1849267,7-10年国债ETF,SH,511260
2017-09-05,99.277,99.889,99.277,99.87,4660,465406,7-10年国债ETF,SH,511260
2017-09-06,99.849,100.0,99.83,99.871,82620,8255089,7-10年国债ETF,SH,511260
2017-09-07,99.71,99.999,99.71,99.822,42610,4258319,7-10年国债ETF,SH,511260
2017-09-08,99.751,99.99,99.751,99.961,36590,3658059,7-10年国债ETF,SH,511260
2017-09-11,99.97,100.01,99.816,99.86,86210,8620788,7-10年国债ETF,SH,511260
2017-09-12,99.951,100.03,99.951,99.962,23670,2366807,7-10年国债ETF,SH,511260
2017-09-13,99.935,100.038,99.935,99.995,19890,1989393,7-10年国债ETF,SH,511260
2017-09-14,99.408,100.069,99.408,100.009,34730,3473908,7-10年国债ETF,SH,511260
2017-09-15,99.73,100.198,99.73,100.195,17090,1711662,7-10年国债ETF,SH,511260
2017-09-18,100.041,100.298,100.041,100.276,68024,6819123,7-10年国债ETF,SH,511260
2017-09-19,100.03,100.276,100.03,100.121,21200,2125625,7-10年国债ETF,SH,511260
2017-09-20,100.124,100.32,100.124,100.23,71710,7190835,7-10年国债ETF,SH,511260
2017-09-21,100.119,100.35,100.119,100.28,51554,5169979,7-10年国债ETF,SH,511260
2017-09-22,100.103,100.51,100.103,100.454,142110,14244148,7-10年国债ETF,SH,511260
2017-09-25,100.126,100.6,100.126,100.546,110850,11124494,7-10年国债ETF,SH,511260
2017-09-26,100.2,100.501,100.2,100.34,236340,23728960,7-10年国债ETF,SH,511260
2017-09-27,100.207,100.413,100.206,100.315,100980,10129438,7-10年国债ETF,SH,511260
2017-09-28,100.318,100.445,100.318,100.415,93260,9367143,7-10年国债ETF,SH,511260
2017-09-29,100.2,100.2,99.921,100.01,35510,3551955,7-10年国债ETF,SH,511260
2017-10-09,100.2,100.2,100.111,100.136,101970,10217320,7-10年国债ETF,SH,511260
2017-10-10,100.133,100.2,100.133,100.2,59780,5989936,7-10年国债ETF,SH,511260
2017-10-11,100.167,100.172,98.001,99.994,35710,3574362,7-10年国债ETF,SH,511260
2017-10-12,99.997,100.12,99.007,99.99,75690,7568549,7-10年国债ETF,SH,511260
2017-10-13,99.99,100.168,99.664,99.914,93260,9318381,7-10年国债ETF,SH,511260
2017-10-16,99.911,99.911,99.502,99.901,184910,18469954,7-10年国债ETF,SH,511260
2017-10-17,99.898,99.898,99.564,99.601,106420,10620990,7-10年国债ETF,SH,511260
2017-10-18,99.604,99.998,99.6,99.65,37270,3715475,7-10年国债ETF,SH,511260
2017-10-19,99.653,99.836,99.6,99.836,115610,11526268,7-10年国债ETF,SH,511260
2017-10-20,99.833,99.833,99.522,99.741,83410,8315980,7-10年国债ETF,SH,511260
2017-10-23,99.629,99.856,99.629,99.7,120740,12037832,7-10年国债ETF,SH,511260
2017-10-24,99.55,99.68,99.55,99.668,104550,10420286,7-10年国债ETF,SH,511260
2017-10-25,99.551,99.7,99.5,99.66,39030,3889053,7-10年国债ETF,SH,511260
2017-10-26,99.5,99.608,99.408,99.608,130260,12973871,7-10年国债ETF,SH,511260
2017-10-27,99.308,99.7,99.308,99.6,134820,13427947,7-10年国债ETF,SH,511260
2017-10-30,99.597,99.6,98.64,99.4,19140,1896972,7-10年国债ETF,SH,511260
2017-10-31,99.4,99.65,99.1,99.386,101710,10109128,7-10年国债ETF,SH,511260
2017-11-01,99.389,99.4,99.156,99.4,107080,10643246,7-10年国债ETF,SH,511260
2017-11-02,99.203,99.3,99.203,99.3,118310,11748173,7-10年国债ETF,SH,511260
2017-11-03,99.2,99.298,99.2,99.2,66420,6588887,7-10年国债ETF,SH,511260
2017-11-06,99.2,99.215,99.2,99.214,96140,9538433,7-10年国债ETF,SH,511260
2017-11-07,99.214,99.215,99.214,99.215,208620,20698233,7-10年国债ETF,SH,511260
2017-11-08,99.1,99.215,99.001,99.2,51840,5142513,7-10年国债ETF,SH,511260
2017-11-09,99.01,99.1,98.5,99.098,107690,10670536,7-10年国债ETF,SH,511260
2017-11-10,99.095,99.095,98.58,98.676,117330,11578262,7-10年国债ETF,SH,511260
2017-11-13,98.9,98.9,98.504,98.7,152010,15003519,7-10年国债ETF,SH,511260
2017-11-14,98.7,98.98,98.502,98.98,86500,8536698,7-10年国债ETF,SH,511260
2017-11-15,98.977,98.977,97.922,98.288,13830,1357856,7-10年国债ETF,SH,511260
2017-11-16,98.288,98.398,98.0,98.0,380820,37323704,7-10年国债ETF,SH,511260
2017-11-17,98.01,98.19,98.01,98.183,49960,4902732,7-10年国债ETF,SH,511260
2017-11-20,98.998,98.998,98.2,98.213,136600,13416189,7-10年国债ETF,SH,511260
2017-11-21,98.213,98.359,98.213,98.231,137920,13557515,7-10年国债ETF,SH,511260
2017-11-22,98.234,99.5,98.039,98.048,54440,5356633,7-10年国债ETF,SH,511260
2017-11-23,98.051,98.999,97.964,98.88,27200,2675005,7-10年国债ETF,SH,511260
2017-11-24,98.88,99.997,98.059,98.2,53920,5324440,7-10年国债ETF,SH,511260
2017-11-27,98.197,98.871,98.15,98.697,131330,12942344,7-10年国债ETF,SH,511260
2017-11-28,98.697,98.697,98.1,98.1,100260,9855942,7-10年国债ETF,SH,511260
2017-11-29,97.834,98.001,97.1,97.451,87050,8484743,7-10年国债ETF,SH,511260
2017-11-30,97.451,98.0,97.27,97.822,39030,3817653,7-10年国债ETF,SH,511260
2017-12-01,97.825,98.19,97.77,97.996,47690,4673363,7-10年国债ETF,SH,511260
2017-12-04,97.999,98.088,97.901,97.994,23760,2328245,7-10年国债ETF,SH,511260
2017-12-05,98.0,98.247,97.831,97.994,155440,15232159,7-10年国债ETF,SH,511260
2017-12-06,97.997,98.04,97.834,97.85,73620,7215394,7-10年国债ETF,SH,511260
2017-12-07,97.853,98.011,97.704,98.002,60460,5924759,7-10年国债ETF,SH,511260
2017-12-08,97.866,98.0,97.802,97.802,30210,2960412,7-10年国债ETF,SH,511260
2017-12-11,97.805,98.048,97.614,97.805,47710,4673920,7-10年国债ETF,SH,511260
2017-12-12,97.808,97.999,97.75,97.9,143720,14070038,7-10年国债ETF,SH,511260
2017-12-13,97.897,97.949,97.806,97.949,171610,16807958,7-10年国债ETF,SH,511260
2017-12-14,97.946,98.0,97.903,97.903,121320,11889223,7-10年国债ETF,SH,511260
2017-12-15,97.906,98.037,97.8,97.801,32700,3205561,7-10年国债ETF,SH,511260
2017-12-18,97.825,97.999,97.825,97.9,75440,7385616,7-10年国债ETF,SH,511260
2017-12-19,97.903,97.984,97.813,97.85,161740,15842941,7-10年国债ETF,SH,511260
2017-12-20,97.853,98.498,97.853,98.155,46920,4605443,7-10年国债ETF,SH,511260
2017-12-21,98.147,98.46,97.962,98.148,56570,5552224,7-10年国债ETF,SH,511260
2017-12-22,98.15,98.383,98.126,98.155,247610,24304244,7-10年国债ETF,SH,511260
2017-12-25,98.164,98.228,98.011,98.16,52450,5151857,7-10年国债ETF,SH,511260
2017-12-26,98.163,98.394,98.001,98.25,21210,2083893,7-10年国债ETF,SH,511260
2017-12-27,98.247,98.481,98.113,98.113,113040,11091298,7-10年国债ETF,SH,511260
2017-12-28,98.116,98.25,97.05,97.05,22890,2246414,7-10年国债ETF,SH,511260
2017-12-29,97.502,98.4,97.502,98.118,36600,3590987,7-10年国债ETF,SH,511260
2018-01-02,98.119,98.2,98.002,98.2,107040,10511179,7-10年国债ETF,SH,511260
2018-01-03,98.203,98.203,98.101,98.16,75440,7405183,7-10年国债ETF,SH,511260
2018-01-04,98.11,98.161,98.081,98.161,136400,13389083,7-10年国债ETF,SH,511260
2018-01-05,98.164,98.477,97.501,98.078,56460,5528626,7-10年国债ETF,SH,511260
2018-01-08,98.075,98.342,97.851,97.99,36520,3578728,7-10年国债ETF,SH,511260
2018-01-09,97.98,98.294,97.855,98.124,77510,7594558,7-10年国债ETF,SH,511260
2018-01-10,98.12,98.12,97.93,98.005,36110,3538959,7-10年国债ETF,SH,511260
2018-01-11,98.001,98.001,97.621,97.742,32700,3196335,7-10年国债ETF,SH,511260
2018-01-12,97.751,97.888,97.751,97.755,13020,1272889,7-10年国债ETF,SH,511260
2018-01-15,97.758,97.889,97.65,97.8,9710,949686,7-10年国债ETF,SH,511260
2018-01-16,97.803,97.859,97.731,97.859,93520,9140864,7-10年国债ETF,SH,511260
2018-01-17,97.856,97.856,97.6,97.634,2210,215799,7-10年国债ETF,SH,511260
2018-01-18,97.653,97.779,97.551,97.702,33230,3246741,7-10年国债ETF,SH,511260
2018-01-19,97.641,97.997,97.641,97.997,12600,1233207,7-10年国债ETF,SH,511260
2018-01-22,97.987,98.499,97.714,98.456,13800,1353979,7-10年国债ETF,SH,511260
2018-01-23,98.2,98.399,98.2,98.25,86050,8453955,7-10年国债ETF,SH,511260
2018-01-24,98.244,98.396,98.061,98.25,301330,29605605,7-10年国债ETF,SH,511260
2018-01-25,98.242,98.39,97.502,97.502,62840,6170791,7-10年国债ETF,SH,511260
2018-01-26,98.001,98.456,98.001,98.002,120960,11885411,7-10年国债ETF,SH,511260
2018-01-29,98.036,98.279,98.0,98.01,106220,10410758,7-10年国债ETF,SH,511260
2018-01-30,98.013,98.339,97.852,97.861,97000,9503686,7-10年国债ETF,SH,511260
2018-01-31,97.864,98.054,97.763,98.053,24480,2400002,7-10年国债ETF,SH,511260
2018-02-01,98.056,98.171,97.851,97.962,98810,9699858,7-10年国债ETF,SH,511260
2018-02-02,97.978,98.168,97.931,98.168,13920,1363638,7-10年国债ETF,SH,511260
2018-02-05,98.165,98.299,98.1,98.17,47800,4692586,7-10年国债ETF,SH,511260
2018-02-06,98.173,98.2,97.951,98.001,11680,1144684,7-10年国债ETF,SH,511260
2018-02-07,98.103,98.249,98.1,98.201,34100,3348293,7-10年国债ETF,SH,511260
2018-02-08,98.2,98.896,98.2,98.342,14020,1378537,7-10年国债ETF,SH,511260
2018-02-09,98.28,98.488,98.28,98.4,17130,1685578,7-10年国债ETF,SH,511260
2018-02-12,98.399,98.947,98.251,98.251,11510,1133661,7-10年国债ETF,SH,511260
2018-02-13,98.421,98.58,98.263,98.282,710,69941,7-10年国债ETF,SH,511260
2018-02-14,98.285,98.9,98.285,98.891,14740,1457562,7-10年国债ETF,SH,511260
2018-02-22,98.844,98.879,98.6,98.6,2800,276819,7-10年国债ETF,SH,511260
2018-02-23,98.371,98.959,98.371,98.6,28400,2800279,7-10年国债ETF,SH,511260
2018-02-26,98.98,100.56,98.98,99.348,72410,7195701,7-10年国债ETF,SH,511260
2018-02-27,99.348,100.3,99.348,99.5,42500,4230761,7-10年国债ETF,SH,511260
2018-02-28,99.4,99.499,99.4,99.467,99400,9887048,7-10年国债ETF,SH,511260
2018-03-01,99.401,99.401,99.111,99.392,14300,1421279,7-10年国债ETF,SH,511260
2018-03-02,99.06,99.392,99.06,99.293,28260,2806185,7-10年国债ETF,SH,511260
2018-03-05,99.08,99.301,99.06,99.201,2710,268997,7-10年国债ETF,SH,511260
2018-03-06,99.011,99.255,99.011,99.255,22700,2253042,7-10年国债ETF,SH,511260
2018-03-07,99.26,99.26,99.032,99.2,207840,20617365,7-10年国债ETF,SH,511260
2018-03-08,99.0,99.124,99.0,99.072,45510,4508923,7-10年国债ETF,SH,511260
2018-03-09,99.072,99.194,99.005,99.08,25600,2536256,7-10年国债ETF,SH,511260
2018-03-12,99.08,99.2,99.029,99.092,20000,1981750,7-10年国债ETF,SH,511260
2018-03-13,99.089,99.17,99.004,99.05,5410,535976,7-10年国债ETF,SH,511260
2018-03-14,99.0,99.065,98.952,98.978,14100,1396544,7-10年国债ETF,SH,511260
2018-03-15,98.988,99.03,98.988,99.029,5220,516823,7-10年国债ETF,SH,511260
2018-03-16,99.022,99.091,98.995,99.03,14310,1417712,7-10年国债ETF,SH,511260
2018-03-19,99.03,99.25,99.03,99.17,4700,465754,7-10年国债ETF,SH,511260
2018-03-20,99.075,99.2,99.075,99.2,6510,645280,7-10年国债ETF,SH,511260
2018-03-21,99.203,99.36,99.12,99.184,6240,619362,7-10年国债ETF,SH,511260
2018-03-22,99.185,100.202,99.185,99.39,4900,487314,7-10年国债ETF,SH,511260
2018-03-23,99.61,100.0,99.5,99.99,19030,1897222,7-10年国债ETF,SH,511260
2018-03-26,99.99,100.296,99.55,99.7,4400,439944,7-10年国债ETF,SH,511260
2018-03-27,99.47,99.99,99.47,99.56,2800,279242,7-10年国债ETF,SH,511260
2018-03-28,99.563,99.76,99.563,99.668,1720,171433,7-10年国债ETF,SH,511260
2018-03-29,99.671,99.991,99.282,99.33,35300,3521226,7-10年国债ETF,SH,511260
2018-03-30,99.334,100.094,99.334,99.565,24250,2424123,7-10年国债ETF,SH,511260
2018-04-02,99.568,99.79,99.334,99.769,28700,2862732,7-10年国债ETF,SH,511260
2018-04-03,99.772,100.16,99.621,99.78,23600,2354551,7-10年国债ETF,SH,511260
2018-04-04,99.783,99.88,99.518,99.879,26100,2606451,7-10年国债ETF,SH,511260
2018-04-09,99.703,100.226,99.703,100.226,13970,1396658,7-10年国债ETF,SH,511260
2018-04-10,100.101,100.151,100.101,100.151,13370,1338987,7-10年国债ETF,SH,511260
2018-04-11,100.082,100.251,100.082,100.251,9210,922534,7-10年国债ETF,SH,511260
2018-04-12,100.254,100.3,100.248,100.296,7560,758134,7-10年国债ETF,SH,511260
2018-04-13,100.288,100.29,100.286,100.29,3320,332959,7-10年国债ETF,SH,511260
2018-04-16,100.223,100.4,100.222,100.4,760,76247,7-10年国债ETF,SH,511260
2018-04-17,100.4,100.699,100.131,100.699,7780,782399,7-10年国债ETF,SH,511260
2018-04-18,100.702,101.2,100.596,101.001,10010,1009891,7-10年国债ETF,SH,511260
2018-04-19,101.331,102.35,101.33,101.6,5530,562979,7-10年国债ETF,SH,511260
2018-04-20,101.597,101.8,101.597,101.621,1760,178921,7-10年国债ETF,SH,511260
2018-04-23,101.031,101.7,101.031,101.6,3010,306010,7-10年国债ETF,SH,511260
2018-04-24,101.5,101.7,101.5,101.7,6990,710645,7-10年国债ETF,SH,511260
2018-04-25,101.601,101.601,101.6,101.6,1490,151384,7-10年国债ETF,SH,511260
2018-04-26,101.6,101.6,101.6,101.6,240,24384,7-10年国债ETF,SH,511260
2018-04-27,101.6,101.8,101.6,101.6,520,52852,7-10年国债ETF,SH,511260
2018-05-02,101.089,101.091,101.088,101.091,300,30327,7-10年国债ETF,SH,511260
2018-05-03,101.094,101.11,101.0,101.11,1600,161763,7-10年国债ETF,SH,511260
2018-05-04,101.186,101.186,101.186,101.186,300,30356,7-10年国债ETF,SH,511260
2018-05-07,101.189,101.203,101.189,101.203,710,71853,7-10年国债ETF,SH,511260
2018-05-08,101.206,101.206,101.011,101.011,2410,243580,7-10年国债ETF,SH,511260
2018-05-09,101.008,101.008,100.7,100.79,13120,1321291,7-10年国债ETF,SH,511260
2018-05-10,100.61,100.61,100.6,100.6,13030,1310821,7-10年国债ETF,SH,511260
2018-05-11,100.7,100.7,100.7,100.7,20930,2107651,7-10年国债ETF,SH,511260
2018-05-14,101.7,101.7,100.206,100.206,6110,620772,7-10年国债ETF,SH,511260
2018-05-15,100.209,101.2,100.209,100.401,6840,690987,7-10年国债ETF,SH,511260
2018-05-16,100.4,100.5,100.4,100.5,1850,185744,7-10年国债ETF,SH,511260
2018-05-17,100.4,100.6,100.4,100.6,12100,1217240,7-10年国债ETF,SH,511260
2018-05-18,100.627,100.7,100.405,100.6,10410,1047656,7-10年国债ETF,SH,511260
2018-05-21,100.603,101.7,100.603,100.7,10170,1024800,7-10年国债ETF,SH,511260
2018-05-22,100.7,100.9,100.7,100.9,12600,1270941,7-10年国债ETF,SH,511260
2018-05-23,100.9,100.9,100.9,100.9,2200,221980,7-10年国债ETF,SH,511260
2018-05-24,101.1,101.156,101.1,101.143,7840,792769,7-10年国债ETF,SH,511260
2018-05-25,100.9,101.2,100.9,101.081,5300,535393,7-10年国债ETF,SH,511260
2018-05-28,101.084,102.576,101.084,101.559,17610,1788317,7-10年国债ETF,SH,511260
2018-05-29,101.694,101.697,101.598,101.632,19000,1930687,7-10年国债ETF,SH,511260
2018-05-30,101.65,110.901,101.65,101.8,20740,2112286,7-10年国债ETF,SH,511260
2018-05-31,101.803,102.0,101.6,101.791,38320,3898691,7-10年国债ETF,SH,511260
2018-05-31,93.0,100.001,93.0,100.0,555218,55474694,综合债指数ETF,SH,511280
2018-06-01,101.794,101.794,101.6,101.704,8000,813612,7-10年国债ETF,SH,511260
2018-06-01,100.0,100.002,100.0,100.0,373788,37378979,综合债指数ETF,SH,511280
2018-06-04,101.542,101.642,101.542,101.642,3210,326180,7-10年国债ETF,SH,511260
2018-06-04,100.0,100.001,100.0,100.001,28770,2877023,综合债指数ETF,SH,511280
2018-06-05,101.342,101.424,101.342,101.424,750,76015,7-10年国债ETF,SH,511260
2018-06-05,100.001,100.003,100.0,100.0,43090,4309004,综合债指数ETF,SH,511280
2018-06-06,101.267,101.467,101.267,101.466,2000,202694,7-10年国债ETF,SH,511260
2018-06-06,100.001,100.18,100.0,100.0,12380,1238543,综合债指数ETF,SH,511280
2018-06-07,101.4,101.425,101.267,101.267,310,31435,7-10年国债ETF,SH,511260
2018-06-07,100.0,100.01,100.0,100.0,8880,888001,综合债指数ETF,SH,511280
2018-06-08,101.264,101.264,100.59,101.109,5640,570506,7-10年国债ETF,SH,511260
2018-06-08,100.0,100.0,100.0,100.0,7550,755000,综合债指数ETF,SH,511280
2018-06-11,100.9,101.478,100.9,101.362,4660,472163,7-10年国债ETF,SH,511260
2018-06-11,100.0,100.0,100.0,100.0,30260,3026000,综合债指数ETF,SH,511280
2018-06-12,101.359,101.386,100.452,101.344,20320,2059236,7-10年国债ETF,SH,511260
2018-06-12,100.0,100.1,99.508,100.0,203430,20362961,综合债指数ETF,SH,511280
2018-06-13,101.173,101.174,101.101,101.101,4400,445040,7-10年国债ETF,SH,511260
2018-06-13,100.0,100.0,100.0,100.0,2540,254000,综合债指数ETF,SH,511280
2018-06-14,101.098,101.17,100.35,101.161,3100,313498,7-10年国债ETF,SH,511260
2018-06-14,100.0,100.0,96.01,99.814,12210,1216997,综合债指数ETF,SH,511280
2018-06-15,101.164,101.361,101.164,101.261,3600,364640,7-10年国债ETF,SH,511260
2018-06-15,99.5,99.8,99.5,99.701,410,40898,综合债指数ETF,SH,511280
2018-06-19,101.261,101.7,101.101,101.103,7600,771592,7-10年国债ETF,SH,511260
2018-06-19,99.5,99.501,99.5,99.5,7270,723365,综合债指数ETF,SH,511280
2018-06-20,101.106,101.499,101.106,101.3,3210,325562,7-10年国债ETF,SH,511260
2018-06-20,99.5,99.5,99.5,99.5,11920,1186040,综合债指数ETF,SH,511280
2018-06-21,101.3,101.7,101.3,101.6,8940,907948,7-10年国债ETF,SH,511260
2018-06-21,99.5,99.5,99.5,99.5,5130,510435,综合债指数ETF,SH,511280
2018-06-22,101.301,101.9,101.301,101.788,6900,702417,7-10年国债ETF,SH,511260
2018-06-22,99.5,99.5,99.5,99.5,720,71640,综合债指数ETF,SH,511280
2018-06-25,101.785,102.198,101.301,102.0,7400,754584,7-10年国债ETF,SH,511260
2018-06-25,99.5,99.5,99.5,99.5,1550,154225,综合债指数ETF,SH,511280
2018-06-26,101.9,101.9,101.9,101.9,1500,152850,7-10年国债ETF,SH,511260
2018-06-26,99.5,99.5,99.5,99.5,1700,169150,综合债指数ETF,SH,511280
2018-06-27,101.9,102.0,101.601,101.601,2600,264862,7-10年国债ETF,SH,511260
2018-06-27,99.5,99.5,99.5,99.5,1150,114425,综合债指数ETF,SH,511280
2018-06-28,101.604,102.199,101.604,101.9,2700,275376,7-10年国债ETF,SH,511260
2018-06-28,99.998,99.998,99.5,99.5,3200,319787,综合债指数ETF,SH,511280
2018-06-29,101.903,102.2,101.459,102.2,34020,3468020,7-10年国债ETF,SH,511260
2018-06-29,99.95,99.95,90.999,99.5,3220,321659,综合债指数ETF,SH,511280
2018-07-02,102.203,102.7,102.203,102.4,16840,1726130,7-10年国债ETF,SH,511260
2018-07-02,99.5,99.5,99.5,99.5,420,41790,综合债指数ETF,SH,511280
2018-07-03,102.399,102.8,102.399,102.796,9640,989376,7-10年国债ETF,SH,511260
2018-07-03,99.5,99.5,99.5,99.5,1030,102485,综合债指数ETF,SH,511280
2018-07-04,102.793,102.793,102.5,102.5,1100,112859,7-10年国债ETF,SH,511260
2018-07-04,99.5,99.5,99.5,99.5,480,47760,综合债指数ETF,SH,511280
2018-07-05,102.5,102.502,102.5,102.5,1500,153751,7-10年国债ETF,SH,511260
2018-07-06,102.497,102.5,102.497,102.5,1900,194750,7-10年国债ETF,SH,511260
2018-07-06,99.6,99.6,99.6,99.6,3610,359556,综合债指数ETF,SH,511280
2018-07-09,102.3,102.3,102.21,102.3,10500,1074141,7-10年国债ETF,SH,511260
2018-07-10,102.16,102.4,102.1,102.4,5300,542255,7-10年国债ETF,SH,511260
2018-07-10,99.6,99.6,99.6,99.6,10,996,综合债指数ETF,SH,511280
2018-07-11,102.3,102.3,102.14,102.157,910,93037,7-10年国债ETF,SH,511260
2018-07-11,99.6,99.6,99.6,99.6,2010,200196,综合债指数ETF,SH,511280
2018-07-12,102.166,102.507,102.166,102.4,4600,471221,7-10年国债ETF,SH,511260
2018-07-12,99.5,99.5,99.5,99.5,30,2985,综合债指数ETF,SH,511280
2018-07-13,102.397,102.41,102.286,102.4,2410,246774,7-10年国债ETF,SH,511260
2018-07-13,99.601,100.5,99.601,100.5,10269,1028580,综合债指数ETF,SH,511280
2018-07-16,102.413,102.799,102.413,102.74,3400,349354,7-10年国债ETF,SH,511260
2018-07-16,99.686,99.686,99.602,99.602,140,13954,综合债指数ETF,SH,511280
2018-07-17,102.79,102.889,102.79,102.88,600,61703,7-10年国债ETF,SH,511260
2018-07-17,99.959,99.959,99.7,99.7,130,12987,综合债指数ETF,SH,511280
2018-07-18,103.015,103.015,102.727,102.728,3710,381481,7-10年国债ETF,SH,511260
2018-07-18,99.8,99.8,99.8,99.8,20,1996,综合债指数ETF,SH,511280
2018-07-19,102.725,102.999,102.671,102.999,1100,113128,7-10年国债ETF,SH,511260
2018-07-19,99.9,99.9,99.9,99.9,510,50949,综合债指数ETF,SH,511280
2018-07-20,103.187,103.2,103.1,103.1,3400,350754,7-10年国债ETF,SH,511260
2018-07-20,100.0,100.0,100.0,100.0,670,67000,综合债指数ETF,SH,511280
2018-07-23,103.002,103.002,102.6,102.8,5300,545080,7-10年国债ETF,SH,511260
2018-07-23,100.0,100.0,100.0,100.0,580,58000,综合债指数ETF,SH,511280
2018-07-24,102.601,102.799,102.601,102.614,610,62607,7-10年国债ETF,SH,511260
2018-07-24,100.0,100.0,100.0,100.0,1340,134000,综合债指数ETF,SH,511280
2018-07-25,102.611,102.611,102.401,102.5,1410,144501,7-10年国债ETF,SH,511260
2018-07-25,100.0,100.0,100.0,100.0,1000,100000,综合债指数ETF,SH,511280
2018-07-26,102.4,102.589,102.4,102.589,1200,123002,7-10年国债ETF,SH,511260
2018-07-26,100.0,100.0,100.0,100.0,10,1000,综合债指数ETF,SH,511280
2018-07-27,102.901,102.901,102.5,102.649,2110,216616,7-10年国债ETF,SH,511260
2018-07-27,100.0,100.0,100.0,100.0,40,4000,综合债指数ETF,SH,511280
2018-07-30,102.652,102.652,102.599,102.6,1510,154956,7-10年国债ETF,SH,511260
2018-07-30,100.0,100.01,100.0,100.0,1000,100003,综合债指数ETF,SH,511280
2018-07-31,102.488,102.7,102.488,102.699,510,52359,7-10年国债ETF,SH,511260
2018-07-31,100.0,100.0,100.0,100.0,1490,149000,综合债指数ETF,SH,511280
2018-08-01,102.79,102.85,102.698,102.698,1600,164443,7-10年国债ETF,SH,511260
2018-08-01,100.0,100.0,100.0,100.0,2150,215000,综合债指数ETF,SH,511280
2018-08-02,102.708,104.213,102.708,103.2,5410,558114,7-10年国债ETF,SH,511260
2018-08-02,100.5,100.5,100.5,100.5,2000,201000,综合债指数ETF,SH,511280
2018-08-03,102.845,103.3,102.845,103.3,410,42252,7-10年国债ETF,SH,511260
2018-08-03,100.5,101.5,100.5,101.499,5860,593245,综合债指数ETF,SH,511280
2018-08-06,103.303,103.689,103.111,103.689,3100,320288,7-10年国债ETF,SH,511260
2018-08-06,101.499,101.499,101.499,101.499,100,10150,综合债指数ETF,SH,511280
2018-08-07,103.201,103.799,103.201,103.26,700,72317,7-10年国债ETF,SH,511260
2018-08-07,101.5,101.5,100.0,101.49,590,59772,综合债指数ETF,SH,511280
2018-08-08,102.812,103.256,102.812,102.839,2400,247209,7-10年国债ETF,SH,511260
2018-08-09,102.839,103.16,102.7,102.851,810,83368,7-10年国债ETF,SH,511260
2018-08-09,100.501,101.3,100.5,101.3,530,53365,综合债指数ETF,SH,511280
2018-08-10,102.631,102.933,102.631,102.905,700,71990,7-10年国债ETF,SH,511260
2018-08-10,100.501,100.501,100.5,100.5,5020,504510,综合债指数ETF,SH,511280
2018-08-13,102.894,102.894,102.341,102.341,3300,338459,7-10年国债ETF,SH,511260
2018-08-13,100.301,100.301,100.0,100.0,3650,365930,综合债指数ETF,SH,511280
2018-08-14,102.67,102.67,102.541,102.541,500,51309,7-10年国债ETF,SH,511260
2018-08-14,100.0,100.0,100.0,100.0,2050,205000,综合债指数ETF,SH,511280
2018-08-15,102.7,102.887,102.7,102.885,1810,186036,7-10年国债ETF,SH,511260
2018-08-15,100.001,100.001,100.0,100.0,910,91000,综合债指数ETF,SH,511280
2018-08-16,102.408,103.08,102.309,102.605,800,82202,7-10年国债ETF,SH,511260
2018-08-16,100.001,100.001,100.001,100.001,10,1000,综合债指数ETF,SH,511280
2018-08-17,100.0,100.0,99.999,100.0,3740,374000,综合债指数ETF,SH,511280
2018-08-20,101.751,101.752,101.751,101.751,510,51893,7-10年国债ETF,SH,511260
2018-08-20,100.0,100.0,100.0,100.0,800,80000,综合债指数ETF,SH,511280
2018-08-21,102.405,102.405,101.751,101.951,700,71482,7-10年国债ETF,SH,511260
2018-08-21,99.501,99.501,99.501,99.501,200,19900,综合债指数ETF,SH,511280
2018-08-22,101.752,101.93,101.716,101.74,31610,3216341,7-10年国债ETF,SH,511260
2018-08-22,99.5,99.5,99.5,99.5,130,12935,综合债指数ETF,SH,511280
2018-08-23,102.0,102.2,101.999,102.2,24400,2488820,7-10年国债ETF,SH,511260
2018-08-24,102.201,102.6,102.0,102.005,25020,2554092,7-10年国债ETF,SH,511260
2018-08-24,99.501,99.501,99.501,99.501,10,995,综合债指数ETF,SH,511280
2018-08-27,102.5,102.5,102.222,102.227,16450,1681679,7-10年国债ETF,SH,511260
2018-08-27,99.5,99.5,99.5,99.5,250,24875,综合债指数ETF,SH,511280
2018-08-28,103.233,103.233,102.0,102.218,40890,4183366,7-10年国债ETF,SH,511260
2018-08-28,99.5,99.5,99.5,99.5,100,9950,综合债指数ETF,SH,511280
2018-08-29,102.5,103.25,102.296,102.333,140480,14377897,7-10年国债ETF,SH,511260
2018-08-29,99.5,99.5,99.5,99.5,10,995,综合债指数ETF,SH,511280
2018-08-30,102.48,102.496,102.3,102.496,103610,10607510,7-10年国债ETF,SH,511260
2018-08-31,101.464,102.596,101.464,102.577,35210,3611539,7-10年国债ETF,SH,511260
2018-08-31,101.98,101.98,99.5,99.5,200,20148,综合债指数ETF,SH,511280
2018-09-03,102.575,102.76,102.268,102.39,33800,3457077,7-10年国债ETF,SH,511260
2018-09-04,102.1,102.4,101.93,102.381,79820,8168610,7-10年国债ETF,SH,511260
2018-09-05,102.201,102.6,102.165,102.3,28000,2864636,7-10年国债ETF,SH,511260
2018-09-05,99.501,99.501,99.5,99.501,2300,228852,综合债指数ETF,SH,511280
2018-09-06,101.398,102.193,101.398,102.188,26120,2667111,7-10年国债ETF,SH,511260
2018-09-07,102.05,102.177,102.049,102.157,22030,2250008,7-10年国债ETF,SH,511260
2018-09-07,101.0,101.0,101.0,101.0,100,10100,综合债指数ETF,SH,511280
2018-09-10,102.104,102.18,102.1,102.11,20500,2093260,7-10年国债ETF,SH,511260
2018-09-10,99.5,99.5,99.5,99.5,240,23880,综合债指数ETF,SH,511280
2018-09-11,101.911,102.05,101.441,101.887,88400,8994639,7-10年国债ETF,SH,511260
2018-09-11,99.501,99.501,99.5,99.5,330,32835,综合债指数ETF,SH,511280
2018-09-12,101.75,101.87,101.599,101.771,16800,1707301,7-10年国债ETF,SH,511260
2018-09-12,99.501,99.501,99.501,99.501,20,1990,综合债指数ETF,SH,511280
2018-09-13,101.771,102.178,101.733,101.751,39900,4071184,7-10年国债ETF,SH,511260
2018-09-13,99.501,99.501,99.501,99.501,10,995,综合债指数ETF,SH,511280
2018-09-14,101.781,102.035,101.781,101.98,27400,2795508,7-10年国债ETF,SH,511260
2018-09-17,102.11,102.2,101.919,102.101,24900,2540500,7-10年国债ETF,SH,511260
2018-09-17,99.5,99.5,99.5,99.5,1500,149250,综合债指数ETF,SH,511280
2018-09-18,102.101,102.252,102.101,102.184,20930,2139834,7-10年国债ETF,SH,511260
2018-09-18,99.5,99.5,99.5,99.5,560,55720,综合债指数ETF,SH,511280
2018-09-19,102.436,102.436,102.168,102.168,52500,5365717,7-10年国债ETF,SH,511260
2018-09-19,99.5,99.501,89.551,99.5,5650,561628,综合债指数ETF,SH,511280
2018-09-20,102.43,102.43,101.899,101.97,386600,39425065,7-10年国债ETF,SH,511260
2018-09-20,99.5,99.5,99.5,99.5,20,1990,综合债指数ETF,SH,511280
2018-09-21,101.889,101.9,101.808,101.819,37600,3828245,7-10年国债ETF,SH,511260
2018-09-21,99.5,99.5,99.5,99.5,500,49750,综合债指数ETF,SH,511280
2018-09-25,102.34,102.34,101.851,101.99,51410,5243696,7-10年国债ETF,SH,511260
2018-09-26,102.4,102.4,101.91,102.03,74110,7561420,7-10年国债ETF,SH,511260
2018-09-26,90.0,100.965,90.0,99.5,950,91029,综合债指数ETF,SH,511280
2018-09-27,102.033,102.146,102.033,102.14,62690,6403192,7-10年国债ETF,SH,511260
2018-09-27,97.0,99.6,96.999,99.5,1770,175080,综合债指数ETF,SH,511280
2018-09-28,102.299,102.373,102.239,102.373,63490,6497411,7-10年国债ETF,SH,511260
2018-09-28,99.501,99.501,99.501,99.501,100,9950,综合债指数ETF,SH,511280
2018-10-08,102.1,102.413,102.1,102.407,26510,2714704,7-10年国债ETF,SH,511260
2018-10-08,99.5,99.5,99.5,99.5,300,29850,综合债指数ETF,SH,511280
2018-10-09,102.108,102.533,102.108,102.532,55400,5679993,7-10年国债ETF,SH,511260
2018-10-09,99.5,99.5,99.5,99.5,540,53730,综合债指数ETF,SH,511280
2018-10-10,102.54,102.546,102.458,102.47,53810,5517849,7-10年国债ETF,SH,511260
2018-10-10,99.502,99.502,99.499,99.5,1000,99500,综合债指数ETF,SH,511280
2018-10-11,102.5,102.639,102.5,102.639,52370,5370948,7-10年国债ETF,SH,511260
2018-10-11,100.0,100.0,99.502,99.502,120,11990,综合债指数ETF,SH,511280
2018-10-12,102.82,102.824,102.685,102.814,81900,8420699,7-10年国债ETF,SH,511260
2018-10-15,102.806,102.809,102.806,102.806,124700,12820149,7-10年国债ETF,SH,511260
2018-10-15,99.503,99.503,99.503,99.503,300,29851,综合债指数ETF,SH,511280
2018-10-16,102.837,102.84,102.836,102.84,107210,11025255,7-10年国债ETF,SH,511260
2018-10-17,102.915,102.917,102.9,102.916,66810,6875831,7-10年国债ETF,SH,511260
2018-10-17,99.5,99.5,99.5,99.5,640,63680,综合债指数ETF,SH,511280
2018-10-18,102.891,102.986,102.89,102.893,154200,15866219,7-10年国债ETF,SH,511260
2018-10-19,102.98,103.36,102.779,103.068,109800,11317075,7-10年国债ETF,SH,511260
2018-10-19,99.5,99.989,99.5,99.989,210,20945,综合债指数ETF,SH,511280
2018-10-22,102.95,102.953,102.95,102.95,154100,15864882,7-10年国债ETF,SH,511260
2018-10-22,99.501,99.89,99.5,99.5,550,54764,综合债指数ETF,SH,511280
2018-10-23,102.799,102.914,102.797,102.897,40100,4123178,7-10年国债ETF,SH,511260
2018-10-23,99.6,99.6,99.6,99.6,230,22908,综合债指数ETF,SH,511280
2018-10-24,103.65,103.65,102.603,102.99,122360,12603620,7-10年国债ETF,SH,511260
2018-10-24,99.6,99.6,99.6,99.6,10,996,综合债指数ETF,SH,511280
2018-10-25,103.17,103.18,103.169,103.169,92000,9492357,7-10年国债ETF,SH,511260
2018-10-25,99.61,101.6,99.599,99.7,1410,140647,综合债指数ETF,SH,511280
2018-10-26,102.901,103.183,102.9,103.183,104300,10761836,7-10年国债ETF,SH,511260
2018-10-26,99.7,99.7,99.7,99.7,210,20937,综合债指数ETF,SH,511280
2018-10-29,102.878,103.195,102.878,103.195,113000,11660891,7-10年国债ETF,SH,511260
2018-10-30,103.91,103.91,103.35,103.431,96800,10012128,7-10年国债ETF,SH,511260
2018-10-30,99.701,99.701,99.701,99.701,10,997,综合债指数ETF,SH,511280
2018-10-31,103.4,103.402,103.4,103.402,106600,11022544,7-10年国债ETF,SH,511260
2018-10-31,99.701,100.0,99.7,99.964,649,64769,综合债指数ETF,SH,511280
2018-11-01,103.471,103.7,103.47,103.471,73300,7584563,7-10年国债ETF,SH,511260
2018-11-01,99.964,101.8,99.964,100.5,1700,170740,综合债指数ETF,SH,511280
2018-11-02,103.47,103.47,103.42,103.42,102300,10584219,7-10年国债ETF,SH,511260
2018-11-05,102.7,103.568,102.7,103.293,66600,6877754,7-10年国债ETF,SH,511260
2018-11-05,100.5,100.5,100.5,100.5,1400,140700,综合债指数ETF,SH,511280
2018-11-06,102.718,103.865,102.718,103.461,96800,10009731,7-10年国债ETF,SH,511260
2018-11-06,100.5,100.5,100.5,100.5,1450,145725,综合债指数ETF,SH,511280
2018-11-07,103.491,103.583,103.491,103.583,98900,10243167,7-10年国债ETF,SH,511260
2018-11-07,100.5,100.5,100.5,100.5,40,4020,综合债指数ETF,SH,511280
2018-11-08,103.815,103.901,103.815,103.9,101500,10537534,7-10年国债ETF,SH,511260
2018-11-08,100.5,100.5,100.5,100.5,1610,161805,综合债指数ETF,SH,511280
2018-11-09,103.8,103.83,103.8,103.83,98620,10239036,7-10年国债ETF,SH,511260
2018-11-09,100.6,100.6,100.6,100.6,200,20120,综合债指数ETF,SH,511280
2018-11-12,104.18,104.18,103.871,103.871,111700,11602458,7-10年国债ETF,SH,511260
2018-11-12,100.6,101.0,100.6,101.0,200,20160,综合债指数ETF,SH,511280
2018-11-13,103.813,103.888,103.811,103.875,80400,8348029,7-10年国债ETF,SH,511260
2018-11-13,102.0,102.0,100.6,101.873,110,11206,综合债指数ETF,SH,511280
2018-11-14,103.981,104.249,103.98,104.203,1066900,111112177,7-10年国债ETF,SH,511260
2018-11-15,104.345,104.518,104.02,104.511,1635800,170648142,7-10年国债ETF,SH,511260
2018-11-16,104.56,104.782,104.56,104.708,1838300,192267982,7-10年国债ETF,SH,511260
2018-11-16,100.8,101.5,100.0,101.5,1200,120870,综合债指数ETF,SH,511280
2018-11-19,104.918,105.218,104.833,104.843,416400,43692120,7-10年国债ETF,SH,511260
2018-11-19,101.8,101.8,101.3,101.301,600,60830,综合债指数ETF,SH,511280
2018-11-20,104.645,104.8,104.645,104.736,1922650,201440000,7-10年国债ETF,SH,511260
2018-11-20,100.902,100.904,100.9,100.901,650,65585,综合债指数ETF,SH,511280
2018-11-21,104.9,104.9,104.697,104.743,1618700,169584091,7-10年国债ETF,SH,511260
2018-11-21,101.001,101.001,101.001,101.001,300,30300,综合债指数ETF,SH,511280
2018-11-22,105.808,105.808,104.674,104.674,1855820,194482851,7-10年国债ETF,SH,511260
2018-11-22,101.0,101.0,101.0,101.0,30,3030,综合债指数ETF,SH,511280
2018-11-23,104.77,104.771,104.502,104.684,1632700,170825580,7-10年国债ETF,SH,511260
2018-11-23,101.0,101.0,101.0,101.0,840,84840,综合债指数ETF,SH,511280
2018-11-26,104.598,104.646,104.482,104.498,1177600,123117923,7-10年国债ETF,SH,511260
2018-11-27,104.298,104.507,104.298,104.507,1595800,166696417,7-10年国债ETF,SH,511260
2018-11-28,104.52,104.563,104.52,104.545,1088000,113758979,7-10年国债ETF,SH,511260
2018-11-28,102.0,102.0,102.0,102.0,800,81600,综合债指数ETF,SH,511280
2018-11-29,104.61,104.996,104.61,104.752,1039300,108799327,7-10年国债ETF,SH,511260
2018-11-29,101.032,101.032,101.032,101.032,60,6062,综合债指数ETF,SH,511280
2018-11-30,104.705,104.752,101.645,104.587,1267012,132648359,7-10年国债ETF,SH,511260
2018-12-03,104.587,104.741,104.4,104.737,1257699,131708421,7-10年国债ETF,SH,511260
2018-12-03,100.0,102.0,100.0,101.4,550,55620,综合债指数ETF,SH,511280
2018-12-04,104.778,104.976,104.778,104.966,947800,99435286,7-10年国债ETF,SH,511260
2018-12-05,105.199,105.72,105.004,105.223,1435300,151303298,7-10年国债ETF,SH,511260
2018-12-05,101.998,101.998,101.121,101.121,110,11211,综合债指数ETF,SH,511280
2018-12-06,105.228,105.48,105.202,105.339,1471900,154959798,7-10年国债ETF,SH,511260
2018-12-07,105.255,105.409,105.255,105.38,753300,79375112,7-10年国债ETF,SH,511260
2018-12-07,102.0,104.3,102.0,103.438,160,16550,综合债指数ETF,SH,511280
2018-12-10,105.38,105.82,105.35,105.499,1450000,153043524,7-10年国债ETF,SH,511260
2018-12-10,101.301,101.301,101.301,101.301,10,1013,综合债指数ETF,SH,511280
2018-12-11,105.548,105.658,105.548,105.654,371000,39179384,7-10年国债ETF,SH,511260
2018-12-11,101.402,101.411,101.402,101.404,290,29407,综合债指数ETF,SH,511280
2018-12-12,105.654,105.696,105.504,105.685,141400,14941560,7-10年国债ETF,SH,511260
2018-12-12,101.401,102.5,101.401,102.5,210,21514,综合债指数ETF,SH,511280
2018-12-13,105.413,105.555,105.25,105.335,94000,9905651,7-10年国债ETF,SH,511260
2018-12-13,101.401,101.401,101.401,101.401,200,20280,综合债指数ETF,SH,511280
2018-12-14,105.02,105.3,104.729,104.982,197700,20760416,7-10年国债ETF,SH,511260
2018-12-14,101.401,101.401,101.401,101.401,100,10140,综合债指数ETF,SH,511280
2018-12-17,105.102,105.102,104.9,104.91,1260500,132289429,7-10年国债ETF,SH,511260
2018-12-17,101.4,101.4,101.4,101.4,310,31434,综合债指数ETF,SH,511280
2018-12-18,104.66,104.91,104.6,104.746,269400,28199719,7-10年国债ETF,SH,511260
2018-12-18,102.0,108.0,101.4,101.4,400,41220,综合债指数ETF,SH,511280
2018-12-19,104.777,104.885,104.77,104.885,646300,67765520,7-10年国债ETF,SH,511260
2018-12-20,105.25,105.25,105.03,105.195,1212010,127489204,7-10年国债ETF,SH,511260
2018-12-20,101.0,101.0,101.0,101.0,10,1010,综合债指数ETF,SH,511280
2018-12-21,105.198,105.56,105.195,105.422,1555200,164035611,7-10年国债ETF,SH,511260
2018-12-21,101.0,101.0,101.0,101.0,90,9090,综合债指数ETF,SH,511280
2018-12-24,105.316,105.415,105.209,105.25,852600,89737140,7-10年国债ETF,SH,511260
2018-12-25,105.25,105.4,105.15,105.306,1181700,124420020,7-10年国债ETF,SH,511260
2018-12-26,105.438,105.536,105.349,105.536,448800,47283939,7-10年国债ETF,SH,511260
2018-12-27,105.536,105.68,105.406,105.658,1716500,181329284,7-10年国债ETF,SH,511260
2018-12-27,101.17,101.17,90.9,100.0,300,29207,综合债指数ETF,SH,511280
2018-12-28,105.711,106.3,105.711,106.134,4468600,474038582,7-10年国债ETF,SH,511260
2018-12-28,99.0,102.0,99.0,100.1,600,60110,综合债指数ETF,SH,511280
2019-01-02,105.9,106.193,105.688,106.08,3456400,366828631,7-10年国债ETF,SH,511260
2019-01-02,101.17,101.17,101.0,101.0,220,22237,综合债指数ETF,SH,511280
2019-01-03,106.08,106.257,106.08,106.257,338600,35960846,7-10年国债ETF,SH,511260
2019-01-03,100.0,100.0,100.0,100.0,100,10000,综合债指数ETF,SH,511280
2019-01-04,106.28,106.44,106.0,106.119,211310,22445327,7-10年国债ETF,SH,511260
2019-01-04,100.1,100.2,100.1,100.2,110,11012,综合债指数ETF,SH,511280
2019-01-07,106.09,106.116,105.91,106.007,64200,6807891,7-10年国债ETF,SH,511260
2019-01-07,101.4,101.4,100.6,101.4,390,39472,综合债指数ETF,SH,511280
2019-01-08,106.04,106.123,106.0,106.092,134710,14285252,7-10年国债ETF,SH,511260
2019-01-09,106.121,106.182,106.075,106.172,93500,9919823,7-10年国债ETF,SH,511260
2019-01-09,100.001,100.001,100.001,100.001,20,2000,综合债指数ETF,SH,511280
2019-01-10,106.185,106.285,106.182,106.191,59500,6321295,7-10年国债ETF,SH,511260
2019-01-11,106.191,106.201,106.141,106.184,109500,11627258,7-10年国债ETF,SH,511260
2019-01-11,101.8,101.8,101.799,101.799,400,40720,综合债指数ETF,SH,511280
2019-01-14,106.213,106.226,106.1,106.144,119900,12723842,7-10年国债ETF,SH,511260
2019-01-14,102.28,103.5,101.3,101.3,1850,189925,综合债指数ETF,SH,511280
2019-01-15,106.104,106.155,106.059,106.1,70100,7438166,7-10年国债ETF,SH,511260
2019-01-15,102.998,104.987,101.0,104.0,23990,2465262,综合债指数ETF,SH,511280
2019-01-16,106.108,106.594,106.108,106.352,166895,17730804,7-10年国债ETF,SH,511260
2019-01-16,103.0,103.996,102.95,103.0,16140,1662810,综合债指数ETF,SH,511280
2019-01-17,106.58,106.58,106.48,106.539,128900,13732463,7-10年国债ETF,SH,511260
2019-01-17,103.0,103.002,102.999,103.002,14230,1465691,综合债指数ETF,SH,511280
2019-01-18,106.5,106.512,106.43,106.44,113600,12094432,7-10年国债ETF,SH,511260
2019-01-18,103.0,103.001,103.0,103.0,300,30900,综合债指数ETF,SH,511280
2019-01-21,106.4,106.411,106.195,106.3,97100,10320979,7-10年国债ETF,SH,511260
2019-01-21,103.0,103.2,103.0,103.2,800,82538,综合债指数ETF,SH,511280
2019-01-22,106.19,106.34,106.19,106.319,206200,21922145,7-10年国债ETF,SH,511260
2019-01-23,106.28,106.3,106.198,106.221,33400,3548688,7-10年国债ETF,SH,511260
2019-01-23,103.001,103.001,103.001,103.001,110,11330,综合债指数ETF,SH,511280
2019-01-24,106.201,106.279,106.167,106.263,36800,3909747,7-10年国债ETF,SH,511260
2019-01-24,103.5,103.5,103.0,103.001,4390,454170,综合债指数ETF,SH,511280
2019-01-25,106.263,106.263,106.083,106.113,101000,10718552,7-10年国债ETF,SH,511260
2019-01-25,103.497,103.497,103.497,103.497,100,10350,综合债指数ETF,SH,511280
2019-01-28,106.064,106.12,106.01,106.109,167820,17797694,7-10年国债ETF,SH,511260
2019-01-28,113.002,113.002,103.009,103.009,150,16451,综合债指数ETF,SH,511280
2019-01-29,106.063,106.184,106.063,106.181,123300,13089414,7-10年国债ETF,SH,511260
2019-01-30,106.25,106.289,106.25,106.269,41100,4367550,7-10年国债ETF,SH,511260
2019-01-31,106.3,106.415,106.3,106.351,59100,6285339,7-10年国债ETF,SH,511260
2019-01-31,102.502,102.502,102.502,102.502,20,2050,综合债指数ETF,SH,511280
2019-02-01,106.451,106.554,106.419,106.456,53400,5684737,7-10年国债ETF,SH,511260
2019-02-11,106.456,106.641,106.4,106.641,120500,12839364,7-10年国债ETF,SH,511260
2019-02-11,103.001,103.3,102.701,102.701,600,61801,综合债指数ETF,SH,511280
2019-02-12,106.645,106.79,106.645,106.72,64700,6906235,7-10年国债ETF,SH,511260
2019-02-13,106.721,106.815,106.721,106.779,263800,28169652,7-10年国债ETF,SH,511260
2019-02-13,102.702,103.0,102.702,103.0,430,44257,综合债指数ETF,SH,511280
2019-02-14,106.78,106.818,106.075,106.651,126300,13471701,7-10年国债ETF,SH,511260
2019-02-14,102.801,102.999,102.801,102.999,190,19552,综合债指数ETF,SH,511280
2019-02-15,106.67,106.9,106.67,106.779,337300,35999357,7-10年国债ETF,SH,511260
2019-02-15,102.501,102.502,102.501,102.502,460,47150,综合债指数ETF,SH,511280
2019-02-18,106.748,106.748,106.675,106.676,759300,80999996,7-10年国债ETF,SH,511260
2019-02-18,102.501,103.999,102.0,103.999,3750,385637,综合债指数ETF,SH,511280
2019-02-19,106.6,106.61,106.42,106.587,1033300,110085784,7-10年国债ETF,SH,511260
2019-02-20,106.585,106.585,106.428,106.475,589200,62745245,7-10年国债ETF,SH,511260
2019-02-21,106.47,106.472,106.354,106.401,436000,46412275,7-10年国债ETF,SH,511260
2019-02-21,103.998,103.998,103.998,103.998,100,10400,综合债指数ETF,SH,511280
2019-02-22,100.0,100.51,100.0,100.508,132220,13277148,1-3年国债ETF,SH,511020
2019-02-22,106.39,106.39,106.159,106.234,160300,17038914,7-10年国债ETF,SH,511260
2019-02-25,100.2,100.266,100.175,100.175,6680,669447,1-3年国债ETF,SH,511020
2019-02-25,106.2,106.261,106.0,106.114,430940,45711075,7-10年国债ETF,SH,511260
2019-02-26,100.0,100.005,100.0,100.0,6210,621017,1-3年国债ETF,SH,511020
2019-02-26,106.015,106.015,105.68,105.8,252700,26746825,7-10年国债ETF,SH,511260
2019-02-26,103.998,103.998,93.599,93.991,600,58278,综合债指数ETF,SH,511280
2019-02-27,100.0,100.01,99.9,100.005,7480,748054,1-3年国债ETF,SH,511020
2019-02-27,105.808,106.009,105.808,106.0,363900,38538353,7-10年国债ETF,SH,511260
2019-02-27,102.501,102.502,102.501,102.502,60,6150,综合债指数ETF,SH,511280
2019-02-28,100.005,100.04,100.005,100.03,3470,347112,1-3年国债ETF,SH,511020
2019-02-28,106.069,106.069,106.0,106.01,120500,12775796,7-10年国债ETF,SH,511260
2019-02-28,102.502,102.6,102.502,102.502,180,18456,综合债指数ETF,SH,511280
2019-03-01,99.6,100.021,99.6,100.011,2670,267038,1-3年国债ETF,SH,511020
2019-03-01,106.011,106.106,105.885,105.96,142200,15073202,7-10年国债ETF,SH,511260
2019-03-01,102.649,103.0,102.649,102.801,270,27769,综合债指数ETF,SH,511280
2019-03-04,100.008,100.008,99.773,99.872,3040,303598,1-3年国债ETF,SH,511020
2019-03-04,105.76,105.985,105.7,105.947,293300,31039714,7-10年国债ETF,SH,511260
2019-03-04,102.801,102.801,102.0,102.0,1150,117663,综合债指数ETF,SH,511280
2019-03-05,99.8,99.8,99.775,99.775,3470,346237,1-3年国债ETF,SH,511020
2019-03-05,105.85,105.901,105.8,105.84,162110,17161428,7-10年国债ETF,SH,511260
2019-03-05,101.901,102.0,101.501,102.0,1530,155523,综合债指数ETF,SH,511280
2019-03-06,99.772,99.88,99.7,99.782,9020,900297,1-3年国债ETF,SH,511020
2019-03-06,105.73,105.924,105.73,105.833,217620,23030792,7-10年国债ETF,SH,511260
2019-03-06,101.7,111.0,101.119,101.98,1800,184013,综合债指数ETF,SH,511280
2019-03-07,99.779,99.93,99.719,99.915,9170,915578,1-3年国债ETF,SH,511020
2019-03-07,105.838,106.192,105.838,106.176,300600,31874868,7-10年国债ETF,SH,511260
2019-03-07,101.98,101.98,101.98,101.98,10,1020,综合债指数ETF,SH,511280
2019-03-08,99.918,100.285,99.918,100.145,9830,984899,1-3年国债ETF,SH,511020
2019-03-08,106.189,106.4,106.181,106.236,945500,100479249,7-10年国债ETF,SH,511260
2019-03-08,100.982,103.0,100.982,102.998,3540,361918,综合债指数ETF,SH,511280
2019-03-11,100.142,100.145,100.13,100.13,4310,431604,1-3年国债ETF,SH,511020
2019-03-11,106.378,106.378,106.218,106.232,158500,16840008,7-10年国债ETF,SH,511260
2019-03-11,103.199,104.655,102.5,104.655,2710,280326,综合债指数ETF,SH,511280
2019-03-12,100.108,100.108,100.0,100.05,11600,1160471,1-3年国债ETF,SH,511020
2019-03-12,106.233,106.41,106.233,106.317,402130,42762587,7-10年国债ETF,SH,511260
2019-03-12,103.501,104.655,103.501,104.654,420,43828,综合债指数ETF,SH,511280
2019-03-13,99.85,100.219,99.85,100.219,450,45085,1-3年国债ETF,SH,511020
2019-03-13,106.241,106.398,106.241,106.373,44700,4753636,7-10年国债ETF,SH,511260
2019-03-13,103.501,103.6,103.501,103.6,760,78716,综合债指数ETF,SH,511280
2019-03-14,100.119,100.25,100.119,100.15,5410,542324,1-3年国债ETF,SH,511020
2019-03-14,106.4,106.422,106.357,106.357,90600,9638800,7-10年国债ETF,SH,511260
2019-03-14,103.601,104.0,103.601,104.0,500,51900,综合债指数ETF,SH,511280
2019-03-15,100.224,100.224,100.124,100.22,104480,10470575,1-3年国债ETF,SH,511020
2019-03-15,106.35,106.395,106.307,106.394,52400,5573619,7-10年国债ETF,SH,511260
2019-03-15,104.101,104.999,104.101,104.998,1970,205528,综合债指数ETF,SH,511280
2019-03-18,100.125,100.22,100.125,100.22,3570,357751,1-3年国债ETF,SH,511020
2019-03-18,106.354,106.406,105.6,106.347,218400,23184560,7-10年国债ETF,SH,511260
2019-03-19,100.175,100.195,100.175,100.195,3150,315614,1-3年国债ETF,SH,511020
2019-03-19,106.152,106.5,106.152,106.401,60210,6409697,7-10年国债ETF,SH,511260
2019-03-19,104.899,104.9,104.899,104.9,1290,135321,综合债指数ETF,SH,511280
2019-03-20,100.192,100.198,100.192,100.192,200,20039,1-3年国债ETF,SH,511020
2019-03-20,106.45,106.533,106.45,106.489,29420,3132808,7-10年国债ETF,SH,511260
2019-03-21,100.2,100.25,100.2,100.2,3190,319639,1-3年国债ETF,SH,511020
2019-03-21,106.43,106.49,106.43,106.486,53700,5717901,7-10年国债ETF,SH,511260
2019-03-22,100.197,100.2,100.197,100.2,780,78156,1-3年国债ETF,SH,511020
2019-03-22,106.488,106.66,106.488,106.66,71300,7602676,7-10年国债ETF,SH,511260
2019-03-22,102.001,102.001,102.001,102.001,20,2040,综合债指数ETF,SH,511280
2019-03-25,100.379,100.379,100.279,100.279,2950,296113,1-3年国债ETF,SH,511020
2019-03-25,106.76,106.999,106.76,106.889,66600,7116265,7-10年国债ETF,SH,511260
2019-03-26,100.435,100.45,100.336,100.35,3240,325343,1-3年国债ETF,SH,511020
2019-03-26,106.891,107.18,106.85,107.128,85100,9115126,7-10年国债ETF,SH,511260
2019-03-27,100.376,100.376,100.376,100.376,1170,117440,1-3年国债ETF,SH,511020
2019-03-27,107.128,107.173,107.032,107.09,86800,9296453,7-10年国债ETF,SH,511260
2019-03-28,100.373,100.379,100.35,100.35,330,33121,1-3年国债ETF,SH,511020
2019-03-28,107.001,107.088,106.99,106.99,15400,1648201,7-10年国债ETF,SH,511260
2019-03-29,100.35,100.353,100.345,100.345,690,69243,1-3年国债ETF,SH,511020
2019-03-29,107.279,107.279,106.733,106.88,262900,28124463,7-10年国债ETF,SH,511260
2019-04-01,100.201,100.201,100.12,100.12,2090,209416,1-3年国债ETF,SH,511020
2019-04-01,106.568,106.899,106.568,106.782,78000,8331415,7-10年国债ETF,SH,511260
2019-04-01,102.001,103.001,102.001,103.001,40,4110,综合债指数ETF,SH,511280
2019-04-02,100.117,100.12,100.071,100.12,80,8008,1-3年国债ETF,SH,511020
2019-04-02,106.77,106.77,106.34,106.429,437700,46585872,7-10年国债ETF,SH,511260
2019-04-02,103.001,103.995,102.8,102.9,810,83608,综合债指数ETF,SH,511280
2019-04-03,100.1,100.1,100.01,100.01,2140,214023,1-3年国债ETF,SH,511020
2019-04-03,106.68,106.68,106.001,106.02,64500,6850138,7-10年国债ETF,SH,511260
2019-04-03,102.5,104.0,102.01,102.603,630,64762,综合债指数ETF,SH,511280
2019-04-04,100.008,100.008,99.8,99.8,640,63971,1-3年国债ETF,SH,511020
2019-04-04,105.849,105.921,105.706,105.725,150010,15865014,7-10年国债ETF,SH,511260
2019-04-04,102.997,102.997,102.997,102.997,100,10300,综合债指数ETF,SH,511280
2019-04-08,99.5,99.725,99.5,99.525,3670,365740,1-3年国债ETF,SH,511020
2019-04-08,105.699,105.7,105.2,105.5,1219000,128654814,7-10年国债ETF,SH,511260
2019-04-08,102.996,102.996,102.799,102.799,300,30860,综合债指数ETF,SH,511280
2019-04-09,99.61,99.61,99.501,99.501,1110,110546,1-3年国债ETF,SH,511020
2019-04-09,105.505,105.7,105.505,105.533,81820,8641640,7-10年国债ETF,SH,511260
2019-04-09,102.989,103.98,102.989,103.826,900,93443,综合债指数ETF,SH,511280
2019-04-10,99.501,99.557,99.501,99.501,2360,234834,1-3年国债ETF,SH,511020
2019-04-10,104.7,105.698,104.7,105.351,113550,11958994,7-10年国债ETF,SH,511260
2019-04-10,102.01,103.3,102.01,103.3,120,12370,综合债指数ETF,SH,511280
2019-04-11,99.504,99.573,99.504,99.573,4300,428035,1-3年国债ETF,SH,511020
2019-04-11,105.351,105.651,105.351,105.565,154710,16328950,7-10年国债ETF,SH,511260
2019-04-12,99.36,99.36,99.36,99.36,20,1987,1-3年国债ETF,SH,511020
2019-04-12,105.48,105.559,105.401,105.42,156800,16534513,7-10年国债ETF,SH,511260
2019-04-12,102.0,102.201,102.0,102.201,110,11222,综合债指数ETF,SH,511280
2019-04-15,99.008,99.406,99.008,99.406,920,91407,1-3年国债ETF,SH,511020
2019-04-15,105.25,105.25,104.733,104.86,163300,17126034,7-10年国债ETF,SH,511260
2019-04-16,99.405,99.405,99.01,99.159,1530,151733,1-3年国债ETF,SH,511020
2019-04-16,104.84,104.84,104.51,104.62,75800,7935904,7-10年国债ETF,SH,511260
2019-04-17,99.156,99.156,99.001,99.001,240,23769,1-3年国债ETF,SH,511020
2019-04-17,105.588,105.588,104.501,104.895,114855,12012369,7-10年国债ETF,SH,511260
2019-04-17,102.2,102.996,102.2,102.2,16100,1645500,综合债指数ETF,SH,511280
2019-04-18,99.004,99.004,99.0,99.0,140,13860,1-3年国债ETF,SH,511020
2019-04-18,104.563,104.811,104.563,104.801,74000,7751971,7-10年国债ETF,SH,511260
2019-04-18,100.001,102.21,100.001,102.2,15850,1618855,综合债指数ETF,SH,511280
2019-04-19,99.05,99.245,99.0,99.245,330,32726,1-3年国债ETF,SH,511020
2019-04-19,104.9,104.99,104.889,104.911,112400,11796233,7-10年国债ETF,SH,511260
2019-04-19,101.003,101.003,101.003,101.003,100,10100,综合债指数ETF,SH,511280
2019-04-22,99.242,99.242,99.08,99.094,2340,231944,1-3年国债ETF,SH,511020
2019-04-22,104.9,104.9,104.659,104.707,109205,11434784,7-10年国债ETF,SH,511260
2019-04-23,99.1,99.1,99.09,99.09,110,10901,1-3年国债ETF,SH,511020
2019-04-23,104.581,104.648,104.461,104.539,143000,14952755,7-10年国债ETF,SH,511260
2019-04-23,101.153,101.155,101.153,101.155,430,43497,综合债指数ETF,SH,511280
2019-04-24,99.04,99.04,99.04,99.04,400,39616,1-3年国债ETF,SH,511020
2019-04-24,104.448,104.686,104.448,104.45,38200,3994159,7-10年国债ETF,SH,511260
2019-04-24,101.305,101.305,101.15,101.15,200,20246,综合债指数ETF,SH,511280
2019-04-25,98.75,99.09,98.75,99.087,6640,657600,1-3年国债ETF,SH,511020
2019-04-25,104.45,104.88,104.252,104.529,85300,8916185,7-10年国债ETF,SH,511260
2019-04-25,101.15,102.0,101.15,102.0,290,29419,综合债指数ETF,SH,511280
2019-04-26,98.875,99.03,98.875,99.03,2450,242562,1-3年国债ETF,SH,511020
2019-04-26,104.53,104.65,104.53,104.645,68900,7207888,7-10年国债ETF,SH,511260
2019-04-26,101.98,101.98,101.0,101.0,200,20298,综合债指数ETF,SH,511280
2019-04-29,99.027,99.027,98.95,98.95,2130,210871,1-3年国债ETF,SH,511020
2019-04-29,104.548,104.645,104.435,104.49,83400,8717350,7-10年国债ETF,SH,511260
2019-04-30,98.953,99.018,98.948,99.018,250,24746,1-3年国债ETF,SH,511020
2019-04-30,104.491,104.799,104.491,104.796,38410,4019578,7-10年国债ETF,SH,511260
2019-04-30,100.001,100.001,100.0,100.001,130,13000,综合债指数ETF,SH,511280
2019-05-06,99.1,99.382,99.1,99.378,2040,202670,1-3年国债ETF,SH,511020
2019-05-06,104.896,105.2,104.896,105.09,101400,10652778,7-10年国债ETF,SH,511260
2019-05-06,100.001,100.001,100.001,100.001,5440,544005,综合债指数ETF,SH,511280
2019-05-07,99.4,99.409,99.399,99.409,900,89464,1-3年国债ETF,SH,511020
2019-05-07,105.17,105.2,105.022,105.128,44500,4678546,7-10年国债ETF,SH,511260
2019-05-08,105.199,105.299,105.199,105.212,35000,3682759,7-10年国债ETF,SH,511260
2019-05-08,100.7,101.99,100.008,101.3,440,44578,综合债指数ETF,SH,511280
2019-05-09,99.42,99.53,99.42,99.475,200,19895,1-3年国债ETF,SH,511020
2019-05-09,105.311,105.379,105.3,105.35,73200,7709905,7-10年国债ETF,SH,511260
2019-05-10,99.53,99.55,99.301,99.37,5900,586583,1-3年国债ETF,SH,511020
2019-05-10,105.36,105.595,105.263,105.53,87400,9216574,7-10年国债ETF,SH,511260
2019-05-13,99.373,99.5,99.373,99.475,610,60681,1-3年国债ETF,SH,511020
2019-05-13,105.63,105.997,105.63,105.949,109800,11628182,7-10年国债ETF,SH,511260
2019-05-13,101.7,101.7,100.701,101.7,240,24388,综合债指数ETF,SH,511280
2019-05-14,99.55,99.8,99.508,99.8,6030,600222,1-3年国债ETF,SH,511020
2019-05-14,105.95,105.99,105.798,105.81,52000,5503665,7-10年国债ETF,SH,511260
2019-05-15,99.704,99.74,99.704,99.719,2920,291153,1-3年国债ETF,SH,511020
2019-05-15,105.721,105.805,105.522,105.804,42600,4504735,7-10年国债ETF,SH,511260
2019-05-15,100.348,100.348,100.344,100.347,120,12042,综合债指数ETF,SH,511280
2019-05-16,99.8,99.82,99.8,99.82,610,60883,1-3年国债ETF,SH,511020
2019-05-16,105.88,105.899,105.801,105.87,82300,8714242,7-10年国债ETF,SH,511260
2019-05-17,100.0,100.0,100.0,100.0,100,10000,1-3年国债ETF,SH,511020
2019-05-17,105.891,105.999,105.871,105.994,72710,7703090,7-10年国债ETF,SH,511260
2019-05-20,99.82,99.82,99.82,99.82,220,21960,1-3年国债ETF,SH,511020
2019-05-20,105.988,106.076,105.909,106.006,42000,4453016,7-10年国债ETF,SH,511260
2019-05-21,99.71,99.71,99.7,99.7,610,60818,1-3年国债ETF,SH,511020
2019-05-21,106.006,106.05,105.301,105.786,90100,9531789,7-10年国债ETF,SH,511260
2019-05-21,101.008,101.008,101.008,101.008,100,10101,综合债指数ETF,SH,511280
2019-05-22,99.6,99.85,99.6,99.85,6830,681843,1-3年国债ETF,SH,511020
2019-05-22,105.786,105.786,105.62,105.699,73400,7757008,7-10年国债ETF,SH,511260
2019-05-22,101.998,102.0,101.998,101.999,400,40800,综合债指数ETF,SH,511280
2019-05-23,99.7,99.7,99.7,99.7,70,6979,1-3年国债ETF,SH,511020
2019-05-23,105.695,105.776,105.562,105.721,66100,6985530,7-10年国债ETF,SH,511260
2019-05-23,102.01,102.01,102.01,102.01,100,10201,综合债指数ETF,SH,511280
2019-05-24,99.821,99.821,99.625,99.625,2210,220583,1-3年国债ETF,SH,511020
2019-05-24,105.626,105.72,105.626,105.651,26500,2800099,7-10年国债ETF,SH,511260
2019-05-27,99.628,99.628,99.628,99.628,100,9963,1-3年国债ETF,SH,511020
2019-05-27,105.551,105.551,105.045,105.32,59100,6228005,7-10年国债ETF,SH,511260
2019-05-28,105.488,105.577,105.363,105.543,33169,3497442,7-10年国债ETF,SH,511260
2019-05-29,99.631,99.675,99.631,99.675,130,12953,1-3年国债ETF,SH,511020
2019-05-29,105.557,105.72,105.557,105.72,62800,6636365,7-10年国债ETF,SH,511260
2019-05-29,102.0,102.0,102.0,102.0,200,20400,综合债指数ETF,SH,511280
2019-05-30,99.75,100.0,99.725,99.776,3210,320338,1-3年国债ETF,SH,511020
2019-05-30,105.72,105.827,105.72,105.826,58700,6210214,7-10年国债ETF,SH,511260
2019-05-30,100.001,102.5,100.001,102.5,500,50570,综合债指数ETF,SH,511280
2019-05-31,100.0,100.0,100.0,100.0,700,70000,1-3年国债ETF,SH,511020
2019-05-31,105.859,106.12,105.859,105.917,41300,4374011,7-10年国债ETF,SH,511260
2019-06-03,99.997,100.15,99.701,100.136,65080,6515227,1-3年国债ETF,SH,511020
2019-06-03,106.017,106.199,106.0,106.114,51000,5411601,7-10年国债ETF,SH,511260
2019-06-03,100.016,100.016,100.016,100.016,100,10002,综合债指数ETF,SH,511280
2019-06-04,100.0,100.15,100.0,100.15,270,27005,1-3年国债ETF,SH,511020
2019-06-04,106.116,106.325,106.115,106.324,105100,11171014,7-10年国债ETF,SH,511260
2019-06-04,102.0,103.0,100.106,100.106,300,30511,综合债指数ETF,SH,511280
2019-06-05,100.15,100.15,100.05,100.15,3230,323484,1-3年国债ETF,SH,511020
2019-06-05,106.324,106.474,106.225,106.473,66800,7108200,7-10年国债ETF,SH,511260
2019-06-05,102.0,102.0,102.0,102.0,100,10200,综合债指数ETF,SH,511280
2019-06-06,100.15,100.15,100.15,100.15,10,1002,1-3年国债ETF,SH,511020
2019-06-06,106.473,106.658,106.422,106.496,83300,8871797,7-10年国债ETF,SH,511260
2019-06-10,100.2,100.2,100.2,100.2,1020,102204,1-3年国债ETF,SH,511020
2019-06-10,106.48,106.48,106.28,106.401,56700,6030030,7-10年国债ETF,SH,511260
2019-06-10,101.001,101.001,101.001,101.001,100,10100,综合债指数ETF,SH,511280
2019-06-11,100.0,100.1,100.0,100.1,660,66036,1-3年国债ETF,SH,511020
2019-06-11,106.31,106.31,105.952,106.161,260200,27606828,7-10年国债ETF,SH,511260
2019-06-11,100.203,100.203,100.203,100.203,10,1002,综合债指数ETF,SH,511280
2019-06-12,106.16,106.19,106.062,106.14,29910,3175247,7-10年国债ETF,SH,511260
2019-06-13,106.145,106.287,106.145,106.275,41400,4399282,7-10年国债ETF,SH,511260
2019-06-13,100.203,100.203,100.203,100.203,100,10020,综合债指数ETF,SH,511280
2019-06-14,100.3,100.31,100.3,100.31,2630,263807,1-3年国债ETF,SH,511020
2019-06-14,106.283,106.44,106.283,106.44,70100,7456467,7-10年国债ETF,SH,511260
2019-06-17,100.25,100.25,100.25,100.25,80,8020,1-3年国债ETF,SH,511020
2019-06-17,106.44,106.53,106.44,106.512,62700,6678016,7-10年国债ETF,SH,511260
2019-06-18,100.25,100.25,100.25,100.25,210,21053,1-3年国债ETF,SH,511020
2019-06-18,106.464,106.472,106.389,106.41,44500,4735507,7-10年国债ETF,SH,511260
2019-06-19,106.35,106.399,106.001,106.353,87200,9262491,7-10年国债ETF,SH,511260
2019-06-19,100.203,100.203,100.203,100.203,10,1002,综合债指数ETF,SH,511280
2019-06-20,100.25,100.4,100.25,100.3,11030,1107229,1-3年国债ETF,SH,511020
2019-06-20,106.4,106.48,106.4,106.402,59900,6375325,7-10年国债ETF,SH,511260
2019-06-20,103.0,103.0,100.3,101.35,510,51618,综合债指数ETF,SH,511280
2019-06-21,100.275,100.3,100.275,100.3,50,5014,1-3年国债ETF,SH,511020
2019-06-21,106.396,106.444,106.3,106.401,72600,7723985,7-10年国债ETF,SH,511260
2019-06-24,100.3,100.315,100.3,100.315,520,52161,1-3年国债ETF,SH,511020
2019-06-24,106.4,106.461,106.35,106.37,40400,4297845,7-10年国债ETF,SH,511260
2019-06-25,100.31,100.658,100.31,100.658,176090,17724174,1-3年国债ETF,SH,511020
2019-06-25,106.371,106.549,106.371,106.444,76600,8154762,7-10年国债ETF,SH,511260
2019-06-26,100.4,100.4,100.4,100.4,10,1004,1-3年国债ETF,SH,511020
2019-06-26,106.411,106.411,106.391,106.392,23800,2532475,7-10年国债ETF,SH,511260
2019-06-27,106.45,106.45,106.213,106.35,42434,4513564,7-10年国债ETF,SH,511260
2019-06-28,100.4,100.7,100.4,100.4,6330,636635,1-3年国债ETF,SH,511020
2019-06-28,106.358,106.468,106.28,106.436,119866,12752867,7-10年国债ETF,SH,511260
2019-07-01,100.38,100.38,100.38,100.38,2110,211802,1-3年国债ETF,SH,511020
2019-07-01,106.408,106.519,106.335,106.501,85500,9103522,7-10年国债ETF,SH,511260
2019-07-01,100.4,100.4,100.4,100.4,100,10040,综合债指数ETF,SH,511280
2019-07-02,100.35,100.75,100.35,100.5,10030,1010037,1-3年国债ETF,SH,511020
2019-07-02,106.565,106.699,106.229,106.595,368000,39196271,7-10年国债ETF,SH,511260
2019-07-02,100.431,100.431,100.431,100.431,100,10043,综合债指数ETF,SH,511280
2019-07-03,100.6,100.901,100.6,100.9,18640,1880736,1-3年国债ETF,SH,511020
2019-07-03,106.715,107.0,106.601,106.796,59000,6297684,7-10年国债ETF,SH,511260
2019-07-04,100.8,100.8,100.8,100.8,10,1008,1-3年国债ETF,SH,511020
2019-07-04,106.82,107.071,106.796,107.07,72250,7728560,7-10年国债ETF,SH,511260
2019-07-04,100.431,101.998,100.431,101.998,300,30443,综合债指数ETF,SH,511280
2019-07-05,100.8,100.8,100.8,100.8,20,2016,1-3年国债ETF,SH,511020
2019-07-05,106.72,117.0,106.72,106.89,620000,66271089,7-10年国债ETF,SH,511260
2019-07-08,100.818,100.818,100.818,100.818,10,1008,1-3年国债ETF,SH,511020
2019-07-08,106.886,106.886,106.684,106.815,93000,9936106,7-10年国债ETF,SH,511260
2019-07-09,107.299,107.315,106.817,106.911,79210,8465316,7-10年国债ETF,SH,511260
2019-07-10,106.899,106.976,106.859,106.862,59900,6402059,7-10年国债ETF,SH,511260
2019-07-11,100.85,100.86,100.85,100.86,120,12102,1-3年国债ETF,SH,511020
2019-07-11,107.017,107.018,106.875,106.913,100720,10775327,7-10年国债ETF,SH,511260
2019-07-12,100.863,100.863,100.86,100.86,110,11095,1-3年国债ETF,SH,511020
2019-07-12,106.979,106.979,106.907,106.919,78700,8415024,7-10年国债ETF,SH,511260
2019-07-12,100.06,100.06,100.06,100.06,10,1001,综合债指数ETF,SH,511280
2019-07-15,100.88,100.88,100.88,100.88,110,11097,1-3年国债ETF,SH,511020
2019-07-15,107.019,107.199,106.957,106.99,96700,10348826,7-10年国债ETF,SH,511260
2019-07-15,100.901,100.901,100.901,100.901,30,3027,综合债指数ETF,SH,511280
2019-07-16,106.962,107.021,106.952,106.961,60100,6430163,7-10年国债ETF,SH,511260
2019-07-16,100.601,100.601,100.601,100.601,100,10060,综合债指数ETF,SH,511280
2019-07-17,100.883,100.883,100.865,100.865,120,12106,1-3年国债ETF,SH,511020
2019-07-17,106.999,106.999,106.963,106.98,96800,10355992,7-10年国债ETF,SH,511260
2019-07-18,100.855,100.855,100.855,100.855,10,1009,1-3年国债ETF,SH,511020
2019-07-18,107.019,107.056,107.019,107.055,73800,7899641,7-10年国债ETF,SH,511260
2019-07-19,100.88,101.05,100.88,101.05,5100,515338,1-3年国债ETF,SH,511020
2019-07-19,107.12,107.199,107.069,107.076,48000,5140129,7-10年国债ETF,SH,511260
2019-07-19,100.88,101.8,100.02,100.02,230,23269,综合债指数ETF,SH,511280
2019-07-22,107.13,107.249,107.0,107.131,96420,10330977,7-10年国债ETF,SH,511260
2019-07-23,101.03,101.035,101.03,101.035,2510,253585,1-3年国债ETF,SH,511020
2019-07-23,107.161,107.223,107.16,107.175,71500,7663761,7-10年国债ETF,SH,511260
2019-07-23,100.6,101.6,100.6,100.627,210,21229,综合债指数ETF,SH,511280
2019-07-24,101.1,101.1,101.1,101.1,40,4044,1-3年国债ETF,SH,511020
2019-07-24,107.168,107.216,107.117,107.137,70200,7521152,7-10年国债ETF,SH,511260
2019-07-24,101.59,101.6,101.589,101.594,600,60955,综合债指数ETF,SH,511280
2019-07-25,101.098,101.098,101.098,101.098,10,1011,1-3年国债ETF,SH,511020
2019-07-25,107.071,107.095,106.698,107.031,34900,3735396,7-10年国债ETF,SH,511260
2019-07-26,101.0,101.05,101.0,101.05,20,2021,1-3年国债ETF,SH,511020
2019-07-26,107.0,107.139,107.0,107.059,41100,4400636,7-10年国债ETF,SH,511260
2019-07-26,101.0,101.001,101.0,101.001,400,40400,综合债指数ETF,SH,511280
2019-07-29,101.05,101.05,101.05,101.05,10,1011,1-3年国债ETF,SH,511020
2019-07-29,107.014,107.05,106.91,107.002,65700,7030123,7-10年国债ETF,SH,511260
2019-07-29,101.5,101.992,101.5,101.992,500,50926,综合债指数ETF,SH,511280
2019-07-30,101.04,101.04,101.04,101.04,20,2021,1-3年国债ETF,SH,511020
2019-07-30,106.828,106.978,106.808,106.978,75200,8042198,7-10年国债ETF,SH,511260
2019-07-30,101.506,101.506,101.506,101.506,100,10151,综合债指数ETF,SH,511280
2019-07-31,101.043,101.2,101.043,101.2,1100,111304,1-3年国债ETF,SH,511020
2019-07-31,106.978,107.14,106.978,107.139,81200,8695867,7-10年国债ETF,SH,511260
2019-07-31,101.506,101.506,101.5,101.5,110,11166,综合债指数ETF,SH,511280
2019-08-01,101.203,101.203,101.2,101.2,110,11132,1-3年国债ETF,SH,511020
2019-08-01,107.152,107.201,107.152,107.17,47100,5048617,7-10年国债ETF,SH,511260
2019-08-01,101.5,101.5,101.5,101.5,100,10150,综合债指数ETF,SH,511280
2019-08-02,101.3,101.6,101.3,101.55,9610,975446,1-3年国债ETF,SH,511020
2019-08-02,107.576,107.576,107.27,107.441,74700,8023791,7-10年国债ETF,SH,511260
2019-08-05,101.65,101.773,101.65,101.773,8010,814836,1-3年国债ETF,SH,511020
2019-08-05,107.52,107.955,107.519,107.838,116000,12501785,7-10年国债ETF,SH,511260
2019-08-05,101.887,101.887,101.887,101.887,100,10189,综合债指数ETF,SH,511280
2019-08-06,101.776,101.977,101.77,101.977,6610,674046,1-3年国债ETF,SH,511020
2019-08-06,108.335,108.338,108.012,108.098,124500,13462555,7-10年国债ETF,SH,511260
2019-08-06,103.0,103.0,100.0,101.8,1010,103500,综合债指数ETF,SH,511280
2019-08-07,101.95,101.95,101.7,101.75,6130,624198,1-3年国债ETF,SH,511020
2019-08-07,108.094,108.5,107.958,108.0,63500,6867969,7-10年国债ETF,SH,511260
2019-08-07,102.0,102.5,102.0,102.5,290,29630,综合债指数ETF,SH,511280
2019-08-08,101.74,101.74,101.74,101.74,10,1017,1-3年国债ETF,SH,511020
2019-08-08,108.0,108.299,107.821,108.12,41500,4485814,7-10年国债ETF,SH,511260
2019-08-08,101.5,102.499,101.01,102.0,400,40701,综合债指数ETF,SH,511280
2019-08-09,101.72,101.72,101.72,101.72,30,3052,1-3年国债ETF,SH,511020
2019-08-09,108.148,108.543,108.11,108.52,33900,3672366,7-10年国债ETF,SH,511260
2019-08-09,102.0,103.986,102.0,102.2,800,82349,综合债指数ETF,SH,511280
2019-08-12,102.0,102.0,101.75,101.75,500,50975,1-3年国债ETF,SH,511020
2019-08-12,108.542,108.542,108.22,108.439,31000,3359754,7-10年国债ETF,SH,511260
2019-08-13,101.75,101.9,101.75,101.9,50,5094,1-3年国债ETF,SH,511020
2019-08-13,108.44,108.919,108.337,108.55,58000,6296797,7-10年国债ETF,SH,511260
2019-08-13,104.0,104.0,104.0,104.0,100,10400,综合债指数ETF,SH,511280
2019-08-14,102.05,102.05,101.9,101.9,430,43847,1-3年国债ETF,SH,511020
2019-08-14,108.551,109.003,108.479,108.61,138710,15073392,7-10年国债ETF,SH,511260
2019-08-14,102.556,102.556,100.0,100.0,110,11026,综合债指数ETF,SH,511280
2019-08-15,102.0,102.2,102.0,102.0,2810,286880,1-3年国债ETF,SH,511020
2019-08-15,108.501,108.898,108.42,108.566,55900,6071050,7-10年国债ETF,SH,511260
2019-08-16,102.0,102.2,102.0,102.05,5550,567131,1-3年国债ETF,SH,511020
2019-08-16,108.566,108.6,108.374,108.43,57900,6279258,7-10年国债ETF,SH,511260
2019-08-16,102.001,102.001,102.001,102.001,500,51001,综合债指数ETF,SH,511280
2019-08-19,102.14,102.2,102.0,102.15,5820,594532,1-3年国债ETF,SH,511020
2019-08-19,108.231,108.446,108.23,108.289,56500,6120994,7-10年国债ETF,SH,511260
2019-08-20,102.0,102.0,102.0,102.0,2030,207060,1-3年国债ETF,SH,511020
2019-08-20,108.218,108.35,108.179,108.199,34600,3744111,7-10年国债ETF,SH,511260
2019-08-21,101.9,101.92,101.9,101.92,120,12228,1-3年国债ETF,SH,511020
2019-08-21,108.009,108.399,108.001,108.141,63700,6888502,7-10年国债ETF,SH,511260
2019-08-22,101.95,102.099,101.95,102.099,430,43883,1-3年国债ETF,SH,511020
2019-08-22,108.04,108.141,108.01,108.101,69832,7550497,7-10年国债ETF,SH,511260
2019-08-22,101.0,101.0,97.0,99.0,200,19800,综合债指数ETF,SH,511280
2019-08-23,102.05,102.05,102.05,102.05,100,10205,1-3年国债ETF,SH,511020
2019-08-23,107.801,108.06,107.801,107.986,89600,9678890,7-10年国债ETF,SH,511260
2019-08-23,103.499,103.499,103.499,103.499,100,10350,综合债指数ETF,SH,511280
2019-08-26,108.05,108.223,108.05,108.22,126110,13642453,7-10年国债ETF,SH,511260
2019-08-27,102.05,102.05,102.05,102.05,820,83681,1-3年国债ETF,SH,511020
2019-08-27,108.2,108.2,107.82,108.085,94500,10212738,7-10年国债ETF,SH,511260
2019-08-28,102.0,102.0,102.0,102.0,220,22440,1-3年国债ETF,SH,511020
2019-08-28,108.089,108.159,108.085,108.132,102300,11062377,7-10年国债ETF,SH,511260
2019-08-29,101.981,101.981,101.981,101.981,100,10198,1-3年国债ETF,SH,511020
2019-08-29,108.131,108.267,108.01,108.232,147600,15959135,7-10年国债ETF,SH,511260
2019-08-30,102.05,102.05,102.05,102.05,500,51025,1-3年国债ETF,SH,511020
2019-08-30,108.04,108.232,108.04,108.159,128500,13897779,7-10年国债ETF,SH,511260
2019-08-30,101.0,103.398,101.0,103.398,600,61340,综合债指数ETF,SH,511280
2019-09-02,108.101,108.195,108.0,108.05,55310,5978112,7-10年国债ETF,SH,511260
2019-09-03,102.047,102.047,101.95,101.95,2410,245932,1-3年国债ETF,SH,511020
2019-09-03,108.061,108.24,108.02,108.051,52510,5675197,7-10年国债ETF,SH,511260
2019-09-04,101.953,101.953,101.947,101.947,120,12234,1-3年国债ETF,SH,511020
2019-09-04,108.05,108.09,108.05,108.061,75600,8169804,7-10年国债ETF,SH,511260
2019-09-04,103.398,108.0,103.398,105.699,200,21140,综合债指数ETF,SH,511280
2019-09-05,101.95,102.15,101.95,102.15,1320,134815,1-3年国债ETF,SH,511020
2019-09-05,108.13,108.151,108.019,108.141,97000,10486326,7-10年国债ETF,SH,511260
2019-09-05,101.0,103.498,101.0,103.0,210,21660,综合债指数ETF,SH,511280
2019-09-06,102.153,102.33,102.153,102.33,7700,787260,1-3年国债ETF,SH,511020
2019-09-06,108.133,108.41,107.9,108.39,66700,7223247,7-10年国债ETF,SH,511260
2019-09-06,103.399,103.399,103.399,103.399,100,10340,综合债指数ETF,SH,511280
2019-09-09,102.327,102.34,102.327,102.34,500,51166,1-3年国债ETF,SH,511020
2019-09-09,108.103,108.35,108.1,108.221,49600,5368788,7-10年国债ETF,SH,511260
2019-09-09,102.0,103.373,99.0,102.515,500,50889,综合债指数ETF,SH,511280
2019-09-10,102.2,102.2,102.2,102.2,210,21462,1-3年国债ETF,SH,511020
2019-09-10,108.22,108.22,108.11,108.121,25400,2746683,7-10年国债ETF,SH,511260
2019-09-10,103.0,104.988,102.2,102.2,600,61919,综合债指数ETF,SH,511280
2019-09-11,108.003,108.166,108.003,108.13,55700,6020901,7-10年国债ETF,SH,511260
2019-09-11,102.998,102.998,102.103,102.886,410,42209,综合债指数ETF,SH,511280
2019-09-12,102.197,102.197,102.101,102.101,2420,247305,1-3年国债ETF,SH,511020
2019-09-12,108.101,108.11,107.999,107.999,44500,4808174,7-10年国债ETF,SH,511260
2019-09-12,102.998,102.999,102.998,102.999,700,72099,综合债指数ETF,SH,511280
2019-09-16,102.098,102.098,102.05,102.05,210,21440,1-3年国债ETF,SH,511020
2019-09-16,107.999,107.999,107.8,107.852,94400,10187270,7-10年国债ETF,SH,511260
2019-09-16,102.999,102.999,102.0,102.0,200,20500,综合债指数ETF,SH,511280
2019-09-17,102.053,102.053,102.053,102.053,3100,316364,1-3年国债ETF,SH,511020
2019-09-17,107.857,108.02,107.857,107.919,43700,4717743,7-10年国债ETF,SH,511260
2019-09-18,102.05,102.05,102.05,102.05,100,10205,1-3年国债ETF,SH,511020
2019-09-18,107.83,107.979,107.83,107.841,37500,4044756,7-10年国债ETF,SH,511260
2019-09-18,103.499,103.499,103.499,103.499,100,10350,综合债指数ETF,SH,511280
2019-09-19,102.0,102.0,102.0,102.0,100,10200,1-3年国债ETF,SH,511020
2019-09-19,107.839,107.901,107.788,107.799,41300,4452505,7-10年国债ETF,SH,511260
2019-09-20,101.997,102.003,101.88,102.003,230,23456,1-3年国债ETF,SH,511020
2019-09-20,107.781,107.813,107.781,107.813,23500,2533268,7-10年国债ETF,SH,511260
2019-09-23,101.95,101.958,101.95,101.958,30,3059,1-3年国债ETF,SH,511020
2019-09-23,107.83,107.891,107.638,107.825,53900,5812535,7-10年国债ETF,SH,511260
2019-09-24,101.961,101.961,101.955,101.956,4700,479192,1-3年国债ETF,SH,511020
2019-09-24,107.803,107.856,107.76,107.799,41820,4509788,7-10年国债ETF,SH,511260
2019-09-24,102.0,102.0,102.0,102.0,100,10200,综合债指数ETF,SH,511280
2019-09-25,101.959,102.0,101.959,101.96,2910,296716,1-3年国债ETF,SH,511020
2019-09-25,107.799,107.801,107.768,107.79,26300,2834669,7-10年国债ETF,SH,511260
2019-09-25,103.499,103.999,103.499,103.999,510,52885,综合债指数ETF,SH,511280
2019-09-26,101.963,101.963,101.96,101.96,620,63216,1-3年国债ETF,SH,511020
2019-09-26,107.735,107.742,107.51,107.53,21800,2346529,7-10年国债ETF,SH,511260
2019-09-26,103.0,104.5,102.5,102.5,500,51630,综合债指数ETF,SH,511280
2019-09-27,101.958,101.958,101.957,101.957,200,20392,1-3年国债ETF,SH,511020
2019-09-27,107.51,107.63,107.424,107.424,13200,1419175,7-10年国债ETF,SH,511260
2019-09-30,101.91,101.91,101.91,101.91,100,10191,1-3年国债ETF,SH,511020
2019-09-30,107.422,107.583,107.254,107.43,41100,4413664,7-10年国债ETF,SH,511260
2019-10-08,101.99,102.0,101.99,102.0,2810,286617,1-3年国债ETF,SH,511020
2019-10-08,107.4,107.539,107.4,107.539,49100,5277724,7-10年国债ETF,SH,511260
2019-10-09,102.003,102.01,102.0,102.01,70300,7171288,1-3年国债ETF,SH,511020
2019-10-09,107.602,107.72,107.602,107.701,54800,5902242,7-10年国债ETF,SH,511260
2019-10-10,102.013,102.19,102.013,102.19,500,51077,1-3年国债ETF,SH,511020
2019-10-10,107.719,107.768,107.65,107.72,49800,5365355,7-10年国债ETF,SH,511260
2019-10-11,102.15,102.15,102.15,102.15,100,10215,1-3年国债ETF,SH,511020
2019-10-11,107.53,107.661,107.519,107.598,18000,1936843,7-10年国债ETF,SH,511260
2019-10-14,101.95,101.95,101.75,101.75,2310,235503,1-3年国债ETF,SH,511020
2019-10-14,107.598,107.601,107.406,107.535,41900,4505966,7-10年国债ETF,SH,511260
2019-10-14,102.5,102.5,102.5,102.5,100,10250,综合债指数ETF,SH,511280
2019-10-15,101.75,101.75,101.725,101.725,1710,173992,1-3年国债ETF,SH,511020
2019-10-15,107.625,107.625,107.453,107.524,20600,2215005,7-10年国债ETF,SH,511260
2019-10-16,101.75,101.8,101.75,101.8,3200,325755,1-3年国债ETF,SH,511020
2019-10-16,107.49,107.52,107.482,107.491,11700,1257657,7-10年国债ETF,SH,511260
2019-10-16,102.0,102.0,100.0,101.0,200,20200,综合债指数ETF,SH,511280
2019-10-17,101.803,101.803,101.75,101.791,11500,1170466,1-3年国债ETF,SH,511020
2019-10-17,107.49,107.511,107.471,107.51,16100,1730824,7-10年国债ETF,SH,511260
2019-10-18,101.8,101.8,101.8,101.8,100,10180,1-3年国债ETF,SH,511020
2019-10-18,107.66,107.66,107.4,107.419,37016,3977475,7-10年国债ETF,SH,511260
2019-10-21,101.797,101.797,101.797,101.797,2300,234133,1-3年国债ETF,SH,511020
2019-10-21,107.419,107.419,107.249,107.25,22700,2436290,7-10年国债ETF,SH,511260
2019-10-21,101.001,101.001,101.001,101.001,100,10100,综合债指数ETF,SH,511280
2019-10-22,107.171,107.171,107.119,107.12,34926,3741893,7-10年国债ETF,SH,511260
2019-10-22,103.499,103.499,103.499,103.499,100,10350,综合债指数ETF,SH,511280
2019-10-23,101.69,101.69,101.6,101.6,400,40649,1-3年国债ETF,SH,511020
2019-10-23,107.163,107.163,107.14,107.141,18000,1928645,7-10年国债ETF,SH,511260
2019-10-24,101.603,101.791,101.6,101.743,500,50858,1-3年国债ETF,SH,511020
2019-10-24,107.64,107.64,107.176,107.176,20200,2165779,7-10年国债ETF,SH,511260
2019-10-24,102.001,102.001,102.001,102.001,100,10200,综合债指数ETF,SH,511280
2019-10-25,101.6,101.6,101.6,101.6,10,1016,1-3年国债ETF,SH,511020
2019-10-25,107.175,107.175,107.111,107.122,41300,4424460,7-10年国债ETF,SH,511260
2019-10-28,101.5,101.5,101.5,101.5,10,1015,1-3年国债ETF,SH,511020
2019-10-28,107.122,107.122,106.92,106.921,46100,4930974,7-10年国债ETF,SH,511260
2019-10-29,101.49,101.49,101.3,101.49,4310,437237,1-3年国债ETF,SH,511020
2019-10-29,106.723,106.916,106.6,106.649,44400,4736278,7-10年国债ETF,SH,511260
2019-10-29,101.0,101.0,101.0,101.0,100,10100,综合债指数ETF,SH,511280
2019-10-30,101.46,101.46,101.3,101.3,1400,141884,1-3年国债ETF,SH,511020
2019-10-30,106.7,106.7,106.499,106.5,12140,1294867,7-10年国债ETF,SH,511260
2019-10-30,102.8,102.8,102.8,102.8,100,10280,综合债指数ETF,SH,511280
2019-10-31,101.35,101.35,101.35,101.35,20,2027,1-3年国债ETF,SH,511020
2019-10-31,106.7,106.7,106.511,106.651,40800,4348939,7-10年国债ETF,SH,511260
2019-11-01,101.5,101.5,101.4,101.4,410,41614,1-3年国债ETF,SH,511020
2019-11-01,106.7,106.845,106.7,106.741,50965,5441118,7-10年国债ETF,SH,511260
2019-11-04,101.4,101.4,101.397,101.397,70,7098,1-3年国债ETF,SH,511020
2019-11-04,106.551,106.741,106.551,106.674,56000,5974062,7-10年国债ETF,SH,511260
2019-11-04,101.051,101.051,101.051,101.051,200,20210,综合债指数ETF,SH,511280
2019-11-05,101.47,101.47,101.47,101.47,2120,215116,1-3年国债ETF,SH,511020
2019-11-05,106.603,106.8,106.603,106.8,65245,6964192,7-10年国债ETF,SH,511260
2019-11-06,101.5,101.5,101.5,101.5,100,10150,1-3年国债ETF,SH,511020
2019-11-06,106.76,106.949,106.76,106.901,34496,3687783,7-10年国债ETF,SH,511260
2019-11-07,101.5,101.51,101.5,101.51,120,12180,1-3年国债ETF,SH,511020
2019-11-07,106.9,106.98,106.86,106.88,38300,4094443,7-10年国债ETF,SH,511260
2019-11-07,101.6,101.6,101.6,101.6,100,10160,综合债指数ETF,SH,511280
2019-11-08,101.71,101.71,101.71,101.71,100,10171,1-3年国债ETF,SH,511020
2019-11-08,106.86,106.86,106.71,106.715,80000,8541405,7-10年国债ETF,SH,511260
2019-11-08,101.001,101.001,101.001,101.001,80,8080,综合债指数ETF,SH,511280
2019-11-11,101.7,101.7,101.472,101.5,130,13214,1-3年国债ETF,SH,511020
2019-11-11,106.801,106.995,106.717,106.881,132000,14096289,7-10年国债ETF,SH,511260
2019-11-12,101.6,101.626,101.6,101.626,110,11176,1-3年国债ETF,SH,511020
2019-11-12,106.923,106.996,106.923,106.948,64900,6942074,7-10年国债ETF,SH,511260
2019-11-13,101.63,101.63,101.63,101.63,100,10163,1-3年国债ETF,SH,511020
2019-11-13,107.049,107.097,107.049,107.096,75400,8072724,7-10年国债ETF,SH,511260
2019-11-14,101.7,101.7,101.7,101.7,110,11187,1-3年国债ETF,SH,511020
2019-11-14,107.144,107.249,107.096,107.212,96600,10355389,7-10年国债ETF,SH,511260
2019-11-15,107.215,107.299,107.17,107.241,49600,5318946,7-10年国债ETF,SH,511260
2019-11-18,101.96,102.0,101.96,102.0,4300,438516,1-3年国债ETF,SH,511020
2019-11-18,107.268,107.458,107.079,107.442,96300,10343563,7-10年国债ETF,SH,511260
2019-11-19,102.05,102.05,102.05,102.05,100,10205,1-3年国债ETF,SH,511020
2019-11-19,107.376,107.639,107.376,107.541,100300,10785345,7-10年国债ETF,SH,511260
2019-11-20,102.1,102.4,102.1,102.1,1210,123571,1-3年国债ETF,SH,511020
2019-11-20,107.55,107.639,107.55,107.606,116800,12566052,7-10年国债ETF,SH,511260
2019-11-21,102.2,102.2,102.2,102.2,10,1022,1-3年国债ETF,SH,511020
2019-11-21,107.556,107.648,107.51,107.6,87900,9458194,7-10年国债ETF,SH,511260
2019-11-22,102.203,102.203,102.203,102.203,100,10220,1-3年国债ETF,SH,511020
2019-11-22,107.55,107.598,107.503,107.565,51610,5551901,7-10年国债ETF,SH,511260
2019-11-25,102.201,102.201,102.201,102.201,10,1022,1-3年国债ETF,SH,511020
2019-11-25,107.516,107.563,107.403,107.447,29400,3161024,7-10年国债ETF,SH,511260
2019-11-26,102.301,102.35,102.301,102.35,4200,429767,1-3年国债ETF,SH,511020
2019-11-26,107.412,107.548,107.412,107.491,130200,13990939,7-10年国债ETF,SH,511260
2019-11-26,102.0,102.0,102.0,102.0,100,10200,综合债指数ETF,SH,511280
2019-11-27,102.347,102.347,102.347,102.347,10,1023,1-3年国债ETF,SH,511020
2019-11-27,107.581,107.68,107.521,107.569,40300,4335312,7-10年国债ETF,SH,511260
2019-11-27,100.5,103.0,100.5,103.0,310,31510,综合债指数ETF,SH,511280
2019-11-28,102.201,102.201,102.201,102.201,20,2044,1-3年国债ETF,SH,511020
2019-11-28,107.569,107.66,107.569,107.601,24800,2669236,7-10年国债ETF,SH,511260
2019-11-29,102.204,102.45,102.204,102.45,1300,133160,1-3年国债ETF,SH,511020
2019-11-29,107.552,107.68,107.552,107.6,59400,6390757,7-10年国债ETF,SH,511260
2019-12-02,102.05,102.201,101.4,101.402,20000,2034506,1-3年国债ETF,SH,511020
2019-12-02,107.55,107.75,107.528,107.691,2542900,273851964,7-10年国债ETF,SH,511260
2019-12-03,101.35,101.35,101.35,101.35,100,10135,1-3年国债ETF,SH,511020
2019-12-03,107.641,107.707,107.542,107.672,1052900,113402881,7-10年国债ETF,SH,511260
2019-12-03,103.0,103.0,103.0,103.0,300,30900,综合债指数ETF,SH,511280
2019-12-04,107.673,107.9,107.673,107.823,72700,7837582,7-10年国债ETF,SH,511260
2019-12-04,101.002,101.501,101.002,101.501,110,11115,综合债指数ETF,SH,511280
2019-12-05,101.353,101.353,101.353,101.353,100,10135,1-3年国债ETF,SH,511020
2019-12-05,107.823,107.9,107.823,107.876,16700,1800958,7-10年国债ETF,SH,511260
2019-12-06,101.356,101.356,101.35,101.35,110,11149,1-3年国债ETF,SH,511020
2019-12-06,107.841,107.87,107.629,107.845,18400,1983987,7-10年国债ETF,SH,511260
2019-12-06,101.502,103.992,101.3,101.3,620,63428,综合债指数ETF,SH,511280
2019-12-09,107.83,107.939,107.83,107.839,4900,528456,7-10年国债ETF,SH,511260
2019-12-10,101.347,101.347,101.347,101.347,20,2027,1-3年国债ETF,SH,511020
2019-12-10,107.709,107.839,107.709,107.72,12210,1315913,7-10年国债ETF,SH,511260
2019-12-10,102.99,102.99,101.3,101.3,110,11312,综合债指数ETF,SH,511280
2019-12-11,101.344,101.344,101.344,101.344,10,1013,1-3年国债ETF,SH,511020
2019-12-11,107.726,107.79,107.719,107.748,24800,2672119,7-10年国债ETF,SH,511260
2019-12-11,101.9,102.1,101.301,102.0,510,52023,综合债指数ETF,SH,511280
2019-12-12,101.341,101.341,101.341,101.341,10,1013,1-3年国债ETF,SH,511020
2019-12-12,107.726,107.795,107.726,107.795,17710,1908832,7-10年国债ETF,SH,511260
2019-12-12,102.2,102.499,102.2,102.499,200,20470,综合债指数ETF,SH,511280
2019-12-13,101.338,101.338,101.338,101.338,40,4054,1-3年国债ETF,SH,511020
2019-12-13,107.781,107.782,107.686,107.723,46031,4959377,7-10年国债ETF,SH,511260
2019-12-16,101.335,101.335,101.335,101.335,10,1013,1-3年国债ETF,SH,511020
2019-12-16,107.689,107.799,107.689,107.695,34300,3694655,7-10年国债ETF,SH,511260
2019-12-16,102.998,103.999,102.998,103.999,300,31000,综合债指数ETF,SH,511280
2019-12-17,101.332,101.332,101.332,101.332,700,70932,1-3年国债ETF,SH,511020
2019-12-17,107.7,107.7,107.5,107.5,28940,3114006,7-10年国债ETF,SH,511260
2019-12-17,103.997,103.999,102.0,102.0,410,42419,综合债指数ETF,SH,511280
2019-12-18,101.329,101.329,101.301,101.301,4400,445727,1-3年国债ETF,SH,511020
2019-12-18,107.452,107.74,107.452,107.5,40300,4334369,7-10年国债ETF,SH,511260
2019-12-18,103.0,103.998,102.016,102.016,510,52919,综合债指数ETF,SH,511280
2019-12-19,101.298,101.298,101.105,101.125,5820,588776,1-3年国债ETF,SH,511020
2019-12-19,107.452,107.764,107.402,107.53,735200,79216297,7-10年国债ETF,SH,511260
2019-12-20,101.18,101.305,101.18,101.305,1030,104319,1-3年国债ETF,SH,511020
2019-12-20,107.763,108.004,107.506,107.705,799325,86284963,7-10年国债ETF,SH,511260
2019-12-23,101.38,101.381,101.38,101.381,110,11152,1-3年国债ETF,SH,511020
2019-12-23,107.755,108.132,107.755,108.13,161400,17449287,7-10年国债ETF,SH,511260
2019-12-23,103.999,103.999,103.999,103.999,1000,103999,综合债指数ETF,SH,511280
2019-12-24,101.45,101.501,101.45,101.501,110,11160,1-3年国债ETF,SH,511020
2019-12-24,108.178,108.319,108.178,108.21,389200,42152559,7-10年国债ETF,SH,511260
2019-12-24,103.999,103.999,103.999,103.999,1990,206958,综合债指数ETF,SH,511280
2019-12-25,101.55,101.55,101.55,101.55,100,10155,1-3年国债ETF,SH,511020
2019-12-25,108.26,108.399,108.226,108.31,319800,34636821,7-10年国债ETF,SH,511260
2019-12-25,102.0,102.0,102.0,102.0,90,9180,综合债指数ETF,SH,511280
2019-12-26,101.58,101.7,101.58,101.61,2210,224744,1-3年国债ETF,SH,511020
2019-12-26,108.309,108.455,108.309,108.449,286700,31091620,7-10年国债ETF,SH,511260
2019-12-26,102.001,102.001,102.001,102.001,300,30600,综合债指数ETF,SH,511280
2019-12-27,108.39,108.461,108.351,108.451,311300,33759636,7-10年国债ETF,SH,511260
2019-12-27,101.006,103.5,101.006,103.5,1700,173524,综合债指数ETF,SH,511280
2019-12-30,108.39,108.49,108.3,108.444,23900,2591484,7-10年国债ETF,SH,511260
2019-12-30,103.997,105.0,103.997,105.0,600,62499,综合债指数ETF,SH,511280
2019-12-31,101.9,101.9,101.9,101.9,100,10190,1-3年国债ETF,SH,511020
2019-12-31,108.39,108.489,108.39,108.47,29700,3220947,7-10年国债ETF,SH,511260
2020-01-02,101.8,101.8,101.8,101.8,120,12216,1-3年国债ETF,SH,511020
2020-01-02,108.352,108.453,108.35,108.351,61600,6675862,7-10年国债ETF,SH,511260
2020-01-02,102.001,102.001,102.001,102.001,10,1020,综合债指数ETF,SH,511280
2020-01-03,108.301,108.48,108.27,108.359,14800,1603002,7-10年国债ETF,SH,511260
2020-01-06,101.8,101.8,101.8,101.8,710,72278,1-3年国债ETF,SH,511020
2020-01-06,108.408,108.547,108.286,108.5,26100,2828773,7-10年国债ETF,SH,511260
2020-01-07,101.9,102.049,101.9,102.049,300,30585,1-3年国债ETF,SH,511020
2020-01-07,108.549,108.549,108.368,108.434,11100,1204576,7-10年国债ETF,SH,511260
2020-01-08,102.0,102.0,102.0,102.0,10,1020,1-3年国债ETF,SH,511020
2020-01-08,108.434,108.54,108.352,108.438,33100,3588714,7-10年国债ETF,SH,511260
2020-01-09,101.9,101.9,101.9,101.9,300,30570,1-3年国债ETF,SH,511020
2020-01-09,108.438,108.625,108.388,108.459,566100,61486024,7-10年国债ETF,SH,511260
2020-01-09,102.022,104.985,102.022,104.98,1390,145348,综合债指数ETF,SH,511280
2020-01-10,101.99,102.049,101.86,102.025,105610,10760443,1-3年国债ETF,SH,511020
2020-01-10,108.509,108.876,108.457,108.874,2362500,257078573,7-10年国债ETF,SH,511260
2020-01-13,102.2,102.299,102.2,102.299,510,52152,1-3年国债ETF,SH,511020
2020-01-13,108.864,108.888,108.802,108.831,27500,2993092,7-10年国债ETF,SH,511260
2020-01-14,102.2,102.201,102.2,102.2,1220,124684,1-3年国债ETF,SH,511020
2020-01-14,108.831,108.85,108.737,108.741,36100,3926810,7-10年国债ETF,SH,511260
2020-01-14,104.88,106.0,104.88,105.615,3100,327364,综合债指数ETF,SH,511280
2020-01-15,102.101,102.101,102.101,102.101,210,21441,1-3年国债ETF,SH,511020
2020-01-15,108.741,108.87,108.741,108.777,17200,1870950,7-10年国债ETF,SH,511260
2020-01-16,102.105,102.105,102.105,102.105,200,20421,1-3年国债ETF,SH,511020
2020-01-16,108.731,108.81,108.731,108.75,15520,1688105,7-10年国债ETF,SH,511260
2020-01-16,106.6,106.6,100.08,100.08,110,11661,综合债指数ETF,SH,511280
2020-01-17,102.201,102.201,102.201,102.201,2000,204402,1-3年国债ETF,SH,511020
2020-01-17,108.75,108.844,108.75,108.835,37100,4036728,7-10年国债ETF,SH,511260
2020-01-17,1.045,1.055,1.039,1.041,207958137,217610345,短融ETF,SZ,159976
2020-01-20,102.201,102.251,102.201,102.251,4200,429349,1-3年国债ETF,SH,511020
2020-01-20,108.835,108.947,108.788,108.947,22300,2428151,7-10年国债ETF,SH,511260
2020-01-20,1.041,1.061,1.039,1.061,84046487,88419424,短融ETF,SZ,159976
2020-01-20,102.2,102.2,102.0,102.0,200,20420,综合债指数ETF,SH,511280
2020-01-21,102.451,102.451,102.451,102.451,10,1025,1-3年国债ETF,SH,511020
2020-01-21,108.947,109.4,108.941,109.2,123800,13527486,7-10年国债ETF,SH,511260
2020-01-21,1.057,1.058,1.038,1.039,63823258,66621383,短融ETF,SZ,159976
2020-01-21,103.5,108.467,102.467,108.467,203796,22101545,综合债指数ETF,SH,511280
2020-01-22,102.5,102.501,102.5,102.501,12100,1240252,1-3年国债ETF,SH,511020
2020-01-22,109.25,109.74,109.04,109.33,36400,3982608,7-10年国债ETF,SH,511260
2020-01-22,1.038,1.052,1.025,1.05,60799980,63121188,短融ETF,SZ,159976
2020-01-23,102.701,102.901,102.701,102.901,6900,709332,1-3年国债ETF,SH,511020
2020-01-23,109.38,109.76,109.38,109.663,53000,5807253,7-10年国债ETF,SH,511260
2020-01-23,1.037,1.046,1.014,1.025,56632962,58083974,短融ETF,SZ,159976
2020-02-03,104.601,104.601,104.5,104.5,5600,585226,1-3年国债ETF,SH,511020
2020-02-03,110.003,111.501,110.0,110.935,49600,5490720,7-10年国债ETF,SH,511260
2020-02-03,0.923,0.952,0.923,0.931,86476308,80435293,短融ETF,SZ,159976
2020-02-03,102.002,102.002,102.002,102.002,400,40801,综合债指数ETF,SH,511280
2020-02-04,104.301,104.301,104.2,104.2,5000,521219,1-3年国债ETF,SH,511020
2020-02-04,110.73,110.994,110.72,110.845,20400,2260567,7-10年国债ETF,SH,511260
2020-02-04,0.932,0.989,0.932,0.989,54680317,53359010,短融ETF,SZ,159976
2020-02-05,110.84,110.879,110.689,110.873,13800,1529130,7-10年国债ETF,SH,511260
2020-02-05,0.995,1.012,0.993,1.006,53130060,53298019,短融ETF,SZ,159976
2020-02-05,104.0,107.0,104.0,107.0,300,31500,综合债指数ETF,SH,511280
2020-02-06,103.901,103.901,103.801,103.801,110,11428,1-3年国债ETF,SH,511020
2020-02-06,110.688,110.977,110.688,110.875,17600,1951096,7-10年国债ETF,SH,511260
2020-02-06,1.008,1.021,0.998,1.017,48824715,49417762,短融ETF,SZ,159976
2020-02-06,106.9,106.9,106.9,106.9,100,10690,综合债指数ETF,SH,511280
2020-02-07,103.901,104.0,103.901,104.0,7400,769173,1-3年国债ETF,SH,511020
2020-02-07,110.87,111.115,110.87,111.03,25800,2864358,7-10年国债ETF,SH,511260
2020-02-07,1.019,1.038,1.0,1.017,44016893,44325484,短融ETF,SZ,159976
2020-02-10,104.201,104.201,104.127,104.127,720,75023,1-3年国债ETF,SH,511020
2020-02-10,111.03,111.245,111.03,111.222,51800,5758436,7-10年国债ETF,SH,511260
2020-02-10,1.002,1.017,1.0,1.016,36451976,36825198,短融ETF,SZ,159976
2020-02-11,104.254,104.254,104.154,104.254,2610,272072,1-3年国债ETF,SH,511020
2020-02-11,111.25,113.579,111.173,111.304,125000,13951190,7-10年国债ETF,SH,511260
2020-02-11,1.016,1.029,1.016,1.026,52529689,53821339,短融ETF,SZ,159976
2020-02-12,104.154,104.154,104.08,104.08,410,42702,1-3年国债ETF,SH,511020
2020-02-12,111.254,111.385,111.248,111.301,47800,5320100,7-10年国债ETF,SH,511260
2020-02-12,1.027,1.034,1.023,1.034,55179774,56823775,短融ETF,SZ,159976
2020-02-13,111.25,111.25,111.107,111.189,32900,3657023,7-10年国债ETF,SH,511260
2020-02-13,1.034,1.036,1.024,1.03,45265134,46633779,短融ETF,SZ,159976
2020-02-13,103.01,103.01,103.01,103.01,10,1030,综合债指数ETF,SH,511280
2020-02-14,104.024,104.124,104.024,104.124,1910,198836,1-3年国债ETF,SH,511020
2020-02-14,111.14,111.183,111.102,111.177,20100,2234708,7-10年国债ETF,SH,511260
2020-02-14,1.031,1.039,1.026,1.038,43367047,44826740,短融ETF,SZ,159976
2020-02-17,104.124,104.124,103.974,104.0,2730,284164,1-3年国债ETF,SH,511020
2020-02-17,111.122,111.122,110.811,110.996,30800,3420918,7-10年国债ETF,SH,511260
2020-02-17,1.036,1.054,1.035,1.053,41124556,43076578,短融ETF,SZ,159976
2020-02-17,103.021,103.021,103.021,103.021,10,1030,综合债指数ETF,SH,511280
2020-02-18,111.0,111.002,110.6,110.78,47600,5274240,7-10年国债ETF,SH,511260
2020-02-18,1.053,1.053,1.041,1.052,46097433,48268339,短融ETF,SZ,159976
2020-02-19,103.854,103.954,103.854,103.854,1100,114249,1-3年国债ETF,SH,511020
2020-02-19,110.82,110.829,110.75,110.754,43100,4774009,7-10年国债ETF,SH,511260
2020-02-19,1.05,1.056,1.045,1.049,45706620,48032076,短融ETF,SZ,159976
2020-02-20,103.854,103.904,103.854,103.904,220,22849,1-3年国债ETF,SH,511020
2020-02-20,110.75,110.787,110.542,110.6,29700,3287360,7-10年国债ETF,SH,511260
2020-02-20,1.049,1.069,1.049,1.067,46216746,48927306,短融ETF,SZ,159976
2020-02-21,103.85,103.854,103.755,103.755,1110,115277,1-3年国债ETF,SH,511020
2020-02-21,110.609,110.888,110.609,110.811,47900,5305149,7-10年国债ETF,SH,511260
2020-02-21,1.066,1.074,1.062,1.071,38561569,41209656,短融ETF,SZ,159976
2020-02-21,106.0,106.0,106.0,106.0,1000,106000,综合债指数ETF,SH,511280
2020-02-24,103.955,103.955,103.855,103.955,3100,322161,1-3年国债ETF,SH,511020
2020-02-24,110.821,111.15,110.821,111.042,37600,4174446,7-10年国债ETF,SH,511260
2020-02-24,1.069,1.072,1.057,1.072,37700562,40142708,短融ETF,SZ,159976
2020-02-25,104.0,104.0,104.0,104.0,100,10400,1-3年国债ETF,SH,511020
2020-02-25,111.09,111.245,111.05,111.05,37500,4167955,7-10年国债ETF,SH,511260
2020-02-25,1.052,1.077,1.046,1.077,45344755,48259922,短融ETF,SZ,159976
2020-02-25,103.001,104.0,103.0,104.0,3130,324475,综合债指数ETF,SH,511280
2020-02-26,104.055,104.055,104.055,104.055,10,1041,1-3年国债ETF,SH,511020
2020-02-26,111.1,111.238,111.061,111.141,32500,3612375,7-10年国债ETF,SH,511260
2020-02-26,1.063,1.07,1.052,1.055,29946398,31782199,短融ETF,SZ,159976
2020-02-27,104.255,104.255,104.255,104.255,2100,218936,1-3年国债ETF,SH,511020
2020-02-27,111.141,111.39,111.141,111.349,39300,4373211,7-10年国债ETF,SH,511260
2020-02-27,1.055,1.059,1.046,1.051,26852342,28260492,短融ETF,SZ,159976
2020-02-27,105.0,105.0,105.0,105.0,200,21000,综合债指数ETF,SH,511280
2020-02-28,104.5,104.5,104.5,104.5,1100,114950,1-3年国债ETF,SH,511020
2020-02-28,111.39,112.499,111.35,111.7,100500,11232851,7-10年国债ETF,SH,511260
2020-02-28,1.037,1.042,1.015,1.02,39457490,40510952,短融ETF,SZ,159976
2020-02-28,103.028,103.951,103.028,103.951,120,12456,综合债指数ETF,SH,511280
2020-03-02,104.555,104.6,104.512,104.512,9400,983105,1-3年国债ETF,SH,511020
2020-03-02,111.75,111.899,111.7,111.71,57500,6424403,7-10年国债ETF,SH,511260
2020-03-02,1.015,1.049,1.015,1.048,32802828,33982478,短融ETF,SZ,159976
2020-03-03,104.511,104.6,104.511,104.511,5400,564733,1-3年国债ETF,SH,511020
2020-03-03,111.709,111.71,111.421,111.701,51000,5692077,7-10年国债ETF,SH,511260
2020-03-03,1.053,1.064,1.042,1.051,27342268,28862803,短融ETF,SZ,159976
2020-03-04,104.55,104.711,104.55,104.711,7804,816377,1-3年国债ETF,SH,511020
2020-03-04,111.716,111.923,111.716,111.901,82200,9195355,7-10年国债ETF,SH,511260
2020-03-04,1.045,1.055,1.038,1.055,27324684,28546457,短融ETF,SZ,159976
2020-03-05,104.8,104.911,104.8,104.9,2510,263099,1-3年国债ETF,SH,511020
2020-03-05,111.914,112.198,111.914,112.12,60000,6726051,7-10年国债ETF,SH,511260
2020-03-05,1.06,1.07,1.05,1.07,33277648,35349828,短融ETF,SZ,159976
2020-03-06,104.911,105.1,104.891,105.1,12800,1343786,1-3年国债ETF,SH,511020
2020-03-06,112.1,112.56,112.1,112.545,45100,5063818,7-10年国债ETF,SH,511260
2020-03-06,1.066,1.066,1.052,1.052,17962683,18953777,短融ETF,SZ,159976
2020-03-09,105.1,105.598,105.0,105.598,15420,1621979,1-3年国债ETF,SH,511020
2020-03-09,112.601,114.51,112.601,113.948,387000,44056161,7-10年国债ETF,SH,511260
2020-03-09,1.039,1.04,1.015,1.015,25571367,26131975,短融ETF,SZ,159976
2020-03-10,105.598,105.8,105.5,105.8,12400,1310014,1-3年国债ETF,SH,511020
2020-03-10,113.899,113.9,112.953,113.074,255900,29005028,7-10年国债ETF,SH,511260
2020-03-10,1.014,1.034,1.001,1.034,26663205,27209746,短融ETF,SZ,159976
2020-03-10,104.901,104.901,104.5,104.5,310,32515,综合债指数ETF,SH,511280
2020-03-11,105.4,105.8,105.4,105.799,5400,570035,1-3年国债ETF,SH,511020
2020-03-11,113.1,113.1,112.8,113.086,151310,17098663,7-10年国债ETF,SH,511260
2020-03-11,1.035,1.035,1.018,1.018,17702642,18144954,短融ETF,SZ,159976
2020-03-11,104.501,104.501,104.501,104.501,10,1045,综合债指数ETF,SH,511280
2020-03-12,105.5,105.6,105.5,105.6,5400,570000,1-3年国债ETF,SH,511020
2020-03-12,113.136,113.6,112.91,113.282,329510,37340906,7-10年国债ETF,SH,511260
2020-03-12,1.018,1.018,0.992,0.999,20520880,20482320,短融ETF,SZ,159976
2020-03-13,105.35,105.45,105.0,105.003,9210,969146,1-3年国债ETF,SH,511020
2020-03-13,113.29,113.6,112.105,112.378,234500,26450445,7-10年国债ETF,SH,511260
2020-03-13,0.98,0.994,0.925,0.984,17051325,16463996,短融ETF,SZ,159976
2020-03-13,105.0,105.5,105.0,105.5,250,26325,综合债指数ETF,SH,511280
2020-03-16,104.809,105.0,104.8,104.995,7800,817890,1-3年国债ETF,SH,511020
2020-03-16,112.428,112.79,112.191,112.389,149100,16771608,7-10年国债ETF,SH,511260
2020-03-16,0.981,0.981,0.94,0.941,21111494,20244334,短融ETF,SZ,159976
2020-03-17,104.901,104.901,104.7,104.702,7240,759070,1-3年国债ETF,SH,511020
2020-03-17,112.339,112.389,111.3,111.973,98600,11043368,7-10年国债ETF,SH,511260
2020-03-17,0.94,0.953,0.908,0.935,19747229,18282300,短融ETF,SZ,159976
2020-03-18,104.703,104.703,104.7,104.7,1910,199978,1-3年国债ETF,SH,511020
2020-03-18,111.81,112.099,111.68,112.035,111700,12496865,7-10年国债ETF,SH,511260
2020-03-18,0.944,0.946,0.912,0.915,16117419,15021193,短融ETF,SZ,159976
2020-03-19,104.6,104.601,104.55,104.601,7200,753097,1-3年国债ETF,SH,511020
2020-03-19,111.985,112.077,111.718,111.73,88300,9875204,7-10年国债ETF,SH,511260
2020-03-19,0.914,0.915,0.893,0.903,18337540,16535716,短融ETF,SZ,159976
2020-03-19,105.5,105.5,105.4,105.4,230,24255,综合债指数ETF,SH,511280
2020-03-20,104.5,104.5,104.5,104.5,100,10450,1-3年国债ETF,SH,511020
2020-03-20,111.726,111.77,111.581,111.7,166500,18590544,7-10年国债ETF,SH,511260
2020-03-20,0.903,0.923,0.903,0.922,18438827,16879795,短融ETF,SZ,159976
2020-03-23,104.601,105.401,104.601,105.401,8200,860056,1-3年国债ETF,SH,511020
2020-03-23,112.01,112.4,112.01,112.29,163110,18306625,7-10年国债ETF,SH,511260
2020-03-23,0.899,0.901,0.883,0.886,22034002,19615096,短融ETF,SZ,159976
2020-03-23,106.0,106.0,104.011,104.011,200,21001,综合债指数ETF,SH,511280
2020-03-24,105.3,105.3,105.201,105.202,3500,368324,1-3年国债ETF,SH,511020
2020-03-24,112.282,112.76,112.05,112.476,163610,18388686,7-10年国债ETF,SH,511260
2020-03-24,0.899,0.908,0.885,0.902,19186224,17218544,短融ETF,SZ,159976
2020-03-25,105.002,105.202,105.002,105.202,4100,431308,1-3年国债ETF,SH,511020
2020-03-25,112.47,112.57,112.222,112.485,133300,14985699,7-10年国债ETF,SH,511260
2020-03-25,0.913,0.933,0.913,0.933,22369267,20800216,短融ETF,SZ,159976
2020-03-25,105.3,105.3,105.3,105.3,180,18954,综合债指数ETF,SH,511280
2020-03-26,112.485,112.7,112.46,112.651,298200,33583662,7-10年国债ETF,SH,511260
2020-03-26,0.933,0.942,0.927,0.935,13897471,13005385,短融ETF,SZ,159976
2020-03-26,105.5,105.5,105.5,105.5,100,10550,综合债指数ETF,SH,511280
2020-03-27,105.402,105.402,105.4,105.4,3600,379444,1-3年国债ETF,SH,511020
2020-03-27,112.6,113.0,112.515,112.677,329100,37094272,7-10年国债ETF,SH,511260
2020-03-27,0.941,0.949,0.936,0.937,13821042,13037272,短融ETF,SZ,159976
2020-03-30,105.4,105.4,105.4,105.4,200,21080,1-3年国债ETF,SH,511020
2020-03-30,112.65,112.84,112.631,112.705,312600,35232794,7-10年国债ETF,SH,511260
2020-03-30,0.936,0.936,0.915,0.924,8087961,7455833,短融ETF,SZ,159976
2020-03-30,105.9,105.977,105.9,105.977,290,30726,综合债指数ETF,SH,511280
2020-03-31,105.6,105.6,105.6,105.6,700,73920,1-3年国债ETF,SH,511020
2020-03-31,112.605,112.815,112.6,112.815,289900,32673771,7-10年国债ETF,SH,511260
2020-03-31,0.925,0.94,0.923,0.925,10758355,10001734,短融ETF,SZ,159976
2020-03-31,106.0,106.0,104.521,104.521,290,30459,综合债指数ETF,SH,511280
2020-04-01,106.1,106.101,106.001,106.1,7300,774512,1-3年国债ETF,SH,511020
2020-04-01,112.828,112.999,112.828,112.97,290800,32845389,7-10年国债ETF,SH,511260
2020-04-01,0.925,0.936,0.921,0.924,15124564,14027972,短融ETF,SZ,159976
2020-04-01,105.5,106.0,105.5,106.0,200,21150,综合债指数ETF,SH,511280
2020-04-02,106.1,106.351,106.1,106.351,3700,392946,1-3年国债ETF,SH,511020
2020-04-02,112.81,113.13,112.81,112.933,288200,32590286,7-10年国债ETF,SH,511260
2020-04-02,0.923,0.939,0.916,0.938,16789018,15550382,短融ETF,SZ,159976
2020-04-02,105.501,107.998,105.501,107.998,200,21350,综合债指数ETF,SH,511280
2020-04-03,106.051,106.1,106.051,106.1,600,63655,1-3年国债ETF,SH,511020
2020-04-03,112.916,113.047,112.91,112.934,243788,27545351,7-10年国债ETF,SH,511260
2020-04-03,0.926,0.938,0.926,0.934,10464004,9769831,短融ETF,SZ,159976
2020-04-03,105.666,105.666,105.666,105.666,100,10567,综合债指数ETF,SH,511280
2020-04-07,106.251,106.45,106.1,106.399,9600,1020135,1-3年国债ETF,SH,511020
2020-04-07,112.984,113.462,112.961,113.394,267500,30292615,7-10年国债ETF,SH,511260
2020-04-07,0.94,0.963,0.94,0.961,16704561,16026887,短融ETF,SZ,159976
2020-04-07,106.0,106.0,106.0,106.0,100,10600,综合债指数ETF,SH,511280
2020-04-08,106.59,106.599,106.59,106.599,2800,298473,1-3年国债ETF,SH,511020
2020-04-08,113.444,113.669,113.403,113.61,292300,33198113,7-10年国债ETF,SH,511260
2020-04-08,0.958,0.959,0.952,0.955,12113287,11570011,短融ETF,SZ,159976
2020-04-08,105.016,105.016,105.016,105.016,10,1050,综合债指数ETF,SH,511280
2020-04-09,106.008,107.0,106.008,106.699,16800,1792221,1-3年国债ETF,SH,511020
2020-04-09,113.682,113.692,113.4,113.493,332200,37713566,7-10年国债ETF,SH,511260
2020-04-09,0.962,0.964,0.959,0.961,16600702,15960293,短融ETF,SZ,159976
2020-04-09,106.788,108.788,106.788,107.188,1200,128546,综合债指数ETF,SH,511280
2020-04-10,106.499,106.499,106.498,106.499,4500,479245,1-3年国债ETF,SH,511020
2020-04-10,113.49,113.655,113.3,113.381,320300,36339941,7-10年国债ETF,SH,511260
2020-04-10,0.96,0.967,0.955,0.958,15137625,14524212,短融ETF,SZ,159976
2020-04-10,107.018,107.018,107.018,107.018,400,42807,综合债指数ETF,SH,511280
2020-04-13,106.69,106.7,106.55,106.551,5800,618467,1-3年国债ETF,SH,511020
2020-04-13,113.38,113.488,113.217,113.467,344700,39103236,7-10年国债ETF,SH,511260
2020-04-13,0.955,0.956,0.95,0.952,13427644,12793058,短融ETF,SZ,159976
2020-04-14,106.698,106.698,106.501,106.501,1400,149297,1-3年国债ETF,SH,511020
2020-04-14,113.5,113.582,113.391,113.429,286200,32492083,7-10年国债ETF,SH,511260
2020-04-14,0.953,0.97,0.953,0.97,22483044,21638360,短融ETF,SZ,159976
2020-04-15,106.551,106.551,106.551,106.551,100,10655,1-3年国债ETF,SH,511020
2020-04-15,113.5,113.584,113.5,113.572,226400,25707701,7-10年国债ETF,SH,511260
2020-04-15,0.971,0.976,0.967,0.969,14496059,14082260,短融ETF,SZ,159976
2020-04-15,107.07,107.07,107.07,107.07,100,10707,综合债指数ETF,SH,511280
2020-04-16,106.601,106.698,106.601,106.698,2410,257019,1-3年国债ETF,SH,511020
2020-04-16,113.622,113.97,113.57,113.877,242100,27545813,7-10年国债ETF,SH,511260
2020-04-16,0.963,0.971,0.963,0.969,15825760,15301736,短融ETF,SZ,159976
2020-04-16,105.5,105.5,105.5,105.5,100,10550,综合债指数ETF,SH,511280
2020-04-17,106.505,106.698,106.505,106.696,1800,191939,1-3年国债ETF,SH,511020
2020-04-17,113.877,114.135,113.708,113.778,252600,28763699,7-10年国债ETF,SH,511260
2020-04-17,0.977,0.987,0.973,0.98,23106008,22713444,短融ETF,SZ,159976
2020-04-17,107.188,107.188,107.188,107.188,100,10719,综合债指数ETF,SH,511280
2020-04-20,106.55,106.698,106.505,106.696,600,63984,1-3年国债ETF,SH,511020
2020-04-20,113.781,114.02,113.385,113.431,391900,44534478,7-10年国债ETF,SH,511260
2020-04-20,0.98,0.984,0.976,0.983,14120498,13865127,短融ETF,SZ,159976
2020-04-20,107.499,107.499,107.499,107.499,100,10750,综合债指数ETF,SH,511280
2020-04-21,106.698,106.698,106.52,106.698,700,74671,1-3年国债ETF,SH,511020
2020-04-21,113.46,113.478,113.345,113.43,166200,18848617,7-10年国债ETF,SH,511260
2020-04-21,0.973,0.982,0.964,0.974,13420850,13034193,短融ETF,SZ,159976
2020-04-21,106.0,106.0,106.0,106.0,10,1060,综合债指数ETF,SH,511280
2020-04-22,106.698,106.74,106.605,106.74,6710,715954,1-3年国债ETF,SH,511020
2020-04-22,113.478,113.762,113.435,113.714,355700,40428902,7-10年国债ETF,SH,511260
2020-04-22,0.964,0.98,0.964,0.98,17693829,17168064,短融ETF,SZ,159976
2020-04-22,107.799,107.799,105.016,107.798,400,42563,综合债指数ETF,SH,511280
2020-04-23,106.798,106.899,106.798,106.899,5460,583244,1-3年国债ETF,SH,511020
2020-04-23,113.66,114.356,113.6,114.26,357500,40754024,7-10年国债ETF,SH,511260
2020-04-23,0.978,0.99,0.977,0.98,16779249,16456545,短融ETF,SZ,159976
2020-04-24,107.099,107.8,107.099,107.8,12000,1291422,1-3年国债ETF,SH,511020
2020-04-24,114.313,114.79,114.232,114.532,393700,45105962,7-10年国债ETF,SH,511260
2020-04-24,0.98,0.98,0.967,0.969,14047840,13656209,短融ETF,SZ,159976
2020-04-27,107.8,107.9,107.799,107.9,5500,592973,1-3年国债ETF,SH,511020
2020-04-27,114.4,114.705,114.2,114.504,446000,51054133,7-10年国债ETF,SH,511260
2020-04-27,0.969,0.982,0.969,0.976,13467323,13173470,短融ETF,SZ,159976
2020-04-27,107.8,107.8,107.8,107.8,200,21560,综合债指数ETF,SH,511280
2020-04-28,107.799,107.9,107.799,107.799,2110,227506,1-3年国债ETF,SH,511020
2020-04-28,114.4,114.7,114.322,114.634,479800,54950452,7-10年国债ETF,SH,511260
2020-04-28,0.978,0.985,0.967,0.984,22301813,21776392,短融ETF,SZ,159976
2020-04-28,108.11,108.11,106.016,107.063,200,21413,综合债指数ETF,SH,511280
2020-04-29,107.8,107.9,107.66,107.9,2300,247973,1-3年国债ETF,SH,511020
2020-04-29,114.6,114.9,114.568,114.749,339400,38943310,7-10年国债ETF,SH,511260
2020-04-29,0.975,0.991,0.975,0.987,16189516,15987521,短融ETF,SZ,159976
2020-04-29,109.97,109.97,106.224,109.656,220,24087,综合债指数ETF,SH,511280
2020-04-30,107.999,108.0,107.7,108.0,6400,691129,1-3年国债ETF,SH,511020
2020-04-30,114.602,114.7,114.405,114.501,449810,51529888,7-10年国债ETF,SH,511260
2020-04-30,0.986,1.004,0.986,1.004,18881882,18872557,短融ETF,SZ,159976
2020-04-30,110.888,110.888,110.888,110.888,100,11089,综合债指数ETF,SH,511280
2020-05-06,107.899,107.9,107.606,107.632,2100,226313,1-3年国债ETF,SH,511020
2020-05-06,114.551,114.551,114.23,114.289,405600,46377444,7-10年国债ETF,SH,511260
2020-05-06,0.998,1.009,0.99,1.009,15829288,15797842,短融ETF,SZ,159976
2020-05-07,107.55,107.69,107.2,107.499,6300,677480,1-3年国债ETF,SH,511020
2020-05-07,114.289,114.289,113.7,113.755,430000,48984471,7-10年国债ETF,SH,511260
2020-05-07,1.01,1.01,1.0,1.002,14969508,15022237,短融ETF,SZ,159976
2020-05-08,107.199,107.299,106.901,106.999,11300,1209590,1-3年国债ETF,SH,511020
2020-05-08,113.989,113.989,113.2,113.472,729200,82694244,7-10年国债ETF,SH,511260
2020-05-08,1.004,1.016,1.004,1.013,26118057,26425089,短融ETF,SZ,159976
2020-05-11,106.9,106.9,106.8,106.8,1600,170891,1-3年国债ETF,SH,511020
2020-05-11,113.581,113.581,112.913,112.922,742400,84039141,7-10年国债ETF,SH,511260
2020-05-11,1.012,1.026,1.012,1.017,27125476,27641333,短融ETF,SZ,159976
2020-05-11,106.615,108.0,106.615,107.666,500,53828,综合债指数ETF,SH,511280
2020-05-12,106.999,106.999,106.899,106.999,2800,299387,1-3年国债ETF,SH,511020
2020-05-12,112.921,113.249,112.921,113.235,655800,74184644,7-10年国债ETF,SH,511260
2020-05-12,1.017,1.027,1.015,1.027,27388716,27945098,短融ETF,SZ,159976
2020-05-12,108.157,108.157,108.157,108.157,100,10816,综合债指数ETF,SH,511280
2020-05-13,106.699,106.9,106.699,106.9,1300,138890,1-3年国债ETF,SH,511020
2020-05-13,113.021,113.35,112.954,112.979,750500,84937603,7-10年国债ETF,SH,511260
2020-05-13,1.02,1.032,1.017,1.031,22402714,22985280,短融ETF,SZ,159976
2020-05-14,106.699,106.799,106.58,106.6,2610,278307,1-3年国债ETF,SH,511020
2020-05-14,112.985,113.048,112.555,112.928,849200,95777202,7-10年国债ETF,SH,511260
2020-05-14,1.03,1.03,1.022,1.024,20666720,21187560,短融ETF,SZ,159976
2020-05-15,106.799,107.0,106.799,107.0,9210,985147,1-3年国债ETF,SH,511020
2020-05-15,112.935,113.142,112.768,113.132,934700,105600908,7-10年国债ETF,SH,511260
2020-05-15,1.027,1.04,1.018,1.025,27951073,28625698,短融ETF,SZ,159976
2020-05-18,106.82,106.82,106.799,106.818,2300,245661,1-3年国债ETF,SH,511020
2020-05-18,112.942,113.097,112.616,112.637,682600,76945362,7-10年国债ETF,SH,511260
2020-05-18,1.024,1.024,1.011,1.018,25781628,26239049,短融ETF,SZ,159976
2020-05-19,106.599,106.599,106.45,106.59,6800,724437,1-3年国债ETF,SH,511020
2020-05-19,112.52,112.822,112.349,112.784,670100,75463602,7-10年国债ETF,SH,511260
2020-05-19,1.021,1.033,1.021,1.033,28444294,29297889,短融ETF,SZ,159976
2020-05-19,106.505,106.998,106.505,106.998,1300,138663,综合债指数ETF,SH,511280
2020-05-20,106.495,106.5,106.495,106.5,200,21300,1-3年国债ETF,SH,511020
2020-05-20,112.699,112.992,112.695,112.989,691100,77965888,7-10年国债ETF,SH,511260
2020-05-20,1.03,1.035,1.029,1.034,25575568,26402461,短融ETF,SZ,159976
2020-05-21,112.766,113.104,112.766,113.039,604100,68274998,7-10年国债ETF,SH,511260
2020-05-21,1.034,1.037,1.024,1.027,19133993,19723615,短融ETF,SZ,159976
2020-05-22,106.405,106.599,106.405,106.598,4020,428284,1-3年国债ETF,SH,511020
2020-05-22,113.155,113.566,113.085,113.564,860700,97580549,7-10年国债ETF,SH,511260
2020-05-22,1.028,1.028,0.995,1.0,15323567,15391670,短融ETF,SZ,159976
2020-05-22,106.9,106.9,106.9,106.9,200,21380,综合债指数ETF,SH,511280
2020-05-25,106.505,106.55,106.45,106.45,5300,564362,1-3年国债ETF,SH,511020
2020-05-25,113.514,113.514,113.12,113.203,806600,91350956,7-10年国债ETF,SH,511260
2020-05-25,0.998,1.0,0.98,1.0,9704840,9649632,短融ETF,SZ,159976
2020-05-25,106.9,108.098,106.9,107.546,400,43009,综合债指数ETF,SH,511280
2020-05-26,106.4,106.4,106.3,106.4,1310,139374,1-3年国债ETF,SH,511020
2020-05-26,113.251,113.331,112.648,112.786,659900,74475755,7-10年国债ETF,SH,511260
2020-05-26,1.005,1.02,1.005,1.02,14234937,14449374,短融ETF,SZ,159976
2020-05-27,106.45,106.45,106.001,106.245,5800,616607,1-3年国债ETF,SH,511020
2020-05-27,112.8,112.93,112.63,112.784,769800,86823089,7-10年国债ETF,SH,511260
2020-05-27,1.017,1.019,1.007,1.01,16019276,16223825,短融ETF,SZ,159976
2020-05-28,106.102,106.102,106.1,106.1,2700,286473,1-3年国债ETF,SH,511020
2020-05-28,112.765,113.166,112.762,113.109,862000,97389335,7-10年国债ETF,SH,511260
2020-05-28,1.009,1.017,0.993,1.004,16720455,16763515,短融ETF,SZ,159976
2020-05-29,106.299,106.299,106.099,106.099,900,95649,1-3年国债ETF,SH,511020
2020-05-29,113.03,113.16,112.688,112.733,754000,85148869,7-10年国债ETF,SH,511260
2020-05-29,1.0,1.009,0.997,1.007,16325592,16408504,短融ETF,SZ,159976
2020-06-01,105.968,105.968,105.7,105.7,8400,888855,1-3年国债ETF,SH,511020
2020-06-01,112.783,112.783,112.36,112.401,707100,79609223,7-10年国债ETF,SH,511260
2020-06-01,1.011,1.036,1.011,1.036,26272865,27129293,短融ETF,SZ,159976
2020-06-02,105.599,105.699,105.599,105.696,3200,338004,1-3年国债ETF,SH,511020
2020-06-02,112.498,112.498,111.922,112.063,858800,96236222,7-10年国债ETF,SH,511260
2020-06-02,1.036,1.044,1.036,1.043,23019992,23964522,短融ETF,SZ,159976
2020-06-03,105.399,105.399,105.099,105.099,2310,243399,1-3年国债ETF,SH,511020
2020-06-03,112.013,112.013,111.596,111.872,663000,74093610,7-10年国债ETF,SH,511260
2020-06-03,1.046,1.053,1.045,1.047,31176415,32712330,短融ETF,SZ,159976
2020-06-04,105.6,105.6,105.099,105.099,3000,315550,1-3年国债ETF,SH,511020
2020-06-04,111.9,111.922,111.494,111.499,757600,84629278,7-10年国债ETF,SH,511260
2020-06-04,1.048,1.053,1.045,1.051,18435202,19357903,短融ETF,SZ,159976
2020-06-05,105.15,105.15,105.15,105.15,700,73605,1-3年国债ETF,SH,511020
2020-06-05,111.55,111.64,111.329,111.403,701900,78239357,7-10年国债ETF,SH,511260
2020-06-05,1.05,1.058,1.047,1.058,28530068,30007672,短融ETF,SZ,159976
2020-06-08,105.099,105.099,104.799,105.099,3200,336287,1-3年国债ETF,SH,511020
2020-06-08,111.402,111.782,111.332,111.781,762800,85169204,7-10年国债ETF,SH,511260
2020-06-08,1.059,1.072,1.058,1.063,26342213,28059525,短融ETF,SZ,159976
2020-06-09,104.799,104.999,104.799,104.92,3110,326079,1-3年国债ETF,SH,511020
2020-06-09,111.83,111.952,111.752,111.761,734600,82187504,7-10年国债ETF,SH,511260
2020-06-09,1.064,1.07,1.062,1.07,23937800,25546521,短融ETF,SZ,159976
2020-06-10,111.791,111.964,111.637,111.731,705700,78899577,7-10年国债ETF,SH,511260
2020-06-10,1.068,1.072,1.066,1.072,24300436,25998660,短融ETF,SZ,159976
2020-06-11,104.91,104.99,104.91,104.99,800,83965,1-3年国债ETF,SH,511020
2020-06-11,111.805,112.249,111.805,112.223,980800,109835629,7-10年国债ETF,SH,511260
2020-06-11,1.072,1.076,1.057,1.065,25499145,27265256,短融ETF,SZ,159976
2020-06-12,104.999,105.5,104.999,104.999,8610,905309,1-3年国债ETF,SH,511020
2020-06-12,112.39,112.75,112.255,112.318,711500,79951624,7-10年国债ETF,SH,511260
2020-06-12,1.043,1.06,1.039,1.06,21842593,23060787,短融ETF,SZ,159976
2020-06-15,105.199,105.399,105.199,105.399,2000,210735,1-3年国债ETF,SH,511020
2020-06-15,112.46,112.647,112.28,112.619,695710,78294580,7-10年国债ETF,SH,511260
2020-06-15,1.058,1.062,1.045,1.047,12767377,13478080,短融ETF,SZ,159976
2020-06-16,104.6,105.1,104.6,104.899,3210,336867,1-3年国债ETF,SH,511020
2020-06-16,112.2,112.2,111.76,111.787,862000,96455560,7-10年国债ETF,SH,511260
2020-06-16,1.057,1.067,1.057,1.067,23919852,25426350,短融ETF,SZ,159976
2020-06-17,111.837,111.837,111.456,111.694,639700,71445171,7-10年国债ETF,SH,511260
2020-06-17,1.066,1.07,1.059,1.068,18060729,19221097,短融ETF,SZ,159976
2020-06-17,107.0,107.0,107.0,107.0,200,21400,综合债指数ETF,SH,511280
2020-06-18,104.999,104.999,104.999,104.999,400,42000,1-3年国债ETF,SH,511020
2020-06-18,111.98,111.98,111.418,111.513,1149500,128349349,7-10年国债ETF,SH,511260
2020-06-18,1.063,1.075,1.058,1.075,22017138,23568358,短融ETF,SZ,159976
2020-06-19,104.9,104.9,104.699,104.699,810,84967,1-3年国债ETF,SH,511020
2020-06-19,111.543,111.608,111.43,111.54,1081200,120564829,7-10年国债ETF,SH,511260
2020-06-19,1.074,1.095,1.073,1.092,26066742,28308146,短融ETF,SZ,159976
2020-06-22,104.699,104.699,104.699,104.699,100,10470,1-3年国债ETF,SH,511020
2020-06-22,111.54,111.621,111.43,111.56,866330,96614830,7-10年国债ETF,SH,511260
2020-06-22,1.085,1.093,1.085,1.092,18876638,20570244,短融ETF,SZ,159976
2020-06-23,104.399,104.399,104.399,104.399,1900,198358,1-3年国债ETF,SH,511020
2020-06-23,111.491,111.57,110.9,111.01,652110,72549738,7-10年国债ETF,SH,511260
2020-06-23,1.093,1.098,1.085,1.098,15435199,16837289,短融ETF,SZ,159976
2020-06-24,104.3,104.5,104.3,104.452,4200,438380,1-3年国债ETF,SH,511020
2020-06-24,111.2,111.558,111.143,111.52,783100,87233113,7-10年国债ETF,SH,511260
2020-06-24,1.099,1.106,1.099,1.106,24153823,26640961,短融ETF,SZ,159976
2020-06-24,103.669,106.649,103.669,106.649,300,31399,综合债指数ETF,SH,511280
2020-06-29,104.6,104.6,104.6,104.6,100,10460,1-3年国债ETF,SH,511020
2020-06-29,111.499,111.595,111.405,111.566,588200,65613261,7-10年国债ETF,SH,511260
2020-06-29,1.105,1.105,1.09,1.098,21949782,24028118,短融ETF,SZ,159976
2020-06-29,104.888,104.998,104.888,104.998,200,20989,综合债指数ETF,SH,511280
2020-06-30,104.601,104.601,104.4,104.4,110,11504,1-3年国债ETF,SH,511020
2020-06-30,111.5,111.533,111.35,111.463,654100,72883953,7-10年国债ETF,SH,511260
2020-06-30,1.098,1.117,1.098,1.112,17901718,19858773,短融ETF,SZ,159976
2020-06-30,101.898,104.99,101.898,104.9,1300,135830,综合债指数ETF,SH,511280
2020-07-01,104.301,104.5,104.301,104.5,6000,626215,1-3年国债ETF,SH,511020
2020-07-01,111.5,111.6,111.47,111.566,491700,54848219,7-10年国债ETF,SH,511260
2020-07-01,1.112,1.128,1.111,1.128,22912303,25587033,短融ETF,SZ,159976
2020-07-02,104.598,104.598,104.598,104.598,100,10460,1-3年国债ETF,SH,511020
2020-07-02,111.5,111.962,111.405,111.716,804000,89745657,7-10年国债ETF,SH,511260
2020-07-02,1.126,1.143,1.119,1.141,24266100,27532844,短融ETF,SZ,159976
2020-07-03,104.5,104.601,104.5,104.601,310,32425,1-3年国债ETF,SH,511020
2020-07-03,111.501,111.681,111.374,111.6,620500,69185780,7-10年国债ETF,SH,511260
2020-07-03,1.14,1.165,1.14,1.165,28289631,32612582,短融ETF,SZ,159976
2020-07-03,100.406,104.9,100.406,104.9,200,20531,综合债指数ETF,SH,511280
2020-07-06,104.35,104.35,104.002,104.3,2710,282616,1-3年国债ETF,SH,511020
2020-07-06,111.435,111.435,110.481,110.585,599500,66427157,7-10年国债ETF,SH,511260
2020-07-06,1.167,1.218,1.167,1.218,30445255,36554041,短融ETF,SZ,159976
2020-07-07,104.001,104.001,103.45,103.9,5620,583222,1-3年国债ETF,SH,511020
2020-07-07,110.43,110.43,110.041,110.116,556644,61305906,7-10年国债ETF,SH,511260
2020-07-07,1.223,1.235,1.213,1.218,28882294,35357782,短融ETF,SZ,159976
2020-07-07,104.894,104.896,104.894,104.895,400,41958,综合债指数ETF,SH,511280
2020-07-08,103.605,103.605,103.605,103.605,300,31082,1-3年国债ETF,SH,511020
2020-07-08,110.2,110.2,109.747,109.756,517800,56936441,7-10年国债ETF,SH,511260
2020-07-08,1.219,1.239,1.2,1.236,33779196,41276325,短融ETF,SZ,159976
2020-07-09,103.601,103.601,103.2,103.202,6600,682305,1-3年国债ETF,SH,511020
2020-07-09,109.755,109.756,109.161,109.567,1085910,118815058,7-10年国债ETF,SH,511260
2020-07-09,1.24,1.254,1.226,1.252,23928812,29780249,短融ETF,SZ,159976
2020-07-10,103.15,103.301,103.15,103.301,1510,155847,1-3年国债ETF,SH,511020
2020-07-10,109.78,110.011,109.65,109.839,1094300,120208279,7-10年国债ETF,SH,511260
2020-07-10,1.25,1.25,1.226,1.237,41303497,51192504,短融ETF,SZ,159976
2020-07-13,103.1,103.34,103.1,103.34,1410,145415,1-3年国债ETF,SH,511020
2020-07-13,109.8,109.812,109.504,109.651,860300,94308957,7-10年国债ETF,SH,511260
2020-07-13,1.235,1.255,1.227,1.255,38222539,47603820,短融ETF,SZ,159976
2020-07-14,103.6,103.6,103.3,103.59,2510,259902,1-3年国债ETF,SH,511020
2020-07-14,109.815,110.138,109.815,110.088,901200,99164906,7-10年国债ETF,SH,511260
2020-07-14,1.245,1.248,1.216,1.236,27100511,33338286,短融ETF,SZ,159976
2020-07-15,103.3,103.5,103.3,103.5,7920,818897,1-3年国债ETF,SH,511020
2020-07-15,110.081,110.499,109.8,110.483,846400,93311619,7-10年国债ETF,SH,511260
2020-07-15,1.238,1.246,1.218,1.23,22922848,28185310,短融ETF,SZ,159976
2020-07-16,103.98,104.0,103.755,103.898,9110,946370,1-3年国债ETF,SH,511020
2020-07-16,110.309,110.782,110.309,110.744,1025500,113514684,7-10年国债ETF,SH,511260
2020-07-16,1.227,1.235,1.17,1.176,17222556,20764853,短融ETF,SZ,159976
2020-07-17,104.0,104.1,104.0,104.0,5220,543140,1-3年国债ETF,SH,511020
2020-07-17,110.748,110.77,110.362,110.445,818900,90603618,7-10年国债ETF,SH,511260
2020-07-17,1.176,1.195,1.17,1.191,15781158,18691468,短融ETF,SZ,159976
2020-07-20,103.369,104.098,103.3,104.0,7400,767919,1-3年国债ETF,SH,511020
2020-07-20,110.395,110.401,110.118,110.334,675400,74509402,7-10年国债ETF,SH,511260
2020-07-20,1.192,1.217,1.182,1.217,24449213,29424569,短融ETF,SZ,159976
2020-07-21,103.8,104.35,103.8,104.3,7700,801291,1-3年国债ETF,SH,511020
2020-07-21,110.844,110.844,110.27,110.393,810800,89498357,7-10年国债ETF,SH,511260
2020-07-21,1.22,1.233,1.217,1.233,18807550,23050484,短融ETF,SZ,159976
2020-07-21,95.668,107.666,95.668,104.973,700,72038,综合债指数ETF,SH,511280
2020-07-22,104.3,104.4,104.3,104.4,3100,323482,1-3年国债ETF,SH,511020
2020-07-22,110.412,111.11,110.29,111.077,800200,88489774,7-10年国债ETF,SH,511260
2020-07-22,1.233,1.248,1.226,1.235,11174602,13807468,短融ETF,SZ,159976
2020-07-23,104.3,104.5,104.3,104.5,1120,116901,1-3年国债ETF,SH,511020
2020-07-23,111.0,111.29,110.95,111.208,966800,107461389,7-10年国债ETF,SH,511260
2020-07-23,1.232,1.236,1.211,1.235,16677352,20399874,短融ETF,SZ,159976
2020-07-24,104.5,104.548,104.317,104.447,1600,167171,1-3年国债ETF,SH,511020
2020-07-24,111.21,111.424,111.152,111.393,913400,101645251,7-10年国债ETF,SH,511260
2020-07-24,1.234,1.234,1.175,1.184,12765650,15310169,短融ETF,SZ,159976
2020-07-27,104.8,105.0,104.8,104.94,5200,545794,1-3年国债ETF,SH,511020
2020-07-27,111.25,111.474,111.204,111.445,644400,71761371,7-10年国债ETF,SH,511260
2020-07-27,1.186,1.192,1.17,1.181,9383142,11099046,短融ETF,SZ,159976
2020-07-28,104.94,104.94,104.601,104.601,4800,503235,1-3年国债ETF,SH,511020
2020-07-28,111.435,111.435,111.1,111.151,682800,75907453,7-10年国债ETF,SH,511260
2020-07-28,1.192,1.199,1.186,1.198,12555259,14968071,短融ETF,SZ,159976
2020-07-29,104.6,104.6,104.3,104.4,1700,177390,1-3年国债ETF,SH,511020
2020-07-29,111.35,111.35,110.89,110.983,662200,73527491,7-10年国债ETF,SH,511260
2020-07-29,1.184,1.225,1.184,1.224,12681883,15385347,短融ETF,SZ,159976
2020-07-30,104.3,104.3,104.202,104.202,2000,208473,1-3年国债ETF,SH,511020
2020-07-30,110.9,110.91,110.71,110.763,566800,62805285,7-10年国债ETF,SH,511260
2020-07-30,1.225,1.249,1.213,1.217,10784898,13152114,短融ETF,SZ,159976
2020-07-31,103.9,104.1,103.89,104.0,10710,1113586,1-3年国债ETF,SH,511020
2020-07-31,110.77,110.77,110.336,110.361,720400,79546954,7-10年国债ETF,SH,511260
2020-07-31,1.217,1.238,1.209,1.226,15408374,18853185,短融ETF,SZ,159976
2020-07-31,106.168,106.168,106.168,106.168,200,21234,综合债指数ETF,SH,511280
2020-08-03,104.29,104.29,104.0,104.001,5500,573219,1-3年国债ETF,SH,511020
2020-08-03,110.368,110.451,110.133,110.442,711800,78560151,7-10年国债ETF,SH,511260
2020-08-03,1.225,1.235,1.225,1.235,10798204,13282732,短融ETF,SZ,159976
2020-08-03,107.155,107.155,105.5,106.498,400,42465,综合债指数ETF,SH,511280
2020-08-04,104.098,104.098,104.098,104.098,100,10410,1-3年国债ETF,SH,511020
2020-08-04,110.44,110.552,110.36,110.463,591800,65375623,7-10年国债ETF,SH,511260
2020-08-04,1.236,1.251,1.234,1.248,20947739,25973282,短融ETF,SZ,159976
2020-08-04,106.299,106.498,106.299,106.349,400,42540,综合债指数ETF,SH,511280
2020-08-05,103.7,104.07,103.7,104.07,4800,498724,1-3年国债ETF,SH,511020
2020-08-05,110.45,110.674,110.45,110.606,574000,63469872,7-10年国债ETF,SH,511260
2020-08-05,1.25,1.25,1.232,1.245,8987227,11158592,短融ETF,SZ,159976
2020-08-06,104.0,104.0,103.8,103.8,810,84107,1-3年国债ETF,SH,511020
2020-08-06,110.405,110.674,110.405,110.646,649800,71880234,7-10年国债ETF,SH,511260
2020-08-06,1.245,1.248,1.222,1.24,10380657,12807351,短融ETF,SZ,159976
2020-08-06,106.3,106.3,106.3,106.3,200,21260,综合债指数ETF,SH,511280
2020-08-07,103.7,103.8,103.7,103.8,4500,466874,1-3年国债ETF,SH,511020
2020-08-07,110.64,110.69,110.45,110.51,654900,72406614,7-10年国债ETF,SH,511260
2020-08-07,1.24,1.24,1.212,1.223,12584380,15424467,短融ETF,SZ,159976
2020-08-10,103.7,103.7,103.7,103.7,2100,217770,1-3年国债ETF,SH,511020
2020-08-10,110.52,110.62,110.45,110.616,627400,69346857,7-10年国债ETF,SH,511260
2020-08-10,1.22,1.225,1.204,1.222,7022074,8520990,短融ETF,SZ,159976
2020-08-10,106.3,106.3,106.3,106.3,100,10630,综合债指数ETF,SH,511280
2020-08-11,104.09,104.09,103.945,103.995,400,41598,1-3年国债ETF,SH,511020
2020-08-11,110.616,110.639,110.467,110.488,674000,74495449,7-10年国债ETF,SH,511260
2020-08-11,1.222,1.235,1.206,1.208,10039062,12310885,短融ETF,SZ,159976
2020-08-11,104.01,104.01,104.01,104.01,100,10401,综合债指数ETF,SH,511280
2020-08-12,103.7,104.089,103.7,103.85,6500,675238,1-3年国债ETF,SH,511020
2020-08-12,110.515,110.789,110.215,110.314,672210,74252803,7-10年国债ETF,SH,511260
2020-08-12,1.21,1.21,1.183,1.208,13502805,16095630,短融ETF,SZ,159976
2020-08-12,106.2,106.2,106.2,106.2,100,10620,综合债指数ETF,SH,511280
2020-08-13,103.99,103.99,103.802,103.99,1500,155761,1-3年国债ETF,SH,511020
2020-08-13,110.313,110.597,110.312,110.597,690200,76280599,7-10年国债ETF,SH,511260
2020-08-13,1.208,1.216,1.204,1.204,7269313,8787638,短融ETF,SZ,159976
2020-08-13,102.637,106.099,102.637,106.099,110,11636,综合债指数ETF,SH,511280
2020-08-14,103.873,103.873,103.873,103.873,100,10387,1-3年国债ETF,SH,511020
2020-08-14,110.597,110.768,110.572,110.636,488100,54023049,7-10年国债ETF,SH,511260
2020-08-14,1.212,1.229,1.201,1.229,17038333,20716454,短融ETF,SZ,159976
2020-08-14,102.0,105.9,102.0,105.9,200,20790,综合债指数ETF,SH,511280
2020-08-17,104.0,104.113,104.0,104.001,2510,261051,1-3年国债ETF,SH,511020
2020-08-17,110.637,110.76,110.636,110.726,416500,46118665,7-10年国债ETF,SH,511260
2020-08-17,1.23,1.252,1.225,1.241,10381577,12859576,短融ETF,SZ,159976
2020-08-17,102.2,106.0,102.2,105.99,300,31419,综合债指数ETF,SH,511280
2020-08-18,104.18,104.195,104.18,104.188,1920,200028,1-3年国债ETF,SH,511020
2020-08-18,110.724,110.792,110.716,110.758,336300,37250535,7-10年国债ETF,SH,511260
2020-08-18,1.242,1.248,1.233,1.239,5543496,6864322,短融ETF,SZ,159976
2020-08-18,103.406,105.501,103.406,105.501,200,20891,综合债指数ETF,SH,511280
2020-08-19,104.2,104.2,104.2,104.2,220,22924,1-3年国债ETF,SH,511020
2020-08-19,110.74,110.758,110.56,110.579,491300,54387259,7-10年国债ETF,SH,511260
2020-08-19,1.238,1.238,1.217,1.22,7112309,8737934,短融ETF,SZ,159976
2020-08-19,105.505,105.997,105.5,105.997,300,31700,综合债指数ETF,SH,511280
2020-08-20,104.103,104.15,104.103,104.15,200,20825,1-3年国债ETF,SH,511020
2020-08-20,110.55,110.615,110.31,110.322,729500,80583781,7-10年国债ETF,SH,511260
2020-08-20,1.216,1.216,1.201,1.206,6639424,8001932,短融ETF,SZ,159976
2020-08-20,105.45,105.45,105.45,105.45,100,10545,综合债指数ETF,SH,511280
2020-08-21,104.15,104.15,104.15,104.15,2200,229130,1-3年国债ETF,SH,511020
2020-08-21,110.372,110.4,110.308,110.359,479500,52916412,7-10年国债ETF,SH,511260
2020-08-21,1.206,1.224,1.206,1.22,4850460,5905718,短融ETF,SZ,159976
2020-08-21,105.98,105.98,105.455,105.455,200,21144,综合债指数ETF,SH,511280
2020-08-24,104.2,104.2,104.001,104.001,2210,230280,1-3年国债ETF,SH,511020
2020-08-24,110.369,110.437,110.142,110.341,594200,65550213,7-10年国债ETF,SH,511260
2020-08-24,1.222,1.238,1.222,1.235,6146453,7574538,短融ETF,SZ,159976
2020-08-24,105.1,105.888,105.1,105.888,200,21099,综合债指数ETF,SH,511280
2020-08-25,104.5,104.5,103.9,103.9,2500,261010,1-3年国债ETF,SH,511020
2020-08-25,110.34,110.341,109.96,110.033,762800,83955422,7-10年国债ETF,SH,511260
2020-08-25,1.237,1.245,1.231,1.235,7800515,9659498,短融ETF,SZ,159976
2020-08-25,106.0,108.7,105.1,105.1,300,31980,综合债指数ETF,SH,511280
2020-08-26,103.9,103.9,103.9,103.9,100,10390,1-3年国债ETF,SH,511020
2020-08-26,110.043,110.116,109.848,109.889,583600,64217808,7-10年国债ETF,SH,511260
2020-08-26,1.235,1.24,1.22,1.223,5369700,6606425,短融ETF,SZ,159976
2020-08-26,105.888,105.888,105.88,105.88,200,21177,综合债指数ETF,SH,511280
2020-08-27,103.7,103.7,103.7,103.7,200,20740,1-3年国债ETF,SH,511020
2020-08-27,109.889,110.014,109.88,109.956,710400,78117831,7-10年国债ETF,SH,511260
2020-08-27,1.224,1.231,1.218,1.231,6535813,8011863,短融ETF,SZ,159976
2020-08-27,105.401,105.998,105.401,105.497,300,31690,综合债指数ETF,SH,511280
2020-08-28,104.0,104.0,103.3,103.4,4410,456484,1-3年国债ETF,SH,511020
2020-08-28,110.006,110.006,109.618,109.645,695500,76323099,7-10年国债ETF,SH,511260
2020-08-28,1.231,1.253,1.227,1.253,6925896,8574101,短融ETF,SZ,159976
2020-08-28,103.01,106.0,103.01,105.3,500,52282,综合债指数ETF,SH,511280
2020-08-31,103.305,103.65,103.305,103.65,400,41391,1-3年国债ETF,SH,511020
2020-08-31,109.631,109.812,109.518,109.724,763800,83808118,7-10年国债ETF,SH,511260
2020-08-31,1.253,1.264,1.243,1.245,7672122,9636058,短融ETF,SZ,159976
2020-08-31,105.99,105.99,105.112,105.5,700,73816,综合债指数ETF,SH,511280
2020-09-01,103.85,103.85,103.8,103.848,3500,363443,1-3年国债ETF,SH,511020
2020-09-01,109.8,110.191,109.7,110.117,695900,76533636,7-10年国债ETF,SH,511260
2020-09-01,1.246,1.249,1.235,1.248,9259596,11508320,短融ETF,SZ,159976
2020-09-01,105.555,105.555,105.0,105.011,840,88335,综合债指数ETF,SH,511280
2020-09-02,104.8,104.8,103.65,103.7,220,23034,1-3年国债ETF,SH,511020
2020-09-02,110.107,110.107,109.848,109.962,593600,65281582,7-10年国债ETF,SH,511260
2020-09-02,1.249,1.258,1.241,1.252,5702267,7139992,短融ETF,SZ,159976
2020-09-02,105.2,105.2,105.2,105.2,200,21040,综合债指数ETF,SH,511280
2020-09-03,103.45,103.45,103.302,103.45,3100,320636,1-3年国债ETF,SH,511020
2020-09-03,109.962,110.273,109.723,110.266,839700,92303430,7-10年国债ETF,SH,511260
2020-09-03,1.252,1.256,1.236,1.24,6684348,8333207,短融ETF,SZ,159976
2020-09-04,103.302,103.302,103.3,103.302,1700,175613,1-3年国债ETF,SH,511020
2020-09-04,110.216,110.408,110.16,110.291,1150000,126841936,7-10年国债ETF,SH,511260
2020-09-04,1.236,1.236,1.214,1.224,6501526,7915018,短融ETF,SZ,159976
2020-09-07,102.8,103.1,102.8,103.1,2400,246771,1-3年国债ETF,SH,511020
2020-09-07,110.339,110.36,109.971,110.048,1145000,126031009,7-10年国债ETF,SH,511260
2020-09-07,1.222,1.227,1.197,1.201,5333814,6468061,短融ETF,SZ,159976
2020-09-07,105.2,105.2,105.2,105.2,100,10520,综合债指数ETF,SH,511280
2020-09-08,102.9,103.209,102.9,103.0,7700,792842,1-3年国债ETF,SH,511020
2020-09-08,110.139,110.45,109.99,110.397,1103200,121713619,7-10年国债ETF,SH,511260
2020-09-08,1.26,1.26,1.191,1.204,4153333,4991634,短融ETF,SZ,159976
2020-09-09,103.9,103.9,102.7,103.0,4210,433011,1-3年国债ETF,SH,511020
2020-09-09,110.172,110.687,110.172,110.683,1226400,135503610,7-10年国债ETF,SH,511260
2020-09-09,1.2,1.2,1.17,1.179,8178837,9638053,短融ETF,SZ,159976
2020-09-09,105.2,105.2,105.2,105.2,400,42080,综合债指数ETF,SH,511280
2020-09-10,103.3,103.3,103.298,103.3,2700,278910,1-3年国债ETF,SH,511020
2020-09-10,110.65,110.78,110.458,110.746,1119500,123856202,7-10年国债ETF,SH,511260
2020-09-10,1.18,1.203,1.179,1.179,4679955,5562546,短融ETF,SZ,159976
2020-09-11,103.3,103.3,103.2,103.2,4800,495763,1-3年国债ETF,SH,511020
2020-09-11,110.769,110.769,110.177,110.183,1119600,123578617,7-10年国债ETF,SH,511260
2020-09-11,1.178,1.193,1.177,1.193,2735576,3235897,短融ETF,SZ,159976
2020-09-14,103.0,103.0,102.99,102.99,2100,216292,1-3年国债ETF,SH,511020
2020-09-14,109.922,110.031,109.76,109.797,713100,78358775,7-10年国债ETF,SH,511260
2020-09-14,1.2,1.209,1.2,1.204,3987597,4802249,短融ETF,SZ,159976
2020-09-14,105.4,105.5,105.4,105.45,200,21090,综合债指数ETF,SH,511280
2020-09-15,102.12,103.268,102.12,103.151,4210,432010,1-3年国债ETF,SH,511020
2020-09-15,109.78,110.217,109.733,110.212,1072500,117999255,7-10年国债ETF,SH,511260
2020-09-15,1.204,1.216,1.201,1.216,5978316,7234743,短融ETF,SZ,159976
2020-09-15,104.5,104.5,104.005,104.253,200,20851,综合债指数ETF,SH,511280
2020-09-16,102.705,103.303,102.7,103.303,10700,1103375,1-3年国债ETF,SH,511020
2020-09-16,110.0,110.35,110.0,110.25,760300,83811823,7-10年国债ETF,SH,511260
2020-09-16,1.211,1.217,1.204,1.207,5701823,6901316,短融ETF,SZ,159976
2020-09-17,103.3,103.3,103.3,103.3,5200,537160,1-3年国债ETF,SH,511020
2020-09-17,110.102,110.378,110.102,110.195,1371600,151205933,7-10年国债ETF,SH,511260
2020-09-17,1.206,1.212,1.199,1.206,1878207,2265088,短融ETF,SZ,159976
2020-09-18,103.39,103.4,103.39,103.4,1600,165428,1-3年国债ETF,SH,511020
2020-09-18,110.11,110.471,110.11,110.216,1089200,120173079,7-10年国债ETF,SH,511260
2020-09-18,1.205,1.225,1.202,1.224,11429814,13899780,短融ETF,SZ,159976
2020-09-21,103.6,103.6,103.36,103.36,110,11394,1-3年国债ETF,SH,511020
2020-09-21,110.166,110.729,110.166,110.718,957600,105825266,7-10年国债ETF,SH,511260
2020-09-21,1.224,1.229,1.212,1.215,7629556,9302534,短融ETF,SZ,159976
2020-09-21,104.801,104.801,104.8,104.801,200,20960,综合债指数ETF,SH,511280
2020-09-22,103.4,103.4,103.4,103.4,2100,217140,1-3年国债ETF,SH,511020
2020-09-22,110.6,112.933,110.6,110.898,1291600,143156279,7-10年国债ETF,SH,511260
2020-09-22,1.2,1.215,1.2,1.202,2355947,2845345,短融ETF,SZ,159976
2020-09-23,103.5,103.85,103.5,103.605,4600,476921,1-3年国债ETF,SH,511020
2020-09-23,110.8,110.898,110.558,110.653,1343700,148732480,7-10年国债ETF,SH,511260
2020-09-23,1.218,1.218,1.202,1.207,3020204,3642016,短融ETF,SZ,159976
2020-09-23,104.801,105.0,104.801,105.0,400,41940,综合债指数ETF,SH,511280
2020-09-24,103.9,103.9,103.602,103.602,2300,238380,1-3年国债ETF,SH,511020
2020-09-24,110.68,110.807,110.527,110.605,1113900,123272937,7-10年国债ETF,SH,511260
2020-09-24,1.198,1.2,1.185,1.188,1415822,1684806,短融ETF,SZ,159976
2020-09-25,103.6,103.6,103.6,103.6,1500,155400,1-3年国债ETF,SH,511020
2020-09-25,110.61,110.611,110.421,110.453,1251100,138257874,7-10年国债ETF,SH,511260
2020-09-25,100.22,100.265,100.001,100.223,169570,16997776,信用债ETF,SH,511360
2020-09-25,1.187,1.196,1.186,1.189,2577028,3067931,短融ETF,SZ,159976
2020-09-28,103.307,103.307,103.307,103.307,300,30992,1-3年国债ETF,SH,511020
2020-09-28,110.453,110.6,110.248,110.594,1125200,124230833,7-10年国债ETF,SH,511260
2020-09-28,100.177,100.2,100.052,100.196,107870,10806895,信用债ETF,SH,511360
2020-09-28,1.189,1.196,1.188,1.192,1561176,1858282,短融ETF,SZ,159976
2020-09-28,4.019,4.019,3.982,4.001,10864154,43472927,绿色债券ETF(南方),SH,518890
2020-09-29,103.355,103.4,103.355,103.4,1000,103378,1-3年国债ETF,SH,511020
2020-09-29,110.566,110.594,110.34,110.403,1134600,125309199,7-10年国债ETF,SH,511260
2020-09-29,100.2,100.236,100.1,100.195,134321,13458251,信用债ETF,SH,511360
2020-09-29,1.199,1.202,1.195,1.196,800903,959376,短融ETF,SZ,159976
2020-09-29,4.03,4.061,4.03,4.054,4016014,16277275,绿色债券ETF(南方),SH,518890
2020-09-30,103.4,103.403,103.4,103.403,200,20680,1-3年国债ETF,SH,511020
2020-09-30,110.403,110.55,110.137,110.188,989700,109203289,7-10年国债ETF,SH,511260
2020-09-30,100.159,100.26,100.159,100.26,56063,5618755,信用债ETF,SH,511360
2020-09-30,1.198,1.21,1.195,1.2,1552001,1866620,短融ETF,SZ,159976
2020-09-30,4.065,4.071,4.049,4.055,6805867,27643689,绿色债券ETF(南方),SH,518890
2020-10-09,110.03,110.085,109.941,110.04,1142400,125675703,7-10年国债ETF,SH,511260
2020-10-09,100.214,100.3,98.254,100.26,14810,1483985,信用债ETF,SH,511360
2020-10-09,1.201,1.234,1.201,1.227,2385696,2935973,短融ETF,SZ,159976
2020-10-09,4.047,4.072,4.042,4.059,4882310,19758414,绿色债券ETF(南方),SH,518890
2020-10-12,103.295,103.295,103.295,103.295,2100,216920,1-3年国债ETF,SH,511020
2020-10-12,110.06,110.06,109.684,109.74,721700,79229962,7-10年国债ETF,SH,511260
2020-10-12,100.3,100.35,100.25,100.298,126930,12730941,信用债ETF,SH,511360
2020-10-12,1.276,1.276,1.227,1.258,6468791,8087674,短融ETF,SZ,159976
2020-10-12,105.392,105.392,105.392,105.392,100,10539,综合债指数ETF,SH,511280
2020-10-12,4.077,4.111,4.055,4.098,9012312,37004763,绿色债券ETF(南方),SH,518890
2020-10-13,103.105,103.107,103.105,103.107,700,72174,1-3年国债ETF,SH,511020
2020-10-13,109.739,109.88,109.7,109.787,909900,99907198,7-10年国债ETF,SH,511260
2020-10-13,100.299,100.357,100.296,100.342,227530,22821896,信用债ETF,SH,511360
2020-10-13,1.258,1.27,1.237,1.268,5334146,6724449,短融ETF,SZ,159976
2020-10-13,4.094,4.098,4.077,4.085,3843407,15722709,绿色债券ETF(南方),SH,518890
2020-10-14,103.358,103.358,103.358,103.358,100,10336,1-3年国债ETF,SH,511020
2020-10-14,109.79,109.847,109.629,109.687,755600,82897122,7-10年国债ETF,SH,511260
2020-10-14,100.296,100.404,100.284,100.35,9720,975870,信用债ETF,SH,511360
2020-10-14,1.27,1.27,1.259,1.263,3982721,5029120,短融ETF,SZ,159976
2020-10-14,4.085,4.085,3.97,4.041,2066021,8308576,绿色债券ETF(南方),SH,518890
2020-10-15,103.238,103.258,103.238,103.258,3810,393401,1-3年国债ETF,SH,511020
2020-10-15,109.693,109.766,109.537,109.603,547800,60056553,7-10年国债ETF,SH,511260
2020-10-15,100.35,100.42,100.3,100.419,5860,588044,信用债ETF,SH,511360
2020-10-15,1.263,1.267,1.256,1.257,3178436,4006817,短融ETF,SZ,159976
2020-10-15,4.023,4.042,4.023,4.038,1222195,4928730,绿色债券ETF(南方),SH,518890
2020-10-16,103.22,103.22,103.2,103.2,430,44382,1-3年国债ETF,SH,511020
2020-10-16,109.603,109.849,109.603,109.824,671200,73668449,7-10年国债ETF,SH,511260
2020-10-16,100.38,100.43,100.38,100.43,14200,1426052,信用债ETF,SH,511360
2020-10-16,1.261,1.264,1.248,1.255,1160652,1454378,短融ETF,SZ,159976
2020-10-16,4.043,4.06,3.917,4.051,2058240,8349876,绿色债券ETF(南方),SH,518890
2020-10-19,103.4,103.4,103.4,103.4,300,31020,1-3年国债ETF,SH,511020
2020-10-19,109.799,110.081,109.631,110.062,735000,80784895,7-10年国债ETF,SH,511260
2020-10-19,100.385,100.408,100.385,100.407,10510,1055276,信用债ETF,SH,511360
2020-10-19,1.261,1.27,1.247,1.25,1844260,2313202,短融ETF,SZ,159976
2020-10-19,105.38,105.392,105.38,105.392,300,31616,综合债指数ETF,SH,511280
2020-10-19,4.038,4.058,4.03,4.058,1236269,4997583,绿色债券ETF(南方),SH,518890
2020-10-20,110.009,110.123,109.81,109.858,620000,68124969,7-10年国债ETF,SH,511260
2020-10-20,100.407,100.47,100.407,100.469,43680,4386856,信用债ETF,SH,511360
2020-10-20,1.245,1.257,1.245,1.257,2786208,3487674,短融ETF,SZ,159976
2020-10-20,4.034,4.038,4.029,4.038,747671,3016548,绿色债券ETF(南方),SH,518890
2020-10-21,103.201,103.201,103.201,103.201,1000,103201,1-3年国债ETF,SH,511020
2020-10-21,109.859,109.982,109.755,109.887,881720,96895534,7-10年国债ETF,SH,511260
2020-10-21,100.423,100.467,100.423,100.464,198200,19912559,信用债ETF,SH,511360
2020-10-21,1.257,1.261,1.248,1.259,2148900,2695967,短融ETF,SZ,159976
2020-10-21,4.048,4.063,4.048,4.057,619682,2512930,绿色债券ETF(南方),SH,518890
2020-10-22,103.202,103.202,103.202,103.202,300,30961,1-3年国债ETF,SH,511020
2020-10-22,109.978,110.242,109.958,110.016,601500,66195317,7-10年国债ETF,SH,511260
2020-10-22,100.467,100.47,100.457,100.47,198690,19962291,信用债ETF,SH,511360
2020-10-22,1.259,1.259,1.242,1.258,1989801,2489195,短融ETF,SZ,159976
2020-10-22,4.053,4.053,4.042,4.053,813607,3292890,绿色债券ETF(南方),SH,518890
2020-10-23,103.4,103.4,103.4,103.4,400,41360,1-3年国债ETF,SH,511020
2020-10-23,109.982,110.028,109.907,109.956,430200,47302708,7-10年国债ETF,SH,511260
2020-10-23,100.43,100.475,100.43,100.473,193280,19419715,信用债ETF,SH,511360
2020-10-23,1.257,1.261,1.246,1.248,842009,1057411,短融ETF,SZ,159976
2020-10-23,4.035,4.04,4.03,4.033,184654,744554,绿色债券ETF(南方),SH,518890
2020-10-26,103.8,103.8,103.202,103.202,2610,270613,1-3年国债ETF,SH,511020
2020-10-26,109.956,109.999,109.808,109.813,505400,55554947,7-10年国债ETF,SH,511260
2020-10-26,100.481,100.482,100.47,100.482,206340,20733447,信用债ETF,SH,511360
2020-10-26,1.24,1.25,1.235,1.243,1833829,2276093,短融ETF,SZ,159976
2020-10-26,4.027,4.028,4.014,4.019,535633,2154227,绿色债券ETF(南方),SH,518890
2020-10-27,109.813,110.104,109.8,110.076,638700,70251200,7-10年国债ETF,SH,511260
2020-10-27,100.46,100.482,100.46,100.48,42867,4306938,信用债ETF,SH,511360
2020-10-27,1.256,1.256,1.234,1.247,833745,1036751,短融ETF,SZ,159976
2020-10-27,4.023,4.059,4.023,4.056,1867706,7571561,绿色债券ETF(南方),SH,518890
2020-10-28,103.5,103.5,103.5,103.5,1100,113850,1-3年国债ETF,SH,511020
2020-10-28,110.091,110.249,109.917,110.059,559300,61586140,7-10年国债ETF,SH,511260
2020-10-28,100.479,100.481,100.479,100.481,292270,29367567,信用债ETF,SH,511360
2020-10-28,1.248,1.26,1.244,1.257,3147310,3943648,短融ETF,SZ,159976
2020-10-28,4.056,4.068,4.054,4.059,655962,2665015,绿色债券ETF(南方),SH,518890
2020-10-29,103.598,103.598,103.598,103.598,100,10360,1-3年国债ETF,SH,511020
2020-10-29,110.06,110.376,110.06,110.121,675000,74399483,7-10年国债ETF,SH,511260
2020-10-29,100.435,100.497,100.429,100.497,262660,26396540,信用债ETF,SH,511360
2020-10-29,1.25,1.277,1.245,1.271,3655969,4631047,短融ETF,SZ,159976
2020-10-29,4.055,4.055,4.002,4.005,802560,3213832,绿色债券ETF(南方),SH,518890
2020-10-30,103.36,103.36,103.358,103.358,3000,310076,1-3年国债ETF,SH,511020
2020-10-30,110.122,110.315,110.077,110.104,477100,52579945,7-10年国债ETF,SH,511260
2020-10-30,100.5,100.505,100.49,100.505,201370,20238506,信用债ETF,SH,511360
2020-10-30,1.271,1.271,1.239,1.242,1540900,1933374,短融ETF,SZ,159976
2020-10-30,105.001,105.388,105.001,105.195,100,10519,综合债指数ETF,SH,511280
2020-10-30,3.982,3.995,3.973,3.979,1441433,5736007,绿色债券ETF(南方),SH,518890
2020-11-02,103.405,103.405,103.405,103.405,100,10341,1-3年国债ETF,SH,511020
2020-11-02,110.105,111.008,110.071,110.332,696996,76881688,7-10年国债ETF,SH,511260
2020-11-02,100.512,100.512,100.46,100.512,224260,22540661,信用债ETF,SH,511360
2020-11-02,1.251,1.26,1.247,1.258,1114835,1399604,短融ETF,SZ,159976
2020-11-02,105.388,105.388,104.602,104.602,400,42038,综合债指数ETF,SH,511280
2020-11-02,3.983,4.023,3.983,4.014,199692,800496,绿色债券ETF(南方),SH,518890
2020-11-03,110.35,110.39,110.212,110.286,692400,76378277,7-10年国债ETF,SH,511260
2020-11-03,100.466,100.535,100.466,100.51,216891,21805129,信用债ETF,SH,511360
2020-11-03,1.264,1.274,1.263,1.273,2329813,2960045,短融ETF,SZ,159976
2020-11-03,104.8,104.8,104.8,104.8,800,83840,综合债指数ETF,SH,511280
2020-11-03,4.024,4.036,4.024,4.03,781423,3148279,绿色债券ETF(南方),SH,518890
2020-11-04,103.45,103.6,103.45,103.6,1200,124305,1-3年国债ETF,SH,511020
2020-11-04,110.279,110.4,110.194,110.284,749400,82656839,7-10年国债ETF,SH,511260
2020-11-04,100.47,100.54,100.47,100.54,106490,10706387,信用债ETF,SH,511360
2020-11-04,1.273,1.284,1.27,1.281,1973641,2524614,短融ETF,SZ,159976
2020-11-04,4.043,4.056,4.032,4.053,2229038,9027123,绿色债券ETF(南方),SH,518890
2020-11-05,103.69,103.7,103.502,103.502,2510,260245,1-3年国债ETF,SH,511020
2020-11-05,110.283,110.477,110.201,110.27,725600,80032706,7-10年国债ETF,SH,511260
2020-11-05,100.479,100.54,100.479,100.539,182287,18327130,信用债ETF,SH,511360
2020-11-05,1.283,1.306,1.283,1.306,3006661,3912363,短融ETF,SZ,159976
2020-11-05,105.8,105.8,104.8,104.8,300,31540,综合债指数ETF,SH,511280
2020-11-05,4.043,4.05,4.04,4.045,743348,3004660,绿色债券ETF(南方),SH,518890
2020-11-06,103.425,103.425,103.425,103.425,200,20685,1-3年国债ETF,SH,511020
2020-11-06,110.271,110.517,110.196,110.259,541100,59672318,7-10年国债ETF,SH,511260
2020-11-06,100.545,100.55,100.5,100.5,262420,26386251,信用债ETF,SH,511360
2020-11-06,1.308,1.312,1.297,1.307,3496209,4568092,短融ETF,SZ,159976
2020-11-06,4.053,4.095,4.053,4.077,476536,1947205,绿色债券ETF(南方),SH,518890
2020-11-09,103.303,103.303,103.303,103.303,300,30991,1-3年国债ETF,SH,511020
2020-11-09,110.259,110.316,109.988,110.05,898800,98963948,7-10年国债ETF,SH,511260
2020-11-09,100.555,100.556,100.486,100.5,167400,16833063,信用债ETF,SH,511360
2020-11-09,1.313,1.333,1.313,1.331,4199109,5570275,短融ETF,SZ,159976
2020-11-09,104.58,104.58,104.58,104.58,190,19870,综合债指数ETF,SH,511280
2020-11-09,4.085,4.099,4.074,4.074,1726454,7064991,绿色债券ETF(南方),SH,518890
2020-11-10,103.155,103.155,103.155,103.155,100,10316,1-3年国债ETF,SH,511020
2020-11-10,110.0,110.125,109.95,110.014,660600,72684277,7-10年国债ETF,SH,511260
2020-11-10,100.51,100.58,100.51,100.511,159760,16068650,信用债ETF,SH,511360
2020-11-10,1.332,1.332,1.304,1.311,2789241,3674005,短融ETF,SZ,159976
2020-11-10,105.8,105.8,105.8,105.8,100,10580,综合债指数ETF,SH,511280
2020-11-10,3.96,3.965,3.938,3.964,1213755,4799333,绿色债券ETF(南方),SH,518890
2020-11-11,110.015,110.147,109.904,109.97,707400,77828618,7-10年国债ETF,SH,511260
2020-11-11,100.573,100.589,100.573,100.589,637310,64106337,信用债ETF,SH,511360
2020-11-11,1.312,1.312,1.289,1.289,1518525,1965564,短融ETF,SZ,159976
2020-11-11,3.953,3.962,3.951,3.962,2088280,8262738,绿色债券ETF(南方),SH,518890
2020-11-12,102.508,103.1,102.508,103.002,2320,239161,1-3年国债ETF,SH,511020
2020-11-12,109.97,110.124,109.9,110.018,784500,86272822,7-10年国债ETF,SH,511260
2020-11-12,100.519,100.587,100.519,100.587,661210,66509130,信用债ETF,SH,511360
2020-11-12,1.298,1.302,1.292,1.295,1552553,2011291,短融ETF,SZ,159976
2020-11-12,3.949,3.96,3.949,3.96,922378,3645109,绿色债券ETF(南方),SH,518890
2020-11-13,102.51,103.145,102.51,103.145,4950,509071,1-3年国债ETF,SH,511020
2020-11-13,110.012,110.061,109.601,109.692,652800,71712380,7-10年国债ETF,SH,511260
2020-11-13,100.531,100.581,100.531,100.581,5970,600438,信用债ETF,SH,511360
2020-11-13,1.282,1.298,1.282,1.298,1469511,1894968,短融ETF,SZ,159976
2020-11-13,3.973,3.979,3.967,3.979,1681903,6684350,绿色债券ETF(南方),SH,518890
2020-11-16,102.705,103.0,102.705,103.0,350,35962,1-3年国债ETF,SH,511020
2020-11-16,109.692,109.939,109.59,109.8,414400,45482132,7-10年国债ETF,SH,511260
2020-11-16,100.552,100.589,100.503,100.503,40430,4066273,信用债ETF,SH,511360
2020-11-16,1.301,1.301,1.286,1.298,1022811,1321339,短融ETF,SZ,159976
2020-11-16,105.399,105.399,105.399,105.399,100,10540,综合债指数ETF,SH,511280
2020-11-16,3.99,3.99,3.971,3.975,718128,2859020,绿色债券ETF(南方),SH,518890
2020-11-17,103.002,103.002,103.002,103.002,10,1030,1-3年国债ETF,SH,511020
2020-11-17,109.8,109.88,109.748,109.829,462000,50742787,7-10年国债ETF,SH,511260
2020-11-17,100.567,100.588,100.52,100.588,10310,1037000,信用债ETF,SH,511360
2020-11-17,1.298,1.301,1.287,1.294,1008715,1304098,短融ETF,SZ,159976
2020-11-17,3.975,3.975,3.961,3.963,265732,1055009,绿色债券ETF(南方),SH,518890
2020-11-18,109.852,109.887,109.56,109.622,621300,68144419,7-10年国债ETF,SH,511260
2020-11-18,100.588,100.588,100.52,100.587,80410,8088201,信用债ETF,SH,511360
2020-11-18,1.298,1.3,1.289,1.293,261549,338165,短融ETF,SZ,159976
2020-11-18,3.951,3.951,3.935,3.943,744888,2934234,绿色债券ETF(南方),SH,518890
2020-11-19,102.705,102.89,102.7,102.89,4700,482729,1-3年国债ETF,SH,511020
2020-11-19,109.6,109.6,109.398,109.508,498100,54552740,7-10年国债ETF,SH,511260
2020-11-19,100.585,100.585,100.585,100.585,645900,64967852,信用债ETF,SH,511360
2020-11-19,1.293,1.306,1.292,1.304,660818,860088,短融ETF,SZ,159976
2020-11-19,3.934,3.935,3.917,3.921,164339,643978,绿色债券ETF(南方),SH,518890
2020-11-20,102.6,102.6,102.6,102.6,2110,216486,1-3年国债ETF,SH,511020
2020-11-20,109.448,109.503,109.32,109.448,650000,71107336,7-10年国债ETF,SH,511260
2020-11-20,100.58,100.616,100.528,100.528,49710,5000050,信用债ETF,SH,511360
2020-11-20,1.305,1.311,1.305,1.308,566711,740976,短融ETF,SZ,159976
2020-11-20,3.926,3.938,3.922,3.924,116578,457450,绿色债券ETF(南方),SH,518890
2020-11-23,103.5,103.5,102.6,102.605,4310,444097,1-3年国债ETF,SH,511020
2020-11-23,109.501,109.63,109.501,109.583,572300,62704889,7-10年国债ETF,SH,511260
2020-11-23,100.484,100.567,100.484,100.497,1085040,109118132,信用债ETF,SH,511360
2020-11-23,1.308,1.321,1.307,1.32,2465471,3246710,短融ETF,SZ,159976
2020-11-23,3.927,3.935,3.925,3.935,555879,2184778,绿色债券ETF(南方),SH,518890
2020-11-24,103.28,103.28,102.95,102.95,1100,113283,1-3年国债ETF,SH,511020
2020-11-24,109.562,109.61,109.513,109.541,746000,81744550,7-10年国债ETF,SH,511260
2020-11-24,100.519,100.561,100.519,100.519,85640,8611959,信用债ETF,SH,511360
2020-11-24,1.322,1.322,1.311,1.315,1052835,1385793,短融ETF,SZ,159976
2020-11-24,3.935,3.935,3.82,3.836,707553,2715052,绿色债券ETF(南方),SH,518890
2020-11-25,102.852,102.852,102.852,102.852,400,41141,1-3年国债ETF,SH,511020
2020-11-25,109.529,109.631,109.46,109.575,564000,61797377,7-10年国债ETF,SH,511260
2020-11-25,100.527,100.595,100.463,100.527,21697,2182487,信用债ETF,SH,511360
2020-11-25,1.318,1.323,1.301,1.306,3925905,5136616,短融ETF,SZ,159976
2020-11-25,3.82,3.82,3.76,3.795,1971599,7484903,绿色债券ETF(南方),SH,518890
2020-11-26,102.955,102.955,102.9,102.9,1400,144121,1-3年国债ETF,SH,511020
2020-11-26,109.578,109.661,109.56,109.564,769000,84282118,7-10年国债ETF,SH,511260
2020-11-26,100.536,100.586,100.536,100.586,98950,9948042,信用债ETF,SH,511360
2020-11-26,1.304,1.306,1.292,1.306,1994820,2595190,短融ETF,SZ,159976
2020-11-26,3.798,3.802,3.787,3.798,632970,2403518,绿色债券ETF(南方),SH,518890
2020-11-27,103.8,103.8,102.758,102.815,6410,663144,1-3年国债ETF,SH,511020
2020-11-27,109.555,109.757,109.478,109.53,512100,56115699,7-10年国债ETF,SH,511260
2020-11-27,100.542,100.543,100.542,100.543,60830,6115970,信用债ETF,SH,511360
2020-11-27,1.307,1.319,1.304,1.317,2303911,3016488,短融ETF,SZ,159976
2020-11-27,3.784,3.803,3.784,3.803,974088,3697260,绿色债券ETF(南方),SH,518890
2020-11-30,103.1,103.1,102.903,102.903,800,82421,1-3年国债ETF,SH,511020
2020-11-30,109.533,109.69,109.532,109.682,525900,57637942,7-10年国债ETF,SH,511260
2020-11-30,100.626,100.628,100.589,100.623,226110,22752405,信用债ETF,SH,511360
2020-11-30,1.318,1.33,1.307,1.308,1121693,1482235,短融ETF,SZ,159976
2020-11-30,3.78,3.78,3.682,3.701,1798523,6646367,绿色债券ETF(南方),SH,518890
2020-12-01,103.2,103.2,103.2,103.2,1800,185760,1-3年国债ETF,SH,511020
2020-12-01,109.683,109.691,109.55,109.61,432900,47464482,7-10年国债ETF,SH,511260
2020-12-01,100.602,100.65,100.482,100.65,30340,3051782,信用债ETF,SH,511360
2020-12-01,1.309,1.326,1.306,1.325,2459211,3241033,短融ETF,SZ,159976
2020-12-01,103.0,104.801,103.0,104.8,340,35444,综合债指数ETF,SH,511280
2020-12-01,3.705,3.741,3.705,3.734,1308639,4881888,绿色债券ETF(南方),SH,518890
2020-12-02,103.002,103.002,103.002,103.002,200,20600,1-3年国债ETF,SH,511020
2020-12-02,109.61,109.61,109.524,109.551,480200,52604887,7-10年国债ETF,SH,511260
2020-12-02,100.65,100.68,100.632,100.68,169800,17094818,信用债ETF,SH,511360
2020-12-02,1.326,1.327,1.316,1.326,805805,1066664,短融ETF,SZ,159976
2020-12-02,3.739,3.79,3.739,3.79,200657,759474,绿色债券ETF(南方),SH,518890
2020-12-03,103.002,103.29,103.002,103.29,510,52646,1-3年国债ETF,SH,511020
2020-12-03,109.551,109.637,109.501,109.528,527300,57773194,7-10年国债ETF,SH,511260
2020-12-03,99.885,100.811,99.885,100.646,89830,9026444,信用债ETF,SH,511360
2020-12-03,1.326,1.328,1.296,1.326,968547,1285017,短融ETF,SZ,159976
2020-12-03,3.801,3.841,3.8,3.832,146249,559640,绿色债券ETF(南方),SH,518890
2020-12-04,103.2,103.2,103.2,103.2,1600,165120,1-3年国债ETF,SH,511020
2020-12-04,109.529,110.1,109.529,109.9,748000,82052113,7-10年国债ETF,SH,511260
2020-12-04,100.66,100.68,100.66,100.68,604110,60821795,信用债ETF,SH,511360
2020-12-04,1.325,1.331,1.317,1.331,2960525,3927572,短融ETF,SZ,159976
2020-12-04,104.0,104.0,104.0,104.0,100,10400,综合债指数ETF,SH,511280
2020-12-04,3.834,3.843,3.829,3.838,448183,1717835,绿色债券ETF(南方),SH,518890
2020-12-07,103.2,103.2,103.198,103.198,1300,134159,1-3年国债ETF,SH,511020
2020-12-07,109.85,109.98,109.708,109.751,648400,71195273,7-10年国债ETF,SH,511260
2020-12-07,99.885,100.735,99.885,100.735,12210,1225186,信用债ETF,SH,511360
2020-12-07,1.331,1.331,1.312,1.318,707521,932114,短融ETF,SZ,159976
2020-12-07,3.825,3.835,3.825,3.83,69932,267806,绿色债券ETF(南方),SH,518890
2020-12-08,103.102,103.102,103.102,103.102,100,10310,1-3年国债ETF,SH,511020
2020-12-08,109.78,110.089,109.78,110.089,902648,99326409,7-10年国债ETF,SH,511260
2020-12-08,100.719,100.719,100.719,100.719,99300,10001397,信用债ETF,SH,511360
2020-12-08,1.317,1.323,1.311,1.317,961303,1265565,短融ETF,SZ,159976
2020-12-08,3.865,3.89,3.864,3.88,552626,2142900,绿色债券ETF(南方),SH,518890
2020-12-09,103.2,103.2,103.15,103.15,1400,144460,1-3年国债ETF,SH,511020
2020-12-09,110.089,110.158,109.892,109.985,434600,47797702,7-10年国债ETF,SH,511260
2020-12-09,100.723,100.75,100.723,100.75,30530,3075077,信用债ETF,SH,511360
2020-12-09,1.319,1.32,1.299,1.3,761014,996453,短融ETF,SZ,159976
2020-12-09,3.884,3.884,3.853,3.864,82536,318927,绿色债券ETF(南方),SH,518890
2020-12-10,109.985,110.0,109.882,109.956,634600,69752651,7-10年国债ETF,SH,511260
2020-12-10,100.75,100.75,100.75,100.75,98810,9955108,信用债ETF,SH,511360
2020-12-10,1.304,1.304,1.293,1.301,1055844,1372136,短融ETF,SZ,159976
2020-12-10,104.8,104.8,104.8,104.8,100,10480,综合债指数ETF,SH,511280
2020-12-10,3.829,3.845,3.827,3.831,19300,73964,绿色债券ETF(南方),SH,518890
2020-12-11,103.15,103.15,103.15,103.15,800,82520,1-3年国债ETF,SH,511020
2020-12-11,109.956,109.956,109.73,109.785,742510,81525344,7-10年国债ETF,SH,511260
2020-12-11,100.768,100.768,100.768,100.768,144400,14550899,信用债ETF,SH,511360
2020-12-11,1.302,1.306,1.283,1.292,922308,1193656,短融ETF,SZ,159976
2020-12-11,3.831,3.831,3.819,3.823,38475,147016,绿色债券ETF(南方),SH,518890
2020-12-14,103.002,103.002,103.002,103.002,600,61801,1-3年国债ETF,SH,511020
2020-12-14,109.809,109.843,109.601,109.63,572400,62767284,7-10年国债ETF,SH,511260
2020-12-14,100.802,100.804,100.802,100.804,36460,3675310,信用债ETF,SH,511360
2020-12-14,1.292,1.301,1.29,1.301,1768402,2292807,短融ETF,SZ,159976
2020-12-14,3.821,3.831,3.818,3.82,170280,650732,绿色债券ETF(南方),SH,518890
2020-12-15,109.662,109.738,109.628,109.66,647900,71060942,7-10年国债ETF,SH,511260
2020-12-15,100.552,100.85,100.328,100.828,189310,19069825,信用债ETF,SH,511360
2020-12-15,1.301,1.302,1.287,1.3,600213,777107,短融ETF,SZ,159976
2020-12-15,3.836,3.85,3.828,3.85,222478,854678,绿色债券ETF(南方),SH,518890
2020-12-16,103.15,103.15,103.053,103.053,400,41241,1-3年国债ETF,SH,511020
2020-12-16,109.679,109.695,109.63,109.665,586100,64267743,7-10年国债ETF,SH,511260
2020-12-16,100.552,100.859,100.552,100.821,66650,6718372,信用债ETF,SH,511360
2020-12-16,1.3,1.309,1.3,1.305,1522015,1987136,短融ETF,SZ,159976
2020-12-16,104.81,108.0,104.8,108.0,3200,336556,综合债指数ETF,SH,511280
2020-12-16,3.854,3.876,3.854,3.875,546720,2117685,绿色债券ETF(南方),SH,518890
2020-12-17,109.666,109.8,109.555,109.574,501700,55018659,7-10年国债ETF,SH,511260
2020-12-17,100.839,100.871,100.8,100.8,137630,13878667,信用债ETF,SH,511360
2020-12-17,1.304,1.316,1.304,1.315,2389905,3134355,短融ETF,SZ,159976
2020-12-17,108.0,108.0,108.0,108.0,100,10800,综合债指数ETF,SH,511280
2020-12-17,3.879,3.901,3.878,3.901,369053,1431979,绿色债券ETF(南方),SH,518890
2020-12-18,103.1,103.1,103.1,103.1,100,10310,1-3年国债ETF,SH,511020
2020-12-18,109.58,109.644,109.542,109.575,306300,33568158,7-10年国债ETF,SH,511260
2020-12-18,100.85,100.85,100.84,100.84,152100,15337766,信用债ETF,SH,511360
2020-12-18,1.314,1.315,1.304,1.306,1877706,2456831,短融ETF,SZ,159976
2020-12-18,108.0,108.9,108.0,108.9,1540,167572,综合债指数ETF,SH,511280
2020-12-18,3.905,3.93,3.905,3.93,384739,1509575,绿色债券ETF(南方),SH,518890
2020-12-21,103.392,103.392,103.392,103.392,100,10339,1-3年国债ETF,SH,511020
2020-12-21,109.576,109.62,109.55,109.559,386700,42368219,7-10年国债ETF,SH,511260
2020-12-21,101.052,101.052,100.93,100.94,107010,10803021,信用债ETF,SH,511360
2020-12-21,1.306,1.318,1.3,1.317,3298085,4329848,短融ETF,SZ,159976
2020-12-21,3.95,3.988,3.95,3.967,481733,1912965,绿色债券ETF(南方),SH,518890
2020-12-22,103.59,103.595,103.59,103.595,1500,155391,1-3年国债ETF,SH,511020
2020-12-22,109.599,109.85,109.54,109.766,523500,57381389,7-10年国债ETF,SH,511260
2020-12-22,100.512,101.31,100.512,100.971,29910,3020914,信用债ETF,SH,511360
2020-12-22,1.315,1.317,1.295,1.298,1693500,2216126,短融ETF,SZ,159976
2020-12-22,3.934,3.941,3.914,3.917,387621,1521621,绿色债券ETF(南方),SH,518890
2020-12-23,101.85,103.75,101.85,103.75,7700,793844,1-3年国债ETF,SH,511020
2020-12-23,109.803,109.998,109.792,109.832,498500,54780592,7-10年国债ETF,SH,511260
2020-12-23,101.231,101.251,101.105,101.13,25750,2605535,信用债ETF,SH,511360
2020-12-23,1.299,1.316,1.299,1.31,3275715,4293527,短融ETF,SZ,159976
2020-12-23,3.912,3.912,3.9,3.9,37185,145155,绿色债券ETF(南方),SH,518890
2020-12-24,103.003,103.59,103.003,103.59,7600,785004,1-3年国债ETF,SH,511020
2020-12-24,109.832,109.988,109.805,109.841,444900,48876245,7-10年国债ETF,SH,511260
2020-12-24,101.084,101.084,100.918,101.001,54420,5495715,信用债ETF,SH,511360
2020-12-24,1.307,1.313,1.301,1.305,1308622,1709548,短融ETF,SZ,159976
2020-12-24,109.5,109.5,109.5,109.5,200,21900,综合债指数ETF,SH,511280
2020-12-24,3.917,3.926,3.912,3.915,420601,1649698,绿色债券ETF(南方),SH,518890
2020-12-25,103.5,103.72,103.5,103.72,520,53824,1-3年国债ETF,SH,511020
2020-12-25,109.842,109.987,109.84,109.976,703000,77275447,7-10年国债ETF,SH,511260
2020-12-25,100.97,100.985,100.885,100.984,61730,6233778,信用债ETF,SH,511360
2020-12-25,1.3,1.312,1.3,1.31,1173128,1534709,短融ETF,SZ,159976
2020-12-25,109.0,110.0,109.0,110.0,600,65700,综合债指数ETF,SH,511280
2020-12-25,3.915,3.938,3.915,3.938,49641,194848,绿色债券ETF(南方),SH,518890
2020-12-28,103.94,103.94,103.7,103.7,2600,269740,1-3年国债ETF,SH,511020
2020-12-28,109.989,110.147,109.988,110.0,653158,71883944,7-10年国债ETF,SH,511260
2020-12-28,101.228,101.448,100.996,101.025,13520,1367901,信用债ETF,SH,511360
2020-12-28,1.31,1.318,1.303,1.314,3494208,4587989,短融ETF,SZ,159976
2020-12-28,110.4,110.4,110.4,110.4,200,22080,综合债指数ETF,SH,511280
2020-12-28,3.953,3.97,3.926,3.939,434025,1711658,绿色债券ETF(南方),SH,518890
2020-12-29,110.044,110.25,110.044,110.189,584600,64380773,7-10年国债ETF,SH,511260
2020-12-29,101.025,101.05,101.024,101.05,72410,7315161,信用债ETF,SH,511360
2020-12-29,1.313,1.317,1.306,1.313,1974482,2591676,短融ETF,SZ,159976
2020-12-29,110.5,111.0,110.5,111.0,500,55350,综合债指数ETF,SH,511280
2020-12-29,3.93,3.933,3.917,3.917,836774,3287700,绿色债券ETF(南方),SH,518890
2020-12-30,103.8,103.8,103.702,103.702,900,93371,1-3年国债ETF,SH,511020
2020-12-30,110.19,110.33,110.068,110.249,494767,54539434,7-10年国债ETF,SH,511260
2020-12-30,100.928,101.195,100.928,101.068,23840,2409098,信用债ETF,SH,511360
2020-12-30,1.319,1.334,1.319,1.333,2137713,2842955,短融ETF,SZ,159976
2020-12-30,111.2,111.2,111.2,111.2,300,33360,综合债指数ETF,SH,511280
2020-12-30,3.923,3.923,3.91,3.91,128581,504111,绿色债券ETF(南方),SH,518890
2020-12-31,103.85,103.9,103.849,103.849,1000,103860,1-3年国债ETF,SH,511020
2020-12-31,110.255,110.38,110.1,110.105,508043,56018769,7-10年国债ETF,SH,511260
2020-12-31,101.042,101.102,101.042,101.102,13310,1345496,信用债ETF,SH,511360
2020-12-31,1.335,1.355,1.335,1.352,8245445,11114034,短融ETF,SZ,159976
2020-12-31,3.938,3.946,3.925,3.938,734670,2890648,绿色债券ETF(南方),SH,518890
2021-01-04,103.85,103.85,103.85,103.85,400,41540,1-3年国债ETF,SH,511020
2021-01-04,110.105,110.238,109.938,110.038,935900,102937146,7-10年国债ETF,SH,511260
2021-01-04,101.727,102.312,101.07,101.088,73180,7426286,信用债ETF,SH,511360
2021-01-04,1.36,1.368,1.24,1.367,2982966,4052110,短融ETF,SZ,159976
2021-01-04,3.942,3.988,3.942,3.982,891329,3547733,绿色债券ETF(南方),SH,518890
2021-01-05,103.85,103.9,103.8,103.9,1400,145440,1-3年国债ETF,SH,511020
2021-01-05,110.038,110.268,110.038,110.21,422200,46503798,7-10年国债ETF,SH,511260
2021-01-05,101.063,101.1,101.063,101.099,197810,19998520,信用债ETF,SH,511360
2021-01-05,1.352,1.376,1.351,1.375,2414333,3292506,短融ETF,SZ,159976
2021-01-05,3.992,4.015,3.992,4.01,456768,1829927,绿色债券ETF(南方),SH,518890
2021-01-06,104.098,104.1,104.098,104.1,1000,104100,1-3年国债ETF,SH,511020
2021-01-06,110.211,110.475,110.191,110.44,577100,63702103,7-10年国债ETF,SH,511260
2021-01-06,101.1,101.105,101.052,101.098,323210,32675830,信用债ETF,SH,511360
2021-01-06,1.377,1.393,1.352,1.379,4936750,6801279,短融ETF,SZ,159976
2021-01-06,4.01,4.025,4.01,4.01,427499,1718348,绿色债券ETF(南方),SH,518890
2021-01-07,104.29,104.3,104.29,104.299,1320,137673,1-3年国债ETF,SH,511020
2021-01-07,110.441,110.48,110.361,110.426,433610,47879692,7-10年国债ETF,SH,511260
2021-01-07,101.053,101.13,100.836,101.13,308390,31138256,信用债ETF,SH,511360
2021-01-07,1.382,1.39,1.375,1.39,5836923,8077986,短融ETF,SZ,159976
2021-01-07,3.969,3.979,3.96,3.979,182537,724280,绿色债券ETF(南方),SH,518890
2021-01-08,104.4,104.4,104.4,104.4,700,73080,1-3年国债ETF,SH,511020
2021-01-08,110.518,110.73,110.35,110.446,606920,67126126,7-10年国债ETF,SH,511260
2021-01-08,101.061,101.16,101.061,101.141,165010,16682780,信用债ETF,SH,511360
2021-01-08,1.394,1.406,1.39,1.401,3973904,5555537,短融ETF,SZ,159976
2021-01-08,3.969,3.97,3.951,3.953,844039,3339998,绿色债券ETF(南方),SH,518890
2021-01-11,104.2,104.202,104.2,104.202,2100,218820,1-3年国债ETF,SH,511020
2021-01-11,110.351,110.446,110.3,110.411,662200,73084160,7-10年国债ETF,SH,511260
2021-01-11,101.183,101.183,101.166,101.166,22900,2316703,信用债ETF,SH,511360
2021-01-11,1.407,1.422,1.396,1.406,5368721,7563166,短融ETF,SZ,159976
2021-01-11,3.949,3.949,3.801,3.853,1148686,4396687,绿色债券ETF(南方),SH,518890
2021-01-12,104.1,104.1,104.1,104.1,100,10410,1-3年国债ETF,SH,511020
2021-01-12,110.415,110.499,110.348,110.47,470700,51994176,7-10年国债ETF,SH,511260
2021-01-12,101.161,101.186,101.161,101.186,20840,2108380,信用债ETF,SH,511360
2021-01-12,1.406,1.426,1.388,1.423,3055327,4318927,短融ETF,SZ,159976
2021-01-12,112.0,112.0,112.0,112.0,100,11200,综合债指数ETF,SH,511280
2021-01-12,3.852,3.882,3.852,3.882,86514,333884,绿色债券ETF(南方),SH,518890
2021-01-13,103.955,104.2,103.955,104.2,900,93731,1-3年国债ETF,SH,511020
2021-01-13,110.47,110.815,110.47,110.718,451300,49967589,7-10年国债ETF,SH,511260
2021-01-13,101.188,101.198,101.188,101.198,4310,436163,信用债ETF,SH,511360
2021-01-13,1.423,1.434,1.411,1.417,1452648,2068273,短融ETF,SZ,159976
2021-01-13,3.886,3.892,3.879,3.879,761155,2958107,绿色债券ETF(南方),SH,518890
2021-01-14,104.002,104.5,104.0,104.497,2000,208607,1-3年国债ETF,SH,511020
2021-01-14,110.72,110.958,110.72,110.869,462400,51261007,7-10年国债ETF,SH,511260
2021-01-14,101.183,101.286,101.183,101.207,57530,5822451,信用债ETF,SH,511360
2021-01-14,1.418,1.438,1.41,1.415,1006300,1427518,短融ETF,SZ,159976
2021-01-14,3.868,3.869,3.844,3.852,847529,3268360,绿色债券ETF(南方),SH,518890
2021-01-15,104.7,104.7,104.7,104.7,200,20940,1-3年国债ETF,SH,511020
2021-01-15,110.875,111.099,110.86,111.032,774300,85948549,7-10年国债ETF,SH,511260
2021-01-15,101.728,101.728,101.141,101.222,204730,20727462,信用债ETF,SH,511360
2021-01-15,1.412,1.43,1.406,1.417,2080841,2945800,短融ETF,SZ,159976
2021-01-15,3.862,3.875,3.852,3.852,375605,1454336,绿色债券ETF(南方),SH,518890
2021-01-18,104.35,104.6,104.35,104.6,4600,480660,1-3年国债ETF,SH,511020
2021-01-18,111.055,111.055,110.743,110.777,752700,83423797,7-10年国债ETF,SH,511260
2021-01-18,101.2,101.28,101.079,101.175,354230,35820510,信用债ETF,SH,511360
2021-01-18,1.417,1.446,1.413,1.444,2099535,3008985,短融ETF,SZ,159976
2021-01-18,104.5,104.5,104.5,104.5,10,1045,综合债指数ETF,SH,511280
2021-01-18,3.822,3.861,3.822,3.857,244232,938239,绿色债券ETF(南方),SH,518890
2021-01-19,103.808,104.1,103.808,103.819,1110,115435,1-3年国债ETF,SH,511020
2021-01-19,110.6,110.776,110.6,110.671,732500,81062562,7-10年国债ETF,SH,511260
2021-01-19,101.175,102.075,101.175,101.197,287860,29141394,信用债ETF,SH,511360
2021-01-19,1.444,1.458,1.427,1.429,4092803,5908390,短融ETF,SZ,159976
2021-01-19,112.0,112.0,112.0,112.0,10,1120,综合债指数ETF,SH,511280
2021-01-19,3.863,3.865,3.854,3.858,647578,2498790,绿色债券ETF(南方),SH,518890
2021-01-20,104.2,104.25,104.2,104.25,2300,239670,1-3年国债ETF,SH,511020
2021-01-20,110.685,110.899,110.685,110.886,562700,62346870,7-10年国债ETF,SH,511260
2021-01-20,101.201,101.202,101.201,101.202,113200,11455965,信用债ETF,SH,511360
2021-01-20,1.429,1.459,1.429,1.449,1944002,2816036,短融ETF,SZ,159976
2021-01-20,123.07,123.07,112.0,117.535,200,23507,综合债指数ETF,SH,511280
2021-01-20,3.862,3.871,3.861,3.871,43082,166522,绿色债券ETF(南方),SH,518890
2021-01-21,104.2,104.35,104.2,104.35,1410,147102,1-3年国债ETF,SH,511020
2021-01-21,110.886,111.019,110.811,110.892,726300,80545336,7-10年国债ETF,SH,511260
2021-01-21,101.161,101.238,101.04,101.199,249300,25208223,信用债ETF,SH,511360
2021-01-21,1.45,1.484,1.45,1.473,1558547,2291149,短融ETF,SZ,159976
2021-01-21,3.879,3.904,3.879,3.897,602354,2348941,绿色债券ETF(南方),SH,518890
2021-01-22,104.4,104.4,104.4,104.4,200,20880,1-3年国债ETF,SH,511020
2021-01-22,110.9,111.186,110.899,111.118,425800,47297664,7-10年国债ETF,SH,511260
2021-01-22,101.209,101.22,101.144,101.2,209400,21190511,信用债ETF,SH,511360
2021-01-22,1.47,1.481,1.461,1.477,1834501,2700313,短融ETF,SZ,159976
2021-01-22,3.89,3.89,3.878,3.885,176148,684873,绿色债券ETF(南方),SH,518890
2021-01-25,104.672,104.672,104.4,104.4,1500,156627,1-3年国债ETF,SH,511020
2021-01-25,111.119,111.219,111.02,111.068,575500,63930955,7-10年国债ETF,SH,511260
2021-01-25,101.24,101.25,101.206,101.236,8930,904007,信用债ETF,SH,511360
2021-01-25,1.47,1.505,1.47,1.496,2539217,3789491,短融ETF,SZ,159976
2021-01-25,3.885,3.888,3.871,3.871,267910,1040121,绿色债券ETF(南方),SH,518890
2021-01-26,104.25,104.25,104.25,104.25,500,52125,1-3年国债ETF,SH,511020
2021-01-26,111.0,111.18,110.591,110.62,467500,51845103,7-10年国债ETF,SH,511260
2021-01-26,101.232,101.26,101.232,101.26,30660,3104518,信用债ETF,SH,511360
2021-01-26,1.497,1.498,1.456,1.459,2817806,4134033,短融ETF,SZ,159976
2021-01-26,3.876,3.884,3.876,3.876,593838,2305153,绿色债券ETF(南方),SH,518890
2021-01-27,110.653,110.838,110.48,110.533,434300,48062886,7-10年国债ETF,SH,511260
2021-01-27,101.185,101.23,101.185,101.23,22910,2319179,信用债ETF,SH,511360
2021-01-27,1.462,1.469,1.437,1.462,1941124,2830904,短融ETF,SZ,159976
2021-01-27,117.535,117.535,112.3,113.99,2700,304433,综合债指数ETF,SH,511280
2021-01-27,3.848,3.86,3.844,3.855,683909,2633414,绿色债券ETF(南方),SH,518890
2021-01-28,103.85,104.148,103.85,103.863,1100,114326,1-3年国债ETF,SH,511020
2021-01-28,110.555,110.682,110.375,110.496,361000,39897073,7-10年国债ETF,SH,511260
2021-01-28,101.192,101.216,101.16,101.16,45610,4615280,信用债ETF,SH,511360
2021-01-28,1.43,1.446,1.408,1.411,2376601,3390082,短融ETF,SZ,159976
2021-01-28,108.217,108.312,108.217,108.312,200,21653,综合债指数ETF,SH,511280
2021-01-28,3.846,3.849,3.841,3.842,327937,1261340,绿色债券ETF(南方),SH,518890
2021-01-29,103.905,103.92,103.905,103.92,200,20783,1-3年国债ETF,SH,511020
2021-01-29,110.45,110.507,110.242,110.282,388800,42906187,7-10年国债ETF,SH,511260
2021-01-29,101.184,101.184,101.14,101.155,204420,20678114,信用债ETF,SH,511360
2021-01-29,1.412,1.435,1.398,1.411,2895499,4120864,短融ETF,SZ,159976
2021-01-29,107.0,109.0,107.0,109.0,1100,117900,综合债指数ETF,SH,511280
2021-01-29,3.842,3.851,3.842,3.851,125115,481233,绿色债券ETF(南方),SH,518890
2021-02-01,104.243,104.245,104.243,104.245,400,41698,1-3年国债ETF,SH,511020
2021-02-01,110.38,110.649,110.322,110.615,617699,68293065,7-10年国债ETF,SH,511260
2021-02-01,101.146,101.15,101.14,101.143,99300,10043576,信用债ETF,SH,511360
2021-02-01,1.415,1.433,1.409,1.432,3741601,5324757,短融ETF,SZ,159976
2021-02-01,109.1,109.1,109.1,109.1,100,10910,综合债指数ETF,SH,511280
2021-02-01,3.854,3.906,3.853,3.897,1115769,4328824,绿色债券ETF(南方),SH,518890
2021-02-02,104.5,104.5,104.245,104.245,500,52225,1-3年国债ETF,SH,511020
2021-02-02,110.649,110.835,110.5,110.76,956100,105848492,7-10年国债ETF,SH,511260
2021-02-02,101.172,101.172,101.168,101.171,98510,9966336,信用债ETF,SH,511360
2021-02-02,1.434,1.461,1.434,1.458,2934003,4269280,短融ETF,SZ,159976
2021-02-02,3.897,3.897,3.865,3.869,447537,1740873,绿色债券ETF(南方),SH,518890
2021-02-03,104.495,104.51,104.495,104.5,2500,261252,1-3年国债ETF,SH,511020
2021-02-03,110.772,110.819,110.631,110.672,820700,90880976,7-10年国债ETF,SH,511260
2021-02-03,101.19,101.202,101.166,101.202,104700,10595531,信用债ETF,SH,511360
2021-02-03,1.434,1.459,1.434,1.444,1351236,1961530,短融ETF,SZ,159976
2021-02-03,109.05,109.05,109.05,109.05,100,10905,综合债指数ETF,SH,511280
2021-02-03,3.835,3.843,3.831,3.831,331132,1270911,绿色债券ETF(南方),SH,518890
2021-02-04,104.5,104.5,103.505,104.475,300,31248,1-3年国债ETF,SH,511020
2021-02-04,110.673,110.798,110.555,110.663,887300,98200109,7-10年国债ETF,SH,511260
2021-02-04,101.216,101.236,101.216,101.236,197410,19982069,信用债ETF,SH,511360
2021-02-04,1.46,1.46,1.42,1.436,3019401,4329511,短融ETF,SZ,159976
2021-02-04,3.813,3.813,3.781,3.794,163130,617638,绿色债券ETF(南方),SH,518890
2021-02-05,104.475,104.475,104.46,104.46,500,52235,1-3年国债ETF,SH,511020
2021-02-05,110.651,110.735,110.23,110.349,702500,77642236,7-10年国债ETF,SH,511260
2021-02-05,101.221,101.221,101.18,101.221,109810,11113400,信用债ETF,SH,511360
2021-02-05,1.437,1.459,1.437,1.443,1197800,1736340,短融ETF,SZ,159976
2021-02-05,108.006,110.288,108.006,110.288,200,21829,综合债指数ETF,SH,511280
2021-02-05,3.758,3.764,3.755,3.759,110358,414830,绿色债券ETF(南方),SH,518890
2021-02-08,104.4,104.5,104.4,104.49,800,83576,1-3年国债ETF,SH,511020
2021-02-08,110.415,110.532,110.009,110.126,692198,76241701,7-10年国债ETF,SH,511260
2021-02-08,101.216,101.236,101.216,101.236,113640,11503200,信用债ETF,SH,511360
2021-02-08,1.443,1.453,1.435,1.446,1563332,2255531,短融ETF,SZ,159976
2021-02-08,3.764,3.792,3.764,3.788,201434,762581,绿色债券ETF(南方),SH,518890
2021-02-09,104.3,104.6,104.3,104.3,700,73040,1-3年国债ETF,SH,511020
2021-02-09,110.159,110.296,110.087,110.208,809500,89207863,7-10年国债ETF,SH,511260
2021-02-09,101.22,101.248,101.21,101.248,143200,14496942,信用债ETF,SH,511360
2021-02-09,1.446,1.468,1.445,1.466,1485605,2165438,短融ETF,SZ,159976
2021-02-09,110.678,110.678,110.678,110.678,100,11068,综合债指数ETF,SH,511280
2021-02-09,3.8,4.167,3.8,3.836,1369786,5252349,绿色债券ETF(南方),SH,518890
2021-02-10,104.6,104.6,104.315,104.6,600,62675,1-3年国债ETF,SH,511020
2021-02-10,110.248,110.549,110.162,110.47,514500,56779614,7-10年国债ETF,SH,511260
2021-02-10,101.646,101.711,101.3,101.354,121630,12356298,信用债ETF,SH,511360
2021-02-10,1.467,1.5,1.467,1.495,1587642,2359985,短融ETF,SZ,159976
2021-02-10,105.335,108.578,105.335,108.578,200,21391,综合债指数ETF,SH,511280
2021-02-10,3.884,3.884,3.819,3.836,414448,1599832,绿色债券ETF(南方),SH,518890
2021-02-18,104.5,104.6,104.5,104.6,1200,125500,1-3年国债ETF,SH,511020
2021-02-18,110.4,110.482,110.281,110.373,551300,60845789,7-10年国债ETF,SH,511260
2021-02-18,101.524,101.524,101.29,101.3,112440,11392510,信用债ETF,SH,511360
2021-02-18,1.497,1.523,1.48,1.484,1685107,2524397,短融ETF,SZ,159976
2021-02-18,110.688,110.688,110.688,110.688,100,11069,综合债指数ETF,SH,511280
2021-02-18,3.83,3.83,3.718,3.733,218608,814381,绿色债券ETF(南方),SH,518890
2021-02-19,104.29,104.29,104.1,104.25,3900,406239,1-3年国债ETF,SH,511020
2021-02-19,110.34,110.672,110.34,110.464,683600,75561324,7-10年国债ETF,SH,511260
2021-02-19,101.848,102.308,101.023,101.335,109130,11068057,信用债ETF,SH,511360
2021-02-19,1.474,1.482,1.458,1.48,2439822,3600395,短融ETF,SZ,159976
2021-02-19,108.0,109.268,107.506,109.268,600,65070,综合债指数ETF,SH,511280
2021-02-19,3.711,3.72,3.698,3.716,288345,1068408,绿色债券ETF(南方),SH,518890
2021-02-22,105.0,105.0,104.5,104.505,500,52301,1-3年国债ETF,SH,511020
2021-02-22,110.43,110.443,110.065,110.36,876500,96639366,7-10年国债ETF,SH,511260
2021-02-22,101.389,102.32,101.347,101.347,271730,27547620,信用债ETF,SH,511360
2021-02-22,1.48,1.482,1.442,1.442,3087208,4516343,短融ETF,SZ,159976
2021-02-22,111.248,111.248,111.248,111.248,100,11125,综合债指数ETF,SH,511280
2021-02-22,3.72,3.767,3.72,3.76,210803,790965,绿色债券ETF(南方),SH,518890
2021-02-23,104.5,104.5,104.232,104.498,1500,156723,1-3年国债ETF,SH,511020
2021-02-23,110.267,110.588,110.26,110.53,708000,78158294,7-10年国债ETF,SH,511260
2021-02-23,101.379,101.379,101.378,101.379,191120,19375554,信用债ETF,SH,511360
2021-02-23,1.431,1.461,1.429,1.446,3135507,4540773,短融ETF,SZ,159976
2021-02-23,3.77,3.806,3.77,3.797,38866,147623,绿色债券ETF(南方),SH,518890
2021-02-24,104.4,104.4,104.252,104.252,110,11483,1-3年国债ETF,SH,511020
2021-02-24,110.572,110.71,110.497,110.57,622300,68851588,7-10年国债ETF,SH,511260
2021-02-24,101.39,101.39,101.39,101.39,13600,1378904,信用债ETF,SH,511360
2021-02-24,1.447,1.459,1.391,1.409,4199729,5969812,短融ETF,SZ,159976
2021-02-24,109.399,110.468,109.399,110.468,400,43917,综合债指数ETF,SH,511280
2021-02-24,3.788,3.788,3.782,3.782,131667,498242,绿色债券ETF(南方),SH,518890
2021-02-25,104.204,104.204,104.15,104.15,4900,510576,1-3年国债ETF,SH,511020
2021-02-25,110.57,110.589,110.354,110.546,798800,88228416,7-10年国债ETF,SH,511260
2021-02-25,101.739,101.739,101.382,101.416,162800,16510563,信用债ETF,SH,511360
2021-02-25,1.41,1.44,1.41,1.422,2799406,3991819,短融ETF,SZ,159976
2021-02-25,100.463,110.462,100.463,105.463,200,21093,综合债指数ETF,SH,511280
2021-02-25,3.786,3.786,3.754,3.756,190019,714101,绿色债券ETF(南方),SH,518890
2021-02-26,104.1,104.1,104.1,104.1,100,10410,1-3年国债ETF,SH,511020
2021-02-26,110.6,110.64,110.281,110.445,855600,94473573,7-10年国债ETF,SH,511260
2021-02-26,101.421,101.423,101.42,101.423,64420,6533543,信用债ETF,SH,511360
2021-02-26,1.391,1.407,1.381,1.387,2753603,3831901,短融ETF,SZ,159976
2021-02-26,110.348,110.348,108.301,108.301,500,54962,综合债指数ETF,SH,511280
2021-02-26,3.752,3.752,3.69,3.701,149564,552561,绿色债券ETF(南方),SH,518890
2021-03-01,103.902,104.1,103.902,104.1,500,52010,1-3年国债ETF,SH,511020
2021-03-01,110.427,110.445,110.222,110.28,902600,99536385,7-10年国债ETF,SH,511260
2021-03-01,101.433,101.443,101.433,101.443,191600,19435711,信用债ETF,SH,511360
2021-03-01,1.4,1.409,1.387,1.407,2126307,2978705,短融ETF,SZ,159976
2021-03-01,109.0,109.0,109.0,109.0,100,10900,综合债指数ETF,SH,511280
2021-03-01,3.68,3.681,3.652,3.672,436489,1595685,绿色债券ETF(南方),SH,518890
2021-03-02,104.1,104.1,104.002,104.002,2300,239263,1-3年国债ETF,SH,511020
2021-03-02,110.235,110.675,110.129,110.615,965100,106526175,7-10年国债ETF,SH,511260
2021-03-02,101.497,101.497,101.466,101.495,128600,13050014,信用债ETF,SH,511360
2021-03-02,1.407,1.429,1.388,1.402,1857206,2606973,短融ETF,SZ,159976
2021-03-02,3.672,3.672,3.59,3.611,446534,1606984,绿色债券ETF(南方),SH,518890
2021-03-03,104.15,104.281,104.15,104.281,300,31258,1-3年国债ETF,SH,511020
2021-03-03,110.6,110.662,110.426,110.475,530300,58601848,7-10年国债ETF,SH,511260
2021-03-03,101.43,101.477,101.43,101.471,130100,13201808,信用债ETF,SH,511360
2021-03-03,1.396,1.428,1.395,1.428,2957907,4181315,短融ETF,SZ,159976
2021-03-03,3.63,3.637,3.623,3.628,51300,186199,绿色债券ETF(南方),SH,518890
2021-03-04,104.2,104.2,104.151,104.151,1200,125025,1-3年国债ETF,SH,511020
2021-03-04,110.491,110.598,110.4,110.466,736600,81390629,7-10年国债ETF,SH,511260
2021-03-04,101.48,101.489,101.48,101.489,99200,10067697,信用债ETF,SH,511360
2021-03-04,1.409,1.412,1.384,1.387,3099052,4323431,短融ETF,SZ,159976
2021-03-04,3.611,3.611,3.58,3.596,853216,3062154,绿色债券ETF(南方),SH,518890
2021-03-05,104.2,104.2,104.2,104.2,100,10420,1-3年国债ETF,SH,511020
2021-03-05,110.46,110.67,110.411,110.599,810200,89562318,7-10年国债ETF,SH,511260
2021-03-05,101.51,101.51,101.495,101.501,44810,4548260,信用债ETF,SH,511360
2021-03-05,1.369,1.395,1.359,1.387,3051306,4217848,短融ETF,SZ,159976
2021-03-05,3.55,3.558,3.545,3.558,267828,950418,绿色债券ETF(南方),SH,518890
2021-03-05,0.998,1.029,0.985,1.024,322299027,328027078,绿色电力ETF,SZ,159869
2021-03-08,104.25,104.25,104.25,104.25,100,10425,1-3年国债ETF,SH,511020
2021-03-08,110.551,110.739,110.51,110.728,683300,75572052,7-10年国债ETF,SH,511260
2021-03-08,101.513,101.513,101.513,101.513,200,20303,信用债ETF,SH,511360
2021-03-08,1.387,1.398,1.337,1.339,2381512,3240527,短融ETF,SZ,159976
2021-03-08,3.554,3.609,3.554,3.6,182713,658347,绿色债券ETF(南方),SH,518890
2021-03-08,1.033,1.055,1.015,1.017,141853239,147353652,绿色电力ETF,SZ,159869
2021-03-09,110.714,110.955,110.608,110.761,794500,87966654,7-10年国债ETF,SH,511260
2021-03-09,101.538,101.538,101.528,101.538,47210,4793532,信用债ETF,SH,511360
2021-03-09,1.339,1.347,1.3,1.311,2531427,3363769,短融ETF,SZ,159976
2021-03-09,3.56,3.585,3.56,3.585,13844,49423,绿色债券ETF(南方),SH,518890
2021-03-09,1.014,1.022,0.982,1.0,89376267,90112162,绿色电力ETF,SZ,159869
2021-03-10,104.39,104.39,104.15,104.15,200,20854,1-3年国债ETF,SH,511020
2021-03-10,110.731,110.95,110.634,110.862,521700,57796471,7-10年国债ETF,SH,511260
2021-03-10,101.505,101.538,101.505,101.532,46200,4690948,信用债ETF,SH,511360
2021-03-10,1.341,1.346,1.321,1.322,2041650,2721665,短融ETF,SZ,159976
2021-03-10,3.62,3.62,3.614,3.617,21813,78935,绿色债券ETF(南方),SH,518890
2021-03-10,1.003,1.019,0.967,0.969,50412153,49656738,绿色电力ETF,SZ,159869
2021-03-11,110.815,110.857,110.581,110.731,942300,104311433,7-10年国债ETF,SH,511260
2021-03-11,101.438,101.58,101.438,101.564,31800,3228822,信用债ETF,SH,511360
2021-03-11,1.335,1.35,1.331,1.346,2100834,2823835,短融ETF,SZ,159976
2021-03-11,109.898,109.898,109.898,109.898,100,10990,综合债指数ETF,SH,511280
2021-03-11,3.621,3.657,3.621,3.656,230102,840868,绿色债券ETF(南方),SH,518890
2021-03-11,0.966,1.001,0.962,0.995,51129697,50445108,绿色电力ETF,SZ,159869
2021-03-12,104.218,104.218,104.218,104.218,100,10422,1-3年国债ETF,SH,511020
2021-03-12,110.761,110.799,110.671,110.697,719000,79607478,7-10年国债ETF,SH,511260
2021-03-12,101.558,101.558,101.53,101.555,140110,14228258,信用债ETF,SH,511360
2021-03-12,1.347,1.361,1.34,1.353,4828000,6518169,短融ETF,SZ,159976
2021-03-12,3.628,3.628,3.607,3.609,224419,812340,绿色债券ETF(南方),SH,518890
2021-03-12,0.991,0.991,0.97,0.973,34002659,33182609,绿色电力ETF,SZ,159869
2021-03-15,104.48,104.48,104.478,104.478,200,20896,1-3年国债ETF,SH,511020
2021-03-15,110.697,110.697,110.57,110.621,663700,73405090,7-10年国债ETF,SH,511260
2021-03-15,101.571,101.58,101.527,101.575,5800,589110,信用债ETF,SH,511360
2021-03-15,1.353,1.353,1.306,1.315,2174904,2886797,短融ETF,SZ,159976
2021-03-15,3.614,3.638,3.5,3.636,209063,759833,绿色债券ETF(南方),SH,518890
2021-03-15,0.972,0.972,0.928,0.929,55878097,52482538,绿色电力ETF,SZ,159869
2021-03-16,104.5,104.5,104.5,104.5,2100,219450,1-3年国债ETF,SH,511020
2021-03-16,110.621,110.67,110.532,110.554,894500,98922748,7-10年国债ETF,SH,511260
2021-03-16,101.467,101.598,101.467,101.59,27410,2783479,信用债ETF,SH,511360
2021-03-16,1.316,1.342,1.316,1.338,1362114,1817015,短融ETF,SZ,159976
2021-03-16,3.642,3.647,3.641,3.641,75432,274691,绿色债券ETF(南方),SH,518890
2021-03-16,0.925,0.942,0.925,0.939,27699084,25880226,绿色电力ETF,SZ,159869
2021-03-17,104.218,104.218,104.218,104.218,1000,104218,1-3年国债ETF,SH,511020
2021-03-17,110.556,110.648,110.494,110.507,946700,104657652,7-10年国债ETF,SH,511260
2021-03-17,101.618,101.63,101.6,101.6,1500,152420,信用债ETF,SH,511360
2021-03-17,1.324,1.35,1.323,1.343,244602,326575,短融ETF,SZ,159976
2021-03-17,3.65,3.65,3.647,3.65,144900,528641,绿色债券ETF(南方),SH,518890
2021-03-17,0.939,0.946,0.93,0.944,27756087,26053058,绿色电力ETF,SZ,159869
2021-03-18,110.507,110.507,110.27,110.33,1586700,175055931,7-10年国债ETF,SH,511260
2021-03-18,101.603,101.617,101.6,101.617,72500,7366325,信用债ETF,SH,511360
2021-03-18,1.349,1.362,1.346,1.362,1663688,2256669,短融ETF,SZ,159976
2021-03-18,3.682,3.682,3.676,3.68,4600,16925,绿色债券ETF(南方),SH,518890
2021-03-18,0.944,0.949,0.937,0.941,27671044,26083059,绿色电力ETF,SZ,159869
2021-03-19,104.25,104.25,104.25,104.25,100,10425,1-3年国债ETF,SH,511020
2021-03-19,110.33,110.49,110.28,110.452,945000,104378751,7-10年国债ETF,SH,511260
2021-03-19,101.617,101.648,101.617,101.629,18110,1840517,信用债ETF,SH,511360
2021-03-19,1.36,1.36,1.31,1.318,2173022,2882622,短融ETF,SZ,159976
2021-03-19,107.0,107.0,107.0,107.0,10,1070,综合债指数ETF,SH,511280
2021-03-19,3.646,3.668,3.646,3.668,293400,1070153,绿色债券ETF(南方),SH,518890
2021-03-19,0.931,0.942,0.918,0.922,34241927,31719869,绿色电力ETF,SZ,159869
2021-03-22,104.3,104.4,104.3,104.4,200,20870,1-3年国债ETF,SH,511020
2021-03-22,110.46,110.608,110.46,110.544,914700,101142125,7-10年国债ETF,SH,511260
2021-03-22,101.641,101.642,101.632,101.642,130400,13253101,信用债ETF,SH,511360
2021-03-22,1.319,1.34,1.319,1.332,1524000,2029087,短融ETF,SZ,159976
2021-03-22,3.664,3.664,3.646,3.646,205962,751781,绿色债券ETF(南方),SH,518890
2021-03-22,0.92,0.931,0.917,0.93,13541165,12552795,绿色电力ETF,SZ,159869
2021-03-23,104.3,104.49,104.25,104.37,500,52178,1-3年国债ETF,SH,511020
2021-03-23,110.541,110.6,110.484,110.574,1029500,113811674,7-10年国债ETF,SH,511260
2021-03-23,101.696,101.7,101.66,101.671,79300,8062623,信用债ETF,SH,511360
2021-03-23,1.332,1.332,1.305,1.311,1457606,1912607,短融ETF,SZ,159976
2021-03-23,3.656,3.665,3.656,3.663,41184,150826,绿色债券ETF(南方),SH,518890
2021-03-23,0.931,0.94,0.922,0.933,28244522,26314174,绿色电力ETF,SZ,159869
2021-03-24,104.3,104.5,104.3,104.5,500,52204,1-3年国债ETF,SH,511020
2021-03-24,110.6,110.769,110.6,110.702,948800,105013682,7-10年国债ETF,SH,511260
2021-03-24,101.685,101.69,101.677,101.69,9100,925330,信用债ETF,SH,511360
2021-03-24,1.312,1.318,1.29,1.292,749832,970004,短融ETF,SZ,159976
2021-03-24,107.5,108.996,107.5,108.996,200,21650,综合债指数ETF,SH,511280
2021-03-24,3.659,3.659,3.646,3.655,38414,140265,绿色债券ETF(南方),SH,518890
2021-03-24,0.932,0.94,0.926,0.938,20595937,19206147,绿色电力ETF,SZ,159869
2021-03-25,104.4,104.4,104.35,104.35,600,62630,1-3年国债ETF,SH,511020
2021-03-25,110.702,110.798,110.6,110.747,1398800,154875938,7-10年国债ETF,SH,511260
2021-03-25,101.694,101.757,101.694,101.715,158800,16151072,信用债ETF,SH,511360
2021-03-25,1.296,1.301,1.278,1.301,3858515,4989433,短融ETF,SZ,159976
2021-03-25,3.659,3.67,3.659,3.669,65290,239541,绿色债券ETF(南方),SH,518890
2021-03-25,0.939,0.95,0.928,0.94,22357493,20994973,绿色电力ETF,SZ,159869
2021-03-26,104.4,104.4,104.4,104.4,100,10440,1-3年国债ETF,SH,511020
2021-03-26,110.757,110.793,110.658,110.662,1819100,201439642,7-10年国债ETF,SH,511260
2021-03-26,101.538,101.721,101.538,101.7,1321700,134441816,信用债ETF,SH,511360
2021-03-26,1.307,1.334,1.307,1.333,4283324,5657014,短融ETF,SZ,159976
2021-03-26,3.654,3.661,3.65,3.661,136006,497057,绿色债券ETF(南方),SH,518890
2021-03-26,0.936,0.948,0.931,0.942,23149650,21729045,绿色电力ETF,SZ,159869
2021-03-29,104.68,104.68,104.68,104.68,500,52340,1-3年国债ETF,SH,511020
2021-03-29,110.662,110.736,110.546,110.642,952000,105298435,7-10年国债ETF,SH,511260
2021-03-29,101.74,101.79,101.728,101.74,40010,4070281,信用债ETF,SH,511360
2021-03-29,1.344,1.344,1.313,1.319,2038600,2693638,短融ETF,SZ,159976
2021-03-29,3.657,3.66,3.551,3.657,195363,710743,绿色债券ETF(南方),SH,518890
2021-03-29,0.94,0.94,0.932,0.933,24683773,23066677,绿色电力ETF,SZ,159869
2021-03-30,104.45,104.5,104.45,104.5,900,94030,1-3年国债ETF,SH,511020
2021-03-30,110.628,110.844,110.628,110.729,1559800,172717496,7-10年国债ETF,SH,511260
2021-03-30,101.739,101.75,101.729,101.731,170600,17356256,信用债ETF,SH,511360
2021-03-30,1.32,1.339,1.319,1.339,3350400,4457560,短融ETF,SZ,159976
2021-03-30,3.629,3.629,3.616,3.619,114429,414699,绿色债券ETF(南方),SH,518890
2021-03-30,0.932,0.932,0.922,0.923,16540424,15304076,绿色电力ETF,SZ,159869
2021-03-31,104.502,104.502,104.5,104.5,2300,240352,1-3年国债ETF,SH,511020
2021-03-31,110.73,110.992,110.685,110.934,1044000,115771222,7-10年国债ETF,SH,511260
2021-03-31,101.573,101.756,101.573,101.747,82730,8417148,信用债ETF,SH,511360
2021-03-31,1.336,1.337,1.314,1.328,2364772,3138350,短融ETF,SZ,159976
2021-03-31,3.609,3.609,3.56,3.573,100626,358566,绿色债券ETF(南方),SH,518890
2021-03-31,0.924,0.932,0.923,0.929,28764921,26719426,绿色电力ETF,SZ,159869
2021-04-01,104.75,104.75,104.45,104.74,1140,119323,1-3年国债ETF,SH,511020
2021-04-01,111.0,111.0,110.774,110.815,809700,89760566,7-10年国债ETF,SH,511260
2021-04-01,101.585,101.789,101.585,101.715,51600,5248471,信用债ETF,SH,511360
2021-04-01,1.329,1.348,1.326,1.347,943100,1261658,短融ETF,SZ,159976
2021-04-01,108.6,110.989,108.6,110.989,200,21959,综合债指数ETF,SH,511280
2021-04-01,3.583,3.642,3.583,3.641,350757,1272570,绿色债券ETF(南方),SH,518890
2021-04-01,0.927,0.93,0.921,0.929,10822900,10015580,绿色电力ETF,SZ,159869
2021-04-02,104.602,104.602,104.602,104.602,100,10460,1-3年国债ETF,SH,511020
2021-04-02,110.875,110.982,110.765,110.821,795600,88234288,7-10年国债ETF,SH,511260
2021-04-02,101.703,101.75,101.703,101.732,227700,23166429,信用债ETF,SH,511360
2021-04-02,1.348,1.36,1.348,1.353,143477,194450,短融ETF,SZ,159976
2021-04-02,111.111,111.111,111.111,111.111,100,11111,综合债指数ETF,SH,511280
2021-04-02,3.648,3.692,3.648,3.685,102276,376795,绿色债券ETF(南方),SH,518890
2021-04-02,0.93,0.937,0.926,0.937,18857640,17605156,绿色电力ETF,SZ,159869
2021-04-06,104.0,104.7,104.0,104.455,500,52207,1-3年国债ETF,SH,511020
2021-04-06,110.741,110.865,110.72,110.793,1109100,122878776,7-10年国债ETF,SH,511260
2021-04-06,101.732,101.77,101.732,101.755,74010,7531446,信用债ETF,SH,511360
2021-04-06,1.353,1.353,1.335,1.342,404517,543895,短融ETF,SZ,159976
2021-04-06,3.68,3.683,3.673,3.673,194704,715762,绿色债券ETF(南方),SH,518890
2021-04-06,0.936,0.954,0.933,0.952,43865105,41579000,绿色电力ETF,SZ,159869
2021-04-07,104.695,104.695,104.695,104.695,200,20939,1-3年国债ETF,SH,511020
2021-04-07,110.765,110.889,110.765,110.828,908800,100724643,7-10年国债ETF,SH,511260
2021-04-07,101.79,101.79,101.754,101.754,60825,6189863,信用债ETF,SH,511360
2021-04-07,1.343,1.343,1.324,1.331,777104,1031760,短融ETF,SZ,159976
2021-04-07,3.675,3.679,3.675,3.678,300376,1104362,绿色债券ETF(南方),SH,518890
2021-04-07,0.948,0.952,0.941,0.95,37056248,35094479,绿色电力ETF,SZ,159869
2021-04-08,110.83,110.875,110.692,110.724,713000,79009307,7-10年国债ETF,SH,511260
2021-04-08,101.78,101.794,101.765,101.793,105720,10760440,信用债ETF,SH,511360
2021-04-08,1.325,1.342,1.325,1.337,174800,233464,短融ETF,SZ,159976
2021-04-08,3.675,3.69,3.675,3.688,140250,515670,绿色债券ETF(南方),SH,518890
2021-04-08,0.948,0.955,0.938,0.943,49622553,47024119,绿色电力ETF,SZ,159869
2021-04-09,104.405,104.695,104.405,104.695,200,20910,1-3年国债ETF,SH,511020
2021-04-09,110.724,110.81,110.711,110.798,1043200,115537719,7-10年国债ETF,SH,511260
2021-04-09,101.743,101.801,101.743,101.791,133210,13559558,信用债ETF,SH,511360
2021-04-09,1.334,1.334,1.314,1.316,527500,695606,短融ETF,SZ,159976
2021-04-09,3.696,3.716,3.696,3.709,101241,375704,绿色债券ETF(南方),SH,518890
2021-04-09,0.939,0.946,0.936,0.942,47736101,44936530,绿色电力ETF,SZ,159869
2021-04-12,104.695,104.695,104.695,104.695,100,10470,1-3年国债ETF,SH,511020
2021-04-12,110.8,111.03,110.76,111.021,751200,83341639,7-10年国债ETF,SH,511260
2021-04-12,101.81,101.831,101.81,101.81,39400,4011367,信用债ETF,SH,511360
2021-04-12,1.317,1.323,1.294,1.299,1311702,1709980,短融ETF,SZ,159976
2021-04-12,111.1,111.1,109.988,110.939,910,100797,综合债指数ETF,SH,511280
2021-04-12,3.705,3.705,3.678,3.678,135828,499744,绿色债券ETF(南方),SH,518890
2021-04-12,0.94,0.942,0.915,0.917,56388416,51981383,绿色电力ETF,SZ,159869
2021-04-13,104.555,104.845,104.555,104.845,1100,115156,1-3年国债ETF,SH,511020
2021-04-13,111.01,111.3,111.01,111.3,996300,110844950,7-10年国债ETF,SH,511260
2021-04-13,101.832,101.843,101.832,101.842,36700,3737441,信用债ETF,SH,511360
2021-04-13,1.307,1.314,1.296,1.298,345800,450795,短融ETF,SZ,159976
2021-04-13,111.498,111.498,111.498,111.498,100,11150,综合债指数ETF,SH,511280
2021-04-13,3.674,3.676,3.65,3.654,455516,1670319,绿色债券ETF(南方),SH,518890
2021-04-13,0.919,0.927,0.916,0.919,31246442,28800706,绿色电力ETF,SZ,159869
2021-04-14,104.845,104.845,104.845,104.845,100,10485,1-3年国债ETF,SH,511020
2021-04-14,111.3,111.444,111.218,111.37,801100,89211228,7-10年国债ETF,SH,511260
2021-04-14,101.846,101.853,101.839,101.847,92110,9381076,信用债ETF,SH,511360
2021-04-14,1.298,1.323,1.298,1.323,1578008,2079053,短融ETF,SZ,159976
2021-04-14,3.658,3.685,3.658,3.685,62168,228781,绿色债券ETF(南方),SH,518890
2021-04-14,0.923,0.93,0.918,0.929,24850137,22994408,绿色电力ETF,SZ,159869
2021-04-15,104.702,104.702,104.702,104.702,200,20940,1-3年国债ETF,SH,511020
2021-04-15,111.399,111.493,111.21,111.215,992900,110539685,7-10年国债ETF,SH,511260
2021-04-15,101.854,101.857,101.853,101.853,151420,15422836,信用债ETF,SH,511360
2021-04-15,1.315,1.316,1.3,1.306,1333800,1739904,短融ETF,SZ,159976
2021-04-15,111.498,116.8,111.498,116.8,300,33980,综合债指数ETF,SH,511280
2021-04-15,3.681,4.053,3.6,3.684,126900,464920,绿色债券ETF(南方),SH,518890
2021-04-15,0.93,0.93,0.92,0.924,33659597,31143586,绿色电力ETF,SZ,159869
2021-04-16,111.215,111.805,111.115,111.573,1203100,134099282,7-10年国债ETF,SH,511260
2021-04-16,101.852,101.858,101.847,101.852,51510,5246392,信用债ETF,SH,511360
2021-04-16,1.31,1.315,1.3,1.311,469200,614532,短融ETF,SZ,159976
2021-04-16,3.69,4.0,3.69,3.719,242838,903140,绿色债券ETF(南方),SH,518890
2021-04-16,0.926,0.941,0.925,0.937,43350593,40645463,绿色电力ETF,SZ,159869
2021-04-19,104.505,104.798,104.5,104.798,1100,114981,1-3年国债ETF,SH,511020
2021-04-19,111.619,111.749,111.465,111.515,1049000,117031247,7-10年国债ETF,SH,511260
2021-04-19,101.858,101.885,101.854,101.885,55300,5633509,信用债ETF,SH,511360
2021-04-19,1.311,1.341,1.306,1.339,1469300,1957893,短融ETF,SZ,159976
2021-04-19,3.723,3.76,3.723,3.744,330182,1235963,绿色债券ETF(南方),SH,518890
2021-04-19,0.937,0.948,0.932,0.947,38555472,36383703,绿色电力ETF,SZ,159869
2021-04-20,104.8,104.8,104.65,104.8,8210,860197,1-3年国债ETF,SH,511020
2021-04-20,111.516,111.699,111.486,111.599,949400,105955232,7-10年国债ETF,SH,511260
2021-04-20,101.893,101.915,101.881,101.89,636410,64839742,信用债ETF,SH,511360
2021-04-20,1.339,1.339,1.324,1.33,510312,678449,短融ETF,SZ,159976
2021-04-20,3.74,3.74,3.71,3.713,454846,1689595,绿色债券ETF(南方),SH,518890
2021-04-20,0.947,0.971,0.942,0.957,41284531,39680219,绿色电力ETF,SZ,159869
2021-04-21,104.8,104.8,104.8,104.8,900,94320,1-3年国债ETF,SH,511020
2021-04-21,111.616,111.616,111.512,111.605,920300,102703274,7-10年国债ETF,SH,511260
2021-04-21,101.885,101.955,101.885,101.955,37110,3781816,信用债ETF,SH,511360
2021-04-21,1.324,1.329,1.318,1.326,415942,550395,短融ETF,SZ,159976
2021-04-21,109.122,116.699,109.11,116.699,4560,498509,综合债指数ETF,SH,511280
2021-04-21,3.718,3.747,3.718,3.747,195520,731443,绿色债券ETF(南方),SH,518890
2021-04-21,0.955,0.957,0.951,0.951,31483069,30012236,绿色电力ETF,SZ,159869
2021-04-22,104.85,104.85,104.8,104.8,600,62890,1-3年国债ETF,SH,511020
2021-04-22,111.616,111.653,111.46,111.538,827000,92243435,7-10年国债ETF,SH,511260
2021-04-22,101.935,101.935,101.928,101.929,20110,2049863,信用债ETF,SH,511360
2021-04-22,1.332,1.335,1.325,1.335,245601,326937,短融ETF,SZ,159976
2021-04-22,3.755,3.755,3.74,3.751,426374,1598932,绿色债券ETF(南方),SH,518890
2021-04-22,0.951,0.958,0.948,0.956,38524595,36778706,绿色电力ETF,SZ,159869
2021-04-23,111.533,112.0,111.51,111.825,1598400,178676855,7-10年国债ETF,SH,511260
2021-04-23,101.937,101.948,101.937,101.942,89200,9093031,信用债ETF,SH,511360
2021-04-23,1.335,1.351,1.331,1.346,3300310,4436610,短融ETF,SZ,159976
2021-04-23,111.999,113.568,111.999,113.568,500,56322,综合债指数ETF,SH,511280
2021-04-23,3.742,3.746,3.738,3.739,187746,702447,绿色债券ETF(南方),SH,518890
2021-04-23,0.961,0.964,0.954,0.957,35043304,33529684,绿色电力ETF,SZ,159869
2021-04-26,104.9,104.9,104.9,104.9,2100,220290,1-3年国债ETF,SH,511020
2021-04-26,111.81,111.958,111.51,111.698,1239900,138521705,7-10年国债ETF,SH,511260
2021-04-26,101.945,101.985,101.918,101.968,115820,11808763,信用债ETF,SH,511360
2021-04-26,1.35,1.357,1.334,1.334,1217215,1642547,短融ETF,SZ,159976
2021-04-26,116.48,116.48,116.48,116.48,100,11648,综合债指数ETF,SH,511280
2021-04-26,3.735,3.735,3.728,3.73,13131,48977,绿色债券ETF(南方),SH,518890
2021-04-26,0.953,0.957,0.943,0.943,36216338,34494171,绿色电力ETF,SZ,159869
2021-04-27,104.85,104.9,104.85,104.9,210,22029,1-3年国债ETF,SH,511020
2021-04-27,111.648,112.0,111.52,111.597,1447200,161681322,7-10年国债ETF,SH,511260
2021-04-27,101.962,101.975,101.953,101.974,102510,10452254,信用债ETF,SH,511360
2021-04-27,1.326,1.334,1.321,1.333,1035714,1377180,短融ETF,SZ,159976
2021-04-27,3.717,3.729,3.717,3.727,454300,1693357,绿色债券ETF(南方),SH,518890
2021-04-27,0.941,0.951,0.934,0.937,29534957,27694035,绿色电力ETF,SZ,159869
2021-04-28,104.752,104.752,104.75,104.75,1600,167600,1-3年国债ETF,SH,511020
2021-04-28,111.58,111.729,111.26,111.304,1210800,134847631,7-10年国债ETF,SH,511260
2021-04-28,101.973,101.973,101.96,101.973,123170,12558824,信用债ETF,SH,511360
2021-04-28,1.33,1.339,1.326,1.339,265714,353824,短融ETF,SZ,159976
2021-04-28,3.707,3.714,3.707,3.708,340958,1265041,绿色债券ETF(南方),SH,518890
2021-04-28,0.936,0.943,0.929,0.939,27844384,26137335,绿色电力ETF,SZ,159869
2021-04-29,104.8,104.99,104.8,104.99,3100,324949,1-3年国债ETF,SH,511020
2021-04-29,111.253,111.643,111.253,111.449,589000,65609627,7-10年国债ETF,SH,511260
2021-04-29,101.976,101.986,101.975,101.975,123444,12589343,信用债ETF,SH,511360
2021-04-29,1.341,1.349,1.336,1.341,414002,556501,短融ETF,SZ,159976
2021-04-29,106.4,128.128,106.4,114.386,3300,372192,综合债指数ETF,SH,511280
2021-04-29,3.713,3.739,3.713,3.727,86491,323026,绿色债券ETF(南方),SH,518890
2021-04-29,0.95,0.95,0.934,0.943,31020905,29225307,绿色电力ETF,SZ,159869
2021-04-30,104.95,104.95,104.95,104.95,500,52475,1-3年国债ETF,SH,511020
2021-04-30,111.449,111.749,111.363,111.66,621100,69221838,7-10年国债ETF,SH,511260
2021-04-30,101.989,102.201,101.971,102.026,136120,13882858,信用债ETF,SH,511360
2021-04-30,1.34,1.34,1.327,1.332,972200,1296907,短融ETF,SZ,159976
2021-04-30,115.5,115.5,115.398,115.398,200,23090,综合债指数ETF,SH,511280
2021-04-30,3.723,3.723,3.686,3.701,136762,504477,绿色债券ETF(南方),SH,518890
2021-04-30,0.942,0.948,0.922,0.929,47605832,44152700,绿色电力ETF,SZ,159869
2021-05-06,111.673,111.825,111.619,111.638,828000,92537631,7-10年国债ETF,SH,511260
2021-05-06,102.02,102.048,102.007,102.033,100210,10223714,信用债ETF,SH,511360
2021-05-06,1.325,1.332,1.31,1.316,500805,659831,短融ETF,SZ,159976
2021-05-06,3.734,3.758,3.734,3.751,178837,669773,绿色债券ETF(南方),SH,518890
2021-05-06,0.928,0.928,0.912,0.917,41888888,38423288,绿色电力ETF,SZ,159869
2021-05-07,104.8,105.05,104.8,104.99,4100,430118,1-3年国债ETF,SH,511020
2021-05-07,111.639,111.802,111.533,111.616,863000,96345300,7-10年国债ETF,SH,511260
2021-05-07,102.023,102.08,102.023,102.064,127200,12982245,信用债ETF,SH,511360
2021-05-07,1.322,1.323,1.297,1.297,394500,516557,短融ETF,SZ,159976
2021-05-07,115.998,115.998,115.998,115.998,100,11600,综合债指数ETF,SH,511280
2021-05-07,3.766,3.797,3.766,3.789,123340,466910,绿色债券ETF(南方),SH,518890
2021-05-07,0.918,0.921,0.912,0.917,30650412,28101335,绿色电力ETF,SZ,159869
2021-05-10,105.1,105.1,105.1,105.1,500,52550,1-3年国债ETF,SH,511020
2021-05-10,111.575,111.698,111.57,111.618,970000,108263059,7-10年国债ETF,SH,511260
2021-05-10,102.061,102.085,102.061,102.085,261700,26711698,信用债ETF,SH,511360
2021-05-10,1.303,1.308,1.29,1.296,546104,709412,短融ETF,SZ,159976
2021-05-10,110.01,114.974,110.01,114.974,300,33898,综合债指数ETF,SH,511280
2021-05-10,3.801,3.816,3.801,3.815,612641,2336764,绿色债券ETF(南方),SH,518890
2021-05-10,0.917,0.923,0.911,0.915,31937518,29249435,绿色电力ETF,SZ,159869
2021-05-11,105.15,105.15,105.15,105.15,100,10515,1-3年国债ETF,SH,511020
2021-05-11,111.668,111.9,111.57,111.842,1570700,175514137,7-10年国债ETF,SH,511260
2021-05-11,102.079,102.116,102.079,102.105,65000,6636774,信用债ETF,SH,511360
2021-05-11,1.29,1.298,1.277,1.295,550205,708091,短融ETF,SZ,159976
2021-05-11,117.988,117.988,117.988,117.988,100,11799,综合债指数ETF,SH,511280
2021-05-11,3.803,3.803,3.799,3.802,921047,3501666,绿色债券ETF(南方),SH,518890
2021-05-11,0.915,0.918,0.9,0.912,40534449,36828553,绿色电力ETF,SZ,159869
2021-05-12,105.1,105.45,105.1,105.45,2700,283905,1-3年国债ETF,SH,511020
2021-05-12,111.84,112.0,111.801,111.822,1194500,133601685,7-10年国债ETF,SH,511260
2021-05-12,102.111,102.136,102.066,102.12,184520,18842465,信用债ETF,SH,511360
2021-05-12,1.299,1.301,1.29,1.301,1277500,1655486,短融ETF,SZ,159976
2021-05-12,125.898,125.898,115.9,117.948,300,35975,综合债指数ETF,SH,511280
2021-05-12,3.797,3.808,3.792,3.808,314700,1195644,绿色债券ETF(南方),SH,518890
2021-05-12,0.908,0.935,0.904,0.934,50287237,46416567,绿色电力ETF,SZ,159869
2021-05-13,105.38,105.4,105.2,105.25,2700,284445,1-3年国债ETF,SH,511020
2021-05-13,111.82,111.82,111.632,111.746,1219000,136142027,7-10年国债ETF,SH,511260
2021-05-13,102.129,102.149,102.129,102.138,85685,8751759,信用债ETF,SH,511360
2021-05-13,1.287,1.29,1.28,1.283,337800,433858,短融ETF,SZ,159976
2021-05-13,114.0,128.988,112.0,127.888,1700,197445,综合债指数ETF,SH,511280
2021-05-13,3.795,3.796,3.787,3.793,253331,961146,绿色债券ETF(南方),SH,518890
2021-05-13,0.93,0.945,0.926,0.935,39876549,37404503,绿色电力ETF,SZ,159869
2021-05-14,105.45,105.45,105.45,105.45,800,84360,1-3年国债ETF,SH,511020
2021-05-14,111.72,111.896,111.696,111.801,997100,111502553,7-10年国债ETF,SH,511260
2021-05-14,102.107,102.158,102.107,102.143,147300,15045045,信用债ETF,SH,511360
2021-05-14,1.283,1.307,1.277,1.307,672015,873520,短融ETF,SZ,159976
2021-05-14,119.8,119.8,115.099,115.099,5160,597824,综合债指数ETF,SH,511280
2021-05-14,3.793,3.819,3.791,3.819,202194,769334,绿色债券ETF(南方),SH,518890
2021-05-14,0.936,0.945,0.935,0.939,26229201,24621063,绿色电力ETF,SZ,159869
2021-05-17,105.252,105.5,105.252,105.301,400,42135,1-3年国债ETF,SH,511020
2021-05-17,111.751,111.962,111.627,111.772,1066800,119266289,7-10年国债ETF,SH,511260
2021-05-17,102.155,102.165,102.155,102.156,35000,3575627,信用债ETF,SH,511360
2021-05-17,1.315,1.329,1.314,1.325,929301,1231140,短融ETF,SZ,159976
2021-05-17,110.112,118.99,110.112,113.188,3980,446632,综合债指数ETF,SH,511280
2021-05-17,3.854,3.859,3.85,3.856,373406,1438475,绿色债券ETF(南方),SH,518890
2021-05-17,0.947,0.947,0.934,0.939,29991177,28192395,绿色电力ETF,SZ,159869
2021-05-18,105.499,105.52,105.499,105.52,300,31652,1-3年国债ETF,SH,511020
2021-05-18,111.772,111.848,111.653,111.722,874900,97761761,7-10年国债ETF,SH,511260
2021-05-18,102.129,102.185,102.129,102.18,92700,9471600,信用债ETF,SH,511360
2021-05-18,1.332,1.332,1.32,1.326,202601,269102,短融ETF,SZ,159976
2021-05-18,112.203,113.186,112.203,113.18,1200,135248,综合债指数ETF,SH,511280
2021-05-18,3.861,3.891,3.861,3.879,44648,173383,绿色债券ETF(南方),SH,518890
2021-05-18,0.937,0.944,0.933,0.941,31404631,29498346,绿色电力ETF,SZ,159869
2021-05-19,105.4,105.515,105.4,105.515,300,31643,1-3年国债ETF,SH,511020
2021-05-19,111.722,111.999,111.722,111.968,841600,94160758,7-10年国债ETF,SH,511260
2021-05-19,102.192,102.192,102.176,102.19,97210,9932975,信用债ETF,SH,511360
2021-05-19,1.326,1.329,1.32,1.326,538201,712675,短融ETF,SZ,159976
2021-05-19,112.102,114.388,112.05,114.388,1400,157607,综合债指数ETF,SH,511280
2021-05-19,3.872,3.891,3.867,3.891,227252,880751,绿色债券ETF(南方),SH,518890
2021-05-19,0.94,0.944,0.931,0.939,27443842,25782463,绿色电力ETF,SZ,159869
2021-05-20,105.515,105.614,105.462,105.462,900,94999,1-3年国债ETF,SH,511020
2021-05-20,112.018,112.2,111.982,112.181,2908700,326269805,7-10年国债ETF,SH,511260
2021-05-20,102.189,102.204,102.189,102.204,66010,6745990,信用债ETF,SH,511360
2021-05-20,1.33,1.337,1.328,1.335,786020,1046951,短融ETF,SZ,159976
2021-05-20,116.488,116.488,112.6,115.988,300,34508,综合债指数ETF,SH,511280
2021-05-20,3.885,3.901,3.884,3.894,364655,1420184,绿色债券ETF(南方),SH,518890
2021-05-20,0.936,0.957,0.928,0.953,46082188,43299249,绿色电力ETF,SZ,159869
2021-05-21,105.66,105.66,105.6,105.66,2400,253572,1-3年国债ETF,SH,511020
2021-05-21,112.231,112.598,112.18,112.5,1076100,121032628,7-10年国债ETF,SH,511260
2021-05-21,102.215,102.215,102.201,102.21,123300,12602059,信用债ETF,SH,511360
2021-05-21,1.33,1.335,1.318,1.322,348000,459731,短融ETF,SZ,159976
2021-05-21,116.568,116.568,116.568,116.568,100,11657,综合债指数ETF,SH,511280
2021-05-21,3.861,3.899,3.861,3.896,557232,2163904,绿色债券ETF(南方),SH,518890
2021-05-21,0.947,0.962,0.94,0.946,34063873,32457878,绿色电力ETF,SZ,159869
2021-05-24,105.855,105.855,105.845,105.85,1440,152422,1-3年国债ETF,SH,511020
2021-05-24,112.51,112.7,112.51,112.6,840800,94674376,7-10年国债ETF,SH,511260
2021-05-24,102.239,102.239,102.217,102.23,30700,3138258,信用债ETF,SH,511360
2021-05-24,1.317,1.329,1.308,1.327,1071612,1408214,短融ETF,SZ,159976
2021-05-24,3.915,3.916,3.905,3.909,812100,3177954,绿色债券ETF(南方),SH,518890
2021-05-24,0.945,0.953,0.939,0.953,30704347,29146509,绿色电力ETF,SZ,159869
2021-05-25,105.845,105.9,105.845,105.9,500,52934,1-3年国债ETF,SH,511020
2021-05-25,112.6,112.62,112.434,112.541,867500,97577429,7-10年国债ETF,SH,511260
2021-05-25,102.218,102.26,102.218,102.254,58300,5961353,信用债ETF,SH,511360
2021-05-25,1.332,1.36,1.332,1.36,2721358,3680145,短融ETF,SZ,159976
2021-05-25,3.876,3.894,3.876,3.894,1888516,7329475,绿色债券ETF(南方),SH,518890
2021-05-25,0.955,0.966,0.952,0.965,51148473,49190133,绿色电力ETF,SZ,159869
2021-05-26,105.9,105.9,105.9,105.9,100,10590,1-3年国债ETF,SH,511020
2021-05-26,112.53,112.775,112.412,112.715,1065000,119902925,7-10年国债ETF,SH,511260
2021-05-26,102.248,102.264,102.232,102.257,185610,18979635,信用债ETF,SH,511360
2021-05-26,1.367,1.369,1.36,1.366,1717201,2345324,短融ETF,SZ,159976
2021-05-26,114.0,114.788,112.502,114.788,560,63829,综合债指数ETF,SH,511280
2021-05-26,3.92,3.939,3.92,3.93,1023483,4025360,绿色债券ETF(南方),SH,518890
2021-05-26,0.963,0.975,0.96,0.965,52959793,51224496,绿色电力ETF,SZ,159869
2021-05-27,106.016,106.016,106.0,106.016,400,42405,1-3年国债ETF,SH,511020
2021-05-27,112.697,112.759,112.455,112.471,990600,111537068,7-10年国债ETF,SH,511260
2021-05-27,102.263,102.263,102.26,102.26,133100,13611042,信用债ETF,SH,511360
2021-05-27,1.364,1.375,1.357,1.367,897625,1226662,短融ETF,SZ,159976
2021-05-27,124.598,124.598,112.806,112.806,460,54474,综合债指数ETF,SH,511280
2021-05-27,3.909,3.912,3.904,3.91,311363,1216909,绿色债券ETF(南方),SH,518890
2021-05-27,0.966,0.98,0.963,0.978,36667947,35786848,绿色电力ETF,SZ,159869
2021-05-28,106.145,106.145,105.93,105.955,800,84804,1-3年国债ETF,SH,511020
2021-05-28,112.48,112.529,112.352,112.479,885400,99554257,7-10年国债ETF,SH,511260
2021-05-28,102.264,102.267,102.264,102.266,71820,7344705,信用债ETF,SH,511360
2021-05-28,1.367,1.373,1.354,1.36,554002,754532,短融ETF,SZ,159976
2021-05-28,112.052,114.998,112.052,114.901,700,79945,综合债指数ETF,SH,511280
2021-05-28,3.9,3.9,3.883,3.883,445100,1734708,绿色债券ETF(南方),SH,518890
2021-05-28,0.978,0.986,0.967,0.974,40643174,39492366,绿色电力ETF,SZ,159869
2021-05-31,105.86,105.86,105.82,105.82,700,74094,1-3年国债ETF,SH,511020
2021-05-31,112.471,112.499,112.1,112.392,1354600,152138628,7-10年国债ETF,SH,511260
2021-05-31,102.273,102.273,102.27,102.27,108100,11055569,信用债ETF,SH,511360
2021-05-31,1.36,1.366,1.356,1.366,1481420,2017611,短融ETF,SZ,159976
2021-05-31,113.002,114.81,113.002,113.975,700,79380,综合债指数ETF,SH,511280
2021-05-31,3.891,3.923,3.891,3.908,587151,2298226,绿色债券ETF(南方),SH,518890
2021-05-31,0.968,0.98,0.964,0.977,38962672,38021845,绿色电力ETF,SZ,159869
2021-06-01,105.87,105.87,105.85,105.86,2400,254082,1-3年国债ETF,SH,511020
2021-06-01,112.402,112.598,112.402,112.5,911800,102596851,7-10年国债ETF,SH,511260
2021-06-01,102.286,102.288,102.286,102.288,32900,3365251,信用债ETF,SH,511360
2021-06-01,1.362,1.37,1.356,1.37,1453900,1988654,短融ETF,SZ,159976
2021-06-01,112.35,113.37,112.35,113.37,153,17292,综合债指数ETF,SH,511280
2021-06-01,3.913,3.934,3.913,3.934,878495,3448991,绿色债券ETF(南方),SH,518890
2021-06-01,0.978,0.982,0.972,0.978,37875969,37035333,绿色电力ETF,SZ,159869
2021-06-02,105.9,105.9,105.85,105.85,400,42355,1-3年国债ETF,SH,511020
2021-06-02,112.513,112.7,112.51,112.658,917700,103376514,7-10年国债ETF,SH,511260
2021-06-02,102.295,102.297,102.295,102.296,130600,13359861,信用债ETF,SH,511360
2021-06-02,1.37,1.374,1.356,1.361,427606,582873,短融ETF,SZ,159976
2021-06-02,112.376,114.496,112.376,114.496,553,62561,综合债指数ETF,SH,511280
2021-06-02,3.925,3.925,3.859,3.868,1256606,4877711,绿色债券ETF(南方),SH,518890
2021-06-02,0.98,0.985,0.968,0.97,32184556,31368706,绿色电力ETF,SZ,159869
2021-06-03,105.8,105.89,105.8,105.89,2100,222189,1-3年国债ETF,SH,511020
2021-06-03,112.608,112.777,112.5,112.745,800600,90182112,7-10年国债ETF,SH,511260
2021-06-03,102.3,102.302,102.3,102.302,86420,8840930,信用债ETF,SH,511360
2021-06-03,1.347,1.363,1.322,1.345,3554418,4804442,短融ETF,SZ,159976
2021-06-03,112.001,113.899,112.001,113.899,200,22590,综合债指数ETF,SH,511280
2021-06-03,3.864,3.895,3.844,3.852,3182428,12334308,绿色债券ETF(南方),SH,518890
2021-06-03,0.973,0.995,0.973,0.98,33679831,33206477,绿色电力ETF,SZ,159869
2021-06-04,105.85,105.856,105.85,105.856,1900,201120,1-3年国债ETF,SH,511020
2021-06-04,112.742,112.742,112.43,112.552,1924700,216721384,7-10年国债ETF,SH,511260
2021-06-04,102.307,102.309,102.307,102.309,88300,9033852,信用债ETF,SH,511360
2021-06-04,1.34,1.368,1.339,1.354,1358210,1839161,短融ETF,SZ,159976
2021-06-04,112.052,114.49,112.052,114.49,200,22654,综合债指数ETF,SH,511280
2021-06-04,3.792,3.821,3.755,3.81,2188126,8278652,绿色债券ETF(南方),SH,518890
2021-06-04,0.984,0.992,0.98,0.988,34559600,34123382,绿色电力ETF,SZ,159869
2021-06-07,105.55,105.55,105.53,105.53,500,52769,1-3年国债ETF,SH,511020
2021-06-07,112.5,112.58,112.36,112.374,954000,107242089,7-10年国债ETF,SH,511260
2021-06-07,102.315,102.318,102.315,102.318,158730,16240747,信用债ETF,SH,511360
2021-06-07,1.355,1.355,1.346,1.353,398903,538625,短融ETF,SZ,159976
2021-06-07,3.815,3.866,3.815,3.838,921332,3539591,绿色债券ETF(南方),SH,518890
2021-06-07,0.989,1.004,0.987,1.003,44477129,44337274,绿色电力ETF,SZ,159869
2021-06-08,105.51,105.51,105.5,105.5,420,44313,1-3年国债ETF,SH,511020
2021-06-08,112.395,112.478,112.355,112.366,637600,71657551,7-10年国债ETF,SH,511260
2021-06-08,102.317,102.318,102.315,102.318,800400,81894501,信用债ETF,SH,511360
2021-06-08,1.36,1.363,1.336,1.344,480400,646317,短融ETF,SZ,159976
2021-06-08,108.115,114.476,108.115,114.476,600,66043,综合债指数ETF,SH,511280
2021-06-08,3.843,3.889,3.843,3.859,799360,3089370,绿色债券ETF(南方),SH,518890
2021-06-08,1.004,1.017,0.993,1.015,71197281,71973088,绿色电力ETF,SZ,159869
2021-06-09,105.62,105.62,105.62,105.62,2300,242926,1-3年国债ETF,SH,511020
2021-06-09,112.5,112.5,112.26,112.378,999800,112361299,7-10年国债ETF,SH,511260
2021-06-09,102.318,102.318,102.314,102.314,87100,8911671,信用债ETF,SH,511360
2021-06-09,1.344,1.35,1.338,1.343,1122011,1507654,短融ETF,SZ,159976
2021-06-09,112.102,113.188,112.102,113.188,200,22529,综合债指数ETF,SH,511280
2021-06-09,3.859,3.859,3.85,3.857,366000,1409730,绿色债券ETF(南方),SH,518890
2021-06-09,1.016,1.02,1.012,1.018,48921019,49720645,绿色电力ETF,SZ,159869
2021-06-10,105.68,105.68,105.68,105.68,200,21136,1-3年国债ETF,SH,511020
2021-06-10,112.378,112.558,112.372,112.382,1254200,141009924,7-10年国债ETF,SH,511260
2021-06-10,102.316,102.316,102.315,102.315,44400,4542806,信用债ETF,SH,511360
2021-06-10,1.353,1.356,1.345,1.345,982505,1328809,短融ETF,SZ,159976
2021-06-10,117.178,117.178,112.6,112.6,1300,147210,综合债指数ETF,SH,511280
2021-06-10,3.883,3.883,3.838,3.844,973547,3746757,绿色债券ETF(南方),SH,518890
2021-06-10,1.018,1.027,1.018,1.025,47260219,48401006,绿色电力ETF,SZ,159869
2021-06-11,112.41,112.423,112.245,112.275,1153700,129559025,7-10年国债ETF,SH,511260
2021-06-11,102.321,102.324,102.321,102.324,70210,7184100,信用债ETF,SH,511360
2021-06-11,1.347,1.347,1.335,1.337,1111088,1489544,短融ETF,SZ,159976
2021-06-11,112.601,112.601,112.601,112.601,100,11260,综合债指数ETF,SH,511280
2021-06-11,3.852,3.879,3.839,3.874,781495,3028435,绿色债券ETF(南方),SH,518890
2021-06-11,1.025,1.028,1.007,1.009,40075865,40828721,绿色电力ETF,SZ,159869
2021-06-15,112.3,112.3,111.96,112.087,1130500,126753626,7-10年国债ETF,SH,511260
2021-06-15,102.336,102.339,102.336,102.339,83300,8524693,信用债ETF,SH,511360
2021-06-15,1.34,1.34,1.316,1.322,476100,631405,短融ETF,SZ,159976
2021-06-15,3.793,3.811,3.787,3.81,922300,3503097,绿色债券ETF(南方),SH,518890
2021-06-15,1.007,1.01,0.997,1.003,35234496,35401316,绿色电力ETF,SZ,159869
2021-06-16,105.65,105.65,105.65,105.65,100,10565,1-3年国债ETF,SH,511020
2021-06-16,112.051,112.296,111.965,112.217,901800,101123781,7-10年国债ETF,SH,511260
2021-06-16,102.355,102.359,102.355,102.359,88500,9058624,信用债ETF,SH,511360
2021-06-16,1.323,1.323,1.307,1.309,1010300,1330249,短融ETF,SZ,159976
2021-06-16,3.811,3.811,3.786,3.805,1005000,3811621,绿色债券ETF(南方),SH,518890
2021-06-16,1.003,1.003,0.982,0.985,34466330,34089578,绿色电力ETF,SZ,159869
2021-06-17,112.171,112.25,112.031,112.058,973900,109208298,7-10年国债ETF,SH,511260
2021-06-17,102.361,102.364,102.361,102.362,76900,7871740,信用债ETF,SH,511360
2021-06-17,1.307,1.322,1.307,1.32,951333,1254185,短融ETF,SZ,159976
2021-06-17,3.8,3.8,3.738,3.739,1196400,4491162,绿色债券ETF(南方),SH,518890
2021-06-17,0.985,0.988,0.975,0.981,31833098,31214965,绿色电力ETF,SZ,159869
2021-06-18,105.55,105.55,105.55,105.55,200,21110,1-3年国债ETF,SH,511020
2021-06-18,112.011,112.325,112.01,112.232,946300,106192123,7-10年国债ETF,SH,511260
2021-06-18,102.363,102.367,102.363,102.366,115400,11813018,信用债ETF,SH,511360
2021-06-18,1.32,1.336,1.32,1.326,362316,480359,短融ETF,SZ,159976
2021-06-18,3.73,3.73,3.695,3.698,1125455,4168561,绿色债券ETF(南方),SH,518890
2021-06-18,0.977,0.989,0.969,0.988,32703523,32088801,绿色电力ETF,SZ,159869
2021-06-21,105.4,105.55,105.4,105.55,500,52715,1-3年国债ETF,SH,511020
2021-06-21,112.249,112.4,112.234,112.358,861500,96764668,7-10年国债ETF,SH,511260
2021-06-21,102.36,102.378,102.36,102.377,244210,25001192,信用债ETF,SH,511360
2021-06-21,1.311,1.325,1.31,1.315,1066803,1403987,短融ETF,SZ,159976
2021-06-21,3.691,3.703,3.681,3.702,999964,3689755,绿色债券ETF(南方),SH,518890
2021-06-21,0.983,1.01,0.982,1.01,45983483,46123193,绿色电力ETF,SZ,159869
2021-06-22,105.65,105.65,105.65,105.65,300,31695,1-3年国债ETF,SH,511020
2021-06-22,112.398,112.443,112.225,112.299,899300,101053064,7-10年国债ETF,SH,511260
2021-06-22,102.391,102.614,102.383,102.386,393320,40273682,信用债ETF,SH,511360
2021-06-22,1.318,1.324,1.316,1.323,1096401,1446897,短融ETF,SZ,159976
2021-06-22,112.6,112.6,112.6,112.6,100,11260,综合债指数ETF,SH,511280
2021-06-22,3.707,3.729,3.707,3.718,951657,3537242,绿色债券ETF(南方),SH,518890
2021-06-22,1.01,1.015,0.994,0.999,35499270,35495281,绿色电力ETF,SZ,159869
2021-06-23,105.845,105.845,105.65,105.65,300,31734,1-3年国债ETF,SH,511020
2021-06-23,112.301,112.38,112.231,112.273,780900,87669834,7-10年国债ETF,SH,511260
2021-06-23,102.391,102.402,102.389,102.397,563904,57739511,信用债ETF,SH,511360
2021-06-23,1.327,1.338,1.32,1.337,221612,294892,短融ETF,SZ,159976
2021-06-23,3.719,3.722,3.719,3.722,470875,1751841,绿色债券ETF(南方),SH,518890
2021-06-23,0.999,1.01,0.991,1.007,33981749,34096118,绿色电力ETF,SZ,159869
2021-06-24,105.68,105.68,105.67,105.67,400,42269,1-3年国债ETF,SH,511020
2021-06-24,112.228,112.527,112.228,112.328,862100,96856204,7-10年国债ETF,SH,511260
2021-06-24,102.343,102.405,102.234,102.405,701410,71821361,信用债ETF,SH,511360
2021-06-24,1.337,1.338,1.331,1.335,169401,226043,短融ETF,SZ,159976
2021-06-24,3.717,3.717,3.702,3.704,725100,2685777,绿色债券ETF(南方),SH,518890
2021-06-24,1.007,1.007,0.99,0.991,28751376,28593480,绿色电力ETF,SZ,159869
2021-06-25,105.45,105.705,105.45,105.695,1510,159608,1-3年国债ETF,SH,511020
2021-06-25,112.374,112.549,112.3,112.443,1301100,146261097,7-10年国债ETF,SH,511260
2021-06-25,102.424,102.424,102.412,102.422,752130,77028406,信用债ETF,SH,511360
2021-06-25,1.339,1.359,1.339,1.354,395118,532674,短融ETF,SZ,159976
2021-06-25,3.699,3.706,3.696,3.699,966926,3578120,绿色债券ETF(南方),SH,518890
2021-06-25,0.991,0.993,0.977,0.985,30439125,29966037,绿色电力ETF,SZ,159869
2021-06-28,105.75,105.75,105.75,105.75,110,11633,1-3年国债ETF,SH,511020
2021-06-28,112.407,112.57,112.363,112.402,849000,95457380,7-10年国债ETF,SH,511260
2021-06-28,102.417,102.429,102.417,102.428,546830,56010598,信用债ETF,SH,511360
2021-06-28,1.359,1.359,1.341,1.351,2959274,3989403,短融ETF,SZ,159976
2021-06-28,3.684,3.712,3.682,3.706,820400,3028273,绿色债券ETF(南方),SH,518890
2021-06-28,0.985,0.994,0.981,0.99,34768296,34391968,绿色电力ETF,SZ,159869
2021-06-29,105.7,105.7,105.7,105.7,300,31710,1-3年国债ETF,SH,511020
2021-06-29,112.374,112.599,112.278,112.547,1152300,129602836,7-10年国债ETF,SH,511260
2021-06-29,102.438,102.442,102.438,102.442,966610,99020410,信用债ETF,SH,511360
2021-06-29,1.352,1.352,1.334,1.334,2410909,3241912,短融ETF,SZ,159976
2021-06-29,3.701,3.701,3.689,3.692,812722,3001034,绿色债券ETF(南方),SH,518890
2021-06-29,0.99,0.996,0.979,0.981,23981373,23657220,绿色电力ETF,SZ,159869
2021-06-30,105.8,105.8,105.8,105.8,100,10580,1-3年国债ETF,SH,511020
2021-06-30,112.597,112.777,112.505,112.72,995300,112102654,7-10年国债ETF,SH,511260
2021-06-30,102.445,102.83,102.443,102.626,960710,98425448,信用债ETF,SH,511360
2021-06-30,1.334,1.34,1.332,1.34,1516300,2026137,短融ETF,SZ,159976
2021-06-30,111.801,111.801,111.8,111.8,1813,202694,综合债指数ETF,SH,511280
2021-06-30,3.686,3.686,3.654,3.661,553800,2028330,绿色债券ETF(南方),SH,518890
2021-06-30,0.984,0.984,0.968,0.975,21324468,20746504,绿色电力ETF,SZ,159869
2021-07-01,105.755,105.945,105.755,105.755,1500,158690,1-3年国债ETF,SH,511020
2021-07-01,112.705,112.945,112.674,112.811,1498300,169043741,7-10年国债ETF,SH,511260
2021-07-01,102.451,102.46,102.4,102.451,923320,94595249,信用债ETF,SH,511360
2021-07-01,1.34,1.34,1.331,1.334,887504,1186713,短融ETF,SZ,159976
2021-07-01,3.684,3.707,3.684,3.698,331541,1225384,绿色债券ETF(南方),SH,518890
2021-07-01,0.974,0.978,0.962,0.962,23981672,23291403,绿色电力ETF,SZ,159869
2021-07-02,105.7,105.8,105.7,105.8,210,22217,1-3年国债ETF,SH,511020
2021-07-02,112.83,112.97,112.773,112.866,1093800,123461562,7-10年国债ETF,SH,511260
2021-07-02,102.462,102.466,102.462,102.466,569800,58383797,信用债ETF,SH,511360
2021-07-02,1.337,1.337,1.295,1.298,1223600,1596539,短融ETF,SZ,159976
2021-07-02,3.7,3.709,3.7,3.705,505495,1873020,绿色债券ETF(南方),SH,518890
2021-07-02,0.962,0.977,0.961,0.968,27490376,26639525,绿色电力ETF,SZ,159869
2021-07-05,105.99,105.99,105.8,105.8,1900,201039,1-3年国债ETF,SH,511020
2021-07-05,112.825,113.06,112.747,112.861,969500,109354199,7-10年国债ETF,SH,511260
2021-07-05,102.49,102.492,102.489,102.491,311500,31925688,信用债ETF,SH,511360
2021-07-05,1.293,1.306,1.289,1.295,1296622,1678570,短融ETF,SZ,159976
2021-07-05,117.11,120.88,112.63,112.63,600,69676,综合债指数ETF,SH,511280
2021-07-05,3.71,3.727,3.71,3.72,366500,1363092,绿色债券ETF(南方),SH,518890
2021-07-05,0.961,0.972,0.952,0.957,27015117,25992687,绿色电力ETF,SZ,159869
2021-07-06,106.0,106.05,106.0,106.05,5610,594735,1-3年国债ETF,SH,511020
2021-07-06,112.82,112.988,112.754,112.9,1298400,146617205,7-10年国债ETF,SH,511260
2021-07-06,102.506,102.509,102.505,102.507,407300,41750820,信用债ETF,SH,511360
2021-07-06,1.297,1.305,1.288,1.305,2038716,2645643,短融ETF,SZ,159976
2021-07-06,3.725,3.754,3.725,3.75,497847,1859385,绿色债券ETF(南方),SH,518890
2021-07-06,0.957,0.962,0.943,0.959,28028576,26748056,绿色电力ETF,SZ,159869
2021-07-07,105.95,106.055,105.95,106.055,300,31806,1-3年国债ETF,SH,511020
2021-07-07,112.9,113.1,112.9,113.03,1146200,129462196,7-10年国债ETF,SH,511260
2021-07-07,102.52,102.523,102.519,102.52,394600,40454675,信用债ETF,SH,511360
2021-07-07,1.305,1.319,1.299,1.315,737002,965421,短融ETF,SZ,159976
2021-07-07,3.75,3.751,3.741,3.748,445300,1668399,绿色债券ETF(南方),SH,518890
2021-07-07,0.957,0.96,0.951,0.96,26848985,25673226,绿色电力ETF,SZ,159869
2021-07-08,106.28,106.3,106.28,106.3,4110,436853,1-3年国债ETF,SH,511020
2021-07-08,113.08,113.444,113.08,113.4,1083800,122735981,7-10年国债ETF,SH,511260
2021-07-08,102.534,102.537,102.534,102.536,367200,37651054,信用债ETF,SH,511360
2021-07-08,1.316,1.317,1.295,1.298,1156701,1504337,短融ETF,SZ,159976
2021-07-08,111.0,111.0,107.1,107.1,230,25471,综合债指数ETF,SH,511280
2021-07-08,3.753,3.753,3.741,3.742,216722,811203,绿色债券ETF(南方),SH,518890
2021-07-08,0.958,0.959,0.939,0.944,30564300,28892007,绿色电力ETF,SZ,159869
2021-07-09,113.449,113.739,113.449,113.606,1638800,186134855,7-10年国债ETF,SH,511260
2021-07-09,102.556,102.587,102.556,102.586,430220,44134023,信用债ETF,SH,511360
2021-07-09,1.293,1.3,1.276,1.297,1036931,1336726,短融ETF,SZ,159976
2021-07-09,111.978,111.978,111.978,111.978,100,11198,综合债指数ETF,SH,511280
2021-07-09,3.747,3.766,3.747,3.752,502853,1891061,绿色债券ETF(南方),SH,518890
2021-07-09,0.937,0.954,0.937,0.946,23632326,22353408,绿色电力ETF,SZ,159869
2021-07-12,106.2,106.59,106.0,106.59,11910,1265298,1-3年国债ETF,SH,511020
2021-07-12,113.6,113.717,113.56,113.64,574200,65251833,7-10年国债ETF,SH,511260
2021-07-12,102.6,102.602,102.597,102.601,389038,39915103,信用债ETF,SH,511360
2021-07-12,1.314,1.324,1.306,1.321,2223506,2927154,短融ETF,SZ,159976
2021-07-12,111.7,111.7,111.7,111.7,310,34627,综合债指数ETF,SH,511280
2021-07-12,3.763,3.763,3.745,3.745,289584,1086774,绿色债券ETF(南方),SH,518890
2021-07-12,0.943,0.958,0.935,0.956,26499878,25160827,绿色电力ETF,SZ,159869
2021-07-13,106.7,106.81,106.7,106.81,6100,651290,1-3年国债ETF,SH,511020
2021-07-13,113.69,114.16,113.628,114.132,1247700,141913882,7-10年国债ETF,SH,511260
2021-07-13,102.621,102.648,102.621,102.626,437638,44912986,信用债ETF,SH,511360
2021-07-13,1.32,1.327,1.32,1.326,366161,484554,短融ETF,SZ,159976
2021-07-13,112.0,112.0,111.6,111.6,400,44680,综合债指数ETF,SH,511280
2021-07-13,3.75,3.765,3.75,3.761,327558,1232628,绿色债券ETF(南方),SH,518890
2021-07-13,0.955,0.976,0.952,0.966,29491200,28545559,绿色电力ETF,SZ,159869
2021-07-14,107.0,107.1,107.0,107.1,2800,299680,1-3年国债ETF,SH,511020
2021-07-14,114.092,114.44,114.0,114.33,1090000,124451230,7-10年国债ETF,SH,511260
2021-07-14,102.641,102.646,102.641,102.645,476710,48931119,信用债ETF,SH,511360
2021-07-14,1.326,1.326,1.3,1.307,8308507,10834883,短融ETF,SZ,159976
2021-07-14,3.766,3.775,3.766,3.768,1019600,3845440,绿色债券ETF(南方),SH,518890
2021-07-14,0.966,0.972,0.957,0.961,30916750,29742248,绿色电力ETF,SZ,159869
2021-07-15,107.15,107.15,106.9,106.9,3100,332140,1-3年国债ETF,SH,511020
2021-07-15,114.38,114.38,113.875,113.886,1644100,187434809,7-10年国债ETF,SH,511260
2021-07-15,102.657,102.661,102.656,102.661,424600,43588531,信用债ETF,SH,511360
2021-07-15,1.308,1.321,1.307,1.318,1304009,1710891,短融ETF,SZ,159976
2021-07-15,3.775,3.795,3.775,3.793,224406,850980,绿色债券ETF(南方),SH,518890
2021-07-15,0.96,0.96,0.935,0.947,23053125,21747027,绿色电力ETF,SZ,159869
2021-07-16,106.75,106.95,106.75,106.95,600,64070,1-3年国债ETF,SH,511020
2021-07-16,113.85,114.06,113.775,113.94,1201000,136831928,7-10年国债ETF,SH,511260
2021-07-16,102.671,102.675,102.671,102.675,301000,30904630,信用债ETF,SH,511360
2021-07-16,1.318,1.318,1.306,1.308,1687106,2212992,短融ETF,SZ,159976
2021-07-16,3.793,3.798,3.788,3.789,639800,2426540,绿色债券ETF(南方),SH,518890
2021-07-16,0.948,0.962,0.942,0.959,26565053,25364000,绿色电力ETF,SZ,159869
2021-07-19,106.9,106.903,106.9,106.903,300,32071,1-3年国债ETF,SH,511020
2021-07-19,113.94,113.99,113.822,113.895,1050800,119654501,7-10年国债ETF,SH,511260
2021-07-19,102.688,102.691,102.688,102.691,290100,29790195,信用债ETF,SH,511360
2021-07-19,1.308,1.312,1.298,1.312,1823901,2380420,短融ETF,SZ,159976
2021-07-19,110.1,111.398,110.1,111.398,200,22150,综合债指数ETF,SH,511280
2021-07-19,3.774,3.775,3.756,3.756,483441,1824450,绿色债券ETF(南方),SH,518890
2021-07-19,0.959,0.961,0.939,0.948,25211620,23827327,绿色电力ETF,SZ,159869
2021-07-20,106.95,107.0,106.95,106.988,1100,117685,1-3年国债ETF,SH,511020
2021-07-20,113.89,114.2,113.85,114.101,957500,109137299,7-10年国债ETF,SH,511260
2021-07-20,102.708,102.715,102.707,102.715,645310,66279587,信用债ETF,SH,511360
2021-07-20,1.312,1.312,1.295,1.3,1000292,1299836,短融ETF,SZ,159976
2021-07-20,119.8,119.8,119.8,119.8,100,11980,综合债指数ETF,SH,511280
2021-07-20,3.763,3.784,3.763,3.781,665200,2516267,绿色债券ETF(南方),SH,518890
2021-07-20,0.941,0.945,0.937,0.944,17803788,16763169,绿色电力ETF,SZ,159869
2021-07-21,107.3,107.3,106.9,106.95,1510,161520,1-3年国债ETF,SH,511020
2021-07-21,114.151,114.2,114.051,114.18,882800,100769332,7-10年国债ETF,SH,511260
2021-07-21,102.725,102.73,102.725,102.73,564420,57981463,信用债ETF,SH,511360
2021-07-21,1.305,1.307,1.298,1.304,595711,774199,短融ETF,SZ,159976
2021-07-21,129.199,129.199,129.199,129.199,100,12920,综合债指数ETF,SH,511280
2021-07-21,3.754,3.767,3.752,3.767,707610,2657636,绿色债券ETF(南方),SH,518890
2021-07-21,0.946,0.954,0.944,0.946,23107948,21919372,绿色电力ETF,SZ,159869
2021-07-22,107.1,107.2,106.9,106.9,300,32120,1-3年国债ETF,SH,511020
2021-07-22,114.18,114.285,114.081,114.15,1145300,130774792,7-10年国债ETF,SH,511260
2021-07-22,102.741,102.744,102.741,102.743,614600,63145817,信用债ETF,SH,511360
2021-07-22,1.305,1.311,1.305,1.308,1383101,1811919,短融ETF,SZ,159976
2021-07-22,116.279,116.279,116.279,116.279,500,58140,综合债指数ETF,SH,511280
2021-07-22,3.742,3.742,3.729,3.735,265711,992291,绿色债券ETF(南方),SH,518890
2021-07-22,0.945,0.95,0.939,0.947,20931759,19790289,绿色电力ETF,SZ,159869
2021-07-23,114.1,114.266,114.1,114.203,1002400,114478170,7-10年国债ETF,SH,511260
2021-07-23,102.759,102.765,102.757,102.762,710310,72991787,信用债ETF,SH,511360
2021-07-23,1.31,1.31,1.293,1.293,1629902,2113500,短融ETF,SZ,159976
2021-07-23,110.002,119.988,107.105,110.999,1200,133471,综合债指数ETF,SH,511280
2021-07-23,3.739,3.754,3.739,3.754,276058,1035089,绿色债券ETF(南方),SH,518890
2021-07-23,0.947,0.949,0.922,0.923,31068289,28833889,绿色电力ETF,SZ,159869
2021-07-26,107.1,107.11,107.1,107.1,1100,117811,1-3年国债ETF,SH,511020
2021-07-26,114.203,114.452,114.17,114.361,1263600,144494063,7-10年国债ETF,SH,511260
2021-07-26,102.776,102.776,102.771,102.776,528100,54274549,信用债ETF,SH,511360
2021-07-26,1.285,1.285,1.24,1.249,3582610,4512582,短融ETF,SZ,159976
2021-07-26,119.8,119.8,107.1,118.495,1400,162071,综合债指数ETF,SH,511280
2021-07-26,3.758,3.766,3.758,3.761,375383,1411840,绿色债券ETF(南方),SH,518890
2021-07-26,0.921,0.921,0.869,0.874,37959803,33753162,绿色电力ETF,SZ,159869
2021-07-27,107.299,107.35,107.299,107.3,5400,579430,1-3年国债ETF,SH,511020
2021-07-27,114.312,114.519,114.265,114.417,1150600,131643969,7-10年国债ETF,SH,511260
2021-07-27,102.791,102.795,102.79,102.794,597400,61407939,信用债ETF,SH,511360
2021-07-27,1.254,1.254,1.22,1.22,2358900,2902007,短融ETF,SZ,159976
2021-07-27,118.48,118.48,112.72,118.198,700,81702,综合债指数ETF,SH,511280
2021-07-27,3.739,3.739,3.732,3.733,173188,647028,绿色债券ETF(南方),SH,518890
2021-07-27,0.874,0.884,0.849,0.85,19341277,16724909,绿色电力ETF,SZ,159869
2021-07-28,107.1,107.1,107.1,107.1,100,10710,1-3年国债ETF,SH,511020
2021-07-28,114.368,114.59,114.15,114.461,1072900,122753971,7-10年国债ETF,SH,511260
2021-07-28,102.795,102.797,102.775,102.793,465700,47868863,信用债ETF,SH,511360
2021-07-28,1.221,1.221,1.179,1.209,1931103,2312942,短融ETF,SZ,159976
2021-07-28,112.309,118.088,112.3,114.988,1700,191810,综合债指数ETF,SH,511280
2021-07-28,3.738,3.78,3.738,3.774,1039589,3919084,绿色债券ETF(南方),SH,518890
2021-07-28,0.85,0.857,0.826,0.832,23982290,20054921,绿色电力ETF,SZ,159869
2021-07-29,114.411,114.411,114.295,114.364,1282200,146656536,7-10年国债ETF,SH,511260
2021-07-29,102.786,102.793,102.78,102.792,346300,35596596,信用债ETF,SH,511360
2021-07-29,1.236,1.236,1.213,1.233,2856417,3522661,短融ETF,SZ,159976
2021-07-29,112.0,112.99,112.0,112.99,2100,235299,综合债指数ETF,SH,511280
2021-07-29,3.779,3.787,3.779,3.783,320119,1210523,绿色债券ETF(南方),SH,518890
2021-07-29,0.84,0.849,0.84,0.847,12722665,10747128,绿色电力ETF,SZ,159869
2021-07-30,107.25,107.25,107.25,107.25,300,32175,1-3年国债ETF,SH,511020
2021-07-30,114.364,114.63,114.364,114.564,934400,107060319,7-10年国债ETF,SH,511260
2021-07-30,102.801,102.807,102.795,102.807,829900,85315067,信用债ETF,SH,511360
2021-07-30,1.238,1.238,1.211,1.223,963106,1170695,短融ETF,SZ,159976
2021-07-30,116.798,116.798,116.798,116.798,100,11680,综合债指数ETF,SH,511280
2021-07-30,3.801,3.801,3.785,3.79,251533,953923,绿色债券ETF(南方),SH,518890
2021-07-30,0.847,0.853,0.836,0.85,16296779,13790912,绿色电力ETF,SZ,159869
2021-08-02,107.5,107.92,107.5,107.92,11800,1272264,1-3年国债ETF,SH,511020
2021-08-02,114.631,115.265,114.631,114.851,1200100,137923183,7-10年国债ETF,SH,511260
2021-08-02,102.817,102.819,102.81,102.817,511010,52539224,信用债ETF,SH,511360
2021-08-02,1.238,1.262,1.22,1.258,5670415,7033817,短融ETF,SZ,159976
2021-08-02,111.599,116.6,111.24,116.58,1000,114022,综合债指数ETF,SH,511280
2021-08-02,3.752,3.762,3.749,3.753,568600,2135606,绿色债券ETF(南方),SH,518890
2021-08-02,0.855,0.868,0.842,0.867,23527604,20158841,绿色电力ETF,SZ,159869
2021-08-03,107.92,107.92,107.92,107.92,200,21584,1-3年国债ETF,SH,511020
2021-08-03,114.801,115.2,114.801,115.115,862900,99189375,7-10年国债ETF,SH,511260
2021-08-03,102.843,102.846,102.84,102.846,283020,29106630,信用债ETF,SH,511360
2021-08-03,1.254,1.258,1.24,1.255,3362008,4198592,短融ETF,SZ,159976
2021-08-03,3.755,3.759,3.751,3.751,392238,1473402,绿色债券ETF(南方),SH,518890
2021-08-03,0.855,0.862,0.845,0.846,28773722,24538061,绿色电力ETF,SZ,159869
2021-08-04,107.8,107.8,107.52,107.8,1000,107772,1-3年国债ETF,SH,511020
2021-08-04,115.065,115.24,114.903,114.942,877020,100851021,7-10年国债ETF,SH,511260
2021-08-04,102.858,102.861,102.857,102.86,419500,43149374,信用债ETF,SH,511360
2021-08-04,1.255,1.265,1.248,1.264,842172,1062853,短融ETF,SZ,159976
2021-08-04,3.743,3.764,3.743,3.76,659341,2477244,绿色债券ETF(南方),SH,518890
2021-08-04,0.84,0.847,0.816,0.845,35493159,29893633,绿色电力ETF,SZ,159869
2021-08-05,114.938,115.1,114.938,114.997,1251900,143977098,7-10年国债ETF,SH,511260
2021-08-05,102.868,102.869,102.865,102.868,740100,76132162,信用债ETF,SH,511360
2021-08-05,1.266,1.269,1.252,1.255,1216209,1532425,短融ETF,SZ,159976
2021-08-05,3.76,3.76,3.755,3.758,546563,2054126,绿色债券ETF(南方),SH,518890
2021-08-05,0.845,0.845,0.824,0.826,21177849,17569907,绿色电力ETF,SZ,159869
2021-08-06,107.82,107.82,107.8,107.8,600,64690,1-3年国债ETF,SH,511020
2021-08-06,114.972,115.047,114.951,115.013,752400,86535412,7-10年国债ETF,SH,511260
2021-08-06,102.895,102.901,102.894,102.9,589136,60621386,信用债ETF,SH,511360
2021-08-06,1.25,1.262,1.25,1.262,289215,363573,短融ETF,SZ,159976
2021-08-06,3.753,3.753,3.733,3.738,482031,1801134,绿色债券ETF(南方),SH,518890
2021-08-06,0.826,0.829,0.811,0.818,26299952,21493099,绿色电力ETF,SZ,159869
2021-08-09,107.5,107.5,107.5,107.5,2200,236500,1-3年国债ETF,SH,511020
2021-08-09,115.013,115.013,114.616,114.664,1074000,123197874,7-10年国债ETF,SH,511260
2021-08-09,102.91,102.913,102.904,102.91,1122632,115527396,信用债ETF,SH,511360
2021-08-09,1.264,1.28,1.25,1.275,822426,1045828,短融ETF,SZ,159976
2021-08-09,3.733,3.733,3.614,3.635,1246200,4518148,绿色债券ETF(南方),SH,518890
2021-08-09,0.818,0.833,0.816,0.832,20456809,16915575,绿色电力ETF,SZ,159869
2021-08-10,114.615,114.615,114.45,114.55,926900,106150023,7-10年国债ETF,SH,511260
2021-08-10,102.909,102.912,102.908,102.909,481400,49540762,信用债ETF,SH,511360
2021-08-10,1.275,1.286,1.267,1.286,1100000,1406705,短融ETF,SZ,159976
2021-08-10,3.617,3.619,3.609,3.616,3688922,13332212,绿色债券ETF(南方),SH,518890
2021-08-10,0.832,0.838,0.825,0.838,16047783,13356770,绿色电力ETF,SZ,159869
2021-08-11,107.5,107.5,107.5,107.5,2100,225750,1-3年国债ETF,SH,511020
2021-08-11,114.5,114.5,114.15,114.217,1008200,115211922,7-10年国债ETF,SH,511260
2021-08-11,102.909,102.911,102.907,102.91,358826,36926405,信用债ETF,SH,511360
2021-08-11,1.281,1.293,1.281,1.284,483300,622186,短融ETF,SZ,159976
2021-08-11,3.611,3.617,3.606,3.616,396915,1434908,绿色债券ETF(南方),SH,518890
2021-08-11,0.836,0.847,0.832,0.836,21634039,18157627,绿色电力ETF,SZ,159869
2021-08-12,107.6,107.6,107.6,107.6,100,10760,1-3年国债ETF,SH,511020
2021-08-12,114.17,114.441,114.17,114.389,1356200,155136890,7-10年国债ETF,SH,511260
2021-08-12,102.92,102.924,102.92,102.923,472200,48599485,信用债ETF,SH,511360
2021-08-12,1.284,1.286,1.272,1.274,779703,997127,短融ETF,SZ,159976
2021-08-12,3.621,3.654,3.621,3.654,188663,688088,绿色债券ETF(南方),SH,518890
2021-08-12,0.837,0.848,0.835,0.837,15455629,12976982,绿色电力ETF,SZ,159869
2021-08-13,107.6,107.6,107.6,107.6,100,10760,1-3年国债ETF,SH,511020
2021-08-13,114.288,114.499,114.288,114.485,815300,93314915,7-10年国债ETF,SH,511260
2021-08-13,102.94,102.944,102.939,102.941,454330,46769373,信用债ETF,SH,511360
2021-08-13,1.273,1.276,1.261,1.263,872315,1105863,短融ETF,SZ,159976
2021-08-13,3.679,3.679,3.654,3.659,1274150,4669816,绿色债券ETF(南方),SH,518890
2021-08-13,0.838,0.838,0.823,0.828,13154197,10891502,绿色电力ETF,SZ,159869
2021-08-16,114.497,114.551,114.435,114.479,978900,112061926,7-10年国债ETF,SH,511260
2021-08-16,102.949,102.952,102.945,102.952,597100,61469467,信用债ETF,SH,511360
2021-08-16,1.265,1.268,1.259,1.261,283581,357497,短融ETF,SZ,159976
2021-08-16,3.669,3.708,3.669,3.698,332600,1231547,绿色债券ETF(南方),SH,518890
2021-08-16,0.828,0.835,0.824,0.828,12931571,10737988,绿色电力ETF,SZ,159869
2021-08-17,107.6,107.6,107.302,107.302,300,32220,1-3年国债ETF,SH,511020
2021-08-17,114.479,114.566,114.43,114.53,906000,103765502,7-10年国债ETF,SH,511260
2021-08-17,102.958,102.96,102.957,102.958,256510,26409839,信用债ETF,SH,511360
2021-08-17,1.261,1.262,1.231,1.232,1647804,2041103,短融ETF,SZ,159976
2021-08-17,3.72,3.731,3.715,3.73,417116,1552435,绿色债券ETF(南方),SH,518890
2021-08-17,0.828,0.832,0.811,0.814,17134995,14025616,绿色电力ETF,SZ,159869
2021-08-18,107.55,107.625,107.55,107.625,2200,236618,1-3年国债ETF,SH,511020
2021-08-18,114.54,114.832,114.437,114.784,932200,106853416,7-10年国债ETF,SH,511260
2021-08-18,102.962,102.966,102.962,102.966,429000,44171167,信用债ETF,SH,511360
2021-08-18,1.239,1.257,1.239,1.251,1552206,1936543,短融ETF,SZ,159976
2021-08-18,3.729,3.737,3.723,3.735,306326,1143124,绿色债券ETF(南方),SH,518890
2021-08-18,0.813,0.822,0.805,0.822,12603770,10213321,绿色电力ETF,SZ,159869
2021-08-19,107.798,107.798,107.65,107.65,2200,236860,1-3年国债ETF,SH,511020
2021-08-19,114.79,114.87,114.779,114.833,869610,99844553,7-10年国债ETF,SH,511260
2021-08-19,102.974,102.978,102.973,102.978,789710,81320915,信用债ETF,SH,511360
2021-08-19,1.255,1.257,1.24,1.241,1023900,1276730,短融ETF,SZ,159976
2021-08-19,3.719,3.719,3.706,3.716,375976,1395263,绿色债券ETF(南方),SH,518890
2021-08-19,0.819,0.831,0.818,0.825,13696485,11331077,绿色电力ETF,SZ,159869
2021-08-20,114.834,114.878,114.783,114.805,935500,107414240,7-10年国债ETF,SH,511260
2021-08-20,102.994,102.998,102.994,102.998,736040,75809072,信用债ETF,SH,511360
2021-08-20,1.241,1.241,1.214,1.22,1465500,1786349,短融ETF,SZ,159976
2021-08-20,3.721,3.736,3.721,3.736,278600,1038889,绿色债券ETF(南方),SH,518890
2021-08-20,0.825,0.825,0.8,0.81,9775139,7911017,绿色电力ETF,SZ,159869
2021-08-23,107.848,107.848,107.798,107.798,300,32345,1-3年国债ETF,SH,511020
2021-08-23,114.755,114.848,114.691,114.756,666000,76424110,7-10年国债ETF,SH,511260
2021-08-23,103.004,103.007,103.001,103.006,528030,54388828,信用债ETF,SH,511360
2021-08-23,1.235,1.243,1.235,1.242,2545517,3154878,短融ETF,SZ,159976
2021-08-23,3.736,3.736,3.706,3.726,877276,3266696,绿色债券ETF(南方),SH,518890
2021-08-23,0.805,0.825,0.805,0.823,8018180,6567637,绿色电力ETF,SZ,159869
2021-08-24,114.707,114.95,114.702,114.882,656700,75337508,7-10年国债ETF,SH,511260
2021-08-24,103.01,103.011,103.006,103.011,598500,61650687,信用债ETF,SH,511360
2021-08-24,1.247,1.257,1.244,1.254,1088601,1363457,短融ETF,SZ,159976
2021-08-24,3.754,3.76,3.75,3.752,857319,3218874,绿色债券ETF(南方),SH,518890
2021-08-24,0.818,0.824,0.817,0.82,7794402,6388727,绿色电力ETF,SZ,159869
2021-08-25,107.7,107.7,107.7,107.7,100,10770,1-3年国债ETF,SH,511020
2021-08-25,114.85,115.16,114.809,114.895,784600,90201301,7-10年国债ETF,SH,511260
2021-08-25,103.013,103.015,103.01,103.01,376470,38781180,信用债ETF,SH,511360
2021-08-25,1.258,1.258,1.25,1.254,210718,263944,短融ETF,SZ,159976
2021-08-25,3.747,3.747,3.732,3.732,185064,691377,绿色债券ETF(南方),SH,518890
2021-08-25,0.825,0.844,0.823,0.84,14213611,11904178,绿色电力ETF,SZ,159869
2021-08-26,107.6,107.66,107.55,107.66,2900,312034,1-3年国债ETF,SH,511020
2021-08-26,114.89,114.89,114.4,114.504,895600,102607592,7-10年国债ETF,SH,511260
2021-08-26,103.019,103.023,103.018,103.022,705710,72702600,信用债ETF,SH,511360
2021-08-26,1.228,1.248,1.228,1.23,3398700,4201297,短融ETF,SZ,159976
2021-08-26,3.722,3.726,3.72,3.72,488869,1820158,绿色债券ETF(南方),SH,518890
2021-08-26,0.838,0.838,0.824,0.825,6729711,5571720,绿色电力ETF,SZ,159869
2021-08-27,107.7,107.7,107.7,107.7,500,53850,1-3年国债ETF,SH,511020
2021-08-27,114.643,114.692,114.469,114.606,911400,104493902,7-10年国债ETF,SH,511260
2021-08-27,103.03,103.033,103.03,103.032,361300,37225197,信用债ETF,SH,511360
2021-08-27,1.236,1.25,1.236,1.239,1274738,1583501,短融ETF,SZ,159976
2021-08-27,3.726,3.815,3.726,3.756,2089513,7829766,绿色债券ETF(南方),SH,518890
2021-08-27,0.82,0.825,0.818,0.821,4439330,3641970,绿色电力ETF,SZ,159869
2021-08-30,107.55,107.55,107.55,107.55,2000,215100,1-3年国债ETF,SH,511020
2021-08-30,114.557,114.655,114.556,114.63,653000,74852137,7-10年国债ETF,SH,511260
2021-08-30,103.035,103.035,103.027,103.03,545500,56204262,信用债ETF,SH,511360
2021-08-30,1.232,1.232,1.221,1.224,2061600,2524624,短融ETF,SZ,159976
2021-08-30,3.76,3.779,3.76,3.769,1183376,4466273,绿色债券ETF(南方),SH,518890
2021-08-30,0.815,0.823,0.814,0.82,8164520,6680977,绿色电力ETF,SZ,159869
2021-08-31,114.64,114.739,114.585,114.718,830200,95191558,7-10年国债ETF,SH,511260
2021-08-31,103.038,103.042,103.038,103.042,279700,28820279,信用债ETF,SH,511360
2021-08-31,1.224,1.224,1.201,1.221,1582434,1914155,短融ETF,SZ,159976
2021-08-31,3.764,3.77,3.759,3.763,498598,1878136,绿色债券ETF(南方),SH,518890
2021-08-31,0.805,0.819,0.801,0.811,18911824,15304879,绿色电力ETF,SZ,159869
2021-09-01,107.7,107.7,107.7,107.7,1000,107700,1-3年国债ETF,SH,511020
2021-09-01,114.672,115.049,114.672,115.004,1026610,118070161,7-10年国债ETF,SH,511260
2021-09-01,103.042,103.046,103.042,103.044,536010,55232801,信用债ETF,SH,511360
2021-09-01,1.221,1.234,1.212,1.229,2424757,2978572,短融ETF,SZ,159976
2021-09-01,3.757,3.767,3.757,3.767,1307697,4922517,绿色债券ETF(南方),SH,518890
2021-09-01,0.809,0.865,0.809,0.863,48655992,41250018,绿色电力ETF,SZ,159869
2021-09-02,107.75,108.0,107.75,107.75,410,44208,1-3年国债ETF,SH,511020
2021-09-02,115.008,115.008,114.852,114.95,818000,94021365,7-10年国债ETF,SH,511260
2021-09-02,103.056,103.058,103.053,103.058,575300,59288077,信用债ETF,SH,511360
2021-09-02,1.238,1.24,1.231,1.235,3000032,3713629,短融ETF,SZ,159976
2021-09-02,3.76,3.763,3.757,3.76,614232,2309626,绿色债券ETF(南方),SH,518890
2021-09-02,0.859,0.869,0.851,0.855,21942523,18837600,绿色电力ETF,SZ,159869
2021-09-03,107.75,107.75,107.75,107.75,100,10775,1-3年国债ETF,SH,511020
2021-09-03,114.95,115.04,114.87,115.0,779700,89670771,7-10年国债ETF,SH,511260
2021-09-03,103.073,103.078,103.073,103.078,336400,34674343,信用债ETF,SH,511360
2021-09-03,1.233,1.234,1.225,1.227,3627074,4462401,短融ETF,SZ,159976
2021-09-03,3.755,3.76,3.751,3.756,729532,2739117,绿色债券ETF(南方),SH,518890
2021-09-03,0.855,0.868,0.853,0.863,16000054,13758142,绿色电力ETF,SZ,159869
2021-09-06,107.999,107.999,107.999,107.999,2100,226798,1-3年国债ETF,SH,511020
2021-09-06,115.0,115.108,114.852,114.962,829200,95392195,7-10年国债ETF,SH,511260
2021-09-06,103.084,103.088,103.083,103.088,388800,40079611,信用债ETF,SH,511360
2021-09-06,1.232,1.254,1.232,1.251,4278101,5329463,短融ETF,SZ,159976
2021-09-06,3.761,3.785,3.761,3.779,516489,1954179,绿色债券ETF(南方),SH,518890
2021-09-06,0.865,0.882,0.856,0.877,15674584,13688348,绿色电力ETF,SZ,159869
2021-09-07,114.921,114.989,114.9,114.9,836000,96087697,7-10年国债ETF,SH,511260
2021-09-07,103.089,103.097,103.088,103.097,398500,41083229,信用债ETF,SH,511360
2021-09-07,1.251,1.268,1.247,1.268,5626720,7065613,短融ETF,SZ,159976
2021-09-07,3.781,3.782,3.762,3.765,535206,2018839,绿色债券ETF(南方),SH,518890
2021-09-07,0.876,0.911,0.87,0.909,37843402,33945873,绿色电力ETF,SZ,159869
2021-09-08,114.9,114.9,114.756,114.79,843500,96853094,7-10年国债ETF,SH,511260
2021-09-08,103.1,103.103,103.099,103.103,324206,33425810,信用债ETF,SH,511360
2021-09-08,1.281,1.281,1.254,1.255,3655413,4610485,短融ETF,SZ,159976
2021-09-08,3.76,3.76,3.723,3.725,753631,2810610,绿色债券ETF(南方),SH,518890
2021-09-08,0.909,0.984,0.909,0.98,70650431,67425891,绿色电力ETF,SZ,159869
2021-09-09,114.749,114.832,114.707,114.747,555500,63753331,7-10年国债ETF,SH,511260
2021-09-09,103.105,103.107,103.103,103.106,304200,31364616,信用债ETF,SH,511360
2021-09-09,1.3,1.3,1.237,1.244,2841402,3548501,短融ETF,SZ,159976
2021-09-09,3.72,3.72,3.704,3.706,1066832,3954571,绿色债券ETF(南方),SH,518890
2021-09-09,0.952,0.954,0.925,0.936,59751966,56245564,绿色电力ETF,SZ,159869
2021-09-10,107.9,107.9,107.9,107.9,2100,226590,1-3年国债ETF,SH,511020
2021-09-10,114.697,114.8,114.696,114.743,896600,102903597,7-10年国债ETF,SH,511260
2021-09-10,103.119,103.123,103.119,103.122,407700,42042238,信用债ETF,SH,511360
2021-09-10,1.247,1.25,1.245,1.249,2563615,3199514,短融ETF,SZ,159976
2021-09-10,3.719,3.73,3.718,3.729,721400,2683745,绿色债券ETF(南方),SH,518890
2021-09-10,0.925,0.939,0.917,0.924,27791586,25689200,绿色电力ETF,SZ,159869
2021-09-13,107.8,107.8,107.8,107.8,100,10780,1-3年国债ETF,SH,511020
2021-09-13,114.74,114.793,114.562,114.592,865900,99326659,7-10年国债ETF,SH,511260
2021-09-13,103.124,103.127,103.124,103.127,325800,33598150,信用债ETF,SH,511360
2021-09-13,1.25,1.25,1.236,1.236,2727023,3387028,短融ETF,SZ,159976
2021-09-13,3.724,3.724,3.706,3.708,326132,1209493,绿色债券ETF(南方),SH,518890
2021-09-13,0.916,0.972,0.912,0.959,65277038,62203971,绿色电力ETF,SZ,159869
2021-09-14,107.7,107.7,107.6,107.6,500,53810,1-3年国债ETF,SH,511020
2021-09-14,114.551,114.587,114.474,114.477,1092210,125045922,7-10年国债ETF,SH,511260
2021-09-14,103.129,103.132,103.128,103.132,408300,42108264,信用债ETF,SH,511360
2021-09-14,1.236,1.243,1.234,1.234,2503804,3104911,短融ETF,SZ,159976
2021-09-14,3.713,3.716,3.712,3.714,261411,970766,绿色债券ETF(南方),SH,518890
2021-09-14,0.947,0.962,0.93,0.935,24691634,23355613,绿色电力ETF,SZ,159869
2021-09-15,107.555,107.555,107.555,107.555,100,10756,1-3年国债ETF,SH,511020
2021-09-15,114.476,114.61,114.302,114.352,901100,103238499,7-10年国债ETF,SH,511260
2021-09-15,103.131,103.131,103.127,103.129,208900,21543499,信用债ETF,SH,511360
2021-09-15,1.22,1.22,1.212,1.212,2709006,3289649,短融ETF,SZ,159976
2021-09-15,3.721,3.735,3.721,3.73,557732,2082970,绿色债券ETF(南方),SH,518890
2021-09-15,0.926,0.948,0.925,0.94,16722441,15720177,绿色电力ETF,SZ,159869
2021-09-16,107.35,107.35,107.35,107.35,200,21470,1-3年国债ETF,SH,511020
2021-09-16,114.362,114.505,114.22,114.486,964900,110265082,7-10年国债ETF,SH,511260
2021-09-16,103.135,103.135,103.13,103.13,488653,50395719,信用债ETF,SH,511360
2021-09-16,1.215,1.215,1.189,1.19,2309200,2770274,短融ETF,SZ,159976
2021-09-16,3.72,3.72,3.691,3.692,377339,1399254,绿色债券ETF(南方),SH,518890
2021-09-16,0.94,0.956,0.93,0.935,21629412,20406114,绿色电力ETF,SZ,159869
2021-09-17,107.6,107.6,107.6,107.6,200,21520,1-3年国债ETF,SH,511020
2021-09-17,114.415,114.75,114.415,114.639,780700,89514803,7-10年国债ETF,SH,511260
2021-09-17,103.147,103.149,103.144,103.147,500553,51630666,信用债ETF,SH,511360
2021-09-17,1.19,1.197,1.188,1.196,2056806,2453279,短融ETF,SZ,159976
2021-09-17,3.677,3.677,3.645,3.66,415800,1516125,绿色债券ETF(南方),SH,518890
2021-09-17,0.935,0.938,0.907,0.923,25100733,23126498,绿色电力ETF,SZ,159869
2021-09-22,114.631,114.745,114.589,114.736,509700,58460364,7-10年国债ETF,SH,511260
2021-09-22,103.15,103.153,103.149,103.151,659800,68059009,信用债ETF,SH,511360
2021-09-22,1.195,1.195,1.172,1.184,1893602,2238053,短融ETF,SZ,159976
2021-09-22,3.7,3.706,3.699,3.704,844700,3128751,绿色债券ETF(南方),SH,518890
2021-09-22,0.911,0.918,0.899,0.906,14755754,13372960,绿色电力ETF,SZ,159869
2021-09-23,114.736,114.796,114.703,114.738,664400,76231284,7-10年国债ETF,SH,511260
2021-09-23,103.165,103.169,103.164,103.166,885100,91312007,信用债ETF,SH,511360
2021-09-23,1.188,1.201,1.188,1.199,4580098,5484903,短融ETF,SZ,159976
2021-09-23,3.682,3.682,3.666,3.671,571400,2097436,绿色债券ETF(南方),SH,518890
2021-09-23,0.907,0.93,0.907,0.925,15713762,14523512,绿色电力ETF,SZ,159869
2021-09-24,114.748,114.785,114.708,114.713,545900,62637268,7-10年国债ETF,SH,511260
2021-09-24,103.18,103.183,103.177,103.18,1634100,168606006,信用债ETF,SH,511360
2021-09-24,1.199,1.208,1.196,1.197,1757018,2114598,短融ETF,SZ,159976
2021-09-24,3.652,3.653,3.64,3.651,525034,1914147,绿色债券ETF(南方),SH,518890
2021-09-24,0.925,0.94,0.919,0.919,12014782,11178969,绿色电力ETF,SZ,159869
2021-09-27,107.9,107.9,107.85,107.85,2200,237280,1-3年国债ETF,SH,511020
2021-09-27,114.709,114.845,114.663,114.781,857700,98456995,7-10年国债ETF,SH,511260
2021-09-27,103.18,103.183,103.176,103.178,1051200,108462673,信用债ETF,SH,511360
2021-09-27,1.173,1.226,1.173,1.194,3122804,3743198,短融ETF,SZ,159976
2021-09-27,3.658,3.662,3.658,3.659,927200,3394489,绿色债券ETF(南方),SH,518890
2021-09-27,0.921,0.928,0.891,0.901,20105411,18269898,绿色电力ETF,SZ,159869
2021-09-28,114.731,114.816,114.68,114.714,524200,60163594,7-10年国债ETF,SH,511260
2021-09-28,103.177,103.183,103.173,103.181,2749206,283658751,信用债ETF,SH,511360
2021-09-28,1.216,1.216,1.191,1.204,3125453,3755372,短融ETF,SZ,159976
2021-09-28,3.652,3.653,3.629,3.629,851925,3100902,绿色债券ETF(南方),SH,518890
2021-09-28,0.901,0.903,0.885,0.887,13735923,12245521,绿色电力ETF,SZ,159869
2021-09-29,107.5,107.5,107.5,107.5,100,10750,1-3年国债ETF,SH,511020
2021-09-29,114.714,114.999,114.664,114.928,516000,59203237,7-10年国债ETF,SH,511260
2021-09-29,103.77,103.77,103.172,103.178,2087159,215522382,信用债ETF,SH,511360
2021-09-29,1.189,1.198,1.187,1.197,691903,822905,短融ETF,SZ,159976
2021-09-29,3.624,3.632,3.621,3.624,468706,1698981,绿色债券ETF(南方),SH,518890
2021-09-29,0.886,0.887,0.865,0.867,10815045,9473766,绿色电力ETF,SZ,159869
2021-09-30,107.9,108.0,107.9,108.0,700,75560,1-3年国债ETF,SH,511020
2021-09-30,114.766,115.0,114.766,114.93,919900,105739573,7-10年国债ETF,SH,511260
2021-09-30,103.23,103.24,103.228,103.24,1392860,143792194,信用债ETF,SH,511360
2021-09-30,1.202,1.214,1.199,1.214,3130153,3780709,短融ETF,SZ,159976
2021-09-30,3.619,3.62,3.61,3.61,753900,2725531,绿色债券ETF(南方),SH,518890
2021-09-30,0.872,0.891,0.87,0.891,5666510,5017347,绿色电力ETF,SZ,159869
2021-10-08,107.8,107.8,107.8,107.8,4200,452760,1-3年国债ETF,SH,511020
2021-10-08,114.923,114.923,114.7,114.702,566600,65022344,7-10年国债ETF,SH,511260
2021-10-08,103.26,103.273,99.767,103.257,2757460,284712570,信用债ETF,SH,511360
2021-10-08,1.214,1.224,1.214,1.22,590602,721488,短融ETF,SZ,159976
2021-10-08,3.652,3.66,3.652,3.66,342800,1253116,绿色债券ETF(南方),SH,518890
2021-10-08,0.895,0.907,0.895,0.906,9224848,8329974,绿色电力ETF,SZ,159869
2021-10-11,107.8,107.8,107.8,107.8,100,10780,1-3年国债ETF,SH,511020
2021-10-11,114.699,114.752,114.619,114.62,992900,113849579,7-10年国债ETF,SH,511260
2021-10-11,103.29,103.291,103.277,103.278,1785200,184374558,信用债ETF,SH,511360
2021-10-11,1.233,1.238,1.227,1.228,543600,670643,短融ETF,SZ,159976
2021-10-11,3.659,3.659,3.644,3.646,133331,486117,绿色债券ETF(南方),SH,518890
2021-10-11,0.907,0.94,0.9,0.931,19263716,17735528,绿色电力ETF,SZ,159869
2021-10-12,107.53,107.53,107.53,107.53,2200,236566,1-3年国债ETF,SH,511020
2021-10-12,114.66,114.66,114.285,114.395,822800,94212746,7-10年国债ETF,SH,511260
2021-10-12,103.29,103.293,103.286,103.29,1476400,152496413,信用债ETF,SH,511360
2021-10-12,1.221,1.228,1.211,1.215,588208,719792,短融ETF,SZ,159976
2021-10-12,3.654,3.663,3.654,3.661,184600,674682,绿色债券ETF(南方),SH,518890
2021-10-12,0.931,0.931,0.902,0.907,9495147,8676511,绿色电力ETF,SZ,159869
2021-10-13,114.37,114.55,114.37,114.37,908900,103984314,7-10年国债ETF,SH,511260
2021-10-13,103.292,103.294,103.287,103.292,1484300,153315102,信用债ETF,SH,511360
2021-10-13,1.21,1.223,1.21,1.223,194800,237415,短融ETF,SZ,159976
2021-10-13,3.661,3.661,3.657,3.659,527213,1929113,绿色债券ETF(南方),SH,518890
2021-10-13,0.907,0.917,0.905,0.914,6013168,5482985,绿色电力ETF,SZ,159869
2021-10-14,107.45,107.45,107.45,107.45,200,21490,1-3年国债ETF,SH,511020
2021-10-14,114.347,114.588,114.345,114.432,1026400,117514907,7-10年国债ETF,SH,511260
2021-10-14,103.295,103.299,103.293,103.299,1810300,186997880,信用债ETF,SH,511360
2021-10-14,1.22,1.221,1.214,1.214,300006,365067,短融ETF,SZ,159976
2021-10-14,3.707,3.709,3.704,3.707,412734,1529532,绿色债券ETF(南方),SH,518890
2021-10-14,0.913,0.915,0.904,0.905,5297958,4807066,绿色电力ETF,SZ,159869
2021-10-15,114.468,114.468,114.355,114.417,921300,105389932,7-10年国债ETF,SH,511260
2021-10-15,103.312,103.317,103.308,103.316,1643801,169823264,信用债ETF,SH,511360
2021-10-15,1.218,1.227,1.216,1.225,990900,1212793,短融ETF,SZ,159976
2021-10-15,3.714,3.715,3.698,3.698,1656116,6138279,绿色债券ETF(南方),SH,518890
2021-10-15,0.912,0.915,0.901,0.904,10542706,9583884,绿色电力ETF,SZ,159869
2021-10-18,114.417,114.417,114.0,114.009,884500,100883301,7-10年国债ETF,SH,511260
2021-10-18,103.328,103.331,103.322,103.329,1701904,175849365,信用债ETF,SH,511360
2021-10-18,1.225,1.225,1.204,1.209,528900,638740,短融ETF,SZ,159976
2021-10-18,3.671,3.671,3.647,3.652,637800,2333704,绿色债券ETF(南方),SH,518890
2021-10-18,0.904,0.904,0.883,0.891,5092267,4529325,绿色电力ETF,SZ,159869
2021-10-19,107.15,107.15,107.15,107.15,2000,214300,1-3年国债ETF,SH,511020
2021-10-19,114.059,114.059,113.8,113.941,1051900,119833870,7-10年国债ETF,SH,511260
2021-10-19,103.33,103.331,103.324,103.325,2374104,245310100,信用债ETF,SH,511360
2021-10-19,1.222,1.226,1.222,1.225,1459005,1786303,短融ETF,SZ,159976
2021-10-19,3.652,3.664,3.651,3.664,412341,1507522,绿色债券ETF(南方),SH,518890
2021-10-19,0.888,0.914,0.887,0.91,9111168,8270932,绿色电力ETF,SZ,159869
2021-10-20,107.125,107.125,107.125,107.125,5000,535625,1-3年国债ETF,SH,511020
2021-10-20,113.991,114.1,113.905,114.044,999700,114002369,7-10年国债ETF,SH,511260
2021-10-20,103.328,103.331,103.324,103.325,1558200,161006283,信用债ETF,SH,511360
2021-10-20,1.23,1.23,1.218,1.225,1359000,1663670,短融ETF,SZ,159976
2021-10-20,3.645,3.647,3.639,3.647,243003,884672,绿色债券ETF(南方),SH,518890
2021-10-20,0.909,0.914,0.897,0.909,8964861,8107709,绿色电力ETF,SZ,159869
2021-10-21,107.24,107.4,107.24,107.4,600,64424,1-3年国债ETF,SH,511020
2021-10-21,113.995,114.249,113.995,114.173,915100,104489294,7-10年国债ETF,SH,511260
2021-10-21,103.335,103.337,103.333,103.335,461600,47699295,信用债ETF,SH,511360
2021-10-21,1.191,1.234,1.173,1.224,4843500,5931921,短融ETF,SZ,159976
2021-10-21,3.661,3.673,3.661,3.672,640941,2352657,绿色债券ETF(南方),SH,518890
2021-10-21,0.907,0.91,0.896,0.9,5389729,4857984,绿色电力ETF,SZ,159869
2021-10-22,107.4,107.4,107.4,107.4,2100,225540,1-3年国债ETF,SH,511020
2021-10-22,114.1,114.35,114.1,114.223,673500,76956649,7-10年国债ETF,SH,511260
2021-10-22,103.356,103.36,103.353,103.355,1182100,122176837,信用债ETF,SH,511360
2021-10-22,1.224,1.247,1.224,1.247,5084357,6311918,短融ETF,SZ,159976
2021-10-22,3.669,3.686,3.667,3.686,503213,1849667,绿色债券ETF(南方),SH,518890
2021-10-22,0.9,0.92,0.9,0.916,13782914,12585501,绿色电力ETF,SZ,159869
2021-10-25,107.45,107.65,107.45,107.65,4200,451710,1-3年国债ETF,SH,511020
2021-10-25,114.15,114.32,114.105,114.211,570900,65227206,7-10年国债ETF,SH,511260
2021-10-25,103.357,103.366,103.357,103.365,1072810,110888619,信用债ETF,SH,511360
2021-10-25,1.242,1.248,1.235,1.248,807854,1003166,短融ETF,SZ,159976
2021-10-25,3.676,3.684,3.673,3.673,1374803,5057800,绿色债券ETF(南方),SH,518890
2021-10-25,0.911,0.916,0.896,0.908,8685126,7871723,绿色电力ETF,SZ,159869
2021-10-26,114.211,114.318,114.211,114.316,955900,109258254,7-10年国债ETF,SH,511260
2021-10-26,103.374,103.379,103.374,103.378,1222800,126409316,信用债ETF,SH,511360
2021-10-26,1.248,1.252,1.243,1.245,2150702,2684686,短融ETF,SZ,159976
2021-10-26,3.688,3.693,3.688,3.692,737409,2721506,绿色债券ETF(南方),SH,518890
2021-10-26,0.909,0.915,0.901,0.907,4555525,4134458,绿色电力ETF,SZ,159869
2021-10-27,114.262,114.43,114.262,114.371,683500,78178003,7-10年国债ETF,SH,511260
2021-10-27,103.388,103.392,103.386,103.391,1051400,108703793,信用债ETF,SH,511360
2021-10-27,1.234,1.234,1.226,1.228,1135300,1395990,短融ETF,SZ,159976
2021-10-27,3.668,3.668,3.65,3.66,229800,839541,绿色债券ETF(南方),SH,518890
2021-10-27,0.907,0.907,0.892,0.904,6566979,5897036,绿色电力ETF,SZ,159869
2021-10-28,114.321,114.417,114.321,114.393,1575700,180259132,7-10年国债ETF,SH,511260
2021-10-28,103.398,103.402,103.398,103.4,1331400,137665950,信用债ETF,SH,511360
2021-10-28,1.226,1.229,1.223,1.226,1917000,2351952,短融ETF,SZ,159976
2021-10-28,3.676,3.699,3.676,3.699,713015,2633042,绿色债券ETF(南方),SH,518890
2021-10-28,0.903,0.906,0.888,0.895,5021662,4496761,绿色电力ETF,SZ,159869
2021-10-29,114.4,114.569,114.4,114.523,755400,86513367,7-10年国债ETF,SH,511260
2021-10-29,103.416,103.422,103.414,103.421,1044500,108020183,信用债ETF,SH,511360
2021-10-29,1.222,1.226,1.218,1.224,517013,632096,短融ETF,SZ,159976
2021-10-29,3.693,3.693,3.676,3.676,598506,2203515,绿色债券ETF(南方),SH,518890
2021-10-29,0.898,0.943,0.895,0.935,28850289,26788803,绿色电力ETF,SZ,159869
2021-11-01,107.56,107.56,107.56,107.56,100,10756,1-3年国债ETF,SH,511020
2021-11-01,114.529,114.685,114.529,114.672,838000,96060742,7-10年国债ETF,SH,511260
2021-11-01,103.427,103.431,103.425,103.428,1210900,125239768,信用债ETF,SH,511360
2021-11-01,1.215,1.226,1.215,1.224,616300,753346,短融ETF,SZ,159976
2021-11-01,3.665,3.668,3.659,3.662,284700,1043397,绿色债券ETF(南方),SH,518890
2021-11-01,0.936,0.977,0.936,0.959,37656900,36246211,绿色电力ETF,SZ,159869
2021-11-02,107.73,107.73,107.68,107.68,3000,323185,1-3年国债ETF,SH,511020
2021-11-02,114.67,114.94,114.623,114.914,1177600,135157936,7-10年国债ETF,SH,511260
2021-11-02,103.438,103.44,103.436,103.439,1375600,142289683,信用债ETF,SH,511360
2021-11-02,1.238,1.238,1.211,1.218,648900,794491,短融ETF,SZ,159976
2021-11-02,3.672,3.686,3.672,3.685,1559300,5738356,绿色债券ETF(南方),SH,518890
2021-11-02,0.958,0.965,0.933,0.941,20802274,19783806,绿色电力ETF,SZ,159869
2021-11-03,107.87,107.87,107.87,107.87,200,21574,1-3年国债ETF,SH,511020
2021-11-03,114.915,115.26,114.865,115.105,962100,110734442,7-10年国债ETF,SH,511260
2021-11-03,103.45,103.455,103.448,103.455,1530900,158373201,信用债ETF,SH,511360
2021-11-03,1.218,1.22,1.206,1.214,128304,155318,短融ETF,SZ,159976
2021-11-03,3.675,3.675,3.651,3.654,968953,3541799,绿色债券ETF(南方),SH,518890
2021-11-03,0.942,0.979,0.941,0.959,24854790,24006172,绿色电力ETF,SZ,159869
2021-11-04,107.87,107.87,107.77,107.77,600,64712,1-3年国债ETF,SH,511020
2021-11-04,115.105,115.105,114.9,115.035,657400,75615887,7-10年国债ETF,SH,511260
2021-11-04,103.46,103.466,103.458,103.466,1581100,163583462,信用债ETF,SH,511360
2021-11-04,1.222,1.227,1.222,1.227,603700,740013,短融ETF,SZ,159976
2021-11-04,3.649,3.649,3.635,3.638,1971072,7181679,绿色债券ETF(南方),SH,518890
2021-11-04,0.967,0.978,0.959,0.978,26923441,26086476,绿色电力ETF,SZ,159869
2021-11-05,108.0,108.45,108.0,108.45,6700,725805,1-3年国债ETF,SH,511020
2021-11-05,115.04,115.25,115.04,115.109,763100,87853093,7-10年国债ETF,SH,511260
2021-11-05,103.487,103.491,103.483,103.486,2081400,215396496,信用债ETF,SH,511360
2021-11-05,1.221,1.227,1.22,1.221,870500,1064699,短融ETF,SZ,159976
2021-11-05,3.677,3.691,3.629,3.691,618363,2273961,绿色债券ETF(南方),SH,518890
2021-11-05,0.977,1.026,0.967,1.004,60434642,61046121,绿色电力ETF,SZ,159869
2021-11-08,108.35,108.35,108.35,108.35,110,11919,1-3年国债ETF,SH,511020
2021-11-08,115.116,115.22,115.07,115.191,726300,83661265,7-10年国债ETF,SH,511260
2021-11-08,103.501,103.503,103.498,103.498,1636000,169325350,信用债ETF,SH,511360
2021-11-08,1.221,1.221,1.21,1.216,410606,499417,短融ETF,SZ,159976
2021-11-08,3.739,3.741,3.728,3.729,1986669,7419843,绿色债券ETF(南方),SH,518890
2021-11-08,1.008,1.03,0.996,1.017,41195397,41854284,绿色电力ETF,SZ,159869
2021-11-09,103.0,103.49,103.0,103.4,13200,1360604,1-3年国债ETF,SH,511020
2021-11-09,115.15,115.153,114.973,115.114,645400,74306819,7-10年国债ETF,SH,511260
2021-11-09,103.513,103.515,103.51,103.512,1782900,184552172,信用债ETF,SH,511360
2021-11-09,1.222,1.222,1.214,1.219,909000,1106370,短融ETF,SZ,159976
2021-11-09,3.738,3.745,3.735,3.742,266258,996375,绿色债券ETF(南方),SH,518890
2021-11-09,1.018,1.03,1.005,1.013,38053826,38804236,绿色电力ETF,SZ,159869
2021-11-10,103.6,103.6,103.5,103.5,3000,310570,1-3年国债ETF,SH,511020
2021-11-10,115.115,115.242,114.925,114.997,822000,94699102,7-10年国债ETF,SH,511260
2021-11-10,103.514,103.535,103.514,103.525,2037000,210874367,信用债ETF,SH,511360
2021-11-10,1.213,1.215,1.202,1.215,1288932,1558626,短融ETF,SZ,159976
2021-11-10,3.749,3.75,3.741,3.741,510303,1911942,绿色债券ETF(南方),SH,518890
2021-11-10,1.014,1.044,1.014,1.023,45587313,46971407,绿色电力ETF,SZ,159869
2021-11-11,103.39,103.5,103.39,103.39,4800,496514,1-3年国债ETF,SH,511020
2021-11-11,114.99,115.088,114.579,114.794,950200,109222031,7-10年国债ETF,SH,511260
2021-11-11,103.528,103.53,103.525,103.526,1586900,164286829,信用债ETF,SH,511360
2021-11-11,1.223,1.236,1.222,1.235,4014726,4934761,短融ETF,SZ,159976
2021-11-11,3.784,3.804,3.781,3.797,1469352,5579927,绿色债券ETF(南方),SH,518890
2021-11-11,1.011,1.065,1.003,1.053,77079409,80111707,绿色电力ETF,SZ,159869
2021-11-12,103.35,103.49,103.35,103.49,1000,103392,1-3年国债ETF,SH,511020
2021-11-12,114.794,114.897,114.745,114.869,1022320,117407120,7-10年国债ETF,SH,511260
2021-11-12,103.552,103.553,103.548,103.553,1244900,128909614,信用债ETF,SH,511360
2021-11-12,1.235,1.238,1.228,1.233,731400,902990,短融ETF,SZ,159976
2021-11-12,3.803,3.805,3.795,3.796,393698,1496655,绿色债券ETF(南方),SH,518890
2021-11-12,1.046,1.06,1.039,1.052,61249532,64212624,绿色电力ETF,SZ,159869
2021-11-15,103.485,103.58,103.485,103.58,110,11393,1-3年国债ETF,SH,511020
2021-11-15,114.844,115.185,114.748,115.053,543900,62613756,7-10年国债ETF,SH,511260
2021-11-15,103.556,103.566,103.548,103.564,1469100,152144207,信用债ETF,SH,511360
2021-11-15,1.238,1.238,1.232,1.233,446300,550592,短融ETF,SZ,159976
2021-11-15,3.802,3.802,3.784,3.784,835269,3163915,绿色债券ETF(南方),SH,518890
2021-11-15,1.049,1.083,1.041,1.073,55253879,58772602,绿色电力ETF,SZ,159869
2021-11-16,103.79,103.79,103.79,103.79,400,41516,1-3年国债ETF,SH,511020
2021-11-16,114.95,115.233,114.95,115.191,589650,67939757,7-10年国债ETF,SH,511260
2021-11-16,103.57,103.575,103.57,103.575,2094000,216880057,信用债ETF,SH,511360
2021-11-16,1.239,1.243,1.235,1.235,944604,1170779,短融ETF,SZ,159976
2021-11-16,3.804,3.816,3.785,3.802,807200,3065435,绿色债券ETF(南方),SH,518890
2021-11-16,1.068,1.098,1.063,1.08,36549602,39409889,绿色电力ETF,SZ,159869
2021-11-17,103.85,103.85,103.66,103.66,400,41521,1-3年国债ETF,SH,511020
2021-11-17,115.191,115.208,115.001,115.066,713400,82143087,7-10年国债ETF,SH,511260
2021-11-17,103.577,103.58,103.577,103.58,1861800,192842689,信用债ETF,SH,511360
2021-11-17,1.239,1.24,1.234,1.236,189412,234080,短融ETF,SZ,159976
2021-11-17,3.797,3.797,3.765,3.789,1270500,4805964,绿色债券ETF(南方),SH,518890
2021-11-17,1.072,1.093,1.05,1.081,53309050,57827629,绿色电力ETF,SZ,159869
2021-11-18,115.141,115.395,115.141,115.29,837900,96587685,7-10年国债ETF,SH,511260
2021-11-18,103.582,103.586,103.581,103.585,3449400,357302740,信用债ETF,SH,511360
2021-11-18,1.226,1.23,1.226,1.228,1572043,1929368,短融ETF,SZ,159976
2021-11-18,3.809,3.856,3.803,3.804,575138,2190744,绿色债券ETF(南方),SH,518890
2021-11-18,1.079,1.081,1.033,1.037,52753847,55476165,绿色电力ETF,SZ,159869
2021-11-19,103.306,103.77,103.306,103.77,500,51792,1-3年国债ETF,SH,511020
2021-11-19,115.257,115.435,115.108,115.144,811300,93613325,7-10年国债ETF,SH,511260
2021-11-19,103.592,103.606,103.592,103.602,2078700,215360308,信用债ETF,SH,511360
2021-11-19,1.232,1.238,1.225,1.236,601801,740259,短融ETF,SZ,159976
2021-11-19,3.8,3.805,3.799,3.8,962800,3659371,绿色债券ETF(南方),SH,518890
2021-11-19,1.03,1.055,1.025,1.041,37013924,38683362,绿色电力ETF,SZ,159869
2021-11-22,103.78,103.78,103.78,103.78,100,10378,1-3年国债ETF,SH,511020
2021-11-22,115.144,115.298,115.14,115.217,728800,83977765,7-10年国债ETF,SH,511260
2021-11-22,103.612,103.614,103.611,103.613,3330410,345073612,信用债ETF,SH,511360
2021-11-22,1.239,1.239,1.236,1.238,700600,866353,短融ETF,SZ,159976
2021-11-22,3.786,3.786,3.759,3.759,2173958,8199934,绿色债券ETF(南方),SH,518890
2021-11-22,1.039,1.057,1.031,1.044,39288796,41022762,绿色电力ETF,SZ,159869
2021-11-23,103.77,103.77,103.77,103.77,100,10377,1-3年国债ETF,SH,511020
2021-11-23,115.249,115.249,115.047,115.224,693950,79945494,7-10年国债ETF,SH,511260
2021-11-23,103.619,103.62,103.613,103.614,4202000,435394967,信用债ETF,SH,511360
2021-11-23,1.238,1.238,1.23,1.233,999601,1230095,短融ETF,SZ,159976
2021-11-23,3.716,3.716,3.693,3.693,1200000,4441375,绿色债券ETF(南方),SH,518890
2021-11-23,1.033,1.042,1.015,1.037,47462669,48815646,绿色电力ETF,SZ,159869
2021-11-24,115.219,115.395,115.219,115.253,735800,84830506,7-10年国债ETF,SH,511260
2021-11-24,103.614,103.63,103.614,103.628,3356900,347861872,信用债ETF,SH,511360
2021-11-24,1.231,1.233,1.229,1.232,595700,732643,短融ETF,SZ,159976
2021-11-24,3.679,3.679,3.666,3.674,2419781,8886309,绿色债券ETF(南方),SH,518890
2021-11-24,1.028,1.055,1.028,1.045,30357505,31627720,绿色电力ETF,SZ,159869
2021-11-25,115.258,115.336,115.258,115.33,697400,80429078,7-10年国债ETF,SH,511260
2021-11-25,103.628,103.637,103.628,103.635,4648300,481719054,信用债ETF,SH,511360
2021-11-25,1.229,1.232,1.229,1.231,125500,154249,短融ETF,SZ,159976
2021-11-25,3.675,3.683,3.672,3.676,1356063,4983590,绿色债券ETF(南方),SH,518890
2021-11-25,1.04,1.048,1.017,1.017,27421884,28260375,绿色电力ETF,SZ,159869
2021-11-26,115.335,115.632,115.335,115.609,836800,96722385,7-10年国债ETF,SH,511260
2021-11-26,103.648,103.662,103.648,103.658,3379700,350322701,信用债ETF,SH,511360
2021-11-26,1.219,1.223,1.216,1.216,794100,968068,短融ETF,SZ,159976
2021-11-26,3.715,3.715,3.676,3.692,1001400,3687142,绿色债券ETF(南方),SH,518890
2021-11-26,1.011,1.019,1.001,1.005,18079762,18198771,绿色电力ETF,SZ,159869
2021-11-29,115.605,115.605,115.535,115.553,713000,82387892,7-10年国债ETF,SH,511260
2021-11-29,103.666,103.673,103.655,103.658,4433900,459643796,信用债ETF,SH,511360
2021-11-29,1.216,1.22,1.208,1.212,445346,540841,短融ETF,SZ,159976
2021-11-29,3.686,3.686,3.676,3.68,581000,2137376,绿色债券ETF(南方),SH,518890
2021-11-29,0.998,1.003,0.986,0.991,26694186,26517955,绿色电力ETF,SZ,159869
2021-11-30,103.966,103.99,103.966,103.99,500,51990,1-3年国债ETF,SH,511020
2021-11-30,115.553,115.553,115.327,115.418,916800,105805937,7-10年国债ETF,SH,511260
2021-11-30,103.663,103.668,103.661,103.662,4156400,430870018,信用债ETF,SH,511360
2021-11-30,1.21,1.21,1.2,1.203,1046100,1257970,短融ETF,SZ,159976
2021-11-30,3.66,3.67,3.657,3.669,1743613,6386608,绿色债券ETF(南方),SH,518890
2021-11-30,0.995,1.002,0.983,0.995,51377451,51059617,绿色电力ETF,SZ,159869
2021-12-01,103.8,103.8,103.8,103.8,700,72660,1-3年国债ETF,SH,511020
2021-12-01,115.42,115.421,115.311,115.32,694800,80176372,7-10年国债ETF,SH,511260
2021-12-01,103.677,103.684,103.677,103.684,6872500,712542710,信用债ETF,SH,511360
2021-12-01,1.213,1.213,1.209,1.21,411218,497780,短融ETF,SZ,159976
2021-12-01,3.642,3.66,3.628,3.657,2014600,7339892,绿色债券ETF(南方),SH,518890
2021-12-01,0.993,1.012,0.99,1.009,41082328,41129547,绿色电力ETF,SZ,159869
2021-12-02,103.6,104.0,103.6,103.933,600,62360,1-3年国债ETF,SH,511020
2021-12-02,115.32,115.48,115.312,115.44,694000,80061563,7-10年国债ETF,SH,511260
2021-12-02,103.685,103.696,103.685,103.695,6486500,672590116,信用债ETF,SH,511360
2021-12-02,1.206,1.211,1.203,1.208,586213,708375,短融ETF,SZ,159976
2021-12-02,3.651,3.651,3.633,3.643,1774595,6458939,绿色债券ETF(南方),SH,518890
2021-12-02,1.002,1.005,0.984,0.986,31635702,31480636,绿色电力ETF,SZ,159869
2021-12-03,115.405,115.49,115.35,115.394,792500,91443793,7-10年国债ETF,SH,511260
2021-12-03,103.713,103.716,103.71,103.715,6466700,670679289,信用债ETF,SH,511360
2021-12-03,1.203,1.213,1.203,1.213,375809,455198,短融ETF,SZ,159976
2021-12-03,3.633,3.639,3.625,3.635,600838,2180852,绿色债券ETF(南方),SH,518890
2021-12-03,0.983,0.996,0.983,0.992,25269522,25012118,绿色电力ETF,SZ,159869
2021-12-06,115.41,115.661,115.41,115.545,1014800,117347509,7-10年国债ETF,SH,511260
2021-12-06,103.721,103.729,103.719,103.729,6135710,636417530,信用债ETF,SH,511360
2021-12-06,1.212,1.221,1.207,1.207,463611,563706,短融ETF,SZ,159976
2021-12-06,3.651,3.7,3.646,3.657,1407403,5144803,绿色债券ETF(南方),SH,518890
2021-12-06,0.985,0.995,0.98,0.982,33527911,33066260,绿色电力ETF,SZ,159869
2021-12-07,115.56,115.611,115.431,115.432,916000,105859336,7-10年国债ETF,SH,511260
2021-12-07,103.732,103.753,103.732,103.751,10780500,1118479699,信用债ETF,SH,511360
2021-12-07,1.218,1.218,1.208,1.217,486834,591274,短融ETF,SZ,159976
2021-12-07,3.657,3.657,3.646,3.65,699963,2554494,绿色债券ETF(南方),SH,518890
2021-12-07,0.982,0.988,0.973,0.982,38090137,37380754,绿色电力ETF,SZ,159869
2021-12-08,103.89,103.89,103.89,103.89,200,20778,1-3年国债ETF,SH,511020
2021-12-08,115.405,115.482,115.405,115.457,923600,106641926,7-10年国债ETF,SH,511260
2021-12-08,103.753,103.765,103.753,103.758,21320000,2212151698,信用债ETF,SH,511360
2021-12-08,1.216,1.229,1.215,1.229,1776688,2179757,短融ETF,SZ,159976
2021-12-08,3.656,3.661,3.655,3.655,1154700,4223676,绿色债券ETF(南方),SH,518890
2021-12-08,0.982,1.013,0.976,1.008,68701551,68631866,绿色电力ETF,SZ,159869
2021-12-09,103.9,104.0,103.85,103.937,32200,3346701,1-3年国债ETF,SH,511020
2021-12-09,115.45,115.45,115.3,115.316,863000,99545934,7-10年国债ETF,SH,511260
2021-12-09,103.766,103.768,103.759,103.762,12093000,1254823137,信用债ETF,SH,511360
2021-12-09,1.231,1.253,1.231,1.248,4843653,6019868,短融ETF,SZ,159976
2021-12-09,3.648,3.648,3.639,3.639,557169,2030630,绿色债券ETF(南方),SH,518890
2021-12-09,1.005,1.02,1.003,1.014,29841294,30162400,绿色电力ETF,SZ,159869
2021-12-10,115.305,115.5,115.305,115.486,926700,106974669,7-10年国债ETF,SH,511260
2021-12-10,103.773,103.774,103.768,103.774,19180137,1990318703,信用债ETF,SH,511360
2021-12-10,1.248,1.248,1.238,1.243,1151323,1431643,短融ETF,SZ,159976
2021-12-10,3.643,3.643,3.625,3.63,310050,1126989,绿色债券ETF(南方),SH,518890
2021-12-10,1.01,1.032,1.004,1.03,39067851,39951168,绿色电力ETF,SZ,159869
2021-12-13,104.0,104.0,104.0,104.0,300,31200,1-3年国债ETF,SH,511020
2021-12-13,115.495,115.536,115.309,115.32,853900,98493189,7-10年国债ETF,SH,511260
2021-12-13,103.777,103.793,103.777,103.792,19603926,2034660166,信用债ETF,SH,511360
2021-12-13,1.25,1.258,1.243,1.243,685472,854090,短融ETF,SZ,159976
2021-12-13,3.65,3.661,3.65,3.652,211895,774898,绿色债券ETF(南方),SH,518890
2021-12-13,1.034,1.073,1.034,1.072,45030467,47743628,绿色电力ETF,SZ,159869
2021-12-14,104.02,104.2,104.02,104.2,12400,1290966,1-3年国债ETF,SH,511020
2021-12-14,115.32,115.734,115.32,115.619,1104600,127661368,7-10年国债ETF,SH,511260
2021-12-14,103.793,103.809,103.793,103.807,16470610,1709681459,信用债ETF,SH,511360
2021-12-14,1.237,1.237,1.229,1.23,1398800,1722694,短融ETF,SZ,159976
2021-12-14,3.655,3.658,3.654,3.654,815800,2982565,绿色债券ETF(南方),SH,518890
2021-12-14,1.068,1.094,1.062,1.079,51561917,55696634,绿色电力ETF,SZ,159869
2021-12-15,104.1,104.2,104.1,104.2,500,52090,1-3年国债ETF,SH,511020
2021-12-15,115.619,115.619,115.374,115.547,1137200,131328563,7-10年国债ETF,SH,511260
2021-12-15,103.806,103.808,103.804,103.806,21889010,2272223326,信用债ETF,SH,511360
2021-12-15,1.235,1.235,1.222,1.222,608400,745037,短融ETF,SZ,159976
2021-12-15,3.624,3.63,3.62,3.622,381879,1384281,绿色债券ETF(南方),SH,518890
2021-12-15,1.073,1.09,1.064,1.068,37789195,40633881,绿色电力ETF,SZ,159869
2021-12-16,104.1,104.1,104.1,104.1,100,10410,1-3年国债ETF,SH,511020
2021-12-16,115.545,115.597,115.417,115.482,1039400,120039957,7-10年国债ETF,SH,511260
2021-12-16,103.806,103.808,103.796,103.796,17175410,1782886068,信用债ETF,SH,511360
2021-12-16,1.22,1.224,1.219,1.222,475370,580220,短融ETF,SZ,159976
2021-12-16,3.633,3.653,3.633,3.652,756400,2759730,绿色债券ETF(南方),SH,518890
2021-12-16,1.064,1.087,1.057,1.073,47336004,50726833,绿色电力ETF,SZ,159869
2021-12-17,104.15,104.2,104.0,104.1,6800,708255,1-3年国债ETF,SH,511020
2021-12-17,115.485,115.715,115.377,115.6,1076200,124396356,7-10年国债ETF,SH,511260
2021-12-17,103.8,103.807,103.797,103.801,23454100,2434537778,信用债ETF,SH,511360
2021-12-17,1.217,1.223,1.206,1.206,1198707,1452143,短融ETF,SZ,159976
2021-12-17,3.668,3.697,3.668,3.697,724238,2671395,绿色债券ETF(南方),SH,518890
2021-12-17,1.068,1.092,1.058,1.079,62645216,67487413,绿色电力ETF,SZ,159869
2021-12-20,115.606,115.65,115.553,115.555,757100,87520049,7-10年国债ETF,SH,511260
2021-12-20,103.816,103.829,103.803,103.823,30899600,3207886742,信用债ETF,SH,511360
2021-12-20,1.211,1.212,1.191,1.191,862206,1034618,短融ETF,SZ,159976
2021-12-20,3.691,3.694,3.69,3.693,983200,3630433,绿色债券ETF(南方),SH,518890
2021-12-20,1.073,1.083,1.038,1.038,34189227,36204063,绿色电力ETF,SZ,159869
2021-12-21,115.55,115.564,115.505,115.554,772300,89242442,7-10年国债ETF,SH,511260
2021-12-21,103.815,103.823,103.809,103.812,18400000,1910188475,信用债ETF,SH,511360
2021-12-21,1.204,1.211,1.2,1.209,1899001,2289853,短融ETF,SZ,159976
2021-12-21,3.678,3.678,3.665,3.666,378219,1387810,绿色债券ETF(南方),SH,518890
2021-12-21,1.045,1.066,1.038,1.057,37713088,39712630,绿色电力ETF,SZ,159869
2021-12-22,104.1,104.1,104.1,104.1,1700,176970,1-3年国债ETF,SH,511020
2021-12-22,115.55,115.752,115.512,115.67,1014000,117248826,7-10年国债ETF,SH,511260
2021-12-22,103.812,103.813,103.806,103.81,28213900,2928870236,信用债ETF,SH,511360
2021-12-22,1.21,1.214,1.201,1.211,7341711,8863621,短融ETF,SZ,159976
2021-12-22,3.662,3.665,3.662,3.663,226500,829846,绿色债券ETF(南方),SH,518890
2021-12-22,1.057,1.104,1.051,1.093,46141153,49881506,绿色电力ETF,SZ,159869
2021-12-23,104.1,104.25,104.1,104.1,300,31245,1-3年国债ETF,SH,511020
2021-12-23,115.67,115.894,115.67,115.889,1390000,160921102,7-10年国债ETF,SH,511260
2021-12-23,103.814,103.82,103.81,103.81,26502810,2751377015,信用债ETF,SH,511360
2021-12-23,1.214,1.219,1.211,1.218,2006900,2440865,短融ETF,SZ,159976
2021-12-23,3.685,3.7,3.685,3.697,694313,2566607,绿色债券ETF(南方),SH,518890
2021-12-23,1.093,1.1,1.076,1.08,31790574,34427075,绿色电力ETF,SZ,159869
2021-12-24,104.2,104.2,104.2,104.2,10,1042,1-3年国债ETF,SH,511020
2021-12-24,115.855,115.893,115.831,115.889,593800,68802267,7-10年国债ETF,SH,511260
2021-12-24,103.815,103.831,103.815,103.819,26946500,2797749324,信用债ETF,SH,511360
2021-12-24,1.213,1.22,1.211,1.216,1606720,1951415,短融ETF,SZ,159976
2021-12-24,3.704,3.704,3.699,3.702,331400,1227050,绿色债券ETF(南方),SH,518890
2021-12-24,1.08,1.098,1.068,1.078,38454226,41650273,绿色电力ETF,SZ,159869
2021-12-27,104.2,104.3,104.2,104.3,200,20850,1-3年国债ETF,SH,511020
2021-12-27,115.901,116.15,115.89,116.071,1324000,153645820,7-10年国债ETF,SH,511260
2021-12-27,103.828,103.862,103.826,103.852,20609100,2140227061,信用债ETF,SH,511360
2021-12-27,1.218,1.222,1.216,1.216,182302,222244,短融ETF,SZ,159976
2021-12-27,3.705,3.705,3.698,3.699,491900,1820895,绿色债券ETF(南方),SH,518890
2021-12-27,1.078,1.078,1.042,1.052,42679274,45131823,绿色电力ETF,SZ,159869
2021-12-28,116.076,116.18,115.982,116.031,1192400,138341279,7-10年国债ETF,SH,511260
2021-12-28,103.854,103.874,103.854,103.862,26848000,2788528448,信用债ETF,SH,511360
2021-12-28,1.22,1.225,1.22,1.225,2204703,2693927,短融ETF,SZ,159976
2021-12-28,3.698,3.706,3.698,3.705,1080300,3997441,绿色债券ETF(南方),SH,518890
2021-12-28,1.05,1.073,1.05,1.054,42638304,45164427,绿色电力ETF,SZ,159869
2021-12-29,104.47,104.47,104.47,104.47,5200,543244,1-3年国债ETF,SH,511020
2021-12-29,116.026,116.079,115.641,116.015,1056300,122572902,7-10年国债ETF,SH,511260
2021-12-29,103.869,103.948,103.867,103.89,29938393,3110206536,信用债ETF,SH,511360
2021-12-29,1.225,1.225,1.214,1.214,1405300,1710524,短融ETF,SZ,159976
2021-12-29,3.697,3.697,3.691,3.691,401181,1481369,绿色债券ETF(南方),SH,518890
2021-12-29,1.048,1.056,1.037,1.042,48584037,50831271,绿色电力ETF,SZ,159869
2021-12-30,104.45,104.45,104.45,104.45,1200,125340,1-3年国债ETF,SH,511020
2021-12-30,116.015,116.265,116.01,116.227,965600,112200097,7-10年国债ETF,SH,511260
2021-12-30,103.89,103.939,103.888,103.932,28831992,2995603070,信用债ETF,SH,511360
2021-12-30,1.22,1.223,1.218,1.218,750108,915255,短融ETF,SZ,159976
2021-12-30,3.684,3.685,3.678,3.678,562863,2072705,绿色债券ETF(南方),SH,518890
2021-12-30,1.038,1.101,1.038,1.096,65426232,70662965,绿色电力ETF,SZ,159869
2021-12-31,116.22,116.29,116.177,116.195,829700,96471256,7-10年国债ETF,SH,511260
2021-12-31,103.939,104.221,103.933,103.933,25016129,2601213931,信用债ETF,SH,511360
2021-12-31,1.226,1.228,1.22,1.222,2328500,2848094,短融ETF,SZ,159976
2021-12-31,3.71,3.711,3.704,3.71,5370400,19912073,绿色债券ETF(南方),SH,518890
2021-12-31,1.099,1.114,1.089,1.106,46461995,51278087,绿色电力ETF,SZ,159869
2022-01-04,104.45,104.6,104.45,104.55,4000,418195,1-3年国债ETF,SH,511020
2022-01-04,116.2,116.4,116.14,116.355,1005900,117037916,7-10年国债ETF,SH,511260
2022-01-04,103.933,103.933,103.896,103.905,12119285,1259299948,信用债ETF,SH,511360
2022-01-04,1.22,1.224,1.212,1.22,2178506,2656565,短融ETF,SZ,159976
2022-01-04,3.697,3.697,3.68,3.684,491200,1809591,绿色债券ETF(南方),SH,518890
2022-01-04,1.108,1.147,1.108,1.143,47553113,53731287,绿色电力ETF,SZ,159869
2022-01-05,116.355,116.358,116.31,116.32,806200,93793479,7-10年国债ETF,SH,511260
2022-01-05,103.924,103.931,103.91,103.927,9602000,997836691,信用债ETF,SH,511360
2022-01-05,1.215,1.218,1.206,1.207,1176200,1427679,短融ETF,SZ,159976
2022-01-05,3.699,3.706,3.695,3.695,1644400,6087236,绿色债券ETF(南方),SH,518890
2022-01-05,1.143,1.172,1.136,1.168,49471449,57109771,绿色电力ETF,SZ,159869
2022-01-06,104.64,104.64,104.55,104.64,310,32438,1-3年国债ETF,SH,511020
2022-01-06,116.32,116.32,116.17,116.181,716900,83334477,7-10年国债ETF,SH,511260
2022-01-06,103.927,103.949,103.925,103.945,6498726,675471387,信用债ETF,SH,511360
2022-01-06,1.202,1.202,1.19,1.195,438700,524803,短融ETF,SZ,159976
2022-01-06,3.691,3.695,3.673,3.673,1378057,5086577,绿色债券ETF(南方),SH,518890
2022-01-06,1.149,1.161,1.134,1.148,55925959,64165990,绿色电力ETF,SZ,159869
2022-01-07,104.53,104.53,104.53,104.53,3100,324043,1-3年国债ETF,SH,511020
2022-01-07,116.18,116.531,116.131,116.203,1312300,152578787,7-10年国债ETF,SH,511260
2022-01-07,103.953,103.978,103.953,103.978,4386600,456041273,信用债ETF,SH,511360
2022-01-07,1.208,1.213,1.205,1.209,1105501,1335631,短融ETF,SZ,159976
2022-01-07,3.665,3.665,3.657,3.657,108003,395371,绿色债券ETF(南方),SH,518890
2022-01-07,1.146,1.175,1.115,1.115,85170401,98419658,绿色电力ETF,SZ,159869
2022-01-10,104.53,104.55,104.53,104.55,4000,418160,1-3年国债ETF,SH,511020
2022-01-10,116.206,116.368,116.206,116.319,1124300,130766430,7-10年国债ETF,SH,511260
2022-01-10,103.988,103.991,103.961,103.98,6917300,719227914,信用债ETF,SH,511360
2022-01-10,1.209,1.215,1.206,1.211,1683600,2040170,短融ETF,SZ,159976
2022-01-10,3.662,3.667,3.661,3.663,482600,1767902,绿色债券ETF(南方),SH,518890
2022-01-10,1.102,1.119,1.081,1.108,71108432,78553341,绿色电力ETF,SZ,159869
2022-01-11,104.57,104.7,104.57,104.7,4200,439664,1-3年国债ETF,SH,511020
2022-01-11,116.324,116.429,116.285,116.298,854400,99384244,7-10年国债ETF,SH,511260
2022-01-11,103.986,104.027,103.985,104.025,6704899,697384913,信用债ETF,SH,511360
2022-01-11,1.213,1.216,1.201,1.203,1884908,2283787,短融ETF,SZ,159976
2022-01-11,3.679,3.696,3.679,3.693,884831,3264632,绿色债券ETF(南方),SH,518890
2022-01-11,1.107,1.117,1.073,1.077,64526150,70860360,绿色电力ETF,SZ,159869
2022-01-12,104.7,104.7,104.7,104.7,500,52350,1-3年国债ETF,SH,511020
2022-01-12,116.295,116.353,116.242,116.251,867800,100892209,7-10年国债ETF,SH,511260
2022-01-12,104.023,104.04,104.023,104.035,9133500,950208913,信用债ETF,SH,511360
2022-01-12,1.208,1.216,1.208,1.215,1751978,2126813,短融ETF,SZ,159976
2022-01-12,3.714,3.714,3.711,3.712,282431,1048461,绿色债券ETF(南方),SH,518890
2022-01-12,1.077,1.092,1.071,1.087,48706363,52769157,绿色电力ETF,SZ,159869
2022-01-13,104.699,104.8,104.699,104.8,1300,136230,1-3年国债ETF,SH,511020
2022-01-13,116.253,116.393,116.253,116.381,900000,104675448,7-10年国债ETF,SH,511260
2022-01-13,104.036,104.052,104.036,104.04,11286000,1174247534,信用债ETF,SH,511360
2022-01-13,1.217,1.217,1.204,1.204,1336911,1615342,短融ETF,SZ,159976
2022-01-13,3.716,3.722,3.716,3.719,746532,2776018,绿色债券ETF(南方),SH,518890
2022-01-13,1.087,1.092,1.068,1.069,59084286,63731038,绿色电力ETF,SZ,159869
2022-01-14,104.85,104.85,104.799,104.85,500,52415,1-3年国债ETF,SH,511020
2022-01-14,116.391,116.579,116.391,116.534,585900,68274898,7-10年国债ETF,SH,511260
2022-01-14,104.057,104.069,104.045,104.052,7609600,791849933,信用债ETF,SH,511360
2022-01-14,1.205,1.205,1.194,1.196,2286206,2735706,短融ETF,SZ,159976
2022-01-14,3.715,3.725,3.713,3.717,309000,1148138,绿色债券ETF(南方),SH,518890
2022-01-14,1.06,1.093,1.054,1.085,63194571,68377385,绿色电力ETF,SZ,159869
2022-01-17,104.9,105.05,104.85,104.9,8600,902145,1-3年国债ETF,SH,511020
2022-01-17,116.431,116.73,116.43,116.561,804800,93834023,7-10年国债ETF,SH,511260
2022-01-17,104.057,104.069,104.057,104.062,9147600,951939595,信用债ETF,SH,511360
2022-01-17,1.196,1.202,1.196,1.198,1456300,1746161,短融ETF,SZ,159976
2022-01-17,3.706,3.706,3.692,3.7,100900,373394,绿色债券ETF(南方),SH,518890
2022-01-17,1.085,1.109,1.082,1.107,63717947,70084001,绿色电力ETF,SZ,159869
2022-01-18,104.999,105.2,104.999,105.2,4800,504383,1-3年国债ETF,SH,511020
2022-01-18,116.565,116.867,116.565,116.838,1257000,146816386,7-10年国债ETF,SH,511260
2022-01-18,104.088,104.089,104.075,104.079,6473558,673758703,信用债ETF,SH,511360
2022-01-18,1.197,1.205,1.197,1.202,2634200,3164812,短融ETF,SZ,159976
2022-01-18,3.7,3.701,3.691,3.691,407176,1504168,绿色债券ETF(南方),SH,518890
2022-01-18,1.107,1.112,1.078,1.081,67520128,73695474,绿色电力ETF,SZ,159869
2022-01-19,105.4,105.5,105.4,105.5,3400,358690,1-3年国债ETF,SH,511020
2022-01-19,116.915,118.006,116.915,117.145,1089400,127695736,7-10年国债ETF,SH,511260
2022-01-19,104.09,104.097,104.09,104.095,8513100,886175060,信用债ETF,SH,511360
2022-01-19,1.203,1.203,1.196,1.197,2454426,2945549,短融ETF,SZ,159976
2022-01-19,3.69,3.692,3.686,3.692,271100,1000163,绿色债券ETF(南方),SH,518890
2022-01-19,1.089,1.131,1.089,1.109,64107216,71484557,绿色电力ETF,SZ,159869
2022-01-20,105.5,105.6,105.5,105.6,1700,179510,1-3年国债ETF,SH,511020
2022-01-20,116.75,117.09,116.75,117.013,976000,114200209,7-10年国债ETF,SH,511260
2022-01-20,104.11,104.113,104.102,104.104,7447000,775299747,信用债ETF,SH,511360
2022-01-20,1.201,1.222,1.201,1.221,4939831,5994650,短融ETF,SZ,159976
2022-01-20,3.744,3.751,3.734,3.737,419860,1571635,绿色债券ETF(南方),SH,518890
2022-01-20,1.102,1.102,1.07,1.077,50329635,54454162,绿色电力ETF,SZ,159869
2022-01-21,105.6,105.6,105.4,105.599,5000,527919,1-3年国债ETF,SH,511020
2022-01-21,117.063,117.35,117.05,117.306,1172200,137474774,7-10年国债ETF,SH,511260
2022-01-21,104.116,104.138,104.116,104.137,6294520,655415080,信用债ETF,SH,511360
2022-01-21,1.221,1.224,1.213,1.215,917903,1116004,短融ETF,SZ,159976
2022-01-21,3.732,3.743,3.732,3.739,643263,2404294,绿色债券ETF(南方),SH,518890
2022-01-21,1.07,1.082,1.039,1.043,64250496,68034842,绿色电力ETF,SZ,159869
2022-01-24,105.599,105.8,105.598,105.8,8600,909615,1-3年国债ETF,SH,511020
2022-01-24,117.313,117.653,117.313,117.612,902800,106176988,7-10年国债ETF,SH,511260
2022-01-24,104.145,104.157,104.145,104.156,4886200,508906957,信用债ETF,SH,511360
2022-01-24,1.211,1.216,1.208,1.216,1005607,1220412,短融ETF,SZ,159976
2022-01-24,3.725,3.73,3.724,3.726,628500,2341752,绿色债券ETF(南方),SH,518890
2022-01-24,1.033,1.05,1.022,1.037,65347840,67682511,绿色电力ETF,SZ,159869
2022-01-25,106.0,106.0,105.799,106.0,10700,1134120,1-3年国债ETF,SH,511020
2022-01-25,117.4,117.7,117.4,117.59,1172300,137850898,7-10年国债ETF,SH,511260
2022-01-25,104.161,104.173,104.161,104.163,6733500,701424795,信用债ETF,SH,511360
2022-01-25,1.208,1.208,1.192,1.192,577819,693048,短融ETF,SZ,159976
2022-01-25,3.731,3.734,3.728,3.732,280232,1046186,绿色债券ETF(南方),SH,518890
2022-01-25,1.029,1.03,0.974,0.976,66852851,66844488,绿色电力ETF,SZ,159869
2022-01-26,105.9,105.94,105.6,105.6,18900,1998848,1-3年国债ETF,SH,511020
2022-01-26,117.542,117.566,117.021,117.071,1480600,173685706,7-10年国债ETF,SH,511260
2022-01-26,104.167,104.176,104.167,104.174,5563400,579545665,信用债ETF,SH,511360
2022-01-26,1.196,1.198,1.186,1.193,138602,164973,短融ETF,SZ,159976
2022-01-26,3.738,3.743,3.738,3.741,342200,1280485,绿色债券ETF(南方),SH,518890
2022-01-26,0.975,0.989,0.956,0.968,88172106,85666787,绿色电力ETF,SZ,159869
2022-01-27,105.6,105.7,105.5,105.7,6600,696958,1-3年国债ETF,SH,511020
2022-01-27,117.122,117.286,116.891,116.994,995500,116465600,7-10年国债ETF,SH,511260
2022-01-27,104.162,104.173,104.144,104.15,9796300,1020363285,信用债ETF,SH,511360
2022-01-27,1.183,1.183,1.168,1.168,592600,697532,短融ETF,SZ,159976
2022-01-27,3.696,3.696,3.672,3.673,563913,2073573,绿色债券ETF(南方),SH,518890
2022-01-27,0.96,0.962,0.917,0.918,67164062,62860265,绿色电力ETF,SZ,159869
2022-01-28,105.7,105.75,105.7,105.75,2200,232645,1-3年国债ETF,SH,511020
2022-01-28,117.002,117.314,117.002,117.039,938700,109966714,7-10年国债ETF,SH,511260
2022-01-28,104.195,104.218,104.195,104.2,9805900,1021798712,信用债ETF,SH,511360
2022-01-28,1.172,1.178,1.156,1.157,3103972,3631289,短融ETF,SZ,159976
2022-01-28,3.666,3.666,3.652,3.66,250163,914401,绿色债券ETF(南方),SH,518890
2022-01-28,0.919,0.932,0.912,0.914,65778672,60796110,绿色电力ETF,SZ,159869
2022-02-07,105.6,105.9,105.6,105.8,4200,444118,1-3年国债ETF,SH,511020
2022-02-07,117.091,117.091,116.84,117.037,1140000,133296182,7-10年国债ETF,SH,511260
2022-02-07,104.2,104.21,104.176,104.209,6895659,718482546,信用债ETF,SH,511360
2022-02-07,1.187,1.187,1.158,1.179,692000,817500,短融ETF,SZ,159976
2022-02-07,3.665,3.7,3.665,3.683,396132,1459759,绿色债券ETF(南方),SH,518890
2022-02-07,0.924,0.929,0.901,0.914,39157351,35819448,绿色电力ETF,SZ,159869
2022-02-08,105.601,105.8,105.6,105.8,1300,137480,1-3年国债ETF,SH,511020
2022-02-08,117.043,117.356,117.041,117.167,1052100,123321525,7-10年国债ETF,SH,511260
2022-02-08,104.245,104.249,104.227,104.246,7265120,757288978,信用债ETF,SH,511360
2022-02-08,1.177,1.177,1.16,1.171,707405,826591,短融ETF,SZ,159976
2022-02-08,3.698,3.709,3.698,3.703,896632,3320795,绿色债券ETF(南方),SH,518890
2022-02-08,0.915,0.928,0.903,0.927,54810921,50354704,绿色电力ETF,SZ,159869
2022-02-09,105.6,105.795,105.6,105.795,1500,158595,1-3年国债ETF,SH,511020
2022-02-09,117.162,117.287,117.063,117.173,1039100,121745113,7-10年国债ETF,SH,511260
2022-02-09,104.247,104.267,104.247,104.259,12533400,1306729540,信用债ETF,SH,511360
2022-02-09,1.178,1.186,1.177,1.184,1026704,1214425,短融ETF,SZ,159976
2022-02-09,3.712,3.721,3.712,3.719,1023363,3807248,绿色债券ETF(南方),SH,518890
2022-02-09,0.927,0.954,0.927,0.954,79995200,75280586,绿色电力ETF,SZ,159869
2022-02-10,105.77,105.77,105.601,105.601,2600,274951,1-3年国债ETF,SH,511020
2022-02-10,117.173,117.356,117.114,117.197,750100,87957389,7-10年国债ETF,SH,511260
2022-02-10,104.256,104.276,104.256,104.273,8175510,852421191,信用债ETF,SH,511360
2022-02-10,1.179,1.181,1.176,1.18,132800,156785,短融ETF,SZ,159976
2022-02-10,3.731,3.732,3.727,3.727,1195100,4457088,绿色债券ETF(南方),SH,518890
2022-02-10,0.95,0.965,0.943,0.964,49169579,47020964,绿色电力ETF,SZ,159869
2022-02-11,105.5,105.5,105.201,105.201,10600,1116736,1-3年国债ETF,SH,511020
2022-02-11,117.195,117.195,116.747,116.761,1324100,154700362,7-10年国债ETF,SH,511260
2022-02-11,104.284,104.298,104.284,104.297,6210500,647715660,信用债ETF,SH,511360
2022-02-11,1.175,1.186,1.174,1.174,837705,991086,短融ETF,SZ,159976
2022-02-11,3.71,3.715,3.708,3.709,2252900,8363844,绿色债券ETF(南方),SH,518890
2022-02-11,0.954,0.965,0.934,0.939,61537512,58621288,绿色电力ETF,SZ,159869
2022-02-14,105.1,105.3,105.1,105.3,4100,431270,1-3年国债ETF,SH,511020
2022-02-14,116.765,116.9,116.505,116.535,1499410,174833352,7-10年国债ETF,SH,511260
2022-02-14,104.302,104.313,104.302,104.311,7207020,751743849,信用债ETF,SH,511360
2022-02-14,1.168,1.168,1.134,1.158,256000,298137,短融ETF,SZ,159976
2022-02-14,3.752,3.784,3.752,3.77,1362532,5142829,绿色债券ETF(南方),SH,518890
2022-02-14,0.93,0.944,0.923,0.934,29884015,27969466,绿色电力ETF,SZ,159869
2022-02-15,105.0,105.25,105.0,105.25,1700,178550,1-3年国债ETF,SH,511020
2022-02-15,116.496,116.7,116.449,116.625,1141800,133127652,7-10年国债ETF,SH,511260
2022-02-15,104.311,104.322,104.31,104.321,8120800,847148817,信用债ETF,SH,511360
2022-02-15,1.164,1.172,1.163,1.171,596002,696860,短融ETF,SZ,159976
2022-02-15,3.795,3.816,3.795,3.811,2004122,7632597,绿色债券ETF(南方),SH,518890
2022-02-15,0.944,0.955,0.936,0.944,33112177,31295017,绿色电力ETF,SZ,159869
2022-02-16,105.25,105.25,105.0,105.25,900,94575,1-3年国债ETF,SH,511020
2022-02-16,116.605,116.747,116.591,116.672,884100,103167724,7-10年国债ETF,SH,511260
2022-02-16,104.324,104.33,104.321,104.323,5586800,582841139,信用债ETF,SH,511360
2022-02-16,1.176,1.179,1.174,1.174,584501,687789,短融ETF,SZ,159976
2022-02-16,3.761,3.761,3.747,3.755,2459400,9227655,绿色债券ETF(南方),SH,518890
2022-02-16,0.952,0.957,0.943,0.949,35422577,33623944,绿色电力ETF,SZ,159869
2022-02-17,105.05,105.3,105.05,105.293,600,63129,1-3年国债ETF,SH,511020
2022-02-17,116.699,116.847,116.699,116.751,951300,111083350,7-10年国债ETF,SH,511260
2022-02-17,104.33,104.335,104.33,104.332,6950200,725129969,信用债ETF,SH,511360
2022-02-17,1.176,1.184,1.175,1.178,1441702,1701314,短融ETF,SZ,159976
2022-02-17,3.777,3.794,3.776,3.787,2299000,8703347,绿色债券ETF(南方),SH,518890
2022-02-17,0.948,0.951,0.937,0.94,31747459,29989362,绿色电力ETF,SZ,159869
2022-02-18,105.1,105.4,105.1,105.4,1100,115730,1-3年国债ETF,SH,511020
2022-02-18,116.774,116.88,116.713,116.736,1041400,121577797,7-10年国债ETF,SH,511260
2022-02-18,104.348,104.36,104.344,104.35,8483400,885217993,信用债ETF,SH,511360
2022-02-18,1.179,1.181,1.175,1.18,471800,555438,短融ETF,SZ,159976
2022-02-18,3.831,3.837,3.817,3.821,2668484,10201729,绿色债券ETF(南方),SH,518890
2022-02-18,0.937,0.949,0.932,0.948,26974974,25434607,绿色电力ETF,SZ,159869
2022-02-21,105.3,105.3,105.0,105.003,12300,1292980,1-3年国债ETF,SH,511020
2022-02-21,116.736,116.741,116.519,116.52,783200,91373694,7-10年国债ETF,SH,511260
2022-02-21,104.351,104.36,104.351,104.355,8876750,926340882,信用债ETF,SH,511360
2022-02-21,1.18,1.18,1.167,1.172,90500,105844,短融ETF,SZ,159976
2022-02-21,3.829,3.829,3.814,3.815,2129200,8135713,绿色债券ETF(南方),SH,518890
2022-02-21,0.95,0.96,0.948,0.954,42992321,41088373,绿色电力ETF,SZ,159869
2022-02-22,105.003,105.003,104.9,104.9,300,31490,1-3年国债ETF,SH,511020
2022-02-22,116.405,116.452,116.322,116.324,901100,104848003,7-10年国债ETF,SH,511260
2022-02-22,104.359,104.36,104.353,104.358,8236442,859526800,信用债ETF,SH,511360
2022-02-22,1.161,1.161,1.146,1.152,1161801,1339126,短融ETF,SZ,159976
2022-02-22,3.85,3.867,3.85,3.861,4282863,16532795,绿色债券ETF(南方),SH,518890
2022-02-22,0.941,0.942,0.902,0.906,65239627,59473134,绿色电力ETF,SZ,159869
2022-02-23,104.95,105.1,104.95,105.1,2400,251910,1-3年国债ETF,SH,511020
2022-02-23,116.333,116.528,116.331,116.524,1056600,123065464,7-10年国债ETF,SH,511260
2022-02-23,104.359,104.362,104.354,104.356,8051300,840216845,信用债ETF,SH,511360
2022-02-23,1.157,1.162,1.155,1.162,360500,417334,短融ETF,SZ,159976
2022-02-23,3.849,3.849,3.833,3.834,1720106,6596773,绿色债券ETF(南方),SH,518890
2022-02-23,0.908,0.924,0.908,0.922,42140687,38747731,绿色电力ETF,SZ,159869
2022-02-24,105.192,105.3,105.192,105.3,3000,315721,1-3年国债ETF,SH,511020
2022-02-24,116.551,116.75,116.501,116.615,1282800,149566798,7-10年国债ETF,SH,511260
2022-02-24,104.359,104.363,104.35,104.352,10231966,1067799708,信用债ETF,SH,511360
2022-02-24,1.156,1.156,1.127,1.136,1933445,2210503,短融ETF,SZ,159976
2022-02-24,3.852,3.96,3.852,3.914,4140100,16090869,绿色债券ETF(南方),SH,518890
2022-02-24,0.918,0.918,0.857,0.876,108980604,96568580,绿色电力ETF,SZ,159869
2022-02-25,105.25,105.25,105.002,105.002,1100,115750,1-3年国债ETF,SH,511020
2022-02-25,116.568,116.687,116.565,116.687,840900,98072956,7-10年国债ETF,SH,511260
2022-02-25,104.362,104.365,104.353,104.354,10262200,1070961950,信用债ETF,SH,511360
2022-02-25,1.132,1.15,1.132,1.135,1162205,1328955,短融ETF,SZ,159976
2022-02-25,3.88,3.88,3.85,3.87,608154,2345122,绿色债券ETF(南方),SH,518890
2022-02-25,0.88,0.895,0.88,0.886,26082578,23197575,绿色电力ETF,SZ,159869
2022-02-28,105.3,105.3,105.1,105.1,400,42080,1-3年国债ETF,SH,511020
2022-02-28,116.643,116.84,116.643,116.794,930600,108671173,7-10年国债ETF,SH,511260
2022-02-28,104.358,104.368,104.358,104.364,13982809,1459307200,信用债ETF,SH,511360
2022-02-28,1.135,1.135,1.12,1.127,937916,1055974,短融ETF,SZ,159976
2022-02-28,3.867,3.867,3.847,3.847,871731,3360917,绿色债券ETF(南方),SH,518890
2022-02-28,0.882,0.888,0.864,0.884,73274821,64059125,绿色电力ETF,SZ,159869
2022-03-01,105.25,105.25,105.2,105.2,1400,147285,1-3年国债ETF,SH,511020
2022-03-01,116.792,116.792,116.501,116.522,548900,64008078,7-10年国债ETF,SH,511260
2022-03-01,104.366,104.383,104.366,104.379,15256600,1592364114,信用债ETF,SH,511360
2022-03-01,1.132,1.14,1.129,1.139,177124,200720,短融ETF,SZ,159976
2022-03-01,3.841,3.85,3.837,3.85,759907,2921084,绿色债券ETF(南方),SH,518890
2022-03-01,0.884,0.893,0.883,0.893,32735505,29058731,绿色电力ETF,SZ,159869
2022-03-02,105.15,105.2,105.15,105.15,900,94640,1-3年国债ETF,SH,511020
2022-03-02,116.522,116.572,116.403,116.499,1236300,143949262,7-10年国债ETF,SH,511260
2022-03-02,104.386,104.39,104.38,104.389,24840500,2592967873,信用债ETF,SH,511360
2022-03-02,1.143,1.143,1.12,1.12,359200,402546,短融ETF,SZ,159976
2022-03-02,3.887,3.908,3.887,3.901,2197295,8572342,绿色债券ETF(南方),SH,518890
2022-03-02,0.888,0.896,0.885,0.896,40555770,36162470,绿色电力ETF,SZ,159869
2022-03-03,104.903,104.903,104.9,104.9,1300,136371,1-3年国债ETF,SH,511020
2022-03-03,116.484,116.533,116.216,116.267,991400,115480878,7-10年国债ETF,SH,511260
2022-03-03,104.39,104.397,104.39,104.396,35070900,3661180588,信用债ETF,SH,511360
2022-03-03,1.121,1.121,1.113,1.117,535112,596700,短融ETF,SZ,159976
2022-03-03,3.893,3.894,3.884,3.892,1166700,4538027,绿色债券ETF(南方),SH,518890
2022-03-03,0.897,0.898,0.885,0.886,34736400,30877545,绿色电力ETF,SZ,159869
2022-03-04,105.049,105.049,105.049,105.049,100,10505,1-3年国债ETF,SH,511020
2022-03-04,116.271,116.346,116.055,116.221,1351000,157029300,7-10年国债ETF,SH,511260
2022-03-04,104.403,104.406,104.396,104.405,33773600,3525988486,信用债ETF,SH,511360
2022-03-04,1.108,1.108,1.09,1.093,801100,876421,短融ETF,SZ,159976
2022-03-04,3.91,3.915,3.903,3.905,918700,3589319,绿色债券ETF(南方),SH,518890
2022-03-04,0.879,0.899,0.878,0.892,38508557,34112030,绿色电力ETF,SZ,159869
2022-03-07,116.217,116.411,116.13,116.384,1177600,136914814,7-10年国债ETF,SH,511260
2022-03-07,104.403,104.408,104.392,104.406,33101900,3455839967,信用债ETF,SH,511360
2022-03-07,1.093,1.093,1.055,1.06,875505,927838,短融ETF,SZ,159976
2022-03-07,3.97,4.022,3.97,3.992,4047087,16191470,绿色债券ETF(南方),SH,518890
2022-03-07,0.883,0.885,0.866,0.869,43658532,38149348,绿色电力ETF,SZ,159869
2022-03-08,116.429,116.546,116.283,116.495,1034300,120486629,7-10年国债ETF,SH,511260
2022-03-08,104.406,104.41,104.406,104.408,13323900,1391122012,信用债ETF,SH,511360
2022-03-08,1.057,1.061,1.029,1.031,1517539,1576346,短融ETF,SZ,159976
2022-03-08,4.006,4.076,3.988,4.07,2457128,9884401,绿色债券ETF(南方),SH,518890
2022-03-08,0.867,0.874,0.839,0.84,49017927,41895556,绿色电力ETF,SZ,159869
2022-03-09,105.1,105.1,104.8,104.8,3900,408902,1-3年国债ETF,SH,511020
2022-03-09,116.544,116.544,116.066,116.125,1084100,126035698,7-10年国债ETF,SH,511260
2022-03-09,104.406,104.409,104.399,104.4,14069290,1468910677,信用债ETF,SH,511360
2022-03-09,1.034,1.041,0.987,1.039,3752215,3815322,短融ETF,SZ,159976
2022-03-09,4.1,4.14,3.93,4.131,3659106,15110072,绿色债券ETF(南方),SH,518890
2022-03-09,0.839,0.842,0.79,0.833,43985372,36165576,绿色电力ETF,SZ,159869
2022-03-10,104.85,104.997,104.85,104.85,1000,104879,1-3年国债ETF,SH,511020
2022-03-10,116.111,116.353,116.11,116.345,1564200,181961231,7-10年国债ETF,SH,511260
2022-03-10,104.37,104.402,104.362,104.366,18923600,1975500486,信用债ETF,SH,511360
2022-03-10,1.048,1.048,1.028,1.029,2896601,3005574,短融ETF,SZ,159976
2022-03-10,4.027,4.027,3.961,3.998,3742328,14917047,绿色债券ETF(南方),SH,518890
2022-03-10,0.845,0.852,0.837,0.837,37352854,31509896,绿色电力ETF,SZ,159869
2022-03-11,104.85,104.85,104.85,104.85,100,10485,1-3年国债ETF,SH,511020
2022-03-11,116.23,116.631,116.23,116.618,1075200,125155967,7-10年国债ETF,SH,511260
2022-03-11,104.389,104.403,104.378,104.398,16803800,1754254124,信用债ETF,SH,511360
2022-03-11,1.029,1.031,1.003,1.031,2467006,2490778,短融ETF,SZ,159976
2022-03-11,4.0,4.027,3.958,4.004,2038215,8174866,绿色债券ETF(南方),SH,518890
2022-03-11,0.825,0.862,0.821,0.861,45862322,38739939,绿色电力ETF,SZ,159869
2022-03-14,105.271,105.45,105.271,105.45,2800,295197,1-3年国债ETF,SH,511020
2022-03-14,116.731,117.229,116.731,117.188,1076100,126114459,7-10年国债ETF,SH,511260
2022-03-14,104.399,104.402,104.39,104.395,12323900,1286582114,信用债ETF,SH,511360
2022-03-14,1.031,1.031,0.997,0.997,2333809,2357797,短融ETF,SZ,159976
2022-03-14,3.988,3.996,3.982,3.983,1419319,5663444,绿色债券ETF(南方),SH,518890
2022-03-14,0.851,0.862,0.839,0.84,48109097,40879440,绿色电力ETF,SZ,159869
2022-03-15,105.45,105.6,105.45,105.45,8000,844005,1-3年国债ETF,SH,511020
2022-03-15,117.138,117.238,116.801,116.849,1019600,119188462,7-10年国债ETF,SH,511260
2022-03-15,104.421,104.426,104.402,104.412,12170500,1270789819,信用债ETF,SH,511360
2022-03-15,0.993,1.046,0.96,0.965,4732603,4570999,短融ETF,SZ,159976
2022-03-15,3.958,3.958,3.89,3.902,1868566,7346944,绿色债券ETF(南方),SH,518890
2022-03-15,0.835,0.835,0.787,0.788,49186457,40183763,绿色电力ETF,SZ,159869
2022-03-16,105.3,105.3,105.0,105.05,5100,535790,1-3年国债ETF,SH,511020
2022-03-16,117.138,117.208,116.55,116.732,895300,104511855,7-10年国债ETF,SH,511260
2022-03-16,104.378,104.422,104.325,104.422,17345771,1810988295,信用债ETF,SH,511360
2022-03-16,0.968,0.998,0.94,0.993,6683112,6483304,短融ETF,SZ,159976
2022-03-16,3.897,3.897,3.866,3.87,621613,2412412,绿色债券ETF(南方),SH,518890
2022-03-16,0.8,0.819,0.774,0.817,66990246,53140476,绿色电力ETF,SZ,159869
2022-03-17,105.39,105.4,105.1,105.4,880,92721,1-3年国债ETF,SH,511020
2022-03-17,116.724,116.733,116.605,116.65,874200,101979511,7-10年国债ETF,SH,511260
2022-03-17,104.414,104.415,104.397,104.408,13615300,1421517851,信用债ETF,SH,511360
2022-03-17,0.998,1.038,0.993,1.024,3479504,3552628,短融ETF,SZ,159976
2022-03-17,3.894,3.915,3.894,3.915,392300,1533959,绿色债券ETF(南方),SH,518890
2022-03-17,0.833,0.873,0.833,0.869,64446508,55648280,绿色电力ETF,SZ,159869
2022-03-18,105.44,105.44,105.24,105.44,1520,160205,1-3年国债ETF,SH,511020
2022-03-18,116.65,116.832,116.65,116.828,859000,100328869,7-10年国债ETF,SH,511260
2022-03-18,104.412,104.418,104.402,104.405,11966100,1249412527,信用债ETF,SH,511360
2022-03-18,1.018,1.04,1.018,1.039,1554516,1593835,短融ETF,SZ,159976
2022-03-18,3.921,3.929,3.909,3.913,249000,974518,绿色债券ETF(南方),SH,518890
2022-03-18,0.859,0.87,0.852,0.868,54999651,47320943,绿色电力ETF,SZ,159869
2022-03-21,105.44,105.49,105.44,105.482,4300,453545,1-3年国债ETF,SH,511020
2022-03-21,116.815,116.815,116.401,116.685,893200,104222884,7-10年国债ETF,SH,511260
2022-03-21,104.42,104.425,104.417,104.421,9366500,978058338,信用债ETF,SH,511360
2022-03-21,1.04,1.047,1.027,1.034,1362600,1417749,短融ETF,SZ,159976
2022-03-21,3.911,3.911,3.901,3.904,424112,1657182,绿色债券ETF(南方),SH,518890
2022-03-21,0.87,0.884,0.859,0.869,44959851,39099104,绿色电力ETF,SZ,159869
2022-03-22,105.4,105.4,105.101,105.399,2800,295089,1-3年国债ETF,SH,511020
2022-03-22,116.681,116.681,116.618,116.627,768300,89610880,7-10年国债ETF,SH,511260
2022-03-22,104.433,104.453,104.433,104.451,10992410,1148083228,信用债ETF,SH,511360
2022-03-22,1.035,1.04,1.029,1.039,258400,266325,短融ETF,SZ,159976
2022-03-22,3.917,3.936,3.917,3.931,987600,3879690,绿色债券ETF(南方),SH,518890
2022-03-22,0.861,0.882,0.855,0.876,45857763,39776272,绿色电力ETF,SZ,159869
2022-03-23,105.25,105.28,105.011,105.28,1200,126276,1-3年国债ETF,SH,511020
2022-03-23,116.62,116.675,116.508,116.667,1005200,117259152,7-10年国债ETF,SH,511260
2022-03-23,104.45,104.459,104.441,104.455,12070900,1260826811,信用债ETF,SH,511360
2022-03-23,1.04,1.051,1.04,1.047,522300,546779,短融ETF,SZ,159976
2022-03-23,3.913,3.916,3.902,3.902,932331,3645307,绿色债券ETF(南方),SH,518890
2022-03-23,0.88,0.893,0.872,0.887,54597257,48311925,绿色电力ETF,SZ,159869
2022-03-24,105.005,105.15,105.001,105.15,600,63046,1-3年国债ETF,SH,511020
2022-03-24,116.669,116.713,116.617,116.696,931900,108741968,7-10年国债ETF,SH,511260
2022-03-24,104.463,104.476,104.459,104.473,12030000,1256775855,信用债ETF,SH,511360
2022-03-24,1.043,1.043,1.033,1.04,525800,544819,短融ETF,SZ,159976
2022-03-24,3.95,3.96,3.946,3.946,244338,965221,绿色债券ETF(南方),SH,518890
2022-03-24,0.883,0.883,0.864,0.868,50785622,44233048,绿色电力ETF,SZ,159869
2022-03-25,105.15,105.45,104.099,105.45,6400,671765,1-3年国债ETF,SH,511020
2022-03-25,116.695,116.9,116.675,116.886,726300,84837932,7-10年国债ETF,SH,511260
2022-03-25,104.476,104.495,104.476,104.486,24481020,2558024820,信用债ETF,SH,511360
2022-03-25,1.03,1.033,1.017,1.018,1603922,1638595,短融ETF,SZ,159976
2022-03-25,3.976,4.16,3.971,3.972,580625,2310729,绿色债券ETF(南方),SH,518890
2022-03-25,0.864,0.883,0.864,0.869,67187141,58659500,绿色电力ETF,SZ,159869
2022-03-28,105.101,105.4,105.101,105.399,2000,210530,1-3年国债ETF,SH,511020
2022-03-28,116.904,117.01,116.884,116.918,1027300,120116299,7-10年国债ETF,SH,511260
2022-03-28,104.485,104.506,104.485,104.504,19086900,1994592468,信用债ETF,SH,511360
2022-03-28,1.023,1.047,1.007,1.018,5578600,5695561,短融ETF,SZ,159976
2022-03-28,3.971,3.971,3.934,3.935,291400,1153181,绿色债券ETF(南方),SH,518890
2022-03-28,0.87,0.887,0.863,0.883,45806543,40303466,绿色电力ETF,SZ,159869
2022-03-29,105.201,105.45,105.2,105.2,1900,200055,1-3年国债ETF,SH,511020
2022-03-29,116.95,116.991,116.925,116.96,819548,95868407,7-10年国债ETF,SH,511260
2022-03-29,104.508,104.537,104.506,104.515,19180700,2004703425,信用债ETF,SH,511360
2022-03-29,1.022,1.022,1.002,1.013,16063700,16225805,短融ETF,SZ,159976
2022-03-29,3.926,3.926,3.906,3.913,740000,2895329,绿色债券ETF(南方),SH,518890
2022-03-29,0.885,0.887,0.867,0.87,44061400,38519887,绿色电力ETF,SZ,159869
2022-03-30,105.2,105.426,105.2,105.2,3800,399783,1-3年国债ETF,SH,511020
2022-03-30,116.965,117.069,116.965,117.037,955500,111813992,7-10年国债ETF,SH,511260
2022-03-30,104.518,104.526,104.499,104.51,21784700,2276718239,信用债ETF,SH,511360
2022-03-30,1.019,1.037,1.019,1.037,4104800,4224962,短融ETF,SZ,159976
2022-03-30,3.905,3.909,3.901,3.902,1336663,5218493,绿色债券ETF(南方),SH,518890
2022-03-30,0.869,0.885,0.868,0.883,38207603,33579309,绿色电力ETF,SZ,159869
2022-03-31,105.537,105.537,105.25,105.25,2400,252629,1-3年国债ETF,SH,511020
2022-03-31,117.044,117.087,116.842,116.882,1019100,119303197,7-10年国债ETF,SH,511260
2022-03-31,104.519,104.536,104.519,104.535,23031066,2407348138,信用债ETF,SH,511360
2022-03-31,1.03,1.031,1.025,1.027,105200,108290,短融ETF,SZ,159976
2022-03-31,3.905,3.905,3.893,3.901,197200,769435,绿色债券ETF(南方),SH,518890
2022-03-31,0.88,0.892,0.874,0.881,38641503,34181597,绿色电力ETF,SZ,159869
2022-04-01,105.3,105.439,105.3,105.3,700,73724,1-3年国债ETF,SH,511020
2022-04-01,116.832,117.068,116.792,117.067,685900,80271712,7-10年国债ETF,SH,511260
2022-04-01,104.554,104.573,104.539,104.547,22809700,2384896841,信用债ETF,SH,511360
2022-04-01,1.014,1.034,1.014,1.034,460300,472253,短融ETF,SZ,159976
2022-04-01,3.908,3.928,3.908,3.921,1059232,4155157,绿色债券ETF(南方),SH,518890
2022-04-01,0.874,0.919,0.868,0.915,146719501,132821976,绿色电力ETF,SZ,159869
2022-04-06,105.4,105.562,105.4,105.562,5400,569225,1-3年国债ETF,SH,511020
2022-04-06,117.065,117.255,116.972,117.174,1030100,120718649,7-10年国债ETF,SH,511260
2022-04-06,104.565,104.574,104.547,104.56,23169900,2422637455,信用债ETF,SH,511360
2022-04-06,1.033,1.034,1.023,1.026,1701800,1752356,短融ETF,SZ,159976
2022-04-06,3.916,3.916,3.9,3.901,459172,1793886,绿色债券ETF(南方),SH,518890
2022-04-06,0.915,0.93,0.912,0.92,65721175,60575811,绿色电力ETF,SZ,159869
2022-04-07,117.224,117.29,117.17,117.243,895800,104994295,7-10年国债ETF,SH,511260
2022-04-07,104.592,104.595,104.573,104.582,26344000,2755035245,信用债ETF,SH,511360
2022-04-07,1.018,1.026,1.012,1.014,4840700,4937605,短融ETF,SZ,159976
2022-04-07,3.904,3.907,3.901,3.905,595184,2324219,绿色债券ETF(南方),SH,518890
2022-04-07,0.91,0.924,0.898,0.899,54928127,50066153,绿色电力ETF,SZ,159869
2022-04-08,105.562,105.75,105.562,105.75,2000,211462,1-3年国债ETF,SH,511020
2022-04-08,117.255,117.52,117.255,117.48,905900,106387809,7-10年国债ETF,SH,511260
2022-04-08,104.598,104.636,104.591,104.635,20866900,2182968380,信用债ETF,SH,511360
2022-04-08,1.01,1.017,1.005,1.016,3994201,4041317,短融ETF,SZ,159976
2022-04-08,3.916,3.922,3.916,3.916,556038,2179552,绿色债券ETF(南方),SH,518890
2022-04-08,0.897,0.898,0.867,0.871,41496663,36364359,绿色电力ETF,SZ,159869
2022-04-11,105.8,105.8,105.798,105.798,1400,148119,1-3年国债ETF,SH,511020
2022-04-11,117.53,117.78,117.395,117.401,950600,111650884,7-10年国债ETF,SH,511260
2022-04-11,104.642,104.673,104.642,104.671,23231301,2431460387,信用债ETF,SH,511360
2022-04-11,0.998,1.007,0.995,0.997,5163400,5173826,短融ETF,SZ,159976
2022-04-11,3.945,3.953,3.945,3.947,749900,2962070,绿色债券ETF(南方),SH,518890
2022-04-11,0.866,0.867,0.835,0.847,91357706,77189282,绿色电力ETF,SZ,159869
2022-04-12,105.5,105.7,105.5,105.5,1600,168870,1-3年国债ETF,SH,511020
2022-04-12,117.401,117.571,117.4,117.463,847000,99558902,7-10年国债ETF,SH,511260
2022-04-12,104.672,104.695,104.665,104.695,37815300,3958430682,信用债ETF,SH,511360
2022-04-12,1.002,1.006,0.994,1.004,3841200,3838824,短融ETF,SZ,159976
2022-04-12,3.956,3.977,3.956,3.974,1404300,5576457,绿色债券ETF(南方),SH,518890
2022-04-12,0.9,0.9,0.849,0.865,199450233,173311326,绿色电力ETF,SZ,159869
2022-04-13,105.0,105.62,105.0,105.62,800,84412,1-3年国债ETF,SH,511020
2022-04-13,117.463,117.493,117.319,117.371,817600,95967733,7-10年国债ETF,SH,511260
2022-04-13,104.696,104.703,104.676,104.695,34685600,3631419879,信用债ETF,SH,511360
2022-04-13,1.004,1.007,0.995,1.001,5791400,5790144,短融ETF,SZ,159976
2022-04-13,3.991,3.997,3.989,3.99,394231,1573632,绿色债券ETF(南方),SH,518890
2022-04-13,0.849,0.852,0.824,0.825,76818407,64443815,绿色电力ETF,SZ,159869
2022-04-14,105.62,105.749,105.62,105.749,200,21137,1-3年国债ETF,SH,511020
2022-04-14,117.397,117.56,117.351,117.51,862400,101351043,7-10年国债ETF,SH,511260
2022-04-14,104.694,104.7,104.688,104.697,34046700,3564476597,信用债ETF,SH,511360
2022-04-14,1.005,1.009,1.002,1.005,3073800,3092622,短融ETF,SZ,159976
2022-04-14,4.004,4.01,3.997,3.999,347000,1390249,绿色债券ETF(南方),SH,518890
2022-04-14,0.826,0.84,0.82,0.827,74487361,61953492,绿色电力ETF,SZ,159869
2022-04-15,105.75,105.75,105.503,105.749,400,42275,1-3年国债ETF,SH,511020
2022-04-15,117.56,117.56,117.352,117.361,634800,74545588,7-10年国债ETF,SH,511260
2022-04-15,104.707,104.731,104.707,104.722,36166003,3787316460,信用债ETF,SH,511360
2022-04-15,1.005,1.008,1.002,1.008,2674331,2689125,短融ETF,SZ,159976
2022-04-15,4.01,4.015,4.008,4.011,411229,1649472,绿色债券ETF(南方),SH,518890
2022-04-15,0.823,0.823,0.806,0.809,75327212,61193099,绿色电力ETF,SZ,159869
2022-04-18,105.601,105.8,105.6,105.799,2200,232460,1-3年国债ETF,SH,511020
2022-04-18,117.345,117.35,117.107,117.177,505600,59233324,7-10年国债ETF,SH,511260
2022-04-18,104.738,104.745,104.728,104.744,33768400,3536794309,信用债ETF,SH,511360
2022-04-18,1.008,1.009,0.999,1.009,2103600,2110319,短融ETF,SZ,159976
2022-04-18,4.039,4.039,4.024,4.034,809631,3261613,绿色债券ETF(南方),SH,518890
2022-04-18,0.805,0.805,0.784,0.798,50460012,40029231,绿色电力ETF,SZ,159869
2022-04-19,105.6,105.6,105.4,105.4,2800,295381,1-3年国债ETF,SH,511020
2022-04-19,117.148,117.19,117.054,117.078,784800,91950466,7-10年国债ETF,SH,511260
2022-04-19,104.745,104.76,104.744,104.755,28861847,3023418783,信用债ETF,SH,511360
2022-04-19,1.009,1.009,0.994,0.996,1792000,1785670,短融ETF,SZ,159976
2022-04-19,4.014,4.014,4.0,4.005,1131854,4534823,绿色债券ETF(南方),SH,518890
2022-04-19,0.798,0.809,0.794,0.806,65974416,52804196,绿色电力ETF,SZ,159869
2022-04-20,105.449,105.45,105.2,105.449,3500,368675,1-3年国债ETF,SH,511020
2022-04-20,117.068,117.07,116.884,116.908,1155000,135056513,7-10年国债ETF,SH,511260
2022-04-20,104.764,104.785,104.755,104.784,36212600,3793908878,信用债ETF,SH,511360
2022-04-20,0.988,0.991,0.981,0.983,2893901,2853534,短融ETF,SZ,159976
2022-04-20,3.975,3.975,3.95,3.95,567667,2247273,绿色债券ETF(南方),SH,518890
2022-04-20,0.806,0.822,0.802,0.807,70488698,57272938,绿色电力ETF,SZ,159869
2022-04-21,116.894,117.112,116.894,117.102,1036900,121381329,7-10年国债ETF,SH,511260
2022-04-21,104.785,104.817,104.785,104.8,30007000,3144743064,信用债ETF,SH,511360
2022-04-21,0.977,0.982,0.962,0.962,4421790,4306497,短融ETF,SZ,159976
2022-04-21,3.975,4.002,3.975,4.001,217732,869894,绿色债券ETF(南方),SH,518890
2022-04-21,0.8,0.808,0.774,0.778,121372639,95996172,绿色电力ETF,SZ,159869
2022-04-22,105.4,105.448,105.25,105.25,3300,347430,1-3年国债ETF,SH,511020
2022-04-22,117.1,117.34,117.053,117.082,741900,86992074,7-10年国债ETF,SH,511260
2022-04-22,104.809,104.809,104.786,104.788,36846600,3861495288,信用债ETF,SH,511360
2022-04-22,0.96,0.974,0.954,0.972,1488400,1432552,短融ETF,SZ,159976
2022-04-22,3.996,4.021,3.996,4.021,627787,2518762,绿色债券ETF(南方),SH,518890
2022-04-22,0.771,0.776,0.758,0.766,62058491,47673043,绿色电力ETF,SZ,159869
2022-04-25,105.34,105.512,105.34,105.34,1400,147562,1-3年国债ETF,SH,511020
2022-04-25,117.054,117.399,117.05,117.203,921400,108033690,7-10年国债ETF,SH,511260
2022-04-25,104.798,104.812,104.798,104.804,24375010,2554623136,信用债ETF,SH,511360
2022-04-25,0.97,0.97,0.93,0.93,2729000,2586628,短融ETF,SZ,159976
2022-04-25,4.004,4.009,3.973,3.996,2034800,8134664,绿色债券ETF(南方),SH,518890
2022-04-25,0.748,0.75,0.699,0.701,119752708,86638752,绿色电力ETF,SZ,159869
2022-04-26,105.401,105.603,105.401,105.603,1410,148879,1-3年国债ETF,SH,511020
2022-04-26,117.19,117.38,117.189,117.305,929100,108992682,7-10年国债ETF,SH,511260
2022-04-26,104.812,104.836,104.811,104.834,30369610,3183327600,信用债ETF,SH,511360
2022-04-26,0.931,0.94,0.923,0.924,1072601,999087,短融ETF,SZ,159976
2022-04-26,3.977,3.977,3.957,3.964,922463,3655608,绿色债券ETF(南方),SH,518890
2022-04-26,0.705,0.733,0.699,0.705,81735263,58645898,绿色电力ETF,SZ,159869
2022-04-27,105.204,105.55,104.5,105.201,11400,1196169,1-3年国债ETF,SH,511020
2022-04-27,117.3,117.309,117.193,117.225,1068500,125249239,7-10年国债ETF,SH,511260
2022-04-27,104.833,104.859,104.833,104.852,26365900,2764459980,信用债ETF,SH,511360
2022-04-27,0.92,0.935,0.915,0.935,971900,896421,短融ETF,SZ,159976
2022-04-27,3.97,3.97,3.961,3.962,1051200,4169511,绿色债券ETF(南方),SH,518890
2022-04-27,0.691,0.724,0.684,0.724,77011608,53956985,绿色电力ETF,SZ,159869
2022-04-28,104.801,105.299,104.801,105.295,600,62979,1-3年国债ETF,SH,511020
2022-04-28,117.275,117.275,117.05,117.078,966300,113182542,7-10年国债ETF,SH,511260
2022-04-28,104.859,104.859,104.836,104.852,21760500,2281621998,信用债ETF,SH,511360
2022-04-28,0.938,0.947,0.936,0.943,863800,813854,短融ETF,SZ,159976
2022-04-28,3.95,3.956,3.934,3.956,1736303,6842426,绿色债券ETF(南方),SH,518890
2022-04-28,0.72,0.72,0.701,0.711,80248221,57071792,绿色电力ETF,SZ,159869
2022-04-29,105.15,105.3,105.15,105.3,1800,189465,1-3年国债ETF,SH,511020
2022-04-29,117.077,117.3,117.031,117.204,1523100,178497300,7-10年国债ETF,SH,511260
2022-04-29,104.867,104.9,104.85,104.892,27080788,2840065737,信用债ETF,SH,511360
2022-04-29,0.952,0.975,0.949,0.973,5094669,4935403,短融ETF,SZ,159976
2022-04-29,3.994,4.017,3.994,4.007,1113219,4464600,绿色债券ETF(南方),SH,518890
2022-04-29,0.714,0.779,0.714,0.758,114902376,85121461,绿色电力ETF,SZ,159869
2022-05-05,105.3,105.3,105.201,105.201,700,73651,1-3年国债ETF,SH,511020
2022-05-05,117.204,117.25,117.095,117.174,1030100,120735724,7-10年国债ETF,SH,511260
2022-05-05,104.882,104.899,104.882,104.884,20264200,2125548831,信用债ETF,SH,511360
2022-05-05,0.982,0.982,0.975,0.98,1104900,1080427,短融ETF,SZ,159976
2022-05-05,3.996,3.998,3.993,3.993,191300,764185,绿色债券ETF(南方),SH,518890
2022-05-05,0.753,0.763,0.744,0.758,65054913,49072624,绿色电力ETF,SZ,159869
2022-05-06,105.3,105.452,105.3,105.452,300,31620,1-3年国债ETF,SH,511020
2022-05-06,117.164,117.222,117.116,117.124,1254800,147006164,7-10年国债ETF,SH,511260
2022-05-06,104.899,104.918,104.898,104.914,22516300,2362080042,信用债ETF,SH,511360
2022-05-06,0.97,0.97,0.954,0.955,1745500,1671997,短融ETF,SZ,159976
2022-05-06,3.983,3.988,3.968,3.987,630600,2511505,绿色债券ETF(南方),SH,518890
2022-05-06,0.737,0.749,0.732,0.74,71938577,53322676,绿色电力ETF,SZ,159869
2022-05-09,105.206,105.499,105.206,105.499,8600,907262,1-3年国债ETF,SH,511020
2022-05-09,117.12,117.285,117.116,117.251,1203200,141023816,7-10年国债ETF,SH,511260
2022-05-09,104.919,104.93,104.918,104.927,30371400,3186668660,信用债ETF,SH,511360
2022-05-09,0.99,0.99,0.941,0.944,1613900,1529910,短融ETF,SZ,159976
2022-05-09,4.0,4.008,4.0,4.004,241200,965966,绿色债券ETF(南方),SH,518890
2022-05-09,0.74,0.755,0.736,0.748,62640062,46794807,绿色电力ETF,SZ,159869
2022-05-10,105.511,105.595,105.511,105.595,1000,105587,1-3年国债ETF,SH,511020
2022-05-10,117.301,117.45,117.301,117.449,1439800,168995314,7-10年国债ETF,SH,511260
2022-05-10,104.934,104.936,104.93,104.936,24657200,2587353291,信用债ETF,SH,511360
2022-05-10,0.932,0.955,0.931,0.951,973800,922432,短融ETF,SZ,159976
2022-05-10,3.998,3.998,3.972,3.978,372100,1479328,绿色债券ETF(南方),SH,518890
2022-05-10,0.734,0.751,0.728,0.751,56458200,41823621,绿色电力ETF,SZ,159869
2022-05-11,105.595,105.595,105.595,105.595,100,10560,1-3年国债ETF,SH,511020
2022-05-11,117.45,117.499,117.311,117.334,1263200,148244319,7-10年国债ETF,SH,511260
2022-05-11,104.94,104.947,104.936,104.943,31248212,3279197984,信用债ETF,SH,511360
2022-05-11,0.956,0.981,0.956,0.968,1077200,1048018,短融ETF,SZ,159976
2022-05-11,3.95,3.953,3.933,3.953,703500,2771715,绿色债券ETF(南方),SH,518890
2022-05-11,0.751,0.77,0.748,0.751,67101595,51006624,绿色电力ETF,SZ,159869
2022-05-12,105.401,105.594,105.401,105.594,200,21100,1-3年国债ETF,SH,511020
2022-05-12,117.21,117.447,117.21,117.433,1228500,144262583,7-10年国债ETF,SH,511260
2022-05-12,104.955,104.968,104.95,104.965,29495760,3095867159,信用债ETF,SH,511360
2022-05-12,0.962,0.966,0.961,0.964,1050300,1012830,短融ETF,SZ,159976
2022-05-12,3.979,3.991,3.979,3.991,338103,1347969,绿色债券ETF(南方),SH,518890
2022-05-12,0.742,0.753,0.737,0.75,67611604,50426472,绿色电力ETF,SZ,159869
2022-05-13,105.595,105.7,105.595,105.7,1000,105680,1-3年国债ETF,SH,511020
2022-05-13,117.484,117.539,117.429,117.475,1161900,136463185,7-10年国债ETF,SH,511260
2022-05-13,104.981,104.988,104.98,104.984,33814829,3550018040,信用债ETF,SH,511360
2022-05-13,0.974,0.979,0.973,0.978,437200,427258,短融ETF,SZ,159976
2022-05-13,3.965,3.966,3.949,3.953,892600,3529189,绿色债券ETF(南方),SH,518890
2022-05-13,0.753,0.762,0.748,0.754,44701800,33697905,绿色电力ETF,SZ,159869
2022-05-16,105.7,105.7,105.7,105.7,200,21140,1-3年国债ETF,SH,511020
2022-05-16,117.475,117.525,117.228,117.41,1206200,141550065,7-10年国债ETF,SH,511260
2022-05-16,104.995,105.018,104.995,105.017,24225666,2543894819,信用债ETF,SH,511360
2022-05-16,0.973,0.975,0.968,0.971,541800,524862,短融ETF,SZ,159976
2022-05-16,3.938,3.938,3.91,3.91,1009209,3956094,绿色债券ETF(南方),SH,518890
2022-05-16,0.752,0.767,0.752,0.765,63039085,47950405,绿色电力ETF,SZ,159869
2022-05-17,105.501,105.501,105.501,105.501,100,10550,1-3年国债ETF,SH,511020
2022-05-17,117.456,117.456,117.401,117.447,1149100,134936361,7-10年国债ETF,SH,511260
2022-05-17,105.027,105.037,105.027,105.035,23435918,2461582459,信用债ETF,SH,511360
2022-05-17,0.978,0.987,0.976,0.987,3344600,3281627,短融ETF,SZ,159976
2022-05-17,3.927,3.953,3.925,3.938,2197600,8657198,绿色债券ETF(南方),SH,518890
2022-05-17,0.766,0.768,0.752,0.763,53543122,40658677,绿色电力ETF,SZ,159869
2022-05-18,105.502,105.763,105.502,105.763,700,73932,1-3年国债ETF,SH,511020
2022-05-18,117.401,117.52,117.398,117.49,1363200,160148188,7-10年国债ETF,SH,511260
2022-05-18,105.045,105.055,105.044,105.052,36262364,3809378526,信用债ETF,SH,511360
2022-05-18,0.99,0.993,0.981,0.987,2442200,2408013,短融ETF,SZ,159976
2022-05-18,3.913,3.913,3.883,3.898,2883900,11246521,绿色债券ETF(南方),SH,518890
2022-05-18,0.763,0.775,0.754,0.757,57826157,44207973,绿色电力ETF,SZ,159869
2022-05-19,105.764,105.764,105.75,105.75,900,95176,1-3年国债ETF,SH,511020
2022-05-19,117.529,117.59,117.45,117.472,969500,113894023,7-10年国债ETF,SH,511260
2022-05-19,105.057,105.065,105.053,105.059,35457180,3725188523,信用债ETF,SH,511360
2022-05-19,0.973,0.98,0.967,0.98,3540000,3447882,短融ETF,SZ,159976
2022-05-19,3.907,3.915,3.907,3.912,458400,1793395,绿色债券ETF(南方),SH,518890
2022-05-19,0.745,0.756,0.74,0.756,76073689,56879960,绿色电力ETF,SZ,159869
2022-05-20,105.8,105.95,105.78,105.8,2780,294112,1-3年国债ETF,SH,511020
2022-05-20,117.472,117.522,117.425,117.486,1182760,138968520,7-10年国债ETF,SH,511260
2022-05-20,105.067,105.076,105.058,105.071,34860100,3662689248,信用债ETF,SH,511360
2022-05-20,0.993,0.997,0.989,0.995,1998700,1982091,短融ETF,SZ,159976
2022-05-20,3.93,3.988,3.93,3.935,1834600,7240419,绿色债券ETF(南方),SH,518890
2022-05-20,0.759,0.767,0.756,0.767,57131758,43470314,绿色电力ETF,SZ,159869
2022-05-23,105.65,105.755,105.65,105.755,600,63401,1-3年国债ETF,SH,511020
2022-05-23,117.512,117.628,117.512,117.615,1197320,140802792,7-10年国债ETF,SH,511260
2022-05-23,105.087,105.09,105.084,105.088,26972500,2834495140,信用债ETF,SH,511360
2022-05-23,0.992,0.992,0.983,0.987,2210700,2176947,短融ETF,SZ,159976
2022-05-23,3.942,3.954,3.936,3.936,1086163,4287308,绿色债券ETF(南方),SH,518890
2022-05-23,0.771,0.785,0.77,0.776,63547061,49353776,绿色电力ETF,SZ,159869
2022-05-24,105.9,105.9,105.83,105.83,9700,1027223,1-3年国债ETF,SH,511020
2022-05-24,117.665,117.729,117.594,117.718,598600,70448451,7-10年国债ETF,SH,511260
2022-05-24,105.095,105.105,105.095,105.103,29094900,3057955645,信用债ETF,SH,511360
2022-05-24,0.98,0.987,0.968,0.968,3370900,3313925,短融ETF,SZ,159976
2022-05-24,3.931,3.947,3.931,3.944,503819,1986890,绿色债券ETF(南方),SH,518890
2022-05-24,0.775,0.775,0.745,0.746,66341100,50798234,绿色电力ETF,SZ,159869
2022-05-25,105.831,105.95,105.831,105.95,1400,148318,1-3年国债ETF,SH,511020
2022-05-25,117.67,117.9,117.67,117.855,1200300,141502429,7-10年国债ETF,SH,511260
2022-05-25,105.112,105.114,105.094,105.095,27738700,2915475178,信用债ETF,SH,511360
2022-05-25,0.968,0.968,0.963,0.967,1761700,1701238,短融ETF,SZ,159976
2022-05-25,3.957,3.958,3.949,3.949,397400,1571830,绿色债券ETF(南方),SH,518890
2022-05-25,0.745,0.767,0.741,0.767,64183700,48245370,绿色电力ETF,SZ,159869
2022-05-26,106.132,106.15,105.8,105.8,11400,1209159,1-3年国债ETF,SH,511020
2022-05-26,117.859,118.195,117.859,118.1,1583900,187103604,7-10年国债ETF,SH,511260
2022-05-26,105.1,105.105,105.079,105.086,30427162,3197736905,信用债ETF,SH,511360
2022-05-26,0.963,0.973,0.956,0.968,2207000,2122769,短融ETF,SZ,159976
2022-05-26,3.959,3.97,3.943,3.97,999400,3960422,绿色债券ETF(南方),SH,518890
2022-05-26,0.768,0.773,0.756,0.772,51353922,39304512,绿色电力ETF,SZ,159869
2022-05-27,106.25,106.25,106.2,106.25,4800,509995,1-3年国债ETF,SH,511020
2022-05-27,118.05,118.28,118.05,118.12,1448464,171038046,7-10年国债ETF,SH,511260
2022-05-27,105.103,105.111,105.095,105.11,39629149,4165030620,信用债ETF,SH,511360
2022-05-27,0.984,0.987,0.971,0.975,871500,857945,短融ETF,SZ,159976
2022-05-27,3.966,3.985,3.966,3.982,1121413,4465693,绿色债券ETF(南方),SH,518890
2022-05-27,0.773,0.778,0.76,0.767,61437368,47450965,绿色电力ETF,SZ,159869
2022-05-30,106.202,106.387,106.201,106.35,1500,159483,1-3年国债ETF,SH,511020
2022-05-30,118.13,118.135,117.95,117.976,1374100,162219987,7-10年国债ETF,SH,511260
2022-05-30,105.119,105.12,105.1,105.103,39586098,4160934382,信用债ETF,SH,511360
2022-05-30,0.975,0.989,0.975,0.987,3744900,3693129,短融ETF,SZ,159976
2022-05-30,3.969,3.969,3.946,3.949,779100,3077982,绿色债券ETF(南方),SH,518890
2022-05-30,0.768,0.768,0.756,0.765,52695221,40075228,绿色电力ETF,SZ,159869
2022-05-31,106.3,106.3,106.1,106.1,1010,107311,1-3年国债ETF,SH,511020
2022-05-31,117.954,117.998,117.75,117.783,1415900,166792019,7-10年国债ETF,SH,511260
2022-05-31,105.11,105.127,105.107,105.117,39516900,4153948229,信用债ETF,SH,511360
2022-05-31,0.991,1.0,0.986,1.0,4341200,4307240,短融ETF,SZ,159976
2022-05-31,3.945,3.947,3.931,3.937,1352600,5326567,绿色债券ETF(南方),SH,518890
2022-05-31,0.76,0.78,0.756,0.778,61377036,47191942,绿色电力ETF,SZ,159869
2022-06-01,106.099,106.099,106.099,106.099,100,10610,1-3年国债ETF,SH,511020
2022-06-01,117.771,117.869,117.737,117.85,1843500,217229614,7-10年国债ETF,SH,511260
2022-06-01,105.116,105.133,105.106,105.13,23228607,2441889679,信用债ETF,SH,511360
2022-06-01,1.0,1.009,1.0,1.008,1346315,1352372,短融ETF,SZ,159976
2022-06-01,3.921,3.921,3.909,3.914,1001800,3919363,绿色债券ETF(南方),SH,518890
2022-06-01,0.779,0.787,0.772,0.778,51100664,39853885,绿色电力ETF,SZ,159869
2022-06-02,106.05,106.099,105.756,106.099,1800,190751,1-3年国债ETF,SH,511020
2022-06-02,117.85,117.9,117.725,117.755,1517000,178779687,7-10年国债ETF,SH,511260
2022-06-02,105.142,105.148,105.132,105.139,46667300,4906724258,信用债ETF,SH,511360
2022-06-02,1.002,1.006,1.001,1.006,640000,641742,短融ETF,SZ,159976
2022-06-02,3.933,3.946,3.933,3.942,522800,2060048,绿色债券ETF(南方),SH,518890
2022-06-02,0.778,0.781,0.767,0.781,46472200,35863095,绿色电力ETF,SZ,159869
2022-06-06,105.949,105.949,105.949,105.949,300,31785,1-3年国债ETF,SH,511020
2022-06-06,117.713,117.79,117.654,117.689,1974600,232409107,7-10年国债ETF,SH,511260
2022-06-06,105.142,105.152,105.128,105.13,30817700,3240177698,信用债ETF,SH,511360
2022-06-06,1.01,1.022,1.002,1.021,1086215,1100848,短融ETF,SZ,159976
2022-06-06,3.925,3.934,3.925,3.931,741600,2915088,绿色债券ETF(南方),SH,518890
2022-06-06,0.779,0.795,0.778,0.795,59816166,47091132,绿色电力ETF,SZ,159869
2022-06-07,105.9,105.9,105.757,105.898,800,84677,1-3年国债ETF,SH,511020
2022-06-07,117.65,117.699,117.64,117.696,2340900,275476979,7-10年国债ETF,SH,511260
2022-06-07,105.139,105.139,105.124,105.135,34798660,3658401132,信用债ETF,SH,511360
2022-06-07,1.025,1.031,1.022,1.025,2111009,2166008,短融ETF,SZ,159976
2022-06-07,3.919,3.919,3.909,3.917,1413400,5529812,绿色债券ETF(南方),SH,518890
2022-06-07,0.796,0.806,0.789,0.798,57186760,45675706,绿色电力ETF,SZ,159869
2022-06-08,105.4,106.1,105.4,106.1,4600,486658,1-3年国债ETF,SH,511020
2022-06-08,117.704,117.779,117.683,117.712,2266400,266794430,7-10年国债ETF,SH,511260
2022-06-08,105.125,105.128,105.115,105.118,33380172,3509020585,信用债ETF,SH,511360
2022-06-08,1.028,1.039,1.028,1.038,860105,889689,短融ETF,SZ,159976
2022-06-08,3.924,3.941,3.924,3.933,875300,3442729,绿色债券ETF(南方),SH,518890
2022-06-08,0.82,0.82,0.789,0.803,105356912,84798848,绿色电力ETF,SZ,159869
2022-06-09,117.716,117.898,117.712,117.89,2276500,268159963,7-10年国债ETF,SH,511260
2022-06-09,105.128,105.129,105.118,105.12,33215622,3491777196,信用债ETF,SH,511360
2022-06-09,1.046,1.046,1.03,1.031,2308900,2398866,短融ETF,SZ,159976
2022-06-09,3.944,3.954,3.94,3.94,156600,618176,绿色债券ETF(南方),SH,518890
2022-06-09,0.793,0.807,0.791,0.796,62907122,50180129,绿色电力ETF,SZ,159869
2022-06-10,106.0,106.0,105.902,105.902,4200,444995,1-3年国债ETF,SH,511020
2022-06-10,117.894,118.0,117.83,117.851,1933500,227955291,7-10年国债ETF,SH,511260
2022-06-10,105.127,105.163,105.127,105.15,37319700,3923573529,信用债ETF,SH,511360
2022-06-10,1.025,1.047,1.025,1.045,2331707,2412394,短融ETF,SZ,159976
2022-06-10,3.935,3.935,3.925,3.926,656063,2579669,绿色债券ETF(南方),SH,518890
2022-06-10,0.786,0.801,0.784,0.799,50516800,40044647,绿色电力ETF,SZ,159869
2022-06-13,105.801,106.049,105.8,105.998,4900,518755,1-3年国债ETF,SH,511020
2022-06-13,117.848,118.0,117.652,117.927,2332200,275028600,7-10年国债ETF,SH,511260
2022-06-13,105.14,105.168,105.14,105.166,31322371,3293922947,信用债ETF,SH,511360
2022-06-13,1.029,1.036,1.021,1.029,1850000,1906070,短融ETF,SZ,159976
2022-06-13,3.993,3.999,3.988,3.988,1774939,7088065,绿色债券ETF(南方),SH,518890
2022-06-13,0.794,0.795,0.782,0.79,53457300,42154749,绿色电力ETF,SZ,159869
2022-06-14,105.999,105.999,105.701,105.949,500,52955,1-3年国债ETF,SH,511020
2022-06-14,117.92,117.925,117.682,117.756,2777200,327192749,7-10年国债ETF,SH,511260
2022-06-14,105.178,105.179,105.161,105.164,29379641,3089823174,信用债ETF,SH,511360
2022-06-14,1.019,1.034,1.011,1.033,2063823,2109123,短融ETF,SZ,159976
2022-06-14,3.94,3.94,3.911,3.914,1015413,3977476,绿色债券ETF(南方),SH,518890
2022-06-14,0.78,0.785,0.759,0.783,55544200,42944978,绿色电力ETF,SZ,159869
2022-06-15,105.998,105.999,105.988,105.989,1800,190783,1-3年国债ETF,SH,511020
2022-06-15,117.724,117.8,117.652,117.762,2186700,257545647,7-10年国债ETF,SH,511260
2022-06-15,105.167,105.169,105.155,105.158,37582541,3952331481,信用债ETF,SH,511360
2022-06-15,1.037,1.059,1.037,1.044,3170832,3327565,短融ETF,SZ,159976
2022-06-15,3.907,3.907,3.88,3.896,1259200,4900597,绿色债券ETF(南方),SH,518890
2022-06-15,0.783,0.802,0.782,0.79,58569154,46339347,绿色电力ETF,SZ,159869
2022-06-16,105.95,105.95,105.804,105.95,1600,169505,1-3年国债ETF,SH,511020
2022-06-16,117.721,117.859,117.583,117.69,1900200,223709799,7-10年国债ETF,SH,511260
2022-06-16,105.164,105.168,105.16,105.163,39967882,4203173455,信用债ETF,SH,511360
2022-06-16,1.043,1.044,1.032,1.036,2583900,2687170,短融ETF,SZ,159976
2022-06-16,3.909,3.912,3.506,3.908,1068000,4174611,绿色债券ETF(南方),SH,518890
2022-06-16,0.79,0.829,0.79,0.825,106888142,87470448,绿色电力ETF,SZ,159869
2022-06-17,105.803,106.089,105.803,106.079,700,74118,1-3年国债ETF,SH,511020
2022-06-17,117.684,117.777,117.605,117.73,2524600,297265622,7-10年国债ETF,SH,511260
2022-06-17,105.178,105.195,105.169,105.193,38880100,4089395489,信用债ETF,SH,511360
2022-06-17,1.015,1.139,1.015,1.041,4456600,4608236,短融ETF,SZ,159976
2022-06-17,3.928,3.936,3.921,3.927,357863,1406604,绿色债券ETF(南方),SH,518890
2022-06-17,0.825,0.825,0.799,0.812,61898205,50172227,绿色电力ETF,SZ,159869
2022-06-20,106.039,106.04,105.802,105.802,700,74180,1-3年国债ETF,SH,511020
2022-06-20,117.713,117.78,117.615,117.669,2886900,339756298,7-10年国债ETF,SH,511260
2022-06-20,105.19,105.207,105.187,105.192,49289390,5185198209,信用债ETF,SH,511360
2022-06-20,1.045,1.059,1.044,1.055,4191905,4402856,短融ETF,SZ,159976
2022-06-20,3.927,3.927,3.919,3.919,852100,3340641,绿色债券ETF(南方),SH,518890
2022-06-20,0.809,0.82,0.806,0.82,140284754,114085303,绿色电力ETF,SZ,159869
2022-06-21,105.999,105.999,105.851,105.851,700,74145,1-3年国债ETF,SH,511020
2022-06-21,117.63,117.717,117.621,117.688,2807700,330356334,7-10年国债ETF,SH,511260
2022-06-21,105.202,105.215,105.2,105.214,43702645,4597869752,信用债ETF,SH,511360
2022-06-21,1.054,1.065,1.054,1.062,2267500,2405901,短融ETF,SZ,159976
2022-06-21,3.917,3.918,3.911,3.911,168442,659172,绿色债券ETF(南方),SH,518890
2022-06-21,0.822,0.832,0.811,0.83,96909134,79441686,绿色电力ETF,SZ,159869
2022-06-22,105.852,105.999,105.852,105.999,700,74185,1-3年国债ETF,SH,511020
2022-06-22,117.688,117.8,117.679,117.76,3399700,400253121,7-10年国债ETF,SH,511260
2022-06-22,105.219,105.234,105.215,105.23,46881200,4932897111,信用债ETF,SH,511360
2022-06-22,1.061,1.061,1.047,1.047,2790107,2943335,短融ETF,SZ,159976
2022-06-22,3.91,3.913,3.908,3.911,1278500,4999565,绿色债券ETF(南方),SH,518890
2022-06-22,0.827,0.83,0.8,0.801,64920813,52831423,绿色电力ETF,SZ,159869
2022-06-23,105.803,105.867,105.803,105.867,800,84662,1-3年国债ETF,SH,511020
2022-06-23,117.772,117.8,117.71,117.738,3239200,381439928,7-10年国债ETF,SH,511260
2022-06-23,105.235,105.237,105.226,105.229,43792379,4608346158,信用债ETF,SH,511360
2022-06-23,1.05,1.06,1.044,1.06,1351600,1423958,短融ETF,SZ,159976
2022-06-23,3.921,3.921,3.914,3.916,873000,3418994,绿色债券ETF(南方),SH,518890
2022-06-23,0.799,0.809,0.792,0.809,55395551,44326244,绿色电力ETF,SZ,159869
2022-06-24,105.8,105.899,105.8,105.899,5600,592530,1-3年国债ETF,SH,511020
2022-06-24,117.738,117.832,117.7,117.714,3715000,437484755,7-10年国债ETF,SH,511260
2022-06-24,105.24,105.26,105.237,105.252,54442300,5730101363,信用债ETF,SH,511360
2022-06-24,1.064,1.08,1.064,1.077,1702970,1828167,短融ETF,SZ,159976
2022-06-24,3.911,4.128,3.81,3.887,1770000,6880614,绿色债券ETF(南方),SH,518890
2022-06-24,0.806,0.817,0.806,0.811,48203812,39094587,绿色电力ETF,SZ,159869
2022-06-27,106.0,106.0,105.7,105.7,5800,613430,1-3年国债ETF,SH,511020
2022-06-27,117.664,117.664,117.392,117.424,3846000,451877057,7-10年国债ETF,SH,511260
2022-06-27,105.259,105.264,105.244,105.252,49647630,5225509246,信用债ETF,SH,511360
2022-06-27,1.085,1.097,1.084,1.087,4019601,4383845,短融ETF,SZ,159976
2022-06-27,3.899,3.91,3.899,3.909,446400,1744300,绿色债券ETF(南方),SH,518890
2022-06-27,0.813,0.828,0.811,0.816,101953604,83925962,绿色电力ETF,SZ,159869
2022-06-28,105.701,105.701,105.503,105.669,700,73907,1-3年国债ETF,SH,511020
2022-06-28,117.375,117.464,117.374,117.443,3820100,448667652,7-10年国债ETF,SH,511260
2022-06-28,105.257,105.269,105.246,105.26,55719200,5864909601,信用债ETF,SH,511360
2022-06-28,1.081,1.092,1.074,1.091,2926000,3162887,短融ETF,SZ,159976
2022-06-28,3.904,3.904,3.891,3.891,313000,1218703,绿色债券ETF(南方),SH,518890
2022-06-28,0.811,0.825,0.807,0.825,50673447,41346633,绿色电力ETF,SZ,159869
2022-06-29,105.508,105.9,105.508,105.75,4500,475660,1-3年国债ETF,SH,511020
2022-06-29,117.433,117.55,117.393,117.417,3307260,388403806,7-10年国债ETF,SH,511260
2022-06-29,105.25,105.267,105.248,105.265,70583860,7429663178,信用债ETF,SH,511360
2022-06-29,1.089,1.091,1.074,1.074,3610503,3918287,短融ETF,SZ,159976
2022-06-29,3.891,3.892,3.884,3.884,274548,1067906,绿色债券ETF(南方),SH,518890
2022-06-29,0.82,0.828,0.808,0.809,62802061,51465385,绿色电力ETF,SZ,159869
2022-06-30,105.739,105.79,105.7,105.75,1300,137448,1-3年国债ETF,SH,511020
2022-06-30,117.393,117.658,117.393,117.565,3870600,454642492,7-10年国债ETF,SH,511260
2022-06-30,105.263,105.309,105.261,105.301,52790155,5557323870,信用债ETF,SH,511360
2022-06-30,1.08,1.091,1.076,1.085,2942417,3186070,短融ETF,SZ,159976
2022-06-30,3.886,3.886,3.874,3.876,1268100,4921967,绿色债券ETF(南方),SH,518890
2022-06-30,0.809,0.824,0.808,0.82,70125142,57418750,绿色电力ETF,SZ,159869
2022-07-01,105.78,105.78,105.78,105.78,100,10578,1-3年国债ETF,SH,511020
2022-07-01,117.566,117.65,117.521,117.6,3611600,424787141,7-10年国债ETF,SH,511260
2022-07-01,105.295,105.297,105.264,105.272,35247287,3711150490,信用债ETF,SH,511360
2022-07-01,1.083,1.102,1.045,1.078,842001,911666,短融ETF,SZ,159976
2022-07-01,3.869,3.869,3.838,3.84,1861400,7160329,绿色债券ETF(南方),SH,518890
2022-07-01,0.821,0.821,0.806,0.812,50859206,41257459,绿色电力ETF,SZ,159869
2022-07-04,105.7,105.7,105.6,105.6,2300,242892,1-3年国债ETF,SH,511020
2022-07-04,117.645,117.645,117.36,117.426,4017100,471860782,7-10年国债ETF,SH,511260
2022-07-04,105.291,105.292,105.261,105.279,45376772,4777311936,信用债ETF,SH,511360
2022-07-04,1.078,1.083,1.053,1.079,2647700,2842662,短融ETF,SZ,159976
2022-07-04,3.85,4.069,3.715,3.864,939006,3628310,绿色债券ETF(南方),SH,518890
2022-07-04,0.81,0.81,0.801,0.809,50788739,40948781,绿色电力ETF,SZ,159869
2022-07-05,105.453,105.456,105.453,105.456,300,31637,1-3年国债ETF,SH,511020
2022-07-05,117.376,117.476,117.376,117.426,3995000,469062148,7-10年国债ETF,SH,511260
2022-07-05,105.284,105.296,105.281,105.295,35774400,3766616962,信用债ETF,SH,511360
2022-07-05,1.074,1.089,1.065,1.072,3281600,3529087,短融ETF,SZ,159976
2022-07-05,3.857,3.865,3.857,3.857,588300,2271574,绿色债券ETF(南方),SH,518890
2022-07-05,0.81,0.814,0.787,0.796,61220714,48766688,绿色电力ETF,SZ,159869
2022-07-06,105.501,105.501,105.501,105.501,400,42200,1-3年国债ETF,SH,511020
2022-07-06,117.435,117.578,117.435,117.575,3330300,391324211,7-10年国债ETF,SH,511260
2022-07-06,105.294,105.307,105.291,105.304,27333010,2878091274,信用债ETF,SH,511360
2022-07-06,1.073,1.073,1.051,1.059,2712713,2883998,短融ETF,SZ,159976
2022-07-06,3.804,3.804,3.772,3.778,1243700,4693935,绿色债券ETF(南方),SH,518890
2022-07-06,0.793,0.795,0.776,0.783,55476606,43596414,绿色电力ETF,SZ,159869
2022-07-07,105.7,105.779,105.7,105.779,1400,147996,1-3年国债ETF,SH,511020
2022-07-07,117.578,117.699,117.47,117.699,2771600,325867833,7-10年国债ETF,SH,511260
2022-07-07,105.304,105.331,105.301,105.331,29512489,3108070698,信用债ETF,SH,511360
2022-07-07,1.056,1.066,1.055,1.066,3448294,3666821,短融ETF,SZ,159976
2022-07-07,3.737,3.737,3.716,3.731,1968600,7338964,绿色债券ETF(南方),SH,518890
2022-07-07,0.782,0.784,0.773,0.779,43658761,33996845,绿色电力ETF,SZ,159869
2022-07-08,105.844,105.844,105.651,105.731,1300,137441,1-3年国债ETF,SH,511020
2022-07-08,117.651,117.69,117.6,117.648,3026000,356040398,7-10年国债ETF,SH,511260
2022-07-08,105.336,105.359,105.33,105.344,22724782,2393772145,信用债ETF,SH,511360
2022-07-08,1.071,1.075,1.067,1.067,2803200,2999784,短融ETF,SZ,159976
2022-07-08,3.726,3.728,3.72,3.728,528000,1966181,绿色债券ETF(南方),SH,518890
2022-07-08,0.779,0.794,0.779,0.783,62376880,49078871,绿色电力ETF,SZ,159869
2022-07-11,105.848,105.85,105.848,105.85,3500,370474,1-3年国债ETF,SH,511020
2022-07-11,117.649,117.799,117.638,117.772,3943800,464107659,7-10年国债ETF,SH,511260
2022-07-11,105.347,105.358,105.346,105.349,24984200,2632177395,信用债ETF,SH,511360
2022-07-11,1.059,1.059,1.045,1.048,2837400,2975939,短融ETF,SZ,159976
2022-07-11,3.722,3.989,3.721,3.849,550100,2049457,绿色债券ETF(南方),SH,518890
2022-07-11,0.78,0.782,0.771,0.776,47998755,37230526,绿色电力ETF,SZ,159869
2022-07-12,105.999,106.0,105.851,105.851,1700,180021,1-3年国债ETF,SH,511020
2022-07-12,117.799,117.808,117.739,117.788,3067000,361246544,7-10年国债ETF,SH,511260
2022-07-12,105.354,105.368,105.354,105.363,36169300,3810745728,信用债ETF,SH,511360
2022-07-12,1.047,1.051,1.038,1.04,1432600,1495739,短融ETF,SZ,159976
2022-07-12,3.854,3.949,3.717,3.947,672700,2504972,绿色债券ETF(南方),SH,518890
2022-07-12,0.782,0.782,0.765,0.765,45349119,34911214,绿色电力ETF,SZ,159869
2022-07-13,106.095,106.095,105.851,106.095,600,63633,1-3年国债ETF,SH,511020
2022-07-13,117.788,117.989,117.788,117.907,4165800,491052135,7-10年国债ETF,SH,511260
2022-07-13,105.364,105.369,105.362,105.367,25199500,2655159430,信用债ETF,SH,511360
2022-07-13,1.035,1.039,1.029,1.033,2308300,2387943,短融ETF,SZ,159976
2022-07-13,3.942,3.942,3.697,3.704,1392200,5163182,绿色债券ETF(南方),SH,518890
2022-07-13,0.772,0.788,0.771,0.778,56520162,44068037,绿色电力ETF,SZ,159869
2022-07-14,105.852,106.095,105.852,106.095,800,84745,1-3年国债ETF,SH,511020
2022-07-14,117.907,117.956,117.863,117.917,3651100,430522968,7-10年国债ETF,SH,511260
2022-07-14,105.369,105.377,105.368,105.374,24600900,2592274741,信用债ETF,SH,511360
2022-07-14,1.028,1.038,1.028,1.031,1319100,1359418,短融ETF,SZ,159976
2022-07-14,3.712,3.721,3.707,3.709,1613400,5989822,绿色债券ETF(南方),SH,518890
2022-07-14,0.771,0.78,0.769,0.776,43766242,33912177,绿色电力ETF,SZ,159869
2022-07-15,106.001,106.077,106.0,106.077,500,53008,1-3年国债ETF,SH,511020
2022-07-15,117.921,118.103,117.921,118.069,3131800,369666301,7-10年国债ETF,SH,511260
2022-07-15,105.385,105.392,105.383,105.388,28145400,2966198796,信用债ETF,SH,511360
2022-07-15,1.035,1.037,1.022,1.022,1557304,1604296,短融ETF,SZ,159976
2022-07-15,3.696,3.703,3.677,3.679,3269900,12069426,绿色债券ETF(南方),SH,518890
2022-07-15,0.777,0.777,0.755,0.756,48933800,37399056,绿色电力ETF,SZ,159869
2022-07-18,106.098,106.349,106.098,106.349,1100,116780,1-3年国债ETF,SH,511020
2022-07-18,118.069,118.166,117.872,117.976,3529100,416709593,7-10年国债ETF,SH,511260
2022-07-18,105.394,105.412,105.394,105.411,22125372,2332088557,信用债ETF,SH,511360
2022-07-18,1.024,1.033,1.013,1.029,2190600,2239948,短融ETF,SZ,159976
2022-07-18,3.683,3.702,3.683,3.695,4235300,15654617,绿色债券ETF(南方),SH,518890
2022-07-18,0.756,0.778,0.756,0.777,54933892,42327156,绿色电力ETF,SZ,159869
2022-07-19,106.2,106.2,106.2,106.2,10,1062,1-3年国债ETF,SH,511020
2022-07-19,117.982,117.982,117.859,117.912,3312000,390567687,7-10年国债ETF,SH,511260
2022-07-19,105.424,105.435,105.424,105.433,28554050,3010501399,信用债ETF,SH,511360
2022-07-19,1.027,1.028,1.019,1.024,1801709,1845347,短融ETF,SZ,159976
2022-07-19,3.678,3.688,3.678,3.687,1244400,4585048,绿色债券ETF(南方),SH,518890
2022-07-19,0.779,0.796,0.776,0.796,61556962,48390446,绿色电力ETF,SZ,159869
2022-07-20,117.943,118.041,117.862,117.959,3256680,384033099,7-10年国债ETF,SH,511260
2022-07-20,105.44,105.447,105.433,105.44,35490994,3742200485,信用债ETF,SH,511360
2022-07-20,1.032,1.034,1.031,1.031,1415400,1461782,短融ETF,SZ,159976
2022-07-20,3.688,3.693,3.685,3.685,1715900,6328322,绿色债券ETF(南方),SH,518890
2022-07-20,0.8,0.805,0.794,0.805,66666123,53304366,绿色电力ETF,SZ,159869
2022-07-21,117.977,121.5,117.977,118.094,3115500,367900365,7-10年国债ETF,SH,511260
2022-07-21,105.449,105.45,105.437,105.445,32188976,3394164065,信用债ETF,SH,511360
2022-07-21,1.03,1.03,1.022,1.022,715300,734435,短融ETF,SZ,159976
2022-07-21,3.663,3.664,3.607,3.653,2822944,10328824,绿色债券ETF(南方),SH,518890
2022-07-21,0.805,0.827,0.802,0.818,143081764,117099331,绿色电力ETF,SZ,159869
2022-07-22,106.3,106.348,106.3,106.348,500,53155,1-3年国债ETF,SH,511020
2022-07-22,118.101,118.144,118.06,118.143,2431100,287115448,7-10年国债ETF,SH,511260
2022-07-22,105.452,105.471,105.452,105.47,27147100,2862987838,信用债ETF,SH,511360
2022-07-22,1.029,1.029,1.012,1.019,1877900,1920790,短融ETF,SZ,159976
2022-07-22,3.682,3.9,3.682,3.706,1936633,7175214,绿色债券ETF(南方),SH,518890
2022-07-22,0.815,0.819,0.797,0.806,64784482,52482756,绿色电力ETF,SZ,159869
2022-07-25,106.25,106.25,106.25,106.25,100,10625,1-3年国债ETF,SH,511020
2022-07-25,118.148,118.323,118.047,118.186,4739700,560012620,7-10年国债ETF,SH,511260
2022-07-25,105.48,105.486,105.477,105.48,25422200,2681589193,信用债ETF,SH,511360
2022-07-25,1.014,1.014,1.009,1.012,1518100,1535414,短融ETF,SZ,159976
2022-07-25,3.715,3.728,3.709,3.721,789600,2939359,绿色债券ETF(南方),SH,518890
2022-07-25,0.804,0.809,0.787,0.788,97759942,77557319,绿色电力ETF,SZ,159869
2022-07-26,118.186,118.34,118.137,118.31,3358100,397274743,7-10年国债ETF,SH,511260
2022-07-26,105.486,105.488,105.483,105.487,28665430,3023762899,信用债ETF,SH,511360
2022-07-26,1.016,1.023,1.015,1.023,581000,592437,短融ETF,SZ,159976
2022-07-26,3.722,3.722,3.714,3.722,596800,2219802,绿色债券ETF(南方),SH,518890
2022-07-26,0.792,0.803,0.791,0.803,50218018,40077723,绿色电力ETF,SZ,159869
2022-07-27,106.45,106.584,106.45,106.582,300,31962,1-3年国债ETF,SH,511020
2022-07-27,118.31,118.474,118.269,118.377,3618800,428497054,7-10年国债ETF,SH,511260
2022-07-27,105.494,105.501,105.491,105.494,26820400,2829401295,信用债ETF,SH,511360
2022-07-27,1.019,1.021,1.015,1.016,1296710,1320442,短融ETF,SZ,159976
2022-07-27,3.716,3.716,3.708,3.715,1378500,5116559,绿色债券ETF(南方),SH,518890
2022-07-27,0.799,0.803,0.795,0.798,42794491,34166857,绿色电力ETF,SZ,159869
2022-07-28,106.4,106.4,106.4,106.4,400,42560,1-3年国债ETF,SH,511020
2022-07-28,118.38,118.425,118.35,118.36,3799100,449790944,7-10年国债ETF,SH,511260
2022-07-28,105.499,105.504,105.485,105.49,38161948,4026083561,信用债ETF,SH,511360
2022-07-28,1.02,1.028,1.018,1.018,1277800,1302689,短融ETF,SZ,159976
2022-07-28,3.741,3.75,3.728,3.75,2149800,8046433,绿色债券ETF(南方),SH,518890
2022-07-28,0.799,0.804,0.793,0.795,65651974,52511088,绿色电力ETF,SZ,159869
2022-07-29,106.32,106.32,106.32,106.32,100,10632,1-3年国债ETF,SH,511020
2022-07-29,118.377,118.777,118.32,118.774,3693900,438047029,7-10年国债ETF,SH,511260
2022-07-29,105.507,105.522,105.507,105.52,25678327,2709473387,信用债ETF,SH,511360
2022-07-29,1.019,1.019,1.0,1.0,2631000,2661733,短融ETF,SZ,159976
2022-07-29,3.771,3.809,3.771,3.808,1789700,6790191,绿色债券ETF(南方),SH,518890
2022-07-29,0.793,0.804,0.786,0.79,68144363,54108837,绿色电力ETF,SZ,159869
2022-08-01,106.501,106.501,106.501,106.501,100,10650,1-3年国债ETF,SH,511020
2022-08-01,118.774,118.914,118.63,118.9,2633900,313085686,7-10年国债ETF,SH,511260
2022-08-01,105.53,105.545,105.527,105.543,27410271,2892672867,信用债ETF,SH,511360
2022-08-01,0.994,1.006,0.994,1.005,1230000,1230330,短融ETF,SZ,159976
2022-08-01,3.806,3.807,3.794,3.806,1329838,5057754,绿色债券ETF(南方),SH,518890
2022-08-01,0.784,0.795,0.776,0.793,66109451,52076296,绿色电力ETF,SZ,159869
2022-08-02,106.601,106.799,106.601,106.61,3900,415771,1-3年国债ETF,SH,511020
2022-08-02,118.851,119.17,118.851,119.035,3610200,429639391,7-10年国债ETF,SH,511260
2022-08-02,105.547,105.553,105.529,105.54,30920300,3263452984,信用债ETF,SH,511360
2022-08-02,0.994,0.994,0.979,0.985,3966800,3911102,短融ETF,SZ,159976
2022-08-02,3.845,3.847,3.828,3.836,1587231,6088380,绿色债券ETF(南方),SH,518890
2022-08-02,0.788,0.788,0.753,0.76,76491076,58542309,绿色电力ETF,SZ,159869
2022-08-03,119.035,119.05,118.79,119.032,4462600,530831387,7-10年国债ETF,SH,511260
2022-08-03,105.553,105.588,105.552,105.587,34040256,3593416438,信用债ETF,SH,511360
2022-08-03,0.995,0.995,0.975,0.975,867900,856133,短融ETF,SZ,159976
2022-08-03,3.82,3.82,3.797,3.814,1686038,6421507,绿色债券ETF(南方),SH,518890
2022-08-03,0.762,0.774,0.751,0.755,56221071,43022492,绿色电力ETF,SZ,159869
2022-08-04,119.001,119.264,119.001,119.192,3434776,409254022,7-10年国债ETF,SH,511260
2022-08-04,105.587,105.604,105.581,105.6,30928152,3265913329,信用债ETF,SH,511360
2022-08-04,0.984,0.992,0.983,0.99,3032617,2990198,短融ETF,SZ,159976
2022-08-04,3.812,3.826,3.807,3.818,1043200,3981058,绿色债券ETF(南方),SH,518890
2022-08-04,0.759,0.765,0.751,0.765,48781262,36987893,绿色电力ETF,SZ,159869
2022-08-05,106.849,106.849,106.849,106.849,100,10685,1-3年国债ETF,SH,511020
2022-08-05,119.242,119.242,119.103,119.12,2817400,335744363,7-10年国债ETF,SH,511260
2022-08-05,105.611,105.615,105.6,105.602,37699735,3981438215,信用债ETF,SH,511360
2022-08-05,0.993,1.002,0.991,1.0,2271796,2259307,短融ETF,SZ,159976
2022-08-05,3.83,3.89,3.83,3.85,1512744,5827840,绿色债券ETF(南方),SH,518890
2022-08-05,0.764,0.79,0.764,0.79,60439127,47152613,绿色电力ETF,SZ,159869
2022-08-08,106.849,106.849,106.849,106.849,100,10685,1-3年国债ETF,SH,511020
2022-08-08,119.071,119.119,118.8,118.992,3091000,367959191,7-10年国债ETF,SH,511260
2022-08-08,105.611,105.616,105.604,105.616,36605900,3865907999,信用债ETF,SH,511360
2022-08-08,1.0,1.0,0.994,0.998,1271500,1268632,短融ETF,SZ,159976
2022-08-08,3.84,3.92,3.823,3.833,951900,3648086,绿色债券ETF(南方),SH,518890
2022-08-08,0.791,0.798,0.788,0.796,45436145,36026390,绿色电力ETF,SZ,159869
2022-08-09,106.899,106.899,106.849,106.85,1200,128225,1-3年国债ETF,SH,511020
2022-08-09,118.984,119.042,118.889,118.908,2760000,328424279,7-10年国债ETF,SH,511260
2022-08-09,105.621,105.626,105.618,105.621,29768237,3144217897,信用债ETF,SH,511360
2022-08-09,0.996,0.999,0.99,0.995,879100,876021,短融ETF,SZ,159976
2022-08-09,3.84,3.854,3.83,3.846,1341600,5160992,绿色债券ETF(南方),SH,518890
2022-08-09,0.792,0.797,0.781,0.79,45514906,35772366,绿色电力ETF,SZ,159869
2022-08-10,106.85,106.85,106.651,106.651,700,74716,1-3年国债ETF,SH,511020
2022-08-10,118.908,119.212,118.898,119.104,3744300,445986670,7-10年国债ETF,SH,511260
2022-08-10,105.621,105.623,105.612,105.616,37917700,4004800237,信用债ETF,SH,511360
2022-08-10,0.991,0.992,0.978,0.98,958268,943146,短融ETF,SZ,159976
2022-08-10,3.852,3.87,3.852,3.856,495900,1914367,绿色债券ETF(南方),SH,518890
2022-08-10,0.784,0.787,0.777,0.78,48664509,38046947,绿色电力ETF,SZ,159869
2022-08-11,119.108,119.14,118.9,118.96,4038600,480804429,7-10年国债ETF,SH,511260
2022-08-11,105.615,105.615,105.593,105.595,41583471,4391615371,信用债ETF,SH,511360
2022-08-11,0.987,1.002,0.985,1.002,1477300,1468074,短融ETF,SZ,159976
2022-08-11,3.843,3.848,3.801,3.835,1207863,4633821,绿色债券ETF(南方),SH,518890
2022-08-11,0.782,0.806,0.782,0.804,68296207,54502962,绿色电力ETF,SZ,159869
2022-08-12,106.8,106.899,106.8,106.899,900,96179,1-3年国债ETF,SH,511020
2022-08-12,118.958,119.042,118.85,118.873,3820000,454248249,7-10年国债ETF,SH,511260
2022-08-12,105.604,105.604,105.585,105.596,51021100,5387550057,信用债ETF,SH,511360
2022-08-12,1.002,1.002,1.0,1.001,377500,377767,短融ETF,SZ,159976
2022-08-12,3.935,3.999,3.835,3.852,793800,3053896,绿色债券ETF(南方),SH,518890
2022-08-12,0.805,0.824,0.801,0.821,72045727,58679557,绿色电力ETF,SZ,159869
2022-08-15,107.2,107.8,107.2,107.5,3600,386610,1-3年国债ETF,SH,511020
2022-08-15,118.923,119.5,118.923,119.423,3033300,362077049,7-10年国债ETF,SH,511260
2022-08-15,105.603,105.604,105.596,105.6,42544600,4492672033,信用债ETF,SH,511360
2022-08-15,1.004,1.007,1.0,1.001,1381400,1385880,短融ETF,SZ,159976
2022-08-15,3.856,3.878,3.836,3.865,1139450,4408714,绿色债券ETF(南方),SH,518890
2022-08-15,0.822,0.822,0.809,0.811,69033645,56074852,绿色电力ETF,SZ,159869
2022-08-16,107.3,107.4,107.3,107.4,1500,161070,1-3年国债ETF,SH,511020
2022-08-16,119.44,119.98,119.44,119.612,4514900,540006337,7-10年国债ETF,SH,511260
2022-08-16,105.617,105.638,105.596,105.61,57143700,6035769032,信用债ETF,SH,511360
2022-08-16,1.004,1.004,0.996,0.998,783400,784393,短融ETF,SZ,159976
2022-08-16,3.86,3.865,3.857,3.859,436300,1683617,绿色债券ETF(南方),SH,518890
2022-08-16,0.809,0.813,0.799,0.805,49913812,40160338,绿色电力ETF,SZ,159869
2022-08-17,107.5,107.5,107.351,107.5,1300,139735,1-3年国债ETF,SH,511020
2022-08-17,119.66,119.66,119.56,119.615,3638600,435251664,7-10年国债ETF,SH,511260
2022-08-17,105.624,105.627,105.612,105.62,39227770,4143242909,信用债ETF,SH,511360
2022-08-17,1.003,1.012,0.996,1.011,1139103,1140793,短融ETF,SZ,159976
2022-08-17,3.854,3.854,3.841,3.844,693700,2667533,绿色债券ETF(南方),SH,518890
2022-08-17,0.805,0.826,0.802,0.824,79963251,65397058,绿色电力ETF,SZ,159869
2022-08-18,107.55,107.55,107.55,107.55,300,32265,1-3年国债ETF,SH,511020
2022-08-18,119.65,119.794,119.578,119.793,4753900,569240881,7-10年国债ETF,SH,511260
2022-08-18,105.623,105.623,105.603,105.61,57043500,6024769003,信用债ETF,SH,511360
2022-08-18,1.01,1.012,1.006,1.009,94102,95007,短融ETF,SZ,159976
2022-08-18,3.839,3.839,3.699,3.822,483000,1847013,绿色债券ETF(南方),SH,518890
2022-08-18,0.821,0.821,0.802,0.811,67202476,54247807,绿色电力ETF,SZ,159869
2022-08-19,107.7,107.7,107.7,107.7,800,86160,1-3年国债ETF,SH,511020
2022-08-19,119.769,119.984,119.743,119.976,3759300,450612324,7-10年国债ETF,SH,511260
2022-08-19,105.612,105.635,105.612,105.632,50619600,5346614819,信用债ETF,SH,511360
2022-08-19,1.01,1.011,1.005,1.005,277404,280283,短融ETF,SZ,159976
2022-08-19,3.818,3.822,3.816,3.819,844400,3223969,绿色债券ETF(南方),SH,518890
2022-08-19,0.808,0.837,0.807,0.819,74635324,61657885,绿色电力ETF,SZ,159869
2022-08-22,107.68,107.68,107.6,107.68,200900,21621912,1-3年国债ETF,SH,511020
2022-08-22,119.982,120.059,119.84,119.872,3404200,408310774,7-10年国债ETF,SH,511260
2022-08-22,105.637,105.648,105.634,105.642,55309500,5842966601,信用债ETF,SH,511360
2022-08-22,1.0,1.008,1.0,1.008,151100,151924,短融ETF,SZ,159976
2022-08-22,3.814,3.817,3.804,3.804,245500,935937,绿色债券ETF(南方),SH,518890
2022-08-22,0.811,0.834,0.802,0.833,76348527,62821901,绿色电力ETF,SZ,159869
2022-08-23,107.63,107.7,107.6,107.7,325700,35061515,1-3年国债ETF,SH,511020
2022-08-23,119.875,119.904,119.824,119.88,3614400,433256373,7-10年国债ETF,SH,511260
2022-08-23,105.647,105.658,105.645,105.655,62728000,6627091447,信用债ETF,SH,511360
2022-08-23,1.008,1.008,0.999,0.999,587400,590256,短融ETF,SZ,159976
2022-08-23,3.808,3.822,3.808,3.819,429800,1640248,绿色债券ETF(南方),SH,518890
2022-08-23,0.83,0.833,0.819,0.824,51907262,42744656,绿色电力ETF,SZ,159869
2022-08-24,107.7,107.7,107.45,107.599,568100,61072875,1-3年国债ETF,SH,511020
2022-08-24,119.89,119.923,119.83,119.884,3329800,399078923,7-10年国债ETF,SH,511260
2022-08-24,105.656,105.675,105.65,105.673,63684891,6728917825,信用债ETF,SH,511360
2022-08-24,1.0,1.001,0.984,0.984,923100,916333,短融ETF,SZ,159976
2022-08-24,3.824,3.849,3.824,3.836,1521600,5842534,绿色债券ETF(南方),SH,518890
2022-08-24,0.826,0.835,0.81,0.81,124263739,101679948,绿色电力ETF,SZ,159869
2022-08-25,107.525,107.55,107.4,107.44,112600,12096296,1-3年国债ETF,SH,511020
2022-08-25,119.837,119.884,119.73,119.763,3224600,386458119,7-10年国债ETF,SH,511260
2022-08-25,105.672,105.672,105.65,105.658,50835350,5371596128,信用债ETF,SH,511360
2022-08-25,0.984,0.991,0.981,0.99,2946101,2900624,短融ETF,SZ,159976
2022-08-25,3.84,3.859,3.84,3.851,834700,3215495,绿色债券ETF(南方),SH,518890
2022-08-25,0.811,0.814,0.788,0.805,58657300,46980147,绿色电力ETF,SZ,159869
2022-08-26,107.39,107.443,107.29,107.291,393600,42257525,1-3年国债ETF,SH,511020
2022-08-26,119.74,119.8,119.623,119.631,2828700,338427799,7-10年国债ETF,SH,511260
2022-08-26,105.67,105.672,105.657,105.667,53780400,5682640154,信用债ETF,SH,511360
2022-08-26,0.995,1.001,0.993,0.999,4377606,4366648,短融ETF,SZ,159976
2022-08-26,4.027,4.027,3.833,3.858,1285000,4951627,绿色债券ETF(南方),SH,518890
2022-08-26,0.804,0.815,0.799,0.801,53045730,42773016,绿色电力ETF,SZ,159869
2022-08-29,107.34,107.34,107.242,107.3,401100,43038007,1-3年国债ETF,SH,511020
2022-08-29,119.597,119.789,119.582,119.725,5225600,625309505,7-10年国债ETF,SH,511260
2022-08-29,105.664,105.664,105.639,105.641,50441240,5328893538,信用债ETF,SH,511360
2022-08-29,0.989,0.992,0.987,0.989,3092000,3058214,短融ETF,SZ,159976
2022-08-29,3.853,4.12,3.817,3.823,844300,3228306,绿色债券ETF(南方),SH,518890
2022-08-29,0.794,0.803,0.788,0.802,47849962,37999729,绿色电力ETF,SZ,159869
2022-08-30,107.35,107.55,107.35,107.459,744800,80035464,1-3年国债ETF,SH,511020
2022-08-30,119.74,119.96,119.74,119.88,3640100,436406338,7-10年国债ETF,SH,511260
2022-08-30,105.65,105.658,105.64,105.654,47081509,4973952706,信用债ETF,SH,511360
2022-08-30,0.991,0.991,0.984,0.99,2254900,2228314,短融ETF,SZ,159976
2022-08-30,3.832,3.849,3.832,3.841,801319,3081027,绿色债券ETF(南方),SH,518890
2022-08-30,0.8,0.825,0.8,0.819,57509906,46839252,绿色电力ETF,SZ,159869
2022-08-31,107.509,107.599,107.5,107.501,810200,87109126,1-3年国债ETF,SH,511020
2022-08-31,119.921,119.979,119.833,119.891,3828300,459046103,7-10年国债ETF,SH,511260
2022-08-31,105.66,105.668,105.653,105.664,46515420,4914777233,信用债ETF,SH,511360
2022-08-31,0.984,0.999,0.984,0.994,4634800,4585573,短融ETF,SZ,159976
2022-08-31,3.819,3.821,3.813,3.813,121400,463563,绿色债券ETF(南方),SH,518890
2022-08-31,0.815,0.833,0.81,0.814,59082618,48381630,绿色电力ETF,SZ,159869
2022-09-01,107.501,107.551,107.451,107.453,802900,86295786,1-3年国债ETF,SH,511020
2022-09-01,119.891,120.08,119.677,119.984,5151800,617749461,7-10年国债ETF,SH,511260
2022-09-01,105.668,105.671,105.663,105.667,45371500,4794306869,信用债ETF,SH,511360
2022-09-01,0.989,0.996,0.985,0.985,3060700,3033621,短融ETF,SZ,159976
2022-09-01,3.79,3.79,3.779,3.786,1607800,6085210,绿色债券ETF(南方),SH,518890
2022-09-01,0.815,0.815,0.794,0.795,53954591,43394017,绿色电力ETF,SZ,159869
2022-09-02,107.503,107.69,107.5,107.56,1187800,127766665,1-3年国债ETF,SH,511020
2022-09-02,119.969,120.22,119.969,120.177,3702976,444725851,7-10年国债ETF,SH,511260
2022-09-02,105.68,105.703,105.674,105.701,48115100,5085363220,信用债ETF,SH,511360
2022-09-02,0.986,0.988,0.977,0.977,1324300,1302026,短融ETF,SZ,159976
2022-09-02,3.774,3.783,3.768,3.783,2199300,8303392,绿色债券ETF(南方),SH,518890
2022-09-02,0.793,0.82,0.793,0.819,69042300,56032266,绿色电力ETF,SZ,159869
2022-09-05,107.503,107.695,107.462,107.56,1063500,114449799,1-3年国债ETF,SH,511020
2022-09-05,120.034,120.795,120.034,120.1,2800700,336542753,7-10年国债ETF,SH,511260
2022-09-05,105.708,105.728,105.705,105.721,33470787,3538542537,信用债ETF,SH,511360
2022-09-05,0.975,0.978,0.971,0.978,1090800,1061509,短融ETF,SZ,159976
2022-09-05,3.795,3.826,3.795,3.826,755400,2882124,绿色债券ETF(南方),SH,518890
2022-09-05,0.819,0.819,0.791,0.799,64217600,51284702,绿色电力ETF,SZ,159869
2022-09-06,107.61,107.695,107.55,107.65,991600,106687057,1-3年国债ETF,SH,511020
2022-09-06,120.106,120.2,119.964,120.01,3898800,468454235,7-10年国债ETF,SH,511260
2022-09-06,105.723,105.743,105.722,105.74,40569589,4289565139,信用债ETF,SH,511360
2022-09-06,0.983,0.983,0.972,0.975,1287700,1254420,短融ETF,SZ,159976
2022-09-06,3.803,3.842,3.803,3.842,753200,2888405,绿色债券ETF(南方),SH,518890
2022-09-06,0.802,0.802,0.788,0.8,57485449,45643858,绿色电力ETF,SZ,159869
2022-09-07,107.6,107.65,107.505,107.627,1111900,119566869,1-3年国债ETF,SH,511020
2022-09-07,120.0,120.018,119.964,120.001,3105500,372641252,7-10年国债ETF,SH,511260
2022-09-07,105.741,105.754,105.74,105.751,38199205,4039429132,信用债ETF,SH,511360
2022-09-07,0.97,0.977,0.97,0.975,732200,712041,短融ETF,SZ,159976
2022-09-07,3.84,3.84,3.812,3.816,466682,1780502,绿色债券ETF(南方),SH,518890
2022-09-07,0.796,0.796,0.781,0.785,54352447,42754737,绿色电力ETF,SZ,159869
2022-09-08,107.577,107.598,107.555,107.562,969900,104317852,1-3年国债ETF,SH,511020
2022-09-08,119.968,120.0,119.9,119.925,3458400,414812821,7-10年国债ETF,SH,511260
2022-09-08,105.75,105.761,105.747,105.749,39757813,4204571568,信用债ETF,SH,511360
2022-09-08,0.975,0.98,0.969,0.97,317100,308432,短融ETF,SZ,159976
2022-09-08,3.845,3.86,3.841,3.849,655800,2521809,绿色债券ETF(南方),SH,518890
2022-09-08,0.784,0.792,0.777,0.782,56270306,44141954,绿色电力ETF,SZ,159869
2022-09-09,107.6,107.749,107.55,107.55,1119300,120438447,1-3年国债ETF,SH,511020
2022-09-09,119.94,119.996,119.901,119.954,1879700,225525693,7-10年国债ETF,SH,511260
2022-09-09,105.763,105.777,105.752,105.771,45499100,4812089812,信用债ETF,SH,511360
2022-09-09,0.971,0.985,0.971,0.985,1022703,1002849,短融ETF,SZ,159976
2022-09-09,3.843,3.851,3.84,3.842,816500,3138572,绿色债券ETF(南方),SH,518890
2022-09-09,0.779,0.783,0.77,0.783,53046680,41200134,绿色电力ETF,SZ,159869
2022-09-13,107.501,107.85,107.501,107.509,1103600,118650597,1-3年国债ETF,SH,511020
2022-09-13,119.911,119.95,119.717,119.824,2275500,272735921,7-10年国债ETF,SH,511260
2022-09-13,105.768,105.768,105.76,105.764,33319800,3524044711,信用债ETF,SH,511360
2022-09-13,0.988,0.998,0.988,0.995,456103,452908,短融ETF,SZ,159976
2022-09-13,3.859,3.859,3.843,3.847,1131400,4353189,绿色债券ETF(南方),SH,518890
2022-09-13,0.78,0.79,0.78,0.784,42435000,33285252,绿色电力ETF,SZ,159869
2022-09-14,107.501,107.6,107.459,107.527,1119400,120315584,1-3年国债ETF,SH,511020
2022-09-14,119.797,119.797,119.66,119.69,3637500,435513529,7-10年国债ETF,SH,511260
2022-09-14,105.765,105.769,105.754,105.757,45962625,4861216316,信用债ETF,SH,511360
2022-09-14,0.99,0.99,0.978,0.981,829600,815414,短融ETF,SZ,159976
2022-09-14,3.802,3.829,3.802,3.824,1652200,6314648,绿色债券ETF(南方),SH,518890
2022-09-14,0.781,0.782,0.771,0.777,48921106,37937030,绿色电力ETF,SZ,159869
2022-09-15,107.478,107.48,107.477,107.477,1085300,116648037,1-3年国债ETF,SH,511020
2022-09-15,119.676,119.84,119.644,119.701,3344400,400329978,7-10年国债ETF,SH,511260
2022-09-15,105.756,105.761,105.748,105.75,29525783,3122516362,信用债ETF,SH,511360
2022-09-15,0.986,0.986,0.972,0.977,623202,609091,短融ETF,SZ,159976
2022-09-15,3.819,3.819,3.802,3.802,1109900,4228425,绿色债券ETF(南方),SH,518890
2022-09-15,0.779,0.782,0.758,0.77,63928427,49301948,绿色电力ETF,SZ,159869
2022-09-16,107.428,107.49,107.0,107.157,1277900,137138704,1-3年国债ETF,SH,511020
2022-09-16,119.748,119.749,119.413,119.475,3173700,379516040,7-10年国债ETF,SH,511260
2022-09-16,105.761,105.768,105.746,105.757,24640347,2605961315,信用债ETF,SH,511360
2022-09-16,0.97,0.971,0.952,0.952,10410500,9989177,短融ETF,SZ,159976
2022-09-16,3.784,4.099,3.784,3.786,1445100,5481781,绿色债券ETF(南方),SH,518890
2022-09-16,0.766,0.773,0.753,0.754,51519871,39442810,绿色电力ETF,SZ,159869
2022-09-19,107.158,107.249,107.103,107.157,995400,106745010,1-3年国债ETF,SH,511020
2022-09-19,119.473,119.587,119.472,119.577,3657276,437106501,7-10年国债ETF,SH,511260
2022-09-19,105.757,105.762,105.748,105.75,28974254,3064268591,信用债ETF,SH,511360
2022-09-19,0.949,0.951,0.94,0.944,8576500,8105455,短融ETF,SZ,159976
2022-09-19,3.797,3.807,3.796,3.796,455532,1730913,绿色债券ETF(南方),SH,518890
2022-09-19,0.748,0.75,0.723,0.729,65308024,47754950,绿色电力ETF,SZ,159869
2022-09-20,107.206,107.548,107.111,107.161,1198500,128616526,1-3年国债ETF,SH,511020
2022-09-20,119.577,119.85,119.577,119.848,2954300,353709364,7-10年国债ETF,SH,511260
2022-09-20,105.753,105.756,105.732,105.739,38007828,4019103171,信用债ETF,SH,511360
2022-09-20,0.948,0.952,0.947,0.948,6858600,6511387,短融ETF,SZ,159976
2022-09-20,3.805,3.819,3.805,3.81,597700,2279239,绿色债券ETF(南方),SH,518890
2022-09-20,0.732,0.737,0.728,0.731,43714900,31991315,绿色电力ETF,SZ,159869
2022-09-21,107.21,107.585,107.122,107.308,1008900,108359576,1-3年国债ETF,SH,511020
2022-09-21,119.85,119.93,119.82,119.925,4041500,484341060,7-10年国债ETF,SH,511260
2022-09-21,105.736,105.753,105.731,105.748,49564248,5241278538,信用债ETF,SH,511360
2022-09-21,0.944,0.948,0.941,0.944,1395900,1316564,短融ETF,SZ,159976
2022-09-21,3.804,3.82,3.801,3.812,927700,3532321,绿色债券ETF(南方),SH,518890
2022-09-21,0.725,0.738,0.715,0.737,69813600,50688611,绿色电力ETF,SZ,159869
2022-09-22,107.358,107.588,107.304,107.329,1110700,119264319,1-3年国债ETF,SH,511020
2022-09-22,119.905,119.948,119.85,119.91,4147000,497243119,7-10年国债ETF,SH,511260
2022-09-22,105.754,105.761,105.75,105.76,51604068,5457292056,信用债ETF,SH,511360
2022-09-22,0.933,0.938,0.93,0.93,864400,804898,短融ETF,SZ,159976
2022-09-22,3.809,3.818,3.808,3.809,183100,697572,绿色债券ETF(南方),SH,518890
2022-09-22,0.732,0.736,0.725,0.726,35214700,25711098,绿色电力ETF,SZ,159869
2022-09-23,107.329,107.998,107.285,107.309,1095500,117573797,1-3年国债ETF,SH,511020
2022-09-23,119.91,119.91,119.6,119.643,2803600,335824677,7-10年国债ETF,SH,511260
2022-09-23,105.773,105.79,105.771,105.783,46821806,4952863218,信用债ETF,SH,511360
2022-09-23,0.93,0.933,0.92,0.923,3895800,3605228,短融ETF,SZ,159976
2022-09-23,3.822,3.834,3.822,3.83,213000,815274,绿色债券ETF(南方),SH,518890
2022-09-23,0.724,0.724,0.701,0.706,115615047,82169855,绿色电力ETF,SZ,159869
2022-09-26,107.379,107.595,106.965,107.165,1199400,128590954,1-3年国债ETF,SH,511020
2022-09-26,119.848,119.848,119.01,119.069,4461900,532822329,7-10年国债ETF,SH,511260
2022-09-26,105.778,105.788,105.764,105.784,36974996,3911070616,信用债ETF,SH,511360
2022-09-26,0.919,0.931,0.919,0.923,3700000,3426734,短融ETF,SZ,159976
2022-09-26,3.796,3.803,3.789,3.793,1049400,3979732,绿色债券ETF(南方),SH,518890
2022-09-26,0.702,0.707,0.693,0.697,51278385,35923516,绿色电力ETF,SZ,159869
2022-09-27,107.215,107.215,106.852,106.93,1031900,110346499,1-3年国债ETF,SH,511020
2022-09-27,119.045,119.272,118.92,119.096,2619000,311689987,7-10年国债ETF,SH,511260
2022-09-27,105.778,105.785,105.725,105.734,41447000,4383487292,信用债ETF,SH,511360
2022-09-27,0.927,0.933,0.925,0.933,1075300,995630,短融ETF,SZ,159976
2022-09-27,3.79,4.001,3.788,3.803,802946,3047386,绿色债券ETF(南方),SH,518890
2022-09-27,0.697,0.713,0.694,0.711,55329674,38787768,绿色电力ETF,SZ,159869
2022-09-28,106.986,107.29,106.92,107.029,1125000,120378430,1-3年国债ETF,SH,511020
2022-09-28,119.055,119.212,119.055,119.127,3629000,432252987,7-10年国债ETF,SH,511260
2022-09-28,105.737,105.74,105.685,105.705,41414600,4377766944,信用债ETF,SH,511360
2022-09-28,0.924,0.925,0.917,0.917,571601,528254,短融ETF,SZ,159976
2022-09-28,3.803,3.821,3.803,3.81,3439300,13101650,绿色债券ETF(南方),SH,518890
2022-09-28,0.707,0.71,0.694,0.695,56370806,39552696,绿色电力ETF,SZ,159869
2022-09-29,107.079,107.288,106.61,106.84,987300,105669141,1-3年国债ETF,SH,511020
2022-09-29,119.177,119.271,118.358,118.824,2798900,333046713,7-10年国债ETF,SH,511260
2022-09-29,105.706,105.731,105.671,105.683,38374000,4055926374,信用债ETF,SH,511360
2022-09-29,0.922,0.923,0.908,0.908,1347806,1232612,短融ETF,SZ,159976
2022-09-29,3.891,3.891,3.833,3.844,1151800,4426204,绿色债券ETF(南方),SH,518890
2022-09-29,0.698,0.704,0.683,0.69,58385685,40478508,绿色电力ETF,SZ,159869
2022-09-30,106.89,107.19,106.604,106.69,1131600,120718626,1-3年国债ETF,SH,511020
2022-09-30,118.774,118.979,118.701,118.901,3210720,381684504,7-10年国债ETF,SH,511260
2022-09-30,105.779,105.812,105.77,105.801,47903233,5067866700,信用债ETF,SH,511360
2022-09-30,0.903,0.968,0.9,0.904,2936700,2655813,短融ETF,SZ,159976
2022-09-30,3.839,3.848,3.839,3.848,1590300,6110549,绿色债券ETF(南方),SH,518890
2022-09-30,0.686,0.692,0.683,0.685,54539762,37528201,绿色电力ETF,SZ,159869
2022-10-10,106.74,106.9,106.643,106.843,1136680,121345940,1-3年国债ETF,SH,511020
2022-10-10,118.901,119.293,118.901,119.262,2457400,292769010,7-10年国债ETF,SH,511260
2022-10-10,105.805,105.824,105.798,105.814,28401749,3005163968,信用债ETF,SH,511360
2022-10-10,0.9,0.9,0.887,0.887,911700,815906,短融ETF,SZ,159976
2022-10-10,3.88,3.895,3.876,3.876,755300,2935877,绿色债券ETF(南方),SH,518890
2022-10-10,0.686,0.688,0.669,0.672,78239375,52986822,绿色电力ETF,SZ,159869
2022-10-11,106.893,107.245,106.802,106.953,166160,17772767,1-3年国债ETF,SH,511020
2022-10-11,119.263,119.425,119.263,119.346,2089600,249347004,7-10年国债ETF,SH,511260
2022-10-11,105.85,105.856,105.846,105.852,44292135,4688328111,信用债ETF,SH,511360
2022-10-11,0.888,0.888,0.882,0.884,1930800,1708813,短融ETF,SZ,159976
2022-10-11,3.865,3.873,3.865,3.868,1507700,5831772,绿色债券ETF(南方),SH,518890
2022-10-11,0.67,0.67,0.654,0.666,67484800,44566634,绿色电力ETF,SZ,159869
2022-10-12,107.002,107.07,106.851,106.945,80400,8598379,1-3年国债ETF,SH,511020
2022-10-12,119.299,119.373,119.202,119.264,3302600,394084952,7-10年国债ETF,SH,511260
2022-10-12,105.854,105.88,105.853,105.875,29708500,3145151781,信用债ETF,SH,511360
2022-10-12,0.88,0.897,0.869,0.897,861616,756882,短融ETF,SZ,159976
2022-10-12,3.865,3.875,3.865,3.87,694700,2686955,绿色债券ETF(南方),SH,518890
2022-10-12,0.666,0.682,0.658,0.68,56200827,37427501,绿色电力ETF,SZ,159869
2022-10-13,106.994,107.159,106.9,106.99,40300,4312362,1-3年国债ETF,SH,511020
2022-10-13,119.314,119.368,119.225,119.323,2617800,312315995,7-10年国债ETF,SH,511260
2022-10-13,105.872,105.899,105.869,105.89,31261023,3310067243,信用债ETF,SH,511360
2022-10-13,0.888,0.893,0.883,0.886,2322400,2062995,短融ETF,SZ,159976
2022-10-13,3.873,3.879,3.867,3.872,446300,1728728,绿色债券ETF(南方),SH,518890
2022-10-13,0.675,0.689,0.673,0.68,56258421,38311038,绿色电力ETF,SZ,159869
2022-10-14,107.0,107.052,107.0,107.052,454000,48598702,1-3年国债ETF,SH,511020
2022-10-14,119.289,119.616,119.288,119.525,3027400,361499058,7-10年国债ETF,SH,511260
2022-10-14,105.9,105.927,105.88,105.886,44184044,4678612306,信用债ETF,SH,511360
2022-10-14,0.9,0.91,0.898,0.903,1488400,1344803,短融ETF,SZ,159976
2022-10-14,3.859,3.869,3.859,3.866,296700,1146495,绿色债券ETF(南方),SH,518890
2022-10-14,0.687,0.7,0.686,0.695,49263421,34201956,绿色电力ETF,SZ,159869
2022-10-17,107.102,107.4,107.081,107.115,48900,5242885,1-3年国债ETF,SH,511020
2022-10-17,119.497,119.67,119.439,119.541,2958400,353620198,7-10年国债ETF,SH,511260
2022-10-17,105.889,105.9,105.887,105.891,34582900,3662115553,信用债ETF,SH,511360
2022-10-17,0.918,0.918,0.895,0.903,2375500,2133958,短融ETF,SZ,159976
2022-10-17,3.854,3.854,3.846,3.848,867400,3339150,绿色债券ETF(南方),SH,518890
2022-10-17,0.695,0.706,0.691,0.704,50424178,35354733,绿色电力ETF,SZ,159869
2022-10-18,107.105,107.408,107.105,107.134,1020000,109332249,1-3年国债ETF,SH,511020
2022-10-18,119.541,119.646,119.338,119.548,3674800,439154846,7-10年国债ETF,SH,511260
2022-10-18,105.897,105.906,105.894,105.901,92679699,9814693058,信用债ETF,SH,511360
2022-10-18,0.911,0.914,0.904,0.906,2881800,2620246,短融ETF,SZ,159976
2022-10-18,3.851,3.86,3.85,3.852,878600,3386087,绿色债券ETF(南方),SH,518890
2022-10-18,0.708,0.708,0.698,0.702,52216906,36667536,绿色电力ETF,SZ,159869
2022-10-19,107.168,107.4,107.168,107.217,936310,100369643,1-3年国债ETF,SH,511020
2022-10-19,119.591,119.644,119.538,119.643,3282100,392471129,7-10年国债ETF,SH,511260
2022-10-19,105.904,105.919,105.9,105.915,69664650,7378080604,信用债ETF,SH,511360
2022-10-19,0.904,0.906,0.896,0.897,415700,374184,短融ETF,SZ,159976
2022-10-19,3.856,3.864,3.847,3.847,1316100,5075258,绿色债券ETF(南方),SH,518890
2022-10-19,0.702,0.702,0.691,0.691,48355727,33623375,绿色电力ETF,SZ,159869
2022-10-20,107.24,107.265,107.052,107.052,1006900,107927075,1-3年国债ETF,SH,511020
2022-10-20,119.644,119.687,119.439,119.455,3037800,363367835,7-10年国债ETF,SH,511260
2022-10-20,105.914,105.922,105.908,105.916,61039136,6464903002,信用债ETF,SH,511360
2022-10-20,0.896,0.901,0.884,0.89,2555000,2278789,短融ETF,SZ,159976
2022-10-20,3.842,3.847,3.827,3.831,1191200,4563864,绿色债券ETF(南方),SH,518890
2022-10-20,0.687,0.704,0.687,0.698,53820400,37462480,绿色电力ETF,SZ,159869
2022-10-21,107.267,107.267,107.08,107.11,1082800,115970255,1-3年国债ETF,SH,511020
2022-10-21,119.505,119.711,119.478,119.576,3831100,458029989,7-10年国债ETF,SH,511260
2022-10-21,105.92,105.927,105.913,105.918,83547100,8849443141,信用债ETF,SH,511360
2022-10-21,0.89,0.891,0.884,0.886,721410,641961,短融ETF,SZ,159976
2022-10-21,3.832,3.834,3.825,3.826,1200900,4597632,绿色债券ETF(南方),SH,518890
2022-10-21,0.7,0.7,0.686,0.687,50075865,34597598,绿色电力ETF,SZ,159869
2022-10-24,107.063,107.193,107.06,107.091,1477000,158174739,1-3年国债ETF,SH,511020
2022-10-24,119.528,119.693,119.455,119.648,3532600,422415810,7-10年国债ETF,SH,511260
2022-10-24,105.921,105.923,105.917,105.921,39296500,4162278851,信用债ETF,SH,511360
2022-10-24,0.879,0.886,0.853,0.856,3938200,3409996,短融ETF,SZ,159976
2022-10-24,3.852,3.874,3.852,3.872,278400,1078152,绿色债券ETF(南方),SH,518890
2022-10-24,0.687,0.7,0.666,0.671,51392130,35124909,绿色电力ETF,SZ,159869
2022-10-24,100.38,100.411,100.28,100.398,5253777,527376372,高等级同业存单ETF,SZ,159649
2022-10-25,107.06,107.17,107.042,107.073,1261200,135086357,1-3年国债ETF,SH,511020
2022-10-25,119.633,119.68,119.542,119.619,3063200,366337774,7-10年国债ETF,SH,511260
2022-10-25,105.92,105.926,105.904,105.91,46125305,4885518679,信用债ETF,SH,511360
2022-10-25,0.87,0.87,0.845,0.863,3750600,3201846,短融ETF,SZ,159976
2022-10-25,3.893,3.897,3.881,3.882,1287400,4999360,绿色债券ETF(南方),SH,518890
2022-10-25,0.666,0.674,0.656,0.663,34853654,23138343,绿色电力ETF,SZ,159869
2022-10-25,100.349,100.402,100.349,100.379,4942751,496211107,高等级同业存单ETF,SZ,159649
2022-10-26,107.043,107.298,107.025,107.105,2676100,286624154,1-3年国债ETF,SH,511020
2022-10-26,119.57,119.657,119.013,119.622,4789400,572893872,7-10年国债ETF,SH,511260
2022-10-26,105.908,105.924,105.899,105.915,64451371,6826053825,信用债ETF,SH,511360
2022-10-26,0.858,0.873,0.856,0.861,2753100,2375267,短融ETF,SZ,159976
2022-10-26,3.883,3.892,3.881,3.881,381600,1482149,绿色债券ETF(南方),SH,518890
2022-10-26,0.667,0.685,0.665,0.677,47621462,32266701,绿色电力ETF,SZ,159869
2022-10-26,100.379,100.379,100.346,100.365,4697322,471379877,高等级同业存单ETF,SZ,159649
2022-10-27,107.155,107.218,107.155,107.218,1907830,204534388,1-3年国债ETF,SH,511020
2022-10-27,119.631,119.897,119.631,119.87,3245900,388772824,7-10年国债ETF,SH,511260
2022-10-27,105.917,105.92,105.9,105.913,99783400,10568247502,信用债ETF,SH,511360
2022-10-27,0.864,0.87,0.858,0.858,584600,506286,短融ETF,SZ,159976
2022-10-27,3.868,3.881,3.866,3.874,1976757,7654304,绿色债券ETF(南方),SH,518890
2022-10-27,0.685,0.702,0.683,0.698,48184753,33455620,绿色电力ETF,SZ,159869
2022-10-27,100.37,100.401,100.37,100.399,5918206,594168744,高等级同业存单ETF,SZ,159649
2022-10-28,107.265,107.309,107.23,107.23,1104600,118479432,1-3年国债ETF,SH,511020
2022-10-28,119.89,120.041,119.885,119.98,2946700,353460609,7-10年国债ETF,SH,511260
2022-10-28,105.919,105.929,105.919,105.925,59475500,6299904717,信用债ETF,SH,511360
2022-10-28,0.85,0.852,0.827,0.828,2963600,2487932,短融ETF,SZ,159976
2022-10-28,3.874,3.888,3.874,3.874,744600,2889996,绿色债券ETF(南方),SH,518890
2022-10-28,0.699,0.699,0.664,0.668,56387073,38302142,绿色电力ETF,SZ,159869
2022-10-28,100.4,100.48,100.4,100.48,9762422,980592857,高等级同业存单ETF,SZ,159649
2022-10-31,107.318,107.617,107.307,107.395,1509110,162164106,1-3年国债ETF,SH,511020
2022-10-31,120.003,120.274,120.003,120.258,5046600,606256772,7-10年国债ETF,SH,511260
2022-10-31,105.934,105.937,105.928,105.933,56647998,6000809153,信用债ETF,SH,511360
2022-10-31,0.82,0.834,0.818,0.826,4473400,3693840,短融ETF,SZ,159976
2022-10-31,3.802,3.862,3.802,3.862,274100,1057701,绿色债券ETF(南方),SH,518890
2022-10-31,0.663,0.685,0.663,0.677,52164015,35131332,绿色电力ETF,SZ,159869
2022-10-31,100.45,100.533,100.45,100.53,5778313,580895297,高等级同业存单ETF,SZ,159649
2022-11-01,107.445,107.539,107.414,107.414,1052300,113104679,1-3年国债ETF,SH,511020
2022-11-01,120.269,120.269,120.033,120.081,2875800,345502350,7-10年国债ETF,SH,511260
2022-11-01,105.944,105.951,105.929,105.931,47835800,5067708509,信用债ETF,SH,511360
2022-11-01,0.832,0.853,0.832,0.853,4267600,3585650,短融ETF,SZ,159976
2022-11-01,3.865,3.87,3.856,3.862,756000,2920611,绿色债券ETF(南方),SH,518890
2022-11-01,0.679,0.696,0.675,0.694,47518103,32614893,绿色电力ETF,SZ,159869
2022-11-01,100.58,100.58,100.492,100.508,6357125,638916946,高等级同业存单ETF,SZ,159649
2022-11-02,107.414,107.414,107.362,107.37,1046920,112407778,1-3年国债ETF,SH,511020
2022-11-02,120.035,120.14,119.761,119.791,2462800,295100735,7-10年国债ETF,SH,511260
2022-11-02,105.935,105.948,105.931,105.945,61942869,6562140538,信用债ETF,SH,511360
2022-11-02,0.854,0.873,0.854,0.865,3912200,3375978,短融ETF,SZ,159976
2022-11-02,3.872,3.877,3.871,3.871,391700,1517100,绿色债券ETF(南方),SH,518890
2022-11-02,0.713,0.727,0.71,0.716,68817924,49446678,绿色电力ETF,SZ,159869
2022-11-02,100.498,100.498,100.45,100.456,8708613,874979088,高等级同业存单ETF,SZ,159649
2022-11-03,107.356,107.36,107.3,107.34,1230100,132044341,1-3年国债ETF,SH,511020
2022-11-03,119.841,120.013,119.792,119.998,2455700,294661683,7-10年国债ETF,SH,511260
2022-11-03,105.941,105.95,105.938,105.939,49463477,5240432762,信用债ETF,SH,511360
2022-11-03,0.865,0.865,0.857,0.86,826700,711772,短融ETF,SZ,159976
2022-11-03,3.829,3.87,3.829,3.858,1400500,5405013,绿色债券ETF(南方),SH,518890
2022-11-03,0.7,0.711,0.697,0.703,50805141,35683050,绿色电力ETF,SZ,159869
2022-11-03,100.456,100.499,100.456,100.48,7594204,763076100,高等级同业存单ETF,SZ,159649
2022-11-04,107.337,107.617,107.165,107.234,1093700,117397585,1-3年国债ETF,SH,511020
2022-11-04,119.998,120.045,119.646,119.821,3670600,440183966,7-10年国债ETF,SH,511260
2022-11-04,105.95,105.952,105.921,105.934,72665786,7697992416,信用债ETF,SH,511360
2022-11-04,0.866,0.895,0.866,0.893,3380900,3003906,短融ETF,SZ,159976
2022-11-04,3.855,3.865,3.852,3.859,1405700,5421289,绿色债券ETF(南方),SH,518890
2022-11-04,0.699,0.718,0.699,0.717,51756300,36774810,绿色电力ETF,SZ,159869
2022-11-04,100.451,100.46,100.408,100.429,9921792,996609226,高等级同业存单ETF,SZ,159649
2022-11-07,107.284,107.496,107.202,107.236,1000500,107294606,1-3年国债ETF,SH,511020
2022-11-07,119.831,119.971,119.83,119.902,3336000,400010725,7-10年国债ETF,SH,511260
2022-11-07,105.938,105.941,105.92,105.928,70718837,7491380052,信用债ETF,SH,511360
2022-11-07,0.888,0.904,0.888,0.901,197200,177098,短融ETF,SZ,159976
2022-11-07,3.869,3.959,3.858,3.886,369700,1436055,绿色债券ETF(南方),SH,518890
2022-11-07,0.714,0.739,0.703,0.737,68567892,49754230,绿色电力ETF,SZ,159869
2022-11-07,100.429,100.435,100.414,100.425,10230556,1027432938,高等级同业存单ETF,SZ,159649
2022-11-08,107.23,107.278,107.16,107.273,567700,60874063,1-3年国债ETF,SH,511020
2022-11-08,119.852,120.0,119.852,119.968,3307000,396499243,7-10年国债ETF,SH,511260
2022-11-08,105.939,105.958,105.933,105.953,72549116,7686242059,信用债ETF,SH,511360
2022-11-08,0.902,0.905,0.895,0.9,1471000,1320968,短融ETF,SZ,159976
2022-11-08,3.887,3.906,3.885,3.896,1826613,7114491,绿色债券ETF(南方),SH,518890
2022-11-08,0.739,0.739,0.728,0.734,44989112,32897078,绿色电力ETF,SZ,159869
2022-11-08,100.425,100.425,100.365,100.385,7877590,790871553,高等级同业存单ETF,SZ,159649
2022-11-09,107.25,107.305,107.223,107.236,1044600,112043744,1-3年国债ETF,SH,511020
2022-11-09,120.007,120.197,119.921,120.08,1169700,140504313,7-10年国债ETF,SH,511260
2022-11-09,105.952,105.954,105.946,105.952,39044341,4136774945,信用债ETF,SH,511360
2022-11-09,0.905,0.905,0.891,0.891,2366000,2115917,短融ETF,SZ,159976
2022-11-09,3.963,3.987,3.925,3.976,912319,3619376,绿色债券ETF(南方),SH,518890
2022-11-09,0.731,0.738,0.728,0.728,50770900,37191222,绿色电力ETF,SZ,159869
2022-11-09,100.34,100.372,100.34,100.36,5816946,583844994,高等级同业存单ETF,SZ,159649
2022-11-10,107.275,107.275,107.16,107.248,811900,87091604,1-3年国债ETF,SH,511020
2022-11-10,120.031,120.109,119.923,120.049,2855000,342725816,7-10年国债ETF,SH,511260
2022-11-10,105.952,105.952,105.93,105.932,47572112,5039786945,信用债ETF,SH,511360
2022-11-10,0.888,0.888,0.88,0.883,2591400,2288037,短融ETF,SZ,159976
2022-11-10,3.9,3.986,3.9,3.981,304600,1212194,绿色债券ETF(南方),SH,518890
2022-11-10,0.722,0.746,0.722,0.743,73708203,54475759,绿色电力ETF,SZ,159869
2022-11-10,100.36,100.369,100.338,100.346,10232040,1026833939,高等级同业存单ETF,SZ,159649
2022-11-11,107.2,107.3,106.746,106.796,1243300,133304018,1-3年国债ETF,SH,511020
2022-11-11,120.02,120.088,119.665,119.766,2722100,326579772,7-10年国债ETF,SH,511260
2022-11-11,105.925,105.942,105.918,105.923,54871600,5812554630,信用债ETF,SH,511360
2022-11-11,0.91,0.923,0.905,0.917,4044400,3676764,短融ETF,SZ,159976
2022-11-11,4.029,4.033,4.006,4.012,485372,1953984,绿色债券ETF(南方),SH,518890
2022-11-11,0.754,0.759,0.742,0.743,70430689,52922334,绿色电力ETF,SZ,159869
2022-11-11,100.296,100.296,100.154,100.165,7239170,725484677,高等级同业存单ETF,SZ,159649
2022-11-14,106.846,106.846,106.501,106.549,1712000,182693589,1-3年国债ETF,SH,511020
2022-11-14,119.716,119.716,119.1,119.129,2073900,247204450,7-10年国债ETF,SH,511260
2022-11-14,105.92,105.92,105.822,105.849,54528400,5772997845,信用债ETF,SH,511360
2022-11-14,0.93,0.944,0.93,0.93,4249000,3989350,短融ETF,SZ,159976
2022-11-14,4.0,4.004,3.974,3.976,894500,3566657,绿色债券ETF(南方),SH,518890
2022-11-14,0.748,0.755,0.744,0.749,75372773,56499614,绿色电力ETF,SZ,159869
2022-11-14,100.115,100.115,99.801,99.83,11136709,1113173235,高等级同业存单ETF,SZ,159649
2022-11-15,106.451,106.451,106.3,106.385,1053000,112060040,1-3年国债ETF,SH,511020
2022-11-15,119.079,119.101,118.932,118.999,3462300,412005302,7-10年国债ETF,SH,511260
2022-11-15,105.843,105.844,105.757,105.76,65960229,6979024279,信用债ETF,SH,511360
2022-11-15,0.932,0.957,0.927,0.956,4725900,4457705,短融ETF,SZ,159976
2022-11-15,3.981,3.999,3.981,3.99,360313,1439102,绿色债券ETF(南方),SH,518890
2022-11-15,0.746,0.759,0.746,0.756,48883383,36852999,绿色电力ETF,SZ,159869
2022-11-15,99.814,99.855,99.681,99.709,8230130,821450374,高等级同业存单ETF,SZ,159649
2022-11-16,106.435,106.481,106.151,106.393,1294500,137795360,1-3年国债ETF,SH,511020
2022-11-16,118.961,119.13,118.629,118.648,3634500,432804498,7-10年国债ETF,SH,511260
2022-11-16,105.765,105.777,105.719,105.726,78540520,8305409165,信用债ETF,SH,511360
2022-11-16,0.958,0.967,0.955,0.955,5924400,5684428,短融ETF,SZ,159976
2022-11-16,3.992,4.018,3.991,4.018,293800,1176568,绿色债券ETF(南方),SH,518890
2022-11-16,0.756,0.774,0.756,0.768,67998290,52273287,绿色电力ETF,SZ,159869
2022-11-16,99.682,99.81,99.616,99.626,11017140,1099145773,高等级同业存单ETF,SZ,159649
2022-11-17,106.343,106.43,106.2,106.32,1159694,123298332,1-3年国债ETF,SH,511020
2022-11-17,118.652,119.1,118.652,119.0,4658400,553562393,7-10年国债ETF,SH,511260
2022-11-17,105.721,105.723,105.672,105.684,69475231,7343616080,信用债ETF,SH,511360
2022-11-17,0.951,0.954,0.943,0.954,3442700,3264344,短融ETF,SZ,159976
2022-11-17,4.018,4.025,4.006,4.012,682900,2740343,绿色债券ETF(南方),SH,518890
2022-11-17,0.806,0.819,0.782,0.808,127075477,101566293,绿色电力ETF,SZ,159869
2022-11-17,99.59,99.687,99.59,99.687,9647318,961271492,高等级同业存单ETF,SZ,159649
2022-11-18,106.295,106.45,106.295,106.32,429988,45717230,1-3年国债ETF,SH,511020
2022-11-18,119.0,119.246,118.922,118.966,4111800,489362585,7-10年国债ETF,SH,511260
2022-11-18,105.734,105.773,105.704,105.76,66156993,6994920916,信用债ETF,SH,511360
2022-11-18,0.957,0.959,0.948,0.948,4641300,4428852,短融ETF,SZ,159976
2022-11-18,4.011,4.026,4.002,4.01,1431263,5740244,绿色债券ETF(南方),SH,518890
2022-11-18,0.81,0.849,0.806,0.81,163151617,135436090,绿色电力ETF,SZ,159869
2022-11-18,99.737,99.975,99.737,99.858,17026297,1701851333,高等级同业存单ETF,SZ,159649
2022-11-21,106.305,106.522,106.281,106.34,964600,102675178,1-3年国债ETF,SH,511020
2022-11-21,118.966,119.199,118.966,119.176,3875600,461780631,7-10年国债ETF,SH,511260
2022-11-21,105.775,105.83,105.773,105.82,62129106,6573682254,信用债ETF,SH,511360
2022-11-21,0.931,0.94,0.929,0.94,3449100,3214789,短融ETF,SZ,159976
2022-11-21,3.997,3.997,3.976,3.985,178363,710728,绿色债券ETF(南方),SH,518890
2022-11-21,0.799,0.811,0.777,0.783,78621125,61912589,绿色电力ETF,SZ,159869
2022-11-21,99.858,100.001,99.811,99.993,11798950,1179606489,高等级同业存单ETF,SZ,159649
2022-11-22,106.4,106.551,106.4,106.462,989000,105298832,1-3年国债ETF,SH,511020
2022-11-22,119.2,119.25,118.9,119.006,3369900,401284770,7-10年国债ETF,SH,511260
2022-11-22,105.84,105.857,105.834,105.849,62079400,6570987400,信用债ETF,SH,511360
2022-11-22,0.938,0.944,0.929,0.93,3387400,3179124,短融ETF,SZ,159976
2022-11-22,3.982,3.992,3.98,3.983,1012700,4034613,绿色债券ETF(南方),SH,518890
2022-11-22,0.78,0.786,0.767,0.771,62802731,48864656,绿色电力ETF,SZ,159869
2022-11-22,99.993,100.002,99.961,99.98,37772320,3777124409,高等级同业存单ETF,SZ,159649
2022-11-23,106.512,106.648,106.512,106.576,1219510,129964481,1-3年国债ETF,SH,511020
2022-11-23,119.01,119.24,119.01,119.232,5108695,608804557,7-10年国债ETF,SH,511260
2022-11-23,105.864,105.899,105.863,105.895,54455026,5766305987,信用债ETF,SH,511360
2022-11-23,0.933,0.936,0.927,0.933,2391701,2231894,短融ETF,SZ,159976
2022-11-23,3.98,3.988,3.979,3.986,1734125,6907470,绿色债券ETF(南方),SH,518890
2022-11-23,0.772,0.774,0.753,0.768,63027700,48157860,绿色电力ETF,SZ,159869
2022-11-23,100.0,100.07,99.991,100.069,31681720,3168858241,高等级同业存单ETF,SZ,159649
2022-11-24,106.629,106.8,106.629,106.765,2280600,243456456,1-3年国债ETF,SH,511020
2022-11-24,119.298,119.638,119.298,119.53,5284764,631427195,7-10年国债ETF,SH,511260
2022-11-24,105.901,105.909,105.892,105.908,54677557,5790373256,信用债ETF,SH,511360
2022-11-24,0.94,0.94,0.93,0.93,5687800,5307271,短融ETF,SZ,159976
2022-11-24,3.995,4.009,3.995,4.001,366200,1466178,绿色债券ETF(南方),SH,518890
2022-11-24,0.766,0.769,0.755,0.757,48401992,36838119,绿色电力ETF,SZ,159869
2022-11-24,100.12,100.305,100.12,100.195,53318643,5343744168,高等级同业存单ETF,SZ,159649
2022-11-25,106.716,106.76,106.59,106.69,901500,96216168,1-3年国债ETF,SH,511020
2022-11-25,119.524,119.549,119.306,119.326,2911600,347742678,7-10年国债ETF,SH,511260
2022-11-25,105.922,105.946,105.922,105.939,44439570,4707890348,信用债ETF,SH,511360
2022-11-25,0.927,0.931,0.924,0.931,2419000,2246030,短融ETF,SZ,159976
2022-11-25,4.008,4.02,4.006,4.011,763732,3064999,绿色债券ETF(南方),SH,518890
2022-11-25,0.756,0.762,0.75,0.758,60508116,45763176,绿色电力ETF,SZ,159869
2022-11-25,100.19,100.19,100.087,100.089,30546820,3059890026,高等级同业存单ETF,SZ,159649
2022-11-28,106.715,106.715,106.5,106.589,2339400,249353167,1-3年国债ETF,SH,511020
2022-11-28,119.48,119.48,119.004,119.02,3702300,441100450,7-10年国债ETF,SH,511260
2022-11-28,105.941,105.955,105.941,105.949,60455035,6405289785,信用债ETF,SH,511360
2022-11-28,0.91,0.99,0.904,0.917,2986200,2714019,短融ETF,SZ,159976
2022-11-28,4.016,4.028,4.012,4.016,891427,3583231,绿色债券ETF(南方),SH,518890
2022-11-28,0.75,0.752,0.737,0.748,52923200,39374594,绿色电力ETF,SZ,159869
2022-11-28,100.145,100.145,100.015,100.017,15521140,1553185565,高等级同业存单ETF,SZ,159649
2022-11-29,106.539,106.555,106.202,106.308,2121894,225610806,1-3年国债ETF,SH,511020
2022-11-29,118.971,119.016,118.538,118.587,4545300,540122669,7-10年国债ETF,SH,511260
2022-11-29,105.956,105.966,105.779,105.834,59956155,6348402490,信用债ETF,SH,511360
2022-11-29,0.934,0.953,0.932,0.95,1812410,1700856,短融ETF,SZ,159976
2022-11-29,4.008,4.015,3.999,4.003,648400,2597026,绿色债券ETF(南方),SH,518890
2022-11-29,0.745,0.767,0.745,0.767,95476219,72521897,绿色电力ETF,SZ,159869
2022-11-29,100.012,100.012,99.754,99.8,12804970,1279456575,高等级同业存单ETF,SZ,159649
2022-11-30,106.3,106.399,106.26,106.277,2577294,273965910,1-3年国债ETF,SH,511020
2022-11-30,118.62,118.789,118.62,118.737,3764700,446887034,7-10年国债ETF,SH,511260
2022-11-30,105.909,105.944,105.885,105.943,93225218,9874405260,信用债ETF,SH,511360
2022-11-30,0.958,0.958,0.949,0.951,3248900,3096912,短融ETF,SZ,159976
2022-11-30,3.993,3.999,3.989,3.999,576669,2303344,绿色债券ETF(南方),SH,518890
2022-11-30,0.765,0.777,0.762,0.767,70699821,54544501,绿色电力ETF,SZ,159869
2022-11-30,99.805,99.865,99.805,99.841,45904260,4582349591,高等级同业存单ETF,SZ,159649
2022-12-01,106.288,106.288,106.227,106.227,2172800,230866065,1-3年国债ETF,SH,511020
2022-12-01,118.728,118.884,118.498,118.86,3648492,433409222,7-10年国债ETF,SH,511260
2022-12-01,105.939,105.939,105.91,105.927,100420103,10636700440,信用债ETF,SH,511360
2022-12-01,0.965,0.981,0.965,0.971,2499500,2438390,短融ETF,SZ,159976
2022-12-01,4.001,4.019,3.995,4.008,476182,1906022,绿色债券ETF(南方),SH,518890
2022-12-01,0.773,0.782,0.772,0.774,76054600,59017939,绿色电力ETF,SZ,159869
2022-12-01,99.791,99.819,99.791,99.819,57520460,5741129800,高等级同业存单ETF,SZ,159649
2022-12-02,106.227,106.519,106.227,106.428,2902600,308891501,1-3年国债ETF,SH,511020
2022-12-02,118.856,118.99,118.856,118.957,4623000,549707489,7-10年国债ETF,SH,511260
2022-12-02,105.941,105.965,105.941,105.956,100708376,10670390413,信用债ETF,SH,511360
2022-12-02,0.966,0.969,0.962,0.963,2026200,1957495,短融ETF,SZ,159976
2022-12-02,4.027,4.04,4.027,4.035,1078387,4347555,绿色债券ETF(南方),SH,518890
2022-12-02,0.772,0.79,0.772,0.782,62671751,49103509,绿色电力ETF,SZ,159869
2022-12-02,99.84,99.929,99.84,99.92,15125710,1511187372,高等级同业存单ETF,SZ,159649
2022-12-05,106.47,106.47,106.378,106.395,2328600,247803130,1-3年国债ETF,SH,511020
2022-12-05,118.95,118.989,118.8,118.849,6349900,754648342,7-10年国债ETF,SH,511260
2022-12-05,105.961,105.97,105.948,105.967,82760101,8769368380,信用债ETF,SH,511360
2022-12-05,0.975,0.989,0.975,0.988,1036616,1020176,短融ETF,SZ,159976
2022-12-05,4.021,4.024,3.997,3.997,802509,3217017,绿色债券ETF(南方),SH,518890
2022-12-05,0.785,0.793,0.784,0.79,64480095,50840260,绿色电力ETF,SZ,159869
2022-12-05,99.91,99.91,99.881,99.891,18245421,1822633743,高等级同业存单ETF,SZ,159649
2022-12-06,106.444,106.589,106.32,106.395,3213500,342100554,1-3年国债ETF,SH,511020
2022-12-06,118.82,118.829,118.509,118.589,4883800,579306594,7-10年国债ETF,SH,511260
2022-12-06,105.99,106.004,105.982,105.986,105824253,11216357941,信用债ETF,SH,511360
2022-12-06,0.985,0.994,0.985,0.989,3957406,3920179,短融ETF,SZ,159976
2022-12-06,3.986,3.986,3.953,3.959,1010500,4000668,绿色债券ETF(南方),SH,518890
2022-12-06,0.785,0.788,0.775,0.778,62752805,49103675,绿色电力ETF,SZ,159869
2022-12-06,99.895,99.895,99.797,99.799,10652140,1063200729,高等级同业存单ETF,SZ,159649
2022-12-07,106.35,106.399,106.247,106.39,2433500,258766738,1-3年国债ETF,SH,511020
2022-12-07,118.589,118.637,118.477,118.613,5426800,643328596,7-10年国债ETF,SH,511260
2022-12-07,105.987,105.991,105.965,105.98,108249467,11472063649,信用债ETF,SH,511360
2022-12-07,0.989,1.001,0.988,0.989,3539900,3526232,短融ETF,SZ,159976
2022-12-07,3.961,3.962,3.948,3.95,1667900,6595803,绿色债券ETF(南方),SH,518890
2022-12-07,0.762,0.788,0.762,0.783,66424617,51621347,绿色电力ETF,SZ,159869
2022-12-07,99.75,99.75,99.661,99.715,16094320,1604426569,高等级同业存单ETF,SZ,159649
2022-12-08,106.44,106.679,106.354,106.584,2517700,268184709,1-3年国债ETF,SH,511020
2022-12-08,118.671,118.918,118.671,118.901,5731200,680987095,7-10年国债ETF,SH,511260
2022-12-08,105.972,105.985,105.958,105.979,99021100,10493574211,信用债ETF,SH,511360
2022-12-08,0.984,0.994,0.984,0.992,1736300,1716923,短融ETF,SZ,159976
2022-12-08,3.965,3.965,3.871,3.964,2889800,11454487,绿色债券ETF(南方),SH,518890
2022-12-08,0.782,0.784,0.77,0.779,58337971,45350359,绿色电力ETF,SZ,159869
2022-12-08,99.765,99.809,99.765,99.805,67574930,6742528761,高等级同业存单ETF,SZ,159649
2022-12-09,106.536,106.78,106.534,106.705,2579600,275094786,1-3年国债ETF,SH,511020
2022-12-09,118.848,118.898,118.702,118.761,3080400,365790320,7-10年国债ETF,SH,511260
2022-12-09,105.978,105.985,105.936,105.943,113390400,12016347507,信用债ETF,SH,511360
2022-12-09,0.998,1.008,0.991,1.003,2909212,2904433,短融ETF,SZ,159976
2022-12-09,3.969,3.99,3.969,3.979,1306762,5198846,绿色债券ETF(南方),SH,518890
2022-12-09,0.78,0.782,0.77,0.777,41072513,31798769,绿色电力ETF,SZ,159869
2022-12-09,99.755,99.775,99.74,99.742,41290850,4118871565,高等级同业存单ETF,SZ,159649
2022-12-12,106.7,106.898,106.67,106.72,2476200,264299771,1-3年国债ETF,SH,511020
2022-12-12,118.771,118.858,118.771,118.781,4343000,515937046,7-10年国债ETF,SH,511260
2022-12-12,105.942,105.955,105.919,105.926,71730052,7599438268,信用债ETF,SH,511360
2022-12-12,0.996,1.004,0.996,0.998,4328000,4328153,短融ETF,SZ,159976
2022-12-12,3.982,4.08,3.964,3.974,1354800,5386064,绿色债券ETF(南方),SH,518890
2022-12-12,0.776,0.778,0.763,0.763,48177986,36988566,绿色电力ETF,SZ,159869
2022-12-12,99.747,99.757,99.73,99.734,48272000,4815145450,高等级同业存单ETF,SZ,159649
2022-12-13,106.72,106.869,106.351,106.5,2422600,257983893,1-3年国债ETF,SH,511020
2022-12-13,118.809,118.809,118.522,118.593,4234700,502661046,7-10年国债ETF,SH,511260
2022-12-13,105.936,105.944,105.919,105.919,93587800,9913600385,信用债ETF,SH,511360
2022-12-13,0.998,1.001,0.996,0.998,3040800,3037561,短融ETF,SZ,159976
2022-12-13,3.973,3.975,3.966,3.975,405241,1610205,绿色债券ETF(南方),SH,518890
2022-12-13,0.763,0.78,0.76,0.77,71641537,55212600,绿色电力ETF,SZ,159869
2022-12-13,99.724,99.724,99.504,99.549,29906920,2979046271,高等级同业存单ETF,SZ,159649
2022-12-14,106.55,106.747,106.455,106.624,2295100,244642189,1-3年国债ETF,SH,511020
2022-12-14,118.621,118.94,118.621,118.888,3179300,377961170,7-10年国债ETF,SH,511260
2022-12-14,105.918,105.918,105.885,105.904,66242734,7015023695,信用债ETF,SH,511360
2022-12-14,1.001,1.005,0.994,1.001,2501722,2499193,短融ETF,SZ,159976
2022-12-14,3.999,4.021,3.999,4.021,1466506,5891382,绿色债券ETF(南方),SH,518890
2022-12-14,0.768,0.776,0.76,0.774,51237133,39386640,绿色电力ETF,SZ,159869
2022-12-14,99.539,99.8,99.539,99.759,11131923,1109560754,高等级同业存单ETF,SZ,159649
2022-12-15,106.674,106.749,106.582,106.64,2522500,269027974,1-3年国债ETF,SH,511020
2022-12-15,118.891,118.998,118.816,118.921,3450900,410336706,7-10年国债ETF,SH,511260
2022-12-15,105.908,105.922,105.908,105.918,76680510,8121725614,信用债ETF,SH,511360
2022-12-15,0.991,0.996,0.99,0.992,2055700,2040003,短融ETF,SZ,159976
2022-12-15,4.016,4.016,3.981,3.987,1071500,4271609,绿色债券ETF(南方),SH,518890
2022-12-15,0.774,0.779,0.764,0.765,46442900,35817715,绿色电力ETF,SZ,159869
2022-12-15,99.808,99.841,99.808,99.827,19185171,1915257660,高等级同业存单ETF,SZ,159649
2022-12-16,106.64,106.85,106.602,106.641,2953100,315002611,1-3年国债ETF,SH,511020
2022-12-16,118.871,119.034,118.834,118.937,3327500,395516119,7-10年国债ETF,SH,511260
2022-12-16,105.926,105.948,105.926,105.944,95276351,10093708812,信用债ETF,SH,511360
2022-12-16,0.997,0.999,0.987,0.993,1407100,1400386,短融ETF,SZ,159976
2022-12-16,3.962,3.972,3.959,3.967,1519761,6022624,绿色债券ETF(南方),SH,518890
2022-12-16,0.762,0.764,0.753,0.754,58595700,44381121,绿色电力ETF,SZ,159869
2022-12-16,99.8,99.81,99.732,99.773,61712189,6156302318,高等级同业存单ETF,SZ,159649
2022-12-19,106.641,106.9,106.632,106.72,2471000,263900900,1-3年国债ETF,SH,511020
2022-12-19,118.987,119.194,118.987,119.149,2515700,299569717,7-10年国债ETF,SH,511260
2022-12-19,105.948,105.961,105.946,105.953,108009369,11444126791,信用债ETF,SH,511360
2022-12-19,1.0,1.0,0.98,0.983,126800,125759,短融ETF,SZ,159976
2022-12-19,3.972,4.011,3.972,3.996,1336682,5341816,绿色债券ETF(南方),SH,518890
2022-12-19,0.757,0.758,0.737,0.74,63528641,47498594,绿色电力ETF,SZ,159869
2022-12-19,99.823,99.952,99.823,99.884,20570569,2055592107,高等级同业存单ETF,SZ,159649
2022-12-20,106.77,106.94,106.768,106.838,1733600,185226831,1-3年国债ETF,SH,511020
2022-12-20,119.1,119.199,118.99,119.08,4140800,493216288,7-10年国债ETF,SH,511260
2022-12-20,105.971,105.997,105.97,105.993,93996000,9962610760,信用债ETF,SH,511360
2022-12-20,0.972,0.974,0.96,0.965,2139700,2065093,短融ETF,SZ,159976
2022-12-20,3.991,4.001,3.98,3.995,634000,2530245,绿色债券ETF(南方),SH,518890
2022-12-20,0.739,0.746,0.666,0.73,59718821,44041990,绿色电力ETF,SZ,159869
2022-12-20,99.88,99.9,99.86,99.865,76650900,7655808885,高等级同业存单ETF,SZ,159649
2022-12-21,106.888,106.98,106.808,106.877,2506400,267969642,1-3年国债ETF,SH,511020
2022-12-21,119.12,119.145,118.964,119.133,3397100,404509986,7-10年国债ETF,SH,511260
2022-12-21,105.993,106.0,105.972,105.978,85822400,9096449681,信用债ETF,SH,511360
2022-12-21,0.969,0.97,0.962,0.963,4817500,4655772,短融ETF,SZ,159976
2022-12-21,4.01,4.038,4.01,4.031,899200,3626604,绿色债券ETF(南方),SH,518890
2022-12-21,0.732,0.739,0.725,0.728,55105006,40311216,绿色电力ETF,SZ,159869
2022-12-21,99.855,99.915,99.845,99.87,80890310,8076925186,高等级同业存单ETF,SZ,159649
2022-12-22,106.872,107.099,106.838,106.861,2817000,301221101,1-3年国债ETF,SH,511020
2022-12-22,119.135,119.171,119.086,119.137,2391100,284873690,7-10年国债ETF,SH,511260
2022-12-22,105.982,105.991,105.972,105.986,106951600,11335265673,信用债ETF,SH,511360
2022-12-22,0.972,0.979,0.97,0.971,2832703,2758294,短融ETF,SZ,159976
2022-12-22,4.035,4.049,4.033,4.037,1283625,5187343,绿色债券ETF(南方),SH,518890
2022-12-22,0.73,0.753,0.73,0.738,66224818,49191295,绿色电力ETF,SZ,159869
2022-12-22,99.919,99.971,99.918,99.963,14770335,1476264267,高等级同业存单ETF,SZ,159649
2022-12-23,106.927,107.08,106.86,106.86,3149200,336648878,1-3年国债ETF,SH,511020
2022-12-23,119.13,119.176,119.092,119.122,4020800,478936824,7-10年国债ETF,SH,511260
2022-12-23,105.999,106.009,105.996,106.006,104521000,11079726862,信用债ETF,SH,511360
2022-12-23,0.97,0.973,0.968,0.972,4267000,4143036,短融ETF,SZ,159976
2022-12-23,4.009,4.013,3.997,4.004,1148700,4599321,绿色债券ETF(南方),SH,518890
2022-12-23,0.734,0.755,0.73,0.748,70958100,52835944,绿色电力ETF,SZ,159869
2022-12-23,100.01,100.125,99.99,100.111,13281534,1328698095,高等级同业存单ETF,SZ,159649
2022-12-26,106.91,107.19,106.88,106.89,2593900,277378829,1-3年国债ETF,SH,511020
2022-12-26,119.132,119.222,118.982,119.037,3133500,373301708,7-10年国债ETF,SH,511260
2022-12-26,106.022,106.09,106.021,106.053,147354500,15626839427,信用债ETF,SH,511360
2022-12-26,0.962,0.995,0.962,0.991,10356400,10100612,短融ETF,SZ,159976
2022-12-26,4.008,4.008,4.002,4.008,3622000,14507254,绿色债券ETF(南方),SH,518890
2022-12-26,0.754,0.754,0.742,0.746,43537106,32483241,绿色电力ETF,SZ,159869
2022-12-26,100.111,100.13,100.061,100.09,37720881,3775010723,高等级同业存单ETF,SZ,159649
2022-12-27,106.94,107.049,106.752,106.82,2265100,242008612,1-3年国债ETF,SH,511020
2022-12-27,119.037,119.151,119.0,119.008,2286600,272305820,7-10年国债ETF,SH,511260
2022-12-27,106.056,106.1,106.05,106.057,117932300,12507327255,信用债ETF,SH,511360
2022-12-27,0.986,0.986,0.975,0.982,682609,667837,短融ETF,SZ,159976
2022-12-27,4.005,4.013,4.005,4.012,1338700,5368857,绿色债券ETF(南方),SH,518890
2022-12-27,0.75,0.753,0.736,0.745,46671700,34653350,绿色电力ETF,SZ,159869
2022-12-27,100.09,100.09,100.046,100.046,18840445,1885425468,高等级同业存单ETF,SZ,159649
2022-12-28,106.87,106.999,106.77,106.771,2223400,237445802,1-3年国债ETF,SH,511020
2022-12-28,119.058,119.07,119.01,119.032,1882100,224078003,7-10年国债ETF,SH,511260
2022-12-28,106.065,106.079,106.061,106.078,110959937,11769065490,信用债ETF,SH,511360
2022-12-28,0.982,0.989,0.981,0.983,2127900,2093588,短融ETF,SZ,159976
2022-12-28,4.021,4.036,4.018,4.021,2600300,10472100,绿色债券ETF(南方),SH,518890
2022-12-28,0.742,0.75,0.73,0.747,56331900,41668694,绿色电力ETF,SZ,159869
2022-12-28,100.031,100.08,99.996,100.079,26108400,2611286886,高等级同业存单ETF,SZ,159649
2022-12-29,106.821,107.035,106.821,106.84,938000,100220674,1-3年国债ETF,SH,511020
2022-12-29,119.035,119.2,119.034,119.171,4939000,588542872,7-10年国债ETF,SH,511260
2022-12-29,106.1,106.126,106.077,106.079,112953260,11986519107,信用债ETF,SH,511360
2022-12-29,0.98,0.982,0.976,0.982,499500,488661,短融ETF,SZ,159976
2022-12-29,4.026,4.029,4.018,4.018,496300,1997693,绿色债券ETF(南方),SH,518890
2022-12-29,0.756,0.766,0.743,0.744,66247312,50059608,绿色电力ETF,SZ,159869
2022-12-29,100.08,100.239,100.08,100.185,32334298,3238791443,高等级同业存单ETF,SZ,159649
2022-12-30,106.89,107.018,106.809,106.88,1702400,181945874,1-3年国债ETF,SH,511020
2022-12-30,119.22,119.394,119.18,119.333,1856800,221344402,7-10年国债ETF,SH,511260
2022-12-30,106.132,106.196,106.132,106.158,95282100,10114008181,信用债ETF,SH,511360
2022-12-30,0.993,0.993,0.987,0.989,822600,814752,短融ETF,SZ,159976
2022-12-30,4.03,4.042,4.024,4.038,1313663,5299659,绿色债券ETF(南方),SH,518890
2022-12-30,0.742,0.763,0.739,0.763,72220000,54413358,绿色电力ETF,SZ,159869
2022-12-30,100.195,100.235,100.195,100.23,16220119,1625742372,高等级同业存单ETF,SZ,159649
2023-01-03,106.93,107.062,106.862,106.901,1793100,191725995,1-3年国债ETF,SH,511020
2023-01-03,119.32,119.383,119.28,119.34,2648600,316150449,7-10年国债ETF,SH,511260
2023-01-03,106.138,106.157,106.085,106.133,100155300,10628655427,信用债ETF,SH,511360
2023-01-03,0.977,0.995,0.977,0.992,463700,454584,短融ETF,SZ,159976
2023-01-03,4.029,4.051,4.029,4.038,2322800,9374610,绿色债券ETF(南方),SH,518890
2023-01-03,0.758,0.783,0.756,0.781,71238371,54903735,绿色电力ETF,SZ,159869
2023-01-03,100.18,100.278,100.18,100.255,52121805,5225577708,高等级同业存单ETF,SZ,159649
2023-01-04,106.951,107.19,106.951,107.059,2495200,267107802,1-3年国债ETF,SH,511020
2023-01-04,119.343,119.5,119.343,119.439,3026600,361410101,7-10年国债ETF,SH,511260
2023-01-04,106.168,106.182,106.143,106.171,73741271,7828854116,信用债ETF,SH,511360
2023-01-04,0.996,1.003,0.996,1.002,936902,938569,短融ETF,SZ,159976
2023-01-04,4.054,4.06,4.052,4.053,2473519,10031557,绿色债券ETF(南方),SH,518890
2023-01-04,0.782,0.806,0.779,0.803,84586662,67121704,绿色电力ETF,SZ,159869
2023-01-04,100.265,100.32,100.265,100.318,12895607,1293595961,高等级同业存单ETF,SZ,159649
2023-01-05,107.107,107.23,107.1,107.11,2598800,278458092,1-3年国债ETF,SH,511020
2023-01-05,119.446,119.529,119.39,119.441,3342700,399313585,7-10年国债ETF,SH,511260
2023-01-05,106.185,106.19,106.174,106.181,54411649,5777537211,信用债ETF,SH,511360
2023-01-05,1.01,1.02,1.01,1.017,2052324,2085180,短融ETF,SZ,159976
2023-01-05,4.058,4.075,4.057,4.057,1780200,7242433,绿色债券ETF(南方),SH,518890
2023-01-05,0.802,0.827,0.801,0.809,86318059,70080797,绿色电力ETF,SZ,159869
2023-01-05,100.269,100.34,100.268,100.301,43211240,4334499844,高等级同业存单ETF,SZ,159649
2023-01-06,107.16,107.16,106.901,106.942,2263100,242190161,1-3年国债ETF,SH,511020
2023-01-06,119.444,119.444,119.252,119.291,4896200,584167108,7-10年国债ETF,SH,511260
2023-01-06,106.186,106.208,106.185,106.197,51456800,5464588875,信用债ETF,SH,511360
2023-01-06,1.021,1.023,1.013,1.015,2934606,2990202,短融ETF,SZ,159976
2023-01-06,4.052,4.052,4.018,4.021,1269184,5106874,绿色债券ETF(南方),SH,518890
2023-01-06,0.805,0.811,0.795,0.801,66085422,52919772,绿色电力ETF,SZ,159869
2023-01-06,100.251,100.269,99.995,100.057,8815410,883059010,高等级同业存单ETF,SZ,159649
2023-01-09,106.992,107.138,106.893,106.931,2389400,255492894,1-3年国债ETF,SH,511020
2023-01-09,119.327,119.415,119.291,119.349,2973700,354768177,7-10年国债ETF,SH,511260
2023-01-09,106.204,106.218,106.2,106.218,39988442,4247158614,信用债ETF,SH,511360
2023-01-09,1.021,1.027,1.021,1.025,1042428,1066724,短融ETF,SZ,159976
2023-01-09,4.058,4.076,4.058,4.067,1314000,5348173,绿色债券ETF(南方),SH,518890
2023-01-09,0.796,0.813,0.796,0.808,70112704,56632545,绿色电力ETF,SZ,159869
2023-01-09,100.1,100.211,100.036,100.093,14538746,1455306923,高等级同业存单ETF,SZ,159649
2023-01-10,106.981,107.05,106.92,106.933,2040900,218238381,1-3年国债ETF,SH,511020
2023-01-10,119.335,119.349,119.256,119.256,4175300,498101228,7-10年国债ETF,SH,511260
2023-01-10,106.23,106.3,106.23,106.256,36859848,3916152736,信用债ETF,SH,511360
2023-01-10,1.024,1.025,1.019,1.022,1193601,1218587,短融ETF,SZ,159976
2023-01-10,4.064,4.073,4.059,4.065,466619,1896096,绿色债券ETF(南方),SH,518890
2023-01-10,0.809,0.825,0.805,0.825,78610633,64155547,绿色电力ETF,SZ,159869
2023-01-10,100.043,100.12,100.043,100.07,7410100,741627657,高等级同业存单ETF,SZ,159649
2023-01-11,106.95,106.95,106.65,106.673,2349700,250691273,1-3年国债ETF,SH,511020
2023-01-11,119.245,119.255,119.087,119.12,3378000,402359475,7-10年国债ETF,SH,511260
2023-01-11,106.24,106.263,106.24,106.248,48157438,5116905872,信用债ETF,SH,511360
2023-01-11,1.025,1.035,1.024,1.027,3750814,3868235,短融ETF,SZ,159976
2023-01-11,4.07,4.08,4.068,4.073,2532609,10316210,绿色债券ETF(南方),SH,518890
2023-01-11,0.827,0.827,0.803,0.805,76494931,62312535,绿色电力ETF,SZ,159869
2023-01-11,100.098,100.1,100.023,100.1,14769979,1477498723,高等级同业存单ETF,SZ,159649
2023-01-12,106.723,106.93,106.723,106.75,2439700,260675676,1-3年国债ETF,SH,511020
2023-01-12,119.155,119.2,119.12,119.152,4767700,568204540,7-10年国债ETF,SH,511260
2023-01-12,106.248,106.257,106.235,106.238,39027536,4146586131,信用债ETF,SH,511360
2023-01-12,1.031,1.037,1.023,1.023,3194300,3299208,短融ETF,SZ,159976
2023-01-12,4.059,4.08,4.059,4.08,649644,2645880,绿色债券ETF(南方),SH,518890
2023-01-12,0.804,0.811,0.796,0.804,64815222,52071300,绿色电力ETF,SZ,159869
2023-01-12,100.148,100.18,100.1,100.151,75849230,7595616043,高等级同业存单ETF,SZ,159649
2023-01-13,106.801,106.89,106.8,106.807,2952700,315423884,1-3年国债ETF,SH,511020
2023-01-13,119.145,119.145,119.08,119.133,4148500,494165862,7-10年国债ETF,SH,511260
2023-01-13,106.256,106.261,106.251,106.254,46993500,4993438550,信用债ETF,SH,511360
2023-01-13,1.031,1.037,1.027,1.037,977301,1004907,短融ETF,SZ,159976
2023-01-13,4.08,4.083,4.079,4.08,460600,1879245,绿色债券ETF(南方),SH,518890
2023-01-13,0.804,0.808,0.799,0.808,53017400,42613879,绿色电力ETF,SZ,159869
2023-01-13,100.13,100.2,100.103,100.139,28294600,2833410015,高等级同业存单ETF,SZ,159649
2023-01-16,106.84,106.84,106.67,106.71,1584500,169047741,1-3年国债ETF,SH,511020
2023-01-16,119.086,119.086,118.911,118.913,1265000,150476481,7-10年国债ETF,SH,511260
2023-01-16,106.258,106.266,106.241,106.256,39543151,4201516103,信用债ETF,SH,511360
2023-01-16,1.04,1.055,1.04,1.041,3174000,3333984,短融ETF,SZ,159976
2023-01-16,4.089,4.115,4.089,4.097,1482409,6092080,绿色债券ETF(南方),SH,518890
2023-01-16,0.81,0.813,0.802,0.808,65478592,52939317,绿色电力ETF,SZ,159869
2023-01-16,100.138,100.186,100.008,100.01,7198785,720076484,高等级同业存单ETF,SZ,159649
2023-01-17,106.71,106.72,106.64,106.699,1941700,207122348,1-3年国债ETF,SH,511020
2023-01-17,118.95,119.0,118.925,118.942,972800,115755110,7-10年国债ETF,SH,511260
2023-01-17,106.26,106.26,106.241,106.244,42516410,4517429874,信用债ETF,SH,511360
2023-01-17,1.045,1.049,1.039,1.041,1903100,1985355,短融ETF,SZ,159976
2023-01-17,4.105,4.128,4.105,4.116,1744563,7185428,绿色债券ETF(南方),SH,518890
2023-01-17,0.811,0.812,0.8,0.803,45150242,36332282,绿色电力ETF,SZ,159869
2023-01-17,100.01,100.16,100.0,100.035,59227040,5924460864,高等级同业存单ETF,SZ,159649
2023-01-18,106.749,106.788,106.705,106.711,1474700,157385925,1-3年国债ETF,SH,511020
2023-01-18,118.978,119.059,118.85,118.866,4132900,491828449,7-10年国债ETF,SH,511260
2023-01-18,106.25,106.255,106.233,106.247,51944676,5518798367,信用债ETF,SH,511360
2023-01-18,1.042,1.049,1.042,1.046,803600,841371,短融ETF,SZ,159976
2023-01-18,4.117,4.124,4.099,4.106,1462000,6018258,绿色债券ETF(南方),SH,518890
2023-01-18,0.811,0.83,0.811,0.828,87567800,72166449,绿色电力ETF,SZ,159869
2023-01-18,100.035,100.084,100.01,100.044,15607737,1561446250,高等级同业存单ETF,SZ,159649
2023-01-19,106.72,106.761,106.661,106.661,2029100,216526582,1-3年国债ETF,SH,511020
2023-01-19,118.885,118.965,118.828,118.829,5379400,639599370,7-10年国债ETF,SH,511260
2023-01-19,106.253,106.288,106.248,106.283,47616429,5059860058,信用债ETF,SH,511360
2023-01-19,1.046,1.051,1.04,1.051,2149400,2247478,短融ETF,SZ,159976
2023-01-19,4.106,4.122,4.106,4.12,686031,2820942,绿色债券ETF(南方),SH,518890
2023-01-19,0.821,0.835,0.815,0.835,108545204,89978741,绿色电力ETF,SZ,159869
2023-01-19,100.034,100.094,100.0,100.048,22321810,2232744423,高等级同业存单ETF,SZ,159649
2023-01-20,106.711,106.838,106.65,106.701,2210600,235843354,1-3年国债ETF,SH,511020
2023-01-20,118.891,118.979,118.891,118.969,2461900,292746680,7-10年国债ETF,SH,511260
2023-01-20,106.36,106.36,106.299,106.316,72175594,7673954203,信用债ETF,SH,511360
2023-01-20,1.055,1.06,1.053,1.057,973903,1030495,短融ETF,SZ,159976
2023-01-20,4.149,4.161,4.131,4.149,1878981,7802021,绿色债券ETF(南方),SH,518890
2023-01-20,0.835,0.837,0.827,0.837,55993424,46633565,绿色电力ETF,SZ,159869
2023-01-20,100.098,100.098,100.043,100.073,85418500,8548087642,高等级同业存单ETF,SZ,159649
2023-01-30,106.652,106.75,106.652,106.699,1481800,158108031,1-3年国债ETF,SH,511020
2023-01-30,118.953,119.055,118.86,119.049,2377600,282899051,7-10年国债ETF,SH,511260
2023-01-30,106.335,106.34,106.302,106.337,47344043,5034011157,信用债ETF,SH,511360
2023-01-30,1.058,1.085,1.058,1.064,2444520,2623681,短融ETF,SZ,159976
2023-01-30,4.137,4.16,4.137,4.148,1139222,4722568,绿色债券ETF(南方),SH,518890
2023-01-30,0.85,0.85,0.829,0.831,58123927,48579166,绿色电力ETF,SZ,159869
2023-01-30,100.073,100.079,100.023,100.079,12359889,1236570943,高等级同业存单ETF,SZ,159649
2023-01-31,106.749,106.895,106.724,106.771,3784000,404077707,1-3年国债ETF,SH,511020
2023-01-31,119.099,119.142,119.022,119.127,4696700,559268107,7-10年国债ETF,SH,511260
2023-01-31,106.351,106.378,106.347,106.375,44513608,4734702336,信用债ETF,SH,511360
2023-01-31,1.068,1.07,1.05,1.051,944500,1001554,短融ETF,SZ,159976
2023-01-31,4.136,4.155,4.116,4.118,962363,3982671,绿色债券ETF(南方),SH,518890
2023-01-31,0.828,0.834,0.822,0.833,53802083,44577281,绿色电力ETF,SZ,159869
2023-01-31,100.079,100.147,100.079,100.122,20999400,2101981478,高等级同业存单ETF,SZ,159649
2023-02-01,106.831,106.99,106.831,106.93,2401600,256717646,1-3年国债ETF,SH,511020
2023-02-01,119.14,119.208,119.059,119.137,3893200,464006505,7-10年国债ETF,SH,511260
2023-02-01,106.376,106.387,106.371,106.382,46142013,4908586608,信用债ETF,SH,511360
2023-02-01,1.042,1.07,1.042,1.059,707632,746153,短融ETF,SZ,159976
2023-02-01,4.123,4.142,4.123,4.138,476226,1970297,绿色债券ETF(南方),SH,518890
2023-02-01,0.833,0.85,0.828,0.849,83317324,69924769,绿色电力ETF,SZ,159869
2023-02-01,100.155,100.168,100.125,100.147,38803860,3885665215,高等级同业存单ETF,SZ,159649
2023-02-02,106.885,106.885,106.83,106.85,2828300,302232099,1-3年国债ETF,SH,511020
2023-02-02,119.136,119.229,119.116,119.201,2874000,342571198,7-10年国债ETF,SH,511260
2023-02-02,106.385,106.395,106.384,106.386,34230347,3641719594,信用债ETF,SH,511360
2023-02-02,1.06,1.065,1.058,1.061,2894300,3077504,短融ETF,SZ,159976
2023-02-02,4.171,4.178,4.167,4.171,2220489,9268225,绿色债券ETF(南方),SH,518890
2023-02-02,0.855,0.876,0.852,0.863,126593329,109480160,绿色电力ETF,SZ,159869
2023-02-02,100.14,100.16,100.125,100.146,21010502,2103897772,高等级同业存单ETF,SZ,159649
2023-02-03,106.906,107.02,106.88,106.881,3180600,340025726,1-3年国债ETF,SH,511020
2023-02-03,119.211,119.315,119.211,119.305,6985200,833249138,7-10年国债ETF,SH,511260
2023-02-03,106.405,106.416,106.403,106.414,33920211,3609446248,信用债ETF,SH,511360
2023-02-03,1.06,1.06,1.042,1.052,1705301,1781114,短融ETF,SZ,159976
2023-02-03,4.166,4.166,4.117,4.129,479772,1976663,绿色债券ETF(南方),SH,518890
2023-02-03,0.86,0.879,0.859,0.877,99484853,86666630,绿色电力ETF,SZ,159869
2023-02-03,100.15,100.215,100.15,100.205,45349245,4543700768,高等级同业存单ETF,SZ,159649
2023-02-06,106.931,106.994,106.88,106.891,2973600,317880896,1-3年国债ETF,SH,511020
2023-02-06,119.355,119.355,119.297,119.31,3242600,386880261,7-10年国债ETF,SH,511260
2023-02-06,106.421,106.431,106.42,106.427,30197100,3213759888,信用债ETF,SH,511360
2023-02-06,1.035,1.04,1.027,1.031,916102,948580,短融ETF,SZ,159976
2023-02-06,4.07,4.072,4.065,4.069,365800,1487969,绿色债券ETF(南方),SH,518890
2023-02-06,0.874,0.901,0.866,0.892,97777586,86769423,绿色电力ETF,SZ,159869
2023-02-06,100.22,100.265,100.22,100.25,7868060,788802291,高等级同业存单ETF,SZ,159649
2023-02-07,106.913,106.929,106.725,106.845,2510800,268260103,1-3年国债ETF,SH,511020
2023-02-07,119.29,119.36,119.203,119.285,3273200,390393862,7-10年国债ETF,SH,511260
2023-02-07,106.437,106.445,106.436,106.443,42538370,4527814881,信用债ETF,SH,511360
2023-02-07,1.038,1.042,1.033,1.035,872300,904909,短融ETF,SZ,159976
2023-02-07,4.058,4.06,4.056,4.058,421200,1709358,绿色债券ETF(南方),SH,518890
2023-02-07,0.894,0.922,0.881,0.915,105662074,95233083,绿色电力ETF,SZ,159869
2023-02-07,100.25,100.25,100.2,100.231,42330030,4241645125,高等级同业存单ETF,SZ,159649
2023-02-08,106.895,106.998,106.845,106.884,3256110,348016007,1-3年国债ETF,SH,511020
2023-02-08,119.292,119.35,119.2,119.228,4277100,510368826,7-10年国债ETF,SH,511260
2023-02-08,106.444,106.448,106.435,106.441,25633110,2728423161,信用债ETF,SH,511360
2023-02-08,1.039,1.039,1.031,1.031,53800,55635,短融ETF,SZ,159976
2023-02-08,4.059,4.063,4.053,4.058,382900,1553460,绿色债券ETF(南方),SH,518890
2023-02-08,0.913,0.916,0.89,0.894,99447356,89418444,绿色电力ETF,SZ,159869
2023-02-08,100.181,100.26,100.181,100.246,27848091,2791091330,高等级同业存单ETF,SZ,159649
2023-02-09,106.864,106.93,106.834,106.841,3840000,410366469,1-3年国债ETF,SH,511020
2023-02-09,119.278,119.311,119.23,119.241,12555300,1497519776,7-10年国债ETF,SH,511260
2023-02-09,106.442,106.447,106.434,106.438,25061332,2667517793,信用债ETF,SH,511360
2023-02-09,1.039,1.049,1.039,1.048,177503,185411,短融ETF,SZ,159976
2023-02-09,4.06,4.065,4.06,4.065,457600,1859882,绿色债券ETF(南方),SH,518890
2023-02-09,0.886,0.919,0.878,0.919,90116836,80779878,绿色电力ETF,SZ,159869
2023-02-09,100.222,100.252,100.222,100.252,33745902,3382303355,高等级同业存单ETF,SZ,159649
2023-02-10,106.91,106.983,106.848,106.897,2854600,305062239,1-3年国债ETF,SH,511020
2023-02-10,119.28,119.358,119.28,119.328,2693800,321476737,7-10年国债ETF,SH,511260
2023-02-10,106.447,106.459,106.447,106.456,29984195,3191921556,信用债ETF,SH,511360
2023-02-10,1.05,1.05,1.037,1.041,741200,770448,短融ETF,SZ,159976
2023-02-10,4.033,4.038,4.029,4.038,281500,1135873,绿色债券ETF(南方),SH,518890
2023-02-10,0.919,0.938,0.908,0.912,105968106,98048133,绿色电力ETF,SZ,159869
2023-02-10,100.252,100.301,100.241,100.282,34180150,3426710997,高等级同业存单ETF,SZ,159649
2023-02-13,106.905,106.98,106.897,106.98,2701500,288951743,1-3年国债ETF,SH,511020
2023-02-13,119.338,119.399,119.338,119.355,3126000,373176760,7-10年国债ETF,SH,511260
2023-02-13,106.462,106.471,106.455,106.465,26165983,2785598396,信用债ETF,SH,511360
2023-02-13,1.039,1.042,1.031,1.042,2289100,2374247,短融ETF,SZ,159976
2023-02-13,4.062,4.064,4.061,4.064,521300,2117237,绿色债券ETF(南方),SH,518890
2023-02-13,0.912,0.932,0.905,0.929,124125663,114575830,绿色电力ETF,SZ,159869
2023-02-13,100.332,100.345,100.25,100.312,40226507,4033909844,高等级同业存单ETF,SZ,159649
2023-02-14,106.96,107.03,106.95,107.02,3138200,335811014,1-3年国债ETF,SH,511020
2023-02-14,119.356,119.405,119.32,119.375,2631800,314176994,7-10年国债ETF,SH,511260
2023-02-14,106.474,106.508,106.47,106.495,27072118,2882649838,信用债ETF,SH,511360
2023-02-14,1.043,1.044,1.04,1.044,1261626,1313678,短融ETF,SZ,159976
2023-02-14,4.059,4.064,4.045,4.064,1442300,5845728,绿色债券ETF(南方),SH,518890
2023-02-14,0.926,0.936,0.917,0.922,93565017,86530711,绿色电力ETF,SZ,159869
2023-02-14,100.311,100.34,100.31,100.322,24610130,2468764528,高等级同业存单ETF,SZ,159649
2023-02-15,106.989,107.069,106.97,106.99,2573320,275333933,1-3年国债ETF,SH,511020
2023-02-15,119.379,119.382,119.315,119.33,1657000,197728956,7-10年国债ETF,SH,511260
2023-02-15,106.495,106.501,106.486,106.496,18145900,1932404855,信用债ETF,SH,511360
2023-02-15,1.045,1.045,1.033,1.034,1126800,1168083,短融ETF,SZ,159976
2023-02-15,4.066,4.072,4.05,4.05,2102478,8544521,绿色债券ETF(南方),SH,518890
2023-02-15,0.918,0.945,0.915,0.94,127467295,118547110,绿色电力ETF,SZ,159869
2023-02-15,100.325,100.359,100.305,100.322,33990840,3409789377,高等级同业存单ETF,SZ,159649
2023-02-16,106.985,107.04,106.942,107.02,2531100,270781890,1-3年国债ETF,SH,511020
2023-02-16,119.335,119.428,119.2,119.341,6072400,724551574,7-10年国债ETF,SH,511260
2023-02-16,106.497,106.524,106.474,106.509,39211952,4175914873,信用债ETF,SH,511360
2023-02-16,1.041,1.052,1.031,1.035,1590700,1663381,短融ETF,SZ,159976
2023-02-16,4.044,4.053,4.044,4.053,1885000,7632622,绿色债券ETF(南方),SH,518890
2023-02-16,0.94,0.98,0.934,0.941,145809235,140326842,绿色电力ETF,SZ,159869
2023-02-16,100.322,100.357,100.307,100.327,33582130,3369191837,高等级同业存单ETF,SZ,159649
2023-02-17,107.0,107.04,107.0,107.04,3483900,372820073,1-3年国债ETF,SH,511020
2023-02-17,119.37,119.431,119.334,119.377,1545600,184567246,7-10年国债ETF,SH,511260
2023-02-17,106.509,106.519,106.505,106.51,46628700,4966635756,信用债ETF,SH,511360
2023-02-17,1.034,1.034,1.019,1.019,283701,291369,短融ETF,SZ,159976
2023-02-17,4.0,4.049,4.0,4.039,1203841,4866320,绿色债券ETF(南方),SH,518890
2023-02-17,0.942,0.954,0.91,0.913,200636412,186135029,绿色电力ETF,SZ,159869
2023-02-17,100.327,100.35,100.277,100.314,46123740,4626846903,高等级同业存单ETF,SZ,159649
2023-02-20,107.04,107.09,106.924,106.924,3594400,384488156,1-3年国债ETF,SH,511020
2023-02-20,119.382,119.415,119.341,119.349,2913600,347732928,7-10年国债ETF,SH,511260
2023-02-20,106.511,106.521,106.505,106.513,25761502,2743891879,信用债ETF,SH,511360
2023-02-20,1.018,1.036,1.018,1.036,1087300,1112790,短融ETF,SZ,159976
2023-02-20,4.047,4.178,4.047,4.061,823713,3346076,绿色债券ETF(南方),SH,518890
2023-02-20,0.911,0.962,0.911,0.96,185191612,174187898,绿色电力ETF,SZ,159869
2023-02-20,100.314,100.319,100.233,100.252,38391410,3851251074,高等级同业存单ETF,SZ,159649
2023-02-21,106.895,106.895,106.856,106.889,3356500,358726711,1-3年国债ETF,SH,511020
2023-02-21,119.34,119.351,119.32,119.329,1648000,196685437,7-10年国债ETF,SH,511260
2023-02-21,106.519,106.525,106.516,106.52,20848900,2220809470,信用债ETF,SH,511360
2023-02-21,1.033,1.038,1.027,1.032,2896200,2990229,短融ETF,SZ,159976
2023-02-21,4.065,4.065,4.057,4.058,701800,2848911,绿色债券ETF(南方),SH,518890
2023-02-21,0.958,0.96,0.928,0.941,145007494,136825200,绿色电力ETF,SZ,159869
2023-02-21,100.25,100.25,100.132,100.15,5682860,569422198,高等级同业存单ETF,SZ,159649
2023-02-22,106.893,106.938,106.857,106.888,3501600,374245894,1-3年国债ETF,SH,511020
2023-02-22,119.329,119.395,119.329,119.353,2885800,344456777,7-10年国债ETF,SH,511260
2023-02-22,106.522,106.536,106.52,106.524,33281700,3545281976,信用债ETF,SH,511360
2023-02-22,1.024,1.024,1.019,1.022,1106500,1129606,短融ETF,SZ,159976
2023-02-22,4.062,4.068,4.062,4.065,1116100,4538056,绿色债券ETF(南方),SH,518890
2023-02-22,0.931,0.937,0.913,0.929,124548303,115193395,绿色电力ETF,SZ,159869
2023-02-22,100.151,100.185,100.15,100.183,26386830,2643155665,高等级同业存单ETF,SZ,159649
2023-02-23,106.937,107.04,106.881,106.881,3527200,377036151,1-3年国债ETF,SH,511020
2023-02-23,119.361,119.375,119.352,119.36,3726400,444809079,7-10年国债ETF,SH,511260
2023-02-23,106.529,106.534,106.526,106.527,28706400,3058086312,信用债ETF,SH,511360
2023-02-23,1.022,1.028,1.022,1.022,22601,23195,短融ETF,SZ,159976
2023-02-23,4.06,4.06,4.042,4.056,813100,3295478,绿色债券ETF(南方),SH,518890
2023-02-23,0.926,0.929,0.903,0.907,104933047,96125630,绿色电力ETF,SZ,159869
2023-02-23,100.185,100.204,100.178,100.187,6829510,684202380,高等级同业存单ETF,SZ,159649
2023-02-24,106.87,106.928,106.87,106.915,3750500,400992751,1-3年国债ETF,SH,511020
2023-02-24,119.38,119.38,119.342,119.344,2741300,327180962,7-10年国债ETF,SH,511260
2023-02-24,106.534,106.541,106.525,106.527,39561100,4214661987,信用债ETF,SH,511360
2023-02-24,1.022,1.022,1.008,1.012,96901,97919,短融ETF,SZ,159976
2023-02-24,4.064,4.071,4.064,4.068,526200,2140456,绿色债券ETF(南方),SH,518890
2023-02-24,0.907,0.915,0.901,0.911,86131883,78325603,绿色电力ETF,SZ,159869
2023-02-24,100.191,100.194,100.138,100.158,4822186,483108387,高等级同业存单ETF,SZ,159649
2023-02-27,106.872,106.93,106.872,106.927,3494200,373524814,1-3年国债ETF,SH,511020
2023-02-27,119.342,119.359,119.275,119.32,2606600,310952818,7-10年国债ETF,SH,511260
2023-02-27,106.535,106.539,106.507,106.511,43872800,4673637657,信用债ETF,SH,511360
2023-02-27,1.008,1.008,1.002,1.002,661000,664456,短融ETF,SZ,159976
2023-02-27,4.065,4.065,4.059,4.059,127000,515810,绿色债券ETF(南方),SH,518890
2023-02-27,0.902,0.916,0.892,0.894,89821315,81131959,绿色电力ETF,SZ,159869
2023-02-27,100.13,100.159,100.129,100.15,45743473,4581508983,高等级同业存单ETF,SZ,159649
2023-02-28,106.927,106.94,106.844,106.932,3661000,391363928,1-3年国债ETF,SH,511020
2023-02-28,119.343,119.343,119.29,119.303,3350300,399797258,7-10年国债ETF,SH,511260
2023-02-28,106.526,106.535,106.517,106.528,51294000,5464278470,信用债ETF,SH,511360
2023-02-28,1.011,1.013,1.002,1.009,440700,443289,短融ETF,SZ,159976
2023-02-28,4.055,4.069,4.055,4.065,695841,2829470,绿色债券ETF(南方),SH,518890
2023-02-28,0.901,0.902,0.883,0.9,91419500,81729357,绿色电力ETF,SZ,159869
2023-02-28,100.13,100.174,100.13,100.159,15443800,1546915156,高等级同业存单ETF,SZ,159649
2023-03-01,106.932,106.982,106.878,106.882,3546000,379000918,1-3年国债ETF,SH,511020
2023-03-01,119.349,119.349,119.304,119.324,2655700,316877688,7-10年国债ETF,SH,511260
2023-03-01,106.537,106.539,106.53,106.531,68689714,7317919543,信用债ETF,SH,511360
2023-03-01,1.01,1.03,1.01,1.029,583400,596354,短融ETF,SZ,159976
2023-03-01,4.074,4.078,4.073,4.078,250078,1019046,绿色债券ETF(南方),SH,518890
2023-03-01,0.902,0.945,0.897,0.942,148549241,137554963,绿色电力ETF,SZ,159869
2023-03-01,100.161,100.209,100.161,100.194,14016300,1404159575,高等级同业存单ETF,SZ,159649
2023-03-02,106.88,106.889,106.844,106.88,2726486,291385964,1-3年国债ETF,SH,511020
2023-03-02,119.324,119.355,119.209,119.295,2909201,347058918,7-10年国债ETF,SH,511260
2023-03-02,106.537,106.547,106.537,106.54,65210800,6947612767,信用债ETF,SH,511360
2023-03-02,1.028,1.033,1.027,1.028,143704,147946,短融ETF,SZ,159976
2023-03-02,4.073,4.073,4.066,4.072,38500,156579,绿色债券ETF(南方),SH,518890
2023-03-02,0.934,0.966,0.934,0.96,157634362,149893483,绿色电力ETF,SZ,159869
2023-03-02,100.196,100.22,100.15,100.175,13534840,1356361553,高等级同业存单ETF,SZ,159649
2023-03-03,106.83,106.885,106.83,106.88,3077100,328879366,1-3年国债ETF,SH,511020
2023-03-03,119.29,119.3,119.252,119.277,4581998,546514901,7-10年国债ETF,SH,511260
2023-03-03,106.55,106.569,106.55,106.562,24307100,2590049108,信用债ETF,SH,511360
2023-03-03,1.034,1.034,1.025,1.032,1457700,1502614,短融ETF,SZ,159976
2023-03-03,4.077,4.093,4.077,4.09,373000,1523220,绿色债券ETF(南方),SH,518890
2023-03-03,0.952,0.964,0.938,0.951,157524883,150171347,绿色电力ETF,SZ,159869
2023-03-03,100.175,100.186,100.148,100.172,34503950,3456344518,高等级同业存单ETF,SZ,159649
2023-03-06,106.835,106.988,106.835,106.96,3178900,339957259,1-3年国债ETF,SH,511020
2023-03-06,119.31,119.48,119.31,119.436,2426000,289834909,7-10年国债ETF,SH,511260
2023-03-06,106.575,106.669,106.573,106.594,40308324,4296346172,信用债ETF,SH,511360
2023-03-06,1.03,1.031,1.022,1.024,1111300,1139695,短融ETF,SZ,159976
2023-03-06,4.103,4.12,4.103,4.119,477800,1966436,绿色债券ETF(南方),SH,518890
2023-03-06,0.947,0.957,0.939,0.941,96681753,91495696,绿色电力ETF,SZ,159869
2023-03-06,100.18,100.22,100.173,100.212,12624810,1264951868,高等级同业存单ETF,SZ,159649
2023-03-07,106.979,106.999,106.94,106.946,3491800,373515490,1-3年国债ETF,SH,511020
2023-03-07,119.479,119.587,119.439,119.573,2222600,265595255,7-10年国债ETF,SH,511260
2023-03-07,106.6,106.609,106.6,106.606,24027400,2561417254,信用债ETF,SH,511360
2023-03-07,1.024,1.028,1.008,1.009,1625700,1662055,短融ETF,SZ,159976
2023-03-07,4.125,4.126,4.124,4.124,276200,1139165,绿色债券ETF(南方),SH,518890
2023-03-07,0.941,0.946,0.915,0.916,110939065,103100408,绿色电力ETF,SZ,159869
2023-03-07,100.212,100.3,100.212,100.265,29031114,2910783776,高等级同业存单ETF,SZ,159649
2023-03-08,106.988,107.115,106.91,106.91,4071300,435755197,1-3年国债ETF,SH,511020
2023-03-08,119.62,119.699,119.575,119.698,2463900,294908448,7-10年国债ETF,SH,511260
2023-03-08,106.611,106.615,106.596,106.601,24379700,2599084901,信用债ETF,SH,511360
2023-03-08,1.002,1.002,0.996,0.999,173900,173613,短融ETF,SZ,159976
2023-03-08,4.126,4.126,4.077,4.077,292100,1192176,绿色债券ETF(南方),SH,518890
2023-03-08,0.91,0.931,0.91,0.927,77527645,71460855,绿色电力ETF,SZ,159869
2023-03-08,100.3,100.351,100.282,100.321,12214680,1225302784,高等级同业存单ETF,SZ,159649
2023-03-09,106.962,107.108,106.91,107.041,3251700,348108459,1-3年国债ETF,SH,511020
2023-03-09,119.7,119.71,119.657,119.696,3582300,428748668,7-10年国债ETF,SH,511260
2023-03-09,106.612,106.618,106.609,106.612,26995145,2878058842,信用债ETF,SH,511360
2023-03-09,0.997,1.002,0.996,0.998,867200,867877,短融ETF,SZ,159976
2023-03-09,4.062,4.081,4.062,4.08,324900,1325203,绿色债券ETF(南方),SH,518890
2023-03-09,0.926,0.926,0.908,0.92,72005042,65918843,绿色电力ETF,SZ,159869
2023-03-09,100.321,100.359,100.321,100.332,15301817,1535563070,高等级同业存单ETF,SZ,159649
2023-03-10,107.041,107.119,107.041,107.11,3457200,370301614,1-3年国债ETF,SH,511020
2023-03-10,119.7,119.78,119.646,119.74,1864600,223317037,7-10年国债ETF,SH,511260
2023-03-10,106.628,106.645,106.626,106.636,27852593,2969978269,信用债ETF,SH,511360
2023-03-10,0.99,0.99,0.981,0.982,1100700,1082635,短融ETF,SZ,159976
2023-03-10,4.105,4.106,4.094,4.103,436900,1791833,绿色债券ETF(南方),SH,518890
2023-03-10,0.907,0.921,0.904,0.904,89656135,81805673,绿色电力ETF,SZ,159869
2023-03-10,100.332,100.381,100.332,100.37,10638201,1067590336,高等级同业存单ETF,SZ,159649
2023-03-13,107.129,107.159,107.065,107.102,3096800,331735203,1-3年国债ETF,SH,511020
2023-03-13,119.74,119.8,119.7,119.78,2375048,284513877,7-10年国债ETF,SH,511260
2023-03-13,106.639,106.648,106.635,106.637,27225708,2903357747,信用债ETF,SH,511360
2023-03-13,0.976,0.99,0.976,0.99,69400,68485,短融ETF,SZ,159976
2023-03-13,4.152,4.156,3.733,4.14,837138,3472935,绿色债券ETF(南方),SH,518890
2023-03-13,0.904,0.927,0.894,0.927,127191150,115477402,绿色电力ETF,SZ,159869
2023-03-13,100.37,100.416,100.365,100.37,10490799,1052975904,高等级同业存单ETF,SZ,159649
2023-03-14,107.102,107.199,107.055,107.141,3480400,372982517,1-3年国债ETF,SH,511020
2023-03-14,119.753,119.855,119.749,119.819,1985300,237907150,7-10年国债ETF,SH,511260
2023-03-14,106.642,106.649,106.635,106.639,33539691,3576789489,信用债ETF,SH,511360
2023-03-14,0.99,0.99,0.974,0.98,68900,67468,短融ETF,SZ,159976
2023-03-14,4.171,4.19,4.165,4.189,1487297,6216333,绿色债券ETF(南方),SH,518890
2023-03-14,0.921,0.939,0.909,0.917,117779974,108554705,绿色电力ETF,SZ,159869
2023-03-14,100.37,100.395,100.361,100.384,9712860,974911188,高等级同业存单ETF,SZ,159649
2023-03-15,107.103,107.166,107.07,107.103,2635500,282306406,1-3年国债ETF,SH,511020
2023-03-15,119.82,119.826,119.76,119.769,2409400,288591238,7-10年国债ETF,SH,511260
2023-03-15,106.645,106.648,106.628,106.643,33354800,3556971580,信用债ETF,SH,511360
2023-03-15,0.989,0.995,0.985,0.985,1658300,1643246,短融ETF,SZ,159976
2023-03-15,4.189,4.191,4.178,4.191,575408,2409221,绿色债券ETF(南方),SH,518890
2023-03-15,0.92,0.93,0.909,0.911,81243288,74597453,绿色电力ETF,SZ,159869
2023-03-15,100.38,100.391,100.341,100.368,31345009,3146533632,高等级同业存单ETF,SZ,159649
2023-03-16,107.153,107.298,107.153,107.245,3137300,336420818,1-3年国债ETF,SH,511020
2023-03-16,119.776,119.91,119.776,119.886,2497502,299384408,7-10年国债ETF,SH,511260
2023-03-16,106.649,106.65,106.644,106.647,33508200,3573544245,信用债ETF,SH,511360
2023-03-16,0.978,0.981,0.974,0.975,104600,102310,短融ETF,SZ,159976
2023-03-16,4.196,4.235,4.196,4.228,1728332,7299149,绿色债券ETF(南方),SH,518890
2023-03-16,0.906,0.93,0.889,0.919,111445420,101671373,绿色电力ETF,SZ,159869
2023-03-16,100.368,100.416,100.368,100.41,43436930,4360469371,高等级同业存单ETF,SZ,159649
2023-03-17,107.25,107.29,107.25,107.251,3159700,338939479,1-3年国债ETF,SH,511020
2023-03-17,119.886,119.964,119.871,119.962,2932200,351740338,7-10年国债ETF,SH,511260
2023-03-17,106.668,106.684,106.666,106.676,37404102,3990107951,信用债ETF,SH,511360
2023-03-17,0.983,0.991,0.979,0.979,222500,219260,短融ETF,SZ,159976
2023-03-17,4.229,4.244,4.228,4.244,1057743,4482554,绿色债券ETF(南方),SH,518890
2023-03-17,0.918,0.97,0.918,0.967,136384088,129967362,绿色电力ETF,SZ,159869
2023-03-17,100.409,100.459,100.39,100.443,15160636,1522786202,高等级同业存单ETF,SZ,159649
2023-03-20,107.252,107.369,107.252,107.33,2085100,223798730,1-3年国债ETF,SH,511020
2023-03-20,119.961,120.03,119.95,119.999,1795800,215496986,7-10年国债ETF,SH,511260
2023-03-20,106.677,106.706,106.677,106.694,27327100,2915490841,信用债ETF,SH,511360
2023-03-20,0.979,0.984,0.969,0.971,301300,295261,短融ETF,SZ,159976
2023-03-20,4.31,4.375,4.31,4.364,2535966,11036392,绿色债券ETF(南方),SH,518890
2023-03-20,0.998,1.041,0.998,1.017,235126236,240794573,绿色电力ETF,SZ,159869
2023-03-20,100.444,100.6,100.444,100.548,8155285,819950311,高等级同业存单ETF,SZ,159649
2023-03-21,107.365,107.467,107.325,107.376,2954400,317258481,1-3年国债ETF,SH,511020
2023-03-21,120.006,120.042,119.8,119.827,3165636,379763727,7-10年国债ETF,SH,511260
2023-03-21,106.706,106.719,106.696,106.704,40554576,4327476538,信用债ETF,SH,511360
2023-03-21,0.977,0.983,0.976,0.982,919210,900623,短融ETF,SZ,159976
2023-03-21,4.37,4.37,4.335,4.335,1018167,4429661,绿色债券ETF(南方),SH,518890
2023-03-21,1.012,1.062,1.006,1.052,161173332,167333099,绿色电力ETF,SZ,159869
2023-03-21,100.548,100.598,100.52,100.525,25991615,2614410930,高等级同业存单ETF,SZ,159649
2023-03-22,107.343,107.393,107.325,107.338,2901500,311478236,1-3年国债ETF,SH,511020
2023-03-22,119.783,119.877,119.719,119.877,3328800,399005304,7-10年国债ETF,SH,511260
2023-03-22,106.711,106.715,106.703,106.704,37381800,3988947460,信用债ETF,SH,511360
2023-03-22,0.996,0.996,0.994,0.996,204600,203634,短融ETF,SZ,159976
2023-03-22,4.308,4.308,4.261,4.274,1059989,4525219,绿色债券ETF(南方),SH,518890
2023-03-22,1.046,1.092,1.036,1.087,200742355,213996115,绿色电力ETF,SZ,159869
2023-03-22,100.558,100.558,100.482,100.523,13796080,1386725498,高等级同业存单ETF,SZ,159649
2023-03-23,107.312,107.359,107.28,107.28,4024319,431918566,1-3年国债ETF,SH,511020
2023-03-23,119.877,119.919,119.804,119.853,2626300,314852339,7-10年国债ETF,SH,511260
2023-03-23,106.713,106.718,106.707,106.715,49352486,5266459366,信用债ETF,SH,511360
2023-03-23,1.0,1.008,0.998,1.008,209808,210694,短融ETF,SZ,159976
2023-03-23,4.299,4.374,4.299,4.305,3088869,13298119,绿色债券ETF(南方),SH,518890
2023-03-23,1.083,1.102,1.075,1.095,163522664,178160951,绿色电力ETF,SZ,159869
2023-03-23,100.523,100.56,100.5,100.556,16786007,1687652084,高等级同业存单ETF,SZ,159649
2023-03-24,107.291,107.468,107.25,107.342,5299800,569064471,1-3年国债ETF,SH,511020
2023-03-24,119.853,119.884,119.801,119.815,3302100,395675959,7-10年国债ETF,SH,511260
2023-03-24,106.733,106.739,106.728,106.731,40020799,4271453803,信用债ETF,SH,511360
2023-03-24,1.012,1.012,1.006,1.008,152007,153424,短融ETF,SZ,159976
2023-03-24,4.325,4.336,4.314,4.321,1209400,5230113,绿色债券ETF(南方),SH,518890
2023-03-24,1.094,1.167,1.092,1.167,254204169,287431495,绿色电力ETF,SZ,159869
2023-03-24,100.59,100.59,100.512,100.513,10334773,1039407477,高等级同业存单ETF,SZ,159649
2023-03-27,107.33,107.444,107.303,107.365,4265100,458000611,1-3年国债ETF,SH,511020
2023-03-27,119.829,119.883,119.791,119.853,3044300,364923482,7-10年国债ETF,SH,511260
2023-03-27,106.739,106.739,106.721,106.726,52558980,5609487212,信用债ETF,SH,511360
2023-03-27,1.008,1.008,0.999,1.003,1132014,1134591,短融ETF,SZ,159976
2023-03-27,4.316,4.316,4.295,4.297,701500,3017558,绿色债券ETF(南方),SH,518890
2023-03-27,1.161,1.201,1.135,1.175,303092382,355146366,绿色电力ETF,SZ,159869
2023-03-27,100.522,100.563,100.52,100.542,53101737,5339004438,高等级同业存单ETF,SZ,159649
2023-03-28,107.365,107.498,107.365,107.425,4781000,513622262,1-3年国债ETF,SH,511020
2023-03-28,119.854,119.89,119.814,119.845,3085000,369737503,7-10年国债ETF,SH,511260
2023-03-28,106.729,106.744,106.728,106.737,52045180,5555100056,信用债ETF,SH,511360
2023-03-28,1.003,1.005,1.001,1.002,790200,792341,短融ETF,SZ,159976
2023-03-28,4.284,4.284,4.27,4.271,497413,2129141,绿色债券ETF(南方),SH,518890
2023-03-28,1.155,1.176,1.133,1.142,261936247,301614678,绿色电力ETF,SZ,159869
2023-03-28,100.545,100.592,100.544,100.584,55874932,5620146467,高等级同业存单ETF,SZ,159649
2023-03-29,107.425,107.473,107.379,107.385,3777300,405764227,1-3年国债ETF,SH,511020
2023-03-29,119.845,119.929,119.8,119.92,6208000,744468659,7-10年国债ETF,SH,511260
2023-03-29,106.747,106.749,106.734,106.744,48217496,5146877948,信用债ETF,SH,511360
2023-03-29,1.009,1.009,1.004,1.004,145401,146229,短融ETF,SZ,159976
2023-03-29,4.294,4.305,4.287,4.287,661951,2844687,绿色债券ETF(南方),SH,518890
2023-03-29,1.139,1.158,1.118,1.131,186159159,212564249,绿色电力ETF,SZ,159869
2023-03-29,100.585,100.628,100.571,100.572,53655520,5397267739,高等级同业存单ETF,SZ,159649
2023-03-30,107.413,107.499,107.338,107.41,5464800,587006683,1-3年国债ETF,SH,511020
2023-03-30,119.906,120.023,119.772,119.798,2323600,278424807,7-10年国债ETF,SH,511260
2023-03-30,106.743,106.743,106.73,106.736,46853215,5000975575,信用债ETF,SH,511360
2023-03-30,1.011,1.014,1.003,1.011,606806,614419,短融ETF,SZ,159976
2023-03-30,4.288,4.3,4.284,4.3,1265563,5429691,绿色债券ETF(南方),SH,518890
2023-03-30,1.12,1.144,1.109,1.129,182194394,205730691,绿色电力ETF,SZ,159869
2023-03-30,100.603,100.644,100.603,100.626,17442980,1755171344,高等级同业存单ETF,SZ,159649
2023-03-31,107.457,107.599,107.362,107.55,5819600,625298356,1-3年国债ETF,SH,511020
2023-03-31,119.848,119.92,119.83,119.852,4151400,497655732,7-10年国债ETF,SH,511260
2023-03-31,106.77,106.802,106.77,106.8,40697373,4346170515,信用债ETF,SH,511360
2023-03-31,1.016,1.02,1.014,1.014,16800,17087,短融ETF,SZ,159976
2023-03-31,4.301,4.318,4.222,4.318,587623,2529804,绿色债券ETF(南方),SH,518890
2023-03-31,1.128,1.23,1.112,1.214,376377516,441125433,绿色电力ETF,SZ,159869
2023-03-31,100.627,100.676,100.627,100.669,11419430,1149586311,高等级同业存单ETF,SZ,159649
2023-04-03,107.6,107.6,107.47,107.516,4639600,498812404,1-3年国债ETF,SH,511020
2023-04-03,119.9,119.901,119.862,119.874,4131000,495190642,7-10年国债ETF,SH,511260
2023-04-03,106.79,106.798,106.781,106.794,68482590,7313285939,信用债ETF,SH,511360
2023-04-03,1.016,1.018,1.013,1.016,61507,62494,短融ETF,SZ,159976
2023-04-03,4.303,4.303,4.26,4.27,1014019,4331343,绿色债券ETF(南方),SH,518890
2023-04-03,1.206,1.32,1.192,1.312,357188968,453398951,绿色电力ETF,SZ,159869
2023-04-03,100.669,100.73,100.669,100.704,14076790,1417807603,高等级同业存单ETF,SZ,159649
2023-04-04,107.518,107.549,107.495,107.538,6963700,748727435,1-3年国债ETF,SH,511020
2023-04-04,119.875,119.921,119.875,119.917,8394500,1006525753,7-10年国债ETF,SH,511260
2023-04-04,106.82,106.832,106.818,106.83,55696500,5949856750,信用债ETF,SH,511360
2023-04-04,1.016,1.017,1.011,1.013,1215500,1232516,短融ETF,SZ,159976
2023-04-04,4.285,4.318,4.285,4.316,1014331,4376592,绿色债券ETF(南方),SH,518890
2023-04-04,1.303,1.353,1.301,1.32,400861687,534038481,绿色电力ETF,SZ,159869
2023-04-04,100.71,100.72,100.705,100.717,17782240,1790847152,高等级同业存单ETF,SZ,159649
2023-04-06,107.54,107.55,107.539,107.54,4723500,507974856,1-3年国债ETF,SH,511020
2023-04-06,119.92,119.984,119.92,119.938,7230500,867305860,7-10年国债ETF,SH,511260
2023-04-06,106.838,106.862,106.835,106.858,59410567,6347894170,信用债ETF,SH,511360
2023-04-06,1.011,1.015,1.011,1.012,983955,996449,短融ETF,SZ,159976
2023-04-06,4.366,4.385,4.366,4.381,1107026,4847593,绿色债券ETF(南方),SH,518890
2023-04-06,1.283,1.312,1.261,1.292,412648683,530862078,绿色电力ETF,SZ,159869
2023-04-06,100.717,100.717,100.68,100.705,18452010,1857921136,高等级同业存单ETF,SZ,159649
2023-04-07,107.535,107.6,107.53,107.59,5732200,616579926,1-3年国债ETF,SH,511020
2023-04-07,119.95,120.048,119.95,120.02,6065400,727951066,7-10年国债ETF,SH,511260
2023-04-07,106.867,106.879,106.864,106.867,83857389,8961731393,信用债ETF,SH,511360
2023-04-07,1.018,1.025,1.018,1.025,380905,389398,短融ETF,SZ,159976
2023-04-07,4.38,4.381,4.377,4.381,226900,993570,绿色债券ETF(南方),SH,518890
2023-04-07,1.29,1.368,1.262,1.364,469739182,620011377,绿色电力ETF,SZ,159869
2023-04-07,100.706,100.706,100.685,100.695,47180230,4750810698,高等级同业存单ETF,SZ,159649
2023-04-10,107.591,107.625,107.591,107.62,4289700,461639030,1-3年国债ETF,SH,511020
2023-04-10,120.022,120.09,120.022,120.09,8104400,973179162,7-10年国债ETF,SH,511260
2023-04-10,106.87,106.896,106.87,106.886,53538800,5722494151,信用债ETF,SH,511360
2023-04-10,1.029,1.029,1.024,1.026,91002,93318,短融ETF,SZ,159976
2023-04-10,4.376,4.376,4.301,4.334,328589,1421663,绿色债券ETF(南方),SH,518890
2023-04-10,1.366,1.375,1.255,1.264,512789052,676161544,绿色电力ETF,SZ,159869
2023-04-10,100.693,100.85,100.691,100.81,18130800,1826416126,高等级同业存单ETF,SZ,159649
2023-04-11,107.642,107.672,107.52,107.597,6332400,681740938,1-3年国债ETF,SH,511020
2023-04-11,120.091,120.18,120.091,120.099,4580400,550285277,7-10年国债ETF,SH,511260
2023-04-11,106.895,106.902,106.889,106.895,58886250,6294529919,信用债ETF,SH,511360
2023-04-11,1.025,1.028,1.017,1.019,294100,301442,短融ETF,SZ,159976
2023-04-11,4.332,4.354,4.332,4.354,329563,1431638,绿色债券ETF(南方),SH,518890
2023-04-11,1.263,1.364,1.263,1.324,568007266,745320425,绿色电力ETF,SZ,159869
2023-04-11,100.81,100.86,100.764,100.809,30252397,3049695255,高等级同业存单ETF,SZ,159649
2023-04-12,107.605,107.745,107.548,107.729,6732700,724897246,1-3年国债ETF,SH,511020
2023-04-12,120.141,120.245,120.112,120.224,6665000,801282984,7-10年国债ETF,SH,511260
2023-04-12,106.91,106.91,106.896,106.901,58585967,6262888618,信用债ETF,SH,511360
2023-04-12,1.017,1.02,1.012,1.013,52400,53262,短融ETF,SZ,159976
2023-04-12,4.371,4.404,4.371,4.392,1848150,8116570,绿色债券ETF(南方),SH,518890
2023-04-12,1.313,1.428,1.31,1.425,524010525,716381042,绿色电力ETF,SZ,159869
2023-04-12,100.8,100.814,100.798,100.808,37837910,3814438816,高等级同业存单ETF,SZ,159649
2023-04-13,107.736,107.79,107.721,107.758,5926400,638636064,1-3年国债ETF,SH,511020
2023-04-13,120.273,120.274,120.232,120.254,5722700,688197090,7-10年国债ETF,SH,511260
2023-04-13,106.9,106.915,106.895,106.911,65663798,7019751596,信用债ETF,SH,511360
2023-04-13,1.01,1.01,1.001,1.005,1072000,1080422,短融ETF,SZ,159976
2023-04-13,4.387,4.396,4.383,4.393,957000,4199746,绿色债券ETF(南方),SH,518890
2023-04-13,1.42,1.442,1.378,1.389,505111470,716408148,绿色电力ETF,SZ,159869
2023-04-13,100.79,100.81,100.79,100.794,22891990,2307708431,高等级同业存单ETF,SZ,159649
2023-04-14,107.715,107.808,107.711,107.743,7042000,758914960,1-3年国债ETF,SH,511020
2023-04-14,120.269,120.269,120.135,120.194,5464800,656730693,7-10年国债ETF,SH,511260
2023-04-14,106.918,106.921,106.909,106.92,52563881,5619874243,信用债ETF,SH,511360
2023-04-14,1.053,1.053,0.99,1.012,2680700,2716610,短融ETF,SZ,159976
2023-04-14,4.432,4.432,4.405,4.413,624400,2755237,绿色债券ETF(南方),SH,518890
2023-04-14,1.369,1.41,1.305,1.364,594662274,811739365,绿色电力ETF,SZ,159869
2023-04-14,100.761,100.81,100.76,100.797,14869900,1498836499,高等级同业存单ETF,SZ,159649
2023-04-17,107.793,107.831,107.65,107.652,4610000,496787622,1-3年国债ETF,SH,511020
2023-04-17,120.194,120.23,120.14,120.186,5711798,686401010,7-10年国债ETF,SH,511260
2023-04-17,106.926,106.943,106.926,106.941,53398885,5709951364,信用债ETF,SH,511360
2023-04-17,1.007,1.023,1.007,1.023,1419006,1442219,短融ETF,SZ,159976
2023-04-17,4.413,4.413,4.351,4.368,1137813,4961905,绿色债券ETF(南方),SH,518890
2023-04-17,1.341,1.35,1.303,1.312,507962366,671775620,绿色电力ETF,SZ,159869
2023-04-17,100.796,100.806,100.773,100.781,17471397,1760980462,高等级同业存单ETF,SZ,159649
2023-04-18,107.665,107.75,107.612,107.746,6482200,698211508,1-3年国债ETF,SH,511020
2023-04-18,120.181,120.217,120.136,120.214,3535800,424957209,7-10年国债ETF,SH,511260
2023-04-18,106.94,106.95,106.939,106.948,50984374,5452414412,信用债ETF,SH,511360
2023-04-18,1.026,1.027,1.024,1.027,175603,180303,短融ETF,SZ,159976
2023-04-18,4.362,4.362,4.339,4.351,1772900,7707292,绿色债券ETF(南方),SH,518890
2023-04-18,1.3,1.338,1.261,1.32,729721462,946616997,绿色电力ETF,SZ,159869
2023-04-18,100.751,100.784,100.751,100.784,24452010,2464183676,高等级同业存单ETF,SZ,159649
2023-04-19,107.732,107.887,107.731,107.822,6271030,676170589,1-3年国债ETF,SH,511020
2023-04-19,120.22,120.4,120.22,120.33,5713700,687457020,7-10年国债ETF,SH,511260
2023-04-19,106.947,106.954,106.942,106.948,58222300,6226739506,信用债ETF,SH,511360
2023-04-19,1.023,1.023,1.012,1.013,2603800,2647419,短融ETF,SZ,159976
2023-04-19,4.362,4.376,4.341,4.35,795232,3461669,绿色债券ETF(南方),SH,518890
2023-04-19,1.308,1.362,1.308,1.326,510758980,684890482,绿色电力ETF,SZ,159869
2023-04-19,100.757,100.835,100.757,100.829,17098100,1723828823,高等级同业存单ETF,SZ,159649
2023-04-20,107.823,107.925,107.822,107.835,4597400,495919808,1-3年国债ETF,SH,511020
2023-04-20,120.325,120.42,120.2,120.239,4203500,505554138,7-10年国债ETF,SH,511260
2023-04-20,106.953,106.954,106.919,106.926,38211000,4086510986,信用债ETF,SH,511360
2023-04-20,1.013,1.015,1.009,1.012,362800,367506,短融ETF,SZ,159976
2023-04-20,4.348,4.354,4.344,4.354,95600,415618,绿色债券ETF(南方),SH,518890
2023-04-20,1.31,1.409,1.308,1.405,485391330,662322039,绿色电力ETF,SZ,159869
2023-04-20,100.829,100.875,100.819,100.847,74267890,7490593721,高等级同业存单ETF,SZ,159649
2023-04-21,107.884,107.947,107.833,107.918,4530200,488895064,1-3年国债ETF,SH,511020
2023-04-21,120.263,120.409,120.263,120.407,6365700,766399126,7-10年国债ETF,SH,511260
2023-04-21,106.953,106.968,106.952,106.964,63242804,6764513376,信用债ETF,SH,511360
2023-04-21,1.06,1.06,0.99,0.993,483400,484802,短融ETF,SZ,159976
2023-04-21,4.357,4.361,4.328,4.334,3382500,14714682,绿色债券ETF(南方),SH,518890
2023-04-21,1.419,1.444,1.355,1.359,545046801,761280856,绿色电力ETF,SZ,159869
2023-04-21,100.847,100.862,100.84,100.851,23444195,2364466200,高等级同业存单ETF,SZ,159649
2023-04-24,107.913,108.05,107.913,108.029,3415100,368900895,1-3年国债ETF,SH,511020
2023-04-24,120.422,120.538,120.422,120.51,4559900,549546063,7-10年国债ETF,SH,511260
2023-04-24,106.975,106.988,106.973,106.983,51675576,5528391418,信用债ETF,SH,511360
2023-04-24,0.993,0.995,0.98,0.983,148900,146985,短融ETF,SZ,159976
2023-04-24,4.329,4.331,4.323,4.323,3172063,13725775,绿色债券ETF(南方),SH,518890
2023-04-24,1.342,1.461,1.342,1.438,629711951,893385071,绿色电力ETF,SZ,159869
2023-04-24,100.85,100.901,100.85,100.865,43007250,4338128626,高等级同业存单ETF,SZ,159649
2023-04-25,108.078,108.079,107.961,107.962,7536900,813927547,1-3年国债ETF,SH,511020
2023-04-25,120.558,120.558,120.51,120.525,3933300,474101925,7-10年国债ETF,SH,511260
2023-04-25,106.988,106.994,106.986,106.988,53896300,5766330199,信用债ETF,SH,511360
2023-04-25,0.976,0.976,0.968,0.971,1981900,1928878,短融ETF,SZ,159976
2023-04-25,4.351,4.356,4.351,4.356,391900,1706172,绿色债券ETF(南方),SH,518890
2023-04-25,1.429,1.506,1.408,1.491,680744532,995945274,绿色电力ETF,SZ,159869
2023-04-25,100.866,100.952,100.866,100.906,26919069,2715948765,高等级同业存单ETF,SZ,159649
2023-04-26,107.964,108.13,107.964,108.13,6940700,749545669,1-3年国债ETF,SH,511020
2023-04-26,120.526,120.575,120.486,120.573,9185000,1107260604,7-10年国债ETF,SH,511260
2023-04-26,106.992,106.998,106.987,106.991,83787015,8964527955,信用债ETF,SH,511360
2023-04-26,0.97,0.982,0.967,0.979,716400,701787,短融ETF,SZ,159976
2023-04-26,4.382,4.382,4.366,4.369,673400,2942434,绿色债券ETF(南方),SH,518890
2023-04-26,1.479,1.544,1.413,1.489,714829791,1054287456,绿色电力ETF,SZ,159869
2023-04-26,100.906,100.94,100.85,100.87,16948700,1710326600,高等级同业存单ETF,SZ,159649
2023-04-27,108.05,108.2,108.049,108.175,4998700,540700764,1-3年国债ETF,SH,511020
2023-04-27,120.6,120.82,120.6,120.664,7932200,957704144,7-10年国债ETF,SH,511260
2023-04-27,106.992,106.999,106.967,106.998,69219899,7405463313,信用债ETF,SH,511360
2023-04-27,0.98,0.986,0.978,0.984,40800,39969,短融ETF,SZ,159976
2023-04-27,4.368,4.461,4.368,4.38,1205800,5276830,绿色债券ETF(南方),SH,518890
2023-04-27,1.46,1.483,1.358,1.387,841143750,1194875452,绿色电力ETF,SZ,159869
2023-04-27,100.881,101.025,100.881,101.025,23037617,2325347253,高等级同业存单ETF,SZ,159649
2023-04-28,108.18,108.18,108.13,108.17,4223000,456733854,1-3年国债ETF,SH,511020
2023-04-28,120.714,120.895,120.679,120.749,6313600,762323047,7-10年国债ETF,SH,511260
2023-04-28,107.04,107.043,107.024,107.027,92186340,9866706146,信用债ETF,SH,511360
2023-04-28,0.991,0.993,0.988,0.992,924000,916209,短融ETF,SZ,159976
2023-04-28,4.354,4.356,4.342,4.345,622906,2709954,绿色债券ETF(南方),SH,518890
2023-04-28,1.383,1.526,1.383,1.526,468109762,691010926,绿色电力ETF,SZ,159869
2023-04-28,101.0,101.055,101.0,101.055,9063634,915781509,高等级同业存单ETF,SZ,159649
2023-05-04,108.141,108.37,108.141,108.346,7058800,764672743,1-3年国债ETF,SH,511020
2023-05-04,120.826,121.0,120.826,120.964,4146300,501546866,7-10年国债ETF,SH,511260
2023-05-04,107.036,107.045,107.032,107.044,50909124,5449198483,信用债ETF,SH,511360
2023-05-04,0.953,0.987,0.953,0.982,68700,67456,短融ETF,SZ,159976
2023-05-04,4.424,4.464,4.424,4.443,1816704,8072544,绿色债券ETF(南方),SH,518890
2023-05-04,1.585,1.64,1.551,1.637,536703731,852626931,绿色电力ETF,SZ,159869
2023-05-04,101.062,101.128,101.062,101.107,21511910,2174718168,高等级同业存单ETF,SZ,159649
2023-05-05,108.351,108.58,108.351,108.58,6504600,705496619,1-3年国债ETF,SH,511020
2023-05-05,121.009,121.165,121.009,121.165,5850600,708672647,7-10年国债ETF,SH,511260
2023-05-05,107.063,107.082,107.06,107.08,47044626,5036992958,信用债ETF,SH,511360
2023-05-05,0.985,0.988,0.978,0.982,4090800,4018664,短融ETF,SZ,159976
2023-05-05,4.471,4.471,4.461,4.464,1612306,7199862,绿色债券ETF(南方),SH,518890
2023-05-05,1.598,1.616,1.547,1.553,592879930,932640644,绿色电力ETF,SZ,159869
2023-05-05,101.107,101.29,101.107,101.248,14043300,1420901756,高等级同业存单ETF,SZ,159649
2023-05-08,108.53,108.622,108.448,108.616,4405000,477992742,1-3年国债ETF,SH,511020
2023-05-08,121.998,121.998,120.989,121.035,5539400,670376391,7-10年国债ETF,SH,511260
2023-05-08,107.086,107.112,107.086,107.105,38406814,4113326263,信用债ETF,SH,511360
2023-05-08,0.984,0.988,0.981,0.988,1181100,1164246,短融ETF,SZ,159976
2023-05-08,4.419,4.425,4.396,4.409,1605800,7076815,绿色债券ETF(南方),SH,518890
2023-05-08,1.538,1.584,1.499,1.546,554641634,856045918,绿色电力ETF,SZ,159869
2023-05-08,101.248,101.25,101.19,101.194,16108520,1630650626,高等级同业存单ETF,SZ,159649
2023-05-09,108.571,108.575,108.502,108.554,6028300,654308837,1-3年国债ETF,SH,511020
2023-05-09,121.029,121.166,120.985,121.149,4095600,496022869,7-10年国债ETF,SH,511260
2023-05-09,107.112,107.123,107.106,107.117,37416736,4007939115,信用债ETF,SH,511360
2023-05-09,0.985,0.991,0.975,0.976,1683900,1663002,短融ETF,SZ,159976
2023-05-09,4.417,4.433,4.417,4.419,1410394,6237581,绿色债券ETF(南方),SH,518890
2023-05-09,1.527,1.561,1.476,1.48,760007781,1153919402,绿色电力ETF,SZ,159869
2023-05-09,101.168,101.24,101.168,101.225,16627520,1682890860,高等级同业存单ETF,SZ,159649
2023-05-10,108.559,108.649,108.531,108.596,5865000,636855432,1-3年国债ETF,SH,511020
2023-05-10,121.134,121.335,121.134,121.311,5438500,659617045,7-10年国债ETF,SH,511260
2023-05-10,107.129,107.145,107.126,107.144,56212318,6022437833,信用债ETF,SH,511360
2023-05-10,0.976,0.976,0.967,0.975,3563900,3455706,短融ETF,SZ,159976
2023-05-10,4.434,4.441,4.432,4.44,1877116,8327691,绿色债券ETF(南方),SH,518890
2023-05-10,1.469,1.507,1.4,1.439,790796400,1155899136,绿色电力ETF,SZ,159869
2023-05-10,101.205,101.44,101.205,101.278,12235650,1239032862,高等级同业存单ETF,SZ,159649
2023-05-11,108.646,108.8,108.645,108.772,6549600,712253986,1-3年国债ETF,SH,511020
2023-05-11,121.412,121.548,121.41,121.487,2997700,364146853,7-10年国债ETF,SH,511260
2023-05-11,107.149,107.16,107.146,107.157,55703065,5968610092,信用债ETF,SH,511360
2023-05-11,0.965,0.981,0.965,0.973,670200,655888,短融ETF,SZ,159976
2023-05-11,4.44,4.452,4.44,4.443,1341200,5961871,绿色债券ETF(南方),SH,518890
2023-05-11,1.44,1.51,1.431,1.463,642639147,943005414,绿色电力ETF,SZ,159869
2023-05-11,101.328,101.38,101.328,101.375,29011700,2941063657,高等级同业存单ETF,SZ,159649
2023-05-12,108.764,108.85,108.664,108.703,6305900,685573456,1-3年国债ETF,SH,511020
2023-05-12,121.498,121.537,121.331,121.365,3594100,436241965,7-10年国债ETF,SH,511260
2023-05-12,107.2,107.2,107.171,107.178,62487200,6697127880,信用债ETF,SH,511360
2023-05-12,0.978,0.978,0.967,0.967,245700,238603,短融ETF,SZ,159976
2023-05-12,4.408,4.422,4.408,4.412,617600,2725650,绿色债券ETF(南方),SH,518890
2023-05-12,1.45,1.47,1.388,1.39,482196897,686686072,绿色电力ETF,SZ,159869
2023-05-12,101.342,101.395,101.336,101.34,26267100,2662277646,高等级同业存单ETF,SZ,159649
2023-05-15,108.71,108.729,108.594,108.633,6460900,702200802,1-3年国债ETF,SH,511020
2023-05-15,121.37,121.48,121.355,121.36,4350700,528310105,7-10年国债ETF,SH,511260
2023-05-15,107.187,107.207,107.185,107.202,52613224,5639831095,信用债ETF,SH,511360
2023-05-15,0.972,0.987,0.97,0.985,1141200,1111880,短融ETF,SZ,159976
2023-05-15,4.429,4.435,4.426,4.427,1168200,5174842,绿色债券ETF(南方),SH,518890
2023-05-15,1.393,1.409,1.336,1.379,503812108,689507360,绿色电力ETF,SZ,159869
2023-05-15,101.34,101.379,101.3,101.336,24914710,2525548002,高等级同业存单ETF,SZ,159649
2023-05-16,108.639,108.658,108.578,108.607,6015300,653271256,1-3年国债ETF,SH,511020
2023-05-16,121.376,121.376,121.263,121.316,4735800,574443354,7-10年国债ETF,SH,511260
2023-05-16,107.2,107.206,107.199,107.202,58666332,6289291482,信用债ETF,SH,511360
2023-05-16,0.987,0.989,0.986,0.986,15500,15283,短融ETF,SZ,159976
2023-05-16,4.427,4.434,4.411,4.417,1326503,5869834,绿色债券ETF(南方),SH,518890
2023-05-16,1.395,1.418,1.322,1.327,627411098,861979256,绿色电力ETF,SZ,159869
2023-05-16,101.34,101.368,101.33,101.359,19478200,1974095733,高等级同业存单ETF,SZ,159649
2023-05-17,108.603,108.767,108.581,108.612,7101200,772028509,1-3年国债ETF,SH,511020
2023-05-17,121.36,121.42,121.302,121.305,4822800,585326752,7-10年国债ETF,SH,511260
2023-05-17,107.208,107.212,107.207,107.208,35195500,3773277598,信用债ETF,SH,511360
2023-05-17,0.981,0.986,0.978,0.978,1716500,1686995,短融ETF,SZ,159976
2023-05-17,4.404,4.404,4.397,4.399,1409982,6204612,绿色债券ETF(南方),SH,518890
2023-05-17,1.3,1.376,1.3,1.348,678916650,912199990,绿色电力ETF,SZ,159869
2023-05-17,101.32,101.36,101.32,101.351,19015600,1927256490,高等级同业存单ETF,SZ,159649
2023-05-18,108.618,108.662,108.562,108.618,5285100,573947096,1-3年国债ETF,SH,511020
2023-05-18,121.399,121.399,121.08,121.296,2797200,339249350,7-10年国债ETF,SH,511260
2023-05-18,107.214,107.223,107.209,107.218,31877500,3417697608,信用债ETF,SH,511360
2023-05-18,0.977,0.978,0.972,0.976,92300,89978,短融ETF,SZ,159976
2023-05-18,4.393,4.393,4.388,4.391,712600,3128602,绿色债券ETF(南方),SH,518890
2023-05-18,1.339,1.425,1.331,1.42,613732772,855318368,绿色电力ETF,SZ,159869
2023-05-18,101.351,101.351,101.271,101.315,20256360,2052269319,高等级同业存单ETF,SZ,159649
2023-05-19,108.59,108.677,108.59,108.648,6517600,708115598,1-3年国债ETF,SH,511020
2023-05-19,121.311,121.43,121.31,121.427,3397400,412473093,7-10年国债ETF,SH,511260
2023-05-19,107.23,107.235,107.222,107.226,65164391,6987306875,信用债ETF,SH,511360
2023-05-19,0.976,0.985,0.976,0.977,625905,611975,短融ETF,SZ,159976
2023-05-19,4.372,4.377,4.371,4.374,1081400,4731146,绿色债券ETF(南方),SH,518890
2023-05-19,1.404,1.448,1.381,1.385,417853980,588577301,绿色电力ETF,SZ,159869
2023-05-19,101.315,101.364,101.31,101.362,22181940,2247933032,高等级同业存单ETF,SZ,159649
2023-05-22,108.691,108.72,108.641,108.696,7345600,798483096,1-3年国债ETF,SH,511020
2023-05-22,121.39,121.49,121.377,121.453,4491950,545609825,7-10年国债ETF,SH,511260
2023-05-22,107.237,107.242,107.232,107.241,45843976,4916155297,信用债ETF,SH,511360
2023-05-22,0.977,0.986,0.974,0.986,1012100,991088,短融ETF,SZ,159976
2023-05-22,4.403,4.404,4.389,4.394,1228300,5399413,绿色债券ETF(南方),SH,518890
2023-05-22,1.359,1.392,1.317,1.354,549217511,741956187,绿色电力ETF,SZ,159869
2023-05-22,101.412,101.48,101.38,101.436,14737264,1494424490,高等级同业存单ETF,SZ,159649
2023-05-23,108.729,108.895,108.699,108.895,4931400,536927911,1-3年国债ETF,SH,511020
2023-05-23,121.46,121.73,121.46,121.708,5921499,720096984,7-10年国债ETF,SH,511260
2023-05-23,107.247,107.266,107.247,107.264,47144495,5056578840,信用债ETF,SH,511360
2023-05-23,4.374,4.378,4.372,4.372,1763200,7713116,绿色债券ETF(南方),SH,518890
2023-05-23,1.354,1.378,1.322,1.333,419133652,564819030,绿色电力ETF,SZ,159869
2023-05-23,101.444,101.618,101.444,101.558,14310420,1452944063,高等级同业存单ETF,SZ,159649
2023-05-24,108.92,108.944,108.879,108.94,4766300,519088189,1-3年国债ETF,SH,511020
2023-05-24,121.729,121.743,121.58,121.667,5542800,674286858,7-10年国债ETF,SH,511260
2023-05-24,107.27,107.275,107.27,107.275,30191480,3238713170,信用债ETF,SH,511360
2023-05-24,0.966,0.967,0.96,0.96,719800,693074,短融ETF,SZ,159976
2023-05-24,4.371,4.41,4.371,4.399,850247,3744879,绿色债券ETF(南方),SH,518890
2023-05-24,1.314,1.37,1.303,1.357,501092085,671120761,绿色电力ETF,SZ,159869
2023-05-24,101.578,101.6,101.524,101.58,26150538,2655146025,高等级同业存单ETF,SZ,159649
2023-05-25,108.934,108.97,108.85,108.88,6086900,662990791,1-3年国债ETF,SH,511020
2023-05-25,121.666,121.666,121.525,121.564,4639700,564027131,7-10年国债ETF,SH,511260
2023-05-25,107.274,107.282,107.268,107.273,45170820,4845678814,信用债ETF,SH,511360
2023-05-25,0.955,0.958,0.948,0.955,693603,660965,短融ETF,SZ,159976
2023-05-25,4.316,4.393,4.316,4.374,854200,3737149,绿色债券ETF(南方),SH,518890
2023-05-25,1.352,1.377,1.272,1.317,595448954,784248730,绿色电力ETF,SZ,159869
2023-05-25,101.578,101.578,101.452,101.506,5591230,567378387,高等级同业存单ETF,SZ,159649
2023-05-26,108.89,108.929,108.812,108.845,6154100,669853258,1-3年国债ETF,SH,511020
2023-05-26,121.565,121.613,121.321,121.352,6392900,776446080,7-10年国债ETF,SH,511260
2023-05-26,107.282,107.307,107.282,107.303,44634068,4788926459,信用债ETF,SH,511360
2023-05-26,0.952,0.955,0.949,0.955,3877200,3686356,短融ETF,SZ,159976
2023-05-26,4.358,4.358,4.351,4.354,529800,2306958,绿色债券ETF(南方),SH,518890
2023-05-26,1.308,1.355,1.294,1.343,460626280,612241847,绿色电力ETF,SZ,159869
2023-05-26,101.48,101.48,101.436,101.455,15100150,1531918452,高等级同业存单ETF,SZ,159649
2023-05-29,108.867,108.893,108.761,108.882,5452700,593571952,1-3年国债ETF,SH,511020
2023-05-29,121.358,121.46,121.324,121.459,4213851,511756311,7-10年国债ETF,SH,511260
2023-05-29,107.305,107.317,107.305,107.31,50001498,5365622608,信用债ETF,SH,511360
2023-05-29,0.955,0.956,0.947,0.948,1551819,1474846,短融ETF,SZ,159976
2023-05-29,4.29,4.355,4.29,4.353,895800,3898331,绿色债券ETF(南方),SH,518890
2023-05-29,1.349,1.435,1.334,1.385,665058036,919660353,绿色电力ETF,SZ,159869
2023-05-29,101.456,101.528,101.456,101.528,12252100,1243372050,高等级同业存单ETF,SZ,159649
2023-05-30,108.885,108.959,108.855,108.933,5184100,564602915,1-3年国债ETF,SH,511020
2023-05-30,121.462,121.525,121.45,121.465,6909400,839391500,7-10年国债ETF,SH,511260
2023-05-30,107.315,107.316,107.303,107.311,38639388,4146497837,信用债ETF,SH,511360
2023-05-30,0.947,0.949,0.939,0.948,204506,192879,短融ETF,SZ,159976
2023-05-30,4.309,4.358,4.309,4.344,2189400,9523435,绿色债券ETF(南方),SH,518890
2023-05-30,1.354,1.478,1.335,1.47,834276397,1182432228,绿色电力ETF,SZ,159869
2023-05-30,101.531,101.586,101.531,101.586,9365320,951191624,高等级同业存单ETF,SZ,159649
2023-05-31,108.93,109.01,108.909,108.972,6862800,747811880,1-3年国债ETF,SH,511020
2023-05-31,121.469,121.52,121.469,121.504,3556600,432038808,7-10年国债ETF,SH,511260
2023-05-31,107.315,107.32,107.311,107.318,68452300,7346032755,信用债ETF,SH,511360
2023-05-31,0.944,0.944,0.937,0.941,91200,85772,短融ETF,SZ,159976
2023-05-31,4.778,4.778,4.366,4.404,1510018,6640783,绿色债券ETF(南方),SH,518890
2023-05-31,1.465,1.515,1.454,1.491,607587921,902771304,绿色电力ETF,SZ,159869
2023-05-31,101.542,101.61,101.542,101.579,28448020,2889948043,高等级同业存单ETF,SZ,159649
2023-06-01,108.976,109.14,108.976,109.054,6515200,710253819,1-3年国债ETF,SH,511020
2023-06-01,121.563,121.68,121.563,121.654,4599800,559441515,7-10年国债ETF,SH,511260
2023-06-01,107.326,107.331,107.322,107.324,67490200,7243475054,信用债ETF,SH,511360
2023-06-01,0.941,0.952,0.941,0.946,2954300,2801657,短融ETF,SZ,159976
2023-06-01,4.419,4.419,4.4,4.403,563800,2482426,绿色债券ETF(南方),SH,518890
2023-06-01,1.474,1.562,1.469,1.523,603219153,920620509,绿色电力ETF,SZ,159869
2023-06-01,101.591,101.68,101.591,101.642,15268500,1551923921,高等级同业存单ETF,SZ,159649
2023-06-02,109.054,109.103,108.958,108.998,6674100,727643499,1-3年国债ETF,SH,511020
2023-06-02,121.7,121.701,121.566,121.579,3938200,478886667,7-10年国债ETF,SH,511260
2023-06-02,107.343,107.353,107.338,107.351,70204000,7535862175,信用债ETF,SH,511360
2023-06-02,0.999,0.999,0.94,0.968,872900,842138,短融ETF,SZ,159976
2023-06-02,4.421,4.424,4.414,4.416,1792400,7923311,绿色债券ETF(南方),SH,518890
2023-06-02,1.534,1.555,1.512,1.521,569052536,869677657,绿色电力ETF,SZ,159869
2023-06-02,101.644,101.68,101.582,101.613,17394100,1768530538,高等级同业存单ETF,SZ,159649
2023-06-05,108.998,109.08,108.989,109.03,5710700,622786547,1-3年国债ETF,SH,511020
2023-06-05,121.56,121.653,121.545,121.626,5313100,646292709,7-10年国债ETF,SH,511260
2023-06-05,107.357,107.363,107.356,107.361,65588396,7041473365,信用债ETF,SH,511360
2023-06-05,0.963,0.97,0.963,0.97,240500,232478,短融ETF,SZ,159976
2023-06-05,4.373,4.373,4.359,4.363,654419,2855275,绿色债券ETF(南方),SH,518890
2023-06-05,1.506,1.553,1.495,1.55,502885685,768925841,绿色电力ETF,SZ,159869
2023-06-05,101.618,101.656,101.618,101.648,14047491,1427717534,高等级同业存单ETF,SZ,159649
2023-06-06,109.027,109.075,108.981,109.06,5290400,576845131,1-3年国债ETF,SH,511020
2023-06-06,121.651,121.76,121.651,121.76,4614500,561638834,7-10年国债ETF,SH,511260
2023-06-06,107.368,107.372,107.366,107.371,60352501,6480020651,信用债ETF,SH,511360
2023-06-06,0.975,0.977,0.964,0.964,955900,930115,短融ETF,SZ,159976
2023-06-06,4.405,4.405,4.394,4.395,301325,1324936,绿色债券ETF(南方),SH,518890
2023-06-06,1.533,1.585,1.49,1.506,492100423,757591820,绿色电力ETF,SZ,159869
2023-06-06,101.668,101.76,101.668,101.743,10631300,1081207087,高等级同业存单ETF,SZ,159649
2023-06-07,109.02,109.148,109.02,109.147,6379100,696111484,1-3年国债ETF,SH,511020
2023-06-07,121.758,121.87,121.71,121.869,5396202,657413637,7-10年国债ETF,SH,511260
2023-06-07,107.379,107.386,107.378,107.385,63573700,6826646529,信用债ETF,SH,511360
2023-06-07,0.968,0.969,0.968,0.968,35801,34665,短融ETF,SZ,159976
2023-06-07,4.408,4.411,4.399,4.399,817100,3600907,绿色债券ETF(南方),SH,518890
2023-06-07,1.497,1.529,1.47,1.5,445621066,668748171,绿色电力ETF,SZ,159869
2023-06-07,101.75,101.805,101.75,101.798,19672703,2002402092,高等级同业存单ETF,SZ,159649
2023-06-08,109.147,109.197,109.126,109.185,7759600,847128785,1-3年国债ETF,SH,511020
2023-06-08,121.867,121.889,121.801,121.844,4736300,577060550,7-10年国债ETF,SH,511260
2023-06-08,107.394,107.398,107.393,107.398,62056456,6664546115,信用债ETF,SH,511360
2023-06-08,0.989,0.989,0.962,0.968,482300,468177,短融ETF,SZ,159976
2023-06-08,4.379,4.385,4.375,4.376,519900,2276535,绿色债券ETF(南方),SH,518890
2023-06-08,1.487,1.487,1.432,1.46,443194061,644721277,绿色电力ETF,SZ,159869
2023-06-08,101.752,101.79,101.731,101.77,24354300,2478600021,高等级同业存单ETF,SZ,159649
2023-06-09,109.185,109.421,109.138,109.314,8689400,949370144,1-3年国债ETF,SH,511020
2023-06-09,121.856,122.023,121.841,121.977,4212800,513798392,7-10年国债ETF,SH,511260
2023-06-09,107.404,107.411,107.396,107.399,73869312,7934126374,信用债ETF,SH,511360
2023-06-09,0.958,0.972,0.958,0.972,1389600,1346930,短融ETF,SZ,159976
2023-06-09,4.405,4.408,4.402,4.403,688900,3034453,绿色债券ETF(南方),SH,518890
2023-06-09,1.46,1.555,1.446,1.554,653359337,977480949,绿色电力ETF,SZ,159869
2023-06-09,101.77,101.819,101.736,101.806,22548400,2294614912,高等级同业存单ETF,SZ,159649
2023-06-12,109.333,109.364,109.26,109.29,5463300,597064003,1-3年国债ETF,SH,511020
2023-06-12,121.97,122.08,121.97,122.058,4439800,541806419,7-10年国债ETF,SH,511260
2023-06-12,107.406,107.415,107.402,107.413,61546614,6610790071,信用债ETF,SH,511360
2023-06-12,0.97,0.981,0.97,0.979,3096100,3018506,短融ETF,SZ,159976
2023-06-12,4.402,4.417,4.402,4.414,2292300,10100718,绿色债券ETF(南方),SH,518890
2023-06-12,1.548,1.567,1.533,1.538,445106397,688644780,绿色电力ETF,SZ,159869
2023-06-12,101.806,101.839,101.806,101.826,15183192,1546058858,高等级同业存单ETF,SZ,159649
2023-06-13,109.293,109.6,109.259,109.468,7421800,812675825,1-3年国债ETF,SH,511020
2023-06-13,122.099,122.282,122.072,122.279,5357400,654976054,7-10年国债ETF,SH,511260
2023-06-13,107.424,107.429,107.421,107.429,61745300,6633010510,信用债ETF,SH,511360
2023-06-13,0.979,0.988,0.979,0.988,675318,665242,短融ETF,SZ,159976
2023-06-13,4.419,4.427,4.419,4.427,1291900,5714633,绿色债券ETF(南方),SH,518890
2023-06-13,1.527,1.595,1.527,1.567,464193212,727971796,绿色电力ETF,SZ,159869
2023-06-13,101.826,101.9,101.815,101.9,12059600,1228799393,高等级同业存单ETF,SZ,159649
2023-06-14,109.46,109.647,109.441,109.57,7602600,832883297,1-3年国债ETF,SH,511020
2023-06-14,122.399,122.61,122.282,122.598,5491500,672856946,7-10年国债ETF,SH,511260
2023-06-14,107.434,107.452,107.432,107.448,64394826,6918532353,信用债ETF,SH,511360
2023-06-14,0.993,0.996,0.988,0.988,1958707,1941764,短融ETF,SZ,159976
2023-06-14,4.397,4.404,4.397,4.4,339000,1491994,绿色债券ETF(南方),SH,518890
2023-06-14,1.555,1.62,1.548,1.584,554766898,876225088,绿色电力ETF,SZ,159869
2023-06-14,101.95,101.95,101.921,101.946,19983420,2036989751,高等级同业存单ETF,SZ,159649
2023-06-15,109.57,109.57,109.3,109.305,6481700,708939589,1-3年国债ETF,SH,511020
2023-06-15,122.548,122.598,122.22,122.245,4365200,534037841,7-10年国债ETF,SH,511260
2023-06-15,107.448,107.449,107.438,107.443,76196300,8186796329,信用债ETF,SH,511360
2023-06-15,0.998,1.004,0.995,1.004,2404304,2404773,短融ETF,SZ,159976
2023-06-15,4.383,4.39,4.371,4.376,519400,2273038,绿色债券ETF(南方),SH,518890
2023-06-15,1.592,1.615,1.555,1.569,518095654,818406093,绿色电力ETF,SZ,159869
2023-06-15,101.9,101.91,101.829,101.844,7069600,720179243,高等级同业存单ETF,SZ,159649
2023-06-16,109.17,109.302,109.055,109.09,5625600,613936098,1-3年国债ETF,SH,511020
2023-06-16,122.0,122.118,121.72,121.794,5100100,621409152,7-10年国债ETF,SH,511260
2023-06-16,107.45,107.45,107.412,107.415,68637449,7374142871,信用债ETF,SH,511360
2023-06-16,1.009,1.015,1.005,1.014,746424,752624,短融ETF,SZ,159976
2023-06-16,4.398,4.408,4.398,4.403,209309,922314,绿色债券ETF(南方),SH,518890
2023-06-16,1.552,1.621,1.528,1.605,558050662,880379680,绿色电力ETF,SZ,159869
2023-06-16,101.795,101.814,101.705,101.709,18581109,1890907466,高等级同业存单ETF,SZ,159649
2023-06-19,109.092,109.138,109.0,109.086,5889900,642328141,1-3年国债ETF,SH,511020
2023-06-19,121.826,121.913,121.725,121.888,3541700,431329637,7-10年国债ETF,SH,511260
2023-06-19,107.419,107.423,107.407,107.417,80107103,8604708251,信用债ETF,SH,511360
2023-06-19,1.019,1.019,1.003,1.008,101300,101919,短融ETF,SZ,159976
2023-06-19,4.405,4.408,4.401,4.408,105500,464892,绿色债券ETF(南方),SH,518890
2023-06-19,1.607,1.639,1.592,1.637,566190099,914778400,绿色电力ETF,SZ,159869
2023-06-19,101.715,101.759,101.641,101.69,8179510,831680563,高等级同业存单ETF,SZ,159649
2023-06-20,109.037,109.13,109.037,109.078,5165800,563551524,1-3年国债ETF,SH,511020
2023-06-20,121.87,121.899,121.771,121.866,1349600,164474461,7-10年国债ETF,SH,511260
2023-06-20,107.417,107.428,107.4,107.411,75265656,8085025758,信用债ETF,SH,511360
2023-06-20,1.008,1.009,1.005,1.008,911600,918395,短融ETF,SZ,159976
2023-06-20,4.406,4.413,4.4,4.412,880000,3877455,绿色债券ETF(南方),SH,518890
2023-06-20,1.638,1.709,1.616,1.685,660650774,1111075685,绿色电力ETF,SZ,159869
2023-06-20,101.64,101.72,101.64,101.697,17219320,1751372089,高等级同业存单ETF,SZ,159649
2023-06-21,109.178,109.275,109.082,109.242,5341800,583418115,1-3年国债ETF,SH,511020
2023-06-21,121.87,122.077,121.87,122.01,6158400,751412240,7-10年国债ETF,SH,511260
2023-06-21,107.44,107.468,107.433,107.467,80521510,8651843697,信用债ETF,SH,511360
2023-06-21,1.0,1.003,0.995,0.995,709000,705585,短融ETF,SZ,159976
2023-06-21,4.39,4.4,4.387,4.393,573806,2520087,绿色债券ETF(南方),SH,518890
2023-06-21,1.645,1.66,1.529,1.529,900021008,1422737729,绿色电力ETF,SZ,159869
2023-06-21,101.711,101.86,101.711,101.784,20570650,2093872985,高等级同业存单ETF,SZ,159649
2023-06-26,109.292,110.334,109.26,109.338,4804100,525253689,1-3年国债ETF,SH,511020
2023-06-26,122.01,122.21,122.01,122.169,4478600,547129518,7-10年国债ETF,SH,511260
2023-06-26,107.466,107.475,107.458,107.464,73307500,7878044904,信用债ETF,SH,511360
2023-06-26,0.985,0.986,0.978,0.98,467900,458320,短融ETF,SZ,159976
2023-06-26,4.384,4.39,4.381,4.389,435600,1910094,绿色债券ETF(南方),SH,518890
2023-06-26,1.495,1.538,1.432,1.441,805348150,1190685759,绿色电力ETF,SZ,159869
2023-06-26,101.77,101.82,101.77,101.813,13487100,1373144087,高等级同业存单ETF,SZ,159649
2023-06-27,109.337,109.374,109.214,109.24,5502800,601144050,1-3年国债ETF,SH,511020
2023-06-27,122.163,122.164,121.91,121.972,4896700,597233094,7-10年国债ETF,SH,511260
2023-06-27,107.469,107.472,107.456,107.46,87082213,9357991504,信用债ETF,SH,511360
2023-06-27,0.985,0.993,0.983,0.992,614200,606348,短融ETF,SZ,159976
2023-06-27,4.396,4.397,4.382,4.386,535200,2348209,绿色债券ETF(南方),SH,518890
2023-06-27,1.442,1.491,1.421,1.458,683156704,998219062,绿色电力ETF,SZ,159869
2023-06-27,101.819,101.84,101.785,101.796,21001710,2138167117,高等级同业存单ETF,SZ,159649
2023-06-28,109.29,109.29,109.191,109.25,5382900,588092612,1-3年国债ETF,SH,511020
2023-06-28,121.972,122.058,121.966,121.989,5134700,626458463,7-10年国债ETF,SH,511260
2023-06-28,107.457,107.457,107.437,107.441,90726700,9748132858,信用债ETF,SH,511360
2023-06-28,0.982,0.99,0.982,0.989,421700,416159,短融ETF,SZ,159976
2023-06-28,4.369,4.374,4.367,4.367,868100,3794154,绿色债券ETF(南方),SH,518890
2023-06-28,1.435,1.47,1.381,1.448,951382586,1354838821,绿色电力ETF,SZ,159869
2023-06-28,101.8,101.862,101.8,101.847,9440920,961577115,高等级同业存单ETF,SZ,159649
2023-06-29,109.252,109.269,109.213,109.222,5409000,590994462,1-3年国债ETF,SH,511020
2023-06-29,121.988,122.05,121.939,122.031,1436188,175202043,7-10年国债ETF,SH,511260
2023-06-29,107.44,107.44,107.414,107.429,121555903,13058360753,信用债ETF,SH,511360
2023-06-29,0.986,0.989,0.986,0.988,2066100,2043273,短融ETF,SZ,159976
2023-06-29,4.372,4.38,4.372,4.379,1070300,4683434,绿色债券ETF(南方),SH,518890
2023-06-29,1.442,1.511,1.435,1.498,706232526,1045925481,绿色电力ETF,SZ,159869
2023-06-29,101.851,101.896,101.844,101.88,13752094,1400703999,高等级同业存单ETF,SZ,159649
2023-06-30,109.256,109.337,109.248,109.337,5392000,589324558,1-3年国债ETF,SH,511020
2023-06-30,122.056,122.268,122.05,122.262,2796800,341766868,7-10年国债ETF,SH,511260
2023-06-30,107.454,107.507,107.453,107.497,138233886,14857585332,信用债ETF,SH,511360
2023-06-30,0.986,0.994,0.986,0.993,3536700,3507216,短融ETF,SZ,159976
2023-06-30,4.377,4.421,4.377,4.419,2240100,9826336,绿色债券ETF(南方),SH,518890
2023-06-30,1.484,1.508,1.45,1.469,573803916,843716944,绿色电力ETF,SZ,159869
2023-06-30,101.885,101.98,101.885,101.97,15053150,1534749519,高等级同业存单ETF,SZ,159649
2023-07-03,109.387,109.433,109.338,109.4,4450700,486720373,1-3年国债ETF,SH,511020
2023-07-03,122.31,122.337,122.158,122.203,8352800,1020720179,7-10年国债ETF,SH,511260
2023-07-03,107.503,107.516,107.488,107.499,83091088,8932871021,信用债ETF,SH,511360
2023-07-03,1.006,1.009,1.001,1.009,589904,594371,短融ETF,SZ,159976
2023-07-03,4.423,4.423,4.391,4.399,1119300,4924999,绿色债券ETF(南方),SH,518890
2023-07-03,1.469,1.472,1.342,1.356,805163448,1106739388,绿色电力ETF,SZ,159869
2023-07-03,101.951,102.014,101.95,101.968,387594,39525719,高等级同业存单ETF,SZ,159649
2023-07-04,109.45,109.505,109.25,109.294,4336400,474678504,1-3年国债ETF,SH,511020
2023-07-04,122.2,122.3,122.153,122.217,4276190,522893695,7-10年国债ETF,SH,511260
2023-07-04,107.523,107.538,107.523,107.533,59538700,6402197308,信用债ETF,SH,511360
2023-07-04,1.009,1.011,1.005,1.009,3419200,3448354,短融ETF,SZ,159976
2023-07-04,4.402,4.406,4.401,4.401,502409,2212230,绿色债券ETF(南方),SH,518890
2023-07-04,1.351,1.367,1.34,1.364,597980506,808632025,绿色电力ETF,SZ,159869
2023-07-04,101.973,102.012,101.972,101.999,8541023,871151245,高等级同业存单ETF,SZ,159649
2023-07-05,109.35,109.499,109.35,109.473,6006300,657319466,1-3年国债ETF,SH,511020
2023-07-05,122.25,122.251,122.168,122.233,4712390,575990152,7-10年国债ETF,SH,511260
2023-07-05,107.548,107.592,107.547,107.585,60200696,6474999374,信用债ETF,SH,511360
2023-07-05,1.008,1.008,1.0,1.0,640600,643118,短融ETF,SZ,159976
2023-07-05,4.403,4.406,4.403,4.404,261500,1151735,绿色债券ETF(南方),SH,518890
2023-07-05,1.359,1.375,1.34,1.34,516928948,701852451,绿色电力ETF,SZ,159869
2023-07-05,102.017,102.089,102.003,102.063,20934800,2136178588,高等级同业存单ETF,SZ,159649
2023-07-06,109.483,109.523,109.45,109.463,4007800,438865518,1-3年国债ETF,SH,511020
2023-07-06,122.237,122.309,122.237,122.276,4182400,511398288,7-10年国债ETF,SH,511260
2023-07-06,107.58,107.585,107.56,107.578,66258966,7127943515,信用债ETF,SH,511360
2023-07-06,1.004,1.004,0.99,0.992,133600,132833,短融ETF,SZ,159976
2023-07-06,4.401,4.406,4.401,4.404,90600,398987,绿色债券ETF(南方),SH,518890
2023-07-06,1.336,1.399,1.332,1.351,555302997,759307851,绿色电力ETF,SZ,159869
2023-07-06,102.065,102.1,102.064,102.079,21161800,2160220862,高等级同业存单ETF,SZ,159649
2023-07-07,109.492,109.55,109.488,109.533,4296300,470474340,1-3年国债ETF,SH,511020
2023-07-07,122.273,122.311,122.266,122.309,5251900,642357283,7-10年国债ETF,SH,511260
2023-07-07,107.592,107.593,107.579,107.582,67614160,7274533312,信用债ETF,SH,511360
2023-07-07,0.985,0.985,0.983,0.985,720801,709607,短融ETF,SZ,159976
2023-07-07,4.382,4.399,4.382,4.399,214600,942133,绿色债券ETF(南方),SH,518890
2023-07-07,1.344,1.349,1.285,1.332,494815651,651149237,绿色电力ETF,SZ,159869
2023-07-07,102.081,102.129,102.081,102.125,13022499,1329739291,高等级同业存单ETF,SZ,159649
2023-07-10,109.58,109.58,109.485,109.549,4397600,481728523,1-3年国债ETF,SH,511020
2023-07-10,122.307,122.341,122.265,122.331,3877400,474296053,7-10年国债ETF,SH,511260
2023-07-10,107.59,107.594,107.586,107.593,61507555,6617599356,信用债ETF,SH,511360
2023-07-10,0.989,0.99,0.981,0.984,748900,739431,短融ETF,SZ,159976
2023-07-10,4.402,4.404,4.402,4.404,122830,540738,绿色债券ETF(南方),SH,518890
2023-07-10,1.332,1.35,1.306,1.347,429061433,570488590,绿色电力ETF,SZ,159869
2023-07-10,102.134,102.134,102.095,102.105,16692800,1704477054,高等级同业存单ETF,SZ,159649
2023-07-11,109.539,109.622,109.539,109.582,4901200,537099692,1-3年国债ETF,SH,511020
2023-07-11,122.35,122.499,122.35,122.426,3739100,457787991,7-10年国债ETF,SH,511260
2023-07-11,107.602,107.618,107.599,107.615,74467520,8012870765,信用债ETF,SH,511360
2023-07-11,0.998,0.998,0.98,0.994,434700,431312,短融ETF,SZ,159976
2023-07-11,4.404,4.411,4.401,4.408,723281,3187871,绿色债券ETF(南方),SH,518890
2023-07-11,1.346,1.365,1.319,1.331,397143707,532214998,绿色电力ETF,SZ,159869
2023-07-11,102.114,102.149,102.088,102.114,15503500,1583449177,高等级同业存单ETF,SZ,159649
2023-07-12,109.587,109.6,109.54,109.582,4241000,464722760,1-3年国债ETF,SH,511020
2023-07-12,122.44,122.475,122.399,122.447,3068000,375621322,7-10年国债ETF,SH,511260
2023-07-12,107.617,107.618,107.608,107.613,61508756,6619076316,信用债ETF,SH,511360
2023-07-12,0.994,0.999,0.99,0.99,11700,11632,短融ETF,SZ,159976
2023-07-12,4.409,4.413,4.409,4.411,266968,1177373,绿色债券ETF(南方),SH,518890
2023-07-12,1.325,1.334,1.278,1.28,489210495,638004467,绿色电力ETF,SZ,159869
2023-07-12,102.121,102.121,102.064,102.08,10425300,1064349432,高等级同业存单ETF,SZ,159649
2023-07-13,109.57,109.595,109.533,109.574,4088600,447964159,1-3年国债ETF,SH,511020
2023-07-13,122.445,122.456,122.36,122.395,2291800,280519225,7-10年国债ETF,SH,511260
2023-07-13,107.614,107.621,107.606,107.613,59172836,6367944135,信用债ETF,SH,511360
2023-07-13,0.992,1.011,0.992,1.01,3759501,3780948,短融ETF,SZ,159976
2023-07-13,4.44,4.446,4.44,4.445,298100,1324362,绿色债券ETF(南方),SH,518890
2023-07-13,1.283,1.321,1.268,1.31,620840963,802341660,绿色电力ETF,SZ,159869
2023-07-13,102.086,102.095,102.06,102.08,15094620,1540968586,高等级同业存单ETF,SZ,159649
2023-07-14,109.527,109.58,109.526,109.557,3891700,426385381,1-3年国债ETF,SH,511020
2023-07-14,122.396,122.396,122.327,122.346,2676100,327440748,7-10年国债ETF,SH,511260
2023-07-14,107.628,107.634,107.624,107.634,56234670,6052447922,信用债ETF,SH,511360
2023-07-14,1.011,1.013,1.01,1.011,1257700,1271840,短融ETF,SZ,159976
2023-07-14,4.438,4.441,4.43,4.43,285800,1267736,绿色债券ETF(南方),SH,518890
2023-07-14,1.31,1.359,1.31,1.324,513999705,683290649,绿色电力ETF,SZ,159869
2023-07-14,102.088,102.088,102.052,102.069,17058720,1741148951,高等级同业存单ETF,SZ,159649
2023-07-17,109.555,109.68,109.55,109.659,3895000,427089188,1-3年国债ETF,SH,511020
2023-07-17,122.359,122.464,122.359,122.463,3628200,444256210,7-10年国债ETF,SH,511260
2023-07-17,107.639,107.644,107.633,107.641,44495600,4789468144,信用债ETF,SH,511360
2023-07-17,1.008,1.008,1.005,1.008,239500,241087,短融ETF,SZ,159976
2023-07-17,4.43,4.448,4.43,4.441,1033800,4588809,绿色债券ETF(南方),SH,518890
2023-07-17,1.312,1.316,1.279,1.29,384812492,497280846,绿色电力ETF,SZ,159869
2023-07-17,102.069,102.11,102.069,102.109,16194730,1653356896,高等级同业存单ETF,SZ,159649
2023-07-18,109.68,109.765,109.66,109.757,3600800,395042622,1-3年国债ETF,SH,511020
2023-07-18,122.48,122.65,122.476,122.638,1787500,219118677,7-10年国债ETF,SH,511260
2023-07-18,107.653,107.66,107.652,107.659,42204299,4543515212,信用债ETF,SH,511360
2023-07-18,1.012,1.012,0.998,0.999,322800,322277,短融ETF,SZ,159976
2023-07-18,4.441,4.46,4.441,4.459,392200,1747275,绿色债券ETF(南方),SH,518890
2023-07-18,1.29,1.304,1.268,1.272,410246878,525601075,绿色电力ETF,SZ,159869
2023-07-18,102.109,102.224,102.109,102.189,13505400,1380074378,高等级同业存单ETF,SZ,159649
2023-07-19,109.799,109.799,109.745,109.763,3112500,341624215,1-3年国债ETF,SH,511020
2023-07-19,122.644,122.67,122.566,122.614,2155000,264287665,7-10年国债ETF,SH,511260
2023-07-19,107.664,107.669,107.663,107.669,54843600,5904853264,信用债ETF,SH,511360
2023-07-19,0.996,0.998,0.992,0.997,1404600,1400380,短融ETF,SZ,159976
2023-07-19,4.504,4.514,4.491,4.512,165300,745112,绿色债券ETF(南方),SH,518890
2023-07-19,1.272,1.3,1.269,1.279,331937821,425945804,绿色电力ETF,SZ,159869
2023-07-19,102.197,102.22,102.197,102.204,10763700,1100105258,高等级同业存单ETF,SZ,159649
2023-07-20,109.73,109.799,109.715,109.791,3874100,425197755,1-3年国债ETF,SH,511020
2023-07-20,122.617,122.635,122.545,122.623,4062600,498147235,7-10年国债ETF,SH,511260
2023-07-20,107.675,107.677,107.67,107.672,55465406,5972145935,信用债ETF,SH,511360
2023-07-20,1.004,1.004,0.99,0.99,818500,819031,短融ETF,SZ,159976
2023-07-20,4.512,4.515,4.507,4.507,154700,697905,绿色债券ETF(南方),SH,518890
2023-07-20,1.276,1.281,1.23,1.233,420280277,525632692,绿色电力ETF,SZ,159869
2023-07-20,102.215,102.227,102.185,102.2,11208320,1145579042,高等级同业存单ETF,SZ,159649
2023-07-21,109.791,109.866,109.783,109.851,4012600,440705909,1-3年国债ETF,SH,511020
2023-07-21,122.672,122.785,122.672,122.771,3075600,377501930,7-10年国债ETF,SH,511260
2023-07-21,107.683,107.693,107.679,107.687,59595610,6417745124,信用债ETF,SH,511360
2023-07-21,0.991,0.992,0.983,0.986,1188800,1172642,短融ETF,SZ,159976
2023-07-21,4.483,4.486,4.48,4.483,467000,2093428,绿色债券ETF(南方),SH,518890
2023-07-21,1.229,1.258,1.223,1.234,358736067,444753155,绿色电力ETF,SZ,159869
2023-07-21,102.211,102.25,102.211,102.247,16371300,1673542026,高等级同业存单ETF,SZ,159649
2023-07-24,109.861,109.885,109.853,109.877,5061700,556145223,1-3年国债ETF,SH,511020
2023-07-24,122.784,122.873,122.783,122.854,3072592,377447424,7-10年国债ETF,SH,511260
2023-07-24,107.696,107.699,107.693,107.696,60237800,6487347623,信用债ETF,SH,511360
2023-07-24,0.98,0.985,0.975,0.977,129500,126744,短融ETF,SZ,159976
2023-07-24,4.476,4.48,4.476,4.478,118400,530359,绿色债券ETF(南方),SH,518890
2023-07-24,1.225,1.255,1.218,1.231,402798922,497390899,绿色电力ETF,SZ,159869
2023-07-24,102.21,102.287,102.21,102.268,15549000,1590243554,高等级同业存单ETF,SZ,159649
2023-07-25,109.633,109.836,109.614,109.614,4084900,447868728,1-3年国债ETF,SH,511020
2023-07-25,122.721,122.721,122.334,122.392,3841192,470427730,7-10年国债ETF,SH,511260
2023-07-25,107.689,107.694,107.665,107.67,85665006,9224660111,信用债ETF,SH,511360
2023-07-25,0.981,1.009,0.981,1.008,1519162,1522993,短融ETF,SZ,159976
2023-07-25,4.455,4.465,4.455,4.459,844200,3764830,绿色债券ETF(南方),SH,518890
2023-07-25,1.245,1.254,1.219,1.235,471140260,582816767,绿色电力ETF,SZ,159869
2023-07-25,102.218,102.251,102.111,102.134,21433910,2190112094,高等级同业存单ETF,SZ,159649
2023-07-26,109.62,109.68,109.566,109.667,3822300,419002866,1-3年国债ETF,SH,511020
2023-07-26,122.392,122.525,122.37,122.51,3050900,373548632,7-10年国债ETF,SH,511260
2023-07-26,107.684,107.685,107.678,107.679,63940994,6885307656,信用债ETF,SH,511360
2023-07-26,1.008,1.008,1.005,1.006,30900,31079,短融ETF,SZ,159976
2023-07-26,4.469,4.549,4.469,4.475,326800,1461855,绿色债券ETF(南方),SH,518890
2023-07-26,1.23,1.23,1.183,1.191,464555197,557189695,绿色电力ETF,SZ,159869
2023-07-26,102.135,102.135,102.085,102.128,20510600,2094386270,高等级同业存单ETF,SZ,159649
2023-07-27,109.677,109.829,109.677,109.802,4168900,457579180,1-3年国债ETF,SH,511020
2023-07-27,122.545,122.672,122.545,122.644,3229500,396068056,7-10年国债ETF,SH,511260
2023-07-27,107.677,107.688,107.676,107.68,62524168,6732647532,信用债ETF,SH,511360
2023-07-27,1.012,1.017,1.011,1.014,148109,150252,短融ETF,SZ,159976
2023-07-27,4.48,4.489,4.48,4.485,491100,2202389,绿色债券ETF(南方),SH,518890
2023-07-27,1.187,1.199,1.173,1.175,433479337,513545845,绿色电力ETF,SZ,159869
2023-07-27,102.128,102.219,102.128,102.205,18337900,1873854169,高等级同业存单ETF,SZ,159649
2023-07-28,109.717,109.839,109.636,109.7,3661600,401592897,1-3年国债ETF,SH,511020
2023-07-28,122.68,122.725,122.539,122.603,3339400,409382480,7-10年国债ETF,SH,511260
2023-07-28,107.695,107.703,107.67,107.676,80033178,8618590342,信用债ETF,SH,511360
2023-07-28,1.008,1.038,1.008,1.035,1524861,1558666,短融ETF,SZ,159976
2023-07-28,4.444,4.453,4.444,4.448,299900,1333968,绿色债券ETF(南方),SH,518890
2023-07-28,1.174,1.18,1.16,1.17,440618083,515583525,绿色电力ETF,SZ,159869
2023-07-28,102.215,102.252,102.14,102.186,21849600,2233452511,高等级同业存单ETF,SZ,159649
2023-07-31,109.75,109.75,109.51,109.612,3635600,398541103,1-3年国债ETF,SH,511020
2023-07-31,122.59,122.59,122.3,122.454,2699500,330586721,7-10年国债ETF,SH,511260
2023-07-31,107.678,107.683,107.671,107.677,69877249,7524072011,信用债ETF,SH,511360
2023-07-31,1.053,1.055,1.039,1.043,2584304,2707251,短融ETF,SZ,159976
2023-07-31,4.443,4.45,4.443,4.448,69000,306854,绿色债券ETF(南方),SH,518890
2023-07-31,1.164,1.229,1.152,1.215,733572246,879121940,绿色电力ETF,SZ,159869
2023-07-31,102.186,102.186,102.118,102.143,19751908,2017460176,高等级同业存单ETF,SZ,159649
2023-08-01,109.661,109.728,109.65,109.673,3728770,409049291,1-3年国债ETF,SH,511020
2023-08-01,122.506,122.601,122.475,122.545,3405708,417460746,7-10年国债ETF,SH,511260
2023-08-01,107.713,107.715,107.685,107.709,71366713,7686245710,信用债ETF,SH,511360
2023-08-01,1.04,1.046,1.032,1.034,2689201,2793228,短融ETF,SZ,159976
2023-08-01,4.44,4.47,4.44,4.463,260813,1164343,绿色债券ETF(南方),SH,518890
2023-08-01,1.203,1.226,1.19,1.215,520622166,627834177,绿色电力ETF,SZ,159869
2023-08-01,102.177,102.192,102.151,102.183,21422400,2189169080,高等级同业存单ETF,SZ,159649
2023-08-02,109.691,109.737,109.678,109.717,3545300,388969321,1-3年国债ETF,SH,511020
2023-08-02,122.594,122.655,122.562,122.651,3028308,371313925,7-10年国债ETF,SH,511260
2023-08-02,107.715,107.735,107.713,107.734,99113900,10676779718,信用债ETF,SH,511360
2023-08-02,1.025,1.037,1.022,1.022,1189505,1220963,短融ETF,SZ,159976
2023-08-02,4.48,4.551,4.447,4.459,759500,3383875,绿色债券ETF(南方),SH,518890
2023-08-02,1.209,1.215,1.194,1.207,297119562,357174579,绿色电力ETF,SZ,159869
2023-08-02,102.158,102.22,102.158,102.202,18710900,1912098254,高等级同业存单ETF,SZ,159649
2023-08-03,109.717,109.788,109.717,109.766,4299800,471921505,1-3年国债ETF,SH,511020
2023-08-03,122.657,122.742,122.656,122.714,5105200,626346944,7-10年国债ETF,SH,511260
2023-08-03,107.739,107.754,107.731,107.753,80810000,8706546728,信用债ETF,SH,511360
2023-08-03,1.023,1.034,1.023,1.033,293100,300958,短融ETF,SZ,159976
2023-08-03,4.439,4.444,4.437,4.439,680519,3021627,绿色债券ETF(南方),SH,518890
2023-08-03,1.195,1.218,1.189,1.194,348968018,419483345,绿色电力ETF,SZ,159869
2023-08-03,102.204,102.273,102.204,102.268,21530738,2201267371,高等级同业存单ETF,SZ,159649
2023-08-04,109.65,109.839,109.65,109.797,3756400,412455663,1-3年国债ETF,SH,511020
2023-08-04,122.717,122.85,122.601,122.715,3455600,424049515,7-10年国债ETF,SH,511260
2023-08-04,107.751,107.775,107.75,107.774,82792336,8922112499,信用债ETF,SH,511360
2023-08-04,1.036,1.05,0.998,1.05,3297897,3429570,短融ETF,SZ,159976
2023-08-04,4.43,4.437,4.427,4.432,358903,1590837,绿色债券ETF(南方),SH,518890
2023-08-04,1.193,1.227,1.191,1.223,556847596,676758907,绿色电力ETF,SZ,159869
2023-08-04,102.268,102.294,102.26,102.285,20878500,2135527522,高等级同业存单ETF,SZ,159649
2023-08-07,109.797,109.847,109.797,109.817,3593800,394731496,1-3年国债ETF,SH,511020
2023-08-07,122.75,122.792,122.723,122.758,2650700,325390869,7-10年国债ETF,SH,511260
2023-08-07,107.781,107.793,107.778,107.792,52665798,5676620487,信用债ETF,SH,511360
2023-08-07,1.06,1.155,1.015,1.025,830000,860100,短融ETF,SZ,159976
2023-08-07,4.451,4.451,4.442,4.444,727500,3233782,绿色债券ETF(南方),SH,518890
2023-08-07,1.226,1.277,1.223,1.252,741547061,927343518,绿色电力ETF,SZ,159869
2023-08-07,102.285,102.34,102.285,102.326,21413010,2191021247,高等级同业存单ETF,SZ,159649
2023-08-08,109.839,109.878,109.832,109.859,1462900,160689619,1-3年国债ETF,SH,511020
2023-08-08,122.752,122.808,122.752,122.795,1177600,144600442,7-10年国债ETF,SH,511260
2023-08-08,107.792,107.8,107.792,107.798,55387401,5970617579,信用债ETF,SH,511360
2023-08-08,1.023,1.027,1.02,1.02,459902,470815,短融ETF,SZ,159976
2023-08-08,4.445,4.447,4.444,4.444,477900,2124477,绿色债券ETF(南方),SH,518890
2023-08-08,1.249,1.263,1.236,1.238,423620030,529383507,绿色电力ETF,SZ,159869
2023-08-08,102.323,102.34,102.32,102.338,25741508,2634349534,高等级同业存单ETF,SZ,159649
2023-08-09,109.908,109.956,109.863,109.889,3168600,348241188,1-3年国债ETF,SH,511020
2023-08-09,122.838,122.839,122.804,122.835,2583300,317298111,7-10年国债ETF,SH,511260
2023-08-09,107.8,107.814,107.798,107.805,47980547,5172648736,信用债ETF,SH,511360
2023-08-09,1.02,1.02,1.003,1.014,2102896,2135102,短融ETF,SZ,159976
2023-08-09,4.442,4.443,4.439,4.439,539500,2396142,绿色债券ETF(南方),SH,518890
2023-08-09,1.236,1.241,1.19,1.192,483157645,586182711,绿色电力ETF,SZ,159869
2023-08-09,102.36,102.361,102.338,102.342,21221722,2172125560,高等级同业存单ETF,SZ,159649
2023-08-10,109.903,109.903,109.85,109.875,3295500,362065372,1-3年国债ETF,SH,511020
2023-08-10,122.84,122.845,122.789,122.819,3089600,379414057,7-10年国债ETF,SH,511260
2023-08-10,107.814,107.822,107.814,107.817,64137230,6915140732,信用债ETF,SH,511360
2023-08-10,1.01,1.015,1.006,1.013,1615200,1629408,短融ETF,SZ,159976
2023-08-10,4.421,4.526,4.42,4.426,814400,3602772,绿色债券ETF(南方),SH,518890
2023-08-10,1.191,1.225,1.191,1.207,445189948,536980024,绿色电力ETF,SZ,159869
2023-08-10,102.298,102.359,102.298,102.353,18518300,1895126407,高等级同业存单ETF,SZ,159649
2023-08-11,109.875,109.952,109.875,109.924,3280300,360529349,1-3年国债ETF,SH,511020
2023-08-11,122.82,122.841,122.797,122.836,3088900,379379167,7-10年国债ETF,SH,511260
2023-08-11,107.83,107.835,107.83,107.834,59813400,6449817698,信用债ETF,SH,511360
2023-08-11,1.012,1.012,0.988,0.994,2104200,2096586,短融ETF,SZ,159976
2023-08-11,4.429,4.515,4.429,4.439,1211700,5376163,绿色债券ETF(南方),SH,518890
2023-08-11,1.209,1.236,1.194,1.194,328781530,399462546,绿色电力ETF,SZ,159869
2023-08-11,102.31,102.382,102.31,102.372,33741877,3454320344,高等级同业存单ETF,SZ,159649
2023-08-14,109.924,110.04,109.924,110.015,3649700,401524565,1-3年国债ETF,SH,511020
2023-08-14,122.881,122.967,122.879,122.949,3184300,391459753,7-10年国债ETF,SH,511260
2023-08-14,107.835,107.859,107.835,107.848,66663527,7189416063,信用债ETF,SH,511360
2023-08-14,0.984,0.996,0.975,0.983,1132600,1107014,短融ETF,SZ,159976
2023-08-14,4.441,4.452,4.441,4.452,927100,4123365,绿色债券ETF(南方),SH,518890
2023-08-14,1.18,1.243,1.17,1.242,454133676,550494683,绿色电力ETF,SZ,159869
2023-08-14,102.394,102.425,102.394,102.424,17715019,1814354313,高等级同业存单ETF,SZ,159649
2023-08-15,110.037,110.317,110.037,110.305,3637000,400964850,1-3年国债ETF,SH,511020
2023-08-15,122.965,123.3,122.965,123.279,2461700,303398955,7-10年国债ETF,SH,511260
2023-08-15,107.848,107.874,107.847,107.869,62439200,6734660053,信用债ETF,SH,511360
2023-08-15,0.991,0.991,0.976,0.981,668400,655289,短融ETF,SZ,159976
2023-08-15,4.452,4.453,4.437,4.451,559500,2488895,绿色债券ETF(南方),SH,518890
2023-08-15,1.241,1.242,1.192,1.205,389921114,473314032,绿色电力ETF,SZ,159869
2023-08-15,102.425,102.575,102.425,102.533,5288692,542146315,高等级同业存单ETF,SZ,159649
2023-08-16,110.32,110.42,110.32,110.393,3775500,416673547,1-3年国债ETF,SH,511020
2023-08-16,123.329,123.55,123.329,123.475,2874600,354834396,7-10年国债ETF,SH,511260
2023-08-16,107.874,107.877,107.869,107.876,70305228,7584161880,信用债ETF,SH,511360
2023-08-16,0.978,0.981,0.975,0.976,549000,536638,短融ETF,SZ,159976
2023-08-16,4.455,4.47,4.404,4.467,403200,1800161,绿色债券ETF(南方),SH,518890
2023-08-16,1.198,1.207,1.166,1.171,415006728,490862805,绿色电力ETF,SZ,159869
2023-08-16,102.532,102.555,102.502,102.55,7135820,731615743,高等级同业存单ETF,SZ,159649
2023-08-17,110.393,110.55,110.313,110.333,3385300,373632902,1-3年国债ETF,SH,511020
2023-08-17,123.483,123.573,123.387,123.465,3351000,413739214,7-10年国债ETF,SH,511260
2023-08-17,107.88,107.886,107.874,107.88,95307780,10281755180,信用债ETF,SH,511360
2023-08-17,0.969,0.975,0.962,0.972,2022200,1960393,短融ETF,SZ,159976
2023-08-17,4.452,4.48,4.452,4.466,961200,4290329,绿色债券ETF(南方),SH,518890
2023-08-17,1.165,1.2,1.157,1.191,367694304,436080717,绿色电力ETF,SZ,159869
2023-08-17,102.55,102.599,102.491,102.5,19175300,1965984875,高等级同业存单ETF,SZ,159649
2023-08-18,110.283,110.429,110.283,110.4,4911300,542158661,1-3年国债ETF,SH,511020
2023-08-18,123.415,123.56,123.33,123.54,2274700,280974032,7-10年国债ETF,SH,511260
2023-08-18,107.886,107.894,107.886,107.891,105953100,11431278572,信用债ETF,SH,511360
2023-08-18,0.976,0.977,0.962,0.962,159300,153953,短融ETF,SZ,159976
2023-08-18,4.451,4.516,4.415,4.451,308000,1371142,绿色债券ETF(南方),SH,518890
2023-08-18,1.188,1.194,1.141,1.143,350626233,407615759,绿色电力ETF,SZ,159869
2023-08-18,102.501,102.625,102.501,102.587,2822968,289618238,高等级同业存单ETF,SZ,159649
2023-08-21,110.439,110.596,110.419,110.594,3777600,417550754,1-3年国债ETF,SH,511020
2023-08-21,123.59,123.845,123.571,123.819,2646800,327412751,7-10年国债ETF,SH,511260
2023-08-21,107.897,107.91,107.897,107.906,99299699,10714700764,信用债ETF,SH,511360
2023-08-21,0.958,0.958,0.946,0.946,885000,843215,短融ETF,SZ,159976
2023-08-21,4.461,4.485,4.461,4.469,639100,2855731,绿色债券ETF(南方),SH,518890
2023-08-21,1.139,1.165,1.13,1.131,376512996,432020716,绿色电力ETF,SZ,159869
2023-08-21,102.588,102.677,102.571,102.646,1317229,135150089,高等级同业存单ETF,SZ,159649
2023-08-22,110.584,110.584,110.425,110.536,2630700,290804431,1-3年国债ETF,SH,511020
2023-08-22,123.819,123.848,123.653,123.675,2370800,293295052,7-10年国债ETF,SH,511260
2023-08-22,107.909,107.913,107.897,107.906,88295664,9527958412,信用债ETF,SH,511360
2023-08-22,0.992,0.992,0.936,0.952,2499800,2363617,短融ETF,SZ,159976
2023-08-22,4.513,4.513,4.465,4.47,379700,1696816,绿色债券ETF(南方),SH,518890
2023-08-22,1.141,1.169,1.122,1.162,441175828,505508089,绿色电力ETF,SZ,159869
2023-08-22,102.63,102.63,102.568,102.59,14991100,1538126194,高等级同业存单ETF,SZ,159649
2023-08-23,110.461,110.587,110.415,110.515,3968700,438584004,1-3年国债ETF,SH,511020
2023-08-23,123.669,123.779,123.63,123.663,3367700,416474786,7-10年国债ETF,SH,511260
2023-08-23,107.908,107.913,107.902,107.907,71945243,7763420231,信用债ETF,SH,511360
2023-08-23,0.944,0.946,0.938,0.938,120700,113796,短融ETF,SZ,159976
2023-08-23,4.472,4.479,4.472,4.479,831100,3721113,绿色债券ETF(南方),SH,518890
2023-08-23,1.158,1.159,1.132,1.136,292982741,334918972,绿色电力ETF,SZ,159869
2023-08-23,102.541,102.607,102.541,102.582,20629420,2116429672,高等级同业存单ETF,SZ,159649
2023-08-24,110.461,110.549,110.461,110.506,4149300,458502527,1-3年国债ETF,SH,511020
2023-08-24,123.652,123.675,123.591,123.636,4524500,559307506,7-10年国债ETF,SH,511260
2023-08-24,107.909,107.916,107.906,107.914,112863696,12179169744,信用债ETF,SH,511360
2023-08-24,0.946,0.954,0.941,0.951,1123700,1069045,短融ETF,SZ,159976
2023-08-24,4.486,4.502,4.486,4.498,735100,3306239,绿色债券ETF(南方),SH,518890
2023-08-24,1.142,1.188,1.139,1.154,532335851,618288297,绿色电力ETF,SZ,159869
2023-08-24,102.59,102.6,102.572,102.59,23962800,2458461621,高等级同业存单ETF,SZ,159649
2023-08-25,110.522,110.533,110.4,110.455,4264700,471258261,1-3年国债ETF,SH,511020
2023-08-25,123.652,123.692,123.56,123.579,2703000,334168780,7-10年国债ETF,SH,511260
2023-08-25,107.922,107.931,107.917,107.922,92787920,10013708534,信用债ETF,SH,511360
2023-08-25,0.944,0.95,0.943,0.946,2144600,2028784,短融ETF,SZ,159976
2023-08-25,4.499,4.499,4.484,4.485,266600,1196229,绿色债券ETF(南方),SH,518890
2023-08-25,1.136,1.147,1.099,1.109,414770589,464814543,绿色电力ETF,SZ,159869
2023-08-25,102.592,102.61,102.548,102.574,22455627,2303665908,高等级同业存单ETF,SZ,159649
2023-08-28,110.25,110.311,107.0,110.282,4473300,493224592,1-3年国债ETF,SH,511020
2023-08-28,123.202,123.497,122.56,123.491,5468000,674957381,7-10年国债ETF,SH,511260
2023-08-28,107.66,107.91,107.66,107.896,154416700,16658293040,信用债ETF,SH,511360
2023-08-28,0.967,0.994,0.958,0.96,235500,228313,短融ETF,SZ,159976
2023-08-28,4.492,4.512,4.486,4.512,586200,2631465,绿色债券ETF(南方),SH,518890
2023-08-28,1.182,1.183,1.127,1.136,439790928,504484396,绿色电力ETF,SZ,159869
2023-08-28,102.524,102.532,102.403,102.51,10960120,1123191259,高等级同业存单ETF,SZ,159649
2023-08-29,110.28,110.28,110.1,110.126,4117100,453450939,1-3年国债ETF,SH,511020
2023-08-29,123.491,123.492,123.216,123.271,2792800,344208555,7-10年国债ETF,SH,511260
2023-08-29,107.909,107.91,107.871,107.885,120583273,13010173252,信用债ETF,SH,511360
2023-08-29,0.96,0.976,0.96,0.972,974600,943440,短融ETF,SZ,159976
2023-08-29,4.5,4.514,4.5,4.504,648200,2920602,绿色债券ETF(南方),SH,518890
2023-08-29,1.13,1.19,1.13,1.182,466900362,544507549,绿色电力ETF,SZ,159869
2023-08-29,102.47,102.52,102.432,102.46,17347400,1778213480,高等级同业存单ETF,SZ,159649
2023-08-30,110.122,110.294,110.09,110.279,4399900,485197020,1-3年国债ETF,SH,511020
2023-08-30,123.271,123.384,123.183,123.342,3153937,388989248,7-10年国债ETF,SH,511260
2023-08-30,107.883,107.889,107.87,107.881,109849409,11850777679,信用债ETF,SH,511360
2023-08-30,0.972,0.983,0.972,0.975,881200,861748,短融ETF,SZ,159976
2023-08-30,4.509,4.516,4.509,4.513,604819,2729717,绿色债券ETF(南方),SH,518890
2023-08-30,1.182,1.217,1.18,1.211,538876863,649139555,绿色电力ETF,SZ,159869
2023-08-30,102.46,102.492,102.42,102.487,21411840,2194406355,高等级同业存单ETF,SZ,159649
2023-08-31,110.296,110.36,110.296,110.347,4460300,492167019,1-3年国债ETF,SH,511020
2023-08-31,123.38,123.439,123.368,123.427,2727800,336651822,7-10年国债ETF,SH,511260
2023-08-31,107.891,107.905,107.882,107.902,146294892,15784612132,信用债ETF,SH,511360
2023-08-31,1.023,1.023,0.945,0.972,218600,212726,短融ETF,SZ,159976
2023-08-31,4.521,4.528,4.521,4.524,66200,299487,绿色债券ETF(南方),SH,518890
2023-08-31,1.209,1.214,1.182,1.193,345697016,413066263,绿色电力ETF,SZ,159869
2023-08-31,102.487,102.545,102.487,102.542,18896100,1937618475,高等级同业存单ETF,SZ,159649
2023-09-01,110.291,110.3,110.135,110.159,1452500,160135936,1-3年国债ETF,SH,511020
2023-09-01,123.423,123.423,123.264,123.304,2159700,266426999,7-10年国债ETF,SH,511260
2023-09-01,107.924,107.936,107.919,107.93,67711770,7307997435,信用债ETF,SH,511360
2023-09-01,0.974,0.977,0.973,0.977,11000,10722,短融ETF,SZ,159976
2023-09-01,4.522,4.522,4.508,4.518,1233600,5569605,绿色债券ETF(南方),SH,518890
2023-09-01,1.189,1.196,1.167,1.182,343632887,404844339,绿色电力ETF,SZ,159869
2023-09-01,102.54,102.54,102.487,102.511,22954207,2353399116,高等级同业存单ETF,SZ,159649
2023-09-04,110.0,110.03,109.92,109.923,3930100,432096289,1-3年国债ETF,SH,511020
2023-09-04,123.101,123.17,122.92,122.942,2781200,342145710,7-10年国债ETF,SH,511260
2023-09-04,107.935,107.939,107.931,107.936,78787212,8503861075,信用债ETF,SH,511360
2023-09-04,0.987,0.992,0.982,0.992,537400,531520,短融ETF,SZ,159976
2023-09-04,4.563,4.607,4.497,4.542,1632300,7415003,绿色债券ETF(南方),SH,518890
2023-09-04,1.183,1.186,1.16,1.179,333118661,389697228,绿色电力ETF,SZ,159869
2023-09-04,102.462,102.468,102.42,102.425,19761310,2024335393,高等级同业存单ETF,SZ,159649
2023-09-05,109.926,110.03,109.926,109.984,4106400,451597404,1-3年国债ETF,SH,511020
2023-09-05,122.992,123.018,122.945,123.012,2520100,309936330,7-10年国债ETF,SH,511260
2023-09-05,107.939,107.943,107.936,107.937,87807094,9477907212,信用债ETF,SH,511360
2023-09-05,0.996,0.996,0.982,0.982,4600,4535,短融ETF,SZ,159976
2023-09-05,4.543,4.555,4.538,4.555,1062400,4830702,绿色债券ETF(南方),SH,518890
2023-09-05,1.177,1.183,1.16,1.163,370010271,433504820,绿色电力ETF,SZ,159869
2023-09-05,102.454,102.466,102.408,102.465,26976900,2764011016,高等级同业存单ETF,SZ,159649
2023-09-06,110.044,110.045,109.84,109.85,4027800,442676071,1-3年国债ETF,SH,511020
2023-09-06,123.05,123.069,122.865,122.869,2334814,287004796,7-10年国债ETF,SH,511260
2023-09-06,107.938,107.941,107.924,107.935,72329378,7806732847,信用债ETF,SH,511360
2023-09-06,0.988,0.988,0.975,0.982,1006100,984812,短融ETF,SZ,159976
2023-09-06,5.011,5.011,4.532,4.545,1172500,5333119,绿色债券ETF(南方),SH,518890
2023-09-06,1.153,1.158,1.129,1.138,309238106,352201835,绿色电力ETF,SZ,159869
2023-09-06,102.432,102.48,102.43,102.43,24917100,2553438107,高等级同业存单ETF,SZ,159649
2023-09-07,109.852,109.88,109.713,109.722,3827800,420169741,1-3年国债ETF,SH,511020
2023-09-07,122.869,122.877,122.751,122.76,2319298,284830536,7-10年国债ETF,SH,511260
2023-09-07,107.933,107.933,107.917,107.924,78632886,8486508693,信用债ETF,SH,511360
2023-09-07,0.975,0.975,0.967,0.967,2058500,1997993,短融ETF,SZ,159976
2023-09-07,4.545,4.545,4.536,4.539,20300,92174,绿色债券ETF(南方),SH,518890
2023-09-07,1.149,1.163,1.124,1.126,381622041,436788188,绿色电力ETF,SZ,159869
2023-09-07,102.43,102.45,102.316,102.316,21006800,2151281095,高等级同业存单ETF,SZ,159649
2023-09-08,109.722,109.852,109.702,109.788,4005800,439619298,1-3年国债ETF,SH,511020
2023-09-08,122.8,122.891,122.751,122.848,3023300,371188653,7-10年国债ETF,SH,511260
2023-09-08,107.923,107.924,97.132,106.794,78577905,8478871468,信用债ETF,SH,511360
2023-09-08,0.964,0.965,0.963,0.964,18800,18133,短融ETF,SZ,159976
2023-09-08,4.569,4.569,4.56,4.56,194000,885677,绿色债券ETF(南方),SH,518890
2023-09-08,1.111,1.119,1.077,1.091,422898127,460848167,绿色电力ETF,SZ,159869
2023-09-08,102.297,102.396,102.15,102.212,20886251,2137628477,高等级同业存单ETF,SZ,159649
2023-09-11,109.788,109.825,109.751,109.82,2804500,307885498,1-3年国债ETF,SH,511020
2023-09-11,122.821,122.844,122.73,122.835,2718992,333883376,7-10年国债ETF,SH,511260
2023-09-11,107.888,107.893,107.871,107.877,90281523,9739638278,信用债ETF,SH,511360
2023-09-11,0.96,0.97,0.96,0.967,1436500,1386681,短融ETF,SZ,159976
2023-09-11,4.562,4.605,4.562,4.574,900606,4122312,绿色债券ETF(南方),SH,518890
2023-09-11,1.09,1.13,1.088,1.115,450520018,499142587,绿色电力ETF,SZ,159869
2023-09-11,102.262,102.273,102.229,102.238,19640010,2008503899,高等级同业存单ETF,SZ,159649
2023-09-12,109.825,109.95,109.825,109.919,4270900,469502815,1-3年国债ETF,SH,511020
2023-09-12,122.911,122.92,122.83,122.866,2859500,351338771,7-10年国债ETF,SH,511260
2023-09-12,107.875,107.879,107.866,107.872,87524900,9441557890,信用债ETF,SH,511360
2023-09-12,0.964,0.97,0.964,0.97,222500,214812,短融ETF,SZ,159976
2023-09-12,4.55,4.65,4.55,4.574,67100,307056,绿色债券ETF(南方),SH,518890
2023-09-12,1.106,1.109,1.092,1.094,271799242,298416510,绿色电力ETF,SZ,159869
2023-09-12,102.24,102.32,102.24,102.284,31799369,3253035197,高等级同业存单ETF,SZ,159649
2023-09-13,109.928,110.017,109.928,109.98,4665700,513087435,1-3年国债ETF,SH,511020
2023-09-13,122.856,123.05,122.841,122.98,3520300,432882811,7-10年国债ETF,SH,511260
2023-09-13,107.88,107.891,107.88,107.886,94450601,10190012237,信用债ETF,SH,511360
2023-09-13,0.969,0.969,0.958,0.958,424600,410630,短融ETF,SZ,159976
2023-09-13,4.65,4.65,4.573,4.586,248600,1140577,绿色债券ETF(南方),SH,518890
2023-09-13,1.088,1.094,1.06,1.071,286552285,307924570,绿色电力ETF,SZ,159869
2023-09-13,102.334,102.38,102.325,102.371,15491900,1585640002,高等级同业存单ETF,SZ,159649
2023-09-14,109.994,110.062,109.966,110.062,3191800,351115373,1-3年国债ETF,SH,511020
2023-09-14,122.97,123.12,122.951,123.109,2489896,306308243,7-10年国债ETF,SH,511260
2023-09-14,107.892,107.894,107.874,107.882,99071342,10688581018,信用债ETF,SH,511360
2023-09-14,0.96,0.962,0.951,0.955,461703,442426,短融ETF,SZ,159976
2023-09-14,4.62,4.632,4.599,4.627,525356,2425753,绿色债券ETF(南方),SH,518890
2023-09-14,1.07,1.075,1.056,1.061,251242532,267429435,绿色电力ETF,SZ,159869
2023-09-14,102.375,102.426,102.375,102.412,19974610,2045140759,高等级同业存单ETF,SZ,159649
2023-09-15,110.062,110.1,109.937,109.94,3028300,333052187,1-3年国债ETF,SH,511020
2023-09-15,123.112,123.139,122.922,122.971,2632994,323882419,7-10年国债ETF,SH,511260
2023-09-15,107.907,107.92,107.903,107.906,69851125,7538008030,信用债ETF,SH,511360
2023-09-15,0.953,0.961,0.953,0.953,35700,34157,短融ETF,SZ,159976
2023-09-15,4.727,4.854,4.576,4.576,736700,3418867,绿色债券ETF(南方),SH,518890
2023-09-15,1.064,1.069,1.045,1.048,233926127,247420317,绿色电力ETF,SZ,159869
2023-09-15,102.415,102.435,102.393,102.407,16404010,1679912871,高等级同业存单ETF,SZ,159649
2023-09-18,109.88,109.88,109.73,109.788,3468500,380718656,1-3年国债ETF,SH,511020
2023-09-18,122.922,122.95,122.741,122.79,2993800,367596024,7-10年国债ETF,SH,511260
2023-09-18,107.918,107.925,107.915,107.919,73558008,7938466263,信用债ETF,SH,511360
2023-09-18,0.951,0.955,0.951,0.953,232500,221184,短融ETF,SZ,159976
2023-09-18,4.552,4.582,4.551,4.574,703200,3216999,绿色债券ETF(南方),SH,518890
2023-09-18,1.048,1.063,1.042,1.05,230949432,243207871,绿色电力ETF,SZ,159869
2023-09-18,102.366,102.39,102.308,102.33,33531200,3431651040,高等级同业存单ETF,SZ,159649
2023-09-19,109.77,109.84,109.77,109.8,3316570,364229128,1-3年国债ETF,SH,511020
2023-09-19,122.795,122.839,122.77,122.796,3364700,413245424,7-10年国债ETF,SH,511260
2023-09-19,107.928,107.93,107.914,107.919,72945845,7872592280,信用债ETF,SH,511360
2023-09-19,0.947,0.953,0.947,0.952,7800,7399,短融ETF,SZ,159976
2023-09-19,4.62,4.62,4.575,4.6,3451700,15838777,绿色债券ETF(南方),SH,518890
2023-09-19,1.05,1.051,1.025,1.028,243660990,252326954,绿色电力ETF,SZ,159869
2023-09-19,102.38,102.38,102.317,102.333,24197607,2476983488,高等级同业存单ETF,SZ,159649
2023-09-20,109.725,109.808,109.725,109.78,3291960,361409443,1-3年国债ETF,SH,511020
2023-09-20,122.8,122.834,122.745,122.766,2407200,295533029,7-10年国债ETF,SH,511260
2023-09-20,107.927,107.928,107.908,107.911,97806700,10554710109,信用债ETF,SH,511360
2023-09-20,0.948,0.948,0.946,0.947,13300,12590,短融ETF,SZ,159976
2023-09-20,4.632,4.632,4.61,4.619,209206,966499,绿色债券ETF(南方),SH,518890
2023-09-20,1.028,1.041,1.016,1.021,280163522,288548948,绿色电力ETF,SZ,159869
2023-09-20,102.325,102.331,102.284,102.318,21087793,2157397703,高等级同业存单ETF,SZ,159649
2023-09-21,109.738,109.897,109.738,109.88,4629800,508642294,1-3年国债ETF,SH,511020
2023-09-21,122.772,122.841,122.744,122.798,2991000,367383891,7-10年国债ETF,SH,511260
2023-09-21,107.907,107.925,107.894,107.923,118095423,12743512486,信用债ETF,SH,511360
2023-09-21,0.952,0.952,0.937,0.937,146400,137436,短融ETF,SZ,159976
2023-09-21,4.635,4.665,4.625,4.627,576500,2669826,绿色债券ETF(南方),SH,518890
2023-09-21,1.02,1.026,1.01,1.012,260139860,264599003,绿色电力ETF,SZ,159869
2023-09-21,102.326,102.42,102.32,102.419,14045949,1437440980,高等级同业存单ETF,SZ,159649
2023-09-22,109.847,109.941,109.658,109.702,3343000,367009951,1-3年国债ETF,SH,511020
2023-09-22,122.847,122.85,122.631,122.635,3045300,373735461,7-10年国债ETF,SH,511260
2023-09-22,107.947,107.948,107.924,107.926,116014100,12521548840,信用债ETF,SH,511360
2023-09-22,0.936,0.957,0.935,0.956,2089400,1981847,短融ETF,SZ,159976
2023-09-22,4.6,4.616,4.594,4.596,704700,3246035,绿色债券ETF(南方),SH,518890
2023-09-22,1.012,1.079,1.008,1.078,608560054,639460742,绿色电力ETF,SZ,159869
2023-09-22,102.419,102.436,102.344,102.357,20536300,2102918275,高等级同业存单ETF,SZ,159649
2023-09-25,109.748,109.749,109.568,109.58,3461100,379563266,1-3年国债ETF,SH,511020
2023-09-25,122.635,122.685,122.438,122.48,2585900,316997583,7-10年国债ETF,SH,511260
2023-09-25,107.935,107.951,107.932,107.949,119915388,12943821484,信用债ETF,SH,511360
2023-09-25,0.956,0.956,0.947,0.948,719507,683931,短融ETF,SZ,159976
2023-09-25,4.603,4.615,4.603,4.61,841963,3881467,绿色债券ETF(南方),SH,518890
2023-09-25,1.075,1.08,1.06,1.066,300259424,321738932,绿色电力ETF,SZ,159869
2023-09-25,102.345,102.388,102.332,102.34,13740510,1406616913,高等级同业存单ETF,SZ,159649
2023-09-26,109.597,109.6,109.501,109.511,2727400,298785861,1-3年国债ETF,SH,511020
2023-09-26,122.48,122.48,122.22,122.389,1144000,139980523,7-10年国债ETF,SH,511260
2023-09-26,107.953,107.958,107.93,107.933,95986230,10361570025,信用债ETF,SH,511360
2023-09-26,0.941,0.941,0.941,0.941,41000,38581,短融ETF,SZ,159976
2023-09-26,4.595,4.62,4.595,4.612,637000,2938808,绿色债券ETF(南方),SH,518890
2023-09-26,1.065,1.107,1.063,1.086,315842821,343882908,绿色电力ETF,SZ,159869
2023-09-26,102.296,102.376,102.296,102.3,23089669,2363546817,高等级同业存单ETF,SZ,159649
2023-09-27,109.511,109.55,109.381,109.43,2479790,271437516,1-3年国债ETF,SH,511020
2023-09-27,122.38,122.429,122.282,122.376,494186,60462640,7-10年国债ETF,SH,511260
2023-09-27,107.928,107.945,107.862,107.926,102401221,11048648166,信用债ETF,SH,511360
2023-09-27,0.997,0.997,0.933,0.943,51300,48656,短融ETF,SZ,159976
2023-09-27,4.649,4.649,4.571,4.571,704900,3245503,绿色债券ETF(南方),SH,518890
2023-09-27,1.074,1.1,1.074,1.088,322575119,351090984,绿色电力ETF,SZ,159869
2023-09-27,102.256,102.327,102.228,102.236,1338327,136826463,高等级同业存单ETF,SZ,159649
2023-09-28,109.621,109.95,109.566,109.851,1554900,170705373,1-3年国债ETF,SH,511020
2023-09-28,122.5,122.735,122.495,122.689,2590900,317891040,7-10年国债ETF,SH,511260
2023-09-28,108.002,108.014,107.986,107.999,145512524,15714269874,信用债ETF,SH,511360
2023-09-28,0.944,0.944,0.936,0.938,680608,638417,短融ETF,SZ,159976
2023-09-28,4.57,4.57,4.473,4.49,1231132,5539298,绿色债券ETF(南方),SH,518890
2023-09-28,1.093,1.102,1.083,1.088,242121269,264488990,绿色电力ETF,SZ,159869
2023-09-28,102.384,102.459,102.384,102.429,14687500,1504155528,高等级同业存单ETF,SZ,159649
2023-10-09,109.8,109.951,109.7,109.885,3023800,332340732,1-3年国债ETF,SH,511020
2023-10-09,122.706,122.82,122.706,122.72,2889200,354764278,7-10年国债ETF,SH,511260
2023-10-09,108.035,108.044,108.027,108.041,152303746,16454172426,信用债ETF,SH,511360
2023-10-09,0.938,0.943,0.938,0.943,435600,410249,短融ETF,SZ,159976
2023-10-09,4.462,4.462,4.425,4.434,3870506,17155177,绿色债券ETF(南方),SH,518890
2023-10-09,1.086,1.086,1.063,1.075,176291105,188961159,绿色电力ETF,SZ,159869
2023-10-09,102.43,102.53,102.409,102.509,24665700,2528782336,高等级同业存单ETF,SZ,159649
2023-10-10,109.847,109.86,109.75,109.782,3306300,363056272,1-3年国债ETF,SH,511020
2023-10-10,122.729,122.81,122.709,122.738,2359900,289647488,7-10年国债ETF,SH,511260
2023-10-10,108.081,108.088,108.077,108.083,147280153,15918731177,信用债ETF,SH,511360
2023-10-10,0.947,0.947,0.937,0.937,5102,4796,短融ETF,SZ,159976
2023-10-10,4.411,4.411,4.381,4.384,2416600,10627547,绿色债券ETF(南方),SH,518890
2023-10-10,1.076,1.087,1.07,1.073,141831813,153016831,绿色电力ETF,SZ,159869
2023-10-10,102.508,102.508,102.46,102.461,22743700,2330618777,高等级同业存单ETF,SZ,159649
2023-10-11,109.75,109.75,109.601,109.625,3635000,398494265,1-3年国债ETF,SH,511020
2023-10-11,122.689,122.75,122.52,122.525,2376800,291305140,7-10年国债ETF,SH,511260
2023-10-11,108.089,108.097,108.087,108.091,80946000,8749598471,信用债ETF,SH,511360
2023-10-11,0.946,0.947,0.944,0.944,27400,25916,短融ETF,SZ,159976
2023-10-11,4.388,4.388,4.377,4.385,1379400,6043400,绿色债券ETF(南方),SH,518890
2023-10-11,1.076,1.103,1.065,1.087,250465083,271996068,绿色电力ETF,SZ,159869
2023-10-11,102.461,102.461,102.362,102.38,19048110,1950657822,高等级同业存单ETF,SZ,159649
2023-10-12,109.52,109.65,109.475,109.63,3138600,343930892,1-3年国债ETF,SH,511020
2023-10-12,122.4,122.588,122.352,122.552,2071500,253770288,7-10年国债ETF,SH,511260
2023-10-12,108.089,108.097,108.081,108.093,79479800,8590718222,信用债ETF,SH,511360
2023-10-12,0.952,0.956,0.952,0.954,67700,64589,短融ETF,SZ,159976
2023-10-12,4.437,4.437,4.404,4.418,1425250,6288385,绿色债券ETF(南方),SH,518890
2023-10-12,1.09,1.093,1.054,1.068,221034113,235513806,绿色电力ETF,SZ,159869
2023-10-12,102.37,102.386,102.272,102.348,20392600,2087002641,高等级同业存单ETF,SZ,159649
2023-10-13,109.596,109.75,109.596,109.712,3352200,367834878,1-3年国债ETF,SH,511020
2023-10-13,122.602,122.742,122.542,122.703,3332800,408974729,7-10年国债ETF,SH,511260
2023-10-13,108.111,108.121,108.107,108.116,83615979,9040194334,信用债ETF,SH,511360
2023-10-13,0.944,0.945,0.942,0.942,624504,590127,短融ETF,SZ,159976
2023-10-13,4.411,4.44,4.41,4.433,819800,3625667,绿色债券ETF(南方),SH,518890
2023-10-13,1.06,1.061,1.04,1.043,157343092,165116329,绿色电力ETF,SZ,159869
2023-10-13,102.346,102.42,102.346,102.405,15773510,1615333327,高等级同业存单ETF,SZ,159649
2023-10-16,109.713,109.822,109.713,109.794,3347500,367555833,1-3年国债ETF,SH,511020
2023-10-16,122.78,122.848,122.75,122.803,4200900,515880419,7-10年国债ETF,SH,511260
2023-10-16,108.127,108.134,108.125,108.131,81111688,8770539128,信用债ETF,SH,511360
2023-10-16,0.936,0.936,0.929,0.93,1400900,1302078,短融ETF,SZ,159976
2023-10-16,4.507,4.521,4.475,4.492,1694623,7627106,绿色债券ETF(南方),SH,518890
2023-10-16,1.044,1.046,1.021,1.027,202857939,209207957,绿色电力ETF,SZ,159869
2023-10-16,102.414,102.459,102.407,102.413,12481600,1278458546,高等级同业存单ETF,SZ,159649
2023-10-17,109.71,109.78,109.684,109.76,2678900,294066496,1-3年国债ETF,SH,511020
2023-10-17,122.818,122.818,122.718,122.731,1932118,237186991,7-10年国债ETF,SH,511260
2023-10-17,108.138,108.143,108.136,108.14,68697510,7428930759,信用债ETF,SH,511360
2023-10-17,0.998,0.998,0.929,0.933,1876700,1750180,短融ETF,SZ,159976
2023-10-17,4.495,4.512,4.495,4.511,704741,3176360,绿色债券ETF(南方),SH,518890
2023-10-17,1.026,1.031,1.015,1.028,167644800,171408051,绿色电力ETF,SZ,159869
2023-10-17,102.399,102.399,102.371,102.383,16991000,1739538776,高等级同业存单ETF,SZ,159649
2023-10-18,109.791,109.816,109.7,109.713,2917600,320203172,1-3年国债ETF,SH,511020
2023-10-18,122.75,122.78,122.703,122.704,2365470,290391156,7-10年国债ETF,SH,511260
2023-10-18,108.14,108.147,108.137,108.138,88483574,9568960125,信用债ETF,SH,511360
2023-10-18,0.926,0.929,0.926,0.926,613100,569223,短融ETF,SZ,159976
2023-10-18,4.556,4.559,4.546,4.556,2236800,10184457,绿色债券ETF(南方),SH,518890
2023-10-18,1.018,1.023,0.994,1.009,210230231,211240151,绿色电力ETF,SZ,159869
2023-10-18,102.338,102.402,102.333,102.333,10384000,1063164850,高等级同业存单ETF,SZ,159649
2023-10-19,109.645,109.715,109.52,109.602,2998900,328733248,1-3年国债ETF,SH,511020
2023-10-19,122.703,122.703,122.519,122.519,2020700,247755283,7-10年国债ETF,SH,511260
2023-10-19,108.14,108.142,108.117,108.119,69491708,7514006145,信用债ETF,SH,511360
2023-10-19,0.925,0.925,0.904,0.906,145900,132781,短融ETF,SZ,159976
2023-10-19,4.571,4.602,4.571,4.585,1074451,4925080,绿色债券ETF(南方),SH,518890
2023-10-19,1.0,1.023,0.998,1.011,191569625,194232510,绿色电力ETF,SZ,159869
2023-10-19,102.333,102.333,102.2,102.214,10977500,1122777439,高等级同业存单ETF,SZ,159649
2023-10-20,109.602,109.756,109.55,109.725,3581200,392525849,1-3年国债ETF,SH,511020
2023-10-20,122.521,122.763,122.521,122.701,1992994,244373179,7-10年国债ETF,SH,511260
2023-10-20,108.121,108.139,108.12,108.133,73008774,7894641466,信用债ETF,SH,511360
2023-10-20,0.903,0.905,0.898,0.901,868000,781378,短融ETF,SZ,159976
2023-10-20,4.628,4.648,4.628,4.637,2271341,10542641,绿色债券ETF(南方),SH,518890
2023-10-20,0.996,1.008,0.978,0.979,315485441,311365280,绿色电力ETF,SZ,159869
2023-10-20,102.169,102.25,102.169,102.25,8845210,904285199,高等级同业存单ETF,SZ,159649
2023-10-23,109.73,109.879,109.73,109.826,2555100,280603762,1-3年国债ETF,SH,511020
2023-10-23,122.804,122.844,122.746,122.831,1988600,244226349,7-10年国债ETF,SH,511260
2023-10-23,108.132,108.143,108.123,108.143,107693403,11645154001,信用债ETF,SH,511360
2023-10-23,0.901,0.949,0.892,0.895,131100,117424,短融ETF,SZ,159976
2023-10-23,4.637,4.637,4.615,4.62,2094800,9691083,绿色债券ETF(南方),SH,518890
2023-10-23,0.976,0.978,0.944,0.954,257376101,246191157,绿色电力ETF,SZ,159869
2023-10-23,102.25,102.311,102.25,102.305,5489897,561642884,高等级同业存单ETF,SZ,159649
2023-10-24,109.685,109.84,109.643,109.669,4246700,465856355,1-3年国债ETF,SH,511020
2023-10-24,122.764,122.765,122.661,122.681,2017600,247609887,7-10年国债ETF,SH,511260
2023-10-24,108.137,108.148,108.129,108.131,129327549,13985293149,信用债ETF,SH,511360
2023-10-24,0.939,0.939,0.886,0.891,2810400,2499804,短融ETF,SZ,159976
2023-10-24,4.583,4.665,4.583,4.611,1164481,5365345,绿色债券ETF(南方),SH,518890
2023-10-24,0.955,0.981,0.95,0.974,264322615,256007876,绿色电力ETF,SZ,159869
2023-10-24,102.235,102.275,102.198,102.272,11644009,1190516885,高等级同业存单ETF,SZ,159649
2023-10-25,109.6,109.77,109.577,109.756,4069600,446272290,1-3年国债ETF,SH,511020
2023-10-25,122.659,122.809,122.61,122.799,2583688,316997188,7-10年国债ETF,SH,511260
2023-10-25,108.131,108.133,108.11,108.112,112020875,12111491131,信用债ETF,SH,511360
2023-10-25,0.902,0.903,0.893,0.894,870300,780881,短融ETF,SZ,159976
2023-10-25,4.6,4.605,4.579,4.598,465300,2141721,绿色债券ETF(南方),SH,518890
2023-10-25,0.975,0.976,0.956,0.968,239127432,230866836,绿色电力ETF,SZ,159869
2023-10-25,102.295,102.376,102.276,102.368,4886078,499989215,高等级同业存单ETF,SZ,159649
2023-10-26,109.736,109.855,109.736,109.826,2734800,300366003,1-3年国债ETF,SH,511020
2023-10-26,122.828,122.888,122.81,122.831,1715500,210775878,7-10年国债ETF,SH,511260
2023-10-26,108.127,108.131,108.121,108.128,114042254,12330999024,信用债ETF,SH,511360
2023-10-26,0.889,0.891,0.883,0.891,1330501,1177301,短融ETF,SZ,159976
2023-10-26,5.011,5.058,4.603,4.621,944900,4366450,绿色债券ETF(南方),SH,518890
2023-10-26,0.953,0.962,0.944,0.961,171706743,163467706,绿色电力ETF,SZ,159869
2023-10-26,102.378,102.481,102.378,102.47,4683400,479954502,高等级同业存单ETF,SZ,159649
2023-10-27,109.81,109.857,109.801,109.823,3629500,398581586,1-3年国债ETF,SH,511020
2023-10-27,122.831,122.89,122.8,122.841,2055200,252445160,7-10年国债ETF,SH,511260
2023-10-27,108.15,108.151,108.138,108.142,112526206,12169092556,信用债ETF,SH,511360
2023-10-27,0.979,0.979,0.886,0.908,950700,856214,短融ETF,SZ,159976
2023-10-27,4.667,4.721,4.6,4.633,848900,3925221,绿色债券ETF(南方),SH,518890
2023-10-27,0.96,0.985,0.955,0.978,231891743,224737168,绿色电力ETF,SZ,159869
2023-10-27,102.474,102.486,102.438,102.462,5099600,522483991,高等级同业存单ETF,SZ,159649
2023-10-30,109.773,109.896,109.773,109.868,2709800,297728995,1-3年国债ETF,SH,511020
2023-10-30,122.842,122.917,122.822,122.89,2435300,299282184,7-10年国债ETF,SH,511260
2023-10-30,108.159,108.159,108.138,108.147,123592031,13366143351,信用债ETF,SH,511360
2023-10-30,0.907,0.915,0.907,0.915,1238600,1129647,短融ETF,SZ,159976
2023-10-30,4.679,4.679,4.636,4.636,1331600,6209546,绿色债券ETF(南方),SH,518890
2023-10-30,0.974,1.003,0.971,0.999,258560910,256246620,绿色电力ETF,SZ,159869
2023-10-30,102.462,102.536,102.46,102.472,2267300,232397731,高等级同业存单ETF,SZ,159649
2023-10-31,109.863,110.029,109.863,109.981,3044600,334895563,1-3年国债ETF,SH,511020
2023-10-31,122.901,123.12,122.901,123.05,2103500,258902058,7-10年国债ETF,SH,511260
2023-10-31,108.162,108.178,108.161,108.173,129093426,13964213063,信用债ETF,SH,511360
2023-10-31,0.923,0.923,0.902,0.905,110500,100236,短融ETF,SZ,159976
2023-10-31,4.637,4.655,4.637,4.655,413600,1923282,绿色债券ETF(南方),SH,518890
2023-10-31,1.012,1.027,0.994,1.007,370180867,372115283,绿色电力ETF,SZ,159869
2023-10-31,102.473,102.568,102.473,102.558,13553500,1389676189,高等级同业存单ETF,SZ,159649
2023-11-01,109.984,110.063,109.982,110.058,2791500,307187834,1-3年国债ETF,SH,511020
2023-11-01,123.06,123.18,123.06,123.176,3000300,369526854,7-10年国债ETF,SH,511260
2023-11-01,108.186,108.193,108.182,108.19,118243714,12792286841,信用债ETF,SH,511360
2023-11-01,0.902,0.902,0.897,0.899,15200,13674,短融ETF,SZ,159976
2023-11-01,4.63,4.638,4.625,4.636,1331300,6170201,绿色债券ETF(南方),SH,518890
2023-11-01,0.996,1.053,0.994,1.016,493981789,507276163,绿色电力ETF,SZ,159869
2023-11-01,102.558,102.558,102.485,102.517,11507500,1179621354,高等级同业存单ETF,SZ,159649
2023-11-02,110.1,110.188,110.05,110.183,2689400,296168674,1-3年国债ETF,SH,511020
2023-11-02,123.181,123.304,123.181,123.297,2545199,313785250,7-10年国债ETF,SH,511260
2023-11-02,108.195,108.21,108.193,108.208,92611903,10020554927,信用债ETF,SH,511360
2023-11-02,0.907,0.909,0.899,0.899,251000,227370,短融ETF,SZ,159976
2023-11-02,4.641,4.648,4.641,4.647,1884295,8751653,绿色债券ETF(南方),SH,518890
2023-11-02,1.012,1.058,1.011,1.037,396793096,413014982,绿色电力ETF,SZ,159869
2023-11-02,102.518,102.632,102.518,102.626,1760510,180585862,高等级同业存单ETF,SZ,159649
2023-11-03,110.199,110.215,110.118,110.166,3695200,407034001,1-3年国债ETF,SH,511020
2023-11-03,123.3,123.394,123.203,123.285,2419499,298212390,7-10年国债ETF,SH,511260
2023-11-03,108.221,108.234,108.218,108.231,128047800,13858161554,信用债ETF,SH,511360
2023-11-03,0.904,0.915,0.904,0.915,1188600,1080297,短融ETF,SZ,159976
2023-11-03,4.627,4.691,4.627,4.641,1289313,5985169,绿色债券ETF(南方),SH,518890
2023-11-03,1.034,1.048,1.012,1.037,349151775,360589968,绿色电力ETF,SZ,159869
2023-11-03,102.589,102.621,102.553,102.589,2166200,222245549,高等级同业存单ETF,SZ,159649
2023-11-06,110.162,110.203,110.124,110.192,2937200,323600534,1-3年国债ETF,SH,511020
2023-11-06,123.288,123.309,123.162,123.272,2589500,319241798,7-10年国债ETF,SH,511260
2023-11-06,108.234,108.242,108.228,108.231,149132003,16140981119,信用债ETF,SH,511360
2023-11-06,0.915,0.934,0.915,0.934,1605902,1493371,短融ETF,SZ,159976
2023-11-06,4.643,4.644,4.619,4.62,1468400,6804671,绿色债券ETF(南方),SH,518890
2023-11-06,1.041,1.106,1.041,1.106,538286651,584478255,绿色电力ETF,SZ,159869
2023-11-06,102.57,102.587,102.501,102.536,12253056,1256079449,高等级同业存单ETF,SZ,159649
2023-11-07,110.192,110.3,110.188,110.21,3524600,388516335,1-3年国债ETF,SH,511020
2023-11-07,123.299,123.418,123.275,123.336,2060900,254250988,7-10年国债ETF,SH,511260
2023-11-07,108.233,108.248,108.231,108.248,81247693,8794456227,信用债ETF,SH,511360
2023-11-07,0.929,0.933,0.926,0.928,57100,53022,短融ETF,SZ,159976
2023-11-07,4.659,4.659,4.551,4.607,1376100,6344309,绿色债券ETF(南方),SH,518890
2023-11-07,1.105,1.115,1.092,1.108,354221837,391484779,绿色电力ETF,SZ,159869
2023-11-07,102.536,102.584,102.512,102.53,2949200,302341570,高等级同业存单ETF,SZ,159649
2023-11-08,110.21,110.25,110.14,110.241,3157900,347946172,1-3年国债ETF,SH,511020
2023-11-08,123.319,123.356,123.229,123.344,2513200,309932059,7-10年国债ETF,SH,511260
2023-11-08,108.257,108.26,108.252,108.256,114854928,12433742299,信用债ETF,SH,511360
2023-11-08,0.928,0.93,0.923,0.923,739506,687023,短融ETF,SZ,159976
2023-11-08,4.598,4.607,4.584,4.59,917900,4214040,绿色债券ETF(南方),SH,518890
2023-11-08,1.1,1.164,1.1,1.145,478259785,544978945,绿色电力ETF,SZ,159869
2023-11-08,102.5,102.555,102.45,102.544,20260300,2076058595,高等级同业存单ETF,SZ,159649
2023-11-09,110.243,110.268,110.216,110.259,3582700,395007954,1-3年国债ETF,SH,511020
2023-11-09,123.339,123.38,123.307,123.351,2200100,271389948,7-10年国债ETF,SH,511260
2023-11-09,108.257,108.268,108.256,108.263,110270664,11938176809,信用债ETF,SH,511360
2023-11-09,0.923,0.925,0.92,0.921,78800,72808,短融ETF,SZ,159976
2023-11-09,4.556,4.569,4.556,4.559,948100,4322605,绿色债券ETF(南方),SH,518890
2023-11-09,1.139,1.147,1.123,1.128,334342240,379030249,绿色电力ETF,SZ,159869
2023-11-09,102.501,102.546,102.501,102.541,16759100,1718515086,高等级同业存单ETF,SZ,159649
2023-11-10,110.3,110.337,110.223,110.311,3277000,361416127,1-3年国债ETF,SH,511020
2023-11-10,123.352,123.402,123.331,123.368,2382800,293989712,7-10年国债ETF,SH,511260
2023-11-10,108.28,108.283,108.274,108.282,109878500,11897589603,信用债ETF,SH,511360
2023-11-10,0.92,0.92,0.911,0.913,1882400,1717391,短融ETF,SZ,159976
2023-11-10,4.577,4.585,4.577,4.579,971500,4452302,绿色债券ETF(南方),SH,518890
2023-11-10,1.121,1.131,1.102,1.106,336895959,374946908,绿色电力ETF,SZ,159869
2023-11-10,102.513,102.595,102.51,102.55,13047620,1337664428,高等级同业存单ETF,SZ,159649
2023-11-13,110.311,110.378,110.302,110.375,2949600,325488198,1-3年国债ETF,SH,511020
2023-11-13,123.365,123.426,123.339,123.423,1916300,236498785,7-10年国债ETF,SH,511260
2023-11-13,108.284,108.292,108.284,108.29,77168609,8356625901,信用债ETF,SH,511360
2023-11-13,0.921,0.921,0.908,0.911,1857309,1689379,短融ETF,SZ,159976
2023-11-13,4.56,4.569,4.558,4.569,1976500,9021204,绿色债券ETF(南方),SH,518890
2023-11-13,1.116,1.13,1.109,1.115,334381349,373734481,绿色电力ETF,SZ,159869
2023-11-13,102.508,102.607,102.508,102.6,18989200,1948001676,高等级同业存单ETF,SZ,159649
2023-11-14,110.392,110.416,110.209,110.22,1871300,206303259,1-3年国债ETF,SH,511020
2023-11-14,123.385,123.471,123.329,123.352,2009700,247968034,7-10年国债ETF,SH,511260
2023-11-14,108.296,108.3,108.294,108.295,80393727,8706484106,信用债ETF,SH,511360
2023-11-14,0.919,0.92,0.915,0.915,2805100,2574092,短融ETF,SZ,159976
2023-11-14,4.579,4.633,4.576,4.595,1357700,6221101,绿色债券ETF(南方),SH,518890
2023-11-14,1.109,1.121,1.107,1.121,218015162,242952100,绿色电力ETF,SZ,159869
2023-11-14,102.589,102.609,102.561,102.577,9805700,1005860259,高等级同业存单ETF,SZ,159649
2023-11-15,110.181,110.274,110.156,110.199,2836100,312483874,1-3年国债ETF,SH,511020
2023-11-15,123.323,123.399,123.3,123.316,1983797,244705341,7-10年国债ETF,SH,511260
2023-11-15,108.291,108.296,108.283,108.289,64279544,6961049202,信用债ETF,SH,511360
2023-11-15,0.922,0.931,0.922,0.929,1235800,1148666,短融ETF,SZ,159976
2023-11-15,4.617,4.617,4.598,4.603,802319,3692398,绿色债券ETF(南方),SH,518890
2023-11-15,1.13,1.136,1.098,1.102,297328857,329867249,绿色电力ETF,SZ,159869
2023-11-15,102.535,102.625,102.535,102.613,11958944,1227004692,高等级同业存单ETF,SZ,159649
2023-11-16,110.199,110.338,110.199,110.335,3059700,337504764,1-3年国债ETF,SH,511020
2023-11-16,123.317,123.455,123.317,123.414,2082303,257023198,7-10年国债ETF,SH,511260
2023-11-16,108.299,108.301,108.295,108.298,68247126,7391064759,信用债ETF,SH,511360
2023-11-16,0.926,0.928,0.925,0.928,603600,558741,短融ETF,SZ,159976
2023-11-16,4.6,4.6,4.586,4.592,926800,4253523,绿色债券ETF(南方),SH,518890
2023-11-16,1.094,1.111,1.089,1.096,258534656,284672086,绿色电力ETF,SZ,159869
2023-11-16,102.651,102.67,102.615,102.669,29445100,3022628910,高等级同业存单ETF,SZ,159649
2023-11-17,110.303,110.351,110.298,110.351,2079900,229441407,1-3年国债ETF,SH,511020
2023-11-17,123.45,123.483,123.4,123.464,2335499,288319395,7-10年国债ETF,SH,511260
2023-11-17,108.33,108.334,108.322,108.331,61936312,6709554626,信用债ETF,SH,511360
2023-11-17,0.92,0.922,0.917,0.922,669706,615060,短融ETF,SZ,159976
2023-11-17,4.59,4.611,4.59,4.606,770100,3549348,绿色债券ETF(南方),SH,518890
2023-11-17,1.093,1.112,1.091,1.105,281175413,309429048,绿色电力ETF,SZ,159869
2023-11-17,102.71,102.71,102.64,102.686,8544400,877302377,高等级同业存单ETF,SZ,159649
2023-11-20,110.351,110.351,110.284,110.307,3318100,366014647,1-3年国债ETF,SH,511020
2023-11-20,123.464,123.478,123.429,123.461,1856395,229200496,7-10年国债ETF,SH,511260
2023-11-20,108.34,108.347,108.34,108.346,58179600,6303444719,信用债ETF,SH,511360
2023-11-20,0.931,1.01,0.917,0.927,500500,462892,短融ETF,SZ,159976
2023-11-20,4.569,4.584,4.551,4.563,581400,2659313,绿色债券ETF(南方),SH,518890
2023-11-20,1.104,1.119,1.092,1.11,277656289,307555470,绿色电力ETF,SZ,159869
2023-11-20,102.666,102.73,102.645,102.679,12309510,1263942776,高等级同业存单ETF,SZ,159649
2023-11-21,110.316,110.336,110.253,110.278,3359000,370455070,1-3年国债ETF,SH,511020
2023-11-21,123.461,123.503,123.403,123.488,2352400,290469321,7-10年国债ETF,SH,511260
2023-11-21,108.349,108.353,108.345,108.348,44021948,4769792831,信用债ETF,SH,511360
2023-11-21,0.933,0.935,0.923,0.925,154500,142768,短融ETF,SZ,159976
2023-11-21,4.546,4.552,4.526,4.549,397300,1804447,绿色债券ETF(南方),SH,518890
2023-11-21,1.114,1.133,1.107,1.111,282090717,316010939,绿色电力ETF,SZ,159869
2023-11-21,102.666,102.696,102.639,102.658,22997617,2360892728,高等级同业存单ETF,SZ,159649
2023-11-22,110.277,110.277,110.178,110.21,2631300,290014537,1-3年国债ETF,SH,511020
2023-11-22,123.488,123.488,123.419,123.421,2161700,266853081,7-10年国债ETF,SH,511260
2023-11-22,108.351,108.357,108.338,108.339,68000153,7367968122,信用债ETF,SH,511360
2023-11-22,0.934,0.999,0.916,0.916,677400,622272,短融ETF,SZ,159976
2023-11-22,4.58,4.58,4.524,4.525,402300,1827797,绿色债券ETF(南方),SH,518890
2023-11-22,1.107,1.121,1.1,1.1,243156778,270337438,绿色电力ETF,SZ,159869
2023-11-22,102.658,102.67,102.591,102.605,29057900,2982493545,高等级同业存单ETF,SZ,159649
2023-11-23,110.17,110.208,110.039,110.055,5050400,555873521,1-3年国债ETF,SH,511020
2023-11-23,123.403,123.403,123.25,123.254,2364250,291531429,7-10年国债ETF,SH,511260
2023-11-23,108.341,108.349,108.333,108.341,74330777,8053118237,信用债ETF,SH,511360
2023-11-23,0.914,0.923,0.914,0.922,458900,421377,短融ETF,SZ,159976
2023-11-23,4.522,4.552,4.522,4.527,576100,2608333,绿色债券ETF(南方),SH,518890
2023-11-23,1.1,1.101,1.078,1.097,245539012,267051180,绿色电力ETF,SZ,159869
2023-11-23,102.59,102.606,102.537,102.552,2042300,209437907,高等级同业存单ETF,SZ,159649
2023-11-24,110.12,110.18,110.063,110.068,4767600,524994237,1-3年国债ETF,SH,511020
2023-11-24,123.262,123.339,123.26,123.272,2396700,295555151,7-10年国债ETF,SH,511260
2023-11-24,108.348,108.355,108.346,108.353,64339003,6971273637,信用债ETF,SH,511360
2023-11-24,0.933,0.999,0.911,0.915,1047200,958750,短融ETF,SZ,159976
2023-11-24,4.531,4.535,4.526,4.533,315800,1430300,绿色债券ETF(南方),SH,518890
2023-11-24,1.095,1.099,1.064,1.067,260300212,280582599,绿色电力ETF,SZ,159869
2023-11-24,102.601,102.601,102.547,102.584,16510558,1693823920,高等级同业存单ETF,SZ,159649
2023-11-27,110.039,110.115,110.039,110.076,3831500,421820805,1-3年国债ETF,SH,511020
2023-11-27,123.243,123.296,123.2,123.234,2492301,307159265,7-10年国债ETF,SH,511260
2023-11-27,108.351,108.362,108.351,108.359,68935447,7469521152,信用债ETF,SH,511360
2023-11-27,0.911,0.911,0.902,0.908,52400,47454,短融ETF,SZ,159976
2023-11-27,4.57,4.6,4.562,4.577,1753900,8016114,绿色债券ETF(南方),SH,518890
2023-11-27,1.065,1.072,1.047,1.054,318591503,336624368,绿色电力ETF,SZ,159869
2023-11-27,102.6,102.616,102.544,102.572,20977310,2152233606,高等级同业存单ETF,SZ,159649
2023-11-28,110.18,110.193,110.1,110.183,3100000,341465106,1-3年国债ETF,SH,511020
2023-11-28,123.331,123.347,123.27,123.325,2788100,343852663,7-10年国债ETF,SH,511260
2023-11-28,108.37,108.371,108.357,108.359,74804142,8106147602,信用债ETF,SH,511360
2023-11-28,0.909,0.91,0.906,0.908,442400,401455,短融ETF,SZ,159976
2023-11-28,4.592,4.599,4.579,4.597,569200,2608108,绿色债券ETF(南方),SH,518890
2023-11-28,1.054,1.063,1.041,1.06,201132439,211642381,绿色电力ETF,SZ,159869
2023-11-28,102.578,102.624,102.578,102.587,2618930,268676335,高等级同业存单ETF,SZ,159649
2023-11-29,110.194,110.224,110.165,110.205,4338900,478123377,1-3年国债ETF,SH,511020
2023-11-29,123.325,123.368,123.287,123.288,2115900,260981055,7-10年国债ETF,SH,511260
2023-11-29,108.361,108.361,107.276,108.323,100661186,10904481194,信用债ETF,SH,511360
2023-11-29,0.902,0.904,0.895,0.896,661300,594563,短融ETF,SZ,159976
2023-11-29,4.625,4.635,4.615,4.625,840800,3889933,绿色债券ETF(南方),SH,518890
2023-11-29,1.057,1.06,1.044,1.047,194488712,204466481,绿色电力ETF,SZ,159869
2023-11-29,102.548,102.59,102.528,102.535,23573500,2417960498,高等级同业存单ETF,SZ,159649
2023-11-30,110.24,110.288,110.21,110.22,3317400,365769222,1-3年国债ETF,SH,511020
2023-11-30,123.288,123.384,123.288,123.332,2462600,303799541,7-10年国债ETF,SH,511260
2023-11-30,108.33,108.386,108.33,108.383,103642661,11229387585,信用债ETF,SH,511360
2023-11-30,0.895,0.9,0.895,0.9,41200,36906,短融ETF,SZ,159976
2023-11-30,4.627,4.637,4.621,4.634,270600,1250878,绿色债券ETF(南方),SH,518890
2023-11-30,1.045,1.051,1.031,1.04,173368300,180469167,绿色电力ETF,SZ,159869
2023-11-30,102.516,102.61,102.516,102.575,30500510,3128847752,高等级同业存单ETF,SZ,159649
2023-12-01,110.28,110.28,110.2,110.223,4048000,446255728,1-3年国债ETF,SH,511020
2023-12-01,123.336,123.49,123.336,123.442,2651702,327318102,7-10年国债ETF,SH,511260
2023-12-01,108.386,108.397,108.377,108.393,93905899,10178093942,信用债ETF,SH,511360
2023-12-01,0.892,0.893,0.887,0.893,983500,874651,短融ETF,SZ,159976
2023-12-01,4.623,4.636,4.603,4.621,471800,2181238,绿色债券ETF(南方),SH,518890
2023-12-01,1.041,1.128,1.04,1.125,523092170,568168205,绿色电力ETF,SZ,159869
2023-12-01,102.577,102.615,102.576,102.604,22081853,2265623517,高等级同业存单ETF,SZ,159649
2023-12-04,110.264,110.264,110.196,110.221,3362900,370638982,1-3年国债ETF,SH,511020
2023-12-04,123.49,123.49,123.35,123.375,2443500,301540711,7-10年国债ETF,SH,511260
2023-12-04,108.4,108.408,108.397,108.405,102568096,11118313076,信用债ETF,SH,511360
2023-12-04,0.89,0.893,0.885,0.885,500900,445576,短融ETF,SZ,159976
2023-12-04,4.675,4.709,4.658,4.675,2527100,11870660,绿色债券ETF(南方),SH,518890
2023-12-04,1.126,1.149,1.121,1.131,424807365,482293397,绿色电力ETF,SZ,159869
2023-12-04,102.603,102.603,102.532,102.56,5820900,597076368,高等级同业存单ETF,SZ,159649
2023-12-05,110.191,110.28,110.181,110.227,4790600,528007609,1-3年国债ETF,SH,511020
2023-12-05,123.373,123.391,123.337,123.38,2365900,291895424,7-10年国债ETF,SH,511260
2023-12-05,108.408,108.41,108.403,108.405,52734139,5716810902,信用债ETF,SH,511360
2023-12-05,0.885,0.885,0.865,0.865,864900,756294,短融ETF,SZ,159976
2023-12-05,4.67,4.67,4.607,4.61,739919,3413017,绿色债券ETF(南方),SH,518890
2023-12-05,1.125,1.129,1.089,1.089,511882119,562990297,绿色电力ETF,SZ,159869
2023-12-05,102.528,102.58,102.528,102.569,27297100,2799546374,高等级同业存单ETF,SZ,159649
2023-12-06,110.25,110.285,110.14,110.141,3826300,421757586,1-3年国债ETF,SH,511020
2023-12-06,123.378,123.393,123.325,123.335,2945500,363426790,7-10年国债ETF,SH,511260
2023-12-06,108.407,108.409,108.397,108.399,98159549,10641005204,信用债ETF,SH,511360
2023-12-06,0.866,0.871,0.865,0.869,66302,57583,短融ETF,SZ,159976
2023-12-06,4.574,4.703,4.471,4.6,421200,1936521,绿色债券ETF(南方),SH,518890
2023-12-06,1.081,1.156,1.068,1.132,613346798,682951919,绿色电力ETF,SZ,159869
2023-12-06,102.569,102.576,102.542,102.544,9433100,967414641,高等级同业存单ETF,SZ,159649
2023-12-07,110.17,110.289,110.157,110.25,3863200,425940169,1-3年国债ETF,SH,511020
2023-12-07,123.377,123.419,123.311,123.381,2905200,358479476,7-10年国债ETF,SH,511260
2023-12-07,108.402,108.405,108.396,108.403,56023574,6073008242,信用债ETF,SH,511360
2023-12-07,0.863,0.869,0.863,0.867,271100,234496,短融ETF,SZ,159976
2023-12-07,4.63,4.63,4.606,4.61,603171,2780918,绿色债券ETF(南方),SH,518890
2023-12-07,1.149,1.164,1.134,1.147,605375293,695733277,绿色电力ETF,SZ,159869
2023-12-07,102.544,102.584,102.543,102.583,19906358,2042009295,高等级同业存单ETF,SZ,159649
2023-12-08,110.269,110.322,110.258,110.28,3605500,397638882,1-3年国债ETF,SH,511020
2023-12-08,123.382,123.462,123.382,123.429,2433100,300350572,7-10年国债ETF,SH,511260
2023-12-08,108.409,108.42,108.402,108.403,65527920,7104144953,信用债ETF,SH,511360
2023-12-08,0.871,0.875,0.866,0.872,402000,349143,短融ETF,SZ,159976
2023-12-08,4.608,4.622,4.608,4.617,236600,1092463,绿色债券ETF(南方),SH,518890
2023-12-08,1.138,1.167,1.123,1.15,463193759,529862340,绿色电力ETF,SZ,159869
2023-12-08,102.599,102.646,102.598,102.617,15344400,1574671887,高等级同业存单ETF,SZ,159649
2023-12-11,110.387,110.44,110.341,110.395,3422500,377947771,1-3年国债ETF,SH,511020
2023-12-11,123.488,123.688,123.488,123.657,3347600,413856426,7-10年国债ETF,SH,511260
2023-12-11,108.413,108.42,108.401,108.409,139309826,15102724737,信用债ETF,SH,511360
2023-12-11,0.863,0.872,0.86,0.872,0,0,短融ETF,SZ,159976
2023-12-11,4.574,4.582,4.568,4.58,386200,1768532,绿色债券ETF(南方),SH,518890
2023-12-11,1.141,1.194,1.136,1.186,591629686,689871431,绿色电力ETF,SZ,159869
2023-12-11,102.617,102.696,102.617,102.685,11440900,1174786513,高等级同业存单ETF,SZ,159649
2023-12-12,110.398,110.453,110.395,110.405,4078800,450425405,1-3年国债ETF,SH,511020
2023-12-12,123.66,123.725,123.572,123.598,4341900,536786102,7-10年国债ETF,SH,511260
2023-12-12,108.409,108.43,108.406,108.421,119038217,12906006591,信用债ETF,SH,511360
2023-12-12,0.879,0.881,0.879,0.881,0,0,短融ETF,SZ,159976
2023-12-12,4.553,4.562,4.546,4.562,866900,3946001,绿色债券ETF(南方),SH,518890
2023-12-12,1.189,1.222,1.175,1.181,382499175,457849041,绿色电力ETF,SZ,159869
2023-12-12,102.649,102.718,102.649,102.713,0,0,高等级同业存单ETF,SZ,159649
2023-12-13,110.457,110.584,110.457,110.561,3042800,336369000,1-3年国债ETF,SH,511020
2023-12-13,123.648,123.926,123.648,123.75,2960100,366250126,7-10年国债ETF,SH,511260
2023-12-13,108.423,108.59,108.409,108.447,126415812,13706399906,信用债ETF,SH,511360
2023-12-13,0.875,0.875,0.865,0.866,0,0,短融ETF,SZ,159976
2023-12-13,4.553,4.564,4.55,4.554,519400,2366364,绿色债券ETF(南方),SH,518890
2023-12-13,1.17,1.198,1.164,1.167,0,0,绿色电力ETF,SZ,159869
2023-12-13,102.713,102.826,102.713,102.825,0,0,高等级同业存单ETF,SZ,159649
2023-12-14,110.508,110.621,110.508,110.601,3477900,384610028,1-3年国债ETF,SH,511020
2023-12-14,123.752,123.82,123.717,123.741,3355442,415338616,7-10年国债ETF,SH,511260
2023-12-14,108.449,108.478,108.442,108.444,129695753,14065631438,信用债ETF,SH,511360
2023-12-14,0.876,0.876,0.865,0.865,567900,494518,短融ETF,SZ,159976
2023-12-14,4.615,4.634,4.606,4.629,548100,2532781,绿色债券ETF(南方),SH,518890
2023-12-14,1.171,1.185,1.157,1.158,0,0,绿色电力ETF,SZ,159869
2023-12-14,102.825,102.872,102.776,102.859,3620831,372394609,高等级同业存单ETF,SZ,159649
2023-12-15,110.601,110.636,110.56,110.581,4250800,470124620,1-3年国债ETF,SH,511020
2023-12-15,123.741,123.823,123.702,123.82,2555800,316373245,7-10年国债ETF,SH,511260
2023-12-15,108.463,108.482,108.461,108.478,100779543,10931914033,信用债ETF,SH,511360
2023-12-15,0.871,0.881,0.869,0.869,0,0,短融ETF,SZ,159976
2023-12-15,4.629,4.629,4.611,4.624,684700,3160591,绿色债券ETF(南方),SH,518890
2023-12-15,1.161,1.182,1.135,1.165,0,0,绿色电力ETF,SZ,159869
2023-12-15,102.859,102.906,102.832,102.902,5369900,552481355,高等级同业存单ETF,SZ,159649
2023-12-18,110.581,110.659,110.581,110.629,2862400,316644507,1-3年国债ETF,SH,511020
2023-12-18,123.87,123.923,123.84,123.905,2504100,310244763,7-10年国债ETF,SH,511260
2023-12-18,108.481,108.492,108.473,108.481,118685510,12875408475,信用债ETF,SH,511360
2023-12-18,0.869,0.87,0.865,0.866,0,0,短融ETF,SZ,159976
2023-12-18,4.611,4.622,4.598,4.616,528400,2435651,绿色债券ETF(南方),SH,518890
2023-12-18,1.159,1.165,1.131,1.135,317545262,363946656,绿色电力ETF,SZ,159869
2023-12-18,102.903,102.959,102.903,102.95,18927100,1948486821,高等级同业存单ETF,SZ,159649
2023-12-19,110.631,110.661,110.62,110.635,4545600,502887062,1-3年国债ETF,SH,511020
2023-12-19,123.881,123.939,123.836,123.917,2488000,308250717,7-10年国债ETF,SH,511260
2023-12-19,108.487,108.5,108.487,108.497,143785687,15600021301,信用债ETF,SH,511360
2023-12-19,0.863,0.868,0.862,0.866,0,0,短融ETF,SZ,159976
2023-12-19,4.62,4.63,4.613,4.619,510100,2356469,绿色债券ETF(南方),SH,518890
2023-12-19,1.128,1.165,1.125,1.157,367302124,421780164,绿色电力ETF,SZ,159869
2023-12-19,102.95,102.963,102.911,102.932,19956000,2053741154,高等级同业存单ETF,SZ,159649
2023-12-20,110.636,110.688,110.517,110.519,3642800,402811248,1-3年国债ETF,SH,511020
2023-12-20,123.917,123.917,123.86,123.871,3545901,439228781,7-10年国债ETF,SH,511260
2023-12-20,108.517,108.519,108.507,108.508,146555600,15903027369,信用债ETF,SH,511360
2023-12-20,0.866,0.867,0.86,0.86,36501,31584,短融ETF,SZ,159976
2023-12-20,4.624,4.64,4.622,4.639,212400,982947,绿色债券ETF(南方),SH,518890
2023-12-20,1.157,1.166,1.116,1.119,403954700,458928164,绿色电力ETF,SZ,159869
2023-12-20,102.93,102.93,102.889,102.897,22298600,2294653924,高等级同业存单ETF,SZ,159649
2023-12-21,110.519,110.569,110.48,110.555,1774800,196147160,1-3年国债ETF,SH,511020
2023-12-21,123.86,124.011,123.803,123.926,1463600,181293507,7-10年国债ETF,SH,511260
2023-12-21,108.515,108.517,108.502,108.506,149461005,16218007177,信用债ETF,SH,511360
2023-12-21,0.859,0.868,0.859,0.868,1724000,1484259,短融ETF,SZ,159976
2023-12-21,4.624,4.643,4.624,4.632,407100,1885054,绿色债券ETF(南方),SH,518890
2023-12-21,1.105,1.156,1.105,1.148,418725962,474728883,绿色电力ETF,SZ,159869
2023-12-21,102.897,102.931,102.856,102.922,11541300,1187415059,高等级同业存单ETF,SZ,159649
2023-12-22,110.678,110.679,110.581,110.581,924600,102272870,1-3年国债ETF,SH,511020
2023-12-22,124.0,124.064,123.975,124.018,536700,66575769,7-10年国债ETF,SH,511260
2023-12-22,108.525,108.527,108.51,108.513,139379157,15124953348,信用债ETF,SH,511360
2023-12-22,0.867,0.874,0.851,0.855,1400201,1209859,短融ETF,SZ,159976
2023-12-22,4.662,4.668,4.66,4.66,362900,1692895,绿色债券ETF(南方),SH,518890
2023-12-22,1.14,1.148,1.033,1.033,557896135,599080043,绿色电力ETF,SZ,159869
2023-12-22,102.921,102.984,102.921,102.967,30004500,3089676205,高等级同业存单ETF,SZ,159649
2023-12-25,110.565,110.637,110.565,110.611,3875000,428610742,1-3年国债ETF,SH,511020
2023-12-25,124.051,124.14,123.993,124.12,3256800,404004880,7-10年国债ETF,SH,511260
2023-12-25,108.523,108.531,108.517,108.525,137577599,14930489740,信用债ETF,SH,511360
2023-12-25,0.859,0.859,0.855,0.855,38400,32855,短融ETF,SZ,159976
2023-12-25,4.661,4.675,4.661,4.675,379400,1769365,绿色债券ETF(南方),SH,518890
2023-12-25,0.996,1.003,0.963,0.99,895370679,881370236,绿色电力ETF,SZ,159869
2023-12-25,102.965,103.042,102.927,103.042,16027900,1650695147,高等级同业存单ETF,SZ,159649
2023-12-26,110.618,110.688,110.618,110.626,2710600,299957861,1-3年国债ETF,SH,511020
2023-12-26,124.164,124.25,124.13,124.178,2688900,333906151,7-10年国债ETF,SH,511260
2023-12-26,108.531,108.552,108.527,108.534,148370032,16103174950,信用债ETF,SH,511360
2023-12-26,0.861,0.861,0.85,0.853,140500,119592,短融ETF,SZ,159976
2023-12-26,4.667,4.687,4.664,4.686,359100,1677755,绿色债券ETF(南方),SH,518890
2023-12-26,0.99,1.008,0.966,0.981,514087492,506825498,绿色电力ETF,SZ,159869
2023-12-26,103.002,103.159,103.0,103.123,10030993,1034652082,高等级同业存单ETF,SZ,159649
2023-12-27,110.725,110.816,110.671,110.779,4324100,478925569,1-3年国债ETF,SH,511020
2023-12-27,124.228,124.321,124.222,124.276,2928800,363941565,7-10年国债ETF,SH,511260
2023-12-27,108.542,108.582,108.542,108.576,130857594,14206924857,信用债ETF,SH,511360
2023-12-27,0.86,0.889,0.852,0.86,151600,130236,短融ETF,SZ,159976
2023-12-27,4.684,4.689,4.678,4.688,759300,3555944,绿色债券ETF(南方),SH,518890
2023-12-27,0.993,1.002,0.968,0.976,370795868,364233168,绿色电力ETF,SZ,159869
2023-12-27,103.156,103.275,103.156,103.233,5665700,584931288,高等级同业存单ETF,SZ,159649
2023-12-28,110.867,110.933,110.769,110.789,2971700,329297190,1-3年国债ETF,SH,511020
2023-12-28,124.34,124.468,124.158,124.276,637398,79232879,7-10年国债ETF,SH,511260
2023-12-28,108.577,108.751,108.572,108.616,132639350,14406217516,信用债ETF,SH,511360
2023-12-28,0.861,0.881,0.861,0.877,515300,450179,短融ETF,SZ,159976
2023-12-28,4.711,4.722,4.694,4.695,308400,1450719,绿色债券ETF(南方),SH,518890
2023-12-28,0.968,0.988,0.947,0.982,471431571,457957989,绿色电力ETF,SZ,159869
2023-12-28,103.332,103.371,103.244,103.308,4654799,480908365,高等级同业存单ETF,SZ,159649
2023-12-29,110.913,110.952,110.814,110.816,3420600,379316362,1-3年国债ETF,SH,511020
2023-12-29,124.324,124.515,124.324,124.502,3460709,430539913,7-10年国债ETF,SH,511260
2023-12-29,108.671,108.741,108.661,108.7,116759717,12693078643,信用债ETF,SH,511360
2023-12-29,0.881,0.884,0.879,0.882,626800,552380,短融ETF,SZ,159976
2023-12-29,4.667,4.684,4.655,4.678,667400,3115369,绿色债券ETF(南方),SH,518890
2023-12-29,0.98,1.025,0.977,1.019,631068629,637274981,绿色电力ETF,SZ,159869
2023-12-29,103.308,103.412,103.308,103.411,15984239,1652202872,高等级同业存单ETF,SZ,159649
2024-01-02,110.891,110.928,110.834,110.905,3761800,417074824,1-3年国债ETF,SH,511020
2024-01-02,124.547,124.731,124.414,124.73,2674400,333102286,7-10年国债ETF,SH,511260
2024-01-02,108.691,108.7,108.689,108.699,49653830,5397195329,信用债ETF,SH,511360
2024-01-02,0.881,0.882,0.874,0.874,260400,228197,短融ETF,SZ,159976
2024-01-02,4.669,4.746,4.669,4.704,405700,1901583,绿色债券ETF(南方),SH,518890
2024-01-02,1.029,1.054,1.016,1.017,522540225,541356305,绿色电力ETF,SZ,159869
2024-01-02,103.36,103.36,103.217,103.22,15715900,1622967098,高等级同业存单ETF,SZ,159649
2024-01-03,110.96,110.96,110.868,110.93,3110200,344987979,1-3年国债ETF,SH,511020
2024-01-03,124.715,124.749,124.401,124.411,3989800,496572840,7-10年国债ETF,SH,511260
2024-01-03,108.71,108.712,108.693,108.697,70328161,7645122818,信用债ETF,SH,511360
2024-01-03,0.873,0.873,0.865,0.869,188000,163018,短融ETF,SZ,159976
2024-01-03,4.683,4.705,4.675,4.692,862800,4047003,绿色债券ETF(南方),SH,518890
2024-01-03,1.015,1.049,1.002,1.028,566964041,583138134,绿色电力ETF,SZ,159869
2024-01-03,103.178,103.197,103.076,103.102,10458199,1078219100,高等级同业存单ETF,SZ,159649
2024-01-04,110.944,111.098,110.944,111.097,1169400,129888509,1-3年国债ETF,SH,511020
2024-01-04,124.461,124.68,124.45,124.659,307100,38256825,7-10年国债ETF,SH,511260
2024-01-04,108.696,108.704,108.694,108.7,28108226,3055347244,信用债ETF,SH,511360
2024-01-04,0.862,0.866,0.86,0.863,650200,561880,短融ETF,SZ,159976
2024-01-04,4.669,4.689,4.641,4.674,390600,1823784,绿色债券ETF(南方),SH,518890
2024-01-04,1.024,1.027,0.993,1.015,410186153,414151634,绿色电力ETF,SZ,159869
2024-01-04,103.101,103.188,103.101,103.157,1938300,199975102,高等级同业存单ETF,SZ,159649
2024-01-05,111.101,111.386,111.066,111.34,1236400,137529884,1-3年国债ETF,SH,511020
2024-01-05,124.661,125.019,124.561,125.017,354400,44213989,7-10年国债ETF,SH,511260
2024-01-05,108.726,108.739,108.72,108.733,44111205,4796001232,信用债ETF,SH,511360
2024-01-05,0.863,0.863,0.857,0.858,9800,8407,短融ETF,SZ,159976
2024-01-05,4.684,4.692,4.67,4.681,1024600,4796100,绿色债券ETF(南方),SH,518890
2024-01-05,1.01,1.012,0.979,0.987,257584314,256247497,绿色电力ETF,SZ,159869
2024-01-05,103.182,103.251,103.182,103.22,2952600,304801134,高等级同业存单ETF,SZ,159649
2024-01-08,111.479,111.597,111.301,111.439,2945700,328205214,1-3年国债ETF,SH,511020
2024-01-08,125.004,125.123,124.791,124.83,2618500,326915565,7-10年国债ETF,SH,511260
2024-01-08,108.741,108.744,108.736,108.741,76592965,8328694162,信用债ETF,SH,511360
2024-01-08,0.853,0.853,0.843,0.847,947300,803873,短融ETF,SZ,159976
2024-01-08,4.692,4.692,4.668,4.682,347400,1625335,绿色债券ETF(南方),SH,518890
2024-01-08,0.984,0.995,0.97,0.973,299356068,293415573,绿色电力ETF,SZ,159869
2024-01-08,103.22,103.22,103.183,103.2,14082600,1453497000,高等级同业存单ETF,SZ,159649
2024-01-09,111.401,111.482,111.401,111.45,2866300,319456207,1-3年国债ETF,SH,511020
2024-01-09,124.815,125.0,124.789,124.982,824400,102938596,7-10年国债ETF,SH,511260
2024-01-09,108.743,108.758,108.739,108.755,32262284,3508328415,信用债ETF,SH,511360
2024-01-09,0.846,0.852,0.846,0.847,2562900,2174408,短融ETF,SZ,159976
2024-01-09,4.666,4.683,4.666,4.671,796006,3720148,绿色债券ETF(南方),SH,518890
2024-01-09,0.98,0.992,0.963,0.971,295817527,289274216,绿色电力ETF,SZ,159869
2024-01-09,103.236,103.266,103.233,103.252,4504000,465013062,高等级同业存单ETF,SZ,159649
2024-01-10,111.45,111.53,111.45,111.498,3220600,359075485,1-3年国债ETF,SH,511020
2024-01-10,124.995,124.995,124.88,124.941,1676200,209353378,7-10年国债ETF,SH,511260
2024-01-10,108.766,108.775,108.766,108.772,38537826,4191783415,信用债ETF,SH,511360
2024-01-10,0.841,0.851,0.841,0.842,433600,367556,短融ETF,SZ,159976
2024-01-10,4.67,4.69,4.658,4.664,356400,1662694,绿色债券ETF(南方),SH,518890
2024-01-10,0.966,0.969,0.943,0.945,287869803,274217198,绿色电力ETF,SZ,159869
2024-01-10,103.278,103.278,103.217,103.222,18616300,1921570621,高等级同业存单ETF,SZ,159649
2024-01-11,111.458,111.557,111.392,111.47,3290400,366918461,1-3年国债ETF,SH,511020
2024-01-11,124.884,124.927,124.784,124.862,3907000,487732589,7-10年国债ETF,SH,511260
2024-01-11,108.777,108.781,108.772,108.775,30739886,3343830966,信用债ETF,SH,511360
2024-01-11,0.849,0.855,0.848,0.851,388600,331590,短融ETF,SZ,159976
2024-01-11,4.664,4.672,4.652,4.657,738700,3442234,绿色债券ETF(南方),SH,518890
2024-01-11,0.942,0.989,0.939,0.986,404459063,391994872,绿色电力ETF,SZ,159869
2024-01-11,103.171,103.256,103.171,103.202,20716800,2138066877,高等级同业存单ETF,SZ,159649
2024-01-12,111.502,111.52,111.37,111.415,2437500,271552463,1-3年国债ETF,SH,511020
2024-01-12,124.852,124.922,124.711,124.729,2754500,343636474,7-10年国债ETF,SH,511260
2024-01-12,108.788,108.798,108.788,108.797,41684312,4535024525,信用债ETF,SH,511360
2024-01-12,0.85,0.857,0.848,0.848,1366400,1163361,短融ETF,SZ,159976
2024-01-12,4.662,4.677,4.661,4.673,901800,4206967,绿色债券ETF(南方),SH,518890
2024-01-12,0.976,0.986,0.959,0.961,281390547,273134147,绿色电力ETF,SZ,159869
2024-01-12,103.228,103.27,103.168,103.18,4032200,416062128,高等级同业存单ETF,SZ,159649
2024-01-15,111.368,111.42,111.242,111.328,4541800,505964063,1-3年国债ETF,SH,511020
2024-01-15,124.71,124.753,124.673,124.748,4167110,519790008,7-10年国债ETF,SH,511260
2024-01-15,108.802,108.808,108.797,108.801,48840457,5314064985,信用债ETF,SH,511360
2024-01-15,0.845,0.852,0.844,0.848,425700,361289,短融ETF,SZ,159976
2024-01-15,4.686,4.721,4.673,4.701,1196200,5613442,绿色债券ETF(南方),SH,518890
2024-01-15,0.954,0.975,0.95,0.962,218065900,209897534,绿色电力ETF,SZ,159869
2024-01-15,103.23,103.23,103.16,103.202,24038841,2480750909,高等级同业存单ETF,SZ,159649
2024-01-16,111.293,111.369,111.292,111.292,3787200,421676933,1-3年国债ETF,SH,511020
2024-01-16,124.748,124.768,124.697,124.711,2457800,306536659,7-10年国债ETF,SH,511260
2024-01-16,108.807,108.818,108.803,108.816,48595176,5287450039,信用债ETF,SH,511360
2024-01-16,0.845,0.848,0.84,0.84,727319,615110,短融ETF,SZ,159976
2024-01-16,4.701,4.703,4.687,4.697,239300,1123287,绿色债券ETF(南方),SH,518890
2024-01-16,0.958,0.959,0.938,0.955,254959221,241806999,绿色电力ETF,SZ,159869
2024-01-16,103.202,103.261,103.18,103.203,4709710,486042586,高等级同业存单ETF,SZ,159649
2024-01-17,111.347,111.436,111.324,111.434,4531400,504688996,1-3年国债ETF,SH,511020
2024-01-17,124.71,124.859,124.691,124.858,5146600,642124832,7-10年国债ETF,SH,511260
2024-01-17,108.815,108.82,108.812,108.815,59444166,6468405631,信用债ETF,SH,511360
2024-01-17,0.838,0.838,0.825,0.826,2603700,2168142,短融ETF,SZ,159976
2024-01-17,4.677,4.692,4.656,4.656,549006,2566211,绿色债券ETF(南方),SH,518890
2024-01-17,0.952,0.956,0.92,0.929,180574991,170609494,绿色电力ETF,SZ,159869
2024-01-17,103.233,103.247,103.201,103.238,15368900,1586446055,高等级同业存单ETF,SZ,159649
2024-01-18,111.437,111.54,111.411,111.442,1265600,141116202,1-3年国债ETF,SH,511020
2024-01-18,124.878,125.246,124.876,124.95,1277700,159629101,7-10年国债ETF,SH,511260
2024-01-18,108.801,108.825,108.801,108.822,39664382,4315844897,信用债ETF,SH,511360
2024-01-18,0.82,0.835,0.813,0.833,5214200,4270866,短融ETF,SZ,159976
2024-01-18,4.646,4.653,4.631,4.644,412552,1916146,绿色债券ETF(南方),SH,518890
2024-01-18,0.922,0.949,0.91,0.948,402426824,374001350,绿色电力ETF,SZ,159869
2024-01-18,103.247,103.298,103.247,103.265,4655500,480833571,高等级同业存单ETF,SZ,159649
2024-01-19,111.457,111.557,111.457,111.557,3184800,355217596,1-3年国债ETF,SH,511020
2024-01-19,124.94,125.055,124.902,125.016,1769400,221137187,7-10年国债ETF,SH,511260
2024-01-19,108.843,108.849,108.838,108.844,42768878,4655131060,信用债ETF,SH,511360
2024-01-19,0.835,0.835,0.827,0.827,2804901,2333183,短融ETF,SZ,159976
2024-01-19,4.667,4.676,4.654,4.667,612900,2859942,绿色债券ETF(南方),SH,518890
2024-01-19,0.952,0.989,0.952,0.973,459313900,447876354,绿色电力ETF,SZ,159869
2024-01-19,103.28,103.349,103.28,103.341,12508900,1292398676,高等级同业存单ETF,SZ,159649
2024-01-22,111.567,111.739,111.567,111.648,4047500,451996425,1-3年国债ETF,SH,511020
2024-01-22,125.064,125.245,124.905,125.127,1559400,195069105,7-10年国债ETF,SH,511260
2024-01-22,108.848,108.855,108.847,108.851,40451782,4403197914,信用债ETF,SH,511360
2024-01-22,0.827,0.828,0.806,0.808,1946100,1597773,短融ETF,SZ,159976
2024-01-22,4.671,4.681,4.65,4.653,738500,3448421,绿色债券ETF(南方),SH,518890
2024-01-22,0.963,0.974,0.895,0.902,408037762,381751434,绿色电力ETF,SZ,159869
2024-01-22,103.345,103.392,103.345,103.379,10825800,1118985512,高等级同业存单ETF,SZ,159649
2024-01-23,111.648,111.744,111.55,111.588,2385600,266235957,1-3年国债ETF,SH,511020
2024-01-23,125.136,125.156,125.0,125.066,1757000,219746703,7-10年国债ETF,SH,511260
2024-01-23,108.859,108.86,108.845,108.856,45745305,4979561985,信用债ETF,SH,511360
2024-01-23,0.812,0.828,0.811,0.828,5110400,4197714,短融ETF,SZ,159976
2024-01-23,4.646,4.659,4.636,4.652,720900,3349035,绿色债券ETF(南方),SH,518890
2024-01-23,0.896,0.966,0.891,0.953,532426730,496268305,绿色电力ETF,SZ,159869
2024-01-23,103.377,103.385,103.356,103.374,5871610,606994801,高等级同业存单ETF,SZ,159649
2024-01-24,111.587,111.624,111.54,111.548,4217200,470588065,1-3年国债ETF,SH,511020
2024-01-24,125.045,125.148,124.989,125.079,3013812,376939132,7-10年国债ETF,SH,511260
2024-01-24,108.858,108.86,108.854,108.859,38064246,4143542143,信用债ETF,SH,511360
2024-01-24,0.828,0.836,0.821,0.836,2897900,2392424,短融ETF,SZ,159976
2024-01-24,4.623,4.658,4.623,4.652,615400,2861725,绿色债券ETF(南方),SH,518890
2024-01-24,0.954,0.958,0.92,0.952,414766948,390407719,绿色电力ETF,SZ,159869
2024-01-24,103.373,103.375,103.325,103.35,6618300,684046439,高等级同业存单ETF,SZ,159649
2024-01-25,111.604,111.668,111.535,111.631,5599600,625139222,1-3年国债ETF,SH,511020
2024-01-25,125.045,125.11,124.956,125.089,2189300,273798787,7-10年国债ETF,SH,511260
2024-01-25,108.865,108.873,108.842,108.862,38883106,4232922068,信用债ETF,SH,511360
2024-01-25,0.836,0.854,0.836,0.852,1752100,1476718,短融ETF,SZ,159976
2024-01-25,4.629,4.638,4.628,4.629,418100,1936174,绿色债券ETF(南方),SH,518890
2024-01-25,0.947,0.98,0.929,0.979,485085085,463411787,绿色电力ETF,SZ,159869
2024-01-25,103.39,103.489,103.39,103.463,6243000,645963989,高等级同业存单ETF,SZ,159649
2024-01-26,111.825,111.825,111.621,111.66,6191100,691414891,1-3年国债ETF,SH,511020
2024-01-26,125.19,125.225,125.086,125.18,1617110,202393317,7-10年国债ETF,SH,511260
2024-01-26,108.878,108.893,108.868,108.882,45090100,4909367056,信用债ETF,SH,511360
2024-01-26,0.848,0.85,0.844,0.846,1319200,1118122,短融ETF,SZ,159976
2024-01-26,4.641,4.659,4.641,4.65,369831,1719008,绿色债券ETF(南方),SH,518890
2024-01-26,0.983,1.02,0.965,0.979,617873592,611723469,绿色电力ETF,SZ,159869
2024-01-26,103.47,103.497,103.458,103.487,5084200,526067334,高等级同业存单ETF,SZ,159649
2024-01-29,111.66,111.719,111.614,111.699,2619400,292535673,1-3年国债ETF,SH,511020
2024-01-29,125.162,125.3,125.142,125.25,5510700,690060507,7-10年国债ETF,SH,511260
2024-01-29,108.891,108.898,108.888,108.895,42654300,4644800658,信用债ETF,SH,511360
2024-01-29,0.846,0.846,0.838,0.838,721006,606438,短融ETF,SZ,159976
2024-01-29,4.656,4.66,4.655,4.658,351800,1638577,绿色债券ETF(南方),SH,518890
2024-01-29,0.97,0.974,0.932,0.938,532756255,503760875,绿色电力ETF,SZ,159869
2024-01-29,103.486,103.536,103.438,103.525,4661300,482524125,高等级同业存单ETF,SZ,159649
2024-01-30,111.89,111.976,111.642,111.96,3672500,411041332,1-3年国债ETF,SH,511020
2024-01-30,125.375,126.0,125.375,125.599,1910300,239726375,7-10年国债ETF,SH,511260
2024-01-30,108.901,108.922,108.901,108.915,38565300,4200010763,信用债ETF,SH,511360
2024-01-30,0.831,0.832,0.823,0.823,1527900,1266765,短融ETF,SZ,159976
2024-01-30,4.663,4.679,4.663,4.667,333100,1554093,绿色债券ETF(南方),SH,518890
2024-01-30,0.922,0.938,0.898,0.905,366516871,336843792,绿色电力ETF,SZ,159869
2024-01-30,103.575,103.677,103.567,103.677,7042100,729909399,高等级同业存单ETF,SZ,159649
2024-01-31,112.222,112.327,112.114,112.147,3368700,377781985,1-3年国债ETF,SH,511020
2024-01-31,125.891,125.9,125.655,125.804,3109700,391155386,7-10年国债ETF,SH,511260
2024-01-31,108.922,108.948,108.92,108.932,49374100,5378654723,信用债ETF,SH,511360
2024-01-31,0.812,0.819,0.81,0.817,1011000,827095,短融ETF,SZ,159976
2024-01-31,4.672,4.677,4.671,4.674,442500,2068123,绿色债券ETF(南方),SH,518890
2024-01-31,0.896,0.913,0.851,0.854,405721764,358002646,绿色电力ETF,SZ,159869
2024-01-31,103.681,103.737,103.631,103.655,11796500,1222589149,高等级同业存单ETF,SZ,159649
2024-02-01,112.218,112.299,112.147,112.221,3910900,438793160,1-3年国债ETF,SH,511020
2024-02-01,125.819,125.919,125.732,125.817,5984300,752841516,7-10年国债ETF,SH,511260
2024-02-01,108.943,108.951,108.934,108.944,29742000,3240178395,信用债ETF,SH,511360
2024-02-01,0.809,0.823,0.808,0.817,1362200,1107984,短融ETF,SZ,159976
2024-02-01,4.682,4.692,4.68,4.692,228700,1071103,绿色债券ETF(南方),SH,518890
2024-02-01,0.837,0.887,0.823,0.861,440646349,377656699,绿色电力ETF,SZ,159869
2024-02-01,103.629,103.666,103.602,103.645,5174500,536268177,高等级同业存单ETF,SZ,159649
2024-02-02,112.222,112.248,112.206,112.209,3969400,445432611,1-3年国债ETF,SH,511020
2024-02-02,125.817,125.817,125.733,125.79,3822200,480761655,7-10年国债ETF,SH,511260
2024-02-02,108.96,108.965,108.953,108.964,38535800,4198873463,信用债ETF,SH,511360
2024-02-02,0.823,0.825,0.799,0.816,1964100,1603684,短融ETF,SZ,159976
2024-02-02,4.695,4.701,4.692,4.701,451563,2121114,绿色债券ETF(南方),SH,518890
2024-02-02,0.864,0.901,0.821,0.851,555351098,483566268,绿色电力ETF,SZ,159869
2024-02-02,103.646,103.646,103.6,103.611,4502900,466548365,高等级同业存单ETF,SZ,159649
2024-02-05,112.5,112.5,112.213,112.361,3758200,422123406,1-3年国债ETF,SH,511020
2024-02-05,126.234,126.234,125.79,125.985,1032600,130080630,7-10年国债ETF,SH,511260
2024-02-05,108.974,109.007,108.966,108.984,32133197,3501798150,信用债ETF,SH,511360
2024-02-05,0.82,0.822,0.793,0.822,2209112,1784837,短融ETF,SZ,159976
2024-02-05,4.683,4.688,4.648,4.66,300863,1407186,绿色债券ETF(南方),SH,518890
2024-02-05,0.837,0.837,0.766,0.784,613027817,489309450,绿色电力ETF,SZ,159869
2024-02-05,103.685,103.735,103.655,103.693,11660000,1209065295,高等级同业存单ETF,SZ,159649
2024-02-06,112.312,112.361,112.067,112.098,5181500,580956578,1-3年国债ETF,SH,511020
2024-02-06,125.96,125.966,125.594,125.657,936200,117794821,7-10年国债ETF,SH,511260
2024-02-06,108.992,109.002,108.96,108.972,62013720,6758169138,信用债ETF,SH,511360
2024-02-06,0.815,0.843,0.815,0.839,2227700,1853814,短融ETF,SZ,159976
2024-02-06,4.665,4.668,4.661,4.663,280500,1308391,绿色债券ETF(南方),SH,518890
2024-02-06,0.765,0.851,0.758,0.843,607620743,488210659,绿色电力ETF,SZ,159869
2024-02-06,103.693,103.697,103.615,103.619,8748500,906819195,高等级同业存单ETF,SZ,159649
2024-02-07,112.059,112.098,111.74,112.0,3917600,438658390,1-3年国债ETF,SH,511020
2024-02-07,125.58,125.764,125.259,125.727,1335100,167792205,7-10年国债ETF,SH,511260
2024-02-07,108.969,108.999,108.942,108.997,60622499,6605684626,信用债ETF,SH,511360
2024-02-07,0.847,0.856,0.847,0.855,2229800,1900261,短融ETF,SZ,159976
2024-02-07,4.693,4.693,4.672,4.674,113500,530584,绿色债券ETF(南方),SH,518890
2024-02-07,0.838,0.866,0.832,0.848,409681225,348038479,绿色电力ETF,SZ,159869
2024-02-07,103.591,103.627,103.508,103.627,8416300,871983270,高等级同业存单ETF,SZ,159649
2024-02-08,112.4,112.559,112.052,112.403,5903500,663510172,1-3年国债ETF,SH,511020
2024-02-08,126.008,126.008,125.707,125.9,3270100,411511915,7-10年国债ETF,SH,511260
2024-02-08,109.045,109.049,109.016,109.037,128171052,13974295892,信用债ETF,SH,511360
2024-02-08,0.863,0.868,0.857,0.857,1212000,1045541,短融ETF,SZ,159976
2024-02-08,4.677,4.69,4.677,4.689,113126,530309,绿色债券ETF(南方),SH,518890
2024-02-08,0.852,0.89,0.852,0.881,479143470,417885052,绿色电力ETF,SZ,159869
2024-02-08,103.693,103.76,103.691,103.734,12061600,1251139566,高等级同业存单ETF,SZ,159649
2024-02-19,112.341,112.364,112.242,112.35,1973600,221718676,1-3年国债ETF,SH,511020
2024-02-19,125.898,125.975,125.768,125.923,2079100,261802148,7-10年国债ETF,SH,511260
2024-02-19,109.056,109.066,109.045,109.06,71523506,7799911388,信用债ETF,SH,511360
2024-02-19,0.86,0.864,0.856,0.861,488100,419813,短融ETF,SZ,159976
2024-02-19,4.653,4.665,4.653,4.66,344200,1603052,绿色债券ETF(南方),SH,518890
2024-02-19,0.922,0.95,0.906,0.95,579411565,537838825,绿色电力ETF,SZ,159869
2024-02-19,103.726,103.746,103.637,103.745,4892000,507412063,高等级同业存单ETF,SZ,159649
2024-02-20,112.36,112.457,112.36,112.449,5529500,621811663,1-3年国债ETF,SH,511020
2024-02-20,125.921,126.08,125.877,126.009,2506800,315763081,7-10年国债ETF,SH,511260
2024-02-20,109.082,109.097,109.081,109.096,65572001,7153176713,信用债ETF,SH,511360
2024-02-20,0.857,0.86,0.857,0.86,11600,9946,短融ETF,SZ,159976
2024-02-20,4.663,4.7,4.653,4.66,332512,1549137,绿色债券ETF(南方),SH,518890
2024-02-20,0.941,0.961,0.919,0.942,459590039,431469756,绿色电力ETF,SZ,159869
2024-02-20,103.745,103.833,103.745,103.83,13567300,1408217191,高等级同业存单ETF,SZ,159649
2024-02-21,112.468,112.599,112.402,112.513,5198700,584674949,1-3年国债ETF,SH,511020
2024-02-21,126.059,126.101,125.991,126.094,3427800,432065385,7-10年国债ETF,SH,511260
2024-02-21,109.11,109.115,109.097,109.1,56508999,6165400285,信用债ETF,SH,511360
2024-02-21,0.865,0.885,0.865,0.874,387500,339802,短融ETF,SZ,159976
2024-02-21,4.675,4.68,4.661,4.663,481600,2246559,绿色债券ETF(南方),SH,518890
2024-02-21,0.923,0.974,0.92,0.944,521765735,495178781,绿色电力ETF,SZ,159869
2024-02-21,103.83,103.88,103.819,103.82,10492570,1089831384,高等级同业存单ETF,SZ,159649
2024-02-22,112.481,112.641,112.462,112.641,3537800,398158004,1-3年国债ETF,SH,511020
2024-02-22,126.1,126.109,126.034,126.071,2661300,335528088,7-10年国债ETF,SH,511260
2024-02-22,109.111,109.113,109.103,109.11,50899410,5553627122,信用债ETF,SH,511360
2024-02-22,0.874,0.879,0.873,0.879,248400,217442,短融ETF,SZ,159976
2024-02-22,4.652,4.657,4.646,4.656,443400,2063705,绿色债券ETF(南方),SH,518890
2024-02-22,0.953,0.97,0.947,0.963,304111919,291313393,绿色电力ETF,SZ,159869
2024-02-22,103.876,103.925,103.832,103.922,4754741,493875381,高等级同业存单ETF,SZ,159649
2024-02-23,112.642,112.79,112.641,112.754,5739800,646975608,1-3年国债ETF,SH,511020
2024-02-23,126.267,126.267,126.011,126.252,3579700,451614136,7-10年国债ETF,SH,511260
2024-02-23,109.13,109.134,109.126,109.129,56667509,6184148246,信用债ETF,SH,511360
2024-02-23,0.88,0.885,0.876,0.878,217231,190863,短融ETF,SZ,159976
2024-02-23,4.672,4.672,4.645,4.647,289400,1346331,绿色债券ETF(南方),SH,518890
2024-02-23,0.97,0.989,0.954,0.987,360710431,350239717,绿色电力ETF,SZ,159869
2024-02-23,103.956,104.039,103.955,104.014,3295300,342790210,高等级同业存单ETF,SZ,159649
2024-02-26,112.735,112.8,112.711,112.753,4474600,504509104,1-3年国债ETF,SH,511020
2024-02-26,126.254,126.382,126.224,126.353,2386700,301361920,7-10年国债ETF,SH,511260
2024-02-26,109.147,109.16,109.145,109.16,62892782,6864952843,信用债ETF,SH,511360
2024-02-26,0.878,0.88,0.875,0.876,504900,442302,短融ETF,SZ,159976
2024-02-26,4.669,4.676,4.666,4.669,305200,1425018,绿色债券ETF(南方),SH,518890
2024-02-26,0.976,1.005,0.965,0.985,471022047,464255153,绿色电力ETF,SZ,159869
2024-02-26,104.012,104.031,103.99,104.026,6505206,676638286,高等级同业存单ETF,SZ,159649
2024-02-27,112.837,112.898,112.837,112.864,3864800,436163572,1-3年国债ETF,SH,511020
2024-02-27,126.575,126.579,126.448,126.54,2423904,306659548,7-10年国债ETF,SH,511260
2024-02-27,109.162,109.164,109.154,109.155,56578256,6176041591,信用债ETF,SH,511360
2024-02-27,0.874,0.883,0.873,0.883,951500,835957,短融ETF,SZ,159976
2024-02-27,4.666,4.671,4.665,4.671,43031,200849,绿色债券ETF(南方),SH,518890
2024-02-27,0.975,1.038,0.974,1.035,522298835,529519545,绿色电力ETF,SZ,159869
2024-02-27,104.031,104.105,104.031,104.043,5937710,617959949,高等级同业存单ETF,SZ,159649
2024-02-28,112.83,112.955,112.76,112.952,3842300,433862208,1-3年国债ETF,SH,511020
2024-02-28,126.436,126.9,126.426,126.702,2373800,300504925,7-10年国债ETF,SH,511260
2024-02-28,109.154,109.157,109.135,109.144,62377576,6808072130,信用债ETF,SH,511360
2024-02-28,0.873,0.888,0.873,0.873,354900,313640,短融ETF,SZ,159976
2024-02-28,4.671,4.671,4.658,4.661,128900,601355,绿色债券ETF(南方),SH,518890
2024-02-28,1.047,1.079,0.988,0.992,693929752,720322181,绿色电力ETF,SZ,159869
2024-02-28,104.037,104.06,104.028,104.056,6134200,638270051,高等级同业存单ETF,SZ,159649
2024-02-29,112.999,113.083,112.969,113.038,4912500,555320976,1-3年国债ETF,SH,511020
2024-02-29,126.719,126.969,126.719,126.904,1954748,248038906,7-10年国债ETF,SH,511260
2024-02-29,109.157,109.17,109.15,109.168,53985100,5892953260,信用债ETF,SH,511360
2024-02-29,0.877,0.885,0.876,0.885,225701,199178,短融ETF,SZ,159976
2024-02-29,4.667,4.669,4.667,4.669,106000,494817,绿色债券ETF(南方),SH,518890
2024-02-29,0.985,1.025,0.976,1.023,523113359,527460049,绿色电力ETF,SZ,159869
2024-02-29,104.066,104.138,104.065,104.134,8316000,865813884,高等级同业存单ETF,SZ,159649
2024-03-01,112.995,112.995,112.812,112.827,2597600,293361266,1-3年国债ETF,SH,511020
2024-03-01,126.69,126.949,126.4,126.438,1163010,147228960,7-10年国债ETF,SH,511260
2024-03-01,109.191,109.2,109.191,109.198,57450702,6273424093,信用债ETF,SH,511360
2024-03-01,0.881,0.891,0.881,0.891,646300,572491,短融ETF,SZ,159976
2024-03-01,4.683,4.69,4.683,4.687,124800,584955,绿色债券ETF(南方),SH,518890
2024-03-01,1.022,1.047,1.013,1.039,490646005,505017372,绿色电力ETF,SZ,159869
2024-03-01,104.132,104.134,104.009,104.013,15653200,1629077259,高等级同业存单ETF,SZ,159649
2024-03-04,112.815,112.958,112.815,112.936,3087700,348624243,1-3年国债ETF,SH,511020
2024-03-04,126.47,126.609,126.371,126.596,1773700,224485284,7-10年国债ETF,SH,511260
2024-03-04,109.204,109.212,109.204,109.212,46298831,5056264474,信用债ETF,SH,511360
2024-03-04,0.882,0.891,0.882,0.888,1048700,932040,短融ETF,SZ,159976
2024-03-04,4.73,4.756,4.73,4.749,214962,1021129,绿色债券ETF(南方),SH,518890
2024-03-04,1.039,1.055,1.013,1.051,485650619,503953015,绿色电力ETF,SZ,159869
2024-03-04,104.013,104.034,103.996,104.031,4117700,428347728,高等级同业存单ETF,SZ,159649
2024-03-05,112.936,112.967,112.9,112.942,5755300,650038642,1-3年国债ETF,SH,511020
2024-03-05,126.603,126.662,126.581,126.623,3064953,388077561,7-10年国债ETF,SH,511260
2024-03-05,109.221,109.221,109.216,109.217,52036600,5683348424,信用债ETF,SH,511360
2024-03-05,0.886,0.89,0.883,0.89,284400,252449,短融ETF,SZ,159976
2024-03-05,4.796,4.819,4.796,4.815,890300,4280935,绿色债券ETF(南方),SH,518890
2024-03-05,1.036,1.054,1.02,1.036,499753420,518769596,绿色电力ETF,SZ,159869
2024-03-05,104.04,104.088,104.04,104.081,10574700,1100655097,高等级同业存单ETF,SZ,159649
2024-03-06,113.139,113.225,113.04,113.21,4155710,470371885,1-3年国债ETF,SH,511020
2024-03-06,127.018,127.03,126.801,127.027,2856669,362653284,7-10年国债ETF,SH,511260
2024-03-06,109.221,109.224,109.22,109.222,48133689,5257290584,信用债ETF,SH,511360
2024-03-06,0.893,0.898,0.89,0.89,388500,348238,短融ETF,SZ,159976
2024-03-06,4.826,4.852,4.817,4.847,682800,3300890,绿色债券ETF(南方),SH,518890
2024-03-06,1.016,1.035,1.007,1.018,326113561,332627763,绿色电力ETF,SZ,159869
2024-03-06,104.089,104.149,104.089,104.135,5653600,588660672,高等级同业存单ETF,SZ,159649
2024-03-07,113.368,113.56,113.212,113.327,3345400,379222805,1-3年国债ETF,SH,511020
2024-03-07,127.306,127.364,126.901,127.161,2206920,280688862,7-10年国债ETF,SH,511260
2024-03-07,109.227,109.244,109.225,109.238,55713400,6085593775,信用债ETF,SH,511360
2024-03-07,0.887,0.887,0.885,0.887,156900,138930,短融ETF,SZ,159976
2024-03-07,4.874,4.95,4.872,4.896,998112,4883265,绿色债券ETF(南方),SH,518890
2024-03-07,1.021,1.032,0.979,0.981,387799657,387453864,绿色电力ETF,SZ,159869
2024-03-07,104.22,104.26,104.152,104.174,5351810,557524881,高等级同业存单ETF,SZ,159649
2024-03-08,113.346,113.452,113.287,113.313,4540400,514625545,1-3年国债ETF,SH,511020
2024-03-08,127.178,127.251,127.101,127.132,2867810,364606390,7-10年国债ETF,SH,511260
2024-03-08,109.253,109.264,109.253,109.256,69774733,7623451161,信用债ETF,SH,511360
2024-03-08,0.889,0.89,0.885,0.89,291200,258404,短融ETF,SZ,159976
2024-03-08,4.892,4.901,4.888,4.901,813200,3981112,绿色债券ETF(南方),SH,518890
2024-03-08,0.982,0.997,0.971,0.994,299731030,294735305,绿色电力ETF,SZ,159869
2024-03-08,104.215,104.215,104.171,104.176,8230000,857453272,高等级同业存单ETF,SZ,159649
2024-03-11,113.29,113.366,113.255,113.269,3781100,428395151,1-3年国债ETF,SH,511020
2024-03-11,127.131,127.174,127.0,127.005,530100,67363017,7-10年国债ETF,SH,511260
2024-03-11,109.261,109.263,109.257,109.258,45300149,4949473721,信用债ETF,SH,511360
2024-03-11,0.895,0.902,0.892,0.902,645100,577089,短融ETF,SZ,159976
2024-03-11,4.938,4.938,4.919,4.921,762900,3759261,绿色债券ETF(南方),SH,518890
2024-03-11,0.982,1.01,0.976,1.009,348351397,346354529,绿色电力ETF,SZ,159869
2024-03-11,104.176,104.199,104.147,104.149,8912000,928313742,高等级同业存单ETF,SZ,159649
2024-03-12,113.118,113.118,112.651,112.653,4452000,502117126,1-3年国债ETF,SH,511020
2024-03-12,126.884,126.884,126.505,126.52,3280162,415199540,7-10年国债ETF,SH,511260
2024-03-12,109.262,109.262,109.243,109.249,53657168,5862083804,信用债ETF,SH,511360
2024-03-12,0.902,0.912,0.902,0.912,1580000,1432064,短融ETF,SZ,159976
2024-03-12,4.921,4.925,4.9,4.904,659600,3245202,绿色债券ETF(南方),SH,518890
2024-03-12,1.016,1.036,1.013,1.019,378305663,387259244,绿色电力ETF,SZ,159869
2024-03-12,104.119,104.119,104.037,104.058,19204800,1998733390,高等级同业存单ETF,SZ,159649
2024-03-13,112.7,112.744,112.4,112.41,3495400,393418233,1-3年国债ETF,SH,511020
2024-03-13,126.503,126.503,126.054,126.47,1781298,225013115,7-10年国债ETF,SH,511260
2024-03-13,109.24,109.24,109.226,109.233,39682300,4334573445,信用债ETF,SH,511360
2024-03-13,0.913,0.913,0.908,0.909,385400,351038,短融ETF,SZ,159976
2024-03-13,4.896,4.899,4.833,4.891,309001,1510928,绿色债券ETF(南方),SH,518890
2024-03-13,1.027,1.079,1.021,1.066,926650988,976022604,绿色电力ETF,SZ,159869
2024-03-13,104.058,104.063,103.946,103.984,15641000,1626336503,高等级同业存单ETF,SZ,159649
2024-03-14,112.598,112.598,112.367,112.46,4556000,512456483,1-3年国债ETF,SH,511020
2024-03-14,126.521,126.579,126.303,126.428,3970700,502021540,7-10年国债ETF,SH,511260
2024-03-14,109.23,109.254,109.23,109.246,38198300,4172829497,信用债ETF,SH,511360
2024-03-14,0.9,0.911,0.899,0.902,231100,208494,短融ETF,SZ,159976
2024-03-14,4.93,4.938,4.893,4.901,270263,1327852,绿色债券ETF(南方),SH,518890
2024-03-14,1.048,1.05,1.015,1.032,625072308,645552320,绿色电力ETF,SZ,159869
2024-03-14,104.034,104.034,103.97,103.971,9071500,943304747,高等级同业存单ETF,SZ,159649
2024-03-15,112.552,112.728,112.465,112.659,4002800,450877894,1-3年国债ETF,SH,511020
2024-03-15,126.522,126.619,126.45,126.574,3305500,418326201,7-10年国债ETF,SH,511260
2024-03-15,109.261,109.266,109.26,109.265,37724179,4121832635,信用债ETF,SH,511360
2024-03-15,0.897,0.897,0.896,0.896,56000,50182,短融ETF,SZ,159976
2024-03-15,4.902,4.922,4.901,4.918,564700,2772195,绿色债券ETF(南方),SH,518890
2024-03-15,1.03,1.038,1.012,1.038,476937825,488818209,绿色电力ETF,SZ,159869
2024-03-15,103.972,104.027,103.971,104.019,16689800,1735977685,高等级同业存单ETF,SZ,159649
2024-03-18,112.699,112.918,112.699,112.901,4116600,464573376,1-3年国债ETF,SH,511020
2024-03-18,126.633,126.692,126.606,126.681,8157100,1033253247,7-10年国债ETF,SH,511260
2024-03-18,109.28,109.284,109.277,109.281,49830942,5445543057,信用债ETF,SH,511360
2024-03-18,0.9,0.909,0.9,0.909,251400,227414,短融ETF,SZ,159976
2024-03-18,4.918,4.918,4.876,4.879,193300,944099,绿色债券ETF(南方),SH,518890
2024-03-18,1.04,1.065,1.025,1.059,626854232,656806042,绿色电力ETF,SZ,159869
2024-03-18,104.043,104.112,104.027,104.112,6745800,702171648,高等级同业存单ETF,SZ,159649
2024-03-19,112.932,113.066,112.904,113.061,2172000,245325686,1-3年国债ETF,SH,511020
2024-03-19,126.829,126.976,126.752,126.965,755000,95743471,7-10年国债ETF,SH,511260
2024-03-19,109.282,109.285,109.282,109.284,36083400,3943337946,信用债ETF,SH,511360
2024-03-19,0.906,0.907,0.901,0.901,186200,168090,短融ETF,SZ,159976
2024-03-19,4.89,4.905,4.887,4.891,584700,2860783,绿色债券ETF(南方),SH,518890
2024-03-19,1.054,1.077,1.05,1.053,592063935,630057194,绿色电力ETF,SZ,159869
2024-03-19,104.112,104.204,104.112,104.203,19258810,2005748822,高等级同业存单ETF,SZ,159649
2024-03-20,113.04,113.116,113.008,113.087,4381600,495507602,1-3年国债ETF,SH,511020
2024-03-20,126.899,126.923,126.805,126.826,3505204,444612457,7-10年国债ETF,SH,511260
2024-03-20,109.289,109.296,109.289,109.295,31440629,3436214159,信用债ETF,SH,511360
2024-03-20,0.901,0.905,0.9,0.905,245300,221265,短融ETF,SZ,159976
2024-03-20,4.901,4.901,4.89,4.898,366100,1793208,绿色债券ETF(南方),SH,518890
2024-03-20,1.05,1.083,1.047,1.082,541933303,580887264,绿色电力ETF,SZ,159869
2024-03-20,104.203,104.21,104.165,104.18,20879910,2175307160,高等级同业存单ETF,SZ,159649
2024-03-21,113.04,113.201,113.01,113.171,3706300,419322972,1-3年国债ETF,SH,511020
2024-03-21,126.8,126.873,126.6,126.826,3115400,395166579,7-10年国债ETF,SH,511260
2024-03-21,109.301,109.306,109.301,109.304,37380608,4085877364,信用债ETF,SH,511360
2024-03-21,0.905,0.906,0.905,0.906,360200,326181,短融ETF,SZ,159976
2024-03-21,4.982,4.994,4.981,4.994,550313,2745464,绿色债券ETF(南方),SH,518890
2024-03-21,1.093,1.118,1.085,1.086,508572826,559024540,绿色电力ETF,SZ,159869
2024-03-21,104.181,104.205,104.144,104.2,5453200,568139432,高等级同业存单ETF,SZ,159649
2024-03-22,113.259,113.35,113.079,113.181,3361000,380531322,1-3年国债ETF,SH,511020
2024-03-22,127.02,127.02,126.789,126.82,2100700,266464029,7-10年国债ETF,SH,511260
2024-03-22,109.332,109.333,109.326,109.332,41586400,4546661198,信用债ETF,SH,511360
2024-03-22,0.889,0.896,0.888,0.896,468700,417841,短融ETF,SZ,159976
2024-03-22,4.955,4.97,4.946,4.969,1012800,5024425,绿色债券ETF(南方),SH,518890
2024-03-22,1.081,1.1,1.05,1.084,558870438,599525304,绿色电力ETF,SZ,159869
2024-03-22,104.201,104.261,104.201,104.22,6004180,625887393,高等级同业存单ETF,SZ,159649
2024-03-25,113.035,113.195,113.035,113.083,4760900,538340707,1-3年国债ETF,SH,511020
2024-03-25,126.777,126.79,126.579,126.645,2292300,290375069,7-10年国债ETF,SH,511260
2024-03-25,109.34,109.343,109.338,109.343,37932342,4147531780,信用债ETF,SH,511360
2024-03-25,0.887,0.894,0.884,0.884,850600,758057,短融ETF,SZ,159976
2024-03-25,4.978,5.019,4.978,4.981,173100,863254,绿色债券ETF(南方),SH,518890
2024-03-25,1.087,1.095,1.032,1.035,422922156,449074821,绿色电力ETF,SZ,159869
2024-03-25,104.219,104.236,104.206,104.216,4528600,471979030,高等级同业存单ETF,SZ,159649
2024-03-26,113.084,113.171,112.993,113.06,3988800,450943866,1-3年国债ETF,SH,511020
2024-03-26,126.662,126.704,126.612,126.664,2440100,309023983,7-10年国债ETF,SH,511260
2024-03-26,109.338,109.344,109.332,109.339,41210231,4505886767,信用债ETF,SH,511360
2024-03-26,0.888,0.896,0.888,0.896,248700,221191,短融ETF,SZ,159976
2024-03-26,4.982,4.991,4.973,4.985,325800,1623938,绿色债券ETF(南方),SH,518890
2024-03-26,1.027,1.035,0.993,1.005,507361641,513319009,绿色电力ETF,SZ,159869
2024-03-26,104.242,104.242,104.167,104.227,16403800,1709563616,高等级同业存单ETF,SZ,159649
2024-03-27,113.1,113.102,113.029,113.098,2804800,317131753,1-3年国债ETF,SH,511020
2024-03-27,126.686,126.77,126.631,126.75,800100,101350015,7-10年国债ETF,SH,511260
2024-03-27,109.34,109.359,109.339,109.343,59338474,6488406196,信用债ETF,SH,511360
2024-03-27,0.891,0.894,0.885,0.885,760700,678255,短融ETF,SZ,159976
2024-03-27,5.085,5.085,4.996,5.003,481100,2408211,绿色债券ETF(南方),SH,518890
2024-03-27,1.002,1.004,0.953,0.955,551238600,537232776,绿色电力ETF,SZ,159869
2024-03-27,104.23,104.331,104.23,104.33,7002250,730279226,高等级同业存单ETF,SZ,159649
2024-03-28,113.198,113.198,113.097,113.097,1091000,123482800,1-3年国债ETF,SH,511020
2024-03-28,126.875,126.91,126.75,126.773,317600,40275445,7-10年国债ETF,SH,511260
2024-03-28,109.344,109.354,109.315,109.332,53062187,5801748957,信用债ETF,SH,511360
2024-03-28,0.88,0.894,0.88,0.89,475500,424762,短融ETF,SZ,159976
2024-03-28,5.008,5.072,5.008,5.038,150000,754566,绿色债券ETF(南方),SH,518890
2024-03-28,0.953,1.004,0.953,0.992,550514569,542672716,绿色电力ETF,SZ,159869
2024-03-28,104.33,104.404,104.33,104.365,9019100,941403443,高等级同业存单ETF,SZ,159649
2024-03-29,113.19,113.28,113.053,113.279,3281600,371627846,1-3年国债ETF,SH,511020
2024-03-29,126.783,126.934,126.715,126.914,2795100,354547315,7-10年国债ETF,SH,511260
2024-03-29,109.369,109.388,109.365,109.383,84263100,9216333575,信用债ETF,SH,511360
2024-03-29,5.099,5.189,5.099,5.156,523500,2684896,绿色债券ETF(南方),SH,518890
2024-03-29,0.984,0.987,0.958,0.98,375132960,363716882,绿色电力ETF,SZ,159869
2024-03-29,104.4,104.405,104.324,104.405,11909750,1243156136,高等级同业存单ETF,SZ,159649
2024-04-01,113.238,113.238,113.098,113.131,4514400,510794080,1-3年国债ETF,SH,511020
2024-04-01,126.839,126.841,126.719,126.762,2660300,337192945,7-10年国债ETF,SH,511260
2024-04-01,109.385,109.387,109.377,109.378,75755100,8286081461,信用债ETF,SH,511360
2024-04-01,0.9,0.901,0.9,0.901,163800,147534,短融ETF,SZ,159976
2024-04-01,5.211,5.311,5.167,5.183,450600,2335063,绿色债券ETF(南方),SH,518890
2024-04-01,0.987,1.026,0.987,1.026,466980767,472208993,绿色电力ETF,SZ,159869
2024-04-01,104.402,104.402,104.352,104.358,16902300,1763863339,高等级同业存单ETF,SZ,159649
2024-04-02,113.132,113.253,113.131,113.244,3777800,427628631,1-3年国债ETF,SH,511020
2024-04-02,126.818,126.841,126.762,126.816,4390600,556729647,7-10年国债ETF,SH,511260
2024-04-02,109.385,109.385,109.378,109.384,71998100,7875250429,信用债ETF,SH,511360
2024-04-02,0.903,0.903,0.9,0.9,1592400,1437077,短融ETF,SZ,159976
2024-04-02,5.14,5.183,5.14,5.18,409900,2118778,绿色债券ETF(南方),SH,518890
2024-04-02,1.022,1.026,0.997,1.012,334235527,337689390,绿色电力ETF,SZ,159869
2024-04-02,104.357,104.402,104.357,104.402,12288000,1282796873,高等级同业存单ETF,SZ,159649
2024-04-03,113.3,113.407,113.3,113.401,4210300,477315513,1-3年国债ETF,SH,511020
2024-04-03,126.986,127.086,126.844,127.083,3096400,393275623,7-10年国债ETF,SH,511260
2024-04-03,109.426,109.431,109.426,109.43,68896620,7539227010,信用债ETF,SH,511360
2024-04-03,0.896,0.896,0.895,0.895,5000,4477,短融ETF,SZ,159976
2024-04-03,5.216,5.298,5.216,5.248,1001600,5256017,绿色债券ETF(南方),SH,518890
2024-04-03,1.009,1.009,0.976,0.983,321315149,316786161,绿色电力ETF,SZ,159869
2024-04-03,104.425,104.5,104.425,104.497,14516450,1516648421,高等级同业存单ETF,SZ,159649
2024-04-08,113.375,113.505,113.372,113.481,4912300,557447391,1-3年国债ETF,SH,511020
2024-04-08,127.101,127.165,126.971,127.135,3890804,494615132,7-10年国债ETF,SH,511260
2024-04-08,109.451,109.453,109.447,109.45,56214375,6152679355,信用债ETF,SH,511360
2024-04-08,0.904,0.939,0.877,0.89,520000,463783,短融ETF,SZ,159976
2024-04-08,5.3,5.51,5.3,5.372,4965200,26681957,绿色债券ETF(南方),SH,518890
2024-04-08,0.98,0.98,0.958,0.96,269040851,260258615,绿色电力ETF,SZ,159869
2024-04-08,104.497,104.577,104.451,104.557,17239800,1801982861,高等级同业存单ETF,SZ,159649
2024-04-09,113.485,113.579,113.485,113.575,4418800,501815645,1-3年国债ETF,SH,511020
2024-04-09,127.177,127.31,127.177,127.275,4045902,514884149,7-10年国债ETF,SH,511260
2024-04-09,109.462,109.471,109.461,109.465,129195625,14142624838,信用债ETF,SH,511360
2024-04-09,0.889,0.89,0.884,0.887,455300,403633,短融ETF,SZ,159976
2024-04-09,5.395,5.438,5.395,5.396,1082600,5849091,绿色债券ETF(南方),SH,518890
2024-04-09,0.965,0.979,0.951,0.974,344766441,332520406,绿色电力ETF,SZ,159869
2024-04-09,104.585,104.629,104.557,104.622,14273300,1493121756,高等级同业存单ETF,SZ,159649
2024-04-10,113.526,113.57,113.447,113.551,3844300,436412963,1-3年国债ETF,SH,511020
2024-04-10,127.237,127.242,127.053,127.178,2086602,265303799,7-10年国债ETF,SH,511260
2024-04-10,109.477,109.485,109.475,109.483,68089253,7454499652,信用债ETF,SH,511360
2024-04-10,0.885,0.889,0.885,0.888,120000,106548,短融ETF,SZ,159976
2024-04-10,5.45,5.45,5.409,5.418,1453100,7876842,绿色债券ETF(南方),SH,518890
2024-04-10,0.965,0.965,0.935,0.941,385110359,364760736,绿色电力ETF,SZ,159869
2024-04-10,104.596,104.625,104.552,104.619,6326800,661706016,高等级同业存单ETF,SZ,159649
2024-04-11,113.526,113.567,113.487,113.539,3943000,447661878,1-3年国债ETF,SH,511020
2024-04-11,127.178,127.203,127.152,127.159,3536310,449694247,7-10年国债ETF,SH,511260
2024-04-11,109.492,109.496,109.491,109.495,108711669,11903206446,信用债ETF,SH,511360
2024-04-11,0.882,0.886,0.88,0.886,19400,17103,短融ETF,SZ,159976
2024-04-11,5.384,5.41,5.376,5.376,737744,3975877,绿色债券ETF(南方),SH,518890
2024-04-11,0.935,0.967,0.933,0.951,354409600,338924126,绿色电力ETF,SZ,159869
2024-04-11,104.619,104.666,104.618,104.65,14574900,1525343563,高等级同业存单ETF,SZ,159649
2024-04-12,113.566,113.774,113.566,113.713,3416200,388550831,1-3年国债ETF,SH,511020
2024-04-12,127.263,127.425,127.263,127.394,2505400,319091504,7-10年国债ETF,SH,511260
2024-04-12,109.521,109.537,109.519,109.534,107889517,11816905429,信用债ETF,SH,511360
2024-04-12,0.903,0.972,0.878,0.878,670300,589774,短融ETF,SZ,159976
2024-04-12,5.468,5.645,5.468,5.526,1862600,10260431,绿色债券ETF(南方),SH,518890
2024-04-12,0.948,0.955,0.935,0.935,341278925,322015448,绿色电力ETF,SZ,159869
2024-04-12,104.652,104.733,104.652,104.723,5517100,577781292,高等级同业存单ETF,SZ,159649
2024-04-15,113.73,113.83,113.73,113.79,3738500,425477188,1-3年国债ETF,SH,511020
2024-04-15,127.418,127.573,127.4,127.51,3101800,395491031,7-10年国债ETF,SH,511260
2024-04-15,109.552,109.557,109.548,109.555,91703626,10046296055,信用债ETF,SH,511360
2024-04-15,0.87,0.884,0.87,0.881,391600,345285,短融ETF,SZ,159976
2024-04-15,5.52,5.52,5.433,5.444,3486500,19010351,绿色债券ETF(南方),SH,518890
2024-04-15,0.935,0.944,0.906,0.922,426095536,392930349,绿色电力ETF,SZ,159869
2024-04-15,104.723,104.772,104.693,104.693,4094600,428774485,高等级同业存单ETF,SZ,159649
2024-04-16,113.795,113.811,113.743,113.798,1804600,205341695,1-3年国债ETF,SH,511020
2024-04-16,127.51,127.523,127.445,127.521,2567500,327335698,7-10年国债ETF,SH,511260
2024-04-16,109.558,109.563,109.558,109.561,107676410,11797036500,信用债ETF,SH,511360
2024-04-16,0.876,0.876,0.866,0.866,1978549,1726437,短融ETF,SZ,159976
2024-04-16,5.525,5.525,5.461,5.47,1496400,8228393,绿色债券ETF(南方),SH,518890
2024-04-16,0.913,0.92,0.872,0.874,554962130,493643678,绿色电力ETF,SZ,159869
2024-04-16,104.693,104.703,104.623,104.655,5826120,609656626,高等级同业存单ETF,SZ,159649
2024-04-17,113.798,113.879,113.786,113.85,3027100,344654252,1-3年国债ETF,SH,511020
2024-04-17,127.598,127.6,127.515,127.566,2619200,334146928,7-10年国债ETF,SH,511260
2024-04-17,109.557,109.564,109.557,109.562,80227444,8789840690,信用债ETF,SH,511360
2024-04-17,0.867,0.873,0.867,0.873,8000,6951,短融ETF,SZ,159976
2024-04-17,5.498,5.499,5.466,5.481,1075131,5897011,绿色债券ETF(南方),SH,518890
2024-04-17,0.885,0.918,0.884,0.912,472993209,428603420,绿色电力ETF,SZ,159869
2024-04-17,104.605,104.674,104.599,104.642,6410900,670902296,高等级同业存单ETF,SZ,159649
2024-04-18,113.853,114.01,113.853,114.01,3678900,419211405,1-3年国债ETF,SH,511020
2024-04-18,127.581,127.795,127.58,127.785,2648900,338247937,7-10年国债ETF,SH,511260
2024-04-18,109.569,109.579,109.569,109.577,104089953,11405548758,信用债ETF,SH,511360
2024-04-18,0.882,0.916,0.864,0.885,2879800,2555662,短融ETF,SZ,159976
2024-04-18,5.45,5.46,5.426,5.46,449700,2448176,绿色债券ETF(南方),SH,518890
2024-04-18,0.905,0.916,0.887,0.902,352362431,317808410,绿色电力ETF,SZ,159869
2024-04-18,104.648,104.722,104.642,104.722,6346888,664338440,高等级同业存单ETF,SZ,159649
2024-04-19,114.094,114.094,114.019,114.053,6515910,743141176,1-3年国债ETF,SH,511020
2024-04-19,127.8,127.894,127.755,127.814,4491500,574064436,7-10年国债ETF,SH,511260
2024-04-19,109.6,109.6,109.595,109.598,131400740,14401161384,信用债ETF,SH,511360
2024-04-19,0.879,0.88,0.875,0.878,267100,234513,短融ETF,SZ,159976
2024-04-19,5.482,5.56,5.466,5.488,941800,5176151,绿色债券ETF(南方),SH,518890
2024-04-19,0.894,0.897,0.875,0.879,295509773,260825710,绿色电力ETF,SZ,159869
2024-04-19,104.732,104.756,104.725,104.753,4832300,506136124,高等级同业存单ETF,SZ,159649
2024-04-22,114.098,114.165,114.023,114.14,3410400,389148864,1-3年国债ETF,SH,511020
2024-04-22,127.831,127.905,127.789,127.902,2197300,280971640,7-10年国债ETF,SH,511260
2024-04-22,109.612,109.616,109.611,109.615,71899810,7881155503,信用债ETF,SH,511360
2024-04-22,0.879,0.888,0.879,0.884,314400,278348,短融ETF,SZ,159976
2024-04-22,5.459,5.462,5.382,5.396,862700,4681192,绿色债券ETF(南方),SH,518890
2024-04-22,0.868,0.886,0.855,0.879,236746642,206657445,绿色电力ETF,SZ,159869
2024-04-22,104.779,104.816,104.76,104.815,20013200,2097416004,高等级同业存单ETF,SZ,159649
2024-04-23,114.141,114.388,114.141,114.377,2731700,312323150,1-3年国债ETF,SH,511020
2024-04-23,127.956,128.203,127.956,128.199,3747500,480217275,7-10年国债ETF,SH,511260
2024-04-23,109.624,109.63,109.623,109.63,65411100,7170787603,信用债ETF,SH,511360
2024-04-23,0.887,0.887,0.884,0.887,264400,233810,短融ETF,SZ,159976
2024-04-23,5.302,5.302,5.251,5.258,1193519,6293971,绿色债券ETF(南方),SH,518890
2024-04-23,0.884,0.893,0.875,0.885,316287648,279997295,绿色电力ETF,SZ,159869
2024-04-23,104.821,104.889,104.821,104.888,4070760,426917311,高等级同业存单ETF,SZ,159649
2024-04-24,114.178,114.349,113.956,114.054,2846390,324556504,1-3年国债ETF,SH,511020
2024-04-24,127.922,128.199,127.557,127.627,3005000,384103486,7-10年国债ETF,SH,511260
2024-04-24,109.639,109.642,109.638,109.639,69654600,7636925568,信用债ETF,SH,511360
2024-04-24,0.888,0.898,0.888,0.897,379401,339010,短融ETF,SZ,159976
2024-04-24,5.286,5.32,5.285,5.31,535109,2838491,绿色债券ETF(南方),SH,518890
2024-04-24,0.888,0.905,0.88,0.905,310046406,278080819,绿色电力ETF,SZ,159869
2024-04-24,104.868,104.868,104.8,104.8,7477319,783794812,高等级同业存单ETF,SZ,159649
2024-04-25,113.905,114.091,113.755,114.012,3535500,403093112,1-3年国债ETF,SH,511020
2024-04-25,127.693,127.793,127.633,127.689,2580000,329421789,7-10年国债ETF,SH,511260
2024-04-25,109.623,109.633,109.623,109.629,106274060,11650674432,信用债ETF,SH,511360
2024-04-25,0.899,0.904,0.899,0.901,598500,539446,短融ETF,SZ,159976
2024-04-25,5.311,5.311,5.274,5.303,829500,4393909,绿色债券ETF(南方),SH,518890
2024-04-25,0.896,0.912,0.894,0.898,254894106,229786768,绿色电力ETF,SZ,159869
2024-04-25,104.819,104.822,104.766,104.816,7227100,757451059,高等级同业存单ETF,SZ,159649
2024-04-26,114.01,114.07,113.658,113.671,1633900,185846290,1-3年国债ETF,SH,511020
2024-04-26,127.754,127.788,127.388,127.393,2703890,344775973,7-10年国债ETF,SH,511260
2024-04-26,109.638,109.639,109.602,109.612,74118405,8125331258,信用债ETF,SH,511360
2024-04-26,0.91,0.92,0.907,0.917,438500,400317,短融ETF,SZ,159976
2024-04-26,5.303,5.396,5.303,5.339,771900,4112168,绿色债券ETF(南方),SH,518890
2024-04-26,0.899,0.928,0.898,0.922,333775700,306351608,绿色电力ETF,SZ,159869
2024-04-26,104.817,104.853,104.685,104.694,19983420,2094536298,高等级同业存单ETF,SZ,159649
2024-04-29,113.6,113.6,112.576,113.285,1012500,114571904,1-3年国债ETF,SH,511020
2024-04-29,127.391,127.391,126.12,126.777,830702,105220089,7-10年国债ETF,SH,511260
2024-04-29,109.603,109.605,109.495,109.529,79853195,8746303287,信用债ETF,SH,511360
2024-04-29,0.923,0.938,0.923,0.933,1271100,1186295,短融ETF,SZ,159976
2024-04-29,5.319,5.349,5.308,5.317,241400,1283113,绿色债券ETF(南方),SH,518890
2024-04-29,0.925,0.96,0.923,0.954,421762939,399757453,绿色电力ETF,SZ,159869
2024-04-29,104.68,104.68,104.309,104.388,2619300,273423481,高等级同业存单ETF,SZ,159649
2024-04-30,113.619,113.62,113.303,113.598,1284100,145775245,1-3年国债ETF,SH,511020
2024-04-30,126.89,127.249,126.89,127.244,1471502,187093147,7-10年国债ETF,SH,511260
2024-04-30,109.596,109.64,109.596,109.64,133066352,14587467950,信用债ETF,SH,511360
2024-04-30,0.93,0.932,0.928,0.928,811300,755350,短融ETF,SZ,159976
2024-04-30,5.317,5.319,5.283,5.301,501800,2659419,绿色债券ETF(南方),SH,518890
2024-04-30,0.965,0.967,0.94,0.951,384069260,366279255,绿色电力ETF,SZ,159869
2024-04-30,104.789,104.789,104.468,104.647,13816754,1444945617,高等级同业存单ETF,SZ,159649
2024-05-06,113.653,113.767,113.576,113.761,2541000,288962110,1-3年国债ETF,SH,511020
2024-05-06,127.25,127.429,127.044,127.336,893602,113802850,7-10年国债ETF,SH,511260
2024-05-06,109.641,109.653,109.64,109.651,84696347,9286817061,信用债ETF,SH,511360
2024-05-06,1.016,1.016,0.91,0.955,427500,408919,短融ETF,SZ,159976
2024-05-06,5.301,5.301,5.239,5.271,413200,2173271,绿色债券ETF(南方),SH,518890
2024-05-06,0.968,0.975,0.957,0.962,302834785,292692558,绿色电力ETF,SZ,159869
2024-05-06,104.67,104.809,104.644,104.795,4364092,457083751,高等级同业存单ETF,SZ,159649
2024-05-07,113.878,114.013,113.818,113.962,2734500,311661015,1-3年国债ETF,SH,511020
2024-05-07,127.496,127.705,127.34,127.655,2442070,311724264,7-10年国债ETF,SH,511260
2024-05-07,109.668,109.672,109.666,109.668,77150500,8461011513,信用债ETF,SH,511360
2024-05-07,0.955,0.957,0.949,0.951,343200,327247,短融ETF,SZ,159976
2024-05-07,5.308,5.308,5.285,5.289,156300,827107,绿色债券ETF(南方),SH,518890
2024-05-07,0.962,0.977,0.954,0.958,310304032,299376520,绿色电力ETF,SZ,159869
2024-05-07,104.795,104.902,104.795,104.885,10169700,1066604855,高等级同业存单ETF,SZ,159649
2024-05-08,113.963,114.034,113.932,114.005,4718300,537810214,1-3年国债ETF,SH,511020
2024-05-08,127.733,127.978,127.7,127.781,2160100,275959412,7-10年国债ETF,SH,511260
2024-05-08,109.684,109.69,109.683,109.689,95658441,10492483285,信用债ETF,SH,511360
2024-05-08,0.949,0.949,0.937,0.938,442900,419737,短融ETF,SZ,159976
2024-05-08,5.281,5.297,5.258,5.279,216300,1141706,绿色债券ETF(南方),SH,518890
2024-05-08,0.953,0.953,0.921,0.922,396869578,369137036,绿色电力ETF,SZ,159869
2024-05-08,104.89,104.89,104.846,104.865,12568000,1318066920,高等级同业存单ETF,SZ,159649
2024-05-09,113.903,114.04,113.855,113.87,4525800,515502022,1-3年国债ETF,SH,511020
2024-05-09,127.663,127.689,127.575,127.6,2105400,268690191,7-10年国债ETF,SH,511260
2024-05-09,109.693,109.697,109.691,109.696,93484853,10254748704,信用债ETF,SH,511360
2024-05-09,0.938,0.952,0.938,0.951,440200,417259,短融ETF,SZ,159976
2024-05-09,5.27,5.28,5.265,5.271,167032,880759,绿色债券ETF(南方),SH,518890
2024-05-09,0.923,0.938,0.923,0.936,319936078,297484768,绿色电力ETF,SZ,159869
2024-05-09,104.816,104.848,104.811,104.819,14085800,1476727449,高等级同业存单ETF,SZ,159649
2024-05-10,113.801,113.935,113.766,113.795,3520700,400713625,1-3年国债ETF,SH,511020
2024-05-10,127.527,127.624,127.393,127.425,2234700,284869865,7-10年国债ETF,SH,511260
2024-05-10,109.715,109.716,109.704,109.707,132377200,14523302148,信用债ETF,SH,511360
2024-05-10,0.961,0.969,0.954,0.961,1332700,1278350,短融ETF,SZ,159976
2024-05-10,5.344,5.494,5.339,5.398,716500,3840370,绿色债券ETF(南方),SH,518890
2024-05-10,0.936,0.944,0.92,0.926,278047700,258148939,绿色电力ETF,SZ,159869
2024-05-10,104.819,104.846,104.798,104.803,3869890,405618367,高等级同业存单ETF,SZ,159649
2024-05-13,113.86,113.987,113.852,113.986,2895100,329850003,1-3年国债ETF,SH,511020
2024-05-13,127.549,127.69,127.525,127.69,3153485,402578273,7-10年国债ETF,SH,511260
2024-05-13,109.717,109.721,109.715,109.72,51684788,5670753609,信用债ETF,SH,511360
2024-05-13,0.956,0.967,0.956,0.965,406000,391207,短融ETF,SZ,159976
2024-05-13,5.377,5.498,5.352,5.358,786900,4226649,绿色债券ETF(南方),SH,518890
2024-05-13,0.915,0.921,0.899,0.909,296974300,270041487,绿色电力ETF,SZ,159869
2024-05-13,104.806,104.899,104.806,104.898,10490900,1100316493,高等级同业存单ETF,SZ,159649
2024-05-14,114.018,114.126,114.012,114.027,3810300,434566389,1-3年国债ETF,SH,511020
2024-05-14,127.74,127.869,127.692,127.753,3308700,422770418,7-10年国债ETF,SH,511260
2024-05-14,109.729,109.733,109.727,109.733,36049110,3955666827,信用债ETF,SH,511360
2024-05-14,0.966,0.967,0.947,0.962,325801,313111,短融ETF,SZ,159976
2024-05-14,5.34,5.359,5.33,5.337,1036300,5540773,绿色债券ETF(南方),SH,518890
2024-05-14,0.92,0.934,0.914,0.931,448154700,415066970,绿色电力ETF,SZ,159869
2024-05-14,104.903,104.958,104.903,104.945,10317500,1082749791,高等级同业存单ETF,SZ,159649
2024-05-15,114.027,114.087,113.923,113.952,4159800,474294953,1-3年国债ETF,SH,511020
2024-05-15,127.754,127.829,127.645,127.664,3046000,389069000,7-10年国债ETF,SH,511260
2024-05-15,109.741,109.75,109.741,109.748,92895666,10194776131,信用债ETF,SH,511360
2024-05-15,0.98,0.989,0.95,0.96,167200,160510,短融ETF,SZ,159976
2024-05-15,5.367,5.385,5.367,5.378,800500,4305845,绿色债券ETF(南方),SH,518890
2024-05-15,0.935,0.943,0.914,0.916,358948969,332470681,绿色电力ETF,SZ,159869
2024-05-15,104.945,104.957,104.919,104.927,7446050,781415545,高等级同业存单ETF,SZ,159649
2024-05-16,113.909,114.004,113.828,113.91,3462400,394394121,1-3年国债ETF,SH,511020
2024-05-16,127.671,127.693,127.53,127.58,2132800,272060450,7-10年国债ETF,SH,511260
2024-05-16,109.752,109.755,109.747,109.749,128070148,14055965834,信用债ETF,SH,511360
2024-05-16,0.956,0.97,0.95,0.966,920709,887130,短融ETF,SZ,159976
2024-05-16,5.461,5.461,5.427,5.434,363700,1976793,绿色债券ETF(南方),SH,518890
2024-05-16,0.911,0.925,0.904,0.912,291731600,266764067,绿色电力ETF,SZ,159869
2024-05-16,104.935,104.95,104.912,104.929,6751610,708421192,高等级同业存单ETF,SZ,159649
2024-05-17,113.776,113.868,113.732,113.846,6541600,744659643,1-3年国债ETF,SH,511020
2024-05-17,127.389,127.492,127.38,127.41,2212800,281938161,7-10年国债ETF,SH,511260
2024-05-17,109.761,109.764,109.757,109.76,117885100,12939093446,信用债ETF,SH,511360
2024-05-17,0.968,0.977,0.968,0.977,416706,406514,短融ETF,SZ,159976
2024-05-17,5.404,5.432,5.404,5.432,730715,3960964,绿色债券ETF(南方),SH,518890
2024-05-17,0.909,0.914,0.896,0.911,284193900,257172218,绿色电力ETF,SZ,159869
2024-05-17,104.915,104.927,104.895,104.917,4025200,422293701,高等级同业存单ETF,SZ,159649
2024-05-20,113.923,114.1,113.869,113.981,3143100,358188314,1-3年国债ETF,SH,511020
2024-05-20,127.558,127.644,127.467,127.633,1151785,146932119,7-10年国债ETF,SH,511260
2024-05-20,109.74,109.754,109.74,109.75,97679118,10720151281,信用债ETF,SH,511360
2024-05-20,0.979,0.98,0.976,0.977,642900,628332,短融ETF,SZ,159976
2024-05-20,5.533,5.603,5.449,5.567,1463300,8158941,绿色债券ETF(南方),SH,518890
2024-05-20,0.905,0.915,0.892,0.908,345126400,312098273,绿色电力ETF,SZ,159869
2024-05-20,104.943,104.991,104.943,104.984,3840250,403166110,高等级同业存单ETF,SZ,159649
2024-05-21,113.962,113.999,113.897,113.959,4049600,461323159,1-3年国债ETF,SH,511020
2024-05-21,127.633,127.675,127.54,127.551,1937074,247113848,7-10年国债ETF,SH,511260
2024-05-21,109.754,109.768,109.753,109.763,134427856,14755279056,信用债ETF,SH,511360
2024-05-21,0.973,0.973,0.965,0.965,456300,442175,短融ETF,SZ,159976
2024-05-21,5.556,5.556,5.494,5.511,543300,2994852,绿色债券ETF(南方),SH,518890
2024-05-21,0.909,0.923,0.902,0.909,362892800,331568105,绿色电力ETF,SZ,159869
2024-05-21,104.956,104.994,104.953,104.97,4142210,434773542,高等级同业存单ETF,SZ,159649
2024-05-22,113.956,114.004,113.926,113.955,4348600,495637221,1-3年国债ETF,SH,511020
2024-05-22,127.568,127.649,127.568,127.647,2898838,370007614,7-10年国债ETF,SH,511260
2024-05-22,109.769,109.772,109.767,109.771,56906419,6246583460,信用债ETF,SH,511360
2024-05-22,0.96,0.968,0.96,0.965,1137400,1096817,短融ETF,SZ,159976
2024-05-22,5.519,5.599,5.503,5.514,286500,1582341,绿色债券ETF(南方),SH,518890
2024-05-22,0.903,0.906,0.894,0.905,304319700,274283727,绿色电力ETF,SZ,159869
2024-05-22,104.969,104.995,104.969,104.986,4477700,470101653,高等级同业存单ETF,SZ,159649
2024-05-23,113.986,114.162,113.986,114.151,4183900,477323820,1-3年国债ETF,SH,511020
2024-05-23,127.731,127.795,127.652,127.791,3199600,408794732,7-10年国债ETF,SH,511260
2024-05-23,109.785,109.791,109.783,109.79,105300100,11560693928,信用债ETF,SH,511360
2024-05-23,0.958,0.959,0.952,0.955,656300,628725,短融ETF,SZ,159976
2024-05-23,5.459,5.459,5.335,5.378,474800,2559089,绿色债券ETF(南方),SH,518890
2024-05-23,0.904,0.904,0.88,0.884,323790700,287721592,绿色电力ETF,SZ,159869
2024-05-23,105.0,105.048,105.0,105.046,3464200,363884119,高等级同业存单ETF,SZ,159649
2024-05-24,114.136,114.169,114.036,114.1,5261900,600171710,1-3年国债ETF,SH,511020
2024-05-24,127.802,127.896,127.71,127.736,2869887,366613046,7-10年国债ETF,SH,511260
2024-05-24,109.807,109.808,109.804,109.807,116155600,12754512393,信用债ETF,SH,511360
2024-05-24,0.954,0.954,0.94,0.94,212000,200550,短融ETF,SZ,159976
2024-05-24,5.317,5.331,5.3,5.325,414915,2203615,绿色债券ETF(南方),SH,518890
2024-05-24,0.88,0.889,0.872,0.873,264554000,232783515,绿色电力ETF,SZ,159869
2024-05-24,105.05,105.064,105.042,105.055,5668600,595485794,高等级同业存单ETF,SZ,159649
2024-05-27,114.079,114.141,114.024,114.083,3432100,391497265,1-3年国债ETF,SH,511020
2024-05-27,127.731,127.731,127.652,127.714,3020700,385737962,7-10年国债ETF,SH,511260
2024-05-27,109.814,109.819,109.813,109.817,56565930,6211873962,信用债ETF,SH,511360
2024-05-27,0.939,0.948,0.938,0.947,20901,19704,短融ETF,SZ,159976
2024-05-27,5.328,5.364,5.328,5.353,411764,2203091,绿色债券ETF(南方),SH,518890
2024-05-27,0.875,0.88,0.857,0.878,324858742,281775689,绿色电力ETF,SZ,159869
2024-05-27,105.052,105.052,105.006,105.039,9058000,951327181,高等级同业存单ETF,SZ,159649
2024-05-28,114.08,114.171,114.066,114.166,4298500,490631841,1-3年国债ETF,SH,511020
2024-05-28,127.808,127.88,127.766,127.878,2707642,346160472,7-10年国债ETF,SH,511260
2024-05-28,109.82,109.821,109.817,109.817,90025168,9886464535,信用债ETF,SH,511360
2024-05-28,0.911,0.977,0.911,0.942,10102,9425,短融ETF,SZ,159976
2024-05-28,5.407,5.407,5.353,5.356,320100,1723521,绿色债券ETF(南方),SH,518890
2024-05-28,0.877,0.877,0.856,0.857,363992200,314932023,绿色电力ETF,SZ,159869
2024-05-28,105.039,105.078,105.039,105.073,5119510,537886207,高等级同业存单ETF,SZ,159649
2024-05-29,114.196,114.257,114.196,114.239,2367600,270439844,1-3年国债ETF,SH,511020
2024-05-29,127.988,128.0,127.911,127.984,1902600,243452760,7-10年国债ETF,SH,511260
2024-05-29,109.823,109.824,109.817,109.817,73557949,8078192185,信用债ETF,SH,511360
2024-05-29,0.966,0.966,0.93,0.937,412500,388046,短融ETF,SZ,159976
2024-05-29,5.373,5.398,5.373,5.389,226000,1217462,绿色债券ETF(南方),SH,518890
2024-05-29,0.858,0.869,0.858,0.864,343816536,296941896,绿色电力ETF,SZ,159869
2024-05-29,105.074,105.108,105.074,105.107,3876600,407422683,高等级同业存单ETF,SZ,159649
2024-05-30,114.155,114.251,114.155,114.25,3725700,425554718,1-3年国债ETF,SH,511020
2024-05-30,127.983,127.992,127.916,127.991,2404500,307701153,7-10年国债ETF,SH,511260
2024-05-30,109.821,109.83,109.821,109.828,95516608,10490177587,信用债ETF,SH,511360
2024-05-30,0.934,0.937,0.931,0.932,340800,317639,短融ETF,SZ,159976
2024-05-30,5.402,5.402,5.313,5.329,113700,606180,绿色债券ETF(南方),SH,518890
2024-05-30,0.859,0.863,0.849,0.855,258473000,221313106,绿色电力ETF,SZ,159869
2024-05-30,105.105,105.124,105.09,105.121,4843400,509091153,高等级同业存单ETF,SZ,159649
2024-05-31,114.115,114.176,114.055,114.127,4926100,562169723,1-3年国债ETF,SH,511020
2024-05-31,127.767,127.82,127.691,127.798,3473000,443808698,7-10年国债ETF,SH,511260
2024-05-31,109.842,109.842,109.834,109.838,65880200,7236123598,信用债ETF,SH,511360
2024-05-31,0.923,0.948,0.923,0.93,21590,20191,短融ETF,SZ,159976
2024-05-31,5.339,5.365,5.339,5.365,293800,1573204,绿色债券ETF(南方),SH,518890
2024-05-31,0.856,0.875,0.855,0.868,373904369,323871927,绿色电力ETF,SZ,159869
2024-05-31,105.11,105.125,105.071,105.121,5835600,613397864,高等级同业存单ETF,SZ,159649
2024-06-03,114.127,114.221,114.089,114.202,4874900,556632797,1-3年国债ETF,SH,511020
2024-06-03,127.82,127.895,127.803,127.879,4818400,616110779,7-10年国债ETF,SH,511260
2024-06-03,109.847,109.852,109.847,109.852,81591450,8962796857,信用债ETF,SH,511360
2024-06-03,0.929,0.938,0.929,0.938,415000,388824,短融ETF,SZ,159976
2024-06-03,5.35,5.35,5.315,5.315,94200,503545,绿色债券ETF(南方),SH,518890
2024-06-03,0.864,0.864,0.846,0.853,353656300,301865946,绿色电力ETF,SZ,159869
2024-06-03,105.12,105.205,105.099,105.192,5985000,629455335,高等级同业存单ETF,SZ,159649
2024-06-04,114.294,114.295,114.217,114.285,3570500,407959667,1-3年国债ETF,SH,511020
2024-06-04,127.938,127.97,127.832,127.888,3229800,413061559,7-10年国债ETF,SH,511260
2024-06-04,109.859,109.865,109.858,109.862,65940150,7244350491,信用债ETF,SH,511360
2024-06-04,0.934,0.95,0.934,0.949,1982100,1873979,短融ETF,SZ,159976
2024-06-04,5.355,5.379,5.355,5.37,130300,700294,绿色债券ETF(南方),SH,518890
2024-06-04,0.851,0.864,0.845,0.861,411859221,351738688,绿色电力ETF,SZ,159869
2024-06-04,105.193,105.204,105.193,105.199,7798000,820318563,高等级同业存单ETF,SZ,159649
2024-06-05,114.33,114.375,114.288,114.361,4449100,508763543,1-3年国债ETF,SH,511020
2024-06-05,127.987,128.037,127.926,128.029,3108420,397914225,7-10年国债ETF,SH,511260
2024-06-05,109.866,109.87,109.866,109.868,94735003,10408346606,信用债ETF,SH,511360
2024-06-05,0.945,0.955,0.935,0.948,213000,203157,短融ETF,SZ,159976
2024-06-05,5.32,5.368,5.32,5.365,50000,267425,绿色债券ETF(南方),SH,518890
2024-06-05,0.857,0.858,0.845,0.846,332514900,283273331,绿色电力ETF,SZ,159869
2024-06-05,105.199,105.252,105.199,105.251,3620700,381044800,高等级同业存单ETF,SZ,159649
2024-06-06,114.375,114.538,114.375,114.45,2673300,305938608,1-3年国债ETF,SH,511020
2024-06-06,128.112,128.154,128.031,128.066,2421000,310071751,7-10年国债ETF,SH,511260
2024-06-06,109.872,109.876,109.87,109.874,101111418,11109410108,信用债ETF,SH,511360
2024-06-06,0.95,0.951,0.946,0.946,209300,198820,短融ETF,SZ,159976
2024-06-06,5.41,5.462,5.41,5.437,118200,641667,绿色债券ETF(南方),SH,518890
2024-06-06,0.85,0.855,0.82,0.824,488625828,408649945,绿色电力ETF,SZ,159869
2024-06-06,105.255,105.277,105.243,105.247,1313800,138285784,高等级同业存单ETF,SZ,159649
2024-06-07,114.455,114.725,114.451,114.624,1279100,146523348,1-3年国债ETF,SH,511020
2024-06-07,128.136,128.174,128.067,128.168,1631100,209020676,7-10年国债ETF,SH,511260
2024-06-07,109.895,109.895,109.89,109.894,110136459,12103194728,信用债ETF,SH,511360
2024-06-07,0.946,0.946,0.931,0.936,466500,437112,短融ETF,SZ,159976
2024-06-07,5.44,5.514,5.431,5.44,192280,1048481,绿色债券ETF(南方),SH,518890
2024-06-07,0.832,0.839,0.813,0.824,467514894,386044229,绿色电力ETF,SZ,159869
2024-06-07,105.273,105.295,105.267,105.294,6342900,667724176,高等级同业存单ETF,SZ,159649
2024-06-11,114.63,114.63,114.561,114.591,2355410,269873221,1-3年国债ETF,SH,511020
2024-06-11,128.168,128.227,128.159,128.186,2550600,326985879,7-10年国债ETF,SH,511260
2024-06-11,109.899,109.9,109.891,109.895,118343195,13005576523,信用债ETF,SH,511360
2024-06-11,0.938,0.938,0.926,0.933,11900,11053,短融ETF,SZ,159976
2024-06-11,5.3,5.301,5.269,5.271,52300,276179,绿色债券ETF(南方),SH,518890
2024-06-11,0.818,0.838,0.808,0.835,479223906,395992343,绿色电力ETF,SZ,159869
2024-06-11,105.294,105.344,105.25,105.308,2611500,275004232,高等级同业存单ETF,SZ,159649
2024-06-12,111.164,111.2,111.041,111.085,4745800,527111079,1-3年国债ETF,SH,511020
2024-06-12,128.186,128.22,128.125,128.138,2273700,291416702,7-10年国债ETF,SH,511260
2024-06-12,109.897,109.899,109.891,109.893,103468111,11370577206,信用债ETF,SH,511360
2024-06-12,0.933,0.933,0.93,0.931,105100,97934,短融ETF,SZ,159976
2024-06-12,5.282,5.295,5.281,5.295,112600,595265,绿色债券ETF(南方),SH,518890
2024-06-12,0.833,0.853,0.832,0.85,460340900,388959949,绿色电力ETF,SZ,159869
2024-06-12,105.307,105.31,105.286,105.296,1921200,202303226,高等级同业存单ETF,SZ,159649
2024-06-13,111.096,111.096,111.032,111.061,3737500,415083920,1-3年国债ETF,SH,511020
2024-06-13,128.222,128.235,128.146,128.234,2602784,333676170,7-10年国债ETF,SH,511260
2024-06-13,109.901,109.909,109.9,109.902,90103733,9902733189,信用债ETF,SH,511360
2024-06-13,0.934,0.934,0.931,0.932,259602,241958,短融ETF,SZ,159976
2024-06-13,5.274,5.294,5.274,5.285,95400,503357,绿色债券ETF(南方),SH,518890
2024-06-13,0.846,0.851,0.841,0.847,248689700,210280919,绿色电力ETF,SZ,159869
2024-06-13,105.297,105.303,105.267,105.276,2659700,280005303,高等级同业存单ETF,SZ,159649
2024-06-14,111.099,111.108,111.054,111.099,3786000,420580995,1-3年国债ETF,SH,511020
2024-06-14,128.297,128.322,128.258,128.301,1903100,244160213,7-10年国债ETF,SH,511260
2024-06-14,109.911,109.917,109.905,109.914,85374006,9383765990,信用债ETF,SH,511360
2024-06-14,0.932,0.945,0.932,0.942,297500,280458,短融ETF,SZ,159976
2024-06-14,5.281,5.29,5.268,5.29,74100,391565,绿色债券ETF(南方),SH,518890
2024-06-14,0.844,0.854,0.841,0.848,319191800,270349989,绿色电力ETF,SZ,159869
2024-06-14,105.295,105.309,105.281,105.287,5037986,530457811,高等级同业存单ETF,SZ,159649
2024-06-17,111.115,111.18,111.092,111.125,6136100,681843679,1-3年国债ETF,SH,511020
2024-06-17,128.362,128.385,128.323,128.372,3151500,404498481,7-10年国债ETF,SH,511260
2024-06-17,109.929,109.931,109.928,109.93,71533900,7863665964,信用债ETF,SH,511360
2024-06-17,0.938,0.946,0.938,0.943,114400,107862,短融ETF,SZ,159976
2024-06-17,5.406,5.406,5.298,5.298,137132,729380,绿色债券ETF(南方),SH,518890
2024-06-17,0.845,0.846,0.831,0.833,244568230,204470363,绿色电力ETF,SZ,159869
2024-06-17,105.315,105.315,105.294,105.3,10186300,1072617569,高等级同业存单ETF,SZ,159649
2024-06-18,111.14,111.194,111.137,111.153,2706230,300837082,1-3年国债ETF,SH,511020
2024-06-18,128.379,128.495,128.379,128.489,1786300,229479288,7-10年国债ETF,SH,511260
2024-06-18,109.936,109.938,109.934,109.936,85824408,9435223717,信用债ETF,SH,511360
2024-06-18,0.945,0.946,0.939,0.941,642502,607264,短融ETF,SZ,159976
2024-06-18,5.309,5.318,5.309,5.31,68900,365963,绿色债券ETF(南方),SH,518890
2024-06-18,0.832,0.842,0.832,0.836,206612172,173006719,绿色电力ETF,SZ,159869
2024-06-18,105.299,105.331,105.29,105.326,6756350,711569012,高等级同业存单ETF,SZ,159649
2024-06-19,111.193,111.257,111.162,111.256,2728500,303519874,1-3年国债ETF,SH,511020
2024-06-19,128.465,128.545,128.4,128.512,2213650,284420271,7-10年国债ETF,SH,511260
2024-06-19,109.938,109.938,109.931,109.932,90310700,9928290554,信用债ETF,SH,511360
2024-06-19,0.943,0.945,0.943,0.945,7400,6978,短融ETF,SZ,159976
2024-06-19,5.31,5.331,5.31,5.331,44200,235442,绿色债券ETF(南方),SH,518890
2024-06-19,0.839,0.839,0.821,0.822,272003700,224643489,绿色电力ETF,SZ,159869
2024-06-19,105.321,105.38,105.32,105.372,6398400,674057502,高等级同业存单ETF,SZ,159649
2024-06-20,111.327,111.385,111.307,111.385,4250200,473244288,1-3年国债ETF,SH,511020
2024-06-20,128.612,128.612,128.44,128.61,2036100,261822324,7-10年国债ETF,SH,511260
2024-06-20,109.938,109.939,109.933,109.936,109985383,12091384875,信用债ETF,SH,511360
2024-06-20,0.94,0.94,0.935,0.935,74702,69988,短融ETF,SZ,159976
2024-06-20,5.383,5.383,5.347,5.366,134400,720274,绿色债券ETF(南方),SH,518890
2024-06-20,0.82,0.824,0.799,0.8,361507200,292080474,绿色电力ETF,SZ,159869
2024-06-20,105.384,105.399,105.376,105.389,2627800,276938606,高等级同业存单ETF,SZ,159649
2024-06-21,111.387,111.388,110.34,111.3,1406010,156311741,1-3年国债ETF,SH,511020
2024-06-21,128.603,128.603,128.448,128.509,3043600,391102436,7-10年国债ETF,SH,511260
2024-06-21,109.951,109.953,109.947,109.952,125746890,13825785872,信用债ETF,SH,511360
2024-06-21,0.926,0.93,0.926,0.93,2800,2598,短融ETF,SZ,159976
2024-06-21,5.401,5.428,5.391,5.391,196100,1060337,绿色债券ETF(南方),SH,518890
2024-06-21,0.799,0.804,0.789,0.796,271616700,215860467,绿色电力ETF,SZ,159869
2024-06-21,105.389,105.389,105.358,105.364,6268510,660515258,高等级同业存单ETF,SZ,159649
2024-06-24,111.3,111.37,111.231,111.365,3671400,408795244,1-3年国债ETF,SH,511020
2024-06-24,128.499,128.768,128.415,128.624,2436000,313216508,7-10年国债ETF,SH,511260
2024-06-24,109.959,109.96,109.954,109.957,90278770,9926753571,信用债ETF,SH,511360
2024-06-24,0.928,0.932,0.927,0.931,15900,14770,短融ETF,SZ,159976
2024-06-24,5.337,5.363,5.315,5.325,17500,93152,绿色债券ETF(南方),SH,518890
2024-06-24,0.791,0.791,0.765,0.765,414362700,321684252,绿色电力ETF,SZ,159869
2024-06-24,105.359,105.413,105.359,105.413,8168500,860859117,高等级同业存单ETF,SZ,159649
2024-06-25,111.386,111.483,111.386,111.433,2321600,258765393,1-3年国债ETF,SH,511020
2024-06-25,128.653,128.788,128.653,128.764,2896800,372965767,7-10年国债ETF,SH,511260
2024-06-25,109.963,109.964,109.96,109.961,59037542,6491845898,信用债ETF,SH,511360
2024-06-25,0.924,0.927,0.924,0.927,400900,370634,短融ETF,SZ,159976
2024-06-25,5.343,5.343,5.325,5.33,182700,973529,绿色债券ETF(南方),SH,518890
2024-06-25,0.767,0.777,0.748,0.755,441752121,336684384,绿色电力ETF,SZ,159869
2024-06-25,105.414,105.478,105.414,105.472,7896200,832763227,高等级同业存单ETF,SZ,159649
2024-06-26,111.47,111.545,111.443,111.544,4691600,523071320,1-3年国债ETF,SH,511020
2024-06-26,128.77,128.869,128.77,128.819,2377442,306217877,7-10年国债ETF,SH,511260
2024-06-26,109.966,109.969,109.965,109.968,97964447,10772862501,信用债ETF,SH,511360
2024-06-26,0.922,0.933,0.922,0.931,800601,742354,短融ETF,SZ,159976
2024-06-26,5.296,5.301,5.285,5.295,125200,662959,绿色债券ETF(南方),SH,518890
2024-06-26,0.756,0.805,0.754,0.803,955464620,746596879,绿色电力ETF,SZ,159869
2024-06-26,105.478,105.533,105.478,105.509,3581520,377921260,高等级同业存单ETF,SZ,159649
2024-06-27,111.544,111.657,111.543,111.626,4912200,548262540,1-3年国债ETF,SH,511020
2024-06-27,128.809,129.0,128.809,128.984,2031685,261977865,7-10年国债ETF,SH,511260
2024-06-27,109.965,109.986,109.964,109.977,80457232,8848065225,信用债ETF,SH,511360
2024-06-27,0.927,0.928,0.925,0.925,57500,53270,短融ETF,SZ,159976
2024-06-27,5.251,5.263,5.251,5.257,50600,266025,绿色债券ETF(南方),SH,518890
2024-06-27,0.792,0.8,0.783,0.785,379983634,301164152,绿色电力ETF,SZ,159869
2024-06-27,105.512,105.583,105.512,105.576,7308800,771552545,高等级同业存单ETF,SZ,159649
2024-06-28,111.681,111.769,111.637,111.766,3915800,437502186,1-3年国债ETF,SH,511020
2024-06-28,129.085,129.142,128.905,129.13,2704084,348958164,7-10年国债ETF,SH,511260
2024-06-28,110.0,110.013,109.999,110.011,93824608,10321251372,信用债ETF,SH,511360
2024-06-28,0.933,0.933,0.925,0.925,600,556,短融ETF,SZ,159976
2024-06-28,5.292,5.322,5.288,5.319,241100,1281207,绿色债券ETF(南方),SH,518890
2024-06-28,0.785,0.797,0.779,0.783,353081700,278841751,绿色电力ETF,SZ,159869
2024-06-28,105.607,105.615,105.582,105.597,3770900,398182801,高等级同业存单ETF,SZ,159649
2024-07-01,111.77,111.885,111.281,111.532,614300,68517851,1-3年国债ETF,SH,511020
2024-07-01,129.151,129.37,128.57,128.72,1257714,162248398,7-10年国债ETF,SH,511260
2024-07-01,110.02,110.024,110.015,110.023,84097329,9252361433,信用债ETF,SH,511360
2024-07-01,0.919,0.925,0.919,0.925,201900,185552,短融ETF,SZ,159976
2024-07-01,5.331,5.331,5.322,5.324,68700,365907,绿色债券ETF(南方),SH,518890
2024-07-01,0.778,0.787,0.767,0.785,302127827,234275592,绿色电力ETF,SZ,159869
2024-07-01,105.594,105.615,105.505,105.53,11653800,1230705157,高等级同业存单ETF,SZ,159649
2024-07-02,111.532,111.669,111.269,111.628,4287400,478518010,1-3年国债ETF,SH,511020
2024-07-02,128.713,128.99,128.5,128.925,4547241,585842092,7-10年国债ETF,SH,511260
2024-07-02,110.021,110.029,110.021,110.028,70940700,7805339457,信用债ETF,SH,511360
2024-07-02,0.923,0.928,0.917,0.919,438800,404329,短融ETF,SZ,159976
2024-07-02,5.333,5.348,5.331,5.34,51200,273334,绿色债券ETF(南方),SH,518890
2024-07-02,0.787,0.799,0.784,0.788,318911257,252481645,绿色电力ETF,SZ,159869
2024-07-02,105.48,105.588,105.479,105.587,6388300,674302161,高等级同业存单ETF,SZ,159649
2024-07-03,111.639,111.73,111.628,111.73,4891425,546309099,1-3年国债ETF,SH,511020
2024-07-03,128.941,129.077,128.905,129.036,2845100,367021458,7-10年国债ETF,SH,511260
2024-07-03,110.034,110.044,110.034,110.041,98844150,10876634065,信用债ETF,SH,511360
2024-07-03,0.91,0.935,0.91,0.921,105000,96563,短融ETF,SZ,159976
2024-07-03,5.34,5.358,5.328,5.358,210800,1126286,绿色债券ETF(南方),SH,518890
2024-07-03,0.787,0.793,0.779,0.784,236962603,185982851,绿色电力ETF,SZ,159869
2024-07-03,105.6,105.634,105.576,105.629,2435100,257181111,高等级同业存单ETF,SZ,159649
2024-07-04,111.749,111.79,111.704,111.744,4481500,500729727,1-3年国债ETF,SH,511020
2024-07-04,129.05,129.11,128.96,129.09,2710700,349818446,7-10年国债ETF,SH,511260
2024-07-04,110.047,110.054,110.047,110.052,117543400,12935679195,信用债ETF,SH,511360
2024-07-04,0.923,0.93,0.922,0.922,474500,437496,短融ETF,SZ,159976
2024-07-04,5.385,5.402,5.382,5.382,152600,822882,绿色债券ETF(南方),SH,518890
2024-07-04,0.786,0.788,0.761,0.763,289894661,223528531,绿色电力ETF,SZ,159869
2024-07-04,105.629,105.647,105.609,105.645,4217700,445557556,高等级同业存单ETF,SZ,159649
2024-07-05,111.744,111.749,111.603,111.658,2905599,324366940,1-3年国债ETF,SH,511020
2024-07-05,129.078,129.078,128.77,128.85,2817590,363059279,7-10年国债ETF,SH,511260
2024-07-05,110.064,110.067,110.062,110.064,60382181,6645897816,信用债ETF,SH,511360
2024-07-05,0.917,0.917,0.908,0.913,867701,791517,短融ETF,SZ,159976
2024-07-05,5.382,5.399,5.377,5.396,234800,1266140,绿色债券ETF(南方),SH,518890
2024-07-05,0.76,0.773,0.755,0.769,296127273,226434228,绿色电力ETF,SZ,159869
2024-07-05,105.645,105.645,105.556,105.578,7213000,761599370,高等级同业存单ETF,SZ,159649
2024-07-08,111.528,111.597,111.367,111.419,4395580,489806348,1-3年国债ETF,SH,511020
2024-07-08,128.669,128.669,128.383,128.474,3273202,420532966,7-10年国债ETF,SH,511260
2024-07-08,110.068,110.074,110.068,110.073,105802979,11645740880,信用债ETF,SH,511360
2024-07-08,0.91,0.91,0.905,0.905,96400,87244,短融ETF,SZ,159976
2024-07-08,5.435,5.445,5.421,5.421,185800,1008140,绿色债券ETF(南方),SH,518890
2024-07-08,0.762,0.766,0.738,0.74,291227354,218425218,绿色电力ETF,SZ,159869
2024-07-08,105.573,105.573,105.429,105.487,2992900,315693108,高等级同业存单ETF,SZ,159649
2024-07-09,111.451,111.533,111.451,111.525,5314200,592642686,1-3年国债ETF,SH,511020
2024-07-09,128.694,128.793,128.694,128.792,3392200,436746920,7-10年国债ETF,SH,511260
2024-07-09,110.07,110.075,110.066,110.068,63849867,7028047762,信用债ETF,SH,511360
2024-07-09,0.905,0.92,0.905,0.919,264600,243043,短融ETF,SZ,159976
2024-07-09,5.401,5.402,5.386,5.395,39900,215255,绿色债券ETF(南方),SH,518890
2024-07-09,0.738,0.753,0.728,0.75,378298542,280814805,绿色电力ETF,SZ,159869
2024-07-09,105.495,105.58,105.492,105.575,4294100,453345656,高等级同业存单ETF,SZ,159649
2024-07-10,111.543,111.634,111.534,111.627,5303700,591747502,1-3年国债ETF,SH,511020
2024-07-10,128.789,128.85,128.696,128.787,4391826,565560912,7-10年国债ETF,SH,511260
2024-07-10,110.073,110.079,110.073,110.077,67718074,7454208355,信用债ETF,SH,511360
2024-07-10,0.919,0.924,0.919,0.922,59300,54676,短融ETF,SZ,159976
2024-07-10,5.406,5.417,5.406,5.417,164900,892437,绿色债券ETF(南方),SH,518890
2024-07-10,0.746,0.759,0.738,0.744,277064900,207669139,绿色电力ETF,SZ,159869
2024-07-10,105.573,105.574,105.526,105.573,3984600,420641142,高等级同业存单ETF,SZ,159649
2024-07-11,111.628,111.628,111.58,111.615,3270100,364987669,1-3年国债ETF,SH,511020
2024-07-11,128.828,128.901,128.765,128.872,2839400,365855354,7-10年国债ETF,SH,511260
2024-07-11,110.08,110.081,110.077,110.08,95682366,10532560666,信用债ETF,SH,511360
2024-07-11,0.915,0.934,0.915,0.934,723600,673362,短融ETF,SZ,159976
2024-07-11,5.471,5.51,5.415,5.432,157700,856473,绿色债券ETF(南方),SH,518890
2024-07-11,0.757,0.764,0.75,0.763,354939496,269151527,绿色电力ETF,SZ,159869
2024-07-11,105.571,105.588,105.557,105.588,6237600,658571880,高等级同业存单ETF,SZ,159649
2024-07-12,111.678,111.749,111.672,111.734,5946000,664286131,1-3年国债ETF,SH,511020
2024-07-12,128.963,129.107,128.874,129.033,2558400,330056707,7-10年国债ETF,SH,511260
2024-07-12,110.094,110.097,110.093,110.096,49470192,5446436233,信用债ETF,SH,511360
2024-07-12,0.935,0.943,0.935,0.943,733700,688855,短融ETF,SZ,159976
2024-07-12,5.475,5.505,5.458,5.478,452600,2480025,绿色债券ETF(南方),SH,518890
2024-07-12,0.76,0.765,0.748,0.752,303077200,228939453,绿色电力ETF,SZ,159869
2024-07-12,105.607,105.643,105.605,105.636,4040700,426842708,高等级同业存单ETF,SZ,159649
2024-07-15,111.736,111.814,111.735,111.807,6928500,774545944,1-3年国债ETF,SH,511020
2024-07-15,129.038,129.18,129.036,129.14,2552100,329504903,7-10年国债ETF,SH,511260
2024-07-15,110.102,110.106,110.102,110.105,97455805,10730353639,信用债ETF,SH,511360
2024-07-15,0.934,0.934,0.933,0.933,15500,14463,短融ETF,SZ,159976
2024-07-15,5.478,5.493,5.469,5.471,95700,524362,绿色债券ETF(南方),SH,518890
2024-07-15,0.751,0.751,0.737,0.74,242271883,179615555,绿色电力ETF,SZ,159869
2024-07-15,105.636,105.684,105.632,105.665,3655100,386214758,高等级同业存单ETF,SZ,159649
2024-07-16,111.802,111.854,111.658,111.825,8578100,958968628,1-3年国债ETF,SH,511020
2024-07-16,129.112,129.304,128.976,129.113,7799200,1007116437,7-10年国债ETF,SH,511260
2024-07-16,110.112,110.119,110.112,110.114,99926995,11003448091,信用债ETF,SH,511360
2024-07-16,0.928,0.933,0.927,0.933,314300,291654,短融ETF,SZ,159976
2024-07-16,5.51,5.529,5.51,5.525,96800,534445,绿色债券ETF(南方),SH,518890
2024-07-16,0.737,0.748,0.731,0.746,250951806,185554698,绿色电力ETF,SZ,159869
2024-07-16,105.665,105.696,105.626,105.657,6870856,726103333,高等级同业存单ETF,SZ,159649
2024-07-17,111.898,111.909,111.829,111.884,2839600,317612544,1-3年国债ETF,SH,511020
2024-07-17,129.145,129.263,129.145,129.255,2906100,375405202,7-10年国债ETF,SH,511260
2024-07-17,110.117,110.118,110.114,110.115,72401561,7972602796,信用债ETF,SH,511360
2024-07-17,0.93,0.934,0.929,0.934,800100,744893,短融ETF,SZ,159976
2024-07-17,5.612,5.64,5.59,5.6,291441,1638487,绿色债券ETF(南方),SH,518890
2024-07-17,0.743,0.763,0.742,0.752,345014912,260635709,绿色电力ETF,SZ,159869
2024-07-17,105.685,105.686,105.668,105.685,1725800,182378644,高等级同业存单ETF,SZ,159649
2024-07-18,111.915,111.915,111.705,111.818,3174500,354877796,1-3年国债ETF,SH,511020
2024-07-18,129.255,129.267,129.155,129.179,2485100,321067167,7-10年国债ETF,SH,511260
2024-07-18,110.117,110.122,110.117,110.119,119000100,13104153331,信用债ETF,SH,511360
2024-07-18,0.931,0.932,0.931,0.932,152500,142117,短融ETF,SZ,159976
2024-07-18,5.655,5.655,5.571,5.582,315613,1762365,绿色债券ETF(南方),SH,518890
2024-07-18,0.74,0.75,0.728,0.748,318598312,235073973,绿色电力ETF,SZ,159869
2024-07-18,105.679,105.698,105.664,105.669,2105700,222524228,高等级同业存单ETF,SZ,159649
2024-07-19,111.818,111.888,111.771,111.886,3643500,407543604,1-3年国债ETF,SH,511020
2024-07-19,129.228,129.279,129.158,129.209,4916200,635122515,7-10年国债ETF,SH,511260
2024-07-19,110.13,110.131,110.125,110.129,80560796,8871966167,信用债ETF,SH,511360
2024-07-19,0.929,0.933,0.929,0.932,93700,87186,短融ETF,SZ,159976
2024-07-19,5.553,5.553,5.44,5.446,286900,1569452,绿色债券ETF(南方),SH,518890
2024-07-19,0.744,0.756,0.741,0.752,326149512,244996987,绿色电力ETF,SZ,159869
2024-07-19,105.67,105.695,105.67,105.694,1611900,170358464,高等级同业存单ETF,SZ,159649
2024-07-22,111.957,112.5,111.957,112.132,2649700,297083757,1-3年国债ETF,SH,511020
2024-07-22,129.321,129.48,129.3,129.472,2759200,357064529,7-10年国债ETF,SH,511260
2024-07-22,110.138,110.138,110.136,110.137,72184550,7950177003,信用债ETF,SH,511360
2024-07-22,0.931,0.936,0.93,0.936,372400,346844,短融ETF,SZ,159976
2024-07-22,5.452,5.461,5.447,5.453,80200,437207,绿色债券ETF(南方),SH,518890
2024-07-22,0.75,0.759,0.742,0.755,274467128,206168063,绿色电力ETF,SZ,159869
2024-07-22,105.758,105.834,105.758,105.817,4058200,429390750,高等级同业存单ETF,SZ,159649
2024-07-23,112.245,112.323,112.151,112.277,1030700,115738389,1-3年国债ETF,SH,511020
2024-07-23,129.535,129.729,129.534,129.706,2311000,299654279,7-10年国债ETF,SH,511260
2024-07-23,110.147,110.149,110.146,110.149,72792280,8017891348,信用债ETF,SH,511360
2024-07-23,0.926,0.926,0.915,0.915,347800,320258,短融ETF,SZ,159976
2024-07-23,5.463,5.476,5.426,5.426,121300,661907,绿色债券ETF(南方),SH,518890
2024-07-23,0.759,0.761,0.73,0.73,310850917,231267188,绿色电力ETF,SZ,159869
2024-07-23,105.821,105.908,105.821,105.905,1728100,182984551,高等级同业存单ETF,SZ,159649
2024-07-24,112.284,112.383,112.26,112.382,1756298,197273795,1-3年国债ETF,SH,511020
2024-07-24,129.799,129.829,129.646,129.819,2924200,379388145,7-10年国债ETF,SH,511260
2024-07-24,110.156,110.16,110.156,110.158,53780716,5924403979,信用债ETF,SH,511360
2024-07-24,0.908,0.908,0.9,0.901,956200,864768,短融ETF,SZ,159976
2024-07-24,5.47,5.91,5.461,5.474,6094702,34305786,绿色债券ETF(南方),SH,518890
2024-07-24,0.725,0.733,0.711,0.713,295479700,212950485,绿色电力ETF,SZ,159869
2024-07-24,105.905,105.905,105.872,105.884,2437500,258094177,高等级同业存单ETF,SZ,159649
2024-07-25,112.382,112.59,112.33,112.378,2517801,282905943,1-3年国债ETF,SH,511020
2024-07-25,129.807,129.979,129.788,129.836,2817398,365776868,7-10年国债ETF,SH,511260
2024-07-25,110.165,110.17,110.163,110.168,61956241,6825475304,信用债ETF,SH,511360
2024-07-25,0.893,0.895,0.891,0.894,1059500,945373,短融ETF,SZ,159976
2024-07-25,5.405,5.41,5.316,5.334,2551851,13649323,绿色债券ETF(南方),SH,518890
2024-07-25,0.708,0.731,0.705,0.722,321388800,231282074,绿色电力ETF,SZ,159869
2024-07-25,105.882,105.932,105.866,105.874,1835900,194396331,高等级同业存单ETF,SZ,159649
2024-07-26,112.401,112.5,112.401,112.488,135400,15228840,1-3年国债ETF,SH,511020
2024-07-26,129.981,130.045,129.893,130.043,1156700,150334113,7-10年国债ETF,SH,511260
2024-07-26,110.179,110.181,110.177,110.18,76755600,8456827862,信用债ETF,SH,511360
2024-07-26,0.906,0.906,0.899,0.903,525200,472671,短融ETF,SZ,159976
2024-07-26,5.33,5.373,5.297,5.358,1161600,6220875,绿色债券ETF(南方),SH,518890
2024-07-26,0.722,0.742,0.72,0.735,318983400,233614563,绿色电力ETF,SZ,159869
2024-07-26,105.895,105.92,105.882,105.9,1816900,192410730,高等级同业存单ETF,SZ,159649
2024-07-29,112.481,112.529,112.438,112.519,3825300,430338804,1-3年国债ETF,SH,511020
2024-07-29,130.045,130.16,130.045,130.139,2825300,367554796,7-10年国债ETF,SH,511260
2024-07-29,110.183,110.187,110.183,110.186,118998266,13111895906,信用债ETF,SH,511360
2024-07-29,0.903,0.904,0.901,0.903,720500,650412,短融ETF,SZ,159976
2024-07-29,5.403,5.418,5.392,5.403,1167700,6307920,绿色债券ETF(南方),SH,518890
2024-07-29,0.737,0.744,0.724,0.739,285299670,210004533,绿色电力ETF,SZ,159869
2024-07-29,105.897,105.915,105.886,105.891,2971800,314704731,高等级同业存单ETF,SZ,159649
2024-07-30,112.571,112.646,112.526,112.609,3677900,414013774,1-3年国债ETF,SH,511020
2024-07-30,130.197,130.315,129.855,130.203,2647498,344737828,7-10年国债ETF,SH,511260
2024-07-30,110.191,110.195,110.19,110.19,98078370,10807428808,信用债ETF,SH,511360
2024-07-30,0.891,0.891,0.888,0.89,818800,727931,短融ETF,SZ,159976
2024-07-30,5.355,5.42,5.355,5.404,476500,2568766,绿色债券ETF(南方),SH,518890
2024-07-30,0.735,0.742,0.73,0.737,259035744,190750880,绿色电力ETF,SZ,159869
2024-07-30,105.91,105.926,105.905,105.919,5757300,609817123,高等级同业存单ETF,SZ,159649
2024-07-31,112.746,112.796,112.644,112.73,3309400,372923355,1-3年国债ETF,SH,511020
2024-07-31,130.29,130.485,130.219,130.356,3121600,406868137,7-10年国债ETF,SH,511260
2024-07-31,110.197,110.199,110.184,110.187,115508001,12727871392,信用债ETF,SH,511360
2024-07-31,0.896,0.916,0.896,0.915,906200,817968,短融ETF,SZ,159976
2024-07-31,5.415,5.499,5.415,5.445,1297662,7069496,绿色债券ETF(南方),SH,518890
2024-07-31,0.738,0.77,0.736,0.769,485381358,367286395,绿色电力ETF,SZ,159869
2024-07-31,105.953,106.026,105.952,105.984,5717600,605924916,高等级同业存单ETF,SZ,159649
2024-08-01,112.733,113.024,112.678,112.961,1240750,140046965,1-3年国债ETF,SH,511020
2024-08-01,130.4,130.636,130.287,130.568,2207900,288009340,7-10年国债ETF,SH,511260
2024-08-01,110.2,110.212,110.199,110.209,96811633,10669215280,信用债ETF,SH,511360
2024-08-01,0.914,0.914,0.91,0.911,1876700,1713201,短融ETF,SZ,159976
2024-08-01,5.499,5.52,5.476,5.501,1354700,7454937,绿色债券ETF(南方),SH,518890
2024-08-01,0.769,0.776,0.758,0.762,272063400,208682520,绿色电力ETF,SZ,159869
2024-08-01,105.984,106.058,105.984,106.051,2618700,277643650,高等级同业存单ETF,SZ,159649
2024-08-02,113.0,113.239,112.898,112.976,1969350,222545680,1-3年国债ETF,SH,511020
2024-08-02,130.678,130.741,130.416,130.585,2125800,277692588,7-10年国债ETF,SH,511260
2024-08-02,110.227,110.235,110.226,110.234,73964678,8153000549,信用债ETF,SH,511360
2024-08-02,0.91,0.91,0.896,0.897,964500,866844,短融ETF,SZ,159976
2024-08-02,5.501,5.611,5.493,5.522,1298100,7163592,绿色债券ETF(南方),SH,518890
2024-08-02,0.755,0.77,0.748,0.749,354270718,269831590,绿色电力ETF,SZ,159869
2024-08-02,106.081,106.124,106.071,106.093,4777700,506904818,高等级同业存单ETF,SZ,159649
2024-08-05,113.002,113.155,112.953,113.151,3235600,365656179,1-3年国债ETF,SH,511020
2024-08-05,130.748,130.974,130.63,130.949,3636100,475295671,7-10年国债ETF,SH,511260
2024-08-05,110.24,110.243,110.24,110.242,64589770,7120486837,信用债ETF,SH,511360
2024-08-05,0.888,0.901,0.883,0.885,3052400,2716153,短融ETF,SZ,159976
2024-08-05,5.39,5.445,5.388,5.4,2226400,12061313,绿色债券ETF(南方),SH,518890
2024-08-05,0.748,0.782,0.745,0.754,495054300,379931719,绿色电力ETF,SZ,159869
2024-08-05,106.097,106.147,106.097,106.147,2964200,314552545,高等级同业存单ETF,SZ,159649
2024-08-06,112.871,112.948,112.709,112.926,1547300,174613743,1-3年国债ETF,SH,511020
2024-08-06,130.403,130.663,130.36,130.514,3153200,411622413,7-10年国债ETF,SH,511260
2024-08-06,110.243,110.25,110.243,110.246,96985681,10692321294,信用债ETF,SH,511360
2024-08-06,0.888,0.889,0.877,0.882,1935900,1705278,短融ETF,SZ,159976
2024-08-06,5.346,5.388,5.321,5.339,2015300,10787591,绿色债券ETF(南方),SH,518890
2024-08-06,0.766,0.784,0.76,0.779,495496700,382926311,绿色电力ETF,SZ,159869
2024-08-06,106.12,106.12,106.042,106.083,5131300,544309967,高等级同业存单ETF,SZ,159649
2024-08-07,112.99,113.199,112.945,113.14,3799100,429795886,1-3年国债ETF,SH,511020
2024-08-07,130.565,130.865,130.565,130.853,2610600,341342810,7-10年国债ETF,SH,511260
2024-08-07,110.252,110.256,110.251,110.254,127644510,14073262326,信用债ETF,SH,511360
2024-08-07,0.886,0.891,0.885,0.885,863603,767404,短融ETF,SZ,159976
2024-08-07,5.341,5.536,5.314,5.365,1534900,8225651,绿色债券ETF(南方),SH,518890
2024-08-07,0.776,0.788,0.766,0.777,423330506,329216256,绿色电力ETF,SZ,159869
2024-08-07,106.085,106.111,106.084,106.093,5353200,567938245,高等级同业存单ETF,SZ,159649
2024-08-08,113.068,113.11,112.808,112.816,2645500,298504598,1-3年国债ETF,SH,511020
2024-08-08,130.652,130.768,130.341,130.425,4675412,610080535,7-10年国债ETF,SH,511260
2024-08-08,110.26,110.261,110.255,110.256,78361900,8640049618,信用债ETF,SH,511360
2024-08-08,0.881,0.893,0.879,0.889,1715400,1528707,短融ETF,SZ,159976
2024-08-08,5.343,5.383,5.333,5.368,979400,5244894,绿色债券ETF(南方),SH,518890
2024-08-08,0.773,0.774,0.756,0.769,315146621,241233460,绿色电力ETF,SZ,159869
2024-08-08,106.074,106.078,106.01,106.025,5002600,530506096,高等级同业存单ETF,SZ,159649
2024-08-09,112.673,112.686,112.576,112.686,2340010,263639573,1-3年国债ETF,SH,511020
2024-08-09,130.182,130.228,130.083,130.161,4010760,522110169,7-10年国债ETF,SH,511260
2024-08-09,110.267,110.267,110.259,110.262,71593711,7894114417,信用债ETF,SH,511360
2024-08-09,0.896,0.896,0.891,0.891,1417900,1267095,短融ETF,SZ,159976
2024-08-09,5.402,5.438,5.401,5.41,1480138,8021501,绿色债券ETF(南方),SH,518890
2024-08-09,0.771,0.774,0.752,0.754,318279300,242184454,绿色电力ETF,SZ,159869
2024-08-09,106.02,106.02,105.929,105.94,5653300,598941149,高等级同业存单ETF,SZ,159649
2024-08-12,112.37,112.373,112.072,112.088,4398101,493216631,1-3年国债ETF,SH,511020
2024-08-12,129.716,129.99,129.311,129.312,2615900,338953422,7-10年国债ETF,SH,511260
2024-08-12,110.247,110.248,110.224,110.229,132584251,14615419363,信用债ETF,SH,511360
2024-08-12,0.889,0.89,0.887,0.887,433100,384960,短融ETF,SZ,159976
2024-08-12,5.428,5.454,5.417,5.448,1069500,5812162,绿色债券ETF(南方),SH,518890
2024-08-12,0.75,0.753,0.739,0.742,252446200,187902499,绿色电力ETF,SZ,159869
2024-08-12,105.9,105.91,105.815,105.816,2400200,254079528,高等级同业存单ETF,SZ,159649
2024-08-13,112.277,112.448,112.231,112.36,4788844,538144607,1-3年国债ETF,SH,511020
2024-08-13,129.591,129.79,129.363,129.705,3095126,401433820,7-10年国债ETF,SH,511260
2024-08-13,110.229,110.232,110.223,110.224,112934948,12448529008,信用债ETF,SH,511360
2024-08-13,0.889,0.889,0.887,0.887,211000,187567,短融ETF,SZ,159976
2024-08-13,5.502,5.51,5.489,5.496,1177800,6477731,绿色债券ETF(南方),SH,518890
2024-08-13,0.742,0.748,0.733,0.744,186340100,137808224,绿色电力ETF,SZ,159869
2024-08-13,105.818,105.933,105.815,105.92,3778497,400108002,高等级同业存单ETF,SZ,159649
2024-08-14,112.531,112.742,112.531,112.629,2091900,235625674,1-3年国债ETF,SH,511020
2024-08-14,129.967,130.264,129.92,130.129,5319600,692074387,7-10年国债ETF,SH,511260
2024-08-14,110.233,110.249,110.233,110.245,86309747,9515293318,信用债ETF,SH,511360
2024-08-14,0.887,0.887,0.885,0.885,10500,9296,短融ETF,SZ,159976
2024-08-14,5.496,5.545,5.46,5.472,811800,4442910,绿色债券ETF(南方),SH,518890
2024-08-14,0.745,0.766,0.738,0.756,388809906,293657292,绿色电力ETF,SZ,159869
2024-08-14,105.95,106.035,105.95,105.975,3929897,416656720,高等级同业存单ETF,SZ,159649
2024-08-15,112.629,112.664,112.45,112.45,802700,90362327,1-3年国债ETF,SH,511020
2024-08-15,130.129,130.377,129.915,129.971,2192700,285247375,7-10年国债ETF,SH,511260
2024-08-15,110.268,110.269,110.261,110.264,113490157,12513839813,信用债ETF,SH,511360
2024-08-15,0.887,0.893,0.886,0.893,904500,803943,短融ETF,SZ,159976
2024-08-15,5.442,5.469,5.442,5.46,683900,3733486,绿色债券ETF(南方),SH,518890
2024-08-15,0.754,0.794,0.749,0.783,606241521,471075533,绿色电力ETF,SZ,159869
2024-08-15,105.985,106.01,105.885,105.885,7417726,786032768,高等级同业存单ETF,SZ,159649
2024-08-16,112.526,112.624,112.526,112.574,3915510,440843387,1-3年国债ETF,SH,511020
2024-08-16,130.078,130.16,129.95,130.088,4097500,532973323,7-10年国债ETF,SH,511260
2024-08-16,110.27,110.277,110.27,110.276,64283589,7088780880,信用债ETF,SH,511360
2024-08-16,0.893,0.898,0.893,0.896,161800,144806,短融ETF,SZ,159976
2024-08-16,5.472,5.488,5.463,5.472,493300,2700369,绿色债券ETF(南方),SH,518890
2024-08-16,0.782,0.784,0.769,0.771,468317000,362151570,绿色电力ETF,SZ,159869
2024-08-16,105.915,105.929,105.896,105.901,3898100,412884124,高等级同业存单ETF,SZ,159649
2024-08-19,112.6,112.649,112.528,112.621,3668800,413154496,1-3年国债ETF,SH,511020
2024-08-19,130.111,130.29,130.0,130.285,5163300,672171840,7-10年国债ETF,SH,511260
2024-08-19,110.264,110.276,110.262,110.273,143752740,15851483124,信用债ETF,SH,511360
2024-08-19,0.899,0.902,0.898,0.898,56412,50745,短融ETF,SZ,159976
2024-08-19,5.516,5.543,5.513,5.526,1403000,7756356,绿色债券ETF(南方),SH,518890
2024-08-19,0.77,0.784,0.766,0.779,440471462,341478647,绿色电力ETF,SZ,159869
2024-08-19,105.886,105.911,105.885,105.895,3279400,347284314,高等级同业存单ETF,SZ,159649
2024-08-20,112.636,112.714,112.621,112.68,2711200,305430031,1-3年国债ETF,SH,511020
2024-08-20,130.287,130.296,130.188,130.232,7138800,929779671,7-10年国债ETF,SH,511260
2024-08-20,110.274,110.292,110.274,110.283,112160635,12369651507,信用债ETF,SH,511360
2024-08-20,0.893,0.893,0.893,0.893,4600,4108,短融ETF,SZ,159976
2024-08-20,5.526,5.538,5.51,5.526,963900,5324633,绿色债券ETF(南方),SH,518890
2024-08-20,0.777,0.784,0.759,0.764,439658700,338067869,绿色电力ETF,SZ,159869
2024-08-20,105.931,105.931,105.862,105.878,6210500,657546293,高等级同业存单ETF,SZ,159649
2024-08-21,112.709,112.709,112.505,112.543,2947900,331753058,1-3年国债ETF,SH,511020
2024-08-21,130.24,130.28,130.04,130.091,2877890,374413093,7-10年国债ETF,SH,511260
2024-08-21,110.288,110.292,110.284,110.288,101954345,11244510173,信用债ETF,SH,511360
2024-08-21,0.895,0.897,0.891,0.891,356201,318631,短融ETF,SZ,159976
2024-08-21,5.557,5.636,5.513,5.543,1369800,7602186,绿色债券ETF(南方),SH,518890
2024-08-21,0.765,0.786,0.752,0.755,458421221,352147976,绿色电力ETF,SZ,159869
2024-08-21,105.877,105.878,105.777,105.791,2547706,269617823,高等级同业存单ETF,SZ,159649
2024-08-22,112.689,112.761,112.689,112.721,3756300,423467866,1-3年国债ETF,SH,511020
2024-08-22,130.258,130.378,130.156,130.356,4023302,524444227,7-10年国债ETF,SH,511260
2024-08-22,110.292,110.295,110.289,110.291,137983900,15218570046,信用债ETF,SH,511360
2024-08-22,0.889,0.892,0.888,0.891,343500,305416,短融ETF,SZ,159976
2024-08-22,5.545,5.56,5.525,5.538,673500,3730912,绿色债券ETF(南方),SH,518890
2024-08-22,0.747,0.759,0.724,0.727,457017600,337112870,绿色电力ETF,SZ,159869
2024-08-22,105.885,105.905,105.863,105.895,5660000,599340297,高等级同业存单ETF,SZ,159649
2024-08-23,112.715,112.8,112.643,112.758,3748800,422698086,1-3年国债ETF,SH,511020
2024-08-23,130.379,130.415,130.204,130.412,2888942,376654200,7-10年国债ETF,SH,511260
2024-08-23,110.304,110.307,110.302,110.306,70872201,7817430226,信用债ETF,SH,511360
2024-08-23,0.893,0.893,0.892,0.892,13500,12053,短融ETF,SZ,159976
2024-08-23,5.536,5.56,5.51,5.521,882900,4874337,绿色债券ETF(南方),SH,518890
2024-08-23,0.724,0.73,0.714,0.723,280212000,202373501,绿色电力ETF,SZ,159869
2024-08-23,105.9,105.961,105.878,105.953,4205402,445418714,高等级同业存单ETF,SZ,159649
2024-08-26,112.793,112.823,112.714,112.781,2702400,304798568,1-3年国债ETF,SH,511020
2024-08-26,130.413,130.484,130.308,130.421,4259800,555495492,7-10年国债ETF,SH,511260
2024-08-26,110.303,110.306,110.299,110.3,77595000,8559025293,信用债ETF,SH,511360
2024-08-26,0.899,0.901,0.898,0.9,1095800,986019,短融ETF,SZ,159976
2024-08-26,5.549,5.564,5.535,5.556,660700,3663847,绿色债券ETF(南方),SH,518890
2024-08-26,0.723,0.734,0.715,0.729,285836921,207687123,绿色电力ETF,SZ,159869
2024-08-26,105.966,105.995,105.949,105.977,4384500,464722252,高等级同业存单ETF,SZ,159649
2024-08-27,112.768,112.785,112.69,112.694,2565400,289151602,1-3年国债ETF,SH,511020
2024-08-27,130.314,130.394,130.109,130.157,3267800,425446256,7-10年国债ETF,SH,511260
2024-08-27,110.301,110.302,110.281,110.283,167434316,18467409010,信用债ETF,SH,511360
2024-08-27,5.552,5.586,5.533,5.558,1623400,9016432,绿色债券ETF(南方),SH,518890
2024-08-27,0.727,0.749,0.726,0.735,377545678,279072403,绿色电力ETF,SZ,159869
2024-08-27,105.976,105.976,105.908,105.922,6467200,685163176,高等级同业存单ETF,SZ,159649
2024-08-28,112.696,112.718,112.622,112.707,2846301,320713014,1-3年国债ETF,SH,511020
2024-08-28,130.169,130.372,130.045,130.313,3739606,487066681,7-10年国债ETF,SH,511260
2024-08-28,110.285,110.289,110.281,110.283,110227533,12156379521,信用债ETF,SH,511360
2024-08-28,5.613,5.613,5.539,5.545,871300,4845937,绿色债券ETF(南方),SH,518890
2024-08-28,0.73,0.742,0.714,0.739,365791300,266842049,绿色电力ETF,SZ,159869
2024-08-28,105.916,105.946,105.899,105.945,4286200,453948252,高等级同业存单ETF,SZ,159649
2024-08-29,112.75,112.763,112.592,112.617,1867700,210372339,1-3年国债ETF,SH,511020
2024-08-29,130.325,130.402,130.142,130.158,2931195,381674248,7-10年国债ETF,SH,511260
2024-08-29,110.29,110.298,110.277,110.279,112783565,12438831950,信用债ETF,SH,511360
2024-08-29,0.888,0.893,0.888,0.893,121300,107722,短融ETF,SZ,159976
2024-08-29,5.556,5.573,5.548,5.551,315500,1754299,绿色债券ETF(南方),SH,518890
2024-08-29,0.733,0.75,0.729,0.749,275951000,204728747,绿色电力ETF,SZ,159869
2024-08-29,105.95,105.994,105.921,105.931,5140800,544631731,高等级同业存单ETF,SZ,159649
2024-08-30,112.648,112.687,112.443,112.599,2120300,238528476,1-3年国债ETF,SH,511020
2024-08-30,130.207,130.241,129.973,130.142,3145937,409248177,7-10年国债ETF,SH,511260
2024-08-30,110.303,110.306,110.287,110.294,93147388,10273589279,信用债ETF,SH,511360
2024-08-30,0.864,0.922,0.864,0.912,316302,286476,短融ETF,SZ,159976
2024-08-30,5.551,5.567,5.53,5.542,1292300,7164911,绿色债券ETF(南方),SH,518890
2024-08-30,0.747,0.782,0.745,0.773,612868509,471622910,绿色电力ETF,SZ,159869
2024-08-30,105.968,105.968,105.901,105.936,4520100,478771040,高等级同业存单ETF,SZ,159649
2024-09-02,112.726,112.88,112.726,112.866,2499299,282049959,1-3年国债ETF,SH,511020
2024-09-02,130.33,130.428,130.193,130.382,4811399,627374332,7-10年国债ETF,SH,511260
2024-09-02,110.309,110.324,110.308,110.323,99839658,11014093651,信用债ETF,SH,511360
2024-09-02,0.906,0.906,0.9,0.9,50502,45721,短融ETF,SZ,159976
2024-09-02,5.548,5.548,5.492,5.508,703800,3875794,绿色债券ETF(南方),SH,518890
2024-09-02,0.77,0.777,0.749,0.749,525111109,399611416,绿色电力ETF,SZ,159869
2024-09-02,105.993,106.079,105.993,106.063,5050500,535612105,高等级同业存单ETF,SZ,159649
2024-09-03,112.866,112.988,112.847,112.981,2262800,255619891,1-3年国债ETF,SH,511020
2024-09-03,130.444,130.58,130.351,130.547,5977303,780269402,7-10年国债ETF,SH,511260
2024-09-03,110.332,110.34,110.332,110.334,96139392,10607587419,信用债ETF,SH,511360
2024-09-03,0.897,0.906,0.897,0.906,304300,275675,短融ETF,SZ,159976
2024-09-03,5.498,5.53,5.498,5.518,642000,3540922,绿色债券ETF(南方),SH,518890
2024-09-03,0.748,0.763,0.745,0.758,298583800,225286436,绿色电力ETF,SZ,159869
2024-09-03,106.064,106.134,106.06,106.13,5192800,551013315,高等级同业存单ETF,SZ,159649
2024-09-04,113.109,113.109,113.009,113.025,2283900,258156906,1-3年国债ETF,SH,511020
2024-09-04,130.637,130.772,130.588,130.627,2947531,385090439,7-10年国债ETF,SH,511260
2024-09-04,110.345,110.351,110.34,110.346,87517999,9657325094,信用债ETF,SH,511360
2024-09-04,0.897,0.899,0.897,0.898,359000,322382,短融ETF,SZ,159976
2024-09-04,5.546,5.547,5.488,5.49,418900,2309155,绿色债券ETF(南方),SH,518890
2024-09-04,0.751,0.758,0.745,0.749,220712211,165642301,绿色电力ETF,SZ,159869
2024-09-04,106.14,106.191,106.104,106.124,4746400,503748130,高等级同业存单ETF,SZ,159649
2024-09-05,113.047,113.135,113.045,113.122,2672100,302220941,1-3年国债ETF,SH,511020
2024-09-05,130.762,130.83,130.701,130.77,3356641,438924470,7-10年国债ETF,SH,511260
2024-09-05,110.358,110.365,110.358,110.364,74645257,8237917892,信用债ETF,SH,511360
2024-09-05,0.898,0.899,0.895,0.896,408200,365985,短融ETF,SZ,159976
2024-09-05,5.499,5.625,5.487,5.516,1275100,7019595,绿色债券ETF(南方),SH,518890
2024-09-05,0.75,0.783,0.749,0.775,548426700,422429082,绿色电力ETF,SZ,159869
2024-09-05,106.142,106.168,106.142,106.151,5609000,595455306,高等级同业存单ETF,SZ,159649
2024-09-06,113.044,113.158,113.044,113.143,2640400,298680812,1-3年国债ETF,SH,511020
2024-09-06,130.73,130.811,130.659,130.772,3535032,462322395,7-10年国债ETF,SH,511260
2024-09-06,110.377,110.379,110.374,110.377,78798630,8697485691,信用债ETF,SH,511360
2024-09-06,0.897,0.897,0.891,0.891,68100,60736,短融ETF,SZ,159976
2024-09-06,5.524,5.543,5.524,5.531,1513300,8371232,绿色债券ETF(南方),SH,518890
2024-09-06,0.773,0.781,0.763,0.769,310571600,239386000,绿色电力ETF,SZ,159869
2024-09-06,106.153,106.174,106.135,106.174,4592202,487519315,高等级同业存单ETF,SZ,159649
2024-09-09,113.074,113.197,113.06,113.19,2549300,288489221,1-3年国债ETF,SH,511020
2024-09-09,130.771,130.882,130.716,130.872,2814020,368215967,7-10年国债ETF,SH,511260
2024-09-09,110.38,110.385,110.379,110.38,117492710,12969048312,信用债ETF,SH,511360
2024-09-09,0.88,0.882,0.876,0.878,401600,352687,短融ETF,SZ,159976
2024-09-09,5.511,5.523,5.485,5.494,947000,5210697,绿色债券ETF(南方),SH,518890
2024-09-09,0.764,0.774,0.756,0.766,256318700,196058636,绿色电力ETF,SZ,159869
2024-09-09,106.173,106.223,106.162,106.202,6616400,702537006,高等级同业存单ETF,SZ,159649
2024-09-10,113.26,113.324,113.2,113.314,2612100,295809325,1-3年国债ETF,SH,511020
2024-09-10,130.887,131.1,130.887,131.022,3418001,447669662,7-10年国债ETF,SH,511260
2024-09-10,110.385,110.385,110.378,110.379,62810500,6933118067,信用债ETF,SH,511360
2024-09-10,0.88,0.88,0.877,0.878,40500,35555,短融ETF,SZ,159976
2024-09-10,5.525,5.536,5.525,5.534,458100,2533521,绿色债券ETF(南方),SH,518890
2024-09-10,0.769,0.777,0.748,0.774,376356900,286990031,绿色电力ETF,SZ,159869
2024-09-10,106.202,106.213,106.165,106.206,5120200,543819111,高等级同业存单ETF,SZ,159649
2024-09-11,113.41,113.47,113.314,113.413,2167000,245837212,1-3年国债ETF,SH,511020
2024-09-11,131.031,131.237,131.031,131.199,1396302,183113729,7-10年国债ETF,SH,511260
2024-09-11,110.384,110.386,110.378,110.378,142604823,15741232804,信用债ETF,SH,511360
2024-09-11,0.882,0.882,0.88,0.881,192800,170000,短融ETF,SZ,159976
2024-09-11,5.561,5.576,5.545,5.568,618200,3435045,绿色债券ETF(南方),SH,518890
2024-09-11,0.767,0.779,0.765,0.777,306357600,236688716,绿色电力ETF,SZ,159869
2024-09-11,106.208,106.295,106.208,106.292,4662000,495429920,高等级同业存单ETF,SZ,159649
2024-09-12,113.437,113.511,113.327,113.362,761510,86396176,1-3年国债ETF,SH,511020
2024-09-12,131.247,131.289,131.052,131.093,2151424,282247248,7-10年国债ETF,SH,511260
2024-09-12,110.381,110.385,110.378,110.382,90488100,9988238947,信用债ETF,SH,511360
2024-09-12,0.883,0.883,0.879,0.879,136400,119955,短融ETF,SZ,159976
2024-09-12,5.563,5.564,5.544,5.554,489400,2716371,绿色债券ETF(南方),SH,518890
2024-09-12,0.777,0.787,0.764,0.765,385681100,298372456,绿色电力ETF,SZ,159869
2024-09-12,106.292,106.324,106.27,106.29,2541400,270177256,高等级同业存单ETF,SZ,159649
2024-09-13,113.521,113.58,113.476,113.548,2094400,237757097,1-3年国债ETF,SH,511020
2024-09-13,131.317,131.365,131.206,131.347,1843201,241971533,7-10年国债ETF,SH,511260
2024-09-13,110.401,110.41,110.398,110.406,104541676,11541643037,信用债ETF,SH,511360
2024-09-13,0.885,0.888,0.882,0.882,26400,23362,短融ETF,SZ,159976
2024-09-13,5.622,5.649,5.622,5.639,1007300,5679082,绿色债券ETF(南方),SH,518890
2024-09-13,0.768,0.772,0.753,0.755,337147300,256953456,绿色电力ETF,SZ,159869
2024-09-13,106.291,106.33,106.291,106.317,2822300,300053107,高等级同业存单ETF,SZ,159649
2024-09-18,113.68,113.779,113.58,113.7,689400,78359904,1-3年国债ETF,SH,511020
2024-09-18,131.621,131.621,131.416,131.562,2278069,299585679,7-10年国债ETF,SH,511260
2024-09-18,110.402,110.409,110.396,110.398,123188971,13600612546,信用债ETF,SH,511360
2024-09-18,0.884,0.888,0.884,0.888,25300,22399,短融ETF,SZ,159976
2024-09-18,5.739,5.739,5.626,5.629,1108000,6244579,绿色债券ETF(南方),SH,518890
2024-09-18,0.751,0.755,0.734,0.745,274576500,203793694,绿色电力ETF,SZ,159869
2024-09-18,106.331,106.366,106.3,106.319,2220200,236036766,高等级同业存单ETF,SZ,159649
2024-09-19,113.817,113.866,113.638,113.646,1646000,187211344,1-3年国债ETF,SH,511020
2024-09-19,131.781,131.797,131.462,131.484,6566700,864326780,7-10年国债ETF,SH,511260
2024-09-19,110.406,110.433,110.406,110.423,128287770,14165763241,信用债ETF,SH,511360
2024-09-19,0.885,0.899,0.885,0.897,849500,759436,短融ETF,SZ,159976
2024-09-19,5.629,5.66,5.601,5.629,1129200,6344356,绿色债券ETF(南方),SH,518890
2024-09-19,0.747,0.77,0.741,0.765,352112200,267110282,绿色电力ETF,SZ,159869
2024-09-19,106.318,106.362,106.255,106.26,3983300,423450103,高等级同业存单ETF,SZ,159649
2024-09-20,113.661,113.761,113.661,113.753,2499900,284378595,1-3年国债ETF,SH,511020
2024-09-20,131.584,131.707,131.565,131.693,3669191,483127922,7-10年国债ETF,SH,511260
2024-09-20,110.437,110.446,110.436,110.443,74077675,8181271944,信用债ETF,SH,511360
2024-09-20,0.898,0.901,0.896,0.901,27600,24806,短融ETF,SZ,159976
2024-09-20,5.675,5.675,5.644,5.672,1936900,10957645,绿色债券ETF(南方),SH,518890
2024-09-20,0.765,0.765,0.753,0.76,248760533,188664839,绿色电力ETF,SZ,159869
2024-09-20,106.294,106.32,106.293,106.319,5487100,583347710,高等级同业存单ETF,SZ,159649
2024-09-23,113.755,113.809,113.705,113.793,4901400,557415353,1-3年国债ETF,SH,511020
2024-09-23,131.73,131.815,131.68,131.758,3396102,447404380,7-10年国债ETF,SH,511260
2024-09-23,110.45,110.455,110.443,110.447,126558160,13978120658,信用债ETF,SH,511360
2024-09-23,0.902,0.905,0.901,0.905,251600,226895,短融ETF,SZ,159976
2024-09-23,5.707,5.745,5.702,5.735,530241,3035481,绿色债券ETF(南方),SH,518890
2024-09-23,0.758,0.767,0.753,0.755,265410380,201577725,绿色电力ETF,SZ,159869
2024-09-23,106.32,106.352,106.308,106.321,6389100,679320744,高等级同业存单ETF,SZ,159649
2024-09-24,113.9,113.916,113.415,113.532,1079800,122848306,1-3年国债ETF,SH,511020
2024-09-24,131.953,131.953,131.122,131.289,2941550,386802609,7-10年国债ETF,SH,511260
2024-09-24,110.452,110.454,110.43,110.435,123507351,13640512212,信用债ETF,SH,511360
2024-09-24,0.913,0.933,0.904,0.932,1197900,1112503,短融ETF,SZ,159976
2024-09-24,5.9,5.905,5.711,5.723,663181,3802721,绿色债券ETF(南方),SH,518890
2024-09-24,0.762,0.786,0.75,0.786,520625100,401573080,绿色电力ETF,SZ,159869
2024-09-24,106.358,106.358,106.264,106.325,1388900,147661035,高等级同业存单ETF,SZ,159649
2024-09-25,113.53,113.856,112.69,113.85,551000,62580417,1-3年国债ETF,SH,511020
2024-09-25,131.269,131.709,130.63,131.706,2627437,345004273,7-10年国债ETF,SH,511260
2024-09-25,110.433,110.451,110.407,110.449,117889418,13019814396,信用债ETF,SH,511360
2024-09-25,0.943,0.964,0.943,0.949,1852600,1773673,短融ETF,SZ,159976
2024-09-25,5.735,5.787,5.735,5.766,1245300,7186678,绿色债券ETF(南方),SH,518890
2024-09-25,0.801,0.823,0.792,0.796,716595800,577330305,绿色电力ETF,SZ,159869
2024-09-25,106.329,106.472,106.329,106.47,5537828,589498885,高等级同业存单ETF,SZ,159649
2024-09-26,113.872,113.945,113.57,113.631,592300,67382526,1-3年国债ETF,SH,511020
2024-09-26,131.81,131.85,131.318,131.346,2375900,312720783,7-10年国债ETF,SH,511260
2024-09-26,110.461,110.469,110.441,110.442,102027488,11269568474,信用债ETF,SH,511360
2024-09-26,0.948,0.987,0.948,0.987,825920,792811,短融ETF,SZ,159976
2024-09-26,5.784,5.804,5.765,5.773,1256600,7257771,绿色债券ETF(南方),SH,518890
2024-09-26,0.794,0.831,0.792,0.83,749259759,607374451,绿色电力ETF,SZ,159869
2024-09-26,106.495,106.53,106.458,106.461,3191000,339816662,高等级同业存单ETF,SZ,159649
2024-09-27,113.194,113.413,112.244,112.873,259200,29291295,1-3年国债ETF,SH,511020
2024-09-27,130.75,130.95,129.701,130.263,1814591,236549443,7-10年国债ETF,SH,511260
2024-09-27,110.422,110.425,110.001,110.362,30734096,3392307107,信用债ETF,SH,511360
2024-09-27,0.99,1.023,0.98,1.012,1191901,1205321,短融ETF,SZ,159976
2024-09-27,5.785,5.793,5.774,5.774,53200,307783,绿色债券ETF(南方),SH,518890
2024-09-27,0.846,0.899,0.837,0.887,1143256778,987509386,绿色电力ETF,SZ,159869
2024-09-27,106.411,106.411,106.239,106.244,1063845,113113369,高等级同业存单ETF,SZ,159649
2024-09-30,112.2,112.595,110.629,112.254,859646,96345788,1-3年国债ETF,SH,511020
2024-09-30,129.2,129.99,128.0,129.767,4020258,520365492,7-10年国债ETF,SH,511260
2024-09-30,110.34,110.459,110.252,110.455,69204544,7637919235,信用债ETF,SH,511360
2024-09-30,1.032,1.11,1.032,1.103,2650526,2880408,短融ETF,SZ,159976
2024-09-30,5.69,5.762,5.69,5.74,1764219,10118051,绿色债券ETF(南方),SH,518890
2024-09-30,0.933,0.976,0.907,0.976,1056955166,1001008869,绿色电力ETF,SZ,159869
2024-09-30,106.159,106.159,105.3,106.138,1378813,146039937,高等级同业存单ETF,SZ,159649
2024-10-08,112.056,112.84,111.6,112.658,1007920,113419260,1-3年国债ETF,SH,511020
2024-10-08,128.674,130.195,128.674,129.941,2662647,345819847,7-10年国债ETF,SH,511260
2024-10-08,110.298,110.416,110.018,110.397,77383333,8537975810,信用债ETF,SH,511360
2024-10-08,1.213,1.213,1.129,1.175,2725739,3214588,短融ETF,SZ,159976
2024-10-08,5.741,5.8,5.734,5.737,751426,4323881,绿色债券ETF(南方),SH,518890
2024-10-08,1.074,1.074,1.0,1.074,1379994405,1459656426,绿色电力ETF,SZ,159869
2024-10-08,106.157,106.157,105.208,106.035,2390969,253337444,高等级同业存单ETF,SZ,159649
2024-10-09,112.658,113.784,112.36,112.669,1881900,211993916,1-3年国债ETF,SH,511020
2024-10-09,130.116,130.27,129.951,130.197,3707271,482231768,7-10年国债ETF,SH,511260
2024-10-09,110.438,110.45,110.416,110.439,86734234,9578692318,信用债ETF,SH,511360
2024-10-09,1.173,1.173,1.093,1.103,2477795,2770189,短融ETF,SZ,159976
2024-10-09,5.732,5.732,5.572,5.67,453900,2576599,绿色债券ETF(南方),SH,518890
2024-10-09,1.038,1.045,0.967,0.968,907702660,913389187,绿色电力ETF,SZ,159869
2024-10-09,106.044,106.138,105.948,106.019,1293900,137143637,高等级同业存单ETF,SZ,159649
2024-10-10,112.65,113.075,112.55,113.0,632750,71385821,1-3年国债ETF,SH,511020
2024-10-10,130.197,130.768,130.001,130.765,2615136,341002300,7-10年国债ETF,SH,511260
2024-10-10,110.412,110.438,110.355,110.43,116851211,12902964400,信用债ETF,SH,511360
2024-10-10,1.103,1.139,1.1,1.113,1622205,1814583,短融ETF,SZ,159976
2024-10-10,5.67,5.839,5.667,5.685,692966,3934505,绿色债券ETF(南方),SH,518890
2024-10-10,0.976,0.998,0.933,0.947,1038753821,1003351815,绿色电力ETF,SZ,159869
2024-10-10,106.08,106.198,106.08,106.196,2756750,292649848,高等级同业存单ETF,SZ,159649
2024-10-11,113.177,113.299,113.1,113.25,2019400,228597176,1-3年国债ETF,SH,511020
2024-10-11,130.835,130.877,130.575,130.674,3998400,522887749,7-10年国债ETF,SH,511260
2024-10-11,110.46,110.485,110.454,110.476,88559117,9783098941,信用债ETF,SH,511360
2024-10-11,1.113,1.113,1.081,1.087,382103,418041,短融ETF,SZ,159976
2024-10-11,5.725,5.778,5.725,5.764,720500,4151761,绿色债券ETF(南方),SH,518890
2024-10-11,0.94,0.942,0.887,0.901,573966571,523767238,绿色电力ETF,SZ,159869
2024-10-11,106.346,106.346,106.258,106.306,3335900,354586563,高等级同业存单ETF,SZ,159649
2024-10-14,113.253,113.379,113.119,113.142,2676900,302888615,1-3年国债ETF,SH,511020
2024-10-14,130.788,130.8,130.65,130.684,3503700,457963286,7-10年国债ETF,SH,511260
2024-10-14,110.525,110.53,110.518,110.527,103622557,11452891993,信用债ETF,SH,511360
2024-10-14,1.087,1.12,1.079,1.1,757900,827374,短融ETF,SZ,159976
2024-10-14,5.766,5.855,5.766,5.816,1009300,5843345,绿色债券ETF(南方),SH,518890
2024-10-14,0.9,0.931,0.882,0.93,566125070,513079767,绿色电力ETF,SZ,159869
2024-10-14,106.322,106.379,106.305,106.32,6574600,699209569,高等级同业存单ETF,SZ,159649
2024-10-15,113.19,113.25,113.122,113.241,2956990,334790335,1-3年国债ETF,SH,511020
2024-10-15,130.709,130.866,130.64,130.86,5500762,718979267,7-10年国债ETF,SH,511260
2024-10-15,110.552,110.569,110.551,110.566,185632122,20523031280,信用债ETF,SH,511360
2024-10-15,1.096,1.1,1.072,1.072,171215,186930,短融ETF,SZ,159976
2024-10-15,5.815,5.85,5.781,5.817,737600,4284034,绿色债券ETF(南方),SH,518890
2024-10-15,0.915,0.965,0.912,0.929,617054697,583120917,绿色电力ETF,SZ,159869
2024-10-15,106.339,106.388,106.338,106.388,4210000,447720243,高等级同业存单ETF,SZ,159649
2024-10-16,113.25,113.3,113.21,113.238,2338400,264781177,1-3年国债ETF,SH,511020
2024-10-16,130.89,130.997,130.772,130.857,4451800,582556650,7-10年国债ETF,SH,511260
2024-10-16,110.575,110.58,110.568,110.571,130377738,14416714088,信用债ETF,SH,511360
2024-10-16,1.062,1.072,1.057,1.064,1203100,1285745,短融ETF,SZ,159976
2024-10-16,5.852,5.909,5.848,5.904,1380666,8107783,绿色债券ETF(南方),SH,518890
2024-10-16,0.91,0.964,0.908,0.95,645456485,608405596,绿色电力ETF,SZ,159869
2024-10-16,106.391,106.4,106.362,106.362,2680900,285183655,高等级同业存单ETF,SZ,159649
2024-10-17,113.238,113.35,113.215,113.35,1916400,217141287,1-3年国债ETF,SH,511020
2024-10-17,130.875,131.077,130.804,131.06,8368140,1096175479,7-10年国债ETF,SH,511260
2024-10-17,110.565,110.578,110.56,110.576,104238377,11525404442,信用债ETF,SH,511360
2024-10-17,1.072,1.084,1.056,1.056,618615,665355,短融ETF,SZ,159976
2024-10-17,5.948,5.95,5.901,5.921,1091032,6454439,绿色债券ETF(南方),SH,518890
2024-10-17,0.954,0.993,0.946,0.967,712470074,691557672,绿色电力ETF,SZ,159869
2024-10-17,106.336,106.417,106.336,106.396,3479300,370151577,高等级同业存单ETF,SZ,159649
2024-10-18,113.516,113.517,113.185,113.3,346310,39240175,1-3年国债ETF,SH,511020
2024-10-18,131.303,131.303,130.828,131.001,5405824,708013126,7-10年国债ETF,SH,511260
2024-10-18,110.577,110.589,110.567,110.574,66471325,7350326272,信用债ETF,SH,511360
2024-10-18,1.059,1.109,1.059,1.091,2822000,3048372,短融ETF,SZ,159976
2024-10-18,5.953,6.037,5.933,5.957,1887900,11295778,绿色债券ETF(南方),SH,518890
2024-10-18,0.96,1.018,0.943,0.992,777920591,761786412,绿色电力ETF,SZ,159869
2024-10-18,106.445,106.466,106.352,106.382,1222710,130082984,高等级同业存单ETF,SZ,159649
2024-10-21,113.299,113.299,113.111,113.272,2708800,306778753,1-3年国债ETF,SH,511020
2024-10-21,130.975,131.034,130.892,131.012,3948830,517216184,7-10年国债ETF,SH,511260
2024-10-21,110.573,110.62,110.568,110.605,91589091,10128468912,信用债ETF,SH,511360
2024-10-21,1.113,1.113,1.084,1.097,3907900,4284342,短融ETF,SZ,159976
2024-10-21,6.055,6.076,5.996,6.042,1734111,10433606,绿色债券ETF(南方),SH,518890
2024-10-21,0.985,1.056,0.985,1.038,909195940,934309306,绿色电力ETF,SZ,159869
2024-10-21,106.35,106.389,106.35,106.373,8051400,856478478,高等级同业存单ETF,SZ,159649
2024-10-22,113.349,113.349,113.222,113.299,5057500,572780244,1-3年国债ETF,SH,511020
2024-10-22,131.013,131.067,130.905,130.929,2485703,325599285,7-10年国债ETF,SH,511260
2024-10-22,110.609,110.623,110.601,110.617,110064083,12174204139,信用债ETF,SH,511360
2024-10-22,1.118,1.118,1.095,1.1,3369802,3710379,短融ETF,SZ,159976
2024-10-22,6.042,6.042,6.021,6.036,5981400,36095030,绿色债券ETF(南方),SH,518890
2024-10-22,1.046,1.076,1.026,1.03,798511818,836729498,绿色电力ETF,SZ,159869
2024-10-22,106.373,106.382,106.331,106.335,4423300,470451770,高等级同业存单ETF,SZ,159649
2024-10-23,113.159,113.229,113.001,113.05,2495800,282149762,1-3年国债ETF,SH,511020
2024-10-23,130.854,130.869,130.514,130.683,2056128,268634989,7-10年国债ETF,SH,511260
2024-10-23,110.616,110.623,110.609,110.621,77650842,8589377657,信用债ETF,SH,511360
2024-10-23,1.102,1.12,1.102,1.109,261900,289984,短融ETF,SZ,159976
2024-10-23,6.053,6.079,6.04,6.073,4491750,27176567,绿色债券ETF(南方),SH,518890
2024-10-23,1.023,1.03,1.004,1.009,810287395,824497591,绿色电力ETF,SZ,159869
2024-10-23,106.334,106.334,106.185,106.215,4134800,439168423,高等级同业存单ETF,SZ,159649
2024-10-24,113.095,113.186,113.05,113.05,5600400,633352103,1-3年国债ETF,SH,511020
2024-10-24,130.751,130.828,130.62,130.64,3213700,420185909,7-10年国债ETF,SH,511260
2024-10-24,110.62,110.626,110.615,110.624,80993575,8959522330,信用债ETF,SH,511360
2024-10-24,1.107,1.107,1.094,1.095,60802,66781,短融ETF,SZ,159976
2024-10-24,6.029,6.029,5.988,6.014,4039700,24233393,绿色债券ETF(南方),SH,518890
2024-10-24,1.0,1.002,0.983,0.994,278855768,276737797,绿色电力ETF,SZ,159869
2024-10-24,106.246,106.292,106.246,106.276,4682200,497604715,高等级同业存单ETF,SZ,159649
2024-10-25,113.05,113.05,112.94,112.993,2728090,308236410,1-3年国债ETF,SH,511020
2024-10-25,130.642,130.647,130.507,130.561,3247200,424063364,7-10年国债ETF,SH,511260
2024-10-25,110.624,110.629,110.621,110.622,81249401,8988178862,信用债ETF,SH,511360
2024-10-25,1.149,1.185,1.097,1.099,282000,312051,短融ETF,SZ,159976
2024-10-25,6.012,6.037,6.005,6.021,2070300,12450002,绿色债券ETF(南方),SH,518890
2024-10-25,0.994,1.035,0.994,1.026,547783306,556672783,绿色电力ETF,SZ,159869
2024-10-25,106.271,106.276,106.24,106.27,2744700,291631258,高等级同业存单ETF,SZ,159649
2024-10-28,113.062,113.062,112.924,112.966,2520608,284762927,1-3年国债ETF,SH,511020
2024-10-28,130.655,130.655,130.481,130.506,3559500,464595785,7-10年国债ETF,SH,511260
2024-10-28,110.623,110.629,110.621,110.622,121850457,13479738868,信用债ETF,SH,511360
2024-10-28,1.121,1.17,1.062,1.101,524600,585879,短融ETF,SZ,159976
2024-10-28,6.0,6.05,6.0,6.04,659300,3972802,绿色债券ETF(南方),SH,518890
2024-10-28,1.027,1.061,1.021,1.053,667998560,697901158,绿色电力ETF,SZ,159869
2024-10-28,106.303,106.337,106.28,106.29,4035510,428987254,高等级同业存单ETF,SZ,159649
2024-10-29,113.01,113.046,112.892,113.046,1851100,209196836,1-3年国债ETF,SH,511020
2024-10-29,130.555,130.698,130.462,130.695,2102100,274535240,7-10年国债ETF,SH,511260
2024-10-29,110.63,110.634,110.627,110.633,144942601,16035205869,信用债ETF,SH,511360
2024-10-29,1.096,1.109,1.084,1.095,544312,599043,短融ETF,SZ,159976
2024-10-29,6.05,6.095,6.05,6.089,1732306,10533795,绿色债券ETF(南方),SH,518890
2024-10-29,1.067,1.068,1.032,1.035,571627794,598598615,绿色电力ETF,SZ,159869
2024-10-29,106.311,106.353,106.3,106.35,4475300,475813046,高等级同业存单ETF,SZ,159649
2024-10-30,113.048,113.087,112.99,113.018,2356100,266390642,1-3年国债ETF,SH,511020
2024-10-30,130.7,130.74,130.626,130.686,3387519,442767699,7-10年国债ETF,SH,511260
2024-10-30,110.638,110.647,110.635,110.644,97174945,10751606102,信用债ETF,SH,511360
2024-10-30,1.094,1.112,1.085,1.091,6023001,6584442,短融ETF,SZ,159976
2024-10-30,6.145,6.27,6.121,6.155,1345906,8275869,绿色债券ETF(南方),SH,518890
2024-10-30,1.026,1.051,1.017,1.031,346073012,357446400,绿色电力ETF,SZ,159869
2024-10-30,106.435,106.435,106.341,106.354,2605600,277176145,高等级同业存单ETF,SZ,159649
2024-10-31,113.044,113.09,113.006,113.082,2121700,239843100,1-3年国债ETF,SH,511020
2024-10-31,130.696,130.725,130.62,130.716,3111800,406625895,7-10年国债ETF,SH,511260
2024-10-31,110.653,110.66,110.65,110.659,141744902,15684721310,信用债ETF,SH,511360
2024-10-31,1.084,1.092,1.081,1.082,397402,430564,短融ETF,SZ,159976
2024-10-31,6.276,6.278,6.124,6.126,1286595,7907974,绿色债券ETF(南方),SH,518890
2024-10-31,1.026,1.051,1.009,1.029,375347326,387257799,绿色电力ETF,SZ,159869
2024-10-31,106.354,106.402,106.354,106.393,1840400,195779216,高等级同业存单ETF,SZ,159649
2024-11-01,113.179,113.277,113.089,113.27,214310,24263186,1-3年国债ETF,SH,511020
2024-11-01,130.75,130.953,130.75,130.919,1738780,227533988,7-10年国债ETF,SH,511260
2024-11-01,110.677,110.678,110.672,110.676,79010402,8744521150,信用债ETF,SH,511360
2024-11-01,1.087,1.093,1.081,1.085,0,0,短融ETF,SZ,159976
2024-11-01,6.091,6.092,6.045,6.069,800400,4860326,绿色债券ETF(南方),SH,518890
2024-11-01,1.018,1.038,0.989,0.989,0,0,绿色电力ETF,SZ,159869
2024-11-01,106.395,106.495,106.395,106.484,1097700,116863039,高等级同业存单ETF,SZ,159649
2024-11-04,113.302,113.37,113.254,113.282,2565990,290792806,1-3年国债ETF,SH,511020
2024-11-04,130.991,131.0,130.891,130.938,3055600,400168948,7-10年国债ETF,SH,511260
2024-11-04,110.685,110.691,110.685,110.69,95160385,10533173879,信用债ETF,SH,511360
2024-11-04,1.086,1.098,1.086,1.098,323100,353308,短融ETF,SZ,159976
2024-11-04,6.045,6.045,6.008,6.025,930100,5600803,绿色债券ETF(南方),SH,518890
2024-11-04,0.987,1.02,0.987,1.013,307857263,309708085,绿色电力ETF,SZ,159869
2024-11-04,106.485,106.513,106.469,106.499,4762200,507157721,高等级同业存单ETF,SZ,159649
2024-11-05,113.317,113.384,113.214,113.318,3946500,447145122,1-3年国债ETF,SH,511020
2024-11-05,131.0,131.005,130.899,130.994,2931100,383890040,7-10年国债ETF,SH,511260
2024-11-05,110.699,110.702,110.695,110.697,78508118,8690709928,信用债ETF,SH,511360
2024-11-05,1.095,1.124,1.095,1.122,490809,545911,短融ETF,SZ,159976
2024-11-05,6.023,6.027,5.987,6.022,1817845,10919448,绿色债券ETF(南方),SH,518890
2024-11-05,1.013,1.046,1.007,1.046,458976603,472738627,绿色电力ETF,SZ,159869
2024-11-05,106.499,106.499,106.46,106.484,4747900,505563676,高等级同业存单ETF,SZ,159649
2024-11-06,113.4,113.472,113.37,113.386,760500,86266571,1-3年国债ETF,SH,511020
2024-11-06,131.003,131.184,131.003,131.078,1673100,219338498,7-10年国债ETF,SH,511260
2024-11-06,110.702,110.706,110.699,110.706,132256010,14641013064,信用债ETF,SH,511360
2024-11-06,1.122,1.129,1.101,1.105,3935803,4381087,短融ETF,SZ,159976
2024-11-06,6.053,6.083,5.998,6.006,1842663,11150628,绿色债券ETF(南方),SH,518890
2024-11-06,1.049,1.103,1.038,1.081,1234504357,1330993816,绿色电力ETF,SZ,159869
2024-11-06,106.455,106.515,106.455,106.48,3337000,355372896,高等级同业存单ETF,SZ,159649
2024-11-07,113.449,113.475,113.4,113.46,1820500,206508446,1-3年国债ETF,SH,511020
2024-11-07,131.129,131.182,131.078,131.106,2886100,378435187,7-10年国债ETF,SH,511260
2024-11-07,110.71,110.713,110.705,110.708,83453738,9239162527,信用债ETF,SH,511360
2024-11-07,1.106,1.135,1.101,1.135,778408,871279,短融ETF,SZ,159976
2024-11-07,5.932,5.932,5.851,5.882,1970644,11603411,绿色债券ETF(南方),SH,518890
2024-11-07,1.063,1.089,1.052,1.087,1201276259,1283777874,绿色电力ETF,SZ,159869
2024-11-07,106.5,106.563,106.5,106.517,5574600,593890179,高等级同业存单ETF,SZ,159649
2024-11-08,113.467,113.555,113.105,113.555,1131500,128434610,1-3年国债ETF,SH,511020
2024-11-08,131.173,131.3,131.101,131.284,2565600,336680502,7-10年国债ETF,SH,511260
2024-11-08,110.705,110.719,110.702,110.716,102946714,11397375273,信用债ETF,SH,511360
2024-11-08,1.134,1.15,1.132,1.134,628507,716657,短融ETF,SZ,159976
2024-11-08,5.958,5.958,5.918,5.927,2173300,12903834,绿色债券ETF(南方),SH,518890
2024-11-08,1.09,1.098,1.06,1.066,758748057,817593222,绿色电力ETF,SZ,159869
2024-11-08,106.517,106.545,106.501,106.535,4739500,504938255,高等级同业存单ETF,SZ,159649
2024-11-11,113.56,113.618,113.557,113.57,1001400,113738815,1-3年国债ETF,SH,511020
2024-11-11,131.33,131.366,131.303,131.324,1990700,261439028,7-10年国债ETF,SH,511260
2024-11-11,110.718,110.737,110.718,110.736,138703701,15358586022,信用债ETF,SH,511360
2024-11-11,1.134,1.136,1.116,1.136,505300,568483,短融ETF,SZ,159976
2024-11-11,5.923,5.936,5.915,5.929,1442800,8548768,绿色债券ETF(南方),SH,518890
2024-11-11,1.054,1.123,1.051,1.121,684217760,749256663,绿色电力ETF,SZ,159869
2024-11-11,106.51,106.564,106.51,106.547,3343210,356225728,高等级同业存单ETF,SZ,159649
2024-11-12,113.628,113.785,113.628,113.782,1285500,146214129,1-3年国债ETF,SH,511020
2024-11-12,131.388,131.6,131.352,131.6,2467500,324571224,7-10年国债ETF,SH,511260
2024-11-12,110.751,110.766,110.751,110.762,135101602,14963314132,信用债ETF,SH,511360
2024-11-12,1.136,1.15,1.117,1.123,2372100,2694981,短融ETF,SZ,159976
2024-11-12,5.845,5.862,5.824,5.83,371900,2175465,绿色债券ETF(南方),SH,518890
2024-11-12,1.116,1.12,1.072,1.084,714728563,783998264,绿色电力ETF,SZ,159869
2024-11-12,106.549,106.597,106.549,106.576,2858600,304664891,高等级同业存单ETF,SZ,159649
2024-11-13,113.786,113.829,113.703,113.802,2888900,328703013,1-3年国债ETF,SH,511020
2024-11-13,131.596,131.677,131.53,131.588,4069900,535543758,7-10年国债ETF,SH,511260
2024-11-13,110.767,110.767,110.759,110.761,177035319,19608928455,信用债ETF,SH,511360
2024-11-13,1.123,1.123,1.11,1.119,114000,127104,短融ETF,SZ,159976
2024-11-13,5.827,5.858,5.816,5.816,561800,3272384,绿色债券ETF(南方),SH,518890
2024-11-13,1.078,1.117,1.074,1.109,799533058,878506237,绿色电力ETF,SZ,159869
2024-11-13,106.576,106.595,106.568,106.573,2745300,292576092,高等级同业存单ETF,SZ,159649
2024-11-14,113.792,113.792,113.705,113.75,1619100,184156000,1-3年国债ETF,SH,511020
2024-11-14,131.53,131.57,131.48,131.562,2705800,355856581,7-10年国债ETF,SH,511260
2024-11-14,110.765,110.772,110.765,110.771,92690732,10267095234,信用债ETF,SH,511360
2024-11-14,1.123,1.123,1.104,1.104,517600,579360,短融ETF,SZ,159976
2024-11-14,5.745,5.751,5.699,5.71,1105600,6328253,绿色债券ETF(南方),SH,518890
2024-11-14,1.113,1.141,1.08,1.083,446067800,497072149,绿色电力ETF,SZ,159869
2024-11-14,106.572,106.586,106.551,106.572,3656400,389635212,高等级同业存单ETF,SZ,159649
2024-11-15,113.833,113.841,113.751,113.8,472100,53717293,1-3年国债ETF,SH,511020
2024-11-15,131.585,131.67,131.53,131.625,3271300,430561257,7-10年国债ETF,SH,511260
2024-11-15,110.776,110.788,110.776,110.784,107949310,11958972356,信用债ETF,SH,511360
2024-11-15,1.106,1.107,1.088,1.088,471900,515204,短融ETF,SZ,159976
2024-11-15,5.736,5.738,5.705,5.716,1375600,7868461,绿色债券ETF(南方),SH,518890
2024-11-15,1.076,1.132,1.072,1.075,765552469,844835546,绿色电力ETF,SZ,159869
2024-11-15,106.572,106.621,106.571,106.575,3842900,409609584,高等级同业存单ETF,SZ,159649
2024-11-18,113.8,113.8,113.629,113.682,679300,77248371,1-3年国债ETF,SH,511020
2024-11-18,131.623,131.623,131.389,131.41,6720400,883543975,7-10年国债ETF,SH,511260
2024-11-18,110.783,110.79,110.78,110.784,127874156,14166677220,信用债ETF,SH,511360
2024-11-18,1.088,1.096,1.071,1.076,77400,83768,短融ETF,SZ,159976
2024-11-18,5.777,5.802,5.77,5.786,1049500,6069149,绿色债券ETF(南方),SH,518890
2024-11-18,1.086,1.088,1.0,1.009,640055497,652720171,绿色电力ETF,SZ,159869
2024-11-18,106.575,106.579,106.51,106.53,5034720,536416590,高等级同业存单ETF,SZ,159649
2024-11-19,113.678,113.682,113.579,113.63,445600,50641069,1-3年国债ETF,SH,511020
2024-11-19,131.4,131.525,131.29,131.467,1529700,201105160,7-10年国债ETF,SH,511260
2024-11-19,110.789,110.798,110.785,110.794,108777398,12051871117,信用债ETF,SH,511360
2024-11-19,1.076,1.083,1.068,1.083,495228,531942,短融ETF,SZ,159976
2024-11-19,5.836,5.899,5.831,5.881,479600,2812309,绿色债券ETF(南方),SH,518890
2024-11-19,1.006,1.027,0.993,1.027,465361500,469416162,绿色电力ETF,SZ,159869
2024-11-19,106.535,106.569,106.506,106.555,3371500,359206924,高等级同业存单ETF,SZ,159649
2024-11-20,113.696,113.724,113.665,113.708,412000,46843671,1-3年国债ETF,SH,511020
2024-11-20,131.522,131.582,131.47,131.532,4910700,645819214,7-10年国债ETF,SH,511260
2024-11-20,110.803,110.806,110.8,110.803,97642884,10819105708,信用债ETF,SH,511360
2024-11-20,1.085,1.093,1.082,1.091,91800,99711,短融ETF,SZ,159976
2024-11-20,5.897,5.915,5.888,5.888,2497300,14749422,绿色债券ETF(南方),SH,518890
2024-11-20,1.023,1.076,1.019,1.064,635478633,669385129,绿色电力ETF,SZ,159869
2024-11-20,106.566,106.587,106.557,106.578,2659600,283431430,高等级同业存单ETF,SZ,159649
2024-11-21,113.72,113.83,113.718,113.83,1819800,207100051,1-3年国债ETF,SH,511020
2024-11-21,131.539,131.69,131.518,131.683,2892000,380603604,7-10年国债ETF,SH,511260
2024-11-21,110.808,110.812,110.807,110.808,146621156,16246944336,信用债ETF,SH,511360
2024-11-21,1.085,1.089,1.083,1.087,88800,96467,短融ETF,SZ,159976
2024-11-21,5.932,5.964,5.931,5.952,1275800,7579639,绿色债券ETF(南方),SH,518890
2024-11-21,1.057,1.08,1.047,1.063,482713102,513155926,绿色电力ETF,SZ,159869
2024-11-21,106.58,106.615,106.573,106.61,1843600,196535311,高等级同业存单ETF,SZ,159649
2024-11-22,113.892,113.932,113.828,113.909,4016300,457287315,1-3年国债ETF,SH,511020
2024-11-22,131.785,131.785,131.684,131.762,3587100,472518831,7-10年国债ETF,SH,511260
2024-11-22,110.816,110.82,110.796,110.807,182261821,20197148757,信用债ETF,SH,511360
2024-11-22,1.087,1.088,1.06,1.06,1398801,1516065,短融ETF,SZ,159976
2024-11-22,5.992,6.058,5.989,6.025,1495200,8990786,绿色债券ETF(南方),SH,518890
2024-11-22,1.056,1.099,1.04,1.043,497804761,535801346,绿色电力ETF,SZ,159869
2024-11-22,106.616,106.638,106.611,106.632,4373678,466305468,高等级同业存单ETF,SZ,159649
2024-11-25,113.9,114.0,113.852,113.981,3045800,347175320,1-3年国债ETF,SH,511020
2024-11-25,131.727,131.951,131.719,131.926,3608800,475963360,7-10年国债ETF,SH,511260
2024-11-25,110.817,110.818,110.809,110.814,168637466,18687526162,信用债ETF,SH,511360
2024-11-25,1.062,1.062,1.048,1.05,166703,175046,短融ETF,SZ,159976
2024-11-25,6.025,6.034,5.928,5.941,3486700,20895239,绿色债券ETF(南方),SH,518890
2024-11-25,1.047,1.062,1.016,1.06,659868621,687169565,绿色电力ETF,SZ,159869
2024-11-25,106.631,106.662,106.611,106.642,6530000,696419336,高等级同业存单ETF,SZ,159649
2024-11-26,113.998,114.08,113.998,114.08,1448930,165207509,1-3年国债ETF,SH,511020
2024-11-26,131.965,132.117,131.943,132.1,2898600,382565031,7-10年国债ETF,SH,511260
2024-11-26,110.822,110.827,110.816,110.82,204679783,22683412269,信用债ETF,SH,511360
2024-11-26,1.058,1.058,1.052,1.052,314312,331573,短融ETF,SZ,159976
2024-11-26,5.857,5.937,5.843,5.86,658400,3859280,绿色债券ETF(南方),SH,518890
2024-11-26,1.054,1.097,1.044,1.05,843772400,900541880,绿色电力ETF,SZ,159869
2024-11-26,106.642,106.677,106.642,106.661,2873300,306441828,高等级同业存单ETF,SZ,159649
2024-11-27,114.041,114.125,114.031,114.049,2143200,244486110,1-3年国债ETF,SH,511020
2024-11-27,132.067,132.154,131.967,131.975,2438000,321989475,7-10年国债ETF,SH,511260
2024-11-27,110.831,110.833,110.821,110.826,163933161,18168595674,信用债ETF,SH,511360
2024-11-27,1.049,1.066,1.045,1.066,249300,262293,短融ETF,SZ,159976
2024-11-27,5.868,5.92,5.867,5.919,1362048,8038751,绿色债券ETF(南方),SH,518890
2024-11-27,1.039,1.11,1.025,1.109,706418912,754083553,绿色电力ETF,SZ,159869
2024-11-27,106.662,106.667,106.64,106.644,1130100,120525390,高等级同业存单ETF,SZ,159649
2024-11-28,114.049,114.136,114.02,114.101,2350900,268185099,1-3年国债ETF,SH,511020
2024-11-28,131.982,132.17,131.975,132.164,1971100,260342478,7-10年国债ETF,SH,511260
2024-11-28,110.846,110.854,110.843,110.853,260549267,28881081256,信用债ETF,SH,511360
2024-11-28,1.066,1.068,1.056,1.063,7600,8082,短融ETF,SZ,159976
2024-11-28,5.859,5.899,5.845,5.894,1972619,11576479,绿色债券ETF(南方),SH,518890
2024-11-28,1.11,1.135,1.086,1.09,633727527,703259006,绿色电力ETF,SZ,159869
2024-11-28,106.654,106.691,106.651,106.685,2887600,308036648,高等级同业存单ETF,SZ,159649
2024-11-29,114.249,114.267,114.114,114.251,2192300,250389543,1-3年国债ETF,SH,511020
2024-11-29,132.26,132.362,132.103,132.309,3841600,508119203,7-10年国债ETF,SH,511260
2024-11-29,110.867,110.868,110.856,110.866,226858854,25150258899,信用债ETF,SH,511360
2024-11-29,1.06,1.078,1.06,1.064,65600,69999,短融ETF,SZ,159976
2024-11-29,5.896,5.944,5.896,5.941,1422101,8434247,绿色债券ETF(南方),SH,518890
2024-11-29,1.083,1.116,1.063,1.1,661360206,721235695,绿色电力ETF,SZ,159869
2024-11-29,106.735,106.795,106.716,106.758,3659400,390651709,高等级同业存单ETF,SZ,159649
2024-12-02,114.405,114.626,114.405,114.625,2142700,245404983,1-3年国债ETF,SH,511020
2024-12-02,132.49,132.61,132.361,132.605,3657600,484692974,7-10年国债ETF,SH,511260
2024-12-02,110.881,110.889,110.88,110.889,251934358,27935576478,信用债ETF,SH,511360
2024-12-02,1.069,1.081,1.069,1.079,167708,180104,短融ETF,SZ,159976
2024-12-02,5.883,5.933,5.861,5.886,2169900,12785537,绿色债券ETF(南方),SH,518890
2024-12-02,1.095,1.128,1.094,1.117,578963889,645272114,绿色电力ETF,SZ,159869
2024-12-02,106.832,106.962,106.832,106.945,3082300,329659360,高等级同业存单ETF,SZ,159649
2024-12-03,114.63,114.68,114.558,114.623,1547700,177362394,1-3年国债ETF,SH,511020
2024-12-03,132.677,132.75,132.627,132.716,4764000,632171296,7-10年国债ETF,SH,511260
2024-12-03,110.914,110.92,110.912,110.92,165984001,18410214950,信用债ETF,SH,511360
2024-12-03,1.078,1.081,1.073,1.081,67652,72732,短融ETF,SZ,159976
2024-12-03,5.931,5.974,5.931,5.96,705800,4195662,绿色债券ETF(南方),SH,518890
2024-12-03,1.116,1.117,1.09,1.104,354732930,392220673,绿色电力ETF,SZ,159869
2024-12-03,106.953,106.972,106.939,106.955,6336900,677703339,高等级同业存单ETF,SZ,159649
2024-12-04,114.68,114.857,114.636,114.82,2104100,241532476,1-3年国债ETF,SH,511020
2024-12-04,132.716,133.065,132.716,133.003,3201300,425501750,7-10年国债ETF,SH,511260
2024-12-04,110.93,110.94,110.928,110.938,287143143,31853882188,信用债ETF,SH,511360
2024-12-04,1.075,1.079,1.071,1.072,143800,154541,短融ETF,SZ,159976
2024-12-04,5.965,6.002,5.932,5.946,1544900,9185145,绿色债券ETF(南方),SH,518890
2024-12-04,1.098,1.102,1.062,1.07,570970371,616598735,绿色电力ETF,SZ,159869
2024-12-04,106.963,107.029,106.963,107.018,1321400,141386950,高等级同业存单ETF,SZ,159649
2024-12-05,114.82,114.998,114.787,114.948,2052700,235804139,1-3年国债ETF,SH,511020
2024-12-05,132.953,133.17,132.816,133.131,2769300,368319754,7-10年国债ETF,SH,511260
2024-12-05,110.946,110.946,110.936,110.939,352337845,39088537402,信用债ETF,SH,511360
2024-12-05,1.07,1.071,1.07,1.071,6500,6961,短融ETF,SZ,159976
2024-12-05,6.003,6.5,5.941,5.949,1357800,8086715,绿色债券ETF(南方),SH,518890
2024-12-05,1.069,1.118,1.069,1.115,750675386,828954771,绿色电力ETF,SZ,159869
2024-12-05,107.017,107.042,106.969,107.019,3598400,385062491,高等级同业存单ETF,SZ,159649
2024-12-06,114.957,114.969,114.871,114.901,4706910,541049793,1-3年国债ETF,SH,511020
2024-12-06,133.075,133.169,132.929,132.972,8117700,1080135645,7-10年国债ETF,SH,511260
2024-12-06,110.953,110.957,110.953,110.956,153154354,16993245770,信用债ETF,SH,511360
2024-12-06,1.075,1.091,1.075,1.089,211638,229748,短融ETF,SZ,159976
2024-12-06,5.926,5.942,5.881,5.924,1449400,8557219,绿色债券ETF(南方),SH,518890
2024-12-06,1.118,1.155,1.106,1.14,739650368,835694272,绿色电力ETF,SZ,159869
2024-12-06,107.02,107.069,106.988,106.999,3656200,391218908,高等级同业存单ETF,SZ,159649
2024-12-09,114.91,114.979,114.889,114.945,1263300,145193924,1-3年国债ETF,SH,511020
2024-12-09,133.004,133.143,132.994,133.138,3413300,454246898,7-10年国债ETF,SH,511260
2024-12-09,110.957,110.96,110.953,110.955,215051136,23861447005,信用债ETF,SH,511360
2024-12-09,1.083,1.092,1.081,1.085,1302909,1419320,短融ETF,SZ,159976
2024-12-09,5.953,5.963,5.941,5.954,1219100,7259649,绿色债券ETF(南方),SH,518890
2024-12-09,1.146,1.15,1.123,1.143,625272000,712803764,绿色电力ETF,SZ,159869
2024-12-09,106.999,107.022,106.99,107.008,826300,88421535,高等级同业存单ETF,SZ,159649
2024-12-10,114.96,115.825,114.94,115.788,3612200,417648019,1-3年国债ETF,SH,511020
2024-12-10,133.054,134.031,133.054,133.907,7117800,952264107,7-10年国债ETF,SH,511260
2024-12-10,110.927,110.957,110.922,110.95,199919523,22179684531,信用债ETF,SH,511360
2024-12-10,1.108,1.127,1.098,1.098,2973814,3294977,短融ETF,SZ,159976
2024-12-10,5.981,5.999,5.967,5.98,1307100,7813739,绿色债券ETF(南方),SH,518890
2024-12-10,1.183,1.183,1.141,1.143,600389710,699778583,绿色电力ETF,SZ,159869
2024-12-10,107.049,107.18,107.048,107.17,3079700,330015523,高等级同业存单ETF,SZ,159649
2024-12-11,115.723,115.883,115.625,115.83,3172300,367353529,1-3年国债ETF,SH,511020
2024-12-11,133.84,134.147,133.667,134.128,4428340,593388053,7-10年国债ETF,SH,511260
2024-12-11,110.964,110.966,110.953,110.964,202628826,22483951157,信用债ETF,SH,511360
2024-12-11,1.097,1.102,1.093,1.096,1123700,1235473,短融ETF,SZ,159976
2024-12-11,6.038,6.045,5.995,6.029,2765153,16650826,绿色债券ETF(南方),SH,518890
2024-12-11,1.139,1.152,1.13,1.149,420878514,480926069,绿色电力ETF,SZ,159869
2024-12-11,107.163,107.207,107.117,107.207,5351600,573588869,高等级同业存单ETF,SZ,159649
2024-12-12,115.925,116.064,115.925,116.036,2909500,337529463,1-3年国债ETF,SH,511020
2024-12-12,134.23,134.666,134.23,134.403,5329600,716392985,7-10年国债ETF,SH,511260
2024-12-12,110.976,110.979,110.974,110.975,253280020,28108113193,信用债ETF,SH,511360
2024-12-12,1.096,1.109,1.096,1.108,72000,79341,短融ETF,SZ,159976
2024-12-12,6.047,6.071,6.047,6.068,1016100,6154949,绿色债券ETF(南方),SH,518890
2024-12-12,1.146,1.171,1.138,1.158,421188821,485860288,绿色电力ETF,SZ,159869
2024-12-12,107.23,107.273,107.228,107.269,3574300,383368410,高等级同业存单ETF,SZ,159649
2024-12-13,116.32,116.63,116.242,116.549,4331920,504310721,1-3年国债ETF,SH,511020
2024-12-13,134.766,134.932,134.523,134.877,4391300,592083576,7-10年国债ETF,SH,511260
2024-12-13,110.996,111.004,110.995,111.003,127658955,14170094360,信用债ETF,SH,511360
2024-12-13,1.108,1.108,1.082,1.082,37000,40254,短融ETF,SZ,159976
2024-12-13,6.06,6.06,6.009,6.019,1064119,6407840,绿色债券ETF(南方),SH,518890
2024-12-13,1.146,1.193,1.142,1.167,770898412,907603637,绿色电力ETF,SZ,159869
2024-12-13,107.429,107.475,107.429,107.457,3513400,377557165,高等级同业存单ETF,SZ,159649
2024-12-16,116.548,116.874,116.548,116.759,1027600,120018173,1-3年国债ETF,SH,511020
2024-12-16,134.975,135.42,134.975,135.395,4203300,568632515,7-10年国债ETF,SH,511260
2024-12-16,111.008,111.014,111.008,111.011,173161301,19222711127,信用债ETF,SH,511360
2024-12-16,1.08,1.08,1.07,1.07,62600,67387,短融ETF,SZ,159976
2024-12-16,6.0,6.0,5.949,5.959,1147300,6832146,绿色债券ETF(南方),SH,518890
2024-12-16,1.168,1.173,1.122,1.129,488547803,554916417,绿色电力ETF,SZ,159869
2024-12-16,107.48,107.567,107.48,107.545,5245000,564105990,高等级同业存单ETF,SZ,159649
2024-12-17,116.833,116.835,116.593,116.713,1383410,161419149,1-3年国债ETF,SH,511020
2024-12-17,135.15,135.21,135.0,135.107,7046460,951924360,7-10年国债ETF,SH,511260
2024-12-17,111.018,111.02,111.014,111.016,247741006,27503555130,信用债ETF,SH,511360
2024-12-17,1.071,1.085,1.071,1.076,1076500,1161970,短融ETF,SZ,159976
2024-12-17,5.993,5.993,5.948,5.952,934399,5577814,绿色债券ETF(南方),SH,518890
2024-12-17,1.122,1.123,1.086,1.087,526429555,577508508,绿色电力ETF,SZ,159869
2024-12-17,107.507,107.538,107.468,107.47,2813700,302417984,高等级同业存单ETF,SZ,159649
2024-12-18,116.79,116.883,116.414,116.601,858090,100176316,1-3年国债ETF,SH,511020
2024-12-18,135.217,135.368,134.271,134.821,9579000,1292041830,7-10年国债ETF,SH,511260
2024-12-18,111.015,111.021,111.002,111.01,162336719,18021671361,信用债ETF,SH,511360
2024-12-18,1.081,1.084,1.079,1.079,109900,118601,短融ETF,SZ,159976
2024-12-18,5.959,5.966,5.945,5.949,874500,5205687,绿色债券ETF(南方),SH,518890
2024-12-18,1.088,1.111,1.077,1.101,494497824,541253936,绿色电力ETF,SZ,159869
2024-12-18,107.542,107.56,107.41,107.481,5423300,583010958,高等级同业存单ETF,SZ,159649
2024-12-19,116.544,116.56,116.433,116.517,5569600,648753332,1-3年国债ETF,SH,511020
2024-12-19,134.838,134.951,134.6,134.687,6428890,866702889,7-10年国债ETF,SH,511260
2024-12-19,111.026,111.036,111.025,111.035,383265760,42554074376,信用债ETF,SH,511360
2024-12-19,1.076,1.088,1.076,1.088,741500,805526,短融ETF,SZ,159976
2024-12-19,5.887,5.93,5.887,5.925,1552400,9157426,绿色债券ETF(南方),SH,518890
2024-12-19,1.085,1.114,1.072,1.11,411760046,449452469,绿色电力ETF,SZ,159869
2024-12-19,107.511,107.551,107.495,107.55,4215300,453210225,高等级同业存单ETF,SZ,159649
2024-12-20,116.696,116.946,116.692,116.915,6941700,810914541,1-3年国债ETF,SH,511020
2024-12-20,135.109,135.38,134.88,135.32,15404400,2082917865,7-10年国债ETF,SH,511260
2024-12-20,111.043,111.052,111.04,111.048,242820275,26964708102,信用债ETF,SH,511360
2024-12-20,1.092,1.094,1.087,1.089,149900,163309,短融ETF,SZ,159976
2024-12-20,5.882,5.911,5.882,5.906,1767700,10415081,绿色债券ETF(南方),SH,518890
2024-12-20,1.104,1.124,1.102,1.109,323602203,360114043,绿色电力ETF,SZ,159869
2024-12-20,107.606,107.697,107.606,107.697,3519270,378881571,高等级同业存单ETF,SZ,159649
2024-12-23,117.19,117.198,116.782,116.994,3311800,387336446,1-3年国债ETF,SH,511020
2024-12-23,135.777,135.796,135.35,135.499,6804710,922004552,7-10年国债ETF,SH,511260
2024-12-23,111.05,111.054,111.047,111.048,276335843,30687356996,信用债ETF,SH,511360
2024-12-23,1.094,1.094,1.082,1.083,199600,217669,短融ETF,SZ,159976
2024-12-23,5.937,5.968,5.935,5.965,1369700,8159121,绿色债券ETF(南方),SH,518890
2024-12-23,1.109,1.11,1.043,1.045,568394000,603887838,绿色电力ETF,SZ,159869
2024-12-23,107.794,107.839,107.738,107.787,4084730,440273089,高等级同业存单ETF,SZ,159649
2024-12-24,116.856,116.999,116.706,116.768,2511090,293449933,1-3年国债ETF,SH,511020
2024-12-24,135.35,135.58,135.154,135.223,5942100,804245914,7-10年国债ETF,SH,511260
2024-12-24,111.053,111.055,111.041,111.046,202747749,22515348425,信用债ETF,SH,511360
2024-12-24,1.09,1.097,1.09,1.097,740500,810209,短融ETF,SZ,159976
2024-12-24,5.945,5.948,5.94,5.942,906300,5387542,绿色债券ETF(南方),SH,518890
2024-12-24,1.045,1.055,1.038,1.053,499805100,523455371,绿色电力ETF,SZ,159869
2024-12-24,107.764,107.85,107.506,107.818,2134200,230137455,高等级同业存单ETF,SZ,159649
2024-12-25,116.782,116.878,116.593,116.626,1716900,200272476,1-3年国债ETF,SH,511020
2024-12-25,135.264,135.303,134.878,135.073,3574008,482703610,7-10年国债ETF,SH,511260
2024-12-25,111.053,111.059,111.048,111.058,174599851,19389801833,信用债ETF,SH,511360
2024-12-25,1.097,1.097,1.091,1.093,402100,440532,短融ETF,SZ,159976
2024-12-25,5.955,5.972,5.948,5.962,364500,2170967,绿色债券ETF(南方),SH,518890
2024-12-25,1.052,1.054,1.018,1.034,531455533,550693812,绿色电力ETF,SZ,159869
2024-12-25,107.818,107.818,107.706,107.719,2136100,230109812,高等级同业存单ETF,SZ,159649
2024-12-26,116.643,116.733,116.435,116.499,3032500,353411244,1-3年国债ETF,SH,511020
2024-12-26,135.099,135.184,134.994,135.031,3745690,505846354,7-10年国债ETF,SH,511260
2024-12-26,111.074,111.081,111.071,111.077,122701654,13629105081,信用债ETF,SH,511360
2024-12-26,1.093,1.1,1.093,1.1,332710,365065,短融ETF,SZ,159976
2024-12-26,5.987,5.987,5.957,5.965,495100,2952750,绿色债券ETF(南方),SH,518890
2024-12-26,1.033,1.048,1.033,1.036,339540668,353717514,绿色电力ETF,SZ,159869
2024-12-26,107.725,107.753,107.674,107.704,4777068,514477977,高等级同业存单ETF,SZ,159649
2024-12-27,116.764,116.925,116.735,116.91,3996100,467102809,1-3年国债ETF,SH,511020
2024-12-27,135.255,135.525,135.254,135.506,4124100,558511043,7-10年国债ETF,SH,511260
2024-12-27,111.088,111.092,111.085,111.088,240430133,26709259775,信用债ETF,SH,511360
2024-12-27,1.1,1.113,1.095,1.104,6939700,7659198,短融ETF,SZ,159976
2024-12-27,5.969,5.975,5.96,5.962,1180110,7042681,绿色债券ETF(南方),SH,518890
2024-12-27,1.037,1.063,1.028,1.042,443046322,465399357,绿色电力ETF,SZ,159869
2024-12-27,107.75,107.834,107.75,107.827,4853500,523239549,高等级同业存单ETF,SZ,159649
2024-12-30,116.902,116.949,116.725,116.746,736600,86029789,1-3年国债ETF,SH,511020
2024-12-30,135.535,135.599,135.291,135.303,1641100,222220367,7-10年国债ETF,SH,511260
2024-12-30,111.098,111.099,111.092,111.098,188667348,20960418591,信用债ETF,SH,511360
2024-12-30,1.104,1.105,1.1,1.102,446200,492704,短融ETF,SZ,159976
2024-12-30,5.952,5.96,5.941,5.948,1058100,6294183,绿色债券ETF(南方),SH,518890
2024-12-30,1.041,1.051,1.021,1.042,330488118,343726185,绿色电力ETF,SZ,159869
2024-12-30,107.815,107.847,107.789,107.798,1973803,212801993,高等级同业存单ETF,SZ,159649
2024-12-31,116.95,117.042,116.83,116.871,1205310,140980656,1-3年国债ETF,SH,511020
2024-12-31,135.629,135.662,135.455,135.554,3217000,436190998,7-10年国债ETF,SH,511260
2024-12-31,111.113,111.14,111.112,111.137,220340741,24485017765,信用债ETF,SH,511360
2024-12-31,1.102,1.102,1.08,1.089,194100,211711,短融ETF,SZ,159976
2024-12-31,5.932,5.951,5.922,5.943,615210,3647898,绿色债券ETF(南方),SH,518890
2024-12-31,1.042,1.047,1.001,1.001,455915957,463856862,绿色电力ETF,SZ,159869
2024-12-31,107.815,107.858,107.79,107.79,2977652,321073565,高等级同业存单ETF,SZ,159649
2025-01-02,117.112,117.625,117.112,117.535,1905400,223771687,1-3年国债ETF,SH,511020
2025-01-02,135.943,136.339,135.791,136.248,4528190,616490057,7-10年国债ETF,SH,511260
2025-01-02,111.131,111.136,111.125,111.132,128802845,14314037307,信用债ETF,SH,511360
2025-01-02,1.082,1.082,1.052,1.057,197000,210076,短融ETF,SZ,159976
2025-01-02,6.0,6.0,5.979,5.99,5792213,34665311,绿色债券ETF(南方),SH,518890
2025-01-02,1.002,1.009,0.959,0.973,582803224,575932352,绿色电力ETF,SZ,159869
2025-01-02,107.812,107.842,107.782,107.785,2974700,320686449,高等级同业存单ETF,SZ,159649
2025-01-03,117.797,117.865,117.63,117.839,995500,117240428,1-3年国债ETF,SH,511020
2025-01-03,136.615,136.722,136.207,136.569,4104100,560137697,7-10年国债ETF,SH,511260
2025-01-03,111.149,111.157,111.149,111.153,73750097,8197496488,信用债ETF,SH,511360
2025-01-03,1.064,1.064,1.044,1.046,357400,376110,短融ETF,SZ,159976
2025-01-03,6.028,6.052,6.028,6.047,2847800,17202680,绿色债券ETF(南方),SH,518890
2025-01-03,0.973,0.978,0.929,0.932,601711395,571312499,绿色电力ETF,SZ,159869
2025-01-03,107.83,107.884,107.8,107.884,1588900,171348698,高等级同业存单ETF,SZ,159649
2025-01-06,117.896,117.996,117.773,117.898,3296800,388557497,1-3年国债ETF,SH,511020
2025-01-06,136.59,136.69,136.469,136.654,3682600,502976797,7-10年国债ETF,SH,511260
2025-01-06,111.161,111.168,111.159,111.167,138963896,15447352020,信用债ETF,SH,511360
2025-01-06,1.046,1.066,1.043,1.047,104800,110102,短融ETF,SZ,159976
2025-01-06,6.037,6.041,6.007,6.013,3823900,23024490,绿色债券ETF(南方),SH,518890
2025-01-06,0.93,0.942,0.919,0.926,498452818,463682739,绿色电力ETF,SZ,159869
2025-01-06,107.883,107.931,107.849,107.86,2457600,265149212,高等级同业存单ETF,SZ,159649
2025-01-07,117.897,117.897,117.706,117.747,982800,115788395,1-3年国债ETF,SH,511020
2025-01-07,136.58,136.623,136.448,136.477,2106100,287558663,7-10年国债ETF,SH,511260
2025-01-07,111.164,111.179,111.164,111.175,107677699,11970923319,信用债ETF,SH,511360
2025-01-07,1.041,1.047,1.038,1.043,7700,8022,短融ETF,SZ,159976
2025-01-07,6.012,6.025,6.009,6.018,2161300,12998158,绿色债券ETF(南方),SH,518890
2025-01-07,0.926,0.948,0.926,0.947,423777521,396384374,绿色电力ETF,SZ,159869
2025-01-07,107.851,107.851,107.749,107.784,3221700,347289498,高等级同业存单ETF,SZ,159649
2025-01-08,117.747,117.842,117.742,117.742,2095000,246722660,1-3年国债ETF,SH,511020
2025-01-08,136.473,136.565,136.4,136.463,3554900,485187016,7-10年国债ETF,SH,511260
2025-01-08,111.174,111.18,111.171,111.172,93543465,10399564845,信用债ETF,SH,511360
2025-01-08,1.043,1.043,1.026,1.038,64000,66372,短融ETF,SZ,159976
2025-01-08,6.033,6.05,6.03,6.05,2257500,13626706,绿色债券ETF(南方),SH,518890
2025-01-08,0.94,0.95,0.913,0.943,469050500,438586433,绿色电力ETF,SZ,159869
2025-01-08,107.781,107.793,107.716,107.722,3252710,350420949,高等级同业存单ETF,SZ,159649
2025-01-09,117.761,117.792,117.471,117.484,4672100,549412292,1-3年国债ETF,SH,511020
2025-01-09,136.531,136.541,136.27,136.28,2845400,388070844,7-10年国债ETF,SH,511260
2025-01-09,111.176,111.176,111.167,111.171,145562201,16182201854,信用债ETF,SH,511360
2025-01-09,1.038,1.046,1.038,1.042,12100,12609,短融ETF,SZ,159976
2025-01-09,6.054,6.232,6.05,6.087,1373500,8324186,绿色债券ETF(南方),SH,518890
2025-01-09,0.936,0.955,0.936,0.946,326541700,309414027,绿色电力ETF,SZ,159869
2025-01-09,107.672,107.716,107.628,107.632,1688200,181730453,高等级同业存单ETF,SZ,159649
2025-01-10,117.197,117.451,116.984,117.432,3443200,404308627,1-3年国债ETF,SH,511020
2025-01-10,135.706,136.142,135.674,136.129,4517500,614321035,7-10年国债ETF,SH,511260
2025-01-10,111.17,111.171,111.16,111.161,104484277,11615369562,信用债ETF,SH,511360
2025-01-10,1.039,1.039,1.03,1.03,55302,57058,短融ETF,SZ,159976
2025-01-10,6.195,6.195,6.093,6.12,2917300,17809262,绿色债券ETF(南方),SH,518890
2025-01-10,0.944,0.962,0.923,0.924,398104400,375329548,绿色电力ETF,SZ,159869
2025-01-10,107.546,107.589,107.446,107.55,904610,97287685,高等级同业存单ETF,SZ,159649
2025-01-13,117.466,117.502,117.154,117.371,3567200,418439586,1-3年国债ETF,SH,511020
2025-01-13,136.084,136.15,135.899,136.057,3346100,455239831,7-10年国债ETF,SH,511260
2025-01-13,111.159,111.164,111.132,111.142,122304845,13594908263,信用债ETF,SH,511360
2025-01-13,1.02,1.024,1.019,1.023,10500,10723,短融ETF,SZ,159976
2025-01-13,6.128,6.146,6.121,6.139,3523500,21621821,绿色债券ETF(南方),SH,518890
2025-01-13,0.913,0.936,0.903,0.927,373847000,344639904,绿色电力ETF,SZ,159869
2025-01-13,107.541,107.614,107.512,107.547,1930300,207642609,高等级同业存单ETF,SZ,159649
2025-01-14,117.368,117.368,117.151,117.318,3681400,431601980,1-3年国债ETF,SH,511020
2025-01-14,136.024,136.22,135.897,136.196,2387290,324699976,7-10年国债ETF,SH,511260
2025-01-14,111.153,111.154,111.112,111.12,106911253,11881271046,信用债ETF,SH,511360
2025-01-14,1.023,1.053,1.023,1.049,78404,81443,短融ETF,SZ,159976
2025-01-14,6.112,6.112,6.083,6.09,3422100,20834273,绿色债券ETF(南方),SH,518890
2025-01-14,0.934,0.975,0.928,0.974,665413100,635959570,绿色电力ETF,SZ,159869
2025-01-14,107.509,107.63,107.509,107.616,1907800,205289090,高等级同业存单ETF,SZ,159649
2025-01-15,117.589,117.623,117.455,117.603,3135100,368649421,1-3年国债ETF,SH,511020
2025-01-15,136.342,136.506,136.31,136.443,1992400,271813866,7-10年国债ETF,SH,511260
2025-01-15,111.129,111.142,111.127,111.139,80900681,8990761083,信用债ETF,SH,511360
2025-01-15,1.048,1.048,1.044,1.045,21300,22281,短融ETF,SZ,159976
2025-01-15,6.09,6.126,6.09,6.119,1574500,9606917,绿色债券ETF(南方),SH,518890
2025-01-15,0.974,0.992,0.972,0.977,525785615,515423972,绿色电力ETF,SZ,159869
2025-01-15,107.62,107.7,107.62,107.68,4498600,484387443,高等级同业存单ETF,SZ,159649
2025-01-16,117.495,117.6,117.372,117.512,2837980,333438409,1-3年国债ETF,SH,511020
2025-01-16,136.347,136.467,136.113,136.274,3646208,496962391,7-10年国债ETF,SH,511260
2025-01-16,111.125,111.125,111.071,111.084,84106944,9344685160,信用债ETF,SH,511360
2025-01-16,1.054,1.058,1.043,1.05,53800,56705,短融ETF,SZ,159976
2025-01-16,6.15,6.154,6.132,6.14,2976500,18287218,绿色债券ETF(南方),SH,518890
2025-01-16,0.98,1.004,0.968,0.976,549872121,540747297,绿色电力ETF,SZ,159869
2025-01-16,107.648,107.648,107.534,107.594,4777540,514077315,高等级同业存单ETF,SZ,159649
2025-01-17,117.566,117.566,117.4,117.452,4184000,491496723,1-3年国债ETF,SH,511020
2025-01-17,136.341,136.399,136.146,136.186,12151800,1655456014,7-10年国债ETF,SH,511260
2025-01-17,111.09,111.098,111.038,111.042,94082570,10449341128,信用债ETF,SH,511360
2025-01-17,1.046,1.054,1.046,1.053,31500,33135,短融ETF,SZ,159976
2025-01-17,6.173,6.19,6.155,6.155,2420900,14931266,绿色债券ETF(南方),SH,518890
2025-01-17,0.969,0.983,0.963,0.975,303007722,294833821,绿色电力ETF,SZ,159869
2025-01-17,107.594,107.644,107.539,107.569,5557900,597913273,高等级同业存单ETF,SZ,159649
2025-01-20,117.386,117.386,117.278,117.297,4626000,542758858,1-3年国债ETF,SH,511020
2025-01-20,136.003,136.186,136.002,136.044,8585600,1168312983,7-10年国债ETF,SH,511260
2025-01-20,111.065,111.079,111.046,111.075,51034714,5668028082,信用债ETF,SH,511360
2025-01-20,1.069,1.07,1.066,1.066,218000,232627,短融ETF,SZ,159976
2025-01-20,6.122,6.146,6.106,6.146,1909100,11675196,绿色债券ETF(南方),SH,518890
2025-01-20,0.979,0.991,0.973,0.981,363039900,356327657,绿色电力ETF,SZ,159869
2025-01-20,107.56,107.593,107.508,107.544,746600,80303599,高等级同业存单ETF,SZ,159649
2025-01-21,117.355,117.458,117.309,117.45,1088700,127784402,1-3年国债ETF,SH,511020
2025-01-21,136.03,136.229,136.01,136.159,2086600,283971700,7-10年国债ETF,SH,511260
2025-01-21,111.103,111.123,111.103,111.117,86513505,9612703158,信用债ETF,SH,511360
2025-01-21,1.066,1.069,1.063,1.069,11000,11718,短融ETF,SZ,159976
2025-01-21,6.119,6.149,6.119,6.146,3237900,19890740,绿色债券ETF(南方),SH,518890
2025-01-21,0.985,0.997,0.974,0.996,389411300,384712483,绿色电力ETF,SZ,159869
2025-01-21,107.599,107.656,107.544,107.628,2784900,299627080,高等级同业存单ETF,SZ,159649
2025-01-22,117.577,117.65,117.466,117.497,2671400,313947015,1-3年国债ETF,SH,511020
2025-01-22,136.251,136.355,136.17,136.219,11134800,1516925298,7-10年国债ETF,SH,511260
2025-01-22,111.12,111.136,111.11,111.113,83982465,9332710682,信用债ETF,SH,511360
2025-01-22,1.063,1.063,1.053,1.058,22000,23281,短融ETF,SZ,159976
2025-01-22,6.191,6.233,6.189,6.205,5136700,31873025,绿色债券ETF(南方),SH,518890
2025-01-22,0.991,0.992,0.973,0.981,384056300,377111189,绿色电力ETF,SZ,159869
2025-01-22,107.625,107.69,107.608,107.608,3274400,352492780,高等级同业存单ETF,SZ,159649
2025-01-23,117.451,117.53,117.345,117.367,934600,109752325,1-3年国债ETF,SH,511020
2025-01-23,136.212,136.212,136.065,136.151,14863100,2023675703,7-10年国债ETF,SH,511260
2025-01-23,111.124,111.124,111.106,111.111,68432366,7603745175,信用债ETF,SH,511360
2025-01-23,1.07,1.07,1.054,1.054,37400,39662,短融ETF,SZ,159976
2025-01-23,6.207,6.216,6.201,6.208,3424300,21257084,绿色债券ETF(南方),SH,518890
2025-01-23,0.991,1.014,0.985,0.986,438677262,438330533,绿色电力ETF,SZ,159869
2025-01-23,107.588,107.654,107.522,107.535,1518700,163321485,高等级同业存单ETF,SZ,159649
2025-01-24,117.361,117.41,117.199,117.247,1310500,153638647,1-3年国债ETF,SH,511020
2025-01-24,136.122,136.215,135.851,136.005,15695800,2133277108,7-10年国债ETF,SH,511260
2025-01-24,111.106,111.106,111.082,111.1,50456117,5605260849,信用债ETF,SH,511360
2025-01-24,1.057,1.069,1.057,1.068,74900,79913,短融ETF,SZ,159976
2025-01-24,6.219,6.243,6.219,6.232,4343100,27081414,绿色债券ETF(南方),SH,518890
2025-01-24,0.98,1.011,0.976,1.009,423146900,422115500,绿色电力ETF,SZ,159869
2025-01-24,107.535,107.553,107.411,107.538,2159800,232071703,高等级同业存单ETF,SZ,159649
2025-01-27,117.38,117.621,117.38,117.62,759200,89277537,1-3年国债ETF,SH,511020
2025-01-27,136.14,136.535,136.13,136.514,6061200,827016170,7-10年国债ETF,SH,511260
2025-01-27,111.154,111.169,111.148,111.165,106431364,11830657960,信用债ETF,SH,511360
2025-01-27,1.072,1.072,1.063,1.063,23200,24755,短融ETF,SZ,159976
2025-01-27,6.23,6.23,6.202,6.217,4151300,25794062,绿色债券ETF(南方),SH,518890
2025-01-27,1.024,1.029,1.005,1.005,526408106,534849233,绿色电力ETF,SZ,159869
2025-01-27,107.563,107.727,107.563,107.707,1281300,137973166,高等级同业存单ETF,SZ,159649
2025-02-05,117.73,117.789,117.51,117.779,3969320,467293500,1-3年国债ETF,SH,511020
2025-02-05,136.519,136.58,136.32,136.578,15598100,2128780092,7-10年国债ETF,SH,511260
2025-02-05,111.206,111.21,111.201,111.204,110011081,12233601149,信用债ETF,SH,511360
2025-02-05,1.073,1.075,1.066,1.07,107500,115038,短融ETF,SZ,159976
2025-02-05,6.417,6.599,6.397,6.454,2688106,17321797,绿色债券ETF(南方),SH,518890
2025-02-05,1.041,1.076,1.033,1.075,651780545,688477211,绿色电力ETF,SZ,159869
2025-02-05,107.709,107.79,107.69,107.71,5715300,615518820,高等级同业存单ETF,SZ,159649
2025-02-06,117.8,117.916,117.797,117.842,3963200,467067052,1-3年国债ETF,SH,511020
2025-02-06,136.63,136.703,136.532,136.659,11082008,1513942074,7-10年国债ETF,SH,511260
2025-02-06,111.21,111.216,111.206,111.212,109188660,12142999737,信用债ETF,SH,511360
2025-02-06,1.068,1.092,1.068,1.092,91500,99279,短融ETF,SZ,159976
2025-02-06,6.458,6.5,6.422,6.424,3895200,25163023,绿色债券ETF(南方),SH,518890
2025-02-06,1.077,1.121,1.065,1.116,546310618,598281660,绿色电力ETF,SZ,159869
2025-02-06,107.715,107.782,107.706,107.78,6366700,685886781,高等级同业存单ETF,SZ,159649
2025-02-07,117.965,117.999,117.876,117.881,4344900,512302891,1-3年国债ETF,SH,511020
2025-02-07,136.701,136.747,136.588,136.605,15362300,2099314212,7-10年国债ETF,SH,511260
2025-02-07,111.232,111.244,111.232,111.241,87412124,9723453207,信用债ETF,SH,511360
2025-02-07,1.095,1.116,1.095,1.109,389202,432337,短融ETF,SZ,159976
2025-02-07,6.445,6.457,6.437,6.438,4415600,28477349,绿色债券ETF(南方),SH,518890
2025-02-07,1.117,1.155,1.115,1.138,792336694,897370419,绿色电力ETF,SZ,159869
2025-02-07,107.788,107.827,107.772,107.785,3600200,388116174,高等级同业存单ETF,SZ,159649
2025-02-10,117.881,117.881,117.728,117.752,6319600,744423222,1-3年国债ETF,SH,511020
2025-02-10,136.536,136.538,136.44,136.474,16737800,2284866285,7-10年国债ETF,SH,511260
2025-02-10,111.25,111.252,111.246,111.247,116951146,13010721725,信用债ETF,SH,511360
2025-02-10,1.113,1.118,1.112,1.118,218800,244172,短融ETF,SZ,159976
2025-02-10,6.477,6.543,6.474,6.539,3343400,21727102,绿色债券ETF(南方),SH,518890
2025-02-10,1.151,1.181,1.143,1.18,725236623,844097188,绿色电力ETF,SZ,159869
2025-02-10,107.798,107.798,107.679,107.688,5694400,613276485,高等级同业存单ETF,SZ,159649
2025-02-11,117.752,117.784,117.689,117.768,4582800,539665083,1-3年国债ETF,SH,511020
2025-02-11,136.43,136.578,136.405,136.512,6295900,859464392,7-10年国债ETF,SH,511260
2025-02-11,111.256,111.263,111.255,111.262,61199120,6808953732,信用债ETF,SH,511360
2025-02-11,1.113,1.116,1.108,1.108,111100,123299,短融ETF,SZ,159976
2025-02-11,6.647,6.67,6.564,6.603,4692200,31007705,绿色债券ETF(南方),SH,518890
2025-02-11,1.181,1.205,1.171,1.191,645409302,766630755,绿色电力ETF,SZ,159869
2025-02-11,107.688,107.694,107.651,107.667,2557200,275360529,高等级同业存单ETF,SZ,159649
2025-02-12,117.768,117.82,117.742,117.775,5332010,628018379,1-3年国债ETF,SH,511020
2025-02-12,136.558,136.563,136.47,136.51,6866200,937395920,7-10年国债ETF,SH,511260
2025-02-12,111.256,111.261,111.254,111.259,71959090,8006074054,信用债ETF,SH,511360
2025-02-12,1.112,1.128,1.112,1.128,361003,404526,短融ETF,SZ,159976
2025-02-12,6.579,6.579,6.482,6.543,1830700,12004385,绿色债券ETF(南方),SH,518890
2025-02-12,1.194,1.237,1.194,1.233,790780179,965425590,绿色电力ETF,SZ,159869
2025-02-12,107.67,107.7,107.652,107.666,1964999,211583291,高等级同业存单ETF,SZ,159649
2025-02-13,117.775,117.811,117.66,117.735,1040400,122478166,1-3年国债ETF,SH,511020
2025-02-13,136.51,136.549,136.428,136.476,13319500,1817927819,7-10年国债ETF,SH,511260
2025-02-13,111.259,111.262,111.255,111.256,96814311,10771451536,信用债ETF,SH,511360
2025-02-13,1.129,1.135,1.121,1.122,301000,339155,短融ETF,SZ,159976
2025-02-13,6.578,6.611,6.578,6.595,2054000,13544904,绿色债券ETF(南方),SH,518890
2025-02-13,1.241,1.269,1.219,1.244,692731874,862962125,绿色电力ETF,SZ,159869
2025-02-13,107.66,107.66,107.617,107.626,10485400,1128715628,高等级同业存单ETF,SZ,159649
2025-02-14,117.698,117.735,117.501,117.54,412000,48462802,1-3年国债ETF,SH,511020
2025-02-14,136.445,136.447,136.19,136.262,16683100,2272601832,7-10年国债ETF,SH,511260
2025-02-14,111.267,111.269,111.255,111.264,65758145,7316542767,信用债ETF,SH,511360
2025-02-14,1.125,1.138,1.125,1.138,1207608,1371015,短融ETF,SZ,159976
2025-02-14,6.61,6.633,6.61,6.627,2521600,16691807,绿色债券ETF(南方),SH,518890
2025-02-14,1.257,1.33,1.238,1.324,1157517618,1470429647,绿色电力ETF,SZ,159869
2025-02-14,107.628,107.633,107.506,107.526,6378200,685863156,高等级同业存单ETF,SZ,159649
2025-02-17,117.6,117.6,117.332,117.368,967210,113546257,1-3年国债ETF,SH,511020
2025-02-17,136.256,136.256,135.879,135.889,2925100,397779525,7-10年国债ETF,SH,511260
2025-02-17,111.258,111.26,111.251,111.252,75268543,8374049045,信用债ETF,SH,511360
2025-02-17,1.149,1.151,1.111,1.147,650427,744398,短融ETF,SZ,159976
2025-02-17,6.479,6.85,6.479,6.524,3533200,23015733,绿色债券ETF(南方),SH,518890
2025-02-17,1.359,1.374,1.28,1.303,1532554396,2024509940,绿色电力ETF,SZ,159869
2025-02-17,107.577,107.577,107.442,107.5,3123400,335778980,高等级同业存单ETF,SZ,159649
2025-02-18,117.286,117.3,116.996,117.177,1622300,189884747,1-3年国债ETF,SH,511020
2025-02-18,135.866,135.943,135.4,135.761,17684400,2399545568,7-10年国债ETF,SH,511260
2025-02-18,111.25,111.251,111.223,111.228,72497651,8064568159,信用债ETF,SH,511360
2025-02-18,1.148,1.155,1.138,1.138,526307,605708,短融ETF,SZ,159976
2025-02-18,6.522,6.581,6.513,6.576,3407000,22310577,绿色债券ETF(南方),SH,518890
2025-02-18,1.297,1.326,1.249,1.256,818324016,1050263579,绿色电力ETF,SZ,159869
2025-02-18,107.5,107.5,107.349,107.426,879200,94426133,高等级同业存单ETF,SZ,159649
2025-02-19,117.178,117.298,117.083,117.225,245400,28746889,1-3年国债ETF,SH,511020
2025-02-19,135.859,135.959,135.7,135.899,17372200,2358776593,7-10年国债ETF,SH,511260
2025-02-19,111.236,111.239,111.226,111.23,64417927,7165217387,信用债ETF,SH,511360
2025-02-19,1.136,1.147,1.136,1.147,189502,216979,短融ETF,SZ,159976
2025-02-19,6.611,6.645,6.602,6.623,1900900,12584491,绿色债券ETF(南方),SH,518890
2025-02-19,1.243,1.283,1.242,1.279,564675847,714745174,绿色电力ETF,SZ,159869
2025-02-19,107.476,107.476,107.428,107.465,1931755,207590034,高等级同业存单ETF,SZ,159649
2025-02-20,117.212,117.212,117.03,117.114,219310,25685936,1-3年国债ETF,SH,511020
2025-02-20,135.906,135.925,135.564,135.764,15128200,2054974291,7-10年国债ETF,SH,511260
2025-02-20,111.23,111.23,111.205,111.208,76084226,8462001182,信用债ETF,SH,511360
2025-02-20,1.145,1.169,1.141,1.151,10088900,11638028,短融ETF,SZ,159976
2025-02-20,6.624,6.649,6.621,6.643,1695900,11243250,绿色债券ETF(南方),SH,518890
2025-02-20,1.271,1.288,1.249,1.259,272530331,345584610,绿色电力ETF,SZ,159869
2025-02-20,107.467,107.467,107.377,107.397,944900,101469419,高等级同业存单ETF,SZ,159649
2025-02-21,116.981,117.0,116.771,116.845,605900,70793804,1-3年国债ETF,SH,511020
2025-02-21,135.58,135.699,135.389,135.487,16336800,2212210319,7-10年国债ETF,SH,511260
2025-02-21,111.225,111.228,111.208,111.213,46087879,5125744673,信用债ETF,SH,511360
2025-02-21,1.157,1.173,1.153,1.172,1186922,1380919,短融ETF,SZ,159976
2025-02-21,6.629,6.629,6.565,6.592,3271700,21567913,绿色债券ETF(南方),SH,518890
2025-02-21,1.259,1.302,1.243,1.298,635486514,814131371,绿色电力ETF,SZ,159869
2025-02-21,107.428,107.428,107.257,107.336,967010,103769351,高等级同业存单ETF,SZ,159649
2025-02-24,116.7,116.7,116.25,116.268,2704100,315292703,1-3年国债ETF,SH,511020
2025-02-24,135.306,135.395,134.771,134.89,17214914,2326279302,7-10年国债ETF,SH,511260
2025-02-24,111.208,111.219,111.208,111.214,65349200,7267759456,信用债ETF,SH,511360
2025-02-24,1.172,1.18,1.153,1.168,1199700,1405918,短融ETF,SZ,159976
2025-02-24,6.592,6.609,6.572,6.603,2385400,15713869,绿色债券ETF(南方),SH,518890
2025-02-24,1.287,1.29,1.263,1.277,298097706,380831059,绿色电力ETF,SZ,159869
2025-02-24,107.323,107.323,107.106,107.129,828100,88787910,高等级同业存单ETF,SZ,159649
2025-02-25,116.543,116.643,116.252,116.547,649200,75576651,1-3年国债ETF,SH,511020
2025-02-25,135.158,135.331,134.66,134.997,2842670,383536173,7-10年国债ETF,SH,511260
2025-02-25,111.222,111.228,111.209,111.219,85959823,9560350628,信用债ETF,SH,511360
2025-02-25,1.151,1.165,1.149,1.15,731400,848639,短融ETF,SZ,159976
2025-02-25,6.621,6.636,6.6,6.604,4594800,30404267,绿色债券ETF(南方),SH,518890
2025-02-25,1.251,1.252,1.223,1.233,277315217,342876402,绿色电力ETF,SZ,159869
2025-02-25,107.242,107.262,107.112,107.209,3696500,396182845,高等级同业存单ETF,SZ,159649
2025-02-26,116.573,116.76,116.573,116.7,279900,32653067,1-3年国债ETF,SH,511020
2025-02-26,135.115,135.457,135.115,135.346,17550558,2373706770,7-10年国债ETF,SH,511260
2025-02-26,111.222,111.222,111.214,111.217,44100466,4904778575,信用债ETF,SH,511360
2025-02-26,1.139,1.171,1.139,1.168,13956606,16197330,短融ETF,SZ,159976
2025-02-26,6.572,6.578,6.532,6.537,3549400,23306006,绿色债券ETF(南方),SH,518890
2025-02-26,1.244,1.256,1.227,1.236,368732203,456883422,绿色电力ETF,SZ,159869
2025-02-26,107.204,107.297,107.204,107.245,2931700,314413978,高等级同业存单ETF,SZ,159649
2025-02-27,116.663,116.707,116.55,116.55,3697000,430962121,1-3年国债ETF,SH,511020
2025-02-27,135.295,135.336,135.086,135.108,18521900,2505086535,7-10年国债ETF,SH,511260
2025-02-27,111.216,111.218,111.194,111.199,38295527,4258735956,信用债ETF,SH,511360
2025-02-27,1.146,1.176,1.146,1.172,6387929,7447040,短融ETF,SZ,159976
2025-02-27,6.545,6.567,6.508,6.516,6318800,41275386,绿色债券ETF(南方),SH,518890
2025-02-27,1.235,1.259,1.217,1.242,456431874,565195984,绿色电力ETF,SZ,159869
2025-02-27,107.245,107.278,107.191,107.192,1896600,203367677,高等级同业存单ETF,SZ,159649
2025-02-28,116.558,116.617,116.435,116.605,1032860,120387966,1-3年国债ETF,SH,511020
2025-02-28,135.1,136.1,134.95,135.315,2335600,315737438,7-10年国债ETF,SH,511260
2025-02-28,111.212,111.24,111.212,111.237,52207259,5806500320,信用债ETF,SH,511360
2025-02-28,1.162,1.163,1.135,1.136,447000,514497,短融ETF,SZ,159976
2025-02-28,6.497,6.515,6.457,6.466,4951600,32113011,绿色债券ETF(南方),SH,518890
2025-02-28,1.231,1.236,1.17,1.175,357963843,430302825,绿色电力ETF,SZ,159869
2025-02-28,107.19,107.232,107.155,107.232,299727,32128022,高等级同业存单ETF,SZ,159649
2025-03-03,116.67,116.82,116.579,116.818,724500,84527252,1-3年国债ETF,SH,511020
2025-03-03,135.283,135.5,135.151,135.492,16632300,2249464410,7-10年国债ETF,SH,511260
2025-03-03,111.235,111.245,111.233,111.244,44862321,4990328227,信用债ETF,SH,511360
2025-03-03,1.138,1.152,1.133,1.135,897100,1027093,短融ETF,SZ,159976
2025-03-03,6.479,6.48,6.46,6.475,5391700,34888055,绿色债券ETF(南方),SH,518890
2025-03-03,1.179,1.221,1.165,1.196,409201245,490236852,绿色电力ETF,SZ,159869
2025-03-03,107.219,107.36,107.174,107.36,6489000,695863679,高等级同业存单ETF,SZ,159649
2025-03-04,117.017,117.058,116.804,116.818,526800,61580523,1-3年国债ETF,SH,511020
2025-03-04,135.595,135.753,135.37,135.445,2226200,301745148,7-10年国债ETF,SH,511260
2025-03-04,111.255,111.264,111.255,111.263,41670155,4636170359,信用债ETF,SH,511360
2025-03-04,1.135,1.141,1.122,1.14,758401,856570,短融ETF,SZ,159976
2025-03-04,6.507,6.899,6.507,6.515,5619200,36651259,绿色债券ETF(南方),SH,518890
2025-03-04,1.18,1.206,1.176,1.192,283947455,339091885,绿色电力ETF,SZ,159869
2025-03-04,107.409,107.45,107.362,107.37,1206100,129549312,高等级同业存单ETF,SZ,159649
2025-03-05,116.866,116.98,116.866,116.916,3855400,450776496,1-3年国债ETF,SH,511020
2025-03-05,135.478,135.588,135.435,135.468,15514500,2102291368,7-10年国债ETF,SH,511260
2025-03-05,111.274,111.293,111.274,111.292,44333564,4933502707,信用债ETF,SH,511360
2025-03-05,1.15,1.152,1.143,1.152,562302,645914,短融ETF,SZ,159976
2025-03-05,6.545,6.572,6.535,6.567,4850000,31788153,绿色债券ETF(南方),SH,518890
2025-03-05,1.188,1.2,1.176,1.196,231814806,275141868,绿色电力ETF,SZ,159869
2025-03-05,107.369,107.42,107.369,107.408,3527700,378872551,高等级同业存单ETF,SZ,159649
2025-03-06,116.918,116.918,116.64,116.68,442600,51674483,1-3年国债ETF,SH,511020
2025-03-06,135.37,135.379,135.077,135.129,16874984,2281756787,7-10年国债ETF,SH,511260
2025-03-06,111.285,111.288,111.272,111.276,52919625,5888769248,信用债ETF,SH,511360
2025-03-06,1.152,1.18,1.152,1.179,1323216,1553140,短融ETF,SZ,159976
2025-03-06,6.553,6.565,6.538,6.553,4327500,28368980,绿色债券ETF(南方),SH,518890
2025-03-06,1.21,1.266,1.206,1.256,653072980,811166608,绿色电力ETF,SZ,159869
2025-03-06,107.39,107.39,107.314,107.346,1990100,213624230,高等级同业存单ETF,SZ,159649
2025-03-07,116.525,116.594,116.207,116.309,626000,72825543,1-3年国债ETF,SH,511020
2025-03-07,135.077,135.077,134.564,134.75,2923800,393965448,7-10年国债ETF,SH,511260
2025-03-07,111.29,111.291,111.273,111.283,71960274,8007907932,信用债ETF,SH,511360
2025-03-07,1.177,1.185,1.169,1.174,1007200,1188919,短融ETF,SZ,159976
2025-03-07,6.554,6.554,6.524,6.546,3899900,25481680,绿色债券ETF(南方),SH,518890
2025-03-07,1.254,1.265,1.229,1.238,444729709,555956494,绿色电力ETF,SZ,159869
2025-03-07,107.314,107.314,107.214,107.234,1289900,138315539,高等级同业存单ETF,SZ,159649
2025-03-10,116.152,116.199,116.05,116.102,7818100,907884467,1-3年国债ETF,SH,511020
2025-03-10,134.542,134.789,134.4,134.455,3793500,510597684,7-10年国债ETF,SH,511260
2025-03-10,111.283,111.291,111.282,111.286,47255506,5258927862,信用债ETF,SH,511360
2025-03-10,1.171,1.176,1.156,1.166,581100,675366,短融ETF,SZ,159976
2025-03-10,6.558,6.579,6.55,6.567,3049800,19991285,绿色债券ETF(南方),SH,518890
2025-03-10,1.236,1.241,1.21,1.219,362884341,442245503,绿色电力ETF,SZ,159869
2025-03-10,107.201,107.202,107.109,107.172,3174365,340289721,高等级同业存单ETF,SZ,159649
2025-03-11,116.078,116.078,115.58,115.634,6981700,807943073,1-3年国债ETF,SH,511020
2025-03-11,134.46,134.537,133.86,133.937,2725300,365388667,7-10年国债ETF,SH,511260
2025-03-11,111.3,111.302,111.289,111.291,56707607,6311226183,信用债ETF,SH,511360
2025-03-11,1.151,1.163,1.148,1.155,218200,252462,短融ETF,SZ,159976
2025-03-11,6.55,6.55,6.508,6.534,4070900,26521783,绿色债券ETF(南方),SH,518890
2025-03-11,1.199,1.223,1.199,1.219,233766934,283321961,绿色电力ETF,SZ,159869
2025-03-11,107.126,107.17,107.106,107.107,1652473,177009615,高等级同业存单ETF,SZ,159649
2025-03-12,115.56,115.971,115.408,115.819,788700,91165563,1-3年国债ETF,SH,511020
2025-03-12,133.8,134.5,133.521,134.446,17229100,2304541168,7-10年国债ETF,SH,511260
2025-03-12,111.295,111.297,111.292,111.295,46950607,5225329121,信用债ETF,SH,511360
2025-03-12,1.173,1.173,1.161,1.164,23400,27406,短融ETF,SZ,159976
2025-03-12,6.534,6.66,6.529,6.546,3088800,20210364,绿色债券ETF(南方),SH,518890
2025-03-12,1.227,1.252,1.219,1.235,327100250,404424223,绿色电力ETF,SZ,159869
2025-03-12,107.1,107.434,107.018,107.329,835700,89573886,高等级同业存单ETF,SZ,159649
2025-03-13,115.681,116.004,115.681,115.993,2375700,275461287,1-3年国债ETF,SH,511020
2025-03-13,134.267,134.474,134.123,134.308,2967900,398764372,7-10年国债ETF,SH,511260
2025-03-13,111.306,111.311,111.302,111.31,47283612,5262987256,信用债ETF,SH,511360
2025-03-13,1.157,1.161,1.151,1.155,485500,559323,短融ETF,SZ,159976
2025-03-13,6.581,6.656,6.58,6.599,3469500,22890462,绿色债券ETF(南方),SH,518890
2025-03-13,1.229,1.233,1.198,1.214,262124424,317352716,绿色电力ETF,SZ,159869
2025-03-13,107.22,107.35,107.17,107.269,9931900,1065920931,高等级同业存单ETF,SZ,159649
2025-03-14,115.889,115.933,115.603,115.826,1882300,218015061,1-3年国债ETF,SH,511020
2025-03-14,134.155,134.282,133.88,134.101,3739900,501350666,7-10年国债ETF,SH,511260
2025-03-14,111.333,111.335,111.319,111.329,50554834,5628139133,信用债ETF,SH,511360
2025-03-14,1.164,1.187,1.161,1.185,343703,406474,短融ETF,SZ,159976
2025-03-14,6.706,6.711,6.685,6.69,3505900,23472723,绿色债券ETF(南方),SH,518890
2025-03-14,1.211,1.266,1.202,1.264,592789656,735514659,绿色电力ETF,SZ,159869
2025-03-14,107.266,107.284,107.163,107.246,1043900,111916685,高等级同业存单ETF,SZ,159649
2025-03-17,115.701,115.801,115.57,115.608,769200,88935859,1-3年国债ETF,SH,511020
2025-03-17,133.966,134.018,133.666,133.699,2372600,317494438,7-10年国债ETF,SH,511260
2025-03-17,111.32,111.324,111.312,111.321,47869052,5328704098,信用债ETF,SH,511360
2025-03-17,1.175,1.192,1.175,1.187,330000,392699,短融ETF,SZ,159976
2025-03-17,6.69,6.7,6.683,6.697,2998441,20069750,绿色债券ETF(南方),SH,518890
2025-03-17,1.276,1.286,1.243,1.25,402793674,507720269,绿色电力ETF,SZ,159869
2025-03-17,107.204,107.259,107.194,107.245,3022220,324075308,高等级同业存单ETF,SZ,159649
2025-03-18,115.547,115.608,115.447,115.518,381100,44043399,1-3年国债ETF,SH,511020
2025-03-18,133.65,133.845,133.581,133.682,2898100,387559426,7-10年国债ETF,SH,511260
2025-03-18,111.318,111.351,111.315,111.348,66882673,7446618047,信用债ETF,SH,511360
2025-03-18,1.187,1.204,1.187,1.201,188900,226806,短融ETF,SZ,159976
2025-03-18,6.713,6.755,6.713,6.744,5907100,39792204,绿色债券ETF(南方),SH,518890
2025-03-18,1.246,1.259,1.233,1.237,651342836,811466329,绿色电力ETF,SZ,159869
2025-03-18,107.243,107.3,107.165,107.213,590800,63349370,高等级同业存单ETF,SZ,159649
2025-03-19,115.566,115.664,115.5,115.51,302800,34979951,1-3年国债ETF,SH,511020
2025-03-19,133.778,133.88,133.744,133.797,1561700,208975429,7-10年国债ETF,SH,511260
2025-03-19,111.356,111.37,111.351,111.367,41033416,4569598807,信用债ETF,SH,511360
2025-03-19,1.199,1.206,1.193,1.202,340304,408157,短融ETF,SZ,159976
2025-03-19,6.771,6.907,6.77,6.812,2035104,13828623,绿色债券ETF(南方),SH,518890
2025-03-19,1.234,1.239,1.21,1.217,359829900,439415203,绿色电力ETF,SZ,159869
2025-03-19,107.214,107.263,107.178,107.196,2176700,233344086,高等级同业存单ETF,SZ,159649
2025-03-20,115.747,115.916,115.737,115.898,230400,26692050,1-3年国债ETF,SH,511020
2025-03-20,134.0,134.432,134.0,134.351,3139000,421362528,7-10年国债ETF,SH,511260
2025-03-20,111.38,111.4,111.378,111.394,35902506,3999089474,信用债ETF,SH,511360
2025-03-20,1.204,1.204,1.18,1.18,119003,141569,短融ETF,SZ,159976
2025-03-20,6.834,6.865,6.821,6.828,5031528,34357631,绿色债券ETF(南方),SH,518890
2025-03-20,1.216,1.216,1.196,1.197,306048003,369200135,绿色电力ETF,SZ,159869
2025-03-20,107.237,107.332,107.203,107.313,754200,80920723,高等级同业存单ETF,SZ,159649
2025-03-21,115.994,116.094,115.861,115.932,180100,20878064,1-3年国债ETF,SH,511020
2025-03-21,134.403,134.432,134.204,134.349,2275900,305659855,7-10年国债ETF,SH,511260
2025-03-21,111.402,111.468,111.401,111.453,33961104,3783785982,信用债ETF,SH,511360
2025-03-21,1.178,1.19,1.156,1.159,254100,295668,短融ETF,SZ,159976
2025-03-21,6.828,6.828,6.783,6.794,5778028,39308659,绿色债券ETF(南方),SH,518890
2025-03-21,1.19,1.198,1.165,1.167,325183600,383927311,绿色电力ETF,SZ,159869
2025-03-21,107.335,107.645,107.285,107.314,4099200,440059480,高等级同业存单ETF,SZ,159649
2025-03-24,115.931,115.94,115.69,115.909,3812800,442027352,1-3年国债ETF,SH,511020
2025-03-24,134.268,134.303,134.089,134.202,10785200,1447750210,7-10年国债ETF,SH,511260
2025-03-24,111.432,111.44,111.413,111.424,37466972,4174927463,信用债ETF,SH,511360
2025-03-24,1.165,1.167,1.155,1.167,485400,564030,短融ETF,SZ,159976
2025-03-24,6.776,6.826,6.776,6.815,5294500,35952084,绿色债券ETF(南方),SH,518890
2025-03-24,1.172,1.18,1.138,1.164,422567530,491950336,绿色电力ETF,SZ,159869
2025-03-24,107.268,107.29,107.25,107.29,2168100,232587614,高等级同业存单ETF,SZ,159649
2025-03-25,116.185,116.185,116.044,116.116,5055500,587021950,1-3年国债ETF,SH,511020
2025-03-25,134.573,134.591,134.443,134.522,5809300,781491093,7-10年国债ETF,SH,511260
2025-03-25,111.426,111.443,111.426,111.44,35022220,3902613331,信用债ETF,SH,511360
2025-03-25,1.166,1.166,1.146,1.152,238600,275877,短融ETF,SZ,159976
2025-03-25,6.815,6.815,6.767,6.794,3082000,20894926,绿色债券ETF(南方),SH,518890
2025-03-25,1.162,1.164,1.13,1.137,437028790,499695013,绿色电力ETF,SZ,159869
2025-03-25,107.335,107.376,107.28,107.301,2267940,243336067,高等级同业存单ETF,SZ,159649
2025-03-26,116.082,116.258,115.876,116.258,570500,66188797,1-3年国债ETF,SH,511020
2025-03-26,134.421,134.652,134.269,134.632,1860610,250162820,7-10年国债ETF,SH,511260
2025-03-26,111.445,111.451,111.436,111.44,44671901,4978313210,信用债ETF,SH,511360
2025-03-26,1.152,1.158,1.148,1.153,153500,176550,短融ETF,SZ,159976
2025-03-26,6.798,6.823,6.789,6.815,4233900,28809444,绿色债券ETF(南方),SH,518890
2025-03-26,1.136,1.147,1.135,1.136,248620907,283333333,绿色电力ETF,SZ,159869
2025-03-26,107.299,107.345,107.282,107.345,1212900,130144353,高等级同业存单ETF,SZ,159649
2025-03-27,116.199,116.299,116.171,116.268,3830000,445190106,1-3年国债ETF,SH,511020
2025-03-27,134.624,134.715,134.589,134.686,2682200,361143682,7-10年国债ETF,SH,511260
2025-03-27,111.448,111.452,111.441,111.447,45884523,5113621981,信用债ETF,SH,511360
2025-03-27,1.148,1.165,1.147,1.159,104000,120210,短融ETF,SZ,159976
2025-03-27,6.811,6.838,6.808,6.824,4612700,31457624,绿色债券ETF(南方),SH,518890
2025-03-27,1.134,1.151,1.125,1.136,389373100,444136518,绿色电力ETF,SZ,159869
2025-03-27,107.337,107.352,107.294,107.35,1422500,152675984,高等级同业存单ETF,SZ,159649
2025-03-28,116.16,116.259,116.16,116.21,110500,12842090,1-3年国债ETF,SH,511020
2025-03-28,134.576,134.685,134.5,134.507,2406400,323952996,7-10年国债ETF,SH,511260
2025-03-28,111.46,111.463,111.451,111.459,36976145,4121324107,信用债ETF,SH,511360
2025-03-28,1.162,1.162,1.149,1.154,207800,239684,短融ETF,SZ,159976
2025-03-28,6.901,6.967,6.901,6.957,5318300,36867692,绿色债券ETF(南方),SH,518890
2025-03-28,1.139,1.155,1.137,1.14,514040900,588638242,绿色电力ETF,SZ,159869
2025-03-28,107.34,107.355,107.3,107.338,3114178,334273254,高等级同业存单ETF,SZ,159649
2025-03-31,116.206,116.231,116.106,116.177,111500,12953808,1-3年国债ETF,SH,511020
2025-03-31,134.501,134.657,134.458,134.489,3302800,444462473,7-10年国债ETF,SH,511260
2025-03-31,111.466,111.47,111.461,111.467,33235026,3704550208,信用债ETF,SH,511360
2025-03-31,1.132,1.148,1.132,1.142,235500,268258,短融ETF,SZ,159976
2025-03-31,6.951,7.053,6.951,7.021,4895700,34252069,绿色债券ETF(南方),SH,518890
2025-03-31,1.131,1.134,1.1,1.124,288289700,321843752,绿色电力ETF,SZ,159869
2025-03-31,107.336,107.388,107.333,107.348,2941500,315779666,高等级同业存单ETF,SZ,159649
2025-04-01,116.294,116.294,116.12,116.16,6384500,741465885,1-3年国债ETF,SH,511020
2025-04-01,134.551,134.636,134.411,134.509,3636200,489146667,7-10年国债ETF,SH,511260
2025-04-01,111.472,111.482,111.472,111.48,48373728,5392516678,信用债ETF,SH,511360
2025-04-01,1.147,1.15,1.141,1.143,546300,625648,短融ETF,SZ,159976
2025-04-01,7.058,7.116,7.058,7.073,3867725,27421335,绿色债券ETF(南方),SH,518890
2025-04-01,1.125,1.142,1.119,1.123,249818021,282559919,绿色电力ETF,SZ,159869
2025-04-01,107.334,107.389,107.33,107.359,793800,85221282,高等级同业存单ETF,SZ,159649
2025-04-02,116.161,116.321,116.16,116.303,516400,60007231,1-3年国债ETF,SH,511020
2025-04-02,134.524,134.72,134.513,134.702,4362200,587218938,7-10年国债ETF,SH,511260
2025-04-02,111.486,111.504,111.484,111.497,58169924,6485501573,信用债ETF,SH,511360
2025-04-02,1.144,1.144,1.141,1.143,7600,8684,短融ETF,SZ,159976
2025-04-02,7.08,7.102,7.043,7.054,4525700,32033963,绿色债券ETF(南方),SH,518890
2025-04-02,1.121,1.145,1.12,1.126,264087700,299874143,绿色电力ETF,SZ,159869
2025-04-02,107.358,107.392,107.336,107.387,1450677,155741818,高等级同业存单ETF,SZ,159649
2025-04-03,116.721,116.889,116.57,116.888,531700,62091869,1-3年国债ETF,SH,511020
2025-04-03,135.299,135.546,134.994,135.518,3350332,453135363,7-10年国债ETF,SH,511260
2025-04-03,111.519,111.537,111.513,111.535,75915887,8466325552,信用债ETF,SH,511360
2025-04-03,1.133,1.135,1.126,1.126,163101,184639,短融ETF,SZ,159976
2025-04-03,7.15,7.603,7.084,7.109,11627700,83550839,绿色债券ETF(南方),SH,518890
2025-04-03,1.111,1.134,1.111,1.126,235331700,265041911,绿色电力ETF,SZ,159869
2025-04-03,107.498,107.6,107.435,107.576,2731600,293647447,高等级同业存单ETF,SZ,159649
2025-04-07,117.32,117.409,117.19,117.324,773900,90798976,1-3年国债ETF,SH,511020
2025-04-07,136.497,136.497,136.02,136.398,3842800,523768448,7-10年国债ETF,SH,511260
2025-04-07,111.541,111.554,111.541,111.551,61624623,6874149556,信用债ETF,SH,511360
2025-04-07,1.104,1.169,1.013,1.027,393400,410837,短融ETF,SZ,159976
2025-04-07,6.811,7.0,6.811,6.898,9441600,65386047,绿色债券ETF(南方),SH,518890
2025-04-07,1.064,1.073,1.013,1.013,305377650,313261105,绿色电力ETF,SZ,159869
2025-04-07,107.788,108.5,107.693,107.71,2620800,282382757,高等级同业存单ETF,SZ,159649
2025-04-08,117.215,117.215,117.001,117.11,3597600,421295735,1-3年国债ETF,SH,511020
2025-04-08,136.125,136.213,135.918,135.993,5451500,741792438,7-10年国债ETF,SH,511260
2025-04-08,111.55,111.556,111.549,111.555,49234740,5492257307,信用债ETF,SH,511360
2025-04-08,1.028,1.034,1.021,1.028,166900,171906,短融ETF,SZ,159976
2025-04-08,6.898,6.922,6.861,6.92,5476600,37742833,绿色债券ETF(南方),SH,518890
2025-04-08,0.97,1.006,0.958,0.983,463932863,453765834,绿色电力ETF,SZ,159869
2025-04-08,107.639,107.72,107.621,107.641,6222100,670099089,高等级同业存单ETF,SZ,159649
2025-04-09,117.135,117.228,116.992,117.024,3112900,364699293,1-3年国债ETF,SH,511020
2025-04-09,136.12,136.338,136.0,136.092,3058900,416350545,7-10年国债ETF,SH,511260
2025-04-09,111.562,111.565,111.558,111.562,66730901,7444537344,信用债ETF,SH,511360
2025-04-09,1.02,1.037,1.003,1.033,4522000,4637869,短融ETF,SZ,159976
2025-04-09,6.9,7.012,6.891,7.007,4312000,29879094,绿色债券ETF(南方),SH,518890
2025-04-09,0.958,1.022,0.926,1.015,508614812,501842085,绿色电力ETF,SZ,159869
2025-04-09,107.625,107.671,107.6,107.6,7305800,786460039,高等级同业存单ETF,SZ,159649
2025-04-10,117.014,117.28,116.916,117.256,7304900,856125868,1-3年国债ETF,SH,511020
2025-04-10,136.0,136.14,135.702,136.107,7400101,1006697681,7-10年国债ETF,SH,511260
2025-04-10,111.555,111.57,111.553,111.567,66504595,7419198896,信用债ETF,SH,511360
2025-04-10,1.046,1.072,1.046,1.061,468900,498395,短融ETF,SZ,159976
2025-04-10,7.08,7.183,7.08,7.159,3510400,25064470,绿色债券ETF(南方),SH,518890
2025-04-10,1.035,1.057,1.032,1.035,621553351,648204263,绿色电力ETF,SZ,159869
2025-04-10,107.629,107.65,107.567,107.647,2155800,231944161,高等级同业存单ETF,SZ,159649
2025-04-11,117.353,117.449,117.233,117.286,515800,60527968,1-3年国债ETF,SH,511020
2025-04-11,136.229,136.293,136.021,136.084,2765802,376637033,7-10年国债ETF,SH,511260
2025-04-11,111.585,111.589,111.58,111.585,67172561,7495465406,信用债ETF,SH,511360
2025-04-11,1.053,1.071,1.053,1.068,399306,424354,短融ETF,SZ,159976
2025-04-11,7.323,7.351,7.242,7.274,6868900,50257955,绿色债券ETF(南方),SH,518890
2025-04-11,1.027,1.046,1.024,1.034,380958780,394974048,绿色电力ETF,SZ,159869
2025-04-11,107.742,107.769,107.7,107.719,2268100,244369822,高等级同业存单ETF,SZ,159649
2025-04-14,117.2,117.264,117.12,117.263,570100,66827258,1-3年国债ETF,SH,511020
2025-04-14,135.997,136.088,135.852,136.084,16545800,2249857083,7-10年国债ETF,SH,511260
2025-04-14,111.592,111.596,111.589,111.594,75466459,8421458360,信用债ETF,SH,511360
2025-04-14,1.083,1.086,1.077,1.08,77805,83954,短融ETF,SZ,159976
2025-04-14,7.306,7.383,7.306,7.349,3185200,23433803,绿色债券ETF(南方),SH,518890
2025-04-14,1.042,1.06,1.042,1.05,368596500,387413192,绿色电力ETF,SZ,159869
2025-04-14,107.681,107.732,107.675,107.723,7012392,755159266,高等级同业存单ETF,SZ,159649
2025-04-15,117.289,117.32,117.216,117.237,3174700,372305813,1-3年国债ETF,SH,511020
2025-04-15,136.104,136.193,136.084,136.177,7397800,1007325251,7-10年国债ETF,SH,511260
2025-04-15,111.599,111.605,111.598,111.603,77961500,8700720367,信用债ETF,SH,511360
2025-04-15,1.078,1.08,1.075,1.078,708500,764110,短融ETF,SZ,159976
2025-04-15,7.349,7.356,7.337,7.349,3555700,26121222,绿色债券ETF(南方),SH,518890
2025-04-15,1.051,1.071,1.045,1.059,482324481,509164719,绿色电力ETF,SZ,159869
2025-04-15,107.685,107.73,107.684,107.708,1373185,147915220,高等级同业存单ETF,SZ,159649
2025-04-16,117.299,117.406,117.274,117.406,1297100,152216205,1-3年国债ETF,SH,511020
2025-04-16,136.217,136.4,136.217,136.359,16233300,2213387504,7-10年国债ETF,SH,511260
2025-04-16,111.607,111.61,111.601,111.602,74917424,8361158746,信用债ETF,SH,511360
2025-04-16,1.063,1.073,1.06,1.073,593400,632456,短融ETF,SZ,159976
2025-04-16,7.456,7.85,7.423,7.513,7970600,59676282,绿色债券ETF(南方),SH,518890
2025-04-16,1.049,1.064,1.034,1.046,385097053,404204281,绿色电力ETF,SZ,159869
2025-04-16,107.708,107.73,107.691,107.718,2704537,291344707,高等级同业存单ETF,SZ,159649
2025-04-17,117.413,117.446,117.32,117.342,697400,81853495,1-3年国债ETF,SH,511020
2025-04-17,136.36,136.397,136.281,136.325,18242600,2487547653,7-10年国债ETF,SH,511260
2025-04-17,111.604,111.608,111.595,111.596,55229841,6163792283,信用债ETF,SH,511360
2025-04-17,1.066,1.079,1.066,1.074,50400,53931,短融ETF,SZ,159976
2025-04-17,7.667,7.667,7.567,7.591,5825300,44276299,绿色债券ETF(南方),SH,518890
2025-04-17,1.037,1.057,1.035,1.048,213350300,223810889,绿色电力ETF,SZ,159869
2025-04-17,107.718,107.748,107.685,107.689,1551800,167155236,高等级同业存单ETF,SZ,159649
2025-04-18,117.27,117.358,117.238,117.24,1173000,137581492,1-3年国债ETF,SH,511020
2025-04-18,136.314,136.379,136.18,136.248,16268900,2216239319,7-10年国债ETF,SH,511260
2025-04-18,111.611,111.614,111.61,111.613,45640917,5094107125,信用债ETF,SH,511360
2025-04-18,1.075,1.079,1.075,1.077,11900,12822,短融ETF,SZ,159976
2025-04-18,7.589,7.633,7.55,7.611,6908300,52427010,绿色债券ETF(南方),SH,518890
2025-04-18,1.045,1.062,1.041,1.062,233620499,246004801,绿色电力ETF,SZ,159869
2025-04-18,107.672,107.745,107.645,107.665,2109698,227137231,高等级同业存单ETF,SZ,159649
2025-04-21,117.308,117.308,117.172,117.172,566100,66354467,1-3年国债ETF,SH,511020
2025-04-21,136.246,136.248,136.098,136.107,2538600,345616902,7-10年国债ETF,SH,511260
2025-04-21,111.619,111.623,111.616,111.619,52984552,5914164864,信用债ETF,SH,511360
2025-04-21,1.084,1.086,1.083,1.083,108800,117886,短融ETF,SZ,159976
2025-04-21,7.704,7.758,7.702,7.754,6172463,47619303,绿色债券ETF(南方),SH,518890
2025-04-21,1.056,1.092,1.048,1.091,400678900,431085572,绿色电力ETF,SZ,159869
2025-04-21,107.66,107.68,107.618,107.63,3006000,323564491,高等级同业存单ETF,SZ,159649
2025-04-22,117.183,117.25,117.183,117.231,5460100,640046472,1-3年国债ETF,SH,511020
2025-04-22,136.138,136.24,136.138,136.239,4067600,554005830,7-10年国债ETF,SH,511260
2025-04-22,111.626,111.626,111.622,111.625,63647427,7104568835,信用债ETF,SH,511360
2025-04-22,1.08,1.088,1.08,1.084,44901,48594,短融ETF,SZ,159976
2025-04-22,7.865,8.05,7.865,8.011,13029706,103580599,绿色债券ETF(南方),SH,518890
2025-04-22,1.093,1.095,1.071,1.074,442586200,478178003,绿色电力ETF,SZ,159869
2025-04-22,107.636,107.673,107.636,107.643,5283250,568728989,高等级同业存单ETF,SZ,159649
2025-04-23,117.165,117.231,117.036,117.106,521600,61098288,1-3年国债ETF,SH,511020
2025-04-23,136.129,136.138,135.985,136.1,3039400,413623606,7-10年国债ETF,SH,511260
2025-04-23,111.624,111.632,111.622,111.628,56226819,6276407973,信用债ETF,SH,511360
2025-04-23,1.105,1.105,1.096,1.097,162600,178657,短融ETF,SZ,159976
2025-04-23,7.826,7.83,7.515,7.541,18511900,141706839,绿色债券ETF(南方),SH,518890
2025-04-23,1.08,1.086,1.072,1.078,314643542,339704921,绿色电力ETF,SZ,159869
2025-04-23,107.607,107.638,107.607,107.629,2099200,225924622,高等级同业存单ETF,SZ,159649
2025-04-24,117.177,117.24,117.04,117.041,9519400,1115042695,1-3年国债ETF,SH,511020
2025-04-24,136.171,136.185,136.003,136.018,9390800,1277965314,7-10年国债ETF,SH,511260
2025-04-24,111.634,111.639,111.634,111.639,43920613,4903134020,信用债ETF,SH,511360
2025-04-24,1.1,1.104,1.091,1.093,35200,38472,短融ETF,SZ,159976
2025-04-24,7.713,7.729,7.573,7.604,11893200,91243348,绿色债券ETF(南方),SH,518890
2025-04-24,1.078,1.079,1.049,1.057,333822357,354198044,绿色电力ETF,SZ,159869
2025-04-24,107.631,107.668,107.604,107.604,2280400,245451123,高等级同业存单ETF,SZ,159649
2025-04-25,117.158,117.224,117.078,117.199,1803700,211295274,1-3年国债ETF,SH,511020
2025-04-25,136.1,136.157,136.028,136.096,12570500,1711182423,7-10年国债ETF,SH,511260
2025-04-25,111.647,111.649,111.641,111.648,61130442,6824955087,信用债ETF,SH,511360
2025-04-25,1.114,1.202,1.1,1.107,28996211,32287458,短融ETF,SZ,159976
2025-04-25,7.756,7.78,7.512,7.564,8314500,63265533,绿色债券ETF(南方),SH,518890
2025-04-25,1.061,1.075,1.055,1.061,283640292,301718103,绿色电力ETF,SZ,159869
2025-04-25,107.634,107.682,107.601,107.661,2245900,241779881,高等级同业存单ETF,SZ,159649
2025-04-28,117.196,117.288,117.196,117.245,7720800,905181145,1-3年国债ETF,SH,511020
2025-04-28,136.142,136.218,136.117,136.186,4050200,551579352,7-10年国债ETF,SH,511260
2025-04-28,111.643,111.653,111.641,111.647,93707104,10461920761,信用债ETF,SH,511360
2025-04-28,1.108,1.108,1.097,1.097,1391102,1527116,短融ETF,SZ,159976
2025-04-28,7.517,7.53,7.462,7.489,2567400,19233824,绿色债券ETF(南方),SH,518890
2025-04-28,1.058,1.092,1.058,1.075,472482969,509486526,绿色电力ETF,SZ,159869
2025-04-28,107.672,107.673,107.638,107.657,1105400,119016479,高等级同业存单ETF,SZ,159649
2025-04-29,117.278,117.418,117.276,117.418,474700,55710119,1-3年国债ETF,SH,511020
2025-04-29,136.29,136.524,136.264,136.502,2947900,402066200,7-10年国债ETF,SH,511260
2025-04-29,111.658,111.67,111.657,111.667,62055908,6929253461,信用债ETF,SH,511360
2025-04-29,1.099,1.1,1.09,1.094,198900,217336,短融ETF,SZ,159976
2025-04-29,7.673,7.673,7.49,7.535,4883100,36850682,绿色债券ETF(南方),SH,518890
2025-04-29,1.067,1.089,1.065,1.083,291184632,315251928,绿色电力ETF,SZ,159869
2025-04-29,107.66,107.736,107.66,107.726,1317120,141882581,高等级同业存单ETF,SZ,159649
2025-04-30,117.428,117.501,117.358,117.499,833500,97865453,1-3年国债ETF,SH,511020
2025-04-30,136.44,136.576,136.397,136.546,2584700,352698477,7-10年国债ETF,SH,511260
2025-04-30,111.695,111.707,111.688,111.706,121795988,13604172438,信用债ETF,SH,511360
2025-04-30,1.093,1.099,1.083,1.095,133500,146030,短融ETF,SZ,159976
2025-04-30,7.54,7.545,7.487,7.487,2736700,20560041,绿色债券ETF(南方),SH,518890
2025-04-30,1.08,1.104,1.08,1.093,346190547,379521925,绿色电力ETF,SZ,159869
2025-04-30,107.789,107.811,107.726,107.808,2260800,243675294,高等级同业存单ETF,SZ,159649
2025-05-06,117.488,117.492,117.371,117.438,470210,55236112,1-3年国债ETF,SH,511020
2025-05-06,136.52,136.55,136.421,136.5,1631901,222750577,7-10年国债ETF,SH,511260
2025-05-06,111.703,111.704,111.7,111.7,76074065,8497546565,信用债ETF,SH,511360
2025-05-06,1.106,1.118,1.106,1.118,486200,543019,短融ETF,SZ,159976
2025-05-06,7.61,7.675,7.593,7.63,7933200,60568940,绿色债券ETF(南方),SH,518890
2025-05-06,1.1,1.124,1.093,1.123,415357547,462346942,绿色电力ETF,SZ,159869
2025-05-06,107.799,107.799,107.724,107.748,3396700,365954010,高等级同业存单ETF,SZ,159649
2025-05-07,117.507,117.507,117.36,117.405,4490200,527087103,1-3年国债ETF,SH,511020
2025-05-07,136.562,136.562,136.291,136.386,14190250,1935610429,7-10年国债ETF,SH,511260
2025-05-07,111.701,111.709,111.7,111.706,73472776,8207316250,信用债ETF,SH,511360
2025-05-07,1.139,1.139,1.119,1.119,162000,182706,短融ETF,SZ,159976
2025-05-07,7.789,7.789,7.614,7.693,7001600,53705092,绿色债券ETF(南方),SH,518890
2025-05-07,1.137,1.137,1.099,1.109,456588502,509200506,绿色电力ETF,SZ,159869
2025-05-07,107.783,107.835,107.768,107.798,2024400,218199961,高等级同业存单ETF,SZ,159649
2025-05-08,117.439,117.539,117.439,117.522,10427300,1225153853,1-3年国债ETF,SH,511020
2025-05-08,136.434,136.628,136.434,136.494,9266400,1265022155,7-10年国债ETF,SH,511260
2025-05-08,111.715,111.727,111.715,111.724,71259145,7961140642,信用债ETF,SH,511360
2025-05-08,1.118,1.14,1.118,1.14,28617200,32226481,短融ETF,SZ,159976
2025-05-08,7.693,7.752,7.557,7.575,12573500,96201764,绿色债券ETF(南方),SH,518890
2025-05-08,1.103,1.122,1.102,1.117,269412142,300334472,绿色电力ETF,SZ,159869
2025-05-08,107.848,107.895,107.843,107.889,1883050,203149561,高等级同业存单ETF,SZ,159649
2025-05-09,117.538,117.619,117.537,117.589,2410200,283450952,1-3年国债ETF,SH,511020
2025-05-09,136.55,136.62,136.53,136.592,16958600,2315917793,7-10年国债ETF,SH,511260
2025-05-09,111.743,111.747,111.742,111.744,85876460,9596161429,信用债ETF,SH,511360
2025-05-09,1.127,1.13,1.122,1.123,2372121,2670715,短融ETF,SZ,159976
2025-05-09,7.523,7.574,7.446,7.554,9751200,73136425,绿色债券ETF(南方),SH,518890
2025-05-09,1.114,1.115,1.091,1.095,276400486,303328737,绿色电力ETF,SZ,159869
2025-05-09,107.916,107.992,107.916,107.929,2248200,242652715,高等级同业存单ETF,SZ,159649
2025-05-12,117.537,117.564,117.447,117.481,1080400,126986682,1-3年国债ETF,SH,511020
2025-05-12,136.479,136.563,136.342,136.454,2010900,274430700,7-10年国债ETF,SH,511260
2025-05-12,111.756,111.757,111.752,111.756,67069926,7495356407,信用债ETF,SH,511360
2025-05-12,1.129,1.143,1.129,1.141,1616700,1839593,短融ETF,SZ,159976
2025-05-12,7.398,7.42,7.357,7.394,6938400,51350985,绿色债券ETF(南方),SH,518890
2025-05-12,1.102,1.109,1.1,1.107,192679570,212734794,绿色电力ETF,SZ,159869
2025-05-12,107.902,107.972,107.868,107.95,2221200,239775441,高等级同业存单ETF,SZ,159649
2025-05-13,117.27,117.287,117.178,117.247,3487000,408762173,1-3年国债ETF,SH,511020
2025-05-13,136.192,136.299,136.0,136.284,2617600,356457983,7-10年国债ETF,SH,511260
2025-05-13,111.76,111.762,111.755,111.761,79325926,8865412775,信用债ETF,SH,511360
2025-05-13,1.146,1.146,1.138,1.139,947601,1083558,短融ETF,SZ,159976
2025-05-13,7.294,7.357,7.242,7.349,13741200,100272453,绿色债券ETF(南方),SH,518890
2025-05-13,1.119,1.12,1.102,1.104,207786200,230642673,绿色电力ETF,SZ,159869
2025-05-13,107.912,107.961,107.888,107.949,4857932,524427257,高等级同业存单ETF,SZ,159649
2025-05-14,117.268,117.336,117.17,117.188,878200,102949948,1-3年国债ETF,SH,511020
2025-05-14,136.31,136.315,136.15,136.175,14748015,2008905624,7-10年国债ETF,SH,511260
2025-05-14,111.771,111.78,111.77,111.78,85012050,9502161448,信用债ETF,SH,511360
2025-05-14,1.146,1.161,1.143,1.158,301300,346470,短融ETF,SZ,159976
2025-05-14,7.333,7.337,7.284,7.297,4885700,35692089,绿色债券ETF(南方),SH,518890
2025-05-14,1.102,1.115,1.093,1.105,249710067,275321954,绿色电力ETF,SZ,159869
2025-05-14,107.907,107.984,107.907,107.939,6619800,714584392,高等级同业存单ETF,SZ,159649
2025-05-15,117.232,117.3,117.18,117.192,10317100,1209032433,1-3年国债ETF,SH,511020
2025-05-15,136.183,136.228,136.123,136.149,2455200,334295812,7-10年国债ETF,SH,511260
2025-05-15,111.782,111.789,111.782,111.785,131938687,14748918223,信用债ETF,SH,511360
2025-05-15,1.174,1.178,1.137,1.145,185000,212495,短融ETF,SZ,159976
2025-05-15,7.232,7.232,7.019,7.077,25576995,181369590,绿色债券ETF(南方),SH,518890
2025-05-15,1.106,1.106,1.069,1.073,303070571,326808412,绿色电力ETF,SZ,159869
2025-05-15,107.939,107.94,107.859,107.9,2673268,288414942,高等级同业存单ETF,SZ,159649
2025-05-16,117.182,117.182,117.05,117.096,2394000,280269908,1-3年国债ETF,SH,511020
2025-05-16,136.045,136.132,136.001,136.048,1968700,267824382,7-10年国债ETF,SH,511260
2025-05-16,111.796,111.798,111.783,111.786,119847739,13397875698,信用债ETF,SH,511360
2025-05-16,1.143,1.148,1.139,1.146,21800,24943,短融ETF,SZ,159976
2025-05-16,7.215,7.225,7.177,7.205,8748200,63027047,绿色债券ETF(南方),SH,518890
2025-05-16,1.07,1.082,1.07,1.074,283511300,304933455,绿色电力ETF,SZ,159869
2025-05-16,107.899,107.899,107.803,107.822,3822800,412148731,高等级同业存单ETF,SZ,159649
2025-05-19,117.109,117.196,117.109,117.192,943900,110593263,1-3年国债ETF,SH,511020
2025-05-19,136.068,136.138,136.048,136.124,11333900,1542551035,7-10年国债ETF,SH,511260
2025-05-19,111.796,111.799,111.794,111.798,75548232,8445984574,信用债ETF,SH,511360
2025-05-19,1.133,1.143,1.133,1.141,77700,88630,短融ETF,SZ,159976
2025-05-19,7.25,7.25,7.206,7.241,15478368,111949176,绿色债券ETF(南方),SH,518890
2025-05-19,1.07,1.077,1.056,1.076,300590710,320670861,绿色电力ETF,SZ,159869
2025-05-19,107.89,107.89,107.808,107.831,640687,69083944,高等级同业存单ETF,SZ,159649
2025-05-20,117.288,117.33,117.214,117.239,1001800,117492751,1-3年国债ETF,SH,511020
2025-05-20,136.24,136.253,136.151,136.205,7226700,984321775,7-10年国债ETF,SH,511260
2025-05-20,111.803,111.807,111.798,111.801,52925100,5917299008,信用债ETF,SH,511360
2025-05-20,1.145,1.152,1.144,1.149,158105,181553,短融ETF,SZ,159976
2025-05-20,7.241,7.255,7.215,7.227,5892500,42582189,绿色债券ETF(南方),SH,518890
2025-05-20,1.073,1.108,1.065,1.097,398802621,434322180,绿色电力ETF,SZ,159869
2025-05-20,107.85,107.889,107.85,107.868,1918300,206937779,高等级同业存单ETF,SZ,159649
2025-05-21,117.239,117.273,117.189,117.221,737700,86493934,1-3年国债ETF,SH,511020
2025-05-21,136.208,136.254,136.183,136.249,2583700,351920800,7-10年国债ETF,SH,511260
2025-05-21,111.812,111.812,111.809,111.812,60240347,6735508149,信用债ETF,SH,511360
2025-05-21,1.154,1.158,1.151,1.153,27800,32027,短融ETF,SZ,159976
2025-05-21,7.399,7.47,7.397,7.464,13855400,103036168,绿色债券ETF(南方),SH,518890
2025-05-21,1.096,1.097,1.088,1.092,160840600,175691289,绿色电力ETF,SZ,159869
2025-05-21,107.861,107.879,107.86,107.871,1972600,212785816,高等级同业存单ETF,SZ,159649
2025-05-22,117.278,117.284,117.189,117.195,626100,73410946,1-3年国债ETF,SH,511020
2025-05-22,136.215,136.255,136.185,136.21,2138300,291260281,7-10年国债ETF,SH,511260
2025-05-22,111.811,111.813,111.805,111.806,65615908,7336534840,信用债ETF,SH,511360
2025-05-22,1.154,1.156,1.15,1.152,142100,163697,短融ETF,SZ,159976
2025-05-22,7.497,7.79,7.467,7.467,5534900,41511821,绿色债券ETF(南方),SH,518890
2025-05-22,1.09,1.123,1.087,1.114,631350066,699673078,绿色电力ETF,SZ,159869
2025-05-22,107.883,107.909,107.852,107.88,1483500,160058691,高等级同业存单ETF,SZ,159649
2025-05-23,117.18,117.244,117.103,117.238,240100,28124394,1-3年国债ETF,SH,511020
2025-05-23,136.16,136.21,136.074,136.203,2345700,319310957,7-10年国债ETF,SH,511260
2025-05-23,111.817,111.822,111.817,111.818,53929568,6030311010,信用债ETF,SH,511360
2025-05-23,1.156,1.158,1.145,1.145,95150,109139,短融ETF,SZ,159976
2025-05-23,7.43,7.474,7.39,7.468,5573000,41390812,绿色债券ETF(南方),SH,518890
2025-05-23,1.109,1.113,1.086,1.087,331686257,364724496,绿色电力ETF,SZ,159869
2025-05-23,107.88,107.88,107.852,107.875,1489200,160630681,高等级同业存单ETF,SZ,159649
2025-05-26,117.261,117.261,117.205,117.252,3409900,399689506,1-3年国债ETF,SH,511020
2025-05-26,136.282,136.282,136.184,136.228,4203600,572655393,7-10年国债ETF,SH,511260
2025-05-26,111.817,111.817,111.803,111.808,79308224,8867588616,信用债ETF,SH,511360
2025-05-26,1.143,1.145,1.128,1.137,339800,385668,短融ETF,SZ,159976
2025-05-26,7.466,7.49,7.441,7.453,2806300,20954001,绿色债券ETF(南方),SH,518890
2025-05-26,1.089,1.13,1.089,1.119,505265991,563705404,绿色电力ETF,SZ,159869
2025-05-26,107.91,107.91,107.854,107.865,4749000,512246937,高等级同业存单ETF,SZ,159649
2025-05-27,117.23,117.238,117.171,117.176,540800,63384466,1-3年国债ETF,SH,511020
2025-05-27,136.217,136.24,136.169,136.186,2865501,390307641,7-10年国债ETF,SH,511260
2025-05-27,111.811,111.815,111.807,111.814,103782216,11603920615,信用债ETF,SH,511360
2025-05-27,1.134,1.138,1.134,1.138,57700,65565,短融ETF,SZ,159976
2025-05-27,7.461,7.48,7.377,7.381,9175127,68115567,绿色债券ETF(南方),SH,518890
2025-05-27,1.113,1.117,1.103,1.109,276018437,306356432,绿色电力ETF,SZ,159869
2025-05-27,107.873,107.9,107.852,107.852,2197100,237019675,高等级同业存单ETF,SZ,159649
2025-05-28,117.15,117.2,117.135,117.169,1158100,135683526,1-3年国债ETF,SH,511020
2025-05-28,136.162,136.196,136.121,136.145,980700,133529999,7-10年国债ETF,SH,511260
2025-05-28,111.82,111.824,111.82,111.822,30706772,3433698649,信用债ETF,SH,511360
2025-05-28,1.139,1.139,1.132,1.132,37000,42031,短融ETF,SZ,159976
2025-05-28,7.377,7.454,7.359,7.391,6601700,48772467,绿色债券ETF(南方),SH,518890
2025-05-28,1.107,1.111,1.096,1.101,228324206,251420822,绿色电力ETF,SZ,159869
2025-05-28,107.84,107.857,107.833,107.838,5843700,630172806,高等级同业存单ETF,SZ,159649
2025-05-29,117.128,117.128,116.977,117.014,423400,49532412,1-3年国债ETF,SH,511020
2025-05-29,136.071,136.162,135.972,136.008,3952600,537597591,7-10年国债ETF,SH,511260
2025-05-29,111.828,111.83,111.825,111.828,68578812,7669041309,信用债ETF,SH,511360
2025-05-29,1.138,1.146,1.136,1.144,200500,229024,短融ETF,SZ,159976
2025-05-29,7.282,7.384,7.277,7.313,4995800,36486758,绿色债券ETF(南方),SH,518890
2025-05-29,1.099,1.125,1.095,1.125,291411438,324821023,绿色电力ETF,SZ,159869
2025-05-29,107.838,107.838,107.789,107.81,2694500,290491900,高等级同业存单ETF,SZ,159649
2025-05-30,117.118,117.148,117.09,117.107,11000000,1288470890,1-3年国债ETF,SH,511020
2025-05-30,136.14,136.159,136.065,136.124,15677926,2134212545,7-10年国债ETF,SH,511260
2025-05-30,111.84,111.848,111.837,111.847,102579919,11472731230,信用债ETF,SH,511360
2025-05-30,1.136,1.136,1.134,1.135,435300,493682,短融ETF,SZ,159976
2025-05-30,7.4,7.405,7.352,7.387,3346900,24697409,绿色债券ETF(南方),SH,518890
2025-05-30,1.119,1.14,1.108,1.109,319669863,358314246,绿色电力ETF,SZ,159869
2025-05-30,107.85,107.919,107.85,107.879,2319200,250173498,高等级同业存单ETF,SZ,159649
2025-06-03,117.192,117.216,117.129,117.166,2781600,325898906,1-3年国债ETF,SH,511020
2025-06-03,136.189,136.189,136.085,136.146,10478969,1426648776,7-10年国债ETF,SH,511260
2025-06-03,111.854,111.858,111.852,111.857,60867569,6808332274,信用债ETF,SH,511360
2025-06-03,1.134,1.134,1.133,1.134,64900,73556,短融ETF,SZ,159976
2025-06-03,7.521,7.579,7.483,7.496,7053532,53018460,绿色债券ETF(南方),SH,518890
2025-06-03,1.104,1.169,1.104,1.143,592862716,681426640,绿色电力ETF,SZ,159869
2025-06-03,107.879,107.885,107.835,107.862,2532500,273168712,高等级同业存单ETF,SZ,159649
2025-06-04,117.181,117.228,117.14,117.228,14089500,1650912993,1-3年国债ETF,SH,511020
2025-06-04,136.214,136.214,136.144,136.197,1951907,265787352,7-10年国债ETF,SH,511260
2025-06-04,111.859,111.862,111.858,111.861,58932969,6592237872,信用债ETF,SH,511360
2025-06-04,1.141,1.143,1.141,1.143,56400,64394,短融ETF,SZ,159976
2025-06-04,7.503,7.523,7.477,7.485,4201700,31500538,绿色债券ETF(南方),SH,518890
2025-06-04,1.136,1.164,1.133,1.151,381484688,439448798,绿色电力ETF,SZ,159869
2025-06-04,107.851,107.88,107.851,107.87,2353710,253881037,高等级同业存单ETF,SZ,159649
2025-06-05,117.227,117.296,117.205,117.246,6931700,812728335,1-3年国债ETF,SH,511020
2025-06-05,136.198,136.266,136.143,136.23,10725900,1461192067,7-10年国债ETF,SH,511260
2025-06-05,111.863,111.864,111.86,111.862,56411326,6310295528,信用债ETF,SH,511360
2025-06-05,1.143,1.149,1.143,1.149,31003,35490,短融ETF,SZ,159976
2025-06-05,7.521,7.521,7.488,7.497,2134000,16018605,绿色债券ETF(南方),SH,518890
2025-06-05,1.151,1.175,1.146,1.171,474909069,552648811,绿色电力ETF,SZ,159869
2025-06-05,107.888,107.912,107.866,107.886,3527400,380613809,高等级同业存单ETF,SZ,159649
2025-06-06,117.405,117.405,117.306,117.346,10804900,1267815936,1-3年国债ETF,SH,511020
2025-06-06,136.3,136.341,136.259,136.339,15354900,2093369535,7-10年国债ETF,SH,511260
2025-06-06,111.872,111.873,111.87,111.872,88142440,9860611695,信用债ETF,SH,511360
2025-06-06,1.157,1.157,1.145,1.145,96600,110804,短融ETF,SZ,159976
2025-06-06,7.497,7.537,7.48,7.492,2478700,18575634,绿色债券ETF(南方),SH,518890
2025-06-06,1.167,1.181,1.149,1.16,301495009,349114701,绿色电力ETF,SZ,159869
2025-06-06,107.921,107.952,107.921,107.939,2764500,298394350,高等级同业存单ETF,SZ,159649
2025-06-09,117.401,117.477,117.401,117.469,12109600,1422418493,1-3年国债ETF,SH,511020
2025-06-09,136.455,136.54,136.347,136.497,29215600,3988166491,7-10年国债ETF,SH,511260
2025-06-09,111.874,111.878,111.874,111.878,68965397,7715563940,信用债ETF,SH,511360
2025-06-09,1.152,1.152,1.149,1.15,543600,624851,短融ETF,SZ,159976
2025-06-09,7.39,7.424,7.342,7.42,7489000,55200192,绿色债券ETF(南方),SH,518890
2025-06-09,1.159,1.172,1.153,1.168,291565121,339629791,绿色电力ETF,SZ,159869
2025-06-09,107.955,107.994,107.955,107.986,9599800,1036613192,高等级同业存单ETF,SZ,159649
2025-06-10,117.47,117.514,117.415,117.475,10953600,1286612276,1-3年国债ETF,SH,511020
2025-06-10,136.504,136.569,136.504,136.551,56236000,7678383109,7-10年国债ETF,SH,511260
2025-06-10,111.883,111.884,111.879,111.882,107722488,12052146352,信用债ETF,SH,511360
2025-06-10,1.155,1.158,1.147,1.149,526100,603707,短融ETF,SZ,159976
2025-06-10,7.373,7.441,7.365,7.432,3648900,26967611,绿色债券ETF(南方),SH,518890
2025-06-10,1.169,1.173,1.139,1.166,388158673,449075143,绿色电力ETF,SZ,159869
2025-06-10,107.998,108.013,107.97,107.997,17177000,1855061301,高等级同业存单ETF,SZ,159649
2025-06-11,117.521,117.521,117.43,117.492,2300000,270192562,1-3年国债ETF,SH,511020
2025-06-11,136.601,136.68,136.567,136.662,36551500,4992642206,7-10年国债ETF,SH,511260
2025-06-11,111.887,111.891,111.883,111.888,103625744,11594367413,信用债ETF,SH,511360
2025-06-11,1.158,1.165,1.157,1.165,51100,59243,短融ETF,SZ,159976
2025-06-11,7.439,7.479,7.423,7.445,3174800,23626318,绿色债券ETF(南方),SH,518890
2025-06-11,1.167,1.198,1.162,1.192,418846029,494407493,绿色电力ETF,SZ,159869
2025-06-11,107.991,108.018,107.983,108.015,5257947,567824522,高等级同业存单ETF,SZ,159649
2025-06-12,117.491,117.539,117.441,117.447,842600,99004450,1-3年国债ETF,SH,511020
2025-06-12,136.678,136.682,136.599,136.653,45789600,6257669039,7-10年国债ETF,SH,511260
2025-06-12,111.889,111.893,111.888,111.89,93596428,10472512370,信用债ETF,SH,511360
2025-06-12,1.155,1.176,1.153,1.155,256000,295450,短融ETF,SZ,159976
2025-06-12,7.52,7.594,7.491,7.515,2528300,18994695,绿色债券ETF(南方),SH,518890
2025-06-12,1.188,1.227,1.182,1.214,567836503,688753597,绿色电力ETF,SZ,159869
2025-06-12,108.013,108.013,107.983,107.991,5768600,623003362,高等级同业存单ETF,SZ,159649
2025-06-13,117.458,117.49,117.415,117.449,2147560,252236039,1-3年国债ETF,SH,511020
2025-06-13,136.653,136.7,136.59,136.647,33883300,4630307352,7-10年国债ETF,SH,511260
2025-06-13,111.904,111.907,111.903,111.905,126686246,14176741457,信用债ETF,SH,511360
2025-06-13,1.146,1.152,1.141,1.144,52103,59758,短融ETF,SZ,159976
2025-06-13,7.627,7.666,7.587,7.606,12413600,94716911,绿色债券ETF(南方),SH,518890
2025-06-13,1.206,1.206,1.183,1.192,467462662,557434344,绿色电力ETF,SZ,159869
2025-06-13,107.991,108.036,107.991,107.997,6366000,687534328,高等级同业存单ETF,SZ,159649
2025-06-16,117.456,117.547,117.456,117.486,2221500,261047298,1-3年国债ETF,SH,511020
2025-06-16,136.655,136.695,136.618,136.68,34268223,4683834420,7-10年国债ETF,SH,511260
2025-06-16,111.904,111.906,111.901,111.905,152489300,17063982630,信用债ETF,SH,511360
2025-06-16,1.133,1.167,1.133,1.151,341700,392362,短融ETF,SZ,159976
2025-06-16,7.639,7.669,7.57,7.58,6304300,47971313,绿色债券ETF(南方),SH,518890
2025-06-16,1.191,1.262,1.19,1.247,869943853,1076641393,绿色电力ETF,SZ,159869
2025-06-16,108.0,108.026,107.975,107.982,2660500,287349211,高等级同业存单ETF,SZ,159649
2025-06-17,117.495,117.6,117.47,117.6,3483600,409500214,1-3年国债ETF,SH,511020
2025-06-17,136.688,136.82,136.638,136.811,55902324,7644214091,7-10年国债ETF,SH,511260
2025-06-17,111.906,111.912,111.905,111.91,157936691,17674636665,信用债ETF,SH,511360
2025-06-17,1.151,1.153,1.148,1.15,88607,102047,短融ETF,SZ,159976
2025-06-17,7.55,7.55,7.483,7.513,4427000,33275988,绿色债券ETF(南方),SH,518890
2025-06-17,1.246,1.249,1.207,1.213,622883153,762959109,绿色电力ETF,SZ,159869
2025-06-17,107.988,108.076,107.983,108.051,6884500,743676530,高等级同业存单ETF,SZ,159649
2025-06-18,117.613,117.638,117.586,117.603,1412600,166114594,1-3年国债ETF,SH,511020
2025-06-18,136.8,136.82,136.745,136.803,60592198,8287281990,7-10年国债ETF,SH,511260
2025-06-18,111.92,111.924,111.919,111.922,99977477,11189632700,信用债ETF,SH,511360
2025-06-18,1.143,1.147,1.143,1.146,75100,85916,短融ETF,SZ,159976
2025-06-18,7.513,7.547,7.492,7.518,7339500,55144566,绿色债券ETF(南方),SH,518890
2025-06-18,1.21,1.223,1.196,1.207,383714877,462835091,绿色电力ETF,SZ,159869
2025-06-18,108.071,108.079,108.054,108.068,3013900,325696916,高等级同业存单ETF,SZ,159649
2025-06-19,117.634,117.652,117.58,117.615,1478900,173975952,1-3年国债ETF,SH,511020
2025-06-19,136.876,136.876,136.79,136.829,68868252,9424161387,7-10年国债ETF,SH,511260
2025-06-19,111.932,111.942,111.932,111.937,174242464,19503956227,信用债ETF,SH,511360
2025-06-19,1.124,1.132,1.124,1.13,27500,31080,短融ETF,SZ,159976
2025-06-19,7.518,7.659,7.461,7.479,14440200,108312678,绿色债券ETF(南方),SH,518890
2025-06-19,1.199,1.23,1.188,1.198,602007624,728817299,绿色电力ETF,SZ,159869
2025-06-19,108.072,108.107,108.066,108.077,3269134,353362052,高等级同业存单ETF,SZ,159649
2025-06-20,117.615,117.642,117.601,117.634,656800,77262522,1-3年国债ETF,SH,511020
2025-06-20,136.76,136.866,136.76,136.863,81950500,11213763747,7-10年国债ETF,SH,511260
2025-06-20,111.949,111.95,111.943,111.945,168997029,18918375566,信用债ETF,SH,511360
2025-06-20,1.13,1.137,1.13,1.135,5400,6117,短融ETF,SZ,159976
2025-06-20,7.525,7.525,7.44,7.441,6797700,50696994,绿色债券ETF(南方),SH,518890
2025-06-20,1.205,1.211,1.173,1.176,424546900,503444898,绿色电力ETF,SZ,159869
2025-06-20,108.094,108.118,108.071,108.084,6644200,718111145,高等级同业存单ETF,SZ,159649
2025-06-23,117.652,117.688,117.616,117.64,479100,56364370,1-3年国债ETF,SH,511020
2025-06-23,136.863,136.903,136.83,136.832,40676100,5566067428,7-10年国债ETF,SH,511260
2025-06-23,111.948,111.949,111.945,111.945,72156165,8077629654,信用债ETF,SH,511360
2025-06-23,1.139,1.142,1.139,1.139,60500,68922,短融ETF,SZ,159976
2025-06-23,7.49,7.548,7.451,7.478,5153700,38554874,绿色债券ETF(南方),SH,518890
2025-06-23,1.16,1.196,1.16,1.181,359093100,423498897,绿色电力ETF,SZ,159869
2025-06-23,108.097,108.099,108.079,108.082,3348798,361954592,高等级同业存单ETF,SZ,159649
2025-06-24,117.669,117.669,117.548,117.548,9408600,1106197125,1-3年国债ETF,SH,511020
2025-06-24,136.828,136.828,136.769,136.773,68822875,9415079952,7-10年国债ETF,SH,511260
2025-06-24,111.949,111.95,111.939,111.945,120399203,13478031022,信用债ETF,SH,511360
2025-06-24,1.152,1.161,1.151,1.16,219800,254634,短融ETF,SZ,159976
2025-06-24,7.47,7.47,7.369,7.389,5612600,41584846,绿色债券ETF(南方),SH,518890
2025-06-24,1.188,1.23,1.187,1.212,682847081,828598297,绿色电力ETF,SZ,159869
2025-06-24,108.078,108.092,108.057,108.059,3007900,325089856,高等级同业存单ETF,SZ,159649
2025-06-25,117.548,117.588,117.455,117.459,11791700,1386150078,1-3年国债ETF,SH,511020
2025-06-25,136.7,136.817,136.642,136.65,56294360,7698320489,7-10年国债ETF,SH,511260
2025-06-25,111.946,111.951,111.936,111.938,142906903,15997814914,信用债ETF,SH,511360
2025-06-25,1.162,1.176,1.161,1.175,512719,597316,短融ETF,SZ,159976
2025-06-25,7.39,7.414,7.38,7.412,2045400,15146665,绿色债券ETF(南方),SH,518890
2025-06-25,1.212,1.225,1.201,1.221,565572815,686095072,绿色电力ETF,SZ,159869
2025-06-25,108.089,108.105,108.055,108.065,3422200,369930211,高等级同业存单ETF,SZ,159649
2025-06-26,117.484,117.53,117.451,117.47,10174700,1195313858,1-3年国债ETF,SH,511020
2025-06-26,136.641,136.7,136.6,136.651,17927387,2449345406,7-10年国债ETF,SH,511260
2025-06-26,111.944,111.948,111.936,111.939,120968267,13541462938,信用债ETF,SH,511360
2025-06-26,1.172,1.178,1.171,1.171,59700,70197,短融ETF,SZ,159976
2025-06-26,7.412,7.422,7.383,7.418,1527800,11323209,绿色债券ETF(南方),SH,518890
2025-06-26,1.22,1.235,1.208,1.222,447915900,547849968,绿色电力ETF,SZ,159869
2025-06-26,108.072,108.08,108.048,108.061,4630000,500360763,高等级同业存单ETF,SZ,159649
2025-06-27,117.535,117.588,117.51,117.562,8766000,1030686632,1-3年国债ETF,SH,511020
2025-06-27,136.674,136.79,136.663,136.784,60021216,8206719146,7-10年国债ETF,SH,511260
2025-06-27,111.953,111.957,111.946,111.949,99853506,11178889335,信用债ETF,SH,511360
2025-06-27,1.171,1.171,1.167,1.167,226700,264597,短融ETF,SZ,159976
2025-06-27,7.401,7.407,7.326,7.339,3936100,28925545,绿色债券ETF(南方),SH,518890
2025-06-27,1.224,1.225,1.198,1.211,399321200,483414395,绿色电力ETF,SZ,159869
2025-06-27,108.095,108.12,108.086,108.1,2328866,251749305,高等级同业存单ETF,SZ,159649
2025-06-30,117.579,117.579,117.499,117.502,5195300,610583855,1-3年国债ETF,SH,511020
2025-06-30,136.75,136.75,136.635,136.636,30326400,4144431042,7-10年国债ETF,SH,511260
2025-06-30,111.967,111.97,111.965,111.969,131948737,14773967116,信用债ETF,SH,511360
2025-06-30,1.169,1.17,1.164,1.17,199800,232685,短融ETF,SZ,159976
2025-06-30,7.316,7.338,7.262,7.328,2626100,19213944,绿色债券ETF(南方),SH,518890
2025-06-30,1.214,1.291,1.214,1.283,993369571,1256318907,绿色电力ETF,SZ,159869
2025-06-30,108.109,108.126,108.086,108.101,3263500,352811923,高等级同业存单ETF,SZ,159649
2025-07-01,117.526,117.58,117.526,117.573,11021600,1295689672,1-3年国债ETF,SH,511020
2025-07-01,136.669,136.728,136.659,136.728,38039200,5200408164,7-10年国债ETF,SH,511260
2025-07-01,111.984,111.989,111.983,111.988,120686752,13515271375,信用债ETF,SH,511360
2025-07-01,1.166,1.168,1.165,1.168,176600,205898,短融ETF,SZ,159976
2025-07-01,7.4,7.418,7.366,7.41,2971100,21941875,绿色债券ETF(南方),SH,518890
2025-07-01,1.282,1.293,1.272,1.282,466378962,597157702,绿色电力ETF,SZ,159869
2025-07-01,108.114,108.13,108.102,108.126,6684100,722651183,高等级同业存单ETF,SZ,159649
2025-07-02,117.637,117.688,117.637,117.682,9986200,1175092061,1-3年国债ETF,SH,511020
2025-07-02,136.797,136.88,136.788,136.88,64262340,8792604970,7-10年国债ETF,SH,511260
2025-07-02,111.996,112.006,111.995,112.005,113726130,12737230974,信用债ETF,SH,511360
2025-07-02,1.168,1.169,1.166,1.169,184800,215544,短融ETF,SZ,159976
2025-07-02,7.408,7.438,7.401,7.413,1984300,14706979,绿色债券ETF(南方),SH,518890
2025-07-02,1.281,1.283,1.261,1.266,356607639,453610708,绿色电力ETF,SZ,159869
2025-07-02,108.144,108.182,108.126,108.175,4815000,520709813,高等级同业存单ETF,SZ,159649
2025-07-03,117.674,117.731,117.64,117.693,10576600,1244808888,1-3年国债ETF,SH,511020
2025-07-03,136.88,136.919,136.834,136.904,60889855,8335728858,7-10年国债ETF,SH,511260
2025-07-03,112.011,112.014,112.01,112.013,92474782,10358302401,信用债ETF,SH,511360
2025-07-03,1.169,1.176,1.169,1.174,52800,61951,短融ETF,SZ,159976
2025-07-03,7.43,7.469,7.418,7.459,2432100,18117387,绿色债券ETF(南方),SH,518890
2025-07-03,1.268,1.281,1.244,1.265,485540762,611328921,绿色电力ETF,SZ,159869
2025-07-03,108.19,108.194,108.167,108.185,1639800,177409177,高等级同业存单ETF,SZ,159649
2025-07-04,117.695,117.733,117.688,117.708,12677000,1492146464,1-3年国债ETF,SH,511020
2025-07-04,136.915,136.948,136.891,136.923,52915700,7245169324,7-10年国债ETF,SH,511260
2025-07-04,112.028,112.037,112.028,112.032,175074886,19613907444,信用债ETF,SH,511360
2025-07-04,1.169,1.184,1.169,1.175,44600,52661,短融ETF,SZ,159976
2025-07-04,7.402,7.43,7.393,7.42,996900,7389691,绿色债券ETF(南方),SH,518890
2025-07-04,1.259,1.311,1.259,1.293,819870562,1053776858,绿色电力ETF,SZ,159869
2025-07-04,108.203,108.212,108.167,108.211,4807100,520081726,高等级同业存单ETF,SZ,159649
2025-07-07,117.72,117.797,117.704,117.719,9217800,1085083277,1-3年国债ETF,SH,511020
2025-07-07,136.903,136.944,136.903,136.938,56185300,7693280605,7-10年国债ETF,SH,511260
2025-07-07,112.031,112.032,112.026,112.027,130360842,14604018363,信用债ETF,SH,511360
2025-07-07,1.172,1.172,1.17,1.172,4600,5390,短融ETF,SZ,159976
2025-07-07,7.366,7.384,7.345,7.366,1569600,11568110,绿色债券ETF(南方),SH,518890
2025-07-07,1.29,1.31,1.276,1.28,481384519,620938668,绿色电力ETF,SZ,159869
2025-07-07,108.258,108.258,108.153,108.166,2688130,290835240,高等级同业存单ETF,SZ,159649
2025-07-08,117.707,117.709,117.635,117.666,11672600,1373444957,1-3年国债ETF,SH,511020
2025-07-08,136.937,136.937,136.832,136.867,37943113,5192958288,7-10年国债ETF,SH,511260
2025-07-08,112.031,112.043,112.03,112.042,129989011,14563313313,信用债ETF,SH,511360
2025-07-08,1.174,1.185,1.156,1.183,192515,226947,短融ETF,SZ,159976
2025-07-08,7.44,7.44,7.399,7.417,3062100,22706812,绿色债券ETF(南方),SH,518890
2025-07-08,1.277,1.326,1.272,1.315,650288218,850774335,绿色电力ETF,SZ,159869
2025-07-08,108.168,108.176,108.125,108.134,2226430,240761703,高等级同业存单ETF,SZ,159649
2025-07-09,117.652,117.698,117.626,117.684,61300,7212668,1-3年国债ETF,SH,511020
2025-07-09,136.84,136.949,136.8,136.832,30405100,4160389330,7-10年国债ETF,SH,511260
2025-07-09,112.04,112.064,112.039,112.056,101857801,11413108154,信用债ETF,SH,511360
2025-07-09,1.182,1.185,1.176,1.176,20501,24231,短融ETF,SZ,159976
2025-07-09,7.392,7.392,7.317,7.329,4775800,35038679,绿色债券ETF(南方),SH,518890
2025-07-09,1.313,1.326,1.31,1.325,339598770,447911659,绿色电力ETF,SZ,159869
2025-07-09,108.127,108.143,108.109,108.123,4703900,508612834,高等级同业存单ETF,SZ,159649
2025-07-10,117.686,117.686,117.553,117.592,72600,8539420,1-3年国债ETF,SH,511020
2025-07-10,136.857,136.857,136.61,136.66,53880600,7367027916,7-10年国债ETF,SH,511260
2025-07-10,112.06,112.063,112.057,112.061,90949825,10191893158,信用债ETF,SH,511360
2025-07-10,1.178,1.188,1.178,1.182,35300,41709,短融ETF,SZ,159976
2025-07-10,7.365,7.402,7.365,7.381,3017900,22299140,绿色债券ETF(南方),SH,518890
2025-07-10,1.322,1.334,1.299,1.317,472213951,621072096,绿色电力ETF,SZ,159869
2025-07-10,108.125,108.13,108.091,108.091,4923600,532312650,高等级同业存单ETF,SZ,159649
2025-07-11,117.593,117.593,117.443,117.542,2119100,248916759,1-3年国债ETF,SH,511020
2025-07-11,136.655,136.682,136.491,136.608,23351200,3188816761,7-10年国债ETF,SH,511260
2025-07-11,112.064,112.065,112.046,112.059,139387787,15619703641,信用债ETF,SH,511360
2025-07-11,1.183,1.2,1.183,1.19,269325,321654,短融ETF,SZ,159976
2025-07-11,7.4,7.409,7.389,7.392,2477000,18323175,绿色债券ETF(南方),SH,518890
2025-07-11,1.312,1.317,1.3,1.312,622327291,813390308,绿色电力ETF,SZ,159869
2025-07-11,108.09,108.1,108.048,108.059,2496000,269739095,高等级同业存单ETF,SZ,159649
2025-07-14,117.538,117.538,117.414,117.438,104300,12249098,1-3年国债ETF,SH,511020
2025-07-14,136.578,136.578,136.408,136.505,23319600,3183506476,7-10年国债ETF,SH,511260
2025-07-14,112.056,112.056,112.047,112.054,99871956,11190818207,信用债ETF,SH,511360
2025-07-14,1.19,1.19,1.188,1.189,339900,403931,短融ETF,SZ,159976
2025-07-14,7.442,7.466,7.422,7.463,2050700,15255898,绿色债券ETF(南方),SH,518890
2025-07-14,1.302,1.304,1.261,1.278,641346236,819300751,绿色电力ETF,SZ,159869
2025-07-14,108.079,108.079,108.034,108.04,3718900,401817429,高等级同业存单ETF,SZ,159649
2025-07-15,117.5,117.569,117.469,117.563,9069000,1066167786,1-3年国债ETF,SH,511020
2025-07-15,136.598,136.75,136.555,136.737,39838100,5445985287,7-10年国债ETF,SH,511260
2025-07-15,112.058,112.073,112.058,112.071,124737100,13978553496,信用债ETF,SH,511360
2025-07-15,1.197,1.199,1.186,1.194,326400,390175,短融ETF,SZ,159976
2025-07-15,7.445,7.468,7.417,7.447,1577100,11737761,绿色债券ETF(南方),SH,518890
2025-07-15,1.275,1.292,1.275,1.286,545168968,700262572,绿色电力ETF,SZ,159869
2025-07-15,108.06,108.1,108.06,108.098,3285700,355136263,高等级同业存单ETF,SZ,159649
2025-07-16,117.6,117.604,117.558,117.583,95100,11181985,1-3年国债ETF,SH,511020
2025-07-16,136.767,136.798,136.7,136.748,62100800,8491131547,7-10年国债ETF,SH,511260
2025-07-16,112.073,112.084,112.073,112.08,138798001,15556162827,信用债ETF,SH,511360
2025-07-16,1.202,1.206,1.198,1.2,250700,301695,短融ETF,SZ,159976
2025-07-16,7.428,7.428,7.393,7.412,2685100,19890540,绿色债券ETF(南方),SH,518890
2025-07-16,1.283,1.305,1.273,1.283,458601520,591339558,绿色电力ETF,SZ,159869
2025-07-16,108.103,108.138,108.103,108.126,2577600,278688606,高等级同业存单ETF,SZ,159649
2025-07-17,117.575,117.615,117.56,117.576,118900,13979970,1-3年国债ETF,SH,511020
2025-07-17,136.748,136.778,136.68,136.747,45544000,6228070406,7-10年国债ETF,SH,511260
2025-07-17,112.088,112.09,112.082,112.088,149138352,16716409523,信用债ETF,SH,511360
2025-07-17,1.202,1.209,1.202,1.208,313200,377454,短融ETF,SZ,159976
2025-07-17,7.425,7.426,7.402,7.414,1055000,7826321,绿色债券ETF(南方),SH,518890
2025-07-17,1.278,1.291,1.271,1.289,440087640,565191022,绿色电力ETF,SZ,159869
2025-07-17,108.126,108.142,108.121,108.129,3102200,335429192,高等级同业存单ETF,SZ,159649
2025-07-18,117.667,117.667,117.52,117.545,13760400,1617599980,1-3年国债ETF,SH,511020
2025-07-18,136.73,136.73,136.625,136.666,74979100,10247541971,7-10年国债ETF,SH,511260
2025-07-18,112.094,112.096,112.092,112.094,120969933,13559892265,信用债ETF,SH,511360
2025-07-18,1.208,1.214,1.208,1.211,316500,383441,短融ETF,SZ,159976
2025-07-18,7.414,7.423,7.406,7.419,1468100,10885528,绿色债券ETF(南方),SH,518890
2025-07-18,1.291,1.292,1.265,1.27,827204471,1055270300,绿色电力ETF,SZ,159869
2025-07-18,108.13,108.13,108.101,108.108,14793084,1599314977,高等级同业存单ETF,SZ,159649
2025-07-21,117.544,117.544,117.406,117.449,316700,37198102,1-3年国债ETF,SH,511020
2025-07-21,136.65,136.65,136.456,136.54,45446500,6203933131,7-10年国债ETF,SH,511260
2025-07-21,112.09,112.091,112.086,112.088,180241916,20202942092,信用债ETF,SH,511360
2025-07-21,1.211,1.216,1.21,1.214,177321,214880,短融ETF,SZ,159976
2025-07-21,7.437,7.47,7.437,7.459,1423000,10607160,绿色债券ETF(南方),SH,518890
2025-07-21,1.271,1.292,1.27,1.283,626029281,803001918,绿色电力ETF,SZ,159869
2025-07-21,108.11,108.115,108.097,108.109,5257300,568352806,高等级同业存单ETF,SZ,159649
2025-07-22,117.449,117.475,117.376,117.377,10733300,1260168219,1-3年国债ETF,SH,511020
2025-07-22,136.566,136.613,136.405,136.409,59670900,8148516171,7-10年国债ETF,SH,511260
2025-07-22,112.088,112.093,112.085,112.087,189756800,21269675296,信用债ETF,SH,511360
2025-07-22,1.214,1.22,1.212,1.22,415100,505087,短融ETF,SZ,159976
2025-07-22,7.493,7.526,7.488,7.489,1201600,9010503,绿色债券ETF(南方),SH,518890
2025-07-22,1.277,1.291,1.26,1.265,494554839,627661335,绿色电力ETF,SZ,159869
2025-07-22,108.112,108.131,108.1,108.104,3456310,373698756,高等级同业存单ETF,SZ,159649
2025-07-23,117.279,117.289,117.131,117.277,304100,35640550,1-3年国债ETF,SH,511020
2025-07-23,136.302,136.408,136.101,136.344,31135700,4240170601,7-10年国债ETF,SH,511260
2025-07-23,112.089,112.094,112.088,112.089,99635124,11168317727,信用债ETF,SH,511360
2025-07-23,1.222,1.234,1.222,1.228,349541,428608,短融ETF,SZ,159976
2025-07-23,7.541,7.571,7.541,7.562,2209400,16703061,绿色债券ETF(南方),SH,518890
2025-07-23,1.267,1.275,1.261,1.27,450548610,571940978,绿色电力ETF,SZ,159869
2025-07-23,108.093,108.099,108.025,108.081,3823700,413145302,高等级同业存单ETF,SZ,159649
2025-07-24,117.202,117.23,117.016,117.032,11450100,1340768414,1-3年国债ETF,SH,511020
2025-07-24,136.281,136.281,135.996,135.999,55604300,7570055352,7-10年国债ETF,SH,511260
2025-07-24,112.099,112.099,112.081,112.083,109972040,12327229703,信用债ETF,SH,511360
2025-07-24,1.23,1.241,1.23,1.239,403303,499128,短融ETF,SZ,159976
2025-07-24,7.488,7.488,7.428,7.438,1926100,14357718,绿色债券ETF(南方),SH,518890
2025-07-24,1.27,1.276,1.261,1.276,378521509,480494589,绿色电力ETF,SZ,159869
2025-07-24,108.082,108.097,107.992,107.998,3462600,373985772,高等级同业存单ETF,SZ,159649
2025-07-25,116.955,117.03,116.88,116.881,116300,13602766,1-3年国债ETF,SH,511020
2025-07-25,135.971,136.071,135.821,135.824,23739200,3227462561,7-10年国债ETF,SH,511260
2025-07-25,112.089,112.092,112.082,112.09,132731420,14877595393,信用债ETF,SH,511360
2025-07-25,1.237,1.238,1.228,1.232,6303000,7772720,短融ETF,SZ,159976
2025-07-25,7.437,7.437,7.414,7.424,1690000,12549356,绿色债券ETF(南方),SH,518890
2025-07-25,1.278,1.28,1.265,1.274,465339621,591335625,绿色电力ETF,SZ,159869
2025-07-25,107.999,107.999,107.899,107.958,1929000,208296017,高等级同业存单ETF,SZ,159649
2025-07-28,117.084,117.114,116.935,117.106,14170610,1658311851,1-3年国债ETF,SH,511020
2025-07-28,136.119,136.197,135.941,136.173,37646674,5123464676,7-10年国债ETF,SH,511260
2025-07-28,112.09,112.096,112.088,112.095,302566888,33915475291,信用债ETF,SH,511360
2025-07-28,1.23,1.25,1.23,1.249,806700,1004353,短融ETF,SZ,159976
2025-07-28,7.402,7.413,7.375,7.408,1795000,13266496,绿色债券ETF(南方),SH,518890
2025-07-28,1.275,1.29,1.265,1.282,489573662,627049437,绿色电力ETF,SZ,159869
2025-07-28,108.01,108.06,107.991,108.007,2484522,268335486,高等级同业存单ETF,SZ,159649
2025-07-29,117.1,117.1,116.883,116.9,14334600,1676435145,1-3年国债ETF,SH,511020
2025-07-29,136.06,136.168,135.85,135.857,54910700,7465852788,7-10年国债ETF,SH,511260
2025-07-29,112.096,112.102,112.093,112.094,288627652,32354808166,信用债ETF,SH,511360
2025-07-29,1.249,1.249,1.24,1.249,144400,179612,短融ETF,SZ,159976
2025-07-29,7.376,7.385,7.364,7.38,2406300,17738770,绿色债券ETF(南方),SH,518890
2025-07-29,1.279,1.297,1.262,1.297,763607213,979253335,绿色电力ETF,SZ,159869
2025-07-29,108.004,108.048,107.98,107.983,1893800,204544061,高等级同业存单ETF,SZ,159649
2025-07-30,116.926,117.079,116.832,117.026,5158400,603689542,1-3年国债ETF,SH,511020
2025-07-30,135.948,136.094,135.77,136.083,21460000,2917129619,7-10年国债ETF,SH,511260
2025-07-30,112.099,112.103,112.095,112.101,181228806,20315790788,信用债ETF,SH,511360
2025-07-30,1.244,1.256,1.241,1.249,780509,975787,短融ETF,SZ,159976
2025-07-30,7.409,7.417,7.382,7.394,1482700,10962248,绿色债券ETF(南方),SH,518890
2025-07-30,1.293,1.321,1.285,1.311,765216303,998217403,绿色电力ETF,SZ,159869
2025-07-30,107.985,108.01,107.95,108.0,2439743,263405316,高等级同业存单ETF,SZ,159649
2025-07-31,117.066,117.237,116.955,117.237,12395774,1452943727,1-3年国债ETF,SH,511020
2025-07-31,136.193,136.358,136.14,136.346,39915100,5440352158,7-10年国债ETF,SH,511260
2025-07-31,112.112,112.128,112.11,112.126,283350484,31768057468,信用债ETF,SH,511360
2025-07-31,1.244,1.247,1.229,1.232,576400,712207,短融ETF,SZ,159976
2025-07-31,7.357,7.37,7.33,7.364,1770000,13015154,绿色债券ETF(南方),SH,518890
2025-07-31,1.312,1.312,1.271,1.276,546845598,705240132,绿色电力ETF,SZ,159869
2025-07-31,108.045,108.09,108.038,108.089,4520342,488469603,高等级同业存单ETF,SZ,159649
2025-08-01,117.206,117.273,117.144,117.228,20474800,2400936429,1-3年国债ETF,SH,511020
2025-08-01,136.253,136.42,136.15,136.342,52026867,7090098179,7-10年国债ETF,SH,511260
2025-08-01,112.131,112.147,112.131,112.145,236739948,26547583939,信用债ETF,SH,511360
2025-08-01,1.23,1.239,1.221,1.227,146500,179526,短融ETF,SZ,159976
2025-08-01,7.35,7.38,7.347,7.366,795700,5858344,绿色债券ETF(南方),SH,518890
2025-08-01,1.275,1.282,1.252,1.281,612034118,774503673,绿色电力ETF,SZ,159869
2025-08-01,108.061,108.078,108.049,108.077,5699510,615952511,高等级同业存单ETF,SZ,159649
2025-08-04,117.308,117.406,117.197,117.22,11194900,1313668672,1-3年国债ETF,SH,511020
2025-08-04,136.43,136.53,136.33,136.345,48594044,6627750581,7-10年国债ETF,SH,511260
2025-08-04,112.149,112.154,112.141,112.152,223315598,25044411075,信用债ETF,SH,511360
2025-08-04,1.217,1.233,1.217,1.233,14700,17933,短融ETF,SZ,159976
2025-08-04,7.44,7.464,7.438,7.46,6279200,46828656,绿色债券ETF(南方),SH,518890
2025-08-04,1.272,1.329,1.27,1.322,941318541,1232678032,绿色电力ETF,SZ,159869
2025-08-04,108.114,108.131,108.07,108.07,817075,88330289,高等级同业存单ETF,SZ,159649
2025-08-05,117.204,117.319,117.186,117.309,158000,18528727,1-3年国债ETF,SH,511020
2025-08-05,136.341,136.396,136.238,136.361,35410451,4827235226,7-10年国债ETF,SH,511260
2025-08-05,112.15,112.158,112.147,112.154,200705097,22509444103,信用债ETF,SH,511360
2025-08-05,1.236,1.242,1.234,1.241,95800,118738,短融ETF,SZ,159976
2025-08-05,7.501,7.511,7.47,7.47,2891500,21668100,绿色债券ETF(南方),SH,518890
2025-08-05,1.321,1.356,1.316,1.344,762087754,1020551701,绿色电力ETF,SZ,159869
2025-08-05,108.058,108.076,108.051,108.068,3465000,374431039,高等级同业存单ETF,SZ,159649
2025-08-06,117.309,117.344,117.232,117.313,9789300,1148363501,1-3年国债ETF,SH,511020
2025-08-06,136.365,136.46,136.34,136.439,48948500,6676314848,7-10年国债ETF,SH,511260
2025-08-06,112.158,112.165,112.158,112.163,178456370,20016176867,信用债ETF,SH,511360
2025-08-06,1.247,1.252,1.246,1.252,76300,95311,短融ETF,SZ,159976
2025-08-06,7.512,7.512,7.477,7.482,1231500,9223158,绿色债券ETF(南方),SH,518890
2025-08-06,1.347,1.375,1.346,1.372,810554504,1102653791,绿色电力ETF,SZ,159869
2025-08-06,108.06,108.095,108.06,108.081,2825310,305381002,高等级同业存单ETF,SZ,159649
2025-08-07,117.345,117.433,117.345,117.361,10471900,1229732414,1-3年国债ETF,SH,511020
2025-08-07,136.503,136.56,136.41,136.478,43798930,5979085040,7-10年国债ETF,SH,511260
2025-08-07,112.176,112.182,112.176,112.179,220973194,24788577994,信用债ETF,SH,511360
2025-08-07,1.255,1.259,1.244,1.249,220800,276823,短融ETF,SZ,159976
2025-08-07,7.487,7.501,7.474,7.495,1093200,8189555,绿色债券ETF(南方),SH,518890
2025-08-07,1.37,1.379,1.36,1.377,402054500,551354528,绿色电力ETF,SZ,159869
2025-08-07,108.102,108.145,108.102,108.121,1827200,197554248,高等级同业存单ETF,SZ,159649
2025-08-08,117.461,117.476,117.375,117.429,7929100,930791633,1-3年国债ETF,SH,511020
2025-08-08,136.57,136.57,136.457,136.531,65804600,8984515136,7-10年国债ETF,SH,511260
2025-08-08,112.182,112.192,112.182,112.186,230164677,25821493614,信用债ETF,SH,511360
2025-08-08,1.249,1.249,1.243,1.243,300,374,短融ETF,SZ,159976
2025-08-08,7.526,7.528,7.506,7.52,1836900,13808807,绿色债券ETF(南方),SH,518890
2025-08-08,1.377,1.382,1.349,1.361,554271890,756733086,绿色电力ETF,SZ,159869
2025-08-08,108.195,108.195,108.13,108.159,3111000,336452691,高等级同业存单ETF,SZ,159649
2025-08-11,117.386,117.42,117.197,117.209,8174700,958573749,1-3年国债ETF,SH,511020
2025-08-11,136.551,136.553,136.25,136.262,51134440,6972129931,7-10年国债ETF,SH,511260
2025-08-11,112.186,112.186,112.172,112.176,201625518,22618539520,信用债ETF,SH,511360
2025-08-11,1.246,1.259,1.246,1.258,37901,47607,短融ETF,SZ,159976
2025-08-11,7.488,7.488,7.438,7.447,2496500,18624732,绿色债券ETF(南方),SH,518890
2025-08-11,1.351,1.37,1.345,1.363,477678355,649964837,绿色电力ETF,SZ,159869
2025-08-11,108.159,108.249,108.103,108.11,2043010,220915590,高等级同业存单ETF,SZ,159649
2025-08-12,117.244,117.244,117.108,117.146,549400,64352710,1-3年国债ETF,SH,511020
2025-08-12,136.205,136.329,136.072,136.154,19084200,2597971743,7-10年国债ETF,SH,511260
2025-08-12,112.182,112.186,112.177,112.178,91756372,10293347793,信用债ETF,SH,511360
2025-08-12,1.254,1.265,1.254,1.26,400204,504438,短融ETF,SZ,159976
2025-08-12,7.452,7.452,7.399,7.413,1794900,13319209,绿色债券ETF(南方),SH,518890
2025-08-12,1.365,1.379,1.356,1.361,391551570,534269427,绿色电力ETF,SZ,159869
2025-08-12,108.12,108.159,108.08,108.098,2860200,309147243,高等级同业存单ETF,SZ,159649
2025-08-13,117.107,117.241,117.031,117.218,10131400,1186784794,1-3年国债ETF,SH,511020
2025-08-13,136.11,136.234,136.027,136.22,55299100,7528230648,7-10年国债ETF,SH,511260
2025-08-13,112.184,112.192,112.184,112.19,201561360,22612468291,信用债ETF,SH,511360
2025-08-13,1.263,1.277,1.263,1.276,723714,922017,短融ETF,SZ,159976
2025-08-13,7.407,7.437,7.407,7.429,1366500,10141761,绿色债券ETF(南方),SH,518890
2025-08-13,1.362,1.39,1.355,1.378,420087602,576987124,绿色电力ETF,SZ,159869
2025-08-13,108.05,108.117,108.043,108.112,2518460,272267808,高等级同业存单ETF,SZ,159649
2025-08-14,117.176,117.242,117.07,117.132,4501900,527347274,1-3年国债ETF,SH,511020
2025-08-14,136.25,136.25,135.993,136.072,19258564,2620193819,7-10年国债ETF,SH,511260
2025-08-14,112.192,112.202,112.191,112.201,209606766,23516664095,信用债ETF,SH,511360
2025-08-14,1.28,1.286,1.275,1.275,182300,233595,短融ETF,SZ,159976
2025-08-14,7.458,7.458,7.43,7.44,1357800,10103223,绿色债券ETF(南方),SH,518890
2025-08-14,1.384,1.411,1.379,1.39,463664908,647427753,绿色电力ETF,SZ,159869
2025-08-14,108.139,108.151,108.081,108.091,4717162,509910240,高等级同业存单ETF,SZ,159649
2025-08-15,117.097,117.196,117.082,117.085,3423300,400953556,1-3年国债ETF,SH,511020
2025-08-15,136.19,136.19,136.027,136.046,51509800,7012348343,7-10年国债ETF,SH,511260
2025-08-15,112.219,112.219,112.206,112.212,312521734,35068633158,信用债ETF,SH,511360
2025-08-15,1.27,1.286,1.27,1.283,221700,284146,短融ETF,SZ,159976
2025-08-15,7.415,7.43,7.398,7.413,1663000,12322517,绿色债券ETF(南方),SH,518890
2025-08-15,1.381,1.396,1.366,1.39,507597999,701721963,绿色电力ETF,SZ,159869
2025-08-15,108.099,108.141,108.088,108.1,3163509,342045488,高等级同业存单ETF,SZ,159649
2025-08-18,116.943,117.186,116.65,116.728,596000,69585929,1-3年国债ETF,SH,511020
2025-08-18,135.922,135.99,135.511,135.563,21158355,2869318981,7-10年国债ETF,SH,511260
2025-08-18,112.214,112.214,112.18,112.183,240002120,26927521863,信用债ETF,SH,511360
2025-08-18,1.29,1.304,1.287,1.3,1074239,1393791,短融ETF,SZ,159976
2025-08-18,7.408,7.448,7.408,7.433,1766000,13113687,绿色债券ETF(南方),SH,518890
2025-08-18,1.396,1.411,1.393,1.407,470786960,659943529,绿色电力ETF,SZ,159869
2025-08-18,108.083,108.083,107.95,107.971,5733800,619094613,高等级同业存单ETF,SZ,159649
2025-08-19,116.7,116.725,116.593,116.681,130300,15202529,1-3年国债ETF,SH,511020
2025-08-19,135.582,135.665,135.5,135.621,34347373,4656649063,7-10年国债ETF,SH,511260
2025-08-19,112.19,112.19,112.16,112.167,215223683,24142106454,信用债ETF,SH,511360
2025-08-19,1.298,1.3,1.289,1.294,208800,270495,短融ETF,SZ,159976
2025-08-19,7.417,7.424,7.397,7.406,1183100,8766423,绿色债券ETF(南方),SH,518890
2025-08-19,1.406,1.414,1.387,1.39,366211100,512003488,绿色电力ETF,SZ,159869
2025-08-19,107.971,107.993,107.942,107.97,6669009,720147120,高等级同业存单ETF,SZ,159649
2025-08-20,116.888,116.89,116.618,116.627,442100,51628950,1-3年国债ETF,SH,511020
2025-08-20,135.748,135.804,135.443,135.489,78320000,10628739935,7-10年国债ETF,SH,511260
2025-08-20,112.18,112.194,112.172,112.193,210907768,23661152914,信用债ETF,SH,511360
2025-08-20,1.289,1.301,1.283,1.301,848302,1095945,短融ETF,SZ,159976
2025-08-20,7.38,7.39,7.364,7.388,1379700,10175933,绿色债券ETF(南方),SH,518890
2025-08-20,1.389,1.42,1.385,1.413,517606221,726615429,绿色电力ETF,SZ,159869
2025-08-20,108.064,108.064,107.959,107.96,2659900,287293784,高等级同业存单ETF,SZ,159649
2025-08-21,116.598,116.728,116.493,116.708,315900,36837916,1-3年国债ETF,SH,511020
2025-08-21,135.534,135.55,135.342,135.52,29458600,3989883100,7-10年国债ETF,SH,511260
2025-08-21,112.213,112.222,112.21,112.221,286966606,32202338741,信用债ETF,SH,511360
2025-08-21,1.305,1.308,1.267,1.299,173100,224499,短融ETF,SZ,159976
2025-08-21,7.417,7.424,7.403,7.408,1460600,10833665,绿色债券ETF(南方),SH,518890
2025-08-21,1.413,1.439,1.397,1.425,530417821,751685872,绿色电力ETF,SZ,159869
2025-08-21,107.975,108.01,107.924,108.0,7629400,823740367,高等级同业存单ETF,SZ,159649
2025-08-22,116.759,116.792,116.642,116.686,6974500,814012880,1-3年国债ETF,SH,511020
2025-08-22,135.573,135.71,135.43,135.469,9027100,1223758011,7-10年国债ETF,SH,511260
2025-08-22,112.223,112.234,112.216,112.219,187810602,21077685086,信用债ETF,SH,511360
2025-08-22,1.287,1.324,1.285,1.32,183332,240072,短融ETF,SZ,159976
2025-08-22,7.416,7.422,7.389,7.394,1267600,9382906,绿色债券ETF(南方),SH,518890
2025-08-22,1.425,1.456,1.416,1.451,535208796,770387087,绿色电力ETF,SZ,159869
2025-08-22,108.0,108.029,107.974,107.993,7169200,774334858,高等级同业存单ETF,SZ,159649
2025-08-25,116.685,116.8,116.627,116.789,72700,8487007,1-3年国债ETF,SH,511020
2025-08-25,135.515,135.74,135.43,135.684,19855850,2693713898,7-10年国债ETF,SH,511260
2025-08-25,112.218,112.235,112.217,112.231,305475112,34281613960,信用债ETF,SH,511360
2025-08-25,1.32,1.348,1.32,1.347,1450401,1937842,短融ETF,SZ,159976
2025-08-25,7.441,7.45,7.434,7.443,3119400,23212628,绿色债券ETF(南方),SH,518890
2025-08-25,1.459,1.474,1.425,1.469,564079678,817208563,绿色电力ETF,SZ,159869
2025-08-25,107.993,108.027,107.928,108.014,3506814,378751997,高等级同业存单ETF,SZ,159649
2025-08-26,116.9,116.9,116.78,116.877,12851200,1500995436,1-3年国债ETF,SH,511020
2025-08-26,135.816,135.836,135.68,135.775,16966600,2303113224,7-10年国债ETF,SH,511260
2025-08-26,112.231,112.253,112.23,112.248,231776237,26014064782,信用债ETF,SH,511360
2025-08-26,1.349,1.355,1.343,1.348,668900,904241,短融ETF,SZ,159976
2025-08-26,7.443,7.493,7.441,7.466,2394000,17858445,绿色债券ETF(南方),SH,518890
2025-08-26,1.466,1.524,1.466,1.502,636727716,957754062,绿色电力ETF,SZ,159869
2025-08-26,108.018,108.088,108.007,108.038,2129000,229989128,高等级同业存单ETF,SZ,159649
2025-08-27,116.89,116.929,116.844,116.917,10091584,1179659267,1-3年国债ETF,SH,511020
2025-08-27,135.775,135.87,135.701,135.865,17919900,2433071021,7-10年国债ETF,SH,511260
2025-08-27,112.249,112.262,112.246,112.259,278079773,31214934057,信用债ETF,SH,511360
2025-08-27,1.352,1.357,1.326,1.327,120901,161885,短融ETF,SZ,159976
2025-08-27,7.472,7.479,7.46,7.466,1192300,8909950,绿色债券ETF(南方),SH,518890
2025-08-27,1.504,1.52,1.46,1.461,692198348,1034164701,绿色电力ETF,SZ,159869
2025-08-27,108.039,108.08,108.029,108.055,3419400,369470510,高等级同业存单ETF,SZ,159649
2025-08-28,116.917,116.917,116.712,116.73,17487410,2042703939,1-3年国债ETF,SH,511020
2025-08-28,135.865,135.865,135.56,135.568,24761400,3358535742,7-10年国债ETF,SH,511260
2025-08-28,112.26,112.264,112.25,112.258,285889452,32093407295,信用债ETF,SH,511360
2025-08-28,1.352,1.36,1.316,1.338,241902,320961,短融ETF,SZ,159976
2025-08-28,7.475,7.486,7.475,7.483,1271700,9513011,绿色债券ETF(南方),SH,518890
2025-08-28,1.454,1.473,1.421,1.473,596346310,864683829,绿色电力ETF,SZ,159869
2025-08-28,108.087,108.092,108.014,108.02,2668900,288368692,高等级同业存单ETF,SZ,159649
2025-08-29,116.72,116.764,116.676,116.74,14779700,1725057639,1-3年国债ETF,SH,511020
2025-08-29,135.608,135.686,135.554,135.612,59041100,8005510464,7-10年国债ETF,SH,511260
2025-08-29,112.267,112.274,112.265,112.27,474375377,53256592296,信用债ETF,SH,511360
2025-08-29,1.339,1.353,1.335,1.351,1593001,2145701,短融ETF,SZ,159976
2025-08-29,7.501,7.505,7.489,7.501,1882300,14116656,绿色债券ETF(南方),SH,518890
2025-08-29,1.472,1.488,1.459,1.476,306423400,451570509,绿色电力ETF,SZ,159869
2025-08-29,108.02,108.04,108.005,108.03,2621200,283162796,高等级同业存单ETF,SZ,159649
2025-09-01,116.68,116.877,116.68,116.862,90600,10580609,1-3年国债ETF,SH,511020
2025-09-01,135.61,135.732,135.562,135.719,38354700,5203930870,7-10年国债ETF,SH,511260
2025-09-01,112.277,112.285,112.276,112.284,321538323,36102841133,信用债ETF,SH,511360
2025-09-01,1.351,1.351,1.344,1.35,191207,257445,短融ETF,SZ,159976
2025-09-01,7.552,7.665,7.552,7.65,11757500,89582465,绿色债券ETF(南方),SH,518890
2025-09-01,1.478,1.478,1.445,1.461,399338242,581782593,绿色电力ETF,SZ,159869
2025-09-01,108.034,108.076,108.009,108.075,4141700,447578235,高等级同业存单ETF,SZ,159649
2025-09-02,116.845,116.896,116.823,116.85,13179200,1540385983,1-3年国债ETF,SH,511020
2025-09-02,135.733,135.776,135.655,135.726,20946037,2843067253,7-10年国债ETF,SH,511260
2025-09-02,112.287,112.293,112.284,112.286,330298479,37088424463,信用债ETF,SH,511360
2025-09-02,1.351,1.351,1.33,1.334,640600,856534,短融ETF,SZ,159976
2025-09-02,7.69,7.773,7.682,7.688,3688400,28433084,绿色债券ETF(南方),SH,518890
2025-09-02,1.459,1.469,1.409,1.427,503589242,722625978,绿色电力ETF,SZ,159869
2025-09-02,108.075,108.099,108.066,108.08,9219600,996429667,高等级同业存单ETF,SZ,159649
2025-09-03,116.9,116.995,116.9,116.993,12340500,1443418822,1-3年国债ETF,SH,511020
2025-09-03,135.79,135.88,135.73,135.84,40981500,5567024989,7-10年国债ETF,SH,511260
2025-09-03,112.287,112.292,112.287,112.29,330342313,37093900388,信用债ETF,SH,511360
2025-09-03,1.332,1.338,1.316,1.319,770704,1026199,短融ETF,SZ,159976
2025-09-03,7.801,7.806,7.762,7.781,3625700,28217221,绿色债券ETF(南方),SH,518890
2025-09-03,1.43,1.486,1.424,1.448,543796895,796013518,绿色电力ETF,SZ,159869
2025-09-03,108.104,108.173,108.104,108.145,3242463,350644802,高等级同业存单ETF,SZ,159649
2025-09-04,117.039,117.184,117.039,117.109,9402800,1101689138,1-3年国债ETF,SH,511020
2025-09-04,135.91,136.177,135.902,136.12,28668800,3900977797,7-10年国债ETF,SH,511260
2025-09-04,112.289,112.294,112.277,112.292,267062462,29988107356,信用债ETF,SH,511360
2025-09-04,1.326,1.326,1.292,1.3,319911,416493,短融ETF,SZ,159976
2025-09-04,7.801,7.813,7.71,7.761,8131600,63155967,绿色债券ETF(南方),SH,518890
2025-09-04,1.446,1.47,1.391,1.414,452402251,647470309,绿色电力ETF,SZ,159869
2025-09-04,108.2,108.22,108.146,108.184,4049962,438246891,高等级同业存单ETF,SZ,159649
2025-09-05,117.108,117.108,116.812,116.829,9732500,1138197386,1-3年国债ETF,SH,511020
2025-09-05,136.07,136.07,135.69,135.731,24085256,3271388743,7-10年国债ETF,SH,511260
2025-09-05,112.298,112.302,112.281,112.286,273729161,30739189957,信用债ETF,SH,511360
2025-09-05,1.303,1.334,1.296,1.332,2131000,2792555,短融ETF,SZ,159976
2025-09-05,7.777,7.796,7.773,7.786,2622600,20420891,绿色债券ETF(南方),SH,518890
2025-09-05,1.413,1.475,1.4,1.471,566197228,819452300,绿色电力ETF,SZ,159869
2025-09-05,108.178,108.178,108.096,108.127,2782100,300881664,高等级同业存单ETF,SZ,159649
2025-09-08,116.829,116.845,116.719,116.768,12025800,1404657335,1-3年国债ETF,SH,511020
2025-09-08,135.7,135.712,135.563,135.597,20217410,2742998530,7-10年国债ETF,SH,511260
2025-09-08,112.289,112.29,112.281,112.284,329096064,36952420677,信用债ETF,SH,511360
2025-09-08,1.339,1.341,1.33,1.341,532506,711545,短融ETF,SZ,159976
2025-09-08,7.827,7.862,7.823,7.858,4080000,32003015,绿色债券ETF(南方),SH,518890
2025-09-08,1.469,1.534,1.464,1.525,529054821,792099649,绿色电力ETF,SZ,159869
2025-09-08,108.127,108.134,108.06,108.1,2494633,269733654,高等级同业存单ETF,SZ,159649
2025-09-09,116.719,116.768,116.707,116.738,12993000,1516776878,1-3年国债ETF,SH,511020
2025-09-09,135.63,135.651,135.511,135.531,24231900,3284503191,7-10年国债ETF,SH,511260
2025-09-09,112.284,112.287,112.279,112.284,326367089,36645543405,信用债ETF,SH,511360
2025-09-09,1.336,1.341,1.326,1.331,160505,214368,短融ETF,SZ,159976
2025-09-09,7.941,8.001,7.941,7.981,9459800,75401463,绿色债券ETF(南方),SH,518890
2025-09-09,1.517,1.546,1.494,1.515,515191655,780756088,绿色电力ETF,SZ,159869
2025-09-09,108.1,108.107,108.058,108.078,2828900,305755962,高等级同业存单ETF,SZ,159649
2025-09-10,116.636,116.735,116.518,116.54,8216700,958725640,1-3年国债ETF,SH,511020
2025-09-10,135.519,135.545,135.185,135.229,32010900,4334528321,7-10年国债ETF,SH,511260
2025-09-10,112.289,112.292,112.28,112.287,202156349,22699777185,信用债ETF,SH,511360
2025-09-10,1.335,1.344,1.333,1.341,585611,783127,短融ETF,SZ,159976
2025-09-10,7.965,7.966,7.908,7.963,3377400,26821131,绿色债券ETF(南方),SH,518890
2025-09-10,1.501,1.558,1.501,1.546,505687174,776436927,绿色电力ETF,SZ,159869
2025-09-10,108.078,108.078,107.982,107.987,4598700,496725071,高等级同业存单ETF,SZ,159649
2025-09-11,116.54,116.629,116.451,116.58,8822800,1027953396,1-3年国债ETF,SH,511020
2025-09-11,135.32,135.394,135.12,135.301,17216300,2329484781,7-10年国债ETF,SH,511260
2025-09-11,112.303,112.306,112.293,112.303,333856861,37492559750,信用债ETF,SH,511360
2025-09-11,1.34,1.372,1.331,1.371,1622508,2199864,短融ETF,SZ,159976
2025-09-11,7.968,7.985,7.917,7.934,4710300,37419438,绿色债券ETF(南方),SH,518890
2025-09-11,1.536,1.567,1.485,1.562,539778186,823929752,绿色电力ETF,SZ,159869
2025-09-11,107.992,110.001,107.925,107.995,3987100,430714926,高等级同业存单ETF,SZ,159649
2025-09-12,116.596,116.705,116.596,116.684,8682400,1013038399,1-3年国债ETF,SH,511020
2025-09-12,135.233,135.555,135.233,135.525,23252710,3148795004,7-10年国债ETF,SH,511260
2025-09-12,112.306,112.313,112.306,112.313,349989099,39307531990,信用债ETF,SH,511360
2025-09-12,1.379,1.386,1.373,1.373,223100,307938,短融ETF,SZ,159976
2025-09-12,7.939,7.978,7.939,7.967,2796900,22278101,绿色债券ETF(南方),SH,518890
2025-09-12,1.548,1.565,1.529,1.531,385380962,593904031,绿色电力ETF,SZ,159869
2025-09-12,107.995,108.02,107.976,108.001,2794318,301783499,高等级同业存单ETF,SZ,159649
2025-09-15,116.731,116.8,116.731,116.759,10186200,1189471611,1-3年国债ETF,SH,511020
2025-09-15,135.601,135.65,135.533,135.623,34795204,4719261786,7-10年国债ETF,SH,511260
2025-09-15,112.313,112.316,112.31,112.313,295641819,33204227995,信用债ETF,SH,511360
2025-09-15,1.4,1.4,1.348,1.368,513401,706175,短融ETF,SZ,159976
2025-09-15,7.94,7.958,7.924,7.942,2433300,19343444,绿色债券ETF(南方),SH,518890
2025-09-15,1.525,1.61,1.52,1.598,602429697,953188718,绿色电力ETF,SZ,159869
2025-09-15,108.009,108.078,108.009,108.05,3616073,390793038,高等级同业存单ETF,SZ,159649
2025-09-16,116.724,116.725,116.625,116.711,212900,24847287,1-3年国债ETF,SH,511020
2025-09-16,135.61,135.726,135.35,135.687,30813494,4175180005,7-10年国债ETF,SH,511260
2025-09-16,112.315,112.315,112.306,112.311,353153868,39663355922,信用债ETF,SH,511360
2025-09-16,1.372,1.375,1.342,1.374,786002,1074204,短融ETF,SZ,159976
2025-09-16,8.011,8.047,8.004,8.043,5966900,47840783,绿色债券ETF(南方),SH,518890
2025-09-16,1.595,1.608,1.577,1.597,528712926,843155666,绿色电力ETF,SZ,159869
2025-09-16,108.054,108.055,107.981,108.048,4320625,466708841,高等级同业存单ETF,SZ,159649
2025-09-17,116.873,116.993,116.8,116.99,501900,58675180,1-3年国债ETF,SH,511020
2025-09-17,135.775,135.888,135.666,135.866,36238277,4922378013,7-10年国债ETF,SH,511260
2025-09-17,112.318,112.33,112.318,112.329,276884673,31100892586,信用债ETF,SH,511360
2025-09-17,1.372,1.382,1.37,1.381,394000,542042,短融ETF,SZ,159976
2025-09-17,8.037,8.037,7.971,7.983,7144600,57118420,绿色债券ETF(南方),SH,518890
2025-09-17,1.596,1.65,1.592,1.644,633194834,1028095584,绿色电力ETF,SZ,159869
2025-09-17,108.1,108.149,108.071,108.135,7110221,768698249,高等级同业存单ETF,SZ,159649
2025-09-18,117.041,117.058,116.909,116.916,45000,5262179,1-3年国债ETF,SH,511020
2025-09-18,135.839,135.866,135.735,135.838,31086500,4221113550,7-10年国债ETF,SH,511260
2025-09-18,112.341,112.346,112.339,112.344,356753835,40078493637,信用债ETF,SH,511360
2025-09-18,1.38,1.389,1.355,1.363,193817,267145,短融ETF,SZ,159976
2025-09-18,7.938,7.964,7.874,7.898,9278600,73508772,绿色债券ETF(南方),SH,518890
2025-09-18,1.634,1.683,1.592,1.619,624135066,1023480090,绿色电力ETF,SZ,159869
2025-09-18,108.135,108.148,108.105,108.115,8227699,889618037,高等级同业存单ETF,SZ,159649
2025-09-19,116.988,116.988,116.676,116.702,107000,12496453,1-3年国债ETF,SH,511020
2025-09-19,135.862,135.926,135.547,135.651,21536700,2924575790,7-10年国债ETF,SH,511260
2025-09-19,112.344,112.35,112.338,112.347,292001757,32804914508,信用债ETF,SH,511360
2025-09-19,1.363,1.381,1.363,1.371,67400,92639,短融ETF,SZ,159976
2025-09-19,7.918,7.93,7.889,7.915,5469800,43248037,绿色债券ETF(南方),SH,518890
2025-09-19,1.607,1.631,1.599,1.612,374028685,604255973,绿色电力ETF,SZ,159869
2025-09-19,108.113,108.135,108.065,108.089,3480927,376379837,高等级同业存单ETF,SZ,159649
2025-09-22,116.748,116.847,116.748,116.819,3756400,438879748,1-3年国债ETF,SH,511020
2025-09-22,135.624,135.858,135.611,135.66,8687600,1178837127,7-10年国债ETF,SH,511260
2025-09-22,112.348,112.35,112.341,112.346,318607480,35794562477,信用债ETF,SH,511360
2025-09-22,1.371,1.376,1.371,1.376,130500,179307,短融ETF,SZ,159976
2025-09-22,8.016,8.073,8.001,8.065,3159600,25352949,绿色债券ETF(南方),SH,518890
2025-09-22,1.605,1.61,1.571,1.589,438068928,695100713,绿色电力ETF,SZ,159869
2025-09-22,108.098,108.159,108.088,108.094,3253510,351808338,高等级同业存单ETF,SZ,159649
2025-09-23,116.821,116.83,116.668,116.713,10637800,1241643640,1-3年国债ETF,SH,511020
2025-09-23,134.29,134.307,134.031,134.125,31172700,4181610550,7-10年国债ETF,SH,511260
2025-09-23,112.347,112.349,112.341,112.346,304265768,34183177213,信用债ETF,SH,511360
2025-09-23,1.383,1.383,1.364,1.38,271014,371522,短融ETF,SZ,159976
2025-09-23,8.127,8.16,8.115,8.154,7392700,60166443,绿色债券ETF(南方),SH,518890
2025-09-23,1.587,1.6,1.543,1.577,514307616,809987021,绿色电力ETF,SZ,159869
2025-09-23,108.095,108.105,108.066,108.075,3065810,331361469,高等级同业存单ETF,SZ,159649
2025-09-24,116.71,116.777,116.586,116.587,56500,6590976,1-3年国债ETF,SH,511020
2025-09-24,134.255,134.255,133.88,133.908,33771701,4526867486,7-10年国债ETF,SH,511260
2025-09-24,112.346,112.348,112.338,112.34,274681085,30858871103,信用债ETF,SH,511360
2025-09-24,1.377,1.393,1.369,1.393,70300,97084,短融ETF,SZ,159976
2025-09-24,8.177,8.215,8.136,8.191,9613800,78512894,绿色债券ETF(南方),SH,518890
2025-09-24,1.57,1.651,1.564,1.645,581136599,938283995,绿色电力ETF,SZ,159869
2025-09-24,108.07,108.136,108.022,108.055,3617000,390913615,高等级同业存单ETF,SZ,159649
2025-09-25,116.46,116.55,116.36,116.528,59200,6892586,1-3年国债ETF,SH,511020
2025-09-25,133.909,133.909,133.64,133.866,13345700,1784633636,7-10年国债ETF,SH,511260
2025-09-25,112.345,112.345,112.309,112.331,197449703,22180237543,信用债ETF,SH,511360
2025-09-25,1.393,1.398,1.386,1.395,91703,127740,短融ETF,SZ,159976
2025-09-25,8.167,8.167,8.128,8.153,3316800,27017809,绿色债券ETF(南方),SH,518890
2025-09-25,1.644,1.707,1.642,1.677,453976522,764238076,绿色电力ETF,SZ,159869
2025-09-25,107.971,108.028,107.912,108.004,2644623,285585960,高等级同业存单ETF,SZ,159649
2025-09-26,116.634,116.664,116.591,116.651,95300,11114046,1-3年国债ETF,SH,511020
2025-09-26,133.99,134.098,133.929,134.059,5944000,796501992,7-10年国债ETF,SH,511260
2025-09-26,112.355,112.363,112.352,112.361,354989798,39885293478,信用债ETF,SH,511360
2025-09-26,1.387,1.389,1.377,1.378,149106,206313,短融ETF,SZ,159976
2025-09-26,8.189,8.194,8.158,8.174,2565200,20971857,绿色债券ETF(南方),SH,518890
2025-09-26,1.666,1.669,1.602,1.608,753208618,1223876098,绿色电力ETF,SZ,159869
2025-09-26,107.999,108.089,107.999,108.007,3476400,375617397,高等级同业存单ETF,SZ,159649
2025-09-29,116.72,116.743,116.608,116.618,61100,7127881,1-3年国债ETF,SH,511020
2025-09-29,134.089,134.136,133.896,133.994,24371100,3267487872,7-10年国债ETF,SH,511260
2025-09-29,112.368,112.373,112.358,112.37,230964849,25952426412,信用债ETF,SH,511360
2025-09-29,1.374,1.4,1.374,1.395,656000,908203,短融ETF,SZ,159976
2025-09-29,8.182,8.279,8.182,8.27,2847800,23435900,绿色债券ETF(南方),SH,518890
2025-09-29,1.601,1.624,1.594,1.613,545101427,877317897,绿色电力ETF,SZ,159869
2025-09-29,108.066,108.066,108.019,108.028,2363899,255430995,高等级同业存单ETF,SZ,159649
2025-09-30,116.622,116.838,116.622,116.836,203900,23807055,1-3年国债ETF,SH,511020
2025-09-30,134.168,134.285,134.024,134.254,14799500,1986404435,7-10年国债ETF,SH,511260
2025-09-30,112.408,112.427,112.392,112.426,319530287,35918604757,信用债ETF,SH,511360
2025-09-30,1.42,1.42,1.391,1.396,196800,274730,短融ETF,SZ,159976
2025-09-30,8.324,8.406,8.324,8.361,1059800,8883417,绿色债券ETF(南方),SH,518890
2025-09-30,1.616,1.621,1.598,1.606,348049877,559357248,绿色电力ETF,SZ,159869
2025-09-30,108.125,108.156,108.062,108.153,2692800,291028170,高等级同业存单ETF,SZ,159649
2025-10-09,116.836,116.973,116.786,116.909,2784100,325483286,1-3年国债ETF,SH,511020
2025-10-09,134.33,134.437,134.202,134.384,32625600,4384454520,7-10年国债ETF,SH,511260
2025-10-09,112.426,112.43,112.417,112.419,218618433,24577039023,信用债ETF,SH,511360
2025-10-09,1.399,1.416,1.398,1.414,58200,82194,短融ETF,SZ,159976
2025-10-09,8.942,8.942,8.704,8.743,7529200,65864830,绿色债券ETF(南方),SH,518890
2025-10-09,1.606,1.606,1.542,1.561,895054997,1397416862,绿色电力ETF,SZ,159869
2025-10-09,108.153,108.17,108.115,108.169,3247900,351291845,高等级同业存单ETF,SZ,159649
2025-10-10,117.071,117.071,116.911,116.928,79300,9274272,1-3年国债ETF,SH,511020
2025-10-10,134.448,134.499,134.3,134.315,25362509,3409802617,7-10年国债ETF,SH,511260
2025-10-10,112.436,112.444,112.435,112.443,357647765,40213021946,信用债ETF,SH,511360
2025-10-10,1.394,1.43,1.382,1.382,78100,108574,短融ETF,SZ,159976
2025-10-10,8.679,8.679,8.606,8.615,4477700,38662588,绿色债券ETF(南方),SH,518890
2025-10-10,1.551,1.558,1.5,1.508,684044666,1048040221,绿色电力ETF,SZ,159869
2025-10-10,108.189,108.247,108.122,108.133,7078310,765532203,高等级同业存单ETF,SZ,159649
2025-10-13,116.987,117.087,116.987,116.994,7224510,845813550,1-3年国债ETF,SH,511020
2025-10-13,134.516,134.58,134.331,134.447,29133400,3918862053,7-10年国债ETF,SH,511260
2025-10-13,112.445,112.451,112.443,112.45,332019614,37334456858,信用债ETF,SH,511360
2025-10-13,1.354,1.363,1.314,1.362,206601,279750,短融ETF,SZ,159976
2025-10-13,8.786,8.889,8.786,8.885,5106200,45119762,绿色债券ETF(南方),SH,518890
2025-10-13,1.44,1.492,1.44,1.485,482758552,712851941,绿色电力ETF,SZ,159869
2025-10-13,108.152,108.177,108.13,108.14,7751200,838294559,高等级同业存单ETF,SZ,159649
2025-10-14,117.0,117.136,116.907,117.098,151200,17698544,1-3年国债ETF,SH,511020
2025-10-14,134.39,134.682,134.307,134.679,39059100,5250473057,7-10年国债ETF,SH,511260
2025-10-14,112.446,112.45,112.441,112.444,405610938,45609255331,信用债ETF,SH,511360
2025-10-14,1.363,1.377,1.34,1.344,333501,450855,短融ETF,SZ,159976
2025-10-14,9.087,9.378,8.9,8.985,11988600,108855247,绿色债券ETF(南方),SH,518890
2025-10-14,1.49,1.52,1.452,1.46,470567558,700445336,绿色电力ETF,SZ,159869
2025-10-14,108.14,108.198,108.125,108.174,2762200,298696125,高等级同业存单ETF,SZ,159649
2025-10-15,117.051,117.097,117.006,117.041,127400,14911722,1-3年国债ETF,SH,511020
2025-10-15,134.69,134.69,134.557,134.609,33153776,4462990272,7-10年国债ETF,SH,511260
2025-10-15,112.44,112.446,112.437,112.445,406303939,45685649869,信用债ETF,SH,511360
2025-10-15,1.345,1.369,1.342,1.369,133061,180843,短融ETF,SZ,159976
2025-10-15,9.137,9.2,9.109,9.19,12925500,118224235,绿色债券ETF(南方),SH,518890
2025-10-15,1.459,1.47,1.418,1.47,653365558,949699611,绿色电力ETF,SZ,159869
2025-10-15,108.173,108.19,108.134,108.151,5423960,586647793,高等级同业存单ETF,SZ,159649
2025-10-16,117.128,117.128,117.033,117.086,55700,6521795,1-3年国债ETF,SH,511020
2025-10-16,134.68,134.726,134.61,134.714,24871760,3348935515,7-10年国债ETF,SH,511260
2025-10-16,112.458,112.469,112.457,112.469,284965660,32048469413,信用债ETF,SH,511360
2025-10-16,1.363,1.376,1.362,1.367,204600,280272,短融ETF,SZ,159976
2025-10-16,9.28,9.299,9.211,9.263,10103600,93475890,绿色债券ETF(南方),SH,518890
2025-10-16,1.465,1.466,1.435,1.443,475817990,689765284,绿色电力ETF,SZ,159869
2025-10-16,108.14,108.217,108.14,108.181,8189400,885871403,高等级同业存单ETF,SZ,159649
2025-10-17,117.239,117.239,117.123,117.179,5927700,694500453,1-3年国债ETF,SH,511020
2025-10-17,134.769,134.927,134.754,134.926,25640200,3457122840,7-10年国债ETF,SH,511260
2025-10-17,112.484,112.494,112.483,112.493,426862701,48016752566,信用债ETF,SH,511360
2025-10-17,1.36,1.36,1.327,1.327,160100,214116,短融ETF,SZ,159976
2025-10-17,9.527,9.601,9.387,9.59,19425500,184697281,绿色债券ETF(南方),SH,518890
2025-10-17,1.436,1.449,1.399,1.4,384071946,545062551,绿色电力ETF,SZ,159869
2025-10-17,108.182,108.228,108.181,108.212,3229800,349469156,高等级同业存单ETF,SZ,159649
2025-10-20,117.179,117.193,117.069,117.12,181400,21244163,1-3年国债ETF,SH,511020
2025-10-20,134.908,134.908,134.634,134.679,40861200,5504405171,7-10年国债ETF,SH,511260
2025-10-20,112.491,112.498,112.489,112.497,336814114,37890211204,信用债ETF,SH,511360
2025-10-20,1.345,1.35,1.338,1.341,180500,242742,短融ETF,SZ,159976
2025-10-20,9.385,9.385,9.266,9.289,9076113,84783329,绿色债券ETF(南方),SH,518890
2025-10-20,1.416,1.43,1.408,1.419,373861292,531086464,绿色电力ETF,SZ,159869
2025-10-20,108.212,108.251,108.165,108.175,9160000,990962780,高等级同业存单ETF,SZ,159649
2025-10-21,117.01,117.101,117.01,117.076,6658300,779608455,1-3年国债ETF,SH,511020
2025-10-21,134.6,134.697,134.589,134.671,40199600,5411623393,7-10年国债ETF,SH,511260
2025-10-21,112.493,112.501,112.491,112.495,341516877,38419257464,信用债ETF,SH,511360
2025-10-21,1.357,1.37,1.357,1.369,322200,440011,短融ETF,SZ,159976
2025-10-21,9.531,9.531,9.451,9.51,19399900,184197342,绿色债券ETF(南方),SH,518890
2025-10-21,1.426,1.452,1.419,1.452,573941157,824609222,绿色电力ETF,SZ,159869
2025-10-21,108.176,108.235,108.143,108.2,3352600,362721006,高等级同业存单ETF,SZ,159649
2025-10-22,117.099,117.148,117.079,117.103,9294900,1088543607,1-3年国债ETF,SH,511020
2025-10-22,134.737,134.737,134.615,134.686,40408141,5441634111,7-10年国债ETF,SH,511260
2025-10-22,112.494,112.507,112.494,112.506,344421547,38746919776,信用债ETF,SH,511360
2025-10-22,1.357,1.358,1.352,1.354,25200,34123,短融ETF,SZ,159976
2025-10-22,9.089,9.12,8.915,9.112,11533900,103900289,绿色债券ETF(南方),SH,518890
2025-10-22,1.445,1.466,1.438,1.451,384268033,558610249,绿色电力ETF,SZ,159869
2025-10-22,108.2,108.222,108.18,108.198,129900,14054577,高等级同业存单ETF,SZ,159649
2025-10-23,117.083,117.182,117.052,117.092,9139800,1070561664,1-3年国债ETF,SH,511020
2025-10-23,134.761,134.761,134.578,134.586,33783200,4549899505,7-10年国债ETF,SH,511260
2025-10-23,112.509,112.515,112.509,112.512,271084518,30500298587,信用债ETF,SH,511360
2025-10-23,1.353,1.36,1.341,1.36,471900,637745,短融ETF,SZ,159976
2025-10-23,8.989,9.069,8.94,9.018,4176700,37528219,绿色债券ETF(南方),SH,518890
2025-10-23,1.454,1.457,1.425,1.457,340274025,489907279,绿色电力ETF,SZ,159869
2025-10-23,108.273,108.273,108.173,108.19,3557700,384955634,高等级同业存单ETF,SZ,159649
2025-10-24,117.069,117.071,116.984,117.052,7900800,924786189,1-3年国债ETF,SH,511020
2025-10-24,134.576,134.601,134.514,134.522,48557700,6533784316,7-10年国债ETF,SH,511260
2025-10-24,112.518,112.522,112.516,112.52,352596624,39673713001,信用债ETF,SH,511360
2025-10-24,1.38,1.38,1.366,1.378,688240,943739,短融ETF,SZ,159976
2025-10-24,9.07,9.072,8.949,8.967,6099000,54923605,绿色债券ETF(南方),SH,518890
2025-10-24,1.46,1.473,1.445,1.472,451379707,659133213,绿色电力ETF,SZ,159869
2025-10-24,108.19,108.221,108.19,108.214,8366300,905308802,高等级同业存单ETF,SZ,159649
2025-10-27,116.971,117.073,116.912,117.042,86800,10154130,1-3年国债ETF,SH,511020
2025-10-27,134.48,134.689,134.42,134.672,67210300,9047306248,7-10年国债ETF,SH,511260
2025-10-27,112.519,112.522,112.517,112.518,324370158,36497860013,信用债ETF,SH,511360
2025-10-27,1.389,1.399,1.383,1.398,155210,216172,短融ETF,SZ,159976
2025-10-27,8.964,8.964,8.909,8.927,6951700,62122649,绿色债券ETF(南方),SH,518890
2025-10-27,1.488,1.488,1.428,1.446,740436528,1070471512,绿色电力ETF,SZ,159869
2025-10-27,108.214,108.225,108.18,108.214,3517300,380617207,高等级同业存单ETF,SZ,159649
2025-10-28,117.214,117.255,117.174,117.21,12071400,1415081480,1-3年国债ETF,SH,511020
2025-10-28,134.9,135.079,134.855,135.059,49325103,6658589309,7-10年国债ETF,SH,511260
2025-10-28,112.52,112.528,112.52,112.527,394488525,44389021924,信用债ETF,SH,511360
2025-10-28,1.394,1.402,1.391,1.393,72300,100925,短融ETF,SZ,159976
2025-10-28,8.808,8.808,8.603,8.607,7682800,66904055,绿色债券ETF(南方),SH,518890
2025-10-28,1.44,1.447,1.418,1.431,517451640,741230963,绿色电力ETF,SZ,159869
2025-10-28,108.289,108.34,108.286,108.326,3621800,392308404,高等级同业存单ETF,SZ,159649
2025-10-29,117.21,117.379,117.174,117.355,14750000,1729547123,1-3年国债ETF,SH,511020
2025-10-29,135.058,135.117,134.956,135.059,69476049,9383171217,7-10年国债ETF,SH,511260
2025-10-29,112.535,112.538,112.531,112.536,295967180,33306637398,信用债ETF,SH,511360
2025-10-29,1.401,1.409,1.401,1.409,358100,503077,短融ETF,SZ,159976
2025-10-29,8.681,8.712,8.635,8.705,6988100,60652957,绿色债券ETF(南方),SH,518890
2025-10-29,1.434,1.473,1.434,1.469,687996835,1006131158,绿色电力ETF,SZ,159869
2025-10-29,108.3,108.451,108.3,108.422,6069844,658139880,高等级同业存单ETF,SZ,159649
2025-10-30,117.373,117.45,117.353,117.44,426400,50068534,1-3年国债ETF,SH,511020
2025-10-30,135.059,135.227,135.002,135.205,50435800,6811419172,7-10年国债ETF,SH,511260
2025-10-30,112.547,112.554,112.546,112.549,331183439,37274639344,信用债ETF,SH,511360
2025-10-30,1.409,1.415,1.396,1.398,471000,664493,短融ETF,SZ,159976
2025-10-30,8.681,8.72,8.573,8.716,6842700,59174262,绿色债券ETF(南方),SH,518890
2025-10-30,1.468,1.472,1.408,1.416,804867605,1148160884,绿色电力ETF,SZ,159869
2025-10-30,108.435,108.435,108.338,108.422,6072400,658311131,高等级同业存单ETF,SZ,159649
2025-10-31,117.447,117.545,117.447,117.513,25384900,2982270764,1-3年国债ETF,SH,511020
2025-10-31,135.249,135.328,135.209,135.287,34748600,4701010002,7-10年国债ETF,SH,511260
2025-10-31,112.556,112.562,112.555,112.56,358529848,40355706651,信用债ETF,SH,511360
2025-10-31,1.393,1.397,1.38,1.38,89500,123680,短融ETF,SZ,159976
2025-10-31,8.831,8.842,8.769,8.807,4171300,36704183,绿色债券ETF(南方),SH,518890
2025-10-31,1.423,1.438,1.414,1.427,510867640,730856313,绿色电力ETF,SZ,159869
2025-10-31,108.44,108.52,108.44,108.49,6195200,671979538,高等级同业存单ETF,SZ,159649
2025-11-03,117.513,117.572,117.489,117.507,21014600,2469363110,1-3年国债ETF,SH,511020
2025-11-03,135.287,135.319,135.253,135.306,60031500,8121578714,7-10年国债ETF,SH,511260
2025-11-03,112.561,112.562,112.553,112.56,333662335,37555930408,信用债ETF,SH,511360
2025-11-03,1.369,1.38,1.367,1.38,100200,137854,短融ETF,SZ,159976
2025-11-03,8.786,8.817,8.738,8.81,2083313,18303399,绿色债券ETF(南方),SH,518890
2025-11-03,1.447,1.483,1.447,1.482,681238631,1000952983,绿色电力ETF,SZ,159869
2025-11-03,108.48,108.536,108.441,108.471,8359000,906781808,高等级同业存单ETF,SZ,159649
2025-11-04,117.5,117.513,117.439,117.478,17477100,2053296913,1-3年国债ETF,SH,511020
2025-11-04,135.36,135.36,135.281,135.354,54265300,7342741867,7-10年国债ETF,SH,511260
2025-11-04,112.568,112.574,112.566,112.573,287530764,32367008399,信用债ETF,SH,511360
2025-11-04,1.377,1.378,1.365,1.37,95400,131126,短融ETF,SZ,159976
2025-11-04,8.759,8.799,8.721,8.761,4226000,36954762,绿色债券ETF(南方),SH,518890
2025-11-04,1.48,1.48,1.44,1.453,430124691,626556171,绿色电力ETF,SZ,159869
2025-11-04,108.471,108.48,108.413,108.471,9822500,1065397385,高等级同业存单ETF,SZ,159649
2025-11-05,117.571,117.571,117.478,117.478,12207700,1434526138,1-3年国债ETF,SH,511020
2025-11-05,135.453,135.503,135.329,135.352,30281975,4099730236,7-10年国债ETF,SH,511260
2025-11-05,112.579,112.59,112.576,112.588,259532299,29218142855,信用债ETF,SH,511360
2025-11-05,1.382,1.382,1.35,1.371,20100,27405,短融ETF,SZ,159976
2025-11-05,8.663,8.743,8.657,8.715,3881600,33801307,绿色债券ETF(南方),SH,518890
2025-11-05,1.428,1.451,1.422,1.447,466363019,670521916,绿色电力ETF,SZ,159869
2025-11-05,108.56,108.56,108.463,108.478,2803200,304088863,高等级同业存单ETF,SZ,159649
2025-11-06,117.478,117.492,117.392,117.41,17030800,2000760011,1-3年国债ETF,SH,511020
2025-11-06,135.343,135.359,135.172,135.212,56148100,7596957795,7-10年国债ETF,SH,511260
2025-11-06,112.589,112.592,112.586,112.592,279008422,31412837671,信用债ETF,SH,511360
2025-11-06,1.376,1.395,1.375,1.388,17200,23723,短融ETF,SZ,159976
2025-11-06,8.722,8.77,8.72,8.766,1785700,15621691,绿色债券ETF(南方),SH,518890
2025-11-06,1.442,1.447,1.425,1.446,419225612,602559563,绿色电力ETF,SZ,159869
2025-11-06,108.48,108.48,108.406,108.43,2864100,310614797,高等级同业存单ETF,SZ,159649
2025-11-07,117.41,117.442,117.35,117.388,15667900,1839013017,1-3年国债ETF,SH,511020
2025-11-07,135.253,135.27,135.173,135.186,43754200,5915715272,7-10年国债ETF,SH,511260
2025-11-07,112.596,112.599,112.587,112.591,347885401,39170399242,信用债ETF,SH,511360
2025-11-07,1.376,1.38,1.376,1.378,47700,65686,短融ETF,SZ,159976
2025-11-07,8.775,8.812,8.771,8.812,1783800,15670406,绿色债券ETF(南方),SH,518890
2025-11-07,1.438,1.442,1.419,1.42,367449715,524594667,绿色电力ETF,SZ,159869
2025-11-07,108.43,108.499,108.403,108.41,5239700,568089438,高等级同业存单ETF,SZ,159649
2025-11-10,117.374,117.403,117.32,117.379,5407100,634719367,1-3年国债ETF,SH,511020
2025-11-10,135.15,135.199,135.099,135.133,60333565,8156097032,7-10年国债ETF,SH,511260
2025-11-10,112.59,112.592,112.586,112.588,333848153,37587968293,信用债ETF,SH,511360
2025-11-10,1.384,1.403,1.372,1.391,2828902,3905079,短融ETF,SZ,159976
2025-11-10,8.867,8.963,8.867,8.955,4910600,43751164,绿色债券ETF(南方),SH,518890
2025-11-10,1.418,1.43,1.407,1.414,392298854,555663828,绿色电力ETF,SZ,159869
2025-11-10,108.41,108.426,108.362,108.401,6598600,715327269,高等级同业存单ETF,SZ,159649
2025-11-11,117.404,117.496,117.4,117.409,6809500,799819067,1-3年国债ETF,SH,511020
2025-11-11,135.16,135.183,135.055,135.058,45181506,6106191225,7-10年国债ETF,SH,511260
2025-11-11,112.589,112.59,112.575,112.579,328978220,37038677821,信用债ETF,SH,511360
2025-11-11,1.396,1.396,1.381,1.383,169400,235971,短融ETF,SZ,159976
2025-11-11,9.082,9.119,9.064,9.077,3408300,30986795,绿色债券ETF(南方),SH,518890
2025-11-11,1.416,1.425,1.401,1.406,478177385,675336070,绿色电力ETF,SZ,159869
2025-11-11,108.403,108.453,108.403,108.445,2348700,254674487,高等级同业存单ETF,SZ,159649
2025-11-12,117.466,117.473,117.415,117.435,1688400,198278381,1-3年国债ETF,SH,511020
2025-11-12,135.1,135.169,135.063,135.161,60169200,8128863068,7-10年国债ETF,SH,511260
2025-11-12,112.593,112.599,112.587,112.598,291640610,32836824728,信用债ETF,SH,511360
2025-11-12,1.382,1.389,1.378,1.389,33917,46830,短融ETF,SZ,159976
2025-11-12,9.074,9.08,9.003,9.044,4898500,44354363,绿色债券ETF(南方),SH,518890
2025-11-12,1.404,1.421,1.392,1.399,371827318,522271891,绿色电力ETF,SZ,159869
2025-11-12,108.445,108.489,108.444,108.48,2696100,292403902,高等级同业存单ETF,SZ,159649
2025-11-13,117.435,117.435,117.37,117.378,5088100,597342605,1-3年国债ETF,SH,511020
2025-11-13,135.161,135.164,135.034,135.067,39581901,5347434725,7-10年国债ETF,SH,511260
2025-11-13,112.611,112.612,112.608,112.61,147297622,16587216949,信用债ETF,SH,511360
2025-11-13,1.386,1.397,1.386,1.395,146000,203034,短融ETF,SZ,159976
2025-11-13,9.19,9.199,9.151,9.191,6647700,61031372,绿色债券ETF(南方),SH,518890
2025-11-13,1.391,1.408,1.387,1.406,354044421,495513946,绿色电力ETF,SZ,159869
2025-11-13,108.48,108.495,108.461,108.462,2278300,247127247,高等级同业存单ETF,SZ,159649
2025-11-14,117.398,117.459,117.351,117.387,4149100,487124511,1-3年国债ETF,SH,511020
2025-11-14,135.09,135.145,135.08,135.141,29520300,3988601848,7-10年国债ETF,SH,511260
2025-11-14,112.619,112.625,112.618,112.624,175780159,19796788965,信用债ETF,SH,511360
2025-11-14,1.381,1.387,1.37,1.37,111900,154328,短融ETF,SZ,159976
2025-11-14,9.148,9.196,9.108,9.113,13079300,119779565,绿色债券ETF(南方),SH,518890
2025-11-14,1.395,1.403,1.379,1.382,273536566,380689994,绿色电力ETF,SZ,159869
2025-11-14,108.467,108.494,108.466,108.485,73400,7962811,高等级同业存单ETF,SZ,159649
2025-11-17,117.39,117.454,117.39,117.446,9141100,1073395879,1-3年国债ETF,SH,511020
2025-11-17,135.183,135.267,135.142,135.253,8284382,1120235814,7-10年国债ETF,SH,511260
2025-11-17,112.619,112.624,112.615,112.619,215681235,24290169035,信用债ETF,SH,511360
2025-11-17,1.364,1.366,1.356,1.356,16600,22608,短融ETF,SZ,159976
2025-11-17,8.965,8.981,8.858,8.896,2923000,26125809,绿色债券ETF(南方),SH,518890
2025-11-17,1.377,1.381,1.357,1.378,317977180,436058325,绿色电力ETF,SZ,159869
2025-11-17,108.488,108.515,108.487,108.51,9780940,1061248531,高等级同业存单ETF,SZ,159649
2025-11-18,117.515,117.515,117.401,117.419,4935310,579583227,1-3年国债ETF,SH,511020
2025-11-18,135.316,135.319,135.222,135.283,44134815,5969453059,7-10年国债ETF,SH,511260
2025-11-18,112.621,112.632,112.621,112.631,165127434,18597364811,信用债ETF,SH,511360
2025-11-18,1.355,1.359,1.342,1.345,34216,46120,短融ETF,SZ,159976
2025-11-18,8.705,8.852,8.705,8.798,2544800,22407362,绿色债券ETF(南方),SH,518890
2025-11-18,1.377,1.402,1.373,1.395,510099491,709915742,绿色电力ETF,SZ,159869
2025-11-18,108.511,108.525,108.49,108.496,2865100,310863750,高等级同业存单ETF,SZ,159649
2025-11-19,117.376,117.411,117.317,117.405,23981310,2814828998,1-3年国债ETF,SH,511020
2025-11-19,135.165,135.264,135.165,135.228,32784370,4432473947,7-10年国债ETF,SH,511260
2025-11-19,112.636,112.641,112.635,112.64,134102850,15104969524,信用债ETF,SH,511360
2025-11-19,1.348,1.352,1.344,1.344,57200,77204,短融ETF,SZ,159976
2025-11-19,8.881,8.98,8.881,8.97,3526800,31522060,绿色债券ETF(南方),SH,518890
2025-11-19,1.394,1.394,1.361,1.368,345557165,474534177,绿色电力ETF,SZ,159869
2025-11-19,108.496,108.496,108.478,108.493,3570000,387288442,高等级同业存单ETF,SZ,159649
2025-11-20,117.384,117.477,117.384,117.45,23818600,2796977345,1-3年国债ETF,SH,511020
2025-11-20,135.186,135.286,135.186,135.264,39008900,5274866389,7-10年国债ETF,SH,511260
2025-11-20,112.644,112.649,112.643,112.649,170758185,19235273987,信用债ETF,SH,511360
2025-11-20,1.349,1.351,1.336,1.339,436300,583933,短融ETF,SZ,159976
2025-11-20,9.001,9.002,8.89,8.916,3983300,35576933,绿色债券ETF(南方),SH,518890
2025-11-20,1.372,1.377,1.35,1.35,413565621,561608332,绿色电力ETF,SZ,159869
2025-11-20,108.491,108.532,108.491,108.493,2788201,302517898,高等级同业存单ETF,SZ,159649
2025-11-21,117.485,117.517,117.381,117.419,4304500,505560645,1-3年国债ETF,SH,511020
2025-11-21,135.268,135.31,135.181,135.237,24594258,3326127846,7-10年国债ETF,SH,511260
2025-11-21,112.657,112.657,112.644,112.648,175501428,19770552429,信用债ETF,SH,511360
2025-11-21,1.319,1.319,1.238,1.308,80700,105910,短融ETF,SZ,159976
2025-11-21,8.902,8.939,8.84,8.851,5116200,45489968,绿色债券ETF(南方),SH,518890
2025-11-21,1.337,1.37,1.335,1.343,450805975,609801385,绿色电力ETF,SZ,159869
2025-11-21,108.508,108.528,108.499,108.507,13671500,1483424212,高等级同业存单ETF,SZ,159649
2025-11-24,115.645,115.715,115.624,115.668,11675700,1350948174,1-3年国债ETF,SH,511020
2025-11-24,135.227,135.274,135.167,135.251,15704400,2123763977,7-10年国债ETF,SH,511260
2025-11-24,112.655,112.657,112.651,112.654,148987928,16784202599,信用债ETF,SH,511360
2025-11-24,1.307,1.312,1.304,1.31,56100,73226,短融ETF,SZ,159976
2025-11-24,8.863,8.898,8.849,8.871,4291600,38044290,绿色债券ETF(南方),SH,518890
2025-11-24,1.348,1.393,1.336,1.387,620085400,851069918,绿色电力ETF,SZ,159869
2025-11-24,108.508,108.573,108.508,108.518,3342400,362710771,高等级同业存单ETF,SZ,159649
2025-11-25,115.645,115.666,115.57,115.616,2932100,339067656,1-3年国债ETF,SH,511020
2025-11-25,135.235,135.238,135.12,135.131,46837600,6330693729,7-10年国债ETF,SH,511260
2025-11-25,112.66,112.664,112.658,112.663,149428296,16834710002,信用债ETF,SH,511360
2025-11-25,1.315,1.328,1.315,1.321,143001,189040,短融ETF,SZ,159976
2025-11-25,8.979,9.055,8.979,9.028,3660400,33061393,绿色债券ETF(南方),SH,518890
2025-11-25,1.391,1.454,1.385,1.444,1190138007,1706846315,绿色电力ETF,SZ,159869
2025-11-25,108.518,108.551,108.514,108.535,3601000,390839562,高等级同业存单ETF,SZ,159649
2025-11-26,115.605,115.659,115.469,115.505,53800,6218732,1-3年国债ETF,SH,511020
2025-11-26,135.135,135.137,134.822,134.825,17399500,2348628830,7-10年国债ETF,SH,511260
2025-11-26,112.667,112.669,112.666,112.667,209443151,23597527225,信用债ETF,SH,511360
2025-11-26,1.324,1.345,1.324,1.33,40600,53941,短融ETF,SZ,159976
2025-11-26,9.046,9.063,9.02,9.022,2785500,25196249,绿色债券ETF(南方),SH,518890
2025-11-26,1.438,1.451,1.422,1.427,640666839,921448200,绿色电力ETF,SZ,159869
2025-11-26,108.529,108.542,108.47,108.474,6105200,662378614,高等级同业存单ETF,SZ,159649
2025-11-27,115.485,115.487,115.414,115.479,6784200,783166286,1-3年国债ETF,SH,511020
2025-11-27,134.95,134.95,134.819,134.84,16366529,2207156186,7-10年国债ETF,SH,511260
2025-11-27,112.667,112.668,112.661,112.665,253371984,28546110953,信用债ETF,SH,511360
2025-11-27,1.325,1.34,1.325,1.327,129700,173096,短融ETF,SZ,159976
2025-11-27,9.012,9.033,9.005,9.024,2146200,19352995,绿色债券ETF(南方),SH,518890
2025-11-27,1.425,1.449,1.406,1.409,395338142,564021824,绿色电力ETF,SZ,159869
2025-11-27,108.474,108.49,108.451,108.478,3954700,429004599,高等级同业存单ETF,SZ,159649
2025-11-28,115.45,115.508,115.418,115.482,5719900,660510059,1-3年国债ETF,SH,511020
2025-11-28,134.871,134.897,134.787,134.861,31967700,4309673268,7-10年国债ETF,SH,511260
2025-11-28,112.674,112.677,112.668,112.673,259926630,29286699915,信用债ETF,SH,511360
2025-11-28,1.326,1.33,1.326,1.33,37100,49297,短融ETF,SZ,159976
2025-11-28,9.079,9.106,9.072,9.082,2558600,23245937,绿色债券ETF(南方),SH,518890
2025-11-28,1.402,1.424,1.397,1.408,322256531,453615963,绿色电力ETF,SZ,159869
2025-11-28,108.486,108.514,108.48,108.492,5830300,632558497,高等级同业存单ETF,SZ,159649
2025-12-01,115.44,115.552,115.44,115.539,5741400,663085152,1-3年国债ETF,SH,511020
2025-12-01,134.9,134.996,134.805,134.981,19059603,2571819245,7-10年国债ETF,SH,511260
2025-12-01,112.677,112.678,112.674,112.678,186028936,20960947065,信用债ETF,SH,511360
2025-12-01,1.337,1.347,1.334,1.342,35200,46973,短融ETF,SZ,159976
2025-12-01,9.166,9.22,9.143,9.182,4066300,37360253,绿色债券ETF(南方),SH,518890
2025-12-01,1.407,1.43,1.401,1.43,453916266,644495829,绿色电力ETF,SZ,159869
2025-12-01,108.492,108.539,108.472,108.525,2801300,303945199,高等级同业存单ETF,SZ,159649
2025-12-02,115.533,115.533,115.466,115.485,11628500,1343055938,1-3年国债ETF,SH,511020
2025-12-02,134.999,134.999,134.885,134.904,43455714,5862817218,7-10年国债ETF,SH,511260
2025-12-02,112.684,112.685,112.682,112.684,132564125,14937788113,信用债ETF,SH,511360
2025-12-02,1.343,1.347,1.338,1.339,20300,27209,短融ETF,SZ,159976
2025-12-02,9.151,9.159,9.108,9.133,3693400,33758578,绿色债券ETF(南方),SH,518890
2025-12-02,1.43,1.432,1.402,1.405,310001460,438473683,绿色电力ETF,SZ,159869
2025-12-02,108.515,108.536,108.489,108.514,3039700,329891320,高等级同业存单ETF,SZ,159649
2025-12-03,115.451,115.55,115.451,115.468,10525710,1215666430,1-3年国债ETF,SH,511020
2025-12-03,134.92,134.998,134.904,134.969,37163400,5015035354,7-10年国债ETF,SH,511260
2025-12-03,112.689,112.692,112.688,112.691,120632076,13594121734,信用债ETF,SH,511360
2025-12-03,1.337,1.337,1.327,1.327,2800,3736,短融ETF,SZ,159976
2025-12-03,9.136,9.156,9.103,9.111,3181803,29037918,绿色债券ETF(南方),SH,518890
2025-12-03,1.407,1.411,1.368,1.372,355494717,491223273,绿色电力ETF,SZ,159869
2025-12-03,108.511,108.534,108.509,108.516,5248400,569519972,高等级同业存单ETF,SZ,159649
2025-12-04,115.429,115.429,115.199,115.267,7909900,911639880,1-3年国债ETF,SH,511020
2025-12-04,134.8,134.85,134.541,134.548,6879433,926092602,7-10年国债ETF,SH,511260
2025-12-04,112.694,112.695,112.643,112.686,174955825,19715971583,信用债ETF,SH,511360
2025-12-04,1.33,1.337,1.322,1.329,42200,56117,短融ETF,SZ,159976
2025-12-04,9.117,9.144,9.058,9.084,3855800,35062513,绿色债券ETF(南方),SH,518890
2025-12-04,1.372,1.383,1.363,1.374,376902544,517388226,绿色电力ETF,SZ,159869
2025-12-04,108.5,108.5,108.4,108.401,3675900,398595424,高等级同业存单ETF,SZ,159649
2025-12-05,115.238,115.336,115.168,115.298,7311700,842631356,1-3年国债ETF,SH,511020
2025-12-05,134.605,134.835,134.594,134.783,49338566,6646839816,7-10年国债ETF,SH,511260
2025-12-05,112.693,112.698,112.686,112.693,304469460,34311814574,信用债ETF,SH,511360
2025-12-05,1.33,1.338,1.329,1.338,50507,67198,短融ETF,SZ,159976
2025-12-05,9.098,9.163,9.098,9.156,2532700,23136649,绿色债券ETF(南方),SH,518890
2025-12-05,1.375,1.388,1.365,1.385,311998939,429962074,绿色电力ETF,SZ,159869
2025-12-05,108.415,108.454,108.4,108.449,3864600,419111888,高等级同业存单ETF,SZ,159649
2025-12-08,115.371,115.433,115.28,115.355,12488400,1440493158,1-3年国债ETF,SH,511020
2025-12-08,134.8,134.86,134.684,134.777,49448789,6662163250,7-10年国债ETF,SH,511260
2025-12-08,112.696,112.7,112.695,112.697,375561819,42324469225,信用债ETF,SH,511360
2025-12-08,1.348,1.355,1.348,1.35,79800,107947,短融ETF,SZ,159976
2025-12-08,9.125,9.136,9.098,9.131,2601600,23716265,绿色债券ETF(南方),SH,518890
2025-12-08,1.386,1.414,1.386,1.404,462917475,649997225,绿色电力ETF,SZ,159869
2025-12-08,108.447,108.465,108.425,108.443,3581785,388455108,高等级同业存单ETF,SZ,159649
2025-12-09,115.398,115.473,115.398,115.453,8282300,956289453,1-3年国债ETF,SH,511020
2025-12-09,134.92,134.988,134.841,134.979,32635280,4403813436,7-10年国债ETF,SH,511260
2025-12-09,112.705,112.706,112.702,112.704,199770685,22514848277,信用债ETF,SH,511360
2025-12-09,1.354,1.357,1.344,1.347,10500,14176,短融ETF,SZ,159976
2025-12-09,9.1,9.101,9.043,9.06,2457100,22302993,绿色债券ETF(南方),SH,518890
2025-12-09,1.404,1.419,1.394,1.4,336022942,472142222,绿色电力ETF,SZ,159869
2025-12-09,108.45,108.519,108.45,108.493,2399900,260374264,高等级同业存单ETF,SZ,159649
2025-12-10,115.389,115.473,115.351,115.465,8983400,1036937768,1-3年国债ETF,SH,511020
2025-12-10,134.896,135.059,134.896,134.972,34311330,4631803551,7-10年国债ETF,SH,511260
2025-12-10,112.708,112.711,112.706,112.707,355892206,40111729190,信用债ETF,SH,511360
2025-12-10,1.337,1.34,1.331,1.34,43200,57592,短融ETF,SZ,159976
2025-12-10,9.146,9.146,9.1,9.107,2118200,19317099,绿色债券ETF(南方),SH,518890
2025-12-10,1.398,1.422,1.378,1.419,490189206,690150564,绿色电力ETF,SZ,159869
2025-12-10,108.492,108.535,108.478,108.529,5038600,546787393,高等级同业存单ETF,SZ,159649
2025-12-11,115.447,115.54,115.447,115.54,10994700,1270030135,1-3年国债ETF,SH,511020
2025-12-11,135.036,135.116,135.001,135.105,29909933,4040393122,7-10年国债ETF,SH,511260
2025-12-11,112.711,112.712,112.7,112.708,285263860,32152022020,信用债ETF,SH,511360
2025-12-11,1.341,1.343,1.331,1.331,143700,192283,短融ETF,SZ,159976
2025-12-11,9.162,9.186,9.111,9.126,2354600,21522786,绿色债券ETF(南方),SH,518890
2025-12-11,1.415,1.416,1.395,1.396,289531842,406323016,绿色电力ETF,SZ,159869
2025-12-11,108.53,108.613,108.53,108.562,12250100,1329890301,高等级同业存单ETF,SZ,159649
2025-12-12,115.613,115.64,115.415,115.467,20087800,2320558131,1-3年国债ETF,SH,511020
2025-12-12,135.198,135.198,134.944,135.012,19720700,2663292877,7-10年国债ETF,SH,511260
2025-12-12,112.717,112.718,112.707,112.708,193803379,21844236862,信用债ETF,SH,511360
2025-12-12,1.33,1.345,1.324,1.342,29900,39868,短融ETF,SZ,159976
2025-12-12,9.248,9.255,9.208,9.245,3448900,31815595,绿色债券ETF(南方),SH,518890
2025-12-12,1.396,1.41,1.386,1.405,275424403,385229753,绿色电力ETF,SZ,159869
2025-12-12,108.614,108.614,108.559,108.57,4909200,532993417,高等级同业存单ETF,SZ,159649
2025-12-15,115.464,115.464,115.3,115.308,62700,7232743,1-3年国债ETF,SH,511020
2025-12-15,134.878,134.974,134.684,134.739,10288800,1387816396,7-10年国债ETF,SH,511260
2025-12-15,112.706,112.713,112.705,112.708,292035015,32914911427,信用债ETF,SH,511360
2025-12-15,1.349,1.349,1.334,1.334,33100,44280,短融ETF,SZ,159976
2025-12-15,9.299,9.374,9.299,9.37,2629300,24558596,绿色债券ETF(南方),SH,518890
2025-12-15,1.396,1.419,1.391,1.395,277774262,390566673,绿色电力ETF,SZ,159869
2025-12-15,108.558,108.569,108.53,108.544,9646600,1047100359,高等级同业存单ETF,SZ,159649
2025-12-16,115.315,115.385,115.248,115.324,6472000,746184869,1-3年国债ETF,SH,511020
2025-12-16,134.734,134.831,134.713,134.759,36322600,4895786197,7-10年国债ETF,SH,511260
2025-12-16,112.715,112.722,112.714,112.721,289611280,32644023334,信用债ETF,SH,511360
2025-12-16,1.33,1.333,1.32,1.325,79101,104689,短融ETF,SZ,159976
2025-12-16,9.272,9.311,9.212,9.255,5313900,49229393,绿色债券ETF(南方),SH,518890
2025-12-16,1.387,1.4,1.354,1.363,427503748,586396520,绿色电力ETF,SZ,159869
2025-12-16,108.501,108.565,108.501,108.553,3640500,395176169,高等级同业存单ETF,SZ,159649
2025-12-17,115.376,115.409,115.325,115.36,9827500,1133573812,1-3年国债ETF,SH,511020
2025-12-17,134.959,134.959,134.807,134.911,34991189,4718372835,7-10年国债ETF,SH,511260
2025-12-17,112.723,112.728,112.715,112.722,157172889,17717035394,信用债ETF,SH,511360
2025-12-17,1.325,1.344,1.323,1.341,1091000,1452327,短融ETF,SZ,159976
2025-12-17,9.296,9.36,9.296,9.326,2919600,27236125,绿色债券ETF(南方),SH,518890
2025-12-17,1.36,1.41,1.36,1.406,451358600,628409574,绿色电力ETF,SZ,159869
2025-12-17,108.553,108.598,108.553,108.587,3527900,383074171,高等级同业存单ETF,SZ,159649
2025-12-18,115.44,115.458,115.361,115.409,122700,14162182,1-3年国债ETF,SH,511020
2025-12-18,134.85,135.011,134.649,134.941,46763129,6309083579,7-10年国债ETF,SH,511260
2025-12-18,112.735,112.737,112.731,112.735,149886701,16897262822,信用债ETF,SH,511360
2025-12-18,1.331,1.341,1.331,1.34,1600,2137,短融ETF,SZ,159976
2025-12-18,9.326,9.343,9.32,9.331,1451200,13549023,绿色债券ETF(南方),SH,518890
2025-12-18,1.397,1.448,1.395,1.419,559641396,797428893,绿色电力ETF,SZ,159869
2025-12-18,108.587,108.648,108.587,108.63,4055700,440580364,高等级同业存单ETF,SZ,159649
2025-12-19,115.514,115.514,115.381,115.381,4592200,530097072,1-3年国债ETF,SH,511020
2025-12-19,134.978,135.026,134.939,135.025,35045862,4730322597,7-10年国债ETF,SH,511260
2025-12-19,112.746,112.746,112.734,112.74,162654110,18337904050,信用债ETF,SH,511360
2025-12-19,1.34,1.345,1.338,1.342,12500,16729,短融ETF,SZ,159976
2025-12-19,9.304,9.336,9.292,9.328,2099400,19554185,绿色债券ETF(南方),SH,518890
2025-12-19,1.419,1.442,1.408,1.439,531339841,760115899,绿色电力ETF,SZ,159869
2025-12-19,108.632,108.73,108.63,108.648,11834400,1285769390,高等级同业存单ETF,SZ,159649
2025-12-22,115.532,115.532,115.171,115.219,7285200,840373127,1-3年国债ETF,SH,511020
2025-12-22,135.071,135.073,134.836,134.893,18582400,2508414022,7-10年国债ETF,SH,511260
2025-12-22,112.744,112.746,112.738,112.744,310897331,35051103662,信用债ETF,SH,511360
2025-12-22,1.352,1.352,1.347,1.352,49900,67222,短融ETF,SZ,159976
2025-12-22,9.381,9.523,9.381,9.521,4217100,39909256,绿色债券ETF(南方),SH,518890
2025-12-22,1.439,1.447,1.419,1.43,571998843,818910851,绿色电力ETF,SZ,159869
2025-12-22,108.66,108.72,108.624,108.634,332200,36094902,高等级同业存单ETF,SZ,159649
2025-12-23,115.245,115.328,115.141,115.327,1272400,146636599,1-3年国债ETF,SH,511020
2025-12-23,134.916,135.243,134.84,135.214,38621045,5218771631,7-10年国债ETF,SH,511260
2025-12-23,112.747,112.755,112.745,112.751,373784659,42143455104,信用债ETF,SH,511360
2025-12-23,1.352,1.356,1.352,1.352,56801,76867,短融ETF,SZ,159976
2025-12-23,9.663,9.702,9.624,9.651,4764100,46058436,绿色债券ETF(南方),SH,518890
2025-12-23,1.431,1.464,1.422,1.446,606291863,874063146,绿色电力ETF,SZ,159869
2025-12-23,108.639,108.705,108.639,108.701,5381400,584898810,高等级同业存单ETF,SZ,159649
2025-12-24,115.455,115.455,115.29,115.312,1144100,131942781,1-3年国债ETF,SH,511020
2025-12-24,135.102,135.2,135.102,135.134,47271800,6390008117,7-10年国债ETF,SH,511260
2025-12-24,112.757,112.768,112.756,112.767,196922197,22204872008,信用债ETF,SH,511360
2025-12-24,1.358,1.364,1.356,1.364,60600,82308,短融ETF,SZ,159976
2025-12-24,9.722,9.739,9.633,9.662,2584000,25005061,绿色债券ETF(南方),SH,518890
2025-12-24,1.439,1.443,1.415,1.441,704553384,1007205718,绿色电力ETF,SZ,159869
2025-12-24,108.701,108.723,108.66,108.666,5975800,649415916,高等级同业存单ETF,SZ,159649
2025-12-25,115.395,115.395,115.301,115.316,3595000,414667834,1-3年国债ETF,SH,511020
2025-12-25,135.199,135.2,135.141,135.176,49114300,6639061186,7-10年国债ETF,SH,511260
2025-12-25,112.776,112.777,112.773,112.774,201611345,22736804817,信用债ETF,SH,511360
2025-12-25,1.364,1.368,1.364,1.366,48300,65915,短融ETF,SZ,159976
2025-12-25,9.605,9.612,9.56,9.585,2314600,22167593,绿色债券ETF(南方),SH,518890
2025-12-25,1.435,1.448,1.427,1.443,414744350,597119797,绿色电力ETF,SZ,159869
2025-12-25,108.679,108.71,108.676,108.689,2495900,271275629,高等级同业存单ETF,SZ,159649
2025-12-26,115.362,115.415,115.317,115.371,521300,60143338,1-3年国债ETF,SH,511020
2025-12-26,134.35,134.388,134.243,134.275,45739100,6144618015,7-10年国债ETF,SH,511260
2025-12-26,112.786,112.787,112.779,112.781,186574112,21042280643,信用债ETF,SH,511360
2025-12-26,1.363,1.369,1.363,1.368,178600,244464,短融ETF,SZ,159976
2025-12-26,9.693,9.693,9.639,9.669,3182100,30756019,绿色债券ETF(南方),SH,518890
2025-12-26,1.443,1.455,1.432,1.446,456703251,660071950,绿色电力ETF,SZ,159869
2025-12-26,108.69,108.72,108.69,108.71,3870900,420792205,高等级同业存单ETF,SZ,159649
2025-12-29,115.398,115.398,115.11,115.196,680300,78340251,1-3年国债ETF,SH,511020
2025-12-29,134.272,134.272,133.801,133.868,6218900,832635631,7-10年国债ETF,SH,511260
2025-12-29,112.786,112.79,112.783,112.788,222305518,25072923012,信用债ETF,SH,511360
2025-12-29,1.369,1.379,1.362,1.367,6563206,9012200,短融ETF,SZ,159976
2025-12-29,9.67,9.716,9.567,9.577,3367800,32506428,绿色债券ETF(南方),SH,518890
2025-12-29,1.441,1.446,1.421,1.429,407248023,583166178,绿色电力ETF,SZ,159869
2025-12-29,108.7,108.706,108.602,108.623,4685300,508943553,高等级同业存单ETF,SZ,159649
2025-12-30,115.226,115.302,115.19,115.29,995000,114668070,1-3年国债ETF,SH,511020
2025-12-30,133.922,133.947,133.75,133.813,40284700,5390803505,7-10年国债ETF,SH,511260
2025-12-30,112.789,112.802,112.785,112.8,182148059,20544560303,信用债ETF,SH,511360
2025-12-30,1.364,1.367,1.358,1.363,222102,302665,短融ETF,SZ,159976
2025-12-30,9.3,9.418,9.279,9.379,4512000,42249867,绿色债券ETF(南方),SH,518890
2025-12-30,1.425,1.456,1.421,1.436,312880400,450382392,绿色电力ETF,SZ,159869
2025-12-30,108.633,108.69,108.61,108.633,3052600,331598596,高等级同业存单ETF,SZ,159649
2025-12-31,115.337,115.38,115.12,115.291,2635800,303541211,1-3年国债ETF,SH,511020
2025-12-31,133.851,133.893,133.663,133.828,53695100,7178656156,7-10年国债ETF,SH,511260
2025-12-31,112.83,112.838,112.829,112.835,235384292,26559574457,信用债ETF,SH,511360
2025-12-31,1.365,1.365,1.355,1.356,223700,305317,短融ETF,SZ,159976
2025-12-31,9.373,9.407,9.209,9.318,5956103,55586520,绿色债券ETF(南方),SH,518890
2025-12-31,1.437,1.451,1.427,1.44,297621890,428395868,绿色电力ETF,SZ,159869
2025-12-31,108.663,108.675,108.608,108.669,2946800,320142230,高等级同业存单ETF,SZ,159649
