date,open,high,low,close,volume,hold,settle,品种,交易所,合约代码
2017-01-17,96.5,96.83,96.485,96.6,35413,0,0.0,10年期国债期货,CFFEX,T0
2017-01-17,99.12,99.175,98.98,99.075,7239,0,0.0,5年期国债期货,CFFEX,TF0
2017-01-18,96.65,96.945,96.585,96.65,30467,0,0.0,10年期国债期货,CFFEX,T0
2017-01-18,99.075,99.3,99.06,99.1,6430,0,0.0,5年期国债期货,CFFEX,TF0
2017-01-19,96.525,97.05,96.405,96.94,37479,0,0.0,10年期国债期货,CFFEX,T0
2017-01-19,99.0,99.42,98.965,99.355,7685,0,0.0,5年期国债期货,CFFEX,TF0
2017-01-20,96.94,97.375,96.85,97.235,38971,0,0.0,10年期国债期货,CFFEX,T0
2017-01-20,99.335,99.63,99.255,99.47,7957,0,0.0,5年期国债期货,CFFEX,TF0
2017-01-23,97.2,97.31,97.03,97.085,18444,0,0.0,10年期国债期货,CFFEX,T0
2017-01-23,99.495,99.555,99.38,99.425,3716,0,0.0,5年期国债期货,CFFEX,TF0
2017-01-24,97.185,97.345,96.26,96.27,27081,0,0.0,10年期国债期货,CFFEX,T0
2017-01-24,99.46,99.765,99.055,99.095,7646,0,0.0,5年期国债期货,CFFEX,TF0
2017-01-25,94.565,94.765,94.29,94.6,53533,0,0.0,10年期国债期货,CFFEX,T0
2017-01-25,99.06,99.06,98.8,98.97,8201,0,0.0,5年期国债期货,CFFEX,TF0
2017-01-26,94.56,94.67,94.17,94.27,28293,0,94.27,10年期国债期货,CFFEX,T0
2017-01-26,98.865,99.075,98.835,99.075,5436,0,98.965,5年期国债期货,CFFEX,TF0
2017-02-03,94.27,94.52,92.96,93.495,48312,0,0.0,10年期国债期货,CFFEX,T0
2017-02-03,99.2,99.2,98.615,98.745,7771,0,0.0,5年期国债期货,CFFEX,TF0
2017-02-06,93.32,93.765,93.305,93.365,43533,0,0.0,10年期国债期货,CFFEX,T0
2017-02-06,98.635,99.115,98.635,98.83,4877,0,0.0,5年期国债期货,CFFEX,TF0
2017-02-07,93.2,93.805,93.125,93.68,60748,0,0.0,10年期国债期货,CFFEX,T0
2017-02-07,97.345,97.66,97.21,97.605,8359,0,0.0,5年期国债期货,CFFEX,TF0
2017-02-08,93.73,94.18,93.725,94.18,57771,0,0.0,10年期国债期货,CFFEX,T0
2017-02-08,97.64,97.94,97.605,97.94,8511,0,0.0,5年期国债期货,CFFEX,TF0
2017-02-09,94.37,94.635,94.21,94.55,54471,0,0.0,10年期国债期货,CFFEX,T0
2017-02-09,97.965,98.17,97.94,98.115,8550,0,0.0,5年期国债期货,CFFEX,TF0
2017-02-10,94.49,94.52,94.265,94.355,40869,0,0.0,10年期国债期货,CFFEX,T0
2017-02-10,98.095,98.1,97.955,98.02,6851,0,0.0,5年期国债期货,CFFEX,TF0
2017-02-13,94.315,94.79,94.22,94.75,44641,0,0.0,10年期国债期货,CFFEX,T0
2017-02-13,98.03,98.335,97.98,98.275,7113,0,0.0,5年期国债期货,CFFEX,TF0
2017-02-14,94.69,94.9,94.315,94.495,62949,0,0.0,10年期国债期货,CFFEX,T0
2017-02-14,98.245,98.38,98.03,98.165,8539,0,0.0,5年期国债期货,CFFEX,TF0
2017-02-15,94.335,94.45,94.18,94.305,50508,0,0.0,10年期国债期货,CFFEX,T0
2017-02-15,98.11,98.17,97.97,98.115,7969,0,0.0,5年期国债期货,CFFEX,TF0
2017-02-16,94.34,95.145,94.305,95.145,52308,0,0.0,10年期国债期货,CFFEX,T0
2017-02-16,98.12,98.6,98.095,98.6,9203,0,0.0,5年期国债期货,CFFEX,TF0
2017-02-17,95.025,95.375,94.92,95.12,66495,0,0.0,10年期国债期货,CFFEX,T0
2017-02-17,98.49,98.69,98.38,98.57,11036,0,0.0,5年期国债期货,CFFEX,TF0
2017-02-20,95.295,95.66,95.215,95.625,51492,0,0.0,10年期国债期货,CFFEX,T0
2017-02-20,98.675,98.865,98.535,98.785,10004,0,0.0,5年期国债期货,CFFEX,TF0
2017-02-21,95.55,95.55,94.975,95.06,55177,0,0.0,10年期国债期货,CFFEX,T0
2017-02-21,98.795,98.795,98.47,98.495,10554,0,0.0,5年期国债期货,CFFEX,TF0
2017-02-22,94.805,95.67,94.805,95.62,65649,0,0.0,10年期国债期货,CFFEX,T0
2017-02-22,98.31,98.86,98.31,98.83,9682,0,0.0,5年期国债期货,CFFEX,TF0
2017-02-23,95.6,95.93,95.42,95.61,60564,0,95.64,10年期国债期货,CFFEX,T0
2017-02-23,98.895,99.0,98.7,98.84,7703,0,98.82,5年期国债期货,CFFEX,TF0
2017-02-24,95.61,95.96,95.38,95.655,64745,0,95.745,10年期国债期货,CFFEX,T0
2017-02-24,98.84,98.99,98.65,98.795,10046,0,98.85,5年期国债期货,CFFEX,TF0
2017-02-27,95.76,96.115,95.5,95.565,55850,0,0.0,10年期国债期货,CFFEX,T0
2017-02-27,98.86,99.07,98.705,98.72,9353,0,0.0,5年期国债期货,CFFEX,TF0
2017-02-28,95.5,95.915,95.45,95.83,49942,0,0.0,10年期国债期货,CFFEX,T0
2017-02-28,98.72,98.95,98.665,98.905,6625,0,0.0,5年期国债期货,CFFEX,TF0
2017-03-01,95.7,95.74,95.15,95.175,63650,0,0.0,10年期国债期货,CFFEX,T0
2017-03-01,98.85,98.87,98.5,98.535,9271,0,0.0,5年期国债期货,CFFEX,TF0
2017-03-02,95.095,95.3,94.96,95.115,49569,0,0.0,10年期国债期货,CFFEX,T0
2017-03-02,98.5,98.62,98.425,98.485,8388,0,0.0,5年期国债期货,CFFEX,TF0
2017-03-03,95.115,95.32,94.935,94.975,44542,0,0.0,10年期国债期货,CFFEX,T0
2017-03-03,98.485,98.65,98.4,98.425,8175,0,0.0,5年期国债期货,CFFEX,TF0
2017-03-06,95.0,95.085,94.86,94.935,37014,0,0.0,10年期国债期货,CFFEX,T0
2017-03-06,98.42,98.475,98.33,98.35,6449,0,0.0,5年期国债期货,CFFEX,TF0
2017-03-07,94.91,95.195,94.865,95.155,44347,0,0.0,10年期国债期货,CFFEX,T0
2017-03-07,98.35,98.52,98.295,98.49,6654,0,0.0,5年期国债期货,CFFEX,TF0
2017-03-08,95.16,95.235,94.635,94.675,54665,0,0.0,10年期国债期货,CFFEX,T0
2017-03-08,98.49,98.545,98.14,98.14,9217,0,0.0,5年期国债期货,CFFEX,TF0
2017-03-09,94.61,95.04,94.485,94.55,59041,0,0.0,10年期国债期货,CFFEX,T0
2017-03-09,98.145,98.45,98.03,98.05,9619,0,0.0,5年期国债期货,CFFEX,TF0
2017-03-10,94.505,94.75,94.47,94.685,40887,0,0.0,10年期国债期货,CFFEX,T0
2017-03-10,98.095,98.185,97.995,98.115,6919,0,0.0,5年期国债期货,CFFEX,TF0
2017-03-13,94.65,95.68,94.6,95.48,63019,0,95.265,10年期国债期货,CFFEX,T0
2017-03-13,98.09,98.665,98.005,98.505,10915,0,98.405,5年期国债期货,CFFEX,TF0
2017-03-14,95.38,95.61,95.295,95.55,53879,0,0.0,10年期国债期货,CFFEX,T0
2017-03-14,98.51,98.635,98.43,98.61,9154,0,0.0,5年期国债期货,CFFEX,TF0
2017-03-15,95.55,95.71,95.37,95.67,48927,0,0.0,10年期国债期货,CFFEX,T0
2017-03-15,98.61,98.695,98.455,98.605,7652,0,0.0,5年期国债期货,CFFEX,TF0
2017-03-16,95.91,96.68,95.815,96.355,109383,0,0.0,10年期国债期货,CFFEX,T0
2017-03-16,98.695,99.17,98.695,98.89,19013,0,0.0,5年期国债期货,CFFEX,TF0
2017-03-17,96.25,96.525,96.15,96.28,42851,0,0.0,10年期国债期货,CFFEX,T0
2017-03-17,98.83,98.97,98.765,98.82,8231,0,0.0,5年期国债期货,CFFEX,TF0
2017-03-20,96.3,96.545,96.12,96.365,43778,0,0.0,10年期国债期货,CFFEX,T0
2017-03-20,98.825,98.98,98.705,98.815,9023,0,0.0,5年期国债期货,CFFEX,TF0
2017-03-21,96.2,96.62,96.01,96.58,54341,0,0.0,10年期国债期货,CFFEX,T0
2017-03-21,98.775,98.96,98.6,98.955,10347,0,0.0,5年期国债期货,CFFEX,TF0
2017-03-22,96.66,96.765,96.425,96.58,42864,0,0.0,10年期国债期货,CFFEX,T0
2017-03-22,98.92,99.055,98.8,98.865,9274,0,0.0,5年期国债期货,CFFEX,TF0
2017-03-23,96.6,96.775,96.305,96.7,49448,0,0.0,10年期国债期货,CFFEX,T0
2017-03-23,98.88,99.045,98.735,98.945,9581,0,0.0,5年期国债期货,CFFEX,TF0
2017-03-24,96.655,97.45,96.57,97.315,65277,0,0.0,10年期国债期货,CFFEX,T0
2017-03-24,98.995,99.365,98.845,99.26,12048,0,0.0,5年期国债期货,CFFEX,TF0
2017-03-27,97.315,97.44,97.11,97.31,41506,0,0.0,10年期国债期货,CFFEX,T0
2017-03-27,99.26,99.4,99.2,99.375,8790,0,0.0,5年期国债期货,CFFEX,TF0
2017-03-28,97.4,97.48,96.87,96.91,55238,0,0.0,10年期国债期货,CFFEX,T0
2017-03-28,99.385,99.45,99.175,99.22,9918,0,0.0,5年期国债期货,CFFEX,TF0
2017-03-29,96.87,97.285,96.73,96.905,52717,0,0.0,10年期国债期货,CFFEX,T0
2017-03-29,99.19,99.365,99.06,99.205,8468,0,0.0,5年期国债期货,CFFEX,TF0
2017-03-30,96.91,96.99,96.59,96.85,60013,0,0.0,10年期国债期货,CFFEX,T0
2017-03-30,99.205,99.25,99.015,99.21,8380,0,0.0,5年期国债期货,CFFEX,TF0
2017-03-31,96.87,97.15,96.66,96.84,55970,0,96.85,10年期国债期货,CFFEX,T0
2017-03-31,99.16,99.38,99.04,99.24,8194,0,99.205,5年期国债期货,CFFEX,TF0
2017-04-05,97.01,97.225,96.325,96.54,55792,0,0.0,10年期国债期货,CFFEX,T0
2017-04-05,99.3,99.42,98.955,99.055,9270,0,0.0,5年期国债期货,CFFEX,TF0
2017-04-06,96.495,96.82,96.435,96.81,45997,0,0.0,10年期国债期货,CFFEX,T0
2017-04-06,99.08,99.18,98.99,99.145,6982,0,0.0,5年期国债期货,CFFEX,TF0
2017-04-07,96.825,97.165,96.815,97.16,58611,0,97.06,10年期国债期货,CFFEX,T0
2017-04-07,99.135,99.325,99.135,99.265,7608,0,99.24,5年期国债期货,CFFEX,TF0
2017-04-10,97.095,97.12,96.735,96.835,48719,0,0.0,10年期国债期货,CFFEX,T0
2017-04-10,99.245,99.25,99.045,99.11,7293,0,0.0,5年期国债期货,CFFEX,TF0
2017-04-11,96.775,97.0,96.62,96.935,49011,0,0.0,10年期国债期货,CFFEX,T0
2017-04-11,99.07,99.21,99.005,99.15,5707,0,0.0,5年期国债期货,CFFEX,TF0
2017-04-12,97.055,97.18,96.725,96.77,45579,0,0.0,10年期国债期货,CFFEX,T0
2017-04-12,99.265,99.285,98.965,99.0,10120,0,0.0,5年期国债期货,CFFEX,TF0
2017-04-13,96.91,97.075,96.58,96.905,54506,0,0.0,10年期国债期货,CFFEX,T0
2017-04-13,99.0,99.165,98.85,99.05,9730,0,0.0,5年期国债期货,CFFEX,TF0
2017-04-14,96.9,97.0,96.46,96.49,45223,0,0.0,10年期国债期货,CFFEX,T0
2017-04-14,99.05,99.1,98.795,98.815,7758,0,0.0,5年期国债期货,CFFEX,TF0
2017-04-17,96.37,96.58,96.025,96.065,58016,0,0.0,10年期国债期货,CFFEX,T0
2017-04-17,98.755,98.865,98.52,98.555,9575,0,0.0,5年期国债期货,CFFEX,TF0
2017-04-18,95.945,96.255,95.845,96.15,49868,0,0.0,10年期国债期货,CFFEX,T0
2017-04-18,98.49,98.64,98.4,98.57,8084,0,0.0,5年期国债期货,CFFEX,TF0
2017-04-19,96.27,96.37,96.07,96.275,45194,0,0.0,10年期国债期货,CFFEX,T0
2017-04-19,98.63,98.77,98.57,98.67,8151,0,0.0,5年期国债期货,CFFEX,TF0
2017-04-20,96.15,96.35,95.96,96.225,44695,0,0.0,10年期国债期货,CFFEX,T0
2017-04-20,98.61,98.72,98.53,98.655,8135,0,0.0,5年期国债期货,CFFEX,TF0
2017-04-21,96.1,96.24,95.725,95.835,49903,0,0.0,10年期国债期货,CFFEX,T0
2017-04-21,98.61,98.67,98.365,98.41,8647,0,0.0,5年期国债期货,CFFEX,TF0
2017-04-24,95.69,95.78,95.27,95.39,53953,0,0.0,10年期国债期货,CFFEX,T0
2017-04-24,98.39,98.39,98.03,98.14,10477,0,0.0,5年期国债期货,CFFEX,TF0
2017-04-25,95.39,95.96,95.385,95.88,52088,0,0.0,10年期国债期货,CFFEX,T0
2017-04-25,98.14,98.45,98.13,98.385,10056,0,0.0,5年期国债期货,CFFEX,TF0
2017-04-26,95.795,96.08,95.755,95.93,48499,0,0.0,10年期国债期货,CFFEX,T0
2017-04-26,98.31,98.48,98.305,98.42,8948,0,0.0,5年期国债期货,CFFEX,TF0
2017-04-27,95.95,96.25,95.825,96.095,49323,0,0.0,10年期国债期货,CFFEX,T0
2017-04-27,98.425,98.535,98.325,98.405,8767,0,0.0,5年期国债期货,CFFEX,TF0
2017-04-28,96.045,96.105,95.795,95.91,42757,0,95.885,10年期国债期货,CFFEX,T0
2017-04-28,98.385,98.415,98.24,98.305,6643,0,98.28,5年期国债期货,CFFEX,TF0
2017-05-02,95.9,96.13,95.67,95.775,45897,0,0.0,10年期国债期货,CFFEX,T0
2017-05-02,98.3,98.43,98.165,98.26,8920,0,0.0,5年期国债期货,CFFEX,TF0
2017-05-03,95.655,95.775,95.33,95.665,49962,0,0.0,10年期国债期货,CFFEX,T0
2017-05-03,98.215,98.26,98.005,98.155,8355,0,0.0,5年期国债期货,CFFEX,TF0
2017-05-04,95.64,95.78,95.18,95.18,51021,0,0.0,10年期国债期货,CFFEX,T0
2017-05-04,98.175,98.27,97.755,97.765,11065,0,0.0,5年期国债期货,CFFEX,TF0
2017-05-05,95.22,95.36,95.065,95.235,43937,0,0.0,10年期国债期货,CFFEX,T0
2017-05-05,97.78,97.835,97.635,97.715,7471,0,0.0,5年期国债期货,CFFEX,TF0
2017-05-08,95.2,95.325,94.79,94.84,37729,0,0.0,10年期国债期货,CFFEX,T0
2017-05-08,97.68,97.77,97.41,97.465,9158,0,0.0,5年期国债期货,CFFEX,TF0
2017-05-09,94.755,95.075,94.66,94.7,39396,0,0.0,10年期国债期货,CFFEX,T0
2017-05-09,97.45,97.555,97.35,97.375,10663,0,0.0,5年期国债期货,CFFEX,TF0
2017-05-10,94.79,94.94,94.105,94.255,40789,0,94.19,10年期国债期货,CFFEX,T0
2017-05-10,97.32,97.485,96.875,96.97,15901,0,96.95,5年期国债期货,CFFEX,TF0
2017-05-11,93.785,94.41,93.62,94.315,60856,0,0.0,10年期国债期货,CFFEX,T0
2017-05-11,96.97,97.28,96.925,97.2,12932,0,0.0,5年期国债期货,CFFEX,TF0
2017-05-12,94.3,94.64,93.97,93.995,65956,0,0.0,10年期国债期货,CFFEX,T0
2017-05-12,97.38,97.54,97.06,97.095,18131,0,0.0,5年期国债期货,CFFEX,TF0
2017-05-15,94.3,94.75,94.28,94.515,65247,0,0.0,10年期国债期货,CFFEX,T0
2017-05-15,97.3,98.285,97.285,97.39,15694,0,0.0,5年期国债期货,CFFEX,TF0
2017-05-16,94.455,94.505,94.15,94.325,56179,0,0.0,10年期国债期货,CFFEX,T0
2017-05-16,97.37,97.435,97.2,97.345,11662,0,0.0,5年期国债期货,CFFEX,TF0
2017-05-17,94.36,94.525,94.065,94.445,64620,0,0.0,10年期国债期货,CFFEX,T0
2017-05-17,97.275,97.395,97.125,97.29,16285,0,0.0,5年期国债期货,CFFEX,TF0
2017-05-18,94.68,94.875,94.5,94.705,67671,0,0.0,10年期国债期货,CFFEX,T0
2017-05-18,97.36,97.475,97.31,97.355,11551,0,0.0,5年期国债期货,CFFEX,TF0
2017-05-19,94.65,94.755,94.38,94.66,66374,0,0.0,10年期国债期货,CFFEX,T0
2017-05-19,97.345,97.38,97.1,97.265,15125,0,0.0,5年期国债期货,CFFEX,TF0
2017-05-22,94.52,94.595,94.085,94.085,60470,0,0.0,10年期国债期货,CFFEX,T0
2017-05-22,97.19,97.21,96.88,96.895,11881,0,0.0,5年期国债期货,CFFEX,TF0
2017-05-23,94.08,94.335,94.025,94.065,54121,0,0.0,10年期国债期货,CFFEX,T0
2017-05-23,96.895,97.16,96.85,97.06,12684,0,0.0,5年期国债期货,CFFEX,TF0
2017-05-24,94.065,94.41,93.915,94.305,64775,0,0.0,10年期国债期货,CFFEX,T0
2017-05-24,97.055,97.355,96.99,97.255,15124,0,0.0,5年期国债期货,CFFEX,TF0
2017-05-25,94.4,94.535,94.21,94.395,54373,0,0.0,10年期国债期货,CFFEX,T0
2017-05-25,97.33,97.35,97.19,97.295,9244,0,0.0,5年期国债期货,CFFEX,TF0
2017-05-26,94.305,94.35,94.105,94.3,45340,0,94.27,10年期国债期货,CFFEX,T0
2017-05-26,97.245,97.275,97.125,97.22,6373,0,97.22,5年期国债期货,CFFEX,TF0
2017-05-31,94.42,94.74,94.39,94.71,44116,0,0.0,10年期国债期货,CFFEX,T0
2017-05-31,97.155,97.575,97.155,97.54,9771,0,0.0,5年期国债期货,CFFEX,TF0
2017-06-01,94.6,94.85,94.505,94.81,47424,0,0.0,10年期国债期货,CFFEX,T0
2017-06-01,97.5,97.72,97.44,97.7,9517,0,0.0,5年期国债期货,CFFEX,TF0
2017-06-02,94.79,94.85,94.575,94.78,45473,0,0.0,10年期国债期货,CFFEX,T0
2017-06-02,97.7,97.7,97.5,97.66,6428,0,0.0,5年期国债期货,CFFEX,TF0
2017-06-05,94.785,95.18,94.785,95.01,46525,0,0.0,10年期国债期货,CFFEX,T0
2017-06-05,97.68,97.865,97.655,97.785,9341,0,0.0,5年期国债期货,CFFEX,TF0
2017-06-06,94.995,95.11,94.765,94.835,47613,0,0.0,10年期国债期货,CFFEX,T0
2017-06-06,97.785,97.835,97.645,97.69,7082,0,0.0,5年期国债期货,CFFEX,TF0
2017-06-07,94.73,95.01,94.49,94.94,75352,0,0.0,10年期国债期货,CFFEX,T0
2017-06-07,97.64,97.665,97.41,97.63,13681,0,0.0,5年期国债期货,CFFEX,TF0
2017-06-08,94.94,95.03,94.78,94.86,45876,0,0.0,10年期国债期货,CFFEX,T0
2017-06-08,97.66,97.69,97.455,97.51,10457,0,0.0,5年期国债期货,CFFEX,TF0
2017-06-09,94.87,95.11,94.8,94.955,45807,0,0.0,10年期国债期货,CFFEX,T0
2017-06-09,97.55,97.645,97.455,97.575,7865,0,0.0,5年期国债期货,CFFEX,TF0
2017-06-12,95.05,95.45,95.05,95.34,47067,0,0.0,10年期国债期货,CFFEX,T0
2017-06-12,97.625,97.885,97.625,97.81,9920,0,0.0,5年期国债期货,CFFEX,TF0
2017-06-13,95.58,95.645,95.335,95.435,42871,0,0.0,10年期国债期货,CFFEX,T0
2017-06-13,97.95,98.025,97.79,97.83,8928,0,0.0,5年期国债期货,CFFEX,TF0
2017-06-14,95.35,95.625,95.27,95.525,46119,0,0.0,10年期国债期货,CFFEX,T0
2017-06-14,97.75,98.06,97.72,97.94,20264,0,0.0,5年期国债期货,CFFEX,TF0
2017-06-15,95.65,95.86,95.305,95.43,61794,0,95.395,10年期国债期货,CFFEX,T0
2017-06-15,97.9,98.14,97.825,97.92,14293,0,97.89,5年期国债期货,CFFEX,TF0
2017-06-16,95.33,95.46,95.2,95.345,44074,0,0.0,10年期国债期货,CFFEX,T0
2017-06-16,97.855,97.935,97.79,97.88,8232,0,0.0,5年期国债期货,CFFEX,TF0
2017-06-19,95.46,95.985,95.46,95.93,48991,0,0.0,10年期国债期货,CFFEX,T0
2017-06-19,97.94,98.29,97.94,98.235,13310,0,0.0,5年期国债期货,CFFEX,TF0
2017-06-20,96.065,96.095,95.765,95.835,47822,0,0.0,10年期国债期货,CFFEX,T0
2017-06-20,98.28,98.34,98.155,98.22,11134,0,0.0,5年期国债期货,CFFEX,TF0
2017-06-21,95.8,95.9,95.44,95.485,56934,0,0.0,10年期国债期货,CFFEX,T0
2017-06-21,98.22,98.285,97.965,98.035,14375,0,0.0,5年期国债期货,CFFEX,TF0
2017-06-22,95.445,95.525,95.205,95.225,60833,0,0.0,10年期国债期货,CFFEX,T0
2017-06-22,98.02,98.04,97.78,97.845,14065,0,0.0,5年期国债期货,CFFEX,TF0
2017-06-23,95.28,95.505,95.27,95.42,44345,0,0.0,10年期国债期货,CFFEX,T0
2017-06-23,97.865,98.025,97.865,97.99,9252,0,0.0,5年期国债期货,CFFEX,TF0
2017-06-26,95.49,95.79,95.425,95.75,46936,0,0.0,10年期国债期货,CFFEX,T0
2017-06-26,98.02,98.23,97.985,98.19,11294,0,0.0,5年期国债期货,CFFEX,TF0
2017-06-27,95.8,95.93,95.645,95.705,42363,0,0.0,10年期国债期货,CFFEX,T0
2017-06-27,98.225,98.275,98.07,98.175,9709,0,0.0,5年期国债期货,CFFEX,TF0
2017-06-28,95.6,95.8,95.55,95.585,43551,0,0.0,10年期国债期货,CFFEX,T0
2017-06-28,98.115,98.23,98.065,98.135,10289,0,0.0,5年期国债期货,CFFEX,TF0
2017-06-29,95.52,95.69,95.35,95.415,49394,0,0.0,10年期国债期货,CFFEX,T0
2017-06-29,98.12,98.17,98.015,98.09,11875,0,0.0,5年期国债期货,CFFEX,TF0
2017-06-30,95.3,95.33,95.14,95.275,51518,0,0.0,10年期国债期货,CFFEX,T0
2017-06-30,98.0,98.025,97.92,97.99,10328,0,0.0,5年期国债期货,CFFEX,TF0
2017-07-03,95.31,95.39,94.9,94.9,49337,0,0.0,10年期国债期货,CFFEX,T0
2017-07-03,98.01,98.05,97.78,97.78,9365,0,0.0,5年期国债期货,CFFEX,TF0
2017-07-04,94.85,95.065,94.85,94.995,39771,0,0.0,10年期国债期货,CFFEX,T0
2017-07-04,97.755,97.865,97.725,97.84,6945,0,0.0,5年期国债期货,CFFEX,TF0
2017-07-05,94.92,95.265,94.905,95.235,48825,0,0.0,10年期国债期货,CFFEX,T0
2017-07-05,97.8,97.97,97.785,97.95,8642,0,0.0,5年期国债期货,CFFEX,TF0
2017-07-06,95.295,95.465,95.23,95.35,43286,0,0.0,10年期国债期货,CFFEX,T0
2017-07-06,98.0,98.12,97.95,98.07,8866,0,0.0,5年期国债期货,CFFEX,TF0
2017-07-07,95.25,95.435,95.105,95.115,49234,0,0.0,10年期国债期货,CFFEX,T0
2017-07-07,98.02,98.17,97.965,97.965,11850,0,0.0,5年期国债期货,CFFEX,TF0
2017-07-10,95.15,95.3,95.05,95.095,39517,0,0.0,10年期国债期货,CFFEX,T0
2017-07-10,97.99,98.06,97.895,97.9,10920,0,0.0,5年期国债期货,CFFEX,TF0
2017-07-11,95.075,95.35,95.06,95.19,45964,0,0.0,10年期国债期货,CFFEX,T0
2017-07-11,97.9,98.0,97.87,97.9,9802,0,0.0,5年期国债期货,CFFEX,TF0
2017-07-12,95.28,95.48,95.19,95.27,49165,0,0.0,10年期国债期货,CFFEX,T0
2017-07-12,97.955,98.065,97.84,97.89,14933,0,0.0,5年期国债期货,CFFEX,TF0
2017-07-13,95.375,95.575,95.31,95.405,47810,0,0.0,10年期国债期货,CFFEX,T0
2017-07-13,97.93,98.05,97.88,97.94,12407,0,0.0,5年期国债期货,CFFEX,TF0
2017-07-14,95.35,95.4,95.25,95.395,30873,0,0.0,10年期国债期货,CFFEX,T0
2017-07-14,97.9,97.925,97.78,97.87,12516,0,0.0,5年期国债期货,CFFEX,TF0
2017-07-17,95.44,95.66,95.35,95.41,45520,0,0.0,10年期国债期货,CFFEX,T0
2017-07-17,97.89,97.97,97.775,97.795,12769,0,0.0,5年期国债期货,CFFEX,TF0
2017-07-18,95.3,95.3,95.03,95.135,42281,0,0.0,10年期国债期货,CFFEX,T0
2017-07-18,97.76,97.76,97.57,97.665,14751,0,0.0,5年期国债期货,CFFEX,TF0
2017-07-19,95.2,95.28,95.07,95.1,40537,0,0.0,10年期国债期货,CFFEX,T0
2017-07-19,97.67,97.755,97.645,97.645,9958,0,0.0,5年期国债期货,CFFEX,TF0
2017-07-20,95.18,95.375,95.165,95.34,34370,0,0.0,10年期国债期货,CFFEX,T0
2017-07-20,97.66,97.825,97.66,97.8,7132,0,0.0,5年期国债期货,CFFEX,TF0
2017-07-21,95.38,95.44,95.195,95.22,30053,0,0.0,10年期国债期货,CFFEX,T0
2017-07-21,97.82,97.85,97.69,97.73,6080,0,0.0,5年期国债期货,CFFEX,TF0
2017-07-24,95.255,95.355,95.225,95.335,26075,0,0.0,10年期国债期货,CFFEX,T0
2017-07-24,97.73,97.815,97.715,97.79,5582,0,0.0,5年期国债期货,CFFEX,TF0
2017-07-25,95.335,95.385,95.085,95.12,35911,0,0.0,10年期国债期货,CFFEX,T0
2017-07-25,97.79,97.8,97.625,97.64,7773,0,0.0,5年期国债期货,CFFEX,TF0
2017-07-26,95.01,95.09,94.85,94.85,34048,0,0.0,10年期国债期货,CFFEX,T0
2017-07-26,97.63,97.67,97.495,97.525,7748,0,0.0,5年期国债期货,CFFEX,TF0
2017-07-27,94.95,95.09,94.755,95.05,48243,0,0.0,10年期国债期货,CFFEX,T0
2017-07-27,97.535,97.605,97.4,97.53,10691,0,0.0,5年期国债期货,CFFEX,TF0
2017-07-28,95.04,95.07,94.905,94.96,24772,0,0.0,10年期国债期货,CFFEX,T0
2017-07-28,97.51,97.55,97.435,97.455,7878,0,0.0,5年期国债期货,CFFEX,TF0
2017-07-31,94.98,94.98,94.66,94.685,34672,0,0.0,10年期国债期货,CFFEX,T0
2017-07-31,97.43,97.485,97.3,97.34,9463,0,0.0,5年期国债期货,CFFEX,TF0
2017-08-01,94.665,94.77,94.5,94.55,37342,0,0.0,10年期国债期货,CFFEX,T0
2017-08-01,97.315,97.35,97.16,97.215,12872,0,0.0,5年期国债期货,CFFEX,TF0
2017-08-02,94.685,94.77,94.585,94.645,33191,0,0.0,10年期国债期货,CFFEX,T0
2017-08-02,97.245,97.35,97.23,97.255,10054,0,0.0,5年期国债期货,CFFEX,TF0
2017-08-03,94.645,94.79,94.56,94.72,33168,0,0.0,10年期国债期货,CFFEX,T0
2017-08-03,97.26,97.33,97.225,97.29,10078,0,0.0,5年期国债期货,CFFEX,TF0
2017-08-04,94.75,94.875,94.68,94.74,29973,0,0.0,10年期国债期货,CFFEX,T0
2017-08-04,97.285,97.425,97.285,97.34,9034,0,0.0,5年期国债期货,CFFEX,TF0
2017-08-07,94.6,94.64,94.355,94.385,30420,0,0.0,10年期国债期货,CFFEX,T0
2017-08-07,97.305,97.305,97.13,97.15,10095,0,0.0,5年期国债期货,CFFEX,TF0
2017-08-08,94.325,94.575,94.325,94.455,27606,0,0.0,10年期国债期货,CFFEX,T0
2017-08-08,97.12,97.245,97.105,97.15,8622,0,0.0,5年期国债期货,CFFEX,TF0
2017-08-09,94.415,94.565,94.4,94.505,18986,0,0.0,10年期国债期货,CFFEX,T0
2017-08-09,97.235,97.255,97.015,97.05,11300,0,0.0,5年期国债期货,CFFEX,TF0
2017-08-10,94.41,94.555,94.405,94.49,31123,0,0.0,10年期国债期货,CFFEX,T0
2017-08-10,97.08,97.16,97.07,97.16,7968,0,0.0,5年期国债期货,CFFEX,TF0
2017-08-11,94.61,94.76,94.61,94.65,29224,0,0.0,10年期国债期货,CFFEX,T0
2017-08-11,97.22,97.39,97.215,97.295,7313,0,0.0,5年期国债期货,CFFEX,TF0
2017-08-14,94.64,94.96,94.52,94.95,41076,0,0.0,10年期国债期货,CFFEX,T0
2017-08-14,97.45,97.65,97.41,97.625,11631,0,0.0,5年期国债期货,CFFEX,TF0
2017-08-15,95.04,95.085,94.905,94.975,31551,0,0.0,10年期国债期货,CFFEX,T0
2017-08-15,97.66,97.715,97.565,97.615,10186,0,0.0,5年期国债期货,CFFEX,TF0
2017-08-16,94.88,94.97,94.84,94.945,28872,0,0.0,10年期国债期货,CFFEX,T0
2017-08-16,97.57,97.615,97.52,97.545,6749,0,0.0,5年期国债期货,CFFEX,TF0
2017-08-17,94.98,94.985,94.8,94.955,28689,0,0.0,10年期国债期货,CFFEX,T0
2017-08-17,97.545,97.57,97.47,97.535,6243,0,0.0,5年期国债期货,CFFEX,TF0
2017-08-18,95.015,95.11,94.905,94.92,30682,0,0.0,10年期国债期货,CFFEX,T0
2017-08-18,97.555,97.645,97.53,97.535,7225,0,0.0,5年期国债期货,CFFEX,TF0
2017-08-21,94.86,94.89,94.73,94.825,26797,0,0.0,10年期国债期货,CFFEX,T0
2017-08-21,97.495,97.525,97.435,97.495,6897,0,0.0,5年期国债期货,CFFEX,TF0
2017-08-22,94.825,94.87,94.64,94.815,34500,0,0.0,10年期国债期货,CFFEX,T0
2017-08-22,97.49,97.52,97.41,97.505,8524,0,0.0,5年期国债期货,CFFEX,TF0
2017-08-23,94.85,94.95,94.735,94.74,32640,0,0.0,10年期国债期货,CFFEX,T0
2017-08-23,97.525,97.645,97.5,97.53,11330,0,0.0,5年期国债期货,CFFEX,TF0
2017-08-24,94.77,94.785,94.585,94.695,32232,0,0.0,10年期国债期货,CFFEX,T0
2017-08-24,97.53,97.58,97.435,97.49,9579,0,0.0,5年期国债期货,CFFEX,TF0
2017-08-25,94.64,94.735,94.575,94.61,24391,0,0.0,10年期国债期货,CFFEX,T0
2017-08-25,97.465,97.515,97.425,97.43,5262,0,0.0,5年期国债期货,CFFEX,TF0
2017-08-28,94.635,94.67,94.505,94.505,27437,0,0.0,10年期国债期货,CFFEX,T0
2017-08-28,97.42,97.47,97.35,97.355,7314,0,0.0,5年期国债期货,CFFEX,TF0
2017-08-29,94.46,94.695,94.42,94.68,28107,0,0.0,10年期国债期货,CFFEX,T0
2017-08-29,97.35,97.485,97.32,97.455,8007,0,0.0,5年期国债期货,CFFEX,TF0
2017-08-30,94.65,94.78,94.575,94.77,30471,0,0.0,10年期国债期货,CFFEX,T0
2017-08-30,97.46,97.515,97.385,97.505,7269,0,0.0,5年期国债期货,CFFEX,TF0
2017-08-31,94.71,94.87,94.705,94.85,27128,0,0.0,10年期国债期货,CFFEX,T0
2017-08-31,97.49,97.55,97.455,97.55,6187,0,0.0,5年期国债期货,CFFEX,TF0
2017-09-01,94.8,94.85,94.725,94.725,20612,0,0.0,10年期国债期货,CFFEX,T0
2017-09-01,97.54,97.55,97.49,97.495,5586,0,0.0,5年期国债期货,CFFEX,TF0
2017-09-04,94.68,94.805,94.625,94.695,25078,0,0.0,10年期国债期货,CFFEX,T0
2017-09-04,97.49,97.53,97.46,97.48,4919,0,0.0,5年期国债期货,CFFEX,TF0
2017-09-05,94.67,94.68,94.495,94.495,32628,0,0.0,10年期国债期货,CFFEX,T0
2017-09-05,97.47,97.47,97.34,97.34,7308,0,0.0,5年期国债期货,CFFEX,TF0
2017-09-06,94.57,94.74,94.55,94.71,32073,0,0.0,10年期国债期货,CFFEX,T0
2017-09-06,97.35,97.485,97.35,97.475,7091,0,0.0,5年期国债期货,CFFEX,TF0
2017-09-07,94.715,95.01,94.695,94.995,35339,0,0.0,10年期国债期货,CFFEX,T0
2017-09-07,97.46,97.655,97.45,97.64,9066,0,0.0,5年期国债期货,CFFEX,TF0
2017-09-08,95.13,95.26,95.03,95.155,38237,0,0.0,10年期国债期货,CFFEX,T0
2017-09-08,97.67,97.85,97.635,97.73,12274,0,0.0,5年期国债期货,CFFEX,TF0
2017-09-11,95.125,95.195,95.045,95.045,26565,0,0.0,10年期国债期货,CFFEX,T0
2017-09-11,97.7,97.765,97.62,97.625,8032,0,0.0,5年期国债期货,CFFEX,TF0
2017-09-12,95.0,95.225,94.955,95.13,34371,0,0.0,10年期国债期货,CFFEX,T0
2017-09-12,97.615,97.73,97.57,97.665,10602,0,0.0,5年期国债期货,CFFEX,TF0
2017-09-13,95.12,95.16,94.98,94.995,29465,0,0.0,10年期国债期货,CFFEX,T0
2017-09-13,97.62,97.68,97.505,97.54,15095,0,0.0,5年期国债期货,CFFEX,TF0
2017-09-14,95.0,95.405,94.99,95.39,46483,0,0.0,10年期国债期货,CFFEX,T0
2017-09-14,97.56,97.775,97.53,97.73,13350,0,0.0,5年期国债期货,CFFEX,TF0
2017-09-15,95.4,95.465,95.285,95.355,29439,0,0.0,10年期国债期货,CFFEX,T0
2017-09-15,97.73,97.755,97.65,97.69,8543,0,0.0,5年期国债期货,CFFEX,TF0
2017-09-18,95.38,95.395,95.05,95.08,36782,0,0.0,10年期国债期货,CFFEX,T0
2017-09-18,97.67,97.715,97.48,97.495,18684,0,0.0,5年期国债期货,CFFEX,TF0
2017-09-19,95.075,95.22,95.065,95.185,24753,0,0.0,10年期国债期货,CFFEX,T0
2017-09-19,97.495,97.615,97.495,97.6,10139,0,0.0,5年期国债期货,CFFEX,TF0
2017-09-20,95.22,95.23,95.05,95.12,27744,0,0.0,10年期国债期货,CFFEX,T0
2017-09-20,97.58,97.6,97.49,97.52,9785,0,0.0,5年期国债期货,CFFEX,TF0
2017-09-21,95.075,95.2,94.77,94.97,35365,0,0.0,10年期国债期货,CFFEX,T0
2017-09-21,97.485,97.56,97.34,97.45,9179,0,0.0,5年期国债期货,CFFEX,TF0
2017-09-22,94.985,95.14,94.985,95.115,22040,0,0.0,10年期国债期货,CFFEX,T0
2017-09-22,97.47,97.58,97.46,97.555,7679,0,0.0,5年期国债期货,CFFEX,TF0
2017-09-25,95.18,95.335,95.17,95.23,27234,0,0.0,10年期国债期货,CFFEX,T0
2017-09-25,97.61,97.69,97.575,97.64,7796,0,0.0,5年期国债期货,CFFEX,TF0
2017-09-26,95.21,95.26,95.155,95.225,19052,0,0.0,10年期国债期货,CFFEX,T0
2017-09-26,97.63,97.67,97.59,97.645,4765,0,0.0,5年期国债期货,CFFEX,TF0
2017-09-27,95.18,95.18,95.07,95.16,24695,0,0.0,10年期国债期货,CFFEX,T0
2017-09-27,97.63,97.645,97.555,97.625,6583,0,0.0,5年期国债期货,CFFEX,TF0
2017-09-28,95.235,95.3,95.205,95.26,22633,0,0.0,10年期国债期货,CFFEX,T0
2017-09-28,97.665,97.725,97.635,97.72,9804,0,0.0,5年期国债期货,CFFEX,TF0
2017-09-29,95.3,95.33,95.14,95.19,19494,0,95.21,10年期国债期货,CFFEX,T0
2017-09-29,97.73,97.75,97.62,97.695,6926,0,97.695,5年期国债期货,CFFEX,TF0
2017-10-10,94.92,94.995,94.845,94.935,21234,0,0.0,10年期国债期货,CFFEX,T0
2017-10-10,97.47,97.52,97.435,97.44,6139,0,0.0,5年期国债期货,CFFEX,TF0
2017-10-11,94.925,94.985,94.83,94.885,23448,0,0.0,10年期国债期货,CFFEX,T0
2017-10-11,97.44,97.475,97.38,97.41,6257,0,0.0,5年期国债期货,CFFEX,TF0
2017-10-12,94.89,94.95,94.605,94.615,31493,0,0.0,10年期国债期货,CFFEX,T0
2017-10-12,97.41,97.445,97.23,97.255,10427,0,0.0,5年期国债期货,CFFEX,TF0
2017-10-13,94.68,94.77,94.615,94.615,22901,0,0.0,10年期国债期货,CFFEX,T0
2017-10-13,97.27,97.34,97.235,97.25,7446,0,0.0,5年期国债期货,CFFEX,TF0
2017-10-16,94.43,94.44,94.26,94.315,31054,0,0.0,10年期国债期货,CFFEX,T0
2017-10-16,97.11,97.11,96.97,97.02,13281,0,0.0,5年期国债期货,CFFEX,TF0
2017-10-17,94.27,94.385,93.89,93.995,46056,0,0.0,10年期国债期货,CFFEX,T0
2017-10-17,97.0,97.045,96.71,96.79,13826,0,0.0,5年期国债期货,CFFEX,TF0
2017-10-18,94.14,94.17,93.865,94.04,41795,0,0.0,10年期国债期货,CFFEX,T0
2017-10-18,96.83,96.885,96.73,96.84,19413,0,0.0,5年期国债期货,CFFEX,TF0
2017-10-19,94.16,94.5,94.075,94.175,45421,0,0.0,10年期国债期货,CFFEX,T0
2017-10-19,96.91,97.2,96.88,96.985,13935,0,0.0,5年期国债期货,CFFEX,TF0
2017-10-20,94.15,94.315,94.07,94.08,32433,0,0.0,10年期国债期货,CFFEX,T0
2017-10-20,96.98,97.09,96.95,96.99,10704,0,0.0,5年期国债期货,CFFEX,TF0
2017-10-23,94.06,94.205,93.935,94.16,32747,0,0.0,10年期国债期货,CFFEX,T0
2017-10-23,96.94,97.035,96.85,97.02,10364,0,0.0,5年期国债期货,CFFEX,TF0
2017-10-24,94.155,94.22,94.06,94.145,20919,0,0.0,10年期国债期货,CFFEX,T0
2017-10-24,97.0,97.03,96.945,96.98,5281,0,0.0,5年期国债期货,CFFEX,TF0
2017-10-25,94.06,94.075,93.57,93.575,46180,0,0.0,10年期国债期货,CFFEX,T0
2017-10-25,96.95,96.95,96.63,96.65,12794,0,0.0,5年期国债期货,CFFEX,TF0
2017-10-26,93.62,93.78,93.32,93.77,51865,0,0.0,10年期国债期货,CFFEX,T0
2017-10-26,96.605,96.725,96.455,96.71,16538,0,0.0,5年期国债期货,CFFEX,TF0
2017-10-27,93.75,93.76,93.26,93.275,37233,0,0.0,10年期国债期货,CFFEX,T0
2017-10-27,96.71,96.725,96.35,96.355,11525,0,0.0,5年期国债期货,CFFEX,TF0
2017-10-30,93.07,93.085,92.23,92.56,81935,0,0.0,10年期国债期货,CFFEX,T0
2017-10-30,96.19,96.24,95.75,95.955,33434,0,0.0,5年期国债期货,CFFEX,TF0
2017-10-31,92.745,92.88,92.51,92.68,58772,0,0.0,10年期国债期货,CFFEX,T0
2017-10-31,96.03,96.13,95.935,96.065,16407,0,0.0,5年期国债期货,CFFEX,TF0
2017-11-01,92.725,93.085,92.71,92.935,51549,0,0.0,10年期国债期货,CFFEX,T0
2017-11-01,96.085,96.28,96.065,96.155,14584,0,0.0,5年期国债期货,CFFEX,TF0
2017-11-02,92.9,93.07,92.78,92.83,40290,0,0.0,10年期国债期货,CFFEX,T0
2017-11-02,96.14,96.23,96.06,96.07,12970,0,0.0,5年期国债期货,CFFEX,TF0
2017-11-03,92.805,92.985,92.645,92.905,45611,0,0.0,10年期国债期货,CFFEX,T0
2017-11-03,96.08,96.155,95.95,96.105,16282,0,0.0,5年期国债期货,CFFEX,TF0
2017-11-06,92.88,93.105,92.81,93.065,32679,0,0.0,10年期国债期货,CFFEX,T0
2017-11-06,96.1,96.19,96.035,96.17,11386,0,0.0,5年期国债期货,CFFEX,TF0
2017-11-07,93.03,93.06,92.575,92.7,43740,0,0.0,10年期国债期货,CFFEX,T0
2017-11-07,96.17,96.17,95.88,95.93,16941,0,0.0,5年期国债期货,CFFEX,TF0
2017-11-08,92.7,92.97,92.51,92.85,41189,0,0.0,10年期国债期货,CFFEX,T0
2017-11-08,95.925,96.15,95.825,96.05,17739,0,0.0,5年期国债期货,CFFEX,TF0
2017-11-09,92.855,92.99,92.685,92.735,25553,0,0.0,10年期国债期货,CFFEX,T0
2017-11-09,96.06,96.16,95.985,96.02,12990,0,0.0,5年期国债期货,CFFEX,TF0
2017-11-10,92.735,92.82,92.555,92.69,19422,0,0.0,10年期国债期货,CFFEX,T0
2017-11-10,96.02,96.08,95.91,95.99,10716,0,0.0,5年期国债期货,CFFEX,TF0
2017-11-13,92.75,92.75,92.085,92.125,49940,0,0.0,10年期国债期货,CFFEX,T0
2017-11-13,96.05,96.05,95.65,95.67,14064,0,0.0,5年期国债期货,CFFEX,TF0
2017-11-14,92.15,92.45,91.83,92.445,77340,0,0.0,10年期国债期货,CFFEX,T0
2017-11-14,95.67,95.9,95.57,95.89,14905,0,0.0,5年期国债期货,CFFEX,TF0
2017-11-15,92.485,92.59,92.31,92.43,51001,0,0.0,10年期国债期货,CFFEX,T0
2017-11-15,95.89,96.065,95.845,96.02,9780,0,0.0,5年期国债期货,CFFEX,TF0
2017-11-16,92.51,92.825,92.48,92.725,47756,0,0.0,10年期国债期货,CFFEX,T0
2017-11-16,96.35,96.495,96.32,96.435,15995,0,0.0,5年期国债期货,CFFEX,TF0
2017-11-17,92.695,92.795,92.56,92.695,35073,0,0.0,10年期国债期货,CFFEX,T0
2017-11-17,96.435,96.44,96.32,96.34,10468,0,0.0,5年期国债期货,CFFEX,TF0
2017-11-20,92.73,92.88,92.425,92.605,51677,0,0.0,10年期国债期货,CFFEX,T0
2017-11-20,96.32,96.415,96.19,96.35,12221,0,0.0,5年期国债期货,CFFEX,TF0
2017-11-21,92.45,92.65,92.22,92.555,67800,0,0.0,10年期国债期货,CFFEX,T0
2017-11-21,96.27,96.36,96.11,96.3,16581,0,0.0,5年期国债期货,CFFEX,TF0
2017-11-22,92.27,92.34,92.01,92.05,55862,0,0.0,10年期国债期货,CFFEX,T0
2017-11-22,96.29,96.29,95.935,95.97,12511,0,0.0,5年期国债期货,CFFEX,TF0
2017-11-23,92.075,92.355,92.035,92.105,48063,0,0.0,10年期国债期货,CFFEX,T0
2017-11-23,96.01,96.12,95.97,96.0,9737,0,0.0,5年期国债期货,CFFEX,TF0
2017-11-24,92.305,92.55,92.22,92.48,44399,0,0.0,10年期国债期货,CFFEX,T0
2017-11-24,96.1,96.23,96.065,96.19,6150,0,0.0,5年期国债期货,CFFEX,TF0
2017-11-27,92.565,92.605,92.35,92.42,36510,0,0.0,10年期国债期货,CFFEX,T0
2017-11-27,96.2,96.27,96.12,96.185,10900,0,0.0,5年期国债期货,CFFEX,TF0
2017-11-28,92.45,92.575,92.22,92.3,44992,0,0.0,10年期国债期货,CFFEX,T0
2017-11-28,96.175,96.32,96.11,96.14,11799,0,0.0,5年期国债期货,CFFEX,TF0
2017-11-29,92.29,93.03,92.21,92.975,53986,0,0.0,10年期国债期货,CFFEX,T0
2017-11-29,96.095,96.62,96.05,96.54,12796,0,0.0,5年期国债期货,CFFEX,TF0
2017-11-30,92.855,93.12,92.695,93.04,45815,0,0.0,10年期国债期货,CFFEX,T0
2017-11-30,96.49,96.64,96.375,96.58,10598,0,0.0,5年期国债期货,CFFEX,TF0
2017-12-01,92.91,93.195,92.845,92.98,52469,0,0.0,10年期国债期货,CFFEX,T0
2017-12-01,96.545,96.68,96.455,96.545,9240,0,0.0,5年期国债期货,CFFEX,TF0
2017-12-04,92.945,93.1,92.7,92.99,44809,0,0.0,10年期国债期货,CFFEX,T0
2017-12-04,96.515,96.615,96.4,96.52,8840,0,0.0,5年期国债期货,CFFEX,TF0
2017-12-05,93.13,93.27,92.81,92.95,55371,0,0.0,10年期国债期货,CFFEX,T0
2017-12-05,96.58,96.7,96.445,96.52,14019,0,0.0,5年期国债期货,CFFEX,TF0
2017-12-06,92.97,93.11,92.745,92.985,43523,0,0.0,10年期国债期货,CFFEX,T0
2017-12-06,96.55,96.595,96.43,96.535,10265,0,0.0,5年期国债期货,CFFEX,TF0
2017-12-07,93.04,93.085,92.81,92.89,36200,0,0.0,10年期国债期货,CFFEX,T0
2017-12-07,96.58,96.595,96.42,96.44,10201,0,0.0,5年期国债期货,CFFEX,TF0
2017-12-08,92.95,92.965,92.63,92.675,40358,0,0.0,10年期国债期货,CFFEX,T0
2017-12-08,96.49,96.49,96.25,96.345,12205,0,0.0,5年期国债期货,CFFEX,TF0
2017-12-11,92.67,92.715,92.375,92.48,50294,0,0.0,10年期国债期货,CFFEX,T0
2017-12-11,96.31,96.35,96.155,96.2,9293,0,0.0,5年期国债期货,CFFEX,TF0
2017-12-12,92.34,92.555,92.265,92.395,42978,0,0.0,10年期国债期货,CFFEX,T0
2017-12-12,96.12,96.22,96.06,96.11,9707,0,0.0,5年期国债期货,CFFEX,TF0
2017-12-13,92.365,92.535,92.315,92.445,35122,0,0.0,10年期国债期货,CFFEX,T0
2017-12-13,96.09,96.225,96.075,96.165,10641,0,0.0,5年期国债期货,CFFEX,TF0
2017-12-14,92.6,92.755,92.55,92.63,39281,0,0.0,10年期国债期货,CFFEX,T0
2017-12-14,96.25,96.33,96.21,96.29,8082,0,0.0,5年期国债期货,CFFEX,TF0
2017-12-15,92.65,92.98,92.64,92.905,39611,0,0.0,10年期国债期货,CFFEX,T0
2017-12-15,96.29,96.51,96.29,96.435,11212,0,0.0,5年期国债期货,CFFEX,TF0
2017-12-18,92.985,93.12,92.78,92.86,31245,0,0.0,10年期国债期货,CFFEX,T0
2017-12-18,96.465,96.58,96.37,96.415,8375,0,0.0,5年期国债期货,CFFEX,TF0
2017-12-19,92.865,92.985,92.77,92.82,33751,0,0.0,10年期国债期货,CFFEX,T0
2017-12-19,96.425,96.49,96.36,96.395,6967,0,0.0,5年期国债期货,CFFEX,TF0
2017-12-20,92.75,92.905,92.705,92.875,31808,0,0.0,10年期国债期货,CFFEX,T0
2017-12-20,96.33,96.445,96.32,96.425,7681,0,0.0,5年期国债期货,CFFEX,TF0
2017-12-21,92.83,92.9,92.71,92.895,31143,0,0.0,10年期国债期货,CFFEX,T0
2017-12-21,96.39,96.455,96.34,96.45,6983,0,0.0,5年期国债期货,CFFEX,TF0
2017-12-22,92.905,93.235,92.87,93.22,37665,0,0.0,10年期国债期货,CFFEX,T0
2017-12-22,96.47,96.64,96.425,96.64,7729,0,0.0,5年期国债期货,CFFEX,TF0
2017-12-25,93.21,93.295,93.05,93.08,31172,0,0.0,10年期国债期货,CFFEX,T0
2017-12-25,96.6,96.675,96.54,96.57,7989,0,0.0,5年期国债期货,CFFEX,TF0
2017-12-26,93.095,93.135,92.915,92.94,29362,0,0.0,10年期国债期货,CFFEX,T0
2017-12-26,96.57,96.59,96.45,96.47,8052,0,0.0,5年期国债期货,CFFEX,TF0
2017-12-27,92.95,93.03,92.905,92.99,18054,0,92.985,10年期国债期货,CFFEX,T0
2017-12-27,96.47,96.505,96.43,96.49,4078,0,96.48,5年期国债期货,CFFEX,TF0
2017-12-28,93.035,93.25,93.005,93.09,22210,0,0.0,10年期国债期货,CFFEX,T0
2017-12-28,96.49,96.62,96.49,96.505,4450,0,0.0,5年期国债期货,CFFEX,TF0
2017-12-29,93.09,93.23,92.885,93.165,32403,0,93.175,10年期国债期货,CFFEX,T0
2017-12-29,96.505,96.645,96.38,96.605,9635,0,96.585,5年期国债期货,CFFEX,TF0
2018-01-02,93.17,93.2,92.63,92.64,40041,0,0.0,10年期国债期货,CFFEX,T0
2018-01-02,96.6,96.625,96.255,96.26,10554,0,0.0,5年期国债期货,CFFEX,TF0
2018-01-03,92.65,92.755,92.555,92.635,28411,0,0.0,10年期国债期货,CFFEX,T0
2018-01-03,96.265,96.35,96.25,96.29,9053,0,0.0,5年期国债期货,CFFEX,TF0
2018-01-04,92.48,92.545,92.27,92.465,29409,0,0.0,10年期国债期货,CFFEX,T0
2018-01-04,96.235,96.295,96.095,96.25,10370,0,0.0,5年期国债期货,CFFEX,TF0
2018-01-05,92.5,92.575,92.4,92.45,20664,0,0.0,10年期国债期货,CFFEX,T0
2018-01-05,96.25,96.305,96.21,96.26,5787,0,0.0,5年期国债期货,CFFEX,TF0
2018-01-08,92.505,92.69,92.35,92.655,30429,0,0.0,10年期国债期货,CFFEX,T0
2018-01-08,96.285,96.425,96.195,96.4,9121,0,0.0,5年期国债期货,CFFEX,TF0
2018-01-09,92.635,92.735,92.57,92.645,22677,0,0.0,10年期国债期货,CFFEX,T0
2018-01-09,96.4,96.46,96.355,96.41,7085,0,0.0,5年期国债期货,CFFEX,TF0
2018-01-10,92.48,92.615,92.34,92.34,35541,0,0.0,10年期国债期货,CFFEX,T0
2018-01-10,96.3,96.38,96.195,96.2,9812,0,0.0,5年期国债期货,CFFEX,TF0
2018-01-11,92.34,92.41,92.015,92.13,39029,0,0.0,10年期国债期货,CFFEX,T0
2018-01-11,96.2,96.24,95.985,96.045,12570,0,0.0,5年期国债期货,CFFEX,TF0
2018-01-12,92.16,92.325,92.14,92.275,22852,0,0.0,10年期国债期货,CFFEX,T0
2018-01-12,96.05,96.175,96.05,96.145,6210,0,0.0,5年期国债期货,CFFEX,TF0
2018-01-15,92.15,92.15,91.855,92.04,39065,0,0.0,10年期国债期货,CFFEX,T0
2018-01-15,96.135,96.135,95.885,96.005,10691,0,0.0,5年期国债期货,CFFEX,TF0
2018-01-16,92.1,92.175,91.92,91.97,25907,0,0.0,10年期国债期货,CFFEX,T0
2018-01-16,96.035,96.08,95.935,95.985,6747,0,0.0,5年期国债期货,CFFEX,TF0
2018-01-17,91.905,92.065,91.72,91.75,40029,0,0.0,10年期国债期货,CFFEX,T0
2018-01-17,95.97,96.015,95.805,95.84,14091,0,0.0,5年期国债期货,CFFEX,TF0
2018-01-18,91.7,91.74,91.475,91.495,38472,0,0.0,10年期国债期货,CFFEX,T0
2018-01-18,95.8,95.835,95.64,95.66,14051,0,0.0,5年期国债期货,CFFEX,TF0
2018-01-19,91.5,91.665,91.43,91.505,34971,0,0.0,10年期国债期货,CFFEX,T0
2018-01-19,95.645,95.76,95.57,95.635,12942,0,0.0,5年期国债期货,CFFEX,TF0
2018-01-22,91.52,91.82,91.43,91.79,33299,0,0.0,10年期国债期货,CFFEX,T0
2018-01-22,95.625,95.815,95.58,95.795,10199,0,0.0,5年期国债期货,CFFEX,TF0
2018-01-23,91.85,91.925,91.715,91.755,27618,0,0.0,10年期国债期货,CFFEX,T0
2018-01-23,95.85,95.905,95.785,95.81,9212,0,0.0,5年期国债期货,CFFEX,TF0
2018-01-24,91.805,91.95,91.7,91.77,31312,0,0.0,10年期国债期货,CFFEX,T0
2018-01-24,95.86,96.95,95.815,95.865,10636,0,0.0,5年期国债期货,CFFEX,TF0
2018-01-25,91.69,91.89,91.635,91.885,27857,0,0.0,10年期国债期货,CFFEX,T0
2018-01-25,95.74,95.965,95.705,95.955,8562,0,0.0,5年期国债期货,CFFEX,TF0
2018-01-26,91.945,91.975,91.83,91.905,30142,0,0.0,10年期国债期货,CFFEX,T0
2018-01-26,95.985,96.02,95.92,95.96,8278,0,0.0,5年期国债期货,CFFEX,TF0
2018-01-29,91.835,92.01,91.735,91.865,34080,0,0.0,10年期国债期货,CFFEX,T0
2018-01-29,95.95,96.03,95.87,95.945,8507,0,0.0,5年期国债期货,CFFEX,TF0
2018-01-30,91.85,91.885,91.76,91.785,27214,0,0.0,10年期国债期货,CFFEX,T0
2018-01-30,95.93,95.97,95.865,95.875,9074,0,0.0,5年期国债期货,CFFEX,TF0
2018-01-31,91.845,91.995,91.825,91.94,28355,0,0.0,10年期国债期货,CFFEX,T0
2018-01-31,95.915,95.965,95.865,95.915,8420,0,0.0,5年期国债期货,CFFEX,TF0
2018-02-01,91.94,92.195,91.89,92.13,30405,0,92.14,10年期国债期货,CFFEX,T0
2018-02-01,95.905,96.055,95.89,96.045,12326,0,96.03,5年期国债期货,CFFEX,TF0
2018-02-02,92.055,92.11,91.965,91.97,23987,0,0.0,10年期国债期货,CFFEX,T0
2018-02-02,96.025,96.025,95.94,95.95,7154,0,0.0,5年期国债期货,CFFEX,TF0
2018-02-05,91.95,92.0,91.67,91.755,28439,0,0.0,10年期国债期货,CFFEX,T0
2018-02-05,95.91,95.97,95.805,95.88,11175,0,0.0,5年期国债期货,CFFEX,TF0
2018-02-06,92.03,92.25,91.955,92.095,35934,0,0.0,10年期国债期货,CFFEX,T0
2018-02-06,96.01,96.105,95.975,96.03,12511,0,0.0,5年期国债期货,CFFEX,TF0
2018-02-07,91.955,92.1,91.92,92.09,21827,0,0.0,10年期国债期货,CFFEX,T0
2018-02-07,95.98,96.04,95.92,96.035,8508,0,0.0,5年期国债期货,CFFEX,TF0
2018-02-08,92.16,92.22,91.755,91.77,23964,0,91.91,10年期国债期货,CFFEX,T0
2018-02-08,96.07,96.11,95.855,95.885,10422,0,95.92,5年期国债期货,CFFEX,TF0
2018-02-09,91.77,92.095,91.725,92.05,26413,0,0.0,10年期国债期货,CFFEX,T0
2018-02-09,95.845,96.11,95.845,96.075,14664,0,0.0,5年期国债期货,CFFEX,TF0
2018-02-12,92.07,92.13,91.93,92.13,21443,0,0.0,10年期国债期货,CFFEX,T0
2018-02-12,96.1,96.56,96.005,96.185,8687,0,0.0,5年期国债期货,CFFEX,TF0
2018-02-13,92.125,92.2,92.0,92.02,16386,0,0.0,10年期国债期货,CFFEX,T0
2018-02-13,96.15,96.19,96.05,96.08,6903,0,0.0,5年期国债期货,CFFEX,TF0
2018-02-14,92.075,92.075,91.905,91.94,10893,0,91.95,10年期国债期货,CFFEX,T0
2018-02-14,96.11,96.13,96.0,96.05,2823,0,96.07,5年期国债期货,CFFEX,TF0
2018-02-22,91.815,91.83,91.645,91.7,18211,0,0.0,10年期国债期货,CFFEX,T0
2018-02-22,96.005,96.035,95.855,95.905,2485,0,0.0,5年期国债期货,CFFEX,TF0
2018-02-23,91.725,91.85,91.705,91.795,15358,0,0.0,10年期国债期货,CFFEX,T0
2018-02-23,95.88,95.95,95.88,95.935,4212,0,0.0,5年期国债期货,CFFEX,TF0
2018-02-26,91.845,92.39,91.81,92.305,33335,0,0.0,10年期国债期货,CFFEX,T0
2018-02-26,95.935,96.275,95.935,96.245,8051,0,0.0,5年期国债期货,CFFEX,TF0
2018-02-27,92.3,92.735,92.225,92.66,40368,0,0.0,10年期国债期货,CFFEX,T0
2018-02-27,96.29,96.475,96.19,96.425,10321,0,0.0,5年期国债期货,CFFEX,TF0
2018-02-28,92.58,92.78,92.56,92.645,29641,0,0.0,10年期国债期货,CFFEX,T0
2018-02-28,96.39,96.48,96.36,96.42,7223,0,0.0,5年期国债期货,CFFEX,TF0
2018-03-01,92.72,92.845,92.615,92.655,29054,0,0.0,10年期国债期货,CFFEX,T0
2018-03-01,96.445,96.535,96.41,96.435,7471,0,0.0,5年期国债期货,CFFEX,TF0
2018-03-02,92.69,92.7,92.575,92.635,21627,0,0.0,10年期国债期货,CFFEX,T0
2018-03-02,96.43,96.475,96.385,96.43,7243,0,0.0,5年期国债期货,CFFEX,TF0
2018-03-05,92.64,92.73,92.485,92.63,24608,0,0.0,10年期国债期货,CFFEX,T0
2018-03-05,96.425,96.485,96.31,96.405,6920,0,0.0,5年期国债期货,CFFEX,TF0
2018-03-06,92.625,92.99,92.575,92.99,37247,0,0.0,10年期国债期货,CFFEX,T0
2018-03-06,96.405,96.575,96.36,96.55,10669,0,0.0,5年期国债期货,CFFEX,TF0
2018-03-07,92.94,93.04,92.865,92.965,27364,0,0.0,10年期国债期货,CFFEX,T0
2018-03-07,96.55,96.58,96.485,96.55,7252,0,0.0,5年期国债期货,CFFEX,TF0
2018-03-08,93.13,93.15,92.875,92.94,26075,0,0.0,10年期国债期货,CFFEX,T0
2018-03-08,96.65,96.69,96.485,96.535,6977,0,0.0,5年期国债期货,CFFEX,TF0
2018-03-09,92.9,93.095,92.77,92.93,32605,0,0.0,10年期国债期货,CFFEX,T0
2018-03-09,96.51,96.61,96.455,96.545,7938,0,0.0,5年期国债期货,CFFEX,TF0
2018-03-12,92.99,93.07,92.89,93.01,21086,0,0.0,10年期国债期货,CFFEX,T0
2018-03-12,96.59,96.625,96.545,96.605,5349,0,0.0,5年期国债期货,CFFEX,TF0
2018-03-13,92.96,92.97,92.645,92.695,33870,0,0.0,10年期国债期货,CFFEX,T0
2018-03-13,96.605,96.605,96.43,96.445,6962,0,0.0,5年期国债期货,CFFEX,TF0
2018-03-14,92.835,92.84,92.555,92.67,34203,0,0.0,10年期国债期货,CFFEX,T0
2018-03-14,96.585,96.59,96.38,96.445,8215,0,0.0,5年期国债期货,CFFEX,TF0
2018-03-15,92.7,92.865,92.69,92.81,24868,0,0.0,10年期国债期货,CFFEX,T0
2018-03-15,96.445,96.52,96.435,96.495,4798,0,0.0,5年期国债期货,CFFEX,TF0
2018-03-16,92.82,92.975,92.79,92.83,27126,0,0.0,10年期国债期货,CFFEX,T0
2018-03-16,96.505,96.575,96.475,96.5,4692,0,0.0,5年期国债期货,CFFEX,TF0
2018-03-19,92.82,92.94,92.725,92.92,25039,0,0.0,10年期国债期货,CFFEX,T0
2018-03-19,96.48,96.545,96.445,96.54,4572,0,0.0,5年期国债期货,CFFEX,TF0
2018-03-20,92.9,93.25,92.87,93.225,38676,0,0.0,10年期国债期货,CFFEX,T0
2018-03-20,96.535,96.68,96.515,96.675,8695,0,0.0,5年期国债期货,CFFEX,TF0
2018-03-21,93.21,93.28,93.14,93.175,27989,0,0.0,10年期国债期货,CFFEX,T0
2018-03-21,96.675,96.71,96.635,96.66,6791,0,0.0,5年期国债期货,CFFEX,TF0
2018-03-22,93.25,93.475,93.11,93.395,40213,0,0.0,10年期国债期货,CFFEX,T0
2018-03-22,96.69,96.84,96.63,96.765,9504,0,0.0,5年期国债期货,CFFEX,TF0
2018-03-23,93.9,94.225,93.785,93.97,47675,0,0.0,10年期国债期货,CFFEX,T0
2018-03-23,97.005,97.23,96.95,97.05,12512,0,0.0,5年期国债期货,CFFEX,TF0
2018-03-26,93.85,93.89,93.72,93.8,25864,0,0.0,10年期国债期货,CFFEX,T0
2018-03-26,96.97,97.03,96.925,96.975,6860,0,0.0,5年期国债期货,CFFEX,TF0
2018-03-27,93.635,93.78,93.59,93.78,27651,0,0.0,10年期国债期货,CFFEX,T0
2018-03-27,96.87,96.965,96.86,96.96,6557,0,0.0,5年期国债期货,CFFEX,TF0
2018-03-28,93.97,94.05,93.745,93.75,27664,0,0.0,10年期国债期货,CFFEX,T0
2018-03-28,97.1,97.115,96.97,96.975,7033,0,0.0,5年期国债期货,CFFEX,TF0
2018-03-29,93.765,93.765,93.515,93.68,28717,0,0.0,10年期国债期货,CFFEX,T0
2018-03-29,96.97,96.995,96.87,96.96,6734,0,0.0,5年期国债期货,CFFEX,TF0
2018-03-30,93.68,93.9,93.565,93.635,26886,0,93.73,10年期国债期货,CFFEX,T0
2018-03-30,96.925,97.055,96.905,96.935,6944,0,96.97,5年期国债期货,CFFEX,TF0
2018-04-02,93.535,93.715,93.43,93.65,27826,0,0.0,10年期国债期货,CFFEX,T0
2018-04-02,96.97,96.97,96.775,96.91,6175,0,0.0,5年期国债期货,CFFEX,TF0
2018-04-03,93.77,93.805,93.365,93.47,36378,0,0.0,10年期国债期货,CFFEX,T0
2018-04-03,97.05,97.05,96.755,96.83,8283,0,0.0,5年期国债期货,CFFEX,TF0
2018-04-04,93.53,93.64,93.46,93.55,27093,0,93.58,10年期国债期货,CFFEX,T0
2018-04-04,96.88,96.89,96.795,96.845,5832,0,96.85,5年期国债期货,CFFEX,TF0
2018-04-09,93.7,93.93,93.625,93.81,31967,0,0.0,10年期国债期货,CFFEX,T0
2018-04-09,97.01,97.04,96.88,96.97,6661,0,0.0,5年期国债期货,CFFEX,TF0
2018-04-10,93.75,93.785,93.425,93.52,36523,0,0.0,10年期国债期货,CFFEX,T0
2018-04-10,96.945,96.955,96.775,96.795,6652,0,0.0,5年期国债期货,CFFEX,TF0
2018-04-11,93.4,93.765,93.305,93.74,41084,0,0.0,10年期国债期货,CFFEX,T0
2018-04-11,96.76,96.945,96.69,96.935,8685,0,0.0,5年期国债期货,CFFEX,TF0
2018-04-12,93.71,93.9,93.54,93.9,36336,0,0.0,10年期国债期货,CFFEX,T0
2018-04-12,96.93,97.035,96.84,97.035,7155,0,0.0,5年期国债期货,CFFEX,TF0
2018-04-13,93.765,93.945,93.66,93.88,43616,0,0.0,10年期国债期货,CFFEX,T0
2018-04-13,96.99,97.09,96.915,97.065,8319,0,0.0,5年期国债期货,CFFEX,TF0
2018-04-16,93.9,94.365,93.83,94.355,47199,0,0.0,10年期国债期货,CFFEX,T0
2018-04-16,97.125,97.36,97.035,97.35,11605,0,0.0,5年期国债期货,CFFEX,TF0
2018-04-17,94.37,94.43,94.19,94.34,36901,0,0.0,10年期国债期货,CFFEX,T0
2018-04-17,97.335,97.49,97.285,97.44,11339,0,0.0,5年期国债期货,CFFEX,TF0
2018-04-18,95.07,95.775,95.02,95.345,81675,0,0.0,10年期国债期货,CFFEX,T0
2018-04-18,98.09,98.315,97.88,98.04,20303,0,0.0,5年期国债期货,CFFEX,TF0
2018-04-19,95.2,95.28,94.94,95.12,45076,0,0.0,10年期国债期货,CFFEX,T0
2018-04-19,97.985,98.12,97.895,97.94,10705,0,0.0,5年期国债期货,CFFEX,TF0
2018-04-20,95.005,95.215,94.94,95.075,34191,0,0.0,10年期国债期货,CFFEX,T0
2018-04-20,97.895,98.025,97.855,97.95,6958,0,0.0,5年期国债期货,CFFEX,TF0
2018-04-23,95.01,95.02,94.71,94.805,34792,0,94.825,10年期国债期货,CFFEX,T0
2018-04-23,97.855,97.925,97.765,97.79,7436,0,97.815,5年期国债期货,CFFEX,TF0
2018-04-24,94.88,95.02,94.8,94.93,33461,0,0.0,10年期国债期货,CFFEX,T0
2018-04-24,97.88,97.98,97.82,97.93,7015,0,0.0,5年期国债期货,CFFEX,TF0
2018-04-25,94.9,94.93,94.55,94.575,34648,0,94.66,10年期国债期货,CFFEX,T0
2018-04-25,97.92,97.98,97.81,97.84,8952,0,97.885,5年期国债期货,CFFEX,TF0
2018-04-26,94.515,94.745,94.435,94.685,40552,0,0.0,10年期国债期货,CFFEX,T0
2018-04-26,97.845,97.945,97.785,97.92,9203,0,0.0,5年期国债期货,CFFEX,TF0
2018-04-27,94.66,94.775,94.49,94.5,31173,0,94.56,10年期国债期货,CFFEX,T0
2018-04-27,97.92,97.96,97.685,97.69,10951,0,97.735,5年期国债期货,CFFEX,TF0
2018-05-02,94.59,94.63,94.34,94.39,29883,0,0.0,10年期国债期货,CFFEX,T0
2018-05-02,97.67,97.775,97.515,97.565,8628,0,0.0,5年期国债期货,CFFEX,TF0
2018-05-03,94.45,94.68,94.45,94.59,30908,0,0.0,10年期国债期货,CFFEX,T0
2018-05-03,97.595,97.85,97.58,97.83,8097,0,0.0,5年期国债期货,CFFEX,TF0
2018-05-04,94.68,94.77,94.575,94.77,26336,0,0.0,10年期国债期货,CFFEX,T0
2018-05-04,97.855,97.98,97.79,97.975,7274,0,0.0,5年期国债期货,CFFEX,TF0
2018-05-07,94.79,94.8,94.395,94.405,29156,0,0.0,10年期国债期货,CFFEX,T0
2018-05-07,97.975,98.015,97.83,97.875,8778,0,0.0,5年期国债期货,CFFEX,TF0
2018-05-08,94.35,94.52,94.0,94.035,45335,0,0.0,10年期国债期货,CFFEX,T0
2018-05-08,97.9,98.085,97.73,97.77,15024,0,0.0,5年期国债期货,CFFEX,TF0
2018-05-09,93.945,94.03,93.87,93.885,29578,0,0.0,10年期国债期货,CFFEX,T0
2018-05-09,97.73,97.765,97.57,97.67,9631,0,0.0,5年期国债期货,CFFEX,TF0
2018-05-10,93.895,94.15,93.85,94.125,31200,0,0.0,10年期国债期货,CFFEX,T0
2018-05-10,97.655,97.835,97.635,97.83,7236,0,0.0,5年期国债期货,CFFEX,TF0
2018-05-11,94.21,94.3,94.05,94.1,32227,0,0.0,10年期国债期货,CFFEX,T0
2018-05-11,97.86,97.935,97.76,97.775,8008,0,0.0,5年期国债期货,CFFEX,TF0
2018-05-14,94.16,94.22,93.99,94.105,28138,0,0.0,10年期国债期货,CFFEX,T0
2018-05-14,97.81,97.845,97.725,97.77,6207,0,0.0,5年期国债期货,CFFEX,TF0
2018-05-15,93.945,94.095,93.74,94.04,34708,0,0.0,10年期国债期货,CFFEX,T0
2018-05-15,97.67,97.745,97.49,97.68,8226,0,0.0,5年期国债期货,CFFEX,TF0
2018-05-16,93.855,94.15,93.81,94.12,29990,0,0.0,10年期国债期货,CFFEX,T0
2018-05-16,97.57,97.76,97.52,97.69,7041,0,0.0,5年期国债期货,CFFEX,TF0
2018-05-17,94.155,94.18,93.855,93.915,22960,0,0.0,10年期国债期货,CFFEX,T0
2018-05-17,97.69,97.76,97.36,97.45,6655,0,0.0,5年期国债期货,CFFEX,TF0
2018-05-18,93.86,94.195,93.835,94.145,14734,0,0.0,10年期国债期货,CFFEX,T0
2018-05-18,97.365,97.47,97.245,97.36,4132,0,0.0,5年期国债期货,CFFEX,TF0
2018-05-21,94.01,94.36,93.995,94.3,27254,0,0.0,10年期国债期货,CFFEX,T0
2018-05-21,97.355,97.5,97.3,97.445,7655,0,0.0,5年期国债期货,CFFEX,TF0
2018-05-22,94.34,94.68,94.33,94.66,34173,0,0.0,10年期国债期货,CFFEX,T0
2018-05-22,97.445,97.64,97.445,97.615,6628,0,0.0,5年期国债期货,CFFEX,TF0
2018-05-23,94.675,94.705,94.54,94.67,25976,0,0.0,10年期国债期货,CFFEX,T0
2018-05-23,97.64,97.705,97.57,97.685,6199,0,0.0,5年期国债期货,CFFEX,TF0
2018-05-24,94.785,94.825,94.575,94.575,28814,0,0.0,10年期国债期货,CFFEX,T0
2018-05-24,97.745,97.75,97.595,97.615,4944,0,0.0,5年期国债期货,CFFEX,TF0
2018-05-25,94.6,95.105,94.515,95.085,34605,0,0.0,10年期国债期货,CFFEX,T0
2018-05-25,97.61,97.93,97.54,97.88,6900,0,0.0,5年期国债期货,CFFEX,TF0
2018-05-28,95.05,95.11,94.87,94.89,30847,0,0.0,10年期国债期货,CFFEX,T0
2018-05-28,97.85,97.91,97.755,97.765,4841,0,0.0,5年期国债期货,CFFEX,TF0
2018-05-29,94.895,95.125,94.775,95.06,33716,0,0.0,10年期国债期货,CFFEX,T0
2018-05-29,97.74,97.875,97.6,97.82,6136,0,0.0,5年期国债期货,CFFEX,TF0
2018-05-30,95.34,95.35,95.08,95.15,36494,0,0.0,10年期国债期货,CFFEX,T0
2018-05-30,97.905,98.01,97.81,97.85,6123,0,0.0,5年期国债期货,CFFEX,TF0
2018-05-31,95.075,95.165,94.76,94.78,37371,0,0.0,10年期国债期货,CFFEX,T0
2018-05-31,97.82,97.89,97.69,97.715,5973,0,0.0,5年期国债期货,CFFEX,TF0
2018-06-01,94.8,95.0,94.8,94.865,29384,0,0.0,10年期国债期货,CFFEX,T0
2018-06-01,97.73,97.825,97.685,97.75,5173,0,0.0,5年期国债期货,CFFEX,TF0
2018-06-04,94.8,94.805,94.565,94.64,27962,0,0.0,10年期国债期货,CFFEX,T0
2018-06-04,97.75,97.79,97.515,97.58,6948,0,0.0,5年期国债期货,CFFEX,TF0
2018-06-05,94.63,94.725,94.47,94.53,25420,0,0.0,10年期国债期货,CFFEX,T0
2018-06-05,97.585,97.625,97.49,97.51,4754,0,0.0,5年期国债期货,CFFEX,TF0
2018-06-06,94.53,94.715,94.46,94.52,35533,0,0.0,10年期国债期货,CFFEX,T0
2018-06-06,97.515,97.615,97.44,97.45,6111,0,0.0,5年期国债期货,CFFEX,TF0
2018-06-07,94.435,94.5,94.285,94.46,27928,0,0.0,10年期国债期货,CFFEX,T0
2018-06-07,97.435,97.435,97.33,97.415,5259,0,0.0,5年期国债期货,CFFEX,TF0
2018-06-08,94.495,94.77,94.495,94.705,30326,0,0.0,10年期国债期货,CFFEX,T0
2018-06-08,97.45,97.58,97.43,97.54,7430,0,0.0,5年期国债期货,CFFEX,TF0
2018-06-11,94.68,94.78,94.59,94.705,23764,0,0.0,10年期国债期货,CFFEX,T0
2018-06-11,97.535,97.605,97.49,97.55,4009,0,0.0,5年期国债期货,CFFEX,TF0
2018-06-12,94.67,94.67,94.34,94.35,29882,0,0.0,10年期国债期货,CFFEX,T0
2018-06-12,97.505,97.52,97.365,97.38,5498,0,0.0,5年期国债期货,CFFEX,TF0
2018-06-13,94.47,94.65,94.42,94.63,30249,0,0.0,10年期国债期货,CFFEX,T0
2018-06-13,97.445,97.585,97.39,97.54,6544,0,0.0,5年期国债期货,CFFEX,TF0
2018-06-14,94.62,95.045,94.615,94.93,41727,0,0.0,10年期国债期货,CFFEX,T0
2018-06-14,97.545,97.8,97.53,97.695,6777,0,0.0,5年期国债期货,CFFEX,TF0
2018-06-15,95.15,95.22,95.02,95.105,28753,0,95.08,10年期国债期货,CFFEX,T0
2018-06-15,97.795,97.845,97.735,97.795,4304,0,97.765,5年期国债期货,CFFEX,TF0
2018-06-19,95.2,95.59,95.085,95.47,43234,0,0.0,10年期国债期货,CFFEX,T0
2018-06-19,97.85,98.07,97.79,98.02,6528,0,0.0,5年期国债期货,CFFEX,TF0
2018-06-20,95.45,95.465,95.02,95.045,42141,0,0.0,10年期国债期货,CFFEX,T0
2018-06-20,98.0,98.05,97.735,97.785,5844,0,0.0,5年期国债期货,CFFEX,TF0
2018-06-21,95.155,95.5,95.08,95.395,36816,0,0.0,10年期国债期货,CFFEX,T0
2018-06-21,97.81,98.075,97.8,98.0,4766,0,0.0,5年期国债期货,CFFEX,TF0
2018-06-22,95.43,95.68,95.245,95.56,47627,0,0.0,10年期国债期货,CFFEX,T0
2018-06-22,97.99,98.19,97.925,98.125,7780,0,0.0,5年期国债期货,CFFEX,TF0
2018-06-25,95.5,95.575,95.26,95.3,44585,0,0.0,10年期国债期货,CFFEX,T0
2018-06-25,98.08,98.195,97.96,98.06,6629,0,0.0,5年期国债期货,CFFEX,TF0
2018-06-26,95.37,95.47,95.225,95.33,28509,0,0.0,10年期国债期货,CFFEX,T0
2018-06-26,98.095,98.15,98.015,98.06,4208,0,0.0,5年期国债期货,CFFEX,TF0
2018-06-27,95.2,95.65,95.2,95.56,37692,0,0.0,10年期国债期货,CFFEX,T0
2018-06-27,98.01,98.21,98.0,98.185,6095,0,0.0,5年期国债期货,CFFEX,TF0
2018-06-28,95.61,95.82,95.61,95.715,33504,0,0.0,10年期国债期货,CFFEX,T0
2018-06-28,98.205,98.345,98.18,98.275,5118,0,0.0,5年期国债期货,CFFEX,TF0
2018-06-29,95.865,96.16,95.85,95.875,40782,0,0.0,10年期国债期货,CFFEX,T0
2018-06-29,98.32,98.545,98.32,98.39,6607,0,0.0,5年期国债期货,CFFEX,TF0
2018-07-02,95.96,96.14,95.83,96.09,29589,0,0.0,10年期国债期货,CFFEX,T0
2018-07-02,98.39,98.56,98.305,98.555,4798,0,0.0,5年期国债期货,CFFEX,TF0
2018-07-03,96.17,96.205,95.81,95.835,40757,0,0.0,10年期国债期货,CFFEX,T0
2018-07-03,98.58,98.625,98.35,98.35,6114,0,0.0,5年期国债期货,CFFEX,TF0
2018-07-04,95.8,95.88,95.68,95.77,29208,0,0.0,10年期国债期货,CFFEX,T0
2018-07-04,98.35,98.39,98.24,98.315,6264,0,0.0,5年期国债期货,CFFEX,TF0
2018-07-05,95.91,96.04,95.79,95.83,33865,0,0.0,10年期国债期货,CFFEX,T0
2018-07-05,98.405,98.455,98.33,98.355,5902,0,0.0,5年期国债期货,CFFEX,TF0
2018-07-06,95.81,95.895,95.47,95.605,40570,0,95.615,10年期国债期货,CFFEX,T0
2018-07-06,98.33,98.39,98.115,98.19,7387,0,98.205,5年期国债期货,CFFEX,TF0
2018-07-09,95.58,95.655,95.425,95.48,31661,0,0.0,10年期国债期货,CFFEX,T0
2018-07-09,98.155,98.22,98.09,98.115,4420,0,0.0,5年期国债期货,CFFEX,TF0
2018-07-10,95.42,95.635,95.37,95.54,35403,0,0.0,10年期国债期货,CFFEX,T0
2018-07-10,98.05,98.175,98.03,98.125,5238,0,0.0,5年期国债期货,CFFEX,TF0
2018-07-11,95.705,95.865,95.575,95.83,39986,0,0.0,10年期国债期货,CFFEX,T0
2018-07-11,98.21,98.33,98.13,98.32,6287,0,0.0,5年期国债期货,CFFEX,TF0
2018-07-12,95.79,95.795,95.6,95.75,27839,0,0.0,10年期国债期货,CFFEX,T0
2018-07-12,98.31,98.31,98.17,98.25,3670,0,0.0,5年期国债期货,CFFEX,TF0
2018-07-13,95.7,96.035,95.695,95.955,35031,0,0.0,10年期国债期货,CFFEX,T0
2018-07-13,98.23,98.45,98.215,98.425,4755,0,0.0,5年期国债期货,CFFEX,TF0
2018-07-16,96.2,96.265,96.02,96.1,29987,0,0.0,10年期国债期货,CFFEX,T0
2018-07-16,98.525,98.61,98.44,98.495,5272,0,0.0,5年期国债期货,CFFEX,TF0
2018-07-17,96.045,96.185,96.005,96.075,30135,0,0.0,10年期国债期货,CFFEX,T0
2018-07-17,98.525,98.56,98.44,98.495,4422,0,0.0,5年期国债期货,CFFEX,TF0
2018-07-18,96.13,96.245,96.0,96.085,34697,0,0.0,10年期国债期货,CFFEX,T0
2018-07-18,98.505,98.58,98.46,98.495,4437,0,0.0,5年期国债期货,CFFEX,TF0
2018-07-19,95.95,96.4,95.795,96.39,49064,0,0.0,10年期国债期货,CFFEX,T0
2018-07-19,98.43,98.74,98.325,98.705,7715,0,0.0,5年期国债期货,CFFEX,TF0
2018-07-20,96.485,96.6,95.435,95.605,74365,0,0.0,10年期国债期货,CFFEX,T0
2018-07-20,98.75,98.83,98.15,98.185,11442,0,0.0,5年期国债期货,CFFEX,TF0
2018-07-23,95.7,95.85,95.575,95.65,42289,0,0.0,10年期国债期货,CFFEX,T0
2018-07-23,98.14,98.37,98.14,98.26,7685,0,0.0,5年期国债期货,CFFEX,TF0
2018-07-24,95.29,95.43,95.215,95.29,38767,0,0.0,10年期国债期货,CFFEX,T0
2018-07-24,98.14,98.17,98.05,98.095,6669,0,0.0,5年期国债期货,CFFEX,TF0
2018-07-25,95.24,95.48,95.235,95.415,25656,0,0.0,10年期国债期货,CFFEX,T0
2018-07-25,98.095,98.205,98.08,98.16,4420,0,0.0,5年期国债期货,CFFEX,TF0
2018-07-26,95.315,95.62,95.29,95.495,38880,0,0.0,10年期国债期货,CFFEX,T0
2018-07-26,98.1,98.36,98.055,98.235,6716,0,0.0,5年期国债期货,CFFEX,TF0
2018-07-27,95.56,95.62,95.42,95.55,28376,0,0.0,10年期国债期货,CFFEX,T0
2018-07-27,98.265,98.37,98.265,98.365,4734,0,0.0,5年期国债期货,CFFEX,TF0
2018-07-30,95.6,95.65,95.45,95.52,29492,0,0.0,10年期国债期货,CFFEX,T0
2018-07-30,98.405,98.45,98.31,98.39,5538,0,0.0,5年期国债期货,CFFEX,TF0
2018-07-31,95.68,95.935,95.615,95.9,32863,0,0.0,10年期国债期货,CFFEX,T0
2018-07-31,98.46,98.52,98.315,98.51,7865,0,0.0,5年期国债期货,CFFEX,TF0
2018-08-01,95.8,96.12,95.745,96.1,38129,0,0.0,10年期国债期货,CFFEX,T0
2018-08-01,98.445,98.67,98.405,98.63,8785,0,0.0,5年期国债期货,CFFEX,TF0
2018-08-02,96.07,96.255,95.835,95.98,45857,0,0.0,10年期国债期货,CFFEX,T0
2018-08-02,98.61,98.72,98.505,98.555,8329,0,0.0,5年期国债期货,CFFEX,TF0
2018-08-03,95.995,96.285,95.89,96.17,37611,0,0.0,10年期国债期货,CFFEX,T0
2018-08-03,98.6,98.74,98.515,98.67,7127,0,0.0,5年期国债期货,CFFEX,TF0
2018-08-06,96.205,96.23,96.015,96.08,34834,0,0.0,10年期国债期货,CFFEX,T0
2018-08-06,98.675,98.71,98.54,98.565,6150,0,0.0,5年期国债期货,CFFEX,TF0
2018-08-07,96.03,96.2,95.88,95.895,42846,0,0.0,10年期国债期货,CFFEX,T0
2018-08-07,98.56,98.685,98.465,98.515,7402,0,0.0,5年期国债期货,CFFEX,TF0
2018-08-08,95.79,95.93,95.565,95.62,35607,0,0.0,10年期国债期货,CFFEX,T0
2018-08-08,98.455,98.49,98.16,98.23,6305,0,0.0,5年期国债期货,CFFEX,TF0
2018-08-09,95.66,95.68,95.24,95.36,36897,0,0.0,10年期国债期货,CFFEX,T0
2018-08-09,98.27,98.3,98.03,98.12,7273,0,0.0,5年期国债期货,CFFEX,TF0
2018-08-10,95.4,95.485,95.165,95.385,35640,0,0.0,10年期国债期货,CFFEX,T0
2018-08-10,98.13,98.18,97.9,97.985,7544,0,0.0,5年期国债期货,CFFEX,TF0
2018-08-13,95.335,95.415,94.86,95.13,38351,0,0.0,10年期国债期货,CFFEX,T0
2018-08-13,97.96,98.015,97.61,97.825,6939,0,0.0,5年期国债期货,CFFEX,TF0
2018-08-14,95.13,95.405,95.025,95.325,29872,0,0.0,10年期国债期货,CFFEX,T0
2018-08-14,97.855,97.995,97.755,97.96,6497,0,0.0,5年期国债期货,CFFEX,TF0
2018-08-15,95.43,95.455,95.025,95.115,23097,0,95.09,10年期国债期货,CFFEX,T0
2018-08-15,98.05,98.07,97.78,97.875,5109,0,97.845,5年期国债期货,CFFEX,TF0
2018-08-16,95.13,95.265,94.605,94.675,44760,0,0.0,10年期国债期货,CFFEX,T0
2018-08-16,98.18,98.18,97.435,97.65,6265,0,0.0,5年期国债期货,CFFEX,TF0
2018-08-17,94.605,94.76,94.135,94.485,50628,0,0.0,10年期国债期货,CFFEX,T0
2018-08-17,99.4,99.405,99.075,99.16,8559,0,0.0,2年期国债期货,CFFEX,TS0
2018-08-17,97.67,97.77,97.36,97.62,10225,0,0.0,5年期国债期货,CFFEX,TF0
2018-08-20,94.49,94.68,94.225,94.59,37184,0,0.0,10年期国债期货,CFFEX,T0
2018-08-20,99.1,99.26,99.1,99.215,1865,0,0.0,2年期国债期货,CFFEX,TS0
2018-08-20,97.655,97.685,97.47,97.58,6431,0,0.0,5年期国债期货,CFFEX,TF0
2018-08-21,94.55,94.72,94.305,94.595,40855,0,0.0,10年期国债期货,CFFEX,T0
2018-08-21,99.185,99.235,99.12,99.185,1339,0,0.0,2年期国债期货,CFFEX,TS0
2018-08-21,97.555,97.625,97.39,97.55,8242,0,0.0,5年期国债期货,CFFEX,TF0
2018-08-22,94.68,94.875,94.625,94.75,36039,0,0.0,10年期国债期货,CFFEX,T0
2018-08-22,99.235,99.29,99.19,99.2,1225,0,0.0,2年期国债期货,CFFEX,TS0
2018-08-22,97.58,97.7,97.505,97.62,7437,0,0.0,5年期国债期货,CFFEX,TF0
2018-08-23,94.815,94.91,94.62,94.755,33345,0,0.0,10年期国债期货,CFFEX,T0
2018-08-23,99.28,99.28,99.225,99.275,819,0,0.0,2年期国债期货,CFFEX,TS0
2018-08-23,97.67,97.73,97.545,97.675,5767,0,0.0,5年期国债期货,CFFEX,TF0
2018-08-24,94.85,94.975,94.525,94.645,39849,0,0.0,10年期国债期货,CFFEX,T0
2018-08-24,99.305,99.38,99.29,99.31,464,0,0.0,2年期国债期货,CFFEX,TS0
2018-08-24,97.735,97.84,97.59,97.65,7444,0,0.0,5年期国债期货,CFFEX,TF0
2018-08-27,94.57,94.73,94.41,94.62,31320,0,0.0,10年期国债期货,CFFEX,T0
2018-08-27,99.27,99.3,99.205,99.27,671,0,0.0,2年期国债期货,CFFEX,TS0
2018-08-27,97.605,97.675,97.505,97.61,5700,0,0.0,5年期国债期货,CFFEX,TF0
2018-08-28,94.565,94.845,94.455,94.815,38663,0,0.0,10年期国债期货,CFFEX,T0
2018-08-28,99.215,99.315,99.185,99.275,574,0,0.0,2年期国债期货,CFFEX,TS0
2018-08-28,97.58,97.8,97.475,97.785,7880,0,0.0,5年期国债期货,CFFEX,TF0
2018-08-29,94.78,94.88,94.69,94.84,26741,0,0.0,10年期国债期货,CFFEX,T0
2018-08-29,99.27,99.32,99.225,99.31,210,0,0.0,2年期国债期货,CFFEX,TS0
2018-08-29,97.785,97.815,97.69,97.795,4364,0,0.0,5年期国债期货,CFFEX,TF0
2018-08-30,94.88,95.125,94.81,95.045,30827,0,0.0,10年期国债期货,CFFEX,T0
2018-08-30,99.335,99.435,99.3,99.365,533,0,0.0,2年期国债期货,CFFEX,TS0
2018-08-30,97.805,97.965,97.79,97.91,5315,0,0.0,5年期国债期货,CFFEX,TF0
2018-08-31,95.0,95.17,94.98,95.12,32390,0,0.0,10年期国债期货,CFFEX,T0
2018-08-31,99.36,99.4,99.315,99.375,239,0,0.0,2年期国债期货,CFFEX,TS0
2018-08-31,97.89,98.045,97.88,98.005,5050,0,0.0,5年期国债期货,CFFEX,TF0
2018-09-03,95.07,95.13,94.86,94.925,27801,0,0.0,10年期国债期货,CFFEX,T0
2018-09-03,99.35,99.365,99.31,99.33,108,0,0.0,2年期国债期货,CFFEX,TS0
2018-09-03,97.995,98.01,97.815,97.85,4382,0,0.0,5年期国债期货,CFFEX,TF0
2018-09-04,94.935,94.975,94.72,94.795,28549,0,0.0,10年期国债期货,CFFEX,T0
2018-09-04,99.315,99.315,99.265,99.28,90,0,0.0,2年期国债期货,CFFEX,TS0
2018-09-04,97.85,97.89,97.685,97.73,4911,0,0.0,5年期国债期货,CFFEX,TF0
2018-09-05,94.83,94.91,94.68,94.69,32240,0,0.0,10年期国债期货,CFFEX,T0
2018-09-05,99.29,99.315,99.275,99.275,109,0,0.0,2年期国债期货,CFFEX,TS0
2018-09-05,97.765,97.805,97.675,97.675,4809,0,0.0,5年期国债期货,CFFEX,TF0
2018-09-06,94.69,94.855,94.635,94.745,29769,0,0.0,10年期国债期货,CFFEX,T0
2018-09-06,99.29,99.305,99.265,99.27,204,0,0.0,2年期国债期货,CFFEX,TS0
2018-09-06,97.675,97.775,97.645,97.7,3976,0,0.0,5年期国债期货,CFFEX,TF0
2018-09-07,94.75,94.805,94.52,94.685,30362,0,0.0,10年期国债期货,CFFEX,T0
2018-09-07,99.26,99.28,99.245,99.255,360,0,0.0,2年期国债期货,CFFEX,TS0
2018-09-07,97.72,97.735,97.565,97.65,4755,0,0.0,5年期国债期货,CFFEX,TF0
2018-09-10,94.625,94.675,94.365,94.42,28497,0,0.0,10年期国债期货,CFFEX,T0
2018-09-10,99.25,99.275,99.22,99.25,393,0,0.0,2年期国债期货,CFFEX,TS0
2018-09-10,97.565,97.64,97.4,97.45,5486,0,0.0,5年期国债期货,CFFEX,TF0
2018-09-11,94.405,94.425,93.915,94.145,47682,0,0.0,10年期国债期货,CFFEX,T0
2018-09-11,99.26,99.265,99.205,99.24,383,0,0.0,2年期国债期货,CFFEX,TS0
2018-09-11,97.49,97.49,97.185,97.325,8867,0,0.0,5年期国债期货,CFFEX,TF0
2018-09-12,94.155,94.385,94.15,94.335,30071,0,0.0,10年期国债期货,CFFEX,T0
2018-09-12,99.25,99.255,99.22,99.24,365,0,0.0,2年期国债期货,CFFEX,TS0
2018-09-12,97.315,97.465,97.305,97.425,8531,0,0.0,5年期国债期货,CFFEX,TF0
2018-09-13,94.27,94.475,94.17,94.37,33736,0,0.0,10年期国债期货,CFFEX,T0
2018-09-13,99.225,99.31,99.22,99.27,267,0,0.0,2年期国债期货,CFFEX,TS0
2018-09-13,97.35,97.55,97.33,97.49,5832,0,0.0,5年期国债期货,CFFEX,TF0
2018-09-14,94.35,94.515,94.295,94.485,34254,0,0.0,10年期国债期货,CFFEX,T0
2018-09-14,99.295,99.305,99.275,99.3,129,0,0.0,2年期国债期货,CFFEX,TS0
2018-09-14,97.49,97.595,97.4,97.57,5816,0,0.0,5年期国债期货,CFFEX,TF0
2018-09-17,94.55,94.64,94.505,94.55,21642,0,0.0,10年期国债期货,CFFEX,T0
2018-09-17,99.405,99.405,99.325,99.345,163,0,0.0,2年期国债期货,CFFEX,TS0
2018-09-17,97.705,97.735,97.61,97.665,4294,0,0.0,5年期国债期货,CFFEX,TF0
2018-09-18,94.575,94.635,94.305,94.39,28756,0,0.0,10年期国债期货,CFFEX,T0
2018-09-18,99.385,99.385,99.335,99.34,126,0,0.0,2年期国债期货,CFFEX,TS0
2018-09-18,97.685,97.715,97.54,97.57,4883,0,0.0,5年期国债期货,CFFEX,TF0
2018-09-19,94.34,94.415,94.205,94.225,29080,0,0.0,10年期国债期货,CFFEX,T0
2018-09-19,99.35,99.375,99.31,99.31,262,0,0.0,2年期国债期货,CFFEX,TS0
2018-09-19,97.55,97.58,97.41,97.41,5731,0,0.0,5年期国债期货,CFFEX,TF0
2018-09-20,94.125,94.18,93.9,93.94,31576,0,0.0,10年期国债期货,CFFEX,T0
2018-09-20,99.27,99.3,99.25,99.275,163,0,0.0,2年期国债期货,CFFEX,TS0
2018-09-20,97.37,97.405,97.22,97.235,4667,0,0.0,5年期国债期货,CFFEX,TF0
2018-09-21,93.93,94.2,93.875,94.185,31207,0,94.145,10年期国债期货,CFFEX,T0
2018-09-21,99.27,99.32,99.27,99.32,140,0,99.3,2年期国债期货,CFFEX,TS0
2018-09-21,97.21,97.425,97.18,97.41,5687,0,97.39,5年期国债期货,CFFEX,TF0
2018-09-25,94.17,94.27,94.115,94.21,18273,0,0.0,10年期国债期货,CFFEX,T0
2018-09-25,99.305,99.33,99.28,99.295,136,0,0.0,2年期国债期货,CFFEX,TS0
2018-09-25,97.42,97.445,97.365,97.425,1987,0,0.0,5年期国债期货,CFFEX,TF0
2018-09-26,94.2,94.47,94.13,94.46,24421,0,0.0,10年期国债期货,CFFEX,T0
2018-09-26,99.28,99.345,99.275,99.34,168,0,0.0,2年期国债期货,CFFEX,TS0
2018-09-26,97.395,97.615,97.37,97.605,4271,0,0.0,5年期国债期货,CFFEX,TF0
2018-09-27,94.52,94.735,94.42,94.725,29076,0,0.0,10年期国债期货,CFFEX,T0
2018-09-27,99.38,99.4,99.345,99.395,205,0,0.0,2年期国债期货,CFFEX,TS0
2018-09-27,97.625,97.745,97.565,97.735,4703,0,0.0,5年期国债期货,CFFEX,TF0
2018-09-28,94.705,94.865,94.665,94.785,23225,0,94.81,10年期国债期货,CFFEX,T0
2018-09-28,99.45,99.45,99.36,99.39,191,0,99.395,2年期国债期货,CFFEX,TS0
2018-09-28,97.785,97.83,97.69,97.76,3346,0,97.79,5年期国债期货,CFFEX,TF0
2018-10-08,94.82,94.84,94.515,94.675,30534,0,0.0,10年期国债期货,CFFEX,T0
2018-10-08,99.38,99.405,99.32,99.385,162,0,0.0,2年期国债期货,CFFEX,TS0
2018-10-08,97.765,97.795,97.62,97.735,4651,0,0.0,5年期国债期货,CFFEX,TF0
2018-10-09,94.685,94.89,94.6,94.77,32763,0,0.0,10年期国债期货,CFFEX,T0
2018-10-09,99.385,99.505,99.385,99.45,271,0,0.0,2年期国债期货,CFFEX,TS0
2018-10-09,97.755,97.905,97.72,97.81,7702,0,0.0,5年期国债期货,CFFEX,TF0
2018-10-10,94.78,94.845,94.68,94.805,24676,0,0.0,10年期国债期货,CFFEX,T0
2018-10-10,99.48,99.48,99.43,99.45,195,0,0.0,2年期国债期货,CFFEX,TS0
2018-10-10,97.855,97.86,97.74,97.85,4891,0,0.0,5年期国债期货,CFFEX,TF0
2018-10-11,94.94,95.22,94.92,95.165,37403,0,0.0,10年期国债期货,CFFEX,T0
2018-10-11,99.54,99.55,99.485,99.515,208,0,0.0,2年期国债期货,CFFEX,TS0
2018-10-11,98.0,98.19,97.905,98.06,7494,0,0.0,5年期国债期货,CFFEX,TF0
2018-10-12,95.125,95.225,95.025,95.12,27104,0,0.0,10年期国债期货,CFFEX,T0
2018-10-12,99.505,99.53,99.495,99.525,119,0,0.0,2年期国债期货,CFFEX,TS0
2018-10-12,98.06,98.13,98.0,98.05,4318,0,0.0,5年期国债期货,CFFEX,TF0
2018-10-15,95.1,95.195,94.965,94.995,23493,0,0.0,10年期国债期货,CFFEX,T0
2018-10-15,99.52,99.525,99.505,99.51,63,0,0.0,2年期国债期货,CFFEX,TS0
2018-10-15,98.03,98.105,97.97,98.0,3895,0,0.0,5年期国债期货,CFFEX,TF0
2018-10-16,94.955,95.25,94.885,95.235,35080,0,0.0,10年期国债期货,CFFEX,T0
2018-10-16,99.495,99.535,99.475,99.535,280,0,0.0,2年期国债期货,CFFEX,TS0
2018-10-16,97.95,98.075,97.88,98.07,7471,0,0.0,5年期国债期货,CFFEX,TF0
2018-10-17,95.2,95.35,95.09,95.165,39415,0,0.0,10年期国债期货,CFFEX,T0
2018-10-17,99.52,99.545,99.51,99.52,90,0,0.0,2年期国债期货,CFFEX,TS0
2018-10-17,98.055,98.15,98.005,98.01,6416,0,0.0,5年期国债期货,CFFEX,TF0
2018-10-18,95.29,95.535,95.255,95.49,35887,0,0.0,10年期国债期货,CFFEX,T0
2018-10-18,99.535,99.56,99.525,99.535,97,0,0.0,2年期国债期货,CFFEX,TS0
2018-10-18,98.12,98.195,98.085,98.125,6579,0,0.0,5年期国债期货,CFFEX,TF0
2018-10-19,95.55,95.565,95.185,95.32,37817,0,0.0,10年期国债期货,CFFEX,T0
2018-10-19,99.525,99.56,99.47,99.49,277,0,0.0,2年期国债期货,CFFEX,TS0
2018-10-19,98.15,98.205,98.01,98.08,5986,0,0.0,5年期国债期货,CFFEX,TF0
2018-10-22,95.18,95.205,95.035,95.15,32057,0,0.0,10年期国债期货,CFFEX,T0
2018-10-22,99.45,99.46,99.43,99.44,172,0,0.0,2年期国债期货,CFFEX,TS0
2018-10-22,97.96,98.03,97.925,97.975,4400,0,0.0,5年期国债期货,CFFEX,TF0
2018-10-23,95.04,95.345,95.035,95.33,35539,0,0.0,10年期国债期货,CFFEX,T0
2018-10-23,99.41,99.49,99.41,99.485,153,0,0.0,2年期国债期货,CFFEX,TS0
2018-10-23,97.91,98.11,97.9,98.085,5678,0,0.0,5年期国债期货,CFFEX,TF0
2018-10-24,95.28,95.5,95.23,95.47,35714,0,0.0,10年期国债期货,CFFEX,T0
2018-10-24,99.47,99.51,99.47,99.505,73,0,0.0,2年期国债期货,CFFEX,TS0
2018-10-24,98.085,98.175,98.03,98.155,3639,0,0.0,5年期国债期货,CFFEX,TF0
2018-10-25,95.625,95.695,95.47,95.535,30383,0,0.0,10年期国债期货,CFFEX,T0
2018-10-25,99.55,99.6,99.52,99.53,114,0,0.0,2年期国债期货,CFFEX,TS0
2018-10-25,98.25,98.285,98.135,98.19,4081,0,0.0,5年期国债期货,CFFEX,TF0
2018-10-26,95.48,95.62,95.435,95.56,26244,0,0.0,10年期国债期货,CFFEX,T0
2018-10-26,99.515,99.54,99.505,99.53,57,0,0.0,2年期国债期货,CFFEX,TS0
2018-10-26,98.19,98.23,98.115,98.2,3038,0,0.0,5年期国债期货,CFFEX,TF0
2018-10-29,95.605,95.88,95.545,95.78,32775,0,0.0,10年期国债期货,CFFEX,T0
2018-10-29,99.55,99.625,99.53,99.615,179,0,0.0,2年期国债期货,CFFEX,TS0
2018-10-29,98.24,98.41,98.2,98.375,6391,0,0.0,5年期国债期货,CFFEX,TF0
2018-10-30,95.82,95.87,95.595,95.75,32337,0,0.0,10年期国债期货,CFFEX,T0
2018-10-30,99.65,99.65,99.565,99.61,249,0,0.0,2年期国债期货,CFFEX,TS0
2018-10-30,98.375,98.41,98.26,98.35,5532,0,0.0,5年期国债期货,CFFEX,TF0
2018-10-31,95.69,95.92,95.555,95.81,38603,0,0.0,10年期国债期货,CFFEX,T0
2018-10-31,99.595,99.635,99.575,99.635,204,0,0.0,2年期国债期货,CFFEX,TS0
2018-10-31,98.3,98.42,98.24,98.365,5028,0,0.0,5年期国债期货,CFFEX,TF0
2018-11-01,95.85,95.985,95.655,95.95,39511,0,0.0,10年期国债期货,CFFEX,T0
2018-11-01,99.63,99.655,99.6,99.64,315,0,0.0,2年期国债期货,CFFEX,TS0
2018-11-01,98.385,98.43,98.245,98.39,5235,0,0.0,5年期国债期货,CFFEX,TF0
2018-11-02,95.71,95.795,95.45,95.5,46483,0,0.0,10年期国债期货,CFFEX,T0
2018-11-02,99.595,99.645,99.555,99.61,428,0,0.0,2年期国债期货,CFFEX,TS0
2018-11-02,98.29,98.315,98.115,98.13,6875,0,0.0,5年期国债期货,CFFEX,TF0
2018-11-05,95.49,95.655,95.435,95.575,41665,0,0.0,10年期国债期货,CFFEX,T0
2018-11-05,99.57,99.665,99.57,99.655,566,0,0.0,2年期国债期货,CFFEX,TS0
2018-11-05,98.145,98.235,98.09,98.19,4457,0,0.0,5年期国债期货,CFFEX,TF0
2018-11-06,95.595,95.865,95.53,95.81,41438,0,0.0,10年期国债期货,CFFEX,T0
2018-11-06,99.65,99.78,99.64,99.78,729,0,0.0,2年期国债期货,CFFEX,TS0
2018-11-06,98.23,98.38,98.135,98.375,5909,0,0.0,5年期国债期货,CFFEX,TF0
2018-11-07,95.81,96.04,95.76,95.985,33942,0,0.0,10年期国债期货,CFFEX,T0
2018-11-07,99.755,99.9,99.715,99.885,656,0,0.0,2年期国债期货,CFFEX,TS0
2018-11-07,98.33,98.51,98.325,98.465,5927,0,0.0,5年期国债期货,CFFEX,TF0
2018-11-08,95.92,96.155,95.865,96.095,34604,0,96.095,10年期国债期货,CFFEX,T0
2018-11-08,99.83,99.96,99.83,99.945,445,0,99.945,2年期国债期货,CFFEX,TS0
2018-11-08,98.45,98.6,98.41,98.57,5138,0,98.565,5年期国债期货,CFFEX,TF0
2018-11-09,95.995,96.175,95.945,96.005,33683,0,0.0,10年期国债期货,CFFEX,T0
2018-11-09,99.935,99.97,99.89,99.9,282,0,0.0,2年期国债期货,CFFEX,TS0
2018-11-09,98.5,98.6,98.475,98.515,4695,0,0.0,5年期国债期货,CFFEX,TF0
2018-11-12,96.06,96.075,95.9,95.965,32938,0,0.0,10年期国债期货,CFFEX,T0
2018-11-12,99.92,99.92,99.88,99.9,231,0,0.0,2年期国债期货,CFFEX,TS0
2018-11-12,98.52,98.59,98.455,98.455,4839,0,0.0,5年期国债期货,CFFEX,TF0
2018-11-13,96.045,96.125,95.915,96.06,32732,0,0.0,10年期国债期货,CFFEX,T0
2018-11-13,99.95,99.95,99.88,99.885,53,0,0.0,2年期国债期货,CFFEX,TS0
2018-11-13,98.555,98.565,98.4,98.485,5091,0,0.0,5年期国债期货,CFFEX,TF0
2018-11-14,96.425,96.52,96.365,96.48,32019,0,0.0,10年期国债期货,CFFEX,T0
2018-11-14,99.945,100.095,99.93,100.05,254,0,0.0,2年期国债期货,CFFEX,TS0
2018-11-14,98.73,98.82,98.63,98.66,6140,0,0.0,5年期国债期货,CFFEX,TF0
2018-11-15,96.45,96.58,96.37,96.56,25705,0,0.0,10年期国债期货,CFFEX,T0
2018-11-15,100.05,100.1,100.05,100.055,85,0,0.0,2年期国债期货,CFFEX,TS0
2018-11-15,98.66,98.735,98.62,98.73,4965,0,0.0,5年期国债期货,CFFEX,TF0
2018-11-16,96.62,97.045,96.515,96.97,25128,0,0.0,10年期国债期货,CFFEX,T0
2018-11-16,100.06,100.1,100.005,100.075,100,0,0.0,2年期国债期货,CFFEX,TS0
2018-11-16,98.81,98.98,98.705,98.9,4541,0,0.0,5年期国债期货,CFFEX,TF0
2018-11-19,96.975,97.18,96.71,96.785,39810,0,0.0,10年期国债期货,CFFEX,T0
2018-11-19,100.06,100.08,100.02,100.025,110,0,0.0,2年期国债期货,CFFEX,TS0
2018-11-19,98.81,99.045,98.79,98.835,5192,0,0.0,5年期国债期货,CFFEX,TF0
2018-11-20,96.755,96.905,96.62,96.705,35172,0,0.0,10年期国债期货,CFFEX,T0
2018-11-20,100.045,100.09,100.03,100.035,69,0,0.0,2年期国债期货,CFFEX,TS0
2018-11-20,98.855,98.895,98.74,98.84,2582,0,0.0,5年期国债期货,CFFEX,TF0
2018-11-21,96.8,96.985,96.635,96.83,41342,0,0.0,10年期国债期货,CFFEX,T0
2018-11-21,100.105,100.14,100.035,100.04,58,0,0.0,2年期国债期货,CFFEX,TS0
2018-11-21,98.88,98.99,98.76,98.825,6476,0,0.0,5年期国债期货,CFFEX,TF0
2018-11-22,96.79,96.9,96.54,96.595,36660,0,0.0,10年期国债期货,CFFEX,T0
2018-11-22,100.05,100.065,99.97,99.975,242,0,0.0,2年期国债期货,CFFEX,TS0
2018-11-22,98.9,98.9,98.685,98.685,3599,0,0.0,5年期国债期货,CFFEX,TF0
2018-11-23,96.585,96.71,96.475,96.67,33956,0,0.0,10年期国债期货,CFFEX,T0
2018-11-23,100.0,100.025,99.96,99.975,116,0,0.0,2年期国债期货,CFFEX,TS0
2018-11-23,98.6,98.805,98.6,98.745,4943,0,0.0,5年期国债期货,CFFEX,TF0
2018-11-26,96.75,96.83,96.36,96.465,42826,0,0.0,10年期国债期货,CFFEX,T0
2018-11-26,99.995,100.015,99.925,99.96,188,0,0.0,2年期国债期货,CFFEX,TS0
2018-11-26,98.84,98.87,98.605,98.65,6102,0,0.0,5年期国债期货,CFFEX,TF0
2018-11-27,96.42,96.67,96.335,96.63,36655,0,0.0,10年期国债期货,CFFEX,T0
2018-11-27,99.95,100.0,99.93,99.985,134,0,0.0,2年期国债期货,CFFEX,TS0
2018-11-27,98.66,98.775,98.565,98.76,4492,0,0.0,5年期国债期货,CFFEX,TF0
2018-11-28,96.65,96.745,96.57,96.645,27650,0,0.0,10年期国债期货,CFFEX,T0
2018-11-28,99.99,100.0,99.94,99.99,60,0,0.0,2年期国债期货,CFFEX,TS0
2018-11-28,98.84,98.84,98.71,98.74,2858,0,0.0,5年期国债期货,CFFEX,TF0
2018-11-29,96.79,96.92,96.715,96.84,34320,0,0.0,10年期国债期货,CFFEX,T0
2018-11-29,100.0,100.035,99.965,100.02,93,0,0.0,2年期国债期货,CFFEX,TS0
2018-11-29,98.8,98.915,98.8,98.87,5103,0,0.0,5年期国债期货,CFFEX,TF0
2018-11-30,96.925,96.935,96.63,96.68,32092,0,0.0,10年期国债期货,CFFEX,T0
2018-11-30,100.025,100.05,99.95,99.965,326,0,0.0,2年期国债期货,CFFEX,TS0
2018-11-30,98.93,98.95,98.76,98.785,4583,0,0.0,5年期国债期货,CFFEX,TF0
2018-12-03,96.49,96.835,96.44,96.83,35077,0,0.0,10年期国债期货,CFFEX,T0
2018-12-03,99.72,100.0,99.72,99.96,260,0,0.0,2年期国债期货,CFFEX,TS0
2018-12-03,98.68,98.875,98.6,98.875,6769,0,0.0,5年期国债期货,CFFEX,TF0
2018-12-04,96.96,97.2,96.915,97.06,46144,0,0.0,10年期国债期货,CFFEX,T0
2018-12-04,99.96,100.065,99.96,100.06,174,0,0.0,2年期国债期货,CFFEX,TS0
2018-12-04,98.9,99.09,98.9,98.97,7404,0,0.0,5年期国债期货,CFFEX,TF0
2018-12-05,97.295,97.4,96.97,97.025,48917,0,0.0,10年期国债期货,CFFEX,T0
2018-12-05,100.145,100.15,100.055,100.065,375,0,0.0,2年期国债期货,CFFEX,TS0
2018-12-05,99.1,99.16,98.925,98.935,5640,0,0.0,5年期国债期货,CFFEX,TF0
2018-12-06,97.18,97.22,96.98,97.18,37037,0,0.0,10年期国债期货,CFFEX,T0
2018-12-06,100.06,100.11,100.05,100.095,98,0,0.0,2年期国债期货,CFFEX,TS0
2018-12-06,98.965,99.07,98.905,99.045,7271,0,0.0,5年期国债期货,CFFEX,TF0
2018-12-07,97.105,97.21,96.92,97.17,40239,0,0.0,10年期国债期货,CFFEX,T0
2018-12-07,100.09,100.12,100.06,100.12,64,0,0.0,2年期国债期货,CFFEX,TS0
2018-12-07,99.1,99.1,98.9,99.075,5053,0,0.0,5年期国债期货,CFFEX,TF0
2018-12-10,97.34,97.41,97.215,97.285,35563,0,0.0,10年期国债期货,CFFEX,T0
2018-12-10,100.125,100.165,100.11,100.135,111,0,0.0,2年期国债期货,CFFEX,TS0
2018-12-10,99.19,99.21,99.105,99.155,4625,0,0.0,5年期国债期货,CFFEX,TF0
2018-12-11,97.27,97.39,97.225,97.245,25649,0,0.0,10年期国债期货,CFFEX,T0
2018-12-11,100.11,100.14,100.1,100.105,147,0,0.0,2年期国债期货,CFFEX,TS0
2018-12-11,99.165,99.21,99.08,99.13,4179,0,0.0,5年期国债期货,CFFEX,TF0
2018-12-12,97.2,97.41,97.155,97.3,33869,0,0.0,10年期国债期货,CFFEX,T0
2018-12-12,100.125,100.15,100.085,100.115,70,0,0.0,2年期国债期货,CFFEX,TS0
2018-12-12,99.055,99.245,99.055,99.195,4671,0,0.0,5年期国债期货,CFFEX,TF0
2018-12-13,97.19,97.225,96.68,96.69,62469,0,0.0,10年期国债期货,CFFEX,T0
2018-12-13,100.125,100.13,100.03,100.04,134,0,0.0,2年期国债期货,CFFEX,TS0
2018-12-13,99.155,99.155,98.87,98.895,7580,0,0.0,5年期国债期货,CFFEX,TF0
2018-12-14,96.7,96.83,96.535,96.56,48894,0,0.0,10年期国债期货,CFFEX,T0
2018-12-14,100.03,100.065,100.0,100.025,92,0,0.0,2年期国债期货,CFFEX,TS0
2018-12-14,98.895,98.96,98.755,98.82,6364,0,0.0,5年期国债期货,CFFEX,TF0
2018-12-17,96.58,96.675,96.25,96.26,41239,0,0.0,10年期国债期货,CFFEX,T0
2018-12-17,100.01,100.03,99.985,100.01,255,0,0.0,2年期国债期货,CFFEX,TS0
2018-12-17,98.85,98.85,98.51,98.57,5814,0,0.0,5年期国债期货,CFFEX,TF0
2018-12-18,96.26,96.525,96.25,96.47,37545,0,0.0,10年期国债期货,CFFEX,T0
2018-12-18,99.975,100.02,99.975,100.015,56,0,0.0,2年期国债期货,CFFEX,TS0
2018-12-18,98.575,98.715,98.555,98.69,7303,0,0.0,5年期国债期货,CFFEX,TF0
2018-12-19,96.575,96.72,96.4,96.685,44204,0,0.0,10年期国债期货,CFFEX,T0
2018-12-19,100.035,100.05,99.99,100.02,71,0,0.0,2年期国债期货,CFFEX,TS0
2018-12-19,98.745,98.83,98.62,98.82,7340,0,0.0,5年期国债期货,CFFEX,TF0
2018-12-20,96.915,97.075,96.74,97.05,45315,0,0.0,10年期国债期货,CFFEX,T0
2018-12-20,100.055,100.12,100.055,100.11,85,0,0.0,2年期国债期货,CFFEX,TS0
2018-12-20,98.895,99.03,98.8,99.025,6931,0,0.0,5年期国债期货,CFFEX,TF0
2018-12-21,96.955,97.165,96.855,96.9,44537,0,0.0,10年期国债期货,CFFEX,T0
2018-12-21,100.075,100.125,100.06,100.07,82,0,0.0,2年期国债期货,CFFEX,TS0
2018-12-21,98.965,99.08,98.92,98.925,5030,0,0.0,5年期国债期货,CFFEX,TF0
2018-12-24,96.905,97.01,96.775,96.8,29997,0,0.0,10年期国债期货,CFFEX,T0
2018-12-24,100.125,100.125,100.08,100.105,97,0,0.0,2年期国债期货,CFFEX,TS0
2018-12-24,99.08,99.08,98.855,98.89,3738,0,0.0,5年期国债期货,CFFEX,TF0
2018-12-25,96.92,97.14,96.92,97.045,33881,0,0.0,10年期国债期货,CFFEX,T0
2018-12-25,100.1,100.15,100.085,100.11,103,0,0.0,2年期国债期货,CFFEX,TS0
2018-12-25,98.95,99.06,98.95,99.03,4682,0,0.0,5年期国债期货,CFFEX,TF0
2018-12-26,97.0,97.325,96.935,97.295,44069,0,0.0,10年期国债期货,CFFEX,T0
2018-12-26,100.085,100.165,100.07,100.165,94,0,0.0,2年期国债期货,CFFEX,TS0
2018-12-26,99.01,99.185,98.96,99.16,5946,0,0.0,5年期国债期货,CFFEX,TF0
2018-12-27,97.095,97.365,97.03,97.31,37799,0,0.0,10年期国债期货,CFFEX,T0
2018-12-27,100.16,100.17,100.09,100.17,115,0,0.0,2年期国债期货,CFFEX,TS0
2018-12-27,99.125,99.21,99.01,99.145,5454,0,0.0,5年期国债期货,CFFEX,TF0
2018-12-28,97.33,97.775,97.33,97.735,37916,0,97.71,10年期国债期货,CFFEX,T0
2018-12-28,100.155,100.41,100.15,100.25,109,0,100.26,2年期国债期货,CFFEX,TS0
2018-12-28,99.16,99.42,99.16,99.4,5488,0,99.38,5年期国债期货,CFFEX,TF0
2019-01-02,97.825,98.165,97.75,98.105,33706,0,0.0,10年期国债期货,CFFEX,T0
2019-01-02,100.25,100.335,100.25,100.33,144,0,0.0,2年期国债期货,CFFEX,TS0
2019-01-02,99.415,99.615,99.415,99.6,3383,0,0.0,5年期国债期货,CFFEX,TF0
2019-01-03,98.23,98.255,97.98,98.16,34453,0,0.0,10年期国债期货,CFFEX,T0
2019-01-03,100.34,100.34,100.29,100.34,123,0,0.0,2年期国债期货,CFFEX,TS0
2019-01-03,99.67,99.675,99.53,99.61,3590,0,0.0,5年期国债期货,CFFEX,TF0
2019-01-04,98.3,98.37,97.8,97.945,63928,0,0.0,10年期国债期货,CFFEX,T0
2019-01-04,100.39,100.4,100.325,100.34,134,0,0.0,2年期国债期货,CFFEX,TS0
2019-01-04,99.69,99.73,99.435,99.52,5626,0,0.0,5年期国债期货,CFFEX,TF0
2019-01-07,97.82,98.06,97.755,97.935,40811,0,0.0,10年期国债期货,CFFEX,T0
2019-01-07,100.34,100.35,100.3,100.335,98,0,0.0,2年期国债期货,CFFEX,TS0
2019-01-07,99.495,99.61,99.44,99.56,3987,0,0.0,5年期国债期货,CFFEX,TF0
2019-01-08,97.98,98.465,97.96,98.455,45168,0,0.0,10年期国债期货,CFFEX,T0
2019-01-08,100.335,100.44,100.325,100.425,183,0,0.0,2年期国债期货,CFFEX,TS0
2019-01-08,99.595,99.88,99.555,99.855,6439,0,0.0,5年期国债期货,CFFEX,TF0
2019-01-09,98.35,98.39,98.12,98.29,49151,0,0.0,10年期国债期货,CFFEX,T0
2019-01-09,100.43,100.435,100.36,100.4,115,0,0.0,2年期国债期货,CFFEX,TS0
2019-01-09,99.855,99.855,99.685,99.805,5527,0,0.0,5年期国债期货,CFFEX,TF0
2019-01-10,98.305,98.435,97.925,98.015,49442,0,0.0,10年期国债期货,CFFEX,T0
2019-01-10,100.41,100.445,100.38,100.415,206,0,0.0,2年期国债期货,CFFEX,TS0
2019-01-10,99.76,99.88,99.6,99.615,5392,0,0.0,5年期国债期货,CFFEX,TF0
2019-01-11,97.925,98.13,97.885,98.045,37082,0,0.0,10年期国债期货,CFFEX,T0
2019-01-11,100.355,100.435,100.24,100.435,83,0,0.0,2年期国债期货,CFFEX,TS0
2019-01-11,99.42,99.7,99.42,99.67,4562,0,0.0,5年期国债期货,CFFEX,TF0
2019-01-14,98.14,98.18,97.75,97.845,42420,0,0.0,10年期国债期货,CFFEX,T0
2019-01-14,100.415,100.46,100.35,100.45,188,0,0.0,2年期国债期货,CFFEX,TS0
2019-01-14,99.745,99.755,99.505,99.55,5222,0,0.0,5年期国债期货,CFFEX,TF0
2019-01-15,97.79,97.88,97.575,97.8,42806,0,0.0,10年期国债期货,CFFEX,T0
2019-01-15,100.43,100.47,100.4,100.46,172,0,0.0,2年期国债期货,CFFEX,TS0
2019-01-15,99.52,99.59,99.42,99.545,4492,0,0.0,5年期国债期货,CFFEX,TF0
2019-01-16,97.86,98.32,97.86,98.295,43475,0,0.0,10年期国债期货,CFFEX,T0
2019-01-16,100.455,100.605,100.435,100.605,190,0,0.0,2年期国债期货,CFFEX,TS0
2019-01-16,99.6,99.865,99.595,99.865,5250,0,0.0,5年期国债期货,CFFEX,TF0
2019-01-17,98.225,98.41,98.195,98.33,36063,0,0.0,10年期国债期货,CFFEX,T0
2019-01-17,100.59,100.69,100.55,100.655,315,0,0.0,2年期国债期货,CFFEX,TS0
2019-01-17,99.88,99.97,99.805,99.93,5394,0,0.0,5年期国债期货,CFFEX,TF0
2019-01-18,98.225,98.39,98.06,98.08,43786,0,0.0,10年期国债期货,CFFEX,T0
2019-01-18,100.66,100.68,100.59,100.605,146,0,0.0,2年期国债期货,CFFEX,TS0
2019-01-18,99.995,99.995,99.775,99.795,5448,0,0.0,5年期国债期货,CFFEX,TF0
2019-01-21,97.995,98.085,97.845,97.96,40255,0,0.0,10年期国债期货,CFFEX,T0
2019-01-21,100.55,100.565,100.515,100.545,84,0,0.0,2年期国债期货,CFFEX,TS0
2019-01-21,99.715,99.795,99.67,99.72,5569,0,0.0,5年期国债期货,CFFEX,TF0
2019-01-22,97.815,98.075,97.775,98.03,34974,0,0.0,10年期国债期货,CFFEX,T0
2019-01-22,100.53,100.635,100.51,100.6,104,0,0.0,2年期国债期货,CFFEX,TS0
2019-01-22,99.63,99.81,99.62,99.78,4520,0,0.0,5年期国债期货,CFFEX,TF0
2019-01-23,98.145,98.145,97.73,97.77,54335,0,0.0,10年期国债期货,CFFEX,T0
2019-01-23,100.595,100.625,100.54,100.6,97,0,0.0,2年期国债期货,CFFEX,TS0
2019-01-23,99.83,99.86,98.595,99.625,7546,0,0.0,5年期国债期货,CFFEX,TF0
2019-01-24,97.79,97.96,97.735,97.8,39409,0,0.0,10年期国债期货,CFFEX,T0
2019-01-24,100.555,100.59,100.435,100.445,279,0,0.0,2年期国债期货,CFFEX,TS0
2019-01-24,99.62,99.74,99.6,99.64,4182,0,0.0,5年期国债期货,CFFEX,TF0
2019-01-25,97.665,97.75,97.58,97.635,36358,0,0.0,10年期国债期货,CFFEX,T0
2019-01-25,100.405,100.445,100.38,100.4,78,0,0.0,2年期国债期货,CFFEX,TS0
2019-01-25,99.6,99.645,99.535,99.565,3764,0,0.0,5年期国债期货,CFFEX,TF0
2019-01-28,97.6,97.775,97.39,97.68,45564,0,0.0,10年期国债期货,CFFEX,T0
2019-01-28,100.385,100.405,100.34,100.405,17,0,0.0,2年期国债期货,CFFEX,TS0
2019-01-28,99.56,99.7,99.455,99.65,5397,0,0.0,5年期国债期货,CFFEX,TF0
2019-01-29,97.78,97.975,97.725,97.905,39824,0,0.0,10年期国债期货,CFFEX,T0
2019-01-29,100.43,100.45,100.41,100.44,76,0,0.0,2年期国债期货,CFFEX,TS0
2019-01-29,99.7,99.8,99.655,99.75,5965,0,0.0,5年期国债期货,CFFEX,TF0
2019-01-30,98.0,98.05,97.85,98.04,34571,0,0.0,10年期国债期货,CFFEX,T0
2019-01-30,100.485,100.485,100.27,100.38,277,0,0.0,2年期国债期货,CFFEX,TS0
2019-01-30,99.77,99.835,99.72,99.835,5541,0,0.0,5年期国债期货,CFFEX,TF0
2019-01-31,98.04,98.23,97.96,98.03,37801,0,98.055,10年期国债期货,CFFEX,T0
2019-01-31,100.255,100.41,100.255,100.39,31,0,100.38,2年期国债期货,CFFEX,TS0
2019-01-31,99.855,99.95,99.825,99.865,4281,0,99.875,5年期国债期货,CFFEX,TF0
2019-02-01,98.055,98.12,97.9,97.91,25569,0,97.98,10年期国债期货,CFFEX,T0
2019-02-01,100.405,100.41,100.34,100.34,11,0,100.345,2年期国债期货,CFFEX,TS0
2019-02-01,99.91,99.925,99.785,99.785,2751,0,99.825,5年期国债期货,CFFEX,TF0
2019-02-11,98.0,98.42,97.95,98.285,32297,0,0.0,10年期国债期货,CFFEX,T0
2019-02-11,100.23,100.53,100.23,100.505,63,0,0.0,2年期国债期货,CFFEX,TS0
2019-02-11,99.785,100.1,99.785,100.015,6029,0,0.0,5年期国债期货,CFFEX,TF0
2019-02-12,98.265,98.445,98.2,98.235,41289,0,0.0,10年期国债期货,CFFEX,T0
2019-02-12,100.5,100.52,100.455,100.505,8,0,0.0,2年期国债期货,CFFEX,TS0
2019-02-12,100.015,100.13,99.99,100.04,4881,0,0.0,5年期国债期货,CFFEX,TF0
2019-02-13,98.17,98.28,98.1,98.15,38048,0,0.0,10年期国债期货,CFFEX,T0
2019-02-13,100.515,100.53,100.5,100.505,32,0,0.0,2年期国债期货,CFFEX,TS0
2019-02-13,100.0,100.045,99.955,99.995,3426,0,0.0,5年期国债期货,CFFEX,TF0
2019-02-14,98.105,98.26,97.845,97.92,39585,0,0.0,10年期国债期货,CFFEX,T0
2019-02-14,100.27,100.51,100.27,100.475,41,0,0.0,2年期国债期货,CFFEX,TS0
2019-02-14,99.96,100.045,99.82,99.855,5452,0,0.0,5年期国债期货,CFFEX,TF0
2019-02-15,97.965,98.225,97.81,97.96,42778,0,0.0,10年期国债期货,CFFEX,T0
2019-02-15,100.46,100.53,100.46,100.5,33,0,0.0,2年期国债期货,CFFEX,TS0
2019-02-15,99.855,100.015,99.79,99.86,4074,0,0.0,5年期国债期货,CFFEX,TF0
2019-02-18,97.88,97.98,97.765,97.785,29340,0,0.0,10年期国债期货,CFFEX,T0
2019-02-18,100.49,100.525,100.44,100.485,52,0,0.0,2年期国债期货,CFFEX,TS0
2019-02-18,99.85,99.85,99.71,99.72,4248,0,0.0,5年期国债期货,CFFEX,TF0
2019-02-19,97.76,98.195,97.745,98.005,31757,0,0.0,10年期国债期货,CFFEX,T0
2019-02-19,100.445,100.525,100.435,100.525,35,0,0.0,2年期国债期货,CFFEX,TS0
2019-02-19,99.65,99.915,99.65,99.8,5092,0,0.0,5年期国债期货,CFFEX,TF0
2019-02-20,98.02,98.13,97.935,98.09,20751,0,0.0,10年期国债期货,CFFEX,T0
2019-02-20,100.54,100.555,100.54,100.55,41,0,0.0,2年期国债期货,CFFEX,TS0
2019-02-20,100.2,100.2,99.745,99.865,3858,0,0.0,5年期国债期货,CFFEX,TF0
2019-02-21,97.6,97.73,97.37,97.73,37227,0,0.0,10年期国债期货,CFFEX,T0
2019-02-21,100.53,100.535,100.5,100.52,59,0,0.0,2年期国债期货,CFFEX,TS0
2019-02-21,99.76,99.935,99.76,99.895,3334,0,0.0,5年期国债期货,CFFEX,TF0
2019-02-22,97.695,97.7,97.465,97.55,31686,0,0.0,10年期国债期货,CFFEX,T0
2019-02-22,100.5,100.54,100.5,100.52,56,0,0.0,2年期国债期货,CFFEX,TS0
2019-02-22,99.665,99.73,99.55,99.57,4329,0,0.0,5年期国债期货,CFFEX,TF0
2019-02-25,97.495,97.495,97.055,97.2,42579,0,0.0,10年期国债期货,CFFEX,T0
2019-02-25,100.435,100.45,100.415,100.45,9,0,0.0,2年期国债期货,CFFEX,TS0
2019-02-25,99.505,99.555,99.2,99.29,6073,0,0.0,5年期国债期货,CFFEX,TF0
2019-02-26,97.18,97.21,96.69,96.92,57914,0,0.0,10年期国债期货,CFFEX,T0
2019-02-26,100.46,100.615,100.46,100.605,68,0,0.0,2年期国债期货,CFFEX,TS0
2019-02-26,99.25,99.255,98.935,99.085,6856,0,0.0,5年期国债期货,CFFEX,TF0
2019-02-27,97.02,97.19,96.915,97.105,48717,0,0.0,10年期国债期货,CFFEX,T0
2019-02-27,100.51,100.85,100.495,100.73,95,0,0.0,2年期国债期货,CFFEX,TS0
2019-02-27,99.1,99.245,99.095,99.175,6261,0,0.0,5年期国债期货,CFFEX,TF0
2019-02-28,97.18,97.26,96.865,96.945,42701,0,0.0,10年期国债期货,CFFEX,T0
2019-02-28,101.0,101.0,101.0,101.0,1,0,0.0,2年期国债期货,CFFEX,TS0
2019-02-28,99.205,99.275,99.06,99.12,5028,0,0.0,5年期国债期货,CFFEX,TF0
2019-03-01,96.94,96.99,96.74,96.755,40388,0,0.0,10年期国债期货,CFFEX,T0
2019-03-01,100.28,100.325,100.265,100.31,12,0,0.0,2年期国债期货,CFFEX,TS0
2019-03-01,99.09,99.15,98.995,99.01,4767,0,0.0,5年期国债期货,CFFEX,TF0
2019-03-04,96.73,97.145,96.63,97.045,53760,0,0.0,10年期国债期货,CFFEX,T0
2019-03-04,100.22,100.325,100.22,100.325,19,0,0.0,2年期国债期货,CFFEX,TS0
2019-03-04,98.945,99.2,98.91,99.14,6408,0,0.0,5年期国债期货,CFFEX,TF0
2019-03-05,97.04,97.205,97.01,97.12,46216,0,0.0,10年期国债期货,CFFEX,T0
2019-03-05,100.335,100.335,100.31,100.31,12,0,0.0,2年期国债期货,CFFEX,TS0
2019-03-05,99.105,99.245,99.105,99.175,4456,0,0.0,5年期国债期货,CFFEX,TF0
2019-03-06,97.12,97.34,97.11,97.235,45901,0,0.0,10年期国债期货,CFFEX,T0
2019-03-06,100.31,100.31,100.21,100.27,34,0,0.0,2年期国债期货,CFFEX,TS0
2019-03-06,99.16,99.28,99.145,99.185,4717,0,0.0,5年期国债期货,CFFEX,TF0
2019-03-07,97.315,97.735,97.315,97.73,46308,0,0.0,10年期国债期货,CFFEX,T0
2019-03-07,100.27,100.3,100.27,100.295,65,0,0.0,2年期国债期货,CFFEX,TS0
2019-03-07,99.25,99.47,99.25,99.47,5964,0,0.0,5年期国债期货,CFFEX,TF0
2019-03-08,97.85,97.985,97.715,97.755,52578,0,0.0,10年期国债期货,CFFEX,T0
2019-03-08,100.345,100.37,100.32,100.34,15,0,0.0,2年期国债期货,CFFEX,TS0
2019-03-08,99.55,99.65,99.51,99.58,6442,0,0.0,5年期国债期货,CFFEX,TF0
2019-03-11,97.86,97.945,97.65,97.67,36158,0,0.0,10年期国债期货,CFFEX,T0
2019-03-11,100.355,100.355,100.3,100.3,23,0,0.0,2年期国债期货,CFFEX,TS0
2019-03-11,99.62,99.65,99.485,99.5,4803,0,0.0,5年期国债期货,CFFEX,TF0
2019-03-12,97.61,97.83,97.565,97.725,40445,0,0.0,10年期国债期货,CFFEX,T0
2019-03-12,100.3,100.3,100.275,100.285,9,0,0.0,2年期国债期货,CFFEX,TS0
2019-03-12,99.45,99.58,99.44,99.535,3740,0,0.0,5年期国债期货,CFFEX,TF0
2019-03-13,97.77,97.88,97.72,97.805,35345,0,0.0,10年期国债期货,CFFEX,T0
2019-03-13,100.29,100.29,100.26,100.27,32,0,0.0,2年期国债期货,CFFEX,TS0
2019-03-13,99.535,99.605,99.5,99.515,3114,0,0.0,5年期国债期货,CFFEX,TF0
2019-03-14,97.78,97.795,97.535,97.55,39060,0,0.0,10年期国债期货,CFFEX,T0
2019-03-14,100.265,100.265,100.23,100.24,12,0,0.0,2年期国债期货,CFFEX,TS0
2019-03-14,99.52,99.535,99.375,99.375,4199,0,0.0,5年期国债期货,CFFEX,TF0
2019-03-15,97.515,97.8,97.31,97.66,55270,0,0.0,10年期国债期货,CFFEX,T0
2019-03-15,100.22,100.22,100.18,100.2,38,0,0.0,2年期国债期货,CFFEX,TS0
2019-03-15,99.365,99.525,99.235,99.435,7312,0,0.0,5年期国债期货,CFFEX,TF0
2019-03-18,97.62,97.635,97.45,97.505,33886,0,0.0,10年期国债期货,CFFEX,T0
2019-03-18,100.18,100.18,100.15,100.155,43,0,0.0,2年期国债期货,CFFEX,TS0
2019-03-18,99.435,99.435,99.3,99.34,4212,0,0.0,5年期国债期货,CFFEX,TF0
2019-03-19,97.505,97.69,97.375,97.385,42155,0,0.0,10年期国债期货,CFFEX,T0
2019-03-19,100.16,100.175,100.15,100.155,8,0,0.0,2年期国债期货,CFFEX,TS0
2019-03-19,99.33,99.44,99.265,99.265,4359,0,0.0,5年期国债期货,CFFEX,TF0
2019-03-20,97.46,97.555,97.365,97.43,36977,0,0.0,10年期国债期货,CFFEX,T0
2019-03-20,100.145,100.145,99.915,100.08,220,0,0.0,2年期国债期货,CFFEX,TS0
2019-03-20,99.285,99.355,99.25,99.28,3995,0,0.0,5年期国债期货,CFFEX,TF0
2019-03-21,97.55,97.705,97.53,97.635,35798,0,0.0,10年期国债期货,CFFEX,T0
2019-03-21,100.115,100.155,100.11,100.155,32,0,0.0,2年期国债期货,CFFEX,TS0
2019-03-21,99.335,99.46,99.335,99.43,4597,0,0.0,5年期国债期货,CFFEX,TF0
2019-03-22,97.62,97.845,97.61,97.79,27503,0,0.0,10年期国债期货,CFFEX,T0
2019-03-22,100.16,100.19,100.16,100.19,3,0,0.0,2年期国债期货,CFFEX,TS0
2019-03-22,99.43,99.535,99.41,99.5,2689,0,0.0,5年期国债期货,CFFEX,TF0
2019-03-25,98.0,98.155,97.97,98.095,34962,0,0.0,10年期国债期货,CFFEX,T0
2019-03-25,100.215,100.285,100.205,100.27,8,0,0.0,2年期国债期货,CFFEX,TS0
2019-03-25,99.6,99.7,99.6,99.695,4264,0,0.0,5年期国债期货,CFFEX,TF0
2019-03-26,98.045,98.225,98.015,98.095,36287,0,0.0,10年期国债期货,CFFEX,T0
2019-03-26,100.325,100.325,100.245,100.28,27,0,0.0,2年期国债期货,CFFEX,TS0
2019-03-26,99.685,99.765,99.635,99.7,4060,0,0.0,5年期国债期货,CFFEX,TF0
2019-03-27,98.095,98.135,97.935,97.945,33596,0,0.0,10年期国债期货,CFFEX,T0
2019-03-27,100.26,100.295,100.255,100.295,8,0,0.0,2年期国债期货,CFFEX,TS0
2019-03-27,99.705,99.725,99.615,99.64,3149,0,0.0,5年期国债期货,CFFEX,TF0
2019-03-28,98.035,98.15,97.99,98.055,31289,0,0.0,10年期国债期货,CFFEX,T0
2019-03-28,100.3,100.32,100.3,100.305,56,0,0.0,2年期国债期货,CFFEX,TS0
2019-03-28,99.7,99.745,99.635,99.69,3657,0,0.0,5年期国债期货,CFFEX,TF0
2019-03-29,98.0,98.02,97.85,97.915,28512,0,0.0,10年期国债期货,CFFEX,T0
2019-03-29,100.315,100.315,100.285,100.315,97,0,0.0,2年期国债期货,CFFEX,TS0
2019-03-29,99.685,99.685,99.565,99.62,3763,0,0.0,5年期国债期货,CFFEX,TF0
2019-04-01,97.7,97.73,97.42,97.45,43912,0,0.0,10年期国债期货,CFFEX,T0
2019-04-01,100.28,100.33,100.24,100.265,66,0,0.0,2年期国债期货,CFFEX,TS0
2019-04-01,99.565,99.565,99.31,99.325,6353,0,0.0,5年期国债期货,CFFEX,TF0
2019-04-02,97.235,97.37,97.17,97.255,38953,0,0.0,10年期国债期货,CFFEX,T0
2019-04-02,100.25,100.29,100.25,100.29,52,0,0.0,2年期国债期货,CFFEX,TS0
2019-04-02,99.18,99.295,99.125,99.235,6292,0,0.0,5年期国债期货,CFFEX,TF0
2019-04-03,97.285,97.39,96.63,96.75,53668,0,0.0,10年期国债期货,CFFEX,T0
2019-04-03,100.31,100.31,100.155,100.16,166,0,0.0,2年期国债期货,CFFEX,TS0
2019-04-03,99.22,99.32,98.87,98.955,7055,0,0.0,5年期国债期货,CFFEX,TF0
2019-04-04,96.77,96.79,96.455,96.46,50714,0,96.555,10年期国债期货,CFFEX,T0
2019-04-04,100.16,100.165,100.035,100.035,196,0,100.065,2年期国债期货,CFFEX,TS0
2019-04-04,98.935,98.955,98.715,98.725,10022,0,98.79,5年期国债期货,CFFEX,TF0
2019-04-08,96.44,96.855,96.375,96.68,41709,0,0.0,10年期国债期货,CFFEX,T0
2019-04-08,100.03,100.09,100.03,100.055,98,0,0.0,2年期国债期货,CFFEX,TS0
2019-04-08,98.51,98.91,98.51,98.78,7222,0,0.0,5年期国债期货,CFFEX,TF0
2019-04-09,96.645,96.75,96.48,96.5,37246,0,0.0,10年期国债期货,CFFEX,T0
2019-04-09,100.045,100.045,99.965,99.965,69,0,0.0,2年期国债期货,CFFEX,TS0
2019-04-09,98.77,98.78,98.66,98.72,7704,0,0.0,5年期国债期货,CFFEX,TF0
2019-04-10,96.46,96.8,96.39,96.705,54335,0,0.0,10年期国债期货,CFFEX,T0
2019-04-10,99.97,99.98,99.9,99.97,57,0,0.0,2年期国债期货,CFFEX,TS0
2019-04-10,98.7,98.86,98.595,98.805,13390,0,0.0,5年期国债期货,CFFEX,TF0
2019-04-11,96.75,96.945,96.645,96.85,40659,0,0.0,10年期国债期货,CFFEX,T0
2019-04-11,99.99,100.035,99.99,99.995,51,0,0.0,2年期国债期货,CFFEX,TS0
2019-04-11,98.85,98.965,98.76,98.92,5891,0,0.0,5年期国债期货,CFFEX,TF0
2019-04-12,96.81,96.885,96.61,96.645,34705,0,96.725,10年期国债期货,CFFEX,T0
2019-04-12,99.985,99.99,99.98,99.98,6,0,99.98,2年期国债期货,CFFEX,TS0
2019-04-12,98.91,98.935,98.83,98.855,5729,0,98.885,5年期国债期货,CFFEX,TF0
2019-04-15,96.07,96.41,96.0,96.37,42175,0,0.0,10年期国债期货,CFFEX,T0
2019-04-15,99.855,99.885,99.79,99.885,36,0,0.0,2年期国债期货,CFFEX,TS0
2019-04-15,98.55,98.68,98.465,98.64,9246,0,0.0,5年期国债期货,CFFEX,TF0
2019-04-16,96.28,96.415,96.075,96.165,35934,0,0.0,10年期国债期货,CFFEX,T0
2019-04-16,99.89,99.9,99.85,99.85,31,0,0.0,2年期国债期货,CFFEX,TS0
2019-04-16,98.6,98.67,98.49,98.53,4160,0,0.0,5年期国债期货,CFFEX,TF0
2019-04-17,96.19,96.475,95.82,96.42,67857,0,0.0,10年期国债期货,CFFEX,T0
2019-04-17,99.845,99.88,99.75,99.88,75,0,0.0,2年期国债期货,CFFEX,TS0
2019-04-17,98.56,98.71,98.335,98.71,8082,0,0.0,5年期国债期货,CFFEX,TF0
2019-04-18,96.44,96.52,96.38,96.48,23809,0,0.0,10年期国债期货,CFFEX,T0
2019-04-18,99.855,99.87,99.84,99.865,45,0,0.0,2年期国债期货,CFFEX,TS0
2019-04-18,98.725,98.765,98.645,98.745,3153,0,0.0,5年期国债期货,CFFEX,TF0
2019-04-19,96.525,96.58,96.37,96.39,32243,0,0.0,10年期国债期货,CFFEX,T0
2019-04-19,99.875,99.9,99.875,99.89,24,0,0.0,2年期国债期货,CFFEX,TS0
2019-04-19,98.78,98.82,98.695,98.725,5004,0,0.0,5年期国债期货,CFFEX,TF0
2019-04-22,96.215,96.39,96.205,96.22,32142,0,0.0,10年期国债期货,CFFEX,T0
2019-04-22,99.84,99.855,99.84,99.845,26,0,0.0,2年期国债期货,CFFEX,TS0
2019-04-22,98.62,98.685,98.6,98.6,3873,0,0.0,5年期国债期货,CFFEX,TF0
2019-04-23,96.105,96.38,96.105,96.32,37110,0,0.0,10年期国债期货,CFFEX,T0
2019-04-23,99.785,99.845,99.785,99.84,20,0,0.0,2年期国债期货,CFFEX,TS0
2019-04-23,98.56,98.695,98.535,98.65,4840,0,0.0,5年期国债期货,CFFEX,TF0
2019-04-24,96.35,96.355,95.89,95.91,41420,0,0.0,10年期国债期货,CFFEX,T0
2019-04-24,100.01,100.01,99.795,99.795,9,0,0.0,2年期国债期货,CFFEX,TS0
2019-04-24,98.68,98.68,98.44,98.45,6256,0,0.0,5年期国债期货,CFFEX,TF0
2019-04-25,96.025,96.35,95.955,96.115,41019,61972,0.0,10年期国债期货,CFFEX,T0
2019-04-25,99.815,99.89,99.815,99.84,19,787,0.0,2年期国债期货,CFFEX,TS0
2019-04-25,98.515,98.72,98.475,98.575,6097,20990,0.0,5年期国债期货,CFFEX,TF0
2019-04-26,96.165,96.43,96.15,96.38,35183,61133,0.0,10年期国债期货,CFFEX,T0
2019-04-26,99.825,99.85,99.815,99.815,7,787,0.0,2年期国债期货,CFFEX,TS0
2019-04-26,98.605,98.735,98.59,98.725,3772,20831,0.0,5年期国债期货,CFFEX,TF0
2019-04-29,96.4,96.445,96.165,96.245,34408,60154,0.0,10年期国债期货,CFFEX,T0
2019-04-29,99.795,99.845,99.795,99.8,54,804,0.0,2年期国债期货,CFFEX,TS0
2019-04-29,98.74,98.76,98.57,98.63,4046,20827,0.0,5年期国债期货,CFFEX,TF0
2019-04-30,96.3,96.665,96.3,96.665,35841,58909,0.0,10年期国债期货,CFFEX,T0
2019-04-30,99.8,99.89,99.8,99.86,89,770,0.0,2年期国债期货,CFFEX,TS0
2019-04-30,98.67,98.865,98.665,98.875,4379,20396,0.0,5年期国债期货,CFFEX,TF0
2019-05-06,96.99,97.06,96.745,96.87,40537,53028,0.0,10年期国债期货,CFFEX,T0
2019-05-06,99.955,100.05,99.955,100.025,115,726,0.0,2年期国债期货,CFFEX,TS0
2019-05-06,99.02,99.115,98.96,99.02,6870,19642,0.0,5年期国债期货,CFFEX,TF0
2019-05-07,96.77,96.87,96.71,96.78,26221,49495,0.0,10年期国债期货,CFFEX,T0
2019-05-07,99.98,100.045,99.98,100.03,81,702,0.0,2年期国债期货,CFFEX,TS0
2019-05-07,98.98,99.055,98.945,98.995,3828,19552,0.0,5年期国债期货,CFFEX,TF0
2019-05-08,96.875,96.975,96.815,96.915,28545,45598,0.0,10年期国债期货,CFFEX,T0
2019-05-08,100.02,100.04,100.0,100.015,54,729,0.0,2年期国债期货,CFFEX,TS0
2019-05-08,99.085,99.14,99.0,99.045,5736,18259,0.0,5年期国债期货,CFFEX,TF0
2019-05-09,96.975,97.045,96.905,97.01,29865,41302,0.0,10年期国债期货,CFFEX,T0
2019-05-09,100.035,100.05,100.03,100.03,48,706,0.0,2年期国债期货,CFFEX,TS0
2019-05-09,99.095,99.105,99.03,99.095,5376,17141,0.0,5年期国债期货,CFFEX,TF0
2019-05-10,96.92,97.145,96.805,97.13,36782,40038,0.0,10年期国债期货,CFFEX,T0
2019-05-10,100.06,100.07,100.03,100.03,22,695,0.0,2年期国债期货,CFFEX,TS0
2019-05-10,99.06,99.185,98.955,99.115,6679,15880,0.0,5年期国债期货,CFFEX,TF0
2019-05-13,97.235,97.42,97.195,97.37,2,38007,0.0,10年期国债期货,CFFEX,T0
2019-05-13,100.155,100.16,100.11,100.11,0,694,0.0,2年期国债期货,CFFEX,TS0
2019-05-13,99.14,99.295,99.14,99.225,0,15185,0.0,5年期国债期货,CFFEX,TF0
2019-05-14,97.4,97.45,97.205,97.275,2,35459,0.0,10年期国债期货,CFFEX,T0
2019-05-14,100.865,100.865,100.865,100.865,0,0,0.0,2年期国债期货,CFFEX,TS0
2019-05-14,99.325,99.325,99.325,99.325,0,0,0.0,5年期国债期货,CFFEX,TF0
2019-05-15,97.23,97.36,97.085,97.35,3,33753,0.0,10年期国债期货,CFFEX,T0
2019-05-15,100.865,100.865,100.865,100.865,0,0,0.0,2年期国债期货,CFFEX,TS0
2019-05-15,99.325,99.325,99.325,99.325,0,0,0.0,5年期国债期货,CFFEX,TF0
2019-05-16,97.36,97.47,97.27,97.31,25934,30889,0.0,10年期国债期货,CFFEX,T0
2019-05-16,99.81,99.815,99.67,99.67,95,75,0.0,2年期国债期货,CFFEX,TS0
2019-05-16,98.92,98.92,98.66,98.66,103,89,0.0,5年期国债期货,CFFEX,TF0
2019-05-17,97.3,97.455,97.22,97.41,25044,28287,0.0,10年期国债期货,CFFEX,T0
2019-05-17,100.035,100.075,100.035,100.07,247,841,0.0,2年期国债期货,CFFEX,TS0
2019-05-17,99.19,99.28,99.16,99.26,4876,10511,0.0,5年期国债期货,CFFEX,TF0
2019-05-20,97.375,97.53,97.305,97.405,17636,25671,0.0,10年期国债期货,CFFEX,T0
2019-05-20,100.075,100.1,100.06,100.07,224,757,0.0,2年期国债期货,CFFEX,TS0
2019-05-20,99.245,99.33,99.195,99.275,3807,8896,0.0,5年期国债期货,CFFEX,TF0
2019-05-21,97.35,97.36,97.15,97.15,14418,22464,0.0,10年期国债期货,CFFEX,T0
2019-05-21,100.065,100.07,100.055,100.06,136,823,0.0,2年期国债期货,CFFEX,TS0
2019-05-21,99.7,99.7,99.15,99.165,4691,6740,0.0,5年期国债期货,CFFEX,TF0
2019-05-22,96.59,96.63,96.47,96.58,31003,39308,0.0,10年期国债期货,CFFEX,T0
2019-05-22,99.785,99.785,99.76,99.76,234,603,0.0,2年期国债期货,CFFEX,TS0
2019-05-22,99.085,99.175,99.085,99.16,3295,5706,0.0,5年期国债期货,CFFEX,TF0
2019-05-23,96.65,96.84,96.63,96.79,29460,40875,96.79,10年期国债期货,CFFEX,T0
2019-05-23,99.75,99.775,99.75,99.765,412,949,99.765,2年期国债期货,CFFEX,TS0
2019-05-23,98.88,98.975,98.855,98.955,3695,12632,98.945,5年期国债期货,CFFEX,TF0
2019-05-24,96.86,96.89,96.735,96.77,24333,41676,96.805,10年期国债期货,CFFEX,T0
2019-05-24,99.875,99.9,99.87,99.89,292,1236,99.89,2年期国债期货,CFFEX,TS0
2019-05-24,98.99,99.005,98.94,98.955,3112,13159,98.96,5年期国债期货,CFFEX,TF0
2019-05-27,96.675,96.68,96.12,96.3,41383,43844,96.26,10年期国债期货,CFFEX,T0
2019-05-27,99.9,99.9,99.745,99.75,1260,1670,99.765,2年期国债期货,CFFEX,TS0
2019-05-27,98.955,98.955,98.575,98.63,8296,13763,98.635,5年期国债期货,CFFEX,TF0
2019-05-28,96.39,96.62,96.27,96.54,39485,45852,96.55,10年期国债期货,CFFEX,T0
2019-05-28,99.675,99.85,99.675,99.845,554,1714,99.845,2年期国债期货,CFFEX,TS0
2019-05-28,98.575,98.805,98.575,98.75,5715,13742,98.77,5年期国债期货,CFFEX,TF0
2019-05-29,96.7,96.91,96.65,96.87,29027,48270,96.875,10年期国债期货,CFFEX,T0
2019-05-29,99.885,99.935,99.885,99.93,475,2067,99.925,2年期国债期货,CFFEX,TS0
2019-05-29,98.86,99.0,98.81,98.975,5094,14358,98.98,5年期国债期货,CFFEX,TF0
2019-05-30,96.78,97.005,96.77,96.885,26292,49439,96.88,10年期国债期货,CFFEX,T0
2019-05-30,99.885,99.91,99.885,99.9,322,2079,99.9,2年期国债期货,CFFEX,TS0
2019-05-30,98.95,99.065,98.905,99.0,3735,14560,99.005,5年期国债期货,CFFEX,TF0
2019-05-31,96.99,97.05,96.725,96.93,33442,50555,96.885,10年期国债期货,CFFEX,T0
2019-05-31,100.24,100.24,100.19,100.19,4,298,100.19,2年期国债期货,CFFEX,TS0
2019-05-31,99.075,99.11,98.93,99.04,5029,14420,99.02,5年期国债期货,CFFEX,TF0
2019-06-03,97.025,97.275,97.015,97.2,28853,53076,97.215,10年期国债期货,CFFEX,T0
2019-06-03,99.595,99.72,99.595,99.72,657,2103,99.71,2年期国债期货,CFFEX,TS0
2019-06-03,99.1,99.21,99.09,99.16,5824,15172,99.175,5年期国债期货,CFFEX,TF0
2019-06-04,97.23,97.4,97.165,97.355,34459,54233,97.345,10年期国债期货,CFFEX,T0
2019-06-04,99.76,99.77,99.74,99.77,536,1804,99.77,2年期国债期货,CFFEX,TS0
2019-06-04,99.19,99.29,99.15,99.265,4803,15853,99.25,5年期国债期货,CFFEX,TF0
2019-06-05,97.29,97.515,97.24,97.505,32881,56705,97.455,10年期国债期货,CFFEX,T0
2019-06-05,99.785,99.82,99.785,99.82,51,1801,99.8,2年期国债期货,CFFEX,TS0
2019-06-05,99.235,99.33,99.18,99.325,5097,16305,99.29,5年期国债期货,CFFEX,TF0
2019-06-06,97.505,97.6,97.41,97.47,32615,55631,97.5,10年期国债期货,CFFEX,T0
2019-06-06,100.05,100.075,100.045,100.045,315,2470,100.05,2年期国债期货,CFFEX,TS0
2019-06-06,99.39,99.39,99.25,99.29,5459,16498,99.305,5年期国债期货,CFFEX,TF0
2019-06-10,97.45,97.485,97.315,97.41,26794,55289,0.0,10年期国债期货,CFFEX,T0
2019-06-10,100.04,100.065,100.02,100.06,248,2597,0.0,2年期国债期货,CFFEX,TS0
2019-06-10,99.22,99.305,99.21,99.26,4960,16937,0.0,5年期国债期货,CFFEX,TF0
2019-06-11,97.36,97.365,97.07,97.095,32897,51316,97.115,10年期国债期货,CFFEX,T0
2019-06-11,100.02,100.04,99.99,100.005,683,2355,100.0,2年期国债期货,CFFEX,TS0
2019-06-11,99.185,99.245,99.06,99.085,6318,17800,99.09,5年期国债期货,CFFEX,TF0
2019-06-12,97.125,97.275,97.12,97.13,29586,51789,97.16,10年期国债期货,CFFEX,T0
2019-06-12,100.0,100.04,100.0,100.03,342,2390,100.03,2年期国债期货,CFFEX,TS0
2019-06-12,99.03,99.175,99.03,99.125,6987,19674,99.12,5年期国债期货,CFFEX,TF0
2019-06-13,97.22,97.42,97.19,97.34,26361,54087,97.365,10年期国债期货,CFFEX,T0
2019-06-13,100.01,100.055,100.01,100.035,553,2480,100.02,2年期国债期货,CFFEX,TS0
2019-06-13,99.15,99.285,99.15,99.255,4631,19729,99.255,5年期国债期货,CFFEX,TF0
2019-06-14,97.395,97.605,97.35,97.575,28169,54647,0.0,10年期国债期货,CFFEX,T0
2019-06-14,100.045,100.105,100.025,100.1,531,2656,0.0,2年期国债期货,CFFEX,TS0
2019-06-14,99.255,99.395,99.255,99.39,3146,20133,0.0,5年期国债期货,CFFEX,TF0
2019-06-17,97.65,97.76,97.61,97.665,21956,55329,97.66,10年期国债期货,CFFEX,T0
2019-06-17,100.13,100.145,100.08,100.105,306,2594,100.11,2年期国债期货,CFFEX,TS0
2019-06-17,99.485,99.49,99.405,99.415,3565,20627,99.42,5年期国债期货,CFFEX,TF0
2019-06-18,97.605,97.66,97.405,97.49,26638,56194,97.445,10年期国债期货,CFFEX,T0
2019-06-18,100.13,100.13,100.07,100.075,332,2720,100.075,2年期国债期货,CFFEX,TS0
2019-06-18,99.43,99.43,99.315,99.355,4916,20247,99.335,5年期国债期货,CFFEX,TF0
2019-06-19,97.4,97.49,97.345,97.36,29447,56177,97.38,10年期国债期货,CFFEX,T0
2019-06-19,100.085,100.09,100.065,100.065,126,2719,100.07,2年期国债期货,CFFEX,TS0
2019-06-19,99.39,99.39,99.28,99.32,3766,20956,99.32,5年期国债期货,CFFEX,TF0
2019-06-20,97.5,97.635,97.36,97.37,31969,57787,97.435,10年期国债期货,CFFEX,T0
2019-06-20,100.11,100.155,100.09,100.09,234,2688,100.1,2年期国债期货,CFFEX,TS0
2019-06-20,99.395,99.485,99.33,99.33,5482,21436,99.36,5年期国债期货,CFFEX,TF0
2019-06-21,97.335,97.565,97.285,97.475,29167,57770,0.0,10年期国债期货,CFFEX,T0
2019-06-21,100.2,100.2,100.115,100.12,239,2634,0.0,2年期国债期货,CFFEX,TS0
2019-06-21,99.345,99.43,99.27,99.39,6726,21488,0.0,5年期国债期货,CFFEX,TF0
2019-06-24,97.48,97.485,97.25,97.31,23511,58091,97.31,10年期国债期货,CFFEX,T0
2019-06-24,100.1,100.105,100.085,100.095,312,2594,100.09,2年期国债期货,CFFEX,TS0
2019-06-24,99.39,99.41,99.27,99.3,4365,21601,99.305,5年期国债期货,CFFEX,TF0
2019-06-25,97.31,97.55,97.31,97.395,33004,58682,97.405,10年期国债期货,CFFEX,T0
2019-06-25,100.08,100.145,100.08,100.1,352,2655,100.105,2年期国债期货,CFFEX,TS0
2019-06-25,99.335,99.425,99.315,99.325,5476,21579,99.335,5年期国债期货,CFFEX,TF0
2019-06-26,97.42,97.44,97.23,97.265,26597,58291,0.0,10年期国债期货,CFFEX,T0
2019-06-26,100.09,100.095,100.075,100.075,317,2584,0.0,2年期国债期货,CFFEX,TS0
2019-06-26,99.325,99.345,99.26,99.265,4303,21335,0.0,5年期国债期货,CFFEX,TF0
2019-06-27,97.25,97.395,97.19,97.21,28127,58610,97.235,10年期国债期货,CFFEX,T0
2019-06-27,100.09,100.105,100.065,100.07,554,2709,100.07,2年期国债期货,CFFEX,TS0
2019-06-27,99.265,99.335,99.22,99.24,4517,21245,99.245,5年期国债期货,CFFEX,TF0
2019-06-28,97.225,97.585,97.21,97.54,42879,61104,97.495,10年期国债期货,CFFEX,T0
2019-06-28,100.08,100.145,100.08,100.125,629,2797,100.13,2年期国债期货,CFFEX,TS0
2019-06-28,99.185,99.445,99.185,99.395,7874,21264,99.39,5年期国债期货,CFFEX,TF0
2019-07-01,97.35,97.63,97.3,97.605,36124,64268,97.595,10年期国债期货,CFFEX,T0
2019-07-01,100.1,100.13,100.08,100.12,482,2994,100.125,2年期国债期货,CFFEX,TS0
2019-07-01,99.33,99.45,99.265,99.435,5032,21344,99.425,5年期国债期货,CFFEX,TF0
2019-07-02,97.56,98.1,97.515,98.06,49226,70153,98.015,10年期国债期货,CFFEX,T0
2019-07-02,100.13,100.2,100.125,100.2,621,3063,100.19,2年期国债期货,CFFEX,TS0
2019-07-02,99.435,99.695,99.39,99.685,8072,22295,99.635,5年期国债期货,CFFEX,TF0
2019-07-03,98.18,98.295,98.09,98.23,37695,72520,98.255,10年期国债期货,CFFEX,T0
2019-07-03,100.225,100.24,100.195,100.215,393,3117,100.215,2年期国债期货,CFFEX,TS0
2019-07-03,99.76,99.81,99.69,99.73,5357,22815,99.755,5年期国债期货,CFFEX,TF0
2019-07-04,98.15,98.245,98.06,98.215,36837,71908,98.205,10年期国债期货,CFFEX,T0
2019-07-04,100.19,100.235,100.19,100.225,571,3306,100.225,2年期国债期货,CFFEX,TS0
2019-07-04,99.685,99.775,99.645,99.77,5026,22865,99.755,5年期国债期货,CFFEX,TF0
2019-07-05,98.21,98.21,98.02,98.04,30387,71623,98.075,10年期国债期货,CFFEX,T0
2019-07-05,100.215,100.22,100.19,100.195,405,3329,100.195,2年期国债期货,CFFEX,TS0
2019-07-05,99.755,99.755,99.62,99.63,4792,22902,99.645,5年期国债期货,CFFEX,TF0
2019-07-08,97.965,98.205,97.91,97.97,36530,70133,97.95,10年期国债期货,CFFEX,T0
2019-07-08,100.175,100.195,100.15,100.155,616,3387,100.155,2年期国债期货,CFFEX,TS0
2019-07-08,99.585,99.7,99.545,99.565,5452,23010,99.56,5年期国债期货,CFFEX,TF0
2019-07-09,97.97,98.19,97.94,98.16,28805,73349,98.14,10年期国债期货,CFFEX,T0
2019-07-09,100.17,100.175,100.16,100.17,1643,3584,100.165,2年期国债期货,CFFEX,TS0
2019-07-09,99.565,99.68,99.565,99.655,5584,23512,99.655,5年期国债期货,CFFEX,TF0
2019-07-10,98.165,98.27,98.005,98.11,38507,72502,98.11,10年期国债期货,CFFEX,T0
2019-07-10,100.175,100.175,100.165,100.17,2311,3916,100.165,2年期国债期货,CFFEX,TS0
2019-07-10,99.665,99.72,99.605,99.685,7970,24228,99.665,5年期国债期货,CFFEX,TF0
2019-07-11,98.19,98.43,98.085,98.115,51524,74905,98.15,10年期国债期货,CFFEX,T0
2019-07-11,100.18,100.21,100.18,100.2,4128,4905,100.2,2年期国债期货,CFFEX,TS0
2019-07-11,99.72,99.815,99.65,99.66,10538,25388,99.685,5年期国债期货,CFFEX,TF0
2019-07-12,98.1,98.29,98.02,98.29,29826,75498,98.195,10年期国债期货,CFFEX,T0
2019-07-12,100.195,100.215,100.19,100.21,2142,5502,100.205,2年期国债期货,CFFEX,TS0
2019-07-12,99.665,99.735,99.62,99.735,5608,25575,99.685,5年期国债期货,CFFEX,TF0
2019-07-15,98.3,98.48,97.98,97.99,51178,72691,98.02,10年期国债期货,CFFEX,T0
2019-07-15,100.215,100.235,100.175,100.175,2149,5009,100.175,2年期国债期货,CFFEX,TS0
2019-07-15,99.765,99.86,99.6,99.615,9862,24788,99.63,5年期国债期货,CFFEX,TF0
2019-07-16,97.995,98.175,97.99,98.035,31543,71605,98.025,10年期国债期货,CFFEX,T0
2019-07-16,100.175,100.195,100.165,100.175,2932,4987,100.17,2年期国债期货,CFFEX,TS0
2019-07-16,99.615,99.7,99.61,99.63,4909,24804,99.625,5年期国债期货,CFFEX,TF0
2019-07-17,98.07,98.14,98.0,98.085,29003,70669,0.0,10年期国债期货,CFFEX,T0
2019-07-17,100.185,100.195,100.18,100.19,1826,5074,0.0,2年期国债期货,CFFEX,TS0
2019-07-17,99.66,99.7,99.63,99.675,5324,24022,0.0,5年期国债期货,CFFEX,TF0
2019-07-18,98.15,98.32,98.13,98.27,37302,72949,98.255,10年期国债期货,CFFEX,T0
2019-07-18,100.185,100.23,100.185,100.225,1432,5160,100.22,2年期国债期货,CFFEX,TS0
2019-07-18,99.72,99.8,99.71,99.785,6057,24166,99.77,5年期国债期货,CFFEX,TF0
2019-07-19,98.33,98.35,98.12,98.25,32469,72472,0.0,10年期国债期货,CFFEX,T0
2019-07-19,100.235,100.235,100.2,100.21,2268,4851,0.0,2年期国债期货,CFFEX,TS0
2019-07-19,99.79,99.83,99.71,99.77,4736,23717,0.0,5年期国债期货,CFFEX,TF0
2019-07-22,98.22,98.385,98.135,98.375,28877,75255,98.36,10年期国债期货,CFFEX,T0
2019-07-22,100.2,100.245,100.2,100.24,1864,4965,100.235,2年期国债期货,CFFEX,TS0
2019-07-22,99.77,99.845,99.705,99.835,4865,23765,99.83,5年期国债期货,CFFEX,TF0
2019-07-23,98.445,98.83,98.31,98.38,36748,74284,98.34,10年期国债期货,CFFEX,T0
2019-07-23,100.255,100.295,100.23,100.24,2006,4931,100.235,2年期国债期货,CFFEX,TS0
2019-07-23,99.845,99.985,99.79,99.825,7551,22916,99.805,5年期国债期货,CFFEX,TF0
2019-07-24,98.305,98.32,98.135,98.145,29500,71241,98.165,10年期国债期货,CFFEX,T0
2019-07-24,100.225,100.225,100.195,100.2,2306,4733,100.2,2年期国债期货,CFFEX,TS0
2019-07-24,99.785,99.785,99.7,99.7,5710,22123,99.72,5年期国债期货,CFFEX,TF0
2019-07-25,98.195,98.255,98.135,98.2,21521,68786,98.195,10年期国债期货,CFFEX,T0
2019-07-25,100.205,100.22,100.205,100.205,1605,4465,100.21,2年期国债期货,CFFEX,TS0
2019-07-25,99.73,99.76,99.71,99.735,4087,21951,99.745,5年期国债期货,CFFEX,TF0
2019-07-26,98.18,98.29,98.155,98.24,19402,68573,98.23,10年期国债期货,CFFEX,T0
2019-07-26,100.21,100.225,100.21,100.225,1716,4407,100.215,2年期国债期货,CFFEX,TS0
2019-07-26,99.735,99.79,99.705,99.77,3989,22113,99.76,5年期国债期货,CFFEX,TF0
2019-07-29,98.22,98.265,98.025,98.055,33358,64462,98.065,10年期国债期货,CFFEX,T0
2019-07-29,100.22,100.225,100.195,100.2,3845,4316,100.2,2年期国债期货,CFFEX,TS0
2019-07-29,99.74,99.785,99.63,99.635,8248,22016,99.65,5年期国债期货,CFFEX,TF0
2019-07-30,98.07,98.15,97.955,98.15,30887,61423,98.12,10年期国债期货,CFFEX,T0
2019-07-30,100.205,100.205,100.19,100.195,5451,4831,100.195,2年期国债期货,CFFEX,TS0
2019-07-30,99.65,99.71,99.575,99.71,6768,21055,99.69,5年期国债期货,CFFEX,TF0
2019-07-31,98.22,98.395,98.205,98.39,30728,61728,98.365,10年期国债期货,CFFEX,T0
2019-07-31,100.21,100.25,100.21,100.25,7192,4839,100.235,2年期国债期货,CFFEX,TS0
2019-07-31,99.75,99.855,99.75,99.85,6067,20995,99.83,5年期国债期货,CFFEX,TF0
2019-08-01,98.375,98.465,98.275,98.445,24210,62567,98.425,10年期国债期货,CFFEX,T0
2019-08-01,100.25,100.25,100.235,100.245,3508,4633,100.24,2年期国债期货,CFFEX,TS0
2019-08-01,99.89,99.89,99.775,99.855,4888,20973,99.84,5年期国债期货,CFFEX,TF0
2019-08-02,98.76,98.825,98.665,98.72,26921,62330,0.0,10年期国债期货,CFFEX,T0
2019-08-02,100.29,100.325,100.285,100.325,3779,5549,0.0,2年期国债期货,CFFEX,TS0
2019-08-02,99.995,100.1,99.945,100.0,6686,20723,0.0,5年期国债期货,CFFEX,TF0
2019-08-05,98.725,99.08,98.645,99.065,30911,63216,99.02,10年期国债期货,CFFEX,T0
2019-08-05,100.325,100.43,100.315,100.43,9656,5402,100.405,2年期国债期货,CFFEX,TS0
2019-08-05,99.995,100.205,99.96,100.205,7696,19690,100.155,5年期国债期货,CFFEX,TF0
2019-08-06,99.26,99.275,98.995,99.065,33451,60390,99.07,10年期国债期货,CFFEX,T0
2019-08-06,100.46,100.47,100.425,100.425,3944,5073,100.425,2年期国债期货,CFFEX,TS0
2019-08-06,100.4,100.4,100.14,100.17,8394,18359,100.17,5年期国债期货,CFFEX,TF0
2019-08-07,99.055,99.165,99.04,99.135,24345,56417,99.105,10年期国债期货,CFFEX,T0
2019-08-07,100.435,100.445,100.425,100.44,3808,4671,100.435,2年期国债期货,CFFEX,TS0
2019-08-07,100.2,100.205,100.14,100.17,6489,17692,100.165,5年期国债期货,CFFEX,TF0
2019-08-08,99.08,99.15,99.03,99.125,21024,54294,99.12,10年期国债期货,CFFEX,T0
2019-08-08,100.43,100.455,100.42,100.455,6619,4764,100.445,2年期国债期货,CFFEX,TS0
2019-08-08,100.195,100.195,100.135,100.18,5900,16594,100.175,5年期国债期货,CFFEX,TF0
2019-08-09,99.17,99.33,99.14,99.27,25810,50184,99.29,10年期国债期货,CFFEX,T0
2019-08-09,100.46,100.485,100.46,100.485,4772,4373,100.48,2年期国债期货,CFFEX,TS0
2019-08-09,100.215,100.265,100.18,100.23,8006,14320,100.25,5年期国债期货,CFFEX,TF0
2019-08-12,99.19,99.27,99.125,99.215,19325,46843,99.195,10年期国债期货,CFFEX,T0
2019-08-12,100.46,100.48,100.44,100.445,5425,3817,100.45,2年期国债期货,CFFEX,TS0
2019-08-12,100.235,100.265,100.15,100.265,6489,12643,100.235,5年期国债期货,CFFEX,TF0
2019-08-13,99.405,99.42,99.31,99.345,23746,39981,99.335,10年期国债期货,CFFEX,T0
2019-08-13,100.5,100.5,100.46,100.46,3423,3785,100.46,2年期国债期货,CFFEX,TS0
2019-08-13,100.405,100.405,100.29,100.3,6032,11320,100.305,5年期国债期货,CFFEX,TF0
2019-08-14,99.26,99.45,99.18,99.305,25922,32851,99.32,10年期国债期货,CFFEX,T0
2019-08-14,100.44,100.475,100.43,100.44,5013,3671,100.435,2年期国债期货,CFFEX,TS0
2019-08-14,100.255,100.335,100.215,100.27,6895,9360,100.255,5年期国债期货,CFFEX,TF0
2019-08-15,99.175,99.49,98.925,98.925,34864,56081,98.985,10年期国债期货,CFFEX,T0
2019-08-15,100.46,100.485,100.395,100.41,7403,3442,100.415,2年期国债期货,CFFEX,TS0
2019-08-15,100.16,100.445,100.16,100.205,4468,8284,100.23,5年期国债期货,CFFEX,TF0
2019-08-16,98.995,98.995,98.78,98.85,33245,61953,0.0,10年期国债期货,CFFEX,T0
2019-08-16,100.4,100.41,100.35,100.355,3997,3332,0.0,2年期国债期货,CFFEX,TS0
2019-08-16,100.03,100.11,99.96,100.01,7482,20861,0.0,5年期国债期货,CFFEX,TF0
2019-08-19,98.95,98.965,98.79,98.955,23147,64421,98.915,10年期国债期货,CFFEX,T0
2019-08-19,100.355,100.38,100.35,100.38,751,3215,100.375,2年期国债期货,CFFEX,TS0
2019-08-19,100.095,100.095,99.96,100.08,5865,21530,100.055,5年期国债期货,CFFEX,TF0
2019-08-20,98.875,98.985,98.835,98.86,26377,66557,98.895,10年期国债期货,CFFEX,T0
2019-08-20,100.25,100.275,100.25,100.265,5540,4245,100.265,2年期国债期货,CFFEX,TS0
2019-08-20,100.0,100.09,100.0,100.01,5039,22162,100.04,5年期国债期货,CFFEX,TF0
2019-08-21,98.865,98.875,98.635,98.65,36209,68618,0.0,10年期国债期货,CFFEX,T0
2019-08-21,100.25,100.255,100.22,100.225,7513,4440,0.0,2年期国债期货,CFFEX,TS0
2019-08-21,100.015,100.02,99.885,99.89,4733,22620,0.0,5年期国债期货,CFFEX,TF0
2019-08-22,98.635,98.78,98.6,98.735,26585,69714,98.725,10年期国债期货,CFFEX,T0
2019-08-22,100.22,100.265,100.22,100.26,8340,4758,100.255,2年期国债期货,CFFEX,TS0
2019-08-22,99.85,99.98,99.85,99.955,4605,22889,99.94,5年期国债期货,CFFEX,TF0
2019-08-23,98.705,98.83,98.615,98.775,28328,71587,98.79,10年期国债期货,CFFEX,T0
2019-08-23,100.25,100.285,100.245,100.275,9543,4915,100.275,2年期国债期货,CFFEX,TS0
2019-08-23,99.94,100.02,99.885,99.97,5264,23461,99.99,5年期国债期货,CFFEX,TF0
2019-08-26,98.995,99.175,98.83,98.835,35479,73093,98.935,10年期国债期货,CFFEX,T0
2019-08-26,100.31,100.38,100.3,100.315,6407,5152,100.335,2年期国债期货,CFFEX,TS0
2019-08-26,100.1,100.2,100.005,100.005,6174,23445,100.06,5年期国债期货,CFFEX,TF0
2019-08-27,98.8,98.93,98.75,98.915,27253,75031,98.885,10年期国债期货,CFFEX,T0
2019-08-27,100.31,100.33,100.305,100.32,12145,5283,100.315,2年期国债期货,CFFEX,TS0
2019-08-27,100.0,100.04,99.955,100.04,6474,23416,100.015,5年期国债期货,CFFEX,TF0
2019-08-28,98.935,99.005,98.86,98.87,22641,74825,98.92,10年期国债期货,CFFEX,T0
2019-08-28,100.33,100.345,100.31,100.31,10029,4947,100.315,2年期国债期货,CFFEX,TS0
2019-08-28,100.07,100.085,99.985,100.01,4127,23663,100.03,5年期国债期货,CFFEX,TF0
2019-08-29,98.88,99.425,98.735,99.235,66503,80111,99.28,10年期国债期货,CFFEX,T0
2019-08-29,100.305,100.415,100.28,100.345,17013,4585,100.36,2年期国债期货,CFFEX,TS0
2019-08-29,99.96,100.3,99.915,100.175,12062,24884,100.205,5年期国债期货,CFFEX,TF0
2019-08-30,99.11,99.145,98.875,98.935,47869,78624,98.965,10年期国债期货,CFFEX,T0
2019-08-30,100.325,100.335,100.275,100.285,21798,5145,100.295,2年期国债期货,CFFEX,TS0
2019-08-30,100.11,100.12,99.95,100.0,11201,25385,100.02,5年期国债期货,CFFEX,TF0
2019-09-02,98.945,99.01,98.74,98.775,31585,77856,98.795,10年期国债期货,CFFEX,T0
2019-09-02,100.295,100.305,100.26,100.275,19411,5223,100.275,2年期国债期货,CFFEX,TS0
2019-09-02,100.01,100.05,99.915,99.925,9653,26352,99.945,5年期国债期货,CFFEX,TF0
2019-09-03,98.81,98.875,98.725,98.745,25362,77661,98.75,10年期国债期货,CFFEX,T0
2019-09-03,100.265,100.3,100.26,100.26,12278,5513,100.26,2年期国债期货,CFFEX,TS0
2019-09-03,99.9,99.975,99.885,99.885,5860,26586,99.895,5年期国债期货,CFFEX,TF0
2019-09-04,98.78,98.975,98.735,98.885,38933,77862,98.9,10年期国债期货,CFFEX,T0
2019-09-04,100.28,100.305,100.27,100.295,9989,5648,100.29,2年期国债期货,CFFEX,TS0
2019-09-04,99.87,100.0,99.87,99.985,9707,27443,99.975,5年期国债期货,CFFEX,TF0
2019-09-05,99.15,99.25,99.06,99.14,28889,77345,99.145,10年期国债期货,CFFEX,T0
2019-09-05,100.36,100.39,100.345,100.36,8250,5536,100.365,2年期国债期货,CFFEX,TS0
2019-09-05,100.16,100.185,100.085,100.13,9459,28023,100.14,5年期国债期货,CFFEX,TF0
2019-09-06,99.15,99.305,99.09,99.17,28364,77799,99.195,10年期国债期货,CFFEX,T0
2019-09-06,100.36,100.39,100.345,100.38,9927,5450,100.375,2年期国债期货,CFFEX,TS0
2019-09-06,100.145,100.275,100.1,100.195,11475,29381,100.205,5年期国债期货,CFFEX,TF0
2019-09-09,99.115,99.165,99.025,99.08,27673,77106,99.055,10年期国债期货,CFFEX,T0
2019-09-09,100.36,100.37,100.35,100.365,10444,5578,100.355,2年期国债期货,CFFEX,TS0
2019-09-09,100.275,100.275,100.11,100.135,8227,29710,100.13,5年期国债期货,CFFEX,TF0
2019-09-10,99.02,99.045,98.9,98.9,27313,77477,98.93,10年期国债期货,CFFEX,T0
2019-09-10,100.35,100.355,100.33,100.34,7866,5353,100.345,2年期国债期货,CFFEX,TS0
2019-09-10,100.08,100.12,100.025,100.025,8422,28905,100.045,5年期国债期货,CFFEX,TF0
2019-09-11,98.87,98.905,98.775,98.78,28714,77640,98.83,10年期国债期货,CFFEX,T0
2019-09-11,100.33,100.34,100.32,100.33,8096,5166,100.33,2年期国债期货,CFFEX,TS0
2019-09-11,99.99,100.06,99.98,100.005,7638,29720,100.025,5年期国债期货,CFFEX,TF0
2019-09-12,98.685,98.735,98.46,98.49,42819,75528,98.505,10年期国债期货,CFFEX,T0
2019-09-12,100.295,100.315,100.27,100.275,10478,6256,100.28,2年期国债期货,CFFEX,TS0
2019-09-12,99.92,99.99,99.845,99.845,11106,29355,99.88,5年期国债期货,CFFEX,TF0
2019-09-16,98.305,98.67,98.23,98.59,37232,75340,98.57,10年期国债期货,CFFEX,T0
2019-09-16,100.215,100.305,100.215,100.295,12956,6150,100.29,2年期国债期货,CFFEX,TS0
2019-09-16,99.735,99.945,99.71,99.9,9742,29035,99.9,5年期国债期货,CFFEX,TF0
2019-09-17,98.75,98.835,98.4,98.42,41853,75868,98.51,10年期国债期货,CFFEX,T0
2019-09-17,100.35,100.355,100.255,100.255,12900,6591,100.29,2年期国债期货,CFFEX,TS0
2019-09-17,99.95,100.04,99.8,99.82,12083,29942,99.85,5年期国债期货,CFFEX,TF0
2019-09-18,98.47,98.59,98.23,98.23,38960,77337,98.305,10年期国债期货,CFFEX,T0
2019-09-18,100.265,100.295,100.245,100.245,11532,6079,100.26,2年期国债期货,CFFEX,TS0
2019-09-18,99.825,99.93,99.725,99.725,10056,29729,99.78,5年期国债期货,CFFEX,TF0
2019-09-19,98.3,98.48,98.285,98.425,34257,77478,98.405,10年期国债期货,CFFEX,T0
2019-09-19,100.26,100.29,100.26,100.28,12952,6536,100.28,2年期国债期货,CFFEX,TS0
2019-09-19,99.74,99.865,99.74,99.845,7157,29471,99.835,5年期国债期货,CFFEX,TF0
2019-09-20,98.465,98.54,98.33,98.535,32523,77677,0.0,10年期国债期货,CFFEX,T0
2019-09-20,100.29,100.3,100.27,100.285,9225,6428,0.0,2年期国债期货,CFFEX,TS0
2019-09-20,99.85,99.92,99.8,99.9,7417,29574,0.0,5年期国债期货,CFFEX,TF0
2019-09-23,98.54,98.605,98.46,98.475,23760,78025,98.485,10年期国债期货,CFFEX,T0
2019-09-23,100.275,100.31,100.275,100.29,10199,6774,100.295,2年期国债期货,CFFEX,TS0
2019-09-23,99.9,99.965,99.865,99.87,7950,29346,99.895,5年期国债期货,CFFEX,TF0
2019-09-24,98.545,98.64,98.31,98.385,36478,80132,98.4,10年期国债期货,CFFEX,T0
2019-09-24,100.3,100.33,100.28,100.28,12578,7075,100.285,2年期国债期货,CFFEX,TS0
2019-09-24,99.93,99.98,99.8,99.84,7876,29812,99.835,5年期国债期货,CFFEX,TF0
2019-09-25,98.405,98.52,98.345,98.505,31561,80695,98.47,10年期国债期货,CFFEX,T0
2019-09-25,100.295,100.305,100.28,100.3,10878,7107,100.29,2年期国债期货,CFFEX,TS0
2019-09-25,99.9,99.915,99.81,99.895,5520,30042,99.88,5年期国债期货,CFFEX,TF0
2019-09-26,98.445,98.51,98.2,98.215,39380,80430,98.25,10年期国债期货,CFFEX,T0
2019-09-26,100.295,100.3,100.255,100.255,15371,7579,100.265,2年期国债期货,CFFEX,TS0
2019-09-26,99.885,99.915,99.745,99.755,7495,30328,99.775,5年期国债期货,CFFEX,TF0
2019-09-27,98.23,98.345,98.035,98.045,35532,78561,98.075,10年期国债期货,CFFEX,T0
2019-09-27,100.265,100.28,100.22,100.22,6960,7533,100.23,2年期国债期货,CFFEX,TS0
2019-09-27,99.76,99.8,99.64,99.645,6871,30156,99.675,5年期国债期货,CFFEX,TF0
2019-09-30,98.06,98.265,97.945,98.235,21446,76494,98.2,10年期国债期货,CFFEX,T0
2019-09-30,100.225,100.26,100.215,100.255,7506,7431,100.24,2年期国债期货,CFFEX,TS0
2019-09-30,99.5,99.795,99.5,99.785,5639,29538,99.76,5年期国债期货,CFFEX,TF0
2019-10-08,98.345,98.5,98.27,98.495,30057,76746,0.0,10年期国债期货,CFFEX,T0
2019-10-08,100.28,100.315,100.265,100.315,14355,7185,0.0,2年期国债期货,CFFEX,TS0
2019-10-08,99.8,99.91,99.795,99.905,5761,29155,0.0,5年期国债期货,CFFEX,TF0
2019-10-09,98.56,98.595,98.4,98.455,26512,77543,98.435,10年期国债期货,CFFEX,T0
2019-10-09,100.32,100.345,100.295,100.305,16098,7119,100.3,2年期国债期货,CFFEX,TS0
2019-10-09,99.96,99.97,99.85,99.88,6946,29289,99.87,5年期国债期货,CFFEX,TF0
2019-10-10,98.47,98.48,98.275,98.32,27249,80211,98.3,10年期国债期货,CFFEX,T0
2019-10-10,100.305,100.305,100.275,100.28,11438,7442,100.28,2年期国债期货,CFFEX,TS0
2019-10-10,99.865,99.88,99.77,99.81,4488,29464,99.79,5年期国债期货,CFFEX,TF0
2019-10-11,98.215,98.235,97.99,98.08,28851,80241,98.065,10年期国债期货,CFFEX,T0
2019-10-11,100.255,100.255,100.215,100.24,18087,8415,100.225,2年期国债期货,CFFEX,TS0
2019-10-11,99.76,99.76,99.625,99.685,8111,30954,99.67,5年期国债期货,CFFEX,TF0
2019-10-14,97.9,98.185,97.865,98.15,38011,84402,0.0,10年期国债期货,CFFEX,T0
2019-10-14,100.205,100.25,100.18,100.245,22266,8510,0.0,2年期国债期货,CFFEX,TS0
2019-10-14,99.53,99.72,99.53,99.695,10638,31571,0.0,5年期国债期货,CFFEX,TF0
2019-10-15,98.14,98.26,98.045,98.135,30697,85331,98.15,10年期国债期货,CFFEX,T0
2019-10-15,100.24,100.28,100.23,100.26,33453,8600,100.26,2年期国债期货,CFFEX,TS0
2019-10-15,99.66,99.765,99.655,99.705,8031,32242,99.71,5年期国债期货,CFFEX,TF0
2019-10-16,98.18,98.275,98.08,98.095,26359,84119,98.115,10年期国债期货,CFFEX,T0
2019-10-16,100.27,100.285,100.25,100.25,20613,9149,100.26,2年期国债期货,CFFEX,TS0
2019-10-16,99.755,99.78,99.685,99.695,7057,33255,99.7,5年期国债期货,CFFEX,TF0
2019-10-17,98.165,98.315,98.13,98.31,29181,85446,98.285,10年期国债期货,CFFEX,T0
2019-10-17,100.25,100.29,100.25,100.285,20737,8483,100.285,2年期国债期货,CFFEX,TS0
2019-10-17,99.73,99.8,99.715,99.79,7827,33298,99.78,5年期国债期货,CFFEX,TF0
2019-10-18,98.295,98.295,98.015,98.04,36415,86272,0.0,10年期国债期货,CFFEX,T0
2019-10-18,100.285,100.285,100.235,100.24,23856,8401,0.0,2年期国债期货,CFFEX,TS0
2019-10-18,99.79,99.79,99.655,99.665,9270,33600,0.0,5年期国债期货,CFFEX,TF0
2019-10-21,98.045,98.05,97.685,97.785,41886,86782,97.73,10年期国债期货,CFFEX,T0
2019-10-21,100.24,100.24,100.18,100.19,18000,8919,100.185,2年期国债期货,CFFEX,TS0
2019-10-21,99.675,99.675,99.495,99.545,10395,34466,99.515,5年期国债期货,CFFEX,TF0
2019-10-22,97.715,97.815,97.675,97.76,28804,86309,97.725,10年期国债期货,CFFEX,T0
2019-10-22,100.16,100.19,100.155,100.16,16289,9475,100.16,2年期国债期货,CFFEX,TS0
2019-10-22,99.45,99.56,99.45,99.52,7081,33439,99.51,5年期国债期货,CFFEX,TF0
2019-10-23,97.815,97.89,97.665,97.875,36226,86862,97.84,10年期国债期货,CFFEX,T0
2019-10-23,100.17,100.19,100.155,100.185,18456,8902,100.175,2年期国债期货,CFFEX,TS0
2019-10-23,99.545,99.6,99.5,99.575,9115,33506,99.575,5年期国债期货,CFFEX,TF0
2019-10-24,97.86,97.87,97.765,97.835,21868,86990,97.835,10年期国债期货,CFFEX,T0
2019-10-24,100.18,100.195,100.175,100.195,12132,8077,100.19,2年期国债期货,CFFEX,TS0
2019-10-24,99.56,99.6,99.535,99.585,6837,33928,99.58,5年期国债期货,CFFEX,TF0
2019-10-25,97.825,97.89,97.67,97.685,28413,87108,97.73,10年期国债期货,CFFEX,T0
2019-10-25,100.19,100.205,100.175,100.18,20490,9387,100.185,2年期国债期货,CFFEX,TS0
2019-10-25,99.575,99.62,99.515,99.52,9502,34984,99.55,5年期国债期货,CFFEX,TF0
2019-10-28,97.6,97.625,97.37,97.42,36959,87693,97.46,10年期国债期货,CFFEX,T0
2019-10-28,100.155,100.16,100.09,100.105,25013,11734,100.105,2年期国债期货,CFFEX,TS0
2019-10-28,99.45,99.495,99.38,99.415,10701,36359,99.44,5年期国债期货,CFFEX,TF0
2019-10-29,97.37,97.54,97.35,97.42,31449,88382,97.42,10年期国债期货,CFFEX,T0
2019-10-29,100.1,100.12,100.07,100.075,29981,13366,100.08,2年期国债期货,CFFEX,TS0
2019-10-29,99.405,99.47,99.37,99.405,7157,36251,99.395,5年期国债期货,CFFEX,TF0
2019-10-30,97.45,97.5,96.98,97.11,50442,85733,97.055,10年期国债期货,CFFEX,T0
2019-10-30,100.075,100.09,99.915,99.96,23297,13134,99.93,2年期国债期货,CFFEX,TS0
2019-10-30,99.385,99.43,99.15,99.225,13077,35307,99.185,5年期国债期货,CFFEX,TF0
2019-10-31,97.36,97.49,97.215,97.485,45224,81200,97.405,10年期国债期货,CFFEX,T0
2019-10-31,100.005,100.095,99.975,100.095,17366,10873,100.07,2年期国债期货,CFFEX,TS0
2019-10-31,99.33,99.4,99.255,99.395,9276,33906,99.355,5年期国债期货,CFFEX,TF0
2019-11-01,97.58,97.6,97.43,97.5,25963,78514,97.54,10年期国债期货,CFFEX,T0
2019-11-01,100.115,100.16,100.09,100.15,15844,10465,100.15,2年期国债期货,CFFEX,TS0
2019-11-01,99.49,99.49,99.37,99.44,7033,33016,99.445,5年期国债期货,CFFEX,TF0
2019-11-04,97.39,97.465,97.28,97.415,30711,77533,97.425,10年期国债期货,CFFEX,T0
2019-11-04,100.12,100.155,100.105,100.15,17080,9874,100.14,2年期国债期货,CFFEX,TS0
2019-11-04,99.38,99.41,99.31,99.38,7882,32364,99.38,5年期国债期货,CFFEX,TF0
2019-11-05,97.29,97.825,97.25,97.795,55325,73897,97.77,10年期国债期货,CFFEX,T0
2019-11-05,100.12,100.27,100.12,100.26,19319,8669,100.255,2年期国债期货,CFFEX,TS0
2019-11-05,99.28,99.585,99.28,99.56,13192,30463,99.545,5年期国债期货,CFFEX,TF0
2019-11-06,97.79,97.91,97.755,97.855,34231,69817,97.865,10年期国债期货,CFFEX,T0
2019-11-06,100.255,100.265,100.205,100.22,15044,7385,100.225,2年期国债期货,CFFEX,TS0
2019-11-06,99.565,99.61,99.545,99.58,7431,29351,99.59,5年期国债期货,CFFEX,TF0
2019-11-07,97.79,97.86,97.715,97.81,29717,66659,97.79,10年期国债期货,CFFEX,T0
2019-11-07,100.22,100.23,100.195,100.215,19384,7378,100.215,2年期国债期货,CFFEX,TS0
2019-11-07,99.55,99.605,99.53,99.585,8918,28101,99.585,5年期国债期货,CFFEX,TF0
2019-11-08,97.6,97.745,97.575,97.655,29365,63583,97.66,10年期国债期货,CFFEX,T0
2019-11-08,100.175,100.255,100.175,100.25,27784,7107,100.235,2年期国债期货,CFFEX,TS0
2019-11-08,99.495,99.55,99.455,99.515,7901,27493,99.505,5年期国债期货,CFFEX,TF0
2019-11-11,97.655,97.97,97.63,97.97,32924,58534,97.92,10年期国债期货,CFFEX,T0
2019-11-11,100.24,100.31,100.235,100.31,18832,6720,100.3,2年期国债期货,CFFEX,TS0
2019-11-11,99.48,99.675,99.48,99.665,9192,25517,99.65,5年期国债期货,CFFEX,TF0
2019-11-12,98.035,98.065,97.835,97.85,29673,52899,97.85,10年期国债期货,CFFEX,T0
2019-11-12,100.315,100.32,100.26,100.26,3435,6176,100.27,2年期国债期货,CFFEX,TS0
2019-11-12,99.705,99.725,99.59,99.6,8125,24249,99.605,5年期国债期货,CFFEX,TF0
2019-11-13,97.9,97.995,97.84,97.98,21906,48642,97.95,10年期国债期货,CFFEX,T0
2019-11-13,100.13,100.14,100.11,100.125,23835,9009,100.125,2年期国债期货,CFFEX,TS0
2019-11-13,99.68,99.68,99.595,99.675,6180,23326,99.65,5年期国债期货,CFFEX,TF0
2019-11-14,97.99,98.09,97.84,97.895,29542,44877,97.875,10年期国债期货,CFFEX,T0
2019-11-14,100.125,100.145,100.105,100.115,24568,7302,100.11,2年期国债期货,CFFEX,TS0
2019-11-14,99.66,99.72,99.585,99.625,12217,20722,99.61,5年期国债期货,CFFEX,TF0
2019-11-15,97.94,98.04,97.825,98.01,28136,41073,0.0,10年期国债期货,CFFEX,T0
2019-11-15,100.115,100.16,100.115,100.135,28022,8413,0.0,2年期国债期货,CFFEX,TS0
2019-11-15,99.68,99.715,99.59,99.7,9786,18853,0.0,5年期国债期货,CFFEX,TF0
2019-11-18,98.05,98.435,98.025,98.395,31165,37545,98.385,10年期国债期货,CFFEX,T0
2019-11-18,100.135,100.25,100.135,100.24,23101,9414,100.22,2年期国债期货,CFFEX,TS0
2019-11-18,99.685,99.955,99.685,99.885,10353,17389,99.875,5年期国债期货,CFFEX,TF0
2019-11-19,98.485,98.565,98.445,98.505,19685,31985,98.485,10年期国债期货,CFFEX,T0
2019-11-19,100.255,100.31,100.255,100.285,34715,10256,100.29,2年期国债期货,CFFEX,TS0
2019-11-19,99.975,100.0,99.92,99.975,7969,15785,99.96,5年期国债期货,CFFEX,TF0
2019-11-20,98.2,98.235,98.05,98.125,30846,63358,98.145,10年期国债期货,CFFEX,T0
2019-11-20,100.3,100.315,100.27,100.305,30055,10884,100.29,2年期国债期货,CFFEX,TS0
2019-11-20,100.05,100.05,99.865,100.015,5433,14581,100.01,5年期国债期货,CFFEX,TF0
2019-11-21,98.16,98.285,98.125,98.175,28147,64955,98.15,10年期国债期货,CFFEX,T0
2019-11-21,100.31,100.345,100.3,100.325,24708,10920,100.31,2年期国债期货,CFFEX,TS0
2019-11-21,100.11,100.14,100.035,100.075,2609,13840,100.07,5年期国债期货,CFFEX,TF0
2019-11-22,98.12,98.185,98.03,98.145,27735,66770,98.15,10年期国债期货,CFFEX,T0
2019-11-22,100.35,100.395,100.25,100.315,27848,11469,100.315,2年期国债期货,CFFEX,TS0
2019-11-22,99.745,99.76,99.675,99.735,7993,19576,99.74,5年期国债期货,CFFEX,TF0
2019-11-25,98.09,98.13,97.88,97.915,31073,70035,97.91,10年期国债期货,CFFEX,T0
2019-11-25,100.3,100.305,100.26,100.26,26570,11925,100.265,2年期国债期货,CFFEX,TS0
2019-11-25,99.72,99.725,99.585,99.605,9210,19559,99.61,5年期国债期货,CFFEX,TF0
2019-11-26,97.91,98.065,97.855,98.065,31802,71520,98.015,10年期国债期货,CFFEX,T0
2019-11-26,100.26,100.285,100.245,100.285,28627,11751,100.27,2年期国债期货,CFFEX,TS0
2019-11-26,99.6,99.685,99.565,99.685,8016,19963,99.655,5年期国债期货,CFFEX,TF0
2019-11-27,98.035,98.14,97.99,98.01,29131,73813,98.04,10年期国债期货,CFFEX,T0
2019-11-27,100.285,100.3,100.265,100.28,28832,11698,100.27,2年期国债期货,CFFEX,TS0
2019-11-27,99.68,99.715,99.635,99.665,7108,20247,99.665,5年期国债期货,CFFEX,TF0
2019-11-28,98.04,98.115,98.005,98.015,22519,74484,98.03,10年期国债期货,CFFEX,T0
2019-11-28,100.285,100.285,100.27,100.275,22849,12054,100.275,2年期国债期货,CFFEX,TS0
2019-11-28,99.675,99.705,99.645,99.65,6126,20704,99.67,5年期国债期货,CFFEX,TF0
2019-11-29,98.015,98.15,97.945,98.015,29704,74985,98.055,10年期国债期货,CFFEX,T0
2019-11-29,100.275,100.295,100.26,100.285,24559,12137,100.28,2年期国债期货,CFFEX,TS0
2019-11-29,99.975,100.09,99.975,100.07,78,3210,100.08,5年期国债期货,CFFEX,TF0
2019-12-02,97.87,97.875,97.645,97.685,34494,74209,97.715,10年期国债期货,CFFEX,T0
2019-12-02,100.215,100.25,99.78,100.195,25937,10945,100.215,2年期国债期货,CFFEX,TS0
2019-12-02,99.58,99.585,99.495,99.52,8541,21288,99.53,5年期国债期货,CFFEX,TF0
2019-12-03,97.725,97.805,97.675,97.79,25740,74789,97.76,10年期国债期货,CFFEX,T0
2019-12-03,100.205,100.23,100.2,100.225,27916,11013,100.215,2年期国债期货,CFFEX,TS0
2019-12-03,99.51,99.6,99.51,99.595,7416,21343,99.56,5年期国债期货,CFFEX,TF0
2019-12-04,97.95,97.98,97.825,97.875,27029,76517,97.85,10年期国债期货,CFFEX,T0
2019-12-04,100.28,100.285,100.24,100.26,35695,11326,100.26,2年期国债期货,CFFEX,TS0
2019-12-04,99.66,99.72,99.61,99.67,7868,22429,99.655,5年期国债期货,CFFEX,TF0
2019-12-05,97.83,97.935,97.765,97.885,22331,78205,97.905,10年期国债期货,CFFEX,T0
2019-12-05,100.245,100.28,100.24,100.275,13237,10867,100.27,2年期国债期货,CFFEX,TS0
2019-12-05,99.62,99.71,99.62,99.675,5549,23067,99.69,5年期国债期货,CFFEX,TF0
2019-12-06,97.87,97.91,97.65,97.715,29766,78254,97.705,10年期国债期货,CFFEX,T0
2019-12-06,100.27,100.275,100.22,100.235,16926,11556,100.235,2年期国债期货,CFFEX,TS0
2019-12-06,99.7,99.7,99.53,99.555,8485,23443,99.57,5年期国债期货,CFFEX,TF0
2019-12-09,97.65,97.695,97.55,97.655,27501,78165,97.665,10年期国债期货,CFFEX,T0
2019-12-09,100.225,100.225,100.2,100.215,38899,11465,100.215,2年期国债期货,CFFEX,TS0
2019-12-09,99.545,99.57,99.48,99.545,8343,23034,99.545,5年期国债期货,CFFEX,TF0
2019-12-10,97.7,97.835,97.66,97.825,32923,78848,97.78,10年期国债期货,CFFEX,T0
2019-12-10,100.225,100.26,100.22,100.25,16943,12212,100.245,2年期国债期货,CFFEX,TS0
2019-12-10,99.555,99.665,99.555,99.635,10295,24347,99.62,5年期国债期货,CFFEX,TF0
2019-12-11,97.755,97.945,97.71,97.925,31936,80286,97.91,10年期国债期货,CFFEX,T0
2019-12-11,100.24,100.265,100.23,100.255,22406,13231,100.255,2年期国债期货,CFFEX,TS0
2019-12-11,99.6,99.71,99.575,99.7,9212,24627,99.685,5年期国债期货,CFFEX,TF0
2019-12-12,97.915,98.005,97.88,97.955,29656,80323,97.97,10年期国债期货,CFFEX,T0
2019-12-12,100.25,100.27,100.245,100.265,18171,12728,100.265,2年期国债期货,CFFEX,TS0
2019-12-12,99.68,99.755,99.67,99.72,8381,24969,99.73,5年期国债期货,CFFEX,TF0
2019-12-13,97.825,97.905,97.75,97.76,34426,79429,97.795,10年期国债期货,CFFEX,T0
2019-12-13,100.21,100.25,100.21,100.23,26259,12594,100.235,2年期国债期货,CFFEX,TS0
2019-12-13,99.605,99.695,99.605,99.635,7557,24959,99.64,5年期国债期货,CFFEX,TF0
2019-12-16,97.805,97.845,97.715,97.765,33276,80044,97.75,10年期国债期货,CFFEX,T0
2019-12-16,100.235,100.25,100.215,100.22,25377,11951,100.22,2年期国债期货,CFFEX,TS0
2019-12-16,99.705,99.705,99.6,99.635,9875,24929,99.625,5年期国债期货,CFFEX,TF0
2019-12-17,97.715,97.72,97.45,97.53,46967,82258,97.51,10年期国债期货,CFFEX,T0
2019-12-17,100.21,100.21,100.17,100.175,19249,12137,100.175,2年期国债期货,CFFEX,TS0
2019-12-17,99.6,99.605,99.45,99.5,13403,25120,99.49,5年期国债期货,CFFEX,TF0
2019-12-18,97.48,97.615,97.425,97.455,36294,82803,97.475,10年期国债期货,CFFEX,T0
2019-12-18,100.165,100.195,100.16,100.165,19467,12780,100.17,2年期国债期货,CFFEX,TS0
2019-12-18,99.49,99.545,99.445,99.475,10628,24980,99.475,5年期国债期货,CFFEX,TF0
2019-12-19,97.485,97.58,97.45,97.56,27308,82759,97.53,10年期国债期货,CFFEX,T0
2019-12-19,100.17,100.19,100.17,100.185,33474,12408,100.18,2年期国债期货,CFFEX,TS0
2019-12-19,99.45,99.555,99.45,99.55,10495,25152,99.535,5年期国债期货,CFFEX,TF0
2019-12-20,97.56,97.91,97.53,97.9,37001,82487,97.84,10年期国债期货,CFFEX,T0
2019-12-20,100.19,100.295,100.19,100.295,20111,13239,100.265,2年期国债期货,CFFEX,TS0
2019-12-20,99.54,99.74,99.54,99.74,12905,26095,99.7,5年期国债期货,CFFEX,TF0
2019-12-23,97.86,97.99,97.84,97.985,29772,81698,0.0,10年期国债期货,CFFEX,T0
2019-12-23,100.285,100.345,100.275,100.345,28283,12672,0.0,2年期国债期货,CFFEX,TS0
2019-12-23,99.7,99.835,99.7,99.825,10138,26655,0.0,5年期国债期货,CFFEX,TF0
2019-12-24,98.08,98.155,98.01,98.045,36380,81043,98.03,10年期国债期货,CFFEX,T0
2019-12-24,100.36,100.385,100.33,100.34,21460,13305,100.335,2年期国债期货,CFFEX,TS0
2019-12-24,99.865,99.93,99.825,99.845,12642,27808,99.84,5年期国债期货,CFFEX,TF0
2019-12-25,98.07,98.13,98.0,98.13,26879,81235,98.085,10年期国债期货,CFFEX,T0
2019-12-25,100.345,100.38,100.335,100.38,25002,13265,100.365,2年期国债期货,CFFEX,TS0
2019-12-25,99.85,99.915,99.825,99.915,8808,28427,99.875,5年期国债期货,CFFEX,TF0
2019-12-26,98.135,98.365,98.105,98.245,39867,79423,98.285,10年期国债期货,CFFEX,T0
2019-12-26,100.38,100.45,100.38,100.43,23725,13322,100.43,2年期国债期货,CFFEX,TS0
2019-12-26,99.915,100.01,99.905,99.97,10990,28906,99.98,5年期国债期货,CFFEX,TF0
2019-12-27,98.2,98.245,98.055,98.195,33751,78818,98.2,10年期国债期货,CFFEX,T0
2019-12-27,100.42,100.43,100.4,100.4,20349,13638,100.41,2年期国债期货,CFFEX,TS0
2019-12-27,99.945,99.975,99.885,99.94,10801,30580,99.945,5年期国债期货,CFFEX,TF0
2019-12-30,98.1,98.205,98.02,98.2,29051,78524,98.185,10年期国债期货,CFFEX,T0
2019-12-30,100.39,100.42,100.38,100.42,18764,13972,100.41,2年期国债期货,CFFEX,TS0
2019-12-30,99.9,99.955,99.845,99.95,10311,31496,99.925,5年期国债期货,CFFEX,TF0
2019-12-31,98.17,98.235,98.11,98.135,27825,75155,98.155,10年期国债期货,CFFEX,T0
2019-12-31,100.41,100.44,100.4,100.42,21395,13858,100.42,2年期国债期货,CFFEX,TS0
2019-12-31,99.92,99.985,99.895,99.95,11167,32372,99.945,5年期国债期货,CFFEX,TF0
2020-01-02,98.09,98.125,97.94,98.015,35081,76631,97.99,10年期国债期货,CFFEX,T0
2020-01-02,100.4,100.42,100.365,100.37,17141,14817,100.37,2年期国债期货,CFFEX,TS0
2020-01-02,99.92,99.93,99.815,99.86,11690,34123,99.835,5年期国债期货,CFFEX,TF0
2020-01-03,98.01,98.075,97.86,97.975,34318,76547,0.0,10年期国债期货,CFFEX,T0
2020-01-03,100.265,100.395,100.265,100.325,20543,15261,0.0,2年期国债期货,CFFEX,TS0
2020-01-03,99.82,99.865,99.76,99.77,12502,35374,0.0,5年期国债期货,CFFEX,TF0
2020-01-06,98.055,98.275,97.995,98.18,34127,76922,0.0,10年期国债期货,CFFEX,T0
2020-01-06,100.3,100.36,100.3,100.345,14755,16316,0.0,2年期国债期货,CFFEX,TS0
2020-01-06,99.83,99.975,99.795,99.92,10926,35927,0.0,5年期国债期货,CFFEX,TF0
2020-01-07,98.125,98.15,97.99,98.005,35800,75532,0.0,10年期国债期货,CFFEX,T0
2020-01-07,100.32,100.36,100.31,100.34,19610,16813,0.0,2年期国债期货,CFFEX,TS0
2020-01-07,99.9,99.905,99.83,99.855,10429,36392,0.0,5年期国债期货,CFFEX,TF0
2020-01-08,98.12,98.15,97.955,98.11,37795,73688,98.095,10年期国债期货,CFFEX,T0
2020-01-08,100.36,100.385,100.33,100.37,13762,16862,100.37,2年期国债期货,CFFEX,TS0
2020-01-08,99.905,99.94,99.83,99.925,10109,37047,99.92,5年期国债期货,CFFEX,TF0
2020-01-09,98.04,98.39,97.92,98.23,58162,77995,98.28,10年期国债期货,CFFEX,T0
2020-01-09,100.355,100.45,100.33,100.415,15213,17343,100.43,2年期国债期货,CFFEX,TS0
2020-01-09,99.885,100.14,99.825,100.06,17265,39010,100.07,5年期国债期货,CFFEX,TF0
2020-01-10,98.265,98.575,98.23,98.56,44323,79216,98.51,10年期国债期货,CFFEX,T0
2020-01-10,100.405,100.525,100.405,100.52,13712,17207,100.505,2年期国债期货,CFFEX,TS0
2020-01-10,100.09,100.25,100.05,100.22,15272,37491,100.18,5年期国债期货,CFFEX,TF0
2020-01-13,98.55,98.585,98.455,98.5,26698,78046,98.485,10年期国债期货,CFFEX,T0
2020-01-13,100.515,100.535,100.49,100.5,9863,17132,100.5,2年期国债期货,CFFEX,TS0
2020-01-13,100.185,100.24,100.155,100.18,9635,37180,100.17,5年期国债期货,CFFEX,TF0
2020-01-14,98.44,98.475,98.36,98.44,35781,76378,0.0,10年期国债期货,CFFEX,T0
2020-01-14,100.49,100.49,100.44,100.45,17294,16212,0.0,2年期国债期货,CFFEX,TS0
2020-01-14,100.13,100.145,100.06,100.13,13008,37057,0.0,5年期国债期货,CFFEX,TF0
2020-01-15,98.51,98.625,98.41,98.525,37848,74856,98.54,10年期国债期货,CFFEX,T0
2020-01-15,100.47,100.49,100.425,100.47,16514,16445,100.465,2年期国债期货,CFFEX,TS0
2020-01-15,100.16,100.255,100.09,100.17,12547,36642,100.18,5年期国债期货,CFFEX,TF0
2020-01-16,98.495,98.56,98.36,98.45,43538,73990,98.465,10年期国债期货,CFFEX,T0
2020-01-16,100.46,100.5,100.44,100.46,19858,15922,100.475,2年期国债期货,CFFEX,TS0
2020-01-16,100.18,100.185,100.095,100.13,10560,36933,100.135,5年期国债期货,CFFEX,TF0
2020-01-17,98.45,98.65,98.35,98.62,47964,74156,0.0,10年期国债期货,CFFEX,T0
2020-01-17,100.46,100.545,100.46,100.545,16173,16574,0.0,2年期国债期货,CFFEX,TS0
2020-01-17,100.125,100.29,100.095,100.25,14946,37292,0.0,5年期国债期货,CFFEX,TF0
2020-01-20,98.685,98.92,98.66,98.915,33605,73078,98.885,10年期国债期货,CFFEX,T0
2020-01-20,100.535,100.655,100.535,100.655,14579,16555,100.635,2年期国债期货,CFFEX,TS0
2020-01-20,100.275,100.49,100.275,100.485,12821,37529,100.45,5年期国债期货,CFFEX,TF0
2020-01-21,98.9,99.19,98.87,99.165,41159,71089,99.145,10年期国债期货,CFFEX,T0
2020-01-21,100.69,100.69,100.64,100.68,23642,15673,100.665,2年期国债期货,CFFEX,TS0
2020-01-21,100.5,100.59,100.445,100.555,16234,36727,100.535,5年期国债期货,CFFEX,TF0
2020-01-22,99.365,99.445,99.13,99.13,33043,68382,99.155,10年期国债期货,CFFEX,T0
2020-01-22,100.72,100.735,100.625,100.645,12161,15574,100.64,2年期国债期货,CFFEX,TS0
2020-01-22,100.625,100.685,100.45,100.485,11765,36238,100.49,5年期国债期货,CFFEX,TF0
2020-01-23,99.325,99.7,99.24,99.69,37670,66494,99.61,10年期国债期货,CFFEX,T0
2020-01-23,100.695,100.73,100.64,100.73,11854,14862,100.71,2年期国债期货,CFFEX,TS0
2020-01-23,100.625,100.75,100.53,100.75,9814,35936,100.69,5年期国债期货,CFFEX,TF0
2020-02-03,100.9,101.505,100.795,100.97,52196,57874,101.03,10年期国债期货,CFFEX,T0
2020-02-03,101.01,101.13,100.89,100.94,6688,13466,100.975,2年期国债期货,CFFEX,TS0
2020-02-03,101.38,101.675,101.28,101.4,12557,34223,101.435,5年期国债期货,CFFEX,TF0
2020-02-04,100.965,100.985,100.78,100.785,33651,56434,100.84,10年期国债期货,CFFEX,T0
2020-02-04,100.93,100.98,100.92,100.95,10821,13399,100.965,2年期国债期货,CFFEX,TS0
2020-02-04,101.455,101.455,101.315,101.33,8142,32814,101.355,5年期国债期货,CFFEX,TF0
2020-02-05,100.65,100.905,100.58,100.865,39011,55062,100.86,10年期国债期货,CFFEX,T0
2020-02-05,100.905,101.03,100.9,100.995,13512,13599,101.02,2年期国债期货,CFFEX,TS0
2020-02-05,101.25,101.385,101.205,101.34,8784,32644,101.355,5年期国债期货,CFFEX,TF0
2020-02-06,100.8,100.975,100.735,100.91,34478,53963,100.88,10年期国债期货,CFFEX,T0
2020-02-06,101.0,101.05,100.995,101.025,13416,13159,101.025,2年期国债期货,CFFEX,TS0
2020-02-06,101.3,101.435,101.285,101.42,10277,31096,101.39,5年期国债期货,CFFEX,TF0
2020-02-07,100.95,101.185,100.935,101.18,34681,53646,101.14,10年期国债期货,CFFEX,T0
2020-02-07,101.03,101.13,101.03,101.12,15928,12804,101.105,2年期国债期货,CFFEX,TS0
2020-02-07,101.465,101.57,101.425,101.565,9252,30588,101.54,5年期国债期货,CFFEX,TF0
2020-02-10,101.3,101.3,101.045,101.08,34211,49476,101.09,10年期国债期货,CFFEX,T0
2020-02-10,101.14,101.16,101.115,101.125,11973,12696,101.13,2年期国债期货,CFFEX,TS0
2020-02-10,101.63,101.69,101.53,101.565,11889,28780,101.565,5年期国债期货,CFFEX,TF0
2020-02-11,101.04,101.08,100.685,100.73,45899,42887,100.79,10年期国债期货,CFFEX,T0
2020-02-11,101.12,101.12,101.02,101.055,12218,11133,101.055,2年期国债期货,CFFEX,TS0
2020-02-11,101.525,101.54,101.395,101.445,13105,26576,101.44,5年期国债期货,CFFEX,TF0
2020-02-12,100.68,100.86,100.605,100.715,35641,39174,100.785,10年期国债期货,CFFEX,T0
2020-02-12,101.05,101.095,101.025,101.065,12024,10533,101.075,2年期国债期货,CFFEX,TS0
2020-02-12,101.365,101.54,101.34,101.49,12983,24523,101.5,5年期国债期货,CFFEX,TF0
2020-02-13,100.77,100.89,100.65,100.87,34674,36235,100.845,10年期国债期货,CFFEX,T0
2020-02-13,101.075,101.155,101.07,101.12,10593,10310,101.13,2年期国债期货,CFFEX,TS0
2020-02-13,101.515,101.56,101.445,101.535,11280,21809,101.53,5年期国债期货,CFFEX,TF0
2020-02-14,100.86,100.895,100.375,100.39,38085,33321,100.525,10年期国债期货,CFFEX,T0
2020-02-14,101.14,101.14,101.01,101.03,14960,9484,101.085,2年期国债期货,CFFEX,TS0
2020-02-14,101.54,101.55,101.3,101.3,16250,19842,101.38,5年期国债期货,CFFEX,TF0
2020-02-17,100.515,100.625,100.26,100.285,29080,29554,100.325,10年期国债期货,CFFEX,T0
2020-02-17,101.035,101.115,101.03,101.045,14318,8433,101.055,2年期国债期货,CFFEX,TS0
2020-02-17,101.415,101.44,101.235,101.255,13469,17147,101.275,5年期国债期货,CFFEX,TF0
2020-02-18,100.485,100.7,100.42,100.645,23581,26450,100.635,10年期国债期货,CFFEX,T0
2020-02-18,101.06,101.155,101.055,101.145,11384,7668,101.115,2年期国债期货,CFFEX,TS0
2020-02-18,101.32,101.455,101.295,101.43,10425,15249,101.41,5年期国债期货,CFFEX,TF0
2020-02-19,100.065,100.21,100.05,100.1,32091,49802,100.13,10年期国债期货,CFFEX,T0
2020-02-19,101.14,101.17,101.1,101.125,3759,6855,101.13,2年期国债期货,CFFEX,TS0
2020-02-19,101.42,101.46,101.39,101.405,7720,13122,101.425,5年期国债期货,CFFEX,TF0
2020-02-20,100.045,100.075,99.78,99.885,47349,52637,99.83,10年期国债期货,CFFEX,T0
2020-02-20,100.835,100.84,100.745,100.765,10444,10806,100.76,2年期国债期货,CFFEX,TS0
2020-02-20,101.405,101.405,101.24,101.3,7214,11365,101.27,5年期国债期货,CFFEX,TF0
2020-02-21,100.04,100.3,100.035,100.23,47436,55381,0.0,10年期国债期货,CFFEX,T0
2020-02-21,100.78,100.845,100.77,100.81,7892,10821,0.0,2年期国债期货,CFFEX,TS0
2020-02-21,100.91,101.055,100.91,101.02,10572,22369,0.0,5年期国债期货,CFFEX,TF0
2020-02-24,100.43,100.57,100.38,100.47,42692,58611,100.48,10年期国债期货,CFFEX,T0
2020-02-24,100.865,100.935,100.84,100.925,9707,10346,100.92,2年期国债期货,CFFEX,TS0
2020-02-24,101.125,101.26,101.085,101.17,11816,22344,101.18,5年期国债期货,CFFEX,TF0
2020-02-25,100.59,100.59,100.36,100.45,43646,58069,100.42,10年期国债期货,CFFEX,T0
2020-02-25,100.945,100.985,100.92,100.925,9579,10190,100.93,2年期国债期货,CFFEX,TS0
2020-02-25,101.215,101.24,101.135,101.175,9992,23657,101.16,5年期国债期货,CFFEX,TF0
2020-02-26,100.55,100.62,100.285,100.435,50166,58711,100.38,10年期国债期货,CFFEX,T0
2020-02-26,100.935,100.98,100.87,100.89,9042,10231,100.89,2年期国债期货,CFFEX,TS0
2020-02-26,101.2,101.26,101.09,101.18,9518,23750,101.145,5年期国债期货,CFFEX,TF0
2020-02-27,100.55,100.725,100.46,100.625,48591,60878,100.665,10年期国债期货,CFFEX,T0
2020-02-27,100.91,100.975,100.89,100.965,9503,10541,100.96,2年期国债期货,CFFEX,TS0
2020-02-27,101.215,101.37,101.17,101.305,10990,25113,101.33,5年期国债期货,CFFEX,TF0
2020-02-28,100.845,101.115,100.8,101.11,60104,64307,101.01,10年期国债期货,CFFEX,T0
2020-02-28,101.015,101.085,101.01,101.055,10826,10287,101.035,2年期国债期货,CFFEX,TS0
2020-02-28,101.41,101.54,101.41,101.54,13638,25705,101.485,5年期国债期货,CFFEX,TF0
2020-03-02,101.205,101.24,100.785,100.93,58093,64454,100.87,10年期国债期货,CFFEX,T0
2020-03-02,101.075,101.075,101.0,101.01,11040,10833,101.015,2年期国债期货,CFFEX,TS0
2020-03-02,101.68,101.68,101.405,101.445,13664,26936,101.43,5年期国债期货,CFFEX,TF0
2020-03-03,100.71,100.9,100.59,100.795,49591,64395,100.8,10年期国债期货,CFFEX,T0
2020-03-03,100.99,101.025,100.93,100.995,9149,11463,100.99,2年期国债期货,CFFEX,TS0
2020-03-03,101.33,101.47,101.28,101.4,13215,28277,101.405,5年期国债期货,CFFEX,TF0
2020-03-04,101.05,101.26,101.01,101.22,58620,69628,101.18,10年期国债期货,CFFEX,T0
2020-03-04,101.01,101.135,101.01,101.1,10660,11508,101.095,2年期国债期货,CFFEX,TS0
2020-03-04,101.525,101.73,101.505,101.69,13326,29737,101.685,5年期国债期货,CFFEX,TF0
2020-03-05,101.15,101.225,101.025,101.165,43863,70106,101.16,10年期国债期货,CFFEX,T0
2020-03-05,101.075,101.105,101.065,101.095,13129,11996,101.085,2年期国债期货,CFFEX,TS0
2020-03-05,101.61,101.76,101.6,101.725,10497,30517,101.71,5年期国债期货,CFFEX,TF0
2020-03-06,101.295,101.52,101.26,101.48,54666,73129,101.45,10年期国债期货,CFFEX,T0
2020-03-06,101.11,101.185,101.11,101.18,11202,12489,101.17,2年期国债期货,CFFEX,TS0
2020-03-06,101.81,101.945,101.76,101.93,13287,29876,101.91,5年期国债期货,CFFEX,TF0
2020-03-09,102.125,102.255,101.865,101.935,59262,74925,101.98,10年期国债期货,CFFEX,T0
2020-03-09,101.305,101.39,101.225,101.245,6894,12550,101.24,2年期国债期货,CFFEX,TS0
2020-03-09,102.255,102.435,102.11,102.14,15072,30712,102.16,5年期国债期货,CFFEX,TF0
2020-03-10,101.76,101.825,101.16,101.2,78559,72838,101.27,10年期国债期货,CFFEX,T0
2020-03-10,101.235,101.235,101.02,101.04,15182,12373,101.05,2年期国债期货,CFFEX,TS0
2020-03-10,101.965,102.06,101.64,101.69,16972,29716,101.725,5年期国债期货,CFFEX,TF0
2020-03-11,101.08,101.54,101.07,101.53,57432,76951,101.45,10年期国债期货,CFFEX,T0
2020-03-11,101.01,101.14,101.005,101.135,12484,12439,101.105,2年期国债期货,CFFEX,TS0
2020-03-11,101.6,101.89,101.6,101.885,12457,29009,101.83,5年期国债期货,CFFEX,TF0
2020-03-12,101.485,101.675,101.295,101.315,64284,75950,101.48,10年期国债期货,CFFEX,T0
2020-03-12,101.14,101.195,101.1,101.105,11279,12558,101.145,2年期国债期货,CFFEX,TS0
2020-03-12,101.845,101.955,101.78,101.79,11213,28879,101.88,5年期国债期货,CFFEX,TF0
2020-03-13,101.405,101.545,100.855,100.995,96807,75734,101.05,10年期国债期货,CFFEX,T0
2020-03-13,101.12,101.16,101.02,101.08,9882,11813,101.08,2年期国债期货,CFFEX,TS0
2020-03-13,101.85,101.875,101.56,101.64,16828,28581,101.66,5年期国债期货,CFFEX,TF0
2020-03-16,101.28,101.37,100.81,101.065,75564,74389,0.0,10年期国债期货,CFFEX,T0
2020-03-16,101.125,101.17,101.025,101.065,8673,11849,0.0,2年期国债期货,CFFEX,TS0
2020-03-16,101.79,101.85,101.515,101.65,17608,28852,0.0,5年期国债期货,CFFEX,TF0
2020-03-17,101.0,101.025,100.61,100.62,76465,78977,0.0,10年期国债期货,CFFEX,T0
2020-03-17,101.06,101.06,100.99,101.005,10809,12856,0.0,2年期国债期货,CFFEX,TS0
2020-03-17,101.6,101.63,101.44,101.45,13728,27988,0.0,5年期国债期货,CFFEX,TF0
2020-03-18,100.48,101.09,100.48,101.025,74457,81812,101.02,10年期国债期货,CFFEX,T0
2020-03-18,100.99,101.135,100.97,101.1,10969,13621,101.105,2年期国债期货,CFFEX,TS0
2020-03-18,101.4,101.715,101.355,101.64,13978,26523,101.66,5年期国债期货,CFFEX,TF0
2020-03-19,100.93,101.045,100.535,100.65,78058,83316,100.63,10年期国债期货,CFFEX,T0
2020-03-19,101.09,101.135,101.04,101.065,9059,14335,101.06,2年期国债期货,CFFEX,TS0
2020-03-19,101.605,101.715,101.45,101.52,13632,26534,101.51,5年期国债期货,CFFEX,TF0
2020-03-20,100.715,100.98,100.65,100.825,55854,84317,0.0,10年期国债期货,CFFEX,T0
2020-03-20,101.07,101.225,101.065,101.18,14861,15545,0.0,2年期国债期货,CFFEX,TS0
2020-03-20,101.535,101.76,101.53,101.66,13296,27710,0.0,5年期国债期货,CFFEX,TF0
2020-03-23,101.08,101.345,101.03,101.33,52057,85879,101.285,10年期国债期货,CFFEX,T0
2020-03-23,101.195,101.33,101.195,101.31,8243,15628,101.295,2年期国债期货,CFFEX,TS0
2020-03-23,101.82,102.0,101.795,101.965,10150,28004,101.955,5年期国债期货,CFFEX,TF0
2020-03-24,101.29,101.58,101.18,101.375,64862,86967,0.0,10年期国债期货,CFFEX,T0
2020-03-24,101.3,101.455,101.28,101.38,10945,15169,0.0,2年期国债期货,CFFEX,TS0
2020-03-24,101.97,102.225,101.915,102.095,16657,27747,0.0,5年期国债期货,CFFEX,TF0
2020-03-25,101.25,101.79,101.165,101.57,68489,89017,101.545,10年期国债期货,CFFEX,T0
2020-03-25,101.37,101.535,101.32,101.5,12926,15163,101.485,2年期国债期货,CFFEX,TS0
2020-03-25,102.03,102.36,101.99,102.22,15053,28309,102.21,5年期国债期货,CFFEX,TF0
2020-03-26,101.63,101.87,101.6,101.77,55744,90988,0.0,10年期国债期货,CFFEX,T0
2020-03-26,101.515,101.59,101.515,101.55,9046,13860,0.0,2年期国债期货,CFFEX,TS0
2020-03-26,102.25,102.515,102.25,102.33,18153,28636,0.0,5年期国债期货,CFFEX,TF0
2020-03-27,101.84,101.895,101.52,101.55,62155,89626,101.57,10年期国债期货,CFFEX,T0
2020-03-27,101.585,101.585,101.435,101.515,9013,14045,101.475,2年期国债期货,CFFEX,TS0
2020-03-27,102.43,102.43,102.165,102.185,17380,28915,102.19,5年期国债期货,CFFEX,TF0
2020-03-30,101.45,101.785,101.39,101.615,65836,88851,101.605,10年期国债期货,CFFEX,T0
2020-03-30,101.505,101.725,101.46,101.63,12377,13025,101.615,2年期国债期货,CFFEX,TS0
2020-03-30,102.15,102.46,102.105,102.43,21221,29613,102.41,5年期国债期货,CFFEX,TF0
2020-03-31,101.56,101.93,101.44,101.925,56310,88226,101.86,10年期国债期货,CFFEX,T0
2020-03-31,101.615,101.745,101.58,101.73,10483,13580,101.715,2年期国债期货,CFFEX,TS0
2020-03-31,102.345,102.655,102.3,102.595,20537,29665,102.555,5年期国债期货,CFFEX,TF0
2020-04-01,102.1,102.2,101.95,102.13,56070,88485,102.11,10年期国债期货,CFFEX,T0
2020-04-01,101.74,101.845,101.645,101.685,10066,12673,101.685,2年期国债期货,CFFEX,TS0
2020-04-01,102.84,102.84,102.51,102.62,17275,30282,102.605,5年期国债期货,CFFEX,TF0
2020-04-02,102.1,102.18,101.82,101.87,54432,87900,0.0,10年期国债期货,CFFEX,T0
2020-04-02,101.69,101.705,101.59,101.62,7204,12720,0.0,2年期国债期货,CFFEX,TS0
2020-04-02,102.505,102.64,102.415,102.465,17021,30938,0.0,5年期国债期货,CFFEX,TF0
2020-04-03,101.77,101.985,101.49,101.5,66326,87297,101.575,10年期国债期货,CFFEX,T0
2020-04-03,101.58,101.695,101.58,101.595,5633,12769,101.605,2年期国债期货,CFFEX,TS0
2020-04-03,102.42,102.615,102.34,102.345,18481,32792,102.385,5年期国债期货,CFFEX,TF0
2020-04-07,101.855,102.8,101.81,102.305,94341,85337,0.0,10年期国债期货,CFFEX,T0
2020-04-07,101.81,102.11,101.8,102.11,6498,12153,0.0,2年期国债期货,CFFEX,TS0
2020-04-07,102.885,103.61,102.65,103.34,32526,35018,0.0,5年期国债期货,CFFEX,TF0
2020-04-08,102.345,102.69,102.21,102.675,61566,86045,102.505,10年期国债期货,CFFEX,T0
2020-04-08,102.225,102.42,102.14,102.42,12585,13552,102.3,2年期国债期货,CFFEX,TS0
2020-04-08,103.32,103.77,103.32,103.77,22208,35183,103.615,5年期国债期货,CFFEX,TF0
2020-04-09,102.55,102.56,102.16,102.38,58585,83528,102.31,10年期国债期货,CFFEX,T0
2020-04-09,102.45,102.465,102.19,102.315,8763,13117,102.26,2年期国债期货,CFFEX,TS0
2020-04-09,103.7,103.73,103.47,103.655,20848,35887,103.595,5年期国债期货,CFFEX,TF0
2020-04-10,102.395,102.395,101.945,102.195,77049,84878,102.125,10年期国债期货,CFFEX,T0
2020-04-10,102.3,102.3,102.045,102.18,10814,12957,102.145,2年期国债期货,CFFEX,TS0
2020-04-10,103.57,103.67,103.13,103.375,27781,36828,103.315,5年期国债期货,CFFEX,TF0
2020-04-13,102.14,102.325,101.93,102.23,53193,84533,102.245,10年期国债期货,CFFEX,T0
2020-04-13,102.16,102.16,102.05,102.12,9905,13681,102.12,2年期国债期货,CFFEX,TS0
2020-04-13,103.35,103.555,103.135,103.455,21280,36383,103.445,5年期国债期货,CFFEX,TF0
2020-04-14,102.3,102.425,102.16,102.215,50759,83565,102.23,10年期国债期货,CFFEX,T0
2020-04-14,102.13,102.295,102.13,102.195,10169,14046,102.195,2年期国债期货,CFFEX,TS0
2020-04-14,103.48,103.695,103.48,103.59,19155,37065,103.55,5年期国债期货,CFFEX,TF0
2020-04-15,102.31,102.53,102.27,102.43,56154,84127,102.47,10年期国债期货,CFFEX,T0
2020-04-15,102.28,102.36,102.245,102.32,5104,14589,102.335,2年期国债期货,CFFEX,TS0
2020-04-15,103.63,103.89,103.63,103.815,19213,36411,103.85,5年期国债期货,CFFEX,TF0
2020-04-16,102.575,102.755,102.54,102.59,45407,83226,102.585,10年期国债期货,CFFEX,T0
2020-04-16,102.36,102.4,102.285,102.3,5651,14587,102.305,2年期国债期货,CFFEX,TS0
2020-04-16,103.945,103.955,103.72,103.8,16071,36982,103.76,5年期国债期货,CFFEX,TF0
2020-04-17,102.595,102.675,102.305,102.31,60354,82156,0.0,10年期国债期货,CFFEX,T0
2020-04-17,102.3,102.34,102.26,102.315,5771,15465,0.0,2年期国债期货,CFFEX,TS0
2020-04-17,103.725,103.825,103.635,103.655,14484,37141,0.0,5年期国债期货,CFFEX,TF0
2020-04-20,102.33,102.455,102.025,102.125,53405,82746,102.08,10年期国债期货,CFFEX,T0
2020-04-20,102.34,102.46,102.34,102.42,5815,16461,102.385,2年期国债期货,CFFEX,TS0
2020-04-20,103.775,103.89,103.625,103.715,19348,37860,103.67,5年期国债期货,CFFEX,TF0
2020-04-21,102.13,102.285,102.07,102.18,52287,81003,102.16,10年期国债期货,CFFEX,T0
2020-04-21,102.43,102.665,102.415,102.66,10739,18397,102.585,2年期国债期货,CFFEX,TS0
2020-04-21,103.66,104.075,103.66,104.03,19368,37491,103.91,5年期国债期货,CFFEX,TF0
2020-04-22,102.285,102.54,102.25,102.445,50249,78696,102.465,10年期国债期货,CFFEX,T0
2020-04-22,102.665,102.77,102.635,102.69,8489,18054,102.72,2年期国债期货,CFFEX,TS0
2020-04-22,104.08,104.41,104.045,104.35,20793,36710,104.36,5年期国债期货,CFFEX,TF0
2020-04-23,102.45,103.22,102.32,103.085,80223,77916,103.12,10年期国债期货,CFFEX,T0
2020-04-23,102.695,102.86,102.59,102.645,10451,15635,102.66,2年期国债期货,CFFEX,TS0
2020-04-23,104.345,104.8,104.305,104.51,23347,35045,104.545,5年期国债期货,CFFEX,TF0
2020-04-24,103.22,103.485,103.005,103.315,75000,75141,103.21,10年期国债期货,CFFEX,T0
2020-04-24,102.66,102.7,102.51,102.65,8199,14707,102.605,2年期国债期货,CFFEX,TS0
2020-04-24,104.52,104.63,104.265,104.55,27631,35259,104.44,5年期国债期货,CFFEX,TF0
2020-04-27,103.025,103.13,102.92,103.105,45013,72128,103.065,10年期国债期货,CFFEX,T0
2020-04-27,102.555,102.67,102.555,102.665,3799,14439,102.64,2年期国债期货,CFFEX,TS0
2020-04-27,104.32,104.545,104.32,104.525,12355,34463,104.5,5年期国债期货,CFFEX,TF0
2020-04-28,103.125,103.305,103.07,103.26,44219,68669,103.245,10年期国债期货,CFFEX,T0
2020-04-28,102.665,102.72,102.605,102.64,5303,14071,102.675,2年期国债期货,CFFEX,TS0
2020-04-28,104.495,104.85,104.465,104.785,17477,34127,104.765,5年期国债期货,CFFEX,TF0
2020-04-29,103.3,103.485,103.235,103.47,40650,66639,103.39,10年期国债期货,CFFEX,T0
2020-04-29,102.615,102.805,102.615,102.78,6298,13478,102.76,2年期国债期货,CFFEX,TS0
2020-04-29,104.805,105.2,104.805,105.195,21451,32543,105.105,5年期国债期货,CFFEX,TF0
2020-04-30,103.37,103.39,102.92,102.94,46892,62139,102.995,10年期国债期货,CFFEX,T0
2020-04-30,102.705,102.805,102.605,102.67,5971,12335,102.67,2年期国债期货,CFFEX,TS0
2020-04-30,105.145,105.15,104.89,104.985,18554,30533,105.015,5年期国债期货,CFFEX,TF0
2020-05-06,102.97,103.115,102.595,102.635,42113,60385,102.66,10年期国债期货,CFFEX,T0
2020-05-06,102.655,102.725,102.535,102.56,3789,11885,102.58,2年期国债期货,CFFEX,TS0
2020-05-06,105.105,105.16,104.755,104.765,12322,29195,104.825,5年期国债期货,CFFEX,TF0
2020-05-07,102.51,102.595,102.09,102.105,63299,58079,102.2,10年期国债期货,CFFEX,T0
2020-05-07,102.545,102.555,102.3,102.325,7864,10832,102.345,2年期国债期货,CFFEX,TS0
2020-05-07,104.705,104.75,104.22,104.255,22006,26708,104.305,5年期国债期货,CFFEX,TF0
2020-05-08,102.19,102.32,101.78,102.14,75236,53172,102.165,10年期国债期货,CFFEX,T0
2020-05-08,102.385,102.485,102.26,102.43,7551,10576,102.4,2年期国债期货,CFFEX,TS0
2020-05-08,104.315,104.57,104.03,104.335,25429,25304,104.315,5年期国债期货,CFFEX,TF0
2020-05-11,102.065,102.13,101.545,101.635,64331,53697,101.665,10年期国债期货,CFFEX,T0
2020-05-11,102.43,102.52,102.265,102.315,6968,9631,102.325,2年期国债期货,CFFEX,TS0
2020-05-11,104.28,104.345,103.77,103.91,22521,23801,103.955,5年期国债期货,CFFEX,TF0
2020-05-12,101.805,102.04,101.67,101.895,62297,47496,101.915,10年期国债期货,CFFEX,T0
2020-05-12,102.4,102.435,102.315,102.32,4786,9100,102.345,2年期国债期货,CFFEX,TS0
2020-05-12,104.175,104.235,103.83,104.02,19667,22438,104.02,5年期国债期货,CFFEX,TF0
2020-05-13,101.915,102.035,101.595,101.655,52708,45258,101.66,10年期国债期货,CFFEX,T0
2020-05-13,102.345,102.44,102.325,102.37,4831,8377,102.35,2年期国债期货,CFFEX,TS0
2020-05-13,104.0,104.165,103.95,104.065,19325,20515,104.035,5年期国债期货,CFFEX,TF0
2020-05-14,101.71,101.77,101.215,101.695,57460,40496,101.625,10年期国债期货,CFFEX,T0
2020-05-14,102.37,102.47,102.3,102.385,4948,7386,102.385,2年期国债期货,CFFEX,TS0
2020-05-14,104.01,104.375,103.855,104.175,21624,18329,104.115,5年期国债期货,CFFEX,TF0
2020-05-15,101.15,101.23,100.74,101.12,76984,55583,0.0,10年期国债期货,CFFEX,T0
2020-05-15,102.37,102.515,102.37,102.445,3382,6800,0.0,2年期国债期货,CFFEX,TS0
2020-05-15,103.46,103.72,103.355,103.61,30545,30885,0.0,5年期国债期货,CFFEX,TF0
2020-05-18,100.96,100.99,100.53,100.61,80439,61034,100.605,10年期国债期货,CFFEX,T0
2020-05-18,102.12,102.135,101.955,101.96,6588,10253,101.97,2年期国债期货,CFFEX,TS0
2020-05-18,103.575,103.575,103.06,103.165,30156,31321,103.19,5年期国债期货,CFFEX,TF0
2020-05-19,100.385,100.855,100.255,100.7,83497,65791,100.765,10年期国债期货,CFFEX,T0
2020-05-19,101.855,102.0,101.745,101.875,8405,10626,101.915,2年期国债期货,CFFEX,TS0
2020-05-19,102.95,103.25,102.73,102.955,31960,31634,103.045,5年期国债期货,CFFEX,TF0
2020-05-20,100.8,101.095,100.71,100.93,68304,65217,101.0,10年期国债期货,CFFEX,T0
2020-05-20,101.875,101.91,101.68,101.725,9909,10182,101.75,2年期国债期货,CFFEX,TS0
2020-05-20,102.88,103.005,102.7,102.785,31506,32960,102.865,5年期国债期货,CFFEX,TF0
2020-05-21,100.94,101.215,100.905,101.04,62529,64312,101.085,10年期国债期货,CFFEX,T0
2020-05-21,101.735,101.82,101.67,101.75,7333,9451,101.77,2年期国债期货,CFFEX,TS0
2020-05-21,102.815,103.1,102.76,102.79,25636,33620,102.815,5年期国债期货,CFFEX,TF0
2020-05-22,101.24,101.73,101.235,101.725,81408,65668,101.605,10年期国债期货,CFFEX,T0
2020-05-22,101.76,102.105,101.76,102.105,7150,9210,102.005,2年期国债期货,CFFEX,TS0
2020-05-22,102.95,103.455,102.845,103.455,34181,34378,103.28,5年期国债期货,CFFEX,TF0
2020-05-25,101.55,101.58,101.185,101.215,60508,65105,101.225,10年期国债期货,CFFEX,T0
2020-05-25,102.015,102.055,101.725,101.745,5116,9332,101.76,2年期国债期货,CFFEX,TS0
2020-05-25,103.28,103.36,102.84,102.865,26862,35606,102.89,5年期国债期货,CFFEX,TF0
2020-05-26,101.15,101.48,100.665,100.795,84801,68663,100.83,10年期国债期货,CFFEX,T0
2020-05-26,101.745,101.895,101.38,101.52,9457,9853,101.51,2年期国债期货,CFFEX,TS0
2020-05-26,102.805,103.19,102.255,102.435,43256,36831,102.48,5年期国债期货,CFFEX,TF0
2020-05-27,100.81,100.995,100.7,100.925,76012,71036,100.86,10年期国债期货,CFFEX,T0
2020-05-27,101.52,101.61,101.3,101.365,8658,10197,101.355,2年期国债期货,CFFEX,TS0
2020-05-27,102.45,102.61,102.065,102.235,46740,39509,102.205,5年期国债期货,CFFEX,TF0
2020-05-28,101.0,101.315,100.915,101.18,79241,72839,101.23,10年期国债期货,CFFEX,T0
2020-05-28,101.36,101.55,101.32,101.485,8492,10905,101.485,2年期国债期货,CFFEX,TS0
2020-05-28,102.3,102.605,102.3,102.525,38490,39757,102.52,5年期国债期货,CFFEX,TF0
2020-05-29,101.23,101.37,100.96,100.985,67505,73275,101.05,10年期国债期货,CFFEX,T0
2020-05-29,101.46,101.555,101.44,101.485,5945,10993,101.485,2年期国债期货,CFFEX,TS0
2020-05-29,102.555,102.68,102.445,102.48,28413,41356,102.515,5年期国债期货,CFFEX,TF0
2020-06-01,101.15,101.195,100.71,100.805,59484,74112,100.77,10年期国债期货,CFFEX,T0
2020-06-01,101.64,101.675,101.495,101.53,10506,11382,101.55,2年期国债期货,CFFEX,TS0
2020-06-01,102.65,102.74,102.34,102.42,30942,42408,102.42,5年期国债期货,CFFEX,TF0
2020-06-02,100.68,100.7,100.295,100.3,83262,75978,100.48,10年期国债期货,CFFEX,T0
2020-06-02,101.46,101.525,101.195,101.22,15687,12853,101.335,2年期国债期货,CFFEX,TS0
2020-06-02,102.31,102.405,101.725,101.8,48521,45832,101.955,5年期国债期货,CFFEX,TF0
2020-06-03,100.21,100.405,99.895,100.375,113223,75391,100.305,10年期国债期货,CFFEX,T0
2020-06-03,101.25,101.3,100.835,101.295,14448,14323,101.245,2年期国债期货,CFFEX,TS0
2020-06-03,101.745,102.03,101.44,101.945,59755,46979,101.895,5年期国债期货,CFFEX,TF0
2020-06-04,100.21,100.375,100.025,100.105,63813,76325,100.105,10年期国债期货,CFFEX,T0
2020-06-04,101.245,101.35,101.065,101.075,11018,14604,101.115,2年期国债期货,CFFEX,TS0
2020-06-04,101.82,102.07,101.515,101.59,39002,46254,101.635,5年期国债期货,CFFEX,TF0
2020-06-05,100.045,100.225,99.795,99.845,83945,78300,99.86,10年期国债期货,CFFEX,T0
2020-06-05,101.105,101.16,100.995,101.015,12714,14599,101.03,2年期国债期货,CFFEX,TS0
2020-06-05,101.65,101.765,101.335,101.38,45320,47453,101.415,5年期国债期货,CFFEX,TF0
2020-06-08,99.835,100.255,99.725,100.175,65959,77930,100.175,10年期国债期货,CFFEX,T0
2020-06-08,101.03,101.23,100.965,101.225,10847,15015,101.2,2年期国债期货,CFFEX,TS0
2020-06-08,101.3,101.66,101.23,101.635,40194,47298,101.585,5年期国债期货,CFFEX,TF0
2020-06-09,100.14,100.355,100.02,100.05,62231,76982,100.1,10年期国债期货,CFFEX,T0
2020-06-09,101.145,101.405,101.145,101.24,11160,15110,101.26,2年期国债期货,CFFEX,TS0
2020-06-09,101.61,101.93,101.585,101.625,35016,47262,101.715,5年期国债期货,CFFEX,TF0
2020-06-10,100.145,100.24,99.925,100.125,67476,76929,100.045,10年期国债期货,CFFEX,T0
2020-06-10,101.26,101.345,101.09,101.15,9286,15261,101.155,2年期国债期货,CFFEX,TS0
2020-06-10,101.675,101.85,101.48,101.59,36427,47265,101.57,5年期国债期货,CFFEX,TF0
2020-06-11,100.195,100.54,100.135,100.44,66178,76689,100.445,10年期国债期货,CFFEX,T0
2020-06-11,101.2,101.28,101.14,101.225,8959,15174,101.235,2年期国债期货,CFFEX,TS0
2020-06-11,101.65,101.79,101.575,101.705,29421,47500,101.72,5年期国债期货,CFFEX,TF0
2020-06-12,100.7,100.76,100.54,100.655,67312,73004,100.66,10年期国债期货,CFFEX,T0
2020-06-12,101.325,101.375,101.23,101.285,10428,14794,101.275,2年期国债期货,CFFEX,TS0
2020-06-12,101.92,102.0,101.775,101.885,31332,44468,101.88,5年期国债期货,CFFEX,TF0
2020-06-15,100.81,101.03,100.66,100.785,66016,73393,100.905,10年期国债期货,CFFEX,T0
2020-06-15,101.305,101.36,101.23,101.28,7137,14697,101.305,2年期国债期货,CFFEX,TS0
2020-06-15,101.995,102.11,101.825,101.98,27527,43133,102.04,5年期国债期货,CFFEX,TF0
2020-06-16,100.3,100.43,100.14,100.16,75157,76824,100.19,10年期国债期货,CFFEX,T0
2020-06-16,101.175,101.26,101.125,101.13,6793,14838,101.17,2年期国债期货,CFFEX,TS0
2020-06-16,101.64,101.71,101.47,101.47,28487,45164,101.515,5年期国债期货,CFFEX,TF0
2020-06-17,100.105,100.275,100.035,100.065,61683,79609,100.125,10年期国债期货,CFFEX,T0
2020-06-17,101.135,101.155,101.02,101.025,6640,15915,101.04,2年期国债期货,CFFEX,TS0
2020-06-17,101.43,101.49,101.3,101.3,23051,46362,101.35,5年期国债期货,CFFEX,TF0
2020-06-18,100.385,100.465,100.04,100.195,73885,80034,100.135,10年期国债期货,CFFEX,T0
2020-06-18,101.175,101.26,100.98,101.08,8348,15968,101.05,2年期国债期货,CFFEX,TS0
2020-06-18,101.52,101.705,101.2,101.385,42351,48850,101.34,5年期国债期货,CFFEX,TF0
2020-06-19,100.205,100.24,99.95,100.22,66307,80970,0.0,10年期国债期货,CFFEX,T0
2020-06-19,101.095,101.11,100.98,101.04,5867,16374,0.0,2年期国债期货,CFFEX,TS0
2020-06-19,101.46,101.46,101.165,101.37,24159,48539,0.0,5年期国债期货,CFFEX,TF0
2020-06-22,100.155,100.23,99.94,99.95,47200,83856,100.025,10年期国债期货,CFFEX,T0
2020-06-22,101.045,101.08,100.935,100.94,5006,16930,101.005,2年期国债期货,CFFEX,TS0
2020-06-22,101.375,101.455,101.22,101.225,20333,49116,101.33,5年期国债期货,CFFEX,TF0
2020-06-23,99.895,100.11,99.645,99.91,82356,86019,99.82,10年期国债期货,CFFEX,T0
2020-06-23,100.93,100.995,100.73,100.99,10808,16285,100.885,2年期国债期货,CFFEX,TS0
2020-06-23,101.12,101.355,100.91,101.285,41924,52111,101.16,5年期国债期货,CFFEX,TF0
2020-06-24,99.98,100.205,99.935,100.145,50684,82467,100.16,10年期国债期货,CFFEX,T0
2020-06-24,101.0,101.2,101.0,101.2,8629,16242,101.16,2年期国债期货,CFFEX,TS0
2020-06-24,101.33,101.605,101.29,101.6,28430,50596,101.575,5年期国债期货,CFFEX,TF0
2020-06-29,100.13,100.345,100.055,100.19,48449,81881,100.245,10年期国债期货,CFFEX,T0
2020-06-29,101.18,101.28,101.125,101.21,7622,15645,101.21,2年期国债期货,CFFEX,TS0
2020-06-29,101.575,101.78,101.505,101.62,22410,50587,101.665,5年期国债期货,CFFEX,TF0
2020-06-30,100.145,100.32,99.99,100.315,55126,82466,100.275,10年期国债期货,CFFEX,T0
2020-06-30,101.1,101.23,101.1,101.22,5852,15857,101.215,2年期国债期货,CFFEX,TS0
2020-06-30,101.5,101.68,101.465,101.66,25999,50788,101.655,5年期国债期货,CFFEX,TF0
2020-07-01,100.28,100.4,100.18,100.25,48642,83678,0.0,10年期国债期货,CFFEX,T0
2020-07-01,101.255,101.27,101.145,101.17,5662,16178,0.0,2年期国债期货,CFFEX,TS0
2020-07-01,101.8,101.815,101.555,101.605,19784,49638,0.0,5年期国债期货,CFFEX,TF0
2020-07-02,100.295,100.33,100.13,100.275,50770,83189,0.0,10年期国债期货,CFFEX,T0
2020-07-02,101.11,101.225,101.11,101.215,5911,15986,0.0,2年期国债期货,CFFEX,TS0
2020-07-02,101.61,101.71,101.555,101.685,16060,48424,0.0,5年期国债期货,CFFEX,TF0
2020-07-03,100.16,100.21,99.94,99.965,60152,85687,99.99,10年期国债期货,CFFEX,T0
2020-07-03,101.2,101.25,101.165,101.185,5706,15745,101.195,2年期国债期货,CFFEX,TS0
2020-07-03,101.65,101.7,101.485,101.555,26398,48154,101.59,5年期国债期货,CFFEX,TF0
2020-07-06,99.77,99.8,98.92,98.935,87906,92805,0.0,10年期国债期货,CFFEX,T0
2020-07-06,101.115,101.17,100.79,100.8,10485,15939,0.0,2年期国债期货,CFFEX,TS0
2020-07-06,101.43,101.465,100.5,100.5,44004,47860,0.0,5年期国债期货,CFFEX,TF0
2020-07-07,98.6,99.06,98.485,98.97,87000,90743,98.985,10年期国债期货,CFFEX,T0
2020-07-07,100.77,100.85,100.6,100.81,9344,15534,100.815,2年期国债期货,CFFEX,TS0
2020-07-07,100.15,100.67,100.12,100.615,35720,46118,100.6,5年期国债期货,CFFEX,TF0
2020-07-08,98.905,98.995,98.425,98.535,89459,91141,98.515,10年期国债期货,CFFEX,T0
2020-07-08,100.81,100.835,100.615,100.67,10817,16320,100.645,2年期国债期货,CFFEX,TS0
2020-07-08,100.565,100.625,100.205,100.3,38187,45804,100.285,5年期国债期货,CFFEX,TF0
2020-07-09,98.405,98.575,98.025,98.435,121408,91597,98.47,10年期国债期货,CFFEX,T0
2020-07-09,100.635,100.665,100.46,100.56,13053,16727,100.57,2年期国债期货,CFFEX,TS0
2020-07-09,100.24,100.315,99.96,100.17,43457,48779,100.205,5年期国债期货,CFFEX,TF0
2020-07-10,98.49,98.79,98.46,98.57,86832,90353,98.61,10年期国债期货,CFFEX,T0
2020-07-10,100.58,100.75,100.565,100.635,9653,16688,100.645,2年期国债期货,CFFEX,TS0
2020-07-10,100.195,100.495,100.195,100.365,29783,47257,100.395,5年期国债期货,CFFEX,TF0
2020-07-13,98.59,98.615,98.235,98.38,80519,92768,98.4,10年期国债期货,CFFEX,T0
2020-07-13,100.65,100.68,100.43,100.51,11687,16674,100.505,2年期国债期货,CFFEX,TS0
2020-07-13,100.43,100.435,100.07,100.13,25537,47093,100.16,5年期国债期货,CFFEX,TF0
2020-07-14,98.56,98.76,98.55,98.635,72177,91186,98.61,10年期国债期货,CFFEX,T0
2020-07-14,100.62,100.695,100.565,100.605,2206,16639,100.62,2年期国债期货,CFFEX,TS0
2020-07-14,100.29,100.5,100.25,100.445,17256,46889,100.365,5年期国债期货,CFFEX,TF0
2020-07-15,98.6,99.035,98.49,99.025,89131,90375,98.955,10年期国债期货,CFFEX,T0
2020-07-15,100.6,100.78,100.55,100.76,7987,15866,100.735,2年期国债期货,CFFEX,TS0
2020-07-15,100.21,100.695,100.2,100.695,32572,44817,100.62,5年期国债期货,CFFEX,TF0
2020-07-16,98.99,99.36,98.9,99.27,84554,88223,99.26,10年期国债期货,CFFEX,T0
2020-07-16,100.755,100.825,100.715,100.805,7896,15885,100.79,2年期国债期货,CFFEX,TS0
2020-07-16,100.62,100.89,100.58,100.87,30333,43619,100.825,5年期国债期货,CFFEX,TF0
2020-07-17,99.21,99.465,99.045,99.185,83262,86321,0.0,10年期国债期货,CFFEX,T0
2020-07-17,100.85,100.88,100.74,100.805,7276,15926,0.0,2年期国债期货,CFFEX,TS0
2020-07-17,100.865,101.0,100.7,100.805,28185,43276,0.0,5年期国债期货,CFFEX,TF0
2020-07-20,99.17,99.255,99.02,99.245,57194,84541,0.0,10年期国债期货,CFFEX,T0
2020-07-20,100.8,100.87,100.74,100.805,5359,15822,0.0,2年期国债期货,CFFEX,TS0
2020-07-20,100.785,100.905,100.72,100.89,19034,43199,0.0,5年期国债期货,CFFEX,TF0
2020-07-21,99.495,99.57,99.28,99.385,61456,83936,0.0,10年期国债期货,CFFEX,T0
2020-07-21,100.85,100.97,100.85,100.9,7751,15690,0.0,2年期国债期货,CFFEX,TS0
2020-07-21,101.05,101.28,101.0,101.105,27140,43955,0.0,5年期国债期货,CFFEX,TF0
2020-07-22,99.325,99.775,99.085,99.77,77308,85722,0.0,10年期国债期货,CFFEX,T0
2020-07-22,100.885,100.98,100.805,100.97,6853,15465,0.0,2年期国债期货,CFFEX,TS0
2020-07-22,101.01,101.335,100.845,101.325,30134,43760,0.0,5年期国债期货,CFFEX,TF0
2020-07-23,99.7,99.79,99.52,99.655,62627,84405,0.0,10年期国债期货,CFFEX,T0
2020-07-23,100.935,100.975,100.885,100.94,5435,15347,0.0,2年期国债期货,CFFEX,TS0
2020-07-23,101.235,101.3,101.085,101.2,23146,41887,0.0,5年期国债期货,CFFEX,TF0
2020-07-24,99.62,100.075,99.56,99.985,72801,81720,0.0,10年期国债期货,CFFEX,T0
2020-07-24,100.925,101.03,100.9,100.965,6859,15629,0.0,2年期国债期货,CFFEX,TS0
2020-07-24,101.175,101.505,101.125,101.39,24564,41748,0.0,5年期国债期货,CFFEX,TF0
2020-07-27,99.93,99.96,99.73,99.855,50301,81034,0.0,10年期国债期货,CFFEX,T0
2020-07-27,100.96,100.96,100.875,100.93,5924,15788,0.0,2年期国债期货,CFFEX,TS0
2020-07-27,101.385,101.385,101.15,101.295,17118,40227,0.0,5年期国债期货,CFFEX,TF0
2020-07-28,99.625,99.715,99.455,99.5,65595,80819,0.0,10年期国债期货,CFFEX,T0
2020-07-28,100.9,100.905,100.84,100.865,5256,15506,0.0,2年期国债期货,CFFEX,TS0
2020-07-28,101.2,101.2,101.005,101.05,21951,38734,0.0,5年期国债期货,CFFEX,TF0
2020-07-29,99.51,99.58,99.17,99.235,58675,82211,0.0,10年期国债期货,CFFEX,T0
2020-07-29,100.865,100.89,100.79,100.815,5954,15425,0.0,2年期国债期货,CFFEX,TS0
2020-07-29,101.04,101.095,100.86,100.93,17388,38688,0.0,5年期国债期货,CFFEX,TF0
2020-07-30,99.13,99.275,99.075,99.16,49201,83433,0.0,10年期国债期货,CFFEX,T0
2020-07-30,100.785,100.83,100.775,100.815,5718,15436,0.0,2年期国债期货,CFFEX,TS0
2020-07-30,100.84,100.96,100.84,100.895,15576,38570,0.0,5年期国债期货,CFFEX,TF0
2020-07-31,99.055,99.085,98.78,98.84,68138,84956,0.0,10年期国债期货,CFFEX,T0
2020-07-31,100.775,100.795,100.66,100.725,7668,15293,0.0,2年期国债期货,CFFEX,TS0
2020-07-31,100.875,100.875,100.55,100.725,21827,37505,0.0,5年期国债期货,CFFEX,TF0
2020-08-03,98.64,99.115,98.64,99.07,59186,82369,0.0,10年期国债期货,CFFEX,T0
2020-08-03,100.59,100.795,100.59,100.755,5463,15549,0.0,2年期国债期货,CFFEX,TS0
2020-08-03,100.58,101.06,100.555,100.94,18975,37515,0.0,5年期国债期货,CFFEX,TF0
2020-08-04,98.995,99.275,98.925,99.19,57324,80011,0.0,10年期国债期货,CFFEX,T0
2020-08-04,100.745,100.785,100.685,100.73,6043,15438,0.0,2年期国债期货,CFFEX,TS0
2020-08-04,100.9,101.045,100.77,100.89,20253,35301,0.0,5年期国债期货,CFFEX,TF0
2020-08-05,99.235,99.39,98.955,98.99,71706,77843,0.0,10年期国债期货,CFFEX,T0
2020-08-05,100.735,100.8,100.6,100.615,6004,15233,0.0,2年期国债期货,CFFEX,TS0
2020-08-05,100.89,101.065,100.56,100.6,22410,35070,0.0,5年期国债期货,CFFEX,TF0
2020-08-06,98.88,99.115,98.835,98.89,59968,75127,0.0,10年期国债期货,CFFEX,T0
2020-08-06,100.58,100.625,100.515,100.52,6947,15121,0.0,2年期国债期货,CFFEX,TS0
2020-08-06,100.555,100.64,100.435,100.49,20259,34414,0.0,5年期国债期货,CFFEX,TF0
2020-08-07,98.84,99.06,98.655,98.795,75239,70745,0.0,10年期国债期货,CFFEX,T0
2020-08-07,100.52,100.6,100.505,100.545,6860,14832,0.0,2年期国债期货,CFFEX,TS0
2020-08-07,100.45,100.675,100.39,100.44,24842,31702,0.0,5年期国债期货,CFFEX,TF0
2020-08-10,98.865,99.275,98.84,99.265,60980,66183,0.0,10年期国债期货,CFFEX,T0
2020-08-10,100.545,100.66,100.52,100.64,7607,14272,0.0,2年期国债期货,CFFEX,TS0
2020-08-10,100.5,100.745,100.445,100.72,19570,29333,0.0,5年期国债期货,CFFEX,TF0
2020-08-11,99.245,99.245,98.935,99.195,69250,60917,0.0,10年期国债期货,CFFEX,T0
2020-08-11,100.635,100.635,100.565,100.625,7283,13567,0.0,2年期国债期货,CFFEX,TS0
2020-08-11,100.705,100.72,100.45,100.625,20980,27499,0.0,5年期国债期货,CFFEX,TF0
2020-08-12,99.165,99.35,98.86,99.3,75056,56949,0.0,10年期国债期货,CFFEX,T0
2020-08-12,100.605,100.635,100.515,100.605,9619,13208,0.0,2年期国债期货,CFFEX,TS0
2020-08-12,100.6,100.695,100.47,100.63,23922,25984,0.0,5年期国债期货,CFFEX,TF0
2020-08-13,99.175,99.445,99.16,99.33,49721,56191,0.0,10年期国债期货,CFFEX,T0
2020-08-13,100.59,100.64,100.57,100.62,4461,12842,0.0,2年期国债期货,CFFEX,TS0
2020-08-13,100.56,100.74,100.53,100.665,14885,24755,0.0,5年期国债期货,CFFEX,TF0
2020-08-14,99.45,99.615,99.315,99.5,51363,53906,0.0,10年期国债期货,CFFEX,T0
2020-08-14,100.65,100.725,100.63,100.67,6871,12059,0.0,2年期国债期货,CFFEX,TS0
2020-08-14,100.705,100.865,100.65,100.8,18733,20494,0.0,5年期国债期货,CFFEX,TF0
2020-08-17,99.65,99.7,99.47,99.56,41612,48540,0.0,10年期国债期货,CFFEX,T0
2020-08-17,100.705,100.72,100.655,100.685,5041,11511,0.0,2年期国债期货,CFFEX,TS0
2020-08-17,100.885,100.94,100.815,100.885,10795,17867,0.0,5年期国债期货,CFFEX,TF0
2020-08-18,99.495,99.565,99.29,99.365,39601,39421,0.0,10年期国债期货,CFFEX,T0
2020-08-18,100.685,100.715,100.645,100.685,4990,11117,0.0,2年期国债期货,CFFEX,TS0
2020-08-18,100.87,100.905,100.72,100.765,11275,14762,0.0,5年期国债期货,CFFEX,TF0
2020-08-19,99.285,99.415,99.03,99.055,34542,32615,0.0,10年期国债期货,CFFEX,T0
2020-08-19,100.665,100.685,100.565,100.57,4101,10637,0.0,2年期国债期货,CFFEX,TS0
2020-08-19,100.75,100.775,100.52,100.53,10289,13050,0.0,5年期国债期货,CFFEX,TF0
2020-08-20,98.43,98.5,98.11,98.185,56518,69429,0.0,10年期国债期货,CFFEX,T0
2020-08-20,100.585,100.61,100.52,100.52,4322,9987,0.0,2年期国债期货,CFFEX,TS0
2020-08-20,100.06,100.1,99.895,99.935,19778,30000,0.0,5年期国债期货,CFFEX,TF0
2020-08-21,98.195,98.46,98.19,98.38,46839,71589,0.0,10年期国债期货,CFFEX,T0
2020-08-21,100.535,100.57,100.52,100.545,2719,9220,0.0,2年期国债期货,CFFEX,TS0
2020-08-21,99.935,100.17,99.885,100.045,18046,31016,0.0,5年期国债期货,CFFEX,TF0
2020-08-24,98.33,98.51,98.27,98.285,45655,73181,0.0,10年期国债期货,CFFEX,T0
2020-08-24,100.36,100.395,100.3,100.325,6175,11832,0.0,2年期国债期货,CFFEX,TS0
2020-08-24,100.0,100.145,99.975,99.99,14605,31921,0.0,5年期国债期货,CFFEX,TF0
2020-08-25,98.125,98.16,97.875,97.935,76706,81918,0.0,10年期国债期货,CFFEX,T0
2020-08-25,100.27,100.325,100.22,100.255,7238,12486,0.0,2年期国债期货,CFFEX,TS0
2020-08-25,99.78,99.955,99.72,99.795,25902,35423,0.0,5年期国债期货,CFFEX,TF0
2020-08-26,97.99,98.135,97.7,97.71,60357,86541,0.0,10年期国债期货,CFFEX,T0
2020-08-26,100.27,100.31,100.185,100.195,7395,12943,0.0,2年期国债期货,CFFEX,TS0
2020-08-26,99.86,99.975,99.6,99.61,18080,36459,0.0,5年期国债期货,CFFEX,TF0
2020-08-27,97.74,97.915,97.65,97.825,60553,85781,0.0,10年期国债期货,CFFEX,T0
2020-08-27,100.19,100.23,100.15,100.155,7524,13101,0.0,2年期国债期货,CFFEX,TS0
2020-08-27,99.645,99.73,99.53,99.635,21444,38450,0.0,5年期国债期货,CFFEX,TF0
2020-08-28,97.71,97.835,97.575,97.795,70500,87681,0.0,10年期国债期货,CFFEX,T0
2020-08-28,100.15,100.16,100.09,100.16,8619,13438,0.0,2年期国债期货,CFFEX,TS0
2020-08-28,99.565,99.67,99.48,99.65,24864,39887,0.0,5年期国债期货,CFFEX,TF0
2020-08-31,97.805,98.08,97.785,98.045,50067,88735,0.0,10年期国债期货,CFFEX,T0
2020-08-31,100.16,100.21,100.135,100.195,6697,13719,0.0,2年期国债期货,CFFEX,TS0
2020-08-31,99.67,99.855,99.655,99.795,16911,40224,0.0,5年期国债期货,CFFEX,TF0
2020-09-01,98.045,98.12,97.905,97.97,49154,92601,0.0,10年期国债期货,CFFEX,T0
2020-09-01,100.19,100.21,100.17,100.185,6653,14264,0.0,2年期国债期货,CFFEX,TS0
2020-09-01,99.77,99.88,99.72,99.77,17593,42634,0.0,5年期国债期货,CFFEX,TF0
2020-09-02,97.81,97.88,97.565,97.695,67547,99635,0.0,10年期国债期货,CFFEX,T0
2020-09-02,100.17,100.17,100.085,100.105,5852,15128,0.0,2年期国债期货,CFFEX,TS0
2020-09-02,99.67,99.7,99.43,99.52,24350,46998,0.0,5年期国债期货,CFFEX,TF0
2020-09-03,97.58,97.885,97.475,97.845,74376,101033,0.0,10年期国债期货,CFFEX,T0
2020-09-03,100.07,100.115,100.02,100.11,8576,17206,0.0,2年期国债期货,CFFEX,TS0
2020-09-03,99.35,99.565,99.29,99.52,29069,50551,0.0,5年期国债期货,CFFEX,TF0
2020-09-04,97.86,97.925,97.67,97.69,46487,101483,0.0,10年期国债期货,CFFEX,T0
2020-09-04,100.15,100.17,100.06,100.07,5579,18002,0.0,2年期国债期货,CFFEX,TS0
2020-09-04,99.545,99.58,99.385,99.4,20996,52320,0.0,5年期国债期货,CFFEX,TF0
2020-09-07,97.605,97.675,97.44,97.59,61523,104390,0.0,10年期国债期货,CFFEX,T0
2020-09-07,100.05,100.07,100.01,100.06,5922,18757,0.0,2年期国债期货,CFFEX,TS0
2020-09-07,99.3,99.44,99.26,99.38,27699,53504,0.0,5年期国债期货,CFFEX,TF0
2020-09-08,97.685,97.97,97.68,97.9,62983,102125,0.0,10年期国债期货,CFFEX,T0
2020-09-08,100.095,100.135,100.075,100.115,6950,19365,0.0,2年期国债期货,CFFEX,TS0
2020-09-08,99.41,99.59,99.41,99.53,27839,55062,0.0,5年期国债期货,CFFEX,TF0
2020-09-09,98.0,98.29,97.955,98.27,69006,98053,0.0,10年期国债期货,CFFEX,T0
2020-09-09,100.15,100.295,100.125,100.29,13128,20883,0.0,2年期国债期货,CFFEX,TS0
2020-09-09,99.65,99.88,99.6,99.875,36424,59175,0.0,5年期国债期货,CFFEX,TF0
2020-09-10,98.145,98.39,98.105,98.34,58684,97901,0.0,10年期国债期货,CFFEX,T0
2020-09-10,100.24,100.39,100.235,100.35,10502,20895,0.0,2年期国债期货,CFFEX,TS0
2020-09-10,99.785,100.06,99.745,99.935,28304,57614,0.0,5年期国债期货,CFFEX,TF0
2020-09-11,98.21,98.235,97.855,97.86,69248,100300,0.0,10年期国债期货,CFFEX,T0
2020-09-11,100.33,100.335,100.27,100.27,9706,20215,0.0,2年期国债期货,CFFEX,TS0
2020-09-11,99.88,99.93,99.715,99.735,21810,57999,0.0,5年期国债期货,CFFEX,TF0
2020-09-14,97.76,97.765,97.51,97.7,61295,101938,0.0,10年期国债期货,CFFEX,T0
2020-09-14,100.235,100.29,100.155,100.26,4458,20797,0.0,2年期国债期货,CFFEX,TS0
2020-09-14,98.7,99.745,98.7,99.685,23556,57801,0.0,5年期国债期货,CFFEX,TF0
2020-09-15,97.8,98.12,97.705,98.035,67705,100427,0.0,10年期国债期货,CFFEX,T0
2020-09-15,100.3,100.405,100.28,100.36,8978,20584,0.0,2年期国债期货,CFFEX,TS0
2020-09-15,99.76,100.055,99.715,99.96,28553,57438,0.0,5年期国债期货,CFFEX,TF0
2020-09-16,98.1,98.23,97.95,97.955,66042,101935,0.0,10年期国债期货,CFFEX,T0
2020-09-16,100.42,100.465,100.385,100.385,7565,20258,0.0,2年期国债期货,CFFEX,TS0
2020-09-16,100.055,100.185,99.95,99.955,27798,56323,0.0,5年期国债期货,CFFEX,TF0
2020-09-17,97.94,98.105,97.825,97.885,58337,101453,0.0,10年期国债期货,CFFEX,T0
2020-09-17,100.385,100.43,100.315,100.34,7189,20035,0.0,2年期国债期货,CFFEX,TS0
2020-09-17,99.915,100.075,99.825,99.895,25888,55651,0.0,5年期国债期货,CFFEX,TF0
2020-09-18,97.895,98.135,97.78,97.865,69559,102919,0.0,10年期国债期货,CFFEX,T0
2020-09-18,100.375,100.45,100.35,100.385,7450,20503,0.0,2年期国债期货,CFFEX,TS0
2020-09-18,99.905,100.09,99.875,99.95,21948,56291,0.0,5年期国债期货,CFFEX,TF0
2020-09-21,97.94,98.305,97.91,98.255,70854,104129,0.0,10年期国债期货,CFFEX,T0
2020-09-21,100.385,100.52,100.385,100.475,7417,21064,0.0,2年期国债期货,CFFEX,TS0
2020-09-21,100.01,100.28,100.0,100.205,24890,57529,0.0,5年期国债期货,CFFEX,TF0
2020-09-22,98.38,98.56,98.255,98.545,79906,106101,0.0,10年期国债期货,CFFEX,T0
2020-09-22,100.5,100.545,100.415,100.475,8831,21514,0.0,2年期国债期货,CFFEX,TS0
2020-09-22,100.275,100.355,100.105,100.32,28727,56282,0.0,5年期国债期货,CFFEX,TF0
2020-09-23,98.48,98.57,98.28,98.415,63093,104364,0.0,10年期国债期货,CFFEX,T0
2020-09-23,100.5,100.5,100.425,100.465,6698,20922,0.0,2年期国债期货,CFFEX,TS0
2020-09-23,100.29,100.38,100.135,100.26,24851,53867,0.0,5年期国债期货,CFFEX,TF0
2020-09-24,98.455,98.595,98.26,98.345,72980,103019,0.0,10年期国债期货,CFFEX,T0
2020-09-24,100.48,100.49,100.36,100.375,7575,21186,0.0,2年期国债期货,CFFEX,TS0
2020-09-24,100.31,100.35,100.03,100.11,27519,53460,0.0,5年期国债期货,CFFEX,TF0
2020-09-25,98.275,98.325,98.065,98.1,68004,103341,0.0,10年期国债期货,CFFEX,T0
2020-09-25,100.34,100.39,100.33,100.335,4708,21880,0.0,2年期国债期货,CFFEX,TS0
2020-09-25,100.055,100.08,99.91,99.925,20386,54379,0.0,5年期国债期货,CFFEX,TF0
2020-09-28,98.09,98.285,98.04,98.275,45643,104409,0.0,10年期国债期货,CFFEX,T0
2020-09-28,100.31,100.365,100.285,100.36,4304,21503,0.0,2年期国债期货,CFFEX,TS0
2020-09-28,99.9,100.025,99.865,100.0,13726,54212,0.0,5年期国债期货,CFFEX,TF0
2020-09-29,98.265,98.275,97.985,98.045,50894,103971,0.0,10年期国债期货,CFFEX,T0
2020-09-29,100.35,100.36,100.29,100.325,3647,21663,0.0,2年期国债期货,CFFEX,TS0
2020-09-29,100.01,100.015,99.825,99.905,15932,55341,0.0,5年期国债期货,CFFEX,TF0
2020-09-30,98.11,98.185,97.73,97.775,50524,102112,0.0,10年期国债期货,CFFEX,T0
2020-09-30,100.33,100.345,100.2,100.22,4340,21556,0.0,2年期国债期货,CFFEX,TS0
2020-09-30,99.91,99.985,99.615,99.655,18329,54903,0.0,5年期国债期货,CFFEX,TF0
2020-10-09,97.54,97.665,97.455,97.455,43798,105698,0.0,10年期国债期货,CFFEX,T0
2020-10-09,100.175,100.18,100.085,100.09,6093,22366,0.0,2年期国债期货,CFFEX,TS0
2020-10-09,99.5,99.55,99.42,99.435,15252,55328,0.0,5年期国债期货,CFFEX,TF0
2020-10-12,97.425,97.68,97.325,97.625,53567,106656,0.0,10年期国债期货,CFFEX,T0
2020-10-12,100.07,100.17,100.04,100.145,5746,22633,0.0,2年期国债期货,CFFEX,TS0
2020-10-12,99.4,99.615,99.345,99.565,17810,55069,0.0,5年期国债期货,CFFEX,TF0
2020-10-13,97.63,97.665,97.505,97.535,46713,108066,0.0,10年期国债期货,CFFEX,T0
2020-10-13,100.135,100.165,100.125,100.165,4768,23315,0.0,2年期国债期货,CFFEX,TS0
2020-10-13,99.54,99.63,99.52,99.57,15366,56631,0.0,5年期国债期货,CFFEX,TF0
2020-10-14,97.51,97.585,97.35,97.525,66644,108905,0.0,10年期国债期货,CFFEX,T0
2020-10-14,100.145,100.155,100.095,100.1,6486,23603,0.0,2年期国债期货,CFFEX,TS0
2020-10-14,99.56,99.56,99.39,99.475,22530,58042,0.0,5年期国债期货,CFFEX,TF0
2020-10-15,97.445,97.62,97.285,97.355,59346,110544,0.0,10年期国债期货,CFFEX,T0
2020-10-15,100.05,100.13,100.05,100.06,6223,23864,0.0,2年期国债期货,CFFEX,TS0
2020-10-15,99.415,99.495,99.255,99.33,23387,60164,0.0,5年期国债期货,CFFEX,TF0
2020-10-16,97.35,97.515,97.255,97.495,53091,109710,0.0,10年期国债期货,CFFEX,T0
2020-10-16,100.075,100.13,100.02,100.125,7122,23610,0.0,2年期国债期货,CFFEX,TS0
2020-10-16,99.295,99.45,99.25,99.43,19155,61314,0.0,5年期国债期货,CFFEX,TF0
2020-10-19,97.485,97.85,97.455,97.815,66414,108902,0.0,10年期国债期货,CFFEX,T0
2020-10-19,100.15,100.195,100.115,100.185,7629,23621,0.0,2年期国债期货,CFFEX,TS0
2020-10-19,99.425,99.655,99.405,99.62,21844,62016,0.0,5年期国债期货,CFFEX,TF0
2020-10-20,97.74,97.895,97.625,97.875,52999,109840,0.0,10年期国债期货,CFFEX,T0
2020-10-20,100.17,100.2,100.145,100.195,7009,24645,0.0,2年期国债期货,CFFEX,TS0
2020-10-20,99.58,99.66,99.49,99.65,18867,61811,0.0,5年期国债期货,CFFEX,TF0
2020-10-21,97.82,97.985,97.765,97.82,55468,109350,0.0,10年期国债期货,CFFEX,T0
2020-10-21,100.165,100.265,100.165,100.24,7771,25675,0.0,2年期国债期货,CFFEX,TS0
2020-10-21,99.63,99.755,99.59,99.705,26516,60795,0.0,5年期国债期货,CFFEX,TF0
2020-10-22,97.925,98.135,97.92,98.13,64567,111754,0.0,10年期国债期货,CFFEX,T0
2020-10-22,100.27,100.355,100.27,100.325,8428,25816,0.0,2年期国债期货,CFFEX,TS0
2020-10-22,99.755,99.945,99.755,99.92,24256,60204,0.0,5年期国债期货,CFFEX,TF0
2020-10-23,98.045,98.16,97.92,97.965,64353,112996,0.0,10年期国债期货,CFFEX,T0
2020-10-23,100.295,100.315,100.265,100.285,7628,25693,0.0,2年期国债期货,CFFEX,TS0
2020-10-23,99.85,99.925,99.805,99.85,19156,59173,0.0,5年期国债期货,CFFEX,TF0
2020-10-26,97.9,98.13,97.85,97.99,59679,112611,0.0,10年期国债期货,CFFEX,T0
2020-10-26,100.25,100.295,100.205,100.235,7894,26243,0.0,2年期国债期货,CFFEX,TS0
2020-10-26,99.8,99.905,99.76,99.78,20327,58049,0.0,5年期国债期货,CFFEX,TF0
2020-10-27,98.02,98.245,97.99,98.215,59150,116133,0.0,10年期国债期货,CFFEX,T0
2020-10-27,100.25,100.29,100.23,100.275,6616,26101,0.0,2年期国债期货,CFFEX,TS0
2020-10-27,99.75,99.935,99.75,99.875,19151,57458,0.0,5年期国债期货,CFFEX,TF0
2020-10-28,98.315,98.365,98.005,98.14,72986,111990,0.0,10年期国债期货,CFFEX,T0
2020-10-28,100.31,100.37,100.225,100.29,8052,25887,0.0,2年期国债期货,CFFEX,TS0
2020-10-28,99.985,100.05,99.78,99.88,27164,56143,0.0,5年期国债期货,CFFEX,TF0
2020-10-29,98.21,98.285,97.985,98.03,60016,107966,0.0,10年期国债期货,CFFEX,T0
2020-10-29,100.31,100.33,100.225,100.245,7208,25618,0.0,2年期国债期货,CFFEX,TS0
2020-10-29,99.935,100.005,99.77,99.815,22617,55238,0.0,5年期国债期货,CFFEX,TF0
2020-10-30,98.02,98.19,97.93,98.085,55574,106422,0.0,10年期国债期货,CFFEX,T0
2020-10-30,100.245,100.3,100.23,100.255,6846,25867,0.0,2年期国债期货,CFFEX,TS0
2020-10-30,99.8,99.935,99.755,99.835,19811,56501,0.0,5年期国债期货,CFFEX,TF0
2020-11-02,98.03,98.315,97.965,98.3,53303,108207,0.0,10年期国债期货,CFFEX,T0
2020-11-02,100.245,100.31,100.205,100.305,6593,26859,0.0,2年期国债期货,CFFEX,TS0
2020-11-02,99.845,99.99,99.75,99.985,19976,57726,0.0,5年期国债期货,CFFEX,TF0
2020-11-03,98.325,98.39,98.235,98.345,59928,106882,0.0,10年期国债期货,CFFEX,T0
2020-11-03,100.33,100.36,100.275,100.29,6627,25526,0.0,2年期国债期货,CFFEX,TS0
2020-11-03,100.0,100.07,99.93,99.995,20480,56778,0.0,5年期国债期货,CFFEX,TF0
2020-11-04,98.3,98.46,98.19,98.44,72945,108000,0.0,10年期国债期货,CFFEX,T0
2020-11-04,100.27,100.305,100.245,100.29,6725,25519,0.0,2年期国债期货,CFFEX,TS0
2020-11-04,99.985,99.99,99.835,99.965,24490,57085,0.0,5年期国债期货,CFFEX,TF0
2020-11-05,98.345,98.485,98.27,98.3,67178,102780,0.0,10年期国债期货,CFFEX,T0
2020-11-05,100.265,100.305,100.2,100.215,6897,25469,0.0,2年期国债期货,CFFEX,TS0
2020-11-05,99.915,100.01,99.805,99.84,21610,57228,0.0,5年期国债期货,CFFEX,TF0
2020-11-06,98.2,98.275,98.055,98.065,57037,100247,0.0,10年期国债期货,CFFEX,T0
2020-11-06,100.205,100.205,100.145,100.155,8412,25592,0.0,2年期国债期货,CFFEX,TS0
2020-11-06,99.71,99.795,99.65,99.66,21173,56915,0.0,5年期国债期货,CFFEX,TF0
2020-11-09,98.03,98.05,97.78,97.88,57940,94319,0.0,10年期国债期货,CFFEX,T0
2020-11-09,100.11,100.145,100.1,100.12,7304,25651,0.0,2年期国债期货,CFFEX,TS0
2020-11-09,99.61,99.66,99.525,99.565,20389,53301,0.0,5年期国债期货,CFFEX,TF0
2020-11-10,97.695,98.06,97.625,97.925,58963,87913,0.0,10年期国债期货,CFFEX,T0
2020-11-10,100.1,100.195,100.09,100.16,6238,25393,0.0,2年期国债期货,CFFEX,TS0
2020-11-10,99.5,99.76,99.44,99.665,25666,50678,0.0,5年期国债期货,CFFEX,TF0
2020-11-11,98.005,98.045,97.86,97.92,44917,85913,0.0,10年期国债期货,CFFEX,T0
2020-11-11,100.165,100.215,100.12,100.145,5795,24737,0.0,2年期国债期货,CFFEX,TS0
2020-11-11,99.7,99.745,99.615,99.65,20750,47763,0.0,5年期国债期货,CFFEX,TF0
2020-11-12,97.82,97.995,97.81,97.845,47029,81763,0.0,10年期国债期货,CFFEX,T0
2020-11-12,100.12,100.125,100.065,100.075,7040,23749,0.0,2年期国债期货,CFFEX,TS0
2020-11-12,99.635,99.675,99.54,99.56,20789,44219,0.0,5年期国债期货,CFFEX,TF0
2020-11-13,97.8,97.925,97.555,97.635,75633,76740,0.0,10年期国债期货,CFFEX,T0
2020-11-13,100.055,100.065,99.97,100.0,9038,23335,0.0,2年期国债期货,CFFEX,TS0
2020-11-13,99.535,99.57,99.27,99.355,31826,41342,0.0,5年期国债期货,CFFEX,TF0
2020-11-16,97.74,97.85,97.6,97.62,50955,70909,0.0,10年期国债期货,CFFEX,T0
2020-11-16,100.015,100.095,100.015,100.02,7502,22846,0.0,2年期国债期货,CFFEX,TS0
2020-11-16,99.5,99.515,99.335,99.35,22042,38483,0.0,5年期国债期货,CFFEX,TF0
2020-11-17,97.63,97.65,97.455,97.515,46272,62711,0.0,10年期国债期货,CFFEX,T0
2020-11-17,100.015,100.04,99.995,99.995,3792,22607,0.0,2年期国债期货,CFFEX,TS0
2020-11-17,99.36,99.365,99.26,99.295,16345,35055,0.0,5年期国债期货,CFFEX,TF0
2020-11-18,97.495,97.515,97.195,97.215,49431,54076,0.0,10年期国债期货,CFFEX,T0
2020-11-18,100.0,100.0,99.835,99.885,4414,22361,0.0,2年期国债期货,CFFEX,TS0
2020-11-18,99.265,99.28,99.04,99.085,19488,31507,0.0,5年期国债期货,CFFEX,TF0
2020-11-19,97.115,97.32,97.075,97.145,40610,45562,0.0,10年期国债期货,CFFEX,T0
2020-11-19,99.88,99.885,99.82,99.84,5393,21402,0.0,2年期国债期货,CFFEX,TS0
2020-11-19,99.01,99.1,98.93,99.01,14530,27889,0.0,5年期国债期货,CFFEX,TF0
2020-11-20,96.84,97.12,96.755,97.02,68173,93622,0.0,10年期国债期货,CFFEX,T0
2020-11-20,99.79,99.83,99.75,99.78,7570,20720,0.0,2年期国债期货,CFFEX,TS0
2020-11-20,98.84,99.095,98.755,99.01,30795,39980,0.0,5年期国债期货,CFFEX,TF0
2020-11-23,97.215,97.35,97.175,97.295,56427,96355,0.0,10年期国债期货,CFFEX,T0
2020-11-23,99.84,99.87,99.84,99.855,3080,20091,0.0,2年期国债期货,CFFEX,TS0
2020-11-23,99.18,99.275,99.13,99.24,23542,43120,0.0,5年期国债期货,CFFEX,TF0
2020-11-24,97.295,97.365,97.165,97.185,48742,101561,0.0,10年期国债期货,CFFEX,T0
2020-11-24,100.005,100.03,99.96,99.965,4318,10119,0.0,2年期国债期货,CFFEX,TS0
2020-11-24,99.2,99.3,99.13,99.135,23188,44848,0.0,5年期国债期货,CFFEX,TF0
2020-11-25,97.165,97.48,97.16,97.45,62833,104140,0.0,10年期国债期货,CFFEX,T0
2020-11-25,99.83,99.925,99.78,99.905,3493,15733,0.0,2年期国债期货,CFFEX,TS0
2020-11-25,99.1,99.375,99.1,99.32,27337,46820,0.0,5年期国债期货,CFFEX,TF0
2020-11-26,97.45,97.51,97.275,97.315,47539,105371,0.0,10年期国债期货,CFFEX,T0
2020-11-26,100.13,100.135,100.01,100.03,6786,12294,0.0,2年期国债期货,CFFEX,TS0
2020-11-26,99.38,99.42,99.255,99.275,21569,47109,0.0,5年期国债期货,CFFEX,TF0
2020-11-27,97.355,97.47,97.175,97.175,56971,105736,0.0,10年期国债期货,CFFEX,T0
2020-11-27,100.08,100.1,99.99,99.99,6867,12990,0.0,2年期国债期货,CFFEX,TS0
2020-11-27,99.325,99.395,99.165,99.17,21238,47224,0.0,5年期国债期货,CFFEX,TF0
2020-11-30,97.35,97.7,97.35,97.67,70718,106085,0.0,10年期国债期货,CFFEX,T0
2020-11-30,100.105,100.265,100.075,100.265,9711,14569,0.0,2年期国债期货,CFFEX,TS0
2020-11-30,99.4,99.67,99.335,99.655,31592,47631,0.0,5年期国债期货,CFFEX,TF0
2020-12-01,97.6,97.625,97.415,97.485,51170,104959,0.0,10年期国债期货,CFFEX,T0
2020-12-01,100.28,100.285,100.2,100.21,5014,15375,0.0,2年期国债期货,CFFEX,TS0
2020-12-01,99.68,99.68,99.455,99.49,21363,47231,0.0,5年期国债期货,CFFEX,TF0
2020-12-02,97.395,97.405,97.18,97.255,55226,106207,0.0,10年期国债期货,CFFEX,T0
2020-12-02,100.2,100.2,100.115,100.145,5718,15371,0.0,2年期国债期货,CFFEX,TS0
2020-12-02,99.415,99.43,99.285,99.355,23121,47696,0.0,5年期国债期货,CFFEX,TF0
2020-12-03,97.3,97.35,97.15,97.235,45120,106932,0.0,10年期国债期货,CFFEX,T0
2020-12-03,100.135,100.16,100.07,100.11,4573,15609,0.0,2年期国债期货,CFFEX,TS0
2020-12-03,99.31,99.395,99.2,99.29,20258,49221,0.0,5年期国债期货,CFFEX,TF0
2020-12-04,97.285,97.485,97.255,97.435,48949,106728,0.0,10年期国债期货,CFFEX,T0
2020-12-04,100.15,100.15,100.095,100.135,3871,16125,0.0,2年期国债期货,CFFEX,TS0
2020-12-04,99.31,99.43,99.28,99.41,17252,50131,0.0,5年期国债期货,CFFEX,TF0
2020-12-07,97.35,97.385,97.225,97.31,52215,105215,0.0,10年期国债期货,CFFEX,T0
2020-12-07,100.13,100.13,100.07,100.105,3894,16769,0.0,2年期国债期货,CFFEX,TS0
2020-12-07,99.395,99.395,99.22,99.29,22025,52319,0.0,5年期国债期货,CFFEX,TF0
2020-12-08,97.395,97.615,97.385,97.535,54091,109613,0.0,10年期国债期货,CFFEX,T0
2020-12-08,100.145,100.185,100.135,100.16,4218,16985,0.0,2年期国债期货,CFFEX,TS0
2020-12-08,99.35,99.49,99.35,99.45,21192,53701,0.0,5年期国债期货,CFFEX,TF0
2020-12-09,97.58,97.61,97.38,97.5,59271,109296,0.0,10年期国债期货,CFFEX,T0
2020-12-09,100.185,100.195,100.115,100.15,8517,18816,0.0,2年期国债期货,CFFEX,TS0
2020-12-09,99.545,99.545,99.34,99.415,24669,54930,0.0,5年期国债期货,CFFEX,TF0
2020-12-10,97.53,97.67,97.53,97.545,48607,111507,0.0,10年期国债期货,CFFEX,T0
2020-12-10,100.165,100.26,100.165,100.225,7255,19508,0.0,2年期国债期货,CFFEX,TS0
2020-12-10,99.455,99.58,99.45,99.48,24923,56567,0.0,5年期国债期货,CFFEX,TF0
2020-12-11,97.52,97.52,97.19,97.215,70528,107692,0.0,10年期国债期货,CFFEX,T0
2020-12-11,100.215,100.215,100.14,100.15,8476,19740,0.0,2年期国债期货,CFFEX,TS0
2020-12-11,99.45,99.455,99.29,99.325,30617,56966,0.0,5年期国债期货,CFFEX,TF0
2020-12-14,97.2,97.295,97.15,97.22,50462,107314,0.0,10年期国债期货,CFFEX,T0
2020-12-14,100.135,100.175,100.11,100.16,3597,20338,0.0,2年期国债期货,CFFEX,TS0
2020-12-14,99.285,99.375,99.255,99.32,16804,56955,0.0,5年期国债期货,CFFEX,TF0
2020-12-15,97.41,97.495,97.34,97.36,54155,105881,0.0,10年期国债期货,CFFEX,T0
2020-12-15,100.25,100.305,100.215,100.255,8813,21025,0.0,2年期国债期货,CFFEX,TS0
2020-12-15,99.5,99.575,99.42,99.49,25709,56094,0.0,5年期国债期货,CFFEX,TF0
2020-12-16,97.38,97.455,97.26,97.345,44365,107018,0.0,10年期国债期货,CFFEX,T0
2020-12-16,100.25,100.33,100.245,100.305,7194,21590,0.0,2年期国债期货,CFFEX,TS0
2020-12-16,99.5,99.615,99.47,99.56,20490,56920,0.0,5年期国债期货,CFFEX,TF0
2020-12-17,97.365,97.425,97.185,97.22,48544,108207,0.0,10年期国债期货,CFFEX,T0
2020-12-17,100.27,100.29,100.2,100.2,7667,21363,0.0,2年期国债期货,CFFEX,TS0
2020-12-17,99.555,99.58,99.385,99.415,23047,56509,0.0,5年期国债期货,CFFEX,TF0
2020-12-18,97.195,97.3,97.055,97.065,53864,110417,0.0,10年期国债期货,CFFEX,T0
2020-12-18,100.19,100.23,100.155,100.155,7780,21091,0.0,2年期国债期货,CFFEX,TS0
2020-12-18,99.36,99.435,99.27,99.305,22725,56837,0.0,5年期国债期货,CFFEX,TF0
2020-12-21,97.185,97.32,97.185,97.27,40717,108767,0.0,10年期国债期货,CFFEX,T0
2020-12-21,100.21,100.285,100.21,100.265,6581,20930,0.0,2年期国债期货,CFFEX,TS0
2020-12-21,99.41,99.565,99.405,99.54,18606,56560,0.0,5年期国债期货,CFFEX,TF0
2020-12-22,97.45,97.69,97.4,97.63,59540,111235,0.0,10年期国债期货,CFFEX,T0
2020-12-22,100.305,100.365,100.285,100.3,7224,20191,0.0,2年期国债期货,CFFEX,TS0
2020-12-22,99.65,99.785,99.62,99.715,25906,58362,0.0,5年期国债期货,CFFEX,TF0
2020-12-23,97.7,97.77,97.64,97.745,53509,113306,0.0,10年期国债期货,CFFEX,T0
2020-12-23,100.36,100.415,100.31,100.39,7917,21436,0.0,2年期国债期货,CFFEX,TS0
2020-12-23,99.745,99.825,99.685,99.79,22106,59382,0.0,5年期国债期货,CFFEX,TF0
2020-12-24,97.725,97.78,97.55,97.605,47625,113349,0.0,10年期国债期货,CFFEX,T0
2020-12-24,100.35,100.38,100.305,100.33,7554,21386,0.0,2年期国债期货,CFFEX,TS0
2020-12-24,99.78,99.79,99.605,99.67,22203,58401,0.0,5年期国债期货,CFFEX,TF0
2020-12-25,97.68,97.87,97.57,97.855,48631,116934,0.0,10年期国债期货,CFFEX,T0
2020-12-25,100.31,100.4,100.31,100.4,4846,21554,0.0,2年期国债期货,CFFEX,TS0
2020-12-25,99.695,99.83,99.61,99.83,18356,59216,0.0,5年期国债期货,CFFEX,TF0
2020-12-28,97.975,98.005,97.845,97.88,40961,114411,0.0,10年期国债期货,CFFEX,T0
2020-12-28,100.405,100.44,100.365,100.38,4767,21785,0.0,2年期国债期货,CFFEX,TS0
2020-12-28,99.875,99.92,99.75,99.76,17768,60402,0.0,5年期国债期货,CFFEX,TF0
2020-12-29,97.98,98.09,97.915,98.02,44125,116319,0.0,10年期国债期货,CFFEX,T0
2020-12-29,100.41,100.42,100.365,100.41,5164,22494,0.0,2年期国债期货,CFFEX,TS0
2020-12-29,99.805,99.885,99.765,99.84,18700,59134,0.0,5年期国债期货,CFFEX,TF0
2020-12-30,97.98,98.22,97.945,98.21,48822,116320,0.0,10年期国债期货,CFFEX,T0
2020-12-30,100.41,100.47,100.39,100.46,4174,22572,0.0,2年期国债期货,CFFEX,TS0
2020-12-30,99.84,99.99,99.805,99.98,20939,60628,0.0,5年期国债期货,CFFEX,TF0
2020-12-31,98.34,98.35,97.925,97.995,60514,113589,0.0,10年期国债期货,CFFEX,T0
2020-12-31,100.49,100.51,100.38,100.385,4866,22040,0.0,2年期国债期货,CFFEX,TS0
2020-12-31,100.085,100.085,99.775,99.815,21984,59524,0.0,5年期国债期货,CFFEX,TF0
2021-01-04,97.95,98.065,97.805,97.84,46679,112509,0.0,10年期国债期货,CFFEX,T0
2021-01-04,100.385,100.405,100.315,100.345,6034,21247,0.0,2年期国债期货,CFFEX,TS0
2021-01-04,99.8,99.84,99.705,99.755,18153,59018,0.0,5年期国债期货,CFFEX,TF0
2021-01-05,97.885,98.135,97.845,98.07,46983,115753,0.0,10年期国债期货,CFFEX,T0
2021-01-05,100.345,100.44,100.345,100.425,6455,22154,0.0,2年期国债期货,CFFEX,TS0
2021-01-05,99.785,99.92,99.72,99.88,17398,59021,0.0,5年期国债期货,CFFEX,TF0
2021-01-06,98.12,98.245,97.995,98.105,55342,116340,0.0,10年期国债期货,CFFEX,T0
2021-01-06,100.435,100.52,100.405,100.43,8585,22659,0.0,2年期国债期货,CFFEX,TS0
2021-01-06,99.91,100.005,99.82,99.905,20742,58769,0.0,5年期国债期货,CFFEX,TF0
2021-01-07,98.225,98.285,98.1,98.125,54330,118834,0.0,10年期国债期货,CFFEX,T0
2021-01-07,100.5,100.52,100.455,100.48,7868,23318,0.0,2年期国债期货,CFFEX,TS0
2021-01-07,100.0,100.04,99.905,99.935,23146,58379,0.0,5年期国债期货,CFFEX,TF0
2021-01-08,98.105,98.12,97.825,97.94,57755,113832,0.0,10年期国债期货,CFFEX,T0
2021-01-08,100.49,100.52,100.435,100.48,10033,24099,0.0,2年期国债期货,CFFEX,TS0
2021-01-08,99.94,99.98,99.77,99.86,23494,55876,0.0,5年期国债期货,CFFEX,TF0
2021-01-11,97.9,97.94,97.655,97.835,62679,110479,0.0,10年期国债期货,CFFEX,T0
2021-01-11,100.48,100.48,100.405,100.455,7234,24733,0.0,2年期国债期货,CFFEX,TS0
2021-01-11,99.8,99.83,99.67,99.81,23158,57017,0.0,5年期国债期货,CFFEX,TF0
2021-01-12,97.85,97.975,97.74,97.965,51395,109340,0.0,10年期国债期货,CFFEX,T0
2021-01-12,100.48,100.56,100.44,100.555,6585,24900,0.0,2年期国债期货,CFFEX,TS0
2021-01-12,99.795,99.97,99.765,99.97,22070,56826,0.0,5年期国债期货,CFFEX,TF0
2021-01-13,97.915,98.085,97.865,98.04,54430,114162,0.0,10年期国债期货,CFFEX,T0
2021-01-13,100.57,100.66,100.53,100.65,9801,25591,0.0,2年期国债期货,CFFEX,TS0
2021-01-13,99.905,100.11,99.89,100.085,31035,60597,0.0,5年期国债期货,CFFEX,TF0
2021-01-14,98.19,98.405,98.085,98.2,68076,114323,0.0,10年期国债期货,CFFEX,T0
2021-01-14,100.7,100.775,100.525,100.55,15444,25830,0.0,2年期国债期货,CFFEX,TS0
2021-01-14,100.185,100.41,100.01,100.075,37907,62459,0.0,5年期国债期货,CFFEX,TF0
2021-01-15,98.19,98.275,97.91,97.92,62019,116908,0.0,10年期国债期货,CFFEX,T0
2021-01-15,100.54,100.595,100.435,100.435,11102,25876,0.0,2年期国债期货,CFFEX,TS0
2021-01-15,100.015,100.145,99.835,99.85,34511,61037,0.0,5年期国债期货,CFFEX,TF0
2021-01-18,97.84,97.9,97.72,97.825,57522,112792,0.0,10年期国债期货,CFFEX,T0
2021-01-18,100.41,100.41,100.335,100.38,9156,25543,0.0,2年期国债期货,CFFEX,TS0
2021-01-18,99.73,99.795,99.65,99.74,26340,58961,0.0,5年期国债期货,CFFEX,TF0
2021-01-19,97.825,97.96,97.805,97.86,43940,110995,0.0,10年期国债期货,CFFEX,T0
2021-01-19,100.385,100.425,100.37,100.395,6285,24939,0.0,2年期国债期货,CFFEX,TS0
2021-01-19,99.715,99.82,99.7,99.765,19099,57963,0.0,5年期国债期货,CFFEX,TF0
2021-01-20,97.96,98.01,97.82,97.97,49212,109920,0.0,10年期国债期货,CFFEX,T0
2021-01-20,100.43,100.46,100.39,100.46,6708,24556,0.0,2年期国债期货,CFFEX,TS0
2021-01-20,99.87,99.915,99.765,99.895,20367,56775,0.0,5年期国债期货,CFFEX,TF0
2021-01-21,98.005,98.185,97.95,98.185,56377,111007,0.0,10年期国债期货,CFFEX,T0
2021-01-21,100.45,100.525,100.445,100.51,7024,24058,0.0,2年期国债期货,CFFEX,TS0
2021-01-21,99.91,100.045,99.88,100.035,23273,56833,0.0,5年期国债期货,CFFEX,TF0
2021-01-22,98.1,98.36,98.015,98.35,58512,114632,0.0,10年期国债期货,CFFEX,T0
2021-01-22,100.47,100.515,100.41,100.495,6569,23877,0.0,2年期国债期货,CFFEX,TS0
2021-01-22,100.0,100.095,99.865,100.085,25243,55159,0.0,5年期国债期货,CFFEX,TF0
2021-01-25,98.27,98.44,98.175,98.335,60305,118000,0.0,10年期国债期货,CFFEX,T0
2021-01-25,100.485,100.51,100.445,100.475,7086,23399,0.0,2年期国债期货,CFFEX,TS0
2021-01-25,100.01,100.085,99.915,100.01,21660,54099,0.0,5年期国债期货,CFFEX,TF0
2021-01-26,98.15,98.15,97.905,97.925,68000,113462,0.0,10年期国债期货,CFFEX,T0
2021-01-26,100.4,100.4,100.31,100.32,10381,22839,0.0,2年期国债期货,CFFEX,TS0
2021-01-26,99.83,99.88,99.665,99.71,32830,54002,0.0,5年期国债期货,CFFEX,TF0
2021-01-27,97.93,98.045,97.85,97.97,55956,108297,0.0,10年期国债期货,CFFEX,T0
2021-01-27,100.28,100.355,100.235,100.335,10524,21566,0.0,2年期国债期货,CFFEX,TS0
2021-01-27,99.675,99.815,99.6,99.78,29370,51797,0.0,5年期国债期货,CFFEX,TF0
2021-01-28,97.9,97.96,97.66,97.68,63120,108866,0.0,10年期国债期货,CFFEX,T0
2021-01-28,100.305,100.315,100.235,100.245,9158,21493,0.0,2年期国债期货,CFFEX,TS0
2021-01-28,99.74,99.745,99.545,99.555,27640,51776,0.0,5年期国债期货,CFFEX,TF0
2021-01-29,97.725,97.825,97.4,97.745,94584,107768,0.0,10年期国债期货,CFFEX,T0
2021-01-29,100.28,100.33,100.1,100.255,12414,21334,0.0,2年期国债期货,CFFEX,TS0
2021-01-29,99.605,99.69,99.32,99.585,44371,50067,0.0,5年期国债期货,CFFEX,TF0
2021-02-01,97.8,97.91,97.75,97.805,44333,104221,0.0,10年期国债期货,CFFEX,T0
2021-02-01,100.275,100.36,100.265,100.32,7678,20329,0.0,2年期国债期货,CFFEX,TS0
2021-02-01,99.63,99.75,99.58,99.68,21816,46571,0.0,5年期国债期货,CFFEX,TF0
2021-02-02,97.81,97.865,97.71,97.75,40100,101537,0.0,10年期国债期货,CFFEX,T0
2021-02-02,100.33,100.365,100.32,100.33,6298,19990,0.0,2年期国债期货,CFFEX,TS0
2021-02-02,99.735,99.76,99.645,99.66,20291,44411,0.0,5年期国债期货,CFFEX,TF0
2021-02-03,97.65,97.675,97.345,97.41,71647,99963,0.0,10年期国债期货,CFFEX,T0
2021-02-03,100.31,100.31,100.21,100.22,8200,18771,0.0,2年期国债期货,CFFEX,TS0
2021-02-03,99.6,99.6,99.38,99.42,31081,43501,0.0,5年期国债期货,CFFEX,TF0
2021-02-04,97.43,97.47,97.155,97.23,61349,94171,0.0,10年期国债期货,CFFEX,T0
2021-02-04,100.215,100.235,100.15,100.155,6900,18034,0.0,2年期国债期货,CFFEX,TS0
2021-02-04,99.395,99.475,99.275,99.335,29806,40639,0.0,5年期国债期货,CFFEX,TF0
2021-02-05,97.18,97.395,97.145,97.235,61003,84507,0.0,10年期国债期货,CFFEX,T0
2021-02-05,100.15,100.24,100.145,100.19,5886,18132,0.0,2年期国债期货,CFFEX,TS0
2021-02-05,99.325,99.46,99.275,99.325,27936,37863,0.0,5年期国债期货,CFFEX,TF0
2021-02-08,97.305,97.315,97.065,97.275,63180,69250,0.0,10年期国债期货,CFFEX,T0
2021-02-08,100.2,100.24,100.155,100.235,6656,17073,0.0,2年期国债期货,CFFEX,TS0
2021-02-08,99.36,99.38,99.2,99.34,23351,34214,0.0,5年期国债期货,CFFEX,TF0
2021-02-09,97.285,97.41,97.22,97.325,42819,59406,0.0,10年期国债期货,CFFEX,T0
2021-02-09,100.225,100.295,100.225,100.255,7179,15911,0.0,2年期国债期货,CFFEX,TS0
2021-02-09,99.34,99.46,99.32,99.405,19453,30728,0.0,5年期国债期货,CFFEX,TF0
2021-02-10,97.24,97.285,97.035,97.14,38216,53231,0.0,10年期国债期货,CFFEX,T0
2021-02-10,100.255,100.255,100.205,100.23,3017,15534,0.0,2年期国债期货,CFFEX,TS0
2021-02-10,99.38,99.385,99.22,99.295,16220,29913,0.0,5年期国债期货,CFFEX,TF0
2021-02-18,96.96,96.96,96.675,96.765,38835,42858,0.0,10年期国债期货,CFFEX,T0
2021-02-18,100.18,100.215,100.09,100.155,4506,14826,0.0,2年期国债期货,CFFEX,TS0
2021-02-18,99.15,99.25,99.015,99.17,18022,27125,0.0,5年期国债期货,CFFEX,TF0
2021-02-19,96.56,96.75,96.56,96.68,49010,99076,0.0,10年期国债期货,CFFEX,T0
2021-02-19,100.2,100.295,100.185,100.29,5407,14251,0.0,2年期国债期货,CFFEX,TS0
2021-02-19,99.2,99.445,99.2,99.42,13175,24182,0.0,5年期国债期货,CFFEX,TF0
2021-02-22,96.54,96.63,96.41,96.605,53557,103213,0.0,10年期国债期货,CFFEX,T0
2021-02-22,100.28,100.355,100.25,100.355,4861,12862,0.0,2年期国债期货,CFFEX,TS0
2021-02-22,99.055,99.18,98.985,99.165,22427,43612,0.0,5年期国债期货,CFFEX,TF0
2021-02-23,96.52,96.745,96.5,96.64,42658,106284,0.0,10年期国债期货,CFFEX,T0
2021-02-23,100.34,100.41,100.335,100.395,5887,9921,0.0,2年期国债期货,CFFEX,TS0
2021-02-23,99.135,99.295,99.11,99.24,24280,47231,0.0,5年期国债期货,CFFEX,TF0
2021-02-24,96.73,96.855,96.695,96.715,46056,106532,0.0,10年期国债期货,CFFEX,T0
2021-02-24,100.05,100.095,100.03,100.035,5656,10211,0.0,2年期国债期货,CFFEX,TS0
2021-02-24,99.34,99.4,99.285,99.29,26029,48618,0.0,5年期国债期货,CFFEX,TF0
2021-02-25,96.6,96.7,96.53,96.65,42935,109028,0.0,10年期国债期货,CFFEX,T0
2021-02-25,100.0,100.05,99.975,100.04,5384,10892,0.0,2年期国债期货,CFFEX,TS0
2021-02-25,99.25,99.295,99.18,99.29,19341,51101,0.0,5年期国债期货,CFFEX,TF0
2021-02-26,96.695,96.73,96.42,96.435,50763,113664,0.0,10年期国债期货,CFFEX,T0
2021-02-26,100.045,100.07,99.995,100.02,5707,11695,0.0,2年期国债期货,CFFEX,TS0
2021-02-26,99.29,99.335,99.145,99.16,18815,52645,0.0,5年期国债期货,CFFEX,TF0
2021-03-01,96.55,96.82,96.545,96.81,49555,113122,0.0,10年期国债期货,CFFEX,T0
2021-03-01,100.025,100.08,100.025,100.055,6915,12348,0.0,2年期国债期货,CFFEX,TS0
2021-03-01,99.2,99.31,99.2,99.26,20009,52453,0.0,5年期国债期货,CFFEX,TF0
2021-03-02,96.835,96.975,96.785,96.865,45479,112692,0.0,10年期国债期货,CFFEX,T0
2021-03-02,100.06,100.11,100.025,100.07,5573,12554,0.0,2年期国债期货,CFFEX,TS0
2021-03-02,99.305,99.355,99.19,99.27,21843,53084,0.0,5年期国债期货,CFFEX,TF0
2021-03-03,96.865,97.015,96.77,96.82,47649,113852,0.0,10年期国债期货,CFFEX,T0
2021-03-03,100.07,100.135,100.025,100.05,6215,13880,0.0,2年期国债期货,CFFEX,TS0
2021-03-03,99.275,99.375,99.16,99.225,23565,54903,0.0,5年期国债期货,CFFEX,TF0
2021-03-04,96.78,96.825,96.66,96.7,46765,115266,0.0,10年期国债期货,CFFEX,T0
2021-03-04,100.03,100.04,99.98,99.995,6638,15010,0.0,2年期国债期货,CFFEX,TS0
2021-03-04,99.2,99.22,99.105,99.15,19599,56840,0.0,5年期国债期货,CFFEX,TF0
2021-03-05,96.62,97.07,96.61,97.045,71503,120754,0.0,10年期国债期货,CFFEX,T0
2021-03-05,99.99,100.09,99.965,100.085,8339,15782,0.0,2年期国债期货,CFFEX,TS0
2021-03-05,99.07,99.36,99.06,99.355,29791,58235,0.0,5年期国债期货,CFFEX,TF0
2021-03-08,96.945,97.205,96.88,97.155,62355,121575,0.0,10年期国债期货,CFFEX,T0
2021-03-08,100.055,100.115,100.02,100.095,8344,16524,0.0,2年期国债期货,CFFEX,TS0
2021-03-08,99.285,99.44,99.225,99.405,23787,56661,0.0,5年期国债期货,CFFEX,TF0
2021-03-09,97.08,97.19,96.91,97.07,68564,119222,0.0,10年期国债期货,CFFEX,T0
2021-03-09,100.08,100.095,100.005,100.055,10044,16996,0.0,2年期国债期货,CFFEX,TS0
2021-03-09,99.375,99.425,99.215,99.315,24690,57626,0.0,5年期国债期货,CFFEX,TF0
2021-03-10,97.05,97.225,96.95,97.175,70841,122664,0.0,10年期国债期货,CFFEX,T0
2021-03-10,100.05,100.075,100.01,100.04,12589,18299,0.0,2年期国债期货,CFFEX,TS0
2021-03-10,99.315,99.43,99.23,99.38,25635,59027,0.0,5年期国债期货,CFFEX,TF0
2021-03-11,97.17,97.2,96.96,96.965,78520,119511,0.0,10年期国债期货,CFFEX,T0
2021-03-11,100.045,100.055,99.99,100.0,9775,17915,0.0,2年期国债期货,CFFEX,TS0
2021-03-11,99.38,99.4,99.26,99.29,21550,57228,0.0,5年期国债期货,CFFEX,TF0
2021-03-12,96.96,97.02,96.85,96.89,57529,119292,0.0,10年期国债期货,CFFEX,T0
2021-03-12,100.0,100.035,99.99,99.995,8002,18267,0.0,2年期国债期货,CFFEX,TS0
2021-03-12,99.3,99.345,99.215,99.235,20322,58189,0.0,5年期国债期货,CFFEX,TF0
2021-03-15,96.885,96.89,96.66,96.745,62560,120427,0.0,10年期国债期货,CFFEX,T0
2021-03-15,100.0,100.005,99.935,99.97,7596,18257,0.0,2年期国债期货,CFFEX,TS0
2021-03-15,99.23,99.235,99.1,99.145,21869,58857,0.0,5年期国债期货,CFFEX,TF0
2021-03-16,96.765,96.905,96.755,96.805,52794,117712,0.0,10年期国债期货,CFFEX,T0
2021-03-16,99.97,100.035,99.965,100.0,7361,18784,0.0,2年期国债期货,CFFEX,TS0
2021-03-16,99.16,99.265,99.16,99.18,20311,57622,0.0,5年期国债期货,CFFEX,TF0
2021-03-17,96.855,96.99,96.855,96.9,54591,117916,0.0,10年期国债期货,CFFEX,T0
2021-03-17,100.035,100.075,100.035,100.04,9569,18895,0.0,2年期国债期货,CFFEX,TS0
2021-03-17,99.24,99.32,99.23,99.25,19987,57304,0.0,5年期国债期货,CFFEX,TF0
2021-03-18,96.905,96.925,96.74,96.795,49064,119032,0.0,10年期国债期货,CFFEX,T0
2021-03-18,100.045,100.045,100.01,100.02,5339,18942,0.0,2年期国债期货,CFFEX,TS0
2021-03-18,99.25,99.26,99.155,99.19,16921,56502,0.0,5年期国债期货,CFFEX,TF0
2021-03-19,96.85,97.12,96.85,97.065,64278,119041,0.0,10年期国债期货,CFFEX,T0
2021-03-19,100.03,100.12,100.03,100.1,7370,18926,0.0,2年期国债期货,CFFEX,TS0
2021-03-19,99.23,99.405,99.23,99.365,22561,55824,0.0,5年期国债期货,CFFEX,TF0
2021-03-22,97.11,97.2,97.05,97.12,40987,119663,0.0,10年期国债期货,CFFEX,T0
2021-03-22,100.105,100.175,100.095,100.125,8561,19027,0.0,2年期国债期货,CFFEX,TS0
2021-03-22,99.385,99.515,99.375,99.43,16179,56387,0.0,5年期国债期货,CFFEX,TF0
2021-03-23,97.08,97.27,97.055,97.22,51667,122625,0.0,10年期国债期货,CFFEX,T0
2021-03-23,100.12,100.145,100.11,100.125,6458,18969,0.0,2年期国债期货,CFFEX,TS0
2021-03-23,99.425,99.495,99.405,99.455,15244,56687,0.0,5年期国债期货,CFFEX,TF0
2021-03-24,97.425,97.55,97.39,97.52,62881,125158,0.0,10年期国债期货,CFFEX,T0
2021-03-24,100.17,100.215,100.155,100.195,10147,20021,0.0,2年期国债期货,CFFEX,TS0
2021-03-24,99.56,99.63,99.54,99.595,18634,56476,0.0,5年期国债期货,CFFEX,TF0
2021-03-25,97.52,97.57,97.43,97.57,44048,127200,0.0,10年期国债期货,CFFEX,T0
2021-03-25,100.195,100.215,100.17,100.215,6174,20410,0.0,2年期国债期货,CFFEX,TS0
2021-03-25,99.585,99.64,99.545,99.63,15826,58028,0.0,5年期国债期货,CFFEX,TF0
2021-03-26,97.52,97.525,97.41,97.44,51600,126386,0.0,10年期国债期货,CFFEX,T0
2021-03-26,100.2,100.21,100.175,100.175,6547,20750,0.0,2年期国债期货,CFFEX,TS0
2021-03-26,99.595,99.605,99.54,99.54,15434,58554,0.0,5年期国债期货,CFFEX,TF0
2021-03-29,97.405,97.455,97.325,97.42,45709,125968,0.0,10年期国债期货,CFFEX,T0
2021-03-29,100.17,100.175,100.125,100.17,6408,20629,0.0,2年期国债期货,CFFEX,TS0
2021-03-29,99.53,99.565,99.455,99.525,16094,57834,0.0,5年期国债期货,CFFEX,TF0
2021-03-30,97.465,97.61,97.305,97.33,60742,126173,0.0,10年期国债期货,CFFEX,T0
2021-03-30,100.175,100.215,100.145,100.15,7590,20777,0.0,2年期国债期货,CFFEX,TS0
2021-03-30,99.58,99.635,99.445,99.445,16857,57935,0.0,5年期国债期货,CFFEX,TF0
2021-03-31,97.34,97.505,97.34,97.485,44663,127288,0.0,10年期国债期货,CFFEX,T0
2021-03-31,100.17,100.21,100.155,100.21,8332,20770,0.0,2年期国债期货,CFFEX,TS0
2021-03-31,99.47,99.605,99.46,99.58,15710,58733,0.0,5年期国债期货,CFFEX,TF0
2021-04-01,97.46,97.49,97.335,97.4,53250,126227,0.0,10年期国债期货,CFFEX,T0
2021-04-01,100.205,100.225,100.165,100.175,6783,21039,0.0,2年期国债期货,CFFEX,TS0
2021-04-01,99.58,99.6,99.495,99.53,17397,58817,0.0,5年期国债期货,CFFEX,TF0
2021-04-02,97.4,97.57,97.375,97.425,55190,126338,0.0,10年期国债期货,CFFEX,T0
2021-04-02,100.17,100.235,100.17,100.205,8306,21286,0.0,2年期国债期货,CFFEX,TS0
2021-04-02,99.54,99.65,99.53,99.55,18747,59192,0.0,5年期国债期货,CFFEX,TF0
2021-04-06,97.4,97.4,97.265,97.345,45309,123328,0.0,10年期国债期货,CFFEX,T0
2021-04-06,100.195,100.2,100.155,100.18,4798,21165,0.0,2年期国债期货,CFFEX,TS0
2021-04-06,99.56,99.56,99.45,99.5,14764,60286,0.0,5年期国债期货,CFFEX,TF0
2021-04-07,97.3,97.365,97.185,97.195,50869,122937,0.0,10年期国债期货,CFFEX,T0
2021-04-07,100.17,100.175,100.095,100.1,15866,22339,0.0,2年期国债期货,CFFEX,TS0
2021-04-07,99.475,99.51,99.355,99.365,24646,61594,0.0,5年期国债期货,CFFEX,TF0
2021-04-08,97.22,97.265,97.115,97.115,51309,122406,0.0,10年期国债期货,CFFEX,T0
2021-04-08,100.1,100.125,100.06,100.095,7530,22550,0.0,2年期国债期货,CFFEX,TS0
2021-04-08,99.375,99.42,99.31,99.335,16254,60516,0.0,5年期国债期货,CFFEX,TF0
2021-04-09,97.195,97.3,97.15,97.205,50321,120756,0.0,10年期国债期货,CFFEX,T0
2021-04-09,100.115,100.15,100.11,100.135,7259,22531,0.0,2年期国债期货,CFFEX,TS0
2021-04-09,99.39,99.46,99.345,99.4,17001,59622,0.0,5年期国债期货,CFFEX,TF0
2021-04-12,97.245,97.49,97.235,97.46,56113,123723,0.0,10年期国债期货,CFFEX,T0
2021-04-12,100.15,100.19,100.15,100.19,6211,22672,0.0,2年期国债期货,CFFEX,TS0
2021-04-12,99.415,99.57,99.415,99.56,19364,60443,0.0,5年期国债期货,CFFEX,TF0
2021-04-13,97.63,97.825,97.63,97.805,70439,123432,0.0,10年期国债期货,CFFEX,T0
2021-04-13,100.22,100.32,100.22,100.32,10926,23361,0.0,2年期国债期货,CFFEX,TS0
2021-04-13,99.67,99.845,99.67,99.825,27677,62674,0.0,5年期国债期货,CFFEX,TF0
2021-04-14,97.775,97.81,97.7,97.79,40615,124083,0.0,10年期国债期货,CFFEX,T0
2021-04-14,100.3,100.315,100.27,100.285,7333,23406,0.0,2年期国债期货,CFFEX,TS0
2021-04-14,99.775,99.825,99.755,99.82,18734,64929,0.0,5年期国债期货,CFFEX,TF0
2021-04-15,97.8,97.82,97.67,97.7,37190,122425,0.0,10年期国债期货,CFFEX,T0
2021-04-15,100.28,100.3,100.255,100.26,5726,23235,0.0,2年期国债期货,CFFEX,TS0
2021-04-15,99.805,99.835,99.745,99.76,12841,66091,0.0,5年期国债期货,CFFEX,TF0
2021-04-16,97.67,97.81,97.62,97.785,48831,123227,0.0,10年期国债期货,CFFEX,T0
2021-04-16,100.26,100.285,100.24,100.28,6933,23338,0.0,2年期国债期货,CFFEX,TS0
2021-04-16,99.735,99.805,99.715,99.79,17603,66041,0.0,5年期国债期货,CFFEX,TF0
2021-04-19,97.765,97.935,97.705,97.865,54793,123707,0.0,10年期国债期货,CFFEX,T0
2021-04-19,100.29,100.32,100.245,100.315,6448,23768,0.0,2年期国债期货,CFFEX,TS0
2021-04-19,99.77,99.885,99.705,99.83,22011,66542,0.0,5年期国债期货,CFFEX,TF0
2021-04-20,97.915,97.955,97.83,97.88,43200,124479,0.0,10年期国债期货,CFFEX,T0
2021-04-20,100.315,100.345,100.31,100.33,7945,24015,0.0,2年期国债期货,CFFEX,TS0
2021-04-20,99.85,99.89,99.84,99.865,15844,66390,0.0,5年期国债期货,CFFEX,TF0
2021-04-21,97.85,97.99,97.82,97.97,60297,126699,0.0,10年期国债期货,CFFEX,T0
2021-04-21,100.335,100.385,100.325,100.365,10362,24624,0.0,2年期国债期货,CFFEX,TS0
2021-04-21,99.89,99.96,99.85,99.94,22566,66465,0.0,5年期国债期货,CFFEX,TF0
2021-04-22,97.92,97.945,97.805,97.885,51805,122676,0.0,10年期国债期货,CFFEX,T0
2021-04-22,100.355,100.37,100.32,100.35,6825,24230,0.0,2年期国债期货,CFFEX,TS0
2021-04-22,99.9,99.925,99.835,99.895,17710,67004,0.0,5年期国债期货,CFFEX,TF0
2021-04-23,97.87,97.97,97.81,97.915,50241,121908,0.0,10年期国债期货,CFFEX,T0
2021-04-23,100.35,100.385,100.345,100.365,8374,24668,0.0,2年期国债期货,CFFEX,TS0
2021-04-23,99.89,99.955,99.855,99.91,16228,66839,0.0,5年期国债期货,CFFEX,TF0
2021-04-26,97.75,97.75,97.605,97.675,63629,112981,0.0,10年期国债期货,CFFEX,T0
2021-04-26,100.32,100.335,100.275,100.315,11835,25034,0.0,2年期国债期货,CFFEX,TS0
2021-04-26,99.8,99.81,99.71,99.78,27468,65304,0.0,5年期国债期货,CFFEX,TF0
2021-04-27,97.685,97.77,97.56,97.58,54230,111024,0.0,10年期国债期货,CFFEX,T0
2021-04-27,100.32,100.365,100.305,100.305,9744,25016,0.0,2年期国债期货,CFFEX,TS0
2021-04-27,99.795,99.89,99.74,99.755,21386,64420,0.0,5年期国债期货,CFFEX,TF0
2021-04-28,97.64,97.73,97.605,97.64,43319,109911,0.0,10年期国债期货,CFFEX,T0
2021-04-28,100.325,100.36,100.315,100.335,8103,24348,0.0,2年期国债期货,CFFEX,TS0
2021-04-28,99.795,99.88,99.785,99.835,22467,63128,0.0,5年期国债期货,CFFEX,TF0
2021-04-29,97.71,97.795,97.565,97.635,57437,104127,0.0,10年期国债期货,CFFEX,T0
2021-04-29,100.37,100.395,100.32,100.365,13930,26516,0.0,2年期国债期货,CFFEX,TS0
2021-04-29,99.87,99.94,99.79,99.855,19023,63394,0.0,5年期国债期货,CFFEX,TF0
2021-04-30,97.645,98.015,97.635,98.015,63785,109630,0.0,10年期国债期货,CFFEX,T0
2021-04-30,100.365,100.445,100.345,100.415,6937,25877,0.0,2年期国债期货,CFFEX,TS0
2021-04-30,99.9,100.04,99.83,100.025,20979,65581,0.0,5年期国债期货,CFFEX,TF0
2021-05-06,98.02,98.125,97.955,98.075,44387,107968,0.0,10年期国债期货,CFFEX,T0
2021-05-06,100.415,100.465,100.395,100.445,5435,25794,0.0,2年期国债期货,CFFEX,TS0
2021-05-06,100.025,100.11,99.98,100.075,17317,63989,0.0,5年期国债期货,CFFEX,TF0
2021-05-07,98.075,98.16,97.9,97.945,55653,100735,0.0,10年期国债期货,CFFEX,T0
2021-05-07,100.455,100.49,100.435,100.46,6435,25899,0.0,2年期国债期货,CFFEX,TS0
2021-05-07,100.085,100.145,100.02,100.065,18182,61584,0.0,5年期国债期货,CFFEX,TF0
2021-05-10,97.905,97.995,97.83,97.99,47675,92523,0.0,10年期国债期货,CFFEX,T0
2021-05-10,100.465,100.535,100.435,100.535,5792,25763,0.0,2年期国债期货,CFFEX,TS0
2021-05-10,100.04,100.165,100.015,100.135,20764,60386,0.0,5年期国债期货,CFFEX,TF0
2021-05-11,98.02,98.235,98.005,98.21,59205,95208,0.0,10年期国债期货,CFFEX,T0
2021-05-11,100.54,100.59,100.525,100.59,12668,22940,0.0,2年期国债期货,CFFEX,TS0
2021-05-11,100.185,100.32,100.15,100.285,26326,57405,0.0,5年期国债期货,CFFEX,TF0
2021-05-12,98.27,98.315,98.17,98.255,53404,90003,0.0,10年期国债期货,CFFEX,T0
2021-05-12,100.59,100.61,100.52,100.53,9286,21406,0.0,2年期国债期货,CFFEX,TS0
2021-05-12,100.33,100.35,100.185,100.225,24360,51038,0.0,5年期国债期货,CFFEX,TF0
2021-05-13,98.185,98.3,98.045,98.3,46474,85903,0.0,10年期国债期货,CFFEX,T0
2021-05-13,100.5,100.525,100.465,100.525,8168,21817,0.0,2年期国债期货,CFFEX,TS0
2021-05-13,100.18,100.19,100.05,100.19,24111,44546,0.0,5年期国债期货,CFFEX,TF0
2021-05-14,98.29,98.44,98.25,98.35,53616,81042,0.0,10年期国债期货,CFFEX,T0
2021-05-14,100.525,100.555,100.495,100.535,11290,20078,0.0,2年期国债期货,CFFEX,TS0
2021-05-14,100.165,100.245,100.15,100.205,17772,42710,0.0,5年期国债期货,CFFEX,TF0
2021-05-17,98.305,98.44,98.17,98.27,56548,67891,0.0,10年期国债期货,CFFEX,T0
2021-05-17,100.495,100.565,100.485,100.495,9883,17639,0.0,2年期国债期货,CFFEX,TS0
2021-05-17,100.2,100.255,100.11,100.15,20045,39742,0.0,5年期国债期货,CFFEX,TF0
2021-05-18,98.28,98.33,98.105,98.22,50835,55685,0.0,10年期国债期货,CFFEX,T0
2021-05-18,100.49,100.505,100.41,100.48,6544,17052,0.0,2年期国债期货,CFFEX,TS0
2021-05-18,100.12,100.175,100.09,100.135,20602,36505,0.0,5年期国债期货,CFFEX,TF0
2021-05-19,98.265,98.515,98.265,98.51,42862,49306,0.0,10年期国债期货,CFFEX,T0
2021-05-19,100.48,100.55,100.48,100.545,5697,16174,0.0,2年期国债期货,CFFEX,TS0
2021-05-19,100.15,100.285,100.15,100.275,18881,33536,0.0,5年期国债期货,CFFEX,TF0
2021-05-20,98.2,98.425,98.115,98.425,94097,114368,0.0,10年期国债期货,CFFEX,T0
2021-05-20,100.3,100.365,100.265,100.36,11359,23073,0.0,2年期国债期货,CFFEX,TS0
2021-05-20,100.3,100.415,100.255,100.415,21156,25991,0.0,5年期国债期货,CFFEX,TF0
2021-05-21,98.41,98.635,98.325,98.61,71343,122112,0.0,10年期国债期货,CFFEX,T0
2021-05-21,100.365,100.41,100.325,100.395,7931,24122,0.0,2年期国债期货,CFFEX,TS0
2021-05-21,100.06,100.16,99.99,100.155,28163,47290,0.0,5年期国债期货,CFFEX,TF0
2021-05-24,98.61,98.65,98.385,98.485,60079,119636,0.0,10年期国债期货,CFFEX,T0
2021-05-24,100.41,100.425,100.305,100.335,9867,25287,0.0,2年期国债期货,CFFEX,TS0
2021-05-24,100.105,100.19,100.02,100.065,24201,50567,0.0,5年期国债期货,CFFEX,TF0
2021-05-25,98.44,98.47,98.3,98.46,60280,119369,0.0,10年期国债期货,CFFEX,T0
2021-05-25,100.32,100.36,100.25,100.36,9255,26110,0.0,2年期国债期货,CFFEX,TS0
2021-05-25,100.005,100.09,99.965,100.085,17961,50980,0.0,5年期国债期货,CFFEX,TF0
2021-05-26,98.48,98.695,98.475,98.56,70938,123448,0.0,10年期国债期货,CFFEX,T0
2021-05-26,100.365,100.405,100.35,100.355,9557,27224,0.0,2年期国债期货,CFFEX,TS0
2021-05-26,100.065,100.19,100.065,100.105,19443,51833,0.0,5年期国债期货,CFFEX,TF0
2021-05-27,98.51,98.525,98.355,98.36,62626,120822,0.0,10年期国债期货,CFFEX,T0
2021-05-27,100.36,100.36,100.305,100.305,9958,26821,0.0,2年期国债期货,CFFEX,TS0
2021-05-27,100.075,100.095,100.01,100.01,17013,51737,0.0,5年期国债期货,CFFEX,TF0
2021-05-28,98.325,98.36,98.2,98.265,63758,119810,0.0,10年期国债期货,CFFEX,T0
2021-05-28,100.3,100.315,100.275,100.285,10996,26655,0.0,2年期国债期货,CFFEX,TS0
2021-05-28,100.0,100.025,99.915,99.96,16593,52299,0.0,5年期国债期货,CFFEX,TF0
2021-05-31,98.23,98.435,98.155,98.38,61957,122919,0.0,10年期国债期货,CFFEX,T0
2021-05-31,100.26,100.32,100.23,100.32,9135,27475,0.0,2年期国债期货,CFFEX,TS0
2021-05-31,99.9,100.035,99.81,100.015,18089,53650,0.0,5年期国债期货,CFFEX,TF0
2021-06-01,98.42,98.57,98.385,98.405,56446,123949,0.0,10年期国债期货,CFFEX,T0
2021-06-01,100.32,100.365,100.31,100.32,8153,27674,0.0,2年期国债期货,CFFEX,TS0
2021-06-01,100.035,100.115,100.025,100.035,15453,54536,0.0,5年期国债期货,CFFEX,TF0
2021-06-02,98.37,98.43,98.18,98.2,71186,122293,0.0,10年期国债期货,CFFEX,T0
2021-06-02,100.315,100.34,100.27,100.28,11819,27783,0.0,2年期国债期货,CFFEX,TS0
2021-06-02,100.04,100.09,99.895,99.905,31494,54874,0.0,5年期国债期货,CFFEX,TF0
2021-06-03,98.24,98.31,98.175,98.295,53363,121946,0.0,10年期国债期货,CFFEX,T0
2021-06-03,100.295,100.315,100.275,100.305,8520,27988,0.0,2年期国债期货,CFFEX,TS0
2021-06-03,99.935,99.995,99.9,99.975,18830,56727,0.0,5年期国债期货,CFFEX,TF0
2021-06-04,98.3,98.37,97.985,98.02,85137,123338,0.0,10年期国债期货,CFFEX,T0
2021-06-04,100.305,100.315,100.22,100.225,8251,28295,0.0,2年期国债期货,CFFEX,TS0
2021-06-04,99.955,99.995,99.79,99.8,25207,56961,0.0,5年期国债期货,CFFEX,TF0
2021-06-07,97.9,97.94,97.785,97.815,61316,125248,0.0,10年期国债期货,CFFEX,T0
2021-06-07,100.18,100.205,100.14,100.17,12764,28891,0.0,2年期国债期货,CFFEX,TS0
2021-06-07,99.75,99.795,99.655,99.68,25415,57373,0.0,5年期国债期货,CFFEX,TF0
2021-06-08,97.905,97.965,97.815,97.86,46698,126513,0.0,10年期国债期货,CFFEX,T0
2021-06-08,100.19,100.215,100.165,100.17,11140,29109,0.0,2年期国债期货,CFFEX,TS0
2021-06-08,99.7,99.775,99.68,99.705,19916,57231,0.0,5年期国债期货,CFFEX,TF0
2021-06-09,97.88,97.91,97.715,97.77,52805,129126,0.0,10年期国债期货,CFFEX,T0
2021-06-09,100.165,100.19,100.155,100.17,11838,29117,0.0,2年期国债期货,CFFEX,TS0
2021-06-09,99.695,99.735,99.66,99.69,22317,57881,0.0,5年期国债期货,CFFEX,TF0
2021-06-10,97.91,97.98,97.855,97.88,54649,127918,0.0,10年期国债期货,CFFEX,T0
2021-06-10,100.205,100.235,100.19,100.215,8475,29069,0.0,2年期国债期货,CFFEX,TS0
2021-06-10,99.755,99.82,99.75,99.765,19475,56924,0.0,5年期国债期货,CFFEX,TF0
2021-06-11,97.88,97.935,97.665,97.69,63532,132556,0.0,10年期国债期货,CFFEX,T0
2021-06-11,100.21,100.22,100.165,100.17,8771,28896,0.0,2年期国债期货,CFFEX,TS0
2021-06-11,99.74,99.78,99.64,99.66,20146,58179,0.0,5年期国债期货,CFFEX,TF0
2021-06-15,97.65,97.805,97.605,97.76,54615,133986,0.0,10年期国债期货,CFFEX,T0
2021-06-15,100.16,100.2,100.135,100.19,5906,29428,0.0,2年期国债期货,CFFEX,TS0
2021-06-15,99.605,99.74,99.585,99.7,21219,58392,0.0,5年期国债期货,CFFEX,TF0
2021-06-16,97.76,97.87,97.73,97.77,60311,134879,0.0,10年期国债期货,CFFEX,T0
2021-06-16,100.19,100.21,100.17,100.185,7204,29277,0.0,2年期国债期货,CFFEX,TS0
2021-06-16,99.7,99.765,99.67,99.71,16955,59105,0.0,5年期国债期货,CFFEX,TF0
2021-06-17,97.7,97.85,97.645,97.675,60387,137440,0.0,10年期国债期货,CFFEX,T0
2021-06-17,100.17,100.195,100.155,100.16,8049,29708,0.0,2年期国债期货,CFFEX,TS0
2021-06-17,99.67,99.73,99.64,99.64,21228,60476,0.0,5年期国债期货,CFFEX,TF0
2021-06-18,97.69,98.04,97.69,98.01,92358,137250,0.0,10年期国债期货,CFFEX,T0
2021-06-18,100.175,100.245,100.165,100.23,8088,30530,0.0,2年期国债期货,CFFEX,TS0
2021-06-18,99.655,99.83,99.645,99.795,27088,61516,0.0,5年期国债期货,CFFEX,TF0
2021-06-21,98.105,98.3,98.075,98.285,66530,141001,0.0,10年期国债期货,CFFEX,T0
2021-06-21,100.265,100.295,100.24,100.29,9115,30212,0.0,2年期国债期货,CFFEX,TS0
2021-06-21,99.89,99.975,99.84,99.975,20422,61978,0.0,5年期国债期货,CFFEX,TF0
2021-06-22,98.2,98.32,98.175,98.31,58862,144971,0.0,10年期国债期货,CFFEX,T0
2021-06-22,100.27,100.31,100.25,100.305,11915,30620,0.0,2年期国债期货,CFFEX,TS0
2021-06-22,99.89,99.99,99.885,99.975,15806,62385,0.0,5年期国债期货,CFFEX,TF0
2021-06-23,98.3,98.4,98.255,98.335,53032,148317,0.0,10年期国债期货,CFFEX,T0
2021-06-23,100.31,100.37,100.31,100.36,11698,31862,0.0,2年期国债期货,CFFEX,TS0
2021-06-23,99.975,100.045,99.965,100.02,15838,62259,0.0,5年期国债期货,CFFEX,TF0
2021-06-24,98.4,98.47,98.28,98.325,54675,147332,0.0,10年期国债期货,CFFEX,T0
2021-06-24,100.385,100.43,100.365,100.38,13091,31100,0.0,2年期国债期货,CFFEX,TS0
2021-06-24,100.065,100.15,100.015,100.04,18648,64484,0.0,5年期国债期货,CFFEX,TF0
2021-06-25,98.32,98.375,98.245,98.285,50435,147084,0.0,10年期国债期货,CFFEX,T0
2021-06-25,100.38,100.395,100.37,100.385,6032,31542,0.0,2年期国债期货,CFFEX,TS0
2021-06-25,100.025,100.085,100.0,100.05,13918,65338,0.0,5年期国债期货,CFFEX,TF0
2021-06-28,98.305,98.4,98.16,98.165,57491,144736,0.0,10年期国债期货,CFFEX,T0
2021-06-28,100.39,100.425,100.35,100.355,10375,31629,0.0,2年期国债期货,CFFEX,TS0
2021-06-28,100.06,100.14,99.945,99.965,20189,66773,0.0,5年期国债期货,CFFEX,TF0
2021-06-29,98.16,98.35,98.14,98.32,56856,147095,0.0,10年期国债期货,CFFEX,T0
2021-06-29,100.33,100.39,100.33,100.38,9690,31798,0.0,2年期国债期货,CFFEX,TS0
2021-06-29,99.975,100.055,99.955,100.05,15797,67437,0.0,5年期国债期货,CFFEX,TF0
2021-06-30,98.295,98.465,98.275,98.42,63598,151188,0.0,10年期国债期货,CFFEX,T0
2021-06-30,100.385,100.43,100.37,100.425,10349,31561,0.0,2年期国债期货,CFFEX,TS0
2021-06-30,100.04,100.135,100.02,100.125,15998,69502,0.0,5年期国债期货,CFFEX,TF0
2021-07-01,98.44,98.535,98.295,98.315,62101,150786,0.0,10年期国债期货,CFFEX,T0
2021-07-01,100.43,100.51,100.375,100.375,7300,31524,0.0,2年期国债期货,CFFEX,TS0
2021-07-01,100.135,100.175,100.03,100.035,18182,68675,0.0,5年期国债期货,CFFEX,TF0
2021-07-02,98.335,98.465,98.33,98.37,57659,155065,0.0,10年期国债期货,CFFEX,T0
2021-07-02,100.375,100.425,100.375,100.4,6938,31346,0.0,2年期国债期货,CFFEX,TS0
2021-07-02,100.05,100.12,100.05,100.075,14434,69598,0.0,5年期国债期货,CFFEX,TF0
2021-07-05,98.43,98.485,98.31,98.395,46459,154369,0.0,10年期国债期货,CFFEX,T0
2021-07-05,100.435,100.45,100.4,100.42,6257,31178,0.0,2年期国债期货,CFFEX,TS0
2021-07-05,100.105,100.14,100.055,100.085,13187,70956,0.0,5年期国债期货,CFFEX,TF0
2021-07-06,98.385,98.44,98.26,98.28,62749,153661,0.0,10年期国债期货,CFFEX,T0
2021-07-06,100.41,100.435,100.39,100.4,8251,31204,0.0,2年期国债期货,CFFEX,TS0
2021-07-06,100.085,100.12,100.025,100.04,17574,70294,0.0,5年期国债期货,CFFEX,TF0
2021-07-07,98.335,98.72,98.305,98.675,92491,166897,0.0,10年期国债期货,CFFEX,T0
2021-07-07,100.41,100.5,100.39,100.475,11679,32120,0.0,2年期国债期货,CFFEX,TS0
2021-07-07,100.08,100.26,100.035,100.235,26947,72816,0.0,5年期国债期货,CFFEX,TF0
2021-07-08,98.985,99.125,98.885,99.065,79106,156583,0.0,10年期国债期货,CFFEX,T0
2021-07-08,100.595,100.65,100.575,100.595,12437,30953,0.0,2年期国债期货,CFFEX,TS0
2021-07-08,100.5,100.55,100.36,100.445,25422,69638,0.0,5年期国债期货,CFFEX,TF0
2021-07-09,99.03,99.115,98.88,99.005,58944,154104,0.0,10年期国债期货,CFFEX,T0
2021-07-09,100.58,100.59,100.51,100.54,8315,30111,0.0,2年期国债期货,CFFEX,TS0
2021-07-09,100.42,100.465,100.29,100.375,24475,67216,0.0,5年期国债期货,CFFEX,TF0
2021-07-12,99.11,99.415,99.035,99.37,78481,154843,0.0,10年期国债期货,CFFEX,T0
2021-07-12,100.6,100.715,100.595,100.685,9955,31105,0.0,2年期国债期货,CFFEX,TS0
2021-07-12,100.54,100.72,100.46,100.665,30746,69660,0.0,5年期国债期货,CFFEX,TF0
2021-07-13,99.42,99.485,99.34,99.425,55596,154365,0.0,10年期国债期货,CFFEX,T0
2021-07-13,100.68,100.74,100.68,100.705,6697,31019,0.0,2年期国债期货,CFFEX,TS0
2021-07-13,100.69,100.77,100.68,100.72,19828,69067,0.0,5年期国债期货,CFFEX,TF0
2021-07-14,99.525,99.73,99.455,99.605,68897,153988,0.0,10年期国债期货,CFFEX,T0
2021-07-14,100.74,100.785,100.715,100.74,10423,31205,0.0,2年期国债期货,CFFEX,TS0
2021-07-14,100.76,100.93,100.735,100.815,28314,68027,0.0,5年期国债期货,CFFEX,TF0
2021-07-15,99.5,99.51,99.215,99.24,83663,149111,0.0,10年期国债期货,CFFEX,T0
2021-07-15,100.705,100.725,100.665,100.665,9855,31345,0.0,2年期国债期货,CFFEX,TS0
2021-07-15,100.76,100.785,100.64,100.655,22570,66665,0.0,5年期国债期货,CFFEX,TF0
2021-07-16,99.28,99.41,99.23,99.39,49118,149093,0.0,10年期国债期货,CFFEX,T0
2021-07-16,100.665,100.725,100.665,100.72,4151,31200,0.0,2年期国债期货,CFFEX,TS0
2021-07-16,100.69,100.78,100.66,100.755,14967,67268,0.0,5年期国债期货,CFFEX,TF0
2021-07-19,99.37,99.43,99.285,99.355,45957,148954,0.0,10年期国债期货,CFFEX,T0
2021-07-19,100.74,100.74,100.695,100.73,5039,30640,0.0,2年期国债期货,CFFEX,TS0
2021-07-19,100.755,100.795,100.705,100.765,13281,67717,0.0,5年期国债期货,CFFEX,TF0
2021-07-20,99.44,99.615,99.43,99.52,65914,149410,0.0,10年期国债期货,CFFEX,T0
2021-07-20,100.755,100.8,100.74,100.78,9027,31543,0.0,2年期国债期货,CFFEX,TS0
2021-07-20,100.925,100.925,100.79,100.85,20314,67381,0.0,5年期国债期货,CFFEX,TF0
2021-07-21,99.5,99.69,99.46,99.685,54302,152472,0.0,10年期国债期货,CFFEX,T0
2021-07-21,100.795,100.83,100.765,100.83,6813,31936,0.0,2年期国债期货,CFFEX,TS0
2021-07-21,100.845,100.96,100.82,100.95,18068,68982,0.0,5年期国债期货,CFFEX,TF0
2021-07-22,99.63,99.63,99.51,99.59,55841,147853,0.0,10年期国债期货,CFFEX,T0
2021-07-22,100.815,100.825,100.775,100.81,5267,32289,0.0,2年期国债期货,CFFEX,TS0
2021-07-22,100.95,100.95,100.835,100.885,16749,67995,0.0,5年期国债期货,CFFEX,TF0
2021-07-23,99.61,99.775,99.61,99.735,62448,150037,0.0,10年期国债期货,CFFEX,T0
2021-07-23,100.84,100.88,100.805,100.87,4838,32349,0.0,2年期国债期货,CFFEX,TS0
2021-07-23,100.915,101.035,100.89,101.02,18663,68220,0.0,5年期国债期货,CFFEX,TF0
2021-07-26,99.84,99.985,99.815,99.93,64774,150013,0.0,10年期国债期货,CFFEX,T0
2021-07-26,100.88,100.945,100.88,100.91,6723,32120,0.0,2年期国债期货,CFFEX,TS0
2021-07-26,101.11,101.185,101.065,101.125,19370,68301,0.0,5年期国债期货,CFFEX,TF0
2021-07-27,99.92,100.08,99.55,99.6,86661,145280,0.0,10年期国债期货,CFFEX,T0
2021-07-27,100.89,100.91,100.61,100.75,16408,31000,0.0,2年期国债期货,CFFEX,TS0
2021-07-27,101.075,101.165,100.755,100.85,29757,68101,0.0,5年期国债期货,CFFEX,TF0
2021-07-28,99.72,99.865,99.68,99.73,59017,142391,0.0,10年期国债期货,CFFEX,T0
2021-07-28,100.76,100.84,100.75,100.775,8656,29572,0.0,2年期国债期货,CFFEX,TS0
2021-07-28,100.875,101.03,100.875,100.88,20824,65292,0.0,5年期国债期货,CFFEX,TF0
2021-07-29,99.805,99.95,99.765,99.855,56456,142125,0.0,10年期国债期货,CFFEX,T0
2021-07-29,100.8,100.845,100.8,100.815,6436,28880,0.0,2年期国债期货,CFFEX,TS0
2021-07-29,100.97,101.04,100.945,100.985,16290,63322,0.0,5年期国债期货,CFFEX,TF0
2021-07-30,100.02,100.365,100.02,100.355,65508,143064,0.0,10年期国债期货,CFFEX,T0
2021-07-30,100.9,101.15,100.85,100.925,9719,27576,0.0,2年期国债期货,CFFEX,TS0
2021-07-30,101.07,101.265,101.07,101.26,21643,61828,0.0,5年期国债期货,CFFEX,TF0
2021-08-02,100.6,100.67,100.315,100.495,86608,128529,0.0,10年期国债期货,CFFEX,T0
2021-08-02,100.975,101.025,100.92,100.965,8928,27988,0.0,2年期国债期货,CFFEX,TS0
2021-08-02,101.505,101.51,101.265,101.355,24628,58751,0.0,5年期国债期货,CFFEX,TF0
2021-08-03,100.48,100.485,100.235,100.33,63468,122834,0.0,10年期国债期货,CFFEX,T0
2021-08-03,100.955,100.97,100.9,100.91,7465,27523,0.0,2年期国债期货,CFFEX,TS0
2021-08-03,101.365,101.37,101.215,101.28,14205,57394,0.0,5年期国债期货,CFFEX,TF0
2021-08-04,100.29,100.32,100.16,100.3,57894,123323,0.0,10年期国债期货,CFFEX,T0
2021-08-04,100.895,100.91,100.87,100.9,8120,26160,0.0,2年期国债期货,CFFEX,TS0
2021-08-04,101.225,101.26,101.17,101.24,16608,56870,0.0,5年期国债期货,CFFEX,TF0
2021-08-05,100.38,100.58,100.315,100.55,51747,122659,0.0,10年期国债期货,CFFEX,T0
2021-08-05,100.92,100.94,100.895,100.94,8763,25579,0.0,2年期国债期货,CFFEX,TS0
2021-08-05,101.325,101.38,101.255,101.37,15443,55728,0.0,5年期国债期货,CFFEX,TF0
2021-08-06,100.45,100.505,100.38,100.485,46889,121623,0.0,10年期国债期货,CFFEX,T0
2021-08-06,100.89,100.92,100.89,100.91,6627,24526,0.0,2年期国债期货,CFFEX,TS0
2021-08-06,101.31,101.35,101.28,101.32,16630,53325,0.0,5年期国债期货,CFFEX,TF0
2021-08-09,100.4,100.4,99.92,99.94,85938,108160,0.0,10年期国债期货,CFFEX,T0
2021-08-09,100.89,100.89,100.775,100.785,9102,23085,0.0,2年期国债期货,CFFEX,TS0
2021-08-09,101.24,101.24,100.955,101.0,29252,47184,0.0,5年期国债期货,CFFEX,TF0
2021-08-10,99.86,100.045,99.775,99.925,63993,101288,0.0,10年期国债期货,CFFEX,T0
2021-08-10,100.75,100.81,100.73,100.795,11698,21676,0.0,2年期国债期货,CFFEX,TS0
2021-08-10,100.87,101.105,100.79,101.02,21635,45071,0.0,5年期国债期货,CFFEX,TF0
2021-08-11,99.9,99.925,99.72,99.8,58983,94119,0.0,10年期国债期货,CFFEX,T0
2021-08-11,100.79,100.805,100.76,100.775,6086,20712,0.0,2年期国债期货,CFFEX,TS0
2021-08-11,101.0,101.04,100.945,100.985,21077,42249,0.0,5年期国债期货,CFFEX,TF0
2021-08-12,99.87,100.08,99.87,100.01,53305,85837,0.0,10年期国债期货,CFFEX,T0
2021-08-12,100.775,100.815,100.705,100.79,8627,19023,0.0,2年期国债期货,CFFEX,TS0
2021-08-12,101.015,101.135,101.015,101.095,15895,39639,0.0,5年期国债期货,CFFEX,TF0
2021-08-13,100.01,100.045,99.82,99.895,60383,73432,0.0,10年期国债期货,CFFEX,T0
2021-08-13,100.79,100.79,100.75,100.775,6529,17970,0.0,2年期国债期货,CFFEX,TS0
2021-08-13,101.18,101.18,101.005,101.07,15471,37117,0.0,5年期国债期货,CFFEX,TF0
2021-08-16,99.94,100.035,99.775,99.805,62722,61244,0.0,10年期国债期货,CFFEX,T0
2021-08-16,100.79,100.79,100.735,100.77,7223,16410,0.0,2年期国债期货,CFFEX,TS0
2021-08-16,101.07,101.175,100.985,101.015,21279,33722,0.0,5年期国债期货,CFFEX,TF0
2021-08-17,99.83,99.985,99.75,99.925,47249,51901,0.0,10年期国债期货,CFFEX,T0
2021-08-17,100.77,100.81,100.76,100.8,6768,15130,0.0,2年期国债期货,CFFEX,TS0
2021-08-17,101.01,101.13,100.975,101.085,20261,28043,0.0,5年期国债期货,CFFEX,TF0
2021-08-18,99.88,100.32,99.815,100.305,48810,42433,0.0,10年期国债期货,CFFEX,T0
2021-08-18,100.765,100.915,100.755,100.9,7217,13592,0.0,2年期国债期货,CFFEX,TS0
2021-08-18,101.03,101.295,100.985,101.29,18601,24114,0.0,5年期国债期货,CFFEX,TF0
2021-08-19,100.13,100.195,99.955,100.13,66313,127296,0.0,10年期国债期货,CFFEX,T0
2021-08-19,100.915,100.945,100.83,100.87,3395,12490,0.0,2年期国债期货,CFFEX,TS0
2021-08-19,101.08,101.105,100.965,101.055,24594,49750,0.0,5年期国债期货,CFFEX,TF0
2021-08-20,100.13,100.155,99.95,99.995,56698,127379,0.0,10年期国债期货,CFFEX,T0
2021-08-20,100.81,100.81,100.695,100.72,8239,17634,0.0,2年期国债期货,CFFEX,TS0
2021-08-20,101.07,101.08,100.93,100.97,22196,50036,0.0,5年期国债期货,CFFEX,TF0
2021-08-23,99.925,99.99,99.805,99.845,53560,127340,0.0,10年期国债期货,CFFEX,T0
2021-08-23,100.715,100.73,100.685,100.69,6331,18185,0.0,2年期国债期货,CFFEX,TS0
2021-08-23,100.96,100.98,100.855,100.89,18699,51531,0.0,5年期国债期货,CFFEX,TF0
2021-08-24,99.77,100.005,99.75,99.995,57279,132096,0.0,10年期国债期货,CFFEX,T0
2021-08-24,100.695,100.735,100.67,100.735,5191,18640,0.0,2年期国债期货,CFFEX,TS0
2021-08-24,100.885,100.965,100.84,100.965,17532,53034,0.0,5年期国债期货,CFFEX,TF0
2021-08-25,100.095,100.22,100.06,100.115,60105,135336,0.0,10年期国债期货,CFFEX,T0
2021-08-25,100.745,100.8,100.745,100.76,7772,19600,0.0,2年期国债期货,CFFEX,TS0
2021-08-25,101.015,101.115,100.96,101.05,21563,53479,0.0,5年期国债期货,CFFEX,TF0
2021-08-26,99.98,99.995,99.725,99.73,73647,135741,0.0,10年期国债期货,CFFEX,T0
2021-08-26,100.755,100.755,100.685,100.695,8080,19698,0.0,2年期国债期货,CFFEX,TS0
2021-08-26,101.01,101.01,100.865,100.88,21990,53600,0.0,5年期国债期货,CFFEX,TF0
2021-08-27,99.84,99.935,99.81,99.9,58772,139852,0.0,10年期国债期货,CFFEX,T0
2021-08-27,100.7,100.76,100.7,100.76,9758,20926,0.0,2年期国债期货,CFFEX,TS0
2021-08-27,100.915,101.025,100.915,101.015,19077,53428,0.0,5年期国债期货,CFFEX,TF0
2021-08-30,99.89,100.15,99.785,100.1,59585,144312,0.0,10年期国债期货,CFFEX,T0
2021-08-30,100.745,100.805,100.73,100.795,9112,22200,0.0,2年期国债期货,CFFEX,TS0
2021-08-30,101.0,101.145,100.935,101.115,25726,54810,0.0,5年期国债期货,CFFEX,TF0
2021-08-31,100.12,100.21,99.94,99.995,60332,144436,0.0,10年期国债期货,CFFEX,T0
2021-08-31,100.81,100.835,100.775,100.79,8886,23188,0.0,2年期国债期货,CFFEX,TS0
2021-08-31,101.13,101.195,101.065,101.11,19578,55656,0.0,5年期国债期货,CFFEX,TF0
2021-09-01,100.065,100.48,100.06,100.46,81600,152216,0.0,10年期国债期货,CFFEX,T0
2021-09-01,100.79,100.9,100.79,100.89,9629,24516,0.0,2年期国债期货,CFFEX,TS0
2021-09-01,101.125,101.365,101.125,101.34,25336,57603,0.0,5年期国债期货,CFFEX,TF0
2021-09-02,100.375,100.48,100.295,100.34,55019,152178,0.0,10年期国债期货,CFFEX,T0
2021-09-02,100.88,100.88,100.83,100.835,6912,24707,0.0,2年期国债期货,CFFEX,TS0
2021-09-02,101.34,101.34,101.245,101.26,21236,57803,0.0,5年期国债期货,CFFEX,TF0
2021-09-03,100.3,100.44,100.26,100.275,47436,152475,0.0,10年期国债期货,CFFEX,T0
2021-09-03,100.835,100.85,100.8,100.805,7440,25046,0.0,2年期国债期货,CFFEX,TS0
2021-09-03,101.255,101.295,101.215,101.215,17135,58075,0.0,5年期国债期货,CFFEX,TF0
2021-09-06,100.32,100.465,100.165,100.2,65629,149977,0.0,10年期国债期货,CFFEX,T0
2021-09-06,100.82,100.84,100.76,100.77,8238,25514,0.0,2年期国债期货,CFFEX,TS0
2021-09-06,101.235,101.305,101.165,101.18,21227,58742,0.0,5年期国债期货,CFFEX,TF0
2021-09-07,100.22,100.23,99.95,99.96,61435,146198,0.0,10年期国债期货,CFFEX,T0
2021-09-07,100.765,100.785,100.725,100.73,6303,24718,0.0,2年期国债期货,CFFEX,TS0
2021-09-07,101.18,101.205,101.05,101.05,22395,61049,0.0,5年期国债期货,CFFEX,TF0
2021-09-08,99.96,100.09,99.84,99.96,66031,150324,0.0,10年期国债期货,CFFEX,T0
2021-09-08,100.73,100.76,100.7,100.725,8635,25102,0.0,2年期国债期货,CFFEX,TS0
2021-09-08,101.07,101.125,101.01,101.045,24893,63199,0.0,5年期国债期货,CFFEX,TF0
2021-09-09,99.955,100.045,99.855,99.88,49071,150888,0.0,10年期国债期货,CFFEX,T0
2021-09-09,100.72,100.755,100.71,100.715,6809,25117,0.0,2年期国债期货,CFFEX,TS0
2021-09-09,101.05,101.11,101.01,101.015,20241,63744,0.0,5年期国债期货,CFFEX,TF0
2021-09-10,99.925,100.005,99.815,99.985,66457,150702,0.0,10年期国债期货,CFFEX,T0
2021-09-10,100.8,100.8,100.68,100.73,8044,25134,0.0,2年期国债期货,CFFEX,TS0
2021-09-10,101.025,101.07,100.88,101.04,30535,62131,0.0,5年期国债期货,CFFEX,TF0
2021-09-13,100.035,100.09,99.59,99.61,83165,151869,0.0,10年期国债期货,CFFEX,T0
2021-09-13,100.725,100.74,100.615,100.625,8301,25571,0.0,2年期国债期货,CFFEX,TS0
2021-09-13,101.05,101.08,100.805,100.815,24160,61005,0.0,5年期国债期货,CFFEX,TF0
2021-09-14,99.61,99.715,99.525,99.655,70536,151114,0.0,10年期国债期货,CFFEX,T0
2021-09-14,100.625,100.65,100.61,100.645,9689,25037,0.0,2年期国债期货,CFFEX,TS0
2021-09-14,100.8,100.875,100.77,100.845,26332,59093,0.0,5年期国债期货,CFFEX,TF0
2021-09-15,99.75,99.85,99.465,99.48,81114,151854,0.0,10年期国债期货,CFFEX,T0
2021-09-15,100.665,100.7,100.615,100.62,9569,26185,0.0,2年期国债期货,CFFEX,TS0
2021-09-15,100.91,100.98,100.76,100.795,26454,60362,0.0,5年期国债期货,CFFEX,TF0
2021-09-16,99.495,99.655,99.43,99.625,71374,148586,0.0,10年期国债期货,CFFEX,T0
2021-09-16,100.62,100.67,100.615,100.665,8497,26370,0.0,2年期国债期货,CFFEX,TS0
2021-09-16,100.79,100.86,100.765,100.845,19749,61280,0.0,5年期国债期货,CFFEX,TF0
2021-09-17,99.72,99.82,99.655,99.785,53439,151765,0.0,10年期国债期货,CFFEX,T0
2021-09-17,100.7,100.725,100.675,100.7,8000,26435,0.0,2年期国债期货,CFFEX,TS0
2021-09-17,100.945,100.98,100.875,100.955,16674,60569,0.0,5年期国债期货,CFFEX,TF0
2021-09-22,99.91,100.0,99.9,99.97,49210,150666,0.0,10年期国债期货,CFFEX,T0
2021-09-22,100.725,100.775,100.725,100.77,5786,26363,0.0,2年期国债期货,CFFEX,TS0
2021-09-22,101.06,101.11,101.035,101.1,19540,60848,0.0,5年期国债期货,CFFEX,TF0
2021-09-23,99.905,100.155,99.84,100.085,62574,152622,0.0,10年期国债期货,CFFEX,T0
2021-09-23,100.77,100.82,100.75,100.81,8622,26515,0.0,2年期国债期货,CFFEX,TS0
2021-09-23,101.06,101.21,101.035,101.17,23009,64859,0.0,5年期国债期货,CFFEX,TF0
2021-09-24,100.0,100.055,99.865,99.91,56956,152743,0.0,10年期国债期货,CFFEX,T0
2021-09-24,100.795,100.81,100.77,100.78,7832,27055,0.0,2年期国债期货,CFFEX,TS0
2021-09-24,101.135,101.17,101.06,101.09,20280,67228,0.0,5年期国债期货,CFFEX,TF0
2021-09-27,99.91,100.045,99.765,99.805,62829,151812,0.0,10年期国债期货,CFFEX,T0
2021-09-27,100.785,100.805,100.745,100.755,9424,27451,0.0,2年期国债期货,CFFEX,TS0
2021-09-27,101.09,101.145,101.005,101.04,23580,67147,0.0,5年期国债期货,CFFEX,TF0
2021-09-28,99.785,99.835,99.66,99.715,51388,149312,0.0,10年期国债期货,CFFEX,T0
2021-09-28,100.755,100.76,100.725,100.74,11180,27286,0.0,2年期国债期货,CFFEX,TS0
2021-09-28,101.025,101.055,100.95,100.96,23945,65814,0.0,5年期国债期货,CFFEX,TF0
2021-09-29,99.715,99.96,99.68,99.945,56915,149458,0.0,10年期国债期货,CFFEX,T0
2021-09-29,100.735,100.795,100.72,100.79,7952,26915,0.0,2年期国债期货,CFFEX,TS0
2021-09-29,100.96,101.115,100.95,101.095,19397,65585,0.0,5年期国债期货,CFFEX,TF0
2021-09-30,99.965,100.045,99.765,99.86,57501,148135,0.0,10年期国债期货,CFFEX,T0
2021-09-30,100.8,100.825,100.75,100.79,9893,27377,0.0,2年期国债期货,CFFEX,TS0
2021-09-30,101.12,101.17,101.0,101.07,19127,64718,0.0,5年期国债期货,CFFEX,TF0
2021-10-08,99.74,99.74,99.495,99.505,57686,150377,0.0,10年期国债期货,CFFEX,T0
2021-10-08,100.78,100.79,100.725,100.75,10561,26852,0.0,2年期国债期货,CFFEX,TS0
2021-10-08,101.035,101.035,100.895,100.895,22184,65766,0.0,5年期国债期货,CFFEX,TF0
2021-10-11,99.38,99.38,99.07,99.075,69453,152355,0.0,10年期国债期货,CFFEX,T0
2021-10-11,100.735,100.735,100.64,100.645,8884,26436,0.0,2年期国债期货,CFFEX,TS0
2021-10-11,100.845,100.875,100.675,100.675,29125,68903,0.0,5年期国债期货,CFFEX,TF0
2021-10-12,99.13,99.205,98.985,99.105,65474,151263,0.0,10年期国债期货,CFFEX,T0
2021-10-12,100.66,100.69,100.625,100.66,9730,26019,0.0,2年期国债期货,CFFEX,TS0
2021-10-12,100.73,100.775,100.66,100.74,22000,69193,0.0,5年期国债期货,CFFEX,TF0
2021-10-13,99.145,99.27,99.01,99.125,63596,153185,0.0,10年期国债期货,CFFEX,T0
2021-10-13,100.65,100.68,100.62,100.655,10921,26067,0.0,2年期国债期货,CFFEX,TS0
2021-10-13,100.75,100.795,100.635,100.69,24443,70092,0.0,5年期国债期货,CFFEX,TF0
2021-10-14,99.2,99.285,99.115,99.17,51821,152727,0.0,10年期国债期货,CFFEX,T0
2021-10-14,100.66,100.695,100.63,100.64,13842,25628,0.0,2年期国债期货,CFFEX,TS0
2021-10-14,100.725,100.785,100.66,100.68,18818,70594,0.0,5年期国债期货,CFFEX,TF0
2021-10-15,99.12,99.35,98.955,99.14,88833,155426,0.0,10年期国债期货,CFFEX,T0
2021-10-15,100.635,100.665,100.555,100.61,10620,26116,0.0,2年期国债期货,CFFEX,TS0
2021-10-15,100.645,100.795,100.58,100.66,24352,72168,0.0,5年期国债期货,CFFEX,TF0
2021-10-18,98.72,98.785,98.655,98.67,65646,155423,0.0,10年期国债期货,CFFEX,T0
2021-10-18,100.5,100.535,100.48,100.515,12780,25371,0.0,2年期国债期货,CFFEX,TS0
2021-10-18,100.43,100.48,100.35,100.37,25556,71135,0.0,5年期国债期货,CFFEX,TF0
2021-10-19,98.665,98.945,98.625,98.92,70354,157395,0.0,10年期国债期货,CFFEX,T0
2021-10-19,100.48,100.55,100.48,100.545,13051,25721,0.0,2年期国债期货,CFFEX,TS0
2021-10-19,100.33,100.505,100.325,100.495,30225,72388,0.0,5年期国债期货,CFFEX,TF0
2021-10-20,99.05,99.09,98.84,98.875,63090,156646,0.0,10年期国债期货,CFFEX,T0
2021-10-20,100.58,100.595,100.535,100.54,12588,25086,0.0,2年期国债期货,CFFEX,TS0
2021-10-20,100.55,100.605,100.465,100.49,25211,71758,0.0,5年期国债期货,CFFEX,TF0
2021-10-21,99.0,99.195,98.98,99.185,54625,155273,0.0,10年期国债期货,CFFEX,T0
2021-10-21,100.57,100.61,100.555,100.61,17840,24911,0.0,2年期国债期货,CFFEX,TS0
2021-10-21,100.55,100.665,100.545,100.665,18611,71094,0.0,5年期国债期货,CFFEX,TF0
2021-10-22,99.11,99.18,99.005,99.04,53364,154592,0.0,10年期国债期货,CFFEX,T0
2021-10-22,100.61,100.625,100.585,100.6,12189,24298,0.0,2年期国债期货,CFFEX,TS0
2021-10-22,100.645,100.705,100.59,100.6,21232,71697,0.0,5年期国债期货,CFFEX,TF0
2021-10-25,99.1,99.165,98.925,99.04,50492,154746,0.0,10年期国债期货,CFFEX,T0
2021-10-25,100.605,100.635,100.595,100.61,8608,24276,0.0,2年期国债期货,CFFEX,TS0
2021-10-25,100.645,100.675,100.555,100.63,17874,70920,0.0,5年期国债期货,CFFEX,TF0
2021-10-26,99.06,99.255,99.01,99.15,53982,152396,0.0,10年期国债期货,CFFEX,T0
2021-10-26,100.615,100.65,100.605,100.63,10270,24411,0.0,2年期国债期货,CFFEX,TS0
2021-10-26,100.63,100.72,100.61,100.67,19614,71817,0.0,5年期国债期货,CFFEX,TF0
2021-10-27,99.175,99.275,99.095,99.15,49810,149503,0.0,10年期国债期货,CFFEX,T0
2021-10-27,100.635,100.66,100.62,100.64,10662,24706,0.0,2年期国债期货,CFFEX,TS0
2021-10-27,100.67,100.73,100.63,100.65,22596,73867,0.0,5年期国债期货,CFFEX,TF0
2021-10-28,99.16,99.335,99.055,99.27,71595,150648,0.0,10年期国债期货,CFFEX,T0
2021-10-28,100.64,100.665,100.62,100.655,12868,24966,0.0,2年期国债期货,CFFEX,TS0
2021-10-28,100.645,100.735,100.6,100.69,28941,74262,0.0,5年期国债期货,CFFEX,TF0
2021-10-29,99.3,99.365,99.115,99.185,58105,146116,0.0,10年期国债期货,CFFEX,T0
2021-10-29,100.655,100.68,100.615,100.63,14592,24891,0.0,2年期国债期货,CFFEX,TS0
2021-10-29,100.705,100.745,100.58,100.63,26794,73084,0.0,5年期国债期货,CFFEX,TF0
2021-11-01,99.265,99.5,99.26,99.49,64329,146644,0.0,10年期国债期货,CFFEX,T0
2021-11-01,100.66,100.705,100.63,100.69,12683,24327,0.0,2年期国债期货,CFFEX,TS0
2021-11-01,100.635,100.845,100.635,100.795,27771,73715,0.0,5年期国债期货,CFFEX,TF0
2021-11-02,99.47,99.76,99.4,99.69,78769,142366,0.0,10年期国债期货,CFFEX,T0
2021-11-02,100.69,100.75,100.66,100.73,11652,23879,0.0,2年期国债期货,CFFEX,TS0
2021-11-02,100.785,100.945,100.745,100.905,27654,72187,0.0,5年期国债期货,CFFEX,TF0
2021-11-03,99.735,99.83,99.6,99.675,57703,139785,0.0,10年期国债期货,CFFEX,T0
2021-11-03,100.73,100.785,100.73,100.745,15646,24431,0.0,2年期国债期货,CFFEX,TS0
2021-11-03,100.92,100.99,100.86,100.885,26695,71698,0.0,5年期国债期货,CFFEX,TF0
2021-11-04,99.675,99.79,99.645,99.755,43281,139313,0.0,10年期国债期货,CFFEX,T0
2021-11-04,100.75,100.77,100.735,100.755,10522,24457,0.0,2年期国债期货,CFFEX,TS0
2021-11-04,100.89,100.97,100.88,100.945,21013,71261,0.0,5年期国债期货,CFFEX,TF0
2021-11-05,99.97,100.145,99.96,100.12,69412,137765,0.0,10年期国债期货,CFFEX,T0
2021-11-05,100.78,100.865,100.78,100.86,20952,24564,0.0,2年期国债期货,CFFEX,TS0
2021-11-05,101.06,101.2,101.06,101.19,31828,69276,0.0,5年期国债期货,CFFEX,TF0
2021-11-08,100.155,100.215,99.96,100.08,52678,133774,0.0,10年期国债期货,CFFEX,T0
2021-11-08,100.865,100.895,100.83,100.845,16780,23590,0.0,2年期国债期货,CFFEX,TS0
2021-11-08,101.195,101.27,101.1,101.155,27975,68025,0.0,5年期国债期货,CFFEX,TF0
2021-11-09,99.99,100.17,99.875,100.155,58700,132710,0.0,10年期国债期货,CFFEX,T0
2021-11-09,100.825,100.85,100.8,100.845,17257,22591,0.0,2年期国债期货,CFFEX,TS0
2021-11-09,101.125,101.175,101.045,101.15,25903,66692,0.0,5年期国债期货,CFFEX,TF0
2021-11-10,100.195,100.28,100.01,100.065,61799,128070,0.0,10年期国债期货,CFFEX,T0
2021-11-10,100.85,100.865,100.815,100.83,16615,22455,0.0,2年期国债期货,CFFEX,TS0
2021-11-10,101.155,101.21,101.105,101.125,24621,64381,0.0,5年期国债期货,CFFEX,TF0
2021-11-11,99.91,100.0,99.785,99.835,67750,116047,0.0,10年期国债期货,CFFEX,T0
2021-11-11,100.82,100.83,100.8,100.815,17606,22477,0.0,2年期国债期货,CFFEX,TS0
2021-11-11,101.085,101.095,101.005,101.03,28160,58137,0.0,5年期国债期货,CFFEX,TF0
2021-11-12,99.83,99.995,99.74,99.785,52940,109531,0.0,10年期国债期货,CFFEX,T0
2021-11-12,100.81,100.84,100.805,100.805,6661,22583,0.0,2年期国债期货,CFFEX,TS0
2021-11-12,101.025,101.095,101.005,101.025,20489,55470,0.0,5年期国债期货,CFFEX,TF0
2021-11-15,99.81,100.1,99.755,100.075,59937,104679,0.0,10年期国债期货,CFFEX,T0
2021-11-15,100.805,100.855,100.785,100.855,12368,21141,0.0,2年期国债期货,CFFEX,TS0
2021-11-15,101.03,101.16,100.99,101.145,23352,53486,0.0,5年期国债期货,CFFEX,TF0
2021-11-16,100.095,100.205,99.9,100.04,61764,93190,0.0,10年期国债期货,CFFEX,T0
2021-11-16,100.86,100.865,100.82,100.84,11934,19881,0.0,2年期国债期货,CFFEX,TS0
2021-11-16,101.15,101.2,101.07,101.155,21989,49741,0.0,5年期国债期货,CFFEX,TF0
2021-11-17,100.005,100.065,99.925,99.97,43686,82406,0.0,10年期国债期货,CFFEX,T0
2021-11-17,100.845,100.845,100.775,100.78,13470,17108,0.0,2年期国债期货,CFFEX,TS0
2021-11-17,101.145,101.145,101.055,101.08,24721,43881,0.0,5年期国债期货,CFFEX,TF0
2021-11-18,99.995,100.16,99.97,100.11,57351,65553,0.0,10年期国债期货,CFFEX,T0
2021-11-18,100.78,100.815,100.765,100.775,11676,14450,0.0,2年期国债期货,CFFEX,TS0
2021-11-18,101.085,101.15,101.085,101.135,24092,35927,0.0,5年期国债期货,CFFEX,TF0
2021-11-19,100.095,100.21,99.75,99.78,64757,44090,0.0,10年期国债期货,CFFEX,T0
2021-11-19,100.77,100.82,100.73,100.735,10415,11965,0.0,2年期国债期货,CFFEX,TS0
2021-11-19,101.13,101.155,100.955,100.975,26538,28140,0.0,5年期国债期货,CFFEX,TF0
2021-11-22,99.75,99.905,99.75,99.875,64714,143270,0.0,10年期国债期货,CFFEX,T0
2021-11-22,100.72,100.775,100.71,100.765,6741,24155,0.0,2年期国债期货,CFFEX,TS0
2021-11-22,100.925,101.055,100.92,101.035,25766,67178,0.0,5年期国债期货,CFFEX,TF0
2021-11-23,99.825,99.865,99.67,99.815,61754,142287,0.0,10年期国债期货,CFFEX,T0
2021-11-23,100.755,100.76,100.72,100.745,5905,24556,0.0,2年期国债期货,CFFEX,TS0
2021-11-23,101.02,101.02,100.915,100.99,27439,67285,0.0,5年期国债期货,CFFEX,TF0
2021-11-24,99.87,100.18,99.825,100.145,70410,151620,0.0,10年期国债期货,CFFEX,T0
2021-11-24,100.76,100.85,100.76,100.835,8982,25525,0.0,2年期国债期货,CFFEX,TS0
2021-11-24,101.02,101.195,101.005,101.17,26541,70495,0.0,5年期国债期货,CFFEX,TF0
2021-11-25,100.09,100.155,100.035,100.08,51086,152381,0.0,10年期国债期货,CFFEX,T0
2021-11-25,100.815,100.835,100.8,100.82,9035,26200,0.0,2年期国债期货,CFFEX,TS0
2021-11-25,101.145,101.19,101.11,101.16,16820,71299,0.0,5年期国债期货,CFFEX,TF0
2021-11-26,100.185,100.415,100.185,100.355,57084,159777,0.0,10年期国债期货,CFFEX,T0
2021-11-26,100.83,100.88,100.83,100.875,12889,28295,0.0,2年期国债期货,CFFEX,TS0
2021-11-26,101.22,101.335,101.22,101.3,17441,73926,0.0,5年期国债期货,CFFEX,TF0
2021-11-29,100.33,100.355,100.185,100.275,57253,157147,0.0,10年期国债期货,CFFEX,T0
2021-11-29,100.88,100.88,100.83,100.86,6290,29920,0.0,2年期国债期货,CFFEX,TS0
2021-11-29,101.32,101.32,101.205,101.265,21755,75568,0.0,5年期国债期货,CFFEX,TF0
2021-11-30,100.14,100.265,100.02,100.22,69027,158950,0.0,10年期国债期货,CFFEX,T0
2021-11-30,100.825,100.83,100.77,100.815,10357,30617,0.0,2年期国债期货,CFFEX,TS0
2021-11-30,101.21,101.24,101.11,101.21,22893,75597,0.0,5年期国债期货,CFFEX,TF0
2021-12-01,100.16,100.175,100.02,100.085,50982,156487,0.0,10年期国债期货,CFFEX,T0
2021-12-01,100.81,100.81,100.775,100.775,14706,31360,0.0,2年期国债期货,CFFEX,TS0
2021-12-01,101.18,101.2,101.09,101.115,19266,76003,0.0,5年期国债期货,CFFEX,TF0
2021-12-02,100.085,100.14,99.89,99.92,68080,156294,0.0,10年期国债期货,CFFEX,T0
2021-12-02,100.78,100.8,100.725,100.75,12113,30698,0.0,2年期国债期货,CFFEX,TS0
2021-12-02,101.12,101.155,100.93,100.995,25337,73983,0.0,5年期国债期货,CFFEX,TF0
2021-12-03,99.925,99.97,99.725,99.745,68812,151866,0.0,10年期国债期货,CFFEX,T0
2021-12-03,100.745,100.765,100.705,100.72,8535,30371,0.0,2年期国债期货,CFFEX,TS0
2021-12-03,100.98,101.02,100.895,100.92,23433,71085,0.0,5年期国债期货,CFFEX,TF0
2021-12-06,100.16,100.265,100.115,100.195,66577,150869,0.0,10年期国债期货,CFFEX,T0
2021-12-06,100.81,100.88,100.81,100.825,10176,31653,0.0,2年期国债期货,CFFEX,TS0
2021-12-06,101.185,101.28,101.155,101.21,26788,68886,0.0,5年期国债期货,CFFEX,TF0
2021-12-07,100.145,100.165,99.785,99.805,91909,147293,0.0,10年期国债期货,CFFEX,T0
2021-12-07,100.835,100.84,100.775,100.78,15089,32500,0.0,2年期国债期货,CFFEX,TS0
2021-12-07,101.205,101.22,101.03,101.055,31136,66481,0.0,5年期国债期货,CFFEX,TF0
2021-12-08,99.805,99.895,99.705,99.765,56681,147027,0.0,10年期国债期货,CFFEX,T0
2021-12-08,100.785,100.795,100.735,100.76,12078,33994,0.0,2年期国债期货,CFFEX,TS0
2021-12-08,101.025,101.085,100.955,100.995,21056,68203,0.0,5年期国债期货,CFFEX,TF0
2021-12-09,99.765,99.94,99.655,99.855,68392,143373,0.0,10年期国债期货,CFFEX,T0
2021-12-09,100.75,100.81,100.735,100.79,8899,34468,0.0,2年期国债期货,CFFEX,TS0
2021-12-09,100.99,101.14,100.94,101.065,23664,69171,0.0,5年期国债期货,CFFEX,TF0
2021-12-10,99.93,100.07,99.915,100.015,54030,143651,0.0,10年期国债期货,CFFEX,T0
2021-12-10,100.795,100.825,100.795,100.81,15053,35384,0.0,2年期国债期货,CFFEX,TS0
2021-12-10,101.1,101.185,101.1,101.155,19474,71443,0.0,5年期国债期货,CFFEX,TF0
2021-12-13,99.95,100.04,99.715,99.91,75380,145982,0.0,10年期国债期货,CFFEX,T0
2021-12-13,100.815,100.845,100.785,100.84,11460,36296,0.0,2年期国债期货,CFFEX,TS0
2021-12-13,101.12,101.205,101.06,101.17,29429,72732,0.0,5年期国债期货,CFFEX,TF0
2021-12-14,99.96,100.185,99.96,100.105,62767,150088,0.0,10年期国债期货,CFFEX,T0
2021-12-14,100.85,100.925,100.85,100.895,17681,39941,0.0,2年期国债期货,CFFEX,TS0
2021-12-14,101.2,101.355,101.2,101.27,29557,78545,0.0,5年期国债期货,CFFEX,TF0
2021-12-15,100.005,100.18,99.96,100.145,50745,149461,0.0,10年期国债期货,CFFEX,T0
2021-12-15,100.875,100.925,100.8,100.92,11510,41013,0.0,2年期国债期货,CFFEX,TS0
2021-12-15,101.22,101.35,101.185,101.335,21343,79657,0.0,5年期国债期货,CFFEX,TF0
2021-12-16,100.065,100.08,99.86,99.975,62742,147271,0.0,10年期国债期货,CFFEX,T0
2021-12-16,100.91,100.92,100.87,100.895,12599,41886,0.0,2年期国债期货,CFFEX,TS0
2021-12-16,101.3,101.31,101.21,101.265,23126,78799,0.0,5年期国债期货,CFFEX,TF0
2021-12-17,99.97,100.24,99.915,100.08,77415,153202,0.0,10年期国债期货,CFFEX,T0
2021-12-17,100.895,100.945,100.885,100.89,16107,42537,0.0,2年期国债期货,CFFEX,TS0
2021-12-17,101.275,101.38,101.235,101.265,27608,81663,0.0,5年期国债期货,CFFEX,TF0
2021-12-20,100.005,100.155,99.855,100.055,62042,153138,0.0,10年期国债期货,CFFEX,T0
2021-12-20,100.89,100.89,100.79,100.845,17504,42157,0.0,2年期国债期货,CFFEX,TS0
2021-12-20,101.235,101.275,101.1,101.205,24519,83109,0.0,5年期国债期货,CFFEX,TF0
2021-12-21,100.015,100.105,99.92,100.1,59370,153363,0.0,10年期国债期货,CFFEX,T0
2021-12-21,100.84,100.85,100.805,100.85,22359,41939,0.0,2年期国债期货,CFFEX,TS0
2021-12-21,101.18,101.24,101.125,101.235,24799,82818,0.0,5年期国债期货,CFFEX,TF0
2021-12-22,100.06,100.325,100.04,100.315,68816,163013,0.0,10年期国债期货,CFFEX,T0
2021-12-22,100.845,100.91,100.835,100.905,22845,43014,0.0,2年期国债期货,CFFEX,TS0
2021-12-22,101.215,101.375,101.195,101.37,28931,85447,0.0,5年期国债期货,CFFEX,TF0
2021-12-23,100.325,100.5,100.3,100.485,61897,171219,0.0,10年期国债期货,CFFEX,T0
2021-12-23,100.91,100.96,100.905,100.95,21697,45688,0.0,2年期国债期货,CFFEX,TS0
2021-12-23,101.39,101.49,101.37,101.485,24432,87914,0.0,5年期国债期货,CFFEX,TF0
2021-12-24,100.445,100.52,100.33,100.375,50852,167664,0.0,10年期国债期货,CFFEX,T0
2021-12-24,100.96,100.975,100.91,100.92,18458,46387,0.0,2年期国债期货,CFFEX,TS0
2021-12-24,101.47,101.525,101.4,101.4,20773,88543,0.0,5年期国债期货,CFFEX,TF0
2021-12-27,100.47,100.67,100.395,100.465,65056,169115,0.0,10年期国债期货,CFFEX,T0
2021-12-27,100.93,100.995,100.925,100.95,22186,47293,0.0,2年期国债期货,CFFEX,TS0
2021-12-27,101.455,101.585,101.42,101.47,28578,88165,0.0,5年期国债期货,CFFEX,TF0
2021-12-28,100.55,100.58,100.405,100.53,46854,169410,0.0,10年期国债期货,CFFEX,T0
2021-12-28,100.965,100.98,100.925,100.96,18887,46549,0.0,2年期国债期货,CFFEX,TS0
2021-12-28,101.53,101.54,101.42,101.485,22389,86838,0.0,5年期国债期货,CFFEX,TF0
2021-12-29,100.615,100.68,100.535,100.635,51661,170901,0.0,10年期国债期货,CFFEX,T0
2021-12-29,100.985,101.01,100.97,101.005,13432,46546,0.0,2年期国债期货,CFFEX,TS0
2021-12-29,101.53,101.6,101.51,101.595,19090,88038,0.0,5年期国债期货,CFFEX,TF0
2021-12-30,100.59,100.85,100.51,100.85,56609,175505,0.0,10年期国债期货,CFFEX,T0
2021-12-30,100.99,101.08,100.985,101.07,15854,46968,0.0,2年期国债期货,CFFEX,TS0
2021-12-30,101.59,101.745,101.545,101.745,21104,89093,0.0,5年期国债期货,CFFEX,TF0
2021-12-31,100.705,100.835,100.67,100.735,52131,169952,0.0,10年期国债期货,CFFEX,T0
2021-12-31,101.025,101.11,100.965,101.08,15615,48863,0.0,2年期国债期货,CFFEX,TS0
2021-12-31,101.67,101.77,101.635,101.71,21314,86029,0.0,5年期国债期货,CFFEX,TF0
2022-01-04,100.63,100.755,100.525,100.75,62088,169685,0.0,10年期国债期货,CFFEX,T0
2022-01-04,101.06,101.09,101.02,101.085,11554,49090,0.0,2年期国债期货,CFFEX,TS0
2022-01-04,101.66,101.715,101.575,101.715,23376,86831,0.0,5年期国债期货,CFFEX,TF0
2022-01-05,100.7,100.73,100.53,100.6,57614,167089,0.0,10年期国债期货,CFFEX,T0
2022-01-05,101.08,101.085,101.045,101.055,12058,48798,0.0,2年期国债期货,CFFEX,TS0
2022-01-05,101.7,101.72,101.6,101.62,24978,86934,0.0,5年期国债期货,CFFEX,TF0
2022-01-06,100.495,100.5,100.35,100.39,70477,163061,0.0,10年期国债期货,CFFEX,T0
2022-01-06,101.05,101.05,100.985,100.985,15275,46922,0.0,2年期国债期货,CFFEX,TS0
2022-01-06,101.52,101.555,101.47,101.49,28607,86314,0.0,5年期国债期货,CFFEX,TF0
2022-01-07,100.38,100.48,100.33,100.41,51187,160867,0.0,10年期国债期货,CFFEX,T0
2022-01-07,100.985,101.0,100.955,100.99,14495,46369,0.0,2年期国债期货,CFFEX,TS0
2022-01-07,101.47,101.535,101.43,101.49,26867,83294,0.0,5年期国债期货,CFFEX,TF0
2022-01-10,100.48,100.605,100.455,100.55,51591,160557,0.0,10年期国债期货,CFFEX,T0
2022-01-10,101.005,101.055,101.005,101.035,8941,45757,0.0,2年期国债期货,CFFEX,TS0
2022-01-10,101.555,101.635,101.53,101.61,21849,83735,0.0,5年期国债期货,CFFEX,TF0
2022-01-11,100.525,100.715,100.46,100.69,57865,163131,0.0,10年期国债期货,CFFEX,T0
2022-01-11,101.025,101.085,101.025,101.075,9602,46185,0.0,2年期国债期货,CFFEX,TS0
2022-01-11,101.6,101.73,101.56,101.69,27632,84706,0.0,5年期国债期货,CFFEX,TF0
2022-01-12,100.715,100.815,100.615,100.635,64971,155893,0.0,10年期国债期货,CFFEX,T0
2022-01-12,101.085,101.11,101.065,101.065,11060,46181,0.0,2年期国债期货,CFFEX,TS0
2022-01-12,101.705,101.775,101.67,101.675,25360,83267,0.0,5年期国债期货,CFFEX,TF0
2022-01-13,100.625,100.74,100.59,100.63,52859,154491,0.0,10年期国债期货,CFFEX,T0
2022-01-13,101.07,101.085,101.03,101.06,12717,46382,0.0,2年期国债期货,CFFEX,TS0
2022-01-13,101.65,101.74,101.63,101.68,24548,84321,0.0,5年期国债期货,CFFEX,TF0
2022-01-14,100.69,100.79,100.61,100.675,64448,159236,0.0,10年期国债期货,CFFEX,T0
2022-01-14,101.095,101.095,101.04,101.05,13998,46299,0.0,2年期国债期货,CFFEX,TS0
2022-01-14,101.7,101.755,101.62,101.665,30917,84528,0.0,5年期国债期货,CFFEX,TF0
2022-01-17,100.85,101.02,100.695,100.73,79148,158276,0.0,10年期国债期货,CFFEX,T0
2022-01-17,101.085,101.155,101.085,101.12,21314,47270,0.0,2年期国债期货,CFFEX,TS0
2022-01-17,101.85,101.905,101.745,101.8,41362,85353,0.0,5年期国债期货,CFFEX,TF0
2022-01-18,100.805,101.085,100.805,101.055,71717,160584,0.0,10年期国债期货,CFFEX,T0
2022-01-18,101.15,101.29,101.15,101.275,16251,49486,0.0,2年期国债期货,CFFEX,TS0
2022-01-18,101.84,102.175,101.84,102.155,38134,87743,0.0,5年期国债期货,CFFEX,TF0
2022-01-19,101.375,101.405,101.215,101.245,68192,154041,0.0,10年期国债期货,CFFEX,T0
2022-01-19,101.31,101.38,101.31,101.325,17528,50814,0.0,2年期国债期货,CFFEX,TS0
2022-01-19,102.305,102.39,102.25,102.275,42188,89643,0.0,5年期国债期货,CFFEX,TF0
2022-01-20,101.255,101.285,101.13,101.205,48368,151434,0.0,10年期国债期货,CFFEX,T0
2022-01-20,101.34,101.355,101.315,101.34,10487,50279,0.0,2年期国债期货,CFFEX,TS0
2022-01-20,102.32,102.34,102.25,102.31,29399,90084,0.0,5年期国债期货,CFFEX,TF0
2022-01-21,101.275,101.4,101.21,101.38,51363,152012,0.0,10年期国债期货,CFFEX,T0
2022-01-21,101.345,101.445,101.34,101.44,11942,51767,0.0,2年期国债期货,CFFEX,TS0
2022-01-21,102.34,102.52,102.32,102.505,29192,91521,0.0,5年期国债期货,CFFEX,TF0
2022-01-24,101.56,101.58,101.36,101.5,55110,147470,0.0,10年期国债期货,CFFEX,T0
2022-01-24,101.5,101.5,101.45,101.465,11332,51467,0.0,2年期国债期货,CFFEX,TS0
2022-01-24,102.58,102.7,102.545,102.62,34586,91809,0.0,5年期国债期货,CFFEX,TF0
2022-01-25,101.495,101.525,101.35,101.52,52477,143589,0.0,10年期国债期货,CFFEX,T0
2022-01-25,101.47,101.47,101.375,101.385,13087,48903,0.0,2年期国债期货,CFFEX,TS0
2022-01-25,102.62,102.62,102.465,102.51,37653,91655,0.0,5年期国债期货,CFFEX,TF0
2022-01-26,101.395,101.445,101.165,101.245,69214,138527,0.0,10年期国债期货,CFFEX,T0
2022-01-26,101.35,101.36,101.295,101.345,15956,47268,0.0,2年期国债期货,CFFEX,TS0
2022-01-26,102.425,102.455,102.275,102.325,42087,86464,0.0,5年期国债期货,CFFEX,TF0
2022-01-27,101.19,101.29,101.06,101.115,52619,136549,0.0,10年期国债期货,CFFEX,T0
2022-01-27,101.335,101.38,101.295,101.345,12694,46350,0.0,2年期国债期货,CFFEX,TS0
2022-01-27,102.285,102.39,102.2,102.25,38316,85114,0.0,5年期国债期货,CFFEX,TF0
2022-01-28,101.2,101.44,101.07,101.415,56506,134480,0.0,10年期国债期货,CFFEX,T0
2022-01-28,101.37,101.465,101.365,101.465,9885,46052,0.0,2年期国债期货,CFFEX,TS0
2022-01-28,102.285,102.535,102.285,102.535,32275,81112,0.0,5年期国债期货,CFFEX,TF0
2022-02-07,101.23,101.31,100.9,101.17,66027,126505,0.0,10年期国债期货,CFFEX,T0
2022-02-07,101.45,101.45,101.28,101.405,10700,45398,0.0,2年期国债期货,CFFEX,TS0
2022-02-07,102.37,102.455,102.21,102.38,31386,77539,0.0,5年期国债期货,CFFEX,TF0
2022-02-08,101.24,101.35,101.13,101.195,53826,122160,0.0,10年期国债期货,CFFEX,T0
2022-02-08,101.43,101.445,101.365,101.37,14328,43430,0.0,2年期国债期货,CFFEX,TS0
2022-02-08,102.415,102.495,102.35,102.375,30268,72147,0.0,5年期国债期货,CFFEX,TF0
2022-02-09,101.13,101.19,101.045,101.12,58255,118603,0.0,10年期国债期货,CFFEX,T0
2022-02-09,101.35,101.36,101.31,101.335,17339,40084,0.0,2年期国债期货,CFFEX,TS0
2022-02-09,102.295,102.335,102.25,102.27,28304,68804,0.0,5年期国债期货,CFFEX,TF0
2022-02-10,101.17,101.215,101.05,101.085,48588,113108,0.0,10年期国债期货,CFFEX,T0
2022-02-10,101.35,101.37,101.34,101.35,11825,38822,0.0,2年期国债期货,CFFEX,TS0
2022-02-10,102.29,102.36,102.265,102.275,25596,65622,0.0,5年期国债期货,CFFEX,TF0
2022-02-11,100.75,100.8,100.54,100.65,93098,95093,0.0,10年期国债期货,CFFEX,T0
2022-02-11,101.28,101.295,101.21,101.23,23763,34931,0.0,2年期国债期货,CFFEX,TS0
2022-02-11,101.98,102.05,101.825,101.915,50430,57441,0.0,5年期国债期货,CFFEX,TF0
2022-02-14,100.7,100.75,100.52,100.535,58811,81905,0.0,10年期国债期货,CFFEX,T0
2022-02-14,101.245,101.26,101.2,101.21,13277,33606,0.0,2年期国债期货,CFFEX,TS0
2022-02-14,101.97,102.03,101.845,101.85,28213,49759,0.0,5年期国债期货,CFFEX,TF0
2022-02-15,100.585,100.68,100.525,100.53,61070,64127,0.0,10年期国债期货,CFFEX,T0
2022-02-15,101.21,101.235,101.175,101.215,11016,31075,0.0,2年期国债期货,CFFEX,TS0
2022-02-15,101.875,101.94,101.745,101.855,35593,39309,0.0,5年期国债期货,CFFEX,TF0
2022-02-16,100.61,100.69,100.505,100.66,52527,52228,0.0,10年期国债期货,CFFEX,T0
2022-02-16,101.18,101.23,101.175,101.22,20694,27168,0.0,2年期国债期货,CFFEX,TS0
2022-02-16,101.875,101.9,101.785,101.865,26305,33176,0.0,5年期国债期货,CFFEX,TF0
2022-02-17,100.45,100.49,100.34,100.39,61441,126283,0.0,10年期国债期货,CFFEX,T0
2022-02-17,101.24,101.265,101.215,101.22,14378,24011,0.0,2年期国债期货,CFFEX,TS0
2022-02-17,101.71,101.81,101.64,101.67,32644,80365,0.0,5年期国债期货,CFFEX,TF0
2022-02-18,100.345,100.49,100.21,100.22,66926,135180,0.0,10年期国债期货,CFFEX,T0
2022-02-18,101.21,101.235,101.185,101.19,12327,21615,0.0,2年期国债期货,CFFEX,TS0
2022-02-18,101.63,101.71,101.5,101.52,34154,83381,0.0,5年期国债期货,CFFEX,TF0
2022-02-21,100.145,100.24,99.76,99.79,96764,149944,0.0,10年期国债期货,CFFEX,T0
2022-02-21,101.165,101.19,101.085,101.115,10273,17678,0.0,2年期国债期货,CFFEX,TS0
2022-02-21,101.46,101.52,101.205,101.23,45255,85955,0.0,5年期国债期货,CFFEX,TF0
2022-02-22,99.88,99.95,99.76,99.825,85369,155321,0.0,10年期国债期货,CFFEX,T0
2022-02-22,101.115,101.15,101.0,101.025,17624,28006,0.0,2年期国债期货,CFFEX,TS0
2022-02-22,101.255,101.3,101.085,101.155,50197,89590,0.0,5年期国债期货,CFFEX,TF0
2022-02-23,99.995,100.06,99.91,100.005,75457,158663,0.0,10年期国债期货,CFFEX,T0
2022-02-23,101.06,101.12,101.06,101.11,11393,28836,0.0,2年期国债期货,CFFEX,TS0
2022-02-23,101.26,101.38,101.26,101.345,36040,87235,0.0,5年期国债期货,CFFEX,TF0
2022-02-24,100.135,100.25,100.015,100.055,96150,160038,0.0,10年期国债期货,CFFEX,T0
2022-02-24,101.13,101.16,101.105,101.115,11407,30173,0.0,2年期国债期货,CFFEX,TS0
2022-02-24,101.42,101.48,101.355,101.385,38403,87608,0.0,5年期国债期货,CFFEX,TF0
2022-02-25,100.0,100.225,99.975,100.215,63624,161510,0.0,10年期国债期货,CFFEX,T0
2022-02-25,101.1,101.185,101.085,101.165,10146,30371,0.0,2年期国债期货,CFFEX,TS0
2022-02-25,101.35,101.475,101.315,101.455,28814,88613,0.0,5年期国债期货,CFFEX,TF0
2022-02-28,100.25,100.35,100.205,100.235,54191,161485,0.0,10年期国债期货,CFFEX,T0
2022-02-28,101.17,101.23,101.17,101.195,11369,30175,0.0,2年期国债期货,CFFEX,TS0
2022-02-28,101.5,101.555,101.47,101.485,29664,87396,0.0,5年期国债期货,CFFEX,TF0
2022-03-01,100.275,100.295,99.96,99.99,75854,165358,0.0,10年期国债期货,CFFEX,T0
2022-03-01,101.205,101.22,101.14,101.145,15379,32193,0.0,2年期国债期货,CFFEX,TS0
2022-03-01,101.515,101.53,101.32,101.355,34919,87542,0.0,5年期国债期货,CFFEX,TF0
2022-03-02,99.87,99.98,99.835,99.915,70813,167906,0.0,10年期国债期货,CFFEX,T0
2022-03-02,101.11,101.155,101.095,101.125,13931,32860,0.0,2年期国债期货,CFFEX,TS0
2022-03-02,101.27,101.345,101.24,101.28,30508,88256,0.0,5年期国债期货,CFFEX,TF0
2022-03-03,99.875,99.91,99.56,99.59,95956,172788,0.0,10年期国债期货,CFFEX,T0
2022-03-03,101.105,101.12,101.02,101.03,25253,35700,0.0,2年期国债期货,CFFEX,TS0
2022-03-03,101.225,101.265,101.025,101.05,58535,94042,0.0,5年期国债期货,CFFEX,TF0
2022-03-04,99.74,99.855,99.58,99.795,87601,171437,0.0,10年期国债期货,CFFEX,T0
2022-03-04,101.06,101.075,101.015,101.05,23793,34512,0.0,2年期国债期货,CFFEX,TS0
2022-03-04,101.125,101.24,101.06,101.195,50122,94663,0.0,5年期国债期货,CFFEX,TF0
2022-03-07,99.68,99.985,99.605,99.88,102839,172834,0.0,10年期国债期货,CFFEX,T0
2022-03-07,101.03,101.155,101.015,101.135,19106,35015,0.0,2年期国债期货,CFFEX,TS0
2022-03-07,101.125,101.405,101.11,101.34,53756,96622,0.0,5年期国债期货,CFFEX,TF0
2022-03-08,99.88,100.035,99.87,99.99,70970,174298,0.0,10年期国债期货,CFFEX,T0
2022-03-08,101.135,101.2,101.135,101.18,17224,35920,0.0,2年期国债期货,CFFEX,TS0
2022-03-08,101.38,101.49,101.335,101.455,43995,96975,0.0,5年期国债期货,CFFEX,TF0
2022-03-09,99.825,99.855,99.55,99.745,107449,177077,0.0,10年期国债期货,CFFEX,T0
2022-03-09,101.155,101.155,101.045,101.11,21398,36581,0.0,2年期国债期货,CFFEX,TS0
2022-03-09,101.27,101.375,101.175,101.31,61836,97824,0.0,5年期国债期货,CFFEX,TF0
2022-03-10,99.83,99.9,99.64,99.65,65468,178895,0.0,10年期国债期货,CFFEX,T0
2022-03-10,101.12,101.165,101.085,101.095,13270,36461,0.0,2年期国债期货,CFFEX,TS0
2022-03-10,101.36,101.415,101.235,101.25,37612,98286,0.0,5年期国债期货,CFFEX,TF0
2022-03-11,99.65,100.28,99.53,100.22,150680,177981,0.0,10年期国债期货,CFFEX,T0
2022-03-11,101.055,101.285,101.03,101.25,28936,38819,0.0,2年期国债期货,CFFEX,TS0
2022-03-11,101.25,101.74,101.11,101.66,76205,99319,0.0,5年期国债期货,CFFEX,TF0
2022-03-14,100.5,100.7,100.49,100.675,118423,167478,0.0,10年期国债期货,CFFEX,T0
2022-03-14,101.32,101.4,101.3,101.355,30309,38647,0.0,2年期国债期货,CFFEX,TS0
2022-03-14,101.9,101.98,101.79,101.87,58018,95133,0.0,5年期国债期货,CFFEX,TF0
2022-03-15,100.37,100.68,100.1,100.205,150437,171292,0.0,10年期国债期货,CFFEX,T0
2022-03-15,101.25,101.31,101.13,101.16,20455,36693,0.0,2年期国债期货,CFFEX,TS0
2022-03-15,101.61,101.79,101.355,101.455,77434,96908,0.0,5年期国债期货,CFFEX,TF0
2022-03-16,100.175,100.6,99.965,100.36,123701,166806,0.0,10年期国债期货,CFFEX,T0
2022-03-16,101.155,101.25,101.045,101.175,21002,38206,0.0,2年期国债期货,CFFEX,TS0
2022-03-16,101.365,101.7,101.235,101.505,68991,96088,0.0,5年期国债期货,CFFEX,TF0
2022-03-17,100.36,100.42,100.25,100.38,64750,166900,0.0,10年期国债期货,CFFEX,T0
2022-03-17,101.195,101.215,101.145,101.175,11342,39652,0.0,2年期国债期货,CFFEX,TS0
2022-03-17,101.58,101.59,101.445,101.585,33175,95482,0.0,5年期国债期货,CFFEX,TF0
2022-03-18,100.445,100.59,100.325,100.52,60925,168459,0.0,10年期国债期货,CFFEX,T0
2022-03-18,101.18,101.28,101.175,101.26,14565,39861,0.0,2年期国债期货,CFFEX,TS0
2022-03-18,101.63,101.77,101.575,101.715,30602,95319,0.0,5年期国债期货,CFFEX,TF0
2022-03-21,100.4,100.46,100.315,100.365,52064,168200,0.0,10年期国债期货,CFFEX,T0
2022-03-21,101.23,101.235,101.17,101.18,11938,39276,0.0,2年期国债期货,CFFEX,TS0
2022-03-21,101.64,101.645,101.525,101.545,21785,95383,0.0,5年期国债期货,CFFEX,TF0
2022-03-22,100.215,100.215,100.015,100.035,76008,166123,0.0,10年期国债期货,CFFEX,T0
2022-03-22,101.145,101.145,101.105,101.11,14827,39246,0.0,2年期国债期货,CFFEX,TS0
2022-03-22,101.42,101.43,101.335,101.35,33171,97710,0.0,5年期国债期货,CFFEX,TF0
2022-03-23,100.11,100.285,100.08,100.15,68096,163705,0.0,10年期国债期货,CFFEX,T0
2022-03-23,101.125,101.17,101.115,101.125,13056,39258,0.0,2年期国债期货,CFFEX,TS0
2022-03-23,101.38,101.54,101.37,101.425,31132,98411,0.0,5年期国债期货,CFFEX,TF0
2022-03-24,100.13,100.36,100.045,100.345,63951,165441,0.0,10年期国债期货,CFFEX,T0
2022-03-24,101.125,101.16,101.09,101.16,10439,39479,0.0,2年期国债期货,CFFEX,TS0
2022-03-24,101.415,101.53,101.34,101.525,27804,98790,0.0,5年期国债期货,CFFEX,TF0
2022-03-25,100.28,100.43,100.255,100.41,53991,164278,0.0,10年期国债期货,CFFEX,T0
2022-03-25,101.16,101.18,101.14,101.175,11917,40275,0.0,2年期国债期货,CFFEX,TS0
2022-03-25,101.5,101.605,101.48,101.585,29200,101552,0.0,5年期国债期货,CFFEX,TF0
2022-03-28,100.48,100.515,100.35,100.405,52660,162801,0.0,10年期国债期货,CFFEX,T0
2022-03-28,101.19,101.235,101.145,101.155,9985,40148,0.0,2年期国债期货,CFFEX,TS0
2022-03-28,101.64,101.69,101.505,101.55,24082,99962,0.0,5年期国债期货,CFFEX,TF0
2022-03-29,100.44,100.495,100.355,100.42,46728,162662,0.0,10年期国债期货,CFFEX,T0
2022-03-29,101.155,101.175,101.135,101.155,8714,40065,0.0,2年期国债期货,CFFEX,TS0
2022-03-29,101.525,101.6,101.49,101.525,24550,101876,0.0,5年期国债期货,CFFEX,TF0
2022-03-30,100.53,100.715,100.47,100.665,60935,166987,0.0,10年期国债期货,CFFEX,T0
2022-03-30,101.165,101.24,101.16,101.22,11981,40707,0.0,2年期国债期货,CFFEX,TS0
2022-03-30,101.6,101.74,101.555,101.69,34724,103977,0.0,5年期国债期货,CFFEX,TF0
2022-03-31,100.58,100.65,100.355,100.44,58157,163301,0.0,10年期国债期货,CFFEX,T0
2022-03-31,101.22,101.225,101.185,101.195,13215,42086,0.0,2年期国债期货,CFFEX,TS0
2022-03-31,101.64,101.695,101.545,101.58,27695,102144,0.0,5年期国债期货,CFFEX,TF0
2022-04-01,100.49,100.66,100.455,100.565,52848,165139,0.0,10年期国债期货,CFFEX,T0
2022-04-01,101.22,101.285,101.205,101.25,12782,42998,0.0,2年期国债期货,CFFEX,TS0
2022-04-01,101.6,101.745,101.59,101.695,29130,104097,0.0,5年期国债期货,CFFEX,TF0
2022-04-06,100.565,100.74,100.565,100.67,46795,166174,0.0,10年期国债期货,CFFEX,T0
2022-04-06,101.29,101.315,101.255,101.285,8641,43086,0.0,2年期国债期货,CFFEX,TS0
2022-04-06,101.72,101.815,101.685,101.77,26184,103467,0.0,5年期国债期货,CFFEX,TF0
2022-04-07,100.74,100.925,100.685,100.865,54167,169468,0.0,10年期国债期货,CFFEX,T0
2022-04-07,101.305,101.365,101.29,101.35,11077,44884,0.0,2年期国债期货,CFFEX,TS0
2022-04-07,101.81,101.94,101.78,101.885,27451,106488,0.0,5年期国债期货,CFFEX,TF0
2022-04-08,100.845,100.92,100.725,100.78,50424,169000,0.0,10年期国债期货,CFFEX,T0
2022-04-08,101.345,101.36,101.275,101.305,10920,44827,0.0,2年期国债期货,CFFEX,TS0
2022-04-08,101.885,101.93,101.755,101.815,31660,104825,0.0,5年期国债期货,CFFEX,TF0
2022-04-11,100.805,100.85,100.58,100.61,61045,167695,0.0,10年期国债期货,CFFEX,T0
2022-04-11,101.32,101.32,101.225,101.235,10388,44553,0.0,2年期国债期货,CFFEX,TS0
2022-04-11,101.82,101.84,101.635,101.665,29474,103322,0.0,5年期国债期货,CFFEX,TF0
2022-04-12,100.655,100.99,100.36,100.51,114210,163719,0.0,10年期国债期货,CFFEX,T0
2022-04-12,101.245,101.385,101.195,101.235,15613,44454,0.0,2年期国债期货,CFFEX,TS0
2022-04-12,101.7,102.015,101.545,101.605,49616,102812,0.0,5年期国债期货,CFFEX,TF0
2022-04-13,100.57,100.685,100.56,100.67,46830,163329,0.0,10年期国债期货,CFFEX,T0
2022-04-13,101.225,101.275,101.22,101.26,12385,45348,0.0,2年期国债期货,CFFEX,TS0
2022-04-13,101.66,101.76,101.65,101.73,29290,104319,0.0,5年期国债期货,CFFEX,TF0
2022-04-14,100.775,100.84,100.645,100.685,53901,164766,0.0,10年期国债期货,CFFEX,T0
2022-04-14,101.32,101.35,101.29,101.3,14887,46267,0.0,2年期国债期货,CFFEX,TS0
2022-04-14,101.805,101.88,101.76,101.785,37931,104765,0.0,5年期国债期货,CFFEX,TF0
2022-04-15,100.61,100.82,100.575,100.65,71349,165571,0.0,10年期国债期货,CFFEX,T0
2022-04-15,101.285,101.4,101.275,101.335,24298,48268,0.0,2年期国债期货,CFFEX,TS0
2022-04-15,101.75,101.945,101.73,101.815,43475,107756,0.0,5年期国债期货,CFFEX,TF0
2022-04-18,100.48,100.495,100.215,100.235,84775,162981,0.0,10年期国债期货,CFFEX,T0
2022-04-18,101.25,101.295,101.23,101.25,17785,48787,0.0,2年期国债期货,CFFEX,TS0
2022-04-18,101.66,101.665,101.535,101.555,44551,102450,0.0,5年期国债期货,CFFEX,TF0
2022-04-19,100.31,100.33,100.12,100.19,58659,163200,0.0,10年期国债期货,CFFEX,T0
2022-04-19,101.255,101.295,101.21,101.225,15446,48907,0.0,2年期国债期货,CFFEX,TS0
2022-04-19,101.6,101.645,101.475,101.51,33400,102970,0.0,5年期国债期货,CFFEX,TF0
2022-04-20,100.13,100.205,100.085,100.17,70307,162296,0.0,10年期国债期货,CFFEX,T0
2022-04-20,101.21,101.225,101.17,101.195,32475,46355,0.0,2年期国债期货,CFFEX,TS0
2022-04-20,101.515,101.515,101.35,101.425,55715,97216,0.0,5年期国债期货,CFFEX,TF0
2022-04-21,100.185,100.29,100.175,100.245,49943,162755,0.0,10年期国债期货,CFFEX,T0
2022-04-21,101.2,101.22,101.185,101.21,17803,45980,0.0,2年期国债期货,CFFEX,TS0
2022-04-21,101.45,101.5,101.415,101.48,26598,95842,0.0,5年期国债期货,CFFEX,TF0
2022-04-22,100.215,100.25,100.015,100.1,63673,166691,0.0,10年期国债期货,CFFEX,T0
2022-04-22,101.205,101.215,101.125,101.145,24348,43694,0.0,2年期国债期货,CFFEX,TS0
2022-04-22,101.47,101.48,101.305,101.345,35651,97615,0.0,5年期国债期货,CFFEX,TF0
2022-04-25,100.18,100.355,100.18,100.33,66516,159347,0.0,10年期国债期货,CFFEX,T0
2022-04-25,101.175,101.21,101.16,101.195,16181,42418,0.0,2年期国债期货,CFFEX,TS0
2022-04-25,101.41,101.51,101.38,101.455,30773,95411,0.0,5年期国债期货,CFFEX,TF0
2022-04-26,100.325,100.33,100.225,100.275,49363,155729,0.0,10年期国债期货,CFFEX,T0
2022-04-26,101.19,101.21,101.16,101.18,15080,40825,0.0,2年期国债期货,CFFEX,TS0
2022-04-26,101.47,101.475,101.375,101.41,25726,95001,0.0,5年期国债期货,CFFEX,TF0
2022-04-27,100.21,100.255,100.125,100.19,61910,155025,0.0,10年期国债期货,CFFEX,T0
2022-04-27,101.16,101.165,101.1,101.11,21787,39498,0.0,2年期国债期货,CFFEX,TS0
2022-04-27,101.35,101.395,101.31,101.34,28486,94166,0.0,5年期国债期货,CFFEX,TF0
2022-04-28,100.13,100.145,100.045,100.075,63034,153328,0.0,10年期国债期货,CFFEX,T0
2022-04-28,101.095,101.1,101.025,101.06,20579,37390,0.0,2年期国债期货,CFFEX,TS0
2022-04-28,101.305,101.33,101.235,101.29,28746,92499,0.0,5年期国债期货,CFFEX,TF0
2022-04-29,100.125,100.335,100.12,100.3,73217,151252,0.0,10年期国债期货,CFFEX,T0
2022-04-29,101.095,101.14,101.065,101.135,19973,38008,0.0,2年期国债期货,CFFEX,TS0
2022-04-29,101.325,101.475,101.325,101.455,32421,90262,0.0,5年期国债期货,CFFEX,TF0
2022-05-05,100.26,100.47,100.25,100.45,48326,149081,0.0,10年期国债期货,CFFEX,T0
2022-05-05,101.13,101.15,101.11,101.145,10546,37358,0.0,2年期国债期货,CFFEX,TS0
2022-05-05,101.455,101.545,101.435,101.515,22424,87641,0.0,5年期国债期货,CFFEX,TF0
2022-05-06,100.42,100.53,100.305,100.5,63678,141219,0.0,10年期国债期货,CFFEX,T0
2022-05-06,101.14,101.14,101.065,101.12,21684,33902,0.0,2年期国债期货,CFFEX,TS0
2022-05-06,101.52,101.54,101.385,101.51,30449,83668,0.0,5年期国债期货,CFFEX,TF0
2022-05-09,100.5,100.595,100.45,100.59,39539,135426,0.0,10年期国债期货,CFFEX,T0
2022-05-09,101.145,101.145,101.11,101.145,19262,30944,0.0,2年期国债期货,CFFEX,TS0
2022-05-09,101.53,101.58,101.46,101.57,21622,80954,0.0,5年期国债期货,CFFEX,TF0
2022-05-10,100.685,100.715,100.59,100.705,51495,128039,0.0,10年期国债期货,CFFEX,T0
2022-05-10,101.165,101.23,101.165,101.22,16046,27641,0.0,2年期国债期货,CFFEX,TS0
2022-05-10,101.625,101.695,101.615,101.68,30470,74484,0.0,5年期国债期货,CFFEX,TF0
2022-05-11,100.61,100.655,100.47,100.57,51921,121358,0.0,10年期国债期货,CFFEX,T0
2022-05-11,101.205,101.205,101.145,101.18,15916,25671,0.0,2年期国债期货,CFFEX,TS0
2022-05-11,101.635,101.645,101.51,101.58,31222,67695,0.0,5年期国债期货,CFFEX,TF0
2022-05-12,100.63,100.715,100.575,100.685,46828,115630,0.0,10年期国债期货,CFFEX,T0
2022-05-12,101.185,101.24,101.185,101.225,13220,24396,0.0,2年期国债期货,CFFEX,TS0
2022-05-12,101.615,101.715,101.59,101.695,28678,63572,0.0,5年期国债期货,CFFEX,TF0
2022-05-13,100.75,100.795,100.55,100.57,50454,108195,0.0,10年期国债期货,CFFEX,T0
2022-05-13,101.255,101.275,101.215,101.215,16435,24159,0.0,2年期国债期货,CFFEX,TS0
2022-05-13,101.72,101.77,101.625,101.63,26556,60091,0.0,5年期国债期货,CFFEX,TF0
2022-05-16,100.49,100.63,100.445,100.625,47966,97213,0.0,10年期国债期货,CFFEX,T0
2022-05-16,101.18,101.255,101.17,101.25,10560,22635,0.0,2年期国债期货,CFFEX,TS0
2022-05-16,101.55,101.72,101.545,101.71,29417,55362,0.0,5年期国债期货,CFFEX,TF0
2022-05-17,100.695,100.705,100.61,100.655,34144,89000,0.0,10年期国债期货,CFFEX,T0
2022-05-17,101.25,101.3,101.25,101.29,9368,21513,0.0,2年期国债期货,CFFEX,TS0
2022-05-17,101.71,101.795,101.71,101.77,23007,50834,0.0,5年期国债期货,CFFEX,TF0
2022-05-18,100.67,100.8,100.54,100.77,42261,76054,0.0,10年期国债期货,CFFEX,T0
2022-05-18,101.29,101.34,101.28,101.335,9075,18795,0.0,2年期国债期货,CFFEX,TS0
2022-05-18,101.795,101.875,101.72,101.85,27371,41873,0.0,5年期国债期货,CFFEX,TF0
2022-05-19,100.45,100.51,100.28,100.38,66160,132395,0.0,10年期国债期货,CFFEX,T0
2022-05-19,101.115,101.145,101.045,101.065,14803,34022,0.0,2年期国债期货,CFFEX,TS0
2022-05-19,101.62,101.64,101.455,101.505,42801,83538,0.0,5年期国债期货,CFFEX,TF0
2022-05-20,100.26,100.32,100.19,100.275,66909,139968,0.0,10年期国债期货,CFFEX,T0
2022-05-20,101.025,101.06,101.015,101.05,14654,34972,0.0,2年期国债期货,CFFEX,TS0
2022-05-20,101.435,101.485,101.405,101.475,31330,86839,0.0,5年期国债期货,CFFEX,TF0
2022-05-23,100.35,100.495,100.35,100.48,51662,144695,0.0,10年期国债期货,CFFEX,T0
2022-05-23,101.08,101.1,101.065,101.095,10924,35302,0.0,2年期国债期货,CFFEX,TS0
2022-05-23,101.56,101.59,101.505,101.57,25295,90205,0.0,5年期国债期货,CFFEX,TF0
2022-05-24,100.44,100.55,100.43,100.515,46424,149162,0.0,10年期国债期货,CFFEX,T0
2022-05-24,101.095,101.11,101.045,101.06,15079,37140,0.0,2年期国债期货,CFFEX,TS0
2022-05-24,101.565,101.61,101.525,101.56,21602,92816,0.0,5年期国债期货,CFFEX,TF0
2022-05-25,100.53,100.675,100.53,100.6,59547,153103,0.0,10年期国债期货,CFFEX,T0
2022-05-25,101.08,101.085,101.03,101.04,14947,38454,0.0,2年期国债期货,CFFEX,TS0
2022-05-25,101.55,101.635,101.55,101.59,29515,98819,0.0,5年期国债期货,CFFEX,TF0
2022-05-26,100.85,100.995,100.805,100.965,69417,155143,0.0,10年期国债期货,CFFEX,T0
2022-05-26,101.1,101.18,101.1,101.17,22581,40488,0.0,2年期国债期货,CFFEX,TS0
2022-05-26,101.73,101.875,101.715,101.84,34567,101066,0.0,5年期国债期货,CFFEX,TF0
2022-05-27,100.92,100.995,100.825,100.97,53065,156590,0.0,10年期国债期货,CFFEX,T0
2022-05-27,101.17,101.185,101.14,101.185,17660,39996,0.0,2年期国债期货,CFFEX,TS0
2022-05-27,101.83,101.855,101.75,101.85,31342,100787,0.0,5年期国债期货,CFFEX,TF0
2022-05-30,100.795,100.8,100.695,100.765,53760,155876,0.0,10年期国债期货,CFFEX,T0
2022-05-30,101.155,101.155,101.09,101.115,12213,38993,0.0,2年期国债期货,CFFEX,TS0
2022-05-30,101.735,101.74,101.655,101.715,24375,100294,0.0,5年期国债期货,CFFEX,TF0
2022-05-31,100.665,100.67,100.46,100.52,62920,156877,0.0,10年期国债期货,CFFEX,T0
2022-05-31,101.06,101.09,101.04,101.065,18550,38879,0.0,2年期国债期货,CFFEX,TS0
2022-05-31,101.65,101.65,101.465,101.495,42323,101741,0.0,5年期国债期货,CFFEX,TF0
2022-06-01,100.58,100.59,100.45,100.45,41617,157310,0.0,10年期国债期货,CFFEX,T0
2022-06-01,101.09,101.09,101.015,101.02,9333,39419,0.0,2年期国债期货,CFFEX,TS0
2022-06-01,101.55,101.56,101.425,101.44,27972,100852,0.0,5年期国债期货,CFFEX,TF0
2022-06-02,100.45,100.585,100.355,100.385,57199,159101,0.0,10年期国债期货,CFFEX,T0
2022-06-02,101.025,101.055,100.99,100.99,16852,40313,0.0,2年期国债期货,CFFEX,TS0
2022-06-02,101.4,101.51,101.365,101.395,38254,103146,0.0,5年期国债期货,CFFEX,TF0
2022-06-06,100.405,100.455,100.255,100.265,52125,161267,0.0,10年期国债期货,CFFEX,T0
2022-06-06,100.94,100.995,100.91,100.935,16668,41226,0.0,2年期国债期货,CFFEX,TS0
2022-06-06,101.41,101.425,101.275,101.285,30936,104059,0.0,5年期国债期货,CFFEX,TF0
2022-06-07,100.25,100.445,100.225,100.43,54208,159177,0.0,10年期国债期货,CFFEX,T0
2022-06-07,100.925,100.995,100.905,100.99,19515,42220,0.0,2年期国债期货,CFFEX,TS0
2022-06-07,101.275,101.38,101.245,101.375,35187,103060,0.0,5年期国债期货,CFFEX,TF0
2022-06-08,100.375,100.475,100.34,100.38,47326,161667,0.0,10年期国债期货,CFFEX,T0
2022-06-08,100.99,101.02,100.97,100.99,15189,44098,0.0,2年期国债期货,CFFEX,TS0
2022-06-08,101.345,101.42,101.315,101.355,31423,106012,0.0,5年期国债期货,CFFEX,TF0
2022-06-09,100.36,100.565,100.35,100.49,63133,164214,0.0,10年期国债期货,CFFEX,T0
2022-06-09,100.98,101.045,100.98,101.035,18377,46116,0.0,2年期国债期货,CFFEX,TS0
2022-06-09,101.34,101.485,101.32,101.46,41254,106881,0.0,5年期国债期货,CFFEX,TF0
2022-06-10,100.515,100.575,100.395,100.415,52823,164576,0.0,10年期国债期货,CFFEX,T0
2022-06-10,101.04,101.06,101.0,101.005,20830,47452,0.0,2年期国债期货,CFFEX,TS0
2022-06-10,101.475,101.505,101.385,101.405,31123,106694,0.0,5年期国债期货,CFFEX,TF0
2022-06-13,100.405,100.44,100.325,100.355,37675,165248,0.0,10年期国债期货,CFFEX,T0
2022-06-13,101.0,101.015,100.955,100.985,18201,47920,0.0,2年期国债期货,CFFEX,TS0
2022-06-13,101.4,101.41,101.31,101.34,32814,106964,0.0,5年期国债期货,CFFEX,TF0
2022-06-14,100.28,100.37,100.23,100.35,51925,164835,0.0,10年期国债期货,CFFEX,T0
2022-06-14,100.945,100.995,100.945,100.995,18287,46771,0.0,2年期国债期货,CFFEX,TS0
2022-06-14,101.28,101.35,101.25,101.345,30123,105659,0.0,5年期国债期货,CFFEX,TF0
2022-06-15,100.31,100.34,100.155,100.225,74086,167320,0.0,10年期国债期货,CFFEX,T0
2022-06-15,100.985,100.985,100.925,100.955,24649,44280,0.0,2年期国债期货,CFFEX,TS0
2022-06-15,101.285,101.325,101.18,101.255,37413,104182,0.0,5年期国债期货,CFFEX,TF0
2022-06-16,100.275,100.345,100.255,100.335,48245,165228,0.0,10年期国债期货,CFFEX,T0
2022-06-16,100.955,100.985,100.95,100.98,18843,43890,0.0,2年期国债期货,CFFEX,TS0
2022-06-16,101.275,101.34,101.275,101.335,30258,103036,0.0,5年期国债期货,CFFEX,TF0
2022-06-17,100.35,100.46,100.335,100.395,66828,166547,0.0,10年期国债期货,CFFEX,T0
2022-06-17,100.98,101.045,100.98,101.01,28257,43812,0.0,2年期国债期货,CFFEX,TS0
2022-06-17,101.345,101.445,101.34,101.4,31157,101866,0.0,5年期国债期货,CFFEX,TF0
2022-06-20,100.325,100.335,100.175,100.185,69579,166465,0.0,10年期国债期货,CFFEX,T0
2022-06-20,100.99,101.0,100.955,100.955,24241,43504,0.0,2年期国债期货,CFFEX,TS0
2022-06-20,101.35,101.365,101.245,101.27,33234,99181,0.0,5年期国债期货,CFFEX,TF0
2022-06-21,100.175,100.26,100.135,100.195,54928,167011,0.0,10年期国债期货,CFFEX,T0
2022-06-21,100.95,100.965,100.93,100.94,23772,43259,0.0,2年期国债期货,CFFEX,TS0
2022-06-21,101.235,101.305,101.22,101.255,22753,98930,0.0,5年期国债期货,CFFEX,TF0
2022-06-22,100.235,100.335,100.195,100.335,59723,170011,0.0,10年期国债期货,CFFEX,T0
2022-06-22,100.955,100.98,100.94,100.97,18842,44876,0.0,2年期国债期货,CFFEX,TS0
2022-06-22,101.28,101.34,101.26,101.335,24043,98323,0.0,5年期国债期货,CFFEX,TF0
2022-06-23,100.345,100.385,100.17,100.185,58861,171015,0.0,10年期国债期货,CFFEX,T0
2022-06-23,100.985,101.005,100.965,100.97,23450,45819,0.0,2年期国债期货,CFFEX,TS0
2022-06-23,101.35,101.385,101.26,101.27,29780,99193,0.0,5年期国债期货,CFFEX,TF0
2022-06-24,100.255,100.29,100.065,100.095,71350,173497,0.0,10年期国债期货,CFFEX,T0
2022-06-24,100.99,101.02,100.96,100.97,22785,46427,0.0,2年期国债期货,CFFEX,TS0
2022-06-24,101.33,101.355,101.2,101.215,30378,99100,0.0,5年期国债期货,CFFEX,TF0
2022-06-27,100.0,100.0,99.74,99.76,91183,171325,0.0,10年期国债期货,CFFEX,T0
2022-06-27,100.94,100.95,100.865,100.885,25871,45029,0.0,2年期国债期货,CFFEX,TS0
2022-06-27,101.155,101.155,100.98,101.0,40328,97703,0.0,5年期国债期货,CFFEX,TF0
2022-06-28,99.88,99.905,99.625,99.665,84819,170931,0.0,10年期国债期货,CFFEX,T0
2022-06-28,100.905,100.925,100.84,100.845,25183,44779,0.0,2年期国债期货,CFFEX,TS0
2022-06-28,101.075,101.1,100.895,100.925,36609,98238,0.0,5年期国债期货,CFFEX,TF0
2022-06-29,99.75,99.86,99.72,99.78,75489,168634,0.0,10年期国债期货,CFFEX,T0
2022-06-29,100.86,100.925,100.86,100.88,32128,46058,0.0,2年期国债期货,CFFEX,TS0
2022-06-29,100.96,101.08,100.955,100.995,36532,99446,0.0,5年期国债期货,CFFEX,TF0
2022-06-30,99.765,100.03,99.74,99.995,72431,166996,0.0,10年期国债期货,CFFEX,T0
2022-06-30,100.87,100.96,100.87,100.955,26804,45854,0.0,2年期国债期货,CFFEX,TS0
2022-06-30,101.0,101.165,100.965,101.145,33143,96253,0.0,5年期国债期货,CFFEX,TF0
2022-07-01,99.97,100.055,99.92,99.955,60163,165795,0.0,10年期国债期货,CFFEX,T0
2022-07-01,100.96,100.99,100.95,100.96,26433,45824,0.0,2年期国债期货,CFFEX,TS0
2022-07-01,101.145,101.21,101.09,101.135,36324,93215,0.0,5年期国债期货,CFFEX,TF0
2022-07-04,99.895,99.895,99.65,99.75,67586,169470,0.0,10年期国债期货,CFFEX,T0
2022-07-04,100.92,100.92,100.77,100.82,37474,47383,0.0,2年期国债期货,CFFEX,TS0
2022-07-04,101.09,101.09,100.85,100.89,40023,95686,0.0,5年期国债期货,CFFEX,TF0
2022-07-05,99.69,99.86,99.61,99.86,78131,169920,0.0,10年期国债期货,CFFEX,T0
2022-07-05,100.785,100.835,100.725,100.835,28409,46884,0.0,2年期国债期货,CFFEX,TS0
2022-07-05,100.845,100.99,100.73,100.985,44991,95969,0.0,5年期国债期货,CFFEX,TF0
2022-07-06,99.95,100.035,99.89,99.95,69837,167283,0.0,10年期国债期货,CFFEX,T0
2022-07-06,100.85,100.905,100.835,100.865,24131,49061,0.0,2年期国债期货,CFFEX,TS0
2022-07-06,101.04,101.065,100.975,101.03,38758,97637,0.0,5年期国债期货,CFFEX,TF0
2022-07-07,99.9,100.08,99.88,99.975,57990,169631,0.0,10年期国债期货,CFFEX,T0
2022-07-07,100.855,100.88,100.835,100.845,21832,48919,0.0,2年期国债期货,CFFEX,TS0
2022-07-07,101.0,101.09,100.965,101.015,26377,97753,0.0,5年期国债期货,CFFEX,TF0
2022-07-08,99.93,100.03,99.89,99.94,54717,169058,0.0,10年期国债期货,CFFEX,T0
2022-07-08,100.86,100.895,100.825,100.875,24631,48188,0.0,2年期国债期货,CFFEX,TS0
2022-07-08,100.995,101.07,100.955,101.02,27729,95804,0.0,5年期国债期货,CFFEX,TF0
2022-07-11,100.01,100.25,100.005,100.235,69192,170319,0.0,10年期国债期货,CFFEX,T0
2022-07-11,100.905,100.96,100.9,100.945,24039,48432,0.0,2年期国债期货,CFFEX,TS0
2022-07-11,101.08,101.245,101.075,101.24,36494,93985,0.0,5年期国债期货,CFFEX,TF0
2022-07-12,100.275,100.325,100.225,100.32,65296,172642,0.0,10年期国债期货,CFFEX,T0
2022-07-12,100.99,101.05,100.945,100.975,23664,49291,0.0,2年期国债期货,CFFEX,TS0
2022-07-12,101.285,101.375,101.245,101.32,34941,95311,0.0,5年期国债期货,CFFEX,TF0
2022-07-13,100.38,100.415,100.305,100.4,59471,172007,0.0,10年期国债期货,CFFEX,T0
2022-07-13,101.02,101.04,100.97,100.995,25510,48036,0.0,2年期国债期货,CFFEX,TS0
2022-07-13,101.38,101.41,101.325,101.395,33227,96359,0.0,5年期国债期货,CFFEX,TF0
2022-07-14,100.4,100.525,100.39,100.495,63038,173273,0.0,10年期国债期货,CFFEX,T0
2022-07-14,101.0,101.035,101.0,101.02,27535,48924,0.0,2年期国债期货,CFFEX,TS0
2022-07-14,101.395,101.475,101.395,101.47,33329,96448,0.0,5年期国债期货,CFFEX,TF0
2022-07-15,100.525,100.65,100.455,100.605,74193,174966,0.0,10年期国债期货,CFFEX,T0
2022-07-15,101.04,101.08,101.01,101.06,28928,50921,0.0,2年期国债期货,CFFEX,TS0
2022-07-15,101.48,101.57,101.445,101.555,37953,99679,0.0,5年期国债期货,CFFEX,TF0
2022-07-18,100.61,100.69,100.52,100.575,55834,174132,0.0,10年期国债期货,CFFEX,T0
2022-07-18,101.09,101.1,101.06,101.07,21810,51325,0.0,2年期国债期货,CFFEX,TS0
2022-07-18,101.56,101.605,101.5,101.545,30896,101049,0.0,5年期国债期货,CFFEX,TF0
2022-07-19,100.54,100.58,100.46,100.575,54263,173010,0.0,10年期国债期货,CFFEX,T0
2022-07-19,101.015,101.065,101.015,101.06,18214,51793,0.0,2年期国债期货,CFFEX,TS0
2022-07-19,101.5,101.53,101.445,101.525,29846,102175,0.0,5年期国债期货,CFFEX,TF0
2022-07-20,100.525,100.765,100.505,100.735,64819,175611,0.0,10年期国债期货,CFFEX,T0
2022-07-20,101.06,101.105,101.03,101.095,25886,52594,0.0,2年期国债期货,CFFEX,TS0
2022-07-20,101.52,101.595,101.475,101.585,27720,102114,0.0,5年期国债期货,CFFEX,TF0
2022-07-21,100.79,100.885,100.78,100.83,64044,177931,0.0,10年期国债期货,CFFEX,T0
2022-07-21,101.14,101.14,101.1,101.11,18936,52559,0.0,2年期国债期货,CFFEX,TS0
2022-07-21,101.65,101.695,101.625,101.66,33241,105745,0.0,5年期国债期货,CFFEX,TF0
2022-07-22,100.78,100.82,100.69,100.725,59379,179314,0.0,10年期国债期货,CFFEX,T0
2022-07-22,101.1,101.105,101.075,101.09,19261,53177,0.0,2年期国债期货,CFFEX,TS0
2022-07-22,101.64,101.65,101.575,101.595,28687,108048,0.0,5年期国债期货,CFFEX,TF0
2022-07-25,100.7,100.89,100.695,100.73,58701,179997,0.0,10年期国债期货,CFFEX,T0
2022-07-25,101.08,101.145,101.065,101.115,22808,52116,0.0,2年期国债期货,CFFEX,TS0
2022-07-25,101.575,101.695,101.555,101.61,31384,108194,0.0,5年期国债期货,CFFEX,TF0
2022-07-26,100.765,100.95,100.75,100.945,57729,182006,0.0,10年期国债期货,CFFEX,T0
2022-07-26,101.135,101.21,101.125,101.205,19420,51732,0.0,2年期国债期货,CFFEX,TS0
2022-07-26,101.65,101.775,101.64,101.77,33672,110086,0.0,5年期国债期货,CFFEX,TF0
2022-07-27,100.945,100.975,100.825,100.85,55073,180491,0.0,10年期国债期货,CFFEX,T0
2022-07-27,101.205,101.225,101.18,101.18,20520,49183,0.0,2年期国债期货,CFFEX,TS0
2022-07-27,101.775,101.79,101.7,101.73,34266,110105,0.0,5年期国债期货,CFFEX,TF0
2022-07-28,100.81,100.82,100.645,100.715,75438,181393,0.0,10年期国债期货,CFFEX,T0
2022-07-28,101.19,101.19,101.105,101.115,29223,52181,0.0,2年期国债期货,CFFEX,TS0
2022-07-28,101.69,101.71,101.555,101.59,39656,108260,0.0,5年期国债期货,CFFEX,TF0
2022-07-29,100.925,101.11,100.925,101.05,81930,186633,0.0,10年期国债期货,CFFEX,T0
2022-07-29,101.2,101.235,101.18,101.225,20774,53962,0.0,2年期国债期货,CFFEX,TS0
2022-07-29,101.75,101.815,101.745,101.8,39409,110359,0.0,5年期国债期货,CFFEX,TF0
2022-08-01,101.15,101.31,101.15,101.255,64780,182312,0.0,10年期国债期货,CFFEX,T0
2022-08-01,101.27,101.315,101.245,101.265,23329,52805,0.0,2年期国债期货,CFFEX,TS0
2022-08-01,101.85,101.935,101.845,101.88,36903,108812,0.0,5年期国债期货,CFFEX,TF0
2022-08-02,101.33,101.405,101.23,101.345,69790,181010,0.0,10年期国债期货,CFFEX,T0
2022-08-02,101.29,101.36,101.285,101.35,24354,51586,0.0,2年期国债期货,CFFEX,TS0
2022-08-02,101.95,102.02,101.915,101.995,42176,110413,0.0,5年期国债期货,CFFEX,TF0
2022-08-03,101.215,101.41,101.16,101.375,65707,175632,0.0,10年期国债期货,CFFEX,T0
2022-08-03,101.335,101.42,101.295,101.415,24203,49613,0.0,2年期国债期货,CFFEX,TS0
2022-08-03,101.93,102.105,101.875,102.09,40174,108313,0.0,5年期国债期货,CFFEX,TF0
2022-08-04,101.41,101.505,101.275,101.305,77912,169902,0.0,10年期国债期货,CFFEX,T0
2022-08-04,101.42,101.5,101.355,101.355,26772,46944,0.0,2年期国债期货,CFFEX,TS0
2022-08-04,102.17,102.275,101.985,102.015,63023,99864,0.0,5年期国债期货,CFFEX,TF0
2022-08-05,101.305,101.355,101.18,101.235,54036,165608,0.0,10年期国债期货,CFFEX,T0
2022-08-05,101.35,101.385,101.315,101.325,22169,44669,0.0,2年期国债期货,CFFEX,TS0
2022-08-05,102.03,102.065,101.93,101.955,36194,96962,0.0,5年期国债期货,CFFEX,TF0
2022-08-08,101.22,101.315,101.11,101.2,51533,158847,0.0,10年期国债期货,CFFEX,T0
2022-08-08,101.305,101.37,101.305,101.32,18033,44385,0.0,2年期国债期货,CFFEX,TS0
2022-08-08,101.985,102.04,101.915,101.935,34765,91871,0.0,5年期国债期货,CFFEX,TF0
2022-08-09,101.23,101.26,101.075,101.22,63656,150180,0.0,10年期国债期货,CFFEX,T0
2022-08-09,101.33,101.34,101.24,101.28,27919,42079,0.0,2年期国债期货,CFFEX,TS0
2022-08-09,101.935,101.98,101.81,101.915,53109,84702,0.0,5年期国债期货,CFFEX,TF0
2022-08-10,101.245,101.37,101.14,101.14,61026,144854,0.0,10年期国债期货,CFFEX,T0
2022-08-10,101.27,101.335,101.24,101.255,30120,40844,0.0,2年期国债期货,CFFEX,TS0
2022-08-10,101.93,102.02,101.82,101.835,48917,76142,0.0,5年期国债期货,CFFEX,TF0
2022-08-11,101.18,101.35,101.165,101.33,62426,140881,0.0,10年期国债期货,CFFEX,T0
2022-08-11,101.24,101.305,101.24,101.29,29715,37996,0.0,2年期国债期货,CFFEX,TS0
2022-08-11,101.84,101.965,101.84,101.935,43098,69995,0.0,5年期国债期货,CFFEX,TF0
2022-08-12,101.36,101.425,101.185,101.26,61563,133583,0.0,10年期国债期货,CFFEX,T0
2022-08-12,101.3,101.325,101.255,101.26,27821,35483,0.0,2年期国债期货,CFFEX,TS0
2022-08-12,101.98,102.005,101.865,101.88,36057,62638,0.0,5年期国债期货,CFFEX,TF0
2022-08-15,101.6,102.15,101.6,101.94,100509,109123,0.0,10年期国债期货,CFFEX,T0
2022-08-15,101.4,101.605,101.4,101.46,25481,31102,0.0,2年期国债期货,CFFEX,TS0
2022-08-15,102.1,102.58,102.085,102.43,50274,51373,0.0,5年期国债期货,CFFEX,TF0
2022-08-16,102.08,102.155,101.925,101.985,73413,91906,0.0,10年期国债期货,CFFEX,T0
2022-08-16,101.54,101.54,101.425,101.435,18543,26630,0.0,2年期国债期货,CFFEX,TS0
2022-08-16,102.55,102.565,102.39,102.4,41755,41589,0.0,5年期国债期货,CFFEX,TF0
2022-08-17,101.915,102.04,101.885,102.015,51718,77423,0.0,10年期国债期货,CFFEX,T0
2022-08-17,101.395,101.44,101.365,101.435,7498,24821,0.0,2年期国债期货,CFFEX,TS0
2022-08-17,102.34,102.43,102.32,102.415,20848,37715,0.0,5年期国债期货,CFFEX,TF0
2022-08-18,102.11,102.145,102.02,102.115,39677,66600,0.0,10年期国债期货,CFFEX,T0
2022-08-18,101.21,101.235,101.18,101.23,29173,43189,0.0,2年期国债期货,CFFEX,TS0
2022-08-18,102.075,102.1,101.99,102.06,36885,98035,0.0,5年期国债期货,CFFEX,TF0
2022-08-19,101.68,101.7,101.455,101.59,83638,142549,0.0,10年期国债期货,CFFEX,T0
2022-08-19,101.23,101.235,101.175,101.21,26239,43409,0.0,2年期国债期货,CFFEX,TS0
2022-08-19,102.07,102.075,101.935,102.015,46003,101898,0.0,5年期国债期货,CFFEX,TF0
2022-08-22,101.665,101.715,101.465,101.535,64913,148384,0.0,10年期国债期货,CFFEX,T0
2022-08-22,101.21,101.25,101.17,101.195,23138,44939,0.0,2年期国债期货,CFFEX,TS0
2022-08-22,102.1,102.105,101.925,101.98,32676,103328,0.0,5年期国债期货,CFFEX,TF0
2022-08-23,101.48,101.535,101.4,101.43,69348,151601,0.0,10年期国债期货,CFFEX,T0
2022-08-23,101.165,101.19,101.14,101.15,29176,45919,0.0,2年期国债期货,CFFEX,TS0
2022-08-23,101.92,101.96,101.845,101.855,40143,107897,0.0,5年期国债期货,CFFEX,TF0
2022-08-24,101.435,101.53,101.395,101.515,60634,154933,0.0,10年期国债期货,CFFEX,T0
2022-08-24,101.125,101.175,101.125,101.16,29507,47330,0.0,2年期国债期货,CFFEX,TS0
2022-08-24,101.85,101.94,101.84,101.9,37265,110237,0.0,5年期国债期货,CFFEX,TF0
2022-08-25,101.43,101.435,101.25,101.3,71992,156471,0.0,10年期国债期货,CFFEX,T0
2022-08-25,101.135,101.14,101.09,101.105,31545,47987,0.0,2年期国债期货,CFFEX,TS0
2022-08-25,101.85,101.85,101.745,101.765,38247,111676,0.0,5年期国债期货,CFFEX,TF0
2022-08-26,101.305,101.4,101.23,101.37,68817,156956,0.0,10年期国债期货,CFFEX,T0
2022-08-26,101.09,101.125,101.08,101.1,33918,48136,0.0,2年期国债期货,CFFEX,TS0
2022-08-26,101.75,101.81,101.72,101.775,41403,113320,0.0,5年期国债期货,CFFEX,TF0
2022-08-29,101.33,101.49,101.24,101.48,61243,156183,0.0,10年期国债期货,CFFEX,T0
2022-08-29,101.1,101.17,101.065,101.17,36531,48148,0.0,2年期国债期货,CFFEX,TS0
2022-08-29,101.725,101.88,101.705,101.87,38090,113554,0.0,5年期国债期货,CFFEX,TF0
2022-08-30,101.57,101.6,101.415,101.485,72125,159077,0.0,10年期国债期货,CFFEX,T0
2022-08-30,101.185,101.22,101.15,101.17,33175,48408,0.0,2年期国债期货,CFFEX,TS0
2022-08-30,101.97,101.975,101.835,101.885,43904,113114,0.0,5年期国债期货,CFFEX,TF0
2022-08-31,101.485,101.535,101.4,101.435,65381,161343,0.0,10年期国债期货,CFFEX,T0
2022-08-31,101.155,101.22,101.155,101.19,34460,48939,0.0,2年期国债期货,CFFEX,TS0
2022-08-31,101.885,101.94,101.845,101.88,37617,113561,0.0,5年期国债期货,CFFEX,TF0
2022-09-01,101.415,101.725,101.41,101.685,80805,166213,0.0,10年期国债期货,CFFEX,T0
2022-09-01,101.19,101.26,101.175,101.24,36181,50937,0.0,2年期国债期货,CFFEX,TS0
2022-09-01,101.88,102.05,101.87,102.035,45807,117055,0.0,5年期国债期货,CFFEX,TF0
2022-09-02,101.72,101.915,101.6,101.605,69135,167962,0.0,10年期国债期货,CFFEX,T0
2022-09-02,101.24,101.28,101.225,101.23,35425,50455,0.0,2年期国债期货,CFFEX,TS0
2022-09-02,102.045,102.13,101.98,101.99,48494,119032,0.0,5年期国债期货,CFFEX,TF0
2022-09-05,101.65,101.8,101.65,101.71,61804,167062,0.0,10年期国债期货,CFFEX,T0
2022-09-05,101.23,101.3,101.23,101.27,40459,53935,0.0,2年期国债期货,CFFEX,TS0
2022-09-05,102.03,102.115,102.02,102.05,39431,118916,0.0,5年期国债期货,CFFEX,TF0
2022-09-06,101.8,101.84,101.65,101.745,60620,167082,0.0,10年期国债期货,CFFEX,T0
2022-09-06,101.29,101.31,101.26,101.29,45130,56021,0.0,2年期国债期货,CFFEX,TS0
2022-09-06,102.085,102.135,102.015,102.075,34655,120640,0.0,5年期国债期货,CFFEX,TF0
2022-09-07,101.72,101.765,101.58,101.595,76021,171165,0.0,10年期国债期货,CFFEX,T0
2022-09-07,101.28,101.295,101.25,101.265,41148,55858,0.0,2年期国债期货,CFFEX,TS0
2022-09-07,102.04,102.085,101.98,102.01,47154,124865,0.0,5年期国债期货,CFFEX,TF0
2022-09-08,101.54,101.595,101.49,101.57,59902,169832,0.0,10年期国债期货,CFFEX,T0
2022-09-08,101.235,101.265,101.225,101.26,34551,57092,0.0,2年期国债期货,CFFEX,TS0
2022-09-08,101.96,101.985,101.92,101.965,33032,125622,0.0,5年期国债期货,CFFEX,TF0
2022-09-09,101.565,101.645,101.29,101.305,87733,179242,0.0,10年期国债期货,CFFEX,T0
2022-09-09,101.255,101.275,101.185,101.185,44470,57057,0.0,2年期国债期货,CFFEX,TS0
2022-09-09,101.955,102.015,101.81,101.815,47278,128198,0.0,5年期国债期货,CFFEX,TF0
2022-09-13,101.35,101.44,101.325,101.39,52867,177645,0.0,10年期国债期货,CFFEX,T0
2022-09-13,101.215,101.225,101.19,101.215,14706,56694,0.0,2年期国债期货,CFFEX,TS0
2022-09-13,101.85,101.895,101.82,101.865,32835,126969,0.0,5年期国债期货,CFFEX,TF0
2022-09-14,101.295,101.355,101.245,101.28,61898,181927,0.0,10年期国债期货,CFFEX,T0
2022-09-14,101.19,101.195,101.16,101.18,25964,56726,0.0,2年期国债期货,CFFEX,TS0
2022-09-14,101.81,101.84,101.74,101.795,39052,125356,0.0,5年期国债期货,CFFEX,TF0
2022-09-15,101.35,101.415,101.24,101.27,70920,183059,0.0,10年期国债期货,CFFEX,T0
2022-09-15,101.205,101.22,101.15,101.16,26857,56853,0.0,2年期国债期货,CFFEX,TS0
2022-09-15,101.88,101.895,101.75,101.75,47536,125614,0.0,5年期国债期货,CFFEX,TF0
2022-09-16,101.19,101.285,101.085,101.265,84280,182591,0.0,10年期国债期货,CFFEX,T0
2022-09-16,101.11,101.15,101.085,101.135,42270,55427,0.0,2年期国债期货,CFFEX,TS0
2022-09-16,101.7,101.755,101.62,101.75,57082,124078,0.0,5年期国债期货,CFFEX,TF0
2022-09-19,101.265,101.34,101.2,101.335,59779,182527,0.0,10年期国债期货,CFFEX,T0
2022-09-19,101.135,101.17,101.12,101.165,49462,54977,0.0,2年期国债期货,CFFEX,TS0
2022-09-19,101.73,101.81,101.69,101.805,49551,123499,0.0,5年期国债期货,CFFEX,TF0
2022-09-20,101.365,101.475,101.33,101.455,65030,184193,0.0,10年期国债期货,CFFEX,T0
2022-09-20,101.18,101.205,101.17,101.2,44070,54934,0.0,2年期国债期货,CFFEX,TS0
2022-09-20,101.83,101.905,101.81,101.905,52904,124864,0.0,5年期国债期货,CFFEX,TF0
2022-09-21,101.425,101.52,101.41,101.515,63769,181596,0.0,10年期国债期货,CFFEX,T0
2022-09-21,101.195,101.23,101.18,101.22,41422,57194,0.0,2年期国债期货,CFFEX,TS0
2022-09-21,101.9,101.94,101.85,101.94,42941,126512,0.0,5年期国债期货,CFFEX,TF0
2022-09-22,101.535,101.555,101.42,101.46,59894,181158,0.0,10年期国债期货,CFFEX,T0
2022-09-22,101.235,101.25,101.21,101.235,51065,56931,0.0,2年期国债期货,CFFEX,TS0
2022-09-22,101.95,101.96,101.885,101.92,45923,126429,0.0,5年期国债期货,CFFEX,TF0
2022-09-23,101.39,101.39,101.215,101.275,77345,178894,0.0,10年期国债期货,CFFEX,T0
2022-09-23,101.22,101.23,101.185,101.205,41001,56691,0.0,2年期国债期货,CFFEX,TS0
2022-09-23,101.87,101.885,101.78,101.82,42598,125864,0.0,5年期国债期货,CFFEX,TF0
2022-09-26,101.13,101.18,100.89,100.92,92169,179165,0.0,10年期国债期货,CFFEX,T0
2022-09-26,101.175,101.175,101.1,101.115,39627,56917,0.0,2年期国债期货,CFFEX,TS0
2022-09-26,101.77,101.77,101.55,101.555,63868,124243,0.0,5年期国债期货,CFFEX,TF0
2022-09-27,100.945,101.035,100.86,101.025,79989,177034,0.0,10年期国债期货,CFFEX,T0
2022-09-27,101.1,101.13,101.07,101.12,41087,56225,0.0,2年期国债期货,CFFEX,TS0
2022-09-27,101.54,101.65,101.515,101.635,59996,124709,0.0,5年期国债期货,CFFEX,TF0
2022-09-28,100.92,100.92,100.8,100.845,78698,180392,0.0,10年期国债期货,CFFEX,T0
2022-09-28,101.09,101.1,101.065,101.08,29226,55406,0.0,2年期国债期货,CFFEX,TS0
2022-09-28,101.595,101.595,101.5,101.54,57031,126351,0.0,5年期国债期货,CFFEX,TF0
2022-09-29,100.94,101.0,100.61,100.625,108544,184135,0.0,10年期国债期货,CFFEX,T0
2022-09-29,101.095,101.12,101.025,101.03,37229,56098,0.0,2年期国债期货,CFFEX,TS0
2022-09-29,101.58,101.63,101.395,101.415,63913,125578,0.0,5年期国债期货,CFFEX,TF0
2022-09-30,100.52,100.745,100.46,100.57,90001,183522,0.0,10年期国债期货,CFFEX,T0
2022-09-30,100.995,101.085,100.975,101.05,28333,56002,0.0,2年期国债期货,CFFEX,TS0
2022-09-30,101.315,101.51,101.285,101.4,54166,123910,0.0,5年期国债期货,CFFEX,TF0
2022-10-10,100.68,100.905,100.66,100.89,64650,180515,0.0,10年期国债期货,CFFEX,T0
2022-10-10,101.09,101.18,101.09,101.18,38711,56808,0.0,2年期国债期货,CFFEX,TS0
2022-10-10,101.475,101.635,101.475,101.635,54063,121027,0.0,5年期国债期货,CFFEX,TF0
2022-10-11,100.965,100.99,100.805,100.865,60755,180130,0.0,10年期国债期货,CFFEX,T0
2022-10-11,101.195,101.21,101.13,101.145,35771,56947,0.0,2年期国债期货,CFFEX,TS0
2022-10-11,101.69,101.705,101.55,101.58,44682,121773,0.0,5年期国债期货,CFFEX,TF0
2022-10-12,100.805,101.365,100.795,101.055,95714,178247,0.0,10年期国债期货,CFFEX,T0
2022-10-12,101.13,101.23,101.11,101.185,53578,58404,0.0,2年期国债期货,CFFEX,TS0
2022-10-12,101.59,101.835,101.53,101.715,71705,119818,0.0,5年期国债期货,CFFEX,TF0
2022-10-13,101.03,101.165,100.99,101.12,59243,178971,0.0,10年期国债期货,CFFEX,T0
2022-10-13,101.19,101.19,101.155,101.18,42630,58182,0.0,2年期国债期货,CFFEX,TS0
2022-10-13,101.68,101.755,101.66,101.725,45784,118322,0.0,5年期国债期货,CFFEX,TF0
2022-10-14,101.15,101.405,101.115,101.4,79266,180342,0.0,10年期国债期货,CFFEX,T0
2022-10-14,101.185,101.25,101.165,101.245,41950,58781,0.0,2年期国债期货,CFFEX,TS0
2022-10-14,101.73,101.895,101.71,101.895,54389,120101,0.0,5年期国债期货,CFFEX,TF0
2022-10-17,101.35,101.405,101.28,101.335,51600,179748,0.0,10年期国债期货,CFFEX,T0
2022-10-17,101.24,101.265,101.205,101.215,27005,59813,0.0,2年期国债期货,CFFEX,TS0
2022-10-17,101.865,101.895,101.815,101.835,37800,120024,0.0,5年期国债期货,CFFEX,TF0
2022-10-18,101.305,101.395,101.25,101.355,53695,181784,0.0,10年期国债期货,CFFEX,T0
2022-10-18,101.22,101.245,101.19,101.24,33973,61328,0.0,2年期国债期货,CFFEX,TS0
2022-10-18,101.83,101.895,101.785,101.875,45011,122127,0.0,5年期国债期货,CFFEX,TF0
2022-10-19,101.31,101.45,101.285,101.365,52490,184990,0.0,10年期国债期货,CFFEX,T0
2022-10-19,101.23,101.265,101.22,101.245,25924,62247,0.0,2年期国债期货,CFFEX,TS0
2022-10-19,101.85,101.94,101.84,101.895,40940,124205,0.0,5年期国债期货,CFFEX,TF0
2022-10-20,101.285,101.335,101.09,101.21,74467,183820,0.0,10年期国债期货,CFFEX,T0
2022-10-20,101.215,101.255,101.2,101.22,34226,63865,0.0,2年期国债期货,CFFEX,TS0
2022-10-20,101.84,101.89,101.765,101.84,57578,122539,0.0,5年期国债期货,CFFEX,TF0
2022-10-21,101.205,101.275,101.11,101.125,61169,183819,0.0,10年期国债期货,CFFEX,T0
2022-10-21,101.21,101.245,101.18,101.185,39914,65653,0.0,2年期国债期货,CFFEX,TS0
2022-10-21,101.805,101.875,101.74,101.755,43553,121625,0.0,5年期国债期货,CFFEX,TF0
2022-10-24,101.11,101.35,101.035,101.315,68912,183346,0.0,10年期国债期货,CFFEX,T0
2022-10-24,101.175,101.23,101.17,101.225,28332,66755,0.0,2年期国债期货,CFFEX,TS0
2022-10-24,101.78,101.88,101.705,101.855,42051,122247,0.0,5年期国债期货,CFFEX,TF0
2022-10-25,101.275,101.385,101.12,101.19,81168,183536,0.0,10年期国债期货,CFFEX,T0
2022-10-25,101.19,101.25,101.17,101.2,30558,67499,0.0,2年期国债期货,CFFEX,TS0
2022-10-25,101.805,101.895,101.75,101.79,54531,123068,0.0,5年期国债期货,CFFEX,TF0
2022-10-26,101.245,101.42,101.235,101.395,57373,184976,0.0,10年期国债期货,CFFEX,T0
2022-10-26,101.215,101.285,101.215,101.285,36224,69630,0.0,2年期国债期货,CFFEX,TS0
2022-10-26,101.835,101.95,101.815,101.935,42888,124953,0.0,5年期国债期货,CFFEX,TF0
2022-10-27,101.5,101.59,101.45,101.54,67109,183649,0.0,10年期国债期货,CFFEX,T0
2022-10-27,101.295,101.335,101.29,101.31,49214,70533,0.0,2年期国债期货,CFFEX,TS0
2022-10-27,102.0,102.055,101.96,102.02,44642,125516,0.0,5年期国债期货,CFFEX,TF0
2022-10-28,101.555,101.72,101.53,101.65,59475,184040,0.0,10年期国债期货,CFFEX,T0
2022-10-28,101.33,101.38,101.315,101.37,37727,71416,0.0,2年期国债期货,CFFEX,TS0
2022-10-28,102.01,102.155,102.01,102.14,48518,126910,0.0,5年期国债期货,CFFEX,TF0
2022-10-31,101.79,101.9,101.73,101.77,65018,183270,0.0,10年期国债期货,CFFEX,T0
2022-10-31,101.42,101.42,101.35,101.37,52312,69113,0.0,2年期国债期货,CFFEX,TS0
2022-10-31,102.22,102.275,102.14,102.185,52766,123962,0.0,5年期国债期货,CFFEX,TF0
2022-11-01,101.715,101.775,101.545,101.59,74480,183228,0.0,10年期国债期货,CFFEX,T0
2022-11-01,101.36,101.385,101.33,101.345,45098,69896,0.0,2年期国债期货,CFFEX,TS0
2022-11-01,102.17,102.18,102.07,102.09,58979,119660,0.0,5年期国债期货,CFFEX,TF0
2022-11-02,101.58,101.665,101.425,101.525,71607,180525,0.0,10年期国债期货,CFFEX,T0
2022-11-02,101.345,101.365,101.31,101.33,37207,69944,0.0,2年期国债期货,CFFEX,TS0
2022-11-02,102.09,102.13,101.975,102.03,49447,118721,0.0,5年期国债期货,CFFEX,TF0
2022-11-03,101.58,101.655,101.505,101.535,49135,177907,0.0,10年期国债期货,CFFEX,T0
2022-11-03,101.34,101.37,101.33,101.335,33045,68241,0.0,2年期国债期货,CFFEX,TS0
2022-11-03,102.07,102.12,102.01,102.035,37399,117667,0.0,5年期国债期货,CFFEX,TF0
2022-11-04,101.5,101.505,101.23,101.39,93268,173578,0.0,10年期国债期货,CFFEX,T0
2022-11-04,101.32,101.34,101.285,101.315,54321,67544,0.0,2年期国债期货,CFFEX,TS0
2022-11-04,102.01,102.01,101.875,101.935,59941,111495,0.0,5年期国债期货,CFFEX,TF0
2022-11-07,101.475,101.525,101.385,101.435,65681,169386,0.0,10年期国债期货,CFFEX,T0
2022-11-07,101.33,101.355,101.305,101.34,44058,66560,0.0,2年期国债期货,CFFEX,TS0
2022-11-07,101.975,102.005,101.905,101.95,48348,109276,0.0,5年期国债期货,CFFEX,TF0
2022-11-08,101.37,101.565,101.325,101.55,71497,165861,0.0,10年期国债期货,CFFEX,T0
2022-11-08,101.305,101.335,101.285,101.335,43457,63131,0.0,2年期国债期货,CFFEX,TS0
2022-11-08,101.87,101.975,101.83,101.975,55744,104112,0.0,5年期国债期货,CFFEX,TF0
2022-11-09,101.52,101.615,101.475,101.53,59578,161347,0.0,10年期国债期货,CFFEX,T0
2022-11-09,101.335,101.34,101.305,101.315,44793,60304,0.0,2年期国债期货,CFFEX,TS0
2022-11-09,101.97,101.99,101.9,101.945,50358,97983,0.0,5年期国债期货,CFFEX,TF0
2022-11-10,101.565,101.66,101.48,101.51,54050,155553,0.0,10年期国债期货,CFFEX,T0
2022-11-10,101.325,101.345,101.29,101.3,40198,59479,0.0,2年期国债期货,CFFEX,TS0
2022-11-10,101.97,102.03,101.91,101.94,43170,95235,0.0,5年期国债期货,CFFEX,TF0
2022-11-11,101.61,101.625,100.825,101.12,159324,154745,0.0,10年期国债期货,CFFEX,T0
2022-11-11,101.32,101.335,101.135,101.225,47217,57606,0.0,2年期国债期货,CFFEX,TS0
2022-11-11,101.985,102.02,101.52,101.685,90692,91952,0.0,5年期国债期货,CFFEX,TF0
2022-11-14,100.72,100.76,100.42,100.425,127537,141242,0.0,10年期国债期货,CFFEX,T0
2022-11-14,101.15,101.15,101.01,101.03,59652,51636,0.0,2年期国债期货,CFFEX,TS0
2022-11-14,101.41,101.415,101.18,101.205,79817,86175,0.0,5年期国债期货,CFFEX,TF0
2022-11-15,100.425,100.675,100.415,100.49,109427,127121,0.0,10年期国债期货,CFFEX,T0
2022-11-15,101.035,101.08,100.935,100.94,52869,46253,0.0,2年期国债期货,CFFEX,TS0
2022-11-15,101.225,101.315,101.105,101.21,69392,77122,0.0,5年期国债期货,CFFEX,TF0
2022-11-16,100.655,100.745,100.125,100.27,118626,111949,0.0,10年期国债期货,CFFEX,T0
2022-11-16,100.975,101.015,100.735,100.76,53116,43301,0.0,2年期国债期货,CFFEX,TS0
2022-11-16,101.3,101.355,100.84,100.925,73728,70306,0.0,5年期国债期货,CFFEX,TF0
2022-11-17,99.385,99.84,99.235,99.825,171041,116726,0.0,10年期国债期货,CFFEX,T0
2022-11-17,100.825,100.95,100.765,100.945,49685,36266,0.0,2年期国债期货,CFFEX,TS0
2022-11-17,100.995,101.285,100.86,101.275,64775,56660,0.0,5年期国债期货,CFFEX,TF0
2022-11-18,99.73,99.88,99.48,99.56,137959,131501,0.0,10年期国债期货,CFFEX,T0
2022-11-18,100.955,101.04,100.885,100.93,30564,34171,0.0,2年期国债期货,CFFEX,TS0
2022-11-18,100.66,100.855,100.495,100.585,83941,80730,0.0,5年期国债期货,CFFEX,TF0
2022-11-21,99.75,99.875,99.63,99.675,102799,135678,0.0,10年期国债期货,CFFEX,T0
2022-11-21,101.02,101.03,100.94,100.97,25260,32164,0.0,2年期国债期货,CFFEX,TS0
2022-11-21,100.7,100.855,100.635,100.68,60916,83351,0.0,5年期国债期货,CFFEX,TF0
2022-11-22,99.695,99.825,99.585,99.7,90964,139850,0.0,10年期国债期货,CFFEX,T0
2022-11-22,100.99,101.045,100.965,101.04,11867,28581,0.0,2年期国债期货,CFFEX,TS0
2022-11-22,100.7,100.82,100.645,100.745,59453,86774,0.0,5年期国债期货,CFFEX,TF0
2022-11-23,99.815,100.05,99.8,99.935,109437,139226,0.0,10年期国债期货,CFFEX,T0
2022-11-23,100.76,100.835,100.73,100.81,61379,35508,0.0,2年期国债期货,CFFEX,TS0
2022-11-23,100.805,101.035,100.805,100.965,73241,86956,0.0,5年期国债期货,CFFEX,TF0
2022-11-24,100.13,100.26,100.05,100.11,95127,139641,0.0,10年期国债期货,CFFEX,T0
2022-11-24,100.9,100.915,100.835,100.855,54710,36547,0.0,2年期国债期货,CFFEX,TS0
2022-11-24,101.1,101.19,101.075,101.115,71702,88056,0.0,5年期国债期货,CFFEX,TF0
2022-11-25,100.155,100.2,99.69,99.755,120872,148932,0.0,10年期国债期货,CFFEX,T0
2022-11-25,100.865,100.885,100.725,100.755,54780,37166,0.0,2年期国债期货,CFFEX,TS0
2022-11-25,101.17,101.175,100.78,100.845,69071,90467,0.0,5年期国债期货,CFFEX,TF0
2022-11-28,99.895,99.97,99.5,99.53,88271,151926,0.0,10年期国债期货,CFFEX,T0
2022-11-28,100.8,100.84,100.69,100.725,57493,36531,0.0,2年期国债期货,CFFEX,TS0
2022-11-28,100.96,101.01,100.65,100.71,65238,89683,0.0,5年期国债期货,CFFEX,TF0
2022-11-29,99.405,99.475,99.01,99.2,156244,163031,0.0,10年期国债期货,CFFEX,T0
2022-11-29,100.69,100.71,100.53,100.615,43565,36157,0.0,2年期国债期货,CFFEX,TS0
2022-11-29,100.6,100.655,100.275,100.47,101005,96239,0.0,5年期国债期货,CFFEX,TF0
2022-11-30,99.33,99.445,99.125,99.295,124212,162577,0.0,10年期国债期货,CFFEX,T0
2022-11-30,100.63,100.71,100.595,100.665,48734,37474,0.0,2年期国债期货,CFFEX,TS0
2022-11-30,100.53,100.65,100.42,100.545,65986,94448,0.0,5年期国债期货,CFFEX,TF0
2022-12-01,99.235,99.6,99.2,99.58,119334,153173,0.0,10年期国债期货,CFFEX,T0
2022-12-01,100.645,100.735,100.635,100.725,47990,37137,0.0,2年期国债期货,CFFEX,TS0
2022-12-01,100.49,100.705,100.44,100.695,62076,94645,0.0,5年期国债期货,CFFEX,TF0
2022-12-02,99.605,99.755,99.535,99.61,83579,151936,0.0,10年期国债期货,CFFEX,T0
2022-12-02,100.74,100.805,100.715,100.765,47651,38587,0.0,2年期国债期货,CFFEX,TS0
2022-12-02,100.665,100.835,100.655,100.73,52924,93681,0.0,5年期国债期货,CFFEX,TF0
2022-12-05,99.5,99.68,99.425,99.59,83829,153463,0.0,10年期国债期货,CFFEX,T0
2022-12-05,100.75,100.775,100.7,100.745,69424,38082,0.0,2年期国债期货,CFFEX,TS0
2022-12-05,100.655,100.785,100.62,100.675,52119,94507,0.0,5年期国债期货,CFFEX,TF0
2022-12-06,99.5,99.595,99.27,99.35,97309,157719,0.0,10年期国债期货,CFFEX,T0
2022-12-06,100.73,100.745,100.66,100.67,52602,37581,0.0,2年期国债期货,CFFEX,TS0
2022-12-06,100.65,100.7,100.48,100.495,60787,96848,0.0,5年期国债期货,CFFEX,TF0
2022-12-07,99.2,99.615,99.105,99.585,177088,155015,0.0,10年期国债期货,CFFEX,T0
2022-12-07,100.6,100.73,100.555,100.72,66470,37932,0.0,2年期国债期货,CFFEX,TS0
2022-12-07,100.355,100.665,100.26,100.65,113117,99569,0.0,5年期国债期货,CFFEX,TF0
2022-12-08,99.595,99.855,99.555,99.79,97636,150213,0.0,10年期国债期货,CFFEX,T0
2022-12-08,100.725,100.75,100.68,100.735,63698,38695,0.0,2年期国债期货,CFFEX,TS0
2022-12-08,100.61,100.8,100.59,100.755,63538,99194,0.0,5年期国债期货,CFFEX,TF0
2022-12-09,99.66,99.765,99.575,99.725,90223,148576,0.0,10年期国债期货,CFFEX,T0
2022-12-09,100.695,100.71,100.615,100.66,39588,37455,0.0,2年期国债期货,CFFEX,TS0
2022-12-09,100.625,100.695,100.555,100.63,59525,99422,0.0,5年期国债期货,CFFEX,TF0
2022-12-12,99.79,99.915,99.63,99.72,78738,150497,0.0,10年期国债期货,CFFEX,T0
2022-12-12,100.68,100.705,100.615,100.635,34634,37749,0.0,2年期国债期货,CFFEX,TS0
2022-12-12,100.645,100.76,100.555,100.61,49431,100009,0.0,5年期国债期货,CFFEX,TF0
2022-12-13,99.7,99.73,99.395,99.605,96592,150482,0.0,10年期国债期货,CFFEX,T0
2022-12-13,100.62,100.635,100.525,100.575,53318,39885,0.0,2年期国债期货,CFFEX,TS0
2022-12-13,100.57,100.6,100.355,100.51,69709,102453,0.0,5年期国债期货,CFFEX,TF0
2022-12-14,99.755,100.105,99.72,100.07,101399,148688,0.0,10年期国债期货,CFFEX,T0
2022-12-14,100.6,100.77,100.6,100.755,46666,40734,0.0,2年期国债期货,CFFEX,TS0
2022-12-14,100.61,100.91,100.6,100.885,78047,99194,0.0,5年期国债期货,CFFEX,TF0
2022-12-15,99.995,100.095,99.86,99.955,90659,152108,0.0,10年期国债期货,CFFEX,T0
2022-12-15,100.735,100.805,100.715,100.755,42661,40436,0.0,2年期国债期货,CFFEX,TS0
2022-12-15,100.825,100.935,100.765,100.815,66422,95586,0.0,5年期国债期货,CFFEX,TF0
2022-12-16,99.88,100.09,99.835,99.995,65708,151198,0.0,10年期国债期货,CFFEX,T0
2022-12-16,100.735,100.795,100.695,100.74,37477,40847,0.0,2年期国债期货,CFFEX,TS0
2022-12-16,100.76,100.92,100.74,100.835,49676,93853,0.0,5年期国债期货,CFFEX,TF0
2022-12-19,100.2,100.34,100.1,100.19,61962,148172,0.0,10年期国债期货,CFFEX,T0
2022-12-19,100.82,100.88,100.8,100.825,42441,41571,0.0,2年期国债期货,CFFEX,TS0
2022-12-19,101.055,101.12,100.905,100.95,51999,91936,0.0,5年期国债期货,CFFEX,TF0
2022-12-20,100.205,100.28,100.015,100.02,49735,149041,0.0,10年期国债期货,CFFEX,T0
2022-12-20,100.83,100.845,100.755,100.76,42489,40513,0.0,2年期国债期货,CFFEX,TS0
2022-12-20,101.02,101.02,100.83,100.845,45615,90497,0.0,5年期国债期货,CFFEX,TF0
2022-12-21,100.035,100.31,99.96,100.275,58482,150758,0.0,10年期国债期货,CFFEX,T0
2022-12-21,100.76,100.845,100.74,100.825,42681,39846,0.0,2年期国债期货,CFFEX,TS0
2022-12-21,100.87,101.02,100.785,100.995,44770,91125,0.0,5年期国债期货,CFFEX,TF0
2022-12-22,100.275,100.37,100.22,100.255,45882,150325,0.0,10年期国债期货,CFFEX,T0
2022-12-22,100.845,100.885,100.82,100.84,38528,41352,0.0,2年期国债期货,CFFEX,TS0
2022-12-22,101.025,101.095,100.975,101.01,34335,91352,0.0,5年期国债期货,CFFEX,TF0
2022-12-23,100.28,100.5,100.195,100.485,57026,153593,0.0,10年期国债期货,CFFEX,T0
2022-12-23,100.85,100.915,100.84,100.89,40098,42241,0.0,2年期国债期货,CFFEX,TS0
2022-12-23,101.035,101.15,100.975,101.13,38829,89487,0.0,5年期国债期货,CFFEX,TF0
2022-12-26,100.405,100.435,100.135,100.27,58278,151745,0.0,10年期国债期货,CFFEX,T0
2022-12-26,100.89,100.89,100.835,100.875,53569,42444,0.0,2年期国债期货,CFFEX,TS0
2022-12-26,101.085,101.12,100.92,101.015,40861,87705,0.0,5年期国债期货,CFFEX,TF0
2022-12-27,100.2,100.225,99.915,99.99,57044,152913,0.0,10年期国债期货,CFFEX,T0
2022-12-27,100.86,100.86,100.775,100.805,43201,41069,0.0,2年期国债期货,CFFEX,TS0
2022-12-27,100.985,100.985,100.745,100.82,47605,89617,0.0,5年期国债期货,CFFEX,TF0
2022-12-28,100.045,100.08,99.945,100.06,39813,150770,0.0,10年期国债期货,CFFEX,T0
2022-12-28,100.8,100.845,100.79,100.845,35940,41079,0.0,2年期国债期货,CFFEX,TS0
2022-12-28,100.865,100.905,100.79,100.9,32435,88100,0.0,5年期国债期货,CFFEX,TF0
2022-12-29,100.15,100.24,100.12,100.205,37486,151508,0.0,10年期国债期货,CFFEX,T0
2022-12-29,100.86,100.9,100.855,100.88,30269,41370,0.0,2年期国债期货,CFFEX,TS0
2022-12-29,100.95,101.005,100.915,100.97,30666,88885,0.0,5年期国债期货,CFFEX,TF0
2022-12-30,100.17,100.32,100.115,100.225,41713,150029,0.0,10年期国债期货,CFFEX,T0
2022-12-30,100.875,100.91,100.855,100.885,37410,40771,0.0,2年期国债期货,CFFEX,TS0
2022-12-30,100.965,101.035,100.91,100.97,37095,88255,0.0,5年期国债期货,CFFEX,TF0
2023-01-03,100.28,100.43,100.155,100.37,53874,149421,0.0,10年期国债期货,CFFEX,T0
2023-01-03,100.91,100.945,100.87,100.92,31900,40922,0.0,2年期国债期货,CFFEX,TS0
2023-01-03,101.005,101.125,100.95,101.065,39423,88516,0.0,5年期国债期货,CFFEX,TF0
2023-01-04,100.435,100.54,100.38,100.53,56437,152908,0.0,10年期国债期货,CFFEX,T0
2023-01-04,100.935,100.985,100.925,100.97,42254,42366,0.0,2年期国债期货,CFFEX,TS0
2023-01-04,101.095,101.215,101.075,101.17,43843,90596,0.0,5年期国债期货,CFFEX,TF0
2023-01-05,100.45,100.545,100.415,100.435,47104,154132,0.0,10年期国债期货,CFFEX,T0
2023-01-05,100.95,100.975,100.935,100.945,36998,42653,0.0,2年期国债期货,CFFEX,TS0
2023-01-05,101.13,101.2,101.105,101.15,30936,89373,0.0,5年期国债期货,CFFEX,TF0
2023-01-06,100.385,100.39,100.24,100.35,55292,150938,0.0,10年期国债期货,CFFEX,T0
2023-01-06,100.925,100.93,100.855,100.89,43431,44116,0.0,2年期国债期货,CFFEX,TS0
2023-01-06,101.1,101.12,100.965,101.06,50227,90583,0.0,5年期国债期货,CFFEX,TF0
2023-01-09,100.4,100.405,100.18,100.355,50536,153137,0.0,10年期国债期货,CFFEX,T0
2023-01-09,100.895,100.91,100.83,100.865,36594,42440,0.0,2年期国债期货,CFFEX,TS0
2023-01-09,101.085,101.085,100.96,101.03,35705,92170,0.0,5年期国债期货,CFFEX,TF0
2023-01-10,100.29,100.305,100.04,100.065,64900,154276,0.0,10年期国债期货,CFFEX,T0
2023-01-10,100.845,100.865,100.785,100.79,38113,42988,0.0,2年期国债期货,CFFEX,TS0
2023-01-10,100.9,100.985,100.82,100.84,49710,96803,0.0,5年期国债期货,CFFEX,TF0
2023-01-11,100.035,100.23,99.985,100.18,63755,152791,0.0,10年期国债期货,CFFEX,T0
2023-01-11,100.78,100.845,100.76,100.835,31662,43392,0.0,2年期国债期货,CFFEX,TS0
2023-01-11,100.82,100.94,100.775,100.915,46845,97994,0.0,5年期国债期货,CFFEX,TF0
2023-01-12,100.2,100.28,100.12,100.19,51540,151643,0.0,10年期国债期货,CFFEX,T0
2023-01-12,100.845,100.9,100.84,100.875,38002,42400,0.0,2年期国债期货,CFFEX,TS0
2023-01-12,100.965,101.015,100.92,100.97,45317,97549,0.0,5年期国债期货,CFFEX,TF0
2023-01-13,100.19,100.22,100.02,100.025,59637,152337,0.0,10年期国债期货,CFFEX,T0
2023-01-13,100.87,100.88,100.835,100.845,32896,42398,0.0,2年期国债期货,CFFEX,TS0
2023-01-13,100.945,100.975,100.885,100.9,50355,98776,0.0,5年期国债期货,CFFEX,TF0
2023-01-16,99.985,99.995,99.735,99.8,78993,154694,0.0,10年期国债期货,CFFEX,T0
2023-01-16,100.83,100.83,100.75,100.775,37598,42841,0.0,2年期国债期货,CFFEX,TS0
2023-01-16,100.835,100.87,100.66,100.705,67221,99345,0.0,5年期国债期货,CFFEX,TF0
2023-01-17,99.88,99.91,99.75,99.83,50699,155645,0.0,10年期国债期货,CFFEX,T0
2023-01-17,100.8,100.81,100.775,100.8,32810,42861,0.0,2年期国债期货,CFFEX,TS0
2023-01-17,100.745,100.775,100.68,100.745,46810,98973,0.0,5年期国债期货,CFFEX,TF0
2023-01-18,99.96,99.985,99.76,99.785,59610,159902,0.0,10年期国债期货,CFFEX,T0
2023-01-18,100.83,100.86,100.77,100.78,41794,42496,0.0,2年期国债期货,CFFEX,TS0
2023-01-18,100.795,100.86,100.695,100.715,46950,97642,0.0,5年期国债期货,CFFEX,TF0
2023-01-19,99.885,99.93,99.72,99.85,56037,162506,0.0,10年期国债期货,CFFEX,T0
2023-01-19,100.8,100.815,100.755,100.785,41881,42220,0.0,2年期国债期货,CFFEX,TS0
2023-01-19,100.745,100.81,100.66,100.735,46397,97166,0.0,5年期国债期货,CFFEX,TF0
2023-01-20,99.86,99.885,99.665,99.695,45518,165717,0.0,10年期国债期货,CFFEX,T0
2023-01-20,100.805,100.815,100.755,100.775,27633,42597,0.0,2年期国债期货,CFFEX,TS0
2023-01-20,100.735,100.77,100.625,100.64,28767,97918,0.0,5年期国债期货,CFFEX,TF0
2023-01-30,99.68,100.045,99.63,100.03,74124,162252,0.0,10年期国债期货,CFFEX,T0
2023-01-30,100.76,100.855,100.73,100.835,38661,41019,0.0,2年期国债期货,CFFEX,TS0
2023-01-30,100.6,100.88,100.58,100.85,55433,97073,0.0,5年期国债期货,CFFEX,TF0
2023-01-31,100.005,100.235,99.965,100.205,80192,153344,0.0,10年期国债期货,CFFEX,T0
2023-01-31,100.84,100.91,100.83,100.905,52025,41397,0.0,2年期国债期货,CFFEX,TS0
2023-01-31,100.83,100.985,100.815,100.96,63505,93661,0.0,5年期国债期货,CFFEX,TF0
2023-02-01,100.175,100.26,100.095,100.11,62880,150612,0.0,10年期国债期货,CFFEX,T0
2023-02-01,100.895,100.915,100.865,100.88,52548,39456,0.0,2年期国债期货,CFFEX,TS0
2023-02-01,100.935,100.995,100.91,100.925,44189,91199,0.0,5年期国债期货,CFFEX,TF0
2023-02-02,100.12,100.335,100.105,100.305,65875,146875,0.0,10年期国债期货,CFFEX,T0
2023-02-02,100.885,100.92,100.88,100.91,55671,39106,0.0,2年期国债期货,CFFEX,TS0
2023-02-02,100.94,101.035,100.92,101.035,43735,90142,0.0,5年期国债期货,CFFEX,TF0
2023-02-03,100.355,100.39,100.26,100.355,63470,143487,0.0,10年期国债期货,CFFEX,T0
2023-02-03,100.93,100.945,100.91,100.94,55869,37820,0.0,2年期国债期货,CFFEX,TS0
2023-02-03,101.06,101.08,100.995,101.07,54256,85733,0.0,5年期国债期货,CFFEX,TF0
2023-02-06,100.37,100.395,100.265,100.265,55189,141508,0.0,10年期国债期货,CFFEX,T0
2023-02-06,100.94,100.96,100.88,100.885,45602,35590,0.0,2年期国债期货,CFFEX,TS0
2023-02-06,101.06,101.12,100.975,100.975,49220,81856,0.0,5年期国债期货,CFFEX,TF0
2023-02-07,100.24,100.48,100.215,100.48,59844,141247,0.0,10年期国债期货,CFFEX,T0
2023-02-07,100.875,100.93,100.87,100.92,38871,34374,0.0,2年期国债期货,CFFEX,TS0
2023-02-07,100.97,101.1,100.945,101.1,54958,81685,0.0,5年期国债期货,CFFEX,TF0
2023-02-08,100.445,100.47,100.36,100.415,51120,137075,0.0,10年期国债期货,CFFEX,T0
2023-02-08,100.92,100.93,100.9,100.91,30780,32511,0.0,2年期国债期货,CFFEX,TS0
2023-02-08,101.09,101.1,101.025,101.065,46317,78932,0.0,5年期国债期货,CFFEX,TF0
2023-02-09,100.455,100.595,100.375,100.53,67809,134375,0.0,10年期国债期货,CFFEX,T0
2023-02-09,100.93,100.985,100.905,100.965,45516,31293,0.0,2年期国债期货,CFFEX,TS0
2023-02-09,101.095,101.18,101.04,101.155,51949,77635,0.0,5年期国债期货,CFFEX,TF0
2023-02-10,100.51,100.56,100.4,100.47,47000,128389,0.0,10年期国债期货,CFFEX,T0
2023-02-10,100.97,100.985,100.945,100.965,44127,30117,0.0,2年期国债期货,CFFEX,TS0
2023-02-10,101.13,101.17,101.06,101.09,45601,71767,0.0,5年期国债期货,CFFEX,TF0
2023-02-13,100.495,100.575,100.415,100.5,48044,125100,0.0,10年期国债期货,CFFEX,T0
2023-02-13,100.975,100.99,100.945,100.95,45466,28185,0.0,2年期国债期货,CFFEX,TS0
2023-02-13,101.11,101.165,101.065,101.105,46878,67970,0.0,5年期国债期货,CFFEX,TF0
2023-02-14,100.465,100.575,100.395,100.54,56635,119229,0.0,10年期国债期货,CFFEX,T0
2023-02-14,100.95,100.975,100.92,100.96,38055,25713,0.0,2年期国债期货,CFFEX,TS0
2023-02-14,101.08,101.15,101.01,101.135,52822,63845,0.0,5年期国债期货,CFFEX,TF0
2023-02-15,100.5,100.565,100.435,100.545,56303,112690,0.0,10年期国债期货,CFFEX,T0
2023-02-15,100.955,100.97,100.93,100.955,41855,24240,0.0,2年期国债期货,CFFEX,TS0
2023-02-15,101.095,101.175,101.06,101.15,50508,60033,0.0,5年期国债期货,CFFEX,TF0
2023-02-16,100.525,100.835,100.455,100.69,66288,104763,0.0,10年期国债期货,CFFEX,T0
2023-02-16,100.94,101.03,100.925,100.995,26518,21552,0.0,2年期国债期货,CFFEX,TS0
2023-02-16,101.14,101.33,101.08,101.22,52921,53905,0.0,5年期国债期货,CFFEX,TF0
2023-02-17,100.63,100.66,100.55,100.64,54191,92203,0.0,10年期国债期货,CFFEX,T0
2023-02-17,100.98,100.98,100.92,100.93,37537,17314,0.0,2年期国债期货,CFFEX,TS0
2023-02-17,101.18,101.21,101.115,101.17,52464,45242,0.0,5年期国债期货,CFFEX,TF0
2023-02-20,100.59,100.68,100.365,100.385,63933,80522,0.0,10年期国债期货,CFFEX,T0
2023-02-20,100.91,100.93,100.84,100.85,27986,15138,0.0,2年期国债期货,CFFEX,TS0
2023-02-20,101.16,101.195,100.965,101.005,55787,39108,0.0,5年期国债期货,CFFEX,TF0
2023-02-21,99.44,99.5,99.3,99.48,92605,126243,0.0,10年期国债期货,CFFEX,T0
2023-02-21,100.57,100.59,100.53,100.58,43126,39522,0.0,2年期国债期货,CFFEX,TS0
2023-02-21,100.99,101.04,100.9,101.0,32461,33438,0.0,5年期国债期货,CFFEX,TF0
2023-02-22,99.52,99.58,99.46,99.58,52088,129787,0.0,10年期国债期货,CFFEX,T0
2023-02-22,100.585,100.61,100.58,100.605,29537,40517,0.0,2年期国债期货,CFFEX,TS0
2023-02-22,100.425,100.485,100.405,100.465,48727,77904,0.0,5年期国债期货,CFFEX,TF0
2023-02-23,99.54,99.665,99.5,99.605,59045,135396,0.0,10年期国债期货,CFFEX,T0
2023-02-23,100.585,100.61,100.575,100.595,27611,43891,0.0,2年期国债期货,CFFEX,TS0
2023-02-23,100.455,100.53,100.42,100.485,45542,80823,0.0,5年期国债期货,CFFEX,TF0
2023-02-24,99.58,99.74,99.565,99.715,59004,140660,0.0,10年期国债期货,CFFEX,T0
2023-02-24,100.585,100.615,100.57,100.605,30679,46018,0.0,2年期国债期货,CFFEX,TS0
2023-02-24,100.45,100.545,100.44,100.52,41389,81265,0.0,5年期国债期货,CFFEX,TF0
2023-02-27,99.725,99.76,99.625,99.735,50308,142256,0.0,10年期国债期货,CFFEX,T0
2023-02-27,100.61,100.615,100.56,100.575,26083,46308,0.0,2年期国债期货,CFFEX,TS0
2023-02-27,100.52,100.535,100.425,100.515,37566,82081,0.0,5年期国债期货,CFFEX,TF0
2023-02-28,99.695,99.87,99.635,99.825,73377,148111,0.0,10年期国债期货,CFFEX,T0
2023-02-28,100.575,100.63,100.545,100.615,43622,47453,0.0,2年期国债期货,CFFEX,TS0
2023-02-28,100.455,100.63,100.435,100.59,60072,87338,0.0,5年期国债期货,CFFEX,TF0
2023-03-01,99.8,99.89,99.725,99.885,66965,150995,0.0,10年期国债期货,CFFEX,T0
2023-03-01,100.605,100.645,100.59,100.635,38155,46826,0.0,2年期国债期货,CFFEX,TS0
2023-03-01,100.55,100.63,100.535,100.62,50074,89815,0.0,5年期国债期货,CFFEX,TF0
2023-03-02,99.9,99.915,99.69,99.745,67439,155318,0.0,10年期国债期货,CFFEX,T0
2023-03-02,100.645,100.655,100.6,100.615,33003,48010,0.0,2年期国债期货,CFFEX,TS0
2023-03-02,100.6,100.645,100.495,100.545,44758,90013,0.0,5年期国债期货,CFFEX,TF0
2023-03-03,99.69,99.815,99.6,99.805,70397,157123,0.0,10年期国债期货,CFFEX,T0
2023-03-03,100.6,100.655,100.6,100.645,42262,51089,0.0,2年期国债期货,CFFEX,TS0
2023-03-03,100.515,100.595,100.45,100.59,49845,90708,0.0,5年期国债期货,CFFEX,TF0
2023-03-06,99.9,100.03,99.9,100.0,58695,160624,0.0,10年期国债期货,CFFEX,T0
2023-03-06,100.665,100.71,100.66,100.71,33262,53013,0.0,2年期国债期货,CFFEX,TS0
2023-03-06,100.65,100.745,100.645,100.73,52277,95248,0.0,5年期国债期货,CFFEX,TF0
2023-03-07,99.97,100.16,99.95,100.14,59660,162891,0.0,10年期国债期货,CFFEX,T0
2023-03-07,100.7,100.76,100.695,100.745,39157,55048,0.0,2年期国债期货,CFFEX,TS0
2023-03-07,100.72,100.835,100.7,100.815,51768,98734,0.0,5年期国债期货,CFFEX,TF0
2023-03-08,100.11,100.175,100.07,100.095,50510,164812,0.0,10年期国债期货,CFFEX,T0
2023-03-08,100.75,100.765,100.71,100.715,48595,55684,0.0,2年期国债期货,CFFEX,TS0
2023-03-08,100.81,100.835,100.75,100.76,38077,98739,0.0,5年期国债期货,CFFEX,TF0
2023-03-09,100.095,100.24,100.09,100.195,54360,168298,0.0,10年期国债期货,CFFEX,T0
2023-03-09,100.715,100.755,100.705,100.745,40245,57218,0.0,2年期国债期货,CFFEX,TS0
2023-03-09,100.775,100.865,100.75,100.83,47946,99422,0.0,5年期国债期货,CFFEX,TF0
2023-03-10,100.24,100.295,100.19,100.29,51084,170365,0.0,10年期国债期货,CFFEX,T0
2023-03-10,100.755,100.775,100.735,100.75,29074,57293,0.0,2年期国债期货,CFFEX,TS0
2023-03-10,100.87,100.905,100.82,100.86,43777,98652,0.0,5年期国债期货,CFFEX,TF0
2023-03-13,100.29,100.3,100.1,100.205,60686,171212,0.0,10年期国债期货,CFFEX,T0
2023-03-13,100.755,100.76,100.705,100.74,33006,57811,0.0,2年期国债期货,CFFEX,TS0
2023-03-13,100.85,100.87,100.74,100.83,47407,97836,0.0,5年期国债期货,CFFEX,TF0
2023-03-14,100.245,100.365,100.23,100.345,66857,173754,0.0,10年期国债期货,CFFEX,T0
2023-03-14,100.75,100.785,100.75,100.77,38101,60602,0.0,2年期国债期货,CFFEX,TS0
2023-03-14,100.885,100.925,100.83,100.905,49739,99807,0.0,5年期国债期货,CFFEX,TF0
2023-03-15,100.3,100.3,100.16,100.255,59274,174411,0.0,10年期国债期货,CFFEX,T0
2023-03-15,100.76,100.775,100.73,100.76,32136,59703,0.0,2年期国债期货,CFFEX,TS0
2023-03-15,100.875,100.875,100.78,100.83,47305,98701,0.0,5年期国债期货,CFFEX,TF0
2023-03-16,100.32,100.495,100.295,100.47,67228,176805,0.0,10年期国债期货,CFFEX,T0
2023-03-16,100.775,100.845,100.775,100.815,30168,61188,0.0,2年期国债期货,CFFEX,TS0
2023-03-16,100.88,101.02,100.875,100.985,53089,101731,0.0,5年期国债期货,CFFEX,TF0
2023-03-17,100.4,100.53,100.37,100.425,58280,177945,0.0,10年期国债期货,CFFEX,T0
2023-03-17,100.8,100.85,100.79,100.825,36313,62165,0.0,2年期国债期货,CFFEX,TS0
2023-03-17,100.94,101.03,100.915,100.985,50973,103952,0.0,5年期国债期货,CFFEX,TF0
2023-03-20,100.48,100.56,100.4,100.49,61341,177985,0.0,10年期国债期货,CFFEX,T0
2023-03-20,100.895,100.915,100.86,100.88,47667,62470,0.0,2年期国债期货,CFFEX,TS0
2023-03-20,101.11,101.14,101.015,101.075,64555,102903,0.0,5年期国债期货,CFFEX,TF0
2023-03-21,100.47,100.495,100.335,100.38,65425,178412,0.0,10年期国债期货,CFFEX,T0
2023-03-21,100.875,100.895,100.845,100.855,43490,62996,0.0,2年期国债期货,CFFEX,TS0
2023-03-21,101.075,101.095,100.98,101.025,61705,104345,0.0,5年期国债期货,CFFEX,TF0
2023-03-22,100.38,100.43,100.295,100.405,54391,180669,0.0,10年期国债期货,CFFEX,T0
2023-03-22,100.85,100.88,100.84,100.875,27110,63306,0.0,2年期国债期货,CFFEX,TS0
2023-03-22,101.0,101.045,100.97,101.025,56446,106390,0.0,5年期国债期货,CFFEX,TF0
2023-03-23,100.43,100.455,100.315,100.335,51673,181128,0.0,10年期国债期货,CFFEX,T0
2023-03-23,100.88,100.885,100.855,100.87,35480,64173,0.0,2年期国债期货,CFFEX,TS0
2023-03-23,101.05,101.075,100.99,101.005,48179,106524,0.0,5年期国债期货,CFFEX,TF0
2023-03-24,100.365,100.365,100.165,100.23,76572,179472,0.0,10年期国债期货,CFFEX,T0
2023-03-24,100.86,100.875,100.805,100.805,35793,64639,0.0,2年期国债期货,CFFEX,TS0
2023-03-24,101.02,101.025,100.89,100.91,58564,108147,0.0,5年期国债期货,CFFEX,TF0
2023-03-27,100.31,100.46,100.295,100.45,55115,183115,0.0,10年期国债期货,CFFEX,T0
2023-03-27,100.825,100.875,100.825,100.865,26984,64252,0.0,2年期国债期货,CFFEX,TS0
2023-03-27,100.975,101.08,100.96,101.055,49466,106264,0.0,5年期国债期货,CFFEX,TF0
2023-03-28,100.41,100.475,100.38,100.445,46888,183486,0.0,10年期国债期货,CFFEX,T0
2023-03-28,100.85,100.875,100.845,100.855,23308,64137,0.0,2年期国债期货,CFFEX,TS0
2023-03-28,101.045,101.065,100.995,101.03,36165,107651,0.0,5年期国债期货,CFFEX,TF0
2023-03-29,100.43,100.48,100.37,100.47,54393,183274,0.0,10年期国债期货,CFFEX,T0
2023-03-29,100.855,100.88,100.84,100.87,17740,64481,0.0,2年期国债期货,CFFEX,TS0
2023-03-29,101.05,101.05,100.975,101.03,39692,110135,0.0,5年期国债期货,CFFEX,TF0
2023-03-30,100.5,100.56,100.315,100.37,76867,182254,0.0,10年期国债期货,CFFEX,T0
2023-03-30,100.89,100.915,100.85,100.86,24517,65758,0.0,2年期国债期货,CFFEX,TS0
2023-03-30,101.075,101.11,100.94,100.985,54814,110274,0.0,5年期国债期货,CFFEX,TF0
2023-03-31,100.39,100.48,100.31,100.455,66015,181477,0.0,10年期国债期货,CFFEX,T0
2023-03-31,100.87,100.905,100.855,100.9,29240,66831,0.0,2年期国债期货,CFFEX,TS0
2023-03-31,101.015,101.075,100.95,101.06,53993,107373,0.0,5年期国债期货,CFFEX,TF0
2023-04-03,100.445,100.475,100.265,100.295,78380,175954,0.0,10年期国债期货,CFFEX,T0
2023-04-03,100.9,100.9,100.85,100.85,31393,63023,0.0,2年期国债期货,CFFEX,TS0
2023-04-03,101.08,101.08,100.93,100.94,58765,104005,0.0,5年期国债期货,CFFEX,TF0
2023-04-04,100.335,100.38,100.275,100.365,49969,176852,0.0,10年期国债期货,CFFEX,T0
2023-04-04,100.86,100.87,100.84,100.855,22249,62706,0.0,2年期国债期货,CFFEX,TS0
2023-04-04,100.975,100.995,100.925,100.99,35971,103404,0.0,5年期国债期货,CFFEX,TF0
2023-04-06,100.37,100.385,100.255,100.35,61648,177097,0.0,10年期国债期货,CFFEX,T0
2023-04-06,100.86,100.86,100.81,100.83,26390,61223,0.0,2年期国债期货,CFFEX,TS0
2023-04-06,100.99,100.995,100.865,100.95,47899,104139,0.0,5年期国债期货,CFFEX,TF0
2023-04-07,100.33,100.615,100.265,100.55,87814,183048,0.0,10年期国债期货,CFFEX,T0
2023-04-07,100.825,100.905,100.805,100.875,25442,61597,0.0,2年期国债期货,CFFEX,TS0
2023-04-07,100.94,101.13,100.885,101.08,54862,103561,0.0,5年期国债期货,CFFEX,TF0
2023-04-10,100.5,100.61,100.47,100.605,40800,183817,0.0,10年期国债期货,CFFEX,T0
2023-04-10,100.87,100.89,100.86,100.88,12438,61868,0.0,2年期国债期货,CFFEX,TS0
2023-04-10,101.05,101.105,101.025,101.105,40020,103774,0.0,5年期国债期货,CFFEX,TF0
2023-04-11,100.65,100.775,100.63,100.765,56359,188222,0.0,10年期国债期货,CFFEX,T0
2023-04-11,100.885,100.92,100.885,100.905,23250,62728,0.0,2年期国债期货,CFFEX,TS0
2023-04-11,101.12,101.195,101.105,101.17,50138,106795,0.0,5年期国债期货,CFFEX,TF0
2023-04-12,100.8,100.865,100.755,100.83,46146,186353,0.0,10年期国债期货,CFFEX,T0
2023-04-12,100.92,100.935,100.905,100.92,18265,64409,0.0,2年期国债期货,CFFEX,TS0
2023-04-12,101.2,101.23,101.165,101.215,35764,105273,0.0,5年期国债期货,CFFEX,TF0
2023-04-13,100.795,100.835,100.705,100.765,56550,184818,0.0,10年期国债期货,CFFEX,T0
2023-04-13,100.92,100.93,100.9,100.91,24300,62666,0.0,2年期国债期货,CFFEX,TS0
2023-04-13,101.2,101.22,101.135,101.155,40999,105044,0.0,5年期国债期货,CFFEX,TF0
2023-04-14,100.75,100.83,100.65,100.73,73234,186577,0.0,10年期国债期货,CFFEX,T0
2023-04-14,100.9,100.93,100.89,100.91,30292,62314,0.0,2年期国债期货,CFFEX,TS0
2023-04-14,101.155,101.21,101.1,101.135,51382,106871,0.0,5年期国债期货,CFFEX,TF0
2023-04-17,100.67,100.67,100.56,100.575,75829,185514,0.0,10年期国债期货,CFFEX,T0
2023-04-17,100.9,100.9,100.87,100.87,22381,60958,0.0,2年期国债期货,CFFEX,TS0
2023-04-17,101.115,101.115,101.035,101.05,52947,104207,0.0,5年期国债期货,CFFEX,TF0
2023-04-18,100.56,100.72,100.535,100.69,71110,185160,0.0,10年期国债期货,CFFEX,T0
2023-04-18,100.865,100.905,100.86,100.895,24329,60796,0.0,2年期国债期货,CFFEX,TS0
2023-04-18,101.065,101.155,101.03,101.14,45805,103831,0.0,5年期国债期货,CFFEX,TF0
2023-04-19,100.715,100.78,100.7,100.735,52796,184440,0.0,10年期国债期货,CFFEX,T0
2023-04-19,100.905,100.93,100.9,100.905,17017,61628,0.0,2年期国债期货,CFFEX,TS0
2023-04-19,101.16,101.21,101.155,101.185,41187,103331,0.0,5年期国债期货,CFFEX,TF0
2023-04-20,100.735,100.765,100.66,100.72,53933,184470,0.0,10年期国债期货,CFFEX,T0
2023-04-20,100.905,100.92,100.89,100.91,24527,61138,0.0,2年期国债期货,CFFEX,TS0
2023-04-20,101.185,101.215,101.125,101.16,38415,102769,0.0,5年期国债期货,CFFEX,TF0
2023-04-21,100.745,100.925,100.69,100.9,76804,188652,0.0,10年期国债期货,CFFEX,T0
2023-04-21,100.91,100.945,100.895,100.94,27529,62083,0.0,2年期国债期货,CFFEX,TS0
2023-04-21,96.09,96.28,96.01,96.21,11587,4556,0.0,30年期国债期货,CFFEX,TL0
2023-04-21,101.16,101.27,101.13,101.25,58414,106320,0.0,5年期国债期货,CFFEX,TF0
2023-04-24,100.915,101.015,100.915,100.96,65789,187546,0.0,10年期国债期货,CFFEX,T0
2023-04-24,100.94,100.955,100.93,100.94,23550,60997,0.0,2年期国债期货,CFFEX,TS0
2023-04-24,96.28,96.41,96.26,96.37,4385,5430,0.0,30年期国债期货,CFFEX,TL0
2023-04-24,101.285,101.32,101.265,101.285,45343,104705,0.0,5年期国债期货,CFFEX,TF0
2023-04-25,100.985,101.01,100.93,100.955,62070,187203,0.0,10年期国债期货,CFFEX,T0
2023-04-25,100.94,100.955,100.92,100.925,26587,59882,0.0,2年期国债期货,CFFEX,TS0
2023-04-25,96.4,96.48,96.32,96.4,7308,6115,0.0,30年期国债期货,CFFEX,TL0
2023-04-25,101.315,101.33,101.26,101.28,47944,104101,0.0,5年期国债期货,CFFEX,TF0
2023-04-26,100.985,101.11,100.94,101.09,64309,185491,0.0,10年期国债期货,CFFEX,T0
2023-04-26,100.935,100.97,100.93,100.955,18988,59148,0.0,2年期国债期货,CFFEX,TS0
2023-04-26,96.44,96.51,96.38,96.43,5745,6419,0.0,30年期国债期货,CFFEX,TL0
2023-04-26,101.3,101.4,101.28,101.375,50023,102251,0.0,5年期国债期货,CFFEX,TF0
2023-04-27,101.225,101.32,101.145,101.3,80460,180051,0.0,10年期国债期货,CFFEX,T0
2023-04-27,100.975,101.02,100.975,101.01,24910,58658,0.0,2年期国债期货,CFFEX,TS0
2023-04-27,96.57,96.79,96.47,96.79,4479,6411,0.0,30年期国债期货,CFFEX,TL0
2023-04-27,101.47,101.51,101.43,101.5,58901,99783,0.0,5年期国债期货,CFFEX,TF0
2023-04-28,101.24,101.265,101.165,101.255,51339,174747,0.0,10年期国债期货,CFFEX,T0
2023-04-28,101.01,101.015,100.99,101.015,22618,55995,0.0,2年期国债期货,CFFEX,TS0
2023-04-28,96.79,96.79,96.55,96.64,4379,6370,0.0,30年期国债期货,CFFEX,TL0
2023-04-28,101.475,101.485,101.43,101.47,37054,97479,0.0,5年期国债期货,CFFEX,TF0
2023-05-04,101.42,101.445,101.36,101.385,41944,169733,0.0,10年期国债期货,CFFEX,T0
2023-05-04,101.04,101.065,101.03,101.045,17166,54308,0.0,2年期国债期货,CFFEX,TS0
2023-05-04,96.89,97.1,96.89,97.1,4220,6731,0.0,30年期国债期货,CFFEX,TL0
2023-05-04,101.565,101.62,101.51,101.53,40219,92530,0.0,5年期国债期货,CFFEX,TF0
2023-05-05,101.45,101.705,101.445,101.68,65873,166659,0.0,10年期国债期货,CFFEX,T0
2023-05-05,101.065,101.145,101.065,101.135,22725,54025,0.0,2年期国债期货,CFFEX,TS0
2023-05-05,97.16,97.57,97.13,97.45,5865,7262,0.0,30年期国债期货,CFFEX,TL0
2023-05-05,101.585,101.78,101.58,101.75,49257,91963,0.0,5年期国债期货,CFFEX,TF0
2023-05-08,101.56,101.58,101.425,101.48,63108,155437,0.0,10年期国债期货,CFFEX,T0
2023-05-08,101.125,101.125,101.095,101.105,22731,50024,0.0,2年期国债期货,CFFEX,TS0
2023-05-08,97.38,97.38,97.05,97.1,5165,7548,0.0,30年期国债期货,CFFEX,TL0
2023-05-08,101.67,101.71,101.6,101.645,50992,83060,0.0,5年期国债期货,CFFEX,TF0
2023-05-09,101.53,101.625,101.515,101.545,50583,152123,0.0,10年期国债期货,CFFEX,T0
2023-05-09,101.11,101.13,101.1,101.11,23697,48329,0.0,2年期国债期货,CFFEX,TS0
2023-05-09,97.15,97.23,97.08,97.17,5418,7501,0.0,30年期国债期货,CFFEX,TL0
2023-05-09,101.68,101.71,101.66,101.67,54958,78379,0.0,5年期国债期货,CFFEX,TF0
2023-05-10,101.63,101.78,101.625,101.705,75354,144271,0.0,10年期国债期货,CFFEX,T0
2023-05-10,101.13,101.18,101.125,101.165,30038,48224,0.0,2年期国债期货,CFFEX,TS0
2023-05-10,97.31,97.41,97.25,97.27,6545,7294,0.0,30年期国债期货,CFFEX,TL0
2023-05-10,101.71,101.865,101.71,101.815,55860,75814,0.0,5年期国债期货,CFFEX,TF0
2023-05-11,101.91,101.955,101.765,101.835,64963,134179,0.0,10年期国债期货,CFFEX,T0
2023-05-11,101.205,101.23,101.175,101.2,19712,46478,0.0,2年期国债期货,CFFEX,TS0
2023-05-11,97.51,97.69,97.4,97.45,4683,6556,0.0,30年期国债期货,CFFEX,TL0
2023-05-11,101.935,101.995,101.865,101.93,42202,70311,0.0,5年期国债期货,CFFEX,TF0
2023-05-12,101.755,101.78,101.67,101.755,59975,123639,0.0,10年期国债期货,CFFEX,T0
2023-05-12,101.185,101.205,101.15,101.175,30129,42973,0.0,2年期国债期货,CFFEX,TS0
2023-05-12,97.29,97.41,97.24,97.35,6230,6166,0.0,30年期国债期货,CFFEX,TL0
2023-05-12,101.88,101.91,101.84,101.885,53170,66899,0.0,5年期国债期货,CFFEX,TF0
2023-05-15,101.76,101.83,101.645,101.7,61925,114383,0.0,10年期国债期货,CFFEX,T0
2023-05-15,101.175,101.185,101.105,101.11,25949,38795,0.0,2年期国债期货,CFFEX,TS0
2023-05-15,97.26,97.4,97.12,97.23,3779,5713,0.0,30年期国债期货,CFFEX,TL0
2023-05-15,101.88,101.935,101.81,101.835,52509,59350,0.0,5年期国债期货,CFFEX,TF0
2023-05-16,101.725,101.735,101.63,101.71,60895,104637,0.0,10年期国债期货,CFFEX,T0
2023-05-16,101.115,101.125,101.075,101.09,25229,35459,0.0,2年期国债期货,CFFEX,TS0
2023-05-16,97.23,97.29,97.09,97.26,3187,4943,0.0,30年期国债期货,CFFEX,TL0
2023-05-16,101.865,101.865,101.76,101.82,44191,52737,0.0,5年期国债期货,CFFEX,TF0
2023-05-17,101.75,101.77,101.59,101.63,47527,96008,0.0,10年期国债期货,CFFEX,T0
2023-05-17,101.095,101.11,101.05,101.06,21101,32274,0.0,2年期国债期货,CFFEX,TS0
2023-05-17,97.29,97.35,97.11,97.21,1931,4535,0.0,30年期国债期货,CFFEX,TL0
2023-05-17,101.82,101.86,101.765,101.785,30292,48517,0.0,5年期国债期货,CFFEX,TF0
2023-05-18,101.59,101.66,101.52,101.63,47426,86572,0.0,10年期国债期货,CFFEX,T0
2023-05-18,101.045,101.05,101.015,101.04,28108,29977,0.0,2年期国债期货,CFFEX,TS0
2023-05-18,97.11,97.18,96.97,97.17,2078,4092,0.0,30年期国债期货,CFFEX,TL0
2023-05-18,101.745,101.815,101.705,101.8,26104,44096,0.0,5年期国债期货,CFFEX,TF0
2023-05-19,101.21,101.335,101.195,101.305,78839,134230,0.0,10年期国债期货,CFFEX,T0
2023-05-19,101.045,101.09,101.035,101.07,20325,28302,0.0,2年期国债期货,CFFEX,TS0
2023-05-19,96.83,97.0,96.79,96.97,5917,8538,0.0,30年期国债期货,CFFEX,TL0
2023-05-19,101.56,101.66,101.56,101.64,56385,80315,0.0,5年期国债期货,CFFEX,TF0
2023-05-22,101.29,101.445,101.28,101.36,69656,143778,0.0,10年期国债期货,CFFEX,T0
2023-05-22,101.07,101.125,101.055,101.105,12797,26862,0.0,2年期国债期货,CFFEX,TS0
2023-05-22,96.97,97.06,96.89,96.96,6401,8883,0.0,30年期国债期货,CFFEX,TL0
2023-05-22,101.665,101.81,101.64,101.75,62770,84864,0.0,5年期国债期货,CFFEX,TF0
2023-05-23,101.45,101.635,101.43,101.58,68445,151722,0.0,10年期国债期货,CFFEX,T0
2023-05-23,101.09,101.17,101.08,101.155,21107,39654,0.0,2年期国债期货,CFFEX,TS0
2023-05-23,97.01,97.24,97.01,97.15,5062,9249,0.0,30年期国债期货,CFFEX,TL0
2023-05-23,101.83,101.965,101.815,101.925,54673,89228,0.0,5年期国债期货,CFFEX,TF0
2023-05-24,101.535,101.635,101.52,101.575,63170,153102,0.0,10年期国债期货,CFFEX,T0
2023-05-24,101.14,101.16,101.115,101.145,26885,40637,0.0,2年期国债期货,CFFEX,TS0
2023-05-24,97.12,97.26,97.07,97.19,4825,9529,0.0,30年期国债期货,CFFEX,TL0
2023-05-24,101.91,101.935,101.84,101.89,50354,89035,0.0,5年期国债期货,CFFEX,TF0
2023-05-25,101.56,101.565,101.45,101.47,67054,155929,0.0,10年期国债期货,CFFEX,T0
2023-05-25,101.14,101.14,101.09,101.1,20466,40544,0.0,2年期国债期货,CFFEX,TS0
2023-05-25,97.16,97.18,96.96,97.04,6307,9929,0.0,30年期国债期货,CFFEX,TL0
2023-05-25,101.89,101.895,101.81,101.82,51190,88245,0.0,5年期国债期货,CFFEX,TF0
2023-05-26,101.465,101.515,101.31,101.36,73013,155911,0.0,10年期国债期货,CFFEX,T0
2023-05-26,101.1,101.12,101.065,101.08,21751,40122,0.0,2年期国债期货,CFFEX,TS0
2023-05-26,96.99,97.09,96.74,96.81,6532,10062,0.0,30年期国债期货,CFFEX,TL0
2023-05-26,101.84,101.86,101.74,101.77,42801,88260,0.0,5年期国债期货,CFFEX,TF0
2023-05-29,101.315,101.505,101.27,101.49,64128,161414,0.0,10年期国债期货,CFFEX,T0
2023-05-29,101.075,101.16,101.055,101.16,26765,42498,0.0,2年期国债期货,CFFEX,TS0
2023-05-29,96.71,96.99,96.7,96.99,6163,10116,0.0,30年期国债期货,CFFEX,TL0
2023-05-29,101.75,101.88,101.7,101.875,43777,90433,0.0,5年期国债期货,CFFEX,TF0
2023-05-30,101.53,101.57,101.425,101.43,69533,167197,0.0,10年期国债期货,CFFEX,T0
2023-05-30,101.19,101.195,101.155,101.165,35733,43661,0.0,2年期国债期货,CFFEX,TS0
2023-05-30,97.06,97.09,96.85,96.87,4583,10453,0.0,30年期国债期货,CFFEX,TL0
2023-05-30,101.885,101.94,101.83,101.83,47195,92991,0.0,5年期国债期货,CFFEX,TF0
2023-05-31,101.47,101.55,101.415,101.52,69902,169361,0.0,10年期国债期货,CFFEX,T0
2023-05-31,101.17,101.23,101.155,101.22,30987,44959,0.0,2年期国债期货,CFFEX,TS0
2023-05-31,96.92,97.06,96.86,97.06,5638,11023,0.0,30年期国债期货,CFFEX,TL0
2023-05-31,101.86,101.925,101.805,101.92,43736,93783,0.0,5年期国债期货,CFFEX,TF0
2023-06-01,101.605,101.695,101.525,101.65,64958,175276,0.0,10年期国债期货,CFFEX,T0
2023-06-01,101.25,101.27,101.225,101.25,31888,46642,0.0,2年期国债期货,CFFEX,TS0
2023-06-01,97.13,97.26,97.02,97.19,6550,11807,0.0,30年期国债期货,CFFEX,TL0
2023-06-01,102.015,102.03,101.92,101.99,48413,96770,0.0,5年期国债期货,CFFEX,TF0
2023-06-02,101.585,101.605,101.205,101.295,89827,180161,0.0,10年期国债期货,CFFEX,T0
2023-06-02,101.24,101.255,101.15,101.175,32000,45594,0.0,2年期国债期货,CFFEX,TS0
2023-06-02,97.13,97.16,96.63,96.7,7840,11735,0.0,30年期国债期货,CFFEX,TL0
2023-06-02,101.95,101.98,101.61,101.68,64393,95036,0.0,5年期国债期货,CFFEX,TF0
2023-06-05,101.35,101.475,101.315,101.47,61534,183934,0.0,10年期国债期货,CFFEX,T0
2023-06-05,101.195,101.23,101.185,101.21,31083,45355,0.0,2年期国债期货,CFFEX,TS0
2023-06-05,96.81,96.98,96.75,96.92,6881,12492,0.0,30年期国债期货,CFFEX,TL0
2023-06-05,101.725,101.835,101.72,101.8,45854,94779,0.0,5年期国债期货,CFFEX,TF0
2023-06-06,101.48,101.63,101.455,101.62,62533,186269,0.0,10年期国债期货,CFFEX,T0
2023-06-06,101.21,101.28,101.21,101.275,32047,48827,0.0,2年期国债期货,CFFEX,TS0
2023-06-06,96.97,97.08,96.9,97.07,5768,12628,0.0,30年期国债期货,CFFEX,TL0
2023-06-06,101.815,101.905,101.8,101.895,43123,96267,0.0,5年期国债期货,CFFEX,TF0
2023-06-07,101.635,101.715,101.585,101.7,68630,190809,0.0,10年期国债期货,CFFEX,T0
2023-06-07,101.29,101.295,101.25,101.26,35894,49644,0.0,2年期国债期货,CFFEX,TS0
2023-06-07,97.07,97.27,97.03,97.23,7788,12550,0.0,30年期国债期货,CFFEX,TL0
2023-06-07,101.92,101.975,101.87,101.93,42355,95464,0.0,5年期国债期货,CFFEX,TF0
2023-06-08,101.66,101.68,101.565,101.625,60143,191235,0.0,10年期国债期货,CFFEX,T0
2023-06-08,101.26,101.26,101.21,101.24,27492,49522,0.0,2年期国债期货,CFFEX,TS0
2023-06-08,97.22,97.22,97.08,97.15,7189,12460,0.0,30年期国债期货,CFFEX,TL0
2023-06-08,101.92,101.92,101.795,101.855,53199,94215,0.0,5年期国债期货,CFFEX,TF0
2023-06-09,101.635,101.94,101.6,101.89,76699,201585,0.0,10年期国债期货,CFFEX,T0
2023-06-09,101.235,101.315,101.22,101.295,39843,51405,0.0,2年期国债期货,CFFEX,TS0
2023-06-09,97.12,97.65,97.12,97.52,11007,13416,0.0,30年期国债期货,CFFEX,TL0
2023-06-09,101.85,102.075,101.835,102.03,52938,98397,0.0,5年期国债期货,CFFEX,TF0
2023-06-12,101.89,101.98,101.805,101.88,63030,203680,0.0,10年期国债期货,CFFEX,T0
2023-06-12,101.3,101.33,101.265,101.28,30721,50626,0.0,2年期国债期货,CFFEX,TS0
2023-06-12,97.56,97.74,97.53,97.62,7456,13832,0.0,30年期国债期货,CFFEX,TL0
2023-06-12,102.02,102.09,101.97,102.005,47800,97191,0.0,5年期国债期货,CFFEX,TF0
2023-06-13,102.1,102.245,102.0,102.145,77186,212961,0.0,10年期国债期货,CFFEX,T0
2023-06-13,101.325,101.4,101.325,101.37,43363,54087,0.0,2年期国债期货,CFFEX,TS0
2023-06-13,97.82,98.21,97.79,98.04,12246,15992,0.0,30年期国债期货,CFFEX,TL0
2023-06-13,102.12,102.28,102.12,102.21,57998,101758,0.0,5年期国债期货,CFFEX,TF0
2023-06-14,102.315,102.335,102.12,102.195,59948,213116,0.0,10年期国债期货,CFFEX,T0
2023-06-14,101.41,101.42,101.345,101.355,43824,54898,0.0,2年期国债期货,CFFEX,TS0
2023-06-14,98.44,98.51,98.18,98.33,12240,16232,0.0,30年期国债期货,CFFEX,TL0
2023-06-14,102.36,102.36,102.185,102.225,45789,101794,0.0,5年期国债期货,CFFEX,TF0
2023-06-15,102.06,102.085,101.805,101.845,83904,209498,0.0,10年期国债期货,CFFEX,T0
2023-06-15,101.335,101.34,101.27,101.3,43800,56726,0.0,2年期国债期货,CFFEX,TS0
2023-06-15,98.18,98.2,97.67,97.76,11949,16284,0.0,30年期国债期货,CFFEX,TL0
2023-06-15,102.18,102.18,101.965,102.005,70594,100947,0.0,5年期国债期货,CFFEX,TF0
2023-06-16,101.795,101.84,101.445,101.585,113567,203784,0.0,10年期国债期货,CFFEX,T0
2023-06-16,101.29,101.31,101.19,101.23,32731,54544,0.0,2年期国债期货,CFFEX,TS0
2023-06-16,97.64,97.71,97.13,97.38,16908,15778,0.0,30年期国债期货,CFFEX,TL0
2023-06-16,101.955,101.985,101.72,101.81,75950,101031,0.0,5年期国债期货,CFFEX,TF0
2023-06-19,101.585,101.615,101.35,101.445,94318,201894,0.0,10年期国债期货,CFFEX,T0
2023-06-19,101.225,101.23,101.115,101.155,51684,51801,0.0,2年期国债期货,CFFEX,TS0
2023-06-19,97.38,97.42,96.96,97.15,14627,16378,0.0,30年期国债期货,CFFEX,TL0
2023-06-19,101.81,101.81,101.63,101.695,67528,101207,0.0,5年期国债期货,CFFEX,TF0
2023-06-20,101.53,101.62,101.475,101.58,58912,199390,0.0,10年期国债期货,CFFEX,T0
2023-06-20,101.17,101.23,101.155,101.21,48636,50526,0.0,2年期国债期货,CFFEX,TS0
2023-06-20,97.22,97.43,97.21,97.36,10992,16418,0.0,30年期国债期货,CFFEX,TL0
2023-06-20,101.735,101.825,101.7,101.82,53309,99240,0.0,5年期国债期货,CFFEX,TF0
2023-06-21,101.675,101.745,101.595,101.67,61017,196061,0.0,10年期国债期货,CFFEX,T0
2023-06-21,101.23,101.26,101.22,101.255,39459,50779,0.0,2年期国债期货,CFFEX,TS0
2023-06-21,97.46,97.59,97.37,97.5,11569,15996,0.0,30年期国债期货,CFFEX,TL0
2023-06-21,101.86,101.915,101.83,101.9,44716,99396,0.0,5年期国债期货,CFFEX,TF0
2023-06-26,101.75,101.805,101.7,101.725,51211,195128,0.0,10年期国债期货,CFFEX,T0
2023-06-26,101.25,101.27,101.245,101.26,36739,51004,0.0,2年期国债期货,CFFEX,TS0
2023-06-26,97.6,97.75,97.55,97.7,11727,16279,0.0,30年期国债期货,CFFEX,TL0
2023-06-26,101.93,101.975,101.9,101.935,39231,100397,0.0,5年期国债期货,CFFEX,TF0
2023-06-27,101.69,101.69,101.535,101.635,60155,193129,0.0,10年期国债期货,CFFEX,T0
2023-06-27,101.245,101.245,101.205,101.245,37616,51796,0.0,2年期国债期货,CFFEX,TS0
2023-06-27,97.6,97.66,97.42,97.56,11122,16383,0.0,30年期国债期货,CFFEX,TL0
2023-06-27,101.91,101.91,101.795,101.87,43994,101079,0.0,5年期国债期货,CFFEX,TF0
2023-06-28,101.72,101.78,101.67,101.77,52661,193805,0.0,10年期国债期货,CFFEX,T0
2023-06-28,101.27,101.29,101.25,101.29,38476,54616,0.0,2年期国债期货,CFFEX,TS0
2023-06-28,97.64,97.79,97.6,97.78,10086,16054,0.0,30年期国债期货,CFFEX,TL0
2023-06-28,101.92,101.98,101.905,101.97,37163,102049,0.0,5年期国债期货,CFFEX,TF0
2023-06-29,101.7,101.87,101.675,101.81,58663,193977,0.0,10年期国债期货,CFFEX,T0
2023-06-29,101.275,101.325,101.265,101.305,46551,55232,0.0,2年期国债期货,CFFEX,TS0
2023-06-29,97.68,97.93,97.61,97.82,10206,17040,0.0,30年期国债期货,CFFEX,TL0
2023-06-29,101.93,102.075,101.905,102.04,49983,105355,0.0,5年期国债期货,CFFEX,TF0
2023-06-30,101.86,101.99,101.785,101.99,61932,192106,0.0,10年期国债期货,CFFEX,T0
2023-06-30,101.33,101.365,101.31,101.36,40259,55694,0.0,2年期国债期货,CFFEX,TS0
2023-06-30,97.94,98.11,97.82,98.1,10158,16839,0.0,30年期国债期货,CFFEX,TL0
2023-06-30,102.09,102.185,102.05,102.18,46536,105060,0.0,5年期国债期货,CFFEX,TF0
2023-07-03,101.935,101.95,101.825,101.88,47946,191576,0.0,10年期国债期货,CFFEX,T0
2023-07-03,101.35,101.355,101.31,101.315,33137,56304,0.0,2年期国债期货,CFFEX,TS0
2023-07-03,98.0,98.05,97.84,97.92,9074,17072,0.0,30年期国债期货,CFFEX,TL0
2023-07-03,102.15,102.155,102.055,102.1,37407,103809,0.0,5年期国债期货,CFFEX,TF0
2023-07-04,101.89,102.035,101.515,101.745,85740,196979,0.0,10年期国债期货,CFFEX,T0
2023-07-04,101.325,101.355,101.23,101.3,34608,55824,0.0,2年期国债期货,CFFEX,TS0
2023-07-04,97.9,98.13,97.36,97.71,12156,17314,0.0,30年期国债期货,CFFEX,TL0
2023-07-04,102.1,102.2,101.895,102.035,53684,105534,0.0,5年期国债期货,CFFEX,TF0
2023-07-05,101.785,101.92,101.785,101.915,46063,197724,0.0,10年期国债期货,CFFEX,T0
2023-07-05,101.305,101.34,101.305,101.33,27283,55802,0.0,2年期国债期货,CFFEX,TS0
2023-07-05,97.88,98.05,97.77,98.04,8216,17388,0.0,30年期国债期货,CFFEX,TL0
2023-07-05,102.09,102.155,102.075,102.15,35124,106507,0.0,5年期国债期货,CFFEX,TF0
2023-07-06,101.94,101.98,101.845,101.855,54526,198416,0.0,10年期国债期货,CFFEX,T0
2023-07-06,101.335,101.355,101.325,101.34,28356,55996,0.0,2年期国债期货,CFFEX,TS0
2023-07-06,98.03,98.12,97.88,97.97,12581,18224,0.0,30年期国债期货,CFFEX,TL0
2023-07-06,102.15,102.215,102.115,102.135,41203,109195,0.0,5年期国债期货,CFFEX,TF0
2023-07-07,101.92,101.99,101.865,101.935,50245,196878,0.0,10年期国债期货,CFFEX,T0
2023-07-07,101.35,101.37,101.34,101.355,36310,56110,0.0,2年期国债期货,CFFEX,TS0
2023-07-07,98.03,98.17,97.98,98.11,11898,17593,0.0,30年期国债期货,CFFEX,TL0
2023-07-07,102.175,102.22,102.14,102.17,43161,109904,0.0,5年期国债期货,CFFEX,TF0
2023-07-10,101.9,102.0,101.805,101.975,54845,198271,0.0,10年期国债期货,CFFEX,T0
2023-07-10,101.335,101.35,101.305,101.34,29138,56366,0.0,2年期国债期货,CFFEX,TS0
2023-07-10,98.09,98.29,97.94,98.28,12884,18350,0.0,30年期国债期货,CFFEX,TL0
2023-07-10,102.125,102.185,102.03,102.18,39505,109157,0.0,5年期国债期货,CFFEX,TF0
2023-07-11,102.045,102.115,102.005,102.045,53199,203781,0.0,10年期国债期货,CFFEX,T0
2023-07-11,101.335,101.37,101.32,101.33,34426,58494,0.0,2年期国债期货,CFFEX,TS0
2023-07-11,98.34,98.5,98.3,98.35,13144,18500,0.0,30年期国债期货,CFFEX,TL0
2023-07-11,102.2,102.25,102.165,102.19,40283,111020,0.0,5年期国债期货,CFFEX,TF0
2023-07-12,102.01,102.075,101.955,102.05,52578,202714,0.0,10年期国债期货,CFFEX,T0
2023-07-12,101.325,101.33,101.295,101.305,33623,58294,0.0,2年期国债期货,CFFEX,TS0
2023-07-12,98.36,98.49,98.27,98.49,13385,18222,0.0,30年期国债期货,CFFEX,TL0
2023-07-12,102.18,102.185,102.11,102.17,47628,108957,0.0,5年期国债期货,CFFEX,TF0
2023-07-13,102.01,102.085,101.96,102.0,47790,202021,0.0,10年期国债期货,CFFEX,T0
2023-07-13,101.3,101.31,101.28,101.285,20019,58161,0.0,2年期国债期货,CFFEX,TS0
2023-07-13,98.47,98.55,98.37,98.4,11866,17952,0.0,30年期国债期货,CFFEX,TL0
2023-07-13,102.13,102.165,102.08,102.115,42579,110858,0.0,5年期国债期货,CFFEX,TF0
2023-07-14,101.945,102.145,101.88,101.965,94782,201044,0.0,10年期国债期货,CFFEX,T0
2023-07-14,101.28,101.36,101.265,101.32,43341,57421,0.0,2年期国债期货,CFFEX,TS0
2023-07-14,98.36,98.53,98.22,98.37,16850,18061,0.0,30年期国债期货,CFFEX,TL0
2023-07-14,102.065,102.25,102.025,102.095,73458,112971,0.0,5年期国债期货,CFFEX,TF0
2023-07-17,101.955,102.175,101.95,102.145,57649,207482,0.0,10年期国债期货,CFFEX,T0
2023-07-17,101.32,101.38,101.315,101.36,46625,57238,0.0,2年期国债期货,CFFEX,TS0
2023-07-17,98.35,98.64,98.31,98.64,12033,18036,0.0,30年期国债期货,CFFEX,TL0
2023-07-17,102.1,102.265,102.1,102.235,51339,117324,0.0,5年期国债期货,CFFEX,TF0
2023-07-18,102.2,102.275,102.15,102.225,58850,207459,0.0,10年期国债期货,CFFEX,T0
2023-07-18,101.385,101.395,101.36,101.38,44319,57197,0.0,2年期国债期货,CFFEX,TS0
2023-07-18,98.68,98.89,98.64,98.79,12851,17894,0.0,30年期国债期货,CFFEX,TL0
2023-07-18,102.285,102.315,102.22,102.28,43240,118112,0.0,5年期国债期货,CFFEX,TF0
2023-07-19,102.265,102.27,102.14,102.175,43381,208290,0.0,10年期国债期货,CFFEX,T0
2023-07-19,101.39,101.4,101.365,101.37,16080,57201,0.0,2年期国债期货,CFFEX,TS0
2023-07-19,98.88,98.88,98.7,98.74,11397,17912,0.0,30年期国债期货,CFFEX,TL0
2023-07-19,102.29,102.315,102.24,102.265,28653,118868,0.0,5年期国债期货,CFFEX,TF0
2023-07-20,102.15,102.275,102.125,102.27,54536,210280,0.0,10年期国债期货,CFFEX,T0
2023-07-20,101.365,101.41,101.35,101.395,23907,57354,0.0,2年期国债期货,CFFEX,TS0
2023-07-20,98.69,98.92,98.57,98.86,11840,18833,0.0,30年期国债期货,CFFEX,TL0
2023-07-20,102.25,102.315,102.23,102.3,33670,119301,0.0,5年期国债期货,CFFEX,TF0
2023-07-21,102.305,102.415,102.28,102.355,61851,212644,0.0,10年期国债期货,CFFEX,T0
2023-07-21,101.42,101.435,101.395,101.4,30051,56708,0.0,2年期国债期货,CFFEX,TS0
2023-07-21,98.97,99.32,98.97,99.27,13430,19484,0.0,30年期国债期货,CFFEX,TL0
2023-07-21,102.32,102.405,102.32,102.37,39483,121132,0.0,5年期国债期货,CFFEX,TF0
2023-07-24,102.42,102.43,102.31,102.425,48883,212973,0.0,10年期国债期货,CFFEX,T0
2023-07-24,101.415,101.435,101.405,101.43,15838,57814,0.0,2年期国债期货,CFFEX,TS0
2023-07-24,99.4,99.59,99.29,99.54,10739,20469,0.0,30年期国债期货,CFFEX,TL0
2023-07-24,102.395,102.42,102.335,102.41,29537,120367,0.0,5年期国债期货,CFFEX,TF0
2023-07-25,102.0,102.055,101.82,101.85,116232,208750,0.0,10年期国债期货,CFFEX,T0
2023-07-25,101.35,101.36,101.285,101.285,34874,56259,0.0,2年期国债期货,CFFEX,TS0
2023-07-25,98.78,99.0,98.61,98.65,18773,19634,0.0,30年期国债期货,CFFEX,TL0
2023-07-25,102.22,102.22,101.995,102.01,72449,115118,0.0,5年期国债期货,CFFEX,TF0
2023-07-26,101.91,102.085,101.85,102.07,76509,207184,0.0,10年期国债期货,CFFEX,T0
2023-07-26,101.285,101.345,101.285,101.34,37077,55821,0.0,2年期国债期货,CFFEX,TS0
2023-07-26,98.72,99.15,98.68,99.1,16906,19828,0.0,30年期国债期货,CFFEX,TL0
2023-07-26,102.02,102.175,102.0,102.16,56295,114087,0.0,5年期国债期货,CFFEX,TF0
2023-07-27,102.13,102.255,102.07,102.175,66402,205817,0.0,10年期国债期货,CFFEX,T0
2023-07-27,101.345,101.4,101.34,101.375,24791,55875,0.0,2年期国债期货,CFFEX,TS0
2023-07-27,99.17,99.39,99.12,99.26,14930,19069,0.0,30年期国债期货,CFFEX,TL0
2023-07-27,102.17,102.295,102.16,102.255,55500,114448,0.0,5年期国债期货,CFFEX,TF0
2023-07-28,102.165,102.225,101.995,102.06,87631,201759,0.0,10年期国债期货,CFFEX,T0
2023-07-28,101.38,101.38,101.325,101.345,34583,53804,0.0,2年期国债期货,CFFEX,TS0
2023-07-28,99.31,99.4,98.98,99.1,15250,19242,0.0,30年期国债期货,CFFEX,TL0
2023-07-28,102.26,102.275,102.13,102.165,55410,111812,0.0,5年期国债期货,CFFEX,TF0
2023-07-31,101.9,102.015,101.84,101.99,82280,197221,0.0,10年期国债期货,CFFEX,T0
2023-07-31,101.32,101.34,101.3,101.33,25338,52037,0.0,2年期国债期货,CFFEX,TS0
2023-07-31,98.63,99.04,98.63,98.98,16026,18575,0.0,30年期国债期货,CFFEX,TL0
2023-07-31,102.06,102.135,102.01,102.12,42006,110621,0.0,5年期国债期货,CFFEX,TF0
2023-08-01,102.03,102.15,101.98,102.01,72865,195851,0.0,10年期国债期货,CFFEX,T0
2023-08-01,101.34,101.4,101.34,101.355,38860,53631,0.0,2年期国债期货,CFFEX,TS0
2023-08-01,99.06,99.24,99.01,99.05,13805,18326,0.0,30年期国债期货,CFFEX,TL0
2023-08-01,102.14,102.23,102.13,102.145,46222,110228,0.0,5年期国债期货,CFFEX,TF0
2023-08-02,102.09,102.14,102.055,102.09,62524,191627,0.0,10年期国债期货,CFFEX,T0
2023-08-02,101.365,101.385,101.355,101.375,25313,52823,0.0,2年期国债期货,CFFEX,TS0
2023-08-02,99.18,99.3,99.15,99.2,11064,17606,0.0,30年期国债期货,CFFEX,TL0
2023-08-02,102.21,102.225,102.17,102.18,39245,107596,0.0,5年期国债期货,CFFEX,TF0
2023-08-03,102.135,102.225,102.13,102.22,65588,188158,0.0,10年期国债期货,CFFEX,T0
2023-08-03,101.38,101.415,101.38,101.405,31370,52257,0.0,2年期国债期货,CFFEX,TS0
2023-08-03,99.25,99.43,99.25,99.37,12293,17439,0.0,30年期国债期货,CFFEX,TL0
2023-08-03,102.24,102.31,102.22,102.31,44643,108411,0.0,5年期国债期货,CFFEX,TF0
2023-08-04,102.15,102.4,102.08,102.25,92129,181816,0.0,10年期国债期货,CFFEX,T0
2023-08-04,101.405,101.445,101.375,101.385,41959,50636,0.0,2年期国债期货,CFFEX,TS0
2023-08-04,99.28,99.59,99.2,99.47,15606,17062,0.0,30年期国债期货,CFFEX,TL0
2023-08-04,102.275,102.465,102.245,102.31,54019,109987,0.0,5年期国债期货,CFFEX,TF0
2023-08-07,102.25,102.32,102.23,102.31,50825,175597,0.0,10年期国债期货,CFFEX,T0
2023-08-07,101.4,101.41,101.37,101.385,16714,49080,0.0,2年期国债期货,CFFEX,TS0
2023-08-07,99.48,99.55,99.41,99.54,10506,16157,0.0,30年期国债期货,CFFEX,TL0
2023-08-07,102.33,102.345,102.29,102.325,34748,107178,0.0,5年期国债期货,CFFEX,TF0
2023-08-08,102.35,102.375,102.27,102.35,61698,168551,0.0,10年期国债期货,CFFEX,T0
2023-08-08,101.385,101.405,101.36,101.375,32617,46108,0.0,2年期国债期货,CFFEX,TS0
2023-08-08,99.57,99.59,99.43,99.48,13186,14895,0.0,30年期国债期货,CFFEX,TL0
2023-08-08,102.33,102.36,102.295,102.325,40664,102603,0.0,5年期国债期货,CFFEX,TF0
2023-08-09,102.375,102.375,102.3,102.335,50515,165195,0.0,10年期国债期货,CFFEX,T0
2023-08-09,101.375,101.39,101.37,101.38,11343,45088,0.0,2年期国债期货,CFFEX,TS0
2023-08-09,99.5,99.55,99.45,99.53,11836,14011,0.0,30年期国债期货,CFFEX,TL0
2023-08-09,102.335,102.36,102.3,102.32,35690,101278,0.0,5年期国债期货,CFFEX,TF0
2023-08-10,102.335,102.34,102.25,102.3,45876,160612,0.0,10年期国债期货,CFFEX,T0
2023-08-10,101.37,101.385,101.355,101.36,18633,44202,0.0,2年期国债期货,CFFEX,TS0
2023-08-10,99.48,99.53,99.4,99.44,14297,13582,0.0,30年期国债期货,CFFEX,TL0
2023-08-10,102.315,102.325,102.265,102.31,34139,100253,0.0,5年期国债期货,CFFEX,TF0
2023-08-11,102.355,102.38,102.285,102.36,57066,159443,0.0,10年期国债期货,CFFEX,T0
2023-08-11,101.37,101.39,101.36,101.38,16985,44084,0.0,2年期国债期货,CFFEX,TS0
2023-08-11,99.48,99.62,99.45,99.55,12648,13129,0.0,30年期国债期货,CFFEX,TL0
2023-08-11,102.32,102.355,102.295,102.345,38986,100104,0.0,5年期国债期货,CFFEX,TF0
2023-08-14,102.49,102.565,102.445,102.45,69440,151458,0.0,10年期国债期货,CFFEX,T0
2023-08-14,101.405,101.43,101.4,101.41,21670,41649,0.0,2年期国债期货,CFFEX,TS0
2023-08-14,99.81,99.99,99.79,99.86,10105,12095,0.0,30年期国债期货,CFFEX,TL0
2023-08-14,102.42,102.5,102.4,102.405,61738,94585,0.0,5年期国债期货,CFFEX,TF0
2023-08-15,102.88,102.915,102.695,102.705,94880,140444,0.0,10年期国债期货,CFFEX,T0
2023-08-15,101.45,101.565,101.45,101.455,32878,39162,0.0,2年期国债期货,CFFEX,TS0
2023-08-15,100.2,100.83,100.2,100.56,12974,11229,0.0,30年期国债期货,CFFEX,TL0
2023-08-15,102.78,102.805,102.565,102.595,72464,84101,0.0,5年期国债期货,CFFEX,TF0
2023-08-16,102.85,102.855,102.75,102.815,58902,128019,0.0,10年期国债期货,CFFEX,T0
2023-08-16,101.475,101.5,101.46,101.475,23519,36434,0.0,2年期国债期货,CFFEX,TS0
2023-08-16,100.7,100.86,100.63,100.79,10286,10688,0.0,30年期国债期货,CFFEX,TL0
2023-08-16,102.65,102.695,102.61,102.65,52607,78480,0.0,5年期国债期货,CFFEX,TF0
2023-08-17,102.83,102.83,102.675,102.72,50161,116861,0.0,10年期国债期货,CFFEX,T0
2023-08-17,101.485,101.485,101.445,101.45,30478,35180,0.0,2年期国债期货,CFFEX,TS0
2023-08-17,100.77,100.79,100.48,100.49,13504,9457,0.0,30年期国债期货,CFFEX,TL0
2023-08-17,102.655,102.68,102.54,102.58,40203,73791,0.0,5年期国债期货,CFFEX,TF0
2023-08-18,102.8,102.835,102.71,102.82,44409,107671,0.0,10年期国债期货,CFFEX,T0
2023-08-18,101.455,101.475,101.44,101.465,22454,33723,0.0,2年期国债期货,CFFEX,TS0
2023-08-18,100.45,100.8,100.45,100.76,8140,9093,0.0,30年期国债期货,CFFEX,TL0
2023-08-18,102.585,102.635,102.57,102.625,35143,69092,0.0,5年期国债期货,CFFEX,TF0
2023-08-21,102.85,103.13,102.83,103.055,47248,92326,0.0,10年期国债期货,CFFEX,T0
2023-08-21,101.475,101.485,101.46,101.475,43903,31489,0.0,2年期国债期货,CFFEX,TS0
2023-08-21,100.6,101.37,100.59,101.16,21405,22228,0.0,30年期国债期货,CFFEX,TL0
2023-08-21,102.65,102.745,102.605,102.69,44040,60080,0.0,5年期国债期货,CFFEX,TF0
2023-08-22,102.65,102.755,102.595,102.665,89621,159703,0.0,10年期国债期货,CFFEX,T0
2023-08-22,101.47,101.495,101.445,101.45,24804,29159,0.0,2年期国债期货,CFFEX,TS0
2023-08-22,101.11,101.32,100.93,101.13,21256,23017,0.0,30年期国债期货,CFFEX,TL0
2023-08-22,102.665,102.69,102.59,102.62,38985,51531,0.0,5年期国债期货,CFFEX,TF0
2023-08-23,102.635,102.69,102.58,102.65,64624,166120,0.0,10年期国债期货,CFFEX,T0
2023-08-23,101.445,101.475,101.425,101.455,14277,27887,0.0,2年期国债期货,CFFEX,TS0
2023-08-23,101.05,101.25,101.05,101.22,15535,23785,0.0,30年期国债期货,CFFEX,TL0
2023-08-23,102.46,102.505,102.415,102.46,44961,89717,0.0,5年期国债期货,CFFEX,TF0
2023-08-24,102.665,102.695,102.59,102.665,54292,171137,0.0,10年期国债期货,CFFEX,T0
2023-08-24,101.4,101.415,101.39,101.405,16802,44635,0.0,2年期国债期货,CFFEX,TS0
2023-08-24,101.28,101.4,101.22,101.36,15335,25388,0.0,30年期国债期货,CFFEX,TL0
2023-08-24,102.48,102.505,102.44,102.49,48668,93742,0.0,5年期国债期货,CFFEX,TF0
2023-08-25,102.68,102.695,102.465,102.5,67141,172317,0.0,10年期国债期货,CFFEX,T0
2023-08-25,101.395,101.415,101.33,101.33,21039,45742,0.0,2年期国债期货,CFFEX,TS0
2023-08-25,101.36,101.47,101.01,101.11,19038,25437,0.0,30年期国债期货,CFFEX,TL0
2023-08-25,102.5,102.505,102.32,102.355,48308,94313,0.0,5年期国债期货,CFFEX,TF0
2023-08-28,102.18,102.45,102.165,102.445,78896,173168,0.0,10年期国债期货,CFFEX,T0
2023-08-28,101.265,101.325,101.225,101.315,25390,47559,0.0,2年期国债期货,CFFEX,TS0
2023-08-28,100.45,101.1,100.4,101.03,18682,27579,0.0,30年期国债期货,CFFEX,TL0
2023-08-28,102.15,102.34,102.105,102.34,52970,96125,0.0,5年期国债期货,CFFEX,TF0
2023-08-29,102.41,102.45,102.195,102.295,83297,173020,0.0,10年期国债期货,CFFEX,T0
2023-08-29,101.315,101.315,101.23,101.25,26854,49729,0.0,2年期国债期货,CFFEX,TS0
2023-08-29,101.09,101.09,100.63,100.78,21831,28072,0.0,30年期国债期货,CFFEX,TL0
2023-08-29,102.345,102.345,102.11,102.205,52139,95300,0.0,5年期国债期货,CFFEX,TF0
2023-08-30,102.285,102.47,102.24,102.405,70239,177380,0.0,10年期国债期货,CFFEX,T0
2023-08-30,101.25,101.36,101.24,101.335,33331,50410,0.0,2年期国债期货,CFFEX,TS0
2023-08-30,100.71,101.07,100.67,100.8,23723,28540,0.0,30年期国债期货,CFFEX,TL0
2023-08-30,102.19,102.365,102.16,102.335,50429,98186,0.0,5年期国债期货,CFFEX,TF0
2023-08-31,102.44,102.47,102.37,102.415,58849,176043,0.0,10年期国债期货,CFFEX,T0
2023-08-31,101.345,101.375,101.325,101.37,31931,50534,0.0,2年期国债期货,CFFEX,TS0
2023-08-31,100.88,101.0,100.74,100.87,19195,29046,0.0,30年期国债期货,CFFEX,TL0
2023-08-31,102.39,102.39,102.285,102.345,39615,99021,0.0,5年期国债期货,CFFEX,TF0
2023-09-01,102.33,102.345,102.07,102.11,78806,175326,0.0,10年期国债期货,CFFEX,T0
2023-09-01,101.355,101.355,101.275,101.28,21026,50905,0.0,2年期国债期货,CFFEX,TS0
2023-09-01,100.67,100.78,100.32,100.39,20826,31308,0.0,30年期国债期货,CFFEX,TL0
2023-09-01,102.285,102.295,102.07,102.095,61059,102677,0.0,5年期国债期货,CFFEX,TF0
2023-09-04,101.96,101.995,101.815,101.945,95152,176457,0.0,10年期国债期货,CFFEX,T0
2023-09-04,101.22,101.275,101.215,101.265,33013,52348,0.0,2年期国债期货,CFFEX,TS0
2023-09-04,99.93,100.07,99.61,99.77,28771,31159,0.0,30年期国债期货,CFFEX,TL0
2023-09-04,101.95,102.03,101.92,102.02,58873,103743,0.0,5年期国债期货,CFFEX,TF0
2023-09-05,101.985,102.025,101.88,101.905,66870,178725,0.0,10年期国债期货,CFFEX,T0
2023-09-05,101.27,101.3,101.25,101.25,30566,54378,0.0,2年期国债期货,CFFEX,TS0
2023-09-05,99.85,99.89,99.57,99.59,18877,32859,0.0,30年期国债期货,CFFEX,TL0
2023-09-05,102.025,102.085,101.98,102.015,48755,107146,0.0,5年期国债期货,CFFEX,TF0
2023-09-06,101.935,101.955,101.675,101.68,90858,183655,0.0,10年期国债期货,CFFEX,T0
2023-09-06,101.245,101.265,101.16,101.16,42366,59755,0.0,2年期国债期货,CFFEX,TS0
2023-09-06,99.68,99.76,99.2,99.23,22382,33650,0.0,30年期国债期货,CFFEX,TL0
2023-09-06,102.015,102.035,101.81,101.83,70907,107865,0.0,5年期国债期货,CFFEX,TF0
2023-09-07,101.67,101.79,101.56,101.59,87412,189620,0.0,10年期国债期货,CFFEX,T0
2023-09-07,101.15,101.185,101.095,101.105,41250,59327,0.0,2年期国债期货,CFFEX,TS0
2023-09-07,99.22,99.39,98.85,98.96,25589,33281,0.0,30年期国债期货,CFFEX,TL0
2023-09-07,101.8,101.905,101.74,101.76,65446,108532,0.0,5年期国债期货,CFFEX,TF0
2023-09-08,101.705,101.765,101.51,101.685,78797,190507,0.0,10年期国债期货,CFFEX,T0
2023-09-08,101.14,101.18,101.085,101.16,32811,59315,0.0,2年期国债期货,CFFEX,TS0
2023-09-08,99.17,99.34,98.81,99.23,21263,33495,0.0,30年期国债期货,CFFEX,TL0
2023-09-08,101.84,101.875,101.69,101.83,58924,109832,0.0,5年期国债期货,CFFEX,TF0
2023-09-11,101.62,101.765,101.51,101.745,82259,188323,0.0,10年期国债期货,CFFEX,T0
2023-09-11,101.15,101.15,101.065,101.135,47961,61455,0.0,2年期国债期货,CFFEX,TS0
2023-09-11,99.03,99.26,98.76,99.12,25897,34564,0.0,30年期国债期货,CFFEX,TL0
2023-09-11,101.775,101.835,101.66,101.8,56843,108584,0.0,5年期国债期货,CFFEX,TF0
2023-09-12,101.85,101.935,101.76,101.79,67088,182177,0.0,10年期国债期货,CFFEX,T0
2023-09-12,101.175,101.2,101.15,101.16,36444,63205,0.0,2年期国债期货,CFFEX,TS0
2023-09-12,99.3,99.52,99.1,99.14,23216,34271,0.0,30年期国债期货,CFFEX,TL0
2023-09-12,101.91,101.96,101.84,101.855,47839,105926,0.0,5年期国债期货,CFFEX,TF0
2023-09-13,101.835,101.975,101.805,101.935,69982,177171,0.0,10年期国债期货,CFFEX,T0
2023-09-13,101.175,101.23,101.175,101.205,44035,62839,0.0,2年期国债期货,CFFEX,TS0
2023-09-13,99.24,99.41,99.15,99.31,21066,34018,0.0,30年期国债期货,CFFEX,TL0
2023-09-13,101.905,102.01,101.89,101.975,54967,105326,0.0,5年期国债期货,CFFEX,TF0
2023-09-14,101.92,102.1,101.87,102.07,69476,179390,0.0,10年期国债期货,CFFEX,T0
2023-09-14,101.21,101.245,101.18,101.23,25551,62998,0.0,2年期国债期货,CFFEX,TS0
2023-09-14,99.31,99.93,99.26,99.84,24603,35568,0.0,30年期国债期货,CFFEX,TL0
2023-09-14,101.96,102.09,101.92,102.085,49031,106592,0.0,5年期国债期货,CFFEX,TF0
2023-09-15,102.03,102.055,101.805,101.81,94375,180916,0.0,10年期国债期货,CFFEX,T0
2023-09-15,101.265,101.265,101.175,101.19,41575,62942,0.0,2年期国债期货,CFFEX,TS0
2023-09-15,99.86,99.86,99.13,99.14,32445,34013,0.0,30年期国债期货,CFFEX,TL0
2023-09-15,102.075,102.085,101.91,101.92,65984,106915,0.0,5年期国债期货,CFFEX,TF0
2023-09-18,101.71,101.77,101.585,101.71,92278,184380,0.0,10年期国债期货,CFFEX,T0
2023-09-18,101.15,101.16,101.115,101.135,44922,63971,0.0,2年期国债期货,CFFEX,TS0
2023-09-18,98.94,99.04,98.66,98.93,28771,32924,0.0,30年期国债期货,CFFEX,TL0
2023-09-18,101.81,101.87,101.73,101.805,64749,108974,0.0,5年期国债期货,CFFEX,TF0
2023-09-19,101.7,101.785,101.675,101.74,69921,183251,0.0,10年期国债期货,CFFEX,T0
2023-09-19,101.135,101.15,101.12,101.145,33129,65272,0.0,2年期国债期货,CFFEX,TS0
2023-09-19,98.94,99.17,98.94,99.02,24607,33760,0.0,30年期国债期货,CFFEX,TL0
2023-09-19,101.79,101.845,101.77,101.825,58729,109101,0.0,5年期国债期货,CFFEX,TF0
2023-09-20,101.67,101.8,101.66,101.72,69215,185822,0.0,10年期国债期货,CFFEX,T0
2023-09-20,101.15,101.175,101.135,101.15,24839,66657,0.0,2年期国债期货,CFFEX,TS0
2023-09-20,98.94,99.06,98.87,98.94,19382,34134,0.0,30年期国债期货,CFFEX,TL0
2023-09-20,101.77,101.885,101.76,101.835,52406,110455,0.0,5年期国债期货,CFFEX,TF0
2023-09-21,101.695,101.905,101.695,101.87,73632,187376,0.0,10年期国债期货,CFFEX,T0
2023-09-21,101.15,101.21,101.14,101.195,43411,67694,0.0,2年期国债期货,CFFEX,TS0
2023-09-21,98.95,99.24,98.92,99.14,28104,34053,0.0,30年期国债期货,CFFEX,TL0
2023-09-21,101.83,101.96,101.83,101.94,55357,111995,0.0,5年期国债期货,CFFEX,TF0
2023-09-22,101.86,101.885,101.6,101.615,79340,187455,0.0,10年期国债期货,CFFEX,T0
2023-09-22,101.205,101.205,101.145,101.15,39464,67223,0.0,2年期国债期货,CFFEX,TS0
2023-09-22,99.12,99.2,98.52,98.55,26134,34046,0.0,30年期国债期货,CFFEX,TL0
2023-09-22,101.94,101.94,101.775,101.785,60591,112288,0.0,5年期国债期货,CFFEX,TF0
2023-09-25,101.63,101.725,101.44,101.56,93306,190008,0.0,10年期国债期货,CFFEX,T0
2023-09-25,101.155,101.18,101.11,101.12,30926,67031,0.0,2年期国债期货,CFFEX,TS0
2023-09-25,98.63,98.74,98.17,98.3,24364,33796,0.0,30年期国债期货,CFFEX,TL0
2023-09-25,101.8,101.855,101.66,101.735,54490,111764,0.0,5年期国债期货,CFFEX,TF0
2023-09-26,101.52,101.625,101.44,101.6,68362,188784,0.0,10年期国债期货,CFFEX,T0
2023-09-26,101.11,101.135,101.095,101.125,26579,66887,0.0,2年期国债期货,CFFEX,TS0
2023-09-26,98.3,98.39,98.01,98.33,18783,34388,0.0,30年期国债期货,CFFEX,TL0
2023-09-26,101.7,101.78,101.66,101.755,45618,111274,0.0,5年期国债期货,CFFEX,TF0
2023-09-27,101.66,101.69,101.53,101.62,62259,186572,0.0,10年期国债期货,CFFEX,T0
2023-09-27,101.135,101.155,101.12,101.135,41378,66089,0.0,2年期国债期货,CFFEX,TS0
2023-09-27,98.45,98.54,98.21,98.4,20128,35325,0.0,30年期国债期货,CFFEX,TL0
2023-09-27,101.825,101.83,101.74,101.8,48485,110996,0.0,5年期国债期货,CFFEX,TF0
2023-09-28,101.65,101.83,101.605,101.785,66177,183775,0.0,10年期国债期货,CFFEX,T0
2023-09-28,101.155,101.21,101.145,101.185,37408,68164,0.0,2年期国债期货,CFFEX,TS0
2023-09-28,98.44,98.9,98.38,98.82,23275,35084,0.0,30年期国债期货,CFFEX,TL0
2023-09-28,101.855,101.93,101.81,101.91,56757,110623,0.0,5年期国债期货,CFFEX,TF0
2023-10-09,101.79,101.89,101.75,101.8,63126,182444,0.0,10年期国债期货,CFFEX,T0
2023-10-09,101.19,101.205,101.16,101.165,28670,67342,0.0,2年期国债期货,CFFEX,TS0
2023-10-09,98.81,99.0,98.71,98.93,22006,34749,0.0,30年期国债期货,CFFEX,TL0
2023-10-09,101.86,101.975,101.86,101.89,47911,109037,0.0,5年期国债期货,CFFEX,TF0
2023-10-10,101.74,101.75,101.665,101.7,63482,182936,0.0,10年期国债期货,CFFEX,T0
2023-10-10,101.155,101.155,101.095,101.11,51202,68394,0.0,2年期国债期货,CFFEX,TS0
2023-10-10,98.8,98.87,98.68,98.77,15954,34871,0.0,30年期国债期货,CFFEX,TL0
2023-10-10,101.84,101.85,101.755,101.79,63181,107867,0.0,5年期国债期货,CFFEX,TF0
2023-10-11,101.64,101.655,101.48,101.49,90479,187367,0.0,10年期国债期货,CFFEX,T0
2023-10-11,101.095,101.1,101.005,101.035,43959,70479,0.0,2年期国债期货,CFFEX,TS0
2023-10-11,98.64,98.65,98.36,98.46,19427,35113,0.0,30年期国债期货,CFFEX,TL0
2023-10-11,101.735,101.755,101.575,101.59,77912,112715,0.0,5年期国债期货,CFFEX,TF0
2023-10-12,101.4,101.595,101.36,101.565,81756,187768,0.0,10年期国债期货,CFFEX,T0
2023-10-12,101.01,101.085,100.995,101.075,47881,72869,0.0,2年期国债期货,CFFEX,TS0
2023-10-12,98.23,98.57,98.21,98.52,18877,35475,0.0,30年期国债期货,CFFEX,TL0
2023-10-12,101.535,101.695,101.51,101.68,64711,112092,0.0,5年期国债期货,CFFEX,TF0
2023-10-13,101.6,101.735,101.585,101.66,74200,185161,0.0,10年期国债期货,CFFEX,T0
2023-10-13,101.085,101.12,101.08,101.105,40940,72516,0.0,2年期国债期货,CFFEX,TS0
2023-10-13,98.61,98.83,98.59,98.71,19394,36143,0.0,30年期国债期货,CFFEX,TL0
2023-10-13,101.7,101.81,101.7,101.77,67605,109296,0.0,5年期国债期货,CFFEX,TF0
2023-10-16,101.75,101.78,101.635,101.755,63838,185130,0.0,10年期国债期货,CFFEX,T0
2023-10-16,101.115,101.13,101.065,101.105,41936,72575,0.0,2年期国债期货,CFFEX,TS0
2023-10-16,98.88,98.95,98.7,98.88,17411,35725,0.0,30年期国债期货,CFFEX,TL0
2023-10-16,101.82,101.88,101.725,101.81,49512,106480,0.0,5年期国债期货,CFFEX,TF0
2023-10-17,101.695,101.695,101.545,101.605,71431,184274,0.0,10年期国债期货,CFFEX,T0
2023-10-17,101.08,101.08,101.025,101.03,40131,72870,0.0,2年期国债期货,CFFEX,TS0
2023-10-17,98.75,98.86,98.53,98.68,20299,35783,0.0,30年期国债期货,CFFEX,TL0
2023-10-17,101.745,101.75,101.635,101.68,52894,108525,0.0,5年期国债期货,CFFEX,TF0
2023-10-18,101.595,101.675,101.52,101.55,71691,184510,0.0,10年期国债期货,CFFEX,T0
2023-10-18,101.02,101.05,100.995,101.0,45819,73024,0.0,2年期国债期货,CFFEX,TS0
2023-10-18,98.62,98.77,98.47,98.51,18669,35593,0.0,30年期国债期货,CFFEX,TL0
2023-10-18,101.66,101.73,101.62,101.63,51134,109863,0.0,5年期国债期货,CFFEX,TF0
2023-10-19,101.515,101.545,101.24,101.25,95867,189601,0.0,10年期国债期货,CFFEX,T0
2023-10-19,100.99,100.99,100.89,100.905,51451,74614,0.0,2年期国债期货,CFFEX,TS0
2023-10-19,98.47,98.51,98.06,98.07,23503,36883,0.0,30年期国债期货,CFFEX,TL0
2023-10-19,101.61,101.615,101.425,101.45,71468,112473,0.0,5年期国债期货,CFFEX,TF0
2023-10-20,101.385,101.515,101.185,101.47,105147,187691,0.0,10年期国债期货,CFFEX,T0
2023-10-20,100.935,100.98,100.83,100.96,66028,72402,0.0,2年期国债期货,CFFEX,TS0
2023-10-20,98.08,98.54,97.88,98.43,29167,34469,0.0,30年期国债期货,CFFEX,TL0
2023-10-20,101.49,101.625,101.36,101.58,76522,110842,0.0,5年期国债期货,CFFEX,TF0
2023-10-23,101.555,101.635,101.53,101.59,69180,181473,0.0,10年期国债期货,CFFEX,T0
2023-10-23,100.99,101.035,100.985,101.03,47550,71576,0.0,2年期国债期货,CFFEX,TS0
2023-10-23,98.57,98.77,98.5,98.66,20476,35762,0.0,30年期国债期货,CFFEX,TL0
2023-10-23,101.655,101.74,101.64,101.725,66975,108449,0.0,5年期国债期货,CFFEX,TF0
2023-10-24,101.45,101.55,101.335,101.48,88648,179935,0.0,10年期国债期货,CFFEX,T0
2023-10-24,101.0,101.0,100.925,100.965,45666,70186,0.0,2年期国债期货,CFFEX,TS0
2023-10-24,98.52,98.62,98.07,98.33,27779,35746,0.0,30年期国债期货,CFFEX,TL0
2023-10-24,101.62,101.67,101.53,101.63,65505,107546,0.0,5年期国债期货,CFFEX,TF0
2023-10-25,101.45,101.74,101.315,101.715,124803,172950,0.0,10年期国债期货,CFFEX,T0
2023-10-25,101.005,101.11,100.95,101.11,67022,70094,0.0,2年期国债期货,CFFEX,TS0
2023-10-25,98.35,98.49,97.72,98.41,43500,32969,0.0,30年期国债期货,CFFEX,TL0
2023-10-25,101.61,101.875,101.545,101.855,101919,107911,0.0,5年期国债期货,CFFEX,TF0
2023-10-26,101.69,101.795,101.66,101.67,71256,171806,0.0,10年期国债期货,CFFEX,T0
2023-10-26,101.105,101.12,101.05,101.055,38047,69265,0.0,2年期国债期货,CFFEX,TS0
2023-10-26,98.37,98.45,98.27,98.31,20046,31939,0.0,30年期国债期货,CFFEX,TL0
2023-10-26,101.83,101.915,101.8,101.815,54114,109157,0.0,5年期国债期货,CFFEX,TF0
2023-10-27,101.65,101.745,101.59,101.685,68674,170907,0.0,10年期国债期货,CFFEX,T0
2023-10-27,101.05,101.07,101.025,101.04,38566,67641,0.0,2年期国债期货,CFFEX,TS0
2023-10-27,98.29,98.4,98.02,98.15,26007,31612,0.0,30年期国债期货,CFFEX,TL0
2023-10-27,101.8,101.865,101.73,101.79,51090,106376,0.0,5年期国债期货,CFFEX,TF0
2023-10-30,101.705,101.79,101.695,101.725,59980,166784,0.0,10年期国债期货,CFFEX,T0
2023-10-30,101.05,101.1,101.05,101.07,31008,65482,0.0,2年期国债期货,CFFEX,TS0
2023-10-30,98.19,98.43,98.14,98.22,19754,31418,0.0,30年期国债期货,CFFEX,TL0
2023-10-30,101.81,101.91,101.805,101.835,49667,105498,0.0,5年期国债期货,CFFEX,TF0
2023-10-31,101.765,101.94,101.75,101.89,79302,170003,0.0,10年期国债期货,CFFEX,T0
2023-10-31,101.085,101.12,101.08,101.1,30263,64891,0.0,2年期国债期货,CFFEX,TS0
2023-10-31,98.3,98.57,98.23,98.48,22884,31003,0.0,30年期国债期货,CFFEX,TL0
2023-10-31,101.86,101.98,101.86,101.925,55442,106416,0.0,5年期国债期货,CFFEX,TF0
2023-11-01,101.9,101.975,101.84,101.915,76337,166718,0.0,10年期国债期货,CFFEX,T0
2023-11-01,101.105,101.105,101.025,101.055,46322,62917,0.0,2年期国债期货,CFFEX,TS0
2023-11-01,98.52,98.69,98.44,98.56,22267,30667,0.0,30年期国债期货,CFFEX,TL0
2023-11-01,101.935,101.975,101.85,101.915,54682,103830,0.0,5年期国债期货,CFFEX,TF0
2023-11-02,101.99,102.095,101.96,102.095,64522,165243,0.0,10年期国债期货,CFFEX,T0
2023-11-02,101.08,101.13,101.075,101.13,25599,60981,0.0,2年期国债期货,CFFEX,TS0
2023-11-02,98.67,98.98,98.64,98.97,20206,30639,0.0,30年期国债期货,CFFEX,TL0
2023-11-02,101.96,102.05,101.955,102.045,43686,103194,0.0,5年期国债期货,CFFEX,TF0
2023-11-03,102.04,102.085,101.96,102.055,52262,162552,0.0,10年期国债期货,CFFEX,T0
2023-11-03,101.12,101.13,101.08,101.105,26618,59720,0.0,2年期国债期货,CFFEX,TS0
2023-11-03,98.9,98.98,98.72,98.94,20502,30500,0.0,30年期国债期货,CFFEX,TL0
2023-11-03,102.03,102.05,101.97,102.015,39902,101607,0.0,5年期国债期货,CFFEX,TF0
2023-11-06,102.08,102.12,101.98,102.095,57246,162698,0.0,10年期国债期货,CFFEX,T0
2023-11-06,101.09,101.11,101.075,101.105,38656,59122,0.0,2年期国债期货,CFFEX,TS0
2023-11-06,98.96,99.03,98.75,98.97,23796,29243,0.0,30年期国债期货,CFFEX,TL0
2023-11-06,102.0,102.05,101.955,102.045,50283,101661,0.0,5年期国债期货,CFFEX,TF0
2023-11-07,102.125,102.15,102.0,102.045,61187,163045,0.0,10年期国债期货,CFFEX,T0
2023-11-07,101.108,101.112,101.046,101.046,43632,59643,0.0,2年期国债期货,CFFEX,TS0
2023-11-07,99.05,99.12,98.85,98.91,18259,29766,0.0,30年期国债期货,CFFEX,TL0
2023-11-07,102.05,102.075,101.955,101.96,37646,100729,0.0,5年期国债期货,CFFEX,TF0
2023-11-08,102.01,102.215,101.955,102.15,79572,162539,0.0,10年期国债期货,CFFEX,T0
2023-11-08,101.04,101.074,101.004,101.052,55229,59765,0.0,2年期国债期货,CFFEX,TS0
2023-11-08,98.84,99.27,98.8,99.13,26862,30491,0.0,30年期国债期货,CFFEX,TL0
2023-11-08,101.95,102.105,101.89,102.055,55474,100135,0.0,5年期国债期货,CFFEX,TF0
2023-11-09,102.16,102.2,102.11,102.115,56579,157332,0.0,10年期国债期货,CFFEX,T0
2023-11-09,101.06,101.066,101.006,101.01,41574,56707,0.0,2年期国债期货,CFFEX,TS0
2023-11-09,99.19,99.34,99.11,99.12,31773,29213,0.0,30年期国债期货,CFFEX,TL0
2023-11-09,102.08,102.1,102.03,102.03,41286,98935,0.0,5年期国债期货,CFFEX,TF0
2023-11-10,102.125,102.21,102.07,102.18,53226,154147,0.0,10年期国债期货,CFFEX,T0
2023-11-10,101.004,101.034,100.974,101.008,35698,55551,0.0,2年期国债期货,CFFEX,TS0
2023-11-10,99.12,99.44,99.07,99.35,27801,27914,0.0,30年期国债期货,CFFEX,TL0
2023-11-10,102.03,102.105,101.98,102.055,39848,98122,0.0,5年期国债期货,CFFEX,TF0
2023-11-13,102.155,102.235,102.12,102.195,63712,150081,0.0,10年期国债期货,CFFEX,T0
2023-11-13,101.01,101.074,101.006,101.056,38079,55312,0.0,2年期国债期货,CFFEX,TS0
2023-11-13,99.33,99.62,99.3,99.5,25123,29513,0.0,30年期国债期货,CFFEX,TL0
2023-11-13,102.055,102.15,102.045,102.11,48608,95783,0.0,5年期国债期货,CFFEX,TF0
2023-11-14,102.195,102.21,102.0,102.085,77760,141694,0.0,10年期国债期货,CFFEX,T0
2023-11-14,101.06,101.064,100.966,100.998,32396,52405,0.0,2年期国债期货,CFFEX,TS0
2023-11-14,99.66,99.66,99.16,99.3,25382,27229,0.0,30年期国债期货,CFFEX,TL0
2023-11-14,102.12,102.13,101.96,102.04,58486,88336,0.0,5年期国债期货,CFFEX,TF0
2023-11-15,102.035,102.13,101.965,102.075,70262,133011,0.0,10年期国债期货,CFFEX,T0
2023-11-15,100.998,101.008,100.944,100.962,46088,49577,0.0,2年期国债期货,CFFEX,TS0
2023-11-15,99.18,99.43,99.13,99.37,32343,25366,0.0,30年期国债期货,CFFEX,TL0
2023-11-15,102.04,102.105,101.945,102.02,56186,80315,0.0,5年期国债期货,CFFEX,TF0
2023-11-16,102.09,102.22,102.075,102.2,68016,127756,0.0,10年期国债期货,CFFEX,T0
2023-11-16,100.972,101.012,100.972,100.99,34510,46954,0.0,2年期国债期货,CFFEX,TS0
2023-11-16,99.35,99.62,99.33,99.58,23901,25192,0.0,30年期国债期货,CFFEX,TL0
2023-11-16,102.03,102.14,102.03,102.13,54223,75786,0.0,5年期国债期货,CFFEX,TF0
2023-11-17,102.175,102.245,102.12,102.2,66549,116541,0.0,10年期国债期货,CFFEX,T0
2023-11-17,100.982,100.996,100.968,100.98,33729,43755,0.0,2年期国债期货,CFFEX,TS0
2023-11-17,99.5,99.78,99.37,99.73,31007,22940,0.0,30年期国债期货,CFFEX,TL0
2023-11-17,102.1,102.13,102.045,102.125,48942,67220,0.0,5年期国债期货,CFFEX,TF0
2023-11-20,102.18,102.2,102.07,102.195,65780,104406,0.0,10年期国债期货,CFFEX,T0
2023-11-20,100.97,100.974,100.902,100.936,29257,41560,0.0,2年期国债期货,CFFEX,TS0
2023-11-20,99.65,99.75,99.58,99.69,21727,21396,0.0,30年期国债期货,CFFEX,TL0
2023-11-20,102.1,102.1,101.935,102.015,63597,59325,0.0,5年期国债期货,CFFEX,TF0
2023-11-21,102.17,102.195,102.05,102.1,58105,91856,0.0,10年期国债期货,CFFEX,T0
2023-11-21,100.92,100.922,100.854,100.864,32557,37320,0.0,2年期国债期货,CFFEX,TS0
2023-11-21,99.66,99.77,99.56,99.6,22694,19326,0.0,30年期国债期货,CFFEX,TL0
2023-11-21,101.995,101.995,101.865,101.915,42881,52132,0.0,5年期国债期货,CFFEX,TF0
2023-11-22,102.01,102.04,101.87,101.905,84464,136020,0.0,10年期国债期货,CFFEX,T0
2023-11-22,100.866,100.868,100.828,100.848,25609,33767,0.0,2年期国债期货,CFFEX,TS0
2023-11-22,99.55,99.61,99.36,99.37,17898,17184,0.0,30年期国债期货,CFFEX,TL0
2023-11-22,101.91,101.91,101.77,101.825,31379,47266,0.0,5年期国债期货,CFFEX,TF0
2023-11-23,101.805,101.82,101.625,101.625,84610,136016,0.0,10年期国债期货,CFFEX,T0
2023-11-23,100.95,100.956,100.904,100.93,39571,41230,0.0,2年期国债期货,CFFEX,TS0
2023-11-23,99.12,99.12,98.77,98.78,24762,24075,0.0,30年期国债期货,CFFEX,TL0
2023-11-23,101.78,101.78,101.675,101.68,72634,82190,0.0,5年期国债期货,CFFEX,TF0
2023-11-24,101.685,101.815,101.63,101.695,85193,142061,0.0,10年期国债期货,CFFEX,T0
2023-11-24,100.936,100.976,100.91,100.912,35040,42059,0.0,2年期国债期货,CFFEX,TS0
2023-11-24,98.95,99.05,98.83,98.85,27258,24378,0.0,30年期国债期货,CFFEX,TL0
2023-11-24,101.725,101.8,101.685,101.7,59071,82808,0.0,5年期国债期货,CFFEX,TF0
2023-11-27,101.67,101.725,101.58,101.585,78012,142384,0.0,10年期国债期货,CFFEX,T0
2023-11-27,100.926,100.926,100.852,100.86,36805,45871,0.0,2年期国债期货,CFFEX,TS0
2023-11-27,98.88,98.88,98.65,98.66,25056,24552,0.0,30年期国债期货,CFFEX,TL0
2023-11-27,101.705,101.745,101.61,101.63,59136,85787,0.0,5年期国债期货,CFFEX,TF0
2023-11-28,101.705,101.825,101.67,101.825,60945,144937,0.0,10年期国债期货,CFFEX,T0
2023-11-28,100.89,100.948,100.88,100.932,41458,47983,0.0,2年期国债期货,CFFEX,TS0
2023-11-28,98.86,99.09,98.82,99.08,20502,25804,0.0,30年期国债期货,CFFEX,TL0
2023-11-28,101.7,101.78,101.685,101.775,50574,87365,0.0,5年期国债期货,CFFEX,TF0
2023-11-29,101.78,101.945,101.75,101.895,72355,149190,0.0,10年期国债期货,CFFEX,T0
2023-11-29,100.93,100.968,100.912,100.958,39994,49732,0.0,2年期国债期货,CFFEX,TS0
2023-11-29,99.01,99.39,98.95,99.28,23633,27082,0.0,30年期国债期货,CFFEX,TL0
2023-11-29,101.745,101.855,101.72,101.84,56769,87540,0.0,5年期国债期货,CFFEX,TF0
2023-11-30,101.95,102.0,101.9,101.915,61650,153534,0.0,10年期国债期货,CFFEX,T0
2023-11-30,100.996,101.01,100.948,100.952,38874,51398,0.0,2年期国债期货,CFFEX,TS0
2023-11-30,99.4,99.53,99.36,99.41,22260,27946,0.0,30年期国债期货,CFFEX,TL0
2023-11-30,101.86,101.925,101.81,101.83,52177,88760,0.0,5年期国债期货,CFFEX,TF0
2023-12-01,101.9,101.995,101.885,101.97,53507,158793,0.0,10年期国债期货,CFFEX,T0
2023-12-01,100.954,100.992,100.954,100.978,32043,53172,0.0,2年期国债期货,CFFEX,TS0
2023-12-01,99.39,99.46,99.24,99.4,21569,28174,0.0,30年期国债期货,CFFEX,TL0
2023-12-01,101.85,101.89,101.81,101.85,44413,90074,0.0,5年期国债期货,CFFEX,TF0
2023-12-04,101.96,102.01,101.845,101.895,46656,157173,0.0,10年期国债期货,CFFEX,T0
2023-12-04,100.972,100.986,100.912,100.926,24457,54251,0.0,2年期国债期货,CFFEX,TS0
2023-12-04,99.4,99.47,99.29,99.31,14671,28379,0.0,30年期国债期货,CFFEX,TL0
2023-12-04,101.855,101.89,101.725,101.745,44133,91148,0.0,5年期国债期货,CFFEX,TF0
2023-12-05,101.89,102.0,101.83,102.0,58371,161777,0.0,10年期国债期货,CFFEX,T0
2023-12-05,100.932,100.948,100.904,100.942,31321,54815,0.0,2年期国债期货,CFFEX,TS0
2023-12-05,99.28,99.62,99.22,99.52,23854,29151,0.0,30年期国债期货,CFFEX,TL0
2023-12-05,101.75,101.82,101.69,101.82,51330,93496,0.0,5年期国债期货,CFFEX,TF0
2023-12-06,101.985,102.02,101.925,101.97,53917,162734,0.0,10年期国债期货,CFFEX,T0
2023-12-06,100.926,100.944,100.864,100.878,44789,56322,0.0,2年期国债期货,CFFEX,TS0
2023-12-06,99.52,99.56,99.34,99.41,20654,29194,0.0,30年期国债期货,CFFEX,TL0
2023-12-06,101.8,101.82,101.71,101.745,49978,95717,0.0,5年期国债期货,CFFEX,TF0
2023-12-07,101.99,102.07,101.845,102.06,78720,167441,0.0,10年期国债期货,CFFEX,T0
2023-12-07,100.89,100.96,100.86,100.942,43941,56893,0.0,2年期国债期货,CFFEX,TS0
2023-12-07,99.41,99.56,99.24,99.48,18334,29901,0.0,30年期国债期货,CFFEX,TL0
2023-12-07,101.74,101.89,101.695,101.87,69682,96712,0.0,5年期国债期货,CFFEX,TF0
2023-12-08,102.03,102.1,102.025,102.055,54204,171421,0.0,10年期国债期货,CFFEX,T0
2023-12-08,100.94,100.992,100.94,100.944,38259,57033,0.0,2年期国债期货,CFFEX,TS0
2023-12-08,99.5,99.62,99.4,99.55,13884,30395,0.0,30年期国债期货,CFFEX,TL0
2023-12-08,101.89,101.93,101.845,101.865,49861,98299,0.0,5年期国债期货,CFFEX,TF0
2023-12-11,102.2,102.295,102.18,102.25,64250,176761,0.0,10年期国债期货,CFFEX,T0
2023-12-11,100.984,101.03,100.966,100.984,37435,57265,0.0,2年期国债期货,CFFEX,TS0
2023-12-11,99.72,100.03,99.71,99.81,15037,33015,0.0,30年期国债期货,CFFEX,TL0
2023-12-11,101.955,102.045,101.955,101.99,52264,101494,0.0,5年期国债期货,CFFEX,TF0
2023-12-12,102.235,102.285,102.19,102.215,47776,177363,0.0,10年期国债期货,CFFEX,T0
2023-12-12,100.976,101.02,100.968,100.984,37660,58595,0.0,2年期国债期货,CFFEX,TS0
2023-12-12,99.81,99.92,99.7,99.7,11310,32896,0.0,30年期国债期货,CFFEX,TL0
2023-12-12,101.98,102.045,101.95,101.975,38344,103639,0.0,5年期国债期货,CFFEX,TF0
2023-12-13,102.32,102.525,102.315,102.475,59994,182462,0.0,10年期国债期货,CFFEX,T0
2023-12-13,101.014,101.124,101.012,101.106,40610,59848,0.0,2年期国债期货,CFFEX,TS0
2023-12-13,99.9,100.36,99.9,100.26,17539,35449,0.0,30年期国债期货,CFFEX,TL0
2023-12-13,102.08,102.205,102.08,102.185,57910,111046,0.0,5年期国债期货,CFFEX,TF0
2023-12-14,102.4,102.545,102.345,102.355,72798,178973,0.0,10年期国债期货,CFFEX,T0
2023-12-14,101.1,101.19,101.086,101.132,52380,59958,0.0,2年期国债期货,CFFEX,TS0
2023-12-14,100.2,100.38,100.1,100.12,18329,36544,0.0,30年期国债期货,CFFEX,TL0
2023-12-14,102.13,102.335,102.115,102.19,83052,112088,0.0,5年期国债期货,CFFEX,TF0
2023-12-15,102.365,102.535,102.335,102.53,61311,183455,0.0,10年期国债期货,CFFEX,T0
2023-12-15,101.14,101.188,101.114,101.158,46956,59407,0.0,2年期国债期货,CFFEX,TS0
2023-12-15,100.13,100.61,100.05,100.6,21188,36988,0.0,30年期国债期货,CFFEX,TL0
2023-12-15,102.2,102.31,102.18,102.305,53896,112912,0.0,5年期国债期货,CFFEX,TF0
2023-12-18,102.58,102.63,102.46,102.475,50905,182098,0.0,10年期国债期货,CFFEX,T0
2023-12-18,101.156,101.202,101.15,101.154,39796,60768,0.0,2年期国债期货,CFFEX,TS0
2023-12-18,100.66,100.74,100.5,100.69,16610,37175,0.0,30年期国债期货,CFFEX,TL0
2023-12-18,102.32,102.37,102.25,102.275,51450,110774,0.0,5年期国债期货,CFFEX,TF0
2023-12-19,102.44,102.55,102.41,102.53,46580,185679,0.0,10年期国债期货,CFFEX,T0
2023-12-19,101.136,101.172,101.12,101.164,36414,61165,0.0,2年期国债期货,CFFEX,TS0
2023-12-19,100.62,100.87,100.57,100.77,16150,38174,0.0,30年期国债期货,CFFEX,TL0
2023-12-19,102.22,102.31,102.195,102.28,47038,112864,0.0,5年期国债期货,CFFEX,TF0
2023-12-20,102.49,102.575,102.465,102.48,47589,184618,0.0,10年期国债期货,CFFEX,T0
2023-12-20,101.156,101.184,101.128,101.144,35019,61965,0.0,2年期国债期货,CFFEX,TS0
2023-12-20,100.72,100.97,100.72,100.87,20125,37986,0.0,30年期国债期货,CFFEX,TL0
2023-12-20,102.27,102.325,102.205,102.22,51998,113247,0.0,5年期国债期货,CFFEX,TF0
2023-12-21,102.49,102.68,102.39,102.59,78433,189461,0.0,10年期国债期货,CFFEX,T0
2023-12-21,101.14,101.19,101.092,101.17,49062,63341,0.0,2年期国债期货,CFFEX,TS0
2023-12-21,100.86,101.36,100.81,101.31,23231,38925,0.0,30年期国债期货,CFFEX,TL0
2023-12-21,102.23,102.37,102.145,102.34,63698,114940,0.0,5年期国债期货,CFFEX,TF0
2023-12-22,102.71,102.805,102.66,102.67,74694,192016,0.0,10年期国债期货,CFFEX,T0
2023-12-22,101.186,101.238,101.174,101.212,38639,64159,0.0,2年期国债期货,CFFEX,TS0
2023-12-22,101.61,101.64,101.38,101.47,23074,39424,0.0,30年期国债期货,CFFEX,TL0
2023-12-22,102.4,102.5,102.38,102.395,61235,114801,0.0,5年期国债期货,CFFEX,TF0
2023-12-25,102.665,102.885,102.625,102.855,62022,192976,0.0,10年期国债期货,CFFEX,T0
2023-12-25,101.212,101.322,101.212,101.32,40067,66672,0.0,2年期国债期货,CFFEX,TS0
2023-12-25,101.53,102.3,101.49,102.19,23180,40250,0.0,30年期国债期货,CFFEX,TL0
2023-12-25,102.405,102.555,102.38,102.54,53003,112862,0.0,5年期国债期货,CFFEX,TF0
2023-12-26,102.805,102.95,102.77,102.845,64092,192716,0.0,10年期国债期货,CFFEX,T0
2023-12-26,101.308,101.352,101.284,101.332,37187,66866,0.0,2年期国债期货,CFFEX,TS0
2023-12-26,102.05,102.38,101.76,101.82,27724,41302,0.0,30年期国债期货,CFFEX,TL0
2023-12-26,102.515,102.645,102.49,102.545,54282,111946,0.0,5年期国债期货,CFFEX,TF0
2023-12-27,102.91,102.96,102.765,102.925,60885,192807,0.0,10年期国债期货,CFFEX,T0
2023-12-27,101.354,101.394,101.316,101.368,43568,68884,0.0,2年期国债期货,CFFEX,TS0
2023-12-27,102.01,102.19,101.56,101.84,23421,42512,0.0,30年期国债期货,CFFEX,TL0
2023-12-27,102.585,102.64,102.485,102.575,47048,112572,0.0,5年期国债期货,CFFEX,TF0
2023-12-28,103.035,103.075,102.74,102.805,75459,191174,0.0,10年期国债期货,CFFEX,T0
2023-12-28,101.386,101.404,101.302,101.314,36647,69049,0.0,2年期国债期货,CFFEX,TS0
2023-12-28,102.14,102.14,101.47,101.72,22954,41453,0.0,30年期国债期货,CFFEX,TL0
2023-12-28,102.68,102.685,102.45,102.515,57894,113020,0.0,5年期国债期货,CFFEX,TF0
2023-12-29,102.84,102.915,102.76,102.845,52454,190010,0.0,10年期国债期货,CFFEX,T0
2023-12-29,101.33,101.356,101.3,101.34,28676,67493,0.0,2年期国债期货,CFFEX,TS0
2023-12-29,101.75,101.85,101.46,101.68,21329,42371,0.0,30年期国债期货,CFFEX,TL0
2023-12-29,102.535,102.59,102.505,102.535,40963,113201,0.0,5年期国债期货,CFFEX,TF0
2024-01-02,102.935,102.94,102.72,102.725,54319,187845,0.0,10年期国债期货,CFFEX,T0
2024-01-02,101.342,101.352,101.23,101.23,42512,67582,0.0,2年期国债期货,CFFEX,TS0
2024-01-02,101.81,101.83,101.56,101.61,13807,41279,0.0,30年期国债期货,CFFEX,TL0
2024-01-02,102.585,102.6,102.42,102.42,47224,114068,0.0,5年期国债期货,CFFEX,TF0
2024-01-03,102.695,102.82,102.63,102.815,63045,187593,0.0,10年期国债期货,CFFEX,T0
2024-01-03,101.21,101.24,101.166,101.224,41938,69826,0.0,2年期国债期货,CFFEX,TS0
2024-01-03,101.53,101.64,101.24,101.63,22925,40998,0.0,30年期国债期货,CFFEX,TL0
2024-01-03,102.395,102.5,102.3,102.495,67116,112157,0.0,5年期国债期货,CFFEX,TF0
2024-01-04,102.845,102.88,102.8,102.815,45827,187095,0.0,10年期国债期货,CFFEX,T0
2024-01-04,101.224,101.27,101.206,101.21,33436,68286,0.0,2年期国债期货,CFFEX,TS0
2024-01-04,101.7,101.93,101.63,101.76,17729,41174,0.0,30年期国债期货,CFFEX,TL0
2024-01-04,102.505,102.535,102.455,102.465,48362,112619,0.0,5年期国债期货,CFFEX,TF0
2024-01-05,102.9,103.06,102.85,102.95,67112,192917,0.0,10年期国债期货,CFFEX,T0
2024-01-05,101.226,101.288,101.212,101.248,37224,68018,0.0,2年期国债期货,CFFEX,TS0
2024-01-05,101.97,102.31,101.9,102.16,26158,42120,0.0,30年期国债期货,CFFEX,TL0
2024-01-05,102.495,102.62,102.48,102.545,54033,114000,0.0,5年期国债期货,CFFEX,TF0
2024-01-08,102.965,103.0,102.89,102.925,52740,188701,0.0,10年期国债期货,CFFEX,T0
2024-01-08,101.25,101.25,101.172,101.198,30790,68264,0.0,2年期国债期货,CFFEX,TS0
2024-01-08,102.22,102.33,102.07,102.15,16096,41815,0.0,30年期国债期货,CFFEX,TL0
2024-01-08,102.545,102.575,102.45,102.485,43957,112516,0.0,5年期国债期货,CFFEX,TF0
2024-01-09,103.005,103.115,102.975,103.105,69410,191797,0.0,10年期国债期货,CFFEX,T0
2024-01-09,101.24,101.276,101.214,101.248,35025,70715,0.0,2年期国债期货,CFFEX,TS0
2024-01-09,102.42,102.82,102.35,102.8,27446,43708,0.0,30年期国债期货,CFFEX,TL0
2024-01-09,102.55,102.615,102.505,102.585,56956,113959,0.0,5年期国债期货,CFFEX,TF0
2024-01-10,103.055,103.075,102.96,102.965,57467,187790,0.0,10年期国债期货,CFFEX,T0
2024-01-10,101.234,101.246,101.184,101.196,28837,70771,0.0,2年期国债期货,CFFEX,TS0
2024-01-10,102.75,102.79,102.49,102.61,21712,44924,0.0,30年期国债期货,CFFEX,TL0
2024-01-10,102.57,102.575,102.48,102.485,48236,113541,0.0,5年期国债期货,CFFEX,TF0
2024-01-11,102.905,103.065,102.855,102.99,71468,185482,0.0,10年期国债期货,CFFEX,T0
2024-01-11,101.188,101.248,101.13,101.234,35030,71157,0.0,2年期国债期货,CFFEX,TS0
2024-01-11,102.36,102.7,102.2,102.52,25359,44054,0.0,30年期国债期货,CFFEX,TL0
2024-01-11,102.45,102.615,102.42,102.6,71554,120195,0.0,5年期国债期货,CFFEX,TF0
2024-01-12,102.935,102.96,102.77,102.77,83838,176961,0.0,10年期国债期货,CFFEX,T0
2024-01-12,101.226,101.248,101.2,101.224,37719,71986,0.0,2年期国债期货,CFFEX,TS0
2024-01-12,102.4,102.41,102.07,102.07,35398,43135,0.0,30年期国债期货,CFFEX,TL0
2024-01-12,102.58,102.58,102.425,102.435,73603,114529,0.0,5年期国债期货,CFFEX,TF0
2024-01-15,102.68,102.87,102.625,102.83,71116,175472,0.0,10年期国债期货,CFFEX,T0
2024-01-15,101.19,101.226,101.168,101.182,37874,70129,0.0,2年期国债期货,CFFEX,TS0
2024-01-15,101.85,102.41,101.7,102.32,25634,44809,0.0,30年期国债期货,CFFEX,TL0
2024-01-15,102.39,102.5,102.34,102.42,57015,111513,0.0,5年期国债期货,CFFEX,TF0
2024-01-16,102.8,102.845,102.74,102.78,52661,174143,0.0,10年期国债期货,CFFEX,T0
2024-01-16,101.18,101.18,101.114,101.132,36612,69981,0.0,2年期国债期货,CFFEX,TS0
2024-01-16,102.35,102.5,102.19,102.32,21515,45695,0.0,30年期国债期货,CFFEX,TL0
2024-01-16,102.385,102.405,102.325,102.355,53583,108754,0.0,5年期国债期货,CFFEX,TF0
2024-01-17,102.81,102.935,102.785,102.935,57855,176290,0.0,10年期国债期货,CFFEX,T0
2024-01-17,101.14,101.168,101.114,101.158,32210,69649,0.0,2年期国债期货,CFFEX,TS0
2024-01-17,102.2,102.64,102.2,102.61,19605,46304,0.0,30年期国债期货,CFFEX,TL0
2024-01-17,102.375,102.475,102.355,102.455,50642,109240,0.0,5年期国债期货,CFFEX,TF0
2024-01-18,102.97,102.985,102.82,102.855,69778,173935,0.0,10年期国债期货,CFFEX,T0
2024-01-18,101.19,101.206,101.146,101.164,24207,69011,0.0,2年期国债期货,CFFEX,TS0
2024-01-18,102.7,102.88,102.55,102.61,24689,45557,0.0,30年期国债期货,CFFEX,TL0
2024-01-18,102.47,102.545,102.41,102.44,42122,108677,0.0,5年期国债期货,CFFEX,TF0
2024-01-19,102.9,103.0,102.87,102.995,50863,176661,0.0,10年期国债期货,CFFEX,T0
2024-01-19,101.17,101.222,101.17,101.216,27435,68657,0.0,2年期国债期货,CFFEX,TS0
2024-01-19,102.7,103.02,102.68,102.97,20085,46075,0.0,30年期国债期货,CFFEX,TL0
2024-01-19,102.465,102.58,102.465,102.56,44363,113647,0.0,5年期国债期货,CFFEX,TF0
2024-01-22,102.945,103.19,102.92,103.125,74353,180956,0.0,10年期国债期货,CFFEX,T0
2024-01-22,101.276,101.276,101.18,101.208,31400,66587,0.0,2年期国债期货,CFFEX,TS0
2024-01-22,102.94,103.81,102.92,103.68,27248,47704,0.0,30年期国债期货,CFFEX,TL0
2024-01-22,102.53,102.65,102.51,102.6,46473,115244,0.0,5年期国债期货,CFFEX,TF0
2024-01-23,103.08,103.12,102.97,103.02,72864,177543,0.0,10年期国债期货,CFFEX,T0
2024-01-23,101.2,101.23,101.18,101.2,31670,67181,0.0,2年期国债期货,CFFEX,TS0
2024-01-23,103.68,103.75,103.36,103.56,29013,46190,0.0,30年期国债期货,CFFEX,TL0
2024-01-23,102.58,102.6,102.49,102.525,48066,111879,0.0,5年期国债期货,CFFEX,TF0
2024-01-24,102.995,103.095,102.96,103.06,54013,179592,0.0,10年期国债期货,CFFEX,T0
2024-01-24,101.192,101.228,101.182,101.22,21919,68927,0.0,2年期国债期货,CFFEX,TS0
2024-01-24,103.46,103.94,103.32,103.67,29657,46346,0.0,30年期国债期货,CFFEX,TL0
2024-01-24,102.52,102.58,102.49,102.56,44244,111410,0.0,5年期国债期货,CFFEX,TF0
2024-01-25,103.02,103.24,102.975,103.15,79590,181495,0.0,10年期国债期货,CFFEX,T0
2024-01-25,101.28,101.32,101.266,101.274,42568,68231,0.0,2年期国债期货,CFFEX,TS0
2024-01-25,103.4,103.79,103.15,103.55,32353,46463,0.0,30年期国债期货,CFFEX,TL0
2024-01-25,102.68,102.81,102.66,102.725,80459,116988,0.0,5年期国债期货,CFFEX,TF0
2024-01-26,103.16,103.185,103.065,103.095,61695,171179,0.0,10年期国债期货,CFFEX,T0
2024-01-26,101.28,101.308,101.274,101.29,18323,68455,0.0,2年期国债期货,CFFEX,TS0
2024-01-26,103.61,103.74,103.5,103.55,21687,46401,0.0,30年期国债期货,CFFEX,TL0
2024-01-26,102.76,102.77,102.67,102.7,41780,114148,0.0,5年期国债期货,CFFEX,TF0
2024-01-29,103.06,103.23,103.025,103.21,51740,174633,0.0,10年期国债期货,CFFEX,T0
2024-01-29,101.286,101.328,101.276,101.326,22501,68961,0.0,2年期国债期货,CFFEX,TS0
2024-01-29,103.5,103.87,103.4,103.79,24007,46467,0.0,30年期国债期货,CFFEX,TL0
2024-01-29,102.675,102.765,102.645,102.755,38712,111748,0.0,5年期国债期货,CFFEX,TF0
2024-01-30,103.35,103.505,103.325,103.45,57236,176153,0.0,10年期国债期货,CFFEX,T0
2024-01-30,101.36,101.414,101.36,101.398,23365,68195,0.0,2年期国债期货,CFFEX,TS0
2024-01-30,104.1,104.67,104.09,104.6,24843,44160,0.0,30年期国债期货,CFFEX,TL0
2024-01-30,102.885,102.965,102.865,102.92,43031,110771,0.0,5年期国债期货,CFFEX,TF0
2024-01-31,103.655,103.66,103.46,103.57,77993,170794,0.0,10年期国债期货,CFFEX,T0
2024-01-31,101.434,101.446,101.344,101.37,25994,66403,0.0,2年期国债期货,CFFEX,TS0
2024-01-31,105.39,105.45,104.98,105.43,34071,40483,0.0,30年期国债期货,CFFEX,TL0
2024-01-31,103.04,103.075,102.85,102.915,52222,107162,0.0,5年期国债期货,CFFEX,TF0
2024-02-01,103.55,103.6,103.465,103.495,59663,161795,0.0,10年期国债期货,CFFEX,T0
2024-02-01,101.368,101.388,101.34,101.348,25436,65105,0.0,2年期国债期货,CFFEX,TS0
2024-02-01,105.3,105.48,104.94,105.14,31562,37351,0.0,30年期国债期货,CFFEX,TL0
2024-02-01,102.915,102.945,102.845,102.845,39644,104155,0.0,5年期国债期货,CFFEX,TF0
2024-02-02,103.48,103.54,103.45,103.525,48753,156326,0.0,10年期国债期货,CFFEX,T0
2024-02-02,101.336,101.34,101.308,101.324,17693,63087,0.0,2年期国债期货,CFFEX,TS0
2024-02-02,105.11,105.27,105.02,105.14,21661,34794,0.0,30年期国债期货,CFFEX,TL0
2024-02-02,102.825,102.85,102.765,102.85,35678,99537,0.0,5年期国债期货,CFFEX,TF0
2024-02-05,103.7,103.72,103.505,103.62,62905,138615,0.0,10年期国债期货,CFFEX,T0
2024-02-05,101.35,101.372,101.294,101.322,21933,59989,0.0,2年期国债期货,CFFEX,TS0
2024-02-05,105.85,105.9,105.43,105.64,24690,33396,0.0,30年期国债期货,CFFEX,TL0
2024-02-05,102.935,102.945,102.78,102.855,37075,93135,0.0,5年期国债期货,CFFEX,TF0
2024-02-06,103.585,103.585,103.26,103.28,78778,123844,0.0,10年期国债期货,CFFEX,T0
2024-02-06,101.294,101.322,101.234,101.268,29533,53941,0.0,2年期国债期货,CFFEX,TS0
2024-02-06,105.54,105.58,104.65,104.65,31218,29276,0.0,30年期国债期货,CFFEX,TL0
2024-02-06,102.825,102.83,102.62,102.655,51483,84822,0.0,5年期国债期货,CFFEX,TF0
2024-02-07,103.25,103.485,103.215,103.41,53912,114081,0.0,10年期国债期货,CFFEX,T0
2024-02-07,101.268,101.28,101.218,101.268,19557,50169,0.0,2年期国债期货,CFFEX,TS0
2024-02-07,104.58,105.35,104.5,105.18,23675,27849,0.0,30年期国债期货,CFFEX,TL0
2024-02-07,102.635,102.745,102.59,102.685,36552,78808,0.0,5年期国债期货,CFFEX,TF0
2024-02-08,103.365,103.495,103.195,103.25,44192,104627,0.0,10年期国债期货,CFFEX,T0
2024-02-08,101.272,101.328,101.254,101.268,18950,47931,0.0,2年期国债期货,CFFEX,TS0
2024-02-08,105.12,105.45,104.58,104.79,17946,25728,0.0,30年期国债期货,CFFEX,TL0
2024-02-08,102.675,102.745,102.555,102.595,28304,74029,0.0,5年期国债期货,CFFEX,TF0
2024-02-19,103.235,103.46,103.215,103.415,40866,97130,0.0,10年期国债期货,CFFEX,T0
2024-02-19,101.25,101.3,101.2,101.29,20026,44099,0.0,2年期国债期货,CFFEX,TS0
2024-02-19,104.79,105.23,104.64,105.16,9735,23773,0.0,30年期国债期货,CFFEX,TL0
2024-02-19,102.545,102.68,102.525,102.66,34598,67313,0.0,5年期国债期货,CFFEX,TF0
2024-02-20,103.45,103.5,103.31,103.495,43393,82495,0.0,10年期国债期货,CFFEX,T0
2024-02-20,101.29,101.332,101.28,101.32,23901,39943,0.0,2年期国债期货,CFFEX,TS0
2024-02-20,105.22,105.39,105.07,105.33,23191,39312,0.0,30年期国债期货,CFFEX,TL0
2024-02-20,102.66,102.735,102.585,102.725,42355,53611,0.0,5年期国债期货,CFFEX,TF0
2024-02-21,103.63,103.67,103.47,103.64,78236,130901,0.0,10年期国债期货,CFFEX,T0
2024-02-21,101.33,101.344,101.306,101.338,23629,35724,0.0,2年期国债期货,CFFEX,TS0
2024-02-21,105.43,105.59,104.97,105.33,31052,42798,0.0,30年期国债期货,CFFEX,TL0
2024-02-21,102.74,102.765,102.635,102.705,31154,45019,0.0,5年期国债期货,CFFEX,TF0
2024-02-22,103.6,103.775,103.585,103.765,57561,143566,0.0,10年期国债期货,CFFEX,T0
2024-02-22,101.338,101.412,101.328,101.398,20346,30702,0.0,2年期国债期货,CFFEX,TS0
2024-02-22,105.28,105.54,105.13,105.54,23177,45003,0.0,30年期国债期货,CFFEX,TL0
2024-02-22,102.95,103.095,102.92,103.085,55808,98446,0.0,5年期国债期货,CFFEX,TF0
2024-02-23,103.81,103.955,103.77,103.77,69089,158001,0.0,10年期国债期货,CFFEX,T0
2024-02-23,101.598,101.67,101.55,101.55,35049,52560,0.0,2年期国债期货,CFFEX,TS0
2024-02-23,105.6,106.02,105.55,105.83,29772,46817,0.0,30年期国债期货,CFFEX,TL0
2024-02-23,103.125,103.23,103.03,103.03,49329,99794,0.0,5年期国债期货,CFFEX,TF0
2024-02-26,103.745,103.885,103.7,103.88,47079,163966,0.0,10年期国债期货,CFFEX,T0
2024-02-26,101.55,101.584,101.51,101.564,26172,54517,0.0,2年期国债期货,CFFEX,TS0
2024-02-26,105.82,106.33,105.68,106.33,27008,50184,0.0,30年期国债期货,CFFEX,TL0
2024-02-26,103.01,103.12,102.96,103.095,43567,105611,0.0,5年期国债期货,CFFEX,TF0
2024-02-27,104.0,104.025,103.815,103.85,62568,163169,0.0,10年期国债期货,CFFEX,T0
2024-02-27,101.58,101.59,101.512,101.53,29474,55042,0.0,2年期国债期货,CFFEX,TS0
2024-02-27,106.78,106.94,106.47,106.57,34223,50276,0.0,30年期国债期货,CFFEX,TL0
2024-02-27,103.17,103.2,102.96,103.03,51608,103841,0.0,5年期国债期货,CFFEX,TF0
2024-02-28,103.9,104.04,103.815,104.03,53962,166827,0.0,10年期国债期货,CFFEX,T0
2024-02-28,101.53,101.568,101.52,101.556,30887,56256,0.0,2年期国债期货,CFFEX,TS0
2024-02-28,106.7,106.91,106.28,106.91,32084,50103,0.0,30年期国债期货,CFFEX,TL0
2024-02-28,103.05,103.13,103.0,103.115,36504,104426,0.0,5年期国债期货,CFFEX,TF0
2024-02-29,104.095,104.12,103.96,104.09,60834,168699,0.0,10年期国债期货,CFFEX,T0
2024-02-29,101.564,101.598,101.554,101.568,27562,58343,0.0,2年期国债期货,CFFEX,TS0
2024-02-29,107.2,107.56,106.97,107.34,37394,51215,0.0,30年期国债期货,CFFEX,TL0
2024-02-29,103.185,103.205,103.09,103.14,38680,106946,0.0,5年期国债期货,CFFEX,TF0
2024-03-01,103.99,103.99,103.565,103.64,97630,161773,0.0,10年期国债期货,CFFEX,T0
2024-03-01,101.56,101.56,101.444,101.466,31748,57061,0.0,2年期国债期货,CFFEX,TS0
2024-03-01,107.0,107.07,106.0,106.15,49697,52158,0.0,30年期国债期货,CFFEX,TL0
2024-03-01,103.06,103.09,102.805,102.85,53717,108114,0.0,5年期国债期货,CFFEX,TF0
2024-03-04,103.745,103.93,103.735,103.87,62043,164825,0.0,10年期国债期货,CFFEX,T0
2024-03-04,101.472,101.51,101.464,101.476,31208,56724,0.0,2年期国债期货,CFFEX,TS0
2024-03-04,106.61,107.18,106.6,107.05,37416,53859,0.0,30年期国债期货,CFFEX,TL0
2024-03-04,102.9,103.01,102.9,102.985,45906,106783,0.0,5年期国债期货,CFFEX,TF0
2024-03-05,103.87,103.995,103.83,103.96,68377,169889,0.0,10年期国债期货,CFFEX,T0
2024-03-05,101.472,101.508,101.452,101.48,29427,57147,0.0,2年期国债期货,CFFEX,TS0
2024-03-05,106.85,107.08,106.4,106.66,43610,55363,0.0,30年期国债期货,CFFEX,TL0
2024-03-05,102.95,103.075,102.925,102.995,45727,108065,0.0,5年期国债期货,CFFEX,TF0
2024-03-06,104.1,104.29,104.065,104.195,86189,173245,0.0,10年期国债期货,CFFEX,T0
2024-03-06,101.504,101.55,101.468,101.51,28747,57843,0.0,2年期国债期货,CFFEX,TS0
2024-03-06,106.79,107.46,106.67,107.28,44121,55919,0.0,30年期国债期货,CFFEX,TL0
2024-03-06,103.1,103.185,103.035,103.15,42308,111510,0.0,5年期国债期货,CFFEX,TF0
2024-03-07,104.4,104.44,104.0,104.125,101785,172870,0.0,10年期国债期货,CFFEX,T0
2024-03-07,101.54,101.57,101.446,101.45,30995,57845,0.0,2年期国债期货,CFFEX,TS0
2024-03-07,107.88,108.09,106.75,107.19,58164,57530,0.0,30年期国债期货,CFFEX,TL0
2024-03-07,103.27,103.3,102.94,103.035,65489,109602,0.0,5年期国债期货,CFFEX,TF0
2024-03-08,104.195,104.255,104.01,104.055,74926,171953,0.0,10年期国债期货,CFFEX,T0
2024-03-08,101.486,101.498,101.43,101.44,27597,56693,0.0,2年期国债期货,CFFEX,TS0
2024-03-08,107.23,107.46,106.74,106.89,44093,57925,0.0,30年期国债期货,CFFEX,TL0
2024-03-08,103.085,103.145,102.95,102.985,48977,107489,0.0,5年期国债期货,CFFEX,TF0
2024-03-11,104.105,104.225,103.955,103.985,82015,170909,0.0,10年期国债期货,CFFEX,T0
2024-03-11,101.432,101.492,101.424,101.452,28736,56146,0.0,2年期国债期货,CFFEX,TS0
2024-03-11,106.84,107.08,106.16,106.24,44776,58447,0.0,30年期国债期货,CFFEX,TL0
2024-03-11,103.02,103.135,102.91,102.94,56910,108707,0.0,5年期国债期货,CFFEX,TF0
2024-03-12,103.8,103.975,103.76,103.79,101149,172422,0.0,10年期国债期货,CFFEX,T0
2024-03-12,101.426,101.47,101.374,101.388,38129,56730,0.0,2年期国债期货,CFFEX,TS0
2024-03-12,105.7,105.9,105.04,105.04,59262,56676,0.0,30年期国债期货,CFFEX,TL0
2024-03-12,102.84,102.965,102.78,102.82,69679,111071,0.0,5年期国债期货,CFFEX,TF0
2024-03-13,103.75,103.905,103.535,103.885,131201,168990,0.0,10年期国债期货,CFFEX,T0
2024-03-13,101.39,101.44,101.374,101.422,38937,57796,0.0,2年期国债期货,CFFEX,TS0
2024-03-13,104.95,105.83,104.5,105.7,77721,53362,0.0,30年期国债期货,CFFEX,TL0
2024-03-13,102.78,102.91,102.665,102.885,83963,112871,0.0,5年期国债期货,CFFEX,TF0
2024-03-14,103.785,103.83,103.64,103.715,90203,171868,0.0,10年期国债期货,CFFEX,T0
2024-03-14,101.418,101.422,101.364,101.394,34025,60163,0.0,2年期国债期货,CFFEX,TS0
2024-03-14,105.47,105.86,105.1,105.61,52902,51159,0.0,30年期国债期货,CFFEX,TL0
2024-03-14,102.815,102.875,102.74,102.805,61148,111471,0.0,5年期国债期货,CFFEX,TF0
2024-03-15,103.725,103.9,103.66,103.855,81269,174616,0.0,10年期国债期货,CFFEX,T0
2024-03-15,101.4,101.436,101.378,101.418,32979,62062,0.0,2年期国债期货,CFFEX,TS0
2024-03-15,105.4,106.2,105.4,105.94,48570,51731,0.0,30年期国债期货,CFFEX,TL0
2024-03-15,102.805,102.91,102.77,102.87,54698,112598,0.0,5年期国债期货,CFFEX,TF0
2024-03-18,103.78,103.99,103.7,103.905,71749,174244,0.0,10年期国债期货,CFFEX,T0
2024-03-18,101.426,101.488,101.4,101.466,29790,61078,0.0,2年期国债期货,CFFEX,TS0
2024-03-18,105.9,106.35,105.76,106.34,35697,53797,0.0,30年期国债期货,CFFEX,TL0
2024-03-18,102.9,102.99,102.79,102.94,51620,111683,0.0,5年期国债期货,CFFEX,TF0
2024-03-19,103.98,104.1,103.87,104.1,78708,174586,0.0,10年期国债期货,CFFEX,T0
2024-03-19,101.468,101.5,101.456,101.484,31083,58625,0.0,2年期国债期货,CFFEX,TS0
2024-03-19,106.66,107.13,106.28,107.03,46256,55547,0.0,30年期国债期货,CFFEX,TL0
2024-03-19,102.99,103.035,102.895,103.02,49875,112972,0.0,5年期国债期货,CFFEX,TF0
2024-03-20,104.02,104.045,103.92,103.925,58477,173829,0.0,10年期国债期货,CFFEX,T0
2024-03-20,101.482,101.49,101.452,101.476,33950,58613,0.0,2年期国债期货,CFFEX,TS0
2024-03-20,106.75,106.99,106.53,106.55,34844,54708,0.0,30年期国债期货,CFFEX,TL0
2024-03-20,102.965,103.02,102.91,102.925,45338,114906,0.0,5年期国债期货,CFFEX,TF0
2024-03-21,103.91,104.1,103.88,104.07,76358,180638,0.0,10年期国债期货,CFFEX,T0
2024-03-21,101.486,101.54,101.468,101.54,40748,61027,0.0,2年期国债期货,CFFEX,TS0
2024-03-21,106.2,106.59,105.92,106.39,48793,56765,0.0,30年期国债期货,CFFEX,TL0
2024-03-21,102.89,103.11,102.89,103.085,77368,120456,0.0,5年期国债期货,CFFEX,TF0
2024-03-22,104.09,104.15,103.8,103.81,84982,177609,0.0,10年期国债期货,CFFEX,T0
2024-03-22,101.536,101.574,101.51,101.512,47950,62296,0.0,2年期国债期货,CFFEX,TS0
2024-03-22,106.48,106.75,105.48,105.49,47569,59081,0.0,30年期国债期货,CFFEX,TL0
2024-03-22,103.13,103.15,102.885,102.885,69251,121885,0.0,5年期国债期货,CFFEX,TF0
2024-03-25,103.86,103.935,103.7,103.795,78688,175679,0.0,10年期国债期货,CFFEX,T0
2024-03-25,101.5,101.594,101.498,101.526,38518,63380,0.0,2年期国债期货,CFFEX,TS0
2024-03-25,105.74,105.92,105.17,105.54,50389,58886,0.0,30年期国债期货,CFFEX,TL0
2024-03-25,102.93,103.01,102.85,102.91,65078,120372,0.0,5年期国债期货,CFFEX,TF0
2024-03-26,103.815,103.845,103.715,103.765,55616,175838,0.0,10年期国债期货,CFFEX,T0
2024-03-26,101.54,101.568,101.522,101.562,32700,65320,0.0,2年期国债期货,CFFEX,TS0
2024-03-26,105.54,105.64,105.2,105.36,39562,59489,0.0,30年期国债期货,CFFEX,TL0
2024-03-26,102.95,102.965,102.86,102.945,62680,122231,0.0,5年期国债期货,CFFEX,TF0
2024-03-27,103.81,103.99,103.735,103.91,70700,179943,0.0,10年期国债期货,CFFEX,T0
2024-03-27,101.572,101.588,101.54,101.576,31474,64934,0.0,2年期国债期货,CFFEX,TS0
2024-03-27,105.45,105.9,105.28,105.82,38773,59851,0.0,30年期国债期货,CFFEX,TL0
2024-03-27,102.96,103.105,102.94,103.06,59136,126961,0.0,5年期国债期货,CFFEX,TF0
2024-03-28,103.92,104.03,103.865,103.9,69812,178022,0.0,10年期国债期货,CFFEX,T0
2024-03-28,101.576,101.63,101.564,101.582,34602,65101,0.0,2年期国债期货,CFFEX,TS0
2024-03-28,105.94,106.26,105.72,105.83,48412,59647,0.0,30年期国债期货,CFFEX,TL0
2024-03-28,103.1,103.115,103.02,103.04,44429,126742,0.0,5年期国债期货,CFFEX,TF0
2024-03-29,103.855,104.12,103.795,104.11,69792,183561,0.0,10年期国债期货,CFFEX,T0
2024-03-29,101.584,101.668,101.564,101.668,30584,67253,0.0,2年期国债期货,CFFEX,TS0
2024-03-29,105.7,106.64,105.59,106.61,46295,60586,0.0,30年期国债期货,CFFEX,TL0
2024-03-29,103.005,103.22,102.95,103.205,59415,130341,0.0,5年期国债期货,CFFEX,TF0
2024-04-01,103.94,103.94,103.75,103.785,77242,179906,0.0,10年期国债期货,CFFEX,T0
2024-04-01,101.646,101.652,101.564,101.582,29555,66583,0.0,2年期国债期货,CFFEX,TS0
2024-04-01,106.17,106.18,105.65,105.8,43377,59930,0.0,30年期国债期货,CFFEX,TL0
2024-04-01,103.145,103.145,102.945,102.98,57080,127471,0.0,5年期国债期货,CFFEX,TF0
2024-04-02,103.895,103.92,103.805,103.91,51395,176718,0.0,10年期国债期货,CFFEX,T0
2024-04-02,101.59,101.618,101.59,101.608,41153,67807,0.0,2年期国债期货,CFFEX,TS0
2024-04-02,106.0,106.16,105.83,106.05,33524,60816,0.0,30年期国债期货,CFFEX,TL0
2024-04-02,103.045,103.08,102.985,103.05,46640,128451,0.0,5年期国债期货,CFFEX,TF0
2024-04-03,103.98,104.105,103.955,104.025,69333,185140,0.0,10年期国债期货,CFFEX,T0
2024-04-03,101.62,101.656,101.592,101.596,32205,68746,0.0,2年期国债期货,CFFEX,TS0
2024-04-03,106.16,106.6,106.16,106.39,33276,61641,0.0,30年期国债期货,CFFEX,TL0
2024-04-03,103.09,103.17,103.06,103.12,53856,131410,0.0,5年期国债期货,CFFEX,TF0
2024-04-08,104.005,104.185,103.99,104.11,59327,187298,0.0,10年期国债期货,CFFEX,T0
2024-04-08,101.61,101.688,101.61,101.65,24916,67671,0.0,2年期国债期货,CFFEX,TS0
2024-04-08,106.3,106.9,106.26,106.64,34382,62951,0.0,30年期国债期货,CFFEX,TL0
2024-04-08,103.11,103.27,103.1,103.2,53057,135212,0.0,5年期国债期货,CFFEX,TF0
2024-04-09,104.12,104.27,104.105,104.24,47693,189861,0.0,10年期国债期货,CFFEX,T0
2024-04-09,101.644,101.69,101.644,101.676,22040,68463,0.0,2年期国债期货,CFFEX,TS0
2024-04-09,106.63,106.97,106.58,106.88,25377,63309,0.0,30年期国债期货,CFFEX,TL0
2024-04-09,103.19,103.325,103.19,103.295,57351,139942,0.0,5年期国债期货,CFFEX,TF0
2024-04-10,104.1,104.21,104.07,104.14,59958,190710,0.0,10年期国债期货,CFFEX,T0
2024-04-10,101.66,101.694,101.644,101.682,21868,69731,0.0,2年期国债期货,CFFEX,TS0
2024-04-10,106.4,106.74,106.27,106.44,32291,62923,0.0,30年期国债期货,CFFEX,TL0
2024-04-10,103.24,103.36,103.18,103.295,56494,142337,0.0,5年期国债期货,CFFEX,TF0
2024-04-11,104.19,104.255,104.13,104.175,64784,192648,0.0,10年期国债期货,CFFEX,T0
2024-04-11,101.684,101.73,101.664,101.67,32949,71861,0.0,2年期国债期货,CFFEX,TS0
2024-04-11,106.29,106.58,105.71,105.86,45626,62175,0.0,30年期国债期货,CFFEX,TL0
2024-04-11,103.36,103.425,103.275,103.32,77420,141982,0.0,5年期国债期货,CFFEX,TF0
2024-04-12,104.34,104.53,104.325,104.395,89807,195595,0.0,10年期国债期货,CFFEX,T0
2024-04-12,101.7,101.736,101.688,101.708,33167,71445,0.0,2年期国债期货,CFFEX,TS0
2024-04-12,106.16,106.47,106.03,106.17,42882,59835,0.0,30年期国债期货,CFFEX,TL0
2024-04-12,103.42,103.48,103.375,103.41,68680,140297,0.0,5年期国债期货,CFFEX,TF0
2024-04-15,104.455,104.595,104.37,104.415,85464,195520,0.0,10年期国债期货,CFFEX,T0
2024-04-15,101.728,101.73,101.646,101.652,37681,69412,0.0,2年期国债期货,CFFEX,TS0
2024-04-15,106.25,106.45,106.01,106.17,37206,59471,0.0,30年期国债期货,CFFEX,TL0
2024-04-15,103.45,103.48,103.315,103.35,63487,138077,0.0,5年期国债期货,CFFEX,TF0
2024-04-16,104.48,104.48,104.375,104.46,55263,195663,0.0,10年期国债期货,CFFEX,T0
2024-04-16,101.648,101.68,101.618,101.666,32804,69606,0.0,2年期国债期货,CFFEX,TS0
2024-04-16,106.17,106.6,106.05,106.6,33999,59957,0.0,30年期国债期货,CFFEX,TL0
2024-04-16,103.35,103.4,103.29,103.37,56812,137617,0.0,5年期国债期货,CFFEX,TF0
2024-04-17,104.53,104.545,104.41,104.465,48528,195270,0.0,10年期国债期货,CFFEX,T0
2024-04-17,101.668,101.69,101.634,101.648,26140,69983,0.0,2年期国债期货,CFFEX,TS0
2024-04-17,106.83,107.0,106.4,106.67,43884,60569,0.0,30年期国债期货,CFFEX,TL0
2024-04-17,103.39,103.435,103.34,103.365,45667,138390,0.0,5年期国债期货,CFFEX,TF0
2024-04-18,104.48,104.66,104.44,104.61,68652,198596,0.0,10年期国债期货,CFFEX,T0
2024-04-18,101.648,101.732,101.646,101.718,31119,70711,0.0,2年期国债期货,CFFEX,TS0
2024-04-18,106.7,107.45,106.7,107.43,46984,62451,0.0,30年期国债期货,CFFEX,TL0
2024-04-18,103.38,103.56,103.355,103.53,65004,145591,0.0,5年期国债期货,CFFEX,TF0
2024-04-19,104.6,104.65,104.55,104.575,51379,194663,0.0,10年期国债期货,CFFEX,T0
2024-04-19,101.73,101.736,101.682,101.704,24181,69088,0.0,2年期国债期货,CFFEX,TS0
2024-04-19,107.4,107.58,107.23,107.44,35887,62722,0.0,30年期国债期货,CFFEX,TL0
2024-04-19,103.53,103.555,103.46,103.495,50043,142427,0.0,5年期国债期货,CFFEX,TF0
2024-04-22,104.65,104.745,104.63,104.645,59863,195755,0.0,10年期国债期货,CFFEX,T0
2024-04-22,101.704,101.744,101.698,101.704,26570,67409,0.0,2年期国债期货,CFFEX,TS0
2024-04-22,107.68,107.95,107.64,107.82,28623,61898,0.0,30年期国债期货,CFFEX,TL0
2024-04-22,103.53,103.585,103.475,103.495,47659,141798,0.0,5年期国债期货,CFFEX,TF0
2024-04-23,104.715,104.9,104.71,104.845,68052,200561,0.0,10年期国债期货,CFFEX,T0
2024-04-23,101.71,101.75,101.706,101.746,35431,67426,0.0,2年期国债期货,CFFEX,TS0
2024-04-23,107.97,108.48,107.91,108.35,42623,61593,0.0,30年期国债期货,CFFEX,TL0
2024-04-23,103.53,103.635,103.525,103.61,52467,142501,0.0,5年期国债期货,CFFEX,TF0
2024-04-24,104.655,104.665,104.47,104.48,85884,190491,0.0,10年期国债期货,CFFEX,T0
2024-04-24,101.716,101.726,101.668,101.674,28013,66720,0.0,2年期国债期货,CFFEX,TS0
2024-04-24,107.8,107.8,107.06,107.1,52806,59975,0.0,30年期国债期货,CFFEX,TL0
2024-04-24,103.5,103.545,103.4,103.43,65835,135608,0.0,5年期国债期货,CFFEX,TF0
2024-04-25,104.54,104.58,104.44,104.47,69832,190157,0.0,10年期国债期货,CFFEX,T0
2024-04-25,101.7,101.756,101.682,101.722,30763,65501,0.0,2年期国债期货,CFFEX,TS0
2024-04-25,107.11,107.24,106.64,106.76,53157,59912,0.0,30年期国债期货,CFFEX,TL0
2024-04-25,103.465,103.54,103.4,103.45,65016,134576,0.0,5年期国债期货,CFFEX,TF0
2024-04-26,104.54,104.585,104.165,104.195,91582,186730,0.0,10年期国债期货,CFFEX,T0
2024-04-26,101.724,101.748,101.576,101.6,38168,62332,0.0,2年期国债期货,CFFEX,TS0
2024-04-26,106.82,106.97,106.14,106.26,46984,58375,0.0,30年期国债期货,CFFEX,TL0
2024-04-26,103.495,103.52,103.195,103.21,84327,132036,0.0,5年期国债期货,CFFEX,TF0
2024-04-29,103.9,103.9,103.56,103.785,116752,178742,0.0,10年期国债期货,CFFEX,T0
2024-04-29,101.484,101.51,101.404,101.468,42868,59799,0.0,2年期国债期货,CFFEX,TS0
2024-04-29,105.66,105.74,104.98,105.39,64461,56044,0.0,30年期国债期货,CFFEX,TL0
2024-04-29,103.0,103.0,102.76,102.905,99791,129113,0.0,5年期国债期货,CFFEX,TF0
2024-04-30,104.02,104.14,103.91,104.115,57330,176521,0.0,10年期国债期货,CFFEX,T0
2024-04-30,101.55,101.58,101.518,101.574,34631,58861,0.0,2年期国债期货,CFFEX,TS0
2024-04-30,105.9,106.22,105.73,106.2,37772,55910,0.0,30年期国债期货,CFFEX,TL0
2024-04-30,103.08,103.18,103.015,103.17,57154,125461,0.0,5年期国债期货,CFFEX,TF0
2024-05-06,104.115,104.175,103.915,104.115,59489,169436,0.0,10年期国债期货,CFFEX,T0
2024-05-06,101.574,101.638,101.514,101.612,35887,53844,0.0,2年期国债期货,CFFEX,TS0
2024-05-06,105.99,106.08,105.68,105.82,37552,51975,0.0,30年期国债期货,CFFEX,TL0
2024-05-06,103.17,103.265,103.05,103.235,71735,120320,0.0,5年期国债期货,CFFEX,TF0
2024-05-07,104.245,104.405,104.245,104.375,71323,162150,0.0,10年期国债期货,CFFEX,T0
2024-05-07,101.632,101.698,101.632,101.674,37708,52569,0.0,2年期国债期货,CFFEX,TS0
2024-05-07,105.86,106.36,105.86,106.23,37057,49742,0.0,30年期国债期货,CFFEX,TL0
2024-05-07,103.31,103.43,103.31,103.395,67884,116953,0.0,5年期国债期货,CFFEX,TF0
2024-05-08,104.33,104.465,104.31,104.425,55510,157082,0.0,10年期国债期货,CFFEX,T0
2024-05-08,101.674,101.674,101.64,101.65,26681,51200,0.0,2年期国债期货,CFFEX,TS0
2024-05-08,106.12,106.57,106.05,106.39,30262,47586,0.0,30年期国债期货,CFFEX,TL0
2024-05-08,103.365,103.405,103.305,103.365,52866,112415,0.0,5年期国债期货,CFFEX,TF0
2024-05-09,104.36,104.43,104.21,104.215,61286,152013,0.0,10年期国债期货,CFFEX,T0
2024-05-09,101.644,101.676,101.63,101.638,23231,50390,0.0,2年期国债期货,CFFEX,TS0
2024-05-09,106.18,106.35,105.74,105.85,32949,45367,0.0,30年期国债期货,CFFEX,TL0
2024-05-09,103.3,103.375,103.24,103.25,46323,108431,0.0,5年期国债期货,CFFEX,TF0
2024-05-10,104.28,104.365,104.175,104.295,55147,145047,0.0,10年期国债期货,CFFEX,T0
2024-05-10,101.644,101.682,101.634,101.64,29115,48332,0.0,2年期国债期货,CFFEX,TS0
2024-05-10,106.03,106.26,105.51,105.7,38463,40691,0.0,30年期国债期货,CFFEX,TL0
2024-05-10,103.295,103.36,103.215,103.295,55016,104469,0.0,5年期国债期货,CFFEX,TF0
2024-05-13,104.4,104.49,104.32,104.445,66479,136116,0.0,10年期国债期货,CFFEX,T0
2024-05-13,101.66,101.746,101.652,101.726,29622,46190,0.0,2年期国债期货,CFFEX,TS0
2024-05-13,106.05,106.6,105.98,106.43,38159,35818,0.0,30年期国债期货,CFFEX,TL0
2024-05-13,103.345,103.445,103.3,103.41,55616,97815,0.0,5年期国债期货,CFFEX,TF0
2024-05-14,104.495,104.55,104.415,104.465,51740,124809,0.0,10年期国债期货,CFFEX,T0
2024-05-14,101.738,101.772,101.706,101.726,31252,42032,0.0,2年期国债期货,CFFEX,TS0
2024-05-14,106.57,106.86,106.44,106.56,24845,33038,0.0,30年期国债期货,CFFEX,TL0
2024-05-14,103.445,103.495,103.37,103.43,46096,91419,0.0,5年期国债期货,CFFEX,TF0
2024-05-15,104.51,104.525,104.355,104.44,50495,114753,0.0,10年期国债期货,CFFEX,T0
2024-05-15,101.762,101.762,101.708,101.726,27480,39054,0.0,2年期国债期货,CFFEX,TS0
2024-05-15,106.64,106.73,106.26,106.43,21412,30709,0.0,30年期国债期货,CFFEX,TL0
2024-05-15,103.42,103.46,103.345,103.39,41063,85276,0.0,5年期国债期货,CFFEX,TF0
2024-05-16,104.4,104.43,104.245,104.27,49490,103407,0.0,10年期国债期货,CFFEX,T0
2024-05-16,101.718,101.734,101.692,101.704,27759,34281,0.0,2年期国债期货,CFFEX,TS0
2024-05-16,106.0,106.08,105.56,105.72,38296,53640,0.0,30年期国债期货,CFFEX,TL0
2024-05-16,103.37,103.405,103.27,103.325,47597,78653,0.0,5年期国债期货,CFFEX,TF0
2024-05-17,104.16,104.28,104.105,104.25,53694,91428,0.0,10年期国债期货,CFFEX,T0
2024-05-17,101.65,101.718,101.65,101.71,29079,30287,0.0,2年期国债期货,CFFEX,TS0
2024-05-17,105.4,105.83,105.02,105.42,53029,58257,0.0,30年期国债期货,CFFEX,TL0
2024-05-17,103.2,103.34,103.195,103.325,48810,72448,0.0,5年期国债期货,CFFEX,TF0
2024-05-20,104.18,104.31,104.13,104.28,67721,126889,0.0,10年期国债期货,CFFEX,T0
2024-05-20,101.726,101.748,101.69,101.738,17506,26120,0.0,2年期国债期货,CFFEX,TS0
2024-05-20,105.6,105.9,105.5,105.74,31234,58532,0.0,30年期国债期货,CFFEX,TL0
2024-05-20,103.375,103.45,103.31,103.415,44752,62650,0.0,5年期国债期货,CFFEX,TF0
2024-05-21,104.165,104.23,104.11,104.21,52353,133790,0.0,10年期国债期货,CFFEX,T0
2024-05-21,101.714,101.734,101.68,101.692,31194,42671,0.0,2年期国债期货,CFFEX,TS0
2024-05-21,105.64,105.73,105.44,105.67,31254,59758,0.0,30年期国债期货,CFFEX,TL0
2024-05-21,103.385,103.385,103.25,103.34,36879,52489,0.0,5年期国债期货,CFFEX,TF0
2024-05-22,104.25,104.29,104.205,104.275,48870,140965,0.0,10年期国债期货,CFFEX,T0
2024-05-22,101.696,101.756,101.69,101.746,37523,46659,0.0,2年期国债期货,CFFEX,TS0
2024-05-22,105.65,106.09,105.65,105.97,32792,62734,0.0,30年期国债期货,CFFEX,TL0
2024-05-22,103.32,103.4,103.305,103.375,50474,86154,0.0,5年期国债期货,CFFEX,TF0
2024-05-23,104.35,104.41,104.34,104.36,45356,144808,0.0,10年期国债期货,CFFEX,T0
2024-05-23,101.754,101.79,101.754,101.778,27619,48997,0.0,2年期国债期货,CFFEX,TS0
2024-05-23,106.14,106.52,106.13,106.41,39491,65313,0.0,30年期国债期货,CFFEX,TL0
2024-05-23,103.4,103.47,103.4,103.43,44495,90553,0.0,5年期国债期货,CFFEX,TF0
2024-05-24,104.365,104.43,104.295,104.305,61640,149658,0.0,10年期国债期货,CFFEX,T0
2024-05-24,101.8,101.808,101.712,101.732,29579,50848,0.0,2年期国债期货,CFFEX,TS0
2024-05-24,106.55,106.69,106.2,106.24,37993,65514,0.0,30年期国债期货,CFFEX,TL0
2024-05-24,103.405,103.47,103.355,103.38,57666,93980,0.0,5年期国债期货,CFFEX,TF0
2024-05-27,104.33,104.365,104.24,104.345,59520,151772,0.0,10年期国债期货,CFFEX,T0
2024-05-27,101.74,101.75,101.68,101.75,29125,50503,0.0,2年期国债期货,CFFEX,TS0
2024-05-27,106.17,106.48,106.1,106.4,33157,65967,0.0,30年期国债期货,CFFEX,TL0
2024-05-27,103.385,103.405,103.3,103.4,51573,96170,0.0,5年期国债期货,CFFEX,TF0
2024-05-28,104.365,104.48,104.335,104.465,62155,158404,0.0,10年期国债期货,CFFEX,T0
2024-05-28,101.738,101.764,101.738,101.76,20514,52238,0.0,2年期国债期货,CFFEX,TS0
2024-05-28,106.5,106.94,106.47,106.91,38205,68332,0.0,30年期国债期货,CFFEX,TL0
2024-05-28,103.385,103.485,103.38,103.47,52841,100610,0.0,5年期国债期货,CFFEX,TF0
2024-05-29,104.56,104.615,104.48,104.5,51406,162308,0.0,10年期国债期货,CFFEX,T0
2024-05-29,101.788,101.8,101.764,101.782,18386,52994,0.0,2年期国债期货,CFFEX,TS0
2024-05-29,107.18,107.31,107.0,107.1,28357,67364,0.0,30年期国债期货,CFFEX,TL0
2024-05-29,103.55,103.57,103.475,103.495,38852,103773,0.0,5年期国债期货,CFFEX,TF0
2024-05-30,104.505,104.57,104.43,104.485,51066,163529,0.0,10年期国债期货,CFFEX,T0
2024-05-30,101.76,101.792,101.756,101.764,22997,52386,0.0,2年期国债期货,CFFEX,TS0
2024-05-30,107.15,107.39,106.74,106.9,42428,67249,0.0,30年期国债期货,CFFEX,TL0
2024-05-30,103.495,103.55,103.465,103.48,40274,104889,0.0,5年期国债期货,CFFEX,TF0
2024-05-31,104.4,104.47,104.33,104.35,71787,159449,0.0,10年期国债期货,CFFEX,T0
2024-05-31,101.75,101.806,101.74,101.758,27358,51326,0.0,2年期国债期货,CFFEX,TS0
2024-05-31,106.63,106.95,106.43,106.46,47697,66050,0.0,30年期国债期货,CFFEX,TL0
2024-05-31,103.47,103.57,103.425,103.445,62105,103070,0.0,5年期国债期货,CFFEX,TF0
2024-06-03,104.405,104.56,104.4,104.53,53114,166913,0.0,10年期国债期货,CFFEX,T0
2024-06-03,101.76,101.824,101.76,101.82,29843,53847,0.0,2年期国债期货,CFFEX,TS0
2024-06-03,106.58,106.94,106.57,106.76,31944,65599,0.0,30年期国债期货,CFFEX,TL0
2024-06-03,103.48,103.59,103.465,103.56,51971,110258,0.0,5年期国债期货,CFFEX,TF0
2024-06-04,104.52,104.595,104.485,104.575,48043,166940,0.0,10年期国债期货,CFFEX,T0
2024-06-04,101.824,101.828,101.772,101.802,23706,52926,0.0,2年期国债期货,CFFEX,TS0
2024-06-04,106.8,106.9,106.64,106.89,28792,66161,0.0,30年期国债期货,CFFEX,TL0
2024-06-04,103.575,103.585,103.52,103.55,39096,109086,0.0,5年期国债期货,CFFEX,TF0
2024-06-05,104.6,104.705,104.595,104.67,56062,173974,0.0,10年期国债期货,CFFEX,T0
2024-06-05,101.804,101.842,101.804,101.832,23152,54453,0.0,2年期国债期货,CFFEX,TS0
2024-06-05,106.96,107.11,106.88,107.01,26552,66191,0.0,30年期国债期货,CFFEX,TL0
2024-06-05,103.56,103.65,103.56,103.645,41329,113199,0.0,5年期国债期货,CFFEX,TF0
2024-06-06,104.69,104.715,104.62,104.675,42613,174683,0.0,10年期国债期货,CFFEX,T0
2024-06-06,101.84,101.846,101.814,101.83,25353,54958,0.0,2年期国债期货,CFFEX,TS0
2024-06-06,107.12,107.13,106.91,107.06,26775,66290,0.0,30年期国债期货,CFFEX,TL0
2024-06-06,103.675,103.685,103.61,103.655,33356,114111,0.0,5年期国债期货,CFFEX,TF0
2024-06-07,104.665,104.705,104.615,104.695,34245,175902,0.0,10年期国债期货,CFFEX,T0
2024-06-07,101.828,101.85,101.81,101.85,23920,54337,0.0,2年期国债期货,CFFEX,TS0
2024-06-07,107.0,107.22,106.93,107.22,24731,68151,0.0,30年期国债期货,CFFEX,TL0
2024-06-07,103.65,103.685,103.605,103.685,34945,115544,0.0,5年期国债期货,CFFEX,TF0
2024-06-11,104.7,104.775,104.645,104.76,39119,176759,0.0,10年期国债期货,CFFEX,T0
2024-06-11,101.846,101.87,101.832,101.862,26734,54203,0.0,2年期国债期货,CFFEX,TS0
2024-06-11,107.25,107.57,107.13,107.44,31164,65989,0.0,30年期国债期货,CFFEX,TL0
2024-06-11,103.7,103.72,103.64,103.705,32500,117859,0.0,5年期国债期货,CFFEX,TF0
2024-06-12,104.77,104.77,104.68,104.695,49436,179613,0.0,10年期国债期货,CFFEX,T0
2024-06-12,101.862,101.874,101.824,101.834,25297,53257,0.0,2年期国债期货,CFFEX,TS0
2024-06-12,107.46,107.55,107.27,107.29,29812,66099,0.0,30年期国债期货,CFFEX,TL0
2024-06-12,103.72,103.72,103.61,103.645,51696,118520,0.0,5年期国债期货,CFFEX,TF0
2024-06-13,104.735,104.79,104.7,104.72,44732,181323,0.0,10年期国债期货,CFFEX,T0
2024-06-13,101.836,101.85,101.802,101.816,27383,51341,0.0,2年期国债期货,CFFEX,TS0
2024-06-13,107.5,107.69,107.45,107.62,28901,66915,0.0,30年期国债期货,CFFEX,TL0
2024-06-13,103.67,103.705,103.61,103.615,49849,113415,0.0,5年期国债期货,CFFEX,TF0
2024-06-14,104.76,104.795,104.705,104.755,49370,179772,0.0,10年期国债期货,CFFEX,T0
2024-06-14,101.81,101.824,101.79,101.82,24594,51722,0.0,2年期国债期货,CFFEX,TS0
2024-06-14,107.8,108.0,107.69,107.86,35245,66290,0.0,30年期国债期货,CFFEX,TL0
2024-06-14,103.645,103.67,103.59,103.63,45802,110478,0.0,5年期国债期货,CFFEX,TF0
2024-06-17,104.71,104.795,104.665,104.765,53171,183352,0.0,10年期国债期货,CFFEX,T0
2024-06-17,101.82,101.838,101.77,101.774,30805,50985,0.0,2年期国债期货,CFFEX,TS0
2024-06-17,107.81,108.1,107.77,108.04,28177,67279,0.0,30年期国债期货,CFFEX,TL0
2024-06-17,103.605,103.665,103.55,103.58,54486,111818,0.0,5年期国债期货,CFFEX,TF0
2024-06-18,104.8,104.9,104.77,104.855,52143,189998,0.0,10年期国债期货,CFFEX,T0
2024-06-18,101.776,101.832,101.776,101.828,26972,50231,0.0,2年期国债期货,CFFEX,TS0
2024-06-18,108.28,108.52,108.16,108.32,38770,68621,0.0,30年期国债期货,CFFEX,TL0
2024-06-18,103.6,103.695,103.6,103.665,49107,117927,0.0,5年期国债期货,CFFEX,TF0
2024-06-19,104.87,104.975,104.8,104.975,52768,192612,0.0,10年期国债期货,CFFEX,T0
2024-06-19,101.83,101.89,101.826,101.89,29545,53504,0.0,2年期国债期货,CFFEX,TS0
2024-06-19,108.5,108.54,108.06,108.39,42098,69545,0.0,30年期国债期货,CFFEX,TL0
2024-06-19,103.7,103.79,103.64,103.79,48398,121401,0.0,5年期国债期货,CFFEX,TF0
2024-06-20,105.025,105.04,104.93,105.015,42231,192052,0.0,10年期国债期货,CFFEX,T0
2024-06-20,101.892,101.894,101.862,101.868,21850,54654,0.0,2年期国债期货,CFFEX,TS0
2024-06-20,108.58,108.78,108.38,108.77,32313,71111,0.0,30年期国债期货,CFFEX,TL0
2024-06-20,103.79,103.805,103.74,103.77,31925,121472,0.0,5年期国债期货,CFFEX,TF0
2024-06-21,104.93,104.945,104.83,104.91,49330,186914,0.0,10年期国债期货,CFFEX,T0
2024-06-21,101.86,101.87,101.81,101.87,26197,55073,0.0,2年期国债期货,CFFEX,TS0
2024-06-21,108.56,108.58,108.1,108.32,34988,70933,0.0,30年期国债期货,CFFEX,TL0
2024-06-21,103.72,103.755,103.655,103.74,50602,118854,0.0,5年期国债期货,CFFEX,TF0
2024-06-24,104.9,105.08,104.875,105.055,41498,190416,0.0,10年期国债期货,CFFEX,T0
2024-06-24,101.86,101.89,101.826,101.89,20547,53989,0.0,2年期国债期货,CFFEX,TS0
2024-06-24,108.31,108.77,108.18,108.73,28846,71835,0.0,30年期国债期货,CFFEX,TL0
2024-06-24,103.735,103.835,103.675,103.82,32529,121345,0.0,5年期国债期货,CFFEX,TF0
2024-06-25,105.12,105.19,105.1,105.15,41426,191408,0.0,10年期国债期货,CFFEX,T0
2024-06-25,101.89,101.92,101.89,101.92,25847,56353,0.0,2年期国债期货,CFFEX,TS0
2024-06-25,108.96,109.14,108.86,109.04,34582,71473,0.0,30年期国债期货,CFFEX,TL0
2024-06-25,103.865,103.905,103.84,103.9,30417,123772,0.0,5年期国债期货,CFFEX,TF0
2024-06-26,105.135,105.205,105.105,105.135,35992,194487,0.0,10年期国债期货,CFFEX,T0
2024-06-26,101.924,101.938,101.912,101.93,21667,57499,0.0,2年期国债期货,CFFEX,TS0
2024-06-26,109.0,109.16,108.88,108.98,27405,71498,0.0,30年期国债期货,CFFEX,TL0
2024-06-26,103.91,103.925,103.86,103.895,24953,124191,0.0,5年期国债期货,CFFEX,TF0
2024-06-27,105.115,105.345,105.115,105.305,46373,197135,0.0,10年期国债期货,CFFEX,T0
2024-06-27,101.926,101.99,101.924,101.954,25743,57777,0.0,2年期国债期货,CFFEX,TS0
2024-06-27,108.97,109.48,108.96,109.47,34200,72453,0.0,30年期国债期货,CFFEX,TL0
2024-06-27,103.9,104.035,103.89,103.98,34380,125395,0.0,5年期国债期货,CFFEX,TF0
2024-06-28,105.325,105.4,105.25,105.32,37924,195096,0.0,10年期国债期货,CFFEX,T0
2024-06-28,101.964,101.986,101.95,101.978,29062,57544,0.0,2年期国债期货,CFFEX,TS0
2024-06-28,109.55,109.73,109.25,109.49,34883,71954,0.0,30年期国债期货,CFFEX,TL0
2024-06-28,104.0,104.04,103.96,104.005,29882,125196,0.0,5年期国债期货,CFFEX,TF0
2024-07-01,105.355,105.495,104.895,104.975,97922,190321,0.0,10年期国债期货,CFFEX,T0
2024-07-01,101.978,102.008,101.876,101.884,29070,55805,0.0,2年期国债期货,CFFEX,TS0
2024-07-01,109.6,110.1,108.24,108.44,85008,72532,0.0,30年期国债期货,CFFEX,TL0
2024-07-01,104.04,104.09,103.735,103.765,57735,122638,0.0,5年期国债期货,CFFEX,TF0
2024-07-02,105.0,105.26,104.975,105.24,64121,187332,0.0,10年期国债期货,CFFEX,T0
2024-07-02,101.896,101.972,101.896,101.956,24444,56444,0.0,2年期国债期货,CFFEX,TS0
2024-07-02,108.31,108.8,108.31,108.75,46520,71768,0.0,30年期国债期货,CFFEX,TL0
2024-07-02,103.805,103.97,103.78,103.955,52521,121685,0.0,5年期国债期货,CFFEX,TF0
2024-07-03,105.22,105.395,105.17,105.37,46130,187898,0.0,10年期国债期货,CFFEX,T0
2024-07-03,101.956,101.986,101.948,101.98,21705,58998,0.0,2年期国债期货,CFFEX,TS0
2024-07-03,108.73,109.1,108.61,109.01,42086,72404,0.0,30年期国债期货,CFFEX,TL0
2024-07-03,103.93,104.05,103.92,104.045,41754,121059,0.0,5年期国债期货,CFFEX,TF0
2024-07-04,105.34,105.38,105.25,105.27,43458,187515,0.0,10年期国债期货,CFFEX,T0
2024-07-04,101.976,101.99,101.95,101.964,22537,60156,0.0,2年期国债期货,CFFEX,TS0
2024-07-04,108.8,109.02,108.65,108.77,34912,72323,0.0,30年期国债期货,CFFEX,TL0
2024-07-04,104.01,104.045,103.96,103.99,39040,120329,0.0,5年期国债期货,CFFEX,TF0
2024-07-05,105.235,105.275,105.095,105.135,59477,187212,0.0,10年期国债期货,CFFEX,T0
2024-07-05,101.95,101.966,101.934,101.942,26168,59632,0.0,2年期国债期货,CFFEX,TS0
2024-07-05,108.63,108.71,108.21,108.41,51636,72902,0.0,30年期国债期货,CFFEX,TL0
2024-07-05,103.97,103.975,103.875,103.915,49983,115558,0.0,5年期国债期货,CFFEX,TF0
2024-07-08,105.0,105.0,104.75,104.875,71055,183033,0.0,10年期国债期货,CFFEX,T0
2024-07-08,101.89,101.89,101.818,101.858,37488,57624,0.0,2年期国债期货,CFFEX,TS0
2024-07-08,108.0,108.14,107.68,108.08,45269,74146,0.0,30年期国债期货,CFFEX,TL0
2024-07-08,103.78,103.79,103.61,103.715,75280,116840,0.0,5年期国债期货,CFFEX,TF0
2024-07-09,105.01,105.095,105.0,105.085,45269,186733,0.0,10年期国债期货,CFFEX,T0
2024-07-09,101.874,101.93,101.858,101.922,30785,55050,0.0,2年期国债期货,CFFEX,TS0
2024-07-09,108.31,108.5,108.2,108.39,34830,74500,0.0,30年期国债期货,CFFEX,TL0
2024-07-09,103.8,103.865,103.775,103.83,44621,115375,0.0,5年期国债期货,CFFEX,TF0
2024-07-10,105.085,105.145,105.035,105.11,29670,188590,0.0,10年期国债期货,CFFEX,T0
2024-07-10,101.918,101.946,101.91,101.938,20514,54860,0.0,2年期国债期货,CFFEX,TS0
2024-07-10,108.35,108.5,108.27,108.46,29336,75624,0.0,30年期国债期货,CFFEX,TL0
2024-07-10,103.81,103.89,103.8,103.865,25935,116126,0.0,5年期国债期货,CFFEX,TF0
2024-07-11,105.12,105.16,105.085,105.13,20413,187646,0.0,10年期国债期货,CFFEX,T0
2024-07-11,101.932,101.948,101.924,101.94,13328,54450,0.0,2年期国债期货,CFFEX,TS0
2024-07-11,108.44,108.55,108.36,108.52,24941,75680,0.0,30年期国债期货,CFFEX,TL0
2024-07-11,103.85,103.92,103.845,103.895,29601,119073,0.0,5年期国债期货,CFFEX,TF0
2024-07-12,105.195,105.3,105.185,105.245,27194,188079,0.0,10年期国债期货,CFFEX,T0
2024-07-12,101.95,101.984,101.95,101.974,10553,54742,0.0,2年期国债期货,CFFEX,TS0
2024-07-12,108.7,108.93,108.66,108.88,28090,76180,0.0,30年期国债期货,CFFEX,TL0
2024-07-12,103.945,104.0,103.925,103.965,27317,119933,0.0,5年期国债期货,CFFEX,TF0
2024-07-15,105.265,105.385,105.235,105.34,37184,187897,0.0,10年期国债期货,CFFEX,T0
2024-07-15,101.978,102.004,101.968,101.984,19156,55052,0.0,2年期国债期货,CFFEX,TS0
2024-07-15,108.96,109.12,108.9,109.08,26617,76802,0.0,30年期国债期货,CFFEX,TL0
2024-07-15,103.965,104.05,103.95,104.015,35235,121487,0.0,5年期国债期货,CFFEX,TF0
2024-07-16,105.375,105.41,105.21,105.38,43439,189654,0.0,10年期国债期货,CFFEX,T0
2024-07-16,101.988,102.014,101.97,102.0,13756,55657,0.0,2年期国债期货,CFFEX,TS0
2024-07-16,109.1,109.22,108.51,109.07,38085,77338,0.0,30年期国债期货,CFFEX,TL0
2024-07-16,104.025,104.065,103.94,104.05,30468,122274,0.0,5年期国债期货,CFFEX,TF0
2024-07-17,105.435,105.455,105.335,105.435,34012,191962,0.0,10年期国债期货,CFFEX,T0
2024-07-17,102.006,102.034,101.994,102.014,17368,56282,0.0,2年期国债期货,CFFEX,TS0
2024-07-17,109.15,109.2,108.9,109.09,28263,77353,0.0,30年期国债期货,CFFEX,TL0
2024-07-17,104.095,104.12,104.025,104.08,31338,123397,0.0,5年期国债期货,CFFEX,TF0
2024-07-18,105.4,105.41,105.28,105.3,37029,194418,0.0,10年期国债期货,CFFEX,T0
2024-07-18,102.012,102.024,101.976,101.996,23213,56650,0.0,2年期国债期货,CFFEX,TS0
2024-07-18,108.99,108.99,108.74,108.82,26097,77801,0.0,30年期国债期货,CFFEX,TL0
2024-07-18,104.06,104.09,103.995,104.025,29448,123244,0.0,5年期国债期货,CFFEX,TF0
2024-07-19,105.32,105.465,105.32,105.46,29575,197044,0.0,10年期国债期货,CFFEX,T0
2024-07-19,102.0,102.034,102.0,102.032,17169,57426,0.0,2年期国债期货,CFFEX,TS0
2024-07-19,108.86,109.1,108.82,109.09,25950,78042,0.0,30年期国债期货,CFFEX,TL0
2024-07-19,104.035,104.14,104.035,104.12,33642,125920,0.0,5年期国债期货,CFFEX,TF0
2024-07-22,105.6,105.775,105.525,105.715,44822,197400,0.0,10年期国债期货,CFFEX,T0
2024-07-22,102.06,102.148,102.058,102.11,25740,58654,0.0,2年期国债期货,CFFEX,TS0
2024-07-22,109.25,109.5,109.11,109.41,32575,75748,0.0,30年期国债期货,CFFEX,TL0
2024-07-22,104.21,104.365,104.17,104.31,56219,126696,0.0,5年期国债期货,CFFEX,TF0
2024-07-23,105.795,105.89,105.75,105.87,37021,197151,0.0,10年期国债期货,CFFEX,T0
2024-07-23,102.14,102.15,102.122,102.148,25693,58267,0.0,2年期国债期货,CFFEX,TS0
2024-07-23,109.52,109.62,109.46,109.57,26967,74240,0.0,30年期国债期货,CFFEX,TL0
2024-07-23,104.36,104.42,104.32,104.415,39923,125817,0.0,5年期国债期货,CFFEX,TF0
2024-07-24,105.855,105.92,105.805,105.86,34430,197309,0.0,10年期国债期货,CFFEX,T0
2024-07-24,102.152,102.156,102.132,102.144,20944,57467,0.0,2年期国债期货,CFFEX,TS0
2024-07-24,109.53,109.74,109.4,109.68,34357,72527,0.0,30年期国债期货,CFFEX,TL0
2024-07-24,104.41,104.42,104.36,104.4,30908,126215,0.0,5年期国债期货,CFFEX,TF0
2024-07-25,105.97,105.995,105.795,105.835,55102,196211,0.0,10年期国债期货,CFFEX,T0
2024-07-25,102.164,102.184,102.128,102.13,23149,57730,0.0,2年期国债期货,CFFEX,TS0
2024-07-25,109.9,110.18,109.85,110.12,41661,71748,0.0,30年期国债期货,CFFEX,TL0
2024-07-25,104.465,104.485,104.33,104.35,52539,126888,0.0,5年期国债期货,CFFEX,TF0
2024-07-26,105.985,105.99,105.865,105.925,41595,195816,0.0,10年期国债期货,CFFEX,T0
2024-07-26,102.144,102.176,102.136,102.162,21280,56435,0.0,2年期国债期货,CFFEX,TS0
2024-07-26,110.55,110.58,110.19,110.42,36147,70190,0.0,30年期国债期货,CFFEX,TL0
2024-07-26,104.4,104.44,104.365,104.425,40105,131965,0.0,5年期国债期货,CFFEX,TF0
2024-07-29,105.96,105.975,105.855,105.95,37773,194315,0.0,10年期国债期货,CFFEX,T0
2024-07-29,102.172,102.182,102.152,102.164,16695,55198,0.0,2年期国债期货,CFFEX,TS0
2024-07-29,110.53,110.95,110.49,110.93,30188,70100,0.0,30年期国债期货,CFFEX,TL0
2024-07-29,104.425,104.45,104.385,104.43,36377,130486,0.0,5年期国债期货,CFFEX,TF0
2024-07-30,106.03,106.05,105.865,105.96,53114,195694,0.0,10年期国债期货,CFFEX,T0
2024-07-30,102.172,102.184,102.14,102.178,26844,55576,0.0,2年期国债期货,CFFEX,TS0
2024-07-30,111.21,111.48,110.95,111.36,49722,67852,0.0,30年期国债期货,CFFEX,TL0
2024-07-30,104.475,104.485,104.385,104.46,38505,130835,0.0,5年期国债期货,CFFEX,TF0
2024-07-31,106.12,106.24,106.06,106.115,60181,195568,0.0,10年期国债期货,CFFEX,T0
2024-07-31,102.19,102.268,102.186,102.204,36568,57802,0.0,2年期国债期货,CFFEX,TS0
2024-07-31,111.51,111.75,111.08,111.09,41684,67044,0.0,30年期国债期货,CFFEX,TL0
2024-07-31,104.57,104.62,104.52,104.545,49560,129430,0.0,5年期国债期货,CFFEX,TF0
2024-08-01,106.125,106.36,106.095,106.265,55843,197027,0.0,10年期国债期货,CFFEX,T0
2024-08-01,102.204,102.276,102.192,102.244,37649,59719,0.0,2年期国债期货,CFFEX,TS0
2024-08-01,111.12,111.7,111.12,111.55,39738,66993,0.0,30年期国债期货,CFFEX,TL0
2024-08-01,104.54,104.72,104.53,104.655,50679,130351,0.0,5年期国债期货,CFFEX,TF0
2024-08-02,106.365,106.44,106.16,106.31,57160,194806,0.0,10年期国债期货,CFFEX,T0
2024-08-02,102.276,102.292,102.228,102.258,31114,59026,0.0,2年期国债期货,CFFEX,TS0
2024-08-02,111.93,112.14,111.46,111.9,47580,67924,0.0,30年期国债期货,CFFEX,TL0
2024-08-02,104.7,104.755,104.595,104.665,46214,126980,0.0,5年期国债期货,CFFEX,TF0
2024-08-05,106.395,106.55,106.3,106.55,53595,189298,0.0,10年期国债期货,CFFEX,T0
2024-08-05,102.284,102.284,102.23,102.282,32276,53724,0.0,2年期国债期货,CFFEX,TS0
2024-08-05,112.21,113.0,112.12,112.97,48873,65883,0.0,30年期国债期货,CFFEX,TL0
2024-08-05,104.7,104.765,104.625,104.755,54903,122717,0.0,5年期国债期货,CFFEX,TF0
2024-08-06,106.19,106.315,106.0,106.31,65938,179302,0.0,10年期国债期货,CFFEX,T0
2024-08-06,102.17,102.25,102.11,102.246,40065,50653,0.0,2年期国债期货,CFFEX,TS0
2024-08-06,111.88,112.19,111.59,111.96,54090,62404,0.0,30年期国债期货,CFFEX,TL0
2024-08-06,104.61,104.655,104.405,104.635,52156,118938,0.0,5年期国债期货,CFFEX,TF0
2024-08-07,106.405,106.525,106.39,106.515,44263,175431,0.0,10年期国债期货,CFFEX,T0
2024-08-07,102.234,102.268,102.232,102.258,36732,49613,0.0,2年期国债期货,CFFEX,TS0
2024-08-07,112.19,112.52,112.03,112.51,37288,61356,0.0,30年期国债期货,CFFEX,TL0
2024-08-07,104.69,104.76,104.655,104.74,49025,118244,0.0,5年期国债期货,CFFEX,TF0
2024-08-08,106.36,106.39,106.05,106.19,76079,170244,0.0,10年期国债期货,CFFEX,T0
2024-08-08,102.23,102.248,102.196,102.232,39830,46552,0.0,2年期国债期货,CFFEX,TS0
2024-08-08,112.04,112.15,111.31,111.81,63741,58876,0.0,30年期国债期货,CFFEX,TL0
2024-08-08,104.69,104.69,104.495,104.59,67027,113897,0.0,5年期国债期货,CFFEX,TF0
2024-08-09,105.9,105.965,105.805,105.945,60351,162691,0.0,10年期国债期货,CFFEX,T0
2024-08-09,102.2,102.214,102.172,102.182,28923,44672,0.0,2年期国债期货,CFFEX,TS0
2024-08-09,111.02,111.47,110.99,111.45,51159,57452,0.0,30年期国债期货,CFFEX,TL0
2024-08-09,104.44,104.475,104.375,104.45,62171,107858,0.0,5年期国债期货,CFFEX,TF0
2024-08-12,105.5,105.585,105.25,105.31,77021,150930,0.0,10年期国债期货,CFFEX,T0
2024-08-12,102.138,102.138,102.044,102.048,30351,41195,0.0,2年期国债期货,CFFEX,TS0
2024-08-12,110.88,110.88,109.96,110.14,51140,53799,0.0,30年期国债期货,CFFEX,TL0
2024-08-12,104.25,104.265,104.09,104.105,68027,98911,0.0,5年期国债期货,CFFEX,TF0
2024-08-13,105.34,105.62,105.32,105.535,81213,136682,0.0,10年期国债期货,CFFEX,T0
2024-08-13,102.06,102.132,102.042,102.106,35284,39179,0.0,2年期国债期货,CFFEX,TS0
2024-08-13,110.36,111.03,110.29,110.89,42642,51096,0.0,30年期国债期货,CFFEX,TL0
2024-08-13,104.15,104.385,104.14,104.35,67501,88193,0.0,5年期国债期货,CFFEX,TF0
2024-08-14,105.745,105.935,105.655,105.69,76165,124047,0.0,10年期国债期货,CFFEX,T0
2024-08-14,102.15,102.18,102.102,102.114,40216,35562,0.0,2年期国债期货,CFFEX,TS0
2024-08-14,111.59,111.89,111.28,111.54,50577,47643,0.0,30年期国债期货,CFFEX,TL0
2024-08-14,104.53,104.56,104.37,104.425,64298,77776,0.0,5年期国债期货,CFFEX,TF0
2024-08-15,105.785,105.785,105.5,105.545,69629,112556,0.0,10年期国债期货,CFFEX,T0
2024-08-15,102.126,102.144,102.042,102.052,38661,32255,0.0,2年期国债期货,CFFEX,TS0
2024-08-15,111.76,111.81,110.97,111.08,41287,44619,0.0,30年期国债期货,CFFEX,TL0
2024-08-15,104.48,104.48,104.23,104.25,58910,68948,0.0,5年期国债期货,CFFEX,TF0
2024-08-16,105.585,105.745,105.585,105.695,57416,99951,0.0,10年期国债期货,CFFEX,T0
2024-08-16,102.07,102.106,102.054,102.08,29085,29093,0.0,2年期国债期货,CFFEX,TS0
2024-08-16,110.63,111.18,110.61,110.68,60436,67422,0.0,30年期国债期货,CFFEX,TL0
2024-08-16,104.295,104.405,104.295,104.385,54116,56679,0.0,5年期国债期货,CFFEX,TF0
2024-08-19,105.68,105.85,105.61,105.8,48724,87078,0.0,10年期国债期货,CFFEX,T0
2024-08-19,102.08,102.122,102.058,102.104,29549,25786,0.0,2年期国债期货,CFFEX,TS0
2024-08-19,110.8,111.31,110.76,111.29,41800,67113,0.0,30年期国债期货,CFFEX,TL0
2024-08-19,104.4,104.415,104.315,104.395,37842,46295,0.0,5年期国债期货,CFFEX,TF0
2024-08-20,105.725,105.795,105.7,105.79,65314,153484,0.0,10年期国债期货,CFFEX,T0
2024-08-20,102.116,102.116,102.052,102.074,18408,21106,0.0,2年期国债期货,CFFEX,TS0
2024-08-20,111.32,111.54,111.25,111.46,38045,68707,0.0,30年期国债期货,CFFEX,TL0
2024-08-20,104.41,104.43,104.325,104.4,61935,94679,0.0,5年期国债期货,CFFEX,TF0
2024-08-21,105.77,105.81,105.51,105.515,70881,159587,0.0,10年期国债期货,CFFEX,T0
2024-08-21,102.07,102.072,101.956,101.972,37215,35453,0.0,2年期国债期货,CFFEX,TS0
2024-08-21,111.5,111.62,110.89,110.92,52135,70477,0.0,30年期国债期货,CFFEX,TL0
2024-08-21,104.385,104.425,104.13,104.165,59129,103569,0.0,5年期国债期货,CFFEX,TF0
2024-08-22,105.75,105.92,105.75,105.86,70525,167633,0.0,10年期国债期货,CFFEX,T0
2024-08-22,102.07,102.094,102.036,102.076,40529,36250,0.0,2年期国债期货,CFFEX,TS0
2024-08-22,111.45,111.76,111.32,111.61,48254,70117,0.0,30年期国债期货,CFFEX,TL0
2024-08-22,104.35,104.47,104.345,104.43,64198,108208,0.0,5年期国债期货,CFFEX,TF0
2024-08-23,105.86,105.985,105.78,105.95,57741,171331,0.0,10年期国债期货,CFFEX,T0
2024-08-23,102.08,102.164,102.06,102.162,45728,42653,0.0,2年期国债期货,CFFEX,TS0
2024-08-23,111.66,111.86,111.37,111.79,48460,71546,0.0,30年期国债期货,CFFEX,TL0
2024-08-23,104.415,104.55,104.38,104.53,56553,109875,0.0,5年期国债期货,CFFEX,TF0
2024-08-26,105.91,106.05,105.885,106.0,53504,178032,0.0,10年期国债期货,CFFEX,T0
2024-08-26,102.162,102.198,102.138,102.174,39925,44105,0.0,2年期国债期货,CFFEX,TS0
2024-08-26,111.7,111.98,111.5,111.75,42906,73731,0.0,30年期国债期货,CFFEX,TL0
2024-08-26,104.52,104.6,104.48,104.565,51835,112610,0.0,5年期国债期货,CFFEX,TF0
2024-08-27,105.91,105.955,105.695,105.74,66406,181066,0.0,10年期国债期货,CFFEX,T0
2024-08-27,102.152,102.186,102.124,102.128,42274,46777,0.0,2年期国债期货,CFFEX,TS0
2024-08-27,111.59,111.75,111.0,111.1,54385,76364,0.0,30年期国债期货,CFFEX,TL0
2024-08-27,104.55,104.56,104.375,104.425,53795,111949,0.0,5年期国债期货,CFFEX,TF0
2024-08-28,105.76,105.925,105.665,105.9,55608,185040,0.0,10年期国债期货,CFFEX,T0
2024-08-28,102.142,102.186,102.126,102.178,27009,47520,0.0,2年期国债期货,CFFEX,TS0
2024-08-28,111.17,111.51,110.82,111.46,55438,76209,0.0,30年期国债期货,CFFEX,TL0
2024-08-28,104.445,104.585,104.395,104.56,50534,111810,0.0,5年期国债期货,CFFEX,TF0
2024-08-29,105.91,105.925,105.725,105.83,54253,186868,0.0,10年期国债期货,CFFEX,T0
2024-08-29,102.174,102.192,102.138,102.148,40450,49724,0.0,2年期国债期货,CFFEX,TS0
2024-08-29,111.56,111.61,111.13,111.32,41952,74103,0.0,30年期国债期货,CFFEX,TL0
2024-08-29,104.56,104.585,104.435,104.485,50849,111079,0.0,5年期国债期货,CFFEX,TF0
2024-08-30,105.85,105.9,105.59,105.755,65019,188827,0.0,10年期国债期货,CFFEX,T0
2024-08-30,102.146,102.17,102.118,102.156,38319,50053,0.0,2年期国债期货,CFFEX,TS0
2024-08-30,111.44,111.48,110.85,111.26,54168,75342,0.0,30年期国债期货,CFFEX,TL0
2024-08-30,104.49,104.535,104.36,104.475,38469,112601,0.0,5年期国债期货,CFFEX,TF0
2024-09-02,105.89,106.05,105.885,106.03,54920,191212,0.0,10年期国债期货,CFFEX,T0
2024-09-02,102.17,102.268,102.17,102.266,40245,51440,0.0,2年期国债期货,CFFEX,TS0
2024-09-02,111.55,111.9,111.37,111.85,39048,74171,0.0,30年期国债期货,CFFEX,TL0
2024-09-02,104.535,104.73,104.535,104.7,63683,113011,0.0,5年期国债期货,CFFEX,TF0
2024-09-03,105.99,106.115,105.955,106.065,53646,191966,0.0,10年期国债期货,CFFEX,T0
2024-09-03,102.264,102.33,102.25,102.298,37443,56216,0.0,2年期国债期货,CFFEX,TS0
2024-09-03,111.83,111.94,111.72,111.9,33378,73566,0.0,30年期国债期货,CFFEX,TL0
2024-09-03,104.7,104.84,104.665,104.805,49964,115192,0.0,5年期国债期货,CFFEX,TF0
2024-09-04,106.155,106.235,106.08,106.13,56471,193729,0.0,10年期国债期货,CFFEX,T0
2024-09-04,102.35,102.35,102.26,102.268,41321,56262,0.0,2年期国债期货,CFFEX,TS0
2024-09-04,112.02,112.34,112.02,112.13,41742,74214,0.0,30年期国债期货,CFFEX,TL0
2024-09-04,104.88,104.9,104.74,104.78,54014,117762,0.0,5年期国债期货,CFFEX,TF0
2024-09-05,106.24,106.34,106.105,106.155,58844,198127,0.0,10年期国债期货,CFFEX,T0
2024-09-05,102.282,102.328,102.252,102.264,31918,57898,0.0,2年期国债期货,CFFEX,TS0
2024-09-05,112.41,112.83,112.0,112.23,54423,76429,0.0,30年期国债期货,CFFEX,TL0
2024-09-05,104.84,104.94,104.77,104.805,48654,120641,0.0,5年期国债期货,CFFEX,TF0
2024-09-06,106.135,106.32,106.135,106.295,40532,199419,0.0,10年期国债期货,CFFEX,T0
2024-09-06,102.288,102.326,102.282,102.31,21278,57433,0.0,2年期国债期货,CFFEX,TS0
2024-09-06,112.3,112.68,112.27,112.56,35941,77127,0.0,30年期国债期货,CFFEX,TL0
2024-09-06,104.79,104.925,104.79,104.895,36131,120795,0.0,5年期国债期货,CFFEX,TF0
2024-09-09,106.29,106.405,106.29,106.395,34694,199303,0.0,10年期国债期货,CFFEX,T0
2024-09-09,102.308,102.338,102.304,102.33,26695,58358,0.0,2年期国债期货,CFFEX,TS0
2024-09-09,112.61,112.98,112.6,112.95,33724,77024,0.0,30年期国债期货,CFFEX,TL0
2024-09-09,104.895,104.95,104.88,104.935,35583,119384,0.0,5年期国债期货,CFFEX,TF0
2024-09-10,106.42,106.61,106.42,106.6,58194,201379,0.0,10年期国债期货,CFFEX,T0
2024-09-10,102.332,102.418,102.332,102.414,33152,58452,0.0,2年期国债期货,CFFEX,TS0
2024-09-10,113.06,113.31,112.95,113.28,47707,78321,0.0,30年期国债期货,CFFEX,TL0
2024-09-10,104.93,105.1,104.93,105.085,50565,122393,0.0,5年期国债期货,CFFEX,TF0
2024-09-11,106.62,106.745,106.58,106.7,46060,201388,0.0,10年期国债期货,CFFEX,T0
2024-09-11,102.436,102.472,102.41,102.46,33080,60171,0.0,2年期国债期货,CFFEX,TS0
2024-09-11,113.38,113.56,113.27,113.51,36104,79088,0.0,30年期国债期货,CFFEX,TL0
2024-09-11,105.135,105.2,105.075,105.16,47056,123206,0.0,5年期国债期货,CFFEX,TF0
2024-09-12,106.67,106.74,106.585,106.635,56002,202405,0.0,10年期国债期货,CFFEX,T0
2024-09-12,102.458,102.508,102.392,102.418,43829,59238,0.0,2年期国债期货,CFFEX,TS0
2024-09-12,113.46,113.74,113.35,113.59,43656,78505,0.0,30年期国债期货,CFFEX,TL0
2024-09-12,105.16,105.245,105.055,105.11,63992,128004,0.0,5年期国债期货,CFFEX,TF0
2024-09-13,106.76,106.81,106.655,106.805,53438,205435,0.0,10年期国债期货,CFFEX,T0
2024-09-13,102.432,102.482,102.412,102.456,26471,59627,0.0,2年期国债期货,CFFEX,TS0
2024-09-13,114.03,114.34,113.81,114.33,51875,80220,0.0,30年期国债期货,CFFEX,TL0
2024-09-13,105.195,105.245,105.095,105.205,42569,127199,0.0,5年期国债期货,CFFEX,TF0
2024-09-18,106.945,106.95,106.785,106.905,51477,209669,0.0,10年期国债期货,CFFEX,T0
2024-09-18,102.5,102.5,102.418,102.444,29232,61252,0.0,2年期国债期货,CFFEX,TS0
2024-09-18,114.81,115.2,114.62,115.13,46029,81038,0.0,30年期国债期货,CFFEX,TL0
2024-09-18,105.25,105.285,105.15,105.22,44106,126974,0.0,5年期国债期货,CFFEX,TF0
2024-09-19,106.97,107.03,106.745,106.785,72433,209175,0.0,10年期国债期货,CFFEX,T0
2024-09-19,102.448,102.46,102.338,102.386,39496,62650,0.0,2年期国债期货,CFFEX,TS0
2024-09-19,115.3,115.54,114.55,114.7,89139,79480,0.0,30年期国债期货,CFFEX,TL0
2024-09-19,105.255,105.275,105.065,105.135,63822,122805,0.0,5年期国债期货,CFFEX,TF0
2024-09-20,106.78,106.975,106.76,106.965,48440,215439,0.0,10年期国债期货,CFFEX,T0
2024-09-20,102.366,102.428,102.366,102.428,27248,63819,0.0,2年期国债期货,CFFEX,TS0
2024-09-20,114.88,115.45,114.83,115.44,53422,81449,0.0,30年期国债期货,CFFEX,TL0
2024-09-20,105.13,105.26,105.115,105.255,40553,126629,0.0,5年期国债期货,CFFEX,TF0
2024-09-23,107.03,107.07,106.885,106.93,53823,212919,0.0,10年期国债期货,CFFEX,T0
2024-09-23,102.43,102.47,102.384,102.388,25556,64558,0.0,2年期国债期货,CFFEX,TS0
2024-09-23,115.58,115.76,115.35,115.63,56493,80526,0.0,30年期国债期货,CFFEX,TL0
2024-09-23,105.255,105.32,105.145,105.17,49951,127460,0.0,5年期国债期货,CFFEX,TF0
2024-09-24,106.99,107.135,106.525,106.67,114677,208304,0.0,10年期国债期货,CFFEX,T0
2024-09-24,102.43,102.464,102.32,102.374,38925,64041,0.0,2年期国债期货,CFFEX,TS0
2024-09-24,115.86,116.0,114.1,114.45,129313,77306,0.0,30年期国债期货,CFFEX,TL0
2024-09-24,105.24,105.375,104.96,105.09,90049,130966,0.0,5年期国债期货,CFFEX,TF0
2024-09-25,106.695,106.915,106.525,106.905,69476,211349,0.0,10年期国债期货,CFFEX,T0
2024-09-25,102.376,102.512,102.376,102.506,39776,65920,0.0,2年期国债期货,CFFEX,TS0
2024-09-25,114.32,114.75,113.8,114.74,78618,75385,0.0,30年期国债期货,CFFEX,TL0
2024-09-25,105.135,105.36,105.095,105.355,65551,140586,0.0,5年期国债期货,CFFEX,TF0
2024-09-26,107.035,107.05,106.535,106.605,99084,211498,0.0,10年期国债期货,CFFEX,T0
2024-09-26,102.518,102.532,102.418,102.434,41791,65073,0.0,2年期国债期货,CFFEX,TS0
2024-09-26,115.2,115.35,113.58,113.58,124715,78571,0.0,30年期国债期货,CFFEX,TL0
2024-09-26,105.38,105.415,105.165,105.17,78262,140971,0.0,5年期国债期货,CFFEX,TF0
2024-09-27,106.3,106.445,105.135,105.64,180584,201050,0.0,10年期国债期货,CFFEX,T0
2024-09-27,102.4,102.47,102.166,102.332,52925,61729,0.0,2年期国债期货,CFFEX,TS0
2024-09-27,112.39,113.0,110.15,110.99,193235,78363,0.0,30年期国债期货,CFFEX,TL0
2024-09-27,105.09,105.135,104.225,104.695,119910,130173,0.0,5年期国债期货,CFFEX,TF0
2024-09-30,105.12,105.645,104.7,105.365,136353,189072,0.0,10年期国债期货,CFFEX,T0
2024-09-30,102.24,102.328,102.13,102.31,41317,58228,0.0,2年期国债期货,CFFEX,TS0
2024-09-30,109.5,111.11,108.61,110.31,158249,71515,0.0,30年期国债期货,CFFEX,TL0
2024-09-30,104.315,104.625,104.27,104.505,77641,125862,0.0,5年期国债期货,CFFEX,TF0
2024-10-08,104.995,105.795,104.91,105.345,113186,189910,0.0,10年期国债期货,CFFEX,T0
2024-10-08,102.188,102.384,102.16,102.208,35945,57359,0.0,2年期国债期货,CFFEX,TS0
2024-10-08,109.32,111.72,109.09,110.56,130484,71088,0.0,30年期国债期货,CFFEX,TL0
2024-10-08,104.24,104.715,104.085,104.34,67618,125730,0.0,5年期国债期货,CFFEX,TF0
2024-10-09,105.395,105.67,105.265,105.61,107584,188677,0.0,10年期国债期货,CFFEX,T0
2024-10-09,102.156,102.26,102.146,102.238,31959,55253,0.0,2年期国债期货,CFFEX,TS0
2024-10-09,110.8,111.7,110.69,111.7,106762,68715,0.0,30年期国债期货,CFFEX,TL0
2024-10-09,104.3,104.525,104.22,104.48,71074,122485,0.0,5年期国债期货,CFFEX,TF0
2024-10-10,105.71,105.925,105.605,105.86,72123,186881,0.0,10年期国债期货,CFFEX,T0
2024-10-10,102.256,102.344,102.246,102.28,32867,52654,0.0,2年期国债期货,CFFEX,TS0
2024-10-10,111.6,112.56,111.5,112.43,81845,67846,0.0,30年期国债期货,CFFEX,TL0
2024-10-10,104.745,104.745,104.535,104.69,60470,122670,0.0,5年期国债期货,CFFEX,TF0
2024-10-11,106.055,106.085,105.8,105.91,76209,186199,0.0,10年期国债期货,CFFEX,T0
2024-10-11,102.35,102.38,102.302,102.326,24799,52463,0.0,2年期国债期货,CFFEX,TS0
2024-10-11,112.95,113.03,112.15,112.45,96015,71366,0.0,30年期国债期货,CFFEX,TL0
2024-10-11,104.88,104.88,104.67,104.76,53485,123417,0.0,5年期国债期货,CFFEX,TF0
2024-10-14,106.035,106.095,105.865,105.935,77989,185477,0.0,10年期国债期货,CFFEX,T0
2024-10-14,102.326,102.366,102.308,102.346,38274,52512,0.0,2年期国债期货,CFFEX,TS0
2024-10-14,112.59,113.0,111.93,112.27,95259,72174,0.0,30年期国债期货,CFFEX,TL0
2024-10-14,104.81,104.88,104.7,104.755,66565,123478,0.0,5年期国债期货,CFFEX,TF0
2024-10-15,105.98,106.195,105.895,106.185,77585,187978,0.0,10年期国债期货,CFFEX,T0
2024-10-15,102.366,102.372,102.318,102.362,34316,51799,0.0,2年期国债期货,CFFEX,TS0
2024-10-15,112.27,112.64,111.67,112.61,89666,73180,0.0,30年期国债期货,CFFEX,TL0
2024-10-15,104.77,104.865,104.71,104.855,62018,120032,0.0,5年期国债期货,CFFEX,TF0
2024-10-16,106.23,106.275,106.065,106.09,65018,185104,0.0,10年期国债期货,CFFEX,T0
2024-10-16,102.332,102.392,102.332,102.346,31739,52150,0.0,2年期国债期货,CFFEX,TS0
2024-10-16,112.75,112.75,111.82,112.08,87085,75165,0.0,30年期国债期货,CFFEX,TL0
2024-10-16,104.87,104.92,104.755,104.77,41202,118722,0.0,5年期国债期货,CFFEX,TF0
2024-10-17,106.095,106.37,106.07,106.345,51647,189028,0.0,10年期国债期货,CFFEX,T0
2024-10-17,102.366,102.46,102.346,102.458,34682,53880,0.0,2年期国债期货,CFFEX,TS0
2024-10-17,112.13,113.04,111.96,112.83,68983,76954,0.0,30年期国债期货,CFFEX,TL0
2024-10-17,104.78,105.015,104.745,105.005,48663,119346,0.0,5年期国债期货,CFFEX,TF0
2024-10-18,106.4,106.455,106.07,106.16,76647,186797,0.0,10年期国债期货,CFFEX,T0
2024-10-18,102.458,102.488,102.378,102.404,35167,53040,0.0,2年期国债期货,CFFEX,TS0
2024-10-18,113.1,113.36,112.13,112.44,105163,77503,0.0,30年期国债期货,CFFEX,TL0
2024-10-18,105.01,105.07,104.8,104.86,55427,117418,0.0,5年期国债期货,CFFEX,TF0
2024-10-21,106.18,106.275,106.075,106.255,55941,186863,0.0,10年期国债期货,CFFEX,T0
2024-10-21,102.38,102.428,102.362,102.398,27509,53411,0.0,2年期国债期货,CFFEX,TS0
2024-10-21,112.43,112.62,112.16,112.58,64010,77354,0.0,30年期国债期货,CFFEX,TL0
2024-10-21,104.865,104.915,104.77,104.86,41843,119731,0.0,5年期国债期货,CFFEX,TF0
2024-10-22,106.23,106.26,106.03,106.035,55201,186729,0.0,10年期国债期货,CFFEX,T0
2024-10-22,102.394,102.404,102.314,102.318,25247,53447,0.0,2年期国债期货,CFFEX,TS0
2024-10-22,112.58,112.58,111.9,111.92,62469,77129,0.0,30年期国债期货,CFFEX,TL0
2024-10-22,104.88,104.88,104.665,104.69,42898,119468,0.0,5年期国债期货,CFFEX,TF0
2024-10-23,106.06,106.075,105.76,105.87,73941,182792,0.0,10年期国债期货,CFFEX,T0
2024-10-23,102.332,102.336,102.258,102.276,28058,51950,0.0,2年期国债期货,CFFEX,TS0
2024-10-23,111.87,112.01,111.04,111.53,90062,76523,0.0,30年期国债期货,CFFEX,TL0
2024-10-23,104.67,104.715,104.52,104.58,49355,118273,0.0,5年期国债期货,CFFEX,TF0
2024-10-24,105.95,106.03,105.725,105.765,63441,182916,0.0,10年期国债期货,CFFEX,T0
2024-10-24,102.32,102.33,102.262,102.282,29881,52881,0.0,2年期国债期货,CFFEX,TS0
2024-10-24,111.8,112.05,111.23,111.43,72424,77021,0.0,30年期国债期货,CFFEX,TL0
2024-10-24,104.7,104.705,104.525,104.57,47203,120095,0.0,5年期国债期货,CFFEX,TF0
2024-10-25,105.84,105.9,105.745,105.795,55206,180431,0.0,10年期国债期货,CFFEX,T0
2024-10-25,102.286,102.316,102.278,102.308,32486,53058,0.0,2年期国债期货,CFFEX,TS0
2024-10-25,111.53,111.65,111.08,111.2,68814,75967,0.0,30年期国债期货,CFFEX,TL0
2024-10-25,104.585,104.62,104.54,104.59,39888,120341,0.0,5年期国债期货,CFFEX,TF0
2024-10-28,105.855,105.89,105.735,105.855,52395,179159,0.0,10年期国债期货,CFFEX,T0
2024-10-28,102.33,102.38,102.312,102.372,31724,53387,0.0,2年期国债期货,CFFEX,TS0
2024-10-28,111.11,111.36,110.63,110.85,66260,76227,0.0,30年期国债期货,CFFEX,TL0
2024-10-28,104.585,104.69,104.55,104.67,43832,119623,0.0,5年期国债期货,CFFEX,TF0
2024-10-29,105.855,105.96,105.765,105.96,59215,178379,0.0,10年期国债期货,CFFEX,T0
2024-10-29,102.386,102.412,102.36,102.41,40526,55585,0.0,2年期国债期货,CFFEX,TS0
2024-10-29,110.8,111.46,110.6,111.44,79919,74456,0.0,30年期国债期货,CFFEX,TL0
2024-10-29,104.7,104.705,104.6,104.695,52031,117717,0.0,5年期国债期货,CFFEX,TF0
2024-10-30,105.935,106.0,105.855,105.94,46731,177624,0.0,10年期国债期货,CFFEX,T0
2024-10-30,102.41,102.446,102.4,102.438,32753,55673,0.0,2年期国债期货,CFFEX,TS0
2024-10-30,111.44,111.59,111.23,111.36,52422,72290,0.0,30年期国债期货,CFFEX,TL0
2024-10-30,104.66,104.74,104.63,104.71,41462,117698,0.0,5年期国债期货,CFFEX,TF0
2024-10-31,105.95,106.0,105.82,105.95,55433,175160,0.0,10年期国债期货,CFFEX,T0
2024-10-31,102.446,102.468,102.412,102.462,30971,56275,0.0,2年期国债期货,CFFEX,TS0
2024-10-31,111.35,111.65,111.12,111.57,54587,71573,0.0,30年期国债期货,CFFEX,TL0
2024-10-31,104.705,104.735,104.625,104.7,48069,118392,0.0,5年期国债期货,CFFEX,TF0
2024-11-01,105.995,106.2,105.995,106.195,55375,177199,0.0,10年期国债期货,CFFEX,T0
2024-11-01,102.452,102.55,102.452,102.516,39701,55663,0.0,2年期国债期货,CFFEX,TS0
2024-11-01,111.7,112.26,111.62,112.22,53243,71903,0.0,30年期国债期货,CFFEX,TL0
2024-11-01,104.78,104.92,104.74,104.91,53039,122728,0.0,5年期国债期货,CFFEX,TF0
2024-11-04,106.195,106.23,106.105,106.14,45619,172717,0.0,10年期国债期货,CFFEX,T0
2024-11-04,102.514,102.526,102.464,102.474,31892,53396,0.0,2年期国债期货,CFFEX,TS0
2024-11-04,112.18,112.44,112.0,112.13,43871,70364,0.0,30年期国债期货,CFFEX,TL0
2024-11-04,104.895,104.92,104.83,104.85,43994,120203,0.0,5年期国债期货,CFFEX,TF0
2024-11-05,106.18,106.37,106.12,106.325,67523,176200,0.0,10年期国债期货,CFFEX,T0
2024-11-05,102.474,102.51,102.466,102.508,25760,53005,0.0,2年期国债期货,CFFEX,TS0
2024-11-05,112.25,112.73,112.08,112.66,67489,68813,0.0,30年期国债期货,CFFEX,TL0
2024-11-05,104.895,104.94,104.81,104.925,43866,117847,0.0,5年期国债期货,CFFEX,TF0
2024-11-06,106.36,106.48,106.265,106.32,57019,173873,0.0,10年期国债期货,CFFEX,T0
2024-11-06,102.5,102.538,102.46,102.476,34075,51233,0.0,2年期国债期货,CFFEX,TS0
2024-11-06,112.77,113.08,112.51,112.53,59432,66047,0.0,30年期国债期货,CFFEX,TL0
2024-11-06,104.925,105.01,104.865,104.895,44145,117145,0.0,5年期国债期货,CFFEX,TF0
2024-11-07,106.39,106.5,106.35,106.45,51719,175025,0.0,10年期国债期货,CFFEX,T0
2024-11-07,102.51,102.588,102.504,102.566,31938,51953,0.0,2年期国债期货,CFFEX,TS0
2024-11-07,112.57,112.81,112.44,112.64,49799,65639,0.0,30年期国债期货,CFFEX,TL0
2024-11-07,104.955,105.085,104.95,105.025,45626,117642,0.0,5年期国债期货,CFFEX,TF0
2024-11-08,106.4,106.585,106.4,106.47,62816,172806,0.0,10年期国债期货,CFFEX,T0
2024-11-08,102.584,102.646,102.534,102.62,35457,53797,0.0,2年期国债期货,CFFEX,TS0
2024-11-08,112.61,113.08,112.54,112.81,57970,65432,0.0,30年期国债期货,CFFEX,TL0
2024-11-08,104.945,105.145,104.945,105.055,54406,115174,0.0,5年期国债期货,CFFEX,TF0
2024-11-11,106.55,106.56,106.415,106.485,56000,162716,0.0,10年期国债期货,CFFEX,T0
2024-11-11,102.61,102.702,102.576,102.674,33479,51546,0.0,2年期国债期货,CFFEX,TS0
2024-11-11,112.9,113.07,112.66,113.0,51411,63177,0.0,30年期国债期货,CFFEX,TL0
2024-11-11,105.045,105.135,105.005,105.09,44224,111939,0.0,5年期国债期货,CFFEX,TF0
2024-11-12,106.54,106.795,106.54,106.785,68265,159626,0.0,10年期国债期货,CFFEX,T0
2024-11-12,102.682,102.738,102.634,102.668,39694,44543,0.0,2年期国债期货,CFFEX,TS0
2024-11-12,113.11,113.75,113.04,113.75,55767,65592,0.0,30年期国债期货,CFFEX,TL0
2024-11-12,105.145,105.285,105.115,105.245,46086,112077,0.0,5年期国债期货,CFFEX,TF0
2024-11-13,106.7,106.79,106.68,106.71,53668,149426,0.0,10年期国债期货,CFFEX,T0
2024-11-13,102.668,102.668,102.588,102.614,27014,41912,0.0,2年期国债期货,CFFEX,TS0
2024-11-13,113.6,113.8,113.23,113.43,59290,61588,0.0,30年期国债期货,CFFEX,TL0
2024-11-13,105.175,105.27,105.16,105.175,40591,108991,0.0,5年期国债期货,CFFEX,TF0
2024-11-14,106.67,106.73,106.615,106.715,40469,144981,0.0,10年期国债期货,CFFEX,T0
2024-11-14,102.62,102.65,102.604,102.642,26587,40311,0.0,2年期国债期货,CFFEX,TS0
2024-11-14,113.33,113.42,113.02,113.21,47514,57930,0.0,30年期国债期货,CFFEX,TL0
2024-11-14,105.17,105.245,105.125,105.235,38774,105369,0.0,5年期国债期货,CFFEX,TF0
2024-11-15,106.715,106.825,106.685,106.71,46034,136875,0.0,10年期国债期货,CFFEX,T0
2024-11-15,102.616,102.696,102.588,102.642,34415,39390,0.0,2年期国债期货,CFFEX,TS0
2024-11-15,113.24,113.38,112.88,113.1,48903,57131,0.0,30年期国债期货,CFFEX,TL0
2024-11-15,105.23,105.335,105.175,105.19,47460,101466,0.0,5年期国债期货,CFFEX,TF0
2024-11-18,106.655,106.695,106.545,106.55,54647,128618,0.0,10年期国债期货,CFFEX,T0
2024-11-18,102.63,102.678,102.61,102.63,33404,37871,0.0,2年期国债期货,CFFEX,TS0
2024-11-18,112.94,112.94,111.93,111.93,63151,46441,0.0,30年期国债期货,CFFEX,TL0
2024-11-18,105.215,105.27,105.105,105.165,46695,100494,0.0,5年期国债期货,CFFEX,TF0
2024-11-19,106.57,106.75,106.51,106.75,48045,122058,0.0,10年期国债期货,CFFEX,T0
2024-11-19,102.652,102.668,102.624,102.658,25965,34953,0.0,2年期国债期货,CFFEX,TS0
2024-11-19,111.83,112.54,111.81,112.52,50854,40142,0.0,30年期国债期货,CFFEX,TL0
2024-11-19,105.175,105.33,105.14,105.325,42686,98263,0.0,5年期国债期货,CFFEX,TF0
2024-11-20,106.74,106.74,106.61,106.67,46899,107258,0.0,10年期国债期货,CFFEX,T0
2024-11-20,102.642,102.66,102.602,102.63,23214,30172,0.0,2年期国债期货,CFFEX,TS0
2024-11-20,112.5,112.51,112.16,112.33,33751,35862,0.0,30年期国债期货,CFFEX,TL0
2024-11-20,105.245,105.3,105.18,105.23,45736,90537,0.0,5年期国债期货,CFFEX,TF0
2024-11-21,106.73,106.875,106.645,106.86,58397,90707,0.0,10年期国债期货,CFFEX,T0
2024-11-21,102.61,102.654,102.602,102.628,21569,24623,0.0,2年期国债期货,CFFEX,TS0
2024-11-21,112.29,112.98,112.15,112.92,32197,33471,0.0,30年期国债期货,CFFEX,TL0
2024-11-21,105.285,105.42,105.21,105.41,53271,82362,0.0,5年期国债期货,CFFEX,TF0
2024-11-22,106.935,107.01,106.845,106.93,81710,157098,0.0,10年期国债期货,CFFEX,T0
2024-11-22,102.614,102.638,102.544,102.572,19700,21147,0.0,2年期国债期货,CFFEX,TS0
2024-11-22,113.1,113.47,112.95,113.41,60601,63179,0.0,30年期国债期货,CFFEX,TL0
2024-11-22,105.36,105.395,105.23,105.28,63554,66544,0.0,5年期国债期货,CFFEX,TF0
2024-11-25,106.92,107.15,106.87,107.095,85296,180120,0.0,10年期国债期货,CFFEX,T0
2024-11-25,102.6,102.718,102.592,102.63,46081,53899,0.0,2年期国债期货,CFFEX,TS0
2024-11-25,113.29,114.15,113.27,114.1,66838,70404,0.0,30年期国债期货,CFFEX,TL0
2024-11-25,105.215,105.425,105.215,105.385,48292,48163,0.0,5年期国债期货,CFFEX,TF0
2024-11-26,107.165,107.165,107.0,107.04,57319,185131,0.0,10年期国债期货,CFFEX,T0
2024-11-26,102.642,102.652,102.584,102.618,31359,51713,0.0,2年期国债期货,CFFEX,TS0
2024-11-26,114.2,114.39,113.92,114.13,50191,71577,0.0,30年期国债期货,CFFEX,TL0
2024-11-26,105.53,105.59,105.425,105.45,67501,109310,0.0,5年期国债期货,CFFEX,TF0
2024-11-27,107.05,107.22,106.965,107.01,63213,188305,0.0,10年期国债期货,CFFEX,T0
2024-11-27,102.604,102.648,102.59,102.628,27018,52373,0.0,2年期国债期货,CFFEX,TS0
2024-11-27,114.2,114.53,113.73,113.81,60883,69173,0.0,30年期国债期货,CFFEX,TL0
2024-11-27,105.4,105.56,105.4,105.47,53763,112510,0.0,5年期国债期货,CFFEX,TF0
2024-11-28,107.055,107.195,107.02,107.17,42498,193244,0.0,10年期国债期货,CFFEX,T0
2024-11-28,102.63,102.648,102.602,102.648,22642,53756,0.0,2年期国债期货,CFFEX,TS0
2024-11-28,113.97,114.48,113.9,114.43,46826,72224,0.0,30年期国债期货,CFFEX,TL0
2024-11-28,105.49,105.575,105.43,105.55,37747,114675,0.0,5年期国债期货,CFFEX,TF0
2024-11-29,107.27,107.305,107.02,107.09,73103,188107,0.0,10年期国债期货,CFFEX,T0
2024-11-29,102.648,102.696,102.616,102.644,26714,54733,0.0,2年期国债期货,CFFEX,TS0
2024-11-29,114.88,114.96,114.32,114.54,72331,68900,0.0,30年期国债期货,CFFEX,TL0
2024-11-29,105.6,105.64,105.47,105.515,49582,113662,0.0,5年期国债期货,CFFEX,TF0
2024-12-02,107.27,107.55,107.25,107.5,62663,194489,0.0,10年期国债期货,CFFEX,T0
2024-12-02,102.684,102.788,102.684,102.76,36507,57357,0.0,2年期国债期货,CFFEX,TS0
2024-12-02,115.0,115.55,114.98,115.44,60122,73449,0.0,30年期国债期货,CFFEX,TL0
2024-12-02,105.59,105.86,105.59,105.825,56799,122514,0.0,5年期国债期货,CFFEX,TF0
2024-12-03,107.475,107.485,107.26,107.3,63110,190350,0.0,10年期国债期货,CFFEX,T0
2024-12-03,102.74,102.76,102.678,102.708,32942,57606,0.0,2年期国债期货,CFFEX,TS0
2024-12-03,115.35,115.35,114.88,114.95,60180,74404,0.0,30年期国债期货,CFFEX,TL0
2024-12-03,105.8,105.8,105.615,105.675,60086,116244,0.0,5年期国债期货,CFFEX,TF0
2024-12-04,107.415,107.58,107.375,107.58,47235,194328,0.0,10年期国债期货,CFFEX,T0
2024-12-04,102.744,102.776,102.72,102.774,29724,59028,0.0,2年期国债期货,CFFEX,TS0
2024-12-04,115.28,115.8,115.22,115.79,52779,78412,0.0,30年期国债期货,CFFEX,TL0
2024-12-04,105.76,105.83,105.71,105.82,41150,119557,0.0,5年期国债期货,CFFEX,TF0
2024-12-05,107.48,107.595,107.46,107.565,40710,192906,0.0,10年期国债期货,CFFEX,T0
2024-12-05,102.746,102.776,102.726,102.752,29947,60123,0.0,2年期国债期货,CFFEX,TS0
2024-12-05,115.59,115.94,115.44,115.71,50792,78309,0.0,30年期国债期货,CFFEX,TL0
2024-12-05,105.77,105.85,105.74,105.805,38132,122094,0.0,5年期国债期货,CFFEX,TF0
2024-12-06,107.545,107.64,107.45,107.55,49981,193822,0.0,10年期国债期货,CFFEX,T0
2024-12-06,102.73,102.776,102.716,102.736,24904,60810,0.0,2年期国债期货,CFFEX,TS0
2024-12-06,115.61,115.81,115.06,115.38,70333,77025,0.0,30年期国债期货,CFFEX,TL0
2024-12-06,105.755,105.865,105.75,105.8,39675,124419,0.0,5年期国债期货,CFFEX,TF0
2024-12-09,107.59,107.62,107.425,107.515,53163,193032,0.0,10年期国债期货,CFFEX,T0
2024-12-09,102.75,102.764,102.694,102.704,30529,60197,0.0,2年期国债期货,CFFEX,TS0
2024-12-09,115.45,115.78,115.28,115.43,58968,77409,0.0,30年期国债期货,CFFEX,TL0
2024-12-09,105.8,105.82,105.705,105.74,46218,121747,0.0,5年期国债期货,CFFEX,TF0
2024-12-10,108.0,108.29,107.89,108.215,89690,196745,0.0,10年期国债期货,CFFEX,T0
2024-12-10,102.77,102.864,102.768,102.832,40175,61649,0.0,2年期国债期货,CFFEX,TS0
2024-12-10,116.44,117.28,116.0,116.95,97116,74720,0.0,30年期国债期货,CFFEX,TL0
2024-12-10,105.95,106.22,105.93,106.16,74263,126894,0.0,5年期国债期货,CFFEX,TF0
2024-12-11,108.1,108.2,108.0,108.12,65589,192246,0.0,10年期国债期货,CFFEX,T0
2024-12-11,102.808,102.818,102.782,102.8,33691,60976,0.0,2年期国债期货,CFFEX,TS0
2024-12-11,116.6,117.12,116.41,117.01,66414,75525,0.0,30年期国债期货,CFFEX,TL0
2024-12-11,106.115,106.14,106.01,106.09,59276,122664,0.0,5年期国债期货,CFFEX,TF0
2024-12-12,108.25,108.345,108.145,108.28,66771,191230,0.0,10年期国债期货,CFFEX,T0
2024-12-12,102.816,102.878,102.794,102.87,39254,61180,0.0,2年期国债期货,CFFEX,TS0
2024-12-12,117.22,117.42,116.91,117.09,68483,76022,0.0,30年期国债期货,CFFEX,TL0
2024-12-12,106.14,106.28,106.1,106.245,58625,127237,0.0,5年期国债期货,CFFEX,TF0
2024-12-13,108.62,108.68,108.47,108.49,77645,186834,0.0,10年期国债期货,CFFEX,T0
2024-12-13,102.91,102.956,102.872,102.876,40895,61868,0.0,2年期国债期货,CFFEX,TS0
2024-12-13,117.61,117.96,117.47,117.75,71894,76391,0.0,30年期国债期货,CFFEX,TL0
2024-12-13,106.48,106.52,106.36,106.38,78396,126497,0.0,5年期国债期货,CFFEX,TF0
2024-12-16,108.63,108.85,108.58,108.715,71908,184052,0.0,10年期国债期货,CFFEX,T0
2024-12-16,102.898,102.966,102.898,102.936,38472,62598,0.0,2年期国债期货,CFFEX,TS0
2024-12-16,118.0,118.69,118.0,118.31,72937,75299,0.0,30年期国债期货,CFFEX,TL0
2024-12-16,106.425,106.605,106.425,106.485,58977,126148,0.0,5年期国债期货,CFFEX,TF0
2024-12-17,108.65,108.65,108.42,108.615,74732,178099,0.0,10年期国债期货,CFFEX,T0
2024-12-17,102.92,102.94,102.88,102.91,35482,61234,0.0,2年期国债期货,CFFEX,TS0
2024-12-17,118.2,118.27,117.82,118.21,69084,75287,0.0,30年期国债期货,CFFEX,TL0
2024-12-17,106.46,106.46,106.345,106.425,62496,124009,0.0,5年期国债期货,CFFEX,TF0
2024-12-18,108.655,108.815,108.18,108.465,119673,177227,0.0,10年期国债期货,CFFEX,T0
2024-12-18,102.934,102.962,102.802,102.908,45205,60506,0.0,2年期国债期货,CFFEX,TS0
2024-12-18,118.22,118.53,116.0,117.55,131027,78459,0.0,30年期国债期货,CFFEX,TL0
2024-12-18,106.435,106.575,106.21,106.395,89208,122080,0.0,5年期国债期货,CFFEX,TF0
2024-12-19,108.45,108.57,108.305,108.535,79325,179120,0.0,10年期国债期货,CFFEX,T0
2024-12-19,102.902,102.972,102.888,102.972,42965,63118,0.0,2年期国债期货,CFFEX,TS0
2024-12-19,117.34,117.66,116.8,117.14,86814,79761,0.0,30年期国债期货,CFFEX,TL0
2024-12-19,106.49,106.49,106.31,106.445,71461,125487,0.0,5年期国债期货,CFFEX,TF0
2024-12-20,108.66,108.9,108.66,108.895,65129,182563,0.0,10年期国债期货,CFFEX,T0
2024-12-20,102.986,103.078,102.984,103.066,38146,65054,0.0,2年期国债期货,CFFEX,TS0
2024-12-20,117.5,118.4,117.49,118.4,67237,79665,0.0,30年期国债期货,CFFEX,TL0
2024-12-20,106.52,106.705,106.52,106.705,61804,129061,0.0,5年期国债期货,CFFEX,TF0
2024-12-23,109.075,109.12,108.755,108.755,81209,174771,0.0,10年期国债期货,CFFEX,T0
2024-12-23,103.096,103.1,103.012,103.016,43042,60208,0.0,2年期国债期货,CFFEX,TS0
2024-12-23,119.0,119.14,118.01,118.09,89626,79584,0.0,30年期国债期货,CFFEX,TL0
2024-12-23,106.8,106.8,106.565,106.59,76629,123623,0.0,5年期国债期货,CFFEX,TF0
2024-12-24,108.78,108.905,108.56,108.7,85979,174715,0.0,10年期国债期货,CFFEX,T0
2024-12-24,103.032,103.096,102.99,103.036,46651,59874,0.0,2年期国债期货,CFFEX,TS0
2024-12-24,118.03,118.4,117.1,117.45,103543,81756,0.0,30年期国债期货,CFFEX,TL0
2024-12-24,106.61,106.68,106.425,106.52,75059,121820,0.0,5年期国债期货,CFFEX,TF0
2024-12-25,108.725,108.74,108.485,108.6,66218,171319,0.0,10年期国债期货,CFFEX,T0
2024-12-25,103.04,103.068,102.972,102.984,39648,60213,0.0,2年期国债期货,CFFEX,TS0
2024-12-25,117.6,117.6,116.93,117.32,87797,81548,0.0,30年期国债期货,CFFEX,TL0
2024-12-25,106.525,106.58,106.38,106.41,60377,121281,0.0,5年期国债期货,CFFEX,TF0
2024-12-26,108.625,108.715,108.405,108.5,75069,169157,0.0,10年期国债期货,CFFEX,T0
2024-12-26,103.004,103.01,102.89,102.916,40460,59805,0.0,2年期国债期货,CFFEX,TS0
2024-12-26,117.54,117.6,117.03,117.17,76247,80131,0.0,30年期国债期货,CFFEX,TL0
2024-12-26,106.44,106.49,106.28,106.345,65756,119121,0.0,5年期国债期货,CFFEX,TF0
2024-12-27,108.605,108.88,108.605,108.86,72752,173152,0.0,10年期国债期货,CFFEX,T0
2024-12-27,102.938,103.012,102.932,103.008,37822,61757,0.0,2年期国债期货,CFFEX,TS0
2024-12-27,117.6,118.57,117.53,118.53,88783,81758,0.0,30年期国债期货,CFFEX,TL0
2024-12-27,106.405,106.575,106.385,106.565,61730,121251,0.0,5年期国债期货,CFFEX,TF0
2024-12-30,108.79,108.835,108.54,108.595,70999,165599,0.0,10年期国债期货,CFFEX,T0
2024-12-30,102.984,103.008,102.878,102.91,41934,60819,0.0,2年期国债期货,CFFEX,TS0
2024-12-30,118.42,118.49,117.81,118.01,77308,81092,0.0,30年期国债期货,CFFEX,TL0
2024-12-30,106.525,106.55,106.315,106.35,65889,118206,0.0,5年期国债期货,CFFEX,TF0
2024-12-31,108.785,108.955,108.735,108.925,71173,167863,0.0,10年期国债期货,CFFEX,T0
2024-12-31,102.946,102.986,102.93,102.974,46132,58600,0.0,2年期国债期货,CFFEX,TS0
2024-12-31,118.56,118.94,118.36,118.83,92636,82769,0.0,30年期国债期货,CFFEX,TL0
2024-12-31,106.44,106.545,106.43,106.54,67521,121874,0.0,5年期国债期货,CFFEX,TF0
2025-01-02,109.02,109.23,108.955,109.18,77246,165321,0.0,10年期国债期货,CFFEX,T0
2025-01-02,102.996,103.03,102.972,102.982,36083,60411,0.0,2年期国债期货,CFFEX,TS0
2025-01-02,119.38,120.0,119.22,119.98,96089,86658,0.0,30年期国债期货,CFFEX,TL0
2025-01-02,106.6,106.66,106.51,106.605,57808,123936,0.0,5年期国债期货,CFFEX,TF0
2025-01-03,109.31,109.495,109.13,109.44,135726,168506,0.0,10年期国债期货,CFFEX,T0
2025-01-03,103.004,103.148,103.002,103.148,51767,59837,0.0,2年期国债期货,CFFEX,TS0
2025-01-03,120.74,120.99,119.63,120.16,175730,89706,0.0,30年期国债期货,CFFEX,TL0
2025-01-03,106.685,106.99,106.64,106.97,110775,124110,0.0,5年期国债期货,CFFEX,TF0
2025-01-06,109.455,109.47,109.165,109.47,80993,167076,0.0,10年期国债期货,CFFEX,T0
2025-01-06,103.132,103.14,103.038,103.092,39689,57141,0.0,2年期国债期货,CFFEX,TS0
2025-01-06,119.96,120.69,119.5,120.68,107956,90643,0.0,30年期国债期货,CFFEX,TL0
2025-01-06,106.91,106.925,106.735,106.85,74661,117780,0.0,5年期国债期货,CFFEX,TF0
2025-01-07,109.45,109.455,109.23,109.38,65970,165529,0.0,10年期国债期货,CFFEX,T0
2025-01-07,103.078,103.092,103.006,103.036,32694,57254,0.0,2年期国债期货,CFFEX,TS0
2025-01-07,120.57,120.61,119.86,120.28,93883,89531,0.0,30年期国债期货,CFFEX,TL0
2025-01-07,106.85,106.85,106.64,106.735,64425,120219,0.0,5年期国债期货,CFFEX,TF0
2025-01-08,109.37,109.49,109.31,109.425,68223,171877,0.0,10年期国债期货,CFFEX,T0
2025-01-08,103.04,103.048,102.982,103.0,28934,57431,0.0,2年期国债期货,CFFEX,TS0
2025-01-08,120.03,120.52,119.95,120.29,91579,90009,0.0,30年期国债期货,CFFEX,TL0
2025-01-08,106.74,106.755,106.64,106.705,65797,121006,0.0,5年期国债期货,CFFEX,TF0
2025-01-09,109.4,109.44,109.175,109.19,73927,170715,0.0,10年期国债期货,CFFEX,T0
2025-01-09,103.0,103.012,102.86,102.86,47028,55619,0.0,2年期国债期货,CFFEX,TS0
2025-01-09,120.19,120.31,119.55,119.62,99665,87525,0.0,30年期国债期货,CFFEX,TL0
2025-01-09,106.71,106.71,106.445,106.46,73333,122612,0.0,5年期国债期货,CFFEX,TF0
2025-01-10,108.9,109.16,108.665,109.16,110283,174545,0.0,10年期国债期货,CFFEX,T0
2025-01-10,102.742,102.822,102.676,102.808,40554,55190,0.0,2年期国债期货,CFFEX,TS0
2025-01-10,118.66,119.84,118.4,119.76,126619,91121,0.0,30年期国债期货,CFFEX,TL0
2025-01-10,106.195,106.47,106.0,106.47,84156,120067,0.0,5年期国债期货,CFFEX,TF0
2025-01-13,109.13,109.15,108.825,109.0,80612,173113,0.0,10年期国债期货,CFFEX,T0
2025-01-13,102.76,102.78,102.648,102.722,44662,56528,0.0,2年期国债期货,CFFEX,TS0
2025-01-13,119.79,120.17,119.56,119.95,87572,88360,0.0,30年期国债期货,CFFEX,TL0
2025-01-13,106.35,106.41,106.16,106.315,73676,121677,0.0,5年期国债期货,CFFEX,TF0
2025-01-14,108.96,109.16,108.89,109.14,84901,173105,0.0,10年期国债期货,CFFEX,T0
2025-01-14,102.74,102.862,102.702,102.842,43109,56562,0.0,2年期国债期货,CFFEX,TS0
2025-01-14,119.6,120.0,119.41,119.95,108750,86066,0.0,30年期国债期货,CFFEX,TL0
2025-01-14,106.315,106.535,106.255,106.52,77004,121190,0.0,5年期国债期货,CFFEX,TF0
2025-01-15,109.26,109.36,109.22,109.32,63460,173343,0.0,10年期国债期货,CFFEX,T0
2025-01-15,102.856,102.89,102.8,102.828,35619,55921,0.0,2年期国债期货,CFFEX,TS0
2025-01-15,120.48,120.75,120.25,120.6,76364,86441,0.0,30年期国债期货,CFFEX,TL0
2025-01-15,106.61,106.625,106.47,106.525,53534,118870,0.0,5年期国债期货,CFFEX,TF0
2025-01-16,109.225,109.385,109.14,109.31,75698,174218,0.0,10年期国债期货,CFFEX,T0
2025-01-16,102.81,102.856,102.768,102.84,34919,57551,0.0,2年期国债期货,CFFEX,TS0
2025-01-16,120.4,120.83,120.12,120.56,96026,86868,0.0,30年期国债期货,CFFEX,TL0
2025-01-16,106.48,106.625,106.41,106.59,69503,120774,0.0,5年期国债期货,CFFEX,TF0
2025-01-17,109.39,109.395,109.03,109.035,73731,171645,0.0,10年期国债期货,CFFEX,T0
2025-01-17,102.878,102.878,102.75,102.768,31979,58076,0.0,2年期国债期货,CFFEX,TS0
2025-01-17,120.68,120.79,119.95,119.96,91831,89871,0.0,30年期国债期货,CFFEX,TL0
2025-01-17,106.63,106.63,106.42,106.435,56901,119526,0.0,5年期国债期货,CFFEX,TF0
2025-01-20,108.98,109.15,108.955,109.05,63421,171392,0.0,10年期国债期货,CFFEX,T0
2025-01-20,102.744,102.842,102.74,102.822,35815,59084,0.0,2年期国债期货,CFFEX,TS0
2025-01-20,119.71,120.15,119.62,119.8,72981,89821,0.0,30年期国债期货,CFFEX,TL0
2025-01-20,106.4,106.56,106.38,106.52,59601,122516,0.0,5年期国债期货,CFFEX,TF0
2025-01-21,109.095,109.26,108.91,109.24,84227,170493,0.0,10年期国债期货,CFFEX,T0
2025-01-21,102.802,102.852,102.792,102.846,32992,59731,0.0,2年期国债期货,CFFEX,TS0
2025-01-21,119.8,120.46,119.55,120.45,89392,90619,0.0,30年期国债期货,CFFEX,TL0
2025-01-21,106.5,106.605,106.43,106.605,70968,126274,0.0,5年期国债期货,CFFEX,TF0
2025-01-22,109.275,109.325,109.145,109.15,56591,172335,0.0,10年期国债期货,CFFEX,T0
2025-01-22,102.832,102.86,102.772,102.804,31827,60660,0.0,2年期国债期货,CFFEX,TS0
2025-01-22,120.47,120.68,120.28,120.37,67390,88653,0.0,30年期国债期货,CFFEX,TL0
2025-01-22,106.605,106.635,106.49,106.505,52600,122619,0.0,5年期国债期货,CFFEX,TF0
2025-01-23,109.205,109.22,109.02,109.105,58660,170942,0.0,10年期国债期货,CFFEX,T0
2025-01-23,102.836,102.84,102.72,102.758,26901,59346,0.0,2年期国债期货,CFFEX,TS0
2025-01-23,120.38,120.57,120.15,120.23,65006,88270,0.0,30年期国债期货,CFFEX,TL0
2025-01-23,106.505,106.555,106.37,106.45,52887,122262,0.0,5年期国债期货,CFFEX,TF0
2025-01-24,109.015,109.12,108.835,109.115,57063,170273,0.0,10年期国债期货,CFFEX,T0
2025-01-24,102.732,102.746,102.662,102.734,27787,58604,0.0,2年期国债期货,CFFEX,TS0
2025-01-24,120.19,120.53,119.64,120.53,67574,86792,0.0,30年期国债期货,CFFEX,TL0
2025-01-24,106.36,106.395,106.22,106.385,48139,122863,0.0,5年期国债期货,CFFEX,TF0
2025-01-27,109.195,109.425,109.185,109.34,45980,169988,0.0,10年期国债期货,CFFEX,T0
2025-01-27,102.78,102.878,102.762,102.832,30177,62079,0.0,2年期国债期货,CFFEX,TS0
2025-01-27,120.6,121.28,120.6,121.24,52474,86681,0.0,30年期国债期货,CFFEX,TL0
2025-01-27,106.5,106.675,106.465,106.59,51072,124194,0.0,5年期国债期货,CFFEX,TF0
2025-02-05,109.335,109.45,109.275,109.435,37522,171307,0.0,10年期国债期货,CFFEX,T0
2025-02-05,102.812,102.83,102.778,102.818,28845,61273,0.0,2年期国债期货,CFFEX,TS0
2025-02-05,121.03,121.7,121.03,121.69,43466,88213,0.0,30年期国债期货,CFFEX,TL0
2025-02-05,106.53,106.645,106.525,106.635,35870,122122,0.0,5年期国债期货,CFFEX,TF0
2025-02-06,109.435,109.565,109.375,109.535,47852,169290,0.0,10年期国债期货,CFFEX,T0
2025-02-06,102.82,102.876,102.782,102.874,32248,62878,0.0,2年期国债期货,CFFEX,TS0
2025-02-06,121.85,122.16,121.67,122.1,55124,85124,0.0,30年期国债期货,CFFEX,TL0
2025-02-06,106.64,106.71,106.565,106.695,53370,122754,0.0,5年期国债期货,CFFEX,TF0
2025-02-07,109.53,109.59,109.355,109.405,46268,164421,0.0,10年期国债期货,CFFEX,T0
2025-02-07,102.874,102.874,102.746,102.746,31539,62733,0.0,2年期国债期货,CFFEX,TS0
2025-02-07,122.12,122.28,121.78,121.81,59978,79412,0.0,30年期国债期货,CFFEX,TL0
2025-02-07,106.685,106.72,106.505,106.525,47153,119171,0.0,5年期国债期货,CFFEX,TF0
2025-02-10,109.31,109.335,109.18,109.225,58803,154031,0.0,10年期国债期货,CFFEX,T0
2025-02-10,102.73,102.752,102.632,102.64,35851,59814,0.0,2年期国债期货,CFFEX,TS0
2025-02-10,121.64,121.74,121.28,121.33,55165,74700,0.0,30年期国债期货,CFFEX,TL0
2025-02-10,106.47,106.485,106.28,106.315,60582,108543,0.0,5年期国债期货,CFFEX,TF0
2025-02-11,109.225,109.34,109.18,109.305,51984,148767,0.0,10年期国债期货,CFFEX,T0
2025-02-11,102.616,102.686,102.578,102.664,40891,54453,0.0,2年期国债期货,CFFEX,TS0
2025-02-11,121.4,121.84,121.36,121.81,55803,69114,0.0,30年期国债期货,CFFEX,TL0
2025-02-11,106.345,106.4,106.255,106.35,53774,99821,0.0,5年期国债期货,CFFEX,TF0
2025-02-12,109.305,109.35,109.11,109.145,51233,138623,0.0,10年期国债期货,CFFEX,T0
2025-02-12,102.64,102.696,102.588,102.598,32519,52767,0.0,2年期国债期货,CFFEX,TS0
2025-02-12,121.68,122.08,121.59,121.63,57103,65922,0.0,30年期国债期货,CFFEX,TL0
2025-02-12,106.305,106.42,106.21,106.235,53908,90407,0.0,5年期国债期货,CFFEX,TF0
2025-02-13,109.2,109.24,109.045,109.115,57451,128963,0.0,10年期国债期货,CFFEX,T0
2025-02-13,102.64,102.64,102.568,102.586,29176,49417,0.0,2年期国债期货,CFFEX,TS0
2025-02-13,121.84,121.97,121.47,121.89,58132,61868,0.0,30年期国债期货,CFFEX,TL0
2025-02-13,106.295,106.305,106.175,106.21,52305,80053,0.0,5年期国债期货,CFFEX,TF0
2025-02-14,109.065,109.12,108.74,108.86,68124,118191,0.0,10年期国债期货,CFFEX,T0
2025-02-14,102.58,102.588,102.46,102.488,28726,47541,0.0,2年期国债期货,CFFEX,TS0
2025-02-14,121.3,121.42,120.39,120.77,43029,70688,0.0,30年期国债期货,CFFEX,TL0
2025-02-14,106.205,106.205,105.955,106.025,58785,72143,0.0,5年期国债期货,CFFEX,TF0
2025-02-17,108.665,108.925,108.59,108.695,67178,106083,0.0,10年期国债期货,CFFEX,T0
2025-02-17,102.45,102.53,102.442,102.452,36588,43080,0.0,2年期国债期货,CFFEX,TS0
2025-02-17,120.4,120.55,119.72,119.77,59690,75005,0.0,30年期国债期货,CFFEX,TL0
2025-02-17,106.005,106.08,105.92,105.955,56294,62538,0.0,5年期国债期货,CFFEX,TF0
2025-02-18,108.695,108.765,108.3,108.595,77268,94545,0.0,10年期国债期货,CFFEX,T0
2025-02-18,102.46,102.464,102.352,102.432,28578,40084,0.0,2年期国债期货,CFFEX,TS0
2025-02-18,119.74,119.89,118.71,119.66,102846,81926,0.0,30年期国债期货,CFFEX,TL0
2025-02-18,106.135,106.195,105.91,106.105,61808,82759,0.0,5年期国债期货,CFFEX,TF0
2025-02-19,108.62,108.71,108.52,108.685,53208,79057,0.0,10年期国债期货,CFFEX,T0
2025-02-19,102.69,102.732,102.656,102.726,43211,57116,0.0,2年期国债期货,CFFEX,TS0
2025-02-19,119.85,120.02,119.47,119.89,69573,87204,0.0,30年期国债期货,CFFEX,TL0
2025-02-19,106.16,106.225,106.065,106.225,75151,96210,0.0,5年期国债期货,CFFEX,TF0
2025-02-20,108.72,108.755,108.395,108.42,89652,124284,0.0,10年期国债期货,CFFEX,T0
2025-02-20,102.696,102.722,102.56,102.584,45333,65174,0.0,2年期国债期货,CFFEX,TS0
2025-02-20,119.85,119.88,118.91,119.09,82331,90998,0.0,30年期国债期货,CFFEX,TL0
2025-02-20,106.18,106.2,105.93,105.95,73208,103727,0.0,5年期国债期货,CFFEX,TF0
2025-02-21,108.435,108.53,108.085,108.16,124183,139164,0.0,10年期国债期货,CFFEX,T0
2025-02-21,102.62,102.658,102.512,102.556,55453,70396,0.0,2年期国债期货,CFFEX,TS0
2025-02-21,119.04,119.15,118.0,118.01,144785,94619,0.0,30年期国债期货,CFFEX,TL0
2025-02-21,105.99,106.05,105.76,105.81,72192,108832,0.0,5年期国债期货,CFFEX,TF0
2025-02-24,108.15,108.28,107.655,107.87,116589,144367,0.0,10年期国债期货,CFFEX,T0
2025-02-24,102.58,102.67,102.472,102.552,56106,73720,0.0,2年期国债期货,CFFEX,TS0
2025-02-24,118.08,118.38,116.55,116.91,151931,98132,0.0,30年期国债期货,CFFEX,TL0
2025-02-24,105.845,105.955,105.56,105.71,91613,120335,0.0,5年期国债期货,CFFEX,TF0
2025-02-25,108.06,108.235,107.54,108.065,154472,156244,0.0,10年期国债期货,CFFEX,T0
2025-02-25,102.598,102.648,102.416,102.584,60037,79020,0.0,2年期国债期货,CFFEX,TS0
2025-02-25,117.3,117.81,116.09,117.66,221678,99595,0.0,30年期国债期货,CFFEX,TL0
2025-02-25,105.795,105.91,105.465,105.82,89567,125547,0.0,5年期国债期货,CFFEX,TF0
2025-02-26,108.175,108.435,108.11,108.18,117416,160103,0.0,10年期国债期货,CFFEX,T0
2025-02-26,102.604,102.658,102.534,102.566,48903,80478,0.0,2年期国债期货,CFFEX,TS0
2025-02-26,117.84,118.39,117.5,117.73,147441,100149,0.0,30年期国债期货,CFFEX,TL0
2025-02-26,105.83,105.995,105.745,105.825,75543,129661,0.0,5年期国债期货,CFFEX,TF0
2025-02-27,108.185,108.285,107.96,108.065,79093,158818,0.0,10年期国债期货,CFFEX,T0
2025-02-27,102.566,102.606,102.524,102.56,29899,82493,0.0,2年期国债期货,CFFEX,TS0
2025-02-27,117.77,118.06,117.07,117.38,106333,100301,0.0,30年期国债期货,CFFEX,TL0
2025-02-27,105.8,105.88,105.67,105.745,44975,132868,0.0,5年期国债期货,CFFEX,TF0
2025-02-28,108.1,108.28,107.9,108.255,80985,161278,0.0,10年期国债期货,CFFEX,T0
2025-02-28,102.56,102.608,102.486,102.6,33671,84492,0.0,2年期国债期货,CFFEX,TS0
2025-02-28,117.45,118.18,117.12,118.01,119650,100397,0.0,30年期国债期货,CFFEX,TL0
2025-02-28,105.745,105.845,105.605,105.835,50475,133697,0.0,5年期国债期货,CFFEX,TF0
2025-03-03,108.25,108.52,108.17,108.455,75125,162958,0.0,10年期国债期货,CFFEX,T0
2025-03-03,102.604,102.692,102.566,102.668,45112,85297,0.0,2年期国债期货,CFFEX,TS0
2025-03-03,118.13,118.82,117.85,118.68,97646,99767,0.0,30年期国债期货,CFFEX,TL0
2025-03-03,105.825,106.075,105.76,106.015,67381,138312,0.0,5年期国债期货,CFFEX,TF0
2025-03-04,108.56,108.595,108.265,108.4,81733,162185,0.0,10年期国债期货,CFFEX,T0
2025-03-04,102.686,102.704,102.58,102.606,34109,85615,0.0,2年期国债期货,CFFEX,TS0
2025-03-04,118.88,118.98,118.27,118.62,99882,100055,0.0,30年期国债期货,CFFEX,TL0
2025-03-04,106.095,106.115,105.86,105.935,53640,136253,0.0,5年期国债期货,CFFEX,TF0
2025-03-05,108.49,108.54,108.4,108.51,55821,162297,0.0,10年期国债期货,CFFEX,T0
2025-03-05,102.64,102.648,102.586,102.634,32607,84878,0.0,2年期国债期货,CFFEX,TS0
2025-03-05,118.8,119.04,118.63,118.87,89026,100982,0.0,30年期国债期货,CFFEX,TL0
2025-03-05,106.0,106.03,105.925,106.01,45598,138529,0.0,5年期国债期货,CFFEX,TF0
2025-03-06,108.425,108.43,108.13,108.245,71904,163764,0.0,10年期国债期货,CFFEX,T0
2025-03-06,102.59,102.606,102.524,102.55,34012,84205,0.0,2年期国债期货,CFFEX,TS0
2025-03-06,118.65,118.7,117.97,118.14,109486,101041,0.0,30年期国债期货,CFFEX,TL0
2025-03-06,105.965,105.965,105.77,105.83,52510,141389,0.0,5年期国债期货,CFFEX,TF0
2025-03-07,108.02,108.04,107.57,107.635,116223,164489,0.0,10年期国债期货,CFFEX,T0
2025-03-07,102.456,102.5,102.378,102.408,43487,85754,0.0,2年期国债期货,CFFEX,TS0
2025-03-07,117.59,117.64,116.4,116.56,167695,99270,0.0,30年期国债期货,CFFEX,TL0
2025-03-07,105.695,105.7,105.405,105.475,79707,137071,0.0,5年期国债期货,CFFEX,TF0
2025-03-10,107.58,107.835,107.52,107.69,72800,163974,0.0,10年期国债期货,CFFEX,T0
2025-03-10,102.314,102.46,102.314,102.428,29094,86969,0.0,2年期国债期货,CFFEX,TS0
2025-03-10,116.31,117.2,116.31,116.61,109529,103378,0.0,30年期国债期货,CFFEX,TL0
2025-03-10,105.43,105.6,105.385,105.52,52760,137281,0.0,5年期国债期货,CFFEX,TF0
2025-03-11,107.65,107.665,107.21,107.235,85589,167753,0.0,10年期国债期货,CFFEX,T0
2025-03-11,102.398,102.398,102.238,102.258,31503,87931,0.0,2年期国债期货,CFFEX,TS0
2025-03-11,116.59,116.65,115.38,115.38,136296,107308,0.0,30年期国债期货,CFFEX,TL0
2025-03-11,105.48,105.485,105.2,105.24,53248,134185,0.0,5年期国债期货,CFFEX,TF0
2025-03-12,107.11,107.74,107.045,107.675,109197,171817,0.0,10年期国债期货,CFFEX,T0
2025-03-12,102.24,102.396,102.218,102.384,46857,90995,0.0,2年期国债期货,CFFEX,TS0
2025-03-12,115.0,116.28,114.78,116.18,168389,107689,0.0,30年期国债期货,CFFEX,TL0
2025-03-12,105.175,105.6,105.115,105.55,83130,138086,0.0,5年期国债期货,CFFEX,TF0
2025-03-13,107.56,107.8,107.56,107.62,78543,171620,0.0,10年期国债期货,CFFEX,T0
2025-03-13,102.37,102.432,102.326,102.326,35384,92452,0.0,2年期国债期货,CFFEX,TS0
2025-03-13,116.0,116.36,115.73,115.9,111152,107380,0.0,30年期国债期货,CFFEX,TL0
2025-03-13,105.5,105.68,105.475,105.495,62987,138200,0.0,5年期国债期货,CFFEX,TF0
2025-03-14,107.52,107.795,107.35,107.58,86055,173159,0.0,10年期国债期货,CFFEX,T0
2025-03-14,102.298,102.398,102.246,102.346,45898,91577,0.0,2年期国债期货,CFFEX,TS0
2025-03-14,115.41,116.0,114.92,115.35,145094,109162,0.0,30年期国债期货,CFFEX,TL0
2025-03-14,105.46,105.63,105.335,105.495,65020,142980,0.0,5年期国债期货,CFFEX,TF0
2025-03-17,107.33,107.505,107.055,107.075,94099,177321,0.0,10年期国债期货,CFFEX,T0
2025-03-17,102.324,102.376,102.29,102.314,35355,90845,0.0,2年期国债期货,CFFEX,TS0
2025-03-17,114.88,114.99,113.6,113.62,155203,108565,0.0,30年期国债期货,CFFEX,TL0
2025-03-17,105.375,105.5,105.24,105.28,65695,143987,0.0,5年期国债期货,CFFEX,TF0
2025-03-18,107.17,107.395,107.07,107.24,89723,172591,0.0,10年期国债期货,CFFEX,T0
2025-03-18,102.34,102.464,102.332,102.384,56676,98534,0.0,2年期国债期货,CFFEX,TS0
2025-03-18,113.8,114.45,113.56,113.7,154461,106611,0.0,30年期国债期货,CFFEX,TL0
2025-03-18,105.375,105.505,105.275,105.38,68209,144610,0.0,5年期国债期货,CFFEX,TF0
2025-03-19,107.35,107.415,107.15,107.22,73146,171696,0.0,10年期国债期货,CFFEX,T0
2025-03-19,102.422,102.442,102.324,102.346,41368,95805,0.0,2年期国债期货,CFFEX,TS0
2025-03-19,114.03,114.34,113.8,114.08,114592,109012,0.0,30年期国债期货,CFFEX,TL0
2025-03-19,105.48,105.485,105.25,105.29,59841,143319,0.0,5年期国债期货,CFFEX,TF0
2025-03-20,107.45,107.6,107.41,107.53,77417,175835,0.0,10年期国债期货,CFFEX,T0
2025-03-20,102.384,102.436,102.362,102.412,34384,93448,0.0,2年期国债期货,CFFEX,TS0
2025-03-20,114.78,115.45,114.69,115.32,120379,107642,0.0,30年期国债期货,CFFEX,TL0
2025-03-20,105.44,105.54,105.41,105.515,57046,142704,0.0,5年期国债期货,CFFEX,TF0
2025-03-21,107.535,107.585,107.325,107.415,87919,176083,0.0,10年期国债期货,CFFEX,T0
2025-03-21,102.412,102.43,102.352,102.356,31023,94513,0.0,2年期国债期货,CFFEX,TS0
2025-03-21,115.32,115.55,114.91,115.09,120869,105500,0.0,30年期国债期货,CFFEX,TL0
2025-03-21,105.505,105.525,105.37,105.39,58073,145006,0.0,5年期国债期货,CFFEX,TF0
2025-03-24,107.355,107.625,107.28,107.595,79458,176230,0.0,10年期国债期货,CFFEX,T0
2025-03-24,102.35,102.396,102.31,102.388,32449,93614,0.0,2年期国债期货,CFFEX,TS0
2025-03-24,114.9,115.6,114.51,115.59,119255,102815,0.0,30年期国债期货,CFFEX,TL0
2025-03-24,105.385,105.51,105.265,105.51,65439,147785,0.0,5年期国债期货,CFFEX,TF0
2025-03-25,107.775,107.875,107.66,107.675,70969,172736,0.0,10年期国债期货,CFFEX,T0
2025-03-25,102.418,102.438,102.358,102.368,37429,94180,0.0,2年期国债期货,CFFEX,TS0
2025-03-25,116.2,116.36,115.82,115.89,111822,99798,0.0,30年期国债期货,CFFEX,TL0
2025-03-25,105.6,105.655,105.51,105.52,60189,147252,0.0,5年期国债期货,CFFEX,TF0
2025-03-26,107.645,108.0,107.605,107.995,68604,175285,0.0,10年期国债期货,CFFEX,T0
2025-03-26,102.354,102.472,102.354,102.462,37430,95653,0.0,2年期国债期货,CFFEX,TS0
2025-03-26,115.8,116.79,115.72,116.77,102815,100975,0.0,30年期国债期货,CFFEX,TL0
2025-03-26,105.52,105.75,105.48,105.725,50567,153356,0.0,5年期国债期货,CFFEX,TF0
2025-03-27,107.895,108.07,107.85,107.89,65109,172454,0.0,10年期国债期货,CFFEX,T0
2025-03-27,102.43,102.458,102.408,102.428,28220,94551,0.0,2年期国债期货,CFFEX,TS0
2025-03-27,116.65,116.82,116.3,116.32,104678,99307,0.0,30年期国债期货,CFFEX,TL0
2025-03-27,105.7,105.745,105.62,105.64,42270,155661,0.0,5年期国债期货,CFFEX,TF0
2025-03-28,107.85,108.065,107.81,107.875,75065,174289,0.0,10年期国债期货,CFFEX,T0
2025-03-28,102.412,102.48,102.404,102.446,33855,95571,0.0,2年期国债期货,CFFEX,TS0
2025-03-28,116.3,116.73,115.8,116.0,133212,102023,0.0,30年期国债期货,CFFEX,TL0
2025-03-28,105.62,105.77,105.605,105.65,49090,155050,0.0,5年期国债期货,CFFEX,TF0
2025-03-31,107.81,108.03,107.79,107.87,73057,177132,0.0,10年期国债期货,CFFEX,T0
2025-03-31,102.436,102.452,102.38,102.39,38526,96334,0.0,2年期国债期货,CFFEX,TS0
2025-03-31,115.82,116.56,115.8,116.14,118292,102975,0.0,30年期国债期货,CFFEX,TL0
2025-03-31,105.61,105.735,105.58,105.635,53386,155201,0.0,5年期国债期货,CFFEX,TF0
2025-04-01,107.87,107.95,107.73,107.76,56787,175280,0.0,10年期国债期货,CFFEX,T0
2025-04-01,102.39,102.4,102.336,102.346,29815,96496,0.0,2年期国债期货,CFFEX,TS0
2025-04-01,116.27,116.54,115.97,116.21,100609,102436,0.0,30年期国债期货,CFFEX,TL0
2025-04-01,105.64,105.69,105.555,105.57,39077,155058,0.0,5年期国债期货,CFFEX,TF0
2025-04-02,107.785,108.065,107.775,108.05,62618,181072,0.0,10年期国债期货,CFFEX,T0
2025-04-02,102.338,102.398,102.334,102.394,33901,98280,0.0,2年期国债期货,CFFEX,TS0
2025-04-02,116.26,117.21,116.26,117.18,103374,107670,0.0,30年期国债期货,CFFEX,TL0
2025-04-02,105.57,105.75,105.57,105.745,44032,158987,0.0,5年期国债期货,CFFEX,TF0
2025-04-03,108.35,108.64,108.275,108.575,82251,183347,0.0,10年期国债期货,CFFEX,T0
2025-04-03,102.466,102.56,102.434,102.532,48662,99013,0.0,2年期国债期货,CFFEX,TS0
2025-04-03,118.5,118.85,117.78,118.75,141632,105109,0.0,30年期国债期货,CFFEX,TL0
2025-04-03,105.885,106.17,105.865,106.135,62597,164270,0.0,5年期国债期货,CFFEX,TF0
2025-04-07,109.075,109.2,108.905,109.18,92120,183733,0.0,10年期国债期货,CFFEX,T0
2025-04-07,102.64,102.694,102.598,102.676,49929,100830,0.0,2年期国债期货,CFFEX,TS0
2025-04-07,121.0,121.04,120.16,120.8,157431,99742,0.0,30年期国债期货,CFFEX,TL0
2025-04-07,106.48,106.535,106.265,106.48,72274,170757,0.0,5年期国债期货,CFFEX,TF0
2025-04-08,109.035,109.12,108.88,108.9,76844,189120,0.0,10年期国债期货,CFFEX,T0
2025-04-08,102.642,102.66,102.568,102.576,34607,101334,0.0,2年期国债期货,CFFEX,TS0
2025-04-08,120.3,120.48,119.92,120.02,115772,99202,0.0,30年期国债期货,CFFEX,TL0
2025-04-08,106.35,106.45,106.25,106.265,54711,171638,0.0,5年期国债期货,CFFEX,TF0
2025-04-09,109.06,109.32,108.955,109.045,94916,192698,0.0,10年期国债期货,CFFEX,T0
2025-04-09,102.6,102.816,102.58,102.682,57082,108388,0.0,2年期国债期货,CFFEX,TS0
2025-04-09,120.5,121.26,119.97,120.33,150577,104799,0.0,30年期国债期货,CFFEX,TL0
2025-04-09,106.36,106.595,106.31,106.435,71227,176560,0.0,5年期国债期货,CFFEX,TF0
2025-04-10,108.94,109.19,108.815,109.035,84854,188699,0.0,10年期国债期货,CFFEX,T0
2025-04-10,102.658,102.74,102.626,102.702,43868,112006,0.0,2年期国债期货,CFFEX,TS0
2025-04-10,119.85,120.19,119.35,119.87,131204,102587,0.0,30年期国债期货,CFFEX,TL0
2025-04-10,106.365,106.6,106.3,106.5,69578,180190,0.0,5年期国债期货,CFFEX,TF0
2025-04-11,109.2,109.26,108.86,108.95,80727,188016,0.0,10年期国债期货,CFFEX,T0
2025-04-11,102.74,102.762,102.62,102.64,36615,113820,0.0,2年期国债期货,CFFEX,TS0
2025-04-11,120.22,120.48,119.42,119.53,115166,103997,0.0,30年期国债期货,CFFEX,TL0
2025-04-11,106.595,106.66,106.345,106.395,62648,177278,0.0,5年期国债期货,CFFEX,TF0
2025-04-14,108.855,109.045,108.8,109.04,63209,191492,0.0,10年期国债期货,CFFEX,T0
2025-04-14,102.638,102.638,102.568,102.59,34486,113252,0.0,2年期国债期货,CFFEX,TS0
2025-04-14,119.23,119.99,119.06,119.97,92191,105175,0.0,30年期国债期货,CFFEX,TL0
2025-04-14,106.315,106.395,106.28,106.365,52996,176982,0.0,5年期国债期货,CFFEX,TF0
2025-04-15,109.01,109.065,108.92,108.96,48235,192362,0.0,10年期国债期货,CFFEX,T0
2025-04-15,102.594,102.6,102.516,102.544,26828,112419,0.0,2年期国债期货,CFFEX,TS0
2025-04-15,119.89,120.21,119.74,119.78,89506,104866,0.0,30年期国债期货,CFFEX,TL0
2025-04-15,106.34,106.375,106.235,106.295,48560,176317,0.0,5年期国债期货,CFFEX,TF0
2025-04-16,109.06,109.2,108.92,109.135,61950,197128,0.0,10年期国债期货,CFFEX,T0
2025-04-16,102.552,102.588,102.504,102.562,28879,111853,0.0,2年期国债期货,CFFEX,TS0
2025-04-16,120.01,120.37,119.66,120.04,110525,107092,0.0,30年期国债期货,CFFEX,TL0
2025-04-16,106.3,106.445,106.24,106.39,59084,174610,0.0,5年期国债期货,CFFEX,TF0
2025-04-17,109.15,109.165,108.94,108.99,62639,193114,0.0,10年期国债期货,CFFEX,T0
2025-04-17,102.57,102.586,102.472,102.49,31161,112255,0.0,2年期国债期货,CFFEX,TS0
2025-04-17,119.98,120.07,119.33,119.44,93722,106359,0.0,30年期国债期货,CFFEX,TL0
2025-04-17,106.425,106.435,106.235,106.255,47316,171023,0.0,5年期国债期货,CFFEX,TF0
2025-04-18,109.045,109.08,108.88,109.025,60099,193964,0.0,10年期国债期货,CFFEX,T0
2025-04-18,102.486,102.502,102.422,102.432,35286,107950,0.0,2年期国债期货,CFFEX,TS0
2025-04-18,119.35,119.93,119.31,119.7,89912,107019,0.0,30年期国债期货,CFFEX,TL0
2025-04-18,106.255,106.3,106.17,106.23,48652,168364,0.0,5年期国债期货,CFFEX,TF0
2025-04-21,109.03,109.035,108.745,108.78,60884,185013,0.0,10年期国债期货,CFFEX,T0
2025-04-21,102.434,102.434,102.364,102.38,35298,102991,0.0,2年期国债期货,CFFEX,TS0
2025-04-21,119.7,119.72,119.15,119.33,79418,105155,0.0,30年期国债期货,CFFEX,TL0
2025-04-21,106.23,106.245,106.06,106.08,46472,165079,0.0,5年期国债期货,CFFEX,TF0
2025-04-22,108.855,108.99,108.845,108.97,41633,189451,0.0,10年期国债期货,CFFEX,T0
2025-04-22,102.39,102.414,102.38,102.402,23837,101641,0.0,2年期国债期货,CFFEX,TS0
2025-04-22,119.41,119.98,119.36,119.92,79801,110368,0.0,30年期国债期货,CFFEX,TL0
2025-04-22,106.13,106.185,106.115,106.165,33835,166353,0.0,5年期国债期货,CFFEX,TF0
2025-04-23,108.85,108.86,108.69,108.77,59213,185431,0.0,10年期国债期货,CFFEX,T0
2025-04-23,102.36,102.396,102.312,102.368,41100,94760,0.0,2年期国债期货,CFFEX,TS0
2025-04-23,119.56,119.6,119.02,119.4,102875,102539,0.0,30年期国债期货,CFFEX,TL0
2025-04-23,106.11,106.11,105.965,106.02,49323,162758,0.0,5年期国债期货,CFFEX,TF0
2025-04-24,108.83,108.915,108.67,108.68,60040,186335,0.0,10年期国债期货,CFFEX,T0
2025-04-24,102.388,102.41,102.312,102.318,30169,94343,0.0,2年期国债期货,CFFEX,TS0
2025-04-24,119.6,119.85,119.25,119.26,88189,101619,0.0,30年期国债期货,CFFEX,TL0
2025-04-24,106.06,106.09,105.905,105.915,39780,160999,0.0,5年期国债期货,CFFEX,TF0
2025-04-25,108.75,108.905,108.67,108.77,66163,184318,0.0,10年期国债期货,CFFEX,T0
2025-04-25,102.33,102.39,102.282,102.284,38942,95758,0.0,2年期国债期货,CFFEX,TS0
2025-04-25,119.41,120.04,119.31,119.68,118578,105659,0.0,30年期国债期货,CFFEX,TL0
2025-04-25,105.92,106.08,105.9,105.935,53243,161177,0.0,5年期国债期货,CFFEX,TF0
2025-04-28,108.815,108.97,108.7,108.84,57270,186819,0.0,10年期国债期货,CFFEX,T0
2025-04-28,102.288,102.356,102.28,102.32,33165,94570,0.0,2年期国债期货,CFFEX,TS0
2025-04-28,119.75,120.26,119.71,120.18,67316,104543,0.0,30年期国债期货,CFFEX,TL0
2025-04-28,105.88,106.01,105.88,105.915,45830,158011,0.0,5年期国债期货,CFFEX,TF0
2025-04-29,108.925,109.125,108.91,109.12,51372,192474,0.0,10年期国债期货,CFFEX,T0
2025-04-29,102.336,102.374,102.316,102.332,34240,93075,0.0,2年期国债期货,CFFEX,TS0
2025-04-29,120.4,121.0,120.39,120.98,77545,106469,0.0,30年期国债期货,CFFEX,TL0
2025-04-29,105.935,106.09,105.935,106.07,50163,157294,0.0,5年期国债期货,CFFEX,TF0
2025-04-30,109.07,109.12,108.945,109.0,54593,188020,0.0,10年期国债期货,CFFEX,T0
2025-04-30,102.312,102.388,102.31,102.366,32297,93248,0.0,2年期国债期货,CFFEX,TS0
2025-04-30,120.9,120.99,120.65,120.76,71944,102729,0.0,30年期国债期货,CFFEX,TL0
2025-04-30,106.06,106.13,106.005,106.1,52615,157536,0.0,5年期国债期货,CFFEX,TF0
2025-05-06,108.955,109.13,108.94,109.045,49555,189565,0.0,10年期国债期货,CFFEX,T0
2025-05-06,102.356,102.392,102.306,102.308,28361,93460,0.0,2年期国债期货,CFFEX,TS0
2025-05-06,120.6,121.02,120.52,120.97,61695,102169,0.0,30年期国债期货,CFFEX,TL0
2025-05-06,106.045,106.135,106.01,106.06,46541,155595,0.0,5年期国债期货,CFFEX,TF0
2025-05-07,108.995,109.155,108.755,108.85,85388,180727,0.0,10年期国债期货,CFFEX,T0
2025-05-07,102.35,102.37,102.302,102.308,40388,89974,0.0,2年期国债期货,CFFEX,TS0
2025-05-07,120.68,120.95,120.01,120.14,115667,93433,0.0,30年期国债期货,CFFEX,TL0
2025-05-07,106.09,106.18,105.955,105.995,62281,151057,0.0,5年期国债期货,CFFEX,TF0
2025-05-08,108.965,109.145,108.935,109.06,58767,182509,0.0,10年期国债期货,CFFEX,T0
2025-05-08,102.338,102.386,102.322,102.362,35940,86898,0.0,2年期国债期货,CFFEX,TS0
2025-05-08,120.36,120.65,120.27,120.43,71465,88021,0.0,30年期国债期货,CFFEX,TL0
2025-05-08,106.075,106.21,106.065,106.18,53906,149241,0.0,5年期国债期货,CFFEX,TF0
2025-05-09,109.1,109.195,109.0,109.06,55055,176592,0.0,10年期国债期货,CFFEX,T0
2025-05-09,102.4,102.418,102.338,102.346,36672,83153,0.0,2年期国债期货,CFFEX,TS0
2025-05-09,120.45,120.56,120.15,120.37,66504,82127,0.0,30年期国债期货,CFFEX,TL0
2025-05-09,106.195,106.265,106.08,106.095,58428,143413,0.0,5年期国债期货,CFFEX,TF0
2025-05-12,108.89,109.09,108.36,108.53,110974,160433,0.0,10年期国债期货,CFFEX,T0
2025-05-12,102.312,102.382,102.232,102.276,48586,74392,0.0,2年期国债期货,CFFEX,TS0
2025-05-12,119.7,120.16,118.43,118.74,122849,71751,0.0,30年期国债期货,CFFEX,TL0
2025-05-12,106.085,106.185,105.765,105.89,77590,129518,0.0,5年期国债期货,CFFEX,TF0
2025-05-13,108.55,108.715,108.535,108.715,73903,143710,0.0,10年期国债期货,CFFEX,T0
2025-05-13,102.29,102.36,102.29,102.346,37858,67208,0.0,2年期国债期货,CFFEX,TS0
2025-05-13,118.82,119.32,118.73,119.3,92887,64817,0.0,30年期国债期货,CFFEX,TL0
2025-05-13,105.93,106.0,105.9,105.955,63363,114782,0.0,5年期国债期货,CFFEX,TF0
2025-05-14,108.675,108.695,108.49,108.535,68753,126019,0.0,10年期国债期货,CFFEX,T0
2025-05-14,102.518,102.518,102.412,102.42,28834,76865,0.0,2年期国债期货,CFFEX,TS0
2025-05-14,119.23,119.28,118.7,118.93,78310,59236,0.0,30年期国债期货,CFFEX,TL0
2025-05-14,105.915,105.945,105.805,105.81,55124,104037,0.0,5年期国债期货,CFFEX,TF0
2025-05-15,108.59,108.59,108.465,108.555,58524,112500,0.0,10年期国债期货,CFFEX,T0
2025-05-15,102.41,102.438,102.372,102.404,33587,78738,0.0,2年期国债期货,CFFEX,TS0
2025-05-15,119.26,119.55,119.09,119.45,37636,63555,0.0,30年期国债期货,CFFEX,TL0
2025-05-15,105.825,105.855,105.735,105.79,52751,91935,0.0,5年期国债期货,CFFEX,TF0
2025-05-16,108.445,108.52,108.32,108.48,60479,99612,0.0,10年期国债期货,CFFEX,T0
2025-05-16,102.384,102.388,102.342,102.382,48166,83855,0.0,2年期国债期货,CFFEX,TS0
2025-05-16,119.13,119.38,118.89,119.29,47848,65740,0.0,30年期国债期货,CFFEX,TL0
2025-05-16,105.72,105.74,105.635,105.72,58571,79352,0.0,5年期国债期货,CFFEX,TF0
2025-05-19,108.64,108.84,108.635,108.83,60025,125036,0.0,10年期国债期货,CFFEX,T0
2025-05-19,102.38,102.414,102.336,102.384,48335,87939,0.0,2年期国债期货,CFFEX,TS0
2025-05-19,119.34,119.75,119.24,119.72,39329,69694,0.0,30年期国债期货,CFFEX,TL0
2025-05-19,105.92,106.02,105.87,106.0,51434,98924,0.0,5年期国债期货,CFFEX,TF0
2025-05-20,108.885,108.945,108.78,108.84,76231,142998,0.0,10年期国债期货,CFFEX,T0
2025-05-20,102.41,102.46,102.348,102.358,41104,94660,0.0,2年期国债期货,CFFEX,TS0
2025-05-20,119.97,120.04,119.55,119.71,53344,72424,0.0,30年期国债期货,CFFEX,TL0
2025-05-20,106.045,106.115,105.91,105.955,57849,109912,0.0,5年期国债期货,CFFEX,TF0
2025-05-21,108.895,108.895,108.72,108.835,52668,149750,0.0,10年期国债期货,CFFEX,T0
2025-05-21,102.364,102.39,102.35,102.38,30261,96325,0.0,2年期国债期货,CFFEX,TS0
2025-05-21,119.71,119.82,119.31,119.62,73412,79667,0.0,30年期国债期货,CFFEX,TL0
2025-05-21,105.97,106.015,105.935,106.01,42215,113439,0.0,5年期国债期货,CFFEX,TF0
2025-05-22,108.84,108.96,108.77,108.815,65126,156071,0.0,10年期国债期货,CFFEX,T0
2025-05-22,102.4,102.418,102.354,102.366,34274,100554,0.0,2年期国债期货,CFFEX,TS0
2025-05-22,119.63,119.88,119.45,119.52,67554,82843,0.0,30年期国债期货,CFFEX,TL0
2025-05-22,106.05,106.09,105.945,105.98,47004,116615,0.0,5年期国债期货,CFFEX,TF0
2025-05-23,108.775,108.88,108.69,108.85,63496,163964,0.0,10年期国债期货,CFFEX,T0
2025-05-23,102.38,102.418,102.342,102.408,29550,101124,0.0,2年期国债期货,CFFEX,TS0
2025-05-23,119.48,119.68,119.15,119.6,88522,88934,0.0,30年期国债期货,CFFEX,TL0
2025-05-23,105.98,106.07,105.925,106.05,51313,118936,0.0,5年期国债期货,CFFEX,TF0
2025-05-26,108.89,108.935,108.825,108.855,52310,166526,0.0,10年期国债期货,CFFEX,T0
2025-05-26,102.416,102.436,102.392,102.43,31127,102629,0.0,2年期国债期货,CFFEX,TS0
2025-05-26,119.71,119.96,119.67,119.76,58787,91927,0.0,30年期国债期货,CFFEX,TL0
2025-05-26,106.06,106.09,106.03,106.06,48389,125742,0.0,5年期国债期货,CFFEX,TF0
2025-05-27,108.88,108.89,108.705,108.735,58575,165848,0.0,10年期国债期货,CFFEX,T0
2025-05-27,102.442,102.442,102.4,102.408,32028,104798,0.0,2年期国债期货,CFFEX,TS0
2025-05-27,119.77,119.84,119.38,119.46,62401,92091,0.0,30年期国债期货,CFFEX,TL0
2025-05-27,106.08,106.085,106.01,106.03,43924,128934,0.0,5年期国债期货,CFFEX,TF0
2025-05-28,108.7,108.785,108.635,108.73,49829,168138,0.0,10年期国债期货,CFFEX,T0
2025-05-28,102.412,102.414,102.388,102.4,27085,106440,0.0,2年期国债期货,CFFEX,TS0
2025-05-28,119.29,119.55,119.12,119.4,60667,92662,0.0,30年期国债期货,CFFEX,TL0
2025-05-28,106.03,106.05,105.96,106.02,44738,133349,0.0,5年期国债期货,CFFEX,TF0
2025-05-29,108.61,108.62,108.455,108.475,72334,166334,0.0,10年期国债期货,CFFEX,T0
2025-05-29,102.39,102.392,102.344,102.346,32722,110993,0.0,2年期国债期货,CFFEX,TS0
2025-05-29,119.1,119.15,118.64,118.69,94531,95648,0.0,30年期国债期货,CFFEX,TL0
2025-05-29,105.89,105.94,105.85,105.87,57177,138906,0.0,5年期国债期货,CFFEX,TF0
2025-05-30,108.65,108.76,108.63,108.725,62469,164631,0.0,10年期国债期货,CFFEX,T0
2025-05-30,102.372,102.424,102.366,102.396,34427,111638,0.0,2年期国债期货,CFFEX,TS0
2025-05-30,119.2,119.47,119.19,119.41,71043,93526,0.0,30年期国债期货,CFFEX,TL0
2025-05-30,105.97,106.065,105.915,106.02,55053,137933,0.0,5年期国债期货,CFFEX,TF0
2025-06-03,108.7,108.75,108.65,108.685,42868,167327,0.0,10年期国债期货,CFFEX,T0
2025-06-03,102.386,102.388,102.35,102.352,37274,115402,0.0,2年期国债期货,CFFEX,TS0
2025-06-03,119.35,119.57,119.29,119.45,60835,93807,0.0,30年期国债期货,CFFEX,TL0
2025-06-03,106.005,106.04,105.94,105.96,47214,138590,0.0,5年期国债期货,CFFEX,TF0
2025-06-04,108.72,108.775,108.62,108.765,55709,170547,0.0,10年期国债期货,CFFEX,T0
2025-06-04,102.372,102.416,102.36,102.396,31202,114335,0.0,2年期国债期货,CFFEX,TS0
2025-06-04,119.62,119.69,119.29,119.57,70260,94314,0.0,30年期国债期货,CFFEX,TL0
2025-06-04,105.99,106.06,105.935,106.035,46001,139957,0.0,5年期国债期货,CFFEX,TF0
2025-06-05,108.72,108.86,108.695,108.72,64481,169240,0.0,10年期国债期货,CFFEX,T0
2025-06-05,102.38,102.468,102.38,102.43,49003,116473,0.0,2年期国债期货,CFFEX,TS0
2025-06-05,119.53,119.69,119.31,119.31,66642,93443,0.0,30年期国债期货,CFFEX,TL0
2025-06-05,106.005,106.16,105.985,106.03,73198,144273,0.0,5年期国债期货,CFFEX,TF0
2025-06-06,108.82,108.93,108.81,108.925,54263,177112,0.0,10年期国债期货,CFFEX,T0
2025-06-06,102.47,102.508,102.442,102.452,34876,117087,0.0,2年期国债期货,CFFEX,TS0
2025-06-06,119.5,119.82,119.5,119.78,70269,96837,0.0,30年期国债期货,CFFEX,TL0
2025-06-06,106.14,106.195,106.11,106.14,49178,145436,0.0,5年期国债期货,CFFEX,TF0
2025-06-09,108.97,109.04,108.91,109.0,60635,182042,0.0,10年期国债期货,CFFEX,T0
2025-06-09,102.45,102.476,102.428,102.448,35286,117994,0.0,2年期国债期货,CFFEX,TS0
2025-06-09,119.9,120.2,119.75,120.14,75638,101724,0.0,30年期国债期货,CFFEX,TL0
2025-06-09,106.18,106.195,106.1,106.125,50459,147186,0.0,5年期国债期货,CFFEX,TF0
2025-06-10,109.0,109.03,108.945,108.995,47942,184969,0.0,10年期国债期货,CFFEX,T0
2025-06-10,102.452,102.46,102.43,102.442,25053,118657,0.0,2年期国债期货,CFFEX,TS0
2025-06-10,120.07,120.3,120.01,120.16,62753,103965,0.0,30年期国债期货,CFFEX,TL0
2025-06-10,106.12,106.18,106.095,106.135,47953,147190,0.0,5年期国债期货,CFFEX,TF0
2025-06-11,109.05,109.12,109.0,109.045,47080,187358,0.0,10年期国债期货,CFFEX,T0
2025-06-11,102.452,102.46,102.438,102.456,23987,119103,0.0,2年期国债期货,CFFEX,TS0
2025-06-11,120.48,120.51,120.3,120.44,55029,105150,0.0,30年期国债期货,CFFEX,TL0
2025-06-11,106.165,106.195,106.115,106.185,38116,150845,0.0,5年期国债期货,CFFEX,TF0
2025-06-12,109.05,109.08,108.96,108.995,49392,188181,0.0,10年期国债期货,CFFEX,T0
2025-06-12,102.456,102.46,102.422,102.444,28857,118548,0.0,2年期国债期货,CFFEX,TS0
2025-06-12,120.51,120.64,120.37,120.49,53570,106051,0.0,30年期国债期货,CFFEX,TL0
2025-06-12,106.17,106.195,106.105,106.125,45977,150785,0.0,5年期国债期货,CFFEX,TF0
2025-06-13,109.03,109.075,108.965,109.02,60457,191046,0.0,10年期国债期货,CFFEX,T0
2025-06-13,102.446,102.47,102.438,102.464,33113,119112,0.0,2年期国债期货,CFFEX,TS0
2025-06-13,120.47,120.56,120.38,120.5,55715,104661,0.0,30年期国债期货,CFFEX,TL0
2025-06-13,106.155,106.2,106.11,106.175,58651,150832,0.0,5年期国债期货,CFFEX,TF0
2025-06-16,109.04,109.095,108.98,109.015,49941,194978,0.0,10年期国债期货,CFFEX,T0
2025-06-16,102.476,102.484,102.454,102.466,24997,117711,0.0,2年期国债期货,CFFEX,TS0
2025-06-16,120.65,120.73,120.47,120.52,53995,106182,0.0,30年期国债期货,CFFEX,TL0
2025-06-16,106.175,106.225,106.13,106.145,46176,151398,0.0,5年期国债期货,CFFEX,TF0
2025-06-17,109.0,109.17,108.965,109.16,69095,206159,0.0,10年期国债期货,CFFEX,T0
2025-06-17,102.472,102.544,102.464,102.54,43258,120903,0.0,2年期国债期货,CFFEX,TS0
2025-06-17,120.44,120.85,120.35,120.82,73032,109920,0.0,30年期国债期货,CFFEX,TL0
2025-06-17,106.17,106.32,106.16,106.3,72957,156777,0.0,5年期国债期货,CFFEX,TF0
2025-06-18,109.125,109.165,109.085,109.14,48250,203959,0.0,10年期国债期货,CFFEX,T0
2025-06-18,102.582,102.582,102.51,102.544,27708,122180,0.0,2年期国债期货,CFFEX,TS0
2025-06-18,120.75,120.93,120.7,120.9,52815,108706,0.0,30年期国债期货,CFFEX,TL0
2025-06-18,106.29,106.3,106.24,106.28,39784,155973,0.0,5年期国债期货,CFFEX,TF0
2025-06-19,109.17,109.19,109.1,109.135,46048,205808,0.0,10年期国债期货,CFFEX,T0
2025-06-19,102.56,102.562,102.516,102.526,29365,121064,0.0,2年期国债期货,CFFEX,TS0
2025-06-19,121.08,121.21,120.92,121.06,63946,109264,0.0,30年期国债期货,CFFEX,TL0
2025-06-19,106.3,106.315,106.23,106.25,44503,158688,0.0,5年期国债期货,CFFEX,TF0
2025-06-20,109.105,109.205,109.1,109.15,50456,212559,0.0,10年期国债期货,CFFEX,T0
2025-06-20,102.508,102.566,102.508,102.544,26760,119648,0.0,2年期国债期货,CFFEX,TS0
2025-06-20,121.0,121.44,120.97,121.32,62563,116015,0.0,30年期国债期货,CFFEX,TL0
2025-06-20,106.26,106.315,106.24,106.275,44226,163278,0.0,5年期国债期货,CFFEX,TF0
2025-06-23,109.16,109.19,109.095,109.155,49489,212428,0.0,10年期国债期货,CFFEX,T0
2025-06-23,102.546,102.554,102.516,102.53,26683,120157,0.0,2年期国债期货,CFFEX,TS0
2025-06-23,121.5,121.54,121.2,121.29,61188,116125,0.0,30年期国债期货,CFFEX,TL0
2025-06-23,106.275,106.295,106.22,106.275,47714,160188,0.0,5年期国债期货,CFFEX,TF0
2025-06-24,109.15,109.15,109.015,109.025,51169,207169,0.0,10年期国债期货,CFFEX,T0
2025-06-24,102.51,102.546,102.494,102.504,27094,118582,0.0,2年期国债期货,CFFEX,TS0
2025-06-24,121.23,121.27,120.88,120.93,76770,117168,0.0,30年期国债期货,CFFEX,TL0
2025-06-24,106.275,106.275,106.18,106.185,44144,158881,0.0,5年期国债期货,CFFEX,TF0
2025-06-25,109.04,109.115,108.935,108.995,73376,205081,0.0,10年期国债期货,CFFEX,T0
2025-06-25,102.51,102.54,102.498,102.512,33255,118248,0.0,2年期国债期货,CFFEX,TS0
2025-06-25,120.94,121.09,120.47,120.67,99174,114653,0.0,30年期国债期货,CFFEX,TL0
2025-06-25,106.195,106.27,106.15,106.19,65780,161136,0.0,5年期国债期货,CFFEX,TF0
2025-06-26,108.995,109.035,108.925,108.95,52163,202431,0.0,10年期国债期货,CFFEX,T0
2025-06-26,102.51,102.534,102.502,102.51,24312,118869,0.0,2年期国债期货,CFFEX,TS0
2025-06-26,120.75,120.78,120.51,120.72,72122,115275,0.0,30年期国债期货,CFFEX,TL0
2025-06-26,106.205,106.235,106.15,106.17,38895,160108,0.0,5年期国债期货,CFFEX,TF0
2025-06-27,108.98,109.1,108.955,109.045,68735,204393,0.0,10年期国债期货,CFFEX,T0
2025-06-27,102.516,102.558,102.51,102.542,37274,119465,0.0,2年期国债期货,CFFEX,TS0
2025-06-27,120.84,121.02,120.66,120.89,80884,115697,0.0,30年期国债期货,CFFEX,TL0
2025-06-27,106.185,106.285,106.175,106.265,62234,166238,0.0,5年期国债期货,CFFEX,TF0
2025-06-30,109.025,109.045,108.88,108.895,77133,196973,0.0,10年期国债期货,CFFEX,T0
2025-06-30,102.542,102.542,102.492,102.498,36240,117582,0.0,2年期国债期货,CFFEX,TS0
2025-06-30,120.76,120.78,120.18,120.42,90761,111205,0.0,30年期国债期货,CFFEX,TL0
2025-06-30,106.235,106.24,106.125,106.16,68517,157357,0.0,5年期国债期货,CFFEX,TF0
2025-07-01,108.925,109.01,108.91,109.005,63387,199030,0.0,10年期国债期货,CFFEX,T0
2025-07-01,102.498,102.516,102.47,102.488,37498,116296,0.0,2年期国债期货,CFFEX,TS0
2025-07-01,120.45,120.77,120.41,120.74,75813,115672,0.0,30年期国债期货,CFFEX,TL0
2025-07-01,106.17,106.21,106.14,106.205,58698,156677,0.0,5年期国债期货,CFFEX,TF0
2025-07-02,109.03,109.13,109.03,109.13,57955,206519,0.0,10年期国债期货,CFFEX,T0
2025-07-02,102.49,102.512,102.488,102.512,24944,115595,0.0,2年期国债期货,CFFEX,TS0
2025-07-02,120.98,121.2,120.93,121.18,68868,119717,0.0,30年期国债期货,CFFEX,TL0
2025-07-02,106.205,106.26,106.205,106.25,45931,157823,0.0,5年期国债期货,CFFEX,TF0
2025-07-03,109.15,109.155,109.0,109.105,64924,206020,0.0,10年期国债期货,CFFEX,T0
2025-07-03,102.52,102.524,102.492,102.514,24843,115715,0.0,2年期国债期货,CFFEX,TS0
2025-07-03,121.15,121.22,120.91,121.13,72609,117980,0.0,30年期国债期货,CFFEX,TL0
2025-07-03,106.275,106.285,106.19,106.255,51486,156476,0.0,5年期国债期货,CFFEX,TF0
2025-07-04,109.09,109.145,109.085,109.1,60839,214140,0.0,10年期国债期货,CFFEX,T0
2025-07-04,102.51,102.522,102.504,102.508,26187,117199,0.0,2年期国债期货,CFFEX,TS0
2025-07-04,121.11,121.31,121.08,121.2,71652,122578,0.0,30年期国债期货,CFFEX,TL0
2025-07-04,106.23,106.285,106.23,106.255,42974,157905,0.0,5年期国债期货,CFFEX,TF0
2025-07-07,109.125,109.175,109.085,109.105,49192,216298,0.0,10年期国债期货,CFFEX,T0
2025-07-07,102.512,102.522,102.486,102.502,35462,115517,0.0,2年期国债期货,CFFEX,TS0
2025-07-07,121.25,121.35,121.11,121.15,55668,122562,0.0,30年期国债期货,CFFEX,TL0
2025-07-07,106.27,106.295,106.205,106.225,59821,157986,0.0,5年期国债期货,CFFEX,TF0
2025-07-08,109.105,109.105,108.97,109.02,61895,208754,0.0,10年期国债期货,CFFEX,T0
2025-07-08,102.492,102.5,102.462,102.466,34046,114852,0.0,2年期国债期货,CFFEX,TS0
2025-07-08,121.07,121.1,120.81,120.92,84358,119462,0.0,30年期国债期货,CFFEX,TL0
2025-07-08,106.21,106.215,106.11,106.135,62702,158005,0.0,5年期国债期货,CFFEX,TF0
2025-07-09,109.02,109.05,108.96,109.05,59539,203681,0.0,10年期国债期货,CFFEX,T0
2025-07-09,102.472,102.48,102.442,102.464,34471,115395,0.0,2年期国债期货,CFFEX,TS0
2025-07-09,120.9,121.09,120.76,121.09,74267,118951,0.0,30年期国债期货,CFFEX,TL0
2025-07-09,106.145,106.165,106.1,106.16,46228,157480,0.0,5年期国债期货,CFFEX,TF0
2025-07-10,109.015,109.03,108.83,108.845,77570,202427,0.0,10年期国债期货,CFFEX,T0
2025-07-10,102.466,102.466,102.41,102.414,42333,115251,0.0,2年期国债期货,CFFEX,TS0
2025-07-10,121.02,121.05,120.46,120.53,107326,119369,0.0,30年期国债期货,CFFEX,TL0
2025-07-10,106.14,106.155,105.98,105.99,65698,158575,0.0,5年期国债期货,CFFEX,TF0
2025-07-11,108.845,108.865,108.705,108.83,91046,197468,0.0,10年期国债期货,CFFEX,T0
2025-07-11,102.404,102.424,102.398,102.416,37286,114833,0.0,2年期国债期货,CFFEX,TS0
2025-07-11,120.46,120.65,120.15,120.61,128944,118793,0.0,30年期国债期货,CFFEX,TL0
2025-07-11,106.0,106.025,105.925,105.995,73843,162724,0.0,5年期国债期货,CFFEX,TF0
2025-07-14,108.775,108.78,108.655,108.73,69204,198439,0.0,10年期国债期货,CFFEX,T0
2025-07-14,102.36,102.41,102.36,102.38,33115,114627,0.0,2年期国债期货,CFFEX,TS0
2025-07-14,120.44,120.46,120.06,120.29,92150,119663,0.0,30年期国债期货,CFFEX,TL0
2025-07-14,105.97,105.97,105.855,105.92,63084,163218,0.0,5年期国债期货,CFFEX,TF0
2025-07-15,108.79,108.91,108.765,108.89,67445,195839,0.0,10年期国债期货,CFFEX,T0
2025-07-15,102.396,102.428,102.386,102.418,32348,114560,0.0,2年期国债期货,CFFEX,TS0
2025-07-15,120.51,120.84,120.41,120.76,91330,119124,0.0,30年期国债期货,CFFEX,TL0
2025-07-15,105.975,106.04,105.95,106.025,48707,159386,0.0,5年期国债期货,CFFEX,TF0
2025-07-16,108.905,108.93,108.835,108.835,50699,193107,0.0,10年期国债期货,CFFEX,T0
2025-07-16,102.428,102.44,102.418,102.424,25493,113842,0.0,2年期国债期货,CFFEX,TS0
2025-07-16,120.83,120.87,120.62,120.71,74060,116886,0.0,30年期国债期货,CFFEX,TL0
2025-07-16,106.025,106.065,105.995,106.0,50768,155563,0.0,5年期国债期货,CFFEX,TF0
2025-07-17,108.865,108.915,108.83,108.885,45552,192946,0.0,10年期国债期货,CFFEX,T0
2025-07-17,102.428,102.446,102.42,102.44,26742,113254,0.0,2年期国债期货,CFFEX,TS0
2025-07-17,120.75,120.89,120.65,120.73,70445,116611,0.0,30年期国债期货,CFFEX,TL0
2025-07-17,106.02,106.06,106.0,106.045,48461,156867,0.0,5年期国债期货,CFFEX,TF0
2025-07-18,108.835,108.87,108.78,108.79,51738,192316,0.0,10年期国债期货,CFFEX,T0
2025-07-18,102.436,102.444,102.42,102.434,22678,113080,0.0,2年期国债期货,CFFEX,TS0
2025-07-18,120.63,120.68,120.46,120.46,72268,115390,0.0,30年期国债期货,CFFEX,TL0
2025-07-18,106.005,106.05,105.965,105.99,44183,157810,0.0,5年期国债期货,CFFEX,TF0
2025-07-21,108.695,108.765,108.65,108.76,88280,194482,0.0,10年期国债期货,CFFEX,T0
2025-07-21,102.408,102.426,102.402,102.42,31667,111833,0.0,2年期国债期货,CFFEX,TS0
2025-07-21,120.21,120.24,119.77,119.97,118236,116352,0.0,30年期国债期货,CFFEX,TL0
2025-07-21,105.98,105.98,105.875,105.955,72060,161702,0.0,5年期国债期货,CFFEX,TF0
2025-07-22,108.76,108.79,108.61,108.635,73335,195597,0.0,10年期国债期货,CFFEX,T0
2025-07-22,102.42,102.442,102.408,102.408,35381,109371,0.0,2年期国债期货,CFFEX,TS0
2025-07-22,120.0,120.1,119.39,119.45,115909,117733,0.0,30年期国债期货,CFFEX,TL0
2025-07-22,105.95,105.985,105.87,105.885,58900,158525,0.0,5年期国债期货,CFFEX,TF0
2025-07-23,108.5,108.575,108.32,108.52,115034,193898,0.0,10年期国债期货,CFFEX,T0
2025-07-23,102.39,102.398,102.342,102.38,46570,107064,0.0,2年期国债期货,CFFEX,TS0
2025-07-23,118.9,119.53,118.69,119.27,154682,119912,0.0,30年期国债期货,CFFEX,TL0
2025-07-23,105.785,105.84,105.67,105.79,87176,157856,0.0,5年期国债期货,CFFEX,TF0
2025-07-24,108.445,108.45,108.21,108.22,90744,196329,0.0,10年期国债期货,CFFEX,T0
2025-07-24,102.366,102.366,102.3,102.304,55229,106090,0.0,2年期国债期货,CFFEX,TS0
2025-07-24,119.09,119.11,118.2,118.25,152329,122606,0.0,30年期国债期货,CFFEX,TL0
2025-07-24,105.72,105.75,105.575,105.585,88969,159796,0.0,5年期国债期货,CFFEX,TF0
2025-07-25,108.23,108.365,108.135,108.18,95427,196280,0.0,10年期国债期货,CFFEX,T0
2025-07-25,102.3,102.35,102.292,102.31,51371,104154,0.0,2年期国债期货,CFFEX,TS0
2025-07-25,118.35,118.66,117.85,117.95,157794,122337,0.0,30年期国债期货,CFFEX,TL0
2025-07-25,105.58,105.685,105.545,105.57,76382,158563,0.0,5年期国债期货,CFFEX,TF0
2025-07-28,108.38,108.445,108.24,108.395,78985,187839,0.0,10年期国债期货,CFFEX,T0
2025-07-28,102.336,102.374,102.33,102.362,43197,101434,0.0,2年期国债期货,CFFEX,TS0
2025-07-28,118.55,118.89,118.3,118.78,120609,120283,0.0,30年期国债期货,CFFEX,TL0
2025-07-28,105.67,105.75,105.61,105.72,71923,148362,0.0,5年期国债期货,CFFEX,TF0
2025-07-29,108.32,108.34,108.11,108.13,77831,187214,0.0,10年期国债期货,CFFEX,T0
2025-07-29,102.362,102.362,102.288,102.302,40325,98505,0.0,2年期国债期货,CFFEX,TS0
2025-07-29,118.66,118.66,117.8,117.87,140838,120771,0.0,30年期国债期货,CFFEX,TL0
2025-07-29,105.67,105.68,105.53,105.545,59938,148330,0.0,5年期国债期货,CFFEX,TF0
2025-07-30,108.2,108.34,108.095,108.3,86268,183354,0.0,10年期国债期货,CFFEX,T0
2025-07-30,102.31,102.358,102.3,102.336,38836,98577,0.0,2年期国债期货,CFFEX,TS0
2025-07-30,118.0,118.63,117.64,118.36,159171,115352,0.0,30年期国债期货,CFFEX,TL0
2025-07-30,105.6,105.665,105.52,105.63,72345,141731,0.0,5年期国债期货,CFFEX,TF0
2025-07-31,108.38,108.49,108.375,108.485,69263,181077,0.0,10年期国债期货,CFFEX,T0
2025-07-31,102.362,102.368,102.344,102.352,32979,96632,0.0,2年期国债期货,CFFEX,TS0
2025-07-31,118.7,119.2,118.7,119.12,130880,112741,0.0,30年期国债期货,CFFEX,TL0
2025-07-31,105.68,105.745,105.66,105.725,54371,138245,0.0,5年期国债期货,CFFEX,TF0
2025-08-01,108.395,108.535,108.385,108.435,64489,179297,0.0,10年期国债期货,CFFEX,T0
2025-08-01,102.346,102.372,102.322,102.348,30691,95014,0.0,2年期国债期货,CFFEX,TS0
2025-08-01,118.95,119.39,118.9,119.04,118932,112611,0.0,30年期国债期货,CFFEX,TL0
2025-08-01,105.715,105.785,105.67,105.72,52177,135441,0.0,5年期国债期货,CFFEX,TF0
2025-08-04,108.595,108.625,108.455,108.47,77910,175703,0.0,10年期国债期货,CFFEX,T0
2025-08-04,102.384,102.414,102.344,102.352,36387,90529,0.0,2年期国债期货,CFFEX,TS0
2025-08-04,119.7,119.8,119.12,119.19,122755,105770,0.0,30年期国债期货,CFFEX,TL0
2025-08-04,105.81,105.845,105.695,105.715,62616,128789,0.0,5年期国债期货,CFFEX,TF0
2025-08-05,108.47,108.595,108.44,108.54,69470,175137,0.0,10年期国债期货,CFFEX,T0
2025-08-05,102.358,102.366,102.342,102.348,30573,88731,0.0,2年期国债期货,CFFEX,TS0
2025-08-05,119.2,119.49,119.06,119.32,100131,102918,0.0,30年期国债期货,CFFEX,TL0
2025-08-05,105.7,105.78,105.69,105.755,52618,124770,0.0,5年期国债期货,CFFEX,TF0
2025-08-06,108.51,108.635,108.485,108.555,64393,170929,0.0,10年期国债期货,CFFEX,T0
2025-08-06,102.348,102.4,102.342,102.37,27216,86480,0.0,2年期国债期货,CFFEX,TS0
2025-08-06,119.22,119.49,119.17,119.33,78797,100822,0.0,30年期国债期货,CFFEX,TL0
2025-08-06,105.755,105.835,105.715,105.775,47098,121825,0.0,5年期国债期货,CFFEX,TF0
2025-08-07,108.61,108.68,108.58,108.615,57041,168650,0.0,10年期国债期货,CFFEX,T0
2025-08-07,102.39,102.402,102.364,102.374,31989,83781,0.0,2年期国债期货,CFFEX,TS0
2025-08-07,119.41,119.68,119.23,119.38,99214,96898,0.0,30年期国债期货,CFFEX,TL0
2025-08-07,105.8,105.875,105.795,105.83,50196,116886,0.0,5年期国债期货,CFFEX,TF0
2025-08-08,108.67,108.7,108.57,108.64,59254,165949,0.0,10年期国债期货,CFFEX,T0
2025-08-08,102.392,102.406,102.36,102.384,26388,82081,0.0,2年期国债期货,CFFEX,TS0
2025-08-08,119.5,119.6,119.11,119.32,88744,93769,0.0,30年期国债期货,CFFEX,TL0
2025-08-08,105.895,105.9,105.8,105.84,48873,111905,0.0,5年期国债期货,CFFEX,TF0
2025-08-11,108.59,108.61,108.42,108.495,76606,157180,0.0,10年期国债期货,CFFEX,T0
2025-08-11,102.374,102.378,102.344,102.364,34103,78794,0.0,2年期国债期货,CFFEX,TS0
2025-08-11,119.14,119.14,118.4,118.6,111356,92576,0.0,30年期国债期货,CFFEX,TL0
2025-08-11,105.8,105.82,105.7,105.735,56309,108276,0.0,5年期国债期货,CFFEX,TF0
2025-08-12,108.455,108.505,108.32,108.42,76952,147011,0.0,10年期国债期货,CFFEX,T0
2025-08-12,102.36,102.36,102.314,102.338,34415,77237,0.0,2年期国债期货,CFFEX,TS0
2025-08-12,118.46,118.59,117.91,118.14,123182,87516,0.0,30年期国债期货,CFFEX,TL0
2025-08-12,105.72,105.735,105.645,105.715,48505,104785,0.0,5年期国债期货,CFFEX,TF0
2025-08-13,108.355,108.485,108.305,108.435,77715,138589,0.0,10年期国债期货,CFFEX,T0
2025-08-13,102.34,102.384,102.336,102.368,39500,71681,0.0,2年期国债期货,CFFEX,TS0
2025-08-13,117.76,118.44,117.67,118.27,125564,81087,0.0,30年期国债期货,CFFEX,TL0
2025-08-13,105.68,105.77,105.64,105.745,47424,100973,0.0,5年期国债期货,CFFEX,TF0
2025-08-14,108.405,108.415,108.27,108.325,98705,125366,0.0,10年期国债期货,CFFEX,T0
2025-08-14,102.368,102.376,102.332,102.348,39613,68736,0.0,2年期国债期货,CFFEX,TS0
2025-08-14,118.13,118.15,117.47,117.88,149979,72378,0.0,30年期国债期货,CFFEX,TL0
2025-08-14,105.74,105.74,105.635,105.665,69601,94193,0.0,5年期国债期货,CFFEX,TF0
2025-08-15,108.375,108.435,108.29,108.295,67199,119479,0.0,10年期国债期货,CFFEX,T0
2025-08-15,102.35,102.366,102.342,102.346,33730,65958,0.0,2年期国债期货,CFFEX,TS0
2025-08-15,118.0,118.17,117.45,117.48,116848,69339,0.0,30年期国债期货,CFFEX,TL0
2025-08-15,105.7,105.76,105.65,105.66,61238,85777,0.0,5年期国债期货,CFFEX,TF0
2025-08-18,108.12,108.15,107.97,108.015,90469,107322,0.0,10年期国债期货,CFFEX,T0
2025-08-18,102.32,102.32,102.254,102.304,46079,61412,0.0,2年期国债期货,CFFEX,TS0
2025-08-18,116.41,116.5,115.42,115.49,97304,81911,0.0,30年期国债期货,CFFEX,TL0
2025-08-18,105.53,105.555,105.445,105.455,70226,86134,0.0,5年期国债期货,CFFEX,TF0
2025-08-19,107.97,108.0,107.84,107.95,63773,134497,0.0,10年期国债期货,CFFEX,T0
2025-08-19,102.314,102.338,102.296,102.332,42838,53013,0.0,2年期国债期货,CFFEX,TS0
2025-08-19,115.8,116.14,115.47,116.06,99746,87722,0.0,30年期国债期货,CFFEX,TL0
2025-08-19,105.5,105.565,105.44,105.54,76923,73083,0.0,5年期国债期货,CFFEX,TF0
2025-08-20,108.04,108.09,107.705,107.73,59731,145401,0.0,10年期国债期货,CFFEX,T0
2025-08-20,102.35,102.52,102.308,102.326,48745,42675,0.0,2年期国债期货,CFFEX,TS0
2025-08-20,116.36,116.48,115.36,115.54,117246,93925,0.0,30年期国债期货,CFFEX,TL0
2025-08-20,105.505,105.585,105.33,105.37,57558,95080,0.0,5年期国债期货,CFFEX,TF0
2025-08-21,107.74,107.89,107.64,107.875,71435,152548,0.0,10年期国债期货,CFFEX,T0
2025-08-21,102.3,102.354,102.3,102.348,28475,55091,0.0,2年期国债期货,CFFEX,TS0
2025-08-21,115.48,116.24,115.31,116.11,166523,104325,0.0,30年期国债期货,CFFEX,TL0
2025-08-21,105.34,105.465,105.305,105.45,80003,104119,0.0,5年期国债期货,CFFEX,TF0
2025-08-22,107.82,107.905,107.625,107.66,102107,161039,0.0,10年期国债期货,CFFEX,T0
2025-08-22,102.34,102.362,102.312,102.322,31183,60027,0.0,2年期国债期货,CFFEX,TS0
2025-08-22,116.03,116.44,115.77,115.98,176116,110095,0.0,30年期国债期货,CFFEX,TL0
2025-08-22,105.43,105.47,105.345,105.37,60045,107647,0.0,5年期国债期货,CFFEX,TF0
2025-08-25,107.58,107.97,107.555,107.95,110003,170744,0.0,10年期国债期货,CFFEX,T0
2025-08-25,102.312,102.42,102.304,102.416,43392,63253,0.0,2年期国债期货,CFFEX,TS0
2025-08-25,115.68,116.9,115.6,116.8,170513,122162,0.0,30年期国债期货,CFFEX,TL0
2025-08-25,105.3,105.55,105.3,105.53,75781,106631,0.0,5年期国债期货,CFFEX,TF0
2025-08-26,107.93,108.005,107.825,107.995,95243,173379,0.0,10年期国债期货,CFFEX,T0
2025-08-26,102.416,102.418,102.364,102.4,32930,64796,0.0,2年期国债期货,CFFEX,TS0
2025-08-26,116.95,117.31,116.66,117.27,140975,124063,0.0,30年期国债期货,CFFEX,TL0
2025-08-26,105.555,105.575,105.465,105.56,70567,107858,0.0,5年期国债期货,CFFEX,TF0
2025-08-27,107.955,108.04,107.865,108.02,99199,175035,0.0,10年期国债期货,CFFEX,T0
2025-08-27,102.4,102.41,102.364,102.406,27789,65408,0.0,2年期国债期货,CFFEX,TS0
2025-08-27,117.12,117.4,116.83,117.4,163183,122915,0.0,30年期国债期货,CFFEX,TL0
2025-08-27,105.52,105.59,105.49,105.59,62229,109817,0.0,5年期国债期货,CFFEX,TF0
2025-08-28,107.96,108.005,107.78,107.795,80900,172535,0.0,10年期国债期货,CFFEX,T0
2025-08-28,102.412,102.412,102.36,102.37,27564,64779,0.0,2年期国债期货,CFFEX,TS0
2025-08-28,117.32,117.33,116.42,116.46,163784,119002,0.0,30年期国债期货,CFFEX,TL0
2025-08-28,105.57,105.57,105.445,105.46,59475,111749,0.0,5年期国债期货,CFFEX,TF0
2025-08-29,107.795,107.89,107.77,107.81,73717,177634,0.0,10年期国债期货,CFFEX,T0
2025-08-29,102.374,102.432,102.37,102.418,33435,66599,0.0,2年期国债期货,CFFEX,TS0
2025-08-29,116.48,116.83,116.35,116.55,141214,120662,0.0,30年期国债期货,CFFEX,TL0
2025-08-29,105.46,105.54,105.445,105.515,56279,113301,0.0,5年期国债期货,CFFEX,TF0
2025-09-01,107.785,108.01,107.7,108.0,84189,185116,0.0,10年期国债期货,CFFEX,T0
2025-09-01,102.408,102.438,102.39,102.436,25178,67204,0.0,2年期国债期货,CFFEX,TS0
2025-09-01,116.43,116.99,116.31,116.91,121725,125481,0.0,30年期国债期货,CFFEX,TL0
2025-09-01,105.48,105.61,105.455,105.595,60563,113156,0.0,5年期国债期货,CFFEX,TF0
2025-09-02,108.005,108.015,107.9,107.955,60757,183369,0.0,10年期国债期货,CFFEX,T0
2025-09-02,102.43,102.442,102.404,102.412,21492,65927,0.0,2年期国债期货,CFFEX,TS0
2025-09-02,116.96,117.04,116.51,116.68,116176,120185,0.0,30年期国债期货,CFFEX,TL0
2025-09-02,105.585,105.62,105.535,105.57,52692,114612,0.0,5年期国债期货,CFFEX,TF0
2025-09-03,108.015,108.175,108.0,108.16,86857,191224,0.0,10年期国债期货,CFFEX,T0
2025-09-03,102.42,102.454,102.418,102.448,25604,67729,0.0,2年期国债期货,CFFEX,TS0
2025-09-03,116.85,117.24,116.63,117.15,156936,123261,0.0,30年期国债期货,CFFEX,TL0
2025-09-03,105.585,105.725,105.585,105.725,62433,115907,0.0,5年期国债期货,CFFEX,TF0
2025-09-04,108.245,108.32,108.215,108.26,83913,195378,0.0,10年期国债期货,CFFEX,T0
2025-09-04,102.454,102.48,102.426,102.432,31545,68716,0.0,2年期国债期货,CFFEX,TS0
2025-09-04,117.45,117.59,117.24,117.33,135244,120284,0.0,30年期国债期货,CFFEX,TL0
2025-09-04,105.78,105.795,105.725,105.755,62934,118593,0.0,5年期国债期货,CFFEX,TF0
2025-09-05,108.2,108.24,107.885,107.95,92512,195901,0.0,10年期国债期货,CFFEX,T0
2025-09-05,102.426,102.428,102.376,102.394,32921,66806,0.0,2年期国债期货,CFFEX,TS0
2025-09-05,117.15,117.22,116.21,116.35,169741,122575,0.0,30年期国债期货,CFFEX,TL0
2025-09-05,105.68,105.72,105.565,105.59,75029,115186,0.0,5年期国债期货,CFFEX,TF0
2025-09-08,107.86,107.92,107.795,107.865,79696,197661,0.0,10年期国债期货,CFFEX,T0
2025-09-08,102.39,102.412,102.346,102.396,38703,66797,0.0,2年期国债期货,CFFEX,TS0
2025-09-08,116.06,116.39,115.84,116.06,143614,128882,0.0,30年期国债期货,CFFEX,TL0
2025-09-08,105.51,105.615,105.51,105.585,68859,119506,0.0,5年期国债期货,CFFEX,TF0
2025-09-09,107.835,107.855,107.755,107.775,69688,199635,0.0,10年期国债期货,CFFEX,T0
2025-09-09,102.386,102.402,102.378,102.378,27581,66366,0.0,2年期国债期货,CFFEX,TS0
2025-09-09,116.05,116.05,115.67,115.72,133188,124289,0.0,30年期国债期货,CFFEX,TL0
2025-09-09,105.58,105.61,105.525,105.57,53634,120858,0.0,5年期国债期货,CFFEX,TF0
2025-09-10,107.745,107.775,107.47,107.49,95849,204788,0.0,10年期国债期货,CFFEX,T0
2025-09-10,102.384,102.384,102.336,102.35,31051,66548,0.0,2年期国债期货,CFFEX,TS0
2025-09-10,115.52,115.7,114.73,114.76,169437,133236,0.0,30年期国债期货,CFFEX,TL0
2025-09-10,105.535,105.57,105.425,105.425,64907,121420,0.0,5年期国债期货,CFFEX,TF0
2025-09-11,107.555,107.74,107.4,107.58,126053,209793,0.0,10年期国债期货,CFFEX,T0
2025-09-11,102.354,102.436,102.346,102.41,35011,66729,0.0,2年期国债期货,CFFEX,TS0
2025-09-11,114.85,115.17,114.35,114.74,206743,135176,0.0,30年期国债期货,CFFEX,TL0
2025-09-11,105.45,105.64,105.425,105.59,82561,124086,0.0,5年期国债期货,CFFEX,TF0
2025-09-12,107.595,107.725,107.555,107.71,103800,207873,0.0,10年期国债期货,CFFEX,T0
2025-09-12,102.41,102.41,102.352,102.38,34239,65144,0.0,2年期国债期货,CFFEX,TS0
2025-09-12,114.79,115.28,114.68,115.27,150180,142309,0.0,30年期国债期货,CFFEX,TL0
2025-09-12,105.57,105.63,105.53,105.6,71456,118734,0.0,5年期国债期货,CFFEX,TF0
2025-09-15,107.69,107.875,107.67,107.805,94600,211649,0.0,10年期国债期货,CFFEX,T0
2025-09-15,102.366,102.39,102.348,102.376,24122,66544,0.0,2年期国债期货,CFFEX,TS0
2025-09-15,115.26,115.67,115.14,115.4,111024,141755,0.0,30年期国债期货,CFFEX,TL0
2025-09-15,105.58,105.68,105.57,105.655,54025,117782,0.0,5年期国债期货,CFFEX,TF0
2025-09-16,107.68,108.085,107.58,108.0,138741,216284,0.0,10年期国债期货,CFFEX,T0
2025-09-16,102.36,102.43,102.342,102.414,43740,71651,0.0,2年期国债期货,CFFEX,TS0
2025-09-16,114.87,115.69,114.53,115.48,177470,147371,0.0,30年期国债期货,CFFEX,TL0
2025-09-16,105.6,105.835,105.55,105.795,89826,126384,0.0,5年期国债期货,CFFEX,TF0
2025-09-17,107.985,108.165,107.915,108.155,101611,222606,0.0,10年期国债期货,CFFEX,T0
2025-09-17,102.406,102.46,102.388,102.456,38558,72319,0.0,2年期国债期货,CFFEX,TS0
2025-09-17,115.44,115.92,115.25,115.88,132135,144877,0.0,30年期国债期货,CFFEX,TL0
2025-09-17,105.76,105.89,105.72,105.89,70704,129236,0.0,5年期国债期货,CFFEX,TF0
2025-09-18,108.065,108.125,107.985,108.08,93558,225245,0.0,10年期国债期货,CFFEX,T0
2025-09-18,102.438,102.448,102.4,102.41,34264,70060,0.0,2年期国债期货,CFFEX,TS0
2025-09-18,115.7,115.85,115.47,115.62,129045,147099,0.0,30年期国债期货,CFFEX,TL0
2025-09-18,105.84,105.875,105.795,105.82,64176,132495,0.0,5年期国债期货,CFFEX,TF0
2025-09-19,108.08,108.125,107.69,107.835,140197,224231,0.0,10年期国债期货,CFFEX,T0
2025-09-19,102.42,102.42,102.34,102.364,35797,68220,0.0,2年期国债期货,CFFEX,TS0
2025-09-19,115.64,115.88,114.7,114.8,179539,146907,0.0,30年期国债期货,CFFEX,TL0
2025-09-19,105.82,105.82,105.58,105.675,92239,130361,0.0,5年期国债期货,CFFEX,TF0
2025-09-22,107.81,107.985,107.805,107.975,79097,226111,0.0,10年期国债期货,CFFEX,T0
2025-09-22,102.37,102.404,102.358,102.398,28858,69343,0.0,2年期国债期货,CFFEX,TS0
2025-09-22,114.9,115.28,114.85,115.13,113691,147058,0.0,30年期国债期货,CFFEX,TL0
2025-09-22,105.675,105.78,105.66,105.77,50317,133337,0.0,5年期国债期货,CFFEX,TF0
2025-09-23,107.905,107.91,107.64,107.715,110179,221376,0.0,10年期国债期货,CFFEX,T0
2025-09-23,102.394,102.394,102.338,102.346,38495,67845,0.0,2年期国债期货,CFFEX,TS0
2025-09-23,114.95,114.95,114.2,114.32,154093,143963,0.0,30年期国债期货,CFFEX,TL0
2025-09-23,105.73,105.73,105.55,105.625,81508,126182,0.0,5年期国债期货,CFFEX,TF0
2025-09-24,107.78,107.805,107.575,107.65,91005,220655,0.0,10年期国债期货,CFFEX,T0
2025-09-24,102.34,102.414,102.312,102.322,32836,68352,0.0,2年期国债期货,CFFEX,TS0
2025-09-24,114.51,114.55,113.88,114.07,138791,145630,0.0,30年期国债期货,CFFEX,TL0
2025-09-24,105.625,105.675,105.52,105.565,60601,128267,0.0,5年期国债期货,CFFEX,TF0
2025-09-25,107.6,107.645,107.345,107.61,131434,217758,0.0,10年期国债期货,CFFEX,T0
2025-09-25,102.306,102.326,102.268,102.314,39540,69740,0.0,2年期国债期货,CFFEX,TS0
2025-09-25,113.84,114.22,113.35,114.11,160255,151090,0.0,30年期国债期货,CFFEX,TL0
2025-09-25,105.51,105.56,105.355,105.525,80972,133244,0.0,5年期国债期货,CFFEX,TF0
2025-09-26,107.655,107.73,107.61,107.68,81745,219928,0.0,10年期国债期货,CFFEX,T0
2025-09-26,102.314,102.358,102.314,102.342,32311,68972,0.0,2年期国债期货,CFFEX,TS0
2025-09-26,114.23,114.47,114.07,114.19,111562,147413,0.0,30年期国债期货,CFFEX,TL0
2025-09-26,105.535,105.615,105.505,105.54,60231,132425,0.0,5年期国债期货,CFFEX,TF0
2025-09-29,107.705,107.79,107.615,107.66,85459,220976,0.0,10年期国债期货,CFFEX,T0
2025-09-29,102.35,102.372,102.322,102.326,26973,68078,0.0,2年期国债期货,CFFEX,TS0
2025-09-29,114.35,114.5,113.62,113.72,127403,146130,0.0,30年期国债期货,CFFEX,TL0
2025-09-29,105.575,105.645,105.465,105.485,68631,130261,0.0,5年期国债期货,CFFEX,TF0
2025-09-30,107.645,108.0,107.625,107.845,91682,221887,0.0,10年期国债期货,CFFEX,T0
2025-09-30,102.32,102.396,102.316,102.372,29604,66797,0.0,2年期国债期货,CFFEX,TS0
2025-09-30,113.6,114.27,113.34,113.9,135369,145443,0.0,30年期国债期货,CFFEX,TL0
2025-09-30,105.495,105.71,105.47,105.63,62260,131782,0.0,5年期国债期货,CFFEX,TF0
2025-10-09,107.855,108.095,107.81,108.045,73515,223544,0.0,10年期国债期货,CFFEX,T0
2025-10-09,102.36,102.426,102.36,102.394,29898,67041,0.0,2年期国债期货,CFFEX,TS0
2025-10-09,113.8,114.61,113.8,114.53,97276,148313,0.0,30年期国债期货,CFFEX,TL0
2025-10-09,105.6,105.775,105.6,105.73,51620,130612,0.0,5年期国债期货,CFFEX,TF0
2025-10-10,108.075,108.125,107.92,107.98,68299,222088,0.0,10年期国债期货,CFFEX,T0
2025-10-10,102.41,102.41,102.344,102.354,30556,66016,0.0,2年期国债期货,CFFEX,TS0
2025-10-10,114.59,114.72,113.9,113.97,108237,147131,0.0,30年期国债期货,CFFEX,TL0
2025-10-10,105.75,105.765,105.63,105.65,50839,127064,0.0,5年期国债期货,CFFEX,TF0
2025-10-13,108.155,108.23,108.01,108.065,85927,223514,0.0,10年期国债期货,CFFEX,T0
2025-10-13,102.39,102.396,102.352,102.37,31658,65877,0.0,2年期国债期货,CFFEX,TS0
2025-10-13,114.7,114.82,114.25,114.44,124744,144977,0.0,30年期国债期货,CFFEX,TL0
2025-10-13,105.755,105.795,105.645,105.685,60280,127796,0.0,5年期国债期货,CFFEX,TF0
2025-10-14,107.975,108.28,107.865,108.17,125811,233798,0.0,10年期国债期货,CFFEX,T0
2025-10-14,102.354,102.4,102.336,102.384,32167,65965,0.0,2年期国债期货,CFFEX,TS0
2025-10-14,114.05,114.87,113.63,114.76,155935,151894,0.0,30年期国债期货,CFFEX,TL0
2025-10-14,105.63,105.805,105.585,105.775,73462,136437,0.0,5年期国债期货,CFFEX,TF0
2025-10-15,108.105,108.2,108.015,108.13,89364,226256,0.0,10年期国债期货,CFFEX,T0
2025-10-15,102.382,102.384,102.354,102.382,24518,65302,0.0,2年期国债期货,CFFEX,TS0
2025-10-15,114.45,114.85,114.22,114.58,122948,148059,0.0,30年期国债期货,CFFEX,TL0
2025-10-15,105.74,105.755,105.655,105.73,47109,137487,0.0,5年期国债期货,CFFEX,TF0
2025-10-16,108.115,108.215,108.11,108.165,62951,230412,0.0,10年期国债期货,CFFEX,T0
2025-10-16,102.382,102.394,102.362,102.362,26753,65806,0.0,2年期国债期货,CFFEX,TS0
2025-10-16,114.66,115.18,114.55,114.96,110395,151813,0.0,30年期国债期货,CFFEX,TL0
2025-10-16,105.71,105.745,105.69,105.705,42876,138574,0.0,5年期国债期货,CFFEX,TF0
2025-10-17,108.215,108.295,108.16,108.295,75516,234322,0.0,10年期国债期货,CFFEX,T0
2025-10-17,102.362,102.388,102.36,102.378,23759,66127,0.0,2年期国债期货,CFFEX,TS0
2025-10-17,115.22,115.88,115.19,115.87,126789,152115,0.0,30年期国债期货,CFFEX,TL0
2025-10-17,105.74,105.79,105.71,105.78,47873,141514,0.0,5年期国债期货,CFFEX,TF0
2025-10-20,108.185,108.19,108.05,108.11,76613,229313,0.0,10年期国债期货,CFFEX,T0
2025-10-20,102.37,102.372,102.332,102.334,30665,66838,0.0,2年期国债期货,CFFEX,TS0
2025-10-20,115.58,115.67,115.26,115.3,113580,147792,0.0,30年期国债期货,CFFEX,TL0
2025-10-20,105.73,105.74,105.63,105.655,54788,134150,0.0,5年期国债期货,CFFEX,TF0
2025-10-21,108.07,108.15,108.01,108.145,76221,231957,0.0,10年期国债期货,CFFEX,T0
2025-10-21,102.334,102.374,102.328,102.372,25832,68457,0.0,2年期国债期货,CFFEX,TS0
2025-10-21,115.24,115.62,115.06,115.59,124727,148502,0.0,30年期国债期货,CFFEX,TL0
2025-10-21,105.635,105.72,105.635,105.715,45116,135910,0.0,5年期国债期货,CFFEX,TF0
2025-10-22,108.175,108.225,108.105,108.145,66248,235248,0.0,10年期国债期货,CFFEX,T0
2025-10-22,102.372,102.376,102.34,102.358,24145,67207,0.0,2年期国债期货,CFFEX,TS0
2025-10-22,115.71,115.79,115.31,115.61,113354,143676,0.0,30年期国债期货,CFFEX,TL0
2025-10-22,105.72,105.75,105.68,105.735,40005,135179,0.0,5年期国债期货,CFFEX,TF0
2025-10-23,108.145,108.215,108.03,108.035,76898,227757,0.0,10年期国债期货,CFFEX,T0
2025-10-23,102.362,102.382,102.332,102.336,32327,67474,0.0,2年期国债期货,CFFEX,TS0
2025-10-23,115.56,115.78,115.13,115.21,136162,139600,0.0,30年期国债期货,CFFEX,TL0
2025-10-23,105.74,105.77,105.635,105.645,59535,130366,0.0,5年期国债期货,CFFEX,TF0
2025-10-24,108.0,108.065,107.97,108.005,67873,226955,0.0,10年期国债期货,CFFEX,T0
2025-10-24,102.336,102.348,102.33,102.332,26194,67172,0.0,2年期国债期货,CFFEX,TS0
2025-10-24,115.0,115.35,114.9,115.01,127270,139066,0.0,30年期国债期货,CFFEX,TL0
2025-10-24,105.61,105.665,105.6,105.615,46576,129424,0.0,5年期国债期货,CFFEX,TF0
2025-10-27,107.95,108.18,107.915,108.175,75942,229240,0.0,10年期国债期货,CFFEX,T0
2025-10-27,102.326,102.392,102.322,102.388,29975,67050,0.0,2年期国债期货,CFFEX,TS0
2025-10-27,114.73,115.42,114.61,115.4,113706,141776,0.0,30年期国债期货,CFFEX,TL0
2025-10-27,105.595,105.75,105.565,105.745,58124,134170,0.0,5年期国债期货,CFFEX,TF0
2025-10-28,108.295,108.455,108.295,108.415,75068,239193,0.0,10年期国债期货,CFFEX,T0
2025-10-28,102.416,102.484,102.416,102.466,39423,68940,0.0,2年期国债期货,CFFEX,TS0
2025-10-28,115.89,116.3,115.85,115.96,123331,147933,0.0,30年期国债期货,CFFEX,TL0
2025-10-28,105.825,105.935,105.825,105.895,67869,138248,0.0,5年期国债期货,CFFEX,TF0
2025-10-29,108.35,108.64,108.34,108.57,91358,246279,0.0,10年期国债期货,CFFEX,T0
2025-10-29,102.466,102.6,102.464,102.576,56118,71222,0.0,2年期国债期货,CFFEX,TS0
2025-10-29,115.9,116.31,115.8,115.83,125436,146041,0.0,30年期国债期货,CFFEX,TL0
2025-10-29,105.85,106.125,105.85,106.07,99318,149109,0.0,5年期国债期货,CFFEX,TF0
2025-10-30,108.58,108.68,108.545,108.63,68993,245110,0.0,10年期国债期货,CFFEX,T0
2025-10-30,102.566,102.586,102.548,102.554,33991,73541,0.0,2年期国债期货,CFFEX,TS0
2025-10-30,115.83,116.34,115.64,116.15,128226,144078,0.0,30年期国债期货,CFFEX,TL0
2025-10-30,106.07,106.11,106.03,106.065,54366,149269,0.0,5年期国债期货,CFFEX,TF0
2025-10-31,108.635,108.725,108.605,108.68,66178,242555,0.0,10年期国债期货,CFFEX,T0
2025-10-31,102.558,102.57,102.534,102.544,30841,72375,0.0,2年期国债期货,CFFEX,TS0
2025-10-31,116.35,116.74,116.31,116.68,103750,142750,0.0,30年期国债期货,CFFEX,TL0
2025-10-31,106.135,106.135,106.04,106.065,51145,149424,0.0,5年期国债期货,CFFEX,TF0
2025-11-03,108.65,108.71,108.58,108.68,65902,243868,0.0,10年期国债期货,CFFEX,T0
2025-11-03,102.54,102.546,102.496,102.516,24640,71166,0.0,2年期国债期货,CFFEX,TS0
2025-11-03,116.61,116.68,116.35,116.51,98827,137774,0.0,30年期国债期货,CFFEX,TL0
2025-11-03,106.04,106.08,106.01,106.05,52682,151286,0.0,5年期国债期货,CFFEX,TF0
2025-11-04,108.665,108.68,108.555,108.66,66835,240832,0.0,10年期国债期货,CFFEX,T0
2025-11-04,102.504,102.512,102.478,102.498,19329,70457,0.0,2年期国债期货,CFFEX,TS0
2025-11-04,116.48,116.59,116.34,116.52,86971,134287,0.0,30年期国债期货,CFFEX,TL0
2025-11-04,106.025,106.045,105.97,106.03,50509,149798,0.0,5年期国债期货,CFFEX,TF0
2025-11-05,108.715,108.75,108.6,108.62,56314,239203,0.0,10年期国债期货,CFFEX,T0
2025-11-05,102.522,102.522,102.474,102.484,18650,68692,0.0,2年期国债期货,CFFEX,TS0
2025-11-05,116.78,116.9,116.38,116.43,92949,132935,0.0,30年期国债期货,CFFEX,TL0
2025-11-05,106.07,106.08,105.98,106.01,40527,146110,0.0,5年期国债期货,CFFEX,TF0
2025-11-06,108.6,108.665,108.49,108.535,66747,237849,0.0,10年期国债期货,CFFEX,T0
2025-11-06,102.49,102.51,102.452,102.496,27505,69586,0.0,2年期国债期货,CFFEX,TS0
2025-11-06,116.33,116.5,116.01,116.11,101216,130749,0.0,30年期国债期货,CFFEX,TL0
2025-11-06,105.985,106.035,105.935,105.965,41155,145275,0.0,5年期国债期货,CFFEX,TF0
2025-11-07,108.58,108.595,108.445,108.445,54915,235609,0.0,10年期国债期货,CFFEX,T0
2025-11-07,102.5,102.51,102.464,102.47,26289,68065,0.0,2年期国债期货,CFFEX,TS0
2025-11-07,116.25,116.31,115.94,115.95,99783,127655,0.0,30年期国债期货,CFFEX,TL0
2025-11-07,106.01,106.01,105.905,105.91,44485,142419,0.0,5年期国债期货,CFFEX,TF0
2025-11-10,108.4,108.545,108.375,108.485,58830,231393,0.0,10年期国债期货,CFFEX,T0
2025-11-10,102.458,102.486,102.456,102.468,24929,67365,0.0,2年期国债期货,CFFEX,TS0
2025-11-10,115.82,116.46,115.78,116.28,96097,129150,0.0,30年期国债期货,CFFEX,TL0
2025-11-10,105.89,105.955,105.865,105.94,49109,138398,0.0,5年期国债期货,CFFEX,TF0
2025-11-11,108.51,108.59,108.47,108.475,52193,225549,0.0,10年期国债期货,CFFEX,T0
2025-11-11,102.476,102.482,102.454,102.462,28422,65702,0.0,2年期国债期货,CFFEX,TS0
2025-11-11,116.38,116.55,116.27,116.3,73470,125664,0.0,30年期国债期货,CFFEX,TL0
2025-11-11,105.95,105.985,105.925,105.935,48332,131787,0.0,5年期国债期货,CFFEX,TF0
2025-11-12,108.515,108.59,108.455,108.52,55607,221517,0.0,10年期国债期货,CFFEX,T0
2025-11-12,102.46,102.484,102.454,102.472,20087,64193,0.0,2年期国债期货,CFFEX,TS0
2025-11-12,116.4,116.66,116.22,116.45,87575,122816,0.0,30年期国债期货,CFFEX,TL0
2025-11-12,105.955,105.985,105.915,105.97,40159,131209,0.0,5年期国债期货,CFFEX,TF0
2025-11-13,108.51,108.51,108.4,108.41,70905,204914,0.0,10年期国债期货,CFFEX,T0
2025-11-13,102.46,102.478,102.458,102.462,19118,61292,0.0,2年期国债期货,CFFEX,TS0
2025-11-13,116.4,116.4,116.07,116.13,81516,113579,0.0,30年期国债期货,CFFEX,TL0
2025-11-13,105.945,105.96,105.87,105.885,58282,121756,0.0,5年期国债期货,CFFEX,TF0
2025-11-14,108.455,108.48,108.34,108.415,63609,194199,0.0,10年期国债期货,CFFEX,T0
2025-11-14,102.468,102.474,102.438,102.454,35578,54538,0.0,2年期国债期货,CFFEX,TS0
2025-11-14,116.25,116.29,115.95,116.16,80779,106857,0.0,30年期国债期货,CFFEX,TL0
2025-11-14,105.94,105.94,105.83,105.875,52534,114663,0.0,5年期国债期货,CFFEX,TF0
2025-11-17,108.41,108.525,108.39,108.485,62429,188350,0.0,10年期国债期货,CFFEX,T0
2025-11-17,102.438,102.49,102.438,102.48,32335,53201,0.0,2年期国债期货,CFFEX,TS0
2025-11-17,116.22,116.68,116.18,116.45,88270,103541,0.0,30年期国债期货,CFFEX,TL0
2025-11-17,105.875,105.915,105.845,105.905,48783,109191,0.0,5年期国债期货,CFFEX,TF0
2025-11-18,108.505,108.535,108.425,108.5,63673,177481,0.0,10年期国债期货,CFFEX,T0
2025-11-18,102.476,102.498,102.466,102.49,34723,50246,0.0,2年期国债期货,CFFEX,TS0
2025-11-18,116.56,116.63,116.38,116.53,89428,96614,0.0,30年期国债期货,CFFEX,TL0
2025-11-18,105.915,105.93,105.83,105.92,51916,100839,0.0,5年期国债期货,CFFEX,TF0
2025-11-19,108.48,108.48,108.365,108.425,66875,154751,0.0,10年期国债期货,CFFEX,T0
2025-11-19,102.486,102.488,102.456,102.462,28995,42295,0.0,2年期国债期货,CFFEX,TS0
2025-11-19,116.43,116.47,116.06,116.09,100953,80575,0.0,30年期国债期货,CFFEX,TL0
2025-11-19,105.895,105.905,105.845,105.88,54572,88573,0.0,5年期国债期货,CFFEX,TF0
2025-11-20,108.415,108.575,108.41,108.485,81803,135039,0.0,10年期国债期货,CFFEX,T0
2025-11-20,102.466,102.486,102.448,102.462,38948,33386,0.0,2年期国债期货,CFFEX,TS0
2025-11-20,115.82,116.1,115.65,115.66,55877,103145,0.0,30年期国债期货,CFFEX,TL0
2025-11-20,105.905,105.975,105.875,105.935,71725,74976,0.0,5年期国债期货,CFFEX,TF0
2025-11-21,108.255,108.33,108.185,108.24,92691,174950,0.0,10年期国债期货,CFFEX,T0
2025-11-21,102.428,102.434,102.39,102.41,29404,49655,0.0,2年期国债期货,CFFEX,TS0
2025-11-21,115.83,115.84,115.22,115.37,75186,109308,0.0,30年期国债期货,CFFEX,TL0
2025-11-21,105.95,106.005,105.88,105.905,63448,95582,0.0,5年期国债期货,CFFEX,TF0
2025-11-24,108.23,108.36,108.205,108.335,91478,210023,0.0,10年期国债期货,CFFEX,T0
2025-11-24,102.43,102.43,102.39,102.418,35982,57546,0.0,2年期国债期货,CFFEX,TS0
2025-11-24,115.29,115.65,115.21,115.58,73671,118918,0.0,30年期国债期货,CFFEX,TL0
2025-11-24,105.905,106.0,105.88,105.995,63276,114987,0.0,5年期国债期货,CFFEX,TF0
2025-11-25,108.295,108.345,108.205,108.22,115185,234165,0.0,10年期国债期货,CFFEX,T0
2025-11-25,102.408,102.434,102.4,102.422,33194,61793,0.0,2年期国债期货,CFFEX,TS0
2025-11-25,115.38,115.62,115.15,115.16,123788,135646,0.0,30年期国债期货,CFFEX,TL0
2025-11-25,105.995,106.02,105.93,105.98,82221,129492,0.0,5年期国债期货,CFFEX,TF0
2025-11-26,108.215,108.215,107.85,107.85,109822,229339,0.0,10年期国债期货,CFFEX,T0
2025-11-26,102.41,102.42,102.366,102.37,36107,61496,0.0,2年期国债期货,CFFEX,TS0
2025-11-26,115.08,115.12,114.28,114.29,139518,145430,0.0,30年期国债期货,CFFEX,TL0
2025-11-26,105.97,105.975,105.73,105.735,77238,132203,0.0,5年期国债期货,CFFEX,TF0
2025-11-27,107.935,107.965,107.865,107.895,75691,224127,0.0,10年期国债期货,CFFEX,T0
2025-11-27,102.388,102.402,102.354,102.39,29291,62593,0.0,2年期国债期货,CFFEX,TS0
2025-11-27,114.38,114.53,114.26,114.42,99298,147913,0.0,30年期国债期货,CFFEX,TL0
2025-11-27,105.775,105.81,105.73,105.77,58494,133066,0.0,5年期国债期货,CFFEX,TF0
2025-11-28,107.93,107.99,107.875,107.94,62864,221752,0.0,10年期国债期货,CFFEX,T0
2025-11-28,102.41,102.41,102.362,102.378,29517,63398,0.0,2年期国债期货,CFFEX,TS0
2025-11-28,114.56,114.74,114.32,114.49,92551,147390,0.0,30年期国债期货,CFFEX,TL0
2025-11-28,105.79,105.815,105.72,105.745,55733,131798,0.0,5年期国债期货,CFFEX,TF0
2025-12-01,107.92,108.09,107.85,108.04,82471,218091,0.0,10年期国债期货,CFFEX,T0
2025-12-01,102.37,102.416,102.362,102.412,29354,62472,0.0,2年期国债期货,CFFEX,TS0
2025-12-01,114.45,114.65,114.22,114.37,85367,148056,0.0,30年期国债期货,CFFEX,TL0
2025-12-01,105.745,105.855,105.675,105.84,55894,129701,0.0,5年期国债期货,CFFEX,TF0
2025-12-02,108.01,108.05,107.94,107.98,75576,223592,0.0,10年期国债期货,CFFEX,T0
2025-12-02,102.42,102.428,102.388,102.388,29140,62248,0.0,2年期国债期货,CFFEX,TS0
2025-12-02,114.35,114.4,113.8,113.89,121521,147176,0.0,30年期国债期货,CFFEX,TL0
2025-12-02,105.805,105.84,105.755,105.77,55541,129371,0.0,5年期国债期货,CFFEX,TF0
2025-12-03,108.025,108.06,107.965,108.04,78429,233603,0.0,10年期国债期货,CFFEX,T0
2025-12-03,102.39,102.428,102.39,102.42,25822,63278,0.0,2年期国债期货,CFFEX,TS0
2025-12-03,113.99,114.19,113.53,113.61,111292,148496,0.0,30年期国债期货,CFFEX,TL0
2025-12-03,105.815,105.865,105.79,105.85,65002,133321,0.0,5年期国债期货,CFFEX,TF0
2025-12-04,107.895,107.92,107.61,107.67,148085,226476,0.0,10年期国债期货,CFFEX,T0
2025-12-04,102.408,102.424,102.362,102.368,41390,65092,0.0,2年期国债期货,CFFEX,TS0
2025-12-04,112.9,113.08,112.24,112.45,224953,149390,0.0,30年期国债期货,CFFEX,TL0
2025-12-04,105.75,105.78,105.58,105.595,99144,131715,0.0,5年期国债期货,CFFEX,TF0
2025-12-05,107.77,107.955,107.695,107.87,101329,223661,0.0,10年期国债期货,CFFEX,T0
2025-12-05,102.372,102.418,102.372,102.418,30893,62402,0.0,2年期国债期货,CFFEX,TS0
2025-12-05,112.61,112.74,111.98,112.51,163676,145604,0.0,30年期国债期货,CFFEX,TL0
2025-12-05,105.64,105.785,105.64,105.755,79563,130652,0.0,5年期国债期货,CFFEX,TF0
2025-12-08,107.87,107.97,107.77,107.91,98368,220650,0.0,10年期国债期货,CFFEX,T0
2025-12-08,102.42,102.432,102.39,102.412,37890,63621,0.0,2年期国债期货,CFFEX,TS0
2025-12-08,112.41,112.55,111.69,112.24,175328,146327,0.0,30年期国债期货,CFFEX,TL0
2025-12-08,105.725,105.77,105.645,105.745,72291,130770,0.0,5年期国债期货,CFFEX,TF0
2025-12-09,107.99,108.025,107.92,107.98,75883,220366,0.0,10年期国债期货,CFFEX,T0
2025-12-09,102.43,102.434,102.41,102.43,30157,64994,0.0,2年期国债期货,CFFEX,TS0
2025-12-09,112.55,112.68,112.3,112.59,110374,145238,0.0,30年期国债期货,CFFEX,TL0
2025-12-09,105.79,105.805,105.73,105.785,57038,130042,0.0,5年期国债期货,CFFEX,TF0
2025-12-10,107.94,108.075,107.92,108.03,70066,220683,0.0,10年期国债期货,CFFEX,T0
2025-12-10,102.424,102.468,102.416,102.456,36879,70758,0.0,2年期国债期货,CFFEX,TS0
2025-12-10,112.33,113.03,112.3,112.79,121630,145342,0.0,30年期国债期货,CFFEX,TL0
2025-12-10,105.775,105.83,105.745,105.825,53764,129569,0.0,5年期国债期货,CFFEX,TF0
2025-12-11,108.07,108.165,108.045,108.1,74633,226712,0.0,10年期国债期货,CFFEX,T0
2025-12-11,102.476,102.496,102.47,102.474,35382,72851,0.0,2年期国债期货,CFFEX,TS0
2025-12-11,113.08,113.35,112.97,113.19,108478,146100,0.0,30年期国债期货,CFFEX,TL0
2025-12-11,105.83,105.93,105.83,105.885,68556,130354,0.0,5年期国债期货,CFFEX,TF0
2025-12-12,108.175,108.21,107.935,107.985,97516,220889,0.0,10年期国债期货,CFFEX,T0
2025-12-12,102.494,102.498,102.446,102.464,33277,72759,0.0,2年期国债期货,CFFEX,TS0
2025-12-12,113.53,113.6,112.46,112.47,168476,142640,0.0,30年期国债期货,CFFEX,TL0
2025-12-12,105.925,105.965,105.785,105.82,74759,126377,0.0,5年期国债期货,CFFEX,TF0
2025-12-15,107.985,108.07,107.805,107.87,101896,221740,0.0,10年期国债期货,CFFEX,T0
2025-12-15,102.46,102.486,102.43,102.454,36811,75038,0.0,2年期国债期货,CFFEX,TS0
2025-12-15,112.25,112.41,111.43,111.53,160418,145679,0.0,30年期国债期货,CFFEX,TL0
2025-12-15,105.785,105.895,105.73,105.785,78602,129353,0.0,5年期国债期货,CFFEX,TF0
2025-12-16,107.875,107.96,107.815,107.905,77265,222506,0.0,10年期国债期货,CFFEX,T0
2025-12-16,102.454,102.46,102.414,102.426,34784,73564,0.0,2年期国债期货,CFFEX,TS0
2025-12-16,111.52,111.9,111.28,111.39,148857,146205,0.0,30年期国债期货,CFFEX,TL0
2025-12-16,105.825,105.825,105.745,105.795,67776,132812,0.0,5年期国债期货,CFFEX,TF0
2025-12-17,107.945,108.05,107.905,108.005,72309,223762,0.0,10年期国债期货,CFFEX,T0
2025-12-17,102.432,102.444,102.414,102.434,24444,72620,0.0,2年期国债期货,CFFEX,TS0
2025-12-17,111.57,112.15,111.54,112.14,126024,144305,0.0,30年期国债期货,CFFEX,TL0
2025-12-17,105.805,105.855,105.755,105.84,56518,133958,0.0,5年期国债期货,CFFEX,TF0
2025-12-18,107.99,108.085,107.945,108.01,75552,226853,0.0,10年期国债期货,CFFEX,T0
2025-12-18,102.436,102.46,102.426,102.442,33544,73476,0.0,2年期国债期货,CFFEX,TS0
2025-12-18,112.22,112.6,111.97,112.25,119192,142795,0.0,30年期国债期货,CFFEX,TL0
2025-12-18,105.83,105.895,105.79,105.85,59632,135221,0.0,5年期国债期货,CFFEX,TF0
2025-12-19,108.02,108.15,108.015,108.15,56042,230923,0.0,10年期国债期货,CFFEX,T0
2025-12-19,102.454,102.496,102.446,102.49,32602,75908,0.0,2年期国债期货,CFFEX,TS0
2025-12-19,112.25,112.66,111.99,112.66,103606,141922,0.0,30年期国债期货,CFFEX,TL0
2025-12-19,105.86,105.975,105.86,105.97,55498,143362,0.0,5年期国债期货,CFFEX,TF0
2025-12-22,108.11,108.14,107.895,107.98,85093,226386,0.0,10年期国债期货,CFFEX,T0
2025-12-22,102.488,102.492,102.452,102.464,35943,76460,0.0,2年期国债期货,CFFEX,TS0
2025-12-22,112.46,112.55,111.73,111.98,113123,144814,0.0,30年期国债期货,CFFEX,TL0
2025-12-22,105.96,105.99,105.83,105.86,64185,141789,0.0,5年期国债期货,CFFEX,TF0
2025-12-23,107.99,108.235,107.965,108.22,98526,241505,0.0,10年期国债期货,CFFEX,T0
2025-12-23,102.462,102.54,102.462,102.526,35332,78913,0.0,2年期国债期货,CFFEX,TS0
2025-12-23,111.93,112.92,111.86,112.83,140734,145354,0.0,30年期国债期货,CFFEX,TL0
2025-12-23,105.84,106.06,105.84,106.025,78932,152762,0.0,5年期国债期货,CFFEX,TF0
2025-12-24,108.195,108.245,108.145,108.23,69143,243501,0.0,10年期国债期货,CFFEX,T0
2025-12-24,102.512,102.532,102.502,102.526,26501,78530,0.0,2年期国债期货,CFFEX,TS0
2025-12-24,112.72,113.06,112.65,112.84,110763,144066,0.0,30年期国债期货,CFFEX,TL0
2025-12-24,106.015,106.05,105.965,106.025,54708,154522,0.0,5年期国债期货,CFFEX,TF0
2025-12-25,108.21,108.25,108.17,108.195,56411,247563,0.0,10年期国债期货,CFFEX,T0
2025-12-25,102.532,102.542,102.51,102.51,30026,78241,0.0,2年期国债期货,CFFEX,TS0
2025-12-25,112.91,113.1,112.43,112.51,95007,143219,0.0,30年期国债期货,CFFEX,TL0
2025-12-25,106.01,106.045,105.985,105.99,49022,156449,0.0,5年期国债期货,CFFEX,TF0
2025-12-26,108.2,108.33,108.195,108.3,67379,253517,0.0,10年期国债期货,CFFEX,T0
2025-12-26,102.516,102.57,102.49,102.548,34738,79076,0.0,2年期国债期货,CFFEX,TS0
2025-12-26,112.55,113.05,112.53,112.96,100326,144577,0.0,30年期国债期货,CFFEX,TL0
2025-12-26,106.015,106.11,105.98,106.05,57873,161245,0.0,5年期国债期货,CFFEX,TF0
2025-12-29,108.235,108.27,107.94,107.975,119385,235832,0.0,10年期国债期货,CFFEX,T0
2025-12-29,102.556,102.556,102.46,102.476,44357,76590,0.0,2年期国债期货,CFFEX,TS0
2025-12-29,112.88,112.95,111.37,111.82,142925,143389,0.0,30年期国债期货,CFFEX,TL0
2025-12-29,106.01,106.035,105.76,105.84,89420,150788,0.0,5年期国债期货,CFFEX,TF0
2025-12-30,107.99,108.01,107.92,107.94,72012,230292,0.0,10年期国债期货,CFFEX,T0
2025-12-30,102.486,102.5,102.466,102.486,41373,76130,0.0,2年期国债期货,CFFEX,TS0
2025-12-30,111.76,111.99,111.64,111.83,83303,141079,0.0,30年期国债期货,CFFEX,TL0
2025-12-30,105.88,105.88,105.78,105.815,67932,147315,0.0,5年期国债期货,CFFEX,TF0
2025-12-31,107.995,107.995,107.715,107.86,93519,223646,0.0,10年期国债期货,CFFEX,T0
2025-12-31,102.482,102.49,102.422,102.454,39159,74199,0.0,2年期国债期货,CFFEX,TS0
2025-12-31,111.85,111.88,110.91,111.41,117690,142077,0.0,30年期国债期货,CFFEX,TL0
2025-12-31,105.825,105.845,105.68,105.76,66075,147910,0.0,5年期国债期货,CFFEX,TF0
