日期,指数代码,指数中文全称,指数中文简称,指数英文全称,指数英文简称,开盘,最高,最低,收盘,涨跌,涨跌幅,成交量,成交金额,样本数量,滚动市盈率,date,品种
2015-01-01,930951,中证交易所绿色债券指数,交易所绿色债,CSI Exchange Green Bond Index,Exchange Green Bond,,,,100.0,,,0.0,0.0,,,2015-01-01,中证交易所绿色债券指数
2015-01-01,931147,中证交易所高等级绿色债券指数,交易所高等级绿色债,CSI Exchange High Grade Green Bond Index,Exchange High Grade Green Bond,,,,100.0,,,0.0,0.0,,,2015-01-01,中证交易所高等级绿色债券指数
2015-01-01,931145,中证绿色债券指数,中证绿色债,CSI Green Bond Index,CSI Green Bond,,,,100.0,,,0.0,0.0,,,2015-01-01,中证绿色债券指数
2016-12-30,930951,中证交易所绿色债券指数,交易所绿色债,CSI Exchange Green Bond Index,Exchange Green Bond,,,,100.0,,,0.0,0.0,,,2016-12-30,中证交易所绿色债券指数
2016-12-30,931147,中证交易所高等级绿色债券指数,交易所高等级绿色债,CSI Exchange High Grade Green Bond Index,Exchange High Grade Green Bond,,,,100.0,,,0.0,0.0,,,2016-12-30,中证交易所高等级绿色债券指数
2016-12-30,931145,中证绿色债券指数,中证绿色债,CSI Green Bond Index,CSI Green Bond,,,,100.0,,,0.0,0.0,,,2016-12-30,中证绿色债券指数
2017-01-03,930951,中证交易所绿色债券指数,交易所绿色债,CSI Exchange Green Bond Index,Exchange Green Bond,,,,100.0,,0.0,,,,,2017-01-03,中证交易所绿色债券指数
2017-01-03,931147,中证交易所高等级绿色债券指数,交易所高等级绿色债,CSI Exchange High Grade Green Bond Index,Exchange High Grade Green Bond,,,,100.0,,0.0,0.0,0.0,,,2017-01-03,中证交易所高等级绿色债券指数
2017-01-03,931145,中证绿色债券指数,中证绿色债,CSI Green Bond Index,CSI Green Bond,,,,100.07,,0.07,0.0,0.0,,,2017-01-03,中证绿色债券指数
2017-01-04,930951,中证交易所绿色债券指数,交易所绿色债,CSI Exchange Green Bond Index,Exchange Green Bond,,,,100.07,,0.07,,,,,2017-01-04,中证交易所绿色债券指数
2017-01-04,931147,中证交易所高等级绿色债券指数,交易所高等级绿色债,CSI Exchange High Grade Green Bond Index,Exchange High Grade Green Bond,,,,100.07,,0.07,0.0,0.0,,,2017-01-04,中证交易所高等级绿色债券指数
2017-01-04,931145,中证绿色债券指数,中证绿色债,CSI Green Bond Index,CSI Green Bond,,,,100.02,,-0.05,0.0,0.0,,,2017-01-04,中证绿色债券指数
2017-01-05,930951,中证交易所绿色债券指数,交易所绿色债,CSI Exchange Green Bond Index,Exchange Green Bond,,,,100.01,,-0.06,,,,,2017-01-05,中证交易所绿色债券指数
2017-01-05,931147,中证交易所高等级绿色债券指数,交易所高等级绿色债,CSI Exchange High Grade Green Bond Index,Exchange High Grade Green Bond,,,,100.01,,-0.06,0.0,0.0,,,2017-01-05,中证交易所高等级绿色债券指数
2017-01-05,931145,中证绿色债券指数,中证绿色债,CSI Green Bond Index,CSI Green Bond,,,,100.08,,0.06,0.0,0.0,,,2017-01-05,中证绿色债券指数
2017-01-06,930951,中证交易所绿色债券指数,交易所绿色债,CSI Exchange Green Bond Index,Exchange Green Bond,,,,100.13,,0.12,,,,,2017-01-06,中证交易所绿色债券指数
2017-01-06,931147,中证交易所高等级绿色债券指数,交易所高等级绿色债,CSI Exchange High Grade Green Bond Index,Exchange High Grade Green Bond,,,,100.13,,0.12,0.0,0.0,,,2017-01-06,中证交易所高等级绿色债券指数
2017-01-06,931145,中证绿色债券指数,中证绿色债,CSI Green Bond Index,CSI Green Bond,,,,100.15,,0.06,0.0,0.0,,,2017-01-06,中证绿色债券指数
2017-01-09,930951,中证交易所绿色债券指数,交易所绿色债,CSI Exchange Green Bond Index,Exchange Green Bond,,,,100.29,,0.16,,,,,2017-01-09,中证交易所绿色债券指数
2017-01-09,931147,中证交易所高等级绿色债券指数,交易所高等级绿色债,CSI Exchange High Grade Green Bond Index,Exchange High Grade Green Bond,,,,100.29,,0.16,0.0,0.0,,,2017-01-09,中证交易所高等级绿色债券指数
2017-01-09,931145,中证绿色债券指数,中证绿色债,CSI Green Bond Index,CSI Green Bond,,,,100.12,,-0.03,0.0,0.0,,,2017-01-09,中证绿色债券指数
2017-01-10,930951,中证交易所绿色债券指数,交易所绿色债,CSI Exchange Green Bond Index,Exchange Green Bond,,,,100.36,,0.07,,,,,2017-01-10,中证交易所绿色债券指数
2017-01-10,931147,中证交易所高等级绿色债券指数,交易所高等级绿色债,CSI Exchange High Grade Green Bond Index,Exchange High Grade Green Bond,,,,100.36,,0.07,0.0,0.0,,,2017-01-10,中证交易所高等级绿色债券指数
2017-01-10,931145,中证绿色债券指数,中证绿色债,CSI Green Bond Index,CSI Green Bond,,,,100.18,,0.06,0.0,0.0,,,2017-01-10,中证绿色债券指数
2017-01-11,930951,中证交易所绿色债券指数,交易所绿色债,CSI Exchange Green Bond Index,Exchange Green Bond,,,,100.44,,0.07,,,,,2017-01-11,中证交易所绿色债券指数
2017-01-11,931147,中证交易所高等级绿色债券指数,交易所高等级绿色债,CSI Exchange High Grade Green Bond Index,Exchange High Grade Green Bond,,,,100.43,,0.07,0.0,0.0,,,2017-01-11,中证交易所高等级绿色债券指数
2017-01-11,931145,中证绿色债券指数,中证绿色债,CSI Green Bond Index,CSI Green Bond,,,,100.28,,0.1,0.0,0.0,,,2017-01-11,中证绿色债券指数
2017-01-12,930951,中证交易所绿色债券指数,交易所绿色债,CSI Exchange Green Bond Index,Exchange Green Bond,,,,100.48,,0.05,,,,,2017-01-12,中证交易所绿色债券指数
2017-01-12,931147,中证交易所高等级绿色债券指数,交易所高等级绿色债,CSI Exchange High Grade Green Bond Index,Exchange High Grade Green Bond,,,,100.48,,0.05,0.0,0.0,,,2017-01-12,中证交易所高等级绿色债券指数
2017-01-12,931145,中证绿色债券指数,中证绿色债,CSI Green Bond Index,CSI Green Bond,,,,100.26,,-0.02,0.0,0.0,,,2017-01-12,中证绿色债券指数
2017-01-13,930951,中证交易所绿色债券指数,交易所绿色债,CSI Exchange Green Bond Index,Exchange Green Bond,,,,100.52,,0.04,,,,,2017-01-13,中证交易所绿色债券指数
2017-01-13,931147,中证交易所高等级绿色债券指数,交易所高等级绿色债,CSI Exchange High Grade Green Bond Index,Exchange High Grade Green Bond,,,,100.51,,0.04,0.0,0.0,,,2017-01-13,中证交易所高等级绿色债券指数
2017-01-13,931145,中证绿色债券指数,中证绿色债,CSI Green Bond Index,CSI Green Bond,,,,100.31,,0.05,0.0,0.0,,,2017-01-13,中证绿色债券指数
2017-01-16,930951,中证交易所绿色债券指数,交易所绿色债,CSI Exchange Green Bond Index,Exchange Green Bond,,,,100.52,,0.01,,,,,2017-01-16,中证交易所绿色债券指数
2017-01-16,931147,中证交易所高等级绿色债券指数,交易所高等级绿色债,CSI Exchange High Grade Green Bond Index,Exchange High Grade Green Bond,,,,100.52,,0.01,0.0,0.0,,,2017-01-16,中证交易所高等级绿色债券指数
2017-01-16,931145,中证绿色债券指数,中证绿色债,CSI Green Bond Index,CSI Green Bond,,,,100.4,,0.09,0.0,0.0,,,2017-01-16,中证绿色债券指数
2017-01-17,930951,中证交易所绿色债券指数,交易所绿色债,CSI Exchange Green Bond Index,Exchange Green Bond,,,,100.46,,-0.07,,,,,2017-01-17,中证交易所绿色债券指数
2017-01-17,931147,中证交易所高等级绿色债券指数,交易所高等级绿色债,CSI Exchange High Grade Green Bond Index,Exchange High Grade Green Bond,,,,100.46,,-0.07,0.0,0.0,,,2017-01-17,中证交易所高等级绿色债券指数
2017-01-17,931145,中证绿色债券指数,中证绿色债,CSI Green Bond Index,CSI Green Bond,,,,100.25,,-0.15,0.0,0.0,,,2017-01-17,中证绿色债券指数
2017-01-18,930951,中证交易所绿色债券指数,交易所绿色债,CSI Exchange Green Bond Index,Exchange Green Bond,,,,100.28,,-0.18,,,,,2017-01-18,中证交易所绿色债券指数
2017-01-18,931147,中证交易所高等级绿色债券指数,交易所高等级绿色债,CSI Exchange High Grade Green Bond Index,Exchange High Grade Green Bond,,,,100.27,,-0.18,0.0,0.0,,,2017-01-18,中证交易所高等级绿色债券指数
2017-01-18,931145,中证绿色债券指数,中证绿色债,CSI Green Bond Index,CSI Green Bond,,,,100.14,,-0.11,0.0,0.0,,,2017-01-18,中证绿色债券指数
2017-01-19,930951,中证交易所绿色债券指数,交易所绿色债,CSI Exchange Green Bond Index,Exchange Green Bond,,,,100.1,,-0.18,,,,,2017-01-19,中证交易所绿色债券指数
2017-01-19,931147,中证交易所高等级绿色债券指数,交易所高等级绿色债,CSI Exchange High Grade Green Bond Index,Exchange High Grade Green Bond,,,,100.1,,-0.18,0.0,0.0,,,2017-01-19,中证交易所高等级绿色债券指数
2017-01-19,931145,中证绿色债券指数,中证绿色债,CSI Green Bond Index,CSI Green Bond,,,,100.05,,-0.08,0.0,0.0,,,2017-01-19,中证绿色债券指数
2017-01-20,930951,中证交易所绿色债券指数,交易所绿色债,CSI Exchange Green Bond Index,Exchange Green Bond,,,,100.02,,-0.08,,,,,2017-01-20,中证交易所绿色债券指数
2017-01-20,931147,中证交易所高等级绿色债券指数,交易所高等级绿色债,CSI Exchange High Grade Green Bond Index,Exchange High Grade Green Bond,,,,100.01,,-0.08,0.0,0.0,,,2017-01-20,中证交易所高等级绿色债券指数
2017-01-20,931145,中证绿色债券指数,中证绿色债,CSI Green Bond Index,CSI Green Bond,,,,100.18,,0.13,0.0,0.0,,,2017-01-20,中证绿色债券指数
2017-01-23,930951,中证交易所绿色债券指数,交易所绿色债,CSI Exchange Green Bond Index,Exchange Green Bond,,,,99.98,,-0.04,,,,,2017-01-23,中证交易所绿色债券指数
2017-01-23,931147,中证交易所高等级绿色债券指数,交易所高等级绿色债,CSI Exchange High Grade Green Bond Index,Exchange High Grade Green Bond,,,,99.97,,-0.04,0.0,0.0,,,2017-01-23,中证交易所高等级绿色债券指数
2017-01-23,931145,中证绿色债券指数,中证绿色债,CSI Green Bond Index,CSI Green Bond,,,,100.24,,0.06,0.0,0.0,,,2017-01-23,中证绿色债券指数
2017-01-24,930951,中证交易所绿色债券指数,交易所绿色债,CSI Exchange Green Bond Index,Exchange Green Bond,,,,100.06,,0.08,,,,,2017-01-24,中证交易所绿色债券指数
2017-01-24,931147,中证交易所高等级绿色债券指数,交易所高等级绿色债,CSI Exchange High Grade Green Bond Index,Exchange High Grade Green Bond,,,,100.05,,0.08,0.0,0.0,,,2017-01-24,中证交易所高等级绿色债券指数
2017-01-24,931145,中证绿色债券指数,中证绿色债,CSI Green Bond Index,CSI Green Bond,,,,100.29,,0.05,0.0,0.0,,,2017-01-24,中证绿色债券指数
2017-01-25,930951,中证交易所绿色债券指数,交易所绿色债,CSI Exchange Green Bond Index,Exchange Green Bond,,,,100.04,,-0.01,,,,,2017-01-25,中证交易所绿色债券指数
2017-01-25,931147,中证交易所高等级绿色债券指数,交易所高等级绿色债,CSI Exchange High Grade Green Bond Index,Exchange High Grade Green Bond,,,,100.04,,-0.02,0.0,0.0,,,2017-01-25,中证交易所高等级绿色债券指数
2017-01-25,931145,中证绿色债券指数,中证绿色债,CSI Green Bond Index,CSI Green Bond,,,,100.15,,-0.14,0.0,0.0,,,2017-01-25,中证绿色债券指数
2017-01-26,930951,中证交易所绿色债券指数,交易所绿色债,CSI Exchange Green Bond Index,Exchange Green Bond,,,,99.92,,-0.12,,,,,2017-01-26,中证交易所绿色债券指数
2017-01-26,931147,中证交易所高等级绿色债券指数,交易所高等级绿色债,CSI Exchange High Grade Green Bond Index,Exchange High Grade Green Bond,,,,99.91,,-0.13,0.0,0.0,,,2017-01-26,中证交易所高等级绿色债券指数
2017-01-26,931145,中证绿色债券指数,中证绿色债,CSI Green Bond Index,CSI Green Bond,,,,100.08,,-0.07,0.0,0.0,,,2017-01-26,中证绿色债券指数
2017-02-03,930951,中证交易所绿色债券指数,交易所绿色债,CSI Exchange Green Bond Index,Exchange Green Bond,,,,99.89,,-0.03,,,,,2017-02-03,中证交易所绿色债券指数
2017-02-03,931147,中证交易所高等级绿色债券指数,交易所高等级绿色债,CSI Exchange High Grade Green Bond Index,Exchange High Grade Green Bond,,,,99.88,,-0.03,0.0,0.0,,,2017-02-03,中证交易所高等级绿色债券指数
2017-02-03,931145,中证绿色债券指数,中证绿色债,CSI Green Bond Index,CSI Green Bond,,,,100.12,,0.04,0.0,0.0,,,2017-02-03,中证绿色债券指数
2017-02-06,930951,中证交易所绿色债券指数,交易所绿色债,CSI Exchange Green Bond Index,Exchange Green Bond,,,,99.72,,-0.17,,,,,2017-02-06,中证交易所绿色债券指数
2017-02-06,931147,中证交易所高等级绿色债券指数,交易所高等级绿色债,CSI Exchange High Grade Green Bond Index,Exchange High Grade Green Bond,,,,99.71,,-0.17,0.0,0.0,,,2017-02-06,中证交易所高等级绿色债券指数
2017-02-06,931145,中证绿色债券指数,中证绿色债,CSI Green Bond Index,CSI Green Bond,,,,99.77,,-0.36,0.0,0.0,,,2017-02-06,中证绿色债券指数
2017-02-07,930951,中证交易所绿色债券指数,交易所绿色债,CSI Exchange Green Bond Index,Exchange Green Bond,,,,99.53,,-0.19,,,,,2017-02-07,中证交易所绿色债券指数
2017-02-07,931147,中证交易所高等级绿色债券指数,交易所高等级绿色债,CSI Exchange High Grade Green Bond Index,Exchange High Grade Green Bond,,,,99.52,,-0.19,0.0,0.0,,,2017-02-07,中证交易所高等级绿色债券指数
2017-02-07,931145,中证绿色债券指数,中证绿色债,CSI Green Bond Index,CSI Green Bond,,,,99.59,,-0.18,0.0,0.0,,,2017-02-07,中证绿色债券指数
2017-02-08,930951,中证交易所绿色债券指数,交易所绿色债,CSI Exchange Green Bond Index,Exchange Green Bond,,,,99.26,,-0.27,,,,,2017-02-08,中证交易所绿色债券指数
2017-02-08,931147,中证交易所高等级绿色债券指数,交易所高等级绿色债,CSI Exchange High Grade Green Bond Index,Exchange High Grade Green Bond,,,,99.24,,-0.28,0.0,0.0,,,2017-02-08,中证交易所高等级绿色债券指数
2017-02-08,931145,中证绿色债券指数,中证绿色债,CSI Green Bond Index,CSI Green Bond,,,,99.44,,-0.15,0.0,0.0,,,2017-02-08,中证绿色债券指数
2017-02-09,930951,中证交易所绿色债券指数,交易所绿色债,CSI Exchange Green Bond Index,Exchange Green Bond,,,,99.12,,-0.13,,,,,2017-02-09,中证交易所绿色债券指数
2017-02-09,931147,中证交易所高等级绿色债券指数,交易所高等级绿色债,CSI Exchange High Grade Green Bond Index,Exchange High Grade Green Bond,,,,99.11,,-0.14,0.0,0.0,,,2017-02-09,中证交易所高等级绿色债券指数
2017-02-09,931145,中证绿色债券指数,中证绿色债,CSI Green Bond Index,CSI Green Bond,,,,99.51,,0.08,0.0,0.0,,,2017-02-09,中证绿色债券指数
2017-02-10,930951,中证交易所绿色债券指数,交易所绿色债,CSI Exchange Green Bond Index,Exchange Green Bond,,,,99.15,,0.02,,,,,2017-02-10,中证交易所绿色债券指数
2017-02-10,931147,中证交易所高等级绿色债券指数,交易所高等级绿色债,CSI Exchange High Grade Green Bond Index,Exchange High Grade Green Bond,,,,99.13,,0.03,0.0,0.0,,,2017-02-10,中证交易所高等级绿色债券指数
2017-02-10,931145,中证绿色债券指数,中证绿色债,CSI Green Bond Index,CSI Green Bond,,,,99.56,,0.05,0.0,0.0,,,2017-02-10,中证绿色债券指数
2017-02-13,930951,中证交易所绿色债券指数,交易所绿色债,CSI Exchange Green Bond Index,Exchange Green Bond,,,,99.16,,0.01,,,,,2017-02-13,中证交易所绿色债券指数
2017-02-13,931147,中证交易所高等级绿色债券指数,交易所高等级绿色债,CSI Exchange High Grade Green Bond Index,Exchange High Grade Green Bond,,,,99.14,,0.01,0.0,0.0,,,2017-02-13,中证交易所高等级绿色债券指数
2017-02-13,931145,中证绿色债券指数,中证绿色债,CSI Green Bond Index,CSI Green Bond,,,,99.5,,-0.06,0.0,0.0,,,2017-02-13,中证绿色债券指数
2017-02-14,930951,中证交易所绿色债券指数,交易所绿色债,CSI Exchange Green Bond Index,Exchange Green Bond,,,,99.07,,-0.08,,,,,2017-02-14,中证交易所绿色债券指数
2017-02-14,931147,中证交易所高等级绿色债券指数,交易所高等级绿色债,CSI Exchange High Grade Green Bond Index,Exchange High Grade Green Bond,,,,99.06,,-0.09,0.0,0.0,,,2017-02-14,中证交易所高等级绿色债券指数
2017-02-14,931145,中证绿色债券指数,中证绿色债,CSI Green Bond Index,CSI Green Bond,,,,99.54,,0.03,0.0,0.0,,,2017-02-14,中证绿色债券指数
2017-02-15,930951,中证交易所绿色债券指数,交易所绿色债,CSI Exchange Green Bond Index,Exchange Green Bond,,,,98.88,,-0.19,,,,,2017-02-15,中证交易所绿色债券指数
2017-02-15,931147,中证交易所高等级绿色债券指数,交易所高等级绿色债,CSI Exchange High Grade Green Bond Index,Exchange High Grade Green Bond,,,,98.86,,-0.19,0.0,0.0,,,2017-02-15,中证交易所高等级绿色债券指数
2017-02-15,931145,中证绿色债券指数,中证绿色债,CSI Green Bond Index,CSI Green Bond,,,,99.52,,-0.02,0.0,0.0,,,2017-02-15,中证绿色债券指数
2017-02-16,930951,中证交易所绿色债券指数,交易所绿色债,CSI Exchange Green Bond Index,Exchange Green Bond,,,,98.89,,0.01,,,,,2017-02-16,中证交易所绿色债券指数
2017-02-16,931147,中证交易所高等级绿色债券指数,交易所高等级绿色债,CSI Exchange High Grade Green Bond Index,Exchange High Grade Green Bond,,,,98.88,,0.01,0.0,0.0,,,2017-02-16,中证交易所高等级绿色债券指数
2017-02-16,931145,中证绿色债券指数,中证绿色债,CSI Green Bond Index,CSI Green Bond,,,,99.57,,0.05,0.0,0.0,,,2017-02-16,中证绿色债券指数
2017-02-17,930951,中证交易所绿色债券指数,交易所绿色债,CSI Exchange Green Bond Index,Exchange Green Bond,,,,98.87,,-0.03,,,,,2017-02-17,中证交易所绿色债券指数
2017-02-17,931147,中证交易所高等级绿色债券指数,交易所高等级绿色债,CSI Exchange High Grade Green Bond Index,Exchange High Grade Green Bond,,,,98.85,,-0.03,0.0,0.0,,,2017-02-17,中证交易所高等级绿色债券指数
2017-02-17,931145,中证绿色债券指数,中证绿色债,CSI Green Bond Index,CSI Green Bond,,,,99.59,,0.02,0.0,0.0,,,2017-02-17,中证绿色债券指数
2017-02-20,930951,中证交易所绿色债券指数,交易所绿色债,CSI Exchange Green Bond Index,Exchange Green Bond,,,,98.97,,0.11,,,,,2017-02-20,中证交易所绿色债券指数
2017-02-20,931147,中证交易所高等级绿色债券指数,交易所高等级绿色债,CSI Exchange High Grade Green Bond Index,Exchange High Grade Green Bond,,,,98.96,,0.11,0.0,0.0,,,2017-02-20,中证交易所高等级绿色债券指数
2017-02-20,931145,中证绿色债券指数,中证绿色债,CSI Green Bond Index,CSI Green Bond,,,,99.7,,0.11,0.0,0.0,,,2017-02-20,中证绿色债券指数
2017-02-21,930951,中证交易所绿色债券指数,交易所绿色债,CSI Exchange Green Bond Index,Exchange Green Bond,,,,99.02,,0.05,,,,,2017-02-21,中证交易所绿色债券指数
2017-02-21,931147,中证交易所高等级绿色债券指数,交易所高等级绿色债,CSI Exchange High Grade Green Bond Index,Exchange High Grade Green Bond,,,,99.0,,0.05,0.0,0.0,,,2017-02-21,中证交易所高等级绿色债券指数
2017-02-21,931145,中证绿色债券指数,中证绿色债,CSI Green Bond Index,CSI Green Bond,,,,99.75,,0.05,0.0,0.0,,,2017-02-21,中证绿色债券指数
2017-02-22,930951,中证交易所绿色债券指数,交易所绿色债,CSI Exchange Green Bond Index,Exchange Green Bond,,,,98.93,,-0.09,,,,,2017-02-22,中证交易所绿色债券指数
2017-02-22,931147,中证交易所高等级绿色债券指数,交易所高等级绿色债,CSI Exchange High Grade Green Bond Index,Exchange High Grade Green Bond,,,,98.92,,-0.09,0.0,0.0,,,2017-02-22,中证交易所高等级绿色债券指数
2017-02-22,931145,中证绿色债券指数,中证绿色债,CSI Green Bond Index,CSI Green Bond,,,,99.71,,-0.04,0.0,0.0,,,2017-02-22,中证绿色债券指数
2017-02-23,930951,中证交易所绿色债券指数,交易所绿色债,CSI Exchange Green Bond Index,Exchange Green Bond,,,,98.9,,-0.04,,,,,2017-02-23,中证交易所绿色债券指数
2017-02-23,931147,中证交易所高等级绿色债券指数,交易所高等级绿色债,CSI Exchange High Grade Green Bond Index,Exchange High Grade Green Bond,,,,98.88,,-0.04,0.0,0.0,,,2017-02-23,中证交易所高等级绿色债券指数
2017-02-23,931145,中证绿色债券指数,中证绿色债,CSI Green Bond Index,CSI Green Bond,,,,99.72,,0.01,0.0,0.0,,,2017-02-23,中证绿色债券指数
2017-02-24,930951,中证交易所绿色债券指数,交易所绿色债,CSI Exchange Green Bond Index,Exchange Green Bond,,,,98.99,,0.09,,,,,2017-02-24,中证交易所绿色债券指数
2017-02-24,931147,中证交易所高等级绿色债券指数,交易所高等级绿色债,CSI Exchange High Grade Green Bond Index,Exchange High Grade Green Bond,,,,98.97,,0.09,0.0,0.0,,,2017-02-24,中证交易所高等级绿色债券指数
2017-02-24,931145,中证绿色债券指数,中证绿色债,CSI Green Bond Index,CSI Green Bond,,,,99.71,,-0.01,0.0,0.0,,,2017-02-24,中证绿色债券指数
2017-02-27,930951,中证交易所绿色债券指数,交易所绿色债,CSI Exchange Green Bond Index,Exchange Green Bond,,,,99.02,,0.03,,,,,2017-02-27,中证交易所绿色债券指数
2017-02-27,931147,中证交易所高等级绿色债券指数,交易所高等级绿色债,CSI Exchange High Grade Green Bond Index,Exchange High Grade Green Bond,,,,99.0,,0.03,0.0,0.0,,,2017-02-27,中证交易所高等级绿色债券指数
2017-02-27,931145,中证绿色债券指数,中证绿色债,CSI Green Bond Index,CSI Green Bond,,,,99.78,,0.07,0.0,0.0,,,2017-02-27,中证绿色债券指数
2017-02-28,930951,中证交易所绿色债券指数,交易所绿色债,CSI Exchange Green Bond Index,Exchange Green Bond,,,,99.03,,0.01,,,,,2017-02-28,中证交易所绿色债券指数
2017-02-28,931147,中证交易所高等级绿色债券指数,交易所高等级绿色债,CSI Exchange High Grade Green Bond Index,Exchange High Grade Green Bond,,,,99.01,,0.01,0.0,0.0,,,2017-02-28,中证交易所高等级绿色债券指数
2017-02-28,931145,中证绿色债券指数,中证绿色债,CSI Green Bond Index,CSI Green Bond,,,,99.78,,0.0,0.0,0.0,,,2017-02-28,中证绿色债券指数
2017-03-01,930951,中证交易所绿色债券指数,交易所绿色债,CSI Exchange Green Bond Index,Exchange Green Bond,,,,99.01,,-0.02,,,,,2017-03-01,中证交易所绿色债券指数
2017-03-01,931147,中证交易所高等级绿色债券指数,交易所高等级绿色债,CSI Exchange High Grade Green Bond Index,Exchange High Grade Green Bond,,,,99.0,,-0.02,0.0,0.0,,,2017-03-01,中证交易所高等级绿色债券指数
2017-03-01,931145,中证绿色债券指数,中证绿色债,CSI Green Bond Index,CSI Green Bond,,,,99.8,,0.01,0.0,0.0,,,2017-03-01,中证绿色债券指数
2017-03-02,930951,中证交易所绿色债券指数,交易所绿色债,CSI Exchange Green Bond Index,Exchange Green Bond,,,,99.03,,0.01,,,,,2017-03-02,中证交易所绿色债券指数
2017-03-02,931147,中证交易所高等级绿色债券指数,交易所高等级绿色债,CSI Exchange High Grade Green Bond Index,Exchange High Grade Green Bond,,,,99.01,,0.01,0.0,0.0,,,2017-03-02,中证交易所高等级绿色债券指数
2017-03-02,931145,中证绿色债券指数,中证绿色债,CSI Green Bond Index,CSI Green Bond,,,,99.73,,-0.07,0.0,0.0,,,2017-03-02,中证绿色债券指数
2017-03-03,930951,中证交易所绿色债券指数,交易所绿色债,CSI Exchange Green Bond Index,Exchange Green Bond,,,,99.05,,0.03,,,,,2017-03-03,中证交易所绿色债券指数
2017-03-03,931147,中证交易所高等级绿色债券指数,交易所高等级绿色债,CSI Exchange High Grade Green Bond Index,Exchange High Grade Green Bond,,,,99.04,,0.03,0.0,0.0,,,2017-03-03,中证交易所高等级绿色债券指数
2017-03-03,931145,中证绿色债券指数,中证绿色债,CSI Green Bond Index,CSI Green Bond,,,,99.8,,0.07,0.0,0.0,,,2017-03-03,中证绿色债券指数
2017-03-06,930951,中证交易所绿色债券指数,交易所绿色债,CSI Exchange Green Bond Index,Exchange Green Bond,,,,99.02,,-0.04,,,,,2017-03-06,中证交易所绿色债券指数
2017-03-06,931147,中证交易所高等级绿色债券指数,交易所高等级绿色债,CSI Exchange High Grade Green Bond Index,Exchange High Grade Green Bond,,,,99.01,,-0.04,0.0,0.0,,,2017-03-06,中证交易所高等级绿色债券指数
2017-03-06,931145,中证绿色债券指数,中证绿色债,CSI Green Bond Index,CSI Green Bond,,,,99.73,,-0.06,0.0,0.0,,,2017-03-06,中证绿色债券指数
2017-03-07,930951,中证交易所绿色债券指数,交易所绿色债,CSI Exchange Green Bond Index,Exchange Green Bond,,,,99.0,,-0.01,,,,,2017-03-07,中证交易所绿色债券指数
2017-03-07,931147,中证交易所高等级绿色债券指数,交易所高等级绿色债,CSI Exchange High Grade Green Bond Index,Exchange High Grade Green Bond,,,,98.99,,-0.02,0.0,0.0,,,2017-03-07,中证交易所高等级绿色债券指数
2017-03-07,931145,中证绿色债券指数,中证绿色债,CSI Green Bond Index,CSI Green Bond,,,,99.71,,-0.02,0.0,0.0,,,2017-03-07,中证绿色债券指数
2017-03-08,930951,中证交易所绿色债券指数,交易所绿色债,CSI Exchange Green Bond Index,Exchange Green Bond,,,,98.95,,-0.05,,,,,2017-03-08,中证交易所绿色债券指数
2017-03-08,931147,中证交易所高等级绿色债券指数,交易所高等级绿色债,CSI Exchange High Grade Green Bond Index,Exchange High Grade Green Bond,,,,98.93,,-0.06,0.0,0.0,,,2017-03-08,中证交易所高等级绿色债券指数
2017-03-08,931145,中证绿色债券指数,中证绿色债,CSI Green Bond Index,CSI Green Bond,,,,99.73,,0.02,0.0,0.0,,,2017-03-08,中证绿色债券指数
2017-03-09,930951,中证交易所绿色债券指数,交易所绿色债,CSI Exchange Green Bond Index,Exchange Green Bond,,,,98.9,,-0.05,,,,,2017-03-09,中证交易所绿色债券指数
2017-03-09,931147,中证交易所高等级绿色债券指数,交易所高等级绿色债,CSI Exchange High Grade Green Bond Index,Exchange High Grade Green Bond,,,,98.88,,-0.06,0.0,0.0,,,2017-03-09,中证交易所高等级绿色债券指数
2017-03-09,931145,中证绿色债券指数,中证绿色债,CSI Green Bond Index,CSI Green Bond,,,,99.7,,-0.03,0.0,0.0,,,2017-03-09,中证绿色债券指数
2017-03-10,930951,中证交易所绿色债券指数,交易所绿色债,CSI Exchange Green Bond Index,Exchange Green Bond,,,,98.77,,-0.13,,,,,2017-03-10,中证交易所绿色债券指数
2017-03-10,931147,中证交易所高等级绿色债券指数,交易所高等级绿色债,CSI Exchange High Grade Green Bond Index,Exchange High Grade Green Bond,,,,98.74,,-0.14,0.0,0.0,,,2017-03-10,中证交易所高等级绿色债券指数
2017-03-10,931145,中证绿色债券指数,中证绿色债,CSI Green Bond Index,CSI Green Bond,,,,99.61,,-0.09,0.0,0.0,,,2017-03-10,中证绿色债券指数
2017-03-13,930951,中证交易所绿色债券指数,交易所绿色债,CSI Exchange Green Bond Index,Exchange Green Bond,,,,98.73,,-0.03,,,,,2017-03-13,中证交易所绿色债券指数
2017-03-13,931147,中证交易所高等级绿色债券指数,交易所高等级绿色债,CSI Exchange High Grade Green Bond Index,Exchange High Grade Green Bond,,,,98.71,,-0.03,0.0,0.0,,,2017-03-13,中证交易所高等级绿色债券指数
2017-03-13,931145,中证绿色债券指数,中证绿色债,CSI Green Bond Index,CSI Green Bond,,,,99.61,,0.0,0.0,0.0,,,2017-03-13,中证绿色债券指数
2017-03-14,930951,中证交易所绿色债券指数,交易所绿色债,CSI Exchange Green Bond Index,Exchange Green Bond,,,,98.69,,-0.05,,,,,2017-03-14,中证交易所绿色债券指数
2017-03-14,931147,中证交易所高等级绿色债券指数,交易所高等级绿色债,CSI Exchange High Grade Green Bond Index,Exchange High Grade Green Bond,,,,98.67,,-0.04,0.0,0.0,,,2017-03-14,中证交易所高等级绿色债券指数
2017-03-14,931145,中证绿色债券指数,中证绿色债,CSI Green Bond Index,CSI Green Bond,,,,99.6,,0.0,0.0,0.0,,,2017-03-14,中证绿色债券指数
2017-03-15,930951,中证交易所绿色债券指数,交易所绿色债,CSI Exchange Green Bond Index,Exchange Green Bond,,,,98.69,,0.01,,,,,2017-03-15,中证交易所绿色债券指数
2017-03-15,931147,中证交易所高等级绿色债券指数,交易所高等级绿色债,CSI Exchange High Grade Green Bond Index,Exchange High Grade Green Bond,,,,98.68,,0.01,0.0,0.0,,,2017-03-15,中证交易所高等级绿色债券指数
2017-03-15,931145,中证绿色债券指数,中证绿色债,CSI Green Bond Index,CSI Green Bond,,,,99.6,,-0.01,0.0,0.0,,,2017-03-15,中证绿色债券指数
2017-03-16,930951,中证交易所绿色债券指数,交易所绿色债,CSI Exchange Green Bond Index,Exchange Green Bond,,,,98.88,,0.19,,,,,2017-03-16,中证交易所绿色债券指数
2017-03-16,931147,中证交易所高等级绿色债券指数,交易所高等级绿色债,CSI Exchange High Grade Green Bond Index,Exchange High Grade Green Bond,,,,98.87,,0.2,0.0,0.0,,,2017-03-16,中证交易所高等级绿色债券指数
2017-03-16,931145,中证绿色债券指数,中证绿色债,CSI Green Bond Index,CSI Green Bond,,,,99.71,,0.11,0.0,0.0,,,2017-03-16,中证绿色债券指数
2017-03-17,930951,中证交易所绿色债券指数,交易所绿色债,CSI Exchange Green Bond Index,Exchange Green Bond,,,,98.88,,0.0,,,,,2017-03-17,中证交易所绿色债券指数
2017-03-17,931147,中证交易所高等级绿色债券指数,交易所高等级绿色债,CSI Exchange High Grade Green Bond Index,Exchange High Grade Green Bond,,,,98.87,,0.0,0.0,0.0,,,2017-03-17,中证交易所高等级绿色债券指数
2017-03-17,931145,中证绿色债券指数,中证绿色债,CSI Green Bond Index,CSI Green Bond,,,,99.74,,0.03,0.0,0.0,,,2017-03-17,中证绿色债券指数
2017-03-20,930951,中证交易所绿色债券指数,交易所绿色债,CSI Exchange Green Bond Index,Exchange Green Bond,,,,98.81,,-0.07,,,,,2017-03-20,中证交易所绿色债券指数
2017-03-20,931147,中证交易所高等级绿色债券指数,交易所高等级绿色债,CSI Exchange High Grade Green Bond Index,Exchange High Grade Green Bond,,,,98.8,,-0.07,0.0,0.0,,,2017-03-20,中证交易所高等级绿色债券指数
2017-03-20,931145,中证绿色债券指数,中证绿色债,CSI Green Bond Index,CSI Green Bond,,,,99.78,,0.04,0.0,0.0,,,2017-03-20,中证绿色债券指数
2017-03-21,930951,中证交易所绿色债券指数,交易所绿色债,CSI Exchange Green Bond Index,Exchange Green Bond,,,,98.77,,-0.04,,,,,2017-03-21,中证交易所绿色债券指数
2017-03-21,931147,中证交易所高等级绿色债券指数,交易所高等级绿色债,CSI Exchange High Grade Green Bond Index,Exchange High Grade Green Bond,,,,98.76,,-0.04,0.0,0.0,,,2017-03-21,中证交易所高等级绿色债券指数
2017-03-21,931145,中证绿色债券指数,中证绿色债,CSI Green Bond Index,CSI Green Bond,,,,99.71,,-0.06,0.0,0.0,,,2017-03-21,中证绿色债券指数
2017-03-22,930951,中证交易所绿色债券指数,交易所绿色债,CSI Exchange Green Bond Index,Exchange Green Bond,,,,98.79,,0.02,,,,,2017-03-22,中证交易所绿色债券指数
2017-03-22,931147,中证交易所高等级绿色债券指数,交易所高等级绿色债,CSI Exchange High Grade Green Bond Index,Exchange High Grade Green Bond,,,,98.79,,0.03,0.0,0.0,,,2017-03-22,中证交易所高等级绿色债券指数
2017-03-22,931145,中证绿色债券指数,中证绿色债,CSI Green Bond Index,CSI Green Bond,,,,99.68,,-0.03,0.0,0.0,,,2017-03-22,中证绿色债券指数
2017-03-23,930951,中证交易所绿色债券指数,交易所绿色债,CSI Exchange Green Bond Index,Exchange Green Bond,,,,98.67,,-0.12,,,,,2017-03-23,中证交易所绿色债券指数
2017-03-23,931147,中证交易所高等级绿色债券指数,交易所高等级绿色债,CSI Exchange High Grade Green Bond Index,Exchange High Grade Green Bond,,,,98.67,,-0.12,0.0,0.0,,,2017-03-23,中证交易所高等级绿色债券指数
2017-03-23,931145,中证绿色债券指数,中证绿色债,CSI Green Bond Index,CSI Green Bond,,,,99.66,,-0.03,0.0,0.0,,,2017-03-23,中证绿色债券指数
2017-03-24,930951,中证交易所绿色债券指数,交易所绿色债,CSI Exchange Green Bond Index,Exchange Green Bond,,,,98.73,,0.06,,,,,2017-03-24,中证交易所绿色债券指数
2017-03-24,931147,中证交易所高等级绿色债券指数,交易所高等级绿色债,CSI Exchange High Grade Green Bond Index,Exchange High Grade Green Bond,,,,98.73,,0.06,0.0,0.0,,,2017-03-24,中证交易所高等级绿色债券指数
2017-03-24,931145,中证绿色债券指数,中证绿色债,CSI Green Bond Index,CSI Green Bond,,,,99.75,,0.1,0.0,0.0,,,2017-03-24,中证绿色债券指数
2017-03-27,930951,中证交易所绿色债券指数,交易所绿色债,CSI Exchange Green Bond Index,Exchange Green Bond,,,,98.85,,0.12,,,,,2017-03-27,中证交易所绿色债券指数
2017-03-27,931147,中证交易所高等级绿色债券指数,交易所高等级绿色债,CSI Exchange High Grade Green Bond Index,Exchange High Grade Green Bond,,,,98.84,,0.12,0.0,0.0,,,2017-03-27,中证交易所高等级绿色债券指数
2017-03-27,931145,中证绿色债券指数,中证绿色债,CSI Green Bond Index,CSI Green Bond,,,,99.83,,0.08,0.0,0.0,,,2017-03-27,中证绿色债券指数
2017-03-28,930951,中证交易所绿色债券指数,交易所绿色债,CSI Exchange Green Bond Index,Exchange Green Bond,,,,98.91,,0.07,,,,,2017-03-28,中证交易所绿色债券指数
2017-03-28,931147,中证交易所高等级绿色债券指数,交易所高等级绿色债,CSI Exchange High Grade Green Bond Index,Exchange High Grade Green Bond,,,,98.9,,0.06,0.0,0.0,,,2017-03-28,中证交易所高等级绿色债券指数
2017-03-28,931145,中证绿色债券指数,中证绿色债,CSI Green Bond Index,CSI Green Bond,,,,99.85,,0.02,0.0,0.0,,,2017-03-28,中证绿色债券指数
2017-03-29,930951,中证交易所绿色债券指数,交易所绿色债,CSI Exchange Green Bond Index,Exchange Green Bond,,,,98.91,,0.0,,,,,2017-03-29,中证交易所绿色债券指数
2017-03-29,931147,中证交易所高等级绿色债券指数,交易所高等级绿色债,CSI Exchange High Grade Green Bond Index,Exchange High Grade Green Bond,,,,98.91,,0.01,0.0,0.0,,,2017-03-29,中证交易所高等级绿色债券指数
2017-03-29,931145,中证绿色债券指数,中证绿色债,CSI Green Bond Index,CSI Green Bond,,,,99.88,,0.03,0.0,0.0,,,2017-03-29,中证绿色债券指数
2017-03-30,930951,中证交易所绿色债券指数,交易所绿色债,CSI Exchange Green Bond Index,Exchange Green Bond,,,,98.91,,0.0,,,,,2017-03-30,中证交易所绿色债券指数
2017-03-30,931147,中证交易所高等级绿色债券指数,交易所高等级绿色债,CSI Exchange High Grade Green Bond Index,Exchange High Grade Green Bond,,,,98.91,,0.0,0.0,0.0,,,2017-03-30,中证交易所高等级绿色债券指数
2017-03-30,931145,中证绿色债券指数,中证绿色债,CSI Green Bond Index,CSI Green Bond,,,,99.89,,0.01,0.0,0.0,,,2017-03-30,中证绿色债券指数
2017-03-31,930951,中证交易所绿色债券指数,交易所绿色债,CSI Exchange Green Bond Index,Exchange Green Bond,,,,98.95,,0.04,,,,,2017-03-31,中证交易所绿色债券指数
2017-03-31,931147,中证交易所高等级绿色债券指数,交易所高等级绿色债,CSI Exchange High Grade Green Bond Index,Exchange High Grade Green Bond,,,,98.95,,0.04,0.0,0.0,,,2017-03-31,中证交易所高等级绿色债券指数
2017-03-31,931145,中证绿色债券指数,中证绿色债,CSI Green Bond Index,CSI Green Bond,,,,99.92,,0.03,0.0,0.0,,,2017-03-31,中证绿色债券指数
2017-04-05,930951,中证交易所绿色债券指数,交易所绿色债,CSI Exchange Green Bond Index,Exchange Green Bond,,,,98.99,,0.05,,,,,2017-04-05,中证交易所绿色债券指数
2017-04-05,931147,中证交易所高等级绿色债券指数,交易所高等级绿色债,CSI Exchange High Grade Green Bond Index,Exchange High Grade Green Bond,,,,99.0,,0.05,0.0,0.0,,,2017-04-05,中证交易所高等级绿色债券指数
2017-04-05,931145,中证绿色债券指数,中证绿色债,CSI Green Bond Index,CSI Green Bond,,,,99.98,,0.06,0.0,0.0,,,2017-04-05,中证绿色债券指数
2017-04-06,930951,中证交易所绿色债券指数,交易所绿色债,CSI Exchange Green Bond Index,Exchange Green Bond,,,,98.99,,0.0,,,,,2017-04-06,中证交易所绿色债券指数
2017-04-06,931147,中证交易所高等级绿色债券指数,交易所高等级绿色债,CSI Exchange High Grade Green Bond Index,Exchange High Grade Green Bond,,,,99.0,,0.0,0.0,0.0,,,2017-04-06,中证交易所高等级绿色债券指数
2017-04-06,931145,中证绿色债券指数,中证绿色债,CSI Green Bond Index,CSI Green Bond,,,,99.96,,-0.02,0.0,0.0,,,2017-04-06,中证绿色债券指数
2017-04-07,930951,中证交易所绿色债券指数,交易所绿色债,CSI Exchange Green Bond Index,Exchange Green Bond,,,,99.03,,0.04,,,,,2017-04-07,中证交易所绿色债券指数
2017-04-07,931147,中证交易所高等级绿色债券指数,交易所高等级绿色债,CSI Exchange High Grade Green Bond Index,Exchange High Grade Green Bond,,,,99.03,,0.03,0.0,0.0,,,2017-04-07,中证交易所高等级绿色债券指数
2017-04-07,931145,中证绿色债券指数,中证绿色债,CSI Green Bond Index,CSI Green Bond,,,,100.0,,0.04,0.0,0.0,,,2017-04-07,中证绿色债券指数
2017-04-10,930951,中证交易所绿色债券指数,交易所绿色债,CSI Exchange Green Bond Index,Exchange Green Bond,,,,99.13,,0.1,,,,,2017-04-10,中证交易所绿色债券指数
2017-04-10,931147,中证交易所高等级绿色债券指数,交易所高等级绿色债,CSI Exchange High Grade Green Bond Index,Exchange High Grade Green Bond,,,,99.13,,0.1,0.0,0.0,,,2017-04-10,中证交易所高等级绿色债券指数
2017-04-10,931145,中证绿色债券指数,中证绿色债,CSI Green Bond Index,CSI Green Bond,,,,100.06,,0.06,0.0,0.0,,,2017-04-10,中证绿色债券指数
2017-04-11,930951,中证交易所绿色债券指数,交易所绿色债,CSI Exchange Green Bond Index,Exchange Green Bond,,,,99.15,,0.02,,,,,2017-04-11,中证交易所绿色债券指数
2017-04-11,931147,中证交易所高等级绿色债券指数,交易所高等级绿色债,CSI Exchange High Grade Green Bond Index,Exchange High Grade Green Bond,,,,99.14,,0.02,0.0,0.0,,,2017-04-11,中证交易所高等级绿色债券指数
2017-04-11,931145,中证绿色债券指数,中证绿色债,CSI Green Bond Index,CSI Green Bond,,,,100.06,,0.0,0.0,0.0,,,2017-04-11,中证绿色债券指数
2017-04-12,930951,中证交易所绿色债券指数,交易所绿色债,CSI Exchange Green Bond Index,Exchange Green Bond,,,,99.14,,-0.01,,,,,2017-04-12,中证交易所绿色债券指数
2017-04-12,931147,中证交易所高等级绿色债券指数,交易所高等级绿色债,CSI Exchange High Grade Green Bond Index,Exchange High Grade Green Bond,,,,99.13,,-0.01,0.0,0.0,,,2017-04-12,中证交易所高等级绿色债券指数
2017-04-12,931145,中证绿色债券指数,中证绿色债,CSI Green Bond Index,CSI Green Bond,,,,100.07,,0.01,0.0,0.0,,,2017-04-12,中证绿色债券指数
2017-04-13,930951,中证交易所绿色债券指数,交易所绿色债,CSI Exchange Green Bond Index,Exchange Green Bond,,,,99.15,,0.01,,,,,2017-04-13,中证交易所绿色债券指数
2017-04-13,931147,中证交易所高等级绿色债券指数,交易所高等级绿色债,CSI Exchange High Grade Green Bond Index,Exchange High Grade Green Bond,,,,99.14,,0.01,0.0,0.0,,,2017-04-13,中证交易所高等级绿色债券指数
2017-04-13,931145,中证绿色债券指数,中证绿色债,CSI Green Bond Index,CSI Green Bond,,,,100.07,,0.01,0.0,0.0,,,2017-04-13,中证绿色债券指数
2017-04-14,930951,中证交易所绿色债券指数,交易所绿色债,CSI Exchange Green Bond Index,Exchange Green Bond,,,,99.14,,-0.02,,,,,2017-04-14,中证交易所绿色债券指数
2017-04-14,931147,中证交易所高等级绿色债券指数,交易所高等级绿色债,CSI Exchange High Grade Green Bond Index,Exchange High Grade Green Bond,,,,99.12,,-0.02,0.0,0.0,,,2017-04-14,中证交易所高等级绿色债券指数
2017-04-14,931145,中证绿色债券指数,中证绿色债,CSI Green Bond Index,CSI Green Bond,,,,100.09,,0.01,0.0,0.0,,,2017-04-14,中证绿色债券指数
2017-04-17,930951,中证交易所绿色债券指数,交易所绿色债,CSI Exchange Green Bond Index,Exchange Green Bond,,,,99.09,,-0.04,,,,,2017-04-17,中证交易所绿色债券指数
2017-04-17,931147,中证交易所高等级绿色债券指数,交易所高等级绿色债,CSI Exchange High Grade Green Bond Index,Exchange High Grade Green Bond,,,,99.08,,-0.05,0.0,0.0,,,2017-04-17,中证交易所高等级绿色债券指数
2017-04-17,931145,中证绿色债券指数,中证绿色债,CSI Green Bond Index,CSI Green Bond,,,,100.0,,-0.08,0.0,0.0,,,2017-04-17,中证绿色债券指数
2017-04-18,930951,中证交易所绿色债券指数,交易所绿色债,CSI Exchange Green Bond Index,Exchange Green Bond,,,,98.97,,-0.13,,,,,2017-04-18,中证交易所绿色债券指数
2017-04-18,931147,中证交易所高等级绿色债券指数,交易所高等级绿色债,CSI Exchange High Grade Green Bond Index,Exchange High Grade Green Bond,,,,98.94,,-0.14,0.0,0.0,,,2017-04-18,中证交易所高等级绿色债券指数
2017-04-18,931145,中证绿色债券指数,中证绿色债,CSI Green Bond Index,CSI Green Bond,,,,99.95,,-0.06,0.0,0.0,,,2017-04-18,中证绿色债券指数
2017-04-19,930951,中证交易所绿色债券指数,交易所绿色债,CSI Exchange Green Bond Index,Exchange Green Bond,,,,98.93,,-0.04,,,,,2017-04-19,中证交易所绿色债券指数
2017-04-19,931147,中证交易所高等级绿色债券指数,交易所高等级绿色债,CSI Exchange High Grade Green Bond Index,Exchange High Grade Green Bond,,,,98.9,,-0.04,0.0,0.0,,,2017-04-19,中证交易所高等级绿色债券指数
2017-04-19,931145,中证绿色债券指数,中证绿色债,CSI Green Bond Index,CSI Green Bond,,,,99.96,,0.01,0.0,0.0,,,2017-04-19,中证绿色债券指数
2017-04-20,930951,中证交易所绿色债券指数,交易所绿色债,CSI Exchange Green Bond Index,Exchange Green Bond,,,,98.82,,-0.11,,,,,2017-04-20,中证交易所绿色债券指数
2017-04-20,931147,中证交易所高等级绿色债券指数,交易所高等级绿色债,CSI Exchange High Grade Green Bond Index,Exchange High Grade Green Bond,,,,98.79,,-0.11,0.0,0.0,,,2017-04-20,中证交易所高等级绿色债券指数
2017-04-20,931145,中证绿色债券指数,中证绿色债,CSI Green Bond Index,CSI Green Bond,,,,99.93,,-0.03,0.0,0.0,,,2017-04-20,中证绿色债券指数
2017-04-21,930951,中证交易所绿色债券指数,交易所绿色债,CSI Exchange Green Bond Index,Exchange Green Bond,,,,98.76,,-0.06,,,,,2017-04-21,中证交易所绿色债券指数
2017-04-21,931147,中证交易所高等级绿色债券指数,交易所高等级绿色债,CSI Exchange High Grade Green Bond Index,Exchange High Grade Green Bond,,,,98.73,,-0.07,0.0,0.0,,,2017-04-21,中证交易所高等级绿色债券指数
2017-04-21,931145,中证绿色债券指数,中证绿色债,CSI Green Bond Index,CSI Green Bond,,,,99.82,,-0.11,0.0,0.0,,,2017-04-21,中证绿色债券指数
2017-04-24,930951,中证交易所绿色债券指数,交易所绿色债,CSI Exchange Green Bond Index,Exchange Green Bond,,,,98.65,,-0.11,,,,,2017-04-24,中证交易所绿色债券指数
2017-04-24,931147,中证交易所高等级绿色债券指数,交易所高等级绿色债,CSI Exchange High Grade Green Bond Index,Exchange High Grade Green Bond,,,,98.62,,-0.11,0.0,0.0,,,2017-04-24,中证交易所高等级绿色债券指数
2017-04-24,931145,中证绿色债券指数,中证绿色债,CSI Green Bond Index,CSI Green Bond,,,,99.74,,-0.08,0.0,0.0,,,2017-04-24,中证绿色债券指数
2017-04-25,930951,中证交易所绿色债券指数,交易所绿色债,CSI Exchange Green Bond Index,Exchange Green Bond,,,,98.51,,-0.14,,,,,2017-04-25,中证交易所绿色债券指数
2017-04-25,931147,中证交易所高等级绿色债券指数,交易所高等级绿色债,CSI Exchange High Grade Green Bond Index,Exchange High Grade Green Bond,,,,98.48,,-0.14,0.0,0.0,,,2017-04-25,中证交易所高等级绿色债券指数
2017-04-25,931145,中证绿色债券指数,中证绿色债,CSI Green Bond Index,CSI Green Bond,,,,99.6,,-0.13,0.0,0.0,,,2017-04-25,中证绿色债券指数
2017-04-26,930951,中证交易所绿色债券指数,交易所绿色债,CSI Exchange Green Bond Index,Exchange Green Bond,,,,98.44,,-0.07,,,,,2017-04-26,中证交易所绿色债券指数
2017-04-26,931147,中证交易所高等级绿色债券指数,交易所高等级绿色债,CSI Exchange High Grade Green Bond Index,Exchange High Grade Green Bond,,,,98.4,,-0.08,0.0,0.0,,,2017-04-26,中证交易所高等级绿色债券指数
2017-04-26,931145,中证绿色债券指数,中证绿色债,CSI Green Bond Index,CSI Green Bond,,,,99.6,,-0.01,0.0,0.0,,,2017-04-26,中证绿色债券指数
2017-04-27,930951,中证交易所绿色债券指数,交易所绿色债,CSI Exchange Green Bond Index,Exchange Green Bond,,,,98.4,,-0.04,,,,,2017-04-27,中证交易所绿色债券指数
2017-04-27,931147,中证交易所高等级绿色债券指数,交易所高等级绿色债,CSI Exchange High Grade Green Bond Index,Exchange High Grade Green Bond,,,,98.37,,-0.04,0.0,0.0,,,2017-04-27,中证交易所高等级绿色债券指数
2017-04-27,931145,中证绿色债券指数,中证绿色债,CSI Green Bond Index,CSI Green Bond,,,,99.58,,-0.02,0.0,0.0,,,2017-04-27,中证绿色债券指数
2017-04-28,930951,中证交易所绿色债券指数,交易所绿色债,CSI Exchange Green Bond Index,Exchange Green Bond,,,,98.43,,0.03,,,,,2017-04-28,中证交易所绿色债券指数
2017-04-28,931147,中证交易所高等级绿色债券指数,交易所高等级绿色债,CSI Exchange High Grade Green Bond Index,Exchange High Grade Green Bond,,,,98.4,,0.03,0.0,0.0,,,2017-04-28,中证交易所高等级绿色债券指数
2017-04-28,931145,中证绿色债券指数,中证绿色债,CSI Green Bond Index,CSI Green Bond,,,,99.62,,0.05,0.0,0.0,,,2017-04-28,中证绿色债券指数
2017-05-02,930951,中证交易所绿色债券指数,交易所绿色债,CSI Exchange Green Bond Index,Exchange Green Bond,,,,98.39,,-0.04,,,,,2017-05-02,中证交易所绿色债券指数
2017-05-02,931147,中证交易所高等级绿色债券指数,交易所高等级绿色债,CSI Exchange High Grade Green Bond Index,Exchange High Grade Green Bond,,,,98.35,,-0.04,0.0,0.0,,,2017-05-02,中证交易所高等级绿色债券指数
2017-05-02,931145,中证绿色债券指数,中证绿色债,CSI Green Bond Index,CSI Green Bond,,,,99.59,,-0.03,0.0,0.0,,,2017-05-02,中证绿色债券指数
2017-05-03,930951,中证交易所绿色债券指数,交易所绿色债,CSI Exchange Green Bond Index,Exchange Green Bond,,,,98.31,,-0.08,,,,,2017-05-03,中证交易所绿色债券指数
2017-05-03,931147,中证交易所高等级绿色债券指数,交易所高等级绿色债,CSI Exchange High Grade Green Bond Index,Exchange High Grade Green Bond,,,,98.27,,-0.09,0.0,0.0,,,2017-05-03,中证交易所高等级绿色债券指数
2017-05-03,931145,中证绿色债券指数,中证绿色债,CSI Green Bond Index,CSI Green Bond,,,,99.58,,-0.02,0.0,0.0,,,2017-05-03,中证绿色债券指数
2017-05-04,930951,中证交易所绿色债券指数,交易所绿色债,CSI Exchange Green Bond Index,Exchange Green Bond,,,,98.14,,-0.17,,,,,2017-05-04,中证交易所绿色债券指数
2017-05-04,931147,中证交易所高等级绿色债券指数,交易所高等级绿色债,CSI Exchange High Grade Green Bond Index,Exchange High Grade Green Bond,,,,98.1,,-0.17,0.0,0.0,,,2017-05-04,中证交易所高等级绿色债券指数
2017-05-04,931145,中证绿色债券指数,中证绿色债,CSI Green Bond Index,CSI Green Bond,,,,99.47,,-0.11,0.0,0.0,,,2017-05-04,中证绿色债券指数
2017-05-05,930951,中证交易所绿色债券指数,交易所绿色债,CSI Exchange Green Bond Index,Exchange Green Bond,,,,98.14,,-0.01,,,,,2017-05-05,中证交易所绿色债券指数
2017-05-05,931147,中证交易所高等级绿色债券指数,交易所高等级绿色债,CSI Exchange High Grade Green Bond Index,Exchange High Grade Green Bond,,,,98.1,,0.0,0.0,0.0,,,2017-05-05,中证交易所高等级绿色债券指数
2017-05-05,931145,中证绿色债券指数,中证绿色债,CSI Green Bond Index,CSI Green Bond,,,,99.42,,-0.05,0.0,0.0,,,2017-05-05,中证绿色债券指数
2017-05-08,930951,中证交易所绿色债券指数,交易所绿色债,CSI Exchange Green Bond Index,Exchange Green Bond,,,,98.02,,-0.11,,,,,2017-05-08,中证交易所绿色债券指数
2017-05-08,931147,中证交易所高等级绿色债券指数,交易所高等级绿色债,CSI Exchange High Grade Green Bond Index,Exchange High Grade Green Bond,,,,97.98,,-0.12,0.0,0.0,,,2017-05-08,中证交易所高等级绿色债券指数
2017-05-08,931145,中证绿色债券指数,中证绿色债,CSI Green Bond Index,CSI Green Bond,,,,99.38,,-0.04,0.0,0.0,,,2017-05-08,中证绿色债券指数
2017-05-09,930951,中证交易所绿色债券指数,交易所绿色债,CSI Exchange Green Bond Index,Exchange Green Bond,,,,97.89,,-0.14,,,,,2017-05-09,中证交易所绿色债券指数
2017-05-09,931147,中证交易所高等级绿色债券指数,交易所高等级绿色债,CSI Exchange High Grade Green Bond Index,Exchange High Grade Green Bond,,,,97.84,,-0.15,0.0,0.0,,,2017-05-09,中证交易所高等级绿色债券指数
2017-05-09,931145,中证绿色债券指数,中证绿色债,CSI Green Bond Index,CSI Green Bond,,,,99.27,,-0.11,0.0,0.0,,,2017-05-09,中证绿色债券指数
2017-05-10,930951,中证交易所绿色债券指数,交易所绿色债,CSI Exchange Green Bond Index,Exchange Green Bond,,,,97.67,,-0.23,,,,,2017-05-10,中证交易所绿色债券指数
2017-05-10,931147,中证交易所高等级绿色债券指数,交易所高等级绿色债,CSI Exchange High Grade Green Bond Index,Exchange High Grade Green Bond,,,,97.61,,-0.23,0.0,0.0,,,2017-05-10,中证交易所高等级绿色债券指数
2017-05-10,931145,中证绿色债券指数,中证绿色债,CSI Green Bond Index,CSI Green Bond,,,,99.07,,-0.2,0.0,0.0,,,2017-05-10,中证绿色债券指数
2017-05-11,930951,中证交易所绿色债券指数,交易所绿色债,CSI Exchange Green Bond Index,Exchange Green Bond,,,,97.46,,-0.21,,,,,2017-05-11,中证交易所绿色债券指数
2017-05-11,931147,中证交易所高等级绿色债券指数,交易所高等级绿色债,CSI Exchange High Grade Green Bond Index,Exchange High Grade Green Bond,,,,97.4,,-0.22,0.0,0.0,,,2017-05-11,中证交易所高等级绿色债券指数
2017-05-11,931145,中证绿色债券指数,中证绿色债,CSI Green Bond Index,CSI Green Bond,,,,99.03,,-0.04,0.0,0.0,,,2017-05-11,中证绿色债券指数
2017-05-12,930951,中证交易所绿色债券指数,交易所绿色债,CSI Exchange Green Bond Index,Exchange Green Bond,,,,97.46,,-0.01,,,,,2017-05-12,中证交易所绿色债券指数
2017-05-12,931147,中证交易所高等级绿色债券指数,交易所高等级绿色债,CSI Exchange High Grade Green Bond Index,Exchange High Grade Green Bond,,,,97.39,,0.0,0.0,0.0,,,2017-05-12,中证交易所高等级绿色债券指数
2017-05-12,931145,中证绿色债券指数,中证绿色债,CSI Green Bond Index,CSI Green Bond,,,,98.94,,-0.08,0.0,0.0,,,2017-05-12,中证绿色债券指数
2017-05-15,930951,中证交易所绿色债券指数,交易所绿色债,CSI Exchange Green Bond Index,Exchange Green Bond,,,,97.46,,0.01,,,,,2017-05-15,中证交易所绿色债券指数
2017-05-15,931147,中证交易所高等级绿色债券指数,交易所高等级绿色债,CSI Exchange High Grade Green Bond Index,Exchange High Grade Green Bond,,,,97.4,,0.01,0.0,0.0,,,2017-05-15,中证交易所高等级绿色债券指数
2017-05-15,931145,中证绿色债券指数,中证绿色债,CSI Green Bond Index,CSI Green Bond,,,,98.98,,0.04,0.0,0.0,,,2017-05-15,中证绿色债券指数
2017-05-16,930951,中证交易所绿色债券指数,交易所绿色债,CSI Exchange Green Bond Index,Exchange Green Bond,,,,97.35,,-0.12,,,,,2017-05-16,中证交易所绿色债券指数
2017-05-16,931147,中证交易所高等级绿色债券指数,交易所高等级绿色债,CSI Exchange High Grade Green Bond Index,Exchange High Grade Green Bond,,,,97.28,,-0.12,0.0,0.0,,,2017-05-16,中证交易所高等级绿色债券指数
2017-05-16,931145,中证绿色债券指数,中证绿色债,CSI Green Bond Index,CSI Green Bond,,,,98.97,,-0.01,0.0,0.0,,,2017-05-16,中证绿色债券指数
2017-05-17,930951,中证交易所绿色债券指数,交易所绿色债,CSI Exchange Green Bond Index,Exchange Green Bond,,,,97.29,,-0.06,,,,,2017-05-17,中证交易所绿色债券指数
2017-05-17,931147,中证交易所高等级绿色债券指数,交易所高等级绿色债,CSI Exchange High Grade Green Bond Index,Exchange High Grade Green Bond,,,,97.22,,-0.06,0.0,0.0,,,2017-05-17,中证交易所高等级绿色债券指数
2017-05-17,931145,中证绿色债券指数,中证绿色债,CSI Green Bond Index,CSI Green Bond,,,,98.95,,-0.02,0.0,0.0,,,2017-05-17,中证绿色债券指数
2017-05-18,930951,中证交易所绿色债券指数,交易所绿色债,CSI Exchange Green Bond Index,Exchange Green Bond,,,,97.32,,0.03,,,,,2017-05-18,中证交易所绿色债券指数
2017-05-18,931147,中证交易所高等级绿色债券指数,交易所高等级绿色债,CSI Exchange High Grade Green Bond Index,Exchange High Grade Green Bond,,,,97.26,,0.03,0.0,0.0,,,2017-05-18,中证交易所高等级绿色债券指数
2017-05-18,931145,中证绿色债券指数,中证绿色债,CSI Green Bond Index,CSI Green Bond,,,,98.96,,0.01,0.0,0.0,,,2017-05-18,中证绿色债券指数
2017-05-19,930951,中证交易所绿色债券指数,交易所绿色债,CSI Exchange Green Bond Index,Exchange Green Bond,,,,97.32,,0.0,,,,,2017-05-19,中证交易所绿色债券指数
2017-05-19,931147,中证交易所高等级绿色债券指数,交易所高等级绿色债,CSI Exchange High Grade Green Bond Index,Exchange High Grade Green Bond,,,,97.26,,0.0,0.0,0.0,,,2017-05-19,中证交易所高等级绿色债券指数
2017-05-19,931145,中证绿色债券指数,中证绿色债,CSI Green Bond Index,CSI Green Bond,,,,98.98,,0.02,0.0,0.0,,,2017-05-19,中证绿色债券指数
2017-05-22,930951,中证交易所绿色债券指数,交易所绿色债,CSI Exchange Green Bond Index,Exchange Green Bond,,,,97.37,,0.05,,,,,2017-05-22,中证交易所绿色债券指数
2017-05-22,931147,中证交易所高等级绿色债券指数,交易所高等级绿色债,CSI Exchange High Grade Green Bond Index,Exchange High Grade Green Bond,,,,97.31,,0.06,0.0,0.0,,,2017-05-22,中证交易所高等级绿色债券指数
2017-05-22,931145,中证绿色债券指数,中证绿色债,CSI Green Bond Index,CSI Green Bond,,,,99.02,,0.04,0.0,0.0,,,2017-05-22,中证绿色债券指数
2017-05-23,930951,中证交易所绿色债券指数,交易所绿色债,CSI Exchange Green Bond Index,Exchange Green Bond,,,,97.39,,0.02,,,,,2017-05-23,中证交易所绿色债券指数
2017-05-23,931147,中证交易所高等级绿色债券指数,交易所高等级绿色债,CSI Exchange High Grade Green Bond Index,Exchange High Grade Green Bond,,,,97.33,,0.02,0.0,0.0,,,2017-05-23,中证交易所高等级绿色债券指数
2017-05-23,931145,中证绿色债券指数,中证绿色债,CSI Green Bond Index,CSI Green Bond,,,,99.01,,-0.01,0.0,0.0,,,2017-05-23,中证绿色债券指数
2017-05-24,930951,中证交易所绿色债券指数,交易所绿色债,CSI Exchange Green Bond Index,Exchange Green Bond,,,,97.4,,0.01,,,,,2017-05-24,中证交易所绿色债券指数
2017-05-24,931147,中证交易所高等级绿色债券指数,交易所高等级绿色债,CSI Exchange High Grade Green Bond Index,Exchange High Grade Green Bond,,,,97.33,,0.0,0.0,0.0,,,2017-05-24,中证交易所高等级绿色债券指数
2017-05-24,931145,中证绿色债券指数,中证绿色债,CSI Green Bond Index,CSI Green Bond,,,,99.01,,0.0,0.0,0.0,,,2017-05-24,中证绿色债券指数
2017-05-25,930951,中证交易所绿色债券指数,交易所绿色债,CSI Exchange Green Bond Index,Exchange Green Bond,,,,97.41,,0.02,,,,,2017-05-25,中证交易所绿色债券指数
2017-05-25,931147,中证交易所高等级绿色债券指数,交易所高等级绿色债,CSI Exchange High Grade Green Bond Index,Exchange High Grade Green Bond,,,,97.34,,0.01,0.0,0.0,,,2017-05-25,中证交易所高等级绿色债券指数
2017-05-25,931145,中证绿色债券指数,中证绿色债,CSI Green Bond Index,CSI Green Bond,,,,99.03,,0.02,0.0,0.0,,,2017-05-25,中证绿色债券指数
2017-05-26,930951,中证交易所绿色债券指数,交易所绿色债,CSI Exchange Green Bond Index,Exchange Green Bond,,,,97.47,,0.06,,,,,2017-05-26,中证交易所绿色债券指数
2017-05-26,931147,中证交易所高等级绿色债券指数,交易所高等级绿色债,CSI Exchange High Grade Green Bond Index,Exchange High Grade Green Bond,,,,97.4,,0.07,0.0,0.0,,,2017-05-26,中证交易所高等级绿色债券指数
2017-05-26,931145,中证绿色债券指数,中证绿色债,CSI Green Bond Index,CSI Green Bond,,,,99.06,,0.03,0.0,0.0,,,2017-05-26,中证绿色债券指数
2017-05-31,930951,中证交易所绿色债券指数,交易所绿色债,CSI Exchange Green Bond Index,Exchange Green Bond,,,,97.58,,0.11,,,,,2017-05-31,中证交易所绿色债券指数
2017-05-31,931147,中证交易所高等级绿色债券指数,交易所高等级绿色债,CSI Exchange High Grade Green Bond Index,Exchange High Grade Green Bond,,,,97.51,,0.11,0.0,0.0,,,2017-05-31,中证交易所高等级绿色债券指数
2017-05-31,931145,中证绿色债券指数,中证绿色债,CSI Green Bond Index,CSI Green Bond,,,,99.14,,0.09,0.0,0.0,,,2017-05-31,中证绿色债券指数
2017-06-01,930951,中证交易所绿色债券指数,交易所绿色债,CSI Exchange Green Bond Index,Exchange Green Bond,,,,97.6,,0.02,,,,,2017-06-01,中证交易所绿色债券指数
2017-06-01,931147,中证交易所高等级绿色债券指数,交易所高等级绿色债,CSI Exchange High Grade Green Bond Index,Exchange High Grade Green Bond,,,,97.54,,0.03,0.0,0.0,,,2017-06-01,中证交易所高等级绿色债券指数
2017-06-01,931145,中证绿色债券指数,中证绿色债,CSI Green Bond Index,CSI Green Bond,,,,99.18,,0.04,0.0,0.0,,,2017-06-01,中证绿色债券指数
2017-06-02,930951,中证交易所绿色债券指数,交易所绿色债,CSI Exchange Green Bond Index,Exchange Green Bond,,,,97.61,,0.01,,,,,2017-06-02,中证交易所绿色债券指数
2017-06-02,931147,中证交易所高等级绿色债券指数,交易所高等级绿色债,CSI Exchange High Grade Green Bond Index,Exchange High Grade Green Bond,,,,97.55,,0.01,0.0,0.0,,,2017-06-02,中证交易所高等级绿色债券指数
2017-06-02,931145,中证绿色债券指数,中证绿色债,CSI Green Bond Index,CSI Green Bond,,,,99.2,,0.02,0.0,0.0,,,2017-06-02,中证绿色债券指数
2017-06-05,930951,中证交易所绿色债券指数,交易所绿色债,CSI Exchange Green Bond Index,Exchange Green Bond,,,,97.63,,0.02,,,,,2017-06-05,中证交易所绿色债券指数
2017-06-05,931147,中证交易所高等级绿色债券指数,交易所高等级绿色债,CSI Exchange High Grade Green Bond Index,Exchange High Grade Green Bond,,,,97.57,,0.02,0.0,0.0,,,2017-06-05,中证交易所高等级绿色债券指数
2017-06-05,931145,中证绿色债券指数,中证绿色债,CSI Green Bond Index,CSI Green Bond,,,,99.25,,0.05,0.0,0.0,,,2017-06-05,中证绿色债券指数
2017-06-06,930951,中证交易所绿色债券指数,交易所绿色债,CSI Exchange Green Bond Index,Exchange Green Bond,,,,97.67,,0.04,,,,,2017-06-06,中证交易所绿色债券指数
2017-06-06,931147,中证交易所高等级绿色债券指数,交易所高等级绿色债,CSI Exchange High Grade Green Bond Index,Exchange High Grade Green Bond,,,,97.61,,0.04,0.0,0.0,,,2017-06-06,中证交易所高等级绿色债券指数
2017-06-06,931145,中证绿色债券指数,中证绿色债,CSI Green Bond Index,CSI Green Bond,,,,99.27,,0.02,0.0,0.0,,,2017-06-06,中证绿色债券指数
2017-06-07,930951,中证交易所绿色债券指数,交易所绿色债,CSI Exchange Green Bond Index,Exchange Green Bond,,,,97.72,,0.06,,,,,2017-06-07,中证交易所绿色债券指数
2017-06-07,931147,中证交易所高等级绿色债券指数,交易所高等级绿色债,CSI Exchange High Grade Green Bond Index,Exchange High Grade Green Bond,,,,97.67,,0.06,0.0,0.0,,,2017-06-07,中证交易所高等级绿色债券指数
2017-06-07,931145,中证绿色债券指数,中证绿色债,CSI Green Bond Index,CSI Green Bond,,,,99.27,,0.0,0.0,0.0,,,2017-06-07,中证绿色债券指数
2017-06-08,930951,中证交易所绿色债券指数,交易所绿色债,CSI Exchange Green Bond Index,Exchange Green Bond,,,,97.75,,0.02,,,,,2017-06-08,中证交易所绿色债券指数
2017-06-08,931147,中证交易所高等级绿色债券指数,交易所高等级绿色债,CSI Exchange High Grade Green Bond Index,Exchange High Grade Green Bond,,,,97.69,,0.02,0.0,0.0,,,2017-06-08,中证交易所高等级绿色债券指数
2017-06-08,931145,中证绿色债券指数,中证绿色债,CSI Green Bond Index,CSI Green Bond,,,,99.27,,0.0,0.0,0.0,,,2017-06-08,中证绿色债券指数
2017-06-09,930951,中证交易所绿色债券指数,交易所绿色债,CSI Exchange Green Bond Index,Exchange Green Bond,,,,97.84,,0.1,,,,,2017-06-09,中证交易所绿色债券指数
2017-06-09,931147,中证交易所高等级绿色债券指数,交易所高等级绿色债,CSI Exchange High Grade Green Bond Index,Exchange High Grade Green Bond,,,,97.79,,0.1,0.0,0.0,,,2017-06-09,中证交易所高等级绿色债券指数
2017-06-09,931145,中证绿色债券指数,中证绿色债,CSI Green Bond Index,CSI Green Bond,,,,99.3,,0.03,0.0,0.0,,,2017-06-09,中证绿色债券指数
2017-06-12,930951,中证交易所绿色债券指数,交易所绿色债,CSI Exchange Green Bond Index,Exchange Green Bond,,,,97.94,,0.11,,,,,2017-06-12,中证交易所绿色债券指数
2017-06-12,931147,中证交易所高等级绿色债券指数,交易所高等级绿色债,CSI Exchange High Grade Green Bond Index,Exchange High Grade Green Bond,,,,97.9,,0.11,0.0,0.0,,,2017-06-12,中证交易所高等级绿色债券指数
2017-06-12,931145,中证绿色债券指数,中证绿色债,CSI Green Bond Index,CSI Green Bond,,,,99.39,,0.09,0.0,0.0,,,2017-06-12,中证绿色债券指数
2017-06-13,930951,中证交易所绿色债券指数,交易所绿色债,CSI Exchange Green Bond Index,Exchange Green Bond,,,,98.05,,0.11,,,,,2017-06-13,中证交易所绿色债券指数
2017-06-13,931147,中证交易所高等级绿色债券指数,交易所高等级绿色债,CSI Exchange High Grade Green Bond Index,Exchange High Grade Green Bond,,,,98.0,,0.11,0.0,0.0,,,2017-06-13,中证交易所高等级绿色债券指数
2017-06-13,931145,中证绿色债券指数,中证绿色债,CSI Green Bond Index,CSI Green Bond,,,,99.5,,0.12,0.0,0.0,,,2017-06-13,中证绿色债券指数
2017-06-14,930951,中证交易所绿色债券指数,交易所绿色债,CSI Exchange Green Bond Index,Exchange Green Bond,,,,98.19,,0.15,,,,,2017-06-14,中证交易所绿色债券指数
2017-06-14,931147,中证交易所高等级绿色债券指数,交易所高等级绿色债,CSI Exchange High Grade Green Bond Index,Exchange High Grade Green Bond,,,,98.15,,0.15,0.0,0.0,,,2017-06-14,中证交易所高等级绿色债券指数
2017-06-14,931145,中证绿色债券指数,中证绿色债,CSI Green Bond Index,CSI Green Bond,,,,99.57,,0.07,0.0,0.0,,,2017-06-14,中证绿色债券指数
2017-06-15,930951,中证交易所绿色债券指数,交易所绿色债,CSI Exchange Green Bond Index,Exchange Green Bond,,,,98.31,,0.12,,,,,2017-06-15,中证交易所绿色债券指数
2017-06-15,931147,中证交易所高等级绿色债券指数,交易所高等级绿色债,CSI Exchange High Grade Green Bond Index,Exchange High Grade Green Bond,,,,98.27,,0.13,0.0,0.0,,,2017-06-15,中证交易所高等级绿色债券指数
2017-06-15,931145,中证绿色债券指数,中证绿色债,CSI Green Bond Index,CSI Green Bond,,,,99.67,,0.1,0.0,0.0,,,2017-06-15,中证绿色债券指数
2017-06-16,930951,中证交易所绿色债券指数,交易所绿色债,CSI Exchange Green Bond Index,Exchange Green Bond,,,,98.39,,0.08,,,,,2017-06-16,中证交易所绿色债券指数
2017-06-16,931147,中证交易所高等级绿色债券指数,交易所高等级绿色债,CSI Exchange High Grade Green Bond Index,Exchange High Grade Green Bond,,,,98.34,,0.07,0.0,0.0,,,2017-06-16,中证交易所高等级绿色债券指数
2017-06-16,931145,中证绿色债券指数,中证绿色债,CSI Green Bond Index,CSI Green Bond,,,,99.68,,0.01,0.0,0.0,,,2017-06-16,中证绿色债券指数
2017-06-19,930951,中证交易所绿色债券指数,交易所绿色债,CSI Exchange Green Bond Index,Exchange Green Bond,,,,98.54,0.15,0.16,0.17,0.17,24.0,,2017-06-19,中证交易所绿色债券指数
2017-06-19,931147,中证交易所高等级绿色债券指数,交易所高等级绿色债,CSI Exchange High Grade Green Bond Index,Exchange High Grade Green Bond,,,,98.5,,0.16,0.0,0.0,,,2017-06-19,中证交易所高等级绿色债券指数
2017-06-19,931145,中证绿色债券指数,中证绿色债,CSI Green Bond Index,CSI Green Bond,,,,99.82,,0.14,0.0,0.0,,,2017-06-19,中证绿色债券指数
2017-06-20,930951,中证交易所绿色债券指数,交易所绿色债,CSI Exchange Green Bond Index,Exchange Green Bond,,,,98.7,0.16,0.16,1.2,1.13,24.0,,2017-06-20,中证交易所绿色债券指数
2017-06-20,931147,中证交易所高等级绿色债券指数,交易所高等级绿色债,CSI Exchange High Grade Green Bond Index,Exchange High Grade Green Bond,,,,98.66,,0.16,0.0,0.0,,,2017-06-20,中证交易所高等级绿色债券指数
2017-06-20,931145,中证绿色债券指数,中证绿色债,CSI Green Bond Index,CSI Green Bond,,,,99.95,,0.13,0.0,0.0,,,2017-06-20,中证绿色债券指数
2017-06-21,930951,中证交易所绿色债券指数,交易所绿色债,CSI Exchange Green Bond Index,Exchange Green Bond,,,,98.76,0.06,0.06,0.0,0.0,24.0,,2017-06-21,中证交易所绿色债券指数
2017-06-21,931147,中证交易所高等级绿色债券指数,交易所高等级绿色债,CSI Exchange High Grade Green Bond Index,Exchange High Grade Green Bond,,,,98.71,,0.06,0.0,0.0,,,2017-06-21,中证交易所高等级绿色债券指数
2017-06-21,931145,中证绿色债券指数,中证绿色债,CSI Green Bond Index,CSI Green Bond,,,,100.01,,0.06,0.0,0.0,,,2017-06-21,中证绿色债券指数
2017-06-22,930951,中证交易所绿色债券指数,交易所绿色债,CSI Exchange Green Bond Index,Exchange Green Bond,,,,98.82,0.06,0.06,1.1,1.04,24.0,,2017-06-22,中证交易所绿色债券指数
2017-06-22,931147,中证交易所高等级绿色债券指数,交易所高等级绿色债,CSI Exchange High Grade Green Bond Index,Exchange High Grade Green Bond,,,,98.77,,0.06,0.0,0.0,,,2017-06-22,中证交易所高等级绿色债券指数
2017-06-22,931145,中证绿色债券指数,中证绿色债,CSI Green Bond Index,CSI Green Bond,,,,100.1,,0.09,0.0,0.0,,,2017-06-22,中证绿色债券指数
2017-06-23,930951,中证交易所绿色债券指数,交易所绿色债,CSI Exchange Green Bond Index,Exchange Green Bond,,,,98.85,0.04,0.04,0.0,0.0,24.0,,2017-06-23,中证交易所绿色债券指数
2017-06-23,931147,中证交易所高等级绿色债券指数,交易所高等级绿色债,CSI Exchange High Grade Green Bond Index,Exchange High Grade Green Bond,,,,98.8,,0.03,0.0,0.0,,,2017-06-23,中证交易所高等级绿色债券指数
2017-06-23,931145,中证绿色债券指数,中证绿色债,CSI Green Bond Index,CSI Green Bond,,,,100.01,,-0.09,0.0,0.0,,,2017-06-23,中证绿色债券指数
2017-06-26,930951,中证交易所绿色债券指数,交易所绿色债,CSI Exchange Green Bond Index,Exchange Green Bond,,,,98.91,0.06,0.06,0.0,0.0,24.0,,2017-06-26,中证交易所绿色债券指数
2017-06-26,931147,中证交易所高等级绿色债券指数,交易所高等级绿色债,CSI Exchange High Grade Green Bond Index,Exchange High Grade Green Bond,,,,98.86,,0.06,0.0,0.0,,,2017-06-26,中证交易所高等级绿色债券指数
2017-06-26,931145,中证绿色债券指数,中证绿色债,CSI Green Bond Index,CSI Green Bond,,,,100.13,,0.13,0.0,0.0,,,2017-06-26,中证绿色债券指数
2017-06-27,930951,中证交易所绿色债券指数,交易所绿色债,CSI Exchange Green Bond Index,Exchange Green Bond,,,,99.09,0.17,0.17,1.31,1.24,24.0,,2017-06-27,中证交易所绿色债券指数
2017-06-27,931147,中证交易所高等级绿色债券指数,交易所高等级绿色债,CSI Exchange High Grade Green Bond Index,Exchange High Grade Green Bond,,,,99.03,,0.18,0.0,0.0,,,2017-06-27,中证交易所高等级绿色债券指数
2017-06-27,931145,中证绿色债券指数,中证绿色债,CSI Green Bond Index,CSI Green Bond,,,,100.2,,0.07,0.0,0.0,,,2017-06-27,中证绿色债券指数
2017-06-28,930951,中证交易所绿色债券指数,交易所绿色债,CSI Exchange Green Bond Index,Exchange Green Bond,,,,99.1,0.02,0.02,0.76,0.72,24.0,,2017-06-28,中证交易所绿色债券指数
2017-06-28,931147,中证交易所高等级绿色债券指数,交易所高等级绿色债,CSI Exchange High Grade Green Bond Index,Exchange High Grade Green Bond,,,,99.05,,0.01,0.0,0.0,,,2017-06-28,中证交易所高等级绿色债券指数
2017-06-28,931145,中证绿色债券指数,中证绿色债,CSI Green Bond Index,CSI Green Bond,,,,100.29,,0.09,0.0,0.0,,,2017-06-28,中证绿色债券指数
2017-06-29,930951,中证交易所绿色债券指数,交易所绿色债,CSI Exchange Green Bond Index,Exchange Green Bond,,,,99.21,0.11,0.11,0.0,0.0,24.0,,2017-06-29,中证交易所绿色债券指数
2017-06-29,931147,中证交易所高等级绿色债券指数,交易所高等级绿色债,CSI Exchange High Grade Green Bond Index,Exchange High Grade Green Bond,,,,99.15,,0.11,0.0,0.0,,,2017-06-29,中证交易所高等级绿色债券指数
2017-06-29,931145,中证绿色债券指数,中证绿色债,CSI Green Bond Index,CSI Green Bond,,,,100.33,,0.05,0.0,0.0,,,2017-06-29,中证绿色债券指数
2017-06-30,930951,中证交易所绿色债券指数,交易所绿色债,CSI Exchange Green Bond Index,Exchange Green Bond,,,,99.25,0.04,0.04,0.05,0.05,24.0,,2017-06-30,中证交易所绿色债券指数
2017-06-30,931147,中证交易所高等级绿色债券指数,交易所高等级绿色债,CSI Exchange High Grade Green Bond Index,Exchange High Grade Green Bond,,,,99.19,,0.04,0.0,0.0,,,2017-06-30,中证交易所高等级绿色债券指数
2017-06-30,931145,中证绿色债券指数,中证绿色债,CSI Green Bond Index,CSI Green Bond,,,,100.4,,0.06,0.0,0.0,,,2017-06-30,中证绿色债券指数
2017-07-03,930951,中证交易所绿色债券指数,交易所绿色债,CSI Exchange Green Bond Index,Exchange Green Bond,,,,99.28,0.03,0.03,0.0,0.0,26.0,,2017-07-03,中证交易所绿色债券指数
2017-07-03,931147,中证交易所高等级绿色债券指数,交易所高等级绿色债,CSI Exchange High Grade Green Bond Index,Exchange High Grade Green Bond,,,,99.22,,0.03,0.0,0.0,,,2017-07-03,中证交易所高等级绿色债券指数
2017-07-03,931145,中证绿色债券指数,中证绿色债,CSI Green Bond Index,CSI Green Bond,,,,100.38,,-0.02,0.0,0.0,,,2017-07-03,中证绿色债券指数
2017-07-04,930951,中证交易所绿色债券指数,交易所绿色债,CSI Exchange Green Bond Index,Exchange Green Bond,,,,99.3,0.01,0.01,0.24,0.24,26.0,,2017-07-04,中证交易所绿色债券指数
2017-07-04,931147,中证交易所高等级绿色债券指数,交易所高等级绿色债,CSI Exchange High Grade Green Bond Index,Exchange High Grade Green Bond,,,,99.25,,0.03,0.0,0.0,,,2017-07-04,中证交易所高等级绿色债券指数
2017-07-04,931145,中证绿色债券指数,中证绿色债,CSI Green Bond Index,CSI Green Bond,,,,100.41,,0.04,0.0,0.0,,,2017-07-04,中证绿色债券指数
2017-07-05,930951,中证交易所绿色债券指数,交易所绿色债,CSI Exchange Green Bond Index,Exchange Green Bond,,,,99.31,0.01,0.01,0.36,0.35,26.0,,2017-07-05,中证交易所绿色债券指数
2017-07-05,931147,中证交易所高等级绿色债券指数,交易所高等级绿色债,CSI Exchange High Grade Green Bond Index,Exchange High Grade Green Bond,,,,99.28,,0.03,0.0,0.0,,,2017-07-05,中证交易所高等级绿色债券指数
2017-07-05,931145,中证绿色债券指数,中证绿色债,CSI Green Bond Index,CSI Green Bond,,,,100.42,,0.0,0.0,0.0,,,2017-07-05,中证绿色债券指数
2017-07-06,930951,中证交易所绿色债券指数,交易所绿色债,CSI Exchange Green Bond Index,Exchange Green Bond,,,,99.4,0.09,0.09,0.0,0.0,26.0,,2017-07-06,中证交易所绿色债券指数
2017-07-06,931147,中证交易所高等级绿色债券指数,交易所高等级绿色债,CSI Exchange High Grade Green Bond Index,Exchange High Grade Green Bond,,,,99.38,,0.1,0.0,0.0,,,2017-07-06,中证交易所高等级绿色债券指数
2017-07-06,931145,中证绿色债券指数,中证绿色债,CSI Green Bond Index,CSI Green Bond,,,,100.5,,0.09,0.0,0.0,,,2017-07-06,中证绿色债券指数
2017-07-07,930951,中证交易所绿色债券指数,交易所绿色债,CSI Exchange Green Bond Index,Exchange Green Bond,,,,99.46,0.07,0.07,0.0,0.0,26.0,,2017-07-07,中证交易所绿色债券指数
2017-07-07,931147,中证交易所高等级绿色债券指数,交易所高等级绿色债,CSI Exchange High Grade Green Bond Index,Exchange High Grade Green Bond,,,,99.44,,0.07,0.0,0.0,,,2017-07-07,中证交易所高等级绿色债券指数
2017-07-07,931145,中证绿色债券指数,中证绿色债,CSI Green Bond Index,CSI Green Bond,,,,100.53,,0.02,0.0,0.0,,,2017-07-07,中证绿色债券指数
2017-07-10,930951,中证交易所绿色债券指数,交易所绿色债,CSI Exchange Green Bond Index,Exchange Green Bond,,,,99.53,0.07,0.07,2.61,2.53,26.0,,2017-07-10,中证交易所绿色债券指数
2017-07-10,931147,中证交易所高等级绿色债券指数,交易所高等级绿色债,CSI Exchange High Grade Green Bond Index,Exchange High Grade Green Bond,,,,99.52,,0.08,0.0,0.0,,,2017-07-10,中证交易所高等级绿色债券指数
2017-07-10,931145,中证绿色债券指数,中证绿色债,CSI Green Bond Index,CSI Green Bond,,,,100.58,,0.06,0.0,0.0,,,2017-07-10,中证绿色债券指数
2017-07-11,930951,中证交易所绿色债券指数,交易所绿色债,CSI Exchange Green Bond Index,Exchange Green Bond,,,,99.54,0.01,0.01,0.7,0.69,26.0,,2017-07-11,中证交易所绿色债券指数
2017-07-11,931147,中证交易所高等级绿色债券指数,交易所高等级绿色债,CSI Exchange High Grade Green Bond Index,Exchange High Grade Green Bond,,,,99.52,,0.0,0.0,0.0,,,2017-07-11,中证交易所高等级绿色债券指数
2017-07-11,931145,中证绿色债券指数,中证绿色债,CSI Green Bond Index,CSI Green Bond,,,,100.58,,0.0,0.0,0.0,,,2017-07-11,中证绿色债券指数
2017-07-12,930951,中证交易所绿色债券指数,交易所绿色债,CSI Exchange Green Bond Index,Exchange Green Bond,,,,99.58,0.04,0.04,1.75,1.7,26.0,,2017-07-12,中证交易所绿色债券指数
2017-07-12,931147,中证交易所高等级绿色债券指数,交易所高等级绿色债,CSI Exchange High Grade Green Bond Index,Exchange High Grade Green Bond,,,,99.56,,0.04,0.0,0.0,,,2017-07-12,中证交易所高等级绿色债券指数
2017-07-12,931145,中证绿色债券指数,中证绿色债,CSI Green Bond Index,CSI Green Bond,,,,100.61,,0.02,0.0,0.0,,,2017-07-12,中证绿色债券指数
2017-07-13,930951,中证交易所绿色债券指数,交易所绿色债,CSI Exchange Green Bond Index,Exchange Green Bond,,,,99.58,0.0,0.0,1.15,1.12,26.0,,2017-07-13,中证交易所绿色债券指数
2017-07-13,931147,中证交易所高等级绿色债券指数,交易所高等级绿色债,CSI Exchange High Grade Green Bond Index,Exchange High Grade Green Bond,,,,99.56,,0.0,0.0,0.0,,,2017-07-13,中证交易所高等级绿色债券指数
2017-07-13,931145,中证绿色债券指数,中证绿色债,CSI Green Bond Index,CSI Green Bond,,,,100.63,,0.03,0.0,0.0,,,2017-07-13,中证绿色债券指数
2017-07-14,930951,中证交易所绿色债券指数,交易所绿色债,CSI Exchange Green Bond Index,Exchange Green Bond,,,,99.55,-0.03,-0.03,0.0,0.0,26.0,,2017-07-14,中证交易所绿色债券指数
2017-07-14,931147,中证交易所高等级绿色债券指数,交易所高等级绿色债,CSI Exchange High Grade Green Bond Index,Exchange High Grade Green Bond,,,,99.53,,-0.03,0.0,0.0,,,2017-07-14,中证交易所高等级绿色债券指数
2017-07-14,931145,中证绿色债券指数,中证绿色债,CSI Green Bond Index,CSI Green Bond,,,,100.68,,0.04,0.0,0.0,,,2017-07-14,中证绿色债券指数
2017-07-17,930951,中证交易所绿色债券指数,交易所绿色债,CSI Exchange Green Bond Index,Exchange Green Bond,,,,99.65,0.1,0.1,0.0,0.0,26.0,,2017-07-17,中证交易所绿色债券指数
2017-07-17,931147,中证交易所高等级绿色债券指数,交易所高等级绿色债,CSI Exchange High Grade Green Bond Index,Exchange High Grade Green Bond,,,,99.63,,0.1,0.0,0.0,,,2017-07-17,中证交易所高等级绿色债券指数
2017-07-17,931145,中证绿色债券指数,中证绿色债,CSI Green Bond Index,CSI Green Bond,,,,100.77,,0.09,0.0,0.0,,,2017-07-17,中证绿色债券指数
2017-07-18,930951,中证交易所绿色债券指数,交易所绿色债,CSI Exchange Green Bond Index,Exchange Green Bond,,,,99.62,-0.04,-0.04,1.8,1.71,26.0,,2017-07-18,中证交易所绿色债券指数
2017-07-18,931147,中证交易所高等级绿色债券指数,交易所高等级绿色债,CSI Exchange High Grade Green Bond Index,Exchange High Grade Green Bond,,,,99.59,,-0.04,0.0,0.0,,,2017-07-18,中证交易所高等级绿色债券指数
2017-07-18,931145,中证绿色债券指数,中证绿色债,CSI Green Bond Index,CSI Green Bond,,,,100.75,,-0.01,0.0,0.0,,,2017-07-18,中证绿色债券指数
2017-07-19,930951,中证交易所绿色债券指数,交易所绿色债,CSI Exchange Green Bond Index,Exchange Green Bond,,,,99.63,0.01,0.01,0.73,0.69,26.0,,2017-07-19,中证交易所绿色债券指数
2017-07-19,931147,中证交易所高等级绿色债券指数,交易所高等级绿色债,CSI Exchange High Grade Green Bond Index,Exchange High Grade Green Bond,,,,99.6,,0.01,0.0,0.0,,,2017-07-19,中证交易所高等级绿色债券指数
2017-07-19,931145,中证绿色债券指数,中证绿色债,CSI Green Bond Index,CSI Green Bond,,,,100.74,,-0.01,0.0,0.0,,,2017-07-19,中证绿色债券指数
2017-07-20,930951,中证交易所绿色债券指数,交易所绿色债,CSI Exchange Green Bond Index,Exchange Green Bond,,,,99.65,0.03,0.03,0.06,0.06,26.0,,2017-07-20,中证交易所绿色债券指数
2017-07-20,931147,中证交易所高等级绿色债券指数,交易所高等级绿色债,CSI Exchange High Grade Green Bond Index,Exchange High Grade Green Bond,,,,99.62,,0.03,0.0,0.0,,,2017-07-20,中证交易所高等级绿色债券指数
2017-07-20,931145,中证绿色债券指数,中证绿色债,CSI Green Bond Index,CSI Green Bond,,,,100.78,,0.04,0.0,0.0,,,2017-07-20,中证绿色债券指数
2017-07-21,930951,中证交易所绿色债券指数,交易所绿色债,CSI Exchange Green Bond Index,Exchange Green Bond,,,,99.65,-0.01,-0.01,0.6,0.58,26.0,,2017-07-21,中证交易所绿色债券指数
2017-07-21,931147,中证交易所高等级绿色债券指数,交易所高等级绿色债,CSI Exchange High Grade Green Bond Index,Exchange High Grade Green Bond,,,,99.61,,-0.01,0.0,0.0,,,2017-07-21,中证交易所高等级绿色债券指数
2017-07-21,931145,中证绿色债券指数,中证绿色债,CSI Green Bond Index,CSI Green Bond,,,,100.8,,0.03,0.0,0.0,,,2017-07-21,中证绿色债券指数
2017-07-24,930951,中证交易所绿色债券指数,交易所绿色债,CSI Exchange Green Bond Index,Exchange Green Bond,,,,99.64,-0.01,-0.01,0.8,0.77,26.0,,2017-07-24,中证交易所绿色债券指数
2017-07-24,931147,中证交易所高等级绿色债券指数,交易所高等级绿色债,CSI Exchange High Grade Green Bond Index,Exchange High Grade Green Bond,,,,99.61,,-0.01,0.0,0.0,,,2017-07-24,中证交易所高等级绿色债券指数
2017-07-24,931145,中证绿色债券指数,中证绿色债,CSI Green Bond Index,CSI Green Bond,,,,100.86,,0.05,0.0,0.0,,,2017-07-24,中证绿色债券指数
2017-07-25,930951,中证交易所绿色债券指数,交易所绿色债,CSI Exchange Green Bond Index,Exchange Green Bond,,,,99.71,0.07,0.07,2.2,2.11,26.0,,2017-07-25,中证交易所绿色债券指数
2017-07-25,931147,中证交易所高等级绿色债券指数,交易所高等级绿色债,CSI Exchange High Grade Green Bond Index,Exchange High Grade Green Bond,,,,99.67,,0.07,0.0,0.0,,,2017-07-25,中证交易所高等级绿色债券指数
2017-07-25,931145,中证绿色债券指数,中证绿色债,CSI Green Bond Index,CSI Green Bond,,,,100.86,,0.0,0.0,0.0,,,2017-07-25,中证绿色债券指数
2017-07-26,930951,中证交易所绿色债券指数,交易所绿色债,CSI Exchange Green Bond Index,Exchange Green Bond,,,,99.68,-0.03,-0.03,0.0,0.0,26.0,,2017-07-26,中证交易所绿色债券指数
2017-07-26,931147,中证交易所高等级绿色债券指数,交易所高等级绿色债,CSI Exchange High Grade Green Bond Index,Exchange High Grade Green Bond,,,,99.64,,-0.03,0.0,0.0,,,2017-07-26,中证交易所高等级绿色债券指数
2017-07-26,931145,中证绿色债券指数,中证绿色债,CSI Green Bond Index,CSI Green Bond,,,,100.85,,-0.01,0.0,0.0,,,2017-07-26,中证绿色债券指数
2017-07-27,930951,中证交易所绿色债券指数,交易所绿色债,CSI Exchange Green Bond Index,Exchange Green Bond,,,,99.7,0.03,0.03,0.4,0.38,26.0,,2017-07-27,中证交易所绿色债券指数
2017-07-27,931147,中证交易所高等级绿色债券指数,交易所高等级绿色债,CSI Exchange High Grade Green Bond Index,Exchange High Grade Green Bond,,,,99.67,,0.03,0.0,0.0,,,2017-07-27,中证交易所高等级绿色债券指数
2017-07-27,931145,中证绿色债券指数,中证绿色债,CSI Green Bond Index,CSI Green Bond,,,,100.86,,0.01,0.0,0.0,,,2017-07-27,中证绿色债券指数
2017-07-28,930951,中证交易所绿色债券指数,交易所绿色债,CSI Exchange Green Bond Index,Exchange Green Bond,,,,99.74,0.04,0.04,0.4,0.38,26.0,,2017-07-28,中证交易所绿色债券指数
2017-07-28,931147,中证交易所高等级绿色债券指数,交易所高等级绿色债,CSI Exchange High Grade Green Bond Index,Exchange High Grade Green Bond,,,,99.71,,0.04,0.0,0.0,,,2017-07-28,中证交易所高等级绿色债券指数
2017-07-28,931145,中证绿色债券指数,中证绿色债,CSI Green Bond Index,CSI Green Bond,,,,100.92,,0.06,0.0,0.0,,,2017-07-28,中证绿色债券指数
2017-07-31,930951,中证交易所绿色债券指数,交易所绿色债,CSI Exchange Green Bond Index,Exchange Green Bond,,,,99.78,0.05,0.05,0.4,0.39,26.0,,2017-07-31,中证交易所绿色债券指数
2017-07-31,931147,中证交易所高等级绿色债券指数,交易所高等级绿色债,CSI Exchange High Grade Green Bond Index,Exchange High Grade Green Bond,,,,99.75,,0.04,0.0,0.0,,,2017-07-31,中证交易所高等级绿色债券指数
2017-07-31,931145,中证绿色债券指数,中证绿色债,CSI Green Bond Index,CSI Green Bond,,,,100.92,,0.0,0.0,0.0,,,2017-07-31,中证绿色债券指数
2017-08-01,930951,中证交易所绿色债券指数,交易所绿色债,CSI Exchange Green Bond Index,Exchange Green Bond,,,,99.79,0.0,0.0,1.0,1.0,27.0,,2017-08-01,中证交易所绿色债券指数
2017-08-01,931147,中证交易所高等级绿色债券指数,交易所高等级绿色债,CSI Exchange High Grade Green Bond Index,Exchange High Grade Green Bond,,,,99.75,,0.01,0.0,0.0,,,2017-08-01,中证交易所高等级绿色债券指数
2017-08-01,931145,中证绿色债券指数,中证绿色债,CSI Green Bond Index,CSI Green Bond,,,,100.9,,-0.02,0.0,0.0,,,2017-08-01,中证绿色债券指数
2017-08-02,930951,中证交易所绿色债券指数,交易所绿色债,CSI Exchange Green Bond Index,Exchange Green Bond,,,,99.79,0.01,0.01,0.0,0.0,27.0,,2017-08-02,中证交易所绿色债券指数
2017-08-02,931147,中证交易所高等级绿色债券指数,交易所高等级绿色债,CSI Exchange High Grade Green Bond Index,Exchange High Grade Green Bond,,,,99.76,,0.0,0.0,0.0,,,2017-08-02,中证交易所高等级绿色债券指数
2017-08-02,931145,中证绿色债券指数,中证绿色债,CSI Green Bond Index,CSI Green Bond,,,,100.9,,0.0,0.0,0.0,,,2017-08-02,中证绿色债券指数
2017-08-03,930951,中证交易所绿色债券指数,交易所绿色债,CSI Exchange Green Bond Index,Exchange Green Bond,,,,99.8,0.01,0.01,2.0,1.93,27.0,,2017-08-03,中证交易所绿色债券指数
2017-08-03,931147,中证交易所高等级绿色债券指数,交易所高等级绿色债,CSI Exchange High Grade Green Bond Index,Exchange High Grade Green Bond,,,,99.77,,0.01,0.0,0.0,,,2017-08-03,中证交易所高等级绿色债券指数
2017-08-03,931145,中证绿色债券指数,中证绿色债,CSI Green Bond Index,CSI Green Bond,,,,100.9,,0.0,0.0,0.0,,,2017-08-03,中证绿色债券指数
2017-08-04,930951,中证交易所绿色债券指数,交易所绿色债,CSI Exchange Green Bond Index,Exchange Green Bond,,,,99.84,0.03,0.03,0.01,0.01,27.0,,2017-08-04,中证交易所绿色债券指数
2017-08-04,931147,中证交易所高等级绿色债券指数,交易所高等级绿色债,CSI Exchange High Grade Green Bond Index,Exchange High Grade Green Bond,,,,99.8,,0.03,0.0,0.0,,,2017-08-04,中证交易所高等级绿色债券指数
2017-08-04,931145,中证绿色债券指数,中证绿色债,CSI Green Bond Index,CSI Green Bond,,,,100.92,,0.02,0.0,0.0,,,2017-08-04,中证绿色债券指数
2017-08-07,930951,中证交易所绿色债券指数,交易所绿色债,CSI Exchange Green Bond Index,Exchange Green Bond,,,,99.86,0.02,0.02,0.0,0.0,27.0,,2017-08-07,中证交易所绿色债券指数
2017-08-07,931147,中证交易所高等级绿色债券指数,交易所高等级绿色债,CSI Exchange High Grade Green Bond Index,Exchange High Grade Green Bond,,,,99.83,,0.03,0.0,0.0,,,2017-08-07,中证交易所高等级绿色债券指数
2017-08-07,931145,中证绿色债券指数,中证绿色债,CSI Green Bond Index,CSI Green Bond,,,,100.93,,0.01,0.0,0.0,,,2017-08-07,中证绿色债券指数
2017-08-08,930951,中证交易所绿色债券指数,交易所绿色债,CSI Exchange Green Bond Index,Exchange Green Bond,,,,99.77,-0.09,-0.09,0.15,0.14,27.0,,2017-08-08,中证交易所绿色债券指数
2017-08-08,931147,中证交易所高等级绿色债券指数,交易所高等级绿色债,CSI Exchange High Grade Green Bond Index,Exchange High Grade Green Bond,,,,99.73,,-0.1,0.0,0.0,,,2017-08-08,中证交易所高等级绿色债券指数
2017-08-08,931145,中证绿色债券指数,中证绿色债,CSI Green Bond Index,CSI Green Bond,,,,100.87,,-0.06,0.0,0.0,,,2017-08-08,中证绿色债券指数
2017-08-09,930951,中证交易所绿色债券指数,交易所绿色债,CSI Exchange Green Bond Index,Exchange Green Bond,,,,99.7,-0.07,-0.07,0.2,0.19,27.0,,2017-08-09,中证交易所绿色债券指数
2017-08-09,931147,中证交易所高等级绿色债券指数,交易所高等级绿色债,CSI Exchange High Grade Green Bond Index,Exchange High Grade Green Bond,,,,99.66,,-0.07,0.0,0.0,,,2017-08-09,中证交易所高等级绿色债券指数
2017-08-09,931145,中证绿色债券指数,中证绿色债,CSI Green Bond Index,CSI Green Bond,,,,100.85,,-0.02,0.0,0.0,,,2017-08-09,中证绿色债券指数
2017-08-10,930951,中证交易所绿色债券指数,交易所绿色债,CSI Exchange Green Bond Index,Exchange Green Bond,,,,99.69,-0.02,-0.02,0.3,0.29,27.0,,2017-08-10,中证交易所绿色债券指数
2017-08-10,931147,中证交易所高等级绿色债券指数,交易所高等级绿色债,CSI Exchange High Grade Green Bond Index,Exchange High Grade Green Bond,,,,99.65,,-0.01,0.0,0.0,,,2017-08-10,中证交易所高等级绿色债券指数
2017-08-10,931145,中证绿色债券指数,中证绿色债,CSI Green Bond Index,CSI Green Bond,,,,100.85,,0.0,0.0,0.0,,,2017-08-10,中证绿色债券指数
2017-08-11,930951,中证交易所绿色债券指数,交易所绿色债,CSI Exchange Green Bond Index,Exchange Green Bond,,,,99.72,0.03,0.03,0.0,0.0,27.0,,2017-08-11,中证交易所绿色债券指数
2017-08-11,931147,中证交易所高等级绿色债券指数,交易所高等级绿色债,CSI Exchange High Grade Green Bond Index,Exchange High Grade Green Bond,,,,99.67,,0.03,0.0,0.0,,,2017-08-11,中证交易所高等级绿色债券指数
2017-08-11,931145,中证绿色债券指数,中证绿色债,CSI Green Bond Index,CSI Green Bond,,,,100.89,,0.04,0.0,0.0,,,2017-08-11,中证绿色债券指数
2017-08-14,930951,中证交易所绿色债券指数,交易所绿色债,CSI Exchange Green Bond Index,Exchange Green Bond,,,,99.79,0.08,0.08,1.0,0.99,27.0,,2017-08-14,中证交易所绿色债券指数
2017-08-14,931147,中证交易所高等级绿色债券指数,交易所高等级绿色债,CSI Exchange High Grade Green Bond Index,Exchange High Grade Green Bond,,,,99.75,,0.08,0.0,0.0,,,2017-08-14,中证交易所高等级绿色债券指数
2017-08-14,931145,中证绿色债券指数,中证绿色债,CSI Green Bond Index,CSI Green Bond,,,,100.95,,0.06,0.0,0.0,,,2017-08-14,中证绿色债券指数
2017-08-15,930951,中证交易所绿色债券指数,交易所绿色债,CSI Exchange Green Bond Index,Exchange Green Bond,,,,99.83,0.03,0.03,1.05,1.02,27.0,,2017-08-15,中证交易所绿色债券指数
2017-08-15,931147,中证交易所高等级绿色债券指数,交易所高等级绿色债,CSI Exchange High Grade Green Bond Index,Exchange High Grade Green Bond,,,,99.78,,0.04,0.0,0.0,,,2017-08-15,中证交易所高等级绿色债券指数
2017-08-15,931145,中证绿色债券指数,中证绿色债,CSI Green Bond Index,CSI Green Bond,,,,100.99,,0.04,0.0,0.0,,,2017-08-15,中证绿色债券指数
2017-08-16,930951,中证交易所绿色债券指数,交易所绿色债,CSI Exchange Green Bond Index,Exchange Green Bond,,,,99.87,0.05,0.05,0.0,0.0,27.0,,2017-08-16,中证交易所绿色债券指数
2017-08-16,931147,中证交易所高等级绿色债券指数,交易所高等级绿色债,CSI Exchange High Grade Green Bond Index,Exchange High Grade Green Bond,,,,99.83,,0.05,0.0,0.0,,,2017-08-16,中证交易所高等级绿色债券指数
2017-08-16,931145,中证绿色债券指数,中证绿色债,CSI Green Bond Index,CSI Green Bond,,,,100.99,,0.0,0.0,0.0,,,2017-08-16,中证绿色债券指数
2017-08-17,930951,中证交易所绿色债券指数,交易所绿色债,CSI Exchange Green Bond Index,Exchange Green Bond,,,,99.87,0.0,0.0,0.8,0.78,27.0,,2017-08-17,中证交易所绿色债券指数
2017-08-17,931147,中证交易所高等级绿色债券指数,交易所高等级绿色债,CSI Exchange High Grade Green Bond Index,Exchange High Grade Green Bond,,,,99.83,,0.0,0.0,0.0,,,2017-08-17,中证交易所高等级绿色债券指数
2017-08-17,931145,中证绿色债券指数,中证绿色债,CSI Green Bond Index,CSI Green Bond,,,,100.96,,-0.03,0.0,0.0,,,2017-08-17,中证绿色债券指数
2017-08-18,930951,中证交易所绿色债券指数,交易所绿色债,CSI Exchange Green Bond Index,Exchange Green Bond,,,,99.87,-0.01,-0.01,0.2,0.19,27.0,,2017-08-18,中证交易所绿色债券指数
2017-08-18,931147,中证交易所高等级绿色债券指数,交易所高等级绿色债,CSI Exchange High Grade Green Bond Index,Exchange High Grade Green Bond,,,,99.83,,0.0,0.0,0.0,,,2017-08-18,中证交易所高等级绿色债券指数
2017-08-18,931145,中证绿色债券指数,中证绿色债,CSI Green Bond Index,CSI Green Bond,,,,100.97,,0.01,0.0,0.0,,,2017-08-18,中证绿色债券指数
2017-08-21,930951,中证交易所绿色债券指数,交易所绿色债,CSI Exchange Green Bond Index,Exchange Green Bond,,,,99.91,0.04,0.04,0.2,0.19,27.0,,2017-08-21,中证交易所绿色债券指数
2017-08-21,931147,中证交易所高等级绿色债券指数,交易所高等级绿色债,CSI Exchange High Grade Green Bond Index,Exchange High Grade Green Bond,,,,99.86,,0.04,0.0,0.0,,,2017-08-21,中证交易所高等级绿色债券指数
2017-08-21,931145,中证绿色债券指数,中证绿色债,CSI Green Bond Index,CSI Green Bond,,,,101.0,,0.03,0.0,0.0,,,2017-08-21,中证绿色债券指数
2017-08-22,930951,中证交易所绿色债券指数,交易所绿色债,CSI Exchange Green Bond Index,Exchange Green Bond,,,,99.89,-0.02,-0.02,0.05,0.05,27.0,,2017-08-22,中证交易所绿色债券指数
2017-08-22,931147,中证交易所高等级绿色债券指数,交易所高等级绿色债,CSI Exchange High Grade Green Bond Index,Exchange High Grade Green Bond,,,,99.85,,-0.02,0.0,0.0,,,2017-08-22,中证交易所高等级绿色债券指数
2017-08-22,931145,中证绿色债券指数,中证绿色债,CSI Green Bond Index,CSI Green Bond,,,,100.99,,-0.02,0.0,0.0,,,2017-08-22,中证绿色债券指数
2017-08-23,930951,中证交易所绿色债券指数,交易所绿色债,CSI Exchange Green Bond Index,Exchange Green Bond,,,,99.86,-0.03,-0.03,0.5,0.49,27.0,,2017-08-23,中证交易所绿色债券指数
2017-08-23,931147,中证交易所高等级绿色债券指数,交易所高等级绿色债,CSI Exchange High Grade Green Bond Index,Exchange High Grade Green Bond,,,,99.82,,-0.03,0.0,0.0,,,2017-08-23,中证交易所高等级绿色债券指数
2017-08-23,931145,中证绿色债券指数,中证绿色债,CSI Green Bond Index,CSI Green Bond,,,,100.95,,-0.03,0.0,0.0,,,2017-08-23,中证绿色债券指数
2017-08-24,930951,中证交易所绿色债券指数,交易所绿色债,CSI Exchange Green Bond Index,Exchange Green Bond,,,,99.74,-0.12,-0.12,3.03,2.82,27.0,,2017-08-24,中证交易所绿色债券指数
2017-08-24,931147,中证交易所高等级绿色债券指数,交易所高等级绿色债,CSI Exchange High Grade Green Bond Index,Exchange High Grade Green Bond,,,,99.69,,-0.13,0.0,0.0,,,2017-08-24,中证交易所高等级绿色债券指数
2017-08-24,931145,中证绿色债券指数,中证绿色债,CSI Green Bond Index,CSI Green Bond,,,,100.89,,-0.07,0.0,0.0,,,2017-08-24,中证绿色债券指数
2017-08-25,930951,中证交易所绿色债券指数,交易所绿色债,CSI Exchange Green Bond Index,Exchange Green Bond,,,,99.7,-0.04,-0.04,1.7,1.62,27.0,,2017-08-25,中证交易所绿色债券指数
2017-08-25,931147,中证交易所高等级绿色债券指数,交易所高等级绿色债,CSI Exchange High Grade Green Bond Index,Exchange High Grade Green Bond,,,,99.66,,-0.03,0.0,0.0,,,2017-08-25,中证交易所高等级绿色债券指数
2017-08-25,931145,中证绿色债券指数,中证绿色债,CSI Green Bond Index,CSI Green Bond,,,,100.8,,-0.08,0.0,0.0,,,2017-08-25,中证绿色债券指数
2017-08-28,930951,中证交易所绿色债券指数,交易所绿色债,CSI Exchange Green Bond Index,Exchange Green Bond,,,,99.68,-0.02,-0.02,2.2,2.13,27.0,,2017-08-28,中证交易所绿色债券指数
2017-08-28,931147,中证交易所高等级绿色债券指数,交易所高等级绿色债,CSI Exchange High Grade Green Bond Index,Exchange High Grade Green Bond,,,,99.64,,-0.02,0.0,0.0,,,2017-08-28,中证交易所高等级绿色债券指数
2017-08-28,931145,中证绿色债券指数,中证绿色债,CSI Green Bond Index,CSI Green Bond,,,,100.86,,0.06,0.0,0.0,,,2017-08-28,中证绿色债券指数
2017-08-29,930951,中证交易所绿色债券指数,交易所绿色债,CSI Exchange Green Bond Index,Exchange Green Bond,,,,99.65,-0.03,-0.03,1.0,0.96,27.0,,2017-08-29,中证交易所绿色债券指数
2017-08-29,931147,中证交易所高等级绿色债券指数,交易所高等级绿色债,CSI Exchange High Grade Green Bond Index,Exchange High Grade Green Bond,,,,99.61,,-0.03,0.0,0.0,,,2017-08-29,中证交易所高等级绿色债券指数
2017-08-29,931145,中证绿色债券指数,中证绿色债,CSI Green Bond Index,CSI Green Bond,,,,100.78,,-0.08,0.0,0.0,,,2017-08-29,中证绿色债券指数
2017-08-30,930951,中证交易所绿色债券指数,交易所绿色债,CSI Exchange Green Bond Index,Exchange Green Bond,,,,99.62,-0.03,-0.03,1.6,1.54,27.0,,2017-08-30,中证交易所绿色债券指数
2017-08-30,931147,中证交易所高等级绿色债券指数,交易所高等级绿色债,CSI Exchange High Grade Green Bond Index,Exchange High Grade Green Bond,,,,99.58,,-0.03,0.0,0.0,,,2017-08-30,中证交易所高等级绿色债券指数
2017-08-30,931145,中证绿色债券指数,中证绿色债,CSI Green Bond Index,CSI Green Bond,,,,100.72,,-0.06,0.0,0.0,,,2017-08-30,中证绿色债券指数
2017-08-31,930951,中证交易所绿色债券指数,交易所绿色债,CSI Exchange Green Bond Index,Exchange Green Bond,,,,99.59,-0.03,-0.03,3.08,2.96,27.0,,2017-08-31,中证交易所绿色债券指数
2017-08-31,931147,中证交易所高等级绿色债券指数,交易所高等级绿色债,CSI Exchange High Grade Green Bond Index,Exchange High Grade Green Bond,,,,99.56,,-0.02,0.0,0.0,,,2017-08-31,中证交易所高等级绿色债券指数
2017-08-31,931145,中证绿色债券指数,中证绿色债,CSI Green Bond Index,CSI Green Bond,,,,100.71,,-0.01,0.0,0.0,,,2017-08-31,中证绿色债券指数
2017-09-01,930951,中证交易所绿色债券指数,交易所绿色债,CSI Exchange Green Bond Index,Exchange Green Bond,,,,99.6,0.01,0.01,2.6,2.5,33.0,,2017-09-01,中证交易所绿色债券指数
2017-09-01,931147,中证交易所高等级绿色债券指数,交易所高等级绿色债,CSI Exchange High Grade Green Bond Index,Exchange High Grade Green Bond,,,,99.56,,0.01,0.0,0.0,,,2017-09-01,中证交易所高等级绿色债券指数
2017-09-01,931145,中证绿色债券指数,中证绿色债,CSI Green Bond Index,CSI Green Bond,,,,100.77,,0.06,0.0,0.0,,,2017-09-01,中证绿色债券指数
2017-09-04,930951,中证交易所绿色债券指数,交易所绿色债,CSI Exchange Green Bond Index,Exchange Green Bond,,,,99.64,0.04,0.04,2.85,2.82,33.0,,2017-09-04,中证交易所绿色债券指数
2017-09-04,931147,中证交易所高等级绿色债券指数,交易所高等级绿色债,CSI Exchange High Grade Green Bond Index,Exchange High Grade Green Bond,,,,99.59,,0.03,0.0,0.0,,,2017-09-04,中证交易所高等级绿色债券指数
2017-09-04,931145,中证绿色债券指数,中证绿色债,CSI Green Bond Index,CSI Green Bond,,,,100.8,,0.04,0.0,0.0,,,2017-09-04,中证绿色债券指数
2017-09-05,930951,中证交易所绿色债券指数,交易所绿色债,CSI Exchange Green Bond Index,Exchange Green Bond,,,,99.63,-0.01,-0.01,3.1,3.06,33.0,,2017-09-05,中证交易所绿色债券指数
2017-09-05,931147,中证交易所高等级绿色债券指数,交易所高等级绿色债,CSI Exchange High Grade Green Bond Index,Exchange High Grade Green Bond,,,,99.57,,-0.02,0.0,0.0,,,2017-09-05,中证交易所高等级绿色债券指数
2017-09-05,931145,中证绿色债券指数,中证绿色债,CSI Green Bond Index,CSI Green Bond,,,,100.77,,-0.03,0.0,0.0,,,2017-09-05,中证绿色债券指数
2017-09-06,930951,中证交易所绿色债券指数,交易所绿色债,CSI Exchange Green Bond Index,Exchange Green Bond,,,,99.66,0.03,0.03,1.99,1.85,33.0,,2017-09-06,中证交易所绿色债券指数
2017-09-06,931147,中证交易所高等级绿色债券指数,交易所高等级绿色债,CSI Exchange High Grade Green Bond Index,Exchange High Grade Green Bond,,,,99.61,,0.04,0.0,0.0,,,2017-09-06,中证交易所高等级绿色债券指数
2017-09-06,931145,中证绿色债券指数,中证绿色债,CSI Green Bond Index,CSI Green Bond,,,,100.8,,0.03,0.0,0.0,,,2017-09-06,中证绿色债券指数
2017-09-07,930951,中证交易所绿色债券指数,交易所绿色债,CSI Exchange Green Bond Index,Exchange Green Bond,,,,99.68,0.02,0.02,0.51,0.51,33.0,,2017-09-07,中证交易所绿色债券指数
2017-09-07,931147,中证交易所高等级绿色债券指数,交易所高等级绿色债,CSI Exchange High Grade Green Bond Index,Exchange High Grade Green Bond,,,,99.63,,0.02,0.0,0.0,,,2017-09-07,中证交易所高等级绿色债券指数
2017-09-07,931145,中证绿色债券指数,中证绿色债,CSI Green Bond Index,CSI Green Bond,,,,100.8,,0.0,0.0,0.0,,,2017-09-07,中证绿色债券指数
2017-09-08,930951,中证交易所绿色债券指数,交易所绿色债,CSI Exchange Green Bond Index,Exchange Green Bond,,,,99.75,0.07,0.07,0.63,0.6,33.0,,2017-09-08,中证交易所绿色债券指数
2017-09-08,931147,中证交易所高等级绿色债券指数,交易所高等级绿色债,CSI Exchange High Grade Green Bond Index,Exchange High Grade Green Bond,,,,99.71,,0.08,0.0,0.0,,,2017-09-08,中证交易所高等级绿色债券指数
2017-09-08,931145,中证绿色债券指数,中证绿色债,CSI Green Bond Index,CSI Green Bond,,,,100.86,,0.06,0.0,0.0,,,2017-09-08,中证绿色债券指数
2017-09-11,930951,中证交易所绿色债券指数,交易所绿色债,CSI Exchange Green Bond Index,Exchange Green Bond,,,,99.84,0.09,0.09,0.87,0.83,33.0,,2017-09-11,中证交易所绿色债券指数
2017-09-11,931147,中证交易所高等级绿色债券指数,交易所高等级绿色债,CSI Exchange High Grade Green Bond Index,Exchange High Grade Green Bond,,,,99.8,,0.1,0.0,0.0,,,2017-09-11,中证交易所高等级绿色债券指数
2017-09-11,931145,中证绿色债券指数,中证绿色债,CSI Green Bond Index,CSI Green Bond,,,,100.95,,0.1,0.0,0.0,,,2017-09-11,中证绿色债券指数
2017-09-12,930951,中证交易所绿色债券指数,交易所绿色债,CSI Exchange Green Bond Index,Exchange Green Bond,,,,99.87,0.03,0.03,0.33,0.31,33.0,,2017-09-12,中证交易所绿色债券指数
2017-09-12,931147,中证交易所高等级绿色债券指数,交易所高等级绿色债,CSI Exchange High Grade Green Bond Index,Exchange High Grade Green Bond,,,,99.82,,0.02,0.0,0.0,,,2017-09-12,中证交易所高等级绿色债券指数
2017-09-12,931145,中证绿色债券指数,中证绿色债,CSI Green Bond Index,CSI Green Bond,,,,100.96,,0.01,0.0,0.0,,,2017-09-12,中证绿色债券指数
2017-09-13,930951,中证交易所绿色债券指数,交易所绿色债,CSI Exchange Green Bond Index,Exchange Green Bond,,,,99.88,0.01,0.01,0.4,0.38,33.0,,2017-09-13,中证交易所绿色债券指数
2017-09-13,931147,中证交易所高等级绿色债券指数,交易所高等级绿色债,CSI Exchange High Grade Green Bond Index,Exchange High Grade Green Bond,,,,99.84,,0.01,0.0,0.0,,,2017-09-13,中证交易所高等级绿色债券指数
2017-09-13,931145,中证绿色债券指数,中证绿色债,CSI Green Bond Index,CSI Green Bond,,,,100.96,,0.0,0.0,0.0,,,2017-09-13,中证绿色债券指数
2017-09-14,930951,中证交易所绿色债券指数,交易所绿色债,CSI Exchange Green Bond Index,Exchange Green Bond,,,,99.92,0.04,0.04,1.62,1.55,33.0,,2017-09-14,中证交易所绿色债券指数
2017-09-14,931147,中证交易所高等级绿色债券指数,交易所高等级绿色债,CSI Exchange High Grade Green Bond Index,Exchange High Grade Green Bond,,,,99.88,,0.04,0.0,0.0,,,2017-09-14,中证交易所高等级绿色债券指数
2017-09-14,931145,中证绿色债券指数,中证绿色债,CSI Green Bond Index,CSI Green Bond,,,,101.01,,0.05,0.0,0.0,,,2017-09-14,中证绿色债券指数
2017-09-15,930951,中证交易所绿色债券指数,交易所绿色债,CSI Exchange Green Bond Index,Exchange Green Bond,,,,99.96,0.04,0.04,0.0,0.0,33.0,,2017-09-15,中证交易所绿色债券指数
2017-09-15,931147,中证交易所高等级绿色债券指数,交易所高等级绿色债,CSI Exchange High Grade Green Bond Index,Exchange High Grade Green Bond,,,,99.92,,0.04,0.0,0.0,,,2017-09-15,中证交易所高等级绿色债券指数
2017-09-15,931145,中证绿色债券指数,中证绿色债,CSI Green Bond Index,CSI Green Bond,,,,101.02,,0.01,0.0,0.0,,,2017-09-15,中证绿色债券指数
2017-09-18,930951,中证交易所绿色债券指数,交易所绿色债,CSI Exchange Green Bond Index,Exchange Green Bond,,,,100.03,0.07,0.07,0.6,0.59,33.0,,2017-09-18,中证交易所绿色债券指数
2017-09-18,931147,中证交易所高等级绿色债券指数,交易所高等级绿色债,CSI Exchange High Grade Green Bond Index,Exchange High Grade Green Bond,,,,99.99,,0.06,0.0,0.0,,,2017-09-18,中证交易所高等级绿色债券指数
2017-09-18,931145,中证绿色债券指数,中证绿色债,CSI Green Bond Index,CSI Green Bond,,,,101.06,,0.04,0.0,0.0,,,2017-09-18,中证绿色债券指数
2017-09-19,930951,中证交易所绿色债券指数,交易所绿色债,CSI Exchange Green Bond Index,Exchange Green Bond,,,,100.03,0.01,0.01,1.4,1.4,33.0,,2017-09-19,中证交易所绿色债券指数
2017-09-19,931147,中证交易所高等级绿色债券指数,交易所高等级绿色债,CSI Exchange High Grade Green Bond Index,Exchange High Grade Green Bond,,,,99.99,,0.01,0.0,0.0,,,2017-09-19,中证交易所高等级绿色债券指数
2017-09-19,931145,中证绿色债券指数,中证绿色债,CSI Green Bond Index,CSI Green Bond,,,,101.06,,0.01,0.0,0.0,,,2017-09-19,中证绿色债券指数
2017-09-20,930951,中证交易所绿色债券指数,交易所绿色债,CSI Exchange Green Bond Index,Exchange Green Bond,,,,100.07,0.03,0.03,3.79,3.72,33.0,,2017-09-20,中证交易所绿色债券指数
2017-09-20,931147,中证交易所高等级绿色债券指数,交易所高等级绿色债,CSI Exchange High Grade Green Bond Index,Exchange High Grade Green Bond,,,,100.01,,0.01,0.0,0.0,,,2017-09-20,中证交易所高等级绿色债券指数
2017-09-20,931145,中证绿色债券指数,中证绿色债,CSI Green Bond Index,CSI Green Bond,,,,101.11,,0.04,0.0,0.0,,,2017-09-20,中证绿色债券指数
2017-09-21,930951,中证交易所绿色债券指数,交易所绿色债,CSI Exchange Green Bond Index,Exchange Green Bond,,,,100.12,0.06,0.06,2.2,2.14,33.0,,2017-09-21,中证交易所绿色债券指数
2017-09-21,931147,中证交易所高等级绿色债券指数,交易所高等级绿色债,CSI Exchange High Grade Green Bond Index,Exchange High Grade Green Bond,,,,100.08,,0.07,0.0,0.0,,,2017-09-21,中证交易所高等级绿色债券指数
2017-09-21,931145,中证绿色债券指数,中证绿色债,CSI Green Bond Index,CSI Green Bond,,,,101.11,,0.01,0.0,0.0,,,2017-09-21,中证绿色债券指数
2017-09-22,930951,中证交易所绿色债券指数,交易所绿色债,CSI Exchange Green Bond Index,Exchange Green Bond,,,,100.13,0.01,0.01,1.2,1.16,33.0,,2017-09-22,中证交易所绿色债券指数
2017-09-22,931147,中证交易所高等级绿色债券指数,交易所高等级绿色债,CSI Exchange High Grade Green Bond Index,Exchange High Grade Green Bond,,,,100.09,,0.01,0.0,0.0,,,2017-09-22,中证交易所高等级绿色债券指数
2017-09-22,931145,中证绿色债券指数,中证绿色债,CSI Green Bond Index,CSI Green Bond,,,,101.07,,-0.04,0.0,0.0,,,2017-09-22,中证绿色债券指数
2017-09-25,930951,中证交易所绿色债券指数,交易所绿色债,CSI Exchange Green Bond Index,Exchange Green Bond,,,,100.19,0.06,0.06,0.4,0.39,33.0,,2017-09-25,中证交易所绿色债券指数
2017-09-25,931147,中证交易所高等级绿色债券指数,交易所高等级绿色债,CSI Exchange High Grade Green Bond Index,Exchange High Grade Green Bond,,,,100.15,,0.06,0.0,0.0,,,2017-09-25,中证交易所高等级绿色债券指数
2017-09-25,931145,中证绿色债券指数,中证绿色债,CSI Green Bond Index,CSI Green Bond,,,,101.15,,0.07,0.0,0.0,,,2017-09-25,中证绿色债券指数
2017-09-26,930951,中证交易所绿色债券指数,交易所绿色债,CSI Exchange Green Bond Index,Exchange Green Bond,,,,100.2,0.01,0.01,1.6,1.55,33.0,,2017-09-26,中证交易所绿色债券指数
2017-09-26,931147,中证交易所高等级绿色债券指数,交易所高等级绿色债,CSI Exchange High Grade Green Bond Index,Exchange High Grade Green Bond,,,,100.16,,0.01,0.0,0.0,,,2017-09-26,中证交易所高等级绿色债券指数
2017-09-26,931145,中证绿色债券指数,中证绿色债,CSI Green Bond Index,CSI Green Bond,,,,101.19,,0.04,0.0,0.0,,,2017-09-26,中证绿色债券指数
2017-09-27,930951,中证交易所绿色债券指数,交易所绿色债,CSI Exchange Green Bond Index,Exchange Green Bond,,,,100.2,0.0,0.0,0.77,0.74,33.0,,2017-09-27,中证交易所绿色债券指数
2017-09-27,931147,中证交易所高等级绿色债券指数,交易所高等级绿色债,CSI Exchange High Grade Green Bond Index,Exchange High Grade Green Bond,,,,100.16,,0.0,0.0,0.0,,,2017-09-27,中证交易所高等级绿色债券指数
2017-09-27,931145,中证绿色债券指数,中证绿色债,CSI Green Bond Index,CSI Green Bond,,,,101.17,,-0.02,0.0,0.0,,,2017-09-27,中证绿色债券指数
2017-09-28,930951,中证交易所绿色债券指数,交易所绿色债,CSI Exchange Green Bond Index,Exchange Green Bond,,,,100.24,0.03,0.03,0.0,0.0,33.0,,2017-09-28,中证交易所绿色债券指数
2017-09-28,931147,中证交易所高等级绿色债券指数,交易所高等级绿色债,CSI Exchange High Grade Green Bond Index,Exchange High Grade Green Bond,,,,100.18,,0.02,0.0,0.0,,,2017-09-28,中证交易所高等级绿色债券指数
2017-09-28,931145,中证绿色债券指数,中证绿色债,CSI Green Bond Index,CSI Green Bond,,,,101.17,,0.01,0.0,0.0,,,2017-09-28,中证绿色债券指数
2017-09-29,930951,中证交易所绿色债券指数,交易所绿色债,CSI Exchange Green Bond Index,Exchange Green Bond,,,,100.28,0.04,0.04,2.0,2.0,33.0,,2017-09-29,中证交易所绿色债券指数
2017-09-29,931147,中证交易所高等级绿色债券指数,交易所高等级绿色债,CSI Exchange High Grade Green Bond Index,Exchange High Grade Green Bond,,,,100.21,,0.03,0.0,0.0,,,2017-09-29,中证交易所高等级绿色债券指数
2017-09-29,931145,中证绿色债券指数,中证绿色债,CSI Green Bond Index,CSI Green Bond,,,,101.21,,0.04,0.0,0.0,,,2017-09-29,中证绿色债券指数
2017-10-09,930951,中证交易所绿色债券指数,交易所绿色债,CSI Exchange Green Bond Index,Exchange Green Bond,,,,100.41,0.13,0.13,0.0,0.0,38.0,,2017-10-09,中证交易所绿色债券指数
2017-10-09,931147,中证交易所高等级绿色债券指数,交易所高等级绿色债,CSI Exchange High Grade Green Bond Index,Exchange High Grade Green Bond,,,,100.34,,0.13,0.0,0.0,,,2017-10-09,中证交易所高等级绿色债券指数
2017-10-09,931145,中证绿色债券指数,中证绿色债,CSI Green Bond Index,CSI Green Bond,,,,101.34,,0.13,0.0,0.0,,,2017-10-09,中证绿色债券指数
2017-10-10,930951,中证交易所绿色债券指数,交易所绿色债,CSI Exchange Green Bond Index,Exchange Green Bond,,,,100.41,0.0,0.0,0.3,0.29,38.0,,2017-10-10,中证交易所绿色债券指数
2017-10-10,931147,中证交易所高等级绿色债券指数,交易所高等级绿色债,CSI Exchange High Grade Green Bond Index,Exchange High Grade Green Bond,,,,100.34,,0.0,0.0,0.0,,,2017-10-10,中证交易所高等级绿色债券指数
2017-10-10,931145,中证绿色债券指数,中证绿色债,CSI Green Bond Index,CSI Green Bond,,,,101.32,,-0.02,0.0,0.0,,,2017-10-10,中证绿色债券指数
2017-10-11,930951,中证交易所绿色债券指数,交易所绿色债,CSI Exchange Green Bond Index,Exchange Green Bond,,,,100.38,-0.03,-0.03,2.1,2.0,38.0,,2017-10-11,中证交易所绿色债券指数
2017-10-11,931147,中证交易所高等级绿色债券指数,交易所高等级绿色债,CSI Exchange High Grade Green Bond Index,Exchange High Grade Green Bond,,,,100.3,,-0.04,0.0,0.0,,,2017-10-11,中证交易所高等级绿色债券指数
2017-10-11,931145,中证绿色债券指数,中证绿色债,CSI Green Bond Index,CSI Green Bond,,,,101.31,,-0.01,0.0,0.0,,,2017-10-11,中证绿色债券指数
2017-10-12,930951,中证交易所绿色债券指数,交易所绿色债,CSI Exchange Green Bond Index,Exchange Green Bond,,,,100.41,0.03,0.03,0.05,0.05,38.0,,2017-10-12,中证交易所绿色债券指数
2017-10-12,931147,中证交易所高等级绿色债券指数,交易所高等级绿色债,CSI Exchange High Grade Green Bond Index,Exchange High Grade Green Bond,,,,100.34,,0.04,0.0,0.0,,,2017-10-12,中证交易所高等级绿色债券指数
2017-10-12,931145,中证绿色债券指数,中证绿色债,CSI Green Bond Index,CSI Green Bond,,,,101.32,,0.01,0.0,0.0,,,2017-10-12,中证绿色债券指数
2017-10-13,930951,中证交易所绿色债券指数,交易所绿色债,CSI Exchange Green Bond Index,Exchange Green Bond,,,,100.43,0.02,0.02,0.0,0.0,38.0,,2017-10-13,中证交易所绿色债券指数
2017-10-13,931147,中证交易所高等级绿色债券指数,交易所高等级绿色债,CSI Exchange High Grade Green Bond Index,Exchange High Grade Green Bond,,,,100.36,,0.02,0.0,0.0,,,2017-10-13,中证交易所高等级绿色债券指数
2017-10-13,931145,中证绿色债券指数,中证绿色债,CSI Green Bond Index,CSI Green Bond,,,,101.32,,0.0,0.0,0.0,,,2017-10-13,中证绿色债券指数
2017-10-16,930951,中证交易所绿色债券指数,交易所绿色债,CSI Exchange Green Bond Index,Exchange Green Bond,,,,100.33,-0.1,-0.1,3.85,3.67,38.0,,2017-10-16,中证交易所绿色债券指数
2017-10-16,931147,中证交易所高等级绿色债券指数,交易所高等级绿色债,CSI Exchange High Grade Green Bond Index,Exchange High Grade Green Bond,,,,100.26,,-0.1,0.0,0.0,,,2017-10-16,中证交易所高等级绿色债券指数
2017-10-16,931145,中证绿色债券指数,中证绿色债,CSI Green Bond Index,CSI Green Bond,,,,101.28,,-0.04,0.0,0.0,,,2017-10-16,中证绿色债券指数
2017-10-17,930951,中证交易所绿色债券指数,交易所绿色债,CSI Exchange Green Bond Index,Exchange Green Bond,,,,100.25,-0.08,-0.08,12.5,12.15,38.0,,2017-10-17,中证交易所绿色债券指数
2017-10-17,931147,中证交易所高等级绿色债券指数,交易所高等级绿色债,CSI Exchange High Grade Green Bond Index,Exchange High Grade Green Bond,,,,100.18,,-0.08,0.0,0.0,,,2017-10-17,中证交易所高等级绿色债券指数
2017-10-17,931145,中证绿色债券指数,中证绿色债,CSI Green Bond Index,CSI Green Bond,,,,101.22,,-0.07,0.0,0.0,,,2017-10-17,中证绿色债券指数
2017-10-18,930951,中证交易所绿色债券指数,交易所绿色债,CSI Exchange Green Bond Index,Exchange Green Bond,,,,100.24,-0.01,-0.01,2.1,2.03,38.0,,2017-10-18,中证交易所绿色债券指数
2017-10-18,931147,中证交易所高等级绿色债券指数,交易所高等级绿色债,CSI Exchange High Grade Green Bond Index,Exchange High Grade Green Bond,,,,100.17,,-0.01,0.0,0.0,,,2017-10-18,中证交易所高等级绿色债券指数
2017-10-18,931145,中证绿色债券指数,中证绿色债,CSI Green Bond Index,CSI Green Bond,,,,101.21,,-0.01,0.0,0.0,,,2017-10-18,中证绿色债券指数
2017-10-19,930951,中证交易所绿色债券指数,交易所绿色债,CSI Exchange Green Bond Index,Exchange Green Bond,,,,100.25,0.0,0.0,0.2,0.19,38.0,,2017-10-19,中证交易所绿色债券指数
2017-10-19,931147,中证交易所高等级绿色债券指数,交易所高等级绿色债,CSI Exchange High Grade Green Bond Index,Exchange High Grade Green Bond,,,,100.18,,0.01,0.0,0.0,,,2017-10-19,中证交易所高等级绿色债券指数
2017-10-19,931145,中证绿色债券指数,中证绿色债,CSI Green Bond Index,CSI Green Bond,,,,101.25,,0.04,0.0,0.0,,,2017-10-19,中证绿色债券指数
2017-10-20,930951,中证交易所绿色债券指数,交易所绿色债,CSI Exchange Green Bond Index,Exchange Green Bond,,,,100.3,0.05,0.05,2.55,2.44,38.0,,2017-10-20,中证交易所绿色债券指数
2017-10-20,931147,中证交易所高等级绿色债券指数,交易所高等级绿色债,CSI Exchange High Grade Green Bond Index,Exchange High Grade Green Bond,,,,100.23,,0.05,0.0,0.0,,,2017-10-20,中证交易所高等级绿色债券指数
2017-10-20,931145,中证绿色债券指数,中证绿色债,CSI Green Bond Index,CSI Green Bond,,,,101.28,,0.02,0.0,0.0,,,2017-10-20,中证绿色债券指数
2017-10-23,930951,中证交易所绿色债券指数,交易所绿色债,CSI Exchange Green Bond Index,Exchange Green Bond,,,,100.37,0.07,0.07,0.6,0.58,38.0,,2017-10-23,中证交易所绿色债券指数
2017-10-23,931147,中证交易所高等级绿色债券指数,交易所高等级绿色债,CSI Exchange High Grade Green Bond Index,Exchange High Grade Green Bond,,,,100.3,,0.07,0.0,0.0,,,2017-10-23,中证交易所高等级绿色债券指数
2017-10-23,931145,中证绿色债券指数,中证绿色债,CSI Green Bond Index,CSI Green Bond,,,,101.32,,0.04,0.0,0.0,,,2017-10-23,中证绿色债券指数
2017-10-24,930951,中证交易所绿色债券指数,交易所绿色债,CSI Exchange Green Bond Index,Exchange Green Bond,,,,100.35,-0.02,-0.02,3.0,2.88,38.0,,2017-10-24,中证交易所绿色债券指数
2017-10-24,931147,中证交易所高等级绿色债券指数,交易所高等级绿色债,CSI Exchange High Grade Green Bond Index,Exchange High Grade Green Bond,,,,100.28,,-0.02,0.0,0.0,,,2017-10-24,中证交易所高等级绿色债券指数
2017-10-24,931145,中证绿色债券指数,中证绿色债,CSI Green Bond Index,CSI Green Bond,,,,101.34,,0.02,0.0,0.0,,,2017-10-24,中证绿色债券指数
2017-10-25,930951,中证交易所绿色债券指数,交易所绿色债,CSI Exchange Green Bond Index,Exchange Green Bond,,,,100.24,-0.11,-0.11,10.01,9.55,38.0,,2017-10-25,中证交易所绿色债券指数
2017-10-25,931147,中证交易所高等级绿色债券指数,交易所高等级绿色债,CSI Exchange High Grade Green Bond Index,Exchange High Grade Green Bond,,,,100.17,,-0.11,0.0,0.0,,,2017-10-25,中证交易所高等级绿色债券指数
2017-10-25,931145,中证绿色债券指数,中证绿色债,CSI Green Bond Index,CSI Green Bond,,,,101.3,,-0.04,0.0,0.0,,,2017-10-25,中证绿色债券指数
2017-10-26,930951,中证交易所绿色债券指数,交易所绿色债,CSI Exchange Green Bond Index,Exchange Green Bond,,,,100.27,0.03,0.03,3.4,3.36,38.0,,2017-10-26,中证交易所绿色债券指数
2017-10-26,931147,中证交易所高等级绿色债券指数,交易所高等级绿色债,CSI Exchange High Grade Green Bond Index,Exchange High Grade Green Bond,,,,100.2,,0.03,0.0,0.0,,,2017-10-26,中证交易所高等级绿色债券指数
2017-10-26,931145,中证绿色债券指数,中证绿色债,CSI Green Bond Index,CSI Green Bond,,,,101.29,,-0.01,0.0,0.0,,,2017-10-26,中证绿色债券指数
2017-10-27,930951,中证交易所绿色债券指数,交易所绿色债,CSI Exchange Green Bond Index,Exchange Green Bond,,,,100.27,-0.01,-0.01,0.51,0.51,38.0,,2017-10-27,中证交易所绿色债券指数
2017-10-27,931147,中证交易所高等级绿色债券指数,交易所高等级绿色债,CSI Exchange High Grade Green Bond Index,Exchange High Grade Green Bond,,,,100.19,,-0.01,0.0,0.0,,,2017-10-27,中证交易所高等级绿色债券指数
2017-10-27,931145,中证绿色债券指数,中证绿色债,CSI Green Bond Index,CSI Green Bond,,,,101.26,,-0.02,0.0,0.0,,,2017-10-27,中证绿色债券指数
2017-10-30,930951,中证交易所绿色债券指数,交易所绿色债,CSI Exchange Green Bond Index,Exchange Green Bond,,,,100.16,-0.1,-0.1,1.6,1.56,38.0,,2017-10-30,中证交易所绿色债券指数
2017-10-30,931147,中证交易所高等级绿色债券指数,交易所高等级绿色债,CSI Exchange High Grade Green Bond Index,Exchange High Grade Green Bond,,,,100.08,,-0.11,0.0,0.0,,,2017-10-30,中证交易所高等级绿色债券指数
2017-10-30,931145,中证绿色债券指数,中证绿色债,CSI Green Bond Index,CSI Green Bond,,,,101.07,,-0.19,0.0,0.0,,,2017-10-30,中证绿色债券指数
2017-10-31,930951,中证交易所绿色债券指数,交易所绿色债,CSI Exchange Green Bond Index,Exchange Green Bond,,,,100.07,-0.1,-0.1,2.1,2.05,38.0,,2017-10-31,中证交易所绿色债券指数
2017-10-31,931147,中证交易所高等级绿色债券指数,交易所高等级绿色债,CSI Exchange High Grade Green Bond Index,Exchange High Grade Green Bond,,,,99.98,,-0.1,0.0,0.0,,,2017-10-31,中证交易所高等级绿色债券指数
2017-10-31,931145,中证绿色债券指数,中证绿色债,CSI Green Bond Index,CSI Green Bond,,,,101.04,,-0.03,0.0,0.0,,,2017-10-31,中证绿色债券指数
2017-11-01,930951,中证交易所绿色债券指数,交易所绿色债,CSI Exchange Green Bond Index,Exchange Green Bond,,,,100.08,0.02,0.02,3.01,2.95,42.0,,2017-11-01,中证交易所绿色债券指数
2017-11-01,931147,中证交易所高等级绿色债券指数,交易所高等级绿色债,CSI Exchange High Grade Green Bond Index,Exchange High Grade Green Bond,,,,100.0,,0.02,0.0,0.0,,,2017-11-01,中证交易所高等级绿色债券指数
2017-11-01,931145,中证绿色债券指数,中证绿色债,CSI Green Bond Index,CSI Green Bond,,,,101.09,,0.05,0.0,0.0,,,2017-11-01,中证绿色债券指数
2017-11-02,930951,中证交易所绿色债券指数,交易所绿色债,CSI Exchange Green Bond Index,Exchange Green Bond,,,,100.1,0.01,0.01,4.58,4.13,42.0,,2017-11-02,中证交易所绿色债券指数
2017-11-02,931147,中证交易所高等级绿色债券指数,交易所高等级绿色债,CSI Exchange High Grade Green Bond Index,Exchange High Grade Green Bond,,,,100.01,,0.01,0.0,0.0,,,2017-11-02,中证交易所高等级绿色债券指数
2017-11-02,931145,中证绿色债券指数,中证绿色债,CSI Green Bond Index,CSI Green Bond,,,,101.1,,0.01,0.0,0.0,,,2017-11-02,中证绿色债券指数
2017-11-03,930951,中证交易所绿色债券指数,交易所绿色债,CSI Exchange Green Bond Index,Exchange Green Bond,,,,100.11,0.01,0.01,0.0,0.0,42.0,,2017-11-03,中证交易所绿色债券指数
2017-11-03,931147,中证交易所高等级绿色债券指数,交易所高等级绿色债,CSI Exchange High Grade Green Bond Index,Exchange High Grade Green Bond,,,,100.02,,0.01,0.0,0.0,,,2017-11-03,中证交易所高等级绿色债券指数
2017-11-03,931145,中证绿色债券指数,中证绿色债,CSI Green Bond Index,CSI Green Bond,,,,101.1,,0.0,0.0,0.0,,,2017-11-03,中证绿色债券指数
2017-11-06,930951,中证交易所绿色债券指数,交易所绿色债,CSI Exchange Green Bond Index,Exchange Green Bond,,,,100.13,0.03,0.03,4.26,4.16,42.0,,2017-11-06,中证交易所绿色债券指数
2017-11-06,931147,中证交易所高等级绿色债券指数,交易所高等级绿色债,CSI Exchange High Grade Green Bond Index,Exchange High Grade Green Bond,,,,100.05,,0.03,0.0,0.0,,,2017-11-06,中证交易所高等级绿色债券指数
2017-11-06,931145,中证绿色债券指数,中证绿色债,CSI Green Bond Index,CSI Green Bond,,,,101.12,,0.02,0.0,0.0,,,2017-11-06,中证绿色债券指数
2017-11-07,930951,中证交易所绿色债券指数,交易所绿色债,CSI Exchange Green Bond Index,Exchange Green Bond,,,,100.1,-0.04,-0.04,5.5,5.37,42.0,,2017-11-07,中证交易所绿色债券指数
2017-11-07,931147,中证交易所高等级绿色债券指数,交易所高等级绿色债,CSI Exchange High Grade Green Bond Index,Exchange High Grade Green Bond,,,,100.01,,-0.04,0.0,0.0,,,2017-11-07,中证交易所高等级绿色债券指数
2017-11-07,931145,中证绿色债券指数,中证绿色债,CSI Green Bond Index,CSI Green Bond,,,,101.13,,0.01,0.0,0.0,,,2017-11-07,中证绿色债券指数
2017-11-08,930951,中证交易所绿色债券指数,交易所绿色债,CSI Exchange Green Bond Index,Exchange Green Bond,,,,100.06,-0.04,-0.04,0.1,0.1,42.0,,2017-11-08,中证交易所绿色债券指数
2017-11-08,931147,中证交易所高等级绿色债券指数,交易所高等级绿色债,CSI Exchange High Grade Green Bond Index,Exchange High Grade Green Bond,,,,99.97,,-0.04,0.0,0.0,,,2017-11-08,中证交易所高等级绿色债券指数
2017-11-08,931145,中证绿色债券指数,中证绿色债,CSI Green Bond Index,CSI Green Bond,,,,101.08,,-0.06,0.0,0.0,,,2017-11-08,中证绿色债券指数
2017-11-09,930951,中证交易所绿色债券指数,交易所绿色债,CSI Exchange Green Bond Index,Exchange Green Bond,,,,100.05,-0.01,-0.01,7.0,6.67,42.0,,2017-11-09,中证交易所绿色债券指数
2017-11-09,931147,中证交易所高等级绿色债券指数,交易所高等级绿色债,CSI Exchange High Grade Green Bond Index,Exchange High Grade Green Bond,,,,99.97,,-0.01,0.0,0.0,,,2017-11-09,中证交易所高等级绿色债券指数
2017-11-09,931145,中证绿色债券指数,中证绿色债,CSI Green Bond Index,CSI Green Bond,,,,101.07,,0.0,0.0,0.0,,,2017-11-09,中证绿色债券指数
2017-11-10,930951,中证交易所绿色债券指数,交易所绿色债,CSI Exchange Green Bond Index,Exchange Green Bond,,,,100.04,-0.01,-0.01,1.8,1.72,42.0,,2017-11-10,中证交易所绿色债券指数
2017-11-10,931147,中证交易所高等级绿色债券指数,交易所高等级绿色债,CSI Exchange High Grade Green Bond Index,Exchange High Grade Green Bond,,,,99.96,,-0.01,0.0,0.0,,,2017-11-10,中证交易所高等级绿色债券指数
2017-11-10,931145,中证绿色债券指数,中证绿色债,CSI Green Bond Index,CSI Green Bond,,,,101.09,,0.01,0.0,0.0,,,2017-11-10,中证绿色债券指数
2017-11-13,930951,中证交易所绿色债券指数,交易所绿色债,CSI Exchange Green Bond Index,Exchange Green Bond,,,,99.96,-0.08,-0.08,4.71,4.57,42.0,,2017-11-13,中证交易所绿色债券指数
2017-11-13,931147,中证交易所高等级绿色债券指数,交易所高等级绿色债,CSI Exchange High Grade Green Bond Index,Exchange High Grade Green Bond,,,,99.87,,-0.08,0.0,0.0,,,2017-11-13,中证交易所高等级绿色债券指数
2017-11-13,931145,中证绿色债券指数,中证绿色债,CSI Green Bond Index,CSI Green Bond,,,,101.04,,-0.05,0.0,0.0,,,2017-11-13,中证绿色债券指数
2017-11-14,930951,中证交易所绿色债券指数,交易所绿色债,CSI Exchange Green Bond Index,Exchange Green Bond,,,,99.85,-0.11,-0.11,4.7,4.56,42.0,,2017-11-14,中证交易所绿色债券指数
2017-11-14,931147,中证交易所高等级绿色债券指数,交易所高等级绿色债,CSI Exchange High Grade Green Bond Index,Exchange High Grade Green Bond,,,,99.76,,-0.11,0.0,0.0,,,2017-11-14,中证交易所高等级绿色债券指数
2017-11-14,931145,中证绿色债券指数,中证绿色债,CSI Green Bond Index,CSI Green Bond,,,,100.93,,-0.11,0.0,0.0,,,2017-11-14,中证绿色债券指数
2017-11-15,930951,中证交易所绿色债券指数,交易所绿色债,CSI Exchange Green Bond Index,Exchange Green Bond,,,,99.73,-0.12,-0.12,1.2,1.13,42.0,,2017-11-15,中证交易所绿色债券指数
2017-11-15,931147,中证交易所高等级绿色债券指数,交易所高等级绿色债,CSI Exchange High Grade Green Bond Index,Exchange High Grade Green Bond,,,,99.64,,-0.12,0.0,0.0,,,2017-11-15,中证交易所高等级绿色债券指数
2017-11-15,931145,中证绿色债券指数,中证绿色债,CSI Green Bond Index,CSI Green Bond,,,,100.87,,-0.06,0.0,0.0,,,2017-11-15,中证绿色债券指数
2017-11-16,930951,中证交易所绿色债券指数,交易所绿色债,CSI Exchange Green Bond Index,Exchange Green Bond,,,,99.63,-0.09,-0.09,1.9,1.83,42.0,,2017-11-16,中证交易所绿色债券指数
2017-11-16,931147,中证交易所高等级绿色债券指数,交易所高等级绿色债,CSI Exchange High Grade Green Bond Index,Exchange High Grade Green Bond,,,,99.55,,-0.09,0.0,0.0,,,2017-11-16,中证交易所高等级绿色债券指数
2017-11-16,931145,中证绿色债券指数,中证绿色债,CSI Green Bond Index,CSI Green Bond,,,,100.84,,-0.03,0.0,0.0,,,2017-11-16,中证绿色债券指数
2017-11-17,930951,中证交易所绿色债券指数,交易所绿色债,CSI Exchange Green Bond Index,Exchange Green Bond,,,,99.6,-0.03,-0.03,1.0,0.98,42.0,,2017-11-17,中证交易所绿色债券指数
2017-11-17,931147,中证交易所高等级绿色债券指数,交易所高等级绿色债,CSI Exchange High Grade Green Bond Index,Exchange High Grade Green Bond,,,,99.52,,-0.03,0.0,0.0,,,2017-11-17,中证交易所高等级绿色债券指数
2017-11-17,931145,中证绿色债券指数,中证绿色债,CSI Green Bond Index,CSI Green Bond,,,,100.85,,0.0,0.0,0.0,,,2017-11-17,中证绿色债券指数
2017-11-20,930951,中证交易所绿色债券指数,交易所绿色债,CSI Exchange Green Bond Index,Exchange Green Bond,,,,99.61,0.0,0.0,0.11,0.1,42.0,,2017-11-20,中证交易所绿色债券指数
2017-11-20,931147,中证交易所高等级绿色债券指数,交易所高等级绿色债,CSI Exchange High Grade Green Bond Index,Exchange High Grade Green Bond,,,,99.52,,0.0,0.0,0.0,,,2017-11-20,中证交易所高等级绿色债券指数
2017-11-20,931145,中证绿色债券指数,中证绿色债,CSI Green Bond Index,CSI Green Bond,,,,100.87,,0.03,0.0,0.0,,,2017-11-20,中证绿色债券指数
2017-11-21,930951,中证交易所绿色债券指数,交易所绿色债,CSI Exchange Green Bond Index,Exchange Green Bond,,,,99.57,-0.03,-0.03,0.21,0.19,42.0,,2017-11-21,中证交易所绿色债券指数
2017-11-21,931147,中证交易所高等级绿色债券指数,交易所高等级绿色债,CSI Exchange High Grade Green Bond Index,Exchange High Grade Green Bond,,,,99.49,,-0.04,0.0,0.0,,,2017-11-21,中证交易所高等级绿色债券指数
2017-11-21,931145,中证绿色债券指数,中证绿色债,CSI Green Bond Index,CSI Green Bond,,,,100.83,,-0.04,0.0,0.0,,,2017-11-21,中证绿色债券指数
2017-11-22,930951,中证交易所绿色债券指数,交易所绿色债,CSI Exchange Green Bond Index,Exchange Green Bond,,,,99.49,-0.08,-0.08,2.9,2.74,42.0,,2017-11-22,中证交易所绿色债券指数
2017-11-22,931147,中证交易所高等级绿色债券指数,交易所高等级绿色债,CSI Exchange High Grade Green Bond Index,Exchange High Grade Green Bond,,,,99.41,,-0.08,0.0,0.0,,,2017-11-22,中证交易所高等级绿色债券指数
2017-11-22,931145,中证绿色债券指数,中证绿色债,CSI Green Bond Index,CSI Green Bond,,,,100.72,,-0.11,0.0,0.0,,,2017-11-22,中证绿色债券指数
2017-11-23,930951,中证交易所绿色债券指数,交易所绿色债,CSI Exchange Green Bond Index,Exchange Green Bond,,,,99.25,-0.24,-0.24,2.8,2.72,42.0,,2017-11-23,中证交易所绿色债券指数
2017-11-23,931147,中证交易所高等级绿色债券指数,交易所高等级绿色债,CSI Exchange High Grade Green Bond Index,Exchange High Grade Green Bond,,,,99.16,,-0.25,0.0,0.0,,,2017-11-23,中证交易所高等级绿色债券指数
2017-11-23,931145,中证绿色债券指数,中证绿色债,CSI Green Bond Index,CSI Green Bond,,,,100.55,,-0.17,0.0,0.0,,,2017-11-23,中证绿色债券指数
2017-11-24,930951,中证交易所绿色债券指数,交易所绿色债,CSI Exchange Green Bond Index,Exchange Green Bond,,,,99.19,-0.06,-0.06,2.3,2.21,42.0,,2017-11-24,中证交易所绿色债券指数
2017-11-24,931147,中证交易所高等级绿色债券指数,交易所高等级绿色债,CSI Exchange High Grade Green Bond Index,Exchange High Grade Green Bond,,,,99.1,,-0.06,0.0,0.0,,,2017-11-24,中证交易所高等级绿色债券指数
2017-11-24,931145,中证绿色债券指数,中证绿色债,CSI Green Bond Index,CSI Green Bond,,,,100.55,,0.0,0.0,0.0,,,2017-11-24,中证绿色债券指数
2017-11-27,930951,中证交易所绿色债券指数,交易所绿色债,CSI Exchange Green Bond Index,Exchange Green Bond,,,,99.13,-0.06,-0.06,0.0,0.0,42.0,,2017-11-27,中证交易所绿色债券指数
2017-11-27,931147,中证交易所高等级绿色债券指数,交易所高等级绿色债,CSI Exchange High Grade Green Bond Index,Exchange High Grade Green Bond,,,,99.04,,-0.06,0.0,0.0,,,2017-11-27,中证交易所高等级绿色债券指数
2017-11-27,931145,中证绿色债券指数,中证绿色债,CSI Green Bond Index,CSI Green Bond,,,,100.59,,0.05,0.0,0.0,,,2017-11-27,中证绿色债券指数
2017-11-28,930951,中证交易所绿色债券指数,交易所绿色债,CSI Exchange Green Bond Index,Exchange Green Bond,,,,99.08,-0.05,-0.05,2.6,2.54,42.0,,2017-11-28,中证交易所绿色债券指数
2017-11-28,931147,中证交易所高等级绿色债券指数,交易所高等级绿色债,CSI Exchange High Grade Green Bond Index,Exchange High Grade Green Bond,,,,98.99,,-0.05,0.0,0.0,,,2017-11-28,中证交易所高等级绿色债券指数
2017-11-28,931145,中证绿色债券指数,中证绿色债,CSI Green Bond Index,CSI Green Bond,,,,100.57,,-0.03,0.0,0.0,,,2017-11-28,中证绿色债券指数
2017-11-29,930951,中证交易所绿色债券指数,交易所绿色债,CSI Exchange Green Bond Index,Exchange Green Bond,,,,99.08,0.01,0.01,0.0,0.0,42.0,,2017-11-29,中证交易所绿色债券指数
2017-11-29,931147,中证交易所高等级绿色债券指数,交易所高等级绿色债,CSI Exchange High Grade Green Bond Index,Exchange High Grade Green Bond,,,,98.99,,0.0,0.0,0.0,,,2017-11-29,中证交易所高等级绿色债券指数
2017-11-29,931145,中证绿色债券指数,中证绿色债,CSI Green Bond Index,CSI Green Bond,,,,100.55,,-0.01,0.0,0.0,,,2017-11-29,中证绿色债券指数
2017-11-30,930951,中证交易所绿色债券指数,交易所绿色债,CSI Exchange Green Bond Index,Exchange Green Bond,,,,99.04,-0.04,-0.04,3.6,3.48,42.0,,2017-11-30,中证交易所绿色债券指数
2017-11-30,931147,中证交易所高等级绿色债券指数,交易所高等级绿色债,CSI Exchange High Grade Green Bond Index,Exchange High Grade Green Bond,,,,98.96,,-0.03,0.0,0.0,,,2017-11-30,中证交易所高等级绿色债券指数
2017-11-30,931145,中证绿色债券指数,中证绿色债,CSI Green Bond Index,CSI Green Bond,,,,100.55,,0.0,0.0,0.0,,,2017-11-30,中证绿色债券指数
2017-12-01,930951,中证交易所绿色债券指数,交易所绿色债,CSI Exchange Green Bond Index,Exchange Green Bond,,,,99.07,0.03,0.03,1.0,0.99,45.0,,2017-12-01,中证交易所绿色债券指数
2017-12-01,931147,中证交易所高等级绿色债券指数,交易所高等级绿色债,CSI Exchange High Grade Green Bond Index,Exchange High Grade Green Bond,,,,98.99,,0.03,0.0,0.0,,,2017-12-01,中证交易所高等级绿色债券指数
2017-12-01,931145,中证绿色债券指数,中证绿色债,CSI Green Bond Index,CSI Green Bond,,,,100.58,,0.03,0.0,0.0,,,2017-12-01,中证绿色债券指数
2017-12-04,930951,中证交易所绿色债券指数,交易所绿色债,CSI Exchange Green Bond Index,Exchange Green Bond,,,,99.09,0.02,0.02,1.2,1.12,45.0,,2017-12-04,中证交易所绿色债券指数
2017-12-04,931147,中证交易所高等级绿色债券指数,交易所高等级绿色债,CSI Exchange High Grade Green Bond Index,Exchange High Grade Green Bond,,,,99.01,,0.02,0.0,0.0,,,2017-12-04,中证交易所高等级绿色债券指数
2017-12-04,931145,中证绿色债券指数,中证绿色债,CSI Green Bond Index,CSI Green Bond,,,,100.62,,0.04,0.0,0.0,,,2017-12-04,中证绿色债券指数
2017-12-05,930951,中证交易所绿色债券指数,交易所绿色债,CSI Exchange Green Bond Index,Exchange Green Bond,,,,99.14,0.06,0.06,2.48,2.45,45.0,,2017-12-05,中证交易所绿色债券指数
2017-12-05,931147,中证交易所高等级绿色债券指数,交易所高等级绿色债,CSI Exchange High Grade Green Bond Index,Exchange High Grade Green Bond,,,,99.07,,0.06,0.0,0.0,,,2017-12-05,中证交易所高等级绿色债券指数
2017-12-05,931145,中证绿色债券指数,中证绿色债,CSI Green Bond Index,CSI Green Bond,,,,100.67,,0.05,0.0,0.0,,,2017-12-05,中证绿色债券指数
2017-12-06,930951,中证交易所绿色债券指数,交易所绿色债,CSI Exchange Green Bond Index,Exchange Green Bond,,,,99.23,0.08,0.08,2.6,2.52,45.0,,2017-12-06,中证交易所绿色债券指数
2017-12-06,931147,中证交易所高等级绿色债券指数,交易所高等级绿色债,CSI Exchange High Grade Green Bond Index,Exchange High Grade Green Bond,,,,99.15,,0.09,0.0,0.0,,,2017-12-06,中证交易所高等级绿色债券指数
2017-12-06,931145,中证绿色债券指数,中证绿色债,CSI Green Bond Index,CSI Green Bond,,,,100.69,,0.02,0.0,0.0,,,2017-12-06,中证绿色债券指数
2017-12-07,930951,中证交易所绿色债券指数,交易所绿色债,CSI Exchange Green Bond Index,Exchange Green Bond,,,,99.31,0.08,0.08,1.0,0.97,45.0,,2017-12-07,中证交易所绿色债券指数
2017-12-07,931147,中证交易所高等级绿色债券指数,交易所高等级绿色债,CSI Exchange High Grade Green Bond Index,Exchange High Grade Green Bond,,,,99.23,,0.08,0.0,0.0,,,2017-12-07,中证交易所高等级绿色债券指数
2017-12-07,931145,中证绿色债券指数,中证绿色债,CSI Green Bond Index,CSI Green Bond,,,,100.73,,0.04,0.0,0.0,,,2017-12-07,中证绿色债券指数
2017-12-08,930951,中证交易所绿色债券指数,交易所绿色债,CSI Exchange Green Bond Index,Exchange Green Bond,,,,99.33,0.03,0.03,2.26,2.12,45.0,,2017-12-08,中证交易所绿色债券指数
2017-12-08,931147,中证交易所高等级绿色债券指数,交易所高等级绿色债,CSI Exchange High Grade Green Bond Index,Exchange High Grade Green Bond,,,,99.26,,0.03,0.0,0.0,,,2017-12-08,中证交易所高等级绿色债券指数
2017-12-08,931145,中证绿色债券指数,中证绿色债,CSI Green Bond Index,CSI Green Bond,,,,100.75,,0.03,0.0,0.0,,,2017-12-08,中证绿色债券指数
2017-12-11,930951,中证交易所绿色债券指数,交易所绿色债,CSI Exchange Green Bond Index,Exchange Green Bond,,,,99.36,0.02,0.02,0.0,0.0,45.0,,2017-12-11,中证交易所绿色债券指数
2017-12-11,931147,中证交易所高等级绿色债券指数,交易所高等级绿色债,CSI Exchange High Grade Green Bond Index,Exchange High Grade Green Bond,,,,99.28,,0.02,0.0,0.0,,,2017-12-11,中证交易所高等级绿色债券指数
2017-12-11,931145,中证绿色债券指数,中证绿色债,CSI Green Bond Index,CSI Green Bond,,,,100.78,,0.03,0.0,0.0,,,2017-12-11,中证绿色债券指数
2017-12-12,930951,中证交易所绿色债券指数,交易所绿色债,CSI Exchange Green Bond Index,Exchange Green Bond,,,,99.37,0.01,0.01,6.3,6.0,45.0,,2017-12-12,中证交易所绿色债券指数
2017-12-12,931147,中证交易所高等级绿色债券指数,交易所高等级绿色债,CSI Exchange High Grade Green Bond Index,Exchange High Grade Green Bond,,,,99.3,,0.01,0.0,0.0,,,2017-12-12,中证交易所高等级绿色债券指数
2017-12-12,931145,中证绿色债券指数,中证绿色债,CSI Green Bond Index,CSI Green Bond,,,,100.78,,0.01,0.0,0.0,,,2017-12-12,中证绿色债券指数
2017-12-13,930951,中证交易所绿色债券指数,交易所绿色债,CSI Exchange Green Bond Index,Exchange Green Bond,,,,99.36,0.0,0.0,1.54,1.5,45.0,,2017-12-13,中证交易所绿色债券指数
2017-12-13,931147,中证交易所高等级绿色债券指数,交易所高等级绿色债,CSI Exchange High Grade Green Bond Index,Exchange High Grade Green Bond,,,,99.29,,-0.01,0.0,0.0,,,2017-12-13,中证交易所高等级绿色债券指数
2017-12-13,931145,中证绿色债券指数,中证绿色债,CSI Green Bond Index,CSI Green Bond,,,,100.78,,-0.01,0.0,0.0,,,2017-12-13,中证绿色债券指数
2017-12-14,930951,中证交易所绿色债券指数,交易所绿色债,CSI Exchange Green Bond Index,Exchange Green Bond,,,,99.37,0.01,0.01,3.9,3.74,45.0,,2017-12-14,中证交易所绿色债券指数
2017-12-14,931147,中证交易所高等级绿色债券指数,交易所高等级绿色债,CSI Exchange High Grade Green Bond Index,Exchange High Grade Green Bond,,,,99.3,,0.01,0.0,0.0,,,2017-12-14,中证交易所高等级绿色债券指数
2017-12-14,931145,中证绿色债券指数,中证绿色债,CSI Green Bond Index,CSI Green Bond,,,,100.8,,0.02,0.0,0.0,,,2017-12-14,中证绿色债券指数
2017-12-15,930951,中证交易所绿色债券指数,交易所绿色债,CSI Exchange Green Bond Index,Exchange Green Bond,,,,99.32,-0.05,-0.05,0.85,0.83,45.0,,2017-12-15,中证交易所绿色债券指数
2017-12-15,931147,中证交易所高等级绿色债券指数,交易所高等级绿色债,CSI Exchange High Grade Green Bond Index,Exchange High Grade Green Bond,,,,99.24,,-0.06,0.0,0.0,,,2017-12-15,中证交易所高等级绿色债券指数
2017-12-15,931145,中证绿色债券指数,中证绿色债,CSI Green Bond Index,CSI Green Bond,,,,100.77,,-0.02,0.0,0.0,,,2017-12-15,中证绿色债券指数
2017-12-18,930951,中证交易所绿色债券指数,交易所绿色债,CSI Exchange Green Bond Index,Exchange Green Bond,,,,99.4,0.08,0.08,1.6,1.55,45.0,,2017-12-18,中证交易所绿色债券指数
2017-12-18,931147,中证交易所高等级绿色债券指数,交易所高等级绿色债,CSI Exchange High Grade Green Bond Index,Exchange High Grade Green Bond,,,,99.32,,0.08,0.0,0.0,,,2017-12-18,中证交易所高等级绿色债券指数
2017-12-18,931145,中证绿色债券指数,中证绿色债,CSI Green Bond Index,CSI Green Bond,,,,100.84,,0.07,0.0,0.0,,,2017-12-18,中证绿色债券指数
2017-12-19,930951,中证交易所绿色债券指数,交易所绿色债,CSI Exchange Green Bond Index,Exchange Green Bond,,,,99.4,0.0,0.0,2.4,2.25,45.0,,2017-12-19,中证交易所绿色债券指数
2017-12-19,931147,中证交易所高等级绿色债券指数,交易所高等级绿色债,CSI Exchange High Grade Green Bond Index,Exchange High Grade Green Bond,,,,99.33,,0.01,0.0,0.0,,,2017-12-19,中证交易所高等级绿色债券指数
2017-12-19,931145,中证绿色债券指数,中证绿色债,CSI Green Bond Index,CSI Green Bond,,,,100.85,,0.0,0.0,0.0,,,2017-12-19,中证绿色债券指数
2017-12-20,930951,中证交易所绿色债券指数,交易所绿色债,CSI Exchange Green Bond Index,Exchange Green Bond,,,,99.4,-0.01,-0.01,1.7,1.64,45.0,,2017-12-20,中证交易所绿色债券指数
2017-12-20,931147,中证交易所高等级绿色债券指数,交易所高等级绿色债,CSI Exchange High Grade Green Bond Index,Exchange High Grade Green Bond,,,,99.32,,-0.01,0.0,0.0,,,2017-12-20,中证交易所高等级绿色债券指数
2017-12-20,931145,中证绿色债券指数,中证绿色债,CSI Green Bond Index,CSI Green Bond,,,,100.85,,0.0,0.0,0.0,,,2017-12-20,中证绿色债券指数
2017-12-21,930951,中证交易所绿色债券指数,交易所绿色债,CSI Exchange Green Bond Index,Exchange Green Bond,,,,99.44,0.05,0.05,4.9,4.68,45.0,,2017-12-21,中证交易所绿色债券指数
2017-12-21,931147,中证交易所高等级绿色债券指数,交易所高等级绿色债,CSI Exchange High Grade Green Bond Index,Exchange High Grade Green Bond,,,,99.37,,0.05,0.0,0.0,,,2017-12-21,中证交易所高等级绿色债券指数
2017-12-21,931145,中证绿色债券指数,中证绿色债,CSI Green Bond Index,CSI Green Bond,,,,100.87,,0.03,0.0,0.0,,,2017-12-21,中证绿色债券指数
2017-12-22,930951,中证交易所绿色债券指数,交易所绿色债,CSI Exchange Green Bond Index,Exchange Green Bond,,,,99.47,0.03,0.03,2.3,2.16,45.0,,2017-12-22,中证交易所绿色债券指数
2017-12-22,931147,中证交易所高等级绿色债券指数,交易所高等级绿色债,CSI Exchange High Grade Green Bond Index,Exchange High Grade Green Bond,,,,99.4,,0.03,0.0,0.0,,,2017-12-22,中证交易所高等级绿色债券指数
2017-12-22,931145,中证绿色债券指数,中证绿色债,CSI Green Bond Index,CSI Green Bond,,,,100.83,,-0.04,0.0,0.0,,,2017-12-22,中证绿色债券指数
2017-12-25,930951,中证交易所绿色债券指数,交易所绿色债,CSI Exchange Green Bond Index,Exchange Green Bond,,,,99.47,0.0,0.0,0.7,0.65,45.0,,2017-12-25,中证交易所绿色债券指数
2017-12-25,931147,中证交易所高等级绿色债券指数,交易所高等级绿色债,CSI Exchange High Grade Green Bond Index,Exchange High Grade Green Bond,,,,99.4,,0.0,0.0,0.0,,,2017-12-25,中证交易所高等级绿色债券指数
2017-12-25,931145,中证绿色债券指数,中证绿色债,CSI Green Bond Index,CSI Green Bond,,,,100.88,,0.06,0.0,0.0,,,2017-12-25,中证绿色债券指数
2017-12-26,930951,中证交易所绿色债券指数,交易所绿色债,CSI Exchange Green Bond Index,Exchange Green Bond,,,,99.46,-0.02,-0.02,3.2,3.04,45.0,,2017-12-26,中证交易所绿色债券指数
2017-12-26,931147,中证交易所高等级绿色债券指数,交易所高等级绿色债,CSI Exchange High Grade Green Bond Index,Exchange High Grade Green Bond,,,,99.39,,-0.02,0.0,0.0,,,2017-12-26,中证交易所高等级绿色债券指数
2017-12-26,931145,中证绿色债券指数,中证绿色债,CSI Green Bond Index,CSI Green Bond,,,,100.89,,0.0,0.0,0.0,,,2017-12-26,中证绿色债券指数
2017-12-27,930951,中证交易所绿色债券指数,交易所绿色债,CSI Exchange Green Bond Index,Exchange Green Bond,,,,99.47,0.01,0.01,0.0,0.0,45.0,,2017-12-27,中证交易所绿色债券指数
2017-12-27,931147,中证交易所高等级绿色债券指数,交易所高等级绿色债,CSI Exchange High Grade Green Bond Index,Exchange High Grade Green Bond,,,,99.39,,0.01,0.0,0.0,,,2017-12-27,中证交易所高等级绿色债券指数
2017-12-27,931145,中证绿色债券指数,中证绿色债,CSI Green Bond Index,CSI Green Bond,,,,100.89,,0.0,0.0,0.0,,,2017-12-27,中证绿色债券指数
2017-12-28,930951,中证交易所绿色债券指数,交易所绿色债,CSI Exchange Green Bond Index,Exchange Green Bond,,,,99.46,0.0,0.0,0.6,0.56,45.0,,2017-12-28,中证交易所绿色债券指数
2017-12-28,931147,中证交易所高等级绿色债券指数,交易所高等级绿色债,CSI Exchange High Grade Green Bond Index,Exchange High Grade Green Bond,,,,99.39,,-0.01,0.0,0.0,,,2017-12-28,中证交易所高等级绿色债券指数
2017-12-28,931145,中证绿色债券指数,中证绿色债,CSI Green Bond Index,CSI Green Bond,,,,100.86,,-0.03,0.0,0.0,,,2017-12-28,中证绿色债券指数
2017-12-29,930951,中证交易所绿色债券指数,交易所绿色债,CSI Exchange Green Bond Index,Exchange Green Bond,,,,99.51,0.05,0.05,0.0,0.0,45.0,,2017-12-29,中证交易所绿色债券指数
2017-12-29,931147,中证交易所高等级绿色债券指数,交易所高等级绿色债,CSI Exchange High Grade Green Bond Index,Exchange High Grade Green Bond,,,,99.42,,0.04,0.0,0.0,,,2017-12-29,中证交易所高等级绿色债券指数
2017-12-29,931145,中证绿色债券指数,中证绿色债,CSI Green Bond Index,CSI Green Bond,,,,100.85,,-0.01,0.0,0.0,,,2017-12-29,中证绿色债券指数
2018-01-02,930951,中证交易所绿色债券指数,交易所绿色债,CSI Exchange Green Bond Index,Exchange Green Bond,,,,99.64,0.13,0.13,0.2,0.2,51.0,,2018-01-02,中证交易所绿色债券指数
2018-01-02,931147,中证交易所高等级绿色债券指数,交易所高等级绿色债,CSI Exchange High Grade Green Bond Index,Exchange High Grade Green Bond,,,,99.55,,0.13,0.0,0.0,,,2018-01-02,中证交易所高等级绿色债券指数
2018-01-02,931145,中证绿色债券指数,中证绿色债,CSI Green Bond Index,CSI Green Bond,,,,100.99,,0.14,0.0,0.0,,,2018-01-02,中证绿色债券指数
2018-01-03,930951,中证交易所绿色债券指数,交易所绿色债,CSI Exchange Green Bond Index,Exchange Green Bond,,,,99.7,0.06,0.06,2.0,1.92,51.0,,2018-01-03,中证交易所绿色债券指数
2018-01-03,931147,中证交易所高等级绿色债券指数,交易所高等级绿色债,CSI Exchange High Grade Green Bond Index,Exchange High Grade Green Bond,,,,99.61,,0.06,0.0,0.0,,,2018-01-03,中证交易所高等级绿色债券指数
2018-01-03,931145,中证绿色债券指数,中证绿色债,CSI Green Bond Index,CSI Green Bond,,,,101.01,,0.02,0.0,0.0,,,2018-01-03,中证绿色债券指数
2018-01-04,930951,中证交易所绿色债券指数,交易所绿色债,CSI Exchange Green Bond Index,Exchange Green Bond,,,,99.67,-0.03,-0.03,0.0,0.0,51.0,,2018-01-04,中证交易所绿色债券指数
2018-01-04,931147,中证交易所高等级绿色债券指数,交易所高等级绿色债,CSI Exchange High Grade Green Bond Index,Exchange High Grade Green Bond,,,,99.58,,-0.03,0.0,0.0,,,2018-01-04,中证交易所高等级绿色债券指数
2018-01-04,931145,中证绿色债券指数,中证绿色债,CSI Green Bond Index,CSI Green Bond,,,,101.03,,0.02,0.0,0.0,,,2018-01-04,中证绿色债券指数
2018-01-05,930951,中证交易所绿色债券指数,交易所绿色债,CSI Exchange Green Bond Index,Exchange Green Bond,,,,99.64,-0.03,-0.03,0.5,0.46,51.0,,2018-01-05,中证交易所绿色债券指数
2018-01-05,931147,中证交易所高等级绿色债券指数,交易所高等级绿色债,CSI Exchange High Grade Green Bond Index,Exchange High Grade Green Bond,,,,99.56,,-0.03,0.0,0.0,,,2018-01-05,中证交易所高等级绿色债券指数
2018-01-05,931145,中证绿色债券指数,中证绿色债,CSI Green Bond Index,CSI Green Bond,,,,101.05,,0.02,0.0,0.0,,,2018-01-05,中证绿色债券指数
2018-01-08,930951,中证交易所绿色债券指数,交易所绿色债,CSI Exchange Green Bond Index,Exchange Green Bond,,,,99.67,0.03,0.03,0.2,0.2,51.0,,2018-01-08,中证交易所绿色债券指数
2018-01-08,931147,中证交易所高等级绿色债券指数,交易所高等级绿色债,CSI Exchange High Grade Green Bond Index,Exchange High Grade Green Bond,,,,99.6,,0.04,0.0,0.0,,,2018-01-08,中证交易所高等级绿色债券指数
2018-01-08,931145,中证绿色债券指数,中证绿色债,CSI Green Bond Index,CSI Green Bond,,,,101.14,,0.1,0.0,0.0,,,2018-01-08,中证绿色债券指数
2018-01-09,930951,中证交易所绿色债券指数,交易所绿色债,CSI Exchange Green Bond Index,Exchange Green Bond,,,,99.64,-0.03,-0.03,0.0,0.0,51.0,,2018-01-09,中证交易所绿色债券指数
2018-01-09,931147,中证交易所高等级绿色债券指数,交易所高等级绿色债,CSI Exchange High Grade Green Bond Index,Exchange High Grade Green Bond,,,,99.57,,-0.03,0.0,0.0,,,2018-01-09,中证交易所高等级绿色债券指数
2018-01-09,931145,中证绿色债券指数,中证绿色债,CSI Green Bond Index,CSI Green Bond,,,,101.15,,0.01,0.0,0.0,,,2018-01-09,中证绿色债券指数
2018-01-10,930951,中证交易所绿色债券指数,交易所绿色债,CSI Exchange Green Bond Index,Exchange Green Bond,,,,99.68,0.03,0.03,1.2,1.16,51.0,,2018-01-10,中证交易所绿色债券指数
2018-01-10,931147,中证交易所高等级绿色债券指数,交易所高等级绿色债,CSI Exchange High Grade Green Bond Index,Exchange High Grade Green Bond,,,,99.6,,0.03,0.0,0.0,,,2018-01-10,中证交易所高等级绿色债券指数
2018-01-10,931145,中证绿色债券指数,中证绿色债,CSI Green Bond Index,CSI Green Bond,,,,101.13,,-0.03,0.0,0.0,,,2018-01-10,中证绿色债券指数
2018-01-11,930951,中证交易所绿色债券指数,交易所绿色债,CSI Exchange Green Bond Index,Exchange Green Bond,,,,99.55,-0.12,-0.13,2.0,1.94,51.0,,2018-01-11,中证交易所绿色债券指数
2018-01-11,931147,中证交易所高等级绿色债券指数,交易所高等级绿色债,CSI Exchange High Grade Green Bond Index,Exchange High Grade Green Bond,,,,99.47,,-0.13,0.0,0.0,,,2018-01-11,中证交易所高等级绿色债券指数
2018-01-11,931145,中证绿色债券指数,中证绿色债,CSI Green Bond Index,CSI Green Bond,,,,101.02,,-0.1,0.0,0.0,,,2018-01-11,中证绿色债券指数
2018-01-12,930951,中证交易所绿色债券指数,交易所绿色债,CSI Exchange Green Bond Index,Exchange Green Bond,,,,99.55,-0.01,-0.01,0.0,0.0,51.0,,2018-01-12,中证交易所绿色债券指数
2018-01-12,931147,中证交易所高等级绿色债券指数,交易所高等级绿色债,CSI Exchange High Grade Green Bond Index,Exchange High Grade Green Bond,,,,99.46,,-0.01,0.0,0.0,,,2018-01-12,中证交易所高等级绿色债券指数
2018-01-12,931145,中证绿色债券指数,中证绿色债,CSI Green Bond Index,CSI Green Bond,,,,100.98,,-0.04,0.0,0.0,,,2018-01-12,中证绿色债券指数
2018-01-15,930951,中证交易所绿色债券指数,交易所绿色债,CSI Exchange Green Bond Index,Exchange Green Bond,,,,99.54,-0.01,-0.01,0.6,0.58,51.0,,2018-01-15,中证交易所绿色债券指数
2018-01-15,931147,中证交易所高等级绿色债券指数,交易所高等级绿色债,CSI Exchange High Grade Green Bond Index,Exchange High Grade Green Bond,,,,99.45,,-0.01,0.0,0.0,,,2018-01-15,中证交易所高等级绿色债券指数
2018-01-15,931145,中证绿色债券指数,中证绿色债,CSI Green Bond Index,CSI Green Bond,,,,101.02,,0.04,0.0,0.0,,,2018-01-15,中证绿色债券指数
2018-01-16,930951,中证交易所绿色债券指数,交易所绿色债,CSI Exchange Green Bond Index,Exchange Green Bond,,,,99.55,0.01,0.01,0.5,0.46,51.0,,2018-01-16,中证交易所绿色债券指数
2018-01-16,931147,中证交易所高等级绿色债券指数,交易所高等级绿色债,CSI Exchange High Grade Green Bond Index,Exchange High Grade Green Bond,,,,99.46,,0.0,0.0,0.0,,,2018-01-16,中证交易所高等级绿色债券指数
2018-01-16,931145,中证绿色债券指数,中证绿色债,CSI Green Bond Index,CSI Green Bond,,,,101.0,,-0.02,0.0,0.0,,,2018-01-16,中证绿色债券指数
2018-01-17,930951,中证交易所绿色债券指数,交易所绿色债,CSI Exchange Green Bond Index,Exchange Green Bond,,,,99.58,0.03,0.03,3.51,3.32,51.0,,2018-01-17,中证交易所绿色债券指数
2018-01-17,931147,中证交易所高等级绿色债券指数,交易所高等级绿色债,CSI Exchange High Grade Green Bond Index,Exchange High Grade Green Bond,,,,99.49,,0.04,0.0,0.0,,,2018-01-17,中证交易所高等级绿色债券指数
2018-01-17,931145,中证绿色债券指数,中证绿色债,CSI Green Bond Index,CSI Green Bond,,,,101.02,,0.02,0.0,0.0,,,2018-01-17,中证绿色债券指数
2018-01-18,930951,中证交易所绿色债券指数,交易所绿色债,CSI Exchange Green Bond Index,Exchange Green Bond,,,,99.59,0.01,0.01,1.5,1.3,51.0,,2018-01-18,中证交易所绿色债券指数
2018-01-18,931147,中证交易所高等级绿色债券指数,交易所高等级绿色债,CSI Exchange High Grade Green Bond Index,Exchange High Grade Green Bond,,,,99.51,,0.01,0.0,0.0,,,2018-01-18,中证交易所高等级绿色债券指数
2018-01-18,931145,中证绿色债券指数,中证绿色债,CSI Green Bond Index,CSI Green Bond,,,,100.94,,-0.09,0.0,0.0,,,2018-01-18,中证绿色债券指数
2018-01-19,930951,中证交易所绿色债券指数,交易所绿色债,CSI Exchange Green Bond Index,Exchange Green Bond,,,,99.63,0.04,0.04,0.0,0.0,51.0,,2018-01-19,中证交易所绿色债券指数
2018-01-19,931147,中证交易所高等级绿色债券指数,交易所高等级绿色债,CSI Exchange High Grade Green Bond Index,Exchange High Grade Green Bond,,,,99.55,,0.04,0.0,0.0,,,2018-01-19,中证交易所高等级绿色债券指数
2018-01-19,931145,中证绿色债券指数,中证绿色债,CSI Green Bond Index,CSI Green Bond,,,,100.97,,0.03,0.0,0.0,,,2018-01-19,中证绿色债券指数
2018-01-22,930951,中证交易所绿色债券指数,交易所绿色债,CSI Exchange Green Bond Index,Exchange Green Bond,,,,99.68,0.05,0.05,1.47,1.38,51.0,,2018-01-22,中证交易所绿色债券指数
2018-01-22,931147,中证交易所高等级绿色债券指数,交易所高等级绿色债,CSI Exchange High Grade Green Bond Index,Exchange High Grade Green Bond,,,,99.61,,0.06,0.0,0.0,,,2018-01-22,中证交易所高等级绿色债券指数
2018-01-22,931145,中证绿色债券指数,中证绿色债,CSI Green Bond Index,CSI Green Bond,,,,101.02,,0.05,0.0,0.0,,,2018-01-22,中证绿色债券指数
2018-01-23,930951,中证交易所绿色债券指数,交易所绿色债,CSI Exchange Green Bond Index,Exchange Green Bond,,,,99.68,0.0,0.0,0.0,0.0,51.0,,2018-01-23,中证交易所绿色债券指数
2018-01-23,931147,中证交易所高等级绿色债券指数,交易所高等级绿色债,CSI Exchange High Grade Green Bond Index,Exchange High Grade Green Bond,,,,99.6,,-0.01,0.0,0.0,,,2018-01-23,中证交易所高等级绿色债券指数
2018-01-23,931145,中证绿色债券指数,中证绿色债,CSI Green Bond Index,CSI Green Bond,,,,101.05,,0.03,0.0,0.0,,,2018-01-23,中证绿色债券指数
2018-01-24,930951,中证交易所绿色债券指数,交易所绿色债,CSI Exchange Green Bond Index,Exchange Green Bond,,,,99.71,0.03,0.03,0.0,0.0,51.0,,2018-01-24,中证交易所绿色债券指数
2018-01-24,931147,中证交易所高等级绿色债券指数,交易所高等级绿色债,CSI Exchange High Grade Green Bond Index,Exchange High Grade Green Bond,,,,99.63,,0.03,0.0,0.0,,,2018-01-24,中证交易所高等级绿色债券指数
2018-01-24,931145,中证绿色债券指数,中证绿色债,CSI Green Bond Index,CSI Green Bond,,,,101.08,,0.03,0.0,0.0,,,2018-01-24,中证绿色债券指数
2018-01-25,930951,中证交易所绿色债券指数,交易所绿色债,CSI Exchange Green Bond Index,Exchange Green Bond,,,,99.69,-0.02,-0.02,0.1,0.1,51.0,,2018-01-25,中证交易所绿色债券指数
2018-01-25,931147,中证交易所高等级绿色债券指数,交易所高等级绿色债,CSI Exchange High Grade Green Bond Index,Exchange High Grade Green Bond,,,,99.61,,-0.03,0.0,0.0,,,2018-01-25,中证交易所高等级绿色债券指数
2018-01-25,931145,中证绿色债券指数,中证绿色债,CSI Green Bond Index,CSI Green Bond,,,,101.11,,0.03,0.0,0.0,,,2018-01-25,中证绿色债券指数
2018-01-26,930951,中证交易所绿色债券指数,交易所绿色债,CSI Exchange Green Bond Index,Exchange Green Bond,,,,99.72,0.03,0.03,1.3,1.27,51.0,,2018-01-26,中证交易所绿色债券指数
2018-01-26,931147,中证交易所高等级绿色债券指数,交易所高等级绿色债,CSI Exchange High Grade Green Bond Index,Exchange High Grade Green Bond,,,,99.64,,0.03,0.0,0.0,,,2018-01-26,中证交易所高等级绿色债券指数
2018-01-26,931145,中证绿色债券指数,中证绿色债,CSI Green Bond Index,CSI Green Bond,,,,101.17,,0.06,0.0,0.0,,,2018-01-26,中证绿色债券指数
2018-01-29,930951,中证交易所绿色债券指数,交易所绿色债,CSI Exchange Green Bond Index,Exchange Green Bond,,,,99.77,0.05,0.05,0.31,0.29,51.0,,2018-01-29,中证交易所绿色债券指数
2018-01-29,931147,中证交易所高等级绿色债券指数,交易所高等级绿色债,CSI Exchange High Grade Green Bond Index,Exchange High Grade Green Bond,,,,99.68,,0.04,0.0,0.0,,,2018-01-29,中证交易所高等级绿色债券指数
2018-01-29,931145,中证绿色债券指数,中证绿色债,CSI Green Bond Index,CSI Green Bond,,,,101.2,,0.03,0.0,0.0,,,2018-01-29,中证绿色债券指数
2018-01-30,930951,中证交易所绿色债券指数,交易所绿色债,CSI Exchange Green Bond Index,Exchange Green Bond,,,,99.74,-0.03,-0.03,0.99,0.94,51.0,,2018-01-30,中证交易所绿色债券指数
2018-01-30,931147,中证交易所高等级绿色债券指数,交易所高等级绿色债,CSI Exchange High Grade Green Bond Index,Exchange High Grade Green Bond,,,,99.65,,-0.03,0.0,0.0,,,2018-01-30,中证交易所高等级绿色债券指数
2018-01-30,931145,中证绿色债券指数,中证绿色债,CSI Green Bond Index,CSI Green Bond,,,,101.2,,0.0,0.0,0.0,,,2018-01-30,中证绿色债券指数
2018-01-31,930951,中证交易所绿色债券指数,交易所绿色债,CSI Exchange Green Bond Index,Exchange Green Bond,,,,99.76,0.02,0.02,1.6,1.44,50.0,,2018-01-31,中证交易所绿色债券指数
2018-01-31,931147,中证交易所高等级绿色债券指数,交易所高等级绿色债,CSI Exchange High Grade Green Bond Index,Exchange High Grade Green Bond,,,,99.67,,0.02,0.0,0.0,,,2018-01-31,中证交易所高等级绿色债券指数
2018-01-31,931145,中证绿色债券指数,中证绿色债,CSI Green Bond Index,CSI Green Bond,,,,101.23,,0.04,0.0,0.0,,,2018-01-31,中证绿色债券指数
2018-02-01,930951,中证交易所绿色债券指数,交易所绿色债,CSI Exchange Green Bond Index,Exchange Green Bond,,,,99.81,0.05,0.05,1.39,1.29,50.0,,2018-02-01,中证交易所绿色债券指数
2018-02-01,931147,中证交易所高等级绿色债券指数,交易所高等级绿色债,CSI Exchange High Grade Green Bond Index,Exchange High Grade Green Bond,,,,99.72,,0.05,0.0,0.0,,,2018-02-01,中证交易所高等级绿色债券指数
2018-02-01,931145,中证绿色债券指数,中证绿色债,CSI Green Bond Index,CSI Green Bond,,,,101.28,,0.05,0.0,0.0,,,2018-02-01,中证绿色债券指数
2018-02-02,930951,中证交易所绿色债券指数,交易所绿色债,CSI Exchange Green Bond Index,Exchange Green Bond,,,,99.84,0.03,0.03,0.9,0.88,50.0,,2018-02-02,中证交易所绿色债券指数
2018-02-02,931147,中证交易所高等级绿色债券指数,交易所高等级绿色债,CSI Exchange High Grade Green Bond Index,Exchange High Grade Green Bond,,,,99.76,,0.04,0.0,0.0,,,2018-02-02,中证交易所高等级绿色债券指数
2018-02-02,931145,中证绿色债券指数,中证绿色债,CSI Green Bond Index,CSI Green Bond,,,,101.34,,0.06,0.0,0.0,,,2018-02-02,中证绿色债券指数
2018-02-05,930951,中证交易所绿色债券指数,交易所绿色债,CSI Exchange Green Bond Index,Exchange Green Bond,,,,99.9,0.06,0.06,1.84,1.7,50.0,,2018-02-05,中证交易所绿色债券指数
2018-02-05,931147,中证交易所高等级绿色债券指数,交易所高等级绿色债,CSI Exchange High Grade Green Bond Index,Exchange High Grade Green Bond,,,,99.82,,0.06,0.0,0.0,,,2018-02-05,中证交易所高等级绿色债券指数
2018-02-05,931145,中证绿色债券指数,中证绿色债,CSI Green Bond Index,CSI Green Bond,,,,101.4,,0.05,0.0,0.0,,,2018-02-05,中证绿色债券指数
2018-02-06,930951,中证交易所绿色债券指数,交易所绿色债,CSI Exchange Green Bond Index,Exchange Green Bond,,,,99.95,0.05,0.05,1.05,1.02,50.0,,2018-02-06,中证交易所绿色债券指数
2018-02-06,931147,中证交易所高等级绿色债券指数,交易所高等级绿色债,CSI Exchange High Grade Green Bond Index,Exchange High Grade Green Bond,,,,99.87,,0.05,0.0,0.0,,,2018-02-06,中证交易所高等级绿色债券指数
2018-02-06,931145,中证绿色债券指数,中证绿色债,CSI Green Bond Index,CSI Green Bond,,,,101.45,,0.06,0.0,0.0,,,2018-02-06,中证绿色债券指数
2018-02-07,930951,中证交易所绿色债券指数,交易所绿色债,CSI Exchange Green Bond Index,Exchange Green Bond,,,,100.0,0.05,0.05,0.6,0.58,50.0,,2018-02-07,中证交易所绿色债券指数
2018-02-07,931147,中证交易所高等级绿色债券指数,交易所高等级绿色债,CSI Exchange High Grade Green Bond Index,Exchange High Grade Green Bond,,,,99.92,,0.05,0.0,0.0,,,2018-02-07,中证交易所高等级绿色债券指数
2018-02-07,931145,中证绿色债券指数,中证绿色债,CSI Green Bond Index,CSI Green Bond,,,,101.49,,0.03,0.0,0.0,,,2018-02-07,中证绿色债券指数
2018-02-08,930951,中证交易所绿色债券指数,交易所绿色债,CSI Exchange Green Bond Index,Exchange Green Bond,,,,100.02,0.02,0.02,1.8,1.71,50.0,,2018-02-08,中证交易所绿色债券指数
2018-02-08,931147,中证交易所高等级绿色债券指数,交易所高等级绿色债,CSI Exchange High Grade Green Bond Index,Exchange High Grade Green Bond,,,,99.94,,0.02,0.0,0.0,,,2018-02-08,中证交易所高等级绿色债券指数
2018-02-08,931145,中证绿色债券指数,中证绿色债,CSI Green Bond Index,CSI Green Bond,,,,101.55,,0.06,0.0,0.0,,,2018-02-08,中证绿色债券指数
2018-02-09,930951,中证交易所绿色债券指数,交易所绿色债,CSI Exchange Green Bond Index,Exchange Green Bond,,,,100.04,0.02,0.02,3.22,3.0,50.0,,2018-02-09,中证交易所绿色债券指数
2018-02-09,931147,中证交易所高等级绿色债券指数,交易所高等级绿色债,CSI Exchange High Grade Green Bond Index,Exchange High Grade Green Bond,,,,99.96,,0.02,0.0,0.0,,,2018-02-09,中证交易所高等级绿色债券指数
2018-02-09,931145,中证绿色债券指数,中证绿色债,CSI Green Bond Index,CSI Green Bond,,,,101.55,,0.0,0.0,0.0,,,2018-02-09,中证绿色债券指数
2018-02-12,930951,中证交易所绿色债券指数,交易所绿色债,CSI Exchange Green Bond Index,Exchange Green Bond,,,,100.12,0.08,0.08,5.3,4.95,50.0,,2018-02-12,中证交易所绿色债券指数
2018-02-12,931147,中证交易所高等级绿色债券指数,交易所高等级绿色债,CSI Exchange High Grade Green Bond Index,Exchange High Grade Green Bond,,,,100.04,,0.09,0.0,0.0,,,2018-02-12,中证交易所高等级绿色债券指数
2018-02-12,931145,中证绿色债券指数,中证绿色债,CSI Green Bond Index,CSI Green Bond,,,,101.6,,0.05,0.0,0.0,,,2018-02-12,中证绿色债券指数
2018-02-13,930951,中证交易所绿色债券指数,交易所绿色债,CSI Exchange Green Bond Index,Exchange Green Bond,,,,100.23,0.11,0.11,0.25,0.24,50.0,,2018-02-13,中证交易所绿色债券指数
2018-02-13,931147,中证交易所高等级绿色债券指数,交易所高等级绿色债,CSI Exchange High Grade Green Bond Index,Exchange High Grade Green Bond,,,,100.15,,0.1,0.0,0.0,,,2018-02-13,中证交易所高等级绿色债券指数
2018-02-13,931145,中证绿色债券指数,中证绿色债,CSI Green Bond Index,CSI Green Bond,,,,101.63,,0.03,0.0,0.0,,,2018-02-13,中证绿色债券指数
2018-02-14,930951,中证交易所绿色债券指数,交易所绿色债,CSI Exchange Green Bond Index,Exchange Green Bond,,,,100.29,0.06,0.06,0.01,0.01,50.0,,2018-02-14,中证交易所绿色债券指数
2018-02-14,931147,中证交易所高等级绿色债券指数,交易所高等级绿色债,CSI Exchange High Grade Green Bond Index,Exchange High Grade Green Bond,,,,100.2,,0.05,0.0,0.0,,,2018-02-14,中证交易所高等级绿色债券指数
2018-02-14,931145,中证绿色债券指数,中证绿色债,CSI Green Bond Index,CSI Green Bond,,,,101.69,,0.06,0.0,0.0,,,2018-02-14,中证绿色债券指数
2018-02-22,930951,中证交易所绿色债券指数,交易所绿色债,CSI Exchange Green Bond Index,Exchange Green Bond,,,,100.33,0.05,0.05,0.04,0.04,50.0,,2018-02-22,中证交易所绿色债券指数
2018-02-22,931147,中证交易所高等级绿色债券指数,交易所高等级绿色债,CSI Exchange High Grade Green Bond Index,Exchange High Grade Green Bond,,,,100.24,,0.04,0.0,0.0,,,2018-02-22,中证交易所高等级绿色债券指数
2018-02-22,931145,中证绿色债券指数,中证绿色债,CSI Green Bond Index,CSI Green Bond,,,,101.75,,0.05,0.0,0.0,,,2018-02-22,中证绿色债券指数
2018-02-23,930951,中证交易所绿色债券指数,交易所绿色债,CSI Exchange Green Bond Index,Exchange Green Bond,,,,100.37,0.04,0.04,1.51,1.49,50.0,,2018-02-23,中证交易所绿色债券指数
2018-02-23,931147,中证交易所高等级绿色债券指数,交易所高等级绿色债,CSI Exchange High Grade Green Bond Index,Exchange High Grade Green Bond,,,,100.28,,0.04,0.0,0.0,,,2018-02-23,中证交易所高等级绿色债券指数
2018-02-23,931145,中证绿色债券指数,中证绿色债,CSI Green Bond Index,CSI Green Bond,,,,101.76,,0.02,0.0,0.0,,,2018-02-23,中证绿色债券指数
2018-02-26,930951,中证交易所绿色债券指数,交易所绿色债,CSI Exchange Green Bond Index,Exchange Green Bond,,,,100.42,0.05,0.05,1.2,1.15,50.0,,2018-02-26,中证交易所绿色债券指数
2018-02-26,931147,中证交易所高等级绿色债券指数,交易所高等级绿色债,CSI Exchange High Grade Green Bond Index,Exchange High Grade Green Bond,,,,100.33,,0.05,0.0,0.0,,,2018-02-26,中证交易所高等级绿色债券指数
2018-02-26,931145,中证绿色债券指数,中证绿色债,CSI Green Bond Index,CSI Green Bond,,,,101.9,,0.13,0.0,0.0,,,2018-02-26,中证绿色债券指数
2018-02-27,930951,中证交易所绿色债券指数,交易所绿色债,CSI Exchange Green Bond Index,Exchange Green Bond,,,,100.5,0.08,0.08,1.45,1.4,50.0,,2018-02-27,中证交易所绿色债券指数
2018-02-27,931147,中证交易所高等级绿色债券指数,交易所高等级绿色债,CSI Exchange High Grade Green Bond Index,Exchange High Grade Green Bond,,,,100.41,,0.08,0.0,0.0,,,2018-02-27,中证交易所高等级绿色债券指数
2018-02-27,931145,中证绿色债券指数,中证绿色债,CSI Green Bond Index,CSI Green Bond,,,,101.96,,0.06,0.0,0.0,,,2018-02-27,中证绿色债券指数
2018-02-28,930951,中证交易所绿色债券指数,交易所绿色债,CSI Exchange Green Bond Index,Exchange Green Bond,,,,100.53,0.03,0.03,0.9,0.84,50.0,,2018-02-28,中证交易所绿色债券指数
2018-02-28,931147,中证交易所高等级绿色债券指数,交易所高等级绿色债,CSI Exchange High Grade Green Bond Index,Exchange High Grade Green Bond,,,,100.44,,0.03,0.0,0.0,,,2018-02-28,中证交易所高等级绿色债券指数
2018-02-28,931145,中证绿色债券指数,中证绿色债,CSI Green Bond Index,CSI Green Bond,,,,101.99,,0.03,0.0,0.0,,,2018-02-28,中证绿色债券指数
2018-03-01,930951,中证交易所绿色债券指数,交易所绿色债,CSI Exchange Green Bond Index,Exchange Green Bond,,,,100.57,0.04,0.03,1.01,0.94,50.0,,2018-03-01,中证交易所绿色债券指数
2018-03-01,931147,中证交易所高等级绿色债券指数,交易所高等级绿色债,CSI Exchange High Grade Green Bond Index,Exchange High Grade Green Bond,,,,100.48,,0.04,0.0,0.0,,,2018-03-01,中证交易所高等级绿色债券指数
2018-03-01,931145,中证绿色债券指数,中证绿色债,CSI Green Bond Index,CSI Green Bond,,,,102.01,,0.02,0.0,0.0,,,2018-03-01,中证绿色债券指数
2018-03-02,930951,中证交易所绿色债券指数,交易所绿色债,CSI Exchange Green Bond Index,Exchange Green Bond,,,,100.65,0.08,0.08,3.11,3.01,50.0,,2018-03-02,中证交易所绿色债券指数
2018-03-02,931147,中证交易所高等级绿色债券指数,交易所高等级绿色债,CSI Exchange High Grade Green Bond Index,Exchange High Grade Green Bond,,,,100.56,,0.08,0.0,0.0,,,2018-03-02,中证交易所高等级绿色债券指数
2018-03-02,931145,中证绿色债券指数,中证绿色债,CSI Green Bond Index,CSI Green Bond,,,,102.02,,0.01,0.0,0.0,,,2018-03-02,中证绿色债券指数
2018-03-05,930951,中证交易所绿色债券指数,交易所绿色债,CSI Exchange Green Bond Index,Exchange Green Bond,,,,100.7,0.05,0.05,2.3,2.22,50.0,,2018-03-05,中证交易所绿色债券指数
2018-03-05,931147,中证交易所高等级绿色债券指数,交易所高等级绿色债,CSI Exchange High Grade Green Bond Index,Exchange High Grade Green Bond,,,,100.61,,0.06,0.0,0.0,,,2018-03-05,中证交易所高等级绿色债券指数
2018-03-05,931145,中证绿色债券指数,中证绿色债,CSI Green Bond Index,CSI Green Bond,,,,102.05,,0.03,0.0,0.0,,,2018-03-05,中证绿色债券指数
2018-03-06,930951,中证交易所绿色债券指数,交易所绿色债,CSI Exchange Green Bond Index,Exchange Green Bond,,,,100.75,0.05,0.05,0.51,0.5,50.0,,2018-03-06,中证交易所绿色债券指数
2018-03-06,931147,中证交易所高等级绿色债券指数,交易所高等级绿色债,CSI Exchange High Grade Green Bond Index,Exchange High Grade Green Bond,,,,100.66,,0.05,0.0,0.0,,,2018-03-06,中证交易所高等级绿色债券指数
2018-03-06,931145,中证绿色债券指数,中证绿色债,CSI Green Bond Index,CSI Green Bond,,,,102.09,,0.04,0.0,0.0,,,2018-03-06,中证绿色债券指数
2018-03-07,930951,中证交易所绿色债券指数,交易所绿色债,CSI Exchange Green Bond Index,Exchange Green Bond,,,,100.77,0.02,0.02,1.9,1.86,50.0,,2018-03-07,中证交易所绿色债券指数
2018-03-07,931147,中证交易所高等级绿色债券指数,交易所高等级绿色债,CSI Exchange High Grade Green Bond Index,Exchange High Grade Green Bond,,,,100.68,,0.02,0.0,0.0,,,2018-03-07,中证交易所高等级绿色债券指数
2018-03-07,931145,中证绿色债券指数,中证绿色债,CSI Green Bond Index,CSI Green Bond,,,,102.09,,0.0,0.0,0.0,,,2018-03-07,中证绿色债券指数
2018-03-08,930951,中证交易所绿色债券指数,交易所绿色债,CSI Exchange Green Bond Index,Exchange Green Bond,,,,100.82,0.05,0.04,1.6,1.56,50.0,,2018-03-08,中证交易所绿色债券指数
2018-03-08,931147,中证交易所高等级绿色债券指数,交易所高等级绿色债,CSI Exchange High Grade Green Bond Index,Exchange High Grade Green Bond,,,,100.72,,0.04,0.0,0.0,,,2018-03-08,中证交易所高等级绿色债券指数
2018-03-08,931145,中证绿色债券指数,中证绿色债,CSI Green Bond Index,CSI Green Bond,,,,102.13,,0.04,0.0,0.0,,,2018-03-08,中证绿色债券指数
2018-03-09,930951,中证交易所绿色债券指数,交易所绿色债,CSI Exchange Green Bond Index,Exchange Green Bond,,,,100.81,-0.01,-0.01,1.1,1.08,50.0,,2018-03-09,中证交易所绿色债券指数
2018-03-09,931147,中证交易所高等级绿色债券指数,交易所高等级绿色债,CSI Exchange High Grade Green Bond Index,Exchange High Grade Green Bond,,,,100.71,,-0.01,0.0,0.0,,,2018-03-09,中证交易所高等级绿色债券指数
2018-03-09,931145,中证绿色债券指数,中证绿色债,CSI Green Bond Index,CSI Green Bond,,,,102.14,,0.02,0.0,0.0,,,2018-03-09,中证绿色债券指数
2018-03-12,930951,中证交易所绿色债券指数,交易所绿色债,CSI Exchange Green Bond Index,Exchange Green Bond,,,,100.86,0.05,0.05,2.8,2.65,50.0,,2018-03-12,中证交易所绿色债券指数
2018-03-12,931147,中证交易所高等级绿色债券指数,交易所高等级绿色债,CSI Exchange High Grade Green Bond Index,Exchange High Grade Green Bond,,,,100.76,,0.05,0.0,0.0,,,2018-03-12,中证交易所高等级绿色债券指数
2018-03-12,931145,中证绿色债券指数,中证绿色债,CSI Green Bond Index,CSI Green Bond,,,,102.18,,0.04,0.0,0.0,,,2018-03-12,中证绿色债券指数
2018-03-13,930951,中证交易所绿色债券指数,交易所绿色债,CSI Exchange Green Bond Index,Exchange Green Bond,,,,100.89,0.03,0.03,4.6,4.38,50.0,,2018-03-13,中证交易所绿色债券指数
2018-03-13,931147,中证交易所高等级绿色债券指数,交易所高等级绿色债,CSI Exchange High Grade Green Bond Index,Exchange High Grade Green Bond,,,,100.79,,0.03,0.0,0.0,,,2018-03-13,中证交易所高等级绿色债券指数
2018-03-13,931145,中证绿色债券指数,中证绿色债,CSI Green Bond Index,CSI Green Bond,,,,102.19,,0.01,0.0,0.0,,,2018-03-13,中证绿色债券指数
2018-03-14,930951,中证交易所绿色债券指数,交易所绿色债,CSI Exchange Green Bond Index,Exchange Green Bond,,,,100.87,-0.02,-0.02,3.08,2.87,50.0,,2018-03-14,中证交易所绿色债券指数
2018-03-14,931147,中证交易所高等级绿色债券指数,交易所高等级绿色债,CSI Exchange High Grade Green Bond Index,Exchange High Grade Green Bond,,,,100.76,,-0.02,0.0,0.0,,,2018-03-14,中证交易所高等级绿色债券指数
2018-03-14,931145,中证绿色债券指数,中证绿色债,CSI Green Bond Index,CSI Green Bond,,,,102.19,,0.01,0.0,0.0,,,2018-03-14,中证绿色债券指数
2018-03-15,930951,中证交易所绿色债券指数,交易所绿色债,CSI Exchange Green Bond Index,Exchange Green Bond,,,,100.9,0.04,0.03,1.4,1.36,50.0,,2018-03-15,中证交易所绿色债券指数
2018-03-15,931147,中证交易所高等级绿色债券指数,交易所高等级绿色债,CSI Exchange High Grade Green Bond Index,Exchange High Grade Green Bond,,,,100.8,,0.03,0.0,0.0,,,2018-03-15,中证交易所高等级绿色债券指数
2018-03-15,931145,中证绿色债券指数,中证绿色债,CSI Green Bond Index,CSI Green Bond,,,,102.24,,0.04,0.0,0.0,,,2018-03-15,中证绿色债券指数
2018-03-16,930951,中证交易所绿色债券指数,交易所绿色债,CSI Exchange Green Bond Index,Exchange Green Bond,,,,100.9,-0.01,-0.01,0.75,0.73,50.0,,2018-03-16,中证交易所绿色债券指数
2018-03-16,931147,中证交易所高等级绿色债券指数,交易所高等级绿色债,CSI Exchange High Grade Green Bond Index,Exchange High Grade Green Bond,,,,100.79,,0.0,0.0,0.0,,,2018-03-16,中证交易所高等级绿色债券指数
2018-03-16,931145,中证绿色债券指数,中证绿色债,CSI Green Bond Index,CSI Green Bond,,,,102.26,,0.02,0.0,0.0,,,2018-03-16,中证绿色债券指数
2018-03-19,930951,中证交易所绿色债券指数,交易所绿色债,CSI Exchange Green Bond Index,Exchange Green Bond,,,,100.92,0.03,0.03,0.0,0.0,50.0,,2018-03-19,中证交易所绿色债券指数
2018-03-19,931147,中证交易所高等级绿色债券指数,交易所高等级绿色债,CSI Exchange High Grade Green Bond Index,Exchange High Grade Green Bond,,,,100.82,,0.02,0.0,0.0,,,2018-03-19,中证交易所高等级绿色债券指数
2018-03-19,931145,中证绿色债券指数,中证绿色债,CSI Green Bond Index,CSI Green Bond,,,,102.31,,0.05,0.0,0.0,,,2018-03-19,中证绿色债券指数
2018-03-20,930951,中证交易所绿色债券指数,交易所绿色债,CSI Exchange Green Bond Index,Exchange Green Bond,,,,100.97,0.05,0.05,0.5,0.49,50.0,,2018-03-20,中证交易所绿色债券指数
2018-03-20,931147,中证交易所高等级绿色债券指数,交易所高等级绿色债,CSI Exchange High Grade Green Bond Index,Exchange High Grade Green Bond,,,,100.87,,0.05,0.0,0.0,,,2018-03-20,中证交易所高等级绿色债券指数
2018-03-20,931145,中证绿色债券指数,中证绿色债,CSI Green Bond Index,CSI Green Bond,,,,102.35,,0.04,0.0,0.0,,,2018-03-20,中证绿色债券指数
2018-03-21,930951,中证交易所绿色债券指数,交易所绿色债,CSI Exchange Green Bond Index,Exchange Green Bond,,,,100.95,-0.02,-0.02,1.0,0.98,50.0,,2018-03-21,中证交易所绿色债券指数
2018-03-21,931147,中证交易所高等级绿色债券指数,交易所高等级绿色债,CSI Exchange High Grade Green Bond Index,Exchange High Grade Green Bond,,,,100.85,,-0.02,0.0,0.0,,,2018-03-21,中证交易所高等级绿色债券指数
2018-03-21,931145,中证绿色债券指数,中证绿色债,CSI Green Bond Index,CSI Green Bond,,,,102.4,,0.04,0.0,0.0,,,2018-03-21,中证绿色债券指数
2018-03-22,930951,中证交易所绿色债券指数,交易所绿色债,CSI Exchange Green Bond Index,Exchange Green Bond,,,,101.07,0.12,0.12,2.9,2.73,50.0,,2018-03-22,中证交易所绿色债券指数
2018-03-22,931147,中证交易所高等级绿色债券指数,交易所高等级绿色债,CSI Exchange High Grade Green Bond Index,Exchange High Grade Green Bond,,,,100.97,,0.13,0.0,0.0,,,2018-03-22,中证交易所高等级绿色债券指数
2018-03-22,931145,中证绿色债券指数,中证绿色债,CSI Green Bond Index,CSI Green Bond,,,,102.53,,0.13,0.0,0.0,,,2018-03-22,中证绿色债券指数
2018-03-23,930951,中证交易所绿色债券指数,交易所绿色债,CSI Exchange Green Bond Index,Exchange Green Bond,,,,101.39,0.31,0.31,10.42,9.89,50.0,,2018-03-23,中证交易所绿色债券指数
2018-03-23,931147,中证交易所高等级绿色债券指数,交易所高等级绿色债,CSI Exchange High Grade Green Bond Index,Exchange High Grade Green Bond,,,,101.28,,0.31,0.0,0.0,,,2018-03-23,中证交易所高等级绿色债券指数
2018-03-23,931145,中证绿色债券指数,中证绿色债,CSI Green Bond Index,CSI Green Bond,,,,102.77,,0.24,0.0,0.0,,,2018-03-23,中证绿色债券指数
2018-03-26,930951,中证交易所绿色债券指数,交易所绿色债,CSI Exchange Green Bond Index,Exchange Green Bond,,,,101.44,0.05,0.05,2.7,2.54,50.0,,2018-03-26,中证交易所绿色债券指数
2018-03-26,931147,中证交易所高等级绿色债券指数,交易所高等级绿色债,CSI Exchange High Grade Green Bond Index,Exchange High Grade Green Bond,,,,101.34,,0.06,0.0,0.0,,,2018-03-26,中证交易所高等级绿色债券指数
2018-03-26,931145,中证绿色债券指数,中证绿色债,CSI Green Bond Index,CSI Green Bond,,,,102.79,,0.02,0.0,0.0,,,2018-03-26,中证绿色债券指数
2018-03-27,930951,中证交易所绿色债券指数,交易所绿色债,CSI Exchange Green Bond Index,Exchange Green Bond,,,,101.43,-0.01,-0.01,0.8,0.78,50.0,,2018-03-27,中证交易所绿色债券指数
2018-03-27,931147,中证交易所高等级绿色债券指数,交易所高等级绿色债,CSI Exchange High Grade Green Bond Index,Exchange High Grade Green Bond,,,,101.33,,-0.01,0.0,0.0,,,2018-03-27,中证交易所高等级绿色债券指数
2018-03-27,931145,中证绿色债券指数,中证绿色债,CSI Green Bond Index,CSI Green Bond,,,,102.79,,0.01,0.0,0.0,,,2018-03-27,中证绿色债券指数
2018-03-28,930951,中证交易所绿色债券指数,交易所绿色债,CSI Exchange Green Bond Index,Exchange Green Bond,,,,101.48,0.06,0.06,1.7,1.64,50.0,,2018-03-28,中证交易所绿色债券指数
2018-03-28,931147,中证交易所高等级绿色债券指数,交易所高等级绿色债,CSI Exchange High Grade Green Bond Index,Exchange High Grade Green Bond,,,,101.39,,0.06,0.0,0.0,,,2018-03-28,中证交易所高等级绿色债券指数
2018-03-28,931145,中证绿色债券指数,中证绿色债,CSI Green Bond Index,CSI Green Bond,,,,102.81,,0.01,0.0,0.0,,,2018-03-28,中证绿色债券指数
2018-03-29,930951,中证交易所绿色债券指数,交易所绿色债,CSI Exchange Green Bond Index,Exchange Green Bond,,,,101.52,0.04,0.04,1.7,1.66,50.0,,2018-03-29,中证交易所绿色债券指数
2018-03-29,931147,中证交易所高等级绿色债券指数,交易所高等级绿色债,CSI Exchange High Grade Green Bond Index,Exchange High Grade Green Bond,,,,101.43,,0.04,0.0,0.0,,,2018-03-29,中证交易所高等级绿色债券指数
2018-03-29,931145,中证绿色债券指数,中证绿色债,CSI Green Bond Index,CSI Green Bond,,,,102.85,,0.05,0.0,0.0,,,2018-03-29,中证绿色债券指数
2018-03-30,930951,中证交易所绿色债券指数,交易所绿色债,CSI Exchange Green Bond Index,Exchange Green Bond,,,,101.61,0.09,0.09,0.0,0.0,50.0,,2018-03-30,中证交易所绿色债券指数
2018-03-30,931147,中证交易所高等级绿色债券指数,交易所高等级绿色债,CSI Exchange High Grade Green Bond Index,Exchange High Grade Green Bond,,,,101.51,,0.08,0.0,0.0,,,2018-03-30,中证交易所高等级绿色债券指数
2018-03-30,931145,中证绿色债券指数,中证绿色债,CSI Green Bond Index,CSI Green Bond,,,,102.94,,0.09,0.0,0.0,,,2018-03-30,中证绿色债券指数
2018-04-02,930951,中证交易所绿色债券指数,交易所绿色债,CSI Exchange Green Bond Index,Exchange Green Bond,,,,101.66,0.05,0.05,0.0,0.0,52.0,,2018-04-02,中证交易所绿色债券指数
2018-04-02,931147,中证交易所高等级绿色债券指数,交易所高等级绿色债,CSI Exchange High Grade Green Bond Index,Exchange High Grade Green Bond,,,,101.57,,0.06,0.0,0.0,,,2018-04-02,中证交易所高等级绿色债券指数
2018-04-02,931145,中证绿色债券指数,中证绿色债,CSI Green Bond Index,CSI Green Bond,,,,103.0,,0.05,0.0,0.0,,,2018-04-02,中证绿色债券指数
2018-04-03,930951,中证交易所绿色债券指数,交易所绿色债,CSI Exchange Green Bond Index,Exchange Green Bond,,,,101.76,0.1,0.1,1.2,1.15,52.0,,2018-04-03,中证交易所绿色债券指数
2018-04-03,931147,中证交易所高等级绿色债券指数,交易所高等级绿色债,CSI Exchange High Grade Green Bond Index,Exchange High Grade Green Bond,,,,101.67,,0.1,0.0,0.0,,,2018-04-03,中证交易所高等级绿色债券指数
2018-04-03,931145,中证绿色债券指数,中证绿色债,CSI Green Bond Index,CSI Green Bond,,,,103.09,,0.09,0.0,0.0,,,2018-04-03,中证绿色债券指数
2018-04-04,930951,中证交易所绿色债券指数,交易所绿色债,CSI Exchange Green Bond Index,Exchange Green Bond,,,,101.87,0.12,0.11,0.2,0.2,52.0,,2018-04-04,中证交易所绿色债券指数
2018-04-04,931147,中证交易所高等级绿色债券指数,交易所高等级绿色债,CSI Exchange High Grade Green Bond Index,Exchange High Grade Green Bond,,,,101.79,,0.12,0.0,0.0,,,2018-04-04,中证交易所高等级绿色债券指数
2018-04-04,931145,中证绿色债券指数,中证绿色债,CSI Green Bond Index,CSI Green Bond,,,,103.2,,0.1,0.0,0.0,,,2018-04-04,中证绿色债券指数
2018-04-09,930951,中证交易所绿色债券指数,交易所绿色债,CSI Exchange Green Bond Index,Exchange Green Bond,,,,102.08,0.21,0.2,1.0,0.96,52.0,,2018-04-09,中证交易所绿色债券指数
2018-04-09,931147,中证交易所高等级绿色债券指数,交易所高等级绿色债,CSI Exchange High Grade Green Bond Index,Exchange High Grade Green Bond,,,,102.0,,0.21,0.0,0.0,,,2018-04-09,中证交易所高等级绿色债券指数
2018-04-09,931145,中证绿色债券指数,中证绿色债,CSI Green Bond Index,CSI Green Bond,,,,103.42,,0.21,0.0,0.0,,,2018-04-09,中证绿色债券指数
2018-04-10,930951,中证交易所绿色债券指数,交易所绿色债,CSI Exchange Green Bond Index,Exchange Green Bond,,,,102.11,0.03,0.03,0.4,0.38,52.0,,2018-04-10,中证交易所绿色债券指数
2018-04-10,931147,中证交易所高等级绿色债券指数,交易所高等级绿色债,CSI Exchange High Grade Green Bond Index,Exchange High Grade Green Bond,,,,102.04,,0.04,0.0,0.0,,,2018-04-10,中证交易所高等级绿色债券指数
2018-04-10,931145,中证绿色债券指数,中证绿色债,CSI Green Bond Index,CSI Green Bond,,,,103.44,,0.02,0.0,0.0,,,2018-04-10,中证绿色债券指数
2018-04-11,930951,中证交易所绿色债券指数,交易所绿色债,CSI Exchange Green Bond Index,Exchange Green Bond,,,,102.12,0.0,0.0,1.2,1.17,52.0,,2018-04-11,中证交易所绿色债券指数
2018-04-11,931147,中证交易所高等级绿色债券指数,交易所高等级绿色债,CSI Exchange High Grade Green Bond Index,Exchange High Grade Green Bond,,,,102.05,,0.01,0.0,0.0,,,2018-04-11,中证交易所高等级绿色债券指数
2018-04-11,931145,中证绿色债券指数,中证绿色债,CSI Green Bond Index,CSI Green Bond,,,,103.42,,-0.02,0.0,0.0,,,2018-04-11,中证绿色债券指数
2018-04-12,930951,中证交易所绿色债券指数,交易所绿色债,CSI Exchange Green Bond Index,Exchange Green Bond,,,,102.17,0.05,0.05,1.21,1.17,52.0,,2018-04-12,中证交易所绿色债券指数
2018-04-12,931147,中证交易所高等级绿色债券指数,交易所高等级绿色债,CSI Exchange High Grade Green Bond Index,Exchange High Grade Green Bond,,,,102.11,,0.06,0.0,0.0,,,2018-04-12,中证交易所高等级绿色债券指数
2018-04-12,931145,中证绿色债券指数,中证绿色债,CSI Green Bond Index,CSI Green Bond,,,,103.46,,0.04,0.0,0.0,,,2018-04-12,中证绿色债券指数
2018-04-13,930951,中证交易所绿色债券指数,交易所绿色债,CSI Exchange Green Bond Index,Exchange Green Bond,,,,102.22,0.05,0.05,1.2,1.2,52.0,,2018-04-13,中证交易所绿色债券指数
2018-04-13,931147,中证交易所高等级绿色债券指数,交易所高等级绿色债,CSI Exchange High Grade Green Bond Index,Exchange High Grade Green Bond,,,,102.15,,0.05,0.0,0.0,,,2018-04-13,中证交易所高等级绿色债券指数
2018-04-13,931145,中证绿色债券指数,中证绿色债,CSI Green Bond Index,CSI Green Bond,,,,103.48,,0.02,0.0,0.0,,,2018-04-13,中证绿色债券指数
2018-04-16,930951,中证交易所绿色债券指数,交易所绿色债,CSI Exchange Green Bond Index,Exchange Green Bond,,,,102.31,0.09,0.09,2.7,2.64,52.0,,2018-04-16,中证交易所绿色债券指数
2018-04-16,931147,中证交易所高等级绿色债券指数,交易所高等级绿色债,CSI Exchange High Grade Green Bond Index,Exchange High Grade Green Bond,,,,102.24,,0.09,0.0,0.0,,,2018-04-16,中证交易所高等级绿色债券指数
2018-04-16,931145,中证绿色债券指数,中证绿色债,CSI Green Bond Index,CSI Green Bond,,,,103.54,,0.06,0.0,0.0,,,2018-04-16,中证绿色债券指数
2018-04-17,930951,中证交易所绿色债券指数,交易所绿色债,CSI Exchange Green Bond Index,Exchange Green Bond,,,,102.37,0.06,0.06,5.61,5.58,52.0,,2018-04-17,中证交易所绿色债券指数
2018-04-17,931147,中证交易所高等级绿色债券指数,交易所高等级绿色债,CSI Exchange High Grade Green Bond Index,Exchange High Grade Green Bond,,,,102.31,,0.06,0.0,0.0,,,2018-04-17,中证交易所高等级绿色债券指数
2018-04-17,931145,中证绿色债券指数,中证绿色债,CSI Green Bond Index,CSI Green Bond,,,,103.58,,0.04,0.0,0.0,,,2018-04-17,中证绿色债券指数
2018-04-18,930951,中证交易所绿色债券指数,交易所绿色债,CSI Exchange Green Bond Index,Exchange Green Bond,,,,103.03,0.66,0.64,1.6,1.55,52.0,,2018-04-18,中证交易所绿色债券指数
2018-04-18,931147,中证交易所高等级绿色债券指数,交易所高等级绿色债,CSI Exchange High Grade Green Bond Index,Exchange High Grade Green Bond,,,,102.96,,0.64,0.0,0.0,,,2018-04-18,中证交易所高等级绿色债券指数
2018-04-18,931145,中证绿色债券指数,中证绿色债,CSI Green Bond Index,CSI Green Bond,,,,104.15,,0.54,0.0,0.0,,,2018-04-18,中证绿色债券指数
2018-04-19,930951,中证交易所绿色债券指数,交易所绿色债,CSI Exchange Green Bond Index,Exchange Green Bond,,,,103.03,0.01,0.01,2.51,2.45,52.0,,2018-04-19,中证交易所绿色债券指数
2018-04-19,931147,中证交易所高等级绿色债券指数,交易所高等级绿色债,CSI Exchange High Grade Green Bond Index,Exchange High Grade Green Bond,,,,102.98,,0.01,0.0,0.0,,,2018-04-19,中证交易所高等级绿色债券指数
2018-04-19,931145,中证绿色债券指数,中证绿色债,CSI Green Bond Index,CSI Green Bond,,,,104.12,,-0.02,0.0,0.0,,,2018-04-19,中证绿色债券指数
2018-04-20,930951,中证交易所绿色债券指数,交易所绿色债,CSI Exchange Green Bond Index,Exchange Green Bond,,,,103.06,0.03,0.03,1.4,1.42,52.0,,2018-04-20,中证交易所绿色债券指数
2018-04-20,931147,中证交易所高等级绿色债券指数,交易所高等级绿色债,CSI Exchange High Grade Green Bond Index,Exchange High Grade Green Bond,,,,103.02,,0.04,0.0,0.0,,,2018-04-20,中证交易所高等级绿色债券指数
2018-04-20,931145,中证绿色债券指数,中证绿色债,CSI Green Bond Index,CSI Green Bond,,,,104.08,,-0.04,0.0,0.0,,,2018-04-20,中证绿色债券指数
2018-04-23,930951,中证交易所绿色债券指数,交易所绿色债,CSI Exchange Green Bond Index,Exchange Green Bond,,,,103.04,-0.02,-0.02,2.1,2.08,52.0,,2018-04-23,中证交易所绿色债券指数
2018-04-23,931147,中证交易所高等级绿色债券指数,交易所高等级绿色债,CSI Exchange High Grade Green Bond Index,Exchange High Grade Green Bond,,,,103.01,,-0.01,0.0,0.0,,,2018-04-23,中证交易所高等级绿色债券指数
2018-04-23,931145,中证绿色债券指数,中证绿色债,CSI Green Bond Index,CSI Green Bond,,,,104.05,,-0.04,0.0,0.0,,,2018-04-23,中证绿色债券指数
2018-04-24,930951,中证交易所绿色债券指数,交易所绿色债,CSI Exchange Green Bond Index,Exchange Green Bond,,,,103.04,0.0,0.0,0.0,0.0,52.0,,2018-04-24,中证交易所绿色债券指数
2018-04-24,931147,中证交易所高等级绿色债券指数,交易所高等级绿色债,CSI Exchange High Grade Green Bond Index,Exchange High Grade Green Bond,,,,103.01,,0.0,0.0,0.0,,,2018-04-24,中证交易所高等级绿色债券指数
2018-04-24,931145,中证绿色债券指数,中证绿色债,CSI Green Bond Index,CSI Green Bond,,,,103.98,,-0.06,0.0,0.0,,,2018-04-24,中证绿色债券指数
2018-04-25,930951,中证交易所绿色债券指数,交易所绿色债,CSI Exchange Green Bond Index,Exchange Green Bond,,,,103.01,-0.03,-0.03,2.4,2.39,52.0,,2018-04-25,中证交易所绿色债券指数
2018-04-25,931147,中证交易所高等级绿色债券指数,交易所高等级绿色债,CSI Exchange High Grade Green Bond Index,Exchange High Grade Green Bond,,,,102.97,,-0.03,0.0,0.0,,,2018-04-25,中证交易所高等级绿色债券指数
2018-04-25,931145,中证绿色债券指数,中证绿色债,CSI Green Bond Index,CSI Green Bond,,,,104.05,,0.07,0.0,0.0,,,2018-04-25,中证绿色债券指数
2018-04-26,930951,中证交易所绿色债券指数,交易所绿色债,CSI Exchange Green Bond Index,Exchange Green Bond,,,,103.01,0.0,0.0,0.65,0.65,52.0,,2018-04-26,中证交易所绿色债券指数
2018-04-26,931147,中证交易所高等级绿色债券指数,交易所高等级绿色债,CSI Exchange High Grade Green Bond Index,Exchange High Grade Green Bond,,,,102.97,,0.0,0.0,0.0,,,2018-04-26,中证交易所高等级绿色债券指数
2018-04-26,931145,中证绿色债券指数,中证绿色债,CSI Green Bond Index,CSI Green Bond,,,,104.02,,-0.03,0.0,0.0,,,2018-04-26,中证绿色债券指数
2018-04-27,930951,中证交易所绿色债券指数,交易所绿色债,CSI Exchange Green Bond Index,Exchange Green Bond,,,,102.94,-0.07,-0.07,1.65,1.66,52.0,,2018-04-27,中证交易所绿色债券指数
2018-04-27,931147,中证交易所高等级绿色债券指数,交易所高等级绿色债,CSI Exchange High Grade Green Bond Index,Exchange High Grade Green Bond,,,,102.9,,-0.07,0.0,0.0,,,2018-04-27,中证交易所高等级绿色债券指数
2018-04-27,931145,中证绿色债券指数,中证绿色债,CSI Green Bond Index,CSI Green Bond,,,,103.97,,-0.05,0.0,0.0,,,2018-04-27,中证绿色债券指数
2018-05-02,930951,中证交易所绿色债券指数,交易所绿色债,CSI Exchange Green Bond Index,Exchange Green Bond,,,,102.96,0.01,0.01,2.11,2.09,58.0,,2018-05-02,中证交易所绿色债券指数
2018-05-02,931147,中证交易所高等级绿色债券指数,交易所高等级绿色债,CSI Exchange High Grade Green Bond Index,Exchange High Grade Green Bond,,,,102.91,,0.01,0.0,0.0,,,2018-05-02,中证交易所高等级绿色债券指数
2018-05-02,931145,中证绿色债券指数,中证绿色债,CSI Green Bond Index,CSI Green Bond,,,,103.97,,0.01,0.0,0.0,,,2018-05-02,中证绿色债券指数
2018-05-03,930951,中证交易所绿色债券指数,交易所绿色债,CSI Exchange Green Bond Index,Exchange Green Bond,,,,102.94,-0.01,-0.01,1.3,1.3,58.0,,2018-05-03,中证交易所绿色债券指数
2018-05-03,931147,中证交易所高等级绿色债券指数,交易所高等级绿色债,CSI Exchange High Grade Green Bond Index,Exchange High Grade Green Bond,,,,102.89,,-0.01,0.0,0.0,,,2018-05-03,中证交易所高等级绿色债券指数
2018-05-03,931145,中证绿色债券指数,中证绿色债,CSI Green Bond Index,CSI Green Bond,,,,103.98,,0.0,0.0,0.0,,,2018-05-03,中证绿色债券指数
2018-05-04,930951,中证交易所绿色债券指数,交易所绿色债,CSI Exchange Green Bond Index,Exchange Green Bond,,,,102.84,-0.1,-0.1,0.4,0.4,58.0,,2018-05-04,中证交易所绿色债券指数
2018-05-04,931147,中证交易所高等级绿色债券指数,交易所高等级绿色债,CSI Exchange High Grade Green Bond Index,Exchange High Grade Green Bond,,,,102.78,,-0.11,0.0,0.0,,,2018-05-04,中证交易所高等级绿色债券指数
2018-05-04,931145,中证绿色债券指数,中证绿色债,CSI Green Bond Index,CSI Green Bond,,,,104.01,,0.04,0.0,0.0,,,2018-05-04,中证绿色债券指数
2018-05-07,930951,中证交易所绿色债券指数,交易所绿色债,CSI Exchange Green Bond Index,Exchange Green Bond,,,,102.88,0.04,0.03,0.5,0.5,58.0,,2018-05-07,中证交易所绿色债券指数
2018-05-07,931147,中证交易所高等级绿色债券指数,交易所高等级绿色债,CSI Exchange High Grade Green Bond Index,Exchange High Grade Green Bond,,,,102.82,,0.04,0.0,0.0,,,2018-05-07,中证交易所高等级绿色债券指数
2018-05-07,931145,中证绿色债券指数,中证绿色债,CSI Green Bond Index,CSI Green Bond,,,,104.01,,-0.01,0.0,0.0,,,2018-05-07,中证绿色债券指数
2018-05-08,930951,中证交易所绿色债券指数,交易所绿色债,CSI Exchange Green Bond Index,Exchange Green Bond,,,,102.9,0.03,0.03,0.62,0.61,58.0,,2018-05-08,中证交易所绿色债券指数
2018-05-08,931147,中证交易所高等级绿色债券指数,交易所高等级绿色债,CSI Exchange High Grade Green Bond Index,Exchange High Grade Green Bond,,,,102.85,,0.04,0.0,0.0,,,2018-05-08,中证交易所高等级绿色债券指数
2018-05-08,931145,中证绿色债券指数,中证绿色债,CSI Green Bond Index,CSI Green Bond,,,,104.03,,0.02,0.0,0.0,,,2018-05-08,中证绿色债券指数
2018-05-09,930951,中证交易所绿色债券指数,交易所绿色债,CSI Exchange Green Bond Index,Exchange Green Bond,,,,102.78,-0.13,-0.12,2.94,2.89,58.0,,2018-05-09,中证交易所绿色债券指数
2018-05-09,931147,中证交易所高等级绿色债券指数,交易所高等级绿色债,CSI Exchange High Grade Green Bond Index,Exchange High Grade Green Bond,,,,102.73,,-0.12,0.0,0.0,,,2018-05-09,中证交易所高等级绿色债券指数
2018-05-09,931145,中证绿色债券指数,中证绿色债,CSI Green Bond Index,CSI Green Bond,,,,103.95,,-0.08,0.0,0.0,,,2018-05-09,中证绿色债券指数
2018-05-10,930951,中证交易所绿色债券指数,交易所绿色债,CSI Exchange Green Bond Index,Exchange Green Bond,,,,102.69,-0.09,-0.09,3.0,2.95,58.0,,2018-05-10,中证交易所绿色债券指数
2018-05-10,931147,中证交易所高等级绿色债券指数,交易所高等级绿色债,CSI Exchange High Grade Green Bond Index,Exchange High Grade Green Bond,,,,102.63,,-0.09,0.0,0.0,,,2018-05-10,中证交易所高等级绿色债券指数
2018-05-10,931145,中证绿色债券指数,中证绿色债,CSI Green Bond Index,CSI Green Bond,,,,103.88,,-0.06,0.0,0.0,,,2018-05-10,中证绿色债券指数
2018-05-11,930951,中证交易所绿色债券指数,交易所绿色债,CSI Exchange Green Bond Index,Exchange Green Bond,,,,102.67,-0.02,-0.02,2.7,2.7,58.0,,2018-05-11,中证交易所绿色债券指数
2018-05-11,931147,中证交易所高等级绿色债券指数,交易所高等级绿色债,CSI Exchange High Grade Green Bond Index,Exchange High Grade Green Bond,,,,102.61,,-0.03,0.0,0.0,,,2018-05-11,中证交易所高等级绿色债券指数
2018-05-11,931145,中证绿色债券指数,中证绿色债,CSI Green Bond Index,CSI Green Bond,,,,103.89,,0.01,0.0,0.0,,,2018-05-11,中证绿色债券指数
2018-05-14,930951,中证交易所绿色债券指数,交易所绿色债,CSI Exchange Green Bond Index,Exchange Green Bond,,,,102.66,-0.01,-0.01,1.3,1.25,58.0,,2018-05-14,中证交易所绿色债券指数
2018-05-14,931147,中证交易所高等级绿色债券指数,交易所高等级绿色债,CSI Exchange High Grade Green Bond Index,Exchange High Grade Green Bond,,,,102.59,,-0.01,0.0,0.0,,,2018-05-14,中证交易所高等级绿色债券指数
2018-05-14,931145,中证绿色债券指数,中证绿色债,CSI Green Bond Index,CSI Green Bond,,,,103.9,,0.0,0.0,0.0,,,2018-05-14,中证绿色债券指数
2018-05-15,930951,中证交易所绿色债券指数,交易所绿色债,CSI Exchange Green Bond Index,Exchange Green Bond,,,,102.63,-0.03,-0.03,0.0,0.0,58.0,,2018-05-15,中证交易所绿色债券指数
2018-05-15,931147,中证交易所高等级绿色债券指数,交易所高等级绿色债,CSI Exchange High Grade Green Bond Index,Exchange High Grade Green Bond,,,,102.57,,-0.03,0.0,0.0,,,2018-05-15,中证交易所高等级绿色债券指数
2018-05-15,931145,中证绿色债券指数,中证绿色债,CSI Green Bond Index,CSI Green Bond,,,,103.87,,-0.03,0.0,0.0,,,2018-05-15,中证绿色债券指数
2018-05-16,930951,中证交易所绿色债券指数,交易所绿色债,CSI Exchange Green Bond Index,Exchange Green Bond,,,,102.54,-0.09,-0.09,0.0,0.0,58.0,,2018-05-16,中证交易所绿色债券指数
2018-05-16,931147,中证交易所高等级绿色债券指数,交易所高等级绿色债,CSI Exchange High Grade Green Bond Index,Exchange High Grade Green Bond,,,,102.49,,-0.07,0.0,0.0,,,2018-05-16,中证交易所高等级绿色债券指数
2018-05-16,931145,中证绿色债券指数,中证绿色债,CSI Green Bond Index,CSI Green Bond,,,,103.83,,-0.04,0.0,0.0,,,2018-05-16,中证绿色债券指数
2018-05-17,930951,中证交易所绿色债券指数,交易所绿色债,CSI Exchange Green Bond Index,Exchange Green Bond,,,,102.53,-0.01,-0.01,1.56,1.49,54.0,,2018-05-17,中证交易所绿色债券指数
2018-05-17,931147,中证交易所高等级绿色债券指数,交易所高等级绿色债,CSI Exchange High Grade Green Bond Index,Exchange High Grade Green Bond,,,,102.49,,-0.01,0.0,0.0,,,2018-05-17,中证交易所高等级绿色债券指数
2018-05-17,931145,中证绿色债券指数,中证绿色债,CSI Green Bond Index,CSI Green Bond,,,,103.81,,-0.01,0.0,0.0,,,2018-05-17,中证绿色债券指数
2018-05-18,930951,中证交易所绿色债券指数,交易所绿色债,CSI Exchange Green Bond Index,Exchange Green Bond,,,,102.51,-0.02,-0.02,1.43,1.4,54.0,,2018-05-18,中证交易所绿色债券指数
2018-05-18,931147,中证交易所高等级绿色债券指数,交易所高等级绿色债,CSI Exchange High Grade Green Bond Index,Exchange High Grade Green Bond,,,,102.48,,-0.01,0.0,0.0,,,2018-05-18,中证交易所高等级绿色债券指数
2018-05-18,931145,中证绿色债券指数,中证绿色债,CSI Green Bond Index,CSI Green Bond,,,,103.82,,0.01,0.0,0.0,,,2018-05-18,中证绿色债券指数
2018-05-21,930951,中证交易所绿色债券指数,交易所绿色债,CSI Exchange Green Bond Index,Exchange Green Bond,,,,102.56,0.05,0.05,3.9,3.74,54.0,,2018-05-21,中证交易所绿色债券指数
2018-05-21,931147,中证交易所高等级绿色债券指数,交易所高等级绿色债,CSI Exchange High Grade Green Bond Index,Exchange High Grade Green Bond,,,,102.53,,0.05,0.0,0.0,,,2018-05-21,中证交易所高等级绿色债券指数
2018-05-21,931145,中证绿色债券指数,中证绿色债,CSI Green Bond Index,CSI Green Bond,,,,103.88,,0.05,0.0,0.0,,,2018-05-21,中证绿色债券指数
2018-05-22,930951,中证交易所绿色债券指数,交易所绿色债,CSI Exchange Green Bond Index,Exchange Green Bond,,,,102.52,-0.04,-0.04,1.96,1.89,54.0,,2018-05-22,中证交易所绿色债券指数
2018-05-22,931147,中证交易所高等级绿色债券指数,交易所高等级绿色债,CSI Exchange High Grade Green Bond Index,Exchange High Grade Green Bond,,,,102.49,,-0.04,0.0,0.0,,,2018-05-22,中证交易所高等级绿色债券指数
2018-05-22,931145,中证绿色债券指数,中证绿色债,CSI Green Bond Index,CSI Green Bond,,,,103.91,,0.03,0.0,0.0,,,2018-05-22,中证绿色债券指数
2018-05-23,930951,中证交易所绿色债券指数,交易所绿色债,CSI Exchange Green Bond Index,Exchange Green Bond,,,,102.4,-0.11,-0.11,0.9,0.87,54.0,,2018-05-23,中证交易所绿色债券指数
2018-05-23,931147,中证交易所高等级绿色债券指数,交易所高等级绿色债,CSI Exchange High Grade Green Bond Index,Exchange High Grade Green Bond,,,,102.39,,-0.1,0.0,0.0,,,2018-05-23,中证交易所高等级绿色债券指数
2018-05-23,931145,中证绿色债券指数,中证绿色债,CSI Green Bond Index,CSI Green Bond,,,,103.89,,-0.02,0.0,0.0,,,2018-05-23,中证绿色债券指数
2018-05-24,930951,中证交易所绿色债券指数,交易所绿色债,CSI Exchange Green Bond Index,Exchange Green Bond,,,,102.47,0.06,0.06,4.05,4.02,54.0,,2018-05-24,中证交易所绿色债券指数
2018-05-24,931147,中证交易所高等级绿色债券指数,交易所高等级绿色债,CSI Exchange High Grade Green Bond Index,Exchange High Grade Green Bond,,,,102.45,,0.06,0.0,0.0,,,2018-05-24,中证交易所高等级绿色债券指数
2018-05-24,931145,中证绿色债券指数,中证绿色债,CSI Green Bond Index,CSI Green Bond,,,,103.93,,0.04,0.0,0.0,,,2018-05-24,中证绿色债券指数
2018-05-25,930951,中证交易所绿色债券指数,交易所绿色债,CSI Exchange Green Bond Index,Exchange Green Bond,,,,102.49,0.02,0.02,1.2,1.17,54.0,,2018-05-25,中证交易所绿色债券指数
2018-05-25,931147,中证交易所高等级绿色债券指数,交易所高等级绿色债,CSI Exchange High Grade Green Bond Index,Exchange High Grade Green Bond,,,,102.48,,0.03,0.0,0.0,,,2018-05-25,中证交易所高等级绿色债券指数
2018-05-25,931145,中证绿色债券指数,中证绿色债,CSI Green Bond Index,CSI Green Bond,,,,103.95,,0.02,0.0,0.0,,,2018-05-25,中证绿色债券指数
2018-05-28,930951,中证交易所绿色债券指数,交易所绿色债,CSI Exchange Green Bond Index,Exchange Green Bond,,,,102.56,0.07,0.07,0.9,0.87,54.0,,2018-05-28,中证交易所绿色债券指数
2018-05-28,931147,中证交易所高等级绿色债券指数,交易所高等级绿色债,CSI Exchange High Grade Green Bond Index,Exchange High Grade Green Bond,,,,102.55,,0.07,0.0,0.0,,,2018-05-28,中证交易所高等级绿色债券指数
2018-05-28,931145,中证绿色债券指数,中证绿色债,CSI Green Bond Index,CSI Green Bond,,,,104.02,,0.06,0.0,0.0,,,2018-05-28,中证绿色债券指数
2018-05-29,930951,中证交易所绿色债券指数,交易所绿色债,CSI Exchange Green Bond Index,Exchange Green Bond,,,,102.61,0.06,0.06,0.3,0.3,54.0,,2018-05-29,中证交易所绿色债券指数
2018-05-29,931147,中证交易所高等级绿色债券指数,交易所高等级绿色债,CSI Exchange High Grade Green Bond Index,Exchange High Grade Green Bond,,,,102.61,,0.06,0.0,0.0,,,2018-05-29,中证交易所高等级绿色债券指数
2018-05-29,931145,中证绿色债券指数,中证绿色债,CSI Green Bond Index,CSI Green Bond,,,,104.03,,0.01,0.0,0.0,,,2018-05-29,中证绿色债券指数
2018-05-30,930951,中证交易所绿色债券指数,交易所绿色债,CSI Exchange Green Bond Index,Exchange Green Bond,,,,102.67,0.05,0.05,0.9,0.86,54.0,,2018-05-30,中证交易所绿色债券指数
2018-05-30,931147,中证交易所高等级绿色债券指数,交易所高等级绿色债,CSI Exchange High Grade Green Bond Index,Exchange High Grade Green Bond,,,,102.67,,0.05,0.0,0.0,,,2018-05-30,中证交易所高等级绿色债券指数
2018-05-30,931145,中证绿色债券指数,中证绿色债,CSI Green Bond Index,CSI Green Bond,,,,104.05,,0.02,0.0,0.0,,,2018-05-30,中证绿色债券指数
2018-05-31,930951,中证交易所绿色债券指数,交易所绿色债,CSI Exchange Green Bond Index,Exchange Green Bond,,,,102.7,0.04,0.04,0.2,0.19,54.0,,2018-05-31,中证交易所绿色债券指数
2018-05-31,931147,中证交易所高等级绿色债券指数,交易所高等级绿色债,CSI Exchange High Grade Green Bond Index,Exchange High Grade Green Bond,,,,102.7,,0.04,0.0,0.0,,,2018-05-31,中证交易所高等级绿色债券指数
2018-05-31,931145,中证绿色债券指数,中证绿色债,CSI Green Bond Index,CSI Green Bond,,,,104.07,,0.02,0.0,0.0,,,2018-05-31,中证绿色债券指数
2018-06-01,930951,中证交易所绿色债券指数,交易所绿色债,CSI Exchange Green Bond Index,Exchange Green Bond,,,,102.72,0.02,0.01,0.0,0.0,60.0,,2018-06-01,中证交易所绿色债券指数
2018-06-01,931147,中证交易所高等级绿色债券指数,交易所高等级绿色债,CSI Exchange High Grade Green Bond Index,Exchange High Grade Green Bond,,,,102.73,,0.02,0.0,0.0,,,2018-06-01,中证交易所高等级绿色债券指数
2018-06-01,931145,中证绿色债券指数,中证绿色债,CSI Green Bond Index,CSI Green Bond,,,,104.07,,-0.01,0.0,0.0,,,2018-06-01,中证绿色债券指数
2018-06-04,930951,中证交易所绿色债券指数,交易所绿色债,CSI Exchange Green Bond Index,Exchange Green Bond,,,,102.72,0.01,0.0,0.0,0.0,60.0,,2018-06-04,中证交易所绿色债券指数
2018-06-04,931147,中证交易所高等级绿色债券指数,交易所高等级绿色债,CSI Exchange High Grade Green Bond Index,Exchange High Grade Green Bond,,,,102.73,,0.01,0.0,0.0,,,2018-06-04,中证交易所高等级绿色债券指数
2018-06-04,931145,中证绿色债券指数,中证绿色债,CSI Green Bond Index,CSI Green Bond,,,,104.09,,0.02,0.0,0.0,,,2018-06-04,中证绿色债券指数
2018-06-05,930951,中证交易所绿色债券指数,交易所绿色债,CSI Exchange Green Bond Index,Exchange Green Bond,,,,102.77,0.05,0.05,2.27,2.24,60.0,,2018-06-05,中证交易所绿色债券指数
2018-06-05,931147,中证交易所高等级绿色债券指数,交易所高等级绿色债,CSI Exchange High Grade Green Bond Index,Exchange High Grade Green Bond,,,,102.76,,0.03,0.0,0.0,,,2018-06-05,中证交易所高等级绿色债券指数
2018-06-05,931145,中证绿色债券指数,中证绿色债,CSI Green Bond Index,CSI Green Bond,,,,104.1,,0.01,0.0,0.0,,,2018-06-05,中证绿色债券指数
2018-06-06,930951,中证交易所绿色债券指数,交易所绿色债,CSI Exchange Green Bond Index,Exchange Green Bond,,,,102.78,0.01,0.01,0.01,0.01,60.0,,2018-06-06,中证交易所绿色债券指数
2018-06-06,931147,中证交易所高等级绿色债券指数,交易所高等级绿色债,CSI Exchange High Grade Green Bond Index,Exchange High Grade Green Bond,,,,102.78,,0.02,0.0,0.0,,,2018-06-06,中证交易所高等级绿色债券指数
2018-06-06,931145,中证绿色债券指数,中证绿色债,CSI Green Bond Index,CSI Green Bond,,,,104.11,,0.01,0.0,0.0,,,2018-06-06,中证绿色债券指数
2018-06-07,930951,中证交易所绿色债券指数,交易所绿色债,CSI Exchange Green Bond Index,Exchange Green Bond,,,,102.72,-0.06,-0.06,1.0,0.98,60.0,,2018-06-07,中证交易所绿色债券指数
2018-06-07,931147,中证交易所高等级绿色债券指数,交易所高等级绿色债,CSI Exchange High Grade Green Bond Index,Exchange High Grade Green Bond,,,,102.71,,-0.06,0.0,0.0,,,2018-06-07,中证交易所高等级绿色债券指数
2018-06-07,931145,中证绿色债券指数,中证绿色债,CSI Green Bond Index,CSI Green Bond,,,,104.08,,-0.02,0.0,0.0,,,2018-06-07,中证绿色债券指数
2018-06-08,930951,中证交易所绿色债券指数,交易所绿色债,CSI Exchange Green Bond Index,Exchange Green Bond,,,,102.72,0.01,0.01,0.01,0.01,60.0,,2018-06-08,中证交易所绿色债券指数
2018-06-08,931147,中证交易所高等级绿色债券指数,交易所高等级绿色债,CSI Exchange High Grade Green Bond Index,Exchange High Grade Green Bond,,,,102.72,,0.01,0.0,0.0,,,2018-06-08,中证交易所高等级绿色债券指数
2018-06-08,931145,中证绿色债券指数,中证绿色债,CSI Green Bond Index,CSI Green Bond,,,,104.08,,0.0,0.0,0.0,,,2018-06-08,中证绿色债券指数
2018-06-11,930951,中证交易所绿色债券指数,交易所绿色债,CSI Exchange Green Bond Index,Exchange Green Bond,,,,102.74,0.01,0.01,0.51,0.5,60.0,,2018-06-11,中证交易所绿色债券指数
2018-06-11,931147,中证交易所高等级绿色债券指数,交易所高等级绿色债,CSI Exchange High Grade Green Bond Index,Exchange High Grade Green Bond,,,,102.74,,0.02,0.0,0.0,,,2018-06-11,中证交易所高等级绿色债券指数
2018-06-11,931145,中证绿色债券指数,中证绿色债,CSI Green Bond Index,CSI Green Bond,,,,104.13,,0.05,0.0,0.0,,,2018-06-11,中证绿色债券指数
2018-06-12,930951,中证交易所绿色债券指数,交易所绿色债,CSI Exchange Green Bond Index,Exchange Green Bond,,,,102.8,0.06,0.06,1.14,1.12,60.0,,2018-06-12,中证交易所绿色债券指数
2018-06-12,931147,中证交易所高等级绿色债券指数,交易所高等级绿色债,CSI Exchange High Grade Green Bond Index,Exchange High Grade Green Bond,,,,102.8,,0.06,0.0,0.0,,,2018-06-12,中证交易所高等级绿色债券指数
2018-06-12,931145,中证绿色债券指数,中证绿色债,CSI Green Bond Index,CSI Green Bond,,,,104.14,,0.01,0.0,0.0,,,2018-06-12,中证绿色债券指数
2018-06-13,930951,中证交易所绿色债券指数,交易所绿色债,CSI Exchange Green Bond Index,Exchange Green Bond,,,,102.79,-0.01,-0.01,0.61,0.58,60.0,,2018-06-13,中证交易所绿色债券指数
2018-06-13,931147,中证交易所高等级绿色债券指数,交易所高等级绿色债,CSI Exchange High Grade Green Bond Index,Exchange High Grade Green Bond,,,,102.79,,-0.01,0.0,0.0,,,2018-06-13,中证交易所高等级绿色债券指数
2018-06-13,931145,中证绿色债券指数,中证绿色债,CSI Green Bond Index,CSI Green Bond,,,,104.16,,0.01,0.0,0.0,,,2018-06-13,中证绿色债券指数
2018-06-14,930951,中证交易所绿色债券指数,交易所绿色债,CSI Exchange Green Bond Index,Exchange Green Bond,,,,102.77,-0.02,-0.02,0.02,0.01,60.0,,2018-06-14,中证交易所绿色债券指数
2018-06-14,931147,中证交易所高等级绿色债券指数,交易所高等级绿色债,CSI Exchange High Grade Green Bond Index,Exchange High Grade Green Bond,,,,102.77,,-0.02,0.0,0.0,,,2018-06-14,中证交易所高等级绿色债券指数
2018-06-14,931145,中证绿色债券指数,中证绿色债,CSI Green Bond Index,CSI Green Bond,,,,104.17,,0.02,0.0,0.0,,,2018-06-14,中证绿色债券指数
2018-06-15,930951,中证交易所绿色债券指数,交易所绿色债,CSI Exchange Green Bond Index,Exchange Green Bond,,,,102.78,0.01,0.01,1.3,1.26,60.0,,2018-06-15,中证交易所绿色债券指数
2018-06-15,931147,中证交易所高等级绿色债券指数,交易所高等级绿色债,CSI Exchange High Grade Green Bond Index,Exchange High Grade Green Bond,,,,102.78,,0.01,0.0,0.0,,,2018-06-15,中证交易所高等级绿色债券指数
2018-06-15,931145,中证绿色债券指数,中证绿色债,CSI Green Bond Index,CSI Green Bond,,,,104.21,,0.04,0.0,0.0,,,2018-06-15,中证绿色债券指数
2018-06-19,930951,中证交易所绿色债券指数,交易所绿色债,CSI Exchange Green Bond Index,Exchange Green Bond,,,,102.85,0.07,0.07,1.26,1.23,60.0,,2018-06-19,中证交易所绿色债券指数
2018-06-19,931147,中证交易所高等级绿色债券指数,交易所高等级绿色债,CSI Exchange High Grade Green Bond Index,Exchange High Grade Green Bond,,,,102.85,,0.07,0.0,0.0,,,2018-06-19,中证交易所高等级绿色债券指数
2018-06-19,931145,中证绿色债券指数,中证绿色债,CSI Green Bond Index,CSI Green Bond,,,,104.3,,0.09,0.0,0.0,,,2018-06-19,中证绿色债券指数
2018-06-20,930951,中证交易所绿色债券指数,交易所绿色债,CSI Exchange Green Bond Index,Exchange Green Bond,,,,102.85,0.0,0.0,0.84,0.83,60.0,,2018-06-20,中证交易所绿色债券指数
2018-06-20,931147,中证交易所高等级绿色债券指数,交易所高等级绿色债,CSI Exchange High Grade Green Bond Index,Exchange High Grade Green Bond,,,,102.85,,0.0,0.0,0.0,,,2018-06-20,中证交易所高等级绿色债券指数
2018-06-20,931145,中证绿色债券指数,中证绿色债,CSI Green Bond Index,CSI Green Bond,,,,104.33,,0.03,0.0,0.0,,,2018-06-20,中证绿色债券指数
2018-06-21,930951,中证交易所绿色债券指数,交易所绿色债,CSI Exchange Green Bond Index,Exchange Green Bond,,,,102.88,0.02,0.02,0.7,0.68,60.0,,2018-06-21,中证交易所绿色债券指数
2018-06-21,931147,中证交易所高等级绿色债券指数,交易所高等级绿色债,CSI Exchange High Grade Green Bond Index,Exchange High Grade Green Bond,,,,102.88,,0.03,0.0,0.0,,,2018-06-21,中证交易所高等级绿色债券指数
2018-06-21,931145,中证绿色债券指数,中证绿色债,CSI Green Bond Index,CSI Green Bond,,,,104.33,,0.0,0.0,0.0,,,2018-06-21,中证绿色债券指数
2018-06-22,930951,中证交易所绿色债券指数,交易所绿色债,CSI Exchange Green Bond Index,Exchange Green Bond,,,,102.85,-0.02,-0.02,0.4,0.38,60.0,,2018-06-22,中证交易所绿色债券指数
2018-06-22,931147,中证交易所高等级绿色债券指数,交易所高等级绿色债,CSI Exchange High Grade Green Bond Index,Exchange High Grade Green Bond,,,,102.86,,-0.02,0.0,0.0,,,2018-06-22,中证交易所高等级绿色债券指数
2018-06-22,931145,中证绿色债券指数,中证绿色债,CSI Green Bond Index,CSI Green Bond,,,,104.36,,0.03,0.0,0.0,,,2018-06-22,中证绿色债券指数
2018-06-25,930951,中证交易所绿色债券指数,交易所绿色债,CSI Exchange Green Bond Index,Exchange Green Bond,,,,102.89,0.04,0.04,1.1,1.08,60.0,,2018-06-25,中证交易所绿色债券指数
2018-06-25,931147,中证交易所高等级绿色债券指数,交易所高等级绿色债,CSI Exchange High Grade Green Bond Index,Exchange High Grade Green Bond,,,,102.9,,0.04,0.0,0.0,,,2018-06-25,中证交易所高等级绿色债券指数
2018-06-25,931145,中证绿色债券指数,中证绿色债,CSI Green Bond Index,CSI Green Bond,,,,104.41,,0.05,0.0,0.0,,,2018-06-25,中证绿色债券指数
2018-06-26,930951,中证交易所绿色债券指数,交易所绿色债,CSI Exchange Green Bond Index,Exchange Green Bond,,,,102.91,0.02,0.01,0.0,0.0,60.0,,2018-06-26,中证交易所绿色债券指数
2018-06-26,931147,中证交易所高等级绿色债券指数,交易所高等级绿色债,CSI Exchange High Grade Green Bond Index,Exchange High Grade Green Bond,,,,102.92,,0.01,0.0,0.0,,,2018-06-26,中证交易所高等级绿色债券指数
2018-06-26,931145,中证绿色债券指数,中证绿色债,CSI Green Bond Index,CSI Green Bond,,,,104.43,,0.02,0.0,0.0,,,2018-06-26,中证绿色债券指数
2018-06-27,930951,中证交易所绿色债券指数,交易所绿色债,CSI Exchange Green Bond Index,Exchange Green Bond,,,,102.88,-0.03,-0.03,1.3,1.26,60.0,,2018-06-27,中证交易所绿色债券指数
2018-06-27,931147,中证交易所高等级绿色债券指数,交易所高等级绿色债,CSI Exchange High Grade Green Bond Index,Exchange High Grade Green Bond,,,,102.89,,-0.02,0.0,0.0,,,2018-06-27,中证交易所高等级绿色债券指数
2018-06-27,931145,中证绿色债券指数,中证绿色债,CSI Green Bond Index,CSI Green Bond,,,,104.45,,0.02,0.0,0.0,,,2018-06-27,中证绿色债券指数
2018-06-28,930951,中证交易所绿色债券指数,交易所绿色债,CSI Exchange Green Bond Index,Exchange Green Bond,,,,102.9,0.03,0.03,0.11,0.1,60.0,,2018-06-28,中证交易所绿色债券指数
2018-06-28,931147,中证交易所高等级绿色债券指数,交易所高等级绿色债,CSI Exchange High Grade Green Bond Index,Exchange High Grade Green Bond,,,,102.93,,0.03,0.0,0.0,,,2018-06-28,中证交易所高等级绿色债券指数
2018-06-28,931145,中证绿色债券指数,中证绿色债,CSI Green Bond Index,CSI Green Bond,,,,104.53,,0.07,0.0,0.0,,,2018-06-28,中证绿色债券指数
2018-06-29,930951,中证交易所绿色债券指数,交易所绿色债,CSI Exchange Green Bond Index,Exchange Green Bond,,,,103.05,0.14,0.14,0.49,0.48,60.0,,2018-06-29,中证交易所绿色债券指数
2018-06-29,931147,中证交易所高等级绿色债券指数,交易所高等级绿色债,CSI Exchange High Grade Green Bond Index,Exchange High Grade Green Bond,,,,103.08,,0.15,0.0,0.0,,,2018-06-29,中证交易所高等级绿色债券指数
2018-06-29,931145,中证绿色债券指数,中证绿色债,CSI Green Bond Index,CSI Green Bond,,,,104.72,,0.18,0.0,0.0,,,2018-06-29,中证绿色债券指数
2018-07-02,930951,中证交易所绿色债券指数,交易所绿色债,CSI Exchange Green Bond Index,Exchange Green Bond,,,,103.17,0.12,0.12,1.6,1.58,61.0,,2018-07-02,中证交易所绿色债券指数
2018-07-02,931147,中证交易所高等级绿色债券指数,交易所高等级绿色债,CSI Exchange High Grade Green Bond Index,Exchange High Grade Green Bond,,,,103.2,,0.12,0.0,0.0,,,2018-07-02,中证交易所高等级绿色债券指数
2018-07-02,931145,中证绿色债券指数,中证绿色债,CSI Green Bond Index,CSI Green Bond,,,,104.82,,0.1,0.0,0.0,,,2018-07-02,中证绿色债券指数
2018-07-03,930951,中证交易所绿色债券指数,交易所绿色债,CSI Exchange Green Bond Index,Exchange Green Bond,,,,103.25,0.08,0.08,0.0,0.0,61.0,,2018-07-03,中证交易所绿色债券指数
2018-07-03,931147,中证交易所高等级绿色债券指数,交易所高等级绿色债,CSI Exchange High Grade Green Bond Index,Exchange High Grade Green Bond,,,,103.31,,0.11,0.0,0.0,,,2018-07-03,中证交易所高等级绿色债券指数
2018-07-03,931145,中证绿色债券指数,中证绿色债,CSI Green Bond Index,CSI Green Bond,,,,104.9,,0.07,0.0,0.0,,,2018-07-03,中证绿色债券指数
2018-07-04,930951,中证交易所绿色债券指数,交易所绿色债,CSI Exchange Green Bond Index,Exchange Green Bond,,,,103.36,0.11,0.1,1.2,1.21,61.0,,2018-07-04,中证交易所绿色债券指数
2018-07-04,931147,中证交易所高等级绿色债券指数,交易所高等级绿色债,CSI Exchange High Grade Green Bond Index,Exchange High Grade Green Bond,,,,103.43,,0.11,0.0,0.0,,,2018-07-04,中证交易所高等级绿色债券指数
2018-07-04,931145,中证绿色债券指数,中证绿色债,CSI Green Bond Index,CSI Green Bond,,,,104.92,,0.02,0.0,0.0,,,2018-07-04,中证绿色债券指数
2018-07-05,930951,中证交易所绿色债券指数,交易所绿色债,CSI Exchange Green Bond Index,Exchange Green Bond,,,,103.45,0.09,0.09,0.5,0.5,61.0,,2018-07-05,中证交易所绿色债券指数
2018-07-05,931147,中证交易所高等级绿色债券指数,交易所高等级绿色债,CSI Exchange High Grade Green Bond Index,Exchange High Grade Green Bond,,,,103.53,,0.1,0.0,0.0,,,2018-07-05,中证交易所高等级绿色债券指数
2018-07-05,931145,中证绿色债券指数,中证绿色债,CSI Green Bond Index,CSI Green Bond,,,,105.02,,0.1,0.0,0.0,,,2018-07-05,中证绿色债券指数
2018-07-06,930951,中证交易所绿色债券指数,交易所绿色债,CSI Exchange Green Bond Index,Exchange Green Bond,,,,103.59,0.14,0.14,0.8,0.78,61.0,,2018-07-06,中证交易所绿色债券指数
2018-07-06,931147,中证交易所高等级绿色债券指数,交易所高等级绿色债,CSI Exchange High Grade Green Bond Index,Exchange High Grade Green Bond,,,,103.67,,0.14,0.0,0.0,,,2018-07-06,中证交易所高等级绿色债券指数
2018-07-06,931145,中证绿色债券指数,中证绿色债,CSI Green Bond Index,CSI Green Bond,,,,105.11,,0.08,0.0,0.0,,,2018-07-06,中证绿色债券指数
2018-07-09,930951,中证交易所绿色债券指数,交易所绿色债,CSI Exchange Green Bond Index,Exchange Green Bond,,,,103.68,0.09,0.09,0.48,0.48,61.0,,2018-07-09,中证交易所绿色债券指数
2018-07-09,931147,中证交易所高等级绿色债券指数,交易所高等级绿色债,CSI Exchange High Grade Green Bond Index,Exchange High Grade Green Bond,,,,103.76,,0.08,0.0,0.0,,,2018-07-09,中证交易所高等级绿色债券指数
2018-07-09,931145,中证绿色债券指数,中证绿色债,CSI Green Bond Index,CSI Green Bond,,,,105.16,,0.05,0.0,0.0,,,2018-07-09,中证绿色债券指数
2018-07-10,930951,中证交易所绿色债券指数,交易所绿色债,CSI Exchange Green Bond Index,Exchange Green Bond,,,,103.68,-0.01,-0.01,1.2,1.17,61.0,,2018-07-10,中证交易所绿色债券指数
2018-07-10,931147,中证交易所高等级绿色债券指数,交易所高等级绿色债,CSI Exchange High Grade Green Bond Index,Exchange High Grade Green Bond,,,,103.76,,0.0,0.0,0.0,,,2018-07-10,中证交易所高等级绿色债券指数
2018-07-10,931145,中证绿色债券指数,中证绿色债,CSI Green Bond Index,CSI Green Bond,,,,105.12,,-0.03,0.0,0.0,,,2018-07-10,中证绿色债券指数
2018-07-11,930951,中证交易所绿色债券指数,交易所绿色债,CSI Exchange Green Bond Index,Exchange Green Bond,,,,103.72,0.04,0.04,0.6,0.61,61.0,,2018-07-11,中证交易所绿色债券指数
2018-07-11,931147,中证交易所高等级绿色债券指数,交易所高等级绿色债,CSI Exchange High Grade Green Bond Index,Exchange High Grade Green Bond,,,,103.79,,0.03,0.0,0.0,,,2018-07-11,中证交易所高等级绿色债券指数
2018-07-11,931145,中证绿色债券指数,中证绿色债,CSI Green Bond Index,CSI Green Bond,,,,105.14,,0.02,0.0,0.0,,,2018-07-11,中证绿色债券指数
2018-07-12,930951,中证交易所绿色债券指数,交易所绿色债,CSI Exchange Green Bond Index,Exchange Green Bond,,,,103.79,0.07,0.07,1.84,1.83,61.0,,2018-07-12,中证交易所绿色债券指数
2018-07-12,931147,中证交易所高等级绿色债券指数,交易所高等级绿色债,CSI Exchange High Grade Green Bond Index,Exchange High Grade Green Bond,,,,103.86,,0.07,0.0,0.0,,,2018-07-12,中证交易所高等级绿色债券指数
2018-07-12,931145,中证绿色债券指数,中证绿色债,CSI Green Bond Index,CSI Green Bond,,,,105.2,,0.06,0.0,0.0,,,2018-07-12,中证绿色债券指数
2018-07-13,930951,中证交易所绿色债券指数,交易所绿色债,CSI Exchange Green Bond Index,Exchange Green Bond,,,,103.85,0.06,0.06,1.54,1.52,61.0,,2018-07-13,中证交易所绿色债券指数
2018-07-13,931147,中证交易所高等级绿色债券指数,交易所高等级绿色债,CSI Exchange High Grade Green Bond Index,Exchange High Grade Green Bond,,,,103.92,,0.05,0.0,0.0,,,2018-07-13,中证交易所高等级绿色债券指数
2018-07-13,931145,中证绿色债券指数,中证绿色债,CSI Green Bond Index,CSI Green Bond,,,,105.24,,0.04,0.0,0.0,,,2018-07-13,中证绿色债券指数
2018-07-16,930951,中证交易所绿色债券指数,交易所绿色债,CSI Exchange Green Bond Index,Exchange Green Bond,,,,103.93,0.08,0.08,2.15,2.12,61.0,,2018-07-16,中证交易所绿色债券指数
2018-07-16,931147,中证交易所高等级绿色债券指数,交易所高等级绿色债,CSI Exchange High Grade Green Bond Index,Exchange High Grade Green Bond,,,,104.0,,0.08,0.0,0.0,,,2018-07-16,中证交易所高等级绿色债券指数
2018-07-16,931145,中证绿色债券指数,中证绿色债,CSI Green Bond Index,CSI Green Bond,,,,105.32,,0.08,0.0,0.0,,,2018-07-16,中证绿色债券指数
2018-07-17,930951,中证交易所绿色债券指数,交易所绿色债,CSI Exchange Green Bond Index,Exchange Green Bond,,,,104.01,0.09,0.08,1.21,1.22,61.0,,2018-07-17,中证交易所绿色债券指数
2018-07-17,931147,中证交易所高等级绿色债券指数,交易所高等级绿色债,CSI Exchange High Grade Green Bond Index,Exchange High Grade Green Bond,,,,104.07,,0.07,0.0,0.0,,,2018-07-17,中证交易所高等级绿色债券指数
2018-07-17,931145,中证绿色债券指数,中证绿色债,CSI Green Bond Index,CSI Green Bond,,,,105.36,,0.04,0.0,0.0,,,2018-07-17,中证绿色债券指数
2018-07-18,930951,中证交易所绿色债券指数,交易所绿色债,CSI Exchange Green Bond Index,Exchange Green Bond,,,,104.04,0.03,0.03,4.33,4.35,61.0,,2018-07-18,中证交易所绿色债券指数
2018-07-18,931147,中证交易所高等级绿色债券指数,交易所高等级绿色债,CSI Exchange High Grade Green Bond Index,Exchange High Grade Green Bond,,,,104.1,,0.03,0.0,0.0,,,2018-07-18,中证交易所高等级绿色债券指数
2018-07-18,931145,中证绿色债券指数,中证绿色债,CSI Green Bond Index,CSI Green Bond,,,,105.42,,0.06,0.0,0.0,,,2018-07-18,中证绿色债券指数
2018-07-19,930951,中证交易所绿色债券指数,交易所绿色债,CSI Exchange Green Bond Index,Exchange Green Bond,,,,104.12,0.08,0.08,2.61,2.63,61.0,,2018-07-19,中证交易所绿色债券指数
2018-07-19,931147,中证交易所高等级绿色债券指数,交易所高等级绿色债,CSI Exchange High Grade Green Bond Index,Exchange High Grade Green Bond,,,,104.16,,0.06,0.0,0.0,,,2018-07-19,中证交易所高等级绿色债券指数
2018-07-19,931145,中证绿色债券指数,中证绿色债,CSI Green Bond Index,CSI Green Bond,,,,105.5,,0.08,0.0,0.0,,,2018-07-19,中证绿色债券指数
2018-07-20,930951,中证交易所绿色债券指数,交易所绿色债,CSI Exchange Green Bond Index,Exchange Green Bond,,,,104.21,0.08,0.08,3.75,3.72,61.0,,2018-07-20,中证交易所绿色债券指数
2018-07-20,931147,中证交易所高等级绿色债券指数,交易所高等级绿色债,CSI Exchange High Grade Green Bond Index,Exchange High Grade Green Bond,,,,104.23,,0.07,0.0,0.0,,,2018-07-20,中证交易所高等级绿色债券指数
2018-07-20,931145,中证绿色债券指数,中证绿色债,CSI Green Bond Index,CSI Green Bond,,,,105.6,,0.1,0.0,0.0,,,2018-07-20,中证绿色债券指数
2018-07-23,930951,中证交易所绿色债券指数,交易所绿色债,CSI Exchange Green Bond Index,Exchange Green Bond,,,,104.37,0.17,0.16,0.63,0.63,61.0,,2018-07-23,中证交易所绿色债券指数
2018-07-23,931147,中证交易所高等级绿色债券指数,交易所高等级绿色债,CSI Exchange High Grade Green Bond Index,Exchange High Grade Green Bond,,,,104.4,,0.16,0.0,0.0,,,2018-07-23,中证交易所高等级绿色债券指数
2018-07-23,931145,中证绿色债券指数,中证绿色债,CSI Green Bond Index,CSI Green Bond,,,,105.71,,0.1,0.0,0.0,,,2018-07-23,中证绿色债券指数
2018-07-24,930951,中证交易所绿色债券指数,交易所绿色债,CSI Exchange Green Bond Index,Exchange Green Bond,,,,104.46,0.1,0.09,0.8,0.79,61.0,,2018-07-24,中证交易所绿色债券指数
2018-07-24,931147,中证交易所高等级绿色债券指数,交易所高等级绿色债,CSI Exchange High Grade Green Bond Index,Exchange High Grade Green Bond,,,,104.5,,0.1,0.0,0.0,,,2018-07-24,中证交易所高等级绿色债券指数
2018-07-24,931145,中证绿色债券指数,中证绿色债,CSI Green Bond Index,CSI Green Bond,,,,105.74,,0.03,0.0,0.0,,,2018-07-24,中证绿色债券指数
2018-07-25,930951,中证交易所绿色债券指数,交易所绿色债,CSI Exchange Green Bond Index,Exchange Green Bond,,,,104.52,0.05,0.05,0.0,0.0,61.0,,2018-07-25,中证交易所绿色债券指数
2018-07-25,931147,中证交易所高等级绿色债券指数,交易所高等级绿色债,CSI Exchange High Grade Green Bond Index,Exchange High Grade Green Bond,,,,104.55,,0.05,0.0,0.0,,,2018-07-25,中证交易所高等级绿色债券指数
2018-07-25,931145,中证绿色债券指数,中证绿色债,CSI Green Bond Index,CSI Green Bond,,,,105.77,,0.03,0.0,0.0,,,2018-07-25,中证绿色债券指数
2018-07-26,930951,中证交易所绿色债券指数,交易所绿色债,CSI Exchange Green Bond Index,Exchange Green Bond,,,,104.57,0.05,0.05,5.81,5.77,61.0,,2018-07-26,中证交易所绿色债券指数
2018-07-26,931147,中证交易所高等级绿色债券指数,交易所高等级绿色债,CSI Exchange High Grade Green Bond Index,Exchange High Grade Green Bond,,,,104.61,,0.05,0.0,0.0,,,2018-07-26,中证交易所高等级绿色债券指数
2018-07-26,931145,中证绿色债券指数,中证绿色债,CSI Green Bond Index,CSI Green Bond,,,,105.83,,0.05,0.0,0.0,,,2018-07-26,中证绿色债券指数
2018-07-27,930951,中证交易所绿色债券指数,交易所绿色债,CSI Exchange Green Bond Index,Exchange Green Bond,,,,104.72,0.15,0.14,0.84,0.83,61.0,,2018-07-27,中证交易所绿色债券指数
2018-07-27,931147,中证交易所高等级绿色债券指数,交易所高等级绿色债,CSI Exchange High Grade Green Bond Index,Exchange High Grade Green Bond,,,,104.75,,0.14,0.0,0.0,,,2018-07-27,中证交易所高等级绿色债券指数
2018-07-27,931145,中证绿色债券指数,中证绿色债,CSI Green Bond Index,CSI Green Bond,,,,105.94,,0.11,0.0,0.0,,,2018-07-27,中证绿色债券指数
2018-07-30,930951,中证交易所绿色债券指数,交易所绿色债,CSI Exchange Green Bond Index,Exchange Green Bond,,,,104.84,0.13,0.12,0.1,0.1,61.0,,2018-07-30,中证交易所绿色债券指数
2018-07-30,931147,中证交易所高等级绿色债券指数,交易所高等级绿色债,CSI Exchange High Grade Green Bond Index,Exchange High Grade Green Bond,,,,104.89,,0.13,0.0,0.0,,,2018-07-30,中证交易所高等级绿色债券指数
2018-07-30,931145,中证绿色债券指数,中证绿色债,CSI Green Bond Index,CSI Green Bond,,,,106.08,,0.13,0.0,0.0,,,2018-07-30,中证绿色债券指数
2018-07-31,930951,中证交易所绿色债券指数,交易所绿色债,CSI Exchange Green Bond Index,Exchange Green Bond,,,,104.98,0.13,0.13,1.1,1.09,61.0,,2018-07-31,中证交易所绿色债券指数
2018-07-31,931147,中证交易所高等级绿色债券指数,交易所高等级绿色债,CSI Exchange High Grade Green Bond Index,Exchange High Grade Green Bond,,,,105.02,,0.12,0.0,0.0,,,2018-07-31,中证交易所高等级绿色债券指数
2018-07-31,931145,中证绿色债券指数,中证绿色债,CSI Green Bond Index,CSI Green Bond,,,,106.19,,0.1,0.0,0.0,,,2018-07-31,中证绿色债券指数
2018-08-01,930951,中证交易所绿色债券指数,交易所绿色债,CSI Exchange Green Bond Index,Exchange Green Bond,,,,105.06,0.08,0.08,0.7,0.71,63.0,,2018-08-01,中证交易所绿色债券指数
2018-08-01,931147,中证交易所高等级绿色债券指数,交易所高等级绿色债,CSI Exchange High Grade Green Bond Index,Exchange High Grade Green Bond,,,,105.06,,0.04,0.0,0.0,,,2018-08-01,中证交易所高等级绿色债券指数
2018-08-01,931145,中证绿色债券指数,中证绿色债,CSI Green Bond Index,CSI Green Bond,,,,106.25,,0.06,0.0,0.0,,,2018-08-01,中证绿色债券指数
2018-08-02,930951,中证交易所绿色债券指数,交易所绿色债,CSI Exchange Green Bond Index,Exchange Green Bond,,,,105.27,0.21,0.2,1.32,1.28,63.0,,2018-08-02,中证交易所绿色债券指数
2018-08-02,931147,中证交易所高等级绿色债券指数,交易所高等级绿色债,CSI Exchange High Grade Green Bond Index,Exchange High Grade Green Bond,,,,105.29,,0.22,0.0,0.0,,,2018-08-02,中证交易所高等级绿色债券指数
2018-08-02,931145,中证绿色债券指数,中证绿色债,CSI Green Bond Index,CSI Green Bond,,,,106.32,,0.07,0.0,0.0,,,2018-08-02,中证绿色债券指数
2018-08-03,930951,中证交易所绿色债券指数,交易所绿色债,CSI Exchange Green Bond Index,Exchange Green Bond,,,,105.43,0.16,0.15,2.98,2.92,63.0,,2018-08-03,中证交易所绿色债券指数
2018-08-03,931147,中证交易所高等级绿色债券指数,交易所高等级绿色债,CSI Exchange High Grade Green Bond Index,Exchange High Grade Green Bond,,,,105.45,,0.15,0.0,0.0,,,2018-08-03,中证交易所高等级绿色债券指数
2018-08-03,931145,中证绿色债券指数,中证绿色债,CSI Green Bond Index,CSI Green Bond,,,,106.43,,0.1,0.0,0.0,,,2018-08-03,中证绿色债券指数
2018-08-06,930951,中证交易所绿色债券指数,交易所绿色债,CSI Exchange Green Bond Index,Exchange Green Bond,,,,105.49,0.06,0.06,0.31,0.31,63.0,,2018-08-06,中证交易所绿色债券指数
2018-08-06,931147,中证交易所高等级绿色债券指数,交易所高等级绿色债,CSI Exchange High Grade Green Bond Index,Exchange High Grade Green Bond,,,,105.53,,0.08,0.0,0.0,,,2018-08-06,中证交易所高等级绿色债券指数
2018-08-06,931145,中证绿色债券指数,中证绿色债,CSI Green Bond Index,CSI Green Bond,,,,106.54,,0.11,0.0,0.0,,,2018-08-06,中证绿色债券指数
2018-08-07,930951,中证交易所绿色债券指数,交易所绿色债,CSI Exchange Green Bond Index,Exchange Green Bond,,,,105.67,0.19,0.18,0.5,0.49,63.0,,2018-08-07,中证交易所绿色债券指数
2018-08-07,931147,中证交易所高等级绿色债券指数,交易所高等级绿色债,CSI Exchange High Grade Green Bond Index,Exchange High Grade Green Bond,,,,105.71,,0.16,0.0,0.0,,,2018-08-07,中证交易所高等级绿色债券指数
2018-08-07,931145,中证绿色债券指数,中证绿色债,CSI Green Bond Index,CSI Green Bond,,,,106.68,,0.13,0.0,0.0,,,2018-08-07,中证绿色债券指数
2018-08-08,930951,中证交易所绿色债券指数,交易所绿色债,CSI Exchange Green Bond Index,Exchange Green Bond,,,,105.74,0.07,0.06,4.38,4.33,63.0,,2018-08-08,中证交易所绿色债券指数
2018-08-08,931147,中证交易所高等级绿色债券指数,交易所高等级绿色债,CSI Exchange High Grade Green Bond Index,Exchange High Grade Green Bond,,,,105.77,,0.06,0.0,0.0,,,2018-08-08,中证交易所高等级绿色债券指数
2018-08-08,931145,中证绿色债券指数,中证绿色债,CSI Green Bond Index,CSI Green Bond,,,,106.74,,0.05,0.0,0.0,,,2018-08-08,中证绿色债券指数
2018-08-09,930951,中证交易所绿色债券指数,交易所绿色债,CSI Exchange Green Bond Index,Exchange Green Bond,,,,105.66,-0.08,-0.08,0.79,0.78,63.0,,2018-08-09,中证交易所绿色债券指数
2018-08-09,931147,中证交易所高等级绿色债券指数,交易所高等级绿色债,CSI Exchange High Grade Green Bond Index,Exchange High Grade Green Bond,,,,105.69,,-0.08,0.0,0.0,,,2018-08-09,中证交易所高等级绿色债券指数
2018-08-09,931145,中证绿色债券指数,中证绿色债,CSI Green Bond Index,CSI Green Bond,,,,106.58,,-0.15,0.0,0.0,,,2018-08-09,中证绿色债券指数
2018-08-10,930951,中证交易所绿色债券指数,交易所绿色债,CSI Exchange Green Bond Index,Exchange Green Bond,,,,105.38,-0.27,-0.26,0.1,0.1,63.0,,2018-08-10,中证交易所绿色债券指数
2018-08-10,931147,中证交易所高等级绿色债券指数,交易所高等级绿色债,CSI Exchange High Grade Green Bond Index,Exchange High Grade Green Bond,,,,105.42,,-0.26,0.0,0.0,,,2018-08-10,中证交易所高等级绿色债券指数
2018-08-10,931145,中证绿色债券指数,中证绿色债,CSI Green Bond Index,CSI Green Bond,,,,106.44,,-0.13,0.0,0.0,,,2018-08-10,中证绿色债券指数
2018-08-13,930951,中证交易所绿色债券指数,交易所绿色债,CSI Exchange Green Bond Index,Exchange Green Bond,,,,105.3,-0.08,-0.08,0.7,0.65,63.0,,2018-08-13,中证交易所绿色债券指数
2018-08-13,931147,中证交易所高等级绿色债券指数,交易所高等级绿色债,CSI Exchange High Grade Green Bond Index,Exchange High Grade Green Bond,,,,105.33,,-0.08,0.0,0.0,,,2018-08-13,中证交易所高等级绿色债券指数
2018-08-13,931145,中证绿色债券指数,中证绿色债,CSI Green Bond Index,CSI Green Bond,,,,106.31,,-0.12,0.0,0.0,,,2018-08-13,中证绿色债券指数
2018-08-14,930951,中证交易所绿色债券指数,交易所绿色债,CSI Exchange Green Bond Index,Exchange Green Bond,,,,105.21,-0.09,-0.09,0.81,0.82,63.0,,2018-08-14,中证交易所绿色债券指数
2018-08-14,931147,中证交易所高等级绿色债券指数,交易所高等级绿色债,CSI Exchange High Grade Green Bond Index,Exchange High Grade Green Bond,,,,105.24,,-0.08,0.0,0.0,,,2018-08-14,中证交易所高等级绿色债券指数
2018-08-14,931145,中证绿色债券指数,中证绿色债,CSI Green Bond Index,CSI Green Bond,,,,106.26,,-0.05,0.0,0.0,,,2018-08-14,中证绿色债券指数
2018-08-15,930951,中证交易所绿色债券指数,交易所绿色债,CSI Exchange Green Bond Index,Exchange Green Bond,,,,105.21,0.0,0.0,0.01,0.0,63.0,,2018-08-15,中证交易所绿色债券指数
2018-08-15,931147,中证交易所高等级绿色债券指数,交易所高等级绿色债,CSI Exchange High Grade Green Bond Index,Exchange High Grade Green Bond,,,,105.25,,0.01,0.0,0.0,,,2018-08-15,中证交易所高等级绿色债券指数
2018-08-15,931145,中证绿色债券指数,中证绿色债,CSI Green Bond Index,CSI Green Bond,,,,106.31,,0.05,0.0,0.0,,,2018-08-15,中证绿色债券指数
2018-08-16,930951,中证交易所绿色债券指数,交易所绿色债,CSI Exchange Green Bond Index,Exchange Green Bond,,,,105.22,0.01,0.01,1.82,1.82,63.0,,2018-08-16,中证交易所绿色债券指数
2018-08-16,931147,中证交易所高等级绿色债券指数,交易所高等级绿色债,CSI Exchange High Grade Green Bond Index,Exchange High Grade Green Bond,,,,105.25,,0.0,0.0,0.0,,,2018-08-16,中证交易所高等级绿色债券指数
2018-08-16,931145,中证绿色债券指数,中证绿色债,CSI Green Bond Index,CSI Green Bond,,,,106.31,,-0.01,0.0,0.0,,,2018-08-16,中证绿色债券指数
2018-08-17,930951,中证交易所绿色债券指数,交易所绿色债,CSI Exchange Green Bond Index,Exchange Green Bond,,,,105.15,-0.07,-0.07,0.73,0.73,63.0,,2018-08-17,中证交易所绿色债券指数
2018-08-17,931147,中证交易所高等级绿色债券指数,交易所高等级绿色债,CSI Exchange High Grade Green Bond Index,Exchange High Grade Green Bond,,,,105.19,,-0.06,0.0,0.0,,,2018-08-17,中证交易所高等级绿色债券指数
2018-08-17,931145,中证绿色债券指数,中证绿色债,CSI Green Bond Index,CSI Green Bond,,,,106.2,,-0.1,0.0,0.0,,,2018-08-17,中证绿色债券指数
2018-08-20,930951,中证交易所绿色债券指数,交易所绿色债,CSI Exchange Green Bond Index,Exchange Green Bond,,,,104.83,-0.32,-0.3,0.07,0.07,63.0,,2018-08-20,中证交易所绿色债券指数
2018-08-20,931147,中证交易所高等级绿色债券指数,交易所高等级绿色债,CSI Exchange High Grade Green Bond Index,Exchange High Grade Green Bond,,,,104.89,,-0.28,0.0,0.0,,,2018-08-20,中证交易所高等级绿色债券指数
2018-08-20,931145,中证绿色债券指数,中证绿色债,CSI Green Bond Index,CSI Green Bond,,,,106.14,,-0.06,0.0,0.0,,,2018-08-20,中证绿色债券指数
2018-08-21,930951,中证交易所绿色债券指数,交易所绿色债,CSI Exchange Green Bond Index,Exchange Green Bond,,,,104.82,-0.01,-0.01,0.61,0.6,63.0,,2018-08-21,中证交易所绿色债券指数
2018-08-21,931147,中证交易所高等级绿色债券指数,交易所高等级绿色债,CSI Exchange High Grade Green Bond Index,Exchange High Grade Green Bond,,,,104.86,,-0.03,0.0,0.0,,,2018-08-21,中证交易所高等级绿色债券指数
2018-08-21,931145,中证绿色债券指数,中证绿色债,CSI Green Bond Index,CSI Green Bond,,,,106.06,,-0.07,0.0,0.0,,,2018-08-21,中证绿色债券指数
2018-08-22,930951,中证交易所绿色债券指数,交易所绿色债,CSI Exchange Green Bond Index,Exchange Green Bond,,,,104.8,-0.02,-0.02,0.53,0.53,63.0,,2018-08-22,中证交易所绿色债券指数
2018-08-22,931147,中证交易所高等级绿色债券指数,交易所高等级绿色债,CSI Exchange High Grade Green Bond Index,Exchange High Grade Green Bond,,,,104.84,,-0.02,0.0,0.0,,,2018-08-22,中证交易所高等级绿色债券指数
2018-08-22,931145,中证绿色债券指数,中证绿色债,CSI Green Bond Index,CSI Green Bond,,,,106.08,,0.02,0.0,0.0,,,2018-08-22,中证绿色债券指数
2018-08-23,930951,中证交易所绿色债券指数,交易所绿色债,CSI Exchange Green Bond Index,Exchange Green Bond,,,,104.79,-0.01,-0.01,2.44,2.38,63.0,,2018-08-23,中证交易所绿色债券指数
2018-08-23,931147,中证交易所高等级绿色债券指数,交易所高等级绿色债,CSI Exchange High Grade Green Bond Index,Exchange High Grade Green Bond,,,,104.85,,0.01,0.0,0.0,,,2018-08-23,中证交易所高等级绿色债券指数
2018-08-23,931145,中证绿色债券指数,中证绿色债,CSI Green Bond Index,CSI Green Bond,,,,106.2,,0.11,0.0,0.0,,,2018-08-23,中证绿色债券指数
2018-08-24,930951,中证交易所绿色债券指数,交易所绿色债,CSI Exchange Green Bond Index,Exchange Green Bond,,,,104.82,0.03,0.03,1.2,1.2,63.0,,2018-08-24,中证交易所绿色债券指数
2018-08-24,931147,中证交易所高等级绿色债券指数,交易所高等级绿色债,CSI Exchange High Grade Green Bond Index,Exchange High Grade Green Bond,,,,104.87,,0.02,0.0,0.0,,,2018-08-24,中证交易所高等级绿色债券指数
2018-08-24,931145,中证绿色债券指数,中证绿色债,CSI Green Bond Index,CSI Green Bond,,,,106.26,,0.06,0.0,0.0,,,2018-08-24,中证绿色债券指数
2018-08-27,930951,中证交易所绿色债券指数,交易所绿色债,CSI Exchange Green Bond Index,Exchange Green Bond,,,,104.83,0.02,0.01,1.8,1.81,63.0,,2018-08-27,中证交易所绿色债券指数
2018-08-27,931147,中证交易所高等级绿色债券指数,交易所高等级绿色债,CSI Exchange High Grade Green Bond Index,Exchange High Grade Green Bond,,,,104.89,,0.02,0.0,0.0,,,2018-08-27,中证交易所高等级绿色债券指数
2018-08-27,931145,中证绿色债券指数,中证绿色债,CSI Green Bond Index,CSI Green Bond,,,,106.28,,0.02,0.0,0.0,,,2018-08-27,中证绿色债券指数
2018-08-28,930951,中证交易所绿色债券指数,交易所绿色债,CSI Exchange Green Bond Index,Exchange Green Bond,,,,104.85,0.02,0.01,0.43,0.43,63.0,,2018-08-28,中证交易所绿色债券指数
2018-08-28,931147,中证交易所高等级绿色债券指数,交易所高等级绿色债,CSI Exchange High Grade Green Bond Index,Exchange High Grade Green Bond,,,,104.92,,0.02,0.0,0.0,,,2018-08-28,中证交易所高等级绿色债券指数
2018-08-28,931145,中证绿色债券指数,中证绿色债,CSI Green Bond Index,CSI Green Bond,,,,106.23,,-0.04,0.0,0.0,,,2018-08-28,中证绿色债券指数
2018-08-29,930951,中证交易所绿色债券指数,交易所绿色债,CSI Exchange Green Bond Index,Exchange Green Bond,,,,104.78,-0.07,-0.07,0.67,0.67,63.0,,2018-08-29,中证交易所绿色债券指数
2018-08-29,931147,中证交易所高等级绿色债券指数,交易所高等级绿色债,CSI Exchange High Grade Green Bond Index,Exchange High Grade Green Bond,,,,104.85,,-0.06,0.0,0.0,,,2018-08-29,中证交易所高等级绿色债券指数
2018-08-29,931145,中证绿色债券指数,中证绿色债,CSI Green Bond Index,CSI Green Bond,,,,106.22,,-0.01,0.0,0.0,,,2018-08-29,中证绿色债券指数
2018-08-30,930951,中证交易所绿色债券指数,交易所绿色债,CSI Exchange Green Bond Index,Exchange Green Bond,,,,104.72,-0.06,-0.06,0.15,0.15,63.0,,2018-08-30,中证交易所绿色债券指数
2018-08-30,931147,中证交易所高等级绿色债券指数,交易所高等级绿色债,CSI Exchange High Grade Green Bond Index,Exchange High Grade Green Bond,,,,104.8,,-0.05,0.0,0.0,,,2018-08-30,中证交易所高等级绿色债券指数
2018-08-30,931145,中证绿色债券指数,中证绿色债,CSI Green Bond Index,CSI Green Bond,,,,106.28,,0.05,0.0,0.0,,,2018-08-30,中证绿色债券指数
2018-08-31,930951,中证交易所绿色债券指数,交易所绿色债,CSI Exchange Green Bond Index,Exchange Green Bond,,,,104.8,0.09,0.08,0.7,0.7,63.0,,2018-08-31,中证交易所绿色债券指数
2018-08-31,931147,中证交易所高等级绿色债券指数,交易所高等级绿色债,CSI Exchange High Grade Green Bond Index,Exchange High Grade Green Bond,,,,104.89,,0.09,0.0,0.0,,,2018-08-31,中证交易所高等级绿色债券指数
2018-08-31,931145,中证绿色债券指数,中证绿色债,CSI Green Bond Index,CSI Green Bond,,,,106.32,,0.04,0.0,0.0,,,2018-08-31,中证绿色债券指数
2018-09-03,930951,中证交易所绿色债券指数,交易所绿色债,CSI Exchange Green Bond Index,Exchange Green Bond,,,,104.86,0.05,0.05,1.2,1.22,68.0,,2018-09-03,中证交易所绿色债券指数
2018-09-03,931147,中证交易所高等级绿色债券指数,交易所高等级绿色债,CSI Exchange High Grade Green Bond Index,Exchange High Grade Green Bond,,,,104.94,,0.05,0.0,0.0,,,2018-09-03,中证交易所高等级绿色债券指数
2018-09-03,931145,中证绿色债券指数,中证绿色债,CSI Green Bond Index,CSI Green Bond,,,,106.36,,0.03,0.0,0.0,,,2018-09-03,中证绿色债券指数
2018-09-04,930951,中证交易所绿色债券指数,交易所绿色债,CSI Exchange Green Bond Index,Exchange Green Bond,,,,104.87,0.01,0.01,0.25,0.24,64.0,,2018-09-04,中证交易所绿色债券指数
2018-09-04,931147,中证交易所高等级绿色债券指数,交易所高等级绿色债,CSI Exchange High Grade Green Bond Index,Exchange High Grade Green Bond,,,,104.95,,0.01,0.0,0.0,,,2018-09-04,中证交易所高等级绿色债券指数
2018-09-04,931145,中证绿色债券指数,中证绿色债,CSI Green Bond Index,CSI Green Bond,,,,106.34,,-0.01,0.0,0.0,,,2018-09-04,中证绿色债券指数
2018-09-05,930951,中证交易所绿色债券指数,交易所绿色债,CSI Exchange Green Bond Index,Exchange Green Bond,,,,104.9,0.03,0.03,3.05,3.02,64.0,,2018-09-05,中证交易所绿色债券指数
2018-09-05,931147,中证交易所高等级绿色债券指数,交易所高等级绿色债,CSI Exchange High Grade Green Bond Index,Exchange High Grade Green Bond,,,,104.98,,0.03,0.0,0.0,,,2018-09-05,中证交易所高等级绿色债券指数
2018-09-05,931145,中证绿色债券指数,中证绿色债,CSI Green Bond Index,CSI Green Bond,,,,106.37,,0.03,0.0,0.0,,,2018-09-05,中证绿色债券指数
2018-09-06,930951,中证交易所绿色债券指数,交易所绿色债,CSI Exchange Green Bond Index,Exchange Green Bond,,,,104.89,-0.01,-0.01,1.16,1.14,64.0,,2018-09-06,中证交易所绿色债券指数
2018-09-06,931147,中证交易所高等级绿色债券指数,交易所高等级绿色债,CSI Exchange High Grade Green Bond Index,Exchange High Grade Green Bond,,,,104.96,,-0.02,0.0,0.0,,,2018-09-06,中证交易所高等级绿色债券指数
2018-09-06,931145,中证绿色债券指数,中证绿色债,CSI Green Bond Index,CSI Green Bond,,,,106.36,,-0.01,0.0,0.0,,,2018-09-06,中证绿色债券指数
2018-09-07,930951,中证交易所绿色债券指数,交易所绿色债,CSI Exchange Green Bond Index,Exchange Green Bond,,,,104.91,0.02,0.02,4.25,4.21,64.0,,2018-09-07,中证交易所绿色债券指数
2018-09-07,931147,中证交易所高等级绿色债券指数,交易所高等级绿色债,CSI Exchange High Grade Green Bond Index,Exchange High Grade Green Bond,,,,104.97,,0.01,0.0,0.0,,,2018-09-07,中证交易所高等级绿色债券指数
2018-09-07,931145,中证绿色债券指数,中证绿色债,CSI Green Bond Index,CSI Green Bond,,,,106.36,,-0.01,0.0,0.0,,,2018-09-07,中证绿色债券指数
2018-09-10,930951,中证交易所绿色债券指数,交易所绿色债,CSI Exchange Green Bond Index,Exchange Green Bond,,,,104.9,-0.01,-0.01,0.63,0.62,64.0,,2018-09-10,中证交易所绿色债券指数
2018-09-10,931147,中证交易所高等级绿色债券指数,交易所高等级绿色债,CSI Exchange High Grade Green Bond Index,Exchange High Grade Green Bond,,,,104.97,,-0.01,0.0,0.0,,,2018-09-10,中证交易所高等级绿色债券指数
2018-09-10,931145,中证绿色债券指数,中证绿色债,CSI Green Bond Index,CSI Green Bond,,,,106.35,,0.0,0.0,0.0,,,2018-09-10,中证绿色债券指数
2018-09-11,930951,中证交易所绿色债券指数,交易所绿色债,CSI Exchange Green Bond Index,Exchange Green Bond,,,,104.92,0.02,0.01,2.48,2.43,64.0,,2018-09-11,中证交易所绿色债券指数
2018-09-11,931147,中证交易所高等级绿色债券指数,交易所高等级绿色债,CSI Exchange High Grade Green Bond Index,Exchange High Grade Green Bond,,,,104.98,,0.01,0.0,0.0,,,2018-09-11,中证交易所高等级绿色债券指数
2018-09-11,931145,中证绿色债券指数,中证绿色债,CSI Green Bond Index,CSI Green Bond,,,,106.33,,-0.02,0.0,0.0,,,2018-09-11,中证绿色债券指数
2018-09-12,930951,中证交易所绿色债券指数,交易所绿色债,CSI Exchange Green Bond Index,Exchange Green Bond,,,,104.84,-0.08,-0.08,3.03,2.98,64.0,,2018-09-12,中证交易所绿色债券指数
2018-09-12,931147,中证交易所高等级绿色债券指数,交易所高等级绿色债,CSI Exchange High Grade Green Bond Index,Exchange High Grade Green Bond,,,,104.9,,-0.08,0.0,0.0,,,2018-09-12,中证交易所高等级绿色债券指数
2018-09-12,931145,中证绿色债券指数,中证绿色债,CSI Green Bond Index,CSI Green Bond,,,,106.33,,0.0,0.0,0.0,,,2018-09-12,中证绿色债券指数
2018-09-13,930951,中证交易所绿色债券指数,交易所绿色债,CSI Exchange Green Bond Index,Exchange Green Bond,,,,104.84,0.01,0.01,2.5,2.49,64.0,,2018-09-13,中证交易所绿色债券指数
2018-09-13,931147,中证交易所高等级绿色债券指数,交易所高等级绿色债,CSI Exchange High Grade Green Bond Index,Exchange High Grade Green Bond,,,,104.9,,0.01,0.0,0.0,,,2018-09-13,中证交易所高等级绿色债券指数
2018-09-13,931145,中证绿色债券指数,中证绿色债,CSI Green Bond Index,CSI Green Bond,,,,106.35,,0.02,0.0,0.0,,,2018-09-13,中证绿色债券指数
2018-09-14,930951,中证交易所绿色债券指数,交易所绿色债,CSI Exchange Green Bond Index,Exchange Green Bond,,,,104.86,0.02,0.02,1.0,0.99,64.0,,2018-09-14,中证交易所绿色债券指数
2018-09-14,931147,中证交易所高等级绿色债券指数,交易所高等级绿色债,CSI Exchange High Grade Green Bond Index,Exchange High Grade Green Bond,,,,104.93,,0.03,0.0,0.0,,,2018-09-14,中证交易所高等级绿色债券指数
2018-09-14,931145,中证绿色债券指数,中证绿色债,CSI Green Bond Index,CSI Green Bond,,,,106.4,,0.06,0.0,0.0,,,2018-09-14,中证绿色债券指数
2018-09-17,930951,中证交易所绿色债券指数,交易所绿色债,CSI Exchange Green Bond Index,Exchange Green Bond,,,,104.9,0.04,0.04,0.3,0.29,64.0,,2018-09-17,中证交易所绿色债券指数
2018-09-17,931147,中证交易所高等级绿色债券指数,交易所高等级绿色债,CSI Exchange High Grade Green Bond Index,Exchange High Grade Green Bond,,,,104.97,,0.04,0.0,0.0,,,2018-09-17,中证交易所高等级绿色债券指数
2018-09-17,931145,中证绿色债券指数,中证绿色债,CSI Green Bond Index,CSI Green Bond,,,,106.46,,0.05,0.0,0.0,,,2018-09-17,中证绿色债券指数
2018-09-18,930951,中证交易所绿色债券指数,交易所绿色债,CSI Exchange Green Bond Index,Exchange Green Bond,,,,104.94,0.03,0.03,0.04,0.04,64.0,,2018-09-18,中证交易所绿色债券指数
2018-09-18,931147,中证交易所高等级绿色债券指数,交易所高等级绿色债,CSI Exchange High Grade Green Bond Index,Exchange High Grade Green Bond,,,,105.0,,0.03,0.0,0.0,,,2018-09-18,中证交易所高等级绿色债券指数
2018-09-18,931145,中证绿色债券指数,中证绿色债,CSI Green Bond Index,CSI Green Bond,,,,106.51,,0.05,0.0,0.0,,,2018-09-18,中证绿色债券指数
2018-09-19,930951,中证交易所绿色债券指数,交易所绿色债,CSI Exchange Green Bond Index,Exchange Green Bond,,,,104.96,0.03,0.02,0.03,0.03,64.0,,2018-09-19,中证交易所绿色债券指数
2018-09-19,931147,中证交易所高等级绿色债券指数,交易所高等级绿色债,CSI Exchange High Grade Green Bond Index,Exchange High Grade Green Bond,,,,105.02,,0.02,0.0,0.0,,,2018-09-19,中证交易所高等级绿色债券指数
2018-09-19,931145,中证绿色债券指数,中证绿色债,CSI Green Bond Index,CSI Green Bond,,,,106.52,,0.01,0.0,0.0,,,2018-09-19,中证绿色债券指数
2018-09-20,930951,中证交易所绿色债券指数,交易所绿色债,CSI Exchange Green Bond Index,Exchange Green Bond,,,,104.95,-0.01,-0.01,1.9,1.9,64.0,,2018-09-20,中证交易所绿色债券指数
2018-09-20,931147,中证交易所高等级绿色债券指数,交易所高等级绿色债,CSI Exchange High Grade Green Bond Index,Exchange High Grade Green Bond,,,,105.0,,-0.01,0.0,0.0,,,2018-09-20,中证交易所高等级绿色债券指数
2018-09-20,931145,中证绿色债券指数,中证绿色债,CSI Green Bond Index,CSI Green Bond,,,,106.51,,0.0,0.0,0.0,,,2018-09-20,中证绿色债券指数
2018-09-21,930951,中证交易所绿色债券指数,交易所绿色债,CSI Exchange Green Bond Index,Exchange Green Bond,,,,105.02,0.07,0.06,0.5,0.5,64.0,,2018-09-21,中证交易所绿色债券指数
2018-09-21,931147,中证交易所高等级绿色债券指数,交易所高等级绿色债,CSI Exchange High Grade Green Bond Index,Exchange High Grade Green Bond,,,,105.04,,0.04,0.0,0.0,,,2018-09-21,中证交易所高等级绿色债券指数
2018-09-21,931145,中证绿色债券指数,中证绿色债,CSI Green Bond Index,CSI Green Bond,,,,106.55,,0.03,0.0,0.0,,,2018-09-21,中证绿色债券指数
2018-09-25,930951,中证交易所绿色债券指数,交易所绿色债,CSI Exchange Green Bond Index,Exchange Green Bond,,,,105.09,0.07,0.06,0.0,0.0,64.0,,2018-09-25,中证交易所绿色债券指数
2018-09-25,931147,中证交易所高等级绿色债券指数,交易所高等级绿色债,CSI Exchange High Grade Green Bond Index,Exchange High Grade Green Bond,,,,105.11,,0.07,0.0,0.0,,,2018-09-25,中证交易所高等级绿色债券指数
2018-09-25,931145,中证绿色债券指数,中证绿色债,CSI Green Bond Index,CSI Green Bond,,,,106.61,,0.06,0.0,0.0,,,2018-09-25,中证绿色债券指数
2018-09-26,930951,中证交易所绿色债券指数,交易所绿色债,CSI Exchange Green Bond Index,Exchange Green Bond,,,,105.09,0.01,0.01,0.01,0.01,64.0,,2018-09-26,中证交易所绿色债券指数
2018-09-26,931147,中证交易所高等级绿色债券指数,交易所高等级绿色债,CSI Exchange High Grade Green Bond Index,Exchange High Grade Green Bond,,,,105.12,,0.01,0.0,0.0,,,2018-09-26,中证交易所高等级绿色债券指数
2018-09-26,931145,中证绿色债券指数,中证绿色债,CSI Green Bond Index,CSI Green Bond,,,,106.64,,0.03,0.0,0.0,,,2018-09-26,中证绿色债券指数
2018-09-27,930951,中证交易所绿色债券指数,交易所绿色债,CSI Exchange Green Bond Index,Exchange Green Bond,,,,105.13,0.03,0.03,0.68,0.66,64.0,,2018-09-27,中证交易所绿色债券指数
2018-09-27,931147,中证交易所高等级绿色债券指数,交易所高等级绿色债,CSI Exchange High Grade Green Bond Index,Exchange High Grade Green Bond,,,,105.16,,0.04,0.0,0.0,,,2018-09-27,中证交易所高等级绿色债券指数
2018-09-27,931145,中证绿色债券指数,中证绿色债,CSI Green Bond Index,CSI Green Bond,,,,106.71,,0.06,0.0,0.0,,,2018-09-27,中证绿色债券指数
2018-09-28,930951,中证交易所绿色债券指数,交易所绿色债,CSI Exchange Green Bond Index,Exchange Green Bond,,,,105.19,0.07,0.06,1.02,0.99,64.0,,2018-09-28,中证交易所绿色债券指数
2018-09-28,931147,中证交易所高等级绿色债券指数,交易所高等级绿色债,CSI Exchange High Grade Green Bond Index,Exchange High Grade Green Bond,,,,105.22,,0.06,0.0,0.0,,,2018-09-28,中证交易所高等级绿色债券指数
2018-09-28,931145,中证绿色债券指数,中证绿色债,CSI Green Bond Index,CSI Green Bond,,,,106.77,,0.06,0.0,0.0,,,2018-09-28,中证绿色债券指数
2018-10-08,930951,中证交易所绿色债券指数,交易所绿色债,CSI Exchange Green Bond Index,Exchange Green Bond,,,,105.35,0.16,0.15,3.04,3.01,71.0,,2018-10-08,中证交易所绿色债券指数
2018-10-08,931147,中证交易所高等级绿色债券指数,交易所高等级绿色债,CSI Exchange High Grade Green Bond Index,Exchange High Grade Green Bond,,,,105.37,,0.15,0.0,0.0,,,2018-10-08,中证交易所高等级绿色债券指数
2018-10-08,931145,中证绿色债券指数,中证绿色债,CSI Green Bond Index,CSI Green Bond,,,,106.9,,0.13,0.0,0.0,,,2018-10-08,中证绿色债券指数
2018-10-09,930951,中证交易所绿色债券指数,交易所绿色债,CSI Exchange Green Bond Index,Exchange Green Bond,,,,105.41,0.06,0.06,1.3,1.3,71.0,,2018-10-09,中证交易所绿色债券指数
2018-10-09,931147,中证交易所高等级绿色债券指数,交易所高等级绿色债,CSI Exchange High Grade Green Bond Index,Exchange High Grade Green Bond,,,,105.44,,0.06,0.0,0.0,,,2018-10-09,中证交易所高等级绿色债券指数
2018-10-09,931145,中证绿色债券指数,中证绿色债,CSI Green Bond Index,CSI Green Bond,,,,106.95,,0.04,0.0,0.0,,,2018-10-09,中证绿色债券指数
2018-10-10,930951,中证交易所绿色债券指数,交易所绿色债,CSI Exchange Green Bond Index,Exchange Green Bond,,,,105.47,0.06,0.05,3.61,3.6,71.0,,2018-10-10,中证交易所绿色债券指数
2018-10-10,931147,中证交易所高等级绿色债券指数,交易所高等级绿色债,CSI Exchange High Grade Green Bond Index,Exchange High Grade Green Bond,,,,105.49,,0.05,0.0,0.0,,,2018-10-10,中证交易所高等级绿色债券指数
2018-10-10,931145,中证绿色债券指数,中证绿色债,CSI Green Bond Index,CSI Green Bond,,,,106.99,,0.04,0.0,0.0,,,2018-10-10,中证绿色债券指数
2018-10-11,930951,中证交易所绿色债券指数,交易所绿色债,CSI Exchange Green Bond Index,Exchange Green Bond,,,,105.54,0.08,0.07,3.7,3.71,71.0,,2018-10-11,中证交易所绿色债券指数
2018-10-11,931147,中证交易所高等级绿色债券指数,交易所高等级绿色债,CSI Exchange High Grade Green Bond Index,Exchange High Grade Green Bond,,,,105.57,,0.07,0.0,0.0,,,2018-10-11,中证交易所高等级绿色债券指数
2018-10-11,931145,中证绿色债券指数,中证绿色债,CSI Green Bond Index,CSI Green Bond,,,,107.07,,0.08,0.0,0.0,,,2018-10-11,中证绿色债券指数
2018-10-12,930951,中证交易所绿色债券指数,交易所绿色债,CSI Exchange Green Bond Index,Exchange Green Bond,,,,105.57,0.03,0.03,2.4,2.38,71.0,,2018-10-12,中证交易所绿色债券指数
2018-10-12,931147,中证交易所高等级绿色债券指数,交易所高等级绿色债,CSI Exchange High Grade Green Bond Index,Exchange High Grade Green Bond,,,,105.63,,0.06,0.0,0.0,,,2018-10-12,中证交易所高等级绿色债券指数
2018-10-12,931145,中证绿色债券指数,中证绿色债,CSI Green Bond Index,CSI Green Bond,,,,107.12,,0.04,0.0,0.0,,,2018-10-12,中证绿色债券指数
2018-10-15,930951,中证交易所绿色债券指数,交易所绿色债,CSI Exchange Green Bond Index,Exchange Green Bond,,,,105.73,0.16,0.16,2.72,2.75,71.0,,2018-10-15,中证交易所绿色债券指数
2018-10-15,931147,中证交易所高等级绿色债券指数,交易所高等级绿色债,CSI Exchange High Grade Green Bond Index,Exchange High Grade Green Bond,,,,105.8,,0.16,0.0,0.0,,,2018-10-15,中证交易所高等级绿色债券指数
2018-10-15,931145,中证绿色债券指数,中证绿色债,CSI Green Bond Index,CSI Green Bond,,,,107.2,,0.08,0.0,0.0,,,2018-10-15,中证绿色债券指数
2018-10-16,930951,中证交易所绿色债券指数,交易所绿色债,CSI Exchange Green Bond Index,Exchange Green Bond,,,,105.77,0.03,0.03,1.85,1.82,71.0,,2018-10-16,中证交易所绿色债券指数
2018-10-16,931147,中证交易所高等级绿色债券指数,交易所高等级绿色债,CSI Exchange High Grade Green Bond Index,Exchange High Grade Green Bond,,,,105.84,,0.03,0.0,0.0,,,2018-10-16,中证交易所高等级绿色债券指数
2018-10-16,931145,中证绿色债券指数,中证绿色债,CSI Green Bond Index,CSI Green Bond,,,,107.22,,0.02,0.0,0.0,,,2018-10-16,中证绿色债券指数
2018-10-17,930951,中证交易所绿色债券指数,交易所绿色债,CSI Exchange Green Bond Index,Exchange Green Bond,,,,105.76,0.0,0.0,0.5,0.5,71.0,,2018-10-17,中证交易所绿色债券指数
2018-10-17,931147,中证交易所高等级绿色债券指数,交易所高等级绿色债,CSI Exchange High Grade Green Bond Index,Exchange High Grade Green Bond,,,,105.84,,0.0,0.0,0.0,,,2018-10-17,中证交易所高等级绿色债券指数
2018-10-17,931145,中证绿色债券指数,中证绿色债,CSI Green Bond Index,CSI Green Bond,,,,107.23,,0.01,0.0,0.0,,,2018-10-17,中证绿色债券指数
2018-10-18,930951,中证交易所绿色债券指数,交易所绿色债,CSI Exchange Green Bond Index,Exchange Green Bond,,,,105.8,0.03,0.03,1.2,1.2,71.0,,2018-10-18,中证交易所绿色债券指数
2018-10-18,931147,中证交易所高等级绿色债券指数,交易所高等级绿色债,CSI Exchange High Grade Green Bond Index,Exchange High Grade Green Bond,,,,105.87,,0.03,0.0,0.0,,,2018-10-18,中证交易所高等级绿色债券指数
2018-10-18,931145,中证绿色债券指数,中证绿色债,CSI Green Bond Index,CSI Green Bond,,,,107.25,,0.01,0.0,0.0,,,2018-10-18,中证绿色债券指数
2018-10-19,930951,中证交易所绿色债券指数,交易所绿色债,CSI Exchange Green Bond Index,Exchange Green Bond,,,,105.85,0.06,0.05,2.6,2.61,71.0,,2018-10-19,中证交易所绿色债券指数
2018-10-19,931147,中证交易所高等级绿色债券指数,交易所高等级绿色债,CSI Exchange High Grade Green Bond Index,Exchange High Grade Green Bond,,,,105.93,,0.05,0.0,0.0,,,2018-10-19,中证交易所高等级绿色债券指数
2018-10-19,931145,中证绿色债券指数,中证绿色债,CSI Green Bond Index,CSI Green Bond,,,,107.29,,0.04,0.0,0.0,,,2018-10-19,中证绿色债券指数
2018-10-22,930951,中证交易所绿色债券指数,交易所绿色债,CSI Exchange Green Bond Index,Exchange Green Bond,,,,105.85,0.0,0.0,0.4,0.4,71.0,,2018-10-22,中证交易所绿色债券指数
2018-10-22,931147,中证交易所高等级绿色债券指数,交易所高等级绿色债,CSI Exchange High Grade Green Bond Index,Exchange High Grade Green Bond,,,,105.92,,-0.01,0.0,0.0,,,2018-10-22,中证交易所高等级绿色债券指数
2018-10-22,931145,中证绿色债券指数,中证绿色债,CSI Green Bond Index,CSI Green Bond,,,,107.28,,0.0,0.0,0.0,,,2018-10-22,中证绿色债券指数
2018-10-23,930951,中证交易所绿色债券指数,交易所绿色债,CSI Exchange Green Bond Index,Exchange Green Bond,,,,105.92,0.08,0.07,1.3,1.27,71.0,,2018-10-23,中证交易所绿色债券指数
2018-10-23,931147,中证交易所高等级绿色债券指数,交易所高等级绿色债,CSI Exchange High Grade Green Bond Index,Exchange High Grade Green Bond,,,,105.99,,0.07,0.0,0.0,,,2018-10-23,中证交易所高等级绿色债券指数
2018-10-23,931145,中证绿色债券指数,中证绿色债,CSI Green Bond Index,CSI Green Bond,,,,107.32,,0.03,0.0,0.0,,,2018-10-23,中证绿色债券指数
2018-10-24,930951,中证交易所绿色债券指数,交易所绿色债,CSI Exchange Green Bond Index,Exchange Green Bond,,,,105.92,0.0,0.0,3.8,3.79,71.0,,2018-10-24,中证交易所绿色债券指数
2018-10-24,931147,中证交易所高等级绿色债券指数,交易所高等级绿色债,CSI Exchange High Grade Green Bond Index,Exchange High Grade Green Bond,,,,105.99,,0.0,0.0,0.0,,,2018-10-24,中证交易所高等级绿色债券指数
2018-10-24,931145,中证绿色债券指数,中证绿色债,CSI Green Bond Index,CSI Green Bond,,,,107.36,,0.04,0.0,0.0,,,2018-10-24,中证绿色债券指数
2018-10-25,930951,中证交易所绿色债券指数,交易所绿色债,CSI Exchange Green Bond Index,Exchange Green Bond,,,,105.95,0.03,0.03,2.81,2.75,71.0,,2018-10-25,中证交易所绿色债券指数
2018-10-25,931147,中证交易所高等级绿色债券指数,交易所高等级绿色债,CSI Exchange High Grade Green Bond Index,Exchange High Grade Green Bond,,,,106.02,,0.03,0.0,0.0,,,2018-10-25,中证交易所高等级绿色债券指数
2018-10-25,931145,中证绿色债券指数,中证绿色债,CSI Green Bond Index,CSI Green Bond,,,,107.4,,0.04,0.0,0.0,,,2018-10-25,中证绿色债券指数
2018-10-26,930951,中证交易所绿色债券指数,交易所绿色债,CSI Exchange Green Bond Index,Exchange Green Bond,,,,106.02,0.07,0.07,0.42,0.42,71.0,,2018-10-26,中证交易所绿色债券指数
2018-10-26,931147,中证交易所高等级绿色债券指数,交易所高等级绿色债,CSI Exchange High Grade Green Bond Index,Exchange High Grade Green Bond,,,,106.09,,0.07,0.0,0.0,,,2018-10-26,中证交易所高等级绿色债券指数
2018-10-26,931145,中证绿色债券指数,中证绿色债,CSI Green Bond Index,CSI Green Bond,,,,107.44,,0.04,0.0,0.0,,,2018-10-26,中证绿色债券指数
2018-10-29,930951,中证交易所绿色债券指数,交易所绿色债,CSI Exchange Green Bond Index,Exchange Green Bond,,,,106.07,0.05,0.04,5.0,4.88,71.0,,2018-10-29,中证交易所绿色债券指数
2018-10-29,931147,中证交易所高等级绿色债券指数,交易所高等级绿色债,CSI Exchange High Grade Green Bond Index,Exchange High Grade Green Bond,,,,106.14,,0.04,0.0,0.0,,,2018-10-29,中证交易所高等级绿色债券指数
2018-10-29,931145,中证绿色债券指数,中证绿色债,CSI Green Bond Index,CSI Green Bond,,,,107.52,,0.07,0.0,0.0,,,2018-10-29,中证绿色债券指数
2018-10-30,930951,中证交易所绿色债券指数,交易所绿色债,CSI Exchange Green Bond Index,Exchange Green Bond,,,,106.13,0.06,0.06,3.8,3.46,71.0,,2018-10-30,中证交易所绿色债券指数
2018-10-30,931147,中证交易所高等级绿色债券指数,交易所高等级绿色债,CSI Exchange High Grade Green Bond Index,Exchange High Grade Green Bond,,,,106.2,,0.06,0.0,0.0,,,2018-10-30,中证交易所高等级绿色债券指数
2018-10-30,931145,中证绿色债券指数,中证绿色债,CSI Green Bond Index,CSI Green Bond,,,,107.56,,0.04,0.0,0.0,,,2018-10-30,中证绿色债券指数
2018-10-31,930951,中证交易所绿色债券指数,交易所绿色债,CSI Exchange Green Bond Index,Exchange Green Bond,,,,106.18,0.06,0.05,4.26,4.19,71.0,,2018-10-31,中证交易所绿色债券指数
2018-10-31,931147,中证交易所高等级绿色债券指数,交易所高等级绿色债,CSI Exchange High Grade Green Bond Index,Exchange High Grade Green Bond,,,,106.26,,0.05,0.0,0.0,,,2018-10-31,中证交易所高等级绿色债券指数
2018-10-31,931145,中证绿色债券指数,中证绿色债,CSI Green Bond Index,CSI Green Bond,,,,107.57,,0.01,0.0,0.0,,,2018-10-31,中证绿色债券指数
2018-11-01,930951,中证交易所绿色债券指数,交易所绿色债,CSI Exchange Green Bond Index,Exchange Green Bond,,,,106.23,0.04,0.04,3.85,3.53,73.0,,2018-11-01,中证交易所绿色债券指数
2018-11-01,931147,中证交易所高等级绿色债券指数,交易所高等级绿色债,CSI Exchange High Grade Green Bond Index,Exchange High Grade Green Bond,,,,106.3,,0.04,0.0,0.0,,,2018-11-01,中证交易所高等级绿色债券指数
2018-11-01,931145,中证绿色债券指数,中证绿色债,CSI Green Bond Index,CSI Green Bond,,,,107.59,,0.01,0.0,0.0,,,2018-11-01,中证绿色债券指数
2018-11-02,930951,中证交易所绿色债券指数,交易所绿色债,CSI Exchange Green Bond Index,Exchange Green Bond,,,,106.28,0.05,0.05,2.01,2.04,73.0,,2018-11-02,中证交易所绿色债券指数
2018-11-02,931147,中证交易所高等级绿色债券指数,交易所高等级绿色债,CSI Exchange High Grade Green Bond Index,Exchange High Grade Green Bond,,,,106.35,,0.05,0.0,0.0,,,2018-11-02,中证交易所高等级绿色债券指数
2018-11-02,931145,中证绿色债券指数,中证绿色债,CSI Green Bond Index,CSI Green Bond,,,,107.62,,0.03,0.0,0.0,,,2018-11-02,中证绿色债券指数
2018-11-05,930951,中证交易所绿色债券指数,交易所绿色债,CSI Exchange Green Bond Index,Exchange Green Bond,,,,106.34,0.07,0.06,1.7,1.68,73.0,,2018-11-05,中证交易所绿色债券指数
2018-11-05,931147,中证交易所高等级绿色债券指数,交易所高等级绿色债,CSI Exchange High Grade Green Bond Index,Exchange High Grade Green Bond,,,,106.41,,0.06,0.0,0.0,,,2018-11-05,中证交易所高等级绿色债券指数
2018-11-05,931145,中证绿色债券指数,中证绿色债,CSI Green Bond Index,CSI Green Bond,,,,107.65,,0.03,0.0,0.0,,,2018-11-05,中证绿色债券指数
2018-11-06,930951,中证交易所绿色债券指数,交易所绿色债,CSI Exchange Green Bond Index,Exchange Green Bond,,,,106.38,0.04,0.04,0.8,0.8,73.0,,2018-11-06,中证交易所绿色债券指数
2018-11-06,931147,中证交易所高等级绿色债券指数,交易所高等级绿色债,CSI Exchange High Grade Green Bond Index,Exchange High Grade Green Bond,,,,106.45,,0.04,0.0,0.0,,,2018-11-06,中证交易所高等级绿色债券指数
2018-11-06,931145,中证绿色债券指数,中证绿色债,CSI Green Bond Index,CSI Green Bond,,,,107.69,,0.03,0.0,0.0,,,2018-11-06,中证绿色债券指数
2018-11-07,930951,中证交易所绿色债券指数,交易所绿色债,CSI Exchange Green Bond Index,Exchange Green Bond,,,,106.42,0.04,0.04,0.78,0.78,73.0,,2018-11-07,中证交易所绿色债券指数
2018-11-07,931147,中证交易所高等级绿色债券指数,交易所高等级绿色债,CSI Exchange High Grade Green Bond Index,Exchange High Grade Green Bond,,,,106.49,,0.04,0.0,0.0,,,2018-11-07,中证交易所高等级绿色债券指数
2018-11-07,931145,中证绿色债券指数,中证绿色债,CSI Green Bond Index,CSI Green Bond,,,,107.71,,0.02,0.0,0.0,,,2018-11-07,中证绿色债券指数
2018-11-08,930951,中证交易所绿色债券指数,交易所绿色债,CSI Exchange Green Bond Index,Exchange Green Bond,,,,106.48,0.07,0.06,0.66,0.67,73.0,,2018-11-08,中证交易所绿色债券指数
2018-11-08,931147,中证交易所高等级绿色债券指数,交易所高等级绿色债,CSI Exchange High Grade Green Bond Index,Exchange High Grade Green Bond,,,,106.55,,0.06,0.0,0.0,,,2018-11-08,中证交易所高等级绿色债券指数
2018-11-08,931145,中证绿色债券指数,中证绿色债,CSI Green Bond Index,CSI Green Bond,,,,107.76,,0.05,0.0,0.0,,,2018-11-08,中证绿色债券指数
2018-11-09,930951,中证交易所绿色债券指数,交易所绿色债,CSI Exchange Green Bond Index,Exchange Green Bond,,,,106.54,0.06,0.06,0.7,0.69,73.0,,2018-11-09,中证交易所绿色债券指数
2018-11-09,931147,中证交易所高等级绿色债券指数,交易所高等级绿色债,CSI Exchange High Grade Green Bond Index,Exchange High Grade Green Bond,,,,106.61,,0.06,0.0,0.0,,,2018-11-09,中证交易所高等级绿色债券指数
2018-11-09,931145,中证绿色债券指数,中证绿色债,CSI Green Bond Index,CSI Green Bond,,,,107.81,,0.05,0.0,0.0,,,2018-11-09,中证绿色债券指数
2018-11-12,930951,中证交易所绿色债券指数,交易所绿色债,CSI Exchange Green Bond Index,Exchange Green Bond,,,,106.59,0.04,0.04,1.8,1.82,73.0,,2018-11-12,中证交易所绿色债券指数
2018-11-12,931147,中证交易所高等级绿色债券指数,交易所高等级绿色债,CSI Exchange High Grade Green Bond Index,Exchange High Grade Green Bond,,,,106.65,,0.04,0.0,0.0,,,2018-11-12,中证交易所高等级绿色债券指数
2018-11-12,931145,中证绿色债券指数,中证绿色债,CSI Green Bond Index,CSI Green Bond,,,,107.84,,0.03,0.0,0.0,,,2018-11-12,中证绿色债券指数
2018-11-13,930951,中证交易所绿色债券指数,交易所绿色债,CSI Exchange Green Bond Index,Exchange Green Bond,,,,106.59,0.0,0.0,3.7,3.76,73.0,,2018-11-13,中证交易所绿色债券指数
2018-11-13,931147,中证交易所高等级绿色债券指数,交易所高等级绿色债,CSI Exchange High Grade Green Bond Index,Exchange High Grade Green Bond,,,,106.65,,0.0,0.0,0.0,,,2018-11-13,中证交易所高等级绿色债券指数
2018-11-13,931145,中证绿色债券指数,中证绿色债,CSI Green Bond Index,CSI Green Bond,,,,107.86,,0.01,0.0,0.0,,,2018-11-13,中证绿色债券指数
2018-11-14,930951,中证交易所绿色债券指数,交易所绿色债,CSI Exchange Green Bond Index,Exchange Green Bond,,,,106.78,0.19,0.18,2.53,2.5,73.0,,2018-11-14,中证交易所绿色债券指数
2018-11-14,931147,中证交易所高等级绿色债券指数,交易所高等级绿色债,CSI Exchange High Grade Green Bond Index,Exchange High Grade Green Bond,,,,106.85,,0.18,0.0,0.0,,,2018-11-14,中证交易所高等级绿色债券指数
2018-11-14,931145,中证绿色债券指数,中证绿色债,CSI Green Bond Index,CSI Green Bond,,,,107.96,,0.1,0.0,0.0,,,2018-11-14,中证绿色债券指数
2018-11-15,930951,中证交易所绿色债券指数,交易所绿色债,CSI Exchange Green Bond Index,Exchange Green Bond,,,,106.85,0.06,0.06,3.1,3.11,73.0,,2018-11-15,中证交易所绿色债券指数
2018-11-15,931147,中证交易所高等级绿色债券指数,交易所高等级绿色债,CSI Exchange High Grade Green Bond Index,Exchange High Grade Green Bond,,,,106.91,,0.06,0.0,0.0,,,2018-11-15,中证交易所高等级绿色债券指数
2018-11-15,931145,中证绿色债券指数,中证绿色债,CSI Green Bond Index,CSI Green Bond,,,,107.95,,-0.01,0.0,0.0,,,2018-11-15,中证绿色债券指数
2018-11-16,930951,中证交易所绿色债券指数,交易所绿色债,CSI Exchange Green Bond Index,Exchange Green Bond,,,,107.04,0.19,0.18,1.61,1.63,73.0,,2018-11-16,中证交易所绿色债券指数
2018-11-16,931147,中证交易所高等级绿色债券指数,交易所高等级绿色债,CSI Exchange High Grade Green Bond Index,Exchange High Grade Green Bond,,,,107.11,,0.19,0.0,0.0,,,2018-11-16,中证交易所高等级绿色债券指数
2018-11-16,931145,中证绿色债券指数,中证绿色债,CSI Green Bond Index,CSI Green Bond,,,,108.03,,0.07,0.0,0.0,,,2018-11-16,中证绿色债券指数
2018-11-19,930951,中证交易所绿色债券指数,交易所绿色债,CSI Exchange Green Bond Index,Exchange Green Bond,,,,107.11,0.07,0.07,0.97,0.95,73.0,,2018-11-19,中证交易所绿色债券指数
2018-11-19,931147,中证交易所高等级绿色债券指数,交易所高等级绿色债,CSI Exchange High Grade Green Bond Index,Exchange High Grade Green Bond,,,,107.18,,0.07,0.0,0.0,,,2018-11-19,中证交易所高等级绿色债券指数
2018-11-19,931145,中证绿色债券指数,中证绿色债,CSI Green Bond Index,CSI Green Bond,,,,108.08,,0.05,0.0,0.0,,,2018-11-19,中证绿色债券指数
2018-11-20,930951,中证交易所绿色债券指数,交易所绿色债,CSI Exchange Green Bond Index,Exchange Green Bond,,,,107.23,0.12,0.11,4.03,4.1,73.0,,2018-11-20,中证交易所绿色债券指数
2018-11-20,931147,中证交易所高等级绿色债券指数,交易所高等级绿色债,CSI Exchange High Grade Green Bond Index,Exchange High Grade Green Bond,,,,107.31,,0.11,0.0,0.0,,,2018-11-20,中证交易所高等级绿色债券指数
2018-11-20,931145,中证绿色债券指数,中证绿色债,CSI Green Bond Index,CSI Green Bond,,,,108.12,,0.04,0.0,0.0,,,2018-11-20,中证绿色债券指数
2018-11-21,930951,中证交易所绿色债券指数,交易所绿色债,CSI Exchange Green Bond Index,Exchange Green Bond,,,,107.22,-0.01,-0.01,2.04,2.02,73.0,,2018-11-21,中证交易所绿色债券指数
2018-11-21,931147,中证交易所高等级绿色债券指数,交易所高等级绿色债,CSI Exchange High Grade Green Bond Index,Exchange High Grade Green Bond,,,,107.29,,-0.01,0.0,0.0,,,2018-11-21,中证交易所高等级绿色债券指数
2018-11-21,931145,中证绿色债券指数,中证绿色债,CSI Green Bond Index,CSI Green Bond,,,,108.14,,0.02,0.0,0.0,,,2018-11-21,中证绿色债券指数
2018-11-22,930951,中证交易所绿色债券指数,交易所绿色债,CSI Exchange Green Bond Index,Exchange Green Bond,,,,107.26,0.04,0.04,1.7,1.66,73.0,,2018-11-22,中证交易所绿色债券指数
2018-11-22,931147,中证交易所高等级绿色债券指数,交易所高等级绿色债,CSI Exchange High Grade Green Bond Index,Exchange High Grade Green Bond,,,,107.34,,0.04,0.0,0.0,,,2018-11-22,中证交易所高等级绿色债券指数
2018-11-22,931145,中证绿色债券指数,中证绿色债,CSI Green Bond Index,CSI Green Bond,,,,108.15,,0.01,0.0,0.0,,,2018-11-22,中证绿色债券指数
2018-11-23,930951,中证交易所绿色债券指数,交易所绿色债,CSI Exchange Green Bond Index,Exchange Green Bond,,,,107.33,0.06,0.06,0.4,0.4,73.0,,2018-11-23,中证交易所绿色债券指数
2018-11-23,931147,中证交易所高等级绿色债券指数,交易所高等级绿色债,CSI Exchange High Grade Green Bond Index,Exchange High Grade Green Bond,,,,107.4,,0.06,0.0,0.0,,,2018-11-23,中证交易所高等级绿色债券指数
2018-11-23,931145,中证绿色债券指数,中证绿色债,CSI Green Bond Index,CSI Green Bond,,,,108.17,,0.02,0.0,0.0,,,2018-11-23,中证绿色债券指数
2018-11-26,930951,中证交易所绿色债券指数,交易所绿色债,CSI Exchange Green Bond Index,Exchange Green Bond,,,,107.35,0.03,0.03,1.9,1.83,73.0,,2018-11-26,中证交易所绿色债券指数
2018-11-26,931147,中证交易所高等级绿色债券指数,交易所高等级绿色债,CSI Exchange High Grade Green Bond Index,Exchange High Grade Green Bond,,,,107.43,,0.02,0.0,0.0,,,2018-11-26,中证交易所高等级绿色债券指数
2018-11-26,931145,中证绿色债券指数,中证绿色债,CSI Green Bond Index,CSI Green Bond,,,,108.17,,0.0,0.0,0.0,,,2018-11-26,中证绿色债券指数
2018-11-27,930951,中证交易所绿色债券指数,交易所绿色债,CSI Exchange Green Bond Index,Exchange Green Bond,,,,107.41,0.06,0.05,0.0,0.0,73.0,,2018-11-27,中证交易所绿色债券指数
2018-11-27,931147,中证交易所高等级绿色债券指数,交易所高等级绿色债,CSI Exchange High Grade Green Bond Index,Exchange High Grade Green Bond,,,,107.49,,0.06,0.0,0.0,,,2018-11-27,中证交易所高等级绿色债券指数
2018-11-27,931145,中证绿色债券指数,中证绿色债,CSI Green Bond Index,CSI Green Bond,,,,108.2,,0.03,0.0,0.0,,,2018-11-27,中证绿色债券指数
2018-11-28,930951,中证交易所绿色债券指数,交易所绿色债,CSI Exchange Green Bond Index,Exchange Green Bond,,,,107.4,-0.01,-0.01,0.27,0.26,73.0,,2018-11-28,中证交易所绿色债券指数
2018-11-28,931147,中证交易所高等级绿色债券指数,交易所高等级绿色债,CSI Exchange High Grade Green Bond Index,Exchange High Grade Green Bond,,,,107.48,,-0.01,0.0,0.0,,,2018-11-28,中证交易所高等级绿色债券指数
2018-11-28,931145,中证绿色债券指数,中证绿色债,CSI Green Bond Index,CSI Green Bond,,,,108.2,,0.0,0.0,0.0,,,2018-11-28,中证绿色债券指数
2018-11-29,930951,中证交易所绿色债券指数,交易所绿色债,CSI Exchange Green Bond Index,Exchange Green Bond,,,,107.41,0.01,0.01,6.0,6.14,73.0,,2018-11-29,中证交易所绿色债券指数
2018-11-29,931147,中证交易所高等级绿色债券指数,交易所高等级绿色债,CSI Exchange High Grade Green Bond Index,Exchange High Grade Green Bond,,,,107.48,,0.01,0.0,0.0,,,2018-11-29,中证交易所高等级绿色债券指数
2018-11-29,931145,中证绿色债券指数,中证绿色债,CSI Green Bond Index,CSI Green Bond,,,,108.21,,0.01,0.0,0.0,,,2018-11-29,中证绿色债券指数
2018-11-30,930951,中证交易所绿色债券指数,交易所绿色债,CSI Exchange Green Bond Index,Exchange Green Bond,,,,107.44,0.02,0.02,1.15,1.14,73.0,,2018-11-30,中证交易所绿色债券指数
2018-11-30,931147,中证交易所高等级绿色债券指数,交易所高等级绿色债,CSI Exchange High Grade Green Bond Index,Exchange High Grade Green Bond,,,,107.51,,0.02,0.0,0.0,,,2018-11-30,中证交易所高等级绿色债券指数
2018-11-30,931145,中证绿色债券指数,中证绿色债,CSI Green Bond Index,CSI Green Bond,,,,108.24,,0.03,0.0,0.0,,,2018-11-30,中证绿色债券指数
2018-12-03,930951,中证交易所绿色债券指数,交易所绿色债,CSI Exchange Green Bond Index,Exchange Green Bond,,,,107.47,0.03,0.03,3.01,2.99,76.0,,2018-12-03,中证交易所绿色债券指数
2018-12-03,931147,中证交易所高等级绿色债券指数,交易所高等级绿色债,CSI Exchange High Grade Green Bond Index,Exchange High Grade Green Bond,,,,107.54,,0.03,0.0,0.0,,,2018-12-03,中证交易所高等级绿色债券指数
2018-12-03,931145,中证绿色债券指数,中证绿色债,CSI Green Bond Index,CSI Green Bond,,,,108.27,,0.02,0.0,0.0,,,2018-12-03,中证绿色债券指数
2018-12-04,930951,中证交易所绿色债券指数,交易所绿色债,CSI Exchange Green Bond Index,Exchange Green Bond,,,,107.51,0.04,0.04,2.41,2.45,76.0,,2018-12-04,中证交易所绿色债券指数
2018-12-04,931147,中证交易所高等级绿色债券指数,交易所高等级绿色债,CSI Exchange High Grade Green Bond Index,Exchange High Grade Green Bond,,,,107.58,,0.04,0.0,0.0,,,2018-12-04,中证交易所高等级绿色债券指数
2018-12-04,931145,中证绿色债券指数,中证绿色债,CSI Green Bond Index,CSI Green Bond,,,,108.3,,0.03,0.0,0.0,,,2018-12-04,中证绿色债券指数
2018-12-05,930951,中证交易所绿色债券指数,交易所绿色债,CSI Exchange Green Bond Index,Exchange Green Bond,,,,107.54,0.03,0.03,3.75,3.76,76.0,,2018-12-05,中证交易所绿色债券指数
2018-12-05,931147,中证交易所高等级绿色债券指数,交易所高等级绿色债,CSI Exchange High Grade Green Bond Index,Exchange High Grade Green Bond,,,,107.61,,0.03,0.0,0.0,,,2018-12-05,中证交易所高等级绿色债券指数
2018-12-05,931145,中证绿色债券指数,中证绿色债,CSI Green Bond Index,CSI Green Bond,,,,108.34,,0.03,0.0,0.0,,,2018-12-05,中证绿色债券指数
2018-12-06,930951,中证交易所绿色债券指数,交易所绿色债,CSI Exchange Green Bond Index,Exchange Green Bond,,,,107.66,0.12,0.11,2.0,2.02,76.0,,2018-12-06,中证交易所绿色债券指数
2018-12-06,931147,中证交易所高等级绿色债券指数,交易所高等级绿色债,CSI Exchange High Grade Green Bond Index,Exchange High Grade Green Bond,,,,107.73,,0.11,0.0,0.0,,,2018-12-06,中证交易所高等级绿色债券指数
2018-12-06,931145,中证绿色债券指数,中证绿色债,CSI Green Bond Index,CSI Green Bond,,,,108.39,,0.05,0.0,0.0,,,2018-12-06,中证绿色债券指数
2018-12-07,930951,中证交易所绿色债券指数,交易所绿色债,CSI Exchange Green Bond Index,Exchange Green Bond,,,,107.75,0.09,0.09,3.51,3.53,76.0,,2018-12-07,中证交易所绿色债券指数
2018-12-07,931147,中证交易所高等级绿色债券指数,交易所高等级绿色债,CSI Exchange High Grade Green Bond Index,Exchange High Grade Green Bond,,,,107.82,,0.09,0.0,0.0,,,2018-12-07,中证交易所高等级绿色债券指数
2018-12-07,931145,中证绿色债券指数,中证绿色债,CSI Green Bond Index,CSI Green Bond,,,,108.41,,0.02,0.0,0.0,,,2018-12-07,中证绿色债券指数
2018-12-10,930951,中证交易所绿色债券指数,交易所绿色债,CSI Exchange Green Bond Index,Exchange Green Bond,,,,107.84,0.08,0.08,1.4,1.43,76.0,,2018-12-10,中证交易所绿色债券指数
2018-12-10,931147,中证交易所高等级绿色债券指数,交易所高等级绿色债,CSI Exchange High Grade Green Bond Index,Exchange High Grade Green Bond,,,,107.9,,0.07,0.0,0.0,,,2018-12-10,中证交易所高等级绿色债券指数
2018-12-10,931145,中证绿色债券指数,中证绿色债,CSI Green Bond Index,CSI Green Bond,,,,108.47,,0.05,0.0,0.0,,,2018-12-10,中证绿色债券指数
2018-12-11,930951,中证交易所绿色债券指数,交易所绿色债,CSI Exchange Green Bond Index,Exchange Green Bond,,,,107.88,0.04,0.04,1.64,1.69,76.0,,2018-12-11,中证交易所绿色债券指数
2018-12-11,931147,中证交易所高等级绿色债券指数,交易所高等级绿色债,CSI Exchange High Grade Green Bond Index,Exchange High Grade Green Bond,,,,107.94,,0.04,0.0,0.0,,,2018-12-11,中证交易所高等级绿色债券指数
2018-12-11,931145,中证绿色债券指数,中证绿色债,CSI Green Bond Index,CSI Green Bond,,,,108.5,,0.03,0.0,0.0,,,2018-12-11,中证绿色债券指数
2018-12-12,930951,中证交易所绿色债券指数,交易所绿色债,CSI Exchange Green Bond Index,Exchange Green Bond,,,,107.94,0.06,0.05,0.0,0.0,76.0,,2018-12-12,中证交易所绿色债券指数
2018-12-12,931147,中证交易所高等级绿色债券指数,交易所高等级绿色债,CSI Exchange High Grade Green Bond Index,Exchange High Grade Green Bond,,,,108.0,,0.06,0.0,0.0,,,2018-12-12,中证交易所高等级绿色债券指数
2018-12-12,931145,中证绿色债券指数,中证绿色债,CSI Green Bond Index,CSI Green Bond,,,,108.52,,0.01,0.0,0.0,,,2018-12-12,中证绿色债券指数
2018-12-13,930951,中证交易所绿色债券指数,交易所绿色债,CSI Exchange Green Bond Index,Exchange Green Bond,,,,107.93,-0.01,-0.01,3.4,3.44,76.0,,2018-12-13,中证交易所绿色债券指数
2018-12-13,931147,中证交易所高等级绿色债券指数,交易所高等级绿色债,CSI Exchange High Grade Green Bond Index,Exchange High Grade Green Bond,,,,107.99,,-0.01,0.0,0.0,,,2018-12-13,中证交易所高等级绿色债券指数
2018-12-13,931145,中证绿色债券指数,中证绿色债,CSI Green Bond Index,CSI Green Bond,,,,108.5,,-0.02,0.0,0.0,,,2018-12-13,中证绿色债券指数
2018-12-14,930951,中证交易所绿色债券指数,交易所绿色债,CSI Exchange Green Bond Index,Exchange Green Bond,,,,107.91,-0.02,-0.02,0.4,0.39,76.0,,2018-12-14,中证交易所绿色债券指数
2018-12-14,931147,中证交易所高等级绿色债券指数,交易所高等级绿色债,CSI Exchange High Grade Green Bond Index,Exchange High Grade Green Bond,,,,107.97,,-0.02,0.0,0.0,,,2018-12-14,中证交易所高等级绿色债券指数
2018-12-14,931145,中证绿色债券指数,中证绿色债,CSI Green Bond Index,CSI Green Bond,,,,108.48,,-0.01,0.0,0.0,,,2018-12-14,中证绿色债券指数
2018-12-17,930951,中证交易所绿色债券指数,交易所绿色债,CSI Exchange Green Bond Index,Exchange Green Bond,,,,107.91,0.0,0.0,0.0,0.0,76.0,,2018-12-17,中证交易所绿色债券指数
2018-12-17,931147,中证交易所高等级绿色债券指数,交易所高等级绿色债,CSI Exchange High Grade Green Bond Index,Exchange High Grade Green Bond,,,,107.97,,0.0,0.0,0.0,,,2018-12-17,中证交易所高等级绿色债券指数
2018-12-17,931145,中证绿色债券指数,中证绿色债,CSI Green Bond Index,CSI Green Bond,,,,108.5,,0.01,0.0,0.0,,,2018-12-17,中证绿色债券指数
2018-12-18,930951,中证交易所绿色债券指数,交易所绿色债,CSI Exchange Green Bond Index,Exchange Green Bond,,,,107.83,-0.08,-0.07,1.9,1.91,76.0,,2018-12-18,中证交易所绿色债券指数
2018-12-18,931147,中证交易所高等级绿色债券指数,交易所高等级绿色债,CSI Exchange High Grade Green Bond Index,Exchange High Grade Green Bond,,,,107.89,,-0.07,0.0,0.0,,,2018-12-18,中证交易所高等级绿色债券指数
2018-12-18,931145,中证绿色债券指数,中证绿色债,CSI Green Bond Index,CSI Green Bond,,,,108.47,,-0.02,0.0,0.0,,,2018-12-18,中证绿色债券指数
2018-12-19,930951,中证交易所绿色债券指数,交易所绿色债,CSI Exchange Green Bond Index,Exchange Green Bond,,,,107.81,-0.02,-0.02,0.2,0.2,76.0,,2018-12-19,中证交易所绿色债券指数
2018-12-19,931147,中证交易所高等级绿色债券指数,交易所高等级绿色债,CSI Exchange High Grade Green Bond Index,Exchange High Grade Green Bond,,,,107.86,,-0.02,0.0,0.0,,,2018-12-19,中证交易所高等级绿色债券指数
2018-12-19,931145,中证绿色债券指数,中证绿色债,CSI Green Bond Index,CSI Green Bond,,,,108.48,,0.01,0.0,0.0,,,2018-12-19,中证绿色债券指数
2018-12-20,930951,中证交易所绿色债券指数,交易所绿色债,CSI Exchange Green Bond Index,Exchange Green Bond,,,,107.83,0.02,0.02,0.45,0.44,76.0,,2018-12-20,中证交易所绿色债券指数
2018-12-20,931147,中证交易所高等级绿色债券指数,交易所高等级绿色债,CSI Exchange High Grade Green Bond Index,Exchange High Grade Green Bond,,,,107.88,,0.02,0.0,0.0,,,2018-12-20,中证交易所高等级绿色债券指数
2018-12-20,931145,中证绿色债券指数,中证绿色债,CSI Green Bond Index,CSI Green Bond,,,,108.51,,0.03,0.0,0.0,,,2018-12-20,中证绿色债券指数
2018-12-21,930951,中证交易所绿色债券指数,交易所绿色债,CSI Exchange Green Bond Index,Exchange Green Bond,,,,107.93,0.1,0.09,0.75,0.76,76.0,,2018-12-21,中证交易所绿色债券指数
2018-12-21,931147,中证交易所高等级绿色债券指数,交易所高等级绿色债,CSI Exchange High Grade Green Bond Index,Exchange High Grade Green Bond,,,,107.99,,0.1,0.0,0.0,,,2018-12-21,中证交易所高等级绿色债券指数
2018-12-21,931145,中证绿色债券指数,中证绿色债,CSI Green Bond Index,CSI Green Bond,,,,108.54,,0.03,0.0,0.0,,,2018-12-21,中证绿色债券指数
2018-12-24,930951,中证交易所绿色债券指数,交易所绿色债,CSI Exchange Green Bond Index,Exchange Green Bond,,,,107.98,0.06,0.06,0.4,0.4,76.0,,2018-12-24,中证交易所绿色债券指数
2018-12-24,931147,中证交易所高等级绿色债券指数,交易所高等级绿色债,CSI Exchange High Grade Green Bond Index,Exchange High Grade Green Bond,,,,108.04,,0.05,0.0,0.0,,,2018-12-24,中证交易所高等级绿色债券指数
2018-12-24,931145,中证绿色债券指数,中证绿色债,CSI Green Bond Index,CSI Green Bond,,,,108.58,,0.03,0.0,0.0,,,2018-12-24,中证绿色债券指数
2018-12-25,930951,中证交易所绿色债券指数,交易所绿色债,CSI Exchange Green Bond Index,Exchange Green Bond,,,,108.0,0.01,0.01,1.95,1.92,76.0,,2018-12-25,中证交易所绿色债券指数
2018-12-25,931147,中证交易所高等级绿色债券指数,交易所高等级绿色债,CSI Exchange High Grade Green Bond Index,Exchange High Grade Green Bond,,,,108.05,,0.01,0.0,0.0,,,2018-12-25,中证交易所高等级绿色债券指数
2018-12-25,931145,中证绿色债券指数,中证绿色债,CSI Green Bond Index,CSI Green Bond,,,,108.6,,0.02,0.0,0.0,,,2018-12-25,中证绿色债券指数
2018-12-26,930951,中证交易所绿色债券指数,交易所绿色债,CSI Exchange Green Bond Index,Exchange Green Bond,,,,108.01,0.02,0.02,2.92,2.87,76.0,,2018-12-26,中证交易所绿色债券指数
2018-12-26,931147,中证交易所高等级绿色债券指数,交易所高等级绿色债,CSI Exchange High Grade Green Bond Index,Exchange High Grade Green Bond,,,,108.07,,0.02,0.0,0.0,,,2018-12-26,中证交易所高等级绿色债券指数
2018-12-26,931145,中证绿色债券指数,中证绿色债,CSI Green Bond Index,CSI Green Bond,,,,108.62,,0.01,0.0,0.0,,,2018-12-26,中证绿色债券指数
2018-12-27,930951,中证交易所绿色债券指数,交易所绿色债,CSI Exchange Green Bond Index,Exchange Green Bond,,,,107.99,-0.02,-0.02,1.8,1.84,76.0,,2018-12-27,中证交易所绿色债券指数
2018-12-27,931147,中证交易所高等级绿色债券指数,交易所高等级绿色债,CSI Exchange High Grade Green Bond Index,Exchange High Grade Green Bond,,,,108.04,,-0.03,0.0,0.0,,,2018-12-27,中证交易所高等级绿色债券指数
2018-12-27,931145,中证绿色债券指数,中证绿色债,CSI Green Bond Index,CSI Green Bond,,,,108.64,,0.02,0.0,0.0,,,2018-12-27,中证绿色债券指数
2018-12-28,930951,中证交易所绿色债券指数,交易所绿色债,CSI Exchange Green Bond Index,Exchange Green Bond,,,,108.07,0.08,0.08,0.05,0.05,76.0,,2018-12-28,中证交易所绿色债券指数
2018-12-28,931147,中证交易所高等级绿色债券指数,交易所高等级绿色债,CSI Exchange High Grade Green Bond Index,Exchange High Grade Green Bond,,,,108.13,,0.08,0.0,0.0,,,2018-12-28,中证交易所高等级绿色债券指数
2018-12-28,931145,中证绿色债券指数,中证绿色债,CSI Green Bond Index,CSI Green Bond,,,,108.74,,0.09,0.0,0.0,,,2018-12-28,中证绿色债券指数
2019-01-02,930951,中证交易所绿色债券指数,交易所绿色债,CSI Exchange Green Bond Index,Exchange Green Bond,,,,108.29,0.21,0.2,1.74,1.76,81.0,,2019-01-02,中证交易所绿色债券指数
2019-01-02,931147,中证交易所高等级绿色债券指数,交易所高等级绿色债,CSI Exchange High Grade Green Bond Index,Exchange High Grade Green Bond,,,,108.34,,0.2,0.0,0.0,,,2019-01-02,中证交易所高等级绿色债券指数
2019-01-02,931145,中证绿色债券指数,中证绿色债,CSI Green Bond Index,CSI Green Bond,,,,108.99,,0.23,0.0,0.0,,,2019-01-02,中证绿色债券指数
2019-01-03,930951,中证交易所绿色债券指数,交易所绿色债,CSI Exchange Green Bond Index,Exchange Green Bond,,,,108.46,0.18,0.16,8.58,8.63,81.0,,2019-01-03,中证交易所绿色债券指数
2019-01-03,931147,中证交易所高等级绿色债券指数,交易所高等级绿色债,CSI Exchange High Grade Green Bond Index,Exchange High Grade Green Bond,,,,108.53,,0.17,0.0,0.0,,,2019-01-03,中证交易所高等级绿色债券指数
2019-01-03,931145,中证绿色债券指数,中证绿色债,CSI Green Bond Index,CSI Green Bond,,,,109.09,,0.09,0.0,0.0,,,2019-01-03,中证绿色债券指数
2019-01-04,930951,中证交易所绿色债券指数,交易所绿色债,CSI Exchange Green Bond Index,Exchange Green Bond,,,,108.57,0.11,0.1,1.75,1.78,81.0,,2019-01-04,中证交易所绿色债券指数
2019-01-04,931147,中证交易所高等级绿色债券指数,交易所高等级绿色债,CSI Exchange High Grade Green Bond Index,Exchange High Grade Green Bond,,,,108.64,,0.1,0.0,0.0,,,2019-01-04,中证交易所高等级绿色债券指数
2019-01-04,931145,中证绿色债券指数,中证绿色债,CSI Green Bond Index,CSI Green Bond,,,,109.15,,0.06,0.0,0.0,,,2019-01-04,中证绿色债券指数
2019-01-07,930951,中证交易所绿色债券指数,交易所绿色债,CSI Exchange Green Bond Index,Exchange Green Bond,,,,108.76,0.19,0.17,4.56,4.64,81.0,,2019-01-07,中证交易所绿色债券指数
2019-01-07,931147,中证交易所高等级绿色债券指数,交易所高等级绿色债,CSI Exchange High Grade Green Bond Index,Exchange High Grade Green Bond,,,,108.83,,0.17,0.0,0.0,,,2019-01-07,中证交易所高等级绿色债券指数
2019-01-07,931145,中证绿色债券指数,中证绿色债,CSI Green Bond Index,CSI Green Bond,,,,109.28,,0.12,0.0,0.0,,,2019-01-07,中证绿色债券指数
2019-01-08,930951,中证交易所绿色债券指数,交易所绿色债,CSI Exchange Green Bond Index,Exchange Green Bond,,,,108.94,0.18,0.16,7.87,8.06,81.0,,2019-01-08,中证交易所绿色债券指数
2019-01-08,931147,中证交易所高等级绿色债券指数,交易所高等级绿色债,CSI Exchange High Grade Green Bond Index,Exchange High Grade Green Bond,,,,109.01,,0.17,0.0,0.0,,,2019-01-08,中证交易所高等级绿色债券指数
2019-01-08,931145,中证绿色债券指数,中证绿色债,CSI Green Bond Index,CSI Green Bond,,,,109.44,,0.15,0.0,0.0,,,2019-01-08,中证绿色债券指数
2019-01-09,930951,中证交易所绿色债券指数,交易所绿色债,CSI Exchange Green Bond Index,Exchange Green Bond,,,,109.07,0.14,0.12,1.03,1.05,81.0,,2019-01-09,中证交易所绿色债券指数
2019-01-09,931147,中证交易所高等级绿色债券指数,交易所高等级绿色债,CSI Exchange High Grade Green Bond Index,Exchange High Grade Green Bond,,,,109.14,,0.13,0.0,0.0,,,2019-01-09,中证交易所高等级绿色债券指数
2019-01-09,931145,中证绿色债券指数,中证绿色债,CSI Green Bond Index,CSI Green Bond,,,,109.48,,0.04,0.0,0.0,,,2019-01-09,中证绿色债券指数
2019-01-10,930951,中证交易所绿色债券指数,交易所绿色债,CSI Exchange Green Bond Index,Exchange Green Bond,,,,109.19,0.12,0.11,2.56,2.56,81.0,,2019-01-10,中证交易所绿色债券指数
2019-01-10,931147,中证交易所高等级绿色债券指数,交易所高等级绿色债,CSI Exchange High Grade Green Bond Index,Exchange High Grade Green Bond,,,,109.27,,0.11,0.0,0.0,,,2019-01-10,中证交易所高等级绿色债券指数
2019-01-10,931145,中证绿色债券指数,中证绿色债,CSI Green Bond Index,CSI Green Bond,,,,109.53,,0.04,0.0,0.0,,,2019-01-10,中证绿色债券指数
2019-01-11,930951,中证交易所绿色债券指数,交易所绿色债,CSI Exchange Green Bond Index,Exchange Green Bond,,,,109.24,0.05,0.05,1.67,1.68,81.0,,2019-01-11,中证交易所绿色债券指数
2019-01-11,931147,中证交易所高等级绿色债券指数,交易所高等级绿色债,CSI Exchange High Grade Green Bond Index,Exchange High Grade Green Bond,,,,109.32,,0.05,0.0,0.0,,,2019-01-11,中证交易所高等级绿色债券指数
2019-01-11,931145,中证绿色债券指数,中证绿色债,CSI Green Bond Index,CSI Green Bond,,,,109.55,,0.02,0.0,0.0,,,2019-01-11,中证绿色债券指数
2019-01-14,930951,中证交易所绿色债券指数,交易所绿色债,CSI Exchange Green Bond Index,Exchange Green Bond,,,,109.28,0.03,0.03,2.8,2.82,81.0,,2019-01-14,中证交易所绿色债券指数
2019-01-14,931147,中证交易所高等级绿色债券指数,交易所高等级绿色债,CSI Exchange High Grade Green Bond Index,Exchange High Grade Green Bond,,,,109.35,,0.03,0.0,0.0,,,2019-01-14,中证交易所高等级绿色债券指数
2019-01-14,931145,中证绿色债券指数,中证绿色债,CSI Green Bond Index,CSI Green Bond,,,,109.57,,0.02,0.0,0.0,,,2019-01-14,中证绿色债券指数
2019-01-15,930951,中证交易所绿色债券指数,交易所绿色债,CSI Exchange Green Bond Index,Exchange Green Bond,,,,109.23,-0.05,-0.05,2.94,2.98,81.0,,2019-01-15,中证交易所绿色债券指数
2019-01-15,931147,中证交易所高等级绿色债券指数,交易所高等级绿色债,CSI Exchange High Grade Green Bond Index,Exchange High Grade Green Bond,,,,109.29,,-0.05,0.0,0.0,,,2019-01-15,中证交易所高等级绿色债券指数
2019-01-15,931145,中证绿色债券指数,中证绿色债,CSI Green Bond Index,CSI Green Bond,,,,109.55,,-0.02,0.0,0.0,,,2019-01-15,中证绿色债券指数
2019-01-16,930951,中证交易所绿色债券指数,交易所绿色债,CSI Exchange Green Bond Index,Exchange Green Bond,,,,109.21,-0.02,-0.01,1.31,1.34,81.0,,2019-01-16,中证交易所绿色债券指数
2019-01-16,931147,中证交易所高等级绿色债券指数,交易所高等级绿色债,CSI Exchange High Grade Green Bond Index,Exchange High Grade Green Bond,,,,109.26,,-0.03,0.0,0.0,,,2019-01-16,中证交易所高等级绿色债券指数
2019-01-16,931145,中证绿色债券指数,中证绿色债,CSI Green Bond Index,CSI Green Bond,,,,109.57,,0.02,0.0,0.0,,,2019-01-16,中证绿色债券指数
2019-01-17,930951,中证交易所绿色债券指数,交易所绿色债,CSI Exchange Green Bond Index,Exchange Green Bond,,,,109.24,0.03,0.03,5.58,5.65,81.0,,2019-01-17,中证交易所绿色债券指数
2019-01-17,931147,中证交易所高等级绿色债券指数,交易所高等级绿色债,CSI Exchange High Grade Green Bond Index,Exchange High Grade Green Bond,,,,109.29,,0.03,0.0,0.0,,,2019-01-17,中证交易所高等级绿色债券指数
2019-01-17,931145,中证绿色债券指数,中证绿色债,CSI Green Bond Index,CSI Green Bond,,,,109.63,,0.05,0.0,0.0,,,2019-01-17,中证绿色债券指数
2019-01-18,930951,中证交易所绿色债券指数,交易所绿色债,CSI Exchange Green Bond Index,Exchange Green Bond,,,,109.31,0.07,0.06,2.17,2.21,81.0,,2019-01-18,中证交易所绿色债券指数
2019-01-18,931147,中证交易所高等级绿色债券指数,交易所高等级绿色债,CSI Exchange High Grade Green Bond Index,Exchange High Grade Green Bond,,,,109.36,,0.07,0.0,0.0,,,2019-01-18,中证交易所高等级绿色债券指数
2019-01-18,931145,中证绿色债券指数,中证绿色债,CSI Green Bond Index,CSI Green Bond,,,,109.67,,0.03,0.0,0.0,,,2019-01-18,中证绿色债券指数
2019-01-21,930951,中证交易所绿色债券指数,交易所绿色债,CSI Exchange Green Bond Index,Exchange Green Bond,,,,109.3,-0.01,-0.01,2.01,2.01,81.0,,2019-01-21,中证交易所绿色债券指数
2019-01-21,931147,中证交易所高等级绿色债券指数,交易所高等级绿色债,CSI Exchange High Grade Green Bond Index,Exchange High Grade Green Bond,,,,109.35,,-0.02,0.0,0.0,,,2019-01-21,中证交易所高等级绿色债券指数
2019-01-21,931145,中证绿色债券指数,中证绿色债,CSI Green Bond Index,CSI Green Bond,,,,109.68,,0.02,0.0,0.0,,,2019-01-21,中证绿色债券指数
2019-01-22,930951,中证交易所绿色债券指数,交易所绿色债,CSI Exchange Green Bond Index,Exchange Green Bond,,,,109.34,0.04,0.04,1.75,1.75,81.0,,2019-01-22,中证交易所绿色债券指数
2019-01-22,931147,中证交易所高等级绿色债券指数,交易所高等级绿色债,CSI Exchange High Grade Green Bond Index,Exchange High Grade Green Bond,,,,109.39,,0.04,0.0,0.0,,,2019-01-22,中证交易所高等级绿色债券指数
2019-01-22,931145,中证绿色债券指数,中证绿色债,CSI Green Bond Index,CSI Green Bond,,,,109.69,,0.01,0.0,0.0,,,2019-01-22,中证绿色债券指数
2019-01-23,930951,中证交易所绿色债券指数,交易所绿色债,CSI Exchange Green Bond Index,Exchange Green Bond,,,,109.36,0.03,0.02,1.73,1.72,81.0,,2019-01-23,中证交易所绿色债券指数
2019-01-23,931147,中证交易所高等级绿色债券指数,交易所高等级绿色债,CSI Exchange High Grade Green Bond Index,Exchange High Grade Green Bond,,,,109.42,,0.02,0.0,0.0,,,2019-01-23,中证交易所高等级绿色债券指数
2019-01-23,931145,中证绿色债券指数,中证绿色债,CSI Green Bond Index,CSI Green Bond,,,,109.7,,0.01,0.0,0.0,,,2019-01-23,中证绿色债券指数
2019-01-24,930951,中证交易所绿色债券指数,交易所绿色债,CSI Exchange Green Bond Index,Exchange Green Bond,,,,109.37,0.01,0.01,0.4,0.41,81.0,,2019-01-24,中证交易所绿色债券指数
2019-01-24,931147,中证交易所高等级绿色债券指数,交易所高等级绿色债,CSI Exchange High Grade Green Bond Index,Exchange High Grade Green Bond,,,,109.43,,0.01,0.0,0.0,,,2019-01-24,中证交易所高等级绿色债券指数
2019-01-24,931145,中证绿色债券指数,中证绿色债,CSI Green Bond Index,CSI Green Bond,,,,109.7,,0.0,0.0,0.0,,,2019-01-24,中证绿色债券指数
2019-01-25,930951,中证交易所绿色债券指数,交易所绿色债,CSI Exchange Green Bond Index,Exchange Green Bond,,,,109.36,-0.01,-0.01,2.8,2.83,81.0,,2019-01-25,中证交易所绿色债券指数
2019-01-25,931147,中证交易所高等级绿色债券指数,交易所高等级绿色债,CSI Exchange High Grade Green Bond Index,Exchange High Grade Green Bond,,,,109.41,,-0.01,0.0,0.0,,,2019-01-25,中证交易所高等级绿色债券指数
2019-01-25,931145,中证绿色债券指数,中证绿色债,CSI Green Bond Index,CSI Green Bond,,,,109.7,,0.0,0.0,0.0,,,2019-01-25,中证绿色债券指数
2019-01-28,930951,中证交易所绿色债券指数,交易所绿色债,CSI Exchange Green Bond Index,Exchange Green Bond,,,,109.24,-0.11,-0.1,1.12,1.13,81.0,,2019-01-28,中证交易所绿色债券指数
2019-01-28,931147,中证交易所高等级绿色债券指数,交易所高等级绿色债,CSI Exchange High Grade Green Bond Index,Exchange High Grade Green Bond,,,,109.29,,-0.11,0.0,0.0,,,2019-01-28,中证交易所高等级绿色债券指数
2019-01-28,931145,中证绿色债券指数,中证绿色债,CSI Green Bond Index,CSI Green Bond,,,,109.69,,-0.01,0.0,0.0,,,2019-01-28,中证绿色债券指数
2019-01-29,930951,中证交易所绿色债券指数,交易所绿色债,CSI Exchange Green Bond Index,Exchange Green Bond,,,,109.29,0.05,0.04,3.9,3.86,81.0,,2019-01-29,中证交易所绿色债券指数
2019-01-29,931147,中证交易所高等级绿色债券指数,交易所高等级绿色债,CSI Exchange High Grade Green Bond Index,Exchange High Grade Green Bond,,,,109.34,,0.04,0.0,0.0,,,2019-01-29,中证交易所高等级绿色债券指数
2019-01-29,931145,中证绿色债券指数,中证绿色债,CSI Green Bond Index,CSI Green Bond,,,,109.77,,0.08,0.0,0.0,,,2019-01-29,中证绿色债券指数
2019-01-30,930951,中证交易所绿色债券指数,交易所绿色债,CSI Exchange Green Bond Index,Exchange Green Bond,,,,109.31,0.02,0.02,2.49,2.54,81.0,,2019-01-30,中证交易所绿色债券指数
2019-01-30,931147,中证交易所高等级绿色债券指数,交易所高等级绿色债,CSI Exchange High Grade Green Bond Index,Exchange High Grade Green Bond,,,,109.36,,0.02,0.0,0.0,,,2019-01-30,中证交易所高等级绿色债券指数
2019-01-30,931145,中证绿色债券指数,中证绿色债,CSI Green Bond Index,CSI Green Bond,,,,109.8,,0.03,0.0,0.0,,,2019-01-30,中证绿色债券指数
2019-01-31,930951,中证交易所绿色债券指数,交易所绿色债,CSI Exchange Green Bond Index,Exchange Green Bond,,,,109.35,0.04,0.03,1.1,1.1,81.0,,2019-01-31,中证交易所绿色债券指数
2019-01-31,931147,中证交易所高等级绿色债券指数,交易所高等级绿色债,CSI Exchange High Grade Green Bond Index,Exchange High Grade Green Bond,,,,109.4,0.04,0.03,1.1,1.1,73.0,,2019-01-31,中证交易所高等级绿色债券指数
2019-01-31,931145,中证绿色债券指数,中证绿色债,CSI Green Bond Index,CSI Green Bond,,,,109.87,0.07,0.07,1.1,1.1,213.0,,2019-01-31,中证绿色债券指数
2019-02-01,930951,中证交易所绿色债券指数,交易所绿色债,CSI Exchange Green Bond Index,Exchange Green Bond,,,,109.39,0.04,0.04,0.12,0.12,85.0,,2019-02-01,中证交易所绿色债券指数
2019-02-01,931147,中证交易所高等级绿色债券指数,交易所高等级绿色债,CSI Exchange High Grade Green Bond Index,Exchange High Grade Green Bond,,,,109.43,0.04,0.03,0.02,0.02,77.0,,2019-02-01,中证交易所高等级绿色债券指数
2019-02-01,931145,中证绿色债券指数,中证绿色债,CSI Green Bond Index,CSI Green Bond,,,,109.91,0.04,0.04,0.12,0.12,220.0,,2019-02-01,中证绿色债券指数
2019-02-11,930951,中证交易所绿色债券指数,交易所绿色债,CSI Exchange Green Bond Index,Exchange Green Bond,,,,109.6,0.21,0.19,2.2,2.19,85.0,,2019-02-11,中证交易所绿色债券指数
2019-02-11,931147,中证交易所高等级绿色债券指数,交易所高等级绿色债,CSI Exchange High Grade Green Bond Index,Exchange High Grade Green Bond,,,,109.64,0.21,0.19,2.2,2.19,77.0,,2019-02-11,中证交易所高等级绿色债券指数
2019-02-11,931145,中证绿色债券指数,中证绿色债,CSI Green Bond Index,CSI Green Bond,,,,110.07,0.16,0.14,2.2,2.19,220.0,,2019-02-11,中证绿色债券指数
2019-02-12,930951,中证交易所绿色债券指数,交易所绿色债,CSI Exchange Green Bond Index,Exchange Green Bond,,,,109.68,0.08,0.07,1.5,1.5,85.0,,2019-02-12,中证交易所绿色债券指数
2019-02-12,931147,中证交易所高等级绿色债券指数,交易所高等级绿色债,CSI Exchange High Grade Green Bond Index,Exchange High Grade Green Bond,,,,109.72,0.08,0.07,1.5,1.5,77.0,,2019-02-12,中证交易所高等级绿色债券指数
2019-02-12,931145,中证绿色债券指数,中证绿色债,CSI Green Bond Index,CSI Green Bond,,,,110.11,0.04,0.04,1.5,1.5,220.0,,2019-02-12,中证绿色债券指数
2019-02-13,930951,中证交易所绿色债券指数,交易所绿色债,CSI Exchange Green Bond Index,Exchange Green Bond,,,,109.72,0.04,0.04,0.42,0.42,85.0,,2019-02-13,中证交易所绿色债券指数
2019-02-13,931147,中证交易所高等级绿色债券指数,交易所高等级绿色债,CSI Exchange High Grade Green Bond Index,Exchange High Grade Green Bond,,,,109.76,0.04,0.04,0.42,0.42,77.0,,2019-02-13,中证交易所高等级绿色债券指数
2019-02-13,931145,中证绿色债券指数,中证绿色债,CSI Green Bond Index,CSI Green Bond,,,,110.15,0.03,0.03,0.42,0.42,220.0,,2019-02-13,中证绿色债券指数
2019-02-14,930951,中证交易所绿色债券指数,交易所绿色债,CSI Exchange Green Bond Index,Exchange Green Bond,,,,109.76,0.04,0.03,1.0,1.04,85.0,,2019-02-14,中证交易所绿色债券指数
2019-02-14,931147,中证交易所高等级绿色债券指数,交易所高等级绿色债,CSI Exchange High Grade Green Bond Index,Exchange High Grade Green Bond,,,,109.8,0.04,0.03,1.0,1.04,77.0,,2019-02-14,中证交易所高等级绿色债券指数
2019-02-14,931145,中证绿色债券指数,中证绿色债,CSI Green Bond Index,CSI Green Bond,,,,110.17,0.02,0.02,1.0,1.04,220.0,,2019-02-14,中证绿色债券指数
2019-02-15,930951,中证交易所绿色债券指数,交易所绿色债,CSI Exchange Green Bond Index,Exchange Green Bond,,,,109.8,0.04,0.04,2.0,2.02,85.0,,2019-02-15,中证交易所绿色债券指数
2019-02-15,931147,中证交易所高等级绿色债券指数,交易所高等级绿色债,CSI Exchange High Grade Green Bond Index,Exchange High Grade Green Bond,,,,109.84,0.04,0.04,2.0,2.02,77.0,,2019-02-15,中证交易所高等级绿色债券指数
2019-02-15,931145,中证绿色债券指数,中证绿色债,CSI Green Bond Index,CSI Green Bond,,,,110.18,0.02,0.02,2.0,2.02,220.0,,2019-02-15,中证绿色债券指数
2019-02-18,930951,中证交易所绿色债券指数,交易所绿色债,CSI Exchange Green Bond Index,Exchange Green Bond,,,,109.83,0.03,0.03,6.9,7.01,85.0,,2019-02-18,中证交易所绿色债券指数
2019-02-18,931147,中证交易所高等级绿色债券指数,交易所高等级绿色债,CSI Exchange High Grade Green Bond Index,Exchange High Grade Green Bond,,,,109.88,0.03,0.03,6.9,7.01,77.0,,2019-02-18,中证交易所高等级绿色债券指数
2019-02-18,931145,中证绿色债券指数,中证绿色债,CSI Green Bond Index,CSI Green Bond,,,,110.2,0.02,0.02,6.9,7.01,220.0,,2019-02-18,中证绿色债券指数
2019-02-19,930951,中证交易所绿色债券指数,交易所绿色债,CSI Exchange Green Bond Index,Exchange Green Bond,,,,109.83,0.0,0.0,0.44,0.42,85.0,,2019-02-19,中证交易所绿色债券指数
2019-02-19,931147,中证交易所高等级绿色债券指数,交易所高等级绿色债,CSI Exchange High Grade Green Bond Index,Exchange High Grade Green Bond,,,,109.88,0.0,0.0,0.44,0.42,77.0,,2019-02-19,中证交易所高等级绿色债券指数
2019-02-19,931145,中证绿色债券指数,中证绿色债,CSI Green Bond Index,CSI Green Bond,,,,110.18,-0.02,-0.02,0.44,0.42,220.0,,2019-02-19,中证绿色债券指数
2019-02-20,930951,中证交易所绿色债券指数,交易所绿色债,CSI Exchange Green Bond Index,Exchange Green Bond,,,,109.83,0.0,0.0,2.7,2.77,85.0,,2019-02-20,中证交易所绿色债券指数
2019-02-20,931147,中证交易所高等级绿色债券指数,交易所高等级绿色债,CSI Exchange High Grade Green Bond Index,Exchange High Grade Green Bond,,,,109.88,0.01,0.01,2.7,2.77,77.0,,2019-02-20,中证交易所高等级绿色债券指数
2019-02-20,931145,中证绿色债券指数,中证绿色债,CSI Green Bond Index,CSI Green Bond,,,,110.2,0.01,0.01,2.7,2.77,220.0,,2019-02-20,中证绿色债券指数
2019-02-21,930951,中证交易所绿色债券指数,交易所绿色债,CSI Exchange Green Bond Index,Exchange Green Bond,,,,109.86,0.03,0.03,7.41,7.48,85.0,,2019-02-21,中证交易所绿色债券指数
2019-02-21,931147,中证交易所高等级绿色债券指数,交易所高等级绿色债,CSI Exchange High Grade Green Bond Index,Exchange High Grade Green Bond,,,,109.91,0.03,0.03,7.41,7.48,77.0,,2019-02-21,中证交易所高等级绿色债券指数
2019-02-21,931145,中证绿色债券指数,中证绿色债,CSI Green Bond Index,CSI Green Bond,,,,110.22,0.03,0.02,7.41,7.48,220.0,,2019-02-21,中证绿色债券指数
2019-02-22,930951,中证交易所绿色债券指数,交易所绿色债,CSI Exchange Green Bond Index,Exchange Green Bond,,,,109.83,-0.03,-0.03,7.37,7.48,85.0,,2019-02-22,中证交易所绿色债券指数
2019-02-22,931147,中证交易所高等级绿色债券指数,交易所高等级绿色债,CSI Exchange High Grade Green Bond Index,Exchange High Grade Green Bond,,,,109.88,-0.03,-0.03,7.37,7.48,77.0,,2019-02-22,中证交易所高等级绿色债券指数
2019-02-22,931145,中证绿色债券指数,中证绿色债,CSI Green Bond Index,CSI Green Bond,,,,110.21,-0.01,-0.01,7.37,7.48,220.0,,2019-02-22,中证绿色债券指数
2019-02-25,930951,中证交易所绿色债券指数,交易所绿色债,CSI Exchange Green Bond Index,Exchange Green Bond,,,,109.8,-0.04,-0.03,5.94,6.03,85.0,,2019-02-25,中证交易所绿色债券指数
2019-02-25,931147,中证交易所高等级绿色债券指数,交易所高等级绿色债,CSI Exchange High Grade Green Bond Index,Exchange High Grade Green Bond,,,,109.84,-0.04,-0.03,5.94,6.03,77.0,,2019-02-25,中证交易所高等级绿色债券指数
2019-02-25,931145,中证绿色债券指数,中证绿色债,CSI Green Bond Index,CSI Green Bond,,,,110.18,-0.03,-0.02,5.94,6.03,220.0,,2019-02-25,中证绿色债券指数
2019-02-26,930951,中证交易所绿色债券指数,交易所绿色债,CSI Exchange Green Bond Index,Exchange Green Bond,,,,109.74,-0.05,-0.05,3.71,3.77,85.0,,2019-02-26,中证交易所绿色债券指数
2019-02-26,931147,中证交易所高等级绿色债券指数,交易所高等级绿色债,CSI Exchange High Grade Green Bond Index,Exchange High Grade Green Bond,,,,109.79,-0.06,-0.05,3.71,3.77,77.0,,2019-02-26,中证交易所高等级绿色债券指数
2019-02-26,931145,中证绿色债券指数,中证绿色债,CSI Green Bond Index,CSI Green Bond,,,,110.13,-0.06,-0.05,3.71,3.77,220.0,,2019-02-26,中证绿色债券指数
2019-02-27,930951,中证交易所绿色债券指数,交易所绿色债,CSI Exchange Green Bond Index,Exchange Green Bond,,,,109.59,-0.15,-0.14,0.97,0.95,85.0,,2019-02-27,中证交易所绿色债券指数
2019-02-27,931147,中证交易所高等级绿色债券指数,交易所高等级绿色债,CSI Exchange High Grade Green Bond Index,Exchange High Grade Green Bond,,,,109.63,-0.16,-0.14,0.97,0.95,77.0,,2019-02-27,中证交易所高等级绿色债券指数
2019-02-27,931145,中证绿色债券指数,中证绿色债,CSI Green Bond Index,CSI Green Bond,,,,110.08,-0.04,-0.04,0.97,0.95,220.0,,2019-02-27,中证绿色债券指数
2019-02-28,930951,中证交易所绿色债券指数,交易所绿色债,CSI Exchange Green Bond Index,Exchange Green Bond,,,,109.6,0.01,0.01,1.2,1.22,85.0,,2019-02-28,中证交易所绿色债券指数
2019-02-28,931147,中证交易所高等级绿色债券指数,交易所高等级绿色债,CSI Exchange High Grade Green Bond Index,Exchange High Grade Green Bond,,,,109.63,0.01,0.0,1.2,1.22,77.0,,2019-02-28,中证交易所高等级绿色债券指数
2019-02-28,931145,中证绿色债券指数,中证绿色债,CSI Green Bond Index,CSI Green Bond,,,,110.11,0.03,0.03,1.2,1.22,220.0,,2019-02-28,中证绿色债券指数
2019-03-01,930951,中证交易所绿色债券指数,交易所绿色债,CSI Exchange Green Bond Index,Exchange Green Bond,,,,109.48,-0.11,-0.1,0.65,0.66,87.0,,2019-03-01,中证交易所绿色债券指数
2019-03-01,931147,中证交易所高等级绿色债券指数,交易所高等级绿色债,CSI Exchange High Grade Green Bond Index,Exchange High Grade Green Bond,,,,109.52,-0.11,-0.1,0.62,0.64,79.0,,2019-03-01,中证交易所高等级绿色债券指数
2019-03-01,931145,中证绿色债券指数,中证绿色债,CSI Green Bond Index,CSI Green Bond,,,,110.07,-0.04,-0.03,0.65,0.66,223.0,,2019-03-01,中证绿色债券指数
2019-03-04,930951,中证交易所绿色债券指数,交易所绿色债,CSI Exchange Green Bond Index,Exchange Green Bond,,,,109.42,-0.07,-0.06,2.89,2.91,87.0,,2019-03-04,中证交易所绿色债券指数
2019-03-04,931147,中证交易所高等级绿色债券指数,交易所高等级绿色债,CSI Exchange High Grade Green Bond Index,Exchange High Grade Green Bond,,,,109.45,-0.07,-0.07,2.89,2.91,79.0,,2019-03-04,中证交易所高等级绿色债券指数
2019-03-04,931145,中证绿色债券指数,中证绿色债,CSI Green Bond Index,CSI Green Bond,,,,110.04,-0.04,-0.03,2.89,2.91,223.0,,2019-03-04,中证绿色债券指数
2019-03-05,930951,中证交易所绿色债券指数,交易所绿色债,CSI Exchange Green Bond Index,Exchange Green Bond,,,,109.36,-0.06,-0.05,2.85,2.82,87.0,,2019-03-05,中证交易所绿色债券指数
2019-03-05,931147,中证交易所高等级绿色债券指数,交易所高等级绿色债,CSI Exchange High Grade Green Bond Index,Exchange High Grade Green Bond,,,,109.39,-0.06,-0.05,2.85,2.82,79.0,,2019-03-05,中证交易所高等级绿色债券指数
2019-03-05,931145,中证绿色债券指数,中证绿色债,CSI Green Bond Index,CSI Green Bond,,,,110.01,-0.03,-0.03,2.85,2.82,223.0,,2019-03-05,中证绿色债券指数
2019-03-06,930951,中证交易所绿色债券指数,交易所绿色债,CSI Exchange Green Bond Index,Exchange Green Bond,,,,109.28,-0.08,-0.07,3.05,3.09,87.0,,2019-03-06,中证交易所绿色债券指数
2019-03-06,931147,中证交易所高等级绿色债券指数,交易所高等级绿色债,CSI Exchange High Grade Green Bond Index,Exchange High Grade Green Bond,,,,109.31,-0.08,-0.07,2.45,2.46,79.0,,2019-03-06,中证交易所高等级绿色债券指数
2019-03-06,931145,中证绿色债券指数,中证绿色债,CSI Green Bond Index,CSI Green Bond,,,,109.97,-0.04,-0.04,3.05,3.09,223.0,,2019-03-06,中证绿色债券指数
2019-03-07,930951,中证交易所绿色债券指数,交易所绿色债,CSI Exchange Green Bond Index,Exchange Green Bond,,,,109.26,-0.02,-0.02,0.74,0.74,87.0,,2019-03-07,中证交易所绿色债券指数
2019-03-07,931147,中证交易所高等级绿色债券指数,交易所高等级绿色债,CSI Exchange High Grade Green Bond Index,Exchange High Grade Green Bond,,,,109.29,-0.02,-0.02,0.74,0.74,79.0,,2019-03-07,中证交易所高等级绿色债券指数
2019-03-07,931145,中证绿色债券指数,中证绿色债,CSI Green Bond Index,CSI Green Bond,,,,109.98,0.02,0.02,0.74,0.74,223.0,,2019-03-07,中证绿色债券指数
2019-03-08,930951,中证交易所绿色债券指数,交易所绿色债,CSI Exchange Green Bond Index,Exchange Green Bond,,,,109.46,0.2,0.18,1.82,1.82,87.0,,2019-03-08,中证交易所绿色债券指数
2019-03-08,931147,中证交易所高等级绿色债券指数,交易所高等级绿色债,CSI Exchange High Grade Green Bond Index,Exchange High Grade Green Bond,,,,109.49,0.2,0.18,1.82,1.82,79.0,,2019-03-08,中证交易所高等级绿色债券指数
2019-03-08,931145,中证绿色债券指数,中证绿色债,CSI Green Bond Index,CSI Green Bond,,,,110.06,0.08,0.07,1.82,1.82,223.0,,2019-03-08,中证绿色债券指数
2019-03-11,930951,中证交易所绿色债券指数,交易所绿色债,CSI Exchange Green Bond Index,Exchange Green Bond,,,,109.46,0.0,0.0,3.31,3.3,87.0,,2019-03-11,中证交易所绿色债券指数
2019-03-11,931147,中证交易所高等级绿色债券指数,交易所高等级绿色债,CSI Exchange High Grade Green Bond Index,Exchange High Grade Green Bond,,,,109.49,0.0,0.0,3.31,3.3,79.0,,2019-03-11,中证交易所高等级绿色债券指数
2019-03-11,931145,中证绿色债券指数,中证绿色债,CSI Green Bond Index,CSI Green Bond,,,,110.1,0.04,0.04,3.31,3.3,223.0,,2019-03-11,中证绿色债券指数
2019-03-12,930951,中证交易所绿色债券指数,交易所绿色债,CSI Exchange Green Bond Index,Exchange Green Bond,,,,109.5,0.05,0.04,1.64,1.64,87.0,,2019-03-12,中证交易所绿色债券指数
2019-03-12,931147,中证交易所高等级绿色债券指数,交易所高等级绿色债,CSI Exchange High Grade Green Bond Index,Exchange High Grade Green Bond,,,,109.53,0.05,0.04,1.64,1.64,79.0,,2019-03-12,中证交易所高等级绿色债券指数
2019-03-12,931145,中证绿色债券指数,中证绿色债,CSI Green Bond Index,CSI Green Bond,,,,110.09,-0.01,-0.01,1.64,1.64,223.0,,2019-03-12,中证绿色债券指数
2019-03-13,930951,中证交易所绿色债券指数,交易所绿色债,CSI Exchange Green Bond Index,Exchange Green Bond,,,,109.46,-0.04,-0.04,6.44,6.48,87.0,,2019-03-13,中证交易所绿色债券指数
2019-03-13,931147,中证交易所高等级绿色债券指数,交易所高等级绿色债,CSI Exchange High Grade Green Bond Index,Exchange High Grade Green Bond,,,,109.49,-0.04,-0.04,6.44,6.48,79.0,,2019-03-13,中证交易所高等级绿色债券指数
2019-03-13,931145,中证绿色债券指数,中证绿色债,CSI Green Bond Index,CSI Green Bond,,,,110.08,0.0,0.0,6.44,6.48,223.0,,2019-03-13,中证绿色债券指数
2019-03-14,930951,中证交易所绿色债券指数,交易所绿色债,CSI Exchange Green Bond Index,Exchange Green Bond,,,,109.44,-0.02,-0.02,1.83,1.82,87.0,,2019-03-14,中证交易所绿色债券指数
2019-03-14,931147,中证交易所高等级绿色债券指数,交易所高等级绿色债,CSI Exchange High Grade Green Bond Index,Exchange High Grade Green Bond,,,,109.47,-0.02,-0.02,1.83,1.82,79.0,,2019-03-14,中证交易所高等级绿色债券指数
2019-03-14,931145,中证绿色债券指数,中证绿色债,CSI Green Bond Index,CSI Green Bond,,,,110.07,-0.02,-0.01,1.83,1.82,223.0,,2019-03-14,中证绿色债券指数
2019-03-15,930951,中证交易所绿色债券指数,交易所绿色债,CSI Exchange Green Bond Index,Exchange Green Bond,,,,109.39,-0.04,-0.04,1.03,1.05,87.0,,2019-03-15,中证交易所绿色债券指数
2019-03-15,931147,中证交易所高等级绿色债券指数,交易所高等级绿色债,CSI Exchange High Grade Green Bond Index,Exchange High Grade Green Bond,,,,109.43,-0.04,-0.04,1.03,1.05,79.0,,2019-03-15,中证交易所高等级绿色债券指数
2019-03-15,931145,中证绿色债券指数,中证绿色债,CSI Green Bond Index,CSI Green Bond,,,,110.02,-0.04,-0.04,1.03,1.05,223.0,,2019-03-15,中证绿色债券指数
2019-03-18,930951,中证交易所绿色债券指数,交易所绿色债,CSI Exchange Green Bond Index,Exchange Green Bond,,,,109.41,0.01,0.01,0.2,0.2,87.0,,2019-03-18,中证交易所绿色债券指数
2019-03-18,931147,中证交易所高等级绿色债券指数,交易所高等级绿色债,CSI Exchange High Grade Green Bond Index,Exchange High Grade Green Bond,,,,109.44,0.01,0.01,0.16,0.16,79.0,,2019-03-18,中证交易所高等级绿色债券指数
2019-03-18,931145,中证绿色债券指数,中证绿色债,CSI Green Bond Index,CSI Green Bond,,,,110.05,0.03,0.03,0.2,0.2,223.0,,2019-03-18,中证绿色债券指数
2019-03-19,930951,中证交易所绿色债券指数,交易所绿色债,CSI Exchange Green Bond Index,Exchange Green Bond,,,,109.43,0.03,0.03,4.21,4.19,87.0,,2019-03-19,中证交易所绿色债券指数
2019-03-19,931147,中证交易所高等级绿色债券指数,交易所高等级绿色债,CSI Exchange High Grade Green Bond Index,Exchange High Grade Green Bond,,,,109.46,0.03,0.03,4.21,4.19,79.0,,2019-03-19,中证交易所高等级绿色债券指数
2019-03-19,931145,中证绿色债券指数,中证绿色债,CSI Green Bond Index,CSI Green Bond,,,,110.04,-0.01,-0.01,4.21,4.19,223.0,,2019-03-19,中证绿色债券指数
2019-03-20,930951,中证交易所绿色债券指数,交易所绿色债,CSI Exchange Green Bond Index,Exchange Green Bond,,,,109.42,-0.02,-0.02,1.23,1.23,87.0,,2019-03-20,中证交易所绿色债券指数
2019-03-20,931147,中证交易所高等级绿色债券指数,交易所高等级绿色债,CSI Exchange High Grade Green Bond Index,Exchange High Grade Green Bond,,,,109.44,-0.02,-0.02,1.23,1.23,79.0,,2019-03-20,中证交易所高等级绿色债券指数
2019-03-20,931145,中证绿色债券指数,中证绿色债,CSI Green Bond Index,CSI Green Bond,,,,110.05,0.01,0.01,1.23,1.23,223.0,,2019-03-20,中证绿色债券指数
2019-03-21,930951,中证交易所绿色债券指数,交易所绿色债,CSI Exchange Green Bond Index,Exchange Green Bond,,,,109.44,0.02,0.02,1.57,1.57,87.0,,2019-03-21,中证交易所绿色债券指数
2019-03-21,931147,中证交易所高等级绿色债券指数,交易所高等级绿色债,CSI Exchange High Grade Green Bond Index,Exchange High Grade Green Bond,,,,109.46,0.02,0.02,1.57,1.56,79.0,,2019-03-21,中证交易所高等级绿色债券指数
2019-03-21,931145,中证绿色债券指数,中证绿色债,CSI Green Bond Index,CSI Green Bond,,,,110.09,0.04,0.04,1.57,1.57,223.0,,2019-03-21,中证绿色债券指数
2019-03-22,930951,中证交易所绿色债券指数,交易所绿色债,CSI Exchange Green Bond Index,Exchange Green Bond,,,,109.51,0.07,0.06,1.53,1.51,87.0,,2019-03-22,中证交易所绿色债券指数
2019-03-22,931147,中证交易所高等级绿色债券指数,交易所高等级绿色债,CSI Exchange High Grade Green Bond Index,Exchange High Grade Green Bond,,,,109.53,0.07,0.06,1.53,1.51,79.0,,2019-03-22,中证交易所高等级绿色债券指数
2019-03-22,931145,中证绿色债券指数,中证绿色债,CSI Green Bond Index,CSI Green Bond,,,,110.12,0.03,0.03,1.53,1.51,223.0,,2019-03-22,中证绿色债券指数
2019-03-25,930951,中证交易所绿色债券指数,交易所绿色债,CSI Exchange Green Bond Index,Exchange Green Bond,,,,109.5,-0.01,-0.01,7.11,7.11,87.0,,2019-03-25,中证交易所绿色债券指数
2019-03-25,931147,中证交易所高等级绿色债券指数,交易所高等级绿色债,CSI Exchange High Grade Green Bond Index,Exchange High Grade Green Bond,,,,109.52,-0.01,-0.01,7.11,7.11,79.0,,2019-03-25,中证交易所高等级绿色债券指数
2019-03-25,931145,中证绿色债券指数,中证绿色债,CSI Green Bond Index,CSI Green Bond,,,,110.17,0.05,0.05,7.11,7.11,223.0,,2019-03-25,中证绿色债券指数
2019-03-26,930951,中证交易所绿色债券指数,交易所绿色债,CSI Exchange Green Bond Index,Exchange Green Bond,,,,109.61,0.1,0.1,0.21,0.22,87.0,,2019-03-26,中证交易所绿色债券指数
2019-03-26,931147,中证交易所高等级绿色债券指数,交易所高等级绿色债,CSI Exchange High Grade Green Bond Index,Exchange High Grade Green Bond,,,,109.63,0.11,0.1,0.21,0.22,79.0,,2019-03-26,中证交易所高等级绿色债券指数
2019-03-26,931145,中证绿色债券指数,中证绿色债,CSI Green Bond Index,CSI Green Bond,,,,110.22,0.05,0.04,0.21,0.22,223.0,,2019-03-26,中证绿色债券指数
2019-03-27,930951,中证交易所绿色债券指数,交易所绿色债,CSI Exchange Green Bond Index,Exchange Green Bond,,,,109.67,0.06,0.06,1.82,1.84,87.0,,2019-03-27,中证交易所绿色债券指数
2019-03-27,931147,中证交易所高等级绿色债券指数,交易所高等级绿色债,CSI Exchange High Grade Green Bond Index,Exchange High Grade Green Bond,,,,109.7,0.07,0.06,1.82,1.84,79.0,,2019-03-27,中证交易所高等级绿色债券指数
2019-03-27,931145,中证绿色债券指数,中证绿色债,CSI Green Bond Index,CSI Green Bond,,,,110.25,0.03,0.03,1.82,1.84,223.0,,2019-03-27,中证绿色债券指数
2019-03-28,930951,中证交易所绿色债券指数,交易所绿色债,CSI Exchange Green Bond Index,Exchange Green Bond,,,,109.73,0.06,0.05,0.75,0.76,87.0,,2019-03-28,中证交易所绿色债券指数
2019-03-28,931147,中证交易所高等级绿色债券指数,交易所高等级绿色债,CSI Exchange High Grade Green Bond Index,Exchange High Grade Green Bond,,,,109.76,0.06,0.05,0.75,0.76,79.0,,2019-03-28,中证交易所高等级绿色债券指数
2019-03-28,931145,中证绿色债券指数,中证绿色债,CSI Green Bond Index,CSI Green Bond,,,,110.29,0.04,0.04,0.75,0.76,223.0,,2019-03-28,中证绿色债券指数
2019-03-29,930951,中证交易所绿色债券指数,交易所绿色债,CSI Exchange Green Bond Index,Exchange Green Bond,,,,109.79,0.06,0.05,1.2,1.22,87.0,,2019-03-29,中证交易所绿色债券指数
2019-03-29,931147,中证交易所高等级绿色债券指数,交易所高等级绿色债,CSI Exchange High Grade Green Bond Index,Exchange High Grade Green Bond,,,,109.81,0.06,0.05,1.2,1.22,79.0,,2019-03-29,中证交易所高等级绿色债券指数
2019-03-29,931145,中证绿色债券指数,中证绿色债,CSI Green Bond Index,CSI Green Bond,,,,110.34,0.05,0.04,1.2,1.22,223.0,,2019-03-29,中证绿色债券指数
2019-04-01,930951,中证交易所绿色债券指数,交易所绿色债,CSI Exchange Green Bond Index,Exchange Green Bond,,,,109.75,-0.03,-0.03,4.9,4.92,91.0,,2019-04-01,中证交易所绿色债券指数
2019-04-01,931147,中证交易所高等级绿色债券指数,交易所高等级绿色债,CSI Exchange High Grade Green Bond Index,Exchange High Grade Green Bond,,,,109.78,-0.04,-0.03,4.9,4.92,83.0,,2019-04-01,中证交易所高等级绿色债券指数
2019-04-01,931145,中证绿色债券指数,中证绿色债,CSI Green Bond Index,CSI Green Bond,,,,110.33,-0.01,-0.01,3.5,3.52,232.0,,2019-04-01,中证绿色债券指数
2019-04-02,930951,中证交易所绿色债券指数,交易所绿色债,CSI Exchange Green Bond Index,Exchange Green Bond,,,,109.77,0.02,0.02,0.7,0.71,91.0,,2019-04-02,中证交易所绿色债券指数
2019-04-02,931147,中证交易所高等级绿色债券指数,交易所高等级绿色债,CSI Exchange High Grade Green Bond Index,Exchange High Grade Green Bond,,,,109.8,0.02,0.02,0.7,0.71,83.0,,2019-04-02,中证交易所高等级绿色债券指数
2019-04-02,931145,中证绿色债券指数,中证绿色债,CSI Green Bond Index,CSI Green Bond,,,,110.32,-0.01,-0.01,0.7,0.71,232.0,,2019-04-02,中证绿色债券指数
2019-04-03,930951,中证交易所绿色债券指数,交易所绿色债,CSI Exchange Green Bond Index,Exchange Green Bond,,,,109.69,-0.08,-0.08,1.21,1.22,91.0,,2019-04-03,中证交易所绿色债券指数
2019-04-03,931147,中证交易所高等级绿色债券指数,交易所高等级绿色债,CSI Exchange High Grade Green Bond Index,Exchange High Grade Green Bond,,,,109.71,-0.08,-0.08,1.21,1.22,83.0,,2019-04-03,中证交易所高等级绿色债券指数
2019-04-03,931145,中证绿色债券指数,中证绿色债,CSI Green Bond Index,CSI Green Bond,,,,110.27,-0.05,-0.04,1.21,1.22,232.0,,2019-04-03,中证绿色债券指数
2019-04-04,930951,中证交易所绿色债券指数,交易所绿色债,CSI Exchange Green Bond Index,Exchange Green Bond,,,,109.68,-0.01,-0.01,0.5,0.51,91.0,,2019-04-04,中证交易所绿色债券指数
2019-04-04,931147,中证交易所高等级绿色债券指数,交易所高等级绿色债,CSI Exchange High Grade Green Bond Index,Exchange High Grade Green Bond,,,,109.71,-0.01,-0.01,0.5,0.51,83.0,,2019-04-04,中证交易所高等级绿色债券指数
2019-04-04,931145,中证绿色债券指数,中证绿色债,CSI Green Bond Index,CSI Green Bond,,,,110.25,-0.02,-0.02,0.5,0.51,232.0,,2019-04-04,中证绿色债券指数
2019-04-08,930951,中证交易所绿色债券指数,交易所绿色债,CSI Exchange Green Bond Index,Exchange Green Bond,,,,109.63,-0.06,-0.05,0.1,0.1,91.0,,2019-04-08,中证交易所绿色债券指数
2019-04-08,931147,中证交易所高等级绿色债券指数,交易所高等级绿色债,CSI Exchange High Grade Green Bond Index,Exchange High Grade Green Bond,,,,109.65,-0.06,-0.05,0.1,0.1,83.0,,2019-04-08,中证交易所高等级绿色债券指数
2019-04-08,931145,中证绿色债券指数,中证绿色债,CSI Green Bond Index,CSI Green Bond,,,,110.23,-0.02,-0.02,0.1,0.1,232.0,,2019-04-08,中证绿色债券指数
2019-04-09,930951,中证交易所绿色债券指数,交易所绿色债,CSI Exchange Green Bond Index,Exchange Green Bond,,,,109.52,-0.1,-0.09,1.98,2.01,91.0,,2019-04-09,中证交易所绿色债券指数
2019-04-09,931147,中证交易所高等级绿色债券指数,交易所高等级绿色债,CSI Exchange High Grade Green Bond Index,Exchange High Grade Green Bond,,,,109.54,-0.1,-0.09,1.98,2.01,83.0,,2019-04-09,中证交易所高等级绿色债券指数
2019-04-09,931145,中证绿色债券指数,中证绿色债,CSI Green Bond Index,CSI Green Bond,,,,110.16,-0.07,-0.06,1.98,2.01,232.0,,2019-04-09,中证绿色债券指数
2019-04-10,930951,中证交易所绿色债券指数,交易所绿色债,CSI Exchange Green Bond Index,Exchange Green Bond,,,,109.4,-0.12,-0.11,0.51,0.52,91.0,,2019-04-10,中证交易所绿色债券指数
2019-04-10,931147,中证交易所高等级绿色债券指数,交易所高等级绿色债,CSI Exchange High Grade Green Bond Index,Exchange High Grade Green Bond,,,,109.43,-0.12,-0.11,0.51,0.52,83.0,,2019-04-10,中证交易所高等级绿色债券指数
2019-04-10,931145,中证绿色债券指数,中证绿色债,CSI Green Bond Index,CSI Green Bond,,,,110.06,-0.1,-0.09,0.51,0.52,232.0,,2019-04-10,中证绿色债券指数
2019-04-11,930951,中证交易所绿色债券指数,交易所绿色债,CSI Exchange Green Bond Index,Exchange Green Bond,,,,109.31,-0.09,-0.08,0.9,0.91,91.0,,2019-04-11,中证交易所绿色债券指数
2019-04-11,931147,中证交易所高等级绿色债券指数,交易所高等级绿色债,CSI Exchange High Grade Green Bond Index,Exchange High Grade Green Bond,,,,109.34,-0.08,-0.08,0.7,0.71,83.0,,2019-04-11,中证交易所高等级绿色债券指数
2019-04-11,931145,中证绿色债券指数,中证绿色债,CSI Green Bond Index,CSI Green Bond,,,,110.06,0.0,0.0,0.9,0.91,232.0,,2019-04-11,中证绿色债券指数
2019-04-12,930951,中证交易所绿色债券指数,交易所绿色债,CSI Exchange Green Bond Index,Exchange Green Bond,,,,109.35,0.03,0.03,0.21,0.22,91.0,,2019-04-12,中证交易所绿色债券指数
2019-04-12,931147,中证交易所高等级绿色债券指数,交易所高等级绿色债,CSI Exchange High Grade Green Bond Index,Exchange High Grade Green Bond,,,,109.39,0.04,0.04,0.21,0.22,83.0,,2019-04-12,中证交易所高等级绿色债券指数
2019-04-12,931145,中证绿色债券指数,中证绿色债,CSI Green Bond Index,CSI Green Bond,,,,110.09,0.03,0.02,0.21,0.22,232.0,,2019-04-12,中证绿色债券指数
2019-04-15,930951,中证交易所绿色债券指数,交易所绿色债,CSI Exchange Green Bond Index,Exchange Green Bond,,,,109.18,-0.16,-0.15,1.77,1.76,91.0,,2019-04-15,中证交易所绿色债券指数
2019-04-15,931147,中证交易所高等级绿色债券指数,交易所高等级绿色债,CSI Exchange High Grade Green Bond Index,Exchange High Grade Green Bond,,,,109.23,-0.16,-0.15,1.77,1.76,83.0,,2019-04-15,中证交易所高等级绿色债券指数
2019-04-15,931145,中证绿色债券指数,中证绿色债,CSI Green Bond Index,CSI Green Bond,,,,109.98,-0.1,-0.1,1.77,1.76,232.0,,2019-04-15,中证绿色债券指数
2019-04-16,930951,中证交易所绿色债券指数,交易所绿色债,CSI Exchange Green Bond Index,Exchange Green Bond,,,,109.06,-0.13,-0.12,0.3,0.31,91.0,,2019-04-16,中证交易所绿色债券指数
2019-04-16,931147,中证交易所高等级绿色债券指数,交易所高等级绿色债,CSI Exchange High Grade Green Bond Index,Exchange High Grade Green Bond,,,,109.1,-0.12,-0.11,0.3,0.31,83.0,,2019-04-16,中证交易所高等级绿色债券指数
2019-04-16,931145,中证绿色债券指数,中证绿色债,CSI Green Bond Index,CSI Green Bond,,,,109.91,-0.07,-0.06,0.3,0.31,232.0,,2019-04-16,中证绿色债券指数
2019-04-17,930951,中证交易所绿色债券指数,交易所绿色债,CSI Exchange Green Bond Index,Exchange Green Bond,,,,109.01,-0.05,-0.05,1.8,1.78,91.0,,2019-04-17,中证交易所绿色债券指数
2019-04-17,931147,中证交易所高等级绿色债券指数,交易所高等级绿色债,CSI Exchange High Grade Green Bond Index,Exchange High Grade Green Bond,,,,109.06,-0.05,-0.04,1.8,1.78,83.0,,2019-04-17,中证交易所高等级绿色债券指数
2019-04-17,931145,中证绿色债券指数,中证绿色债,CSI Green Bond Index,CSI Green Bond,,,,109.89,-0.02,-0.02,1.8,1.78,232.0,,2019-04-17,中证绿色债券指数
2019-04-18,930951,中证交易所绿色债券指数,交易所绿色债,CSI Exchange Green Bond Index,Exchange Green Bond,,,,109.0,0.0,0.0,5.79,5.75,91.0,,2019-04-18,中证交易所绿色债券指数
2019-04-18,931147,中证交易所高等级绿色债券指数,交易所高等级绿色债,CSI Exchange High Grade Green Bond Index,Exchange High Grade Green Bond,,,,109.06,0.0,0.0,5.71,5.66,83.0,,2019-04-18,中证交易所高等级绿色债券指数
2019-04-18,931145,中证绿色债券指数,中证绿色债,CSI Green Bond Index,CSI Green Bond,,,,109.91,0.02,0.01,5.79,5.75,232.0,,2019-04-18,中证绿色债券指数
2019-04-19,930951,中证交易所绿色债券指数,交易所绿色债,CSI Exchange Green Bond Index,Exchange Green Bond,,,,109.07,0.07,0.07,3.2,3.19,91.0,,2019-04-19,中证交易所绿色债券指数
2019-04-19,931147,中证交易所高等级绿色债券指数,交易所高等级绿色债,CSI Exchange High Grade Green Bond Index,Exchange High Grade Green Bond,,,,109.14,0.08,0.08,3.2,3.19,83.0,,2019-04-19,中证交易所高等级绿色债券指数
2019-04-19,931145,中证绿色债券指数,中证绿色债,CSI Green Bond Index,CSI Green Bond,,,,109.98,0.07,0.06,3.2,3.19,232.0,,2019-04-19,中证绿色债券指数
2019-04-22,930951,中证交易所绿色债券指数,交易所绿色债,CSI Exchange Green Bond Index,Exchange Green Bond,,,,109.14,0.07,0.06,1.5,1.49,91.0,,2019-04-22,中证交易所绿色债券指数
2019-04-22,931147,中证交易所高等级绿色债券指数,交易所高等级绿色债,CSI Exchange High Grade Green Bond Index,Exchange High Grade Green Bond,,,,109.22,0.07,0.07,1.5,1.49,83.0,,2019-04-22,中证交易所高等级绿色债券指数
2019-04-22,931145,中证绿色债券指数,中证绿色债,CSI Green Bond Index,CSI Green Bond,,,,110.01,0.04,0.03,1.5,1.49,232.0,,2019-04-22,中证绿色债券指数
2019-04-23,930951,中证交易所绿色债券指数,交易所绿色债,CSI Exchange Green Bond Index,Exchange Green Bond,,,,109.14,0.0,0.0,2.45,2.44,91.0,,2019-04-23,中证交易所绿色债券指数
2019-04-23,931147,中证交易所高等级绿色债券指数,交易所高等级绿色债,CSI Exchange High Grade Green Bond Index,Exchange High Grade Green Bond,,,,109.21,-0.01,0.0,2.45,2.44,83.0,,2019-04-23,中证交易所高等级绿色债券指数
2019-04-23,931145,中证绿色债券指数,中证绿色债,CSI Green Bond Index,CSI Green Bond,,,,109.98,-0.03,-0.03,2.45,2.44,232.0,,2019-04-23,中证绿色债券指数
2019-04-24,930951,中证交易所绿色债券指数,交易所绿色债,CSI Exchange Green Bond Index,Exchange Green Bond,,,,109.15,0.02,0.02,0.7,0.71,91.0,,2019-04-24,中证交易所绿色债券指数
2019-04-24,931147,中证交易所高等级绿色债券指数,交易所高等级绿色债,CSI Exchange High Grade Green Bond Index,Exchange High Grade Green Bond,,,,109.23,0.02,0.02,0.7,0.71,83.0,,2019-04-24,中证交易所高等级绿色债券指数
2019-04-24,931145,中证绿色债券指数,中证绿色债,CSI Green Bond Index,CSI Green Bond,,,,109.97,-0.01,-0.01,0.7,0.71,232.0,,2019-04-24,中证绿色债券指数
2019-04-25,930951,中证交易所绿色债券指数,交易所绿色债,CSI Exchange Green Bond Index,Exchange Green Bond,,,,109.17,0.02,0.02,1.67,1.65,91.0,,2019-04-25,中证交易所绿色债券指数
2019-04-25,931147,中证交易所高等级绿色债券指数,交易所高等级绿色债,CSI Exchange High Grade Green Bond Index,Exchange High Grade Green Bond,,,,109.25,0.02,0.02,1.67,1.65,83.0,,2019-04-25,中证交易所高等级绿色债券指数
2019-04-25,931145,中证绿色债券指数,中证绿色债,CSI Green Bond Index,CSI Green Bond,,,,109.97,0.0,0.0,1.67,1.65,232.0,,2019-04-25,中证绿色债券指数
2019-04-26,930951,中证交易所绿色债券指数,交易所绿色债,CSI Exchange Green Bond Index,Exchange Green Bond,,,,109.22,0.05,0.04,0.01,0.01,91.0,,2019-04-26,中证交易所绿色债券指数
2019-04-26,931147,中证交易所高等级绿色债券指数,交易所高等级绿色债,CSI Exchange High Grade Green Bond Index,Exchange High Grade Green Bond,,,,109.29,0.05,0.04,0.01,0.01,83.0,,2019-04-26,中证交易所高等级绿色债券指数
2019-04-26,931145,中证绿色债券指数,中证绿色债,CSI Green Bond Index,CSI Green Bond,,,,109.99,0.02,0.01,0.01,0.01,232.0,,2019-04-26,中证绿色债券指数
2019-04-29,930951,中证交易所绿色债券指数,交易所绿色债,CSI Exchange Green Bond Index,Exchange Green Bond,,,,109.08,-0.14,-0.12,3.71,3.73,91.0,,2019-04-29,中证交易所绿色债券指数
2019-04-29,931147,中证交易所高等级绿色债券指数,交易所高等级绿色债,CSI Exchange High Grade Green Bond Index,Exchange High Grade Green Bond,,,,109.15,-0.14,-0.13,3.71,3.73,83.0,,2019-04-29,中证交易所高等级绿色债券指数
2019-04-29,931145,中证绿色债券指数,中证绿色债,CSI Green Bond Index,CSI Green Bond,,,,109.96,-0.03,-0.03,3.71,3.73,232.0,,2019-04-29,中证绿色债券指数
2019-04-30,930951,中证交易所绿色债券指数,交易所绿色债,CSI Exchange Green Bond Index,Exchange Green Bond,,,,109.25,0.17,0.16,0.61,0.61,91.0,,2019-04-30,中证交易所绿色债券指数
2019-04-30,931147,中证交易所高等级绿色债券指数,交易所高等级绿色债,CSI Exchange High Grade Green Bond Index,Exchange High Grade Green Bond,,,,109.33,0.18,0.16,0.61,0.61,83.0,,2019-04-30,中证交易所高等级绿色债券指数
2019-04-30,931145,中证绿色债券指数,中证绿色债,CSI Green Bond Index,CSI Green Bond,,,,110.0,0.05,0.04,0.61,0.61,232.0,,2019-04-30,中证绿色债券指数
2019-05-06,930951,中证交易所绿色债券指数,交易所绿色债,CSI Exchange Green Bond Index,Exchange Green Bond,,,,109.44,0.19,0.17,2.8,2.75,96.0,,2019-05-06,中证交易所绿色债券指数
2019-05-06,931147,中证交易所高等级绿色债券指数,交易所高等级绿色债,CSI Exchange High Grade Green Bond Index,Exchange High Grade Green Bond,,,,109.51,0.18,0.17,2.8,2.75,88.0,,2019-05-06,中证交易所高等级绿色债券指数
2019-05-06,931145,中证绿色债券指数,中证绿色债,CSI Green Bond Index,CSI Green Bond,,,,110.19,0.19,0.17,0.46,0.46,242.0,,2019-05-06,中证绿色债券指数
2019-05-07,930951,中证交易所绿色债券指数,交易所绿色债,CSI Exchange Green Bond Index,Exchange Green Bond,,,,109.56,0.12,0.11,5.17,5.15,96.0,,2019-05-07,中证交易所绿色债券指数
2019-05-07,931147,中证交易所高等级绿色债券指数,交易所高等级绿色债,CSI Exchange High Grade Green Bond Index,Exchange High Grade Green Bond,,,,109.63,0.12,0.11,5.17,5.15,88.0,,2019-05-07,中证交易所高等级绿色债券指数
2019-05-07,931145,中证绿色债券指数,中证绿色债,CSI Green Bond Index,CSI Green Bond,,,,110.23,0.04,0.03,3.89,3.89,242.0,,2019-05-07,中证绿色债券指数
2019-05-08,930951,中证交易所绿色债券指数,交易所绿色债,CSI Exchange Green Bond Index,Exchange Green Bond,,,,109.64,0.08,0.07,4.11,4.08,96.0,,2019-05-08,中证交易所绿色债券指数
2019-05-08,931147,中证交易所高等级绿色债券指数,交易所高等级绿色债,CSI Exchange High Grade Green Bond Index,Exchange High Grade Green Bond,,,,109.71,0.08,0.08,4.11,4.08,88.0,,2019-05-08,中证交易所高等级绿色债券指数
2019-05-08,931145,中证绿色债券指数,中证绿色债,CSI Green Bond Index,CSI Green Bond,,,,110.3,0.07,0.06,2.3,2.31,242.0,,2019-05-08,中证绿色债券指数
2019-05-09,930951,中证交易所绿色债券指数,交易所绿色债,CSI Exchange Green Bond Index,Exchange Green Bond,,,,109.75,0.11,0.1,3.61,3.58,96.0,,2019-05-09,中证交易所绿色债券指数
2019-05-09,931147,中证交易所高等级绿色债券指数,交易所高等级绿色债,CSI Exchange High Grade Green Bond Index,Exchange High Grade Green Bond,,,,109.82,0.11,0.1,3.41,3.37,88.0,,2019-05-09,中证交易所高等级绿色债券指数
2019-05-09,931145,中证绿色债券指数,中证绿色债,CSI Green Bond Index,CSI Green Bond,,,,110.38,0.08,0.07,2.16,2.15,242.0,,2019-05-09,中证绿色债券指数
2019-05-10,930951,中证交易所绿色债券指数,交易所绿色债,CSI Exchange Green Bond Index,Exchange Green Bond,,,,109.78,0.03,0.02,1.89,1.86,96.0,,2019-05-10,中证交易所绿色债券指数
2019-05-10,931147,中证交易所高等级绿色债券指数,交易所高等级绿色债,CSI Exchange High Grade Green Bond Index,Exchange High Grade Green Bond,,,,109.85,0.02,0.02,1.89,1.86,88.0,,2019-05-10,中证交易所高等级绿色债券指数
2019-05-10,931145,中证绿色债券指数,中证绿色债,CSI Green Bond Index,CSI Green Bond,,,,110.42,0.04,0.04,0.21,0.21,242.0,,2019-05-10,中证绿色债券指数
2019-05-13,930951,中证交易所绿色债券指数,交易所绿色债,CSI Exchange Green Bond Index,Exchange Green Bond,,,,109.88,0.1,0.09,2.13,2.12,96.0,,2019-05-13,中证交易所绿色债券指数
2019-05-13,931147,中证交易所高等级绿色债券指数,交易所高等级绿色债,CSI Exchange High Grade Green Bond Index,Exchange High Grade Green Bond,,,,109.95,0.1,0.09,2.13,2.12,88.0,,2019-05-13,中证交易所高等级绿色债券指数
2019-05-13,931145,中证绿色债券指数,中证绿色债,CSI Green Bond Index,CSI Green Bond,,,,110.51,0.09,0.08,1.47,1.48,242.0,,2019-05-13,中证绿色债券指数
2019-05-14,930951,中证交易所绿色债券指数,交易所绿色债,CSI Exchange Green Bond Index,Exchange Green Bond,,,,109.95,0.07,0.06,3.88,3.87,96.0,,2019-05-14,中证交易所绿色债券指数
2019-05-14,931147,中证交易所高等级绿色债券指数,交易所高等级绿色债,CSI Exchange High Grade Green Bond Index,Exchange High Grade Green Bond,,,,110.02,0.07,0.06,3.88,3.87,88.0,,2019-05-14,中证交易所高等级绿色债券指数
2019-05-14,931145,中证绿色债券指数,中证绿色债,CSI Green Bond Index,CSI Green Bond,,,,110.55,0.04,0.04,2.91,2.92,242.0,,2019-05-14,中证绿色债券指数
2019-05-15,930951,中证交易所绿色债券指数,交易所绿色债,CSI Exchange Green Bond Index,Exchange Green Bond,,,,109.99,0.04,0.04,1.78,1.76,96.0,,2019-05-15,中证交易所绿色债券指数
2019-05-15,931147,中证交易所高等级绿色债券指数,交易所高等级绿色债,CSI Exchange High Grade Green Bond Index,Exchange High Grade Green Bond,,,,110.06,0.04,0.04,1.78,1.76,88.0,,2019-05-15,中证交易所高等级绿色债券指数
2019-05-15,931145,中证绿色债券指数,中证绿色债,CSI Green Bond Index,CSI Green Bond,,,,110.58,0.03,0.03,0.9,0.9,242.0,,2019-05-15,中证绿色债券指数
2019-05-16,930951,中证交易所绿色债券指数,交易所绿色债,CSI Exchange Green Bond Index,Exchange Green Bond,,,,110.01,0.03,0.02,4.16,4.18,96.0,,2019-05-16,中证交易所绿色债券指数
2019-05-16,931147,中证交易所高等级绿色债券指数,交易所高等级绿色债,CSI Exchange High Grade Green Bond Index,Exchange High Grade Green Bond,,,,110.08,0.03,0.02,3.76,3.76,88.0,,2019-05-16,中证交易所高等级绿色债券指数
2019-05-16,931145,中证绿色债券指数,中证绿色债,CSI Green Bond Index,CSI Green Bond,,,,110.59,0.01,0.01,22.67,22.84,242.0,,2019-05-16,中证绿色债券指数
2019-05-17,930951,中证交易所绿色债券指数,交易所绿色债,CSI Exchange Green Bond Index,Exchange Green Bond,,,,110.05,0.04,0.03,1.62,1.6,96.0,,2019-05-17,中证交易所绿色债券指数
2019-05-17,931147,中证交易所高等级绿色债券指数,交易所高等级绿色债,CSI Exchange High Grade Green Bond Index,Exchange High Grade Green Bond,,,,110.12,0.04,0.03,1.62,1.6,88.0,,2019-05-17,中证交易所高等级绿色债券指数
2019-05-17,931145,中证绿色债券指数,中证绿色债,CSI Green Bond Index,CSI Green Bond,,,,110.62,0.03,0.03,1.02,1.01,242.0,,2019-05-17,中证绿色债券指数
2019-05-20,930951,中证交易所绿色债券指数,交易所绿色债,CSI Exchange Green Bond Index,Exchange Green Bond,,,,110.12,0.07,0.06,1.26,1.25,96.0,,2019-05-20,中证交易所绿色债券指数
2019-05-20,931147,中证交易所高等级绿色债券指数,交易所高等级绿色债,CSI Exchange High Grade Green Bond Index,Exchange High Grade Green Bond,,,,110.18,0.07,0.06,1.26,1.25,88.0,,2019-05-20,中证交易所高等级绿色债券指数
2019-05-20,931145,中证绿色债券指数,中证绿色债,CSI Green Bond Index,CSI Green Bond,,,,110.67,0.04,0.04,0.66,0.66,242.0,,2019-05-20,中证绿色债券指数
2019-05-21,930951,中证交易所绿色债券指数,交易所绿色债,CSI Exchange Green Bond Index,Exchange Green Bond,,,,110.15,0.03,0.03,3.45,3.43,96.0,,2019-05-21,中证交易所绿色债券指数
2019-05-21,931147,中证交易所高等级绿色债券指数,交易所高等级绿色债,CSI Exchange High Grade Green Bond Index,Exchange High Grade Green Bond,,,,110.22,0.03,0.03,3.45,3.43,88.0,,2019-05-21,中证交易所高等级绿色债券指数
2019-05-21,931145,中证绿色债券指数,中证绿色债,CSI Green Bond Index,CSI Green Bond,,,,110.67,0.01,0.01,2.65,2.65,242.0,,2019-05-21,中证绿色债券指数
2019-05-22,930951,中证交易所绿色债券指数,交易所绿色债,CSI Exchange Green Bond Index,Exchange Green Bond,,,,110.16,0.01,0.01,3.34,3.33,96.0,,2019-05-22,中证交易所绿色债券指数
2019-05-22,931147,中证交易所高等级绿色债券指数,交易所高等级绿色债,CSI Exchange High Grade Green Bond Index,Exchange High Grade Green Bond,,,,110.23,0.01,0.01,3.34,3.33,88.0,,2019-05-22,中证交易所高等级绿色债券指数
2019-05-22,931145,中证绿色债券指数,中证绿色债,CSI Green Bond Index,CSI Green Bond,,,,110.66,-0.01,-0.01,2.53,2.54,242.0,,2019-05-22,中证绿色债券指数
2019-05-23,930951,中证交易所绿色债券指数,交易所绿色债,CSI Exchange Green Bond Index,Exchange Green Bond,,,,110.21,0.05,0.04,4.46,4.43,95.0,,2019-05-23,中证交易所绿色债券指数
2019-05-23,931147,中证交易所高等级绿色债券指数,交易所高等级绿色债,CSI Exchange High Grade Green Bond Index,Exchange High Grade Green Bond,,,,110.27,0.05,0.04,4.46,4.43,88.0,,2019-05-23,中证交易所高等级绿色债券指数
2019-05-23,931145,中证绿色债券指数,中证绿色债,CSI Green Bond Index,CSI Green Bond,,,,110.66,0.0,0.0,2.5,2.5,241.0,,2019-05-23,中证绿色债券指数
2019-05-24,930951,中证交易所绿色债券指数,交易所绿色债,CSI Exchange Green Bond Index,Exchange Green Bond,,,,110.26,0.05,0.05,1.36,1.34,95.0,,2019-05-24,中证交易所绿色债券指数
2019-05-24,931147,中证交易所高等级绿色债券指数,交易所高等级绿色债,CSI Exchange High Grade Green Bond Index,Exchange High Grade Green Bond,,,,110.33,0.05,0.05,1.36,1.34,88.0,,2019-05-24,中证交易所高等级绿色债券指数
2019-05-24,931145,中证绿色债券指数,中证绿色债,CSI Green Bond Index,CSI Green Bond,,,,110.69,0.04,0.03,0.01,0.01,241.0,,2019-05-24,中证绿色债券指数
2019-05-27,930951,中证交易所绿色债券指数,交易所绿色债,CSI Exchange Green Bond Index,Exchange Green Bond,,,,110.21,-0.06,-0.05,3.05,3.07,95.0,,2019-05-27,中证交易所绿色债券指数
2019-05-27,931147,中证交易所高等级绿色债券指数,交易所高等级绿色债,CSI Exchange High Grade Green Bond Index,Exchange High Grade Green Bond,,,,110.27,-0.06,-0.05,3.05,3.07,88.0,,2019-05-27,中证交易所高等级绿色债券指数
2019-05-27,931145,中证绿色债券指数,中证绿色债,CSI Green Bond Index,CSI Green Bond,,,,110.66,-0.03,-0.03,1.4,1.44,241.0,,2019-05-27,中证绿色债券指数
2019-05-28,930951,中证交易所绿色债券指数,交易所绿色债,CSI Exchange Green Bond Index,Exchange Green Bond,,,,110.26,0.06,0.05,3.21,3.24,95.0,,2019-05-28,中证交易所绿色债券指数
2019-05-28,931147,中证交易所高等级绿色债券指数,交易所高等级绿色债,CSI Exchange High Grade Green Bond Index,Exchange High Grade Green Bond,,,,110.33,0.06,0.05,3.21,3.24,88.0,,2019-05-28,中证交易所高等级绿色债券指数
2019-05-28,931145,中证绿色债券指数,中证绿色债,CSI Green Bond Index,CSI Green Bond,,,,110.66,0.0,0.0,2.2,2.23,241.0,,2019-05-28,中证绿色债券指数
2019-05-29,930951,中证交易所绿色债券指数,交易所绿色债,CSI Exchange Green Bond Index,Exchange Green Bond,,,,110.34,0.08,0.07,1.46,1.46,95.0,,2019-05-29,中证交易所绿色债券指数
2019-05-29,931147,中证交易所高等级绿色债券指数,交易所高等级绿色债,CSI Exchange High Grade Green Bond Index,Exchange High Grade Green Bond,,,,110.41,0.08,0.07,1.46,1.46,88.0,,2019-05-29,中证交易所高等级绿色债券指数
2019-05-29,931145,中证绿色债券指数,中证绿色债,CSI Green Bond Index,CSI Green Bond,,,,110.67,0.0,0.0,0.81,0.82,241.0,,2019-05-29,中证绿色债券指数
2019-05-30,930951,中证交易所绿色债券指数,交易所绿色债,CSI Exchange Green Bond Index,Exchange Green Bond,,,,110.41,0.07,0.06,5.73,5.78,95.0,,2019-05-30,中证交易所绿色债券指数
2019-05-30,931147,中证交易所高等级绿色债券指数,交易所高等级绿色债,CSI Exchange High Grade Green Bond Index,Exchange High Grade Green Bond,,,,110.48,0.07,0.06,5.73,5.78,88.0,,2019-05-30,中证交易所高等级绿色债券指数
2019-05-30,931145,中证绿色债券指数,中证绿色债,CSI Green Bond Index,CSI Green Bond,,,,110.69,0.02,0.02,2.6,2.65,241.0,,2019-05-30,中证绿色债券指数
2019-05-31,930951,中证交易所绿色债券指数,交易所绿色债,CSI Exchange Green Bond Index,Exchange Green Bond,,,,110.48,0.07,0.06,7.36,7.43,95.0,,2019-05-31,中证交易所绿色债券指数
2019-05-31,931147,中证交易所高等级绿色债券指数,交易所高等级绿色债,CSI Exchange High Grade Green Bond Index,Exchange High Grade Green Bond,,,,110.54,0.07,0.06,7.16,7.22,88.0,,2019-05-31,中证交易所高等级绿色债券指数
2019-05-31,931145,中证绿色债券指数,中证绿色债,CSI Green Bond Index,CSI Green Bond,,,,110.72,0.03,0.03,5.61,5.67,241.0,,2019-05-31,中证绿色债券指数
2019-06-03,930951,中证交易所绿色债券指数,交易所绿色债,CSI Exchange Green Bond Index,Exchange Green Bond,,,,110.46,-0.02,-0.02,4.14,4.16,212.0,,2019-06-03,中证交易所绿色债券指数
2019-06-03,931147,中证交易所高等级绿色债券指数,交易所高等级绿色债,CSI Exchange High Grade Green Bond Index,Exchange High Grade Green Bond,,,,110.52,-0.02,-0.02,4.14,4.16,202.0,,2019-06-03,中证交易所高等级绿色债券指数
2019-06-03,931145,中证绿色债券指数,中证绿色债,CSI Green Bond Index,CSI Green Bond,,,,110.74,0.02,0.02,2.01,2.03,242.0,,2019-06-03,中证绿色债券指数
2019-06-04,930951,中证交易所绿色债券指数,交易所绿色债,CSI Exchange Green Bond Index,Exchange Green Bond,,,,110.45,-0.01,-0.01,3.31,3.3,212.0,,2019-06-04,中证交易所绿色债券指数
2019-06-04,931147,中证交易所高等级绿色债券指数,交易所高等级绿色债,CSI Exchange High Grade Green Bond Index,Exchange High Grade Green Bond,,,,110.51,-0.01,-0.01,3.31,3.3,202.0,,2019-06-04,中证交易所高等级绿色债券指数
2019-06-04,931145,中证绿色债券指数,中证绿色债,CSI Green Bond Index,CSI Green Bond,,,,110.77,0.02,0.02,1.5,1.5,242.0,,2019-06-04,中证绿色债券指数
2019-06-05,930951,中证交易所绿色债券指数,交易所绿色债,CSI Exchange Green Bond Index,Exchange Green Bond,,,,110.49,0.04,0.04,3.78,3.81,212.0,,2019-06-05,中证交易所绿色债券指数
2019-06-05,931147,中证交易所高等级绿色债券指数,交易所高等级绿色债,CSI Exchange High Grade Green Bond Index,Exchange High Grade Green Bond,,,,110.55,0.04,0.04,3.78,3.81,202.0,,2019-06-05,中证交易所高等级绿色债券指数
2019-06-05,931145,中证绿色债券指数,中证绿色债,CSI Green Bond Index,CSI Green Bond,,,,110.77,0.01,0.01,3.2,3.23,242.0,,2019-06-05,中证绿色债券指数
2019-06-06,930951,中证交易所绿色债券指数,交易所绿色债,CSI Exchange Green Bond Index,Exchange Green Bond,,,,110.5,0.01,0.01,3.32,2.48,212.0,,2019-06-06,中证交易所绿色债券指数
2019-06-06,931147,中证交易所高等级绿色债券指数,交易所高等级绿色债,CSI Exchange High Grade Green Bond Index,Exchange High Grade Green Bond,,,,110.56,0.01,0.01,3.32,2.48,202.0,,2019-06-06,中证交易所高等级绿色债券指数
2019-06-06,931145,中证绿色债券指数,中证绿色债,CSI Green Bond Index,CSI Green Bond,,,,110.8,0.02,0.02,0.6,0.6,242.0,,2019-06-06,中证绿色债券指数
2019-06-10,930951,中证交易所绿色债券指数,交易所绿色债,CSI Exchange Green Bond Index,Exchange Green Bond,,,,110.59,0.08,0.08,5.4,5.41,212.0,,2019-06-10,中证交易所绿色债券指数
2019-06-10,931147,中证交易所高等级绿色债券指数,交易所高等级绿色债,CSI Exchange High Grade Green Bond Index,Exchange High Grade Green Bond,,,,110.64,0.08,0.08,5.4,5.41,202.0,,2019-06-10,中证交易所高等级绿色债券指数
2019-06-10,931145,中证绿色债券指数,中证绿色债,CSI Green Bond Index,CSI Green Bond,,,,110.84,0.04,0.04,1.3,1.33,242.0,,2019-06-10,中证绿色债券指数
2019-06-11,930951,中证交易所绿色债券指数,交易所绿色债,CSI Exchange Green Bond Index,Exchange Green Bond,,,,110.58,-0.01,-0.01,5.79,5.79,212.0,,2019-06-11,中证交易所绿色债券指数
2019-06-11,931147,中证交易所高等级绿色债券指数,交易所高等级绿色债,CSI Exchange High Grade Green Bond Index,Exchange High Grade Green Bond,,,,110.63,-0.01,-0.01,5.64,5.64,202.0,,2019-06-11,中证交易所高等级绿色债券指数
2019-06-11,931145,中证绿色债券指数,中证绿色债,CSI Green Bond Index,CSI Green Bond,,,,110.82,-0.01,-0.01,2.07,2.07,242.0,,2019-06-11,中证绿色债券指数
2019-06-12,930951,中证交易所绿色债券指数,交易所绿色债,CSI Exchange Green Bond Index,Exchange Green Bond,,,,110.64,0.07,0.06,5.42,5.39,212.0,,2019-06-12,中证交易所绿色债券指数
2019-06-12,931147,中证交易所高等级绿色债券指数,交易所高等级绿色债,CSI Exchange High Grade Green Bond Index,Exchange High Grade Green Bond,,,,110.7,0.06,0.06,5.42,5.39,202.0,,2019-06-12,中证交易所高等级绿色债券指数
2019-06-12,931145,中证绿色债券指数,中证绿色债,CSI Green Bond Index,CSI Green Bond,,,,110.86,0.04,0.03,4.49,4.46,242.0,,2019-06-12,中证绿色债券指数
2019-06-13,930951,中证交易所绿色债券指数,交易所绿色债,CSI Exchange Green Bond Index,Exchange Green Bond,,,,110.65,0.01,0.01,2.29,2.29,212.0,,2019-06-13,中证交易所绿色债券指数
2019-06-13,931147,中证交易所高等级绿色债券指数,交易所高等级绿色债,CSI Exchange High Grade Green Bond Index,Exchange High Grade Green Bond,,,,110.7,0.0,0.0,2.29,2.29,202.0,,2019-06-13,中证交易所高等级绿色债券指数
2019-06-13,931145,中证绿色债券指数,中证绿色债,CSI Green Bond Index,CSI Green Bond,,,,110.86,-0.01,-0.01,1.33,1.33,242.0,,2019-06-13,中证绿色债券指数
2019-06-14,930951,中证交易所绿色债券指数,交易所绿色债,CSI Exchange Green Bond Index,Exchange Green Bond,,,,110.55,-0.1,-0.09,4.19,4.21,212.0,,2019-06-14,中证交易所绿色债券指数
2019-06-14,931147,中证交易所高等级绿色债券指数,交易所高等级绿色债,CSI Exchange High Grade Green Bond Index,Exchange High Grade Green Bond,,,,110.6,-0.1,-0.09,4.19,4.21,202.0,,2019-06-14,中证交易所高等级绿色债券指数
2019-06-14,931145,中证绿色债券指数,中证绿色债,CSI Green Bond Index,CSI Green Bond,,,,110.86,0.0,0.0,3.08,3.1,242.0,,2019-06-14,中证绿色债券指数
2019-06-17,930951,中证交易所绿色债券指数,交易所绿色债,CSI Exchange Green Bond Index,Exchange Green Bond,,,,110.52,-0.03,-0.03,2.9,2.89,212.0,,2019-06-17,中证交易所绿色债券指数
2019-06-17,931147,中证交易所高等级绿色债券指数,交易所高等级绿色债,CSI Exchange High Grade Green Bond Index,Exchange High Grade Green Bond,,,,110.56,-0.04,-0.03,2.9,2.89,202.0,,2019-06-17,中证交易所高等级绿色债券指数
2019-06-17,931145,中证绿色债券指数,中证绿色债,CSI Green Bond Index,CSI Green Bond,,,,110.88,0.03,0.03,2.48,2.47,242.0,,2019-06-17,中证绿色债券指数
2019-06-18,930951,中证交易所绿色债券指数,交易所绿色债,CSI Exchange Green Bond Index,Exchange Green Bond,,,,110.52,0.01,0.01,2.86,2.86,212.0,,2019-06-18,中证交易所绿色债券指数
2019-06-18,931147,中证交易所高等级绿色债券指数,交易所高等级绿色债,CSI Exchange High Grade Green Bond Index,Exchange High Grade Green Bond,,,,110.57,0.01,0.01,2.86,2.86,202.0,,2019-06-18,中证交易所高等级绿色债券指数
2019-06-18,931145,中证绿色债券指数,中证绿色债,CSI Green Bond Index,CSI Green Bond,,,,110.93,0.04,0.04,2.0,2.01,242.0,,2019-06-18,中证绿色债券指数
2019-06-19,930951,中证交易所绿色债券指数,交易所绿色债,CSI Exchange Green Bond Index,Exchange Green Bond,,,,110.61,0.09,0.08,8.56,8.67,212.0,,2019-06-19,中证交易所绿色债券指数
2019-06-19,931147,中证交易所高等级绿色债券指数,交易所高等级绿色债,CSI Exchange High Grade Green Bond Index,Exchange High Grade Green Bond,,,,110.65,0.09,0.08,8.56,8.67,202.0,,2019-06-19,中证交易所高等级绿色债券指数
2019-06-19,931145,中证绿色债券指数,中证绿色债,CSI Green Bond Index,CSI Green Bond,,,,110.97,0.04,0.04,8.0,8.11,242.0,,2019-06-19,中证绿色债券指数
2019-06-20,930951,中证交易所绿色债券指数,交易所绿色债,CSI Exchange Green Bond Index,Exchange Green Bond,,,,110.69,0.09,0.08,3.83,3.81,212.0,,2019-06-20,中证交易所绿色债券指数
2019-06-20,931147,中证交易所高等级绿色债券指数,交易所高等级绿色债,CSI Exchange High Grade Green Bond Index,Exchange High Grade Green Bond,,,,110.74,0.09,0.08,3.83,3.81,202.0,,2019-06-20,中证交易所高等级绿色债券指数
2019-06-20,931145,中证绿色债券指数,中证绿色债,CSI Green Bond Index,CSI Green Bond,,,,111.02,0.05,0.04,2.2,2.19,242.0,,2019-06-20,中证绿色债券指数
2019-06-21,930951,中证交易所绿色债券指数,交易所绿色债,CSI Exchange Green Bond Index,Exchange Green Bond,,,,110.74,0.05,0.04,3.39,3.38,212.0,,2019-06-21,中证交易所绿色债券指数
2019-06-21,931147,中证交易所高等级绿色债券指数,交易所高等级绿色债,CSI Exchange High Grade Green Bond Index,Exchange High Grade Green Bond,,,,110.79,0.05,0.04,3.39,3.38,202.0,,2019-06-21,中证交易所高等级绿色债券指数
2019-06-21,931145,中证绿色债券指数,中证绿色债,CSI Green Bond Index,CSI Green Bond,,,,111.06,0.04,0.04,2.5,2.5,242.0,,2019-06-21,中证绿色债券指数
2019-06-24,930951,中证交易所绿色债券指数,交易所绿色债,CSI Exchange Green Bond Index,Exchange Green Bond,,,,110.85,0.11,0.1,1.71,1.72,212.0,,2019-06-24,中证交易所绿色债券指数
2019-06-24,931147,中证交易所高等级绿色债券指数,交易所高等级绿色债,CSI Exchange High Grade Green Bond Index,Exchange High Grade Green Bond,,,,110.89,0.11,0.1,1.71,1.72,202.0,,2019-06-24,中证交易所高等级绿色债券指数
2019-06-24,931145,中证绿色债券指数,中证绿色债,CSI Green Bond Index,CSI Green Bond,,,,111.12,0.06,0.05,1.15,1.16,242.0,,2019-06-24,中证绿色债券指数
2019-06-25,930951,中证交易所绿色债券指数,交易所绿色债,CSI Exchange Green Bond Index,Exchange Green Bond,,,,110.9,0.05,0.04,3.18,3.19,212.0,,2019-06-25,中证交易所绿色债券指数
2019-06-25,931147,中证交易所高等级绿色债券指数,交易所高等级绿色债,CSI Exchange High Grade Green Bond Index,Exchange High Grade Green Bond,,,,110.94,0.05,0.04,3.18,3.19,202.0,,2019-06-25,中证交易所高等级绿色债券指数
2019-06-25,931145,中证绿色债券指数,中证绿色债,CSI Green Bond Index,CSI Green Bond,,,,111.15,0.03,0.03,2.67,2.68,242.0,,2019-06-25,中证绿色债券指数
2019-06-26,930951,中证交易所绿色债券指数,交易所绿色债,CSI Exchange Green Bond Index,Exchange Green Bond,,,,110.98,0.09,0.08,2.14,2.16,212.0,,2019-06-26,中证交易所绿色债券指数
2019-06-26,931147,中证交易所高等级绿色债券指数,交易所高等级绿色债,CSI Exchange High Grade Green Bond Index,Exchange High Grade Green Bond,,,,111.03,0.09,0.08,2.14,2.16,202.0,,2019-06-26,中证交易所高等级绿色债券指数
2019-06-26,931145,中证绿色债券指数,中证绿色债,CSI Green Bond Index,CSI Green Bond,,,,111.18,0.03,0.03,0.81,0.84,242.0,,2019-06-26,中证绿色债券指数
2019-06-27,930951,中证交易所绿色债券指数,交易所绿色债,CSI Exchange Green Bond Index,Exchange Green Bond,,,,111.06,0.07,0.07,2.38,2.39,212.0,,2019-06-27,中证交易所绿色债券指数
2019-06-27,931147,中证交易所高等级绿色债券指数,交易所高等级绿色债,CSI Exchange High Grade Green Bond Index,Exchange High Grade Green Bond,,,,111.1,0.08,0.07,2.38,2.39,202.0,,2019-06-27,中证交易所高等级绿色债券指数
2019-06-27,931145,中证绿色债券指数,中证绿色债,CSI Green Bond Index,CSI Green Bond,,,,111.22,0.04,0.03,0.8,0.81,242.0,,2019-06-27,中证绿色债券指数
2019-06-28,930951,中证交易所绿色债券指数,交易所绿色债,CSI Exchange Green Bond Index,Exchange Green Bond,,,,111.09,0.03,0.03,3.17,3.15,212.0,,2019-06-28,中证交易所绿色债券指数
2019-06-28,931147,中证交易所高等级绿色债券指数,交易所高等级绿色债,CSI Exchange High Grade Green Bond Index,Exchange High Grade Green Bond,,,,111.13,0.03,0.03,3.17,3.15,202.0,,2019-06-28,中证交易所高等级绿色债券指数
2019-06-28,931145,中证绿色债券指数,中证绿色债,CSI Green Bond Index,CSI Green Bond,,,,111.26,0.04,0.04,2.02,2.0,242.0,,2019-06-28,中证绿色债券指数
2019-07-01,930951,中证交易所绿色债券指数,交易所绿色债,CSI Exchange Green Bond Index,Exchange Green Bond,,,,111.13,0.05,0.04,5.99,5.99,215.0,,2019-07-01,中证交易所绿色债券指数
2019-07-01,931147,中证交易所高等级绿色债券指数,交易所高等级绿色债,CSI Exchange High Grade Green Bond Index,Exchange High Grade Green Bond,,,,111.18,0.04,0.04,5.99,5.99,204.0,,2019-07-01,中证交易所高等级绿色债券指数
2019-07-01,931145,中证绿色债券指数,中证绿色债,CSI Green Bond Index,CSI Green Bond,,,,111.3,0.04,0.03,4.3,4.31,250.0,,2019-07-01,中证绿色债券指数
2019-07-02,930951,中证交易所绿色债券指数,交易所绿色债,CSI Exchange Green Bond Index,Exchange Green Bond,,,,111.19,0.06,0.05,6.88,6.85,215.0,,2019-07-02,中证交易所绿色债券指数
2019-07-02,931147,中证交易所高等级绿色债券指数,交易所高等级绿色债,CSI Exchange High Grade Green Bond Index,Exchange High Grade Green Bond,,,,111.23,0.06,0.05,6.88,6.85,204.0,,2019-07-02,中证交易所高等级绿色债券指数
2019-07-02,931145,中证绿色债券指数,中证绿色债,CSI Green Bond Index,CSI Green Bond,,,,111.36,0.06,0.05,3.9,3.87,250.0,,2019-07-02,中证绿色债券指数
2019-07-03,930951,中证交易所绿色债券指数,交易所绿色债,CSI Exchange Green Bond Index,Exchange Green Bond,,,,111.27,0.08,0.07,4.72,4.69,98.0,,2019-07-03,中证交易所绿色债券指数
2019-07-03,931147,中证交易所高等级绿色债券指数,交易所高等级绿色债,CSI Exchange High Grade Green Bond Index,Exchange High Grade Green Bond,,,,111.31,0.08,0.07,4.72,4.69,90.0,,2019-07-03,中证交易所高等级绿色债券指数
2019-07-03,931145,中证绿色债券指数,中证绿色债,CSI Green Bond Index,CSI Green Bond,,,,111.43,0.07,0.06,4.72,4.69,250.0,,2019-07-03,中证绿色债券指数
2019-07-04,930951,中证交易所绿色债券指数,交易所绿色债,CSI Exchange Green Bond Index,Exchange Green Bond,,,,111.35,0.08,0.07,1.54,1.57,98.0,,2019-07-04,中证交易所绿色债券指数
2019-07-04,931147,中证交易所高等级绿色债券指数,交易所高等级绿色债,CSI Exchange High Grade Green Bond Index,Exchange High Grade Green Bond,,,,111.39,0.08,0.07,1.54,1.57,90.0,,2019-07-04,中证交易所高等级绿色债券指数
2019-07-04,931145,中证绿色债券指数,中证绿色债,CSI Green Bond Index,CSI Green Bond,,,,111.48,0.05,0.04,3.04,3.07,250.0,,2019-07-04,中证绿色债券指数
2019-07-05,930951,中证交易所绿色债券指数,交易所绿色债,CSI Exchange Green Bond Index,Exchange Green Bond,,,,111.39,0.04,0.04,2.62,2.61,98.0,,2019-07-05,中证交易所绿色债券指数
2019-07-05,931147,中证交易所高等级绿色债券指数,交易所高等级绿色债,CSI Exchange High Grade Green Bond Index,Exchange High Grade Green Bond,,,,111.43,0.04,0.03,2.62,2.61,90.0,,2019-07-05,中证交易所高等级绿色债券指数
2019-07-05,931145,中证绿色债券指数,中证绿色债,CSI Green Bond Index,CSI Green Bond,,,,111.51,0.03,0.03,2.62,2.61,250.0,,2019-07-05,中证绿色债券指数
2019-07-08,930951,中证交易所绿色债券指数,交易所绿色债,CSI Exchange Green Bond Index,Exchange Green Bond,,,,111.42,0.03,0.03,0.13,0.13,98.0,,2019-07-08,中证交易所绿色债券指数
2019-07-08,931147,中证交易所高等级绿色债券指数,交易所高等级绿色债,CSI Exchange High Grade Green Bond Index,Exchange High Grade Green Bond,,,,111.46,0.03,0.03,0.13,0.13,90.0,,2019-07-08,中证交易所高等级绿色债券指数
2019-07-08,931145,中证绿色债券指数,中证绿色债,CSI Green Bond Index,CSI Green Bond,,,,111.52,0.01,0.01,0.13,0.13,250.0,,2019-07-08,中证绿色债券指数
2019-07-09,930951,中证交易所绿色债券指数,交易所绿色债,CSI Exchange Green Bond Index,Exchange Green Bond,,,,111.4,-0.02,-0.01,1.4,1.42,98.0,,2019-07-09,中证交易所绿色债券指数
2019-07-09,931147,中证交易所高等级绿色债券指数,交易所高等级绿色债,CSI Exchange High Grade Green Bond Index,Exchange High Grade Green Bond,,,,111.44,-0.02,-0.01,1.4,1.42,90.0,,2019-07-09,中证交易所高等级绿色债券指数
2019-07-09,931145,中证绿色债券指数,中证绿色债,CSI Green Bond Index,CSI Green Bond,,,,111.51,-0.01,-0.01,1.4,1.42,250.0,,2019-07-09,中证绿色债券指数
2019-07-10,930951,中证交易所绿色债券指数,交易所绿色债,CSI Exchange Green Bond Index,Exchange Green Bond,,,,111.46,0.06,0.05,3.99,4.02,98.0,,2019-07-10,中证交易所绿色债券指数
2019-07-10,931147,中证交易所高等级绿色债券指数,交易所高等级绿色债,CSI Exchange High Grade Green Bond Index,Exchange High Grade Green Bond,,,,111.5,0.06,0.05,3.99,4.02,90.0,,2019-07-10,中证交易所高等级绿色债券指数
2019-07-10,931145,中证绿色债券指数,中证绿色债,CSI Green Bond Index,CSI Green Bond,,,,111.54,0.02,0.02,3.99,4.02,250.0,,2019-07-10,中证绿色债券指数
2019-07-11,930951,中证交易所绿色债券指数,交易所绿色债,CSI Exchange Green Bond Index,Exchange Green Bond,,,,111.46,0.01,0.01,4.64,4.69,98.0,,2019-07-11,中证交易所绿色债券指数
2019-07-11,931147,中证交易所高等级绿色债券指数,交易所高等级绿色债,CSI Exchange High Grade Green Bond Index,Exchange High Grade Green Bond,,,,111.5,0.01,0.01,4.64,4.69,90.0,,2019-07-11,中证交易所高等级绿色债券指数
2019-07-11,931145,中证绿色债券指数,中证绿色债,CSI Green Bond Index,CSI Green Bond,,,,111.54,0.01,0.01,4.64,4.69,250.0,,2019-07-11,中证绿色债券指数
2019-07-12,930951,中证交易所绿色债券指数,交易所绿色债,CSI Exchange Green Bond Index,Exchange Green Bond,,,,111.49,0.02,0.02,1.21,1.25,98.0,,2019-07-12,中证交易所绿色债券指数
2019-07-12,931147,中证交易所高等级绿色债券指数,交易所高等级绿色债,CSI Exchange High Grade Green Bond Index,Exchange High Grade Green Bond,,,,111.52,0.02,0.02,1.21,1.25,90.0,,2019-07-12,中证交易所高等级绿色债券指数
2019-07-12,931145,中证绿色债券指数,中证绿色债,CSI Green Bond Index,CSI Green Bond,,,,111.56,0.02,0.02,1.21,1.25,250.0,,2019-07-12,中证绿色债券指数
2019-07-15,930951,中证交易所绿色债券指数,交易所绿色债,CSI Exchange Green Bond Index,Exchange Green Bond,,,,111.54,0.06,0.05,2.13,2.06,98.0,,2019-07-15,中证交易所绿色债券指数
2019-07-15,931147,中证交易所高等级绿色债券指数,交易所高等级绿色债,CSI Exchange High Grade Green Bond Index,Exchange High Grade Green Bond,,,,111.58,0.05,0.05,2.13,2.06,90.0,,2019-07-15,中证交易所高等级绿色债券指数
2019-07-15,931145,中证绿色债券指数,中证绿色债,CSI Green Bond Index,CSI Green Bond,,,,111.61,0.05,0.04,2.13,2.06,250.0,,2019-07-15,中证绿色债券指数
2019-07-16,930951,中证交易所绿色债券指数,交易所绿色债,CSI Exchange Green Bond Index,Exchange Green Bond,,,,111.58,0.04,0.03,7.12,7.21,98.0,,2019-07-16,中证交易所绿色债券指数
2019-07-16,931147,中证交易所高等级绿色债券指数,交易所高等级绿色债,CSI Exchange High Grade Green Bond Index,Exchange High Grade Green Bond,,,,111.61,0.04,0.03,7.12,7.21,90.0,,2019-07-16,中证交易所高等级绿色债券指数
2019-07-16,931145,中证绿色债券指数,中证绿色债,CSI Green Bond Index,CSI Green Bond,,,,111.62,0.01,0.01,7.12,7.21,250.0,,2019-07-16,中证绿色债券指数
2019-07-17,930951,中证交易所绿色债券指数,交易所绿色债,CSI Exchange Green Bond Index,Exchange Green Bond,,,,111.59,0.01,0.01,2.2,2.2,98.0,,2019-07-17,中证交易所绿色债券指数
2019-07-17,931147,中证交易所高等级绿色债券指数,交易所高等级绿色债,CSI Exchange High Grade Green Bond Index,Exchange High Grade Green Bond,,,,111.62,0.01,0.01,2.2,2.2,90.0,,2019-07-17,中证交易所高等级绿色债券指数
2019-07-17,931145,中证绿色债券指数,中证绿色债,CSI Green Bond Index,CSI Green Bond,,,,111.64,0.02,0.02,2.2,2.2,250.0,,2019-07-17,中证绿色债券指数
2019-07-18,930951,中证交易所绿色债券指数,交易所绿色债,CSI Exchange Green Bond Index,Exchange Green Bond,,,,111.6,0.01,0.01,2.72,2.76,98.0,,2019-07-18,中证交易所绿色债券指数
2019-07-18,931147,中证交易所高等级绿色债券指数,交易所高等级绿色债,CSI Exchange High Grade Green Bond Index,Exchange High Grade Green Bond,,,,111.63,0.01,0.01,2.72,2.76,90.0,,2019-07-18,中证交易所高等级绿色债券指数
2019-07-18,931145,中证绿色债券指数,中证绿色债,CSI Green Bond Index,CSI Green Bond,,,,111.67,0.03,0.02,2.72,2.76,250.0,,2019-07-18,中证绿色债券指数
2019-07-19,930951,中证交易所绿色债券指数,交易所绿色债,CSI Exchange Green Bond Index,Exchange Green Bond,,,,111.61,0.02,0.01,5.82,5.86,98.0,,2019-07-19,中证交易所绿色债券指数
2019-07-19,931147,中证交易所高等级绿色债券指数,交易所高等级绿色债,CSI Exchange High Grade Green Bond Index,Exchange High Grade Green Bond,,,,111.65,0.02,0.01,5.82,5.86,90.0,,2019-07-19,中证交易所高等级绿色债券指数
2019-07-19,931145,中证绿色债券指数,中证绿色债,CSI Green Bond Index,CSI Green Bond,,,,111.67,0.0,0.0,5.82,5.86,250.0,,2019-07-19,中证绿色债券指数
2019-07-22,930951,中证交易所绿色债券指数,交易所绿色债,CSI Exchange Green Bond Index,Exchange Green Bond,,,,111.68,0.07,0.06,1.73,1.73,98.0,,2019-07-22,中证交易所绿色债券指数
2019-07-22,931147,中证交易所高等级绿色债券指数,交易所高等级绿色债,CSI Exchange High Grade Green Bond Index,Exchange High Grade Green Bond,,,,111.72,0.07,0.06,1.73,1.73,90.0,,2019-07-22,中证交易所高等级绿色债券指数
2019-07-22,931145,中证绿色债券指数,中证绿色债,CSI Green Bond Index,CSI Green Bond,,,,111.71,0.05,0.04,1.73,1.73,250.0,,2019-07-22,中证绿色债券指数
2019-07-23,930951,中证交易所绿色债券指数,交易所绿色债,CSI Exchange Green Bond Index,Exchange Green Bond,,,,111.72,0.04,0.04,4.7,4.61,98.0,,2019-07-23,中证交易所绿色债券指数
2019-07-23,931147,中证交易所高等级绿色债券指数,交易所高等级绿色债,CSI Exchange High Grade Green Bond Index,Exchange High Grade Green Bond,,,,111.75,0.04,0.04,4.65,4.56,90.0,,2019-07-23,中证交易所高等级绿色债券指数
2019-07-23,931145,中证绿色债券指数,中证绿色债,CSI Green Bond Index,CSI Green Bond,,,,111.77,0.05,0.05,4.7,4.61,250.0,,2019-07-23,中证绿色债券指数
2019-07-24,930951,中证交易所绿色债券指数,交易所绿色债,CSI Exchange Green Bond Index,Exchange Green Bond,,,,111.75,0.03,0.03,0.04,0.04,98.0,,2019-07-24,中证交易所绿色债券指数
2019-07-24,931147,中证交易所高等级绿色债券指数,交易所高等级绿色债,CSI Exchange High Grade Green Bond Index,Exchange High Grade Green Bond,,,,111.78,0.03,0.02,0.04,0.04,90.0,,2019-07-24,中证交易所高等级绿色债券指数
2019-07-24,931145,中证绿色债券指数,中证绿色债,CSI Green Bond Index,CSI Green Bond,,,,111.79,0.03,0.02,0.04,0.04,250.0,,2019-07-24,中证绿色债券指数
2019-07-25,930951,中证交易所绿色债券指数,交易所绿色债,CSI Exchange Green Bond Index,Exchange Green Bond,,,,111.75,0.0,0.0,1.33,1.32,98.0,,2019-07-25,中证交易所绿色债券指数
2019-07-25,931147,中证交易所高等级绿色债券指数,交易所高等级绿色债,CSI Exchange High Grade Green Bond Index,Exchange High Grade Green Bond,,,,111.78,0.0,0.0,1.33,1.32,90.0,,2019-07-25,中证交易所高等级绿色债券指数
2019-07-25,931145,中证绿色债券指数,中证绿色债,CSI Green Bond Index,CSI Green Bond,,,,111.79,0.0,0.0,1.33,1.32,250.0,,2019-07-25,中证绿色债券指数
2019-07-26,930951,中证交易所绿色债券指数,交易所绿色债,CSI Exchange Green Bond Index,Exchange Green Bond,,,,111.78,0.03,0.02,1.42,1.39,98.0,,2019-07-26,中证交易所绿色债券指数
2019-07-26,931147,中证交易所高等级绿色债券指数,交易所高等级绿色债,CSI Exchange High Grade Green Bond Index,Exchange High Grade Green Bond,,,,111.81,0.03,0.02,1.42,1.39,90.0,,2019-07-26,中证交易所高等级绿色债券指数
2019-07-26,931145,中证绿色债券指数,中证绿色债,CSI Green Bond Index,CSI Green Bond,,,,111.82,0.03,0.03,1.42,1.39,250.0,,2019-07-26,中证绿色债券指数
2019-07-29,930951,中证交易所绿色债券指数,交易所绿色债,CSI Exchange Green Bond Index,Exchange Green Bond,,,,111.83,0.05,0.04,0.9,0.92,98.0,,2019-07-29,中证交易所绿色债券指数
2019-07-29,931147,中证交易所高等级绿色债券指数,交易所高等级绿色债,CSI Exchange High Grade Green Bond Index,Exchange High Grade Green Bond,,,,111.85,0.05,0.04,0.9,0.92,90.0,,2019-07-29,中证交易所高等级绿色债券指数
2019-07-29,931145,中证绿色债券指数,中证绿色债,CSI Green Bond Index,CSI Green Bond,,,,111.85,0.03,0.03,0.9,0.92,250.0,,2019-07-29,中证绿色债券指数
2019-07-30,930951,中证交易所绿色债券指数,交易所绿色债,CSI Exchange Green Bond Index,Exchange Green Bond,,,,111.84,0.02,0.02,1.9,1.9,98.0,,2019-07-30,中证交易所绿色债券指数
2019-07-30,931147,中证交易所高等级绿色债券指数,交易所高等级绿色债,CSI Exchange High Grade Green Bond Index,Exchange High Grade Green Bond,,,,111.87,0.02,0.01,1.9,1.9,90.0,,2019-07-30,中证交易所高等级绿色债券指数
2019-07-30,931145,中证绿色债券指数,中证绿色债,CSI Green Bond Index,CSI Green Bond,,,,111.86,0.01,0.01,1.9,1.9,250.0,,2019-07-30,中证绿色债券指数
2019-07-31,930951,中证交易所绿色债券指数,交易所绿色债,CSI Exchange Green Bond Index,Exchange Green Bond,,,,111.9,0.06,0.05,2.1,2.12,98.0,,2019-07-31,中证交易所绿色债券指数
2019-07-31,931147,中证交易所高等级绿色债券指数,交易所高等级绿色债,CSI Exchange High Grade Green Bond Index,Exchange High Grade Green Bond,,,,111.92,0.05,0.05,2.1,2.12,90.0,,2019-07-31,中证交易所高等级绿色债券指数
2019-07-31,931145,中证绿色债券指数,中证绿色债,CSI Green Bond Index,CSI Green Bond,,,,111.9,0.04,0.04,2.1,2.12,250.0,,2019-07-31,中证绿色债券指数
2019-08-01,930951,中证交易所绿色债券指数,交易所绿色债,CSI Exchange Green Bond Index,Exchange Green Bond,,,,111.97,0.07,0.07,0.77,0.77,102.0,,2019-08-01,中证交易所绿色债券指数
2019-08-01,931147,中证交易所高等级绿色债券指数,交易所高等级绿色债,CSI Exchange High Grade Green Bond Index,Exchange High Grade Green Bond,,,,112.0,0.07,0.07,0.77,0.77,94.0,,2019-08-01,中证交易所高等级绿色债券指数
2019-08-01,931145,中证绿色债券指数,中证绿色债,CSI Green Bond Index,CSI Green Bond,,,,111.93,0.03,0.03,0.77,0.77,256.0,,2019-08-01,中证绿色债券指数
2019-08-02,930951,中证交易所绿色债券指数,交易所绿色债,CSI Exchange Green Bond Index,Exchange Green Bond,,,,112.09,0.12,0.11,4.53,4.65,102.0,,2019-08-02,中证交易所绿色债券指数
2019-08-02,931147,中证交易所高等级绿色债券指数,交易所高等级绿色债,CSI Exchange High Grade Green Bond Index,Exchange High Grade Green Bond,,,,112.12,0.12,0.11,4.53,4.65,94.0,,2019-08-02,中证交易所高等级绿色债券指数
2019-08-02,931145,中证绿色债券指数,中证绿色债,CSI Green Bond Index,CSI Green Bond,,,,112.0,0.06,0.06,4.53,4.65,256.0,,2019-08-02,中证绿色债券指数
2019-08-05,930951,中证交易所绿色债券指数,交易所绿色债,CSI Exchange Green Bond Index,Exchange Green Bond,,,,112.18,0.09,0.08,1.09,1.11,102.0,,2019-08-05,中证交易所绿色债券指数
2019-08-05,931147,中证交易所高等级绿色债券指数,交易所高等级绿色债,CSI Exchange High Grade Green Bond Index,Exchange High Grade Green Bond,,,,112.21,0.09,0.08,1.09,1.11,94.0,,2019-08-05,中证交易所高等级绿色债券指数
2019-08-05,931145,中证绿色债券指数,中证绿色债,CSI Green Bond Index,CSI Green Bond,,,,112.08,0.09,0.08,1.09,1.11,256.0,,2019-08-05,中证绿色债券指数
2019-08-06,930951,中证交易所绿色债券指数,交易所绿色债,CSI Exchange Green Bond Index,Exchange Green Bond,,,,112.26,0.08,0.07,6.53,6.55,102.0,,2019-08-06,中证交易所绿色债券指数
2019-08-06,931147,中证交易所高等级绿色债券指数,交易所高等级绿色债,CSI Exchange High Grade Green Bond Index,Exchange High Grade Green Bond,,,,112.28,0.08,0.07,6.53,6.55,94.0,,2019-08-06,中证交易所高等级绿色债券指数
2019-08-06,931145,中证绿色债券指数,中证绿色债,CSI Green Bond Index,CSI Green Bond,,,,112.13,0.04,0.04,6.53,6.55,256.0,,2019-08-06,中证绿色债券指数
2019-08-07,930951,中证交易所绿色债券指数,交易所绿色债,CSI Exchange Green Bond Index,Exchange Green Bond,,,,112.31,0.05,0.05,8.63,8.73,102.0,,2019-08-07,中证交易所绿色债券指数
2019-08-07,931147,中证交易所高等级绿色债券指数,交易所高等级绿色债,CSI Exchange High Grade Green Bond Index,Exchange High Grade Green Bond,,,,112.34,0.05,0.05,8.63,8.73,94.0,,2019-08-07,中证交易所高等级绿色债券指数
2019-08-07,931145,中证绿色债券指数,中证绿色债,CSI Green Bond Index,CSI Green Bond,,,,112.15,0.02,0.02,8.63,8.73,256.0,,2019-08-07,中证绿色债券指数
2019-08-08,930951,中证交易所绿色债券指数,交易所绿色债,CSI Exchange Green Bond Index,Exchange Green Bond,,,,112.35,0.04,0.03,3.57,3.63,102.0,,2019-08-08,中证交易所绿色债券指数
2019-08-08,931147,中证交易所高等级绿色债券指数,交易所高等级绿色债,CSI Exchange High Grade Green Bond Index,Exchange High Grade Green Bond,,,,112.37,0.04,0.03,3.57,3.63,94.0,,2019-08-08,中证交易所高等级绿色债券指数
2019-08-08,931145,中证绿色债券指数,中证绿色债,CSI Green Bond Index,CSI Green Bond,,,,112.16,0.01,0.01,3.57,3.63,256.0,,2019-08-08,中证绿色债券指数
2019-08-09,930951,中证交易所绿色债券指数,交易所绿色债,CSI Exchange Green Bond Index,Exchange Green Bond,,,,112.43,0.08,0.07,0.51,0.51,102.0,,2019-08-09,中证交易所绿色债券指数
2019-08-09,931147,中证交易所高等级绿色债券指数,交易所高等级绿色债,CSI Exchange High Grade Green Bond Index,Exchange High Grade Green Bond,,,,112.46,0.08,0.08,0.51,0.51,94.0,,2019-08-09,中证交易所高等级绿色债券指数
2019-08-09,931145,中证绿色债券指数,中证绿色债,CSI Green Bond Index,CSI Green Bond,,,,112.2,0.04,0.03,0.51,0.51,256.0,,2019-08-09,中证绿色债券指数
2019-08-12,930951,中证交易所绿色债券指数,交易所绿色债,CSI Exchange Green Bond Index,Exchange Green Bond,,,,112.48,0.05,0.04,1.51,1.52,102.0,,2019-08-12,中证交易所绿色债券指数
2019-08-12,931147,中证交易所高等级绿色债券指数,交易所高等级绿色债,CSI Exchange High Grade Green Bond Index,Exchange High Grade Green Bond,,,,112.5,0.05,0.04,1.51,1.52,94.0,,2019-08-12,中证交易所高等级绿色债券指数
2019-08-12,931145,中证绿色债券指数,中证绿色债,CSI Green Bond Index,CSI Green Bond,,,,112.23,0.04,0.03,1.51,1.52,256.0,,2019-08-12,中证绿色债券指数
2019-08-13,930951,中证交易所绿色债券指数,交易所绿色债,CSI Exchange Green Bond Index,Exchange Green Bond,,,,112.5,0.02,0.02,0.75,0.75,102.0,,2019-08-13,中证交易所绿色债券指数
2019-08-13,931147,中证交易所高等级绿色债券指数,交易所高等级绿色债,CSI Exchange High Grade Green Bond Index,Exchange High Grade Green Bond,,,,112.53,0.02,0.02,0.75,0.75,94.0,,2019-08-13,中证交易所高等级绿色债券指数
2019-08-13,931145,中证绿色债券指数,中证绿色债,CSI Green Bond Index,CSI Green Bond,,,,112.24,0.01,0.01,0.75,0.75,256.0,,2019-08-13,中证绿色债券指数
2019-08-14,930951,中证交易所绿色债券指数,交易所绿色债,CSI Exchange Green Bond Index,Exchange Green Bond,,,,112.54,0.04,0.04,2.69,2.71,102.0,,2019-08-14,中证交易所绿色债券指数
2019-08-14,931147,中证交易所高等级绿色债券指数,交易所高等级绿色债,CSI Exchange High Grade Green Bond Index,Exchange High Grade Green Bond,,,,112.57,0.04,0.04,2.69,2.71,94.0,,2019-08-14,中证交易所高等级绿色债券指数
2019-08-14,931145,中证绿色债券指数,中证绿色债,CSI Green Bond Index,CSI Green Bond,,,,112.27,0.02,0.02,3.49,3.52,256.0,,2019-08-14,中证绿色债券指数
2019-08-15,930951,中证交易所绿色债券指数,交易所绿色债,CSI Exchange Green Bond Index,Exchange Green Bond,,,,112.61,0.07,0.06,4.54,4.54,102.0,,2019-08-15,中证交易所绿色债券指数
2019-08-15,931147,中证交易所高等级绿色债券指数,交易所高等级绿色债,CSI Exchange High Grade Green Bond Index,Exchange High Grade Green Bond,,,,112.64,0.07,0.06,4.54,4.54,94.0,,2019-08-15,中证交易所高等级绿色债券指数
2019-08-15,931145,中证绿色债券指数,中证绿色债,CSI Green Bond Index,CSI Green Bond,,,,112.31,0.04,0.04,5.34,5.36,256.0,,2019-08-15,中证绿色债券指数
2019-08-16,930951,中证交易所绿色债券指数,交易所绿色债,CSI Exchange Green Bond Index,Exchange Green Bond,,,,112.65,0.04,0.04,0.65,0.67,102.0,,2019-08-16,中证交易所绿色债券指数
2019-08-16,931147,中证交易所高等级绿色债券指数,交易所高等级绿色债,CSI Exchange High Grade Green Bond Index,Exchange High Grade Green Bond,,,,112.68,0.04,0.04,0.65,0.67,94.0,,2019-08-16,中证交易所高等级绿色债券指数
2019-08-16,931145,中证绿色债券指数,中证绿色债,CSI Green Bond Index,CSI Green Bond,,,,112.33,0.02,0.02,0.65,0.67,256.0,,2019-08-16,中证绿色债券指数
2019-08-19,930951,中证交易所绿色债券指数,交易所绿色债,CSI Exchange Green Bond Index,Exchange Green Bond,,,,112.64,-0.01,-0.01,2.21,2.24,101.0,,2019-08-19,中证交易所绿色债券指数
2019-08-19,931147,中证交易所高等级绿色债券指数,交易所高等级绿色债,CSI Exchange High Grade Green Bond Index,Exchange High Grade Green Bond,,,,112.66,-0.01,-0.01,2.21,2.24,93.0,,2019-08-19,中证交易所高等级绿色债券指数
2019-08-19,931145,中证绿色债券指数,中证绿色债,CSI Green Bond Index,CSI Green Bond,,,,112.36,0.03,0.02,2.21,2.24,255.0,,2019-08-19,中证绿色债券指数
2019-08-20,930951,中证交易所绿色债券指数,交易所绿色债,CSI Exchange Green Bond Index,Exchange Green Bond,,,,112.64,0.0,0.0,0.91,0.91,101.0,,2019-08-20,中证交易所绿色债券指数
2019-08-20,931147,中证交易所高等级绿色债券指数,交易所高等级绿色债,CSI Exchange High Grade Green Bond Index,Exchange High Grade Green Bond,,,,112.66,-0.01,-0.01,0.91,0.91,93.0,,2019-08-20,中证交易所高等级绿色债券指数
2019-08-20,931145,中证绿色债券指数,中证绿色债,CSI Green Bond Index,CSI Green Bond,,,,112.35,0.0,0.0,0.91,0.91,255.0,,2019-08-20,中证绿色债券指数
2019-08-21,930951,中证交易所绿色债券指数,交易所绿色债,CSI Exchange Green Bond Index,Exchange Green Bond,,,,112.67,0.03,0.03,1.41,1.42,101.0,,2019-08-21,中证交易所绿色债券指数
2019-08-21,931147,中证交易所高等级绿色债券指数,交易所高等级绿色债,CSI Exchange High Grade Green Bond Index,Exchange High Grade Green Bond,,,,112.68,0.03,0.03,1.41,1.42,93.0,,2019-08-21,中证交易所高等级绿色债券指数
2019-08-21,931145,中证绿色债券指数,中证绿色债,CSI Green Bond Index,CSI Green Bond,,,,112.37,0.01,0.01,1.41,1.42,255.0,,2019-08-21,中证绿色债券指数
2019-08-22,930951,中证交易所绿色债券指数,交易所绿色债,CSI Exchange Green Bond Index,Exchange Green Bond,,,,112.64,-0.03,-0.02,2.18,2.23,101.0,,2019-08-22,中证交易所绿色债券指数
2019-08-22,931147,中证交易所高等级绿色债券指数,交易所高等级绿色债,CSI Exchange High Grade Green Bond Index,Exchange High Grade Green Bond,,,,112.66,-0.03,-0.02,2.18,2.23,93.0,,2019-08-22,中证交易所高等级绿色债券指数
2019-08-22,931145,中证绿色债券指数,中证绿色债,CSI Green Bond Index,CSI Green Bond,,,,112.36,-0.01,-0.01,2.18,2.23,255.0,,2019-08-22,中证绿色债券指数
2019-08-23,930951,中证交易所绿色债券指数,交易所绿色债,CSI Exchange Green Bond Index,Exchange Green Bond,,,,112.63,-0.01,-0.01,5.81,5.89,101.0,,2019-08-23,中证交易所绿色债券指数
2019-08-23,931147,中证交易所高等级绿色债券指数,交易所高等级绿色债,CSI Exchange High Grade Green Bond Index,Exchange High Grade Green Bond,,,,112.65,-0.01,-0.01,5.81,5.89,93.0,,2019-08-23,中证交易所高等级绿色债券指数
2019-08-23,931145,中证绿色债券指数,中证绿色债,CSI Green Bond Index,CSI Green Bond,,,,112.35,-0.01,-0.01,5.81,5.89,255.0,,2019-08-23,中证绿色债券指数
2019-08-26,930951,中证交易所绿色债券指数,交易所绿色债,CSI Exchange Green Bond Index,Exchange Green Bond,,,,112.66,0.03,0.02,2.43,2.47,101.0,,2019-08-26,中证交易所绿色债券指数
2019-08-26,931147,中证交易所高等级绿色债券指数,交易所高等级绿色债,CSI Exchange High Grade Green Bond Index,Exchange High Grade Green Bond,,,,112.68,0.03,0.03,2.43,2.47,93.0,,2019-08-26,中证交易所高等级绿色债券指数
2019-08-26,931145,中证绿色债券指数,中证绿色债,CSI Green Bond Index,CSI Green Bond,,,,112.4,0.04,0.04,2.43,2.47,255.0,,2019-08-26,中证绿色债券指数
2019-08-27,930951,中证交易所绿色债券指数,交易所绿色债,CSI Exchange Green Bond Index,Exchange Green Bond,,,,112.66,0.0,0.0,3.22,3.28,101.0,,2019-08-27,中证交易所绿色债券指数
2019-08-27,931147,中证交易所高等级绿色债券指数,交易所高等级绿色债,CSI Exchange High Grade Green Bond Index,Exchange High Grade Green Bond,,,,112.68,0.0,0.0,3.22,3.28,93.0,,2019-08-27,中证交易所高等级绿色债券指数
2019-08-27,931145,中证绿色债券指数,中证绿色债,CSI Green Bond Index,CSI Green Bond,,,,112.4,0.01,0.01,3.22,3.28,255.0,,2019-08-27,中证绿色债券指数
2019-08-28,930951,中证交易所绿色债券指数,交易所绿色债,CSI Exchange Green Bond Index,Exchange Green Bond,,,,112.67,0.01,0.01,0.8,0.81,101.0,,2019-08-28,中证交易所绿色债券指数
2019-08-28,931147,中证交易所高等级绿色债券指数,交易所高等级绿色债,CSI Exchange High Grade Green Bond Index,Exchange High Grade Green Bond,,,,112.68,0.01,0.01,0.8,0.81,93.0,,2019-08-28,中证交易所高等级绿色债券指数
2019-08-28,931145,中证绿色债券指数,中证绿色债,CSI Green Bond Index,CSI Green Bond,,,,112.41,0.01,0.01,0.8,0.81,255.0,,2019-08-28,中证绿色债券指数
2019-08-29,930951,中证交易所绿色债券指数,交易所绿色债,CSI Exchange Green Bond Index,Exchange Green Bond,,,,112.65,-0.02,-0.02,2.31,2.39,101.0,,2019-08-29,中证交易所绿色债券指数
2019-08-29,931147,中证交易所高等级绿色债券指数,交易所高等级绿色债,CSI Exchange High Grade Green Bond Index,Exchange High Grade Green Bond,,,,112.66,-0.02,-0.02,2.31,2.39,93.0,,2019-08-29,中证交易所高等级绿色债券指数
2019-08-29,931145,中证绿色债券指数,中证绿色债,CSI Green Bond Index,CSI Green Bond,,,,112.42,0.01,0.01,2.31,2.39,255.0,,2019-08-29,中证绿色债券指数
2019-08-30,930951,中证交易所绿色债券指数,交易所绿色债,CSI Exchange Green Bond Index,Exchange Green Bond,,,,112.67,0.03,0.02,0.01,0.01,101.0,,2019-08-30,中证交易所绿色债券指数
2019-08-30,931147,中证交易所高等级绿色债券指数,交易所高等级绿色债,CSI Exchange High Grade Green Bond Index,Exchange High Grade Green Bond,,,,112.69,0.02,0.02,0.01,0.01,93.0,,2019-08-30,中证交易所高等级绿色债券指数
2019-08-30,931145,中证绿色债券指数,中证绿色债,CSI Green Bond Index,CSI Green Bond,,,,112.42,0.0,0.0,0.01,0.01,255.0,,2019-08-30,中证绿色债券指数
2019-09-02,930951,中证交易所绿色债券指数,交易所绿色债,CSI Exchange Green Bond Index,Exchange Green Bond,,,,112.69,0.02,0.02,4.91,4.95,102.0,,2019-09-02,中证交易所绿色债券指数
2019-09-02,931147,中证交易所高等级绿色债券指数,交易所高等级绿色债,CSI Exchange High Grade Green Bond Index,Exchange High Grade Green Bond,,,,112.71,0.02,0.02,4.91,4.95,94.0,,2019-09-02,中证交易所高等级绿色债券指数
2019-09-02,931145,中证绿色债券指数,中证绿色债,CSI Green Bond Index,CSI Green Bond,,,,112.43,0.01,0.01,4.91,4.95,258.0,,2019-09-02,中证绿色债券指数
2019-09-03,930951,中证交易所绿色债券指数,交易所绿色债,CSI Exchange Green Bond Index,Exchange Green Bond,,,,112.72,0.03,0.03,2.01,2.02,102.0,,2019-09-03,中证交易所绿色债券指数
2019-09-03,931147,中证交易所高等级绿色债券指数,交易所高等级绿色债,CSI Exchange High Grade Green Bond Index,Exchange High Grade Green Bond,,,,112.71,0.0,0.0,2.01,2.02,94.0,,2019-09-03,中证交易所高等级绿色债券指数
2019-09-03,931145,中证绿色债券指数,中证绿色债,CSI Green Bond Index,CSI Green Bond,,,,112.44,0.01,0.01,2.01,2.02,257.0,,2019-09-03,中证绿色债券指数
2019-09-04,930951,中证交易所绿色债券指数,交易所绿色债,CSI Exchange Green Bond Index,Exchange Green Bond,,,,112.76,0.04,0.03,4.46,4.53,102.0,,2019-09-04,中证交易所绿色债券指数
2019-09-04,931147,中证交易所高等级绿色债券指数,交易所高等级绿色债,CSI Exchange High Grade Green Bond Index,Exchange High Grade Green Bond,,,,112.74,0.03,0.03,4.46,4.53,94.0,,2019-09-04,中证交易所高等级绿色债券指数
2019-09-04,931145,中证绿色债券指数,中证绿色债,CSI Green Bond Index,CSI Green Bond,,,,112.47,0.03,0.02,4.46,4.53,257.0,,2019-09-04,中证绿色债券指数
2019-09-05,930951,中证交易所绿色债券指数,交易所绿色债,CSI Exchange Green Bond Index,Exchange Green Bond,,,,112.8,0.05,0.04,4.21,4.18,102.0,,2019-09-05,中证交易所绿色债券指数
2019-09-05,931147,中证交易所高等级绿色债券指数,交易所高等级绿色债,CSI Exchange High Grade Green Bond Index,Exchange High Grade Green Bond,,,,112.78,0.04,0.04,4.21,4.18,94.0,,2019-09-05,中证交易所高等级绿色债券指数
2019-09-05,931145,中证绿色债券指数,中证绿色债,CSI Green Bond Index,CSI Green Bond,,,,112.54,0.07,0.06,4.21,4.18,257.0,,2019-09-05,中证绿色债券指数
2019-09-06,930951,中证交易所绿色债券指数,交易所绿色债,CSI Exchange Green Bond Index,Exchange Green Bond,,,,112.85,0.05,0.04,3.72,3.74,102.0,,2019-09-06,中证交易所绿色债券指数
2019-09-06,931147,中证交易所高等级绿色债券指数,交易所高等级绿色债,CSI Exchange High Grade Green Bond Index,Exchange High Grade Green Bond,,,,112.83,0.05,0.04,3.72,3.74,94.0,,2019-09-06,中证交易所高等级绿色债券指数
2019-09-06,931145,中证绿色债券指数,中证绿色债,CSI Green Bond Index,CSI Green Bond,,,,112.55,0.02,0.01,3.72,3.74,257.0,,2019-09-06,中证绿色债券指数
2019-09-09,930951,中证交易所绿色债券指数,交易所绿色债,CSI Exchange Green Bond Index,Exchange Green Bond,,,,112.9,0.06,0.05,2.65,2.67,102.0,,2019-09-09,中证交易所绿色债券指数
2019-09-09,931147,中证交易所高等级绿色债券指数,交易所高等级绿色债,CSI Exchange High Grade Green Bond Index,Exchange High Grade Green Bond,,,,112.88,0.05,0.05,2.65,2.67,94.0,,2019-09-09,中证交易所高等级绿色债券指数
2019-09-09,931145,中证绿色债券指数,中证绿色债,CSI Green Bond Index,CSI Green Bond,,,,112.6,0.05,0.04,2.65,2.67,257.0,,2019-09-09,中证绿色债券指数
2019-09-10,930951,中证交易所绿色债券指数,交易所绿色债,CSI Exchange Green Bond Index,Exchange Green Bond,,,,112.93,0.03,0.02,1.92,1.94,102.0,,2019-09-10,中证交易所绿色债券指数
2019-09-10,931147,中证交易所高等级绿色债券指数,交易所高等级绿色债,CSI Exchange High Grade Green Bond Index,Exchange High Grade Green Bond,,,,112.91,0.03,0.02,1.92,1.94,94.0,,2019-09-10,中证交易所高等级绿色债券指数
2019-09-10,931145,中证绿色债券指数,中证绿色债,CSI Green Bond Index,CSI Green Bond,,,,112.6,0.0,0.0,1.92,1.94,257.0,,2019-09-10,中证绿色债券指数
2019-09-11,930951,中证交易所绿色债券指数,交易所绿色债,CSI Exchange Green Bond Index,Exchange Green Bond,,,,112.93,0.0,0.0,1.8,1.8,102.0,,2019-09-11,中证交易所绿色债券指数
2019-09-11,931147,中证交易所高等级绿色债券指数,交易所高等级绿色债,CSI Exchange High Grade Green Bond Index,Exchange High Grade Green Bond,,,,112.91,0.0,0.0,1.8,1.8,94.0,,2019-09-11,中证交易所高等级绿色债券指数
2019-09-11,931145,中证绿色债券指数,中证绿色债,CSI Green Bond Index,CSI Green Bond,,,,112.61,0.01,0.01,1.8,1.8,257.0,,2019-09-11,中证绿色债券指数
2019-09-12,930951,中证交易所绿色债券指数,交易所绿色债,CSI Exchange Green Bond Index,Exchange Green Bond,,,,112.92,-0.01,-0.01,0.42,0.42,102.0,,2019-09-12,中证交易所绿色债券指数
2019-09-12,931147,中证交易所高等级绿色债券指数,交易所高等级绿色债,CSI Exchange High Grade Green Bond Index,Exchange High Grade Green Bond,,,,112.9,-0.01,-0.01,0.42,0.42,94.0,,2019-09-12,中证交易所高等级绿色债券指数
2019-09-12,931145,中证绿色债券指数,中证绿色债,CSI Green Bond Index,CSI Green Bond,,,,112.62,0.01,0.01,0.42,0.42,257.0,,2019-09-12,中证绿色债券指数
2019-09-16,930951,中证交易所绿色债券指数,交易所绿色债,CSI Exchange Green Bond Index,Exchange Green Bond,,,,113.0,0.08,0.07,3.37,3.25,102.0,,2019-09-16,中证交易所绿色债券指数
2019-09-16,931147,中证交易所高等级绿色债券指数,交易所高等级绿色债,CSI Exchange High Grade Green Bond Index,Exchange High Grade Green Bond,,,,112.98,0.08,0.07,3.37,3.25,94.0,,2019-09-16,中证交易所高等级绿色债券指数
2019-09-16,931145,中证绿色债券指数,中证绿色债,CSI Green Bond Index,CSI Green Bond,,,,112.68,0.06,0.05,3.37,3.25,257.0,,2019-09-16,中证绿色债券指数
2019-09-17,930951,中证交易所绿色债券指数,交易所绿色债,CSI Exchange Green Bond Index,Exchange Green Bond,,,,113.02,0.02,0.02,0.4,0.4,102.0,,2019-09-17,中证交易所绿色债券指数
2019-09-17,931147,中证交易所高等级绿色债券指数,交易所高等级绿色债,CSI Exchange High Grade Green Bond Index,Exchange High Grade Green Bond,,,,113.0,0.02,0.02,0.4,0.4,94.0,,2019-09-17,中证交易所高等级绿色债券指数
2019-09-17,931145,中证绿色债券指数,中证绿色债,CSI Green Bond Index,CSI Green Bond,,,,112.7,0.02,0.02,0.4,0.4,257.0,,2019-09-17,中证绿色债券指数
2019-09-18,930951,中证交易所绿色债券指数,交易所绿色债,CSI Exchange Green Bond Index,Exchange Green Bond,,,,113.01,-0.01,-0.01,2.39,2.41,102.0,,2019-09-18,中证交易所绿色债券指数
2019-09-18,931147,中证交易所高等级绿色债券指数,交易所高等级绿色债,CSI Exchange High Grade Green Bond Index,Exchange High Grade Green Bond,,,,112.99,-0.01,-0.01,2.39,2.41,94.0,,2019-09-18,中证交易所高等级绿色债券指数
2019-09-18,931145,中证绿色债券指数,中证绿色债,CSI Green Bond Index,CSI Green Bond,,,,112.71,0.01,0.01,2.59,2.61,257.0,,2019-09-18,中证绿色债券指数
2019-09-19,930951,中证交易所绿色债券指数,交易所绿色债,CSI Exchange Green Bond Index,Exchange Green Bond,,,,113.04,0.02,0.02,2.3,2.3,102.0,,2019-09-19,中证交易所绿色债券指数
2019-09-19,931147,中证交易所高等级绿色债券指数,交易所高等级绿色债,CSI Exchange High Grade Green Bond Index,Exchange High Grade Green Bond,,,,113.01,0.02,0.02,2.3,2.3,94.0,,2019-09-19,中证交易所高等级绿色债券指数
2019-09-19,931145,中证绿色债券指数,中证绿色债,CSI Green Bond Index,CSI Green Bond,,,,112.73,0.02,0.02,2.3,2.3,257.0,,2019-09-19,中证绿色债券指数
2019-09-20,930951,中证交易所绿色债券指数,交易所绿色债,CSI Exchange Green Bond Index,Exchange Green Bond,,,,112.98,-0.06,-0.05,2.0,2.05,102.0,,2019-09-20,中证交易所绿色债券指数
2019-09-20,931147,中证交易所高等级绿色债券指数,交易所高等级绿色债,CSI Exchange High Grade Green Bond Index,Exchange High Grade Green Bond,,,,112.95,-0.06,-0.05,2.0,2.05,94.0,,2019-09-20,中证交易所高等级绿色债券指数
2019-09-20,931145,中证绿色债券指数,中证绿色债,CSI Green Bond Index,CSI Green Bond,,,,112.71,-0.01,-0.01,2.0,2.05,257.0,,2019-09-20,中证绿色债券指数
2019-09-23,930951,中证交易所绿色债券指数,交易所绿色债,CSI Exchange Green Bond Index,Exchange Green Bond,,,,112.98,0.0,0.0,2.74,2.77,102.0,,2019-09-23,中证交易所绿色债券指数
2019-09-23,931147,中证交易所高等级绿色债券指数,交易所高等级绿色债,CSI Exchange High Grade Green Bond Index,Exchange High Grade Green Bond,,,,112.95,0.0,0.0,2.72,2.75,94.0,,2019-09-23,中证交易所高等级绿色债券指数
2019-09-23,931145,中证绿色债券指数,中证绿色债,CSI Green Bond Index,CSI Green Bond,,,,112.74,0.03,0.03,2.94,2.97,257.0,,2019-09-23,中证绿色债券指数
2019-09-24,930951,中证交易所绿色债券指数,交易所绿色债,CSI Exchange Green Bond Index,Exchange Green Bond,,,,113.01,0.03,0.03,0.9,0.9,102.0,,2019-09-24,中证交易所绿色债券指数
2019-09-24,931147,中证交易所高等级绿色债券指数,交易所高等级绿色债,CSI Exchange High Grade Green Bond Index,Exchange High Grade Green Bond,,,,112.98,0.03,0.03,0.9,0.9,94.0,,2019-09-24,中证交易所高等级绿色债券指数
2019-09-24,931145,中证绿色债券指数,中证绿色债,CSI Green Bond Index,CSI Green Bond,,,,112.75,0.01,0.01,0.9,0.9,257.0,,2019-09-24,中证绿色债券指数
2019-09-25,930951,中证交易所绿色债券指数,交易所绿色债,CSI Exchange Green Bond Index,Exchange Green Bond,,,,113.0,-0.01,-0.01,1.06,1.06,102.0,,2019-09-25,中证交易所绿色债券指数
2019-09-25,931147,中证交易所高等级绿色债券指数,交易所高等级绿色债,CSI Exchange High Grade Green Bond Index,Exchange High Grade Green Bond,,,,112.96,-0.02,-0.01,1.06,1.06,94.0,,2019-09-25,中证交易所高等级绿色债券指数
2019-09-25,931145,中证绿色债券指数,中证绿色债,CSI Green Bond Index,CSI Green Bond,,,,112.75,0.0,0.0,1.06,1.06,257.0,,2019-09-25,中证绿色债券指数
2019-09-26,930951,中证交易所绿色债券指数,交易所绿色债,CSI Exchange Green Bond Index,Exchange Green Bond,,,,113.02,0.02,0.02,2.5,2.52,102.0,,2019-09-26,中证交易所绿色债券指数
2019-09-26,931147,中证交易所高等级绿色债券指数,交易所高等级绿色债,CSI Exchange High Grade Green Bond Index,Exchange High Grade Green Bond,,,,112.99,0.02,0.02,2.5,2.52,94.0,,2019-09-26,中证交易所高等级绿色债券指数
2019-09-26,931145,中证绿色债券指数,中证绿色债,CSI Green Bond Index,CSI Green Bond,,,,112.77,0.02,0.02,5.1,5.1,257.0,,2019-09-26,中证绿色债券指数
2019-09-27,930951,中证交易所绿色债券指数,交易所绿色债,CSI Exchange Green Bond Index,Exchange Green Bond,,,,113.03,0.01,0.0,0.4,0.4,102.0,,2019-09-27,中证交易所绿色债券指数
2019-09-27,931147,中证交易所高等级绿色债券指数,交易所高等级绿色债,CSI Exchange High Grade Green Bond Index,Exchange High Grade Green Bond,,,,112.99,0.0,0.0,0.4,0.4,94.0,,2019-09-27,中证交易所高等级绿色债券指数
2019-09-27,931145,中证绿色债券指数,中证绿色债,CSI Green Bond Index,CSI Green Bond,,,,112.76,0.0,0.0,0.4,0.4,257.0,,2019-09-27,中证绿色债券指数
2019-09-30,930951,中证交易所绿色债券指数,交易所绿色债,CSI Exchange Green Bond Index,Exchange Green Bond,,,,113.09,0.06,0.05,0.2,0.2,102.0,,2019-09-30,中证交易所绿色债券指数
2019-09-30,931147,中证交易所高等级绿色债券指数,交易所高等级绿色债,CSI Exchange High Grade Green Bond Index,Exchange High Grade Green Bond,,,,113.05,0.06,0.05,0.2,0.2,94.0,,2019-09-30,中证交易所高等级绿色债券指数
2019-09-30,931145,中证绿色债券指数,中证绿色债,CSI Green Bond Index,CSI Green Bond,,,,112.81,0.04,0.04,0.2,0.2,257.0,,2019-09-30,中证绿色债券指数
2019-10-08,930951,中证交易所绿色债券指数,交易所绿色债,CSI Exchange Green Bond Index,Exchange Green Bond,,,,113.21,0.12,0.11,0.7,0.69,110.0,,2019-10-08,中证交易所绿色债券指数
2019-10-08,931147,中证交易所高等级绿色债券指数,交易所高等级绿色债,CSI Exchange High Grade Green Bond Index,Exchange High Grade Green Bond,,,,113.16,0.12,0.1,0.7,0.69,101.0,,2019-10-08,中证交易所高等级绿色债券指数
2019-10-08,931145,中证绿色债券指数,中证绿色债,CSI Green Bond Index,CSI Green Bond,,,,112.91,0.11,0.09,0.7,0.69,276.0,,2019-10-08,中证绿色债券指数
2019-10-09,930951,中证交易所绿色债券指数,交易所绿色债,CSI Exchange Green Bond Index,Exchange Green Bond,,,,113.2,-0.01,-0.01,2.95,2.95,110.0,,2019-10-09,中证交易所绿色债券指数
2019-10-09,931147,中证交易所高等级绿色债券指数,交易所高等级绿色债,CSI Exchange High Grade Green Bond Index,Exchange High Grade Green Bond,,,,113.15,-0.01,-0.01,2.95,2.95,101.0,,2019-10-09,中证交易所高等级绿色债券指数
2019-10-09,931145,中证绿色债券指数,中证绿色债,CSI Green Bond Index,CSI Green Bond,,,,112.91,0.0,0.0,2.95,2.95,276.0,,2019-10-09,中证绿色债券指数
2019-10-10,930951,中证交易所绿色债券指数,交易所绿色债,CSI Exchange Green Bond Index,Exchange Green Bond,,,,113.19,-0.01,-0.01,0.6,0.61,110.0,,2019-10-10,中证交易所绿色债券指数
2019-10-10,931147,中证交易所高等级绿色债券指数,交易所高等级绿色债,CSI Exchange High Grade Green Bond Index,Exchange High Grade Green Bond,,,,113.14,-0.01,-0.01,0.6,0.61,101.0,,2019-10-10,中证交易所高等级绿色债券指数
2019-10-10,931145,中证绿色债券指数,中证绿色债,CSI Green Bond Index,CSI Green Bond,,,,112.93,0.01,0.01,0.6,0.61,276.0,,2019-10-10,中证绿色债券指数
2019-10-11,930951,中证交易所绿色债券指数,交易所绿色债,CSI Exchange Green Bond Index,Exchange Green Bond,,,,113.19,0.01,0.0,0.2,0.2,110.0,,2019-10-11,中证交易所绿色债券指数
2019-10-11,931147,中证交易所高等级绿色债券指数,交易所高等级绿色债,CSI Exchange High Grade Green Bond Index,Exchange High Grade Green Bond,,,,113.15,0.0,0.0,0.2,0.2,101.0,,2019-10-11,中证交易所高等级绿色债券指数
2019-10-11,931145,中证绿色债券指数,中证绿色债,CSI Green Bond Index,CSI Green Bond,,,,112.94,0.01,0.01,0.2,0.2,276.0,,2019-10-11,中证绿色债券指数
2019-10-14,930951,中证交易所绿色债券指数,交易所绿色债,CSI Exchange Green Bond Index,Exchange Green Bond,,,,113.19,0.0,0.0,1.8,1.81,110.0,,2019-10-14,中证交易所绿色债券指数
2019-10-14,931147,中证交易所高等级绿色债券指数,交易所高等级绿色债,CSI Exchange High Grade Green Bond Index,Exchange High Grade Green Bond,,,,113.14,-0.01,0.0,1.8,1.81,101.0,,2019-10-14,中证交易所高等级绿色债券指数
2019-10-14,931145,中证绿色债券指数,中证绿色债,CSI Green Bond Index,CSI Green Bond,,,,112.96,0.02,0.02,1.8,1.81,276.0,,2019-10-14,中证绿色债券指数
2019-10-15,930951,中证交易所绿色债券指数,交易所绿色债,CSI Exchange Green Bond Index,Exchange Green Bond,,,,113.16,-0.04,-0.03,3.0,3.02,110.0,,2019-10-15,中证交易所绿色债券指数
2019-10-15,931147,中证交易所高等级绿色债券指数,交易所高等级绿色债,CSI Exchange High Grade Green Bond Index,Exchange High Grade Green Bond,,,,113.11,-0.04,-0.03,3.0,3.02,101.0,,2019-10-15,中证交易所高等级绿色债券指数
2019-10-15,931145,中证绿色债券指数,中证绿色债,CSI Green Bond Index,CSI Green Bond,,,,112.94,-0.02,-0.01,3.0,3.02,276.0,,2019-10-15,中证绿色债券指数
2019-10-16,930951,中证交易所绿色债券指数,交易所绿色债,CSI Exchange Green Bond Index,Exchange Green Bond,,,,113.16,0.0,0.0,5.1,5.09,110.0,,2019-10-16,中证交易所绿色债券指数
2019-10-16,931147,中证交易所高等级绿色债券指数,交易所高等级绿色债,CSI Exchange High Grade Green Bond Index,Exchange High Grade Green Bond,,,,113.11,0.0,0.0,5.1,5.09,101.0,,2019-10-16,中证交易所高等级绿色债券指数
2019-10-16,931145,中证绿色债券指数,中证绿色债,CSI Green Bond Index,CSI Green Bond,,,,112.95,0.0,0.0,5.1,5.09,276.0,,2019-10-16,中证绿色债券指数
2019-10-17,930951,中证交易所绿色债券指数,交易所绿色债,CSI Exchange Green Bond Index,Exchange Green Bond,,,,113.16,0.0,0.0,0.28,0.27,110.0,,2019-10-17,中证交易所绿色债券指数
2019-10-17,931147,中证交易所高等级绿色债券指数,交易所高等级绿色债,CSI Exchange High Grade Green Bond Index,Exchange High Grade Green Bond,,,,113.11,0.0,0.0,0.28,0.27,101.0,,2019-10-17,中证交易所高等级绿色债券指数
2019-10-17,931145,中证绿色债券指数,中证绿色债,CSI Green Bond Index,CSI Green Bond,,,,112.95,0.01,0.01,0.28,0.27,276.0,,2019-10-17,中证绿色债券指数
2019-10-18,930951,中证交易所绿色债券指数,交易所绿色债,CSI Exchange Green Bond Index,Exchange Green Bond,,,,113.17,0.01,0.01,1.74,1.75,110.0,,2019-10-18,中证交易所绿色债券指数
2019-10-18,931147,中证交易所高等级绿色债券指数,交易所高等级绿色债,CSI Exchange High Grade Green Bond Index,Exchange High Grade Green Bond,,,,113.12,0.01,0.01,1.74,1.75,101.0,,2019-10-18,中证交易所高等级绿色债券指数
2019-10-18,931145,中证绿色债券指数,中证绿色债,CSI Green Bond Index,CSI Green Bond,,,,112.97,0.02,0.02,1.74,1.75,276.0,,2019-10-18,中证绿色债券指数
2019-10-21,930951,中证交易所绿色债券指数,交易所绿色债,CSI Exchange Green Bond Index,Exchange Green Bond,,,,113.18,0.0,0.0,2.4,2.41,110.0,,2019-10-21,中证交易所绿色债券指数
2019-10-21,931147,中证交易所高等级绿色债券指数,交易所高等级绿色债,CSI Exchange High Grade Green Bond Index,Exchange High Grade Green Bond,,,,113.12,0.0,0.0,2.4,2.41,101.0,,2019-10-21,中证交易所高等级绿色债券指数
2019-10-21,931145,中证绿色债券指数,中证绿色债,CSI Green Bond Index,CSI Green Bond,,,,113.0,0.03,0.02,2.4,2.41,276.0,,2019-10-21,中证绿色债券指数
2019-10-22,930951,中证交易所绿色债券指数,交易所绿色债,CSI Exchange Green Bond Index,Exchange Green Bond,,,,113.17,0.0,0.0,6.0,6.0,110.0,,2019-10-22,中证交易所绿色债券指数
2019-10-22,931147,中证交易所高等级绿色债券指数,交易所高等级绿色债,CSI Exchange High Grade Green Bond Index,Exchange High Grade Green Bond,,,,113.11,-0.01,-0.01,6.0,6.0,101.0,,2019-10-22,中证交易所高等级绿色债券指数
2019-10-22,931145,中证绿色债券指数,中证绿色债,CSI Green Bond Index,CSI Green Bond,,,,112.97,-0.03,-0.03,6.3,6.3,276.0,,2019-10-22,中证绿色债券指数
2019-10-23,930951,中证交易所绿色债券指数,交易所绿色债,CSI Exchange Green Bond Index,Exchange Green Bond,,,,113.17,-0.01,-0.01,1.64,1.65,110.0,,2019-10-23,中证交易所绿色债券指数
2019-10-23,931147,中证交易所高等级绿色债券指数,交易所高等级绿色债,CSI Exchange High Grade Green Bond Index,Exchange High Grade Green Bond,,,,113.11,-0.01,-0.01,1.54,1.55,101.0,,2019-10-23,中证交易所高等级绿色债券指数
2019-10-23,931145,中证绿色债券指数,中证绿色债,CSI Green Bond Index,CSI Green Bond,,,,112.98,0.01,0.01,1.64,1.65,276.0,,2019-10-23,中证绿色债券指数
2019-10-24,930951,中证交易所绿色债券指数,交易所绿色债,CSI Exchange Green Bond Index,Exchange Green Bond,,,,113.15,-0.02,-0.02,2.9,2.9,110.0,,2019-10-24,中证交易所绿色债券指数
2019-10-24,931147,中证交易所高等级绿色债券指数,交易所高等级绿色债,CSI Exchange High Grade Green Bond Index,Exchange High Grade Green Bond,,,,113.09,-0.02,-0.02,2.9,2.9,101.0,,2019-10-24,中证交易所高等级绿色债券指数
2019-10-24,931145,中证绿色债券指数,中证绿色债,CSI Green Bond Index,CSI Green Bond,,,,112.97,0.0,0.0,2.9,2.9,276.0,,2019-10-24,中证绿色债券指数
2019-10-25,930951,中证交易所绿色债券指数,交易所绿色债,CSI Exchange Green Bond Index,Exchange Green Bond,,,,113.17,0.02,0.02,1.36,1.38,110.0,,2019-10-25,中证交易所绿色债券指数
2019-10-25,931147,中证交易所高等级绿色债券指数,交易所高等级绿色债,CSI Exchange High Grade Green Bond Index,Exchange High Grade Green Bond,,,,113.1,0.02,0.02,1.36,1.38,101.0,,2019-10-25,中证交易所高等级绿色债券指数
2019-10-25,931145,中证绿色债券指数,中证绿色债,CSI Green Bond Index,CSI Green Bond,,,,112.98,0.01,0.01,1.36,1.38,276.0,,2019-10-25,中证绿色债券指数
2019-10-28,930951,中证交易所绿色债券指数,交易所绿色债,CSI Exchange Green Bond Index,Exchange Green Bond,,,,113.17,0.0,0.0,4.36,4.21,109.0,,2019-10-28,中证交易所绿色债券指数
2019-10-28,931147,中证交易所高等级绿色债券指数,交易所高等级绿色债,CSI Exchange High Grade Green Bond Index,Exchange High Grade Green Bond,,,,113.1,0.0,0.0,4.21,4.05,101.0,,2019-10-28,中证交易所高等级绿色债券指数
2019-10-28,931145,中证绿色债券指数,中证绿色债,CSI Green Bond Index,CSI Green Bond,,,,113.0,0.02,0.01,4.66,4.51,275.0,,2019-10-28,中证绿色债券指数
2019-10-29,930951,中证交易所绿色债券指数,交易所绿色债,CSI Exchange Green Bond Index,Exchange Green Bond,,,,113.15,-0.02,-0.01,0.0,0.0,109.0,,2019-10-29,中证交易所绿色债券指数
2019-10-29,931147,中证交易所高等级绿色债券指数,交易所高等级绿色债,CSI Exchange High Grade Green Bond Index,Exchange High Grade Green Bond,,,,113.08,-0.02,-0.02,0.0,0.0,101.0,,2019-10-29,中证交易所高等级绿色债券指数
2019-10-29,931145,中证绿色债券指数,中证绿色债,CSI Green Bond Index,CSI Green Bond,,,,112.99,-0.01,-0.01,0.0,0.0,275.0,,2019-10-29,中证绿色债券指数
2019-10-30,930951,中证交易所绿色债券指数,交易所绿色债,CSI Exchange Green Bond Index,Exchange Green Bond,,,,113.11,-0.04,-0.04,2.19,2.2,109.0,,2019-10-30,中证交易所绿色债券指数
2019-10-30,931147,中证交易所高等级绿色债券指数,交易所高等级绿色债,CSI Exchange High Grade Green Bond Index,Exchange High Grade Green Bond,,,,113.04,-0.04,-0.04,2.19,2.2,101.0,,2019-10-30,中证交易所高等级绿色债券指数
2019-10-30,931145,中证绿色债券指数,中证绿色债,CSI Green Bond Index,CSI Green Bond,,,,112.95,-0.05,-0.04,2.19,2.2,275.0,,2019-10-30,中证绿色债券指数
2019-10-31,930951,中证交易所绿色债券指数,交易所绿色债,CSI Exchange Green Bond Index,Exchange Green Bond,,,,113.03,-0.08,-0.07,1.2,1.19,109.0,,2019-10-31,中证交易所绿色债券指数
2019-10-31,931147,中证交易所高等级绿色债券指数,交易所高等级绿色债,CSI Exchange High Grade Green Bond Index,Exchange High Grade Green Bond,,,,112.96,-0.08,-0.07,1.2,1.19,101.0,,2019-10-31,中证交易所高等级绿色债券指数
2019-10-31,931145,中证绿色债券指数,中证绿色债,CSI Green Bond Index,CSI Green Bond,,,,112.92,-0.02,-0.02,1.2,1.19,275.0,,2019-10-31,中证绿色债券指数
2019-11-01,930951,中证交易所绿色债券指数,交易所绿色债,CSI Exchange Green Bond Index,Exchange Green Bond,,,,112.96,-0.08,-0.07,1.21,1.19,115.0,,2019-11-01,中证交易所绿色债券指数
2019-11-01,931147,中证交易所高等级绿色债券指数,交易所高等级绿色债,CSI Exchange High Grade Green Bond Index,Exchange High Grade Green Bond,,,,112.89,-0.08,-0.07,1.21,1.19,107.0,,2019-11-01,中证交易所高等级绿色债券指数
2019-11-01,931145,中证绿色债券指数,中证绿色债,CSI Green Bond Index,CSI Green Bond,,,,112.9,-0.03,-0.02,1.21,1.19,277.0,,2019-11-01,中证绿色债券指数
2019-11-04,930951,中证交易所绿色债券指数,交易所绿色债,CSI Exchange Green Bond Index,Exchange Green Bond,,,,113.02,0.07,0.06,2.86,2.85,115.0,,2019-11-04,中证交易所绿色债券指数
2019-11-04,931147,中证交易所高等级绿色债券指数,交易所高等级绿色债,CSI Exchange High Grade Green Bond Index,Exchange High Grade Green Bond,,,,112.95,0.07,0.06,2.86,2.85,107.0,,2019-11-04,中证交易所高等级绿色债券指数
2019-11-04,931145,中证绿色债券指数,中证绿色债,CSI Green Bond Index,CSI Green Bond,,,,112.92,0.02,0.02,2.86,2.85,277.0,,2019-11-04,中证绿色债券指数
2019-11-05,930951,中证交易所绿色债券指数,交易所绿色债,CSI Exchange Green Bond Index,Exchange Green Bond,,,,113.05,0.03,0.02,2.38,2.39,115.0,,2019-11-05,中证交易所绿色债券指数
2019-11-05,931147,中证交易所高等级绿色债券指数,交易所高等级绿色债,CSI Exchange High Grade Green Bond Index,Exchange High Grade Green Bond,,,,112.97,0.03,0.02,2.28,2.29,107.0,,2019-11-05,中证交易所高等级绿色债券指数
2019-11-05,931145,中证绿色债券指数,中证绿色债,CSI Green Bond Index,CSI Green Bond,,,,112.94,0.02,0.02,2.38,2.39,277.0,,2019-11-05,中证绿色债券指数
2019-11-06,930951,中证交易所绿色债券指数,交易所绿色债,CSI Exchange Green Bond Index,Exchange Green Bond,,,,113.1,0.05,0.05,1.86,1.87,115.0,,2019-11-06,中证交易所绿色债券指数
2019-11-06,931147,中证交易所高等级绿色债券指数,交易所高等级绿色债,CSI Exchange High Grade Green Bond Index,Exchange High Grade Green Bond,,,,113.03,0.05,0.05,1.86,1.87,107.0,,2019-11-06,中证交易所高等级绿色债券指数
2019-11-06,931145,中证绿色债券指数,中证绿色债,CSI Green Bond Index,CSI Green Bond,,,,112.97,0.04,0.03,1.86,1.87,277.0,,2019-11-06,中证绿色债券指数
2019-11-07,930951,中证交易所绿色债券指数,交易所绿色债,CSI Exchange Green Bond Index,Exchange Green Bond,,,,113.18,0.08,0.07,2.0,1.98,115.0,,2019-11-07,中证交易所绿色债券指数
2019-11-07,931147,中证交易所高等级绿色债券指数,交易所高等级绿色债,CSI Exchange High Grade Green Bond Index,Exchange High Grade Green Bond,,,,113.11,0.08,0.07,2.0,1.98,107.0,,2019-11-07,中证交易所高等级绿色债券指数
2019-11-07,931145,中证绿色债券指数,中证绿色债,CSI Green Bond Index,CSI Green Bond,,,,113.01,0.03,0.03,2.0,1.98,277.0,,2019-11-07,中证绿色债券指数
2019-11-08,930951,中证交易所绿色债券指数,交易所绿色债,CSI Exchange Green Bond Index,Exchange Green Bond,,,,113.26,0.08,0.07,1.05,1.06,115.0,,2019-11-08,中证交易所绿色债券指数
2019-11-08,931147,中证交易所高等级绿色债券指数,交易所高等级绿色债,CSI Exchange High Grade Green Bond Index,Exchange High Grade Green Bond,,,,113.19,0.08,0.07,1.05,1.06,107.0,,2019-11-08,中证交易所高等级绿色债券指数
2019-11-08,931145,中证绿色债券指数,中证绿色债,CSI Green Bond Index,CSI Green Bond,,,,113.02,0.02,0.02,1.05,1.06,277.0,,2019-11-08,中证绿色债券指数
2019-11-11,930951,中证交易所绿色债券指数,交易所绿色债,CSI Exchange Green Bond Index,Exchange Green Bond,,,,113.32,0.06,0.05,4.66,4.7,115.0,,2019-11-11,中证交易所绿色债券指数
2019-11-11,931147,中证交易所高等级绿色债券指数,交易所高等级绿色债,CSI Exchange High Grade Green Bond Index,Exchange High Grade Green Bond,,,,113.24,0.06,0.05,4.51,4.55,107.0,,2019-11-11,中证交易所高等级绿色债券指数
2019-11-11,931145,中证绿色债券指数,中证绿色债,CSI Green Bond Index,CSI Green Bond,,,,113.09,0.06,0.06,4.66,4.7,277.0,,2019-11-11,中证绿色债券指数
2019-11-12,930951,中证交易所绿色债券指数,交易所绿色债,CSI Exchange Green Bond Index,Exchange Green Bond,,,,113.38,0.06,0.05,4.61,4.54,115.0,,2019-11-12,中证交易所绿色债券指数
2019-11-12,931147,中证交易所高等级绿色债券指数,交易所高等级绿色债,CSI Exchange High Grade Green Bond Index,Exchange High Grade Green Bond,,,,113.3,0.06,0.05,4.61,4.54,107.0,,2019-11-12,中证交易所高等级绿色债券指数
2019-11-12,931145,中证绿色债券指数,中证绿色债,CSI Green Bond Index,CSI Green Bond,,,,113.11,0.03,0.02,4.61,4.54,277.0,,2019-11-12,中证绿色债券指数
2019-11-13,930951,中证交易所绿色债券指数,交易所绿色债,CSI Exchange Green Bond Index,Exchange Green Bond,,,,113.41,0.03,0.03,2.45,2.45,115.0,,2019-11-13,中证交易所绿色债券指数
2019-11-13,931147,中证交易所高等级绿色债券指数,交易所高等级绿色债,CSI Exchange High Grade Green Bond Index,Exchange High Grade Green Bond,,,,113.33,0.03,0.03,2.45,2.45,107.0,,2019-11-13,中证交易所高等级绿色债券指数
2019-11-13,931145,中证绿色债券指数,中证绿色债,CSI Green Bond Index,CSI Green Bond,,,,113.13,0.02,0.01,2.45,2.45,277.0,,2019-11-13,中证绿色债券指数
2019-11-14,930951,中证交易所绿色债券指数,交易所绿色债,CSI Exchange Green Bond Index,Exchange Green Bond,,,,113.43,0.03,0.02,0.6,0.62,115.0,,2019-11-14,中证交易所绿色债券指数
2019-11-14,931147,中证交易所高等级绿色债券指数,交易所高等级绿色债,CSI Exchange High Grade Green Bond Index,Exchange High Grade Green Bond,,,,113.36,0.03,0.02,0.6,0.62,107.0,,2019-11-14,中证交易所高等级绿色债券指数
2019-11-14,931145,中证绿色债券指数,中证绿色债,CSI Green Bond Index,CSI Green Bond,,,,113.13,0.0,0.0,0.6,0.62,277.0,,2019-11-14,中证绿色债券指数
2019-11-15,930951,中证交易所绿色债券指数,交易所绿色债,CSI Exchange Green Bond Index,Exchange Green Bond,,,,113.46,0.03,0.03,0.0,0.0,115.0,,2019-11-15,中证交易所绿色债券指数
2019-11-15,931147,中证交易所高等级绿色债券指数,交易所高等级绿色债,CSI Exchange High Grade Green Bond Index,Exchange High Grade Green Bond,,,,113.39,0.03,0.03,0.0,0.0,107.0,,2019-11-15,中证交易所高等级绿色债券指数
2019-11-15,931145,中证绿色债券指数,中证绿色债,CSI Green Bond Index,CSI Green Bond,,,,113.16,0.03,0.02,0.0,0.0,277.0,,2019-11-15,中证绿色债券指数
2019-11-18,930951,中证交易所绿色债券指数,交易所绿色债,CSI Exchange Green Bond Index,Exchange Green Bond,,,,113.52,0.05,0.05,0.73,0.72,115.0,,2019-11-18,中证交易所绿色债券指数
2019-11-18,931147,中证交易所高等级绿色债券指数,交易所高等级绿色债,CSI Exchange High Grade Green Bond Index,Exchange High Grade Green Bond,,,,113.44,0.05,0.05,0.73,0.72,107.0,,2019-11-18,中证交易所高等级绿色债券指数
2019-11-18,931145,中证绿色债券指数,中证绿色债,CSI Green Bond Index,CSI Green Bond,,,,113.22,0.06,0.05,0.73,0.72,277.0,,2019-11-18,中证绿色债券指数
2019-11-19,930951,中证交易所绿色债券指数,交易所绿色债,CSI Exchange Green Bond Index,Exchange Green Bond,,,,113.6,0.08,0.07,2.49,2.5,115.0,,2019-11-19,中证交易所绿色债券指数
2019-11-19,931147,中证交易所高等级绿色债券指数,交易所高等级绿色债,CSI Exchange High Grade Green Bond Index,Exchange High Grade Green Bond,,,,113.52,0.08,0.07,2.49,2.5,107.0,,2019-11-19,中证交易所高等级绿色债券指数
2019-11-19,931145,中证绿色债券指数,中证绿色债,CSI Green Bond Index,CSI Green Bond,,,,113.28,0.07,0.06,2.49,2.5,277.0,,2019-11-19,中证绿色债券指数
2019-11-20,930951,中证交易所绿色债券指数,交易所绿色债,CSI Exchange Green Bond Index,Exchange Green Bond,,,,113.65,0.05,0.04,2.83,2.85,115.0,,2019-11-20,中证交易所绿色债券指数
2019-11-20,931147,中证交易所高等级绿色债券指数,交易所高等级绿色债,CSI Exchange High Grade Green Bond Index,Exchange High Grade Green Bond,,,,113.57,0.05,0.04,2.83,2.85,107.0,,2019-11-20,中证交易所高等级绿色债券指数
2019-11-20,931145,中证绿色债券指数,中证绿色债,CSI Green Bond Index,CSI Green Bond,,,,113.32,0.04,0.03,2.83,2.85,277.0,,2019-11-20,中证绿色债券指数
2019-11-21,930951,中证交易所绿色债券指数,交易所绿色债,CSI Exchange Green Bond Index,Exchange Green Bond,,,,113.74,0.1,0.09,0.4,0.41,115.0,,2019-11-21,中证交易所绿色债券指数
2019-11-21,931147,中证交易所高等级绿色债券指数,交易所高等级绿色债,CSI Exchange High Grade Green Bond Index,Exchange High Grade Green Bond,,,,113.66,0.1,0.09,0.4,0.41,107.0,,2019-11-21,中证交易所高等级绿色债券指数
2019-11-21,931145,中证绿色债券指数,中证绿色债,CSI Green Bond Index,CSI Green Bond,,,,113.38,0.06,0.05,0.4,0.41,277.0,,2019-11-21,中证绿色债券指数
2019-11-22,930951,中证交易所绿色债券指数,交易所绿色债,CSI Exchange Green Bond Index,Exchange Green Bond,,,,113.78,0.04,0.03,2.26,2.26,115.0,,2019-11-22,中证交易所绿色债券指数
2019-11-22,931147,中证交易所高等级绿色债券指数,交易所高等级绿色债,CSI Exchange High Grade Green Bond Index,Exchange High Grade Green Bond,,,,113.7,0.04,0.03,2.26,2.26,107.0,,2019-11-22,中证交易所高等级绿色债券指数
2019-11-22,931145,中证绿色债券指数,中证绿色债,CSI Green Bond Index,CSI Green Bond,,,,113.39,0.02,0.02,2.26,2.26,277.0,,2019-11-22,中证绿色债券指数
2019-11-25,930951,中证交易所绿色债券指数,交易所绿色债,CSI Exchange Green Bond Index,Exchange Green Bond,,,,113.84,0.06,0.06,2.65,2.65,115.0,,2019-11-25,中证交易所绿色债券指数
2019-11-25,931147,中证交易所高等级绿色债券指数,交易所高等级绿色债,CSI Exchange High Grade Green Bond Index,Exchange High Grade Green Bond,,,,113.76,0.06,0.06,2.65,2.65,107.0,,2019-11-25,中证交易所高等级绿色债券指数
2019-11-25,931145,中证绿色债券指数,中证绿色债,CSI Green Bond Index,CSI Green Bond,,,,113.44,0.05,0.04,2.65,2.65,277.0,,2019-11-25,中证绿色债券指数
2019-11-26,930951,中证交易所绿色债券指数,交易所绿色债,CSI Exchange Green Bond Index,Exchange Green Bond,,,,113.85,0.01,0.01,2.0,2.03,115.0,,2019-11-26,中证交易所绿色债券指数
2019-11-26,931147,中证交易所高等级绿色债券指数,交易所高等级绿色债,CSI Exchange High Grade Green Bond Index,Exchange High Grade Green Bond,,,,113.77,0.01,0.01,2.0,2.03,107.0,,2019-11-26,中证交易所高等级绿色债券指数
2019-11-26,931145,中证绿色债券指数,中证绿色债,CSI Green Bond Index,CSI Green Bond,,,,113.45,0.0,0.0,2.0,2.03,277.0,,2019-11-26,中证绿色债券指数
2019-11-27,930951,中证交易所绿色债券指数,交易所绿色债,CSI Exchange Green Bond Index,Exchange Green Bond,,,,113.87,0.02,0.02,1.17,1.18,115.0,,2019-11-27,中证交易所绿色债券指数
2019-11-27,931147,中证交易所高等级绿色债券指数,交易所高等级绿色债,CSI Exchange High Grade Green Bond Index,Exchange High Grade Green Bond,,,,113.79,0.02,0.02,1.17,1.18,107.0,,2019-11-27,中证交易所高等级绿色债券指数
2019-11-27,931145,中证绿色债券指数,中证绿色债,CSI Green Bond Index,CSI Green Bond,,,,113.46,0.01,0.01,1.17,1.18,277.0,,2019-11-27,中证绿色债券指数
2019-11-28,930951,中证交易所绿色债券指数,交易所绿色债,CSI Exchange Green Bond Index,Exchange Green Bond,,,,113.89,0.02,0.01,2.7,2.7,115.0,,2019-11-28,中证交易所绿色债券指数
2019-11-28,931147,中证交易所高等级绿色债券指数,交易所高等级绿色债,CSI Exchange High Grade Green Bond Index,Exchange High Grade Green Bond,,,,113.81,0.02,0.01,2.7,2.7,107.0,,2019-11-28,中证交易所高等级绿色债券指数
2019-11-28,931145,中证绿色债券指数,中证绿色债,CSI Green Bond Index,CSI Green Bond,,,,113.46,0.01,0.01,2.7,2.7,277.0,,2019-11-28,中证绿色债券指数
2019-11-29,930951,中证交易所绿色债券指数,交易所绿色债,CSI Exchange Green Bond Index,Exchange Green Bond,,,,113.9,0.01,0.01,0.0,0.0,115.0,,2019-11-29,中证交易所绿色债券指数
2019-11-29,931147,中证交易所高等级绿色债券指数,交易所高等级绿色债,CSI Exchange High Grade Green Bond Index,Exchange High Grade Green Bond,,,,113.82,0.01,0.01,0.0,0.0,107.0,,2019-11-29,中证交易所高等级绿色债券指数
2019-11-29,931145,中证绿色债券指数,中证绿色债,CSI Green Bond Index,CSI Green Bond,,,,113.47,0.01,0.01,0.0,0.0,277.0,,2019-11-29,中证绿色债券指数
2019-12-02,930951,中证交易所绿色债券指数,交易所绿色债,CSI Exchange Green Bond Index,Exchange Green Bond,,,,113.93,0.03,0.03,2.88,2.92,116.0,,2019-12-02,中证交易所绿色债券指数
2019-12-02,931147,中证交易所高等级绿色债券指数,交易所高等级绿色债,CSI Exchange High Grade Green Bond Index,Exchange High Grade Green Bond,,,,113.85,0.03,0.03,2.88,2.92,107.0,,2019-12-02,中证交易所高等级绿色债券指数
2019-12-02,931145,中证绿色债券指数,中证绿色债,CSI Green Bond Index,CSI Green Bond,,,,113.51,0.04,0.04,2.88,2.92,275.0,,2019-12-02,中证绿色债券指数
2019-12-03,930951,中证交易所绿色债券指数,交易所绿色债,CSI Exchange Green Bond Index,Exchange Green Bond,,,,113.94,0.01,0.01,4.0,4.0,116.0,,2019-12-03,中证交易所绿色债券指数
2019-12-03,931147,中证交易所高等级绿色债券指数,交易所高等级绿色债,CSI Exchange High Grade Green Bond Index,Exchange High Grade Green Bond,,,,113.86,0.01,0.01,4.0,4.0,107.0,,2019-12-03,中证交易所高等级绿色债券指数
2019-12-03,931145,中证绿色债券指数,中证绿色债,CSI Green Bond Index,CSI Green Bond,,,,113.52,0.0,0.0,4.0,4.0,275.0,,2019-12-03,中证绿色债券指数
2019-12-04,930951,中证交易所绿色债券指数,交易所绿色债,CSI Exchange Green Bond Index,Exchange Green Bond,,,,113.95,0.01,0.01,0.6,0.6,116.0,,2019-12-04,中证交易所绿色债券指数
2019-12-04,931147,中证交易所高等级绿色债券指数,交易所高等级绿色债,CSI Exchange High Grade Green Bond Index,Exchange High Grade Green Bond,,,,113.87,0.01,0.01,0.6,0.6,107.0,,2019-12-04,中证交易所高等级绿色债券指数
2019-12-04,931145,中证绿色债券指数,中证绿色债,CSI Green Bond Index,CSI Green Bond,,,,113.54,0.02,0.02,0.6,0.6,275.0,,2019-12-04,中证绿色债券指数
2019-12-05,930951,中证交易所绿色债券指数,交易所绿色债,CSI Exchange Green Bond Index,Exchange Green Bond,,,,113.98,0.02,0.02,2.8,2.81,116.0,,2019-12-05,中证交易所绿色债券指数
2019-12-05,931147,中证交易所高等级绿色债券指数,交易所高等级绿色债,CSI Exchange High Grade Green Bond Index,Exchange High Grade Green Bond,,,,113.89,0.02,0.02,2.8,2.81,107.0,,2019-12-05,中证交易所高等级绿色债券指数
2019-12-05,931145,中证绿色债券指数,中证绿色债,CSI Green Bond Index,CSI Green Bond,,,,113.56,0.02,0.02,2.8,2.81,275.0,,2019-12-05,中证绿色债券指数
2019-12-06,930951,中证交易所绿色债券指数,交易所绿色债,CSI Exchange Green Bond Index,Exchange Green Bond,,,,114.01,0.03,0.03,8.25,8.25,115.0,,2019-12-06,中证交易所绿色债券指数
2019-12-06,931147,中证交易所高等级绿色债券指数,交易所高等级绿色债,CSI Exchange High Grade Green Bond Index,Exchange High Grade Green Bond,,,,113.92,0.03,0.03,8.25,8.25,107.0,,2019-12-06,中证交易所高等级绿色债券指数
2019-12-06,931145,中证绿色债券指数,中证绿色债,CSI Green Bond Index,CSI Green Bond,,,,113.6,0.03,0.03,8.25,8.25,274.0,,2019-12-06,中证绿色债券指数
2019-12-09,930951,中证交易所绿色债券指数,交易所绿色债,CSI Exchange Green Bond Index,Exchange Green Bond,,,,114.05,0.04,0.04,4.04,4.07,115.0,,2019-12-09,中证交易所绿色债券指数
2019-12-09,931147,中证交易所高等级绿色债券指数,交易所高等级绿色债,CSI Exchange High Grade Green Bond Index,Exchange High Grade Green Bond,,,,113.96,0.04,0.04,4.04,4.07,107.0,,2019-12-09,中证交易所高等级绿色债券指数
2019-12-09,931145,中证绿色债券指数,中证绿色债,CSI Green Bond Index,CSI Green Bond,,,,113.64,0.04,0.03,4.04,4.07,274.0,,2019-12-09,中证绿色债券指数
2019-12-10,930951,中证交易所绿色债券指数,交易所绿色债,CSI Exchange Green Bond Index,Exchange Green Bond,,,,114.04,-0.01,0.0,4.08,4.16,115.0,,2019-12-10,中证交易所绿色债券指数
2019-12-10,931147,中证交易所高等级绿色债券指数,交易所高等级绿色债,CSI Exchange High Grade Green Bond Index,Exchange High Grade Green Bond,,,,113.96,-0.01,-0.01,4.08,4.16,107.0,,2019-12-10,中证交易所高等级绿色债券指数
2019-12-10,931145,中证绿色债券指数,中证绿色债,CSI Green Bond Index,CSI Green Bond,,,,113.64,0.01,0.01,4.08,4.16,274.0,,2019-12-10,中证绿色债券指数
2019-12-11,930951,中证交易所绿色债券指数,交易所绿色债,CSI Exchange Green Bond Index,Exchange Green Bond,,,,114.06,0.02,0.02,8.52,8.59,115.0,,2019-12-11,中证交易所绿色债券指数
2019-12-11,931147,中证交易所高等级绿色债券指数,交易所高等级绿色债,CSI Exchange High Grade Green Bond Index,Exchange High Grade Green Bond,,,,113.98,0.02,0.02,8.52,8.59,107.0,,2019-12-11,中证交易所高等级绿色债券指数
2019-12-11,931145,中证绿色债券指数,中证绿色债,CSI Green Bond Index,CSI Green Bond,,,,113.66,0.02,0.02,8.52,8.59,274.0,,2019-12-11,中证绿色债券指数
2019-12-12,930951,中证交易所绿色债券指数,交易所绿色债,CSI Exchange Green Bond Index,Exchange Green Bond,,,,114.12,0.06,0.05,2.71,2.76,115.0,,2019-12-12,中证交易所绿色债券指数
2019-12-12,931147,中证交易所高等级绿色债券指数,交易所高等级绿色债,CSI Exchange High Grade Green Bond Index,Exchange High Grade Green Bond,,,,114.04,0.06,0.05,2.71,2.76,107.0,,2019-12-12,中证交易所高等级绿色债券指数
2019-12-12,931145,中证绿色债券指数,中证绿色债,CSI Green Bond Index,CSI Green Bond,,,,113.7,0.04,0.03,2.71,2.76,274.0,,2019-12-12,中证绿色债券指数
2019-12-13,930951,中证交易所绿色债券指数,交易所绿色债,CSI Exchange Green Bond Index,Exchange Green Bond,,,,114.12,-0.01,-0.01,2.9,2.97,115.0,,2019-12-13,中证交易所绿色债券指数
2019-12-13,931147,中证交易所高等级绿色债券指数,交易所高等级绿色债,CSI Exchange High Grade Green Bond Index,Exchange High Grade Green Bond,,,,114.03,-0.01,-0.01,2.9,2.97,107.0,,2019-12-13,中证交易所高等级绿色债券指数
2019-12-13,931145,中证绿色债券指数,中证绿色债,CSI Green Bond Index,CSI Green Bond,,,,113.7,0.0,0.0,2.9,2.97,274.0,,2019-12-13,中证绿色债券指数
2019-12-16,930951,中证交易所绿色债券指数,交易所绿色债,CSI Exchange Green Bond Index,Exchange Green Bond,,,,114.13,0.02,0.02,3.77,3.78,115.0,,2019-12-16,中证交易所绿色债券指数
2019-12-16,931147,中证交易所高等级绿色债券指数,交易所高等级绿色债,CSI Exchange High Grade Green Bond Index,Exchange High Grade Green Bond,,,,114.04,0.02,0.02,3.77,3.78,107.0,,2019-12-16,中证交易所高等级绿色债券指数
2019-12-16,931145,中证绿色债券指数,中证绿色债,CSI Green Bond Index,CSI Green Bond,,,,113.73,0.03,0.03,3.77,3.78,274.0,,2019-12-16,中证绿色债券指数
2019-12-17,930951,中证交易所绿色债券指数,交易所绿色债,CSI Exchange Green Bond Index,Exchange Green Bond,,,,114.17,0.04,0.04,0.62,0.62,115.0,,2019-12-17,中证交易所绿色债券指数
2019-12-17,931147,中证交易所高等级绿色债券指数,交易所高等级绿色债,CSI Exchange High Grade Green Bond Index,Exchange High Grade Green Bond,,,,114.08,0.04,0.04,0.62,0.62,107.0,,2019-12-17,中证交易所高等级绿色债券指数
2019-12-17,931145,中证绿色债券指数,中证绿色债,CSI Green Bond Index,CSI Green Bond,,,,113.74,0.01,0.01,0.62,0.62,274.0,,2019-12-17,中证绿色债券指数
2019-12-18,930951,中证交易所绿色债券指数,交易所绿色债,CSI Exchange Green Bond Index,Exchange Green Bond,,,,114.17,0.0,0.0,3.89,3.91,115.0,,2019-12-18,中证交易所绿色债券指数
2019-12-18,931147,中证交易所高等级绿色债券指数,交易所高等级绿色债,CSI Exchange High Grade Green Bond Index,Exchange High Grade Green Bond,,,,114.08,0.0,0.0,3.89,3.91,107.0,,2019-12-18,中证交易所高等级绿色债券指数
2019-12-18,931145,中证绿色债券指数,中证绿色债,CSI Green Bond Index,CSI Green Bond,,,,113.77,0.02,0.02,3.89,3.91,274.0,,2019-12-18,中证绿色债券指数
2019-12-19,930951,中证交易所绿色债券指数,交易所绿色债,CSI Exchange Green Bond Index,Exchange Green Bond,,,,114.21,0.04,0.03,4.16,4.2,115.0,,2019-12-19,中证交易所绿色债券指数
2019-12-19,931147,中证交易所高等级绿色债券指数,交易所高等级绿色债,CSI Exchange High Grade Green Bond Index,Exchange High Grade Green Bond,,,,114.12,0.04,0.03,4.16,4.2,107.0,,2019-12-19,中证交易所高等级绿色债券指数
2019-12-19,931145,中证绿色债券指数,中证绿色债,CSI Green Bond Index,CSI Green Bond,,,,113.79,0.03,0.02,4.16,4.2,274.0,,2019-12-19,中证绿色债券指数
2019-12-20,930951,中证交易所绿色债券指数,交易所绿色债,CSI Exchange Green Bond Index,Exchange Green Bond,,,,114.22,0.01,0.01,7.08,7.28,115.0,,2019-12-20,中证交易所绿色债券指数
2019-12-20,931147,中证交易所高等级绿色债券指数,交易所高等级绿色债,CSI Exchange High Grade Green Bond Index,Exchange High Grade Green Bond,,,,114.13,0.01,0.01,7.08,7.28,107.0,,2019-12-20,中证交易所高等级绿色债券指数
2019-12-20,931145,中证绿色债券指数,中证绿色债,CSI Green Bond Index,CSI Green Bond,,,,113.85,0.06,0.05,7.08,7.28,274.0,,2019-12-20,中证绿色债券指数
2019-12-23,930951,中证交易所绿色债券指数,交易所绿色债,CSI Exchange Green Bond Index,Exchange Green Bond,,,,114.27,0.05,0.05,5.51,5.57,115.0,,2019-12-23,中证交易所绿色债券指数
2019-12-23,931147,中证交易所高等级绿色债券指数,交易所高等级绿色债,CSI Exchange High Grade Green Bond Index,Exchange High Grade Green Bond,,,,114.18,0.05,0.05,5.51,5.57,107.0,,2019-12-23,中证交易所高等级绿色债券指数
2019-12-23,931145,中证绿色债券指数,中证绿色债,CSI Green Bond Index,CSI Green Bond,,,,113.87,0.02,0.02,5.51,5.57,274.0,,2019-12-23,中证绿色债券指数
2019-12-24,930951,中证交易所绿色债券指数,交易所绿色债,CSI Exchange Green Bond Index,Exchange Green Bond,,,,114.31,0.04,0.03,2.75,2.77,115.0,,2019-12-24,中证交易所绿色债券指数
2019-12-24,931147,中证交易所高等级绿色债券指数,交易所高等级绿色债,CSI Exchange High Grade Green Bond Index,Exchange High Grade Green Bond,,,,114.22,0.04,0.03,2.75,2.77,107.0,,2019-12-24,中证交易所高等级绿色债券指数
2019-12-24,931145,中证绿色债券指数,中证绿色债,CSI Green Bond Index,CSI Green Bond,,,,113.9,0.03,0.03,2.75,2.77,274.0,,2019-12-24,中证绿色债券指数
2019-12-25,930951,中证交易所绿色债券指数,交易所绿色债,CSI Exchange Green Bond Index,Exchange Green Bond,,,,114.37,0.06,0.05,3.59,3.64,115.0,,2019-12-25,中证交易所绿色债券指数
2019-12-25,931147,中证交易所高等级绿色债券指数,交易所高等级绿色债,CSI Exchange High Grade Green Bond Index,Exchange High Grade Green Bond,,,,114.27,0.06,0.05,3.59,3.64,107.0,,2019-12-25,中证交易所高等级绿色债券指数
2019-12-25,931145,中证绿色债券指数,中证绿色债,CSI Green Bond Index,CSI Green Bond,,,,113.95,0.05,0.04,3.59,3.64,274.0,,2019-12-25,中证绿色债券指数
2019-12-26,930951,中证交易所绿色债券指数,交易所绿色债,CSI Exchange Green Bond Index,Exchange Green Bond,,,,114.39,0.02,0.02,1.56,1.56,115.0,,2019-12-26,中证交易所绿色债券指数
2019-12-26,931147,中证交易所高等级绿色债券指数,交易所高等级绿色债,CSI Exchange High Grade Green Bond Index,Exchange High Grade Green Bond,,,,114.3,0.02,0.02,1.56,1.56,107.0,,2019-12-26,中证交易所高等级绿色债券指数
2019-12-26,931145,中证绿色债券指数,中证绿色债,CSI Green Bond Index,CSI Green Bond,,,,113.98,0.03,0.03,1.56,1.56,274.0,,2019-12-26,中证绿色债券指数
2019-12-27,930951,中证交易所绿色债券指数,交易所绿色债,CSI Exchange Green Bond Index,Exchange Green Bond,,,,114.41,0.02,0.02,1.97,1.98,115.0,,2019-12-27,中证交易所绿色债券指数
2019-12-27,931147,中证交易所高等级绿色债券指数,交易所高等级绿色债,CSI Exchange High Grade Green Bond Index,Exchange High Grade Green Bond,,,,114.31,0.02,0.02,1.97,1.98,107.0,,2019-12-27,中证交易所高等级绿色债券指数
2019-12-27,931145,中证绿色债券指数,中证绿色债,CSI Green Bond Index,CSI Green Bond,,,,114.0,0.02,0.02,1.97,1.98,274.0,,2019-12-27,中证绿色债券指数
2019-12-30,930951,中证交易所绿色债券指数,交易所绿色债,CSI Exchange Green Bond Index,Exchange Green Bond,,,,114.5,0.09,0.08,3.84,3.9,115.0,,2019-12-30,中证交易所绿色债券指数
2019-12-30,931147,中证交易所高等级绿色债券指数,交易所高等级绿色债,CSI Exchange High Grade Green Bond Index,Exchange High Grade Green Bond,,,,114.4,0.09,0.08,3.84,3.9,107.0,,2019-12-30,中证交易所高等级绿色债券指数
2019-12-30,931145,中证绿色债券指数,中证绿色债,CSI Green Bond Index,CSI Green Bond,,,,114.04,0.05,0.04,3.84,3.9,274.0,,2019-12-30,中证绿色债券指数
2019-12-31,930951,中证交易所绿色债券指数,交易所绿色债,CSI Exchange Green Bond Index,Exchange Green Bond,,,,114.51,0.02,0.02,4.05,4.08,115.0,,2019-12-31,中证交易所绿色债券指数
2019-12-31,931147,中证交易所高等级绿色债券指数,交易所高等级绿色债,CSI Exchange High Grade Green Bond Index,Exchange High Grade Green Bond,,,,114.42,0.02,0.02,4.05,4.08,107.0,,2019-12-31,中证交易所高等级绿色债券指数
2019-12-31,931145,中证绿色债券指数,中证绿色债,CSI Green Bond Index,CSI Green Bond,,,,114.07,0.03,0.02,4.05,4.08,274.0,,2019-12-31,中证绿色债券指数
2020-01-02,930951,中证交易所绿色债券指数,交易所绿色债,CSI Exchange Green Bond Index,Exchange Green Bond,,,,114.55,0.04,0.03,1.54,1.55,126.0,,2020-01-02,中证交易所绿色债券指数
2020-01-02,931147,中证交易所高等级绿色债券指数,交易所高等级绿色债,CSI Exchange High Grade Green Bond Index,Exchange High Grade Green Bond,,,,114.46,0.04,0.03,1.54,1.55,118.0,,2020-01-02,中证交易所高等级绿色债券指数
2020-01-02,931145,中证绿色债券指数,中证绿色债,CSI Green Bond Index,CSI Green Bond,,,,114.13,0.06,0.06,1.54,1.55,293.0,,2020-01-02,中证绿色债券指数
2020-01-03,930951,中证交易所绿色债券指数,交易所绿色债,CSI Exchange Green Bond Index,Exchange Green Bond,,,,114.63,0.08,0.07,4.27,4.33,126.0,,2020-01-03,中证交易所绿色债券指数
2020-01-03,931147,中证交易所高等级绿色债券指数,交易所高等级绿色债,CSI Exchange High Grade Green Bond Index,Exchange High Grade Green Bond,,,,114.54,0.08,0.07,4.27,4.33,118.0,,2020-01-03,中证交易所高等级绿色债券指数
2020-01-03,931145,中证绿色债券指数,中证绿色债,CSI Green Bond Index,CSI Green Bond,,,,114.16,0.03,0.03,4.27,4.33,293.0,,2020-01-03,中证绿色债券指数
2020-01-06,930951,中证交易所绿色债券指数,交易所绿色债,CSI Exchange Green Bond Index,Exchange Green Bond,,,,114.69,0.06,0.05,2.99,2.97,126.0,,2020-01-06,中证交易所绿色债券指数
2020-01-06,931147,中证交易所高等级绿色债券指数,交易所高等级绿色债,CSI Exchange High Grade Green Bond Index,Exchange High Grade Green Bond,,,,114.59,0.05,0.05,2.99,2.97,118.0,,2020-01-06,中证交易所高等级绿色债券指数
2020-01-06,931145,中证绿色债券指数,中证绿色债,CSI Green Bond Index,CSI Green Bond,,,,114.23,0.06,0.06,2.99,2.97,293.0,,2020-01-06,中证绿色债券指数
2020-01-07,930951,中证交易所绿色债券指数,交易所绿色债,CSI Exchange Green Bond Index,Exchange Green Bond,,,,114.73,0.04,0.04,3.77,3.85,126.0,,2020-01-07,中证交易所绿色债券指数
2020-01-07,931147,中证交易所高等级绿色债券指数,交易所高等级绿色债,CSI Exchange High Grade Green Bond Index,Exchange High Grade Green Bond,,,,114.64,0.04,0.04,3.77,3.85,118.0,,2020-01-07,中证交易所高等级绿色债券指数
2020-01-07,931145,中证绿色债券指数,中证绿色债,CSI Green Bond Index,CSI Green Bond,,,,114.25,0.02,0.02,3.77,3.85,293.0,,2020-01-07,中证绿色债券指数
2020-01-08,930951,中证交易所绿色债券指数,交易所绿色债,CSI Exchange Green Bond Index,Exchange Green Bond,,,,114.76,0.03,0.03,3.1,3.15,126.0,,2020-01-08,中证交易所绿色债券指数
2020-01-08,931147,中证交易所高等级绿色债券指数,交易所高等级绿色债,CSI Exchange High Grade Green Bond Index,Exchange High Grade Green Bond,,,,114.67,0.03,0.03,3.1,3.15,118.0,,2020-01-08,中证交易所高等级绿色债券指数
2020-01-08,931145,中证绿色债券指数,中证绿色债,CSI Green Bond Index,CSI Green Bond,,,,114.29,0.04,0.04,3.1,3.15,293.0,,2020-01-08,中证绿色债券指数
2020-01-09,930951,中证交易所绿色债券指数,交易所绿色债,CSI Exchange Green Bond Index,Exchange Green Bond,,,,114.79,0.03,0.03,1.91,1.92,126.0,,2020-01-09,中证交易所绿色债券指数
2020-01-09,931147,中证交易所高等级绿色债券指数,交易所高等级绿色债,CSI Exchange High Grade Green Bond Index,Exchange High Grade Green Bond,,,,114.7,0.03,0.03,1.91,1.92,118.0,,2020-01-09,中证交易所高等级绿色债券指数
2020-01-09,931145,中证绿色债券指数,中证绿色债,CSI Green Bond Index,CSI Green Bond,,,,114.31,0.02,0.02,1.91,1.92,293.0,,2020-01-09,中证绿色债券指数
2020-01-10,930951,中证交易所绿色债券指数,交易所绿色债,CSI Exchange Green Bond Index,Exchange Green Bond,,,,114.85,0.06,0.05,1.8,1.82,126.0,,2020-01-10,中证交易所绿色债券指数
2020-01-10,931147,中证交易所高等级绿色债券指数,交易所高等级绿色债,CSI Exchange High Grade Green Bond Index,Exchange High Grade Green Bond,,,,114.75,0.05,0.05,1.8,1.82,118.0,,2020-01-10,中证交易所高等级绿色债券指数
2020-01-10,931145,中证绿色债券指数,中证绿色债,CSI Green Bond Index,CSI Green Bond,,,,114.35,0.04,0.03,1.8,1.82,293.0,,2020-01-10,中证绿色债券指数
2020-01-13,930951,中证交易所绿色债券指数,交易所绿色债,CSI Exchange Green Bond Index,Exchange Green Bond,,,,114.93,0.08,0.07,3.6,3.64,126.0,,2020-01-13,中证交易所绿色债券指数
2020-01-13,931147,中证交易所高等级绿色债券指数,交易所高等级绿色债,CSI Exchange High Grade Green Bond Index,Exchange High Grade Green Bond,,,,114.83,0.08,0.07,3.6,3.64,118.0,,2020-01-13,中证交易所高等级绿色债券指数
2020-01-13,931145,中证绿色债券指数,中证绿色债,CSI Green Bond Index,CSI Green Bond,,,,114.41,0.06,0.05,3.6,3.64,293.0,,2020-01-13,中证绿色债券指数
2020-01-14,930951,中证交易所绿色债券指数,交易所绿色债,CSI Exchange Green Bond Index,Exchange Green Bond,,,,114.96,0.03,0.03,1.4,1.42,126.0,,2020-01-14,中证交易所绿色债券指数
2020-01-14,931147,中证交易所高等级绿色债券指数,交易所高等级绿色债,CSI Exchange High Grade Green Bond Index,Exchange High Grade Green Bond,,,,114.86,0.03,0.02,1.4,1.42,118.0,,2020-01-14,中证交易所高等级绿色债券指数
2020-01-14,931145,中证绿色债券指数,中证绿色债,CSI Green Bond Index,CSI Green Bond,,,,114.41,0.0,0.0,1.4,1.42,293.0,,2020-01-14,中证绿色债券指数
2020-01-15,930951,中证交易所绿色债券指数,交易所绿色债,CSI Exchange Green Bond Index,Exchange Green Bond,,,,114.98,0.03,0.02,5.6,5.67,126.0,,2020-01-15,中证交易所绿色债券指数
2020-01-15,931147,中证交易所高等级绿色债券指数,交易所高等级绿色债,CSI Exchange High Grade Green Bond Index,Exchange High Grade Green Bond,,,,114.88,0.03,0.02,5.6,5.67,118.0,,2020-01-15,中证交易所高等级绿色债券指数
2020-01-15,931145,中证绿色债券指数,中证绿色债,CSI Green Bond Index,CSI Green Bond,,,,114.4,0.0,0.0,5.6,5.67,293.0,,2020-01-15,中证绿色债券指数
2020-01-16,930951,中证交易所绿色债券指数,交易所绿色债,CSI Exchange Green Bond Index,Exchange Green Bond,,,,115.0,0.02,0.02,3.7,3.73,126.0,,2020-01-16,中证交易所绿色债券指数
2020-01-16,931147,中证交易所高等级绿色债券指数,交易所高等级绿色债,CSI Exchange High Grade Green Bond Index,Exchange High Grade Green Bond,,,,114.9,0.02,0.02,3.7,3.73,118.0,,2020-01-16,中证交易所高等级绿色债券指数
2020-01-16,931145,中证绿色债券指数,中证绿色债,CSI Green Bond Index,CSI Green Bond,,,,114.42,0.02,0.02,3.7,3.73,293.0,,2020-01-16,中证绿色债券指数
2020-01-17,930951,中证交易所绿色债券指数,交易所绿色债,CSI Exchange Green Bond Index,Exchange Green Bond,,,,115.05,0.05,0.04,2.63,2.65,126.0,,2020-01-17,中证交易所绿色债券指数
2020-01-17,931147,中证交易所高等级绿色债券指数,交易所高等级绿色债,CSI Exchange High Grade Green Bond Index,Exchange High Grade Green Bond,,,,114.95,0.05,0.04,2.63,2.65,118.0,,2020-01-17,中证交易所高等级绿色债券指数
2020-01-17,931145,中证绿色债券指数,中证绿色债,CSI Green Bond Index,CSI Green Bond,,,,114.45,0.03,0.02,2.63,2.65,293.0,,2020-01-17,中证绿色债券指数
2020-01-20,930951,中证交易所绿色债券指数,交易所绿色债,CSI Exchange Green Bond Index,Exchange Green Bond,,,,115.09,0.04,0.04,0.83,0.84,125.0,,2020-01-20,中证交易所绿色债券指数
2020-01-20,931147,中证交易所高等级绿色债券指数,交易所高等级绿色债,CSI Exchange High Grade Green Bond Index,Exchange High Grade Green Bond,,,,114.99,0.04,0.04,0.63,0.63,118.0,,2020-01-20,中证交易所高等级绿色债券指数
2020-01-20,931145,中证绿色债券指数,中证绿色债,CSI Green Bond Index,CSI Green Bond,,,,114.48,0.03,0.02,0.83,0.84,292.0,,2020-01-20,中证绿色债券指数
2020-01-21,930951,中证交易所绿色债券指数,交易所绿色债,CSI Exchange Green Bond Index,Exchange Green Bond,,,,115.11,0.02,0.02,1.92,1.93,125.0,,2020-01-21,中证交易所绿色债券指数
2020-01-21,931147,中证交易所高等级绿色债券指数,交易所高等级绿色债,CSI Exchange High Grade Green Bond Index,Exchange High Grade Green Bond,,,,115.01,0.02,0.02,1.92,1.93,118.0,,2020-01-21,中证交易所高等级绿色债券指数
2020-01-21,931145,中证绿色债券指数,中证绿色债,CSI Green Bond Index,CSI Green Bond,,,,114.49,0.02,0.02,1.92,1.93,292.0,,2020-01-21,中证绿色债券指数
2020-01-22,930951,中证交易所绿色债券指数,交易所绿色债,CSI Exchange Green Bond Index,Exchange Green Bond,,,,115.15,0.04,0.03,3.34,3.4,125.0,,2020-01-22,中证交易所绿色债券指数
2020-01-22,931147,中证交易所高等级绿色债券指数,交易所高等级绿色债,CSI Exchange High Grade Green Bond Index,Exchange High Grade Green Bond,,,,115.05,0.04,0.03,3.34,3.4,118.0,,2020-01-22,中证交易所高等级绿色债券指数
2020-01-22,931145,中证绿色债券指数,中证绿色债,CSI Green Bond Index,CSI Green Bond,,,,114.52,0.03,0.03,3.34,3.4,292.0,,2020-01-22,中证绿色债券指数
2020-01-23,930951,中证交易所绿色债券指数,交易所绿色债,CSI Exchange Green Bond Index,Exchange Green Bond,,,,115.19,0.04,0.03,0.3,0.3,125.0,,2020-01-23,中证交易所绿色债券指数
2020-01-23,931147,中证交易所高等级绿色债券指数,交易所高等级绿色债,CSI Exchange High Grade Green Bond Index,Exchange High Grade Green Bond,,,,115.09,0.04,0.03,0.3,0.3,118.0,,2020-01-23,中证交易所高等级绿色债券指数
2020-01-23,931145,中证绿色债券指数,中证绿色债,CSI Green Bond Index,CSI Green Bond,,,,114.55,0.03,0.03,0.3,0.3,292.0,,2020-01-23,中证绿色债券指数
2020-02-03,930951,中证交易所绿色债券指数,交易所绿色债,CSI Exchange Green Bond Index,Exchange Green Bond,,,,115.83,0.64,0.56,0.9,0.91,128.0,,2020-02-03,中证交易所绿色债券指数
2020-02-03,931147,中证交易所高等级绿色债券指数,交易所高等级绿色债,CSI Exchange High Grade Green Bond Index,Exchange High Grade Green Bond,,,,115.72,0.64,0.55,0.9,0.91,120.0,,2020-02-03,中证交易所高等级绿色债券指数
2020-02-03,931145,中证绿色债券指数,中证绿色债,CSI Green Bond Index,CSI Green Bond,,,,114.97,0.42,0.36,0.9,0.91,295.0,,2020-02-03,中证绿色债券指数
2020-02-04,930951,中证交易所绿色债券指数,交易所绿色债,CSI Exchange Green Bond Index,Exchange Green Bond,,,,115.82,-0.02,-0.01,3.7,3.76,128.0,,2020-02-04,中证交易所绿色债券指数
2020-02-04,931147,中证交易所高等级绿色债券指数,交易所高等级绿色债,CSI Exchange High Grade Green Bond Index,Exchange High Grade Green Bond,,,,115.71,-0.02,-0.02,3.7,3.76,120.0,,2020-02-04,中证交易所高等级绿色债券指数
2020-02-04,931145,中证绿色债券指数,中证绿色债,CSI Green Bond Index,CSI Green Bond,,,,114.96,-0.01,-0.01,3.7,3.76,295.0,,2020-02-04,中证绿色债券指数
2020-02-05,930951,中证交易所绿色债券指数,交易所绿色债,CSI Exchange Green Bond Index,Exchange Green Bond,,,,115.8,-0.02,-0.02,2.32,2.34,128.0,,2020-02-05,中证交易所绿色债券指数
2020-02-05,931147,中证交易所高等级绿色债券指数,交易所高等级绿色债,CSI Exchange High Grade Green Bond Index,Exchange High Grade Green Bond,,,,115.68,-0.02,-0.02,2.32,2.34,120.0,,2020-02-05,中证交易所高等级绿色债券指数
2020-02-05,931145,中证绿色债券指数,中证绿色债,CSI Green Bond Index,CSI Green Bond,,,,114.96,-0.01,-0.01,2.32,2.34,295.0,,2020-02-05,中证绿色债券指数
2020-02-06,930951,中证交易所绿色债券指数,交易所绿色债,CSI Exchange Green Bond Index,Exchange Green Bond,,,,115.81,0.02,0.02,0.3,0.3,128.0,,2020-02-06,中证交易所绿色债券指数
2020-02-06,931147,中证交易所高等级绿色债券指数,交易所高等级绿色债,CSI Exchange High Grade Green Bond Index,Exchange High Grade Green Bond,,,,115.7,0.02,0.02,0.3,0.3,120.0,,2020-02-06,中证交易所高等级绿色债券指数
2020-02-06,931145,中证绿色债券指数,中证绿色债,CSI Green Bond Index,CSI Green Bond,,,,114.96,0.0,0.0,0.3,0.3,295.0,,2020-02-06,中证绿色债券指数
2020-02-07,930951,中证交易所绿色债券指数,交易所绿色债,CSI Exchange Green Bond Index,Exchange Green Bond,,,,115.87,0.06,0.05,0.2,0.21,128.0,,2020-02-07,中证交易所绿色债券指数
2020-02-07,931147,中证交易所高等级绿色债券指数,交易所高等级绿色债,CSI Exchange High Grade Green Bond Index,Exchange High Grade Green Bond,,,,115.76,0.06,0.05,0.2,0.21,120.0,,2020-02-07,中证交易所高等级绿色债券指数
2020-02-07,931145,中证绿色债券指数,中证绿色债,CSI Green Bond Index,CSI Green Bond,,,,115.01,0.05,0.04,0.2,0.21,295.0,,2020-02-07,中证绿色债券指数
2020-02-10,930951,中证交易所绿色债券指数,交易所绿色债,CSI Exchange Green Bond Index,Exchange Green Bond,,,,115.96,0.08,0.07,0.5,0.51,128.0,,2020-02-10,中证交易所绿色债券指数
2020-02-10,931147,中证交易所高等级绿色债券指数,交易所高等级绿色债,CSI Exchange High Grade Green Bond Index,Exchange High Grade Green Bond,,,,115.84,0.08,0.07,0.5,0.51,120.0,,2020-02-10,中证交易所高等级绿色债券指数
2020-02-10,931145,中证绿色债券指数,中证绿色债,CSI Green Bond Index,CSI Green Bond,,,,115.08,0.07,0.06,0.5,0.51,295.0,,2020-02-10,中证绿色债券指数
2020-02-11,930951,中证交易所绿色债券指数,交易所绿色债,CSI Exchange Green Bond Index,Exchange Green Bond,,,,116.08,0.12,0.11,1.85,1.87,128.0,,2020-02-11,中证交易所绿色债券指数
2020-02-11,931147,中证交易所高等级绿色债券指数,交易所高等级绿色债,CSI Exchange High Grade Green Bond Index,Exchange High Grade Green Bond,,,,115.96,0.12,0.1,1.85,1.87,120.0,,2020-02-11,中证交易所高等级绿色债券指数
2020-02-11,931145,中证绿色债券指数,中证绿色债,CSI Green Bond Index,CSI Green Bond,,,,115.15,0.07,0.06,1.85,1.87,295.0,,2020-02-11,中证绿色债券指数
2020-02-12,930951,中证交易所绿色债券指数,交易所绿色债,CSI Exchange Green Bond Index,Exchange Green Bond,,,,116.11,0.03,0.03,2.04,2.07,128.0,,2020-02-12,中证交易所绿色债券指数
2020-02-12,931147,中证交易所高等级绿色债券指数,交易所高等级绿色债,CSI Exchange High Grade Green Bond Index,Exchange High Grade Green Bond,,,,115.99,0.03,0.03,2.04,2.07,120.0,,2020-02-12,中证交易所高等级绿色债券指数
2020-02-12,931145,中证绿色债券指数,中证绿色债,CSI Green Bond Index,CSI Green Bond,,,,115.16,0.01,0.01,2.04,2.07,295.0,,2020-02-12,中证绿色债券指数
2020-02-13,930951,中证交易所绿色债券指数,交易所绿色债,CSI Exchange Green Bond Index,Exchange Green Bond,,,,116.19,0.08,0.07,4.51,4.59,128.0,,2020-02-13,中证交易所绿色债券指数
2020-02-13,931147,中证交易所高等级绿色债券指数,交易所高等级绿色债,CSI Exchange High Grade Green Bond Index,Exchange High Grade Green Bond,,,,116.07,0.08,0.07,4.51,4.59,120.0,,2020-02-13,中证交易所高等级绿色债券指数
2020-02-13,931145,中证绿色债券指数,中证绿色债,CSI Green Bond Index,CSI Green Bond,,,,115.2,0.04,0.04,4.51,4.59,295.0,,2020-02-13,中证绿色债券指数
2020-02-14,930951,中证交易所绿色债券指数,交易所绿色债,CSI Exchange Green Bond Index,Exchange Green Bond,,,,116.25,0.07,0.06,0.83,0.86,128.0,,2020-02-14,中证交易所绿色债券指数
2020-02-14,931147,中证交易所高等级绿色债券指数,交易所高等级绿色债,CSI Exchange High Grade Green Bond Index,Exchange High Grade Green Bond,,,,116.14,0.07,0.06,0.83,0.86,120.0,,2020-02-14,中证交易所高等级绿色债券指数
2020-02-14,931145,中证绿色债券指数,中证绿色债,CSI Green Bond Index,CSI Green Bond,,,,115.25,0.05,0.04,0.83,0.86,295.0,,2020-02-14,中证绿色债券指数
2020-02-17,930951,中证交易所绿色债券指数,交易所绿色债,CSI Exchange Green Bond Index,Exchange Green Bond,,,,116.32,0.07,0.06,2.39,2.43,128.0,,2020-02-17,中证交易所绿色债券指数
2020-02-17,931147,中证交易所高等级绿色债券指数,交易所高等级绿色债,CSI Exchange High Grade Green Bond Index,Exchange High Grade Green Bond,,,,116.2,0.06,0.06,2.39,2.43,120.0,,2020-02-17,中证交易所高等级绿色债券指数
2020-02-17,931145,中证绿色债券指数,中证绿色债,CSI Green Bond Index,CSI Green Bond,,,,115.29,0.04,0.04,2.39,2.43,295.0,,2020-02-17,中证绿色债券指数
2020-02-18,930951,中证交易所绿色债券指数,交易所绿色债,CSI Exchange Green Bond Index,Exchange Green Bond,,,,116.36,0.05,0.04,0.8,0.8,128.0,,2020-02-18,中证交易所绿色债券指数
2020-02-18,931147,中证交易所高等级绿色债券指数,交易所高等级绿色债,CSI Exchange High Grade Green Bond Index,Exchange High Grade Green Bond,,,,116.24,0.04,0.04,0.8,0.8,120.0,,2020-02-18,中证交易所高等级绿色债券指数
2020-02-18,931145,中证绿色债券指数,中证绿色债,CSI Green Bond Index,CSI Green Bond,,,,115.31,0.02,0.02,0.8,0.8,295.0,,2020-02-18,中证绿色债券指数
2020-02-19,930951,中证交易所绿色债券指数,交易所绿色债,CSI Exchange Green Bond Index,Exchange Green Bond,,,,116.41,0.04,0.04,2.36,2.45,128.0,,2020-02-19,中证交易所绿色债券指数
2020-02-19,931147,中证交易所高等级绿色债券指数,交易所高等级绿色债,CSI Exchange High Grade Green Bond Index,Exchange High Grade Green Bond,,,,116.29,0.04,0.04,2.36,2.45,120.0,,2020-02-19,中证交易所高等级绿色债券指数
2020-02-19,931145,中证绿色债券指数,中证绿色债,CSI Green Bond Index,CSI Green Bond,,,,115.34,0.03,0.03,2.36,2.45,295.0,,2020-02-19,中证绿色债券指数
2020-02-20,930951,中证交易所绿色债券指数,交易所绿色债,CSI Exchange Green Bond Index,Exchange Green Bond,,,,116.44,0.04,0.03,5.33,5.51,128.0,,2020-02-20,中证交易所绿色债券指数
2020-02-20,931147,中证交易所高等级绿色债券指数,交易所高等级绿色债,CSI Exchange High Grade Green Bond Index,Exchange High Grade Green Bond,,,,116.32,0.03,0.03,5.33,5.51,120.0,,2020-02-20,中证交易所高等级绿色债券指数
2020-02-20,931145,中证绿色债券指数,中证绿色债,CSI Green Bond Index,CSI Green Bond,,,,115.37,0.03,0.03,5.33,5.51,295.0,,2020-02-20,中证绿色债券指数
2020-02-21,930951,中证交易所绿色债券指数,交易所绿色债,CSI Exchange Green Bond Index,Exchange Green Bond,,,,116.47,0.03,0.03,0.27,0.27,128.0,,2020-02-21,中证交易所绿色债券指数
2020-02-21,931147,中证交易所高等级绿色债券指数,交易所高等级绿色债,CSI Exchange High Grade Green Bond Index,Exchange High Grade Green Bond,,,,116.36,0.04,0.03,0.27,0.27,120.0,,2020-02-21,中证交易所高等级绿色债券指数
2020-02-21,931145,中证绿色债券指数,中证绿色债,CSI Green Bond Index,CSI Green Bond,,,,115.4,0.03,0.02,0.27,0.27,295.0,,2020-02-21,中证绿色债券指数
2020-02-24,930951,中证交易所绿色债券指数,交易所绿色债,CSI Exchange Green Bond Index,Exchange Green Bond,,,,116.54,0.06,0.06,4.75,4.8,128.0,,2020-02-24,中证交易所绿色债券指数
2020-02-24,931147,中证交易所高等级绿色债券指数,交易所高等级绿色债,CSI Exchange High Grade Green Bond Index,Exchange High Grade Green Bond,,,,116.42,0.06,0.05,4.05,4.1,120.0,,2020-02-24,中证交易所高等级绿色债券指数
2020-02-24,931145,中证绿色债券指数,中证绿色债,CSI Green Bond Index,CSI Green Bond,,,,115.45,0.05,0.04,4.75,4.8,295.0,,2020-02-24,中证绿色债券指数
2020-02-25,930951,中证交易所绿色债券指数,交易所绿色债,CSI Exchange Green Bond Index,Exchange Green Bond,,,,116.58,0.05,0.04,8.7,8.78,128.0,,2020-02-25,中证交易所绿色债券指数
2020-02-25,931147,中证交易所高等级绿色债券指数,交易所高等级绿色债,CSI Exchange High Grade Green Bond Index,Exchange High Grade Green Bond,,,,116.47,0.05,0.04,8.7,8.78,120.0,,2020-02-25,中证交易所高等级绿色债券指数
2020-02-25,931145,中证绿色债券指数,中证绿色债,CSI Green Bond Index,CSI Green Bond,,,,115.49,0.04,0.03,8.7,8.78,295.0,,2020-02-25,中证绿色债券指数
2020-02-26,930951,中证交易所绿色债券指数,交易所绿色债,CSI Exchange Green Bond Index,Exchange Green Bond,,,,116.65,0.06,0.05,2.85,2.87,128.0,,2020-02-26,中证交易所绿色债券指数
2020-02-26,931147,中证交易所高等级绿色债券指数,交易所高等级绿色债,CSI Exchange High Grade Green Bond Index,Exchange High Grade Green Bond,,,,116.53,0.06,0.05,2.85,2.87,120.0,,2020-02-26,中证交易所高等级绿色债券指数
2020-02-26,931145,中证绿色债券指数,中证绿色债,CSI Green Bond Index,CSI Green Bond,,,,115.54,0.06,0.05,2.85,2.87,295.0,,2020-02-26,中证绿色债券指数
2020-02-27,930951,中证交易所绿色债券指数,交易所绿色债,CSI Exchange Green Bond Index,Exchange Green Bond,,,,116.73,0.08,0.07,2.2,2.22,128.0,,2020-02-27,中证交易所绿色债券指数
2020-02-27,931147,中证交易所高等级绿色债券指数,交易所高等级绿色债,CSI Exchange High Grade Green Bond Index,Exchange High Grade Green Bond,,,,116.61,0.08,0.07,2.2,2.22,120.0,,2020-02-27,中证交易所高等级绿色债券指数
2020-02-27,931145,中证绿色债券指数,中证绿色债,CSI Green Bond Index,CSI Green Bond,,,,115.59,0.05,0.05,2.2,2.22,295.0,,2020-02-27,中证绿色债券指数
2020-02-28,930951,中证交易所绿色债券指数,交易所绿色债,CSI Exchange Green Bond Index,Exchange Green Bond,,,,116.81,0.09,0.07,5.3,5.4,128.0,,2020-02-28,中证交易所绿色债券指数
2020-02-28,931147,中证交易所高等级绿色债券指数,交易所高等级绿色债,CSI Exchange High Grade Green Bond Index,Exchange High Grade Green Bond,,,,116.7,0.09,0.07,5.3,5.4,120.0,,2020-02-28,中证交易所高等级绿色债券指数
2020-02-28,931145,中证绿色债券指数,中证绿色债,CSI Green Bond Index,CSI Green Bond,,,,115.66,0.06,0.06,5.3,5.4,295.0,,2020-02-28,中证绿色债券指数
2020-03-02,930951,中证交易所绿色债券指数,交易所绿色债,CSI Exchange Green Bond Index,Exchange Green Bond,,,,116.88,0.07,0.06,4.4,4.46,127.0,,2020-03-02,中证交易所绿色债券指数
2020-03-02,931147,中证交易所高等级绿色债券指数,交易所高等级绿色债,CSI Exchange High Grade Green Bond Index,Exchange High Grade Green Bond,,,,116.76,0.07,0.06,4.4,4.46,119.0,,2020-03-02,中证交易所高等级绿色债券指数
2020-03-02,931145,中证绿色债券指数,中证绿色债,CSI Green Bond Index,CSI Green Bond,,,,115.68,0.03,0.02,4.4,4.46,297.0,,2020-03-02,中证绿色债券指数
2020-03-03,930951,中证交易所绿色债券指数,交易所绿色债,CSI Exchange Green Bond Index,Exchange Green Bond,,,,116.9,0.02,0.02,2.19,2.19,127.0,,2020-03-03,中证交易所绿色债券指数
2020-03-03,931147,中证交易所高等级绿色债券指数,交易所高等级绿色债,CSI Exchange High Grade Green Bond Index,Exchange High Grade Green Bond,,,,116.78,0.02,0.02,2.19,2.19,119.0,,2020-03-03,中证交易所高等级绿色债券指数
2020-03-03,931145,中证绿色债券指数,中证绿色债,CSI Green Bond Index,CSI Green Bond,,,,115.71,0.02,0.02,2.19,2.19,297.0,,2020-03-03,中证绿色债券指数
2020-03-04,930951,中证交易所绿色债券指数,交易所绿色债,CSI Exchange Green Bond Index,Exchange Green Bond,,,,116.95,0.05,0.05,2.82,2.87,127.0,,2020-03-04,中证交易所绿色债券指数
2020-03-04,931147,中证交易所高等级绿色债券指数,交易所高等级绿色债,CSI Exchange High Grade Green Bond Index,Exchange High Grade Green Bond,,,,116.84,0.05,0.04,2.82,2.87,119.0,,2020-03-04,中证交易所高等级绿色债券指数
2020-03-04,931145,中证绿色债券指数,中证绿色债,CSI Green Bond Index,CSI Green Bond,,,,115.76,0.05,0.05,2.82,2.87,297.0,,2020-03-04,中证绿色债券指数
2020-03-05,930951,中证交易所绿色债券指数,交易所绿色债,CSI Exchange Green Bond Index,Exchange Green Bond,,,,117.01,0.06,0.05,2.21,2.31,127.0,,2020-03-05,中证交易所绿色债券指数
2020-03-05,931147,中证交易所高等级绿色债券指数,交易所高等级绿色债,CSI Exchange High Grade Green Bond Index,Exchange High Grade Green Bond,,,,116.89,0.06,0.05,2.21,2.31,119.0,,2020-03-05,中证交易所高等级绿色债券指数
2020-03-05,931145,中证绿色债券指数,中证绿色债,CSI Green Bond Index,CSI Green Bond,,,,115.83,0.07,0.06,2.21,2.31,297.0,,2020-03-05,中证绿色债券指数
2020-03-06,930951,中证交易所绿色债券指数,交易所绿色债,CSI Exchange Green Bond Index,Exchange Green Bond,,,,117.04,0.03,0.02,1.5,1.53,127.0,,2020-03-06,中证交易所绿色债券指数
2020-03-06,931147,中证交易所高等级绿色债券指数,交易所高等级绿色债,CSI Exchange High Grade Green Bond Index,Exchange High Grade Green Bond,,,,116.92,0.02,0.02,1.5,1.53,119.0,,2020-03-06,中证交易所高等级绿色债券指数
2020-03-06,931145,中证绿色债券指数,中证绿色债,CSI Green Bond Index,CSI Green Bond,,,,115.87,0.04,0.04,1.5,1.53,297.0,,2020-03-06,中证绿色债券指数
2020-03-09,930951,中证交易所绿色债券指数,交易所绿色债,CSI Exchange Green Bond Index,Exchange Green Bond,,,,117.31,0.27,0.23,1.85,1.9,127.0,,2020-03-09,中证交易所绿色债券指数
2020-03-09,931147,中证交易所高等级绿色债券指数,交易所高等级绿色债,CSI Exchange High Grade Green Bond Index,Exchange High Grade Green Bond,,,,117.19,0.27,0.23,1.85,1.9,119.0,,2020-03-09,中证交易所高等级绿色债券指数
2020-03-09,931145,中证绿色债券指数,中证绿色债,CSI Green Bond Index,CSI Green Bond,,,,116.05,0.18,0.15,1.85,1.9,297.0,,2020-03-09,中证绿色债券指数
2020-03-10,930951,中证交易所绿色债券指数,交易所绿色债,CSI Exchange Green Bond Index,Exchange Green Bond,,,,117.2,-0.11,-0.09,1.61,1.64,127.0,,2020-03-10,中证交易所绿色债券指数
2020-03-10,931147,中证交易所高等级绿色债券指数,交易所高等级绿色债,CSI Exchange High Grade Green Bond Index,Exchange High Grade Green Bond,,,,117.08,-0.11,-0.09,1.61,1.64,119.0,,2020-03-10,中证交易所高等级绿色债券指数
2020-03-10,931145,中证绿色债券指数,中证绿色债,CSI Green Bond Index,CSI Green Bond,,,,116.0,-0.05,-0.04,1.61,1.64,297.0,,2020-03-10,中证绿色债券指数
2020-03-11,930951,中证交易所绿色债券指数,交易所绿色债,CSI Exchange Green Bond Index,Exchange Green Bond,,,,117.2,0.0,0.0,5.7,5.81,127.0,,2020-03-11,中证交易所绿色债券指数
2020-03-11,931147,中证交易所高等级绿色债券指数,交易所高等级绿色债,CSI Exchange High Grade Green Bond Index,Exchange High Grade Green Bond,,,,117.08,0.0,0.0,5.7,5.81,119.0,,2020-03-11,中证交易所高等级绿色债券指数
2020-03-11,931145,中证绿色债券指数,中证绿色债,CSI Green Bond Index,CSI Green Bond,,,,116.0,0.0,0.0,5.7,5.81,297.0,,2020-03-11,中证绿色债券指数
2020-03-12,930951,中证交易所绿色债券指数,交易所绿色债,CSI Exchange Green Bond Index,Exchange Green Bond,,,,117.13,-0.07,-0.06,2.4,2.44,127.0,,2020-03-12,中证交易所绿色债券指数
2020-03-12,931147,中证交易所高等级绿色债券指数,交易所高等级绿色债,CSI Exchange High Grade Green Bond Index,Exchange High Grade Green Bond,,,,117.01,-0.07,-0.06,2.4,2.44,119.0,,2020-03-12,中证交易所高等级绿色债券指数
2020-03-12,931145,中证绿色债券指数,中证绿色债,CSI Green Bond Index,CSI Green Bond,,,,115.98,-0.02,-0.01,2.4,2.44,297.0,,2020-03-12,中证绿色债券指数
2020-03-13,930951,中证交易所绿色债券指数,交易所绿色债,CSI Exchange Green Bond Index,Exchange Green Bond,,,,117.11,-0.02,-0.02,1.7,1.73,127.0,,2020-03-13,中证交易所绿色债券指数
2020-03-13,931147,中证交易所高等级绿色债券指数,交易所高等级绿色债,CSI Exchange High Grade Green Bond Index,Exchange High Grade Green Bond,,,,116.99,-0.02,-0.02,1.7,1.73,119.0,,2020-03-13,中证交易所高等级绿色债券指数
2020-03-13,931145,中证绿色债券指数,中证绿色债,CSI Green Bond Index,CSI Green Bond,,,,115.98,-0.01,-0.01,1.7,1.73,297.0,,2020-03-13,中证绿色债券指数
2020-03-16,930951,中证交易所绿色债券指数,交易所绿色债,CSI Exchange Green Bond Index,Exchange Green Bond,,,,117.02,-0.1,-0.08,1.74,1.77,127.0,,2020-03-16,中证交易所绿色债券指数
2020-03-16,931147,中证交易所高等级绿色债券指数,交易所高等级绿色债,CSI Exchange High Grade Green Bond Index,Exchange High Grade Green Bond,,,,116.89,-0.1,-0.08,1.74,1.77,119.0,,2020-03-16,中证交易所高等级绿色债券指数
2020-03-16,931145,中证绿色债券指数,中证绿色债,CSI Green Bond Index,CSI Green Bond,,,,115.95,-0.02,-0.02,1.74,1.77,297.0,,2020-03-16,中证绿色债券指数
2020-03-17,930951,中证交易所绿色债券指数,交易所绿色债,CSI Exchange Green Bond Index,Exchange Green Bond,,,,116.93,-0.09,-0.07,5.7,5.79,127.0,,2020-03-17,中证交易所绿色债券指数
2020-03-17,931147,中证交易所高等级绿色债券指数,交易所高等级绿色债,CSI Exchange High Grade Green Bond Index,Exchange High Grade Green Bond,,,,116.81,-0.09,-0.07,5.7,5.79,119.0,,2020-03-17,中证交易所高等级绿色债券指数
2020-03-17,931145,中证绿色债券指数,中证绿色债,CSI Green Bond Index,CSI Green Bond,,,,115.92,-0.03,-0.03,5.7,5.79,297.0,,2020-03-17,中证绿色债券指数
2020-03-18,930951,中证交易所绿色债券指数,交易所绿色债,CSI Exchange Green Bond Index,Exchange Green Bond,,,,116.84,-0.09,-0.07,2.5,2.52,127.0,,2020-03-18,中证交易所绿色债券指数
2020-03-18,931147,中证交易所高等级绿色债券指数,交易所高等级绿色债,CSI Exchange High Grade Green Bond Index,Exchange High Grade Green Bond,,,,116.72,-0.08,-0.07,2.5,2.52,119.0,,2020-03-18,中证交易所高等级绿色债券指数
2020-03-18,931145,中证绿色债券指数,中证绿色债,CSI Green Bond Index,CSI Green Bond,,,,115.9,-0.03,-0.02,2.5,2.52,297.0,,2020-03-18,中证绿色债券指数
2020-03-19,930951,中证交易所绿色债券指数,交易所绿色债,CSI Exchange Green Bond Index,Exchange Green Bond,,,,116.83,-0.01,-0.01,5.22,5.28,127.0,,2020-03-19,中证交易所绿色债券指数
2020-03-19,931147,中证交易所高等级绿色债券指数,交易所高等级绿色债,CSI Exchange High Grade Green Bond Index,Exchange High Grade Green Bond,,,,116.71,-0.02,-0.01,5.22,5.28,119.0,,2020-03-19,中证交易所高等级绿色债券指数
2020-03-19,931145,中证绿色债券指数,中证绿色债,CSI Green Bond Index,CSI Green Bond,,,,115.9,0.0,0.0,5.22,5.28,297.0,,2020-03-19,中证绿色债券指数
2020-03-20,930951,中证交易所绿色债券指数,交易所绿色债,CSI Exchange Green Bond Index,Exchange Green Bond,,,,116.87,0.04,0.03,0.7,0.71,127.0,,2020-03-20,中证交易所绿色债券指数
2020-03-20,931147,中证交易所高等级绿色债券指数,交易所高等级绿色债,CSI Exchange High Grade Green Bond Index,Exchange High Grade Green Bond,,,,116.74,0.04,0.03,0.7,0.71,119.0,,2020-03-20,中证交易所高等级绿色债券指数
2020-03-20,931145,中证绿色债券指数,中证绿色债,CSI Green Bond Index,CSI Green Bond,,,,115.93,0.03,0.03,0.7,0.71,297.0,,2020-03-20,中证绿色债券指数
2020-03-23,930951,中证交易所绿色债券指数,交易所绿色债,CSI Exchange Green Bond Index,Exchange Green Bond,,,,117.01,0.15,0.13,3.9,3.96,127.0,,2020-03-23,中证交易所绿色债券指数
2020-03-23,931147,中证交易所高等级绿色债券指数,交易所高等级绿色债,CSI Exchange High Grade Green Bond Index,Exchange High Grade Green Bond,,,,116.89,0.14,0.12,3.9,3.96,119.0,,2020-03-23,中证交易所高等级绿色债券指数
2020-03-23,931145,中证绿色债券指数,中证绿色债,CSI Green Bond Index,CSI Green Bond,,,,116.04,0.11,0.09,3.9,3.96,297.0,,2020-03-23,中证绿色债券指数
2020-03-24,930951,中证交易所绿色债券指数,交易所绿色债,CSI Exchange Green Bond Index,Exchange Green Bond,,,,117.15,0.14,0.12,3.89,3.97,127.0,,2020-03-24,中证交易所绿色债券指数
2020-03-24,931147,中证交易所高等级绿色债券指数,交易所高等级绿色债,CSI Exchange High Grade Green Bond Index,Exchange High Grade Green Bond,,,,117.03,0.14,0.12,3.89,3.97,119.0,,2020-03-24,中证交易所高等级绿色债券指数
2020-03-24,931145,中证绿色债券指数,中证绿色债,CSI Green Bond Index,CSI Green Bond,,,,116.13,0.09,0.07,3.89,3.97,297.0,,2020-03-24,中证绿色债券指数
2020-03-25,930951,中证交易所绿色债券指数,交易所绿色债,CSI Exchange Green Bond Index,Exchange Green Bond,,,,117.1,-0.05,-0.05,4.34,4.42,127.0,,2020-03-25,中证交易所绿色债券指数
2020-03-25,931147,中证交易所高等级绿色债券指数,交易所高等级绿色债,CSI Exchange High Grade Green Bond Index,Exchange High Grade Green Bond,,,,116.98,-0.05,-0.04,4.34,4.42,119.0,,2020-03-25,中证交易所高等级绿色债券指数
2020-03-25,931145,中证绿色债券指数,中证绿色债,CSI Green Bond Index,CSI Green Bond,,,,116.12,0.0,0.0,4.34,4.42,297.0,,2020-03-25,中证绿色债券指数
2020-03-26,930951,中证交易所绿色债券指数,交易所绿色债,CSI Exchange Green Bond Index,Exchange Green Bond,,,,117.16,0.06,0.05,3.55,3.63,127.0,,2020-03-26,中证交易所绿色债券指数
2020-03-26,931147,中证交易所高等级绿色债券指数,交易所高等级绿色债,CSI Exchange High Grade Green Bond Index,Exchange High Grade Green Bond,,,,117.04,0.06,0.05,3.55,3.63,119.0,,2020-03-26,中证交易所高等级绿色债券指数
2020-03-26,931145,中证绿色债券指数,中证绿色债,CSI Green Bond Index,CSI Green Bond,,,,116.15,0.03,0.03,3.55,3.63,297.0,,2020-03-26,中证绿色债券指数
2020-03-27,930951,中证交易所绿色债券指数,交易所绿色债,CSI Exchange Green Bond Index,Exchange Green Bond,,,,117.25,0.09,0.08,4.4,4.53,127.0,,2020-03-27,中证交易所绿色债券指数
2020-03-27,931147,中证交易所高等级绿色债券指数,交易所高等级绿色债,CSI Exchange High Grade Green Bond Index,Exchange High Grade Green Bond,,,,117.13,0.09,0.08,4.4,4.53,119.0,,2020-03-27,中证交易所高等级绿色债券指数
2020-03-27,931145,中证绿色债券指数,中证绿色债,CSI Green Bond Index,CSI Green Bond,,,,116.21,0.06,0.05,4.4,4.53,297.0,,2020-03-27,中证绿色债券指数
2020-03-30,930951,中证交易所绿色债券指数,交易所绿色债,CSI Exchange Green Bond Index,Exchange Green Bond,,,,117.23,-0.02,-0.01,5.9,6.06,127.0,,2020-03-30,中证交易所绿色债券指数
2020-03-30,931147,中证交易所高等级绿色债券指数,交易所高等级绿色债,CSI Exchange High Grade Green Bond Index,Exchange High Grade Green Bond,,,,117.12,-0.02,-0.01,5.9,6.06,119.0,,2020-03-30,中证交易所高等级绿色债券指数
2020-03-30,931145,中证绿色债券指数,中证绿色债,CSI Green Bond Index,CSI Green Bond,,,,116.22,0.02,0.01,5.9,6.06,297.0,,2020-03-30,中证绿色债券指数
2020-03-31,930951,中证交易所绿色债券指数,交易所绿色债,CSI Exchange Green Bond Index,Exchange Green Bond,,,,117.28,0.05,0.04,2.4,2.46,127.0,,2020-03-31,中证交易所绿色债券指数
2020-03-31,931147,中证交易所高等级绿色债券指数,交易所高等级绿色债,CSI Exchange High Grade Green Bond Index,Exchange High Grade Green Bond,,,,117.16,0.04,0.04,2.4,2.46,119.0,,2020-03-31,中证交易所高等级绿色债券指数
2020-03-31,931145,中证绿色债券指数,中证绿色债,CSI Green Bond Index,CSI Green Bond,,,,116.26,0.03,0.03,2.4,2.46,297.0,,2020-03-31,中证绿色债券指数
2020-04-01,930951,中证交易所绿色债券指数,交易所绿色债,CSI Exchange Green Bond Index,Exchange Green Bond,,,,117.35,0.07,0.06,1.93,1.95,133.0,,2020-04-01,中证交易所绿色债券指数
2020-04-01,931147,中证交易所高等级绿色债券指数,交易所高等级绿色债,CSI Exchange High Grade Green Bond Index,Exchange High Grade Green Bond,,,,117.23,0.07,0.06,1.93,1.95,125.0,,2020-04-01,中证交易所高等级绿色债券指数
2020-04-01,931145,中证绿色债券指数,中证绿色债,CSI Green Bond Index,CSI Green Bond,,,,116.32,0.06,0.05,1.93,1.95,311.0,,2020-04-01,中证绿色债券指数
2020-04-02,930951,中证交易所绿色债券指数,交易所绿色债,CSI Exchange Green Bond Index,Exchange Green Bond,,,,117.45,0.1,0.08,7.61,7.73,133.0,,2020-04-02,中证交易所绿色债券指数
2020-04-02,931147,中证交易所高等级绿色债券指数,交易所高等级绿色债,CSI Exchange High Grade Green Bond Index,Exchange High Grade Green Bond,,,,117.33,0.1,0.08,7.61,7.73,125.0,,2020-04-02,中证交易所高等级绿色债券指数
2020-04-02,931145,中证绿色债券指数,中证绿色债,CSI Green Bond Index,CSI Green Bond,,,,116.38,0.06,0.05,7.61,7.73,311.0,,2020-04-02,中证绿色债券指数
2020-04-03,930951,中证交易所绿色债券指数,交易所绿色债,CSI Exchange Green Bond Index,Exchange Green Bond,,,,117.48,0.03,0.03,3.46,3.57,133.0,,2020-04-03,中证交易所绿色债券指数
2020-04-03,931147,中证交易所高等级绿色债券指数,交易所高等级绿色债,CSI Exchange High Grade Green Bond Index,Exchange High Grade Green Bond,,,,117.36,0.03,0.03,3.46,3.57,125.0,,2020-04-03,中证交易所高等级绿色债券指数
2020-04-03,931145,中证绿色债券指数,中证绿色债,CSI Green Bond Index,CSI Green Bond,,,,116.41,0.03,0.02,3.46,3.57,311.0,,2020-04-03,中证绿色债券指数
2020-04-07,930951,中证交易所绿色债券指数,交易所绿色债,CSI Exchange Green Bond Index,Exchange Green Bond,,,,117.99,0.51,0.44,1.8,1.84,133.0,,2020-04-07,中证交易所绿色债券指数
2020-04-07,931147,中证交易所高等级绿色债券指数,交易所高等级绿色债,CSI Exchange High Grade Green Bond Index,Exchange High Grade Green Bond,,,,117.86,0.51,0.43,1.8,1.84,125.0,,2020-04-07,中证交易所高等级绿色债券指数
2020-04-07,931145,中证绿色债券指数,中证绿色债,CSI Green Bond Index,CSI Green Bond,,,,116.85,0.44,0.38,1.8,1.84,311.0,,2020-04-07,中证绿色债券指数
2020-04-08,930951,中证交易所绿色债券指数,交易所绿色债,CSI Exchange Green Bond Index,Exchange Green Bond,,,,117.99,0.01,0.01,3.03,3.09,133.0,,2020-04-08,中证交易所绿色债券指数
2020-04-08,931147,中证交易所高等级绿色债券指数,交易所高等级绿色债,CSI Exchange High Grade Green Bond Index,Exchange High Grade Green Bond,,,,117.87,0.01,0.0,3.03,3.09,125.0,,2020-04-08,中证交易所高等级绿色债券指数
2020-04-08,931145,中证绿色债券指数,中证绿色债,CSI Green Bond Index,CSI Green Bond,,,,116.93,0.08,0.07,3.03,3.09,311.0,,2020-04-08,中证绿色债券指数
2020-04-09,930951,中证交易所绿色债券指数,交易所绿色债,CSI Exchange Green Bond Index,Exchange Green Bond,,,,118.09,0.09,0.08,2.91,2.99,133.0,,2020-04-09,中证交易所绿色债券指数
2020-04-09,931147,中证交易所高等级绿色债券指数,交易所高等级绿色债,CSI Exchange High Grade Green Bond Index,Exchange High Grade Green Bond,,,,117.97,0.1,0.08,2.91,2.99,125.0,,2020-04-09,中证交易所高等级绿色债券指数
2020-04-09,931145,中证绿色债券指数,中证绿色债,CSI Green Bond Index,CSI Green Bond,,,,116.99,0.07,0.06,3.53,3.61,311.0,,2020-04-09,中证绿色债券指数
2020-04-10,930951,中证交易所绿色债券指数,交易所绿色债,CSI Exchange Green Bond Index,Exchange Green Bond,,,,118.18,0.09,0.08,1.93,2.01,133.0,,2020-04-10,中证交易所绿色债券指数
2020-04-10,931147,中证交易所高等级绿色债券指数,交易所高等级绿色债,CSI Exchange High Grade Green Bond Index,Exchange High Grade Green Bond,,,,118.07,0.1,0.08,1.93,2.01,125.0,,2020-04-10,中证交易所高等级绿色债券指数
2020-04-10,931145,中证绿色债券指数,中证绿色债,CSI Green Bond Index,CSI Green Bond,,,,117.03,0.03,0.03,2.43,2.51,311.0,,2020-04-10,中证绿色债券指数
2020-04-13,930951,中证交易所绿色债券指数,交易所绿色债,CSI Exchange Green Bond Index,Exchange Green Bond,,,,118.19,0.02,0.01,0.96,0.99,133.0,,2020-04-13,中证交易所绿色债券指数
2020-04-13,931147,中证交易所高等级绿色债券指数,交易所高等级绿色债,CSI Exchange High Grade Green Bond Index,Exchange High Grade Green Bond,,,,118.08,0.02,0.02,0.96,0.99,125.0,,2020-04-13,中证交易所高等级绿色债券指数
2020-04-13,931145,中证绿色债券指数,中证绿色债,CSI Green Bond Index,CSI Green Bond,,,,117.06,0.03,0.02,1.34,1.37,311.0,,2020-04-13,中证绿色债券指数
2020-04-14,930951,中证交易所绿色债券指数,交易所绿色债,CSI Exchange Green Bond Index,Exchange Green Bond,,,,118.18,-0.01,-0.01,0.33,0.33,133.0,,2020-04-14,中证交易所绿色债券指数
2020-04-14,931147,中证交易所高等级绿色债券指数,交易所高等级绿色债,CSI Exchange High Grade Green Bond Index,Exchange High Grade Green Bond,,,,118.08,-0.01,-0.01,0.33,0.33,125.0,,2020-04-14,中证交易所高等级绿色债券指数
2020-04-14,931145,中证绿色债券指数,中证绿色债,CSI Green Bond Index,CSI Green Bond,,,,117.08,0.02,0.02,0.33,0.33,311.0,,2020-04-14,中证绿色债券指数
2020-04-15,930951,中证交易所绿色债券指数,交易所绿色债,CSI Exchange Green Bond Index,Exchange Green Bond,,,,118.31,0.13,0.11,2.46,2.51,133.0,,2020-04-15,中证交易所绿色债券指数
2020-04-15,931147,中证交易所高等级绿色债券指数,交易所高等级绿色债,CSI Exchange High Grade Green Bond Index,Exchange High Grade Green Bond,,,,118.21,0.14,0.12,2.46,2.51,125.0,,2020-04-15,中证交易所高等级绿色债券指数
2020-04-15,931145,中证绿色债券指数,中证绿色债,CSI Green Bond Index,CSI Green Bond,,,,117.15,0.08,0.06,2.46,2.51,311.0,,2020-04-15,中证绿色债券指数
2020-04-16,930951,中证交易所绿色债券指数,交易所绿色债,CSI Exchange Green Bond Index,Exchange Green Bond,,,,118.38,0.06,0.05,3.68,3.78,133.0,,2020-04-16,中证交易所绿色债券指数
2020-04-16,931147,中证交易所高等级绿色债券指数,交易所高等级绿色债,CSI Exchange High Grade Green Bond Index,Exchange High Grade Green Bond,,,,118.28,0.07,0.06,3.68,3.78,125.0,,2020-04-16,中证交易所高等级绿色债券指数
2020-04-16,931145,中证绿色债券指数,中证绿色债,CSI Green Bond Index,CSI Green Bond,,,,117.21,0.06,0.05,3.68,3.78,311.0,,2020-04-16,中证绿色债券指数
2020-04-17,930951,中证交易所绿色债券指数,交易所绿色债,CSI Exchange Green Bond Index,Exchange Green Bond,,,,118.44,0.06,0.05,0.11,0.11,133.0,,2020-04-17,中证交易所绿色债券指数
2020-04-17,931147,中证交易所高等级绿色债券指数,交易所高等级绿色债,CSI Exchange High Grade Green Bond Index,Exchange High Grade Green Bond,,,,118.34,0.06,0.05,0.11,0.11,125.0,,2020-04-17,中证交易所高等级绿色债券指数
2020-04-17,931145,中证绿色债券指数,中证绿色债,CSI Green Bond Index,CSI Green Bond,,,,117.26,0.05,0.04,0.11,0.11,311.0,,2020-04-17,中证绿色债券指数
2020-04-20,930951,中证交易所绿色债券指数,交易所绿色债,CSI Exchange Green Bond Index,Exchange Green Bond,,,,118.47,0.04,0.03,3.0,3.13,133.0,,2020-04-20,中证交易所绿色债券指数
2020-04-20,931147,中证交易所高等级绿色债券指数,交易所高等级绿色债,CSI Exchange High Grade Green Bond Index,Exchange High Grade Green Bond,,,,118.37,0.04,0.03,3.0,3.13,125.0,,2020-04-20,中证交易所高等级绿色债券指数
2020-04-20,931145,中证绿色债券指数,中证绿色债,CSI Green Bond Index,CSI Green Bond,,,,117.31,0.05,0.04,3.0,3.13,311.0,,2020-04-20,中证绿色债券指数
2020-04-21,930951,中证交易所绿色债券指数,交易所绿色债,CSI Exchange Green Bond Index,Exchange Green Bond,,,,118.49,0.01,0.01,0.5,0.52,133.0,,2020-04-21,中证交易所绿色债券指数
2020-04-21,931147,中证交易所高等级绿色债券指数,交易所高等级绿色债,CSI Exchange High Grade Green Bond Index,Exchange High Grade Green Bond,,,,118.39,0.02,0.01,0.5,0.52,125.0,,2020-04-21,中证交易所高等级绿色债券指数
2020-04-21,931145,中证绿色债券指数,中证绿色债,CSI Green Bond Index,CSI Green Bond,,,,117.34,0.03,0.02,0.5,0.52,311.0,,2020-04-21,中证绿色债券指数
2020-04-22,930951,中证交易所绿色债券指数,交易所绿色债,CSI Exchange Green Bond Index,Exchange Green Bond,,,,118.54,0.06,0.05,1.62,1.69,133.0,,2020-04-22,中证交易所绿色债券指数
2020-04-22,931147,中证交易所高等级绿色债券指数,交易所高等级绿色债,CSI Exchange High Grade Green Bond Index,Exchange High Grade Green Bond,,,,118.44,0.05,0.05,1.62,1.69,125.0,,2020-04-22,中证交易所高等级绿色债券指数
2020-04-22,931145,中证绿色债券指数,中证绿色债,CSI Green Bond Index,CSI Green Bond,,,,117.39,0.05,0.04,1.62,1.69,311.0,,2020-04-22,中证绿色债券指数
2020-04-23,930951,中证交易所绿色债券指数,交易所绿色债,CSI Exchange Green Bond Index,Exchange Green Bond,,,,118.6,0.05,0.05,1.81,1.86,133.0,,2020-04-23,中证交易所绿色债券指数
2020-04-23,931147,中证交易所高等级绿色债券指数,交易所高等级绿色债,CSI Exchange High Grade Green Bond Index,Exchange High Grade Green Bond,,,,118.5,0.06,0.05,1.81,1.86,125.0,,2020-04-23,中证交易所高等级绿色债券指数
2020-04-23,931145,中证绿色债券指数,中证绿色债,CSI Green Bond Index,CSI Green Bond,,,,117.43,0.05,0.04,1.81,1.86,311.0,,2020-04-23,中证绿色债券指数
2020-04-24,930951,中证交易所绿色债券指数,交易所绿色债,CSI Exchange Green Bond Index,Exchange Green Bond,,,,118.69,0.09,0.08,2.11,2.19,133.0,,2020-04-24,中证交易所绿色债券指数
2020-04-24,931147,中证交易所高等级绿色债券指数,交易所高等级绿色债,CSI Exchange High Grade Green Bond Index,Exchange High Grade Green Bond,,,,118.59,0.09,0.08,2.11,2.19,125.0,,2020-04-24,中证交易所高等级绿色债券指数
2020-04-24,931145,中证绿色债券指数,中证绿色债,CSI Green Bond Index,CSI Green Bond,,,,117.5,0.07,0.06,2.11,2.19,311.0,,2020-04-24,中证绿色债券指数
2020-04-27,930951,中证交易所绿色债券指数,交易所绿色债,CSI Exchange Green Bond Index,Exchange Green Bond,,,,118.72,0.03,0.02,4.9,5.07,133.0,,2020-04-27,中证交易所绿色债券指数
2020-04-27,931147,中证交易所高等级绿色债券指数,交易所高等级绿色债,CSI Exchange High Grade Green Bond Index,Exchange High Grade Green Bond,,,,118.61,0.03,0.02,4.9,5.07,125.0,,2020-04-27,中证交易所高等级绿色债券指数
2020-04-27,931145,中证绿色债券指数,中证绿色债,CSI Green Bond Index,CSI Green Bond,,,,117.54,0.04,0.03,4.9,5.07,311.0,,2020-04-27,中证绿色债券指数
2020-04-28,930951,中证交易所绿色债券指数,交易所绿色债,CSI Exchange Green Bond Index,Exchange Green Bond,,,,118.73,0.02,0.01,10.66,10.93,133.0,,2020-04-28,中证交易所绿色债券指数
2020-04-28,931147,中证交易所高等级绿色债券指数,交易所高等级绿色债,CSI Exchange High Grade Green Bond Index,Exchange High Grade Green Bond,,,,118.63,0.02,0.01,10.66,10.93,125.0,,2020-04-28,中证交易所高等级绿色债券指数
2020-04-28,931145,中证绿色债券指数,中证绿色债,CSI Green Bond Index,CSI Green Bond,,,,117.54,0.01,0.0,10.66,10.93,311.0,,2020-04-28,中证绿色债券指数
2020-04-29,930951,中证交易所绿色债券指数,交易所绿色债,CSI Exchange Green Bond Index,Exchange Green Bond,,,,118.76,0.03,0.02,1.54,1.57,133.0,,2020-04-29,中证交易所绿色债券指数
2020-04-29,931147,中证交易所高等级绿色债券指数,交易所高等级绿色债,CSI Exchange High Grade Green Bond Index,Exchange High Grade Green Bond,,,,118.66,0.03,0.02,1.44,1.47,125.0,,2020-04-29,中证交易所高等级绿色债券指数
2020-04-29,931145,中证绿色债券指数,中证绿色债,CSI Green Bond Index,CSI Green Bond,,,,117.57,0.02,0.02,1.54,1.57,311.0,,2020-04-29,中证绿色债券指数
2020-04-30,930951,中证交易所绿色债券指数,交易所绿色债,CSI Exchange Green Bond Index,Exchange Green Bond,,,,118.77,0.01,0.01,1.1,1.13,133.0,,2020-04-30,中证交易所绿色债券指数
2020-04-30,931147,中证交易所高等级绿色债券指数,交易所高等级绿色债,CSI Exchange High Grade Green Bond Index,Exchange High Grade Green Bond,,,,118.67,0.02,0.02,1.1,1.13,125.0,,2020-04-30,中证交易所高等级绿色债券指数
2020-04-30,931145,中证绿色债券指数,中证绿色债,CSI Green Bond Index,CSI Green Bond,,,,117.59,0.03,0.02,1.1,1.13,311.0,,2020-04-30,中证绿色债券指数
2020-05-06,930951,中证交易所绿色债券指数,交易所绿色债,CSI Exchange Green Bond Index,Exchange Green Bond,,,,118.85,0.08,0.07,1.56,1.63,144.0,,2020-05-06,中证交易所绿色债券指数
2020-05-06,931147,中证交易所高等级绿色债券指数,交易所高等级绿色债,CSI Exchange High Grade Green Bond Index,Exchange High Grade Green Bond,,,,118.75,0.08,0.06,1.56,1.63,136.0,,2020-05-06,中证交易所高等级绿色债券指数
2020-05-06,931145,中证绿色债券指数,中证绿色债,CSI Green Bond Index,CSI Green Bond,,,,117.63,0.04,0.03,1.56,1.63,323.0,,2020-05-06,中证绿色债券指数
2020-05-07,930951,中证交易所绿色债券指数,交易所绿色债,CSI Exchange Green Bond Index,Exchange Green Bond,,,,118.76,-0.08,-0.07,3.85,3.98,144.0,,2020-05-07,中证交易所绿色债券指数
2020-05-07,931147,中证交易所高等级绿色债券指数,交易所高等级绿色债,CSI Exchange High Grade Green Bond Index,Exchange High Grade Green Bond,,,,118.67,-0.08,-0.07,3.85,3.98,136.0,,2020-05-07,中证交易所高等级绿色债券指数
2020-05-07,931145,中证绿色债券指数,中证绿色债,CSI Green Bond Index,CSI Green Bond,,,,117.6,-0.03,-0.03,3.85,3.98,323.0,,2020-05-07,中证绿色债券指数
2020-05-08,930951,中证交易所绿色债券指数,交易所绿色债,CSI Exchange Green Bond Index,Exchange Green Bond,,,,118.68,-0.09,-0.07,4.5,4.56,144.0,,2020-05-08,中证交易所绿色债券指数
2020-05-08,931147,中证交易所高等级绿色债券指数,交易所高等级绿色债,CSI Exchange High Grade Green Bond Index,Exchange High Grade Green Bond,,,,118.58,-0.08,-0.07,4.5,4.56,136.0,,2020-05-08,中证交易所高等级绿色债券指数
2020-05-08,931145,中证绿色债券指数,中证绿色债,CSI Green Bond Index,CSI Green Bond,,,,117.54,-0.05,-0.05,4.5,4.56,323.0,,2020-05-08,中证绿色债券指数
2020-05-11,930951,中证交易所绿色债券指数,交易所绿色债,CSI Exchange Green Bond Index,Exchange Green Bond,,,,118.64,-0.03,-0.03,3.26,3.4,144.0,,2020-05-11,中证交易所绿色债券指数
2020-05-11,931147,中证交易所高等级绿色债券指数,交易所高等级绿色债,CSI Exchange High Grade Green Bond Index,Exchange High Grade Green Bond,,,,118.54,-0.04,-0.03,3.26,3.4,136.0,,2020-05-11,中证交易所高等级绿色债券指数
2020-05-11,931145,中证绿色债券指数,中证绿色债,CSI Green Bond Index,CSI Green Bond,,,,117.5,-0.05,-0.04,3.26,3.4,323.0,,2020-05-11,中证绿色债券指数
2020-05-12,930951,中证交易所绿色债券指数,交易所绿色债,CSI Exchange Green Bond Index,Exchange Green Bond,,,,118.52,-0.12,-0.1,6.71,6.83,144.0,,2020-05-12,中证交易所绿色债券指数
2020-05-12,931147,中证交易所高等级绿色债券指数,交易所高等级绿色债,CSI Exchange High Grade Green Bond Index,Exchange High Grade Green Bond,,,,118.43,-0.12,-0.1,6.41,6.53,136.0,,2020-05-12,中证交易所高等级绿色债券指数
2020-05-12,931145,中证绿色债券指数,中证绿色债,CSI Green Bond Index,CSI Green Bond,,,,117.43,-0.06,-0.05,6.71,6.83,323.0,,2020-05-12,中证绿色债券指数
2020-05-13,930951,中证交易所绿色债券指数,交易所绿色债,CSI Exchange Green Bond Index,Exchange Green Bond,,,,118.47,-0.05,-0.04,1.82,1.85,144.0,,2020-05-13,中证交易所绿色债券指数
2020-05-13,931147,中证交易所高等级绿色债券指数,交易所高等级绿色债,CSI Exchange High Grade Green Bond Index,Exchange High Grade Green Bond,,,,118.38,-0.05,-0.04,1.52,1.55,136.0,,2020-05-13,中证交易所高等级绿色债券指数
2020-05-13,931145,中证绿色债券指数,中证绿色债,CSI Green Bond Index,CSI Green Bond,,,,117.4,-0.03,-0.03,1.82,1.85,323.0,,2020-05-13,中证绿色债券指数
2020-05-14,930951,中证交易所绿色债券指数,交易所绿色债,CSI Exchange Green Bond Index,Exchange Green Bond,,,,118.46,-0.01,-0.01,3.62,3.73,144.0,,2020-05-14,中证交易所绿色债券指数
2020-05-14,931147,中证交易所高等级绿色债券指数,交易所高等级绿色债,CSI Exchange High Grade Green Bond Index,Exchange High Grade Green Bond,,,,118.37,-0.01,-0.01,2.72,2.8,136.0,,2020-05-14,中证交易所高等级绿色债券指数
2020-05-14,931145,中证绿色债券指数,中证绿色债,CSI Green Bond Index,CSI Green Bond,,,,117.4,0.0,0.0,3.62,3.73,323.0,,2020-05-14,中证绿色债券指数
2020-05-15,930951,中证交易所绿色债券指数,交易所绿色债,CSI Exchange Green Bond Index,Exchange Green Bond,,,,118.45,-0.01,-0.01,4.8,4.94,144.0,,2020-05-15,中证交易所绿色债券指数
2020-05-15,931147,中证交易所高等级绿色债券指数,交易所高等级绿色债,CSI Exchange High Grade Green Bond Index,Exchange High Grade Green Bond,,,,118.35,-0.01,-0.01,4.5,4.64,136.0,,2020-05-15,中证交易所高等级绿色债券指数
2020-05-15,931145,中证绿色债券指数,中证绿色债,CSI Green Bond Index,CSI Green Bond,,,,117.41,0.01,0.01,4.8,4.94,323.0,,2020-05-15,中证绿色债券指数
2020-05-18,930951,中证交易所绿色债券指数,交易所绿色债,CSI Exchange Green Bond Index,Exchange Green Bond,,,,118.55,0.1,0.09,6.47,6.64,144.0,,2020-05-18,中证交易所绿色债券指数
2020-05-18,931147,中证交易所高等级绿色债券指数,交易所高等级绿色债,CSI Exchange High Grade Green Bond Index,Exchange High Grade Green Bond,,,,118.46,0.11,0.09,6.27,6.44,136.0,,2020-05-18,中证交易所高等级绿色债券指数
2020-05-18,931145,中证绿色债券指数,中证绿色债,CSI Green Bond Index,CSI Green Bond,,,,117.45,0.04,0.04,6.47,6.64,323.0,,2020-05-18,中证绿色债券指数
2020-05-19,930951,中证交易所绿色债券指数,交易所绿色债,CSI Exchange Green Bond Index,Exchange Green Bond,,,,118.51,-0.05,-0.04,4.42,4.55,144.0,,2020-05-19,中证交易所绿色债券指数
2020-05-19,931147,中证交易所高等级绿色债券指数,交易所高等级绿色债,CSI Exchange High Grade Green Bond Index,Exchange High Grade Green Bond,,,,118.41,-0.05,-0.04,4.32,4.45,136.0,,2020-05-19,中证交易所高等级绿色债券指数
2020-05-19,931145,中证绿色债券指数,中证绿色债,CSI Green Bond Index,CSI Green Bond,,,,117.43,-0.02,-0.02,4.42,4.55,323.0,,2020-05-19,中证绿色债券指数
2020-05-20,930951,中证交易所绿色债券指数,交易所绿色债,CSI Exchange Green Bond Index,Exchange Green Bond,,,,118.51,0.0,0.0,4.82,4.9,144.0,,2020-05-20,中证交易所绿色债券指数
2020-05-20,931147,中证交易所高等级绿色债券指数,交易所高等级绿色债,CSI Exchange High Grade Green Bond Index,Exchange High Grade Green Bond,,,,118.41,0.0,0.0,4.62,4.7,136.0,,2020-05-20,中证交易所高等级绿色债券指数
2020-05-20,931145,中证绿色债券指数,中证绿色债,CSI Green Bond Index,CSI Green Bond,,,,117.43,0.0,0.0,4.82,4.9,323.0,,2020-05-20,中证绿色债券指数
2020-05-21,930951,中证交易所绿色债券指数,交易所绿色债,CSI Exchange Green Bond Index,Exchange Green Bond,,,,118.52,0.01,0.01,3.0,3.05,144.0,,2020-05-21,中证交易所绿色债券指数
2020-05-21,931147,中证交易所高等级绿色债券指数,交易所高等级绿色债,CSI Exchange High Grade Green Bond Index,Exchange High Grade Green Bond,,,,118.43,0.02,0.01,2.9,2.95,136.0,,2020-05-21,中证交易所高等级绿色债券指数
2020-05-21,931145,中证绿色债券指数,中证绿色债,CSI Green Bond Index,CSI Green Bond,,,,117.44,0.01,0.01,3.0,3.05,323.0,,2020-05-21,中证绿色债券指数
2020-05-22,930951,中证交易所绿色债券指数,交易所绿色债,CSI Exchange Green Bond Index,Exchange Green Bond,,,,118.59,0.06,0.05,0.41,0.42,144.0,,2020-05-22,中证交易所绿色债券指数
2020-05-22,931147,中证交易所高等级绿色债券指数,交易所高等级绿色债,CSI Exchange High Grade Green Bond Index,Exchange High Grade Green Bond,,,,118.49,0.06,0.05,0.41,0.42,136.0,,2020-05-22,中证交易所高等级绿色债券指数
2020-05-22,931145,中证绿色债券指数,中证绿色债,CSI Green Bond Index,CSI Green Bond,,,,117.47,0.03,0.03,0.41,0.42,323.0,,2020-05-22,中证绿色债券指数
2020-05-25,930951,中证交易所绿色债券指数,交易所绿色债,CSI Exchange Green Bond Index,Exchange Green Bond,,,,118.6,0.01,0.01,2.07,2.11,144.0,,2020-05-25,中证交易所绿色债券指数
2020-05-25,931147,中证交易所高等级绿色债券指数,交易所高等级绿色债,CSI Exchange High Grade Green Bond Index,Exchange High Grade Green Bond,,,,118.5,0.01,0.01,1.87,1.91,136.0,,2020-05-25,中证交易所高等级绿色债券指数
2020-05-25,931145,中证绿色债券指数,中证绿色债,CSI Green Bond Index,CSI Green Bond,,,,117.48,0.01,0.01,2.07,2.11,323.0,,2020-05-25,中证绿色债券指数
2020-05-26,930951,中证交易所绿色债券指数,交易所绿色债,CSI Exchange Green Bond Index,Exchange Green Bond,,,,118.51,-0.08,-0.07,2.55,2.59,144.0,,2020-05-26,中证交易所绿色债券指数
2020-05-26,931147,中证交易所高等级绿色债券指数,交易所高等级绿色债,CSI Exchange High Grade Green Bond Index,Exchange High Grade Green Bond,,,,118.41,-0.09,-0.07,2.45,2.49,136.0,,2020-05-26,中证交易所高等级绿色债券指数
2020-05-26,931145,中证绿色债券指数,中证绿色债,CSI Green Bond Index,CSI Green Bond,,,,117.4,-0.08,-0.06,2.55,2.59,323.0,,2020-05-26,中证绿色债券指数
2020-05-27,930951,中证交易所绿色债券指数,交易所绿色债,CSI Exchange Green Bond Index,Exchange Green Bond,,,,118.44,-0.08,-0.06,2.61,2.58,144.0,,2020-05-27,中证交易所绿色债券指数
2020-05-27,931147,中证交易所高等级绿色债券指数,交易所高等级绿色债,CSI Exchange High Grade Green Bond Index,Exchange High Grade Green Bond,,,,118.34,-0.08,-0.06,2.31,2.28,136.0,,2020-05-27,中证交易所高等级绿色债券指数
2020-05-27,931145,中证绿色债券指数,中证绿色债,CSI Green Bond Index,CSI Green Bond,,,,117.31,-0.09,-0.08,2.61,2.58,323.0,,2020-05-27,中证绿色债券指数
2020-05-28,930951,中证交易所绿色债券指数,交易所绿色债,CSI Exchange Green Bond Index,Exchange Green Bond,,,,118.37,-0.07,-0.06,3.41,3.53,144.0,,2020-05-28,中证交易所绿色债券指数
2020-05-28,931147,中证交易所高等级绿色债券指数,交易所高等级绿色债,CSI Exchange High Grade Green Bond Index,Exchange High Grade Green Bond,,,,118.27,-0.07,-0.06,3.41,3.53,136.0,,2020-05-28,中证交易所高等级绿色债券指数
2020-05-28,931145,中证绿色债券指数,中证绿色债,CSI Green Bond Index,CSI Green Bond,,,,117.24,-0.07,-0.06,3.41,3.53,323.0,,2020-05-28,中证绿色债券指数
2020-05-29,930951,中证交易所绿色债券指数,交易所绿色债,CSI Exchange Green Bond Index,Exchange Green Bond,,,,118.33,-0.04,-0.04,1.5,1.53,144.0,,2020-05-29,中证交易所绿色债券指数
2020-05-29,931147,中证交易所高等级绿色债券指数,交易所高等级绿色债,CSI Exchange High Grade Green Bond Index,Exchange High Grade Green Bond,,,,118.22,-0.04,-0.04,1.5,1.53,136.0,,2020-05-29,中证交易所高等级绿色债券指数
2020-05-29,931145,中证绿色债券指数,中证绿色债,CSI Green Bond Index,CSI Green Bond,,,,117.2,-0.04,-0.03,1.5,1.53,323.0,,2020-05-29,中证绿色债券指数
2020-06-01,930951,中证交易所绿色债券指数,交易所绿色债,CSI Exchange Green Bond Index,Exchange Green Bond,,,,118.37,0.04,0.03,6.21,6.34,150.0,,2020-06-01,中证交易所绿色债券指数
2020-06-01,931147,中证交易所高等级绿色债券指数,交易所高等级绿色债,CSI Exchange High Grade Green Bond Index,Exchange High Grade Green Bond,,,,118.26,0.04,0.03,6.21,6.34,141.0,,2020-06-01,中证交易所高等级绿色债券指数
2020-06-01,931145,中证绿色债券指数,中证绿色债,CSI Green Bond Index,CSI Green Bond,,,,117.25,0.05,0.04,9.81,9.99,328.0,,2020-06-01,中证绿色债券指数
2020-06-02,930951,中证交易所绿色债券指数,交易所绿色债,CSI Exchange Green Bond Index,Exchange Green Bond,,,,118.11,-0.26,-0.22,0.88,0.9,150.0,,2020-06-02,中证交易所绿色债券指数
2020-06-02,931147,中证交易所高等级绿色债券指数,交易所高等级绿色债,CSI Exchange High Grade Green Bond Index,Exchange High Grade Green Bond,,,,118.0,-0.26,-0.22,0.88,0.9,141.0,,2020-06-02,中证交易所高等级绿色债券指数
2020-06-02,931145,中证绿色债券指数,中证绿色债,CSI Green Bond Index,CSI Green Bond,,,,117.11,-0.14,-0.12,0.88,0.9,328.0,,2020-06-02,中证绿色债券指数
2020-06-03,930951,中证交易所绿色债券指数,交易所绿色债,CSI Exchange Green Bond Index,Exchange Green Bond,,,,117.7,-0.41,-0.35,4.12,4.19,150.0,,2020-06-03,中证交易所绿色债券指数
2020-06-03,931147,中证交易所高等级绿色债券指数,交易所高等级绿色债,CSI Exchange High Grade Green Bond Index,Exchange High Grade Green Bond,,,,117.6,-0.4,-0.34,3.94,4.01,141.0,,2020-06-03,中证交易所高等级绿色债券指数
2020-06-03,931145,中证绿色债券指数,中证绿色债,CSI Green Bond Index,CSI Green Bond,,,,116.82,-0.29,-0.25,4.12,4.19,328.0,,2020-06-03,中证绿色债券指数
2020-06-04,930951,中证交易所绿色债券指数,交易所绿色债,CSI Exchange Green Bond Index,Exchange Green Bond,,,,117.79,0.09,0.07,5.5,5.68,150.0,,2020-06-04,中证交易所绿色债券指数
2020-06-04,931147,中证交易所高等级绿色债券指数,交易所高等级绿色债,CSI Exchange High Grade Green Bond Index,Exchange High Grade Green Bond,,,,117.68,0.08,0.07,5.5,5.68,141.0,,2020-06-04,中证交易所高等级绿色债券指数
2020-06-04,931145,中证绿色债券指数,中证绿色债,CSI Green Bond Index,CSI Green Bond,,,,116.77,-0.04,-0.04,5.5,5.68,328.0,,2020-06-04,中证绿色债券指数
2020-06-05,930951,中证交易所绿色债券指数,交易所绿色债,CSI Exchange Green Bond Index,Exchange Green Bond,,,,117.66,-0.13,-0.11,1.8,1.85,150.0,,2020-06-05,中证交易所绿色债券指数
2020-06-05,931147,中证交易所高等级绿色债券指数,交易所高等级绿色债,CSI Exchange High Grade Green Bond Index,Exchange High Grade Green Bond,,,,117.56,-0.13,-0.11,1.8,1.85,141.0,,2020-06-05,中证交易所高等级绿色债券指数
2020-06-05,931145,中证绿色债券指数,中证绿色债,CSI Green Bond Index,CSI Green Bond,,,,116.57,-0.2,-0.17,1.8,1.85,328.0,,2020-06-05,中证绿色债券指数
2020-06-08,930951,中证交易所绿色债券指数,交易所绿色债,CSI Exchange Green Bond Index,Exchange Green Bond,,,,117.49,-0.18,-0.15,1.17,1.18,150.0,,2020-06-08,中证交易所绿色债券指数
2020-06-08,931147,中证交易所高等级绿色债券指数,交易所高等级绿色债,CSI Exchange High Grade Green Bond Index,Exchange High Grade Green Bond,,,,117.38,-0.18,-0.15,1.17,1.18,141.0,,2020-06-08,中证交易所高等级绿色债券指数
2020-06-08,931145,中证绿色债券指数,中证绿色债,CSI Green Bond Index,CSI Green Bond,,,,116.48,-0.09,-0.08,1.17,1.18,328.0,,2020-06-08,中证绿色债券指数
2020-06-09,930951,中证交易所绿色债券指数,交易所绿色债,CSI Exchange Green Bond Index,Exchange Green Bond,,,,117.5,0.02,0.02,4.65,4.71,150.0,,2020-06-09,中证交易所绿色债券指数
2020-06-09,931147,中证交易所高等级绿色债券指数,交易所高等级绿色债,CSI Exchange High Grade Green Bond Index,Exchange High Grade Green Bond,,,,117.4,0.02,0.02,4.65,4.71,141.0,,2020-06-09,中证交易所高等级绿色债券指数
2020-06-09,931145,中证绿色债券指数,中证绿色债,CSI Green Bond Index,CSI Green Bond,,,,116.48,0.0,0.0,4.65,4.71,328.0,,2020-06-09,中证绿色债券指数
2020-06-10,930951,中证交易所绿色债券指数,交易所绿色债,CSI Exchange Green Bond Index,Exchange Green Bond,,,,117.56,0.05,0.04,9.36,9.46,150.0,,2020-06-10,中证交易所绿色债券指数
2020-06-10,931147,中证交易所高等级绿色债券指数,交易所高等级绿色债,CSI Exchange High Grade Green Bond Index,Exchange High Grade Green Bond,,,,117.45,0.05,0.04,9.36,9.46,141.0,,2020-06-10,中证交易所高等级绿色债券指数
2020-06-10,931145,中证绿色债券指数,中证绿色债,CSI Green Bond Index,CSI Green Bond,,,,116.53,0.05,0.04,9.36,9.46,328.0,,2020-06-10,中证绿色债券指数
2020-06-11,930951,中证交易所绿色债券指数,交易所绿色债,CSI Exchange Green Bond Index,Exchange Green Bond,,,,117.62,0.06,0.05,7.22,7.33,150.0,,2020-06-11,中证交易所绿色债券指数
2020-06-11,931147,中证交易所高等级绿色债券指数,交易所高等级绿色债,CSI Exchange High Grade Green Bond Index,Exchange High Grade Green Bond,,,,117.51,0.06,0.05,7.22,7.33,141.0,,2020-06-11,中证交易所高等级绿色债券指数
2020-06-11,931145,中证绿色债券指数,中证绿色债,CSI Green Bond Index,CSI Green Bond,,,,116.55,0.02,0.01,7.22,7.33,328.0,,2020-06-11,中证绿色债券指数
2020-06-12,930951,中证交易所绿色债券指数,交易所绿色债,CSI Exchange Green Bond Index,Exchange Green Bond,,,,117.71,0.09,0.08,5.85,5.92,150.0,,2020-06-12,中证交易所绿色债券指数
2020-06-12,931147,中证交易所高等级绿色债券指数,交易所高等级绿色债,CSI Exchange High Grade Green Bond Index,Exchange High Grade Green Bond,,,,117.6,0.09,0.08,5.85,5.92,141.0,,2020-06-12,中证交易所高等级绿色债券指数
2020-06-12,931145,中证绿色债券指数,中证绿色债,CSI Green Bond Index,CSI Green Bond,,,,116.59,0.04,0.04,5.85,5.92,328.0,,2020-06-12,中证绿色债券指数
2020-06-15,930951,中证交易所绿色债券指数,交易所绿色债,CSI Exchange Green Bond Index,Exchange Green Bond,,,,117.84,0.13,0.11,5.05,5.12,150.0,,2020-06-15,中证交易所绿色债券指数
2020-06-15,931147,中证交易所高等级绿色债券指数,交易所高等级绿色债,CSI Exchange High Grade Green Bond Index,Exchange High Grade Green Bond,,,,117.73,0.13,0.11,5.05,5.12,141.0,,2020-06-15,中证交易所高等级绿色债券指数
2020-06-15,931145,中证绿色债券指数,中证绿色债,CSI Green Bond Index,CSI Green Bond,,,,116.68,0.09,0.07,5.05,5.12,328.0,,2020-06-15,中证绿色债券指数
2020-06-16,930951,中证交易所绿色债券指数,交易所绿色债,CSI Exchange Green Bond Index,Exchange Green Bond,,,,117.72,-0.13,-0.11,1.9,1.93,150.0,,2020-06-16,中证交易所绿色债券指数
2020-06-16,931147,中证交易所高等级绿色债券指数,交易所高等级绿色债,CSI Exchange High Grade Green Bond Index,Exchange High Grade Green Bond,,,,117.61,-0.12,-0.1,1.9,1.93,141.0,,2020-06-16,中证交易所高等级绿色债券指数
2020-06-16,931145,中证绿色债券指数,中证绿色债,CSI Green Bond Index,CSI Green Bond,,,,116.62,-0.06,-0.05,1.9,1.93,328.0,,2020-06-16,中证绿色债券指数
2020-06-17,930951,中证交易所绿色债券指数,交易所绿色债,CSI Exchange Green Bond Index,Exchange Green Bond,,,,117.68,-0.04,-0.03,4.7,4.7,150.0,,2020-06-17,中证交易所绿色债券指数
2020-06-17,931147,中证交易所高等级绿色债券指数,交易所高等级绿色债,CSI Exchange High Grade Green Bond Index,Exchange High Grade Green Bond,,,,117.57,-0.04,-0.03,4.6,4.6,141.0,,2020-06-17,中证交易所高等级绿色债券指数
2020-06-17,931145,中证绿色债券指数,中证绿色债,CSI Green Bond Index,CSI Green Bond,,,,116.58,-0.04,-0.03,4.7,4.7,328.0,,2020-06-17,中证绿色债券指数
2020-06-18,930951,中证交易所绿色债券指数,交易所绿色债,CSI Exchange Green Bond Index,Exchange Green Bond,,,,117.73,0.05,0.04,4.83,4.9,150.0,,2020-06-18,中证交易所绿色债券指数
2020-06-18,931147,中证交易所高等级绿色债券指数,交易所高等级绿色债,CSI Exchange High Grade Green Bond Index,Exchange High Grade Green Bond,,,,117.62,0.05,0.04,4.83,4.9,141.0,,2020-06-18,中证交易所高等级绿色债券指数
2020-06-18,931145,中证绿色债券指数,中证绿色债,CSI Green Bond Index,CSI Green Bond,,,,116.61,0.03,0.03,4.83,4.9,328.0,,2020-06-18,中证绿色债券指数
2020-06-19,930951,中证交易所绿色债券指数,交易所绿色债,CSI Exchange Green Bond Index,Exchange Green Bond,,,,117.73,0.0,0.0,3.57,3.63,150.0,,2020-06-19,中证交易所绿色债券指数
2020-06-19,931147,中证交易所高等级绿色债券指数,交易所高等级绿色债,CSI Exchange High Grade Green Bond Index,Exchange High Grade Green Bond,,,,117.62,0.0,0.0,3.57,3.63,141.0,,2020-06-19,中证交易所高等级绿色债券指数
2020-06-19,931145,中证绿色债券指数,中证绿色债,CSI Green Bond Index,CSI Green Bond,,,,116.59,-0.02,-0.01,3.57,3.63,328.0,,2020-06-19,中证绿色债券指数
2020-06-22,930951,中证交易所绿色债券指数,交易所绿色债,CSI Exchange Green Bond Index,Exchange Green Bond,,,,117.65,-0.09,-0.07,3.89,3.96,150.0,,2020-06-22,中证交易所绿色债券指数
2020-06-22,931147,中证交易所高等级绿色债券指数,交易所高等级绿色债,CSI Exchange High Grade Green Bond Index,Exchange High Grade Green Bond,,,,117.54,-0.08,-0.07,3.89,3.96,141.0,,2020-06-22,中证交易所高等级绿色债券指数
2020-06-22,931145,中证绿色债券指数,中证绿色债,CSI Green Bond Index,CSI Green Bond,,,,116.56,-0.04,-0.03,3.89,3.96,328.0,,2020-06-22,中证绿色债券指数
2020-06-23,930951,中证交易所绿色债券指数,交易所绿色债,CSI Exchange Green Bond Index,Exchange Green Bond,,,,117.5,-0.14,-0.12,4.56,4.67,150.0,,2020-06-23,中证交易所绿色债券指数
2020-06-23,931147,中证交易所高等级绿色债券指数,交易所高等级绿色债,CSI Exchange High Grade Green Bond Index,Exchange High Grade Green Bond,,,,117.39,-0.14,-0.12,4.56,4.67,141.0,,2020-06-23,中证交易所高等级绿色债券指数
2020-06-23,931145,中证绿色债券指数,中证绿色债,CSI Green Bond Index,CSI Green Bond,,,,116.47,-0.08,-0.07,4.56,4.67,328.0,,2020-06-23,中证绿色债券指数
2020-06-24,930951,中证交易所绿色债券指数,交易所绿色债,CSI Exchange Green Bond Index,Exchange Green Bond,,,,117.53,0.02,0.02,4.2,4.18,150.0,,2020-06-24,中证交易所绿色债券指数
2020-06-24,931147,中证交易所高等级绿色债券指数,交易所高等级绿色债,CSI Exchange High Grade Green Bond Index,Exchange High Grade Green Bond,,,,117.41,0.02,0.02,4.2,4.18,141.0,,2020-06-24,中证交易所高等级绿色债券指数
2020-06-24,931145,中证绿色债券指数,中证绿色债,CSI Green Bond Index,CSI Green Bond,,,,116.49,0.01,0.01,4.2,4.18,328.0,,2020-06-24,中证绿色债券指数
2020-06-29,930951,中证交易所绿色债券指数,交易所绿色债,CSI Exchange Green Bond Index,Exchange Green Bond,,,,117.66,0.13,0.11,8.58,8.64,150.0,,2020-06-29,中证交易所绿色债券指数
2020-06-29,931147,中证交易所高等级绿色债券指数,交易所高等级绿色债,CSI Exchange High Grade Green Bond Index,Exchange High Grade Green Bond,,,,117.54,0.13,0.11,8.58,8.64,141.0,,2020-06-29,中证交易所高等级绿色债券指数
2020-06-29,931145,中证绿色债券指数,中证绿色债,CSI Green Bond Index,CSI Green Bond,,,,116.59,0.1,0.09,27.17,27.44,328.0,,2020-06-29,中证绿色债券指数
2020-06-30,930951,中证交易所绿色债券指数,交易所绿色债,CSI Exchange Green Bond Index,Exchange Green Bond,,,,117.64,-0.01,-0.01,4.86,4.91,150.0,,2020-06-30,中证交易所绿色债券指数
2020-06-30,931147,中证交易所高等级绿色债券指数,交易所高等级绿色债,CSI Exchange High Grade Green Bond Index,Exchange High Grade Green Bond,,,,117.53,-0.01,-0.01,4.86,4.91,141.0,,2020-06-30,中证交易所高等级绿色债券指数
2020-06-30,931145,中证绿色债券指数,中证绿色债,CSI Green Bond Index,CSI Green Bond,,,,116.57,-0.02,-0.01,4.86,4.91,328.0,,2020-06-30,中证绿色债券指数
2020-07-01,930951,中证交易所绿色债券指数,交易所绿色债,CSI Exchange Green Bond Index,Exchange Green Bond,,,,117.66,0.02,0.01,1.4,1.42,152.0,,2020-07-01,中证交易所绿色债券指数
2020-07-01,931147,中证交易所高等级绿色债券指数,交易所高等级绿色债,CSI Exchange High Grade Green Bond Index,Exchange High Grade Green Bond,,,,117.54,0.02,0.02,1.4,1.42,143.0,,2020-07-01,中证交易所高等级绿色债券指数
2020-07-01,931145,中证绿色债券指数,中证绿色债,CSI Green Bond Index,CSI Green Bond,,,,116.6,0.04,0.03,10.6,10.63,333.0,,2020-07-01,中证绿色债券指数
2020-07-02,930951,中证交易所绿色债券指数,交易所绿色债,CSI Exchange Green Bond Index,Exchange Green Bond,,,,117.7,0.04,0.03,7.62,7.58,152.0,,2020-07-02,中证交易所绿色债券指数
2020-07-02,931147,中证交易所高等级绿色债券指数,交易所高等级绿色债,CSI Exchange High Grade Green Bond Index,Exchange High Grade Green Bond,,,,117.58,0.04,0.03,7.5,7.46,143.0,,2020-07-02,中证交易所高等级绿色债券指数
2020-07-02,931145,中证绿色债券指数,中证绿色债,CSI Green Bond Index,CSI Green Bond,,,,116.62,0.01,0.01,7.62,7.58,333.0,,2020-07-02,中证绿色债券指数
2020-07-03,930951,中证交易所绿色债券指数,交易所绿色债,CSI Exchange Green Bond Index,Exchange Green Bond,,,,117.76,0.06,0.05,4.12,4.24,152.0,,2020-07-03,中证交易所绿色债券指数
2020-07-03,931147,中证交易所高等级绿色债券指数,交易所高等级绿色债,CSI Exchange High Grade Green Bond Index,Exchange High Grade Green Bond,,,,117.64,0.06,0.05,4.0,4.12,143.0,,2020-07-03,中证交易所高等级绿色债券指数
2020-07-03,931145,中证绿色债券指数,中证绿色债,CSI Green Bond Index,CSI Green Bond,,,,116.64,0.02,0.02,4.12,4.24,333.0,,2020-07-03,中证绿色债券指数
2020-07-06,930951,中证交易所绿色债券指数,交易所绿色债,CSI Exchange Green Bond Index,Exchange Green Bond,,,,117.61,-0.14,-0.12,3.3,3.3,152.0,,2020-07-06,中证交易所绿色债券指数
2020-07-06,931147,中证交易所高等级绿色债券指数,交易所高等级绿色债,CSI Exchange High Grade Green Bond Index,Exchange High Grade Green Bond,,,,117.5,-0.14,-0.12,3.3,3.3,143.0,,2020-07-06,中证交易所高等级绿色债券指数
2020-07-06,931145,中证绿色债券指数,中证绿色债,CSI Green Bond Index,CSI Green Bond,,,,116.56,-0.08,-0.07,3.3,3.3,333.0,,2020-07-06,中证绿色债券指数
2020-07-07,930951,中证交易所绿色债券指数,交易所绿色债,CSI Exchange Green Bond Index,Exchange Green Bond,,,,117.39,-0.22,-0.19,1.92,1.95,152.0,,2020-07-07,中证交易所绿色债券指数
2020-07-07,931147,中证交易所高等级绿色债券指数,交易所高等级绿色债,CSI Exchange High Grade Green Bond Index,Exchange High Grade Green Bond,,,,117.28,-0.22,-0.19,1.92,1.95,143.0,,2020-07-07,中证交易所高等级绿色债券指数
2020-07-07,931145,中证绿色债券指数,中证绿色债,CSI Green Bond Index,CSI Green Bond,,,,116.44,-0.12,-0.1,1.92,1.95,333.0,,2020-07-07,中证绿色债券指数
2020-07-08,930951,中证交易所绿色债券指数,交易所绿色债,CSI Exchange Green Bond Index,Exchange Green Bond,,,,117.4,0.0,0.0,3.5,3.47,152.0,,2020-07-08,中证交易所绿色债券指数
2020-07-08,931147,中证交易所高等级绿色债券指数,交易所高等级绿色债,CSI Exchange High Grade Green Bond Index,Exchange High Grade Green Bond,,,,117.28,0.0,0.0,3.5,3.47,143.0,,2020-07-08,中证交易所高等级绿色债券指数
2020-07-08,931145,中证绿色债券指数,中证绿色债,CSI Green Bond Index,CSI Green Bond,,,,116.42,-0.01,-0.01,3.5,3.47,333.0,,2020-07-08,中证绿色债券指数
2020-07-09,930951,中证交易所绿色债券指数,交易所绿色债,CSI Exchange Green Bond Index,Exchange Green Bond,,,,117.12,-0.28,-0.24,7.36,7.41,152.0,,2020-07-09,中证交易所绿色债券指数
2020-07-09,931147,中证交易所高等级绿色债券指数,交易所高等级绿色债,CSI Exchange High Grade Green Bond Index,Exchange High Grade Green Bond,,,,117.0,-0.28,-0.24,7.36,7.41,143.0,,2020-07-09,中证交易所高等级绿色债券指数
2020-07-09,931145,中证绿色债券指数,中证绿色债,CSI Green Bond Index,CSI Green Bond,,,,116.27,-0.16,-0.14,14.16,14.25,333.0,,2020-07-09,中证绿色债券指数
2020-07-10,930951,中证交易所绿色债券指数,交易所绿色债,CSI Exchange Green Bond Index,Exchange Green Bond,,,,117.06,-0.06,-0.05,7.2,7.17,152.0,,2020-07-10,中证交易所绿色债券指数
2020-07-10,931147,中证交易所高等级绿色债券指数,交易所高等级绿色债,CSI Exchange High Grade Green Bond Index,Exchange High Grade Green Bond,,,,116.94,-0.06,-0.05,7.2,7.17,143.0,,2020-07-10,中证交易所高等级绿色债券指数
2020-07-10,931145,中证绿色债券指数,中证绿色债,CSI Green Bond Index,CSI Green Bond,,,,116.19,-0.08,-0.07,7.2,7.17,333.0,,2020-07-10,中证绿色债券指数
2020-07-13,930951,中证交易所绿色债券指数,交易所绿色债,CSI Exchange Green Bond Index,Exchange Green Bond,,,,116.92,-0.14,-0.12,2.63,2.65,152.0,,2020-07-13,中证交易所绿色债券指数
2020-07-13,931147,中证交易所高等级绿色债券指数,交易所高等级绿色债,CSI Exchange High Grade Green Bond Index,Exchange High Grade Green Bond,,,,116.8,-0.14,-0.12,2.63,2.65,143.0,,2020-07-13,中证交易所高等级绿色债券指数
2020-07-13,931145,中证绿色债券指数,中证绿色债,CSI Green Bond Index,CSI Green Bond,,,,116.08,-0.11,-0.09,2.63,2.65,333.0,,2020-07-13,中证绿色债券指数
2020-07-14,930951,中证交易所绿色债券指数,交易所绿色债,CSI Exchange Green Bond Index,Exchange Green Bond,,,,116.81,-0.11,-0.09,8.55,8.49,152.0,,2020-07-14,中证交易所绿色债券指数
2020-07-14,931147,中证交易所高等级绿色债券指数,交易所高等级绿色债,CSI Exchange High Grade Green Bond Index,Exchange High Grade Green Bond,,,,116.69,-0.11,-0.09,8.55,8.49,143.0,,2020-07-14,中证交易所高等级绿色债券指数
2020-07-14,931145,中证绿色债券指数,中证绿色债,CSI Green Bond Index,CSI Green Bond,,,,116.02,-0.06,-0.05,8.55,8.49,333.0,,2020-07-14,中证绿色债券指数
2020-07-15,930951,中证交易所绿色债券指数,交易所绿色债,CSI Exchange Green Bond Index,Exchange Green Bond,,,,116.83,0.02,0.02,10.4,10.49,152.0,,2020-07-15,中证交易所绿色债券指数
2020-07-15,931147,中证交易所高等级绿色债券指数,交易所高等级绿色债,CSI Exchange High Grade Green Bond Index,Exchange High Grade Green Bond,,,,116.71,0.02,0.02,10.2,10.28,143.0,,2020-07-15,中证交易所高等级绿色债券指数
2020-07-15,931145,中证绿色债券指数,中证绿色债,CSI Green Bond Index,CSI Green Bond,,,,116.02,0.0,0.0,10.4,10.49,333.0,,2020-07-15,中证绿色债券指数
2020-07-16,930951,中证交易所绿色债券指数,交易所绿色债,CSI Exchange Green Bond Index,Exchange Green Bond,,,,116.88,0.05,0.04,11.64,11.68,152.0,,2020-07-16,中证交易所绿色债券指数
2020-07-16,931147,中证交易所高等级绿色债券指数,交易所高等级绿色债,CSI Exchange High Grade Green Bond Index,Exchange High Grade Green Bond,,,,116.76,0.05,0.04,11.44,11.48,143.0,,2020-07-16,中证交易所高等级绿色债券指数
2020-07-16,931145,中证绿色债券指数,中证绿色债,CSI Green Bond Index,CSI Green Bond,,,,116.06,0.04,0.03,11.64,11.68,333.0,,2020-07-16,中证绿色债券指数
2020-07-17,930951,中证交易所绿色债券指数,交易所绿色债,CSI Exchange Green Bond Index,Exchange Green Bond,,,,116.91,0.03,0.03,1.62,1.63,152.0,,2020-07-17,中证交易所绿色债券指数
2020-07-17,931147,中证交易所高等级绿色债券指数,交易所高等级绿色债,CSI Exchange High Grade Green Bond Index,Exchange High Grade Green Bond,,,,116.79,0.03,0.02,1.62,1.63,143.0,,2020-07-17,中证交易所高等级绿色债券指数
2020-07-17,931145,中证绿色债券指数,中证绿色债,CSI Green Bond Index,CSI Green Bond,,,,116.08,0.02,0.02,1.62,1.63,333.0,,2020-07-17,中证绿色债券指数
2020-07-20,930951,中证交易所绿色债券指数,交易所绿色债,CSI Exchange Green Bond Index,Exchange Green Bond,,,,116.92,0.02,0.01,6.47,6.5,151.0,,2020-07-20,中证交易所绿色债券指数
2020-07-20,931147,中证交易所高等级绿色债券指数,交易所高等级绿色债,CSI Exchange High Grade Green Bond Index,Exchange High Grade Green Bond,,,,116.8,0.01,0.01,6.47,6.5,142.0,,2020-07-20,中证交易所高等级绿色债券指数
2020-07-20,931145,中证绿色债券指数,中证绿色债,CSI Green Bond Index,CSI Green Bond,,,,116.11,0.04,0.03,6.47,6.5,332.0,,2020-07-20,中证绿色债券指数
2020-07-21,930951,中证交易所绿色债券指数,交易所绿色债,CSI Exchange Green Bond Index,Exchange Green Bond,,,,117.19,0.27,0.23,4.44,4.44,151.0,,2020-07-21,中证交易所绿色债券指数
2020-07-21,931147,中证交易所高等级绿色债券指数,交易所高等级绿色债,CSI Exchange High Grade Green Bond Index,Exchange High Grade Green Bond,,,,117.07,0.27,0.23,4.44,4.44,142.0,,2020-07-21,中证交易所高等级绿色债券指数
2020-07-21,931145,中证绿色债券指数,中证绿色债,CSI Green Bond Index,CSI Green Bond,,,,116.24,0.13,0.11,35.68,35.38,332.0,,2020-07-21,中证绿色债券指数
2020-07-22,930951,中证交易所绿色债券指数,交易所绿色债,CSI Exchange Green Bond Index,Exchange Green Bond,,,,117.25,0.06,0.05,8.43,8.47,151.0,,2020-07-22,中证交易所绿色债券指数
2020-07-22,931147,中证交易所高等级绿色债券指数,交易所高等级绿色债,CSI Exchange High Grade Green Bond Index,Exchange High Grade Green Bond,,,,117.13,0.06,0.05,8.43,8.47,142.0,,2020-07-22,中证交易所高等级绿色债券指数
2020-07-22,931145,中证绿色债券指数,中证绿色债,CSI Green Bond Index,CSI Green Bond,,,,116.32,0.07,0.06,8.43,8.47,332.0,,2020-07-22,中证绿色债券指数
2020-07-23,930951,中证交易所绿色债券指数,交易所绿色债,CSI Exchange Green Bond Index,Exchange Green Bond,,,,117.32,0.07,0.06,8.39,8.44,151.0,,2020-07-23,中证交易所绿色债券指数
2020-07-23,931147,中证交易所高等级绿色债券指数,交易所高等级绿色债,CSI Exchange High Grade Green Bond Index,Exchange High Grade Green Bond,,,,117.19,0.07,0.06,8.39,8.44,142.0,,2020-07-23,中证交易所高等级绿色债券指数
2020-07-23,931145,中证绿色债券指数,中证绿色债,CSI Green Bond Index,CSI Green Bond,,,,116.36,0.05,0.04,8.39,8.44,332.0,,2020-07-23,中证绿色债券指数
2020-07-24,930951,中证交易所绿色债券指数,交易所绿色债,CSI Exchange Green Bond Index,Exchange Green Bond,,,,117.44,0.12,0.11,3.0,3.03,151.0,,2020-07-24,中证交易所绿色债券指数
2020-07-24,931147,中证交易所高等级绿色债券指数,交易所高等级绿色债,CSI Exchange High Grade Green Bond Index,Exchange High Grade Green Bond,,,,117.31,0.12,0.11,3.0,3.03,142.0,,2020-07-24,中证交易所高等级绿色债券指数
2020-07-24,931145,中证绿色债券指数,中证绿色债,CSI Green Bond Index,CSI Green Bond,,,,116.42,0.06,0.05,3.0,3.03,332.0,,2020-07-24,中证绿色债券指数
2020-07-27,930951,中证交易所绿色债券指数,交易所绿色债,CSI Exchange Green Bond Index,Exchange Green Bond,,,,117.54,0.1,0.08,3.2,3.18,151.0,,2020-07-27,中证交易所绿色债券指数
2020-07-27,931147,中证交易所高等级绿色债券指数,交易所高等级绿色债,CSI Exchange High Grade Green Bond Index,Exchange High Grade Green Bond,,,,117.41,0.09,0.08,3.2,3.18,142.0,,2020-07-27,中证交易所高等级绿色债券指数
2020-07-27,931145,中证绿色债券指数,中证绿色债,CSI Green Bond Index,CSI Green Bond,,,,116.49,0.07,0.06,3.2,3.18,332.0,,2020-07-27,中证绿色债券指数
2020-07-28,930951,中证交易所绿色债券指数,交易所绿色债,CSI Exchange Green Bond Index,Exchange Green Bond,,,,117.58,0.04,0.03,4.3,4.32,151.0,,2020-07-28,中证交易所绿色债券指数
2020-07-28,931147,中证交易所高等级绿色债券指数,交易所高等级绿色债,CSI Exchange High Grade Green Bond Index,Exchange High Grade Green Bond,,,,117.45,0.04,0.03,4.3,4.32,142.0,,2020-07-28,中证交易所高等级绿色债券指数
2020-07-28,931145,中证绿色债券指数,中证绿色债,CSI Green Bond Index,CSI Green Bond,,,,116.51,0.02,0.02,4.3,4.32,332.0,,2020-07-28,中证绿色债券指数
2020-07-29,930951,中证交易所绿色债券指数,交易所绿色债,CSI Exchange Green Bond Index,Exchange Green Bond,,,,117.56,-0.01,-0.01,6.16,6.2,151.0,,2020-07-29,中证交易所绿色债券指数
2020-07-29,931147,中证交易所高等级绿色债券指数,交易所高等级绿色债,CSI Exchange High Grade Green Bond Index,Exchange High Grade Green Bond,,,,117.43,-0.01,-0.01,6.16,6.2,142.0,,2020-07-29,中证交易所高等级绿色债券指数
2020-07-29,931145,中证绿色债券指数,中证绿色债,CSI Green Bond Index,CSI Green Bond,,,,116.5,-0.01,-0.01,6.16,6.2,332.0,,2020-07-29,中证绿色债券指数
2020-07-30,930951,中证交易所绿色债券指数,交易所绿色债,CSI Exchange Green Bond Index,Exchange Green Bond,,,,117.46,-0.1,-0.09,2.8,2.82,151.0,,2020-07-30,中证交易所绿色债券指数
2020-07-30,931147,中证交易所高等级绿色债券指数,交易所高等级绿色债,CSI Exchange High Grade Green Bond Index,Exchange High Grade Green Bond,,,,117.33,-0.1,-0.09,2.8,2.82,142.0,,2020-07-30,中证交易所高等级绿色债券指数
2020-07-30,931145,中证绿色债券指数,中证绿色债,CSI Green Bond Index,CSI Green Bond,,,,116.46,-0.04,-0.04,2.8,2.82,332.0,,2020-07-30,中证绿色债券指数
2020-07-31,930951,中证交易所绿色债券指数,交易所绿色债,CSI Exchange Green Bond Index,Exchange Green Bond,,,,117.48,0.02,0.02,3.0,3.03,151.0,,2020-07-31,中证交易所绿色债券指数
2020-07-31,931147,中证交易所高等级绿色债券指数,交易所高等级绿色债,CSI Exchange High Grade Green Bond Index,Exchange High Grade Green Bond,,,,117.34,0.02,0.01,3.0,3.03,142.0,,2020-07-31,中证交易所高等级绿色债券指数
2020-07-31,931145,中证绿色债券指数,中证绿色债,CSI Green Bond Index,CSI Green Bond,,,,116.45,-0.01,-0.01,3.0,3.03,332.0,,2020-07-31,中证绿色债券指数
2020-08-03,930951,中证交易所绿色债券指数,交易所绿色债,CSI Exchange Green Bond Index,Exchange Green Bond,,,,117.46,-0.02,-0.02,6.15,6.2,153.0,,2020-08-03,中证交易所绿色债券指数
2020-08-03,931147,中证交易所高等级绿色债券指数,交易所高等级绿色债,CSI Exchange High Grade Green Bond Index,Exchange High Grade Green Bond,,,,117.32,-0.02,-0.02,6.15,6.2,143.0,,2020-08-03,中证交易所高等级绿色债券指数
2020-08-03,931145,中证绿色债券指数,中证绿色债,CSI Green Bond Index,CSI Green Bond,,,,116.44,-0.01,-0.01,6.15,6.2,328.0,,2020-08-03,中证绿色债券指数
2020-08-04,930951,中证交易所绿色债券指数,交易所绿色债,CSI Exchange Green Bond Index,Exchange Green Bond,,,,117.49,0.03,0.03,3.35,3.35,153.0,,2020-08-04,中证交易所绿色债券指数
2020-08-04,931147,中证交易所高等级绿色债券指数,交易所高等级绿色债,CSI Exchange High Grade Green Bond Index,Exchange High Grade Green Bond,,,,117.35,0.03,0.03,3.35,3.35,143.0,,2020-08-04,中证交易所高等级绿色债券指数
2020-08-04,931145,中证绿色债券指数,中证绿色债,CSI Green Bond Index,CSI Green Bond,,,,116.44,0.0,0.0,3.35,3.35,328.0,,2020-08-04,中证绿色债券指数
2020-08-05,930951,中证交易所绿色债券指数,交易所绿色债,CSI Exchange Green Bond Index,Exchange Green Bond,,,,117.49,-0.01,-0.01,4.5,4.57,153.0,,2020-08-05,中证交易所绿色债券指数
2020-08-05,931147,中证交易所高等级绿色债券指数,交易所高等级绿色债,CSI Exchange High Grade Green Bond Index,Exchange High Grade Green Bond,,,,117.35,-0.01,-0.01,4.5,4.57,143.0,,2020-08-05,中证交易所高等级绿色债券指数
2020-08-05,931145,中证绿色债券指数,中证绿色债,CSI Green Bond Index,CSI Green Bond,,,,116.45,0.01,0.01,4.5,4.57,328.0,,2020-08-05,中证绿色债券指数
2020-08-06,930951,中证交易所绿色债券指数,交易所绿色债,CSI Exchange Green Bond Index,Exchange Green Bond,,,,117.52,0.03,0.03,2.63,2.64,153.0,,2020-08-06,中证交易所绿色债券指数
2020-08-06,931147,中证交易所高等级绿色债券指数,交易所高等级绿色债,CSI Exchange High Grade Green Bond Index,Exchange High Grade Green Bond,,,,117.38,0.03,0.02,2.63,2.64,143.0,,2020-08-06,中证交易所高等级绿色债券指数
2020-08-06,931145,中证绿色债券指数,中证绿色债,CSI Green Bond Index,CSI Green Bond,,,,116.46,0.0,0.0,2.63,2.64,328.0,,2020-08-06,中证绿色债券指数
2020-08-07,930951,中证交易所绿色债券指数,交易所绿色债,CSI Exchange Green Bond Index,Exchange Green Bond,,,,117.55,0.04,0.03,3.5,3.53,153.0,,2020-08-07,中证交易所绿色债券指数
2020-08-07,931147,中证交易所高等级绿色债券指数,交易所高等级绿色债,CSI Exchange High Grade Green Bond Index,Exchange High Grade Green Bond,,,,117.42,0.04,0.03,3.5,3.53,143.0,,2020-08-07,中证交易所高等级绿色债券指数
2020-08-07,931145,中证绿色债券指数,中证绿色债,CSI Green Bond Index,CSI Green Bond,,,,116.48,0.02,0.02,7.7,7.77,328.0,,2020-08-07,中证绿色债券指数
2020-08-10,930951,中证交易所绿色债券指数,交易所绿色债,CSI Exchange Green Bond Index,Exchange Green Bond,,,,117.59,0.04,0.04,6.78,6.83,153.0,,2020-08-10,中证交易所绿色债券指数
2020-08-10,931147,中证交易所高等级绿色债券指数,交易所高等级绿色债,CSI Exchange High Grade Green Bond Index,Exchange High Grade Green Bond,,,,117.45,0.04,0.03,6.6,6.65,143.0,,2020-08-10,中证交易所高等级绿色债券指数
2020-08-10,931145,中证绿色债券指数,中证绿色债,CSI Green Bond Index,CSI Green Bond,,,,116.52,0.04,0.04,9.78,9.86,328.0,,2020-08-10,中证绿色债券指数
2020-08-11,930951,中证交易所绿色债券指数,交易所绿色债,CSI Exchange Green Bond Index,Exchange Green Bond,,,,117.63,0.04,0.03,3.43,3.46,153.0,,2020-08-11,中证交易所绿色债券指数
2020-08-11,931147,中证交易所高等级绿色债券指数,交易所高等级绿色债,CSI Exchange High Grade Green Bond Index,Exchange High Grade Green Bond,,,,117.48,0.03,0.02,3.43,3.46,143.0,,2020-08-11,中证交易所高等级绿色债券指数
2020-08-11,931145,中证绿色债券指数,中证绿色债,CSI Green Bond Index,CSI Green Bond,,,,116.54,0.02,0.02,3.43,3.46,328.0,,2020-08-11,中证绿色债券指数
2020-08-12,930951,中证交易所绿色债券指数,交易所绿色债,CSI Exchange Green Bond Index,Exchange Green Bond,,,,117.67,0.04,0.04,9.0,8.98,153.0,,2020-08-12,中证交易所绿色债券指数
2020-08-12,931147,中证交易所高等级绿色债券指数,交易所高等级绿色债,CSI Exchange High Grade Green Bond Index,Exchange High Grade Green Bond,,,,117.52,0.04,0.04,9.0,8.98,143.0,,2020-08-12,中证交易所高等级绿色债券指数
2020-08-12,931145,中证绿色债券指数,中证绿色债,CSI Green Bond Index,CSI Green Bond,,,,116.57,0.03,0.02,9.7,9.68,328.0,,2020-08-12,中证绿色债券指数
2020-08-13,930951,中证交易所绿色债券指数,交易所绿色债,CSI Exchange Green Bond Index,Exchange Green Bond,,,,117.71,0.04,0.04,3.86,3.85,153.0,,2020-08-13,中证交易所绿色债券指数
2020-08-13,931147,中证交易所高等级绿色债券指数,交易所高等级绿色债,CSI Exchange High Grade Green Bond Index,Exchange High Grade Green Bond,,,,117.56,0.04,0.04,3.86,3.85,143.0,,2020-08-13,中证交易所高等级绿色债券指数
2020-08-13,931145,中证绿色债券指数,中证绿色债,CSI Green Bond Index,CSI Green Bond,,,,116.59,0.02,0.02,3.86,3.85,328.0,,2020-08-13,中证绿色债券指数
2020-08-14,930951,中证交易所绿色债券指数,交易所绿色债,CSI Exchange Green Bond Index,Exchange Green Bond,,,,117.74,0.03,0.02,0.7,0.71,153.0,,2020-08-14,中证交易所绿色债券指数
2020-08-14,931147,中证交易所高等级绿色债券指数,交易所高等级绿色债,CSI Exchange High Grade Green Bond Index,Exchange High Grade Green Bond,,,,117.59,0.03,0.02,0.5,0.51,143.0,,2020-08-14,中证交易所高等级绿色债券指数
2020-08-14,931145,中证绿色债券指数,中证绿色债,CSI Green Bond Index,CSI Green Bond,,,,116.61,0.02,0.02,0.7,0.71,328.0,,2020-08-14,中证绿色债券指数
2020-08-17,930951,中证交易所绿色债券指数,交易所绿色债,CSI Exchange Green Bond Index,Exchange Green Bond,,,,117.81,0.07,0.06,4.0,4.02,153.0,,2020-08-17,中证交易所绿色债券指数
2020-08-17,931147,中证交易所高等级绿色债券指数,交易所高等级绿色债,CSI Exchange High Grade Green Bond Index,Exchange High Grade Green Bond,,,,117.66,0.07,0.06,4.0,4.02,143.0,,2020-08-17,中证交易所高等级绿色债券指数
2020-08-17,931145,中证绿色债券指数,中证绿色债,CSI Green Bond Index,CSI Green Bond,,,,116.66,0.05,0.05,4.0,4.02,328.0,,2020-08-17,中证绿色债券指数
2020-08-18,930951,中证交易所绿色债券指数,交易所绿色债,CSI Exchange Green Bond Index,Exchange Green Bond,,,,117.85,0.04,0.03,10.42,10.5,153.0,,2020-08-18,中证交易所绿色债券指数
2020-08-18,931147,中证交易所高等级绿色债券指数,交易所高等级绿色债,CSI Exchange High Grade Green Bond Index,Exchange High Grade Green Bond,,,,117.7,0.04,0.03,9.62,9.71,143.0,,2020-08-18,中证交易所高等级绿色债券指数
2020-08-18,931145,中证绿色债券指数,中证绿色债,CSI Green Bond Index,CSI Green Bond,,,,116.68,0.02,0.02,10.42,10.5,328.0,,2020-08-18,中证绿色债券指数
2020-08-19,930951,中证交易所绿色债券指数,交易所绿色债,CSI Exchange Green Bond Index,Exchange Green Bond,,,,117.87,0.02,0.02,3.0,3.04,153.0,,2020-08-19,中证交易所绿色债券指数
2020-08-19,931147,中证交易所高等级绿色债券指数,交易所高等级绿色债,CSI Exchange High Grade Green Bond Index,Exchange High Grade Green Bond,,,,117.72,0.02,0.02,3.0,3.04,143.0,,2020-08-19,中证交易所高等级绿色债券指数
2020-08-19,931145,中证绿色债券指数,中证绿色债,CSI Green Bond Index,CSI Green Bond,,,,116.71,0.03,0.02,3.0,3.04,328.0,,2020-08-19,中证绿色债券指数
2020-08-20,930951,中证交易所绿色债券指数,交易所绿色债,CSI Exchange Green Bond Index,Exchange Green Bond,,,,117.84,-0.04,-0.03,2.42,2.43,153.0,,2020-08-20,中证交易所绿色债券指数
2020-08-20,931147,中证交易所高等级绿色债券指数,交易所高等级绿色债,CSI Exchange High Grade Green Bond Index,Exchange High Grade Green Bond,,,,117.68,-0.04,-0.03,2.42,2.43,143.0,,2020-08-20,中证交易所高等级绿色债券指数
2020-08-20,931145,中证绿色债券指数,中证绿色债,CSI Green Bond Index,CSI Green Bond,,,,116.69,-0.01,-0.01,3.22,3.23,328.0,,2020-08-20,中证绿色债券指数
2020-08-21,930951,中证交易所绿色债券指数,交易所绿色债,CSI Exchange Green Bond Index,Exchange Green Bond,,,,117.73,-0.11,-0.09,1.65,1.67,153.0,,2020-08-21,中证交易所绿色债券指数
2020-08-21,931147,中证交易所高等级绿色债券指数,交易所高等级绿色债,CSI Exchange High Grade Green Bond Index,Exchange High Grade Green Bond,,,,117.57,-0.11,-0.09,1.65,1.67,143.0,,2020-08-21,中证交易所高等级绿色债券指数
2020-08-21,931145,中证绿色债券指数,中证绿色债,CSI Green Bond Index,CSI Green Bond,,,,116.65,-0.04,-0.03,1.65,1.67,328.0,,2020-08-21,中证绿色债券指数
2020-08-24,930951,中证交易所绿色债券指数,交易所绿色债,CSI Exchange Green Bond Index,Exchange Green Bond,,,,117.85,0.12,0.1,2.7,2.74,153.0,,2020-08-24,中证交易所绿色债券指数
2020-08-24,931147,中证交易所高等级绿色债券指数,交易所高等级绿色债,CSI Exchange High Grade Green Bond Index,Exchange High Grade Green Bond,,,,117.69,0.12,0.1,2.5,2.54,143.0,,2020-08-24,中证交易所高等级绿色债券指数
2020-08-24,931145,中证绿色债券指数,中证绿色债,CSI Green Bond Index,CSI Green Bond,,,,116.7,0.04,0.04,2.7,2.74,328.0,,2020-08-24,中证绿色债券指数
2020-08-25,930951,中证交易所绿色债券指数,交易所绿色债,CSI Exchange Green Bond Index,Exchange Green Bond,,,,117.79,-0.06,-0.05,2.99,3.03,153.0,,2020-08-25,中证交易所绿色债券指数
2020-08-25,931147,中证交易所高等级绿色债券指数,交易所高等级绿色债,CSI Exchange High Grade Green Bond Index,Exchange High Grade Green Bond,,,,117.63,-0.06,-0.05,2.99,3.03,143.0,,2020-08-25,中证交易所高等级绿色债券指数
2020-08-25,931145,中证绿色债券指数,中证绿色债,CSI Green Bond Index,CSI Green Bond,,,,116.67,-0.03,-0.02,2.99,3.03,328.0,,2020-08-25,中证绿色债券指数
2020-08-26,930951,中证交易所绿色债券指数,交易所绿色债,CSI Exchange Green Bond Index,Exchange Green Bond,,,,117.67,-0.12,-0.1,0.0,0.0,153.0,,2020-08-26,中证交易所绿色债券指数
2020-08-26,931147,中证交易所高等级绿色债券指数,交易所高等级绿色债,CSI Exchange High Grade Green Bond Index,Exchange High Grade Green Bond,,,,117.51,-0.12,-0.1,0.0,0.0,143.0,,2020-08-26,中证交易所高等级绿色债券指数
2020-08-26,931145,中证绿色债券指数,中证绿色债,CSI Green Bond Index,CSI Green Bond,,,,116.61,-0.06,-0.05,0.0,0.0,328.0,,2020-08-26,中证绿色债券指数
2020-08-27,930951,中证交易所绿色债券指数,交易所绿色债,CSI Exchange Green Bond Index,Exchange Green Bond,,,,117.64,-0.03,-0.02,2.63,2.61,153.0,,2020-08-27,中证交易所绿色债券指数
2020-08-27,931147,中证交易所高等级绿色债券指数,交易所高等级绿色债,CSI Exchange High Grade Green Bond Index,Exchange High Grade Green Bond,,,,117.48,-0.03,-0.02,2.63,2.61,143.0,,2020-08-27,中证交易所高等级绿色债券指数
2020-08-27,931145,中证绿色债券指数,中证绿色债,CSI Green Bond Index,CSI Green Bond,,,,116.58,-0.03,-0.02,2.63,2.61,328.0,,2020-08-27,中证绿色债券指数
2020-08-28,930951,中证交易所绿色债券指数,交易所绿色债,CSI Exchange Green Bond Index,Exchange Green Bond,,,,117.56,-0.08,-0.07,8.6,8.77,153.0,,2020-08-28,中证交易所绿色债券指数
2020-08-28,931147,中证交易所高等级绿色债券指数,交易所高等级绿色债,CSI Exchange High Grade Green Bond Index,Exchange High Grade Green Bond,,,,117.4,-0.08,-0.07,8.6,8.77,143.0,,2020-08-28,中证交易所高等级绿色债券指数
2020-08-28,931145,中证绿色债券指数,中证绿色债,CSI Green Bond Index,CSI Green Bond,,,,116.55,-0.04,-0.03,8.6,8.77,328.0,,2020-08-28,中证绿色债券指数
2020-08-31,930951,中证交易所绿色债券指数,交易所绿色债,CSI Exchange Green Bond Index,Exchange Green Bond,,,,117.58,0.02,0.02,1.5,1.51,153.0,,2020-08-31,中证交易所绿色债券指数
2020-08-31,931147,中证交易所高等级绿色债券指数,交易所高等级绿色债,CSI Exchange High Grade Green Bond Index,Exchange High Grade Green Bond,,,,117.42,0.02,0.02,1.5,1.51,143.0,,2020-08-31,中证交易所高等级绿色债券指数
2020-08-31,931145,中证绿色债券指数,中证绿色债,CSI Green Bond Index,CSI Green Bond,,,,116.55,0.01,0.01,1.5,1.51,328.0,,2020-08-31,中证绿色债券指数
2020-09-01,930951,中证交易所绿色债券指数,交易所绿色债,CSI Exchange Green Bond Index,Exchange Green Bond,,,,117.6,0.02,0.01,4.23,4.26,160.0,,2020-09-01,中证交易所绿色债券指数
2020-09-01,931147,中证交易所高等级绿色债券指数,交易所高等级绿色债,CSI Exchange High Grade Green Bond Index,Exchange High Grade Green Bond,,,,117.44,0.02,0.01,4.23,4.26,149.0,,2020-09-01,中证交易所高等级绿色债券指数
2020-09-01,931145,中证绿色债券指数,中证绿色债,CSI Green Bond Index,CSI Green Bond,,,,116.55,-0.01,0.0,4.23,4.26,335.0,,2020-09-01,中证绿色债券指数
2020-09-02,930951,中证交易所绿色债券指数,交易所绿色债,CSI Exchange Green Bond Index,Exchange Green Bond,,,,117.53,-0.07,-0.06,0.7,0.7,160.0,,2020-09-02,中证交易所绿色债券指数
2020-09-02,931147,中证交易所高等级绿色债券指数,交易所高等级绿色债,CSI Exchange High Grade Green Bond Index,Exchange High Grade Green Bond,,,,117.36,-0.08,-0.07,0.7,0.7,149.0,,2020-09-02,中证交易所高等级绿色债券指数
2020-09-02,931145,中证绿色债券指数,中证绿色债,CSI Green Bond Index,CSI Green Bond,,,,116.52,-0.03,-0.03,0.7,0.7,335.0,,2020-09-02,中证绿色债券指数
2020-09-03,930951,中证交易所绿色债券指数,交易所绿色债,CSI Exchange Green Bond Index,Exchange Green Bond,,,,117.5,-0.04,-0.03,7.02,7.06,160.0,,2020-09-03,中证交易所绿色债券指数
2020-09-03,931147,中证交易所高等级绿色债券指数,交易所高等级绿色债,CSI Exchange High Grade Green Bond Index,Exchange High Grade Green Bond,,,,117.32,-0.03,-0.03,7.02,7.06,149.0,,2020-09-03,中证交易所高等级绿色债券指数
2020-09-03,931145,中证绿色债券指数,中证绿色债,CSI Green Bond Index,CSI Green Bond,,,,116.5,-0.02,-0.02,7.02,7.06,335.0,,2020-09-03,中证绿色债券指数
2020-09-04,930951,中证交易所绿色债券指数,交易所绿色债,CSI Exchange Green Bond Index,Exchange Green Bond,,,,117.47,-0.03,-0.02,2.22,2.22,160.0,,2020-09-04,中证交易所绿色债券指数
2020-09-04,931147,中证交易所高等级绿色债券指数,交易所高等级绿色债,CSI Exchange High Grade Green Bond Index,Exchange High Grade Green Bond,,,,117.3,-0.02,-0.02,2.22,2.22,149.0,,2020-09-04,中证交易所高等级绿色债券指数
2020-09-04,931145,中证绿色债券指数,中证绿色债,CSI Green Bond Index,CSI Green Bond,,,,116.48,-0.02,-0.01,2.22,2.22,335.0,,2020-09-04,中证绿色债券指数
2020-09-07,930951,中证交易所绿色债券指数,交易所绿色债,CSI Exchange Green Bond Index,Exchange Green Bond,,,,117.49,0.01,0.01,4.3,4.39,160.0,,2020-09-07,中证交易所绿色债券指数
2020-09-07,931147,中证交易所高等级绿色债券指数,交易所高等级绿色债,CSI Exchange High Grade Green Bond Index,Exchange High Grade Green Bond,,,,117.32,0.02,0.02,4.3,4.39,149.0,,2020-09-07,中证交易所高等级绿色债券指数
2020-09-07,931145,中证绿色债券指数,中证绿色债,CSI Green Bond Index,CSI Green Bond,,,,116.51,0.02,0.02,4.3,4.39,335.0,,2020-09-07,中证绿色债券指数
2020-09-08,930951,中证交易所绿色债券指数,交易所绿色债,CSI Exchange Green Bond Index,Exchange Green Bond,,,,117.46,-0.03,-0.03,4.3,4.33,160.0,,2020-09-08,中证交易所绿色债券指数
2020-09-08,931147,中证交易所高等级绿色债券指数,交易所高等级绿色债,CSI Exchange High Grade Green Bond Index,Exchange High Grade Green Bond,,,,117.29,-0.03,-0.03,4.1,4.13,149.0,,2020-09-08,中证交易所高等级绿色债券指数
2020-09-08,931145,中证绿色债券指数,中证绿色债,CSI Green Bond Index,CSI Green Bond,,,,116.47,-0.03,-0.03,36.6,36.96,335.0,,2020-09-08,中证绿色债券指数
2020-09-09,930951,中证交易所绿色债券指数,交易所绿色债,CSI Exchange Green Bond Index,Exchange Green Bond,,,,117.49,0.03,0.03,4.4,4.41,160.0,,2020-09-09,中证交易所绿色债券指数
2020-09-09,931147,中证交易所高等级绿色债券指数,交易所高等级绿色债,CSI Exchange High Grade Green Bond Index,Exchange High Grade Green Bond,,,,117.32,0.03,0.02,4.4,4.41,149.0,,2020-09-09,中证交易所高等级绿色债券指数
2020-09-09,931145,中证绿色债券指数,中证绿色债,CSI Green Bond Index,CSI Green Bond,,,,116.48,0.01,0.01,4.4,4.41,335.0,,2020-09-09,中证绿色债券指数
2020-09-10,930951,中证交易所绿色债券指数,交易所绿色债,CSI Exchange Green Bond Index,Exchange Green Bond,,,,117.53,0.04,0.03,7.0,6.93,160.0,,2020-09-10,中证交易所绿色债券指数
2020-09-10,931147,中证交易所高等级绿色债券指数,交易所高等级绿色债,CSI Exchange High Grade Green Bond Index,Exchange High Grade Green Bond,,,,117.34,0.02,0.02,7.0,6.93,149.0,,2020-09-10,中证交易所高等级绿色债券指数
2020-09-10,931145,中证绿色债券指数,中证绿色债,CSI Green Bond Index,CSI Green Bond,,,,116.51,0.03,0.03,7.0,6.93,335.0,,2020-09-10,中证绿色债券指数
2020-09-11,930951,中证交易所绿色债券指数,交易所绿色债,CSI Exchange Green Bond Index,Exchange Green Bond,,,,117.55,0.02,0.02,5.91,5.99,160.0,,2020-09-11,中证交易所绿色债券指数
2020-09-11,931147,中证交易所高等级绿色债券指数,交易所高等级绿色债,CSI Exchange High Grade Green Bond Index,Exchange High Grade Green Bond,,,,117.36,0.02,0.02,5.91,5.99,149.0,,2020-09-11,中证交易所高等级绿色债券指数
2020-09-11,931145,中证绿色债券指数,中证绿色债,CSI Green Bond Index,CSI Green Bond,,,,116.52,0.01,0.01,5.91,5.99,335.0,,2020-09-11,中证绿色债券指数
2020-09-14,930951,中证交易所绿色债券指数,交易所绿色债,CSI Exchange Green Bond Index,Exchange Green Bond,,,,117.58,0.03,0.03,4.9,4.92,160.0,,2020-09-14,中证交易所绿色债券指数
2020-09-14,931147,中证交易所高等级绿色债券指数,交易所高等级绿色债,CSI Exchange High Grade Green Bond Index,Exchange High Grade Green Bond,,,,117.39,0.03,0.03,4.9,4.92,149.0,,2020-09-14,中证交易所高等级绿色债券指数
2020-09-14,931145,中证绿色债券指数,中证绿色债,CSI Green Bond Index,CSI Green Bond,,,,116.56,0.04,0.04,4.9,4.92,335.0,,2020-09-14,中证绿色债券指数
2020-09-15,930951,中证交易所绿色债券指数,交易所绿色债,CSI Exchange Green Bond Index,Exchange Green Bond,,,,117.61,0.03,0.02,7.49,7.51,160.0,,2020-09-15,中证交易所绿色债券指数
2020-09-15,931147,中证交易所高等级绿色债券指数,交易所高等级绿色债,CSI Exchange High Grade Green Bond Index,Exchange High Grade Green Bond,,,,117.42,0.03,0.03,4.09,4.11,149.0,,2020-09-15,中证交易所高等级绿色债券指数
2020-09-15,931145,中证绿色债券指数,中证绿色债,CSI Green Bond Index,CSI Green Bond,,,,116.58,0.02,0.02,60.72,60.68,335.0,,2020-09-15,中证绿色债券指数
2020-09-16,930951,中证交易所绿色债券指数,交易所绿色债,CSI Exchange Green Bond Index,Exchange Green Bond,,,,117.65,0.05,0.04,5.93,5.94,160.0,,2020-09-16,中证交易所绿色债券指数
2020-09-16,931147,中证交易所高等级绿色债券指数,交易所高等级绿色债,CSI Exchange High Grade Green Bond Index,Exchange High Grade Green Bond,,,,117.47,0.05,0.04,5.93,5.94,149.0,,2020-09-16,中证交易所高等级绿色债券指数
2020-09-16,931145,中证绿色债券指数,中证绿色债,CSI Green Bond Index,CSI Green Bond,,,,116.61,0.03,0.03,5.93,5.94,335.0,,2020-09-16,中证绿色债券指数
2020-09-17,930951,中证交易所绿色债券指数,交易所绿色债,CSI Exchange Green Bond Index,Exchange Green Bond,,,,117.72,0.07,0.06,2.61,2.64,160.0,,2020-09-17,中证交易所绿色债券指数
2020-09-17,931147,中证交易所高等级绿色债券指数,交易所高等级绿色债,CSI Exchange High Grade Green Bond Index,Exchange High Grade Green Bond,,,,117.53,0.06,0.05,2.61,2.64,149.0,,2020-09-17,中证交易所高等级绿色债券指数
2020-09-17,931145,中证绿色债券指数,中证绿色债,CSI Green Bond Index,CSI Green Bond,,,,116.65,0.04,0.03,2.61,2.64,335.0,,2020-09-17,中证绿色债券指数
2020-09-18,930951,中证交易所绿色债券指数,交易所绿色债,CSI Exchange Green Bond Index,Exchange Green Bond,,,,117.73,0.02,0.01,2.57,2.53,160.0,,2020-09-18,中证交易所绿色债券指数
2020-09-18,931147,中证交易所高等级绿色债券指数,交易所高等级绿色债,CSI Exchange High Grade Green Bond Index,Exchange High Grade Green Bond,,,,117.55,0.02,0.02,1.07,1.07,149.0,,2020-09-18,中证交易所高等级绿色债券指数
2020-09-18,931145,中证绿色债券指数,中证绿色债,CSI Green Bond Index,CSI Green Bond,,,,116.67,0.02,0.02,2.57,2.53,335.0,,2020-09-18,中证绿色债券指数
2020-09-21,930951,中证交易所绿色债券指数,交易所绿色债,CSI Exchange Green Bond Index,Exchange Green Bond,,,,117.77,0.04,0.03,5.9,5.84,160.0,,2020-09-21,中证交易所绿色债券指数
2020-09-21,931147,中证交易所高等级绿色债券指数,交易所高等级绿色债,CSI Exchange High Grade Green Bond Index,Exchange High Grade Green Bond,,,,117.59,0.03,0.03,5.9,5.84,149.0,,2020-09-21,中证交易所高等级绿色债券指数
2020-09-21,931145,中证绿色债券指数,中证绿色债,CSI Green Bond Index,CSI Green Bond,,,,116.69,0.02,0.02,5.9,5.84,335.0,,2020-09-21,中证绿色债券指数
2020-09-22,930951,中证交易所绿色债券指数,交易所绿色债,CSI Exchange Green Bond Index,Exchange Green Bond,,,,117.8,0.03,0.03,0.73,0.74,160.0,,2020-09-22,中证交易所绿色债券指数
2020-09-22,931147,中证交易所高等级绿色债券指数,交易所高等级绿色债,CSI Exchange High Grade Green Bond Index,Exchange High Grade Green Bond,,,,117.61,0.03,0.02,0.68,0.69,149.0,,2020-09-22,中证交易所高等级绿色债券指数
2020-09-22,931145,中证绿色债券指数,中证绿色债,CSI Green Bond Index,CSI Green Bond,,,,116.7,0.01,0.01,0.73,0.74,335.0,,2020-09-22,中证绿色债券指数
2020-09-23,930951,中证交易所绿色债券指数,交易所绿色债,CSI Exchange Green Bond Index,Exchange Green Bond,,,,117.82,0.02,0.01,2.4,2.4,160.0,,2020-09-23,中证交易所绿色债券指数
2020-09-23,931147,中证交易所高等级绿色债券指数,交易所高等级绿色债,CSI Exchange High Grade Green Bond Index,Exchange High Grade Green Bond,,,,117.64,0.02,0.02,2.4,2.4,149.0,,2020-09-23,中证交易所高等级绿色债券指数
2020-09-23,931145,中证绿色债券指数,中证绿色债,CSI Green Bond Index,CSI Green Bond,,,,116.72,0.01,0.01,2.4,2.4,335.0,,2020-09-23,中证绿色债券指数
2020-09-24,930951,中证交易所绿色债券指数,交易所绿色债,CSI Exchange Green Bond Index,Exchange Green Bond,,,,117.81,-0.01,-0.01,3.55,3.59,160.0,,2020-09-24,中证交易所绿色债券指数
2020-09-24,931147,中证交易所高等级绿色债券指数,交易所高等级绿色债,CSI Exchange High Grade Green Bond Index,Exchange High Grade Green Bond,,,,117.63,-0.01,-0.01,3.55,3.59,149.0,,2020-09-24,中证交易所高等级绿色债券指数
2020-09-24,931145,中证绿色债券指数,中证绿色债,CSI Green Bond Index,CSI Green Bond,,,,116.74,0.03,0.02,3.55,3.59,335.0,,2020-09-24,中证绿色债券指数
2020-09-25,930951,中证交易所绿色债券指数,交易所绿色债,CSI Exchange Green Bond Index,Exchange Green Bond,,,,117.81,0.0,0.0,2.7,2.69,160.0,,2020-09-25,中证交易所绿色债券指数
2020-09-25,931147,中证交易所高等级绿色债券指数,交易所高等级绿色债,CSI Exchange High Grade Green Bond Index,Exchange High Grade Green Bond,,,,117.62,-0.01,-0.01,2.7,2.69,149.0,,2020-09-25,中证交易所高等级绿色债券指数
2020-09-25,931145,中证绿色债券指数,中证绿色债,CSI Green Bond Index,CSI Green Bond,,,,116.74,0.0,0.0,2.7,2.69,335.0,,2020-09-25,中证绿色债券指数
2020-09-28,930951,中证交易所绿色债券指数,交易所绿色债,CSI Exchange Green Bond Index,Exchange Green Bond,,,,117.85,0.04,0.04,4.63,4.63,160.0,,2020-09-28,中证交易所绿色债券指数
2020-09-28,931147,中证交易所高等级绿色债券指数,交易所高等级绿色债,CSI Exchange High Grade Green Bond Index,Exchange High Grade Green Bond,,,,117.66,0.04,0.03,4.63,4.63,149.0,,2020-09-28,中证交易所高等级绿色债券指数
2020-09-28,931145,中证绿色债券指数,中证绿色债,CSI Green Bond Index,CSI Green Bond,,,,116.77,0.03,0.02,4.63,4.63,335.0,,2020-09-28,中证绿色债券指数
2020-09-29,930951,中证交易所绿色债券指数,交易所绿色债,CSI Exchange Green Bond Index,Exchange Green Bond,,,,117.84,-0.01,-0.01,0.75,0.75,160.0,,2020-09-29,中证交易所绿色债券指数
2020-09-29,931147,中证交易所高等级绿色债券指数,交易所高等级绿色债,CSI Exchange High Grade Green Bond Index,Exchange High Grade Green Bond,,,,117.66,-0.01,-0.01,0.6,0.6,149.0,,2020-09-29,中证交易所高等级绿色债券指数
2020-09-29,931145,中证绿色债券指数,中证绿色债,CSI Green Bond Index,CSI Green Bond,,,,116.77,0.0,0.0,0.75,0.75,335.0,,2020-09-29,中证绿色债券指数
2020-09-30,930951,中证交易所绿色债券指数,交易所绿色债,CSI Exchange Green Bond Index,Exchange Green Bond,,,,117.84,0.01,0.01,0.0,0.0,160.0,,2020-09-30,中证交易所绿色债券指数
2020-09-30,931147,中证交易所高等级绿色债券指数,交易所高等级绿色债,CSI Exchange High Grade Green Bond Index,Exchange High Grade Green Bond,,,,117.66,0.01,0.01,0.0,0.0,149.0,,2020-09-30,中证交易所高等级绿色债券指数
2020-09-30,931145,中证绿色债券指数,中证绿色债,CSI Green Bond Index,CSI Green Bond,,,,116.78,0.01,0.01,0.0,0.0,335.0,,2020-09-30,中证绿色债券指数
2020-10-09,930951,中证交易所绿色债券指数,交易所绿色债,CSI Exchange Green Bond Index,Exchange Green Bond,,,,117.92,0.08,0.07,0.1,0.1,170.0,,2020-10-09,中证交易所绿色债券指数
2020-10-09,931147,中证交易所高等级绿色债券指数,交易所高等级绿色债,CSI Exchange High Grade Green Bond Index,Exchange High Grade Green Bond,,,,117.74,0.08,0.07,0.1,0.1,159.0,,2020-10-09,中证交易所高等级绿色债券指数
2020-10-09,931145,中证绿色债券指数,中证绿色债,CSI Green Bond Index,CSI Green Bond,,,,116.87,0.08,0.07,0.1,0.1,345.0,,2020-10-09,中证绿色债券指数
2020-10-12,930951,中证交易所绿色债券指数,交易所绿色债,CSI Exchange Green Bond Index,Exchange Green Bond,,,,117.93,0.01,0.0,2.3,2.3,170.0,,2020-10-12,中证交易所绿色债券指数
2020-10-12,931147,中证交易所高等级绿色债券指数,交易所高等级绿色债,CSI Exchange High Grade Green Bond Index,Exchange High Grade Green Bond,,,,117.74,0.0,0.0,2.3,2.3,159.0,,2020-10-12,中证交易所高等级绿色债券指数
2020-10-12,931145,中证绿色债券指数,中证绿色债,CSI Green Bond Index,CSI Green Bond,,,,116.87,0.01,0.01,2.3,2.3,345.0,,2020-10-12,中证绿色债券指数
2020-10-13,930951,中证交易所绿色债券指数,交易所绿色债,CSI Exchange Green Bond Index,Exchange Green Bond,,,,117.97,0.04,0.04,10.63,10.64,170.0,,2020-10-13,中证交易所绿色债券指数
2020-10-13,931147,中证交易所高等级绿色债券指数,交易所高等级绿色债,CSI Exchange High Grade Green Bond Index,Exchange High Grade Green Bond,,,,117.78,0.04,0.04,10.63,10.64,159.0,,2020-10-13,中证交易所高等级绿色债券指数
2020-10-13,931145,中证绿色债券指数,中证绿色债,CSI Green Bond Index,CSI Green Bond,,,,116.9,0.02,0.02,10.63,10.64,345.0,,2020-10-13,中证绿色债券指数
2020-10-14,930951,中证交易所绿色债券指数,交易所绿色债,CSI Exchange Green Bond Index,Exchange Green Bond,,,,117.97,0.0,0.0,2.31,2.29,170.0,,2020-10-14,中证交易所绿色债券指数
2020-10-14,931147,中证交易所高等级绿色债券指数,交易所高等级绿色债,CSI Exchange High Grade Green Bond Index,Exchange High Grade Green Bond,,,,117.78,0.0,0.0,2.31,2.29,159.0,,2020-10-14,中证交易所高等级绿色债券指数
2020-10-14,931145,中证绿色债券指数,中证绿色债,CSI Green Bond Index,CSI Green Bond,,,,116.9,0.0,0.0,2.31,2.29,345.0,,2020-10-14,中证绿色债券指数
2020-10-15,930951,中证交易所绿色债券指数,交易所绿色债,CSI Exchange Green Bond Index,Exchange Green Bond,,,,118.0,0.03,0.03,6.71,6.74,170.0,,2020-10-15,中证交易所绿色债券指数
2020-10-15,931147,中证交易所高等级绿色债券指数,交易所高等级绿色债,CSI Exchange High Grade Green Bond Index,Exchange High Grade Green Bond,,,,117.81,0.03,0.03,6.71,6.74,159.0,,2020-10-15,中证交易所高等级绿色债券指数
2020-10-15,931145,中证绿色债券指数,中证绿色债,CSI Green Bond Index,CSI Green Bond,,,,116.93,0.03,0.03,6.71,6.74,345.0,,2020-10-15,中证绿色债券指数
2020-10-16,930951,中证交易所绿色债券指数,交易所绿色债,CSI Exchange Green Bond Index,Exchange Green Bond,,,,118.05,0.04,0.04,1.6,1.62,170.0,,2020-10-16,中证交易所绿色债券指数
2020-10-16,931147,中证交易所高等级绿色债券指数,交易所高等级绿色债,CSI Exchange High Grade Green Bond Index,Exchange High Grade Green Bond,,,,117.86,0.04,0.04,1.4,1.42,159.0,,2020-10-16,中证交易所高等级绿色债券指数
2020-10-16,931145,中证绿色债券指数,中证绿色债,CSI Green Bond Index,CSI Green Bond,,,,116.94,0.02,0.01,1.6,1.62,345.0,,2020-10-16,中证绿色债券指数
2020-10-19,930951,中证交易所绿色债券指数,交易所绿色债,CSI Exchange Green Bond Index,Exchange Green Bond,,,,118.09,0.05,0.04,4.26,4.28,170.0,,2020-10-19,中证交易所绿色债券指数
2020-10-19,931147,中证交易所高等级绿色债券指数,交易所高等级绿色债,CSI Exchange High Grade Green Bond Index,Exchange High Grade Green Bond,,,,117.9,0.05,0.04,4.26,4.28,159.0,,2020-10-19,中证交易所高等级绿色债券指数
2020-10-19,931145,中证绿色债券指数,中证绿色债,CSI Green Bond Index,CSI Green Bond,,,,116.98,0.04,0.03,4.26,4.28,345.0,,2020-10-19,中证绿色债券指数
2020-10-20,930951,中证交易所绿色债券指数,交易所绿色债,CSI Exchange Green Bond Index,Exchange Green Bond,,,,118.12,0.03,0.03,1.6,1.59,170.0,,2020-10-20,中证交易所绿色债券指数
2020-10-20,931147,中证交易所高等级绿色债券指数,交易所高等级绿色债,CSI Exchange High Grade Green Bond Index,Exchange High Grade Green Bond,,,,117.93,0.03,0.02,1.6,1.59,159.0,,2020-10-20,中证交易所高等级绿色债券指数
2020-10-20,931145,中证绿色债券指数,中证绿色债,CSI Green Bond Index,CSI Green Bond,,,,117.01,0.02,0.02,1.6,1.59,345.0,,2020-10-20,中证绿色债券指数
2020-10-21,930951,中证交易所绿色债券指数,交易所绿色债,CSI Exchange Green Bond Index,Exchange Green Bond,,,,118.17,0.05,0.04,2.9,2.85,170.0,,2020-10-21,中证交易所绿色债券指数
2020-10-21,931147,中证交易所高等级绿色债券指数,交易所高等级绿色债,CSI Exchange High Grade Green Bond Index,Exchange High Grade Green Bond,,,,117.97,0.04,0.04,2.8,2.75,159.0,,2020-10-21,中证交易所高等级绿色债券指数
2020-10-21,931145,中证绿色债券指数,中证绿色债,CSI Green Bond Index,CSI Green Bond,,,,117.04,0.03,0.03,2.9,2.85,345.0,,2020-10-21,中证绿色债券指数
2020-10-22,930951,中证交易所绿色债券指数,交易所绿色债,CSI Exchange Green Bond Index,Exchange Green Bond,,,,118.22,0.05,0.05,5.8,5.8,170.0,,2020-10-22,中证交易所绿色债券指数
2020-10-22,931147,中证交易所高等级绿色债券指数,交易所高等级绿色债,CSI Exchange High Grade Green Bond Index,Exchange High Grade Green Bond,,,,118.02,0.05,0.05,5.8,5.8,159.0,,2020-10-22,中证交易所高等级绿色债券指数
2020-10-22,931145,中证绿色债券指数,中证绿色债,CSI Green Bond Index,CSI Green Bond,,,,117.07,0.03,0.03,5.8,5.8,345.0,,2020-10-22,中证绿色债券指数
2020-10-23,930951,中证交易所绿色债券指数,交易所绿色债,CSI Exchange Green Bond Index,Exchange Green Bond,,,,118.26,0.04,0.04,0.92,0.94,170.0,,2020-10-23,中证交易所绿色债券指数
2020-10-23,931147,中证交易所高等级绿色债券指数,交易所高等级绿色债,CSI Exchange High Grade Green Bond Index,Exchange High Grade Green Bond,,,,118.07,0.04,0.04,0.92,0.94,159.0,,2020-10-23,中证交易所高等级绿色债券指数
2020-10-23,931145,中证绿色债券指数,中证绿色债,CSI Green Bond Index,CSI Green Bond,,,,117.1,0.03,0.02,0.92,0.94,345.0,,2020-10-23,中证绿色债券指数
2020-10-26,930951,中证交易所绿色债券指数,交易所绿色债,CSI Exchange Green Bond Index,Exchange Green Bond,,,,118.33,0.07,0.06,14.42,14.41,170.0,,2020-10-26,中证交易所绿色债券指数
2020-10-26,931147,中证交易所高等级绿色债券指数,交易所高等级绿色债,CSI Exchange High Grade Green Bond Index,Exchange High Grade Green Bond,,,,118.14,0.07,0.06,14.42,14.41,159.0,,2020-10-26,中证交易所高等级绿色债券指数
2020-10-26,931145,中证绿色债券指数,中证绿色债,CSI Green Bond Index,CSI Green Bond,,,,117.14,0.05,0.04,14.42,14.41,345.0,,2020-10-26,中证绿色债券指数
2020-10-27,930951,中证交易所绿色债券指数,交易所绿色债,CSI Exchange Green Bond Index,Exchange Green Bond,,,,118.34,0.01,0.01,4.62,4.68,170.0,,2020-10-27,中证交易所绿色债券指数
2020-10-27,931147,中证交易所高等级绿色债券指数,交易所高等级绿色债,CSI Exchange High Grade Green Bond Index,Exchange High Grade Green Bond,,,,118.15,0.01,0.01,4.62,4.68,159.0,,2020-10-27,中证交易所高等级绿色债券指数
2020-10-27,931145,中证绿色债券指数,中证绿色债,CSI Green Bond Index,CSI Green Bond,,,,117.14,0.0,0.0,4.62,4.68,345.0,,2020-10-27,中证绿色债券指数
2020-10-28,930951,中证交易所绿色债券指数,交易所绿色债,CSI Exchange Green Bond Index,Exchange Green Bond,,,,118.34,0.01,0.0,1.7,1.71,170.0,,2020-10-28,中证交易所绿色债券指数
2020-10-28,931147,中证交易所高等级绿色债券指数,交易所高等级绿色债,CSI Exchange High Grade Green Bond Index,Exchange High Grade Green Bond,,,,118.16,0.0,0.0,1.7,1.71,159.0,,2020-10-28,中证交易所高等级绿色债券指数
2020-10-28,931145,中证绿色债券指数,中证绿色债,CSI Green Bond Index,CSI Green Bond,,,,117.16,0.02,0.01,1.7,1.71,345.0,,2020-10-28,中证绿色债券指数
2020-10-29,930951,中证交易所绿色债券指数,交易所绿色债,CSI Exchange Green Bond Index,Exchange Green Bond,,,,118.37,0.02,0.02,4.4,4.42,170.0,,2020-10-29,中证交易所绿色债券指数
2020-10-29,931147,中证交易所高等级绿色债券指数,交易所高等级绿色债,CSI Exchange High Grade Green Bond Index,Exchange High Grade Green Bond,,,,118.17,0.02,0.02,4.4,4.42,159.0,,2020-10-29,中证交易所高等级绿色债券指数
2020-10-29,931145,中证绿色债券指数,中证绿色债,CSI Green Bond Index,CSI Green Bond,,,,117.17,0.01,0.01,4.4,4.42,345.0,,2020-10-29,中证绿色债券指数
2020-10-30,930951,中证交易所绿色债券指数,交易所绿色债,CSI Exchange Green Bond Index,Exchange Green Bond,,,,118.39,0.03,0.02,1.04,1.04,170.0,,2020-10-30,中证交易所绿色债券指数
2020-10-30,931147,中证交易所高等级绿色债券指数,交易所高等级绿色债,CSI Exchange High Grade Green Bond Index,Exchange High Grade Green Bond,,,,118.2,0.03,0.02,1.04,1.04,159.0,,2020-10-30,中证交易所高等级绿色债券指数
2020-10-30,931145,中证绿色债券指数,中证绿色债,CSI Green Bond Index,CSI Green Bond,,,,117.18,0.02,0.01,1.04,1.04,345.0,,2020-10-30,中证绿色债券指数
2020-11-02,930951,中证交易所绿色债券指数,交易所绿色债,CSI Exchange Green Bond Index,Exchange Green Bond,,,,118.41,0.02,0.02,1.26,1.25,176.0,,2020-11-02,中证交易所绿色债券指数
2020-11-02,931147,中证交易所高等级绿色债券指数,交易所高等级绿色债,CSI Exchange High Grade Green Bond Index,Exchange High Grade Green Bond,,,,118.22,0.02,0.02,1.26,1.25,164.0,,2020-11-02,中证交易所高等级绿色债券指数
2020-11-02,931145,中证绿色债券指数,中证绿色债,CSI Green Bond Index,CSI Green Bond,,,,117.21,0.02,0.02,1.26,1.25,350.0,,2020-11-02,中证绿色债券指数
2020-11-03,930951,中证交易所绿色债券指数,交易所绿色债,CSI Exchange Green Bond Index,Exchange Green Bond,,,,118.44,0.03,0.03,2.01,2.01,176.0,,2020-11-03,中证交易所绿色债券指数
2020-11-03,931147,中证交易所高等级绿色债券指数,交易所高等级绿色债,CSI Exchange High Grade Green Bond Index,Exchange High Grade Green Bond,,,,118.25,0.03,0.03,2.01,2.01,164.0,,2020-11-03,中证交易所高等级绿色债券指数
2020-11-03,931145,中证绿色债券指数,中证绿色债,CSI Green Bond Index,CSI Green Bond,,,,117.23,0.03,0.02,2.01,2.01,350.0,,2020-11-03,中证绿色债券指数
2020-11-04,930951,中证交易所绿色债券指数,交易所绿色债,CSI Exchange Green Bond Index,Exchange Green Bond,,,,118.47,0.03,0.02,7.25,7.25,176.0,,2020-11-04,中证交易所绿色债券指数
2020-11-04,931147,中证交易所高等级绿色债券指数,交易所高等级绿色债,CSI Exchange High Grade Green Bond Index,Exchange High Grade Green Bond,,,,118.27,0.03,0.02,7.25,7.25,164.0,,2020-11-04,中证交易所高等级绿色债券指数
2020-11-04,931145,中证绿色债券指数,中证绿色债,CSI Green Bond Index,CSI Green Bond,,,,117.24,0.01,0.01,7.25,7.25,350.0,,2020-11-04,中证绿色债券指数
2020-11-05,930951,中证交易所绿色债券指数,交易所绿色债,CSI Exchange Green Bond Index,Exchange Green Bond,,,,118.51,0.04,0.03,6.75,6.74,176.0,,2020-11-05,中证交易所绿色债券指数
2020-11-05,931147,中证交易所高等级绿色债券指数,交易所高等级绿色债,CSI Exchange High Grade Green Bond Index,Exchange High Grade Green Bond,,,,118.31,0.03,0.03,6.75,6.74,164.0,,2020-11-05,中证交易所高等级绿色债券指数
2020-11-05,931145,中证绿色债券指数,中证绿色债,CSI Green Bond Index,CSI Green Bond,,,,117.27,0.03,0.02,6.75,6.74,350.0,,2020-11-05,中证绿色债券指数
2020-11-06,930951,中证交易所绿色债券指数,交易所绿色债,CSI Exchange Green Bond Index,Exchange Green Bond,,,,118.54,0.03,0.03,1.8,1.81,176.0,,2020-11-06,中证交易所绿色债券指数
2020-11-06,931147,中证交易所高等级绿色债券指数,交易所高等级绿色债,CSI Exchange High Grade Green Bond Index,Exchange High Grade Green Bond,,,,118.35,0.04,0.03,1.8,1.81,164.0,,2020-11-06,中证交易所高等级绿色债券指数
2020-11-06,931145,中证绿色债券指数,中证绿色债,CSI Green Bond Index,CSI Green Bond,,,,117.3,0.03,0.02,1.8,1.81,350.0,,2020-11-06,中证绿色债券指数
2020-11-09,930951,中证交易所绿色债券指数,交易所绿色债,CSI Exchange Green Bond Index,Exchange Green Bond,,,,118.57,0.03,0.03,3.5,3.53,176.0,,2020-11-09,中证交易所绿色债券指数
2020-11-09,931147,中证交易所高等级绿色债券指数,交易所高等级绿色债,CSI Exchange High Grade Green Bond Index,Exchange High Grade Green Bond,,,,118.38,0.03,0.03,3.5,3.53,164.0,,2020-11-09,中证交易所高等级绿色债券指数
2020-11-09,931145,中证绿色债券指数,中证绿色债,CSI Green Bond Index,CSI Green Bond,,,,117.33,0.03,0.03,3.5,3.53,350.0,,2020-11-09,中证绿色债券指数
2020-11-10,930951,中证交易所绿色债券指数,交易所绿色债,CSI Exchange Green Bond Index,Exchange Green Bond,,,,118.56,-0.01,-0.01,5.61,5.54,176.0,,2020-11-10,中证交易所绿色债券指数
2020-11-10,931147,中证交易所高等级绿色债券指数,交易所高等级绿色债,CSI Exchange High Grade Green Bond Index,Exchange High Grade Green Bond,,,,118.37,-0.01,-0.01,5.51,5.45,164.0,,2020-11-10,中证交易所高等级绿色债券指数
2020-11-10,931145,中证绿色债券指数,中证绿色债,CSI Green Bond Index,CSI Green Bond,,,,117.32,-0.01,-0.01,5.61,5.54,350.0,,2020-11-10,中证绿色债券指数
2020-11-11,930951,中证交易所绿色债券指数,交易所绿色债,CSI Exchange Green Bond Index,Exchange Green Bond,,,,118.53,-0.04,-0.03,6.01,6.03,176.0,,2020-11-11,中证交易所绿色债券指数
2020-11-11,931147,中证交易所高等级绿色债券指数,交易所高等级绿色债,CSI Exchange High Grade Green Bond Index,Exchange High Grade Green Bond,,,,118.33,-0.03,-0.03,6.01,6.03,164.0,,2020-11-11,中证交易所高等级绿色债券指数
2020-11-11,931145,中证绿色债券指数,中证绿色债,CSI Green Bond Index,CSI Green Bond,,,,117.3,-0.02,-0.02,6.01,6.03,350.0,,2020-11-11,中证绿色债券指数
2020-11-12,930951,中证交易所绿色债券指数,交易所绿色债,CSI Exchange Green Bond Index,Exchange Green Bond,,,,118.51,-0.01,-0.01,6.9,6.9,176.0,,2020-11-12,中证交易所绿色债券指数
2020-11-12,931147,中证交易所高等级绿色债券指数,交易所高等级绿色债,CSI Exchange High Grade Green Bond Index,Exchange High Grade Green Bond,,,,118.31,-0.02,-0.02,6.7,6.7,164.0,,2020-11-12,中证交易所高等级绿色债券指数
2020-11-12,931145,中证绿色债券指数,中证绿色债,CSI Green Bond Index,CSI Green Bond,,,,117.29,-0.01,-0.01,6.9,6.9,350.0,,2020-11-12,中证绿色债券指数
2020-11-13,930951,中证交易所绿色债券指数,交易所绿色债,CSI Exchange Green Bond Index,Exchange Green Bond,,,,118.41,-0.11,-0.09,4.33,4.34,176.0,,2020-11-13,中证交易所绿色债券指数
2020-11-13,931147,中证交易所高等级绿色债券指数,交易所高等级绿色债,CSI Exchange High Grade Green Bond Index,Exchange High Grade Green Bond,,,,118.21,-0.1,-0.09,4.33,4.34,164.0,,2020-11-13,中证交易所高等级绿色债券指数
2020-11-13,931145,中证绿色债券指数,中证绿色债,CSI Green Bond Index,CSI Green Bond,,,,117.22,-0.06,-0.06,4.33,4.34,350.0,,2020-11-13,中证绿色债券指数
2020-11-16,930951,中证交易所绿色债券指数,交易所绿色债,CSI Exchange Green Bond Index,Exchange Green Bond,,,,118.33,-0.08,-0.07,14.6,14.32,176.0,,2020-11-16,中证交易所绿色债券指数
2020-11-16,931147,中证交易所高等级绿色债券指数,交易所高等级绿色债,CSI Exchange High Grade Green Bond Index,Exchange High Grade Green Bond,,,,118.13,-0.08,-0.07,14.6,14.32,164.0,,2020-11-16,中证交易所高等级绿色债券指数
2020-11-16,931145,中证绿色债券指数,中证绿色债,CSI Green Bond Index,CSI Green Bond,,,,117.19,-0.03,-0.02,14.6,14.32,350.0,,2020-11-16,中证绿色债券指数
2020-11-17,930951,中证交易所绿色债券指数,交易所绿色债,CSI Exchange Green Bond Index,Exchange Green Bond,,,,118.26,-0.07,-0.06,4.39,4.21,176.0,,2020-11-17,中证交易所绿色债券指数
2020-11-17,931147,中证交易所高等级绿色债券指数,交易所高等级绿色债,CSI Exchange High Grade Green Bond Index,Exchange High Grade Green Bond,,,,118.05,-0.08,-0.07,4.39,4.21,164.0,,2020-11-17,中证交易所高等级绿色债券指数
2020-11-17,931145,中证绿色债券指数,中证绿色债,CSI Green Bond Index,CSI Green Bond,,,,117.15,-0.04,-0.04,4.39,4.21,350.0,,2020-11-17,中证绿色债券指数
2020-11-18,930951,中证交易所绿色债券指数,交易所绿色债,CSI Exchange Green Bond Index,Exchange Green Bond,,,,118.2,-0.05,-0.04,1.65,1.65,176.0,,2020-11-18,中证交易所绿色债券指数
2020-11-18,931147,中证交易所高等级绿色债券指数,交易所高等级绿色债,CSI Exchange High Grade Green Bond Index,Exchange High Grade Green Bond,,,,118.0,-0.05,-0.04,1.65,1.65,164.0,,2020-11-18,中证交易所高等级绿色债券指数
2020-11-18,931145,中证绿色债券指数,中证绿色债,CSI Green Bond Index,CSI Green Bond,,,,117.12,-0.04,-0.03,1.65,1.65,350.0,,2020-11-18,中证绿色债券指数
2020-11-19,930951,中证交易所绿色债券指数,交易所绿色债,CSI Exchange Green Bond Index,Exchange Green Bond,,,,118.11,-0.09,-0.08,4.6,4.6,176.0,,2020-11-19,中证交易所绿色债券指数
2020-11-19,931147,中证交易所高等级绿色债券指数,交易所高等级绿色债,CSI Exchange High Grade Green Bond Index,Exchange High Grade Green Bond,,,,117.91,-0.09,-0.08,4.6,4.6,164.0,,2020-11-19,中证交易所高等级绿色债券指数
2020-11-19,931145,中证绿色债券指数,中证绿色债,CSI Green Bond Index,CSI Green Bond,,,,117.06,-0.05,-0.04,4.6,4.6,350.0,,2020-11-19,中证绿色债券指数
2020-11-20,930951,中证交易所绿色债券指数,交易所绿色债,CSI Exchange Green Bond Index,Exchange Green Bond,,,,118.03,-0.08,-0.07,4.0,4.0,176.0,,2020-11-20,中证交易所绿色债券指数
2020-11-20,931147,中证交易所高等级绿色债券指数,交易所高等级绿色债,CSI Exchange High Grade Green Bond Index,Exchange High Grade Green Bond,,,,117.81,-0.09,-0.08,4.0,4.0,164.0,,2020-11-20,中证交易所高等级绿色债券指数
2020-11-20,931145,中证绿色债券指数,中证绿色债,CSI Green Bond Index,CSI Green Bond,,,,117.02,-0.05,-0.04,4.0,4.0,350.0,,2020-11-20,中证绿色债券指数
2020-11-23,930951,中证交易所绿色债券指数,交易所绿色债,CSI Exchange Green Bond Index,Exchange Green Bond,,,,117.96,-0.07,-0.06,2.55,2.55,176.0,,2020-11-23,中证交易所绿色债券指数
2020-11-23,931147,中证交易所高等级绿色债券指数,交易所高等级绿色债,CSI Exchange High Grade Green Bond Index,Exchange High Grade Green Bond,,,,117.74,-0.07,-0.06,2.55,2.55,164.0,,2020-11-23,中证交易所高等级绿色债券指数
2020-11-23,931145,中证绿色债券指数,中证绿色债,CSI Green Bond Index,CSI Green Bond,,,,117.0,-0.01,-0.01,2.55,2.55,350.0,,2020-11-23,中证绿色债券指数
2020-11-24,930951,中证交易所绿色债券指数,交易所绿色债,CSI Exchange Green Bond Index,Exchange Green Bond,,,,117.99,0.03,0.03,5.99,5.85,176.0,,2020-11-24,中证交易所绿色债券指数
2020-11-24,931147,中证交易所高等级绿色债券指数,交易所高等级绿色债,CSI Exchange High Grade Green Bond Index,Exchange High Grade Green Bond,,,,117.77,0.03,0.03,5.99,5.85,164.0,,2020-11-24,中证交易所高等级绿色债券指数
2020-11-24,931145,中证绿色债券指数,中证绿色债,CSI Green Bond Index,CSI Green Bond,,,,117.01,0.01,0.01,5.99,5.85,350.0,,2020-11-24,中证绿色债券指数
2020-11-25,930951,中证交易所绿色债券指数,交易所绿色债,CSI Exchange Green Bond Index,Exchange Green Bond,,,,118.01,0.02,0.02,8.95,8.64,176.0,,2020-11-25,中证交易所绿色债券指数
2020-11-25,931147,中证交易所高等级绿色债券指数,交易所高等级绿色债,CSI Exchange High Grade Green Bond Index,Exchange High Grade Green Bond,,,,117.79,0.02,0.01,8.8,8.52,164.0,,2020-11-25,中证交易所高等级绿色债券指数
2020-11-25,931145,中证绿色债券指数,中证绿色债,CSI Green Bond Index,CSI Green Bond,,,,117.03,0.01,0.01,8.95,8.64,350.0,,2020-11-25,中证绿色债券指数
2020-11-26,930951,中证交易所绿色债券指数,交易所绿色债,CSI Exchange Green Bond Index,Exchange Green Bond,,,,118.07,0.06,0.05,6.5,6.37,176.0,,2020-11-26,中证交易所绿色债券指数
2020-11-26,931147,中证交易所高等级绿色债券指数,交易所高等级绿色债,CSI Exchange High Grade Green Bond Index,Exchange High Grade Green Bond,,,,117.85,0.06,0.05,6.5,6.37,164.0,,2020-11-26,中证交易所高等级绿色债券指数
2020-11-26,931145,中证绿色债券指数,中证绿色债,CSI Green Bond Index,CSI Green Bond,,,,117.06,0.04,0.03,6.5,6.37,350.0,,2020-11-26,中证绿色债券指数
2020-11-27,930951,中证交易所绿色债券指数,交易所绿色债,CSI Exchange Green Bond Index,Exchange Green Bond,,,,118.1,0.03,0.02,2.0,2.01,176.0,,2020-11-27,中证交易所绿色债券指数
2020-11-27,931147,中证交易所高等级绿色债券指数,交易所高等级绿色债,CSI Exchange High Grade Green Bond Index,Exchange High Grade Green Bond,,,,117.88,0.03,0.03,2.0,2.01,164.0,,2020-11-27,中证交易所高等级绿色债券指数
2020-11-27,931145,中证绿色债券指数,中证绿色债,CSI Green Bond Index,CSI Green Bond,,,,117.09,0.02,0.02,2.0,2.01,350.0,,2020-11-27,中证绿色债券指数
2020-11-30,930951,中证交易所绿色债券指数,交易所绿色债,CSI Exchange Green Bond Index,Exchange Green Bond,,,,118.19,0.09,0.08,3.63,3.66,176.0,,2020-11-30,中证交易所绿色债券指数
2020-11-30,931147,中证交易所高等级绿色债券指数,交易所高等级绿色债,CSI Exchange High Grade Green Bond Index,Exchange High Grade Green Bond,,,,117.96,0.08,0.07,3.63,3.66,164.0,,2020-11-30,中证交易所高等级绿色债券指数
2020-11-30,931145,中证绿色债券指数,中证绿色债,CSI Green Bond Index,CSI Green Bond,,,,117.16,0.08,0.07,3.63,3.66,350.0,,2020-11-30,中证绿色债券指数
2020-12-01,930951,中证交易所绿色债券指数,交易所绿色债,CSI Exchange Green Bond Index,Exchange Green Bond,,,,118.22,0.03,0.03,5.76,5.77,185.0,,2020-12-01,中证交易所绿色债券指数
2020-12-01,931147,中证交易所高等级绿色债券指数,交易所高等级绿色债,CSI Exchange High Grade Green Bond Index,Exchange High Grade Green Bond,,,,117.99,0.03,0.03,5.76,5.77,172.0,,2020-12-01,中证交易所高等级绿色债券指数
2020-12-01,931145,中证绿色债券指数,中证绿色债,CSI Green Bond Index,CSI Green Bond,,,,117.21,0.04,0.04,5.76,5.77,360.0,,2020-12-01,中证绿色债券指数
2020-12-02,930951,中证交易所绿色债券指数,交易所绿色债,CSI Exchange Green Bond Index,Exchange Green Bond,,,,118.3,0.08,0.07,5.34,5.34,185.0,,2020-12-02,中证交易所绿色债券指数
2020-12-02,931147,中证交易所高等级绿色债券指数,交易所高等级绿色债,CSI Exchange High Grade Green Bond Index,Exchange High Grade Green Bond,,,,118.08,0.09,0.08,5.34,5.34,172.0,,2020-12-02,中证交易所高等级绿色债券指数
2020-12-02,931145,中证绿色债券指数,中证绿色债,CSI Green Bond Index,CSI Green Bond,,,,117.27,0.07,0.06,5.34,5.34,360.0,,2020-12-02,中证绿色债券指数
2020-12-03,930951,中证交易所绿色债券指数,交易所绿色债,CSI Exchange Green Bond Index,Exchange Green Bond,,,,118.33,0.03,0.03,5.75,5.71,185.0,,2020-12-03,中证交易所绿色债券指数
2020-12-03,931147,中证交易所高等级绿色债券指数,交易所高等级绿色债,CSI Exchange High Grade Green Bond Index,Exchange High Grade Green Bond,,,,118.12,0.03,0.03,5.75,5.71,172.0,,2020-12-03,中证交易所高等级绿色债券指数
2020-12-03,931145,中证绿色债券指数,中证绿色债,CSI Green Bond Index,CSI Green Bond,,,,117.3,0.03,0.03,5.75,5.71,360.0,,2020-12-03,中证绿色债券指数
2020-12-04,930951,中证交易所绿色债券指数,交易所绿色债,CSI Exchange Green Bond Index,Exchange Green Bond,,,,118.36,0.03,0.03,1.85,1.8,185.0,,2020-12-04,中证交易所绿色债券指数
2020-12-04,931147,中证交易所高等级绿色债券指数,交易所高等级绿色债,CSI Exchange High Grade Green Bond Index,Exchange High Grade Green Bond,,,,118.15,0.03,0.03,1.85,1.8,172.0,,2020-12-04,中证交易所高等级绿色债券指数
2020-12-04,931145,中证绿色债券指数,中证绿色债,CSI Green Bond Index,CSI Green Bond,,,,117.31,0.01,0.01,1.85,1.8,360.0,,2020-12-04,中证绿色债券指数
2020-12-07,930951,中证交易所绿色债券指数,交易所绿色债,CSI Exchange Green Bond Index,Exchange Green Bond,,,,118.39,0.03,0.02,4.94,4.91,185.0,,2020-12-07,中证交易所绿色债券指数
2020-12-07,931147,中证交易所高等级绿色债券指数,交易所高等级绿色债,CSI Exchange High Grade Green Bond Index,Exchange High Grade Green Bond,,,,118.17,0.02,0.02,4.94,4.91,172.0,,2020-12-07,中证交易所高等级绿色债券指数
2020-12-07,931145,中证绿色债券指数,中证绿色债,CSI Green Bond Index,CSI Green Bond,,,,117.35,0.04,0.04,4.94,4.91,360.0,,2020-12-07,中证绿色债券指数
2020-12-08,930951,中证交易所绿色债券指数,交易所绿色债,CSI Exchange Green Bond Index,Exchange Green Bond,,,,118.39,0.0,0.0,8.4,8.44,185.0,,2020-12-08,中证交易所绿色债券指数
2020-12-08,931147,中证交易所高等级绿色债券指数,交易所高等级绿色债,CSI Exchange High Grade Green Bond Index,Exchange High Grade Green Bond,,,,118.17,0.0,0.0,8.4,8.44,172.0,,2020-12-08,中证交易所高等级绿色债券指数
2020-12-08,931145,中证绿色债券指数,中证绿色债,CSI Green Bond Index,CSI Green Bond,,,,117.36,0.01,0.0,8.4,8.44,360.0,,2020-12-08,中证绿色债券指数
2020-12-09,930951,中证交易所绿色债券指数,交易所绿色债,CSI Exchange Green Bond Index,Exchange Green Bond,,,,118.43,0.04,0.04,12.0,11.85,185.0,,2020-12-09,中证交易所绿色债券指数
2020-12-09,931147,中证交易所高等级绿色债券指数,交易所高等级绿色债,CSI Exchange High Grade Green Bond Index,Exchange High Grade Green Bond,,,,118.21,0.04,0.04,12.0,11.85,172.0,,2020-12-09,中证交易所高等级绿色债券指数
2020-12-09,931145,中证绿色债券指数,中证绿色债,CSI Green Bond Index,CSI Green Bond,,,,117.39,0.03,0.03,12.0,11.85,360.0,,2020-12-09,中证绿色债券指数
2020-12-10,930951,中证交易所绿色债券指数,交易所绿色债,CSI Exchange Green Bond Index,Exchange Green Bond,,,,118.45,0.02,0.02,8.07,8.04,185.0,,2020-12-10,中证交易所绿色债券指数
2020-12-10,931147,中证交易所高等级绿色债券指数,交易所高等级绿色债,CSI Exchange High Grade Green Bond Index,Exchange High Grade Green Bond,,,,118.23,0.02,0.02,8.0,7.97,172.0,,2020-12-10,中证交易所高等级绿色债券指数
2020-12-10,931145,中证绿色债券指数,中证绿色债,CSI Green Bond Index,CSI Green Bond,,,,117.43,0.04,0.03,8.07,8.04,360.0,,2020-12-10,中证绿色债券指数
2020-12-11,930951,中证交易所绿色债券指数,交易所绿色债,CSI Exchange Green Bond Index,Exchange Green Bond,,,,118.47,0.02,0.01,4.17,4.1,185.0,,2020-12-11,中证交易所绿色债券指数
2020-12-11,931147,中证交易所高等级绿色债券指数,交易所高等级绿色债,CSI Exchange High Grade Green Bond Index,Exchange High Grade Green Bond,,,,118.24,0.02,0.01,4.17,4.1,172.0,,2020-12-11,中证交易所高等级绿色债券指数
2020-12-11,931145,中证绿色债券指数,中证绿色债,CSI Green Bond Index,CSI Green Bond,,,,117.46,0.03,0.03,4.17,4.1,360.0,,2020-12-11,中证绿色债券指数
2020-12-14,930951,中证交易所绿色债券指数,交易所绿色债,CSI Exchange Green Bond Index,Exchange Green Bond,,,,118.5,0.04,0.03,6.59,6.58,185.0,,2020-12-14,中证交易所绿色债券指数
2020-12-14,931147,中证交易所高等级绿色债券指数,交易所高等级绿色债,CSI Exchange High Grade Green Bond Index,Exchange High Grade Green Bond,,,,118.28,0.04,0.03,6.59,6.58,172.0,,2020-12-14,中证交易所高等级绿色债券指数
2020-12-14,931145,中证绿色债券指数,中证绿色债,CSI Green Bond Index,CSI Green Bond,,,,117.5,0.04,0.04,6.59,6.58,360.0,,2020-12-14,中证绿色债券指数
2020-12-15,930951,中证交易所绿色债券指数,交易所绿色债,CSI Exchange Green Bond Index,Exchange Green Bond,,,,118.52,0.02,0.01,6.66,6.68,185.0,,2020-12-15,中证交易所绿色债券指数
2020-12-15,931147,中证交易所高等级绿色债券指数,交易所高等级绿色债,CSI Exchange High Grade Green Bond Index,Exchange High Grade Green Bond,,,,118.29,0.01,0.01,6.66,6.68,172.0,,2020-12-15,中证交易所高等级绿色债券指数
2020-12-15,931145,中证绿色债券指数,中证绿色债,CSI Green Bond Index,CSI Green Bond,,,,117.51,0.01,0.01,6.66,6.68,360.0,,2020-12-15,中证绿色债券指数
2020-12-16,930951,中证交易所绿色债券指数,交易所绿色债,CSI Exchange Green Bond Index,Exchange Green Bond,,,,118.6,0.09,0.07,8.44,8.39,185.0,,2020-12-16,中证交易所绿色债券指数
2020-12-16,931147,中证交易所高等级绿色债券指数,交易所高等级绿色债,CSI Exchange High Grade Green Bond Index,Exchange High Grade Green Bond,,,,118.38,0.09,0.07,8.44,8.39,172.0,,2020-12-16,中证交易所高等级绿色债券指数
2020-12-16,931145,中证绿色债券指数,中证绿色债,CSI Green Bond Index,CSI Green Bond,,,,117.58,0.07,0.06,8.44,8.39,360.0,,2020-12-16,中证绿色债券指数
2020-12-17,930951,中证交易所绿色债券指数,交易所绿色债,CSI Exchange Green Bond Index,Exchange Green Bond,,,,118.64,0.04,0.03,5.0,5.0,185.0,,2020-12-17,中证交易所绿色债券指数
2020-12-17,931147,中证交易所高等级绿色债券指数,交易所高等级绿色债,CSI Exchange High Grade Green Bond Index,Exchange High Grade Green Bond,,,,118.42,0.04,0.03,5.0,5.0,172.0,,2020-12-17,中证交易所高等级绿色债券指数
2020-12-17,931145,中证绿色债券指数,中证绿色债,CSI Green Bond Index,CSI Green Bond,,,,117.63,0.05,0.04,5.0,5.0,360.0,,2020-12-17,中证绿色债券指数
2020-12-18,930951,中证交易所绿色债券指数,交易所绿色债,CSI Exchange Green Bond Index,Exchange Green Bond,,,,118.65,0.01,0.01,1.21,1.22,185.0,,2020-12-18,中证交易所绿色债券指数
2020-12-18,931147,中证交易所高等级绿色债券指数,交易所高等级绿色债,CSI Exchange High Grade Green Bond Index,Exchange High Grade Green Bond,,,,118.43,0.01,0.01,1.21,1.22,172.0,,2020-12-18,中证交易所高等级绿色债券指数
2020-12-18,931145,中证绿色债券指数,中证绿色债,CSI Green Bond Index,CSI Green Bond,,,,117.65,0.02,0.02,1.21,1.22,360.0,,2020-12-18,中证绿色债券指数
2020-12-21,930951,中证交易所绿色债券指数,交易所绿色债,CSI Exchange Green Bond Index,Exchange Green Bond,,,,118.73,0.08,0.07,5.07,5.06,185.0,,2020-12-21,中证交易所绿色债券指数
2020-12-21,931147,中证交易所高等级绿色债券指数,交易所高等级绿色债,CSI Exchange High Grade Green Bond Index,Exchange High Grade Green Bond,,,,118.52,0.08,0.07,5.07,5.06,172.0,,2020-12-21,中证交易所高等级绿色债券指数
2020-12-21,931145,中证绿色债券指数,中证绿色债,CSI Green Bond Index,CSI Green Bond,,,,117.7,0.06,0.05,5.07,5.06,360.0,,2020-12-21,中证绿色债券指数
2020-12-22,930951,中证交易所绿色债券指数,交易所绿色债,CSI Exchange Green Bond Index,Exchange Green Bond,,,,118.83,0.1,0.09,5.21,5.04,185.0,,2020-12-22,中证交易所绿色债券指数
2020-12-22,931147,中证交易所高等级绿色债券指数,交易所高等级绿色债,CSI Exchange High Grade Green Bond Index,Exchange High Grade Green Bond,,,,118.62,0.11,0.09,5.21,5.04,172.0,,2020-12-22,中证交易所高等级绿色债券指数
2020-12-22,931145,中证绿色债券指数,中证绿色债,CSI Green Bond Index,CSI Green Bond,,,,117.76,0.05,0.05,5.21,5.04,360.0,,2020-12-22,中证绿色债券指数
2020-12-23,930951,中证交易所绿色债券指数,交易所绿色债,CSI Exchange Green Bond Index,Exchange Green Bond,,,,118.87,0.05,0.04,6.08,6.1,185.0,,2020-12-23,中证交易所绿色债券指数
2020-12-23,931147,中证交易所高等级绿色债券指数,交易所高等级绿色债,CSI Exchange High Grade Green Bond Index,Exchange High Grade Green Bond,,,,118.67,0.05,0.04,5.83,5.85,172.0,,2020-12-23,中证交易所高等级绿色债券指数
2020-12-23,931145,中证绿色债券指数,中证绿色债,CSI Green Bond Index,CSI Green Bond,,,,117.8,0.05,0.04,6.08,6.1,360.0,,2020-12-23,中证绿色债券指数
2020-12-24,930951,中证交易所绿色债券指数,交易所绿色债,CSI Exchange Green Bond Index,Exchange Green Bond,,,,118.92,0.05,0.04,13.7,13.61,185.0,,2020-12-24,中证交易所绿色债券指数
2020-12-24,931147,中证交易所高等级绿色债券指数,交易所高等级绿色债,CSI Exchange High Grade Green Bond Index,Exchange High Grade Green Bond,,,,118.72,0.05,0.04,13.4,13.37,172.0,,2020-12-24,中证交易所高等级绿色债券指数
2020-12-24,931145,中证绿色债券指数,中证绿色债,CSI Green Bond Index,CSI Green Bond,,,,117.84,0.03,0.03,13.7,13.61,360.0,,2020-12-24,中证绿色债券指数
2020-12-25,930951,中证交易所绿色债券指数,交易所绿色债,CSI Exchange Green Bond Index,Exchange Green Bond,,,,118.95,0.03,0.02,8.9,8.82,185.0,,2020-12-25,中证交易所绿色债券指数
2020-12-25,931147,中证交易所高等级绿色债券指数,交易所高等级绿色债,CSI Exchange High Grade Green Bond Index,Exchange High Grade Green Bond,,,,118.75,0.03,0.03,8.9,8.82,172.0,,2020-12-25,中证交易所高等级绿色债券指数
2020-12-25,931145,中证绿色债券指数,中证绿色债,CSI Green Bond Index,CSI Green Bond,,,,117.86,0.02,0.02,8.9,8.82,360.0,,2020-12-25,中证绿色债券指数
2020-12-28,930951,中证交易所绿色债券指数,交易所绿色债,CSI Exchange Green Bond Index,Exchange Green Bond,,,,119.01,0.07,0.06,9.0,8.61,185.0,,2020-12-28,中证交易所绿色债券指数
2020-12-28,931147,中证交易所高等级绿色债券指数,交易所高等级绿色债,CSI Exchange High Grade Green Bond Index,Exchange High Grade Green Bond,,,,118.81,0.06,0.05,9.0,8.61,172.0,,2020-12-28,中证交易所高等级绿色债券指数
2020-12-28,931145,中证绿色债券指数,中证绿色债,CSI Green Bond Index,CSI Green Bond,,,,117.91,0.06,0.05,9.0,8.61,360.0,,2020-12-28,中证绿色债券指数
2020-12-29,930951,中证交易所绿色债券指数,交易所绿色债,CSI Exchange Green Bond Index,Exchange Green Bond,,,,119.05,0.04,0.03,12.1,12.0,185.0,,2020-12-29,中证交易所绿色债券指数
2020-12-29,931147,中证交易所高等级绿色债券指数,交易所高等级绿色债,CSI Exchange High Grade Green Bond Index,Exchange High Grade Green Bond,,,,118.86,0.04,0.04,12.1,12.0,172.0,,2020-12-29,中证交易所高等级绿色债券指数
2020-12-29,931145,中证绿色债券指数,中证绿色债,CSI Green Bond Index,CSI Green Bond,,,,117.94,0.02,0.02,12.1,12.0,360.0,,2020-12-29,中证绿色债券指数
2020-12-30,930951,中证交易所绿色债券指数,交易所绿色债,CSI Exchange Green Bond Index,Exchange Green Bond,,,,119.1,0.05,0.04,6.7,6.74,185.0,,2020-12-30,中证交易所绿色债券指数
2020-12-30,931147,中证交易所高等级绿色债券指数,交易所高等级绿色债,CSI Exchange High Grade Green Bond Index,Exchange High Grade Green Bond,,,,118.9,0.05,0.04,6.7,6.74,172.0,,2020-12-30,中证交易所高等级绿色债券指数
2020-12-30,931145,中证绿色债券指数,中证绿色债,CSI Green Bond Index,CSI Green Bond,,,,117.96,0.02,0.02,6.7,6.74,360.0,,2020-12-30,中证绿色债券指数
2020-12-31,930951,中证交易所绿色债券指数,交易所绿色债,CSI Exchange Green Bond Index,Exchange Green Bond,,,,119.15,0.06,0.05,1.1,1.11,185.0,,2020-12-31,中证交易所绿色债券指数
2020-12-31,931147,中证交易所高等级绿色债券指数,交易所高等级绿色债,CSI Exchange High Grade Green Bond Index,Exchange High Grade Green Bond,,,,118.94,0.04,0.03,1.0,1.01,172.0,,2020-12-31,中证交易所高等级绿色债券指数
2020-12-31,931145,中证绿色债券指数,中证绿色债,CSI Green Bond Index,CSI Green Bond,,,,117.99,0.03,0.02,1.1,1.11,360.0,,2020-12-31,中证绿色债券指数
2021-01-04,930951,中证交易所绿色债券指数,交易所绿色债,CSI Exchange Green Bond Index,Exchange Green Bond,,,,119.24,0.09,0.07,4.16,4.17,191.0,,2021-01-04,中证交易所绿色债券指数
2021-01-04,931147,中证交易所高等级绿色债券指数,交易所高等级绿色债,CSI Exchange High Grade Green Bond Index,Exchange High Grade Green Bond,,,,119.04,0.1,0.08,4.16,4.17,177.0,,2021-01-04,中证交易所高等级绿色债券指数
2021-01-04,931145,中证绿色债券指数,中证绿色债,CSI Green Bond Index,CSI Green Bond,,,,118.06,0.07,0.06,4.16,4.17,367.0,,2021-01-04,中证绿色债券指数
2021-01-05,930951,中证交易所绿色债券指数,交易所绿色债,CSI Exchange Green Bond Index,Exchange Green Bond,,,,119.25,0.01,0.01,13.2,13.13,191.0,,2021-01-05,中证交易所绿色债券指数
2021-01-05,931147,中证交易所高等级绿色债券指数,交易所高等级绿色债,CSI Exchange High Grade Green Bond Index,Exchange High Grade Green Bond,,,,119.05,0.01,0.01,13.2,13.13,177.0,,2021-01-05,中证交易所高等级绿色债券指数
2021-01-05,931145,中证绿色债券指数,中证绿色债,CSI Green Bond Index,CSI Green Bond,,,,118.08,0.03,0.02,13.2,13.13,367.0,,2021-01-05,中证绿色债券指数
2021-01-06,930951,中证交易所绿色债券指数,交易所绿色债,CSI Exchange Green Bond Index,Exchange Green Bond,,,,119.27,0.02,0.02,3.6,3.51,191.0,,2021-01-06,中证交易所绿色债券指数
2021-01-06,931147,中证交易所高等级绿色债券指数,交易所高等级绿色债,CSI Exchange High Grade Green Bond Index,Exchange High Grade Green Bond,,,,119.06,0.01,0.01,3.5,3.41,177.0,,2021-01-06,中证交易所高等级绿色债券指数
2021-01-06,931145,中证绿色债券指数,中证绿色债,CSI Green Bond Index,CSI Green Bond,,,,118.12,0.04,0.03,3.9,3.81,367.0,,2021-01-06,中证绿色债券指数
2021-01-07,930951,中证交易所绿色债券指数,交易所绿色债,CSI Exchange Green Bond Index,Exchange Green Bond,,,,119.35,0.08,0.07,6.6,6.6,191.0,,2021-01-07,中证交易所绿色债券指数
2021-01-07,931147,中证交易所高等级绿色债券指数,交易所高等级绿色债,CSI Exchange High Grade Green Bond Index,Exchange High Grade Green Bond,,,,119.14,0.08,0.07,6.4,6.39,177.0,,2021-01-07,中证交易所高等级绿色债券指数
2021-01-07,931145,中证绿色债券指数,中证绿色债,CSI Green Bond Index,CSI Green Bond,,,,118.19,0.07,0.06,6.8,6.8,367.0,,2021-01-07,中证绿色债券指数
2021-01-08,930951,中证交易所绿色债券指数,交易所绿色债,CSI Exchange Green Bond Index,Exchange Green Bond,,,,119.43,0.08,0.07,2.67,2.67,191.0,,2021-01-08,中证交易所绿色债券指数
2021-01-08,931147,中证交易所高等级绿色债券指数,交易所高等级绿色债,CSI Exchange High Grade Green Bond Index,Exchange High Grade Green Bond,,,,119.23,0.09,0.07,2.67,2.67,177.0,,2021-01-08,中证交易所高等级绿色债券指数
2021-01-08,931145,中证绿色债券指数,中证绿色债,CSI Green Bond Index,CSI Green Bond,,,,118.26,0.07,0.06,2.67,2.67,367.0,,2021-01-08,中证绿色债券指数
2021-01-11,930951,中证交易所绿色债券指数,交易所绿色债,CSI Exchange Green Bond Index,Exchange Green Bond,,,,119.49,0.06,0.05,6.9,6.93,191.0,,2021-01-11,中证交易所绿色债券指数
2021-01-11,931147,中证交易所高等级绿色债券指数,交易所高等级绿色债,CSI Exchange High Grade Green Bond Index,Exchange High Grade Green Bond,,,,119.28,0.06,0.05,6.9,6.93,177.0,,2021-01-11,中证交易所高等级绿色债券指数
2021-01-11,931145,中证绿色债券指数,中证绿色债,CSI Green Bond Index,CSI Green Bond,,,,118.32,0.06,0.05,6.9,6.93,367.0,,2021-01-11,中证绿色债券指数
2021-01-12,930951,中证交易所绿色债券指数,交易所绿色债,CSI Exchange Green Bond Index,Exchange Green Bond,,,,119.52,0.04,0.03,4.48,4.39,191.0,,2021-01-12,中证交易所绿色债券指数
2021-01-12,931147,中证交易所高等级绿色债券指数,交易所高等级绿色债,CSI Exchange High Grade Green Bond Index,Exchange High Grade Green Bond,,,,119.31,0.03,0.02,4.48,4.39,177.0,,2021-01-12,中证交易所高等级绿色债券指数
2021-01-12,931145,中证绿色债券指数,中证绿色债,CSI Green Bond Index,CSI Green Bond,,,,118.35,0.03,0.02,4.48,4.39,367.0,,2021-01-12,中证绿色债券指数
2021-01-13,930951,中证交易所绿色债券指数,交易所绿色债,CSI Exchange Green Bond Index,Exchange Green Bond,,,,119.55,0.03,0.02,2.5,2.45,191.0,,2021-01-13,中证交易所绿色债券指数
2021-01-13,931147,中证交易所高等级绿色债券指数,交易所高等级绿色债,CSI Exchange High Grade Green Bond Index,Exchange High Grade Green Bond,,,,119.34,0.03,0.02,2.5,2.45,177.0,,2021-01-13,中证交易所高等级绿色债券指数
2021-01-13,931145,中证绿色债券指数,中证绿色债,CSI Green Bond Index,CSI Green Bond,,,,118.37,0.02,0.02,2.6,2.59,367.0,,2021-01-13,中证绿色债券指数
2021-01-14,930951,中证交易所绿色债券指数,交易所绿色债,CSI Exchange Green Bond Index,Exchange Green Bond,,,,119.6,0.05,0.05,2.7,2.71,191.0,,2021-01-14,中证交易所绿色债券指数
2021-01-14,931147,中证交易所高等级绿色债券指数,交易所高等级绿色债,CSI Exchange High Grade Green Bond Index,Exchange High Grade Green Bond,,,,119.39,0.05,0.04,2.7,2.71,177.0,,2021-01-14,中证交易所高等级绿色债券指数
2021-01-14,931145,中证绿色债券指数,中证绿色债,CSI Green Bond Index,CSI Green Bond,,,,118.42,0.05,0.04,2.9,2.9,367.0,,2021-01-14,中证绿色债券指数
2021-01-15,930951,中证交易所绿色债券指数,交易所绿色债,CSI Exchange Green Bond Index,Exchange Green Bond,,,,119.64,0.04,0.03,2.21,2.2,191.0,,2021-01-15,中证交易所绿色债券指数
2021-01-15,931147,中证交易所高等级绿色债券指数,交易所高等级绿色债,CSI Exchange High Grade Green Bond Index,Exchange High Grade Green Bond,,,,119.43,0.04,0.04,2.21,2.2,177.0,,2021-01-15,中证交易所高等级绿色债券指数
2021-01-15,931145,中证绿色债券指数,中证绿色债,CSI Green Bond Index,CSI Green Bond,,,,118.44,0.02,0.01,2.21,2.2,367.0,,2021-01-15,中证绿色债券指数
2021-01-18,930951,中证交易所绿色债券指数,交易所绿色债,CSI Exchange Green Bond Index,Exchange Green Bond,,,,119.64,0.0,0.0,2.36,2.36,191.0,,2021-01-18,中证交易所绿色债券指数
2021-01-18,931147,中证交易所高等级绿色债券指数,交易所高等级绿色债,CSI Exchange High Grade Green Bond Index,Exchange High Grade Green Bond,,,,119.43,0.0,0.0,2.32,2.32,177.0,,2021-01-18,中证交易所高等级绿色债券指数
2021-01-18,931145,中证绿色债券指数,中证绿色债,CSI Green Bond Index,CSI Green Bond,,,,118.44,0.0,0.0,2.32,2.32,367.0,,2021-01-18,中证绿色债券指数
2021-01-19,930951,中证交易所绿色债券指数,交易所绿色债,CSI Exchange Green Bond Index,Exchange Green Bond,,,,119.58,-0.06,-0.05,2.38,2.41,191.0,,2021-01-19,中证交易所绿色债券指数
2021-01-19,931147,中证交易所高等级绿色债券指数,交易所高等级绿色债,CSI Exchange High Grade Green Bond Index,Exchange High Grade Green Bond,,,,119.38,-0.05,-0.04,2.12,2.15,177.0,,2021-01-19,中证交易所高等级绿色债券指数
2021-01-19,931145,中证绿色债券指数,中证绿色债,CSI Green Bond Index,CSI Green Bond,,,,118.39,-0.05,-0.04,2.12,2.15,367.0,,2021-01-19,中证绿色债券指数
2021-01-20,930951,中证交易所绿色债券指数,交易所绿色债,CSI Exchange Green Bond Index,Exchange Green Bond,,,,119.53,-0.05,-0.04,5.5,5.54,191.0,,2021-01-20,中证交易所绿色债券指数
2021-01-20,931147,中证交易所高等级绿色债券指数,交易所高等级绿色债,CSI Exchange High Grade Green Bond Index,Exchange High Grade Green Bond,,,,119.33,-0.05,-0.04,5.5,5.54,177.0,,2021-01-20,中证交易所高等级绿色债券指数
2021-01-20,931145,中证绿色债券指数,中证绿色债,CSI Green Bond Index,CSI Green Bond,,,,118.36,-0.03,-0.03,5.5,5.54,367.0,,2021-01-20,中证绿色债券指数
2021-01-21,930951,中证交易所绿色债券指数,交易所绿色债,CSI Exchange Green Bond Index,Exchange Green Bond,,,,119.57,0.04,0.03,3.77,3.74,191.0,,2021-01-21,中证交易所绿色债券指数
2021-01-21,931147,中证交易所高等级绿色债券指数,交易所高等级绿色债,CSI Exchange High Grade Green Bond Index,Exchange High Grade Green Bond,,,,119.37,0.04,0.03,3.67,3.64,177.0,,2021-01-21,中证交易所高等级绿色债券指数
2021-01-21,931145,中证绿色债券指数,中证绿色债,CSI Green Bond Index,CSI Green Bond,,,,118.39,0.03,0.03,3.57,3.58,367.0,,2021-01-21,中证绿色债券指数
2021-01-22,930951,中证交易所绿色债券指数,交易所绿色债,CSI Exchange Green Bond Index,Exchange Green Bond,,,,119.61,0.04,0.03,1.9,1.9,191.0,,2021-01-22,中证交易所绿色债券指数
2021-01-22,931147,中证交易所高等级绿色债券指数,交易所高等级绿色债,CSI Exchange High Grade Green Bond Index,Exchange High Grade Green Bond,,,,119.41,0.04,0.03,1.8,1.8,177.0,,2021-01-22,中证交易所高等级绿色债券指数
2021-01-22,931145,中证绿色债券指数,中证绿色债,CSI Green Bond Index,CSI Green Bond,,,,118.43,0.04,0.03,1.9,1.9,367.0,,2021-01-22,中证绿色债券指数
2021-01-25,930951,中证交易所绿色债券指数,交易所绿色债,CSI Exchange Green Bond Index,Exchange Green Bond,,,,119.68,0.07,0.06,2.32,2.32,191.0,,2021-01-25,中证交易所绿色债券指数
2021-01-25,931147,中证交易所高等级绿色债券指数,交易所高等级绿色债,CSI Exchange High Grade Green Bond Index,Exchange High Grade Green Bond,,,,119.48,0.07,0.06,2.02,2.02,177.0,,2021-01-25,中证交易所高等级绿色债券指数
2021-01-25,931145,中证绿色债券指数,中证绿色债,CSI Green Bond Index,CSI Green Bond,,,,118.47,0.04,0.04,2.32,2.32,367.0,,2021-01-25,中证绿色债券指数
2021-01-26,930951,中证交易所绿色债券指数,交易所绿色债,CSI Exchange Green Bond Index,Exchange Green Bond,,,,119.64,-0.04,-0.03,3.21,3.23,191.0,,2021-01-26,中证交易所绿色债券指数
2021-01-26,931147,中证交易所高等级绿色债券指数,交易所高等级绿色债,CSI Exchange High Grade Green Bond Index,Exchange High Grade Green Bond,,,,119.45,-0.03,-0.03,2.91,2.93,177.0,,2021-01-26,中证交易所高等级绿色债券指数
2021-01-26,931145,中证绿色债券指数,中证绿色债,CSI Green Bond Index,CSI Green Bond,,,,118.44,-0.03,-0.03,3.21,3.23,367.0,,2021-01-26,中证绿色债券指数
2021-01-27,930951,中证交易所绿色债券指数,交易所绿色债,CSI Exchange Green Bond Index,Exchange Green Bond,,,,119.56,-0.08,-0.07,4.98,5.04,191.0,,2021-01-27,中证交易所绿色债券指数
2021-01-27,931147,中证交易所高等级绿色债券指数,交易所高等级绿色债,CSI Exchange High Grade Green Bond Index,Exchange High Grade Green Bond,,,,119.37,-0.08,-0.06,4.98,5.04,177.0,,2021-01-27,中证交易所高等级绿色债券指数
2021-01-27,931145,中证绿色债券指数,中证绿色债,CSI Green Bond Index,CSI Green Bond,,,,118.4,-0.05,-0.04,4.98,5.04,367.0,,2021-01-27,中证绿色债券指数
2021-01-28,930951,中证交易所绿色债券指数,交易所绿色债,CSI Exchange Green Bond Index,Exchange Green Bond,,,,119.48,-0.08,-0.07,4.8,4.8,191.0,,2021-01-28,中证交易所绿色债券指数
2021-01-28,931147,中证交易所高等级绿色债券指数,交易所高等级绿色债,CSI Exchange High Grade Green Bond Index,Exchange High Grade Green Bond,,,,119.3,-0.07,-0.06,4.8,4.8,177.0,,2021-01-28,中证交易所高等级绿色债券指数
2021-01-28,931145,中证绿色债券指数,中证绿色债,CSI Green Bond Index,CSI Green Bond,,,,118.33,-0.06,-0.06,4.8,4.8,367.0,,2021-01-28,中证绿色债券指数
2021-01-29,930951,中证交易所绿色债券指数,交易所绿色债,CSI Exchange Green Bond Index,Exchange Green Bond,,,,119.38,-0.09,-0.08,1.4,1.37,191.0,,2021-01-29,中证交易所绿色债券指数
2021-01-29,931147,中证交易所高等级绿色债券指数,交易所高等级绿色债,CSI Exchange High Grade Green Bond Index,Exchange High Grade Green Bond,,,,119.2,-0.09,-0.08,1.4,1.37,177.0,,2021-01-29,中证交易所高等级绿色债券指数
2021-01-29,931145,中证绿色债券指数,中证绿色债,CSI Green Bond Index,CSI Green Bond,,,,118.25,-0.08,-0.07,1.4,1.37,367.0,,2021-01-29,中证绿色债券指数
2021-02-01,930951,中证交易所绿色债券指数,交易所绿色债,CSI Exchange Green Bond Index,Exchange Green Bond,,,,119.38,0.0,0.0,5.43,5.43,192.0,,2021-02-01,中证交易所绿色债券指数
2021-02-01,931147,中证交易所高等级绿色债券指数,交易所高等级绿色债,CSI Exchange High Grade Green Bond Index,Exchange High Grade Green Bond,,,,119.18,-0.02,-0.02,5.43,5.43,177.0,,2021-02-01,中证交易所高等级绿色债券指数
2021-02-01,931145,中证绿色债券指数,中证绿色债,CSI Green Bond Index,CSI Green Bond,,,,118.25,0.0,0.0,5.43,5.43,372.0,,2021-02-01,中证绿色债券指数
2021-02-02,930951,中证交易所绿色债券指数,交易所绿色债,CSI Exchange Green Bond Index,Exchange Green Bond,,,,119.45,0.07,0.06,4.14,4.11,192.0,,2021-02-02,中证交易所绿色债券指数
2021-02-02,931147,中证交易所高等级绿色债券指数,交易所高等级绿色债,CSI Exchange High Grade Green Bond Index,Exchange High Grade Green Bond,,,,119.26,0.08,0.07,4.14,4.11,177.0,,2021-02-02,中证交易所高等级绿色债券指数
2021-02-02,931145,中证绿色债券指数,中证绿色债,CSI Green Bond Index,CSI Green Bond,,,,118.3,0.06,0.05,4.14,4.11,372.0,,2021-02-02,中证绿色债券指数
2021-02-03,930951,中证交易所绿色债券指数,交易所绿色债,CSI Exchange Green Bond Index,Exchange Green Bond,,,,119.47,0.02,0.01,4.08,4.09,192.0,,2021-02-03,中证交易所绿色债券指数
2021-02-03,931147,中证交易所高等级绿色债券指数,交易所高等级绿色债,CSI Exchange High Grade Green Bond Index,Exchange High Grade Green Bond,,,,119.28,0.02,0.02,4.08,4.09,177.0,,2021-02-03,中证交易所高等级绿色债券指数
2021-02-03,931145,中证绿色债券指数,中证绿色债,CSI Green Bond Index,CSI Green Bond,,,,118.31,0.01,0.01,4.08,4.09,372.0,,2021-02-03,中证绿色债券指数
2021-02-04,930951,中证交易所绿色债券指数,交易所绿色债,CSI Exchange Green Bond Index,Exchange Green Bond,,,,119.47,0.01,0.01,2.43,2.4,192.0,,2021-02-04,中证交易所绿色债券指数
2021-02-04,931147,中证交易所高等级绿色债券指数,交易所高等级绿色债,CSI Exchange High Grade Green Bond Index,Exchange High Grade Green Bond,,,,119.29,0.01,0.01,2.43,2.4,177.0,,2021-02-04,中证交易所高等级绿色债券指数
2021-02-04,931145,中证绿色债券指数,中证绿色债,CSI Green Bond Index,CSI Green Bond,,,,118.32,0.01,0.0,2.43,2.4,372.0,,2021-02-04,中证绿色债券指数
2021-02-05,930951,中证交易所绿色债券指数,交易所绿色债,CSI Exchange Green Bond Index,Exchange Green Bond,,,,119.42,-0.06,-0.05,1.8,1.81,192.0,,2021-02-05,中证交易所绿色债券指数
2021-02-05,931147,中证交易所高等级绿色债券指数,交易所高等级绿色债,CSI Exchange High Grade Green Bond Index,Exchange High Grade Green Bond,,,,119.22,-0.07,-0.06,1.5,1.51,177.0,,2021-02-05,中证交易所高等级绿色债券指数
2021-02-05,931145,中证绿色债券指数,中证绿色债,CSI Green Bond Index,CSI Green Bond,,,,118.27,-0.04,-0.04,1.8,1.81,372.0,,2021-02-05,中证绿色债券指数
2021-02-08,930951,中证交易所绿色债券指数,交易所绿色债,CSI Exchange Green Bond Index,Exchange Green Bond,,,,119.43,0.01,0.01,4.69,4.69,192.0,,2021-02-08,中证交易所绿色债券指数
2021-02-08,931147,中证交易所高等级绿色债券指数,交易所高等级绿色债,CSI Exchange High Grade Green Bond Index,Exchange High Grade Green Bond,,,,119.23,0.01,0.01,4.69,4.69,177.0,,2021-02-08,中证交易所高等级绿色债券指数
2021-02-08,931145,中证绿色债券指数,中证绿色债,CSI Green Bond Index,CSI Green Bond,,,,118.29,0.02,0.02,4.69,4.69,372.0,,2021-02-08,中证绿色债券指数
2021-02-09,930951,中证交易所绿色债券指数,交易所绿色债,CSI Exchange Green Bond Index,Exchange Green Bond,,,,119.41,-0.02,-0.01,3.16,3.14,192.0,,2021-02-09,中证交易所绿色债券指数
2021-02-09,931147,中证交易所高等级绿色债券指数,交易所高等级绿色债,CSI Exchange High Grade Green Bond Index,Exchange High Grade Green Bond,,,,119.21,-0.02,-0.02,3.16,3.14,177.0,,2021-02-09,中证交易所高等级绿色债券指数
2021-02-09,931145,中证绿色债券指数,中证绿色债,CSI Green Bond Index,CSI Green Bond,,,,118.3,0.0,0.0,3.16,3.14,372.0,,2021-02-09,中证绿色债券指数
2021-02-10,930951,中证交易所绿色债券指数,交易所绿色债,CSI Exchange Green Bond Index,Exchange Green Bond,,,,119.43,0.02,0.01,1.26,1.26,192.0,,2021-02-10,中证交易所绿色债券指数
2021-02-10,931147,中证交易所高等级绿色债券指数,交易所高等级绿色债,CSI Exchange High Grade Green Bond Index,Exchange High Grade Green Bond,,,,119.23,0.02,0.02,1.26,1.26,177.0,,2021-02-10,中证交易所高等级绿色债券指数
2021-02-10,931145,中证绿色债券指数,中证绿色债,CSI Green Bond Index,CSI Green Bond,,,,118.33,0.03,0.02,1.26,1.26,372.0,,2021-02-10,中证绿色债券指数
2021-02-18,930951,中证交易所绿色债券指数,交易所绿色债,CSI Exchange Green Bond Index,Exchange Green Bond,,,,119.52,0.09,0.08,5.34,5.35,192.0,,2021-02-18,中证交易所绿色债券指数
2021-02-18,931147,中证交易所高等级绿色债券指数,交易所高等级绿色债,CSI Exchange High Grade Green Bond Index,Exchange High Grade Green Bond,,,,119.32,0.09,0.07,5.24,5.27,177.0,,2021-02-18,中证交易所高等级绿色债券指数
2021-02-18,931145,中证绿色债券指数,中证绿色债,CSI Green Bond Index,CSI Green Bond,,,,118.4,0.08,0.06,5.34,5.35,372.0,,2021-02-18,中证绿色债券指数
2021-02-19,930951,中证交易所绿色债券指数,交易所绿色债,CSI Exchange Green Bond Index,Exchange Green Bond,,,,119.5,-0.02,-0.01,1.0,0.99,192.0,,2021-02-19,中证交易所绿色债券指数
2021-02-19,931147,中证交易所高等级绿色债券指数,交易所高等级绿色债,CSI Exchange High Grade Green Bond Index,Exchange High Grade Green Bond,,,,119.29,-0.02,-0.02,1.0,0.99,177.0,,2021-02-19,中证交易所高等级绿色债券指数
2021-02-19,931145,中证绿色债券指数,中证绿色债,CSI Green Bond Index,CSI Green Bond,,,,118.4,0.0,0.0,1.0,0.99,372.0,,2021-02-19,中证绿色债券指数
2021-02-22,930951,中证交易所绿色债券指数,交易所绿色债,CSI Exchange Green Bond Index,Exchange Green Bond,,,,119.56,0.06,0.05,8.71,8.71,192.0,,2021-02-22,中证交易所绿色债券指数
2021-02-22,931147,中证交易所高等级绿色债券指数,交易所高等级绿色债,CSI Exchange High Grade Green Bond Index,Exchange High Grade Green Bond,,,,119.36,0.07,0.06,8.71,8.71,177.0,,2021-02-22,中证交易所高等级绿色债券指数
2021-02-22,931145,中证绿色债券指数,中证绿色债,CSI Green Bond Index,CSI Green Bond,,,,118.45,0.05,0.04,8.71,8.71,372.0,,2021-02-22,中证绿色债券指数
2021-02-23,930951,中证交易所绿色债券指数,交易所绿色债,CSI Exchange Green Bond Index,Exchange Green Bond,,,,119.6,0.04,0.03,7.59,6.84,192.0,,2021-02-23,中证交易所绿色债券指数
2021-02-23,931147,中证交易所高等级绿色债券指数,交易所高等级绿色债,CSI Exchange High Grade Green Bond Index,Exchange High Grade Green Bond,,,,119.41,0.04,0.04,7.19,6.44,177.0,,2021-02-23,中证交易所高等级绿色债券指数
2021-02-23,931145,中证绿色债券指数,中证绿色债,CSI Green Bond Index,CSI Green Bond,,,,118.47,0.02,0.02,7.59,6.84,372.0,,2021-02-23,中证绿色债券指数
2021-02-24,930951,中证交易所绿色债券指数,交易所绿色债,CSI Exchange Green Bond Index,Exchange Green Bond,,,,119.64,0.04,0.03,10.2,10.02,192.0,,2021-02-24,中证交易所绿色债券指数
2021-02-24,931147,中证交易所高等级绿色债券指数,交易所高等级绿色债,CSI Exchange High Grade Green Bond Index,Exchange High Grade Green Bond,,,,119.45,0.04,0.04,10.2,10.02,177.0,,2021-02-24,中证交易所高等级绿色债券指数
2021-02-24,931145,中证绿色债券指数,中证绿色债,CSI Green Bond Index,CSI Green Bond,,,,118.51,0.03,0.03,10.2,10.02,372.0,,2021-02-24,中证绿色债券指数
2021-02-25,930951,中证交易所绿色债券指数,交易所绿色债,CSI Exchange Green Bond Index,Exchange Green Bond,,,,119.67,0.04,0.03,10.98,10.91,192.0,,2021-02-25,中证交易所绿色债券指数
2021-02-25,931147,中证交易所高等级绿色债券指数,交易所高等级绿色债,CSI Exchange High Grade Green Bond Index,Exchange High Grade Green Bond,,,,119.48,0.03,0.03,10.83,10.76,177.0,,2021-02-25,中证交易所高等级绿色债券指数
2021-02-25,931145,中证绿色债券指数,中证绿色债,CSI Green Bond Index,CSI Green Bond,,,,118.54,0.03,0.02,10.98,10.91,372.0,,2021-02-25,中证绿色债券指数
2021-02-26,930951,中证交易所绿色债券指数,交易所绿色债,CSI Exchange Green Bond Index,Exchange Green Bond,,,,119.67,0.0,0.0,2.56,2.6,192.0,,2021-02-26,中证交易所绿色债券指数
2021-02-26,931147,中证交易所高等级绿色债券指数,交易所高等级绿色债,CSI Exchange High Grade Green Bond Index,Exchange High Grade Green Bond,,,,119.48,0.0,0.0,2.56,2.6,177.0,,2021-02-26,中证交易所高等级绿色债券指数
2021-02-26,931145,中证绿色债券指数,中证绿色债,CSI Green Bond Index,CSI Green Bond,,,,118.55,0.01,0.01,2.56,2.6,372.0,,2021-02-26,中证绿色债券指数
2021-03-01,930951,中证交易所绿色债券指数,交易所绿色债,CSI Exchange Green Bond Index,Exchange Green Bond,,,,119.74,0.06,0.05,5.5,5.5,190.0,,2021-03-01,中证交易所绿色债券指数
2021-03-01,931147,中证交易所高等级绿色债券指数,交易所高等级绿色债,CSI Exchange High Grade Green Bond Index,Exchange High Grade Green Bond,,,,119.55,0.07,0.06,5.5,5.5,176.0,,2021-03-01,中证交易所高等级绿色债券指数
2021-03-01,931145,中证绿色债券指数,中证绿色债,CSI Green Bond Index,CSI Green Bond,,,,118.6,0.05,0.04,5.5,5.5,378.0,,2021-03-01,中证绿色债券指数
2021-03-02,930951,中证交易所绿色债券指数,交易所绿色债,CSI Exchange Green Bond Index,Exchange Green Bond,,,,119.8,0.06,0.05,2.79,2.79,190.0,,2021-03-02,中证交易所绿色债券指数
2021-03-02,931147,中证交易所高等级绿色债券指数,交易所高等级绿色债,CSI Exchange High Grade Green Bond Index,Exchange High Grade Green Bond,,,,119.61,0.07,0.06,2.79,2.79,176.0,,2021-03-02,中证交易所高等级绿色债券指数
2021-03-02,931145,中证绿色债券指数,中证绿色债,CSI Green Bond Index,CSI Green Bond,,,,118.64,0.05,0.04,2.79,2.79,378.0,,2021-03-02,中证绿色债券指数
2021-03-03,930951,中证交易所绿色债券指数,交易所绿色债,CSI Exchange Green Bond Index,Exchange Green Bond,,,,119.81,0.01,0.01,1.6,1.58,190.0,,2021-03-03,中证交易所绿色债券指数
2021-03-03,931147,中证交易所高等级绿色债券指数,交易所高等级绿色债,CSI Exchange High Grade Green Bond Index,Exchange High Grade Green Bond,,,,119.63,0.02,0.01,1.6,1.58,176.0,,2021-03-03,中证交易所高等级绿色债券指数
2021-03-03,931145,中证绿色债券指数,中证绿色债,CSI Green Bond Index,CSI Green Bond,,,,118.67,0.02,0.02,1.6,1.58,378.0,,2021-03-03,中证绿色债券指数
2021-03-04,930951,中证交易所绿色债券指数,交易所绿色债,CSI Exchange Green Bond Index,Exchange Green Bond,,,,119.84,0.03,0.02,0.0,0.0,190.0,,2021-03-04,中证交易所绿色债券指数
2021-03-04,931147,中证交易所高等级绿色债券指数,交易所高等级绿色债,CSI Exchange High Grade Green Bond Index,Exchange High Grade Green Bond,,,,119.66,0.03,0.03,0.0,0.0,176.0,,2021-03-04,中证交易所高等级绿色债券指数
2021-03-04,931145,中证绿色债券指数,中证绿色债,CSI Green Bond Index,CSI Green Bond,,,,118.69,0.02,0.02,0.0,0.0,378.0,,2021-03-04,中证绿色债券指数
2021-03-05,930951,中证交易所绿色债券指数,交易所绿色债,CSI Exchange Green Bond Index,Exchange Green Bond,,,,119.86,0.02,0.02,0.0,0.0,190.0,,2021-03-05,中证交易所绿色债券指数
2021-03-05,931147,中证交易所高等级绿色债券指数,交易所高等级绿色债,CSI Exchange High Grade Green Bond Index,Exchange High Grade Green Bond,,,,119.68,0.02,0.02,0.0,0.0,176.0,,2021-03-05,中证交易所高等级绿色债券指数
2021-03-05,931145,中证绿色债券指数,中证绿色债,CSI Green Bond Index,CSI Green Bond,,,,118.7,0.02,0.01,0.0,0.0,378.0,,2021-03-05,中证绿色债券指数
2021-03-08,930951,中证交易所绿色债券指数,交易所绿色债,CSI Exchange Green Bond Index,Exchange Green Bond,,,,119.93,0.08,0.06,0.1,0.1,190.0,,2021-03-08,中证交易所绿色债券指数
2021-03-08,931147,中证交易所高等级绿色债券指数,交易所高等级绿色债,CSI Exchange High Grade Green Bond Index,Exchange High Grade Green Bond,,,,119.76,0.08,0.07,0.1,0.1,176.0,,2021-03-08,中证交易所高等级绿色债券指数
2021-03-08,931145,中证绿色债券指数,中证绿色债,CSI Green Bond Index,CSI Green Bond,,,,118.76,0.06,0.05,0.1,0.1,378.0,,2021-03-08,中证绿色债券指数
2021-03-09,930951,中证交易所绿色债券指数,交易所绿色债,CSI Exchange Green Bond Index,Exchange Green Bond,,,,119.96,0.02,0.02,0.0,0.0,190.0,,2021-03-09,中证交易所绿色债券指数
2021-03-09,931147,中证交易所高等级绿色债券指数,交易所高等级绿色债,CSI Exchange High Grade Green Bond Index,Exchange High Grade Green Bond,,,,119.78,0.03,0.02,0.0,0.0,176.0,,2021-03-09,中证交易所高等级绿色债券指数
2021-03-09,931145,中证绿色债券指数,中证绿色债,CSI Green Bond Index,CSI Green Bond,,,,118.78,0.02,0.02,0.0,0.0,378.0,,2021-03-09,中证绿色债券指数
2021-03-10,930951,中证交易所绿色债券指数,交易所绿色债,CSI Exchange Green Bond Index,Exchange Green Bond,,,,119.98,0.02,0.02,0.01,0.01,190.0,,2021-03-10,中证交易所绿色债券指数
2021-03-10,931147,中证交易所高等级绿色债券指数,交易所高等级绿色债,CSI Exchange High Grade Green Bond Index,Exchange High Grade Green Bond,,,,119.8,0.02,0.02,0.01,0.01,176.0,,2021-03-10,中证交易所高等级绿色债券指数
2021-03-10,931145,中证绿色债券指数,中证绿色债,CSI Green Bond Index,CSI Green Bond,,,,118.8,0.02,0.02,0.01,0.01,378.0,,2021-03-10,中证绿色债券指数
2021-03-11,930951,中证交易所绿色债券指数,交易所绿色债,CSI Exchange Green Bond Index,Exchange Green Bond,,,,120.0,0.03,0.02,0.0,0.0,190.0,,2021-03-11,中证交易所绿色债券指数
2021-03-11,931147,中证交易所高等级绿色债券指数,交易所高等级绿色债,CSI Exchange High Grade Green Bond Index,Exchange High Grade Green Bond,,,,119.83,0.03,0.02,0.0,0.0,176.0,,2021-03-11,中证交易所高等级绿色债券指数
2021-03-11,931145,中证绿色债券指数,中证绿色债,CSI Green Bond Index,CSI Green Bond,,,,118.82,0.02,0.02,0.0,0.0,378.0,,2021-03-11,中证绿色债券指数
2021-03-12,930951,中证交易所绿色债券指数,交易所绿色债,CSI Exchange Green Bond Index,Exchange Green Bond,,,,120.03,0.02,0.02,2.83,2.84,190.0,,2021-03-12,中证交易所绿色债券指数
2021-03-12,931147,中证交易所高等级绿色债券指数,交易所高等级绿色债,CSI Exchange High Grade Green Bond Index,Exchange High Grade Green Bond,,,,119.86,0.03,0.02,2.83,2.84,176.0,,2021-03-12,中证交易所高等级绿色债券指数
2021-03-12,931145,中证绿色债券指数,中证绿色债,CSI Green Bond Index,CSI Green Bond,,,,118.83,0.02,0.01,2.83,2.84,378.0,,2021-03-12,中证绿色债券指数
2021-03-15,930951,中证交易所绿色债券指数,交易所绿色债,CSI Exchange Green Bond Index,Exchange Green Bond,,,,120.06,0.04,0.03,3.98,3.98,190.0,,2021-03-15,中证交易所绿色债券指数
2021-03-15,931147,中证交易所高等级绿色债券指数,交易所高等级绿色债,CSI Exchange High Grade Green Bond Index,Exchange High Grade Green Bond,,,,119.89,0.03,0.03,3.78,3.82,176.0,,2021-03-15,中证交易所高等级绿色债券指数
2021-03-15,931145,中证绿色债券指数,中证绿色债,CSI Green Bond Index,CSI Green Bond,,,,118.86,0.03,0.03,3.98,3.98,378.0,,2021-03-15,中证绿色债券指数
2021-03-16,930951,中证交易所绿色债券指数,交易所绿色债,CSI Exchange Green Bond Index,Exchange Green Bond,,,,120.09,0.03,0.03,5.31,5.36,190.0,,2021-03-16,中证交易所绿色债券指数
2021-03-16,931147,中证交易所高等级绿色债券指数,交易所高等级绿色债,CSI Exchange High Grade Green Bond Index,Exchange High Grade Green Bond,,,,119.92,0.03,0.03,5.31,5.36,176.0,,2021-03-16,中证交易所高等级绿色债券指数
2021-03-16,931145,中证绿色债券指数,中证绿色债,CSI Green Bond Index,CSI Green Bond,,,,118.88,0.02,0.02,5.31,5.36,378.0,,2021-03-16,中证绿色债券指数
2021-03-17,930951,中证交易所绿色债券指数,交易所绿色债,CSI Exchange Green Bond Index,Exchange Green Bond,,,,120.11,0.02,0.02,0.0,0.0,190.0,,2021-03-17,中证交易所绿色债券指数
2021-03-17,931147,中证交易所高等级绿色债券指数,交易所高等级绿色债,CSI Exchange High Grade Green Bond Index,Exchange High Grade Green Bond,,,,119.94,0.02,0.02,0.0,0.0,176.0,,2021-03-17,中证交易所高等级绿色债券指数
2021-03-17,931145,中证绿色债券指数,中证绿色债,CSI Green Bond Index,CSI Green Bond,,,,118.9,0.02,0.02,0.0,0.0,378.0,,2021-03-17,中证绿色债券指数
2021-03-18,930951,中证交易所绿色债券指数,交易所绿色债,CSI Exchange Green Bond Index,Exchange Green Bond,,,,120.11,0.0,0.0,0.0,0.0,190.0,,2021-03-18,中证交易所绿色债券指数
2021-03-18,931147,中证交易所高等级绿色债券指数,交易所高等级绿色债,CSI Exchange High Grade Green Bond Index,Exchange High Grade Green Bond,,,,119.94,0.0,0.0,0.0,0.0,176.0,,2021-03-18,中证交易所高等级绿色债券指数
2021-03-18,931145,中证绿色债券指数,中证绿色债,CSI Green Bond Index,CSI Green Bond,,,,118.91,0.01,0.01,0.0,0.0,378.0,,2021-03-18,中证绿色债券指数
2021-03-19,930951,中证交易所绿色债券指数,交易所绿色债,CSI Exchange Green Bond Index,Exchange Green Bond,,,,120.15,0.03,0.03,0.0,0.0,190.0,,2021-03-19,中证交易所绿色债券指数
2021-03-19,931147,中证交易所高等级绿色债券指数,交易所高等级绿色债,CSI Exchange High Grade Green Bond Index,Exchange High Grade Green Bond,,,,119.98,0.04,0.03,0.0,0.0,176.0,,2021-03-19,中证交易所高等级绿色债券指数
2021-03-19,931145,中证绿色债券指数,中证绿色债,CSI Green Bond Index,CSI Green Bond,,,,118.95,0.03,0.03,0.0,0.0,378.0,,2021-03-19,中证绿色债券指数
2021-03-22,930951,中证交易所绿色债券指数,交易所绿色债,CSI Exchange Green Bond Index,Exchange Green Bond,,,,120.22,0.07,0.06,0.0,0.0,190.0,,2021-03-22,中证交易所绿色债券指数
2021-03-22,931147,中证交易所高等级绿色债券指数,交易所高等级绿色债,CSI Exchange High Grade Green Bond Index,Exchange High Grade Green Bond,,,,120.04,0.07,0.06,0.0,0.0,176.0,,2021-03-22,中证交易所高等级绿色债券指数
2021-03-22,931145,中证绿色债券指数,中证绿色债,CSI Green Bond Index,CSI Green Bond,,,,119.0,0.06,0.05,0.0,0.0,378.0,,2021-03-22,中证绿色债券指数
2021-03-23,930951,中证交易所绿色债券指数,交易所绿色债,CSI Exchange Green Bond Index,Exchange Green Bond,,,,120.22,0.01,0.01,0.0,0.0,190.0,,2021-03-23,中证交易所绿色债券指数
2021-03-23,931147,中证交易所高等级绿色债券指数,交易所高等级绿色债,CSI Exchange High Grade Green Bond Index,Exchange High Grade Green Bond,,,,120.05,0.01,0.01,0.0,0.0,176.0,,2021-03-23,中证交易所高等级绿色债券指数
2021-03-23,931145,中证绿色债券指数,中证绿色债,CSI Green Bond Index,CSI Green Bond,,,,119.01,0.01,0.01,0.0,0.0,378.0,,2021-03-23,中证绿色债券指数
2021-03-24,930951,中证交易所绿色债券指数,交易所绿色债,CSI Exchange Green Bond Index,Exchange Green Bond,,,,120.28,0.06,0.05,0.0,0.0,190.0,,2021-03-24,中证交易所绿色债券指数
2021-03-24,931147,中证交易所高等级绿色债券指数,交易所高等级绿色债,CSI Exchange High Grade Green Bond Index,Exchange High Grade Green Bond,,,,120.11,0.06,0.05,0.0,0.0,176.0,,2021-03-24,中证交易所高等级绿色债券指数
2021-03-24,931145,中证绿色债券指数,中证绿色债,CSI Green Bond Index,CSI Green Bond,,,,119.06,0.05,0.04,0.0,0.0,377.0,,2021-03-24,中证绿色债券指数
2021-03-25,930951,中证交易所绿色债券指数,交易所绿色债,CSI Exchange Green Bond Index,Exchange Green Bond,,,,120.31,0.03,0.03,0.0,0.0,190.0,,2021-03-25,中证交易所绿色债券指数
2021-03-25,931147,中证交易所高等级绿色债券指数,交易所高等级绿色债,CSI Exchange High Grade Green Bond Index,Exchange High Grade Green Bond,,,,120.15,0.04,0.03,0.0,0.0,176.0,,2021-03-25,中证交易所高等级绿色债券指数
2021-03-25,931145,中证绿色债券指数,中证绿色债,CSI Green Bond Index,CSI Green Bond,,,,119.09,0.03,0.02,0.0,0.0,377.0,,2021-03-25,中证绿色债券指数
2021-03-26,930951,中证交易所绿色债券指数,交易所绿色债,CSI Exchange Green Bond Index,Exchange Green Bond,,,,120.34,0.03,0.03,0.0,0.0,190.0,,2021-03-26,中证交易所绿色债券指数
2021-03-26,931147,中证交易所高等级绿色债券指数,交易所高等级绿色债,CSI Exchange High Grade Green Bond Index,Exchange High Grade Green Bond,,,,120.19,0.04,0.03,0.0,0.0,176.0,,2021-03-26,中证交易所高等级绿色债券指数
2021-03-26,931145,中证绿色债券指数,中证绿色债,CSI Green Bond Index,CSI Green Bond,,,,119.11,0.02,0.02,0.0,0.0,377.0,,2021-03-26,中证绿色债券指数
2021-03-29,930951,中证交易所绿色债券指数,交易所绿色债,CSI Exchange Green Bond Index,Exchange Green Bond,,,,120.38,0.04,0.03,0.0,0.0,190.0,,2021-03-29,中证交易所绿色债券指数
2021-03-29,931147,中证交易所高等级绿色债券指数,交易所高等级绿色债,CSI Exchange High Grade Green Bond Index,Exchange High Grade Green Bond,,,,120.23,0.04,0.03,0.0,0.0,176.0,,2021-03-29,中证交易所高等级绿色债券指数
2021-03-29,931145,中证绿色债券指数,中证绿色债,CSI Green Bond Index,CSI Green Bond,,,,119.14,0.03,0.03,0.0,0.0,377.0,,2021-03-29,中证绿色债券指数
2021-03-30,930951,中证交易所绿色债券指数,交易所绿色债,CSI Exchange Green Bond Index,Exchange Green Bond,,,,120.41,0.03,0.03,0.0,0.0,190.0,,2021-03-30,中证交易所绿色债券指数
2021-03-30,931147,中证交易所高等级绿色债券指数,交易所高等级绿色债,CSI Exchange High Grade Green Bond Index,Exchange High Grade Green Bond,,,,120.26,0.03,0.03,0.0,0.0,176.0,,2021-03-30,中证交易所高等级绿色债券指数
2021-03-30,931145,中证绿色债券指数,中证绿色债,CSI Green Bond Index,CSI Green Bond,,,,119.16,0.02,0.02,0.0,0.0,377.0,,2021-03-30,中证绿色债券指数
2021-03-31,930951,中证交易所绿色债券指数,交易所绿色债,CSI Exchange Green Bond Index,Exchange Green Bond,,,,120.41,0.0,0.0,0.0,0.0,190.0,,2021-03-31,中证交易所绿色债券指数
2021-03-31,931147,中证交易所高等级绿色债券指数,交易所高等级绿色债,CSI Exchange High Grade Green Bond Index,Exchange High Grade Green Bond,,,,120.26,0.0,0.0,0.0,0.0,176.0,,2021-03-31,中证交易所高等级绿色债券指数
2021-03-31,931145,中证绿色债券指数,中证绿色债,CSI Green Bond Index,CSI Green Bond,,,,119.16,0.01,0.0,0.0,0.0,377.0,,2021-03-31,中证绿色债券指数
2021-04-01,930951,中证交易所绿色债券指数,交易所绿色债,CSI Exchange Green Bond Index,Exchange Green Bond,,,,120.44,0.03,0.02,0.0,0.0,206.0,,2021-04-01,中证交易所绿色债券指数
2021-04-01,931147,中证交易所高等级绿色债券指数,交易所高等级绿色债,CSI Exchange High Grade Green Bond Index,Exchange High Grade Green Bond,,,,120.29,0.03,0.03,0.0,0.0,191.0,,2021-04-01,中证交易所高等级绿色债券指数
2021-04-01,931145,中证绿色债券指数,中证绿色债,CSI Green Bond Index,CSI Green Bond,,,,119.19,0.03,0.02,0.0,0.0,403.0,,2021-04-01,中证绿色债券指数
2021-04-02,930951,中证交易所绿色债券指数,交易所绿色债,CSI Exchange Green Bond Index,Exchange Green Bond,,,,120.46,0.02,0.02,0.0,0.0,206.0,,2021-04-02,中证交易所绿色债券指数
2021-04-02,931147,中证交易所高等级绿色债券指数,交易所高等级绿色债,CSI Exchange High Grade Green Bond Index,Exchange High Grade Green Bond,,,,120.3,0.02,0.01,0.0,0.0,191.0,,2021-04-02,中证交易所高等级绿色债券指数
2021-04-02,931145,中证绿色债券指数,中证绿色债,CSI Green Bond Index,CSI Green Bond,,,,119.21,0.02,0.02,0.0,0.0,403.0,,2021-04-02,中证绿色债券指数
2021-04-06,930951,中证交易所绿色债券指数,交易所绿色债,CSI Exchange Green Bond Index,Exchange Green Bond,,,,120.52,0.06,0.05,0.0,0.0,206.0,,2021-04-06,中证交易所绿色债券指数
2021-04-06,931147,中证交易所高等级绿色债券指数,交易所高等级绿色债,CSI Exchange High Grade Green Bond Index,Exchange High Grade Green Bond,,,,120.37,0.06,0.05,0.0,0.0,191.0,,2021-04-06,中证交易所高等级绿色债券指数
2021-04-06,931145,中证绿色债券指数,中证绿色债,CSI Green Bond Index,CSI Green Bond,,,,119.26,0.05,0.04,0.0,0.0,403.0,,2021-04-06,中证绿色债券指数
2021-04-07,930951,中证交易所绿色债券指数,交易所绿色债,CSI Exchange Green Bond Index,Exchange Green Bond,,,,120.53,0.0,0.0,0.0,0.0,206.0,,2021-04-07,中证交易所绿色债券指数
2021-04-07,931147,中证交易所高等级绿色债券指数,交易所高等级绿色债,CSI Exchange High Grade Green Bond Index,Exchange High Grade Green Bond,,,,120.37,0.01,0.01,0.0,0.0,191.0,,2021-04-07,中证交易所高等级绿色债券指数
2021-04-07,931145,中证绿色债券指数,中证绿色债,CSI Green Bond Index,CSI Green Bond,,,,119.27,0.01,0.01,0.0,0.0,403.0,,2021-04-07,中证绿色债券指数
2021-04-08,930951,中证交易所绿色债券指数,交易所绿色债,CSI Exchange Green Bond Index,Exchange Green Bond,,,,120.53,0.0,0.0,0.0,0.0,206.0,,2021-04-08,中证交易所绿色债券指数
2021-04-08,931147,中证交易所高等级绿色债券指数,交易所高等级绿色债,CSI Exchange High Grade Green Bond Index,Exchange High Grade Green Bond,,,,120.37,-0.01,-0.01,0.0,0.0,191.0,,2021-04-08,中证交易所高等级绿色债券指数
2021-04-08,931145,中证绿色债券指数,中证绿色债,CSI Green Bond Index,CSI Green Bond,,,,119.27,0.0,0.0,0.0,0.0,403.0,,2021-04-08,中证绿色债券指数
2021-04-09,930951,中证交易所绿色债券指数,交易所绿色债,CSI Exchange Green Bond Index,Exchange Green Bond,,,,120.56,0.04,0.03,0.0,0.0,206.0,,2021-04-09,中证交易所绿色债券指数
2021-04-09,931147,中证交易所高等级绿色债券指数,交易所高等级绿色债,CSI Exchange High Grade Green Bond Index,Exchange High Grade Green Bond,,,,120.4,0.04,0.03,0.0,0.0,191.0,,2021-04-09,中证交易所高等级绿色债券指数
2021-04-09,931145,中证绿色债券指数,中证绿色债,CSI Green Bond Index,CSI Green Bond,,,,119.29,0.02,0.02,0.0,0.0,403.0,,2021-04-09,中证绿色债券指数
2021-04-12,930951,中证交易所绿色债券指数,交易所绿色债,CSI Exchange Green Bond Index,Exchange Green Bond,,,,120.6,0.03,0.03,0.0,0.0,206.0,,2021-04-12,中证交易所绿色债券指数
2021-04-12,931147,中证交易所高等级绿色债券指数,交易所高等级绿色债,CSI Exchange High Grade Green Bond Index,Exchange High Grade Green Bond,,,,120.43,0.03,0.03,0.0,0.0,191.0,,2021-04-12,中证交易所高等级绿色债券指数
2021-04-12,931145,中证绿色债券指数,中证绿色债,CSI Green Bond Index,CSI Green Bond,,,,119.33,0.03,0.03,0.0,0.0,403.0,,2021-04-12,中证绿色债券指数
2021-04-13,930951,中证交易所绿色债券指数,交易所绿色债,CSI Exchange Green Bond Index,Exchange Green Bond,,,,120.66,0.07,0.05,0.0,0.0,206.0,,2021-04-13,中证交易所绿色债券指数
2021-04-13,931147,中证交易所高等级绿色债券指数,交易所高等级绿色债,CSI Exchange High Grade Green Bond Index,Exchange High Grade Green Bond,,,,120.5,0.07,0.06,0.0,0.0,191.0,,2021-04-13,中证交易所高等级绿色债券指数
2021-04-13,931145,中证绿色债券指数,中证绿色债,CSI Green Bond Index,CSI Green Bond,,,,119.38,0.05,0.04,0.0,0.0,403.0,,2021-04-13,中证绿色债券指数
2021-04-14,930951,中证交易所绿色债券指数,交易所绿色债,CSI Exchange Green Bond Index,Exchange Green Bond,,,,120.7,0.04,0.03,0.0,0.0,206.0,,2021-04-14,中证交易所绿色债券指数
2021-04-14,931147,中证交易所高等级绿色债券指数,交易所高等级绿色债,CSI Exchange High Grade Green Bond Index,Exchange High Grade Green Bond,,,,120.54,0.04,0.03,0.0,0.0,191.0,,2021-04-14,中证交易所高等级绿色债券指数
2021-04-14,931145,中证绿色债券指数,中证绿色债,CSI Green Bond Index,CSI Green Bond,,,,119.41,0.04,0.03,0.0,0.0,403.0,,2021-04-14,中证绿色债券指数
2021-04-15,930951,中证交易所绿色债券指数,交易所绿色债,CSI Exchange Green Bond Index,Exchange Green Bond,,,,120.75,0.06,0.05,0.0,0.0,206.0,,2021-04-15,中证交易所绿色债券指数
2021-04-15,931147,中证交易所高等级绿色债券指数,交易所高等级绿色债,CSI Exchange High Grade Green Bond Index,Exchange High Grade Green Bond,,,,120.6,0.06,0.05,0.0,0.0,191.0,,2021-04-15,中证交易所高等级绿色债券指数
2021-04-15,931145,中证绿色债券指数,中证绿色债,CSI Green Bond Index,CSI Green Bond,,,,119.45,0.03,0.03,0.0,0.0,403.0,,2021-04-15,中证绿色债券指数
2021-04-16,930951,中证交易所绿色债券指数,交易所绿色债,CSI Exchange Green Bond Index,Exchange Green Bond,,,,120.76,0.01,0.01,0.0,0.0,206.0,,2021-04-16,中证交易所绿色债券指数
2021-04-16,931147,中证交易所高等级绿色债券指数,交易所高等级绿色债,CSI Exchange High Grade Green Bond Index,Exchange High Grade Green Bond,,,,120.6,0.01,0.01,0.0,0.0,191.0,,2021-04-16,中证交易所高等级绿色债券指数
2021-04-16,931145,中证绿色债券指数,中证绿色债,CSI Green Bond Index,CSI Green Bond,,,,119.46,0.01,0.01,0.0,0.0,403.0,,2021-04-16,中证绿色债券指数
2021-04-19,930951,中证交易所绿色债券指数,交易所绿色债,CSI Exchange Green Bond Index,Exchange Green Bond,,,,120.82,0.06,0.05,0.0,0.0,206.0,,2021-04-19,中证交易所绿色债券指数
2021-04-19,931147,中证交易所高等级绿色债券指数,交易所高等级绿色债,CSI Exchange High Grade Green Bond Index,Exchange High Grade Green Bond,,,,120.66,0.06,0.05,0.0,0.0,191.0,,2021-04-19,中证交易所高等级绿色债券指数
2021-04-19,931145,中证绿色债券指数,中证绿色债,CSI Green Bond Index,CSI Green Bond,,,,119.5,0.05,0.04,0.0,0.0,403.0,,2021-04-19,中证绿色债券指数
2021-04-20,930951,中证交易所绿色债券指数,交易所绿色债,CSI Exchange Green Bond Index,Exchange Green Bond,,,,120.87,0.05,0.04,0.0,0.0,206.0,,2021-04-20,中证交易所绿色债券指数
2021-04-20,931147,中证交易所高等级绿色债券指数,交易所高等级绿色债,CSI Exchange High Grade Green Bond Index,Exchange High Grade Green Bond,,,,120.71,0.05,0.04,0.0,0.0,191.0,,2021-04-20,中证交易所高等级绿色债券指数
2021-04-20,931145,中证绿色债券指数,中证绿色债,CSI Green Bond Index,CSI Green Bond,,,,119.55,0.04,0.04,0.0,0.0,403.0,,2021-04-20,中证绿色债券指数
2021-04-21,930951,中证交易所绿色债券指数,交易所绿色债,CSI Exchange Green Bond Index,Exchange Green Bond,,,,120.91,0.04,0.04,0.0,0.0,206.0,,2021-04-21,中证交易所绿色债券指数
2021-04-21,931147,中证交易所高等级绿色债券指数,交易所高等级绿色债,CSI Exchange High Grade Green Bond Index,Exchange High Grade Green Bond,,,,120.75,0.04,0.03,0.0,0.0,191.0,,2021-04-21,中证交易所高等级绿色债券指数
2021-04-21,931145,中证绿色债券指数,中证绿色债,CSI Green Bond Index,CSI Green Bond,,,,119.58,0.03,0.03,0.0,0.0,403.0,,2021-04-21,中证绿色债券指数
2021-04-22,930951,中证交易所绿色债券指数,交易所绿色债,CSI Exchange Green Bond Index,Exchange Green Bond,,,,120.95,0.04,0.04,0.0,0.0,206.0,,2021-04-22,中证交易所绿色债券指数
2021-04-22,931147,中证交易所高等级绿色债券指数,交易所高等级绿色债,CSI Exchange High Grade Green Bond Index,Exchange High Grade Green Bond,,,,120.79,0.05,0.04,0.0,0.0,191.0,,2021-04-22,中证交易所高等级绿色债券指数
2021-04-22,931145,中证绿色债券指数,中证绿色债,CSI Green Bond Index,CSI Green Bond,,,,119.61,0.03,0.03,0.0,0.0,403.0,,2021-04-22,中证绿色债券指数
2021-04-23,930951,中证交易所绿色债券指数,交易所绿色债,CSI Exchange Green Bond Index,Exchange Green Bond,,,,120.98,0.03,0.02,0.01,0.01,206.0,,2021-04-23,中证交易所绿色债券指数
2021-04-23,931147,中证交易所高等级绿色债券指数,交易所高等级绿色债,CSI Exchange High Grade Green Bond Index,Exchange High Grade Green Bond,,,,120.82,0.03,0.02,0.01,0.01,191.0,,2021-04-23,中证交易所高等级绿色债券指数
2021-04-23,931145,中证绿色债券指数,中证绿色债,CSI Green Bond Index,CSI Green Bond,,,,119.64,0.03,0.02,0.01,0.01,403.0,,2021-04-23,中证绿色债券指数
2021-04-26,930951,中证交易所绿色债券指数,交易所绿色债,CSI Exchange Green Bond Index,Exchange Green Bond,,,,121.03,0.05,0.04,0.0,0.0,206.0,,2021-04-26,中证交易所绿色债券指数
2021-04-26,931147,中证交易所高等级绿色债券指数,交易所高等级绿色债,CSI Exchange High Grade Green Bond Index,Exchange High Grade Green Bond,,,,120.87,0.05,0.04,0.0,0.0,191.0,,2021-04-26,中证交易所高等级绿色债券指数
2021-04-26,931145,中证绿色债券指数,中证绿色债,CSI Green Bond Index,CSI Green Bond,,,,119.67,0.03,0.03,0.0,0.0,403.0,,2021-04-26,中证绿色债券指数
2021-04-27,930951,中证交易所绿色债券指数,交易所绿色债,CSI Exchange Green Bond Index,Exchange Green Bond,,,,121.01,-0.02,-0.02,0.0,0.0,206.0,,2021-04-27,中证交易所绿色债券指数
2021-04-27,931147,中证交易所高等级绿色债券指数,交易所高等级绿色债,CSI Exchange High Grade Green Bond Index,Exchange High Grade Green Bond,,,,120.84,-0.03,-0.02,0.0,0.0,191.0,,2021-04-27,中证交易所高等级绿色债券指数
2021-04-27,931145,中证绿色债券指数,中证绿色债,CSI Green Bond Index,CSI Green Bond,,,,119.66,-0.01,-0.01,0.0,0.0,403.0,,2021-04-27,中证绿色债券指数
2021-04-28,930951,中证交易所绿色债券指数,交易所绿色债,CSI Exchange Green Bond Index,Exchange Green Bond,,,,121.03,0.02,0.02,0.0,0.0,206.0,,2021-04-28,中证交易所绿色债券指数
2021-04-28,931147,中证交易所高等级绿色债券指数,交易所高等级绿色债,CSI Exchange High Grade Green Bond Index,Exchange High Grade Green Bond,,,,120.86,0.02,0.02,0.0,0.0,191.0,,2021-04-28,中证交易所高等级绿色债券指数
2021-04-28,931145,中证绿色债券指数,中证绿色债,CSI Green Bond Index,CSI Green Bond,,,,119.67,0.02,0.01,0.0,0.0,403.0,,2021-04-28,中证绿色债券指数
2021-04-29,930951,中证交易所绿色债券指数,交易所绿色债,CSI Exchange Green Bond Index,Exchange Green Bond,,,,121.03,0.0,0.0,0.0,0.0,206.0,,2021-04-29,中证交易所绿色债券指数
2021-04-29,931147,中证交易所高等级绿色债券指数,交易所高等级绿色债,CSI Exchange High Grade Green Bond Index,Exchange High Grade Green Bond,,,,120.86,-0.01,-0.01,0.0,0.0,191.0,,2021-04-29,中证交易所高等级绿色债券指数
2021-04-29,931145,中证绿色债券指数,中证绿色债,CSI Green Bond Index,CSI Green Bond,,,,119.68,0.01,0.01,0.0,0.0,403.0,,2021-04-29,中证绿色债券指数
2021-04-30,930951,中证交易所绿色债券指数,交易所绿色债,CSI Exchange Green Bond Index,Exchange Green Bond,,,,121.07,0.04,0.03,0.0,0.0,206.0,,2021-04-30,中证交易所绿色债券指数
2021-04-30,931147,中证交易所高等级绿色债券指数,交易所高等级绿色债,CSI Exchange High Grade Green Bond Index,Exchange High Grade Green Bond,,,,120.89,0.04,0.03,0.0,0.0,191.0,,2021-04-30,中证交易所高等级绿色债券指数
2021-04-30,931145,中证绿色债券指数,中证绿色债,CSI Green Bond Index,CSI Green Bond,,,,119.71,0.03,0.02,0.0,0.0,403.0,,2021-04-30,中证绿色债券指数
2021-05-06,930951,中证交易所绿色债券指数,交易所绿色债,CSI Exchange Green Bond Index,Exchange Green Bond,,,,121.16,0.09,0.08,0.0,0.0,217.0,,2021-05-06,中证交易所绿色债券指数
2021-05-06,931147,中证交易所高等级绿色债券指数,交易所高等级绿色债,CSI Exchange High Grade Green Bond Index,Exchange High Grade Green Bond,,,,120.98,0.09,0.08,0.0,0.0,202.0,,2021-05-06,中证交易所高等级绿色债券指数
2021-05-06,931145,中证绿色债券指数,中证绿色债,CSI Green Bond Index,CSI Green Bond,,,,119.79,0.08,0.07,0.0,0.0,426.0,,2021-05-06,中证绿色债券指数
2021-05-07,930951,中证交易所绿色债券指数,交易所绿色债,CSI Exchange Green Bond Index,Exchange Green Bond,,,,121.19,0.04,0.03,0.0,0.0,217.0,,2021-05-07,中证交易所绿色债券指数
2021-05-07,931147,中证交易所高等级绿色债券指数,交易所高等级绿色债,CSI Exchange High Grade Green Bond Index,Exchange High Grade Green Bond,,,,121.02,0.04,0.03,0.0,0.0,202.0,,2021-05-07,中证交易所高等级绿色债券指数
2021-05-07,931145,中证绿色债券指数,中证绿色债,CSI Green Bond Index,CSI Green Bond,,,,119.81,0.02,0.02,0.0,0.0,426.0,,2021-05-07,中证绿色债券指数
2021-05-10,930951,中证交易所绿色债券指数,交易所绿色债,CSI Exchange Green Bond Index,Exchange Green Bond,,,,121.26,0.06,0.05,0.0,0.0,217.0,,2021-05-10,中证交易所绿色债券指数
2021-05-10,931147,中证交易所高等级绿色债券指数,交易所高等级绿色债,CSI Exchange High Grade Green Bond Index,Exchange High Grade Green Bond,,,,121.09,0.07,0.05,0.0,0.0,202.0,,2021-05-10,中证交易所高等级绿色债券指数
2021-05-10,931145,中证绿色债券指数,中证绿色债,CSI Green Bond Index,CSI Green Bond,,,,119.86,0.05,0.04,0.0,0.0,426.0,,2021-05-10,中证绿色债券指数
2021-05-11,930951,中证交易所绿色债券指数,交易所绿色债,CSI Exchange Green Bond Index,Exchange Green Bond,,,,121.32,0.06,0.05,0.0,0.0,217.0,,2021-05-11,中证交易所绿色债券指数
2021-05-11,931147,中证交易所高等级绿色债券指数,交易所高等级绿色债,CSI Exchange High Grade Green Bond Index,Exchange High Grade Green Bond,,,,121.15,0.06,0.05,0.0,0.0,202.0,,2021-05-11,中证交易所高等级绿色债券指数
2021-05-11,931145,中证绿色债券指数,中证绿色债,CSI Green Bond Index,CSI Green Bond,,,,119.92,0.05,0.05,0.0,0.0,426.0,,2021-05-11,中证绿色债券指数
2021-05-12,930951,中证交易所绿色债券指数,交易所绿色债,CSI Exchange Green Bond Index,Exchange Green Bond,,,,121.36,0.04,0.03,0.0,0.0,217.0,,2021-05-12,中证交易所绿色债券指数
2021-05-12,931147,中证交易所高等级绿色债券指数,交易所高等级绿色债,CSI Exchange High Grade Green Bond Index,Exchange High Grade Green Bond,,,,121.19,0.04,0.04,0.0,0.0,202.0,,2021-05-12,中证交易所高等级绿色债券指数
2021-05-12,931145,中证绿色债券指数,中证绿色债,CSI Green Bond Index,CSI Green Bond,,,,119.94,0.03,0.02,0.0,0.0,426.0,,2021-05-12,中证绿色债券指数
2021-05-13,930951,中证交易所绿色债券指数,交易所绿色债,CSI Exchange Green Bond Index,Exchange Green Bond,,,,121.41,0.05,0.04,0.0,0.0,217.0,,2021-05-13,中证交易所绿色债券指数
2021-05-13,931147,中证交易所高等级绿色债券指数,交易所高等级绿色债,CSI Exchange High Grade Green Bond Index,Exchange High Grade Green Bond,,,,121.25,0.06,0.05,0.0,0.0,202.0,,2021-05-13,中证交易所高等级绿色债券指数
2021-05-13,931145,中证绿色债券指数,中证绿色债,CSI Green Bond Index,CSI Green Bond,,,,119.98,0.03,0.03,0.0,0.0,426.0,,2021-05-13,中证绿色债券指数
2021-05-14,930951,中证交易所绿色债券指数,交易所绿色债,CSI Exchange Green Bond Index,Exchange Green Bond,,,,121.44,0.03,0.02,0.0,0.0,217.0,,2021-05-14,中证交易所绿色债券指数
2021-05-14,931147,中证交易所高等级绿色债券指数,交易所高等级绿色债,CSI Exchange High Grade Green Bond Index,Exchange High Grade Green Bond,,,,121.28,0.02,0.02,0.0,0.0,202.0,,2021-05-14,中证交易所高等级绿色债券指数
2021-05-14,931145,中证绿色债券指数,中证绿色债,CSI Green Bond Index,CSI Green Bond,,,,120.0,0.02,0.02,0.0,0.0,426.0,,2021-05-14,中证绿色债券指数
2021-05-17,930951,中证交易所绿色债券指数,交易所绿色债,CSI Exchange Green Bond Index,Exchange Green Bond,,,,121.5,0.06,0.05,0.0,0.0,217.0,,2021-05-17,中证交易所绿色债券指数
2021-05-17,931147,中证交易所高等级绿色债券指数,交易所高等级绿色债,CSI Exchange High Grade Green Bond Index,Exchange High Grade Green Bond,,,,121.34,0.06,0.05,0.0,0.0,202.0,,2021-05-17,中证交易所高等级绿色债券指数
2021-05-17,931145,中证绿色债券指数,中证绿色债,CSI Green Bond Index,CSI Green Bond,,,,120.05,0.05,0.04,0.0,0.0,426.0,,2021-05-17,中证绿色债券指数
2021-05-18,930951,中证交易所绿色债券指数,交易所绿色债,CSI Exchange Green Bond Index,Exchange Green Bond,,,,121.51,0.01,0.01,0.0,0.0,217.0,,2021-05-18,中证交易所绿色债券指数
2021-05-18,931147,中证交易所高等级绿色债券指数,交易所高等级绿色债,CSI Exchange High Grade Green Bond Index,Exchange High Grade Green Bond,,,,121.36,0.02,0.02,0.0,0.0,202.0,,2021-05-18,中证交易所高等级绿色债券指数
2021-05-18,931145,中证绿色债券指数,中证绿色债,CSI Green Bond Index,CSI Green Bond,,,,120.06,0.01,0.01,0.0,0.0,426.0,,2021-05-18,中证绿色债券指数
2021-05-19,930951,中证交易所绿色债券指数,交易所绿色债,CSI Exchange Green Bond Index,Exchange Green Bond,,,,121.54,0.04,0.03,0.0,0.0,217.0,,2021-05-19,中证交易所绿色债券指数
2021-05-19,931147,中证交易所高等级绿色债券指数,交易所高等级绿色债,CSI Exchange High Grade Green Bond Index,Exchange High Grade Green Bond,,,,121.39,0.04,0.03,0.0,0.0,202.0,,2021-05-19,中证交易所高等级绿色债券指数
2021-05-19,931145,中证绿色债券指数,中证绿色债,CSI Green Bond Index,CSI Green Bond,,,,120.09,0.03,0.02,0.0,0.0,426.0,,2021-05-19,中证绿色债券指数
2021-05-20,930951,中证交易所绿色债券指数,交易所绿色债,CSI Exchange Green Bond Index,Exchange Green Bond,,,,121.59,0.04,0.04,0.0,0.0,217.0,,2021-05-20,中证交易所绿色债券指数
2021-05-20,931147,中证交易所高等级绿色债券指数,交易所高等级绿色债,CSI Exchange High Grade Green Bond Index,Exchange High Grade Green Bond,,,,121.43,0.04,0.04,0.0,0.0,202.0,,2021-05-20,中证交易所高等级绿色债券指数
2021-05-20,931145,中证绿色债券指数,中证绿色债,CSI Green Bond Index,CSI Green Bond,,,,120.12,0.03,0.03,0.0,0.0,426.0,,2021-05-20,中证绿色债券指数
2021-05-21,930951,中证交易所绿色债券指数,交易所绿色债,CSI Exchange Green Bond Index,Exchange Green Bond,,,,121.62,0.03,0.03,0.0,0.0,217.0,,2021-05-21,中证交易所绿色债券指数
2021-05-21,931147,中证交易所高等级绿色债券指数,交易所高等级绿色债,CSI Exchange High Grade Green Bond Index,Exchange High Grade Green Bond,,,,121.47,0.03,0.03,0.0,0.0,202.0,,2021-05-21,中证交易所高等级绿色债券指数
2021-05-21,931145,中证绿色债券指数,中证绿色债,CSI Green Bond Index,CSI Green Bond,,,,120.15,0.04,0.03,0.0,0.0,426.0,,2021-05-21,中证绿色债券指数
2021-05-24,930951,中证交易所绿色债券指数,交易所绿色债,CSI Exchange Green Bond Index,Exchange Green Bond,,,,121.72,0.09,0.08,0.0,0.0,217.0,,2021-05-24,中证交易所绿色债券指数
2021-05-24,931147,中证交易所高等级绿色债券指数,交易所高等级绿色债,CSI Exchange High Grade Green Bond Index,Exchange High Grade Green Bond,,,,121.57,0.1,0.08,0.0,0.0,202.0,,2021-05-24,中证交易所高等级绿色债券指数
2021-05-24,931145,中证绿色债券指数,中证绿色债,CSI Green Bond Index,CSI Green Bond,,,,120.22,0.07,0.06,0.0,0.0,426.0,,2021-05-24,中证绿色债券指数
2021-05-25,930951,中证交易所绿色债券指数,交易所绿色债,CSI Exchange Green Bond Index,Exchange Green Bond,,,,121.75,0.03,0.03,0.0,0.0,217.0,,2021-05-25,中证交易所绿色债券指数
2021-05-25,931147,中证交易所高等级绿色债券指数,交易所高等级绿色债,CSI Exchange High Grade Green Bond Index,Exchange High Grade Green Bond,,,,121.6,0.04,0.03,0.0,0.0,202.0,,2021-05-25,中证交易所高等级绿色债券指数
2021-05-25,931145,中证绿色债券指数,中证绿色债,CSI Green Bond Index,CSI Green Bond,,,,120.24,0.02,0.02,0.0,0.0,425.0,,2021-05-25,中证绿色债券指数
2021-05-26,930951,中证交易所绿色债券指数,交易所绿色债,CSI Exchange Green Bond Index,Exchange Green Bond,,,,121.78,0.03,0.03,0.0,0.0,217.0,,2021-05-26,中证交易所绿色债券指数
2021-05-26,931147,中证交易所高等级绿色债券指数,交易所高等级绿色债,CSI Exchange High Grade Green Bond Index,Exchange High Grade Green Bond,,,,121.63,0.03,0.02,0.0,0.0,202.0,,2021-05-26,中证交易所高等级绿色债券指数
2021-05-26,931145,中证绿色债券指数,中证绿色债,CSI Green Bond Index,CSI Green Bond,,,,120.26,0.02,0.02,0.0,0.0,425.0,,2021-05-26,中证绿色债券指数
2021-05-27,930951,中证交易所绿色债券指数,交易所绿色债,CSI Exchange Green Bond Index,Exchange Green Bond,,,,121.8,0.03,0.02,0.0,0.0,217.0,,2021-05-27,中证交易所绿色债券指数
2021-05-27,931147,中证交易所高等级绿色债券指数,交易所高等级绿色债,CSI Exchange High Grade Green Bond Index,Exchange High Grade Green Bond,,,,121.66,0.02,0.02,0.0,0.0,202.0,,2021-05-27,中证交易所高等级绿色债券指数
2021-05-27,931145,中证绿色债券指数,中证绿色债,CSI Green Bond Index,CSI Green Bond,,,,120.28,0.02,0.02,0.0,0.0,425.0,,2021-05-27,中证绿色债券指数
2021-05-28,930951,中证交易所绿色债券指数,交易所绿色债,CSI Exchange Green Bond Index,Exchange Green Bond,,,,121.84,0.03,0.03,0.0,0.0,217.0,,2021-05-28,中证交易所绿色债券指数
2021-05-28,931147,中证交易所高等级绿色债券指数,交易所高等级绿色债,CSI Exchange High Grade Green Bond Index,Exchange High Grade Green Bond,,,,121.69,0.04,0.03,0.0,0.0,202.0,,2021-05-28,中证交易所高等级绿色债券指数
2021-05-28,931145,中证绿色债券指数,中证绿色债,CSI Green Bond Index,CSI Green Bond,,,,120.3,0.02,0.01,0.0,0.0,425.0,,2021-05-28,中证绿色债券指数
2021-05-31,930951,中证交易所绿色债券指数,交易所绿色债,CSI Exchange Green Bond Index,Exchange Green Bond,,,,121.88,0.04,0.04,0.0,0.0,217.0,,2021-05-31,中证交易所绿色债券指数
2021-05-31,931147,中证交易所高等级绿色债券指数,交易所高等级绿色债,CSI Exchange High Grade Green Bond Index,Exchange High Grade Green Bond,,,,121.73,0.04,0.04,0.0,0.0,202.0,,2021-05-31,中证交易所高等级绿色债券指数
2021-05-31,931145,中证绿色债券指数,中证绿色债,CSI Green Bond Index,CSI Green Bond,,,,120.33,0.03,0.02,0.0,0.0,425.0,,2021-05-31,中证绿色债券指数
2021-06-01,930951,中证交易所绿色债券指数,交易所绿色债,CSI Exchange Green Bond Index,Exchange Green Bond,,,,121.9,0.02,0.01,0.0,0.0,222.0,,2021-06-01,中证交易所绿色债券指数
2021-06-01,931147,中证交易所高等级绿色债券指数,交易所高等级绿色债,CSI Exchange High Grade Green Bond Index,Exchange High Grade Green Bond,,,,121.75,0.01,0.01,0.0,0.0,207.0,,2021-06-01,中证交易所高等级绿色债券指数
2021-06-01,931145,中证绿色债券指数,中证绿色债,CSI Green Bond Index,CSI Green Bond,,,,120.34,0.02,0.01,0.0,0.0,434.0,,2021-06-01,中证绿色债券指数
2021-06-02,930951,中证交易所绿色债券指数,交易所绿色债,CSI Exchange Green Bond Index,Exchange Green Bond,,,,121.92,0.03,0.02,0.0,0.0,222.0,,2021-06-02,中证交易所绿色债券指数
2021-06-02,931147,中证交易所高等级绿色债券指数,交易所高等级绿色债,CSI Exchange High Grade Green Bond Index,Exchange High Grade Green Bond,,,,121.78,0.03,0.03,0.0,0.0,207.0,,2021-06-02,中证交易所高等级绿色债券指数
2021-06-02,931145,中证绿色债券指数,中证绿色债,CSI Green Bond Index,CSI Green Bond,,,,120.37,0.03,0.02,0.0,0.0,434.0,,2021-06-02,中证绿色债券指数
2021-06-03,930951,中证交易所绿色债券指数,交易所绿色债,CSI Exchange Green Bond Index,Exchange Green Bond,,,,121.93,0.01,0.01,0.0,0.0,222.0,,2021-06-03,中证交易所绿色债券指数
2021-06-03,931147,中证交易所高等级绿色债券指数,交易所高等级绿色债,CSI Exchange High Grade Green Bond Index,Exchange High Grade Green Bond,,,,121.79,0.01,0.01,0.0,0.0,207.0,,2021-06-03,中证交易所高等级绿色债券指数
2021-06-03,931145,中证绿色债券指数,中证绿色债,CSI Green Bond Index,CSI Green Bond,,,,120.38,0.02,0.01,0.0,0.0,434.0,,2021-06-03,中证绿色债券指数
2021-06-04,930951,中证交易所绿色债券指数,交易所绿色债,CSI Exchange Green Bond Index,Exchange Green Bond,,,,121.94,0.01,0.01,0.0,0.0,222.0,,2021-06-04,中证交易所绿色债券指数
2021-06-04,931147,中证交易所高等级绿色债券指数,交易所高等级绿色债,CSI Exchange High Grade Green Bond Index,Exchange High Grade Green Bond,,,,121.8,0.01,0.01,0.0,0.0,207.0,,2021-06-04,中证交易所高等级绿色债券指数
2021-06-04,931145,中证绿色债券指数,中证绿色债,CSI Green Bond Index,CSI Green Bond,,,,120.39,0.01,0.01,0.0,0.0,433.0,,2021-06-04,中证绿色债券指数
2021-06-07,930951,中证交易所绿色债券指数,交易所绿色债,CSI Exchange Green Bond Index,Exchange Green Bond,,,,121.91,-0.04,-0.03,0.0,0.0,222.0,,2021-06-07,中证交易所绿色债券指数
2021-06-07,931147,中证交易所高等级绿色债券指数,交易所高等级绿色债,CSI Exchange High Grade Green Bond Index,Exchange High Grade Green Bond,,,,121.76,-0.04,-0.03,0.0,0.0,207.0,,2021-06-07,中证交易所高等级绿色债券指数
2021-06-07,931145,中证绿色债券指数,中证绿色债,CSI Green Bond Index,CSI Green Bond,,,,120.38,-0.02,-0.01,0.0,0.0,433.0,,2021-06-07,中证绿色债券指数
2021-06-08,930951,中证交易所绿色债券指数,交易所绿色债,CSI Exchange Green Bond Index,Exchange Green Bond,,,,121.85,-0.06,-0.05,0.0,0.0,222.0,,2021-06-08,中证交易所绿色债券指数
2021-06-08,931147,中证交易所高等级绿色债券指数,交易所高等级绿色债,CSI Exchange High Grade Green Bond Index,Exchange High Grade Green Bond,,,,121.69,-0.07,-0.05,0.0,0.0,207.0,,2021-06-08,中证交易所高等级绿色债券指数
2021-06-08,931145,中证绿色债券指数,中证绿色债,CSI Green Bond Index,CSI Green Bond,,,,120.33,-0.04,-0.04,0.0,0.0,433.0,,2021-06-08,中证绿色债券指数
2021-06-09,930951,中证交易所绿色债券指数,交易所绿色债,CSI Exchange Green Bond Index,Exchange Green Bond,,,,121.84,0.0,0.0,0.0,0.0,222.0,,2021-06-09,中证交易所绿色债券指数
2021-06-09,931147,中证交易所高等级绿色债券指数,交易所高等级绿色债,CSI Exchange High Grade Green Bond Index,Exchange High Grade Green Bond,,,,121.69,-0.01,-0.01,0.0,0.0,207.0,,2021-06-09,中证交易所高等级绿色债券指数
2021-06-09,931145,中证绿色债券指数,中证绿色债,CSI Green Bond Index,CSI Green Bond,,,,120.33,0.0,0.0,0.0,0.0,433.0,,2021-06-09,中证绿色债券指数
2021-06-10,930951,中证交易所绿色债券指数,交易所绿色债,CSI Exchange Green Bond Index,Exchange Green Bond,,,,121.85,0.01,0.01,0.0,0.0,222.0,,2021-06-10,中证交易所绿色债券指数
2021-06-10,931147,中证交易所高等级绿色债券指数,交易所高等级绿色债,CSI Exchange High Grade Green Bond Index,Exchange High Grade Green Bond,,,,121.69,0.01,0.01,0.0,0.0,207.0,,2021-06-10,中证交易所高等级绿色债券指数
2021-06-10,931145,中证绿色债券指数,中证绿色债,CSI Green Bond Index,CSI Green Bond,,,,120.34,0.01,0.01,0.0,0.0,433.0,,2021-06-10,中证绿色债券指数
2021-06-11,930951,中证交易所绿色债券指数,交易所绿色债,CSI Exchange Green Bond Index,Exchange Green Bond,,,,121.87,0.02,0.02,0.0,0.0,222.0,,2021-06-11,中证交易所绿色债券指数
2021-06-11,931147,中证交易所高等级绿色债券指数,交易所高等级绿色债,CSI Exchange High Grade Green Bond Index,Exchange High Grade Green Bond,,,,121.71,0.02,0.01,0.0,0.0,207.0,,2021-06-11,中证交易所高等级绿色债券指数
2021-06-11,931145,中证绿色债券指数,中证绿色债,CSI Green Bond Index,CSI Green Bond,,,,120.35,0.02,0.01,0.0,0.0,433.0,,2021-06-11,中证绿色债券指数
2021-06-15,930951,中证交易所绿色债券指数,交易所绿色债,CSI Exchange Green Bond Index,Exchange Green Bond,,,,121.9,0.02,0.02,0.0,0.0,222.0,,2021-06-15,中证交易所绿色债券指数
2021-06-15,931147,中证交易所高等级绿色债券指数,交易所高等级绿色债,CSI Exchange High Grade Green Bond Index,Exchange High Grade Green Bond,,,,121.73,0.02,0.01,0.0,0.0,207.0,,2021-06-15,中证交易所高等级绿色债券指数
2021-06-15,931145,中证绿色债券指数,中证绿色债,CSI Green Bond Index,CSI Green Bond,,,,120.38,0.02,0.02,0.0,0.0,433.0,,2021-06-15,中证绿色债券指数
2021-06-16,930951,中证交易所绿色债券指数,交易所绿色债,CSI Exchange Green Bond Index,Exchange Green Bond,,,,121.9,0.01,0.01,0.0,0.0,222.0,,2021-06-16,中证交易所绿色债券指数
2021-06-16,931147,中证交易所高等级绿色债券指数,交易所高等级绿色债,CSI Exchange High Grade Green Bond Index,Exchange High Grade Green Bond,,,,121.74,0.01,0.01,0.0,0.0,207.0,,2021-06-16,中证交易所高等级绿色债券指数
2021-06-16,931145,中证绿色债券指数,中证绿色债,CSI Green Bond Index,CSI Green Bond,,,,120.38,0.0,0.0,0.0,0.0,433.0,,2021-06-16,中证绿色债券指数
2021-06-17,930951,中证交易所绿色债券指数,交易所绿色债,CSI Exchange Green Bond Index,Exchange Green Bond,,,,121.9,-0.01,0.0,0.0,0.0,222.0,,2021-06-17,中证交易所绿色债券指数
2021-06-17,931147,中证交易所高等级绿色债券指数,交易所高等级绿色债,CSI Exchange High Grade Green Bond Index,Exchange High Grade Green Bond,,,,121.73,-0.01,0.0,0.0,0.0,207.0,,2021-06-17,中证交易所高等级绿色债券指数
2021-06-17,931145,中证绿色债券指数,中证绿色债,CSI Green Bond Index,CSI Green Bond,,,,120.37,0.0,0.0,0.0,0.0,433.0,,2021-06-17,中证绿色债券指数
2021-06-18,930951,中证交易所绿色债券指数,交易所绿色债,CSI Exchange Green Bond Index,Exchange Green Bond,,,,121.89,-0.01,-0.01,0.0,0.0,222.0,,2021-06-18,中证交易所绿色债券指数
2021-06-18,931147,中证交易所高等级绿色债券指数,交易所高等级绿色债,CSI Exchange High Grade Green Bond Index,Exchange High Grade Green Bond,,,,121.73,-0.01,-0.01,0.0,0.0,207.0,,2021-06-18,中证交易所高等级绿色债券指数
2021-06-18,931145,中证绿色债券指数,中证绿色债,CSI Green Bond Index,CSI Green Bond,,,,120.37,-0.01,-0.01,0.0,0.0,433.0,,2021-06-18,中证绿色债券指数
2021-06-21,930951,中证交易所绿色债券指数,交易所绿色债,CSI Exchange Green Bond Index,Exchange Green Bond,,,,121.93,0.04,0.03,0.0,0.0,222.0,,2021-06-21,中证交易所绿色债券指数
2021-06-21,931147,中证交易所高等级绿色债券指数,交易所高等级绿色债,CSI Exchange High Grade Green Bond Index,Exchange High Grade Green Bond,,,,121.76,0.03,0.03,0.0,0.0,207.0,,2021-06-21,中证交易所高等级绿色债券指数
2021-06-21,931145,中证绿色债券指数,中证绿色债,CSI Green Bond Index,CSI Green Bond,,,,120.4,0.03,0.03,0.0,0.0,433.0,,2021-06-21,中证绿色债券指数
2021-06-22,930951,中证交易所绿色债券指数,交易所绿色债,CSI Exchange Green Bond Index,Exchange Green Bond,,,,121.94,0.01,0.01,0.0,0.0,222.0,,2021-06-22,中证交易所绿色债券指数
2021-06-22,931147,中证交易所高等级绿色债券指数,交易所高等级绿色债,CSI Exchange High Grade Green Bond Index,Exchange High Grade Green Bond,,,,121.77,0.01,0.01,0.0,0.0,207.0,,2021-06-22,中证交易所高等级绿色债券指数
2021-06-22,931145,中证绿色债券指数,中证绿色债,CSI Green Bond Index,CSI Green Bond,,,,120.41,0.01,0.01,0.0,0.0,433.0,,2021-06-22,中证绿色债券指数
2021-06-23,930951,中证交易所绿色债券指数,交易所绿色债,CSI Exchange Green Bond Index,Exchange Green Bond,,,,121.98,0.04,0.03,0.0,0.0,222.0,,2021-06-23,中证交易所绿色债券指数
2021-06-23,931147,中证交易所高等级绿色债券指数,交易所高等级绿色债,CSI Exchange High Grade Green Bond Index,Exchange High Grade Green Bond,,,,121.81,0.04,0.03,0.0,0.0,207.0,,2021-06-23,中证交易所高等级绿色债券指数
2021-06-23,931145,中证绿色债券指数,中证绿色债,CSI Green Bond Index,CSI Green Bond,,,,120.43,0.03,0.02,0.0,0.0,433.0,,2021-06-23,中证绿色债券指数
2021-06-24,930951,中证交易所绿色债券指数,交易所绿色债,CSI Exchange Green Bond Index,Exchange Green Bond,,,,122.02,0.04,0.03,0.0,0.0,222.0,,2021-06-24,中证交易所绿色债券指数
2021-06-24,931147,中证交易所高等级绿色债券指数,交易所高等级绿色债,CSI Exchange High Grade Green Bond Index,Exchange High Grade Green Bond,,,,121.85,0.04,0.03,0.0,0.0,207.0,,2021-06-24,中证交易所高等级绿色债券指数
2021-06-24,931145,中证绿色债券指数,中证绿色债,CSI Green Bond Index,CSI Green Bond,,,,120.48,0.04,0.04,0.0,0.0,433.0,,2021-06-24,中证绿色债券指数
2021-06-25,930951,中证交易所绿色债券指数,交易所绿色债,CSI Exchange Green Bond Index,Exchange Green Bond,,,,122.07,0.05,0.04,0.0,0.0,222.0,,2021-06-25,中证交易所绿色债券指数
2021-06-25,931147,中证交易所高等级绿色债券指数,交易所高等级绿色债,CSI Exchange High Grade Green Bond Index,Exchange High Grade Green Bond,,,,121.9,0.05,0.04,0.0,0.0,207.0,,2021-06-25,中证交易所高等级绿色债券指数
2021-06-25,931145,中证绿色债券指数,中证绿色债,CSI Green Bond Index,CSI Green Bond,,,,120.52,0.04,0.03,0.0,0.0,433.0,,2021-06-25,中证绿色债券指数
2021-06-28,930951,中证交易所绿色债券指数,交易所绿色债,CSI Exchange Green Bond Index,Exchange Green Bond,,,,122.14,0.07,0.06,0.0,0.0,222.0,,2021-06-28,中证交易所绿色债券指数
2021-06-28,931147,中证交易所高等级绿色债券指数,交易所高等级绿色债,CSI Exchange High Grade Green Bond Index,Exchange High Grade Green Bond,,,,121.97,0.07,0.06,0.0,0.0,207.0,,2021-06-28,中证交易所高等级绿色债券指数
2021-06-28,931145,中证绿色债券指数,中证绿色债,CSI Green Bond Index,CSI Green Bond,,,,120.57,0.05,0.04,0.0,0.0,433.0,,2021-06-28,中证绿色债券指数
2021-06-29,930951,中证交易所绿色债券指数,交易所绿色债,CSI Exchange Green Bond Index,Exchange Green Bond,,,,122.16,0.03,0.02,0.0,0.0,222.0,,2021-06-29,中证交易所绿色债券指数
2021-06-29,931147,中证交易所高等级绿色债券指数,交易所高等级绿色债,CSI Exchange High Grade Green Bond Index,Exchange High Grade Green Bond,,,,122.0,0.03,0.02,0.0,0.0,207.0,,2021-06-29,中证交易所高等级绿色债券指数
2021-06-29,931145,中证绿色债券指数,中证绿色债,CSI Green Bond Index,CSI Green Bond,,,,120.58,0.01,0.01,0.0,0.0,433.0,,2021-06-29,中证绿色债券指数
2021-06-30,930951,中证交易所绿色债券指数,交易所绿色债,CSI Exchange Green Bond Index,Exchange Green Bond,,,,122.2,0.04,0.03,0.0,0.0,222.0,,2021-06-30,中证交易所绿色债券指数
2021-06-30,931147,中证交易所高等级绿色债券指数,交易所高等级绿色债,CSI Exchange High Grade Green Bond Index,Exchange High Grade Green Bond,,,,122.03,0.03,0.03,0.0,0.0,207.0,,2021-06-30,中证交易所高等级绿色债券指数
2021-06-30,931145,中证绿色债券指数,中证绿色债,CSI Green Bond Index,CSI Green Bond,,,,120.61,0.03,0.03,0.0,0.0,433.0,,2021-06-30,中证绿色债券指数
2021-07-01,930951,中证交易所绿色债券指数,交易所绿色债,CSI Exchange Green Bond Index,Exchange Green Bond,,,,122.24,0.04,0.03,0.0,0.0,225.0,,2021-07-01,中证交易所绿色债券指数
2021-07-01,931147,中证交易所高等级绿色债券指数,交易所高等级绿色债,CSI Exchange High Grade Green Bond Index,Exchange High Grade Green Bond,,,,122.07,0.04,0.03,0.0,0.0,210.0,,2021-07-01,中证交易所高等级绿色债券指数
2021-07-01,931145,中证绿色债券指数,中证绿色债,CSI Green Bond Index,CSI Green Bond,,,,120.65,0.04,0.03,0.0,0.0,449.0,,2021-07-01,中证绿色债券指数
2021-07-02,930951,中证交易所绿色债券指数,交易所绿色债,CSI Exchange Green Bond Index,Exchange Green Bond,,,,122.29,0.05,0.04,0.0,0.0,225.0,,2021-07-02,中证交易所绿色债券指数
2021-07-02,931147,中证交易所高等级绿色债券指数,交易所高等级绿色债,CSI Exchange High Grade Green Bond Index,Exchange High Grade Green Bond,,,,122.13,0.06,0.05,0.0,0.0,210.0,,2021-07-02,中证交易所高等级绿色债券指数
2021-07-02,931145,中证绿色债券指数,中证绿色债,CSI Green Bond Index,CSI Green Bond,,,,120.69,0.04,0.03,0.0,0.0,449.0,,2021-07-02,中证绿色债券指数
2021-07-05,930951,中证交易所绿色债券指数,交易所绿色债,CSI Exchange Green Bond Index,Exchange Green Bond,,,,122.37,0.08,0.06,0.0,0.0,225.0,,2021-07-05,中证交易所绿色债券指数
2021-07-05,931147,中证交易所高等级绿色债券指数,交易所高等级绿色债,CSI Exchange High Grade Green Bond Index,Exchange High Grade Green Bond,,,,122.21,0.08,0.06,0.0,0.0,210.0,,2021-07-05,中证交易所高等级绿色债券指数
2021-07-05,931145,中证绿色债券指数,中证绿色债,CSI Green Bond Index,CSI Green Bond,,,,120.76,0.07,0.06,0.0,0.0,449.0,,2021-07-05,中证绿色债券指数
2021-07-06,930951,中证交易所绿色债券指数,交易所绿色债,CSI Exchange Green Bond Index,Exchange Green Bond,,,,122.4,0.03,0.03,0.0,0.0,225.0,,2021-07-06,中证交易所绿色债券指数
2021-07-06,931147,中证交易所高等级绿色债券指数,交易所高等级绿色债,CSI Exchange High Grade Green Bond Index,Exchange High Grade Green Bond,,,,122.24,0.03,0.03,0.0,0.0,210.0,,2021-07-06,中证交易所高等级绿色债券指数
2021-07-06,931145,中证绿色债券指数,中证绿色债,CSI Green Bond Index,CSI Green Bond,,,,120.78,0.02,0.02,0.0,0.0,449.0,,2021-07-06,中证绿色债券指数
2021-07-07,930951,中证交易所绿色债券指数,交易所绿色债,CSI Exchange Green Bond Index,Exchange Green Bond,,,,122.45,0.05,0.04,0.0,0.0,225.0,,2021-07-07,中证交易所绿色债券指数
2021-07-07,931147,中证交易所高等级绿色债券指数,交易所高等级绿色债,CSI Exchange High Grade Green Bond Index,Exchange High Grade Green Bond,,,,122.29,0.05,0.04,0.0,0.0,210.0,,2021-07-07,中证交易所高等级绿色债券指数
2021-07-07,931145,中证绿色债券指数,中证绿色债,CSI Green Bond Index,CSI Green Bond,,,,120.82,0.04,0.03,0.0,0.0,449.0,,2021-07-07,中证绿色债券指数
2021-07-08,930951,中证交易所绿色债券指数,交易所绿色债,CSI Exchange Green Bond Index,Exchange Green Bond,,,,122.6,0.15,0.13,0.0,0.0,225.0,,2021-07-08,中证交易所绿色债券指数
2021-07-08,931147,中证交易所高等级绿色债券指数,交易所高等级绿色债,CSI Exchange High Grade Green Bond Index,Exchange High Grade Green Bond,,,,122.45,0.16,0.13,0.0,0.0,210.0,,2021-07-08,中证交易所高等级绿色债券指数
2021-07-08,931145,中证绿色债券指数,中证绿色债,CSI Green Bond Index,CSI Green Bond,,,,120.93,0.11,0.09,0.0,0.0,449.0,,2021-07-08,中证绿色债券指数
2021-07-09,930951,中证交易所绿色债券指数,交易所绿色债,CSI Exchange Green Bond Index,Exchange Green Bond,,,,122.64,0.04,0.04,0.0,0.0,225.0,,2021-07-09,中证交易所绿色债券指数
2021-07-09,931147,中证交易所高等级绿色债券指数,交易所高等级绿色债,CSI Exchange High Grade Green Bond Index,Exchange High Grade Green Bond,,,,122.49,0.04,0.04,0.0,0.0,210.0,,2021-07-09,中证交易所高等级绿色债券指数
2021-07-09,931145,中证绿色债券指数,中证绿色债,CSI Green Bond Index,CSI Green Bond,,,,120.95,0.02,0.02,0.0,0.0,449.0,,2021-07-09,中证绿色债券指数
2021-07-12,930951,中证交易所绿色债券指数,交易所绿色债,CSI Exchange Green Bond Index,Exchange Green Bond,,,,122.75,0.11,0.09,0.0,0.0,225.0,,2021-07-12,中证交易所绿色债券指数
2021-07-12,931147,中证交易所高等级绿色债券指数,交易所高等级绿色债,CSI Exchange High Grade Green Bond Index,Exchange High Grade Green Bond,,,,122.61,0.12,0.09,0.0,0.0,210.0,,2021-07-12,中证交易所高等级绿色债券指数
2021-07-12,931145,中证绿色债券指数,中证绿色债,CSI Green Bond Index,CSI Green Bond,,,,121.03,0.08,0.07,0.0,0.0,449.0,,2021-07-12,中证绿色债券指数
2021-07-13,930951,中证交易所绿色债券指数,交易所绿色债,CSI Exchange Green Bond Index,Exchange Green Bond,,,,122.8,0.05,0.04,0.0,0.0,225.0,,2021-07-13,中证交易所绿色债券指数
2021-07-13,931147,中证交易所高等级绿色债券指数,交易所高等级绿色债,CSI Exchange High Grade Green Bond Index,Exchange High Grade Green Bond,,,,122.66,0.05,0.04,0.0,0.0,210.0,,2021-07-13,中证交易所高等级绿色债券指数
2021-07-13,931145,中证绿色债券指数,中证绿色债,CSI Green Bond Index,CSI Green Bond,,,,121.08,0.05,0.04,0.0,0.0,449.0,,2021-07-13,中证绿色债券指数
2021-07-14,930951,中证交易所绿色债券指数,交易所绿色债,CSI Exchange Green Bond Index,Exchange Green Bond,,,,122.89,0.09,0.07,0.0,0.0,225.0,,2021-07-14,中证交易所绿色债券指数
2021-07-14,931147,中证交易所高等级绿色债券指数,交易所高等级绿色债,CSI Exchange High Grade Green Bond Index,Exchange High Grade Green Bond,,,,122.75,0.09,0.07,0.0,0.0,210.0,,2021-07-14,中证交易所高等级绿色债券指数
2021-07-14,931145,中证绿色债券指数,中证绿色债,CSI Green Bond Index,CSI Green Bond,,,,121.14,0.06,0.05,0.0,0.0,449.0,,2021-07-14,中证绿色债券指数
2021-07-15,930951,中证交易所绿色债券指数,交易所绿色债,CSI Exchange Green Bond Index,Exchange Green Bond,,,,122.93,0.04,0.03,0.0,0.0,225.0,,2021-07-15,中证交易所绿色债券指数
2021-07-15,931147,中证交易所高等级绿色债券指数,交易所高等级绿色债,CSI Exchange High Grade Green Bond Index,Exchange High Grade Green Bond,,,,122.78,0.04,0.03,0.0,0.0,210.0,,2021-07-15,中证交易所高等级绿色债券指数
2021-07-15,931145,中证绿色债券指数,中证绿色债,CSI Green Bond Index,CSI Green Bond,,,,121.17,0.03,0.03,0.0,0.0,449.0,,2021-07-15,中证绿色债券指数
2021-07-16,930951,中证交易所绿色债券指数,交易所绿色债,CSI Exchange Green Bond Index,Exchange Green Bond,,,,123.0,0.07,0.06,0.0,0.0,225.0,,2021-07-16,中证交易所绿色债券指数
2021-07-16,931147,中证交易所高等级绿色债券指数,交易所高等级绿色债,CSI Exchange High Grade Green Bond Index,Exchange High Grade Green Bond,,,,122.87,0.08,0.07,0.0,0.0,210.0,,2021-07-16,中证交易所高等级绿色债券指数
2021-07-16,931145,中证绿色债券指数,中证绿色债,CSI Green Bond Index,CSI Green Bond,,,,121.22,0.05,0.04,0.0,0.0,449.0,,2021-07-16,中证绿色债券指数
2021-07-19,930951,中证交易所绿色债券指数,交易所绿色债,CSI Exchange Green Bond Index,Exchange Green Bond,,,,123.05,0.05,0.04,0.0,0.0,225.0,,2021-07-19,中证交易所绿色债券指数
2021-07-19,931147,中证交易所高等级绿色债券指数,交易所高等级绿色债,CSI Exchange High Grade Green Bond Index,Exchange High Grade Green Bond,,,,122.92,0.05,0.04,0.0,0.0,210.0,,2021-07-19,中证交易所高等级绿色债券指数
2021-07-19,931145,中证绿色债券指数,中证绿色债,CSI Green Bond Index,CSI Green Bond,,,,121.26,0.04,0.03,0.0,0.0,449.0,,2021-07-19,中证绿色债券指数
2021-07-20,930951,中证交易所绿色债券指数,交易所绿色债,CSI Exchange Green Bond Index,Exchange Green Bond,,,,123.1,0.04,0.03,0.0,0.0,225.0,,2021-07-20,中证交易所绿色债券指数
2021-07-20,931147,中证交易所高等级绿色债券指数,交易所高等级绿色债,CSI Exchange High Grade Green Bond Index,Exchange High Grade Green Bond,,,,122.96,0.04,0.04,0.0,0.0,210.0,,2021-07-20,中证交易所高等级绿色债券指数
2021-07-20,931145,中证绿色债券指数,中证绿色债,CSI Green Bond Index,CSI Green Bond,,,,121.29,0.04,0.03,0.0,0.0,449.0,,2021-07-20,中证绿色债券指数
2021-07-21,930951,中证交易所绿色债券指数,交易所绿色债,CSI Exchange Green Bond Index,Exchange Green Bond,,,,123.16,0.06,0.05,0.0,0.0,225.0,,2021-07-21,中证交易所绿色债券指数
2021-07-21,931147,中证交易所高等级绿色债券指数,交易所高等级绿色债,CSI Exchange High Grade Green Bond Index,Exchange High Grade Green Bond,,,,123.02,0.06,0.05,0.0,0.0,210.0,,2021-07-21,中证交易所高等级绿色债券指数
2021-07-21,931145,中证绿色债券指数,中证绿色债,CSI Green Bond Index,CSI Green Bond,,,,121.33,0.04,0.03,0.0,0.0,449.0,,2021-07-21,中证绿色债券指数
2021-07-22,930951,中证交易所绿色债券指数,交易所绿色债,CSI Exchange Green Bond Index,Exchange Green Bond,,,,123.21,0.06,0.05,0.0,0.0,225.0,,2021-07-22,中证交易所绿色债券指数
2021-07-22,931147,中证交易所高等级绿色债券指数,交易所高等级绿色债,CSI Exchange High Grade Green Bond Index,Exchange High Grade Green Bond,,,,123.08,0.06,0.05,0.0,0.0,210.0,,2021-07-22,中证交易所高等级绿色债券指数
2021-07-22,931145,中证绿色债券指数,中证绿色债,CSI Green Bond Index,CSI Green Bond,,,,121.38,0.04,0.04,0.0,0.0,449.0,,2021-07-22,中证绿色债券指数
2021-07-23,930951,中证交易所绿色债券指数,交易所绿色债,CSI Exchange Green Bond Index,Exchange Green Bond,,,,123.27,0.06,0.05,0.0,0.0,225.0,,2021-07-23,中证交易所绿色债券指数
2021-07-23,931147,中证交易所高等级绿色债券指数,交易所高等级绿色债,CSI Exchange High Grade Green Bond Index,Exchange High Grade Green Bond,,,,123.14,0.06,0.05,0.0,0.0,210.0,,2021-07-23,中证交易所高等级绿色债券指数
2021-07-23,931145,中证绿色债券指数,中证绿色债,CSI Green Bond Index,CSI Green Bond,,,,121.41,0.04,0.03,0.0,0.0,449.0,,2021-07-23,中证绿色债券指数
2021-07-26,930951,中证交易所绿色债券指数,交易所绿色债,CSI Exchange Green Bond Index,Exchange Green Bond,,,,123.36,0.09,0.07,0.0,0.0,225.0,,2021-07-26,中证交易所绿色债券指数
2021-07-26,931147,中证交易所高等级绿色债券指数,交易所高等级绿色债,CSI Exchange High Grade Green Bond Index,Exchange High Grade Green Bond,,,,123.24,0.1,0.08,0.0,0.0,210.0,,2021-07-26,中证交易所高等级绿色债券指数
2021-07-26,931145,中证绿色债券指数,中证绿色债,CSI Green Bond Index,CSI Green Bond,,,,121.49,0.08,0.06,0.0,0.0,449.0,,2021-07-26,中证绿色债券指数
2021-07-27,930951,中证交易所绿色债券指数,交易所绿色债,CSI Exchange Green Bond Index,Exchange Green Bond,,,,123.36,0.0,0.0,0.0,0.0,225.0,,2021-07-27,中证交易所绿色债券指数
2021-07-27,931147,中证交易所高等级绿色债券指数,交易所高等级绿色债,CSI Exchange High Grade Green Bond Index,Exchange High Grade Green Bond,,,,123.24,0.0,0.0,0.0,0.0,210.0,,2021-07-27,中证交易所高等级绿色债券指数
2021-07-27,931145,中证绿色债券指数,中证绿色债,CSI Green Bond Index,CSI Green Bond,,,,121.49,0.0,0.0,0.0,0.0,449.0,,2021-07-27,中证绿色债券指数
2021-07-28,930951,中证交易所绿色债券指数,交易所绿色债,CSI Exchange Green Bond Index,Exchange Green Bond,,,,123.39,0.02,0.02,0.0,0.0,225.0,,2021-07-28,中证交易所绿色债券指数
2021-07-28,931147,中证交易所高等级绿色债券指数,交易所高等级绿色债,CSI Exchange High Grade Green Bond Index,Exchange High Grade Green Bond,,,,123.25,0.02,0.02,0.0,0.0,210.0,,2021-07-28,中证交易所高等级绿色债券指数
2021-07-28,931145,中证绿色债券指数,中证绿色债,CSI Green Bond Index,CSI Green Bond,,,,121.5,0.01,0.01,0.0,0.0,449.0,,2021-07-28,中证绿色债券指数
2021-07-29,930951,中证交易所绿色债券指数,交易所绿色债,CSI Exchange Green Bond Index,Exchange Green Bond,,,,123.41,0.02,0.02,0.0,0.0,225.0,,2021-07-29,中证交易所绿色债券指数
2021-07-29,931147,中证交易所高等级绿色债券指数,交易所高等级绿色债,CSI Exchange High Grade Green Bond Index,Exchange High Grade Green Bond,,,,123.28,0.03,0.02,0.0,0.0,210.0,,2021-07-29,中证交易所高等级绿色债券指数
2021-07-29,931145,中证绿色债券指数,中证绿色债,CSI Green Bond Index,CSI Green Bond,,,,121.51,0.01,0.01,0.0,0.0,449.0,,2021-07-29,中证绿色债券指数
2021-07-30,930951,中证交易所绿色债券指数,交易所绿色债,CSI Exchange Green Bond Index,Exchange Green Bond,,,,123.46,0.05,0.04,0.0,0.0,225.0,,2021-07-30,中证交易所绿色债券指数
2021-07-30,931147,中证交易所高等级绿色债券指数,交易所高等级绿色债,CSI Exchange High Grade Green Bond Index,Exchange High Grade Green Bond,,,,123.33,0.05,0.04,0.0,0.0,210.0,,2021-07-30,中证交易所高等级绿色债券指数
2021-07-30,931145,中证绿色债券指数,中证绿色债,CSI Green Bond Index,CSI Green Bond,,,,121.55,0.04,0.03,0.0,0.0,449.0,,2021-07-30,中证绿色债券指数
2021-08-02,930951,中证交易所绿色债券指数,交易所绿色债,CSI Exchange Green Bond Index,Exchange Green Bond,,,,123.55,0.09,0.07,0.0,0.0,232.0,,2021-08-02,中证交易所绿色债券指数
2021-08-02,931147,中证交易所高等级绿色债券指数,交易所高等级绿色债,CSI Exchange High Grade Green Bond Index,Exchange High Grade Green Bond,,,,123.42,0.09,0.07,0.0,0.0,216.0,,2021-08-02,中证交易所高等级绿色债券指数
2021-08-02,931145,中证绿色债券指数,中证绿色债,CSI Green Bond Index,CSI Green Bond,,,,121.62,0.07,0.06,0.0,0.0,491.0,,2021-08-02,中证绿色债券指数
2021-08-03,930951,中证交易所绿色债券指数,交易所绿色债,CSI Exchange Green Bond Index,Exchange Green Bond,,,,123.55,0.0,0.0,0.0,0.0,231.0,,2021-08-03,中证交易所绿色债券指数
2021-08-03,931147,中证交易所高等级绿色债券指数,交易所高等级绿色债,CSI Exchange High Grade Green Bond Index,Exchange High Grade Green Bond,,,,123.43,0.01,0.01,0.0,0.0,215.0,,2021-08-03,中证交易所高等级绿色债券指数
2021-08-03,931145,中证绿色债券指数,中证绿色债,CSI Green Bond Index,CSI Green Bond,,,,121.63,0.01,0.01,0.0,0.0,490.0,,2021-08-03,中证绿色债券指数
2021-08-04,930951,中证交易所绿色债券指数,交易所绿色债,CSI Exchange Green Bond Index,Exchange Green Bond,,,,123.61,0.06,0.05,0.0,0.0,231.0,,2021-08-04,中证交易所绿色债券指数
2021-08-04,931147,中证交易所高等级绿色债券指数,交易所高等级绿色债,CSI Exchange High Grade Green Bond Index,Exchange High Grade Green Bond,,,,123.5,0.07,0.06,0.0,0.0,215.0,,2021-08-04,中证交易所高等级绿色债券指数
2021-08-04,931145,中证绿色债券指数,中证绿色债,CSI Green Bond Index,CSI Green Bond,,,,121.67,0.04,0.03,0.0,0.0,490.0,,2021-08-04,中证绿色债券指数
2021-08-05,930951,中证交易所绿色债券指数,交易所绿色债,CSI Exchange Green Bond Index,Exchange Green Bond,,,,123.65,0.04,0.03,0.0,0.0,231.0,,2021-08-05,中证交易所绿色债券指数
2021-08-05,931147,中证交易所高等级绿色债券指数,交易所高等级绿色债,CSI Exchange High Grade Green Bond Index,Exchange High Grade Green Bond,,,,123.54,0.04,0.04,0.0,0.0,215.0,,2021-08-05,中证交易所高等级绿色债券指数
2021-08-05,931145,中证绿色债券指数,中证绿色债,CSI Green Bond Index,CSI Green Bond,,,,121.69,0.02,0.02,0.0,0.0,490.0,,2021-08-05,中证绿色债券指数
2021-08-06,930951,中证交易所绿色债券指数,交易所绿色债,CSI Exchange Green Bond Index,Exchange Green Bond,,,,123.67,0.02,0.01,0.0,0.0,231.0,,2021-08-06,中证交易所绿色债券指数
2021-08-06,931147,中证交易所高等级绿色债券指数,交易所高等级绿色债,CSI Exchange High Grade Green Bond Index,Exchange High Grade Green Bond,,,,123.56,0.02,0.01,0.0,0.0,215.0,,2021-08-06,中证交易所高等级绿色债券指数
2021-08-06,931145,中证绿色债券指数,中证绿色债,CSI Green Bond Index,CSI Green Bond,,,,121.71,0.02,0.02,0.0,0.0,490.0,,2021-08-06,中证绿色债券指数
2021-08-09,930951,中证交易所绿色债券指数,交易所绿色债,CSI Exchange Green Bond Index,Exchange Green Bond,,,,123.69,0.02,0.01,0.0,0.0,231.0,,2021-08-09,中证交易所绿色债券指数
2021-08-09,931147,中证交易所高等级绿色债券指数,交易所高等级绿色债,CSI Exchange High Grade Green Bond Index,Exchange High Grade Green Bond,,,,123.57,0.01,0.01,0.0,0.0,215.0,,2021-08-09,中证交易所高等级绿色债券指数
2021-08-09,931145,中证绿色债券指数,中证绿色债,CSI Green Bond Index,CSI Green Bond,,,,121.73,0.01,0.01,0.0,0.0,490.0,,2021-08-09,中证绿色债券指数
2021-08-10,930951,中证交易所绿色债券指数,交易所绿色债,CSI Exchange Green Bond Index,Exchange Green Bond,,,,123.69,0.01,0.01,0.0,0.0,231.0,,2021-08-10,中证交易所绿色债券指数
2021-08-10,931147,中证交易所高等级绿色债券指数,交易所高等级绿色债,CSI Exchange High Grade Green Bond Index,Exchange High Grade Green Bond,,,,123.58,0.01,0.01,0.0,0.0,215.0,,2021-08-10,中证交易所高等级绿色债券指数
2021-08-10,931145,中证绿色债券指数,中证绿色债,CSI Green Bond Index,CSI Green Bond,,,,121.72,0.0,0.0,0.0,0.0,490.0,,2021-08-10,中证绿色债券指数
2021-08-11,930951,中证交易所绿色债券指数,交易所绿色债,CSI Exchange Green Bond Index,Exchange Green Bond,,,,123.68,-0.02,-0.01,0.0,0.0,231.0,,2021-08-11,中证交易所绿色债券指数
2021-08-11,931147,中证交易所高等级绿色债券指数,交易所高等级绿色债,CSI Exchange High Grade Green Bond Index,Exchange High Grade Green Bond,,,,123.56,-0.02,-0.02,0.0,0.0,215.0,,2021-08-11,中证交易所高等级绿色债券指数
2021-08-11,931145,中证绿色债券指数,中证绿色债,CSI Green Bond Index,CSI Green Bond,,,,121.71,-0.01,-0.01,0.0,0.0,490.0,,2021-08-11,中证绿色债券指数
2021-08-12,930951,中证交易所绿色债券指数,交易所绿色债,CSI Exchange Green Bond Index,Exchange Green Bond,,,,123.7,0.03,0.02,0.0,0.0,231.0,,2021-08-12,中证交易所绿色债券指数
2021-08-12,931147,中证交易所高等级绿色债券指数,交易所高等级绿色债,CSI Exchange High Grade Green Bond Index,Exchange High Grade Green Bond,,,,123.59,0.03,0.02,0.0,0.0,215.0,,2021-08-12,中证交易所高等级绿色债券指数
2021-08-12,931145,中证绿色债券指数,中证绿色债,CSI Green Bond Index,CSI Green Bond,,,,121.73,0.02,0.02,0.0,0.0,490.0,,2021-08-12,中证绿色债券指数
2021-08-13,930951,中证交易所绿色债券指数,交易所绿色债,CSI Exchange Green Bond Index,Exchange Green Bond,,,,123.74,0.03,0.03,0.0,0.0,231.0,,2021-08-13,中证交易所绿色债券指数
2021-08-13,931147,中证交易所高等级绿色债券指数,交易所高等级绿色债,CSI Exchange High Grade Green Bond Index,Exchange High Grade Green Bond,,,,123.63,0.04,0.03,0.0,0.0,215.0,,2021-08-13,中证交易所高等级绿色债券指数
2021-08-13,931145,中证绿色债券指数,中证绿色债,CSI Green Bond Index,CSI Green Bond,,,,121.76,0.03,0.02,0.0,0.0,490.0,,2021-08-13,中证绿色债券指数
2021-08-16,930951,中证交易所绿色债券指数,交易所绿色债,CSI Exchange Green Bond Index,Exchange Green Bond,,,,123.76,0.02,0.02,0.0,0.0,231.0,,2021-08-16,中证交易所绿色债券指数
2021-08-16,931147,中证交易所高等级绿色债券指数,交易所高等级绿色债,CSI Exchange High Grade Green Bond Index,Exchange High Grade Green Bond,,,,123.65,0.02,0.02,0.0,0.0,215.0,,2021-08-16,中证交易所高等级绿色债券指数
2021-08-16,931145,中证绿色债券指数,中证绿色债,CSI Green Bond Index,CSI Green Bond,,,,121.79,0.03,0.02,0.0,0.0,490.0,,2021-08-16,中证绿色债券指数
2021-08-17,930951,中证交易所绿色债券指数,交易所绿色债,CSI Exchange Green Bond Index,Exchange Green Bond,,,,123.77,0.01,0.01,0.0,0.0,231.0,,2021-08-17,中证交易所绿色债券指数
2021-08-17,931147,中证交易所高等级绿色债券指数,交易所高等级绿色债,CSI Exchange High Grade Green Bond Index,Exchange High Grade Green Bond,,,,123.66,0.01,0.01,0.0,0.0,215.0,,2021-08-17,中证交易所高等级绿色债券指数
2021-08-17,931145,中证绿色债券指数,中证绿色债,CSI Green Bond Index,CSI Green Bond,,,,121.8,0.01,0.01,0.0,0.0,490.0,,2021-08-17,中证绿色债券指数
2021-08-18,930951,中证交易所绿色债券指数,交易所绿色债,CSI Exchange Green Bond Index,Exchange Green Bond,,,,123.8,0.03,0.02,0.0,0.0,231.0,,2021-08-18,中证交易所绿色债券指数
2021-08-18,931147,中证交易所高等级绿色债券指数,交易所高等级绿色债,CSI Exchange High Grade Green Bond Index,Exchange High Grade Green Bond,,,,123.69,0.03,0.02,0.0,0.0,215.0,,2021-08-18,中证交易所高等级绿色债券指数
2021-08-18,931145,中证绿色债券指数,中证绿色债,CSI Green Bond Index,CSI Green Bond,,,,121.81,0.02,0.02,0.0,0.0,490.0,,2021-08-18,中证绿色债券指数
2021-08-19,930951,中证交易所绿色债券指数,交易所绿色债,CSI Exchange Green Bond Index,Exchange Green Bond,,,,123.83,0.03,0.03,0.0,0.0,231.0,,2021-08-19,中证交易所绿色债券指数
2021-08-19,931147,中证交易所高等级绿色债券指数,交易所高等级绿色债,CSI Exchange High Grade Green Bond Index,Exchange High Grade Green Bond,,,,123.72,0.04,0.03,0.0,0.0,215.0,,2021-08-19,中证交易所高等级绿色债券指数
2021-08-19,931145,中证绿色债券指数,中证绿色债,CSI Green Bond Index,CSI Green Bond,,,,121.84,0.03,0.02,0.0,0.0,490.0,,2021-08-19,中证绿色债券指数
2021-08-20,930951,中证交易所绿色债券指数,交易所绿色债,CSI Exchange Green Bond Index,Exchange Green Bond,,,,123.86,0.03,0.02,0.0,0.0,231.0,,2021-08-20,中证交易所绿色债券指数
2021-08-20,931147,中证交易所高等级绿色债券指数,交易所高等级绿色债,CSI Exchange High Grade Green Bond Index,Exchange High Grade Green Bond,,,,123.75,0.02,0.02,0.0,0.0,215.0,,2021-08-20,中证交易所高等级绿色债券指数
2021-08-20,931145,中证绿色债券指数,中证绿色债,CSI Green Bond Index,CSI Green Bond,,,,121.86,0.02,0.02,0.0,0.0,490.0,,2021-08-20,中证绿色债券指数
2021-08-23,930951,中证交易所绿色债券指数,交易所绿色债,CSI Exchange Green Bond Index,Exchange Green Bond,,,,123.9,0.04,0.03,0.0,0.0,231.0,,2021-08-23,中证交易所绿色债券指数
2021-08-23,931147,中证交易所高等级绿色债券指数,交易所高等级绿色债,CSI Exchange High Grade Green Bond Index,Exchange High Grade Green Bond,,,,123.78,0.03,0.03,0.0,0.0,215.0,,2021-08-23,中证交易所高等级绿色债券指数
2021-08-23,931145,中证绿色债券指数,中证绿色债,CSI Green Bond Index,CSI Green Bond,,,,121.89,0.03,0.02,0.0,0.0,490.0,,2021-08-23,中证绿色债券指数
2021-08-24,930951,中证交易所绿色债券指数,交易所绿色债,CSI Exchange Green Bond Index,Exchange Green Bond,,,,123.89,0.0,0.0,0.0,0.0,231.0,,2021-08-24,中证交易所绿色债券指数
2021-08-24,931147,中证交易所高等级绿色债券指数,交易所高等级绿色债,CSI Exchange High Grade Green Bond Index,Exchange High Grade Green Bond,,,,123.78,0.0,0.0,0.0,0.0,215.0,,2021-08-24,中证交易所高等级绿色债券指数
2021-08-24,931145,中证绿色债券指数,中证绿色债,CSI Green Bond Index,CSI Green Bond,,,,121.89,0.0,0.0,0.0,0.0,490.0,,2021-08-24,中证绿色债券指数
2021-08-25,930951,中证交易所绿色债券指数,交易所绿色债,CSI Exchange Green Bond Index,Exchange Green Bond,,,,123.93,0.03,0.03,0.0,0.0,231.0,,2021-08-25,中证交易所绿色债券指数
2021-08-25,931147,中证交易所高等级绿色债券指数,交易所高等级绿色债,CSI Exchange High Grade Green Bond Index,Exchange High Grade Green Bond,,,,123.81,0.04,0.03,0.0,0.0,215.0,,2021-08-25,中证交易所高等级绿色债券指数
2021-08-25,931145,中证绿色债券指数,中证绿色债,CSI Green Bond Index,CSI Green Bond,,,,121.91,0.02,0.02,0.0,0.0,490.0,,2021-08-25,中证绿色债券指数
2021-08-26,930951,中证交易所绿色债券指数,交易所绿色债,CSI Exchange Green Bond Index,Exchange Green Bond,,,,123.91,-0.02,-0.02,0.0,0.0,231.0,,2021-08-26,中证交易所绿色债券指数
2021-08-26,931147,中证交易所高等级绿色债券指数,交易所高等级绿色债,CSI Exchange High Grade Green Bond Index,Exchange High Grade Green Bond,,,,123.79,-0.02,-0.02,0.0,0.0,215.0,,2021-08-26,中证交易所高等级绿色债券指数
2021-08-26,931145,中证绿色债券指数,中证绿色债,CSI Green Bond Index,CSI Green Bond,,,,121.9,-0.01,-0.01,0.0,0.0,490.0,,2021-08-26,中证绿色债券指数
2021-08-27,930951,中证交易所绿色债券指数,交易所绿色债,CSI Exchange Green Bond Index,Exchange Green Bond,,,,123.9,-0.01,-0.01,0.0,0.0,231.0,,2021-08-27,中证交易所绿色债券指数
2021-08-27,931147,中证交易所高等级绿色债券指数,交易所高等级绿色债,CSI Exchange High Grade Green Bond Index,Exchange High Grade Green Bond,,,,123.78,-0.01,-0.01,0.0,0.0,215.0,,2021-08-27,中证交易所高等级绿色债券指数
2021-08-27,931145,中证绿色债券指数,中证绿色债,CSI Green Bond Index,CSI Green Bond,,,,121.9,-0.01,-0.01,0.0,0.0,490.0,,2021-08-27,中证绿色债券指数
2021-08-30,930951,中证交易所绿色债券指数,交易所绿色债,CSI Exchange Green Bond Index,Exchange Green Bond,,,,123.92,0.02,0.01,0.0,0.0,231.0,,2021-08-30,中证交易所绿色债券指数
2021-08-30,931147,中证交易所高等级绿色债券指数,交易所高等级绿色债,CSI Exchange High Grade Green Bond Index,Exchange High Grade Green Bond,,,,123.8,0.02,0.01,0.0,0.0,215.0,,2021-08-30,中证交易所高等级绿色债券指数
2021-08-30,931145,中证绿色债券指数,中证绿色债,CSI Green Bond Index,CSI Green Bond,,,,121.91,0.02,0.02,0.0,0.0,490.0,,2021-08-30,中证绿色债券指数
2021-08-31,930951,中证交易所绿色债券指数,交易所绿色债,CSI Exchange Green Bond Index,Exchange Green Bond,,,,123.93,0.01,0.01,0.0,0.0,231.0,,2021-08-31,中证交易所绿色债券指数
2021-08-31,931147,中证交易所高等级绿色债券指数,交易所高等级绿色债,CSI Exchange High Grade Green Bond Index,Exchange High Grade Green Bond,,,,123.81,0.01,0.01,0.0,0.0,215.0,,2021-08-31,中证交易所高等级绿色债券指数
2021-08-31,931145,中证绿色债券指数,中证绿色债,CSI Green Bond Index,CSI Green Bond,,,,121.93,0.01,0.01,0.0,0.0,490.0,,2021-08-31,中证绿色债券指数
2021-09-01,930951,中证交易所绿色债券指数,交易所绿色债,CSI Exchange Green Bond Index,Exchange Green Bond,,,,123.97,0.04,0.03,0.0,0.0,235.0,,2021-09-01,中证交易所绿色债券指数
2021-09-01,931147,中证交易所高等级绿色债券指数,交易所高等级绿色债,CSI Exchange High Grade Green Bond Index,Exchange High Grade Green Bond,,,,123.85,0.04,0.03,0.0,0.0,219.0,,2021-09-01,中证交易所高等级绿色债券指数
2021-09-01,931145,中证绿色债券指数,中证绿色债,CSI Green Bond Index,CSI Green Bond,,,,121.96,0.03,0.03,0.0,0.0,504.0,,2021-09-01,中证绿色债券指数
2021-09-02,930951,中证交易所绿色债券指数,交易所绿色债,CSI Exchange Green Bond Index,Exchange Green Bond,,,,123.98,0.01,0.01,0.0,0.0,235.0,,2021-09-02,中证交易所绿色债券指数
2021-09-02,931147,中证交易所高等级绿色债券指数,交易所高等级绿色债,CSI Exchange High Grade Green Bond Index,Exchange High Grade Green Bond,,,,123.86,0.01,0.01,0.0,0.0,219.0,,2021-09-02,中证交易所高等级绿色债券指数
2021-09-02,931145,中证绿色债券指数,中证绿色债,CSI Green Bond Index,CSI Green Bond,,,,121.97,0.02,0.01,0.0,0.0,504.0,,2021-09-02,中证绿色债券指数
2021-09-03,930951,中证交易所绿色债券指数,交易所绿色债,CSI Exchange Green Bond Index,Exchange Green Bond,,,,124.0,0.02,0.02,0.0,0.0,235.0,,2021-09-03,中证交易所绿色债券指数
2021-09-03,931147,中证交易所高等级绿色债券指数,交易所高等级绿色债,CSI Exchange High Grade Green Bond Index,Exchange High Grade Green Bond,,,,123.88,0.02,0.02,0.0,0.0,219.0,,2021-09-03,中证交易所高等级绿色债券指数
2021-09-03,931145,中证绿色债券指数,中证绿色债,CSI Green Bond Index,CSI Green Bond,,,,121.99,0.02,0.01,0.0,0.0,504.0,,2021-09-03,中证绿色债券指数
2021-09-06,930951,中证交易所绿色债券指数,交易所绿色债,CSI Exchange Green Bond Index,Exchange Green Bond,,,,124.04,0.04,0.03,0.0,0.0,235.0,,2021-09-06,中证交易所绿色债券指数
2021-09-06,931147,中证交易所高等级绿色债券指数,交易所高等级绿色债,CSI Exchange High Grade Green Bond Index,Exchange High Grade Green Bond,,,,123.92,0.04,0.03,0.0,0.0,219.0,,2021-09-06,中证交易所高等级绿色债券指数
2021-09-06,931145,中证绿色债券指数,中证绿色债,CSI Green Bond Index,CSI Green Bond,,,,122.02,0.03,0.02,0.0,0.0,504.0,,2021-09-06,中证绿色债券指数
2021-09-07,930951,中证交易所绿色债券指数,交易所绿色债,CSI Exchange Green Bond Index,Exchange Green Bond,,,,124.06,0.02,0.01,0.0,0.0,235.0,,2021-09-07,中证交易所绿色债券指数
2021-09-07,931147,中证交易所高等级绿色债券指数,交易所高等级绿色债,CSI Exchange High Grade Green Bond Index,Exchange High Grade Green Bond,,,,123.94,0.02,0.02,0.0,0.0,219.0,,2021-09-07,中证交易所高等级绿色债券指数
2021-09-07,931145,中证绿色债券指数,中证绿色债,CSI Green Bond Index,CSI Green Bond,,,,122.03,0.02,0.01,0.0,0.0,504.0,,2021-09-07,中证绿色债券指数
2021-09-08,930951,中证交易所绿色债券指数,交易所绿色债,CSI Exchange Green Bond Index,Exchange Green Bond,,,,124.05,0.0,0.0,0.0,0.0,235.0,,2021-09-08,中证交易所绿色债券指数
2021-09-08,931147,中证交易所高等级绿色债券指数,交易所高等级绿色债,CSI Exchange High Grade Green Bond Index,Exchange High Grade Green Bond,,,,123.94,-0.01,0.0,0.0,0.0,219.0,,2021-09-08,中证交易所高等级绿色债券指数
2021-09-08,931145,中证绿色债券指数,中证绿色债,CSI Green Bond Index,CSI Green Bond,,,,122.03,0.0,0.0,0.0,0.0,504.0,,2021-09-08,中证绿色债券指数
2021-09-09,930951,中证交易所绿色债券指数,交易所绿色债,CSI Exchange Green Bond Index,Exchange Green Bond,,,,124.05,-0.01,-0.01,0.0,0.0,235.0,,2021-09-09,中证交易所绿色债券指数
2021-09-09,931147,中证交易所高等级绿色债券指数,交易所高等级绿色债,CSI Exchange High Grade Green Bond Index,Exchange High Grade Green Bond,,,,123.93,-0.01,-0.01,0.0,0.0,219.0,,2021-09-09,中证交易所高等级绿色债券指数
2021-09-09,931145,中证绿色债券指数,中证绿色债,CSI Green Bond Index,CSI Green Bond,,,,122.03,0.0,0.0,0.0,0.0,504.0,,2021-09-09,中证绿色债券指数
2021-09-10,930951,中证交易所绿色债券指数,交易所绿色债,CSI Exchange Green Bond Index,Exchange Green Bond,,,,124.03,-0.02,-0.01,0.0,0.0,235.0,,2021-09-10,中证交易所绿色债券指数
2021-09-10,931147,中证交易所高等级绿色债券指数,交易所高等级绿色债,CSI Exchange High Grade Green Bond Index,Exchange High Grade Green Bond,,,,123.91,-0.02,-0.01,0.0,0.0,219.0,,2021-09-10,中证交易所高等级绿色债券指数
2021-09-10,931145,中证绿色债券指数,中证绿色债,CSI Green Bond Index,CSI Green Bond,,,,122.02,-0.01,-0.01,0.0,0.0,504.0,,2021-09-10,中证绿色债券指数
2021-09-13,930951,中证交易所绿色债券指数,交易所绿色债,CSI Exchange Green Bond Index,Exchange Green Bond,,,,124.04,0.01,0.01,0.0,0.0,235.0,,2021-09-13,中证交易所绿色债券指数
2021-09-13,931147,中证交易所高等级绿色债券指数,交易所高等级绿色债,CSI Exchange High Grade Green Bond Index,Exchange High Grade Green Bond,,,,123.92,0.01,0.01,0.0,0.0,219.0,,2021-09-13,中证交易所高等级绿色债券指数
2021-09-13,931145,中证绿色债券指数,中证绿色债,CSI Green Bond Index,CSI Green Bond,,,,122.03,0.01,0.01,0.0,0.0,504.0,,2021-09-13,中证绿色债券指数
2021-09-14,930951,中证交易所绿色债券指数,交易所绿色债,CSI Exchange Green Bond Index,Exchange Green Bond,,,,124.01,-0.03,-0.02,0.0,0.0,235.0,,2021-09-14,中证交易所绿色债券指数
2021-09-14,931147,中证交易所高等级绿色债券指数,交易所高等级绿色债,CSI Exchange High Grade Green Bond Index,Exchange High Grade Green Bond,,,,123.89,-0.03,-0.02,0.0,0.0,219.0,,2021-09-14,中证交易所高等级绿色债券指数
2021-09-14,931145,中证绿色债券指数,中证绿色债,CSI Green Bond Index,CSI Green Bond,,,,122.02,-0.02,-0.01,0.0,0.0,504.0,,2021-09-14,中证绿色债券指数
2021-09-15,930951,中证交易所绿色债券指数,交易所绿色债,CSI Exchange Green Bond Index,Exchange Green Bond,,,,124.02,0.01,0.01,0.0,0.0,235.0,,2021-09-15,中证交易所绿色债券指数
2021-09-15,931147,中证交易所高等级绿色债券指数,交易所高等级绿色债,CSI Exchange High Grade Green Bond Index,Exchange High Grade Green Bond,,,,123.89,0.0,0.0,0.0,0.0,219.0,,2021-09-15,中证交易所高等级绿色债券指数
2021-09-15,931145,中证绿色债券指数,中证绿色债,CSI Green Bond Index,CSI Green Bond,,,,122.02,0.01,0.01,0.0,0.0,504.0,,2021-09-15,中证绿色债券指数
2021-09-16,930951,中证交易所绿色债券指数,交易所绿色债,CSI Exchange Green Bond Index,Exchange Green Bond,,,,124.0,-0.02,-0.02,0.0,0.0,235.0,,2021-09-16,中证交易所绿色债券指数
2021-09-16,931147,中证交易所高等级绿色债券指数,交易所高等级绿色债,CSI Exchange High Grade Green Bond Index,Exchange High Grade Green Bond,,,,123.87,-0.02,-0.02,0.0,0.0,219.0,,2021-09-16,中证交易所高等级绿色债券指数
2021-09-16,931145,中证绿色债券指数,中证绿色债,CSI Green Bond Index,CSI Green Bond,,,,122.02,-0.01,-0.01,0.0,0.0,504.0,,2021-09-16,中证绿色债券指数
2021-09-17,930951,中证交易所绿色债券指数,交易所绿色债,CSI Exchange Green Bond Index,Exchange Green Bond,,,,124.01,0.01,0.01,0.0,0.0,235.0,,2021-09-17,中证交易所绿色债券指数
2021-09-17,931147,中证交易所高等级绿色债券指数,交易所高等级绿色债,CSI Exchange High Grade Green Bond Index,Exchange High Grade Green Bond,,,,123.88,0.01,0.01,0.0,0.0,219.0,,2021-09-17,中证交易所高等级绿色债券指数
2021-09-17,931145,中证绿色债券指数,中证绿色债,CSI Green Bond Index,CSI Green Bond,,,,122.02,0.01,0.0,0.0,0.0,504.0,,2021-09-17,中证绿色债券指数
2021-09-22,930951,中证交易所绿色债券指数,交易所绿色债,CSI Exchange Green Bond Index,Exchange Green Bond,,,,124.08,0.07,0.06,0.0,0.0,234.0,,2021-09-22,中证交易所绿色债券指数
2021-09-22,931147,中证交易所高等级绿色债券指数,交易所高等级绿色债,CSI Exchange High Grade Green Bond Index,Exchange High Grade Green Bond,,,,123.95,0.07,0.05,0.0,0.0,218.0,,2021-09-22,中证交易所高等级绿色债券指数
2021-09-22,931145,中证绿色债券指数,中证绿色债,CSI Green Bond Index,CSI Green Bond,,,,122.08,0.06,0.05,0.0,0.0,503.0,,2021-09-22,中证绿色债券指数
2021-09-23,930951,中证交易所绿色债券指数,交易所绿色债,CSI Exchange Green Bond Index,Exchange Green Bond,,,,124.06,-0.02,-0.02,0.0,0.0,234.0,,2021-09-23,中证交易所绿色债券指数
2021-09-23,931147,中证交易所高等级绿色债券指数,交易所高等级绿色债,CSI Exchange High Grade Green Bond Index,Exchange High Grade Green Bond,,,,123.92,-0.03,-0.02,0.0,0.0,218.0,,2021-09-23,中证交易所高等级绿色债券指数
2021-09-23,931145,中证绿色债券指数,中证绿色债,CSI Green Bond Index,CSI Green Bond,,,,122.07,-0.01,-0.01,0.0,0.0,503.0,,2021-09-23,中证绿色债券指数
2021-09-24,930951,中证交易所绿色债券指数,交易所绿色债,CSI Exchange Green Bond Index,Exchange Green Bond,,,,124.06,0.0,0.0,0.0,0.0,234.0,,2021-09-24,中证交易所绿色债券指数
2021-09-24,931147,中证交易所高等级绿色债券指数,交易所高等级绿色债,CSI Exchange High Grade Green Bond Index,Exchange High Grade Green Bond,,,,123.92,0.0,0.0,0.0,0.0,218.0,,2021-09-24,中证交易所高等级绿色债券指数
2021-09-24,931145,中证绿色债券指数,中证绿色债,CSI Green Bond Index,CSI Green Bond,,,,122.07,0.0,0.0,0.0,0.0,503.0,,2021-09-24,中证绿色债券指数
2021-09-27,930951,中证交易所绿色债券指数,交易所绿色债,CSI Exchange Green Bond Index,Exchange Green Bond,,,,124.05,0.0,0.0,0.0,0.0,234.0,,2021-09-27,中证交易所绿色债券指数
2021-09-27,931147,中证交易所高等级绿色债券指数,交易所高等级绿色债,CSI Exchange High Grade Green Bond Index,Exchange High Grade Green Bond,,,,123.92,-0.01,0.0,0.0,0.0,218.0,,2021-09-27,中证交易所高等级绿色债券指数
2021-09-27,931145,中证绿色债券指数,中证绿色债,CSI Green Bond Index,CSI Green Bond,,,,122.07,0.0,0.0,0.0,0.0,503.0,,2021-09-27,中证绿色债券指数
2021-09-28,930951,中证交易所绿色债券指数,交易所绿色债,CSI Exchange Green Bond Index,Exchange Green Bond,,,,124.03,-0.03,-0.02,0.0,0.0,233.0,,2021-09-28,中证交易所绿色债券指数
2021-09-28,931147,中证交易所高等级绿色债券指数,交易所高等级绿色债,CSI Exchange High Grade Green Bond Index,Exchange High Grade Green Bond,,,,123.89,-0.03,-0.02,0.0,0.0,217.0,,2021-09-28,中证交易所高等级绿色债券指数
2021-09-28,931145,中证绿色债券指数,中证绿色债,CSI Green Bond Index,CSI Green Bond,,,,122.05,-0.02,-0.02,0.0,0.0,502.0,,2021-09-28,中证绿色债券指数
2021-09-29,930951,中证交易所绿色债券指数,交易所绿色债,CSI Exchange Green Bond Index,Exchange Green Bond,,,,124.02,0.0,0.0,0.0,0.0,232.0,,2021-09-29,中证交易所绿色债券指数
2021-09-29,931147,中证交易所高等级绿色债券指数,交易所高等级绿色债,CSI Exchange High Grade Green Bond Index,Exchange High Grade Green Bond,,,,123.89,0.0,0.0,0.0,0.0,217.0,,2021-09-29,中证交易所高等级绿色债券指数
2021-09-29,931145,中证绿色债券指数,中证绿色债,CSI Green Bond Index,CSI Green Bond,,,,122.05,0.0,0.0,0.0,0.0,501.0,,2021-09-29,中证绿色债券指数
2021-09-30,930951,中证交易所绿色债券指数,交易所绿色债,CSI Exchange Green Bond Index,Exchange Green Bond,,,,124.03,0.0,0.0,0.0,0.0,231.0,,2021-09-30,中证交易所绿色债券指数
2021-09-30,931147,中证交易所高等级绿色债券指数,交易所高等级绿色债,CSI Exchange High Grade Green Bond Index,Exchange High Grade Green Bond,,,,123.89,0.0,0.0,0.0,0.0,216.0,,2021-09-30,中证交易所高等级绿色债券指数
2021-09-30,931145,中证绿色债券指数,中证绿色债,CSI Green Bond Index,CSI Green Bond,,,,122.06,0.01,0.01,0.0,0.0,500.0,,2021-09-30,中证绿色债券指数
2021-10-08,930951,中证交易所绿色债券指数,交易所绿色债,CSI Exchange Green Bond Index,Exchange Green Bond,,,,124.12,0.09,0.07,0.0,0.0,239.0,,2021-10-08,中证交易所绿色债券指数
2021-10-08,931147,中证交易所高等级绿色债券指数,交易所高等级绿色债,CSI Exchange High Grade Green Bond Index,Exchange High Grade Green Bond,,,,123.97,0.09,0.07,0.0,0.0,224.0,,2021-10-08,中证交易所高等级绿色债券指数
2021-10-08,931145,中证绿色债券指数,中证绿色债,CSI Green Bond Index,CSI Green Bond,,,,122.14,0.08,0.07,0.0,0.0,529.0,,2021-10-08,中证绿色债券指数
2021-10-11,930951,中证交易所绿色债券指数,交易所绿色债,CSI Exchange Green Bond Index,Exchange Green Bond,,,,124.15,0.03,0.03,0.0,0.0,239.0,,2021-10-11,中证交易所绿色债券指数
2021-10-11,931147,中证交易所高等级绿色债券指数,交易所高等级绿色债,CSI Exchange High Grade Green Bond Index,Exchange High Grade Green Bond,,,,124.01,0.03,0.02,0.0,0.0,224.0,,2021-10-11,中证交易所高等级绿色债券指数
2021-10-11,931145,中证绿色债券指数,中证绿色债,CSI Green Bond Index,CSI Green Bond,,,,122.18,0.03,0.03,0.0,0.0,529.0,,2021-10-11,中证绿色债券指数
2021-10-12,930951,中证交易所绿色债券指数,交易所绿色债,CSI Exchange Green Bond Index,Exchange Green Bond,,,,124.12,-0.02,-0.02,0.0,0.0,239.0,,2021-10-12,中证交易所绿色债券指数
2021-10-12,931147,中证交易所高等级绿色债券指数,交易所高等级绿色债,CSI Exchange High Grade Green Bond Index,Exchange High Grade Green Bond,,,,123.98,-0.03,-0.02,0.0,0.0,224.0,,2021-10-12,中证交易所高等级绿色债券指数
2021-10-12,931145,中证绿色债券指数,中证绿色债,CSI Green Bond Index,CSI Green Bond,,,,122.16,-0.02,-0.01,0.0,0.0,529.0,,2021-10-12,中证绿色债券指数
2021-10-13,930951,中证交易所绿色债券指数,交易所绿色债,CSI Exchange Green Bond Index,Exchange Green Bond,,,,124.08,-0.04,-0.04,0.0,0.0,239.0,,2021-10-13,中证交易所绿色债券指数
2021-10-13,931147,中证交易所高等级绿色债券指数,交易所高等级绿色债,CSI Exchange High Grade Green Bond Index,Exchange High Grade Green Bond,,,,123.93,-0.05,-0.04,0.0,0.0,224.0,,2021-10-13,中证交易所高等级绿色债券指数
2021-10-13,931145,中证绿色债券指数,中证绿色债,CSI Green Bond Index,CSI Green Bond,,,,122.13,-0.03,-0.02,0.0,0.0,529.0,,2021-10-13,中证绿色债券指数
2021-10-14,930951,中证交易所绿色债券指数,交易所绿色债,CSI Exchange Green Bond Index,Exchange Green Bond,,,,124.08,0.0,0.0,0.0,0.0,239.0,,2021-10-14,中证交易所绿色债券指数
2021-10-14,931147,中证交易所高等级绿色债券指数,交易所高等级绿色债,CSI Exchange High Grade Green Bond Index,Exchange High Grade Green Bond,,,,123.93,0.0,0.0,0.0,0.0,224.0,,2021-10-14,中证交易所高等级绿色债券指数
2021-10-14,931145,中证绿色债券指数,中证绿色债,CSI Green Bond Index,CSI Green Bond,,,,122.13,0.0,0.0,0.0,0.0,529.0,,2021-10-14,中证绿色债券指数
2021-10-15,930951,中证交易所绿色债券指数,交易所绿色债,CSI Exchange Green Bond Index,Exchange Green Bond,,,,124.06,-0.02,-0.01,0.0,0.0,239.0,,2021-10-15,中证交易所绿色债券指数
2021-10-15,931147,中证交易所高等级绿色债券指数,交易所高等级绿色债,CSI Exchange High Grade Green Bond Index,Exchange High Grade Green Bond,,,,123.91,-0.02,-0.02,0.0,0.0,224.0,,2021-10-15,中证交易所高等级绿色债券指数
2021-10-15,931145,中证绿色债券指数,中证绿色债,CSI Green Bond Index,CSI Green Bond,,,,122.12,-0.01,-0.01,0.0,0.0,529.0,,2021-10-15,中证绿色债券指数
2021-10-18,930951,中证交易所绿色债券指数,交易所绿色债,CSI Exchange Green Bond Index,Exchange Green Bond,,,,124.06,0.01,0.01,0.0,0.0,239.0,,2021-10-18,中证交易所绿色债券指数
2021-10-18,931147,中证交易所高等级绿色债券指数,交易所高等级绿色债,CSI Exchange High Grade Green Bond Index,Exchange High Grade Green Bond,,,,123.91,0.01,0.0,0.0,0.0,224.0,,2021-10-18,中证交易所高等级绿色债券指数
2021-10-18,931145,中证绿色债券指数,中证绿色债,CSI Green Bond Index,CSI Green Bond,,,,122.11,0.0,0.0,0.0,0.0,529.0,,2021-10-18,中证绿色债券指数
2021-10-19,930951,中证交易所绿色债券指数,交易所绿色债,CSI Exchange Green Bond Index,Exchange Green Bond,,,,124.07,0.01,0.01,0.0,0.0,239.0,,2021-10-19,中证交易所绿色债券指数
2021-10-19,931147,中证交易所高等级绿色债券指数,交易所高等级绿色债,CSI Exchange High Grade Green Bond Index,Exchange High Grade Green Bond,,,,123.92,0.01,0.01,0.0,0.0,224.0,,2021-10-19,中证交易所高等级绿色债券指数
2021-10-19,931145,中证绿色债券指数,中证绿色债,CSI Green Bond Index,CSI Green Bond,,,,122.11,0.0,0.0,0.0,0.0,529.0,,2021-10-19,中证绿色债券指数
2021-10-20,930951,中证交易所绿色债券指数,交易所绿色债,CSI Exchange Green Bond Index,Exchange Green Bond,,,,124.07,0.0,0.0,0.0,0.0,239.0,,2021-10-20,中证交易所绿色债券指数
2021-10-20,931147,中证交易所高等级绿色债券指数,交易所高等级绿色债,CSI Exchange High Grade Green Bond Index,Exchange High Grade Green Bond,,,,123.92,0.0,0.0,0.0,0.0,224.0,,2021-10-20,中证交易所高等级绿色债券指数
2021-10-20,931145,中证绿色债券指数,中证绿色债,CSI Green Bond Index,CSI Green Bond,,,,122.12,0.01,0.01,0.0,0.0,529.0,,2021-10-20,中证绿色债券指数
2021-10-21,930951,中证交易所绿色债券指数,交易所绿色债,CSI Exchange Green Bond Index,Exchange Green Bond,,,,124.12,0.05,0.04,0.0,0.0,239.0,,2021-10-21,中证交易所绿色债券指数
2021-10-21,931147,中证交易所高等级绿色债券指数,交易所高等级绿色债,CSI Exchange High Grade Green Bond Index,Exchange High Grade Green Bond,,,,123.97,0.05,0.04,0.0,0.0,224.0,,2021-10-21,中证交易所高等级绿色债券指数
2021-10-21,931145,中证绿色债券指数,中证绿色债,CSI Green Bond Index,CSI Green Bond,,,,122.16,0.04,0.03,0.0,0.0,529.0,,2021-10-21,中证绿色债券指数
2021-10-22,930951,中证交易所绿色债券指数,交易所绿色债,CSI Exchange Green Bond Index,Exchange Green Bond,,,,124.16,0.04,0.03,0.0,0.0,239.0,,2021-10-22,中证交易所绿色债券指数
2021-10-22,931147,中证交易所高等级绿色债券指数,交易所高等级绿色债,CSI Exchange High Grade Green Bond Index,Exchange High Grade Green Bond,,,,124.01,0.04,0.03,0.0,0.0,224.0,,2021-10-22,中证交易所高等级绿色债券指数
2021-10-22,931145,中证绿色债券指数,中证绿色债,CSI Green Bond Index,CSI Green Bond,,,,122.19,0.03,0.03,0.0,0.0,529.0,,2021-10-22,中证绿色债券指数
2021-10-25,930951,中证交易所绿色债券指数,交易所绿色债,CSI Exchange Green Bond Index,Exchange Green Bond,,,,124.23,0.07,0.06,0.0,0.0,239.0,,2021-10-25,中证交易所绿色债券指数
2021-10-25,931147,中证交易所高等级绿色债券指数,交易所高等级绿色债,CSI Exchange High Grade Green Bond Index,Exchange High Grade Green Bond,,,,124.08,0.07,0.06,0.0,0.0,224.0,,2021-10-25,中证交易所高等级绿色债券指数
2021-10-25,931145,中证绿色债券指数,中证绿色债,CSI Green Bond Index,CSI Green Bond,,,,122.25,0.06,0.05,0.0,0.0,529.0,,2021-10-25,中证绿色债券指数
2021-10-26,930951,中证交易所绿色债券指数,交易所绿色债,CSI Exchange Green Bond Index,Exchange Green Bond,,,,124.25,0.03,0.02,0.0,0.0,239.0,,2021-10-26,中证交易所绿色债券指数
2021-10-26,931147,中证交易所高等级绿色债券指数,交易所高等级绿色债,CSI Exchange High Grade Green Bond Index,Exchange High Grade Green Bond,,,,124.11,0.03,0.02,0.0,0.0,224.0,,2021-10-26,中证交易所高等级绿色债券指数
2021-10-26,931145,中证绿色债券指数,中证绿色债,CSI Green Bond Index,CSI Green Bond,,,,122.27,0.02,0.02,0.0,0.0,529.0,,2021-10-26,中证绿色债券指数
2021-10-27,930951,中证交易所绿色债券指数,交易所绿色债,CSI Exchange Green Bond Index,Exchange Green Bond,,,,124.31,0.06,0.05,0.0,0.0,239.0,,2021-10-27,中证交易所绿色债券指数
2021-10-27,931147,中证交易所高等级绿色债券指数,交易所高等级绿色债,CSI Exchange High Grade Green Bond Index,Exchange High Grade Green Bond,,,,124.17,0.06,0.05,0.0,0.0,224.0,,2021-10-27,中证交易所高等级绿色债券指数
2021-10-27,931145,中证绿色债券指数,中证绿色债,CSI Green Bond Index,CSI Green Bond,,,,122.31,0.04,0.03,0.0,0.0,529.0,,2021-10-27,中证绿色债券指数
2021-10-28,930951,中证交易所绿色债券指数,交易所绿色债,CSI Exchange Green Bond Index,Exchange Green Bond,,,,124.36,0.05,0.04,0.0,0.0,239.0,,2021-10-28,中证交易所绿色债券指数
2021-10-28,931147,中证交易所高等级绿色债券指数,交易所高等级绿色债,CSI Exchange High Grade Green Bond Index,Exchange High Grade Green Bond,,,,124.23,0.06,0.05,0.0,0.0,224.0,,2021-10-28,中证交易所高等级绿色债券指数
2021-10-28,931145,中证绿色债券指数,中证绿色债,CSI Green Bond Index,CSI Green Bond,,,,122.35,0.04,0.03,0.0,0.0,529.0,,2021-10-28,中证绿色债券指数
2021-10-29,930951,中证交易所绿色债券指数,交易所绿色债,CSI Exchange Green Bond Index,Exchange Green Bond,,,,124.42,0.05,0.04,0.0,0.0,239.0,,2021-10-29,中证交易所绿色债券指数
2021-10-29,931147,中证交易所高等级绿色债券指数,交易所高等级绿色债,CSI Exchange High Grade Green Bond Index,Exchange High Grade Green Bond,,,,124.28,0.06,0.05,0.0,0.0,224.0,,2021-10-29,中证交易所高等级绿色债券指数
2021-10-29,931145,中证绿色债券指数,中证绿色债,CSI Green Bond Index,CSI Green Bond,,,,122.39,0.03,0.03,0.0,0.0,529.0,,2021-10-29,中证绿色债券指数
2021-11-01,930951,中证交易所绿色债券指数,交易所绿色债,CSI Exchange Green Bond Index,Exchange Green Bond,,,,124.5,0.09,0.07,0.0,0.0,242.0,,2021-11-01,中证交易所绿色债券指数
2021-11-01,931147,中证交易所高等级绿色债券指数,交易所高等级绿色债,CSI Exchange High Grade Green Bond Index,Exchange High Grade Green Bond,,,,124.37,0.09,0.07,0.0,0.0,226.0,,2021-11-01,中证交易所高等级绿色债券指数
2021-11-01,931145,中证绿色债券指数,中证绿色债,CSI Green Bond Index,CSI Green Bond,,,,122.45,0.07,0.05,0.0,0.0,531.0,,2021-11-01,中证绿色债券指数
2021-11-02,930951,中证交易所绿色债券指数,交易所绿色债,CSI Exchange Green Bond Index,Exchange Green Bond,,,,124.55,0.05,0.04,0.0,0.0,242.0,,2021-11-02,中证交易所绿色债券指数
2021-11-02,931147,中证交易所高等级绿色债券指数,交易所高等级绿色债,CSI Exchange High Grade Green Bond Index,Exchange High Grade Green Bond,,,,124.42,0.05,0.04,0.0,0.0,226.0,,2021-11-02,中证交易所高等级绿色债券指数
2021-11-02,931145,中证绿色债券指数,中证绿色债,CSI Green Bond Index,CSI Green Bond,,,,122.5,0.05,0.04,0.0,0.0,531.0,,2021-11-02,中证绿色债券指数
2021-11-03,930951,中证交易所绿色债券指数,交易所绿色债,CSI Exchange Green Bond Index,Exchange Green Bond,,,,124.61,0.06,0.05,0.0,0.0,242.0,,2021-11-03,中证交易所绿色债券指数
2021-11-03,931147,中证交易所高等级绿色债券指数,交易所高等级绿色债,CSI Exchange High Grade Green Bond Index,Exchange High Grade Green Bond,,,,124.48,0.06,0.05,0.0,0.0,226.0,,2021-11-03,中证交易所高等级绿色债券指数
2021-11-03,931145,中证绿色债券指数,中证绿色债,CSI Green Bond Index,CSI Green Bond,,,,122.55,0.05,0.04,0.0,0.0,531.0,,2021-11-03,中证绿色债券指数
2021-11-04,930951,中证交易所绿色债券指数,交易所绿色债,CSI Exchange Green Bond Index,Exchange Green Bond,,,,124.66,0.06,0.04,0.0,0.0,242.0,,2021-11-04,中证交易所绿色债券指数
2021-11-04,931147,中证交易所高等级绿色债券指数,交易所高等级绿色债,CSI Exchange High Grade Green Bond Index,Exchange High Grade Green Bond,,,,124.54,0.06,0.05,0.0,0.0,226.0,,2021-11-04,中证交易所高等级绿色债券指数
2021-11-04,931145,中证绿色债券指数,中证绿色债,CSI Green Bond Index,CSI Green Bond,,,,122.59,0.05,0.04,0.0,0.0,531.0,,2021-11-04,中证绿色债券指数
2021-11-05,930951,中证交易所绿色债券指数,交易所绿色债,CSI Exchange Green Bond Index,Exchange Green Bond,,,,124.74,0.08,0.07,0.0,0.0,242.0,,2021-11-05,中证交易所绿色债券指数
2021-11-05,931147,中证交易所高等级绿色债券指数,交易所高等级绿色债,CSI Exchange High Grade Green Bond Index,Exchange High Grade Green Bond,,,,124.62,0.08,0.07,0.0,0.0,226.0,,2021-11-05,中证交易所高等级绿色债券指数
2021-11-05,931145,中证绿色债券指数,中证绿色债,CSI Green Bond Index,CSI Green Bond,,,,122.65,0.06,0.05,0.0,0.0,531.0,,2021-11-05,中证绿色债券指数
2021-11-08,930951,中证交易所绿色债券指数,交易所绿色债,CSI Exchange Green Bond Index,Exchange Green Bond,,,,124.82,0.08,0.06,0.0,0.0,242.0,,2021-11-08,中证交易所绿色债券指数
2021-11-08,931147,中证交易所高等级绿色债券指数,交易所高等级绿色债,CSI Exchange High Grade Green Bond Index,Exchange High Grade Green Bond,,,,124.71,0.08,0.06,0.0,0.0,226.0,,2021-11-08,中证交易所高等级绿色债券指数
2021-11-08,931145,中证绿色债券指数,中证绿色债,CSI Green Bond Index,CSI Green Bond,,,,122.71,0.06,0.05,0.0,0.0,531.0,,2021-11-08,中证绿色债券指数
2021-11-09,930951,中证交易所绿色债券指数,交易所绿色债,CSI Exchange Green Bond Index,Exchange Green Bond,,,,124.84,0.02,0.01,0.0,0.0,242.0,,2021-11-09,中证交易所绿色债券指数
2021-11-09,931147,中证交易所高等级绿色债券指数,交易所高等级绿色债,CSI Exchange High Grade Green Bond Index,Exchange High Grade Green Bond,,,,124.72,0.02,0.01,0.0,0.0,226.0,,2021-11-09,中证交易所高等级绿色债券指数
2021-11-09,931145,中证绿色债券指数,中证绿色债,CSI Green Bond Index,CSI Green Bond,,,,122.72,0.01,0.01,0.0,0.0,531.0,,2021-11-09,中证绿色债券指数
2021-11-10,930951,中证交易所绿色债券指数,交易所绿色债,CSI Exchange Green Bond Index,Exchange Green Bond,,,,124.85,0.01,0.01,0.0,0.0,242.0,,2021-11-10,中证交易所绿色债券指数
2021-11-10,931147,中证交易所高等级绿色债券指数,交易所高等级绿色债,CSI Exchange High Grade Green Bond Index,Exchange High Grade Green Bond,,,,124.73,0.01,0.01,0.0,0.0,226.0,,2021-11-10,中证交易所高等级绿色债券指数
2021-11-10,931145,中证绿色债券指数,中证绿色债,CSI Green Bond Index,CSI Green Bond,,,,122.73,0.01,0.01,0.0,0.0,531.0,,2021-11-10,中证绿色债券指数
2021-11-11,930951,中证交易所绿色债券指数,交易所绿色债,CSI Exchange Green Bond Index,Exchange Green Bond,,,,124.84,-0.01,-0.01,0.0,0.0,242.0,,2021-11-11,中证交易所绿色债券指数
2021-11-11,931147,中证交易所高等级绿色债券指数,交易所高等级绿色债,CSI Exchange High Grade Green Bond Index,Exchange High Grade Green Bond,,,,124.72,-0.01,-0.01,0.0,0.0,226.0,,2021-11-11,中证交易所高等级绿色债券指数
2021-11-11,931145,中证绿色债券指数,中证绿色债,CSI Green Bond Index,CSI Green Bond,,,,122.73,0.0,0.0,0.0,0.0,531.0,,2021-11-11,中证绿色债券指数
2021-11-12,930951,中证交易所绿色债券指数,交易所绿色债,CSI Exchange Green Bond Index,Exchange Green Bond,,,,124.85,0.01,0.01,0.0,0.0,242.0,,2021-11-12,中证交易所绿色债券指数
2021-11-12,931147,中证交易所高等级绿色债券指数,交易所高等级绿色债,CSI Exchange High Grade Green Bond Index,Exchange High Grade Green Bond,,,,124.73,0.01,0.01,0.0,0.0,226.0,,2021-11-12,中证交易所高等级绿色债券指数
2021-11-12,931145,中证绿色债券指数,中证绿色债,CSI Green Bond Index,CSI Green Bond,,,,122.73,0.0,0.0,0.0,0.0,531.0,,2021-11-12,中证绿色债券指数
2021-11-15,930951,中证交易所绿色债券指数,交易所绿色债,CSI Exchange Green Bond Index,Exchange Green Bond,,,,124.89,0.05,0.04,0.0,0.0,242.0,,2021-11-15,中证交易所绿色债券指数
2021-11-15,931147,中证交易所高等级绿色债券指数,交易所高等级绿色债,CSI Exchange High Grade Green Bond Index,Exchange High Grade Green Bond,,,,124.77,0.05,0.04,0.0,0.0,226.0,,2021-11-15,中证交易所高等级绿色债券指数
2021-11-15,931145,中证绿色债券指数,中证绿色债,CSI Green Bond Index,CSI Green Bond,,,,122.77,0.04,0.03,0.0,0.0,531.0,,2021-11-15,中证绿色债券指数
2021-11-16,930951,中证交易所绿色债券指数,交易所绿色债,CSI Exchange Green Bond Index,Exchange Green Bond,,,,124.91,0.02,0.02,0.0,0.0,242.0,,2021-11-16,中证交易所绿色债券指数
2021-11-16,931147,中证交易所高等级绿色债券指数,交易所高等级绿色债,CSI Exchange High Grade Green Bond Index,Exchange High Grade Green Bond,,,,124.79,0.02,0.02,0.0,0.0,226.0,,2021-11-16,中证交易所高等级绿色债券指数
2021-11-16,931145,中证绿色债券指数,中证绿色债,CSI Green Bond Index,CSI Green Bond,,,,122.79,0.02,0.02,0.0,0.0,531.0,,2021-11-16,中证绿色债券指数
2021-11-17,930951,中证交易所绿色债券指数,交易所绿色债,CSI Exchange Green Bond Index,Exchange Green Bond,,,,124.93,0.01,0.01,0.0,0.0,242.0,,2021-11-17,中证交易所绿色债券指数
2021-11-17,931147,中证交易所高等级绿色债券指数,交易所高等级绿色债,CSI Exchange High Grade Green Bond Index,Exchange High Grade Green Bond,,,,124.8,0.01,0.01,0.0,0.0,226.0,,2021-11-17,中证交易所高等级绿色债券指数
2021-11-17,931145,中证绿色债券指数,中证绿色债,CSI Green Bond Index,CSI Green Bond,,,,122.81,0.02,0.01,0.0,0.0,531.0,,2021-11-17,中证绿色债券指数
2021-11-18,930951,中证交易所绿色债券指数,交易所绿色债,CSI Exchange Green Bond Index,Exchange Green Bond,,,,124.97,0.05,0.04,0.0,0.0,242.0,,2021-11-18,中证交易所绿色债券指数
2021-11-18,931147,中证交易所高等级绿色债券指数,交易所高等级绿色债,CSI Exchange High Grade Green Bond Index,Exchange High Grade Green Bond,,,,124.85,0.05,0.04,0.0,0.0,226.0,,2021-11-18,中证交易所高等级绿色债券指数
2021-11-18,931145,中证绿色债券指数,中证绿色债,CSI Green Bond Index,CSI Green Bond,,,,122.83,0.03,0.02,0.0,0.0,531.0,,2021-11-18,中证绿色债券指数
2021-11-19,930951,中证交易所绿色债券指数,交易所绿色债,CSI Exchange Green Bond Index,Exchange Green Bond,,,,125.0,0.02,0.02,0.0,0.0,242.0,,2021-11-19,中证交易所绿色债券指数
2021-11-19,931147,中证交易所高等级绿色债券指数,交易所高等级绿色债,CSI Exchange High Grade Green Bond Index,Exchange High Grade Green Bond,,,,124.88,0.02,0.02,0.0,0.0,226.0,,2021-11-19,中证交易所高等级绿色债券指数
2021-11-19,931145,中证绿色债券指数,中证绿色债,CSI Green Bond Index,CSI Green Bond,,,,122.85,0.02,0.01,0.0,0.0,531.0,,2021-11-19,中证绿色债券指数
2021-11-22,930951,中证交易所绿色债券指数,交易所绿色债,CSI Exchange Green Bond Index,Exchange Green Bond,,,,125.06,0.07,0.05,0.0,0.0,242.0,,2021-11-22,中证交易所绿色债券指数
2021-11-22,931147,中证交易所高等级绿色债券指数,交易所高等级绿色债,CSI Exchange High Grade Green Bond Index,Exchange High Grade Green Bond,,,,124.95,0.07,0.06,0.0,0.0,226.0,,2021-11-22,中证交易所高等级绿色债券指数
2021-11-22,931145,中证绿色债券指数,中证绿色债,CSI Green Bond Index,CSI Green Bond,,,,122.9,0.05,0.04,0.0,0.0,531.0,,2021-11-22,中证绿色债券指数
2021-11-23,930951,中证交易所绿色债券指数,交易所绿色债,CSI Exchange Green Bond Index,Exchange Green Bond,,,,125.09,0.02,0.02,0.0,0.0,242.0,,2021-11-23,中证交易所绿色债券指数
2021-11-23,931147,中证交易所高等级绿色债券指数,交易所高等级绿色债,CSI Exchange High Grade Green Bond Index,Exchange High Grade Green Bond,,,,124.97,0.02,0.02,0.0,0.0,226.0,,2021-11-23,中证交易所高等级绿色债券指数
2021-11-23,931145,中证绿色债券指数,中证绿色债,CSI Green Bond Index,CSI Green Bond,,,,122.92,0.02,0.02,0.0,0.0,531.0,,2021-11-23,中证绿色债券指数
2021-11-24,930951,中证交易所绿色债券指数,交易所绿色债,CSI Exchange Green Bond Index,Exchange Green Bond,,,,125.13,0.04,0.03,0.0,0.0,242.0,,2021-11-24,中证交易所绿色债券指数
2021-11-24,931147,中证交易所高等级绿色债券指数,交易所高等级绿色债,CSI Exchange High Grade Green Bond Index,Exchange High Grade Green Bond,,,,125.01,0.04,0.03,0.0,0.0,226.0,,2021-11-24,中证交易所高等级绿色债券指数
2021-11-24,931145,中证绿色债券指数,中证绿色债,CSI Green Bond Index,CSI Green Bond,,,,122.95,0.03,0.02,0.0,0.0,531.0,,2021-11-24,中证绿色债券指数
2021-11-25,930951,中证交易所绿色债券指数,交易所绿色债,CSI Exchange Green Bond Index,Exchange Green Bond,,,,125.14,0.01,0.01,0.0,0.0,242.0,,2021-11-25,中证交易所绿色债券指数
2021-11-25,931147,中证交易所高等级绿色债券指数,交易所高等级绿色债,CSI Exchange High Grade Green Bond Index,Exchange High Grade Green Bond,,,,125.02,0.01,0.01,0.0,0.0,226.0,,2021-11-25,中证交易所高等级绿色债券指数
2021-11-25,931145,中证绿色债券指数,中证绿色债,CSI Green Bond Index,CSI Green Bond,,,,122.97,0.02,0.02,0.0,0.0,531.0,,2021-11-25,中证绿色债券指数
2021-11-26,930951,中证交易所绿色债券指数,交易所绿色债,CSI Exchange Green Bond Index,Exchange Green Bond,,,,125.19,0.05,0.04,0.0,0.0,242.0,,2021-11-26,中证交易所绿色债券指数
2021-11-26,931147,中证交易所高等级绿色债券指数,交易所高等级绿色债,CSI Exchange High Grade Green Bond Index,Exchange High Grade Green Bond,,,,125.08,0.05,0.04,0.0,0.0,226.0,,2021-11-26,中证交易所高等级绿色债券指数
2021-11-26,931145,中证绿色债券指数,中证绿色债,CSI Green Bond Index,CSI Green Bond,,,,123.01,0.04,0.03,0.0,0.0,531.0,,2021-11-26,中证绿色债券指数
2021-11-29,930951,中证交易所绿色债券指数,交易所绿色债,CSI Exchange Green Bond Index,Exchange Green Bond,,,,125.23,0.03,0.03,0.0,0.0,242.0,,2021-11-29,中证交易所绿色债券指数
2021-11-29,931147,中证交易所高等级绿色债券指数,交易所高等级绿色债,CSI Exchange High Grade Green Bond Index,Exchange High Grade Green Bond,,,,125.11,0.04,0.03,0.0,0.0,226.0,,2021-11-29,中证交易所高等级绿色债券指数
2021-11-29,931145,中证绿色债券指数,中证绿色债,CSI Green Bond Index,CSI Green Bond,,,,123.04,0.04,0.03,0.0,0.0,531.0,,2021-11-29,中证绿色债券指数
2021-11-30,930951,中证交易所绿色债券指数,交易所绿色债,CSI Exchange Green Bond Index,Exchange Green Bond,,,,125.25,0.02,0.01,0.0,0.0,242.0,,2021-11-30,中证交易所绿色债券指数
2021-11-30,931147,中证交易所高等级绿色债券指数,交易所高等级绿色债,CSI Exchange High Grade Green Bond Index,Exchange High Grade Green Bond,,,,125.13,0.02,0.02,0.0,0.0,226.0,,2021-11-30,中证交易所高等级绿色债券指数
2021-11-30,931145,中证绿色债券指数,中证绿色债,CSI Green Bond Index,CSI Green Bond,,,,123.05,0.01,0.01,0.0,0.0,531.0,,2021-11-30,中证绿色债券指数
2021-12-01,930951,中证交易所绿色债券指数,交易所绿色债,CSI Exchange Green Bond Index,Exchange Green Bond,,,,125.26,0.01,0.01,0.0,0.0,248.0,,2021-12-01,中证交易所绿色债券指数
2021-12-01,931147,中证交易所高等级绿色债券指数,交易所高等级绿色债,CSI Exchange High Grade Green Bond Index,Exchange High Grade Green Bond,,,,125.14,0.01,0.01,0.0,0.0,232.0,,2021-12-01,中证交易所高等级绿色债券指数
2021-12-01,931145,中证绿色债券指数,中证绿色债,CSI Green Bond Index,CSI Green Bond,,,,123.07,0.01,0.01,0.0,0.0,549.0,,2021-12-01,中证绿色债券指数
2021-12-02,930951,中证交易所绿色债券指数,交易所绿色债,CSI Exchange Green Bond Index,Exchange Green Bond,,,,125.27,0.01,0.01,0.0,0.0,248.0,,2021-12-02,中证交易所绿色债券指数
2021-12-02,931147,中证交易所高等级绿色债券指数,交易所高等级绿色债,CSI Exchange High Grade Green Bond Index,Exchange High Grade Green Bond,,,,125.15,0.01,0.01,0.0,0.0,232.0,,2021-12-02,中证交易所高等级绿色债券指数
2021-12-02,931145,中证绿色债券指数,中证绿色债,CSI Green Bond Index,CSI Green Bond,,,,123.08,0.02,0.01,0.0,0.0,549.0,,2021-12-02,中证绿色债券指数
2021-12-03,930951,中证交易所绿色债券指数,交易所绿色债,CSI Exchange Green Bond Index,Exchange Green Bond,,,,125.29,0.02,0.02,0.0,0.0,248.0,,2021-12-03,中证交易所绿色债券指数
2021-12-03,931147,中证交易所高等级绿色债券指数,交易所高等级绿色债,CSI Exchange High Grade Green Bond Index,Exchange High Grade Green Bond,,,,125.18,0.02,0.02,0.0,0.0,232.0,,2021-12-03,中证交易所高等级绿色债券指数
2021-12-03,931145,中证绿色债券指数,中证绿色债,CSI Green Bond Index,CSI Green Bond,,,,123.1,0.02,0.01,0.0,0.0,549.0,,2021-12-03,中证绿色债券指数
2021-12-06,930951,中证交易所绿色债券指数,交易所绿色债,CSI Exchange Green Bond Index,Exchange Green Bond,,,,125.39,0.1,0.08,0.0,0.0,248.0,,2021-12-06,中证交易所绿色债券指数
2021-12-06,931147,中证交易所高等级绿色债券指数,交易所高等级绿色债,CSI Exchange High Grade Green Bond Index,Exchange High Grade Green Bond,,,,125.28,0.1,0.08,0.0,0.0,232.0,,2021-12-06,中证交易所高等级绿色债券指数
2021-12-06,931145,中证绿色债券指数,中证绿色债,CSI Green Bond Index,CSI Green Bond,,,,123.18,0.08,0.07,0.0,0.0,549.0,,2021-12-06,中证绿色债券指数
2021-12-07,930951,中证交易所绿色债券指数,交易所绿色债,CSI Exchange Green Bond Index,Exchange Green Bond,,,,125.42,0.03,0.03,0.0,0.0,248.0,,2021-12-07,中证交易所绿色债券指数
2021-12-07,931147,中证交易所高等级绿色债券指数,交易所高等级绿色债,CSI Exchange High Grade Green Bond Index,Exchange High Grade Green Bond,,,,125.31,0.04,0.03,0.0,0.0,232.0,,2021-12-07,中证交易所高等级绿色债券指数
2021-12-07,931145,中证绿色债券指数,中证绿色债,CSI Green Bond Index,CSI Green Bond,,,,123.21,0.03,0.02,0.0,0.0,549.0,,2021-12-07,中证绿色债券指数
2021-12-08,930951,中证交易所绿色债券指数,交易所绿色债,CSI Exchange Green Bond Index,Exchange Green Bond,,,,125.45,0.03,0.02,0.0,0.0,248.0,,2021-12-08,中证交易所绿色债券指数
2021-12-08,931147,中证交易所高等级绿色债券指数,交易所高等级绿色债,CSI Exchange High Grade Green Bond Index,Exchange High Grade Green Bond,,,,125.34,0.03,0.03,0.0,0.0,232.0,,2021-12-08,中证交易所高等级绿色债券指数
2021-12-08,931145,中证绿色债券指数,中证绿色债,CSI Green Bond Index,CSI Green Bond,,,,123.23,0.02,0.02,0.0,0.0,549.0,,2021-12-08,中证绿色债券指数
2021-12-09,930951,中证交易所绿色债券指数,交易所绿色债,CSI Exchange Green Bond Index,Exchange Green Bond,,,,125.47,0.02,0.01,0.0,0.0,248.0,,2021-12-09,中证交易所绿色债券指数
2021-12-09,931147,中证交易所高等级绿色债券指数,交易所高等级绿色债,CSI Exchange High Grade Green Bond Index,Exchange High Grade Green Bond,,,,125.36,0.02,0.01,0.0,0.0,232.0,,2021-12-09,中证交易所高等级绿色债券指数
2021-12-09,931145,中证绿色债券指数,中证绿色债,CSI Green Bond Index,CSI Green Bond,,,,123.24,0.01,0.01,0.0,0.0,549.0,,2021-12-09,中证绿色债券指数
2021-12-10,930951,中证交易所绿色债券指数,交易所绿色债,CSI Exchange Green Bond Index,Exchange Green Bond,,,,125.47,0.01,0.01,0.0,0.0,248.0,,2021-12-10,中证交易所绿色债券指数
2021-12-10,931147,中证交易所高等级绿色债券指数,交易所高等级绿色债,CSI Exchange High Grade Green Bond Index,Exchange High Grade Green Bond,,,,125.37,0.01,0.01,0.0,0.0,232.0,,2021-12-10,中证交易所高等级绿色债券指数
2021-12-10,931145,中证绿色债券指数,中证绿色债,CSI Green Bond Index,CSI Green Bond,,,,123.26,0.02,0.02,0.0,0.0,549.0,,2021-12-10,中证绿色债券指数
2021-12-13,930951,中证交易所绿色债券指数,交易所绿色债,CSI Exchange Green Bond Index,Exchange Green Bond,,,,125.52,0.04,0.03,0.0,0.0,248.0,,2021-12-13,中证交易所绿色债券指数
2021-12-13,931147,中证交易所高等级绿色债券指数,交易所高等级绿色债,CSI Exchange High Grade Green Bond Index,Exchange High Grade Green Bond,,,,125.41,0.04,0.03,0.0,0.0,232.0,,2021-12-13,中证交易所高等级绿色债券指数
2021-12-13,931145,中证绿色债券指数,中证绿色债,CSI Green Bond Index,CSI Green Bond,,,,123.3,0.04,0.03,0.0,0.0,549.0,,2021-12-13,中证绿色债券指数
2021-12-14,930951,中证交易所绿色债券指数,交易所绿色债,CSI Exchange Green Bond Index,Exchange Green Bond,,,,125.54,0.03,0.02,0.0,0.0,248.0,,2021-12-14,中证交易所绿色债券指数
2021-12-14,931147,中证交易所高等级绿色债券指数,交易所高等级绿色债,CSI Exchange High Grade Green Bond Index,Exchange High Grade Green Bond,,,,125.43,0.03,0.02,0.0,0.0,232.0,,2021-12-14,中证交易所高等级绿色债券指数
2021-12-14,931145,中证绿色债券指数,中证绿色债,CSI Green Bond Index,CSI Green Bond,,,,123.32,0.02,0.02,0.0,0.0,549.0,,2021-12-14,中证绿色债券指数
2021-12-15,930951,中证交易所绿色债券指数,交易所绿色债,CSI Exchange Green Bond Index,Exchange Green Bond,,,,125.56,0.02,0.01,0.0,0.0,248.0,,2021-12-15,中证交易所绿色债券指数
2021-12-15,931147,中证交易所高等级绿色债券指数,交易所高等级绿色债,CSI Exchange High Grade Green Bond Index,Exchange High Grade Green Bond,,,,125.45,0.01,0.01,0.0,0.0,232.0,,2021-12-15,中证交易所高等级绿色债券指数
2021-12-15,931145,中证绿色债券指数,中证绿色债,CSI Green Bond Index,CSI Green Bond,,,,123.34,0.02,0.02,0.0,0.0,549.0,,2021-12-15,中证绿色债券指数
2021-12-16,930951,中证交易所绿色债券指数,交易所绿色债,CSI Exchange Green Bond Index,Exchange Green Bond,,,,125.57,0.01,0.01,0.0,0.0,248.0,,2021-12-16,中证交易所绿色债券指数
2021-12-16,931147,中证交易所高等级绿色债券指数,交易所高等级绿色债,CSI Exchange High Grade Green Bond Index,Exchange High Grade Green Bond,,,,125.46,0.01,0.01,0.0,0.0,232.0,,2021-12-16,中证交易所高等级绿色债券指数
2021-12-16,931145,中证绿色债券指数,中证绿色债,CSI Green Bond Index,CSI Green Bond,,,,123.35,0.01,0.01,0.0,0.0,549.0,,2021-12-16,中证绿色债券指数
2021-12-17,930951,中证交易所绿色债券指数,交易所绿色债,CSI Exchange Green Bond Index,Exchange Green Bond,,,,125.59,0.03,0.02,0.0,0.0,248.0,,2021-12-17,中证交易所绿色债券指数
2021-12-17,931147,中证交易所高等级绿色债券指数,交易所高等级绿色债,CSI Exchange High Grade Green Bond Index,Exchange High Grade Green Bond,,,,125.49,0.03,0.02,0.0,0.0,232.0,,2021-12-17,中证交易所高等级绿色债券指数
2021-12-17,931145,中证绿色债券指数,中证绿色债,CSI Green Bond Index,CSI Green Bond,,,,123.37,0.02,0.02,0.0,0.0,548.0,,2021-12-17,中证绿色债券指数
2021-12-20,930951,中证交易所绿色债券指数,交易所绿色债,CSI Exchange Green Bond Index,Exchange Green Bond,,,,125.64,0.04,0.03,0.0,0.0,248.0,,2021-12-20,中证交易所绿色债券指数
2021-12-20,931147,中证交易所高等级绿色债券指数,交易所高等级绿色债,CSI Exchange High Grade Green Bond Index,Exchange High Grade Green Bond,,,,125.53,0.05,0.04,0.0,0.0,232.0,,2021-12-20,中证交易所高等级绿色债券指数
2021-12-20,931145,中证绿色债券指数,中证绿色债,CSI Green Bond Index,CSI Green Bond,,,,123.4,0.03,0.03,0.0,0.0,548.0,,2021-12-20,中证绿色债券指数
2021-12-21,930951,中证交易所绿色债券指数,交易所绿色债,CSI Exchange Green Bond Index,Exchange Green Bond,,,,125.61,-0.03,-0.02,0.0,0.0,247.0,,2021-12-21,中证交易所绿色债券指数
2021-12-21,931147,中证交易所高等级绿色债券指数,交易所高等级绿色债,CSI Exchange High Grade Green Bond Index,Exchange High Grade Green Bond,,,,125.51,-0.02,-0.02,0.0,0.0,231.0,,2021-12-21,中证交易所高等级绿色债券指数
2021-12-21,931145,中证绿色债券指数,中证绿色债,CSI Green Bond Index,CSI Green Bond,,,,123.37,-0.03,-0.02,0.0,0.0,547.0,,2021-12-21,中证绿色债券指数
2021-12-22,930951,中证交易所绿色债券指数,交易所绿色债,CSI Exchange Green Bond Index,Exchange Green Bond,,,,125.61,0.0,0.0,0.0,0.0,247.0,,2021-12-22,中证交易所绿色债券指数
2021-12-22,931147,中证交易所高等级绿色债券指数,交易所高等级绿色债,CSI Exchange High Grade Green Bond Index,Exchange High Grade Green Bond,,,,125.51,0.0,0.0,0.0,0.0,231.0,,2021-12-22,中证交易所高等级绿色债券指数
2021-12-22,931145,中证绿色债券指数,中证绿色债,CSI Green Bond Index,CSI Green Bond,,,,123.37,0.0,0.0,0.0,0.0,547.0,,2021-12-22,中证绿色债券指数
2021-12-23,930951,中证交易所绿色债券指数,交易所绿色债,CSI Exchange Green Bond Index,Exchange Green Bond,,,,125.61,0.0,0.0,0.0,0.0,247.0,,2021-12-23,中证交易所绿色债券指数
2021-12-23,931147,中证交易所高等级绿色债券指数,交易所高等级绿色债,CSI Exchange High Grade Green Bond Index,Exchange High Grade Green Bond,,,,125.51,0.0,0.0,0.0,0.0,231.0,,2021-12-23,中证交易所高等级绿色债券指数
2021-12-23,931145,中证绿色债券指数,中证绿色债,CSI Green Bond Index,CSI Green Bond,,,,123.38,0.01,0.01,0.0,0.0,547.0,,2021-12-23,中证绿色债券指数
2021-12-24,930951,中证交易所绿色债券指数,交易所绿色债,CSI Exchange Green Bond Index,Exchange Green Bond,,,,125.64,0.03,0.02,0.0,0.0,247.0,,2021-12-24,中证交易所绿色债券指数
2021-12-24,931147,中证交易所高等级绿色债券指数,交易所高等级绿色债,CSI Exchange High Grade Green Bond Index,Exchange High Grade Green Bond,,,,125.53,0.03,0.02,0.0,0.0,231.0,,2021-12-24,中证交易所高等级绿色债券指数
2021-12-24,931145,中证绿色债券指数,中证绿色债,CSI Green Bond Index,CSI Green Bond,,,,123.41,0.03,0.02,0.0,0.0,547.0,,2021-12-24,中证绿色债券指数
2021-12-27,930951,中证交易所绿色债券指数,交易所绿色债,CSI Exchange Green Bond Index,Exchange Green Bond,,,,125.7,0.07,0.05,0.0,0.0,246.0,,2021-12-27,中证交易所绿色债券指数
2021-12-27,931147,中证交易所高等级绿色债券指数,交易所高等级绿色债,CSI Exchange High Grade Green Bond Index,Exchange High Grade Green Bond,,,,125.6,0.07,0.06,0.0,0.0,231.0,,2021-12-27,中证交易所高等级绿色债券指数
2021-12-27,931145,中证绿色债券指数,中证绿色债,CSI Green Bond Index,CSI Green Bond,,,,123.46,0.05,0.04,0.0,0.0,546.0,,2021-12-27,中证绿色债券指数
2021-12-28,930951,中证交易所绿色债券指数,交易所绿色债,CSI Exchange Green Bond Index,Exchange Green Bond,,,,125.73,0.03,0.02,0.0,0.0,246.0,,2021-12-28,中证交易所绿色债券指数
2021-12-28,931147,中证交易所高等级绿色债券指数,交易所高等级绿色债,CSI Exchange High Grade Green Bond Index,Exchange High Grade Green Bond,,,,125.63,0.03,0.02,0.0,0.0,231.0,,2021-12-28,中证交易所高等级绿色债券指数
2021-12-28,931145,中证绿色债券指数,中证绿色债,CSI Green Bond Index,CSI Green Bond,,,,123.49,0.02,0.02,0.0,0.0,546.0,,2021-12-28,中证绿色债券指数
2021-12-29,930951,中证交易所绿色债券指数,交易所绿色债,CSI Exchange Green Bond Index,Exchange Green Bond,,,,125.75,0.02,0.02,0.0,0.0,246.0,,2021-12-29,中证交易所绿色债券指数
2021-12-29,931147,中证交易所高等级绿色债券指数,交易所高等级绿色债,CSI Exchange High Grade Green Bond Index,Exchange High Grade Green Bond,,,,125.65,0.02,0.02,0.0,0.0,231.0,,2021-12-29,中证交易所高等级绿色债券指数
2021-12-29,931145,中证绿色债券指数,中证绿色债,CSI Green Bond Index,CSI Green Bond,,,,123.51,0.03,0.02,0.0,0.0,546.0,,2021-12-29,中证绿色债券指数
2021-12-30,930951,中证交易所绿色债券指数,交易所绿色债,CSI Exchange Green Bond Index,Exchange Green Bond,,,,125.82,0.07,0.05,0.0,0.0,246.0,,2021-12-30,中证交易所绿色债券指数
2021-12-30,931147,中证交易所高等级绿色债券指数,交易所高等级绿色债,CSI Exchange High Grade Green Bond Index,Exchange High Grade Green Bond,,,,125.72,0.07,0.06,0.0,0.0,231.0,,2021-12-30,中证交易所高等级绿色债券指数
2021-12-30,931145,中证绿色债券指数,中证绿色债,CSI Green Bond Index,CSI Green Bond,,,,123.57,0.05,0.04,0.0,0.0,546.0,,2021-12-30,中证绿色债券指数
2021-12-31,930951,中证交易所绿色债券指数,交易所绿色债,CSI Exchange Green Bond Index,Exchange Green Bond,,,,125.87,0.05,0.04,0.0,0.0,246.0,,2021-12-31,中证交易所绿色债券指数
2021-12-31,931147,中证交易所高等级绿色债券指数,交易所高等级绿色债,CSI Exchange High Grade Green Bond Index,Exchange High Grade Green Bond,,,,125.77,0.05,0.04,0.0,0.0,231.0,,2021-12-31,中证交易所高等级绿色债券指数
2021-12-31,931145,中证绿色债券指数,中证绿色债,CSI Green Bond Index,CSI Green Bond,,,,123.61,0.05,0.04,0.0,0.0,546.0,,2021-12-31,中证绿色债券指数
2022-01-04,930951,中证交易所绿色债券指数,交易所绿色债,CSI Exchange Green Bond Index,Exchange Green Bond,,,,125.95,0.08,0.07,0.0,0.0,254.0,,2022-01-04,中证交易所绿色债券指数
2022-01-04,931147,中证交易所高等级绿色债券指数,交易所高等级绿色债,CSI Exchange High Grade Green Bond Index,Exchange High Grade Green Bond,,,,125.85,0.08,0.06,0.0,0.0,239.0,,2022-01-04,中证交易所高等级绿色债券指数
2022-01-04,931145,中证绿色债券指数,中证绿色债,CSI Green Bond Index,CSI Green Bond,,,,123.69,0.08,0.07,0.0,0.0,576.0,,2022-01-04,中证绿色债券指数
2022-01-05,930951,中证交易所绿色债券指数,交易所绿色债,CSI Exchange Green Bond Index,Exchange Green Bond,,,,126.0,0.04,0.03,0.0,0.0,254.0,,2022-01-05,中证交易所绿色债券指数
2022-01-05,931147,中证交易所高等级绿色债券指数,交易所高等级绿色债,CSI Exchange High Grade Green Bond Index,Exchange High Grade Green Bond,,,,125.9,0.05,0.04,0.0,0.0,239.0,,2022-01-05,中证交易所高等级绿色债券指数
2022-01-05,931145,中证绿色债券指数,中证绿色债,CSI Green Bond Index,CSI Green Bond,,,,123.72,0.03,0.03,0.0,0.0,576.0,,2022-01-05,中证绿色债券指数
2022-01-06,930951,中证交易所绿色债券指数,交易所绿色债,CSI Exchange Green Bond Index,Exchange Green Bond,,,,126.0,0.0,0.0,0.0,0.0,254.0,,2022-01-06,中证交易所绿色债券指数
2022-01-06,931147,中证交易所高等级绿色债券指数,交易所高等级绿色债,CSI Exchange High Grade Green Bond Index,Exchange High Grade Green Bond,,,,125.9,0.0,0.0,0.0,0.0,239.0,,2022-01-06,中证交易所高等级绿色债券指数
2022-01-06,931145,中证绿色债券指数,中证绿色债,CSI Green Bond Index,CSI Green Bond,,,,123.72,0.0,0.0,0.0,0.0,576.0,,2022-01-06,中证绿色债券指数
2022-01-07,930951,中证交易所绿色债券指数,交易所绿色债,CSI Exchange Green Bond Index,Exchange Green Bond,,,,126.03,0.03,0.03,0.0,0.0,254.0,,2022-01-07,中证交易所绿色债券指数
2022-01-07,931147,中证交易所高等级绿色债券指数,交易所高等级绿色债,CSI Exchange High Grade Green Bond Index,Exchange High Grade Green Bond,,,,125.93,0.03,0.03,0.0,0.0,239.0,,2022-01-07,中证交易所高等级绿色债券指数
2022-01-07,931145,中证绿色债券指数,中证绿色债,CSI Green Bond Index,CSI Green Bond,,,,123.74,0.02,0.02,0.0,0.0,576.0,,2022-01-07,中证绿色债券指数
2022-01-10,930951,中证交易所绿色债券指数,交易所绿色债,CSI Exchange Green Bond Index,Exchange Green Bond,,,,126.09,0.06,0.05,0.0,0.0,254.0,,2022-01-10,中证交易所绿色债券指数
2022-01-10,931147,中证交易所高等级绿色债券指数,交易所高等级绿色债,CSI Exchange High Grade Green Bond Index,Exchange High Grade Green Bond,,,,126.0,0.07,0.05,0.0,0.0,239.0,,2022-01-10,中证交易所高等级绿色债券指数
2022-01-10,931145,中证绿色债券指数,中证绿色债,CSI Green Bond Index,CSI Green Bond,,,,123.8,0.06,0.05,0.0,0.0,576.0,,2022-01-10,中证绿色债券指数
2022-01-11,930951,中证交易所绿色债券指数,交易所绿色债,CSI Exchange Green Bond Index,Exchange Green Bond,,,,126.1,0.01,0.01,0.0,0.0,254.0,,2022-01-11,中证交易所绿色债券指数
2022-01-11,931147,中证交易所高等级绿色债券指数,交易所高等级绿色债,CSI Exchange High Grade Green Bond Index,Exchange High Grade Green Bond,,,,126.01,0.02,0.01,0.0,0.0,239.0,,2022-01-11,中证交易所高等级绿色债券指数
2022-01-11,931145,中证绿色债券指数,中证绿色债,CSI Green Bond Index,CSI Green Bond,,,,123.82,0.02,0.02,0.0,0.0,576.0,,2022-01-11,中证绿色债券指数
2022-01-12,930951,中证交易所绿色债券指数,交易所绿色债,CSI Exchange Green Bond Index,Exchange Green Bond,,,,126.16,0.06,0.04,0.0,0.0,254.0,,2022-01-12,中证交易所绿色债券指数
2022-01-12,931147,中证交易所高等级绿色债券指数,交易所高等级绿色债,CSI Exchange High Grade Green Bond Index,Exchange High Grade Green Bond,,,,126.07,0.06,0.05,0.0,0.0,239.0,,2022-01-12,中证交易所高等级绿色债券指数
2022-01-12,931145,中证绿色债券指数,中证绿色债,CSI Green Bond Index,CSI Green Bond,,,,123.87,0.05,0.04,0.0,0.0,576.0,,2022-01-12,中证绿色债券指数
2022-01-13,930951,中证交易所绿色债券指数,交易所绿色债,CSI Exchange Green Bond Index,Exchange Green Bond,,,,126.18,0.02,0.02,0.0,0.0,254.0,,2022-01-13,中证交易所绿色债券指数
2022-01-13,931147,中证交易所高等级绿色债券指数,交易所高等级绿色债,CSI Exchange High Grade Green Bond Index,Exchange High Grade Green Bond,,,,126.09,0.02,0.02,0.0,0.0,239.0,,2022-01-13,中证交易所高等级绿色债券指数
2022-01-13,931145,中证绿色债券指数,中证绿色债,CSI Green Bond Index,CSI Green Bond,,,,123.89,0.02,0.01,0.0,0.0,576.0,,2022-01-13,中证绿色债券指数
2022-01-14,930951,中证交易所绿色债券指数,交易所绿色债,CSI Exchange Green Bond Index,Exchange Green Bond,,,,126.2,0.03,0.02,0.0,0.0,254.0,,2022-01-14,中证交易所绿色债券指数
2022-01-14,931147,中证交易所高等级绿色债券指数,交易所高等级绿色债,CSI Exchange High Grade Green Bond Index,Exchange High Grade Green Bond,,,,126.12,0.03,0.02,0.0,0.0,239.0,,2022-01-14,中证交易所高等级绿色债券指数
2022-01-14,931145,中证绿色债券指数,中证绿色债,CSI Green Bond Index,CSI Green Bond,,,,123.91,0.02,0.02,0.0,0.0,576.0,,2022-01-14,中证绿色债券指数
2022-01-17,930951,中证交易所绿色债券指数,交易所绿色债,CSI Exchange Green Bond Index,Exchange Green Bond,,,,126.28,0.08,0.06,0.0,0.0,254.0,,2022-01-17,中证交易所绿色债券指数
2022-01-17,931147,中证交易所高等级绿色债券指数,交易所高等级绿色债,CSI Exchange High Grade Green Bond Index,Exchange High Grade Green Bond,,,,126.19,0.08,0.06,0.0,0.0,239.0,,2022-01-17,中证交易所高等级绿色债券指数
2022-01-17,931145,中证绿色债券指数,中证绿色债,CSI Green Bond Index,CSI Green Bond,,,,123.97,0.06,0.05,0.0,0.0,576.0,,2022-01-17,中证绿色债券指数
2022-01-18,930951,中证交易所绿色债券指数,交易所绿色债,CSI Exchange Green Bond Index,Exchange Green Bond,,,,126.34,0.06,0.05,0.0,0.0,254.0,,2022-01-18,中证交易所绿色债券指数
2022-01-18,931147,中证交易所高等级绿色债券指数,交易所高等级绿色债,CSI Exchange High Grade Green Bond Index,Exchange High Grade Green Bond,,,,126.25,0.06,0.04,0.0,0.0,239.0,,2022-01-18,中证交易所高等级绿色债券指数
2022-01-18,931145,中证绿色债券指数,中证绿色债,CSI Green Bond Index,CSI Green Bond,,,,124.03,0.06,0.05,0.0,0.0,576.0,,2022-01-18,中证绿色债券指数
2022-01-19,930951,中证交易所绿色债券指数,交易所绿色债,CSI Exchange Green Bond Index,Exchange Green Bond,,,,126.42,0.08,0.06,0.0,0.0,254.0,,2022-01-19,中证交易所绿色债券指数
2022-01-19,931147,中证交易所高等级绿色债券指数,交易所高等级绿色债,CSI Exchange High Grade Green Bond Index,Exchange High Grade Green Bond,,,,126.34,0.09,0.07,0.0,0.0,239.0,,2022-01-19,中证交易所高等级绿色债券指数
2022-01-19,931145,中证绿色债券指数,中证绿色债,CSI Green Bond Index,CSI Green Bond,,,,124.12,0.09,0.07,0.0,0.0,576.0,,2022-01-19,中证绿色债券指数
2022-01-20,930951,中证交易所绿色债券指数,交易所绿色债,CSI Exchange Green Bond Index,Exchange Green Bond,,,,126.51,0.09,0.07,0.0,0.0,254.0,,2022-01-20,中证交易所绿色债券指数
2022-01-20,931147,中证交易所高等级绿色债券指数,交易所高等级绿色债,CSI Exchange High Grade Green Bond Index,Exchange High Grade Green Bond,,,,126.43,0.1,0.08,0.0,0.0,239.0,,2022-01-20,中证交易所高等级绿色债券指数
2022-01-20,931145,中证绿色债券指数,中证绿色债,CSI Green Bond Index,CSI Green Bond,,,,124.18,0.06,0.05,0.0,0.0,576.0,,2022-01-20,中证绿色债券指数
2022-01-21,930951,中证交易所绿色债券指数,交易所绿色债,CSI Exchange Green Bond Index,Exchange Green Bond,,,,126.56,0.05,0.04,0.0,0.0,254.0,,2022-01-21,中证交易所绿色债券指数
2022-01-21,931147,中证交易所高等级绿色债券指数,交易所高等级绿色债,CSI Exchange High Grade Green Bond Index,Exchange High Grade Green Bond,,,,126.48,0.05,0.04,0.0,0.0,239.0,,2022-01-21,中证交易所高等级绿色债券指数
2022-01-21,931145,中证绿色债券指数,中证绿色债,CSI Green Bond Index,CSI Green Bond,,,,124.22,0.04,0.03,0.0,0.0,576.0,,2022-01-21,中证绿色债券指数
2022-01-24,930951,中证交易所绿色债券指数,交易所绿色债,CSI Exchange Green Bond Index,Exchange Green Bond,,,,126.63,0.08,0.06,0.0,0.0,254.0,,2022-01-24,中证交易所绿色债券指数
2022-01-24,931147,中证交易所高等级绿色债券指数,交易所高等级绿色债,CSI Exchange High Grade Green Bond Index,Exchange High Grade Green Bond,,,,126.56,0.07,0.06,0.0,0.0,239.0,,2022-01-24,中证交易所高等级绿色债券指数
2022-01-24,931145,中证绿色债券指数,中证绿色债,CSI Green Bond Index,CSI Green Bond,,,,124.29,0.07,0.06,0.0,0.0,576.0,,2022-01-24,中证绿色债券指数
2022-01-25,930951,中证交易所绿色债券指数,交易所绿色债,CSI Exchange Green Bond Index,Exchange Green Bond,,,,126.66,0.03,0.02,0.0,0.0,254.0,,2022-01-25,中证交易所绿色债券指数
2022-01-25,931147,中证交易所高等级绿色债券指数,交易所高等级绿色债,CSI Exchange High Grade Green Bond Index,Exchange High Grade Green Bond,,,,126.58,0.03,0.02,0.0,0.0,239.0,,2022-01-25,中证交易所高等级绿色债券指数
2022-01-25,931145,中证绿色债券指数,中证绿色债,CSI Green Bond Index,CSI Green Bond,,,,124.31,0.02,0.02,0.0,0.0,576.0,,2022-01-25,中证绿色债券指数
2022-01-26,930951,中证交易所绿色债券指数,交易所绿色债,CSI Exchange Green Bond Index,Exchange Green Bond,,,,126.68,0.02,0.02,0.0,0.0,254.0,,2022-01-26,中证交易所绿色债券指数
2022-01-26,931147,中证交易所高等级绿色债券指数,交易所高等级绿色债,CSI Exchange High Grade Green Bond Index,Exchange High Grade Green Bond,,,,126.61,0.02,0.02,0.0,0.0,239.0,,2022-01-26,中证交易所高等级绿色债券指数
2022-01-26,931145,中证绿色债券指数,中证绿色债,CSI Green Bond Index,CSI Green Bond,,,,124.31,0.01,0.0,0.0,0.0,576.0,,2022-01-26,中证绿色债券指数
2022-01-27,930951,中证交易所绿色债券指数,交易所绿色债,CSI Exchange Green Bond Index,Exchange Green Bond,,,,126.7,0.02,0.02,0.0,0.0,254.0,,2022-01-27,中证交易所绿色债券指数
2022-01-27,931147,中证交易所高等级绿色债券指数,交易所高等级绿色债,CSI Exchange High Grade Green Bond Index,Exchange High Grade Green Bond,,,,126.63,0.02,0.02,0.0,0.0,239.0,,2022-01-27,中证交易所高等级绿色债券指数
2022-01-27,931145,中证绿色债券指数,中证绿色债,CSI Green Bond Index,CSI Green Bond,,,,124.32,0.01,0.01,0.0,0.0,576.0,,2022-01-27,中证绿色债券指数
2022-01-28,930951,中证交易所绿色债券指数,交易所绿色债,CSI Exchange Green Bond Index,Exchange Green Bond,,,,126.71,0.01,0.01,0.0,0.0,254.0,,2022-01-28,中证交易所绿色债券指数
2022-01-28,931147,中证交易所高等级绿色债券指数,交易所高等级绿色债,CSI Exchange High Grade Green Bond Index,Exchange High Grade Green Bond,,,,126.64,0.01,0.01,0.0,0.0,239.0,,2022-01-28,中证交易所高等级绿色债券指数
2022-01-28,931145,中证绿色债券指数,中证绿色债,CSI Green Bond Index,CSI Green Bond,,,,124.34,0.02,0.01,0.0,0.0,576.0,,2022-01-28,中证绿色债券指数
2022-02-07,930951,中证交易所绿色债券指数,交易所绿色债,CSI Exchange Green Bond Index,Exchange Green Bond,,,,126.83,0.12,0.1,0.0,0.0,261.0,,2022-02-07,中证交易所绿色债券指数
2022-02-07,931147,中证交易所高等级绿色债券指数,交易所高等级绿色债,CSI Exchange High Grade Green Bond Index,Exchange High Grade Green Bond,,,,126.76,0.12,0.09,0.0,0.0,244.0,,2022-02-07,中证交易所高等级绿色债券指数
2022-02-07,931145,中证绿色债券指数,中证绿色债,CSI Green Bond Index,CSI Green Bond,,,,124.45,0.12,0.09,0.0,0.0,592.0,,2022-02-07,中证绿色债券指数
2022-02-08,930951,中证交易所绿色债券指数,交易所绿色债,CSI Exchange Green Bond Index,Exchange Green Bond,,,,126.85,0.02,0.01,0.0,0.0,261.0,,2022-02-08,中证交易所绿色债券指数
2022-02-08,931147,中证交易所高等级绿色债券指数,交易所高等级绿色债,CSI Exchange High Grade Green Bond Index,Exchange High Grade Green Bond,,,,126.77,0.02,0.01,0.0,0.0,244.0,,2022-02-08,中证交易所高等级绿色债券指数
2022-02-08,931145,中证绿色债券指数,中证绿色债,CSI Green Bond Index,CSI Green Bond,,,,124.46,0.01,0.01,0.0,0.0,592.0,,2022-02-08,中证绿色债券指数
2022-02-09,930951,中证交易所绿色债券指数,交易所绿色债,CSI Exchange Green Bond Index,Exchange Green Bond,,,,126.87,0.02,0.02,0.0,0.0,261.0,,2022-02-09,中证交易所绿色债券指数
2022-02-09,931147,中证交易所高等级绿色债券指数,交易所高等级绿色债,CSI Exchange High Grade Green Bond Index,Exchange High Grade Green Bond,,,,126.79,0.02,0.02,0.0,0.0,244.0,,2022-02-09,中证交易所高等级绿色债券指数
2022-02-09,931145,中证绿色债券指数,中证绿色债,CSI Green Bond Index,CSI Green Bond,,,,124.47,0.01,0.01,0.0,0.0,592.0,,2022-02-09,中证绿色债券指数
2022-02-10,930951,中证交易所绿色债券指数,交易所绿色债,CSI Exchange Green Bond Index,Exchange Green Bond,,,,126.9,0.03,0.02,0.0,0.0,261.0,,2022-02-10,中证交易所绿色债券指数
2022-02-10,931147,中证交易所高等级绿色债券指数,交易所高等级绿色债,CSI Exchange High Grade Green Bond Index,Exchange High Grade Green Bond,,,,126.82,0.03,0.02,0.0,0.0,244.0,,2022-02-10,中证交易所高等级绿色债券指数
2022-02-10,931145,中证绿色债券指数,中证绿色债,CSI Green Bond Index,CSI Green Bond,,,,124.5,0.03,0.02,0.0,0.0,592.0,,2022-02-10,中证绿色债券指数
2022-02-11,930951,中证交易所绿色债券指数,交易所绿色债,CSI Exchange Green Bond Index,Exchange Green Bond,,,,126.82,-0.08,-0.06,0.0,0.0,261.0,,2022-02-11,中证交易所绿色债券指数
2022-02-11,931147,中证交易所高等级绿色债券指数,交易所高等级绿色债,CSI Exchange High Grade Green Bond Index,Exchange High Grade Green Bond,,,,126.74,-0.09,-0.07,0.0,0.0,244.0,,2022-02-11,中证交易所高等级绿色债券指数
2022-02-11,931145,中证绿色债券指数,中证绿色债,CSI Green Bond Index,CSI Green Bond,,,,124.43,-0.07,-0.06,0.0,0.0,592.0,,2022-02-11,中证绿色债券指数
2022-02-14,930951,中证交易所绿色债券指数,交易所绿色债,CSI Exchange Green Bond Index,Exchange Green Bond,,,,126.84,0.02,0.02,0.0,0.0,261.0,,2022-02-14,中证交易所绿色债券指数
2022-02-14,931147,中证交易所高等级绿色债券指数,交易所高等级绿色债,CSI Exchange High Grade Green Bond Index,Exchange High Grade Green Bond,,,,126.76,0.02,0.02,0.0,0.0,244.0,,2022-02-14,中证交易所高等级绿色债券指数
2022-02-14,931145,中证绿色债券指数,中证绿色债,CSI Green Bond Index,CSI Green Bond,,,,124.44,0.01,0.01,0.0,0.0,592.0,,2022-02-14,中证绿色债券指数
2022-02-15,930951,中证交易所绿色债券指数,交易所绿色债,CSI Exchange Green Bond Index,Exchange Green Bond,,,,126.79,-0.05,-0.04,0.0,0.0,261.0,,2022-02-15,中证交易所绿色债券指数
2022-02-15,931147,中证交易所高等级绿色债券指数,交易所高等级绿色债,CSI Exchange High Grade Green Bond Index,Exchange High Grade Green Bond,,,,126.7,-0.06,-0.04,0.0,0.0,244.0,,2022-02-15,中证交易所高等级绿色债券指数
2022-02-15,931145,中证绿色债券指数,中证绿色债,CSI Green Bond Index,CSI Green Bond,,,,124.41,-0.03,-0.03,0.0,0.0,592.0,,2022-02-15,中证绿色债券指数
2022-02-16,930951,中证交易所绿色债券指数,交易所绿色债,CSI Exchange Green Bond Index,Exchange Green Bond,,,,126.77,-0.02,-0.01,0.0,0.0,261.0,,2022-02-16,中证交易所绿色债券指数
2022-02-16,931147,中证交易所高等级绿色债券指数,交易所高等级绿色债,CSI Exchange High Grade Green Bond Index,Exchange High Grade Green Bond,,,,126.68,-0.02,-0.02,0.0,0.0,244.0,,2022-02-16,中证交易所高等级绿色债券指数
2022-02-16,931145,中证绿色债券指数,中证绿色债,CSI Green Bond Index,CSI Green Bond,,,,124.4,-0.01,-0.01,0.0,0.0,592.0,,2022-02-16,中证绿色债券指数
2022-02-17,930951,中证交易所绿色债券指数,交易所绿色债,CSI Exchange Green Bond Index,Exchange Green Bond,,,,126.77,0.0,0.0,0.0,0.0,261.0,,2022-02-17,中证交易所绿色债券指数
2022-02-17,931147,中证交易所高等级绿色债券指数,交易所高等级绿色债,CSI Exchange High Grade Green Bond Index,Exchange High Grade Green Bond,,,,126.67,0.0,0.0,0.0,0.0,244.0,,2022-02-17,中证交易所高等级绿色债券指数
2022-02-17,931145,中证绿色债券指数,中证绿色债,CSI Green Bond Index,CSI Green Bond,,,,124.41,0.01,0.01,0.0,0.0,592.0,,2022-02-17,中证绿色债券指数
2022-02-18,930951,中证交易所绿色债券指数,交易所绿色债,CSI Exchange Green Bond Index,Exchange Green Bond,,,,126.79,0.02,0.01,0.0,0.0,261.0,,2022-02-18,中证交易所绿色债券指数
2022-02-18,931147,中证交易所高等级绿色债券指数,交易所高等级绿色债,CSI Exchange High Grade Green Bond Index,Exchange High Grade Green Bond,,,,126.69,0.02,0.02,0.0,0.0,244.0,,2022-02-18,中证交易所高等级绿色债券指数
2022-02-18,931145,中证绿色债券指数,中证绿色债,CSI Green Bond Index,CSI Green Bond,,,,124.43,0.02,0.01,0.0,0.0,592.0,,2022-02-18,中证绿色债券指数
2022-02-21,930951,中证交易所绿色债券指数,交易所绿色债,CSI Exchange Green Bond Index,Exchange Green Bond,,,,126.81,0.03,0.02,0.0,0.0,261.0,,2022-02-21,中证交易所绿色债券指数
2022-02-21,931147,中证交易所高等级绿色债券指数,交易所高等级绿色债,CSI Exchange High Grade Green Bond Index,Exchange High Grade Green Bond,,,,126.72,0.03,0.02,0.0,0.0,244.0,,2022-02-21,中证交易所高等级绿色债券指数
2022-02-21,931145,中证绿色债券指数,中证绿色债,CSI Green Bond Index,CSI Green Bond,,,,124.43,0.01,0.01,0.0,0.0,592.0,,2022-02-21,中证绿色债券指数
2022-02-22,930951,中证交易所绿色债券指数,交易所绿色债,CSI Exchange Green Bond Index,Exchange Green Bond,,,,126.76,-0.05,-0.04,0.0,0.0,261.0,,2022-02-22,中证交易所绿色债券指数
2022-02-22,931147,中证交易所高等级绿色债券指数,交易所高等级绿色债,CSI Exchange High Grade Green Bond Index,Exchange High Grade Green Bond,,,,126.67,-0.05,-0.04,0.0,0.0,244.0,,2022-02-22,中证交易所高等级绿色债券指数
2022-02-22,931145,中证绿色债券指数,中证绿色债,CSI Green Bond Index,CSI Green Bond,,,,124.38,-0.06,-0.04,0.0,0.0,592.0,,2022-02-22,中证绿色债券指数
2022-02-23,930951,中证交易所绿色债券指数,交易所绿色债,CSI Exchange Green Bond Index,Exchange Green Bond,,,,126.72,-0.05,-0.04,0.0,0.0,261.0,,2022-02-23,中证交易所绿色债券指数
2022-02-23,931147,中证交易所高等级绿色债券指数,交易所高等级绿色债,CSI Exchange High Grade Green Bond Index,Exchange High Grade Green Bond,,,,126.62,-0.05,-0.04,0.0,0.0,244.0,,2022-02-23,中证交易所高等级绿色债券指数
2022-02-23,931145,中证绿色债券指数,中证绿色债,CSI Green Bond Index,CSI Green Bond,,,,124.34,-0.04,-0.03,0.0,0.0,592.0,,2022-02-23,中证绿色债券指数
2022-02-24,930951,中证交易所绿色债券指数,交易所绿色债,CSI Exchange Green Bond Index,Exchange Green Bond,,,,126.71,0.0,0.0,0.0,0.0,261.0,,2022-02-24,中证交易所绿色债券指数
2022-02-24,931147,中证交易所高等级绿色债券指数,交易所高等级绿色债,CSI Exchange High Grade Green Bond Index,Exchange High Grade Green Bond,,,,126.62,0.0,0.0,0.0,0.0,244.0,,2022-02-24,中证交易所高等级绿色债券指数
2022-02-24,931145,中证绿色债券指数,中证绿色债,CSI Green Bond Index,CSI Green Bond,,,,124.35,0.01,0.01,0.0,0.0,592.0,,2022-02-24,中证绿色债券指数
2022-02-25,930951,中证交易所绿色债券指数,交易所绿色债,CSI Exchange Green Bond Index,Exchange Green Bond,,,,126.71,0.0,0.0,0.0,0.0,261.0,,2022-02-25,中证交易所绿色债券指数
2022-02-25,931147,中证交易所高等级绿色债券指数,交易所高等级绿色债,CSI Exchange High Grade Green Bond Index,Exchange High Grade Green Bond,,,,126.61,0.0,0.0,0.0,0.0,244.0,,2022-02-25,中证交易所高等级绿色债券指数
2022-02-25,931145,中证绿色债券指数,中证绿色债,CSI Green Bond Index,CSI Green Bond,,,,124.34,-0.01,0.0,0.0,0.0,592.0,,2022-02-25,中证绿色债券指数
2022-02-28,930951,中证交易所绿色债券指数,交易所绿色债,CSI Exchange Green Bond Index,Exchange Green Bond,,,,126.75,0.03,0.03,0.0,0.0,261.0,,2022-02-28,中证交易所绿色债券指数
2022-02-28,931147,中证交易所高等级绿色债券指数,交易所高等级绿色债,CSI Exchange High Grade Green Bond Index,Exchange High Grade Green Bond,,,,126.65,0.03,0.03,0.0,0.0,244.0,,2022-02-28,中证交易所高等级绿色债券指数
2022-02-28,931145,中证绿色债券指数,中证绿色债,CSI Green Bond Index,CSI Green Bond,,,,124.38,0.04,0.03,0.0,0.0,592.0,,2022-02-28,中证绿色债券指数
2022-03-01,930951,中证交易所绿色债券指数,交易所绿色债,CSI Exchange Green Bond Index,Exchange Green Bond,,,,126.77,0.02,0.02,0.0,0.0,262.0,,2022-03-01,中证交易所绿色债券指数
2022-03-01,931147,中证交易所高等级绿色债券指数,交易所高等级绿色债,CSI Exchange High Grade Green Bond Index,Exchange High Grade Green Bond,,,,126.67,0.02,0.02,0.0,0.0,243.0,,2022-03-01,中证交易所高等级绿色债券指数
2022-03-01,931145,中证绿色债券指数,中证绿色债,CSI Green Bond Index,CSI Green Bond,,,,124.39,0.01,0.01,0.0,0.0,598.0,,2022-03-01,中证绿色债券指数
2022-03-02,930951,中证交易所绿色债券指数,交易所绿色债,CSI Exchange Green Bond Index,Exchange Green Bond,,,,126.74,-0.03,-0.02,0.0,0.0,262.0,,2022-03-02,中证交易所绿色债券指数
2022-03-02,931147,中证交易所高等级绿色债券指数,交易所高等级绿色债,CSI Exchange High Grade Green Bond Index,Exchange High Grade Green Bond,,,,126.64,-0.03,-0.02,0.0,0.0,243.0,,2022-03-02,中证交易所高等级绿色债券指数
2022-03-02,931145,中证绿色债券指数,中证绿色债,CSI Green Bond Index,CSI Green Bond,,,,124.36,-0.03,-0.02,0.0,0.0,598.0,,2022-03-02,中证绿色债券指数
2022-03-03,930951,中证交易所绿色债券指数,交易所绿色债,CSI Exchange Green Bond Index,Exchange Green Bond,,,,126.72,-0.03,-0.02,0.0,0.0,262.0,,2022-03-03,中证交易所绿色债券指数
2022-03-03,931147,中证交易所高等级绿色债券指数,交易所高等级绿色债,CSI Exchange High Grade Green Bond Index,Exchange High Grade Green Bond,,,,126.62,-0.03,-0.02,0.0,0.0,243.0,,2022-03-03,中证交易所高等级绿色债券指数
2022-03-03,931145,中证绿色债券指数,中证绿色债,CSI Green Bond Index,CSI Green Bond,,,,124.31,-0.04,-0.04,0.0,0.0,598.0,,2022-03-03,中证绿色债券指数
2022-03-04,930951,中证交易所绿色债券指数,交易所绿色债,CSI Exchange Green Bond Index,Exchange Green Bond,,,,126.65,-0.06,-0.05,0.0,0.0,262.0,,2022-03-04,中证交易所绿色债券指数
2022-03-04,931147,中证交易所高等级绿色债券指数,交易所高等级绿色债,CSI Exchange High Grade Green Bond Index,Exchange High Grade Green Bond,,,,126.55,-0.07,-0.05,0.0,0.0,243.0,,2022-03-04,中证交易所高等级绿色债券指数
2022-03-04,931145,中证绿色债券指数,中证绿色债,CSI Green Bond Index,CSI Green Bond,,,,124.27,-0.04,-0.04,0.0,0.0,598.0,,2022-03-04,中证绿色债券指数
2022-03-07,930951,中证交易所绿色债券指数,交易所绿色债,CSI Exchange Green Bond Index,Exchange Green Bond,,,,126.65,0.0,0.0,0.0,0.0,262.0,,2022-03-07,中证交易所绿色债券指数
2022-03-07,931147,中证交易所高等级绿色债券指数,交易所高等级绿色债,CSI Exchange High Grade Green Bond Index,Exchange High Grade Green Bond,,,,126.54,-0.01,-0.01,0.0,0.0,243.0,,2022-03-07,中证交易所高等级绿色债券指数
2022-03-07,931145,中证绿色债券指数,中证绿色债,CSI Green Bond Index,CSI Green Bond,,,,124.26,0.0,0.0,0.0,0.0,598.0,,2022-03-07,中证绿色债券指数
2022-03-08,930951,中证交易所绿色债券指数,交易所绿色债,CSI Exchange Green Bond Index,Exchange Green Bond,,,,126.61,-0.04,-0.03,0.0,0.0,262.0,,2022-03-08,中证交易所绿色债券指数
2022-03-08,931147,中证交易所高等级绿色债券指数,交易所高等级绿色债,CSI Exchange High Grade Green Bond Index,Exchange High Grade Green Bond,,,,126.49,-0.05,-0.04,0.0,0.0,243.0,,2022-03-08,中证交易所高等级绿色债券指数
2022-03-08,931145,中证绿色债券指数,中证绿色债,CSI Green Bond Index,CSI Green Bond,,,,124.25,-0.01,-0.01,0.0,0.0,598.0,,2022-03-08,中证绿色债券指数
2022-03-09,930951,中证交易所绿色债券指数,交易所绿色债,CSI Exchange Green Bond Index,Exchange Green Bond,,,,126.56,-0.05,-0.04,0.0,0.0,262.0,,2022-03-09,中证交易所绿色债券指数
2022-03-09,931147,中证交易所高等级绿色债券指数,交易所高等级绿色债,CSI Exchange High Grade Green Bond Index,Exchange High Grade Green Bond,,,,126.44,-0.05,-0.04,0.0,0.0,243.0,,2022-03-09,中证交易所高等级绿色债券指数
2022-03-09,931145,中证绿色债券指数,中证绿色债,CSI Green Bond Index,CSI Green Bond,,,,124.2,-0.05,-0.04,0.0,0.0,598.0,,2022-03-09,中证绿色债券指数
2022-03-10,930951,中证交易所绿色债券指数,交易所绿色债,CSI Exchange Green Bond Index,Exchange Green Bond,,,,126.5,-0.06,-0.05,0.0,0.0,262.0,,2022-03-10,中证交易所绿色债券指数
2022-03-10,931147,中证交易所高等级绿色债券指数,交易所高等级绿色债,CSI Exchange High Grade Green Bond Index,Exchange High Grade Green Bond,,,,126.37,-0.07,-0.05,0.0,0.0,243.0,,2022-03-10,中证交易所高等级绿色债券指数
2022-03-10,931145,中证绿色债券指数,中证绿色债,CSI Green Bond Index,CSI Green Bond,,,,124.16,-0.05,-0.04,0.0,0.0,598.0,,2022-03-10,中证绿色债券指数
2022-03-11,930951,中证交易所绿色债券指数,交易所绿色债,CSI Exchange Green Bond Index,Exchange Green Bond,,,,126.45,-0.05,-0.04,0.0,0.0,262.0,,2022-03-11,中证交易所绿色债券指数
2022-03-11,931147,中证交易所高等级绿色债券指数,交易所高等级绿色债,CSI Exchange High Grade Green Bond Index,Exchange High Grade Green Bond,,,,126.32,-0.05,-0.04,0.0,0.0,243.0,,2022-03-11,中证交易所高等级绿色债券指数
2022-03-11,931145,中证绿色债券指数,中证绿色债,CSI Green Bond Index,CSI Green Bond,,,,124.12,-0.04,-0.03,0.0,0.0,598.0,,2022-03-11,中证绿色债券指数
2022-03-14,930951,中证交易所绿色债券指数,交易所绿色债,CSI Exchange Green Bond Index,Exchange Green Bond,,,,126.56,0.11,0.08,0.0,0.0,262.0,,2022-03-14,中证交易所绿色债券指数
2022-03-14,931147,中证交易所高等级绿色债券指数,交易所高等级绿色债,CSI Exchange High Grade Green Bond Index,Exchange High Grade Green Bond,,,,126.43,0.11,0.09,0.0,0.0,243.0,,2022-03-14,中证交易所高等级绿色债券指数
2022-03-14,931145,中证绿色债券指数,中证绿色债,CSI Green Bond Index,CSI Green Bond,,,,124.24,0.12,0.1,0.0,0.0,598.0,,2022-03-14,中证绿色债券指数
2022-03-15,930951,中证交易所绿色债券指数,交易所绿色债,CSI Exchange Green Bond Index,Exchange Green Bond,,,,126.53,-0.03,-0.02,0.0,0.0,262.0,,2022-03-15,中证交易所绿色债券指数
2022-03-15,931147,中证交易所高等级绿色债券指数,交易所高等级绿色债,CSI Exchange High Grade Green Bond Index,Exchange High Grade Green Bond,,,,126.4,-0.03,-0.02,0.0,0.0,243.0,,2022-03-15,中证交易所高等级绿色债券指数
2022-03-15,931145,中证绿色债券指数,中证绿色债,CSI Green Bond Index,CSI Green Bond,,,,124.21,-0.03,-0.02,0.0,0.0,598.0,,2022-03-15,中证绿色债券指数
2022-03-16,930951,中证交易所绿色债券指数,交易所绿色债,CSI Exchange Green Bond Index,Exchange Green Bond,,,,126.52,-0.01,-0.01,0.0,0.0,262.0,,2022-03-16,中证交易所绿色债券指数
2022-03-16,931147,中证交易所高等级绿色债券指数,交易所高等级绿色债,CSI Exchange High Grade Green Bond Index,Exchange High Grade Green Bond,,,,126.4,0.0,0.0,0.0,0.0,243.0,,2022-03-16,中证交易所高等级绿色债券指数
2022-03-16,931145,中证绿色债券指数,中证绿色债,CSI Green Bond Index,CSI Green Bond,,,,124.2,-0.01,-0.01,0.0,0.0,598.0,,2022-03-16,中证绿色债券指数
2022-03-17,930951,中证交易所绿色债券指数,交易所绿色债,CSI Exchange Green Bond Index,Exchange Green Bond,,,,126.51,-0.02,-0.01,0.0,0.0,262.0,,2022-03-17,中证交易所绿色债券指数
2022-03-17,931147,中证交易所高等级绿色债券指数,交易所高等级绿色债,CSI Exchange High Grade Green Bond Index,Exchange High Grade Green Bond,,,,126.38,-0.02,-0.02,0.0,0.0,243.0,,2022-03-17,中证交易所高等级绿色债券指数
2022-03-17,931145,中证绿色债券指数,中证绿色债,CSI Green Bond Index,CSI Green Bond,,,,124.18,-0.02,-0.02,0.0,0.0,598.0,,2022-03-17,中证绿色债券指数
2022-03-18,930951,中证交易所绿色债券指数,交易所绿色债,CSI Exchange Green Bond Index,Exchange Green Bond,,,,126.51,0.01,0.01,0.0,0.0,262.0,,2022-03-18,中证交易所绿色债券指数
2022-03-18,931147,中证交易所高等级绿色债券指数,交易所高等级绿色债,CSI Exchange High Grade Green Bond Index,Exchange High Grade Green Bond,,,,126.38,0.01,0.01,0.0,0.0,243.0,,2022-03-18,中证交易所高等级绿色债券指数
2022-03-18,931145,中证绿色债券指数,中证绿色债,CSI Green Bond Index,CSI Green Bond,,,,124.19,0.02,0.01,0.0,0.0,598.0,,2022-03-18,中证绿色债券指数
2022-03-21,930951,中证交易所绿色债券指数,交易所绿色债,CSI Exchange Green Bond Index,Exchange Green Bond,,,,126.57,0.06,0.04,0.0,0.0,262.0,,2022-03-21,中证交易所绿色债券指数
2022-03-21,931147,中证交易所高等级绿色债券指数,交易所高等级绿色债,CSI Exchange High Grade Green Bond Index,Exchange High Grade Green Bond,,,,126.44,0.06,0.05,0.0,0.0,243.0,,2022-03-21,中证交易所高等级绿色债券指数
2022-03-21,931145,中证绿色债券指数,中证绿色债,CSI Green Bond Index,CSI Green Bond,,,,124.23,0.04,0.03,0.0,0.0,598.0,,2022-03-21,中证绿色债券指数
2022-03-22,930951,中证交易所绿色债券指数,交易所绿色债,CSI Exchange Green Bond Index,Exchange Green Bond,,,,126.57,0.0,0.0,0.0,0.0,262.0,,2022-03-22,中证交易所绿色债券指数
2022-03-22,931147,中证交易所高等级绿色债券指数,交易所高等级绿色债,CSI Exchange High Grade Green Bond Index,Exchange High Grade Green Bond,,,,126.44,0.0,0.0,0.0,0.0,243.0,,2022-03-22,中证交易所高等级绿色债券指数
2022-03-22,931145,中证绿色债券指数,中证绿色债,CSI Green Bond Index,CSI Green Bond,,,,124.22,-0.01,-0.01,0.0,0.0,598.0,,2022-03-22,中证绿色债券指数
2022-03-23,930951,中证交易所绿色债券指数,交易所绿色债,CSI Exchange Green Bond Index,Exchange Green Bond,,,,126.56,-0.01,-0.01,0.0,0.0,262.0,,2022-03-23,中证交易所绿色债券指数
2022-03-23,931147,中证交易所高等级绿色债券指数,交易所高等级绿色债,CSI Exchange High Grade Green Bond Index,Exchange High Grade Green Bond,,,,126.43,-0.01,-0.01,0.0,0.0,243.0,,2022-03-23,中证交易所高等级绿色债券指数
2022-03-23,931145,中证绿色债券指数,中证绿色债,CSI Green Bond Index,CSI Green Bond,,,,124.22,0.0,0.0,0.0,0.0,598.0,,2022-03-23,中证绿色债券指数
2022-03-24,930951,中证交易所绿色债券指数,交易所绿色债,CSI Exchange Green Bond Index,Exchange Green Bond,,,,126.57,0.01,0.01,0.0,0.0,262.0,,2022-03-24,中证交易所绿色债券指数
2022-03-24,931147,中证交易所高等级绿色债券指数,交易所高等级绿色债,CSI Exchange High Grade Green Bond Index,Exchange High Grade Green Bond,,,,126.44,0.01,0.01,0.0,0.0,243.0,,2022-03-24,中证交易所高等级绿色债券指数
2022-03-24,931145,中证绿色债券指数,中证绿色债,CSI Green Bond Index,CSI Green Bond,,,,124.22,0.01,0.0,0.0,0.0,598.0,,2022-03-24,中证绿色债券指数
2022-03-25,930951,中证交易所绿色债券指数,交易所绿色债,CSI Exchange Green Bond Index,Exchange Green Bond,,,,126.61,0.04,0.03,0.0,0.0,262.0,,2022-03-25,中证交易所绿色债券指数
2022-03-25,931147,中证交易所高等级绿色债券指数,交易所高等级绿色债,CSI Exchange High Grade Green Bond Index,Exchange High Grade Green Bond,,,,126.48,0.04,0.03,0.0,0.0,243.0,,2022-03-25,中证交易所高等级绿色债券指数
2022-03-25,931145,中证绿色债券指数,中证绿色债,CSI Green Bond Index,CSI Green Bond,,,,124.26,0.03,0.03,0.0,0.0,598.0,,2022-03-25,中证绿色债券指数
2022-03-28,930951,中证交易所绿色债券指数,交易所绿色债,CSI Exchange Green Bond Index,Exchange Green Bond,,,,126.66,0.06,0.04,0.0,0.0,262.0,,2022-03-28,中证交易所绿色债券指数
2022-03-28,931147,中证交易所高等级绿色债券指数,交易所高等级绿色债,CSI Exchange High Grade Green Bond Index,Exchange High Grade Green Bond,,,,126.54,0.06,0.05,0.0,0.0,243.0,,2022-03-28,中证交易所高等级绿色债券指数
2022-03-28,931145,中证绿色债券指数,中证绿色债,CSI Green Bond Index,CSI Green Bond,,,,124.31,0.05,0.04,0.0,0.0,598.0,,2022-03-28,中证绿色债券指数
2022-03-29,930951,中证交易所绿色债券指数,交易所绿色债,CSI Exchange Green Bond Index,Exchange Green Bond,,,,126.68,0.02,0.01,0.0,0.0,262.0,,2022-03-29,中证交易所绿色债券指数
2022-03-29,931147,中证交易所高等级绿色债券指数,交易所高等级绿色债,CSI Exchange High Grade Green Bond Index,Exchange High Grade Green Bond,,,,126.56,0.02,0.01,0.0,0.0,243.0,,2022-03-29,中证交易所高等级绿色债券指数
2022-03-29,931145,中证绿色债券指数,中证绿色债,CSI Green Bond Index,CSI Green Bond,,,,124.32,0.01,0.01,0.0,0.0,598.0,,2022-03-29,中证绿色债券指数
2022-03-30,930951,中证交易所绿色债券指数,交易所绿色债,CSI Exchange Green Bond Index,Exchange Green Bond,,,,126.72,0.04,0.03,0.0,0.0,262.0,,2022-03-30,中证交易所绿色债券指数
2022-03-30,931147,中证交易所高等级绿色债券指数,交易所高等级绿色债,CSI Exchange High Grade Green Bond Index,Exchange High Grade Green Bond,,,,126.6,0.04,0.03,0.0,0.0,243.0,,2022-03-30,中证交易所高等级绿色债券指数
2022-03-30,931145,中证绿色债券指数,中证绿色债,CSI Green Bond Index,CSI Green Bond,,,,124.36,0.04,0.03,0.0,0.0,598.0,,2022-03-30,中证绿色债券指数
2022-03-31,930951,中证交易所绿色债券指数,交易所绿色债,CSI Exchange Green Bond Index,Exchange Green Bond,,,,126.75,0.04,0.03,0.0,0.0,262.0,,2022-03-31,中证交易所绿色债券指数
2022-03-31,931147,中证交易所高等级绿色债券指数,交易所高等级绿色债,CSI Exchange High Grade Green Bond Index,Exchange High Grade Green Bond,,,,126.63,0.04,0.03,0.0,0.0,243.0,,2022-03-31,中证交易所高等级绿色债券指数
2022-03-31,931145,中证绿色债券指数,中证绿色债,CSI Green Bond Index,CSI Green Bond,,,,124.39,0.04,0.03,0.0,0.0,598.0,,2022-03-31,中证绿色债券指数
2022-04-01,930951,中证交易所绿色债券指数,交易所绿色债,CSI Exchange Green Bond Index,Exchange Green Bond,,,,126.86,0.1,0.08,0.0,0.0,281.0,,2022-04-01,中证交易所绿色债券指数
2022-04-01,931147,中证交易所高等级绿色债券指数,交易所高等级绿色债,CSI Exchange High Grade Green Bond Index,Exchange High Grade Green Bond,,,,126.74,0.11,0.09,0.0,0.0,263.0,,2022-04-01,中证交易所高等级绿色债券指数
2022-04-01,931145,中证绿色债券指数,中证绿色债,CSI Green Bond Index,CSI Green Bond,,,,124.48,0.09,0.07,0.0,0.0,634.0,,2022-04-01,中证绿色债券指数
2022-04-06,930951,中证交易所绿色债券指数,交易所绿色债,CSI Exchange Green Bond Index,Exchange Green Bond,,,,126.96,0.11,0.08,0.0,0.0,281.0,,2022-04-06,中证交易所绿色债券指数
2022-04-06,931147,中证交易所高等级绿色债券指数,交易所高等级绿色债,CSI Exchange High Grade Green Bond Index,Exchange High Grade Green Bond,,,,126.85,0.11,0.09,0.0,0.0,263.0,,2022-04-06,中证交易所高等级绿色债券指数
2022-04-06,931145,中证绿色债券指数,中证绿色债,CSI Green Bond Index,CSI Green Bond,,,,124.59,0.11,0.09,0.0,0.0,634.0,,2022-04-06,中证绿色债券指数
2022-04-07,930951,中证交易所绿色债券指数,交易所绿色债,CSI Exchange Green Bond Index,Exchange Green Bond,,,,127.06,0.09,0.07,0.0,0.0,281.0,,2022-04-07,中证交易所绿色债券指数
2022-04-07,931147,中证交易所高等级绿色债券指数,交易所高等级绿色债,CSI Exchange High Grade Green Bond Index,Exchange High Grade Green Bond,,,,126.95,0.1,0.08,0.0,0.0,263.0,,2022-04-07,中证交易所高等级绿色债券指数
2022-04-07,931145,中证绿色债券指数,中证绿色债,CSI Green Bond Index,CSI Green Bond,,,,124.67,0.08,0.06,0.0,0.0,634.0,,2022-04-07,中证绿色债券指数
2022-04-08,930951,中证交易所绿色债券指数,交易所绿色债,CSI Exchange Green Bond Index,Exchange Green Bond,,,,127.11,0.06,0.05,0.0,0.0,281.0,,2022-04-08,中证交易所绿色债券指数
2022-04-08,931147,中证交易所高等级绿色债券指数,交易所高等级绿色债,CSI Exchange High Grade Green Bond Index,Exchange High Grade Green Bond,,,,127.01,0.06,0.05,0.0,0.0,263.0,,2022-04-08,中证交易所高等级绿色债券指数
2022-04-08,931145,中证绿色债券指数,中证绿色债,CSI Green Bond Index,CSI Green Bond,,,,124.72,0.05,0.04,0.0,0.0,634.0,,2022-04-08,中证绿色债券指数
2022-04-11,930951,中证交易所绿色债券指数,交易所绿色债,CSI Exchange Green Bond Index,Exchange Green Bond,,,,127.2,0.09,0.07,0.0,0.0,281.0,,2022-04-11,中证交易所绿色债券指数
2022-04-11,931147,中证交易所高等级绿色债券指数,交易所高等级绿色债,CSI Exchange High Grade Green Bond Index,Exchange High Grade Green Bond,,,,127.11,0.09,0.07,0.0,0.0,263.0,,2022-04-11,中证交易所高等级绿色债券指数
2022-04-11,931145,中证绿色债券指数,中证绿色债,CSI Green Bond Index,CSI Green Bond,,,,124.77,0.06,0.04,0.0,0.0,634.0,,2022-04-11,中证绿色债券指数
2022-04-12,930951,中证交易所绿色债券指数,交易所绿色债,CSI Exchange Green Bond Index,Exchange Green Bond,,,,127.23,0.03,0.02,0.0,0.0,281.0,,2022-04-12,中证交易所绿色债券指数
2022-04-12,931147,中证交易所高等级绿色债券指数,交易所高等级绿色债,CSI Exchange High Grade Green Bond Index,Exchange High Grade Green Bond,,,,127.13,0.03,0.02,0.0,0.0,263.0,,2022-04-12,中证交易所高等级绿色债券指数
2022-04-12,931145,中证绿色债券指数,中证绿色债,CSI Green Bond Index,CSI Green Bond,,,,124.78,0.01,0.01,0.0,0.0,634.0,,2022-04-12,中证绿色债券指数
2022-04-13,930951,中证交易所绿色债券指数,交易所绿色债,CSI Exchange Green Bond Index,Exchange Green Bond,,,,127.23,0.01,0.01,0.0,0.0,281.0,,2022-04-13,中证交易所绿色债券指数
2022-04-13,931147,中证交易所高等级绿色债券指数,交易所高等级绿色债,CSI Exchange High Grade Green Bond Index,Exchange High Grade Green Bond,,,,127.14,0.01,0.0,0.0,0.0,263.0,,2022-04-13,中证交易所高等级绿色债券指数
2022-04-13,931145,中证绿色债券指数,中证绿色债,CSI Green Bond Index,CSI Green Bond,,,,124.8,0.02,0.02,0.0,0.0,634.0,,2022-04-13,中证绿色债券指数
2022-04-14,930951,中证交易所绿色债券指数,交易所绿色债,CSI Exchange Green Bond Index,Exchange Green Bond,,,,127.31,0.07,0.06,0.0,0.0,281.0,,2022-04-14,中证交易所绿色债券指数
2022-04-14,931147,中证交易所高等级绿色债券指数,交易所高等级绿色债,CSI Exchange High Grade Green Bond Index,Exchange High Grade Green Bond,,,,127.21,0.07,0.06,0.0,0.0,263.0,,2022-04-14,中证交易所高等级绿色债券指数
2022-04-14,931145,中证绿色债券指数,中证绿色债,CSI Green Bond Index,CSI Green Bond,,,,124.86,0.06,0.05,0.0,0.0,634.0,,2022-04-14,中证绿色债券指数
2022-04-15,930951,中证交易所绿色债券指数,交易所绿色债,CSI Exchange Green Bond Index,Exchange Green Bond,,,,127.35,0.05,0.04,0.0,0.0,281.0,,2022-04-15,中证交易所绿色债券指数
2022-04-15,931147,中证交易所高等级绿色债券指数,交易所高等级绿色债,CSI Exchange High Grade Green Bond Index,Exchange High Grade Green Bond,,,,127.26,0.05,0.04,0.0,0.0,263.0,,2022-04-15,中证交易所高等级绿色债券指数
2022-04-15,931145,中证绿色债券指数,中证绿色债,CSI Green Bond Index,CSI Green Bond,,,,124.91,0.05,0.04,0.0,0.0,634.0,,2022-04-15,中证绿色债券指数
2022-04-18,930951,中证交易所绿色债券指数,交易所绿色债,CSI Exchange Green Bond Index,Exchange Green Bond,,,,127.38,0.03,0.02,0.0,0.0,281.0,,2022-04-18,中证交易所绿色债券指数
2022-04-18,931147,中证交易所高等级绿色债券指数,交易所高等级绿色债,CSI Exchange High Grade Green Bond Index,Exchange High Grade Green Bond,,,,127.29,0.03,0.02,0.0,0.0,263.0,,2022-04-18,中证交易所高等级绿色债券指数
2022-04-18,931145,中证绿色债券指数,中证绿色债,CSI Green Bond Index,CSI Green Bond,,,,124.92,0.01,0.01,0.0,0.0,634.0,,2022-04-18,中证绿色债券指数
2022-04-19,930951,中证交易所绿色债券指数,交易所绿色债,CSI Exchange Green Bond Index,Exchange Green Bond,,,,127.37,-0.02,-0.01,0.0,0.0,281.0,,2022-04-19,中证交易所绿色债券指数
2022-04-19,931147,中证交易所高等级绿色债券指数,交易所高等级绿色债,CSI Exchange High Grade Green Bond Index,Exchange High Grade Green Bond,,,,127.27,-0.02,-0.01,0.0,0.0,263.0,,2022-04-19,中证交易所高等级绿色债券指数
2022-04-19,931145,中证绿色债券指数,中证绿色债,CSI Green Bond Index,CSI Green Bond,,,,124.9,-0.01,-0.01,0.0,0.0,634.0,,2022-04-19,中证绿色债券指数
2022-04-20,930951,中证交易所绿色债券指数,交易所绿色债,CSI Exchange Green Bond Index,Exchange Green Bond,,,,127.37,0.01,0.0,0.0,0.0,281.0,,2022-04-20,中证交易所绿色债券指数
2022-04-20,931147,中证交易所高等级绿色债券指数,交易所高等级绿色债,CSI Exchange High Grade Green Bond Index,Exchange High Grade Green Bond,,,,127.27,0.0,0.0,0.0,0.0,263.0,,2022-04-20,中证交易所高等级绿色债券指数
2022-04-20,931145,中证绿色债券指数,中证绿色债,CSI Green Bond Index,CSI Green Bond,,,,124.91,0.01,0.0,0.0,0.0,634.0,,2022-04-20,中证绿色债券指数
2022-04-21,930951,中证交易所绿色债券指数,交易所绿色债,CSI Exchange Green Bond Index,Exchange Green Bond,,,,127.38,0.0,0.0,0.0,0.0,281.0,,2022-04-21,中证交易所绿色债券指数
2022-04-21,931147,中证交易所高等级绿色债券指数,交易所高等级绿色债,CSI Exchange High Grade Green Bond Index,Exchange High Grade Green Bond,,,,127.28,0.01,0.01,0.0,0.0,263.0,,2022-04-21,中证交易所高等级绿色债券指数
2022-04-21,931145,中证绿色债券指数,中证绿色债,CSI Green Bond Index,CSI Green Bond,,,,124.91,0.01,0.0,0.0,0.0,634.0,,2022-04-21,中证绿色债券指数
2022-04-22,930951,中证交易所绿色债券指数,交易所绿色债,CSI Exchange Green Bond Index,Exchange Green Bond,,,,127.4,0.02,0.02,0.0,0.0,281.0,,2022-04-22,中证交易所绿色债券指数
2022-04-22,931147,中证交易所高等级绿色债券指数,交易所高等级绿色债,CSI Exchange High Grade Green Bond Index,Exchange High Grade Green Bond,,,,127.3,0.02,0.02,0.0,0.0,263.0,,2022-04-22,中证交易所高等级绿色债券指数
2022-04-22,931145,中证绿色债券指数,中证绿色债,CSI Green Bond Index,CSI Green Bond,,,,124.94,0.03,0.02,0.0,0.0,634.0,,2022-04-22,中证绿色债券指数
2022-04-25,930951,中证交易所绿色债券指数,交易所绿色债,CSI Exchange Green Bond Index,Exchange Green Bond,,,,127.45,0.06,0.04,0.0,0.0,281.0,,2022-04-25,中证交易所绿色债券指数
2022-04-25,931147,中证交易所高等级绿色债券指数,交易所高等级绿色债,CSI Exchange High Grade Green Bond Index,Exchange High Grade Green Bond,,,,127.36,0.06,0.04,0.0,0.0,263.0,,2022-04-25,中证交易所高等级绿色债券指数
2022-04-25,931145,中证绿色债券指数,中证绿色债,CSI Green Bond Index,CSI Green Bond,,,,125.0,0.05,0.04,0.0,0.0,634.0,,2022-04-25,中证绿色债券指数
2022-04-26,930951,中证交易所绿色债券指数,交易所绿色债,CSI Exchange Green Bond Index,Exchange Green Bond,,,,127.49,0.03,0.03,0.0,0.0,281.0,,2022-04-26,中证交易所绿色债券指数
2022-04-26,931147,中证交易所高等级绿色债券指数,交易所高等级绿色债,CSI Exchange High Grade Green Bond Index,Exchange High Grade Green Bond,,,,127.4,0.04,0.03,0.0,0.0,263.0,,2022-04-26,中证交易所高等级绿色债券指数
2022-04-26,931145,中证绿色债券指数,中证绿色债,CSI Green Bond Index,CSI Green Bond,,,,125.03,0.04,0.03,0.0,0.0,634.0,,2022-04-26,中证绿色债券指数
2022-04-27,930951,中证交易所绿色债券指数,交易所绿色债,CSI Exchange Green Bond Index,Exchange Green Bond,,,,127.5,0.02,0.01,0.0,0.0,281.0,,2022-04-27,中证交易所绿色债券指数
2022-04-27,931147,中证交易所高等级绿色债券指数,交易所高等级绿色债,CSI Exchange High Grade Green Bond Index,Exchange High Grade Green Bond,,,,127.41,0.02,0.01,0.0,0.0,263.0,,2022-04-27,中证交易所高等级绿色债券指数
2022-04-27,931145,中证绿色债券指数,中证绿色债,CSI Green Bond Index,CSI Green Bond,,,,125.04,0.01,0.01,0.0,0.0,634.0,,2022-04-27,中证绿色债券指数
2022-04-28,930951,中证交易所绿色债券指数,交易所绿色债,CSI Exchange Green Bond Index,Exchange Green Bond,,,,127.52,0.02,0.01,0.0,0.0,281.0,,2022-04-28,中证交易所绿色债券指数
2022-04-28,931147,中证交易所高等级绿色债券指数,交易所高等级绿色债,CSI Exchange High Grade Green Bond Index,Exchange High Grade Green Bond,,,,127.43,0.02,0.02,0.0,0.0,263.0,,2022-04-28,中证交易所高等级绿色债券指数
2022-04-28,931145,中证绿色债券指数,中证绿色债,CSI Green Bond Index,CSI Green Bond,,,,125.05,0.01,0.01,0.0,0.0,634.0,,2022-04-28,中证绿色债券指数
2022-04-29,930951,中证交易所绿色债券指数,交易所绿色债,CSI Exchange Green Bond Index,Exchange Green Bond,,,,127.54,0.02,0.02,0.0,0.0,281.0,,2022-04-29,中证交易所绿色债券指数
2022-04-29,931147,中证交易所高等级绿色债券指数,交易所高等级绿色债,CSI Exchange High Grade Green Bond Index,Exchange High Grade Green Bond,,,,127.45,0.02,0.02,0.0,0.0,263.0,,2022-04-29,中证交易所高等级绿色债券指数
2022-04-29,931145,中证绿色债券指数,中证绿色债,CSI Green Bond Index,CSI Green Bond,,,,125.06,0.01,0.01,0.0,0.0,634.0,,2022-04-29,中证绿色债券指数
2022-05-05,930951,中证交易所绿色债券指数,交易所绿色债,CSI Exchange Green Bond Index,Exchange Green Bond,,,,127.62,0.09,0.07,0.0,0.0,291.0,,2022-05-05,中证交易所绿色债券指数
2022-05-05,931147,中证交易所高等级绿色债券指数,交易所高等级绿色债,CSI Exchange High Grade Green Bond Index,Exchange High Grade Green Bond,,,,127.54,0.09,0.07,0.0,0.0,272.0,,2022-05-05,中证交易所高等级绿色债券指数
2022-05-05,931145,中证绿色债券指数,中证绿色债,CSI Green Bond Index,CSI Green Bond,,,,125.14,0.08,0.06,0.0,0.0,669.0,,2022-05-05,中证绿色债券指数
2022-05-06,930951,中证交易所绿色债券指数,交易所绿色债,CSI Exchange Green Bond Index,Exchange Green Bond,,,,127.63,0.01,0.01,0.0,0.0,291.0,,2022-05-06,中证交易所绿色债券指数
2022-05-06,931147,中证交易所高等级绿色债券指数,交易所高等级绿色债,CSI Exchange High Grade Green Bond Index,Exchange High Grade Green Bond,,,,127.55,0.01,0.01,0.0,0.0,272.0,,2022-05-06,中证交易所高等级绿色债券指数
2022-05-06,931145,中证绿色债券指数,中证绿色债,CSI Green Bond Index,CSI Green Bond,,,,125.15,0.01,0.01,0.0,0.0,669.0,,2022-05-06,中证绿色债券指数
2022-05-09,930951,中证交易所绿色债券指数,交易所绿色债,CSI Exchange Green Bond Index,Exchange Green Bond,,,,127.69,0.06,0.05,0.0,0.0,291.0,,2022-05-09,中证交易所绿色债券指数
2022-05-09,931147,中证交易所高等级绿色债券指数,交易所高等级绿色债,CSI Exchange High Grade Green Bond Index,Exchange High Grade Green Bond,,,,127.61,0.06,0.05,0.0,0.0,272.0,,2022-05-09,中证交易所高等级绿色债券指数
2022-05-09,931145,中证绿色债券指数,中证绿色债,CSI Green Bond Index,CSI Green Bond,,,,125.21,0.06,0.05,0.0,0.0,669.0,,2022-05-09,中证绿色债券指数
2022-05-10,930951,中证交易所绿色债券指数,交易所绿色债,CSI Exchange Green Bond Index,Exchange Green Bond,,,,127.75,0.06,0.05,0.0,0.0,291.0,,2022-05-10,中证交易所绿色债券指数
2022-05-10,931147,中证交易所高等级绿色债券指数,交易所高等级绿色债,CSI Exchange High Grade Green Bond Index,Exchange High Grade Green Bond,,,,127.67,0.06,0.05,0.0,0.0,272.0,,2022-05-10,中证交易所高等级绿色债券指数
2022-05-10,931145,中证绿色债券指数,中证绿色债,CSI Green Bond Index,CSI Green Bond,,,,125.27,0.06,0.05,0.0,0.0,669.0,,2022-05-10,中证绿色债券指数
2022-05-11,930951,中证交易所绿色债券指数,交易所绿色债,CSI Exchange Green Bond Index,Exchange Green Bond,,,,127.78,0.03,0.03,0.0,0.0,291.0,,2022-05-11,中证交易所绿色债券指数
2022-05-11,931147,中证交易所高等级绿色债券指数,交易所高等级绿色债,CSI Exchange High Grade Green Bond Index,Exchange High Grade Green Bond,,,,127.71,0.04,0.03,0.0,0.0,272.0,,2022-05-11,中证交易所高等级绿色债券指数
2022-05-11,931145,中证绿色债券指数,中证绿色债,CSI Green Bond Index,CSI Green Bond,,,,125.3,0.03,0.03,0.0,0.0,669.0,,2022-05-11,中证绿色债券指数
2022-05-12,930951,中证交易所绿色债券指数,交易所绿色债,CSI Exchange Green Bond Index,Exchange Green Bond,,,,127.85,0.06,0.05,0.0,0.0,291.0,,2022-05-12,中证交易所绿色债券指数
2022-05-12,931147,中证交易所高等级绿色债券指数,交易所高等级绿色债,CSI Exchange High Grade Green Bond Index,Exchange High Grade Green Bond,,,,127.77,0.07,0.05,0.0,0.0,272.0,,2022-05-12,中证交易所高等级绿色债券指数
2022-05-12,931145,中证绿色债券指数,中证绿色债,CSI Green Bond Index,CSI Green Bond,,,,125.36,0.06,0.05,0.0,0.0,669.0,,2022-05-12,中证绿色债券指数
2022-05-13,930951,中证交易所绿色债券指数,交易所绿色债,CSI Exchange Green Bond Index,Exchange Green Bond,,,,127.92,0.07,0.05,0.0,0.0,291.0,,2022-05-13,中证交易所绿色债券指数
2022-05-13,931147,中证交易所高等级绿色债券指数,交易所高等级绿色债,CSI Exchange High Grade Green Bond Index,Exchange High Grade Green Bond,,,,127.85,0.07,0.06,0.0,0.0,272.0,,2022-05-13,中证交易所高等级绿色债券指数
2022-05-13,931145,中证绿色债券指数,中证绿色债,CSI Green Bond Index,CSI Green Bond,,,,125.41,0.06,0.04,0.0,0.0,669.0,,2022-05-13,中证绿色债券指数
2022-05-16,930951,中证交易所绿色债券指数,交易所绿色债,CSI Exchange Green Bond Index,Exchange Green Bond,,,,127.99,0.07,0.06,0.0,0.0,291.0,,2022-05-16,中证交易所绿色债券指数
2022-05-16,931147,中证交易所高等级绿色债券指数,交易所高等级绿色债,CSI Exchange High Grade Green Bond Index,Exchange High Grade Green Bond,,,,127.92,0.07,0.06,0.0,0.0,272.0,,2022-05-16,中证交易所高等级绿色债券指数
2022-05-16,931145,中证绿色债券指数,中证绿色债,CSI Green Bond Index,CSI Green Bond,,,,125.47,0.06,0.05,0.0,0.0,669.0,,2022-05-16,中证绿色债券指数
2022-05-17,930951,中证交易所绿色债券指数,交易所绿色债,CSI Exchange Green Bond Index,Exchange Green Bond,,,,128.04,0.05,0.04,0.0,0.0,291.0,,2022-05-17,中证交易所绿色债券指数
2022-05-17,931147,中证交易所高等级绿色债券指数,交易所高等级绿色债,CSI Exchange High Grade Green Bond Index,Exchange High Grade Green Bond,,,,127.97,0.05,0.04,0.0,0.0,272.0,,2022-05-17,中证交易所高等级绿色债券指数
2022-05-17,931145,中证绿色债券指数,中证绿色债,CSI Green Bond Index,CSI Green Bond,,,,125.51,0.04,0.03,0.0,0.0,669.0,,2022-05-17,中证绿色债券指数
2022-05-18,930951,中证交易所绿色债券指数,交易所绿色债,CSI Exchange Green Bond Index,Exchange Green Bond,,,,128.12,0.08,0.06,0.0,0.0,291.0,,2022-05-18,中证交易所绿色债券指数
2022-05-18,931147,中证交易所高等级绿色债券指数,交易所高等级绿色债,CSI Exchange High Grade Green Bond Index,Exchange High Grade Green Bond,,,,128.06,0.08,0.07,0.0,0.0,272.0,,2022-05-18,中证交易所高等级绿色债券指数
2022-05-18,931145,中证绿色债券指数,中证绿色债,CSI Green Bond Index,CSI Green Bond,,,,125.58,0.07,0.05,0.0,0.0,669.0,,2022-05-18,中证绿色债券指数
2022-05-19,930951,中证交易所绿色债券指数,交易所绿色债,CSI Exchange Green Bond Index,Exchange Green Bond,,,,128.18,0.06,0.05,0.0,0.0,291.0,,2022-05-19,中证交易所绿色债券指数
2022-05-19,931147,中证交易所高等级绿色债券指数,交易所高等级绿色债,CSI Exchange High Grade Green Bond Index,Exchange High Grade Green Bond,,,,128.12,0.07,0.05,0.0,0.0,272.0,,2022-05-19,中证交易所高等级绿色债券指数
2022-05-19,931145,中证绿色债券指数,中证绿色债,CSI Green Bond Index,CSI Green Bond,,,,125.63,0.05,0.04,0.0,0.0,669.0,,2022-05-19,中证绿色债券指数
2022-05-20,930951,中证交易所绿色债券指数,交易所绿色债,CSI Exchange Green Bond Index,Exchange Green Bond,,,,128.21,0.04,0.03,0.0,0.0,291.0,,2022-05-20,中证交易所绿色债券指数
2022-05-20,931147,中证交易所高等级绿色债券指数,交易所高等级绿色债,CSI Exchange High Grade Green Bond Index,Exchange High Grade Green Bond,,,,128.16,0.04,0.03,0.0,0.0,272.0,,2022-05-20,中证交易所高等级绿色债券指数
2022-05-20,931145,中证绿色债券指数,中证绿色债,CSI Green Bond Index,CSI Green Bond,,,,125.65,0.02,0.02,0.0,0.0,669.0,,2022-05-20,中证绿色债券指数
2022-05-23,930951,中证交易所绿色债券指数,交易所绿色债,CSI Exchange Green Bond Index,Exchange Green Bond,,,,128.28,0.07,0.05,0.0,0.0,291.0,,2022-05-23,中证交易所绿色债券指数
2022-05-23,931147,中证交易所高等级绿色债券指数,交易所高等级绿色债,CSI Exchange High Grade Green Bond Index,Exchange High Grade Green Bond,,,,128.23,0.07,0.05,0.0,0.0,272.0,,2022-05-23,中证交易所高等级绿色债券指数
2022-05-23,931145,中证绿色债券指数,中证绿色债,CSI Green Bond Index,CSI Green Bond,,,,125.7,0.05,0.04,0.0,0.0,669.0,,2022-05-23,中证绿色债券指数
2022-05-24,930951,中证交易所绿色债券指数,交易所绿色债,CSI Exchange Green Bond Index,Exchange Green Bond,,,,128.31,0.03,0.03,0.0,0.0,291.0,,2022-05-24,中证交易所绿色债券指数
2022-05-24,931147,中证交易所高等级绿色债券指数,交易所高等级绿色债,CSI Exchange High Grade Green Bond Index,Exchange High Grade Green Bond,,,,128.27,0.04,0.03,0.0,0.0,272.0,,2022-05-24,中证交易所高等级绿色债券指数
2022-05-24,931145,中证绿色债券指数,中证绿色债,CSI Green Bond Index,CSI Green Bond,,,,125.73,0.03,0.02,0.0,0.0,669.0,,2022-05-24,中证绿色债券指数
2022-05-25,930951,中证交易所绿色债券指数,交易所绿色债,CSI Exchange Green Bond Index,Exchange Green Bond,,,,128.32,0.01,0.01,0.0,0.0,291.0,,2022-05-25,中证交易所绿色债券指数
2022-05-25,931147,中证交易所高等级绿色债券指数,交易所高等级绿色债,CSI Exchange High Grade Green Bond Index,Exchange High Grade Green Bond,,,,128.28,0.01,0.01,0.0,0.0,272.0,,2022-05-25,中证交易所高等级绿色债券指数
2022-05-25,931145,中证绿色债券指数,中证绿色债,CSI Green Bond Index,CSI Green Bond,,,,125.73,0.01,0.0,0.0,0.0,669.0,,2022-05-25,中证绿色债券指数
2022-05-26,930951,中证交易所绿色债券指数,交易所绿色债,CSI Exchange Green Bond Index,Exchange Green Bond,,,,128.39,0.07,0.05,0.0,0.0,291.0,,2022-05-26,中证交易所绿色债券指数
2022-05-26,931147,中证交易所高等级绿色债券指数,交易所高等级绿色债,CSI Exchange High Grade Green Bond Index,Exchange High Grade Green Bond,,,,128.35,0.07,0.06,0.0,0.0,272.0,,2022-05-26,中证交易所高等级绿色债券指数
2022-05-26,931145,中证绿色债券指数,中证绿色债,CSI Green Bond Index,CSI Green Bond,,,,125.8,0.07,0.05,0.0,0.0,669.0,,2022-05-26,中证绿色债券指数
2022-05-27,930951,中证交易所绿色债券指数,交易所绿色债,CSI Exchange Green Bond Index,Exchange Green Bond,,,,128.4,0.01,0.01,0.0,0.0,291.0,,2022-05-27,中证交易所绿色债券指数
2022-05-27,931147,中证交易所高等级绿色债券指数,交易所高等级绿色债,CSI Exchange High Grade Green Bond Index,Exchange High Grade Green Bond,,,,128.36,0.01,0.01,0.0,0.0,272.0,,2022-05-27,中证交易所高等级绿色债券指数
2022-05-27,931145,中证绿色债券指数,中证绿色债,CSI Green Bond Index,CSI Green Bond,,,,125.81,0.01,0.01,0.0,0.0,669.0,,2022-05-27,中证绿色债券指数
2022-05-30,930951,中证交易所绿色债券指数,交易所绿色债,CSI Exchange Green Bond Index,Exchange Green Bond,,,,128.44,0.04,0.03,0.0,0.0,291.0,,2022-05-30,中证交易所绿色债券指数
2022-05-30,931147,中证交易所高等级绿色债券指数,交易所高等级绿色债,CSI Exchange High Grade Green Bond Index,Exchange High Grade Green Bond,,,,128.4,0.04,0.04,0.0,0.0,272.0,,2022-05-30,中证交易所高等级绿色债券指数
2022-05-30,931145,中证绿色债券指数,中证绿色债,CSI Green Bond Index,CSI Green Bond,,,,125.84,0.03,0.02,0.0,0.0,669.0,,2022-05-30,中证绿色债券指数
2022-05-31,930951,中证交易所绿色债券指数,交易所绿色债,CSI Exchange Green Bond Index,Exchange Green Bond,,,,128.39,-0.05,-0.04,0.0,0.0,291.0,,2022-05-31,中证交易所绿色债券指数
2022-05-31,931147,中证交易所高等级绿色债券指数,交易所高等级绿色债,CSI Exchange High Grade Green Bond Index,Exchange High Grade Green Bond,,,,128.35,-0.05,-0.04,0.0,0.0,272.0,,2022-05-31,中证交易所高等级绿色债券指数
2022-05-31,931145,中证绿色债券指数,中证绿色债,CSI Green Bond Index,CSI Green Bond,,,,125.79,-0.05,-0.04,0.0,0.0,669.0,,2022-05-31,中证绿色债券指数
2022-06-01,930951,中证交易所绿色债券指数,交易所绿色债,CSI Exchange Green Bond Index,Exchange Green Bond,,,,128.31,-0.08,-0.06,0.0,0.0,295.0,,2022-06-01,中证交易所绿色债券指数
2022-06-01,931147,中证交易所高等级绿色债券指数,交易所高等级绿色债,CSI Exchange High Grade Green Bond Index,Exchange High Grade Green Bond,,,,128.3,-0.05,-0.04,0.0,0.0,274.0,,2022-06-01,中证交易所高等级绿色债券指数
2022-06-01,931145,中证绿色债券指数,中证绿色债,CSI Green Bond Index,CSI Green Bond,,,,125.74,-0.05,-0.04,0.0,0.0,685.0,,2022-06-01,中证绿色债券指数
2022-06-02,930951,中证交易所绿色债券指数,交易所绿色债,CSI Exchange Green Bond Index,Exchange Green Bond,,,,128.26,-0.05,-0.04,0.0,0.0,295.0,,2022-06-02,中证交易所绿色债券指数
2022-06-02,931147,中证交易所高等级绿色债券指数,交易所高等级绿色债,CSI Exchange High Grade Green Bond Index,Exchange High Grade Green Bond,,,,128.24,-0.06,-0.04,0.0,0.0,274.0,,2022-06-02,中证交易所高等级绿色债券指数
2022-06-02,931145,中证绿色债券指数,中证绿色债,CSI Green Bond Index,CSI Green Bond,,,,125.69,-0.05,-0.04,0.0,0.0,685.0,,2022-06-02,中证绿色债券指数
2022-06-06,930951,中证交易所绿色债券指数,交易所绿色债,CSI Exchange Green Bond Index,Exchange Green Bond,,,,128.23,-0.04,-0.03,0.0,0.0,295.0,,2022-06-06,中证交易所绿色债券指数
2022-06-06,931147,中证交易所高等级绿色债券指数,交易所高等级绿色债,CSI Exchange High Grade Green Bond Index,Exchange High Grade Green Bond,,,,128.21,-0.03,-0.03,0.0,0.0,274.0,,2022-06-06,中证交易所高等级绿色债券指数
2022-06-06,931145,中证绿色债券指数,中证绿色债,CSI Green Bond Index,CSI Green Bond,,,,125.65,-0.04,-0.03,0.0,0.0,685.0,,2022-06-06,中证绿色债券指数
2022-06-07,930951,中证交易所绿色债券指数,交易所绿色债,CSI Exchange Green Bond Index,Exchange Green Bond,,,,128.16,-0.07,-0.06,0.0,0.0,295.0,,2022-06-07,中证交易所绿色债券指数
2022-06-07,931147,中证交易所高等级绿色债券指数,交易所高等级绿色债,CSI Exchange High Grade Green Bond Index,Exchange High Grade Green Bond,,,,128.13,-0.08,-0.06,0.0,0.0,274.0,,2022-06-07,中证交易所高等级绿色债券指数
2022-06-07,931145,中证绿色债券指数,中证绿色债,CSI Green Bond Index,CSI Green Bond,,,,125.59,-0.07,-0.05,0.0,0.0,685.0,,2022-06-07,中证绿色债券指数
2022-06-08,930951,中证交易所绿色债券指数,交易所绿色债,CSI Exchange Green Bond Index,Exchange Green Bond,,,,128.15,0.0,0.0,0.0,0.0,294.0,,2022-06-08,中证交易所绿色债券指数
2022-06-08,931147,中证交易所高等级绿色债券指数,交易所高等级绿色债,CSI Exchange High Grade Green Bond Index,Exchange High Grade Green Bond,,,,128.12,-0.01,-0.01,0.0,0.0,274.0,,2022-06-08,中证交易所高等级绿色债券指数
2022-06-08,931145,中证绿色债券指数,中证绿色债,CSI Green Bond Index,CSI Green Bond,,,,125.58,-0.01,0.0,0.0,0.0,684.0,,2022-06-08,中证绿色债券指数
2022-06-09,930951,中证交易所绿色债券指数,交易所绿色债,CSI Exchange Green Bond Index,Exchange Green Bond,,,,128.18,0.02,0.02,0.0,0.0,294.0,,2022-06-09,中证交易所绿色债券指数
2022-06-09,931147,中证交易所高等级绿色债券指数,交易所高等级绿色债,CSI Exchange High Grade Green Bond Index,Exchange High Grade Green Bond,,,,128.15,0.02,0.02,0.0,0.0,274.0,,2022-06-09,中证交易所高等级绿色债券指数
2022-06-09,931145,中证绿色债券指数,中证绿色债,CSI Green Bond Index,CSI Green Bond,,,,125.61,0.03,0.02,0.0,0.0,684.0,,2022-06-09,中证绿色债券指数
2022-06-10,930951,中证交易所绿色债券指数,交易所绿色债,CSI Exchange Green Bond Index,Exchange Green Bond,,,,128.23,0.06,0.04,0.0,0.0,294.0,,2022-06-10,中证交易所绿色债券指数
2022-06-10,931147,中证交易所高等级绿色债券指数,交易所高等级绿色债,CSI Exchange High Grade Green Bond Index,Exchange High Grade Green Bond,,,,128.2,0.05,0.04,0.0,0.0,274.0,,2022-06-10,中证交易所高等级绿色债券指数
2022-06-10,931145,中证绿色债券指数,中证绿色债,CSI Green Bond Index,CSI Green Bond,,,,125.65,0.04,0.03,0.0,0.0,684.0,,2022-06-10,中证绿色债券指数
2022-06-13,930951,中证交易所绿色债券指数,交易所绿色债,CSI Exchange Green Bond Index,Exchange Green Bond,,,,128.27,0.04,0.03,0.0,0.0,294.0,,2022-06-13,中证交易所绿色债券指数
2022-06-13,931147,中证交易所高等级绿色债券指数,交易所高等级绿色债,CSI Exchange High Grade Green Bond Index,Exchange High Grade Green Bond,,,,128.23,0.04,0.03,0.0,0.0,274.0,,2022-06-13,中证交易所高等级绿色债券指数
2022-06-13,931145,中证绿色债券指数,中证绿色债,CSI Green Bond Index,CSI Green Bond,,,,125.68,0.03,0.03,0.0,0.0,684.0,,2022-06-13,中证绿色债券指数
2022-06-14,930951,中证交易所绿色债券指数,交易所绿色债,CSI Exchange Green Bond Index,Exchange Green Bond,,,,128.29,0.02,0.02,0.0,0.0,293.0,,2022-06-14,中证交易所绿色债券指数
2022-06-14,931147,中证交易所高等级绿色债券指数,交易所高等级绿色债,CSI Exchange High Grade Green Bond Index,Exchange High Grade Green Bond,,,,128.26,0.02,0.02,0.0,0.0,273.0,,2022-06-14,中证交易所高等级绿色债券指数
2022-06-14,931145,中证绿色债券指数,中证绿色债,CSI Green Bond Index,CSI Green Bond,,,,125.69,0.01,0.01,0.0,0.0,683.0,,2022-06-14,中证绿色债券指数
2022-06-15,930951,中证交易所绿色债券指数,交易所绿色债,CSI Exchange Green Bond Index,Exchange Green Bond,,,,128.3,0.01,0.01,0.0,0.0,293.0,,2022-06-15,中证交易所绿色债券指数
2022-06-15,931147,中证交易所高等级绿色债券指数,交易所高等级绿色债,CSI Exchange High Grade Green Bond Index,Exchange High Grade Green Bond,,,,128.27,0.02,0.01,0.0,0.0,273.0,,2022-06-15,中证交易所高等级绿色债券指数
2022-06-15,931145,中证绿色债券指数,中证绿色债,CSI Green Bond Index,CSI Green Bond,,,,125.7,0.01,0.01,0.0,0.0,683.0,,2022-06-15,中证绿色债券指数
2022-06-16,930951,中证交易所绿色债券指数,交易所绿色债,CSI Exchange Green Bond Index,Exchange Green Bond,,,,128.32,0.01,0.01,0.0,0.0,293.0,,2022-06-16,中证交易所绿色债券指数
2022-06-16,931147,中证交易所高等级绿色债券指数,交易所高等级绿色债,CSI Exchange High Grade Green Bond Index,Exchange High Grade Green Bond,,,,128.28,0.01,0.01,0.0,0.0,273.0,,2022-06-16,中证交易所高等级绿色债券指数
2022-06-16,931145,中证绿色债券指数,中证绿色债,CSI Green Bond Index,CSI Green Bond,,,,125.72,0.02,0.02,0.0,0.0,683.0,,2022-06-16,中证绿色债券指数
2022-06-17,930951,中证交易所绿色债券指数,交易所绿色债,CSI Exchange Green Bond Index,Exchange Green Bond,,,,128.38,0.07,0.05,0.0,0.0,293.0,,2022-06-17,中证交易所绿色债券指数
2022-06-17,931147,中证交易所高等级绿色债券指数,交易所高等级绿色债,CSI Exchange High Grade Green Bond Index,Exchange High Grade Green Bond,,,,128.35,0.07,0.05,0.0,0.0,273.0,,2022-06-17,中证交易所高等级绿色债券指数
2022-06-17,931145,中证绿色债券指数,中证绿色债,CSI Green Bond Index,CSI Green Bond,,,,125.78,0.05,0.04,0.0,0.0,683.0,,2022-06-17,中证绿色债券指数
2022-06-20,930951,中证交易所绿色债券指数,交易所绿色债,CSI Exchange Green Bond Index,Exchange Green Bond,,,,128.43,0.05,0.04,0.0,0.0,293.0,,2022-06-20,中证交易所绿色债券指数
2022-06-20,931147,中证交易所高等级绿色债券指数,交易所高等级绿色债,CSI Exchange High Grade Green Bond Index,Exchange High Grade Green Bond,,,,128.41,0.06,0.04,0.0,0.0,273.0,,2022-06-20,中证交易所高等级绿色债券指数
2022-06-20,931145,中证绿色债券指数,中证绿色债,CSI Green Bond Index,CSI Green Bond,,,,125.81,0.03,0.03,0.0,0.0,683.0,,2022-06-20,中证绿色债券指数
2022-06-21,930951,中证交易所绿色债券指数,交易所绿色债,CSI Exchange Green Bond Index,Exchange Green Bond,,,,128.42,-0.01,-0.01,0.0,0.0,293.0,,2022-06-21,中证交易所绿色债券指数
2022-06-21,931147,中证交易所高等级绿色债券指数,交易所高等级绿色债,CSI Exchange High Grade Green Bond Index,Exchange High Grade Green Bond,,,,128.4,-0.01,-0.01,0.0,0.0,273.0,,2022-06-21,中证交易所高等级绿色债券指数
2022-06-21,931145,中证绿色债券指数,中证绿色债,CSI Green Bond Index,CSI Green Bond,,,,125.81,0.0,0.0,0.0,0.0,683.0,,2022-06-21,中证绿色债券指数
2022-06-22,930951,中证交易所绿色债券指数,交易所绿色债,CSI Exchange Green Bond Index,Exchange Green Bond,,,,128.44,0.01,0.01,0.0,0.0,293.0,,2022-06-22,中证交易所绿色债券指数
2022-06-22,931147,中证交易所高等级绿色债券指数,交易所高等级绿色债,CSI Exchange High Grade Green Bond Index,Exchange High Grade Green Bond,,,,128.41,0.01,0.01,0.0,0.0,273.0,,2022-06-22,中证交易所高等级绿色债券指数
2022-06-22,931145,中证绿色债券指数,中证绿色债,CSI Green Bond Index,CSI Green Bond,,,,125.82,0.01,0.01,0.0,0.0,683.0,,2022-06-22,中证绿色债券指数
2022-06-23,930951,中证交易所绿色债券指数,交易所绿色债,CSI Exchange Green Bond Index,Exchange Green Bond,,,,128.47,0.03,0.03,0.0,0.0,293.0,,2022-06-23,中证交易所绿色债券指数
2022-06-23,931147,中证交易所高等级绿色债券指数,交易所高等级绿色债,CSI Exchange High Grade Green Bond Index,Exchange High Grade Green Bond,,,,128.45,0.03,0.03,0.0,0.0,273.0,,2022-06-23,中证交易所高等级绿色债券指数
2022-06-23,931145,中证绿色债券指数,中证绿色债,CSI Green Bond Index,CSI Green Bond,,,,125.85,0.03,0.03,0.0,0.0,683.0,,2022-06-23,中证绿色债券指数
2022-06-24,930951,中证交易所绿色债券指数,交易所绿色债,CSI Exchange Green Bond Index,Exchange Green Bond,,,,128.49,0.02,0.02,0.0,0.0,293.0,,2022-06-24,中证交易所绿色债券指数
2022-06-24,931147,中证交易所高等级绿色债券指数,交易所高等级绿色债,CSI Exchange High Grade Green Bond Index,Exchange High Grade Green Bond,,,,128.46,0.02,0.02,0.0,0.0,273.0,,2022-06-24,中证交易所高等级绿色债券指数
2022-06-24,931145,中证绿色债券指数,中证绿色债,CSI Green Bond Index,CSI Green Bond,,,,125.88,0.03,0.02,0.0,0.0,683.0,,2022-06-24,中证绿色债券指数
2022-06-27,930951,中证交易所绿色债券指数,交易所绿色债,CSI Exchange Green Bond Index,Exchange Green Bond,,,,128.48,-0.01,-0.01,0.0,0.0,293.0,,2022-06-27,中证交易所绿色债券指数
2022-06-27,931147,中证交易所高等级绿色债券指数,交易所高等级绿色债,CSI Exchange High Grade Green Bond Index,Exchange High Grade Green Bond,,,,128.45,-0.01,-0.01,0.0,0.0,273.0,,2022-06-27,中证交易所高等级绿色债券指数
2022-06-27,931145,中证绿色债券指数,中证绿色债,CSI Green Bond Index,CSI Green Bond,,,,125.86,-0.02,-0.01,0.0,0.0,683.0,,2022-06-27,中证绿色债券指数
2022-06-28,930951,中证交易所绿色债券指数,交易所绿色债,CSI Exchange Green Bond Index,Exchange Green Bond,,,,128.47,-0.01,-0.01,0.0,0.0,293.0,,2022-06-28,中证交易所绿色债券指数
2022-06-28,931147,中证交易所高等级绿色债券指数,交易所高等级绿色债,CSI Exchange High Grade Green Bond Index,Exchange High Grade Green Bond,,,,128.43,-0.02,-0.01,0.0,0.0,273.0,,2022-06-28,中证交易所高等级绿色债券指数
2022-06-28,931145,中证绿色债券指数,中证绿色债,CSI Green Bond Index,CSI Green Bond,,,,125.84,-0.02,-0.02,0.0,0.0,683.0,,2022-06-28,中证绿色债券指数
2022-06-29,930951,中证交易所绿色债券指数,交易所绿色债,CSI Exchange Green Bond Index,Exchange Green Bond,,,,128.48,0.01,0.01,0.0,0.0,293.0,,2022-06-29,中证交易所绿色债券指数
2022-06-29,931147,中证交易所高等级绿色债券指数,交易所高等级绿色债,CSI Exchange High Grade Green Bond Index,Exchange High Grade Green Bond,,,,128.45,0.01,0.01,0.0,0.0,273.0,,2022-06-29,中证交易所高等级绿色债券指数
2022-06-29,931145,中证绿色债券指数,中证绿色债,CSI Green Bond Index,CSI Green Bond,,,,125.85,0.01,0.01,0.0,0.0,683.0,,2022-06-29,中证绿色债券指数
2022-06-30,930951,中证交易所绿色债券指数,交易所绿色债,CSI Exchange Green Bond Index,Exchange Green Bond,,,,128.49,0.02,0.02,0.0,0.0,293.0,,2022-06-30,中证交易所绿色债券指数
2022-06-30,931147,中证交易所高等级绿色债券指数,交易所高等级绿色债,CSI Exchange High Grade Green Bond Index,Exchange High Grade Green Bond,,,,128.46,0.02,0.01,0.0,0.0,273.0,,2022-06-30,中证交易所高等级绿色债券指数
2022-06-30,931145,中证绿色债券指数,中证绿色债,CSI Green Bond Index,CSI Green Bond,,,,125.88,0.03,0.02,0.0,0.0,683.0,,2022-06-30,中证绿色债券指数
2022-07-01,930951,中证交易所绿色债券指数,交易所绿色债,CSI Exchange Green Bond Index,Exchange Green Bond,,,,128.52,0.02,0.02,0.0,0.0,297.0,,2022-07-01,中证交易所绿色债券指数
2022-07-01,931147,中证交易所高等级绿色债券指数,交易所高等级绿色债,CSI Exchange High Grade Green Bond Index,Exchange High Grade Green Bond,,,,128.48,0.02,0.02,0.0,0.0,278.0,,2022-07-01,中证交易所高等级绿色债券指数
2022-07-01,931145,中证绿色债券指数,中证绿色债,CSI Green Bond Index,CSI Green Bond,,,,125.91,0.03,0.03,0.0,0.0,694.0,,2022-07-01,中证绿色债券指数
2022-07-04,930951,中证交易所绿色债券指数,交易所绿色债,CSI Exchange Green Bond Index,Exchange Green Bond,,,,128.51,0.0,0.0,0.0,0.0,297.0,,2022-07-04,中证交易所绿色债券指数
2022-07-04,931147,中证交易所高等级绿色债券指数,交易所高等级绿色债,CSI Exchange High Grade Green Bond Index,Exchange High Grade Green Bond,,,,128.48,0.0,0.0,0.0,0.0,278.0,,2022-07-04,中证交易所高等级绿色债券指数
2022-07-04,931145,中证绿色债券指数,中证绿色债,CSI Green Bond Index,CSI Green Bond,,,,125.9,-0.01,-0.01,0.0,0.0,694.0,,2022-07-04,中证绿色债券指数
2022-07-05,930951,中证交易所绿色债券指数,交易所绿色债,CSI Exchange Green Bond Index,Exchange Green Bond,,,,128.51,0.0,0.0,0.0,0.0,297.0,,2022-07-05,中证交易所绿色债券指数
2022-07-05,931147,中证交易所高等级绿色债券指数,交易所高等级绿色债,CSI Exchange High Grade Green Bond Index,Exchange High Grade Green Bond,,,,128.47,-0.01,0.0,0.0,0.0,278.0,,2022-07-05,中证交易所高等级绿色债券指数
2022-07-05,931145,中证绿色债券指数,中证绿色债,CSI Green Bond Index,CSI Green Bond,,,,125.89,-0.01,-0.01,0.0,0.0,694.0,,2022-07-05,中证绿色债券指数
2022-07-06,930951,中证交易所绿色债券指数,交易所绿色债,CSI Exchange Green Bond Index,Exchange Green Bond,,,,128.52,0.02,0.01,0.0,0.0,297.0,,2022-07-06,中证交易所绿色债券指数
2022-07-06,931147,中证交易所高等级绿色债券指数,交易所高等级绿色债,CSI Exchange High Grade Green Bond Index,Exchange High Grade Green Bond,,,,128.49,0.02,0.01,0.0,0.0,278.0,,2022-07-06,中证交易所高等级绿色债券指数
2022-07-06,931145,中证绿色债券指数,中证绿色债,CSI Green Bond Index,CSI Green Bond,,,,125.9,0.01,0.01,0.0,0.0,694.0,,2022-07-06,中证绿色债券指数
2022-07-07,930951,中证交易所绿色债券指数,交易所绿色债,CSI Exchange Green Bond Index,Exchange Green Bond,,,,128.55,0.03,0.02,0.0,0.0,296.0,,2022-07-07,中证交易所绿色债券指数
2022-07-07,931147,中证交易所高等级绿色债券指数,交易所高等级绿色债,CSI Exchange High Grade Green Bond Index,Exchange High Grade Green Bond,,,,128.52,0.03,0.02,0.0,0.0,277.0,,2022-07-07,中证交易所高等级绿色债券指数
2022-07-07,931145,中证绿色债券指数,中证绿色债,CSI Green Bond Index,CSI Green Bond,,,,125.92,0.03,0.02,0.0,0.0,693.0,,2022-07-07,中证绿色债券指数
2022-07-08,930951,中证交易所绿色债券指数,交易所绿色债,CSI Exchange Green Bond Index,Exchange Green Bond,,,,128.58,0.03,0.03,0.0,0.0,296.0,,2022-07-08,中证交易所绿色债券指数
2022-07-08,931147,中证交易所高等级绿色债券指数,交易所高等级绿色债,CSI Exchange High Grade Green Bond Index,Exchange High Grade Green Bond,,,,128.55,0.03,0.03,0.0,0.0,277.0,,2022-07-08,中证交易所高等级绿色债券指数
2022-07-08,931145,中证绿色债券指数,中证绿色债,CSI Green Bond Index,CSI Green Bond,,,,125.95,0.02,0.02,0.0,0.0,693.0,,2022-07-08,中证绿色债券指数
2022-07-11,930951,中证交易所绿色债券指数,交易所绿色债,CSI Exchange Green Bond Index,Exchange Green Bond,,,,128.66,0.08,0.06,0.0,0.0,296.0,,2022-07-11,中证交易所绿色债券指数
2022-07-11,931147,中证交易所高等级绿色债券指数,交易所高等级绿色债,CSI Exchange High Grade Green Bond Index,Exchange High Grade Green Bond,,,,128.63,0.08,0.06,0.0,0.0,277.0,,2022-07-11,中证交易所高等级绿色债券指数
2022-07-11,931145,中证绿色债券指数,中证绿色债,CSI Green Bond Index,CSI Green Bond,,,,126.02,0.07,0.06,0.0,0.0,693.0,,2022-07-11,中证绿色债券指数
2022-07-12,930951,中证交易所绿色债券指数,交易所绿色债,CSI Exchange Green Bond Index,Exchange Green Bond,,,,128.72,0.06,0.04,0.0,0.0,296.0,,2022-07-12,中证交易所绿色债券指数
2022-07-12,931147,中证交易所高等级绿色债券指数,交易所高等级绿色债,CSI Exchange High Grade Green Bond Index,Exchange High Grade Green Bond,,,,128.69,0.06,0.05,0.0,0.0,277.0,,2022-07-12,中证交易所高等级绿色债券指数
2022-07-12,931145,中证绿色债券指数,中证绿色债,CSI Green Bond Index,CSI Green Bond,,,,126.08,0.06,0.05,0.0,0.0,693.0,,2022-07-12,中证绿色债券指数
2022-07-13,930951,中证交易所绿色债券指数,交易所绿色债,CSI Exchange Green Bond Index,Exchange Green Bond,,,,128.78,0.07,0.05,0.0,0.0,296.0,,2022-07-13,中证交易所绿色债券指数
2022-07-13,931147,中证交易所高等级绿色债券指数,交易所高等级绿色债,CSI Exchange High Grade Green Bond Index,Exchange High Grade Green Bond,,,,128.76,0.07,0.06,0.0,0.0,277.0,,2022-07-13,中证交易所高等级绿色债券指数
2022-07-13,931145,中证绿色债券指数,中证绿色债,CSI Green Bond Index,CSI Green Bond,,,,126.14,0.06,0.05,0.0,0.0,693.0,,2022-07-13,中证绿色债券指数
2022-07-14,930951,中证交易所绿色债券指数,交易所绿色债,CSI Exchange Green Bond Index,Exchange Green Bond,,,,128.84,0.06,0.04,0.0,0.0,296.0,,2022-07-14,中证交易所绿色债券指数
2022-07-14,931147,中证交易所高等级绿色债券指数,交易所高等级绿色债,CSI Exchange High Grade Green Bond Index,Exchange High Grade Green Bond,,,,128.82,0.06,0.05,0.0,0.0,277.0,,2022-07-14,中证交易所高等级绿色债券指数
2022-07-14,931145,中证绿色债券指数,中证绿色债,CSI Green Bond Index,CSI Green Bond,,,,126.19,0.06,0.04,0.0,0.0,693.0,,2022-07-14,中证绿色债券指数
2022-07-15,930951,中证交易所绿色债券指数,交易所绿色债,CSI Exchange Green Bond Index,Exchange Green Bond,,,,128.89,0.05,0.04,0.0,0.0,296.0,,2022-07-15,中证交易所绿色债券指数
2022-07-15,931147,中证交易所高等级绿色债券指数,交易所高等级绿色债,CSI Exchange High Grade Green Bond Index,Exchange High Grade Green Bond,,,,128.88,0.06,0.04,0.0,0.0,277.0,,2022-07-15,中证交易所高等级绿色债券指数
2022-07-15,931145,中证绿色债券指数,中证绿色债,CSI Green Bond Index,CSI Green Bond,,,,126.25,0.06,0.04,0.0,0.0,693.0,,2022-07-15,中证绿色债券指数
2022-07-18,930951,中证交易所绿色债券指数,交易所绿色债,CSI Exchange Green Bond Index,Exchange Green Bond,,,,128.97,0.08,0.06,0.0,0.0,296.0,,2022-07-18,中证交易所绿色债券指数
2022-07-18,931147,中证交易所高等级绿色债券指数,交易所高等级绿色债,CSI Exchange High Grade Green Bond Index,Exchange High Grade Green Bond,,,,128.96,0.09,0.07,0.0,0.0,277.0,,2022-07-18,中证交易所高等级绿色债券指数
2022-07-18,931145,中证绿色债券指数,中证绿色债,CSI Green Bond Index,CSI Green Bond,,,,126.32,0.08,0.06,0.0,0.0,693.0,,2022-07-18,中证绿色债券指数
2022-07-19,930951,中证交易所绿色债券指数,交易所绿色债,CSI Exchange Green Bond Index,Exchange Green Bond,,,,129.02,0.05,0.04,0.0,0.0,296.0,,2022-07-19,中证交易所绿色债券指数
2022-07-19,931147,中证交易所高等级绿色债券指数,交易所高等级绿色债,CSI Exchange High Grade Green Bond Index,Exchange High Grade Green Bond,,,,129.02,0.05,0.04,0.0,0.0,277.0,,2022-07-19,中证交易所高等级绿色债券指数
2022-07-19,931145,中证绿色债券指数,中证绿色债,CSI Green Bond Index,CSI Green Bond,,,,126.36,0.04,0.03,0.0,0.0,693.0,,2022-07-19,中证绿色债券指数
2022-07-20,930951,中证交易所绿色债券指数,交易所绿色债,CSI Exchange Green Bond Index,Exchange Green Bond,,,,129.06,0.04,0.03,0.0,0.0,295.0,,2022-07-20,中证交易所绿色债券指数
2022-07-20,931147,中证交易所高等级绿色债券指数,交易所高等级绿色债,CSI Exchange High Grade Green Bond Index,Exchange High Grade Green Bond,,,,129.06,0.04,0.03,0.0,0.0,276.0,,2022-07-20,中证交易所高等级绿色债券指数
2022-07-20,931145,中证绿色债券指数,中证绿色债,CSI Green Bond Index,CSI Green Bond,,,,126.39,0.03,0.02,0.0,0.0,692.0,,2022-07-20,中证绿色债券指数
2022-07-21,930951,中证交易所绿色债券指数,交易所绿色债,CSI Exchange Green Bond Index,Exchange Green Bond,,,,129.12,0.06,0.05,0.0,0.0,295.0,,2022-07-21,中证交易所绿色债券指数
2022-07-21,931147,中证交易所高等级绿色债券指数,交易所高等级绿色债,CSI Exchange High Grade Green Bond Index,Exchange High Grade Green Bond,,,,129.12,0.07,0.05,0.0,0.0,276.0,,2022-07-21,中证交易所高等级绿色债券指数
2022-07-21,931145,中证绿色债券指数,中证绿色债,CSI Green Bond Index,CSI Green Bond,,,,126.46,0.07,0.05,0.0,0.0,692.0,,2022-07-21,中证绿色债券指数
2022-07-22,930951,中证交易所绿色债券指数,交易所绿色债,CSI Exchange Green Bond Index,Exchange Green Bond,,,,129.16,0.04,0.03,0.0,0.0,295.0,,2022-07-22,中证交易所绿色债券指数
2022-07-22,931147,中证交易所高等级绿色债券指数,交易所高等级绿色债,CSI Exchange High Grade Green Bond Index,Exchange High Grade Green Bond,,,,129.17,0.04,0.03,0.0,0.0,276.0,,2022-07-22,中证交易所高等级绿色债券指数
2022-07-22,931145,中证绿色债券指数,中证绿色债,CSI Green Bond Index,CSI Green Bond,,,,126.5,0.04,0.03,0.0,0.0,692.0,,2022-07-22,中证绿色债券指数
2022-07-25,930951,中证交易所绿色债券指数,交易所绿色债,CSI Exchange Green Bond Index,Exchange Green Bond,,,,129.22,0.06,0.04,0.0,0.0,295.0,,2022-07-25,中证交易所绿色债券指数
2022-07-25,931147,中证交易所高等级绿色债券指数,交易所高等级绿色债,CSI Exchange High Grade Green Bond Index,Exchange High Grade Green Bond,,,,129.22,0.06,0.04,0.0,0.0,276.0,,2022-07-25,中证交易所高等级绿色债券指数
2022-07-25,931145,中证绿色债券指数,中证绿色债,CSI Green Bond Index,CSI Green Bond,,,,126.55,0.05,0.04,0.0,0.0,692.0,,2022-07-25,中证绿色债券指数
2022-07-26,930951,中证交易所绿色债券指数,交易所绿色债,CSI Exchange Green Bond Index,Exchange Green Bond,,,,129.29,0.07,0.05,0.0,0.0,295.0,,2022-07-26,中证交易所绿色债券指数
2022-07-26,931147,中证交易所高等级绿色债券指数,交易所高等级绿色债,CSI Exchange High Grade Green Bond Index,Exchange High Grade Green Bond,,,,129.3,0.07,0.06,0.0,0.0,276.0,,2022-07-26,中证交易所高等级绿色债券指数
2022-07-26,931145,中证绿色债券指数,中证绿色债,CSI Green Bond Index,CSI Green Bond,,,,126.6,0.05,0.04,0.0,0.0,692.0,,2022-07-26,中证绿色债券指数
2022-07-27,930951,中证交易所绿色债券指数,交易所绿色债,CSI Exchange Green Bond Index,Exchange Green Bond,,,,129.34,0.05,0.04,0.0,0.0,295.0,,2022-07-27,中证交易所绿色债券指数
2022-07-27,931147,中证交易所高等级绿色债券指数,交易所高等级绿色债,CSI Exchange High Grade Green Bond Index,Exchange High Grade Green Bond,,,,129.35,0.05,0.04,0.0,0.0,276.0,,2022-07-27,中证交易所高等级绿色债券指数
2022-07-27,931145,中证绿色债券指数,中证绿色债,CSI Green Bond Index,CSI Green Bond,,,,126.65,0.05,0.04,0.0,0.0,692.0,,2022-07-27,中证绿色债券指数
2022-07-28,930951,中证交易所绿色债券指数,交易所绿色债,CSI Exchange Green Bond Index,Exchange Green Bond,,,,129.35,0.01,0.01,0.0,0.0,295.0,,2022-07-28,中证交易所绿色债券指数
2022-07-28,931147,中证交易所高等级绿色债券指数,交易所高等级绿色债,CSI Exchange High Grade Green Bond Index,Exchange High Grade Green Bond,,,,129.36,0.01,0.01,0.0,0.0,276.0,,2022-07-28,中证交易所高等级绿色债券指数
2022-07-28,931145,中证绿色债券指数,中证绿色债,CSI Green Bond Index,CSI Green Bond,,,,126.66,0.01,0.01,0.0,0.0,692.0,,2022-07-28,中证绿色债券指数
2022-07-29,930951,中证交易所绿色债券指数,交易所绿色债,CSI Exchange Green Bond Index,Exchange Green Bond,,,,129.41,0.07,0.05,0.0,0.0,295.0,,2022-07-29,中证交易所绿色债券指数
2022-07-29,931147,中证交易所高等级绿色债券指数,交易所高等级绿色债,CSI Exchange High Grade Green Bond Index,Exchange High Grade Green Bond,,,,129.43,0.07,0.06,0.0,0.0,276.0,,2022-07-29,中证交易所高等级绿色债券指数
2022-07-29,931145,中证绿色债券指数,中证绿色债,CSI Green Bond Index,CSI Green Bond,,,,126.72,0.07,0.05,0.0,0.0,692.0,,2022-07-29,中证绿色债券指数
2022-08-01,930951,中证交易所绿色债券指数,交易所绿色债,CSI Exchange Green Bond Index,Exchange Green Bond,,,,129.51,0.09,0.07,0.0,0.0,297.0,,2022-08-01,中证交易所绿色债券指数
2022-08-01,931147,中证交易所高等级绿色债券指数,交易所高等级绿色债,CSI Exchange High Grade Green Bond Index,Exchange High Grade Green Bond,,,,129.53,0.1,0.08,0.0,0.0,277.0,,2022-08-01,中证交易所高等级绿色债券指数
2022-08-01,931145,中证绿色债券指数,中证绿色债,CSI Green Bond Index,CSI Green Bond,,,,126.82,0.09,0.07,0.0,0.0,706.0,,2022-08-01,中证绿色债券指数
2022-08-02,930951,中证交易所绿色债券指数,交易所绿色债,CSI Exchange Green Bond Index,Exchange Green Bond,,,,129.61,0.1,0.08,0.0,0.0,297.0,,2022-08-02,中证交易所绿色债券指数
2022-08-02,931147,中证交易所高等级绿色债券指数,交易所高等级绿色债,CSI Exchange High Grade Green Bond Index,Exchange High Grade Green Bond,,,,129.63,0.11,0.08,0.0,0.0,277.0,,2022-08-02,中证交易所高等级绿色债券指数
2022-08-02,931145,中证绿色债券指数,中证绿色债,CSI Green Bond Index,CSI Green Bond,,,,126.91,0.1,0.08,0.0,0.0,706.0,,2022-08-02,中证绿色债券指数
2022-08-03,930951,中证交易所绿色债券指数,交易所绿色债,CSI Exchange Green Bond Index,Exchange Green Bond,,,,129.66,0.05,0.04,0.0,0.0,297.0,,2022-08-03,中证交易所绿色债券指数
2022-08-03,931147,中证交易所高等级绿色债券指数,交易所高等级绿色债,CSI Exchange High Grade Green Bond Index,Exchange High Grade Green Bond,,,,129.68,0.05,0.04,0.0,0.0,277.0,,2022-08-03,中证交易所高等级绿色债券指数
2022-08-03,931145,中证绿色债券指数,中证绿色债,CSI Green Bond Index,CSI Green Bond,,,,126.96,0.05,0.04,0.0,0.0,706.0,,2022-08-03,中证绿色债券指数
2022-08-04,930951,中证交易所绿色债券指数,交易所绿色债,CSI Exchange Green Bond Index,Exchange Green Bond,,,,129.72,0.06,0.05,0.0,0.0,297.0,,2022-08-04,中证交易所绿色债券指数
2022-08-04,931147,中证交易所高等级绿色债券指数,交易所高等级绿色债,CSI Exchange High Grade Green Bond Index,Exchange High Grade Green Bond,,,,129.75,0.07,0.05,0.0,0.0,277.0,,2022-08-04,中证交易所高等级绿色债券指数
2022-08-04,931145,中证绿色债券指数,中证绿色债,CSI Green Bond Index,CSI Green Bond,,,,127.02,0.06,0.05,0.0,0.0,706.0,,2022-08-04,中证绿色债券指数
2022-08-05,930951,中证交易所绿色债券指数,交易所绿色债,CSI Exchange Green Bond Index,Exchange Green Bond,,,,129.75,0.03,0.03,0.0,0.0,297.0,,2022-08-05,中证交易所绿色债券指数
2022-08-05,931147,中证交易所高等级绿色债券指数,交易所高等级绿色债,CSI Exchange High Grade Green Bond Index,Exchange High Grade Green Bond,,,,129.79,0.03,0.03,0.0,0.0,277.0,,2022-08-05,中证交易所高等级绿色债券指数
2022-08-05,931145,中证绿色债券指数,中证绿色债,CSI Green Bond Index,CSI Green Bond,,,,127.05,0.03,0.03,0.0,0.0,706.0,,2022-08-05,中证绿色债券指数
2022-08-08,930951,中证交易所绿色债券指数,交易所绿色债,CSI Exchange Green Bond Index,Exchange Green Bond,,,,129.78,0.03,0.02,0.0,0.0,297.0,,2022-08-08,中证交易所绿色债券指数
2022-08-08,931147,中证交易所高等级绿色债券指数,交易所高等级绿色债,CSI Exchange High Grade Green Bond Index,Exchange High Grade Green Bond,,,,129.81,0.03,0.02,0.0,0.0,277.0,,2022-08-08,中证交易所高等级绿色债券指数
2022-08-08,931145,中证绿色债券指数,中证绿色债,CSI Green Bond Index,CSI Green Bond,,,,127.06,0.01,0.01,0.0,0.0,706.0,,2022-08-08,中证绿色债券指数
2022-08-09,930951,中证交易所绿色债券指数,交易所绿色债,CSI Exchange Green Bond Index,Exchange Green Bond,,,,129.78,0.0,0.0,0.0,0.0,297.0,,2022-08-09,中证交易所绿色债券指数
2022-08-09,931147,中证交易所高等级绿色债券指数,交易所高等级绿色债,CSI Exchange High Grade Green Bond Index,Exchange High Grade Green Bond,,,,129.82,0.01,0.0,0.0,0.0,277.0,,2022-08-09,中证交易所高等级绿色债券指数
2022-08-09,931145,中证绿色债券指数,中证绿色债,CSI Green Bond Index,CSI Green Bond,,,,127.03,-0.03,-0.02,0.0,0.0,706.0,,2022-08-09,中证绿色债券指数
2022-08-10,930951,中证交易所绿色债券指数,交易所绿色债,CSI Exchange Green Bond Index,Exchange Green Bond,,,,129.76,-0.03,-0.02,0.0,0.0,297.0,,2022-08-10,中证交易所绿色债券指数
2022-08-10,931147,中证交易所高等级绿色债券指数,交易所高等级绿色债,CSI Exchange High Grade Green Bond Index,Exchange High Grade Green Bond,,,,129.79,-0.03,-0.02,0.0,0.0,277.0,,2022-08-10,中证交易所高等级绿色债券指数
2022-08-10,931145,中证绿色债券指数,中证绿色债,CSI Green Bond Index,CSI Green Bond,,,,127.0,-0.03,-0.03,0.0,0.0,706.0,,2022-08-10,中证绿色债券指数
2022-08-11,930951,中证交易所绿色债券指数,交易所绿色债,CSI Exchange Green Bond Index,Exchange Green Bond,,,,129.74,-0.02,-0.01,0.0,0.0,297.0,,2022-08-11,中证交易所绿色债券指数
2022-08-11,931147,中证交易所高等级绿色债券指数,交易所高等级绿色债,CSI Exchange High Grade Green Bond Index,Exchange High Grade Green Bond,,,,129.77,-0.02,-0.01,0.0,0.0,277.0,,2022-08-11,中证交易所高等级绿色债券指数
2022-08-11,931145,中证绿色债券指数,中证绿色债,CSI Green Bond Index,CSI Green Bond,,,,126.98,-0.02,-0.02,0.0,0.0,706.0,,2022-08-11,中证绿色债券指数
2022-08-12,930951,中证交易所绿色债券指数,交易所绿色债,CSI Exchange Green Bond Index,Exchange Green Bond,,,,129.71,-0.03,-0.02,0.0,0.0,297.0,,2022-08-12,中证交易所绿色债券指数
2022-08-12,931147,中证交易所高等级绿色债券指数,交易所高等级绿色债,CSI Exchange High Grade Green Bond Index,Exchange High Grade Green Bond,,,,129.73,-0.03,-0.03,0.0,0.0,277.0,,2022-08-12,中证交易所高等级绿色债券指数
2022-08-12,931145,中证绿色债券指数,中证绿色债,CSI Green Bond Index,CSI Green Bond,,,,126.95,-0.02,-0.02,0.0,0.0,706.0,,2022-08-12,中证绿色债券指数
2022-08-15,930951,中证交易所绿色债券指数,交易所绿色债,CSI Exchange Green Bond Index,Exchange Green Bond,,,,129.8,0.09,0.07,0.0,0.0,297.0,,2022-08-15,中证交易所绿色债券指数
2022-08-15,931147,中证交易所高等级绿色债券指数,交易所高等级绿色债,CSI Exchange High Grade Green Bond Index,Exchange High Grade Green Bond,,,,129.83,0.09,0.07,0.0,0.0,277.0,,2022-08-15,中证交易所高等级绿色债券指数
2022-08-15,931145,中证绿色债券指数,中证绿色债,CSI Green Bond Index,CSI Green Bond,,,,127.07,0.12,0.09,0.0,0.0,706.0,,2022-08-15,中证绿色债券指数
2022-08-16,930951,中证交易所绿色债券指数,交易所绿色债,CSI Exchange Green Bond Index,Exchange Green Bond,,,,129.9,0.11,0.08,0.0,0.0,297.0,,2022-08-16,中证交易所绿色债券指数
2022-08-16,931147,中证交易所高等级绿色债券指数,交易所高等级绿色债,CSI Exchange High Grade Green Bond Index,Exchange High Grade Green Bond,,,,129.94,0.11,0.09,0.0,0.0,277.0,,2022-08-16,中证交易所高等级绿色债券指数
2022-08-16,931145,中证绿色债券指数,中证绿色债,CSI Green Bond Index,CSI Green Bond,,,,127.17,0.1,0.08,0.0,0.0,706.0,,2022-08-16,中证绿色债券指数
2022-08-17,930951,中证交易所绿色债券指数,交易所绿色债,CSI Exchange Green Bond Index,Exchange Green Bond,,,,129.95,0.05,0.04,0.0,0.0,297.0,,2022-08-17,中证交易所绿色债券指数
2022-08-17,931147,中证交易所高等级绿色债券指数,交易所高等级绿色债,CSI Exchange High Grade Green Bond Index,Exchange High Grade Green Bond,,,,129.99,0.05,0.04,0.0,0.0,277.0,,2022-08-17,中证交易所高等级绿色债券指数
2022-08-17,931145,中证绿色债券指数,中证绿色债,CSI Green Bond Index,CSI Green Bond,,,,127.2,0.03,0.02,0.0,0.0,706.0,,2022-08-17,中证绿色债券指数
2022-08-18,930951,中证交易所绿色债券指数,交易所绿色债,CSI Exchange Green Bond Index,Exchange Green Bond,,,,129.98,0.03,0.02,0.0,0.0,297.0,,2022-08-18,中证交易所绿色债券指数
2022-08-18,931147,中证交易所高等级绿色债券指数,交易所高等级绿色债,CSI Exchange High Grade Green Bond Index,Exchange High Grade Green Bond,,,,130.02,0.03,0.02,0.0,0.0,277.0,,2022-08-18,中证交易所高等级绿色债券指数
2022-08-18,931145,中证绿色债券指数,中证绿色债,CSI Green Bond Index,CSI Green Bond,,,,127.22,0.02,0.02,0.0,0.0,706.0,,2022-08-18,中证绿色债券指数
2022-08-19,930951,中证交易所绿色债券指数,交易所绿色债,CSI Exchange Green Bond Index,Exchange Green Bond,,,,130.01,0.03,0.02,0.0,0.0,297.0,,2022-08-19,中证交易所绿色债券指数
2022-08-19,931147,中证交易所高等级绿色债券指数,交易所高等级绿色债,CSI Exchange High Grade Green Bond Index,Exchange High Grade Green Bond,,,,130.05,0.03,0.02,0.0,0.0,277.0,,2022-08-19,中证交易所高等级绿色债券指数
2022-08-19,931145,中证绿色债券指数,中证绿色债,CSI Green Bond Index,CSI Green Bond,,,,127.23,0.01,0.01,0.0,0.0,706.0,,2022-08-19,中证绿色债券指数
2022-08-22,930951,中证交易所绿色债券指数,交易所绿色债,CSI Exchange Green Bond Index,Exchange Green Bond,,,,130.05,0.04,0.03,0.0,0.0,297.0,,2022-08-22,中证交易所绿色债券指数
2022-08-22,931147,中证交易所高等级绿色债券指数,交易所高等级绿色债,CSI Exchange High Grade Green Bond Index,Exchange High Grade Green Bond,,,,130.09,0.04,0.03,0.0,0.0,277.0,,2022-08-22,中证交易所高等级绿色债券指数
2022-08-22,931145,中证绿色债券指数,中证绿色债,CSI Green Bond Index,CSI Green Bond,,,,127.26,0.03,0.02,0.0,0.0,706.0,,2022-08-22,中证绿色债券指数
2022-08-23,930951,中证交易所绿色债券指数,交易所绿色债,CSI Exchange Green Bond Index,Exchange Green Bond,,,,130.04,-0.01,-0.01,0.0,0.0,297.0,,2022-08-23,中证交易所绿色债券指数
2022-08-23,931147,中证交易所高等级绿色债券指数,交易所高等级绿色债,CSI Exchange High Grade Green Bond Index,Exchange High Grade Green Bond,,,,130.08,-0.01,-0.01,0.0,0.0,277.0,,2022-08-23,中证交易所高等级绿色债券指数
2022-08-23,931145,中证绿色债券指数,中证绿色债,CSI Green Bond Index,CSI Green Bond,,,,127.24,-0.02,-0.01,0.0,0.0,706.0,,2022-08-23,中证绿色债券指数
2022-08-24,930951,中证交易所绿色债券指数,交易所绿色债,CSI Exchange Green Bond Index,Exchange Green Bond,,,,130.04,0.0,0.0,0.0,0.0,297.0,,2022-08-24,中证交易所绿色债券指数
2022-08-24,931147,中证交易所高等级绿色债券指数,交易所高等级绿色债,CSI Exchange High Grade Green Bond Index,Exchange High Grade Green Bond,,,,130.08,0.0,0.0,0.0,0.0,277.0,,2022-08-24,中证交易所高等级绿色债券指数
2022-08-24,931145,中证绿色债券指数,中证绿色债,CSI Green Bond Index,CSI Green Bond,,,,127.23,-0.01,-0.01,0.0,0.0,706.0,,2022-08-24,中证绿色债券指数
2022-08-25,930951,中证交易所绿色债券指数,交易所绿色债,CSI Exchange Green Bond Index,Exchange Green Bond,,,,130.01,-0.03,-0.02,0.0,0.0,297.0,,2022-08-25,中证交易所绿色债券指数
2022-08-25,931147,中证交易所高等级绿色债券指数,交易所高等级绿色债,CSI Exchange High Grade Green Bond Index,Exchange High Grade Green Bond,,,,130.05,-0.03,-0.02,0.0,0.0,277.0,,2022-08-25,中证交易所高等级绿色债券指数
2022-08-25,931145,中证绿色债券指数,中证绿色债,CSI Green Bond Index,CSI Green Bond,,,,127.2,-0.03,-0.02,0.0,0.0,706.0,,2022-08-25,中证绿色债券指数
2022-08-26,930951,中证交易所绿色债券指数,交易所绿色债,CSI Exchange Green Bond Index,Exchange Green Bond,,,,129.96,-0.05,-0.04,0.0,0.0,297.0,,2022-08-26,中证交易所绿色债券指数
2022-08-26,931147,中证交易所高等级绿色债券指数,交易所高等级绿色债,CSI Exchange High Grade Green Bond Index,Exchange High Grade Green Bond,,,,130.0,-0.05,-0.04,0.0,0.0,277.0,,2022-08-26,中证交易所高等级绿色债券指数
2022-08-26,931145,中证绿色债券指数,中证绿色债,CSI Green Bond Index,CSI Green Bond,,,,127.16,-0.04,-0.03,0.0,0.0,706.0,,2022-08-26,中证绿色债券指数
2022-08-29,930951,中证交易所绿色债券指数,交易所绿色债,CSI Exchange Green Bond Index,Exchange Green Bond,,,,129.95,-0.01,-0.01,0.0,0.0,297.0,,2022-08-29,中证交易所绿色债券指数
2022-08-29,931147,中证交易所高等级绿色债券指数,交易所高等级绿色债,CSI Exchange High Grade Green Bond Index,Exchange High Grade Green Bond,,,,129.98,-0.02,-0.01,0.0,0.0,277.0,,2022-08-29,中证交易所高等级绿色债券指数
2022-08-29,931145,中证绿色债券指数,中证绿色债,CSI Green Bond Index,CSI Green Bond,,,,127.17,0.01,0.0,0.0,0.0,706.0,,2022-08-29,中证绿色债券指数
2022-08-30,930951,中证交易所绿色债券指数,交易所绿色债,CSI Exchange Green Bond Index,Exchange Green Bond,,,,129.96,0.01,0.01,0.0,0.0,297.0,,2022-08-30,中证交易所绿色债券指数
2022-08-30,931147,中证交易所高等级绿色债券指数,交易所高等级绿色债,CSI Exchange High Grade Green Bond Index,Exchange High Grade Green Bond,,,,129.99,0.01,0.01,0.0,0.0,277.0,,2022-08-30,中证交易所高等级绿色债券指数
2022-08-30,931145,中证绿色债券指数,中证绿色债,CSI Green Bond Index,CSI Green Bond,,,,127.19,0.02,0.02,0.0,0.0,706.0,,2022-08-30,中证绿色债券指数
2022-08-31,930951,中证交易所绿色债券指数,交易所绿色债,CSI Exchange Green Bond Index,Exchange Green Bond,,,,129.98,0.02,0.02,0.0,0.0,297.0,,2022-08-31,中证交易所绿色债券指数
2022-08-31,931147,中证交易所高等级绿色债券指数,交易所高等级绿色债,CSI Exchange High Grade Green Bond Index,Exchange High Grade Green Bond,,,,130.02,0.02,0.02,0.0,0.0,277.0,,2022-08-31,中证交易所高等级绿色债券指数
2022-08-31,931145,中证绿色债券指数,中证绿色债,CSI Green Bond Index,CSI Green Bond,,,,127.22,0.03,0.03,0.0,0.0,706.0,,2022-08-31,中证绿色债券指数
2022-09-01,930951,中证交易所绿色债券指数,交易所绿色债,CSI Exchange Green Bond Index,Exchange Green Bond,,,,130.01,0.03,0.02,0.0,0.0,300.0,,2022-09-01,中证交易所绿色债券指数
2022-09-01,931147,中证交易所高等级绿色债券指数,交易所高等级绿色债,CSI Exchange High Grade Green Bond Index,Exchange High Grade Green Bond,,,,130.05,0.03,0.02,0.0,0.0,278.0,,2022-09-01,中证交易所高等级绿色债券指数
2022-09-01,931145,中证绿色债券指数,中证绿色债,CSI Green Bond Index,CSI Green Bond,,,,127.26,0.04,0.03,0.0,0.0,712.0,,2022-09-01,中证绿色债券指数
2022-09-02,930951,中证交易所绿色债券指数,交易所绿色债,CSI Exchange Green Bond Index,Exchange Green Bond,,,,130.06,0.05,0.04,0.0,0.0,300.0,,2022-09-02,中证交易所绿色债券指数
2022-09-02,931147,中证交易所高等级绿色债券指数,交易所高等级绿色债,CSI Exchange High Grade Green Bond Index,Exchange High Grade Green Bond,,,,130.1,0.05,0.04,0.0,0.0,278.0,,2022-09-02,中证交易所高等级绿色债券指数
2022-09-02,931145,中证绿色债券指数,中证绿色债,CSI Green Bond Index,CSI Green Bond,,,,127.3,0.04,0.03,0.0,0.0,712.0,,2022-09-02,中证绿色债券指数
2022-09-05,930951,中证交易所绿色债券指数,交易所绿色债,CSI Exchange Green Bond Index,Exchange Green Bond,,,,130.12,0.05,0.04,0.0,0.0,300.0,,2022-09-05,中证交易所绿色债券指数
2022-09-05,931147,中证交易所高等级绿色债券指数,交易所高等级绿色债,CSI Exchange High Grade Green Bond Index,Exchange High Grade Green Bond,,,,130.15,0.05,0.04,0.0,0.0,278.0,,2022-09-05,中证交易所高等级绿色债券指数
2022-09-05,931145,中证绿色债券指数,中证绿色债,CSI Green Bond Index,CSI Green Bond,,,,127.35,0.05,0.04,0.0,0.0,712.0,,2022-09-05,中证绿色债券指数
2022-09-06,930951,中证交易所绿色债券指数,交易所绿色债,CSI Exchange Green Bond Index,Exchange Green Bond,,,,130.15,0.03,0.03,0.0,0.0,300.0,,2022-09-06,中证交易所绿色债券指数
2022-09-06,931147,中证交易所高等级绿色债券指数,交易所高等级绿色债,CSI Exchange High Grade Green Bond Index,Exchange High Grade Green Bond,,,,130.19,0.04,0.03,0.0,0.0,278.0,,2022-09-06,中证交易所高等级绿色债券指数
2022-09-06,931145,中证绿色债券指数,中证绿色债,CSI Green Bond Index,CSI Green Bond,,,,127.39,0.03,0.03,0.0,0.0,712.0,,2022-09-06,中证绿色债券指数
2022-09-07,930951,中证交易所绿色债券指数,交易所绿色债,CSI Exchange Green Bond Index,Exchange Green Bond,,,,130.18,0.03,0.03,0.0,0.0,300.0,,2022-09-07,中证交易所绿色债券指数
2022-09-07,931147,中证交易所高等级绿色债券指数,交易所高等级绿色债,CSI Exchange High Grade Green Bond Index,Exchange High Grade Green Bond,,,,130.23,0.04,0.03,0.0,0.0,278.0,,2022-09-07,中证交易所高等级绿色债券指数
2022-09-07,931145,中证绿色债券指数,中证绿色债,CSI Green Bond Index,CSI Green Bond,,,,127.41,0.03,0.02,0.0,0.0,712.0,,2022-09-07,中证绿色债券指数
2022-09-08,930951,中证交易所绿色债券指数,交易所绿色债,CSI Exchange Green Bond Index,Exchange Green Bond,,,,130.2,0.02,0.02,0.0,0.0,300.0,,2022-09-08,中证交易所绿色债券指数
2022-09-08,931147,中证交易所高等级绿色债券指数,交易所高等级绿色债,CSI Exchange High Grade Green Bond Index,Exchange High Grade Green Bond,,,,130.25,0.02,0.02,0.0,0.0,278.0,,2022-09-08,中证交易所高等级绿色债券指数
2022-09-08,931145,中证绿色债券指数,中证绿色债,CSI Green Bond Index,CSI Green Bond,,,,127.43,0.01,0.01,0.0,0.0,712.0,,2022-09-08,中证绿色债券指数
2022-09-09,930951,中证交易所绿色债券指数,交易所绿色债,CSI Exchange Green Bond Index,Exchange Green Bond,,,,130.22,0.02,0.01,0.0,0.0,300.0,,2022-09-09,中证交易所绿色债券指数
2022-09-09,931147,中证交易所高等级绿色债券指数,交易所高等级绿色债,CSI Exchange High Grade Green Bond Index,Exchange High Grade Green Bond,,,,130.27,0.02,0.02,0.0,0.0,278.0,,2022-09-09,中证交易所高等级绿色债券指数
2022-09-09,931145,中证绿色债券指数,中证绿色债,CSI Green Bond Index,CSI Green Bond,,,,127.44,0.01,0.01,0.0,0.0,712.0,,2022-09-09,中证绿色债券指数
2022-09-13,930951,中证交易所绿色债券指数,交易所绿色债,CSI Exchange Green Bond Index,Exchange Green Bond,,,,130.27,0.05,0.04,0.0,0.0,300.0,,2022-09-13,中证交易所绿色债券指数
2022-09-13,931147,中证交易所高等级绿色债券指数,交易所高等级绿色债,CSI Exchange High Grade Green Bond Index,Exchange High Grade Green Bond,,,,130.32,0.05,0.04,0.0,0.0,278.0,,2022-09-13,中证交易所高等级绿色债券指数
2022-09-13,931145,中证绿色债券指数,中证绿色债,CSI Green Bond Index,CSI Green Bond,,,,127.48,0.04,0.03,0.0,0.0,712.0,,2022-09-13,中证绿色债券指数
2022-09-14,930951,中证交易所绿色债券指数,交易所绿色债,CSI Exchange Green Bond Index,Exchange Green Bond,,,,130.29,0.01,0.01,0.0,0.0,300.0,,2022-09-14,中证交易所绿色债券指数
2022-09-14,931147,中证交易所高等级绿色债券指数,交易所高等级绿色债,CSI Exchange High Grade Green Bond Index,Exchange High Grade Green Bond,,,,130.33,0.01,0.01,0.0,0.0,278.0,,2022-09-14,中证交易所高等级绿色债券指数
2022-09-14,931145,中证绿色债券指数,中证绿色债,CSI Green Bond Index,CSI Green Bond,,,,127.48,0.0,0.0,0.0,0.0,712.0,,2022-09-14,中证绿色债券指数
2022-09-15,930951,中证交易所绿色债券指数,交易所绿色债,CSI Exchange Green Bond Index,Exchange Green Bond,,,,130.3,0.01,0.01,0.0,0.0,300.0,,2022-09-15,中证交易所绿色债券指数
2022-09-15,931147,中证交易所高等级绿色债券指数,交易所高等级绿色债,CSI Exchange High Grade Green Bond Index,Exchange High Grade Green Bond,,,,130.35,0.02,0.01,0.0,0.0,278.0,,2022-09-15,中证交易所高等级绿色债券指数
2022-09-15,931145,中证绿色债券指数,中证绿色债,CSI Green Bond Index,CSI Green Bond,,,,127.49,0.01,0.01,0.0,0.0,712.0,,2022-09-15,中证绿色债券指数
2022-09-16,930951,中证交易所绿色债券指数,交易所绿色债,CSI Exchange Green Bond Index,Exchange Green Bond,,,,130.31,0.01,0.01,0.0,0.0,300.0,,2022-09-16,中证交易所绿色债券指数
2022-09-16,931147,中证交易所高等级绿色债券指数,交易所高等级绿色债,CSI Exchange High Grade Green Bond Index,Exchange High Grade Green Bond,,,,130.36,0.01,0.01,0.0,0.0,278.0,,2022-09-16,中证交易所高等级绿色债券指数
2022-09-16,931145,中证绿色债券指数,中证绿色债,CSI Green Bond Index,CSI Green Bond,,,,127.49,0.0,0.0,0.0,0.0,712.0,,2022-09-16,中证绿色债券指数
2022-09-19,930951,中证交易所绿色债券指数,交易所绿色债,CSI Exchange Green Bond Index,Exchange Green Bond,,,,130.34,0.03,0.02,0.0,0.0,300.0,,2022-09-19,中证交易所绿色债券指数
2022-09-19,931147,中证交易所高等级绿色债券指数,交易所高等级绿色债,CSI Exchange High Grade Green Bond Index,Exchange High Grade Green Bond,,,,130.39,0.03,0.02,0.0,0.0,278.0,,2022-09-19,中证交易所高等级绿色债券指数
2022-09-19,931145,中证绿色债券指数,中证绿色债,CSI Green Bond Index,CSI Green Bond,,,,127.51,0.02,0.02,0.0,0.0,712.0,,2022-09-19,中证绿色债券指数
2022-09-20,930951,中证交易所绿色债券指数,交易所绿色债,CSI Exchange Green Bond Index,Exchange Green Bond,,,,130.34,0.0,0.0,0.0,0.0,300.0,,2022-09-20,中证交易所绿色债券指数
2022-09-20,931147,中证交易所高等级绿色债券指数,交易所高等级绿色债,CSI Exchange High Grade Green Bond Index,Exchange High Grade Green Bond,,,,130.39,0.0,0.0,0.0,0.0,278.0,,2022-09-20,中证交易所高等级绿色债券指数
2022-09-20,931145,中证绿色债券指数,中证绿色债,CSI Green Bond Index,CSI Green Bond,,,,127.52,0.01,0.01,0.0,0.0,712.0,,2022-09-20,中证绿色债券指数
2022-09-21,930951,中证交易所绿色债券指数,交易所绿色债,CSI Exchange Green Bond Index,Exchange Green Bond,,,,130.36,0.01,0.01,0.0,0.0,300.0,,2022-09-21,中证交易所绿色债券指数
2022-09-21,931147,中证交易所高等级绿色债券指数,交易所高等级绿色债,CSI Exchange High Grade Green Bond Index,Exchange High Grade Green Bond,,,,130.41,0.01,0.01,0.0,0.0,278.0,,2022-09-21,中证交易所高等级绿色债券指数
2022-09-21,931145,中证绿色债券指数,中证绿色债,CSI Green Bond Index,CSI Green Bond,,,,127.54,0.02,0.02,0.0,0.0,712.0,,2022-09-21,中证绿色债券指数
2022-09-22,930951,中证交易所绿色债券指数,交易所绿色债,CSI Exchange Green Bond Index,Exchange Green Bond,,,,130.38,0.03,0.02,0.0,0.0,300.0,,2022-09-22,中证交易所绿色债券指数
2022-09-22,931147,中证交易所高等级绿色债券指数,交易所高等级绿色债,CSI Exchange High Grade Green Bond Index,Exchange High Grade Green Bond,,,,130.44,0.03,0.02,0.0,0.0,278.0,,2022-09-22,中证交易所高等级绿色债券指数
2022-09-22,931145,中证绿色债券指数,中证绿色债,CSI Green Bond Index,CSI Green Bond,,,,127.57,0.03,0.03,0.0,0.0,712.0,,2022-09-22,中证绿色债券指数
2022-09-23,930951,中证交易所绿色债券指数,交易所绿色债,CSI Exchange Green Bond Index,Exchange Green Bond,,,,130.4,0.01,0.01,0.0,0.0,300.0,,2022-09-23,中证交易所绿色债券指数
2022-09-23,931147,中证交易所高等级绿色债券指数,交易所高等级绿色债,CSI Exchange High Grade Green Bond Index,Exchange High Grade Green Bond,,,,130.45,0.01,0.01,0.0,0.0,278.0,,2022-09-23,中证交易所高等级绿色债券指数
2022-09-23,931145,中证绿色债券指数,中证绿色债,CSI Green Bond Index,CSI Green Bond,,,,127.58,0.01,0.01,0.0,0.0,712.0,,2022-09-23,中证绿色债券指数
2022-09-26,930951,中证交易所绿色债券指数,交易所绿色债,CSI Exchange Green Bond Index,Exchange Green Bond,,,,130.42,0.02,0.02,0.0,0.0,299.0,,2022-09-26,中证交易所绿色债券指数
2022-09-26,931147,中证交易所高等级绿色债券指数,交易所高等级绿色债,CSI Exchange High Grade Green Bond Index,Exchange High Grade Green Bond,,,,130.47,0.02,0.02,0.0,0.0,277.0,,2022-09-26,中证交易所高等级绿色债券指数
2022-09-26,931145,中证绿色债券指数,中证绿色债,CSI Green Bond Index,CSI Green Bond,,,,127.59,0.01,0.0,0.0,0.0,711.0,,2022-09-26,中证绿色债券指数
2022-09-27,930951,中证交易所绿色债券指数,交易所绿色债,CSI Exchange Green Bond Index,Exchange Green Bond,,,,130.38,-0.04,-0.03,0.0,0.0,299.0,,2022-09-27,中证交易所绿色债券指数
2022-09-27,931147,中证交易所高等级绿色债券指数,交易所高等级绿色债,CSI Exchange High Grade Green Bond Index,Exchange High Grade Green Bond,,,,130.43,-0.04,-0.04,0.0,0.0,277.0,,2022-09-27,中证交易所高等级绿色债券指数
2022-09-27,931145,中证绿色债券指数,中证绿色债,CSI Green Bond Index,CSI Green Bond,,,,127.54,-0.05,-0.04,0.0,0.0,711.0,,2022-09-27,中证绿色债券指数
2022-09-28,930951,中证交易所绿色债券指数,交易所绿色债,CSI Exchange Green Bond Index,Exchange Green Bond,,,,130.36,-0.02,-0.01,0.0,0.0,299.0,,2022-09-28,中证交易所绿色债券指数
2022-09-28,931147,中证交易所高等级绿色债券指数,交易所高等级绿色债,CSI Exchange High Grade Green Bond Index,Exchange High Grade Green Bond,,,,130.41,-0.02,-0.01,0.0,0.0,277.0,,2022-09-28,中证交易所高等级绿色债券指数
2022-09-28,931145,中证绿色债券指数,中证绿色债,CSI Green Bond Index,CSI Green Bond,,,,127.51,-0.02,-0.02,0.0,0.0,711.0,,2022-09-28,中证绿色债券指数
2022-09-29,930951,中证交易所绿色债券指数,交易所绿色债,CSI Exchange Green Bond Index,Exchange Green Bond,,,,130.35,-0.01,-0.01,0.0,0.0,299.0,,2022-09-29,中证交易所绿色债券指数
2022-09-29,931147,中证交易所高等级绿色债券指数,交易所高等级绿色债,CSI Exchange High Grade Green Bond Index,Exchange High Grade Green Bond,,,,130.39,-0.01,-0.01,0.0,0.0,277.0,,2022-09-29,中证交易所高等级绿色债券指数
2022-09-29,931145,中证绿色债券指数,中证绿色债,CSI Green Bond Index,CSI Green Bond,,,,127.5,-0.01,-0.01,0.0,0.0,711.0,,2022-09-29,中证绿色债券指数
2022-09-30,930951,中证交易所绿色债券指数,交易所绿色债,CSI Exchange Green Bond Index,Exchange Green Bond,,,,130.31,-0.04,-0.03,0.0,0.0,299.0,,2022-09-30,中证交易所绿色债券指数
2022-09-30,931147,中证交易所高等级绿色债券指数,交易所高等级绿色债,CSI Exchange High Grade Green Bond Index,Exchange High Grade Green Bond,,,,130.34,-0.05,-0.04,0.0,0.0,277.0,,2022-09-30,中证交易所高等级绿色债券指数
2022-09-30,931145,中证绿色债券指数,中证绿色债,CSI Green Bond Index,CSI Green Bond,,,,127.47,-0.04,-0.03,0.0,0.0,711.0,,2022-09-30,中证绿色债券指数
2022-10-10,930951,中证交易所绿色债券指数,交易所绿色债,CSI Exchange Green Bond Index,Exchange Green Bond,,,,130.48,0.17,0.13,0.0,0.0,305.0,,2022-10-10,中证交易所绿色债券指数
2022-10-10,931147,中证交易所高等级绿色债券指数,交易所高等级绿色债,CSI Exchange High Grade Green Bond Index,Exchange High Grade Green Bond,,,,130.51,0.17,0.13,0.0,0.0,281.0,,2022-10-10,中证交易所高等级绿色债券指数
2022-10-10,931145,中证绿色债券指数,中证绿色债,CSI Green Bond Index,CSI Green Bond,,,,127.63,0.16,0.13,0.0,0.0,742.0,,2022-10-10,中证绿色债券指数
2022-10-11,930951,中证交易所绿色债券指数,交易所绿色债,CSI Exchange Green Bond Index,Exchange Green Bond,,,,130.51,0.03,0.02,0.0,0.0,305.0,,2022-10-11,中证交易所绿色债券指数
2022-10-11,931147,中证交易所高等级绿色债券指数,交易所高等级绿色债,CSI Exchange High Grade Green Bond Index,Exchange High Grade Green Bond,,,,130.54,0.03,0.03,0.0,0.0,281.0,,2022-10-11,中证交易所高等级绿色债券指数
2022-10-11,931145,中证绿色债券指数,中证绿色债,CSI Green Bond Index,CSI Green Bond,,,,127.66,0.03,0.02,0.0,0.0,742.0,,2022-10-11,中证绿色债券指数
2022-10-12,930951,中证交易所绿色债券指数,交易所绿色债,CSI Exchange Green Bond Index,Exchange Green Bond,,,,130.53,0.02,0.01,0.0,0.0,305.0,,2022-10-12,中证交易所绿色债券指数
2022-10-12,931147,中证交易所高等级绿色债券指数,交易所高等级绿色债,CSI Exchange High Grade Green Bond Index,Exchange High Grade Green Bond,,,,130.56,0.02,0.01,0.0,0.0,281.0,,2022-10-12,中证交易所高等级绿色债券指数
2022-10-12,931145,中证绿色债券指数,中证绿色债,CSI Green Bond Index,CSI Green Bond,,,,127.68,0.02,0.01,0.0,0.0,742.0,,2022-10-12,中证绿色债券指数
2022-10-13,930951,中证交易所绿色债券指数,交易所绿色债,CSI Exchange Green Bond Index,Exchange Green Bond,,,,130.55,0.02,0.02,0.0,0.0,305.0,,2022-10-13,中证交易所绿色债券指数
2022-10-13,931147,中证交易所高等级绿色债券指数,交易所高等级绿色债,CSI Exchange High Grade Green Bond Index,Exchange High Grade Green Bond,,,,130.58,0.03,0.02,0.0,0.0,281.0,,2022-10-13,中证交易所高等级绿色债券指数
2022-10-13,931145,中证绿色债券指数,中证绿色债,CSI Green Bond Index,CSI Green Bond,,,,127.7,0.02,0.02,0.0,0.0,740.0,,2022-10-13,中证绿色债券指数
2022-10-14,930951,中证交易所绿色债券指数,交易所绿色债,CSI Exchange Green Bond Index,Exchange Green Bond,,,,130.58,0.03,0.02,0.0,0.0,305.0,,2022-10-14,中证交易所绿色债券指数
2022-10-14,931147,中证交易所高等级绿色债券指数,交易所高等级绿色债,CSI Exchange High Grade Green Bond Index,Exchange High Grade Green Bond,,,,130.61,0.03,0.02,0.0,0.0,281.0,,2022-10-14,中证交易所高等级绿色债券指数
2022-10-14,931145,中证绿色债券指数,中证绿色债,CSI Green Bond Index,CSI Green Bond,,,,127.72,0.02,0.02,0.0,0.0,740.0,,2022-10-14,中证绿色债券指数
2022-10-17,930951,中证交易所绿色债券指数,交易所绿色债,CSI Exchange Green Bond Index,Exchange Green Bond,,,,130.66,0.08,0.06,0.0,0.0,305.0,,2022-10-17,中证交易所绿色债券指数
2022-10-17,931147,中证交易所高等级绿色债券指数,交易所高等级绿色债,CSI Exchange High Grade Green Bond Index,Exchange High Grade Green Bond,,,,130.7,0.08,0.06,0.0,0.0,281.0,,2022-10-17,中证交易所高等级绿色债券指数
2022-10-17,931145,中证绿色债券指数,中证绿色债,CSI Green Bond Index,CSI Green Bond,,,,127.79,0.07,0.05,0.0,0.0,740.0,,2022-10-17,中证绿色债券指数
2022-10-18,930951,中证交易所绿色债券指数,交易所绿色债,CSI Exchange Green Bond Index,Exchange Green Bond,,,,130.69,0.04,0.03,0.0,0.0,305.0,,2022-10-18,中证交易所绿色债券指数
2022-10-18,931147,中证交易所高等级绿色债券指数,交易所高等级绿色债,CSI Exchange High Grade Green Bond Index,Exchange High Grade Green Bond,,,,130.73,0.04,0.03,0.0,0.0,281.0,,2022-10-18,中证交易所高等级绿色债券指数
2022-10-18,931145,中证绿色债券指数,中证绿色债,CSI Green Bond Index,CSI Green Bond,,,,127.82,0.03,0.02,0.0,0.0,740.0,,2022-10-18,中证绿色债券指数
2022-10-19,930951,中证交易所绿色债券指数,交易所绿色债,CSI Exchange Green Bond Index,Exchange Green Bond,,,,130.72,0.03,0.02,0.0,0.0,305.0,,2022-10-19,中证交易所绿色债券指数
2022-10-19,931147,中证交易所高等级绿色债券指数,交易所高等级绿色债,CSI Exchange High Grade Green Bond Index,Exchange High Grade Green Bond,,,,130.77,0.03,0.03,0.0,0.0,281.0,,2022-10-19,中证交易所高等级绿色债券指数
2022-10-19,931145,中证绿色债券指数,中证绿色债,CSI Green Bond Index,CSI Green Bond,,,,127.85,0.03,0.03,0.0,0.0,740.0,,2022-10-19,中证绿色债券指数
2022-10-20,930951,中证交易所绿色债券指数,交易所绿色债,CSI Exchange Green Bond Index,Exchange Green Bond,,,,130.76,0.04,0.03,0.0,0.0,305.0,,2022-10-20,中证交易所绿色债券指数
2022-10-20,931147,中证交易所高等级绿色债券指数,交易所高等级绿色债,CSI Exchange High Grade Green Bond Index,Exchange High Grade Green Bond,,,,130.81,0.04,0.03,0.0,0.0,281.0,,2022-10-20,中证交易所高等级绿色债券指数
2022-10-20,931145,中证绿色债券指数,中证绿色债,CSI Green Bond Index,CSI Green Bond,,,,127.87,0.03,0.02,0.0,0.0,740.0,,2022-10-20,中证绿色债券指数
2022-10-21,930951,中证交易所绿色债券指数,交易所绿色债,CSI Exchange Green Bond Index,Exchange Green Bond,,,,130.78,0.02,0.02,0.0,0.0,305.0,,2022-10-21,中证交易所绿色债券指数
2022-10-21,931147,中证交易所高等级绿色债券指数,交易所高等级绿色债,CSI Exchange High Grade Green Bond Index,Exchange High Grade Green Bond,,,,130.83,0.02,0.02,0.0,0.0,281.0,,2022-10-21,中证交易所高等级绿色债券指数
2022-10-21,931145,中证绿色债券指数,中证绿色债,CSI Green Bond Index,CSI Green Bond,,,,127.88,0.01,0.01,0.0,0.0,740.0,,2022-10-21,中证绿色债券指数
2022-10-24,930951,中证交易所绿色债券指数,交易所绿色债,CSI Exchange Green Bond Index,Exchange Green Bond,,,,130.82,0.03,0.02,0.0,0.0,305.0,,2022-10-24,中证交易所绿色债券指数
2022-10-24,931147,中证交易所高等级绿色债券指数,交易所高等级绿色债,CSI Exchange High Grade Green Bond Index,Exchange High Grade Green Bond,,,,130.87,0.03,0.03,0.0,0.0,281.0,,2022-10-24,中证交易所高等级绿色债券指数
2022-10-24,931145,中证绿色债券指数,中证绿色债,CSI Green Bond Index,CSI Green Bond,,,,127.91,0.02,0.02,0.0,0.0,740.0,,2022-10-24,中证绿色债券指数
2022-10-25,930951,中证交易所绿色债券指数,交易所绿色债,CSI Exchange Green Bond Index,Exchange Green Bond,,,,130.81,0.0,0.0,0.0,0.0,305.0,,2022-10-25,中证交易所绿色债券指数
2022-10-25,931147,中证交易所高等级绿色债券指数,交易所高等级绿色债,CSI Exchange High Grade Green Bond Index,Exchange High Grade Green Bond,,,,130.86,0.0,0.0,0.0,0.0,281.0,,2022-10-25,中证交易所高等级绿色债券指数
2022-10-25,931145,中证绿色债券指数,中证绿色债,CSI Green Bond Index,CSI Green Bond,,,,127.9,-0.01,-0.01,0.0,0.0,740.0,,2022-10-25,中证绿色债券指数
2022-10-26,930951,中证交易所绿色债券指数,交易所绿色债,CSI Exchange Green Bond Index,Exchange Green Bond,,,,130.79,-0.02,-0.02,0.0,0.0,305.0,,2022-10-26,中证交易所绿色债券指数
2022-10-26,931147,中证交易所高等级绿色债券指数,交易所高等级绿色债,CSI Exchange High Grade Green Bond Index,Exchange High Grade Green Bond,,,,130.84,-0.03,-0.02,0.0,0.0,281.0,,2022-10-26,中证交易所高等级绿色债券指数
2022-10-26,931145,中证绿色债券指数,中证绿色债,CSI Green Bond Index,CSI Green Bond,,,,127.89,-0.01,-0.01,0.0,0.0,740.0,,2022-10-26,中证绿色债券指数
2022-10-27,930951,中证交易所绿色债券指数,交易所绿色债,CSI Exchange Green Bond Index,Exchange Green Bond,,,,130.81,0.03,0.02,0.0,0.0,305.0,,2022-10-27,中证交易所绿色债券指数
2022-10-27,931147,中证交易所高等级绿色债券指数,交易所高等级绿色债,CSI Exchange High Grade Green Bond Index,Exchange High Grade Green Bond,,,,130.86,0.03,0.02,0.0,0.0,281.0,,2022-10-27,中证交易所高等级绿色债券指数
2022-10-27,931145,中证绿色债券指数,中证绿色债,CSI Green Bond Index,CSI Green Bond,,,,127.92,0.03,0.03,0.0,0.0,740.0,,2022-10-27,中证绿色债券指数
2022-10-28,930951,中证交易所绿色债券指数,交易所绿色债,CSI Exchange Green Bond Index,Exchange Green Bond,,,,130.83,0.02,0.01,0.0,0.0,305.0,,2022-10-28,中证交易所绿色债券指数
2022-10-28,931147,中证交易所高等级绿色债券指数,交易所高等级绿色债,CSI Exchange High Grade Green Bond Index,Exchange High Grade Green Bond,,,,130.88,0.02,0.01,0.0,0.0,281.0,,2022-10-28,中证交易所高等级绿色债券指数
2022-10-28,931145,中证绿色债券指数,中证绿色债,CSI Green Bond Index,CSI Green Bond,,,,127.94,0.02,0.02,0.0,0.0,740.0,,2022-10-28,中证绿色债券指数
2022-10-31,930951,中证交易所绿色债券指数,交易所绿色债,CSI Exchange Green Bond Index,Exchange Green Bond,,,,130.86,0.03,0.02,0.0,0.0,305.0,,2022-10-31,中证交易所绿色债券指数
2022-10-31,931147,中证交易所高等级绿色债券指数,交易所高等级绿色债,CSI Exchange High Grade Green Bond Index,Exchange High Grade Green Bond,,,,130.91,0.03,0.02,0.0,0.0,281.0,,2022-10-31,中证交易所高等级绿色债券指数
2022-10-31,931145,中证绿色债券指数,中证绿色债,CSI Green Bond Index,CSI Green Bond,,,,127.97,0.03,0.03,0.0,0.0,740.0,,2022-10-31,中证绿色债券指数
2022-11-01,930951,中证交易所绿色债券指数,交易所绿色债,CSI Exchange Green Bond Index,Exchange Green Bond,,,,130.88,0.02,0.01,0.0,0.0,309.0,,2022-11-01,中证交易所绿色债券指数
2022-11-01,931147,中证交易所高等级绿色债券指数,交易所高等级绿色债,CSI Exchange High Grade Green Bond Index,Exchange High Grade Green Bond,,,,130.93,0.02,0.01,0.0,0.0,284.0,,2022-11-01,中证交易所高等级绿色债券指数
2022-11-01,931145,中证绿色债券指数,中证绿色债,CSI Green Bond Index,CSI Green Bond,,,,127.98,0.01,0.0,0.0,0.0,754.0,,2022-11-01,中证绿色债券指数
2022-11-02,930951,中证交易所绿色债券指数,交易所绿色债,CSI Exchange Green Bond Index,Exchange Green Bond,,,,130.89,0.01,0.01,0.0,0.0,309.0,,2022-11-02,中证交易所绿色债券指数
2022-11-02,931147,中证交易所高等级绿色债券指数,交易所高等级绿色债,CSI Exchange High Grade Green Bond Index,Exchange High Grade Green Bond,,,,130.94,0.01,0.01,0.0,0.0,284.0,,2022-11-02,中证交易所高等级绿色债券指数
2022-11-02,931145,中证绿色债券指数,中证绿色债,CSI Green Bond Index,CSI Green Bond,,,,127.97,0.0,0.0,0.0,0.0,754.0,,2022-11-02,中证绿色债券指数
2022-11-03,930951,中证交易所绿色债券指数,交易所绿色债,CSI Exchange Green Bond Index,Exchange Green Bond,,,,130.89,0.0,0.0,0.0,0.0,309.0,,2022-11-03,中证交易所绿色债券指数
2022-11-03,931147,中证交易所高等级绿色债券指数,交易所高等级绿色债,CSI Exchange High Grade Green Bond Index,Exchange High Grade Green Bond,,,,130.93,0.0,0.0,0.0,0.0,284.0,,2022-11-03,中证交易所高等级绿色债券指数
2022-11-03,931145,中证绿色债券指数,中证绿色债,CSI Green Bond Index,CSI Green Bond,,,,127.97,0.0,0.0,0.0,0.0,754.0,,2022-11-03,中证绿色债券指数
2022-11-04,930951,中证交易所绿色债券指数,交易所绿色债,CSI Exchange Green Bond Index,Exchange Green Bond,,,,130.86,-0.03,-0.02,0.0,0.0,309.0,,2022-11-04,中证交易所绿色债券指数
2022-11-04,931147,中证交易所高等级绿色债券指数,交易所高等级绿色债,CSI Exchange High Grade Green Bond Index,Exchange High Grade Green Bond,,,,130.91,-0.03,-0.02,0.0,0.0,284.0,,2022-11-04,中证交易所高等级绿色债券指数
2022-11-04,931145,中证绿色债券指数,中证绿色债,CSI Green Bond Index,CSI Green Bond,,,,127.95,-0.02,-0.01,0.0,0.0,754.0,,2022-11-04,中证绿色债券指数
2022-11-07,930951,中证交易所绿色债券指数,交易所绿色债,CSI Exchange Green Bond Index,Exchange Green Bond,,,,130.85,-0.01,-0.01,0.0,0.0,309.0,,2022-11-07,中证交易所绿色债券指数
2022-11-07,931147,中证交易所高等级绿色债券指数,交易所高等级绿色债,CSI Exchange High Grade Green Bond Index,Exchange High Grade Green Bond,,,,130.89,-0.01,-0.01,0.0,0.0,284.0,,2022-11-07,中证交易所高等级绿色债券指数
2022-11-07,931145,中证绿色债券指数,中证绿色债,CSI Green Bond Index,CSI Green Bond,,,,127.95,0.0,0.0,0.0,0.0,754.0,,2022-11-07,中证绿色债券指数
2022-11-08,930951,中证交易所绿色债券指数,交易所绿色债,CSI Exchange Green Bond Index,Exchange Green Bond,,,,130.81,-0.04,-0.03,0.0,0.0,309.0,,2022-11-08,中证交易所绿色债券指数
2022-11-08,931147,中证交易所高等级绿色债券指数,交易所高等级绿色债,CSI Exchange High Grade Green Bond Index,Exchange High Grade Green Bond,,,,130.86,-0.04,-0.03,0.0,0.0,284.0,,2022-11-08,中证交易所高等级绿色债券指数
2022-11-08,931145,中证绿色债券指数,中证绿色债,CSI Green Bond Index,CSI Green Bond,,,,127.9,-0.04,-0.03,0.0,0.0,754.0,,2022-11-08,中证绿色债券指数
2022-11-09,930951,中证交易所绿色债券指数,交易所绿色债,CSI Exchange Green Bond Index,Exchange Green Bond,,,,130.76,-0.05,-0.04,0.0,0.0,309.0,,2022-11-09,中证交易所绿色债券指数
2022-11-09,931147,中证交易所高等级绿色债券指数,交易所高等级绿色债,CSI Exchange High Grade Green Bond Index,Exchange High Grade Green Bond,,,,130.81,-0.05,-0.04,0.0,0.0,284.0,,2022-11-09,中证交易所高等级绿色债券指数
2022-11-09,931145,中证绿色债券指数,中证绿色债,CSI Green Bond Index,CSI Green Bond,,,,127.87,-0.04,-0.03,0.0,0.0,754.0,,2022-11-09,中证绿色债券指数
2022-11-10,930951,中证交易所绿色债券指数,交易所绿色债,CSI Exchange Green Bond Index,Exchange Green Bond,,,,130.7,-0.06,-0.05,0.0,0.0,309.0,,2022-11-10,中证交易所绿色债券指数
2022-11-10,931147,中证交易所高等级绿色债券指数,交易所高等级绿色债,CSI Exchange High Grade Green Bond Index,Exchange High Grade Green Bond,,,,130.75,-0.06,-0.05,0.0,0.0,284.0,,2022-11-10,中证交易所高等级绿色债券指数
2022-11-10,931145,中证绿色债券指数,中证绿色债,CSI Green Bond Index,CSI Green Bond,,,,127.81,-0.05,-0.04,0.0,0.0,754.0,,2022-11-10,中证绿色债券指数
2022-11-11,930951,中证交易所绿色债券指数,交易所绿色债,CSI Exchange Green Bond Index,Exchange Green Bond,,,,130.63,-0.07,-0.05,0.0,0.0,309.0,,2022-11-11,中证交易所绿色债券指数
2022-11-11,931147,中证交易所高等级绿色债券指数,交易所高等级绿色债,CSI Exchange High Grade Green Bond Index,Exchange High Grade Green Bond,,,,130.68,-0.07,-0.05,0.0,0.0,284.0,,2022-11-11,中证交易所高等级绿色债券指数
2022-11-11,931145,中证绿色债券指数,中证绿色债,CSI Green Bond Index,CSI Green Bond,,,,127.74,-0.07,-0.06,0.0,0.0,754.0,,2022-11-11,中证绿色债券指数
2022-11-14,930951,中证交易所绿色债券指数,交易所绿色债,CSI Exchange Green Bond Index,Exchange Green Bond,,,,130.52,-0.11,-0.09,0.0,0.0,309.0,,2022-11-14,中证交易所绿色债券指数
2022-11-14,931147,中证交易所高等级绿色债券指数,交易所高等级绿色债,CSI Exchange High Grade Green Bond Index,Exchange High Grade Green Bond,,,,130.57,-0.11,-0.09,0.0,0.0,284.0,,2022-11-14,中证交易所高等级绿色债券指数
2022-11-14,931145,中证绿色债券指数,中证绿色债,CSI Green Bond Index,CSI Green Bond,,,,127.56,-0.18,-0.14,0.0,0.0,754.0,,2022-11-14,中证绿色债券指数
2022-11-15,930951,中证交易所绿色债券指数,交易所绿色债,CSI Exchange Green Bond Index,Exchange Green Bond,,,,130.31,-0.21,-0.16,0.0,0.0,309.0,,2022-11-15,中证交易所绿色债券指数
2022-11-15,931147,中证交易所高等级绿色债券指数,交易所高等级绿色债,CSI Exchange High Grade Green Bond Index,Exchange High Grade Green Bond,,,,130.36,-0.2,-0.16,0.0,0.0,284.0,,2022-11-15,中证交易所高等级绿色债券指数
2022-11-15,931145,中证绿色债券指数,中证绿色债,CSI Green Bond Index,CSI Green Bond,,,,127.37,-0.19,-0.15,0.0,0.0,754.0,,2022-11-15,中证绿色债券指数
2022-11-16,930951,中证交易所绿色债券指数,交易所绿色债,CSI Exchange Green Bond Index,Exchange Green Bond,,,,130.01,-0.3,-0.23,0.0,0.0,309.0,,2022-11-16,中证交易所绿色债券指数
2022-11-16,931147,中证交易所高等级绿色债券指数,交易所高等级绿色债,CSI Exchange High Grade Green Bond Index,Exchange High Grade Green Bond,,,,130.06,-0.3,-0.23,0.0,0.0,284.0,,2022-11-16,中证交易所高等级绿色债券指数
2022-11-16,931145,中证绿色债券指数,中证绿色债,CSI Green Bond Index,CSI Green Bond,,,,127.13,-0.24,-0.19,0.0,0.0,754.0,,2022-11-16,中证绿色债券指数
2022-11-17,930951,中证交易所绿色债券指数,交易所绿色债,CSI Exchange Green Bond Index,Exchange Green Bond,,,,129.78,-0.23,-0.18,0.0,0.0,309.0,,2022-11-17,中证交易所绿色债券指数
2022-11-17,931147,中证交易所高等级绿色债券指数,交易所高等级绿色债,CSI Exchange High Grade Green Bond Index,Exchange High Grade Green Bond,,,,129.83,-0.23,-0.17,0.0,0.0,284.0,,2022-11-17,中证交易所高等级绿色债券指数
2022-11-17,931145,中证绿色债券指数,中证绿色债,CSI Green Bond Index,CSI Green Bond,,,,126.95,-0.18,-0.14,0.0,0.0,754.0,,2022-11-17,中证绿色债券指数
2022-11-18,930951,中证交易所绿色债券指数,交易所绿色债,CSI Exchange Green Bond Index,Exchange Green Bond,,,,129.66,-0.13,-0.1,0.0,0.0,309.0,,2022-11-18,中证交易所绿色债券指数
2022-11-18,931147,中证交易所高等级绿色债券指数,交易所高等级绿色债,CSI Exchange High Grade Green Bond Index,Exchange High Grade Green Bond,,,,129.71,-0.13,-0.1,0.0,0.0,284.0,,2022-11-18,中证交易所高等级绿色债券指数
2022-11-18,931145,中证绿色债券指数,中证绿色债,CSI Green Bond Index,CSI Green Bond,,,,126.89,-0.06,-0.04,0.0,0.0,754.0,,2022-11-18,中证绿色债券指数
2022-11-21,930951,中证交易所绿色债券指数,交易所绿色债,CSI Exchange Green Bond Index,Exchange Green Bond,,,,129.73,0.08,0.06,0.0,0.0,309.0,,2022-11-21,中证交易所绿色债券指数
2022-11-21,931147,中证交易所高等级绿色债券指数,交易所高等级绿色债,CSI Exchange High Grade Green Bond Index,Exchange High Grade Green Bond,,,,129.78,0.08,0.06,0.0,0.0,284.0,,2022-11-21,中证交易所高等级绿色债券指数
2022-11-21,931145,中证绿色债券指数,中证绿色债,CSI Green Bond Index,CSI Green Bond,,,,127.0,0.12,0.09,0.0,0.0,754.0,,2022-11-21,中证绿色债券指数
2022-11-22,930951,中证交易所绿色债券指数,交易所绿色债,CSI Exchange Green Bond Index,Exchange Green Bond,,,,129.75,0.01,0.01,0.0,0.0,309.0,,2022-11-22,中证交易所绿色债券指数
2022-11-22,931147,中证交易所高等级绿色债券指数,交易所高等级绿色债,CSI Exchange High Grade Green Bond Index,Exchange High Grade Green Bond,,,,129.8,0.01,0.01,0.0,0.0,284.0,,2022-11-22,中证交易所高等级绿色债券指数
2022-11-22,931145,中证绿色债券指数,中证绿色债,CSI Green Bond Index,CSI Green Bond,,,,127.04,0.03,0.03,0.0,0.0,754.0,,2022-11-22,中证绿色债券指数
2022-11-23,930951,中证交易所绿色债券指数,交易所绿色债,CSI Exchange Green Bond Index,Exchange Green Bond,,,,129.77,0.03,0.02,0.0,0.0,309.0,,2022-11-23,中证交易所绿色债券指数
2022-11-23,931147,中证交易所高等级绿色债券指数,交易所高等级绿色债,CSI Exchange High Grade Green Bond Index,Exchange High Grade Green Bond,,,,129.82,0.03,0.02,0.0,0.0,284.0,,2022-11-23,中证交易所高等级绿色债券指数
2022-11-23,931145,中证绿色债券指数,中证绿色债,CSI Green Bond Index,CSI Green Bond,,,,127.09,0.05,0.04,0.0,0.0,754.0,,2022-11-23,中证绿色债券指数
2022-11-24,930951,中证交易所绿色债券指数,交易所绿色债,CSI Exchange Green Bond Index,Exchange Green Bond,,,,129.88,0.11,0.08,0.0,0.0,309.0,,2022-11-24,中证交易所绿色债券指数
2022-11-24,931147,中证交易所高等级绿色债券指数,交易所高等级绿色债,CSI Exchange High Grade Green Bond Index,Exchange High Grade Green Bond,,,,129.93,0.1,0.08,0.0,0.0,284.0,,2022-11-24,中证交易所高等级绿色债券指数
2022-11-24,931145,中证绿色债券指数,中证绿色债,CSI Green Bond Index,CSI Green Bond,,,,127.22,0.13,0.1,0.0,0.0,754.0,,2022-11-24,中证绿色债券指数
2022-11-25,930951,中证交易所绿色债券指数,交易所绿色债,CSI Exchange Green Bond Index,Exchange Green Bond,,,,129.95,0.07,0.05,0.0,0.0,309.0,,2022-11-25,中证交易所绿色债券指数
2022-11-25,931147,中证交易所高等级绿色债券指数,交易所高等级绿色债,CSI Exchange High Grade Green Bond Index,Exchange High Grade Green Bond,,,,129.99,0.07,0.05,0.0,0.0,284.0,,2022-11-25,中证交易所高等级绿色债券指数
2022-11-25,931145,中证绿色债券指数,中证绿色债,CSI Green Bond Index,CSI Green Bond,,,,127.26,0.04,0.03,0.0,0.0,754.0,,2022-11-25,中证绿色债券指数
2022-11-28,930951,中证交易所绿色债券指数,交易所绿色债,CSI Exchange Green Bond Index,Exchange Green Bond,,,,129.98,0.03,0.03,0.0,0.0,309.0,,2022-11-28,中证交易所绿色债券指数
2022-11-28,931147,中证交易所高等级绿色债券指数,交易所高等级绿色债,CSI Exchange High Grade Green Bond Index,Exchange High Grade Green Bond,,,,130.03,0.04,0.03,0.0,0.0,284.0,,2022-11-28,中证交易所高等级绿色债券指数
2022-11-28,931145,中证绿色债券指数,中证绿色债,CSI Green Bond Index,CSI Green Bond,,,,127.26,0.0,0.0,0.0,0.0,754.0,,2022-11-28,中证绿色债券指数
2022-11-29,930951,中证交易所绿色债券指数,交易所绿色债,CSI Exchange Green Bond Index,Exchange Green Bond,,,,129.86,-0.12,-0.1,0.0,0.0,308.0,,2022-11-29,中证交易所绿色债券指数
2022-11-29,931147,中证交易所高等级绿色债券指数,交易所高等级绿色债,CSI Exchange High Grade Green Bond Index,Exchange High Grade Green Bond,,,,129.91,-0.12,-0.09,0.0,0.0,283.0,,2022-11-29,中证交易所高等级绿色债券指数
2022-11-29,931145,中证绿色债券指数,中证绿色债,CSI Green Bond Index,CSI Green Bond,,,,127.14,-0.12,-0.09,0.0,0.0,753.0,,2022-11-29,中证绿色债券指数
2022-11-30,930951,中证交易所绿色债券指数,交易所绿色债,CSI Exchange Green Bond Index,Exchange Green Bond,,,,129.72,-0.13,-0.1,0.0,0.0,308.0,,2022-11-30,中证交易所绿色债券指数
2022-11-30,931147,中证交易所高等级绿色债券指数,交易所高等级绿色债,CSI Exchange High Grade Green Bond Index,Exchange High Grade Green Bond,,,,129.78,-0.13,-0.1,0.0,0.0,283.0,,2022-11-30,中证交易所高等级绿色债券指数
2022-11-30,931145,中证绿色债券指数,中证绿色债,CSI Green Bond Index,CSI Green Bond,,,,127.02,-0.12,-0.09,0.0,0.0,753.0,,2022-11-30,中证绿色债券指数
2022-12-01,930951,中证交易所绿色债券指数,交易所绿色债,CSI Exchange Green Bond Index,Exchange Green Bond,,,,129.67,-0.06,-0.04,0.0,0.0,308.0,,2022-12-01,中证交易所绿色债券指数
2022-12-01,931147,中证交易所高等级绿色债券指数,交易所高等级绿色债,CSI Exchange High Grade Green Bond Index,Exchange High Grade Green Bond,,,,129.72,-0.06,-0.04,0.0,0.0,282.0,,2022-12-01,中证交易所高等级绿色债券指数
2022-12-01,931145,中证绿色债券指数,中证绿色债,CSI Green Bond Index,CSI Green Bond,,,,126.94,-0.08,-0.06,0.0,0.0,762.0,,2022-12-01,中证绿色债券指数
2022-12-02,930951,中证交易所绿色债券指数,交易所绿色债,CSI Exchange Green Bond Index,Exchange Green Bond,,,,129.61,-0.06,-0.04,0.0,0.0,308.0,,2022-12-02,中证交易所绿色债券指数
2022-12-02,931147,中证交易所高等级绿色债券指数,交易所高等级绿色债,CSI Exchange High Grade Green Bond Index,Exchange High Grade Green Bond,,,,129.67,-0.05,-0.04,0.0,0.0,282.0,,2022-12-02,中证交易所高等级绿色债券指数
2022-12-02,931145,中证绿色债券指数,中证绿色债,CSI Green Bond Index,CSI Green Bond,,,,126.92,-0.02,-0.02,0.0,0.0,762.0,,2022-12-02,中证绿色债券指数
2022-12-05,930951,中证交易所绿色债券指数,交易所绿色债,CSI Exchange Green Bond Index,Exchange Green Bond,,,,129.6,-0.01,-0.01,0.0,0.0,308.0,,2022-12-05,中证交易所绿色债券指数
2022-12-05,931147,中证交易所高等级绿色债券指数,交易所高等级绿色债,CSI Exchange High Grade Green Bond Index,Exchange High Grade Green Bond,,,,129.66,-0.01,-0.01,0.0,0.0,282.0,,2022-12-05,中证交易所高等级绿色债券指数
2022-12-05,931145,中证绿色债券指数,中证绿色债,CSI Green Bond Index,CSI Green Bond,,,,126.92,0.0,0.0,0.0,0.0,762.0,,2022-12-05,中证绿色债券指数
2022-12-06,930951,中证交易所绿色债券指数,交易所绿色债,CSI Exchange Green Bond Index,Exchange Green Bond,,,,129.51,-0.08,-0.06,0.0,0.0,308.0,,2022-12-06,中证交易所绿色债券指数
2022-12-06,931147,中证交易所高等级绿色债券指数,交易所高等级绿色债,CSI Exchange High Grade Green Bond Index,Exchange High Grade Green Bond,,,,129.58,-0.08,-0.06,0.0,0.0,282.0,,2022-12-06,中证交易所高等级绿色债券指数
2022-12-06,931145,中证绿色债券指数,中证绿色债,CSI Green Bond Index,CSI Green Bond,,,,126.83,-0.09,-0.07,0.0,0.0,762.0,,2022-12-06,中证绿色债券指数
2022-12-07,930951,中证交易所绿色债券指数,交易所绿色债,CSI Exchange Green Bond Index,Exchange Green Bond,,,,129.35,-0.16,-0.13,0.0,0.0,308.0,,2022-12-07,中证交易所绿色债券指数
2022-12-07,931147,中证交易所高等级绿色债券指数,交易所高等级绿色债,CSI Exchange High Grade Green Bond Index,Exchange High Grade Green Bond,,,,129.42,-0.16,-0.12,0.0,0.0,282.0,,2022-12-07,中证交易所高等级绿色债券指数
2022-12-07,931145,中证绿色债券指数,中证绿色债,CSI Green Bond Index,CSI Green Bond,,,,126.7,-0.13,-0.1,0.0,0.0,762.0,,2022-12-07,中证绿色债券指数
2022-12-08,930951,中证交易所绿色债券指数,交易所绿色债,CSI Exchange Green Bond Index,Exchange Green Bond,,,,129.19,-0.16,-0.12,0.0,0.0,308.0,,2022-12-08,中证交易所绿色债券指数
2022-12-08,931147,中证交易所高等级绿色债券指数,交易所高等级绿色债,CSI Exchange High Grade Green Bond Index,Exchange High Grade Green Bond,,,,129.26,-0.16,-0.12,0.0,0.0,282.0,,2022-12-08,中证交易所高等级绿色债券指数
2022-12-08,931145,中证绿色债券指数,中证绿色债,CSI Green Bond Index,CSI Green Bond,,,,126.59,-0.11,-0.09,0.0,0.0,762.0,,2022-12-08,中证绿色债券指数
2022-12-09,930951,中证交易所绿色债券指数,交易所绿色债,CSI Exchange Green Bond Index,Exchange Green Bond,,,,129.13,-0.06,-0.04,0.0,0.0,308.0,,2022-12-09,中证交易所绿色债券指数
2022-12-09,931147,中证交易所高等级绿色债券指数,交易所高等级绿色债,CSI Exchange High Grade Green Bond Index,Exchange High Grade Green Bond,,,,129.2,-0.06,-0.04,0.0,0.0,282.0,,2022-12-09,中证交易所高等级绿色债券指数
2022-12-09,931145,中证绿色债券指数,中证绿色债,CSI Green Bond Index,CSI Green Bond,,,,126.55,-0.03,-0.03,0.0,0.0,762.0,,2022-12-09,中证绿色债券指数
2022-12-12,930951,中证交易所绿色债券指数,交易所绿色债,CSI Exchange Green Bond Index,Exchange Green Bond,,,,129.07,-0.07,-0.05,0.0,0.0,308.0,,2022-12-12,中证交易所绿色债券指数
2022-12-12,931147,中证交易所高等级绿色债券指数,交易所高等级绿色债,CSI Exchange High Grade Green Bond Index,Exchange High Grade Green Bond,,,,129.13,-0.07,-0.05,0.0,0.0,282.0,,2022-12-12,中证交易所高等级绿色债券指数
2022-12-12,931145,中证绿色债券指数,中证绿色债,CSI Green Bond Index,CSI Green Bond,,,,126.52,-0.04,-0.03,0.0,0.0,762.0,,2022-12-12,中证绿色债券指数
2022-12-13,930951,中证交易所绿色债券指数,交易所绿色债,CSI Exchange Green Bond Index,Exchange Green Bond,,,,128.69,-0.38,-0.3,0.0,0.0,308.0,,2022-12-13,中证交易所绿色债券指数
2022-12-13,931147,中证交易所高等级绿色债券指数,交易所高等级绿色债,CSI Exchange High Grade Green Bond Index,Exchange High Grade Green Bond,,,,128.76,-0.38,-0.29,0.0,0.0,282.0,,2022-12-13,中证交易所高等级绿色债券指数
2022-12-13,931145,中证绿色债券指数,中证绿色债,CSI Green Bond Index,CSI Green Bond,,,,126.27,-0.25,-0.2,0.0,0.0,762.0,,2022-12-13,中证绿色债券指数
2022-12-14,930951,中证交易所绿色债券指数,交易所绿色债,CSI Exchange Green Bond Index,Exchange Green Bond,,,,128.48,-0.2,-0.16,0.0,0.0,308.0,,2022-12-14,中证交易所绿色债券指数
2022-12-14,931147,中证交易所高等级绿色债券指数,交易所高等级绿色债,CSI Exchange High Grade Green Bond Index,Exchange High Grade Green Bond,,,,128.55,-0.2,-0.16,0.0,0.0,282.0,,2022-12-14,中证交易所高等级绿色债券指数
2022-12-14,931145,中证绿色债券指数,中证绿色债,CSI Green Bond Index,CSI Green Bond,,,,126.15,-0.12,-0.09,0.0,0.0,762.0,,2022-12-14,中证绿色债券指数
2022-12-15,930951,中证交易所绿色债券指数,交易所绿色债,CSI Exchange Green Bond Index,Exchange Green Bond,,,,128.59,0.1,0.08,0.0,0.0,308.0,,2022-12-15,中证交易所绿色债券指数
2022-12-15,931147,中证交易所高等级绿色债券指数,交易所高等级绿色债,CSI Exchange High Grade Green Bond Index,Exchange High Grade Green Bond,,,,128.66,0.1,0.08,0.0,0.0,282.0,,2022-12-15,中证交易所高等级绿色债券指数
2022-12-15,931145,中证绿色债券指数,中证绿色债,CSI Green Bond Index,CSI Green Bond,,,,126.26,0.1,0.08,0.0,0.0,762.0,,2022-12-15,中证绿色债券指数
2022-12-16,930951,中证交易所绿色债券指数,交易所绿色债,CSI Exchange Green Bond Index,Exchange Green Bond,,,,128.56,-0.03,-0.02,0.0,0.0,308.0,,2022-12-16,中证交易所绿色债券指数
2022-12-16,931147,中证交易所高等级绿色债券指数,交易所高等级绿色债,CSI Exchange High Grade Green Bond Index,Exchange High Grade Green Bond,,,,128.63,-0.03,-0.02,0.0,0.0,282.0,,2022-12-16,中证交易所高等级绿色债券指数
2022-12-16,931145,中证绿色债券指数,中证绿色债,CSI Green Bond Index,CSI Green Bond,,,,126.26,0.01,0.0,0.0,0.0,762.0,,2022-12-16,中证绿色债券指数
2022-12-19,930951,中证交易所绿色债券指数,交易所绿色债,CSI Exchange Green Bond Index,Exchange Green Bond,,,,128.66,0.1,0.08,0.0,0.0,308.0,,2022-12-19,中证交易所绿色债券指数
2022-12-19,931147,中证交易所高等级绿色债券指数,交易所高等级绿色债,CSI Exchange High Grade Green Bond Index,Exchange High Grade Green Bond,,,,128.73,0.1,0.08,0.0,0.0,282.0,,2022-12-19,中证交易所高等级绿色债券指数
2022-12-19,931145,中证绿色债券指数,中证绿色债,CSI Green Bond Index,CSI Green Bond,,,,126.36,0.1,0.08,0.0,0.0,762.0,,2022-12-19,中证绿色债券指数
2022-12-20,930951,中证交易所绿色债券指数,交易所绿色债,CSI Exchange Green Bond Index,Exchange Green Bond,,,,128.74,0.08,0.06,0.0,0.0,308.0,,2022-12-20,中证交易所绿色债券指数
2022-12-20,931147,中证交易所高等级绿色债券指数,交易所高等级绿色债,CSI Exchange High Grade Green Bond Index,Exchange High Grade Green Bond,,,,128.81,0.08,0.06,0.0,0.0,282.0,,2022-12-20,中证交易所高等级绿色债券指数
2022-12-20,931145,中证绿色债券指数,中证绿色债,CSI Green Bond Index,CSI Green Bond,,,,126.43,0.06,0.05,0.0,0.0,762.0,,2022-12-20,中证绿色债券指数
2022-12-21,930951,中证交易所绿色债券指数,交易所绿色债,CSI Exchange Green Bond Index,Exchange Green Bond,,,,128.75,0.01,0.01,0.0,0.0,308.0,,2022-12-21,中证交易所绿色债券指数
2022-12-21,931147,中证交易所高等级绿色债券指数,交易所高等级绿色债,CSI Exchange High Grade Green Bond Index,Exchange High Grade Green Bond,,,,128.82,0.01,0.01,0.0,0.0,282.0,,2022-12-21,中证交易所高等级绿色债券指数
2022-12-21,931145,中证绿色债券指数,中证绿色债,CSI Green Bond Index,CSI Green Bond,,,,126.46,0.03,0.02,0.0,0.0,762.0,,2022-12-21,中证绿色债券指数
2022-12-22,930951,中证交易所绿色债券指数,交易所绿色债,CSI Exchange Green Bond Index,Exchange Green Bond,,,,128.83,0.08,0.06,0.0,0.0,308.0,,2022-12-22,中证交易所绿色债券指数
2022-12-22,931147,中证交易所高等级绿色债券指数,交易所高等级绿色债,CSI Exchange High Grade Green Bond Index,Exchange High Grade Green Bond,,,,128.9,0.08,0.06,0.0,0.0,282.0,,2022-12-22,中证交易所高等级绿色债券指数
2022-12-22,931145,中证绿色债券指数,中证绿色债,CSI Green Bond Index,CSI Green Bond,,,,126.52,0.07,0.05,0.0,0.0,762.0,,2022-12-22,中证绿色债券指数
2022-12-23,930951,中证交易所绿色债券指数,交易所绿色债,CSI Exchange Green Bond Index,Exchange Green Bond,,,,128.92,0.09,0.07,0.0,0.0,307.0,,2022-12-23,中证交易所绿色债券指数
2022-12-23,931147,中证交易所高等级绿色债券指数,交易所高等级绿色债,CSI Exchange High Grade Green Bond Index,Exchange High Grade Green Bond,,,,128.99,0.09,0.07,0.0,0.0,281.0,,2022-12-23,中证交易所高等级绿色债券指数
2022-12-23,931145,中证绿色债券指数,中证绿色债,CSI Green Bond Index,CSI Green Bond,,,,126.62,0.1,0.08,0.0,0.0,761.0,,2022-12-23,中证绿色债券指数
2022-12-26,930951,中证交易所绿色债券指数,交易所绿色债,CSI Exchange Green Bond Index,Exchange Green Bond,,,,129.05,0.13,0.1,0.0,0.0,307.0,,2022-12-26,中证交易所绿色债券指数
2022-12-26,931147,中证交易所高等级绿色债券指数,交易所高等级绿色债,CSI Exchange High Grade Green Bond Index,Exchange High Grade Green Bond,,,,129.12,0.13,0.1,0.0,0.0,281.0,,2022-12-26,中证交易所高等级绿色债券指数
2022-12-26,931145,中证绿色债券指数,中证绿色债,CSI Green Bond Index,CSI Green Bond,,,,126.74,0.11,0.09,0.0,0.0,761.0,,2022-12-26,中证绿色债券指数
2022-12-27,930951,中证交易所绿色债券指数,交易所绿色债,CSI Exchange Green Bond Index,Exchange Green Bond,,,,129.09,0.04,0.03,0.0,0.0,307.0,,2022-12-27,中证交易所绿色债券指数
2022-12-27,931147,中证交易所高等级绿色债券指数,交易所高等级绿色债,CSI Exchange High Grade Green Bond Index,Exchange High Grade Green Bond,,,,129.16,0.05,0.04,0.0,0.0,281.0,,2022-12-27,中证交易所高等级绿色债券指数
2022-12-27,931145,中证绿色债券指数,中证绿色债,CSI Green Bond Index,CSI Green Bond,,,,126.76,0.02,0.02,0.0,0.0,761.0,,2022-12-27,中证绿色债券指数
2022-12-28,930951,中证交易所绿色债券指数,交易所绿色债,CSI Exchange Green Bond Index,Exchange Green Bond,,,,129.11,0.02,0.02,0.0,0.0,307.0,,2022-12-28,中证交易所绿色债券指数
2022-12-28,931147,中证交易所高等级绿色债券指数,交易所高等级绿色债,CSI Exchange High Grade Green Bond Index,Exchange High Grade Green Bond,,,,129.18,0.02,0.01,0.0,0.0,281.0,,2022-12-28,中证交易所高等级绿色债券指数
2022-12-28,931145,中证绿色债券指数,中证绿色债,CSI Green Bond Index,CSI Green Bond,,,,126.77,0.02,0.01,0.0,0.0,761.0,,2022-12-28,中证绿色债券指数
2022-12-29,930951,中证交易所绿色债券指数,交易所绿色债,CSI Exchange Green Bond Index,Exchange Green Bond,,,,129.15,0.04,0.03,0.0,0.0,307.0,,2022-12-29,中证交易所绿色债券指数
2022-12-29,931147,中证交易所高等级绿色债券指数,交易所高等级绿色债,CSI Exchange High Grade Green Bond Index,Exchange High Grade Green Bond,,,,129.22,0.04,0.03,0.0,0.0,281.0,,2022-12-29,中证交易所高等级绿色债券指数
2022-12-29,931145,中证绿色债券指数,中证绿色债,CSI Green Bond Index,CSI Green Bond,,,,126.84,0.06,0.05,0.0,0.0,761.0,,2022-12-29,中证绿色债券指数
2022-12-30,930951,中证交易所绿色债券指数,交易所绿色债,CSI Exchange Green Bond Index,Exchange Green Bond,,,,129.26,0.11,0.08,0.0,0.0,307.0,,2022-12-30,中证交易所绿色债券指数
2022-12-30,931147,中证交易所高等级绿色债券指数,交易所高等级绿色债,CSI Exchange High Grade Green Bond Index,Exchange High Grade Green Bond,,,,129.33,0.11,0.08,0.0,0.0,281.0,,2022-12-30,中证交易所高等级绿色债券指数
2022-12-30,931145,中证绿色债券指数,中证绿色债,CSI Green Bond Index,CSI Green Bond,,,,126.95,0.11,0.09,0.0,0.0,761.0,,2022-12-30,中证绿色债券指数
2023-01-03,930951,中证交易所绿色债券指数,交易所绿色债,CSI Exchange Green Bond Index,Exchange Green Bond,,,,129.38,0.12,0.09,0.0,0.0,309.0,,2023-01-03,中证交易所绿色债券指数
2023-01-03,931147,中证交易所高等级绿色债券指数,交易所高等级绿色债,CSI Exchange High Grade Green Bond Index,Exchange High Grade Green Bond,,,,129.45,0.12,0.09,0.0,0.0,283.0,,2023-01-03,中证交易所高等级绿色债券指数
2023-01-03,931145,中证绿色债券指数,中证绿色债,CSI Green Bond Index,CSI Green Bond,,,,127.06,0.12,0.09,0.0,0.0,779.0,,2023-01-03,中证绿色债券指数
2023-01-04,930951,中证交易所绿色债券指数,交易所绿色债,CSI Exchange Green Bond Index,Exchange Green Bond,,,,129.46,0.08,0.06,0.0,0.0,309.0,,2023-01-04,中证交易所绿色债券指数
2023-01-04,931147,中证交易所高等级绿色债券指数,交易所高等级绿色债,CSI Exchange High Grade Green Bond Index,Exchange High Grade Green Bond,,,,129.53,0.08,0.06,0.0,0.0,283.0,,2023-01-04,中证交易所高等级绿色债券指数
2023-01-04,931145,中证绿色债券指数,中证绿色债,CSI Green Bond Index,CSI Green Bond,,,,127.15,0.08,0.06,0.0,0.0,779.0,,2023-01-04,中证绿色债券指数
2023-01-05,930951,中证交易所绿色债券指数,交易所绿色债,CSI Exchange Green Bond Index,Exchange Green Bond,,,,129.61,0.14,0.11,0.0,0.0,309.0,,2023-01-05,中证交易所绿色债券指数
2023-01-05,931147,中证交易所高等级绿色债券指数,交易所高等级绿色债,CSI Exchange High Grade Green Bond Index,Exchange High Grade Green Bond,,,,129.67,0.14,0.11,0.0,0.0,283.0,,2023-01-05,中证交易所高等级绿色债券指数
2023-01-05,931145,中证绿色债券指数,中证绿色债,CSI Green Bond Index,CSI Green Bond,,,,127.26,0.11,0.09,0.0,0.0,779.0,,2023-01-05,中证绿色债券指数
2023-01-06,930951,中证交易所绿色债券指数,交易所绿色债,CSI Exchange Green Bond Index,Exchange Green Bond,,,,129.64,0.03,0.02,0.0,0.0,309.0,,2023-01-06,中证交易所绿色债券指数
2023-01-06,931147,中证交易所高等级绿色债券指数,交易所高等级绿色债,CSI Exchange High Grade Green Bond Index,Exchange High Grade Green Bond,,,,129.7,0.03,0.02,0.0,0.0,283.0,,2023-01-06,中证交易所高等级绿色债券指数
2023-01-06,931145,中证绿色债券指数,中证绿色债,CSI Green Bond Index,CSI Green Bond,,,,127.25,-0.01,-0.01,0.0,0.0,779.0,,2023-01-06,中证绿色债券指数
2023-01-09,930951,中证交易所绿色债券指数,交易所绿色债,CSI Exchange Green Bond Index,Exchange Green Bond,,,,129.64,0.0,0.0,0.0,0.0,309.0,,2023-01-09,中证交易所绿色债券指数
2023-01-09,931147,中证交易所高等级绿色债券指数,交易所高等级绿色债,CSI Exchange High Grade Green Bond Index,Exchange High Grade Green Bond,,,,129.7,0.0,0.0,0.0,0.0,283.0,,2023-01-09,中证交易所高等级绿色债券指数
2023-01-09,931145,中证绿色债券指数,中证绿色债,CSI Green Bond Index,CSI Green Bond,,,,127.22,-0.03,-0.03,0.0,0.0,779.0,,2023-01-09,中证绿色债券指数
2023-01-10,930951,中证交易所绿色债券指数,交易所绿色债,CSI Exchange Green Bond Index,Exchange Green Bond,,,,129.59,-0.05,-0.04,0.0,0.0,309.0,,2023-01-10,中证交易所绿色债券指数
2023-01-10,931147,中证交易所高等级绿色债券指数,交易所高等级绿色债,CSI Exchange High Grade Green Bond Index,Exchange High Grade Green Bond,,,,129.65,-0.05,-0.04,0.0,0.0,283.0,,2023-01-10,中证交易所高等级绿色债券指数
2023-01-10,931145,中证绿色债券指数,中证绿色债,CSI Green Bond Index,CSI Green Bond,,,,127.14,-0.08,-0.06,0.0,0.0,779.0,,2023-01-10,中证绿色债券指数
2023-01-11,930951,中证交易所绿色债券指数,交易所绿色债,CSI Exchange Green Bond Index,Exchange Green Bond,,,,129.53,-0.06,-0.05,0.0,0.0,309.0,,2023-01-11,中证交易所绿色债券指数
2023-01-11,931147,中证交易所高等级绿色债券指数,交易所高等级绿色债,CSI Exchange High Grade Green Bond Index,Exchange High Grade Green Bond,,,,129.59,-0.06,-0.04,0.0,0.0,283.0,,2023-01-11,中证交易所高等级绿色债券指数
2023-01-11,931145,中证绿色债券指数,中证绿色债,CSI Green Bond Index,CSI Green Bond,,,,127.07,-0.07,-0.06,0.0,0.0,779.0,,2023-01-11,中证绿色债券指数
2023-01-12,930951,中证交易所绿色债券指数,交易所绿色债,CSI Exchange Green Bond Index,Exchange Green Bond,,,,129.51,-0.02,-0.02,0.0,0.0,309.0,,2023-01-12,中证交易所绿色债券指数
2023-01-12,931147,中证交易所高等级绿色债券指数,交易所高等级绿色债,CSI Exchange High Grade Green Bond Index,Exchange High Grade Green Bond,,,,129.57,-0.02,-0.02,0.0,0.0,283.0,,2023-01-12,中证交易所高等级绿色债券指数
2023-01-12,931145,中证绿色债券指数,中证绿色债,CSI Green Bond Index,CSI Green Bond,,,,127.07,0.0,0.0,0.0,0.0,779.0,,2023-01-12,中证绿色债券指数
2023-01-13,930951,中证交易所绿色债券指数,交易所绿色债,CSI Exchange Green Bond Index,Exchange Green Bond,,,,129.55,0.04,0.03,0.0,0.0,309.0,,2023-01-13,中证交易所绿色债券指数
2023-01-13,931147,中证交易所高等级绿色债券指数,交易所高等级绿色债,CSI Exchange High Grade Green Bond Index,Exchange High Grade Green Bond,,,,129.62,0.04,0.03,0.0,0.0,283.0,,2023-01-13,中证交易所高等级绿色债券指数
2023-01-13,931145,中证绿色债券指数,中证绿色债,CSI Green Bond Index,CSI Green Bond,,,,127.09,0.02,0.02,0.0,0.0,779.0,,2023-01-13,中证绿色债券指数
2023-01-16,930951,中证交易所绿色债券指数,交易所绿色债,CSI Exchange Green Bond Index,Exchange Green Bond,,,,129.51,-0.04,-0.03,0.0,0.0,309.0,,2023-01-16,中证交易所绿色债券指数
2023-01-16,931147,中证交易所高等级绿色债券指数,交易所高等级绿色债,CSI Exchange High Grade Green Bond Index,Exchange High Grade Green Bond,,,,129.58,-0.04,-0.03,0.0,0.0,283.0,,2023-01-16,中证交易所高等级绿色债券指数
2023-01-16,931145,中证绿色债券指数,中证绿色债,CSI Green Bond Index,CSI Green Bond,,,,127.05,-0.04,-0.03,0.0,0.0,779.0,,2023-01-16,中证绿色债券指数
2023-01-17,930951,中证交易所绿色债券指数,交易所绿色债,CSI Exchange Green Bond Index,Exchange Green Bond,,,,129.51,0.0,0.0,0.0,0.0,309.0,,2023-01-17,中证交易所绿色债券指数
2023-01-17,931147,中证交易所高等级绿色债券指数,交易所高等级绿色债,CSI Exchange High Grade Green Bond Index,Exchange High Grade Green Bond,,,,129.58,0.0,0.0,0.0,0.0,283.0,,2023-01-17,中证交易所高等级绿色债券指数
2023-01-17,931145,中证绿色债券指数,中证绿色债,CSI Green Bond Index,CSI Green Bond,,,,127.05,0.0,0.0,0.0,0.0,779.0,,2023-01-17,中证绿色债券指数
2023-01-18,930951,中证交易所绿色债券指数,交易所绿色债,CSI Exchange Green Bond Index,Exchange Green Bond,,,,129.5,-0.01,-0.01,0.0,0.0,309.0,,2023-01-18,中证交易所绿色债券指数
2023-01-18,931147,中证交易所高等级绿色债券指数,交易所高等级绿色债,CSI Exchange High Grade Green Bond Index,Exchange High Grade Green Bond,,,,129.57,-0.01,-0.01,0.0,0.0,283.0,,2023-01-18,中证交易所高等级绿色债券指数
2023-01-18,931145,中证绿色债券指数,中证绿色债,CSI Green Bond Index,CSI Green Bond,,,,127.04,-0.01,0.0,0.0,0.0,779.0,,2023-01-18,中证绿色债券指数
2023-01-19,930951,中证交易所绿色债券指数,交易所绿色债,CSI Exchange Green Bond Index,Exchange Green Bond,,,,129.51,0.01,0.01,0.0,0.0,309.0,,2023-01-19,中证交易所绿色债券指数
2023-01-19,931147,中证交易所高等级绿色债券指数,交易所高等级绿色债,CSI Exchange High Grade Green Bond Index,Exchange High Grade Green Bond,,,,129.58,0.01,0.01,0.0,0.0,283.0,,2023-01-19,中证交易所高等级绿色债券指数
2023-01-19,931145,中证绿色债券指数,中证绿色债,CSI Green Bond Index,CSI Green Bond,,,,127.07,0.02,0.02,0.0,0.0,779.0,,2023-01-19,中证绿色债券指数
2023-01-20,930951,中证交易所绿色债券指数,交易所绿色债,CSI Exchange Green Bond Index,Exchange Green Bond,,,,129.53,0.02,0.01,0.0,0.0,309.0,,2023-01-20,中证交易所绿色债券指数
2023-01-20,931147,中证交易所高等级绿色债券指数,交易所高等级绿色债,CSI Exchange High Grade Green Bond Index,Exchange High Grade Green Bond,,,,129.6,0.02,0.01,0.0,0.0,283.0,,2023-01-20,中证交易所高等级绿色债券指数
2023-01-20,931145,中证绿色债券指数,中证绿色债,CSI Green Bond Index,CSI Green Bond,,,,127.09,0.02,0.02,0.0,0.0,779.0,,2023-01-20,中证绿色债券指数
2023-01-30,930951,中证交易所绿色债券指数,交易所绿色债,CSI Exchange Green Bond Index,Exchange Green Bond,,,,129.68,0.15,0.12,0.0,0.0,309.0,,2023-01-30,中证交易所绿色债券指数
2023-01-30,931147,中证交易所高等级绿色债券指数,交易所高等级绿色债,CSI Exchange High Grade Green Bond Index,Exchange High Grade Green Bond,,,,129.75,0.15,0.11,0.0,0.0,283.0,,2023-01-30,中证交易所高等级绿色债券指数
2023-01-30,931145,中证绿色债券指数,中证绿色债,CSI Green Bond Index,CSI Green Bond,,,,127.23,0.14,0.11,0.0,0.0,779.0,,2023-01-30,中证绿色债券指数
2023-01-31,930951,中证交易所绿色债券指数,交易所绿色债,CSI Exchange Green Bond Index,Exchange Green Bond,,,,129.69,0.01,0.01,0.0,0.0,309.0,,2023-01-31,中证交易所绿色债券指数
2023-01-31,931147,中证交易所高等级绿色债券指数,交易所高等级绿色债,CSI Exchange High Grade Green Bond Index,Exchange High Grade Green Bond,,,,129.76,0.01,0.01,0.0,0.0,283.0,,2023-01-31,中证交易所高等级绿色债券指数
2023-01-31,931145,中证绿色债券指数,中证绿色债,CSI Green Bond Index,CSI Green Bond,,,,127.24,0.02,0.01,0.0,0.0,779.0,,2023-01-31,中证绿色债券指数
2023-02-01,930951,中证交易所绿色债券指数,交易所绿色债,CSI Exchange Green Bond Index,Exchange Green Bond,,,,129.7,0.01,0.01,0.0,0.0,307.0,,2023-02-01,中证交易所绿色债券指数
2023-02-01,931147,中证交易所高等级绿色债券指数,交易所高等级绿色债,CSI Exchange High Grade Green Bond Index,Exchange High Grade Green Bond,,,,129.77,0.01,0.01,0.0,0.0,281.0,,2023-02-01,中证交易所高等级绿色债券指数
2023-02-01,931145,中证绿色债券指数,中证绿色债,CSI Green Bond Index,CSI Green Bond,,,,127.26,0.02,0.01,0.0,0.0,772.0,,2023-02-01,中证绿色债券指数
2023-02-02,930951,中证交易所绿色债券指数,交易所绿色债,CSI Exchange Green Bond Index,Exchange Green Bond,,,,129.73,0.04,0.03,0.0,0.0,307.0,,2023-02-02,中证交易所绿色债券指数
2023-02-02,931147,中证交易所高等级绿色债券指数,交易所高等级绿色债,CSI Exchange High Grade Green Bond Index,Exchange High Grade Green Bond,,,,129.8,0.04,0.03,0.0,0.0,281.0,,2023-02-02,中证交易所高等级绿色债券指数
2023-02-02,931145,中证绿色债券指数,中证绿色债,CSI Green Bond Index,CSI Green Bond,,,,127.29,0.03,0.03,0.0,0.0,772.0,,2023-02-02,中证绿色债券指数
2023-02-03,930951,中证交易所绿色债券指数,交易所绿色债,CSI Exchange Green Bond Index,Exchange Green Bond,,,,129.78,0.05,0.04,0.0,0.0,307.0,,2023-02-03,中证交易所绿色债券指数
2023-02-03,931147,中证交易所高等级绿色债券指数,交易所高等级绿色债,CSI Exchange High Grade Green Bond Index,Exchange High Grade Green Bond,,,,129.85,0.05,0.04,0.0,0.0,281.0,,2023-02-03,中证交易所高等级绿色债券指数
2023-02-03,931145,中证绿色债券指数,中证绿色债,CSI Green Bond Index,CSI Green Bond,,,,127.35,0.05,0.04,0.0,0.0,772.0,,2023-02-03,中证绿色债券指数
2023-02-06,930951,中证交易所绿色债券指数,交易所绿色债,CSI Exchange Green Bond Index,Exchange Green Bond,,,,129.86,0.08,0.06,0.0,0.0,307.0,,2023-02-06,中证交易所绿色债券指数
2023-02-06,931147,中证交易所高等级绿色债券指数,交易所高等级绿色债,CSI Exchange High Grade Green Bond Index,Exchange High Grade Green Bond,,,,129.93,0.08,0.06,0.0,0.0,281.0,,2023-02-06,中证交易所高等级绿色债券指数
2023-02-06,931145,中证绿色债券指数,中证绿色债,CSI Green Bond Index,CSI Green Bond,,,,127.41,0.06,0.05,0.0,0.0,772.0,,2023-02-06,中证绿色债券指数
2023-02-07,930951,中证交易所绿色债券指数,交易所绿色债,CSI Exchange Green Bond Index,Exchange Green Bond,,,,129.91,0.05,0.04,0.0,0.0,307.0,,2023-02-07,中证交易所绿色债券指数
2023-02-07,931147,中证交易所高等级绿色债券指数,交易所高等级绿色债,CSI Exchange High Grade Green Bond Index,Exchange High Grade Green Bond,,,,129.97,0.05,0.04,0.0,0.0,281.0,,2023-02-07,中证交易所高等级绿色债券指数
2023-02-07,931145,中证绿色债券指数,中证绿色债,CSI Green Bond Index,CSI Green Bond,,,,127.42,0.01,0.01,0.0,0.0,772.0,,2023-02-07,中证绿色债券指数
2023-02-08,930951,中证交易所绿色债券指数,交易所绿色债,CSI Exchange Green Bond Index,Exchange Green Bond,,,,129.96,0.06,0.04,0.0,0.0,307.0,,2023-02-08,中证交易所绿色债券指数
2023-02-08,931147,中证交易所高等级绿色债券指数,交易所高等级绿色债,CSI Exchange High Grade Green Bond Index,Exchange High Grade Green Bond,,,,130.03,0.06,0.04,0.0,0.0,281.0,,2023-02-08,中证交易所高等级绿色债券指数
2023-02-08,931145,中证绿色债券指数,中证绿色债,CSI Green Bond Index,CSI Green Bond,,,,127.44,0.02,0.02,0.0,0.0,772.0,,2023-02-08,中证绿色债券指数
2023-02-09,930951,中证交易所绿色债券指数,交易所绿色债,CSI Exchange Green Bond Index,Exchange Green Bond,,,,130.01,0.04,0.03,0.0,0.0,307.0,,2023-02-09,中证交易所绿色债券指数
2023-02-09,931147,中证交易所高等级绿色债券指数,交易所高等级绿色债,CSI Exchange High Grade Green Bond Index,Exchange High Grade Green Bond,,,,130.07,0.04,0.03,0.0,0.0,281.0,,2023-02-09,中证交易所高等级绿色债券指数
2023-02-09,931145,中证绿色债券指数,中证绿色债,CSI Green Bond Index,CSI Green Bond,,,,127.48,0.03,0.03,0.0,0.0,772.0,,2023-02-09,中证绿色债券指数
2023-02-10,930951,中证交易所绿色债券指数,交易所绿色债,CSI Exchange Green Bond Index,Exchange Green Bond,,,,130.06,0.06,0.05,0.0,0.0,307.0,,2023-02-10,中证交易所绿色债券指数
2023-02-10,931147,中证交易所高等级绿色债券指数,交易所高等级绿色债,CSI Exchange High Grade Green Bond Index,Exchange High Grade Green Bond,,,,130.13,0.06,0.04,0.0,0.0,281.0,,2023-02-10,中证交易所高等级绿色债券指数
2023-02-10,931145,中证绿色债券指数,中证绿色债,CSI Green Bond Index,CSI Green Bond,,,,127.51,0.04,0.03,0.0,0.0,772.0,,2023-02-10,中证绿色债券指数
2023-02-13,930951,中证交易所绿色债券指数,交易所绿色债,CSI Exchange Green Bond Index,Exchange Green Bond,,,,130.15,0.08,0.07,0.0,0.0,307.0,,2023-02-13,中证交易所绿色债券指数
2023-02-13,931147,中证交易所高等级绿色债券指数,交易所高等级绿色债,CSI Exchange High Grade Green Bond Index,Exchange High Grade Green Bond,,,,130.21,0.08,0.06,0.0,0.0,281.0,,2023-02-13,中证交易所高等级绿色债券指数
2023-02-13,931145,中证绿色债券指数,中证绿色债,CSI Green Bond Index,CSI Green Bond,,,,127.58,0.07,0.05,0.0,0.0,772.0,,2023-02-13,中证绿色债券指数
2023-02-14,930951,中证交易所绿色债券指数,交易所绿色债,CSI Exchange Green Bond Index,Exchange Green Bond,,,,130.2,0.05,0.04,0.0,0.0,307.0,,2023-02-14,中证交易所绿色债券指数
2023-02-14,931147,中证交易所高等级绿色债券指数,交易所高等级绿色债,CSI Exchange High Grade Green Bond Index,Exchange High Grade Green Bond,,,,130.26,0.05,0.04,0.0,0.0,281.0,,2023-02-14,中证交易所高等级绿色债券指数
2023-02-14,931145,中证绿色债券指数,中证绿色债,CSI Green Bond Index,CSI Green Bond,,,,127.61,0.03,0.02,0.0,0.0,772.0,,2023-02-14,中证绿色债券指数
2023-02-15,930951,中证交易所绿色债券指数,交易所绿色债,CSI Exchange Green Bond Index,Exchange Green Bond,,,,130.26,0.06,0.05,0.0,0.0,307.0,,2023-02-15,中证交易所绿色债券指数
2023-02-15,931147,中证交易所高等级绿色债券指数,交易所高等级绿色债,CSI Exchange High Grade Green Bond Index,Exchange High Grade Green Bond,,,,130.32,0.06,0.05,0.0,0.0,281.0,,2023-02-15,中证交易所高等级绿色债券指数
2023-02-15,931145,中证绿色债券指数,中证绿色债,CSI Green Bond Index,CSI Green Bond,,,,127.64,0.04,0.03,0.0,0.0,772.0,,2023-02-15,中证绿色债券指数
2023-02-16,930951,中证交易所绿色债券指数,交易所绿色债,CSI Exchange Green Bond Index,Exchange Green Bond,,,,130.3,0.04,0.03,0.0,0.0,307.0,,2023-02-16,中证交易所绿色债券指数
2023-02-16,931147,中证交易所高等级绿色债券指数,交易所高等级绿色债,CSI Exchange High Grade Green Bond Index,Exchange High Grade Green Bond,,,,130.36,0.04,0.03,0.0,0.0,281.0,,2023-02-16,中证交易所高等级绿色债券指数
2023-02-16,931145,中证绿色债券指数,中证绿色债,CSI Green Bond Index,CSI Green Bond,,,,127.67,0.03,0.03,0.0,0.0,772.0,,2023-02-16,中证绿色债券指数
2023-02-17,930951,中证交易所绿色债券指数,交易所绿色债,CSI Exchange Green Bond Index,Exchange Green Bond,,,,130.36,0.06,0.05,0.0,0.0,307.0,,2023-02-17,中证交易所绿色债券指数
2023-02-17,931147,中证交易所高等级绿色债券指数,交易所高等级绿色债,CSI Exchange High Grade Green Bond Index,Exchange High Grade Green Bond,,,,130.42,0.06,0.05,0.0,0.0,281.0,,2023-02-17,中证交易所高等级绿色债券指数
2023-02-17,931145,中证绿色债券指数,中证绿色债,CSI Green Bond Index,CSI Green Bond,,,,127.7,0.02,0.02,0.0,0.0,772.0,,2023-02-17,中证绿色债券指数
2023-02-20,930951,中证交易所绿色债券指数,交易所绿色债,CSI Exchange Green Bond Index,Exchange Green Bond,,,,130.41,0.05,0.04,0.0,0.0,307.0,,2023-02-20,中证交易所绿色债券指数
2023-02-20,931147,中证交易所高等级绿色债券指数,交易所高等级绿色债,CSI Exchange High Grade Green Bond Index,Exchange High Grade Green Bond,,,,130.47,0.05,0.04,0.0,0.0,281.0,,2023-02-20,中证交易所高等级绿色债券指数
2023-02-20,931145,中证绿色债券指数,中证绿色债,CSI Green Bond Index,CSI Green Bond,,,,127.72,0.02,0.01,0.0,0.0,772.0,,2023-02-20,中证绿色债券指数
2023-02-21,930951,中证交易所绿色债券指数,交易所绿色债,CSI Exchange Green Bond Index,Exchange Green Bond,,,,130.4,-0.01,-0.01,0.0,0.0,307.0,,2023-02-21,中证交易所绿色债券指数
2023-02-21,931147,中证交易所高等级绿色债券指数,交易所高等级绿色债,CSI Exchange High Grade Green Bond Index,Exchange High Grade Green Bond,,,,130.46,-0.01,-0.01,0.0,0.0,281.0,,2023-02-21,中证交易所高等级绿色债券指数
2023-02-21,931145,中证绿色债券指数,中证绿色债,CSI Green Bond Index,CSI Green Bond,,,,127.66,-0.06,-0.05,0.0,0.0,772.0,,2023-02-21,中证绿色债券指数
2023-02-22,930951,中证交易所绿色债券指数,交易所绿色债,CSI Exchange Green Bond Index,Exchange Green Bond,,,,130.37,-0.03,-0.02,0.0,0.0,307.0,,2023-02-22,中证交易所绿色债券指数
2023-02-22,931147,中证交易所高等级绿色债券指数,交易所高等级绿色债,CSI Exchange High Grade Green Bond Index,Exchange High Grade Green Bond,,,,130.43,-0.03,-0.02,0.0,0.0,281.0,,2023-02-22,中证交易所高等级绿色债券指数
2023-02-22,931145,中证绿色债券指数,中证绿色债,CSI Green Bond Index,CSI Green Bond,,,,127.63,-0.02,-0.02,0.0,0.0,772.0,,2023-02-22,中证绿色债券指数
2023-02-23,930951,中证交易所绿色债券指数,交易所绿色债,CSI Exchange Green Bond Index,Exchange Green Bond,,,,130.39,0.02,0.01,0.0,0.0,307.0,,2023-02-23,中证交易所绿色债券指数
2023-02-23,931147,中证交易所高等级绿色债券指数,交易所高等级绿色债,CSI Exchange High Grade Green Bond Index,Exchange High Grade Green Bond,,,,130.45,0.02,0.01,0.0,0.0,281.0,,2023-02-23,中证交易所高等级绿色债券指数
2023-02-23,931145,中证绿色债券指数,中证绿色债,CSI Green Bond Index,CSI Green Bond,,,,127.65,0.01,0.01,0.0,0.0,772.0,,2023-02-23,中证绿色债券指数
2023-02-24,930951,中证交易所绿色债券指数,交易所绿色债,CSI Exchange Green Bond Index,Exchange Green Bond,,,,130.41,0.02,0.02,0.0,0.0,307.0,,2023-02-24,中证交易所绿色债券指数
2023-02-24,931147,中证交易所高等级绿色债券指数,交易所高等级绿色债,CSI Exchange High Grade Green Bond Index,Exchange High Grade Green Bond,,,,130.47,0.02,0.02,0.0,0.0,281.0,,2023-02-24,中证交易所高等级绿色债券指数
2023-02-24,931145,中证绿色债券指数,中证绿色债,CSI Green Bond Index,CSI Green Bond,,,,127.64,0.0,0.0,0.0,0.0,772.0,,2023-02-24,中证绿色债券指数
2023-02-27,930951,中证交易所绿色债券指数,交易所绿色债,CSI Exchange Green Bond Index,Exchange Green Bond,,,,130.46,0.05,0.04,0.0,0.0,307.0,,2023-02-27,中证交易所绿色债券指数
2023-02-27,931147,中证交易所高等级绿色债券指数,交易所高等级绿色债,CSI Exchange High Grade Green Bond Index,Exchange High Grade Green Bond,,,,130.52,0.05,0.04,0.0,0.0,281.0,,2023-02-27,中证交易所高等级绿色债券指数
2023-02-27,931145,中证绿色债券指数,中证绿色债,CSI Green Bond Index,CSI Green Bond,,,,127.67,0.03,0.02,0.0,0.0,772.0,,2023-02-27,中证绿色债券指数
2023-02-28,930951,中证交易所绿色债券指数,交易所绿色债,CSI Exchange Green Bond Index,Exchange Green Bond,,,,130.47,0.01,0.01,0.0,0.0,307.0,,2023-02-28,中证交易所绿色债券指数
2023-02-28,931147,中证交易所高等级绿色债券指数,交易所高等级绿色债,CSI Exchange High Grade Green Bond Index,Exchange High Grade Green Bond,,,,130.53,0.01,0.01,0.0,0.0,281.0,,2023-02-28,中证交易所高等级绿色债券指数
2023-02-28,931145,中证绿色债券指数,中证绿色债,CSI Green Bond Index,CSI Green Bond,,,,127.66,-0.01,-0.01,0.0,0.0,772.0,,2023-02-28,中证绿色债券指数
2023-03-01,930951,中证交易所绿色债券指数,交易所绿色债,CSI Exchange Green Bond Index,Exchange Green Bond,,,,130.48,0.01,0.01,0.0,0.0,302.0,,2023-03-01,中证交易所绿色债券指数
2023-03-01,931147,中证交易所高等级绿色债券指数,交易所高等级绿色债,CSI Exchange High Grade Green Bond Index,Exchange High Grade Green Bond,,,,130.54,0.01,0.01,0.0,0.0,276.0,,2023-03-01,中证交易所高等级绿色债券指数
2023-03-01,931145,中证绿色债券指数,中证绿色债,CSI Green Bond Index,CSI Green Bond,,,,127.66,0.0,0.0,0.0,0.0,767.0,,2023-03-01,中证绿色债券指数
2023-03-02,930951,中证交易所绿色债券指数,交易所绿色债,CSI Exchange Green Bond Index,Exchange Green Bond,,,,130.51,0.03,0.02,0.0,0.0,302.0,,2023-03-02,中证交易所绿色债券指数
2023-03-02,931147,中证交易所高等级绿色债券指数,交易所高等级绿色债,CSI Exchange High Grade Green Bond Index,Exchange High Grade Green Bond,,,,130.57,0.03,0.02,0.0,0.0,276.0,,2023-03-02,中证交易所高等级绿色债券指数
2023-03-02,931145,中证绿色债券指数,中证绿色债,CSI Green Bond Index,CSI Green Bond,,,,127.67,0.02,0.01,0.0,0.0,767.0,,2023-03-02,中证绿色债券指数
2023-03-03,930951,中证交易所绿色债券指数,交易所绿色债,CSI Exchange Green Bond Index,Exchange Green Bond,,,,130.51,0.0,0.0,0.0,0.0,302.0,,2023-03-03,中证交易所绿色债券指数
2023-03-03,931147,中证交易所高等级绿色债券指数,交易所高等级绿色债,CSI Exchange High Grade Green Bond Index,Exchange High Grade Green Bond,,,,130.57,0.0,0.0,0.0,0.0,276.0,,2023-03-03,中证交易所高等级绿色债券指数
2023-03-03,931145,中证绿色债券指数,中证绿色债,CSI Green Bond Index,CSI Green Bond,,,,127.67,0.0,0.0,0.0,0.0,767.0,,2023-03-03,中证绿色债券指数
2023-03-06,930951,中证交易所绿色债券指数,交易所绿色债,CSI Exchange Green Bond Index,Exchange Green Bond,,,,130.59,0.07,0.06,0.0,0.0,302.0,,2023-03-06,中证交易所绿色债券指数
2023-03-06,931147,中证交易所高等级绿色债券指数,交易所高等级绿色债,CSI Exchange High Grade Green Bond Index,Exchange High Grade Green Bond,,,,130.64,0.07,0.05,0.0,0.0,276.0,,2023-03-06,中证交易所高等级绿色债券指数
2023-03-06,931145,中证绿色债券指数,中证绿色债,CSI Green Bond Index,CSI Green Bond,,,,127.74,0.07,0.05,0.0,0.0,767.0,,2023-03-06,中证绿色债券指数
2023-03-07,930951,中证交易所绿色债券指数,交易所绿色债,CSI Exchange Green Bond Index,Exchange Green Bond,,,,130.63,0.05,0.04,0.0,0.0,302.0,,2023-03-07,中证交易所绿色债券指数
2023-03-07,931147,中证交易所高等级绿色债券指数,交易所高等级绿色债,CSI Exchange High Grade Green Bond Index,Exchange High Grade Green Bond,,,,130.69,0.05,0.03,0.0,0.0,276.0,,2023-03-07,中证交易所高等级绿色债券指数
2023-03-07,931145,中证绿色债券指数,中证绿色债,CSI Green Bond Index,CSI Green Bond,,,,127.78,0.04,0.03,0.0,0.0,767.0,,2023-03-07,中证绿色债券指数
2023-03-08,930951,中证交易所绿色债券指数,交易所绿色债,CSI Exchange Green Bond Index,Exchange Green Bond,,,,130.68,0.04,0.03,0.0,0.0,302.0,,2023-03-08,中证交易所绿色债券指数
2023-03-08,931147,中证交易所高等级绿色债券指数,交易所高等级绿色债,CSI Exchange High Grade Green Bond Index,Exchange High Grade Green Bond,,,,130.73,0.04,0.03,0.0,0.0,276.0,,2023-03-08,中证交易所高等级绿色债券指数
2023-03-08,931145,中证绿色债券指数,中证绿色债,CSI Green Bond Index,CSI Green Bond,,,,127.83,0.05,0.04,0.0,0.0,767.0,,2023-03-08,中证绿色债券指数
2023-03-09,930951,中证交易所绿色债券指数,交易所绿色债,CSI Exchange Green Bond Index,Exchange Green Bond,,,,130.73,0.06,0.05,0.0,0.0,302.0,,2023-03-09,中证交易所绿色债券指数
2023-03-09,931147,中证交易所高等级绿色债券指数,交易所高等级绿色债,CSI Exchange High Grade Green Bond Index,Exchange High Grade Green Bond,,,,130.79,0.06,0.05,0.0,0.0,276.0,,2023-03-09,中证交易所高等级绿色债券指数
2023-03-09,931145,中证绿色债券指数,中证绿色债,CSI Green Bond Index,CSI Green Bond,,,,127.87,0.04,0.03,0.0,0.0,767.0,,2023-03-09,中证绿色债券指数
2023-03-10,930951,中证交易所绿色债券指数,交易所绿色债,CSI Exchange Green Bond Index,Exchange Green Bond,,,,130.78,0.05,0.03,0.0,0.0,302.0,,2023-03-10,中证交易所绿色债券指数
2023-03-10,931147,中证交易所高等级绿色债券指数,交易所高等级绿色债,CSI Exchange High Grade Green Bond Index,Exchange High Grade Green Bond,,,,130.83,0.05,0.03,0.0,0.0,276.0,,2023-03-10,中证交易所高等级绿色债券指数
2023-03-10,931145,中证绿色债券指数,中证绿色债,CSI Green Bond Index,CSI Green Bond,,,,127.9,0.03,0.03,0.0,0.0,767.0,,2023-03-10,中证绿色债券指数
2023-03-13,930951,中证交易所绿色债券指数,交易所绿色债,CSI Exchange Green Bond Index,Exchange Green Bond,,,,130.87,0.09,0.07,0.0,0.0,301.0,,2023-03-13,中证交易所绿色债券指数
2023-03-13,931147,中证交易所高等级绿色债券指数,交易所高等级绿色债,CSI Exchange High Grade Green Bond Index,Exchange High Grade Green Bond,,,,130.93,0.09,0.07,0.0,0.0,275.0,,2023-03-13,中证交易所高等级绿色债券指数
2023-03-13,931145,中证绿色债券指数,中证绿色债,CSI Green Bond Index,CSI Green Bond,,,,127.97,0.07,0.05,0.0,0.0,766.0,,2023-03-13,中证绿色债券指数
2023-03-14,930951,中证交易所绿色债券指数,交易所绿色债,CSI Exchange Green Bond Index,Exchange Green Bond,,,,130.89,0.02,0.01,0.0,0.0,301.0,,2023-03-14,中证交易所绿色债券指数
2023-03-14,931147,中证交易所高等级绿色债券指数,交易所高等级绿色债,CSI Exchange High Grade Green Bond Index,Exchange High Grade Green Bond,,,,130.94,0.02,0.01,0.0,0.0,275.0,,2023-03-14,中证交易所高等级绿色债券指数
2023-03-14,931145,中证绿色债券指数,中证绿色债,CSI Green Bond Index,CSI Green Bond,,,,127.98,0.02,0.01,0.0,0.0,766.0,,2023-03-14,中证绿色债券指数
2023-03-15,930951,中证交易所绿色债券指数,交易所绿色债,CSI Exchange Green Bond Index,Exchange Green Bond,,,,130.94,0.05,0.04,0.0,0.0,301.0,,2023-03-15,中证交易所绿色债券指数
2023-03-15,931147,中证交易所高等级绿色债券指数,交易所高等级绿色债,CSI Exchange High Grade Green Bond Index,Exchange High Grade Green Bond,,,,130.99,0.05,0.04,0.0,0.0,275.0,,2023-03-15,中证交易所高等级绿色债券指数
2023-03-15,931145,中证绿色债券指数,中证绿色债,CSI Green Bond Index,CSI Green Bond,,,,128.01,0.03,0.02,0.0,0.0,766.0,,2023-03-15,中证绿色债券指数
2023-03-16,930951,中证交易所绿色债券指数,交易所绿色债,CSI Exchange Green Bond Index,Exchange Green Bond,,,,130.97,0.03,0.03,0.0,0.0,301.0,,2023-03-16,中证交易所绿色债券指数
2023-03-16,931147,中证交易所高等级绿色债券指数,交易所高等级绿色债,CSI Exchange High Grade Green Bond Index,Exchange High Grade Green Bond,,,,131.02,0.03,0.03,0.0,0.0,275.0,,2023-03-16,中证交易所高等级绿色债券指数
2023-03-16,931145,中证绿色债券指数,中证绿色债,CSI Green Bond Index,CSI Green Bond,,,,128.03,0.02,0.02,0.0,0.0,766.0,,2023-03-16,中证绿色债券指数
2023-03-17,930951,中证交易所绿色债券指数,交易所绿色债,CSI Exchange Green Bond Index,Exchange Green Bond,,,,131.01,0.04,0.03,0.0,0.0,301.0,,2023-03-17,中证交易所绿色债券指数
2023-03-17,931147,中证交易所高等级绿色债券指数,交易所高等级绿色债,CSI Exchange High Grade Green Bond Index,Exchange High Grade Green Bond,,,,131.07,0.04,0.03,0.0,0.0,275.0,,2023-03-17,中证交易所高等级绿色债券指数
2023-03-17,931145,中证绿色债券指数,中证绿色债,CSI Green Bond Index,CSI Green Bond,,,,128.06,0.03,0.03,0.0,0.0,766.0,,2023-03-17,中证绿色债券指数
2023-03-20,930951,中证交易所绿色债券指数,交易所绿色债,CSI Exchange Green Bond Index,Exchange Green Bond,,,,131.1,0.08,0.06,0.0,0.0,301.0,,2023-03-20,中证交易所绿色债券指数
2023-03-20,931147,中证交易所高等级绿色债券指数,交易所高等级绿色债,CSI Exchange High Grade Green Bond Index,Exchange High Grade Green Bond,,,,131.15,0.08,0.06,0.0,0.0,275.0,,2023-03-20,中证交易所高等级绿色债券指数
2023-03-20,931145,中证绿色债券指数,中证绿色债,CSI Green Bond Index,CSI Green Bond,,,,128.14,0.08,0.06,0.0,0.0,766.0,,2023-03-20,中证绿色债券指数
2023-03-21,930951,中证交易所绿色债券指数,交易所绿色债,CSI Exchange Green Bond Index,Exchange Green Bond,,,,131.14,0.05,0.04,0.0,0.0,300.0,,2023-03-21,中证交易所绿色债券指数
2023-03-21,931147,中证交易所高等级绿色债券指数,交易所高等级绿色债,CSI Exchange High Grade Green Bond Index,Exchange High Grade Green Bond,,,,131.2,0.05,0.04,0.0,0.0,274.0,,2023-03-21,中证交易所高等级绿色债券指数
2023-03-21,931145,中证绿色债券指数,中证绿色债,CSI Green Bond Index,CSI Green Bond,,,,128.18,0.04,0.03,0.0,0.0,765.0,,2023-03-21,中证绿色债券指数
2023-03-22,930951,中证交易所绿色债券指数,交易所绿色债,CSI Exchange Green Bond Index,Exchange Green Bond,,,,131.17,0.03,0.02,0.0,0.0,300.0,,2023-03-22,中证交易所绿色债券指数
2023-03-22,931147,中证交易所高等级绿色债券指数,交易所高等级绿色债,CSI Exchange High Grade Green Bond Index,Exchange High Grade Green Bond,,,,131.23,0.03,0.02,0.0,0.0,274.0,,2023-03-22,中证交易所高等级绿色债券指数
2023-03-22,931145,中证绿色债券指数,中证绿色债,CSI Green Bond Index,CSI Green Bond,,,,128.2,0.01,0.01,0.0,0.0,765.0,,2023-03-22,中证绿色债券指数
2023-03-23,930951,中证交易所绿色债券指数,交易所绿色债,CSI Exchange Green Bond Index,Exchange Green Bond,,,,131.2,0.02,0.02,0.0,0.0,300.0,,2023-03-23,中证交易所绿色债券指数
2023-03-23,931147,中证交易所高等级绿色债券指数,交易所高等级绿色债,CSI Exchange High Grade Green Bond Index,Exchange High Grade Green Bond,,,,131.25,0.02,0.02,0.0,0.0,274.0,,2023-03-23,中证交易所高等级绿色债券指数
2023-03-23,931145,中证绿色债券指数,中证绿色债,CSI Green Bond Index,CSI Green Bond,,,,128.22,0.02,0.02,0.0,0.0,765.0,,2023-03-23,中证绿色债券指数
2023-03-24,930951,中证交易所绿色债券指数,交易所绿色债,CSI Exchange Green Bond Index,Exchange Green Bond,,,,131.21,0.02,0.01,0.0,0.0,300.0,,2023-03-24,中证交易所绿色债券指数
2023-03-24,931147,中证交易所高等级绿色债券指数,交易所高等级绿色债,CSI Exchange High Grade Green Bond Index,Exchange High Grade Green Bond,,,,131.27,0.02,0.01,0.0,0.0,274.0,,2023-03-24,中证交易所高等级绿色债券指数
2023-03-24,931145,中证绿色债券指数,中证绿色债,CSI Green Bond Index,CSI Green Bond,,,,128.21,0.0,0.0,0.0,0.0,765.0,,2023-03-24,中证绿色债券指数
2023-03-27,930951,中证交易所绿色债券指数,交易所绿色债,CSI Exchange Green Bond Index,Exchange Green Bond,,,,131.26,0.05,0.04,0.0,0.0,300.0,,2023-03-27,中证交易所绿色债券指数
2023-03-27,931147,中证交易所高等级绿色债券指数,交易所高等级绿色债,CSI Exchange High Grade Green Bond Index,Exchange High Grade Green Bond,,,,131.31,0.05,0.04,0.0,0.0,274.0,,2023-03-27,中证交易所高等级绿色债券指数
2023-03-27,931145,中证绿色债券指数,中证绿色债,CSI Green Bond Index,CSI Green Bond,,,,128.25,0.04,0.03,0.0,0.0,765.0,,2023-03-27,中证绿色债券指数
2023-03-28,930951,中证交易所绿色债券指数,交易所绿色债,CSI Exchange Green Bond Index,Exchange Green Bond,,,,131.27,0.01,0.01,0.0,0.0,300.0,,2023-03-28,中证交易所绿色债券指数
2023-03-28,931147,中证交易所高等级绿色债券指数,交易所高等级绿色债,CSI Exchange High Grade Green Bond Index,Exchange High Grade Green Bond,,,,131.32,0.01,0.01,0.0,0.0,274.0,,2023-03-28,中证交易所高等级绿色债券指数
2023-03-28,931145,中证绿色债券指数,中证绿色债,CSI Green Bond Index,CSI Green Bond,,,,128.26,0.01,0.01,0.0,0.0,765.0,,2023-03-28,中证绿色债券指数
2023-03-29,930951,中证交易所绿色债券指数,交易所绿色债,CSI Exchange Green Bond Index,Exchange Green Bond,,,,131.3,0.03,0.02,0.0,0.0,300.0,,2023-03-29,中证交易所绿色债券指数
2023-03-29,931147,中证交易所高等级绿色债券指数,交易所高等级绿色债,CSI Exchange High Grade Green Bond Index,Exchange High Grade Green Bond,,,,131.35,0.03,0.02,0.0,0.0,274.0,,2023-03-29,中证交易所高等级绿色债券指数
2023-03-29,931145,中证绿色债券指数,中证绿色债,CSI Green Bond Index,CSI Green Bond,,,,128.28,0.02,0.02,0.0,0.0,765.0,,2023-03-29,中证绿色债券指数
2023-03-30,930951,中证交易所绿色债券指数,交易所绿色债,CSI Exchange Green Bond Index,Exchange Green Bond,,,,131.31,0.02,0.01,0.0,0.0,300.0,,2023-03-30,中证交易所绿色债券指数
2023-03-30,931147,中证交易所高等级绿色债券指数,交易所高等级绿色债,CSI Exchange High Grade Green Bond Index,Exchange High Grade Green Bond,,,,131.36,0.02,0.01,0.0,0.0,274.0,,2023-03-30,中证交易所高等级绿色债券指数
2023-03-30,931145,中证绿色债券指数,中证绿色债,CSI Green Bond Index,CSI Green Bond,,,,128.31,0.02,0.02,0.0,0.0,765.0,,2023-03-30,中证绿色债券指数
2023-03-31,930951,中证交易所绿色债券指数,交易所绿色债,CSI Exchange Green Bond Index,Exchange Green Bond,,,,131.33,0.02,0.01,0.0,0.0,300.0,,2023-03-31,中证交易所绿色债券指数
2023-03-31,931147,中证交易所高等级绿色债券指数,交易所高等级绿色债,CSI Exchange High Grade Green Bond Index,Exchange High Grade Green Bond,,,,131.38,0.02,0.01,0.0,0.0,274.0,,2023-03-31,中证交易所高等级绿色债券指数
2023-03-31,931145,中证绿色债券指数,中证绿色债,CSI Green Bond Index,CSI Green Bond,,,,128.34,0.03,0.03,0.0,0.0,764.0,,2023-03-31,中证绿色债券指数
2023-04-03,930951,中证交易所绿色债券指数,交易所绿色债,CSI Exchange Green Bond Index,Exchange Green Bond,,,,131.42,0.09,0.07,0.0,0.0,305.0,,2023-04-03,中证交易所绿色债券指数
2023-04-03,931147,中证交易所高等级绿色债券指数,交易所高等级绿色债,CSI Exchange High Grade Green Bond Index,Exchange High Grade Green Bond,,,,131.47,0.09,0.07,0.0,0.0,279.0,,2023-04-03,中证交易所高等级绿色债券指数
2023-04-03,931145,中证绿色债券指数,中证绿色债,CSI Green Bond Index,CSI Green Bond,,,,128.41,0.07,0.05,0.0,0.0,787.0,,2023-04-03,中证绿色债券指数
2023-04-04,930951,中证交易所绿色债券指数,交易所绿色债,CSI Exchange Green Bond Index,Exchange Green Bond,,,,131.47,0.05,0.04,0.0,0.0,305.0,,2023-04-04,中证交易所绿色债券指数
2023-04-04,931147,中证交易所高等级绿色债券指数,交易所高等级绿色债,CSI Exchange High Grade Green Bond Index,Exchange High Grade Green Bond,,,,131.52,0.05,0.04,0.0,0.0,279.0,,2023-04-04,中证交易所高等级绿色债券指数
2023-04-04,931145,中证绿色债券指数,中证绿色债,CSI Green Bond Index,CSI Green Bond,,,,128.43,0.03,0.02,0.0,0.0,787.0,,2023-04-04,中证绿色债券指数
2023-04-06,930951,中证交易所绿色债券指数,交易所绿色债,CSI Exchange Green Bond Index,Exchange Green Bond,,,,131.52,0.05,0.04,0.0,0.0,305.0,,2023-04-06,中证交易所绿色债券指数
2023-04-06,931147,中证交易所高等级绿色债券指数,交易所高等级绿色债,CSI Exchange High Grade Green Bond Index,Exchange High Grade Green Bond,,,,131.57,0.05,0.04,0.0,0.0,279.0,,2023-04-06,中证交易所高等级绿色债券指数
2023-04-06,931145,中证绿色债券指数,中证绿色债,CSI Green Bond Index,CSI Green Bond,,,,128.46,0.02,0.02,0.0,0.0,787.0,,2023-04-06,中证绿色债券指数
2023-04-07,930951,中证交易所绿色债券指数,交易所绿色债,CSI Exchange Green Bond Index,Exchange Green Bond,,,,131.54,0.03,0.02,0.0,0.0,305.0,,2023-04-07,中证交易所绿色债券指数
2023-04-07,931147,中证交易所高等级绿色债券指数,交易所高等级绿色债,CSI Exchange High Grade Green Bond Index,Exchange High Grade Green Bond,,,,131.59,0.03,0.02,0.0,0.0,279.0,,2023-04-07,中证交易所高等级绿色债券指数
2023-04-07,931145,中证绿色债券指数,中证绿色债,CSI Green Bond Index,CSI Green Bond,,,,128.47,0.01,0.01,0.0,0.0,787.0,,2023-04-07,中证绿色债券指数
2023-04-10,930951,中证交易所绿色债券指数,交易所绿色债,CSI Exchange Green Bond Index,Exchange Green Bond,,,,131.6,0.06,0.05,0.0,0.0,304.0,,2023-04-10,中证交易所绿色债券指数
2023-04-10,931147,中证交易所高等级绿色债券指数,交易所高等级绿色债,CSI Exchange High Grade Green Bond Index,Exchange High Grade Green Bond,,,,131.65,0.06,0.05,0.0,0.0,278.0,,2023-04-10,中证交易所高等级绿色债券指数
2023-04-10,931145,中证绿色债券指数,中证绿色债,CSI Green Bond Index,CSI Green Bond,,,,128.51,0.04,0.03,0.0,0.0,786.0,,2023-04-10,中证绿色债券指数
2023-04-11,930951,中证交易所绿色债券指数,交易所绿色债,CSI Exchange Green Bond Index,Exchange Green Bond,,,,131.65,0.05,0.04,0.0,0.0,304.0,,2023-04-11,中证交易所绿色债券指数
2023-04-11,931147,中证交易所高等级绿色债券指数,交易所高等级绿色债,CSI Exchange High Grade Green Bond Index,Exchange High Grade Green Bond,,,,131.7,0.05,0.04,0.0,0.0,278.0,,2023-04-11,中证交易所高等级绿色债券指数
2023-04-11,931145,中证绿色债券指数,中证绿色债,CSI Green Bond Index,CSI Green Bond,,,,128.55,0.04,0.03,0.0,0.0,786.0,,2023-04-11,中证绿色债券指数
2023-04-12,930951,中证交易所绿色债券指数,交易所绿色债,CSI Exchange Green Bond Index,Exchange Green Bond,,,,131.69,0.04,0.03,0.0,0.0,304.0,,2023-04-12,中证交易所绿色债券指数
2023-04-12,931147,中证交易所高等级绿色债券指数,交易所高等级绿色债,CSI Exchange High Grade Green Bond Index,Exchange High Grade Green Bond,,,,131.74,0.04,0.03,0.0,0.0,278.0,,2023-04-12,中证交易所高等级绿色债券指数
2023-04-12,931145,中证绿色债券指数,中证绿色债,CSI Green Bond Index,CSI Green Bond,,,,128.58,0.03,0.03,0.0,0.0,786.0,,2023-04-12,中证绿色债券指数
2023-04-13,930951,中证交易所绿色债券指数,交易所绿色债,CSI Exchange Green Bond Index,Exchange Green Bond,,,,131.72,0.03,0.02,0.0,0.0,304.0,,2023-04-13,中证交易所绿色债券指数
2023-04-13,931147,中证交易所高等级绿色债券指数,交易所高等级绿色债,CSI Exchange High Grade Green Bond Index,Exchange High Grade Green Bond,,,,131.77,0.03,0.02,0.0,0.0,278.0,,2023-04-13,中证交易所高等级绿色债券指数
2023-04-13,931145,中证绿色债券指数,中证绿色债,CSI Green Bond Index,CSI Green Bond,,,,128.6,0.02,0.02,0.0,0.0,786.0,,2023-04-13,中证绿色债券指数
2023-04-14,930951,中证交易所绿色债券指数,交易所绿色债,CSI Exchange Green Bond Index,Exchange Green Bond,,,,131.75,0.03,0.02,0.0,0.0,304.0,,2023-04-14,中证交易所绿色债券指数
2023-04-14,931147,中证交易所高等级绿色债券指数,交易所高等级绿色债,CSI Exchange High Grade Green Bond Index,Exchange High Grade Green Bond,,,,131.8,0.03,0.02,0.0,0.0,278.0,,2023-04-14,中证交易所高等级绿色债券指数
2023-04-14,931145,中证绿色债券指数,中证绿色债,CSI Green Bond Index,CSI Green Bond,,,,128.62,0.01,0.01,0.0,0.0,786.0,,2023-04-14,中证绿色债券指数
2023-04-17,930951,中证交易所绿色债券指数,交易所绿色债,CSI Exchange Green Bond Index,Exchange Green Bond,,,,131.78,0.03,0.02,0.0,0.0,304.0,,2023-04-17,中证交易所绿色债券指数
2023-04-17,931147,中证交易所高等级绿色债券指数,交易所高等级绿色债,CSI Exchange High Grade Green Bond Index,Exchange High Grade Green Bond,,,,131.82,0.03,0.02,0.0,0.0,278.0,,2023-04-17,中证交易所高等级绿色债券指数
2023-04-17,931145,中证绿色债券指数,中证绿色债,CSI Green Bond Index,CSI Green Bond,,,,128.65,0.03,0.02,0.0,0.0,786.0,,2023-04-17,中证绿色债券指数
2023-04-18,930951,中证交易所绿色债券指数,交易所绿色债,CSI Exchange Green Bond Index,Exchange Green Bond,,,,131.79,0.01,0.01,0.0,0.0,304.0,,2023-04-18,中证交易所绿色债券指数
2023-04-18,931147,中证交易所高等级绿色债券指数,交易所高等级绿色债,CSI Exchange High Grade Green Bond Index,Exchange High Grade Green Bond,,,,131.83,0.01,0.01,0.0,0.0,278.0,,2023-04-18,中证交易所高等级绿色债券指数
2023-04-18,931145,中证绿色债券指数,中证绿色债,CSI Green Bond Index,CSI Green Bond,,,,128.66,0.01,0.01,0.0,0.0,786.0,,2023-04-18,中证绿色债券指数
2023-04-19,930951,中证交易所绿色债券指数,交易所绿色债,CSI Exchange Green Bond Index,Exchange Green Bond,,,,131.81,0.02,0.02,0.0,0.0,304.0,,2023-04-19,中证交易所绿色债券指数
2023-04-19,931147,中证交易所高等级绿色债券指数,交易所高等级绿色债,CSI Exchange High Grade Green Bond Index,Exchange High Grade Green Bond,,,,131.86,0.02,0.02,0.0,0.0,278.0,,2023-04-19,中证交易所高等级绿色债券指数
2023-04-19,931145,中证绿色债券指数,中证绿色债,CSI Green Bond Index,CSI Green Bond,,,,128.68,0.02,0.02,0.0,0.0,786.0,,2023-04-19,中证绿色债券指数
2023-04-20,930951,中证交易所绿色债券指数,交易所绿色债,CSI Exchange Green Bond Index,Exchange Green Bond,,,,131.85,0.05,0.03,0.0,0.0,304.0,,2023-04-20,中证交易所绿色债券指数
2023-04-20,931147,中证交易所高等级绿色债券指数,交易所高等级绿色债,CSI Exchange High Grade Green Bond Index,Exchange High Grade Green Bond,,,,131.9,0.05,0.03,0.0,0.0,278.0,,2023-04-20,中证交易所高等级绿色债券指数
2023-04-20,931145,中证绿色债券指数,中证绿色债,CSI Green Bond Index,CSI Green Bond,,,,128.71,0.03,0.03,0.0,0.0,786.0,,2023-04-20,中证绿色债券指数
2023-04-21,930951,中证交易所绿色债券指数,交易所绿色债,CSI Exchange Green Bond Index,Exchange Green Bond,,,,131.87,0.02,0.02,0.0,0.0,304.0,,2023-04-21,中证交易所绿色债券指数
2023-04-21,931147,中证交易所高等级绿色债券指数,交易所高等级绿色债,CSI Exchange High Grade Green Bond Index,Exchange High Grade Green Bond,,,,131.92,0.02,0.02,0.0,0.0,278.0,,2023-04-21,中证交易所高等级绿色债券指数
2023-04-21,931145,中证绿色债券指数,中证绿色债,CSI Green Bond Index,CSI Green Bond,,,,128.73,0.02,0.01,0.0,0.0,786.0,,2023-04-21,中证绿色债券指数
2023-04-24,930951,中证交易所绿色债券指数,交易所绿色债,CSI Exchange Green Bond Index,Exchange Green Bond,,,,131.92,0.05,0.04,0.0,0.0,304.0,,2023-04-24,中证交易所绿色债券指数
2023-04-24,931147,中证交易所高等级绿色债券指数,交易所高等级绿色债,CSI Exchange High Grade Green Bond Index,Exchange High Grade Green Bond,,,,131.97,0.05,0.04,0.0,0.0,278.0,,2023-04-24,中证交易所高等级绿色债券指数
2023-04-24,931145,中证绿色债券指数,中证绿色债,CSI Green Bond Index,CSI Green Bond,,,,128.77,0.04,0.03,0.0,0.0,786.0,,2023-04-24,中证绿色债券指数
2023-04-25,930951,中证交易所绿色债券指数,交易所绿色债,CSI Exchange Green Bond Index,Exchange Green Bond,,,,131.95,0.03,0.02,0.0,0.0,304.0,,2023-04-25,中证交易所绿色债券指数
2023-04-25,931147,中证交易所高等级绿色债券指数,交易所高等级绿色债,CSI Exchange High Grade Green Bond Index,Exchange High Grade Green Bond,,,,132.0,0.03,0.02,0.0,0.0,278.0,,2023-04-25,中证交易所高等级绿色债券指数
2023-04-25,931145,中证绿色债券指数,中证绿色债,CSI Green Bond Index,CSI Green Bond,,,,128.79,0.02,0.01,0.0,0.0,786.0,,2023-04-25,中证绿色债券指数
2023-04-26,930951,中证交易所绿色债券指数,交易所绿色债,CSI Exchange Green Bond Index,Exchange Green Bond,,,,131.97,0.01,0.01,0.0,0.0,304.0,,2023-04-26,中证交易所绿色债券指数
2023-04-26,931147,中证交易所高等级绿色债券指数,交易所高等级绿色债,CSI Exchange High Grade Green Bond Index,Exchange High Grade Green Bond,,,,132.01,0.01,0.01,0.0,0.0,278.0,,2023-04-26,中证交易所高等级绿色债券指数
2023-04-26,931145,中证绿色债券指数,中证绿色债,CSI Green Bond Index,CSI Green Bond,,,,128.81,0.02,0.02,0.0,0.0,786.0,,2023-04-26,中证绿色债券指数
2023-04-27,930951,中证交易所绿色债券指数,交易所绿色债,CSI Exchange Green Bond Index,Exchange Green Bond,,,,132.04,0.08,0.06,0.0,0.0,304.0,,2023-04-27,中证交易所绿色债券指数
2023-04-27,931147,中证交易所高等级绿色债券指数,交易所高等级绿色债,CSI Exchange High Grade Green Bond Index,Exchange High Grade Green Bond,,,,132.09,0.08,0.06,0.0,0.0,278.0,,2023-04-27,中证交易所高等级绿色债券指数
2023-04-27,931145,中证绿色债券指数,中证绿色债,CSI Green Bond Index,CSI Green Bond,,,,128.87,0.06,0.05,0.0,0.0,786.0,,2023-04-27,中证绿色债券指数
2023-04-28,930951,中证交易所绿色债券指数,交易所绿色债,CSI Exchange Green Bond Index,Exchange Green Bond,,,,132.07,0.03,0.03,0.0,0.0,303.0,,2023-04-28,中证交易所绿色债券指数
2023-04-28,931147,中证交易所高等级绿色债券指数,交易所高等级绿色债,CSI Exchange High Grade Green Bond Index,Exchange High Grade Green Bond,,,,132.12,0.03,0.02,0.0,0.0,277.0,,2023-04-28,中证交易所高等级绿色债券指数
2023-04-28,931145,中证绿色债券指数,中证绿色债,CSI Green Bond Index,CSI Green Bond,,,,128.9,0.03,0.02,0.0,0.0,785.0,,2023-04-28,中证绿色债券指数
2023-05-04,930951,中证交易所绿色债券指数,交易所绿色债,CSI Exchange Green Bond Index,Exchange Green Bond,,,,132.19,0.11,0.09,0.0,0.0,307.0,,2023-05-04,中证交易所绿色债券指数
2023-05-04,931147,中证交易所高等级绿色债券指数,交易所高等级绿色债,CSI Exchange High Grade Green Bond Index,Exchange High Grade Green Bond,,,,132.23,0.11,0.09,0.0,0.0,279.0,,2023-05-04,中证交易所高等级绿色债券指数
2023-05-04,931145,中证绿色债券指数,中证绿色债,CSI Green Bond Index,CSI Green Bond,,,,129.0,0.1,0.08,0.0,0.0,804.0,,2023-05-04,中证绿色债券指数
2023-05-05,930951,中证交易所绿色债券指数,交易所绿色债,CSI Exchange Green Bond Index,Exchange Green Bond,,,,132.26,0.08,0.06,0.0,0.0,307.0,,2023-05-05,中证交易所绿色债券指数
2023-05-05,931147,中证交易所高等级绿色债券指数,交易所高等级绿色债,CSI Exchange High Grade Green Bond Index,Exchange High Grade Green Bond,,,,132.3,0.08,0.06,0.0,0.0,279.0,,2023-05-05,中证交易所高等级绿色债券指数
2023-05-05,931145,中证绿色债券指数,中证绿色债,CSI Green Bond Index,CSI Green Bond,,,,129.06,0.06,0.05,0.0,0.0,804.0,,2023-05-05,中证绿色债券指数
2023-05-08,930951,中证交易所绿色债券指数,交易所绿色债,CSI Exchange Green Bond Index,Exchange Green Bond,,,,132.35,0.09,0.07,0.0,0.0,307.0,,2023-05-08,中证交易所绿色债券指数
2023-05-08,931147,中证交易所高等级绿色债券指数,交易所高等级绿色债,CSI Exchange High Grade Green Bond Index,Exchange High Grade Green Bond,,,,132.4,0.09,0.07,0.0,0.0,279.0,,2023-05-08,中证交易所高等级绿色债券指数
2023-05-08,931145,中证绿色债券指数,中证绿色债,CSI Green Bond Index,CSI Green Bond,,,,129.12,0.06,0.05,0.0,0.0,804.0,,2023-05-08,中证绿色债券指数
2023-05-09,930951,中证交易所绿色债券指数,交易所绿色债,CSI Exchange Green Bond Index,Exchange Green Bond,,,,132.4,0.05,0.04,0.0,0.0,306.0,,2023-05-09,中证交易所绿色债券指数
2023-05-09,931147,中证交易所高等级绿色债券指数,交易所高等级绿色债,CSI Exchange High Grade Green Bond Index,Exchange High Grade Green Bond,,,,132.45,0.05,0.04,0.0,0.0,278.0,,2023-05-09,中证交易所高等级绿色债券指数
2023-05-09,931145,中证绿色债券指数,中证绿色债,CSI Green Bond Index,CSI Green Bond,,,,129.14,0.02,0.02,0.0,0.0,803.0,,2023-05-09,中证绿色债券指数
2023-05-10,930951,中证交易所绿色债券指数,交易所绿色债,CSI Exchange Green Bond Index,Exchange Green Bond,,,,132.43,0.03,0.02,0.0,0.0,306.0,,2023-05-10,中证交易所绿色债券指数
2023-05-10,931147,中证交易所高等级绿色债券指数,交易所高等级绿色债,CSI Exchange High Grade Green Bond Index,Exchange High Grade Green Bond,,,,132.48,0.03,0.02,0.0,0.0,278.0,,2023-05-10,中证交易所高等级绿色债券指数
2023-05-10,931145,中证绿色债券指数,中证绿色债,CSI Green Bond Index,CSI Green Bond,,,,129.19,0.05,0.04,0.0,0.0,803.0,,2023-05-10,中证绿色债券指数
2023-05-11,930951,中证交易所绿色债券指数,交易所绿色债,CSI Exchange Green Bond Index,Exchange Green Bond,,,,132.51,0.08,0.06,0.0,0.0,306.0,,2023-05-11,中证交易所绿色债券指数
2023-05-11,931147,中证交易所高等级绿色债券指数,交易所高等级绿色债,CSI Exchange High Grade Green Bond Index,Exchange High Grade Green Bond,,,,132.56,0.08,0.06,0.0,0.0,278.0,,2023-05-11,中证交易所高等级绿色债券指数
2023-05-11,931145,中证绿色债券指数,中证绿色债,CSI Green Bond Index,CSI Green Bond,,,,129.27,0.09,0.07,0.0,0.0,803.0,,2023-05-11,中证绿色债券指数
2023-05-12,930951,中证交易所绿色债券指数,交易所绿色债,CSI Exchange Green Bond Index,Exchange Green Bond,,,,132.55,0.04,0.03,0.0,0.0,305.0,,2023-05-12,中证交易所绿色债券指数
2023-05-12,931147,中证交易所高等级绿色债券指数,交易所高等级绿色债,CSI Exchange High Grade Green Bond Index,Exchange High Grade Green Bond,,,,132.6,0.04,0.03,0.0,0.0,278.0,,2023-05-12,中证交易所高等级绿色债券指数
2023-05-12,931145,中证绿色债券指数,中证绿色债,CSI Green Bond Index,CSI Green Bond,,,,129.3,0.03,0.02,0.0,0.0,802.0,,2023-05-12,中证绿色债券指数
2023-05-15,930951,中证交易所绿色债券指数,交易所绿色债,CSI Exchange Green Bond Index,Exchange Green Bond,,,,132.59,0.04,0.03,0.0,0.0,305.0,,2023-05-15,中证交易所绿色债券指数
2023-05-15,931147,中证交易所高等级绿色债券指数,交易所高等级绿色债,CSI Exchange High Grade Green Bond Index,Exchange High Grade Green Bond,,,,132.64,0.04,0.03,0.0,0.0,278.0,,2023-05-15,中证交易所高等级绿色债券指数
2023-05-15,931145,中证绿色债券指数,中证绿色债,CSI Green Bond Index,CSI Green Bond,,,,129.32,0.02,0.01,0.0,0.0,802.0,,2023-05-15,中证绿色债券指数
2023-05-16,930951,中证交易所绿色债券指数,交易所绿色债,CSI Exchange Green Bond Index,Exchange Green Bond,,,,132.61,0.02,0.01,0.0,0.0,305.0,,2023-05-16,中证交易所绿色债券指数
2023-05-16,931147,中证交易所高等级绿色债券指数,交易所高等级绿色债,CSI Exchange High Grade Green Bond Index,Exchange High Grade Green Bond,,,,132.66,0.02,0.01,0.0,0.0,278.0,,2023-05-16,中证交易所高等级绿色债券指数
2023-05-16,931145,中证绿色债券指数,中证绿色债,CSI Green Bond Index,CSI Green Bond,,,,129.32,0.0,0.0,0.0,0.0,802.0,,2023-05-16,中证绿色债券指数
2023-05-17,930951,中证交易所绿色债券指数,交易所绿色债,CSI Exchange Green Bond Index,Exchange Green Bond,,,,132.62,0.01,0.01,0.0,0.0,305.0,,2023-05-17,中证交易所绿色债券指数
2023-05-17,931147,中证交易所高等级绿色债券指数,交易所高等级绿色债,CSI Exchange High Grade Green Bond Index,Exchange High Grade Green Bond,,,,132.67,0.01,0.01,0.0,0.0,278.0,,2023-05-17,中证交易所高等级绿色债券指数
2023-05-17,931145,中证绿色债券指数,中证绿色债,CSI Green Bond Index,CSI Green Bond,,,,129.33,0.01,0.01,0.0,0.0,802.0,,2023-05-17,中证绿色债券指数
2023-05-18,930951,中证交易所绿色债券指数,交易所绿色债,CSI Exchange Green Bond Index,Exchange Green Bond,,,,132.61,-0.01,-0.01,0.0,0.0,305.0,,2023-05-18,中证交易所绿色债券指数
2023-05-18,931147,中证交易所高等级绿色债券指数,交易所高等级绿色债,CSI Exchange High Grade Green Bond Index,Exchange High Grade Green Bond,,,,132.66,-0.01,-0.01,0.0,0.0,278.0,,2023-05-18,中证交易所高等级绿色债券指数
2023-05-18,931145,中证绿色债券指数,中证绿色债,CSI Green Bond Index,CSI Green Bond,,,,129.32,-0.01,0.0,0.0,0.0,802.0,,2023-05-18,中证绿色债券指数
2023-05-19,930951,中证交易所绿色债券指数,交易所绿色债,CSI Exchange Green Bond Index,Exchange Green Bond,,,,132.61,0.0,0.0,0.0,0.0,305.0,,2023-05-19,中证交易所绿色债券指数
2023-05-19,931147,中证交易所高等级绿色债券指数,交易所高等级绿色债,CSI Exchange High Grade Green Bond Index,Exchange High Grade Green Bond,,,,132.66,0.0,0.0,0.0,0.0,278.0,,2023-05-19,中证交易所高等级绿色债券指数
2023-05-19,931145,中证绿色债券指数,中证绿色债,CSI Green Bond Index,CSI Green Bond,,,,129.32,0.0,0.0,0.0,0.0,802.0,,2023-05-19,中证绿色债券指数
2023-05-22,930951,中证交易所绿色债券指数,交易所绿色债,CSI Exchange Green Bond Index,Exchange Green Bond,,,,132.68,0.06,0.05,0.0,0.0,305.0,,2023-05-22,中证交易所绿色债券指数
2023-05-22,931147,中证交易所高等级绿色债券指数,交易所高等级绿色债,CSI Exchange High Grade Green Bond Index,Exchange High Grade Green Bond,,,,132.72,0.06,0.05,0.0,0.0,278.0,,2023-05-22,中证交易所高等级绿色债券指数
2023-05-22,931145,中证绿色债券指数,中证绿色债,CSI Green Bond Index,CSI Green Bond,,,,129.39,0.06,0.05,0.0,0.0,802.0,,2023-05-22,中证绿色债券指数
2023-05-23,930951,中证交易所绿色债券指数,交易所绿色债,CSI Exchange Green Bond Index,Exchange Green Bond,,,,132.74,0.06,0.04,0.0,0.0,305.0,,2023-05-23,中证交易所绿色债券指数
2023-05-23,931147,中证交易所高等级绿色债券指数,交易所高等级绿色债,CSI Exchange High Grade Green Bond Index,Exchange High Grade Green Bond,,,,132.78,0.06,0.05,0.0,0.0,278.0,,2023-05-23,中证交易所高等级绿色债券指数
2023-05-23,931145,中证绿色债券指数,中证绿色债,CSI Green Bond Index,CSI Green Bond,,,,129.45,0.06,0.05,0.0,0.0,802.0,,2023-05-23,中证绿色债券指数
2023-05-24,930951,中证交易所绿色债券指数,交易所绿色债,CSI Exchange Green Bond Index,Exchange Green Bond,,,,132.78,0.04,0.03,0.0,0.0,305.0,,2023-05-24,中证交易所绿色债券指数
2023-05-24,931147,中证交易所高等级绿色债券指数,交易所高等级绿色债,CSI Exchange High Grade Green Bond Index,Exchange High Grade Green Bond,,,,132.83,0.04,0.03,0.0,0.0,278.0,,2023-05-24,中证交易所高等级绿色债券指数
2023-05-24,931145,中证绿色债券指数,中证绿色债,CSI Green Bond Index,CSI Green Bond,,,,129.49,0.04,0.03,0.0,0.0,802.0,,2023-05-24,中证绿色债券指数
2023-05-25,930951,中证交易所绿色债券指数,交易所绿色债,CSI Exchange Green Bond Index,Exchange Green Bond,,,,132.8,0.02,0.01,0.0,0.0,305.0,,2023-05-25,中证交易所绿色债券指数
2023-05-25,931147,中证交易所高等级绿色债券指数,交易所高等级绿色债,CSI Exchange High Grade Green Bond Index,Exchange High Grade Green Bond,,,,132.84,0.02,0.01,0.0,0.0,278.0,,2023-05-25,中证交易所高等级绿色债券指数
2023-05-25,931145,中证绿色债券指数,中证绿色债,CSI Green Bond Index,CSI Green Bond,,,,129.49,0.01,0.01,0.0,0.0,802.0,,2023-05-25,中证绿色债券指数
2023-05-26,930951,中证交易所绿色债券指数,交易所绿色债,CSI Exchange Green Bond Index,Exchange Green Bond,,,,132.79,0.0,0.0,0.0,0.0,305.0,,2023-05-26,中证交易所绿色债券指数
2023-05-26,931147,中证交易所高等级绿色债券指数,交易所高等级绿色债,CSI Exchange High Grade Green Bond Index,Exchange High Grade Green Bond,,,,132.84,0.0,0.0,0.0,0.0,278.0,,2023-05-26,中证交易所高等级绿色债券指数
2023-05-26,931145,中证绿色债券指数,中证绿色债,CSI Green Bond Index,CSI Green Bond,,,,129.5,0.0,0.0,0.0,0.0,802.0,,2023-05-26,中证绿色债券指数
2023-05-29,930951,中证交易所绿色债券指数,交易所绿色债,CSI Exchange Green Bond Index,Exchange Green Bond,,,,132.82,0.03,0.02,0.0,0.0,305.0,,2023-05-29,中证交易所绿色债券指数
2023-05-29,931147,中证交易所高等级绿色债券指数,交易所高等级绿色债,CSI Exchange High Grade Green Bond Index,Exchange High Grade Green Bond,,,,132.87,0.03,0.02,0.0,0.0,278.0,,2023-05-29,中证交易所高等级绿色债券指数
2023-05-29,931145,中证绿色债券指数,中证绿色债,CSI Green Bond Index,CSI Green Bond,,,,129.53,0.03,0.02,0.0,0.0,802.0,,2023-05-29,中证绿色债券指数
2023-05-30,930951,中证交易所绿色债券指数,交易所绿色债,CSI Exchange Green Bond Index,Exchange Green Bond,,,,132.84,0.02,0.01,0.0,0.0,305.0,,2023-05-30,中证交易所绿色债券指数
2023-05-30,931147,中证交易所高等级绿色债券指数,交易所高等级绿色债,CSI Exchange High Grade Green Bond Index,Exchange High Grade Green Bond,,,,132.88,0.02,0.01,0.0,0.0,278.0,,2023-05-30,中证交易所高等级绿色债券指数
2023-05-30,931145,中证绿色债券指数,中证绿色债,CSI Green Bond Index,CSI Green Bond,,,,129.56,0.03,0.02,0.0,0.0,802.0,,2023-05-30,中证绿色债券指数
2023-05-31,930951,中证交易所绿色债券指数,交易所绿色债,CSI Exchange Green Bond Index,Exchange Green Bond,,,,132.87,0.03,0.02,0.0,0.0,305.0,,2023-05-31,中证交易所绿色债券指数
2023-05-31,931147,中证交易所高等级绿色债券指数,交易所高等级绿色债,CSI Exchange High Grade Green Bond Index,Exchange High Grade Green Bond,,,,132.91,0.03,0.02,0.0,0.0,278.0,,2023-05-31,中证交易所高等级绿色债券指数
2023-05-31,931145,中证绿色债券指数,中证绿色债,CSI Green Bond Index,CSI Green Bond,,,,129.58,0.03,0.02,0.0,0.0,802.0,,2023-05-31,中证绿色债券指数
2023-06-01,930951,中证交易所绿色债券指数,交易所绿色债,CSI Exchange Green Bond Index,Exchange Green Bond,,,,132.91,0.04,0.03,0.0,0.0,307.0,,2023-06-01,中证交易所绿色债券指数
2023-06-01,931147,中证交易所高等级绿色债券指数,交易所高等级绿色债,CSI Exchange High Grade Green Bond Index,Exchange High Grade Green Bond,,,,132.95,0.04,0.03,0.0,0.0,279.0,,2023-06-01,中证交易所高等级绿色债券指数
2023-06-01,931145,中证绿色债券指数,中证绿色债,CSI Green Bond Index,CSI Green Bond,,,,129.63,0.05,0.04,0.0,0.0,805.0,,2023-06-01,中证绿色债券指数
2023-06-02,930951,中证交易所绿色债券指数,交易所绿色债,CSI Exchange Green Bond Index,Exchange Green Bond,,,,132.94,0.03,0.02,0.0,0.0,307.0,,2023-06-02,中证交易所绿色债券指数
2023-06-02,931147,中证交易所高等级绿色债券指数,交易所高等级绿色债,CSI Exchange High Grade Green Bond Index,Exchange High Grade Green Bond,,,,132.98,0.03,0.02,0.0,0.0,279.0,,2023-06-02,中证交易所高等级绿色债券指数
2023-06-02,931145,中证绿色债券指数,中证绿色债,CSI Green Bond Index,CSI Green Bond,,,,129.65,0.02,0.02,0.0,0.0,805.0,,2023-06-02,中证绿色债券指数
2023-06-05,930951,中证交易所绿色债券指数,交易所绿色债,CSI Exchange Green Bond Index,Exchange Green Bond,,,,132.98,0.04,0.03,0.0,0.0,307.0,,2023-06-05,中证交易所绿色债券指数
2023-06-05,931147,中证交易所高等级绿色债券指数,交易所高等级绿色债,CSI Exchange High Grade Green Bond Index,Exchange High Grade Green Bond,,,,133.02,0.04,0.03,0.0,0.0,279.0,,2023-06-05,中证交易所高等级绿色债券指数
2023-06-05,931145,中证绿色债券指数,中证绿色债,CSI Green Bond Index,CSI Green Bond,,,,129.69,0.03,0.03,0.0,0.0,805.0,,2023-06-05,中证绿色债券指数
2023-06-06,930951,中证交易所绿色债券指数,交易所绿色债,CSI Exchange Green Bond Index,Exchange Green Bond,,,,132.99,0.01,0.01,0.0,0.0,307.0,,2023-06-06,中证交易所绿色债券指数
2023-06-06,931147,中证交易所高等级绿色债券指数,交易所高等级绿色债,CSI Exchange High Grade Green Bond Index,Exchange High Grade Green Bond,,,,133.03,0.01,0.01,0.0,0.0,279.0,,2023-06-06,中证交易所高等级绿色债券指数
2023-06-06,931145,中证绿色债券指数,中证绿色债,CSI Green Bond Index,CSI Green Bond,,,,129.71,0.02,0.02,0.0,0.0,805.0,,2023-06-06,中证绿色债券指数
2023-06-07,930951,中证交易所绿色债券指数,交易所绿色债,CSI Exchange Green Bond Index,Exchange Green Bond,,,,133.04,0.06,0.04,0.0,0.0,307.0,,2023-06-07,中证交易所绿色债券指数
2023-06-07,931147,中证交易所高等级绿色债券指数,交易所高等级绿色债,CSI Exchange High Grade Green Bond Index,Exchange High Grade Green Bond,,,,133.08,0.06,0.04,0.0,0.0,279.0,,2023-06-07,中证交易所高等级绿色债券指数
2023-06-07,931145,中证绿色债券指数,中证绿色债,CSI Green Bond Index,CSI Green Bond,,,,129.77,0.06,0.05,0.0,0.0,805.0,,2023-06-07,中证绿色债券指数
2023-06-08,930951,中证交易所绿色债券指数,交易所绿色债,CSI Exchange Green Bond Index,Exchange Green Bond,,,,133.08,0.03,0.03,0.0,0.0,307.0,,2023-06-08,中证交易所绿色债券指数
2023-06-08,931147,中证交易所高等级绿色债券指数,交易所高等级绿色债,CSI Exchange High Grade Green Bond Index,Exchange High Grade Green Bond,,,,133.12,0.03,0.02,0.0,0.0,279.0,,2023-06-08,中证交易所高等级绿色债券指数
2023-06-08,931145,中证绿色债券指数,中证绿色债,CSI Green Bond Index,CSI Green Bond,,,,129.8,0.02,0.02,0.0,0.0,805.0,,2023-06-08,中证绿色债券指数
2023-06-09,930951,中证交易所绿色债券指数,交易所绿色债,CSI Exchange Green Bond Index,Exchange Green Bond,,,,133.1,0.03,0.02,0.0,0.0,307.0,,2023-06-09,中证交易所绿色债券指数
2023-06-09,931147,中证交易所高等级绿色债券指数,交易所高等级绿色债,CSI Exchange High Grade Green Bond Index,Exchange High Grade Green Bond,,,,133.14,0.02,0.02,0.0,0.0,279.0,,2023-06-09,中证交易所高等级绿色债券指数
2023-06-09,931145,中证绿色债券指数,中证绿色债,CSI Green Bond Index,CSI Green Bond,,,,129.82,0.02,0.02,0.0,0.0,805.0,,2023-06-09,中证绿色债券指数
2023-06-12,930951,中证交易所绿色债券指数,交易所绿色债,CSI Exchange Green Bond Index,Exchange Green Bond,,,,133.16,0.06,0.04,0.0,0.0,307.0,,2023-06-12,中证交易所绿色债券指数
2023-06-12,931147,中证交易所高等级绿色债券指数,交易所高等级绿色债,CSI Exchange High Grade Green Bond Index,Exchange High Grade Green Bond,,,,133.19,0.05,0.04,0.0,0.0,279.0,,2023-06-12,中证交易所高等级绿色债券指数
2023-06-12,931145,中证绿色债券指数,中证绿色债,CSI Green Bond Index,CSI Green Bond,,,,129.86,0.04,0.03,0.0,0.0,805.0,,2023-06-12,中证绿色债券指数
2023-06-13,930951,中证交易所绿色债券指数,交易所绿色债,CSI Exchange Green Bond Index,Exchange Green Bond,,,,133.2,0.04,0.03,0.0,0.0,307.0,,2023-06-13,中证交易所绿色债券指数
2023-06-13,931147,中证交易所高等级绿色债券指数,交易所高等级绿色债,CSI Exchange High Grade Green Bond Index,Exchange High Grade Green Bond,,,,133.23,0.04,0.03,0.0,0.0,279.0,,2023-06-13,中证交易所高等级绿色债券指数
2023-06-13,931145,中证绿色债券指数,中证绿色债,CSI Green Bond Index,CSI Green Bond,,,,129.92,0.06,0.04,0.0,0.0,805.0,,2023-06-13,中证绿色债券指数
2023-06-14,930951,中证交易所绿色债券指数,交易所绿色债,CSI Exchange Green Bond Index,Exchange Green Bond,,,,133.25,0.05,0.04,0.0,0.0,307.0,,2023-06-14,中证交易所绿色债券指数
2023-06-14,931147,中证交易所高等级绿色债券指数,交易所高等级绿色债,CSI Exchange High Grade Green Bond Index,Exchange High Grade Green Bond,,,,133.28,0.05,0.04,0.0,0.0,279.0,,2023-06-14,中证交易所高等级绿色债券指数
2023-06-14,931145,中证绿色债券指数,中证绿色债,CSI Green Bond Index,CSI Green Bond,,,,129.99,0.07,0.05,0.0,0.0,805.0,,2023-06-14,中证绿色债券指数
2023-06-15,930951,中证交易所绿色债券指数,交易所绿色债,CSI Exchange Green Bond Index,Exchange Green Bond,,,,133.29,0.04,0.03,0.0,0.0,307.0,,2023-06-15,中证交易所绿色债券指数
2023-06-15,931147,中证交易所高等级绿色债券指数,交易所高等级绿色债,CSI Exchange High Grade Green Bond Index,Exchange High Grade Green Bond,,,,133.32,0.04,0.03,0.0,0.0,279.0,,2023-06-15,中证交易所高等级绿色债券指数
2023-06-15,931145,中证绿色债券指数,中证绿色债,CSI Green Bond Index,CSI Green Bond,,,,129.99,0.0,0.0,0.0,0.0,805.0,,2023-06-15,中证绿色债券指数
2023-06-16,930951,中证交易所绿色债券指数,交易所绿色债,CSI Exchange Green Bond Index,Exchange Green Bond,,,,133.26,-0.02,-0.02,0.0,0.0,307.0,,2023-06-16,中证交易所绿色债券指数
2023-06-16,931147,中证交易所高等级绿色债券指数,交易所高等级绿色债,CSI Exchange High Grade Green Bond Index,Exchange High Grade Green Bond,,,,133.29,-0.03,-0.02,0.0,0.0,279.0,,2023-06-16,中证交易所高等级绿色债券指数
2023-06-16,931145,中证绿色债券指数,中证绿色债,CSI Green Bond Index,CSI Green Bond,,,,129.92,-0.07,-0.05,0.0,0.0,805.0,,2023-06-16,中证绿色债券指数
2023-06-19,930951,中证交易所绿色债券指数,交易所绿色债,CSI Exchange Green Bond Index,Exchange Green Bond,,,,133.21,-0.06,-0.04,0.0,0.0,307.0,,2023-06-19,中证交易所绿色债券指数
2023-06-19,931147,中证交易所高等级绿色债券指数,交易所高等级绿色债,CSI Exchange High Grade Green Bond Index,Exchange High Grade Green Bond,,,,133.24,-0.06,-0.04,0.0,0.0,279.0,,2023-06-19,中证交易所高等级绿色债券指数
2023-06-19,931145,中证绿色债券指数,中证绿色债,CSI Green Bond Index,CSI Green Bond,,,,129.84,-0.08,-0.06,0.0,0.0,805.0,,2023-06-19,中证绿色债券指数
2023-06-20,930951,中证交易所绿色债券指数,交易所绿色债,CSI Exchange Green Bond Index,Exchange Green Bond,,,,133.15,-0.05,-0.04,0.0,0.0,307.0,,2023-06-20,中证交易所绿色债券指数
2023-06-20,931147,中证交易所高等级绿色债券指数,交易所高等级绿色债,CSI Exchange High Grade Green Bond Index,Exchange High Grade Green Bond,,,,133.18,-0.05,-0.04,0.0,0.0,279.0,,2023-06-20,中证交易所高等级绿色债券指数
2023-06-20,931145,中证绿色债券指数,中证绿色债,CSI Green Bond Index,CSI Green Bond,,,,129.8,-0.04,-0.03,0.0,0.0,805.0,,2023-06-20,中证绿色债券指数
2023-06-21,930951,中证交易所绿色债券指数,交易所绿色债,CSI Exchange Green Bond Index,Exchange Green Bond,,,,133.16,0.0,0.0,0.0,0.0,307.0,,2023-06-21,中证交易所绿色债券指数
2023-06-21,931147,中证交易所高等级绿色债券指数,交易所高等级绿色债,CSI Exchange High Grade Green Bond Index,Exchange High Grade Green Bond,,,,133.19,0.0,0.0,0.0,0.0,279.0,,2023-06-21,中证交易所高等级绿色债券指数
2023-06-21,931145,中证绿色债券指数,中证绿色债,CSI Green Bond Index,CSI Green Bond,,,,129.84,0.04,0.03,0.0,0.0,805.0,,2023-06-21,中证绿色债券指数
2023-06-26,930951,中证交易所绿色债券指数,交易所绿色债,CSI Exchange Green Bond Index,Exchange Green Bond,,,,133.22,0.06,0.05,0.0,0.0,306.0,,2023-06-26,中证交易所绿色债券指数
2023-06-26,931147,中证交易所高等级绿色债券指数,交易所高等级绿色债,CSI Exchange High Grade Green Bond Index,Exchange High Grade Green Bond,,,,133.25,0.06,0.04,0.0,0.0,278.0,,2023-06-26,中证交易所高等级绿色债券指数
2023-06-26,931145,中证绿色债券指数,中证绿色债,CSI Green Bond Index,CSI Green Bond,,,,129.9,0.07,0.05,0.0,0.0,804.0,,2023-06-26,中证绿色债券指数
2023-06-27,930951,中证交易所绿色债券指数,交易所绿色债,CSI Exchange Green Bond Index,Exchange Green Bond,,,,133.2,-0.02,-0.01,0.0,0.0,306.0,,2023-06-27,中证交易所绿色债券指数
2023-06-27,931147,中证交易所高等级绿色债券指数,交易所高等级绿色债,CSI Exchange High Grade Green Bond Index,Exchange High Grade Green Bond,,,,133.23,-0.02,-0.01,0.0,0.0,278.0,,2023-06-27,中证交易所高等级绿色债券指数
2023-06-27,931145,中证绿色债券指数,中证绿色债,CSI Green Bond Index,CSI Green Bond,,,,129.89,-0.01,-0.01,0.0,0.0,804.0,,2023-06-27,中证绿色债券指数
2023-06-28,930951,中证交易所绿色债券指数,交易所绿色债,CSI Exchange Green Bond Index,Exchange Green Bond,,,,133.19,-0.01,0.0,0.0,0.0,306.0,,2023-06-28,中证交易所绿色债券指数
2023-06-28,931147,中证交易所高等级绿色债券指数,交易所高等级绿色债,CSI Exchange High Grade Green Bond Index,Exchange High Grade Green Bond,,,,133.22,-0.01,0.0,0.0,0.0,278.0,,2023-06-28,中证交易所高等级绿色债券指数
2023-06-28,931145,中证绿色债券指数,中证绿色债,CSI Green Bond Index,CSI Green Bond,,,,129.9,0.01,0.01,0.0,0.0,804.0,,2023-06-28,中证绿色债券指数
2023-06-29,930951,中证交易所绿色债券指数,交易所绿色债,CSI Exchange Green Bond Index,Exchange Green Bond,,,,133.2,0.01,0.01,0.0,0.0,306.0,,2023-06-29,中证交易所绿色债券指数
2023-06-29,931147,中证交易所高等级绿色债券指数,交易所高等级绿色债,CSI Exchange High Grade Green Bond Index,Exchange High Grade Green Bond,,,,133.23,0.01,0.01,0.0,0.0,278.0,,2023-06-29,中证交易所高等级绿色债券指数
2023-06-29,931145,中证绿色债券指数,中证绿色债,CSI Green Bond Index,CSI Green Bond,,,,129.93,0.03,0.02,0.0,0.0,804.0,,2023-06-29,中证绿色债券指数
2023-06-30,930951,中证交易所绿色债券指数,交易所绿色债,CSI Exchange Green Bond Index,Exchange Green Bond,,,,133.25,0.05,0.04,0.0,0.0,306.0,,2023-06-30,中证交易所绿色债券指数
2023-06-30,931147,中证交易所高等级绿色债券指数,交易所高等级绿色债,CSI Exchange High Grade Green Bond Index,Exchange High Grade Green Bond,,,,133.28,0.05,0.04,0.0,0.0,278.0,,2023-06-30,中证交易所高等级绿色债券指数
2023-06-30,931145,中证绿色债券指数,中证绿色债,CSI Green Bond Index,CSI Green Bond,,,,130.0,0.06,0.05,0.0,0.0,804.0,,2023-06-30,中证绿色债券指数
2023-07-03,930951,中证交易所绿色债券指数,交易所绿色债,CSI Exchange Green Bond Index,Exchange Green Bond,,,,133.32,0.07,0.06,0.0,0.0,309.0,,2023-07-03,中证交易所绿色债券指数
2023-07-03,931147,中证交易所高等级绿色债券指数,交易所高等级绿色债,CSI Exchange High Grade Green Bond Index,Exchange High Grade Green Bond,,,,133.35,0.07,0.05,0.0,0.0,277.0,,2023-07-03,中证交易所高等级绿色债券指数
2023-07-03,931145,中证绿色债券指数,中证绿色债,CSI Green Bond Index,CSI Green Bond,,,,130.06,0.06,0.05,0.0,0.0,821.0,,2023-07-03,中证绿色债券指数
2023-07-04,930951,中证交易所绿色债券指数,交易所绿色债,CSI Exchange Green Bond Index,Exchange Green Bond,,,,133.36,0.04,0.03,0.0,0.0,309.0,,2023-07-04,中证交易所绿色债券指数
2023-07-04,931147,中证交易所高等级绿色债券指数,交易所高等级绿色债,CSI Exchange High Grade Green Bond Index,Exchange High Grade Green Bond,,,,133.39,0.04,0.03,0.0,0.0,277.0,,2023-07-04,中证交易所高等级绿色债券指数
2023-07-04,931145,中证绿色债券指数,中证绿色债,CSI Green Bond Index,CSI Green Bond,,,,130.09,0.03,0.02,0.0,0.0,821.0,,2023-07-04,中证绿色债券指数
2023-07-05,930951,中证交易所绿色债券指数,交易所绿色债,CSI Exchange Green Bond Index,Exchange Green Bond,,,,133.4,0.04,0.03,0.0,0.0,309.0,,2023-07-05,中证交易所绿色债券指数
2023-07-05,931147,中证交易所高等级绿色债券指数,交易所高等级绿色债,CSI Exchange High Grade Green Bond Index,Exchange High Grade Green Bond,,,,133.43,0.04,0.03,0.0,0.0,277.0,,2023-07-05,中证交易所高等级绿色债券指数
2023-07-05,931145,中证绿色债券指数,中证绿色债,CSI Green Bond Index,CSI Green Bond,,,,130.12,0.03,0.02,0.0,0.0,821.0,,2023-07-05,中证绿色债券指数
2023-07-06,930951,中证交易所绿色债券指数,交易所绿色债,CSI Exchange Green Bond Index,Exchange Green Bond,,,,133.44,0.04,0.03,0.0,0.0,309.0,,2023-07-06,中证交易所绿色债券指数
2023-07-06,931147,中证交易所高等级绿色债券指数,交易所高等级绿色债,CSI Exchange High Grade Green Bond Index,Exchange High Grade Green Bond,,,,133.46,0.04,0.03,0.0,0.0,277.0,,2023-07-06,中证交易所高等级绿色债券指数
2023-07-06,931145,中证绿色债券指数,中证绿色债,CSI Green Bond Index,CSI Green Bond,,,,130.15,0.04,0.03,0.0,0.0,821.0,,2023-07-06,中证绿色债券指数
2023-07-07,930951,中证交易所绿色债券指数,交易所绿色债,CSI Exchange Green Bond Index,Exchange Green Bond,,,,133.49,0.05,0.04,0.0,0.0,309.0,,2023-07-07,中证交易所绿色债券指数
2023-07-07,931147,中证交易所高等级绿色债券指数,交易所高等级绿色债,CSI Exchange High Grade Green Bond Index,Exchange High Grade Green Bond,,,,133.51,0.05,0.04,0.0,0.0,277.0,,2023-07-07,中证交易所高等级绿色债券指数
2023-07-07,931145,中证绿色债券指数,中证绿色债,CSI Green Bond Index,CSI Green Bond,,,,130.2,0.04,0.03,0.0,0.0,821.0,,2023-07-07,中证绿色债券指数
2023-07-10,930951,中证交易所绿色债券指数,交易所绿色债,CSI Exchange Green Bond Index,Exchange Green Bond,,,,133.52,0.03,0.02,0.0,0.0,309.0,,2023-07-10,中证交易所绿色债券指数
2023-07-10,931147,中证交易所高等级绿色债券指数,交易所高等级绿色债,CSI Exchange High Grade Green Bond Index,Exchange High Grade Green Bond,,,,133.54,0.03,0.02,0.0,0.0,277.0,,2023-07-10,中证交易所高等级绿色债券指数
2023-07-10,931145,中证绿色债券指数,中证绿色债,CSI Green Bond Index,CSI Green Bond,,,,130.23,0.04,0.03,0.0,0.0,821.0,,2023-07-10,中证绿色债券指数
2023-07-11,930951,中证交易所绿色债券指数,交易所绿色债,CSI Exchange Green Bond Index,Exchange Green Bond,,,,133.55,0.04,0.03,0.0,0.0,309.0,,2023-07-11,中证交易所绿色债券指数
2023-07-11,931147,中证交易所高等级绿色债券指数,交易所高等级绿色债,CSI Exchange High Grade Green Bond Index,Exchange High Grade Green Bond,,,,133.57,0.03,0.02,0.0,0.0,277.0,,2023-07-11,中证交易所高等级绿色债券指数
2023-07-11,931145,中证绿色债券指数,中证绿色债,CSI Green Bond Index,CSI Green Bond,,,,130.26,0.02,0.02,0.0,0.0,821.0,,2023-07-11,中证绿色债券指数
2023-07-12,930951,中证交易所绿色债券指数,交易所绿色债,CSI Exchange Green Bond Index,Exchange Green Bond,,,,133.6,0.04,0.03,0.0,0.0,309.0,,2023-07-12,中证交易所绿色债券指数
2023-07-12,931147,中证交易所高等级绿色债券指数,交易所高等级绿色债,CSI Exchange High Grade Green Bond Index,Exchange High Grade Green Bond,,,,133.62,0.04,0.03,0.0,0.0,277.0,,2023-07-12,中证交易所高等级绿色债券指数
2023-07-12,931145,中证绿色债券指数,中证绿色债,CSI Green Bond Index,CSI Green Bond,,,,130.27,0.02,0.01,0.0,0.0,821.0,,2023-07-12,中证绿色债券指数
2023-07-13,930951,中证交易所绿色债券指数,交易所绿色债,CSI Exchange Green Bond Index,Exchange Green Bond,,,,133.62,0.02,0.01,0.0,0.0,309.0,,2023-07-13,中证交易所绿色债券指数
2023-07-13,931147,中证交易所高等级绿色债券指数,交易所高等级绿色债,CSI Exchange High Grade Green Bond Index,Exchange High Grade Green Bond,,,,133.64,0.02,0.01,0.0,0.0,277.0,,2023-07-13,中证交易所高等级绿色债券指数
2023-07-13,931145,中证绿色债券指数,中证绿色债,CSI Green Bond Index,CSI Green Bond,,,,130.27,0.0,0.0,0.0,0.0,821.0,,2023-07-13,中证绿色债券指数
2023-07-14,930951,中证交易所绿色债券指数,交易所绿色债,CSI Exchange Green Bond Index,Exchange Green Bond,,,,133.63,0.02,0.01,0.0,0.0,309.0,,2023-07-14,中证交易所绿色债券指数
2023-07-14,931147,中证交易所高等级绿色债券指数,交易所高等级绿色债,CSI Exchange High Grade Green Bond Index,Exchange High Grade Green Bond,,,,133.65,0.02,0.01,0.0,0.0,277.0,,2023-07-14,中证交易所高等级绿色债券指数
2023-07-14,931145,中证绿色债券指数,中证绿色债,CSI Green Bond Index,CSI Green Bond,,,,130.27,0.01,0.0,0.0,0.0,821.0,,2023-07-14,中证绿色债券指数
2023-07-17,930951,中证交易所绿色债券指数,交易所绿色债,CSI Exchange Green Bond Index,Exchange Green Bond,,,,133.67,0.04,0.03,0.0,0.0,309.0,,2023-07-17,中证交易所绿色债券指数
2023-07-17,931147,中证交易所高等级绿色债券指数,交易所高等级绿色债,CSI Exchange High Grade Green Bond Index,Exchange High Grade Green Bond,,,,133.69,0.04,0.03,0.0,0.0,277.0,,2023-07-17,中证交易所高等级绿色债券指数
2023-07-17,931145,中证绿色债券指数,中证绿色债,CSI Green Bond Index,CSI Green Bond,,,,130.31,0.04,0.03,0.0,0.0,821.0,,2023-07-17,中证绿色债券指数
2023-07-18,930951,中证交易所绿色债券指数,交易所绿色债,CSI Exchange Green Bond Index,Exchange Green Bond,,,,133.7,0.03,0.02,0.0,0.0,309.0,,2023-07-18,中证交易所绿色债券指数
2023-07-18,931147,中证交易所高等级绿色债券指数,交易所高等级绿色债,CSI Exchange High Grade Green Bond Index,Exchange High Grade Green Bond,,,,133.72,0.03,0.02,0.0,0.0,277.0,,2023-07-18,中证交易所高等级绿色债券指数
2023-07-18,931145,中证绿色债券指数,中证绿色债,CSI Green Bond Index,CSI Green Bond,,,,130.36,0.05,0.04,0.0,0.0,821.0,,2023-07-18,中证绿色债券指数
2023-07-19,930951,中证交易所绿色债券指数,交易所绿色债,CSI Exchange Green Bond Index,Exchange Green Bond,,,,133.74,0.03,0.03,0.0,0.0,309.0,,2023-07-19,中证交易所绿色债券指数
2023-07-19,931147,中证交易所高等级绿色债券指数,交易所高等级绿色债,CSI Exchange High Grade Green Bond Index,Exchange High Grade Green Bond,,,,133.75,0.03,0.03,0.0,0.0,277.0,,2023-07-19,中证交易所高等级绿色债券指数
2023-07-19,931145,中证绿色债券指数,中证绿色债,CSI Green Bond Index,CSI Green Bond,,,,130.38,0.02,0.02,0.0,0.0,821.0,,2023-07-19,中证绿色债券指数
2023-07-20,930951,中证交易所绿色债券指数,交易所绿色债,CSI Exchange Green Bond Index,Exchange Green Bond,,,,133.76,0.03,0.02,0.0,0.0,309.0,,2023-07-20,中证交易所绿色债券指数
2023-07-20,931147,中证交易所高等级绿色债券指数,交易所高等级绿色债,CSI Exchange High Grade Green Bond Index,Exchange High Grade Green Bond,,,,133.78,0.03,0.02,0.0,0.0,277.0,,2023-07-20,中证交易所高等级绿色债券指数
2023-07-20,931145,中证绿色债券指数,中证绿色债,CSI Green Bond Index,CSI Green Bond,,,,130.4,0.02,0.01,0.0,0.0,821.0,,2023-07-20,中证绿色债券指数
2023-07-21,930951,中证交易所绿色债券指数,交易所绿色债,CSI Exchange Green Bond Index,Exchange Green Bond,,,,133.79,0.03,0.02,0.0,0.0,309.0,,2023-07-21,中证交易所绿色债券指数
2023-07-21,931147,中证交易所高等级绿色债券指数,交易所高等级绿色债,CSI Exchange High Grade Green Bond Index,Exchange High Grade Green Bond,,,,133.81,0.03,0.02,0.0,0.0,277.0,,2023-07-21,中证交易所高等级绿色债券指数
2023-07-21,931145,中证绿色债券指数,中证绿色债,CSI Green Bond Index,CSI Green Bond,,,,130.42,0.03,0.02,0.0,0.0,821.0,,2023-07-21,中证绿色债券指数
2023-07-24,930951,中证交易所绿色债券指数,交易所绿色债,CSI Exchange Green Bond Index,Exchange Green Bond,,,,133.84,0.05,0.04,0.0,0.0,309.0,,2023-07-24,中证交易所绿色债券指数
2023-07-24,931147,中证交易所高等级绿色债券指数,交易所高等级绿色债,CSI Exchange High Grade Green Bond Index,Exchange High Grade Green Bond,,,,133.86,0.05,0.04,0.0,0.0,277.0,,2023-07-24,中证交易所高等级绿色债券指数
2023-07-24,931145,中证绿色债券指数,中证绿色债,CSI Green Bond Index,CSI Green Bond,,,,130.47,0.05,0.04,0.0,0.0,821.0,,2023-07-24,中证绿色债券指数
2023-07-25,930951,中证交易所绿色债券指数,交易所绿色债,CSI Exchange Green Bond Index,Exchange Green Bond,,,,133.8,-0.04,-0.03,0.0,0.0,309.0,,2023-07-25,中证交易所绿色债券指数
2023-07-25,931147,中证交易所高等级绿色债券指数,交易所高等级绿色债,CSI Exchange High Grade Green Bond Index,Exchange High Grade Green Bond,,,,133.82,-0.04,-0.03,0.0,0.0,277.0,,2023-07-25,中证交易所高等级绿色债券指数
2023-07-25,931145,中证绿色债券指数,中证绿色债,CSI Green Bond Index,CSI Green Bond,,,,130.41,-0.06,-0.05,0.0,0.0,821.0,,2023-07-25,中证绿色债券指数
2023-07-26,930951,中证交易所绿色债券指数,交易所绿色债,CSI Exchange Green Bond Index,Exchange Green Bond,,,,133.75,-0.05,-0.04,0.0,0.0,309.0,,2023-07-26,中证交易所绿色债券指数
2023-07-26,931147,中证交易所高等级绿色债券指数,交易所高等级绿色债,CSI Exchange High Grade Green Bond Index,Exchange High Grade Green Bond,,,,133.77,-0.05,-0.04,0.0,0.0,277.0,,2023-07-26,中证交易所高等级绿色债券指数
2023-07-26,931145,中证绿色债券指数,中证绿色债,CSI Green Bond Index,CSI Green Bond,,,,130.33,-0.07,-0.06,0.0,0.0,821.0,,2023-07-26,中证绿色债券指数
2023-07-27,930951,中证交易所绿色债券指数,交易所绿色债,CSI Exchange Green Bond Index,Exchange Green Bond,,,,133.76,0.01,0.01,0.0,0.0,309.0,,2023-07-27,中证交易所绿色债券指数
2023-07-27,931147,中证交易所高等级绿色债券指数,交易所高等级绿色债,CSI Exchange High Grade Green Bond Index,Exchange High Grade Green Bond,,,,133.78,0.01,0.01,0.0,0.0,277.0,,2023-07-27,中证交易所高等级绿色债券指数
2023-07-27,931145,中证绿色债券指数,中证绿色债,CSI Green Bond Index,CSI Green Bond,,,,130.38,0.05,0.04,0.0,0.0,821.0,,2023-07-27,中证绿色债券指数
2023-07-28,930951,中证交易所绿色债券指数,交易所绿色债,CSI Exchange Green Bond Index,Exchange Green Bond,,,,133.78,0.02,0.02,0.0,0.0,309.0,,2023-07-28,中证交易所绿色债券指数
2023-07-28,931147,中证交易所高等级绿色债券指数,交易所高等级绿色债,CSI Exchange High Grade Green Bond Index,Exchange High Grade Green Bond,,,,133.8,0.02,0.02,0.0,0.0,277.0,,2023-07-28,中证交易所高等级绿色债券指数
2023-07-28,931145,中证绿色债券指数,中证绿色债,CSI Green Bond Index,CSI Green Bond,,,,130.4,0.02,0.02,0.0,0.0,821.0,,2023-07-28,中证绿色债券指数
2023-07-31,930951,中证交易所绿色债券指数,交易所绿色债,CSI Exchange Green Bond Index,Exchange Green Bond,,,,133.78,-0.01,0.0,0.0,0.0,309.0,,2023-07-31,中证交易所绿色债券指数
2023-07-31,931147,中证交易所高等级绿色债券指数,交易所高等级绿色债,CSI Exchange High Grade Green Bond Index,Exchange High Grade Green Bond,,,,133.8,-0.01,0.0,0.0,0.0,277.0,,2023-07-31,中证交易所高等级绿色债券指数
2023-07-31,931145,中证绿色债券指数,中证绿色债,CSI Green Bond Index,CSI Green Bond,,,,130.38,-0.02,-0.02,0.0,0.0,821.0,,2023-07-31,中证绿色债券指数
2023-08-01,930951,中证交易所绿色债券指数,交易所绿色债,CSI Exchange Green Bond Index,Exchange Green Bond,,,,133.75,-0.03,-0.02,0.0,0.0,307.0,,2023-08-01,中证交易所绿色债券指数
2023-08-01,931147,中证交易所高等级绿色债券指数,交易所高等级绿色债,CSI Exchange High Grade Green Bond Index,Exchange High Grade Green Bond,,,,133.76,-0.03,-0.02,0.0,0.0,275.0,,2023-08-01,中证交易所高等级绿色债券指数
2023-08-01,931145,中证绿色债券指数,中证绿色债,CSI Green Bond Index,CSI Green Bond,,,,130.37,-0.01,-0.01,0.0,0.0,825.0,,2023-08-01,中证绿色债券指数
2023-08-02,930951,中证交易所绿色债券指数,交易所绿色债,CSI Exchange Green Bond Index,Exchange Green Bond,,,,133.78,0.04,0.03,0.0,0.0,307.0,,2023-08-02,中证交易所绿色债券指数
2023-08-02,931147,中证交易所高等级绿色债券指数,交易所高等级绿色债,CSI Exchange High Grade Green Bond Index,Exchange High Grade Green Bond,,,,133.8,0.04,0.03,0.0,0.0,275.0,,2023-08-02,中证交易所高等级绿色债券指数
2023-08-02,931145,中证绿色债券指数,中证绿色债,CSI Green Bond Index,CSI Green Bond,,,,130.4,0.04,0.03,0.0,0.0,825.0,,2023-08-02,中证绿色债券指数
2023-08-03,930951,中证交易所绿色债券指数,交易所绿色债,CSI Exchange Green Bond Index,Exchange Green Bond,,,,133.82,0.04,0.03,0.0,0.0,307.0,,2023-08-03,中证交易所绿色债券指数
2023-08-03,931147,中证交易所高等级绿色债券指数,交易所高等级绿色债,CSI Exchange High Grade Green Bond Index,Exchange High Grade Green Bond,,,,133.84,0.04,0.03,0.0,0.0,275.0,,2023-08-03,中证交易所高等级绿色债券指数
2023-08-03,931145,中证绿色债券指数,中证绿色债,CSI Green Bond Index,CSI Green Bond,,,,130.45,0.04,0.03,0.0,0.0,825.0,,2023-08-03,中证绿色债券指数
2023-08-04,930951,中证交易所绿色债券指数,交易所绿色债,CSI Exchange Green Bond Index,Exchange Green Bond,,,,133.86,0.04,0.03,0.0,0.0,307.0,,2023-08-04,中证交易所绿色债券指数
2023-08-04,931147,中证交易所高等级绿色债券指数,交易所高等级绿色债,CSI Exchange High Grade Green Bond Index,Exchange High Grade Green Bond,,,,133.88,0.04,0.03,0.0,0.0,275.0,,2023-08-04,中证交易所高等级绿色债券指数
2023-08-04,931145,中证绿色债券指数,中证绿色债,CSI Green Bond Index,CSI Green Bond,,,,130.48,0.04,0.03,0.0,0.0,825.0,,2023-08-04,中证绿色债券指数
2023-08-07,930951,中证交易所绿色债券指数,交易所绿色债,CSI Exchange Green Bond Index,Exchange Green Bond,,,,133.92,0.06,0.05,0.0,0.0,307.0,,2023-08-07,中证交易所绿色债券指数
2023-08-07,931147,中证交易所高等级绿色债券指数,交易所高等级绿色债,CSI Exchange High Grade Green Bond Index,Exchange High Grade Green Bond,,,,133.94,0.06,0.04,0.0,0.0,275.0,,2023-08-07,中证交易所高等级绿色债券指数
2023-08-07,931145,中证绿色债券指数,中证绿色债,CSI Green Bond Index,CSI Green Bond,,,,130.54,0.06,0.04,0.0,0.0,825.0,,2023-08-07,中证绿色债券指数
2023-08-08,930951,中证交易所绿色债券指数,交易所绿色债,CSI Exchange Green Bond Index,Exchange Green Bond,,,,133.96,0.04,0.03,0.0,0.0,307.0,,2023-08-08,中证交易所绿色债券指数
2023-08-08,931147,中证交易所高等级绿色债券指数,交易所高等级绿色债,CSI Exchange High Grade Green Bond Index,Exchange High Grade Green Bond,,,,133.98,0.04,0.03,0.0,0.0,275.0,,2023-08-08,中证交易所高等级绿色债券指数
2023-08-08,931145,中证绿色债券指数,中证绿色债,CSI Green Bond Index,CSI Green Bond,,,,130.58,0.04,0.03,0.0,0.0,825.0,,2023-08-08,中证绿色债券指数
2023-08-09,930951,中证交易所绿色债券指数,交易所绿色债,CSI Exchange Green Bond Index,Exchange Green Bond,,,,134.02,0.05,0.04,0.0,0.0,307.0,,2023-08-09,中证交易所绿色债券指数
2023-08-09,931147,中证交易所高等级绿色债券指数,交易所高等级绿色债,CSI Exchange High Grade Green Bond Index,Exchange High Grade Green Bond,,,,134.03,0.05,0.04,0.0,0.0,275.0,,2023-08-09,中证交易所高等级绿色债券指数
2023-08-09,931145,中证绿色债券指数,中证绿色债,CSI Green Bond Index,CSI Green Bond,,,,130.62,0.04,0.03,0.0,0.0,825.0,,2023-08-09,中证绿色债券指数
2023-08-10,930951,中证交易所绿色债券指数,交易所绿色债,CSI Exchange Green Bond Index,Exchange Green Bond,,,,134.05,0.03,0.02,0.0,0.0,307.0,,2023-08-10,中证交易所绿色债券指数
2023-08-10,931147,中证交易所高等级绿色债券指数,交易所高等级绿色债,CSI Exchange High Grade Green Bond Index,Exchange High Grade Green Bond,,,,134.06,0.03,0.02,0.0,0.0,275.0,,2023-08-10,中证交易所高等级绿色债券指数
2023-08-10,931145,中证绿色债券指数,中证绿色债,CSI Green Bond Index,CSI Green Bond,,,,130.63,0.02,0.01,0.0,0.0,825.0,,2023-08-10,中证绿色债券指数
2023-08-11,930951,中证交易所绿色债券指数,交易所绿色债,CSI Exchange Green Bond Index,Exchange Green Bond,,,,134.08,0.04,0.03,0.0,0.0,307.0,,2023-08-11,中证交易所绿色债券指数
2023-08-11,931147,中证交易所高等级绿色债券指数,交易所高等级绿色债,CSI Exchange High Grade Green Bond Index,Exchange High Grade Green Bond,,,,134.1,0.04,0.03,0.0,0.0,275.0,,2023-08-11,中证交易所高等级绿色债券指数
2023-08-11,931145,中证绿色债券指数,中证绿色债,CSI Green Bond Index,CSI Green Bond,,,,130.66,0.03,0.02,0.0,0.0,825.0,,2023-08-11,中证绿色债券指数
2023-08-14,930951,中证交易所绿色债券指数,交易所绿色债,CSI Exchange Green Bond Index,Exchange Green Bond,,,,134.18,0.1,0.07,0.0,0.0,306.0,,2023-08-14,中证交易所绿色债券指数
2023-08-14,931147,中证交易所高等级绿色债券指数,交易所高等级绿色债,CSI Exchange High Grade Green Bond Index,Exchange High Grade Green Bond,,,,134.19,0.09,0.07,0.0,0.0,274.0,,2023-08-14,中证交易所高等级绿色债券指数
2023-08-14,931145,中证绿色债券指数,中证绿色债,CSI Green Bond Index,CSI Green Bond,,,,130.73,0.06,0.05,0.0,0.0,824.0,,2023-08-14,中证绿色债券指数
2023-08-15,930951,中证交易所绿色债券指数,交易所绿色债,CSI Exchange Green Bond Index,Exchange Green Bond,,,,134.26,0.08,0.06,0.0,0.0,306.0,,2023-08-15,中证交易所绿色债券指数
2023-08-15,931147,中证交易所高等级绿色债券指数,交易所高等级绿色债,CSI Exchange High Grade Green Bond Index,Exchange High Grade Green Bond,,,,134.28,0.08,0.06,0.0,0.0,274.0,,2023-08-15,中证交易所高等级绿色债券指数
2023-08-15,931145,中证绿色债券指数,中证绿色债,CSI Green Bond Index,CSI Green Bond,,,,130.79,0.06,0.05,0.0,0.0,824.0,,2023-08-15,中证绿色债券指数
2023-08-16,930951,中证交易所绿色债券指数,交易所绿色债,CSI Exchange Green Bond Index,Exchange Green Bond,,,,134.32,0.06,0.04,0.0,0.0,306.0,,2023-08-16,中证交易所绿色债券指数
2023-08-16,931147,中证交易所高等级绿色债券指数,交易所高等级绿色债,CSI Exchange High Grade Green Bond Index,Exchange High Grade Green Bond,,,,134.33,0.06,0.04,0.0,0.0,274.0,,2023-08-16,中证交易所高等级绿色债券指数
2023-08-16,931145,中证绿色债券指数,中证绿色债,CSI Green Bond Index,CSI Green Bond,,,,130.83,0.04,0.03,0.0,0.0,824.0,,2023-08-16,中证绿色债券指数
2023-08-17,930951,中证交易所绿色债券指数,交易所绿色债,CSI Exchange Green Bond Index,Exchange Green Bond,,,,134.36,0.04,0.03,0.0,0.0,306.0,,2023-08-17,中证交易所绿色债券指数
2023-08-17,931147,中证交易所高等级绿色债券指数,交易所高等级绿色债,CSI Exchange High Grade Green Bond Index,Exchange High Grade Green Bond,,,,134.38,0.04,0.03,0.0,0.0,274.0,,2023-08-17,中证交易所高等级绿色债券指数
2023-08-17,931145,中证绿色债券指数,中证绿色债,CSI Green Bond Index,CSI Green Bond,,,,130.85,0.02,0.02,0.0,0.0,824.0,,2023-08-17,中证绿色债券指数
2023-08-18,930951,中证交易所绿色债券指数,交易所绿色债,CSI Exchange Green Bond Index,Exchange Green Bond,,,,134.39,0.03,0.02,0.0,0.0,306.0,,2023-08-18,中证交易所绿色债券指数
2023-08-18,931147,中证交易所高等级绿色债券指数,交易所高等级绿色债,CSI Exchange High Grade Green Bond Index,Exchange High Grade Green Bond,,,,134.4,0.02,0.01,0.0,0.0,274.0,,2023-08-18,中证交易所高等级绿色债券指数
2023-08-18,931145,中证绿色债券指数,中证绿色债,CSI Green Bond Index,CSI Green Bond,,,,130.87,0.02,0.01,0.0,0.0,824.0,,2023-08-18,中证绿色债券指数
2023-08-21,930951,中证交易所绿色债券指数,交易所绿色债,CSI Exchange Green Bond Index,Exchange Green Bond,,,,134.47,0.07,0.05,0.0,0.0,306.0,,2023-08-21,中证交易所绿色债券指数
2023-08-21,931147,中证交易所高等级绿色债券指数,交易所高等级绿色债,CSI Exchange High Grade Green Bond Index,Exchange High Grade Green Bond,,,,134.47,0.07,0.05,0.0,0.0,274.0,,2023-08-21,中证交易所高等级绿色债券指数
2023-08-21,931145,中证绿色债券指数,中证绿色债,CSI Green Bond Index,CSI Green Bond,,,,130.92,0.05,0.04,0.0,0.0,824.0,,2023-08-21,中证绿色债券指数
2023-08-22,930951,中证交易所绿色债券指数,交易所绿色债,CSI Exchange Green Bond Index,Exchange Green Bond,,,,134.51,0.04,0.03,0.0,0.0,306.0,,2023-08-22,中证交易所绿色债券指数
2023-08-22,931147,中证交易所高等级绿色债券指数,交易所高等级绿色债,CSI Exchange High Grade Green Bond Index,Exchange High Grade Green Bond,,,,134.51,0.04,0.03,0.0,0.0,274.0,,2023-08-22,中证交易所高等级绿色债券指数
2023-08-22,931145,中证绿色债券指数,中证绿色债,CSI Green Bond Index,CSI Green Bond,,,,130.94,0.02,0.02,0.0,0.0,824.0,,2023-08-22,中证绿色债券指数
2023-08-23,930951,中证交易所绿色债券指数,交易所绿色债,CSI Exchange Green Bond Index,Exchange Green Bond,,,,134.52,0.01,0.01,0.0,0.0,306.0,,2023-08-23,中证交易所绿色债券指数
2023-08-23,931147,中证交易所高等级绿色债券指数,交易所高等级绿色债,CSI Exchange High Grade Green Bond Index,Exchange High Grade Green Bond,,,,134.52,0.01,0.01,0.0,0.0,274.0,,2023-08-23,中证交易所高等级绿色债券指数
2023-08-23,931145,中证绿色债券指数,中证绿色债,CSI Green Bond Index,CSI Green Bond,,,,130.94,0.01,0.01,0.0,0.0,824.0,,2023-08-23,中证绿色债券指数
2023-08-24,930951,中证交易所绿色债券指数,交易所绿色债,CSI Exchange Green Bond Index,Exchange Green Bond,,,,134.53,0.02,0.01,0.0,0.0,306.0,,2023-08-24,中证交易所绿色债券指数
2023-08-24,931147,中证交易所高等级绿色债券指数,交易所高等级绿色债,CSI Exchange High Grade Green Bond Index,Exchange High Grade Green Bond,,,,134.54,0.02,0.01,0.0,0.0,274.0,,2023-08-24,中证交易所高等级绿色债券指数
2023-08-24,931145,中证绿色债券指数,中证绿色债,CSI Green Bond Index,CSI Green Bond,,,,130.96,0.01,0.01,0.0,0.0,824.0,,2023-08-24,中证绿色债券指数
2023-08-25,930951,中证交易所绿色债券指数,交易所绿色债,CSI Exchange Green Bond Index,Exchange Green Bond,,,,134.55,0.02,0.01,0.0,0.0,306.0,,2023-08-25,中证交易所绿色债券指数
2023-08-25,931147,中证交易所高等级绿色债券指数,交易所高等级绿色债,CSI Exchange High Grade Green Bond Index,Exchange High Grade Green Bond,,,,134.55,0.02,0.01,0.0,0.0,274.0,,2023-08-25,中证交易所高等级绿色债券指数
2023-08-25,931145,中证绿色债券指数,中证绿色债,CSI Green Bond Index,CSI Green Bond,,,,130.96,0.0,0.0,0.0,0.0,824.0,,2023-08-25,中证绿色债券指数
2023-08-28,930951,中证交易所绿色债券指数,交易所绿色债,CSI Exchange Green Bond Index,Exchange Green Bond,,,,134.53,-0.02,-0.01,0.0,0.0,306.0,,2023-08-28,中证交易所绿色债券指数
2023-08-28,931147,中证交易所高等级绿色债券指数,交易所高等级绿色债,CSI Exchange High Grade Green Bond Index,Exchange High Grade Green Bond,,,,134.54,-0.02,-0.01,0.0,0.0,274.0,,2023-08-28,中证交易所高等级绿色债券指数
2023-08-28,931145,中证绿色债券指数,中证绿色债,CSI Green Bond Index,CSI Green Bond,,,,130.93,-0.03,-0.02,0.0,0.0,824.0,,2023-08-28,中证绿色债券指数
2023-08-29,930951,中证交易所绿色债券指数,交易所绿色债,CSI Exchange Green Bond Index,Exchange Green Bond,,,,134.54,0.01,0.01,0.0,0.0,306.0,,2023-08-29,中证交易所绿色债券指数
2023-08-29,931147,中证交易所高等级绿色债券指数,交易所高等级绿色债,CSI Exchange High Grade Green Bond Index,Exchange High Grade Green Bond,,,,134.54,0.01,0.0,0.0,0.0,274.0,,2023-08-29,中证交易所高等级绿色债券指数
2023-08-29,931145,中证绿色债券指数,中证绿色债,CSI Green Bond Index,CSI Green Bond,,,,130.89,-0.03,-0.02,0.0,0.0,824.0,,2023-08-29,中证绿色债券指数
2023-08-30,930951,中证交易所绿色债券指数,交易所绿色债,CSI Exchange Green Bond Index,Exchange Green Bond,,,,134.52,-0.02,-0.02,0.0,0.0,306.0,,2023-08-30,中证交易所绿色债券指数
2023-08-30,931147,中证交易所高等级绿色债券指数,交易所高等级绿色债,CSI Exchange High Grade Green Bond Index,Exchange High Grade Green Bond,,,,134.52,-0.02,-0.02,0.0,0.0,274.0,,2023-08-30,中证交易所高等级绿色债券指数
2023-08-30,931145,中证绿色债券指数,中证绿色债,CSI Green Bond Index,CSI Green Bond,,,,130.89,0.0,0.0,0.0,0.0,824.0,,2023-08-30,中证绿色债券指数
2023-08-31,930951,中证交易所绿色债券指数,交易所绿色债,CSI Exchange Green Bond Index,Exchange Green Bond,,,,134.52,0.01,0.01,0.0,0.0,306.0,,2023-08-31,中证交易所绿色债券指数
2023-08-31,931147,中证交易所高等级绿色债券指数,交易所高等级绿色债,CSI Exchange High Grade Green Bond Index,Exchange High Grade Green Bond,,,,134.53,0.01,0.01,0.0,0.0,274.0,,2023-08-31,中证交易所高等级绿色债券指数
2023-08-31,931145,中证绿色债券指数,中证绿色债,CSI Green Bond Index,CSI Green Bond,,,,130.91,0.02,0.02,0.0,0.0,824.0,,2023-08-31,中证绿色债券指数
2023-09-01,930951,中证交易所绿色债券指数,交易所绿色债,CSI Exchange Green Bond Index,Exchange Green Bond,,,,134.53,0.01,0.01,0.0,0.0,309.0,,2023-09-01,中证交易所绿色债券指数
2023-09-01,931147,中证交易所高等级绿色债券指数,交易所高等级绿色债,CSI Exchange High Grade Green Bond Index,Exchange High Grade Green Bond,,,,134.54,0.02,0.01,0.0,0.0,276.0,,2023-09-01,中证交易所高等级绿色债券指数
2023-09-01,931145,中证绿色债券指数,中证绿色债,CSI Green Bond Index,CSI Green Bond,,,,130.91,-0.01,-0.01,0.0,0.0,839.0,,2023-09-01,中证绿色债券指数
2023-09-04,930951,中证交易所绿色债券指数,交易所绿色债,CSI Exchange Green Bond Index,Exchange Green Bond,,,,134.51,-0.02,-0.01,0.0,0.0,309.0,,2023-09-04,中证交易所绿色债券指数
2023-09-04,931147,中证交易所高等级绿色债券指数,交易所高等级绿色债,CSI Exchange High Grade Green Bond Index,Exchange High Grade Green Bond,,,,134.52,-0.02,-0.01,0.0,0.0,276.0,,2023-09-04,中证交易所高等级绿色债券指数
2023-09-04,931145,中证绿色债券指数,中证绿色债,CSI Green Bond Index,CSI Green Bond,,,,130.85,-0.06,-0.04,0.0,0.0,839.0,,2023-09-04,中证绿色债券指数
2023-09-05,930951,中证交易所绿色债券指数,交易所绿色债,CSI Exchange Green Bond Index,Exchange Green Bond,,,,134.49,-0.03,-0.02,0.0,0.0,309.0,,2023-09-05,中证交易所绿色债券指数
2023-09-05,931147,中证交易所高等级绿色债券指数,交易所高等级绿色债,CSI Exchange High Grade Green Bond Index,Exchange High Grade Green Bond,,,,134.5,-0.03,-0.02,0.0,0.0,276.0,,2023-09-05,中证交易所高等级绿色债券指数
2023-09-05,931145,中证绿色债券指数,中证绿色债,CSI Green Bond Index,CSI Green Bond,,,,130.82,-0.03,-0.02,0.0,0.0,839.0,,2023-09-05,中证绿色债券指数
2023-09-06,930951,中证交易所绿色债券指数,交易所绿色债,CSI Exchange Green Bond Index,Exchange Green Bond,,,,134.45,-0.03,-0.03,0.0,0.0,309.0,,2023-09-06,中证交易所绿色债券指数
2023-09-06,931147,中证交易所高等级绿色债券指数,交易所高等级绿色债,CSI Exchange High Grade Green Bond Index,Exchange High Grade Green Bond,,,,134.46,-0.04,-0.03,0.0,0.0,276.0,,2023-09-06,中证交易所高等级绿色债券指数
2023-09-06,931145,中证绿色债券指数,中证绿色债,CSI Green Bond Index,CSI Green Bond,,,,130.79,-0.04,-0.03,0.0,0.0,839.0,,2023-09-06,中证绿色债券指数
2023-09-07,930951,中证交易所绿色债券指数,交易所绿色债,CSI Exchange Green Bond Index,Exchange Green Bond,,,,134.37,-0.08,-0.06,0.0,0.0,309.0,,2023-09-07,中证交易所绿色债券指数
2023-09-07,931147,中证交易所高等级绿色债券指数,交易所高等级绿色债,CSI Exchange High Grade Green Bond Index,Exchange High Grade Green Bond,,,,134.38,-0.08,-0.06,0.0,0.0,276.0,,2023-09-07,中证交易所高等级绿色债券指数
2023-09-07,931145,中证绿色债券指数,中证绿色债,CSI Green Bond Index,CSI Green Bond,,,,130.7,-0.09,-0.07,0.0,0.0,839.0,,2023-09-07,中证绿色债券指数
2023-09-08,930951,中证交易所绿色债券指数,交易所绿色债,CSI Exchange Green Bond Index,Exchange Green Bond,,,,134.25,-0.12,-0.09,0.0,0.0,309.0,,2023-09-08,中证交易所绿色债券指数
2023-09-08,931147,中证交易所高等级绿色债券指数,交易所高等级绿色债,CSI Exchange High Grade Green Bond Index,Exchange High Grade Green Bond,,,,134.26,-0.12,-0.09,0.0,0.0,276.0,,2023-09-08,中证交易所高等级绿色债券指数
2023-09-08,931145,中证绿色债券指数,中证绿色债,CSI Green Bond Index,CSI Green Bond,,,,130.6,-0.1,-0.08,0.0,0.0,839.0,,2023-09-08,中证绿色债券指数
2023-09-11,930951,中证交易所绿色债券指数,交易所绿色债,CSI Exchange Green Bond Index,Exchange Green Bond,,,,134.17,-0.07,-0.06,0.0,0.0,309.0,,2023-09-11,中证交易所绿色债券指数
2023-09-11,931147,中证交易所高等级绿色债券指数,交易所高等级绿色债,CSI Exchange High Grade Green Bond Index,Exchange High Grade Green Bond,,,,134.18,-0.07,-0.06,0.0,0.0,276.0,,2023-09-11,中证交易所高等级绿色债券指数
2023-09-11,931145,中证绿色债券指数,中证绿色债,CSI Green Bond Index,CSI Green Bond,,,,130.53,-0.06,-0.05,0.0,0.0,839.0,,2023-09-11,中证绿色债券指数
2023-09-12,930951,中证交易所绿色债券指数,交易所绿色债,CSI Exchange Green Bond Index,Exchange Green Bond,,,,134.11,-0.06,-0.05,0.0,0.0,309.0,,2023-09-12,中证交易所绿色债券指数
2023-09-12,931147,中证交易所高等级绿色债券指数,交易所高等级绿色债,CSI Exchange High Grade Green Bond Index,Exchange High Grade Green Bond,,,,134.12,-0.06,-0.05,0.0,0.0,276.0,,2023-09-12,中证交易所高等级绿色债券指数
2023-09-12,931145,中证绿色债券指数,中证绿色债,CSI Green Bond Index,CSI Green Bond,,,,130.54,0.01,0.01,0.0,0.0,839.0,,2023-09-12,中证绿色债券指数
2023-09-13,930951,中证交易所绿色债券指数,交易所绿色债,CSI Exchange Green Bond Index,Exchange Green Bond,,,,134.16,0.04,0.03,0.0,0.0,309.0,,2023-09-13,中证交易所绿色债券指数
2023-09-13,931147,中证交易所高等级绿色债券指数,交易所高等级绿色债,CSI Exchange High Grade Green Bond Index,Exchange High Grade Green Bond,,,,134.16,0.04,0.03,0.0,0.0,276.0,,2023-09-13,中证交易所高等级绿色债券指数
2023-09-13,931145,中证绿色债券指数,中证绿色债,CSI Green Bond Index,CSI Green Bond,,,,130.63,0.09,0.07,0.0,0.0,839.0,,2023-09-13,中证绿色债券指数
2023-09-14,930951,中证交易所绿色债券指数,交易所绿色债,CSI Exchange Green Bond Index,Exchange Green Bond,,,,134.23,0.08,0.06,0.0,0.0,309.0,,2023-09-14,中证交易所绿色债券指数
2023-09-14,931147,中证交易所高等级绿色债券指数,交易所高等级绿色债,CSI Exchange High Grade Green Bond Index,Exchange High Grade Green Bond,,,,134.24,0.08,0.06,0.0,0.0,276.0,,2023-09-14,中证交易所高等级绿色债券指数
2023-09-14,931145,中证绿色债券指数,中证绿色债,CSI Green Bond Index,CSI Green Bond,,,,130.69,0.06,0.05,0.0,0.0,839.0,,2023-09-14,中证绿色债券指数
2023-09-15,930951,中证交易所绿色债券指数,交易所绿色债,CSI Exchange Green Bond Index,Exchange Green Bond,,,,134.31,0.07,0.05,0.0,0.0,309.0,,2023-09-15,中证交易所绿色债券指数
2023-09-15,931147,中证交易所高等级绿色债券指数,交易所高等级绿色债,CSI Exchange High Grade Green Bond Index,Exchange High Grade Green Bond,,,,134.31,0.07,0.05,0.0,0.0,276.0,,2023-09-15,中证交易所高等级绿色债券指数
2023-09-15,931145,中证绿色债券指数,中证绿色债,CSI Green Bond Index,CSI Green Bond,,,,130.75,0.06,0.04,0.0,0.0,839.0,,2023-09-15,中证绿色债券指数
2023-09-18,930951,中证交易所绿色债券指数,交易所绿色债,CSI Exchange Green Bond Index,Exchange Green Bond,,,,134.34,0.03,0.02,0.0,0.0,309.0,,2023-09-18,中证交易所绿色债券指数
2023-09-18,931147,中证交易所高等级绿色债券指数,交易所高等级绿色债,CSI Exchange High Grade Green Bond Index,Exchange High Grade Green Bond,,,,134.34,0.03,0.02,0.0,0.0,276.0,,2023-09-18,中证交易所高等级绿色债券指数
2023-09-18,931145,中证绿色债券指数,中证绿色债,CSI Green Bond Index,CSI Green Bond,,,,130.73,-0.02,-0.01,0.0,0.0,839.0,,2023-09-18,中证绿色债券指数
2023-09-19,930951,中证交易所绿色债券指数,交易所绿色债,CSI Exchange Green Bond Index,Exchange Green Bond,,,,134.31,-0.03,-0.02,0.0,0.0,309.0,,2023-09-19,中证交易所绿色债券指数
2023-09-19,931147,中证交易所高等级绿色债券指数,交易所高等级绿色债,CSI Exchange High Grade Green Bond Index,Exchange High Grade Green Bond,,,,134.32,-0.03,-0.02,0.0,0.0,276.0,,2023-09-19,中证交易所高等级绿色债券指数
2023-09-19,931145,中证绿色债券指数,中证绿色债,CSI Green Bond Index,CSI Green Bond,,,,130.7,-0.03,-0.02,0.0,0.0,839.0,,2023-09-19,中证绿色债券指数
2023-09-20,930951,中证交易所绿色债券指数,交易所绿色债,CSI Exchange Green Bond Index,Exchange Green Bond,,,,134.32,0.01,0.01,0.0,0.0,309.0,,2023-09-20,中证交易所绿色债券指数
2023-09-20,931147,中证交易所高等级绿色债券指数,交易所高等级绿色债,CSI Exchange High Grade Green Bond Index,Exchange High Grade Green Bond,,,,134.33,0.01,0.01,0.0,0.0,276.0,,2023-09-20,中证交易所高等级绿色债券指数
2023-09-20,931145,中证绿色债券指数,中证绿色债,CSI Green Bond Index,CSI Green Bond,,,,130.72,0.02,0.01,0.0,0.0,839.0,,2023-09-20,中证绿色债券指数
2023-09-21,930951,中证交易所绿色债券指数,交易所绿色债,CSI Exchange Green Bond Index,Exchange Green Bond,,,,134.33,0.01,0.0,0.0,0.0,309.0,,2023-09-21,中证交易所绿色债券指数
2023-09-21,931147,中证交易所高等级绿色债券指数,交易所高等级绿色债,CSI Exchange High Grade Green Bond Index,Exchange High Grade Green Bond,,,,134.33,0.0,0.0,0.0,0.0,276.0,,2023-09-21,中证交易所高等级绿色债券指数
2023-09-21,931145,中证绿色债券指数,中证绿色债,CSI Green Bond Index,CSI Green Bond,,,,130.76,0.04,0.03,0.0,0.0,839.0,,2023-09-21,中证绿色债券指数
2023-09-22,930951,中证交易所绿色债券指数,交易所绿色债,CSI Exchange Green Bond Index,Exchange Green Bond,,,,134.32,0.0,0.0,0.0,0.0,309.0,,2023-09-22,中证交易所绿色债券指数
2023-09-22,931147,中证交易所高等级绿色债券指数,交易所高等级绿色债,CSI Exchange High Grade Green Bond Index,Exchange High Grade Green Bond,,,,134.32,-0.01,0.0,0.0,0.0,276.0,,2023-09-22,中证交易所高等级绿色债券指数
2023-09-22,931145,中证绿色债券指数,中证绿色债,CSI Green Bond Index,CSI Green Bond,,,,130.77,0.02,0.01,0.0,0.0,839.0,,2023-09-22,中证绿色债券指数
2023-09-25,930951,中证交易所绿色债券指数,交易所绿色债,CSI Exchange Green Bond Index,Exchange Green Bond,,,,134.4,0.08,0.06,0.0,0.0,308.0,,2023-09-25,中证交易所绿色债券指数
2023-09-25,931147,中证交易所高等级绿色债券指数,交易所高等级绿色债,CSI Exchange High Grade Green Bond Index,Exchange High Grade Green Bond,,,,134.4,0.07,0.06,0.0,0.0,275.0,,2023-09-25,中证交易所高等级绿色债券指数
2023-09-25,931145,中证绿色债券指数,中证绿色债,CSI Green Bond Index,CSI Green Bond,,,,130.82,0.04,0.03,0.0,0.0,838.0,,2023-09-25,中证绿色债券指数
2023-09-26,930951,中证交易所绿色债券指数,交易所绿色债,CSI Exchange Green Bond Index,Exchange Green Bond,,,,134.38,-0.02,-0.02,0.0,0.0,308.0,,2023-09-26,中证交易所绿色债券指数
2023-09-26,931147,中证交易所高等级绿色债券指数,交易所高等级绿色债,CSI Exchange High Grade Green Bond Index,Exchange High Grade Green Bond,,,,134.38,-0.02,-0.02,0.0,0.0,275.0,,2023-09-26,中证交易所高等级绿色债券指数
2023-09-26,931145,中证绿色债券指数,中证绿色债,CSI Green Bond Index,CSI Green Bond,,,,130.77,-0.04,-0.03,0.0,0.0,838.0,,2023-09-26,中证绿色债券指数
2023-09-27,930951,中证交易所绿色债券指数,交易所绿色债,CSI Exchange Green Bond Index,Exchange Green Bond,,,,134.36,-0.02,-0.02,0.0,0.0,308.0,,2023-09-27,中证交易所绿色债券指数
2023-09-27,931147,中证交易所高等级绿色债券指数,交易所高等级绿色债,CSI Exchange High Grade Green Bond Index,Exchange High Grade Green Bond,,,,134.35,-0.02,-0.02,0.0,0.0,275.0,,2023-09-27,中证交易所高等级绿色债券指数
2023-09-27,931145,中证绿色债券指数,中证绿色债,CSI Green Bond Index,CSI Green Bond,,,,130.75,-0.03,-0.02,0.0,0.0,838.0,,2023-09-27,中证绿色债券指数
2023-09-28,930951,中证交易所绿色债券指数,交易所绿色债,CSI Exchange Green Bond Index,Exchange Green Bond,,,,134.38,0.02,0.02,0.0,0.0,308.0,,2023-09-28,中证交易所绿色债券指数
2023-09-28,931147,中证交易所高等级绿色债券指数,交易所高等级绿色债,CSI Exchange High Grade Green Bond Index,Exchange High Grade Green Bond,,,,134.38,0.02,0.02,0.0,0.0,275.0,,2023-09-28,中证交易所高等级绿色债券指数
2023-09-28,931145,中证绿色债券指数,中证绿色债,CSI Green Bond Index,CSI Green Bond,,,,130.81,0.06,0.05,0.0,0.0,838.0,,2023-09-28,中证绿色债券指数
2023-10-09,930951,中证交易所绿色债券指数,交易所绿色债,CSI Exchange Green Bond Index,Exchange Green Bond,,,,134.59,0.21,0.16,0.0,0.0,313.0,,2023-10-09,中证交易所绿色债券指数
2023-10-09,931147,中证交易所高等级绿色债券指数,交易所高等级绿色债,CSI Exchange High Grade Green Bond Index,Exchange High Grade Green Bond,,,,134.58,0.21,0.16,0.0,0.0,280.0,,2023-10-09,中证交易所高等级绿色债券指数
2023-10-09,931145,中证绿色债券指数,中证绿色债,CSI Green Bond Index,CSI Green Bond,,,,130.97,0.16,0.12,0.0,0.0,863.0,,2023-10-09,中证绿色债券指数
2023-10-10,930951,中证交易所绿色债券指数,交易所绿色债,CSI Exchange Green Bond Index,Exchange Green Bond,,,,134.58,-0.01,-0.01,0.0,0.0,313.0,,2023-10-10,中证交易所绿色债券指数
2023-10-10,931147,中证交易所高等级绿色债券指数,交易所高等级绿色债,CSI Exchange High Grade Green Bond Index,Exchange High Grade Green Bond,,,,134.57,-0.01,-0.01,0.0,0.0,280.0,,2023-10-10,中证交易所高等级绿色债券指数
2023-10-10,931145,中证绿色债券指数,中证绿色债,CSI Green Bond Index,CSI Green Bond,,,,130.95,-0.02,-0.01,0.0,0.0,863.0,,2023-10-10,中证绿色债券指数
2023-10-11,930951,中证交易所绿色债券指数,交易所绿色债,CSI Exchange Green Bond Index,Exchange Green Bond,,,,134.56,-0.02,-0.01,0.0,0.0,313.0,,2023-10-11,中证交易所绿色债券指数
2023-10-11,931147,中证交易所高等级绿色债券指数,交易所高等级绿色债,CSI Exchange High Grade Green Bond Index,Exchange High Grade Green Bond,,,,134.55,-0.02,-0.01,0.0,0.0,280.0,,2023-10-11,中证交易所高等级绿色债券指数
2023-10-11,931145,中证绿色债券指数,中证绿色债,CSI Green Bond Index,CSI Green Bond,,,,130.91,-0.04,-0.03,0.0,0.0,863.0,,2023-10-11,中证绿色债券指数
2023-10-12,930951,中证交易所绿色债券指数,交易所绿色债,CSI Exchange Green Bond Index,Exchange Green Bond,,,,134.53,-0.03,-0.02,0.0,0.0,313.0,,2023-10-12,中证交易所绿色债券指数
2023-10-12,931147,中证交易所高等级绿色债券指数,交易所高等级绿色债,CSI Exchange High Grade Green Bond Index,Exchange High Grade Green Bond,,,,134.52,-0.03,-0.02,0.0,0.0,280.0,,2023-10-12,中证交易所高等级绿色债券指数
2023-10-12,931145,中证绿色债券指数,中证绿色债,CSI Green Bond Index,CSI Green Bond,,,,130.86,-0.04,-0.03,0.0,0.0,863.0,,2023-10-12,中证绿色债券指数
2023-10-13,930951,中证交易所绿色债券指数,交易所绿色债,CSI Exchange Green Bond Index,Exchange Green Bond,,,,134.54,0.02,0.01,0.0,0.0,313.0,,2023-10-13,中证交易所绿色债券指数
2023-10-13,931147,中证交易所高等级绿色债券指数,交易所高等级绿色债,CSI Exchange High Grade Green Bond Index,Exchange High Grade Green Bond,,,,134.54,0.02,0.01,0.0,0.0,280.0,,2023-10-13,中证交易所高等级绿色债券指数
2023-10-13,931145,中证绿色债券指数,中证绿色债,CSI Green Bond Index,CSI Green Bond,,,,130.88,0.02,0.02,0.0,0.0,863.0,,2023-10-13,中证绿色债券指数
2023-10-16,930951,中证交易所绿色债券指数,交易所绿色债,CSI Exchange Green Bond Index,Exchange Green Bond,,,,134.59,0.05,0.04,0.0,0.0,313.0,,2023-10-16,中证交易所绿色债券指数
2023-10-16,931147,中证交易所高等级绿色债券指数,交易所高等级绿色债,CSI Exchange High Grade Green Bond Index,Exchange High Grade Green Bond,,,,134.58,0.05,0.03,0.0,0.0,280.0,,2023-10-16,中证交易所高等级绿色债券指数
2023-10-16,931145,中证绿色债券指数,中证绿色债,CSI Green Bond Index,CSI Green Bond,,,,130.92,0.04,0.03,0.0,0.0,863.0,,2023-10-16,中证绿色债券指数
2023-10-17,930951,中证交易所绿色债券指数,交易所绿色债,CSI Exchange Green Bond Index,Exchange Green Bond,,,,134.61,0.02,0.01,0.0,0.0,313.0,,2023-10-17,中证交易所绿色债券指数
2023-10-17,931147,中证交易所高等级绿色债券指数,交易所高等级绿色债,CSI Exchange High Grade Green Bond Index,Exchange High Grade Green Bond,,,,134.59,0.01,0.01,0.0,0.0,280.0,,2023-10-17,中证交易所高等级绿色债券指数
2023-10-17,931145,中证绿色债券指数,中证绿色债,CSI Green Bond Index,CSI Green Bond,,,,130.92,-0.01,0.0,0.0,0.0,863.0,,2023-10-17,中证绿色债券指数
2023-10-18,930951,中证交易所绿色债券指数,交易所绿色债,CSI Exchange Green Bond Index,Exchange Green Bond,,,,134.62,0.01,0.01,0.0,0.0,313.0,,2023-10-18,中证交易所绿色债券指数
2023-10-18,931147,中证交易所高等级绿色债券指数,交易所高等级绿色债,CSI Exchange High Grade Green Bond Index,Exchange High Grade Green Bond,,,,134.6,0.01,0.01,0.0,0.0,280.0,,2023-10-18,中证交易所高等级绿色债券指数
2023-10-18,931145,中证绿色债券指数,中证绿色债,CSI Green Bond Index,CSI Green Bond,,,,130.9,-0.01,-0.01,0.0,0.0,863.0,,2023-10-18,中证绿色债券指数
2023-10-19,930951,中证交易所绿色债券指数,交易所绿色债,CSI Exchange Green Bond Index,Exchange Green Bond,,,,134.58,-0.03,-0.03,0.0,0.0,313.0,,2023-10-19,中证交易所绿色债券指数
2023-10-19,931147,中证交易所高等级绿色债券指数,交易所高等级绿色债,CSI Exchange High Grade Green Bond Index,Exchange High Grade Green Bond,,,,134.57,-0.03,-0.03,0.0,0.0,280.0,,2023-10-19,中证交易所高等级绿色债券指数
2023-10-19,931145,中证绿色债券指数,中证绿色债,CSI Green Bond Index,CSI Green Bond,,,,130.84,-0.06,-0.05,0.0,0.0,863.0,,2023-10-19,中证绿色债券指数
2023-10-20,930951,中证交易所绿色债券指数,交易所绿色债,CSI Exchange Green Bond Index,Exchange Green Bond,,,,134.51,-0.07,-0.05,0.0,0.0,313.0,,2023-10-20,中证交易所绿色债券指数
2023-10-20,931147,中证交易所高等级绿色债券指数,交易所高等级绿色债,CSI Exchange High Grade Green Bond Index,Exchange High Grade Green Bond,,,,134.5,-0.06,-0.05,0.0,0.0,280.0,,2023-10-20,中证交易所高等级绿色债券指数
2023-10-20,931145,中证绿色债券指数,中证绿色债,CSI Green Bond Index,CSI Green Bond,,,,130.79,-0.04,-0.04,0.0,0.0,863.0,,2023-10-20,中证绿色债券指数
2023-10-23,930951,中证交易所绿色债券指数,交易所绿色债,CSI Exchange Green Bond Index,Exchange Green Bond,,,,134.57,0.05,0.04,0.0,0.0,312.0,,2023-10-23,中证交易所绿色债券指数
2023-10-23,931147,中证交易所高等级绿色债券指数,交易所高等级绿色债,CSI Exchange High Grade Green Bond Index,Exchange High Grade Green Bond,,,,134.55,0.05,0.04,0.0,0.0,279.0,,2023-10-23,中证交易所高等级绿色债券指数
2023-10-23,931145,中证绿色债券指数,中证绿色债,CSI Green Bond Index,CSI Green Bond,,,,130.86,0.06,0.05,0.0,0.0,862.0,,2023-10-23,中证绿色债券指数
2023-10-24,930951,中证交易所绿色债券指数,交易所绿色债,CSI Exchange Green Bond Index,Exchange Green Bond,,,,134.53,-0.04,-0.03,0.0,0.0,312.0,,2023-10-24,中证交易所绿色债券指数
2023-10-24,931147,中证交易所高等级绿色债券指数,交易所高等级绿色债,CSI Exchange High Grade Green Bond Index,Exchange High Grade Green Bond,,,,134.51,-0.04,-0.03,0.0,0.0,279.0,,2023-10-24,中证交易所高等级绿色债券指数
2023-10-24,931145,中证绿色债券指数,中证绿色债,CSI Green Bond Index,CSI Green Bond,,,,130.84,-0.02,-0.02,0.0,0.0,862.0,,2023-10-24,中证绿色债券指数
2023-10-25,930951,中证交易所绿色债券指数,交易所绿色债,CSI Exchange Green Bond Index,Exchange Green Bond,,,,134.53,0.0,0.0,0.0,0.0,312.0,,2023-10-25,中证交易所绿色债券指数
2023-10-25,931147,中证交易所高等级绿色债券指数,交易所高等级绿色债,CSI Exchange High Grade Green Bond Index,Exchange High Grade Green Bond,,,,134.51,0.0,0.0,0.0,0.0,279.0,,2023-10-25,中证交易所高等级绿色债券指数
2023-10-25,931145,中证绿色债券指数,中证绿色债,CSI Green Bond Index,CSI Green Bond,,,,130.86,0.03,0.02,0.0,0.0,862.0,,2023-10-25,中证绿色债券指数
2023-10-26,930951,中证交易所绿色债券指数,交易所绿色债,CSI Exchange Green Bond Index,Exchange Green Bond,,,,134.58,0.05,0.04,0.0,0.0,311.0,,2023-10-26,中证交易所绿色债券指数
2023-10-26,931147,中证交易所高等级绿色债券指数,交易所高等级绿色债,CSI Exchange High Grade Green Bond Index,Exchange High Grade Green Bond,,,,134.56,0.05,0.04,0.0,0.0,278.0,,2023-10-26,中证交易所高等级绿色债券指数
2023-10-26,931145,中证绿色债券指数,中证绿色债,CSI Green Bond Index,CSI Green Bond,,,,130.93,0.06,0.05,0.0,0.0,860.0,,2023-10-26,中证绿色债券指数
2023-10-27,930951,中证交易所绿色债券指数,交易所绿色债,CSI Exchange Green Bond Index,Exchange Green Bond,,,,134.62,0.04,0.03,0.0,0.0,311.0,,2023-10-27,中证交易所绿色债券指数
2023-10-27,931147,中证交易所高等级绿色债券指数,交易所高等级绿色债,CSI Exchange High Grade Green Bond Index,Exchange High Grade Green Bond,,,,134.6,0.04,0.03,0.0,0.0,278.0,,2023-10-27,中证交易所高等级绿色债券指数
2023-10-27,931145,中证绿色债券指数,中证绿色债,CSI Green Bond Index,CSI Green Bond,,,,130.94,0.02,0.01,0.0,0.0,860.0,,2023-10-27,中证绿色债券指数
2023-10-30,930951,中证交易所绿色债券指数,交易所绿色债,CSI Exchange Green Bond Index,Exchange Green Bond,,,,134.66,0.04,0.03,0.0,0.0,311.0,,2023-10-30,中证交易所绿色债券指数
2023-10-30,931147,中证交易所高等级绿色债券指数,交易所高等级绿色债,CSI Exchange High Grade Green Bond Index,Exchange High Grade Green Bond,,,,134.64,0.04,0.03,0.0,0.0,278.0,,2023-10-30,中证交易所高等级绿色债券指数
2023-10-30,931145,中证绿色债券指数,中证绿色债,CSI Green Bond Index,CSI Green Bond,,,,130.99,0.05,0.04,0.0,0.0,860.0,,2023-10-30,中证绿色债券指数
2023-10-31,930951,中证交易所绿色债券指数,交易所绿色债,CSI Exchange Green Bond Index,Exchange Green Bond,,,,134.7,0.04,0.03,0.0,0.0,311.0,,2023-10-31,中证交易所绿色债券指数
2023-10-31,931147,中证交易所高等级绿色债券指数,交易所高等级绿色债,CSI Exchange High Grade Green Bond Index,Exchange High Grade Green Bond,,,,134.68,0.04,0.03,0.0,0.0,278.0,,2023-10-31,中证交易所高等级绿色债券指数
2023-10-31,931145,中证绿色债券指数,中证绿色债,CSI Green Bond Index,CSI Green Bond,,,,131.03,0.04,0.03,0.0,0.0,860.0,,2023-10-31,中证绿色债券指数
2023-11-01,930951,中证交易所绿色债券指数,交易所绿色债,CSI Exchange Green Bond Index,Exchange Green Bond,,,,134.74,0.04,0.03,0.0,0.0,311.0,,2023-11-01,中证交易所绿色债券指数
2023-11-01,931147,中证交易所高等级绿色债券指数,交易所高等级绿色债,CSI Exchange High Grade Green Bond Index,Exchange High Grade Green Bond,,,,134.72,0.04,0.03,0.0,0.0,277.0,,2023-11-01,中证交易所高等级绿色债券指数
2023-11-01,931145,中证绿色债券指数,中证绿色债,CSI Green Bond Index,CSI Green Bond,,,,131.04,0.01,0.01,0.0,0.0,868.0,,2023-11-01,中证绿色债券指数
2023-11-02,930951,中证交易所绿色债券指数,交易所绿色债,CSI Exchange Green Bond Index,Exchange Green Bond,,,,134.79,0.05,0.04,0.0,0.0,311.0,,2023-11-02,中证交易所绿色债券指数
2023-11-02,931147,中证交易所高等级绿色债券指数,交易所高等级绿色债,CSI Exchange High Grade Green Bond Index,Exchange High Grade Green Bond,,,,134.77,0.05,0.04,0.0,0.0,277.0,,2023-11-02,中证交易所高等级绿色债券指数
2023-11-02,931145,中证绿色债券指数,中证绿色债,CSI Green Bond Index,CSI Green Bond,,,,131.08,0.04,0.03,0.0,0.0,868.0,,2023-11-02,中证绿色债券指数
2023-11-03,930951,中证交易所绿色债券指数,交易所绿色债,CSI Exchange Green Bond Index,Exchange Green Bond,,,,134.84,0.05,0.04,0.0,0.0,311.0,,2023-11-03,中证交易所绿色债券指数
2023-11-03,931147,中证交易所高等级绿色债券指数,交易所高等级绿色债,CSI Exchange High Grade Green Bond Index,Exchange High Grade Green Bond,,,,134.82,0.05,0.04,0.0,0.0,277.0,,2023-11-03,中证交易所高等级绿色债券指数
2023-11-03,931145,中证绿色债券指数,中证绿色债,CSI Green Bond Index,CSI Green Bond,,,,131.11,0.03,0.03,0.0,0.0,868.0,,2023-11-03,中证绿色债券指数
2023-11-06,930951,中证交易所绿色债券指数,交易所绿色债,CSI Exchange Green Bond Index,Exchange Green Bond,,,,134.89,0.05,0.04,0.0,0.0,311.0,,2023-11-06,中证交易所绿色债券指数
2023-11-06,931147,中证交易所高等级绿色债券指数,交易所高等级绿色债,CSI Exchange High Grade Green Bond Index,Exchange High Grade Green Bond,,,,134.87,0.05,0.04,0.0,0.0,277.0,,2023-11-06,中证交易所高等级绿色债券指数
2023-11-06,931145,中证绿色债券指数,中证绿色债,CSI Green Bond Index,CSI Green Bond,,,,131.14,0.03,0.02,0.0,0.0,868.0,,2023-11-06,中证绿色债券指数
2023-11-07,930951,中证交易所绿色债券指数,交易所绿色债,CSI Exchange Green Bond Index,Exchange Green Bond,,,,134.92,0.02,0.02,0.0,0.0,311.0,,2023-11-07,中证交易所绿色债券指数
2023-11-07,931147,中证交易所高等级绿色债券指数,交易所高等级绿色债,CSI Exchange High Grade Green Bond Index,Exchange High Grade Green Bond,,,,134.9,0.02,0.02,0.0,0.0,277.0,,2023-11-07,中证交易所高等级绿色债券指数
2023-11-07,931145,中证绿色债券指数,中证绿色债,CSI Green Bond Index,CSI Green Bond,,,,131.14,0.0,0.0,0.0,0.0,868.0,,2023-11-07,中证绿色债券指数
2023-11-08,930951,中证交易所绿色债券指数,交易所绿色债,CSI Exchange Green Bond Index,Exchange Green Bond,,,,134.95,0.03,0.02,0.0,0.0,311.0,,2023-11-08,中证交易所绿色债券指数
2023-11-08,931147,中证交易所高等级绿色债券指数,交易所高等级绿色债,CSI Exchange High Grade Green Bond Index,Exchange High Grade Green Bond,,,,134.93,0.03,0.02,0.0,0.0,277.0,,2023-11-08,中证交易所高等级绿色债券指数
2023-11-08,931145,中证绿色债券指数,中证绿色债,CSI Green Bond Index,CSI Green Bond,,,,131.15,0.01,0.0,0.0,0.0,868.0,,2023-11-08,中证绿色债券指数
2023-11-09,930951,中证交易所绿色债券指数,交易所绿色债,CSI Exchange Green Bond Index,Exchange Green Bond,,,,134.97,0.03,0.02,0.0,0.0,311.0,,2023-11-09,中证交易所绿色债券指数
2023-11-09,931147,中证交易所高等级绿色债券指数,交易所高等级绿色债,CSI Exchange High Grade Green Bond Index,Exchange High Grade Green Bond,,,,134.96,0.03,0.02,0.0,0.0,277.0,,2023-11-09,中证交易所高等级绿色债券指数
2023-11-09,931145,中证绿色债券指数,中证绿色债,CSI Green Bond Index,CSI Green Bond,,,,131.16,0.01,0.01,0.0,0.0,868.0,,2023-11-09,中证绿色债券指数
2023-11-10,930951,中证交易所绿色债券指数,交易所绿色债,CSI Exchange Green Bond Index,Exchange Green Bond,,,,135.01,0.03,0.02,0.0,0.0,311.0,,2023-11-10,中证交易所绿色债券指数
2023-11-10,931147,中证交易所高等级绿色债券指数,交易所高等级绿色债,CSI Exchange High Grade Green Bond Index,Exchange High Grade Green Bond,,,,134.99,0.03,0.02,0.0,0.0,277.0,,2023-11-10,中证交易所高等级绿色债券指数
2023-11-10,931145,中证绿色债券指数,中证绿色债,CSI Green Bond Index,CSI Green Bond,,,,131.18,0.01,0.01,0.0,0.0,868.0,,2023-11-10,中证绿色债券指数
2023-11-13,930951,中证交易所绿色债券指数,交易所绿色债,CSI Exchange Green Bond Index,Exchange Green Bond,,,,135.07,0.06,0.05,0.0,0.0,311.0,,2023-11-13,中证交易所绿色债券指数
2023-11-13,931147,中证交易所高等级绿色债券指数,交易所高等级绿色债,CSI Exchange High Grade Green Bond Index,Exchange High Grade Green Bond,,,,135.05,0.06,0.05,0.0,0.0,277.0,,2023-11-13,中证交易所高等级绿色债券指数
2023-11-13,931145,中证绿色债券指数,中证绿色债,CSI Green Bond Index,CSI Green Bond,,,,131.22,0.04,0.03,0.0,0.0,868.0,,2023-11-13,中证绿色债券指数
2023-11-14,930951,中证交易所绿色债券指数,交易所绿色债,CSI Exchange Green Bond Index,Exchange Green Bond,,,,135.08,0.01,0.01,0.0,0.0,311.0,,2023-11-14,中证交易所绿色债券指数
2023-11-14,931147,中证交易所高等级绿色债券指数,交易所高等级绿色债,CSI Exchange High Grade Green Bond Index,Exchange High Grade Green Bond,,,,135.06,0.01,0.01,0.0,0.0,277.0,,2023-11-14,中证交易所高等级绿色债券指数
2023-11-14,931145,中证绿色债券指数,中证绿色债,CSI Green Bond Index,CSI Green Bond,,,,131.23,0.02,0.01,0.0,0.0,868.0,,2023-11-14,中证绿色债券指数
2023-11-15,930951,中证交易所绿色债券指数,交易所绿色债,CSI Exchange Green Bond Index,Exchange Green Bond,,,,135.14,0.05,0.04,0.0,0.0,311.0,,2023-11-15,中证交易所绿色债券指数
2023-11-15,931147,中证交易所高等级绿色债券指数,交易所高等级绿色债,CSI Exchange High Grade Green Bond Index,Exchange High Grade Green Bond,,,,135.12,0.05,0.04,0.0,0.0,277.0,,2023-11-15,中证交易所高等级绿色债券指数
2023-11-15,931145,中证绿色债券指数,中证绿色债,CSI Green Bond Index,CSI Green Bond,,,,131.26,0.03,0.02,0.0,0.0,868.0,,2023-11-15,中证绿色债券指数
2023-11-16,930951,中证交易所绿色债券指数,交易所绿色债,CSI Exchange Green Bond Index,Exchange Green Bond,,,,135.18,0.04,0.03,0.0,0.0,311.0,,2023-11-16,中证交易所绿色债券指数
2023-11-16,931147,中证交易所高等级绿色债券指数,交易所高等级绿色债,CSI Exchange High Grade Green Bond Index,Exchange High Grade Green Bond,,,,135.15,0.04,0.03,0.0,0.0,277.0,,2023-11-16,中证交易所高等级绿色债券指数
2023-11-16,931145,中证绿色债券指数,中证绿色债,CSI Green Bond Index,CSI Green Bond,,,,131.29,0.03,0.02,0.0,0.0,868.0,,2023-11-16,中证绿色债券指数
2023-11-17,930951,中证交易所绿色债券指数,交易所绿色债,CSI Exchange Green Bond Index,Exchange Green Bond,,,,135.23,0.06,0.04,0.0,0.0,311.0,,2023-11-17,中证交易所绿色债券指数
2023-11-17,931147,中证交易所高等级绿色债券指数,交易所高等级绿色债,CSI Exchange High Grade Green Bond Index,Exchange High Grade Green Bond,,,,135.21,0.05,0.04,0.0,0.0,277.0,,2023-11-17,中证交易所高等级绿色债券指数
2023-11-17,931145,中证绿色债券指数,中证绿色债,CSI Green Bond Index,CSI Green Bond,,,,131.33,0.03,0.02,0.0,0.0,868.0,,2023-11-17,中证绿色债券指数
2023-11-20,930951,中证交易所绿色债券指数,交易所绿色债,CSI Exchange Green Bond Index,Exchange Green Bond,,,,135.29,0.06,0.04,0.0,0.0,311.0,,2023-11-20,中证交易所绿色债券指数
2023-11-20,931147,中证交易所高等级绿色债券指数,交易所高等级绿色债,CSI Exchange High Grade Green Bond Index,Exchange High Grade Green Bond,,,,135.27,0.06,0.04,0.0,0.0,277.0,,2023-11-20,中证交易所高等级绿色债券指数
2023-11-20,931145,中证绿色债券指数,中证绿色债,CSI Green Bond Index,CSI Green Bond,,,,131.36,0.03,0.03,0.0,0.0,868.0,,2023-11-20,中证绿色债券指数
2023-11-21,930951,中证交易所绿色债券指数,交易所绿色债,CSI Exchange Green Bond Index,Exchange Green Bond,,,,135.33,0.03,0.03,0.0,0.0,311.0,,2023-11-21,中证交易所绿色债券指数
2023-11-21,931147,中证交易所高等级绿色债券指数,交易所高等级绿色债,CSI Exchange High Grade Green Bond Index,Exchange High Grade Green Bond,,,,135.3,0.03,0.03,0.0,0.0,277.0,,2023-11-21,中证交易所高等级绿色债券指数
2023-11-21,931145,中证绿色债券指数,中证绿色债,CSI Green Bond Index,CSI Green Bond,,,,131.36,0.0,0.0,0.0,0.0,868.0,,2023-11-21,中证绿色债券指数
2023-11-22,930951,中证交易所绿色债券指数,交易所绿色债,CSI Exchange Green Bond Index,Exchange Green Bond,,,,135.32,-0.01,-0.01,0.0,0.0,311.0,,2023-11-22,中证交易所绿色债券指数
2023-11-22,931147,中证交易所高等级绿色债券指数,交易所高等级绿色债,CSI Exchange High Grade Green Bond Index,Exchange High Grade Green Bond,,,,135.29,-0.01,-0.01,0.0,0.0,277.0,,2023-11-22,中证交易所高等级绿色债券指数
2023-11-22,931145,中证绿色债券指数,中证绿色债,CSI Green Bond Index,CSI Green Bond,,,,131.35,-0.01,-0.01,0.0,0.0,868.0,,2023-11-22,中证绿色债券指数
2023-11-23,930951,中证交易所绿色债券指数,交易所绿色债,CSI Exchange Green Bond Index,Exchange Green Bond,,,,135.3,-0.02,-0.01,0.0,0.0,311.0,,2023-11-23,中证交易所绿色债券指数
2023-11-23,931147,中证交易所高等级绿色债券指数,交易所高等级绿色债,CSI Exchange High Grade Green Bond Index,Exchange High Grade Green Bond,,,,135.27,-0.02,-0.01,0.0,0.0,277.0,,2023-11-23,中证交易所高等级绿色债券指数
2023-11-23,931145,中证绿色债券指数,中证绿色债,CSI Green Bond Index,CSI Green Bond,,,,131.31,-0.04,-0.03,0.0,0.0,868.0,,2023-11-23,中证绿色债券指数
2023-11-24,930951,中证交易所绿色债券指数,交易所绿色债,CSI Exchange Green Bond Index,Exchange Green Bond,,,,135.29,-0.01,0.0,0.0,0.0,311.0,,2023-11-24,中证交易所绿色债券指数
2023-11-24,931147,中证交易所高等级绿色债券指数,交易所高等级绿色债,CSI Exchange High Grade Green Bond Index,Exchange High Grade Green Bond,,,,135.27,-0.01,-0.01,0.0,0.0,277.0,,2023-11-24,中证交易所高等级绿色债券指数
2023-11-24,931145,中证绿色债券指数,中证绿色债,CSI Green Bond Index,CSI Green Bond,,,,131.3,-0.01,-0.01,0.0,0.0,868.0,,2023-11-24,中证绿色债券指数
2023-11-27,930951,中证交易所绿色债券指数,交易所绿色债,CSI Exchange Green Bond Index,Exchange Green Bond,,,,135.32,0.03,0.02,0.0,0.0,311.0,,2023-11-27,中证交易所绿色债券指数
2023-11-27,931147,中证交易所高等级绿色债券指数,交易所高等级绿色债,CSI Exchange High Grade Green Bond Index,Exchange High Grade Green Bond,,,,135.29,0.03,0.02,0.0,0.0,277.0,,2023-11-27,中证交易所高等级绿色债券指数
2023-11-27,931145,中证绿色债券指数,中证绿色债,CSI Green Bond Index,CSI Green Bond,,,,131.31,0.01,0.01,0.0,0.0,868.0,,2023-11-27,中证绿色债券指数
2023-11-28,930951,中证交易所绿色债券指数,交易所绿色债,CSI Exchange Green Bond Index,Exchange Green Bond,,,,135.32,0.0,0.0,0.0,0.0,311.0,,2023-11-28,中证交易所绿色债券指数
2023-11-28,931147,中证交易所高等级绿色债券指数,交易所高等级绿色债,CSI Exchange High Grade Green Bond Index,Exchange High Grade Green Bond,,,,135.29,0.0,0.0,0.0,0.0,277.0,,2023-11-28,中证交易所高等级绿色债券指数
2023-11-28,931145,中证绿色债券指数,中证绿色债,CSI Green Bond Index,CSI Green Bond,,,,131.31,0.0,0.0,0.0,0.0,868.0,,2023-11-28,中证绿色债券指数
2023-11-29,930951,中证交易所绿色债券指数,交易所绿色债,CSI Exchange Green Bond Index,Exchange Green Bond,,,,135.32,-0.01,0.0,0.0,0.0,311.0,,2023-11-29,中证交易所绿色债券指数
2023-11-29,931147,中证交易所高等级绿色债券指数,交易所高等级绿色债,CSI Exchange High Grade Green Bond Index,Exchange High Grade Green Bond,,,,135.29,-0.01,-0.01,0.0,0.0,277.0,,2023-11-29,中证交易所高等级绿色债券指数
2023-11-29,931145,中证绿色债券指数,中证绿色债,CSI Green Bond Index,CSI Green Bond,,,,131.31,0.0,0.0,0.0,0.0,868.0,,2023-11-29,中证绿色债券指数
2023-11-30,930951,中证交易所绿色债券指数,交易所绿色债,CSI Exchange Green Bond Index,Exchange Green Bond,,,,135.35,0.03,0.02,0.0,0.0,311.0,,2023-11-30,中证交易所绿色债券指数
2023-11-30,931147,中证交易所高等级绿色债券指数,交易所高等级绿色债,CSI Exchange High Grade Green Bond Index,Exchange High Grade Green Bond,,,,135.31,0.03,0.02,0.0,0.0,277.0,,2023-11-30,中证交易所高等级绿色债券指数
2023-11-30,931145,中证绿色债券指数,中证绿色债,CSI Green Bond Index,CSI Green Bond,,,,131.34,0.03,0.02,0.0,0.0,868.0,,2023-11-30,中证绿色债券指数
2023-12-01,930951,中证交易所绿色债券指数,交易所绿色债,CSI Exchange Green Bond Index,Exchange Green Bond,,,,135.37,0.02,0.01,0.0,0.0,316.0,,2023-12-01,中证交易所绿色债券指数
2023-12-01,931147,中证交易所高等级绿色债券指数,交易所高等级绿色债,CSI Exchange High Grade Green Bond Index,Exchange High Grade Green Bond,,,,135.32,0.01,0.01,0.0,0.0,280.0,,2023-12-01,中证交易所高等级绿色债券指数
2023-12-01,931145,中证绿色债券指数,中证绿色债,CSI Green Bond Index,CSI Green Bond,,,,131.36,0.02,0.01,0.0,0.0,875.0,,2023-12-01,中证绿色债券指数
2023-12-04,930951,中证交易所绿色债券指数,交易所绿色债,CSI Exchange Green Bond Index,Exchange Green Bond,,,,135.4,0.03,0.02,0.0,0.0,315.0,,2023-12-04,中证交易所绿色债券指数
2023-12-04,931147,中证交易所高等级绿色债券指数,交易所高等级绿色债,CSI Exchange High Grade Green Bond Index,Exchange High Grade Green Bond,,,,135.35,0.03,0.02,0.0,0.0,279.0,,2023-12-04,中证交易所高等级绿色债券指数
2023-12-04,931145,中证绿色债券指数,中证绿色债,CSI Green Bond Index,CSI Green Bond,,,,131.37,0.01,0.01,0.0,0.0,874.0,,2023-12-04,中证绿色债券指数
2023-12-05,930951,中证交易所绿色债券指数,交易所绿色债,CSI Exchange Green Bond Index,Exchange Green Bond,,,,135.41,0.01,0.01,0.0,0.0,315.0,,2023-12-05,中证交易所绿色债券指数
2023-12-05,931147,中证交易所高等级绿色债券指数,交易所高等级绿色债,CSI Exchange High Grade Green Bond Index,Exchange High Grade Green Bond,,,,135.36,0.01,0.01,0.0,0.0,279.0,,2023-12-05,中证交易所高等级绿色债券指数
2023-12-05,931145,中证绿色债券指数,中证绿色债,CSI Green Bond Index,CSI Green Bond,,,,131.36,-0.01,-0.01,0.0,0.0,874.0,,2023-12-05,中证绿色债券指数
2023-12-06,930951,中证交易所绿色债券指数,交易所绿色债,CSI Exchange Green Bond Index,Exchange Green Bond,,,,135.4,-0.01,-0.01,0.0,0.0,315.0,,2023-12-06,中证交易所绿色债券指数
2023-12-06,931147,中证交易所高等级绿色债券指数,交易所高等级绿色债,CSI Exchange High Grade Green Bond Index,Exchange High Grade Green Bond,,,,135.35,-0.01,-0.01,0.0,0.0,279.0,,2023-12-06,中证交易所高等级绿色债券指数
2023-12-06,931145,中证绿色债券指数,中证绿色债,CSI Green Bond Index,CSI Green Bond,,,,131.35,-0.01,-0.01,0.0,0.0,874.0,,2023-12-06,中证绿色债券指数
2023-12-07,930951,中证交易所绿色债券指数,交易所绿色债,CSI Exchange Green Bond Index,Exchange Green Bond,,,,135.39,-0.01,0.0,0.0,0.0,315.0,,2023-12-07,中证交易所绿色债券指数
2023-12-07,931147,中证交易所高等级绿色债券指数,交易所高等级绿色债,CSI Exchange High Grade Green Bond Index,Exchange High Grade Green Bond,,,,135.34,-0.01,-0.01,0.0,0.0,279.0,,2023-12-07,中证交易所高等级绿色债券指数
2023-12-07,931145,中证绿色债券指数,中证绿色债,CSI Green Bond Index,CSI Green Bond,,,,131.35,0.0,0.0,0.0,0.0,874.0,,2023-12-07,中证绿色债券指数
2023-12-08,930951,中证交易所绿色债券指数,交易所绿色债,CSI Exchange Green Bond Index,Exchange Green Bond,,,,135.39,0.0,0.0,0.0,0.0,315.0,,2023-12-08,中证交易所绿色债券指数
2023-12-08,931147,中证交易所高等级绿色债券指数,交易所高等级绿色债,CSI Exchange High Grade Green Bond Index,Exchange High Grade Green Bond,,,,135.34,-0.01,0.0,0.0,0.0,279.0,,2023-12-08,中证交易所高等级绿色债券指数
2023-12-08,931145,中证绿色债券指数,中证绿色债,CSI Green Bond Index,CSI Green Bond,,,,131.36,0.02,0.01,0.0,0.0,874.0,,2023-12-08,中证绿色债券指数
2023-12-11,930951,中证交易所绿色债券指数,交易所绿色债,CSI Exchange Green Bond Index,Exchange Green Bond,,,,135.44,0.05,0.03,0.0,0.0,315.0,,2023-12-11,中证交易所绿色债券指数
2023-12-11,931147,中证交易所高等级绿色债券指数,交易所高等级绿色债,CSI Exchange High Grade Green Bond Index,Exchange High Grade Green Bond,,,,135.38,0.04,0.03,0.0,0.0,279.0,,2023-12-11,中证交易所高等级绿色债券指数
2023-12-11,931145,中证绿色债券指数,中证绿色债,CSI Green Bond Index,CSI Green Bond,,,,131.42,0.05,0.04,0.0,0.0,874.0,,2023-12-11,中证绿色债券指数
2023-12-12,930951,中证交易所绿色债券指数,交易所绿色债,CSI Exchange Green Bond Index,Exchange Green Bond,,,,135.47,0.03,0.02,0.0,0.0,315.0,,2023-12-12,中证交易所绿色债券指数
2023-12-12,931147,中证交易所高等级绿色债券指数,交易所高等级绿色债,CSI Exchange High Grade Green Bond Index,Exchange High Grade Green Bond,,,,135.41,0.03,0.02,0.0,0.0,279.0,,2023-12-12,中证交易所高等级绿色债券指数
2023-12-12,931145,中证绿色债券指数,中证绿色债,CSI Green Bond Index,CSI Green Bond,,,,131.44,0.02,0.02,0.0,0.0,874.0,,2023-12-12,中证绿色债券指数
2023-12-13,930951,中证交易所绿色债券指数,交易所绿色债,CSI Exchange Green Bond Index,Exchange Green Bond,,,,135.5,0.04,0.03,0.0,0.0,315.0,,2023-12-13,中证交易所绿色债券指数
2023-12-13,931147,中证交易所高等级绿色债券指数,交易所高等级绿色债,CSI Exchange High Grade Green Bond Index,Exchange High Grade Green Bond,,,,135.45,0.04,0.03,0.0,0.0,279.0,,2023-12-13,中证交易所高等级绿色债券指数
2023-12-13,931145,中证绿色债券指数,中证绿色债,CSI Green Bond Index,CSI Green Bond,,,,131.49,0.06,0.04,0.0,0.0,874.0,,2023-12-13,中证绿色债券指数
2023-12-14,930951,中证交易所绿色债券指数,交易所绿色债,CSI Exchange Green Bond Index,Exchange Green Bond,,,,135.58,0.08,0.06,0.0,0.0,315.0,,2023-12-14,中证交易所绿色债券指数
2023-12-14,931147,中证交易所高等级绿色债券指数,交易所高等级绿色债,CSI Exchange High Grade Green Bond Index,Exchange High Grade Green Bond,,,,135.53,0.08,0.06,0.0,0.0,279.0,,2023-12-14,中证交易所高等级绿色债券指数
2023-12-14,931145,中证绿色债券指数,中证绿色债,CSI Green Bond Index,CSI Green Bond,,,,131.55,0.06,0.05,0.0,0.0,874.0,,2023-12-14,中证绿色债券指数
2023-12-15,930951,中证交易所绿色债券指数,交易所绿色债,CSI Exchange Green Bond Index,Exchange Green Bond,,,,135.65,0.06,0.05,0.0,0.0,315.0,,2023-12-15,中证交易所绿色债券指数
2023-12-15,931147,中证交易所高等级绿色债券指数,交易所高等级绿色债,CSI Exchange High Grade Green Bond Index,Exchange High Grade Green Bond,,,,135.59,0.06,0.04,0.0,0.0,279.0,,2023-12-15,中证交易所高等级绿色债券指数
2023-12-15,931145,中证绿色债券指数,中证绿色债,CSI Green Bond Index,CSI Green Bond,,,,131.61,0.06,0.04,0.0,0.0,874.0,,2023-12-15,中证绿色债券指数
2023-12-18,930951,中证交易所绿色债券指数,交易所绿色债,CSI Exchange Green Bond Index,Exchange Green Bond,,,,135.71,0.06,0.05,0.0,0.0,315.0,,2023-12-18,中证交易所绿色债券指数
2023-12-18,931147,中证交易所高等级绿色债券指数,交易所高等级绿色债,CSI Exchange High Grade Green Bond Index,Exchange High Grade Green Bond,,,,135.65,0.06,0.05,0.0,0.0,279.0,,2023-12-18,中证交易所高等级绿色债券指数
2023-12-18,931145,中证绿色债券指数,中证绿色债,CSI Green Bond Index,CSI Green Bond,,,,131.67,0.06,0.05,0.0,0.0,874.0,,2023-12-18,中证绿色债券指数
2023-12-19,930951,中证交易所绿色债券指数,交易所绿色债,CSI Exchange Green Bond Index,Exchange Green Bond,,,,135.77,0.06,0.05,0.0,0.0,315.0,,2023-12-19,中证交易所绿色债券指数
2023-12-19,931147,中证交易所高等级绿色债券指数,交易所高等级绿色债,CSI Exchange High Grade Green Bond Index,Exchange High Grade Green Bond,,,,135.71,0.06,0.04,0.0,0.0,279.0,,2023-12-19,中证交易所高等级绿色债券指数
2023-12-19,931145,中证绿色债券指数,中证绿色债,CSI Green Bond Index,CSI Green Bond,,,,131.71,0.04,0.03,0.0,0.0,874.0,,2023-12-19,中证绿色债券指数
2023-12-20,930951,中证交易所绿色债券指数,交易所绿色债,CSI Exchange Green Bond Index,Exchange Green Bond,,,,135.81,0.04,0.03,0.0,0.0,315.0,,2023-12-20,中证交易所绿色债券指数
2023-12-20,931147,中证交易所高等级绿色债券指数,交易所高等级绿色债,CSI Exchange High Grade Green Bond Index,Exchange High Grade Green Bond,,,,135.74,0.04,0.03,0.0,0.0,279.0,,2023-12-20,中证交易所高等级绿色债券指数
2023-12-20,931145,中证绿色债券指数,中证绿色债,CSI Green Bond Index,CSI Green Bond,,,,131.72,0.01,0.01,0.0,0.0,874.0,,2023-12-20,中证绿色债券指数
2023-12-21,930951,中证交易所绿色债券指数,交易所绿色债,CSI Exchange Green Bond Index,Exchange Green Bond,,,,135.83,0.02,0.01,0.0,0.0,315.0,,2023-12-21,中证交易所绿色债券指数
2023-12-21,931147,中证交易所高等级绿色债券指数,交易所高等级绿色债,CSI Exchange High Grade Green Bond Index,Exchange High Grade Green Bond,,,,135.77,0.03,0.02,0.0,0.0,279.0,,2023-12-21,中证交易所高等级绿色债券指数
2023-12-21,931145,中证绿色债券指数,中证绿色债,CSI Green Bond Index,CSI Green Bond,,,,131.73,0.01,0.0,0.0,0.0,874.0,,2023-12-21,中证绿色债券指数
2023-12-22,930951,中证交易所绿色债券指数,交易所绿色债,CSI Exchange Green Bond Index,Exchange Green Bond,,,,135.89,0.06,0.05,0.0,0.0,315.0,,2023-12-22,中证交易所绿色债券指数
2023-12-22,931147,中证交易所高等级绿色债券指数,交易所高等级绿色债,CSI Exchange High Grade Green Bond Index,Exchange High Grade Green Bond,,,,135.83,0.06,0.05,0.0,0.0,279.0,,2023-12-22,中证交易所高等级绿色债券指数
2023-12-22,931145,中证绿色债券指数,中证绿色债,CSI Green Bond Index,CSI Green Bond,,,,131.78,0.05,0.04,0.0,0.0,874.0,,2023-12-22,中证绿色债券指数
2023-12-25,930951,中证交易所绿色债券指数,交易所绿色债,CSI Exchange Green Bond Index,Exchange Green Bond,,,,135.94,0.06,0.04,0.0,0.0,314.0,,2023-12-25,中证交易所绿色债券指数
2023-12-25,931147,中证交易所高等级绿色债券指数,交易所高等级绿色债,CSI Exchange High Grade Green Bond Index,Exchange High Grade Green Bond,,,,135.89,0.06,0.04,0.0,0.0,278.0,,2023-12-25,中证交易所高等级绿色债券指数
2023-12-25,931145,中证绿色债券指数,中证绿色债,CSI Green Bond Index,CSI Green Bond,,,,131.83,0.05,0.04,0.0,0.0,873.0,,2023-12-25,中证绿色债券指数
2023-12-26,930951,中证交易所绿色债券指数,交易所绿色债,CSI Exchange Green Bond Index,Exchange Green Bond,,,,135.99,0.05,0.03,0.0,0.0,314.0,,2023-12-26,中证交易所绿色债券指数
2023-12-26,931147,中证交易所高等级绿色债券指数,交易所高等级绿色债,CSI Exchange High Grade Green Bond Index,Exchange High Grade Green Bond,,,,135.94,0.05,0.03,0.0,0.0,278.0,,2023-12-26,中证交易所高等级绿色债券指数
2023-12-26,931145,中证绿色债券指数,中证绿色债,CSI Green Bond Index,CSI Green Bond,,,,131.88,0.05,0.04,0.0,0.0,873.0,,2023-12-26,中证绿色债券指数
2023-12-27,930951,中证交易所绿色债券指数,交易所绿色债,CSI Exchange Green Bond Index,Exchange Green Bond,,,,136.07,0.09,0.06,0.0,0.0,314.0,,2023-12-27,中证交易所绿色债券指数
2023-12-27,931147,中证交易所高等级绿色债券指数,交易所高等级绿色债,CSI Exchange High Grade Green Bond Index,Exchange High Grade Green Bond,,,,136.02,0.08,0.06,0.0,0.0,278.0,,2023-12-27,中证交易所高等级绿色债券指数
2023-12-27,931145,中证绿色债券指数,中证绿色债,CSI Green Bond Index,CSI Green Bond,,,,131.96,0.09,0.07,0.0,0.0,873.0,,2023-12-27,中证绿色债券指数
2023-12-28,930951,中证交易所绿色债券指数,交易所绿色债,CSI Exchange Green Bond Index,Exchange Green Bond,,,,136.18,0.11,0.08,0.0,0.0,314.0,,2023-12-28,中证交易所绿色债券指数
2023-12-28,931147,中证交易所高等级绿色债券指数,交易所高等级绿色债,CSI Exchange High Grade Green Bond Index,Exchange High Grade Green Bond,,,,136.12,0.1,0.08,0.0,0.0,278.0,,2023-12-28,中证交易所高等级绿色债券指数
2023-12-28,931145,中证绿色债券指数,中证绿色债,CSI Green Bond Index,CSI Green Bond,,,,132.06,0.09,0.07,0.0,0.0,873.0,,2023-12-28,中证绿色债券指数
2023-12-29,930951,中证交易所绿色债券指数,交易所绿色债,CSI Exchange Green Bond Index,Exchange Green Bond,,,,136.26,0.08,0.06,0.0,0.0,314.0,,2023-12-29,中证交易所绿色债券指数
2023-12-29,931147,中证交易所高等级绿色债券指数,交易所高等级绿色债,CSI Exchange High Grade Green Bond Index,Exchange High Grade Green Bond,,,,136.2,0.08,0.06,0.0,0.0,278.0,,2023-12-29,中证交易所高等级绿色债券指数
2023-12-29,931145,中证绿色债券指数,中证绿色债,CSI Green Bond Index,CSI Green Bond,,,,132.13,0.07,0.06,0.0,0.0,873.0,,2023-12-29,中证绿色债券指数
2024-01-02,930951,中证交易所绿色债券指数,交易所绿色债,CSI Exchange Green Bond Index,Exchange Green Bond,,,,136.34,0.08,0.06,0.0,0.0,318.0,,2024-01-02,中证交易所绿色债券指数
2024-01-02,931147,中证交易所高等级绿色债券指数,交易所高等级绿色债,CSI Exchange High Grade Green Bond Index,Exchange High Grade Green Bond,,,,136.28,0.08,0.06,0.0,0.0,280.0,,2024-01-02,中证交易所高等级绿色债券指数
2024-01-02,931145,中证绿色债券指数,中证绿色债,CSI Green Bond Index,CSI Green Bond,,,,132.18,0.05,0.04,0.0,0.0,887.0,,2024-01-02,中证绿色债券指数
2024-01-03,930951,中证交易所绿色债券指数,交易所绿色债,CSI Exchange Green Bond Index,Exchange Green Bond,,,,136.35,0.0,0.0,0.0,0.0,318.0,,2024-01-03,中证交易所绿色债券指数
2024-01-03,931147,中证交易所高等级绿色债券指数,交易所高等级绿色债,CSI Exchange High Grade Green Bond Index,Exchange High Grade Green Bond,,,,136.29,0.0,0.0,0.0,0.0,280.0,,2024-01-03,中证交易所高等级绿色债券指数
2024-01-03,931145,中证绿色债券指数,中证绿色债,CSI Green Bond Index,CSI Green Bond,,,,132.15,-0.03,-0.02,0.0,0.0,887.0,,2024-01-03,中证绿色债券指数
2024-01-04,930951,中证交易所绿色债券指数,交易所绿色债,CSI Exchange Green Bond Index,Exchange Green Bond,,,,136.38,0.03,0.02,0.0,0.0,318.0,,2024-01-04,中证交易所绿色债券指数
2024-01-04,931147,中证交易所高等级绿色债券指数,交易所高等级绿色债,CSI Exchange High Grade Green Bond Index,Exchange High Grade Green Bond,,,,136.32,0.03,0.02,0.0,0.0,280.0,,2024-01-04,中证交易所高等级绿色债券指数
2024-01-04,931145,中证绿色债券指数,中证绿色债,CSI Green Bond Index,CSI Green Bond,,,,132.15,0.01,0.01,0.0,0.0,887.0,,2024-01-04,中证绿色债券指数
2024-01-05,930951,中证交易所绿色债券指数,交易所绿色债,CSI Exchange Green Bond Index,Exchange Green Bond,,,,136.43,0.05,0.04,0.0,0.0,318.0,,2024-01-05,中证交易所绿色债券指数
2024-01-05,931147,中证交易所高等级绿色债券指数,交易所高等级绿色债,CSI Exchange High Grade Green Bond Index,Exchange High Grade Green Bond,,,,136.37,0.05,0.04,0.0,0.0,280.0,,2024-01-05,中证交易所高等级绿色债券指数
2024-01-05,931145,中证绿色债券指数,中证绿色债,CSI Green Bond Index,CSI Green Bond,,,,132.19,0.04,0.03,0.0,0.0,887.0,,2024-01-05,中证绿色债券指数
2024-01-08,930951,中证交易所绿色债券指数,交易所绿色债,CSI Exchange Green Bond Index,Exchange Green Bond,,,,136.49,0.06,0.04,0.0,0.0,318.0,,2024-01-08,中证交易所绿色债券指数
2024-01-08,931147,中证交易所高等级绿色债券指数,交易所高等级绿色债,CSI Exchange High Grade Green Bond Index,Exchange High Grade Green Bond,,,,136.42,0.06,0.04,0.0,0.0,280.0,,2024-01-08,中证交易所高等级绿色债券指数
2024-01-08,931145,中证绿色债券指数,中证绿色债,CSI Green Bond Index,CSI Green Bond,,,,132.24,0.05,0.04,0.0,0.0,887.0,,2024-01-08,中证绿色债券指数
2024-01-09,930951,中证交易所绿色债券指数,交易所绿色债,CSI Exchange Green Bond Index,Exchange Green Bond,,,,136.57,0.08,0.06,0.0,0.0,318.0,,2024-01-09,中证交易所绿色债券指数
2024-01-09,931147,中证交易所高等级绿色债券指数,交易所高等级绿色债,CSI Exchange High Grade Green Bond Index,Exchange High Grade Green Bond,,,,136.51,0.08,0.06,0.0,0.0,280.0,,2024-01-09,中证交易所高等级绿色债券指数
2024-01-09,931145,中证绿色债券指数,中证绿色债,CSI Green Bond Index,CSI Green Bond,,,,132.29,0.05,0.04,0.0,0.0,887.0,,2024-01-09,中证绿色债券指数
2024-01-10,930951,中证交易所绿色债券指数,交易所绿色债,CSI Exchange Green Bond Index,Exchange Green Bond,,,,136.62,0.05,0.04,0.0,0.0,318.0,,2024-01-10,中证交易所绿色债券指数
2024-01-10,931147,中证交易所高等级绿色债券指数,交易所高等级绿色债,CSI Exchange High Grade Green Bond Index,Exchange High Grade Green Bond,,,,136.56,0.05,0.04,0.0,0.0,280.0,,2024-01-10,中证交易所高等级绿色债券指数
2024-01-10,931145,中证绿色债券指数,中证绿色债,CSI Green Bond Index,CSI Green Bond,,,,132.31,0.01,0.01,0.0,0.0,887.0,,2024-01-10,中证绿色债券指数
2024-01-11,930951,中证交易所绿色债券指数,交易所绿色债,CSI Exchange Green Bond Index,Exchange Green Bond,,,,136.65,0.03,0.02,0.0,0.0,318.0,,2024-01-11,中证交易所绿色债券指数
2024-01-11,931147,中证交易所高等级绿色债券指数,交易所高等级绿色债,CSI Exchange High Grade Green Bond Index,Exchange High Grade Green Bond,,,,136.58,0.03,0.02,0.0,0.0,280.0,,2024-01-11,中证交易所高等级绿色债券指数
2024-01-11,931145,中证绿色债券指数,中证绿色债,CSI Green Bond Index,CSI Green Bond,,,,132.31,0.01,0.01,0.0,0.0,887.0,,2024-01-11,中证绿色债券指数
2024-01-12,930951,中证交易所绿色债券指数,交易所绿色债,CSI Exchange Green Bond Index,Exchange Green Bond,,,,136.67,0.03,0.02,0.0,0.0,318.0,,2024-01-12,中证交易所绿色债券指数
2024-01-12,931147,中证交易所高等级绿色债券指数,交易所高等级绿色债,CSI Exchange High Grade Green Bond Index,Exchange High Grade Green Bond,,,,136.61,0.03,0.02,0.0,0.0,280.0,,2024-01-12,中证交易所高等级绿色债券指数
2024-01-12,931145,中证绿色债券指数,中证绿色债,CSI Green Bond Index,CSI Green Bond,,,,132.32,0.01,0.01,0.0,0.0,887.0,,2024-01-12,中证绿色债券指数
2024-01-15,930951,中证交易所绿色债券指数,交易所绿色债,CSI Exchange Green Bond Index,Exchange Green Bond,,,,136.71,0.03,0.03,0.0,0.0,318.0,,2024-01-15,中证交易所绿色债券指数
2024-01-15,931147,中证交易所高等级绿色债券指数,交易所高等级绿色债,CSI Exchange High Grade Green Bond Index,Exchange High Grade Green Bond,,,,136.64,0.03,0.02,0.0,0.0,280.0,,2024-01-15,中证交易所高等级绿色债券指数
2024-01-15,931145,中证绿色债券指数,中证绿色债,CSI Green Bond Index,CSI Green Bond,,,,132.34,0.02,0.02,0.0,0.0,887.0,,2024-01-15,中证绿色债券指数
2024-01-16,930951,中证交易所绿色债券指数,交易所绿色债,CSI Exchange Green Bond Index,Exchange Green Bond,,,,136.73,0.02,0.02,0.0,0.0,318.0,,2024-01-16,中证交易所绿色债券指数
2024-01-16,931147,中证交易所高等级绿色债券指数,交易所高等级绿色债,CSI Exchange High Grade Green Bond Index,Exchange High Grade Green Bond,,,,136.67,0.02,0.02,0.0,0.0,280.0,,2024-01-16,中证交易所高等级绿色债券指数
2024-01-16,931145,中证绿色债券指数,中证绿色债,CSI Green Bond Index,CSI Green Bond,,,,132.35,0.01,0.0,0.0,0.0,887.0,,2024-01-16,中证绿色债券指数
2024-01-17,930951,中证交易所绿色债券指数,交易所绿色债,CSI Exchange Green Bond Index,Exchange Green Bond,,,,136.77,0.04,0.03,0.0,0.0,318.0,,2024-01-17,中证交易所绿色债券指数
2024-01-17,931147,中证交易所高等级绿色债券指数,交易所高等级绿色债,CSI Exchange High Grade Green Bond Index,Exchange High Grade Green Bond,,,,136.71,0.04,0.03,0.0,0.0,280.0,,2024-01-17,中证交易所高等级绿色债券指数
2024-01-17,931145,中证绿色债券指数,中证绿色债,CSI Green Bond Index,CSI Green Bond,,,,132.37,0.02,0.01,0.0,0.0,887.0,,2024-01-17,中证绿色债券指数
2024-01-18,930951,中证交易所绿色债券指数,交易所绿色债,CSI Exchange Green Bond Index,Exchange Green Bond,,,,136.81,0.04,0.03,0.0,0.0,318.0,,2024-01-18,中证交易所绿色债券指数
2024-01-18,931147,中证交易所高等级绿色债券指数,交易所高等级绿色债,CSI Exchange High Grade Green Bond Index,Exchange High Grade Green Bond,,,,136.75,0.04,0.03,0.0,0.0,280.0,,2024-01-18,中证交易所高等级绿色债券指数
2024-01-18,931145,中证绿色债券指数,中证绿色债,CSI Green Bond Index,CSI Green Bond,,,,132.4,0.03,0.02,0.0,0.0,887.0,,2024-01-18,中证绿色债券指数
2024-01-19,930951,中证交易所绿色债券指数,交易所绿色债,CSI Exchange Green Bond Index,Exchange Green Bond,,,,136.86,0.05,0.04,0.0,0.0,318.0,,2024-01-19,中证交易所绿色债券指数
2024-01-19,931147,中证交易所高等级绿色债券指数,交易所高等级绿色债,CSI Exchange High Grade Green Bond Index,Exchange High Grade Green Bond,,,,136.8,0.05,0.04,0.0,0.0,280.0,,2024-01-19,中证交易所高等级绿色债券指数
2024-01-19,931145,中证绿色债券指数,中证绿色债,CSI Green Bond Index,CSI Green Bond,,,,132.43,0.03,0.02,0.0,0.0,887.0,,2024-01-19,中证绿色债券指数
2024-01-22,930951,中证交易所绿色债券指数,交易所绿色债,CSI Exchange Green Bond Index,Exchange Green Bond,,,,136.94,0.09,0.06,0.0,0.0,318.0,,2024-01-22,中证交易所绿色债券指数
2024-01-22,931147,中证交易所高等级绿色债券指数,交易所高等级绿色债,CSI Exchange High Grade Green Bond Index,Exchange High Grade Green Bond,,,,136.88,0.08,0.06,0.0,0.0,280.0,,2024-01-22,中证交易所高等级绿色债券指数
2024-01-22,931145,中证绿色债券指数,中证绿色债,CSI Green Bond Index,CSI Green Bond,,,,132.49,0.06,0.05,0.0,0.0,887.0,,2024-01-22,中证绿色债券指数
2024-01-23,930951,中证交易所绿色债券指数,交易所绿色债,CSI Exchange Green Bond Index,Exchange Green Bond,,,,136.98,0.04,0.03,0.0,0.0,318.0,,2024-01-23,中证交易所绿色债券指数
2024-01-23,931147,中证交易所高等级绿色债券指数,交易所高等级绿色债,CSI Exchange High Grade Green Bond Index,Exchange High Grade Green Bond,,,,136.92,0.04,0.03,0.0,0.0,280.0,,2024-01-23,中证交易所高等级绿色债券指数
2024-01-23,931145,中证绿色债券指数,中证绿色债,CSI Green Bond Index,CSI Green Bond,,,,132.51,0.02,0.02,0.0,0.0,887.0,,2024-01-23,中证绿色债券指数
2024-01-24,930951,中证交易所绿色债券指数,交易所绿色债,CSI Exchange Green Bond Index,Exchange Green Bond,,,,136.99,0.01,0.01,0.0,0.0,318.0,,2024-01-24,中证交易所绿色债券指数
2024-01-24,931147,中证交易所高等级绿色债券指数,交易所高等级绿色债,CSI Exchange High Grade Green Bond Index,Exchange High Grade Green Bond,,,,136.93,0.01,0.01,0.0,0.0,280.0,,2024-01-24,中证交易所高等级绿色债券指数
2024-01-24,931145,中证绿色债券指数,中证绿色债,CSI Green Bond Index,CSI Green Bond,,,,132.51,0.0,0.0,0.0,0.0,887.0,,2024-01-24,中证绿色债券指数
2024-01-25,930951,中证交易所绿色债券指数,交易所绿色债,CSI Exchange Green Bond Index,Exchange Green Bond,,,,137.04,0.05,0.04,0.0,0.0,318.0,,2024-01-25,中证交易所绿色债券指数
2024-01-25,931147,中证交易所高等级绿色债券指数,交易所高等级绿色债,CSI Exchange High Grade Green Bond Index,Exchange High Grade Green Bond,,,,136.97,0.05,0.03,0.0,0.0,280.0,,2024-01-25,中证交易所高等级绿色债券指数
2024-01-25,931145,中证绿色债券指数,中证绿色债,CSI Green Bond Index,CSI Green Bond,,,,132.55,0.04,0.03,0.0,0.0,886.0,,2024-01-25,中证绿色债券指数
2024-01-26,930951,中证交易所绿色债券指数,交易所绿色债,CSI Exchange Green Bond Index,Exchange Green Bond,,,,137.07,0.04,0.03,0.0,0.0,317.0,,2024-01-26,中证交易所绿色债券指数
2024-01-26,931147,中证交易所高等级绿色债券指数,交易所高等级绿色债,CSI Exchange High Grade Green Bond Index,Exchange High Grade Green Bond,,,,137.01,0.03,0.03,0.0,0.0,279.0,,2024-01-26,中证交易所高等级绿色债券指数
2024-01-26,931145,中证绿色债券指数,中证绿色债,CSI Green Bond Index,CSI Green Bond,,,,132.58,0.02,0.02,0.0,0.0,885.0,,2024-01-26,中证绿色债券指数
2024-01-29,930951,中证交易所绿色债券指数,交易所绿色债,CSI Exchange Green Bond Index,Exchange Green Bond,,,,137.13,0.06,0.04,0.0,0.0,317.0,,2024-01-29,中证交易所绿色债券指数
2024-01-29,931147,中证交易所高等级绿色债券指数,交易所高等级绿色债,CSI Exchange High Grade Green Bond Index,Exchange High Grade Green Bond,,,,137.06,0.06,0.04,0.0,0.0,279.0,,2024-01-29,中证交易所高等级绿色债券指数
2024-01-29,931145,中证绿色债券指数,中证绿色债,CSI Green Bond Index,CSI Green Bond,,,,132.62,0.04,0.03,0.0,0.0,885.0,,2024-01-29,中证绿色债券指数
2024-01-30,930951,中证交易所绿色债券指数,交易所绿色债,CSI Exchange Green Bond Index,Exchange Green Bond,,,,137.17,0.04,0.03,0.0,0.0,317.0,,2024-01-30,中证交易所绿色债券指数
2024-01-30,931147,中证交易所高等级绿色债券指数,交易所高等级绿色债,CSI Exchange High Grade Green Bond Index,Exchange High Grade Green Bond,,,,137.1,0.04,0.03,0.0,0.0,279.0,,2024-01-30,中证交易所高等级绿色债券指数
2024-01-30,931145,中证绿色债券指数,中证绿色债,CSI Green Bond Index,CSI Green Bond,,,,132.68,0.06,0.05,0.0,0.0,885.0,,2024-01-30,中证绿色债券指数
2024-01-31,930951,中证交易所绿色债券指数,交易所绿色债,CSI Exchange Green Bond Index,Exchange Green Bond,,,,137.25,0.08,0.06,0.0,0.0,317.0,,2024-01-31,中证交易所绿色债券指数
2024-01-31,931147,中证交易所高等级绿色债券指数,交易所高等级绿色债,CSI Exchange High Grade Green Bond Index,Exchange High Grade Green Bond,,,,137.18,0.08,0.06,0.0,0.0,279.0,,2024-01-31,中证交易所高等级绿色债券指数
2024-01-31,931145,中证绿色债券指数,中证绿色债,CSI Green Bond Index,CSI Green Bond,,,,132.75,0.07,0.05,0.0,0.0,885.0,,2024-01-31,中证绿色债券指数
2024-02-01,930951,中证交易所绿色债券指数,交易所绿色债,CSI Exchange Green Bond Index,Exchange Green Bond,,,,137.34,0.09,0.06,0.0,0.0,318.0,,2024-02-01,中证交易所绿色债券指数
2024-02-01,931147,中证交易所高等级绿色债券指数,交易所高等级绿色债,CSI Exchange High Grade Green Bond Index,Exchange High Grade Green Bond,,,,137.27,0.09,0.06,0.0,0.0,279.0,,2024-02-01,中证交易所高等级绿色债券指数
2024-02-01,931145,中证绿色债券指数,中证绿色债,CSI Green Bond Index,CSI Green Bond,,,,132.78,0.04,0.03,0.0,0.0,887.0,,2024-02-01,中证绿色债券指数
2024-02-02,930951,中证交易所绿色债券指数,交易所绿色债,CSI Exchange Green Bond Index,Exchange Green Bond,,,,137.4,0.06,0.05,0.0,0.0,318.0,,2024-02-02,中证交易所绿色债券指数
2024-02-02,931147,中证交易所高等级绿色债券指数,交易所高等级绿色债,CSI Exchange High Grade Green Bond Index,Exchange High Grade Green Bond,,,,137.33,0.06,0.04,0.0,0.0,279.0,,2024-02-02,中证交易所高等级绿色债券指数
2024-02-02,931145,中证绿色债券指数,中证绿色债,CSI Green Bond Index,CSI Green Bond,,,,132.8,0.02,0.01,0.0,0.0,887.0,,2024-02-02,中证绿色债券指数
2024-02-05,930951,中证交易所绿色债券指数,交易所绿色债,CSI Exchange Green Bond Index,Exchange Green Bond,,,,137.51,0.11,0.08,0.0,0.0,318.0,,2024-02-05,中证交易所绿色债券指数
2024-02-05,931147,中证交易所高等级绿色债券指数,交易所高等级绿色债,CSI Exchange High Grade Green Bond Index,Exchange High Grade Green Bond,,,,137.44,0.12,0.08,0.0,0.0,279.0,,2024-02-05,中证交易所高等级绿色债券指数
2024-02-05,931145,中证绿色债券指数,中证绿色债,CSI Green Bond Index,CSI Green Bond,,,,132.87,0.07,0.05,0.0,0.0,887.0,,2024-02-05,中证绿色债券指数
2024-02-06,930951,中证交易所绿色债券指数,交易所绿色债,CSI Exchange Green Bond Index,Exchange Green Bond,,,,137.53,0.02,0.02,0.0,0.0,318.0,,2024-02-06,中证交易所绿色债券指数
2024-02-06,931147,中证交易所高等级绿色债券指数,交易所高等级绿色债,CSI Exchange High Grade Green Bond Index,Exchange High Grade Green Bond,,,,137.46,0.02,0.01,0.0,0.0,279.0,,2024-02-06,中证交易所高等级绿色债券指数
2024-02-06,931145,中证绿色债券指数,中证绿色债,CSI Green Bond Index,CSI Green Bond,,,,132.87,0.0,0.0,0.0,0.0,887.0,,2024-02-06,中证绿色债券指数
2024-02-07,930951,中证交易所绿色债券指数,交易所绿色债,CSI Exchange Green Bond Index,Exchange Green Bond,,,,137.54,0.01,0.01,0.0,0.0,318.0,,2024-02-07,中证交易所绿色债券指数
2024-02-07,931147,中证交易所高等级绿色债券指数,交易所高等级绿色债,CSI Exchange High Grade Green Bond Index,Exchange High Grade Green Bond,,,,137.47,0.01,0.01,0.0,0.0,279.0,,2024-02-07,中证交易所高等级绿色债券指数
2024-02-07,931145,中证绿色债券指数,中证绿色债,CSI Green Bond Index,CSI Green Bond,,,,132.86,-0.01,-0.01,0.0,0.0,887.0,,2024-02-07,中证绿色债券指数
2024-02-08,930951,中证交易所绿色债券指数,交易所绿色债,CSI Exchange Green Bond Index,Exchange Green Bond,,,,137.59,0.05,0.04,0.0,0.0,318.0,,2024-02-08,中证交易所绿色债券指数
2024-02-08,931147,中证交易所高等级绿色债券指数,交易所高等级绿色债,CSI Exchange High Grade Green Bond Index,Exchange High Grade Green Bond,,,,137.52,0.05,0.04,0.0,0.0,279.0,,2024-02-08,中证交易所高等级绿色债券指数
2024-02-08,931145,中证绿色债券指数,中证绿色债,CSI Green Bond Index,CSI Green Bond,,,,132.9,0.04,0.03,0.0,0.0,886.0,,2024-02-08,中证绿色债券指数
2024-02-19,930951,中证交易所绿色债券指数,交易所绿色债,CSI Exchange Green Bond Index,Exchange Green Bond,,,,137.71,0.12,0.09,0.0,0.0,318.0,,2024-02-19,中证交易所绿色债券指数
2024-02-19,931147,中证交易所高等级绿色债券指数,交易所高等级绿色债,CSI Exchange High Grade Green Bond Index,Exchange High Grade Green Bond,,,,137.63,0.12,0.08,0.0,0.0,279.0,,2024-02-19,中证交易所高等级绿色债券指数
2024-02-19,931145,中证绿色债券指数,中证绿色债,CSI Green Bond Index,CSI Green Bond,,,,133.02,0.12,0.09,0.0,0.0,886.0,,2024-02-19,中证绿色债券指数
2024-02-20,930951,中证交易所绿色债券指数,交易所绿色债,CSI Exchange Green Bond Index,Exchange Green Bond,,,,137.76,0.05,0.03,0.0,0.0,318.0,,2024-02-20,中证交易所绿色债券指数
2024-02-20,931147,中证交易所高等级绿色债券指数,交易所高等级绿色债,CSI Exchange High Grade Green Bond Index,Exchange High Grade Green Bond,,,,137.68,0.05,0.04,0.0,0.0,279.0,,2024-02-20,中证交易所高等级绿色债券指数
2024-02-20,931145,中证绿色债券指数,中证绿色债,CSI Green Bond Index,CSI Green Bond,,,,133.07,0.05,0.04,0.0,0.0,886.0,,2024-02-20,中证绿色债券指数
2024-02-21,930951,中证交易所绿色债券指数,交易所绿色债,CSI Exchange Green Bond Index,Exchange Green Bond,,,,137.8,0.05,0.03,0.0,0.0,318.0,,2024-02-21,中证交易所绿色债券指数
2024-02-21,931147,中证交易所高等级绿色债券指数,交易所高等级绿色债,CSI Exchange High Grade Green Bond Index,Exchange High Grade Green Bond,,,,137.72,0.04,0.03,0.0,0.0,279.0,,2024-02-21,中证交易所高等级绿色债券指数
2024-02-21,931145,中证绿色债券指数,中证绿色债,CSI Green Bond Index,CSI Green Bond,,,,133.12,0.05,0.04,0.0,0.0,886.0,,2024-02-21,中证绿色债券指数
2024-02-22,930951,中证交易所绿色债券指数,交易所绿色债,CSI Exchange Green Bond Index,Exchange Green Bond,,,,137.85,0.05,0.04,0.0,0.0,318.0,,2024-02-22,中证交易所绿色债券指数
2024-02-22,931147,中证交易所高等级绿色债券指数,交易所高等级绿色债,CSI Exchange High Grade Green Bond Index,Exchange High Grade Green Bond,,,,137.77,0.05,0.04,0.0,0.0,279.0,,2024-02-22,中证交易所高等级绿色债券指数
2024-02-22,931145,中证绿色债券指数,中证绿色债,CSI Green Bond Index,CSI Green Bond,,,,133.17,0.05,0.04,0.0,0.0,886.0,,2024-02-22,中证绿色债券指数
2024-02-23,930951,中证交易所绿色债券指数,交易所绿色债,CSI Exchange Green Bond Index,Exchange Green Bond,,,,137.94,0.09,0.06,0.0,0.0,318.0,,2024-02-23,中证交易所绿色债券指数
2024-02-23,931147,中证交易所高等级绿色债券指数,交易所高等级绿色债,CSI Exchange High Grade Green Bond Index,Exchange High Grade Green Bond,,,,137.86,0.09,0.06,0.0,0.0,279.0,,2024-02-23,中证交易所高等级绿色债券指数
2024-02-23,931145,中证绿色债券指数,中证绿色债,CSI Green Bond Index,CSI Green Bond,,,,133.23,0.07,0.05,0.0,0.0,886.0,,2024-02-23,中证绿色债券指数
2024-02-26,930951,中证交易所绿色债券指数,交易所绿色债,CSI Exchange Green Bond Index,Exchange Green Bond,,,,138.01,0.07,0.05,0.0,0.0,318.0,,2024-02-26,中证交易所绿色债券指数
2024-02-26,931147,中证交易所高等级绿色债券指数,交易所高等级绿色债,CSI Exchange High Grade Green Bond Index,Exchange High Grade Green Bond,,,,137.93,0.07,0.05,0.0,0.0,279.0,,2024-02-26,中证交易所高等级绿色债券指数
2024-02-26,931145,中证绿色债券指数,中证绿色债,CSI Green Bond Index,CSI Green Bond,,,,133.29,0.06,0.04,0.0,0.0,886.0,,2024-02-26,中证绿色债券指数
2024-02-27,930951,中证交易所绿色债券指数,交易所绿色债,CSI Exchange Green Bond Index,Exchange Green Bond,,,,138.08,0.07,0.05,0.0,0.0,318.0,,2024-02-27,中证交易所绿色债券指数
2024-02-27,931147,中证交易所高等级绿色债券指数,交易所高等级绿色债,CSI Exchange High Grade Green Bond Index,Exchange High Grade Green Bond,,,,138.0,0.07,0.05,0.0,0.0,279.0,,2024-02-27,中证交易所高等级绿色债券指数
2024-02-27,931145,中证绿色债券指数,中证绿色债,CSI Green Bond Index,CSI Green Bond,,,,133.34,0.05,0.04,0.0,0.0,886.0,,2024-02-27,中证绿色债券指数
2024-02-28,930951,中证交易所绿色债券指数,交易所绿色债,CSI Exchange Green Bond Index,Exchange Green Bond,,,,138.11,0.03,0.02,0.0,0.0,318.0,,2024-02-28,中证交易所绿色债券指数
2024-02-28,931147,中证交易所高等级绿色债券指数,交易所高等级绿色债,CSI Exchange High Grade Green Bond Index,Exchange High Grade Green Bond,,,,138.03,0.03,0.02,0.0,0.0,279.0,,2024-02-28,中证交易所高等级绿色债券指数
2024-02-28,931145,中证绿色债券指数,中证绿色债,CSI Green Bond Index,CSI Green Bond,,,,133.36,0.02,0.02,0.0,0.0,886.0,,2024-02-28,中证绿色债券指数
2024-02-29,930951,中证交易所绿色债券指数,交易所绿色债,CSI Exchange Green Bond Index,Exchange Green Bond,,,,138.15,0.04,0.03,0.0,0.0,318.0,,2024-02-29,中证交易所绿色债券指数
2024-02-29,931147,中证交易所高等级绿色债券指数,交易所高等级绿色债,CSI Exchange High Grade Green Bond Index,Exchange High Grade Green Bond,,,,138.07,0.04,0.03,0.0,0.0,279.0,,2024-02-29,中证交易所高等级绿色债券指数
2024-02-29,931145,中证绿色债券指数,中证绿色债,CSI Green Bond Index,CSI Green Bond,,,,133.38,0.03,0.02,0.0,0.0,886.0,,2024-02-29,中证绿色债券指数
2024-03-01,930951,中证交易所绿色债券指数,交易所绿色债,CSI Exchange Green Bond Index,Exchange Green Bond,,,,138.17,0.02,0.01,0.0,0.0,309.0,,2024-03-01,中证交易所绿色债券指数
2024-03-01,931147,中证交易所高等级绿色债券指数,交易所高等级绿色债,CSI Exchange High Grade Green Bond Index,Exchange High Grade Green Bond,,,,138.08,0.02,0.01,0.0,0.0,271.0,,2024-03-01,中证交易所高等级绿色债券指数
2024-03-01,931145,中证绿色债券指数,中证绿色债,CSI Green Bond Index,CSI Green Bond,,,,133.38,-0.01,0.0,0.0,0.0,871.0,,2024-03-01,中证绿色债券指数
2024-03-04,930951,中证交易所绿色债券指数,交易所绿色债,CSI Exchange Green Bond Index,Exchange Green Bond,,,,138.17,0.0,0.0,0.0,0.0,309.0,,2024-03-04,中证交易所绿色债券指数
2024-03-04,931147,中证交易所高等级绿色债券指数,交易所高等级绿色债,CSI Exchange High Grade Green Bond Index,Exchange High Grade Green Bond,,,,138.08,-0.01,0.0,0.0,0.0,271.0,,2024-03-04,中证交易所高等级绿色债券指数
2024-03-04,931145,中证绿色债券指数,中证绿色债,CSI Green Bond Index,CSI Green Bond,,,,133.38,0.0,0.0,0.0,0.0,871.0,,2024-03-04,中证绿色债券指数
2024-03-05,930951,中证交易所绿色债券指数,交易所绿色债,CSI Exchange Green Bond Index,Exchange Green Bond,,,,138.2,0.03,0.02,0.0,0.0,309.0,,2024-03-05,中证交易所绿色债券指数
2024-03-05,931147,中证交易所高等级绿色债券指数,交易所高等级绿色债,CSI Exchange High Grade Green Bond Index,Exchange High Grade Green Bond,,,,138.11,0.03,0.02,0.0,0.0,271.0,,2024-03-05,中证交易所高等级绿色债券指数
2024-03-05,931145,中证绿色债券指数,中证绿色债,CSI Green Bond Index,CSI Green Bond,,,,133.37,0.0,0.0,0.0,0.0,871.0,,2024-03-05,中证绿色债券指数
2024-03-06,930951,中证交易所绿色债券指数,交易所绿色债,CSI Exchange Green Bond Index,Exchange Green Bond,,,,138.23,0.04,0.03,0.0,0.0,309.0,,2024-03-06,中证交易所绿色债券指数
2024-03-06,931147,中证交易所高等级绿色债券指数,交易所高等级绿色债,CSI Exchange High Grade Green Bond Index,Exchange High Grade Green Bond,,,,138.15,0.04,0.03,0.0,0.0,271.0,,2024-03-06,中证交易所高等级绿色债券指数
2024-03-06,931145,中证绿色债券指数,中证绿色债,CSI Green Bond Index,CSI Green Bond,,,,133.39,0.02,0.01,0.0,0.0,871.0,,2024-03-06,中证绿色债券指数
2024-03-07,930951,中证交易所绿色债券指数,交易所绿色债,CSI Exchange Green Bond Index,Exchange Green Bond,,,,138.28,0.04,0.03,0.0,0.0,309.0,,2024-03-07,中证交易所绿色债券指数
2024-03-07,931147,中证交易所高等级绿色债券指数,交易所高等级绿色债,CSI Exchange High Grade Green Bond Index,Exchange High Grade Green Bond,,,,138.19,0.04,0.03,0.0,0.0,271.0,,2024-03-07,中证交易所高等级绿色债券指数
2024-03-07,931145,中证绿色债券指数,中证绿色债,CSI Green Bond Index,CSI Green Bond,,,,133.42,0.03,0.02,0.0,0.0,871.0,,2024-03-07,中证绿色债券指数
2024-03-08,930951,中证交易所绿色债券指数,交易所绿色债,CSI Exchange Green Bond Index,Exchange Green Bond,,,,138.29,0.01,0.01,0.0,0.0,309.0,,2024-03-08,中证交易所绿色债券指数
2024-03-08,931147,中证交易所高等级绿色债券指数,交易所高等级绿色债,CSI Exchange High Grade Green Bond Index,Exchange High Grade Green Bond,,,,138.2,0.01,0.01,0.0,0.0,271.0,,2024-03-08,中证交易所高等级绿色债券指数
2024-03-08,931145,中证绿色债券指数,中证绿色债,CSI Green Bond Index,CSI Green Bond,,,,133.42,0.0,0.0,0.0,0.0,871.0,,2024-03-08,中证绿色债券指数
2024-03-11,930951,中证交易所绿色债券指数,交易所绿色债,CSI Exchange Green Bond Index,Exchange Green Bond,,,,138.32,0.03,0.02,0.0,0.0,308.0,,2024-03-11,中证交易所绿色债券指数
2024-03-11,931147,中证交易所高等级绿色债券指数,交易所高等级绿色债,CSI Exchange High Grade Green Bond Index,Exchange High Grade Green Bond,,,,138.23,0.03,0.02,0.0,0.0,270.0,,2024-03-11,中证交易所高等级绿色债券指数
2024-03-11,931145,中证绿色债券指数,中证绿色债,CSI Green Bond Index,CSI Green Bond,,,,133.43,0.01,0.01,0.0,0.0,870.0,,2024-03-11,中证绿色债券指数
2024-03-12,930951,中证交易所绿色债券指数,交易所绿色债,CSI Exchange Green Bond Index,Exchange Green Bond,,,,138.29,-0.03,-0.02,0.0,0.0,308.0,,2024-03-12,中证交易所绿色债券指数
2024-03-12,931147,中证交易所高等级绿色债券指数,交易所高等级绿色债,CSI Exchange High Grade Green Bond Index,Exchange High Grade Green Bond,,,,138.2,-0.04,-0.03,0.0,0.0,270.0,,2024-03-12,中证交易所高等级绿色债券指数
2024-03-12,931145,中证绿色债券指数,中证绿色债,CSI Green Bond Index,CSI Green Bond,,,,133.4,-0.03,-0.02,0.0,0.0,870.0,,2024-03-12,中证绿色债券指数
2024-03-13,930951,中证交易所绿色债券指数,交易所绿色债,CSI Exchange Green Bond Index,Exchange Green Bond,,,,138.21,-0.08,-0.06,0.0,0.0,308.0,,2024-03-13,中证交易所绿色债券指数
2024-03-13,931147,中证交易所高等级绿色债券指数,交易所高等级绿色债,CSI Exchange High Grade Green Bond Index,Exchange High Grade Green Bond,,,,138.12,-0.08,-0.06,0.0,0.0,270.0,,2024-03-13,中证交易所高等级绿色债券指数
2024-03-13,931145,中证绿色债券指数,中证绿色债,CSI Green Bond Index,CSI Green Bond,,,,133.33,-0.06,-0.05,0.0,0.0,870.0,,2024-03-13,中证绿色债券指数
2024-03-14,930951,中证交易所绿色债券指数,交易所绿色债,CSI Exchange Green Bond Index,Exchange Green Bond,,,,138.17,-0.04,-0.03,0.0,0.0,308.0,,2024-03-14,中证交易所绿色债券指数
2024-03-14,931147,中证交易所高等级绿色债券指数,交易所高等级绿色债,CSI Exchange High Grade Green Bond Index,Exchange High Grade Green Bond,,,,138.08,-0.04,-0.03,0.0,0.0,270.0,,2024-03-14,中证交易所高等级绿色债券指数
2024-03-14,931145,中证绿色债券指数,中证绿色债,CSI Green Bond Index,CSI Green Bond,,,,133.29,-0.04,-0.03,0.0,0.0,870.0,,2024-03-14,中证绿色债券指数
2024-03-15,930951,中证交易所绿色债券指数,交易所绿色债,CSI Exchange Green Bond Index,Exchange Green Bond,,,,138.17,0.0,0.0,0.0,0.0,308.0,,2024-03-15,中证交易所绿色债券指数
2024-03-15,931147,中证交易所高等级绿色债券指数,交易所高等级绿色债,CSI Exchange High Grade Green Bond Index,Exchange High Grade Green Bond,,,,138.08,0.0,0.0,0.0,0.0,270.0,,2024-03-15,中证交易所高等级绿色债券指数
2024-03-15,931145,中证绿色债券指数,中证绿色债,CSI Green Bond Index,CSI Green Bond,,,,133.29,0.0,0.0,0.0,0.0,870.0,,2024-03-15,中证绿色债券指数
2024-03-18,930951,中证交易所绿色债券指数,交易所绿色债,CSI Exchange Green Bond Index,Exchange Green Bond,,,,138.23,0.06,0.04,0.0,0.0,308.0,,2024-03-18,中证交易所绿色债券指数
2024-03-18,931147,中证交易所高等级绿色债券指数,交易所高等级绿色债,CSI Exchange High Grade Green Bond Index,Exchange High Grade Green Bond,,,,138.14,0.06,0.04,0.0,0.0,270.0,,2024-03-18,中证交易所高等级绿色债券指数
2024-03-18,931145,中证绿色债券指数,中证绿色债,CSI Green Bond Index,CSI Green Bond,,,,133.33,0.04,0.03,0.0,0.0,870.0,,2024-03-18,中证绿色债券指数
2024-03-19,930951,中证交易所绿色债券指数,交易所绿色债,CSI Exchange Green Bond Index,Exchange Green Bond,,,,138.28,0.04,0.03,0.0,0.0,308.0,,2024-03-19,中证交易所绿色债券指数
2024-03-19,931147,中证交易所高等级绿色债券指数,交易所高等级绿色债,CSI Exchange High Grade Green Bond Index,Exchange High Grade Green Bond,,,,138.18,0.04,0.03,0.0,0.0,270.0,,2024-03-19,中证交易所高等级绿色债券指数
2024-03-19,931145,中证绿色债券指数,中证绿色债,CSI Green Bond Index,CSI Green Bond,,,,133.37,0.04,0.03,0.0,0.0,870.0,,2024-03-19,中证绿色债券指数
2024-03-20,930951,中证交易所绿色债券指数,交易所绿色债,CSI Exchange Green Bond Index,Exchange Green Bond,,,,138.29,0.01,0.01,0.0,0.0,308.0,,2024-03-20,中证交易所绿色债券指数
2024-03-20,931147,中证交易所高等级绿色债券指数,交易所高等级绿色债,CSI Exchange High Grade Green Bond Index,Exchange High Grade Green Bond,,,,138.2,0.01,0.01,0.0,0.0,270.0,,2024-03-20,中证交易所高等级绿色债券指数
2024-03-20,931145,中证绿色债券指数,中证绿色债,CSI Green Bond Index,CSI Green Bond,,,,133.38,0.01,0.01,0.0,0.0,870.0,,2024-03-20,中证绿色债券指数
2024-03-21,930951,中证交易所绿色债券指数,交易所绿色债,CSI Exchange Green Bond Index,Exchange Green Bond,,,,138.32,0.03,0.02,0.0,0.0,308.0,,2024-03-21,中证交易所绿色债券指数
2024-03-21,931147,中证交易所高等级绿色债券指数,交易所高等级绿色债,CSI Exchange High Grade Green Bond Index,Exchange High Grade Green Bond,,,,138.23,0.03,0.02,0.0,0.0,270.0,,2024-03-21,中证交易所高等级绿色债券指数
2024-03-21,931145,中证绿色债券指数,中证绿色债,CSI Green Bond Index,CSI Green Bond,,,,133.41,0.03,0.02,0.0,0.0,870.0,,2024-03-21,中证绿色债券指数
2024-03-22,930951,中证交易所绿色债券指数,交易所绿色债,CSI Exchange Green Bond Index,Exchange Green Bond,,,,138.32,0.01,0.0,0.0,0.0,308.0,,2024-03-22,中证交易所绿色债券指数
2024-03-22,931147,中证交易所高等级绿色债券指数,交易所高等级绿色债,CSI Exchange High Grade Green Bond Index,Exchange High Grade Green Bond,,,,138.23,0.0,0.0,0.0,0.0,270.0,,2024-03-22,中证交易所高等级绿色债券指数
2024-03-22,931145,中证绿色债券指数,中证绿色债,CSI Green Bond Index,CSI Green Bond,,,,133.42,0.01,0.01,0.0,0.0,870.0,,2024-03-22,中证绿色债券指数
2024-03-25,930951,中证交易所绿色债券指数,交易所绿色债,CSI Exchange Green Bond Index,Exchange Green Bond,,,,138.34,0.02,0.01,0.0,0.0,308.0,,2024-03-25,中证交易所绿色债券指数
2024-03-25,931147,中证交易所高等级绿色债券指数,交易所高等级绿色债,CSI Exchange High Grade Green Bond Index,Exchange High Grade Green Bond,,,,138.25,0.02,0.01,0.0,0.0,270.0,,2024-03-25,中证交易所高等级绿色债券指数
2024-03-25,931145,中证绿色债券指数,中证绿色债,CSI Green Bond Index,CSI Green Bond,,,,133.43,0.01,0.01,0.0,0.0,870.0,,2024-03-25,中证绿色债券指数
2024-03-26,930951,中证交易所绿色债券指数,交易所绿色债,CSI Exchange Green Bond Index,Exchange Green Bond,,,,138.32,-0.03,-0.02,0.0,0.0,308.0,,2024-03-26,中证交易所绿色债券指数
2024-03-26,931147,中证交易所高等级绿色债券指数,交易所高等级绿色债,CSI Exchange High Grade Green Bond Index,Exchange High Grade Green Bond,,,,138.22,-0.03,-0.02,0.0,0.0,270.0,,2024-03-26,中证交易所高等级绿色债券指数
2024-03-26,931145,中证绿色债券指数,中证绿色债,CSI Green Bond Index,CSI Green Bond,,,,133.42,-0.01,-0.01,0.0,0.0,870.0,,2024-03-26,中证绿色债券指数
2024-03-27,930951,中证交易所绿色债券指数,交易所绿色债,CSI Exchange Green Bond Index,Exchange Green Bond,,,,138.34,0.02,0.02,0.0,0.0,308.0,,2024-03-27,中证交易所绿色债券指数
2024-03-27,931147,中证交易所高等级绿色债券指数,交易所高等级绿色债,CSI Exchange High Grade Green Bond Index,Exchange High Grade Green Bond,,,,138.25,0.02,0.02,0.0,0.0,270.0,,2024-03-27,中证交易所高等级绿色债券指数
2024-03-27,931145,中证绿色债券指数,中证绿色债,CSI Green Bond Index,CSI Green Bond,,,,133.44,0.02,0.02,0.0,0.0,870.0,,2024-03-27,中证绿色债券指数
2024-03-28,930951,中证交易所绿色债券指数,交易所绿色债,CSI Exchange Green Bond Index,Exchange Green Bond,,,,138.37,0.03,0.02,0.0,0.0,308.0,,2024-03-28,中证交易所绿色债券指数
2024-03-28,931147,中证交易所高等级绿色债券指数,交易所高等级绿色债,CSI Exchange High Grade Green Bond Index,Exchange High Grade Green Bond,,,,138.27,0.03,0.02,0.0,0.0,270.0,,2024-03-28,中证交易所高等级绿色债券指数
2024-03-28,931145,中证绿色债券指数,中证绿色债,CSI Green Bond Index,CSI Green Bond,,,,133.47,0.03,0.02,0.0,0.0,870.0,,2024-03-28,中证绿色债券指数
2024-03-29,930951,中证交易所绿色债券指数,交易所绿色债,CSI Exchange Green Bond Index,Exchange Green Bond,,,,138.4,0.04,0.03,0.0,0.0,308.0,,2024-03-29,中证交易所绿色债券指数
2024-03-29,931147,中证交易所高等级绿色债券指数,交易所高等级绿色债,CSI Exchange High Grade Green Bond Index,Exchange High Grade Green Bond,,,,138.31,0.04,0.03,0.0,0.0,270.0,,2024-03-29,中证交易所高等级绿色债券指数
2024-03-29,931145,中证绿色债券指数,中证绿色债,CSI Green Bond Index,CSI Green Bond,,,,133.51,0.04,0.03,0.0,0.0,870.0,,2024-03-29,中证绿色债券指数
2024-04-01,930951,中证交易所绿色债券指数,交易所绿色债,CSI Exchange Green Bond Index,Exchange Green Bond,,,,138.46,0.06,0.04,0.0,0.0,306.0,,2024-04-01,中证交易所绿色债券指数
2024-04-01,931147,中证交易所高等级绿色债券指数,交易所高等级绿色债,CSI Exchange High Grade Green Bond Index,Exchange High Grade Green Bond,,,,138.37,0.06,0.04,0.0,0.0,268.0,,2024-04-01,中证交易所高等级绿色债券指数
2024-04-01,931145,中证绿色债券指数,中证绿色债,CSI Green Bond Index,CSI Green Bond,,,,133.54,0.03,0.02,0.0,0.0,880.0,,2024-04-01,中证绿色债券指数
2024-04-02,930951,中证交易所绿色债券指数,交易所绿色债,CSI Exchange Green Bond Index,Exchange Green Bond,,,,138.49,0.03,0.02,0.0,0.0,306.0,,2024-04-02,中证交易所绿色债券指数
2024-04-02,931147,中证交易所高等级绿色债券指数,交易所高等级绿色债,CSI Exchange High Grade Green Bond Index,Exchange High Grade Green Bond,,,,138.39,0.03,0.02,0.0,0.0,268.0,,2024-04-02,中证交易所高等级绿色债券指数
2024-04-02,931145,中证绿色债券指数,中证绿色债,CSI Green Bond Index,CSI Green Bond,,,,133.56,0.02,0.02,0.0,0.0,880.0,,2024-04-02,中证绿色债券指数
2024-04-03,930951,中证交易所绿色债券指数,交易所绿色债,CSI Exchange Green Bond Index,Exchange Green Bond,,,,138.54,0.05,0.04,0.0,0.0,306.0,,2024-04-03,中证交易所绿色债券指数
2024-04-03,931147,中证交易所高等级绿色债券指数,交易所高等级绿色债,CSI Exchange High Grade Green Bond Index,Exchange High Grade Green Bond,,,,138.44,0.05,0.04,0.0,0.0,268.0,,2024-04-03,中证交易所高等级绿色债券指数
2024-04-03,931145,中证绿色债券指数,中证绿色债,CSI Green Bond Index,CSI Green Bond,,,,133.61,0.05,0.04,0.0,0.0,880.0,,2024-04-03,中证绿色债券指数
2024-04-08,930951,中证交易所绿色债券指数,交易所绿色债,CSI Exchange Green Bond Index,Exchange Green Bond,,,,138.65,0.11,0.08,0.0,0.0,306.0,,2024-04-08,中证交易所绿色债券指数
2024-04-08,931147,中证交易所高等级绿色债券指数,交易所高等级绿色债,CSI Exchange High Grade Green Bond Index,Exchange High Grade Green Bond,,,,138.55,0.11,0.08,0.0,0.0,268.0,,2024-04-08,中证交易所高等级绿色债券指数
2024-04-08,931145,中证绿色债券指数,中证绿色债,CSI Green Bond Index,CSI Green Bond,,,,133.7,0.09,0.07,0.0,0.0,880.0,,2024-04-08,中证绿色债券指数
2024-04-09,930951,中证交易所绿色债券指数,交易所绿色债,CSI Exchange Green Bond Index,Exchange Green Bond,,,,138.73,0.08,0.06,0.0,0.0,306.0,,2024-04-09,中证交易所绿色债券指数
2024-04-09,931147,中证交易所高等级绿色债券指数,交易所高等级绿色债,CSI Exchange High Grade Green Bond Index,Exchange High Grade Green Bond,,,,138.63,0.08,0.06,0.0,0.0,268.0,,2024-04-09,中证交易所高等级绿色债券指数
2024-04-09,931145,中证绿色债券指数,中证绿色债,CSI Green Bond Index,CSI Green Bond,,,,133.76,0.06,0.05,0.0,0.0,880.0,,2024-04-09,中证绿色债券指数
2024-04-10,930951,中证交易所绿色债券指数,交易所绿色债,CSI Exchange Green Bond Index,Exchange Green Bond,,,,138.77,0.04,0.03,0.0,0.0,306.0,,2024-04-10,中证交易所绿色债券指数
2024-04-10,931147,中证交易所高等级绿色债券指数,交易所高等级绿色债,CSI Exchange High Grade Green Bond Index,Exchange High Grade Green Bond,,,,138.68,0.04,0.03,0.0,0.0,268.0,,2024-04-10,中证交易所高等级绿色债券指数
2024-04-10,931145,中证绿色债券指数,中证绿色债,CSI Green Bond Index,CSI Green Bond,,,,133.8,0.04,0.03,0.0,0.0,880.0,,2024-04-10,中证绿色债券指数
2024-04-11,930951,中证交易所绿色债券指数,交易所绿色债,CSI Exchange Green Bond Index,Exchange Green Bond,,,,138.84,0.07,0.05,0.0,0.0,306.0,,2024-04-11,中证交易所绿色债券指数
2024-04-11,931147,中证交易所高等级绿色债券指数,交易所高等级绿色债,CSI Exchange High Grade Green Bond Index,Exchange High Grade Green Bond,,,,138.75,0.07,0.05,0.0,0.0,268.0,,2024-04-11,中证交易所高等级绿色债券指数
2024-04-11,931145,中证绿色债券指数,中证绿色债,CSI Green Bond Index,CSI Green Bond,,,,133.84,0.04,0.03,0.0,0.0,880.0,,2024-04-11,中证绿色债券指数
2024-04-12,930951,中证交易所绿色债券指数,交易所绿色债,CSI Exchange Green Bond Index,Exchange Green Bond,,,,138.95,0.11,0.08,0.0,0.0,306.0,,2024-04-12,中证交易所绿色债券指数
2024-04-12,931147,中证交易所高等级绿色债券指数,交易所高等级绿色债,CSI Exchange High Grade Green Bond Index,Exchange High Grade Green Bond,,,,138.86,0.11,0.08,0.0,0.0,268.0,,2024-04-12,中证交易所高等级绿色债券指数
2024-04-12,931145,中证绿色债券指数,中证绿色债,CSI Green Bond Index,CSI Green Bond,,,,133.93,0.09,0.07,0.0,0.0,879.0,,2024-04-12,中证绿色债券指数
2024-04-15,930951,中证交易所绿色债券指数,交易所绿色债,CSI Exchange Green Bond Index,Exchange Green Bond,,,,139.04,0.09,0.06,0.0,0.0,306.0,,2024-04-15,中证交易所绿色债券指数
2024-04-15,931147,中证交易所高等级绿色债券指数,交易所高等级绿色债,CSI Exchange High Grade Green Bond Index,Exchange High Grade Green Bond,,,,138.94,0.09,0.06,0.0,0.0,268.0,,2024-04-15,中证交易所高等级绿色债券指数
2024-04-15,931145,中证绿色债券指数,中证绿色债,CSI Green Bond Index,CSI Green Bond,,,,133.99,0.06,0.04,0.0,0.0,879.0,,2024-04-15,中证绿色债券指数
2024-04-16,930951,中证交易所绿色债券指数,交易所绿色债,CSI Exchange Green Bond Index,Exchange Green Bond,,,,139.08,0.05,0.03,0.0,0.0,306.0,,2024-04-16,中证交易所绿色债券指数
2024-04-16,931147,中证交易所高等级绿色债券指数,交易所高等级绿色债,CSI Exchange High Grade Green Bond Index,Exchange High Grade Green Bond,,,,138.99,0.04,0.03,0.0,0.0,268.0,,2024-04-16,中证交易所高等级绿色债券指数
2024-04-16,931145,中证绿色债券指数,中证绿色债,CSI Green Bond Index,CSI Green Bond,,,,134.0,0.01,0.01,0.0,0.0,879.0,,2024-04-16,中证绿色债券指数
2024-04-17,930951,中证交易所绿色债券指数,交易所绿色债,CSI Exchange Green Bond Index,Exchange Green Bond,,,,139.12,0.04,0.03,0.0,0.0,306.0,,2024-04-17,中证交易所绿色债券指数
2024-04-17,931147,中证交易所高等级绿色债券指数,交易所高等级绿色债,CSI Exchange High Grade Green Bond Index,Exchange High Grade Green Bond,,,,139.03,0.04,0.03,0.0,0.0,268.0,,2024-04-17,中证交易所高等级绿色债券指数
2024-04-17,931145,中证绿色债券指数,中证绿色债,CSI Green Bond Index,CSI Green Bond,,,,134.02,0.02,0.02,0.0,0.0,879.0,,2024-04-17,中证绿色债券指数
2024-04-18,930951,中证交易所绿色债券指数,交易所绿色债,CSI Exchange Green Bond Index,Exchange Green Bond,,,,139.18,0.06,0.05,0.0,0.0,306.0,,2024-04-18,中证交易所绿色债券指数
2024-04-18,931147,中证交易所高等级绿色债券指数,交易所高等级绿色债,CSI Exchange High Grade Green Bond Index,Exchange High Grade Green Bond,,,,139.09,0.06,0.05,0.0,0.0,268.0,,2024-04-18,中证交易所高等级绿色债券指数
2024-04-18,931145,中证绿色债券指数,中证绿色债,CSI Green Bond Index,CSI Green Bond,,,,134.06,0.04,0.03,0.0,0.0,879.0,,2024-04-18,中证绿色债券指数
2024-04-19,930951,中证交易所绿色债券指数,交易所绿色债,CSI Exchange Green Bond Index,Exchange Green Bond,,,,139.29,0.11,0.08,0.0,0.0,305.0,,2024-04-19,中证交易所绿色债券指数
2024-04-19,931147,中证交易所高等级绿色债券指数,交易所高等级绿色债,CSI Exchange High Grade Green Bond Index,Exchange High Grade Green Bond,,,,139.2,0.11,0.08,0.0,0.0,267.0,,2024-04-19,中证交易所高等级绿色债券指数
2024-04-19,931145,中证绿色债券指数,中证绿色债,CSI Green Bond Index,CSI Green Bond,,,,134.12,0.06,0.04,0.0,0.0,878.0,,2024-04-19,中证绿色债券指数
2024-04-22,930951,中证交易所绿色债券指数,交易所绿色债,CSI Exchange Green Bond Index,Exchange Green Bond,,,,139.39,0.1,0.07,0.0,0.0,305.0,,2024-04-22,中证交易所绿色债券指数
2024-04-22,931147,中证交易所高等级绿色债券指数,交易所高等级绿色债,CSI Exchange High Grade Green Bond Index,Exchange High Grade Green Bond,,,,139.3,0.1,0.07,0.0,0.0,267.0,,2024-04-22,中证交易所高等级绿色债券指数
2024-04-22,931145,中证绿色债券指数,中证绿色债,CSI Green Bond Index,CSI Green Bond,,,,134.19,0.07,0.05,0.0,0.0,878.0,,2024-04-22,中证绿色债券指数
2024-04-23,930951,中证交易所绿色债券指数,交易所绿色债,CSI Exchange Green Bond Index,Exchange Green Bond,,,,139.48,0.09,0.07,0.0,0.0,305.0,,2024-04-23,中证交易所绿色债券指数
2024-04-23,931147,中证交易所高等级绿色债券指数,交易所高等级绿色债,CSI Exchange High Grade Green Bond Index,Exchange High Grade Green Bond,,,,139.39,0.09,0.07,0.0,0.0,267.0,,2024-04-23,中证交易所高等级绿色债券指数
2024-04-23,931145,中证绿色债券指数,中证绿色债,CSI Green Bond Index,CSI Green Bond,,,,134.26,0.07,0.05,0.0,0.0,878.0,,2024-04-23,中证绿色债券指数
2024-04-24,930951,中证交易所绿色债券指数,交易所绿色债,CSI Exchange Green Bond Index,Exchange Green Bond,,,,139.5,0.02,0.01,0.0,0.0,305.0,,2024-04-24,中证交易所绿色债券指数
2024-04-24,931147,中证交易所高等级绿色债券指数,交易所高等级绿色债,CSI Exchange High Grade Green Bond Index,Exchange High Grade Green Bond,,,,139.41,0.02,0.02,0.0,0.0,267.0,,2024-04-24,中证交易所高等级绿色债券指数
2024-04-24,931145,中证绿色债券指数,中证绿色债,CSI Green Bond Index,CSI Green Bond,,,,134.23,-0.02,-0.02,0.0,0.0,878.0,,2024-04-24,中证绿色债券指数
2024-04-25,930951,中证交易所绿色债券指数,交易所绿色债,CSI Exchange Green Bond Index,Exchange Green Bond,,,,139.44,-0.05,-0.04,0.0,0.0,305.0,,2024-04-25,中证交易所绿色债券指数
2024-04-25,931147,中证交易所高等级绿色债券指数,交易所高等级绿色债,CSI Exchange High Grade Green Bond Index,Exchange High Grade Green Bond,,,,139.36,-0.05,-0.04,0.0,0.0,267.0,,2024-04-25,中证交易所高等级绿色债券指数
2024-04-25,931145,中证绿色债券指数,中证绿色债,CSI Green Bond Index,CSI Green Bond,,,,134.18,-0.05,-0.04,0.0,0.0,878.0,,2024-04-25,中证绿色债券指数
2024-04-26,930951,中证交易所绿色债券指数,交易所绿色债,CSI Exchange Green Bond Index,Exchange Green Bond,,,,139.41,-0.03,-0.02,0.0,0.0,305.0,,2024-04-26,中证交易所绿色债券指数
2024-04-26,931147,中证交易所高等级绿色债券指数,交易所高等级绿色债,CSI Exchange High Grade Green Bond Index,Exchange High Grade Green Bond,,,,139.33,-0.03,-0.02,0.0,0.0,267.0,,2024-04-26,中证交易所高等级绿色债券指数
2024-04-26,931145,中证绿色债券指数,中证绿色债,CSI Green Bond Index,CSI Green Bond,,,,134.14,-0.04,-0.03,0.0,0.0,878.0,,2024-04-26,中证绿色债券指数
2024-04-29,930951,中证交易所绿色债券指数,交易所绿色债,CSI Exchange Green Bond Index,Exchange Green Bond,,,,139.22,-0.19,-0.14,0.0,0.0,305.0,,2024-04-29,中证交易所绿色债券指数
2024-04-29,931147,中证交易所高等级绿色债券指数,交易所高等级绿色债,CSI Exchange High Grade Green Bond Index,Exchange High Grade Green Bond,,,,139.13,-0.2,-0.14,0.0,0.0,267.0,,2024-04-29,中证交易所高等级绿色债券指数
2024-04-29,931145,中证绿色债券指数,中证绿色债,CSI Green Bond Index,CSI Green Bond,,,,133.98,-0.16,-0.12,0.0,0.0,878.0,,2024-04-29,中证绿色债券指数
2024-04-30,930951,中证交易所绿色债券指数,交易所绿色债,CSI Exchange Green Bond Index,Exchange Green Bond,,,,139.15,-0.07,-0.05,0.0,0.0,305.0,,2024-04-30,中证交易所绿色债券指数
2024-04-30,931147,中证交易所高等级绿色债券指数,交易所高等级绿色债,CSI Exchange High Grade Green Bond Index,Exchange High Grade Green Bond,,,,139.06,-0.07,-0.05,0.0,0.0,267.0,,2024-04-30,中证交易所高等级绿色债券指数
2024-04-30,931145,中证绿色债券指数,中证绿色债,CSI Green Bond Index,CSI Green Bond,,,,133.94,-0.04,-0.03,0.0,0.0,878.0,,2024-04-30,中证绿色债券指数
2024-05-06,930951,中证交易所绿色债券指数,交易所绿色债,CSI Exchange Green Bond Index,Exchange Green Bond,,,,139.29,0.14,0.1,0.0,0.0,307.0,,2024-05-06,中证交易所绿色债券指数
2024-05-06,931147,中证交易所高等级绿色债券指数,交易所高等级绿色债,CSI Exchange High Grade Green Bond Index,Exchange High Grade Green Bond,,,,139.2,0.14,0.1,0.0,0.0,268.0,,2024-05-06,中证交易所高等级绿色债券指数
2024-05-06,931145,中证绿色债券指数,中证绿色债,CSI Green Bond Index,CSI Green Bond,,,,134.07,0.13,0.1,0.0,0.0,893.0,,2024-05-06,中证绿色债券指数
2024-05-07,930951,中证交易所绿色债券指数,交易所绿色债,CSI Exchange Green Bond Index,Exchange Green Bond,,,,139.39,0.1,0.07,0.0,0.0,307.0,,2024-05-07,中证交易所绿色债券指数
2024-05-07,931147,中证交易所高等级绿色债券指数,交易所高等级绿色债,CSI Exchange High Grade Green Bond Index,Exchange High Grade Green Bond,,,,139.3,0.1,0.07,0.0,0.0,268.0,,2024-05-07,中证交易所高等级绿色债券指数
2024-05-07,931145,中证绿色债券指数,中证绿色债,CSI Green Bond Index,CSI Green Bond,,,,134.18,0.1,0.08,0.0,0.0,893.0,,2024-05-07,中证绿色债券指数
2024-05-08,930951,中证交易所绿色债券指数,交易所绿色债,CSI Exchange Green Bond Index,Exchange Green Bond,,,,139.48,0.08,0.06,0.0,0.0,307.0,,2024-05-08,中证交易所绿色债券指数
2024-05-08,931147,中证交易所高等级绿色债券指数,交易所高等级绿色债,CSI Exchange High Grade Green Bond Index,Exchange High Grade Green Bond,,,,139.39,0.09,0.06,0.0,0.0,268.0,,2024-05-08,中证交易所高等级绿色债券指数
2024-05-08,931145,中证绿色债券指数,中证绿色债,CSI Green Bond Index,CSI Green Bond,,,,134.24,0.06,0.05,0.0,0.0,893.0,,2024-05-08,中证绿色债券指数
2024-05-09,930951,中证交易所绿色债券指数,交易所绿色债,CSI Exchange Green Bond Index,Exchange Green Bond,,,,139.49,0.01,0.01,0.0,0.0,307.0,,2024-05-09,中证交易所绿色债券指数
2024-05-09,931147,中证交易所高等级绿色债券指数,交易所高等级绿色债,CSI Exchange High Grade Green Bond Index,Exchange High Grade Green Bond,,,,139.4,0.01,0.01,0.0,0.0,268.0,,2024-05-09,中证交易所高等级绿色债券指数
2024-05-09,931145,中证绿色债券指数,中证绿色债,CSI Green Bond Index,CSI Green Bond,,,,134.24,0.0,0.0,0.0,0.0,893.0,,2024-05-09,中证绿色债券指数
2024-05-10,930951,中证交易所绿色债券指数,交易所绿色债,CSI Exchange Green Bond Index,Exchange Green Bond,,,,139.49,0.0,0.0,0.0,0.0,307.0,,2024-05-10,中证交易所绿色债券指数
2024-05-10,931147,中证交易所高等级绿色债券指数,交易所高等级绿色债,CSI Exchange High Grade Green Bond Index,Exchange High Grade Green Bond,,,,139.4,0.0,0.0,0.0,0.0,268.0,,2024-05-10,中证交易所高等级绿色债券指数
2024-05-10,931145,中证绿色债券指数,中证绿色债,CSI Green Bond Index,CSI Green Bond,,,,134.24,0.0,0.0,0.0,0.0,893.0,,2024-05-10,中证绿色债券指数
2024-05-13,930951,中证交易所绿色债券指数,交易所绿色债,CSI Exchange Green Bond Index,Exchange Green Bond,,,,139.52,0.03,0.02,0.0,0.0,307.0,,2024-05-13,中证交易所绿色债券指数
2024-05-13,931147,中证交易所高等级绿色债券指数,交易所高等级绿色债,CSI Exchange High Grade Green Bond Index,Exchange High Grade Green Bond,,,,139.43,0.03,0.02,0.0,0.0,268.0,,2024-05-13,中证交易所高等级绿色债券指数
2024-05-13,931145,中证绿色债券指数,中证绿色债,CSI Green Bond Index,CSI Green Bond,,,,134.26,0.03,0.02,0.0,0.0,893.0,,2024-05-13,中证绿色债券指数
2024-05-14,930951,中证交易所绿色债券指数,交易所绿色债,CSI Exchange Green Bond Index,Exchange Green Bond,,,,139.61,0.08,0.06,0.0,0.0,307.0,,2024-05-14,中证交易所绿色债券指数
2024-05-14,931147,中证交易所高等级绿色债券指数,交易所高等级绿色债,CSI Exchange High Grade Green Bond Index,Exchange High Grade Green Bond,,,,139.51,0.09,0.06,0.0,0.0,268.0,,2024-05-14,中证交易所高等级绿色债券指数
2024-05-14,931145,中证绿色债券指数,中证绿色债,CSI Green Bond Index,CSI Green Bond,,,,134.34,0.08,0.06,0.0,0.0,893.0,,2024-05-14,中证绿色债券指数
2024-05-15,930951,中证交易所绿色债券指数,交易所绿色债,CSI Exchange Green Bond Index,Exchange Green Bond,,,,139.64,0.04,0.03,0.0,0.0,307.0,,2024-05-15,中证交易所绿色债券指数
2024-05-15,931147,中证交易所高等级绿色债券指数,交易所高等级绿色债,CSI Exchange High Grade Green Bond Index,Exchange High Grade Green Bond,,,,139.55,0.03,0.02,0.0,0.0,268.0,,2024-05-15,中证交易所高等级绿色债券指数
2024-05-15,931145,中证绿色债券指数,中证绿色债,CSI Green Bond Index,CSI Green Bond,,,,134.38,0.04,0.03,0.0,0.0,893.0,,2024-05-15,中证绿色债券指数
2024-05-16,930951,中证交易所绿色债券指数,交易所绿色债,CSI Exchange Green Bond Index,Exchange Green Bond,,,,139.66,0.02,0.01,0.0,0.0,307.0,,2024-05-16,中证交易所绿色债券指数
2024-05-16,931147,中证交易所高等级绿色债券指数,交易所高等级绿色债,CSI Exchange High Grade Green Bond Index,Exchange High Grade Green Bond,,,,139.56,0.02,0.01,0.0,0.0,268.0,,2024-05-16,中证交易所高等级绿色债券指数
2024-05-16,931145,中证绿色债券指数,中证绿色债,CSI Green Bond Index,CSI Green Bond,,,,134.4,0.02,0.02,0.0,0.0,893.0,,2024-05-16,中证绿色债券指数
2024-05-17,930951,中证交易所绿色债券指数,交易所绿色债,CSI Exchange Green Bond Index,Exchange Green Bond,,,,139.64,-0.02,-0.02,0.0,0.0,307.0,,2024-05-17,中证交易所绿色债券指数
2024-05-17,931147,中证交易所高等级绿色债券指数,交易所高等级绿色债,CSI Exchange High Grade Green Bond Index,Exchange High Grade Green Bond,,,,139.54,-0.02,-0.02,0.0,0.0,268.0,,2024-05-17,中证交易所高等级绿色债券指数
2024-05-17,931145,中证绿色债券指数,中证绿色债,CSI Green Bond Index,CSI Green Bond,,,,134.39,-0.01,0.0,0.0,0.0,893.0,,2024-05-17,中证绿色债券指数
2024-05-20,930951,中证交易所绿色债券指数,交易所绿色债,CSI Exchange Green Bond Index,Exchange Green Bond,,,,139.69,0.05,0.04,0.0,0.0,307.0,,2024-05-20,中证交易所绿色债券指数
2024-05-20,931147,中证交易所高等级绿色债券指数,交易所高等级绿色债,CSI Exchange High Grade Green Bond Index,Exchange High Grade Green Bond,,,,139.59,0.05,0.04,0.0,0.0,268.0,,2024-05-20,中证交易所高等级绿色债券指数
2024-05-20,931145,中证绿色债券指数,中证绿色债,CSI Green Bond Index,CSI Green Bond,,,,134.46,0.07,0.05,0.0,0.0,893.0,,2024-05-20,中证绿色债券指数
2024-05-21,930951,中证交易所绿色债券指数,交易所绿色债,CSI Exchange Green Bond Index,Exchange Green Bond,,,,139.7,0.01,0.0,0.0,0.0,307.0,,2024-05-21,中证交易所绿色债券指数
2024-05-21,931147,中证交易所高等级绿色债券指数,交易所高等级绿色债,CSI Exchange High Grade Green Bond Index,Exchange High Grade Green Bond,,,,139.6,0.0,0.0,0.0,0.0,268.0,,2024-05-21,中证交易所高等级绿色债券指数
2024-05-21,931145,中证绿色债券指数,中证绿色债,CSI Green Bond Index,CSI Green Bond,,,,134.48,0.01,0.01,0.0,0.0,893.0,,2024-05-21,中证绿色债券指数
2024-05-22,930951,中证交易所绿色债券指数,交易所绿色债,CSI Exchange Green Bond Index,Exchange Green Bond,,,,139.73,0.03,0.02,0.0,0.0,307.0,,2024-05-22,中证交易所绿色债券指数
2024-05-22,931147,中证交易所高等级绿色债券指数,交易所高等级绿色债,CSI Exchange High Grade Green Bond Index,Exchange High Grade Green Bond,,,,139.63,0.04,0.03,0.0,0.0,268.0,,2024-05-22,中证交易所高等级绿色债券指数
2024-05-22,931145,中证绿色债券指数,中证绿色债,CSI Green Bond Index,CSI Green Bond,,,,134.51,0.03,0.03,0.0,0.0,893.0,,2024-05-22,中证绿色债券指数
2024-05-23,930951,中证交易所绿色债券指数,交易所绿色债,CSI Exchange Green Bond Index,Exchange Green Bond,,,,139.77,0.04,0.03,0.0,0.0,307.0,,2024-05-23,中证交易所绿色债券指数
2024-05-23,931147,中证交易所高等级绿色债券指数,交易所高等级绿色债,CSI Exchange High Grade Green Bond Index,Exchange High Grade Green Bond,,,,139.67,0.04,0.03,0.0,0.0,268.0,,2024-05-23,中证交易所高等级绿色债券指数
2024-05-23,931145,中证绿色债券指数,中证绿色债,CSI Green Bond Index,CSI Green Bond,,,,134.56,0.05,0.03,0.0,0.0,893.0,,2024-05-23,中证绿色债券指数
2024-05-24,930951,中证交易所绿色债券指数,交易所绿色债,CSI Exchange Green Bond Index,Exchange Green Bond,,,,139.8,0.03,0.02,0.0,0.0,307.0,,2024-05-24,中证交易所绿色债券指数
2024-05-24,931147,中证交易所高等级绿色债券指数,交易所高等级绿色债,CSI Exchange High Grade Green Bond Index,Exchange High Grade Green Bond,,,,139.7,0.03,0.02,0.0,0.0,268.0,,2024-05-24,中证交易所高等级绿色债券指数
2024-05-24,931145,中证绿色债券指数,中证绿色债,CSI Green Bond Index,CSI Green Bond,,,,134.59,0.03,0.02,0.0,0.0,893.0,,2024-05-24,中证绿色债券指数
2024-05-27,930951,中证交易所绿色债券指数,交易所绿色债,CSI Exchange Green Bond Index,Exchange Green Bond,,,,139.83,0.03,0.02,0.0,0.0,307.0,,2024-05-27,中证交易所绿色债券指数
2024-05-27,931147,中证交易所高等级绿色债券指数,交易所高等级绿色债,CSI Exchange High Grade Green Bond Index,Exchange High Grade Green Bond,,,,139.73,0.03,0.02,0.0,0.0,268.0,,2024-05-27,中证交易所高等级绿色债券指数
2024-05-27,931145,中证绿色债券指数,中证绿色债,CSI Green Bond Index,CSI Green Bond,,,,134.61,0.03,0.02,0.0,0.0,893.0,,2024-05-27,中证绿色债券指数
2024-05-28,930951,中证交易所绿色债券指数,交易所绿色债,CSI Exchange Green Bond Index,Exchange Green Bond,,,,139.86,0.03,0.02,0.0,0.0,307.0,,2024-05-28,中证交易所绿色债券指数
2024-05-28,931147,中证交易所高等级绿色债券指数,交易所高等级绿色债,CSI Exchange High Grade Green Bond Index,Exchange High Grade Green Bond,,,,139.76,0.03,0.02,0.0,0.0,268.0,,2024-05-28,中证交易所高等级绿色债券指数
2024-05-28,931145,中证绿色债券指数,中证绿色债,CSI Green Bond Index,CSI Green Bond,,,,134.63,0.02,0.02,0.0,0.0,893.0,,2024-05-28,中证绿色债券指数
2024-05-29,930951,中证交易所绿色债券指数,交易所绿色债,CSI Exchange Green Bond Index,Exchange Green Bond,,,,139.9,0.04,0.03,0.0,0.0,307.0,,2024-05-29,中证交易所绿色债券指数
2024-05-29,931147,中证交易所高等级绿色债券指数,交易所高等级绿色债,CSI Exchange High Grade Green Bond Index,Exchange High Grade Green Bond,,,,139.8,0.04,0.03,0.0,0.0,268.0,,2024-05-29,中证交易所高等级绿色债券指数
2024-05-29,931145,中证绿色债券指数,中证绿色债,CSI Green Bond Index,CSI Green Bond,,,,134.66,0.03,0.02,0.0,0.0,893.0,,2024-05-29,中证绿色债券指数
2024-05-30,930951,中证交易所绿色债券指数,交易所绿色债,CSI Exchange Green Bond Index,Exchange Green Bond,,,,139.96,0.06,0.04,0.0,0.0,307.0,,2024-05-30,中证交易所绿色债券指数
2024-05-30,931147,中证交易所高等级绿色债券指数,交易所高等级绿色债,CSI Exchange High Grade Green Bond Index,Exchange High Grade Green Bond,,,,139.86,0.06,0.04,0.0,0.0,268.0,,2024-05-30,中证交易所高等级绿色债券指数
2024-05-30,931145,中证绿色债券指数,中证绿色债,CSI Green Bond Index,CSI Green Bond,,,,134.69,0.03,0.02,0.0,0.0,893.0,,2024-05-30,中证绿色债券指数
2024-05-31,930951,中证交易所绿色债券指数,交易所绿色债,CSI Exchange Green Bond Index,Exchange Green Bond,,,,139.98,0.02,0.01,0.0,0.0,307.0,,2024-05-31,中证交易所绿色债券指数
2024-05-31,931147,中证交易所高等级绿色债券指数,交易所高等级绿色债,CSI Exchange High Grade Green Bond Index,Exchange High Grade Green Bond,,,,139.88,0.01,0.01,0.0,0.0,268.0,,2024-05-31,中证交易所高等级绿色债券指数
2024-05-31,931145,中证绿色债券指数,中证绿色债,CSI Green Bond Index,CSI Green Bond,,,,134.7,0.01,0.01,0.0,0.0,893.0,,2024-05-31,中证绿色债券指数
2024-06-03,930951,中证交易所绿色债券指数,交易所绿色债,CSI Exchange Green Bond Index,Exchange Green Bond,,,,140.02,0.04,0.03,0.0,0.0,311.0,,2024-06-03,中证交易所绿色债券指数
2024-06-03,931147,中证交易所高等级绿色债券指数,交易所高等级绿色债,CSI Exchange High Grade Green Bond Index,Exchange High Grade Green Bond,,,,139.91,0.04,0.03,0.0,0.0,271.0,,2024-06-03,中证交易所高等级绿色债券指数
2024-06-03,931145,中证绿色债券指数,中证绿色债,CSI Green Bond Index,CSI Green Bond,,,,134.74,0.05,0.03,0.0,0.0,895.0,,2024-06-03,中证绿色债券指数
2024-06-04,930951,中证交易所绿色债券指数,交易所绿色债,CSI Exchange Green Bond Index,Exchange Green Bond,,,,140.05,0.04,0.03,0.0,0.0,311.0,,2024-06-04,中证交易所绿色债券指数
2024-06-04,931147,中证交易所高等级绿色债券指数,交易所高等级绿色债,CSI Exchange High Grade Green Bond Index,Exchange High Grade Green Bond,,,,139.95,0.04,0.03,0.0,0.0,271.0,,2024-06-04,中证交易所高等级绿色债券指数
2024-06-04,931145,中证绿色债券指数,中证绿色债,CSI Green Bond Index,CSI Green Bond,,,,134.77,0.03,0.02,0.0,0.0,895.0,,2024-06-04,中证绿色债券指数
2024-06-05,930951,中证交易所绿色债券指数,交易所绿色债,CSI Exchange Green Bond Index,Exchange Green Bond,,,,140.11,0.06,0.04,0.0,0.0,311.0,,2024-06-05,中证交易所绿色债券指数
2024-06-05,931147,中证交易所高等级绿色债券指数,交易所高等级绿色债,CSI Exchange High Grade Green Bond Index,Exchange High Grade Green Bond,,,,140.01,0.05,0.04,0.0,0.0,271.0,,2024-06-05,中证交易所高等级绿色债券指数
2024-06-05,931145,中证绿色债券指数,中证绿色债,CSI Green Bond Index,CSI Green Bond,,,,134.81,0.04,0.03,0.0,0.0,895.0,,2024-06-05,中证绿色债券指数
2024-06-06,930951,中证交易所绿色债券指数,交易所绿色债,CSI Exchange Green Bond Index,Exchange Green Bond,,,,140.17,0.06,0.04,0.0,0.0,311.0,,2024-06-06,中证交易所绿色债券指数
2024-06-06,931147,中证交易所高等级绿色债券指数,交易所高等级绿色债,CSI Exchange High Grade Green Bond Index,Exchange High Grade Green Bond,,,,140.06,0.06,0.04,0.0,0.0,271.0,,2024-06-06,中证交易所高等级绿色债券指数
2024-06-06,931145,中证绿色债券指数,中证绿色债,CSI Green Bond Index,CSI Green Bond,,,,134.85,0.04,0.03,0.0,0.0,895.0,,2024-06-06,中证绿色债券指数
2024-06-07,930951,中证交易所绿色债券指数,交易所绿色债,CSI Exchange Green Bond Index,Exchange Green Bond,,,,140.2,0.04,0.03,0.0,0.0,311.0,,2024-06-07,中证交易所绿色债券指数
2024-06-07,931147,中证交易所高等级绿色债券指数,交易所高等级绿色债,CSI Exchange High Grade Green Bond Index,Exchange High Grade Green Bond,,,,140.1,0.04,0.03,0.0,0.0,271.0,,2024-06-07,中证交易所高等级绿色债券指数
2024-06-07,931145,中证绿色债券指数,中证绿色债,CSI Green Bond Index,CSI Green Bond,,,,134.89,0.03,0.02,0.0,0.0,895.0,,2024-06-07,中证绿色债券指数
2024-06-11,930951,中证交易所绿色债券指数,交易所绿色债,CSI Exchange Green Bond Index,Exchange Green Bond,,,,140.27,0.07,0.05,0.0,0.0,311.0,,2024-06-11,中证交易所绿色债券指数
2024-06-11,931147,中证交易所高等级绿色债券指数,交易所高等级绿色债,CSI Exchange High Grade Green Bond Index,Exchange High Grade Green Bond,,,,140.17,0.07,0.05,0.0,0.0,271.0,,2024-06-11,中证交易所高等级绿色债券指数
2024-06-11,931145,中证绿色债券指数,中证绿色债,CSI Green Bond Index,CSI Green Bond,,,,134.94,0.06,0.04,0.0,0.0,895.0,,2024-06-11,中证绿色债券指数
2024-06-12,930951,中证交易所绿色债券指数,交易所绿色债,CSI Exchange Green Bond Index,Exchange Green Bond,,,,140.29,0.02,0.02,0.0,0.0,311.0,,2024-06-12,中证交易所绿色债券指数
2024-06-12,931147,中证交易所高等级绿色债券指数,交易所高等级绿色债,CSI Exchange High Grade Green Bond Index,Exchange High Grade Green Bond,,,,140.19,0.02,0.02,0.0,0.0,271.0,,2024-06-12,中证交易所高等级绿色债券指数
2024-06-12,931145,中证绿色债券指数,中证绿色债,CSI Green Bond Index,CSI Green Bond,,,,134.96,0.02,0.02,0.0,0.0,895.0,,2024-06-12,中证绿色债券指数
2024-06-13,930951,中证交易所绿色债券指数,交易所绿色债,CSI Exchange Green Bond Index,Exchange Green Bond,,,,140.31,0.02,0.01,0.0,0.0,311.0,,2024-06-13,中证交易所绿色债券指数
2024-06-13,931147,中证交易所高等级绿色债券指数,交易所高等级绿色债,CSI Exchange High Grade Green Bond Index,Exchange High Grade Green Bond,,,,140.21,0.02,0.01,0.0,0.0,271.0,,2024-06-13,中证交易所高等级绿色债券指数
2024-06-13,931145,中证绿色债券指数,中证绿色债,CSI Green Bond Index,CSI Green Bond,,,,134.97,0.01,0.01,0.0,0.0,895.0,,2024-06-13,中证绿色债券指数
2024-06-14,930951,中证交易所绿色债券指数,交易所绿色债,CSI Exchange Green Bond Index,Exchange Green Bond,,,,140.35,0.04,0.03,0.0,0.0,311.0,,2024-06-14,中证交易所绿色债券指数
2024-06-14,931147,中证交易所高等级绿色债券指数,交易所高等级绿色债,CSI Exchange High Grade Green Bond Index,Exchange High Grade Green Bond,,,,140.25,0.04,0.03,0.0,0.0,271.0,,2024-06-14,中证交易所高等级绿色债券指数
2024-06-14,931145,中证绿色债券指数,中证绿色债,CSI Green Bond Index,CSI Green Bond,,,,134.99,0.03,0.02,0.0,0.0,895.0,,2024-06-14,中证绿色债券指数
2024-06-17,930951,中证交易所绿色债券指数,交易所绿色债,CSI Exchange Green Bond Index,Exchange Green Bond,,,,140.39,0.05,0.03,0.0,0.0,311.0,,2024-06-17,中证交易所绿色债券指数
2024-06-17,931147,中证交易所高等级绿色债券指数,交易所高等级绿色债,CSI Exchange High Grade Green Bond Index,Exchange High Grade Green Bond,,,,140.3,0.05,0.03,0.0,0.0,271.0,,2024-06-17,中证交易所高等级绿色债券指数
2024-06-17,931145,中证绿色债券指数,中证绿色债,CSI Green Bond Index,CSI Green Bond,,,,135.03,0.04,0.03,0.0,0.0,895.0,,2024-06-17,中证绿色债券指数
2024-06-18,930951,中证交易所绿色债券指数,交易所绿色债,CSI Exchange Green Bond Index,Exchange Green Bond,,,,140.42,0.03,0.02,0.0,0.0,311.0,,2024-06-18,中证交易所绿色债券指数
2024-06-18,931147,中证交易所高等级绿色债券指数,交易所高等级绿色债,CSI Exchange High Grade Green Bond Index,Exchange High Grade Green Bond,,,,140.32,0.03,0.02,0.0,0.0,271.0,,2024-06-18,中证交易所高等级绿色债券指数
2024-06-18,931145,中证绿色债券指数,中证绿色债,CSI Green Bond Index,CSI Green Bond,,,,135.05,0.02,0.02,0.0,0.0,895.0,,2024-06-18,中证绿色债券指数
2024-06-19,930951,中证交易所绿色债券指数,交易所绿色债,CSI Exchange Green Bond Index,Exchange Green Bond,,,,140.44,0.02,0.02,0.0,0.0,311.0,,2024-06-19,中证交易所绿色债券指数
2024-06-19,931147,中证交易所高等级绿色债券指数,交易所高等级绿色债,CSI Exchange High Grade Green Bond Index,Exchange High Grade Green Bond,,,,140.35,0.02,0.02,0.0,0.0,271.0,,2024-06-19,中证交易所高等级绿色债券指数
2024-06-19,931145,中证绿色债券指数,中证绿色债,CSI Green Bond Index,CSI Green Bond,,,,135.08,0.02,0.02,0.0,0.0,895.0,,2024-06-19,中证绿色债券指数
2024-06-20,930951,中证交易所绿色债券指数,交易所绿色债,CSI Exchange Green Bond Index,Exchange Green Bond,,,,140.48,0.04,0.03,0.0,0.0,311.0,,2024-06-20,中证交易所绿色债券指数
2024-06-20,931147,中证交易所高等级绿色债券指数,交易所高等级绿色债,CSI Exchange High Grade Green Bond Index,Exchange High Grade Green Bond,,,,140.39,0.04,0.03,0.0,0.0,271.0,,2024-06-20,中证交易所高等级绿色债券指数
2024-06-20,931145,中证绿色债券指数,中证绿色债,CSI Green Bond Index,CSI Green Bond,,,,135.1,0.03,0.02,0.0,0.0,895.0,,2024-06-20,中证绿色债券指数
2024-06-21,930951,中证交易所绿色债券指数,交易所绿色债,CSI Exchange Green Bond Index,Exchange Green Bond,,,,140.49,0.01,0.0,0.0,0.0,311.0,,2024-06-21,中证交易所绿色债券指数
2024-06-21,931147,中证交易所高等级绿色债券指数,交易所高等级绿色债,CSI Exchange High Grade Green Bond Index,Exchange High Grade Green Bond,,,,140.4,0.01,0.0,0.0,0.0,271.0,,2024-06-21,中证交易所高等级绿色债券指数
2024-06-21,931145,中证绿色债券指数,中证绿色债,CSI Green Bond Index,CSI Green Bond,,,,135.1,0.0,0.0,0.0,0.0,895.0,,2024-06-21,中证绿色债券指数
2024-06-24,930951,中证交易所绿色债券指数,交易所绿色债,CSI Exchange Green Bond Index,Exchange Green Bond,,,,140.5,0.01,0.01,0.0,0.0,310.0,,2024-06-24,中证交易所绿色债券指数
2024-06-24,931147,中证交易所高等级绿色债券指数,交易所高等级绿色债,CSI Exchange High Grade Green Bond Index,Exchange High Grade Green Bond,,,,140.4,0.01,0.01,0.0,0.0,270.0,,2024-06-24,中证交易所高等级绿色债券指数
2024-06-24,931145,中证绿色债券指数,中证绿色债,CSI Green Bond Index,CSI Green Bond,,,,135.12,0.02,0.02,0.0,0.0,894.0,,2024-06-24,中证绿色债券指数
2024-06-25,930951,中证交易所绿色债券指数,交易所绿色债,CSI Exchange Green Bond Index,Exchange Green Bond,,,,140.51,0.01,0.01,0.0,0.0,310.0,,2024-06-25,中证交易所绿色债券指数
2024-06-25,931147,中证交易所高等级绿色债券指数,交易所高等级绿色债,CSI Exchange High Grade Green Bond Index,Exchange High Grade Green Bond,,,,140.42,0.01,0.01,0.0,0.0,270.0,,2024-06-25,中证交易所高等级绿色债券指数
2024-06-25,931145,中证绿色债券指数,中证绿色债,CSI Green Bond Index,CSI Green Bond,,,,135.15,0.02,0.02,0.0,0.0,893.0,,2024-06-25,中证绿色债券指数
2024-06-26,930951,中证交易所绿色债券指数,交易所绿色债,CSI Exchange Green Bond Index,Exchange Green Bond,,,,140.54,0.03,0.02,0.0,0.0,310.0,,2024-06-26,中证交易所绿色债券指数
2024-06-26,931147,中证交易所高等级绿色债券指数,交易所高等级绿色债,CSI Exchange High Grade Green Bond Index,Exchange High Grade Green Bond,,,,140.44,0.03,0.02,0.0,0.0,270.0,,2024-06-26,中证交易所高等级绿色债券指数
2024-06-26,931145,中证绿色债券指数,中证绿色债,CSI Green Bond Index,CSI Green Bond,,,,135.17,0.02,0.02,0.0,0.0,893.0,,2024-06-26,中证绿色债券指数
2024-06-27,930951,中证交易所绿色债券指数,交易所绿色债,CSI Exchange Green Bond Index,Exchange Green Bond,,,,140.58,0.04,0.03,0.0,0.0,310.0,,2024-06-27,中证交易所绿色债券指数
2024-06-27,931147,中证交易所高等级绿色债券指数,交易所高等级绿色债,CSI Exchange High Grade Green Bond Index,Exchange High Grade Green Bond,,,,140.48,0.04,0.03,0.0,0.0,270.0,,2024-06-27,中证交易所高等级绿色债券指数
2024-06-27,931145,中证绿色债券指数,中证绿色债,CSI Green Bond Index,CSI Green Bond,,,,135.21,0.04,0.03,0.0,0.0,893.0,,2024-06-27,中证绿色债券指数
2024-06-28,930951,中证交易所绿色债券指数,交易所绿色债,CSI Exchange Green Bond Index,Exchange Green Bond,,,,140.62,0.04,0.03,0.0,0.0,310.0,,2024-06-28,中证交易所绿色债券指数
2024-06-28,931147,中证交易所高等级绿色债券指数,交易所高等级绿色债,CSI Exchange High Grade Green Bond Index,Exchange High Grade Green Bond,,,,140.52,0.04,0.03,0.0,0.0,270.0,,2024-06-28,中证交易所高等级绿色债券指数
2024-06-28,931145,中证绿色债券指数,中证绿色债,CSI Green Bond Index,CSI Green Bond,,,,135.24,0.03,0.02,0.0,0.0,893.0,,2024-06-28,中证绿色债券指数
2024-07-01,930951,中证交易所绿色债券指数,交易所绿色债,CSI Exchange Green Bond Index,Exchange Green Bond,,,,140.65,0.03,0.02,0.0,0.0,314.0,,2024-07-01,中证交易所绿色债券指数
2024-07-01,931147,中证交易所高等级绿色债券指数,交易所高等级绿色债,CSI Exchange High Grade Green Bond Index,Exchange High Grade Green Bond,,,,140.56,0.03,0.02,0.0,0.0,300.0,,2024-07-01,中证交易所高等级绿色债券指数
2024-07-01,931145,中证绿色债券指数,中证绿色债,CSI Green Bond Index,CSI Green Bond,,,,135.26,0.02,0.01,0.0,0.0,902.0,,2024-07-01,中证绿色债券指数
2024-07-02,930951,中证交易所绿色债券指数,交易所绿色债,CSI Exchange Green Bond Index,Exchange Green Bond,,,,140.66,0.01,0.01,0.0,0.0,314.0,,2024-07-02,中证交易所绿色债券指数
2024-07-02,931147,中证交易所高等级绿色债券指数,交易所高等级绿色债,CSI Exchange High Grade Green Bond Index,Exchange High Grade Green Bond,,,,140.56,0.01,0.01,0.0,0.0,300.0,,2024-07-02,中证交易所高等级绿色债券指数
2024-07-02,931145,中证绿色债券指数,中证绿色债,CSI Green Bond Index,CSI Green Bond,,,,135.26,0.0,0.0,0.0,0.0,902.0,,2024-07-02,中证绿色债券指数
2024-07-03,930951,中证交易所绿色债券指数,交易所绿色债,CSI Exchange Green Bond Index,Exchange Green Bond,,,,140.69,0.04,0.03,0.0,0.0,314.0,,2024-07-03,中证交易所绿色债券指数
2024-07-03,931147,中证交易所高等级绿色债券指数,交易所高等级绿色债,CSI Exchange High Grade Green Bond Index,Exchange High Grade Green Bond,,,,140.6,0.04,0.03,0.0,0.0,300.0,,2024-07-03,中证交易所高等级绿色债券指数
2024-07-03,931145,中证绿色债券指数,中证绿色债,CSI Green Bond Index,CSI Green Bond,,,,135.3,0.04,0.03,0.0,0.0,902.0,,2024-07-03,中证绿色债券指数
2024-07-04,930951,中证交易所绿色债券指数,交易所绿色债,CSI Exchange Green Bond Index,Exchange Green Bond,,,,140.73,0.03,0.02,0.0,0.0,314.0,,2024-07-04,中证交易所绿色债券指数
2024-07-04,931147,中证交易所高等级绿色债券指数,交易所高等级绿色债,CSI Exchange High Grade Green Bond Index,Exchange High Grade Green Bond,,,,140.63,0.03,0.02,0.0,0.0,300.0,,2024-07-04,中证交易所高等级绿色债券指数
2024-07-04,931145,中证绿色债券指数,中证绿色债,CSI Green Bond Index,CSI Green Bond,,,,135.32,0.02,0.02,0.0,0.0,902.0,,2024-07-04,中证绿色债券指数
2024-07-05,930951,中证交易所绿色债券指数,交易所绿色债,CSI Exchange Green Bond Index,Exchange Green Bond,,,,140.73,0.01,0.01,0.0,0.0,314.0,,2024-07-05,中证交易所绿色债券指数
2024-07-05,931147,中证交易所高等级绿色债券指数,交易所高等级绿色债,CSI Exchange High Grade Green Bond Index,Exchange High Grade Green Bond,,,,140.64,0.01,0.01,0.0,0.0,300.0,,2024-07-05,中证交易所高等级绿色债券指数
2024-07-05,931145,中证绿色债券指数,中证绿色债,CSI Green Bond Index,CSI Green Bond,,,,135.32,0.0,0.0,0.0,0.0,902.0,,2024-07-05,中证绿色债券指数
2024-07-08,930951,中证交易所绿色债券指数,交易所绿色债,CSI Exchange Green Bond Index,Exchange Green Bond,,,,140.67,-0.06,-0.04,0.0,0.0,314.0,,2024-07-08,中证交易所绿色债券指数
2024-07-08,931147,中证交易所高等级绿色债券指数,交易所高等级绿色债,CSI Exchange High Grade Green Bond Index,Exchange High Grade Green Bond,,,,140.58,-0.06,-0.04,0.0,0.0,300.0,,2024-07-08,中证交易所高等级绿色债券指数
2024-07-08,931145,中证绿色债券指数,中证绿色债,CSI Green Bond Index,CSI Green Bond,,,,135.27,-0.05,-0.04,0.0,0.0,902.0,,2024-07-08,中证绿色债券指数
2024-07-09,930951,中证交易所绿色债券指数,交易所绿色债,CSI Exchange Green Bond Index,Exchange Green Bond,,,,140.71,0.04,0.03,0.0,0.0,314.0,,2024-07-09,中证交易所绿色债券指数
2024-07-09,931147,中证交易所高等级绿色债券指数,交易所高等级绿色债,CSI Exchange High Grade Green Bond Index,Exchange High Grade Green Bond,,,,140.62,0.04,0.03,0.0,0.0,300.0,,2024-07-09,中证交易所高等级绿色债券指数
2024-07-09,931145,中证绿色债券指数,中证绿色债,CSI Green Bond Index,CSI Green Bond,,,,135.29,0.03,0.02,0.0,0.0,902.0,,2024-07-09,中证绿色债券指数
2024-07-10,930951,中证交易所绿色债券指数,交易所绿色债,CSI Exchange Green Bond Index,Exchange Green Bond,,,,140.73,0.02,0.01,0.0,0.0,314.0,,2024-07-10,中证交易所绿色债券指数
2024-07-10,931147,中证交易所高等级绿色债券指数,交易所高等级绿色债,CSI Exchange High Grade Green Bond Index,Exchange High Grade Green Bond,,,,140.64,0.02,0.01,0.0,0.0,300.0,,2024-07-10,中证交易所高等级绿色债券指数
2024-07-10,931145,中证绿色债券指数,中证绿色债,CSI Green Bond Index,CSI Green Bond,,,,135.32,0.02,0.02,0.0,0.0,902.0,,2024-07-10,中证绿色债券指数
2024-07-11,930951,中证交易所绿色债券指数,交易所绿色债,CSI Exchange Green Bond Index,Exchange Green Bond,,,,140.76,0.03,0.02,0.0,0.0,314.0,,2024-07-11,中证交易所绿色债券指数
2024-07-11,931147,中证交易所高等级绿色债券指数,交易所高等级绿色债,CSI Exchange High Grade Green Bond Index,Exchange High Grade Green Bond,,,,140.67,0.03,0.02,0.0,0.0,300.0,,2024-07-11,中证交易所高等级绿色债券指数
2024-07-11,931145,中证绿色债券指数,中证绿色债,CSI Green Bond Index,CSI Green Bond,,,,135.34,0.03,0.02,0.0,0.0,902.0,,2024-07-11,中证绿色债券指数
2024-07-12,930951,中证交易所绿色债券指数,交易所绿色债,CSI Exchange Green Bond Index,Exchange Green Bond,,,,140.81,0.05,0.03,0.0,0.0,314.0,,2024-07-12,中证交易所绿色债券指数
2024-07-12,931147,中证交易所高等级绿色债券指数,交易所高等级绿色债,CSI Exchange High Grade Green Bond Index,Exchange High Grade Green Bond,,,,140.71,0.05,0.03,0.0,0.0,300.0,,2024-07-12,中证交易所高等级绿色债券指数
2024-07-12,931145,中证绿色债券指数,中证绿色债,CSI Green Bond Index,CSI Green Bond,,,,135.38,0.04,0.03,0.0,0.0,902.0,,2024-07-12,中证绿色债券指数
2024-07-15,930951,中证交易所绿色债券指数,交易所绿色债,CSI Exchange Green Bond Index,Exchange Green Bond,,,,140.85,0.05,0.03,0.0,0.0,314.0,,2024-07-15,中证交易所绿色债券指数
2024-07-15,931147,中证交易所高等级绿色债券指数,交易所高等级绿色债,CSI Exchange High Grade Green Bond Index,Exchange High Grade Green Bond,,,,140.76,0.04,0.03,0.0,0.0,300.0,,2024-07-15,中证交易所高等级绿色债券指数
2024-07-15,931145,中证绿色债券指数,中证绿色债,CSI Green Bond Index,CSI Green Bond,,,,135.42,0.04,0.03,0.0,0.0,902.0,,2024-07-15,中证绿色债券指数
2024-07-16,930951,中证交易所绿色债券指数,交易所绿色债,CSI Exchange Green Bond Index,Exchange Green Bond,,,,140.89,0.04,0.03,0.0,0.0,314.0,,2024-07-16,中证交易所绿色债券指数
2024-07-16,931147,中证交易所高等级绿色债券指数,交易所高等级绿色债,CSI Exchange High Grade Green Bond Index,Exchange High Grade Green Bond,,,,140.79,0.04,0.03,0.0,0.0,300.0,,2024-07-16,中证交易所高等级绿色债券指数
2024-07-16,931145,中证绿色债券指数,中证绿色债,CSI Green Bond Index,CSI Green Bond,,,,135.44,0.02,0.01,0.0,0.0,902.0,,2024-07-16,中证绿色债券指数
2024-07-17,930951,中证交易所绿色债券指数,交易所绿色债,CSI Exchange Green Bond Index,Exchange Green Bond,,,,140.9,0.01,0.01,0.0,0.0,314.0,,2024-07-17,中证交易所绿色债券指数
2024-07-17,931147,中证交易所高等级绿色债券指数,交易所高等级绿色债,CSI Exchange High Grade Green Bond Index,Exchange High Grade Green Bond,,,,140.8,0.01,0.01,0.0,0.0,300.0,,2024-07-17,中证交易所高等级绿色债券指数
2024-07-17,931145,中证绿色债券指数,中证绿色债,CSI Green Bond Index,CSI Green Bond,,,,135.45,0.01,0.01,0.0,0.0,902.0,,2024-07-17,中证绿色债券指数
2024-07-18,930951,中证交易所绿色债券指数,交易所绿色债,CSI Exchange Green Bond Index,Exchange Green Bond,,,,140.91,0.02,0.01,0.0,0.0,314.0,,2024-07-18,中证交易所绿色债券指数
2024-07-18,931147,中证交易所高等级绿色债券指数,交易所高等级绿色债,CSI Exchange High Grade Green Bond Index,Exchange High Grade Green Bond,,,,140.82,0.02,0.01,0.0,0.0,300.0,,2024-07-18,中证交易所高等级绿色债券指数
2024-07-18,931145,中证绿色债券指数,中证绿色债,CSI Green Bond Index,CSI Green Bond,,,,135.46,0.01,0.01,0.0,0.0,902.0,,2024-07-18,中证绿色债券指数
2024-07-19,930951,中证交易所绿色债券指数,交易所绿色债,CSI Exchange Green Bond Index,Exchange Green Bond,,,,140.93,0.02,0.01,0.0,0.0,314.0,,2024-07-19,中证交易所绿色债券指数
2024-07-19,931147,中证交易所高等级绿色债券指数,交易所高等级绿色债,CSI Exchange High Grade Green Bond Index,Exchange High Grade Green Bond,,,,140.83,0.02,0.01,0.0,0.0,300.0,,2024-07-19,中证交易所高等级绿色债券指数
2024-07-19,931145,中证绿色债券指数,中证绿色债,CSI Green Bond Index,CSI Green Bond,,,,135.47,0.01,0.01,0.0,0.0,902.0,,2024-07-19,中证绿色债券指数
2024-07-22,930951,中证交易所绿色债券指数,交易所绿色债,CSI Exchange Green Bond Index,Exchange Green Bond,,,,141.02,0.09,0.06,0.0,0.0,314.0,,2024-07-22,中证交易所绿色债券指数
2024-07-22,931147,中证交易所高等级绿色债券指数,交易所高等级绿色债,CSI Exchange High Grade Green Bond Index,Exchange High Grade Green Bond,,,,140.92,0.09,0.06,0.0,0.0,300.0,,2024-07-22,中证交易所高等级绿色债券指数
2024-07-22,931145,中证绿色债券指数,中证绿色债,CSI Green Bond Index,CSI Green Bond,,,,135.55,0.08,0.06,0.0,0.0,902.0,,2024-07-22,中证绿色债券指数
2024-07-23,930951,中证交易所绿色债券指数,交易所绿色债,CSI Exchange Green Bond Index,Exchange Green Bond,,,,141.09,0.07,0.05,0.0,0.0,314.0,,2024-07-23,中证交易所绿色债券指数
2024-07-23,931147,中证交易所高等级绿色债券指数,交易所高等级绿色债,CSI Exchange High Grade Green Bond Index,Exchange High Grade Green Bond,,,,140.99,0.07,0.05,0.0,0.0,300.0,,2024-07-23,中证交易所高等级绿色债券指数
2024-07-23,931145,中证绿色债券指数,中证绿色债,CSI Green Bond Index,CSI Green Bond,,,,135.6,0.04,0.03,0.0,0.0,902.0,,2024-07-23,中证绿色债券指数
2024-07-24,930951,中证交易所绿色债券指数,交易所绿色债,CSI Exchange Green Bond Index,Exchange Green Bond,,,,141.13,0.04,0.03,0.0,0.0,314.0,,2024-07-24,中证交易所绿色债券指数
2024-07-24,931147,中证交易所高等级绿色债券指数,交易所高等级绿色债,CSI Exchange High Grade Green Bond Index,Exchange High Grade Green Bond,,,,141.03,0.04,0.03,0.0,0.0,300.0,,2024-07-24,中证交易所高等级绿色债券指数
2024-07-24,931145,中证绿色债券指数,中证绿色债,CSI Green Bond Index,CSI Green Bond,,,,135.62,0.03,0.02,0.0,0.0,902.0,,2024-07-24,中证绿色债券指数
2024-07-25,930951,中证交易所绿色债券指数,交易所绿色债,CSI Exchange Green Bond Index,Exchange Green Bond,,,,141.19,0.06,0.04,0.0,0.0,314.0,,2024-07-25,中证交易所绿色债券指数
2024-07-25,931147,中证交易所高等级绿色债券指数,交易所高等级绿色债,CSI Exchange High Grade Green Bond Index,Exchange High Grade Green Bond,,,,141.09,0.06,0.04,0.0,0.0,300.0,,2024-07-25,中证交易所高等级绿色债券指数
2024-07-25,931145,中证绿色债券指数,中证绿色债,CSI Green Bond Index,CSI Green Bond,,,,135.66,0.04,0.03,0.0,0.0,902.0,,2024-07-25,中证绿色债券指数
2024-07-26,930951,中证交易所绿色债券指数,交易所绿色债,CSI Exchange Green Bond Index,Exchange Green Bond,,,,141.25,0.07,0.05,0.0,0.0,314.0,,2024-07-26,中证交易所绿色债券指数
2024-07-26,931147,中证交易所高等级绿色债券指数,交易所高等级绿色债,CSI Exchange High Grade Green Bond Index,Exchange High Grade Green Bond,,,,141.15,0.07,0.05,0.0,0.0,300.0,,2024-07-26,中证交易所高等级绿色债券指数
2024-07-26,931145,中证绿色债券指数,中证绿色债,CSI Green Bond Index,CSI Green Bond,,,,135.7,0.04,0.03,0.0,0.0,902.0,,2024-07-26,中证绿色债券指数
2024-07-29,930951,中证交易所绿色债券指数,交易所绿色债,CSI Exchange Green Bond Index,Exchange Green Bond,,,,141.31,0.06,0.04,0.0,0.0,314.0,,2024-07-29,中证交易所绿色债券指数
2024-07-29,931147,中证交易所高等级绿色债券指数,交易所高等级绿色债,CSI Exchange High Grade Green Bond Index,Exchange High Grade Green Bond,,,,141.21,0.06,0.04,0.0,0.0,300.0,,2024-07-29,中证交易所高等级绿色债券指数
2024-07-29,931145,中证绿色债券指数,中证绿色债,CSI Green Bond Index,CSI Green Bond,,,,135.74,0.04,0.03,0.0,0.0,902.0,,2024-07-29,中证绿色债券指数
2024-07-30,930951,中证交易所绿色债券指数,交易所绿色债,CSI Exchange Green Bond Index,Exchange Green Bond,,,,141.37,0.06,0.04,0.0,0.0,314.0,,2024-07-30,中证交易所绿色债券指数
2024-07-30,931147,中证交易所高等级绿色债券指数,交易所高等级绿色债,CSI Exchange High Grade Green Bond Index,Exchange High Grade Green Bond,,,,141.27,0.06,0.04,0.0,0.0,300.0,,2024-07-30,中证交易所高等级绿色债券指数
2024-07-30,931145,中证绿色债券指数,中证绿色债,CSI Green Bond Index,CSI Green Bond,,,,135.77,0.02,0.02,0.0,0.0,902.0,,2024-07-30,中证绿色债券指数
2024-07-31,930951,中证交易所绿色债券指数,交易所绿色债,CSI Exchange Green Bond Index,Exchange Green Bond,,,,141.42,0.05,0.04,0.0,0.0,314.0,,2024-07-31,中证交易所绿色债券指数
2024-07-31,931147,中证交易所高等级绿色债券指数,交易所高等级绿色债,CSI Exchange High Grade Green Bond Index,Exchange High Grade Green Bond,,,,141.32,0.05,0.04,0.0,0.0,300.0,,2024-07-31,中证交易所高等级绿色债券指数
2024-07-31,931145,中证绿色债券指数,中证绿色债,CSI Green Bond Index,CSI Green Bond,,,,135.8,0.04,0.03,0.0,0.0,902.0,,2024-07-31,中证绿色债券指数
2024-08-01,930951,中证交易所绿色债券指数,交易所绿色债,CSI Exchange Green Bond Index,Exchange Green Bond,,,,141.45,0.03,0.02,0.0,0.0,318.0,,2024-08-01,中证交易所绿色债券指数
2024-08-01,931147,中证交易所高等级绿色债券指数,交易所高等级绿色债,CSI Exchange High Grade Green Bond Index,Exchange High Grade Green Bond,,,,141.35,0.03,0.02,0.0,0.0,305.0,,2024-08-01,中证交易所高等级绿色债券指数
2024-08-01,931145,中证绿色债券指数,中证绿色债,CSI Green Bond Index,CSI Green Bond,,,,135.83,0.03,0.02,0.0,0.0,911.0,,2024-08-01,中证绿色债券指数
2024-08-02,930951,中证交易所绿色债券指数,交易所绿色债,CSI Exchange Green Bond Index,Exchange Green Bond,,,,141.51,0.06,0.04,0.0,0.0,318.0,,2024-08-02,中证交易所绿色债券指数
2024-08-02,931147,中证交易所高等级绿色债券指数,交易所高等级绿色债,CSI Exchange High Grade Green Bond Index,Exchange High Grade Green Bond,,,,141.41,0.06,0.04,0.0,0.0,305.0,,2024-08-02,中证交易所高等级绿色债券指数
2024-08-02,931145,中证绿色债券指数,中证绿色债,CSI Green Bond Index,CSI Green Bond,,,,135.87,0.04,0.03,0.0,0.0,911.0,,2024-08-02,中证绿色债券指数
2024-08-05,930951,中证交易所绿色债券指数,交易所绿色债,CSI Exchange Green Bond Index,Exchange Green Bond,,,,141.58,0.07,0.05,0.0,0.0,318.0,,2024-08-05,中证交易所绿色债券指数
2024-08-05,931147,中证交易所高等级绿色债券指数,交易所高等级绿色债,CSI Exchange High Grade Green Bond Index,Exchange High Grade Green Bond,,,,141.48,0.07,0.05,0.0,0.0,305.0,,2024-08-05,中证交易所高等级绿色债券指数
2024-08-05,931145,中证绿色债券指数,中证绿色债,CSI Green Bond Index,CSI Green Bond,,,,135.93,0.06,0.04,0.0,0.0,911.0,,2024-08-05,中证绿色债券指数
2024-08-06,930951,中证交易所绿色债券指数,交易所绿色债,CSI Exchange Green Bond Index,Exchange Green Bond,,,,141.57,-0.01,-0.01,0.0,0.0,318.0,,2024-08-06,中证交易所绿色债券指数
2024-08-06,931147,中证交易所高等级绿色债券指数,交易所高等级绿色债,CSI Exchange High Grade Green Bond Index,Exchange High Grade Green Bond,,,,141.46,-0.01,-0.01,0.0,0.0,305.0,,2024-08-06,中证交易所高等级绿色债券指数
2024-08-06,931145,中证绿色债券指数,中证绿色债,CSI Green Bond Index,CSI Green Bond,,,,135.91,-0.01,-0.01,0.0,0.0,911.0,,2024-08-06,中证绿色债券指数
2024-08-07,930951,中证交易所绿色债券指数,交易所绿色债,CSI Exchange Green Bond Index,Exchange Green Bond,,,,141.59,0.03,0.02,0.0,0.0,318.0,,2024-08-07,中证交易所绿色债券指数
2024-08-07,931147,中证交易所高等级绿色债券指数,交易所高等级绿色债,CSI Exchange High Grade Green Bond Index,Exchange High Grade Green Bond,,,,141.49,0.03,0.02,0.0,0.0,305.0,,2024-08-07,中证交易所高等级绿色债券指数
2024-08-07,931145,中证绿色债券指数,中证绿色债,CSI Green Bond Index,CSI Green Bond,,,,135.92,0.01,0.01,0.0,0.0,911.0,,2024-08-07,中证绿色债券指数
2024-08-08,930951,中证交易所绿色债券指数,交易所绿色债,CSI Exchange Green Bond Index,Exchange Green Bond,,,,141.59,-0.01,-0.01,0.0,0.0,318.0,,2024-08-08,中证交易所绿色债券指数
2024-08-08,931147,中证交易所高等级绿色债券指数,交易所高等级绿色债,CSI Exchange High Grade Green Bond Index,Exchange High Grade Green Bond,,,,141.48,-0.01,-0.01,0.0,0.0,305.0,,2024-08-08,中证交易所高等级绿色债券指数
2024-08-08,931145,中证绿色债券指数,中证绿色债,CSI Green Bond Index,CSI Green Bond,,,,135.92,-0.01,0.0,0.0,0.0,911.0,,2024-08-08,中证绿色债券指数
2024-08-09,930951,中证交易所绿色债券指数,交易所绿色债,CSI Exchange Green Bond Index,Exchange Green Bond,,,,141.53,-0.06,-0.04,0.0,0.0,318.0,,2024-08-09,中证交易所绿色债券指数
2024-08-09,931147,中证交易所高等级绿色债券指数,交易所高等级绿色债,CSI Exchange High Grade Green Bond Index,Exchange High Grade Green Bond,,,,141.42,-0.06,-0.04,0.0,0.0,305.0,,2024-08-09,中证交易所高等级绿色债券指数
2024-08-09,931145,中证绿色债券指数,中证绿色债,CSI Green Bond Index,CSI Green Bond,,,,135.87,-0.04,-0.03,0.0,0.0,911.0,,2024-08-09,中证绿色债券指数
2024-08-12,930951,中证交易所绿色债券指数,交易所绿色债,CSI Exchange Green Bond Index,Exchange Green Bond,,,,141.4,-0.12,-0.09,0.0,0.0,318.0,,2024-08-12,中证交易所绿色债券指数
2024-08-12,931147,中证交易所高等级绿色债券指数,交易所高等级绿色债,CSI Exchange High Grade Green Bond Index,Exchange High Grade Green Bond,,,,141.3,-0.13,-0.09,0.0,0.0,305.0,,2024-08-12,中证交易所高等级绿色债券指数
2024-08-12,931145,中证绿色债券指数,中证绿色债,CSI Green Bond Index,CSI Green Bond,,,,135.77,-0.1,-0.07,0.0,0.0,911.0,,2024-08-12,中证绿色债券指数
2024-08-13,930951,中证交易所绿色债券指数,交易所绿色债,CSI Exchange Green Bond Index,Exchange Green Bond,,,,141.33,-0.07,-0.05,0.0,0.0,317.0,,2024-08-13,中证交易所绿色债券指数
2024-08-13,931147,中证交易所高等级绿色债券指数,交易所高等级绿色债,CSI Exchange High Grade Green Bond Index,Exchange High Grade Green Bond,,,,141.22,-0.07,-0.05,0.0,0.0,304.0,,2024-08-13,中证交易所高等级绿色债券指数
2024-08-13,931145,中证绿色债券指数,中证绿色债,CSI Green Bond Index,CSI Green Bond,,,,135.74,-0.04,-0.03,0.0,0.0,910.0,,2024-08-13,中证绿色债券指数
2024-08-14,930951,中证交易所绿色债券指数,交易所绿色债,CSI Exchange Green Bond Index,Exchange Green Bond,,,,141.43,0.1,0.07,0.0,0.0,317.0,,2024-08-14,中证交易所绿色债券指数
2024-08-14,931147,中证交易所高等级绿色债券指数,交易所高等级绿色债,CSI Exchange High Grade Green Bond Index,Exchange High Grade Green Bond,,,,141.32,0.1,0.07,0.0,0.0,304.0,,2024-08-14,中证交易所高等级绿色债券指数
2024-08-14,931145,中证绿色债券指数,中证绿色债,CSI Green Bond Index,CSI Green Bond,,,,135.81,0.08,0.06,0.0,0.0,910.0,,2024-08-14,中证绿色债券指数
2024-08-15,930951,中证交易所绿色债券指数,交易所绿色债,CSI Exchange Green Bond Index,Exchange Green Bond,,,,141.44,0.01,0.01,0.0,0.0,317.0,,2024-08-15,中证交易所绿色债券指数
2024-08-15,931147,中证交易所高等级绿色债券指数,交易所高等级绿色债,CSI Exchange High Grade Green Bond Index,Exchange High Grade Green Bond,,,,141.33,0.01,0.01,0.0,0.0,304.0,,2024-08-15,中证交易所高等级绿色债券指数
2024-08-15,931145,中证绿色债券指数,中证绿色债,CSI Green Bond Index,CSI Green Bond,,,,135.82,0.01,0.01,0.0,0.0,910.0,,2024-08-15,中证绿色债券指数
2024-08-16,930951,中证交易所绿色债券指数,交易所绿色债,CSI Exchange Green Bond Index,Exchange Green Bond,,,,141.45,0.02,0.01,0.0,0.0,317.0,,2024-08-16,中证交易所绿色债券指数
2024-08-16,931147,中证交易所高等级绿色债券指数,交易所高等级绿色债,CSI Exchange High Grade Green Bond Index,Exchange High Grade Green Bond,,,,141.34,0.02,0.01,0.0,0.0,304.0,,2024-08-16,中证交易所高等级绿色债券指数
2024-08-16,931145,中证绿色债券指数,中证绿色债,CSI Green Bond Index,CSI Green Bond,,,,135.82,0.0,0.0,0.0,0.0,910.0,,2024-08-16,中证绿色债券指数
2024-08-19,930951,中证交易所绿色债券指数,交易所绿色债,CSI Exchange Green Bond Index,Exchange Green Bond,,,,141.49,0.04,0.03,0.0,0.0,317.0,,2024-08-19,中证交易所绿色债券指数
2024-08-19,931147,中证交易所高等级绿色债券指数,交易所高等级绿色债,CSI Exchange High Grade Green Bond Index,Exchange High Grade Green Bond,,,,141.38,0.04,0.03,0.0,0.0,304.0,,2024-08-19,中证交易所高等级绿色债券指数
2024-08-19,931145,中证绿色债券指数,中证绿色债,CSI Green Bond Index,CSI Green Bond,,,,135.84,0.02,0.01,0.0,0.0,909.0,,2024-08-19,中证绿色债券指数
2024-08-20,930951,中证交易所绿色债券指数,交易所绿色债,CSI Exchange Green Bond Index,Exchange Green Bond,,,,141.48,-0.01,-0.01,0.0,0.0,317.0,,2024-08-20,中证交易所绿色债券指数
2024-08-20,931147,中证交易所高等级绿色债券指数,交易所高等级绿色债,CSI Exchange High Grade Green Bond Index,Exchange High Grade Green Bond,,,,141.37,-0.02,-0.01,0.0,0.0,304.0,,2024-08-20,中证交易所高等级绿色债券指数
2024-08-20,931145,中证绿色债券指数,中证绿色债,CSI Green Bond Index,CSI Green Bond,,,,135.83,-0.01,-0.01,0.0,0.0,909.0,,2024-08-20,中证绿色债券指数
2024-08-21,930951,中证交易所绿色债券指数,交易所绿色债,CSI Exchange Green Bond Index,Exchange Green Bond,,,,141.43,-0.05,-0.04,0.0,0.0,317.0,,2024-08-21,中证交易所绿色债券指数
2024-08-21,931147,中证交易所高等级绿色债券指数,交易所高等级绿色债,CSI Exchange High Grade Green Bond Index,Exchange High Grade Green Bond,,,,141.32,-0.05,-0.04,0.0,0.0,304.0,,2024-08-21,中证交易所高等级绿色债券指数
2024-08-21,931145,中证绿色债券指数,中证绿色债,CSI Green Bond Index,CSI Green Bond,,,,135.8,-0.04,-0.03,0.0,0.0,909.0,,2024-08-21,中证绿色债券指数
2024-08-22,930951,中证交易所绿色债券指数,交易所绿色债,CSI Exchange Green Bond Index,Exchange Green Bond,,,,141.41,-0.02,-0.01,0.0,0.0,317.0,,2024-08-22,中证交易所绿色债券指数
2024-08-22,931147,中证交易所高等级绿色债券指数,交易所高等级绿色债,CSI Exchange High Grade Green Bond Index,Exchange High Grade Green Bond,,,,141.3,-0.02,-0.01,0.0,0.0,304.0,,2024-08-22,中证交易所高等级绿色债券指数
2024-08-22,931145,中证绿色债券指数,中证绿色债,CSI Green Bond Index,CSI Green Bond,,,,135.79,-0.01,0.0,0.0,0.0,909.0,,2024-08-22,中证绿色债券指数
2024-08-23,930951,中证交易所绿色债券指数,交易所绿色债,CSI Exchange Green Bond Index,Exchange Green Bond,,,,141.35,-0.06,-0.04,0.0,0.0,317.0,,2024-08-23,中证交易所绿色债券指数
2024-08-23,931147,中证交易所高等级绿色债券指数,交易所高等级绿色债,CSI Exchange High Grade Green Bond Index,Exchange High Grade Green Bond,,,,141.24,-0.06,-0.04,0.0,0.0,304.0,,2024-08-23,中证交易所高等级绿色债券指数
2024-08-23,931145,中证绿色债券指数,中证绿色债,CSI Green Bond Index,CSI Green Bond,,,,135.77,-0.01,-0.01,0.0,0.0,909.0,,2024-08-23,中证绿色债券指数
2024-08-26,930951,中证交易所绿色债券指数,交易所绿色债,CSI Exchange Green Bond Index,Exchange Green Bond,,,,141.32,-0.03,-0.02,0.0,0.0,317.0,,2024-08-26,中证交易所绿色债券指数
2024-08-26,931147,中证交易所高等级绿色债券指数,交易所高等级绿色债,CSI Exchange High Grade Green Bond Index,Exchange High Grade Green Bond,,,,141.21,-0.03,-0.02,0.0,0.0,304.0,,2024-08-26,中证交易所高等级绿色债券指数
2024-08-26,931145,中证绿色债券指数,中证绿色债,CSI Green Bond Index,CSI Green Bond,,,,135.78,0.0,0.0,0.0,0.0,909.0,,2024-08-26,中证绿色债券指数
2024-08-27,930951,中证交易所绿色债券指数,交易所绿色债,CSI Exchange Green Bond Index,Exchange Green Bond,,,,141.17,-0.15,-0.1,0.0,0.0,317.0,,2024-08-27,中证交易所绿色债券指数
2024-08-27,931147,中证交易所高等级绿色债券指数,交易所高等级绿色债,CSI Exchange High Grade Green Bond Index,Exchange High Grade Green Bond,,,,141.06,-0.15,-0.1,0.0,0.0,304.0,,2024-08-27,中证交易所高等级绿色债券指数
2024-08-27,931145,中证绿色债券指数,中证绿色债,CSI Green Bond Index,CSI Green Bond,,,,135.71,-0.07,-0.05,0.0,0.0,909.0,,2024-08-27,中证绿色债券指数
2024-08-28,930951,中证交易所绿色债券指数,交易所绿色债,CSI Exchange Green Bond Index,Exchange Green Bond,,,,141.09,-0.08,-0.06,0.0,0.0,317.0,,2024-08-28,中证交易所绿色债券指数
2024-08-28,931147,中证交易所高等级绿色债券指数,交易所高等级绿色债,CSI Exchange High Grade Green Bond Index,Exchange High Grade Green Bond,,,,140.98,-0.08,-0.06,0.0,0.0,304.0,,2024-08-28,中证交易所高等级绿色债券指数
2024-08-28,931145,中证绿色债券指数,中证绿色债,CSI Green Bond Index,CSI Green Bond,,,,135.68,-0.03,-0.02,0.0,0.0,909.0,,2024-08-28,中证绿色债券指数
2024-08-29,930951,中证交易所绿色债券指数,交易所绿色债,CSI Exchange Green Bond Index,Exchange Green Bond,,,,141.18,0.09,0.06,0.0,0.0,317.0,,2024-08-29,中证交易所绿色债券指数
2024-08-29,931147,中证交易所高等级绿色债券指数,交易所高等级绿色债,CSI Exchange High Grade Green Bond Index,Exchange High Grade Green Bond,,,,141.07,0.09,0.06,0.0,0.0,304.0,,2024-08-29,中证交易所高等级绿色债券指数
2024-08-29,931145,中证绿色债券指数,中证绿色债,CSI Green Bond Index,CSI Green Bond,,,,135.73,0.05,0.04,0.0,0.0,909.0,,2024-08-29,中证绿色债券指数
2024-08-30,930951,中证交易所绿色债券指数,交易所绿色债,CSI Exchange Green Bond Index,Exchange Green Bond,,,,141.19,0.01,0.01,0.0,0.0,317.0,,2024-08-30,中证交易所绿色债券指数
2024-08-30,931147,中证交易所高等级绿色债券指数,交易所高等级绿色债,CSI Exchange High Grade Green Bond Index,Exchange High Grade Green Bond,,,,141.08,0.01,0.01,0.0,0.0,304.0,,2024-08-30,中证交易所高等级绿色债券指数
2024-08-30,931145,中证绿色债券指数,中证绿色债,CSI Green Bond Index,CSI Green Bond,,,,135.75,0.02,0.02,0.0,0.0,909.0,,2024-08-30,中证绿色债券指数
2024-09-02,930951,中证交易所绿色债券指数,交易所绿色债,CSI Exchange Green Bond Index,Exchange Green Bond,,,,141.29,0.1,0.07,0.0,0.0,314.0,,2024-09-02,中证交易所绿色债券指数
2024-09-02,931147,中证交易所高等级绿色债券指数,交易所高等级绿色债,CSI Exchange High Grade Green Bond Index,Exchange High Grade Green Bond,,,,141.18,0.1,0.07,0.0,0.0,301.0,,2024-09-02,中证交易所高等级绿色债券指数
2024-09-02,931145,中证绿色债券指数,中证绿色债,CSI Green Bond Index,CSI Green Bond,,,,135.83,0.09,0.06,0.0,0.0,913.0,,2024-09-02,中证绿色债券指数
2024-09-03,930951,中证交易所绿色债券指数,交易所绿色债,CSI Exchange Green Bond Index,Exchange Green Bond,,,,141.35,0.06,0.05,0.0,0.0,314.0,,2024-09-03,中证交易所绿色债券指数
2024-09-03,931147,中证交易所高等级绿色债券指数,交易所高等级绿色债,CSI Exchange High Grade Green Bond Index,Exchange High Grade Green Bond,,,,141.24,0.06,0.05,0.0,0.0,301.0,,2024-09-03,中证交易所高等级绿色债券指数
2024-09-03,931145,中证绿色债券指数,中证绿色债,CSI Green Bond Index,CSI Green Bond,,,,135.87,0.03,0.02,0.0,0.0,913.0,,2024-09-03,中证绿色债券指数
2024-09-04,930951,中证交易所绿色债券指数,交易所绿色债,CSI Exchange Green Bond Index,Exchange Green Bond,,,,141.4,0.05,0.03,0.0,0.0,314.0,,2024-09-04,中证交易所绿色债券指数
2024-09-04,931147,中证交易所高等级绿色债券指数,交易所高等级绿色债,CSI Exchange High Grade Green Bond Index,Exchange High Grade Green Bond,,,,141.29,0.05,0.03,0.0,0.0,301.0,,2024-09-04,中证交易所高等级绿色债券指数
2024-09-04,931145,中证绿色债券指数,中证绿色债,CSI Green Bond Index,CSI Green Bond,,,,135.9,0.03,0.02,0.0,0.0,913.0,,2024-09-04,中证绿色债券指数
2024-09-05,930951,中证交易所绿色债券指数,交易所绿色债,CSI Exchange Green Bond Index,Exchange Green Bond,,,,141.44,0.04,0.03,0.0,0.0,314.0,,2024-09-05,中证交易所绿色债券指数
2024-09-05,931147,中证交易所高等级绿色债券指数,交易所高等级绿色债,CSI Exchange High Grade Green Bond Index,Exchange High Grade Green Bond,,,,141.33,0.04,0.03,0.0,0.0,301.0,,2024-09-05,中证交易所高等级绿色债券指数
2024-09-05,931145,中证绿色债券指数,中证绿色债,CSI Green Bond Index,CSI Green Bond,,,,135.92,0.02,0.02,0.0,0.0,913.0,,2024-09-05,中证绿色债券指数
2024-09-06,930951,中证交易所绿色债券指数,交易所绿色债,CSI Exchange Green Bond Index,Exchange Green Bond,,,,141.47,0.04,0.03,0.0,0.0,314.0,,2024-09-06,中证交易所绿色债券指数
2024-09-06,931147,中证交易所高等级绿色债券指数,交易所高等级绿色债,CSI Exchange High Grade Green Bond Index,Exchange High Grade Green Bond,,,,141.36,0.04,0.03,0.0,0.0,301.0,,2024-09-06,中证交易所高等级绿色债券指数
2024-09-06,931145,中证绿色债券指数,中证绿色债,CSI Green Bond Index,CSI Green Bond,,,,135.96,0.03,0.03,0.0,0.0,913.0,,2024-09-06,中证绿色债券指数
2024-09-09,930951,中证交易所绿色债券指数,交易所绿色债,CSI Exchange Green Bond Index,Exchange Green Bond,,,,141.49,0.02,0.01,0.0,0.0,314.0,,2024-09-09,中证交易所绿色债券指数
2024-09-09,931147,中证交易所高等级绿色债券指数,交易所高等级绿色债,CSI Exchange High Grade Green Bond Index,Exchange High Grade Green Bond,,,,141.38,0.02,0.01,0.0,0.0,301.0,,2024-09-09,中证交易所高等级绿色债券指数
2024-09-09,931145,中证绿色债券指数,中证绿色债,CSI Green Bond Index,CSI Green Bond,,,,135.98,0.02,0.02,0.0,0.0,913.0,,2024-09-09,中证绿色债券指数
2024-09-10,930951,中证交易所绿色债券指数,交易所绿色债,CSI Exchange Green Bond Index,Exchange Green Bond,,,,141.49,0.0,0.0,0.0,0.0,314.0,,2024-09-10,中证交易所绿色债券指数
2024-09-10,931147,中证交易所高等级绿色债券指数,交易所高等级绿色债,CSI Exchange High Grade Green Bond Index,Exchange High Grade Green Bond,,,,141.38,0.0,0.0,0.0,0.0,301.0,,2024-09-10,中证交易所高等级绿色债券指数
2024-09-10,931145,中证绿色债券指数,中证绿色债,CSI Green Bond Index,CSI Green Bond,,,,135.98,0.01,0.0,0.0,0.0,913.0,,2024-09-10,中证绿色债券指数
2024-09-11,930951,中证交易所绿色债券指数,交易所绿色债,CSI Exchange Green Bond Index,Exchange Green Bond,,,,141.51,0.02,0.02,0.0,0.0,314.0,,2024-09-11,中证交易所绿色债券指数
2024-09-11,931147,中证交易所高等级绿色债券指数,交易所高等级绿色债,CSI Exchange High Grade Green Bond Index,Exchange High Grade Green Bond,,,,141.4,0.02,0.02,0.0,0.0,301.0,,2024-09-11,中证交易所高等级绿色债券指数
2024-09-11,931145,中证绿色债券指数,中证绿色债,CSI Green Bond Index,CSI Green Bond,,,,136.01,0.02,0.02,0.0,0.0,913.0,,2024-09-11,中证绿色债券指数
2024-09-12,930951,中证交易所绿色债券指数,交易所绿色债,CSI Exchange Green Bond Index,Exchange Green Bond,,,,141.53,0.02,0.01,0.0,0.0,314.0,,2024-09-12,中证交易所绿色债券指数
2024-09-12,931147,中证交易所高等级绿色债券指数,交易所高等级绿色债,CSI Exchange High Grade Green Bond Index,Exchange High Grade Green Bond,,,,141.42,0.02,0.01,0.0,0.0,301.0,,2024-09-12,中证交易所高等级绿色债券指数
2024-09-12,931145,中证绿色债券指数,中证绿色债,CSI Green Bond Index,CSI Green Bond,,,,136.03,0.02,0.02,0.0,0.0,913.0,,2024-09-12,中证绿色债券指数
2024-09-13,930951,中证交易所绿色债券指数,交易所绿色债,CSI Exchange Green Bond Index,Exchange Green Bond,,,,141.56,0.03,0.02,0.0,0.0,314.0,,2024-09-13,中证交易所绿色债券指数
2024-09-13,931147,中证交易所高等级绿色债券指数,交易所高等级绿色债,CSI Exchange High Grade Green Bond Index,Exchange High Grade Green Bond,,,,141.45,0.03,0.02,0.0,0.0,301.0,,2024-09-13,中证交易所高等级绿色债券指数
2024-09-13,931145,中证绿色债券指数,中证绿色债,CSI Green Bond Index,CSI Green Bond,,,,136.05,0.02,0.02,0.0,0.0,913.0,,2024-09-13,中证绿色债券指数
2024-09-18,930951,中证交易所绿色债券指数,交易所绿色债,CSI Exchange Green Bond Index,Exchange Green Bond,,,,141.62,0.06,0.04,0.0,0.0,314.0,,2024-09-18,中证交易所绿色债券指数
2024-09-18,931147,中证交易所高等级绿色债券指数,交易所高等级绿色债,CSI Exchange High Grade Green Bond Index,Exchange High Grade Green Bond,,,,141.51,0.06,0.04,0.0,0.0,301.0,,2024-09-18,中证交易所高等级绿色债券指数
2024-09-18,931145,中证绿色债券指数,中证绿色债,CSI Green Bond Index,CSI Green Bond,,,,136.1,0.06,0.04,0.0,0.0,913.0,,2024-09-18,中证绿色债券指数
2024-09-19,930951,中证交易所绿色债券指数,交易所绿色债,CSI Exchange Green Bond Index,Exchange Green Bond,,,,141.64,0.03,0.02,0.0,0.0,314.0,,2024-09-19,中证交易所绿色债券指数
2024-09-19,931147,中证交易所高等级绿色债券指数,交易所高等级绿色债,CSI Exchange High Grade Green Bond Index,Exchange High Grade Green Bond,,,,141.54,0.03,0.02,0.0,0.0,301.0,,2024-09-19,中证交易所高等级绿色债券指数
2024-09-19,931145,中证绿色债券指数,中证绿色债,CSI Green Bond Index,CSI Green Bond,,,,136.11,0.0,0.0,0.0,0.0,913.0,,2024-09-19,中证绿色债券指数
2024-09-20,930951,中证交易所绿色债券指数,交易所绿色债,CSI Exchange Green Bond Index,Exchange Green Bond,,,,141.62,-0.02,-0.02,0.0,0.0,314.0,,2024-09-20,中证交易所绿色债券指数
2024-09-20,931147,中证交易所高等级绿色债券指数,交易所高等级绿色债,CSI Exchange High Grade Green Bond Index,Exchange High Grade Green Bond,,,,141.51,-0.02,-0.01,0.0,0.0,301.0,,2024-09-20,中证交易所高等级绿色债券指数
2024-09-20,931145,中证绿色债券指数,中证绿色债,CSI Green Bond Index,CSI Green Bond,,,,136.09,-0.01,-0.01,0.0,0.0,913.0,,2024-09-20,中证绿色债券指数
2024-09-23,930951,中证交易所绿色债券指数,交易所绿色债,CSI Exchange Green Bond Index,Exchange Green Bond,,,,141.65,0.03,0.02,0.0,0.0,314.0,,2024-09-23,中证交易所绿色债券指数
2024-09-23,931147,中证交易所高等级绿色债券指数,交易所高等级绿色债,CSI Exchange High Grade Green Bond Index,Exchange High Grade Green Bond,,,,141.54,0.03,0.02,0.0,0.0,301.0,,2024-09-23,中证交易所高等级绿色债券指数
2024-09-23,931145,中证绿色债券指数,中证绿色债,CSI Green Bond Index,CSI Green Bond,,,,136.12,0.02,0.02,0.0,0.0,913.0,,2024-09-23,中证绿色债券指数
2024-09-24,930951,中证交易所绿色债券指数,交易所绿色债,CSI Exchange Green Bond Index,Exchange Green Bond,,,,141.67,0.02,0.02,0.0,0.0,314.0,,2024-09-24,中证交易所绿色债券指数
2024-09-24,931147,中证交易所高等级绿色债券指数,交易所高等级绿色债,CSI Exchange High Grade Green Bond Index,Exchange High Grade Green Bond,,,,141.56,0.02,0.02,0.0,0.0,301.0,,2024-09-24,中证交易所高等级绿色债券指数
2024-09-24,931145,中证绿色债券指数,中证绿色债,CSI Green Bond Index,CSI Green Bond,,,,136.14,0.03,0.02,0.0,0.0,913.0,,2024-09-24,中证绿色债券指数
2024-09-25,930951,中证交易所绿色债券指数,交易所绿色债,CSI Exchange Green Bond Index,Exchange Green Bond,,,,141.68,0.01,0.01,0.0,0.0,314.0,,2024-09-25,中证交易所绿色债券指数
2024-09-25,931147,中证交易所高等级绿色债券指数,交易所高等级绿色债,CSI Exchange High Grade Green Bond Index,Exchange High Grade Green Bond,,,,141.57,0.02,0.01,0.0,0.0,301.0,,2024-09-25,中证交易所高等级绿色债券指数
2024-09-25,931145,中证绿色债券指数,中证绿色债,CSI Green Bond Index,CSI Green Bond,,,,136.18,0.03,0.03,0.0,0.0,913.0,,2024-09-25,中证绿色债券指数
2024-09-26,930951,中证交易所绿色债券指数,交易所绿色债,CSI Exchange Green Bond Index,Exchange Green Bond,,,,141.7,0.02,0.01,0.0,0.0,314.0,,2024-09-26,中证交易所绿色债券指数
2024-09-26,931147,中证交易所高等级绿色债券指数,交易所高等级绿色债,CSI Exchange High Grade Green Bond Index,Exchange High Grade Green Bond,,,,141.59,0.02,0.01,0.0,0.0,301.0,,2024-09-26,中证交易所高等级绿色债券指数
2024-09-26,931145,中证绿色债券指数,中证绿色债,CSI Green Bond Index,CSI Green Bond,,,,136.21,0.04,0.03,0.0,0.0,913.0,,2024-09-26,中证绿色债券指数
2024-09-27,930951,中证交易所绿色债券指数,交易所绿色债,CSI Exchange Green Bond Index,Exchange Green Bond,,,,141.52,-0.19,-0.13,0.0,0.0,314.0,,2024-09-27,中证交易所绿色债券指数
2024-09-27,931147,中证交易所高等级绿色债券指数,交易所高等级绿色债,CSI Exchange High Grade Green Bond Index,Exchange High Grade Green Bond,,,,141.41,-0.19,-0.13,0.0,0.0,301.0,,2024-09-27,中证交易所高等级绿色债券指数
2024-09-27,931145,中证绿色债券指数,中证绿色债,CSI Green Bond Index,CSI Green Bond,,,,136.1,-0.11,-0.08,0.0,0.0,913.0,,2024-09-27,中证绿色债券指数
2024-09-30,930951,中证交易所绿色债券指数,交易所绿色债,CSI Exchange Green Bond Index,Exchange Green Bond,,,,140.93,-0.59,-0.42,0.0,0.0,314.0,,2024-09-30,中证交易所绿色债券指数
2024-09-30,931147,中证交易所高等级绿色债券指数,交易所高等级绿色债,CSI Exchange High Grade Green Bond Index,Exchange High Grade Green Bond,,,,140.82,-0.59,-0.42,0.0,0.0,301.0,,2024-09-30,中证交易所高等级绿色债券指数
2024-09-30,931145,中证绿色债券指数,中证绿色债,CSI Green Bond Index,CSI Green Bond,,,,135.76,-0.34,-0.25,0.0,0.0,913.0,,2024-09-30,中证绿色债券指数
2024-10-08,930951,中证交易所绿色债券指数,交易所绿色债,CSI Exchange Green Bond Index,Exchange Green Bond,,,,140.94,0.01,0.01,0.0,0.0,313.0,,2024-10-08,中证交易所绿色债券指数
2024-10-08,931147,中证交易所高等级绿色债券指数,交易所高等级绿色债,CSI Exchange High Grade Green Bond Index,Exchange High Grade Green Bond,,,,140.83,0.01,0.01,0.0,0.0,300.0,,2024-10-08,中证交易所高等级绿色债券指数
2024-10-08,931145,中证绿色债券指数,中证绿色债,CSI Green Bond Index,CSI Green Bond,,,,135.77,0.0,0.0,0.0,0.0,930.0,,2024-10-08,中证绿色债券指数
2024-10-09,930951,中证交易所绿色债券指数,交易所绿色债,CSI Exchange Green Bond Index,Exchange Green Bond,,,,140.49,-0.45,-0.32,0.0,0.0,313.0,,2024-10-09,中证交易所绿色债券指数
2024-10-09,931147,中证交易所高等级绿色债券指数,交易所高等级绿色债,CSI Exchange High Grade Green Bond Index,Exchange High Grade Green Bond,,,,140.38,-0.44,-0.31,0.0,0.0,300.0,,2024-10-09,中证交易所高等级绿色债券指数
2024-10-09,931145,中证绿色债券指数,中证绿色债,CSI Green Bond Index,CSI Green Bond,,,,135.56,-0.21,-0.15,0.0,0.0,930.0,,2024-10-09,中证绿色债券指数
2024-10-10,930951,中证交易所绿色债券指数,交易所绿色债,CSI Exchange Green Bond Index,Exchange Green Bond,,,,140.64,0.14,0.1,0.0,0.0,313.0,,2024-10-10,中证交易所绿色债券指数
2024-10-10,931147,中证交易所高等级绿色债券指数,交易所高等级绿色债,CSI Exchange High Grade Green Bond Index,Exchange High Grade Green Bond,,,,140.53,0.14,0.1,0.0,0.0,300.0,,2024-10-10,中证交易所高等级绿色债券指数
2024-10-10,931145,中证绿色债券指数,中证绿色债,CSI Green Bond Index,CSI Green Bond,,,,135.66,0.1,0.07,0.0,0.0,930.0,,2024-10-10,中证绿色债券指数
2024-10-11,930951,中证交易所绿色债券指数,交易所绿色债,CSI Exchange Green Bond Index,Exchange Green Bond,,,,140.89,0.26,0.18,0.0,0.0,313.0,,2024-10-11,中证交易所绿色债券指数
2024-10-11,931147,中证交易所高等级绿色债券指数,交易所高等级绿色债,CSI Exchange High Grade Green Bond Index,Exchange High Grade Green Bond,,,,140.79,0.26,0.19,0.0,0.0,300.0,,2024-10-11,中证交易所高等级绿色债券指数
2024-10-11,931145,中证绿色债券指数,中证绿色债,CSI Green Bond Index,CSI Green Bond,,,,135.83,0.17,0.12,0.0,0.0,930.0,,2024-10-11,中证绿色债券指数
2024-10-14,930951,中证交易所绿色债券指数,交易所绿色债,CSI Exchange Green Bond Index,Exchange Green Bond,,,,141.31,0.42,0.3,0.0,0.0,313.0,,2024-10-14,中证交易所绿色债券指数
2024-10-14,931147,中证交易所高等级绿色债券指数,交易所高等级绿色债,CSI Exchange High Grade Green Bond Index,Exchange High Grade Green Bond,,,,141.21,0.42,0.3,0.0,0.0,300.0,,2024-10-14,中证交易所高等级绿色债券指数
2024-10-14,931145,中证绿色债券指数,中证绿色债,CSI Green Bond Index,CSI Green Bond,,,,136.06,0.23,0.17,0.0,0.0,930.0,,2024-10-14,中证绿色债券指数
2024-10-15,930951,中证交易所绿色债券指数,交易所绿色债,CSI Exchange Green Bond Index,Exchange Green Bond,,,,141.39,0.08,0.05,0.0,0.0,313.0,,2024-10-15,中证交易所绿色债券指数
2024-10-15,931147,中证交易所高等级绿色债券指数,交易所高等级绿色债,CSI Exchange High Grade Green Bond Index,Exchange High Grade Green Bond,,,,141.28,0.08,0.05,0.0,0.0,300.0,,2024-10-15,中证交易所高等级绿色债券指数
2024-10-15,931145,中证绿色债券指数,中证绿色债,CSI Green Bond Index,CSI Green Bond,,,,136.1,0.04,0.03,0.0,0.0,930.0,,2024-10-15,中证绿色债券指数
2024-10-16,930951,中证交易所绿色债券指数,交易所绿色债,CSI Exchange Green Bond Index,Exchange Green Bond,,,,141.46,0.07,0.05,0.0,0.0,313.0,,2024-10-16,中证交易所绿色债券指数
2024-10-16,931147,中证交易所高等级绿色债券指数,交易所高等级绿色债,CSI Exchange High Grade Green Bond Index,Exchange High Grade Green Bond,,,,141.35,0.07,0.05,0.0,0.0,300.0,,2024-10-16,中证交易所高等级绿色债券指数
2024-10-16,931145,中证绿色债券指数,中证绿色债,CSI Green Bond Index,CSI Green Bond,,,,136.13,0.03,0.02,0.0,0.0,930.0,,2024-10-16,中证绿色债券指数
2024-10-17,930951,中证交易所绿色债券指数,交易所绿色债,CSI Exchange Green Bond Index,Exchange Green Bond,,,,141.52,0.06,0.04,0.0,0.0,313.0,,2024-10-17,中证交易所绿色债券指数
2024-10-17,931147,中证交易所高等级绿色债券指数,交易所高等级绿色债,CSI Exchange High Grade Green Bond Index,Exchange High Grade Green Bond,,,,141.41,0.06,0.04,0.0,0.0,300.0,,2024-10-17,中证交易所高等级绿色债券指数
2024-10-17,931145,中证绿色债券指数,中证绿色债,CSI Green Bond Index,CSI Green Bond,,,,136.15,0.02,0.02,0.0,0.0,930.0,,2024-10-17,中证绿色债券指数
2024-10-18,930951,中证交易所绿色债券指数,交易所绿色债,CSI Exchange Green Bond Index,Exchange Green Bond,,,,141.56,0.04,0.03,0.0,0.0,313.0,,2024-10-18,中证交易所绿色债券指数
2024-10-18,931147,中证交易所高等级绿色债券指数,交易所高等级绿色债,CSI Exchange High Grade Green Bond Index,Exchange High Grade Green Bond,,,,141.45,0.04,0.03,0.0,0.0,300.0,,2024-10-18,中证交易所高等级绿色债券指数
2024-10-18,931145,中证绿色债券指数,中证绿色债,CSI Green Bond Index,CSI Green Bond,,,,136.18,0.03,0.02,0.0,0.0,930.0,,2024-10-18,中证绿色债券指数
2024-10-21,930951,中证交易所绿色债券指数,交易所绿色债,CSI Exchange Green Bond Index,Exchange Green Bond,,,,141.57,0.01,0.01,0.0,0.0,313.0,,2024-10-21,中证交易所绿色债券指数
2024-10-21,931147,中证交易所高等级绿色债券指数,交易所高等级绿色债,CSI Exchange High Grade Green Bond Index,Exchange High Grade Green Bond,,,,141.46,0.01,0.01,0.0,0.0,300.0,,2024-10-21,中证交易所高等级绿色债券指数
2024-10-21,931145,中证绿色债券指数,中证绿色债,CSI Green Bond Index,CSI Green Bond,,,,136.18,0.0,0.0,0.0,0.0,929.0,,2024-10-21,中证绿色债券指数
2024-10-22,930951,中证交易所绿色债券指数,交易所绿色债,CSI Exchange Green Bond Index,Exchange Green Bond,,,,141.51,-0.05,-0.04,0.0,0.0,312.0,,2024-10-22,中证交易所绿色债券指数
2024-10-22,931147,中证交易所高等级绿色债券指数,交易所高等级绿色债,CSI Exchange High Grade Green Bond Index,Exchange High Grade Green Bond,,,,141.41,-0.06,-0.04,0.0,0.0,299.0,,2024-10-22,中证交易所高等级绿色债券指数
2024-10-22,931145,中证绿色债券指数,中证绿色债,CSI Green Bond Index,CSI Green Bond,,,,136.15,-0.03,-0.03,0.0,0.0,928.0,,2024-10-22,中证绿色债券指数
2024-10-23,930951,中证交易所绿色债券指数,交易所绿色债,CSI Exchange Green Bond Index,Exchange Green Bond,,,,141.37,-0.14,-0.1,0.0,0.0,312.0,,2024-10-23,中证交易所绿色债券指数
2024-10-23,931147,中证交易所高等级绿色债券指数,交易所高等级绿色债,CSI Exchange High Grade Green Bond Index,Exchange High Grade Green Bond,,,,141.26,-0.14,-0.1,0.0,0.0,299.0,,2024-10-23,中证交易所高等级绿色债券指数
2024-10-23,931145,中证绿色债券指数,中证绿色债,CSI Green Bond Index,CSI Green Bond,,,,136.06,-0.09,-0.06,0.0,0.0,928.0,,2024-10-23,中证绿色债券指数
2024-10-24,930951,中证交易所绿色债券指数,交易所绿色债,CSI Exchange Green Bond Index,Exchange Green Bond,,,,141.39,0.02,0.02,0.0,0.0,312.0,,2024-10-24,中证交易所绿色债券指数
2024-10-24,931147,中证交易所高等级绿色债券指数,交易所高等级绿色债,CSI Exchange High Grade Green Bond Index,Exchange High Grade Green Bond,,,,141.29,0.02,0.02,0.0,0.0,299.0,,2024-10-24,中证交易所高等级绿色债券指数
2024-10-24,931145,中证绿色债券指数,中证绿色债,CSI Green Bond Index,CSI Green Bond,,,,136.08,0.02,0.01,0.0,0.0,928.0,,2024-10-24,中证绿色债券指数
2024-10-25,930951,中证交易所绿色债券指数,交易所绿色债,CSI Exchange Green Bond Index,Exchange Green Bond,,,,141.35,-0.04,-0.03,0.0,0.0,312.0,,2024-10-25,中证交易所绿色债券指数
2024-10-25,931147,中证交易所高等级绿色债券指数,交易所高等级绿色债,CSI Exchange High Grade Green Bond Index,Exchange High Grade Green Bond,,,,141.24,-0.04,-0.03,0.0,0.0,299.0,,2024-10-25,中证交易所高等级绿色债券指数
2024-10-25,931145,中证绿色债券指数,中证绿色债,CSI Green Bond Index,CSI Green Bond,,,,136.07,-0.01,-0.01,0.0,0.0,928.0,,2024-10-25,中证绿色债券指数
2024-10-28,930951,中证交易所绿色债券指数,交易所绿色债,CSI Exchange Green Bond Index,Exchange Green Bond,,,,141.31,-0.04,-0.03,0.0,0.0,312.0,,2024-10-28,中证交易所绿色债券指数
2024-10-28,931147,中证交易所高等级绿色债券指数,交易所高等级绿色债,CSI Exchange High Grade Green Bond Index,Exchange High Grade Green Bond,,,,141.2,-0.04,-0.03,0.0,0.0,299.0,,2024-10-28,中证交易所高等级绿色债券指数
2024-10-28,931145,中证绿色债券指数,中证绿色债,CSI Green Bond Index,CSI Green Bond,,,,136.07,0.01,0.0,0.0,0.0,928.0,,2024-10-28,中证绿色债券指数
2024-10-29,930951,中证交易所绿色债券指数,交易所绿色债,CSI Exchange Green Bond Index,Exchange Green Bond,,,,141.27,-0.04,-0.03,0.0,0.0,312.0,,2024-10-29,中证交易所绿色债券指数
2024-10-29,931147,中证交易所高等级绿色债券指数,交易所高等级绿色债,CSI Exchange High Grade Green Bond Index,Exchange High Grade Green Bond,,,,141.16,-0.04,-0.03,0.0,0.0,299.0,,2024-10-29,中证交易所高等级绿色债券指数
2024-10-29,931145,中证绿色债券指数,中证绿色债,CSI Green Bond Index,CSI Green Bond,,,,136.06,-0.01,-0.01,0.0,0.0,928.0,,2024-10-29,中证绿色债券指数
2024-10-30,930951,中证交易所绿色债券指数,交易所绿色债,CSI Exchange Green Bond Index,Exchange Green Bond,,,,141.28,0.01,0.01,0.0,0.0,312.0,,2024-10-30,中证交易所绿色债券指数
2024-10-30,931147,中证交易所高等级绿色债券指数,交易所高等级绿色债,CSI Exchange High Grade Green Bond Index,Exchange High Grade Green Bond,,,,141.17,0.01,0.01,0.0,0.0,299.0,,2024-10-30,中证交易所高等级绿色债券指数
2024-10-30,931145,中证绿色债券指数,中证绿色债,CSI Green Bond Index,CSI Green Bond,,,,136.09,0.03,0.02,0.0,0.0,928.0,,2024-10-30,中证绿色债券指数
2024-10-31,930951,中证交易所绿色债券指数,交易所绿色债,CSI Exchange Green Bond Index,Exchange Green Bond,,,,141.29,0.01,0.01,0.0,0.0,312.0,,2024-10-31,中证交易所绿色债券指数
2024-10-31,931147,中证交易所高等级绿色债券指数,交易所高等级绿色债,CSI Exchange High Grade Green Bond Index,Exchange High Grade Green Bond,,,,141.19,0.01,0.01,0.0,0.0,299.0,,2024-10-31,中证交易所高等级绿色债券指数
2024-10-31,931145,中证绿色债券指数,中证绿色债,CSI Green Bond Index,CSI Green Bond,,,,136.11,0.02,0.02,0.0,0.0,928.0,,2024-10-31,中证绿色债券指数
2024-11-01,930951,中证交易所绿色债券指数,交易所绿色债,CSI Exchange Green Bond Index,Exchange Green Bond,,,,141.37,0.08,0.05,0.0,0.0,311.0,,2024-11-01,中证交易所绿色债券指数
2024-11-01,931147,中证交易所高等级绿色债券指数,交易所高等级绿色债,CSI Exchange High Grade Green Bond Index,Exchange High Grade Green Bond,,,,141.26,0.08,0.05,0.0,0.0,298.0,,2024-11-01,中证交易所高等级绿色债券指数
2024-11-01,931145,中证绿色债券指数,中证绿色债,CSI Green Bond Index,CSI Green Bond,,,,136.18,0.07,0.05,0.0,0.0,916.0,,2024-11-01,中证绿色债券指数
2024-11-04,930951,中证交易所绿色债券指数,交易所绿色债,CSI Exchange Green Bond Index,Exchange Green Bond,,,,141.45,0.08,0.06,0.0,0.0,311.0,,2024-11-04,中证交易所绿色债券指数
2024-11-04,931147,中证交易所高等级绿色债券指数,交易所高等级绿色债,CSI Exchange High Grade Green Bond Index,Exchange High Grade Green Bond,,,,141.34,0.08,0.06,0.0,0.0,298.0,,2024-11-04,中证交易所高等级绿色债券指数
2024-11-04,931145,中证绿色债券指数,中证绿色债,CSI Green Bond Index,CSI Green Bond,,,,136.24,0.05,0.04,0.0,0.0,916.0,,2024-11-04,中证绿色债券指数
2024-11-05,930951,中证交易所绿色债券指数,交易所绿色债,CSI Exchange Green Bond Index,Exchange Green Bond,,,,141.48,0.03,0.02,0.0,0.0,311.0,,2024-11-05,中证交易所绿色债券指数
2024-11-05,931147,中证交易所高等级绿色债券指数,交易所高等级绿色债,CSI Exchange High Grade Green Bond Index,Exchange High Grade Green Bond,,,,141.38,0.03,0.02,0.0,0.0,298.0,,2024-11-05,中证交易所高等级绿色债券指数
2024-11-05,931145,中证绿色债券指数,中证绿色债,CSI Green Bond Index,CSI Green Bond,,,,136.26,0.02,0.02,0.0,0.0,916.0,,2024-11-05,中证绿色债券指数
2024-11-06,930951,中证交易所绿色债券指数,交易所绿色债,CSI Exchange Green Bond Index,Exchange Green Bond,,,,141.5,0.02,0.02,0.0,0.0,311.0,,2024-11-06,中证交易所绿色债券指数
2024-11-06,931147,中证交易所高等级绿色债券指数,交易所高等级绿色债,CSI Exchange High Grade Green Bond Index,Exchange High Grade Green Bond,,,,141.4,0.02,0.02,0.0,0.0,298.0,,2024-11-06,中证交易所高等级绿色债券指数
2024-11-06,931145,中证绿色债券指数,中证绿色债,CSI Green Bond Index,CSI Green Bond,,,,136.28,0.02,0.02,0.0,0.0,916.0,,2024-11-06,中证绿色债券指数
2024-11-07,930951,中证交易所绿色债券指数,交易所绿色债,CSI Exchange Green Bond Index,Exchange Green Bond,,,,141.58,0.08,0.05,0.0,0.0,311.0,,2024-11-07,中证交易所绿色债券指数
2024-11-07,931147,中证交易所高等级绿色债券指数,交易所高等级绿色债,CSI Exchange High Grade Green Bond Index,Exchange High Grade Green Bond,,,,141.47,0.08,0.05,0.0,0.0,298.0,,2024-11-07,中证交易所高等级绿色债券指数
2024-11-07,931145,中证绿色债券指数,中证绿色债,CSI Green Bond Index,CSI Green Bond,,,,136.33,0.05,0.04,0.0,0.0,916.0,,2024-11-07,中证绿色债券指数
2024-11-08,930951,中证交易所绿色债券指数,交易所绿色债,CSI Exchange Green Bond Index,Exchange Green Bond,,,,141.64,0.06,0.05,0.0,0.0,311.0,,2024-11-08,中证交易所绿色债券指数
2024-11-08,931147,中证交易所高等级绿色债券指数,交易所高等级绿色债,CSI Exchange High Grade Green Bond Index,Exchange High Grade Green Bond,,,,141.54,0.07,0.05,0.0,0.0,298.0,,2024-11-08,中证交易所高等级绿色债券指数
2024-11-08,931145,中证绿色债券指数,中证绿色债,CSI Green Bond Index,CSI Green Bond,,,,136.37,0.04,0.03,0.0,0.0,916.0,,2024-11-08,中证绿色债券指数
2024-11-11,930951,中证交易所绿色债券指数,交易所绿色债,CSI Exchange Green Bond Index,Exchange Green Bond,,,,141.72,0.08,0.05,0.0,0.0,311.0,,2024-11-11,中证交易所绿色债券指数
2024-11-11,931147,中证交易所高等级绿色债券指数,交易所高等级绿色债,CSI Exchange High Grade Green Bond Index,Exchange High Grade Green Bond,,,,141.61,0.08,0.05,0.0,0.0,298.0,,2024-11-11,中证交易所高等级绿色债券指数
2024-11-11,931145,中证绿色债券指数,中证绿色债,CSI Green Bond Index,CSI Green Bond,,,,136.41,0.04,0.03,0.0,0.0,915.0,,2024-11-11,中证绿色债券指数
2024-11-12,930951,中证交易所绿色债券指数,交易所绿色债,CSI Exchange Green Bond Index,Exchange Green Bond,,,,141.77,0.05,0.03,0.0,0.0,311.0,,2024-11-12,中证交易所绿色债券指数
2024-11-12,931147,中证交易所高等级绿色债券指数,交易所高等级绿色债,CSI Exchange High Grade Green Bond Index,Exchange High Grade Green Bond,,,,141.66,0.05,0.03,0.0,0.0,298.0,,2024-11-12,中证交易所高等级绿色债券指数
2024-11-12,931145,中证绿色债券指数,中证绿色债,CSI Green Bond Index,CSI Green Bond,,,,136.43,0.02,0.02,0.0,0.0,915.0,,2024-11-12,中证绿色债券指数
2024-11-13,930951,中证交易所绿色债券指数,交易所绿色债,CSI Exchange Green Bond Index,Exchange Green Bond,,,,141.82,0.05,0.03,0.0,0.0,311.0,,2024-11-13,中证交易所绿色债券指数
2024-11-13,931147,中证交易所高等级绿色债券指数,交易所高等级绿色债,CSI Exchange High Grade Green Bond Index,Exchange High Grade Green Bond,,,,141.71,0.05,0.03,0.0,0.0,298.0,,2024-11-13,中证交易所高等级绿色债券指数
2024-11-13,931145,中证绿色债券指数,中证绿色债,CSI Green Bond Index,CSI Green Bond,,,,136.45,0.02,0.02,0.0,0.0,915.0,,2024-11-13,中证绿色债券指数
2024-11-14,930951,中证交易所绿色债券指数,交易所绿色债,CSI Exchange Green Bond Index,Exchange Green Bond,,,,141.81,-0.01,0.0,0.0,0.0,311.0,,2024-11-14,中证交易所绿色债券指数
2024-11-14,931147,中证交易所高等级绿色债券指数,交易所高等级绿色债,CSI Exchange High Grade Green Bond Index,Exchange High Grade Green Bond,,,,141.71,-0.01,0.0,0.0,0.0,298.0,,2024-11-14,中证交易所高等级绿色债券指数
2024-11-14,931145,中证绿色债券指数,中证绿色债,CSI Green Bond Index,CSI Green Bond,,,,136.45,0.0,0.0,0.0,0.0,915.0,,2024-11-14,中证绿色债券指数
2024-11-15,930951,中证交易所绿色债券指数,交易所绿色债,CSI Exchange Green Bond Index,Exchange Green Bond,,,,141.84,0.04,0.03,0.0,0.0,311.0,,2024-11-15,中证交易所绿色债券指数
2024-11-15,931147,中证交易所高等级绿色债券指数,交易所高等级绿色债,CSI Exchange High Grade Green Bond Index,Exchange High Grade Green Bond,,,,141.74,0.03,0.02,0.0,0.0,298.0,,2024-11-15,中证交易所高等级绿色债券指数
2024-11-15,931145,中证绿色债券指数,中证绿色债,CSI Green Bond Index,CSI Green Bond,,,,136.47,0.02,0.02,0.0,0.0,915.0,,2024-11-15,中证绿色债券指数
2024-11-18,930951,中证交易所绿色债券指数,交易所绿色债,CSI Exchange Green Bond Index,Exchange Green Bond,,,,141.89,0.04,0.03,0.0,0.0,311.0,,2024-11-18,中证交易所绿色债券指数
2024-11-18,931147,中证交易所高等级绿色债券指数,交易所高等级绿色债,CSI Exchange High Grade Green Bond Index,Exchange High Grade Green Bond,,,,141.78,0.04,0.03,0.0,0.0,298.0,,2024-11-18,中证交易所高等级绿色债券指数
2024-11-18,931145,中证绿色债券指数,中证绿色债,CSI Green Bond Index,CSI Green Bond,,,,136.49,0.02,0.02,0.0,0.0,915.0,,2024-11-18,中证绿色债券指数
2024-11-19,930951,中证交易所绿色债券指数,交易所绿色债,CSI Exchange Green Bond Index,Exchange Green Bond,,,,141.88,0.0,0.0,0.0,0.0,311.0,,2024-11-19,中证交易所绿色债券指数
2024-11-19,931147,中证交易所高等级绿色债券指数,交易所高等级绿色债,CSI Exchange High Grade Green Bond Index,Exchange High Grade Green Bond,,,,141.78,0.0,0.0,0.0,0.0,298.0,,2024-11-19,中证交易所高等级绿色债券指数
2024-11-19,931145,中证绿色债券指数,中证绿色债,CSI Green Bond Index,CSI Green Bond,,,,136.49,-0.01,0.0,0.0,0.0,915.0,,2024-11-19,中证绿色债券指数
2024-11-20,930951,中证交易所绿色债券指数,交易所绿色债,CSI Exchange Green Bond Index,Exchange Green Bond,,,,141.89,0.01,0.01,0.0,0.0,311.0,,2024-11-20,中证交易所绿色债券指数
2024-11-20,931147,中证交易所高等级绿色债券指数,交易所高等级绿色债,CSI Exchange High Grade Green Bond Index,Exchange High Grade Green Bond,,,,141.79,0.01,0.01,0.0,0.0,298.0,,2024-11-20,中证交易所高等级绿色债券指数
2024-11-20,931145,中证绿色债券指数,中证绿色债,CSI Green Bond Index,CSI Green Bond,,,,136.5,0.01,0.01,0.0,0.0,915.0,,2024-11-20,中证绿色债券指数
2024-11-21,930951,中证交易所绿色债券指数,交易所绿色债,CSI Exchange Green Bond Index,Exchange Green Bond,,,,141.93,0.04,0.02,0.0,0.0,311.0,,2024-11-21,中证交易所绿色债券指数
2024-11-21,931147,中证交易所高等级绿色债券指数,交易所高等级绿色债,CSI Exchange High Grade Green Bond Index,Exchange High Grade Green Bond,,,,141.82,0.04,0.02,0.0,0.0,298.0,,2024-11-21,中证交易所高等级绿色债券指数
2024-11-21,931145,中证绿色债券指数,中证绿色债,CSI Green Bond Index,CSI Green Bond,,,,136.52,0.02,0.02,0.0,0.0,915.0,,2024-11-21,中证绿色债券指数
2024-11-22,930951,中证交易所绿色债券指数,交易所绿色债,CSI Exchange Green Bond Index,Exchange Green Bond,,,,141.99,0.06,0.04,0.0,0.0,311.0,,2024-11-22,中证交易所绿色债券指数
2024-11-22,931147,中证交易所高等级绿色债券指数,交易所高等级绿色债,CSI Exchange High Grade Green Bond Index,Exchange High Grade Green Bond,,,,141.88,0.06,0.04,0.0,0.0,298.0,,2024-11-22,中证交易所高等级绿色债券指数
2024-11-22,931145,中证绿色债券指数,中证绿色债,CSI Green Bond Index,CSI Green Bond,,,,136.55,0.03,0.02,0.0,0.0,915.0,,2024-11-22,中证绿色债券指数
2024-11-25,930951,中证交易所绿色债券指数,交易所绿色债,CSI Exchange Green Bond Index,Exchange Green Bond,,,,142.03,0.04,0.03,0.0,0.0,311.0,,2024-11-25,中证交易所绿色债券指数
2024-11-25,931147,中证交易所高等级绿色债券指数,交易所高等级绿色债,CSI Exchange High Grade Green Bond Index,Exchange High Grade Green Bond,,,,141.92,0.04,0.03,0.0,0.0,298.0,,2024-11-25,中证交易所高等级绿色债券指数
2024-11-25,931145,中证绿色债券指数,中证绿色债,CSI Green Bond Index,CSI Green Bond,,,,136.58,0.03,0.02,0.0,0.0,915.0,,2024-11-25,中证绿色债券指数
2024-11-26,930951,中证交易所绿色债券指数,交易所绿色债,CSI Exchange Green Bond Index,Exchange Green Bond,,,,142.09,0.06,0.04,0.0,0.0,311.0,,2024-11-26,中证交易所绿色债券指数
2024-11-26,931147,中证交易所高等级绿色债券指数,交易所高等级绿色债,CSI Exchange High Grade Green Bond Index,Exchange High Grade Green Bond,,,,141.98,0.06,0.04,0.0,0.0,298.0,,2024-11-26,中证交易所高等级绿色债券指数
2024-11-26,931145,中证绿色债券指数,中证绿色债,CSI Green Bond Index,CSI Green Bond,,,,136.61,0.03,0.02,0.0,0.0,915.0,,2024-11-26,中证绿色债券指数
2024-11-27,930951,中证交易所绿色债券指数,交易所绿色债,CSI Exchange Green Bond Index,Exchange Green Bond,,,,142.13,0.04,0.03,0.0,0.0,311.0,,2024-11-27,中证交易所绿色债券指数
2024-11-27,931147,中证交易所高等级绿色债券指数,交易所高等级绿色债,CSI Exchange High Grade Green Bond Index,Exchange High Grade Green Bond,,,,142.02,0.04,0.03,0.0,0.0,298.0,,2024-11-27,中证交易所高等级绿色债券指数
2024-11-27,931145,中证绿色债券指数,中证绿色债,CSI Green Bond Index,CSI Green Bond,,,,136.64,0.02,0.02,0.0,0.0,915.0,,2024-11-27,中证绿色债券指数
2024-11-28,930951,中证交易所绿色债券指数,交易所绿色债,CSI Exchange Green Bond Index,Exchange Green Bond,,,,142.18,0.05,0.04,0.0,0.0,311.0,,2024-11-28,中证交易所绿色债券指数
2024-11-28,931147,中证交易所高等级绿色债券指数,交易所高等级绿色债,CSI Exchange High Grade Green Bond Index,Exchange High Grade Green Bond,,,,142.07,0.05,0.04,0.0,0.0,298.0,,2024-11-28,中证交易所高等级绿色债券指数
2024-11-28,931145,中证绿色债券指数,中证绿色债,CSI Green Bond Index,CSI Green Bond,,,,136.66,0.03,0.02,0.0,0.0,915.0,,2024-11-28,中证绿色债券指数
2024-11-29,930951,中证交易所绿色债券指数,交易所绿色债,CSI Exchange Green Bond Index,Exchange Green Bond,,,,142.27,0.09,0.06,0.0,0.0,311.0,,2024-11-29,中证交易所绿色债券指数
2024-11-29,931147,中证交易所高等级绿色债券指数,交易所高等级绿色债,CSI Exchange High Grade Green Bond Index,Exchange High Grade Green Bond,,,,142.16,0.09,0.06,0.0,0.0,298.0,,2024-11-29,中证交易所高等级绿色债券指数
2024-11-29,931145,中证绿色债券指数,中证绿色债,CSI Green Bond Index,CSI Green Bond,,,,136.73,0.07,0.05,0.0,0.0,915.0,,2024-11-29,中证绿色债券指数
2024-12-02,930951,中证交易所绿色债券指数,交易所绿色债,CSI Exchange Green Bond Index,Exchange Green Bond,,,,142.47,0.2,0.14,0.0,0.0,307.0,,2024-12-02,中证交易所绿色债券指数
2024-12-02,931147,中证交易所高等级绿色债券指数,交易所高等级绿色债,CSI Exchange High Grade Green Bond Index,Exchange High Grade Green Bond,,,,142.36,0.2,0.14,0.0,0.0,294.0,,2024-12-02,中证交易所高等级绿色债券指数
2024-12-02,931145,中证绿色债券指数,中证绿色债,CSI Green Bond Index,CSI Green Bond,,,,136.89,0.16,0.12,0.0,0.0,912.0,,2024-12-02,中证绿色债券指数
2024-12-03,930951,中证交易所绿色债券指数,交易所绿色债,CSI Exchange Green Bond Index,Exchange Green Bond,,,,142.57,0.1,0.07,0.0,0.0,307.0,,2024-12-03,中证交易所绿色债券指数
2024-12-03,931147,中证交易所高等级绿色债券指数,交易所高等级绿色债,CSI Exchange High Grade Green Bond Index,Exchange High Grade Green Bond,,,,142.47,0.1,0.07,0.0,0.0,294.0,,2024-12-03,中证交易所高等级绿色债券指数
2024-12-03,931145,中证绿色债券指数,中证绿色债,CSI Green Bond Index,CSI Green Bond,,,,136.95,0.06,0.04,0.0,0.0,912.0,,2024-12-03,中证绿色债券指数
2024-12-04,930951,中证交易所绿色债券指数,交易所绿色债,CSI Exchange Green Bond Index,Exchange Green Bond,,,,142.62,0.05,0.03,0.0,0.0,307.0,,2024-12-04,中证交易所绿色债券指数
2024-12-04,931147,中证交易所高等级绿色债券指数,交易所高等级绿色债,CSI Exchange High Grade Green Bond Index,Exchange High Grade Green Bond,,,,142.51,0.05,0.03,0.0,0.0,294.0,,2024-12-04,中证交易所高等级绿色债券指数
2024-12-04,931145,中证绿色债券指数,中证绿色债,CSI Green Bond Index,CSI Green Bond,,,,136.98,0.03,0.02,0.0,0.0,912.0,,2024-12-04,中证绿色债券指数
2024-12-05,930951,中证交易所绿色债券指数,交易所绿色债,CSI Exchange Green Bond Index,Exchange Green Bond,,,,142.66,0.04,0.03,0.0,0.0,307.0,,2024-12-05,中证交易所绿色债券指数
2024-12-05,931147,中证交易所高等级绿色债券指数,交易所高等级绿色债,CSI Exchange High Grade Green Bond Index,Exchange High Grade Green Bond,,,,142.56,0.04,0.03,0.0,0.0,294.0,,2024-12-05,中证交易所高等级绿色债券指数
2024-12-05,931145,中证绿色债券指数,中证绿色债,CSI Green Bond Index,CSI Green Bond,,,,137.01,0.03,0.02,0.0,0.0,912.0,,2024-12-05,中证绿色债券指数
2024-12-06,930951,中证交易所绿色债券指数,交易所绿色债,CSI Exchange Green Bond Index,Exchange Green Bond,,,,142.7,0.04,0.03,0.0,0.0,307.0,,2024-12-06,中证交易所绿色债券指数
2024-12-06,931147,中证交易所高等级绿色债券指数,交易所高等级绿色债,CSI Exchange High Grade Green Bond Index,Exchange High Grade Green Bond,,,,142.59,0.04,0.03,0.0,0.0,294.0,,2024-12-06,中证交易所高等级绿色债券指数
2024-12-06,931145,中证绿色债券指数,中证绿色债,CSI Green Bond Index,CSI Green Bond,,,,137.03,0.02,0.01,0.0,0.0,912.0,,2024-12-06,中证绿色债券指数
2024-12-09,930951,中证交易所绿色债券指数,交易所绿色债,CSI Exchange Green Bond Index,Exchange Green Bond,,,,142.76,0.06,0.04,0.0,0.0,307.0,,2024-12-09,中证交易所绿色债券指数
2024-12-09,931147,中证交易所高等级绿色债券指数,交易所高等级绿色债,CSI Exchange High Grade Green Bond Index,Exchange High Grade Green Bond,,,,142.65,0.06,0.04,0.0,0.0,294.0,,2024-12-09,中证交易所高等级绿色债券指数
2024-12-09,931145,中证绿色债券指数,中证绿色债,CSI Green Bond Index,CSI Green Bond,,,,137.06,0.03,0.02,0.0,0.0,912.0,,2024-12-09,中证绿色债券指数
2024-12-10,930951,中证交易所绿色债券指数,交易所绿色债,CSI Exchange Green Bond Index,Exchange Green Bond,,,,142.9,0.14,0.1,0.0,0.0,307.0,,2024-12-10,中证交易所绿色债券指数
2024-12-10,931147,中证交易所高等级绿色债券指数,交易所高等级绿色债,CSI Exchange High Grade Green Bond Index,Exchange High Grade Green Bond,,,,142.79,0.14,0.1,0.0,0.0,294.0,,2024-12-10,中证交易所高等级绿色债券指数
2024-12-10,931145,中证绿色债券指数,中证绿色债,CSI Green Bond Index,CSI Green Bond,,,,137.16,0.1,0.07,0.0,0.0,912.0,,2024-12-10,中证绿色债券指数
2024-12-11,930951,中证交易所绿色债券指数,交易所绿色债,CSI Exchange Green Bond Index,Exchange Green Bond,,,,142.92,0.02,0.01,0.0,0.0,306.0,,2024-12-11,中证交易所绿色债券指数
2024-12-11,931147,中证交易所高等级绿色债券指数,交易所高等级绿色债,CSI Exchange High Grade Green Bond Index,Exchange High Grade Green Bond,,,,142.81,0.02,0.01,0.0,0.0,293.0,,2024-12-11,中证交易所高等级绿色债券指数
2024-12-11,931145,中证绿色债券指数,中证绿色债,CSI Green Bond Index,CSI Green Bond,,,,137.18,0.02,0.01,0.0,0.0,911.0,,2024-12-11,中证绿色债券指数
2024-12-12,930951,中证交易所绿色债券指数,交易所绿色债,CSI Exchange Green Bond Index,Exchange Green Bond,,,,142.95,0.04,0.03,0.0,0.0,306.0,,2024-12-12,中证交易所绿色债券指数
2024-12-12,931147,中证交易所高等级绿色债券指数,交易所高等级绿色债,CSI Exchange High Grade Green Bond Index,Exchange High Grade Green Bond,,,,142.85,0.04,0.03,0.0,0.0,293.0,,2024-12-12,中证交易所高等级绿色债券指数
2024-12-12,931145,中证绿色债券指数,中证绿色债,CSI Green Bond Index,CSI Green Bond,,,,137.21,0.04,0.03,0.0,0.0,911.0,,2024-12-12,中证绿色债券指数
2024-12-13,930951,中证交易所绿色债券指数,交易所绿色债,CSI Exchange Green Bond Index,Exchange Green Bond,,,,143.05,0.09,0.07,0.0,0.0,306.0,,2024-12-13,中证交易所绿色债券指数
2024-12-13,931147,中证交易所高等级绿色债券指数,交易所高等级绿色债,CSI Exchange High Grade Green Bond Index,Exchange High Grade Green Bond,,,,142.94,0.09,0.07,0.0,0.0,293.0,,2024-12-13,中证交易所高等级绿色债券指数
2024-12-13,931145,中证绿色债券指数,中证绿色债,CSI Green Bond Index,CSI Green Bond,,,,137.3,0.09,0.06,0.0,0.0,911.0,,2024-12-13,中证绿色债券指数
2024-12-16,930951,中证交易所绿色债券指数,交易所绿色债,CSI Exchange Green Bond Index,Exchange Green Bond,,,,143.17,0.12,0.08,0.0,0.0,306.0,,2024-12-16,中证交易所绿色债券指数
2024-12-16,931147,中证交易所高等级绿色债券指数,交易所高等级绿色债,CSI Exchange High Grade Green Bond Index,Exchange High Grade Green Bond,,,,143.06,0.12,0.08,0.0,0.0,293.0,,2024-12-16,中证交易所高等级绿色债券指数
2024-12-16,931145,中证绿色债券指数,中证绿色债,CSI Green Bond Index,CSI Green Bond,,,,137.38,0.08,0.06,0.0,0.0,911.0,,2024-12-16,中证绿色债券指数
2024-12-17,930951,中证交易所绿色债券指数,交易所绿色债,CSI Exchange Green Bond Index,Exchange Green Bond,,,,143.19,0.02,0.02,0.0,0.0,306.0,,2024-12-17,中证交易所绿色债券指数
2024-12-17,931147,中证交易所高等级绿色债券指数,交易所高等级绿色债,CSI Exchange High Grade Green Bond Index,Exchange High Grade Green Bond,,,,143.08,0.02,0.02,0.0,0.0,293.0,,2024-12-17,中证交易所高等级绿色债券指数
2024-12-17,931145,中证绿色债券指数,中证绿色债,CSI Green Bond Index,CSI Green Bond,,,,137.38,-0.01,-0.01,0.0,0.0,911.0,,2024-12-17,中证绿色债券指数
2024-12-18,930951,中证交易所绿色债券指数,交易所绿色债,CSI Exchange Green Bond Index,Exchange Green Bond,,,,143.14,-0.05,-0.04,0.0,0.0,306.0,,2024-12-18,中证交易所绿色债券指数
2024-12-18,931147,中证交易所高等级绿色债券指数,交易所高等级绿色债,CSI Exchange High Grade Green Bond Index,Exchange High Grade Green Bond,,,,143.03,-0.05,-0.04,0.0,0.0,293.0,,2024-12-18,中证交易所高等级绿色债券指数
2024-12-18,931145,中证绿色债券指数,中证绿色债,CSI Green Bond Index,CSI Green Bond,,,,137.37,-0.01,-0.01,0.0,0.0,911.0,,2024-12-18,中证绿色债券指数
2024-12-19,930951,中证交易所绿色债券指数,交易所绿色债,CSI Exchange Green Bond Index,Exchange Green Bond,,,,143.1,-0.03,-0.02,0.0,0.0,306.0,,2024-12-19,中证交易所绿色债券指数
2024-12-19,931147,中证交易所高等级绿色债券指数,交易所高等级绿色债,CSI Exchange High Grade Green Bond Index,Exchange High Grade Green Bond,,,,143.0,-0.04,-0.02,0.0,0.0,293.0,,2024-12-19,中证交易所高等级绿色债券指数
2024-12-19,931145,中证绿色债券指数,中证绿色债,CSI Green Bond Index,CSI Green Bond,,,,137.35,-0.02,-0.01,0.0,0.0,911.0,,2024-12-19,中证绿色债券指数
2024-12-20,930951,中证交易所绿色债券指数,交易所绿色债,CSI Exchange Green Bond Index,Exchange Green Bond,,,,143.15,0.04,0.03,0.0,0.0,306.0,,2024-12-20,中证交易所绿色债券指数
2024-12-20,931147,中证交易所高等级绿色债券指数,交易所高等级绿色债,CSI Exchange High Grade Green Bond Index,Exchange High Grade Green Bond,,,,143.04,0.04,0.03,0.0,0.0,293.0,,2024-12-20,中证交易所高等级绿色债券指数
2024-12-20,931145,中证绿色债券指数,中证绿色债,CSI Green Bond Index,CSI Green Bond,,,,137.39,0.04,0.03,0.0,0.0,910.0,,2024-12-20,中证绿色债券指数
2024-12-23,930951,中证交易所绿色债券指数,交易所绿色债,CSI Exchange Green Bond Index,Exchange Green Bond,,,,143.25,0.1,0.07,0.0,0.0,306.0,,2024-12-23,中证交易所绿色债券指数
2024-12-23,931147,中证交易所高等级绿色债券指数,交易所高等级绿色债,CSI Exchange High Grade Green Bond Index,Exchange High Grade Green Bond,,,,143.14,0.1,0.07,0.0,0.0,293.0,,2024-12-23,中证交易所高等级绿色债券指数
2024-12-23,931145,中证绿色债券指数,中证绿色债,CSI Green Bond Index,CSI Green Bond,,,,137.46,0.07,0.05,0.0,0.0,910.0,,2024-12-23,中证绿色债券指数
2024-12-24,930951,中证交易所绿色债券指数,交易所绿色债,CSI Exchange Green Bond Index,Exchange Green Bond,,,,143.24,0.0,0.0,0.0,0.0,306.0,,2024-12-24,中证交易所绿色债券指数
2024-12-24,931147,中证交易所高等级绿色债券指数,交易所高等级绿色债,CSI Exchange High Grade Green Bond Index,Exchange High Grade Green Bond,,,,143.14,0.0,0.0,0.0,0.0,293.0,,2024-12-24,中证交易所高等级绿色债券指数
2024-12-24,931145,中证绿色债券指数,中证绿色债,CSI Green Bond Index,CSI Green Bond,,,,137.46,0.0,0.0,0.0,0.0,910.0,,2024-12-24,中证绿色债券指数
2024-12-25,930951,中证交易所绿色债券指数,交易所绿色债,CSI Exchange Green Bond Index,Exchange Green Bond,,,,143.21,-0.03,-0.02,0.0,0.0,306.0,,2024-12-25,中证交易所绿色债券指数
2024-12-25,931147,中证交易所高等级绿色债券指数,交易所高等级绿色债,CSI Exchange High Grade Green Bond Index,Exchange High Grade Green Bond,,,,143.1,-0.03,-0.02,0.0,0.0,293.0,,2024-12-25,中证交易所高等级绿色债券指数
2024-12-25,931145,中证绿色债券指数,中证绿色债,CSI Green Bond Index,CSI Green Bond,,,,137.42,-0.04,-0.03,0.0,0.0,910.0,,2024-12-25,中证绿色债券指数
2024-12-26,930951,中证交易所绿色债券指数,交易所绿色债,CSI Exchange Green Bond Index,Exchange Green Bond,,,,143.19,-0.02,-0.01,0.0,0.0,306.0,,2024-12-26,中证交易所绿色债券指数
2024-12-26,931147,中证交易所高等级绿色债券指数,交易所高等级绿色债,CSI Exchange High Grade Green Bond Index,Exchange High Grade Green Bond,,,,143.09,-0.02,-0.01,0.0,0.0,293.0,,2024-12-26,中证交易所高等级绿色债券指数
2024-12-26,931145,中证绿色债券指数,中证绿色债,CSI Green Bond Index,CSI Green Bond,,,,137.38,-0.04,-0.03,0.0,0.0,910.0,,2024-12-26,中证绿色债券指数
2024-12-27,930951,中证交易所绿色债券指数,交易所绿色债,CSI Exchange Green Bond Index,Exchange Green Bond,,,,143.24,0.04,0.03,0.0,0.0,306.0,,2024-12-27,中证交易所绿色债券指数
2024-12-27,931147,中证交易所高等级绿色债券指数,交易所高等级绿色债,CSI Exchange High Grade Green Bond Index,Exchange High Grade Green Bond,,,,143.13,0.05,0.03,0.0,0.0,293.0,,2024-12-27,中证交易所高等级绿色债券指数
2024-12-27,931145,中证绿色债券指数,中证绿色债,CSI Green Bond Index,CSI Green Bond,,,,137.43,0.05,0.03,0.0,0.0,910.0,,2024-12-27,中证绿色债券指数
2024-12-30,930951,中证交易所绿色债券指数,交易所绿色债,CSI Exchange Green Bond Index,Exchange Green Bond,,,,143.29,0.06,0.04,0.0,0.0,306.0,,2024-12-30,中证交易所绿色债券指数
2024-12-30,931147,中证交易所高等级绿色债券指数,交易所高等级绿色债,CSI Exchange High Grade Green Bond Index,Exchange High Grade Green Bond,,,,143.19,0.06,0.04,0.0,0.0,293.0,,2024-12-30,中证交易所高等级绿色债券指数
2024-12-30,931145,中证绿色债券指数,中证绿色债,CSI Green Bond Index,CSI Green Bond,,,,137.48,0.05,0.04,0.0,0.0,909.0,,2024-12-30,中证绿色债券指数
2024-12-31,930951,中证交易所绿色债券指数,交易所绿色债,CSI Exchange Green Bond Index,Exchange Green Bond,,,,143.36,0.06,0.04,0.0,0.0,306.0,,2024-12-31,中证交易所绿色债券指数
2024-12-31,931147,中证交易所高等级绿色债券指数,交易所高等级绿色债,CSI Exchange High Grade Green Bond Index,Exchange High Grade Green Bond,,,,143.25,0.06,0.04,0.0,0.0,293.0,,2024-12-31,中证交易所高等级绿色债券指数
2024-12-31,931145,中证绿色债券指数,中证绿色债,CSI Green Bond Index,CSI Green Bond,,,,137.53,0.06,0.04,0.0,0.0,909.0,,2024-12-31,中证绿色债券指数
2025-01-02,930951,中证交易所绿色债券指数,交易所绿色债,CSI Exchange Green Bond Index,Exchange Green Bond,,,,143.48,0.13,0.09,0.0,0.0,307.0,,2025-01-02,中证交易所绿色债券指数
2025-01-02,931147,中证交易所高等级绿色债券指数,交易所高等级绿色债,CSI Exchange High Grade Green Bond Index,Exchange High Grade Green Bond,,,,143.38,0.13,0.09,0.0,0.0,294.0,,2025-01-02,中证交易所高等级绿色债券指数
2025-01-02,931145,中证绿色债券指数,中证绿色债,CSI Green Bond Index,CSI Green Bond,,,,137.6,0.07,0.05,0.0,0.0,934.0,,2025-01-02,中证绿色债券指数
2025-01-03,930951,中证交易所绿色债券指数,交易所绿色债,CSI Exchange Green Bond Index,Exchange Green Bond,,,,143.62,0.14,0.1,0.0,0.0,307.0,,2025-01-03,中证交易所绿色债券指数
2025-01-03,931147,中证交易所高等级绿色债券指数,交易所高等级绿色债,CSI Exchange High Grade Green Bond Index,Exchange High Grade Green Bond,,,,143.52,0.14,0.1,0.0,0.0,294.0,,2025-01-03,中证交易所高等级绿色债券指数
2025-01-03,931145,中证绿色债券指数,中证绿色债,CSI Green Bond Index,CSI Green Bond,,,,137.67,0.07,0.05,0.0,0.0,934.0,,2025-01-03,中证绿色债券指数
2025-01-06,930951,中证交易所绿色债券指数,交易所绿色债,CSI Exchange Green Bond Index,Exchange Green Bond,,,,143.69,0.07,0.05,0.0,0.0,307.0,,2025-01-06,中证交易所绿色债券指数
2025-01-06,931147,中证交易所高等级绿色债券指数,交易所高等级绿色债,CSI Exchange High Grade Green Bond Index,Exchange High Grade Green Bond,,,,143.59,0.07,0.05,0.0,0.0,294.0,,2025-01-06,中证交易所高等级绿色债券指数
2025-01-06,931145,中证绿色债券指数,中证绿色债,CSI Green Bond Index,CSI Green Bond,,,,137.7,0.03,0.02,0.0,0.0,934.0,,2025-01-06,中证绿色债券指数
2025-01-07,930951,中证交易所绿色债券指数,交易所绿色债,CSI Exchange Green Bond Index,Exchange Green Bond,,,,143.73,0.03,0.02,0.0,0.0,307.0,,2025-01-07,中证交易所绿色债券指数
2025-01-07,931147,中证交易所高等级绿色债券指数,交易所高等级绿色债,CSI Exchange High Grade Green Bond Index,Exchange High Grade Green Bond,,,,143.62,0.03,0.02,0.0,0.0,294.0,,2025-01-07,中证交易所高等级绿色债券指数
2025-01-07,931145,中证绿色债券指数,中证绿色债,CSI Green Bond Index,CSI Green Bond,,,,137.7,0.0,0.0,0.0,0.0,934.0,,2025-01-07,中证绿色债券指数
2025-01-08,930951,中证交易所绿色债券指数,交易所绿色债,CSI Exchange Green Bond Index,Exchange Green Bond,,,,143.72,-0.01,-0.01,0.0,0.0,307.0,,2025-01-08,中证交易所绿色债券指数
2025-01-08,931147,中证交易所高等级绿色债券指数,交易所高等级绿色债,CSI Exchange High Grade Green Bond Index,Exchange High Grade Green Bond,,,,143.61,-0.01,-0.01,0.0,0.0,294.0,,2025-01-08,中证交易所高等级绿色债券指数
2025-01-08,931145,中证绿色债券指数,中证绿色债,CSI Green Bond Index,CSI Green Bond,,,,137.67,-0.02,-0.02,0.0,0.0,934.0,,2025-01-08,中证绿色债券指数
2025-01-09,930951,中证交易所绿色债券指数,交易所绿色债,CSI Exchange Green Bond Index,Exchange Green Bond,,,,143.7,-0.02,-0.01,0.0,0.0,307.0,,2025-01-09,中证交易所绿色债券指数
2025-01-09,931147,中证交易所高等级绿色债券指数,交易所高等级绿色债,CSI Exchange High Grade Green Bond Index,Exchange High Grade Green Bond,,,,143.59,-0.02,-0.01,0.0,0.0,294.0,,2025-01-09,中证交易所高等级绿色债券指数
2025-01-09,931145,中证绿色债券指数,中证绿色债,CSI Green Bond Index,CSI Green Bond,,,,137.63,-0.04,-0.03,0.0,0.0,934.0,,2025-01-09,中证绿色债券指数
2025-01-10,930951,中证交易所绿色债券指数,交易所绿色债,CSI Exchange Green Bond Index,Exchange Green Bond,,,,143.61,-0.09,-0.06,0.0,0.0,307.0,,2025-01-10,中证交易所绿色债券指数
2025-01-10,931147,中证交易所高等级绿色债券指数,交易所高等级绿色债,CSI Exchange High Grade Green Bond Index,Exchange High Grade Green Bond,,,,143.51,-0.09,-0.06,0.0,0.0,294.0,,2025-01-10,中证交易所高等级绿色债券指数
2025-01-10,931145,中证绿色债券指数,中证绿色债,CSI Green Bond Index,CSI Green Bond,,,,137.56,-0.08,-0.06,0.0,0.0,934.0,,2025-01-10,中证绿色债券指数
2025-01-13,930951,中证交易所绿色债券指数,交易所绿色债,CSI Exchange Green Bond Index,Exchange Green Bond,,,,143.59,-0.02,-0.01,0.0,0.0,307.0,,2025-01-13,中证交易所绿色债券指数
2025-01-13,931147,中证交易所高等级绿色债券指数,交易所高等级绿色债,CSI Exchange High Grade Green Bond Index,Exchange High Grade Green Bond,,,,143.49,-0.02,-0.01,0.0,0.0,294.0,,2025-01-13,中证交易所高等级绿色债券指数
2025-01-13,931145,中证绿色债券指数,中证绿色债,CSI Green Bond Index,CSI Green Bond,,,,137.54,-0.02,-0.01,0.0,0.0,934.0,,2025-01-13,中证绿色债券指数
2025-01-14,930951,中证交易所绿色债券指数,交易所绿色债,CSI Exchange Green Bond Index,Exchange Green Bond,,,,143.54,-0.05,-0.04,0.0,0.0,307.0,,2025-01-14,中证交易所绿色债券指数
2025-01-14,931147,中证交易所高等级绿色债券指数,交易所高等级绿色债,CSI Exchange High Grade Green Bond Index,Exchange High Grade Green Bond,,,,143.43,-0.05,-0.04,0.0,0.0,294.0,,2025-01-14,中证交易所高等级绿色债券指数
2025-01-14,931145,中证绿色债券指数,中证绿色债,CSI Green Bond Index,CSI Green Bond,,,,137.5,-0.04,-0.03,0.0,0.0,934.0,,2025-01-14,中证绿色债券指数
2025-01-15,930951,中证交易所绿色债券指数,交易所绿色债,CSI Exchange Green Bond Index,Exchange Green Bond,,,,143.56,0.02,0.01,0.0,0.0,307.0,,2025-01-15,中证交易所绿色债券指数
2025-01-15,931147,中证交易所高等级绿色债券指数,交易所高等级绿色债,CSI Exchange High Grade Green Bond Index,Exchange High Grade Green Bond,,,,143.46,0.02,0.01,0.0,0.0,294.0,,2025-01-15,中证交易所高等级绿色债券指数
2025-01-15,931145,中证绿色债券指数,中证绿色债,CSI Green Bond Index,CSI Green Bond,,,,137.52,0.03,0.02,0.0,0.0,934.0,,2025-01-15,中证绿色债券指数
2025-01-16,930951,中证交易所绿色债券指数,交易所绿色债,CSI Exchange Green Bond Index,Exchange Green Bond,,,,143.54,-0.03,-0.02,0.0,0.0,307.0,,2025-01-16,中证交易所绿色债券指数
2025-01-16,931147,中证交易所高等级绿色债券指数,交易所高等级绿色债,CSI Exchange High Grade Green Bond Index,Exchange High Grade Green Bond,,,,143.43,-0.03,-0.02,0.0,0.0,294.0,,2025-01-16,中证交易所高等级绿色债券指数
2025-01-16,931145,中证绿色债券指数,中证绿色债,CSI Green Bond Index,CSI Green Bond,,,,137.46,-0.06,-0.05,0.0,0.0,934.0,,2025-01-16,中证绿色债券指数
2025-01-17,930951,中证交易所绿色债券指数,交易所绿色债,CSI Exchange Green Bond Index,Exchange Green Bond,,,,143.5,-0.04,-0.03,0.0,0.0,307.0,,2025-01-17,中证交易所绿色债券指数
2025-01-17,931147,中证交易所高等级绿色债券指数,交易所高等级绿色债,CSI Exchange High Grade Green Bond Index,Exchange High Grade Green Bond,,,,143.39,-0.04,-0.03,0.0,0.0,294.0,,2025-01-17,中证交易所高等级绿色债券指数
2025-01-17,931145,中证绿色债券指数,中证绿色债,CSI Green Bond Index,CSI Green Bond,,,,137.43,-0.03,-0.03,0.0,0.0,934.0,,2025-01-17,中证绿色债券指数
2025-01-20,930951,中证交易所绿色债券指数,交易所绿色债,CSI Exchange Green Bond Index,Exchange Green Bond,,,,143.48,-0.02,-0.01,0.0,0.0,307.0,,2025-01-20,中证交易所绿色债券指数
2025-01-20,931147,中证交易所高等级绿色债券指数,交易所高等级绿色债,CSI Exchange High Grade Green Bond Index,Exchange High Grade Green Bond,,,,143.37,-0.02,-0.01,0.0,0.0,294.0,,2025-01-20,中证交易所高等级绿色债券指数
2025-01-20,931145,中证绿色债券指数,中证绿色债,CSI Green Bond Index,CSI Green Bond,,,,137.39,-0.03,-0.02,0.0,0.0,934.0,,2025-01-20,中证绿色债券指数
2025-01-21,930951,中证交易所绿色债券指数,交易所绿色债,CSI Exchange Green Bond Index,Exchange Green Bond,,,,143.47,0.0,0.0,0.0,0.0,307.0,,2025-01-21,中证交易所绿色债券指数
2025-01-21,931147,中证交易所高等级绿色债券指数,交易所高等级绿色债,CSI Exchange High Grade Green Bond Index,Exchange High Grade Green Bond,,,,143.37,0.0,0.0,0.0,0.0,294.0,,2025-01-21,中证交易所高等级绿色债券指数
2025-01-21,931145,中证绿色债券指数,中证绿色债,CSI Green Bond Index,CSI Green Bond,,,,137.38,-0.01,-0.01,0.0,0.0,934.0,,2025-01-21,中证绿色债券指数
2025-01-22,930951,中证交易所绿色债券指数,交易所绿色债,CSI Exchange Green Bond Index,Exchange Green Bond,,,,143.53,0.06,0.04,0.0,0.0,307.0,,2025-01-22,中证交易所绿色债券指数
2025-01-22,931147,中证交易所高等级绿色债券指数,交易所高等级绿色债,CSI Exchange High Grade Green Bond Index,Exchange High Grade Green Bond,,,,143.43,0.06,0.04,0.0,0.0,294.0,,2025-01-22,中证交易所高等级绿色债券指数
2025-01-22,931145,中证绿色债券指数,中证绿色债,CSI Green Bond Index,CSI Green Bond,,,,137.42,0.04,0.03,0.0,0.0,934.0,,2025-01-22,中证绿色债券指数
2025-01-23,930951,中证交易所绿色债券指数,交易所绿色债,CSI Exchange Green Bond Index,Exchange Green Bond,,,,143.51,-0.02,-0.02,0.0,0.0,307.0,,2025-01-23,中证交易所绿色债券指数
2025-01-23,931147,中证交易所高等级绿色债券指数,交易所高等级绿色债,CSI Exchange High Grade Green Bond Index,Exchange High Grade Green Bond,,,,143.4,-0.02,-0.02,0.0,0.0,294.0,,2025-01-23,中证交易所高等级绿色债券指数
2025-01-23,931145,中证绿色债券指数,中证绿色债,CSI Green Bond Index,CSI Green Bond,,,,137.4,-0.03,-0.02,0.0,0.0,934.0,,2025-01-23,中证绿色债券指数
2025-01-24,930951,中证交易所绿色债券指数,交易所绿色债,CSI Exchange Green Bond Index,Exchange Green Bond,,,,143.5,-0.01,-0.01,0.0,0.0,307.0,,2025-01-24,中证交易所绿色债券指数
2025-01-24,931147,中证交易所高等级绿色债券指数,交易所高等级绿色债,CSI Exchange High Grade Green Bond Index,Exchange High Grade Green Bond,,,,143.39,-0.01,-0.01,0.0,0.0,294.0,,2025-01-24,中证交易所高等级绿色债券指数
2025-01-24,931145,中证绿色债券指数,中证绿色债,CSI Green Bond Index,CSI Green Bond,,,,137.36,-0.03,-0.02,0.0,0.0,934.0,,2025-01-24,中证绿色债券指数
2025-01-27,930951,中证交易所绿色债券指数,交易所绿色债,CSI Exchange Green Bond Index,Exchange Green Bond,,,,143.57,0.06,0.04,0.0,0.0,307.0,,2025-01-27,中证交易所绿色债券指数
2025-01-27,931147,中证交易所高等级绿色债券指数,交易所高等级绿色债,CSI Exchange High Grade Green Bond Index,Exchange High Grade Green Bond,,,,143.46,0.06,0.04,0.0,0.0,294.0,,2025-01-27,中证交易所高等级绿色债券指数
2025-01-27,931145,中证绿色债券指数,中证绿色债,CSI Green Bond Index,CSI Green Bond,,,,137.46,0.09,0.07,0.0,0.0,934.0,,2025-01-27,中证绿色债券指数
2025-02-05,930951,中证交易所绿色债券指数,交易所绿色债,CSI Exchange Green Bond Index,Exchange Green Bond,,,,143.66,0.1,0.07,0.0,0.0,309.0,,2025-02-05,中证交易所绿色债券指数
2025-02-05,931147,中证交易所高等级绿色债券指数,交易所高等级绿色债,CSI Exchange High Grade Green Bond Index,Exchange High Grade Green Bond,,,,143.56,0.1,0.07,0.0,0.0,296.0,,2025-02-05,中证交易所高等级绿色债券指数
2025-02-05,931145,中证绿色债券指数,中证绿色债,CSI Green Bond Index,CSI Green Bond,,,,137.55,0.09,0.07,0.0,0.0,932.0,,2025-02-05,中证绿色债券指数
2025-02-06,930951,中证交易所绿色债券指数,交易所绿色债,CSI Exchange Green Bond Index,Exchange Green Bond,,,,143.73,0.06,0.04,0.0,0.0,309.0,,2025-02-06,中证交易所绿色债券指数
2025-02-06,931147,中证交易所高等级绿色债券指数,交易所高等级绿色债,CSI Exchange High Grade Green Bond Index,Exchange High Grade Green Bond,,,,143.62,0.06,0.04,0.0,0.0,296.0,,2025-02-06,中证交易所高等级绿色债券指数
2025-02-06,931145,中证绿色债券指数,中证绿色债,CSI Green Bond Index,CSI Green Bond,,,,137.6,0.05,0.04,0.0,0.0,932.0,,2025-02-06,中证绿色债券指数
2025-02-07,930951,中证交易所绿色债券指数,交易所绿色债,CSI Exchange Green Bond Index,Exchange Green Bond,,,,143.8,0.07,0.05,0.0,0.0,309.0,,2025-02-07,中证交易所绿色债券指数
2025-02-07,931147,中证交易所高等级绿色债券指数,交易所高等级绿色债,CSI Exchange High Grade Green Bond Index,Exchange High Grade Green Bond,,,,143.69,0.07,0.05,0.0,0.0,296.0,,2025-02-07,中证交易所高等级绿色债券指数
2025-02-07,931145,中证绿色债券指数,中证绿色债,CSI Green Bond Index,CSI Green Bond,,,,137.66,0.07,0.05,0.0,0.0,932.0,,2025-02-07,中证绿色债券指数
2025-02-10,930951,中证交易所绿色债券指数,交易所绿色债,CSI Exchange Green Bond Index,Exchange Green Bond,,,,143.82,0.02,0.01,0.0,0.0,309.0,,2025-02-10,中证交易所绿色债券指数
2025-02-10,931147,中证交易所高等级绿色债券指数,交易所高等级绿色债,CSI Exchange High Grade Green Bond Index,Exchange High Grade Green Bond,,,,143.71,0.02,0.01,0.0,0.0,296.0,,2025-02-10,中证交易所高等级绿色债券指数
2025-02-10,931145,中证绿色债券指数,中证绿色债,CSI Green Bond Index,CSI Green Bond,,,,137.66,0.0,0.0,0.0,0.0,932.0,,2025-02-10,中证绿色债券指数
2025-02-11,930951,中证交易所绿色债券指数,交易所绿色债,CSI Exchange Green Bond Index,Exchange Green Bond,,,,143.81,-0.01,-0.01,0.0,0.0,309.0,,2025-02-11,中证交易所绿色债券指数
2025-02-11,931147,中证交易所高等级绿色债券指数,交易所高等级绿色债,CSI Exchange High Grade Green Bond Index,Exchange High Grade Green Bond,,,,143.7,-0.01,-0.01,0.0,0.0,296.0,,2025-02-11,中证交易所高等级绿色债券指数
2025-02-11,931145,中证绿色债券指数,中证绿色债,CSI Green Bond Index,CSI Green Bond,,,,137.65,-0.02,-0.01,0.0,0.0,932.0,,2025-02-11,中证绿色债券指数
2025-02-12,930951,中证交易所绿色债券指数,交易所绿色债,CSI Exchange Green Bond Index,Exchange Green Bond,,,,143.8,-0.01,-0.01,0.0,0.0,309.0,,2025-02-12,中证交易所绿色债券指数
2025-02-12,931147,中证交易所高等级绿色债券指数,交易所高等级绿色债,CSI Exchange High Grade Green Bond Index,Exchange High Grade Green Bond,,,,143.69,-0.01,-0.01,0.0,0.0,296.0,,2025-02-12,中证交易所高等级绿色债券指数
2025-02-12,931145,中证绿色债券指数,中证绿色债,CSI Green Bond Index,CSI Green Bond,,,,137.65,0.01,0.01,0.0,0.0,932.0,,2025-02-12,中证绿色债券指数
2025-02-13,930951,中证交易所绿色债券指数,交易所绿色债,CSI Exchange Green Bond Index,Exchange Green Bond,,,,143.81,0.01,0.01,0.0,0.0,309.0,,2025-02-13,中证交易所绿色债券指数
2025-02-13,931147,中证交易所高等级绿色债券指数,交易所高等级绿色债,CSI Exchange High Grade Green Bond Index,Exchange High Grade Green Bond,,,,143.7,0.01,0.01,0.0,0.0,296.0,,2025-02-13,中证交易所高等级绿色债券指数
2025-02-13,931145,中证绿色债券指数,中证绿色债,CSI Green Bond Index,CSI Green Bond,,,,137.66,0.01,0.01,0.0,0.0,932.0,,2025-02-13,中证绿色债券指数
2025-02-14,930951,中证交易所绿色债券指数,交易所绿色债,CSI Exchange Green Bond Index,Exchange Green Bond,,,,143.77,-0.04,-0.03,0.0,0.0,309.0,,2025-02-14,中证交易所绿色债券指数
2025-02-14,931147,中证交易所高等级绿色债券指数,交易所高等级绿色债,CSI Exchange High Grade Green Bond Index,Exchange High Grade Green Bond,,,,143.66,-0.04,-0.03,0.0,0.0,296.0,,2025-02-14,中证交易所高等级绿色债券指数
2025-02-14,931145,中证绿色债券指数,中证绿色债,CSI Green Bond Index,CSI Green Bond,,,,137.63,-0.03,-0.02,0.0,0.0,932.0,,2025-02-14,中证绿色债券指数
2025-02-17,930951,中证交易所绿色债券指数,交易所绿色债,CSI Exchange Green Bond Index,Exchange Green Bond,,,,143.71,-0.06,-0.04,0.0,0.0,309.0,,2025-02-17,中证交易所绿色债券指数
2025-02-17,931147,中证交易所高等级绿色债券指数,交易所高等级绿色债,CSI Exchange High Grade Green Bond Index,Exchange High Grade Green Bond,,,,143.6,-0.06,-0.04,0.0,0.0,296.0,,2025-02-17,中证交易所高等级绿色债券指数
2025-02-17,931145,中证绿色债券指数,中证绿色债,CSI Green Bond Index,CSI Green Bond,,,,137.59,-0.04,-0.03,0.0,0.0,932.0,,2025-02-17,中证绿色债券指数
2025-02-18,930951,中证交易所绿色债券指数,交易所绿色债,CSI Exchange Green Bond Index,Exchange Green Bond,,,,143.64,-0.07,-0.05,0.0,0.0,309.0,,2025-02-18,中证交易所绿色债券指数
2025-02-18,931147,中证交易所高等级绿色债券指数,交易所高等级绿色债,CSI Exchange High Grade Green Bond Index,Exchange High Grade Green Bond,,,,143.53,-0.07,-0.05,0.0,0.0,296.0,,2025-02-18,中证交易所高等级绿色债券指数
2025-02-18,931145,中证绿色债券指数,中证绿色债,CSI Green Bond Index,CSI Green Bond,,,,137.52,-0.07,-0.05,0.0,0.0,932.0,,2025-02-18,中证绿色债券指数
2025-02-19,930951,中证交易所绿色债券指数,交易所绿色债,CSI Exchange Green Bond Index,Exchange Green Bond,,,,143.6,-0.04,-0.03,0.0,0.0,309.0,,2025-02-19,中证交易所绿色债券指数
2025-02-19,931147,中证交易所高等级绿色债券指数,交易所高等级绿色债,CSI Exchange High Grade Green Bond Index,Exchange High Grade Green Bond,,,,143.49,-0.04,-0.03,0.0,0.0,296.0,,2025-02-19,中证交易所高等级绿色债券指数
2025-02-19,931145,中证绿色债券指数,中证绿色债,CSI Green Bond Index,CSI Green Bond,,,,137.53,0.01,0.01,0.0,0.0,932.0,,2025-02-19,中证绿色债券指数
2025-02-20,930951,中证交易所绿色债券指数,交易所绿色债,CSI Exchange Green Bond Index,Exchange Green Bond,,,,143.56,-0.04,-0.03,0.0,0.0,309.0,,2025-02-20,中证交易所绿色债券指数
2025-02-20,931147,中证交易所高等级绿色债券指数,交易所高等级绿色债,CSI Exchange High Grade Green Bond Index,Exchange High Grade Green Bond,,,,143.45,-0.04,-0.03,0.0,0.0,296.0,,2025-02-20,中证交易所高等级绿色债券指数
2025-02-20,931145,中证绿色债券指数,中证绿色债,CSI Green Bond Index,CSI Green Bond,,,,137.49,-0.04,-0.03,0.0,0.0,932.0,,2025-02-20,中证绿色债券指数
2025-02-21,930951,中证交易所绿色债券指数,交易所绿色债,CSI Exchange Green Bond Index,Exchange Green Bond,,,,143.47,-0.09,-0.06,0.0,0.0,309.0,,2025-02-21,中证交易所绿色债券指数
2025-02-21,931147,中证交易所高等级绿色债券指数,交易所高等级绿色债,CSI Exchange High Grade Green Bond Index,Exchange High Grade Green Bond,,,,143.36,-0.09,-0.06,0.0,0.0,296.0,,2025-02-21,中证交易所高等级绿色债券指数
2025-02-21,931145,中证绿色债券指数,中证绿色债,CSI Green Bond Index,CSI Green Bond,,,,137.42,-0.07,-0.05,0.0,0.0,932.0,,2025-02-21,中证绿色债券指数
2025-02-24,930951,中证交易所绿色债券指数,交易所绿色债,CSI Exchange Green Bond Index,Exchange Green Bond,,,,143.36,-0.11,-0.08,0.0,0.0,309.0,,2025-02-24,中证交易所绿色债券指数
2025-02-24,931147,中证交易所高等级绿色债券指数,交易所高等级绿色债,CSI Exchange High Grade Green Bond Index,Exchange High Grade Green Bond,,,,143.25,-0.11,-0.08,0.0,0.0,296.0,,2025-02-24,中证交易所高等级绿色债券指数
2025-02-24,931145,中证绿色债券指数,中证绿色债,CSI Green Bond Index,CSI Green Bond,,,,137.36,-0.06,-0.04,0.0,0.0,932.0,,2025-02-24,中证绿色债券指数
2025-02-25,930951,中证交易所绿色债券指数,交易所绿色债,CSI Exchange Green Bond Index,Exchange Green Bond,,,,143.26,-0.11,-0.08,0.0,0.0,309.0,,2025-02-25,中证交易所绿色债券指数
2025-02-25,931147,中证交易所高等级绿色债券指数,交易所高等级绿色债,CSI Exchange High Grade Green Bond Index,Exchange High Grade Green Bond,,,,143.14,-0.11,-0.08,0.0,0.0,296.0,,2025-02-25,中证交易所高等级绿色债券指数
2025-02-25,931145,中证绿色债券指数,中证绿色债,CSI Green Bond Index,CSI Green Bond,,,,137.29,-0.07,-0.05,0.0,0.0,932.0,,2025-02-25,中证绿色债券指数
2025-02-26,930951,中证交易所绿色债券指数,交易所绿色债,CSI Exchange Green Bond Index,Exchange Green Bond,,,,143.23,-0.03,-0.02,0.0,0.0,309.0,,2025-02-26,中证交易所绿色债券指数
2025-02-26,931147,中证交易所高等级绿色债券指数,交易所高等级绿色债,CSI Exchange High Grade Green Bond Index,Exchange High Grade Green Bond,,,,143.12,-0.03,-0.02,0.0,0.0,296.0,,2025-02-26,中证交易所高等级绿色债券指数
2025-02-26,931145,中证绿色债券指数,中证绿色债,CSI Green Bond Index,CSI Green Bond,,,,137.3,0.01,0.0,0.0,0.0,932.0,,2025-02-26,中证绿色债券指数
2025-02-27,930951,中证交易所绿色债券指数,交易所绿色债,CSI Exchange Green Bond Index,Exchange Green Bond,,,,143.21,-0.02,-0.01,0.0,0.0,309.0,,2025-02-27,中证交易所绿色债券指数
2025-02-27,931147,中证交易所高等级绿色债券指数,交易所高等级绿色债,CSI Exchange High Grade Green Bond Index,Exchange High Grade Green Bond,,,,143.1,-0.02,-0.01,0.0,0.0,296.0,,2025-02-27,中证交易所高等级绿色债券指数
2025-02-27,931145,中证绿色债券指数,中证绿色债,CSI Green Bond Index,CSI Green Bond,,,,137.28,-0.02,-0.01,0.0,0.0,932.0,,2025-02-27,中证绿色债券指数
2025-02-28,930951,中证交易所绿色债券指数,交易所绿色债,CSI Exchange Green Bond Index,Exchange Green Bond,,,,143.17,-0.04,-0.03,0.0,0.0,309.0,,2025-02-28,中证交易所绿色债券指数
2025-02-28,931147,中证交易所高等级绿色债券指数,交易所高等级绿色债,CSI Exchange High Grade Green Bond Index,Exchange High Grade Green Bond,,,,143.06,-0.04,-0.03,0.0,0.0,296.0,,2025-02-28,中证交易所高等级绿色债券指数
2025-02-28,931145,中证绿色债券指数,中证绿色债,CSI Green Bond Index,CSI Green Bond,,,,137.25,-0.03,-0.02,0.0,0.0,932.0,,2025-02-28,中证绿色债券指数
2025-03-03,930951,中证交易所绿色债券指数,交易所绿色债,CSI Exchange Green Bond Index,Exchange Green Bond,,,,143.17,0.0,0.0,0.0,0.0,301.0,,2025-03-03,中证交易所绿色债券指数
2025-03-03,931147,中证交易所高等级绿色债券指数,交易所高等级绿色债,CSI Exchange High Grade Green Bond Index,Exchange High Grade Green Bond,,,,143.06,0.0,0.0,0.0,0.0,288.0,,2025-03-03,中证交易所高等级绿色债券指数
2025-03-03,931145,中证绿色债券指数,中证绿色债,CSI Green Bond Index,CSI Green Bond,,,,137.3,0.05,0.04,0.0,0.0,915.0,,2025-03-03,中证绿色债券指数
2025-03-04,930951,中证交易所绿色债券指数,交易所绿色债,CSI Exchange Green Bond Index,Exchange Green Bond,,,,143.2,0.03,0.02,0.0,0.0,301.0,,2025-03-04,中证交易所绿色债券指数
2025-03-04,931147,中证交易所高等级绿色债券指数,交易所高等级绿色债,CSI Exchange High Grade Green Bond Index,Exchange High Grade Green Bond,,,,143.09,0.03,0.02,0.0,0.0,288.0,,2025-03-04,中证交易所高等级绿色债券指数
2025-03-04,931145,中证绿色债券指数,中证绿色债,CSI Green Bond Index,CSI Green Bond,,,,137.35,0.05,0.03,0.0,0.0,915.0,,2025-03-04,中证绿色债券指数
2025-03-05,930951,中证交易所绿色债券指数,交易所绿色债,CSI Exchange Green Bond Index,Exchange Green Bond,,,,143.22,0.02,0.01,0.0,0.0,301.0,,2025-03-05,中证交易所绿色债券指数
2025-03-05,931147,中证交易所高等级绿色债券指数,交易所高等级绿色债,CSI Exchange High Grade Green Bond Index,Exchange High Grade Green Bond,,,,143.1,0.02,0.01,0.0,0.0,288.0,,2025-03-05,中证交易所高等级绿色债券指数
2025-03-05,931145,中证绿色债券指数,中证绿色债,CSI Green Bond Index,CSI Green Bond,,,,137.36,0.01,0.01,0.0,0.0,915.0,,2025-03-05,中证绿色债券指数
2025-03-06,930951,中证交易所绿色债券指数,交易所绿色债,CSI Exchange Green Bond Index,Exchange Green Bond,,,,143.19,-0.03,-0.02,0.0,0.0,301.0,,2025-03-06,中证交易所绿色债券指数
2025-03-06,931147,中证交易所高等级绿色债券指数,交易所高等级绿色债,CSI Exchange High Grade Green Bond Index,Exchange High Grade Green Bond,,,,143.08,-0.03,-0.02,0.0,0.0,288.0,,2025-03-06,中证交易所高等级绿色债券指数
2025-03-06,931145,中证绿色债券指数,中证绿色债,CSI Green Bond Index,CSI Green Bond,,,,137.35,-0.01,-0.01,0.0,0.0,915.0,,2025-03-06,中证绿色债券指数
2025-03-07,930951,中证交易所绿色债券指数,交易所绿色债,CSI Exchange Green Bond Index,Exchange Green Bond,,,,143.07,-0.12,-0.08,0.0,0.0,301.0,,2025-03-07,中证交易所绿色债券指数
2025-03-07,931147,中证交易所高等级绿色债券指数,交易所高等级绿色债,CSI Exchange High Grade Green Bond Index,Exchange High Grade Green Bond,,,,142.96,-0.12,-0.08,0.0,0.0,288.0,,2025-03-07,中证交易所高等级绿色债券指数
2025-03-07,931145,中证绿色债券指数,中证绿色债,CSI Green Bond Index,CSI Green Bond,,,,137.27,-0.08,-0.06,0.0,0.0,915.0,,2025-03-07,中证绿色债券指数
2025-03-10,930951,中证交易所绿色债券指数,交易所绿色债,CSI Exchange Green Bond Index,Exchange Green Bond,,,,143.02,-0.05,-0.04,0.0,0.0,301.0,,2025-03-10,中证交易所绿色债券指数
2025-03-10,931147,中证交易所高等级绿色债券指数,交易所高等级绿色债,CSI Exchange High Grade Green Bond Index,Exchange High Grade Green Bond,,,,142.9,-0.05,-0.04,0.0,0.0,288.0,,2025-03-10,中证交易所高等级绿色债券指数
2025-03-10,931145,中证绿色债券指数,中证绿色债,CSI Green Bond Index,CSI Green Bond,,,,137.23,-0.04,-0.03,0.0,0.0,915.0,,2025-03-10,中证绿色债券指数
2025-03-11,930951,中证交易所绿色债券指数,交易所绿色债,CSI Exchange Green Bond Index,Exchange Green Bond,,,,142.91,-0.11,-0.08,0.0,0.0,301.0,,2025-03-11,中证交易所绿色债券指数
2025-03-11,931147,中证交易所高等级绿色债券指数,交易所高等级绿色债,CSI Exchange High Grade Green Bond Index,Exchange High Grade Green Bond,,,,142.79,-0.11,-0.08,0.0,0.0,288.0,,2025-03-11,中证交易所高等级绿色债券指数
2025-03-11,931145,中证绿色债券指数,中证绿色债,CSI Green Bond Index,CSI Green Bond,,,,137.18,-0.06,-0.04,0.0,0.0,915.0,,2025-03-11,中证绿色债券指数
2025-03-12,930951,中证交易所绿色债券指数,交易所绿色债,CSI Exchange Green Bond Index,Exchange Green Bond,,,,142.85,-0.06,-0.04,0.0,0.0,301.0,,2025-03-12,中证交易所绿色债券指数
2025-03-12,931147,中证交易所高等级绿色债券指数,交易所高等级绿色债,CSI Exchange High Grade Green Bond Index,Exchange High Grade Green Bond,,,,142.73,-0.06,-0.05,0.0,0.0,288.0,,2025-03-12,中证交易所高等级绿色债券指数
2025-03-12,931145,中证绿色债券指数,中证绿色债,CSI Green Bond Index,CSI Green Bond,,,,137.15,-0.03,-0.02,0.0,0.0,915.0,,2025-03-12,中证绿色债券指数
2025-03-13,930951,中证交易所绿色债券指数,交易所绿色债,CSI Exchange Green Bond Index,Exchange Green Bond,,,,142.94,0.1,0.07,0.0,0.0,301.0,,2025-03-13,中证交易所绿色债券指数
2025-03-13,931147,中证交易所高等级绿色债券指数,交易所高等级绿色债,CSI Exchange High Grade Green Bond Index,Exchange High Grade Green Bond,,,,142.83,0.1,0.07,0.0,0.0,288.0,,2025-03-13,中证交易所高等级绿色债券指数
2025-03-13,931145,中证绿色债券指数,中证绿色债,CSI Green Bond Index,CSI Green Bond,,,,137.23,0.08,0.06,0.0,0.0,915.0,,2025-03-13,中证绿色债券指数
2025-03-14,930951,中证交易所绿色债券指数,交易所绿色债,CSI Exchange Green Bond Index,Exchange Green Bond,,,,142.99,0.05,0.03,0.0,0.0,300.0,,2025-03-14,中证交易所绿色债券指数
2025-03-14,931147,中证交易所高等级绿色债券指数,交易所高等级绿色债,CSI Exchange High Grade Green Bond Index,Exchange High Grade Green Bond,,,,142.88,0.05,0.03,0.0,0.0,287.0,,2025-03-14,中证交易所高等级绿色债券指数
2025-03-14,931145,中证绿色债券指数,中证绿色债,CSI Green Bond Index,CSI Green Bond,,,,137.28,0.05,0.04,0.0,0.0,914.0,,2025-03-14,中证绿色债券指数
2025-03-17,930951,中证交易所绿色债券指数,交易所绿色债,CSI Exchange Green Bond Index,Exchange Green Bond,,,,143.01,0.01,0.01,0.0,0.0,300.0,,2025-03-17,中证交易所绿色债券指数
2025-03-17,931147,中证交易所高等级绿色债券指数,交易所高等级绿色债,CSI Exchange High Grade Green Bond Index,Exchange High Grade Green Bond,,,,142.89,0.01,0.01,0.0,0.0,287.0,,2025-03-17,中证交易所高等级绿色债券指数
2025-03-17,931145,中证绿色债券指数,中证绿色债,CSI Green Bond Index,CSI Green Bond,,,,137.28,0.0,0.0,0.0,0.0,914.0,,2025-03-17,中证绿色债券指数
2025-03-18,930951,中证交易所绿色债券指数,交易所绿色债,CSI Exchange Green Bond Index,Exchange Green Bond,,,,142.99,-0.02,-0.01,0.0,0.0,300.0,,2025-03-18,中证交易所绿色债券指数
2025-03-18,931147,中证交易所高等级绿色债券指数,交易所高等级绿色债,CSI Exchange High Grade Green Bond Index,Exchange High Grade Green Bond,,,,142.87,-0.02,-0.01,0.0,0.0,287.0,,2025-03-18,中证交易所高等级绿色债券指数
2025-03-18,931145,中证绿色债券指数,中证绿色债,CSI Green Bond Index,CSI Green Bond,,,,137.28,-0.01,-0.01,0.0,0.0,914.0,,2025-03-18,中证绿色债券指数
2025-03-19,930951,中证交易所绿色债券指数,交易所绿色债,CSI Exchange Green Bond Index,Exchange Green Bond,,,,143.05,0.06,0.04,0.0,0.0,300.0,,2025-03-19,中证交易所绿色债券指数
2025-03-19,931147,中证交易所高等级绿色债券指数,交易所高等级绿色债,CSI Exchange High Grade Green Bond Index,Exchange High Grade Green Bond,,,,142.93,0.06,0.04,0.0,0.0,287.0,,2025-03-19,中证交易所高等级绿色债券指数
2025-03-19,931145,中证绿色债券指数,中证绿色债,CSI Green Bond Index,CSI Green Bond,,,,137.31,0.04,0.03,0.0,0.0,914.0,,2025-03-19,中证绿色债券指数
2025-03-20,930951,中证交易所绿色债券指数,交易所绿色债,CSI Exchange Green Bond Index,Exchange Green Bond,,,,143.15,0.1,0.07,0.0,0.0,300.0,,2025-03-20,中证交易所绿色债券指数
2025-03-20,931147,中证交易所高等级绿色债券指数,交易所高等级绿色债,CSI Exchange High Grade Green Bond Index,Exchange High Grade Green Bond,,,,143.03,0.1,0.07,0.0,0.0,287.0,,2025-03-20,中证交易所高等级绿色债券指数
2025-03-20,931145,中证绿色债券指数,中证绿色债,CSI Green Bond Index,CSI Green Bond,,,,137.38,0.07,0.05,0.0,0.0,914.0,,2025-03-20,中证绿色债券指数
2025-03-21,930951,中证交易所绿色债券指数,交易所绿色债,CSI Exchange Green Bond Index,Exchange Green Bond,,,,143.26,0.11,0.08,0.0,0.0,299.0,,2025-03-21,中证交易所绿色债券指数
2025-03-21,931147,中证交易所高等级绿色债券指数,交易所高等级绿色债,CSI Exchange High Grade Green Bond Index,Exchange High Grade Green Bond,,,,143.14,0.11,0.08,0.0,0.0,286.0,,2025-03-21,中证交易所高等级绿色债券指数
2025-03-21,931145,中证绿色债券指数,中证绿色债,CSI Green Bond Index,CSI Green Bond,,,,137.45,0.07,0.05,0.0,0.0,913.0,,2025-03-21,中证绿色债券指数
2025-03-24,930951,中证交易所绿色债券指数,交易所绿色债,CSI Exchange Green Bond Index,Exchange Green Bond,,,,143.28,0.03,0.02,0.0,0.0,298.0,,2025-03-24,中证交易所绿色债券指数
2025-03-24,931147,中证交易所高等级绿色债券指数,交易所高等级绿色债,CSI Exchange High Grade Green Bond Index,Exchange High Grade Green Bond,,,,143.17,0.03,0.02,0.0,0.0,285.0,,2025-03-24,中证交易所高等级绿色债券指数
2025-03-24,931145,中证绿色债券指数,中证绿色债,CSI Green Bond Index,CSI Green Bond,,,,137.47,0.03,0.02,0.0,0.0,912.0,,2025-03-24,中证绿色债券指数
2025-03-25,930951,中证交易所绿色债券指数,交易所绿色债,CSI Exchange Green Bond Index,Exchange Green Bond,,,,143.4,0.11,0.08,0.0,0.0,298.0,,2025-03-25,中证交易所绿色债券指数
2025-03-25,931147,中证交易所高等级绿色债券指数,交易所高等级绿色债,CSI Exchange High Grade Green Bond Index,Exchange High Grade Green Bond,,,,143.28,0.11,0.08,0.0,0.0,285.0,,2025-03-25,中证交易所高等级绿色债券指数
2025-03-25,931145,中证绿色债券指数,中证绿色债,CSI Green Bond Index,CSI Green Bond,,,,137.53,0.06,0.05,0.0,0.0,912.0,,2025-03-25,中证绿色债券指数
2025-03-26,930951,中证交易所绿色债券指数,交易所绿色债,CSI Exchange Green Bond Index,Exchange Green Bond,,,,143.45,0.05,0.04,0.0,0.0,298.0,,2025-03-26,中证交易所绿色债券指数
2025-03-26,931147,中证交易所高等级绿色债券指数,交易所高等级绿色债,CSI Exchange High Grade Green Bond Index,Exchange High Grade Green Bond,,,,143.33,0.05,0.04,0.0,0.0,285.0,,2025-03-26,中证交易所高等级绿色债券指数
2025-03-26,931145,中证绿色债券指数,中证绿色债,CSI Green Bond Index,CSI Green Bond,,,,137.55,0.02,0.01,0.0,0.0,912.0,,2025-03-26,中证绿色债券指数
2025-03-27,930951,中证交易所绿色债券指数,交易所绿色债,CSI Exchange Green Bond Index,Exchange Green Bond,,,,143.48,0.03,0.02,0.0,0.0,298.0,,2025-03-27,中证交易所绿色债券指数
2025-03-27,931147,中证交易所高等级绿色债券指数,交易所高等级绿色债,CSI Exchange High Grade Green Bond Index,Exchange High Grade Green Bond,,,,143.36,0.03,0.02,0.0,0.0,285.0,,2025-03-27,中证交易所高等级绿色债券指数
2025-03-27,931145,中证绿色债券指数,中证绿色债,CSI Green Bond Index,CSI Green Bond,,,,137.57,0.02,0.01,0.0,0.0,912.0,,2025-03-27,中证绿色债券指数
2025-03-28,930951,中证交易所绿色债券指数,交易所绿色债,CSI Exchange Green Bond Index,Exchange Green Bond,,,,143.51,0.03,0.02,0.0,0.0,298.0,,2025-03-28,中证交易所绿色债券指数
2025-03-28,931147,中证交易所高等级绿色债券指数,交易所高等级绿色债,CSI Exchange High Grade Green Bond Index,Exchange High Grade Green Bond,,,,143.39,0.03,0.02,0.0,0.0,285.0,,2025-03-28,中证交易所高等级绿色债券指数
2025-03-28,931145,中证绿色债券指数,中证绿色债,CSI Green Bond Index,CSI Green Bond,,,,137.59,0.02,0.02,0.0,0.0,912.0,,2025-03-28,中证绿色债券指数
2025-03-31,930951,中证交易所绿色债券指数,交易所绿色债,CSI Exchange Green Bond Index,Exchange Green Bond,,,,143.55,0.04,0.03,0.0,0.0,298.0,,2025-03-31,中证交易所绿色债券指数
2025-03-31,931147,中证交易所高等级绿色债券指数,交易所高等级绿色债,CSI Exchange High Grade Green Bond Index,Exchange High Grade Green Bond,,,,143.44,0.04,0.03,0.0,0.0,285.0,,2025-03-31,中证交易所高等级绿色债券指数
2025-03-31,931145,中证绿色债券指数,中证绿色债,CSI Green Bond Index,CSI Green Bond,,,,137.62,0.03,0.02,0.0,0.0,912.0,,2025-03-31,中证绿色债券指数
2025-04-01,930951,中证交易所绿色债券指数,交易所绿色债,CSI Exchange Green Bond Index,Exchange Green Bond,,,,143.57,0.02,0.02,0.0,0.0,292.0,,2025-04-01,中证交易所绿色债券指数
2025-04-01,931147,中证交易所高等级绿色债券指数,交易所高等级绿色债,CSI Exchange High Grade Green Bond Index,Exchange High Grade Green Bond,,,,143.46,0.02,0.02,0.0,0.0,280.0,,2025-04-01,中证交易所高等级绿色债券指数
2025-04-01,931145,中证绿色债券指数,中证绿色债,CSI Green Bond Index,CSI Green Bond,,,,137.63,0.01,0.01,0.0,0.0,917.0,,2025-04-01,中证绿色债券指数
2025-04-02,930951,中证交易所绿色债券指数,交易所绿色债,CSI Exchange Green Bond Index,Exchange Green Bond,,,,143.6,0.03,0.02,0.0,0.0,292.0,,2025-04-02,中证交易所绿色债券指数
2025-04-02,931147,中证交易所高等级绿色债券指数,交易所高等级绿色债,CSI Exchange High Grade Green Bond Index,Exchange High Grade Green Bond,,,,143.48,0.03,0.02,0.0,0.0,280.0,,2025-04-02,中证交易所高等级绿色债券指数
2025-04-02,931145,中证绿色债券指数,中证绿色债,CSI Green Bond Index,CSI Green Bond,,,,137.66,0.03,0.02,0.0,0.0,917.0,,2025-04-02,中证绿色债券指数
2025-04-03,930951,中证交易所绿色债券指数,交易所绿色债,CSI Exchange Green Bond Index,Exchange Green Bond,,,,143.75,0.15,0.11,0.0,0.0,292.0,,2025-04-03,中证交易所绿色债券指数
2025-04-03,931147,中证交易所高等级绿色债券指数,交易所高等级绿色债,CSI Exchange High Grade Green Bond Index,Exchange High Grade Green Bond,,,,143.64,0.15,0.11,0.0,0.0,280.0,,2025-04-03,中证交易所高等级绿色债券指数
2025-04-03,931145,中证绿色债券指数,中证绿色债,CSI Green Bond Index,CSI Green Bond,,,,137.78,0.13,0.09,0.0,0.0,917.0,,2025-04-03,中证绿色债券指数
2025-04-07,930951,中证交易所绿色债券指数,交易所绿色债,CSI Exchange Green Bond Index,Exchange Green Bond,,,,144.03,0.28,0.19,0.0,0.0,292.0,,2025-04-07,中证交易所绿色债券指数
2025-04-07,931147,中证交易所高等级绿色债券指数,交易所高等级绿色债,CSI Exchange High Grade Green Bond Index,Exchange High Grade Green Bond,,,,143.91,0.28,0.19,0.0,0.0,280.0,,2025-04-07,中证交易所高等级绿色债券指数
2025-04-07,931145,中证绿色债券指数,中证绿色债,CSI Green Bond Index,CSI Green Bond,,,,137.99,0.21,0.15,0.0,0.0,917.0,,2025-04-07,中证绿色债券指数
2025-04-08,930951,中证交易所绿色债券指数,交易所绿色债,CSI Exchange Green Bond Index,Exchange Green Bond,,,,144.1,0.07,0.05,0.0,0.0,292.0,,2025-04-08,中证交易所绿色债券指数
2025-04-08,931147,中证交易所高等级绿色债券指数,交易所高等级绿色债,CSI Exchange High Grade Green Bond Index,Exchange High Grade Green Bond,,,,143.98,0.07,0.05,0.0,0.0,280.0,,2025-04-08,中证交易所高等级绿色债券指数
2025-04-08,931145,中证绿色债券指数,中证绿色债,CSI Green Bond Index,CSI Green Bond,,,,137.99,-0.01,-0.01,0.0,0.0,917.0,,2025-04-08,中证绿色债券指数
2025-04-09,930951,中证交易所绿色债券指数,交易所绿色债,CSI Exchange Green Bond Index,Exchange Green Bond,,,,144.07,-0.03,-0.02,0.0,0.0,292.0,,2025-04-09,中证交易所绿色债券指数
2025-04-09,931147,中证交易所高等级绿色债券指数,交易所高等级绿色债,CSI Exchange High Grade Green Bond Index,Exchange High Grade Green Bond,,,,143.96,-0.03,-0.02,0.0,0.0,280.0,,2025-04-09,中证交易所高等级绿色债券指数
2025-04-09,931145,中证绿色债券指数,中证绿色债,CSI Green Bond Index,CSI Green Bond,,,,137.97,-0.02,-0.01,0.0,0.0,917.0,,2025-04-09,中证绿色债券指数
2025-04-10,930951,中证交易所绿色债券指数,交易所绿色债,CSI Exchange Green Bond Index,Exchange Green Bond,,,,144.04,-0.04,-0.03,0.0,0.0,292.0,,2025-04-10,中证交易所绿色债券指数
2025-04-10,931147,中证交易所高等级绿色债券指数,交易所高等级绿色债,CSI Exchange High Grade Green Bond Index,Exchange High Grade Green Bond,,,,143.92,-0.04,-0.03,0.0,0.0,280.0,,2025-04-10,中证交易所高等级绿色债券指数
2025-04-10,931145,中证绿色债券指数,中证绿色债,CSI Green Bond Index,CSI Green Bond,,,,137.96,-0.01,-0.01,0.0,0.0,916.0,,2025-04-10,中证绿色债券指数
2025-04-11,930951,中证交易所绿色债券指数,交易所绿色债,CSI Exchange Green Bond Index,Exchange Green Bond,,,,144.06,0.03,0.02,0.0,0.0,292.0,,2025-04-11,中证交易所绿色债券指数
2025-04-11,931147,中证交易所高等级绿色债券指数,交易所高等级绿色债,CSI Exchange High Grade Green Bond Index,Exchange High Grade Green Bond,,,,143.95,0.03,0.02,0.0,0.0,280.0,,2025-04-11,中证交易所高等级绿色债券指数
2025-04-11,931145,中证绿色债券指数,中证绿色债,CSI Green Bond Index,CSI Green Bond,,,,138.0,0.04,0.03,0.0,0.0,916.0,,2025-04-11,中证绿色债券指数
2025-04-14,930951,中证交易所绿色债券指数,交易所绿色债,CSI Exchange Green Bond Index,Exchange Green Bond,,,,144.07,0.01,0.0,0.0,0.0,292.0,,2025-04-14,中证交易所绿色债券指数
2025-04-14,931147,中证交易所高等级绿色债券指数,交易所高等级绿色债,CSI Exchange High Grade Green Bond Index,Exchange High Grade Green Bond,,,,143.95,0.0,0.0,0.0,0.0,280.0,,2025-04-14,中证交易所高等级绿色债券指数
2025-04-14,931145,中证绿色债券指数,中证绿色债,CSI Green Bond Index,CSI Green Bond,,,,138.01,0.01,0.01,0.0,0.0,914.0,,2025-04-14,中证绿色债券指数
2025-04-15,930951,中证交易所绿色债券指数,交易所绿色债,CSI Exchange Green Bond Index,Exchange Green Bond,,,,144.08,0.01,0.01,0.0,0.0,292.0,,2025-04-15,中证交易所绿色债券指数
2025-04-15,931147,中证交易所高等级绿色债券指数,交易所高等级绿色债,CSI Exchange High Grade Green Bond Index,Exchange High Grade Green Bond,,,,143.96,0.01,0.01,0.0,0.0,280.0,,2025-04-15,中证交易所高等级绿色债券指数
2025-04-15,931145,中证绿色债券指数,中证绿色债,CSI Green Bond Index,CSI Green Bond,,,,138.01,0.0,0.0,0.0,0.0,914.0,,2025-04-15,中证绿色债券指数
2025-04-16,930951,中证交易所绿色债券指数,交易所绿色债,CSI Exchange Green Bond Index,Exchange Green Bond,,,,144.07,-0.01,0.0,0.0,0.0,290.0,,2025-04-16,中证交易所绿色债券指数
2025-04-16,931147,中证交易所高等级绿色债券指数,交易所高等级绿色债,CSI Exchange High Grade Green Bond Index,Exchange High Grade Green Bond,,,,143.96,-0.01,0.0,0.0,0.0,278.0,,2025-04-16,中证交易所高等级绿色债券指数
2025-04-16,931145,中证绿色债券指数,中证绿色债,CSI Green Bond Index,CSI Green Bond,,,,138.02,0.01,0.01,0.0,0.0,912.0,,2025-04-16,中证绿色债券指数
2025-04-17,930951,中证交易所绿色债券指数,交易所绿色债,CSI Exchange Green Bond Index,Exchange Green Bond,,,,144.07,-0.01,0.0,0.0,0.0,290.0,,2025-04-17,中证交易所绿色债券指数
2025-04-17,931147,中证交易所高等级绿色债券指数,交易所高等级绿色债,CSI Exchange High Grade Green Bond Index,Exchange High Grade Green Bond,,,,143.95,-0.01,0.0,0.0,0.0,278.0,,2025-04-17,中证交易所高等级绿色债券指数
2025-04-17,931145,中证绿色债券指数,中证绿色债,CSI Green Bond Index,CSI Green Bond,,,,138.02,-0.01,0.0,0.0,0.0,912.0,,2025-04-17,中证绿色债券指数
2025-04-18,930951,中证交易所绿色债券指数,交易所绿色债,CSI Exchange Green Bond Index,Exchange Green Bond,,,,144.07,0.01,0.0,0.0,0.0,290.0,,2025-04-18,中证交易所绿色债券指数
2025-04-18,931147,中证交易所高等级绿色债券指数,交易所高等级绿色债,CSI Exchange High Grade Green Bond Index,Exchange High Grade Green Bond,,,,143.96,0.01,0.0,0.0,0.0,278.0,,2025-04-18,中证交易所高等级绿色债券指数
2025-04-18,931145,中证绿色债券指数,中证绿色债,CSI Green Bond Index,CSI Green Bond,,,,138.02,0.01,0.0,0.0,0.0,910.0,,2025-04-18,中证绿色债券指数
2025-04-21,930951,中证交易所绿色债券指数,交易所绿色债,CSI Exchange Green Bond Index,Exchange Green Bond,,,,144.07,0.0,0.0,0.0,0.0,290.0,,2025-04-21,中证交易所绿色债券指数
2025-04-21,931147,中证交易所高等级绿色债券指数,交易所高等级绿色债,CSI Exchange High Grade Green Bond Index,Exchange High Grade Green Bond,,,,143.95,0.0,0.0,0.0,0.0,278.0,,2025-04-21,中证交易所高等级绿色债券指数
2025-04-21,931145,中证绿色债券指数,中证绿色债,CSI Green Bond Index,CSI Green Bond,,,,138.03,0.01,0.01,0.0,0.0,906.0,,2025-04-21,中证绿色债券指数
2025-04-22,930951,中证交易所绿色债券指数,交易所绿色债,CSI Exchange Green Bond Index,Exchange Green Bond,,,,144.05,-0.02,-0.01,0.0,0.0,290.0,,2025-04-22,中证交易所绿色债券指数
2025-04-22,931147,中证交易所高等级绿色债券指数,交易所高等级绿色债,CSI Exchange High Grade Green Bond Index,Exchange High Grade Green Bond,,,,143.93,-0.02,-0.01,0.0,0.0,278.0,,2025-04-22,中证交易所高等级绿色债券指数
2025-04-22,931145,中证绿色债券指数,中证绿色债,CSI Green Bond Index,CSI Green Bond,,,,138.03,0.0,0.0,0.0,0.0,906.0,,2025-04-22,中证绿色债券指数
2025-04-23,930951,中证交易所绿色债券指数,交易所绿色债,CSI Exchange Green Bond Index,Exchange Green Bond,,,,144.02,-0.03,-0.02,0.0,0.0,290.0,,2025-04-23,中证交易所绿色债券指数
2025-04-23,931147,中证交易所高等级绿色债券指数,交易所高等级绿色债,CSI Exchange High Grade Green Bond Index,Exchange High Grade Green Bond,,,,143.91,-0.03,-0.02,0.0,0.0,278.0,,2025-04-23,中证交易所高等级绿色债券指数
2025-04-23,931145,中证绿色债券指数,中证绿色债,CSI Green Bond Index,CSI Green Bond,,,,138.02,-0.01,-0.01,0.0,0.0,906.0,,2025-04-23,中证绿色债券指数
2025-04-24,930951,中证交易所绿色债券指数,交易所绿色债,CSI Exchange Green Bond Index,Exchange Green Bond,,,,144.0,-0.03,-0.02,0.0,0.0,290.0,,2025-04-24,中证交易所绿色债券指数
2025-04-24,931147,中证交易所高等级绿色债券指数,交易所高等级绿色债,CSI Exchange High Grade Green Bond Index,Exchange High Grade Green Bond,,,,143.88,-0.03,-0.02,0.0,0.0,278.0,,2025-04-24,中证交易所高等级绿色债券指数
2025-04-24,931145,中证绿色债券指数,中证绿色债,CSI Green Bond Index,CSI Green Bond,,,,138.01,-0.01,-0.01,0.0,0.0,906.0,,2025-04-24,中证绿色债券指数
2025-04-25,930951,中证交易所绿色债券指数,交易所绿色债,CSI Exchange Green Bond Index,Exchange Green Bond,,,,143.98,-0.02,-0.01,0.0,0.0,290.0,,2025-04-25,中证交易所绿色债券指数
2025-04-25,931147,中证交易所高等级绿色债券指数,交易所高等级绿色债,CSI Exchange High Grade Green Bond Index,Exchange High Grade Green Bond,,,,143.86,-0.02,-0.01,0.0,0.0,278.0,,2025-04-25,中证交易所高等级绿色债券指数
2025-04-25,931145,中证绿色债券指数,中证绿色债,CSI Green Bond Index,CSI Green Bond,,,,138.0,-0.01,-0.01,0.0,0.0,906.0,,2025-04-25,中证绿色债券指数
2025-04-28,930951,中证交易所绿色债券指数,交易所绿色债,CSI Exchange Green Bond Index,Exchange Green Bond,,,,144.0,0.02,0.02,0.0,0.0,290.0,,2025-04-28,中证交易所绿色债券指数
2025-04-28,931147,中证交易所高等级绿色债券指数,交易所高等级绿色债,CSI Exchange High Grade Green Bond Index,Exchange High Grade Green Bond,,,,143.88,0.02,0.02,0.0,0.0,278.0,,2025-04-28,中证交易所高等级绿色债券指数
2025-04-28,931145,中证绿色债券指数,中证绿色债,CSI Green Bond Index,CSI Green Bond,,,,138.03,0.03,0.02,0.0,0.0,904.0,,2025-04-28,中证绿色债券指数
2025-04-29,930951,中证交易所绿色债券指数,交易所绿色债,CSI Exchange Green Bond Index,Exchange Green Bond,,,,144.02,0.02,0.02,0.0,0.0,290.0,,2025-04-29,中证交易所绿色债券指数
2025-04-29,931147,中证交易所高等级绿色债券指数,交易所高等级绿色债,CSI Exchange High Grade Green Bond Index,Exchange High Grade Green Bond,,,,143.9,0.02,0.02,0.0,0.0,278.0,,2025-04-29,中证交易所高等级绿色债券指数
2025-04-29,931145,中证绿色债券指数,中证绿色债,CSI Green Bond Index,CSI Green Bond,,,,138.06,0.03,0.02,0.0,0.0,903.0,,2025-04-29,中证绿色债券指数
2025-04-30,930951,中证交易所绿色债券指数,交易所绿色债,CSI Exchange Green Bond Index,Exchange Green Bond,,,,144.07,0.05,0.03,0.0,0.0,290.0,,2025-04-30,中证交易所绿色债券指数
2025-04-30,931147,中证交易所高等级绿色债券指数,交易所高等级绿色债,CSI Exchange High Grade Green Bond Index,Exchange High Grade Green Bond,,,,143.95,0.05,0.03,0.0,0.0,278.0,,2025-04-30,中证交易所高等级绿色债券指数
2025-04-30,931145,中证绿色债券指数,中证绿色债,CSI Green Bond Index,CSI Green Bond,,,,138.1,0.04,0.03,0.0,0.0,903.0,,2025-04-30,中证绿色债券指数
2025-05-06,930951,中证交易所绿色债券指数,交易所绿色债,CSI Exchange Green Bond Index,Exchange Green Bond,,,,144.16,0.09,0.06,0.0,0.0,291.0,,2025-05-06,中证交易所绿色债券指数
2025-05-06,931147,中证交易所高等级绿色债券指数,交易所高等级绿色债,CSI Exchange High Grade Green Bond Index,Exchange High Grade Green Bond,,,,144.04,0.09,0.06,0.0,0.0,279.0,,2025-05-06,中证交易所高等级绿色债券指数
2025-05-06,931145,中证绿色债券指数,中证绿色债,CSI Green Bond Index,CSI Green Bond,,,,138.16,0.06,0.04,0.0,0.0,922.0,,2025-05-06,中证绿色债券指数
2025-05-07,930951,中证交易所绿色债券指数,交易所绿色债,CSI Exchange Green Bond Index,Exchange Green Bond,,,,144.17,0.01,0.01,0.0,0.0,291.0,,2025-05-07,中证交易所绿色债券指数
2025-05-07,931147,中证交易所高等级绿色债券指数,交易所高等级绿色债,CSI Exchange High Grade Green Bond Index,Exchange High Grade Green Bond,,,,144.05,0.01,0.01,0.0,0.0,279.0,,2025-05-07,中证交易所高等级绿色债券指数
2025-05-07,931145,中证绿色债券指数,中证绿色债,CSI Green Bond Index,CSI Green Bond,,,,138.18,0.02,0.02,0.0,0.0,922.0,,2025-05-07,中证绿色债券指数
2025-05-08,930951,中证交易所绿色债券指数,交易所绿色债,CSI Exchange Green Bond Index,Exchange Green Bond,,,,144.22,0.05,0.04,0.0,0.0,291.0,,2025-05-08,中证交易所绿色债券指数
2025-05-08,931147,中证交易所高等级绿色债券指数,交易所高等级绿色债,CSI Exchange High Grade Green Bond Index,Exchange High Grade Green Bond,,,,144.1,0.05,0.04,0.0,0.0,279.0,,2025-05-08,中证交易所高等级绿色债券指数
2025-05-08,931145,中证绿色债券指数,中证绿色债,CSI Green Bond Index,CSI Green Bond,,,,138.23,0.06,0.04,0.0,0.0,922.0,,2025-05-08,中证绿色债券指数
2025-05-09,930951,中证交易所绿色债券指数,交易所绿色债,CSI Exchange Green Bond Index,Exchange Green Bond,,,,144.32,0.1,0.07,0.0,0.0,291.0,,2025-05-09,中证交易所绿色债券指数
2025-05-09,931147,中证交易所高等级绿色债券指数,交易所高等级绿色债,CSI Exchange High Grade Green Bond Index,Exchange High Grade Green Bond,,,,144.2,0.1,0.07,0.0,0.0,279.0,,2025-05-09,中证交易所高等级绿色债券指数
2025-05-09,931145,中证绿色债券指数,中证绿色债,CSI Green Bond Index,CSI Green Bond,,,,138.31,0.08,0.06,0.0,0.0,922.0,,2025-05-09,中证绿色债券指数
2025-05-12,930951,中证交易所绿色债券指数,交易所绿色债,CSI Exchange Green Bond Index,Exchange Green Bond,,,,144.35,0.03,0.02,0.0,0.0,291.0,,2025-05-12,中证交易所绿色债券指数
2025-05-12,931147,中证交易所高等级绿色债券指数,交易所高等级绿色债,CSI Exchange High Grade Green Bond Index,Exchange High Grade Green Bond,,,,144.23,0.03,0.02,0.0,0.0,279.0,,2025-05-12,中证交易所高等级绿色债券指数
2025-05-12,931145,中证绿色债券指数,中证绿色债,CSI Green Bond Index,CSI Green Bond,,,,138.35,0.04,0.03,0.0,0.0,921.0,,2025-05-12,中证绿色债券指数
2025-05-13,930951,中证交易所绿色债券指数,交易所绿色债,CSI Exchange Green Bond Index,Exchange Green Bond,,,,144.36,0.01,0.01,0.0,0.0,291.0,,2025-05-13,中证交易所绿色债券指数
2025-05-13,931147,中证交易所高等级绿色债券指数,交易所高等级绿色债,CSI Exchange High Grade Green Bond Index,Exchange High Grade Green Bond,,,,144.24,0.01,0.01,0.0,0.0,279.0,,2025-05-13,中证交易所高等级绿色债券指数
2025-05-13,931145,中证绿色债券指数,中证绿色债,CSI Green Bond Index,CSI Green Bond,,,,138.35,0.01,0.0,0.0,0.0,921.0,,2025-05-13,中证绿色债券指数
2025-05-14,930951,中证交易所绿色债券指数,交易所绿色债,CSI Exchange Green Bond Index,Exchange Green Bond,,,,144.4,0.04,0.03,0.0,0.0,291.0,,2025-05-14,中证交易所绿色债券指数
2025-05-14,931147,中证交易所高等级绿色债券指数,交易所高等级绿色债,CSI Exchange High Grade Green Bond Index,Exchange High Grade Green Bond,,,,144.29,0.04,0.03,0.0,0.0,279.0,,2025-05-14,中证交易所高等级绿色债券指数
2025-05-14,931145,中证绿色债券指数,中证绿色债,CSI Green Bond Index,CSI Green Bond,,,,138.37,0.02,0.01,0.0,0.0,921.0,,2025-05-14,中证绿色债券指数
2025-05-15,930951,中证交易所绿色债券指数,交易所绿色债,CSI Exchange Green Bond Index,Exchange Green Bond,,,,144.44,0.04,0.03,0.0,0.0,291.0,,2025-05-15,中证交易所绿色债券指数
2025-05-15,931147,中证交易所高等级绿色债券指数,交易所高等级绿色债,CSI Exchange High Grade Green Bond Index,Exchange High Grade Green Bond,,,,144.32,0.04,0.03,0.0,0.0,279.0,,2025-05-15,中证交易所高等级绿色债券指数
2025-05-15,931145,中证绿色债券指数,中证绿色债,CSI Green Bond Index,CSI Green Bond,,,,138.4,0.03,0.02,0.0,0.0,921.0,,2025-05-15,中证绿色债券指数
2025-05-16,930951,中证交易所绿色债券指数,交易所绿色债,CSI Exchange Green Bond Index,Exchange Green Bond,,,,144.44,0.0,0.0,0.0,0.0,291.0,,2025-05-16,中证交易所绿色债券指数
2025-05-16,931147,中证交易所高等级绿色债券指数,交易所高等级绿色债,CSI Exchange High Grade Green Bond Index,Exchange High Grade Green Bond,,,,144.32,0.0,0.0,0.0,0.0,279.0,,2025-05-16,中证交易所高等级绿色债券指数
2025-05-16,931145,中证绿色债券指数,中证绿色债,CSI Green Bond Index,CSI Green Bond,,,,138.38,-0.02,-0.02,0.0,0.0,921.0,,2025-05-16,中证绿色债券指数
2025-05-19,930951,中证交易所绿色债券指数,交易所绿色债,CSI Exchange Green Bond Index,Exchange Green Bond,,,,144.47,0.03,0.02,0.0,0.0,291.0,,2025-05-19,中证交易所绿色债券指数
2025-05-19,931147,中证交易所高等级绿色债券指数,交易所高等级绿色债,CSI Exchange High Grade Green Bond Index,Exchange High Grade Green Bond,,,,144.35,0.03,0.02,0.0,0.0,279.0,,2025-05-19,中证交易所高等级绿色债券指数
2025-05-19,931145,中证绿色债券指数,中证绿色债,CSI Green Bond Index,CSI Green Bond,,,,138.39,0.02,0.01,0.0,0.0,921.0,,2025-05-19,中证绿色债券指数
2025-05-20,930951,中证交易所绿色债券指数,交易所绿色债,CSI Exchange Green Bond Index,Exchange Green Bond,,,,144.52,0.04,0.03,0.0,0.0,291.0,,2025-05-20,中证交易所绿色债券指数
2025-05-20,931147,中证交易所高等级绿色债券指数,交易所高等级绿色债,CSI Exchange High Grade Green Bond Index,Exchange High Grade Green Bond,,,,144.4,0.04,0.03,0.0,0.0,279.0,,2025-05-20,中证交易所高等级绿色债券指数
2025-05-20,931145,中证绿色债券指数,中证绿色债,CSI Green Bond Index,CSI Green Bond,,,,138.42,0.03,0.02,0.0,0.0,921.0,,2025-05-20,中证绿色债券指数
2025-05-21,930951,中证交易所绿色债券指数,交易所绿色债,CSI Exchange Green Bond Index,Exchange Green Bond,,,,144.56,0.05,0.03,0.0,0.0,291.0,,2025-05-21,中证交易所绿色债券指数
2025-05-21,931147,中证交易所高等级绿色债券指数,交易所高等级绿色债,CSI Exchange High Grade Green Bond Index,Exchange High Grade Green Bond,,,,144.44,0.05,0.03,0.0,0.0,279.0,,2025-05-21,中证交易所高等级绿色债券指数
2025-05-21,931145,中证绿色债券指数,中证绿色债,CSI Green Bond Index,CSI Green Bond,,,,138.44,0.02,0.01,0.0,0.0,921.0,,2025-05-21,中证绿色债券指数
2025-05-22,930951,中证交易所绿色债券指数,交易所绿色债,CSI Exchange Green Bond Index,Exchange Green Bond,,,,144.59,0.03,0.02,0.0,0.0,291.0,,2025-05-22,中证交易所绿色债券指数
2025-05-22,931147,中证交易所高等级绿色债券指数,交易所高等级绿色债,CSI Exchange High Grade Green Bond Index,Exchange High Grade Green Bond,,,,144.47,0.03,0.02,0.0,0.0,279.0,,2025-05-22,中证交易所高等级绿色债券指数
2025-05-22,931145,中证绿色债券指数,中证绿色债,CSI Green Bond Index,CSI Green Bond,,,,138.46,0.02,0.01,0.0,0.0,921.0,,2025-05-22,中证绿色债券指数
2025-05-23,930951,中证交易所绿色债券指数,交易所绿色债,CSI Exchange Green Bond Index,Exchange Green Bond,,,,144.62,0.03,0.02,0.0,0.0,291.0,,2025-05-23,中证交易所绿色债券指数
2025-05-23,931147,中证交易所高等级绿色债券指数,交易所高等级绿色债,CSI Exchange High Grade Green Bond Index,Exchange High Grade Green Bond,,,,144.5,0.03,0.02,0.0,0.0,279.0,,2025-05-23,中证交易所高等级绿色债券指数
2025-05-23,931145,中证绿色债券指数,中证绿色债,CSI Green Bond Index,CSI Green Bond,,,,138.47,0.0,0.0,0.0,0.0,921.0,,2025-05-23,中证绿色债券指数
2025-05-26,930951,中证交易所绿色债券指数,交易所绿色债,CSI Exchange Green Bond Index,Exchange Green Bond,,,,144.66,0.05,0.03,0.0,0.0,291.0,,2025-05-26,中证交易所绿色债券指数
2025-05-26,931147,中证交易所高等级绿色债券指数,交易所高等级绿色债,CSI Exchange High Grade Green Bond Index,Exchange High Grade Green Bond,,,,144.54,0.05,0.03,0.0,0.0,279.0,,2025-05-26,中证交易所高等级绿色债券指数
2025-05-26,931145,中证绿色债券指数,中证绿色债,CSI Green Bond Index,CSI Green Bond,,,,138.5,0.03,0.02,0.0,0.0,921.0,,2025-05-26,中证绿色债券指数
2025-05-27,930951,中证交易所绿色债券指数,交易所绿色债,CSI Exchange Green Bond Index,Exchange Green Bond,,,,144.67,0.01,0.01,0.0,0.0,290.0,,2025-05-27,中证交易所绿色债券指数
2025-05-27,931147,中证交易所高等级绿色债券指数,交易所高等级绿色债,CSI Exchange High Grade Green Bond Index,Exchange High Grade Green Bond,,,,144.55,0.01,0.01,0.0,0.0,278.0,,2025-05-27,中证交易所高等级绿色债券指数
2025-05-27,931145,中证绿色债券指数,中证绿色债,CSI Green Bond Index,CSI Green Bond,,,,138.49,0.0,0.0,0.0,0.0,920.0,,2025-05-27,中证绿色债券指数
2025-05-28,930951,中证交易所绿色债券指数,交易所绿色债,CSI Exchange Green Bond Index,Exchange Green Bond,,,,144.67,0.01,0.0,0.0,0.0,290.0,,2025-05-28,中证交易所绿色债券指数
2025-05-28,931147,中证交易所高等级绿色债券指数,交易所高等级绿色债,CSI Exchange High Grade Green Bond Index,Exchange High Grade Green Bond,,,,144.55,0.0,0.0,0.0,0.0,278.0,,2025-05-28,中证交易所高等级绿色债券指数
2025-05-28,931145,中证绿色债券指数,中证绿色债,CSI Green Bond Index,CSI Green Bond,,,,138.49,-0.01,-0.01,0.0,0.0,920.0,,2025-05-28,中证绿色债券指数
2025-05-29,930951,中证交易所绿色债券指数,交易所绿色债,CSI Exchange Green Bond Index,Exchange Green Bond,,,,144.62,-0.06,-0.04,0.0,0.0,290.0,,2025-05-29,中证交易所绿色债券指数
2025-05-29,931147,中证交易所高等级绿色债券指数,交易所高等级绿色债,CSI Exchange High Grade Green Bond Index,Exchange High Grade Green Bond,,,,144.5,-0.06,-0.04,0.0,0.0,278.0,,2025-05-29,中证交易所高等级绿色债券指数
2025-05-29,931145,中证绿色债券指数,中证绿色债,CSI Green Bond Index,CSI Green Bond,,,,138.45,-0.03,-0.02,0.0,0.0,920.0,,2025-05-29,中证绿色债券指数
2025-05-30,930951,中证交易所绿色债券指数,交易所绿色债,CSI Exchange Green Bond Index,Exchange Green Bond,,,,144.63,0.01,0.01,0.0,0.0,290.0,,2025-05-30,中证交易所绿色债券指数
2025-05-30,931147,中证交易所高等级绿色债券指数,交易所高等级绿色债,CSI Exchange High Grade Green Bond Index,Exchange High Grade Green Bond,,,,144.51,0.01,0.01,0.0,0.0,278.0,,2025-05-30,中证交易所高等级绿色债券指数
2025-05-30,931145,中证绿色债券指数,中证绿色债,CSI Green Bond Index,CSI Green Bond,,,,138.47,0.02,0.01,0.0,0.0,920.0,,2025-05-30,中证绿色债券指数
2025-06-03,930951,中证交易所绿色债券指数,交易所绿色债,CSI Exchange Green Bond Index,Exchange Green Bond,,,,144.68,0.05,0.04,0.0,0.0,288.0,,2025-06-03,中证交易所绿色债券指数
2025-06-03,931147,中证交易所高等级绿色债券指数,交易所高等级绿色债,CSI Exchange High Grade Green Bond Index,Exchange High Grade Green Bond,,,,144.56,0.05,0.04,0.0,0.0,276.0,,2025-06-03,中证交易所高等级绿色债券指数
2025-06-03,931145,中证绿色债券指数,中证绿色债,CSI Green Bond Index,CSI Green Bond,,,,138.51,0.03,0.03,0.0,0.0,918.0,,2025-06-03,中证绿色债券指数
2025-06-04,930951,中证交易所绿色债券指数,交易所绿色债,CSI Exchange Green Bond Index,Exchange Green Bond,,,,144.69,0.01,0.01,0.0,0.0,288.0,,2025-06-04,中证交易所绿色债券指数
2025-06-04,931147,中证交易所高等级绿色债券指数,交易所高等级绿色债,CSI Exchange High Grade Green Bond Index,Exchange High Grade Green Bond,,,,144.57,0.01,0.01,0.0,0.0,276.0,,2025-06-04,中证交易所高等级绿色债券指数
2025-06-04,931145,中证绿色债券指数,中证绿色债,CSI Green Bond Index,CSI Green Bond,,,,138.51,0.01,0.01,0.0,0.0,918.0,,2025-06-04,中证绿色债券指数
2025-06-05,930951,中证交易所绿色债券指数,交易所绿色债,CSI Exchange Green Bond Index,Exchange Green Bond,,,,144.71,0.02,0.01,0.0,0.0,288.0,,2025-06-05,中证交易所绿色债券指数
2025-06-05,931147,中证交易所高等级绿色债券指数,交易所高等级绿色债,CSI Exchange High Grade Green Bond Index,Exchange High Grade Green Bond,,,,144.58,0.02,0.01,0.0,0.0,276.0,,2025-06-05,中证交易所高等级绿色债券指数
2025-06-05,931145,中证绿色债券指数,中证绿色债,CSI Green Bond Index,CSI Green Bond,,,,138.53,0.02,0.01,0.0,0.0,918.0,,2025-06-05,中证绿色债券指数
2025-06-06,930951,中证交易所绿色债券指数,交易所绿色债,CSI Exchange Green Bond Index,Exchange Green Bond,,,,144.72,0.02,0.01,0.0,0.0,288.0,,2025-06-06,中证交易所绿色债券指数
2025-06-06,931147,中证交易所高等级绿色债券指数,交易所高等级绿色债,CSI Exchange High Grade Green Bond Index,Exchange High Grade Green Bond,,,,144.6,0.02,0.01,0.0,0.0,276.0,,2025-06-06,中证交易所高等级绿色债券指数
2025-06-06,931145,中证绿色债券指数,中证绿色债,CSI Green Bond Index,CSI Green Bond,,,,138.56,0.03,0.02,0.0,0.0,918.0,,2025-06-06,中证绿色债券指数
2025-06-09,930951,中证交易所绿色债券指数,交易所绿色债,CSI Exchange Green Bond Index,Exchange Green Bond,,,,144.77,0.05,0.03,0.0,0.0,287.0,,2025-06-09,中证交易所绿色债券指数
2025-06-09,931147,中证交易所高等级绿色债券指数,交易所高等级绿色债,CSI Exchange High Grade Green Bond Index,Exchange High Grade Green Bond,,,,144.65,0.05,0.03,0.0,0.0,275.0,,2025-06-09,中证交易所高等级绿色债券指数
2025-06-09,931145,中证绿色债券指数,中证绿色债,CSI Green Bond Index,CSI Green Bond,,,,138.61,0.06,0.04,0.0,0.0,917.0,,2025-06-09,中证绿色债券指数
2025-06-10,930951,中证交易所绿色债券指数,交易所绿色债,CSI Exchange Green Bond Index,Exchange Green Bond,,,,144.81,0.03,0.02,0.0,0.0,287.0,,2025-06-10,中证交易所绿色债券指数
2025-06-10,931147,中证交易所高等级绿色债券指数,交易所高等级绿色债,CSI Exchange High Grade Green Bond Index,Exchange High Grade Green Bond,,,,144.69,0.03,0.02,0.0,0.0,275.0,,2025-06-10,中证交易所高等级绿色债券指数
2025-06-10,931145,中证绿色债券指数,中证绿色债,CSI Green Bond Index,CSI Green Bond,,,,138.65,0.03,0.02,0.0,0.0,917.0,,2025-06-10,中证绿色债券指数
2025-06-11,930951,中证交易所绿色债券指数,交易所绿色债,CSI Exchange Green Bond Index,Exchange Green Bond,,,,144.84,0.03,0.02,0.0,0.0,287.0,,2025-06-11,中证交易所绿色债券指数
2025-06-11,931147,中证交易所高等级绿色债券指数,交易所高等级绿色债,CSI Exchange High Grade Green Bond Index,Exchange High Grade Green Bond,,,,144.72,0.03,0.02,0.0,0.0,275.0,,2025-06-11,中证交易所高等级绿色债券指数
2025-06-11,931145,中证绿色债券指数,中证绿色债,CSI Green Bond Index,CSI Green Bond,,,,138.66,0.01,0.01,0.0,0.0,917.0,,2025-06-11,中证绿色债券指数
2025-06-12,930951,中证交易所绿色债券指数,交易所绿色债,CSI Exchange Green Bond Index,Exchange Green Bond,,,,144.86,0.02,0.02,0.0,0.0,287.0,,2025-06-12,中证交易所绿色债券指数
2025-06-12,931147,中证交易所高等级绿色债券指数,交易所高等级绿色债,CSI Exchange High Grade Green Bond Index,Exchange High Grade Green Bond,,,,144.74,0.02,0.02,0.0,0.0,275.0,,2025-06-12,中证交易所高等级绿色债券指数
2025-06-12,931145,中证绿色债券指数,中证绿色债,CSI Green Bond Index,CSI Green Bond,,,,138.67,0.02,0.01,0.0,0.0,917.0,,2025-06-12,中证绿色债券指数
2025-06-13,930951,中证交易所绿色债券指数,交易所绿色债,CSI Exchange Green Bond Index,Exchange Green Bond,,,,144.89,0.03,0.02,0.0,0.0,287.0,,2025-06-13,中证交易所绿色债券指数
2025-06-13,931147,中证交易所高等级绿色债券指数,交易所高等级绿色债,CSI Exchange High Grade Green Bond Index,Exchange High Grade Green Bond,,,,144.77,0.03,0.02,0.0,0.0,275.0,,2025-06-13,中证交易所高等级绿色债券指数
2025-06-13,931145,中证绿色债券指数,中证绿色债,CSI Green Bond Index,CSI Green Bond,,,,138.69,0.01,0.01,0.0,0.0,917.0,,2025-06-13,中证绿色债券指数
2025-06-16,930951,中证交易所绿色债券指数,交易所绿色债,CSI Exchange Green Bond Index,Exchange Green Bond,,,,144.92,0.03,0.02,0.0,0.0,287.0,,2025-06-16,中证交易所绿色债券指数
2025-06-16,931147,中证交易所高等级绿色债券指数,交易所高等级绿色债,CSI Exchange High Grade Green Bond Index,Exchange High Grade Green Bond,,,,144.8,0.03,0.02,0.0,0.0,275.0,,2025-06-16,中证交易所高等级绿色债券指数
2025-06-16,931145,中证绿色债券指数,中证绿色债,CSI Green Bond Index,CSI Green Bond,,,,138.71,0.02,0.02,0.0,0.0,917.0,,2025-06-16,中证绿色债券指数
2025-06-17,930951,中证交易所绿色债券指数,交易所绿色债,CSI Exchange Green Bond Index,Exchange Green Bond,,,,144.96,0.04,0.03,0.0,0.0,287.0,,2025-06-17,中证交易所绿色债券指数
2025-06-17,931147,中证交易所高等级绿色债券指数,交易所高等级绿色债,CSI Exchange High Grade Green Bond Index,Exchange High Grade Green Bond,,,,144.84,0.04,0.03,0.0,0.0,275.0,,2025-06-17,中证交易所高等级绿色债券指数
2025-06-17,931145,中证绿色债券指数,中证绿色债,CSI Green Bond Index,CSI Green Bond,,,,138.73,0.02,0.01,0.0,0.0,917.0,,2025-06-17,中证绿色债券指数
2025-06-18,930951,中证交易所绿色债券指数,交易所绿色债,CSI Exchange Green Bond Index,Exchange Green Bond,,,,144.99,0.04,0.02,0.0,0.0,287.0,,2025-06-18,中证交易所绿色债券指数
2025-06-18,931147,中证交易所高等级绿色债券指数,交易所高等级绿色债,CSI Exchange High Grade Green Bond Index,Exchange High Grade Green Bond,,,,144.87,0.04,0.02,0.0,0.0,275.0,,2025-06-18,中证交易所高等级绿色债券指数
2025-06-18,931145,中证绿色债券指数,中证绿色债,CSI Green Bond Index,CSI Green Bond,,,,138.75,0.02,0.02,0.0,0.0,917.0,,2025-06-18,中证绿色债券指数
2025-06-19,930951,中证交易所绿色债券指数,交易所绿色债,CSI Exchange Green Bond Index,Exchange Green Bond,,,,145.03,0.04,0.03,0.0,0.0,287.0,,2025-06-19,中证交易所绿色债券指数
2025-06-19,931147,中证交易所高等级绿色债券指数,交易所高等级绿色债,CSI Exchange High Grade Green Bond Index,Exchange High Grade Green Bond,,,,144.91,0.04,0.03,0.0,0.0,275.0,,2025-06-19,中证交易所高等级绿色债券指数
2025-06-19,931145,中证绿色债券指数,中证绿色债,CSI Green Bond Index,CSI Green Bond,,,,138.78,0.03,0.02,0.0,0.0,917.0,,2025-06-19,中证绿色债券指数
2025-06-20,930951,中证交易所绿色债券指数,交易所绿色债,CSI Exchange Green Bond Index,Exchange Green Bond,,,,145.07,0.04,0.03,0.0,0.0,287.0,,2025-06-20,中证交易所绿色债券指数
2025-06-20,931147,中证交易所高等级绿色债券指数,交易所高等级绿色债,CSI Exchange High Grade Green Bond Index,Exchange High Grade Green Bond,,,,144.95,0.04,0.03,0.0,0.0,275.0,,2025-06-20,中证交易所高等级绿色债券指数
2025-06-20,931145,中证绿色债券指数,中证绿色债,CSI Green Bond Index,CSI Green Bond,,,,138.8,0.02,0.02,0.0,0.0,917.0,,2025-06-20,中证绿色债券指数
2025-06-23,930951,中证交易所绿色债券指数,交易所绿色债,CSI Exchange Green Bond Index,Exchange Green Bond,,,,145.12,0.06,0.04,0.0,0.0,287.0,,2025-06-23,中证交易所绿色债券指数
2025-06-23,931147,中证交易所高等级绿色债券指数,交易所高等级绿色债,CSI Exchange High Grade Green Bond Index,Exchange High Grade Green Bond,,,,145.0,0.06,0.04,0.0,0.0,275.0,,2025-06-23,中证交易所高等级绿色债券指数
2025-06-23,931145,中证绿色债券指数,中证绿色债,CSI Green Bond Index,CSI Green Bond,,,,138.83,0.03,0.02,0.0,0.0,917.0,,2025-06-23,中证绿色债券指数
2025-06-24,930951,中证交易所绿色债券指数,交易所绿色债,CSI Exchange Green Bond Index,Exchange Green Bond,,,,145.14,0.02,0.01,0.0,0.0,287.0,,2025-06-24,中证交易所绿色债券指数
2025-06-24,931147,中证交易所高等级绿色债券指数,交易所高等级绿色债,CSI Exchange High Grade Green Bond Index,Exchange High Grade Green Bond,,,,145.02,0.02,0.01,0.0,0.0,275.0,,2025-06-24,中证交易所高等级绿色债券指数
2025-06-24,931145,中证绿色债券指数,中证绿色债,CSI Green Bond Index,CSI Green Bond,,,,138.84,0.01,0.0,0.0,0.0,917.0,,2025-06-24,中证绿色债券指数
2025-06-25,930951,中证交易所绿色债券指数,交易所绿色债,CSI Exchange Green Bond Index,Exchange Green Bond,,,,145.15,0.01,0.01,0.0,0.0,287.0,,2025-06-25,中证交易所绿色债券指数
2025-06-25,931147,中证交易所高等级绿色债券指数,交易所高等级绿色债,CSI Exchange High Grade Green Bond Index,Exchange High Grade Green Bond,,,,145.03,0.01,0.01,0.0,0.0,275.0,,2025-06-25,中证交易所高等级绿色债券指数
2025-06-25,931145,中证绿色债券指数,中证绿色债,CSI Green Bond Index,CSI Green Bond,,,,138.84,0.0,0.0,0.0,0.0,917.0,,2025-06-25,中证绿色债券指数
2025-06-26,930951,中证交易所绿色债券指数,交易所绿色债,CSI Exchange Green Bond Index,Exchange Green Bond,,,,145.17,0.01,0.01,0.0,0.0,287.0,,2025-06-26,中证交易所绿色债券指数
2025-06-26,931147,中证交易所高等级绿色债券指数,交易所高等级绿色债,CSI Exchange High Grade Green Bond Index,Exchange High Grade Green Bond,,,,145.04,0.01,0.01,0.0,0.0,275.0,,2025-06-26,中证交易所高等级绿色债券指数
2025-06-26,931145,中证绿色债券指数,中证绿色债,CSI Green Bond Index,CSI Green Bond,,,,138.82,-0.01,-0.01,0.0,0.0,917.0,,2025-06-26,中证绿色债券指数
2025-06-27,930951,中证交易所绿色债券指数,交易所绿色债,CSI Exchange Green Bond Index,Exchange Green Bond,,,,145.15,-0.01,-0.01,0.0,0.0,287.0,,2025-06-27,中证交易所绿色债券指数
2025-06-27,931147,中证交易所高等级绿色债券指数,交易所高等级绿色债,CSI Exchange High Grade Green Bond Index,Exchange High Grade Green Bond,,,,145.03,-0.01,-0.01,0.0,0.0,275.0,,2025-06-27,中证交易所高等级绿色债券指数
2025-06-27,931145,中证绿色债券指数,中证绿色债,CSI Green Bond Index,CSI Green Bond,,,,138.83,0.01,0.01,0.0,0.0,917.0,,2025-06-27,中证绿色债券指数
2025-06-30,930951,中证交易所绿色债券指数,交易所绿色债,CSI Exchange Green Bond Index,Exchange Green Bond,,,,145.18,0.03,0.02,0.0,0.0,287.0,,2025-06-30,中证交易所绿色债券指数
2025-06-30,931147,中证交易所高等级绿色债券指数,交易所高等级绿色债,CSI Exchange High Grade Green Bond Index,Exchange High Grade Green Bond,,,,145.06,0.03,0.02,0.0,0.0,275.0,,2025-06-30,中证交易所高等级绿色债券指数
2025-06-30,931145,中证绿色债券指数,中证绿色债,CSI Green Bond Index,CSI Green Bond,,,,138.86,0.03,0.02,0.0,0.0,917.0,,2025-06-30,中证绿色债券指数
2025-07-01,930951,中证交易所绿色债券指数,交易所绿色债,CSI Exchange Green Bond Index,Exchange Green Bond,,,,145.2,0.02,0.02,0.0,0.0,288.0,,2025-07-01,中证交易所绿色债券指数
2025-07-01,931147,中证交易所高等级绿色债券指数,交易所高等级绿色债,CSI Exchange High Grade Green Bond Index,Exchange High Grade Green Bond,,,,145.08,0.02,0.02,0.0,0.0,276.0,,2025-07-01,中证交易所高等级绿色债券指数
2025-07-01,931145,中证绿色债券指数,中证绿色债,CSI Green Bond Index,CSI Green Bond,,,,138.88,0.02,0.01,0.0,0.0,942.0,,2025-07-01,中证绿色债券指数
2025-07-02,930951,中证交易所绿色债券指数,交易所绿色债,CSI Exchange Green Bond Index,Exchange Green Bond,,,,145.24,0.04,0.03,0.0,0.0,288.0,,2025-07-02,中证交易所绿色债券指数
2025-07-02,931147,中证交易所高等级绿色债券指数,交易所高等级绿色债,CSI Exchange High Grade Green Bond Index,Exchange High Grade Green Bond,,,,145.12,0.04,0.03,0.0,0.0,276.0,,2025-07-02,中证交易所高等级绿色债券指数
2025-07-02,931145,中证绿色债券指数,中证绿色债,CSI Green Bond Index,CSI Green Bond,,,,138.93,0.05,0.03,0.0,0.0,942.0,,2025-07-02,中证绿色债券指数
2025-07-03,930951,中证交易所绿色债券指数,交易所绿色债,CSI Exchange Green Bond Index,Exchange Green Bond,,,,145.3,0.05,0.04,0.0,0.0,288.0,,2025-07-03,中证交易所绿色债券指数
2025-07-03,931147,中证交易所高等级绿色债券指数,交易所高等级绿色债,CSI Exchange High Grade Green Bond Index,Exchange High Grade Green Bond,,,,145.17,0.05,0.04,0.0,0.0,276.0,,2025-07-03,中证交易所高等级绿色债券指数
2025-07-03,931145,中证绿色债券指数,中证绿色债,CSI Green Bond Index,CSI Green Bond,,,,138.98,0.05,0.03,0.0,0.0,942.0,,2025-07-03,中证绿色债券指数
2025-07-04,930951,中证交易所绿色债券指数,交易所绿色债,CSI Exchange Green Bond Index,Exchange Green Bond,,,,145.34,0.04,0.03,0.0,0.0,288.0,,2025-07-04,中证交易所绿色债券指数
2025-07-04,931147,中证交易所高等级绿色债券指数,交易所高等级绿色债,CSI Exchange High Grade Green Bond Index,Exchange High Grade Green Bond,,,,145.22,0.04,0.03,0.0,0.0,276.0,,2025-07-04,中证交易所高等级绿色债券指数
2025-07-04,931145,中证绿色债券指数,中证绿色债,CSI Green Bond Index,CSI Green Bond,,,,139.0,0.03,0.02,0.0,0.0,942.0,,2025-07-04,中证绿色债券指数
2025-07-07,930951,中证交易所绿色债券指数,交易所绿色债,CSI Exchange Green Bond Index,Exchange Green Bond,,,,145.4,0.07,0.05,0.0,0.0,288.0,,2025-07-07,中证交易所绿色债券指数
2025-07-07,931147,中证交易所高等级绿色债券指数,交易所高等级绿色债,CSI Exchange High Grade Green Bond Index,Exchange High Grade Green Bond,,,,145.28,0.07,0.05,0.0,0.0,276.0,,2025-07-07,中证交易所高等级绿色债券指数
2025-07-07,931145,中证绿色债券指数,中证绿色债,CSI Green Bond Index,CSI Green Bond,,,,139.04,0.04,0.03,0.0,0.0,942.0,,2025-07-07,中证绿色债券指数
2025-07-08,930951,中证交易所绿色债券指数,交易所绿色债,CSI Exchange Green Bond Index,Exchange Green Bond,,,,145.42,0.02,0.02,0.0,0.0,288.0,,2025-07-08,中证交易所绿色债券指数
2025-07-08,931147,中证交易所高等级绿色债券指数,交易所高等级绿色债,CSI Exchange High Grade Green Bond Index,Exchange High Grade Green Bond,,,,145.3,0.02,0.02,0.0,0.0,276.0,,2025-07-08,中证交易所高等级绿色债券指数
2025-07-08,931145,中证绿色债券指数,中证绿色债,CSI Green Bond Index,CSI Green Bond,,,,139.04,0.01,0.0,0.0,0.0,942.0,,2025-07-08,中证绿色债券指数
2025-07-09,930951,中证交易所绿色债券指数,交易所绿色债,CSI Exchange Green Bond Index,Exchange Green Bond,,,,145.42,0.0,0.0,0.0,0.0,288.0,,2025-07-09,中证交易所绿色债券指数
2025-07-09,931147,中证交易所高等级绿色债券指数,交易所高等级绿色债,CSI Exchange High Grade Green Bond Index,Exchange High Grade Green Bond,,,,145.3,0.0,0.0,0.0,0.0,276.0,,2025-07-09,中证交易所高等级绿色债券指数
2025-07-09,931145,中证绿色债券指数,中证绿色债,CSI Green Bond Index,CSI Green Bond,,,,139.03,-0.01,-0.01,0.0,0.0,942.0,,2025-07-09,中证绿色债券指数
2025-07-10,930951,中证交易所绿色债券指数,交易所绿色债,CSI Exchange Green Bond Index,Exchange Green Bond,,,,145.41,-0.01,-0.01,0.0,0.0,288.0,,2025-07-10,中证交易所绿色债券指数
2025-07-10,931147,中证交易所高等级绿色债券指数,交易所高等级绿色债,CSI Exchange High Grade Green Bond Index,Exchange High Grade Green Bond,,,,145.29,-0.01,-0.01,0.0,0.0,276.0,,2025-07-10,中证交易所高等级绿色债券指数
2025-07-10,931145,中证绿色债券指数,中证绿色债,CSI Green Bond Index,CSI Green Bond,,,,139.02,-0.01,-0.01,0.0,0.0,942.0,,2025-07-10,中证绿色债券指数
2025-07-11,930951,中证交易所绿色债券指数,交易所绿色债,CSI Exchange Green Bond Index,Exchange Green Bond,,,,145.38,-0.03,-0.02,0.0,0.0,288.0,,2025-07-11,中证交易所绿色债券指数
2025-07-11,931147,中证交易所高等级绿色债券指数,交易所高等级绿色债,CSI Exchange High Grade Green Bond Index,Exchange High Grade Green Bond,,,,145.26,-0.03,-0.02,0.0,0.0,276.0,,2025-07-11,中证交易所高等级绿色债券指数
2025-07-11,931145,中证绿色债券指数,中证绿色债,CSI Green Bond Index,CSI Green Bond,,,,138.99,-0.03,-0.02,0.0,0.0,942.0,,2025-07-11,中证绿色债券指数
2025-07-14,930951,中证交易所绿色债券指数,交易所绿色债,CSI Exchange Green Bond Index,Exchange Green Bond,,,,145.38,0.0,0.0,0.0,0.0,288.0,,2025-07-14,中证交易所绿色债券指数
2025-07-14,931147,中证交易所高等级绿色债券指数,交易所高等级绿色债,CSI Exchange High Grade Green Bond Index,Exchange High Grade Green Bond,,,,145.26,0.0,0.0,0.0,0.0,276.0,,2025-07-14,中证交易所高等级绿色债券指数
2025-07-14,931145,中证绿色债券指数,中证绿色债,CSI Green Bond Index,CSI Green Bond,,,,138.98,0.0,0.0,0.0,0.0,942.0,,2025-07-14,中证绿色债券指数
2025-07-15,930951,中证交易所绿色债券指数,交易所绿色债,CSI Exchange Green Bond Index,Exchange Green Bond,,,,145.38,0.0,0.0,0.0,0.0,288.0,,2025-07-15,中证交易所绿色债券指数
2025-07-15,931147,中证交易所高等级绿色债券指数,交易所高等级绿色债,CSI Exchange High Grade Green Bond Index,Exchange High Grade Green Bond,,,,145.26,0.0,0.0,0.0,0.0,276.0,,2025-07-15,中证交易所高等级绿色债券指数
2025-07-15,931145,中证绿色债券指数,中证绿色债,CSI Green Bond Index,CSI Green Bond,,,,139.0,0.02,0.01,0.0,0.0,942.0,,2025-07-15,中证绿色债券指数
2025-07-16,930951,中证交易所绿色债券指数,交易所绿色债,CSI Exchange Green Bond Index,Exchange Green Bond,,,,145.42,0.05,0.03,0.0,0.0,288.0,,2025-07-16,中证交易所绿色债券指数
2025-07-16,931147,中证交易所高等级绿色债券指数,交易所高等级绿色债,CSI Exchange High Grade Green Bond Index,Exchange High Grade Green Bond,,,,145.3,0.05,0.03,0.0,0.0,276.0,,2025-07-16,中证交易所高等级绿色债券指数
2025-07-16,931145,中证绿色债券指数,中证绿色债,CSI Green Bond Index,CSI Green Bond,,,,139.04,0.04,0.03,0.0,0.0,942.0,,2025-07-16,中证绿色债券指数
2025-07-17,930951,中证交易所绿色债券指数,交易所绿色债,CSI Exchange Green Bond Index,Exchange Green Bond,,,,145.47,0.04,0.03,0.0,0.0,288.0,,2025-07-17,中证交易所绿色债券指数
2025-07-17,931147,中证交易所高等级绿色债券指数,交易所高等级绿色债,CSI Exchange High Grade Green Bond Index,Exchange High Grade Green Bond,,,,145.34,0.04,0.03,0.0,0.0,276.0,,2025-07-17,中证交易所高等级绿色债券指数
2025-07-17,931145,中证绿色债券指数,中证绿色债,CSI Green Bond Index,CSI Green Bond,,,,139.07,0.03,0.02,0.0,0.0,942.0,,2025-07-17,中证绿色债券指数
2025-07-18,930951,中证交易所绿色债券指数,交易所绿色债,CSI Exchange Green Bond Index,Exchange Green Bond,,,,145.49,0.02,0.01,0.0,0.0,288.0,,2025-07-18,中证交易所绿色债券指数
2025-07-18,931147,中证交易所高等级绿色债券指数,交易所高等级绿色债,CSI Exchange High Grade Green Bond Index,Exchange High Grade Green Bond,,,,145.36,0.02,0.01,0.0,0.0,276.0,,2025-07-18,中证交易所高等级绿色债券指数
2025-07-18,931145,中证绿色债券指数,中证绿色债,CSI Green Bond Index,CSI Green Bond,,,,139.08,0.02,0.01,0.0,0.0,942.0,,2025-07-18,中证绿色债券指数
2025-07-21,930951,中证交易所绿色债券指数,交易所绿色债,CSI Exchange Green Bond Index,Exchange Green Bond,,,,145.49,0.01,0.01,0.0,0.0,287.0,,2025-07-21,中证交易所绿色债券指数
2025-07-21,931147,中证交易所高等级绿色债券指数,交易所高等级绿色债,CSI Exchange High Grade Green Bond Index,Exchange High Grade Green Bond,,,,145.37,0.01,0.01,0.0,0.0,275.0,,2025-07-21,中证交易所高等级绿色债券指数
2025-07-21,931145,中证绿色债券指数,中证绿色债,CSI Green Bond Index,CSI Green Bond,,,,139.08,0.0,0.0,0.0,0.0,941.0,,2025-07-21,中证绿色债券指数
2025-07-22,930951,中证交易所绿色债券指数,交易所绿色债,CSI Exchange Green Bond Index,Exchange Green Bond,,,,145.47,-0.03,-0.02,0.0,0.0,287.0,,2025-07-22,中证交易所绿色债券指数
2025-07-22,931147,中证交易所高等级绿色债券指数,交易所高等级绿色债,CSI Exchange High Grade Green Bond Index,Exchange High Grade Green Bond,,,,145.34,-0.03,-0.02,0.0,0.0,275.0,,2025-07-22,中证交易所高等级绿色债券指数
2025-07-22,931145,中证绿色债券指数,中证绿色债,CSI Green Bond Index,CSI Green Bond,,,,139.07,-0.01,-0.01,0.0,0.0,941.0,,2025-07-22,中证绿色债券指数
2025-07-23,930951,中证交易所绿色债券指数,交易所绿色债,CSI Exchange Green Bond Index,Exchange Green Bond,,,,145.4,-0.07,-0.05,0.0,0.0,287.0,,2025-07-23,中证交易所绿色债券指数
2025-07-23,931147,中证交易所高等级绿色债券指数,交易所高等级绿色债,CSI Exchange High Grade Green Bond Index,Exchange High Grade Green Bond,,,,145.27,-0.07,-0.05,0.0,0.0,275.0,,2025-07-23,中证交易所高等级绿色债券指数
2025-07-23,931145,中证绿色债券指数,中证绿色债,CSI Green Bond Index,CSI Green Bond,,,,139.01,-0.06,-0.04,0.0,0.0,941.0,,2025-07-23,中证绿色债券指数
2025-07-24,930951,中证交易所绿色债券指数,交易所绿色债,CSI Exchange Green Bond Index,Exchange Green Bond,,,,145.31,-0.08,-0.06,0.0,0.0,287.0,,2025-07-24,中证交易所绿色债券指数
2025-07-24,931147,中证交易所高等级绿色债券指数,交易所高等级绿色债,CSI Exchange High Grade Green Bond Index,Exchange High Grade Green Bond,,,,145.19,-0.09,-0.06,0.0,0.0,275.0,,2025-07-24,中证交易所高等级绿色债券指数
2025-07-24,931145,中证绿色债券指数,中证绿色债,CSI Green Bond Index,CSI Green Bond,,,,138.95,-0.06,-0.04,0.0,0.0,941.0,,2025-07-24,中证绿色债券指数
2025-07-25,930951,中证交易所绿色债券指数,交易所绿色债,CSI Exchange Green Bond Index,Exchange Green Bond,,,,145.2,-0.12,-0.08,0.0,0.0,287.0,,2025-07-25,中证交易所绿色债券指数
2025-07-25,931147,中证交易所高等级绿色债券指数,交易所高等级绿色债,CSI Exchange High Grade Green Bond Index,Exchange High Grade Green Bond,,,,145.07,-0.12,-0.08,0.0,0.0,275.0,,2025-07-25,中证交易所高等级绿色债券指数
2025-07-25,931145,中证绿色债券指数,中证绿色债,CSI Green Bond Index,CSI Green Bond,,,,138.89,-0.06,-0.04,0.0,0.0,941.0,,2025-07-25,中证绿色债券指数
2025-07-28,930951,中证交易所绿色债券指数,交易所绿色债,CSI Exchange Green Bond Index,Exchange Green Bond,,,,145.25,0.05,0.04,0.0,0.0,287.0,,2025-07-28,中证交易所绿色债券指数
2025-07-28,931147,中证交易所高等级绿色债券指数,交易所高等级绿色债,CSI Exchange High Grade Green Bond Index,Exchange High Grade Green Bond,,,,145.13,0.05,0.04,0.0,0.0,275.0,,2025-07-28,中证交易所高等级绿色债券指数
2025-07-28,931145,中证绿色债券指数,中证绿色债,CSI Green Bond Index,CSI Green Bond,,,,138.94,0.05,0.04,0.0,0.0,941.0,,2025-07-28,中证绿色债券指数
2025-07-29,930951,中证交易所绿色债券指数,交易所绿色债,CSI Exchange Green Bond Index,Exchange Green Bond,,,,145.24,-0.01,0.0,0.0,0.0,286.0,,2025-07-29,中证交易所绿色债券指数
2025-07-29,931147,中证交易所高等级绿色债券指数,交易所高等级绿色债,CSI Exchange High Grade Green Bond Index,Exchange High Grade Green Bond,,,,145.12,-0.01,0.0,0.0,0.0,274.0,,2025-07-29,中证交易所高等级绿色债券指数
2025-07-29,931145,中证绿色债券指数,中证绿色债,CSI Green Bond Index,CSI Green Bond,,,,138.94,0.0,0.0,0.0,0.0,940.0,,2025-07-29,中证绿色债券指数
2025-07-30,930951,中证交易所绿色债券指数,交易所绿色债,CSI Exchange Green Bond Index,Exchange Green Bond,,,,145.22,-0.02,-0.02,0.0,0.0,286.0,,2025-07-30,中证交易所绿色债券指数
2025-07-30,931147,中证交易所高等级绿色债券指数,交易所高等级绿色债,CSI Exchange High Grade Green Bond Index,Exchange High Grade Green Bond,,,,145.1,-0.02,-0.02,0.0,0.0,274.0,,2025-07-30,中证交易所高等级绿色债券指数
2025-07-30,931145,中证绿色债券指数,中证绿色债,CSI Green Bond Index,CSI Green Bond,,,,138.93,-0.01,-0.01,0.0,0.0,940.0,,2025-07-30,中证绿色债券指数
2025-07-31,930951,中证交易所绿色债券指数,交易所绿色债,CSI Exchange Green Bond Index,Exchange Green Bond,,,,145.29,0.07,0.05,0.0,0.0,286.0,,2025-07-31,中证交易所绿色债券指数
2025-07-31,931147,中证交易所高等级绿色债券指数,交易所高等级绿色债,CSI Exchange High Grade Green Bond Index,Exchange High Grade Green Bond,,,,145.16,0.07,0.05,0.0,0.0,274.0,,2025-07-31,中证交易所高等级绿色债券指数
2025-07-31,931145,中证绿色债券指数,中证绿色债,CSI Green Bond Index,CSI Green Bond,,,,138.99,0.06,0.04,0.0,0.0,939.0,,2025-07-31,中证绿色债券指数
2025-08-01,930951,中证交易所绿色债券指数,交易所绿色债,CSI Exchange Green Bond Index,Exchange Green Bond,,,,145.33,0.04,0.03,0.0,0.0,291.0,,2025-08-01,中证交易所绿色债券指数
2025-08-01,931147,中证交易所高等级绿色债券指数,交易所高等级绿色债,CSI Exchange High Grade Green Bond Index,Exchange High Grade Green Bond,,,,145.21,0.04,0.03,0.0,0.0,279.0,,2025-08-01,中证交易所高等级绿色债券指数
2025-08-01,931145,中证绿色债券指数,中证绿色债,CSI Green Bond Index,CSI Green Bond,,,,139.03,0.04,0.03,0.0,0.0,964.0,,2025-08-01,中证绿色债券指数
2025-08-04,930951,中证交易所绿色债券指数,交易所绿色债,CSI Exchange Green Bond Index,Exchange Green Bond,,,,145.37,0.03,0.02,0.0,0.0,291.0,,2025-08-04,中证交易所绿色债券指数
2025-08-04,931147,中证交易所高等级绿色债券指数,交易所高等级绿色债,CSI Exchange High Grade Green Bond Index,Exchange High Grade Green Bond,,,,145.24,0.03,0.02,0.0,0.0,279.0,,2025-08-04,中证交易所高等级绿色债券指数
2025-08-04,931145,中证绿色债券指数,中证绿色债,CSI Green Bond Index,CSI Green Bond,,,,139.07,0.04,0.03,0.0,0.0,964.0,,2025-08-04,中证绿色债券指数
2025-08-05,930951,中证交易所绿色债券指数,交易所绿色债,CSI Exchange Green Bond Index,Exchange Green Bond,,,,145.39,0.02,0.01,0.0,0.0,291.0,,2025-08-05,中证交易所绿色债券指数
2025-08-05,931147,中证交易所高等级绿色债券指数,交易所高等级绿色债,CSI Exchange High Grade Green Bond Index,Exchange High Grade Green Bond,,,,145.26,0.02,0.01,0.0,0.0,279.0,,2025-08-05,中证交易所高等级绿色债券指数
2025-08-05,931145,中证绿色债券指数,中证绿色债,CSI Green Bond Index,CSI Green Bond,,,,139.08,0.01,0.01,0.0,0.0,964.0,,2025-08-05,中证绿色债券指数
2025-08-06,930951,中证交易所绿色债券指数,交易所绿色债,CSI Exchange Green Bond Index,Exchange Green Bond,,,,145.42,0.04,0.02,0.0,0.0,291.0,,2025-08-06,中证交易所绿色债券指数
2025-08-06,931147,中证交易所高等级绿色债券指数,交易所高等级绿色债,CSI Exchange High Grade Green Bond Index,Exchange High Grade Green Bond,,,,145.3,0.04,0.02,0.0,0.0,279.0,,2025-08-06,中证交易所高等级绿色债券指数
2025-08-06,931145,中证绿色债券指数,中证绿色债,CSI Green Bond Index,CSI Green Bond,,,,139.11,0.02,0.02,0.0,0.0,964.0,,2025-08-06,中证绿色债券指数
2025-08-07,930951,中证交易所绿色债券指数,交易所绿色债,CSI Exchange Green Bond Index,Exchange Green Bond,,,,145.46,0.04,0.03,0.0,0.0,291.0,,2025-08-07,中证交易所绿色债券指数
2025-08-07,931147,中证交易所高等级绿色债券指数,交易所高等级绿色债,CSI Exchange High Grade Green Bond Index,Exchange High Grade Green Bond,,,,145.33,0.04,0.03,0.0,0.0,279.0,,2025-08-07,中证交易所高等级绿色债券指数
2025-08-07,931145,中证绿色债券指数,中证绿色债,CSI Green Bond Index,CSI Green Bond,,,,139.13,0.02,0.01,0.0,0.0,963.0,,2025-08-07,中证绿色债券指数
2025-08-08,930951,中证交易所绿色债券指数,交易所绿色债,CSI Exchange Green Bond Index,Exchange Green Bond,,,,145.48,0.02,0.01,0.0,0.0,291.0,,2025-08-08,中证交易所绿色债券指数
2025-08-08,931147,中证交易所高等级绿色债券指数,交易所高等级绿色债,CSI Exchange High Grade Green Bond Index,Exchange High Grade Green Bond,,,,145.35,0.02,0.01,0.0,0.0,279.0,,2025-08-08,中证交易所高等级绿色债券指数
2025-08-08,931145,中证绿色债券指数,中证绿色债,CSI Green Bond Index,CSI Green Bond,,,,139.15,0.02,0.01,0.0,0.0,963.0,,2025-08-08,中证绿色债券指数
2025-08-11,930951,中证交易所绿色债券指数,交易所绿色债,CSI Exchange Green Bond Index,Exchange Green Bond,,,,145.47,-0.01,-0.01,0.0,0.0,291.0,,2025-08-11,中证交易所绿色债券指数
2025-08-11,931147,中证交易所高等级绿色债券指数,交易所高等级绿色债,CSI Exchange High Grade Green Bond Index,Exchange High Grade Green Bond,,,,145.34,-0.01,-0.01,0.0,0.0,279.0,,2025-08-11,中证交易所高等级绿色债券指数
2025-08-11,931145,中证绿色债券指数,中证绿色债,CSI Green Bond Index,CSI Green Bond,,,,139.14,0.0,0.0,0.0,0.0,963.0,,2025-08-11,中证绿色债券指数
2025-08-12,930951,中证交易所绿色债券指数,交易所绿色债,CSI Exchange Green Bond Index,Exchange Green Bond,,,,145.41,-0.05,-0.04,0.0,0.0,291.0,,2025-08-12,中证交易所绿色债券指数
2025-08-12,931147,中证交易所高等级绿色债券指数,交易所高等级绿色债,CSI Exchange High Grade Green Bond Index,Exchange High Grade Green Bond,,,,145.29,-0.05,-0.04,0.0,0.0,279.0,,2025-08-12,中证交易所高等级绿色债券指数
2025-08-12,931145,中证绿色债券指数,中证绿色债,CSI Green Bond Index,CSI Green Bond,,,,139.11,-0.03,-0.03,0.0,0.0,963.0,,2025-08-12,中证绿色债券指数
2025-08-13,930951,中证交易所绿色债券指数,交易所绿色债,CSI Exchange Green Bond Index,Exchange Green Bond,,,,145.39,-0.02,-0.02,0.0,0.0,291.0,,2025-08-13,中证交易所绿色债券指数
2025-08-13,931147,中证交易所高等级绿色债券指数,交易所高等级绿色债,CSI Exchange High Grade Green Bond Index,Exchange High Grade Green Bond,,,,145.26,-0.02,-0.02,0.0,0.0,279.0,,2025-08-13,中证交易所高等级绿色债券指数
2025-08-13,931145,中证绿色债券指数,中证绿色债,CSI Green Bond Index,CSI Green Bond,,,,139.09,-0.02,-0.01,0.0,0.0,963.0,,2025-08-13,中证绿色债券指数
2025-08-14,930951,中证交易所绿色债券指数,交易所绿色债,CSI Exchange Green Bond Index,Exchange Green Bond,,,,145.38,-0.01,0.0,0.0,0.0,291.0,,2025-08-14,中证交易所绿色债券指数
2025-08-14,931147,中证交易所高等级绿色债券指数,交易所高等级绿色债,CSI Exchange High Grade Green Bond Index,Exchange High Grade Green Bond,,,,145.26,-0.01,0.0,0.0,0.0,279.0,,2025-08-14,中证交易所高等级绿色债券指数
2025-08-14,931145,中证绿色债券指数,中证绿色债,CSI Green Bond Index,CSI Green Bond,,,,139.1,0.01,0.01,0.0,0.0,963.0,,2025-08-14,中证绿色债券指数
2025-08-15,930951,中证交易所绿色债券指数,交易所绿色债,CSI Exchange Green Bond Index,Exchange Green Bond,,,,145.38,-0.01,-0.01,0.0,0.0,291.0,,2025-08-15,中证交易所绿色债券指数
2025-08-15,931147,中证交易所高等级绿色债券指数,交易所高等级绿色债,CSI Exchange High Grade Green Bond Index,Exchange High Grade Green Bond,,,,145.25,-0.01,-0.01,0.0,0.0,279.0,,2025-08-15,中证交易所高等级绿色债券指数
2025-08-15,931145,中证绿色债券指数,中证绿色债,CSI Green Bond Index,CSI Green Bond,,,,139.1,0.0,0.0,0.0,0.0,963.0,,2025-08-15,中证绿色债券指数
2025-08-18,930951,中证交易所绿色债券指数,交易所绿色债,CSI Exchange Green Bond Index,Exchange Green Bond,,,,145.27,-0.11,-0.08,0.0,0.0,290.0,,2025-08-18,中证交易所绿色债券指数
2025-08-18,931147,中证交易所高等级绿色债券指数,交易所高等级绿色债,CSI Exchange High Grade Green Bond Index,Exchange High Grade Green Bond,,,,145.14,-0.11,-0.08,0.0,0.0,278.0,,2025-08-18,中证交易所高等级绿色债券指数
2025-08-18,931145,中证绿色债券指数,中证绿色债,CSI Green Bond Index,CSI Green Bond,,,,139.03,-0.07,-0.05,0.0,0.0,961.0,,2025-08-18,中证绿色债券指数
2025-08-19,930951,中证交易所绿色债券指数,交易所绿色债,CSI Exchange Green Bond Index,Exchange Green Bond,,,,145.17,-0.1,-0.07,0.0,0.0,289.0,,2025-08-19,中证交易所绿色债券指数
2025-08-19,931147,中证交易所高等级绿色债券指数,交易所高等级绿色债,CSI Exchange High Grade Green Bond Index,Exchange High Grade Green Bond,,,,145.04,-0.1,-0.07,0.0,0.0,277.0,,2025-08-19,中证交易所高等级绿色债券指数
2025-08-19,931145,中证绿色债券指数,中证绿色债,CSI Green Bond Index,CSI Green Bond,,,,138.97,-0.06,-0.04,0.0,0.0,960.0,,2025-08-19,中证绿色债券指数
2025-08-20,930951,中证交易所绿色债券指数,交易所绿色债,CSI Exchange Green Bond Index,Exchange Green Bond,,,,145.19,0.02,0.01,0.0,0.0,288.0,,2025-08-20,中证交易所绿色债券指数
2025-08-20,931147,中证交易所高等级绿色债券指数,交易所高等级绿色债,CSI Exchange High Grade Green Bond Index,Exchange High Grade Green Bond,,,,145.06,0.02,0.01,0.0,0.0,276.0,,2025-08-20,中证交易所高等级绿色债券指数
2025-08-20,931145,中证绿色债券指数,中证绿色债,CSI Green Bond Index,CSI Green Bond,,,,138.97,0.0,0.0,0.0,0.0,959.0,,2025-08-20,中证绿色债券指数
2025-08-21,930951,中证交易所绿色债券指数,交易所绿色债,CSI Exchange Green Bond Index,Exchange Green Bond,,,,145.14,-0.04,-0.03,0.0,0.0,288.0,,2025-08-21,中证交易所绿色债券指数
2025-08-21,931147,中证交易所高等级绿色债券指数,交易所高等级绿色债,CSI Exchange High Grade Green Bond Index,Exchange High Grade Green Bond,,,,145.01,-0.04,-0.03,0.0,0.0,276.0,,2025-08-21,中证交易所高等级绿色债券指数
2025-08-21,931145,中证绿色债券指数,中证绿色债,CSI Green Bond Index,CSI Green Bond,,,,138.96,-0.01,-0.01,0.0,0.0,959.0,,2025-08-21,中证绿色债券指数
2025-08-22,930951,中证交易所绿色债券指数,交易所绿色债,CSI Exchange Green Bond Index,Exchange Green Bond,,,,145.16,0.02,0.01,0.0,0.0,288.0,,2025-08-22,中证交易所绿色债券指数
2025-08-22,931147,中证交易所高等级绿色债券指数,交易所高等级绿色债,CSI Exchange High Grade Green Bond Index,Exchange High Grade Green Bond,,,,145.03,0.02,0.01,0.0,0.0,276.0,,2025-08-22,中证交易所高等级绿色债券指数
2025-08-22,931145,中证绿色债券指数,中证绿色债,CSI Green Bond Index,CSI Green Bond,,,,138.98,0.02,0.01,0.0,0.0,959.0,,2025-08-22,中证绿色债券指数
2025-08-25,930951,中证交易所绿色债券指数,交易所绿色债,CSI Exchange Green Bond Index,Exchange Green Bond,,,,145.19,0.03,0.02,0.0,0.0,288.0,,2025-08-25,中证交易所绿色债券指数
2025-08-25,931147,中证交易所高等级绿色债券指数,交易所高等级绿色债,CSI Exchange High Grade Green Bond Index,Exchange High Grade Green Bond,,,,145.06,0.03,0.02,0.0,0.0,276.0,,2025-08-25,中证交易所高等级绿色债券指数
2025-08-25,931145,中证绿色债券指数,中证绿色债,CSI Green Bond Index,CSI Green Bond,,,,139.0,0.02,0.02,0.0,0.0,958.0,,2025-08-25,中证绿色债券指数
2025-08-26,930951,中证交易所绿色债券指数,交易所绿色债,CSI Exchange Green Bond Index,Exchange Green Bond,,,,145.23,0.04,0.03,0.0,0.0,288.0,,2025-08-26,中证交易所绿色债券指数
2025-08-26,931147,中证交易所高等级绿色债券指数,交易所高等级绿色债,CSI Exchange High Grade Green Bond Index,Exchange High Grade Green Bond,,,,145.1,0.04,0.03,0.0,0.0,276.0,,2025-08-26,中证交易所高等级绿色债券指数
2025-08-26,931145,中证绿色债券指数,中证绿色债,CSI Green Bond Index,CSI Green Bond,,,,139.03,0.03,0.02,0.0,0.0,958.0,,2025-08-26,中证绿色债券指数
2025-08-27,930951,中证交易所绿色债券指数,交易所绿色债,CSI Exchange Green Bond Index,Exchange Green Bond,,,,145.25,0.02,0.01,0.0,0.0,288.0,,2025-08-27,中证交易所绿色债券指数
2025-08-27,931147,中证交易所高等级绿色债券指数,交易所高等级绿色债,CSI Exchange High Grade Green Bond Index,Exchange High Grade Green Bond,,,,145.12,0.02,0.01,0.0,0.0,276.0,,2025-08-27,中证交易所高等级绿色债券指数
2025-08-27,931145,中证绿色债券指数,中证绿色债,CSI Green Bond Index,CSI Green Bond,,,,139.04,0.01,0.01,0.0,0.0,958.0,,2025-08-27,中证绿色债券指数
2025-08-28,930951,中证交易所绿色债券指数,交易所绿色债,CSI Exchange Green Bond Index,Exchange Green Bond,,,,145.26,0.01,0.01,0.0,0.0,288.0,,2025-08-28,中证交易所绿色债券指数
2025-08-28,931147,中证交易所高等级绿色债券指数,交易所高等级绿色债,CSI Exchange High Grade Green Bond Index,Exchange High Grade Green Bond,,,,145.13,0.01,0.01,0.0,0.0,276.0,,2025-08-28,中证交易所高等级绿色债券指数
2025-08-28,931145,中证绿色债券指数,中证绿色债,CSI Green Bond Index,CSI Green Bond,,,,139.05,0.01,0.01,0.0,0.0,958.0,,2025-08-28,中证绿色债券指数
2025-08-29,930951,中证交易所绿色债券指数,交易所绿色债,CSI Exchange Green Bond Index,Exchange Green Bond,,,,145.24,-0.02,-0.01,0.0,0.0,287.0,,2025-08-29,中证交易所绿色债券指数
2025-08-29,931147,中证交易所高等级绿色债券指数,交易所高等级绿色债,CSI Exchange High Grade Green Bond Index,Exchange High Grade Green Bond,,,,145.11,-0.02,-0.01,0.0,0.0,275.0,,2025-08-29,中证交易所高等级绿色债券指数
2025-08-29,931145,中证绿色债券指数,中证绿色债,CSI Green Bond Index,CSI Green Bond,,,,139.03,-0.02,-0.01,0.0,0.0,957.0,,2025-08-29,中证绿色债券指数
2025-09-01,930951,中证交易所绿色债券指数,交易所绿色债,CSI Exchange Green Bond Index,Exchange Green Bond,,,,145.26,0.03,0.02,0.0,0.0,287.0,,2025-09-01,中证交易所绿色债券指数
2025-09-01,931147,中证交易所高等级绿色债券指数,交易所高等级绿色债,CSI Exchange High Grade Green Bond Index,Exchange High Grade Green Bond,,,,145.13,0.03,0.02,0.0,0.0,275.0,,2025-09-01,中证交易所高等级绿色债券指数
2025-09-01,931145,中证绿色债券指数,中证绿色债,CSI Green Bond Index,CSI Green Bond,,,,139.06,0.03,0.02,0.0,0.0,946.0,,2025-09-01,中证绿色债券指数
2025-09-02,930951,中证交易所绿色债券指数,交易所绿色债,CSI Exchange Green Bond Index,Exchange Green Bond,,,,145.27,0.01,0.01,0.0,0.0,287.0,,2025-09-02,中证交易所绿色债券指数
2025-09-02,931147,中证交易所高等级绿色债券指数,交易所高等级绿色债,CSI Exchange High Grade Green Bond Index,Exchange High Grade Green Bond,,,,145.14,0.01,0.01,0.0,0.0,275.0,,2025-09-02,中证交易所高等级绿色债券指数
2025-09-02,931145,中证绿色债券指数,中证绿色债,CSI Green Bond Index,CSI Green Bond,,,,139.07,0.01,0.01,0.0,0.0,946.0,,2025-09-02,中证绿色债券指数
2025-09-03,930951,中证交易所绿色债券指数,交易所绿色债,CSI Exchange Green Bond Index,Exchange Green Bond,,,,145.29,0.02,0.01,0.0,0.0,287.0,,2025-09-03,中证交易所绿色债券指数
2025-09-03,931147,中证交易所高等级绿色债券指数,交易所高等级绿色债,CSI Exchange High Grade Green Bond Index,Exchange High Grade Green Bond,,,,145.16,0.02,0.01,0.0,0.0,275.0,,2025-09-03,中证交易所高等级绿色债券指数
2025-09-03,931145,中证绿色债券指数,中证绿色债,CSI Green Bond Index,CSI Green Bond,,,,139.1,0.02,0.02,0.0,0.0,946.0,,2025-09-03,中证绿色债券指数
2025-09-04,930951,中证交易所绿色债券指数,交易所绿色债,CSI Exchange Green Bond Index,Exchange Green Bond,,,,145.33,0.05,0.03,0.0,0.0,287.0,,2025-09-04,中证交易所绿色债券指数
2025-09-04,931147,中证交易所高等级绿色债券指数,交易所高等级绿色债,CSI Exchange High Grade Green Bond Index,Exchange High Grade Green Bond,,,,145.2,0.05,0.03,0.0,0.0,275.0,,2025-09-04,中证交易所高等级绿色债券指数
2025-09-04,931145,中证绿色债券指数,中证绿色债,CSI Green Bond Index,CSI Green Bond,,,,139.13,0.03,0.02,0.0,0.0,946.0,,2025-09-04,中证绿色债券指数
2025-09-05,930951,中证交易所绿色债券指数,交易所绿色债,CSI Exchange Green Bond Index,Exchange Green Bond,,,,145.33,-0.01,0.0,0.0,0.0,287.0,,2025-09-05,中证交易所绿色债券指数
2025-09-05,931147,中证交易所高等级绿色债券指数,交易所高等级绿色债,CSI Exchange High Grade Green Bond Index,Exchange High Grade Green Bond,,,,145.2,-0.01,0.0,0.0,0.0,275.0,,2025-09-05,中证交易所高等级绿色债券指数
2025-09-05,931145,中证绿色债券指数,中证绿色债,CSI Green Bond Index,CSI Green Bond,,,,139.12,-0.01,-0.01,0.0,0.0,944.0,,2025-09-05,中证绿色债券指数
2025-09-08,930951,中证交易所绿色债券指数,交易所绿色债,CSI Exchange Green Bond Index,Exchange Green Bond,,,,145.32,0.0,0.0,0.0,0.0,287.0,,2025-09-08,中证交易所绿色债券指数
2025-09-08,931147,中证交易所高等级绿色债券指数,交易所高等级绿色债,CSI Exchange High Grade Green Bond Index,Exchange High Grade Green Bond,,,,145.19,0.0,0.0,0.0,0.0,275.0,,2025-09-08,中证交易所高等级绿色债券指数
2025-09-08,931145,中证绿色债券指数,中证绿色债,CSI Green Bond Index,CSI Green Bond,,,,139.1,-0.02,-0.01,0.0,0.0,944.0,,2025-09-08,中证绿色债券指数
2025-09-09,930951,中证交易所绿色债券指数,交易所绿色债,CSI Exchange Green Bond Index,Exchange Green Bond,,,,145.29,-0.03,-0.02,0.0,0.0,287.0,,2025-09-09,中证交易所绿色债券指数
2025-09-09,931147,中证交易所高等级绿色债券指数,交易所高等级绿色债,CSI Exchange High Grade Green Bond Index,Exchange High Grade Green Bond,,,,145.16,-0.03,-0.02,0.0,0.0,275.0,,2025-09-09,中证交易所高等级绿色债券指数
2025-09-09,931145,中证绿色债券指数,中证绿色债,CSI Green Bond Index,CSI Green Bond,,,,139.08,-0.02,-0.02,0.0,0.0,944.0,,2025-09-09,中证绿色债券指数
2025-09-10,930951,中证交易所绿色债券指数,交易所绿色债,CSI Exchange Green Bond Index,Exchange Green Bond,,,,145.25,-0.04,-0.03,0.0,0.0,287.0,,2025-09-10,中证交易所绿色债券指数
2025-09-10,931147,中证交易所高等级绿色债券指数,交易所高等级绿色债,CSI Exchange High Grade Green Bond Index,Exchange High Grade Green Bond,,,,145.12,-0.04,-0.03,0.0,0.0,275.0,,2025-09-10,中证交易所高等级绿色债券指数
2025-09-10,931145,中证绿色债券指数,中证绿色债,CSI Green Bond Index,CSI Green Bond,,,,139.05,-0.03,-0.02,0.0,0.0,944.0,,2025-09-10,中证绿色债券指数
2025-09-11,930951,中证交易所绿色债券指数,交易所绿色债,CSI Exchange Green Bond Index,Exchange Green Bond,,,,145.21,-0.04,-0.03,0.0,0.0,287.0,,2025-09-11,中证交易所绿色债券指数
2025-09-11,931147,中证交易所高等级绿色债券指数,交易所高等级绿色债,CSI Exchange High Grade Green Bond Index,Exchange High Grade Green Bond,,,,145.07,-0.04,-0.03,0.0,0.0,275.0,,2025-09-11,中证交易所高等级绿色债券指数
2025-09-11,931145,中证绿色债券指数,中证绿色债,CSI Green Bond Index,CSI Green Bond,,,,139.03,-0.02,-0.01,0.0,0.0,944.0,,2025-09-11,中证绿色债券指数
2025-09-12,930951,中证交易所绿色债券指数,交易所绿色债,CSI Exchange Green Bond Index,Exchange Green Bond,,,,145.17,-0.04,-0.02,0.0,0.0,287.0,,2025-09-12,中证交易所绿色债券指数
2025-09-12,931147,中证交易所高等级绿色债券指数,交易所高等级绿色债,CSI Exchange High Grade Green Bond Index,Exchange High Grade Green Bond,,,,145.04,-0.04,-0.03,0.0,0.0,275.0,,2025-09-12,中证交易所高等级绿色债券指数
2025-09-12,931145,中证绿色债券指数,中证绿色债,CSI Green Bond Index,CSI Green Bond,,,,139.02,-0.01,-0.01,0.0,0.0,944.0,,2025-09-12,中证绿色债券指数
2025-09-15,930951,中证交易所绿色债券指数,交易所绿色债,CSI Exchange Green Bond Index,Exchange Green Bond,,,,145.21,0.04,0.03,0.0,0.0,287.0,,2025-09-15,中证交易所绿色债券指数
2025-09-15,931147,中证交易所高等级绿色债券指数,交易所高等级绿色债,CSI Exchange High Grade Green Bond Index,Exchange High Grade Green Bond,,,,145.07,0.04,0.03,0.0,0.0,275.0,,2025-09-15,中证交易所高等级绿色债券指数
2025-09-15,931145,中证绿色债券指数,中证绿色债,CSI Green Bond Index,CSI Green Bond,,,,139.07,0.04,0.03,0.0,0.0,944.0,,2025-09-15,中证绿色债券指数
2025-09-16,930951,中证交易所绿色债券指数,交易所绿色债,CSI Exchange Green Bond Index,Exchange Green Bond,,,,145.19,-0.02,-0.01,0.0,0.0,287.0,,2025-09-16,中证交易所绿色债券指数
2025-09-16,931147,中证交易所高等级绿色债券指数,交易所高等级绿色债,CSI Exchange High Grade Green Bond Index,Exchange High Grade Green Bond,,,,145.05,-0.02,-0.01,0.0,0.0,275.0,,2025-09-16,中证交易所高等级绿色债券指数
2025-09-16,931145,中证绿色债券指数,中证绿色债,CSI Green Bond Index,CSI Green Bond,,,,139.07,0.0,0.0,0.0,0.0,944.0,,2025-09-16,中证绿色债券指数
2025-09-17,930951,中证交易所绿色债券指数,交易所绿色债,CSI Exchange Green Bond Index,Exchange Green Bond,,,,145.21,0.02,0.01,0.0,0.0,287.0,,2025-09-17,中证交易所绿色债券指数
2025-09-17,931147,中证交易所高等级绿色债券指数,交易所高等级绿色债,CSI Exchange High Grade Green Bond Index,Exchange High Grade Green Bond,,,,145.07,0.02,0.01,0.0,0.0,275.0,,2025-09-17,中证交易所高等级绿色债券指数
2025-09-17,931145,中证绿色债券指数,中证绿色债,CSI Green Bond Index,CSI Green Bond,,,,139.09,0.02,0.02,0.0,0.0,944.0,,2025-09-17,中证绿色债券指数
2025-09-18,930951,中证交易所绿色债券指数,交易所绿色债,CSI Exchange Green Bond Index,Exchange Green Bond,,,,145.2,0.0,0.0,0.0,0.0,287.0,,2025-09-18,中证交易所绿色债券指数
2025-09-18,931147,中证交易所高等级绿色债券指数,交易所高等级绿色债,CSI Exchange High Grade Green Bond Index,Exchange High Grade Green Bond,,,,145.07,0.0,0.0,0.0,0.0,275.0,,2025-09-18,中证交易所高等级绿色债券指数
2025-09-18,931145,中证绿色债券指数,中证绿色债,CSI Green Bond Index,CSI Green Bond,,,,139.1,0.01,0.01,0.0,0.0,944.0,,2025-09-18,中证绿色债券指数
2025-09-19,930951,中证交易所绿色债券指数,交易所绿色债,CSI Exchange Green Bond Index,Exchange Green Bond,,,,145.18,-0.02,-0.02,0.0,0.0,287.0,,2025-09-19,中证交易所绿色债券指数
2025-09-19,931147,中证交易所高等级绿色债券指数,交易所高等级绿色债,CSI Exchange High Grade Green Bond Index,Exchange High Grade Green Bond,,,,145.04,-0.02,-0.02,0.0,0.0,275.0,,2025-09-19,中证交易所高等级绿色债券指数
2025-09-19,931145,中证绿色债券指数,中证绿色债,CSI Green Bond Index,CSI Green Bond,,,,139.1,-0.01,0.0,0.0,0.0,944.0,,2025-09-19,中证绿色债券指数
2025-09-22,930951,中证交易所绿色债券指数,交易所绿色债,CSI Exchange Green Bond Index,Exchange Green Bond,,,,145.18,0.0,0.0,0.0,0.0,287.0,,2025-09-22,中证交易所绿色债券指数
2025-09-22,931147,中证交易所高等级绿色债券指数,交易所高等级绿色债,CSI Exchange High Grade Green Bond Index,Exchange High Grade Green Bond,,,,145.04,0.0,0.0,0.0,0.0,275.0,,2025-09-22,中证交易所高等级绿色债券指数
2025-09-22,931145,中证绿色债券指数,中证绿色债,CSI Green Bond Index,CSI Green Bond,,,,139.11,0.02,0.01,0.0,0.0,944.0,,2025-09-22,中证绿色债券指数
2025-09-23,930951,中证交易所绿色债券指数,交易所绿色债,CSI Exchange Green Bond Index,Exchange Green Bond,,,,145.12,-0.06,-0.04,0.0,0.0,287.0,,2025-09-23,中证交易所绿色债券指数
2025-09-23,931147,中证交易所高等级绿色债券指数,交易所高等级绿色债,CSI Exchange High Grade Green Bond Index,Exchange High Grade Green Bond,,,,144.98,-0.06,-0.04,0.0,0.0,275.0,,2025-09-23,中证交易所高等级绿色债券指数
2025-09-23,931145,中证绿色债券指数,中证绿色债,CSI Green Bond Index,CSI Green Bond,,,,139.08,-0.03,-0.02,0.0,0.0,944.0,,2025-09-23,中证绿色债券指数
2025-09-24,930951,中证交易所绿色债券指数,交易所绿色债,CSI Exchange Green Bond Index,Exchange Green Bond,,,,145.06,-0.06,-0.04,0.0,0.0,287.0,,2025-09-24,中证交易所绿色债券指数
2025-09-24,931147,中证交易所高等级绿色债券指数,交易所高等级绿色债,CSI Exchange High Grade Green Bond Index,Exchange High Grade Green Bond,,,,144.93,-0.06,-0.04,0.0,0.0,275.0,,2025-09-24,中证交易所高等级绿色债券指数
2025-09-24,931145,中证绿色债券指数,中证绿色债,CSI Green Bond Index,CSI Green Bond,,,,139.04,-0.04,-0.03,0.0,0.0,944.0,,2025-09-24,中证绿色债券指数
2025-09-25,930951,中证交易所绿色债券指数,交易所绿色债,CSI Exchange Green Bond Index,Exchange Green Bond,,,,144.95,-0.11,-0.08,0.0,0.0,287.0,,2025-09-25,中证交易所绿色债券指数
2025-09-25,931147,中证交易所高等级绿色债券指数,交易所高等级绿色债,CSI Exchange High Grade Green Bond Index,Exchange High Grade Green Bond,,,,144.81,-0.11,-0.08,0.0,0.0,275.0,,2025-09-25,中证交易所高等级绿色债券指数
2025-09-25,931145,中证绿色债券指数,中证绿色债,CSI Green Bond Index,CSI Green Bond,,,,138.97,-0.08,-0.06,0.0,0.0,944.0,,2025-09-25,中证绿色债券指数
2025-09-26,930951,中证交易所绿色债券指数,交易所绿色债,CSI Exchange Green Bond Index,Exchange Green Bond,,,,144.92,-0.03,-0.02,0.0,0.0,287.0,,2025-09-26,中证交易所绿色债券指数
2025-09-26,931147,中证交易所高等级绿色债券指数,交易所高等级绿色债,CSI Exchange High Grade Green Bond Index,Exchange High Grade Green Bond,,,,144.79,-0.03,-0.02,0.0,0.0,275.0,,2025-09-26,中证交易所高等级绿色债券指数
2025-09-26,931145,中证绿色债券指数,中证绿色债,CSI Green Bond Index,CSI Green Bond,,,,138.97,0.0,0.0,0.0,0.0,944.0,,2025-09-26,中证绿色债券指数
2025-09-29,930951,中证交易所绿色债券指数,交易所绿色债,CSI Exchange Green Bond Index,Exchange Green Bond,,,,144.95,0.03,0.02,0.0,0.0,287.0,,2025-09-29,中证交易所绿色债券指数
2025-09-29,931147,中证交易所高等级绿色债券指数,交易所高等级绿色债,CSI Exchange High Grade Green Bond Index,Exchange High Grade Green Bond,,,,144.82,0.03,0.02,0.0,0.0,275.0,,2025-09-29,中证交易所高等级绿色债券指数
2025-09-29,931145,中证绿色债券指数,中证绿色债,CSI Green Bond Index,CSI Green Bond,,,,138.99,0.03,0.02,0.0,0.0,944.0,,2025-09-29,中证绿色债券指数
2025-09-30,930951,中证交易所绿色债券指数,交易所绿色债,CSI Exchange Green Bond Index,Exchange Green Bond,,,,144.96,0.01,0.01,0.0,0.0,287.0,,2025-09-30,中证交易所绿色债券指数
2025-09-30,931147,中证交易所高等级绿色债券指数,交易所高等级绿色债,CSI Exchange High Grade Green Bond Index,Exchange High Grade Green Bond,,,,144.83,0.01,0.01,0.0,0.0,275.0,,2025-09-30,中证交易所高等级绿色债券指数
2025-09-30,931145,中证绿色债券指数,中证绿色债,CSI Green Bond Index,CSI Green Bond,,,,139.01,0.02,0.01,0.0,0.0,944.0,,2025-09-30,中证绿色债券指数
2025-10-09,930951,中证交易所绿色债券指数,交易所绿色债,CSI Exchange Green Bond Index,Exchange Green Bond,,,,145.07,0.1,0.07,0.0,0.0,289.0,,2025-10-09,中证交易所绿色债券指数
2025-10-09,931147,中证交易所高等级绿色债券指数,交易所高等级绿色债,CSI Exchange High Grade Green Bond Index,Exchange High Grade Green Bond,,,,144.93,0.1,0.07,0.0,0.0,277.0,,2025-10-09,中证交易所高等级绿色债券指数
2025-10-09,931145,中证绿色债券指数,中证绿色债,CSI Green Bond Index,CSI Green Bond,,,,139.1,0.09,0.06,0.0,0.0,970.0,,2025-10-09,中证绿色债券指数
2025-10-10,930951,中证交易所绿色债券指数,交易所绿色债,CSI Exchange Green Bond Index,Exchange Green Bond,,,,145.12,0.05,0.04,0.0,0.0,289.0,,2025-10-10,中证交易所绿色债券指数
2025-10-10,931147,中证交易所高等级绿色债券指数,交易所高等级绿色债,CSI Exchange High Grade Green Bond Index,Exchange High Grade Green Bond,,,,144.98,0.05,0.04,0.0,0.0,277.0,,2025-10-10,中证交易所高等级绿色债券指数
2025-10-10,931145,中证绿色债券指数,中证绿色债,CSI Green Bond Index,CSI Green Bond,,,,139.14,0.04,0.03,0.0,0.0,970.0,,2025-10-10,中证绿色债券指数
2025-10-13,930951,中证交易所绿色债券指数,交易所绿色债,CSI Exchange Green Bond Index,Exchange Green Bond,,,,145.2,0.08,0.06,0.0,0.0,289.0,,2025-10-13,中证交易所绿色债券指数
2025-10-13,931147,中证交易所高等级绿色债券指数,交易所高等级绿色债,CSI Exchange High Grade Green Bond Index,Exchange High Grade Green Bond,,,,145.07,0.08,0.06,0.0,0.0,277.0,,2025-10-13,中证交易所高等级绿色债券指数
2025-10-13,931145,中证绿色债券指数,中证绿色债,CSI Green Bond Index,CSI Green Bond,,,,139.22,0.08,0.06,0.0,0.0,970.0,,2025-10-13,中证绿色债券指数
2025-10-14,930951,中证交易所绿色债券指数,交易所绿色债,CSI Exchange Green Bond Index,Exchange Green Bond,,,,145.2,0.0,0.0,0.0,0.0,289.0,,2025-10-14,中证交易所绿色债券指数
2025-10-14,931147,中证交易所高等级绿色债券指数,交易所高等级绿色债,CSI Exchange High Grade Green Bond Index,Exchange High Grade Green Bond,,,,145.07,0.0,0.0,0.0,0.0,277.0,,2025-10-14,中证交易所高等级绿色债券指数
2025-10-14,931145,中证绿色债券指数,中证绿色债,CSI Green Bond Index,CSI Green Bond,,,,139.21,-0.01,-0.01,0.0,0.0,970.0,,2025-10-14,中证绿色债券指数
2025-10-15,930951,中证交易所绿色债券指数,交易所绿色债,CSI Exchange Green Bond Index,Exchange Green Bond,,,,145.21,0.0,0.0,0.0,0.0,289.0,,2025-10-15,中证交易所绿色债券指数
2025-10-15,931147,中证交易所高等级绿色债券指数,交易所高等级绿色债,CSI Exchange High Grade Green Bond Index,Exchange High Grade Green Bond,,,,145.07,0.0,0.0,0.0,0.0,277.0,,2025-10-15,中证交易所高等级绿色债券指数
2025-10-15,931145,中证绿色债券指数,中证绿色债,CSI Green Bond Index,CSI Green Bond,,,,139.21,-0.01,0.0,0.0,0.0,970.0,,2025-10-15,中证绿色债券指数
2025-10-16,930951,中证交易所绿色债券指数,交易所绿色债,CSI Exchange Green Bond Index,Exchange Green Bond,,,,145.24,0.03,0.02,0.0,0.0,289.0,,2025-10-16,中证交易所绿色债券指数
2025-10-16,931147,中证交易所高等级绿色债券指数,交易所高等级绿色债,CSI Exchange High Grade Green Bond Index,Exchange High Grade Green Bond,,,,145.1,0.03,0.02,0.0,0.0,277.0,,2025-10-16,中证交易所高等级绿色债券指数
2025-10-16,931145,中证绿色债券指数,中证绿色债,CSI Green Bond Index,CSI Green Bond,,,,139.23,0.02,0.01,0.0,0.0,970.0,,2025-10-16,中证绿色债券指数
2025-10-17,930951,中证交易所绿色债券指数,交易所绿色债,CSI Exchange Green Bond Index,Exchange Green Bond,,,,145.3,0.06,0.04,0.0,0.0,289.0,,2025-10-17,中证交易所绿色债券指数
2025-10-17,931147,中证交易所高等级绿色债券指数,交易所高等级绿色债,CSI Exchange High Grade Green Bond Index,Exchange High Grade Green Bond,,,,145.16,0.06,0.04,0.0,0.0,277.0,,2025-10-17,中证交易所高等级绿色债券指数
2025-10-17,931145,中证绿色债券指数,中证绿色债,CSI Green Bond Index,CSI Green Bond,,,,139.27,0.04,0.03,0.0,0.0,970.0,,2025-10-17,中证绿色债券指数
2025-10-20,930951,中证交易所绿色债券指数,交易所绿色债,CSI Exchange Green Bond Index,Exchange Green Bond,,,,145.33,0.04,0.02,0.0,0.0,289.0,,2025-10-20,中证交易所绿色债券指数
2025-10-20,931147,中证交易所高等级绿色债券指数,交易所高等级绿色债,CSI Exchange High Grade Green Bond Index,Exchange High Grade Green Bond,,,,145.2,0.04,0.02,0.0,0.0,277.0,,2025-10-20,中证交易所高等级绿色债券指数
2025-10-20,931145,中证绿色债券指数,中证绿色债,CSI Green Bond Index,CSI Green Bond,,,,139.28,0.01,0.01,0.0,0.0,969.0,,2025-10-20,中证绿色债券指数
2025-10-21,930951,中证交易所绿色债券指数,交易所绿色债,CSI Exchange Green Bond Index,Exchange Green Bond,,,,145.37,0.04,0.02,0.0,0.0,289.0,,2025-10-21,中证交易所绿色债券指数
2025-10-21,931147,中证交易所高等级绿色债券指数,交易所高等级绿色债,CSI Exchange High Grade Green Bond Index,Exchange High Grade Green Bond,,,,145.23,0.04,0.02,0.0,0.0,277.0,,2025-10-21,中证交易所高等级绿色债券指数
2025-10-21,931145,中证绿色债券指数,中证绿色债,CSI Green Bond Index,CSI Green Bond,,,,139.29,0.01,0.01,0.0,0.0,968.0,,2025-10-21,中证绿色债券指数
2025-10-22,930951,中证交易所绿色债券指数,交易所绿色债,CSI Exchange Green Bond Index,Exchange Green Bond,,,,145.4,0.03,0.02,0.0,0.0,289.0,,2025-10-22,中证交易所绿色债券指数
2025-10-22,931147,中证交易所高等级绿色债券指数,交易所高等级绿色债,CSI Exchange High Grade Green Bond Index,Exchange High Grade Green Bond,,,,145.26,0.03,0.02,0.0,0.0,277.0,,2025-10-22,中证交易所高等级绿色债券指数
2025-10-22,931145,中证绿色债券指数,中证绿色债,CSI Green Bond Index,CSI Green Bond,,,,139.32,0.03,0.02,0.0,0.0,968.0,,2025-10-22,中证绿色债券指数
2025-10-23,930951,中证交易所绿色债券指数,交易所绿色债,CSI Exchange Green Bond Index,Exchange Green Bond,,,,145.45,0.06,0.04,0.0,0.0,289.0,,2025-10-23,中证交易所绿色债券指数
2025-10-23,931147,中证交易所高等级绿色债券指数,交易所高等级绿色债,CSI Exchange High Grade Green Bond Index,Exchange High Grade Green Bond,,,,145.32,0.06,0.04,0.0,0.0,277.0,,2025-10-23,中证交易所高等级绿色债券指数
2025-10-23,931145,中证绿色债券指数,中证绿色债,CSI Green Bond Index,CSI Green Bond,,,,139.35,0.03,0.02,0.0,0.0,968.0,,2025-10-23,中证绿色债券指数
2025-10-24,930951,中证交易所绿色债券指数,交易所绿色债,CSI Exchange Green Bond Index,Exchange Green Bond,,,,145.47,0.02,0.01,0.0,0.0,289.0,,2025-10-24,中证交易所绿色债券指数
2025-10-24,931147,中证交易所高等级绿色债券指数,交易所高等级绿色债,CSI Exchange High Grade Green Bond Index,Exchange High Grade Green Bond,,,,145.34,0.02,0.01,0.0,0.0,277.0,,2025-10-24,中证交易所高等级绿色债券指数
2025-10-24,931145,中证绿色债券指数,中证绿色债,CSI Green Bond Index,CSI Green Bond,,,,139.36,0.01,0.01,0.0,0.0,968.0,,2025-10-24,中证绿色债券指数
2025-10-27,930951,中证交易所绿色债券指数,交易所绿色债,CSI Exchange Green Bond Index,Exchange Green Bond,,,,145.53,0.06,0.04,0.0,0.0,289.0,,2025-10-27,中证交易所绿色债券指数
2025-10-27,931147,中证交易所高等级绿色债券指数,交易所高等级绿色债,CSI Exchange High Grade Green Bond Index,Exchange High Grade Green Bond,,,,145.4,0.06,0.04,0.0,0.0,277.0,,2025-10-27,中证交易所高等级绿色债券指数
2025-10-27,931145,中证绿色债券指数,中证绿色债,CSI Green Bond Index,CSI Green Bond,,,,139.4,0.04,0.03,0.0,0.0,967.0,,2025-10-27,中证绿色债券指数
2025-10-28,930951,中证交易所绿色债券指数,交易所绿色债,CSI Exchange Green Bond Index,Exchange Green Bond,,,,145.62,0.08,0.06,0.0,0.0,289.0,,2025-10-28,中证交易所绿色债券指数
2025-10-28,931147,中证交易所高等级绿色债券指数,交易所高等级绿色债,CSI Exchange High Grade Green Bond Index,Exchange High Grade Green Bond,,,,145.48,0.08,0.06,0.0,0.0,277.0,,2025-10-28,中证交易所高等级绿色债券指数
2025-10-28,931145,中证绿色债券指数,中证绿色债,CSI Green Bond Index,CSI Green Bond,,,,139.46,0.05,0.04,0.0,0.0,967.0,,2025-10-28,中证绿色债券指数
2025-10-29,930951,中证交易所绿色债券指数,交易所绿色债,CSI Exchange Green Bond Index,Exchange Green Bond,,,,145.66,0.05,0.03,0.0,0.0,289.0,,2025-10-29,中证交易所绿色债券指数
2025-10-29,931147,中证交易所高等级绿色债券指数,交易所高等级绿色债,CSI Exchange High Grade Green Bond Index,Exchange High Grade Green Bond,,,,145.53,0.05,0.03,0.0,0.0,277.0,,2025-10-29,中证交易所高等级绿色债券指数
2025-10-29,931145,中证绿色债券指数,中证绿色债,CSI Green Bond Index,CSI Green Bond,,,,139.49,0.04,0.03,0.0,0.0,967.0,,2025-10-29,中证绿色债券指数
2025-10-30,930951,中证交易所绿色债券指数,交易所绿色债,CSI Exchange Green Bond Index,Exchange Green Bond,,,,145.72,0.06,0.04,0.0,0.0,289.0,,2025-10-30,中证交易所绿色债券指数
2025-10-30,931147,中证交易所高等级绿色债券指数,交易所高等级绿色债,CSI Exchange High Grade Green Bond Index,Exchange High Grade Green Bond,,,,145.59,0.06,0.04,0.0,0.0,277.0,,2025-10-30,中证交易所高等级绿色债券指数
2025-10-30,931145,中证绿色债券指数,中证绿色债,CSI Green Bond Index,CSI Green Bond,,,,139.54,0.04,0.03,0.0,0.0,967.0,,2025-10-30,中证绿色债券指数
2025-10-31,930951,中证交易所绿色债券指数,交易所绿色债,CSI Exchange Green Bond Index,Exchange Green Bond,,,,145.79,0.07,0.05,0.0,0.0,289.0,,2025-10-31,中证交易所绿色债券指数
2025-10-31,931147,中证交易所高等级绿色债券指数,交易所高等级绿色债,CSI Exchange High Grade Green Bond Index,Exchange High Grade Green Bond,,,,145.66,0.07,0.05,0.0,0.0,277.0,,2025-10-31,中证交易所高等级绿色债券指数
2025-10-31,931145,中证绿色债券指数,中证绿色债,CSI Green Bond Index,CSI Green Bond,,,,139.58,0.05,0.03,0.0,0.0,967.0,,2025-10-31,中证绿色债券指数
2025-11-03,930951,中证交易所绿色债券指数,交易所绿色债,CSI Exchange Green Bond Index,Exchange Green Bond,,,,145.84,0.05,0.04,0.0,0.0,290.0,,2025-11-03,中证交易所绿色债券指数
2025-11-03,931147,中证交易所高等级绿色债券指数,交易所高等级绿色债,CSI Exchange High Grade Green Bond Index,Exchange High Grade Green Bond,,,,145.71,0.05,0.04,0.0,0.0,278.0,,2025-11-03,中证交易所高等级绿色债券指数
2025-11-03,931145,中证绿色债券指数,中证绿色债,CSI Green Bond Index,CSI Green Bond,,,,139.62,0.04,0.03,0.0,0.0,973.0,,2025-11-03,中证绿色债券指数
2025-11-04,930951,中证交易所绿色债券指数,交易所绿色债,CSI Exchange Green Bond Index,Exchange Green Bond,,,,145.86,0.02,0.01,0.0,0.0,290.0,,2025-11-04,中证交易所绿色债券指数
2025-11-04,931147,中证交易所高等级绿色债券指数,交易所高等级绿色债,CSI Exchange High Grade Green Bond Index,Exchange High Grade Green Bond,,,,145.73,0.02,0.01,0.0,0.0,278.0,,2025-11-04,中证交易所高等级绿色债券指数
2025-11-04,931145,中证绿色债券指数,中证绿色债,CSI Green Bond Index,CSI Green Bond,,,,139.63,0.01,0.01,0.0,0.0,973.0,,2025-11-04,中证绿色债券指数
2025-11-05,930951,中证交易所绿色债券指数,交易所绿色债,CSI Exchange Green Bond Index,Exchange Green Bond,,,,145.9,0.03,0.02,0.0,0.0,290.0,,2025-11-05,中证交易所绿色债券指数
2025-11-05,931147,中证交易所高等级绿色债券指数,交易所高等级绿色债,CSI Exchange High Grade Green Bond Index,Exchange High Grade Green Bond,,,,145.76,0.03,0.02,0.0,0.0,278.0,,2025-11-05,中证交易所高等级绿色债券指数
2025-11-05,931145,中证绿色债券指数,中证绿色债,CSI Green Bond Index,CSI Green Bond,,,,139.65,0.02,0.02,0.0,0.0,973.0,,2025-11-05,中证绿色债券指数
2025-11-06,930951,中证交易所绿色债券指数,交易所绿色债,CSI Exchange Green Bond Index,Exchange Green Bond,,,,145.9,0.0,0.0,0.0,0.0,290.0,,2025-11-06,中证交易所绿色债券指数
2025-11-06,931147,中证交易所高等级绿色债券指数,交易所高等级绿色债,CSI Exchange High Grade Green Bond Index,Exchange High Grade Green Bond,,,,145.76,0.0,0.0,0.0,0.0,278.0,,2025-11-06,中证交易所高等级绿色债券指数
2025-11-06,931145,中证绿色债券指数,中证绿色债,CSI Green Bond Index,CSI Green Bond,,,,139.65,0.0,0.0,0.0,0.0,973.0,,2025-11-06,中证绿色债券指数
2025-11-07,930951,中证交易所绿色债券指数,交易所绿色债,CSI Exchange Green Bond Index,Exchange Green Bond,,,,145.87,-0.02,-0.02,0.0,0.0,290.0,,2025-11-07,中证交易所绿色债券指数
2025-11-07,931147,中证交易所高等级绿色债券指数,交易所高等级绿色债,CSI Exchange High Grade Green Bond Index,Exchange High Grade Green Bond,,,,145.74,-0.02,-0.02,0.0,0.0,278.0,,2025-11-07,中证交易所高等级绿色债券指数
2025-11-07,931145,中证绿色债券指数,中证绿色债,CSI Green Bond Index,CSI Green Bond,,,,139.64,-0.01,-0.01,0.0,0.0,973.0,,2025-11-07,中证绿色债券指数
2025-11-10,930951,中证交易所绿色债券指数,交易所绿色债,CSI Exchange Green Bond Index,Exchange Green Bond,,,,145.88,0.0,0.0,0.0,0.0,290.0,,2025-11-10,中证交易所绿色债券指数
2025-11-10,931147,中证交易所高等级绿色债券指数,交易所高等级绿色债,CSI Exchange High Grade Green Bond Index,Exchange High Grade Green Bond,,,,145.74,0.0,0.0,0.0,0.0,278.0,,2025-11-10,中证交易所高等级绿色债券指数
2025-11-10,931145,中证绿色债券指数,中证绿色债,CSI Green Bond Index,CSI Green Bond,,,,139.64,0.0,0.0,0.0,0.0,973.0,,2025-11-10,中证绿色债券指数
2025-11-11,930951,中证交易所绿色债券指数,交易所绿色债,CSI Exchange Green Bond Index,Exchange Green Bond,,,,145.9,0.03,0.02,0.0,0.0,290.0,,2025-11-11,中证交易所绿色债券指数
2025-11-11,931147,中证交易所高等级绿色债券指数,交易所高等级绿色债,CSI Exchange High Grade Green Bond Index,Exchange High Grade Green Bond,,,,145.77,0.03,0.02,0.0,0.0,278.0,,2025-11-11,中证交易所高等级绿色债券指数
2025-11-11,931145,中证绿色债券指数,中证绿色债,CSI Green Bond Index,CSI Green Bond,,,,139.65,0.01,0.01,0.0,0.0,973.0,,2025-11-11,中证绿色债券指数
2025-11-12,930951,中证交易所绿色债券指数,交易所绿色债,CSI Exchange Green Bond Index,Exchange Green Bond,,,,145.91,0.01,0.01,0.0,0.0,290.0,,2025-11-12,中证交易所绿色债券指数
2025-11-12,931147,中证交易所高等级绿色债券指数,交易所高等级绿色债,CSI Exchange High Grade Green Bond Index,Exchange High Grade Green Bond,,,,145.78,0.01,0.01,0.0,0.0,278.0,,2025-11-12,中证交易所高等级绿色债券指数
2025-11-12,931145,中证绿色债券指数,中证绿色债,CSI Green Bond Index,CSI Green Bond,,,,139.67,0.01,0.01,0.0,0.0,973.0,,2025-11-12,中证绿色债券指数
2025-11-13,930951,中证交易所绿色债券指数,交易所绿色债,CSI Exchange Green Bond Index,Exchange Green Bond,,,,145.93,0.02,0.01,0.0,0.0,290.0,,2025-11-13,中证交易所绿色债券指数
2025-11-13,931147,中证交易所高等级绿色债券指数,交易所高等级绿色债,CSI Exchange High Grade Green Bond Index,Exchange High Grade Green Bond,,,,145.79,0.01,0.01,0.0,0.0,278.0,,2025-11-13,中证交易所高等级绿色债券指数
2025-11-13,931145,中证绿色债券指数,中证绿色债,CSI Green Bond Index,CSI Green Bond,,,,139.67,0.0,0.0,0.0,0.0,973.0,,2025-11-13,中证绿色债券指数
2025-11-14,930951,中证交易所绿色债券指数,交易所绿色债,CSI Exchange Green Bond Index,Exchange Green Bond,,,,145.94,0.01,0.01,0.0,0.0,290.0,,2025-11-14,中证交易所绿色债券指数
2025-11-14,931147,中证交易所高等级绿色债券指数,交易所高等级绿色债,CSI Exchange High Grade Green Bond Index,Exchange High Grade Green Bond,,,,145.8,0.01,0.01,0.0,0.0,278.0,,2025-11-14,中证交易所高等级绿色债券指数
2025-11-14,931145,中证绿色债券指数,中证绿色债,CSI Green Bond Index,CSI Green Bond,,,,139.68,0.01,0.01,0.0,0.0,973.0,,2025-11-14,中证绿色债券指数
2025-11-17,930951,中证交易所绿色债券指数,交易所绿色债,CSI Exchange Green Bond Index,Exchange Green Bond,,,,145.98,0.04,0.03,0.0,0.0,290.0,,2025-11-17,中证交易所绿色债券指数
2025-11-17,931147,中证交易所高等级绿色债券指数,交易所高等级绿色债,CSI Exchange High Grade Green Bond Index,Exchange High Grade Green Bond,,,,145.84,0.04,0.03,0.0,0.0,278.0,,2025-11-17,中证交易所高等级绿色债券指数
2025-11-17,931145,中证绿色债券指数,中证绿色债,CSI Green Bond Index,CSI Green Bond,,,,139.72,0.04,0.03,0.0,0.0,973.0,,2025-11-17,中证绿色债券指数
2025-11-18,930951,中证交易所绿色债券指数,交易所绿色债,CSI Exchange Green Bond Index,Exchange Green Bond,,,,145.98,0.0,0.0,0.0,0.0,290.0,,2025-11-18,中证交易所绿色债券指数
2025-11-18,931147,中证交易所高等级绿色债券指数,交易所高等级绿色债,CSI Exchange High Grade Green Bond Index,Exchange High Grade Green Bond,,,,145.85,0.0,0.0,0.0,0.0,278.0,,2025-11-18,中证交易所高等级绿色债券指数
2025-11-18,931145,中证绿色债券指数,中证绿色债,CSI Green Bond Index,CSI Green Bond,,,,139.73,0.01,0.01,0.0,0.0,973.0,,2025-11-18,中证绿色债券指数
2025-11-19,930951,中证交易所绿色债券指数,交易所绿色债,CSI Exchange Green Bond Index,Exchange Green Bond,,,,145.99,0.01,0.01,0.0,0.0,290.0,,2025-11-19,中证交易所绿色债券指数
2025-11-19,931147,中证交易所高等级绿色债券指数,交易所高等级绿色债,CSI Exchange High Grade Green Bond Index,Exchange High Grade Green Bond,,,,145.86,0.01,0.01,0.0,0.0,278.0,,2025-11-19,中证交易所高等级绿色债券指数
2025-11-19,931145,中证绿色债券指数,中证绿色债,CSI Green Bond Index,CSI Green Bond,,,,139.74,0.01,0.01,0.0,0.0,973.0,,2025-11-19,中证绿色债券指数
2025-11-20,930951,中证交易所绿色债券指数,交易所绿色债,CSI Exchange Green Bond Index,Exchange Green Bond,,,,146.01,0.02,0.02,0.0,0.0,290.0,,2025-11-20,中证交易所绿色债券指数
2025-11-20,931147,中证交易所高等级绿色债券指数,交易所高等级绿色债,CSI Exchange High Grade Green Bond Index,Exchange High Grade Green Bond,,,,145.88,0.02,0.02,0.0,0.0,278.0,,2025-11-20,中证交易所高等级绿色债券指数
2025-11-20,931145,中证绿色债券指数,中证绿色债,CSI Green Bond Index,CSI Green Bond,,,,139.76,0.02,0.01,0.0,0.0,973.0,,2025-11-20,中证绿色债券指数
2025-11-21,930951,中证交易所绿色债券指数,交易所绿色债,CSI Exchange Green Bond Index,Exchange Green Bond,,,,146.01,0.0,0.0,0.0,0.0,290.0,,2025-11-21,中证交易所绿色债券指数
2025-11-21,931147,中证交易所高等级绿色债券指数,交易所高等级绿色债,CSI Exchange High Grade Green Bond Index,Exchange High Grade Green Bond,,,,145.88,0.0,0.0,0.0,0.0,278.0,,2025-11-21,中证交易所高等级绿色债券指数
2025-11-21,931145,中证绿色债券指数,中证绿色债,CSI Green Bond Index,CSI Green Bond,,,,139.76,0.01,0.01,0.0,0.0,973.0,,2025-11-21,中证绿色债券指数
2025-11-24,930951,中证交易所绿色债券指数,交易所绿色债,CSI Exchange Green Bond Index,Exchange Green Bond,,,,146.02,0.01,0.01,0.0,0.0,290.0,,2025-11-24,中证交易所绿色债券指数
2025-11-24,931147,中证交易所高等级绿色债券指数,交易所高等级绿色债,CSI Exchange High Grade Green Bond Index,Exchange High Grade Green Bond,,,,145.89,0.01,0.01,0.0,0.0,278.0,,2025-11-24,中证交易所高等级绿色债券指数
2025-11-24,931145,中证绿色债券指数,中证绿色债,CSI Green Bond Index,CSI Green Bond,,,,139.77,0.01,0.01,0.0,0.0,973.0,,2025-11-24,中证绿色债券指数
2025-11-25,930951,中证交易所绿色债券指数,交易所绿色债,CSI Exchange Green Bond Index,Exchange Green Bond,,,,146.0,-0.02,-0.01,0.0,0.0,290.0,,2025-11-25,中证交易所绿色债券指数
2025-11-25,931147,中证交易所高等级绿色债券指数,交易所高等级绿色债,CSI Exchange High Grade Green Bond Index,Exchange High Grade Green Bond,,,,145.87,-0.02,-0.01,0.0,0.0,278.0,,2025-11-25,中证交易所高等级绿色债券指数
2025-11-25,931145,中证绿色债券指数,中证绿色债,CSI Green Bond Index,CSI Green Bond,,,,139.77,-0.01,-0.01,0.0,0.0,973.0,,2025-11-25,中证绿色债券指数
2025-11-26,930951,中证交易所绿色债券指数,交易所绿色债,CSI Exchange Green Bond Index,Exchange Green Bond,,,,145.97,-0.03,-0.02,0.0,0.0,290.0,,2025-11-26,中证交易所绿色债券指数
2025-11-26,931147,中证交易所高等级绿色债券指数,交易所高等级绿色债,CSI Exchange High Grade Green Bond Index,Exchange High Grade Green Bond,,,,145.84,-0.03,-0.02,0.0,0.0,278.0,,2025-11-26,中证交易所高等级绿色债券指数
2025-11-26,931145,中证绿色债券指数,中证绿色债,CSI Green Bond Index,CSI Green Bond,,,,139.74,-0.02,-0.02,0.0,0.0,973.0,,2025-11-26,中证绿色债券指数
2025-11-27,930951,中证交易所绿色债券指数,交易所绿色债,CSI Exchange Green Bond Index,Exchange Green Bond,,,,145.91,-0.06,-0.04,0.0,0.0,290.0,,2025-11-27,中证交易所绿色债券指数
2025-11-27,931147,中证交易所高等级绿色债券指数,交易所高等级绿色债,CSI Exchange High Grade Green Bond Index,Exchange High Grade Green Bond,,,,145.78,-0.06,-0.04,0.0,0.0,278.0,,2025-11-27,中证交易所高等级绿色债券指数
2025-11-27,931145,中证绿色债券指数,中证绿色债,CSI Green Bond Index,CSI Green Bond,,,,139.72,-0.03,-0.02,0.0,0.0,973.0,,2025-11-27,中证绿色债券指数
2025-11-28,930951,中证交易所绿色债券指数,交易所绿色债,CSI Exchange Green Bond Index,Exchange Green Bond,,,,145.92,0.0,0.0,0.0,0.0,289.0,,2025-11-28,中证交易所绿色债券指数
2025-11-28,931147,中证交易所高等级绿色债券指数,交易所高等级绿色债,CSI Exchange High Grade Green Bond Index,Exchange High Grade Green Bond,,,,145.78,0.0,0.0,0.0,0.0,277.0,,2025-11-28,中证交易所高等级绿色债券指数
2025-11-28,931145,中证绿色债券指数,中证绿色债,CSI Green Bond Index,CSI Green Bond,,,,139.73,0.01,0.01,0.0,0.0,972.0,,2025-11-28,中证绿色债券指数
2025-12-01,930951,中证交易所绿色债券指数,交易所绿色债,CSI Exchange Green Bond Index,Exchange Green Bond,,,,145.95,0.03,0.02,0.0,0.0,293.0,,2025-12-01,中证交易所绿色债券指数
2025-12-01,931147,中证交易所高等级绿色债券指数,交易所高等级绿色债,CSI Exchange High Grade Green Bond Index,Exchange High Grade Green Bond,,,,145.81,0.03,0.02,0.0,0.0,281.0,,2025-12-01,中证交易所高等级绿色债券指数
2025-12-01,931145,中证绿色债券指数,中证绿色债,CSI Green Bond Index,CSI Green Bond,,,,139.75,0.02,0.02,0.0,0.0,1002.0,,2025-12-01,中证绿色债券指数
2025-12-02,930951,中证交易所绿色债券指数,交易所绿色债,CSI Exchange Green Bond Index,Exchange Green Bond,,,,145.94,-0.01,-0.01,0.0,0.0,293.0,,2025-12-02,中证交易所绿色债券指数
2025-12-02,931147,中证交易所高等级绿色债券指数,交易所高等级绿色债,CSI Exchange High Grade Green Bond Index,Exchange High Grade Green Bond,,,,145.8,-0.01,-0.01,0.0,0.0,281.0,,2025-12-02,中证交易所高等级绿色债券指数
2025-12-02,931145,中证绿色债券指数,中证绿色债,CSI Green Bond Index,CSI Green Bond,,,,139.75,0.0,0.0,0.0,0.0,1002.0,,2025-12-02,中证绿色债券指数
2025-12-03,930951,中证交易所绿色债券指数,交易所绿色债,CSI Exchange Green Bond Index,Exchange Green Bond,,,,145.94,0.0,0.0,0.0,0.0,293.0,,2025-12-03,中证交易所绿色债券指数
2025-12-03,931147,中证交易所高等级绿色债券指数,交易所高等级绿色债,CSI Exchange High Grade Green Bond Index,Exchange High Grade Green Bond,,,,145.81,0.0,0.0,0.0,0.0,281.0,,2025-12-03,中证交易所高等级绿色债券指数
2025-12-03,931145,中证绿色债券指数,中证绿色债,CSI Green Bond Index,CSI Green Bond,,,,139.75,0.0,0.0,0.0,0.0,1002.0,,2025-12-03,中证绿色债券指数
2025-12-04,930951,中证交易所绿色债券指数,交易所绿色债,CSI Exchange Green Bond Index,Exchange Green Bond,,,,145.89,-0.05,-0.04,0.0,0.0,293.0,,2025-12-04,中证交易所绿色债券指数
2025-12-04,931147,中证交易所高等级绿色债券指数,交易所高等级绿色债,CSI Exchange High Grade Green Bond Index,Exchange High Grade Green Bond,,,,145.75,-0.05,-0.04,0.0,0.0,281.0,,2025-12-04,中证交易所高等级绿色债券指数
2025-12-04,931145,中证绿色债券指数,中证绿色债,CSI Green Bond Index,CSI Green Bond,,,,139.71,-0.04,-0.03,0.0,0.0,1002.0,,2025-12-04,中证绿色债券指数
2025-12-05,930951,中证交易所绿色债券指数,交易所绿色债,CSI Exchange Green Bond Index,Exchange Green Bond,,,,145.83,-0.06,-0.04,0.0,0.0,293.0,,2025-12-05,中证交易所绿色债券指数
2025-12-05,931147,中证交易所高等级绿色债券指数,交易所高等级绿色债,CSI Exchange High Grade Green Bond Index,Exchange High Grade Green Bond,,,,145.69,-0.06,-0.04,0.0,0.0,281.0,,2025-12-05,中证交易所高等级绿色债券指数
2025-12-05,931145,中证绿色债券指数,中证绿色债,CSI Green Bond Index,CSI Green Bond,,,,139.7,-0.01,-0.01,0.0,0.0,1002.0,,2025-12-05,中证绿色债券指数
2025-12-08,930951,中证交易所绿色债券指数,交易所绿色债,CSI Exchange Green Bond Index,Exchange Green Bond,,,,145.84,0.01,0.01,0.0,0.0,293.0,,2025-12-08,中证交易所绿色债券指数
2025-12-08,931147,中证交易所高等级绿色债券指数,交易所高等级绿色债,CSI Exchange High Grade Green Bond Index,Exchange High Grade Green Bond,,,,145.7,0.01,0.01,0.0,0.0,281.0,,2025-12-08,中证交易所高等级绿色债券指数
2025-12-08,931145,中证绿色债券指数,中证绿色债,CSI Green Bond Index,CSI Green Bond,,,,139.71,0.02,0.01,0.0,0.0,1002.0,,2025-12-08,中证绿色债券指数
2025-12-09,930951,中证交易所绿色债券指数,交易所绿色债,CSI Exchange Green Bond Index,Exchange Green Bond,,,,145.84,-0.01,0.0,0.0,0.0,293.0,,2025-12-09,中证交易所绿色债券指数
2025-12-09,931147,中证交易所高等级绿色债券指数,交易所高等级绿色债,CSI Exchange High Grade Green Bond Index,Exchange High Grade Green Bond,,,,145.7,-0.01,0.0,0.0,0.0,281.0,,2025-12-09,中证交易所高等级绿色债券指数
2025-12-09,931145,中证绿色债券指数,中证绿色债,CSI Green Bond Index,CSI Green Bond,,,,139.71,0.0,0.0,0.0,0.0,1002.0,,2025-12-09,中证绿色债券指数
2025-12-10,930951,中证交易所绿色债券指数,交易所绿色债,CSI Exchange Green Bond Index,Exchange Green Bond,,,,145.84,0.01,0.01,0.0,0.0,293.0,,2025-12-10,中证交易所绿色债券指数
2025-12-10,931147,中证交易所高等级绿色债券指数,交易所高等级绿色债,CSI Exchange High Grade Green Bond Index,Exchange High Grade Green Bond,,,,145.71,0.01,0.01,0.0,0.0,281.0,,2025-12-10,中证交易所高等级绿色债券指数
2025-12-10,931145,中证绿色债券指数,中证绿色债,CSI Green Bond Index,CSI Green Bond,,,,139.7,-0.01,-0.01,0.0,0.0,1002.0,,2025-12-10,中证绿色债券指数
2025-12-11,930951,中证交易所绿色债券指数,交易所绿色债,CSI Exchange Green Bond Index,Exchange Green Bond,,,,145.88,0.03,0.02,0.0,0.0,292.0,,2025-12-11,中证交易所绿色债券指数
2025-12-11,931147,中证交易所高等级绿色债券指数,交易所高等级绿色债,CSI Exchange High Grade Green Bond Index,Exchange High Grade Green Bond,,,,145.74,0.03,0.02,0.0,0.0,280.0,,2025-12-11,中证交易所高等级绿色债券指数
2025-12-11,931145,中证绿色债券指数,中证绿色债,CSI Green Bond Index,CSI Green Bond,,,,139.73,0.03,0.02,0.0,0.0,1001.0,,2025-12-11,中证绿色债券指数
2025-12-12,930951,中证交易所绿色债券指数,交易所绿色债,CSI Exchange Green Bond Index,Exchange Green Bond,,,,145.9,0.02,0.02,0.0,0.0,292.0,,2025-12-12,中证交易所绿色债券指数
2025-12-12,931147,中证交易所高等级绿色债券指数,交易所高等级绿色债,CSI Exchange High Grade Green Bond Index,Exchange High Grade Green Bond,,,,145.76,0.02,0.02,0.0,0.0,280.0,,2025-12-12,中证交易所高等级绿色债券指数
2025-12-12,931145,中证绿色债券指数,中证绿色债,CSI Green Bond Index,CSI Green Bond,,,,139.75,0.02,0.02,0.0,0.0,1001.0,,2025-12-12,中证绿色债券指数
2025-12-15,930951,中证交易所绿色债券指数,交易所绿色债,CSI Exchange Green Bond Index,Exchange Green Bond,,,,145.9,0.0,0.0,0.0,0.0,292.0,,2025-12-15,中证交易所绿色债券指数
2025-12-15,931147,中证交易所高等级绿色债券指数,交易所高等级绿色债,CSI Exchange High Grade Green Bond Index,Exchange High Grade Green Bond,,,,145.76,0.0,0.0,0.0,0.0,280.0,,2025-12-15,中证交易所高等级绿色债券指数
2025-12-15,931145,中证绿色债券指数,中证绿色债,CSI Green Bond Index,CSI Green Bond,,,,139.74,-0.01,0.0,0.0,0.0,1000.0,,2025-12-15,中证绿色债券指数
2025-12-16,930951,中证交易所绿色债券指数,交易所绿色债,CSI Exchange Green Bond Index,Exchange Green Bond,,,,145.88,-0.01,-0.01,0.0,0.0,292.0,,2025-12-16,中证交易所绿色债券指数
2025-12-16,931147,中证交易所高等级绿色债券指数,交易所高等级绿色债,CSI Exchange High Grade Green Bond Index,Exchange High Grade Green Bond,,,,145.75,-0.01,-0.01,0.0,0.0,280.0,,2025-12-16,中证交易所高等级绿色债券指数
2025-12-16,931145,中证绿色债券指数,中证绿色债,CSI Green Bond Index,CSI Green Bond,,,,139.73,-0.01,-0.01,0.0,0.0,1000.0,,2025-12-16,中证绿色债券指数
2025-12-17,930951,中证交易所绿色债券指数,交易所绿色债,CSI Exchange Green Bond Index,Exchange Green Bond,,,,145.9,0.02,0.01,0.0,0.0,292.0,,2025-12-17,中证交易所绿色债券指数
2025-12-17,931147,中证交易所高等级绿色债券指数,交易所高等级绿色债,CSI Exchange High Grade Green Bond Index,Exchange High Grade Green Bond,,,,145.76,0.02,0.01,0.0,0.0,280.0,,2025-12-17,中证交易所高等级绿色债券指数
2025-12-17,931145,中证绿色债券指数,中证绿色债,CSI Green Bond Index,CSI Green Bond,,,,139.76,0.03,0.02,0.0,0.0,1000.0,,2025-12-17,中证绿色债券指数
2025-12-18,930951,中证交易所绿色债券指数,交易所绿色债,CSI Exchange Green Bond Index,Exchange Green Bond,,,,145.93,0.02,0.02,0.0,0.0,292.0,,2025-12-18,中证交易所绿色债券指数
2025-12-18,931147,中证交易所高等级绿色债券指数,交易所高等级绿色债,CSI Exchange High Grade Green Bond Index,Exchange High Grade Green Bond,,,,145.79,0.02,0.02,0.0,0.0,280.0,,2025-12-18,中证交易所高等级绿色债券指数
2025-12-18,931145,中证绿色债券指数,中证绿色债,CSI Green Bond Index,CSI Green Bond,,,,139.79,0.03,0.02,0.0,0.0,1000.0,,2025-12-18,中证绿色债券指数
2025-12-19,930951,中证交易所绿色债券指数,交易所绿色债,CSI Exchange Green Bond Index,Exchange Green Bond,,,,145.97,0.05,0.03,0.0,0.0,292.0,,2025-12-19,中证交易所绿色债券指数
2025-12-19,931147,中证交易所高等级绿色债券指数,交易所高等级绿色债,CSI Exchange High Grade Green Bond Index,Exchange High Grade Green Bond,,,,145.83,0.05,0.03,0.0,0.0,280.0,,2025-12-19,中证交易所高等级绿色债券指数
2025-12-19,931145,中证绿色债券指数,中证绿色债,CSI Green Bond Index,CSI Green Bond,,,,139.82,0.03,0.02,0.0,0.0,1000.0,,2025-12-19,中证绿色债券指数
2025-12-22,930951,中证交易所绿色债券指数,交易所绿色债,CSI Exchange Green Bond Index,Exchange Green Bond,,,,146.02,0.05,0.04,0.0,0.0,292.0,,2025-12-22,中证交易所绿色债券指数
2025-12-22,931147,中证交易所高等级绿色债券指数,交易所高等级绿色债,CSI Exchange High Grade Green Bond Index,Exchange High Grade Green Bond,,,,145.89,0.05,0.04,0.0,0.0,280.0,,2025-12-22,中证交易所高等级绿色债券指数
2025-12-22,931145,中证绿色债券指数,中证绿色债,CSI Green Bond Index,CSI Green Bond,,,,139.85,0.03,0.02,0.0,0.0,1000.0,,2025-12-22,中证绿色债券指数
2025-12-23,930951,中证交易所绿色债券指数,交易所绿色债,CSI Exchange Green Bond Index,Exchange Green Bond,,,,146.05,0.02,0.02,0.0,0.0,292.0,,2025-12-23,中证交易所绿色债券指数
2025-12-23,931147,中证交易所高等级绿色债券指数,交易所高等级绿色债,CSI Exchange High Grade Green Bond Index,Exchange High Grade Green Bond,,,,145.91,0.02,0.01,0.0,0.0,280.0,,2025-12-23,中证交易所高等级绿色债券指数
2025-12-23,931145,中证绿色债券指数,中证绿色债,CSI Green Bond Index,CSI Green Bond,,,,139.87,0.02,0.01,0.0,0.0,1000.0,,2025-12-23,中证绿色债券指数
2025-12-24,930951,中证交易所绿色债券指数,交易所绿色债,CSI Exchange Green Bond Index,Exchange Green Bond,,,,146.08,0.03,0.02,0.0,0.0,292.0,,2025-12-24,中证交易所绿色债券指数
2025-12-24,931147,中证交易所高等级绿色债券指数,交易所高等级绿色债,CSI Exchange High Grade Green Bond Index,Exchange High Grade Green Bond,,,,145.94,0.03,0.02,0.0,0.0,280.0,,2025-12-24,中证交易所高等级绿色债券指数
2025-12-24,931145,中证绿色债券指数,中证绿色债,CSI Green Bond Index,CSI Green Bond,,,,139.89,0.02,0.01,0.0,0.0,1000.0,,2025-12-24,中证绿色债券指数
2025-12-25,930951,中证交易所绿色债券指数,交易所绿色债,CSI Exchange Green Bond Index,Exchange Green Bond,,,,146.09,0.02,0.01,0.0,0.0,292.0,,2025-12-25,中证交易所绿色债券指数
2025-12-25,931147,中证交易所高等级绿色债券指数,交易所高等级绿色债,CSI Exchange High Grade Green Bond Index,Exchange High Grade Green Bond,,,,145.96,0.02,0.01,0.0,0.0,280.0,,2025-12-25,中证交易所高等级绿色债券指数
2025-12-25,931145,中证绿色债券指数,中证绿色债,CSI Green Bond Index,CSI Green Bond,,,,139.91,0.02,0.02,0.0,0.0,1000.0,,2025-12-25,中证绿色债券指数
2025-12-26,930951,中证交易所绿色债券指数,交易所绿色债,CSI Exchange Green Bond Index,Exchange Green Bond,,,,146.12,0.02,0.02,0.0,0.0,292.0,,2025-12-26,中证交易所绿色债券指数
2025-12-26,931147,中证交易所高等级绿色债券指数,交易所高等级绿色债,CSI Exchange High Grade Green Bond Index,Exchange High Grade Green Bond,,,,145.98,0.02,0.02,0.0,0.0,280.0,,2025-12-26,中证交易所高等级绿色债券指数
2025-12-26,931145,中证绿色债券指数,中证绿色债,CSI Green Bond Index,CSI Green Bond,,,,139.93,0.02,0.01,0.0,0.0,999.0,,2025-12-26,中证绿色债券指数
2025-12-29,930951,中证交易所绿色债券指数,交易所绿色债,CSI Exchange Green Bond Index,Exchange Green Bond,,,,146.13,0.01,0.01,0.0,0.0,292.0,,2025-12-29,中证交易所绿色债券指数
2025-12-29,931147,中证交易所高等级绿色债券指数,交易所高等级绿色债,CSI Exchange High Grade Green Bond Index,Exchange High Grade Green Bond,,,,145.99,0.01,0.01,0.0,0.0,280.0,,2025-12-29,中证交易所高等级绿色债券指数
2025-12-29,931145,中证绿色债券指数,中证绿色债,CSI Green Bond Index,CSI Green Bond,,,,139.94,0.01,0.0,0.0,0.0,999.0,,2025-12-29,中证绿色债券指数
2025-12-30,930951,中证交易所绿色债券指数,交易所绿色债,CSI Exchange Green Bond Index,Exchange Green Bond,,,,146.13,0.0,0.0,0.0,0.0,292.0,,2025-12-30,中证交易所绿色债券指数
2025-12-30,931147,中证交易所高等级绿色债券指数,交易所高等级绿色债,CSI Exchange High Grade Green Bond Index,Exchange High Grade Green Bond,,,,145.99,0.0,0.0,0.0,0.0,280.0,,2025-12-30,中证交易所高等级绿色债券指数
2025-12-30,931145,中证绿色债券指数,中证绿色债,CSI Green Bond Index,CSI Green Bond,,,,139.94,0.0,0.0,0.0,0.0,999.0,,2025-12-30,中证绿色债券指数
2025-12-31,930951,中证交易所绿色债券指数,交易所绿色债,CSI Exchange Green Bond Index,Exchange Green Bond,,,,146.14,0.01,0.01,0.0,0.0,292.0,,2025-12-31,中证交易所绿色债券指数
2025-12-31,931147,中证交易所高等级绿色债券指数,交易所高等级绿色债,CSI Exchange High Grade Green Bond Index,Exchange High Grade Green Bond,,,,146.0,0.01,0.01,0.0,0.0,280.0,,2025-12-31,中证交易所高等级绿色债券指数
2025-12-31,931145,中证绿色债券指数,中证绿色债,CSI Green Bond Index,CSI Green Bond,,,,139.95,0.02,0.01,0.0,0.0,999.0,,2025-12-31,中证绿色债券指数
