date,open,high,low,close,volume,hold,settle,品种,类别,交易所,合约代码
2020-06-22,2570.0,2763.0,2570.0,2599.0,130439,24859,2638.0,低硫燃料油,能源化工,INE,LU0
2020-06-23,2611.0,2679.0,2602.0,2649.0,144505,33377,2650.0,低硫燃料油,能源化工,INE,LU0
2020-06-24,2660.0,2672.0,2588.0,2603.0,79323,34207,2628.0,低硫燃料油,能源化工,INE,LU0
2020-06-29,2577.0,2577.0,2486.0,2514.0,63816,42496,2518.0,低硫燃料油,能源化工,INE,LU0
2020-06-30,2540.0,2568.0,2522.0,2534.0,42512,40329,2542.0,低硫燃料油,能源化工,INE,LU0
2020-07-01,2526.0,2568.0,2516.0,2553.0,28865,39329,2542.0,低硫燃料油,能源化工,INE,LU0
2020-07-02,2526.0,2575.0,2526.0,2553.0,39078,41683,2551.0,低硫燃料油,能源化工,INE,LU0
2020-07-03,2560.0,2613.0,2560.0,2589.0,43286,39595,2587.0,低硫燃料油,能源化工,INE,LU0
2020-07-06,2576.0,2612.0,2565.0,2601.0,30837,37478,2590.0,低硫燃料油,能源化工,INE,LU0
2020-07-07,2600.0,2609.0,2555.0,2574.0,26882,37095,2578.0,低硫燃料油,能源化工,INE,LU0
2020-07-08,2575.0,2591.0,2564.0,2570.0,13873,37052,2577.0,低硫燃料油,能源化工,INE,LU0
2020-07-09,2579.0,2583.0,2533.0,2563.0,14556,36747,2567.0,低硫燃料油,能源化工,INE,LU0
2020-07-10,2568.0,2575.0,2480.0,2493.0,21575,37502,2524.0,低硫燃料油,能源化工,INE,LU0
2020-07-13,2511.0,2557.0,2507.0,2542.0,15256,36363,2534.0,低硫燃料油,能源化工,INE,LU0
2020-07-14,2549.0,2560.0,2485.0,2519.0,18192,38243,2521.0,低硫燃料油,能源化工,INE,LU0
2020-07-15,2518.0,2539.0,2506.0,2520.0,13821,38565,2524.0,低硫燃料油,能源化工,INE,LU0
2020-07-16,2529.0,2540.0,2503.0,2510.0,16460,38007,2518.0,低硫燃料油,能源化工,INE,LU0
2020-07-17,2510.0,2535.0,2484.0,2491.0,19137,38953,2507.0,低硫燃料油,能源化工,INE,LU0
2020-07-20,2485.0,2518.0,2436.0,2452.0,29044,39974,2467.0,低硫燃料油,能源化工,INE,LU0
2020-07-21,2456.0,2487.0,2436.0,2487.0,18480,37574,2464.0,低硫燃料油,能源化工,INE,LU0
2020-07-22,2530.0,2598.0,2516.0,2528.0,37610,36752,2550.0,低硫燃料油,能源化工,INE,LU0
2020-07-23,2526.0,2588.0,2514.0,2588.0,16297,36810,2545.0,低硫燃料油,能源化工,INE,LU0
2020-07-24,2568.0,2573.0,2486.0,2506.0,30403,38900,2530.0,低硫燃料油,能源化工,INE,LU0
2020-07-27,2518.0,2521.0,2484.0,2486.0,22374,44380,2503.0,低硫燃料油,能源化工,INE,LU0
2020-07-28,2495.0,2510.0,2462.0,2492.0,29191,50929,2487.0,低硫燃料油,能源化工,INE,LU0
2020-07-29,2485.0,2513.0,2477.0,2508.0,18850,54852,2496.0,低硫燃料油,能源化工,INE,LU0
2020-07-30,2511.0,2522.0,2485.0,2495.0,17204,56772,2506.0,低硫燃料油,能源化工,INE,LU0
2020-07-31,2490.0,2490.0,2389.0,2430.0,61131,69468,2432.0,低硫燃料油,能源化工,INE,LU0
2020-08-03,2431.0,2434.0,2400.0,2405.0,27686,71978,2413.0,低硫燃料油,能源化工,INE,LU0
2020-08-04,2410.0,2456.0,2410.0,2431.0,22390,73181,2432.0,低硫燃料油,能源化工,INE,LU0
2020-08-05,2420.0,2470.0,2411.0,2462.0,29183,70883,2443.0,低硫燃料油,能源化工,INE,LU0
2020-08-06,2488.0,2529.0,2450.0,2472.0,47177,66133,2486.0,低硫燃料油,能源化工,INE,LU0
2020-08-07,2480.0,2487.0,2450.0,2452.0,23361,66350,2469.0,低硫燃料油,能源化工,INE,LU0
2020-08-10,2450.0,2480.0,2442.0,2478.0,22114,66941,2461.0,低硫燃料油,能源化工,INE,LU0
2020-08-11,2476.0,2493.0,2430.0,2443.0,30775,68826,2467.0,低硫燃料油,能源化工,INE,LU0
2020-08-12,2457.0,2494.0,2417.0,2492.0,45873,67059,2455.0,低硫燃料油,能源化工,INE,LU0
2020-08-13,2500.0,2510.0,2460.0,2461.0,24148,65644,2480.0,低硫燃料油,能源化工,INE,LU0
2020-08-14,2465.0,2478.0,2439.0,2450.0,27603,66777,2460.0,低硫燃料油,能源化工,INE,LU0
2020-08-17,2445.0,2460.0,2442.0,2450.0,18914,67487,2452.0,低硫燃料油,能源化工,INE,LU0
2020-08-18,2445.0,2487.0,2440.0,2456.0,28713,68463,2464.0,低硫燃料油,能源化工,INE,LU0
2020-08-19,2464.0,2475.0,2452.0,2460.0,23825,66697,2463.0,低硫燃料油,能源化工,INE,LU0
2020-08-20,2450.0,2501.0,2450.0,2490.0,43268,68225,2473.0,低硫燃料油,能源化工,INE,LU0
2020-08-21,2494.0,2541.0,2457.0,2496.0,61106,72124,2501.0,低硫燃料油,能源化工,INE,LU0
2020-08-24,2490.0,2501.0,2454.0,2464.0,52035,75509,2474.0,低硫燃料油,能源化工,INE,LU0
2020-08-25,2468.0,2499.0,2468.0,2496.0,36139,72956,2482.0,低硫燃料油,能源化工,INE,LU0
2020-08-26,2505.0,2564.0,2501.0,2532.0,46750,74683,2535.0,低硫燃料油,能源化工,INE,LU0
2020-08-27,2535.0,2538.0,2503.0,2512.0,24264,76132,2516.0,低硫燃料油,能源化工,INE,LU0
2020-08-28,2512.0,2513.0,2470.0,2475.0,35575,81171,2485.0,低硫燃料油,能源化工,INE,LU0
2020-08-31,2477.0,2506.0,2475.0,2491.0,32477,79249,2490.0,低硫燃料油,能源化工,INE,LU0
2020-09-01,2495.0,2498.0,2461.0,2477.0,28306,82970,2477.0,低硫燃料油,能源化工,INE,LU0
2020-09-02,2474.0,2510.0,2471.0,2484.0,40039,82980,2490.0,低硫燃料油,能源化工,INE,LU0
2020-09-03,2485.0,2489.0,2397.0,2401.0,68673,97450,2434.0,低硫燃料油,能源化工,INE,LU0
2020-09-04,2390.0,2390.0,2318.0,2353.0,75683,103697,2358.0,低硫燃料油,能源化工,INE,LU0
2020-09-07,2349.0,2370.0,2281.0,2293.0,76611,112806,2323.0,低硫燃料油,能源化工,INE,LU0
2020-09-08,2290.0,2315.0,2279.0,2288.0,37137,113454,2298.0,低硫燃料油,能源化工,INE,LU0
2020-09-09,2260.0,2260.0,2160.0,2178.0,86385,110055,2190.0,低硫燃料油,能源化工,INE,LU0
2020-09-10,2200.0,2238.0,2193.0,2218.0,45564,108620,2218.0,低硫燃料油,能源化工,INE,LU0
2020-09-11,2212.0,2231.0,2195.0,2200.0,34671,110582,2209.0,低硫燃料油,能源化工,INE,LU0
2020-09-14,2195.0,2265.0,2183.0,2239.0,52287,108376,2233.0,低硫燃料油,能源化工,INE,LU0
2020-09-15,2234.0,2245.0,2218.0,2224.0,34330,110454,2231.0,低硫燃料油,能源化工,INE,LU0
2020-09-16,2229.0,2271.0,2223.0,2260.0,49912,110893,2247.0,低硫燃料油,能源化工,INE,LU0
2020-09-17,2258.0,2269.0,2210.0,2222.0,44343,113488,2242.0,低硫燃料油,能源化工,INE,LU0
2020-09-18,2220.0,2327.0,2220.0,2320.0,83445,105264,2282.0,低硫燃料油,能源化工,INE,LU0
2020-09-21,2305.0,2343.0,2287.0,2293.0,59087,110313,2318.0,低硫燃料油,能源化工,INE,LU0
2020-09-22,2287.0,2298.0,2173.0,2230.0,86626,106946,2232.0,低硫燃料油,能源化工,INE,LU0
2020-09-23,2235.0,2251.0,2209.0,2229.0,45516,103366,2227.0,低硫燃料油,能源化工,INE,LU0
2020-09-24,2235.0,2267.0,2222.0,2227.0,54097,94050,2238.0,低硫燃料油,能源化工,INE,LU0
2020-09-25,2225.0,2274.0,2220.0,2241.0,45352,85514,2245.0,低硫燃料油,能源化工,INE,LU0
2020-09-28,2238.0,2260.0,2230.0,2260.0,33620,75433,2243.0,低硫燃料油,能源化工,INE,LU0
2020-09-29,2275.0,2295.0,2250.0,2270.0,26564,72393,2271.0,低硫燃料油,能源化工,INE,LU0
2020-09-30,2276.0,2279.0,2192.0,2204.0,38002,75224,2225.0,低硫燃料油,能源化工,INE,LU0
2020-10-09,2300.0,2368.0,2262.0,2314.0,28832,70396,2302.0,低硫燃料油,能源化工,INE,LU0
2020-10-12,2316.0,2335.0,2293.0,2327.0,42104,74838,2315.0,低硫燃料油,能源化工,INE,LU0
2020-10-13,2341.0,2347.0,2294.0,2312.0,31602,78396,2315.0,低硫燃料油,能源化工,INE,LU0
2020-10-14,2323.0,2337.0,2284.0,2323.0,30475,78976,2312.0,低硫燃料油,能源化工,INE,LU0
2020-10-15,2345.0,2396.0,2330.0,2380.0,59630,83414,2373.0,低硫燃料油,能源化工,INE,LU0
2020-10-16,2338.0,2406.0,2328.0,2369.0,49716,89657,2369.0,低硫燃料油,能源化工,INE,LU0
2020-10-19,2367.0,2382.0,2353.0,2366.0,31692,89215,2364.0,低硫燃料油,能源化工,INE,LU0
2020-10-20,2362.0,2365.0,2302.0,2328.0,45422,86090,2327.0,低硫燃料油,能源化工,INE,LU0
2020-10-21,2326.0,2356.0,2310.0,2335.0,30175,84400,2335.0,低硫燃料油,能源化工,INE,LU0
2020-10-22,2330.0,2338.0,2266.0,2297.0,40593,85833,2299.0,低硫燃料油,能源化工,INE,LU0
2020-10-23,2301.0,2337.0,2295.0,2311.0,26558,83218,2316.0,低硫燃料油,能源化工,INE,LU0
2020-10-26,2318.0,2340.0,2227.0,2244.0,45215,83326,2270.0,低硫燃料油,能源化工,INE,LU0
2020-10-27,2238.0,2260.0,2234.0,2256.0,30667,81730,2249.0,低硫燃料油,能源化工,INE,LU0
2020-10-28,2252.0,2271.0,2217.0,2236.0,39364,82115,2242.0,低硫燃料油,能源化工,INE,LU0
2020-10-29,2210.0,2217.0,2155.0,2159.0,46879,83722,2180.0,低硫燃料油,能源化工,INE,LU0
2020-10-30,2098.0,2138.0,2005.0,2050.0,91838,80701,2067.0,低硫燃料油,能源化工,INE,LU0
2020-11-02,2070.0,2077.0,1970.0,2015.0,56871,78817,2028.0,低硫燃料油,能源化工,INE,LU0
2020-11-03,2024.0,2111.0,2024.0,2102.0,52675,74253,2077.0,低硫燃料油,能源化工,INE,LU0
2020-11-04,2137.0,2192.0,2127.0,2167.0,69980,68788,2159.0,低硫燃料油,能源化工,INE,LU0
2020-11-05,2193.0,2209.0,2147.0,2193.0,47414,64707,2185.0,低硫燃料油,能源化工,INE,LU0
2020-11-06,2205.0,2228.0,2139.0,2158.0,42385,63341,2183.0,低硫燃料油,能源化工,INE,LU0
2020-11-09,2158.0,2227.0,2150.0,2197.0,37123,62919,2195.0,低硫燃料油,能源化工,INE,LU0
2020-11-10,2311.0,2325.0,2245.0,2269.0,75478,59307,2287.0,低硫燃料油,能源化工,INE,LU0
2020-11-11,2279.0,2383.0,2272.0,2355.0,57589,58364,2337.0,低硫燃料油,能源化工,INE,LU0
2020-11-12,2370.0,2384.0,2307.0,2326.0,57000,54011,2341.0,低硫燃料油,能源化工,INE,LU0
2020-11-13,2313.0,2344.0,2248.0,2261.0,38949,52313,2291.0,低硫燃料油,能源化工,INE,LU0
2020-11-16,2259.0,2287.0,2250.0,2269.0,30001,50767,2272.0,低硫燃料油,能源化工,INE,LU0
2020-11-17,2314.0,2348.0,2296.0,2304.0,49098,48527,2323.0,低硫燃料油,能源化工,INE,LU0
2020-11-18,2302.0,2313.0,2259.0,2295.0,30966,44849,2291.0,低硫燃料油,能源化工,INE,LU0
2020-11-19,2336.0,2352.0,2304.0,2323.0,40220,43310,2331.0,低硫燃料油,能源化工,INE,LU0
2020-11-20,2324.0,2375.0,2324.0,2346.0,34613,43857,2350.0,低硫燃料油,能源化工,INE,LU0
2020-11-23,2344.0,2393.0,2300.0,2374.0,46894,42706,2358.0,低硫燃料油,能源化工,INE,LU0
2020-11-24,2376.0,2457.0,2369.0,2449.0,46553,41056,2408.0,低硫燃料油,能源化工,INE,LU0
2020-11-25,2448.0,2522.0,2428.0,2486.0,62299,36906,2475.0,低硫燃料油,能源化工,INE,LU0
2020-11-26,2488.0,2564.0,2479.0,2528.0,48611,33873,2524.0,低硫燃料油,能源化工,INE,LU0
2020-11-27,2500.0,2505.0,2454.0,2465.0,34963,28401,2476.0,低硫燃料油,能源化工,INE,LU0
2020-11-30,2553.0,2587.0,2514.0,2524.0,59068,77756,2555.0,低硫燃料油,能源化工,INE,LU0
2020-12-01,2552.0,2603.0,2525.0,2532.0,64934,82067,2560.0,低硫燃料油,能源化工,INE,LU0
2020-12-02,2566.0,2566.0,2461.0,2483.0,66573,86426,2502.0,低硫燃料油,能源化工,INE,LU0
2020-12-03,2495.0,2562.0,2485.0,2531.0,71138,85804,2526.0,低硫燃料油,能源化工,INE,LU0
2020-12-04,2532.0,2605.0,2490.0,2563.0,71573,83960,2554.0,低硫燃料油,能源化工,INE,LU0
2020-12-07,2556.0,2587.0,2528.0,2580.0,62514,84487,2554.0,低硫燃料油,能源化工,INE,LU0
2020-12-08,2565.0,2589.0,2485.0,2508.0,64240,82781,2544.0,低硫燃料油,能源化工,INE,LU0
2020-12-09,2515.0,2548.0,2497.0,2517.0,59922,80691,2528.0,低硫燃料油,能源化工,INE,LU0
2020-12-10,2530.0,2568.0,2510.0,2528.0,65205,83525,2540.0,低硫燃料油,能源化工,INE,LU0
2020-12-11,2545.0,2670.0,2544.0,2616.0,115221,91064,2604.0,低硫燃料油,能源化工,INE,LU0
2020-12-14,2602.0,2687.0,2588.0,2676.0,90407,97963,2633.0,低硫燃料油,能源化工,INE,LU0
2020-12-15,2683.0,2687.0,2603.0,2635.0,68957,99045,2650.0,低硫燃料油,能源化工,INE,LU0
2020-12-16,2658.0,2675.0,2632.0,2634.0,55587,97743,2650.0,低硫燃料油,能源化工,INE,LU0
2020-12-17,2639.0,2721.0,2626.0,2697.0,72590,100985,2680.0,低硫燃料油,能源化工,INE,LU0
2020-12-18,2690.0,2693.0,2632.0,2651.0,65419,93192,2668.0,低硫燃料油,能源化工,INE,LU0
2020-12-21,2652.0,2725.0,2560.0,2591.0,99663,84839,2628.0,低硫燃料油,能源化工,INE,LU0
2020-12-22,2580.0,2623.0,2521.0,2534.0,73792,78256,2572.0,低硫燃料油,能源化工,INE,LU0
2020-12-23,2570.0,2587.0,2500.0,2521.0,67457,72218,2537.0,低硫燃料油,能源化工,INE,LU0
2020-12-24,2540.0,2619.0,2540.0,2598.0,59841,65030,2581.0,低硫燃料油,能源化工,INE,LU0
2020-12-25,2565.0,2616.0,2562.0,2610.0,44865,55846,2589.0,低硫燃料油,能源化工,INE,LU0
2020-12-28,2615.0,2631.0,2549.0,2563.0,43225,46459,2580.0,低硫燃料油,能源化工,INE,LU0
2020-12-29,2581.0,2632.0,2547.0,2589.0,44923,40757,2586.0,低硫燃料油,能源化工,INE,LU0
2020-12-30,2589.0,2620.0,2568.0,2589.0,41545,34804,2597.0,低硫燃料油,能源化工,INE,LU0
2020-12-31,2608.0,2661.0,2573.0,2645.0,39314,30023,2622.0,低硫燃料油,能源化工,INE,LU0
2021-01-04,2645.0,2710.0,2614.0,2704.0,27558,30808,2667.0,低硫燃料油,能源化工,INE,LU0
2021-01-05,2670.0,2696.0,2583.0,2595.0,22010,29912,2631.0,低硫燃料油,能源化工,INE,LU0
2021-01-06,2624.0,2769.0,2624.0,2766.0,64875,77310,2708.0,低硫燃料油,能源化工,INE,LU0
2021-01-07,2750.0,2778.0,2694.0,2751.0,63726,84750,2739.0,低硫燃料油,能源化工,INE,LU0
2021-01-08,2749.0,2786.0,2711.0,2759.0,56253,87052,2750.0,低硫燃料油,能源化工,INE,LU0
2021-01-11,2779.0,2821.0,2566.0,2754.0,78691,84980,2775.0,低硫燃料油,能源化工,INE,LU0
2021-01-12,2763.0,2864.0,2744.0,2855.0,72783,89256,2807.0,低硫燃料油,能源化工,INE,LU0
2021-01-13,2876.0,2890.0,2805.0,2864.0,56966,87250,2854.0,低硫燃料油,能源化工,INE,LU0
2021-01-14,2852.0,2885.0,2800.0,2849.0,42879,88656,2841.0,低硫燃料油,能源化工,INE,LU0
2021-01-15,2842.0,2918.0,2814.0,2842.0,52545,90380,2857.0,低硫燃料油,能源化工,INE,LU0
2021-01-18,2837.0,2868.0,2805.0,2858.0,48788,96518,2844.0,低硫燃料油,能源化工,INE,LU0
2021-01-19,2852.0,2905.0,2831.0,2845.0,42155,97700,2860.0,低硫燃料油,能源化工,INE,LU0
2021-01-20,2841.0,2928.0,2838.0,2913.0,52983,104483,2887.0,低硫燃料油,能源化工,INE,LU0
2021-01-21,2915.0,2922.0,2830.0,2849.0,44789,101444,2862.0,低硫燃料油,能源化工,INE,LU0
2021-01-22,2839.0,2862.0,2789.0,2804.0,51115,99065,2821.0,低硫燃料油,能源化工,INE,LU0
2021-01-25,2778.0,2818.0,2745.0,2790.0,42849,95903,2788.0,低硫燃料油,能源化工,INE,LU0
2021-01-26,2800.0,2841.0,2776.0,2804.0,39272,91207,2808.0,低硫燃料油,能源化工,INE,LU0
2021-01-27,2823.0,2865.0,2806.0,2851.0,28557,87698,2832.0,低硫燃料油,能源化工,INE,LU0
2021-01-28,2844.0,2846.0,2790.0,2818.0,36927,79136,2818.0,低硫燃料油,能源化工,INE,LU0
2021-01-29,2824.0,2877.0,2786.0,2798.0,60896,53309,2822.0,低硫燃料油,能源化工,INE,LU0
2021-02-01,2813.0,2849.0,2770.0,2834.0,46099,42391,2814.0,低硫燃料油,能源化工,INE,LU0
2021-02-02,2842.0,2942.0,2826.0,2942.0,32810,42440,2896.0,低硫燃料油,能源化工,INE,LU0
2021-02-03,2977.0,2990.0,2932.0,2952.0,42255,101795,2956.0,低硫燃料油,能源化工,INE,LU0
2021-02-04,2953.0,3009.0,2943.0,2974.0,53721,104762,2974.0,低硫燃料油,能源化工,INE,LU0
2021-02-05,2966.0,3038.0,2966.0,3025.0,52379,109844,3009.0,低硫燃料油,能源化工,INE,LU0
2021-02-08,3040.0,3087.0,3030.0,3045.0,60548,112062,3054.0,低硫燃料油,能源化工,INE,LU0
2021-02-09,3056.0,3148.0,3054.0,3120.0,55596,104976,3109.0,低硫燃料油,能源化工,INE,LU0
2021-02-10,3107.0,3117.0,3033.0,3055.0,45068,98700,3073.0,低硫燃料油,能源化工,INE,LU0
2021-02-18,3240.0,3274.0,3230.0,3239.0,38890,98014,3251.0,低硫燃料油,能源化工,INE,LU0
2021-02-19,3250.0,3260.0,3132.0,3185.0,62135,100387,3189.0,低硫燃料油,能源化工,INE,LU0
2021-02-22,3175.0,3226.0,3155.0,3211.0,45492,101344,3192.0,低硫燃料油,能源化工,INE,LU0
2021-02-23,3198.0,3354.0,3164.0,3296.0,79483,86140,3268.0,低硫燃料油,能源化工,INE,LU0
2021-02-24,3286.0,3298.0,3218.0,3262.0,52411,69394,3257.0,低硫燃料油,能源化工,INE,LU0
2021-02-25,3309.0,3365.0,3266.0,3346.0,41951,62657,3322.0,低硫燃料油,能源化工,INE,LU0
2021-02-26,3424.0,3424.0,3286.0,3290.0,52936,55835,3336.0,低硫燃料油,能源化工,INE,LU0
2021-03-01,3280.0,3342.0,3241.0,3266.0,38931,52692,3292.0,低硫燃料油,能源化工,INE,LU0
2021-03-02,3284.0,3284.0,3090.0,3113.0,47353,46540,3163.0,低硫燃料油,能源化工,INE,LU0
2021-03-03,3143.0,3242.0,3118.0,3150.0,28708,45118,3159.0,低硫燃料油,能源化工,INE,LU0
2021-03-04,3167.0,3228.0,3163.0,3211.0,25365,45077,3202.0,低硫燃料油,能源化工,INE,LU0
2021-03-05,3200.0,3379.0,3167.0,3377.0,41337,42407,3289.0,低硫燃料油,能源化工,INE,LU0
2021-03-08,3399.0,3530.0,3387.0,3502.0,37425,38130,3464.0,低硫燃料油,能源化工,INE,LU0
2021-03-09,3451.0,3469.0,3350.0,3361.0,32074,33219,3407.0,低硫燃料油,能源化工,INE,LU0
2021-03-10,3376.0,3388.0,3262.0,3278.0,29715,31530,3327.0,低硫燃料油,能源化工,INE,LU0
2021-03-11,3335.0,3385.0,3310.0,3331.0,40714,60206,3335.0,低硫燃料油,能源化工,INE,LU0
2021-03-12,3354.0,3407.0,3345.0,3360.0,42773,64366,3379.0,低硫燃料油,能源化工,INE,LU0
2021-03-15,3348.0,3462.0,3348.0,3440.0,53489,68467,3422.0,低硫燃料油,能源化工,INE,LU0
2021-03-16,3409.0,3410.0,3310.0,3332.0,50472,70406,3339.0,低硫燃料油,能源化工,INE,LU0
2021-03-17,3333.0,3358.0,3281.0,3354.0,41551,73515,3316.0,低硫燃料油,能源化工,INE,LU0
2021-03-18,3325.0,3328.0,3245.0,3260.0,47526,73726,3283.0,低硫燃料油,能源化工,INE,LU0
2021-03-19,3232.0,3266.0,3036.0,3042.0,89032,73347,3136.0,低硫燃料油,能源化工,INE,LU0
2021-03-22,3040.0,3170.0,3040.0,3155.0,62170,72752,3108.0,低硫燃料油,能源化工,INE,LU0
2021-03-23,3149.0,3185.0,3111.0,3132.0,38335,71440,3144.0,低硫燃料油,能源化工,INE,LU0
2021-03-24,3033.0,3083.0,2985.0,3038.0,70427,67595,3026.0,低硫燃料油,能源化工,INE,LU0
2021-03-25,3068.0,3120.0,3060.0,3088.0,55575,59382,3084.0,低硫燃料油,能源化工,INE,LU0
2021-03-26,3060.0,3074.0,3011.0,3074.0,62960,36579,3055.0,低硫燃料油,能源化工,INE,LU0
2021-03-29,3098.0,3170.0,3079.0,3105.0,53034,30667,3123.0,低硫燃料油,能源化工,INE,LU0
2021-03-30,3158.0,3197.0,3106.0,3163.0,40482,28528,3143.0,低硫燃料油,能源化工,INE,LU0
2021-03-31,3128.0,3165.0,3112.0,3157.0,29845,25433,3142.0,低硫燃料油,能源化工,INE,LU0
2021-04-01,3130.0,3150.0,3053.0,3084.0,36673,24453,3097.0,低硫燃料油,能源化工,INE,LU0
2021-04-02,3081.0,3215.0,3060.0,3214.0,41828,24040,3142.0,低硫燃料油,能源化工,INE,LU0
2021-04-06,3080.0,3153.0,3068.0,3104.0,18688,23628,3098.0,低硫燃料油,能源化工,INE,LU0
2021-04-07,3138.0,3151.0,3047.0,3075.0,29053,21667,3094.0,低硫燃料油,能源化工,INE,LU0
2021-04-08,3080.0,3108.0,3036.0,3076.0,29589,20313,3074.0,低硫燃料油,能源化工,INE,LU0
2021-04-09,3085.0,3138.0,3081.0,3118.0,26762,19070,3115.0,低硫燃料油,能源化工,INE,LU0
2021-04-12,3107.0,3176.0,3094.0,3106.0,26104,18078,3129.0,低硫燃料油,能源化工,INE,LU0
2021-04-13,3131.0,3197.0,3130.0,3174.0,53206,72972,3167.0,低硫燃料油,能源化工,INE,LU0
2021-04-14,3207.0,3230.0,3155.0,3225.0,39966,75954,3183.0,低硫燃料油,能源化工,INE,LU0
2021-04-15,3236.0,3324.0,3212.0,3322.0,42478,79642,3275.0,低硫燃料油,能源化工,INE,LU0
2021-04-16,3309.0,3342.0,3280.0,3336.0,40474,84992,3313.0,低硫燃料油,能源化工,INE,LU0
2021-04-19,3343.0,3350.0,3274.0,3290.0,44849,88730,3303.0,低硫燃料油,能源化工,INE,LU0
2021-04-20,3303.0,3360.0,3260.0,3295.0,46423,88837,3283.0,低硫燃料油,能源化工,INE,LU0
2021-04-21,3290.0,3290.0,3188.0,3219.0,46727,88254,3228.0,低硫燃料油,能源化工,INE,LU0
2021-04-22,3171.0,3213.0,3120.0,3135.0,61504,84046,3155.0,低硫燃料油,能源化工,INE,LU0
2021-04-23,3135.0,3178.0,3134.0,3176.0,45205,79169,3159.0,低硫燃料油,能源化工,INE,LU0
2021-04-26,3160.0,3215.0,3105.0,3142.0,75204,51347,3160.0,低硫燃料油,能源化工,INE,LU0
2021-04-27,3122.0,3189.0,3092.0,3178.0,63453,32779,3138.0,低硫燃料油,能源化工,INE,LU0
2021-04-28,3175.0,3215.0,3165.0,3203.0,45595,26148,3183.0,低硫燃料油,能源化工,INE,LU0
2021-04-29,3218.0,3249.0,3200.0,3236.0,45331,19919,3227.0,低硫燃料油,能源化工,INE,LU0
2021-04-30,3280.0,3296.0,3218.0,3243.0,36121,16687,3246.0,低硫燃料油,能源化工,INE,LU0
2021-05-06,3323.0,3325.0,3263.0,3286.0,20009,16978,3302.0,低硫燃料油,能源化工,INE,LU0
2021-05-07,3280.0,3324.0,3259.0,3311.0,59645,77263,3283.0,低硫燃料油,能源化工,INE,LU0
2021-05-10,3279.0,3358.0,3241.0,3308.0,74968,85167,3291.0,低硫燃料油,能源化工,INE,LU0
2021-05-11,3277.0,3295.0,3180.0,3218.0,64027,87749,3234.0,低硫燃料油,能源化工,INE,LU0
2021-05-12,3201.0,3307.0,3201.0,3305.0,56120,92808,3272.0,低硫燃料油,能源化工,INE,LU0
2021-05-13,3306.0,3351.0,3231.0,3261.0,66871,93353,3290.0,低硫燃料油,能源化工,INE,LU0
2021-05-14,3202.0,3244.0,3140.0,3152.0,79607,95279,3182.0,低硫燃料油,能源化工,INE,LU0
2021-05-17,3170.0,3279.0,3168.0,3214.0,72345,95938,3232.0,低硫燃料油,能源化工,INE,LU0
2021-05-18,3203.0,3244.0,3180.0,3225.0,59738,98858,3216.0,低硫燃料油,能源化工,INE,LU0
2021-05-19,3211.0,3218.0,3053.0,3110.0,81226,105660,3138.0,低硫燃料油,能源化工,INE,LU0
2021-05-20,3089.0,3110.0,3016.0,3077.0,61704,106963,3076.0,低硫燃料油,能源化工,INE,LU0
2021-05-21,3066.0,3096.0,2991.0,2993.0,62813,110564,3046.0,低硫燃料油,能源化工,INE,LU0
2021-05-24,3038.0,3136.0,3036.0,3125.0,66811,104236,3096.0,低硫燃料油,能源化工,INE,LU0
2021-05-25,3136.0,3174.0,3102.0,3158.0,51878,96277,3145.0,低硫燃料油,能源化工,INE,LU0
2021-05-26,3155.0,3171.0,3126.0,3171.0,72131,62741,3146.0,低硫燃料油,能源化工,INE,LU0
2021-05-27,3121.0,3186.0,3105.0,3140.0,61566,43085,3137.0,低硫燃料油,能源化工,INE,LU0
2021-05-28,3129.0,3227.0,3124.0,3206.0,57598,27151,3186.0,低硫燃料油,能源化工,INE,LU0
2021-05-31,3227.0,3242.0,3180.0,3222.0,43275,20737,3209.0,低硫燃料油,能源化工,INE,LU0
2021-06-01,3227.0,3293.0,3225.0,3290.0,33164,16124,3263.0,低硫燃料油,能源化工,INE,LU0
2021-06-02,3348.0,3351.0,3279.0,3304.0,26924,15088,3310.0,低硫燃料油,能源化工,INE,LU0
2021-06-03,3340.0,3392.0,3302.0,3387.0,40712,62569,3353.0,低硫燃料油,能源化工,INE,LU0
2021-06-04,3359.0,3397.0,3330.0,3392.0,54590,70238,3368.0,低硫燃料油,能源化工,INE,LU0
2021-06-07,3400.0,3418.0,3344.0,3366.0,63151,73789,3379.0,低硫燃料油,能源化工,INE,LU0
2021-06-08,3380.0,3392.0,3316.0,3335.0,46797,76855,3350.0,低硫燃料油,能源化工,INE,LU0
2021-06-09,3334.0,3415.0,3311.0,3394.0,53066,81512,3373.0,低硫燃料油,能源化工,INE,LU0
2021-06-10,3400.0,3400.0,3282.0,3301.0,68690,76746,3323.0,低硫燃料油,能源化工,INE,LU0
2021-06-11,3338.0,3383.0,3302.0,3374.0,56506,75586,3352.0,低硫燃料油,能源化工,INE,LU0
2021-06-15,3380.0,3432.0,3380.0,3400.0,48230,78190,3406.0,低硫燃料油,能源化工,INE,LU0
2021-06-16,3409.0,3470.0,3389.0,3454.0,55591,86647,3437.0,低硫燃料油,能源化工,INE,LU0
2021-06-17,3460.0,3460.0,3392.0,3426.0,55882,86524,3423.0,低硫燃料油,能源化工,INE,LU0
2021-06-18,3414.0,3469.0,3331.0,3346.0,71701,85562,3386.0,低硫燃料油,能源化工,INE,LU0
2021-06-21,3346.0,3443.0,3330.0,3408.0,57875,85620,3408.0,低硫燃料油,能源化工,INE,LU0
2021-06-22,3396.0,3481.0,3349.0,3476.0,66076,88823,3434.0,低硫燃料油,能源化工,INE,LU0
2021-06-23,3474.0,3523.0,3451.0,3520.0,46243,89579,3485.0,低硫燃料油,能源化工,INE,LU0
2021-06-24,3527.0,3536.0,3457.0,3493.0,51943,85249,3494.0,低硫燃料油,能源化工,INE,LU0
2021-06-25,3460.0,3516.0,3436.0,3486.0,58655,75897,3482.0,低硫燃料油,能源化工,INE,LU0
2021-06-28,3504.0,3547.0,3441.0,3506.0,110517,41020,3503.0,低硫燃料油,能源化工,INE,LU0
2021-06-29,3531.0,3531.0,3410.0,3429.0,64757,34971,3456.0,低硫燃料油,能源化工,INE,LU0
2021-06-30,3456.0,3481.0,3395.0,3432.0,57198,28811,3451.0,低硫燃料油,能源化工,INE,LU0
2021-07-01,3460.0,3481.0,3423.0,3440.0,48999,26245,3447.0,低硫燃料油,能源化工,INE,LU0
2021-07-02,3500.0,3539.0,3485.0,3512.0,40437,25063,3513.0,低硫燃料油,能源化工,INE,LU0
2021-07-05,3518.0,3544.0,3481.0,3544.0,32272,24855,3514.0,低硫燃料油,能源化工,INE,LU0
2021-07-06,3535.0,3571.0,3458.0,3542.0,35596,23344,3529.0,低硫燃料油,能源化工,INE,LU0
2021-07-07,3480.0,3520.0,3366.0,3398.0,42036,20115,3429.0,低硫燃料油,能源化工,INE,LU0
2021-07-08,3434.0,3465.0,3354.0,3370.0,53839,71595,3402.0,低硫燃料油,能源化工,INE,LU0
2021-07-09,3360.0,3438.0,3343.0,3420.0,46520,74873,3399.0,低硫燃料油,能源化工,INE,LU0
2021-07-12,3464.0,3521.0,3441.0,3494.0,42612,76672,3490.0,低硫燃料油,能源化工,INE,LU0
2021-07-13,3477.0,3530.0,3459.0,3517.0,32510,78054,3487.0,低硫燃料油,能源化工,INE,LU0
2021-07-14,3492.0,3580.0,3473.0,3574.0,44897,80874,3534.0,低硫燃料油,能源化工,INE,LU0
2021-07-15,3588.0,3594.0,3421.0,3440.0,48681,80688,3478.0,低硫燃料油,能源化工,INE,LU0
2021-07-16,3422.0,3450.0,3389.0,3404.0,35382,80728,3422.0,低硫燃料油,能源化工,INE,LU0
2021-07-19,3422.0,3431.0,3358.0,3389.0,47133,81519,3389.0,低硫燃料油,能源化工,INE,LU0
2021-07-20,3322.0,3340.0,3208.0,3234.0,65747,82995,3270.0,低硫燃料油,能源化工,INE,LU0
2021-07-21,3218.0,3245.0,3182.0,3232.0,50469,82400,3219.0,低硫燃料油,能源化工,INE,LU0
2021-07-22,3288.0,3364.0,3272.0,3353.0,42625,80470,3324.0,低硫燃料油,能源化工,INE,LU0
2021-07-23,3341.0,3432.0,3341.0,3412.0,47356,73523,3387.0,低硫燃料油,能源化工,INE,LU0
2021-07-26,3400.0,3448.0,3375.0,3375.0,49699,54403,3409.0,低硫燃料油,能源化工,INE,LU0
2021-07-27,3399.0,3470.0,3399.0,3428.0,50239,42394,3431.0,低硫燃料油,能源化工,INE,LU0
2021-07-28,3446.0,3494.0,3415.0,3460.0,33501,35900,3456.0,低硫燃料油,能源化工,INE,LU0
2021-07-29,3479.0,3479.0,3418.0,3466.0,32966,29911,3452.0,低硫燃料油,能源化工,INE,LU0
2021-07-30,3463.0,3491.0,3444.0,3470.0,30562,26310,3468.0,低硫燃料油,能源化工,INE,LU0
2021-08-02,3499.0,3516.0,3424.0,3460.0,32307,24734,3473.0,低硫燃料油,能源化工,INE,LU0
2021-08-03,3470.0,3487.0,3343.0,3347.0,35844,22788,3406.0,低硫燃料油,能源化工,INE,LU0
2021-08-04,3292.0,3356.0,3292.0,3346.0,29875,19580,3326.0,低硫燃料油,能源化工,INE,LU0
2021-08-05,3313.0,3325.0,3246.0,3261.0,29792,18252,3289.0,低硫燃料油,能源化工,INE,LU0
2021-08-06,3280.0,3351.0,3257.0,3340.0,30019,44188,3300.0,低硫燃料油,能源化工,INE,LU0
2021-08-09,3343.0,3372.0,3231.0,3250.0,40589,47104,3294.0,低硫燃料油,能源化工,INE,LU0
2021-08-10,3206.0,3265.0,3168.0,3264.0,43751,50473,3232.0,低硫燃料油,能源化工,INE,LU0
2021-08-11,3268.0,3341.0,3252.0,3328.0,33781,49449,3302.0,低硫燃料油,能源化工,INE,LU0
2021-08-12,3298.0,3349.0,3253.0,3324.0,42229,48851,3299.0,低硫燃料油,能源化工,INE,LU0
2021-08-13,3321.0,3340.0,3298.0,3311.0,27823,49002,3318.0,低硫燃料油,能源化工,INE,LU0
2021-08-16,3328.0,3341.0,3210.0,3227.0,47649,52107,3259.0,低硫燃料油,能源化工,INE,LU0
2021-08-17,3202.0,3241.0,3173.0,3203.0,36244,53836,3209.0,低硫燃料油,能源化工,INE,LU0
2021-08-18,3209.0,3259.0,3201.0,3240.0,38126,54647,3228.0,低硫燃料油,能源化工,INE,LU0
2021-08-19,3253.0,3255.0,3128.0,3134.0,46123,58028,3177.0,低硫燃料油,能源化工,INE,LU0
2021-08-20,3119.0,3145.0,3080.0,3138.0,52428,60428,3118.0,低硫燃料油,能源化工,INE,LU0
2021-08-23,3091.0,3151.0,3073.0,3135.0,45575,61825,3110.0,低硫燃料油,能源化工,INE,LU0
2021-08-24,3165.0,3286.0,3158.0,3266.0,57955,55129,3239.0,低硫燃料油,能源化工,INE,LU0
2021-08-25,3273.0,3323.0,3273.0,3310.0,43929,53189,3303.0,低硫燃料油,能源化工,INE,LU0
2021-08-26,3324.0,3373.0,3300.0,3355.0,66456,37369,3328.0,低硫燃料油,能源化工,INE,LU0
2021-08-27,3355.0,3392.0,3321.0,3392.0,54191,32203,3353.0,低硫燃料油,能源化工,INE,LU0
2021-08-30,3401.0,3429.0,3360.0,3410.0,42859,28041,3393.0,低硫燃料油,能源化工,INE,LU0
2021-08-31,3424.0,3440.0,3378.0,3413.0,33419,25962,3410.0,低硫燃料油,能源化工,INE,LU0
2021-09-01,3399.0,3502.0,3370.0,3485.0,47956,27818,3427.0,低硫燃料油,能源化工,INE,LU0
2021-09-02,3450.0,3462.0,3375.0,3437.0,35572,24294,3409.0,低硫燃料油,能源化工,INE,LU0
2021-09-03,3469.0,3520.0,3456.0,3481.0,26844,22530,3487.0,低硫燃料油,能源化工,INE,LU0
2021-09-06,3479.0,3489.0,3381.0,3389.0,39639,42755,3422.0,低硫燃料油,能源化工,INE,LU0
2021-09-07,3420.0,3480.0,3408.0,3462.0,36373,46779,3457.0,低硫燃料油,能源化工,INE,LU0
2021-09-08,3439.0,3459.0,3391.0,3444.0,42715,46679,3432.0,低硫燃料油,能源化工,INE,LU0
2021-09-09,3452.0,3495.0,3437.0,3466.0,42690,50046,3471.0,低硫燃料油,能源化工,INE,LU0
2021-09-10,3432.0,3488.0,3374.0,3424.0,59848,50092,3418.0,低硫燃料油,能源化工,INE,LU0
2021-09-13,3463.0,3557.0,3461.0,3529.0,58913,58513,3517.0,低硫燃料油,能源化工,INE,LU0
2021-09-14,3547.0,3558.0,3499.0,3535.0,39650,58683,3527.0,低硫燃料油,能源化工,INE,LU0
2021-09-15,3536.0,3555.0,3491.0,3547.0,41384,57749,3523.0,低硫燃料油,能源化工,INE,LU0
2021-09-16,3598.0,3624.0,3545.0,3562.0,51941,56544,3580.0,低硫燃料油,能源化工,INE,LU0
2021-09-17,3527.0,3626.0,3527.0,3581.0,53926,57122,3581.0,低硫燃料油,能源化工,INE,LU0
2021-09-22,3520.0,3635.0,3520.0,3630.0,40807,60549,3598.0,低硫燃料油,能源化工,INE,LU0
2021-09-23,3624.0,3697.0,3600.0,3652.0,54543,62707,3655.0,低硫燃料油,能源化工,INE,LU0
2021-09-24,3650.0,3711.0,3605.0,3671.0,58936,60269,3650.0,低硫燃料油,能源化工,INE,LU0
2021-09-27,3653.0,3761.0,3630.0,3686.0,60401,43710,3689.0,低硫燃料油,能源化工,INE,LU0
2021-09-28,3703.0,3790.0,3675.0,3777.0,62677,32583,3734.0,低硫燃料油,能源化工,INE,LU0
2021-09-29,4000.0,4000.0,3586.0,3596.0,81903,19461,3673.0,低硫燃料油,能源化工,INE,LU0
2021-09-30,3611.0,3685.0,3595.0,3643.0,50684,13361,3638.0,低硫燃料油,能源化工,INE,LU0
2021-10-08,3863.0,3918.0,3818.0,3880.0,28283,14429,3870.0,低硫燃料油,能源化工,INE,LU0
2021-10-11,3880.0,3935.0,3844.0,3894.0,56173,62620,3884.0,低硫燃料油,能源化工,INE,LU0
2021-10-12,3937.0,3961.0,3879.0,3926.0,55318,65645,3919.0,低硫燃料油,能源化工,INE,LU0
2021-10-13,3919.0,3970.0,3853.0,3921.0,74400,64675,3910.0,低硫燃料油,能源化工,INE,LU0
2021-10-14,3890.0,3990.0,3846.0,3950.0,71723,64678,3906.0,低硫燃料油,能源化工,INE,LU0
2021-10-15,3958.0,4054.0,3920.0,4028.0,84677,68644,3993.0,低硫燃料油,能源化工,INE,LU0
2021-10-18,4025.0,4045.0,3968.0,3998.0,77002,73720,4003.0,低硫燃料油,能源化工,INE,LU0
2021-10-19,4001.0,4014.0,3874.0,3935.0,72287,68845,3933.0,低硫燃料油,能源化工,INE,LU0
2021-10-20,3925.0,3948.0,3837.0,3906.0,73612,65560,3908.0,低硫燃料油,能源化工,INE,LU0
2021-10-21,3905.0,4043.0,3880.0,3908.0,74177,62438,3952.0,低硫燃料油,能源化工,INE,LU0
2021-10-22,3946.0,4023.0,3870.0,3918.0,105764,56068,3940.0,低硫燃料油,能源化工,INE,LU0
2021-10-25,3968.0,4017.0,3910.0,3985.0,85647,55692,3976.0,低硫燃料油,能源化工,INE,LU0
2021-10-26,4000.0,4018.0,3923.0,3950.0,73936,39283,3972.0,低硫燃料油,能源化工,INE,LU0
2021-10-27,3985.0,3985.0,3882.0,3887.0,72025,32014,3933.0,低硫燃料油,能源化工,INE,LU0
2021-10-28,3874.0,3940.0,3688.0,3778.0,98765,21392,3812.0,低硫燃料油,能源化工,INE,LU0
2021-10-29,3760.0,3875.0,3732.0,3872.0,53224,17667,3816.0,低硫燃料油,能源化工,INE,LU0
2021-11-01,3821.0,3860.0,3779.0,3802.0,56036,16865,3817.0,低硫燃料油,能源化工,INE,LU0
2021-11-02,3832.0,3917.0,3826.0,3892.0,51391,15181,3888.0,低硫燃料油,能源化工,INE,LU0
2021-11-03,3910.0,3910.0,3768.0,3821.0,58127,15590,3813.0,低硫燃料油,能源化工,INE,LU0
2021-11-04,3762.0,3787.0,3677.0,3702.0,61613,15389,3736.0,低硫燃料油,能源化工,INE,LU0
2021-11-05,3775.0,3859.0,3678.0,3711.0,74633,12359,3774.0,低硫燃料油,能源化工,INE,LU0
2021-11-08,3723.0,3899.0,3721.0,3868.0,50485,11796,3817.0,低硫燃料油,能源化工,INE,LU0
2021-11-09,3855.0,3879.0,3829.0,3846.0,37791,13286,3853.0,低硫燃料油,能源化工,INE,LU0
2021-11-10,3853.0,3970.0,3845.0,3949.0,45389,13471,3902.0,低硫燃料油,能源化工,INE,LU0
2021-11-11,3910.0,3944.0,3793.0,3818.0,38377,13794,3857.0,低硫燃料油,能源化工,INE,LU0
2021-11-12,3781.0,3856.0,3766.0,3802.0,38782,12350,3811.0,低硫燃料油,能源化工,INE,LU0
2021-11-15,3764.0,3805.0,3689.0,3709.0,41747,11848,3755.0,低硫燃料油,能源化工,INE,LU0
2021-11-16,3677.0,3791.0,3656.0,3778.0,38104,11699,3716.0,低硫燃料油,能源化工,INE,LU0
2021-11-17,3779.0,3784.0,3702.0,3710.0,32014,11993,3733.0,低硫燃料油,能源化工,INE,LU0
2021-11-18,3724.0,3744.0,3625.0,3631.0,33554,12044,3678.0,低硫燃料油,能源化工,INE,LU0
2021-11-19,3631.0,3770.0,3627.0,3748.0,45571,46004,3708.0,低硫燃料油,能源化工,INE,LU0
2021-11-22,3610.0,3650.0,3552.0,3575.0,67945,46734,3596.0,低硫燃料油,能源化工,INE,LU0
2021-11-23,3551.0,3634.0,3548.0,3590.0,54744,46468,3586.0,低硫燃料油,能源化工,INE,LU0
2021-11-24,3617.0,3768.0,3610.0,3768.0,63893,44950,3693.0,低硫燃料油,能源化工,INE,LU0
2021-11-25,3753.0,3785.0,3725.0,3750.0,56405,42226,3754.0,低硫燃料油,能源化工,INE,LU0
2021-11-26,3764.0,3772.0,3632.0,3636.0,50076,28697,3716.0,低硫燃料油,能源化工,INE,LU0
2021-11-29,3568.0,3581.0,3418.0,3426.0,80710,28288,3501.0,低硫燃料油,能源化工,INE,LU0
2021-11-30,3446.0,3473.0,3230.0,3253.0,97894,28538,3360.0,低硫燃料油,能源化工,INE,LU0
2021-12-01,3263.0,3307.0,3188.0,3299.0,81218,29637,3251.0,低硫燃料油,能源化工,INE,LU0
2021-12-02,3320.0,3349.0,3233.0,3310.0,82588,25841,3291.0,低硫燃料油,能源化工,INE,LU0
2021-12-03,3266.0,3419.0,3199.0,3395.0,92501,23521,3309.0,低硫燃料油,能源化工,INE,LU0
2021-12-06,3429.0,3444.0,3376.0,3385.0,51241,21140,3405.0,低硫燃料油,能源化工,INE,LU0
2021-12-07,3390.0,3475.0,3351.0,3452.0,38855,19954,3426.0,低硫燃料油,能源化工,INE,LU0
2021-12-08,3492.0,3523.0,3462.0,3474.0,30904,19148,3489.0,低硫燃料油,能源化工,INE,LU0
2021-12-09,3498.0,3541.0,3462.0,3513.0,32103,17970,3496.0,低硫燃料油,能源化工,INE,LU0
2021-12-10,3453.0,3495.0,3400.0,3461.0,32959,17573,3468.0,低硫燃料油,能源化工,INE,LU0
2021-12-13,3497.0,3745.0,3496.0,3577.0,32275,16169,3551.0,低硫燃料油,能源化工,INE,LU0
2021-12-14,3518.0,3546.0,3482.0,3521.0,24255,16917,3514.0,低硫燃料油,能源化工,INE,LU0
2021-12-15,3503.0,3528.0,3444.0,3448.0,25291,16514,3473.0,低硫燃料油,能源化工,INE,LU0
2021-12-16,3421.0,3553.0,3410.0,3520.0,39036,36642,3498.0,低硫燃料油,能源化工,INE,LU0
2021-12-17,3490.0,3538.0,3488.0,3530.0,31202,38416,3511.0,低硫燃料油,能源化工,INE,LU0
2021-12-20,3496.0,3514.0,3316.0,3332.0,53576,40652,3400.0,低硫燃料油,能源化工,INE,LU0
2021-12-21,3289.0,3408.0,3289.0,3382.0,45961,39862,3358.0,低硫燃料油,能源化工,INE,LU0
2021-12-22,3386.0,3519.0,3365.0,3480.0,54842,41812,3453.0,低硫燃料油,能源化工,INE,LU0
2021-12-23,3491.0,3582.0,3466.0,3562.0,45137,42686,3534.0,低硫燃料油,能源化工,INE,LU0
2021-12-24,3545.0,3601.0,3537.0,3596.0,33268,41274,3567.0,低硫燃料油,能源化工,INE,LU0
2021-12-27,3585.0,3677.0,3548.0,3556.0,50389,32689,3589.0,低硫燃料油,能源化工,INE,LU0
2021-12-28,3563.0,3732.0,3540.0,3706.0,40549,33164,3652.0,低硫燃料油,能源化工,INE,LU0
2021-12-29,3731.0,3746.0,3683.0,3697.0,41308,28710,3707.0,低硫燃料油,能源化工,INE,LU0
2021-12-30,3678.0,3712.0,3656.0,3684.0,40560,20214,0.0,低硫燃料油,能源化工,INE,LU0
2021-12-31,3668.0,3728.0,3654.0,3702.0,28947,17776,3681.0,低硫燃料油,能源化工,INE,LU0
2022-01-04,3670.0,3679.0,3622.0,3647.0,34076,43712,3641.0,低硫燃料油,能源化工,INE,LU0
2022-01-05,3657.0,3730.0,3638.0,3691.0,43719,47450,3679.0,低硫燃料油,能源化工,INE,LU0
2022-01-06,3709.0,3723.0,3641.0,3654.0,40035,49688,3678.0,低硫燃料油,能源化工,INE,LU0
2022-01-07,3698.0,3797.0,3698.0,3797.0,53755,57448,3771.0,低硫燃料油,能源化工,INE,LU0
2022-01-10,3780.0,3789.0,3715.0,3742.0,44036,57291,3752.0,低硫燃料油,能源化工,INE,LU0
2022-01-11,3721.0,3771.0,3713.0,3759.0,37245,60166,3747.0,低硫燃料油,能源化工,INE,LU0
2022-01-12,3794.0,3878.0,3770.0,3833.0,45915,59693,3820.0,低硫燃料油,能源化工,INE,LU0
2022-01-13,3846.0,3909.0,3837.0,3872.0,35052,60056,3873.0,低硫燃料油,能源化工,INE,LU0
2022-01-14,3862.0,3908.0,3853.0,3901.0,37422,58711,3880.0,低硫燃料油,能源化工,INE,LU0
2022-01-17,3909.0,3977.0,3883.0,3960.0,51682,61899,3937.0,低硫燃料油,能源化工,INE,LU0
2022-01-18,3944.0,4035.0,3922.0,4029.0,55635,64245,3983.0,低硫燃料油,能源化工,INE,LU0
2022-01-19,4010.0,4105.0,4004.0,4059.0,51683,64572,4054.0,低硫燃料油,能源化工,INE,LU0
2022-01-20,4056.0,4090.0,4013.0,4054.0,46326,64438,4056.0,低硫燃料油,能源化工,INE,LU0
2022-01-21,4051.0,4066.0,3940.0,4007.0,55704,61017,4002.0,低硫燃料油,能源化工,INE,LU0
2022-01-24,4015.0,4101.0,4004.0,4050.0,50080,60315,4049.0,低硫燃料油,能源化工,INE,LU0
2022-01-25,4021.0,4036.0,3935.0,3979.0,57554,55863,3981.0,低硫燃料油,能源化工,INE,LU0
2022-01-26,3961.0,4018.0,3930.0,4013.0,56630,38096,3979.0,低硫燃料油,能源化工,INE,LU0
2022-01-27,4045.0,4104.0,4045.0,4059.0,49011,32473,4065.0,低硫燃料油,能源化工,INE,LU0
2022-01-28,4115.0,4149.0,4009.0,4033.0,52241,22775,4080.0,低硫燃料油,能源化工,INE,LU0
2022-02-07,4280.0,4352.0,4215.0,4313.0,34865,23120,4309.0,低硫燃料油,能源化工,INE,LU0
2022-02-08,4290.0,4306.0,4226.0,4268.0,34027,20673,4268.0,低硫燃料油,能源化工,INE,LU0
2022-02-09,4151.0,4187.0,4117.0,4118.0,38986,55350,4157.0,低硫燃料油,能源化工,INE,LU0
2022-02-10,4145.0,4231.0,4128.0,4208.0,43643,57304,4190.0,低硫燃料油,能源化工,INE,LU0
2022-02-11,4245.0,4300.0,4201.0,4218.0,50983,58367,4243.0,低硫燃料油,能源化工,INE,LU0
2022-02-14,4280.0,4447.0,4260.0,4422.0,56661,63506,4367.0,低硫燃料油,能源化工,INE,LU0
2022-02-15,4352.0,4421.0,4322.0,4382.0,53358,61768,4363.0,低硫燃料油,能源化工,INE,LU0
2022-02-16,4282.0,4311.0,4172.0,4203.0,74603,57961,4227.0,低硫燃料油,能源化工,INE,LU0
2022-02-17,4248.0,4284.0,4154.0,4220.0,66115,58412,4226.0,低硫燃料油,能源化工,INE,LU0
2022-02-18,4206.0,4261.0,4167.0,4174.0,68015,56133,4207.0,低硫燃料油,能源化工,INE,LU0
2022-02-21,4126.0,4243.0,4105.0,4213.0,72607,55081,4168.0,低硫燃料油,能源化工,INE,LU0
2022-02-22,4236.0,4378.0,4222.0,4367.0,58958,52843,4313.0,低硫燃料油,能源化工,INE,LU0
2022-02-23,4377.0,4380.0,4283.0,4340.0,51408,49641,4330.0,低硫燃料油,能源化工,INE,LU0
2022-02-24,4328.0,4550.0,4296.0,4497.0,85611,39847,4386.0,低硫燃料油,能源化工,INE,LU0
2022-02-25,4606.0,4609.0,4379.0,4419.0,87291,36615,4494.0,低硫燃料油,能源化工,INE,LU0
2022-02-28,4374.0,4543.0,4240.0,4533.0,94083,30857,4377.0,低硫燃料油,能源化工,INE,LU0
2022-03-01,4481.0,4558.0,4395.0,4554.0,52391,24421,4493.0,低硫燃料油,能源化工,INE,LU0
2022-03-02,4689.0,4852.0,4625.0,4852.0,63971,24883,4745.0,低硫燃料油,能源化工,INE,LU0
2022-03-03,4879.0,5222.0,4868.0,5181.0,112202,22197,5048.0,低硫燃料油,能源化工,INE,LU0
2022-03-04,5135.0,5199.0,4947.0,5050.0,69668,18719,5060.0,低硫燃料油,能源化工,INE,LU0
2022-03-07,5148.0,5464.0,5075.0,5464.0,34055,18425,5232.0,低硫燃料油,能源化工,INE,LU0
2022-03-08,5380.0,5836.0,5255.0,5702.0,69713,15284,5524.0,低硫燃料油,能源化工,INE,LU0
2022-03-09,5651.0,6032.0,5651.0,5957.0,51662,14682,5859.0,低硫燃料油,能源化工,INE,LU0
2022-03-10,5686.0,5700.0,5097.0,5150.0,60932,11144,5397.0,低硫燃料油,能源化工,INE,LU0
2022-03-11,5261.0,5476.0,5016.0,5115.0,62689,11272,5252.0,低硫燃料油,能源化工,INE,LU0
2022-03-14,5095.0,5150.0,4966.0,5143.0,51564,11508,5062.0,低硫燃料油,能源化工,INE,LU0
2022-03-15,5047.0,5114.0,4591.0,4596.0,63692,10780,4834.0,低硫燃料油,能源化工,INE,LU0
2022-03-16,4576.0,4673.0,4444.0,4604.0,70280,9798,4559.0,低硫燃料油,能源化工,INE,LU0
2022-03-17,4600.0,4690.0,4403.0,4570.0,58817,9711,4533.0,低硫燃料油,能源化工,INE,LU0
2022-03-18,4745.0,5024.0,4730.0,4998.0,63663,10064,4886.0,低硫燃料油,能源化工,INE,LU0
2022-03-21,4892.0,5169.0,4832.0,5115.0,54358,9821,4991.0,低硫燃料油,能源化工,INE,LU0
2022-03-22,5081.0,5327.0,5071.0,5212.0,87275,37074,5213.0,低硫燃料油,能源化工,INE,LU0
2022-03-23,5174.0,5239.0,5015.0,5148.0,91277,37846,5132.0,低硫燃料油,能源化工,INE,LU0
2022-03-24,5301.0,5443.0,5255.0,5270.0,84854,38567,5342.0,低硫燃料油,能源化工,INE,LU0
2022-03-25,5340.0,5380.0,5184.0,5320.0,86655,34014,5302.0,低硫燃料油,能源化工,INE,LU0
2022-03-28,5171.0,5305.0,5102.0,5197.0,101324,27766,5219.0,低硫燃料油,能源化工,INE,LU0
2022-03-29,5137.0,5144.0,4970.0,5052.0,88588,24993,5052.0,低硫燃料油,能源化工,INE,LU0
2022-03-30,4800.0,5089.0,4750.0,5083.0,92483,21192,4909.0,低硫燃料油,能源化工,INE,LU0
2022-03-31,5106.0,5170.0,4912.0,5010.0,78092,18776,5049.0,低硫燃料油,能源化工,INE,LU0
2022-04-01,4950.0,5080.0,4876.0,4884.0,70643,17338,4975.0,低硫燃料油,能源化工,INE,LU0
2022-04-06,4951.0,5111.0,4951.0,5085.0,35233,18421,5052.0,低硫燃料油,能源化工,INE,LU0
2022-04-07,5121.0,5121.0,4760.0,4828.0,57080,16864,4897.0,低硫燃料油,能源化工,INE,LU0
2022-04-08,4830.0,4875.0,4723.0,4837.0,50584,15891,4795.0,低硫燃料油,能源化工,INE,LU0
2022-04-11,4850.0,4936.0,4765.0,4931.0,45831,15717,4840.0,低硫燃料油,能源化工,INE,LU0
2022-04-12,4832.0,4967.0,4744.0,4866.0,57468,13144,4852.0,低硫燃料油,能源化工,INE,LU0
2022-04-13,4916.0,5074.0,4902.0,5025.0,50186,11484,5003.0,低硫燃料油,能源化工,INE,LU0
2022-04-14,5100.0,5235.0,5045.0,5163.0,46149,11398,5145.0,低硫燃料油,能源化工,INE,LU0
2022-04-15,5138.0,5414.0,5122.0,5396.0,41266,10921,5280.0,低硫燃料油,能源化工,INE,LU0
2022-04-18,5374.0,5520.0,5241.0,5282.0,48601,8813,5360.0,低硫燃料油,能源化工,INE,LU0
2022-04-19,5201.0,5273.0,5133.0,5148.0,67605,33050,5197.0,低硫燃料油,能源化工,INE,LU0
2022-04-20,5068.0,5129.0,5015.0,5089.0,62877,34157,5069.0,低硫燃料油,能源化工,INE,LU0
2022-04-21,5060.0,5156.0,5029.0,5152.0,54127,35006,5093.0,低硫燃料油,能源化工,INE,LU0
2022-04-22,5133.0,5256.0,5077.0,5167.0,67027,35882,5154.0,低硫燃料油,能源化工,INE,LU0
2022-04-25,5180.0,5204.0,4938.0,4968.0,70074,34319,5052.0,低硫燃料油,能源化工,INE,LU0
2022-04-26,4925.0,5069.0,4864.0,4995.0,78863,25632,4971.0,低硫燃料油,能源化工,INE,LU0
2022-04-27,5026.0,5190.0,5008.0,5171.0,69862,25709,5106.0,低硫燃料油,能源化工,INE,LU0
2022-04-28,5115.0,5199.0,5060.0,5161.0,62922,22985,5115.0,低硫燃料油,能源化工,INE,LU0
2022-04-29,5140.0,5510.0,5140.0,5488.0,97585,22131,5362.0,低硫燃料油,能源化工,INE,LU0
2022-05-05,5557.0,5674.0,5556.0,5653.0,43216,24396,5631.0,低硫燃料油,能源化工,INE,LU0
2022-05-06,5690.0,5767.0,5578.0,5687.0,75563,25573,5687.0,低硫燃料油,能源化工,INE,LU0
2022-05-09,5718.0,5823.0,5626.0,5715.0,87636,26685,5719.0,低硫燃料油,能源化工,INE,LU0
2022-05-10,5642.0,5736.0,5352.0,5496.0,90618,22431,5543.0,低硫燃料油,能源化工,INE,LU0
2022-05-11,5490.0,5578.0,5350.0,5494.0,77749,20537,5503.0,低硫燃料油,能源化工,INE,LU0
2022-05-12,5527.0,5614.0,5426.0,5489.0,69599,19273,5535.0,低硫燃料油,能源化工,INE,LU0
2022-05-13,5500.0,5731.0,5471.0,5665.0,60790,19864,5627.0,低硫燃料油,能源化工,INE,LU0
2022-05-16,5726.0,5868.0,5688.0,5783.0,62489,20284,5763.0,低硫燃料油,能源化工,INE,LU0
2022-05-17,5824.0,6086.0,5789.0,5971.0,71260,23586,5944.0,低硫燃料油,能源化工,INE,LU0
2022-05-18,6000.0,6084.0,5880.0,5897.0,61260,23261,5985.0,低硫燃料油,能源化工,INE,LU0
2022-05-19,5965.0,6008.0,5764.0,5954.0,64224,22355,5899.0,低硫燃料油,能源化工,INE,LU0
2022-05-20,5788.0,5907.0,5696.0,5834.0,64976,19919,5816.0,低硫燃料油,能源化工,INE,LU0
2022-05-23,5846.0,5971.0,5814.0,5915.0,38720,19115,5894.0,低硫燃料油,能源化工,INE,LU0
2022-05-24,5910.0,5922.0,5730.0,5784.0,41701,17714,5803.0,低硫燃料油,能源化工,INE,LU0
2022-05-25,5825.0,6032.0,5801.0,6014.0,47686,18610,5925.0,低硫燃料油,能源化工,INE,LU0
2022-05-26,6034.0,6255.0,6015.0,6244.0,57055,19266,6112.0,低硫燃料油,能源化工,INE,LU0
2022-05-27,5879.0,6064.0,5867.0,6019.0,106386,49067,6001.0,低硫燃料油,能源化工,INE,LU0
2022-05-30,6032.0,6265.0,5993.0,6113.0,128919,44920,6129.0,低硫燃料油,能源化工,INE,LU0
2022-05-31,6128.0,6293.0,6081.0,6240.0,95884,45912,6181.0,低硫燃料油,能源化工,INE,LU0
2022-06-01,6230.0,6248.0,5940.0,6023.0,108053,40417,6073.0,低硫燃料油,能源化工,INE,LU0
2022-06-02,6000.0,6106.0,5859.0,6010.0,93963,37537,5990.0,低硫燃料油,能源化工,INE,LU0
2022-06-06,6300.0,6355.0,6234.0,6298.0,50260,37798,6294.0,低硫燃料油,能源化工,INE,LU0
2022-06-07,6293.0,6483.0,6283.0,6448.0,87719,42135,6396.0,低硫燃料油,能源化工,INE,LU0
2022-06-08,6411.0,6571.0,6332.0,6571.0,89510,39740,6471.0,低硫燃料油,能源化工,INE,LU0
2022-06-09,6605.0,6815.0,6574.0,6717.0,132128,37548,6699.0,低硫燃料油,能源化工,INE,LU0
2022-06-10,6712.0,6766.0,6524.0,6618.0,119457,33065,6628.0,低硫燃料油,能源化工,INE,LU0
2022-06-13,6619.0,6655.0,6410.0,6496.0,100456,29500,6529.0,低硫燃料油,能源化工,INE,LU0
2022-06-14,6490.0,6588.0,6293.0,6545.0,110848,28091,6472.0,低硫燃料油,能源化工,INE,LU0
2022-06-15,6577.0,6590.0,6308.0,6313.0,94739,27168,6445.0,低硫燃料油,能源化工,INE,LU0
2022-06-16,6315.0,6332.0,6110.0,6130.0,99418,26230,6196.0,低硫燃料油,能源化工,INE,LU0
2022-06-17,6098.0,6295.0,5981.0,6277.0,112562,25648,6128.0,低硫燃料油,能源化工,INE,LU0
2022-06-20,6216.0,6260.0,5885.0,5934.0,120359,24094,6038.0,低硫燃料油,能源化工,INE,LU0
2022-06-21,5910.0,6194.0,5864.0,6065.0,99457,21815,6034.0,低硫燃料油,能源化工,INE,LU0
2022-06-22,6089.0,6164.0,5821.0,5842.0,97477,21887,5976.0,低硫燃料油,能源化工,INE,LU0
2022-06-23,5782.0,5930.0,5703.0,5930.0,95493,20097,5821.0,低硫燃料油,能源化工,INE,LU0
2022-06-24,5941.0,5976.0,5750.0,5865.0,78054,20111,5870.0,低硫燃料油,能源化工,INE,LU0
2022-06-27,5935.0,6032.0,5808.0,5891.0,60715,19455,5927.0,低硫燃料油,能源化工,INE,LU0
2022-06-28,5750.0,5954.0,5702.0,5905.0,88588,37267,5839.0,低硫燃料油,能源化工,INE,LU0
2022-06-29,5916.0,5997.0,5823.0,5948.0,107409,37469,5901.0,低硫燃料油,能源化工,INE,LU0
2022-06-30,6069.0,6223.0,6005.0,6041.0,122235,39955,6111.0,低硫燃料油,能源化工,INE,LU0
2022-07-01,6045.0,6100.0,5818.0,5875.0,131257,40706,5935.0,低硫燃料油,能源化工,INE,LU0
2022-07-04,6027.0,6039.0,5834.0,5951.0,108996,40050,5935.0,低硫燃料油,能源化工,INE,LU0
2022-07-05,6022.0,6181.0,5930.0,6040.0,103265,41488,6061.0,低硫燃料油,能源化工,INE,LU0
2022-07-06,5968.0,5980.0,5423.0,5620.0,208965,44014,5664.0,低硫燃料油,能源化工,INE,LU0
2022-07-07,5575.0,5590.0,5021.0,5105.0,300036,49544,5230.0,低硫燃料油,能源化工,INE,LU0
2022-07-08,5180.0,5319.0,5132.0,5200.0,221534,48649,5238.0,低硫燃料油,能源化工,INE,LU0
2022-07-11,5196.0,5285.0,4994.0,5276.0,260129,60396,5186.0,低硫燃料油,能源化工,INE,LU0
2022-07-12,5203.0,5494.0,5168.0,5378.0,206505,62062,5350.0,低硫燃料油,能源化工,INE,LU0
2022-07-13,5285.0,5315.0,5051.0,5227.0,266727,68561,5178.0,低硫燃料油,能源化工,INE,LU0
2022-07-14,5127.0,5193.0,4880.0,5045.0,276027,73423,5037.0,低硫燃料油,能源化工,INE,LU0
2022-07-15,5018.0,5211.0,4832.0,5101.0,291781,75379,5017.0,低硫燃料油,能源化工,INE,LU0
2022-07-18,5229.0,5454.0,5129.0,5438.0,241096,69434,5264.0,低硫燃料油,能源化工,INE,LU0
2022-07-19,5470.0,5571.0,5381.0,5448.0,201919,70952,5468.0,低硫燃料油,能源化工,INE,LU0
2022-07-20,5361.0,5526.0,5285.0,5445.0,167096,72250,5409.0,低硫燃料油,能源化工,INE,LU0
2022-07-21,5420.0,5455.0,5300.0,5300.0,202737,72168,5369.0,低硫燃料油,能源化工,INE,LU0
2022-07-22,5150.0,5366.0,5117.0,5308.0,196491,69917,5233.0,低硫燃料油,能源化工,INE,LU0
2022-07-25,5170.0,5303.0,4992.0,5000.0,223302,64437,5185.0,低硫燃料油,能源化工,INE,LU0
2022-07-26,5133.0,5389.0,5071.0,5334.0,190702,59593,5241.0,低硫燃料油,能源化工,INE,LU0
2022-07-27,5370.0,5394.0,5197.0,5263.0,135489,58171,5277.0,低硫燃料油,能源化工,INE,LU0
2022-07-28,5291.0,5533.0,5237.0,5488.0,172341,51385,5392.0,低硫燃料油,能源化工,INE,LU0
2022-07-29,5500.0,5532.0,5366.0,5462.0,131517,46257,5455.0,低硫燃料油,能源化工,INE,LU0
2022-08-01,5522.0,5665.0,5420.0,5445.0,143454,40984,5517.0,低硫燃料油,能源化工,INE,LU0
2022-08-02,5370.0,5377.0,5154.0,5262.0,145775,36110,5253.0,低硫燃料油,能源化工,INE,LU0
2022-08-03,5240.0,5267.0,5111.0,5155.0,107141,34410,5187.0,低硫燃料油,能源化工,INE,LU0
2022-08-04,5291.0,5291.0,4869.0,4869.0,109564,35269,5076.0,低硫燃料油,能源化工,INE,LU0
2022-08-05,4920.0,4954.0,4847.0,4850.0,92019,34675,4903.0,低硫燃料油,能源化工,INE,LU0
2022-08-08,4828.0,5068.0,4763.0,5068.0,110784,30508,4930.0,低硫燃料油,能源化工,INE,LU0
2022-08-09,4992.0,5088.0,4955.0,5011.0,65988,29512,5011.0,低硫燃料油,能源化工,INE,LU0
2022-08-10,5100.0,5123.0,4974.0,4990.0,57067,28215,5048.0,低硫燃料油,能源化工,INE,LU0
2022-08-11,5035.0,5220.0,4958.0,5180.0,71011,25499,5102.0,低硫燃料油,能源化工,INE,LU0
2022-08-12,4900.0,5024.0,4846.0,5018.0,85202,36892,4932.0,低硫燃料油,能源化工,INE,LU0
2022-08-15,4959.0,4982.0,4813.0,4873.0,88549,36509,4896.0,低硫燃料油,能源化工,INE,LU0
2022-08-16,4700.0,4765.0,4669.0,4718.0,85650,36207,4716.0,低硫燃料油,能源化工,INE,LU0
2022-08-17,4710.0,4788.0,4630.0,4702.0,89031,34029,4724.0,低硫燃料油,能源化工,INE,LU0
2022-08-18,4671.0,4898.0,4671.0,4884.0,105411,36497,4793.0,低硫燃料油,能源化工,INE,LU0
2022-08-19,4953.0,4980.0,4851.0,4896.0,109099,35153,4907.0,低硫燃料油,能源化工,INE,LU0
2022-08-22,4863.0,5033.0,4860.0,4942.0,102414,34973,4966.0,低硫燃料油,能源化工,INE,LU0
2022-08-23,4979.0,5098.0,4830.0,5093.0,119666,36148,4957.0,低硫燃料油,能源化工,INE,LU0
2022-08-24,5104.0,5206.0,5082.0,5200.0,95111,38497,5131.0,低硫燃料油,能源化工,INE,LU0
2022-08-25,5212.0,5364.0,5198.0,5309.0,110851,38664,5291.0,低硫燃料油,能源化工,INE,LU0
2022-08-26,5300.0,5309.0,5178.0,5244.0,88577,36677,5238.0,低硫燃料油,能源化工,INE,LU0
2022-08-29,5190.0,5209.0,5099.0,5141.0,122379,33482,5156.0,低硫燃料油,能源化工,INE,LU0
2022-08-30,5169.0,5271.0,5128.0,5251.0,92454,32742,5214.0,低硫燃料油,能源化工,INE,LU0
2022-08-31,5175.0,5189.0,5004.0,5091.0,99525,28152,5090.0,低硫燃料油,能源化工,INE,LU0
2022-09-01,4968.0,4971.0,4680.0,4701.0,101605,27801,4857.0,低硫燃料油,能源化工,INE,LU0
2022-09-02,4665.0,4682.0,4563.0,4605.0,72084,25589,4620.0,低硫燃料油,能源化工,INE,LU0
2022-09-05,4673.0,4862.0,4640.0,4818.0,78826,24012,4727.0,低硫燃料油,能源化工,INE,LU0
2022-09-06,4872.0,4935.0,4738.0,4783.0,74714,22158,4843.0,低硫燃料油,能源化工,INE,LU0
2022-09-07,4700.0,4758.0,4553.0,4638.0,82486,15977,4645.0,低硫燃料油,能源化工,INE,LU0
2022-09-08,4660.0,4660.0,4415.0,4443.0,84095,14140,4528.0,低硫燃料油,能源化工,INE,LU0
2022-09-09,4483.0,4550.0,4439.0,4468.0,58576,10606,4486.0,低硫燃料油,能源化工,INE,LU0
2022-09-13,4655.0,4700.0,4552.0,4660.0,57022,21328,4620.0,低硫燃料油,能源化工,INE,LU0
2022-09-14,4632.0,4777.0,4628.0,4688.0,94179,23566,4700.0,低硫燃料油,能源化工,INE,LU0
2022-09-15,4701.0,4821.0,4701.0,4765.0,84829,27102,4773.0,低硫燃料油,能源化工,INE,LU0
2022-09-16,4699.0,4700.0,4492.0,4524.0,117874,24202,4558.0,低硫燃料油,能源化工,INE,LU0
2022-09-19,4518.0,4620.0,4488.0,4498.0,87710,23344,4555.0,低硫燃料油,能源化工,INE,LU0
2022-09-20,4434.0,4659.0,4417.0,4598.0,77275,22441,4554.0,低硫燃料油,能源化工,INE,LU0
2022-09-21,4605.0,4644.0,4453.0,4637.0,95161,23097,4529.0,低硫燃料油,能源化工,INE,LU0
2022-09-22,4604.0,4637.0,4475.0,4539.0,93962,21468,4574.0,低硫燃料油,能源化工,INE,LU0
2022-09-23,4629.0,4648.0,4503.0,4554.0,106418,21617,4570.0,低硫燃料油,能源化工,INE,LU0
2022-09-26,4451.0,4596.0,4381.0,4465.0,110992,18068,4457.0,低硫燃料油,能源化工,INE,LU0
2022-09-27,4511.0,4618.0,4452.0,4509.0,76889,14749,4539.0,低硫燃料油,能源化工,INE,LU0
2022-09-28,4378.0,4431.0,4254.0,4315.0,102378,26276,4339.0,低硫燃料油,能源化工,INE,LU0
2022-09-29,4440.0,4547.0,4372.0,4507.0,80871,21036,4465.0,低硫燃料油,能源化工,INE,LU0
2022-09-30,4548.0,4567.0,4466.0,4510.0,75935,17878,4508.0,低硫燃料油,能源化工,INE,LU0
2022-10-10,5100.0,5100.0,4934.0,5034.0,67368,17543,5010.0,低硫燃料油,能源化工,INE,LU0
2022-10-11,5041.0,5065.0,4922.0,4972.0,57050,19582,4984.0,低硫燃料油,能源化工,INE,LU0
2022-10-12,4855.0,4877.0,4744.0,4816.0,91513,61754,4794.0,低硫燃料油,能源化工,INE,LU0
2022-10-13,4786.0,4789.0,4654.0,4710.0,103222,64979,4713.0,低硫燃料油,能源化工,INE,LU0
2022-10-14,4658.0,4852.0,4648.0,4832.0,116149,69005,4781.0,低硫燃料油,能源化工,INE,LU0
2022-10-17,4770.0,4798.0,4696.0,4743.0,97784,66484,4748.0,低硫燃料油,能源化工,INE,LU0
2022-10-18,4761.0,4826.0,4722.0,4781.0,112437,75535,4781.0,低硫燃料油,能源化工,INE,LU0
2022-10-19,4751.0,4760.0,4584.0,4670.0,161031,73054,4650.0,低硫燃料油,能源化工,INE,LU0
2022-10-20,4696.0,4835.0,4656.0,4773.0,154204,78347,4747.0,低硫燃料油,能源化工,INE,LU0
2022-10-21,4771.0,4837.0,4705.0,4723.0,129573,75294,4770.0,低硫燃料油,能源化工,INE,LU0
2022-10-24,4748.0,4856.0,4691.0,4721.0,156103,69330,4754.0,低硫燃料油,能源化工,INE,LU0
2022-10-25,4690.0,4881.0,4677.0,4813.0,167667,68557,4808.0,低硫燃料油,能源化工,INE,LU0
2022-10-26,4786.0,4857.0,4645.0,4665.0,166893,47174,4741.0,低硫燃料油,能源化工,INE,LU0
2022-10-27,4745.0,4828.0,4676.0,4766.0,139509,39773,4767.0,低硫燃料油,能源化工,INE,LU0
2022-10-28,4825.0,4848.0,4743.0,4754.0,124581,39821,4798.0,低硫燃料油,能源化工,INE,LU0
2022-10-31,4788.0,4788.0,4580.0,4643.0,147755,33530,4687.0,低硫燃料油,能源化工,INE,LU0
2022-11-01,4626.0,4824.0,4568.0,4813.0,137064,32908,4700.0,低硫燃料油,能源化工,INE,LU0
2022-11-02,4836.0,4867.0,4752.0,4801.0,94522,32612,4809.0,低硫燃料油,能源化工,INE,LU0
2022-11-03,4779.0,4816.0,4703.0,4790.0,90318,31915,4758.0,低硫燃料油,能源化工,INE,LU0
2022-11-04,4765.0,4928.0,4718.0,4920.0,120527,32924,4818.0,低硫燃料油,能源化工,INE,LU0
2022-11-07,4970.0,4992.0,4877.0,4905.0,100264,27933,4924.0,低硫燃料油,能源化工,INE,LU0
2022-11-08,4908.0,4959.0,4858.0,4922.0,66944,26841,4903.0,低硫燃料油,能源化工,INE,LU0
2022-11-09,4919.0,4964.0,4780.0,4843.0,95409,24335,4860.0,低硫燃料油,能源化工,INE,LU0
2022-11-10,4816.0,4845.0,4698.0,4725.0,84755,19483,4760.0,低硫燃料油,能源化工,INE,LU0
2022-11-11,4711.0,4884.0,4707.0,4870.0,94207,16920,4809.0,低硫燃料油,能源化工,INE,LU0
2022-11-14,4888.0,4902.0,4744.0,4778.0,68359,17198,4829.0,低硫燃料油,能源化工,INE,LU0
2022-11-15,4767.0,4786.0,4616.0,4639.0,75021,15891,4685.0,低硫燃料油,能源化工,INE,LU0
2022-11-16,4512.0,4569.0,4443.0,4511.0,92811,59401,4508.0,低硫燃料油,能源化工,INE,LU0
2022-11-17,4560.0,4560.0,4381.0,4439.0,108529,63394,4452.0,低硫燃料油,能源化工,INE,LU0
2022-11-18,4392.0,4408.0,4214.0,4261.0,142957,71121,4296.0,低硫燃料油,能源化工,INE,LU0
2022-11-21,4198.0,4218.0,4085.0,4159.0,157125,74691,4155.0,低硫燃料油,能源化工,INE,LU0
2022-11-22,4165.0,4270.0,4010.0,4247.0,175242,69923,4184.0,低硫燃料油,能源化工,INE,LU0
2022-11-23,4299.0,4362.0,4273.0,4312.0,129012,64364,4312.0,低硫燃料油,能源化工,INE,LU0
2022-11-24,4252.0,4252.0,4154.0,4170.0,155055,68196,4195.0,低硫燃料油,能源化工,INE,LU0
2022-11-25,4200.0,4345.0,4179.0,4326.0,131924,59325,4271.0,低硫燃料油,能源化工,INE,LU0
2022-11-28,4354.0,4382.0,4101.0,4130.0,122713,58215,4199.0,低硫燃料油,能源化工,INE,LU0
2022-11-29,4133.0,4500.0,4121.0,4416.0,158607,50318,4305.0,低硫燃料油,能源化工,INE,LU0
2022-11-30,4417.0,4430.0,4302.0,4363.0,128966,38079,4358.0,低硫燃料油,能源化工,INE,LU0
2022-12-01,4399.0,4424.0,4291.0,4320.0,113901,37726,4349.0,低硫燃料油,能源化工,INE,LU0
2022-12-02,4372.0,4393.0,4215.0,4330.0,108324,35197,4329.0,低硫燃料油,能源化工,INE,LU0
2022-12-05,4358.0,4496.0,4297.0,4307.0,135716,34487,4392.0,低硫燃料油,能源化工,INE,LU0
2022-12-06,4357.0,4401.0,4147.0,4208.0,103808,32867,4257.0,低硫燃料油,能源化工,INE,LU0
2022-12-07,4150.0,4156.0,3964.0,3993.0,134981,36387,4067.0,低硫燃料油,能源化工,INE,LU0
2022-12-08,3998.0,4047.0,3895.0,3947.0,109526,35324,3967.0,低硫燃料油,能源化工,INE,LU0
2022-12-09,3980.0,4018.0,3890.0,3911.0,101421,34509,3958.0,低硫燃料油,能源化工,INE,LU0
2022-12-12,3720.0,3768.0,3660.0,3695.0,167626,79052,3719.0,低硫燃料油,能源化工,INE,LU0
2022-12-13,3652.0,3810.0,3588.0,3806.0,200213,78170,3699.0,低硫燃料油,能源化工,INE,LU0
2022-12-14,3789.0,3877.0,3757.0,3837.0,169972,74104,3832.0,低硫燃料油,能源化工,INE,LU0
2022-12-15,3882.0,3974.0,3854.0,3961.0,164220,73084,3925.0,低硫燃料油,能源化工,INE,LU0
2022-12-16,3962.0,3988.0,3880.0,3925.0,160699,75590,3931.0,低硫燃料油,能源化工,INE,LU0
2022-12-19,3888.0,3968.0,3787.0,3846.0,185627,77876,3873.0,低硫燃料油,能源化工,INE,LU0
2022-12-20,3850.0,4047.0,3850.0,3982.0,167583,78872,3968.0,低硫燃料油,能源化工,INE,LU0
2022-12-21,3982.0,3985.0,3907.0,3972.0,147590,74645,3949.0,低硫燃料油,能源化工,INE,LU0
2022-12-22,4053.0,4075.0,3980.0,4000.0,139678,72371,4026.0,低硫燃料油,能源化工,INE,LU0
2022-12-23,4029.0,4043.0,3904.0,3919.0,141998,64107,3973.0,低硫燃料油,能源化工,INE,LU0
2022-12-26,3941.0,4150.0,3941.0,4124.0,154125,56479,4070.0,低硫燃料油,能源化工,INE,LU0
2022-12-27,4093.0,4179.0,4063.0,4120.0,96687,47188,4119.0,低硫燃料油,能源化工,INE,LU0
2022-12-28,4115.0,4205.0,4104.0,4104.0,119962,40950,4152.0,低硫燃料油,能源化工,INE,LU0
2022-12-29,4090.0,4120.0,4000.0,4036.0,117945,36819,4058.0,低硫燃料油,能源化工,INE,LU0
2022-12-30,4066.0,4149.0,4015.0,4134.0,110164,38614,4077.0,低硫燃料油,能源化工,INE,LU0
2023-01-03,4172.0,4184.0,4052.0,4113.0,74020,35066,4104.0,低硫燃料油,能源化工,INE,LU0
2023-01-04,4072.0,4088.0,3821.0,3855.0,119474,31232,3925.0,低硫燃料油,能源化工,INE,LU0
2023-01-05,3796.0,3844.0,3763.0,3768.0,84008,31245,3806.0,低硫燃料油,能源化工,INE,LU0
2023-01-06,3787.0,3834.0,3742.0,3789.0,101287,31028,3790.0,低硫燃料油,能源化工,INE,LU0
2023-01-09,3755.0,3813.0,3703.0,3744.0,95666,29722,3754.0,低硫燃料油,能源化工,INE,LU0
2023-01-10,3796.0,3806.0,3665.0,3704.0,86040,28719,3727.0,低硫燃料油,能源化工,INE,LU0
2023-01-11,3746.0,3791.0,3710.0,3780.0,92871,21846,3750.0,低硫燃料油,能源化工,INE,LU0
2023-01-12,3820.0,3980.0,3818.0,3941.0,92510,21743,3913.0,低硫燃料油,能源化工,INE,LU0
2023-01-13,3971.0,3976.0,3917.0,3968.0,74463,22042,3948.0,低硫燃料油,能源化工,INE,LU0
2023-01-16,3984.0,4099.0,3961.0,4054.0,88077,22066,4038.0,低硫燃料油,能源化工,INE,LU0
2023-01-17,4058.0,4137.0,4046.0,4134.0,61715,19584,4087.0,低硫燃料油,能源化工,INE,LU0
2023-01-18,4190.0,4270.0,4171.0,4254.0,76220,17705,4236.0,低硫燃料油,能源化工,INE,LU0
2023-01-19,4283.0,4300.0,4106.0,4185.0,56391,13994,4190.0,低硫燃料油,能源化工,INE,LU0
2023-01-20,4185.0,4325.0,4185.0,4276.0,62054,12091,4258.0,低硫燃料油,能源化工,INE,LU0
2023-01-30,4325.0,4368.0,4254.0,4261.0,77222,46189,4318.0,低硫燃料油,能源化工,INE,LU0
2023-01-31,4261.0,4277.0,4126.0,4189.0,104438,40115,4196.0,低硫燃料油,能源化工,INE,LU0
2023-02-01,4188.0,4298.0,4167.0,4221.0,69217,39767,4219.0,低硫燃料油,能源化工,INE,LU0
2023-02-02,4240.0,4305.0,4095.0,4110.0,88794,33191,4189.0,低硫燃料油,能源化工,INE,LU0
2023-02-03,4086.0,4118.0,4028.0,4080.0,71146,28694,4073.0,低硫燃料油,能源化工,INE,LU0
2023-02-06,4056.0,4075.0,3878.0,3958.0,101966,23165,3964.0,低硫燃料油,能源化工,INE,LU0
2023-02-07,3991.0,4090.0,3964.0,4080.0,83009,22814,4030.0,低硫燃料油,能源化工,INE,LU0
2023-02-08,4063.0,4164.0,4025.0,4148.0,65293,19884,4096.0,低硫燃料油,能源化工,INE,LU0
2023-02-09,4166.0,4259.0,4155.0,4253.0,76399,19446,4208.0,低硫燃料油,能源化工,INE,LU0
2023-02-10,4225.0,4240.0,4183.0,4208.0,56652,18588,4214.0,低硫燃料油,能源化工,INE,LU0
2023-02-13,4288.0,4300.0,4192.0,4209.0,49029,16721,4230.0,低硫燃料油,能源化工,INE,LU0
2023-02-14,4205.0,4234.0,4161.0,4223.0,72798,78012,4198.0,低硫燃料油,能源化工,INE,LU0
2023-02-15,4198.0,4202.0,4100.0,4162.0,130506,75972,4153.0,低硫燃料油,能源化工,INE,LU0
2023-02-16,4145.0,4198.0,4113.0,4172.0,101993,84146,4158.0,低硫燃料油,能源化工,INE,LU0
2023-02-17,4152.0,4154.0,4010.0,4042.0,139235,77711,4076.0,低硫燃料油,能源化工,INE,LU0
2023-02-20,3989.0,4085.0,3940.0,4080.0,119363,79226,4009.0,低硫燃料油,能源化工,INE,LU0
2023-02-21,4072.0,4099.0,4002.0,4024.0,77908,75582,4045.0,低硫燃料油,能源化工,INE,LU0
2023-02-22,4040.0,4061.0,3954.0,3961.0,111811,71535,4001.0,低硫燃料油,能源化工,INE,LU0
2023-02-23,3960.0,3962.0,3832.0,3883.0,123279,70048,3906.0,低硫燃料油,能源化工,INE,LU0
2023-02-24,3937.0,4021.0,3908.0,4001.0,135207,56768,3966.0,低硫燃料油,能源化工,INE,LU0
2023-02-27,4010.0,4050.0,3914.0,3951.0,141840,38480,3980.0,低硫燃料油,能源化工,INE,LU0
2023-02-28,3960.0,4023.0,3943.0,4019.0,79995,32043,3981.0,低硫燃料油,能源化工,INE,LU0
2023-03-01,4033.0,4085.0,3986.0,4062.0,87378,28603,4050.0,低硫燃料油,能源化工,INE,LU0
2023-03-02,4010.0,4055.0,3990.0,4032.0,78254,26981,4016.0,低硫燃料油,能源化工,INE,LU0
2023-03-03,4052.0,4070.0,4028.0,4036.0,67188,27399,4050.0,低硫燃料油,能源化工,INE,LU0
2023-03-06,4031.0,4098.0,3953.0,4063.0,102008,25849,4023.0,低硫燃料油,能源化工,INE,LU0
2023-03-07,4043.0,4218.0,4043.0,4171.0,98763,26883,4140.0,低硫燃料油,能源化工,INE,LU0
2023-03-08,4152.0,4192.0,4048.0,4099.0,81106,22851,4118.0,低硫燃料油,能源化工,INE,LU0
2023-03-09,4090.0,4094.0,3983.0,4035.0,69705,23441,4021.0,低硫燃料油,能源化工,INE,LU0
2023-03-10,4035.0,4073.0,3871.0,3875.0,80176,22424,3975.0,低硫燃料油,能源化工,INE,LU0
2023-03-13,3910.0,3989.0,3887.0,3954.0,67760,19832,3935.0,低硫燃料油,能源化工,INE,LU0
2023-03-14,3800.0,3885.0,3760.0,3789.0,118317,88826,3813.0,低硫燃料油,能源化工,INE,LU0
2023-03-15,3781.0,3829.0,3731.0,3737.0,117443,94152,3776.0,低硫燃料油,能源化工,INE,LU0
2023-03-16,3633.0,3649.0,3542.0,3575.0,173420,95876,3593.0,低硫燃料油,能源化工,INE,LU0
2023-03-17,3580.0,3645.0,3509.0,3621.0,140366,94412,3577.0,低硫燃料油,能源化工,INE,LU0
2023-03-20,3580.0,3655.0,3552.0,3560.0,134254,93590,3605.0,低硫燃料油,能源化工,INE,LU0
2023-03-21,3610.0,3645.0,3572.0,3614.0,123264,91034,3602.0,低硫燃料油,能源化工,INE,LU0
2023-03-22,3668.0,3710.0,3641.0,3683.0,132350,85760,3674.0,低硫燃料油,能源化工,INE,LU0
2023-03-23,3702.0,3739.0,3687.0,3692.0,114135,82602,3706.0,低硫燃料油,能源化工,INE,LU0
2023-03-24,3704.0,3754.0,3632.0,3725.0,151184,73377,3695.0,低硫燃料油,能源化工,INE,LU0
2023-03-27,3648.0,3727.0,3623.0,3725.0,145716,54925,3669.0,低硫燃料油,能源化工,INE,LU0
2023-03-28,3740.0,3815.0,3715.0,3759.0,105279,41625,3756.0,低硫燃料油,能源化工,INE,LU0
2023-03-29,3759.0,3828.0,3740.0,3781.0,79840,27887,3779.0,低硫燃料油,能源化工,INE,LU0
2023-03-30,3773.0,3834.0,3760.0,3804.0,76304,22256,3797.0,低硫燃料油,能源化工,INE,LU0
2023-03-31,3834.0,3885.0,3807.0,3837.0,60699,20204,3842.0,低硫燃料油,能源化工,INE,LU0
2023-04-03,3849.0,4093.0,3844.0,4063.0,76555,16908,3986.0,低硫燃料油,能源化工,INE,LU0
2023-04-04,4034.0,4465.0,4000.0,4113.0,108014,85054,4069.0,低硫燃料油,能源化工,INE,LU0
2023-04-06,4073.0,4113.0,4044.0,4089.0,68105,89760,4080.0,低硫燃料油,能源化工,INE,LU0
2023-04-07,4108.0,4210.0,4089.0,4175.0,127297,93008,4147.0,低硫燃料油,能源化工,INE,LU0
2023-04-10,4177.0,4200.0,4096.0,4111.0,99844,91949,4141.0,低硫燃料油,能源化工,INE,LU0
2023-04-11,4079.0,4130.0,4061.0,4115.0,102810,97620,4096.0,低硫燃料油,能源化工,INE,LU0
2023-04-12,4083.0,4169.0,4083.0,4154.0,84826,98649,4131.0,低硫燃料油,能源化工,INE,LU0
2023-04-13,4160.0,4177.0,4111.0,4153.0,103659,100811,4144.0,低硫燃料油,能源化工,INE,LU0
2023-04-14,4160.0,4191.0,4113.0,4130.0,98728,99551,4152.0,低硫燃料油,能源化工,INE,LU0
2023-04-17,4147.0,4179.0,4088.0,4152.0,118586,92276,4143.0,低硫燃料油,能源化工,INE,LU0
2023-04-18,4099.0,4122.0,4043.0,4069.0,176912,119839,4083.0,低硫燃料油,能源化工,INE,LU0
2023-04-19,4041.0,4088.0,4016.0,4059.0,228808,126050,4054.0,低硫燃料油,能源化工,INE,LU0
2023-04-20,4032.0,4032.0,3920.0,3920.0,205841,125865,3970.0,低硫燃料油,能源化工,INE,LU0
2023-04-21,3900.0,3909.0,3830.0,3852.0,232512,126089,3859.0,低硫燃料油,能源化工,INE,LU0
2023-04-24,3885.0,3931.0,3846.0,3850.0,205454,124588,3891.0,低硫燃料油,能源化工,INE,LU0
2023-04-25,3880.0,4028.0,3865.0,4000.0,198624,127761,3974.0,低硫燃料油,能源化工,INE,LU0
2023-04-26,3964.0,3983.0,3898.0,3933.0,118812,126406,3933.0,低硫燃料油,能源化工,INE,LU0
2023-04-27,3890.0,3896.0,3762.0,3771.0,157459,126445,3825.0,低硫燃料油,能源化工,INE,LU0
2023-04-28,3777.0,3868.0,3773.0,3840.0,112329,124971,3821.0,低硫燃料油,能源化工,INE,LU0
2023-05-04,3600.0,3635.0,3558.0,3615.0,128047,127310,3594.0,低硫燃料油,能源化工,INE,LU0
2023-05-05,3571.0,3610.0,3536.0,3596.0,134278,132647,3576.0,低硫燃料油,能源化工,INE,LU0
2023-05-08,3642.0,3725.0,3625.0,3709.0,161904,135724,3696.0,低硫燃料油,能源化工,INE,LU0
2023-05-09,3758.0,3801.0,3726.0,3732.0,121294,135052,3764.0,低硫燃料油,能源化工,INE,LU0
2023-05-10,3747.0,3794.0,3717.0,3747.0,104601,130953,3752.0,低硫燃料油,能源化工,INE,LU0
2023-05-11,3785.0,3785.0,3707.0,3747.0,128756,127913,3750.0,低硫燃料油,能源化工,INE,LU0
2023-05-12,3710.0,3732.0,3634.0,3664.0,163712,124218,3683.0,低硫燃料油,能源化工,INE,LU0
2023-05-15,3703.0,3767.0,3626.0,3661.0,153025,124937,3695.0,低硫燃料油,能源化工,INE,LU0
2023-05-16,3680.0,3805.0,3680.0,3746.0,146887,129550,3753.0,低硫燃料油,能源化工,INE,LU0
2023-05-17,3770.0,3806.0,3725.0,3757.0,135952,122843,3764.0,低硫燃料油,能源化工,INE,LU0
2023-05-18,3800.0,4000.0,3798.0,3981.0,192020,130912,3920.0,低硫燃料油,能源化工,INE,LU0
2023-05-19,3940.0,3958.0,3883.0,3950.0,140371,117134,3920.0,低硫燃料油,能源化工,INE,LU0
2023-05-22,3999.0,4009.0,3806.0,3834.0,140328,112918,3882.0,低硫燃料油,能源化工,INE,LU0
2023-05-23,3873.0,3924.0,3851.0,3874.0,118672,108799,3886.0,低硫燃料油,能源化工,INE,LU0
2023-05-24,3904.0,3983.0,3882.0,3967.0,134286,109976,3944.0,低硫燃料油,能源化工,INE,LU0
2023-05-25,3968.0,4029.0,3950.0,3990.0,140026,97248,3983.0,低硫燃料油,能源化工,INE,LU0
2023-05-26,3958.0,3958.0,3868.0,3920.0,144652,66779,3909.0,低硫燃料油,能源化工,INE,LU0
2023-05-29,3950.0,4016.0,3920.0,3961.0,125254,46927,3964.0,低硫燃料油,能源化工,INE,LU0
2023-05-30,3895.0,3992.0,3880.0,3925.0,98458,35067,3929.0,低硫燃料油,能源化工,INE,LU0
2023-05-31,3895.0,3895.0,3781.0,3816.0,105466,28765,3825.0,低硫燃料油,能源化工,INE,LU0
2023-06-01,3739.0,3837.0,3731.0,3833.0,89044,23279,3797.0,低硫燃料油,能源化工,INE,LU0
2023-06-02,3811.0,3897.0,3765.0,3889.0,63491,20500,3826.0,低硫燃料油,能源化工,INE,LU0
2023-06-05,3886.0,3944.0,3852.0,3921.0,129465,129324,3904.0,低硫燃料油,能源化工,INE,LU0
2023-06-06,3948.0,3977.0,3878.0,3896.0,139372,138345,3927.0,低硫燃料油,能源化工,INE,LU0
2023-06-07,3877.0,3953.0,3870.0,3923.0,145846,148444,3908.0,低硫燃料油,能源化工,INE,LU0
2023-06-08,3972.0,4030.0,3929.0,4016.0,152507,166079,3978.0,低硫燃料油,能源化工,INE,LU0
2023-06-09,4023.0,4023.0,3893.0,3916.0,148341,163363,3946.0,低硫燃料油,能源化工,INE,LU0
2023-06-12,3940.0,3979.0,3835.0,3841.0,158319,165985,3892.0,低硫燃料油,能源化工,INE,LU0
2023-06-13,3800.0,3863.0,3773.0,3852.0,152729,164173,3815.0,低硫燃料油,能源化工,INE,LU0
2023-06-14,3905.0,4004.0,3896.0,3992.0,170212,176392,3959.0,低硫燃料油,能源化工,INE,LU0
2023-06-15,3990.0,3996.0,3876.0,3913.0,157576,171347,3928.0,低硫燃料油,能源化工,INE,LU0
2023-06-16,3940.0,4041.0,3930.0,4021.0,160678,189618,3991.0,低硫燃料油,能源化工,INE,LU0
2023-06-19,4040.0,4054.0,4003.0,4049.0,138347,189286,4027.0,低硫燃料油,能源化工,INE,LU0
2023-06-20,4094.0,4129.0,4052.0,4055.0,143937,187565,4076.0,低硫燃料油,能源化工,INE,LU0
2023-06-21,4040.0,4088.0,3985.0,4054.0,157820,180509,4046.0,低硫燃料油,能源化工,INE,LU0
2023-06-26,4003.0,4048.0,3961.0,4046.0,145556,137158,4002.0,低硫燃料油,能源化工,INE,LU0
2023-06-27,4011.0,4044.0,3978.0,3996.0,167551,100785,4010.0,低硫燃料油,能源化工,INE,LU0
2023-06-28,3970.0,3990.0,3896.0,3938.0,176016,70634,3941.0,低硫燃料油,能源化工,INE,LU0
2023-06-29,3946.0,4038.0,3921.0,4021.0,127742,54552,3981.0,低硫燃料油,能源化工,INE,LU0
2023-06-30,3987.0,4066.0,3987.0,4050.0,91389,46973,4037.0,低硫燃料油,能源化工,INE,LU0
2023-07-03,4066.0,4079.0,4033.0,4037.0,92148,40336,4056.0,低硫燃料油,能源化工,INE,LU0
2023-07-04,4076.0,4078.0,3974.0,4007.0,95696,32910,4015.0,低硫燃料油,能源化工,INE,LU0
2023-07-05,4040.0,4058.0,4020.0,4031.0,49837,31702,4039.0,低硫燃料油,能源化工,INE,LU0
2023-07-06,4017.0,4035.0,3963.0,3967.0,139959,174547,4004.0,低硫燃料油,能源化工,INE,LU0
2023-07-07,3961.0,4012.0,3907.0,4004.0,188928,170948,3959.0,低硫燃料油,能源化工,INE,LU0
2023-07-10,3996.0,4085.0,3955.0,4014.0,163475,173797,4025.0,低硫燃料油,能源化工,INE,LU0
2023-07-11,4021.0,4048.0,3993.0,3997.0,129832,175070,4016.0,低硫燃料油,能源化工,INE,LU0
2023-07-12,3957.0,4063.0,3957.0,4031.0,146803,173729,4021.0,低硫燃料油,能源化工,INE,LU0
2023-07-13,4051.0,4103.0,4031.0,4086.0,175518,185768,4062.0,低硫燃料油,能源化工,INE,LU0
2023-07-14,4054.0,4147.0,4053.0,4064.0,156866,184617,4100.0,低硫燃料油,能源化工,INE,LU0
2023-07-17,4072.0,4082.0,3929.0,3941.0,189927,171359,3990.0,低硫燃料油,能源化工,INE,LU0
2023-07-18,3965.0,4032.0,3956.0,3990.0,142605,167279,4008.0,低硫燃料油,能源化工,INE,LU0
2023-07-19,3971.0,4070.0,3971.0,4061.0,132282,164292,4029.0,低硫燃料油,能源化工,INE,LU0
2023-07-20,4080.0,4122.0,4012.0,4038.0,164342,166872,4067.0,低硫燃料油,能源化工,INE,LU0
2023-07-21,4044.0,4100.0,4024.0,4081.0,145610,170118,4065.0,低硫燃料油,能源化工,INE,LU0
2023-07-24,4105.0,4162.0,4070.0,4131.0,183904,166222,4119.0,低硫燃料油,能源化工,INE,LU0
2023-07-25,4188.0,4242.0,4162.0,4202.0,188985,151578,4203.0,低硫燃料油,能源化工,INE,LU0
2023-07-26,4174.0,4249.0,4171.0,4232.0,153059,113628,4209.0,低硫燃料油,能源化工,INE,LU0
2023-07-27,4221.0,4280.0,4218.0,4258.0,153494,91700,4253.0,低硫燃料油,能源化工,INE,LU0
2023-07-28,4280.0,4299.0,4243.0,4270.0,153218,68548,4269.0,低硫燃料油,能源化工,INE,LU0
2023-07-31,4277.0,4287.0,4224.0,4253.0,126248,55205,4254.0,低硫燃料油,能源化工,INE,LU0
2023-08-01,4285.0,4358.0,4277.0,4318.0,117988,45888,4311.0,低硫燃料油,能源化工,INE,LU0
2023-08-02,4304.0,4399.0,4266.0,4350.0,94402,39710,4332.0,低硫燃料油,能源化工,INE,LU0
2023-08-03,4360.0,4408.0,4304.0,4326.0,120800,33762,4354.0,低硫燃料油,能源化工,INE,LU0
2023-08-04,4369.0,4483.0,4359.0,4430.0,116562,32000,4415.0,低硫燃料油,能源化工,INE,LU0
2023-08-07,4430.0,4478.0,4386.0,4411.0,132067,204005,4425.0,低硫燃料油,能源化工,INE,LU0
2023-08-08,4380.0,4427.0,4333.0,4336.0,135175,210139,4398.0,低硫燃料油,能源化工,INE,LU0
2023-08-09,4296.0,4425.0,4282.0,4419.0,129396,211674,4355.0,低硫燃料油,能源化工,INE,LU0
2023-08-10,4461.0,4534.0,4436.0,4498.0,145522,222362,4478.0,低硫燃料油,能源化工,INE,LU0
2023-08-11,4475.0,4489.0,4403.0,4407.0,137674,210517,4449.0,低硫燃料油,能源化工,INE,LU0
2023-08-14,4450.0,4457.0,4360.0,4366.0,163651,204685,4409.0,低硫燃料油,能源化工,INE,LU0
2023-08-15,4355.0,4492.0,4355.0,4474.0,154357,211345,4433.0,低硫燃料油,能源化工,INE,LU0
2023-08-16,4429.0,4462.0,4361.0,4380.0,142208,207004,4401.0,低硫燃料油,能源化工,INE,LU0
2023-08-17,4410.0,4440.0,4316.0,4371.0,142334,204566,4381.0,低硫燃料油,能源化工,INE,LU0
2023-08-18,4387.0,4413.0,4352.0,4363.0,132514,206063,4379.0,低硫燃料油,能源化工,INE,LU0
2023-08-21,4326.0,4502.0,4312.0,4477.0,189100,206820,4419.0,低硫燃料油,能源化工,INE,LU0
2023-08-22,4486.0,4486.0,4318.0,4340.0,161334,199075,4384.0,低硫燃料油,能源化工,INE,LU0
2023-08-23,4349.0,4387.0,4272.0,4290.0,136504,186500,4335.0,低硫燃料油,能源化工,INE,LU0
2023-08-24,4258.0,4273.0,4197.0,4240.0,183270,161167,4233.0,低硫燃料油,能源化工,INE,LU0
2023-08-25,4263.0,4343.0,4245.0,4324.0,174221,139576,4297.0,低硫燃料油,能源化工,INE,LU0
2023-08-28,4344.0,4456.0,4344.0,4415.0,205784,85948,0.0,低硫燃料油,能源化工,INE,LU0
2023-08-29,4393.0,4423.0,4334.0,4343.0,141763,68454,4376.0,低硫燃料油,能源化工,INE,LU0
2023-08-30,4368.0,4428.0,4331.0,4420.0,130628,56853,4380.0,低硫燃料油,能源化工,INE,LU0
2023-08-31,4402.0,4435.0,4369.0,4395.0,100537,48201,4400.0,低硫燃料油,能源化工,INE,LU0
2023-09-01,4440.0,4489.0,4397.0,4463.0,108878,43703,4444.0,低硫燃料油,能源化工,INE,LU0
2023-09-04,4500.0,4585.0,4478.0,4491.0,88932,41548,4507.0,低硫燃料油,能源化工,INE,LU0
2023-09-05,4475.0,4544.0,4461.0,4511.0,56129,38407,4509.0,低硫燃料油,能源化工,INE,LU0
2023-09-06,4470.0,4627.0,4470.0,4575.0,145305,190974,4586.0,低硫燃料油,能源化工,INE,LU0
2023-09-07,4575.0,4669.0,4567.0,4601.0,115452,185365,4608.0,低硫燃料油,能源化工,INE,LU0
2023-09-08,4613.0,4667.0,4580.0,4614.0,123989,189160,4622.0,低硫燃料油,能源化工,INE,LU0
2023-09-11,4683.0,4707.0,4613.0,4618.0,161360,184946,4654.0,低硫燃料油,能源化工,INE,LU0
2023-09-12,4630.0,4673.0,4620.0,4648.0,104643,187325,4647.0,低硫燃料油,能源化工,INE,LU0
2023-09-13,4707.0,4737.0,4682.0,4715.0,113163,191929,4708.0,低硫燃料油,能源化工,INE,LU0
2023-09-14,4715.0,4757.0,4694.0,4744.0,128171,196999,4725.0,低硫燃料油,能源化工,INE,LU0
2023-09-15,4800.0,4888.0,4791.0,4833.0,159487,200458,4831.0,低硫燃料油,能源化工,INE,LU0
2023-09-18,4806.0,4837.0,4737.0,4830.0,137039,196931,4790.0,低硫燃料油,能源化工,INE,LU0
2023-09-19,4838.0,4839.0,4757.0,4768.0,103963,191213,4785.0,低硫燃料油,能源化工,INE,LU0
2023-09-20,4815.0,4817.0,4692.0,4708.0,136565,184592,4750.0,低硫燃料油,能源化工,INE,LU0
2023-09-21,4717.0,4730.0,4656.0,4661.0,103183,175405,4692.0,低硫燃料油,能源化工,INE,LU0
2023-09-22,4726.0,4800.0,4722.0,4734.0,142200,164228,4764.0,低硫燃料油,能源化工,INE,LU0
2023-09-25,4764.0,4774.0,4674.0,4723.0,141502,136446,4718.0,低硫燃料油,能源化工,INE,LU0
2023-09-26,4698.0,4714.0,4581.0,4664.0,190615,71929,4684.0,低硫燃料油,能源化工,INE,LU0
2023-09-27,4681.0,4831.0,4668.0,4792.0,147702,47647,4757.0,低硫燃料油,能源化工,INE,LU0
2023-09-28,4843.0,4899.0,4791.0,4869.0,91980,41547,4839.0,低硫燃料油,能源化工,INE,LU0
2023-10-09,4551.0,4650.0,4494.0,4511.0,104405,31270,4560.0,低硫燃料油,能源化工,INE,LU0
2023-10-10,4519.0,4542.0,4467.0,4479.0,78385,26322,4508.0,低硫燃料油,能源化工,INE,LU0
2023-10-11,4499.0,4543.0,4470.0,4505.0,60596,21022,4491.0,低硫燃料油,能源化工,INE,LU0
2023-10-12,4397.0,4433.0,4346.0,4405.0,107284,145054,4385.0,低硫燃料油,能源化工,INE,LU0
2023-10-13,4475.0,4487.0,4421.0,4482.0,102704,149616,4463.0,低硫燃料油,能源化工,INE,LU0
2023-10-16,4588.0,4693.0,4558.0,4661.0,180392,163882,4622.0,低硫燃料油,能源化工,INE,LU0
2023-10-17,4690.0,4700.0,4588.0,4611.0,131531,164205,4635.0,低硫燃料油,能源化工,INE,LU0
2023-10-18,4614.0,4717.0,4607.0,4682.0,128484,163747,4666.0,低硫燃料油,能源化工,INE,LU0
2023-10-19,4669.0,4724.0,4648.0,4680.0,146488,163954,4688.0,低硫燃料油,能源化工,INE,LU0
2023-10-20,4667.0,4803.0,4661.0,4736.0,159209,159300,4734.0,低硫燃料油,能源化工,INE,LU0
2023-10-23,4740.0,4748.0,4613.0,4652.0,175590,144679,4679.0,低硫燃料油,能源化工,INE,LU0
2023-10-24,4670.0,4687.0,4569.0,4610.0,162339,132930,4622.0,低硫燃料油,能源化工,INE,LU0
2023-10-25,4595.0,4605.0,4490.0,4508.0,171822,114295,4537.0,低硫燃料油,能源化工,INE,LU0
2023-10-26,4534.0,4642.0,4513.0,4562.0,181406,68777,4564.0,低硫燃料油,能源化工,INE,LU0
2023-10-27,4495.0,4586.0,4486.0,4582.0,124017,57199,4547.0,低硫燃料油,能源化工,INE,LU0
2023-10-30,4570.0,4584.0,4507.0,4566.0,128472,48699,4549.0,低硫燃料油,能源化工,INE,LU0
2023-10-31,4566.0,4582.0,4488.0,4576.0,131050,49627,4536.0,低硫燃料油,能源化工,INE,LU0
2023-11-01,4577.0,4656.0,4537.0,4549.0,182118,34684,4593.0,低硫燃料油,能源化工,INE,LU0
2023-11-02,4624.0,4653.0,4555.0,4598.0,111384,33077,4607.0,低硫燃料油,能源化工,INE,LU0
2023-11-03,4580.0,4644.0,4531.0,4639.0,99158,32401,4580.0,低硫燃料油,能源化工,INE,LU0
2023-11-06,4660.0,4677.0,4531.0,4549.0,123781,27802,4592.0,低硫燃料油,能源化工,INE,LU0
2023-11-07,4570.0,4626.0,4498.0,4505.0,79365,25549,4572.0,低硫燃料油,能源化工,INE,LU0
2023-11-08,4353.0,4364.0,4233.0,4300.0,118688,160177,4302.0,低硫燃料油,能源化工,INE,LU0
2023-11-09,4246.0,4318.0,4235.0,4283.0,125599,165800,4275.0,低硫燃料油,能源化工,INE,LU0
2023-11-10,4304.0,4304.0,4222.0,4290.0,122184,163916,4264.0,低硫燃料油,能源化工,INE,LU0
2023-11-13,4310.0,4332.0,4252.0,4325.0,110082,163204,4291.0,低硫燃料油,能源化工,INE,LU0
2023-11-14,4350.0,4420.0,4329.0,4399.0,125789,166492,4375.0,低硫燃料油,能源化工,INE,LU0
2023-11-15,4385.0,4441.0,4362.0,4394.0,106363,167925,4395.0,低硫燃料油,能源化工,INE,LU0
2023-11-16,4379.0,4384.0,4267.0,4339.0,130988,165103,4318.0,低硫燃料油,能源化工,INE,LU0
2023-11-17,4331.0,4359.0,4178.0,4211.0,147282,165811,4258.0,低硫燃料油,能源化工,INE,LU0
2023-11-20,4256.0,4466.0,4254.0,4463.0,201289,171225,4378.0,低硫燃料油,能源化工,INE,LU0
2023-11-21,4497.0,4530.0,4434.0,4435.0,165289,176402,4487.0,低硫燃料油,能源化工,INE,LU0
2023-11-22,4440.0,4468.0,4391.0,4402.0,161572,170366,4427.0,低硫燃料油,能源化工,INE,LU0
2023-11-23,4323.0,4339.0,4193.0,4285.0,223592,148107,4255.0,低硫燃料油,能源化工,INE,LU0
2023-11-24,4291.0,4345.0,4231.0,4327.0,126986,133527,4290.0,低硫燃料油,能源化工,INE,LU0
2023-11-27,4290.0,4311.0,4163.0,4214.0,177508,94805,4238.0,低硫燃料油,能源化工,INE,LU0
2023-11-28,4195.0,4241.0,4161.0,4186.0,125406,74413,4207.0,低硫燃料油,能源化工,INE,LU0
2023-11-29,4218.0,4270.0,4183.0,4224.0,124945,51221,4220.0,低硫燃料油,能源化工,INE,LU0
2023-11-30,4275.0,4348.0,4241.0,4327.0,107752,39760,4288.0,低硫燃料油,能源化工,INE,LU0
2023-12-01,4355.0,4442.0,4235.0,4281.0,121409,30971,4343.0,低硫燃料油,能源化工,INE,LU0
2023-12-04,4236.0,4251.0,4085.0,4109.0,126053,162975,4159.0,低硫燃料油,能源化工,INE,LU0
2023-12-05,4100.0,4164.0,4099.0,4118.0,121227,164900,4132.0,低硫燃料油,能源化工,INE,LU0
2023-12-06,4102.0,4175.0,4059.0,4118.0,140483,166694,4112.0,低硫燃料油,能源化工,INE,LU0
2023-12-07,4080.0,4083.0,3933.0,3952.0,164385,167954,3996.0,低硫燃料油,能源化工,INE,LU0
2023-12-08,3977.0,3997.0,3886.0,3967.0,166453,165704,3952.0,低硫燃料油,能源化工,INE,LU0
2023-12-11,3969.0,4039.0,3967.0,4027.0,116745,155968,4002.0,低硫燃料油,能源化工,INE,LU0
2023-12-12,3995.0,4071.0,3993.0,4051.0,99985,154859,4031.0,低硫燃料油,能源化工,INE,LU0
2023-12-13,4002.0,4009.0,3867.0,3886.0,149270,164314,3938.0,低硫燃料油,能源化工,INE,LU0
2023-12-14,3932.0,3969.0,3908.0,3922.0,112124,153410,3925.0,低硫燃料油,能源化工,INE,LU0
2023-12-15,3975.0,4035.0,3968.0,4003.0,114662,148081,4003.0,低硫燃料油,能源化工,INE,LU0
2023-12-18,4014.0,4094.0,4004.0,4087.0,133960,150595,4049.0,低硫燃料油,能源化工,INE,LU0
2023-12-19,4091.0,4196.0,4091.0,4141.0,161100,148640,4151.0,低硫燃料油,能源化工,INE,LU0
2023-12-20,4131.0,4218.0,4125.0,4211.0,109519,150836,4175.0,低硫燃料油,能源化工,INE,LU0
2023-12-21,4249.0,4250.0,4160.0,4197.0,130958,146175,4211.0,低硫燃料油,能源化工,INE,LU0
2023-12-22,4150.0,4245.0,4127.0,4223.0,143407,136708,4186.0,低硫燃料油,能源化工,INE,LU0
2023-12-25,4225.0,4258.0,4123.0,4200.0,132197,128823,4195.0,低硫燃料油,能源化工,INE,LU0
2023-12-26,4212.0,4257.0,4189.0,4201.0,107602,99896,4216.0,低硫燃料油,能源化工,INE,LU0
2023-12-27,4213.0,4300.0,4213.0,4288.0,125312,89565,4274.0,低硫燃料油,能源化工,INE,LU0
2023-12-28,4264.0,4282.0,4215.0,4240.0,123831,70208,4243.0,低硫燃料油,能源化工,INE,LU0
2023-12-29,4201.0,4202.0,4065.0,4076.0,148992,49595,4126.0,低硫燃料油,能源化工,INE,LU0
2024-01-02,4096.0,4198.0,4094.0,4178.0,62939,45316,4156.0,低硫燃料油,能源化工,INE,LU0
2024-01-03,4183.0,4212.0,4079.0,4095.0,97388,99161,4141.0,低硫燃料油,能源化工,INE,LU0
2024-01-04,4120.0,4222.0,4096.0,4217.0,125985,101759,4171.0,低硫燃料油,能源化工,INE,LU0
2024-01-05,4198.0,4198.0,4098.0,4141.0,126755,101773,4141.0,低硫燃料油,能源化工,INE,LU0
2024-01-08,4140.0,4161.0,4050.0,4060.0,127144,95630,4103.0,低硫燃料油,能源化工,INE,LU0
2024-01-09,4028.0,4040.0,3966.0,4008.0,120204,90430,4016.0,低硫燃料油,能源化工,INE,LU0
2024-01-10,4090.0,4105.0,4037.0,4084.0,109430,81841,4079.0,低硫燃料油,能源化工,INE,LU0
2024-01-11,4105.0,4133.0,4014.0,4038.0,91471,79775,4072.0,低硫燃料油,能源化工,INE,LU0
2024-01-12,4075.0,4102.0,4049.0,4063.0,94115,84941,4073.0,低硫燃料油,能源化工,INE,LU0
2024-01-15,4118.0,4178.0,4042.0,4081.0,122104,86564,4110.0,低硫燃料油,能源化工,INE,LU0
2024-01-16,4030.0,4108.0,4006.0,4089.0,97769,81477,4053.0,低硫燃料油,能源化工,INE,LU0
2024-01-17,4120.0,4147.0,4087.0,4097.0,92176,85559,4115.0,低硫燃料油,能源化工,INE,LU0
2024-01-18,4077.0,4171.0,4072.0,4162.0,119832,90875,4122.0,低硫燃料油,能源化工,INE,LU0
2024-01-19,4145.0,4243.0,4116.0,4240.0,131149,102361,4189.0,低硫燃料油,能源化工,INE,LU0
2024-01-22,4222.0,4247.0,4175.0,4176.0,146265,103985,4202.0,低硫燃料油,能源化工,INE,LU0
2024-01-23,4195.0,4257.0,4192.0,4223.0,110597,106038,4222.0,低硫燃料油,能源化工,INE,LU0
2024-01-24,4190.0,4231.0,4147.0,4229.0,120492,107917,4186.0,低硫燃料油,能源化工,INE,LU0
2024-01-25,4220.0,4275.0,4208.0,4258.0,105117,104553,4240.0,低硫燃料油,能源化工,INE,LU0
2024-01-26,4285.0,4439.0,4278.0,4394.0,196091,114477,4370.0,低硫燃料油,能源化工,INE,LU0
2024-01-29,4388.0,4499.0,4364.0,4457.0,157583,101757,4426.0,低硫燃料油,能源化工,INE,LU0
2024-01-30,4446.0,4456.0,4386.0,4426.0,116385,83448,4423.0,低硫燃料油,能源化工,INE,LU0
2024-01-31,4401.0,4439.0,4345.0,4407.0,121653,74492,4391.0,低硫燃料油,能源化工,INE,LU0
2024-02-01,4375.0,4405.0,4310.0,4315.0,116603,62509,4355.0,低硫燃料油,能源化工,INE,LU0
2024-02-02,4308.0,4311.0,4160.0,4169.0,128133,55081,4242.0,低硫燃料油,能源化工,INE,LU0
2024-02-05,4161.0,4179.0,4118.0,4133.0,118583,49156,4150.0,低硫燃料油,能源化工,INE,LU0
2024-02-06,4147.0,4167.0,4111.0,4151.0,81355,42718,4151.0,低硫燃料油,能源化工,INE,LU0
2024-02-07,4161.0,4196.0,4160.0,4168.0,58179,38534,4172.0,低硫燃料油,能源化工,INE,LU0
2024-02-08,4186.0,4268.0,4186.0,4253.0,62187,33241,4221.0,低硫燃料油,能源化工,INE,LU0
2024-02-19,4422.0,4422.0,4351.0,4353.0,34955,31436,4382.0,低硫燃料油,能源化工,INE,LU0
2024-02-20,4398.0,4398.0,4365.0,4377.0,78145,97468,4383.0,低硫燃料油,能源化工,INE,LU0
2024-02-21,4344.0,4386.0,4338.0,4339.0,105434,109645,4360.0,低硫燃料油,能源化工,INE,LU0
2024-02-22,4325.0,4391.0,4325.0,4373.0,98942,115024,4364.0,低硫燃料油,能源化工,INE,LU0
2024-02-23,4360.0,4385.0,4341.0,4361.0,97372,117013,4363.0,低硫燃料油,能源化工,INE,LU0
2024-02-26,4335.0,4347.0,4268.0,4285.0,109547,109062,4300.0,低硫燃料油,能源化工,INE,LU0
2024-02-27,4283.0,4356.0,4282.0,4338.0,111262,93077,4323.0,低硫燃料油,能源化工,INE,LU0
2024-02-28,4325.0,4378.0,4325.0,4357.0,109867,74340,4355.0,低硫燃料油,能源化工,INE,LU0
2024-02-29,4347.0,4412.0,4335.0,4356.0,115944,72292,4375.0,低硫燃料油,能源化工,INE,LU0
2024-03-01,4360.0,4363.0,4300.0,4344.0,110360,65208,4327.0,低硫燃料油,能源化工,INE,LU0
2024-03-04,4394.0,4440.0,4377.0,4379.0,119396,64060,4403.0,低硫燃料油,能源化工,INE,LU0
2024-03-05,4384.0,4415.0,4342.0,4345.0,96788,59031,4384.0,低硫燃料油,能源化工,INE,LU0
2024-03-06,4312.0,4349.0,4279.0,4322.0,105576,54245,4320.0,低硫燃料油,能源化工,INE,LU0
2024-03-07,4335.0,4378.0,4335.0,4362.0,85165,53127,4360.0,低硫燃料油,能源化工,INE,LU0
2024-03-08,4363.0,4394.0,4312.0,4394.0,82302,52247,4344.0,低硫燃料油,能源化工,INE,LU0
2024-03-11,4340.0,4353.0,4244.0,4303.0,85262,46103,4304.0,低硫燃料油,能源化工,INE,LU0
2024-03-12,4281.0,4346.0,4262.0,4339.0,66271,42883,4307.0,低硫燃料油,能源化工,INE,LU0
2024-03-13,4301.0,4353.0,4301.0,4353.0,50127,40930,4325.0,低硫燃料油,能源化工,INE,LU0
2024-03-14,4400.0,4448.0,4384.0,4424.0,69070,40639,4416.0,低硫燃料油,能源化工,INE,LU0
2024-03-15,4462.0,4492.0,4432.0,4486.0,83294,120596,4467.0,低硫燃料油,能源化工,INE,LU0
2024-03-18,4480.0,4508.0,4444.0,4499.0,82999,124928,4477.0,低硫燃料油,能源化工,INE,LU0
2024-03-19,4495.0,4573.0,4490.0,4535.0,93586,133119,4535.0,低硫燃料油,能源化工,INE,LU0
2024-03-20,4524.0,4571.0,4524.0,4538.0,62804,133228,4546.0,低硫燃料油,能源化工,INE,LU0
2024-03-21,4499.0,4508.0,4460.0,4481.0,90882,126781,4483.0,低硫燃料油,能源化工,INE,LU0
2024-03-22,4460.0,4479.0,4435.0,4466.0,76443,120466,4454.0,低硫燃料油,能源化工,INE,LU0
2024-03-25,4505.0,4537.0,4476.0,4479.0,105281,112724,4503.0,低硫燃料油,能源化工,INE,LU0
2024-03-26,4474.0,4552.0,4474.0,4486.0,109657,110722,4513.0,低硫燃料油,能源化工,INE,LU0
2024-03-27,4500.0,4507.0,4432.0,4442.0,127749,84480,4464.0,低硫燃料油,能源化工,INE,LU0
2024-03-28,4445.0,4512.0,4445.0,4487.0,102388,78417,4486.0,低硫燃料油,能源化工,INE,LU0
2024-03-29,4530.0,4599.0,4513.0,4588.0,106175,79932,4555.0,低硫燃料油,能源化工,INE,LU0
2024-04-01,4608.0,4615.0,4551.0,4583.0,64437,76879,4584.0,低硫燃料油,能源化工,INE,LU0
2024-04-02,4591.0,4622.0,4546.0,4619.0,91354,75265,4583.0,低硫燃料油,能源化工,INE,LU0
2024-04-03,4644.0,4670.0,4617.0,4664.0,87988,68668,4646.0,低硫燃料油,能源化工,INE,LU0
2024-04-08,4635.0,4658.0,4579.0,4625.0,61677,63313,4615.0,低硫燃料油,能源化工,INE,LU0
2024-04-09,4641.0,4678.0,4599.0,4610.0,91588,59719,4637.0,低硫燃料油,能源化工,INE,LU0
2024-04-10,4600.0,4623.0,4563.0,4587.0,63085,54955,4593.0,低硫燃料油,能源化工,INE,LU0
2024-04-11,4599.0,4619.0,4557.0,4572.0,71237,51539,4585.0,低硫燃料油,能源化工,INE,LU0
2024-04-12,4545.0,4639.0,4544.0,4627.0,61132,47072,4592.0,低硫燃料油,能源化工,INE,LU0
2024-04-15,4662.0,4723.0,4590.0,4603.0,68934,42311,4657.0,低硫燃料油,能源化工,INE,LU0
2024-04-16,4601.0,4718.0,4571.0,4698.0,112214,130142,4653.0,低硫燃料油,能源化工,INE,LU0
2024-04-17,4678.0,4707.0,4639.0,4647.0,107479,130464,4675.0,低硫燃料油,能源化工,INE,LU0
2024-04-18,4610.0,4652.0,4516.0,4522.0,131597,118327,4567.0,低硫燃料油,能源化工,INE,LU0
2024-04-19,4531.0,4742.0,4518.0,4580.0,192868,121289,4617.0,低硫燃料油,能源化工,INE,LU0
2024-04-22,4520.0,4547.0,4461.0,4473.0,139716,111116,4501.0,低硫燃料油,能源化工,INE,LU0
2024-04-23,4489.0,4516.0,4454.0,4487.0,83698,108237,4488.0,低硫燃料油,能源化工,INE,LU0
2024-04-24,4455.0,4565.0,4440.0,4561.0,103375,98952,4513.0,低硫燃料油,能源化工,INE,LU0
2024-04-25,4544.0,4551.0,4511.0,4527.0,96065,92084,4526.0,低硫燃料油,能源化工,INE,LU0
2024-04-26,4514.0,4576.0,4444.0,4558.0,139745,86217,4497.0,低硫燃料油,能源化工,INE,LU0
2024-04-29,4580.0,4619.0,4518.0,4520.0,91733,75784,4560.0,低硫燃料油,能源化工,INE,LU0
2024-04-30,4521.0,4545.0,4464.0,4465.0,97412,67450,4496.0,低硫燃料油,能源化工,INE,LU0
2024-05-06,4280.0,4338.0,4245.0,4336.0,68299,65414,4295.0,低硫燃料油,能源化工,INE,LU0
2024-05-07,4338.0,4339.0,4301.0,4327.0,65065,63156,4318.0,低硫燃料油,能源化工,INE,LU0
2024-05-08,4300.0,4314.0,4275.0,4276.0,66104,63817,4294.0,低硫燃料油,能源化工,INE,LU0
2024-05-09,4276.0,4349.0,4259.0,4335.0,64757,60533,4304.0,低硫燃料油,能源化工,INE,LU0
2024-05-10,4336.0,4383.0,4316.0,4376.0,70688,55568,4345.0,低硫燃料油,能源化工,INE,LU0
2024-05-13,4390.0,4392.0,4254.0,4306.0,63834,53271,4310.0,低硫燃料油,能源化工,INE,LU0
2024-05-14,4325.0,4331.0,4298.0,4308.0,47283,48887,4314.0,低硫燃料油,能源化工,INE,LU0
2024-05-15,4268.0,4293.0,4251.0,4275.0,38608,47262,4273.0,低硫燃料油,能源化工,INE,LU0
2024-05-16,4218.0,4265.0,4163.0,4250.0,90392,86672,4216.0,低硫燃料油,能源化工,INE,LU0
2024-05-17,4235.0,4272.0,4220.0,4261.0,82094,85374,4246.0,低硫燃料油,能源化工,INE,LU0
2024-05-20,4272.0,4312.0,4242.0,4308.0,84109,87194,4278.0,低硫燃料油,能源化工,INE,LU0
2024-05-21,4273.0,4315.0,4240.0,4247.0,103512,89839,4273.0,低硫燃料油,能源化工,INE,LU0
2024-05-22,4216.0,4245.0,4133.0,4147.0,138301,89894,4187.0,低硫燃料油,能源化工,INE,LU0
2024-05-23,4141.0,4159.0,4078.0,4128.0,121338,89656,4122.0,低硫燃料油,能源化工,INE,LU0
2024-05-24,4170.0,4172.0,4091.0,4104.0,97895,90553,4133.0,低硫燃料油,能源化工,INE,LU0
2024-05-27,4105.0,4129.0,4093.0,4107.0,101164,86662,4109.0,低硫燃料油,能源化工,INE,LU0
2024-05-28,4128.0,4179.0,4121.0,4158.0,95787,82440,4150.0,低硫燃料油,能源化工,INE,LU0
2024-05-29,4174.0,4240.0,4164.0,4236.0,108777,79229,4200.0,低硫燃料油,能源化工,INE,LU0
2024-05-30,4230.0,4230.0,4151.0,4158.0,95173,76139,4189.0,低硫燃料油,能源化工,INE,LU0
2024-05-31,4148.0,4172.0,4053.0,4071.0,108905,74095,4104.0,低硫燃料油,能源化工,INE,LU0
2024-06-03,4095.0,4110.0,4017.0,4041.0,82695,74402,4073.0,低硫燃料油,能源化工,INE,LU0
2024-06-04,4045.0,4071.0,3926.0,3947.0,86232,71763,3987.0,低硫燃料油,能源化工,INE,LU0
2024-06-05,3923.0,3934.0,3894.0,3923.0,66922,69169,3913.0,低硫燃料油,能源化工,INE,LU0
2024-06-06,3944.0,3984.0,3919.0,3980.0,65069,64520,3950.0,低硫燃料油,能源化工,INE,LU0
2024-06-07,3961.0,4026.0,3960.0,4003.0,71719,55570,3995.0,低硫燃料油,能源化工,INE,LU0
2024-06-11,4088.0,4111.0,4038.0,4060.0,48084,49932,4074.0,低硫燃料油,能源化工,INE,LU0
2024-06-12,4080.0,4130.0,4058.0,4122.0,67780,86620,4099.0,低硫燃料油,能源化工,INE,LU0
2024-06-13,4141.0,4159.0,4099.0,4102.0,75960,85901,4129.0,低硫燃料油,能源化工,INE,LU0
2024-06-14,4110.0,4178.0,4104.0,4137.0,92756,88202,4138.0,低硫燃料油,能源化工,INE,LU0
2024-06-17,4185.0,4194.0,4133.0,4139.0,92793,89580,4160.0,低硫燃料油,能源化工,INE,LU0
2024-06-18,4168.0,4239.0,4165.0,4205.0,96662,91101,4205.0,低硫燃料油,能源化工,INE,LU0
2024-06-19,4213.0,4286.0,4210.0,4256.0,99314,93173,4256.0,低硫燃料油,能源化工,INE,LU0
2024-06-20,4271.0,4287.0,4238.0,4268.0,91674,93661,4260.0,低硫燃料油,能源化工,INE,LU0
2024-06-21,4284.0,4298.0,4264.0,4265.0,78778,92763,4279.0,低硫燃料油,能源化工,INE,LU0
2024-06-24,4285.0,4309.0,4239.0,4261.0,93475,89455,4270.0,低硫燃料油,能源化工,INE,LU0
2024-06-25,4250.0,4329.0,4244.0,4298.0,91194,87804,4293.0,低硫燃料油,能源化工,INE,LU0
2024-06-26,4303.0,4336.0,4285.0,4312.0,96498,86013,4308.0,低硫燃料油,能源化工,INE,LU0
2024-06-27,4314.0,4339.0,4283.0,4322.0,106512,79701,4309.0,低硫燃料油,能源化工,INE,LU0
2024-06-28,4361.0,4373.0,4338.0,4346.0,88498,74359,4356.0,低硫燃料油,能源化工,INE,LU0
2024-07-01,4346.0,4355.0,4289.0,4352.0,67317,71475,4325.0,低硫燃料油,能源化工,INE,LU0
2024-07-02,4352.0,4443.0,4343.0,4437.0,75842,74586,4396.0,低硫燃料油,能源化工,INE,LU0
2024-07-03,4467.0,4481.0,4425.0,4451.0,73341,72089,4452.0,低硫燃料油,能源化工,INE,LU0
2024-07-04,4446.0,4446.0,4388.0,4438.0,84329,71347,4423.0,低硫燃料油,能源化工,INE,LU0
2024-07-05,4438.0,4479.0,4435.0,4443.0,63589,69267,4452.0,低硫燃料油,能源化工,INE,LU0
2024-07-08,4478.0,4478.0,4389.0,4395.0,72612,68440,4430.0,低硫燃料油,能源化工,INE,LU0
2024-07-09,4400.0,4418.0,4365.0,4375.0,65151,69885,4390.0,低硫燃料油,能源化工,INE,LU0
2024-07-10,4350.0,4370.0,4287.0,4294.0,69887,66850,4329.0,低硫燃料油,能源化工,INE,LU0
2024-07-11,4305.0,4378.0,4295.0,4340.0,65688,62124,4337.0,低硫燃料油,能源化工,INE,LU0
2024-07-12,4328.0,4333.0,4256.0,4326.0,85066,54170,4294.0,低硫燃料油,能源化工,INE,LU0
2024-07-15,4331.0,4338.0,4262.0,4291.0,59681,48933,4308.0,低硫燃料油,能源化工,INE,LU0
2024-07-16,4285.0,4314.0,4228.0,4234.0,58973,46750,4269.0,低硫燃料油,能源化工,INE,LU0
2024-07-17,4190.0,4220.0,4148.0,4171.0,61738,40484,4189.0,低硫燃料油,能源化工,INE,LU0
2024-07-18,4200.0,4275.0,4187.0,4264.0,78233,82449,4229.0,低硫燃料油,能源化工,INE,LU0
2024-07-19,4224.0,4236.0,4187.0,4212.0,78524,86571,4212.0,低硫燃料油,能源化工,INE,LU0
2024-07-22,4228.0,4233.0,4111.0,4113.0,88578,91012,4158.0,低硫燃料油,能源化工,INE,LU0
2024-07-23,4079.0,4137.0,4072.0,4127.0,76306,90764,4107.0,低硫燃料油,能源化工,INE,LU0
2024-07-24,4093.0,4205.0,4092.0,4169.0,130402,92401,4134.0,低硫燃料油,能源化工,INE,LU0
2024-07-25,4195.0,4216.0,4132.0,4138.0,128407,88893,4177.0,低硫燃料油,能源化工,INE,LU0
2024-07-26,4105.0,4269.0,4100.0,4261.0,122213,84827,4192.0,低硫燃料油,能源化工,INE,LU0
2024-07-29,4224.0,4315.0,4200.0,4276.0,130495,77978,4254.0,低硫燃料油,能源化工,INE,LU0
2024-07-30,4259.0,4304.0,4159.0,4182.0,122077,64692,4228.0,低硫燃料油,能源化工,INE,LU0
2024-07-31,4170.0,4242.0,4143.0,4237.0,86638,58442,4183.0,低硫燃料油,能源化工,INE,LU0
2024-08-01,4275.0,4334.0,4214.0,4325.0,107639,62548,4273.0,低硫燃料油,能源化工,INE,LU0
2024-08-02,4340.0,4340.0,4205.0,4230.0,99871,62427,4263.0,低硫燃料油,能源化工,INE,LU0
2024-08-05,4141.0,4151.0,3988.0,4028.0,143194,63987,4076.0,低硫燃料油,能源化工,INE,LU0
2024-08-06,3999.0,4096.0,3998.0,4043.0,90816,61636,4041.0,低硫燃料油,能源化工,INE,LU0
2024-08-07,3995.0,4073.0,3995.0,4049.0,90652,58060,4034.0,低硫燃料油,能源化工,INE,LU0
2024-08-08,4117.0,4148.0,4098.0,4102.0,81851,55807,4119.0,低硫燃料油,能源化工,INE,LU0
2024-08-09,4120.0,4175.0,4120.0,4142.0,65397,54810,4146.0,低硫燃料油,能源化工,INE,LU0
2024-08-12,4152.0,4228.0,4135.0,4220.0,62804,54196,4178.0,低硫燃料油,能源化工,INE,LU0
2024-08-13,4244.0,4312.0,4223.0,4300.0,59455,54400,4271.0,低硫燃料油,能源化工,INE,LU0
2024-08-14,4291.0,4310.0,4250.0,4251.0,64971,52003,4277.0,低硫燃料油,能源化工,INE,LU0
2024-08-15,4250.0,4264.0,4183.0,4210.0,62458,50028,4223.0,低硫燃料油,能源化工,INE,LU0
2024-08-16,4212.0,4296.0,4212.0,4240.0,58227,47698,4256.0,低硫燃料油,能源化工,INE,LU0
2024-08-19,4180.0,4220.0,4156.0,4172.0,60764,45840,4186.0,低硫燃料油,能源化工,INE,LU0
2024-08-20,4184.0,4205.0,4089.0,4135.0,59621,41228,4152.0,低硫燃料油,能源化工,INE,LU0
2024-08-21,4088.0,4116.0,3968.0,3991.0,144537,93270,4045.0,低硫燃料油,能源化工,INE,LU0
2024-08-22,4010.0,4056.0,3929.0,3940.0,116292,90170,3983.0,低硫燃料油,能源化工,INE,LU0
2024-08-23,3984.0,4069.0,3984.0,4028.0,134368,90982,4031.0,低硫燃料油,能源化工,INE,LU0
2024-08-26,4072.0,4177.0,4058.0,4172.0,110013,88501,4111.0,低硫燃料油,能源化工,INE,LU0
2024-08-27,4248.0,4254.0,4210.0,4226.0,117769,86723,4231.0,低硫燃料油,能源化工,INE,LU0
2024-08-28,4205.0,4206.0,4142.0,4160.0,98504,78417,4173.0,低硫燃料油,能源化工,INE,LU0
2024-08-29,4111.0,4130.0,4078.0,4080.0,91859,73694,4101.0,低硫燃料油,能源化工,INE,LU0
2024-08-30,4100.0,4110.0,4051.0,4065.0,129588,74571,4078.0,低硫燃料油,能源化工,INE,LU0
2024-09-02,4060.0,4061.0,3946.0,3961.0,116272,74070,3982.0,低硫燃料油,能源化工,INE,LU0
2024-09-03,3999.0,4042.0,3991.0,4032.0,86735,71729,4017.0,低硫燃料油,能源化工,INE,LU0
2024-09-04,3957.0,4026.0,3921.0,3963.0,162760,61466,3970.0,低硫燃料油,能源化工,INE,LU0
2024-09-05,3968.0,3986.0,3920.0,3985.0,112882,61659,3948.0,低硫燃料油,能源化工,INE,LU0
2024-09-06,4005.0,4088.0,3978.0,4044.0,138875,56114,4024.0,低硫燃料油,能源化工,INE,LU0
2024-09-09,4024.0,4030.0,3880.0,3937.0,112687,50285,3950.0,低硫燃料油,能源化工,INE,LU0
2024-09-10,3914.0,3971.0,3822.0,3898.0,130426,49573,3888.0,低硫燃料油,能源化工,INE,LU0
2024-09-11,3882.0,3898.0,3771.0,3841.0,111015,47137,3825.0,低硫燃料油,能源化工,INE,LU0
2024-09-12,3860.0,3921.0,3792.0,3911.0,91906,43766,3859.0,低硫燃料油,能源化工,INE,LU0
2024-09-13,3895.0,3940.0,3847.0,3925.0,74946,42108,3895.0,低硫燃料油,能源化工,INE,LU0
2024-09-18,3995.0,3995.0,3907.0,3920.0,41379,38846,3944.0,低硫燃料油,能源化工,INE,LU0
2024-09-19,3812.0,3859.0,3769.0,3853.0,107647,89984,3806.0,低硫燃料油,能源化工,INE,LU0
2024-09-20,3874.0,4098.0,3874.0,4043.0,314520,110451,4007.0,低硫燃料油,能源化工,INE,LU0
2024-09-23,4039.0,4088.0,4018.0,4074.0,166866,102709,4052.0,低硫燃料油,能源化工,INE,LU0
2024-09-24,4073.0,4134.0,4042.0,4099.0,149052,100028,4079.0,低硫燃料油,能源化工,INE,LU0
2024-09-25,4103.0,4133.0,4065.0,4071.0,126989,94536,0.0,低硫燃料油,能源化工,INE,LU0
2024-09-26,4026.0,4064.0,3896.0,3928.0,173132,82400,3996.0,低硫燃料油,能源化工,INE,LU0
2024-09-27,3903.0,3910.0,3832.0,3892.0,139522,63568,3871.0,低硫燃料油,能源化工,INE,LU0
2024-09-30,3870.0,4008.0,3851.0,3966.0,123802,57287,3933.0,低硫燃料油,能源化工,INE,LU0
2024-10-08,4326.0,4326.0,4216.0,4266.0,84005,58280,4272.0,低硫燃料油,能源化工,INE,LU0
2024-10-09,4251.0,4260.0,4096.0,4149.0,134471,54398,4154.0,低硫燃料油,能源化工,INE,LU0
2024-10-10,4137.0,4201.0,4081.0,4181.0,111933,55542,4140.0,低硫燃料油,能源化工,INE,LU0
2024-10-11,4233.0,4299.0,4199.0,4228.0,103694,59282,4248.0,低硫燃料油,能源化工,INE,LU0
2024-10-14,4228.0,4266.0,4167.0,4192.0,82958,59728,4210.0,低硫燃料油,能源化工,INE,LU0
2024-10-15,4163.0,4195.0,4014.0,4064.0,80019,58311,4105.0,低硫燃料油,能源化工,INE,LU0
2024-10-16,4051.0,4094.0,4023.0,4074.0,63967,56925,4061.0,低硫燃料油,能源化工,INE,LU0
2024-10-17,4080.0,4085.0,4001.0,4007.0,76224,50765,4034.0,低硫燃料油,能源化工,INE,LU0
2024-10-18,4024.0,4067.0,4012.0,4059.0,60636,49965,4037.0,低硫燃料油,能源化工,INE,LU0
2024-10-21,4030.0,4030.0,3919.0,4016.0,82684,46444,3970.0,低硫燃料油,能源化工,INE,LU0
2024-10-22,4054.0,4070.0,4014.0,4042.0,53969,44595,4039.0,低硫燃料油,能源化工,INE,LU0
2024-10-23,4011.0,4099.0,4010.0,4076.0,89261,81734,4059.0,低硫燃料油,能源化工,INE,LU0
2024-10-24,4036.0,4108.0,4033.0,4084.0,90998,86637,4072.0,低硫燃料油,能源化工,INE,LU0
2024-10-25,4071.0,4124.0,4037.0,4082.0,110316,91365,4082.0,低硫燃料油,能源化工,INE,LU0
2024-10-28,4082.0,4083.0,3902.0,3935.0,112175,85130,3983.0,低硫燃料油,能源化工,INE,LU0
2024-10-29,3882.0,3918.0,3841.0,3864.0,110631,79817,3874.0,低硫燃料油,能源化工,INE,LU0
2024-10-30,3901.0,3955.0,3888.0,3947.0,107929,71129,3915.0,低硫燃料油,能源化工,INE,LU0
2024-10-31,3977.0,3986.0,3934.0,3978.0,82211,62376,3961.0,低硫燃料油,能源化工,INE,LU0
2024-11-01,3980.0,4085.0,3979.0,4071.0,93145,56000,4034.0,低硫燃料油,能源化工,INE,LU0
2024-11-04,4080.0,4087.0,4016.0,4054.0,80660,49930,4050.0,低硫燃料油,能源化工,INE,LU0
2024-11-05,4075.0,4097.0,4055.0,4068.0,60298,47139,4076.0,低硫燃料油,能源化工,INE,LU0
2024-11-06,4096.0,4141.0,4081.0,4119.0,77148,41878,4111.0,低硫燃料油,能源化工,INE,LU0
2024-11-07,4103.0,4176.0,4087.0,4153.0,63175,39514,4133.0,低硫燃料油,能源化工,INE,LU0
2024-11-08,3984.0,4024.0,3953.0,3995.0,86488,108122,3988.0,低硫燃料油,能源化工,INE,LU0
2024-11-11,3977.0,4023.0,3948.0,3986.0,87761,114872,3984.0,低硫燃料油,能源化工,INE,LU0
2024-11-12,3932.0,3941.0,3902.0,3935.0,84027,117356,3924.0,低硫燃料油,能源化工,INE,LU0
2024-11-13,3953.0,3967.0,3909.0,3914.0,67141,117713,3932.0,低硫燃料油,能源化工,INE,LU0
2024-11-14,3919.0,3930.0,3855.0,3889.0,89886,117636,3892.0,低硫燃料油,能源化工,INE,LU0
2024-11-15,3924.0,3963.0,3851.0,3857.0,94085,116004,3913.0,低硫燃料油,能源化工,INE,LU0
2024-11-18,3890.0,3921.0,3826.0,3862.0,85074,113536,3872.0,低硫燃料油,能源化工,INE,LU0
2024-11-19,3867.0,3958.0,3849.0,3953.0,79949,117361,3915.0,低硫燃料油,能源化工,INE,LU0
2024-11-20,3935.0,3952.0,3912.0,3916.0,68162,116865,3927.0,低硫燃料油,能源化工,INE,LU0
2024-11-21,3947.0,3968.0,3925.0,3950.0,75861,119053,3946.0,低硫燃料油,能源化工,INE,LU0
2024-11-22,4000.0,4035.0,3971.0,4007.0,91628,123494,4003.0,低硫燃料油,能源化工,INE,LU0
2024-11-25,3962.0,4030.0,3940.0,3995.0,87865,117687,3984.0,低硫燃料油,能源化工,INE,LU0
2024-11-26,4010.0,4017.0,3895.0,3909.0,112023,100397,3943.0,低硫燃料油,能源化工,INE,LU0
2024-11-27,3897.0,3945.0,3844.0,3864.0,137446,73404,3884.0,低硫燃料油,能源化工,INE,LU0
2024-11-28,3861.0,3876.0,3809.0,3825.0,88913,68441,3840.0,低硫燃料油,能源化工,INE,LU0
2024-11-29,3840.0,3862.0,3827.0,3845.0,68708,62970,3845.0,低硫燃料油,能源化工,INE,LU0
2024-12-02,3875.0,3894.0,3806.0,3892.0,78465,61347,3857.0,低硫燃料油,能源化工,INE,LU0
2024-12-03,3908.0,3918.0,3848.0,3869.0,72850,58968,3881.0,低硫燃料油,能源化工,INE,LU0
2024-12-04,3904.0,3966.0,3884.0,3922.0,85289,58329,3928.0,低硫燃料油,能源化工,INE,LU0
2024-12-05,3895.0,3951.0,3847.0,3856.0,86130,53201,3888.0,低硫燃料油,能源化工,INE,LU0
2024-12-06,3859.0,3877.0,3810.0,3812.0,63074,54789,3846.0,低硫燃料油,能源化工,INE,LU0
2024-12-09,3785.0,3804.0,3746.0,3802.0,72722,50002,3778.0,低硫燃料油,能源化工,INE,LU0
2024-12-10,3815.0,3819.0,3730.0,3742.0,75936,48357,3769.0,低硫燃料油,能源化工,INE,LU0
2024-12-11,3753.0,3803.0,3751.0,3789.0,44625,43831,3779.0,低硫燃料油,能源化工,INE,LU0
2024-12-12,3804.0,3894.0,3797.0,3865.0,127380,98337,3847.0,低硫燃料油,能源化工,INE,LU0
2024-12-13,3878.0,3878.0,3835.0,3861.0,76243,101306,3855.0,低硫燃料油,能源化工,INE,LU0
2024-12-16,3865.0,3911.0,3859.0,3905.0,85773,107379,3886.0,低硫燃料油,能源化工,INE,LU0
2024-12-17,3885.0,3936.0,3880.0,3929.0,71892,112237,3906.0,低硫燃料油,能源化工,INE,LU0
2024-12-18,3895.0,3927.0,3873.0,3913.0,79461,113990,3900.0,低硫燃料油,能源化工,INE,LU0
2024-12-19,3922.0,3932.0,3868.0,3894.0,73723,115215,3902.0,低硫燃料油,能源化工,INE,LU0
2024-12-20,3885.0,3909.0,3813.0,3837.0,116674,105771,3856.0,低硫燃料油,能源化工,INE,LU0
2024-12-23,3847.0,3927.0,3828.0,3922.0,112001,112125,3885.0,低硫燃料油,能源化工,INE,LU0
2024-12-24,3900.0,3909.0,3861.0,3880.0,89840,105119,3883.0,低硫燃料油,能源化工,INE,LU0
2024-12-25,3887.0,3983.0,3871.0,3929.0,103933,110042,3929.0,低硫燃料油,能源化工,INE,LU0
2024-12-26,3901.0,3936.0,3901.0,3916.0,53801,103097,3919.0,低硫燃料油,能源化工,INE,LU0
2024-12-27,3930.0,3955.0,3897.0,3906.0,89468,89996,3924.0,低硫燃料油,能源化工,INE,LU0
2024-12-30,3940.0,3963.0,3919.0,3947.0,76323,82715,3941.0,低硫燃料油,能源化工,INE,LU0
2024-12-31,3964.0,4007.0,3957.0,4005.0,91334,81267,3979.0,低硫燃料油,能源化工,INE,LU0
2025-01-02,4023.0,4038.0,3985.0,3992.0,59315,79555,4010.0,低硫燃料油,能源化工,INE,LU0
2025-01-03,4018.0,4061.0,4018.0,4042.0,87419,77120,4040.0,低硫燃料油,能源化工,INE,LU0
2025-01-06,4042.0,4109.0,4037.0,4085.0,78291,76558,4077.0,低硫燃料油,能源化工,INE,LU0
2025-01-07,4115.0,4118.0,4043.0,4058.0,81002,74564,4071.0,低硫燃料油,能源化工,INE,LU0
2025-01-08,4084.0,4122.0,4060.0,4099.0,101749,74073,4089.0,低硫燃料油,能源化工,INE,LU0
2025-01-09,4095.0,4109.0,4022.0,4048.0,51897,85245,4061.0,低硫燃料油,能源化工,INE,LU0
2025-01-10,4074.0,4103.0,4062.0,4096.0,39687,92672,4083.0,低硫燃料油,能源化工,INE,LU0
2025-01-13,4198.0,4282.0,4174.0,4245.0,74868,99872,4224.0,低硫燃料油,能源化工,INE,LU0
2025-01-14,4246.0,4265.0,4186.0,4186.0,65769,106724,4225.0,低硫燃料油,能源化工,INE,LU0
2025-01-15,4216.0,4221.0,4167.0,4218.0,68972,118919,4194.0,低硫燃料油,能源化工,INE,LU0
2025-01-16,4185.0,4321.0,4185.0,4268.0,84743,119409,4255.0,低硫燃料油,能源化工,INE,LU0
2025-01-17,4242.0,4263.0,4197.0,4256.0,97191,122035,4224.0,低硫燃料油,能源化工,INE,LU0
2025-01-20,4241.0,4246.0,4151.0,4157.0,95921,120126,4199.0,低硫燃料油,能源化工,INE,LU0
2025-01-21,4173.0,4201.0,4111.0,4119.0,103238,118658,4143.0,低硫燃料油,能源化工,INE,LU0
2025-01-22,4080.0,4098.0,4011.0,4054.0,132811,104269,4067.0,低硫燃料油,能源化工,INE,LU0
2025-01-23,4070.0,4072.0,3982.0,4016.0,110059,87087,4039.0,低硫燃料油,能源化工,INE,LU0
2025-01-24,4057.0,4082.0,3993.0,4015.0,104616,71240,4043.0,低硫燃料油,能源化工,INE,LU0
2025-01-27,4030.0,4050.0,3969.0,4016.0,71036,61670,4010.0,低硫燃料油,能源化工,INE,LU0
2025-02-05,3966.0,4017.0,3954.0,4009.0,61597,58410,3987.0,低硫燃料油,能源化工,INE,LU0
2025-02-06,3980.0,3980.0,3898.0,3929.0,81896,55062,3939.0,低硫燃料油,能源化工,INE,LU0
2025-02-07,3920.0,3931.0,3887.0,3926.0,47168,62044,3917.0,低硫燃料油,能源化工,INE,LU0
2025-02-10,3925.0,3975.0,3913.0,3964.0,65962,65959,3947.0,低硫燃料油,能源化工,INE,LU0
2025-02-11,3974.0,4040.0,3974.0,4034.0,68167,75673,4010.0,低硫燃料油,能源化工,INE,LU0
2025-02-12,4076.0,4086.0,4046.0,4072.0,70728,84156,4068.0,低硫燃料油,能源化工,INE,LU0
2025-02-13,4058.0,4058.0,3928.0,3933.0,88775,82610,3983.0,低硫燃料油,能源化工,INE,LU0
2025-02-14,3938.0,3988.0,3917.0,3987.0,70733,82159,3948.0,低硫燃料油,能源化工,INE,LU0
2025-02-17,4003.0,4009.0,3925.0,3953.0,77833,81648,3964.0,低硫燃料油,能源化工,INE,LU0
2025-02-18,3946.0,3994.0,3935.0,3989.0,71696,84324,3964.0,低硫燃料油,能源化工,INE,LU0
2025-02-19,3975.0,4030.0,3965.0,4024.0,88947,96501,4004.0,低硫燃料油,能源化工,INE,LU0
2025-02-20,4012.0,4047.0,3987.0,3994.0,71505,98519,4014.0,低硫燃料油,能源化工,INE,LU0
2025-02-21,4011.0,4021.0,3979.0,3991.0,70107,97542,3999.0,低硫燃料油,能源化工,INE,LU0
2025-02-24,3975.0,3979.0,3865.0,3897.0,124919,96899,3908.0,低硫燃料油,能源化工,INE,LU0
2025-02-25,3907.0,3907.0,3872.0,3899.0,85376,90132,3891.0,低硫燃料油,能源化工,INE,LU0
2025-02-26,3858.0,3858.0,3758.0,3777.0,118102,88775,3803.0,低硫燃料油,能源化工,INE,LU0
2025-02-27,3750.0,3751.0,3720.0,3729.0,128503,83382,3733.0,低硫燃料油,能源化工,INE,LU0
2025-02-28,3756.0,3799.0,3751.0,3770.0,105630,76004,3775.0,低硫燃料油,能源化工,INE,LU0
2025-03-03,3750.0,3817.0,3738.0,3775.0,95288,70443,3778.0,低硫燃料油,能源化工,INE,LU0
2025-03-04,3770.0,3773.0,3635.0,3640.0,101604,72054,3688.0,低硫燃料油,能源化工,INE,LU0
2025-03-05,3585.0,3615.0,3570.0,3597.0,95497,70388,3596.0,低硫燃料油,能源化工,INE,LU0
2025-03-06,3560.0,3577.0,3517.0,3574.0,109705,72779,3551.0,低硫燃料油,能源化工,INE,LU0
2025-03-07,3570.0,3571.0,3519.0,3529.0,100623,78679,3540.0,低硫燃料油,能源化工,INE,LU0
2025-03-10,3565.0,3574.0,3506.0,3551.0,127948,73402,3540.0,低硫燃料油,能源化工,INE,LU0
2025-03-11,3574.0,3588.0,3460.0,3532.0,117597,74451,3520.0,低硫燃料油,能源化工,INE,LU0
2025-03-12,3559.0,3561.0,3520.0,3524.0,85703,72210,3540.0,低硫燃料油,能源化工,INE,LU0
2025-03-13,3556.0,3594.0,3554.0,3570.0,89720,68892,3577.0,低硫燃料油,能源化工,INE,LU0
2025-03-14,3562.0,3570.0,3526.0,3558.0,83437,72592,3548.0,低硫燃料油,能源化工,INE,LU0
2025-03-17,3552.0,3607.0,3508.0,3557.0,100351,69816,3551.0,低硫燃料油,能源化工,INE,LU0
2025-03-18,3564.0,3610.0,3543.0,3606.0,99146,69935,3571.0,低硫燃料油,能源化工,INE,LU0
2025-03-19,3619.0,3626.0,3511.0,3519.0,96025,64528,3560.0,低硫燃料油,能源化工,INE,LU0
2025-03-20,3507.0,3558.0,3500.0,3556.0,50908,63061,3532.0,低硫燃料油,能源化工,INE,LU0
2025-03-21,3548.0,3634.0,3536.0,3608.0,70317,65393,3596.0,低硫燃料油,能源化工,INE,LU0
2025-03-24,3586.0,3630.0,3582.0,3610.0,50667,64830,3602.0,低硫燃料油,能源化工,INE,LU0
2025-03-25,3615.0,3659.0,3599.0,3648.0,66809,61758,3633.0,低硫燃料油,能源化工,INE,LU0
2025-03-26,3686.0,3686.0,3651.0,3666.0,62286,60857,3667.0,低硫燃料油,能源化工,INE,LU0
2025-03-27,3679.0,3705.0,3673.0,3686.0,95785,59005,3690.0,低硫燃料油,能源化工,INE,LU0
2025-03-28,3693.0,3732.0,3679.0,3702.0,98658,59831,3707.0,低硫燃料油,能源化工,INE,LU0
2025-03-31,3712.0,3716.0,3645.0,3677.0,103694,57449,3676.0,低硫燃料油,能源化工,INE,LU0
2025-04-01,3692.0,3781.0,3673.0,3777.0,107518,58877,3739.0,低硫燃料油,能源化工,INE,LU0
2025-04-02,3787.0,3814.0,3773.0,3787.0,104522,57730,3793.0,低硫燃料油,能源化工,INE,LU0
2025-04-03,3774.0,3804.0,3720.0,3731.0,117317,60039,3761.0,低硫燃料油,能源化工,INE,LU0
2025-04-07,3497.0,3497.0,3497.0,3497.0,2835,58265,3497.0,低硫燃料油,能源化工,INE,LU0
2025-04-08,3400.0,3460.0,3336.0,3387.0,197573,52011,3387.0,低硫燃料油,能源化工,INE,LU0
2025-04-09,3387.0,3411.0,3203.0,3283.0,155598,52052,3305.0,低硫燃料油,能源化工,INE,LU0
2025-04-10,3199.0,3480.0,3195.0,3399.0,145693,50066,3334.0,低硫燃料油,能源化工,INE,LU0
2025-04-11,3333.0,3380.0,3279.0,3378.0,132172,49154,3320.0,低硫燃料油,能源化工,INE,LU0
2025-04-14,3356.0,3400.0,3306.0,3389.0,117614,49695,3350.0,低硫燃料油,能源化工,INE,LU0
2025-04-15,3419.0,3495.0,3384.0,3393.0,100534,49287,3401.0,低硫燃料油,能源化工,INE,LU0
2025-04-16,3373.0,3413.0,3325.0,3329.0,106766,50790,3374.0,低硫燃料油,能源化工,INE,LU0
2025-04-17,3386.0,3457.0,3369.0,3441.0,109167,50577,3413.0,低硫燃料油,能源化工,INE,LU0
2025-04-18,3418.0,3468.0,3408.0,3415.0,44453,52238,3428.0,低硫燃料油,能源化工,INE,LU0
2025-04-21,3426.0,3426.0,3385.0,3404.0,50342,49496,3401.0,低硫燃料油,能源化工,INE,LU0
2025-04-22,3385.0,3433.0,3361.0,3428.0,47528,48668,3396.0,低硫燃料油,能源化工,INE,LU0
2025-04-23,3432.0,3491.0,3424.0,3483.0,53825,48257,3453.0,低硫燃料油,能源化工,INE,LU0
2025-04-24,3428.0,3438.0,3354.0,3419.0,84760,54937,3401.0,低硫燃料油,能源化工,INE,LU0
2025-04-25,3428.0,3462.0,3399.0,3453.0,56506,53149,3434.0,低硫燃料油,能源化工,INE,LU0
2025-04-28,3414.0,3502.0,3407.0,3495.0,60498,49163,3456.0,低硫燃料油,能源化工,INE,LU0
2025-04-29,3475.0,3485.0,3380.0,3413.0,79889,48649,3444.0,低硫燃料油,能源化工,INE,LU0
2025-04-30,3400.0,3401.0,3325.0,3348.0,77106,52347,3369.0,低硫燃料油,能源化工,INE,LU0
2025-05-06,3279.0,3330.0,3275.0,3328.0,67340,55568,3309.0,低硫燃料油,能源化工,INE,LU0
2025-05-07,3340.0,3401.0,3337.0,3399.0,92333,60457,3371.0,低硫燃料油,能源化工,INE,LU0
2025-05-08,3373.0,3416.0,3350.0,3406.0,99697,58834,3386.0,低硫燃料油,能源化工,INE,LU0
2025-05-09,3429.0,3498.0,3416.0,3472.0,116157,65674,3464.0,低硫燃料油,能源化工,INE,LU0
2025-05-12,3490.0,3523.0,3453.0,3518.0,79621,63907,3479.0,低硫燃料油,能源化工,INE,LU0
2025-05-13,3562.0,3573.0,3507.0,3541.0,73984,65430,3538.0,低硫燃料油,能源化工,INE,LU0
2025-05-14,3584.0,3655.0,3570.0,3647.0,107251,70669,3617.0,低硫燃料油,能源化工,INE,LU0
2025-05-15,3638.0,3678.0,3595.0,3595.0,105121,76963,3639.0,低硫燃料油,能源化工,INE,LU0
2025-05-16,3605.0,3632.0,3565.0,3572.0,88018,79807,3600.0,低硫燃料油,能源化工,INE,LU0
2025-05-19,3590.0,3602.0,3553.0,3563.0,75643,77378,3576.0,低硫燃料油,能源化工,INE,LU0
2025-05-20,3566.0,3587.0,3540.0,3556.0,79187,74815,3562.0,低硫燃料油,能源化工,INE,LU0
2025-05-21,3551.0,3598.0,3524.0,3571.0,76651,69751,3563.0,低硫燃料油,能源化工,INE,LU0
2025-05-22,3567.0,3577.0,3502.0,3505.0,88747,66022,3545.0,低硫燃料油,能源化工,INE,LU0
2025-05-23,3448.0,3470.0,3433.0,3452.0,57206,67797,3453.0,低硫燃料油,能源化工,INE,LU0
2025-05-26,3452.0,3479.0,3421.0,3469.0,45534,67751,3455.0,低硫燃料油,能源化工,INE,LU0
2025-05-27,3463.0,3463.0,3416.0,3447.0,46356,64572,3439.0,低硫燃料油,能源化工,INE,LU0
2025-05-28,3445.0,3448.0,3394.0,3414.0,70069,64382,3428.0,低硫燃料油,能源化工,INE,LU0
2025-05-29,3452.0,3526.0,3452.0,3507.0,65424,64927,3493.0,低硫燃料油,能源化工,INE,LU0
2025-05-30,3444.0,3446.0,3376.0,3380.0,104358,57020,3400.0,低硫燃料油,能源化工,INE,LU0
2025-06-03,3466.0,3499.0,3460.0,3466.0,80293,63811,3479.0,低硫燃料油,能源化工,INE,LU0
2025-06-04,3496.0,3541.0,3478.0,3511.0,95189,65859,3511.0,低硫燃料油,能源化工,INE,LU0
2025-06-05,3501.0,3527.0,3453.0,3489.0,85518,63657,3496.0,低硫燃料油,能源化工,INE,LU0
2025-06-06,3535.0,3548.0,3511.0,3525.0,98909,71166,3528.0,低硫燃料油,能源化工,INE,LU0
2025-06-09,3542.0,3565.0,3506.0,3514.0,103934,68214,3537.0,低硫燃料油,能源化工,INE,LU0
2025-06-10,3537.0,3583.0,3532.0,3559.0,82272,69924,3557.0,低硫燃料油,能源化工,INE,LU0
2025-06-11,3568.0,3597.0,3538.0,3563.0,84126,69392,3566.0,低硫燃料油,能源化工,INE,LU0
2025-06-12,3617.0,3686.0,3607.0,3645.0,112717,71722,3640.0,低硫燃料油,能源化工,INE,LU0
2025-06-13,3629.0,3953.0,3618.0,3829.0,227664,67171,3825.0,低硫燃料油,能源化工,INE,LU0
2025-06-16,3874.0,3898.0,3811.0,3874.0,134045,62480,3854.0,低硫燃料油,能源化工,INE,LU0
2025-06-17,3810.0,3859.0,3733.0,3806.0,162215,56538,3806.0,低硫燃料油,能源化工,INE,LU0
2025-06-18,3821.0,3908.0,3801.0,3886.0,73307,72487,3855.0,低硫燃料油,能源化工,INE,LU0
2025-06-19,3899.0,3950.0,3830.0,3948.0,84407,82268,3899.0,低硫燃料油,能源化工,INE,LU0
2025-06-20,3944.0,3986.0,3898.0,3917.0,67136,86274,3934.0,低硫燃料油,能源化工,INE,LU0
2025-06-23,3908.0,4010.0,3869.0,3968.0,86958,84167,3936.0,低硫燃料油,能源化工,INE,LU0
2025-06-24,3940.0,3962.0,3603.0,3629.0,135845,88039,3756.0,低硫燃料油,能源化工,INE,LU0
2025-06-25,3640.0,3653.0,3592.0,3639.0,86793,88103,3623.0,低硫燃料油,能源化工,INE,LU0
2025-06-26,3624.0,3653.0,3605.0,3623.0,85076,80692,3623.0,低硫燃料油,能源化工,INE,LU0
2025-06-27,3612.0,3620.0,3592.0,3600.0,119739,71048,3603.0,低硫燃料油,能源化工,INE,LU0
2025-06-30,3603.0,3610.0,3559.0,3581.0,99306,67916,3591.0,低硫燃料油,能源化工,INE,LU0
2025-07-01,3582.0,3594.0,3553.0,3590.0,79927,68930,3576.0,低硫燃料油,能源化工,INE,LU0
2025-07-02,3605.0,3610.0,3579.0,3596.0,66111,68616,3591.0,低硫燃料油,能源化工,INE,LU0
2025-07-03,3619.0,3644.0,3584.0,3623.0,84673,60799,3616.0,低硫燃料油,能源化工,INE,LU0
2025-07-04,3641.0,3661.0,3614.0,3621.0,67036,57248,3636.0,低硫燃料油,能源化工,INE,LU0
2025-07-07,3599.0,3627.0,3572.0,3619.0,64281,55750,3602.0,低硫燃料油,能源化工,INE,LU0
2025-07-08,3637.0,3684.0,3635.0,3663.0,84382,56011,3662.0,低硫燃料油,能源化工,INE,LU0
2025-07-09,3680.0,3714.0,3679.0,3692.0,71709,56346,3697.0,低硫燃料油,能源化工,INE,LU0
2025-07-10,3681.0,3697.0,3665.0,3687.0,65272,53411,3678.0,低硫燃料油,能源化工,INE,LU0
2025-07-11,3644.0,3645.0,3587.0,3607.0,42086,56361,3611.0,低硫燃料油,能源化工,INE,LU0
2025-07-14,3607.0,3682.0,3607.0,3674.0,40329,62529,3654.0,低硫燃料油,能源化工,INE,LU0
2025-07-15,3681.0,3688.0,3589.0,3607.0,47728,65487,3622.0,低硫燃料油,能源化工,INE,LU0
2025-07-16,3617.0,3640.0,3598.0,3611.0,56251,71047,3621.0,低硫燃料油,能源化工,INE,LU0
2025-07-17,3581.0,3601.0,3558.0,3576.0,84230,75031,3579.0,低硫燃料油,能源化工,INE,LU0
2025-07-18,3574.0,3640.0,3558.0,3635.0,85379,80816,3595.0,低硫燃料油,能源化工,INE,LU0
2025-07-21,3642.0,3647.0,3584.0,3602.0,121617,87496,3610.0,低硫燃料油,能源化工,INE,LU0
2025-07-22,3600.0,3604.0,3555.0,3581.0,114763,85696,3575.0,低硫燃料油,能源化工,INE,LU0
2025-07-23,3576.0,3590.0,3548.0,3565.0,130794,81878,3567.0,低硫燃料油,能源化工,INE,LU0
2025-07-24,3557.0,3596.0,3528.0,3588.0,121739,77545,3556.0,低硫燃料油,能源化工,INE,LU0
2025-07-25,3581.0,3614.0,3550.0,3613.0,120729,81017,3582.0,低硫燃料油,能源化工,INE,LU0
2025-07-28,3606.0,3610.0,3514.0,3545.0,130854,73568,3548.0,低硫燃料油,能源化工,INE,LU0
2025-07-29,3570.0,3648.0,3569.0,3640.0,130315,70350,3620.0,低硫燃料油,能源化工,INE,LU0
2025-07-30,3652.0,3728.0,3646.0,3710.0,116420,66405,3690.0,低硫燃料油,能源化工,INE,LU0
2025-07-31,3704.0,3736.0,3673.0,3676.0,116200,60855,3697.0,低硫燃料油,能源化工,INE,LU0
2025-08-01,3670.0,3689.0,3638.0,3645.0,80387,54001,3663.0,低硫燃料油,能源化工,INE,LU0
2025-08-04,3652.0,3661.0,3540.0,3559.0,109181,53048,3588.0,低硫燃料油,能源化工,INE,LU0
2025-08-05,3507.0,3567.0,3500.0,3560.0,86813,51179,3539.0,低硫燃料油,能源化工,INE,LU0
2025-08-06,3526.0,3557.0,3516.0,3550.0,69228,50255,3535.0,低硫燃料油,能源化工,INE,LU0
2025-08-07,3566.0,3585.0,3500.0,3526.0,78746,49228,3545.0,低硫燃料油,能源化工,INE,LU0
2025-08-08,3539.0,3544.0,3443.0,3454.0,79923,53044,3495.0,低硫燃料油,能源化工,INE,LU0
2025-08-11,3480.0,3501.0,3447.0,3463.0,85767,50055,3469.0,低硫燃料油,能源化工,INE,LU0
2025-08-12,3500.0,3513.0,3481.0,3502.0,57918,50911,3499.0,低硫燃料油,能源化工,INE,LU0
2025-08-13,3474.0,3476.0,3439.0,3463.0,68747,50937,3457.0,低硫燃料油,能源化工,INE,LU0
2025-08-14,3453.0,3458.0,3426.0,3440.0,44370,56766,3447.0,低硫燃料油,能源化工,INE,LU0
2025-08-15,3446.0,3462.0,3434.0,3435.0,42884,55468,3447.0,低硫燃料油,能源化工,INE,LU0
2025-08-18,3429.0,3476.0,3426.0,3465.0,57696,58351,3451.0,低硫燃料油,能源化工,INE,LU0
2025-08-19,3462.0,3470.0,3420.0,3459.0,58511,60744,3449.0,低硫燃料油,能源化工,INE,LU0
2025-08-20,3448.0,3464.0,3417.0,3443.0,70166,67559,3442.0,低硫燃料油,能源化工,INE,LU0
2025-08-21,3450.0,3485.0,3439.0,3483.0,113734,75380,3461.0,低硫燃料油,能源化工,INE,LU0
2025-08-22,3465.0,3508.0,3429.0,3499.0,141876,75799,3467.0,低硫燃料油,能源化工,INE,LU0
2025-08-25,3500.0,3531.0,3500.0,3526.0,123269,80562,3521.0,低硫燃料油,能源化工,INE,LU0
2025-08-26,3531.0,3557.0,3523.0,3529.0,76071,77575,3537.0,低硫燃料油,能源化工,INE,LU0
2025-08-27,3504.0,3527.0,3466.0,3485.0,97234,70718,3489.0,低硫燃料油,能源化工,INE,LU0
2025-08-28,3503.0,3523.0,3490.0,3494.0,88561,72716,3501.0,低硫燃料油,能源化工,INE,LU0
2025-08-29,3505.0,3520.0,3464.0,3513.0,87514,68187,3491.0,低硫燃料油,能源化工,INE,LU0
2025-09-01,3518.0,3522.0,3441.0,3474.0,98818,70209,3471.0,低硫燃料油,能源化工,INE,LU0
2025-09-02,3504.0,3564.0,3503.0,3559.0,114360,78502,3542.0,低硫燃料油,能源化工,INE,LU0
2025-09-03,3534.0,3558.0,3504.0,3512.0,107636,72384,3525.0,低硫燃料油,能源化工,INE,LU0
2025-09-04,3471.0,3483.0,3409.0,3412.0,137065,69858,3442.0,低硫燃料油,能源化工,INE,LU0
2025-09-05,3410.0,3410.0,3374.0,3392.0,120078,70911,3389.0,低硫燃料油,能源化工,INE,LU0
2025-09-08,3352.0,3400.0,3332.0,3398.0,103651,74775,3362.0,低硫燃料油,能源化工,INE,LU0
2025-09-09,3402.0,3406.0,3340.0,3385.0,97613,71437,3367.0,低硫燃料油,能源化工,INE,LU0
2025-09-10,3384.0,3412.0,3379.0,3383.0,103833,73825,3392.0,低硫燃料油,能源化工,INE,LU0
2025-09-11,3379.0,3390.0,3351.0,3374.0,82588,75318,3370.0,低硫燃料油,能源化工,INE,LU0
2025-09-12,3328.0,3332.0,3254.0,3267.0,125733,78084,3288.0,低硫燃料油,能源化工,INE,LU0
2025-09-15,3365.0,3379.0,3311.0,3375.0,113731,66115,3353.0,低硫燃料油,能源化工,INE,LU0
2025-09-16,3378.0,3414.0,3377.0,3395.0,78889,64152,3396.0,低硫燃料油,能源化工,INE,LU0
2025-09-17,3425.0,3466.0,3422.0,3459.0,94614,62408,3447.0,低硫燃料油,能源化工,INE,LU0
2025-09-18,3438.0,3454.0,3406.0,3410.0,84891,62742,3428.0,低硫燃料油,能源化工,INE,LU0
2025-09-19,3423.0,3435.0,3379.0,3392.0,77599,60703,3405.0,低硫燃料油,能源化工,INE,LU0
2025-09-22,3392.0,3397.0,3354.0,3382.0,75679,61417,3373.0,低硫燃料油,能源化工,INE,LU0
2025-09-23,3330.0,3370.0,3322.0,3350.0,78506,60100,3345.0,低硫燃料油,能源化工,INE,LU0
2025-09-24,3364.0,3401.0,3361.0,3379.0,59613,58979,3385.0,低硫燃料油,能源化工,INE,LU0
2025-09-25,3409.0,3451.0,3407.0,3446.0,49825,57878,3430.0,低硫燃料油,能源化工,INE,LU0
2025-09-26,3443.0,3497.0,3438.0,3481.0,54087,56247,3471.0,低硫燃料油,能源化工,INE,LU0
2025-09-29,3481.0,3540.0,3470.0,3492.0,57306,52233,3494.0,低硫燃料油,能源化工,INE,LU0
2025-09-30,3455.0,3461.0,3390.0,3412.0,49437,50127,3417.0,低硫燃料油,能源化工,INE,LU0
2025-10-09,3349.0,3360.0,3327.0,3356.0,46955,50688,3342.0,低硫燃料油,能源化工,INE,LU0
2025-10-10,3370.0,3371.0,3296.0,3296.0,73631,58212,3332.0,低硫燃料油,能源化工,INE,LU0
2025-10-13,3269.0,3270.0,3224.0,3232.0,90551,63461,3240.0,低硫燃料油,能源化工,INE,LU0
2025-10-14,3215.0,3236.0,3199.0,3203.0,76439,64270,3216.0,低硫燃料油,能源化工,INE,LU0
2025-10-15,3159.0,3178.0,3141.0,3155.0,87532,65740,3158.0,低硫燃料油,能源化工,INE,LU0
2025-10-16,3175.0,3187.0,3150.0,3159.0,80280,60579,3163.0,低硫燃料油,能源化工,INE,LU0
2025-10-17,3156.0,3156.0,3061.0,3064.0,69959,78615,3101.0,低硫燃料油,能源化工,INE,LU0
2025-10-20,3088.0,3106.0,3076.0,3081.0,56130,81506,3090.0,低硫燃料油,能源化工,INE,LU0
2025-10-21,3076.0,3083.0,3042.0,3070.0,62829,88825,3068.0,低硫燃料油,能源化工,INE,LU0
2025-10-22,3100.0,3147.0,3056.0,3136.0,88911,93760,3102.0,低硫燃料油,能源化工,INE,LU0
2025-10-23,3134.0,3216.0,3122.0,3193.0,126144,103808,3173.0,低硫燃料油,能源化工,INE,LU0
2025-10-24,3213.0,3234.0,3200.0,3224.0,115953,105143,3218.0,低硫燃料油,能源化工,INE,LU0
2025-10-27,3234.0,3274.0,3233.0,3257.0,116900,102757,3250.0,低硫燃料油,能源化工,INE,LU0
2025-10-28,3263.0,3282.0,3238.0,3273.0,114082,94133,3264.0,低硫燃料油,能源化工,INE,LU0
2025-10-29,3238.0,3250.0,3220.0,3246.0,149780,89364,3235.0,低硫燃料油,能源化工,INE,LU0
2025-10-30,3245.0,3274.0,3223.0,3255.0,122726,83157,3246.0,低硫燃料油,能源化工,INE,LU0
2025-10-31,3258.0,3295.0,3250.0,3268.0,136295,80402,3272.0,低硫燃料油,能源化工,INE,LU0
2025-11-03,3289.0,3341.0,3289.0,3335.0,136941,83345,3322.0,低硫燃料油,能源化工,INE,LU0
2025-11-04,3320.0,3332.0,3287.0,3290.0,90023,76282,3315.0,低硫燃料油,能源化工,INE,LU0
2025-11-05,3272.0,3306.0,3251.0,3297.0,87167,74847,3277.0,低硫燃料油,能源化工,INE,LU0
2025-11-06,3291.0,3309.0,3256.0,3269.0,86047,76765,3279.0,低硫燃料油,能源化工,INE,LU0
2025-11-07,3278.0,3287.0,3225.0,3274.0,96944,76688,3257.0,低硫燃料油,能源化工,INE,LU0
2025-11-10,3267.0,3291.0,3244.0,3280.0,79925,71293,3268.0,低硫燃料油,能源化工,INE,LU0
2025-11-11,3257.0,3286.0,3243.0,3262.0,82050,68628,3264.0,低硫燃料油,能源化工,INE,LU0
2025-11-12,3280.0,3329.0,3277.0,3311.0,95759,75780,3310.0,低硫燃料油,能源化工,INE,LU0
2025-11-13,3287.0,3290.0,3150.0,3164.0,143324,67732,3213.0,低硫燃料油,能源化工,INE,LU0
2025-11-14,3188.0,3273.0,3177.0,3240.0,124994,69620,3222.0,低硫燃料油,能源化工,INE,LU0
2025-11-17,3241.0,3255.0,3220.0,3236.0,77412,68431,3237.0,低硫燃料油,能源化工,INE,LU0
2025-11-18,3266.0,3303.0,3244.0,3247.0,92302,68805,3273.0,低硫燃料油,能源化工,INE,LU0
2025-11-19,3255.0,3292.0,3221.0,3266.0,75741,67715,3253.0,低硫燃料油,能源化工,INE,LU0
2025-11-20,3196.0,3196.0,3131.0,3139.0,133110,62247,3155.0,低硫燃料油,能源化工,INE,LU0
2025-11-21,3160.0,3170.0,3073.0,3078.0,82969,61302,3117.0,低硫燃料油,能源化工,INE,LU0
2025-11-24,3078.0,3084.0,3033.0,3041.0,96259,55106,3055.0,低硫燃料油,能源化工,INE,LU0
2025-11-25,3055.0,3085.0,3029.0,3034.0,74065,69927,3048.0,低硫燃料油,能源化工,INE,LU0
2025-11-26,2986.0,3024.0,2978.0,3011.0,91064,68418,3003.0,低硫燃料油,能源化工,INE,LU0
2025-11-27,3001.0,3038.0,2999.0,3033.0,87784,69280,3018.0,低硫燃料油,能源化工,INE,LU0
2025-11-28,3042.0,3047.0,3010.0,3038.0,83970,69833,3026.0,低硫燃料油,能源化工,INE,LU0
2025-12-01,3019.0,3062.0,2973.0,3053.0,98304,68850,3016.0,低硫燃料油,能源化工,INE,LU0
2025-12-02,3047.0,3048.0,3020.0,3035.0,60115,68354,3035.0,低硫燃料油,能源化工,INE,LU0
2025-12-03,3028.0,3039.0,2968.0,3017.0,93548,68210,3002.0,低硫燃料油,能源化工,INE,LU0
2025-12-04,3023.0,3023.0,2990.0,3020.0,46470,72721,3010.0,低硫燃料油,能源化工,INE,LU0
2025-12-05,3019.0,3034.0,2993.0,3032.0,49313,75901,3019.0,低硫燃料油,能源化工,INE,LU0
2025-12-08,3038.0,3084.0,3032.0,3080.0,61563,76404,3058.0,低硫燃料油,能源化工,INE,LU0
2025-12-09,3030.0,3031.0,2978.0,3004.0,58686,77151,3005.0,低硫燃料油,能源化工,INE,LU0
2025-12-10,3017.0,3024.0,2986.0,3011.0,47731,76597,3005.0,低硫燃料油,能源化工,INE,LU0
2025-12-11,3007.0,3037.0,2966.0,2986.0,64662,80829,3004.0,低硫燃料油,能源化工,INE,LU0
2025-12-12,2976.0,3010.0,2943.0,2992.0,62845,81496,2981.0,低硫燃料油,能源化工,INE,LU0
2025-12-15,2980.0,3011.0,2967.0,3007.0,78309,87403,2987.0,低硫燃料油,能源化工,INE,LU0
2025-12-16,2988.0,2989.0,2912.0,2921.0,121968,99812,2941.0,低硫燃料油,能源化工,INE,LU0
2025-12-17,2891.0,2948.0,2838.0,2905.0,183023,107843,2885.0,低硫燃料油,能源化工,INE,LU0
2025-12-18,2910.0,2949.0,2885.0,2931.0,113111,108490,2918.0,低硫燃料油,能源化工,INE,LU0
2025-12-19,2904.0,2929.0,2891.0,2914.0,95447,107583,2909.0,低硫燃料油,能源化工,INE,LU0
2025-12-22,2935.0,2984.0,2926.0,2982.0,105629,105471,2957.0,低硫燃料油,能源化工,INE,LU0
2025-12-23,3007.0,3016.0,2992.0,2999.0,86564,102367,3000.0,低硫燃料油,能源化工,INE,LU0
2025-12-24,3013.0,3020.0,2990.0,3014.0,88120,101174,3006.0,低硫燃料油,能源化工,INE,LU0
2025-12-25,3010.0,3028.0,3000.0,3016.0,65983,98827,3012.0,低硫燃料油,能源化工,INE,LU0
2025-12-26,3016.0,3048.0,3006.0,3017.0,76219,94851,3023.0,低硫燃料油,能源化工,INE,LU0
2025-12-29,3016.0,3018.0,2956.0,2974.0,104997,91598,2984.0,低硫燃料油,能源化工,INE,LU0
2025-12-30,3002.0,3022.0,2974.0,2977.0,119030,80750,3000.0,低硫燃料油,能源化工,INE,LU0
2025-12-31,2986.0,2986.0,2932.0,2935.0,112743,80481,2956.0,低硫燃料油,能源化工,INE,LU0
