date,open,high,low,close,volume,hold,settle,品种,类别,交易所,合约代码
2015-01-05,2979.0,2979.0,2979.0,2979.0,2,24,2979.0,燃料油,能源化工,SHFE,FU0
2015-01-06,2979.0,2979.0,2979.0,2979.0,0,24,2979.0,燃料油,能源化工,SHFE,FU0
2015-01-07,2979.0,2979.0,2979.0,2979.0,2,24,2979.0,燃料油,能源化工,SHFE,FU0
2015-01-08,2979.0,2979.0,2979.0,2979.0,0,24,2979.0,燃料油,能源化工,SHFE,FU0
2015-01-09,2979.0,2979.0,2979.0,2979.0,2,24,2979.0,燃料油,能源化工,SHFE,FU0
2015-01-12,2979.0,2979.0,2979.0,2979.0,0,24,2979.0,燃料油,能源化工,SHFE,FU0
2015-01-13,2979.0,2979.0,2979.0,2979.0,2,24,2979.0,燃料油,能源化工,SHFE,FU0
2015-01-14,2979.0,2979.0,2979.0,2979.0,0,24,2979.0,燃料油,能源化工,SHFE,FU0
2015-01-15,3000.0,3000.0,2833.0,2980.0,6,24,2937.0,燃料油,能源化工,SHFE,FU0
2015-01-16,2980.0,3000.0,2833.0,2980.0,0,24,2937.0,燃料油,能源化工,SHFE,FU0
2015-01-19,2790.0,3035.0,2790.0,2978.0,6,24,2934.0,燃料油,能源化工,SHFE,FU0
2015-01-20,2978.0,3035.0,2790.0,2978.0,0,24,2934.0,燃料油,能源化工,SHFE,FU0
2015-01-21,2788.0,3035.0,2788.0,2798.0,8,30,2871.0,燃料油,能源化工,SHFE,FU0
2015-01-22,2727.0,3014.0,2727.0,2952.0,64,30,2904.0,燃料油,能源化工,SHFE,FU0
2015-01-23,2780.0,3046.0,2780.0,2851.0,8,28,2930.0,燃料油,能源化工,SHFE,FU0
2015-01-26,2792.0,3046.0,2780.0,2796.0,4,26,2794.0,燃料油,能源化工,SHFE,FU0
2015-01-27,2869.0,2869.0,2796.0,2869.0,2,24,2869.0,燃料油,能源化工,SHFE,FU0
2015-01-28,2869.0,2869.0,2869.0,2869.0,0,24,2869.0,燃料油,能源化工,SHFE,FU0
2015-01-29,2869.0,2869.0,2869.0,2869.0,2,24,2869.0,燃料油,能源化工,SHFE,FU0
2015-01-30,2869.0,2869.0,2869.0,2869.0,0,24,2869.0,燃料油,能源化工,SHFE,FU0
2015-02-02,2800.0,2960.0,2725.0,2960.0,6,18,2828.0,燃料油,能源化工,SHFE,FU0
2015-02-03,2960.0,2960.0,2725.0,2960.0,0,18,2828.0,燃料油,能源化工,SHFE,FU0
2015-02-04,3086.0,3309.0,3086.0,3200.0,14,20,3258.0,燃料油,能源化工,SHFE,FU0
2015-02-05,3101.0,3370.0,3101.0,3333.0,38,22,3279.0,燃料油,能源化工,SHFE,FU0
2015-02-06,3155.0,3348.0,3155.0,3270.0,14,20,3266.0,燃料油,能源化工,SHFE,FU0
2015-02-09,3120.0,3347.0,3120.0,3328.0,18,18,3246.0,燃料油,能源化工,SHFE,FU0
2015-02-10,2828.0,2828.0,2828.0,2828.0,0,18,2828.0,燃料油,能源化工,SHFE,FU0
2015-02-11,2800.0,2960.0,2725.0,2828.0,6,18,2828.0,燃料油,能源化工,SHFE,FU0
2015-02-12,2969.0,2969.0,2969.0,2969.0,4,14,2969.0,燃料油,能源化工,SHFE,FU0
2015-02-13,2969.0,3117.0,2969.0,3117.0,4,10,3043.0,燃料油,能源化工,SHFE,FU0
2015-02-16,3330.0,3388.0,3162.0,3340.0,4,26,3335.0,燃料油,能源化工,SHFE,FU0
2015-02-17,3120.0,3460.0,3120.0,3460.0,14,30,3350.0,燃料油,能源化工,SHFE,FU0
2015-02-25,3418.0,3418.0,3418.0,3418.0,0,0,3418.0,燃料油,能源化工,SHFE,FU0
2015-02-26,3350.0,3459.0,3251.0,3400.0,14,34,3404.0,燃料油,能源化工,SHFE,FU0
2015-02-27,3321.0,3396.0,3321.0,3395.0,6,32,3371.0,燃料油,能源化工,SHFE,FU0
2015-03-02,3449.0,3498.0,3395.0,3497.0,14,36,3452.0,燃料油,能源化工,SHFE,FU0
2015-03-03,3407.0,3599.0,3407.0,3569.0,40,42,3541.0,燃料油,能源化工,SHFE,FU0
2015-03-04,3414.0,3621.0,3414.0,3581.0,28,28,3544.0,燃料油,能源化工,SHFE,FU0
2015-03-05,3540.0,3718.0,3540.0,3706.0,68,38,3646.0,燃料油,能源化工,SHFE,FU0
2015-03-06,3647.0,3828.0,3647.0,3828.0,32,38,3799.0,燃料油,能源化工,SHFE,FU0
2015-03-09,3865.0,3988.0,3865.0,3988.0,46,64,3982.0,燃料油,能源化工,SHFE,FU0
2015-03-10,3876.0,3988.0,3836.0,3836.0,16,60,3883.0,燃料油,能源化工,SHFE,FU0
2015-03-11,3876.0,4089.0,3690.0,3864.0,40,70,3784.0,燃料油,能源化工,SHFE,FU0
2015-03-12,3783.0,3864.0,3610.0,3610.0,32,76,3692.0,燃料油,能源化工,SHFE,FU0
2015-03-13,3513.0,3842.0,3507.0,3507.0,16,72,3509.0,燃料油,能源化工,SHFE,FU0
2015-03-16,3506.0,3515.0,3228.0,3268.0,68,82,3254.0,燃料油,能源化工,SHFE,FU0
2015-03-17,3096.0,3398.0,3096.0,3196.0,130,102,3190.0,燃料油,能源化工,SHFE,FU0
2015-03-18,3150.0,3233.0,3150.0,3181.0,56,112,3193.0,燃料油,能源化工,SHFE,FU0
2015-03-19,3280.0,3308.0,3202.0,3280.0,144,136,3262.0,燃料油,能源化工,SHFE,FU0
2015-03-20,3281.0,3281.0,3221.0,3221.0,18,134,3256.0,燃料油,能源化工,SHFE,FU0
2015-03-23,3266.0,3356.0,3202.0,3300.0,140,168,3287.0,燃料油,能源化工,SHFE,FU0
2015-03-24,3322.0,3356.0,3202.0,3265.0,78,162,3253.0,燃料油,能源化工,SHFE,FU0
2015-03-25,3217.0,3280.0,3217.0,3266.0,36,168,3248.0,燃料油,能源化工,SHFE,FU0
2015-03-26,3296.0,3408.0,3263.0,3370.0,156,182,3343.0,燃料油,能源化工,SHFE,FU0
2015-03-27,3343.0,3344.0,3250.0,3313.0,40,178,3302.0,燃料油,能源化工,SHFE,FU0
2015-03-30,3310.0,3310.0,3200.0,3215.0,26,176,3239.0,燃料油,能源化工,SHFE,FU0
2015-03-31,3310.0,3310.0,3203.0,3230.0,16,174,3243.0,燃料油,能源化工,SHFE,FU0
2015-04-01,3200.0,3279.0,3180.0,3203.0,24,180,3220.0,燃料油,能源化工,SHFE,FU0
2015-04-02,3250.0,3310.0,3203.0,3244.0,44,188,3263.0,燃料油,能源化工,SHFE,FU0
2015-04-03,3221.0,3244.0,3182.0,3235.0,10,188,3212.0,燃料油,能源化工,SHFE,FU0
2015-04-07,3127.0,3337.0,3126.0,3306.0,128,198,3271.0,燃料油,能源化工,SHFE,FU0
2015-04-08,3297.0,3345.0,3297.0,3310.0,76,206,3328.0,燃料油,能源化工,SHFE,FU0
2015-04-09,3251.0,3308.0,3251.0,3275.0,30,198,3283.0,燃料油,能源化工,SHFE,FU0
2015-04-10,3276.0,3281.0,3213.0,3258.0,38,194,3256.0,燃料油,能源化工,SHFE,FU0
2015-04-13,3272.0,3317.0,3272.0,3281.0,24,188,3283.0,燃料油,能源化工,SHFE,FU0
2015-04-14,3281.0,3317.0,3234.0,3277.0,10,188,3269.0,燃料油,能源化工,SHFE,FU0
2015-04-15,3280.0,3281.0,3226.0,3279.0,18,192,3264.0,燃料油,能源化工,SHFE,FU0
2015-04-16,3312.0,3312.0,3260.0,3288.0,50,190,3299.0,燃料油,能源化工,SHFE,FU0
2015-04-17,3313.0,3380.0,3260.0,3359.0,90,204,3354.0,燃料油,能源化工,SHFE,FU0
2015-04-20,3367.0,3380.0,3313.0,3349.0,70,194,3341.0,燃料油,能源化工,SHFE,FU0
2015-04-21,3321.0,3357.0,3321.0,3343.0,48,180,3343.0,燃料油,能源化工,SHFE,FU0
2015-04-22,3327.0,3357.0,3321.0,3333.0,32,178,3339.0,燃料油,能源化工,SHFE,FU0
2015-04-23,3337.0,3352.0,3331.0,3346.0,56,170,3342.0,燃料油,能源化工,SHFE,FU0
2015-04-24,3346.0,3375.0,3344.0,3352.0,50,168,3355.0,燃料油,能源化工,SHFE,FU0
2015-04-27,3357.0,3387.0,3357.0,3382.0,24,176,3376.0,燃料油,能源化工,SHFE,FU0
2015-04-28,3389.0,3506.0,3389.0,3423.0,50,176,3456.0,燃料油,能源化工,SHFE,FU0
2015-04-29,3421.0,3444.0,3367.0,3422.0,44,174,3423.0,燃料油,能源化工,SHFE,FU0
2015-04-30,3425.0,3525.0,3422.0,3431.0,56,170,3465.0,燃料油,能源化工,SHFE,FU0
2015-05-04,3465.0,3582.0,3464.0,3582.0,62,182,3529.0,燃料油,能源化工,SHFE,FU0
2015-05-05,3626.0,3705.0,3626.0,3640.0,114,174,3665.0,燃料油,能源化工,SHFE,FU0
2015-05-06,3770.0,3770.0,3675.0,3726.0,54,178,3736.0,燃料油,能源化工,SHFE,FU0
2015-05-07,3649.0,3726.0,3549.0,3549.0,52,172,3572.0,燃料油,能源化工,SHFE,FU0
2015-05-08,3290.0,3360.0,3288.0,3288.0,140,174,3318.0,燃料油,能源化工,SHFE,FU0
2015-05-11,3325.0,3468.0,3291.0,3412.0,150,172,3400.0,燃料油,能源化工,SHFE,FU0
2015-05-12,3401.0,3569.0,3282.0,3290.0,146,170,3344.0,燃料油,能源化工,SHFE,FU0
2015-05-13,3419.0,3479.0,3302.0,3369.0,160,172,3380.0,燃料油,能源化工,SHFE,FU0
2015-05-14,3337.0,3349.0,3285.0,3349.0,64,168,3320.0,燃料油,能源化工,SHFE,FU0
2015-05-15,3303.0,3349.0,3201.0,3210.0,52,164,3245.0,燃料油,能源化工,SHFE,FU0
2015-05-18,3135.0,3247.0,3131.0,3247.0,68,162,3197.0,燃料油,能源化工,SHFE,FU0
2015-05-19,3054.0,3247.0,3054.0,3157.0,68,162,3113.0,燃料油,能源化工,SHFE,FU0
2015-05-20,3045.0,3095.0,3000.0,3017.0,88,172,3037.0,燃料油,能源化工,SHFE,FU0
2015-05-21,2971.0,3035.0,2971.0,3002.0,100,164,3008.0,燃料油,能源化工,SHFE,FU0
2015-05-22,2902.0,3035.0,2857.0,2857.0,114,130,2873.0,燃料油,能源化工,SHFE,FU0
2015-05-25,2899.0,2900.0,2750.0,2849.0,92,78,2797.0,燃料油,能源化工,SHFE,FU0
2015-05-26,2849.0,2936.0,2770.0,2936.0,44,78,2881.0,燃料油,能源化工,SHFE,FU0
2015-05-27,3111.0,3111.0,2936.0,3111.0,4,74,3111.0,燃料油,能源化工,SHFE,FU0
2015-05-28,3100.0,3111.0,3100.0,3100.0,74,74,3100.0,燃料油,能源化工,SHFE,FU0
2015-05-29,3100.0,3100.0,3100.0,3100.0,0,74,3100.0,燃料油,能源化工,SHFE,FU0
2015-06-02,3395.0,3395.0,3100.0,3395.0,0,74,3395.0,燃料油,能源化工,SHFE,FU0
2015-06-03,3100.0,3395.0,3100.0,3395.0,74,74,3395.0,燃料油,能源化工,SHFE,FU0
2015-06-04,3395.0,3395.0,3100.0,3395.0,0,74,3395.0,燃料油,能源化工,SHFE,FU0
2015-06-05,3100.0,3395.0,3100.0,3395.0,74,74,3395.0,燃料油,能源化工,SHFE,FU0
2015-06-08,3395.0,3395.0,3395.0,3395.0,0,74,3395.0,燃料油,能源化工,SHFE,FU0
2015-06-09,3100.0,3395.0,3100.0,3395.0,74,74,3395.0,燃料油,能源化工,SHFE,FU0
2015-06-10,3395.0,3395.0,3100.0,3395.0,0,74,3395.0,燃料油,能源化工,SHFE,FU0
2015-06-11,3395.0,3395.0,3395.0,3395.0,0,74,3395.0,燃料油,能源化工,SHFE,FU0
2015-06-12,3395.0,3395.0,3395.0,3395.0,0,74,3395.0,燃料油,能源化工,SHFE,FU0
2015-06-15,3395.0,3395.0,3395.0,3395.0,0,74,3395.0,燃料油,能源化工,SHFE,FU0
2015-06-16,3734.0,3734.0,3090.0,3300.0,12,0,3433.0,燃料油,能源化工,SHFE,FU0
2015-06-17,3283.0,3296.0,3258.0,3258.0,6,64,3279.0,燃料油,能源化工,SHFE,FU0
2015-06-18,3246.0,3258.0,3123.0,3232.0,16,68,3197.0,燃料油,能源化工,SHFE,FU0
2015-06-19,3222.0,3251.0,3123.0,3222.0,2,68,3222.0,燃料油,能源化工,SHFE,FU0
2015-06-23,2945.0,2945.0,2945.0,2945.0,0,2,2945.0,燃料油,能源化工,SHFE,FU0
2015-06-24,3249.0,3249.0,3110.0,3110.0,16,70,3147.0,燃料油,能源化工,SHFE,FU0
2015-06-25,3150.0,3249.0,2993.0,2995.0,20,74,3056.0,燃料油,能源化工,SHFE,FU0
2015-06-26,3047.0,3047.0,2903.0,2910.0,38,70,2946.0,燃料油,能源化工,SHFE,FU0
2015-06-29,2910.0,3047.0,2903.0,2910.0,0,70,2910.0,燃料油,能源化工,SHFE,FU0
2015-06-30,2910.0,2910.0,2910.0,2910.0,0,70,2910.0,燃料油,能源化工,SHFE,FU0
2015-07-01,2813.0,2856.0,2770.0,2838.0,24,72,2813.0,燃料油,能源化工,SHFE,FU0
2015-07-02,2790.0,2838.0,2790.0,2790.0,2,70,2790.0,燃料油,能源化工,SHFE,FU0
2015-07-03,2816.0,2816.0,2660.0,2715.0,18,72,2730.0,燃料油,能源化工,SHFE,FU0
2015-07-06,2621.0,2621.0,2621.0,2621.0,2,72,2621.0,燃料油,能源化工,SHFE,FU0
2015-07-07,2736.0,2736.0,2519.0,2519.0,4,72,2627.0,燃料油,能源化工,SHFE,FU0
2015-07-08,2519.0,2519.0,2519.0,2519.0,4,70,2519.0,燃料油,能源化工,SHFE,FU0
2015-07-09,2519.0,2643.0,2396.0,2589.0,92,82,2494.0,燃料油,能源化工,SHFE,FU0
2015-07-10,2499.0,2643.0,2396.0,2522.0,30,78,2524.0,燃料油,能源化工,SHFE,FU0
2015-07-13,2426.0,2522.0,2426.0,2522.0,6,76,2489.0,燃料油,能源化工,SHFE,FU0
2015-07-14,2377.0,2522.0,2377.0,2492.0,26,80,2453.0,燃料油,能源化工,SHFE,FU0
2015-07-15,2492.0,2492.0,2492.0,2492.0,0,80,2453.0,燃料油,能源化工,SHFE,FU0
2015-07-16,2520.0,2521.0,2377.0,2453.0,26,80,2453.0,燃料油,能源化工,SHFE,FU0
2015-07-17,2500.0,2535.0,2431.0,2480.0,16,74,2490.0,燃料油,能源化工,SHFE,FU0
2015-07-20,2413.0,2535.0,2413.0,2415.0,14,76,2440.0,燃料油,能源化工,SHFE,FU0
2015-07-21,2367.0,2499.0,2367.0,2429.0,26,74,2393.0,燃料油,能源化工,SHFE,FU0
2015-07-22,2363.0,2467.0,2312.0,2359.0,34,72,2351.0,燃料油,能源化工,SHFE,FU0
2015-07-23,2287.0,2457.0,2287.0,2338.0,16,74,2311.0,燃料油,能源化工,SHFE,FU0
2015-07-24,2275.0,2338.0,2240.0,2262.0,44,74,2259.0,燃料油,能源化工,SHFE,FU0
2015-07-27,2222.0,2305.0,2222.0,2287.0,26,72,2242.0,燃料油,能源化工,SHFE,FU0
2015-07-28,2189.0,2299.0,2189.0,2252.0,14,70,2245.0,燃料油,能源化工,SHFE,FU0
2015-07-29,2245.0,2287.0,2189.0,2287.0,6,70,2259.0,燃料油,能源化工,SHFE,FU0
2015-07-30,2223.0,2287.0,2220.0,2220.0,14,70,2241.0,燃料油,能源化工,SHFE,FU0
2015-07-31,2205.0,2278.0,2187.0,2205.0,14,74,2197.0,燃料油,能源化工,SHFE,FU0
2015-08-03,2104.0,2205.0,2104.0,2120.0,24,74,2130.0,燃料油,能源化工,SHFE,FU0
2015-08-04,2131.0,2145.0,2053.0,2145.0,38,74,2097.0,燃料油,能源化工,SHFE,FU0
2015-08-05,2091.0,2149.0,2053.0,2098.0,38,72,2111.0,燃料油,能源化工,SHFE,FU0
2015-08-06,2099.0,2149.0,2011.0,2098.0,26,68,2091.0,燃料油,能源化工,SHFE,FU0
2015-08-07,2148.0,2148.0,2011.0,2143.0,18,68,2137.0,燃料油,能源化工,SHFE,FU0
2015-08-10,2084.0,2230.0,2084.0,2222.0,48,76,2150.0,燃料油,能源化工,SHFE,FU0
2015-08-11,2155.0,2241.0,2084.0,2215.0,32,76,2199.0,燃料油,能源化工,SHFE,FU0
2015-08-12,2289.0,2289.0,2155.0,2240.0,50,74,2230.0,燃料油,能源化工,SHFE,FU0
2015-08-13,2239.0,2289.0,2173.0,2239.0,2,74,2239.0,燃料油,能源化工,SHFE,FU0
2015-08-14,2228.0,2259.0,2191.0,2191.0,20,74,2239.0,燃料油,能源化工,SHFE,FU0
2015-08-17,2129.0,2259.0,2129.0,2199.0,16,70,2154.0,燃料油,能源化工,SHFE,FU0
2015-08-18,2199.0,2199.0,2059.0,2059.0,36,70,2113.0,燃料油,能源化工,SHFE,FU0
2015-08-19,2067.0,2156.0,2031.0,2039.0,48,70,2064.0,燃料油,能源化工,SHFE,FU0
2015-08-20,2058.0,2076.0,2012.0,2040.0,16,68,2041.0,燃料油,能源化工,SHFE,FU0
2015-08-21,1996.0,2076.0,1996.0,2019.0,16,68,2007.0,燃料油,能源化工,SHFE,FU0
2015-08-24,2008.0,2008.0,1906.0,1906.0,16,68,1919.0,燃料油,能源化工,SHFE,FU0
2015-08-25,1765.0,1951.0,1765.0,1765.0,78,44,1826.0,燃料油,能源化工,SHFE,FU0
2015-08-26,1752.0,1858.0,1734.0,1758.0,106,38,1759.0,燃料油,能源化工,SHFE,FU0
2015-08-27,1758.0,1858.0,1734.0,1758.0,0,38,1759.0,燃料油,能源化工,SHFE,FU0
2015-08-28,1752.0,1858.0,1734.0,1759.0,106,38,1759.0,燃料油,能源化工,SHFE,FU0
2015-08-31,1671.0,1858.0,1671.0,1846.0,4,36,1758.0,燃料油,能源化工,SHFE,FU0
2015-09-02,1901.0,2061.0,1901.0,1996.0,46,26,1975.0,燃料油,能源化工,SHFE,FU0
2015-09-03,1901.0,2061.0,1901.0,1975.0,0,26,1975.0,燃料油,能源化工,SHFE,FU0
2015-09-07,1903.0,2061.0,1901.0,1996.0,46,26,1975.0,燃料油,能源化工,SHFE,FU0
2015-09-08,2083.0,2083.0,1979.0,2061.0,94,32,2055.0,燃料油,能源化工,SHFE,FU0
2015-09-09,2117.0,2149.0,2077.0,2135.0,80,34,2117.0,燃料油,能源化工,SHFE,FU0
2015-09-10,2121.0,2198.0,2077.0,2198.0,24,26,2169.0,燃料油,能源化工,SHFE,FU0
2015-09-11,2171.0,2198.0,2121.0,2173.0,6,20,2172.0,燃料油,能源化工,SHFE,FU0
2015-09-14,2115.0,2173.0,2069.0,2098.0,20,22,2098.0,燃料油,能源化工,SHFE,FU0
2015-09-15,2625.0,2625.0,2493.0,2493.0,16,16,2608.0,燃料油,能源化工,SHFE,FU0
2015-09-16,2070.0,2199.0,2070.0,2100.0,4,18,2085.0,燃料油,能源化工,SHFE,FU0
2015-09-17,2100.0,2100.0,2070.0,2100.0,0,18,2101.0,燃料油,能源化工,SHFE,FU0
2015-09-18,2070.0,2101.0,2070.0,2101.0,4,18,2120.0,燃料油,能源化工,SHFE,FU0
2015-09-21,2121.0,2130.0,2120.0,2130.0,8,16,2125.0,燃料油,能源化工,SHFE,FU0
2015-09-22,2140.0,2228.0,2121.0,2200.0,44,16,2196.0,燃料油,能源化工,SHFE,FU0
2015-09-23,2200.0,2278.0,2140.0,2204.0,18,14,2225.0,燃料油,能源化工,SHFE,FU0
2015-09-24,2115.0,2288.0,2115.0,2257.0,16,14,2209.0,燃料油,能源化工,SHFE,FU0
2015-09-25,2319.0,2319.0,2115.0,2190.0,6,16,2276.0,燃料油,能源化工,SHFE,FU0
2015-09-28,2389.0,2389.0,2190.0,2389.0,2,16,2389.0,燃料油,能源化工,SHFE,FU0
2015-09-29,2508.0,2389.0,2389.0,2389.0,0,16,2508.0,燃料油,能源化工,SHFE,FU0
2015-09-30,2508.0,2508.0,2508.0,2508.0,0,16,2508.0,燃料油,能源化工,SHFE,FU0
2015-10-08,2309.0,2309.0,2309.0,2309.0,0,2,2309.0,燃料油,能源化工,SHFE,FU0
2015-10-09,2472.0,2472.0,2472.0,2472.0,0,16,2472.0,燃料油,能源化工,SHFE,FU0
2015-10-12,2472.0,2472.0,2472.0,2472.0,0,16,2472.0,燃料油,能源化工,SHFE,FU0
2015-10-13,2472.0,2472.0,2472.0,2472.0,0,16,2472.0,燃料油,能源化工,SHFE,FU0
2015-10-14,2472.0,2472.0,2472.0,2472.0,0,16,2472.0,燃料油,能源化工,SHFE,FU0
2015-10-15,2472.0,2472.0,2472.0,2472.0,0,16,2472.0,燃料油,能源化工,SHFE,FU0
2015-10-16,2472.0,2472.0,2472.0,2472.0,0,16,2472.0,燃料油,能源化工,SHFE,FU0
2015-10-19,2472.0,2472.0,2472.0,2472.0,0,16,2472.0,燃料油,能源化工,SHFE,FU0
2015-10-20,2472.0,2472.0,2472.0,2472.0,0,16,2472.0,燃料油,能源化工,SHFE,FU0
2015-10-21,2472.0,2472.0,2472.0,2472.0,0,16,2472.0,燃料油,能源化工,SHFE,FU0
2015-10-22,2472.0,2472.0,2472.0,2472.0,0,16,2472.0,燃料油,能源化工,SHFE,FU0
2015-10-23,2472.0,2472.0,2472.0,2472.0,0,16,2472.0,燃料油,能源化工,SHFE,FU0
2015-10-26,2472.0,2472.0,2472.0,2472.0,0,16,2472.0,燃料油,能源化工,SHFE,FU0
2015-10-27,2472.0,2472.0,2472.0,2472.0,0,16,2472.0,燃料油,能源化工,SHFE,FU0
2015-10-28,2472.0,2472.0,2472.0,2472.0,0,16,2472.0,燃料油,能源化工,SHFE,FU0
2015-10-29,2472.0,2472.0,2472.0,2472.0,0,16,2472.0,燃料油,能源化工,SHFE,FU0
2015-10-30,2472.0,2472.0,2472.0,2472.0,0,16,2472.0,燃料油,能源化工,SHFE,FU0
2015-11-02,2472.0,2472.0,2472.0,2472.0,0,16,2472.0,燃料油,能源化工,SHFE,FU0
2015-11-03,2472.0,2472.0,2472.0,2472.0,0,16,2472.0,燃料油,能源化工,SHFE,FU0
2015-11-04,2472.0,2472.0,2472.0,2472.0,0,16,2472.0,燃料油,能源化工,SHFE,FU0
2015-11-05,2472.0,2472.0,2472.0,2472.0,0,16,2472.0,燃料油,能源化工,SHFE,FU0
2015-11-06,2472.0,2472.0,2472.0,2472.0,0,16,2472.0,燃料油,能源化工,SHFE,FU0
2015-11-09,2472.0,2472.0,2472.0,2472.0,0,16,2472.0,燃料油,能源化工,SHFE,FU0
2015-11-10,2472.0,2472.0,2472.0,2472.0,0,16,2472.0,燃料油,能源化工,SHFE,FU0
2015-11-11,2472.0,2472.0,2472.0,2472.0,0,16,2472.0,燃料油,能源化工,SHFE,FU0
2015-11-12,2472.0,2472.0,2472.0,2472.0,0,16,2472.0,燃料油,能源化工,SHFE,FU0
2015-11-13,2472.0,2472.0,2472.0,2472.0,0,16,2472.0,燃料油,能源化工,SHFE,FU0
2015-11-16,2472.0,2472.0,2472.0,2472.0,0,16,2472.0,燃料油,能源化工,SHFE,FU0
2015-11-17,2472.0,2472.0,2472.0,2472.0,0,16,2472.0,燃料油,能源化工,SHFE,FU0
2015-11-18,2472.0,2472.0,2472.0,2472.0,0,16,2472.0,燃料油,能源化工,SHFE,FU0
2015-11-19,2472.0,2472.0,2472.0,2472.0,0,16,2472.0,燃料油,能源化工,SHFE,FU0
2015-11-20,2472.0,2472.0,2472.0,2472.0,0,16,2472.0,燃料油,能源化工,SHFE,FU0
2015-11-23,2472.0,2472.0,2472.0,2472.0,0,16,2472.0,燃料油,能源化工,SHFE,FU0
2015-11-24,2472.0,2472.0,2472.0,2472.0,0,16,2472.0,燃料油,能源化工,SHFE,FU0
2015-11-25,2472.0,2472.0,2472.0,2472.0,0,16,2472.0,燃料油,能源化工,SHFE,FU0
2015-11-26,2472.0,2472.0,2472.0,2472.0,0,16,2472.0,燃料油,能源化工,SHFE,FU0
2015-11-27,2472.0,2472.0,2472.0,2472.0,0,16,2472.0,燃料油,能源化工,SHFE,FU0
2015-11-30,2472.0,2472.0,2472.0,2472.0,0,16,2472.0,燃料油,能源化工,SHFE,FU0
2015-12-01,2472.0,2472.0,2472.0,2472.0,0,16,2472.0,燃料油,能源化工,SHFE,FU0
2015-12-02,2472.0,2472.0,2472.0,2472.0,0,16,2472.0,燃料油,能源化工,SHFE,FU0
2015-12-03,2472.0,2472.0,2472.0,2472.0,0,16,2472.0,燃料油,能源化工,SHFE,FU0
2015-12-04,2472.0,2472.0,2472.0,2472.0,0,16,2472.0,燃料油,能源化工,SHFE,FU0
2015-12-07,2472.0,2472.0,2472.0,2472.0,0,16,2472.0,燃料油,能源化工,SHFE,FU0
2015-12-08,2472.0,2472.0,2472.0,2472.0,0,16,2472.0,燃料油,能源化工,SHFE,FU0
2015-12-09,2472.0,2472.0,2472.0,2472.0,0,16,2472.0,燃料油,能源化工,SHFE,FU0
2015-12-10,2472.0,2472.0,2472.0,2472.0,0,16,2472.0,燃料油,能源化工,SHFE,FU0
2015-12-11,2472.0,2472.0,2472.0,2472.0,0,16,2472.0,燃料油,能源化工,SHFE,FU0
2015-12-14,2472.0,2472.0,2472.0,2472.0,0,16,2472.0,燃料油,能源化工,SHFE,FU0
2015-12-15,2472.0,2472.0,2472.0,2472.0,0,16,2472.0,燃料油,能源化工,SHFE,FU0
2015-12-16,2472.0,2472.0,2472.0,2472.0,0,16,2472.0,燃料油,能源化工,SHFE,FU0
2015-12-17,2472.0,2472.0,2472.0,2472.0,0,16,2472.0,燃料油,能源化工,SHFE,FU0
2015-12-18,2472.0,2472.0,2472.0,2472.0,0,16,2472.0,燃料油,能源化工,SHFE,FU0
2015-12-21,2472.0,2472.0,2472.0,2472.0,0,16,2472.0,燃料油,能源化工,SHFE,FU0
2015-12-22,2472.0,2472.0,2472.0,2472.0,0,16,2472.0,燃料油,能源化工,SHFE,FU0
2015-12-23,2472.0,2472.0,2472.0,2472.0,0,16,2472.0,燃料油,能源化工,SHFE,FU0
2015-12-24,2472.0,2472.0,2472.0,2472.0,0,16,2472.0,燃料油,能源化工,SHFE,FU0
2015-12-25,2524.0,2610.0,2518.0,2524.0,0,18,2578.0,燃料油,能源化工,SHFE,FU0
2015-12-28,2580.0,2610.0,2518.0,2578.0,16,18,2578.0,燃料油,能源化工,SHFE,FU0
2015-12-29,2467.0,2589.0,2464.0,2535.0,24,12,2528.0,燃料油,能源化工,SHFE,FU0
2015-12-30,2472.0,2472.0,2472.0,2472.0,0,16,2472.0,燃料油,能源化工,SHFE,FU0
2015-12-31,2472.0,2472.0,2472.0,2472.0,0,16,2472.0,燃料油,能源化工,SHFE,FU0
2016-01-04,2472.0,2472.0,2472.0,2472.0,0,16,2472.0,燃料油,能源化工,SHFE,FU0
2016-01-05,2472.0,2472.0,2472.0,2472.0,0,16,2472.0,燃料油,能源化工,SHFE,FU0
2016-01-06,2472.0,2472.0,2472.0,2472.0,0,16,2472.0,燃料油,能源化工,SHFE,FU0
2016-01-07,2472.0,2472.0,2472.0,2472.0,0,16,2472.0,燃料油,能源化工,SHFE,FU0
2016-01-08,2452.0,2452.0,2452.0,2452.0,4,20,2452.0,燃料油,能源化工,SHFE,FU0
2016-01-11,2411.0,2574.0,2411.0,2565.0,22,18,2543.0,燃料油,能源化工,SHFE,FU0
2016-01-12,2505.0,2583.0,2505.0,2564.0,14,14,2558.0,燃料油,能源化工,SHFE,FU0
2016-01-13,2472.0,2472.0,2472.0,2472.0,0,16,2472.0,燃料油,能源化工,SHFE,FU0
2016-01-14,2472.0,2472.0,2472.0,2472.0,0,16,2472.0,燃料油,能源化工,SHFE,FU0
2016-01-15,2472.0,2472.0,2472.0,2472.0,0,16,2472.0,燃料油,能源化工,SHFE,FU0
2016-01-18,2472.0,2472.0,2472.0,2472.0,0,16,2472.0,燃料油,能源化工,SHFE,FU0
2016-01-19,2472.0,2472.0,2472.0,2472.0,0,16,2472.0,燃料油,能源化工,SHFE,FU0
2016-01-20,2472.0,2472.0,2472.0,2472.0,0,16,2472.0,燃料油,能源化工,SHFE,FU0
2016-01-21,2472.0,2472.0,2472.0,2472.0,0,16,2472.0,燃料油,能源化工,SHFE,FU0
2016-01-22,2472.0,2472.0,2472.0,2472.0,0,16,2472.0,燃料油,能源化工,SHFE,FU0
2016-01-25,2472.0,2472.0,2472.0,2472.0,0,16,2472.0,燃料油,能源化工,SHFE,FU0
2016-01-26,2472.0,2472.0,2472.0,2472.0,0,16,2472.0,燃料油,能源化工,SHFE,FU0
2016-01-27,2472.0,2472.0,2472.0,2472.0,0,16,2472.0,燃料油,能源化工,SHFE,FU0
2016-01-28,2472.0,2472.0,2472.0,2472.0,0,16,2472.0,燃料油,能源化工,SHFE,FU0
2016-01-29,2472.0,2472.0,2472.0,2472.0,0,16,2472.0,燃料油,能源化工,SHFE,FU0
2016-02-01,2472.0,2472.0,2472.0,2472.0,0,16,2472.0,燃料油,能源化工,SHFE,FU0
2016-02-02,2472.0,2472.0,2472.0,2472.0,0,16,2472.0,燃料油,能源化工,SHFE,FU0
2016-02-03,2472.0,2472.0,2472.0,2472.0,0,16,2472.0,燃料油,能源化工,SHFE,FU0
2016-02-04,2472.0,2472.0,2472.0,2472.0,0,0,2472.0,燃料油,能源化工,SHFE,FU0
2016-02-05,2608.0,2608.0,2561.0,2561.0,34,6,2597.0,燃料油,能源化工,SHFE,FU0
2016-02-15,2470.0,2599.0,2470.0,2599.0,8,10,2534.0,燃料油,能源化工,SHFE,FU0
2016-02-16,2470.0,2599.0,2470.0,2599.0,0,10,2597.0,燃料油,能源化工,SHFE,FU0
2016-02-17,2520.0,2520.0,2520.0,2520.0,2,10,2520.0,燃料油,能源化工,SHFE,FU0
2016-02-18,2472.0,2472.0,2472.0,2472.0,0,16,2472.0,燃料油,能源化工,SHFE,FU0
2016-02-19,2472.0,2472.0,2472.0,2472.0,0,16,2472.0,燃料油,能源化工,SHFE,FU0
2016-02-22,2472.0,2472.0,2472.0,2472.0,0,16,2472.0,燃料油,能源化工,SHFE,FU0
2016-02-23,2472.0,2472.0,2472.0,2472.0,0,16,2472.0,燃料油,能源化工,SHFE,FU0
2016-02-24,2472.0,2472.0,2472.0,2472.0,0,16,2472.0,燃料油,能源化工,SHFE,FU0
2016-02-25,2472.0,2472.0,2472.0,2472.0,0,16,2472.0,燃料油,能源化工,SHFE,FU0
2016-02-26,2472.0,2472.0,2472.0,2472.0,0,16,2472.0,燃料油,能源化工,SHFE,FU0
2016-02-29,2472.0,2472.0,2472.0,2472.0,0,16,2472.0,燃料油,能源化工,SHFE,FU0
2016-03-01,2472.0,2472.0,2472.0,2472.0,0,16,2472.0,燃料油,能源化工,SHFE,FU0
2016-03-02,2472.0,2472.0,2472.0,2472.0,0,16,2472.0,燃料油,能源化工,SHFE,FU0
2016-03-03,2472.0,2472.0,2472.0,2472.0,0,16,2472.0,燃料油,能源化工,SHFE,FU0
2016-03-04,2472.0,2472.0,2472.0,2472.0,0,16,2472.0,燃料油,能源化工,SHFE,FU0
2016-03-07,2472.0,2472.0,2472.0,2472.0,0,16,2472.0,燃料油,能源化工,SHFE,FU0
2016-03-08,2472.0,2472.0,2472.0,2472.0,0,16,2472.0,燃料油,能源化工,SHFE,FU0
2016-03-09,2472.0,2472.0,2472.0,2472.0,0,16,2472.0,燃料油,能源化工,SHFE,FU0
2016-03-10,2472.0,2472.0,2472.0,2472.0,0,16,2472.0,燃料油,能源化工,SHFE,FU0
2016-03-11,2472.0,2472.0,2472.0,2472.0,0,16,2472.0,燃料油,能源化工,SHFE,FU0
2016-03-14,2472.0,2472.0,2472.0,2472.0,0,16,2472.0,燃料油,能源化工,SHFE,FU0
2016-03-15,2472.0,2472.0,2472.0,2472.0,0,16,2472.0,燃料油,能源化工,SHFE,FU0
2016-03-16,2472.0,2472.0,2472.0,2472.0,0,16,2472.0,燃料油,能源化工,SHFE,FU0
2016-03-17,2472.0,2472.0,2472.0,2472.0,0,16,2472.0,燃料油,能源化工,SHFE,FU0
2016-03-18,2472.0,2472.0,2472.0,2472.0,0,16,2472.0,燃料油,能源化工,SHFE,FU0
2016-03-21,2472.0,2472.0,2472.0,2472.0,0,16,2472.0,燃料油,能源化工,SHFE,FU0
2016-03-22,2472.0,2472.0,2472.0,2472.0,0,16,2472.0,燃料油,能源化工,SHFE,FU0
2016-03-23,2472.0,2472.0,2472.0,2472.0,0,16,2472.0,燃料油,能源化工,SHFE,FU0
2016-03-24,2472.0,2472.0,2472.0,2472.0,0,16,2472.0,燃料油,能源化工,SHFE,FU0
2016-03-25,2472.0,2472.0,2472.0,2472.0,0,16,2472.0,燃料油,能源化工,SHFE,FU0
2016-03-28,2472.0,2472.0,2472.0,2472.0,0,16,2472.0,燃料油,能源化工,SHFE,FU0
2016-03-29,2472.0,2472.0,2472.0,2472.0,0,16,2472.0,燃料油,能源化工,SHFE,FU0
2016-03-30,2472.0,2472.0,2472.0,2472.0,0,16,2472.0,燃料油,能源化工,SHFE,FU0
2016-03-31,2265.0,2374.0,2265.0,2369.0,52,16,2350.0,燃料油,能源化工,SHFE,FU0
2016-04-01,2472.0,2472.0,2472.0,2472.0,0,16,2472.0,燃料油,能源化工,SHFE,FU0
2016-04-05,2410.0,2410.0,2410.0,2410.0,0,2,2291.0,燃料油,能源化工,SHFE,FU0
2016-04-06,2512.0,2512.0,2444.0,2444.0,8,16,2461.0,燃料油,能源化工,SHFE,FU0
2016-04-07,2461.0,2512.0,2444.0,2461.0,0,16,2461.0,燃料油,能源化工,SHFE,FU0
2016-04-08,2430.0,2512.0,2430.0,2461.0,8,16,2430.0,燃料油,能源化工,SHFE,FU0
2016-04-11,2430.0,2430.0,2430.0,2430.0,2,14,2430.0,燃料油,能源化工,SHFE,FU0
2016-04-12,2484.0,2484.0,2484.0,2484.0,0,16,2484.0,燃料油,能源化工,SHFE,FU0
2016-04-13,2484.0,2484.0,2484.0,2484.0,0,16,2484.0,燃料油,能源化工,SHFE,FU0
2016-04-14,2484.0,2484.0,2484.0,2484.0,0,16,2484.0,燃料油,能源化工,SHFE,FU0
2016-04-15,2484.0,2484.0,2484.0,2484.0,0,16,2484.0,燃料油,能源化工,SHFE,FU0
2016-04-18,2484.0,2484.0,2484.0,2484.0,0,16,2484.0,燃料油,能源化工,SHFE,FU0
2016-04-19,2484.0,2484.0,2484.0,2484.0,0,16,2484.0,燃料油,能源化工,SHFE,FU0
2016-04-20,2484.0,2484.0,2484.0,2484.0,0,16,2484.0,燃料油,能源化工,SHFE,FU0
2016-04-21,2484.0,2484.0,2484.0,2484.0,0,16,2484.0,燃料油,能源化工,SHFE,FU0
2016-04-22,2484.0,2484.0,2484.0,2484.0,0,16,2484.0,燃料油,能源化工,SHFE,FU0
2016-04-25,2484.0,2484.0,2484.0,2484.0,0,16,2484.0,燃料油,能源化工,SHFE,FU0
2016-04-26,2484.0,2484.0,2484.0,2484.0,0,16,2484.0,燃料油,能源化工,SHFE,FU0
2016-04-27,2484.0,2484.0,2484.0,2484.0,0,16,2484.0,燃料油,能源化工,SHFE,FU0
2016-04-28,2484.0,2484.0,2484.0,2484.0,0,0,2484.0,燃料油,能源化工,SHFE,FU0
2016-04-29,2499.0,2499.0,2147.0,2499.0,0,4,2380.0,燃料油,能源化工,SHFE,FU0
2016-05-03,2380.0,2380.0,2147.0,2380.0,0,4,2380.0,燃料油,能源化工,SHFE,FU0
2016-05-04,2147.0,2380.0,2147.0,2380.0,4,4,2380.0,燃料油,能源化工,SHFE,FU0
2016-05-05,2147.0,2380.0,2147.0,2380.0,0,4,2472.0,燃料油,能源化工,SHFE,FU0
2016-05-06,2450.0,2450.0,2355.0,2390.0,80,10,2389.0,燃料油,能源化工,SHFE,FU0
2016-05-09,2450.0,2450.0,2355.0,2390.0,0,10,2389.0,燃料油,能源化工,SHFE,FU0
2016-05-10,2339.0,2450.0,2339.0,2389.0,80,8,2339.0,燃料油,能源化工,SHFE,FU0
2016-05-11,2339.0,2339.0,2339.0,2339.0,2,8,2339.0,燃料油,能源化工,SHFE,FU0
2016-05-12,2339.0,2339.0,2339.0,2339.0,0,8,2339.0,燃料油,能源化工,SHFE,FU0
2016-05-13,2339.0,2339.0,2339.0,2339.0,2,8,2340.0,燃料油,能源化工,SHFE,FU0
2016-05-16,2340.0,2340.0,2339.0,2340.0,0,8,2343.0,燃料油,能源化工,SHFE,FU0
2016-05-17,2230.0,2410.0,2230.0,2410.0,6,6,2326.0,燃料油,能源化工,SHFE,FU0
2016-05-18,2528.0,2528.0,2528.0,2528.0,4,4,2528.0,燃料油,能源化工,SHFE,FU0
2016-05-19,2562.0,2562.0,2560.0,2560.0,0,6,2561.0,燃料油,能源化工,SHFE,FU0
2016-05-20,2562.0,2562.0,2560.0,2561.0,6,6,2561.0,燃料油,能源化工,SHFE,FU0
2016-05-23,2561.0,2562.0,2560.0,2561.0,0,6,2561.0,燃料油,能源化工,SHFE,FU0
2016-05-24,2533.0,2533.0,2433.0,2433.0,4,6,2483.0,燃料油,能源化工,SHFE,FU0
2016-05-25,2360.0,2607.0,2360.0,2601.0,22,18,2565.0,燃料油,能源化工,SHFE,FU0
2016-05-26,2630.0,2630.0,2360.0,2579.0,6,14,2595.0,燃料油,能源化工,SHFE,FU0
2016-05-27,2576.0,2576.0,2471.0,2575.0,8,10,2549.0,燃料油,能源化工,SHFE,FU0
2016-05-30,2553.0,2599.0,2471.0,2596.0,8,8,2579.0,燃料油,能源化工,SHFE,FU0
2016-05-31,2553.0,2599.0,2553.0,2596.0,0,8,2579.0,燃料油,能源化工,SHFE,FU0
2016-06-01,2567.0,2599.0,2553.0,2579.0,8,10,2567.0,燃料油,能源化工,SHFE,FU0
2016-06-02,2439.0,2599.0,2439.0,2567.0,8,10,2551.0,燃料油,能源化工,SHFE,FU0
2016-06-03,2599.0,2599.0,2598.0,2598.0,6,14,2598.0,燃料油,能源化工,SHFE,FU0
2016-06-06,2584.0,2620.0,2584.0,2594.0,20,12,2597.0,燃料油,能源化工,SHFE,FU0
2016-06-07,2608.0,2645.0,2608.0,2621.0,44,14,2616.0,燃料油,能源化工,SHFE,FU0
2016-06-08,2585.0,2641.0,2585.0,2613.0,8,14,2620.0,燃料油,能源化工,SHFE,FU0
2016-06-13,2500.0,2749.0,2500.0,2632.0,16,14,2638.0,燃料油,能源化工,SHFE,FU0
2016-06-14,2587.0,2617.0,2587.0,2617.0,6,12,2607.0,燃料油,能源化工,SHFE,FU0
2016-06-15,2568.0,2595.0,2568.0,2595.0,4,12,2581.0,燃料油,能源化工,SHFE,FU0
2016-06-16,2459.0,2612.0,2459.0,2592.0,10,10,2576.0,燃料油,能源化工,SHFE,FU0
2016-06-17,2486.0,2615.0,2615.0,2615.0,0,12,2486.0,燃料油,能源化工,SHFE,FU0
2016-06-20,2594.0,2598.0,2486.0,2593.0,14,16,2594.0,燃料油,能源化工,SHFE,FU0
2016-06-21,2617.0,2617.0,2611.0,2617.0,0,16,2614.0,燃料油,能源化工,SHFE,FU0
2016-06-22,2511.0,2637.0,2511.0,2626.0,8,14,2598.0,燃料油,能源化工,SHFE,FU0
2016-06-23,2594.0,2598.0,2593.0,2594.0,0,16,2594.0,燃料油,能源化工,SHFE,FU0
2016-06-24,2594.0,2594.0,2594.0,2594.0,0,16,2594.0,燃料油,能源化工,SHFE,FU0
2016-06-27,2594.0,2594.0,2594.0,2594.0,0,16,2594.0,燃料油,能源化工,SHFE,FU0
2016-06-28,2615.0,2624.0,2594.0,2598.0,10,12,2613.0,燃料油,能源化工,SHFE,FU0
2016-06-29,2598.0,2624.0,2598.0,2598.0,0,12,2613.0,燃料油,能源化工,SHFE,FU0
2016-06-30,2615.0,2624.0,2598.0,2613.0,10,12,2613.0,燃料油,能源化工,SHFE,FU0
2016-07-01,2644.0,2644.0,2598.0,2631.0,18,12,2632.0,燃料油,能源化工,SHFE,FU0
2016-07-04,2635.0,2635.0,2550.0,2550.0,0,16,2592.0,燃料油,能源化工,SHFE,FU0
2016-07-05,2635.0,2635.0,2550.0,2592.0,32,16,2592.0,燃料油,能源化工,SHFE,FU0
2016-07-06,2635.0,2635.0,2550.0,2592.0,0,16,2592.0,燃料油,能源化工,SHFE,FU0
2016-07-07,2635.0,2635.0,2550.0,2592.0,32,16,2592.0,燃料油,能源化工,SHFE,FU0
2016-07-08,2635.0,2635.0,2550.0,2592.0,0,16,2592.0,燃料油,能源化工,SHFE,FU0
2016-07-11,2635.0,2635.0,2550.0,2592.0,32,16,2592.0,燃料油,能源化工,SHFE,FU0
2016-07-12,2635.0,2635.0,2550.0,2592.0,0,16,2592.0,燃料油,能源化工,SHFE,FU0
2016-07-13,2635.0,2635.0,2550.0,2592.0,32,16,2592.0,燃料油,能源化工,SHFE,FU0
2016-07-14,2635.0,2635.0,2550.0,2592.0,0,16,2592.0,燃料油,能源化工,SHFE,FU0
2016-07-15,2635.0,2635.0,2550.0,2592.0,32,16,2592.0,燃料油,能源化工,SHFE,FU0
2016-07-18,2592.0,2592.0,2592.0,2592.0,0,16,2592.0,燃料油,能源化工,SHFE,FU0
2016-07-19,2592.0,2592.0,2592.0,2592.0,0,16,2592.0,燃料油,能源化工,SHFE,FU0
2016-07-20,2592.0,2592.0,2592.0,2592.0,0,16,2592.0,燃料油,能源化工,SHFE,FU0
2016-07-21,2592.0,2592.0,2592.0,2592.0,0,16,2592.0,燃料油,能源化工,SHFE,FU0
2016-07-22,2592.0,2592.0,2592.0,2592.0,0,16,2592.0,燃料油,能源化工,SHFE,FU0
2016-07-25,2592.0,2592.0,2592.0,2592.0,0,16,2592.0,燃料油,能源化工,SHFE,FU0
2016-07-26,2592.0,2592.0,2592.0,2592.0,0,16,2592.0,燃料油,能源化工,SHFE,FU0
2016-07-27,2592.0,2592.0,2592.0,2592.0,0,16,2592.0,燃料油,能源化工,SHFE,FU0
2016-07-28,2592.0,2592.0,2592.0,2592.0,0,16,2592.0,燃料油,能源化工,SHFE,FU0
2016-07-29,2592.0,2592.0,2592.0,2592.0,0,16,2592.0,燃料油,能源化工,SHFE,FU0
2016-08-01,2592.0,2592.0,2592.0,2592.0,0,16,2592.0,燃料油,能源化工,SHFE,FU0
2016-08-02,2592.0,2592.0,2592.0,2592.0,0,16,2592.0,燃料油,能源化工,SHFE,FU0
2016-08-03,2592.0,2592.0,2592.0,2592.0,0,16,2592.0,燃料油,能源化工,SHFE,FU0
2016-08-04,2592.0,2592.0,2592.0,2592.0,0,16,2592.0,燃料油,能源化工,SHFE,FU0
2016-08-05,2592.0,2592.0,2592.0,2592.0,0,16,2592.0,燃料油,能源化工,SHFE,FU0
2016-08-08,2592.0,2592.0,2592.0,2592.0,0,16,2592.0,燃料油,能源化工,SHFE,FU0
2016-08-09,2592.0,2592.0,2592.0,2592.0,0,16,2592.0,燃料油,能源化工,SHFE,FU0
2016-08-10,2592.0,2592.0,2592.0,2592.0,0,16,2592.0,燃料油,能源化工,SHFE,FU0
2016-08-11,2592.0,2592.0,2592.0,2592.0,0,16,2592.0,燃料油,能源化工,SHFE,FU0
2016-08-12,2592.0,2592.0,2592.0,2592.0,0,16,2592.0,燃料油,能源化工,SHFE,FU0
2016-08-15,2592.0,2592.0,2592.0,2592.0,0,16,2592.0,燃料油,能源化工,SHFE,FU0
2016-08-16,2592.0,2592.0,2592.0,2592.0,0,16,2592.0,燃料油,能源化工,SHFE,FU0
2016-08-17,2592.0,2592.0,2592.0,2592.0,0,16,2592.0,燃料油,能源化工,SHFE,FU0
2016-08-18,2592.0,2592.0,2592.0,2592.0,0,16,2592.0,燃料油,能源化工,SHFE,FU0
2016-08-19,2592.0,2592.0,2592.0,2592.0,0,16,2592.0,燃料油,能源化工,SHFE,FU0
2016-08-22,2592.0,2592.0,2592.0,2592.0,0,16,2592.0,燃料油,能源化工,SHFE,FU0
2016-08-23,2592.0,2592.0,2592.0,2592.0,0,16,2592.0,燃料油,能源化工,SHFE,FU0
2016-08-24,2592.0,2592.0,2592.0,2592.0,0,16,2592.0,燃料油,能源化工,SHFE,FU0
2016-08-25,2592.0,2592.0,2592.0,2592.0,0,16,2592.0,燃料油,能源化工,SHFE,FU0
2016-08-26,2592.0,2592.0,2592.0,2592.0,0,16,2592.0,燃料油,能源化工,SHFE,FU0
2016-08-29,2592.0,2592.0,2592.0,2592.0,0,16,2592.0,燃料油,能源化工,SHFE,FU0
2016-08-30,2592.0,2592.0,2592.0,2592.0,0,16,2592.0,燃料油,能源化工,SHFE,FU0
2016-08-31,2592.0,2592.0,2592.0,2592.0,0,16,2592.0,燃料油,能源化工,SHFE,FU0
2016-09-01,2592.0,2592.0,2592.0,2592.0,0,16,2592.0,燃料油,能源化工,SHFE,FU0
2016-09-02,2592.0,2592.0,2592.0,2592.0,0,16,2592.0,燃料油,能源化工,SHFE,FU0
2016-09-05,2592.0,2592.0,2592.0,2592.0,0,16,2592.0,燃料油,能源化工,SHFE,FU0
2016-09-06,2592.0,2592.0,2592.0,2592.0,0,16,2592.0,燃料油,能源化工,SHFE,FU0
2016-09-07,2592.0,2592.0,2592.0,2592.0,0,16,2592.0,燃料油,能源化工,SHFE,FU0
2016-09-08,2592.0,2592.0,2592.0,2592.0,0,16,2592.0,燃料油,能源化工,SHFE,FU0
2016-09-09,2592.0,2592.0,2592.0,2592.0,0,16,2592.0,燃料油,能源化工,SHFE,FU0
2016-09-12,2592.0,2592.0,2592.0,2592.0,0,16,2592.0,燃料油,能源化工,SHFE,FU0
2016-09-13,2607.0,2697.0,2584.0,2685.0,24,14,2650.0,燃料油,能源化工,SHFE,FU0
2016-09-14,2592.0,2592.0,2592.0,2592.0,0,16,2592.0,燃料油,能源化工,SHFE,FU0
2016-09-19,2592.0,2592.0,2592.0,2592.0,0,16,2592.0,燃料油,能源化工,SHFE,FU0
2016-09-20,2592.0,2592.0,2592.0,2592.0,0,16,2592.0,燃料油,能源化工,SHFE,FU0
2016-09-21,2592.0,2592.0,2592.0,2592.0,0,16,2592.0,燃料油,能源化工,SHFE,FU0
2016-09-22,2592.0,2592.0,2592.0,2592.0,0,16,2592.0,燃料油,能源化工,SHFE,FU0
2016-09-23,2592.0,2592.0,2592.0,2592.0,0,16,2592.0,燃料油,能源化工,SHFE,FU0
2016-09-26,2592.0,2592.0,2592.0,2592.0,0,16,2592.0,燃料油,能源化工,SHFE,FU0
2016-09-27,2592.0,2592.0,2592.0,2592.0,0,16,2592.0,燃料油,能源化工,SHFE,FU0
2016-09-28,2592.0,2592.0,2592.0,2592.0,0,16,2592.0,燃料油,能源化工,SHFE,FU0
2016-09-29,2592.0,2592.0,2592.0,2592.0,0,16,2592.0,燃料油,能源化工,SHFE,FU0
2016-09-30,2592.0,2592.0,2592.0,2592.0,0,16,2592.0,燃料油,能源化工,SHFE,FU0
2016-10-10,2592.0,2592.0,2592.0,2592.0,0,16,2592.0,燃料油,能源化工,SHFE,FU0
2016-10-11,2592.0,2592.0,2592.0,2592.0,0,16,2592.0,燃料油,能源化工,SHFE,FU0
2016-10-12,2592.0,2592.0,2592.0,2592.0,0,16,2592.0,燃料油,能源化工,SHFE,FU0
2016-10-13,2592.0,2592.0,2592.0,2592.0,0,16,2592.0,燃料油,能源化工,SHFE,FU0
2016-10-14,2592.0,2592.0,2592.0,2592.0,0,16,2592.0,燃料油,能源化工,SHFE,FU0
2016-10-17,2592.0,2592.0,2592.0,2592.0,0,16,2592.0,燃料油,能源化工,SHFE,FU0
2016-10-18,2592.0,2592.0,2592.0,2592.0,0,16,2592.0,燃料油,能源化工,SHFE,FU0
2016-10-19,2592.0,2592.0,2592.0,2592.0,0,16,2592.0,燃料油,能源化工,SHFE,FU0
2016-10-20,2592.0,2592.0,2592.0,2592.0,0,16,2592.0,燃料油,能源化工,SHFE,FU0
2016-10-21,2592.0,2592.0,2592.0,2592.0,0,16,2592.0,燃料油,能源化工,SHFE,FU0
2016-10-24,2592.0,2592.0,2592.0,2592.0,0,16,2592.0,燃料油,能源化工,SHFE,FU0
2016-10-25,2592.0,2592.0,2592.0,2592.0,0,16,2592.0,燃料油,能源化工,SHFE,FU0
2016-10-26,2592.0,2592.0,2592.0,2592.0,0,16,2592.0,燃料油,能源化工,SHFE,FU0
2016-10-27,2592.0,2592.0,2592.0,2592.0,0,16,2592.0,燃料油,能源化工,SHFE,FU0
2016-10-28,2592.0,2592.0,2592.0,2592.0,0,16,2592.0,燃料油,能源化工,SHFE,FU0
2016-10-31,2592.0,2592.0,2592.0,2592.0,0,16,2592.0,燃料油,能源化工,SHFE,FU0
2016-11-02,2518.0,2518.0,2518.0,2518.0,0,16,2518.0,燃料油,能源化工,SHFE,FU0
2016-11-03,2533.0,2533.0,2533.0,2533.0,0,16,2533.0,燃料油,能源化工,SHFE,FU0
2016-11-04,2546.0,2546.0,2546.0,2546.0,0,16,2546.0,燃料油,能源化工,SHFE,FU0
2016-11-07,2546.0,2546.0,2546.0,2546.0,0,16,2546.0,燃料油,能源化工,SHFE,FU0
2016-11-08,2430.0,2430.0,2430.0,2430.0,0,16,2430.0,燃料油,能源化工,SHFE,FU0
2016-11-09,2372.0,2372.0,2372.0,2372.0,0,16,2372.0,燃料油,能源化工,SHFE,FU0
2016-11-10,2609.0,2609.0,2609.0,2609.0,0,16,2609.0,燃料油,能源化工,SHFE,FU0
2016-11-11,2929.0,2929.0,2760.0,2927.0,16,16,2897.0,燃料油,能源化工,SHFE,FU0
2016-11-14,2850.0,2929.0,2841.0,2860.0,6,14,2879.0,燃料油,能源化工,SHFE,FU0
2016-11-15,2818.0,2818.0,2818.0,2818.0,0,16,2818.0,燃料油,能源化工,SHFE,FU0
2016-11-16,2947.0,3075.0,2947.0,3035.0,58,20,3006.0,燃料油,能源化工,SHFE,FU0
2016-11-17,3044.0,3044.0,2994.0,2998.0,12,20,3019.0,燃料油,能源化工,SHFE,FU0
2016-11-18,3000.0,3044.0,2994.0,3000.0,2,20,3000.0,燃料油,能源化工,SHFE,FU0
2016-11-21,2967.0,3018.0,2967.0,3017.0,6,18,3000.0,燃料油,能源化工,SHFE,FU0
2016-11-22,3008.0,3052.0,3005.0,3036.0,30,20,3022.0,燃料油,能源化工,SHFE,FU0
2016-11-23,3034.0,3052.0,3005.0,3033.0,4,16,3033.0,燃料油,能源化工,SHFE,FU0
2016-11-24,3041.0,3041.0,3035.0,3035.0,8,14,3038.0,燃料油,能源化工,SHFE,FU0
2016-11-25,3043.0,3189.0,3043.0,3166.0,30,26,3125.0,燃料油,能源化工,SHFE,FU0
2016-11-28,3166.0,3281.0,3166.0,3280.0,22,28,3248.0,燃料油,能源化工,SHFE,FU0
2016-11-29,3271.0,3400.0,3166.0,3269.0,20,24,3323.0,燃料油,能源化工,SHFE,FU0
2016-11-30,3215.0,3320.0,3215.0,3320.0,4,24,3267.0,燃料油,能源化工,SHFE,FU0
2016-12-01,3350.0,3430.0,3295.0,3425.0,52,30,3406.0,燃料油,能源化工,SHFE,FU0
2016-12-02,3548.0,3576.0,3425.0,3576.0,30,34,3547.0,燃料油,能源化工,SHFE,FU0
2016-12-05,3816.0,3829.0,3618.0,3727.0,186,60,3750.0,燃料油,能源化工,SHFE,FU0
2016-12-06,3726.0,3853.0,3711.0,3818.0,64,72,3784.0,燃料油,能源化工,SHFE,FU0
2016-12-07,3970.0,3973.0,3858.0,3973.0,96,82,3942.0,燃料油,能源化工,SHFE,FU0
2016-12-08,3969.0,4139.0,3965.0,4124.0,170,166,4099.0,燃料油,能源化工,SHFE,FU0
2016-12-09,4212.0,4245.0,4098.0,4209.0,196,222,4193.0,燃料油,能源化工,SHFE,FU0
2016-12-12,4251.0,4402.0,4245.0,4400.0,182,316,4358.0,燃料油,能源化工,SHFE,FU0
2016-12-13,4510.0,4575.0,4213.0,4575.0,302,358,4510.0,燃料油,能源化工,SHFE,FU0
2016-12-14,4588.0,4627.0,4381.0,4502.0,418,310,4521.0,燃料油,能源化工,SHFE,FU0
2016-12-15,4484.0,4515.0,4294.0,4294.0,160,278,4373.0,燃料油,能源化工,SHFE,FU0
2016-12-16,4200.0,4200.0,4023.0,4081.0,280,296,4099.0,燃料油,能源化工,SHFE,FU0
2016-12-19,4093.0,4264.0,4074.0,4133.0,238,296,4161.0,燃料油,能源化工,SHFE,FU0
2016-12-20,4035.0,4140.0,4035.0,4082.0,114,262,4080.0,燃料油,能源化工,SHFE,FU0
2016-12-21,4173.0,4194.0,4114.0,4140.0,84,248,4163.0,燃料油,能源化工,SHFE,FU0
2016-12-22,4100.0,4120.0,4003.0,4003.0,100,204,4059.0,燃料油,能源化工,SHFE,FU0
2016-12-23,4030.0,4191.0,4030.0,4104.0,126,220,4089.0,燃料油,能源化工,SHFE,FU0
2016-12-26,4149.0,4200.0,4098.0,4179.0,120,188,4139.0,燃料油,能源化工,SHFE,FU0
2016-12-27,4162.0,4250.0,4162.0,4212.0,82,174,4211.0,燃料油,能源化工,SHFE,FU0
2016-12-28,4321.0,4421.0,4312.0,4421.0,152,186,4370.0,燃料油,能源化工,SHFE,FU0
2016-12-29,4493.0,4493.0,4384.0,4472.0,124,178,4441.0,燃料油,能源化工,SHFE,FU0
2016-12-30,4472.0,4520.0,4472.0,4487.0,78,174,4496.0,燃料油,能源化工,SHFE,FU0
2017-01-03,4100.0,4100.0,4100.0,4100.0,0,2,4100.0,燃料油,能源化工,SHFE,FU0
2017-01-04,4471.0,4471.0,4322.0,4345.0,172,168,4358.0,燃料油,能源化工,SHFE,FU0
2017-01-05,4345.0,4412.0,4252.0,4326.0,120,160,4324.0,燃料油,能源化工,SHFE,FU0
2017-01-06,4432.0,4449.0,4290.0,4396.0,148,160,4399.0,燃料油,能源化工,SHFE,FU0
2017-01-09,4390.0,4450.0,4355.0,4450.0,62,150,4406.0,燃料油,能源化工,SHFE,FU0
2017-01-10,4306.0,4322.0,4188.0,4230.0,116,132,4234.0,燃料油,能源化工,SHFE,FU0
2017-01-11,4084.0,4280.0,4083.0,4260.0,136,134,4196.0,燃料油,能源化工,SHFE,FU0
2017-01-12,4285.0,4380.0,4200.0,4267.0,88,128,4274.0,燃料油,能源化工,SHFE,FU0
2017-01-13,4310.0,4380.0,4200.0,4345.0,36,122,4324.0,燃料油,能源化工,SHFE,FU0
2017-01-16,4352.0,4400.0,4341.0,4364.0,42,110,4360.0,燃料油,能源化工,SHFE,FU0
2017-01-17,4364.0,4557.0,4334.0,4399.0,46,104,4449.0,燃料油,能源化工,SHFE,FU0
2017-01-18,4455.0,4557.0,4334.0,4464.0,32,106,4473.0,燃料油,能源化工,SHFE,FU0
2017-01-19,4442.0,4479.0,4440.0,4479.0,10,106,4463.0,燃料油,能源化工,SHFE,FU0
2017-01-20,4452.0,4500.0,4386.0,4413.0,34,102,4440.0,燃料油,能源化工,SHFE,FU0
2017-01-23,4453.0,4478.0,4344.0,4393.0,36,106,4428.0,燃料油,能源化工,SHFE,FU0
2017-01-24,4352.0,4439.0,4283.0,4414.0,48,112,4354.0,燃料油,能源化工,SHFE,FU0
2017-01-25,4401.0,4414.0,4414.0,4414.0,0,106,4426.0,燃料油,能源化工,SHFE,FU0
2017-01-26,4351.0,4475.0,4351.0,4442.0,20,100,4412.0,燃料油,能源化工,SHFE,FU0
2017-02-03,4473.0,4475.0,4351.0,4458.0,24,100,4453.0,燃料油,能源化工,SHFE,FU0
2017-02-06,4473.0,4458.0,4458.0,4458.0,0,100,4453.0,燃料油,能源化工,SHFE,FU0
2017-02-07,4497.0,4497.0,4405.0,4453.0,24,100,4453.0,燃料油,能源化工,SHFE,FU0
2017-02-08,4450.0,4497.0,4430.0,4477.0,22,90,4449.0,燃料油,能源化工,SHFE,FU0
2017-02-09,4468.0,4494.0,4448.0,4476.0,20,82,4466.0,燃料油,能源化工,SHFE,FU0
2017-02-10,4522.0,4522.0,4461.0,4512.0,18,74,4515.0,燃料油,能源化工,SHFE,FU0
2017-02-13,4527.0,4685.0,4514.0,4521.0,94,96,4606.0,燃料油,能源化工,SHFE,FU0
2017-02-14,4461.0,4685.0,4514.0,4521.0,0,96,4439.0,燃料油,能源化工,SHFE,FU0
2017-02-15,4428.0,4519.0,4223.0,4227.0,86,128,4294.0,燃料油,能源化工,SHFE,FU0
2017-02-16,4102.0,4243.0,4082.0,4084.0,84,134,4138.0,燃料油,能源化工,SHFE,FU0
2017-02-17,4094.0,4084.0,4084.0,4084.0,0,134,4045.0,燃料油,能源化工,SHFE,FU0
2017-02-20,4094.0,4104.0,3937.0,4015.0,68,142,4042.0,燃料油,能源化工,SHFE,FU0
2017-02-21,3808.0,3946.0,3800.0,3839.0,56,120,3839.0,燃料油,能源化工,SHFE,FU0
2017-02-22,3861.0,3839.0,3839.0,3839.0,0,118,3932.0,燃料油,能源化工,SHFE,FU0
2017-02-23,3823.0,3965.0,3822.0,3866.0,48,110,3882.0,燃料油,能源化工,SHFE,FU0
2017-02-24,3880.0,3965.0,3822.0,3899.0,34,110,3880.0,燃料油,能源化工,SHFE,FU0
2017-02-27,3988.0,3988.0,3857.0,3857.0,24,106,3897.0,燃料油,能源化工,SHFE,FU0
2017-02-28,3889.0,4050.0,3857.0,3918.0,74,82,3968.0,燃料油,能源化工,SHFE,FU0
2017-03-01,3862.0,3920.0,3862.0,3920.0,8,82,3885.0,燃料油,能源化工,SHFE,FU0
2017-03-02,3862.0,3920.0,3920.0,3920.0,0,82,3885.0,燃料油,能源化工,SHFE,FU0
2017-03-03,3827.0,3920.0,3702.0,3755.0,20,80,3800.0,燃料油,能源化工,SHFE,FU0
2017-03-07,3347.0,3347.0,3347.0,3347.0,0,4,3476.0,燃料油,能源化工,SHFE,FU0
2017-03-08,3809.0,3896.0,3780.0,3825.0,44,64,3842.0,燃料油,能源化工,SHFE,FU0
2017-03-09,3844.0,3825.0,3825.0,3825.0,0,64,3842.0,燃料油,能源化工,SHFE,FU0
2017-03-10,3799.0,3873.0,3770.0,3778.0,20,54,3805.0,燃料油,能源化工,SHFE,FU0
2017-03-13,3701.0,3964.0,3700.0,3811.0,24,50,3823.0,燃料油,能源化工,SHFE,FU0
2017-03-14,3701.0,3811.0,3811.0,3811.0,0,50,3823.0,燃料油,能源化工,SHFE,FU0
2017-03-15,3760.0,3964.0,3700.0,3823.0,24,50,3823.0,燃料油,能源化工,SHFE,FU0
2017-03-16,3732.0,3797.0,3732.0,3742.0,16,38,3760.0,燃料油,能源化工,SHFE,FU0
2017-03-20,3737.0,3737.0,3737.0,3737.0,0,4,3759.0,燃料油,能源化工,SHFE,FU0
2017-03-21,3800.0,3886.0,3730.0,3750.0,14,24,3823.0,燃料油,能源化工,SHFE,FU0
2017-03-22,3751.0,3750.0,3750.0,3750.0,0,24,3751.0,燃料油,能源化工,SHFE,FU0
2017-03-23,3757.0,3757.0,3720.0,3720.0,6,22,3744.0,燃料油,能源化工,SHFE,FU0
2017-03-24,3779.0,3720.0,3720.0,3720.0,0,20,3779.0,燃料油,能源化工,SHFE,FU0
2017-03-27,3725.0,3779.0,3725.0,3730.0,6,12,3728.0,燃料油,能源化工,SHFE,FU0
2017-03-29,3889.0,3966.0,3966.0,3966.0,0,4,3905.0,燃料油,能源化工,SHFE,FU0
2017-03-30,3915.0,3815.0,3815.0,3815.0,0,4,3915.0,燃料油,能源化工,SHFE,FU0
2017-03-31,3915.0,3915.0,3915.0,3915.0,4,4,3915.0,燃料油,能源化工,SHFE,FU0
2017-04-06,3808.0,3808.0,3808.0,3808.0,0,4,3808.0,燃料油,能源化工,SHFE,FU0
2017-04-07,3808.0,3808.0,3808.0,3808.0,0,4,3808.0,燃料油,能源化工,SHFE,FU0
2017-04-10,3808.0,3808.0,3808.0,3808.0,0,4,3808.0,燃料油,能源化工,SHFE,FU0
2017-04-11,3808.0,3808.0,3808.0,3808.0,0,4,3808.0,燃料油,能源化工,SHFE,FU0
2017-04-12,3808.0,3808.0,3808.0,3808.0,0,4,3808.0,燃料油,能源化工,SHFE,FU0
2017-04-13,3808.0,3808.0,3808.0,3808.0,0,4,3808.0,燃料油,能源化工,SHFE,FU0
2017-04-14,3808.0,3808.0,3808.0,3808.0,0,4,3808.0,燃料油,能源化工,SHFE,FU0
2017-04-17,3808.0,3808.0,3808.0,3808.0,0,4,3808.0,燃料油,能源化工,SHFE,FU0
2017-04-18,3808.0,3808.0,3808.0,3808.0,0,4,3808.0,燃料油,能源化工,SHFE,FU0
2017-04-19,3808.0,3808.0,3808.0,3808.0,0,4,3808.0,燃料油,能源化工,SHFE,FU0
2017-04-20,3808.0,3808.0,3808.0,3808.0,0,4,3808.0,燃料油,能源化工,SHFE,FU0
2017-04-21,3808.0,3808.0,3808.0,3808.0,0,4,3808.0,燃料油,能源化工,SHFE,FU0
2017-04-24,3808.0,3808.0,3808.0,3808.0,0,4,3808.0,燃料油,能源化工,SHFE,FU0
2017-04-25,3808.0,3808.0,3808.0,3808.0,0,4,3808.0,燃料油,能源化工,SHFE,FU0
2017-04-26,3808.0,3808.0,3808.0,3808.0,0,4,3808.0,燃料油,能源化工,SHFE,FU0
2017-04-27,3808.0,3808.0,3808.0,3808.0,0,4,3808.0,燃料油,能源化工,SHFE,FU0
2017-04-28,3808.0,3808.0,3808.0,3808.0,0,4,3808.0,燃料油,能源化工,SHFE,FU0
2017-05-02,3808.0,3808.0,3808.0,3808.0,0,4,3808.0,燃料油,能源化工,SHFE,FU0
2017-05-03,3808.0,3808.0,3808.0,3808.0,0,4,3808.0,燃料油,能源化工,SHFE,FU0
2017-05-04,3808.0,3808.0,3808.0,3808.0,0,4,3808.0,燃料油,能源化工,SHFE,FU0
2017-05-05,3808.0,3808.0,3808.0,3808.0,0,4,3808.0,燃料油,能源化工,SHFE,FU0
2017-05-08,3808.0,3808.0,3808.0,3808.0,0,4,3808.0,燃料油,能源化工,SHFE,FU0
2017-05-09,3808.0,3808.0,3808.0,3808.0,0,4,3808.0,燃料油,能源化工,SHFE,FU0
2017-05-10,3808.0,3808.0,3808.0,3808.0,0,4,3808.0,燃料油,能源化工,SHFE,FU0
2017-05-11,3808.0,3808.0,3808.0,3808.0,0,4,3808.0,燃料油,能源化工,SHFE,FU0
2017-05-12,3808.0,3808.0,3808.0,3808.0,0,4,3808.0,燃料油,能源化工,SHFE,FU0
2017-05-15,3824.0,3980.0,3778.0,3849.0,48,6,3871.0,燃料油,能源化工,SHFE,FU0
2017-05-16,3813.0,3859.0,3772.0,3855.0,16,2,3818.0,燃料油,能源化工,SHFE,FU0
2017-05-17,3808.0,3808.0,3808.0,3808.0,0,4,3808.0,燃料油,能源化工,SHFE,FU0
2017-05-18,3808.0,3808.0,3808.0,3808.0,0,4,3808.0,燃料油,能源化工,SHFE,FU0
2017-05-19,3808.0,3808.0,3808.0,3808.0,0,4,3808.0,燃料油,能源化工,SHFE,FU0
2017-05-22,3808.0,3808.0,3808.0,3808.0,0,4,3808.0,燃料油,能源化工,SHFE,FU0
2017-05-26,3808.0,3808.0,3808.0,3808.0,0,4,3808.0,燃料油,能源化工,SHFE,FU0
2017-05-31,3808.0,3808.0,3808.0,3808.0,0,4,3808.0,燃料油,能源化工,SHFE,FU0
2017-06-01,3808.0,3808.0,3808.0,3808.0,0,4,3808.0,燃料油,能源化工,SHFE,FU0
2017-06-02,3808.0,3808.0,3808.0,3808.0,0,4,3808.0,燃料油,能源化工,SHFE,FU0
2017-06-05,3808.0,3808.0,3808.0,3808.0,0,4,3808.0,燃料油,能源化工,SHFE,FU0
2017-06-06,3808.0,3808.0,3808.0,3808.0,0,4,3808.0,燃料油,能源化工,SHFE,FU0
2017-06-07,3808.0,3808.0,3808.0,3808.0,0,4,3808.0,燃料油,能源化工,SHFE,FU0
2017-06-08,3808.0,3808.0,3808.0,3808.0,0,4,3808.0,燃料油,能源化工,SHFE,FU0
2017-06-09,3808.0,3808.0,3808.0,3808.0,0,4,3808.0,燃料油,能源化工,SHFE,FU0
2017-06-12,3808.0,3808.0,3808.0,3808.0,0,4,3808.0,燃料油,能源化工,SHFE,FU0
2017-06-13,3808.0,3808.0,3808.0,3808.0,0,4,3808.0,燃料油,能源化工,SHFE,FU0
2017-06-14,3808.0,3808.0,3808.0,3808.0,0,4,3808.0,燃料油,能源化工,SHFE,FU0
2017-06-15,3730.0,4023.0,3730.0,3987.0,20,4,3902.0,燃料油,能源化工,SHFE,FU0
2017-06-16,3717.0,4023.0,3717.0,3987.0,20,4,3906.0,燃料油,能源化工,SHFE,FU0
2017-06-19,4079.0,4079.0,3717.0,3864.0,10,2,4079.0,燃料油,能源化工,SHFE,FU0
2017-06-20,3808.0,3808.0,3808.0,3808.0,0,4,3808.0,燃料油,能源化工,SHFE,FU0
2017-06-21,3808.0,3808.0,3808.0,3808.0,0,4,3808.0,燃料油,能源化工,SHFE,FU0
2017-06-22,3808.0,3808.0,3808.0,3808.0,0,4,3808.0,燃料油,能源化工,SHFE,FU0
2017-06-23,3808.0,3808.0,3808.0,3808.0,0,4,3808.0,燃料油,能源化工,SHFE,FU0
2017-06-26,3808.0,3808.0,3808.0,3808.0,0,4,3808.0,燃料油,能源化工,SHFE,FU0
2017-06-27,3808.0,3808.0,3808.0,3808.0,0,4,3808.0,燃料油,能源化工,SHFE,FU0
2017-06-28,3808.0,3808.0,3808.0,3808.0,0,4,3808.0,燃料油,能源化工,SHFE,FU0
2017-06-29,3808.0,3808.0,3808.0,3808.0,0,4,3808.0,燃料油,能源化工,SHFE,FU0
2017-06-30,3808.0,3808.0,3808.0,3808.0,0,4,3808.0,燃料油,能源化工,SHFE,FU0
2017-07-03,3808.0,3808.0,3808.0,3808.0,0,4,3808.0,燃料油,能源化工,SHFE,FU0
2017-07-04,3808.0,3808.0,3808.0,3808.0,0,4,3808.0,燃料油,能源化工,SHFE,FU0
2017-07-05,3808.0,3808.0,3808.0,3808.0,0,4,3808.0,燃料油,能源化工,SHFE,FU0
2017-07-06,3808.0,3808.0,3808.0,3808.0,0,4,3808.0,燃料油,能源化工,SHFE,FU0
2017-07-07,3808.0,3808.0,3808.0,3808.0,0,4,3808.0,燃料油,能源化工,SHFE,FU0
2017-07-10,3808.0,3808.0,3808.0,3808.0,0,4,3808.0,燃料油,能源化工,SHFE,FU0
2017-07-11,3808.0,3808.0,3808.0,3808.0,0,4,3808.0,燃料油,能源化工,SHFE,FU0
2017-07-12,3808.0,3808.0,3808.0,3808.0,0,4,3808.0,燃料油,能源化工,SHFE,FU0
2017-07-13,3916.0,3916.0,3799.0,3818.0,0,6,3818.0,燃料油,能源化工,SHFE,FU0
2017-07-14,3793.0,3884.0,3732.0,3732.0,6,6,3803.0,燃料油,能源化工,SHFE,FU0
2017-07-17,3781.0,3884.0,3732.0,3732.0,6,6,3805.0,燃料油,能源化工,SHFE,FU0
2017-07-18,3781.0,3829.0,3781.0,3829.0,4,6,3805.0,燃料油,能源化工,SHFE,FU0
2017-07-19,3781.0,3829.0,3781.0,3805.0,0,6,3805.0,燃料油,能源化工,SHFE,FU0
2017-07-20,3781.0,3829.0,3781.0,3805.0,4,6,3805.0,燃料油,能源化工,SHFE,FU0
2017-07-21,3615.0,3945.0,3615.0,3840.0,16,8,3770.0,燃料油,能源化工,SHFE,FU0
2017-07-24,3799.0,3945.0,3615.0,3840.0,16,8,3799.0,燃料油,能源化工,SHFE,FU0
2017-07-25,3671.0,3799.0,3671.0,3745.0,10,4,3696.0,燃料油,能源化工,SHFE,FU0
2017-07-26,3808.0,3808.0,3808.0,3808.0,0,4,3808.0,燃料油,能源化工,SHFE,FU0
2017-07-27,3808.0,3808.0,3808.0,3808.0,0,4,3808.0,燃料油,能源化工,SHFE,FU0
2017-07-28,3808.0,3808.0,3808.0,3808.0,0,4,3808.0,燃料油,能源化工,SHFE,FU0
2017-07-31,3808.0,3808.0,3808.0,3808.0,0,4,3808.0,燃料油,能源化工,SHFE,FU0
2017-08-01,3808.0,3808.0,3808.0,3808.0,0,4,3808.0,燃料油,能源化工,SHFE,FU0
2017-08-02,3700.0,3895.0,3700.0,3890.0,4,6,3700.0,燃料油,能源化工,SHFE,FU0
2017-08-03,3879.0,3879.0,3681.0,3753.0,20,4,3802.0,燃料油,能源化工,SHFE,FU0
2017-08-04,3979.0,3979.0,3637.0,3753.0,20,4,3813.0,燃料油,能源化工,SHFE,FU0
2017-08-07,3822.0,3947.0,3669.0,3726.0,26,6,3793.0,燃料油,能源化工,SHFE,FU0
2017-08-08,3789.0,3947.0,3669.0,3726.0,26,6,3765.0,燃料油,能源化工,SHFE,FU0
2017-08-09,3806.0,3806.0,3750.0,3765.0,8,6,3781.0,燃料油,能源化工,SHFE,FU0
2017-08-10,3806.0,3806.0,3756.0,3756.0,4,4,3806.0,燃料油,能源化工,SHFE,FU0
2017-08-11,3824.0,3824.0,3822.0,3823.0,0,4,3823.0,燃料油,能源化工,SHFE,FU0
2017-08-14,3855.0,3950.0,3800.0,3860.0,0,6,3866.0,燃料油,能源化工,SHFE,FU0
2017-08-15,3866.0,3866.0,3866.0,3866.0,0,6,3866.0,燃料油,能源化工,SHFE,FU0
2017-08-16,3879.0,3879.0,3866.0,3879.0,2,6,3879.0,燃料油,能源化工,SHFE,FU0
2017-08-17,3984.0,3984.0,3879.0,3879.0,0,8,3984.0,燃料油,能源化工,SHFE,FU0
2017-08-18,3786.0,4020.0,3786.0,3930.0,8,4,3880.0,燃料油,能源化工,SHFE,FU0
2017-08-21,3880.0,4012.0,3880.0,3991.0,12,4,3942.0,燃料油,能源化工,SHFE,FU0
2017-08-22,3950.0,4012.0,3880.0,3991.0,12,4,3942.0,燃料油,能源化工,SHFE,FU0
2017-08-23,3950.0,3950.0,3950.0,3950.0,2,2,3950.0,燃料油,能源化工,SHFE,FU0
2017-08-24,3938.0,3938.0,3938.0,3938.0,0,2,3938.0,燃料油,能源化工,SHFE,FU0
2017-08-25,4199.0,4204.0,4199.0,4204.0,0,2,4199.0,燃料油,能源化工,SHFE,FU0
2017-08-28,3938.0,3938.0,3938.0,3938.0,0,2,3938.0,燃料油,能源化工,SHFE,FU0
2017-08-29,3938.0,3938.0,3938.0,3938.0,0,2,3938.0,燃料油,能源化工,SHFE,FU0
2017-08-30,3938.0,3938.0,3938.0,3938.0,0,2,3938.0,燃料油,能源化工,SHFE,FU0
2017-08-31,3938.0,3938.0,3938.0,3938.0,0,2,3938.0,燃料油,能源化工,SHFE,FU0
2017-09-01,3938.0,3938.0,3938.0,3938.0,0,2,3956.0,燃料油,能源化工,SHFE,FU0
2017-09-04,3929.0,3929.0,3929.0,3929.0,0,2,3929.0,燃料油,能源化工,SHFE,FU0
2017-09-05,3929.0,3929.0,3929.0,3929.0,0,2,3929.0,燃料油,能源化工,SHFE,FU0
2017-09-06,3929.0,3929.0,3929.0,3929.0,0,2,3929.0,燃料油,能源化工,SHFE,FU0
2017-09-07,3929.0,3929.0,3929.0,3929.0,0,2,3929.0,燃料油,能源化工,SHFE,FU0
2017-09-08,3929.0,3929.0,3929.0,3929.0,0,2,3929.0,燃料油,能源化工,SHFE,FU0
2017-09-11,3929.0,3929.0,3929.0,3929.0,0,2,3929.0,燃料油,能源化工,SHFE,FU0
2017-09-12,3929.0,3929.0,3929.0,3929.0,0,2,3929.0,燃料油,能源化工,SHFE,FU0
2017-09-13,3929.0,3929.0,3929.0,3929.0,0,2,3929.0,燃料油,能源化工,SHFE,FU0
2017-09-14,3929.0,3929.0,3929.0,3929.0,0,2,3929.0,燃料油,能源化工,SHFE,FU0
2017-09-15,3929.0,3929.0,3929.0,3929.0,0,2,3929.0,燃料油,能源化工,SHFE,FU0
2017-09-18,3929.0,3929.0,3929.0,3929.0,0,2,3929.0,燃料油,能源化工,SHFE,FU0
2017-09-19,3929.0,3929.0,3929.0,3929.0,0,2,3929.0,燃料油,能源化工,SHFE,FU0
2017-09-20,3929.0,3929.0,3929.0,3929.0,0,2,3929.0,燃料油,能源化工,SHFE,FU0
2017-09-21,3929.0,3929.0,3929.0,3929.0,0,2,3929.0,燃料油,能源化工,SHFE,FU0
2017-09-22,3929.0,3929.0,3929.0,3929.0,0,2,3929.0,燃料油,能源化工,SHFE,FU0
2017-09-25,3929.0,3929.0,3929.0,3929.0,0,2,3929.0,燃料油,能源化工,SHFE,FU0
2017-09-26,3765.0,3765.0,3765.0,3765.0,0,2,3765.0,燃料油,能源化工,SHFE,FU0
2017-09-27,3765.0,3765.0,3765.0,3765.0,0,2,3765.0,燃料油,能源化工,SHFE,FU0
2017-09-28,3765.0,3765.0,3765.0,3765.0,0,2,3765.0,燃料油,能源化工,SHFE,FU0
2017-09-29,3765.0,3765.0,3765.0,3765.0,0,2,3765.0,燃料油,能源化工,SHFE,FU0
2017-10-09,3748.0,3748.0,3748.0,3748.0,0,2,3748.0,燃料油,能源化工,SHFE,FU0
2017-10-10,3748.0,3748.0,3748.0,3748.0,0,2,3748.0,燃料油,能源化工,SHFE,FU0
2017-10-11,3748.0,3748.0,3748.0,3748.0,0,2,3748.0,燃料油,能源化工,SHFE,FU0
2017-10-12,3748.0,3748.0,3748.0,3748.0,0,2,3748.0,燃料油,能源化工,SHFE,FU0
2017-10-13,3748.0,3748.0,3748.0,3748.0,0,2,3748.0,燃料油,能源化工,SHFE,FU0
2017-10-16,3748.0,3748.0,3748.0,3748.0,0,2,3748.0,燃料油,能源化工,SHFE,FU0
2017-10-18,4024.0,4024.0,4024.0,4024.0,0,2,4024.0,燃料油,能源化工,SHFE,FU0
2017-10-19,3748.0,3748.0,3748.0,3748.0,0,2,3748.0,燃料油,能源化工,SHFE,FU0
2017-10-20,3748.0,3748.0,3748.0,3748.0,0,2,3748.0,燃料油,能源化工,SHFE,FU0
2017-10-23,3748.0,3748.0,3748.0,3748.0,0,2,3748.0,燃料油,能源化工,SHFE,FU0
2017-10-24,3748.0,3748.0,3748.0,3748.0,0,2,3748.0,燃料油,能源化工,SHFE,FU0
2017-10-25,3748.0,3748.0,3748.0,3748.0,0,2,3748.0,燃料油,能源化工,SHFE,FU0
2017-10-26,3748.0,3748.0,3748.0,3748.0,0,2,3748.0,燃料油,能源化工,SHFE,FU0
2017-10-27,3748.0,3748.0,3748.0,3748.0,0,2,3748.0,燃料油,能源化工,SHFE,FU0
2017-10-30,3748.0,3748.0,3748.0,3748.0,0,2,3748.0,燃料油,能源化工,SHFE,FU0
2017-10-31,3748.0,3748.0,3748.0,3748.0,0,2,3748.0,燃料油,能源化工,SHFE,FU0
2017-11-01,3748.0,3748.0,3748.0,3748.0,0,2,3748.0,燃料油,能源化工,SHFE,FU0
2017-11-02,3748.0,3748.0,3748.0,3748.0,0,2,3748.0,燃料油,能源化工,SHFE,FU0
2017-11-03,3748.0,3748.0,3748.0,3748.0,0,2,3748.0,燃料油,能源化工,SHFE,FU0
2017-11-06,3748.0,3748.0,3748.0,3748.0,0,2,3748.0,燃料油,能源化工,SHFE,FU0
2017-11-07,3748.0,3748.0,3748.0,3748.0,0,2,3748.0,燃料油,能源化工,SHFE,FU0
2017-11-08,3748.0,3748.0,3748.0,3748.0,0,2,3748.0,燃料油,能源化工,SHFE,FU0
2017-11-09,3748.0,3748.0,3748.0,3748.0,0,2,3748.0,燃料油,能源化工,SHFE,FU0
2017-11-10,3748.0,3748.0,3748.0,3748.0,0,2,3748.0,燃料油,能源化工,SHFE,FU0
2017-11-13,3748.0,3748.0,3748.0,3748.0,0,2,3748.0,燃料油,能源化工,SHFE,FU0
2017-11-14,3748.0,3748.0,3748.0,3748.0,0,2,3748.0,燃料油,能源化工,SHFE,FU0
2017-11-15,3748.0,3748.0,3748.0,3748.0,0,2,3748.0,燃料油,能源化工,SHFE,FU0
2017-11-16,3748.0,3748.0,3748.0,3748.0,0,2,3748.0,燃料油,能源化工,SHFE,FU0
2017-11-17,3748.0,3748.0,3748.0,3748.0,0,2,3748.0,燃料油,能源化工,SHFE,FU0
2017-11-20,3748.0,3748.0,3748.0,3748.0,0,2,3748.0,燃料油,能源化工,SHFE,FU0
2017-11-21,3748.0,3748.0,3748.0,3748.0,0,2,3748.0,燃料油,能源化工,SHFE,FU0
2017-11-22,3748.0,3748.0,3748.0,3748.0,0,2,3748.0,燃料油,能源化工,SHFE,FU0
2017-11-23,3748.0,3748.0,3748.0,3748.0,0,2,3748.0,燃料油,能源化工,SHFE,FU0
2017-11-24,3748.0,3748.0,3748.0,3748.0,0,2,3748.0,燃料油,能源化工,SHFE,FU0
2017-11-27,3748.0,3748.0,3748.0,3748.0,0,2,3748.0,燃料油,能源化工,SHFE,FU0
2017-11-28,3748.0,3748.0,3748.0,3748.0,0,2,3748.0,燃料油,能源化工,SHFE,FU0
2017-11-29,3748.0,3748.0,3748.0,3748.0,0,2,3748.0,燃料油,能源化工,SHFE,FU0
2017-11-30,3748.0,3748.0,3748.0,3748.0,0,2,3748.0,燃料油,能源化工,SHFE,FU0
2017-12-01,3748.0,3748.0,3748.0,3748.0,0,2,3748.0,燃料油,能源化工,SHFE,FU0
2017-12-04,3748.0,3748.0,3748.0,3748.0,0,2,3748.0,燃料油,能源化工,SHFE,FU0
2017-12-05,3748.0,3748.0,3748.0,3748.0,0,2,3748.0,燃料油,能源化工,SHFE,FU0
2017-12-06,3748.0,3748.0,3748.0,3748.0,0,2,3748.0,燃料油,能源化工,SHFE,FU0
2017-12-07,3748.0,3748.0,3748.0,3748.0,0,2,3748.0,燃料油,能源化工,SHFE,FU0
2017-12-08,3748.0,3748.0,3748.0,3748.0,0,2,3748.0,燃料油,能源化工,SHFE,FU0
2017-12-11,3748.0,3748.0,3748.0,3748.0,0,4,3748.0,燃料油,能源化工,SHFE,FU0
2017-12-12,3748.0,3748.0,3748.0,3748.0,0,14,3748.0,燃料油,能源化工,SHFE,FU0
2017-12-13,3748.0,3748.0,3748.0,3748.0,0,14,3748.0,燃料油,能源化工,SHFE,FU0
2017-12-14,3748.0,3748.0,3748.0,3748.0,0,14,3748.0,燃料油,能源化工,SHFE,FU0
2017-12-15,3748.0,3748.0,3748.0,3748.0,0,14,3748.0,燃料油,能源化工,SHFE,FU0
2017-12-18,3748.0,3748.0,3748.0,3748.0,0,14,3748.0,燃料油,能源化工,SHFE,FU0
2017-12-19,3748.0,3748.0,3748.0,3748.0,0,14,3748.0,燃料油,能源化工,SHFE,FU0
2017-12-20,3748.0,3748.0,3748.0,3748.0,0,14,3748.0,燃料油,能源化工,SHFE,FU0
2017-12-21,3748.0,3748.0,3748.0,3748.0,0,14,3748.0,燃料油,能源化工,SHFE,FU0
2017-12-22,3748.0,3748.0,3748.0,3748.0,0,14,3748.0,燃料油,能源化工,SHFE,FU0
2017-12-25,3748.0,3748.0,3748.0,3748.0,0,14,3748.0,燃料油,能源化工,SHFE,FU0
2017-12-26,3748.0,3748.0,3748.0,3748.0,0,14,3748.0,燃料油,能源化工,SHFE,FU0
2017-12-27,3748.0,3748.0,3748.0,3748.0,0,14,3748.0,燃料油,能源化工,SHFE,FU0
2017-12-28,3748.0,3748.0,3748.0,3748.0,0,14,3748.0,燃料油,能源化工,SHFE,FU0
2017-12-29,3748.0,3748.0,3748.0,3748.0,0,14,3748.0,燃料油,能源化工,SHFE,FU0
2018-01-02,3748.0,3748.0,3748.0,3748.0,0,14,3748.0,燃料油,能源化工,SHFE,FU0
2018-01-03,3748.0,3748.0,3748.0,3748.0,0,14,3748.0,燃料油,能源化工,SHFE,FU0
2018-01-04,3748.0,3748.0,3748.0,3748.0,0,14,3748.0,燃料油,能源化工,SHFE,FU0
2018-01-05,3748.0,3748.0,3748.0,3748.0,0,14,3748.0,燃料油,能源化工,SHFE,FU0
2018-01-08,3748.0,3748.0,3748.0,3748.0,0,14,3748.0,燃料油,能源化工,SHFE,FU0
2018-01-09,3748.0,3748.0,3748.0,3748.0,0,14,3748.0,燃料油,能源化工,SHFE,FU0
2018-01-10,3748.0,3748.0,3748.0,3748.0,0,14,3748.0,燃料油,能源化工,SHFE,FU0
2018-01-11,3748.0,3748.0,3748.0,3748.0,0,14,3748.0,燃料油,能源化工,SHFE,FU0
2018-01-12,3748.0,3748.0,3748.0,3748.0,0,14,3748.0,燃料油,能源化工,SHFE,FU0
2018-01-15,3748.0,3748.0,3748.0,3748.0,0,14,3748.0,燃料油,能源化工,SHFE,FU0
2018-01-16,3748.0,3748.0,3748.0,3748.0,0,14,3748.0,燃料油,能源化工,SHFE,FU0
2018-01-17,3748.0,3748.0,3748.0,3748.0,0,14,3748.0,燃料油,能源化工,SHFE,FU0
2018-01-18,3748.0,3748.0,3748.0,3748.0,0,14,3748.0,燃料油,能源化工,SHFE,FU0
2018-01-19,3748.0,3748.0,3748.0,3748.0,0,14,3748.0,燃料油,能源化工,SHFE,FU0
2018-01-22,3748.0,3748.0,3748.0,3748.0,0,14,3748.0,燃料油,能源化工,SHFE,FU0
2018-01-23,3748.0,3748.0,3748.0,3748.0,0,14,3748.0,燃料油,能源化工,SHFE,FU0
2018-01-24,3748.0,3748.0,3748.0,3748.0,0,14,3748.0,燃料油,能源化工,SHFE,FU0
2018-01-25,3748.0,3748.0,3748.0,3748.0,0,14,3748.0,燃料油,能源化工,SHFE,FU0
2018-01-26,3748.0,3748.0,3748.0,3748.0,0,14,3748.0,燃料油,能源化工,SHFE,FU0
2018-01-29,3748.0,3748.0,3748.0,3748.0,0,14,3748.0,燃料油,能源化工,SHFE,FU0
2018-01-30,3748.0,3748.0,3748.0,3748.0,0,14,3748.0,燃料油,能源化工,SHFE,FU0
2018-01-31,3748.0,3748.0,3748.0,3748.0,0,14,3748.0,燃料油,能源化工,SHFE,FU0
2018-02-01,3748.0,3748.0,3748.0,3748.0,0,14,3748.0,燃料油,能源化工,SHFE,FU0
2018-02-02,3748.0,3748.0,3748.0,3748.0,0,14,3748.0,燃料油,能源化工,SHFE,FU0
2018-02-05,3748.0,3748.0,3748.0,3748.0,0,14,3748.0,燃料油,能源化工,SHFE,FU0
2018-02-06,3748.0,3748.0,3748.0,3748.0,0,14,3748.0,燃料油,能源化工,SHFE,FU0
2018-02-07,3748.0,3748.0,3748.0,3748.0,0,14,3748.0,燃料油,能源化工,SHFE,FU0
2018-02-08,3748.0,3748.0,3748.0,3748.0,0,14,3748.0,燃料油,能源化工,SHFE,FU0
2018-02-09,3748.0,3748.0,3748.0,3748.0,0,14,3748.0,燃料油,能源化工,SHFE,FU0
2018-02-12,3748.0,3748.0,3748.0,3748.0,0,14,3748.0,燃料油,能源化工,SHFE,FU0
2018-02-13,3748.0,3748.0,3748.0,3748.0,0,14,3748.0,燃料油,能源化工,SHFE,FU0
2018-02-14,3748.0,3748.0,3748.0,3748.0,0,14,3748.0,燃料油,能源化工,SHFE,FU0
2018-02-22,3748.0,3748.0,3748.0,3748.0,0,14,3748.0,燃料油,能源化工,SHFE,FU0
2018-02-23,3748.0,3748.0,3748.0,3748.0,0,14,3748.0,燃料油,能源化工,SHFE,FU0
2018-02-26,3748.0,3748.0,3748.0,3748.0,0,14,3748.0,燃料油,能源化工,SHFE,FU0
2018-02-27,3748.0,3748.0,3748.0,3748.0,0,14,3748.0,燃料油,能源化工,SHFE,FU0
2018-02-28,3748.0,3748.0,3748.0,3748.0,0,14,3748.0,燃料油,能源化工,SHFE,FU0
2018-03-01,3748.0,3748.0,3748.0,3748.0,0,14,3748.0,燃料油,能源化工,SHFE,FU0
2018-03-02,3748.0,3748.0,3748.0,3748.0,0,14,3748.0,燃料油,能源化工,SHFE,FU0
2018-03-05,3748.0,3748.0,3748.0,3748.0,0,14,3748.0,燃料油,能源化工,SHFE,FU0
2018-03-06,3748.0,3748.0,3748.0,3748.0,0,14,3748.0,燃料油,能源化工,SHFE,FU0
2018-03-07,3748.0,3748.0,3748.0,3748.0,0,14,3748.0,燃料油,能源化工,SHFE,FU0
2018-03-08,3748.0,3748.0,3748.0,3748.0,0,14,3748.0,燃料油,能源化工,SHFE,FU0
2018-03-09,3748.0,3748.0,3748.0,3748.0,0,14,3748.0,燃料油,能源化工,SHFE,FU0
2018-03-12,3748.0,3748.0,3748.0,3748.0,0,14,3748.0,燃料油,能源化工,SHFE,FU0
2018-03-13,3748.0,3748.0,3748.0,3748.0,0,14,3748.0,燃料油,能源化工,SHFE,FU0
2018-03-14,3748.0,3748.0,3748.0,3748.0,0,14,3748.0,燃料油,能源化工,SHFE,FU0
2018-03-15,3748.0,3748.0,3748.0,3748.0,0,14,3748.0,燃料油,能源化工,SHFE,FU0
2018-03-16,3748.0,3748.0,3748.0,3748.0,0,14,3748.0,燃料油,能源化工,SHFE,FU0
2018-03-19,3748.0,3748.0,3748.0,3748.0,0,14,3748.0,燃料油,能源化工,SHFE,FU0
2018-03-20,3748.0,3748.0,3748.0,3748.0,0,14,3748.0,燃料油,能源化工,SHFE,FU0
2018-03-21,3748.0,3748.0,3748.0,3748.0,0,14,3748.0,燃料油,能源化工,SHFE,FU0
2018-03-22,3748.0,3748.0,3748.0,3748.0,0,14,3748.0,燃料油,能源化工,SHFE,FU0
2018-03-23,3748.0,3748.0,3748.0,3748.0,0,14,3748.0,燃料油,能源化工,SHFE,FU0
2018-03-26,3748.0,3748.0,3748.0,3748.0,0,14,3748.0,燃料油,能源化工,SHFE,FU0
2018-03-27,3748.0,3748.0,3748.0,3748.0,0,14,3748.0,燃料油,能源化工,SHFE,FU0
2018-03-28,3748.0,3748.0,3748.0,3748.0,0,14,3748.0,燃料油,能源化工,SHFE,FU0
2018-03-29,3748.0,3748.0,3748.0,3748.0,0,14,3748.0,燃料油,能源化工,SHFE,FU0
2018-03-30,3748.0,3748.0,3748.0,3748.0,0,14,3748.0,燃料油,能源化工,SHFE,FU0
2018-04-02,3748.0,3748.0,3748.0,3748.0,0,14,3748.0,燃料油,能源化工,SHFE,FU0
2018-04-03,3748.0,3748.0,3748.0,3748.0,0,14,3748.0,燃料油,能源化工,SHFE,FU0
2018-04-04,3748.0,3748.0,3748.0,3748.0,0,14,3748.0,燃料油,能源化工,SHFE,FU0
2018-04-09,3748.0,3748.0,3748.0,3748.0,0,14,3748.0,燃料油,能源化工,SHFE,FU0
2018-04-10,3748.0,3748.0,3748.0,3748.0,0,14,3748.0,燃料油,能源化工,SHFE,FU0
2018-04-11,3748.0,3748.0,3748.0,3748.0,0,14,3748.0,燃料油,能源化工,SHFE,FU0
2018-04-12,3748.0,3748.0,3748.0,3748.0,0,14,3748.0,燃料油,能源化工,SHFE,FU0
2018-04-13,3748.0,3748.0,3748.0,3748.0,0,14,3748.0,燃料油,能源化工,SHFE,FU0
2018-04-16,3748.0,3748.0,3748.0,3748.0,0,14,3748.0,燃料油,能源化工,SHFE,FU0
2018-04-17,3748.0,3748.0,3748.0,3748.0,0,14,3748.0,燃料油,能源化工,SHFE,FU0
2018-04-18,3748.0,3748.0,3748.0,3748.0,0,14,3748.0,燃料油,能源化工,SHFE,FU0
2018-04-19,3748.0,3748.0,3748.0,3748.0,0,14,3748.0,燃料油,能源化工,SHFE,FU0
2018-04-20,3748.0,3748.0,3748.0,3748.0,0,14,3748.0,燃料油,能源化工,SHFE,FU0
2018-04-23,3748.0,3748.0,3748.0,3748.0,0,14,3748.0,燃料油,能源化工,SHFE,FU0
2018-04-24,3748.0,3748.0,3748.0,3748.0,0,14,3748.0,燃料油,能源化工,SHFE,FU0
2018-04-25,3748.0,3748.0,3748.0,3748.0,0,14,3748.0,燃料油,能源化工,SHFE,FU0
2018-04-26,3748.0,3748.0,3748.0,3748.0,0,14,3748.0,燃料油,能源化工,SHFE,FU0
2018-04-27,3748.0,3748.0,3748.0,3748.0,0,14,3748.0,燃料油,能源化工,SHFE,FU0
2018-05-02,3748.0,3748.0,3748.0,3748.0,0,14,3748.0,燃料油,能源化工,SHFE,FU0
2018-05-03,3748.0,3748.0,3748.0,3748.0,0,14,3748.0,燃料油,能源化工,SHFE,FU0
2018-05-04,3748.0,3748.0,3748.0,3748.0,0,14,3748.0,燃料油,能源化工,SHFE,FU0
2018-05-07,3748.0,3748.0,3748.0,3748.0,0,14,3748.0,燃料油,能源化工,SHFE,FU0
2018-05-08,3748.0,3748.0,3748.0,3748.0,0,14,3748.0,燃料油,能源化工,SHFE,FU0
2018-05-09,3748.0,3748.0,3748.0,3748.0,0,0,3748.0,燃料油,能源化工,SHFE,FU0
2018-05-10,3748.0,3748.0,3748.0,3748.0,0,0,3748.0,燃料油,能源化工,SHFE,FU0
2018-05-11,3693.0,4000.0,3693.0,3846.0,4,2,3846.0,燃料油,能源化工,SHFE,FU0
2018-05-14,3846.0,3846.0,3846.0,3846.0,0,2,3846.0,燃料油,能源化工,SHFE,FU0
2018-05-15,3846.0,3846.0,3846.0,3846.0,0,2,3846.0,燃料油,能源化工,SHFE,FU0
2018-05-16,3846.0,3846.0,3846.0,3846.0,0,2,3846.0,燃料油,能源化工,SHFE,FU0
2018-05-17,3846.0,3846.0,3846.0,3846.0,0,2,3846.0,燃料油,能源化工,SHFE,FU0
2018-05-18,3846.0,3846.0,3846.0,3846.0,0,2,3846.0,燃料油,能源化工,SHFE,FU0
2018-05-21,3846.0,3846.0,3846.0,3846.0,0,2,3846.0,燃料油,能源化工,SHFE,FU0
2018-05-22,3846.0,3846.0,3846.0,3846.0,0,2,3846.0,燃料油,能源化工,SHFE,FU0
2018-05-23,3846.0,3846.0,3846.0,3846.0,0,2,3846.0,燃料油,能源化工,SHFE,FU0
2018-05-24,3846.0,3846.0,3846.0,3846.0,0,2,3846.0,燃料油,能源化工,SHFE,FU0
2018-05-25,3846.0,3846.0,3846.0,3846.0,0,2,3846.0,燃料油,能源化工,SHFE,FU0
2018-05-28,3846.0,3846.0,3846.0,3846.0,0,2,3846.0,燃料油,能源化工,SHFE,FU0
2018-05-29,3846.0,3846.0,3846.0,3846.0,0,2,3846.0,燃料油,能源化工,SHFE,FU0
2018-05-30,3846.0,3846.0,3846.0,3846.0,0,2,3846.0,燃料油,能源化工,SHFE,FU0
2018-05-31,3846.0,3846.0,3846.0,3846.0,0,2,3846.0,燃料油,能源化工,SHFE,FU0
2018-06-01,3846.0,3846.0,3846.0,3846.0,0,2,3846.0,燃料油,能源化工,SHFE,FU0
2018-06-04,3846.0,3846.0,3846.0,3846.0,0,2,3846.0,燃料油,能源化工,SHFE,FU0
2018-06-05,3846.0,3846.0,3846.0,3846.0,0,2,3846.0,燃料油,能源化工,SHFE,FU0
2018-06-06,3846.0,3846.0,3846.0,3846.0,0,2,3846.0,燃料油,能源化工,SHFE,FU0
2018-06-07,3846.0,3846.0,3846.0,3846.0,0,2,3846.0,燃料油,能源化工,SHFE,FU0
2018-06-08,3846.0,3846.0,3846.0,3846.0,0,2,3846.0,燃料油,能源化工,SHFE,FU0
2018-06-11,3846.0,3846.0,3846.0,3846.0,0,2,3846.0,燃料油,能源化工,SHFE,FU0
2018-06-12,3846.0,3846.0,3846.0,3846.0,0,2,3846.0,燃料油,能源化工,SHFE,FU0
2018-06-13,3846.0,3846.0,3846.0,3846.0,0,2,3846.0,燃料油,能源化工,SHFE,FU0
2018-06-14,3846.0,3846.0,3846.0,3846.0,0,2,3846.0,燃料油,能源化工,SHFE,FU0
2018-06-15,3846.0,3846.0,3846.0,3846.0,0,2,3846.0,燃料油,能源化工,SHFE,FU0
2018-06-19,3846.0,3846.0,3846.0,3846.0,0,2,3846.0,燃料油,能源化工,SHFE,FU0
2018-06-20,3846.0,3846.0,3846.0,3846.0,0,2,3846.0,燃料油,能源化工,SHFE,FU0
2018-06-21,3846.0,3846.0,3846.0,3846.0,0,2,3846.0,燃料油,能源化工,SHFE,FU0
2018-06-22,3846.0,3846.0,3846.0,3846.0,0,2,3846.0,燃料油,能源化工,SHFE,FU0
2018-06-25,3846.0,3846.0,3846.0,3846.0,0,2,3846.0,燃料油,能源化工,SHFE,FU0
2018-06-26,3846.0,3846.0,3846.0,3846.0,0,2,3846.0,燃料油,能源化工,SHFE,FU0
2018-07-16,3028.0,3088.0,2971.0,2994.0,52616,9258,3021.0,燃料油,能源化工,SHFE,FU0
2018-07-17,2951.0,2951.0,2849.0,2869.0,191908,27104,2893.0,燃料油,能源化工,SHFE,FU0
2018-07-18,2872.0,2923.0,2862.0,2881.0,291810,34310,2895.0,燃料油,能源化工,SHFE,FU0
2018-07-19,2889.0,2995.0,2881.0,2929.0,212544,31084,2917.0,燃料油,能源化工,SHFE,FU0
2018-07-20,2908.0,3008.0,2903.0,2987.0,427158,55230,2980.0,燃料油,能源化工,SHFE,FU0
2018-07-23,2986.0,3019.0,2963.0,2987.0,343048,57034,2992.0,燃料油,能源化工,SHFE,FU0
2018-07-24,3030.0,3072.0,2993.0,3062.0,403712,71968,3040.0,燃料油,能源化工,SHFE,FU0
2018-07-25,3072.0,3203.0,3048.0,3116.0,854462,131442,3127.0,燃料油,能源化工,SHFE,FU0
2018-07-26,3093.0,3151.0,3093.0,3134.0,807512,137678,3128.0,燃料油,能源化工,SHFE,FU0
2018-07-27,3127.0,3150.0,3107.0,3134.0,482658,121330,3131.0,燃料油,能源化工,SHFE,FU0
2018-07-30,3142.0,3172.0,3108.0,3151.0,509878,120550,3149.0,燃料油,能源化工,SHFE,FU0
2018-07-31,3180.0,3213.0,3132.0,3140.0,577230,116874,3172.0,燃料油,能源化工,SHFE,FU0
2018-08-01,3140.0,3160.0,3087.0,3089.0,573778,119684,3117.0,燃料油,能源化工,SHFE,FU0
2018-08-02,3070.0,3107.0,3034.0,3098.0,586556,125122,3084.0,燃料油,能源化工,SHFE,FU0
2018-08-03,3086.0,3191.0,3080.0,3177.0,712552,133908,3135.0,燃料油,能源化工,SHFE,FU0
2018-08-06,3172.0,3184.0,3116.0,3170.0,507410,133372,3156.0,燃料油,能源化工,SHFE,FU0
2018-08-07,3190.0,3303.0,3170.0,3249.0,1016118,164134,3237.0,燃料油,能源化工,SHFE,FU0
2018-08-08,3265.0,3285.0,3176.0,3192.0,605978,157594,3228.0,燃料油,能源化工,SHFE,FU0
2018-08-09,3161.0,3205.0,3145.0,3172.0,542508,164266,3177.0,燃料油,能源化工,SHFE,FU0
2018-08-10,3183.0,3227.0,3131.0,3141.0,569584,163772,3184.0,燃料油,能源化工,SHFE,FU0
2018-08-13,3160.0,3197.0,3150.0,3175.0,453734,159824,3175.0,燃料油,能源化工,SHFE,FU0
2018-08-14,3182.0,3214.0,3156.0,3170.0,544170,160024,3190.0,燃料油,能源化工,SHFE,FU0
2018-08-15,3199.0,3222.0,3135.0,3154.0,450584,163996,3182.0,燃料油,能源化工,SHFE,FU0
2018-08-16,3140.0,3162.0,2991.0,3025.0,697652,132704,3056.0,燃料油,能源化工,SHFE,FU0
2018-08-17,3040.0,3044.0,2968.0,3013.0,440712,125208,3015.0,燃料油,能源化工,SHFE,FU0
2018-08-20,3048.0,3082.0,2976.0,3032.0,575642,120800,3026.0,燃料油,能源化工,SHFE,FU0
2018-08-21,3028.0,3075.0,3016.0,3052.0,437876,121624,3051.0,燃料油,能源化工,SHFE,FU0
2018-08-22,3078.0,3102.0,3061.0,3089.0,426616,120504,3081.0,燃料油,能源化工,SHFE,FU0
2018-08-23,3111.0,3147.0,3100.0,3120.0,438972,119480,3121.0,燃料油,能源化工,SHFE,FU0
2018-08-24,3120.0,3164.0,3093.0,3159.0,390120,120404,3135.0,燃料油,能源化工,SHFE,FU0
2018-08-27,3172.0,3175.0,3124.0,3126.0,330896,117514,3151.0,燃料油,能源化工,SHFE,FU0
2018-08-28,3138.0,3166.0,3121.0,3136.0,303502,115724,3145.0,燃料油,能源化工,SHFE,FU0
2018-08-29,3148.0,3154.0,3094.0,3094.0,262726,119996,3130.0,燃料油,能源化工,SHFE,FU0
2018-08-30,3120.0,3190.0,3114.0,3188.0,382512,119158,3148.0,燃料油,能源化工,SHFE,FU0
2018-08-31,3188.0,3204.0,3173.0,3199.0,246896,117670,3188.0,燃料油,能源化工,SHFE,FU0
2018-09-03,3190.0,3193.0,3130.0,3158.0,255822,108154,3163.0,燃料油,能源化工,SHFE,FU0
2018-09-04,3173.0,3197.0,3131.0,3156.0,286292,108694,3165.0,燃料油,能源化工,SHFE,FU0
2018-09-05,3195.0,3208.0,3098.0,3107.0,422086,118054,3151.0,燃料油,能源化工,SHFE,FU0
2018-09-06,3107.0,3124.0,3078.0,3102.0,360848,110712,3098.0,燃料油,能源化工,SHFE,FU0
2018-09-07,3108.0,3118.0,3057.0,3095.0,291236,108088,3092.0,燃料油,能源化工,SHFE,FU0
2018-09-10,3097.0,3143.0,3063.0,3143.0,322066,101398,3097.0,燃料油,能源化工,SHFE,FU0
2018-09-11,3133.0,3167.0,3113.0,3121.0,337850,97432,3138.0,燃料油,能源化工,SHFE,FU0
2018-09-12,3108.0,3232.0,3102.0,3188.0,576886,106514,3177.0,燃料油,能源化工,SHFE,FU0
2018-09-13,3199.0,3214.0,3152.0,3167.0,383622,104988,3186.0,燃料油,能源化工,SHFE,FU0
2018-09-14,3162.0,3168.0,3105.0,3115.0,362634,105942,3134.0,燃料油,能源化工,SHFE,FU0
2018-09-17,3119.0,3143.0,3097.0,3127.0,313730,97496,3115.0,燃料油,能源化工,SHFE,FU0
2018-09-18,3138.0,3152.0,3084.0,3114.0,257966,96504,3124.0,燃料油,能源化工,SHFE,FU0
2018-09-19,3140.0,3176.0,3133.0,3173.0,296284,92704,3151.0,燃料油,能源化工,SHFE,FU0
2018-09-20,3156.0,3201.0,3146.0,3193.0,308974,98818,3174.0,燃料油,能源化工,SHFE,FU0
2018-09-21,3181.0,3192.0,3162.0,3171.0,217514,91108,3175.0,燃料油,能源化工,SHFE,FU0
2018-09-25,3211.0,3300.0,3211.0,3273.0,243600,104098,3275.0,燃料油,能源化工,SHFE,FU0
2018-09-26,3282.0,3333.0,3269.0,3327.0,407956,130462,3296.0,燃料油,能源化工,SHFE,FU0
2018-09-27,3305.0,3366.0,3286.0,3357.0,434372,138526,3327.0,燃料油,能源化工,SHFE,FU0
2018-09-28,3358.0,3374.0,3321.0,3371.0,322842,120690,3347.0,燃料油,能源化工,SHFE,FU0
2018-10-08,3411.0,3479.0,3389.0,3470.0,335578,120386,3442.0,燃料油,能源化工,SHFE,FU0
2018-10-09,3445.0,3648.0,3445.0,3648.0,1021428,192578,3577.0,燃料油,能源化工,SHFE,FU0
2018-10-10,3648.0,3672.0,3572.0,3650.0,836954,171334,3619.0,燃料油,能源化工,SHFE,FU0
2018-10-11,3631.0,3642.0,3434.0,3482.0,908492,126024,3526.0,燃料油,能源化工,SHFE,FU0
2018-10-12,3488.0,3529.0,3418.0,3514.0,734116,143956,3470.0,燃料油,能源化工,SHFE,FU0
2018-10-15,3509.0,3525.0,3456.0,3500.0,614040,141110,3494.0,燃料油,能源化工,SHFE,FU0
2018-10-16,3500.0,3505.0,3408.0,3426.0,690432,118260,3456.0,燃料油,能源化工,SHFE,FU0
2018-10-17,3420.0,3507.0,3403.0,3503.0,600548,124100,3446.0,燃料油,能源化工,SHFE,FU0
2018-10-18,3474.0,3480.0,3392.0,3462.0,755742,113488,3436.0,燃料油,能源化工,SHFE,FU0
2018-10-19,3430.0,3476.0,3411.0,3467.0,670306,108222,3452.0,燃料油,能源化工,SHFE,FU0
2018-10-22,3483.0,3583.0,3483.0,3568.0,799376,136244,3532.0,燃料油,能源化工,SHFE,FU0
2018-10-23,3544.0,3574.0,3521.0,3523.0,635102,130870,3544.0,燃料油,能源化工,SHFE,FU0
2018-10-24,3489.0,3489.0,3402.0,3466.0,747972,126864,3455.0,燃料油,能源化工,SHFE,FU0
2018-10-25,3493.0,3503.0,3376.0,3432.0,755154,114614,3438.0,燃料油,能源化工,SHFE,FU0
2018-10-26,3460.0,3503.0,3428.0,3495.0,625778,110582,3462.0,燃料油,能源化工,SHFE,FU0
2018-10-29,3492.0,3570.0,3461.0,3469.0,759836,92112,3514.0,燃料油,能源化工,SHFE,FU0
2018-10-30,3464.0,3538.0,3461.0,3526.0,774274,96094,3506.0,燃料油,能源化工,SHFE,FU0
2018-10-31,3478.0,3478.0,3417.0,3469.0,727700,86984,3441.0,燃料油,能源化工,SHFE,FU0
2018-11-01,3468.0,3521.0,3363.0,3415.0,1113724,98298,3442.0,燃料油,能源化工,SHFE,FU0
2018-11-02,3412.0,3432.0,3301.0,3406.0,809312,93386,3387.0,燃料油,能源化工,SHFE,FU0
2018-11-05,3388.0,3438.0,3363.0,3427.0,711642,100872,3399.0,燃料油,能源化工,SHFE,FU0
2018-11-06,3442.0,3474.0,3427.0,3458.0,710890,93412,3451.0,燃料油,能源化工,SHFE,FU0
2018-11-07,3470.0,3524.0,3448.0,3493.0,1056178,123956,3487.0,燃料油,能源化工,SHFE,FU0
2018-11-08,3535.0,3546.0,3426.0,3480.0,786416,109988,3492.0,燃料油,能源化工,SHFE,FU0
2018-11-09,3465.0,3472.0,3372.0,3400.0,932996,118340,3431.0,燃料油,能源化工,SHFE,FU0
2018-11-12,3366.0,3400.0,3266.0,3392.0,1104210,96440,3333.0,燃料油,能源化工,SHFE,FU0
2018-11-13,3389.0,3418.0,3314.0,3333.0,827824,98472,3365.0,燃料油,能源化工,SHFE,FU0
2018-11-14,3325.0,3355.0,3163.0,3171.0,819304,106850,3249.0,燃料油,能源化工,SHFE,FU0
2018-11-15,3199.0,3216.0,3146.0,3206.0,964202,111806,3190.0,燃料油,能源化工,SHFE,FU0
2018-11-16,3211.0,3232.0,3164.0,3215.0,756894,97206,3201.0,燃料油,能源化工,SHFE,FU0
2018-11-19,3070.0,3087.0,3036.0,3051.0,72706,110314,3066.0,燃料油,能源化工,SHFE,FU0
2018-11-20,3040.0,3064.0,3005.0,3034.0,87204,114756,3035.0,燃料油,能源化工,SHFE,FU0
2018-11-21,3035.0,3036.0,2862.0,2916.0,130756,119836,2941.0,燃料油,能源化工,SHFE,FU0
2018-11-22,2931.0,2940.0,2886.0,2913.0,81870,120236,2912.0,燃料油,能源化工,SHFE,FU0
2018-11-23,2913.0,2928.0,2811.0,2838.0,132144,130268,2867.0,燃料油,能源化工,SHFE,FU0
2018-11-26,2785.0,2815.0,2722.0,2774.0,166672,127976,2764.0,燃料油,能源化工,SHFE,FU0
2018-11-27,2775.0,2824.0,2735.0,2753.0,145870,131952,2776.0,燃料油,能源化工,SHFE,FU0
2018-11-28,2775.0,2847.0,2753.0,2816.0,167522,145144,2801.0,燃料油,能源化工,SHFE,FU0
2018-11-29,2783.0,2786.0,2696.0,2704.0,303094,178356,2739.0,燃料油,能源化工,SHFE,FU0
2018-11-30,2730.0,2735.0,2697.0,2709.0,239968,184830,2717.0,燃料油,能源化工,SHFE,FU0
2018-12-03,2738.0,2755.0,2733.0,2742.0,423472,157670,2729.0,燃料油,能源化工,SHFE,FU0
2018-12-04,2738.0,2805.0,2730.0,2786.0,266044,153716,2774.0,燃料油,能源化工,SHFE,FU0
2018-12-05,2799.0,2827.0,2742.0,2780.0,303376,160378,2778.0,燃料油,能源化工,SHFE,FU0
2018-12-06,2802.0,2830.0,2744.0,2750.0,353910,177272,2786.0,燃料油,能源化工,SHFE,FU0
2018-12-07,2700.0,2745.0,2662.0,2688.0,433812,202296,2704.0,燃料油,能源化工,SHFE,FU0
2018-12-10,2720.0,2804.0,2703.0,2760.0,577358,179548,2760.0,燃料油,能源化工,SHFE,FU0
2018-12-11,2745.0,2768.0,2685.0,2702.0,545754,203278,2724.0,燃料油,能源化工,SHFE,FU0
2018-12-12,2720.0,2751.0,2715.0,2726.0,490452,201936,2731.0,燃料油,能源化工,SHFE,FU0
2018-12-13,2741.0,2756.0,2640.0,2664.0,876846,279294,2700.0,燃料油,能源化工,SHFE,FU0
2018-12-14,2630.0,2710.0,2622.0,2664.0,834692,242302,2654.0,燃料油,能源化工,SHFE,FU0
2018-12-17,2660.0,2677.0,2623.0,2645.0,583774,256774,2651.0,燃料油,能源化工,SHFE,FU0
2018-12-18,2660.0,2665.0,2565.0,2580.0,753856,309968,2606.0,燃料油,能源化工,SHFE,FU0
2018-12-19,2567.0,2585.0,2474.0,2486.0,1116524,348082,2524.0,燃料油,能源化工,SHFE,FU0
2018-12-20,2487.0,2492.0,2466.0,2478.0,859504,371350,2479.0,燃料油,能源化工,SHFE,FU0
2018-12-21,2450.0,2527.0,2450.0,2504.0,1282922,323436,2496.0,燃料油,能源化工,SHFE,FU0
2018-12-24,2475.0,2526.0,2463.0,2502.0,1341426,335994,2499.0,燃料油,能源化工,SHFE,FU0
2018-12-25,2484.0,2510.0,2349.0,2349.0,1135086,374062,2417.0,燃料油,能源化工,SHFE,FU0
2018-12-26,2350.0,2371.0,2326.0,2335.0,1213378,418056,2344.0,燃料油,能源化工,SHFE,FU0
2018-12-27,2350.0,2482.0,2331.0,2428.0,1759580,348574,2404.0,燃料油,能源化工,SHFE,FU0
2018-12-28,2412.0,2435.0,2382.0,2402.0,1208772,338760,2413.0,燃料油,能源化工,SHFE,FU0
2019-01-02,2400.0,2417.0,2359.0,2372.0,704392,369622,2384.0,燃料油,能源化工,SHFE,FU0
2019-01-03,2375.0,2419.0,2365.0,2408.0,1039370,359668,2394.0,燃料油,能源化工,SHFE,FU0
2019-01-04,2435.0,2502.0,2435.0,2492.0,1603838,320596,2466.0,燃料油,能源化工,SHFE,FU0
2019-01-07,2502.0,2535.0,2483.0,2526.0,1409778,281544,2518.0,燃料油,能源化工,SHFE,FU0
2019-01-08,2528.0,2550.0,2493.0,2528.0,1207858,262776,2525.0,燃料油,能源化工,SHFE,FU0
2019-01-09,2543.0,2584.0,2529.0,2564.0,1098108,270680,2556.0,燃料油,能源化工,SHFE,FU0
2019-01-10,2568.0,2656.0,2568.0,2638.0,1552068,250508,2617.0,燃料油,能源化工,SHFE,FU0
2019-01-11,2645.0,2657.0,2618.0,2646.0,1151542,246712,2637.0,燃料油,能源化工,SHFE,FU0
2019-01-14,2644.0,2644.0,2579.0,2583.0,1287440,220450,2608.0,燃料油,能源化工,SHFE,FU0
2019-01-15,2591.0,2630.0,2575.0,2620.0,1126898,244612,2598.0,燃料油,能源化工,SHFE,FU0
2019-01-16,2622.0,2648.0,2613.0,2636.0,1004418,239098,2630.0,燃料油,能源化工,SHFE,FU0
2019-01-17,2619.0,2628.0,2595.0,2623.0,1040696,212112,2611.0,燃料油,能源化工,SHFE,FU0
2019-01-18,2599.0,2709.0,2587.0,2698.0,1244096,208054,2652.0,燃料油,能源化工,SHFE,FU0
2019-01-21,2691.0,2761.0,2690.0,2740.0,1390346,237082,2727.0,燃料油,能源化工,SHFE,FU0
2019-01-22,2732.0,2755.0,2696.0,2711.0,1042550,201152,2729.0,燃料油,能源化工,SHFE,FU0
2019-01-23,2699.0,2744.0,2687.0,2726.0,1137592,224266,2715.0,燃料油,能源化工,SHFE,FU0
2019-01-24,2739.0,2747.0,2701.0,2707.0,953936,213974,2721.0,燃料油,能源化工,SHFE,FU0
2019-01-25,2703.0,2796.0,2698.0,2710.0,1624340,228068,2739.0,燃料油,能源化工,SHFE,FU0
2019-01-28,2689.0,2736.0,2646.0,2664.0,1258590,231682,2698.0,燃料油,能源化工,SHFE,FU0
2019-01-29,2666.0,2697.0,2645.0,2649.0,1226318,232496,2670.0,燃料油,能源化工,SHFE,FU0
2019-01-30,2660.0,2709.0,2658.0,2688.0,1200180,203202,2681.0,燃料油,能源化工,SHFE,FU0
2019-01-31,2708.0,2769.0,2704.0,2763.0,1005022,202354,2741.0,燃料油,能源化工,SHFE,FU0
2019-02-01,2751.0,2791.0,2698.0,2715.0,1015630,183352,2738.0,燃料油,能源化工,SHFE,FU0
2019-02-11,2685.0,2840.0,2684.0,2820.0,841078,226264,2779.0,燃料油,能源化工,SHFE,FU0
2019-02-12,2823.0,2863.0,2810.0,2840.0,993218,257966,2837.0,燃料油,能源化工,SHFE,FU0
2019-02-13,2865.0,2922.0,2864.0,2891.0,1488160,315258,2893.0,燃料油,能源化工,SHFE,FU0
2019-02-14,2886.0,2952.0,2852.0,2944.0,1428856,354172,2900.0,燃料油,能源化工,SHFE,FU0
2019-02-15,2943.0,2967.0,2867.0,2919.0,1611094,316074,2920.0,燃料油,能源化工,SHFE,FU0
2019-02-18,2937.0,2983.0,2906.0,2968.0,1583198,237052,2948.0,燃料油,能源化工,SHFE,FU0
2019-02-19,2964.0,2974.0,2895.0,2941.0,1284478,258728,2931.0,燃料油,能源化工,SHFE,FU0
2019-02-20,2944.0,2948.0,2888.0,2913.0,1318714,260388,2912.0,燃料油,能源化工,SHFE,FU0
2019-02-21,2897.0,2979.0,2889.0,2948.0,1161470,260252,2928.0,燃料油,能源化工,SHFE,FU0
2019-02-22,2942.0,2966.0,2931.0,2957.0,1091544,239198,2951.0,燃料油,能源化工,SHFE,FU0
2019-02-25,2873.0,2887.0,2862.0,2866.0,1273444,253070,2916.0,燃料油,能源化工,SHFE,FU0
2019-02-26,2840.0,2851.0,2792.0,2808.0,1538868,233142,2818.0,燃料油,能源化工,SHFE,FU0
2019-02-27,2830.0,2866.0,2817.0,2854.0,992986,194430,2837.0,燃料油,能源化工,SHFE,FU0
2019-02-28,2880.0,2904.0,2856.0,2897.0,898308,178918,2877.0,燃料油,能源化工,SHFE,FU0
2019-03-01,2901.0,2984.0,2888.0,2982.0,1120148,205208,2935.0,燃料油,能源化工,SHFE,FU0
2019-03-04,2959.0,2973.0,2910.0,2918.0,1152260,198830,2942.0,燃料油,能源化工,SHFE,FU0
2019-03-05,2924.0,2958.0,2922.0,2937.0,839776,189666,2939.0,燃料油,能源化工,SHFE,FU0
2019-03-06,2952.0,2964.0,2894.0,2945.0,1059906,197164,2928.0,燃料油,能源化工,SHFE,FU0
2019-03-07,2940.0,2950.0,2915.0,2930.0,872198,193786,2936.0,燃料油,能源化工,SHFE,FU0
2019-03-08,2953.0,2963.0,2848.0,2855.0,1116378,197414,2900.0,燃料油,能源化工,SHFE,FU0
2019-03-11,2820.0,2907.0,2809.0,2902.0,1074256,198302,2859.0,燃料油,能源化工,SHFE,FU0
2019-03-12,2905.0,2954.0,2895.0,2937.0,1065384,200562,2929.0,燃料油,能源化工,SHFE,FU0
2019-03-13,2945.0,2976.0,2917.0,2961.0,901674,210770,2936.0,燃料油,能源化工,SHFE,FU0
2019-03-14,2966.0,2985.0,2936.0,2947.0,1268558,213556,2958.0,燃料油,能源化工,SHFE,FU0
2019-03-15,2948.0,2956.0,2870.0,2907.0,1150194,189660,2906.0,燃料油,能源化工,SHFE,FU0
2019-03-18,2882.0,2890.0,2825.0,2874.0,1168552,179186,2850.0,燃料油,能源化工,SHFE,FU0
2019-03-19,2878.0,2887.0,2812.0,2821.0,1059194,211236,2854.0,燃料油,能源化工,SHFE,FU0
2019-03-20,2833.0,2871.0,2831.0,2862.0,822696,188952,2849.0,燃料油,能源化工,SHFE,FU0
2019-03-21,2841.0,2925.0,2839.0,2907.0,967672,182520,2892.0,燃料油,能源化工,SHFE,FU0
2019-03-22,2900.0,2906.0,2842.0,2858.0,915430,165338,2876.0,燃料油,能源化工,SHFE,FU0
2019-03-25,2833.0,2850.0,2749.0,2772.0,1022022,196386,2798.0,燃料油,能源化工,SHFE,FU0
2019-03-26,2781.0,2820.0,2763.0,2796.0,870934,191062,2787.0,燃料油,能源化工,SHFE,FU0
2019-03-27,2813.0,2833.0,2797.0,2818.0,776852,185846,2815.0,燃料油,能源化工,SHFE,FU0
2019-03-28,2816.0,2853.0,2804.0,2835.0,896356,183036,2825.0,燃料油,能源化工,SHFE,FU0
2019-03-29,2808.0,2882.0,2785.0,2841.0,1004358,173906,2830.0,燃料油,能源化工,SHFE,FU0
2019-04-01,2870.0,2878.0,2807.0,2827.0,817096,163462,2834.0,燃料油,能源化工,SHFE,FU0
2019-04-02,2833.0,2878.0,2812.0,2865.0,783068,145776,2845.0,燃料油,能源化工,SHFE,FU0
2019-04-03,2854.0,2888.0,2847.0,2867.0,584814,141068,2867.0,燃料油,能源化工,SHFE,FU0
2019-04-04,2884.0,2886.0,2832.0,2861.0,171918,141308,2853.0,燃料油,能源化工,SHFE,FU0
2019-04-08,2890.0,2901.0,2874.0,2879.0,110716,143338,2886.0,燃料油,能源化工,SHFE,FU0
2019-04-09,2878.0,2919.0,2857.0,2875.0,300652,168328,2891.0,燃料油,能源化工,SHFE,FU0
2019-04-10,2861.0,2874.0,2823.0,2836.0,313398,178034,2841.0,燃料油,能源化工,SHFE,FU0
2019-04-11,2833.0,2855.0,2816.0,2847.0,283118,177130,2838.0,燃料油,能源化工,SHFE,FU0
2019-04-12,2840.0,2886.0,2833.0,2877.0,349878,167984,2866.0,燃料油,能源化工,SHFE,FU0
2019-04-15,2898.0,2905.0,2836.0,2851.0,311388,158446,2859.0,燃料油,能源化工,SHFE,FU0
2019-04-16,2840.0,2856.0,2783.0,2789.0,644116,177030,2817.0,燃料油,能源化工,SHFE,FU0
2019-04-17,2806.0,2843.0,2779.0,2819.0,618482,173766,2810.0,燃料油,能源化工,SHFE,FU0
2019-04-18,2816.0,2824.0,2771.0,2777.0,597120,192706,2797.0,燃料油,能源化工,SHFE,FU0
2019-04-19,2787.0,2850.0,2764.0,2848.0,679702,185852,2801.0,燃料油,能源化工,SHFE,FU0
2019-04-23,2898.0,2921.0,2876.0,2911.0,713344,194282,2898.0,燃料油,能源化工,SHFE,FU0
2019-04-24,2900.0,2905.0,2877.0,2890.0,579992,181978,2891.0,燃料油,能源化工,SHFE,FU0
2019-04-25,2909.0,2992.0,2899.0,2984.0,1502258,245260,2951.0,燃料油,能源化工,SHFE,FU0
2019-04-26,2982.0,3010.0,2941.0,2959.0,909814,223204,2975.0,燃料油,能源化工,SHFE,FU0
2019-04-29,2922.0,2936.0,2860.0,2872.0,1176628,177988,2889.0,燃料油,能源化工,SHFE,FU0
2019-04-30,2880.0,2896.0,2863.0,2884.0,660474,158594,0.0,燃料油,能源化工,SHFE,FU0
2019-05-06,2799.0,2799.0,2719.0,2755.0,444234,158316,2754.0,燃料油,能源化工,SHFE,FU0
2019-05-07,2770.0,2850.0,2770.0,2837.0,797756,180852,2814.0,燃料油,能源化工,SHFE,FU0
2019-05-08,2811.0,2823.0,2782.0,2796.0,869062,178234,2800.0,燃料油,能源化工,SHFE,FU0
2019-05-09,2794.0,2817.0,2767.0,2801.0,810026,166676,2795.0,燃料油,能源化工,SHFE,FU0
2019-05-10,2806.0,2866.0,2791.0,2821.0,918560,168730,2822.0,燃料油,能源化工,SHFE,FU0
2019-05-13,2813.0,2876.0,2811.0,2875.0,65156,180160,2838.0,燃料油,能源化工,SHFE,FU0
2019-05-14,2898.0,2930.0,2804.0,2815.0,110793,168200,2867.0,燃料油,能源化工,SHFE,FU0
2019-05-15,2840.0,2845.0,2781.0,2793.0,92627,195336,2812.0,燃料油,能源化工,SHFE,FU0
2019-05-16,2790.0,2866.0,2786.0,2846.0,813204,166312,2829.0,燃料油,能源化工,SHFE,FU0
2019-05-17,2873.0,2943.0,2869.0,2908.0,1193022,175222,2908.0,燃料油,能源化工,SHFE,FU0
2019-05-20,2918.0,2980.0,2905.0,2974.0,929484,195896,2940.0,燃料油,能源化工,SHFE,FU0
2019-05-21,2920.0,2945.0,2891.0,2920.0,785268,182950,2920.0,燃料油,能源化工,SHFE,FU0
2019-05-22,2925.0,2929.0,2854.0,2868.0,840772,157786,2887.0,燃料油,能源化工,SHFE,FU0
2019-05-23,2860.0,2872.0,2773.0,2781.0,849022,154888,2816.0,燃料油,能源化工,SHFE,FU0
2019-05-24,2750.0,2751.0,2658.0,2719.0,1447752,204870,2702.0,燃料油,能源化工,SHFE,FU0
2019-05-27,2725.0,2755.0,2669.0,2709.0,1159478,214388,2711.0,燃料油,能源化工,SHFE,FU0
2019-05-28,2720.0,2768.0,2713.0,2742.0,730406,215156,2740.0,燃料油,能源化工,SHFE,FU0
2019-05-29,2742.0,2762.0,2721.0,2744.0,734906,210448,2743.0,燃料油,能源化工,SHFE,FU0
2019-05-30,2698.0,2772.0,2673.0,2751.0,999050,180794,2723.0,燃料油,能源化工,SHFE,FU0
2019-05-31,2725.0,2736.0,2610.0,2620.0,984642,232066,2665.0,燃料油,能源化工,SHFE,FU0
2019-06-03,2610.0,2646.0,2508.0,2536.0,1241282,245508,2574.0,燃料油,能源化工,SHFE,FU0
2019-06-04,2581.0,2588.0,2526.0,2538.0,927246,243494,2552.0,燃料油,能源化工,SHFE,FU0
2019-06-05,2531.0,2573.0,2530.0,2557.0,763536,244746,2550.0,燃料油,能源化工,SHFE,FU0
2019-06-06,2552.0,2577.0,2488.0,2538.0,1287336,270460,2535.0,燃料油,能源化工,SHFE,FU0
2019-06-10,2614.0,2640.0,2597.0,2608.0,467790,268154,2611.0,燃料油,能源化工,SHFE,FU0
2019-06-11,2618.0,2623.0,2578.0,2603.0,826218,263650,2600.0,燃料油,能源化工,SHFE,FU0
2019-06-12,2609.0,2611.0,2518.0,2529.0,849160,294524,2562.0,燃料油,能源化工,SHFE,FU0
2019-06-13,2507.0,2545.0,2448.0,2535.0,1420152,303208,2501.0,燃料油,能源化工,SHFE,FU0
2019-06-14,2550.0,2555.0,2460.0,2475.0,1141018,336018,2496.0,燃料油,能源化工,SHFE,FU0
2019-06-17,2477.0,2508.0,2473.0,2497.0,710164,296346,2493.0,燃料油,能源化工,SHFE,FU0
2019-06-18,2494.0,2496.0,2427.0,2433.0,949202,327804,2460.0,燃料油,能源化工,SHFE,FU0
2019-06-19,2447.0,2530.0,2444.0,2522.0,1118304,245580,2499.0,燃料油,能源化工,SHFE,FU0
2019-06-20,2520.0,2567.0,2497.0,2557.0,1045900,233368,2530.0,燃料油,能源化工,SHFE,FU0
2019-06-21,2555.0,2618.0,2553.0,2583.0,1116056,211398,2580.0,燃料油,能源化工,SHFE,FU0
2019-06-24,2602.0,2666.0,2591.0,2649.0,1015118,204114,2631.0,燃料油,能源化工,SHFE,FU0
2019-06-25,2650.0,2662.0,2619.0,2647.0,894162,202066,2642.0,燃料油,能源化工,SHFE,FU0
2019-06-26,2651.0,2723.0,2642.0,2710.0,1003618,214230,2680.0,燃料油,能源化工,SHFE,FU0
2019-06-27,2708.0,2751.0,2688.0,2716.0,961764,204678,2724.0,燃料油,能源化工,SHFE,FU0
2019-06-28,2725.0,2788.0,2725.0,2775.0,1054592,211930,2767.0,燃料油,能源化工,SHFE,FU0
2019-07-01,2788.0,2868.0,2758.0,2863.0,1075602,205850,2807.0,燃料油,能源化工,SHFE,FU0
2019-07-02,2866.0,2868.0,2783.0,2832.0,992634,195162,2822.0,燃料油,能源化工,SHFE,FU0
2019-07-03,2793.0,2816.0,2711.0,2726.0,1246220,196512,2753.0,燃料油,能源化工,SHFE,FU0
2019-07-04,2745.0,2802.0,2731.0,2776.0,1170926,190332,2767.0,燃料油,能源化工,SHFE,FU0
2019-07-05,2793.0,2831.0,2777.0,2828.0,931312,191038,2807.0,燃料油,能源化工,SHFE,FU0
2019-07-08,2822.0,2915.0,2814.0,2896.0,1200448,214618,2871.0,燃料油,能源化工,SHFE,FU0
2019-07-09,2891.0,2938.0,2852.0,2880.0,1161388,205672,2893.0,燃料油,能源化工,SHFE,FU0
2019-07-10,2915.0,2968.0,2867.0,2960.0,1304012,223648,2919.0,燃料油,能源化工,SHFE,FU0
2019-07-11,2997.0,3152.0,2993.0,3152.0,1730448,276038,3093.0,燃料油,能源化工,SHFE,FU0
2019-07-12,3130.0,3170.0,3089.0,3145.0,1637726,253184,3139.0,燃料油,能源化工,SHFE,FU0
2019-07-15,3110.0,3119.0,3024.0,3054.0,1434024,195742,3068.0,燃料油,能源化工,SHFE,FU0
2019-07-16,3040.0,3077.0,2903.0,2912.0,1664886,205234,2995.0,燃料油,能源化工,SHFE,FU0
2019-07-17,2945.0,2986.0,2874.0,2931.0,1334722,177282,2936.0,燃料油,能源化工,SHFE,FU0
2019-07-18,2955.0,2980.0,2911.0,2948.0,1221794,171032,2949.0,燃料油,能源化工,SHFE,FU0
2019-07-19,2965.0,2988.0,2870.0,2952.0,1484668,160096,2936.0,燃料油,能源化工,SHFE,FU0
2019-07-22,2940.0,2997.0,2913.0,2961.0,1158578,151516,2953.0,燃料油,能源化工,SHFE,FU0
2019-07-23,2959.0,2959.0,2884.0,2920.0,1036284,152788,2915.0,燃料油,能源化工,SHFE,FU0
2019-07-24,2899.0,2928.0,2854.0,2904.0,1099810,143140,2896.0,燃料油,能源化工,SHFE,FU0
2019-07-25,2919.0,2957.0,2884.0,2916.0,999508,150882,2920.0,燃料油,能源化工,SHFE,FU0
2019-07-26,2955.0,3031.0,2943.0,3027.0,1272484,181854,2982.0,燃料油,能源化工,SHFE,FU0
2019-07-29,3029.0,3037.0,2983.0,2983.0,849432,169528,3002.0,燃料油,能源化工,SHFE,FU0
2019-07-30,2997.0,3061.0,2980.0,3053.0,956232,181174,3019.0,燃料油,能源化工,SHFE,FU0
2019-07-31,3050.0,3117.0,3032.0,3087.0,902358,169130,3076.0,燃料油,能源化工,SHFE,FU0
2019-08-01,3098.0,3135.0,3075.0,3104.0,893012,188962,3110.0,燃料油,能源化工,SHFE,FU0
2019-08-02,3088.0,3099.0,2919.0,2986.0,1029616,139012,3015.0,燃料油,能源化工,SHFE,FU0
2019-08-05,2987.0,3016.0,2931.0,2981.0,650806,129750,2985.0,燃料油,能源化工,SHFE,FU0
2019-08-06,2394.0,2404.0,2353.0,2382.0,876216,452376,2383.0,燃料油,能源化工,SHFE,FU0
2019-08-07,2370.0,2372.0,2268.0,2284.0,1294666,526860,2316.0,燃料油,能源化工,SHFE,FU0
2019-08-08,2251.0,2268.0,2221.0,2259.0,1407520,562182,2245.0,燃料油,能源化工,SHFE,FU0
2019-08-09,2248.0,2268.0,2187.0,2233.0,1443050,592250,2231.0,燃料油,能源化工,SHFE,FU0
2019-08-12,2248.0,2288.0,2222.0,2251.0,1350284,621262,2251.0,燃料油,能源化工,SHFE,FU0
2019-08-13,2253.0,2267.0,2195.0,2204.0,1163524,718396,2234.0,燃料油,能源化工,SHFE,FU0
2019-08-14,2206.0,2276.0,2203.0,2252.0,1561890,639672,2248.0,燃料油,能源化工,SHFE,FU0
2019-08-15,2220.0,2225.0,2153.0,2187.0,1841368,773428,2187.0,燃料油,能源化工,SHFE,FU0
2019-08-16,2180.0,2198.0,2163.0,2174.0,1361256,774578,2181.0,燃料油,能源化工,SHFE,FU0
2019-08-19,2167.0,2228.0,2163.0,2228.0,1273414,704870,2198.0,燃料油,能源化工,SHFE,FU0
2019-08-20,2222.0,2247.0,2213.0,2221.0,1229248,700486,2231.0,燃料油,能源化工,SHFE,FU0
2019-08-21,2218.0,2219.0,2161.0,2200.0,1731882,733048,2188.0,燃料油,能源化工,SHFE,FU0
2019-08-22,2215.0,2238.0,2177.0,2202.0,1694378,718264,2209.0,燃料油,能源化工,SHFE,FU0
2019-08-23,2216.0,2225.0,2172.0,2195.0,1496918,735972,2195.0,燃料油,能源化工,SHFE,FU0
2019-08-26,2157.0,2221.0,2137.0,2209.0,1995088,697718,2180.0,燃料油,能源化工,SHFE,FU0
2019-08-27,2226.0,2249.0,2187.0,2196.0,1516400,695476,2218.0,燃料油,能源化工,SHFE,FU0
2019-08-28,2207.0,2253.0,2179.0,2241.0,1421494,683624,2220.0,燃料油,能源化工,SHFE,FU0
2019-08-29,2246.0,2275.0,2221.0,2223.0,1476856,693816,2248.0,燃料油,能源化工,SHFE,FU0
2019-08-30,2230.0,2257.0,2214.0,2238.0,1315404,702194,2234.0,燃料油,能源化工,SHFE,FU0
2019-09-02,2238.0,2246.0,2188.0,2207.0,1419364,779558,2212.0,燃料油,能源化工,SHFE,FU0
2019-09-03,2201.0,2212.0,2167.0,2203.0,1252390,785596,2190.0,燃料油,能源化工,SHFE,FU0
2019-09-04,2170.0,2205.0,2155.0,2197.0,1476480,800310,2179.0,燃料油,能源化工,SHFE,FU0
2019-09-05,2220.0,2250.0,2208.0,2212.0,1506374,751012,2225.0,燃料油,能源化工,SHFE,FU0
2019-09-06,2221.0,2236.0,2200.0,2225.0,1097568,736602,2224.0,燃料油,能源化工,SHFE,FU0
2019-09-09,2200.0,2257.0,2200.0,2254.0,1181516,725302,2233.0,燃料油,能源化工,SHFE,FU0
2019-09-10,2250.0,2305.0,2250.0,2263.0,1541630,730316,2277.0,燃料油,能源化工,SHFE,FU0
2019-09-11,2272.0,2287.0,2233.0,2237.0,1282704,753050,2257.0,燃料油,能源化工,SHFE,FU0
2019-09-12,2239.0,2251.0,2187.0,2190.0,1435098,818048,2217.0,燃料油,能源化工,SHFE,FU0
2019-09-16,2394.0,2394.0,2318.0,2332.0,1892976,686144,2345.0,燃料油,能源化工,SHFE,FU0
2019-09-17,2379.0,2485.0,2350.0,2472.0,3211640,632080,2429.0,燃料油,能源化工,SHFE,FU0
2019-09-18,2483.0,2497.0,2355.0,2379.0,3395412,551736,2413.0,燃料油,能源化工,SHFE,FU0
2019-09-19,2345.0,2390.0,2340.0,2361.0,1595786,546846,2369.0,燃料油,能源化工,SHFE,FU0
2019-09-20,2388.0,2395.0,2357.0,2374.0,1328678,563708,2374.0,燃料油,能源化工,SHFE,FU0
2019-09-23,2370.0,2393.0,2368.0,2381.0,1087608,545016,2379.0,燃料油,能源化工,SHFE,FU0
2019-09-24,2370.0,2376.0,2307.0,2318.0,1342796,588806,2347.0,燃料油,能源化工,SHFE,FU0
2019-09-25,2316.0,2318.0,2250.0,2270.0,1258100,622476,2280.0,燃料油,能源化工,SHFE,FU0
2019-09-26,2261.0,2273.0,2239.0,2256.0,1138668,621380,2252.0,燃料油,能源化工,SHFE,FU0
2019-09-27,2250.0,2269.0,2223.0,2232.0,1238724,587210,2248.0,燃料油,能源化工,SHFE,FU0
2019-09-30,2220.0,2253.0,2205.0,2222.0,1060570,576326,2231.0,燃料油,能源化工,SHFE,FU0
2019-10-08,2190.0,2204.0,2172.0,2189.0,734896,648564,2185.0,燃料油,能源化工,SHFE,FU0
2019-10-09,2171.0,2218.0,2163.0,2193.0,1204084,696686,2191.0,燃料油,能源化工,SHFE,FU0
2019-10-10,2203.0,2215.0,2180.0,2194.0,1113566,720704,2196.0,燃料油,能源化工,SHFE,FU0
2019-10-11,2202.0,2239.0,2186.0,2224.0,1971674,707538,2212.0,燃料油,能源化工,SHFE,FU0
2019-10-14,2224.0,2230.0,2191.0,2197.0,1366690,739078,2214.0,燃料油,能源化工,SHFE,FU0
2019-10-15,2186.0,2195.0,2152.0,2164.0,1294576,777804,2171.0,燃料油,能源化工,SHFE,FU0
2019-10-16,2169.0,2178.0,2132.0,2148.0,1260918,810292,2157.0,燃料油,能源化工,SHFE,FU0
2019-10-17,2152.0,2166.0,2117.0,2129.0,1435810,836750,2142.0,燃料油,能源化工,SHFE,FU0
2019-10-18,2136.0,2151.0,2124.0,2138.0,942384,790094,2137.0,燃料油,能源化工,SHFE,FU0
2019-10-21,2152.0,2157.0,2103.0,2113.0,1134386,835738,2124.0,燃料油,能源化工,SHFE,FU0
2019-10-22,2108.0,2122.0,2089.0,2102.0,992348,820504,2104.0,燃料油,能源化工,SHFE,FU0
2019-10-23,2113.0,2126.0,2081.0,2097.0,1126126,844592,2108.0,燃料油,能源化工,SHFE,FU0
2019-10-24,2093.0,2136.0,2086.0,2127.0,1167330,785074,2117.0,燃料油,能源化工,SHFE,FU0
2019-10-25,2133.0,2139.0,2101.0,2108.0,1010986,801756,2121.0,燃料油,能源化工,SHFE,FU0
2019-10-28,2106.0,2121.0,2091.0,2099.0,1013716,818570,2107.0,燃料油,能源化工,SHFE,FU0
2019-10-29,2101.0,2126.0,2087.0,2096.0,1154570,827974,2104.0,燃料油,能源化工,SHFE,FU0
2019-10-30,2083.0,2104.0,2072.0,2097.0,955282,786232,2092.0,燃料油,能源化工,SHFE,FU0
2019-10-31,2096.0,2118.0,2090.0,2108.0,994138,712664,2104.0,燃料油,能源化工,SHFE,FU0
2019-11-01,2100.0,2106.0,2088.0,2097.0,718046,701336,2097.0,燃料油,能源化工,SHFE,FU0
2019-11-04,2110.0,2140.0,2103.0,2134.0,1044130,669772,2122.0,燃料油,能源化工,SHFE,FU0
2019-11-05,2147.0,2154.0,2120.0,2123.0,912616,682786,2137.0,燃料油,能源化工,SHFE,FU0
2019-11-06,2129.0,2133.0,2084.0,2087.0,1010404,732628,2107.0,燃料油,能源化工,SHFE,FU0
2019-11-07,2093.0,2098.0,2038.0,2056.0,1119946,746984,2067.0,燃料油,能源化工,SHFE,FU0
2019-11-08,2065.0,2073.0,2013.0,2016.0,1032828,763800,2045.0,燃料油,能源化工,SHFE,FU0
2019-11-11,2013.0,2015.0,1924.0,1933.0,1612300,765250,1977.0,燃料油,能源化工,SHFE,FU0
2019-11-12,1930.0,1946.0,1907.0,1931.0,1559400,771464,1927.0,燃料油,能源化工,SHFE,FU0
2019-11-13,1930.0,1935.0,1863.0,1867.0,1754546,821338,1902.0,燃料油,能源化工,SHFE,FU0
2019-11-14,1863.0,1872.0,1832.0,1848.0,2229308,844346,1854.0,燃料油,能源化工,SHFE,FU0
2019-11-15,1850.0,1859.0,1714.0,1734.0,3623354,922356,1785.0,燃料油,能源化工,SHFE,FU0
2019-11-18,1734.0,1775.0,1719.0,1762.0,2645404,817446,1748.0,燃料油,能源化工,SHFE,FU0
2019-11-19,1767.0,1793.0,1752.0,1782.0,2170760,732870,1773.0,燃料油,能源化工,SHFE,FU0
2019-11-20,1769.0,1782.0,1716.0,1729.0,2867840,744116,1745.0,燃料油,能源化工,SHFE,FU0
2019-11-21,1733.0,1812.0,1733.0,1803.0,2610024,678402,1774.0,燃料油,能源化工,SHFE,FU0
2019-11-22,1804.0,1857.0,1797.0,1815.0,2211674,627796,1826.0,燃料油,能源化工,SHFE,FU0
2019-11-25,1824.0,1856.0,1812.0,1843.0,1512764,582208,1837.0,燃料油,能源化工,SHFE,FU0
2019-11-26,1833.0,1848.0,1808.0,1832.0,1074868,548204,1833.0,燃料油,能源化工,SHFE,FU0
2019-11-27,1840.0,1848.0,1817.0,1823.0,702794,520010,1833.0,燃料油,能源化工,SHFE,FU0
2019-11-28,1821.0,1872.0,1806.0,1825.0,1159504,469156,1836.0,燃料油,能源化工,SHFE,FU0
2019-11-29,1926.0,1939.0,1876.0,1935.0,1828106,658908,1905.0,燃料油,能源化工,SHFE,FU0
2019-12-02,1928.0,1940.0,1849.0,1859.0,2217790,772748,1893.0,燃料油,能源化工,SHFE,FU0
2019-12-03,1865.0,1898.0,1861.0,1889.0,1659652,736616,1878.0,燃料油,能源化工,SHFE,FU0
2019-12-04,1880.0,1920.0,1869.0,1917.0,2014388,703278,1898.0,燃料油,能源化工,SHFE,FU0
2019-12-05,1927.0,1959.0,1926.0,1952.0,1763614,689684,1945.0,燃料油,能源化工,SHFE,FU0
2019-12-06,1959.0,1985.0,1947.0,1980.0,2017794,703392,1966.0,燃料油,能源化工,SHFE,FU0
2019-12-09,1981.0,2028.0,1960.0,2011.0,2065528,676524,1994.0,燃料油,能源化工,SHFE,FU0
2019-12-10,2005.0,2028.0,1997.0,2022.0,1510726,679072,2014.0,燃料油,能源化工,SHFE,FU0
2019-12-11,2018.0,2083.0,2004.0,2070.0,2570022,696262,2052.0,燃料油,能源化工,SHFE,FU0
2019-12-12,2073.0,2093.0,2052.0,2069.0,2017056,688710,2072.0,燃料油,能源化工,SHFE,FU0
2019-12-13,2072.0,2086.0,2059.0,2074.0,1582992,678930,2070.0,燃料油,能源化工,SHFE,FU0
2019-12-16,2074.0,2096.0,2026.0,2087.0,2191418,668970,2069.0,燃料油,能源化工,SHFE,FU0
2019-12-17,2094.0,2117.0,2055.0,2075.0,2319952,684470,2090.0,燃料油,能源化工,SHFE,FU0
2019-12-18,2082.0,2097.0,2063.0,2067.0,1450576,644208,2082.0,燃料油,能源化工,SHFE,FU0
2019-12-19,2076.0,2133.0,2063.0,2131.0,2115124,720896,2102.0,燃料油,能源化工,SHFE,FU0
2019-12-20,2136.0,2179.0,2120.0,2168.0,2120812,697176,2148.0,燃料油,能源化工,SHFE,FU0
2019-12-23,2168.0,2183.0,2148.0,2160.0,1886108,661046,2164.0,燃料油,能源化工,SHFE,FU0
2019-12-24,2167.0,2178.0,2138.0,2158.0,1622960,616954,2160.0,燃料油,能源化工,SHFE,FU0
2019-12-25,2157.0,2184.0,2133.0,2170.0,1696830,638868,2158.0,燃料油,能源化工,SHFE,FU0
2019-12-26,2172.0,2200.0,2152.0,2161.0,965946,619960,2163.0,燃料油,能源化工,SHFE,FU0
2019-12-27,2153.0,2197.0,2137.0,2178.0,2118890,617042,2168.0,燃料油,能源化工,SHFE,FU0
2019-12-30,2180.0,2236.0,2168.0,2226.0,1906780,682946,2207.0,燃料油,能源化工,SHFE,FU0
2019-12-31,2234.0,2264.0,2160.0,2163.0,2540738,615700,2210.0,燃料油,能源化工,SHFE,FU0
2020-01-02,2162.0,2194.0,2160.0,2176.0,446772,299971,2179.0,燃料油,能源化工,SHFE,FU0
2020-01-03,2177.0,2273.0,2176.0,2270.0,1423581,296747,2233.0,燃料油,能源化工,SHFE,FU0
2020-01-06,2280.0,2411.0,2278.0,2411.0,1532110,323043,2352.0,燃料油,能源化工,SHFE,FU0
2020-01-07,2400.0,2410.0,2322.0,2375.0,1585205,294850,2372.0,燃料油,能源化工,SHFE,FU0
2020-01-08,2360.0,2556.0,2354.0,2475.0,2195700,320267,2461.0,燃料油,能源化工,SHFE,FU0
2020-01-09,2425.0,2467.0,2321.0,2348.0,2375495,285823,2397.0,燃料油,能源化工,SHFE,FU0
2020-01-10,2356.0,2417.0,2350.0,2416.0,1060809,292531,2373.0,燃料油,能源化工,SHFE,FU0
2020-01-13,2425.0,2442.0,2366.0,2415.0,1574130,282821,2415.0,燃料油,能源化工,SHFE,FU0
2020-01-14,2405.0,2421.0,2345.0,2387.0,1392344,290917,2386.0,燃料油,能源化工,SHFE,FU0
2020-01-15,2390.0,2406.0,2279.0,2295.0,1956636,286377,2330.0,燃料油,能源化工,SHFE,FU0
2020-01-16,2295.0,2313.0,2275.0,2290.0,1007617,280794,2295.0,燃料油,能源化工,SHFE,FU0
2020-01-17,2277.0,2323.0,2249.0,2306.0,1473405,264840,2291.0,燃料油,能源化工,SHFE,FU0
2020-01-20,2318.0,2346.0,2296.0,2345.0,1053461,253021,2324.0,燃料油,能源化工,SHFE,FU0
2020-01-21,2333.0,2341.0,2284.0,2294.0,883041,234762,2312.0,燃料油,能源化工,SHFE,FU0
2020-01-22,2288.0,2353.0,2270.0,2328.0,1266070,222392,2318.0,燃料油,能源化工,SHFE,FU0
2020-01-23,2325.0,2341.0,2241.0,2286.0,1167350,165439,2288.0,燃料油,能源化工,SHFE,FU0
2020-02-03,2060.0,2093.0,2059.0,2059.0,330532,169921,2072.0,燃料油,能源化工,SHFE,FU0
2020-02-04,1980.0,2043.0,1935.0,2032.0,640648,167491,2011.0,燃料油,能源化工,SHFE,FU0
2020-02-05,2015.0,2082.0,2015.0,2063.0,706218,183801,2060.0,燃料油,能源化工,SHFE,FU0
2020-02-06,2102.0,2144.0,2083.0,2140.0,840826,198001,2112.0,燃料油,能源化工,SHFE,FU0
2020-02-07,2125.0,2142.0,2104.0,2137.0,653741,193339,2121.0,燃料油,能源化工,SHFE,FU0
2020-02-10,2100.0,2133.0,2093.0,2110.0,709757,211616,2114.0,燃料油,能源化工,SHFE,FU0
2020-02-11,2103.0,2134.0,2096.0,2123.0,733681,211880,2121.0,燃料油,能源化工,SHFE,FU0
2020-02-12,2129.0,2182.0,2126.0,2171.0,1091508,215227,2163.0,燃料油,能源化工,SHFE,FU0
2020-02-13,2178.0,2221.0,2177.0,2195.0,998135,222849,2202.0,燃料油,能源化工,SHFE,FU0
2020-02-14,2205.0,2225.0,2182.0,2203.0,735826,217713,2200.0,燃料油,能源化工,SHFE,FU0
2020-02-17,2220.0,2251.0,2204.0,2249.0,768758,225873,2229.0,燃料油,能源化工,SHFE,FU0
2020-02-18,2246.0,2248.0,2207.0,2214.0,688141,212013,2223.0,燃料油,能源化工,SHFE,FU0
2020-02-19,2221.0,2275.0,2221.0,2269.0,931173,233002,2253.0,燃料油,能源化工,SHFE,FU0
2020-02-20,2300.0,2343.0,2300.0,2326.0,975995,232814,2326.0,燃料油,能源化工,SHFE,FU0
2020-02-21,2317.0,2322.0,2288.0,2291.0,792034,230632,2301.0,燃料油,能源化工,SHFE,FU0
2020-02-24,2250.0,2250.0,2169.0,2179.0,1112331,226242,2206.0,燃料油,能源化工,SHFE,FU0
2020-02-25,2160.0,2224.0,2145.0,2216.0,1078366,226430,2182.0,燃料油,能源化工,SHFE,FU0
2020-02-26,2150.0,2173.0,2088.0,2090.0,1429458,236029,2139.0,燃料油,能源化工,SHFE,FU0
2020-02-27,2036.0,2062.0,2007.0,2021.0,1691969,268115,2035.0,燃料油,能源化工,SHFE,FU0
2020-02-28,1961.0,2009.0,1926.0,1953.0,1864769,260352,1966.0,燃料油,能源化工,SHFE,FU0
2020-03-02,1945.0,2062.0,1945.0,2053.0,1778196,237870,2030.0,燃料油,能源化工,SHFE,FU0
2020-03-03,2123.0,2143.0,2037.0,2063.0,1438892,239048,2083.0,燃料油,能源化工,SHFE,FU0
2020-03-04,2055.0,2089.0,2051.0,2080.0,1207186,245705,2071.0,燃料油,能源化工,SHFE,FU0
2020-03-05,2080.0,2095.0,2056.0,2083.0,1005670,247944,2073.0,燃料油,能源化工,SHFE,FU0
2020-03-06,2053.0,2056.0,1987.0,2013.0,1662706,264965,2013.0,燃料油,能源化工,SHFE,FU0
2020-03-09,1851.0,1851.0,1851.0,1851.0,17037,257505,1851.0,燃料油,能源化工,SHFE,FU0
2020-03-10,1647.0,1755.0,1647.0,1678.0,1515463,291057,1689.0,燃料油,能源化工,SHFE,FU0
2020-03-11,1710.0,1746.0,1634.0,1652.0,3255938,348691,1693.0,燃料油,能源化工,SHFE,FU0
2020-03-12,1650.0,1664.0,1557.0,1567.0,3134601,370930,1593.0,燃料油,能源化工,SHFE,FU0
2020-03-13,1550.0,1601.0,1485.0,1584.0,3026509,352610,1540.0,燃料油,能源化工,SHFE,FU0
2020-03-16,1500.0,1570.0,1495.0,1511.0,3021490,363118,1538.0,燃料油,能源化工,SHFE,FU0
2020-03-17,1511.0,1553.0,1505.0,1530.0,2462496,351298,1530.0,燃料油,能源化工,SHFE,FU0
2020-03-18,1480.0,1525.0,1446.0,1451.0,2103113,358997,1493.0,燃料油,能源化工,SHFE,FU0
2020-03-19,1420.0,1442.0,1343.0,1373.0,2998370,330501,1381.0,燃料油,能源化工,SHFE,FU0
2020-03-20,1456.0,1486.0,1415.0,1469.0,3468393,304133,1443.0,燃料油,能源化工,SHFE,FU0
2020-03-23,1358.0,1436.0,1352.0,1432.0,2685435,305530,1401.0,燃料油,能源化工,SHFE,FU0
2020-03-24,1477.0,1493.0,1447.0,1483.0,2779944,291586,1475.0,燃料油,能源化工,SHFE,FU0
2020-03-25,1489.0,1525.0,1488.0,1498.0,1839140,299179,1506.0,燃料油,能源化工,SHFE,FU0
2020-03-26,1501.0,1506.0,1435.0,1438.0,2095566,295692,1473.0,燃料油,能源化工,SHFE,FU0
2020-03-27,1448.0,1471.0,1429.0,1455.0,2226711,279185,1451.0,燃料油,能源化工,SHFE,FU0
2020-03-30,1412.0,1419.0,1368.0,1392.0,2071862,271498,1387.0,燃料油,能源化工,SHFE,FU0
2020-03-31,1416.0,1500.0,1409.0,1467.0,2664810,250672,1461.0,燃料油,能源化工,SHFE,FU0
2020-04-01,1450.0,1469.0,1435.0,1443.0,1478516,246254,1451.0,燃料油,能源化工,SHFE,FU0
2020-04-02,1466.0,1577.0,1458.0,1537.0,2312388,231551,1506.0,燃料油,能源化工,SHFE,FU0
2020-04-03,1570.0,1578.0,1497.0,1526.0,1936278,211292,1529.0,燃料油,能源化工,SHFE,FU0
2020-04-07,1577.0,1602.0,1563.0,1579.0,1179269,198090,1583.0,燃料油,能源化工,SHFE,FU0
2020-04-08,1705.0,1752.0,1700.0,1738.0,1888466,508688,1731.0,燃料油,能源化工,SHFE,FU0
2020-04-09,1777.0,1782.0,1754.0,1767.0,1756326,537178,1765.0,燃料油,能源化工,SHFE,FU0
2020-04-10,1712.0,1751.0,1695.0,1750.0,1286810,541837,1728.0,燃料油,能源化工,SHFE,FU0
2020-04-13,1770.0,1811.0,1727.0,1732.0,2379367,570929,1772.0,燃料油,能源化工,SHFE,FU0
2020-04-14,1749.0,1755.0,1715.0,1739.0,1727102,584091,1735.0,燃料油,能源化工,SHFE,FU0
2020-04-15,1683.0,1734.0,1683.0,1717.0,1748908,602542,1716.0,燃料油,能源化工,SHFE,FU0
2020-04-16,1718.0,1734.0,1634.0,1648.0,2748865,685814,1678.0,燃料油,能源化工,SHFE,FU0
2020-04-17,1674.0,1692.0,1634.0,1687.0,2743260,650522,1668.0,燃料油,能源化工,SHFE,FU0
2020-04-20,1644.0,1661.0,1611.0,1645.0,2555823,678147,1640.0,燃料油,能源化工,SHFE,FU0
2020-04-21,1605.0,1636.0,1546.0,1560.0,3763893,708762,1595.0,燃料油,能源化工,SHFE,FU0
2020-04-22,1461.0,1497.0,1435.0,1435.0,1334016,728370,1447.0,燃料油,能源化工,SHFE,FU0
2020-04-23,1452.0,1570.0,1452.0,1535.0,3684225,711524,1507.0,燃料油,能源化工,SHFE,FU0
2020-04-24,1546.0,1594.0,1523.0,1536.0,3895837,728675,1558.0,燃料油,能源化工,SHFE,FU0
2020-04-27,1506.0,1517.0,1413.0,1420.0,3951214,880157,1457.0,燃料油,能源化工,SHFE,FU0
2020-04-28,1404.0,1450.0,1361.0,1443.0,5269715,843514,1412.0,燃料油,能源化工,SHFE,FU0
2020-04-29,1476.0,1495.0,1445.0,1467.0,4263159,796639,1469.0,燃料油,能源化工,SHFE,FU0
2020-04-30,1523.0,1537.0,1495.0,1512.0,3415702,739551,1513.0,燃料油,能源化工,SHFE,FU0
2020-05-06,1632.0,1648.0,1564.0,1580.0,2400303,713023,1584.0,燃料油,能源化工,SHFE,FU0
2020-05-07,1550.0,1597.0,1538.0,1578.0,2911198,708983,1577.0,燃料油,能源化工,SHFE,FU0
2020-05-08,1620.0,1628.0,1552.0,1600.0,2909937,698934,1594.0,燃料油,能源化工,SHFE,FU0
2020-05-11,1600.0,1607.0,1562.0,1582.0,2822663,703214,1589.0,燃料油,能源化工,SHFE,FU0
2020-05-12,1589.0,1597.0,1549.0,1564.0,2470621,714351,1575.0,燃料油,能源化工,SHFE,FU0
2020-05-13,1575.0,1579.0,1503.0,1529.0,3259068,785473,1532.0,燃料油,能源化工,SHFE,FU0
2020-05-14,1541.0,1546.0,1502.0,1527.0,3083055,763523,1524.0,燃料油,能源化工,SHFE,FU0
2020-05-15,1531.0,1600.0,1524.0,1590.0,3307536,719988,1565.0,燃料油,能源化工,SHFE,FU0
2020-05-18,1592.0,1646.0,1572.0,1620.0,3141867,688372,1605.0,燃料油,能源化工,SHFE,FU0
2020-05-19,1634.0,1663.0,1594.0,1617.0,4136639,670623,1623.0,燃料油,能源化工,SHFE,FU0
2020-05-20,1624.0,1658.0,1613.0,1644.0,3000896,649014,1633.0,燃料油,能源化工,SHFE,FU0
2020-05-21,1659.0,1693.0,1654.0,1676.0,2955952,659850,1675.0,燃料油,能源化工,SHFE,FU0
2020-05-22,1681.0,1682.0,1584.0,1611.0,3808404,655110,1628.0,燃料油,能源化工,SHFE,FU0
2020-05-25,1618.0,1643.0,1596.0,1635.0,3054219,655630,1622.0,燃料油,能源化工,SHFE,FU0
2020-05-26,1638.0,1667.0,1626.0,1660.0,2191064,661357,1650.0,燃料油,能源化工,SHFE,FU0
2020-05-27,1660.0,1668.0,1622.0,1628.0,2880038,691877,1637.0,燃料油,能源化工,SHFE,FU0
2020-05-28,1626.0,1637.0,1604.0,1632.0,2968254,688422,1622.0,燃料油,能源化工,SHFE,FU0
2020-05-29,1643.0,1650.0,1613.0,1624.0,2534157,702478,1629.0,燃料油,能源化工,SHFE,FU0
2020-06-01,1617.0,1682.0,1616.0,1675.0,2587302,657191,1656.0,燃料油,能源化工,SHFE,FU0
2020-06-02,1676.0,1677.0,1646.0,1668.0,2165657,629409,1660.0,燃料油,能源化工,SHFE,FU0
2020-06-03,1678.0,1756.0,1666.0,1751.0,3137580,649985,1722.0,燃料油,能源化工,SHFE,FU0
2020-06-04,1725.0,1738.0,1687.0,1704.0,2731047,628544,1719.0,燃料油,能源化工,SHFE,FU0
2020-06-05,1704.0,1742.0,1703.0,1735.0,1843773,613781,1720.0,燃料油,能源化工,SHFE,FU0
2020-06-08,1775.0,1795.0,1746.0,1774.0,2987696,591278,1771.0,燃料油,能源化工,SHFE,FU0
2020-06-09,1760.0,1768.0,1725.0,1735.0,2086689,583481,1743.0,燃料油,能源化工,SHFE,FU0
2020-06-10,1723.0,1766.0,1717.0,1745.0,1667052,553652,1745.0,燃料油,能源化工,SHFE,FU0
2020-06-11,1743.0,1762.0,1711.0,1734.0,1945626,540228,1739.0,燃料油,能源化工,SHFE,FU0
2020-06-12,1700.0,1713.0,1620.0,1651.0,2820898,555272,1663.0,燃料油,能源化工,SHFE,FU0
2020-06-15,1676.0,1702.0,1635.0,1646.0,2260432,542405,1661.0,燃料油,能源化工,SHFE,FU0
2020-06-16,1650.0,1701.0,1643.0,1693.0,1781207,526266,1675.0,燃料油,能源化工,SHFE,FU0
2020-06-17,1720.0,1724.0,1672.0,1695.0,1793242,539927,1697.0,燃料油,能源化工,SHFE,FU0
2020-06-18,1698.0,1700.0,1667.0,1686.0,1575141,553598,1683.0,燃料油,能源化工,SHFE,FU0
2020-06-19,1692.0,1740.0,1677.0,1735.0,1686182,532860,1710.0,燃料油,能源化工,SHFE,FU0
2020-06-22,1741.0,1746.0,1698.0,1705.0,1609862,533324,1727.0,燃料油,能源化工,SHFE,FU0
2020-06-23,1700.0,1735.0,1699.0,1729.0,1548158,508159,1719.0,燃料油,能源化工,SHFE,FU0
2020-06-24,1736.0,1744.0,1710.0,1717.0,1147467,499955,1725.0,燃料油,能源化工,SHFE,FU0
2020-06-29,1680.0,1684.0,1625.0,1636.0,1336496,591789,1649.0,燃料油,能源化工,SHFE,FU0
2020-06-30,1650.0,1686.0,1646.0,1672.0,1323906,492736,1669.0,燃料油,能源化工,SHFE,FU0
2020-07-01,1669.0,1685.0,1655.0,1683.0,1151971,487594,1671.0,燃料油,能源化工,SHFE,FU0
2020-07-02,1671.0,1709.0,1669.0,1702.0,1642673,480523,1690.0,燃料油,能源化工,SHFE,FU0
2020-07-03,1709.0,1717.0,1695.0,1709.0,1373995,476156,1706.0,燃料油,能源化工,SHFE,FU0
2020-07-06,1705.0,1752.0,1697.0,1742.0,1417829,489748,1722.0,燃料油,能源化工,SHFE,FU0
2020-07-07,1744.0,1745.0,1689.0,1695.0,1369034,498394,1718.0,燃料油,能源化工,SHFE,FU0
2020-07-08,1701.0,1734.0,1695.0,1724.0,1111425,465722,1718.0,燃料油,能源化工,SHFE,FU0
2020-07-09,1732.0,1733.0,1708.0,1719.0,1026434,469552,1720.0,燃料油,能源化工,SHFE,FU0
2020-07-10,1720.0,1728.0,1647.0,1670.0,1670079,507215,1681.0,燃料油,能源化工,SHFE,FU0
2020-07-13,1686.0,1736.0,1678.0,1724.0,1507365,423829,1705.0,燃料油,能源化工,SHFE,FU0
2020-07-14,1718.0,1746.0,1671.0,1694.0,1479907,433143,1701.0,燃料油,能源化工,SHFE,FU0
2020-07-15,1687.0,1738.0,1683.0,1725.0,1524892,411914,1716.0,燃料油,能源化工,SHFE,FU0
2020-07-16,1735.0,1743.0,1702.0,1714.0,1744683,406238,1720.0,燃料油,能源化工,SHFE,FU0
2020-07-17,1716.0,1768.0,1703.0,1730.0,1829981,417209,1729.0,燃料油,能源化工,SHFE,FU0
2020-07-20,1729.0,1744.0,1690.0,1698.0,1701236,442516,1711.0,燃料油,能源化工,SHFE,FU0
2020-07-21,1702.0,1732.0,1682.0,1719.0,1357996,399786,1710.0,燃料油,能源化工,SHFE,FU0
2020-07-22,1750.0,1759.0,1722.0,1736.0,1489807,403638,1738.0,燃料油,能源化工,SHFE,FU0
2020-07-23,1729.0,1748.0,1714.0,1745.0,1348845,406436,1733.0,燃料油,能源化工,SHFE,FU0
2020-07-24,1727.0,1743.0,1680.0,1696.0,1585449,443319,1714.0,燃料油,能源化工,SHFE,FU0
2020-07-27,1708.0,1711.0,1682.0,1689.0,1007114,444040,1698.0,燃料油,能源化工,SHFE,FU0
2020-07-28,1697.0,1714.0,1671.0,1687.0,1319637,434689,1690.0,燃料油,能源化工,SHFE,FU0
2020-07-29,1680.0,1709.0,1676.0,1703.0,982665,390751,1691.0,燃料油,能源化工,SHFE,FU0
2020-07-30,1706.0,1711.0,1675.0,1684.0,1031716,416393,1693.0,燃料油,能源化工,SHFE,FU0
2020-07-31,1677.0,1679.0,1623.0,1664.0,1616592,396457,1656.0,燃料油,能源化工,SHFE,FU0
2020-08-03,1666.0,1668.0,1627.0,1639.0,828567,385531,1645.0,燃料油,能源化工,SHFE,FU0
2020-08-04,1649.0,1666.0,1642.0,1652.0,663706,365710,1653.0,燃料油,能源化工,SHFE,FU0
2020-08-05,1639.0,1669.0,1633.0,1656.0,708959,340372,1653.0,燃料油,能源化工,SHFE,FU0
2020-08-06,1677.0,1691.0,1638.0,1659.0,885299,316296,1665.0,燃料油,能源化工,SHFE,FU0
2020-08-07,1662.0,1670.0,1636.0,1647.0,565706,307052,1657.0,燃料油,能源化工,SHFE,FU0
2020-08-10,1653.0,1664.0,1627.0,1659.0,551126,282285,1649.0,燃料油,能源化工,SHFE,FU0
2020-08-11,1661.0,1682.0,1658.0,1668.0,429553,243044,1670.0,燃料油,能源化工,SHFE,FU0
2020-08-12,1893.0,1907.0,1830.0,1895.0,1475967,394470,1877.0,燃料油,能源化工,SHFE,FU0
2020-08-13,1901.0,1908.0,1877.0,1882.0,733668,399075,1889.0,燃料油,能源化工,SHFE,FU0
2020-08-14,1890.0,1905.0,1853.0,1893.0,1073964,390595,1878.0,燃料油,能源化工,SHFE,FU0
2020-08-17,1894.0,1897.0,1870.0,1875.0,760195,418684,1880.0,燃料油,能源化工,SHFE,FU0
2020-08-18,1868.0,1906.0,1860.0,1889.0,1058091,383696,1885.0,燃料油,能源化工,SHFE,FU0
2020-08-19,1897.0,1897.0,1872.0,1886.0,1085480,397238,1881.0,燃料油,能源化工,SHFE,FU0
2020-08-20,1886.0,1945.0,1872.0,1939.0,1429268,405185,1900.0,燃料油,能源化工,SHFE,FU0
2020-08-21,1939.0,1985.0,1911.0,1968.0,1470912,426828,1955.0,燃料油,能源化工,SHFE,FU0
2020-08-24,1954.0,2025.0,1934.0,1966.0,2132753,424142,1978.0,燃料油,能源化工,SHFE,FU0
2020-08-25,1973.0,2034.0,1962.0,2030.0,1530417,489183,1990.0,燃料油,能源化工,SHFE,FU0
2020-08-26,2031.0,2056.0,2011.0,2036.0,2042387,511389,2031.0,燃料油,能源化工,SHFE,FU0
2020-08-27,2030.0,2046.0,2008.0,2019.0,1346791,512381,2024.0,燃料油,能源化工,SHFE,FU0
2020-08-28,2014.0,2030.0,1985.0,2010.0,1576366,492845,2008.0,燃料油,能源化工,SHFE,FU0
2020-08-31,2010.0,2037.0,1995.0,2011.0,1496713,525278,2012.0,燃料油,能源化工,SHFE,FU0
2020-09-01,2011.0,2022.0,1972.0,2011.0,1401704,531170,2001.0,燃料油,能源化工,SHFE,FU0
2020-09-02,2013.0,2046.0,2005.0,2014.0,1504023,541873,2020.0,燃料油,能源化工,SHFE,FU0
2020-09-03,2012.0,2023.0,1964.0,1966.0,1752521,582777,1996.0,燃料油,能源化工,SHFE,FU0
2020-09-04,1960.0,1984.0,1940.0,1973.0,1569018,540392,1965.0,燃料油,能源化工,SHFE,FU0
2020-09-07,1978.0,1982.0,1910.0,1918.0,1700197,611318,1939.0,燃料油,能源化工,SHFE,FU0
2020-09-08,1918.0,1930.0,1903.0,1912.0,1094790,629207,1917.0,燃料油,能源化工,SHFE,FU0
2020-09-09,1875.0,1876.0,1785.0,1808.0,2642245,635460,1819.0,燃料油,能源化工,SHFE,FU0
2020-09-10,1828.0,1842.0,1814.0,1825.0,1618572,621424,1827.0,燃料油,能源化工,SHFE,FU0
2020-09-11,1810.0,1837.0,1803.0,1826.0,1557904,615036,1826.0,燃料油,能源化工,SHFE,FU0
2020-09-14,1815.0,1852.0,1809.0,1849.0,1176837,593557,1833.0,燃料油,能源化工,SHFE,FU0
2020-09-15,1840.0,1857.0,1817.0,1826.0,1217569,635556,1837.0,燃料油,能源化工,SHFE,FU0
2020-09-16,1836.0,1873.0,1818.0,1862.0,1692980,607102,1849.0,燃料油,能源化工,SHFE,FU0
2020-09-17,1861.0,1884.0,1826.0,1835.0,1739267,647231,1858.0,燃料油,能源化工,SHFE,FU0
2020-09-18,1841.0,1899.0,1832.0,1890.0,1662861,577537,1865.0,燃料油,能源化工,SHFE,FU0
2020-09-21,1879.0,1888.0,1850.0,1861.0,1387293,581741,1871.0,燃料油,能源化工,SHFE,FU0
2020-09-22,1849.0,1856.0,1721.0,1808.0,2336587,597961,1807.0,燃料油,能源化工,SHFE,FU0
2020-09-23,1819.0,1825.0,1776.0,1797.0,1571487,602572,1800.0,燃料油,能源化工,SHFE,FU0
2020-09-24,1801.0,1813.0,1784.0,1797.0,1304912,583506,1798.0,燃料油,能源化工,SHFE,FU0
2020-09-25,1800.0,1835.0,1794.0,1825.0,1330483,530915,1815.0,燃料油,能源化工,SHFE,FU0
2020-09-28,1820.0,1833.0,1792.0,1819.0,1119271,518908,1814.0,燃料油,能源化工,SHFE,FU0
2020-09-29,1837.0,1860.0,1823.0,1835.0,1017310,465012,1838.0,燃料油,能源化工,SHFE,FU0
2020-09-30,1840.0,1840.0,1788.0,1798.0,1153443,448119,1807.0,燃料油,能源化工,SHFE,FU0
2020-10-09,1850.0,1890.0,1834.0,1878.0,716403,420745,1872.0,燃料油,能源化工,SHFE,FU0
2020-10-12,1872.0,1892.0,1858.0,1868.0,990979,443002,1873.0,燃料油,能源化工,SHFE,FU0
2020-10-13,1867.0,1881.0,1846.0,1865.0,1247192,462604,1861.0,燃料油,能源化工,SHFE,FU0
2020-10-14,1869.0,1873.0,1839.0,1867.0,1208529,463106,1857.0,燃料油,能源化工,SHFE,FU0
2020-10-15,1879.0,1943.0,1871.0,1933.0,1890206,490616,1915.0,燃料油,能源化工,SHFE,FU0
2020-10-16,1896.0,1966.0,1886.0,1944.0,1742440,477030,1930.0,燃料油,能源化工,SHFE,FU0
2020-10-19,1948.0,1962.0,1926.0,1959.0,1236568,477837,1941.0,燃料油,能源化工,SHFE,FU0
2020-10-20,1952.0,1957.0,1907.0,1921.0,1424797,492014,1928.0,燃料油,能源化工,SHFE,FU0
2020-10-21,1920.0,1943.0,1909.0,1919.0,1553401,518780,1921.0,燃料油,能源化工,SHFE,FU0
2020-10-22,1915.0,1927.0,1872.0,1888.0,1501347,544590,1897.0,燃料油,能源化工,SHFE,FU0
2020-10-23,1889.0,1945.0,1888.0,1932.0,1707045,507726,1921.0,燃料油,能源化工,SHFE,FU0
2020-10-26,1938.0,1956.0,1857.0,1865.0,1822409,537557,1899.0,燃料油,能源化工,SHFE,FU0
2020-10-27,1863.0,1875.0,1854.0,1866.0,1121741,534187,1866.0,燃料油,能源化工,SHFE,FU0
2020-10-28,1858.0,1865.0,1804.0,1824.0,1645923,576702,1834.0,燃料油,能源化工,SHFE,FU0
2020-10-29,1799.0,1799.0,1754.0,1777.0,1845978,580662,1771.0,燃料油,能源化工,SHFE,FU0
2020-10-30,1707.0,1740.0,1638.0,1677.0,2933904,586792,1692.0,燃料油,能源化工,SHFE,FU0
2020-11-02,1683.0,1698.0,1598.0,1652.0,2025609,590961,1661.0,燃料油,能源化工,SHFE,FU0
2020-11-03,1673.0,1722.0,1663.0,1699.0,1571511,569486,1694.0,燃料油,能源化工,SHFE,FU0
2020-11-04,1733.0,1737.0,1701.0,1718.0,1491726,553696,1717.0,燃料油,能源化工,SHFE,FU0
2020-11-05,1733.0,1735.0,1703.0,1712.0,1173868,546028,1717.0,燃料油,能源化工,SHFE,FU0
2020-11-06,1722.0,1742.0,1667.0,1678.0,1416499,576547,1704.0,燃料油,能源化工,SHFE,FU0
2020-11-09,1677.0,1746.0,1665.0,1740.0,1541040,525536,1718.0,燃料油,能源化工,SHFE,FU0
2020-11-10,1818.0,1834.0,1755.0,1788.0,1619852,492692,1794.0,燃料油,能源化工,SHFE,FU0
2020-11-11,1803.0,1817.0,1788.0,1806.0,946346,485765,1802.0,燃料油,能源化工,SHFE,FU0
2020-11-12,1816.0,1827.0,1783.0,1804.0,1100334,454937,1809.0,燃料油,能源化工,SHFE,FU0
2020-11-13,1804.0,1819.0,1766.0,1776.0,1170342,463674,1791.0,燃料油,能源化工,SHFE,FU0
2020-11-16,1776.0,1813.0,1772.0,1810.0,935768,441753,1800.0,燃料油,能源化工,SHFE,FU0
2020-11-17,1831.0,1844.0,1821.0,1837.0,1128368,431448,1832.0,燃料油,能源化工,SHFE,FU0
2020-11-18,1837.0,1837.0,1792.0,1808.0,1027908,425482,1807.0,燃料油,能源化工,SHFE,FU0
2020-11-19,1827.0,1832.0,1794.0,1827.0,972676,413072,1817.0,燃料油,能源化工,SHFE,FU0
2020-11-20,1830.0,1868.0,1824.0,1849.0,1134497,406852,1848.0,燃料油,能源化工,SHFE,FU0
2020-11-23,1849.0,1873.0,1840.0,1858.0,937470,398370,1854.0,燃料油,能源化工,SHFE,FU0
2020-11-24,1864.0,1910.0,1840.0,1901.0,1547446,406461,1879.0,燃料油,能源化工,SHFE,FU0
2020-11-25,1905.0,1962.0,1894.0,1918.0,2169750,382653,1930.0,燃料油,能源化工,SHFE,FU0
2020-11-26,1917.0,1942.0,1913.0,1917.0,1226997,367933,1925.0,燃料油,能源化工,SHFE,FU0
2020-11-27,1896.0,1909.0,1882.0,1889.0,1127621,342356,1896.0,燃料油,能源化工,SHFE,FU0
2020-11-30,1894.0,1920.0,1861.0,1870.0,1421112,300093,1890.0,燃料油,能源化工,SHFE,FU0
2020-12-01,1880.0,1916.0,1872.0,1876.0,908693,292867,1889.0,燃料油,能源化工,SHFE,FU0
2020-12-02,1879.0,1886.0,1835.0,1853.0,801590,288018,1860.0,燃料油,能源化工,SHFE,FU0
2020-12-03,1860.0,1896.0,1846.0,1872.0,945220,266241,1876.0,燃料油,能源化工,SHFE,FU0
2020-12-04,1861.0,1931.0,1854.0,1919.0,1166480,233882,1897.0,燃料油,能源化工,SHFE,FU0
2020-12-07,1913.0,1919.0,1888.0,1896.0,685282,223016,1900.0,燃料油,能源化工,SHFE,FU0
2020-12-08,1892.0,1905.0,1846.0,1853.0,595413,202850,1880.0,燃料油,能源化工,SHFE,FU0
2020-12-09,2048.0,2066.0,2007.0,2042.0,1170862,360194,2045.0,燃料油,能源化工,SHFE,FU0
2020-12-10,2048.0,2071.0,2012.0,2014.0,1244963,389336,2044.0,燃料油,能源化工,SHFE,FU0
2020-12-11,2029.0,2096.0,2025.0,2045.0,1518243,371409,2056.0,燃料油,能源化工,SHFE,FU0
2020-12-14,2045.0,2114.0,2035.0,2102.0,1490422,383063,2075.0,燃料油,能源化工,SHFE,FU0
2020-12-15,2099.0,2125.0,2072.0,2094.0,1238253,375702,2096.0,燃料油,能源化工,SHFE,FU0
2020-12-16,2105.0,2135.0,2086.0,2096.0,1255364,397909,2105.0,燃料油,能源化工,SHFE,FU0
2020-12-17,2100.0,2204.0,2088.0,2192.0,1906941,478414,2147.0,燃料油,能源化工,SHFE,FU0
2020-12-18,2179.0,2189.0,2151.0,2170.0,1295966,454580,2172.0,燃料油,能源化工,SHFE,FU0
2020-12-21,2170.0,2241.0,2103.0,2128.0,2124266,464676,2164.0,燃料油,能源化工,SHFE,FU0
2020-12-22,2118.0,2142.0,2021.0,2022.0,1989809,445515,2100.0,燃料油,能源化工,SHFE,FU0
2020-12-23,2052.0,2067.0,1993.0,2029.0,1882562,424496,2032.0,燃料油,能源化工,SHFE,FU0
2020-12-24,2052.0,2085.0,2030.0,2070.0,1612718,415613,2058.0,燃料油,能源化工,SHFE,FU0
2020-12-25,2050.0,2096.0,2038.0,2093.0,1266984,398801,2073.0,燃料油,能源化工,SHFE,FU0
2020-12-28,2100.0,2102.0,2042.0,2066.0,1497449,404666,2070.0,燃料油,能源化工,SHFE,FU0
2020-12-29,2090.0,2103.0,2045.0,2076.0,1755984,391927,2075.0,燃料油,能源化工,SHFE,FU0
2020-12-30,2082.0,2121.0,2058.0,2067.0,1826143,405189,2084.0,燃料油,能源化工,SHFE,FU0
2020-12-31,2075.0,2086.0,2036.0,2060.0,1441148,384076,2066.0,燃料油,能源化工,SHFE,FU0
2021-01-04,2067.0,2137.0,2021.0,2126.0,1537107,414765,2097.0,燃料油,能源化工,SHFE,FU0
2021-01-05,2097.0,2126.0,2052.0,2054.0,1840254,461620,2088.0,燃料油,能源化工,SHFE,FU0
2021-01-06,2076.0,2142.0,2059.0,2127.0,2016325,433053,2108.0,燃料油,能源化工,SHFE,FU0
2021-01-07,2115.0,2207.0,2110.0,2194.0,1890494,469451,2160.0,燃料油,能源化工,SHFE,FU0
2021-01-08,2185.0,2223.0,2170.0,2216.0,1632116,475245,2193.0,燃料油,能源化工,SHFE,FU0
2021-01-11,2230.0,2277.0,2158.0,2171.0,2223384,432667,2220.0,燃料油,能源化工,SHFE,FU0
2021-01-12,2179.0,2223.0,2142.0,2215.0,1665810,426549,2182.0,燃料油,能源化工,SHFE,FU0
2021-01-13,2236.0,2265.0,2211.0,2256.0,1567770,441661,2240.0,燃料油,能源化工,SHFE,FU0
2021-01-14,2246.0,2262.0,2202.0,2235.0,1497642,424460,2228.0,燃料油,能源化工,SHFE,FU0
2021-01-15,2229.0,2272.0,2192.0,2206.0,1707424,424136,2224.0,燃料油,能源化工,SHFE,FU0
2021-01-18,2200.0,2212.0,2145.0,2181.0,1437732,424157,2181.0,燃料油,能源化工,SHFE,FU0
2021-01-19,2181.0,2205.0,2176.0,2191.0,1045350,412952,2191.0,燃料油,能源化工,SHFE,FU0
2021-01-20,2199.0,2237.0,2193.0,2215.0,1207343,418181,2213.0,燃料油,能源化工,SHFE,FU0
2021-01-21,2212.0,2229.0,2180.0,2192.0,1173297,426163,2201.0,燃料油,能源化工,SHFE,FU0
2021-01-22,2190.0,2197.0,2116.0,2119.0,1505300,456498,2154.0,燃料油,能源化工,SHFE,FU0
2021-01-25,2096.0,2116.0,2074.0,2099.0,1341047,458576,2095.0,燃料油,能源化工,SHFE,FU0
2021-01-26,2093.0,2102.0,2063.0,2076.0,1193601,474277,2083.0,燃料油,能源化工,SHFE,FU0
2021-01-27,2100.0,2127.0,2088.0,2125.0,1070791,431057,2105.0,燃料油,能源化工,SHFE,FU0
2021-01-28,2111.0,2119.0,2095.0,2116.0,1000987,400737,2109.0,燃料油,能源化工,SHFE,FU0
2021-01-29,2120.0,2163.0,2116.0,2155.0,1298374,369232,2142.0,燃料油,能源化工,SHFE,FU0
2021-02-01,2165.0,2181.0,2125.0,2178.0,1219284,378594,2158.0,燃料油,能源化工,SHFE,FU0
2021-02-02,2184.0,2230.0,2170.0,2221.0,1221094,379893,2201.0,燃料油,能源化工,SHFE,FU0
2021-02-03,2240.0,2248.0,2206.0,2218.0,1093638,385139,2224.0,燃料油,能源化工,SHFE,FU0
2021-02-04,2224.0,2255.0,2213.0,2246.0,1210664,387110,2230.0,燃料油,能源化工,SHFE,FU0
2021-02-05,2252.0,2268.0,2225.0,2259.0,1056602,377380,2247.0,燃料油,能源化工,SHFE,FU0
2021-02-08,2269.0,2322.0,2249.0,2287.0,1238297,381196,2285.0,燃料油,能源化工,SHFE,FU0
2021-02-09,2288.0,2350.0,2275.0,2342.0,913858,363085,2307.0,燃料油,能源化工,SHFE,FU0
2021-02-10,2336.0,2336.0,2057.0,2057.0,871236,305953,2289.0,燃料油,能源化工,SHFE,FU0
2021-02-18,2400.0,2416.0,2365.0,2399.0,642180,305682,2398.0,燃料油,能源化工,SHFE,FU0
2021-02-19,2399.0,2414.0,2305.0,2342.0,1105608,312271,2356.0,燃料油,能源化工,SHFE,FU0
2021-02-22,2340.0,2377.0,2333.0,2359.0,972232,307547,2353.0,燃料油,能源化工,SHFE,FU0
2021-02-23,2351.0,2484.0,2341.0,2450.0,1323291,303722,2417.0,燃料油,能源化工,SHFE,FU0
2021-02-24,2442.0,2445.0,2398.0,2429.0,1025388,291604,2419.0,燃料油,能源化工,SHFE,FU0
2021-02-25,2450.0,2490.0,2429.0,2468.0,1189682,293074,2459.0,燃料油,能源化工,SHFE,FU0
2021-02-26,2468.0,2479.0,2405.0,2430.0,1402417,256988,2438.0,燃料油,能源化工,SHFE,FU0
2021-03-01,2423.0,2507.0,2387.0,2441.0,1390165,253479,2447.0,燃料油,能源化工,SHFE,FU0
2021-03-02,2435.0,2437.0,2311.0,2326.0,1334515,256111,2367.0,燃料油,能源化工,SHFE,FU0
2021-03-03,2350.0,2359.0,2291.0,2314.0,1121887,256766,2328.0,燃料油,能源化工,SHFE,FU0
2021-03-04,2332.0,2379.0,2314.0,2364.0,1302632,239609,2341.0,燃料油,能源化工,SHFE,FU0
2021-03-05,2365.0,2503.0,2345.0,2499.0,1675981,268361,2430.0,燃料油,能源化工,SHFE,FU0
2021-03-08,2512.0,2624.0,2511.0,2624.0,994426,282643,2567.0,燃料油,能源化工,SHFE,FU0
2021-03-09,2608.0,2629.0,2554.0,2572.0,1649099,253610,2593.0,燃料油,能源化工,SHFE,FU0
2021-03-10,2599.0,2607.0,2504.0,2533.0,1566956,240236,2550.0,燃料油,能源化工,SHFE,FU0
2021-03-11,2558.0,2569.0,2519.0,2556.0,1271409,229979,2547.0,燃料油,能源化工,SHFE,FU0
2021-03-12,2566.0,2625.0,2542.0,2555.0,1261651,235473,2578.0,燃料油,能源化工,SHFE,FU0
2021-03-15,2561.0,2657.0,2544.0,2624.0,1192457,249415,2602.0,燃料油,能源化工,SHFE,FU0
2021-03-16,2596.0,2596.0,2527.0,2535.0,931926,230851,2548.0,燃料油,能源化工,SHFE,FU0
2021-03-17,2535.0,2597.0,2512.0,2583.0,1129497,231958,2554.0,燃料油,能源化工,SHFE,FU0
2021-03-18,2541.0,2555.0,2495.0,2520.0,1267141,220224,2530.0,燃料油,能源化工,SHFE,FU0
2021-03-19,2501.0,2510.0,2335.0,2354.0,1899590,235421,2430.0,燃料油,能源化工,SHFE,FU0
2021-03-22,2354.0,2421.0,2347.0,2406.0,1362443,214465,2385.0,燃料油,能源化工,SHFE,FU0
2021-03-23,2405.0,2421.0,2374.0,2398.0,851718,212100,2399.0,燃料油,能源化工,SHFE,FU0
2021-03-24,2330.0,2376.0,2301.0,2331.0,1288186,231846,2330.0,燃料油,能源化工,SHFE,FU0
2021-03-25,2352.0,2384.0,2333.0,2347.0,1158334,220997,2352.0,燃料油,能源化工,SHFE,FU0
2021-03-26,2322.0,2382.0,2297.0,2373.0,1121158,205486,2344.0,燃料油,能源化工,SHFE,FU0
2021-03-29,2384.0,2433.0,2345.0,2359.0,1389742,195160,2390.0,燃料油,能源化工,SHFE,FU0
2021-03-30,2397.0,2449.0,2373.0,2424.0,1285791,175184,2408.0,燃料油,能源化工,SHFE,FU0
2021-03-31,2396.0,2422.0,2390.0,2408.0,929510,161649,2406.0,燃料油,能源化工,SHFE,FU0
2021-04-01,2391.0,2403.0,2340.0,2357.0,1038275,172769,2366.0,燃料油,能源化工,SHFE,FU0
2021-04-02,2365.0,2445.0,2322.0,2444.0,1073576,151741,2385.0,燃料油,能源化工,SHFE,FU0
2021-04-06,2355.0,2371.0,2334.0,2352.0,593440,146066,2352.0,燃料油,能源化工,SHFE,FU0
2021-04-07,2357.0,2378.0,2309.0,2328.0,706055,151336,2342.0,燃料油,能源化工,SHFE,FU0
2021-04-08,2329.0,2337.0,2281.0,2294.0,810828,150686,2301.0,燃料油,能源化工,SHFE,FU0
2021-04-09,2303.0,2314.0,2266.0,2305.0,702218,142605,2296.0,燃料油,能源化工,SHFE,FU0
2021-04-12,2295.0,2330.0,2263.0,2284.0,685750,139576,2298.0,燃料油,能源化工,SHFE,FU0
2021-04-13,2306.0,2344.0,2302.0,2333.0,583292,116451,2327.0,燃料油,能源化工,SHFE,FU0
2021-04-14,2357.0,2423.0,2352.0,2420.0,1069045,251754,2383.0,燃料油,能源化工,SHFE,FU0
2021-04-15,2420.0,2529.0,2419.0,2520.0,1408772,306845,2481.0,燃料油,能源化工,SHFE,FU0
2021-04-16,2517.0,2563.0,2495.0,2555.0,1333810,332585,2528.0,燃料油,能源化工,SHFE,FU0
2021-04-19,2564.0,2566.0,2522.0,2556.0,1172101,353528,2542.0,燃料油,能源化工,SHFE,FU0
2021-04-20,2565.0,2589.0,2532.0,2561.0,1165996,354014,2556.0,燃料油,能源化工,SHFE,FU0
2021-04-21,2560.0,2562.0,2492.0,2523.0,1304814,347605,2522.0,燃料油,能源化工,SHFE,FU0
2021-04-22,2490.0,2534.0,2441.0,2468.0,1701542,336898,2484.0,燃料油,能源化工,SHFE,FU0
2021-04-23,2480.0,2488.0,2450.0,2473.0,1087544,334823,2467.0,燃料油,能源化工,SHFE,FU0
2021-04-26,2467.0,2507.0,2405.0,2421.0,1560804,343422,2461.0,燃料油,能源化工,SHFE,FU0
2021-04-27,2401.0,2484.0,2399.0,2470.0,1261576,338094,2439.0,燃料油,能源化工,SHFE,FU0
2021-04-28,2470.0,2492.0,2444.0,2486.0,1284808,326666,2466.0,燃料油,能源化工,SHFE,FU0
2021-04-29,2496.0,2536.0,2482.0,2525.0,1033473,319926,2509.0,燃料油,能源化工,SHFE,FU0
2021-04-30,2555.0,2563.0,2489.0,2537.0,1134275,289913,2527.0,燃料油,能源化工,SHFE,FU0
2021-05-06,2550.0,2610.0,2548.0,2585.0,660934,325871,2585.0,燃料油,能源化工,SHFE,FU0
2021-05-07,2585.0,2586.0,2541.0,2567.0,1118280,347165,2563.0,燃料油,能源化工,SHFE,FU0
2021-05-10,2529.0,2594.0,2515.0,2546.0,1616579,358002,2545.0,燃料油,能源化工,SHFE,FU0
2021-05-11,2545.0,2553.0,2453.0,2478.0,1424781,351070,2489.0,燃料油,能源化工,SHFE,FU0
2021-05-12,2469.0,2562.0,2462.0,2562.0,1322080,359103,2511.0,燃料油,能源化工,SHFE,FU0
2021-05-13,2566.0,2619.0,2496.0,2515.0,1671460,334257,2554.0,燃料油,能源化工,SHFE,FU0
2021-05-14,2485.0,2502.0,2384.0,2412.0,1598816,359626,2448.0,燃料油,能源化工,SHFE,FU0
2021-05-17,2431.0,2508.0,2430.0,2475.0,1519652,335564,2474.0,燃料油,能源化工,SHFE,FU0
2021-05-18,2463.0,2514.0,2446.0,2500.0,1293149,343853,2486.0,燃料油,能源化工,SHFE,FU0
2021-05-19,2492.0,2494.0,2347.0,2374.0,1887333,396842,2407.0,燃料油,能源化工,SHFE,FU0
2021-05-20,2356.0,2365.0,2303.0,2346.0,1625050,401751,2337.0,燃料油,能源化工,SHFE,FU0
2021-05-21,2330.0,2348.0,2278.0,2282.0,1566578,432323,2313.0,燃料油,能源化工,SHFE,FU0
2021-05-24,2318.0,2375.0,2308.0,2356.0,1624041,389487,2335.0,燃料油,能源化工,SHFE,FU0
2021-05-25,2366.0,2418.0,2358.0,2403.0,1264607,353319,2391.0,燃料油,能源化工,SHFE,FU0
2021-05-26,2395.0,2426.0,2387.0,2414.0,1132137,344775,2405.0,燃料油,能源化工,SHFE,FU0
2021-05-27,2385.0,2426.0,2368.0,2395.0,1416625,336185,2400.0,燃料油,能源化工,SHFE,FU0
2021-05-28,2394.0,2482.0,2394.0,2447.0,1237512,321345,2446.0,燃料油,能源化工,SHFE,FU0
2021-05-31,2456.0,2475.0,2420.0,2456.0,973283,309638,2442.0,燃料油,能源化工,SHFE,FU0
2021-06-01,2476.0,2537.0,2463.0,2534.0,1095349,330297,2503.0,燃料油,能源化工,SHFE,FU0
2021-06-02,2565.0,2578.0,2523.0,2544.0,976555,324609,2549.0,燃料油,能源化工,SHFE,FU0
2021-06-03,2559.0,2630.0,2550.0,2613.0,1042625,379974,2593.0,燃料油,能源化工,SHFE,FU0
2021-06-04,2588.0,2640.0,2566.0,2629.0,1000990,410898,2598.0,燃料油,能源化工,SHFE,FU0
2021-06-07,2642.0,2672.0,2577.0,2589.0,1191081,377578,2621.0,燃料油,能源化工,SHFE,FU0
2021-06-08,2605.0,2612.0,2536.0,2555.0,966112,356713,2569.0,燃料油,能源化工,SHFE,FU0
2021-06-09,2552.0,2634.0,2547.0,2625.0,1024010,405270,2596.0,燃料油,能源化工,SHFE,FU0
2021-06-10,2625.0,2625.0,2516.0,2537.0,1179137,340038,2559.0,燃料油,能源化工,SHFE,FU0
2021-06-11,2564.0,2602.0,2536.0,2590.0,1153502,311482,2578.0,燃料油,能源化工,SHFE,FU0
2021-06-15,2625.0,2670.0,2606.0,2637.0,746067,349005,2636.0,燃料油,能源化工,SHFE,FU0
2021-06-16,2655.0,2718.0,2642.0,2700.0,1201631,431675,2681.0,燃料油,能源化工,SHFE,FU0
2021-06-17,2700.0,2702.0,2654.0,2687.0,1040078,395302,2678.0,燃料油,能源化工,SHFE,FU0
2021-06-18,2673.0,2725.0,2609.0,2619.0,1241374,352293,2658.0,燃料油,能源化工,SHFE,FU0
2021-06-21,2615.0,2692.0,2607.0,2651.0,1029963,358157,2657.0,燃料油,能源化工,SHFE,FU0
2021-06-22,2641.0,2711.0,2620.0,2707.0,1084139,391356,2676.0,燃料油,能源化工,SHFE,FU0
2021-06-23,2692.0,2738.0,2680.0,2731.0,1068989,430967,2709.0,燃料油,能源化工,SHFE,FU0
2021-06-24,2744.0,2751.0,2700.0,2736.0,1007665,414810,2726.0,燃料油,能源化工,SHFE,FU0
2021-06-25,2703.0,2767.0,2694.0,2717.0,1247015,392798,2729.0,燃料油,能源化工,SHFE,FU0
2021-06-28,2730.0,2777.0,2684.0,2733.0,1336544,371805,2733.0,燃料油,能源化工,SHFE,FU0
2021-06-29,2737.0,2745.0,2661.0,2669.0,1072981,336692,2694.0,燃料油,能源化工,SHFE,FU0
2021-06-30,2695.0,2709.0,2650.0,2659.0,942441,313293,2684.0,燃料油,能源化工,SHFE,FU0
2021-07-01,2680.0,2692.0,2642.0,2646.0,1127796,295551,2667.0,燃料油,能源化工,SHFE,FU0
2021-07-02,2700.0,2735.0,2685.0,2719.0,1207724,275689,2711.0,燃料油,能源化工,SHFE,FU0
2021-07-05,2740.0,2742.0,2689.0,2734.0,998277,307287,2715.0,燃料油,能源化工,SHFE,FU0
2021-07-06,2730.0,2761.0,2681.0,2737.0,1099012,302722,2731.0,燃料油,能源化工,SHFE,FU0
2021-07-07,2706.0,2709.0,2553.0,2582.0,1772206,308550,2614.0,燃料油,能源化工,SHFE,FU0
2021-07-08,2583.0,2595.0,2524.0,2539.0,1296963,314304,2554.0,燃料油,能源化工,SHFE,FU0
2021-07-09,2545.0,2594.0,2536.0,2581.0,1076673,281777,2565.0,燃料油,能源化工,SHFE,FU0
2021-07-12,2600.0,2652.0,2594.0,2634.0,1016620,259784,2627.0,燃料油,能源化工,SHFE,FU0
2021-07-13,2620.0,2659.0,2613.0,2643.0,854852,244738,2633.0,燃料油,能源化工,SHFE,FU0
2021-07-14,2632.0,2680.0,2618.0,2679.0,997295,237204,2653.0,燃料油,能源化工,SHFE,FU0
2021-07-15,2688.0,2695.0,2562.0,2584.0,1230182,236849,2607.0,燃料油,能源化工,SHFE,FU0
2021-07-16,2578.0,2587.0,2545.0,2555.0,937076,261935,2566.0,燃料油,能源化工,SHFE,FU0
2021-07-19,2571.0,2576.0,2489.0,2546.0,1246237,277265,2533.0,燃料油,能源化工,SHFE,FU0
2021-07-20,2490.0,2512.0,2418.0,2450.0,1403202,306150,2456.0,燃料油,能源化工,SHFE,FU0
2021-07-21,2409.0,2450.0,2405.0,2445.0,1017589,294232,2431.0,燃料油,能源化工,SHFE,FU0
2021-07-22,2480.0,2530.0,2463.0,2524.0,1069922,255094,2500.0,燃料油,能源化工,SHFE,FU0
2021-07-23,2524.0,2580.0,2521.0,2578.0,940708,227488,2555.0,燃料油,能源化工,SHFE,FU0
2021-07-26,2582.0,2615.0,2573.0,2578.0,969035,214827,2592.0,燃料油,能源化工,SHFE,FU0
2021-07-27,2595.0,2621.0,2580.0,2600.0,847253,209795,2602.0,燃料油,能源化工,SHFE,FU0
2021-07-28,2605.0,2639.0,2594.0,2628.0,806645,212068,2618.0,燃料油,能源化工,SHFE,FU0
2021-07-29,2635.0,2636.0,2603.0,2629.0,715751,190652,2618.0,燃料油,能源化工,SHFE,FU0
2021-07-30,2631.0,2649.0,2612.0,2627.0,872470,171461,2630.0,燃料油,能源化工,SHFE,FU0
2021-08-02,2642.0,2655.0,2578.0,2616.0,792695,155845,2617.0,燃料油,能源化工,SHFE,FU0
2021-08-03,2618.0,2632.0,2541.0,2548.0,792238,158042,2587.0,燃料油,能源化工,SHFE,FU0
2021-08-04,2511.0,2553.0,2500.0,2546.0,739745,152512,2530.0,燃料油,能源化工,SHFE,FU0
2021-08-05,2505.0,2530.0,2478.0,2489.0,943428,159673,2506.0,燃料油,能源化工,SHFE,FU0
2021-08-06,2505.0,2566.0,2494.0,2556.0,646245,129446,2525.0,燃料油,能源化工,SHFE,FU0
2021-08-09,2555.0,2578.0,2479.0,2498.0,743486,116450,2524.0,燃料油,能源化工,SHFE,FU0
2021-08-10,2476.0,2530.0,2470.0,2526.0,610929,108746,2501.0,燃料油,能源化工,SHFE,FU0
2021-08-11,2517.0,2555.0,2515.0,2555.0,513856,101174,2533.0,燃料油,能源化工,SHFE,FU0
2021-08-12,2528.0,2555.0,2498.0,2535.0,478032,87072,2525.0,燃料油,能源化工,SHFE,FU0
2021-08-13,2520.0,2528.0,2492.0,2512.0,599956,212645,2510.0,燃料油,能源化工,SHFE,FU0
2021-08-16,2519.0,2542.0,2446.0,2457.0,829521,263322,2487.0,燃料油,能源化工,SHFE,FU0
2021-08-17,2432.0,2463.0,2413.0,2428.0,909678,312480,2436.0,燃料油,能源化工,SHFE,FU0
2021-08-18,2431.0,2455.0,2418.0,2446.0,903726,299145,2436.0,燃料油,能源化工,SHFE,FU0
2021-08-19,2452.0,2457.0,2361.0,2374.0,1061014,319560,2401.0,燃料油,能源化工,SHFE,FU0
2021-08-20,2351.0,2376.0,2331.0,2360.0,1082740,321848,2359.0,燃料油,能源化工,SHFE,FU0
2021-08-23,2322.0,2371.0,2316.0,2362.0,1026575,319632,2343.0,燃料油,能源化工,SHFE,FU0
2021-08-24,2384.0,2461.0,2376.0,2460.0,1175967,304734,2424.0,燃料油,能源化工,SHFE,FU0
2021-08-25,2474.0,2508.0,2467.0,2497.0,1005296,285808,2489.0,燃料油,能源化工,SHFE,FU0
2021-08-26,2511.0,2538.0,2487.0,2520.0,1014827,289825,2509.0,燃料油,能源化工,SHFE,FU0
2021-08-27,2522.0,2569.0,2509.0,2564.0,1133466,309101,2535.0,燃料油,能源化工,SHFE,FU0
2021-08-30,2571.0,2582.0,2550.0,2558.0,1005601,304759,2561.0,燃料油,能源化工,SHFE,FU0
2021-08-31,2572.0,2581.0,2545.0,2567.0,882890,321898,2563.0,燃料油,能源化工,SHFE,FU0
2021-09-01,2555.0,2588.0,2527.0,2575.0,1023280,326851,2552.0,燃料油,能源化工,SHFE,FU0
2021-09-02,2567.0,2567.0,2512.0,2556.0,1200580,300650,2535.0,燃料油,能源化工,SHFE,FU0
2021-09-03,2572.0,2637.0,2572.0,2619.0,1102355,329165,2612.0,燃料油,能源化工,SHFE,FU0
2021-09-06,2630.0,2636.0,2557.0,2570.0,982876,316706,2593.0,燃料油,能源化工,SHFE,FU0
2021-09-07,2590.0,2625.0,2587.0,2616.0,795404,319457,2609.0,燃料油,能源化工,SHFE,FU0
2021-09-08,2585.0,2622.0,2564.0,2620.0,1051244,331823,2588.0,燃料油,能源化工,SHFE,FU0
2021-09-09,2639.0,2658.0,2605.0,2641.0,1009597,332578,2637.0,燃料油,能源化工,SHFE,FU0
2021-09-10,2620.0,2620.0,2558.0,2595.0,1316324,296557,2583.0,燃料油,能源化工,SHFE,FU0
2021-09-13,2625.0,2716.0,2624.0,2705.0,1234465,363759,2677.0,燃料油,能源化工,SHFE,FU0
2021-09-14,2710.0,2744.0,2683.0,2725.0,1047033,375610,2712.0,燃料油,能源化工,SHFE,FU0
2021-09-15,2733.0,2743.0,2709.0,2730.0,911468,364133,2725.0,燃料油,能源化工,SHFE,FU0
2021-09-16,2761.0,2811.0,2745.0,2758.0,1299880,342384,2773.0,燃料油,能源化工,SHFE,FU0
2021-09-17,2745.0,2806.0,2735.0,2767.0,1124506,342317,2767.0,燃料油,能源化工,SHFE,FU0
2021-09-22,2746.0,2838.0,2735.0,2836.0,950828,423858,2798.0,燃料油,能源化工,SHFE,FU0
2021-09-23,2839.0,2942.0,2816.0,2916.0,1510761,466230,2883.0,燃料油,能源化工,SHFE,FU0
2021-09-24,2905.0,2980.0,2887.0,2962.0,1362324,472551,2934.0,燃料油,能源化工,SHFE,FU0
2021-09-27,2948.0,3064.0,2937.0,2987.0,1373826,469715,2995.0,燃料油,能源化工,SHFE,FU0
2021-09-28,2999.0,3113.0,2982.0,3108.0,1370618,525367,3033.0,燃料油,能源化工,SHFE,FU0
2021-09-29,3085.0,3116.0,2950.0,2974.0,1558905,454740,3024.0,燃料油,能源化工,SHFE,FU0
2021-09-30,3002.0,3010.0,2953.0,2980.0,1101065,404017,2977.0,燃料油,能源化工,SHFE,FU0
2021-10-08,3149.0,3274.0,3144.0,3199.0,867876,393980,3203.0,燃料油,能源化工,SHFE,FU0
2021-10-11,3194.0,3282.0,3158.0,3248.0,1194727,422623,3228.0,燃料油,能源化工,SHFE,FU0
2021-10-12,3260.0,3282.0,3196.0,3258.0,1139660,402587,3247.0,燃料油,能源化工,SHFE,FU0
2021-10-13,3246.0,3291.0,3116.0,3186.0,1634868,369765,3212.0,燃料油,能源化工,SHFE,FU0
2021-10-14,3164.0,3190.0,3104.0,3180.0,1043067,356349,3151.0,燃料油,能源化工,SHFE,FU0
2021-10-15,3191.0,3229.0,3154.0,3217.0,1174488,351273,3196.0,燃料油,能源化工,SHFE,FU0
2021-10-18,3218.0,3276.0,3182.0,3231.0,1237394,355765,3224.0,燃料油,能源化工,SHFE,FU0
2021-10-19,3230.0,3230.0,3077.0,3125.0,1282541,341590,3142.0,燃料油,能源化工,SHFE,FU0
2021-10-20,3118.0,3127.0,3056.0,3091.0,1226899,326763,3094.0,燃料油,能源化工,SHFE,FU0
2021-10-21,3073.0,3167.0,3045.0,3065.0,1175988,299275,3095.0,燃料油,能源化工,SHFE,FU0
2021-10-22,3065.0,3075.0,2961.0,2988.0,1430674,278437,3014.0,燃料油,能源化工,SHFE,FU0
2021-10-25,3031.0,3087.0,2989.0,3060.0,1145183,263435,3042.0,燃料油,能源化工,SHFE,FU0
2021-10-26,3080.0,3116.0,3042.0,3050.0,1088238,258702,3070.0,燃料油,能源化工,SHFE,FU0
2021-10-27,3067.0,3071.0,2943.0,2953.0,1278904,253727,2999.0,燃料油,能源化工,SHFE,FU0
2021-10-28,2950.0,2970.0,2759.0,2848.0,1748693,220780,2862.0,燃料油,能源化工,SHFE,FU0
2021-10-29,2848.0,2925.0,2826.0,2924.0,1264075,204913,2877.0,燃料油,能源化工,SHFE,FU0
2021-11-01,2880.0,2929.0,2857.0,2892.0,967167,196919,2894.0,燃料油,能源化工,SHFE,FU0
2021-11-02,2936.0,2999.0,2923.0,2994.0,674622,221977,2962.0,燃料油,能源化工,SHFE,FU0
2021-11-03,2970.0,2983.0,2830.0,2879.0,690931,213151,2890.0,燃料油,能源化工,SHFE,FU0
2021-11-04,2847.0,2856.0,2762.0,2810.0,571104,233285,2810.0,燃料油,能源化工,SHFE,FU0
2021-11-05,2902.0,2919.0,2750.0,2799.0,675873,219756,2834.0,燃料油,能源化工,SHFE,FU0
2021-11-08,2813.0,2980.0,2807.0,2960.0,435938,239668,2902.0,燃料油,能源化工,SHFE,FU0
2021-11-09,2955.0,2957.0,2903.0,2928.0,312500,224612,2927.0,燃料油,能源化工,SHFE,FU0
2021-11-10,2932.0,2981.0,2887.0,2963.0,378295,229749,2942.0,燃料油,能源化工,SHFE,FU0
2021-11-11,2941.0,2968.0,2850.0,2880.0,368131,206693,2904.0,燃料油,能源化工,SHFE,FU0
2021-11-12,2855.0,2880.0,2833.0,2857.0,258502,198790,2856.0,燃料油,能源化工,SHFE,FU0
2021-11-15,2814.0,2861.0,2786.0,2795.0,311552,214997,2821.0,燃料油,能源化工,SHFE,FU0
2021-11-16,2780.0,2917.0,2772.0,2894.0,368554,215875,2853.0,燃料油,能源化工,SHFE,FU0
2021-11-17,2900.0,2912.0,2864.0,2885.0,248182,200668,2885.0,燃料油,能源化工,SHFE,FU0
2021-11-18,2885.0,2897.0,2772.0,2776.0,340511,210777,2824.0,燃料油,能源化工,SHFE,FU0
2021-11-19,2788.0,2925.0,2787.0,2897.0,352069,205809,2858.0,燃料油,能源化工,SHFE,FU0
2021-11-22,2751.0,2828.0,2730.0,2764.0,464677,219946,2775.0,燃料油,能源化工,SHFE,FU0
2021-11-23,2758.0,2788.0,2732.0,2752.0,293366,209832,2758.0,燃料油,能源化工,SHFE,FU0
2021-11-24,2768.0,2898.0,2768.0,2891.0,388218,215725,2842.0,燃料油,能源化工,SHFE,FU0
2021-11-25,2889.0,2936.0,2874.0,2904.0,232815,196474,2903.0,燃料油,能源化工,SHFE,FU0
2021-11-26,2916.0,2930.0,2814.0,2828.0,269359,176560,2869.0,燃料油,能源化工,SHFE,FU0
2021-11-29,2752.0,2773.0,2639.0,2670.0,456606,182396,2702.0,燃料油,能源化工,SHFE,FU0
2021-11-30,2662.0,2689.0,2536.0,2547.0,684973,171442,2618.0,燃料油,能源化工,SHFE,FU0
2021-12-01,2551.0,2562.0,2486.0,2527.0,902147,205097,2525.0,燃料油,能源化工,SHFE,FU0
2021-12-02,2558.0,2558.0,2452.0,2478.0,893733,228791,2491.0,燃料油,能源化工,SHFE,FU0
2021-12-03,2463.0,2499.0,2358.0,2475.0,702516,340868,2437.0,燃料油,能源化工,SHFE,FU0
2021-12-06,2490.0,2527.0,2472.0,2515.0,423872,295470,2499.0,燃料油,能源化工,SHFE,FU0
2021-12-07,2535.0,2598.0,2505.0,2592.0,392291,277320,2559.0,燃料油,能源化工,SHFE,FU0
2021-12-08,2617.0,2648.0,2598.0,2629.0,317907,262557,2623.0,燃料油,能源化工,SHFE,FU0
2021-12-09,2645.0,2697.0,2625.0,2675.0,362497,276027,2661.0,燃料油,能源化工,SHFE,FU0
2021-12-10,2645.0,2665.0,2603.0,2634.0,373708,270964,2639.0,燃料油,能源化工,SHFE,FU0
2021-12-13,2661.0,2712.0,2655.0,2699.0,361203,282320,2688.0,燃料油,能源化工,SHFE,FU0
2021-12-14,2657.0,2675.0,2641.0,2661.0,333938,278832,2657.0,燃料油,能源化工,SHFE,FU0
2021-12-15,2644.0,2660.0,2603.0,2623.0,350509,287759,2623.0,燃料油,能源化工,SHFE,FU0
2021-12-16,2644.0,2720.0,2621.0,2709.0,361776,275679,2681.0,燃料油,能源化工,SHFE,FU0
2021-12-17,2704.0,2732.0,2688.0,2712.0,282709,277827,2708.0,燃料油,能源化工,SHFE,FU0
2021-12-20,2672.0,2692.0,2561.0,2568.0,440378,310926,2625.0,燃料油,能源化工,SHFE,FU0
2021-12-21,2550.0,2658.0,2546.0,2628.0,420833,296958,2606.0,燃料油,能源化工,SHFE,FU0
2021-12-22,2629.0,2697.0,2629.0,2673.0,358635,298853,2666.0,燃料油,能源化工,SHFE,FU0
2021-12-23,2680.0,2770.0,2674.0,2754.0,352604,322140,2725.0,燃料油,能源化工,SHFE,FU0
2021-12-24,2743.0,2794.0,2743.0,2771.0,248908,308097,2765.0,燃料油,能源化工,SHFE,FU0
2021-12-27,2775.0,2782.0,2733.0,2740.0,270444,332530,2757.0,燃料油,能源化工,SHFE,FU0
2021-12-28,2740.0,2862.0,2735.0,2839.0,380424,348241,2809.0,燃料油,能源化工,SHFE,FU0
2021-12-29,2863.0,2868.0,2825.0,2852.0,262886,340843,2847.0,燃料油,能源化工,SHFE,FU0
2021-12-30,2838.0,2880.0,2820.0,2850.0,330691,353430,0.0,燃料油,能源化工,SHFE,FU0
2021-12-31,2840.0,2894.0,2825.0,2892.0,333858,348312,2854.0,燃料油,能源化工,SHFE,FU0
2022-01-04,2892.0,2892.0,2832.0,2855.0,243729,335638,2859.0,燃料油,能源化工,SHFE,FU0
2022-01-05,2865.0,2910.0,2827.0,2864.0,416819,373421,2866.0,燃料油,能源化工,SHFE,FU0
2022-01-06,2869.0,2895.0,2817.0,2849.0,404179,347237,2855.0,燃料油,能源化工,SHFE,FU0
2022-01-07,2906.0,2963.0,2903.0,2962.0,400086,394092,2938.0,燃料油,能源化工,SHFE,FU0
2022-01-10,2952.0,2956.0,2901.0,2923.0,321997,369916,2927.0,燃料油,能源化工,SHFE,FU0
2022-01-11,2903.0,2913.0,2880.0,2897.0,243882,341678,2895.0,燃料油,能源化工,SHFE,FU0
2022-01-12,2902.0,2987.0,2893.0,2943.0,362504,373902,2940.0,燃料油,能源化工,SHFE,FU0
2022-01-13,2942.0,2991.0,2933.0,2958.0,280389,361600,2965.0,燃料油,能源化工,SHFE,FU0
2022-01-14,2965.0,3000.0,2943.0,2997.0,327404,382871,2971.0,燃料油,能源化工,SHFE,FU0
2022-01-17,2999.0,3055.0,2972.0,3040.0,334004,394064,3016.0,燃料油,能源化工,SHFE,FU0
2022-01-18,3022.0,3098.0,3011.0,3095.0,308503,398716,3050.0,燃料油,能源化工,SHFE,FU0
2022-01-19,3090.0,3165.0,3078.0,3124.0,350251,413098,3120.0,燃料油,能源化工,SHFE,FU0
2022-01-20,3124.0,3172.0,3104.0,3159.0,329704,394889,3139.0,燃料油,能源化工,SHFE,FU0
2022-01-21,3159.0,3182.0,3083.0,3126.0,397320,407305,3126.0,燃料油,能源化工,SHFE,FU0
2022-01-24,3140.0,3200.0,3129.0,3152.0,313105,386874,3163.0,燃料油,能源化工,SHFE,FU0
2022-01-25,3138.0,3145.0,3071.0,3109.0,343968,383089,3101.0,燃料油,能源化工,SHFE,FU0
2022-01-26,3098.0,3168.0,3071.0,3165.0,310126,369330,3126.0,燃料油,能源化工,SHFE,FU0
2022-01-27,3196.0,3235.0,3181.0,3211.0,343806,387539,3209.0,燃料油,能源化工,SHFE,FU0
2022-01-28,3245.0,3273.0,3174.0,3199.0,289785,333450,3225.0,燃料油,能源化工,SHFE,FU0
2022-02-07,3315.0,3377.0,3304.0,3324.0,230636,349568,3344.0,燃料油,能源化工,SHFE,FU0
2022-02-08,3312.0,3314.0,3255.0,3275.0,249395,350198,3282.0,燃料油,能源化工,SHFE,FU0
2022-02-09,3219.0,3228.0,3150.0,3150.0,296785,335618,3195.0,燃料油,能源化工,SHFE,FU0
2022-02-10,3156.0,3218.0,3138.0,3187.0,239243,323628,3183.0,燃料油,能源化工,SHFE,FU0
2022-02-11,3219.0,3239.0,3144.0,3151.0,307769,348440,3195.0,燃料油,能源化工,SHFE,FU0
2022-02-14,3210.0,3370.0,3202.0,3310.0,374825,363240,3287.0,燃料油,能源化工,SHFE,FU0
2022-02-15,3261.0,3342.0,3251.0,3326.0,336739,368418,3297.0,燃料油,能源化工,SHFE,FU0
2022-02-16,3256.0,3279.0,3172.0,3203.0,410560,365196,3221.0,燃料油,能源化工,SHFE,FU0
2022-02-17,3231.0,3255.0,3140.0,3194.0,376327,369708,3196.0,燃料油,能源化工,SHFE,FU0
2022-02-18,3195.0,3225.0,3121.0,3148.0,374282,365554,3170.0,燃料油,能源化工,SHFE,FU0
2022-02-21,3118.0,3205.0,3080.0,3200.0,443626,380933,3141.0,燃料油,能源化工,SHFE,FU0
2022-02-22,3192.0,3367.0,3185.0,3364.0,401480,378199,3296.0,燃料油,能源化工,SHFE,FU0
2022-02-23,3340.0,3352.0,3300.0,3317.0,300266,358290,3326.0,燃料油,能源化工,SHFE,FU0
2022-02-24,3317.0,3518.0,3291.0,3479.0,503829,390729,3393.0,燃料油,能源化工,SHFE,FU0
2022-02-25,3550.0,3569.0,3343.0,3394.0,498078,374137,3443.0,燃料油,能源化工,SHFE,FU0
2022-02-28,3334.0,3440.0,3233.0,3399.0,515964,330159,3326.0,燃料油,能源化工,SHFE,FU0
2022-03-01,3330.0,3446.0,3330.0,3436.0,362209,291557,3382.0,燃料油,能源化工,SHFE,FU0
2022-03-02,3520.0,3647.0,3457.0,3627.0,555785,338204,3563.0,燃料油,能源化工,SHFE,FU0
2022-03-03,3623.0,3828.0,3590.0,3811.0,686007,337234,3713.0,燃料油,能源化工,SHFE,FU0
2022-03-04,3860.0,3899.0,3714.0,3778.0,726540,372083,3790.0,燃料油,能源化工,SHFE,FU0
2022-03-07,3835.0,4093.0,3806.0,4093.0,286451,325197,3884.0,燃料油,能源化工,SHFE,FU0
2022-03-08,4093.0,4388.0,3985.0,4375.0,714992,318551,4160.0,燃料油,能源化工,SHFE,FU0
2022-03-09,4337.0,4556.0,4296.0,4486.0,611254,313048,4436.0,燃料油,能源化工,SHFE,FU0
2022-03-10,4258.0,4297.0,3859.0,3886.0,662350,274455,4058.0,燃料油,能源化工,SHFE,FU0
2022-03-11,3978.0,4225.0,3848.0,4048.0,790810,303085,4044.0,燃料油,能源化工,SHFE,FU0
2022-03-14,4025.0,4030.0,3873.0,3934.0,503313,254636,3944.0,燃料油,能源化工,SHFE,FU0
2022-03-15,3888.0,3910.0,3516.0,3614.0,680571,284896,3713.0,燃料油,能源化工,SHFE,FU0
2022-03-16,3589.0,3736.0,3536.0,3692.0,572916,252003,3637.0,燃料油,能源化工,SHFE,FU0
2022-03-17,3670.0,3750.0,3542.0,3613.0,507679,243674,3626.0,燃料油,能源化工,SHFE,FU0
2022-03-18,3730.0,3844.0,3694.0,3831.0,492953,242974,3767.0,燃料油,能源化工,SHFE,FU0
2022-03-21,3735.0,3874.0,3672.0,3818.0,419236,230711,3776.0,燃料油,能源化工,SHFE,FU0
2022-03-22,3860.0,4138.0,3858.0,4059.0,478768,252085,4014.0,燃料油,能源化工,SHFE,FU0
2022-03-23,4030.0,4156.0,3952.0,4079.0,575449,259454,4046.0,燃料油,能源化工,SHFE,FU0
2022-03-24,4220.0,4394.0,4205.0,4215.0,588874,269354,4283.0,燃料油,能源化工,SHFE,FU0
2022-03-25,4269.0,4334.0,4170.0,4261.0,555894,259400,4256.0,燃料油,能源化工,SHFE,FU0
2022-03-28,4163.0,4244.0,4123.0,4147.0,481772,242922,4180.0,燃料油,能源化工,SHFE,FU0
2022-03-29,4111.0,4115.0,3987.0,4030.0,450900,204213,4039.0,燃料油,能源化工,SHFE,FU0
2022-03-30,3750.0,4047.0,3750.0,4044.0,469631,192371,3882.0,燃料油,能源化工,SHFE,FU0
2022-03-31,4070.0,4125.0,3892.0,3967.0,387101,143179,4008.0,燃料油,能源化工,SHFE,FU0
2022-04-01,3790.0,3898.0,3713.0,3734.0,595493,169237,3800.0,燃料油,能源化工,SHFE,FU0
2022-04-06,3800.0,3972.0,3788.0,3936.0,348033,203488,3911.0,燃料油,能源化工,SHFE,FU0
2022-04-07,3955.0,3971.0,3738.0,3751.0,674684,210196,3828.0,燃料油,能源化工,SHFE,FU0
2022-04-08,3762.0,3798.0,3678.0,3791.0,649415,219562,3741.0,燃料油,能源化工,SHFE,FU0
2022-04-11,3792.0,3805.0,3702.0,3770.0,635005,227881,3754.0,燃料油,能源化工,SHFE,FU0
2022-04-12,3698.0,3886.0,3683.0,3862.0,789013,256727,3780.0,燃料油,能源化工,SHFE,FU0
2022-04-13,3868.0,4039.0,3868.0,3983.0,808042,287578,3971.0,燃料油,能源化工,SHFE,FU0
2022-04-14,4053.0,4091.0,3990.0,4047.0,749740,305976,4047.0,燃料油,能源化工,SHFE,FU0
2022-04-15,4026.0,4237.0,4016.0,4208.0,764400,326883,4134.0,燃料油,能源化工,SHFE,FU0
2022-04-18,4208.0,4285.0,4095.0,4126.0,791796,304850,4186.0,燃料油,能源化工,SHFE,FU0
2022-04-19,4135.0,4192.0,4095.0,4106.0,804072,299773,4144.0,燃料油,能源化工,SHFE,FU0
2022-04-20,4050.0,4074.0,3952.0,4016.0,1051207,288303,4006.0,燃料油,能源化工,SHFE,FU0
2022-04-21,4000.0,4137.0,3996.0,4130.0,928734,319108,4062.0,燃料油,能源化工,SHFE,FU0
2022-04-22,4096.0,4139.0,3979.0,4006.0,986891,286323,4062.0,燃料油,能源化工,SHFE,FU0
2022-04-25,4016.0,4086.0,3868.0,3873.0,995448,278392,3971.0,燃料油,能源化工,SHFE,FU0
2022-04-26,3863.0,3982.0,3806.0,3918.0,910509,261997,3890.0,燃料油,能源化工,SHFE,FU0
2022-04-27,3942.0,4180.0,3941.0,4114.0,988075,284247,4076.0,燃料油,能源化工,SHFE,FU0
2022-04-28,4062.0,4158.0,4006.0,4146.0,999517,304644,4077.0,燃料油,能源化工,SHFE,FU0
2022-04-29,4146.0,4336.0,4146.0,4322.0,828064,409605,4234.0,燃料油,能源化工,SHFE,FU0
2022-05-05,4430.0,4466.0,4379.0,4405.0,370648,421968,4427.0,燃料油,能源化工,SHFE,FU0
2022-05-06,4430.0,4478.0,4267.0,4328.0,671145,429324,4370.0,燃料油,能源化工,SHFE,FU0
2022-05-09,4304.0,4398.0,4240.0,4329.0,723412,419411,4313.0,燃料油,能源化工,SHFE,FU0
2022-05-10,4266.0,4289.0,3924.0,3972.0,1001556,420197,4076.0,燃料油,能源化工,SHFE,FU0
2022-05-11,3978.0,4048.0,3856.0,4008.0,739852,376563,3978.0,燃料油,能源化工,SHFE,FU0
2022-05-12,4012.0,4098.0,3991.0,4066.0,694732,379784,4052.0,燃料油,能源化工,SHFE,FU0
2022-05-13,4045.0,4232.0,4035.0,4169.0,660602,361295,4157.0,燃料油,能源化工,SHFE,FU0
2022-05-16,4225.0,4273.0,4151.0,4201.0,586958,381758,4209.0,燃料油,能源化工,SHFE,FU0
2022-05-17,4235.0,4348.0,4213.0,4325.0,492537,378167,4290.0,燃料油,能源化工,SHFE,FU0
2022-05-18,4330.0,4363.0,4225.0,4245.0,534563,391218,4296.0,燃料油,能源化工,SHFE,FU0
2022-05-19,4270.0,4289.0,4080.0,4157.0,652516,370344,4178.0,燃料油,能源化工,SHFE,FU0
2022-05-20,4053.0,4198.0,4030.0,4136.0,655018,373938,4119.0,燃料油,能源化工,SHFE,FU0
2022-05-23,4144.0,4269.0,4133.0,4250.0,544466,374204,4209.0,燃料油,能源化工,SHFE,FU0
2022-05-24,4234.0,4255.0,4110.0,4130.0,592397,373892,4158.0,燃料油,能源化工,SHFE,FU0
2022-05-25,4180.0,4298.0,4178.0,4297.0,577327,395897,4246.0,燃料油,能源化工,SHFE,FU0
2022-05-26,4299.0,4308.0,4231.0,4286.0,468146,393008,4261.0,燃料油,能源化工,SHFE,FU0
2022-05-27,4286.0,4385.0,4257.0,4281.0,585990,399609,4327.0,燃料油,能源化工,SHFE,FU0
2022-05-30,4259.0,4280.0,4114.0,4118.0,685328,399002,4201.0,燃料油,能源化工,SHFE,FU0
2022-05-31,4082.0,4300.0,4045.0,4247.0,690640,388657,4165.0,燃料油,能源化工,SHFE,FU0
2022-06-01,4271.0,4307.0,4080.0,4159.0,718071,391604,4185.0,燃料油,能源化工,SHFE,FU0
2022-06-02,4185.0,4250.0,4002.0,4022.0,740147,378486,4124.0,燃料油,能源化工,SHFE,FU0
2022-06-06,4250.0,4300.0,4206.0,4259.0,472521,363974,4253.0,燃料油,能源化工,SHFE,FU0
2022-06-07,4194.0,4204.0,4063.0,4086.0,712834,411735,4135.0,燃料油,能源化工,SHFE,FU0
2022-06-08,4070.0,4081.0,3933.0,4025.0,787622,434535,4020.0,燃料油,能源化工,SHFE,FU0
2022-06-09,4025.0,4086.0,3876.0,3881.0,919183,465491,3987.0,燃料油,能源化工,SHFE,FU0
2022-06-10,3919.0,4048.0,3906.0,4027.0,803112,404393,3990.0,燃料油,能源化工,SHFE,FU0
2022-06-13,4040.0,4072.0,3960.0,4038.0,708495,404966,4027.0,燃料油,能源化工,SHFE,FU0
2022-06-14,4073.0,4235.0,4050.0,4198.0,833000,422096,4142.0,燃料油,能源化工,SHFE,FU0
2022-06-15,4240.0,4279.0,4120.0,4159.0,736515,392772,4205.0,燃料油,能源化工,SHFE,FU0
2022-06-16,4159.0,4193.0,4004.0,4034.0,686733,352382,4097.0,燃料油,能源化工,SHFE,FU0
2022-06-17,3980.0,4096.0,3971.0,4061.0,680926,346737,4030.0,燃料油,能源化工,SHFE,FU0
2022-06-20,4041.0,4050.0,3791.0,3846.0,833408,386791,3901.0,燃料油,能源化工,SHFE,FU0
2022-06-21,3850.0,3945.0,3775.0,3912.0,580570,334091,3868.0,燃料油,能源化工,SHFE,FU0
2022-06-22,3922.0,3974.0,3697.0,3718.0,665733,390363,3835.0,燃料油,能源化工,SHFE,FU0
2022-06-23,3699.0,3784.0,3648.0,3772.0,739507,376257,3719.0,燃料油,能源化工,SHFE,FU0
2022-06-24,3800.0,3879.0,3722.0,3753.0,747308,378672,3797.0,燃料油,能源化工,SHFE,FU0
2022-06-27,3830.0,3916.0,3743.0,3868.0,718760,366630,3835.0,燃料油,能源化工,SHFE,FU0
2022-06-28,3883.0,3938.0,3768.0,3919.0,738882,332746,3852.0,燃料油,能源化工,SHFE,FU0
2022-06-29,3928.0,3958.0,3841.0,3906.0,651352,327875,3896.0,燃料油,能源化工,SHFE,FU0
2022-06-30,3960.0,3984.0,3836.0,3846.0,593442,285988,3902.0,燃料油,能源化工,SHFE,FU0
2022-07-01,3840.0,3848.0,3670.0,3682.0,635002,303285,3748.0,燃料油,能源化工,SHFE,FU0
2022-07-04,3739.0,3755.0,3602.0,3675.0,582193,290886,3678.0,燃料油,能源化工,SHFE,FU0
2022-07-05,3680.0,3690.0,3496.0,3507.0,757286,338222,3587.0,燃料油,能源化工,SHFE,FU0
2022-07-06,3470.0,3506.0,3143.0,3278.0,1142167,361932,3311.0,燃料油,能源化工,SHFE,FU0
2022-07-07,3269.0,3280.0,3135.0,3211.0,1038780,341686,3200.0,燃料油,能源化工,SHFE,FU0
2022-07-08,3230.0,3318.0,3217.0,3241.0,809935,324279,3270.0,燃料油,能源化工,SHFE,FU0
2022-07-11,3260.0,3362.0,3196.0,3230.0,860584,330984,3284.0,燃料油,能源化工,SHFE,FU0
2022-07-12,3180.0,3345.0,3170.0,3215.0,774049,310848,3260.0,燃料油,能源化工,SHFE,FU0
2022-07-13,3153.0,3171.0,2937.0,2997.0,980733,358956,3020.0,燃料油,能源化工,SHFE,FU0
2022-07-14,2958.0,2994.0,2888.0,2898.0,765582,337940,2942.0,燃料油,能源化工,SHFE,FU0
2022-07-15,2861.0,2894.0,2704.0,2815.0,1104812,380102,2792.0,燃料油,能源化工,SHFE,FU0
2022-07-18,2927.0,3097.0,2870.0,3094.0,990446,330942,2952.0,燃料油,能源化工,SHFE,FU0
2022-07-19,3094.0,3165.0,3067.0,3130.0,840042,334310,3123.0,燃料油,能源化工,SHFE,FU0
2022-07-20,3061.0,3155.0,3004.0,3049.0,903127,323858,3075.0,燃料油,能源化工,SHFE,FU0
2022-07-21,3035.0,3069.0,2980.0,2994.0,715251,303738,3022.0,燃料油,能源化工,SHFE,FU0
2022-07-22,2916.0,3123.0,2900.0,3077.0,803184,312164,3025.0,燃料油,能源化工,SHFE,FU0
2022-07-25,3070.0,3144.0,3031.0,3058.0,746588,297541,3088.0,燃料油,能源化工,SHFE,FU0
2022-07-26,3120.0,3208.0,3083.0,3166.0,715725,287357,3143.0,燃料油,能源化工,SHFE,FU0
2022-07-27,3154.0,3178.0,3000.0,3028.0,724200,275983,3051.0,燃料油,能源化工,SHFE,FU0
2022-07-28,3051.0,3203.0,2987.0,3187.0,730993,253658,3100.0,燃料油,能源化工,SHFE,FU0
2022-07-29,3200.0,3226.0,3132.0,3195.0,574024,191901,3174.0,燃料油,能源化工,SHFE,FU0
2022-08-01,3223.0,3385.0,3223.0,3271.0,557168,174901,3300.0,燃料油,能源化工,SHFE,FU0
2022-08-02,3242.0,3255.0,3127.0,3245.0,462274,149661,3172.0,燃料油,能源化工,SHFE,FU0
2022-08-03,3188.0,3229.0,3110.0,3126.0,729664,282085,3170.0,燃料油,能源化工,SHFE,FU0
2022-08-04,3205.0,3236.0,3003.0,3012.0,905335,333045,3106.0,燃料油,能源化工,SHFE,FU0
2022-08-05,3037.0,3086.0,2985.0,3065.0,787888,333107,3033.0,燃料油,能源化工,SHFE,FU0
2022-08-08,3020.0,3132.0,2938.0,3126.0,968855,310371,3042.0,燃料油,能源化工,SHFE,FU0
2022-08-09,3066.0,3180.0,3042.0,3143.0,876689,310596,3118.0,燃料油,能源化工,SHFE,FU0
2022-08-10,3188.0,3224.0,3134.0,3143.0,780289,306002,3180.0,燃料油,能源化工,SHFE,FU0
2022-08-11,3178.0,3331.0,3145.0,3307.0,1065715,354005,3236.0,燃料油,能源化工,SHFE,FU0
2022-08-12,3355.0,3408.0,3306.0,3405.0,806169,370975,3350.0,燃料油,能源化工,SHFE,FU0
2022-08-15,3365.0,3403.0,3323.0,3363.0,843414,365265,3364.0,燃料油,能源化工,SHFE,FU0
2022-08-16,3231.0,3318.0,3228.0,3241.0,1037507,347941,3264.0,燃料油,能源化工,SHFE,FU0
2022-08-17,3241.0,3295.0,3188.0,3229.0,962997,345974,3242.0,燃料油,能源化工,SHFE,FU0
2022-08-18,3205.0,3248.0,3169.0,3199.0,904437,335637,3212.0,燃料油,能源化工,SHFE,FU0
2022-08-19,3250.0,3292.0,3155.0,3162.0,1150216,334665,3228.0,燃料油,能源化工,SHFE,FU0
2022-08-22,3157.0,3215.0,3116.0,3137.0,984684,328564,3172.0,燃料油,能源化工,SHFE,FU0
2022-08-23,3155.0,3303.0,3087.0,3275.0,1221696,332649,3196.0,燃料油,能源化工,SHFE,FU0
2022-08-24,3285.0,3321.0,3232.0,3318.0,956314,329293,3277.0,燃料油,能源化工,SHFE,FU0
2022-08-25,3320.0,3379.0,3294.0,3324.0,879110,330049,3337.0,燃料油,能源化工,SHFE,FU0
2022-08-26,3330.0,3370.0,3298.0,3354.0,923031,333691,3337.0,燃料油,能源化工,SHFE,FU0
2022-08-29,3337.0,3366.0,3244.0,3353.0,1194684,332092,3305.0,燃料油,能源化工,SHFE,FU0
2022-08-30,3340.0,3349.0,3239.0,3303.0,1202694,299343,3289.0,燃料油,能源化工,SHFE,FU0
2022-08-31,3255.0,3270.0,3112.0,3134.0,1199517,326738,3180.0,燃料油,能源化工,SHFE,FU0
2022-09-01,3101.0,3105.0,2988.0,3009.0,1083555,369972,3051.0,燃料油,能源化工,SHFE,FU0
2022-09-02,2991.0,2999.0,2931.0,2955.0,1029391,379101,2960.0,燃料油,能源化工,SHFE,FU0
2022-09-05,2985.0,3048.0,2953.0,3044.0,1064057,343305,3000.0,燃料油,能源化工,SHFE,FU0
2022-09-06,3062.0,3084.0,2986.0,3020.0,927448,342856,3035.0,燃料油,能源化工,SHFE,FU0
2022-09-07,2995.0,2995.0,2833.0,2855.0,1364047,411633,2897.0,燃料油,能源化工,SHFE,FU0
2022-09-08,2855.0,2859.0,2730.0,2755.0,1639621,471650,2777.0,燃料油,能源化工,SHFE,FU0
2022-09-09,2760.0,2798.0,2737.0,2751.0,1308478,474057,2764.0,燃料油,能源化工,SHFE,FU0
2022-09-13,2850.0,2890.0,2803.0,2862.0,911299,403774,2846.0,燃料油,能源化工,SHFE,FU0
2022-09-14,2835.0,2895.0,2806.0,2873.0,1329958,397084,2859.0,燃料油,能源化工,SHFE,FU0
2022-09-15,2873.0,2931.0,2837.0,2852.0,1284442,402977,2885.0,燃料油,能源化工,SHFE,FU0
2022-09-16,2840.0,2860.0,2786.0,2825.0,1355327,393282,2828.0,燃料油,能源化工,SHFE,FU0
2022-09-19,2820.0,2879.0,2753.0,2757.0,1260515,407229,2821.0,燃料油,能源化工,SHFE,FU0
2022-09-20,2708.0,2821.0,2696.0,2804.0,1215243,395074,2765.0,燃料油,能源化工,SHFE,FU0
2022-09-21,2802.0,2802.0,2690.0,2791.0,1645225,399850,2739.0,燃料油,能源化工,SHFE,FU0
2022-09-22,2765.0,2803.0,2705.0,2759.0,1607155,443241,2761.0,燃料油,能源化工,SHFE,FU0
2022-09-23,2810.0,2865.0,2797.0,2826.0,1050257,463875,2837.0,燃料油,能源化工,SHFE,FU0
2022-09-26,2792.0,2792.0,2614.0,2631.0,1181990,568535,2684.0,燃料油,能源化工,SHFE,FU0
2022-09-27,2651.0,2684.0,2600.0,2654.0,805463,548133,2645.0,燃料油,能源化工,SHFE,FU0
2022-09-28,2660.0,2692.0,2628.0,2653.0,801289,520260,2658.0,燃料油,能源化工,SHFE,FU0
2022-09-29,2709.0,2752.0,2671.0,2740.0,719272,457999,2714.0,燃料油,能源化工,SHFE,FU0
2022-09-30,2779.0,2779.0,2708.0,2727.0,565230,420246,2734.0,燃料油,能源化工,SHFE,FU0
2022-10-10,3050.0,3050.0,2936.0,2960.0,477213,410311,2971.0,燃料油,能源化工,SHFE,FU0
2022-10-11,2950.0,2986.0,2859.0,2873.0,584284,426494,2920.0,燃料油,能源化工,SHFE,FU0
2022-10-12,2850.0,2873.0,2771.0,2812.0,626895,472714,2815.0,燃料油,能源化工,SHFE,FU0
2022-10-13,2778.0,2792.0,2692.0,2706.0,692820,530755,2738.0,燃料油,能源化工,SHFE,FU0
2022-10-14,2665.0,2740.0,2649.0,2727.0,649498,532955,2706.0,燃料油,能源化工,SHFE,FU0
2022-10-17,2695.0,2696.0,2615.0,2646.0,766852,571379,2648.0,燃料油,能源化工,SHFE,FU0
2022-10-18,2652.0,2678.0,2623.0,2660.0,542588,555545,2650.0,燃料油,能源化工,SHFE,FU0
2022-10-19,2639.0,2672.0,2611.0,2669.0,710754,574936,2642.0,燃料油,能源化工,SHFE,FU0
2022-10-20,2708.0,2807.0,2686.0,2790.0,880169,512344,2743.0,燃料油,能源化工,SHFE,FU0
2022-10-21,2765.0,2784.0,2658.0,2670.0,814746,514348,2719.0,燃料油,能源化工,SHFE,FU0
2022-10-24,2674.0,2721.0,2654.0,2663.0,670159,511600,2687.0,燃料油,能源化工,SHFE,FU0
2022-10-25,2644.0,2698.0,2633.0,2652.0,629637,506116,2664.0,燃料油,能源化工,SHFE,FU0
2022-10-26,2648.0,2668.0,2555.0,2569.0,776732,564021,2603.0,燃料油,能源化工,SHFE,FU0
2022-10-27,2610.0,2701.0,2586.0,2648.0,929223,496017,2648.0,燃料油,能源化工,SHFE,FU0
2022-10-28,2696.0,2708.0,2659.0,2673.0,738523,454815,2683.0,燃料油,能源化工,SHFE,FU0
2022-10-31,2683.0,2738.0,2620.0,2633.0,911076,443042,2671.0,燃料油,能源化工,SHFE,FU0
2022-11-01,2625.0,2758.0,2580.0,2752.0,892650,405749,2678.0,燃料油,能源化工,SHFE,FU0
2022-11-02,2787.0,2849.0,2746.0,2828.0,707345,391893,2795.0,燃料油,能源化工,SHFE,FU0
2022-11-03,2800.0,2828.0,2764.0,2809.0,623797,377880,2797.0,燃料油,能源化工,SHFE,FU0
2022-11-04,2790.0,2885.0,2775.0,2859.0,689396,386089,2826.0,燃料油,能源化工,SHFE,FU0
2022-11-07,2902.0,2936.0,2860.0,2882.0,599425,366795,2895.0,燃料油,能源化工,SHFE,FU0
2022-11-08,2890.0,2944.0,2885.0,2922.0,477642,367650,2916.0,燃料油,能源化工,SHFE,FU0
2022-11-09,2916.0,2948.0,2832.0,2859.0,575965,355658,2881.0,燃料油,能源化工,SHFE,FU0
2022-11-10,2822.0,2855.0,2770.0,2804.0,569093,341908,2808.0,燃料油,能源化工,SHFE,FU0
2022-11-11,2800.0,2926.0,2797.0,2913.0,725119,365552,2867.0,燃料油,能源化工,SHFE,FU0
2022-11-14,2930.0,2954.0,2833.0,2841.0,509398,319037,2900.0,燃料油,能源化工,SHFE,FU0
2022-11-15,2833.0,2885.0,2802.0,2829.0,507612,319635,2839.0,燃料油,能源化工,SHFE,FU0
2022-11-16,2821.0,2916.0,2821.0,2849.0,561610,325136,2869.0,燃料油,能源化工,SHFE,FU0
2022-11-17,2860.0,2868.0,2752.0,2775.0,572279,322137,2799.0,燃料油,能源化工,SHFE,FU0
2022-11-18,2760.0,2819.0,2732.0,2797.0,595199,302929,2786.0,燃料油,能源化工,SHFE,FU0
2022-11-21,2760.0,2770.0,2641.0,2671.0,707799,355993,2691.0,燃料油,能源化工,SHFE,FU0
2022-11-22,2671.0,2708.0,2609.0,2659.0,580020,331487,2654.0,燃料油,能源化工,SHFE,FU0
2022-11-23,2681.0,2726.0,2645.0,2668.0,512438,326429,2688.0,燃料油,能源化工,SHFE,FU0
2022-11-24,2610.0,2667.0,2609.0,2624.0,567787,367990,2637.0,燃料油,能源化工,SHFE,FU0
2022-11-25,2624.0,2667.0,2601.0,2647.0,515010,345320,2637.0,燃料油,能源化工,SHFE,FU0
2022-11-28,2674.0,2688.0,2526.0,2547.0,697148,396156,2592.0,燃料油,能源化工,SHFE,FU0
2022-11-29,2543.0,2665.0,2537.0,2628.0,614066,323822,2589.0,燃料油,能源化工,SHFE,FU0
2022-11-30,2633.0,2646.0,2555.0,2584.0,479932,297501,2604.0,燃料油,能源化工,SHFE,FU0
2022-12-01,2614.0,2621.0,2562.0,2571.0,420659,305909,2593.0,燃料油,能源化工,SHFE,FU0
2022-12-02,2590.0,2597.0,2510.0,2548.0,398312,297804,2559.0,燃料油,能源化工,SHFE,FU0
2022-12-05,2649.0,2704.0,2584.0,2595.0,843727,305508,2647.0,燃料油,能源化工,SHFE,FU0
2022-12-06,2627.0,2639.0,2524.0,2539.0,883038,365726,2579.0,燃料油,能源化工,SHFE,FU0
2022-12-07,2500.0,2543.0,2483.0,2495.0,1062186,406289,2510.0,燃料油,能源化工,SHFE,FU0
2022-12-08,2506.0,2535.0,2478.0,2514.0,947047,408283,2504.0,燃料油,能源化工,SHFE,FU0
2022-12-09,2532.0,2565.0,2484.0,2561.0,1109295,385696,2531.0,燃料油,能源化工,SHFE,FU0
2022-12-12,2547.0,2553.0,2488.0,2520.0,1249708,437320,2520.0,燃料油,能源化工,SHFE,FU0
2022-12-13,2500.0,2553.0,2461.0,2546.0,1270974,435549,2511.0,燃料油,能源化工,SHFE,FU0
2022-12-14,2530.0,2575.0,2529.0,2552.0,1065103,437750,2552.0,燃料油,能源化工,SHFE,FU0
2022-12-15,2568.0,2622.0,2558.0,2601.0,1160856,411843,2591.0,燃料油,能源化工,SHFE,FU0
2022-12-16,2618.0,2626.0,2516.0,2529.0,1290927,446381,2574.0,燃料油,能源化工,SHFE,FU0
2022-12-19,2506.0,2522.0,2417.0,2432.0,1550691,557242,2470.0,燃料油,能源化工,SHFE,FU0
2022-12-20,2440.0,2576.0,2434.0,2568.0,1763793,439030,2514.0,燃料油,能源化工,SHFE,FU0
2022-12-21,2569.0,2637.0,2565.0,2625.0,1426658,406759,2603.0,燃料油,能源化工,SHFE,FU0
2022-12-22,2661.0,2696.0,2636.0,2667.0,871961,378749,2668.0,燃料油,能源化工,SHFE,FU0
2022-12-23,2703.0,2718.0,2670.0,2704.0,941062,372382,2695.0,燃料油,能源化工,SHFE,FU0
2022-12-26,2724.0,2745.0,2680.0,2702.0,1014884,349633,2707.0,燃料油,能源化工,SHFE,FU0
2022-12-27,2708.0,2791.0,2694.0,2772.0,831829,344764,2751.0,燃料油,能源化工,SHFE,FU0
2022-12-28,2766.0,2766.0,2699.0,2736.0,902871,333978,2729.0,燃料油,能源化工,SHFE,FU0
2022-12-29,2741.0,2750.0,2690.0,2712.0,877316,346438,2717.0,燃料油,能源化工,SHFE,FU0
2022-12-30,2712.0,2771.0,2694.0,2749.0,1028250,343612,2726.0,燃料油,能源化工,SHFE,FU0
2023-01-03,2764.0,2795.0,2675.0,2734.0,877606,357067,2728.0,燃料油,能源化工,SHFE,FU0
2023-01-04,2708.0,2709.0,2552.0,2557.0,1271951,463839,2615.0,燃料油,能源化工,SHFE,FU0
2023-01-05,2516.0,2546.0,2502.0,2511.0,1041395,529541,2520.0,燃料油,能源化工,SHFE,FU0
2023-01-06,2524.0,2541.0,2491.0,2526.0,987623,512822,2517.0,燃料油,能源化工,SHFE,FU0
2023-01-09,2508.0,2549.0,2502.0,2528.0,772334,507174,2526.0,燃料油,能源化工,SHFE,FU0
2023-01-10,2550.0,2561.0,2479.0,2531.0,972459,492145,2531.0,燃料油,能源化工,SHFE,FU0
2023-01-11,2543.0,2546.0,2515.0,2526.0,603814,506875,2530.0,燃料油,能源化工,SHFE,FU0
2023-01-12,2543.0,2636.0,2539.0,2627.0,1051481,416440,2596.0,燃料油,能源化工,SHFE,FU0
2023-01-13,2647.0,2648.0,2594.0,2635.0,859904,401466,2624.0,燃料油,能源化工,SHFE,FU0
2023-01-16,2635.0,2675.0,2620.0,2637.0,792312,380927,2643.0,燃料油,能源化工,SHFE,FU0
2023-01-17,2652.0,2668.0,2608.0,2643.0,694158,365934,2643.0,燃料油,能源化工,SHFE,FU0
2023-01-18,2685.0,2805.0,2666.0,2799.0,1011265,365111,2743.0,燃料油,能源化工,SHFE,FU0
2023-01-19,2820.0,2844.0,2697.0,2747.0,1066628,339088,2758.0,燃料油,能源化工,SHFE,FU0
2023-01-20,2758.0,2827.0,2745.0,2818.0,793796,319213,2797.0,燃料油,能源化工,SHFE,FU0
2023-01-30,2810.0,2816.0,2720.0,2756.0,589603,340210,2762.0,燃料油,能源化工,SHFE,FU0
2023-01-31,2769.0,2785.0,2718.0,2728.0,845522,345263,2745.0,燃料油,能源化工,SHFE,FU0
2023-02-01,2718.0,2788.0,2717.0,2750.0,858952,367914,2746.0,燃料油,能源化工,SHFE,FU0
2023-02-02,2755.0,2770.0,2604.0,2606.0,1205294,396392,2681.0,燃料油,能源化工,SHFE,FU0
2023-02-03,2593.0,2616.0,2570.0,2590.0,840923,414158,2593.0,燃料油,能源化工,SHFE,FU0
2023-02-06,2590.0,2608.0,2514.0,2548.0,1079295,462442,2556.0,燃料油,能源化工,SHFE,FU0
2023-02-07,2553.0,2635.0,2537.0,2630.0,1012361,421069,2586.0,燃料油,能源化工,SHFE,FU0
2023-02-08,2630.0,2691.0,2613.0,2685.0,874463,383130,2654.0,燃料油,能源化工,SHFE,FU0
2023-02-09,2700.0,2772.0,2684.0,2764.0,939745,370778,2733.0,燃料油,能源化工,SHFE,FU0
2023-02-10,2756.0,2776.0,2742.0,2775.0,848058,358013,2756.0,燃料油,能源化工,SHFE,FU0
2023-02-13,2821.0,2829.0,2772.0,2782.0,897466,346738,2793.0,燃料油,能源化工,SHFE,FU0
2023-02-14,2817.0,2828.0,2784.0,2811.0,763052,353473,2804.0,燃料油,能源化工,SHFE,FU0
2023-02-15,2810.0,2861.0,2787.0,2837.0,1240233,382458,2825.0,燃料油,能源化工,SHFE,FU0
2023-02-16,2832.0,2930.0,2821.0,2906.0,1058740,436736,2881.0,燃料油,能源化工,SHFE,FU0
2023-02-17,2895.0,2925.0,2891.0,2908.0,857206,425801,2908.0,燃料油,能源化工,SHFE,FU0
2023-02-20,2868.0,2914.0,2834.0,2894.0,1141073,405626,2868.0,燃料油,能源化工,SHFE,FU0
2023-02-21,2902.0,2926.0,2872.0,2894.0,830676,388247,2895.0,燃料油,能源化工,SHFE,FU0
2023-02-22,2906.0,2957.0,2903.0,2919.0,1163367,400832,2935.0,燃料油,能源化工,SHFE,FU0
2023-02-23,2930.0,2960.0,2880.0,2897.0,1069543,410410,2918.0,燃料油,能源化工,SHFE,FU0
2023-02-24,2915.0,2917.0,2843.0,2888.0,1243158,362245,2876.0,燃料油,能源化工,SHFE,FU0
2023-02-27,2875.0,2923.0,2833.0,2889.0,1327198,348412,2884.0,燃料油,能源化工,SHFE,FU0
2023-02-28,2898.0,2901.0,2859.0,2893.0,824641,315587,2879.0,燃料油,能源化工,SHFE,FU0
2023-03-01,2913.0,2953.0,2911.0,2937.0,902383,355436,2937.0,燃料油,能源化工,SHFE,FU0
2023-03-02,2912.0,2989.0,2904.0,2971.0,949100,358364,2948.0,燃料油,能源化工,SHFE,FU0
2023-03-03,2999.0,3049.0,2989.0,3039.0,879885,394578,3015.0,燃料油,能源化工,SHFE,FU0
2023-03-06,3035.0,3085.0,3005.0,3039.0,1057553,377163,3037.0,燃料油,能源化工,SHFE,FU0
2023-03-07,3023.0,3094.0,3013.0,3063.0,1000583,386959,3056.0,燃料油,能源化工,SHFE,FU0
2023-03-08,3060.0,3105.0,3030.0,3044.0,1202339,371262,3065.0,燃料油,能源化工,SHFE,FU0
2023-03-09,3033.0,3042.0,2990.0,3017.0,982904,345191,3013.0,燃料油,能源化工,SHFE,FU0
2023-03-10,3021.0,3087.0,2941.0,2942.0,1459251,318635,3009.0,燃料油,能源化工,SHFE,FU0
2023-03-13,2948.0,3025.0,2939.0,2972.0,1213513,296136,2973.0,燃料油,能源化工,SHFE,FU0
2023-03-14,2856.0,2925.0,2835.0,2846.0,1468582,297507,2872.0,燃料油,能源化工,SHFE,FU0
2023-03-15,2840.0,2845.0,2786.0,2809.0,1194085,305702,2816.0,燃料油,能源化工,SHFE,FU0
2023-03-16,2761.0,2762.0,2617.0,2655.0,1557399,329982,2687.0,燃料油,能源化工,SHFE,FU0
2023-03-17,2651.0,2664.0,2593.0,2635.0,1215375,335880,2629.0,燃料油,能源化工,SHFE,FU0
2023-03-20,2600.0,2644.0,2571.0,2580.0,1297063,368520,2609.0,燃料油,能源化工,SHFE,FU0
2023-03-21,2613.0,2633.0,2579.0,2612.0,1155105,372113,2603.0,燃料油,能源化工,SHFE,FU0
2023-03-22,2645.0,2647.0,2584.0,2612.0,846658,382680,2616.0,燃料油,能源化工,SHFE,FU0
2023-03-23,2626.0,2642.0,2595.0,2606.0,697918,377002,2614.0,燃料油,能源化工,SHFE,FU0
2023-03-24,2608.0,2642.0,2533.0,2631.0,1183280,379705,2602.0,燃料油,能源化工,SHFE,FU0
2023-03-27,2580.0,2629.0,2551.0,2627.0,926807,361475,2589.0,燃料油,能源化工,SHFE,FU0
2023-03-28,2645.0,2706.0,2635.0,2697.0,637210,323026,2672.0,燃料油,能源化工,SHFE,FU0
2023-03-29,2698.0,2752.0,2691.0,2733.0,487433,289018,2728.0,燃料油,能源化工,SHFE,FU0
2023-03-30,2743.0,2753.0,2712.0,2742.0,416024,251394,2733.0,燃料油,能源化工,SHFE,FU0
2023-03-31,2745.0,2780.0,2735.0,2750.0,386174,214253,2756.0,燃料油,能源化工,SHFE,FU0
2023-04-03,2760.0,2975.0,2758.0,2917.0,453356,184648,2865.0,燃料油,能源化工,SHFE,FU0
2023-04-04,2963.0,3046.0,2962.0,3041.0,925953,335984,3011.0,燃料油,能源化工,SHFE,FU0
2023-04-06,3056.0,3094.0,3041.0,3082.0,638803,375883,3069.0,燃料油,能源化工,SHFE,FU0
2023-04-07,3092.0,3152.0,3067.0,3135.0,1034674,402694,3107.0,燃料油,能源化工,SHFE,FU0
2023-04-10,3131.0,3158.0,3081.0,3096.0,727447,398701,3112.0,燃料油,能源化工,SHFE,FU0
2023-04-11,3080.0,3133.0,3057.0,3106.0,814246,407734,3105.0,燃料油,能源化工,SHFE,FU0
2023-04-12,3097.0,3176.0,3082.0,3168.0,963250,443444,3137.0,燃料油,能源化工,SHFE,FU0
2023-04-13,3183.0,3199.0,3151.0,3184.0,954597,446717,3174.0,燃料油,能源化工,SHFE,FU0
2023-04-14,3179.0,3210.0,3150.0,3169.0,890206,443408,3182.0,燃料油,能源化工,SHFE,FU0
2023-04-17,3171.0,3197.0,3131.0,3162.0,987861,443764,3165.0,燃料油,能源化工,SHFE,FU0
2023-04-18,3148.0,3165.0,3110.0,3161.0,1001954,456945,3144.0,燃料油,能源化工,SHFE,FU0
2023-04-19,3142.0,3176.0,3121.0,3137.0,935045,439866,3145.0,燃料油,能源化工,SHFE,FU0
2023-04-20,3115.0,3129.0,3033.0,3059.0,1265076,421092,3083.0,燃料油,能源化工,SHFE,FU0
2023-04-21,3045.0,3057.0,3001.0,3002.0,872183,403953,3024.0,燃料油,能源化工,SHFE,FU0
2023-04-24,3028.0,3092.0,3005.0,3021.0,1048674,398361,3052.0,燃料油,能源化工,SHFE,FU0
2023-04-25,3030.0,3164.0,3024.0,3146.0,1161897,422223,3117.0,燃料油,能源化工,SHFE,FU0
2023-04-26,3119.0,3120.0,3041.0,3083.0,1016010,375385,3075.0,燃料油,能源化工,SHFE,FU0
2023-04-27,3040.0,3068.0,2951.0,2954.0,1182298,364608,3000.0,燃料油,能源化工,SHFE,FU0
2023-04-28,2944.0,2976.0,2917.0,2973.0,867532,338122,2950.0,燃料油,能源化工,SHFE,FU0
2023-05-04,2800.0,2842.0,2750.0,2823.0,860735,361163,2799.0,燃料油,能源化工,SHFE,FU0
2023-05-05,2792.0,2795.0,2684.0,2720.0,1218389,387113,2727.0,燃料油,能源化工,SHFE,FU0
2023-05-08,2755.0,2889.0,2747.0,2889.0,1233312,367711,2834.0,燃料油,能源化工,SHFE,FU0
2023-05-09,2902.0,2947.0,2902.0,2919.0,908312,379678,2924.0,燃料油,能源化工,SHFE,FU0
2023-05-10,2913.0,2988.0,2906.0,2947.0,989740,379252,2942.0,燃料油,能源化工,SHFE,FU0
2023-05-11,2974.0,2990.0,2913.0,2944.0,1174811,380007,2951.0,燃料油,能源化工,SHFE,FU0
2023-05-12,2910.0,2925.0,2855.0,2884.0,1398520,380560,2892.0,燃料油,能源化工,SHFE,FU0
2023-05-15,2925.0,2937.0,2814.0,2861.0,1172109,371820,2870.0,燃料油,能源化工,SHFE,FU0
2023-05-16,2886.0,2976.0,2879.0,2906.0,1141098,376164,2925.0,燃料油,能源化工,SHFE,FU0
2023-05-17,2918.0,2947.0,2875.0,2900.0,1104331,371035,2917.0,燃料油,能源化工,SHFE,FU0
2023-05-18,2939.0,3067.0,2935.0,3062.0,1267131,426004,3007.0,燃料油,能源化工,SHFE,FU0
2023-05-19,3044.0,3096.0,3029.0,3067.0,958325,412643,3055.0,燃料油,能源化工,SHFE,FU0
2023-05-22,3101.0,3109.0,2930.0,2936.0,1120736,371527,3001.0,燃料油,能源化工,SHFE,FU0
2023-05-23,2961.0,3017.0,2955.0,2974.0,756971,394388,2986.0,燃料油,能源化工,SHFE,FU0
2023-05-24,3018.0,3060.0,2991.0,3011.0,694583,393937,3023.0,燃料油,能源化工,SHFE,FU0
2023-05-25,3018.0,3085.0,2994.0,3056.0,790194,432305,3047.0,燃料油,能源化工,SHFE,FU0
2023-05-26,3030.0,3030.0,2913.0,2960.0,880997,389021,2954.0,燃料油,能源化工,SHFE,FU0
2023-05-29,2988.0,3051.0,2950.0,3019.0,788678,384059,3007.0,燃料油,能源化工,SHFE,FU0
2023-05-30,2988.0,3038.0,2937.0,2984.0,837819,379517,2980.0,燃料油,能源化工,SHFE,FU0
2023-05-31,2930.0,2940.0,2854.0,2883.0,753002,375858,2886.0,燃料油,能源化工,SHFE,FU0
2023-06-01,2800.0,2935.0,2769.0,2928.0,932550,375177,2879.0,燃料油,能源化工,SHFE,FU0
2023-06-02,2894.0,2996.0,2856.0,2985.0,827734,357479,2917.0,燃料油,能源化工,SHFE,FU0
2023-06-05,3016.0,3065.0,2992.0,3046.0,806385,378398,3025.0,燃料油,能源化工,SHFE,FU0
2023-06-06,3067.0,3071.0,2989.0,3000.0,705415,371986,3026.0,燃料油,能源化工,SHFE,FU0
2023-06-07,2972.0,3041.0,2960.0,3005.0,602617,362395,3006.0,燃料油,能源化工,SHFE,FU0
2023-06-08,3049.0,3052.0,2995.0,3033.0,643697,388334,3027.0,燃料油,能源化工,SHFE,FU0
2023-06-09,3053.0,3055.0,2954.0,2982.0,715475,355550,3001.0,燃料油,能源化工,SHFE,FU0
2023-06-12,2997.0,3064.0,2930.0,2947.0,924227,384918,2987.0,燃料油,能源化工,SHFE,FU0
2023-06-13,2903.0,2947.0,2878.0,2932.0,686902,361751,2909.0,燃料油,能源化工,SHFE,FU0
2023-06-14,2969.0,3034.0,2956.0,3016.0,602560,342011,2992.0,燃料油,能源化工,SHFE,FU0
2023-06-15,3039.0,3044.0,2940.0,2970.0,581124,329907,2979.0,燃料油,能源化工,SHFE,FU0
2023-06-16,2981.0,3066.0,2980.0,3059.0,579488,363966,3029.0,燃料油,能源化工,SHFE,FU0
2023-06-19,3080.0,3102.0,3010.0,3044.0,578275,349499,3043.0,燃料油,能源化工,SHFE,FU0
2023-06-20,3071.0,3112.0,3053.0,3067.0,484656,356532,3080.0,燃料油,能源化工,SHFE,FU0
2023-06-21,3056.0,3112.0,3036.0,3097.0,619889,359485,3077.0,燃料油,能源化工,SHFE,FU0
2023-06-26,3090.0,3120.0,3054.0,3114.0,473514,367951,3087.0,燃料油,能源化工,SHFE,FU0
2023-06-27,3090.0,3096.0,3020.0,3064.0,731270,346660,3062.0,燃料油,能源化工,SHFE,FU0
2023-06-28,3022.0,3036.0,2969.0,3015.0,691267,304422,3004.0,燃料油,能源化工,SHFE,FU0
2023-06-29,2990.0,3105.0,2990.0,3096.0,663306,341223,3060.0,燃料油,能源化工,SHFE,FU0
2023-06-30,3101.0,3102.0,3071.0,3086.0,479962,289559,3085.0,燃料油,能源化工,SHFE,FU0
2023-07-03,3109.0,3144.0,3094.0,3105.0,504886,301389,3124.0,燃料油,能源化工,SHFE,FU0
2023-07-04,3145.0,3145.0,3080.0,3112.0,467423,290752,3115.0,燃料油,能源化工,SHFE,FU0
2023-07-05,3148.0,3168.0,3131.0,3149.0,433078,334563,3148.0,燃料油,能源化工,SHFE,FU0
2023-07-06,3166.0,3175.0,3146.0,3160.0,408516,337345,3162.0,燃料油,能源化工,SHFE,FU0
2023-07-07,3148.0,3190.0,3110.0,3172.0,560564,346007,3151.0,燃料油,能源化工,SHFE,FU0
2023-07-10,3168.0,3239.0,3152.0,3206.0,542435,361786,3199.0,燃料油,能源化工,SHFE,FU0
2023-07-11,3198.0,3244.0,3193.0,3227.0,382505,356898,3225.0,燃料油,能源化工,SHFE,FU0
2023-07-12,3232.0,3277.0,3220.0,3222.0,427045,362141,3246.0,燃料油,能源化工,SHFE,FU0
2023-07-13,3240.0,3248.0,3205.0,3216.0,430471,347843,3227.0,燃料油,能源化工,SHFE,FU0
2023-07-14,3200.0,3273.0,3181.0,3235.0,514161,336120,3230.0,燃料油,能源化工,SHFE,FU0
2023-07-17,3250.0,3251.0,3156.0,3163.0,463875,311195,3192.0,燃料油,能源化工,SHFE,FU0
2023-07-18,3170.0,3212.0,3166.0,3178.0,341278,293937,3189.0,燃料油,能源化工,SHFE,FU0
2023-07-19,3165.0,3228.0,3163.0,3215.0,360426,297871,3199.0,燃料油,能源化工,SHFE,FU0
2023-07-20,3243.0,3294.0,3231.0,3241.0,439100,306166,3256.0,燃料油,能源化工,SHFE,FU0
2023-07-21,3249.0,3276.0,3244.0,3268.0,345075,308427,3259.0,燃料油,能源化工,SHFE,FU0
2023-07-24,3276.0,3316.0,3255.0,3289.0,440542,331388,3279.0,燃料油,能源化工,SHFE,FU0
2023-07-25,3330.0,3351.0,3304.0,3346.0,392946,339495,3330.0,燃料油,能源化工,SHFE,FU0
2023-07-26,3329.0,3380.0,3320.0,3355.0,352866,326975,3348.0,燃料油,能源化工,SHFE,FU0
2023-07-27,3333.0,3395.0,3333.0,3365.0,315064,308183,3364.0,燃料油,能源化工,SHFE,FU0
2023-07-28,3386.0,3405.0,3366.0,3403.0,400277,312231,3389.0,燃料油,能源化工,SHFE,FU0
2023-07-31,3435.0,3458.0,3405.0,3445.0,461647,286494,3433.0,燃料油,能源化工,SHFE,FU0
2023-08-01,3467.0,3549.0,3465.0,3547.0,438170,306081,3512.0,燃料油,能源化工,SHFE,FU0
2023-08-02,3532.0,3664.0,3532.0,3640.0,554214,313451,3601.0,燃料油,能源化工,SHFE,FU0
2023-08-03,3637.0,3652.0,3561.0,3563.0,588300,273107,3598.0,燃料油,能源化工,SHFE,FU0
2023-08-04,3602.0,3663.0,3576.0,3625.0,408220,260291,3611.0,燃料油,能源化工,SHFE,FU0
2023-08-07,3633.0,3703.0,3602.0,3657.0,376285,261602,3648.0,燃料油,能源化工,SHFE,FU0
2023-08-08,3543.0,3555.0,3470.0,3476.0,413027,158299,3507.0,燃料油,能源化工,SHFE,FU0
2023-08-09,3436.0,3550.0,3421.0,3523.0,448676,156800,3490.0,燃料油,能源化工,SHFE,FU0
2023-08-10,3560.0,3629.0,3543.0,3587.0,617481,175546,3575.0,燃料油,能源化工,SHFE,FU0
2023-08-11,3570.0,3624.0,3559.0,3564.0,563501,179505,3586.0,燃料油,能源化工,SHFE,FU0
2023-08-14,3600.0,3613.0,3532.0,3536.0,822789,179073,3578.0,燃料油,能源化工,SHFE,FU0
2023-08-15,3535.0,3611.0,3521.0,3589.0,655826,188531,3563.0,燃料油,能源化工,SHFE,FU0
2023-08-16,3549.0,3572.0,3509.0,3513.0,603453,179996,3535.0,燃料油,能源化工,SHFE,FU0
2023-08-17,3535.0,3586.0,3503.0,3573.0,734192,185240,3547.0,燃料油,能源化工,SHFE,FU0
2023-08-18,3600.0,3639.0,3566.0,3591.0,574507,181754,3596.0,燃料油,能源化工,SHFE,FU0
2023-08-21,3560.0,3772.0,3555.0,3735.0,853537,194659,3676.0,燃料油,能源化工,SHFE,FU0
2023-08-22,3733.0,3748.0,3679.0,3692.0,496844,178582,3707.0,燃料油,能源化工,SHFE,FU0
2023-08-23,3695.0,3725.0,3646.0,3648.0,509757,170647,3682.0,燃料油,能源化工,SHFE,FU0
2023-08-24,3600.0,3602.0,3509.0,3528.0,786812,157285,3536.0,燃料油,能源化工,SHFE,FU0
2023-08-25,3522.0,3565.0,3480.0,3552.0,612563,144352,3532.0,燃料油,能源化工,SHFE,FU0
2023-08-28,3463.0,3529.0,3460.0,3497.0,462938,152679,0.0,燃料油,能源化工,SHFE,FU0
2023-08-29,3570.0,3593.0,3507.0,3526.0,465195,111531,3555.0,燃料油,能源化工,SHFE,FU0
2023-08-30,3563.0,3673.0,3549.0,3648.0,467070,109057,3607.0,燃料油,能源化工,SHFE,FU0
2023-08-31,3638.0,3652.0,3604.0,3637.0,291912,99508,3633.0,燃料油,能源化工,SHFE,FU0
2023-09-01,3567.0,3620.0,3526.0,3596.0,526044,125468,3571.0,燃料油,能源化工,SHFE,FU0
2023-09-04,3638.0,3682.0,3596.0,3602.0,574747,128613,3629.0,燃料油,能源化工,SHFE,FU0
2023-09-05,3590.0,3628.0,3565.0,3594.0,500853,126150,3601.0,燃料油,能源化工,SHFE,FU0
2023-09-06,3593.0,3754.0,3590.0,3704.0,903931,137362,3720.0,燃料油,能源化工,SHFE,FU0
2023-09-07,3702.0,3776.0,3702.0,3742.0,883157,148716,3741.0,燃料油,能源化工,SHFE,FU0
2023-09-08,3750.0,3801.0,3722.0,3737.0,940093,144288,3760.0,燃料油,能源化工,SHFE,FU0
2023-09-11,3777.0,3798.0,3726.0,3740.0,996252,138597,3763.0,燃料油,能源化工,SHFE,FU0
2023-09-12,3746.0,3783.0,3741.0,3755.0,747592,137730,3761.0,燃料油,能源化工,SHFE,FU0
2023-09-13,3799.0,3835.0,3790.0,3809.0,878439,143668,3814.0,燃料油,能源化工,SHFE,FU0
2023-09-14,3818.0,3823.0,3774.0,3812.0,634011,132400,3798.0,燃料油,能源化工,SHFE,FU0
2023-09-15,3850.0,3868.0,3820.0,3839.0,552987,130609,3841.0,燃料油,能源化工,SHFE,FU0
2023-09-18,3806.0,3825.0,3738.0,3824.0,681384,130712,3777.0,燃料油,能源化工,SHFE,FU0
2023-09-19,3820.0,3824.0,3729.0,3737.0,538903,123896,3767.0,燃料油,能源化工,SHFE,FU0
2023-09-20,3766.0,3769.0,3663.0,3678.0,499909,116124,3714.0,燃料油,能源化工,SHFE,FU0
2023-09-21,3686.0,3707.0,3650.0,3660.0,456269,114636,3679.0,燃料油,能源化工,SHFE,FU0
2023-09-22,3705.0,3783.0,3701.0,3763.0,654845,124089,3759.0,燃料油,能源化工,SHFE,FU0
2023-09-25,3785.0,3794.0,3754.0,3777.0,470928,122185,3772.0,燃料油,能源化工,SHFE,FU0
2023-09-26,3745.0,3761.0,3681.0,3684.0,471919,106819,3725.0,燃料油,能源化工,SHFE,FU0
2023-09-27,3706.0,3843.0,3697.0,3820.0,511713,111924,3779.0,燃料油,能源化工,SHFE,FU0
2023-09-28,3869.0,3892.0,3825.0,3862.0,388339,80331,3851.0,燃料油,能源化工,SHFE,FU0
2023-10-09,3593.0,3695.0,3524.0,3534.0,390677,67049,3592.0,燃料油,能源化工,SHFE,FU0
2023-10-10,3386.0,3390.0,3312.0,3318.0,582105,242737,3346.0,燃料油,能源化工,SHFE,FU0
2023-10-11,3325.0,3347.0,3298.0,3334.0,528241,250206,3322.0,燃料油,能源化工,SHFE,FU0
2023-10-12,3300.0,3320.0,3255.0,3295.0,631076,249698,3286.0,燃料油,能源化工,SHFE,FU0
2023-10-13,3346.0,3351.0,3290.0,3331.0,508133,245946,3320.0,燃料油,能源化工,SHFE,FU0
2023-10-16,3407.0,3467.0,3383.0,3459.0,689139,236783,3423.0,燃料油,能源化工,SHFE,FU0
2023-10-17,3481.0,3485.0,3407.0,3419.0,559183,228110,3442.0,燃料油,能源化工,SHFE,FU0
2023-10-18,3418.0,3487.0,3398.0,3467.0,566109,229241,3448.0,燃料油,能源化工,SHFE,FU0
2023-10-19,3467.0,3509.0,3455.0,3496.0,634310,240110,3474.0,燃料油,能源化工,SHFE,FU0
2023-10-20,3483.0,3535.0,3445.0,3498.0,664550,239281,3491.0,燃料油,能源化工,SHFE,FU0
2023-10-23,3500.0,3506.0,3356.0,3384.0,803420,251047,3422.0,燃料油,能源化工,SHFE,FU0
2023-10-24,3394.0,3426.0,3355.0,3391.0,607218,241630,3386.0,燃料油,能源化工,SHFE,FU0
2023-10-25,3387.0,3391.0,3329.0,3335.0,663896,242522,3355.0,燃料油,能源化工,SHFE,FU0
2023-10-26,3351.0,3385.0,3303.0,3340.0,693722,230371,3343.0,燃料油,能源化工,SHFE,FU0
2023-10-27,3295.0,3357.0,3284.0,3352.0,758320,232118,3316.0,燃料油,能源化工,SHFE,FU0
2023-10-30,3340.0,3345.0,3292.0,3322.0,726345,239646,3313.0,燃料油,能源化工,SHFE,FU0
2023-10-31,3306.0,3307.0,3223.0,3267.0,839066,262311,3262.0,燃料油,能源化工,SHFE,FU0
2023-11-01,3268.0,3323.0,3254.0,3275.0,814195,241507,3283.0,燃料油,能源化工,SHFE,FU0
2023-11-02,3323.0,3338.0,3264.0,3291.0,763763,234079,3307.0,燃料油,能源化工,SHFE,FU0
2023-11-03,3286.0,3331.0,3262.0,3330.0,670857,222240,3299.0,燃料油,能源化工,SHFE,FU0
2023-11-06,3350.0,3360.0,3246.0,3276.0,884252,237033,3293.0,燃料油,能源化工,SHFE,FU0
2023-11-07,3285.0,3302.0,3194.0,3202.0,818276,265553,3254.0,燃料油,能源化工,SHFE,FU0
2023-11-08,3183.0,3184.0,3061.0,3121.0,1002627,284103,3121.0,燃料油,能源化工,SHFE,FU0
2023-11-09,3068.0,3116.0,3064.0,3103.0,843593,292137,3095.0,燃料油,能源化工,SHFE,FU0
2023-11-10,3120.0,3168.0,3117.0,3153.0,740136,258714,3143.0,燃料油,能源化工,SHFE,FU0
2023-11-13,3178.0,3179.0,3125.0,3164.0,657198,246665,3158.0,燃料油,能源化工,SHFE,FU0
2023-11-14,3181.0,3208.0,3146.0,3195.0,554580,243690,3180.0,燃料油,能源化工,SHFE,FU0
2023-11-15,3190.0,3236.0,3188.0,3225.0,682644,237353,3214.0,燃料油,能源化工,SHFE,FU0
2023-11-16,3215.0,3230.0,3131.0,3159.0,732633,246098,3175.0,燃料油,能源化工,SHFE,FU0
2023-11-17,3154.0,3194.0,3069.0,3079.0,960633,257539,3122.0,燃料油,能源化工,SHFE,FU0
2023-11-20,3111.0,3198.0,3091.0,3197.0,801592,248676,3141.0,燃料油,能源化工,SHFE,FU0
2023-11-21,3220.0,3223.0,3165.0,3167.0,642802,245508,3197.0,燃料油,能源化工,SHFE,FU0
2023-11-22,3166.0,3226.0,3151.0,3188.0,726799,234267,3183.0,燃料油,能源化工,SHFE,FU0
2023-11-23,3130.0,3140.0,2967.0,3067.0,1332062,211710,3036.0,燃料油,能源化工,SHFE,FU0
2023-11-24,3068.0,3144.0,3045.0,3133.0,699899,204623,3093.0,燃料油,能源化工,SHFE,FU0
2023-11-27,3135.0,3152.0,3036.0,3073.0,763447,196497,3093.0,燃料油,能源化工,SHFE,FU0
2023-11-28,3073.0,3113.0,3062.0,3080.0,640077,190442,3086.0,燃料油,能源化工,SHFE,FU0
2023-11-29,3095.0,3183.0,3086.0,3137.0,789662,188297,3127.0,燃料油,能源化工,SHFE,FU0
2023-11-30,3179.0,3247.0,3175.0,3229.0,699164,173580,3203.0,燃料油,能源化工,SHFE,FU0
2023-12-01,3249.0,3260.0,3109.0,3139.0,580757,153873,3182.0,燃料油,能源化工,SHFE,FU0
2023-12-04,3140.0,3162.0,3034.0,3068.0,548498,152270,3093.0,燃料油,能源化工,SHFE,FU0
2023-12-05,3085.0,3146.0,3075.0,3099.0,493516,141398,3112.0,燃料油,能源化工,SHFE,FU0
2023-12-06,3083.0,3103.0,3023.0,3063.0,553092,126795,3056.0,燃料油,能源化工,SHFE,FU0
2023-12-07,3033.0,3049.0,2916.0,2928.0,549835,147089,2978.0,燃料油,能源化工,SHFE,FU0
2023-12-08,2936.0,2966.0,2901.0,2957.0,512564,141109,2937.0,燃料油,能源化工,SHFE,FU0
2023-12-11,2957.0,2974.0,2938.0,2972.0,397227,126736,2956.0,燃料油,能源化工,SHFE,FU0
2023-12-12,2954.0,3023.0,2949.0,3013.0,318729,108346,2981.0,燃料油,能源化工,SHFE,FU0
2023-12-13,2981.0,2988.0,2886.0,2899.0,360568,102005,2938.0,燃料油,能源化工,SHFE,FU0
2023-12-14,2940.0,2972.0,2925.0,2939.0,391364,254131,2941.0,燃料油,能源化工,SHFE,FU0
2023-12-15,2975.0,3020.0,2964.0,2987.0,539103,255316,2990.0,燃料油,能源化工,SHFE,FU0
2023-12-18,3000.0,3003.0,2954.0,2996.0,546638,266323,2979.0,燃料油,能源化工,SHFE,FU0
2023-12-19,2996.0,3059.0,2996.0,3017.0,623471,262044,3025.0,燃料油,能源化工,SHFE,FU0
2023-12-20,3002.0,3064.0,2986.0,3053.0,570639,257266,3028.0,燃料油,能源化工,SHFE,FU0
2023-12-21,3083.0,3107.0,3038.0,3074.0,688686,263167,3073.0,燃料油,能源化工,SHFE,FU0
2023-12-22,3041.0,3116.0,3010.0,3098.0,893438,281480,3059.0,燃料油,能源化工,SHFE,FU0
2023-12-25,3085.0,3116.0,3005.0,3050.0,847452,252603,3057.0,燃料油,能源化工,SHFE,FU0
2023-12-26,3063.0,3120.0,3051.0,3075.0,696362,226471,3089.0,燃料油,能源化工,SHFE,FU0
2023-12-27,3090.0,3141.0,3088.0,3125.0,743283,212262,3121.0,燃料油,能源化工,SHFE,FU0
2023-12-28,3106.0,3112.0,3037.0,3058.0,878477,203895,3063.0,燃料油,能源化工,SHFE,FU0
2023-12-29,3018.0,3019.0,2919.0,2928.0,931950,219274,2962.0,燃料油,能源化工,SHFE,FU0
2024-01-02,2945.0,3014.0,2936.0,2999.0,470186,199403,2986.0,燃料油,能源化工,SHFE,FU0
2024-01-03,3015.0,3032.0,2940.0,2953.0,729056,200787,2984.0,燃料油,能源化工,SHFE,FU0
2024-01-04,2990.0,3125.0,2984.0,3111.0,1034683,206025,3054.0,燃料油,能源化工,SHFE,FU0
2024-01-05,3112.0,3112.0,3052.0,3068.0,825243,195589,3078.0,燃料油,能源化工,SHFE,FU0
2024-01-08,3071.0,3084.0,2995.0,3009.0,825321,189823,3043.0,燃料油,能源化工,SHFE,FU0
2024-01-09,2950.0,2964.0,2905.0,2928.0,863631,222712,2934.0,燃料油,能源化工,SHFE,FU0
2024-01-10,2997.0,3007.0,2954.0,2969.0,794592,197167,2975.0,燃料油,能源化工,SHFE,FU0
2024-01-11,2989.0,3025.0,2928.0,2951.0,816730,198230,2976.0,燃料油,能源化工,SHFE,FU0
2024-01-12,2981.0,2989.0,2944.0,2959.0,753739,200252,2966.0,燃料油,能源化工,SHFE,FU0
2024-01-15,2999.0,3000.0,2911.0,2952.0,757673,210191,2953.0,燃料油,能源化工,SHFE,FU0
2024-01-16,2905.0,2971.0,2896.0,2969.0,625090,203911,2936.0,燃料油,能源化工,SHFE,FU0
2024-01-17,2987.0,2993.0,2942.0,2969.0,554104,194485,2969.0,燃料油,能源化工,SHFE,FU0
2024-01-18,2938.0,3005.0,2929.0,2974.0,720215,194996,2960.0,燃料油,能源化工,SHFE,FU0
2024-01-19,2946.0,2981.0,2912.0,2979.0,775058,189390,2945.0,燃料油,能源化工,SHFE,FU0
2024-01-22,2964.0,2987.0,2920.0,2952.0,724237,179241,2954.0,燃料油,能源化工,SHFE,FU0
2024-01-23,2955.0,3006.0,2931.0,2987.0,605281,179670,2968.0,燃料油,能源化工,SHFE,FU0
2024-01-24,2970.0,2974.0,2945.0,2966.0,515332,183843,2958.0,燃料油,能源化工,SHFE,FU0
2024-01-25,2957.0,2976.0,2943.0,2963.0,552578,189254,2958.0,燃料油,能源化工,SHFE,FU0
2024-01-26,2973.0,3064.0,2971.0,3043.0,612792,166818,3022.0,燃料油,能源化工,SHFE,FU0
2024-01-29,3041.0,3133.0,3041.0,3121.0,509130,142280,3093.0,燃料油,能源化工,SHFE,FU0
2024-01-30,3110.0,3122.0,3096.0,3102.0,349589,121165,3109.0,燃料油,能源化工,SHFE,FU0
2024-01-31,3082.0,3141.0,3072.0,3111.0,360452,96033,3101.0,燃料油,能源化工,SHFE,FU0
2024-02-01,3127.0,3155.0,3080.0,3086.0,556862,254343,3114.0,燃料油,能源化工,SHFE,FU0
2024-02-02,3097.0,3097.0,2977.0,2988.0,672638,268000,3034.0,燃料油,能源化工,SHFE,FU0
2024-02-05,2971.0,3022.0,2971.0,3002.0,548668,267487,2994.0,燃料油,能源化工,SHFE,FU0
2024-02-06,3002.0,3040.0,2997.0,3021.0,519481,256786,3022.0,燃料油,能源化工,SHFE,FU0
2024-02-07,3031.0,3036.0,3007.0,3020.0,397189,241449,3021.0,燃料油,能源化工,SHFE,FU0
2024-02-08,3026.0,3082.0,3020.0,3082.0,399922,217625,3043.0,燃料油,能源化工,SHFE,FU0
2024-02-19,3140.0,3165.0,3101.0,3106.0,291148,232828,3115.0,燃料油,能源化工,SHFE,FU0
2024-02-20,3130.0,3130.0,3103.0,3110.0,348326,245650,3113.0,燃料油,能源化工,SHFE,FU0
2024-02-21,3091.0,3135.0,3085.0,3118.0,461355,262264,3119.0,燃料油,能源化工,SHFE,FU0
2024-02-22,3116.0,3150.0,3116.0,3148.0,452256,281356,3136.0,燃料油,能源化工,SHFE,FU0
2024-02-23,3133.0,3139.0,3109.0,3118.0,471644,263545,3120.0,燃料油,能源化工,SHFE,FU0
2024-02-26,3100.0,3105.0,3051.0,3067.0,522823,248648,3074.0,燃料油,能源化工,SHFE,FU0
2024-02-27,3067.0,3123.0,3065.0,3114.0,443433,229960,3100.0,燃料油,能源化工,SHFE,FU0
2024-02-28,3102.0,3126.0,3088.0,3111.0,417006,226280,3107.0,燃料油,能源化工,SHFE,FU0
2024-02-29,3100.0,3136.0,3092.0,3109.0,514820,214112,3111.0,燃料油,能源化工,SHFE,FU0
2024-03-01,3109.0,3118.0,3090.0,3110.0,425936,211177,3106.0,燃料油,能源化工,SHFE,FU0
2024-03-04,3150.0,3196.0,3144.0,3159.0,662996,223817,3167.0,燃料油,能源化工,SHFE,FU0
2024-03-05,3160.0,3172.0,3123.0,3123.0,435496,212595,3147.0,燃料油,能源化工,SHFE,FU0
2024-03-06,3135.0,3183.0,3124.0,3167.0,542515,229677,3159.0,燃料油,能源化工,SHFE,FU0
2024-03-07,3185.0,3239.0,3185.0,3228.0,580059,269106,3218.0,燃料油,能源化工,SHFE,FU0
2024-03-08,3215.0,3253.0,3215.0,3246.0,442204,274563,3233.0,燃料油,能源化工,SHFE,FU0
2024-03-11,3200.0,3209.0,3156.0,3167.0,590170,234681,3178.0,燃料油,能源化工,SHFE,FU0
2024-03-12,3169.0,3173.0,3135.0,3162.0,444473,230285,3152.0,燃料油,能源化工,SHFE,FU0
2024-03-13,3154.0,3218.0,3151.0,3208.0,526956,234062,3183.0,燃料油,能源化工,SHFE,FU0
2024-03-14,3270.0,3316.0,3261.0,3292.0,657247,265203,3294.0,燃料油,能源化工,SHFE,FU0
2024-03-15,3303.0,3331.0,3302.0,3312.0,400142,261549,3316.0,燃料油,能源化工,SHFE,FU0
2024-03-18,3300.0,3330.0,3279.0,3318.0,489247,248797,3305.0,燃料油,能源化工,SHFE,FU0
2024-03-19,3327.0,3380.0,3327.0,3367.0,515691,253945,3356.0,燃料油,能源化工,SHFE,FU0
2024-03-20,3367.0,3407.0,3361.0,3390.0,482232,263137,3390.0,燃料油,能源化工,SHFE,FU0
2024-03-21,3363.0,3381.0,3339.0,3368.0,478334,236454,3358.0,燃料油,能源化工,SHFE,FU0
2024-03-22,3350.0,3363.0,3325.0,3356.0,414060,221215,3347.0,燃料油,能源化工,SHFE,FU0
2024-03-25,3376.0,3400.0,3369.0,3384.0,479146,225727,3382.0,燃料油,能源化工,SHFE,FU0
2024-03-26,3391.0,3468.0,3391.0,3429.0,649351,240387,3437.0,燃料油,能源化工,SHFE,FU0
2024-03-27,3434.0,3441.0,3373.0,3380.0,477426,213348,3403.0,燃料油,能源化工,SHFE,FU0
2024-03-28,3390.0,3437.0,3383.0,3420.0,463087,211802,3412.0,燃料油,能源化工,SHFE,FU0
2024-03-29,3451.0,3502.0,3425.0,3481.0,560539,193004,3456.0,燃料油,能源化工,SHFE,FU0
2024-04-01,3481.0,3508.0,3464.0,3495.0,383291,182187,3486.0,燃料油,能源化工,SHFE,FU0
2024-04-02,3470.0,3503.0,3449.0,3494.0,398488,165383,3474.0,燃料油,能源化工,SHFE,FU0
2024-04-03,3515.0,3538.0,3503.0,3517.0,377140,145355,3520.0,燃料油,能源化工,SHFE,FU0
2024-04-08,3505.0,3588.0,3469.0,3536.0,328971,137328,3529.0,燃料油,能源化工,SHFE,FU0
2024-04-09,3555.0,3603.0,3545.0,3577.0,348631,131484,3579.0,燃料油,能源化工,SHFE,FU0
2024-04-10,3487.0,3502.0,3450.0,3483.0,409385,326047,3474.0,燃料油,能源化工,SHFE,FU0
2024-04-11,3480.0,3510.0,3444.0,3486.0,526906,327760,3480.0,燃料油,能源化工,SHFE,FU0
2024-04-12,3463.0,3535.0,3460.0,3528.0,485989,357482,3504.0,燃料油,能源化工,SHFE,FU0
2024-04-15,3567.0,3628.0,3521.0,3535.0,692267,364325,3568.0,燃料油,能源化工,SHFE,FU0
2024-04-16,3537.0,3612.0,3507.0,3581.0,640498,372113,3564.0,燃料油,能源化工,SHFE,FU0
2024-04-17,3550.0,3577.0,3542.0,3560.0,471432,367288,3559.0,燃料油,能源化工,SHFE,FU0
2024-04-18,3540.0,3580.0,3483.0,3491.0,679177,363666,3523.0,燃料油,能源化工,SHFE,FU0
2024-04-19,3493.0,3686.0,3486.0,3564.0,1304444,372417,3576.0,燃料油,能源化工,SHFE,FU0
2024-04-22,3519.0,3526.0,3426.0,3431.0,840604,348064,3477.0,燃料油,能源化工,SHFE,FU0
2024-04-23,3441.0,3495.0,3429.0,3474.0,644857,337392,3465.0,燃料油,能源化工,SHFE,FU0
2024-04-24,3430.0,3519.0,3425.0,3502.0,583199,329623,3478.0,燃料油,能源化工,SHFE,FU0
2024-04-25,3486.0,3531.0,3481.0,3525.0,546366,336306,3504.0,燃料油,能源化工,SHFE,FU0
2024-04-26,3536.0,3581.0,3504.0,3564.0,685508,348128,3544.0,燃料油,能源化工,SHFE,FU0
2024-04-29,3584.0,3585.0,3500.0,3512.0,473218,328508,3537.0,燃料油,能源化工,SHFE,FU0
2024-04-30,3503.0,3536.0,3483.0,3491.0,438225,294915,3507.0,燃料油,能源化工,SHFE,FU0
2024-05-06,3388.0,3411.0,3355.0,3408.0,456745,298583,3381.0,燃料油,能源化工,SHFE,FU0
2024-05-07,3410.0,3432.0,3395.0,3414.0,413400,307727,3412.0,燃料油,能源化工,SHFE,FU0
2024-05-08,3395.0,3412.0,3385.0,3388.0,395800,303776,3398.0,燃料油,能源化工,SHFE,FU0
2024-05-09,3391.0,3428.0,3373.0,3408.0,387641,300234,3400.0,燃料油,能源化工,SHFE,FU0
2024-05-10,3416.0,3442.0,3387.0,3436.0,463860,297857,3417.0,燃料油,能源化工,SHFE,FU0
2024-05-13,3426.0,3427.0,3328.0,3363.0,532305,292316,3370.0,燃料油,能源化工,SHFE,FU0
2024-05-14,3381.0,3396.0,3369.0,3380.0,349889,294609,3381.0,燃料油,能源化工,SHFE,FU0
2024-05-15,3358.0,3366.0,3329.0,3354.0,437308,293510,3346.0,燃料油,能源化工,SHFE,FU0
2024-05-16,3324.0,3371.0,3287.0,3363.0,595212,287365,3330.0,燃料油,能源化工,SHFE,FU0
2024-05-17,3370.0,3400.0,3361.0,3398.0,396196,285588,3379.0,燃料油,能源化工,SHFE,FU0
2024-05-20,3410.0,3489.0,3396.0,3486.0,589909,307313,3442.0,燃料油,能源化工,SHFE,FU0
2024-05-21,3459.0,3500.0,3442.0,3458.0,582094,301344,3470.0,燃料油,能源化工,SHFE,FU0
2024-05-22,3459.0,3494.0,3436.0,3437.0,487646,303162,3466.0,燃料油,能源化工,SHFE,FU0
2024-05-23,3437.0,3459.0,3348.0,3368.0,614114,291418,3397.0,燃料油,能源化工,SHFE,FU0
2024-05-24,3405.0,3418.0,3355.0,3385.0,483459,281275,3391.0,燃料油,能源化工,SHFE,FU0
2024-05-27,3394.0,3445.0,3384.0,3439.0,504778,291327,3418.0,燃料油,能源化工,SHFE,FU0
2024-05-28,3465.0,3558.0,3454.0,3538.0,679552,334384,3510.0,燃料油,能源化工,SHFE,FU0
2024-05-29,3551.0,3581.0,3525.0,3577.0,607231,355230,3548.0,燃料油,能源化工,SHFE,FU0
2024-05-30,3573.0,3587.0,3529.0,3536.0,530086,362491,3557.0,燃料油,能源化工,SHFE,FU0
2024-05-31,3530.0,3565.0,3458.0,3481.0,616517,330137,3502.0,燃料油,能源化工,SHFE,FU0
2024-06-03,3505.0,3510.0,3403.0,3419.0,603347,306377,3456.0,燃料油,能源化工,SHFE,FU0
2024-06-04,3416.0,3424.0,3306.0,3316.0,656369,309039,3355.0,燃料油,能源化工,SHFE,FU0
2024-06-05,3301.0,3306.0,3268.0,3281.0,517998,318993,3289.0,燃料油,能源化工,SHFE,FU0
2024-06-06,3301.0,3302.0,3249.0,3280.0,567558,310090,3271.0,燃料油,能源化工,SHFE,FU0
2024-06-07,3260.0,3318.0,3255.0,3290.0,465264,297357,3290.0,燃料油,能源化工,SHFE,FU0
2024-06-11,3381.0,3429.0,3365.0,3383.0,453183,261324,3395.0,燃料油,能源化工,SHFE,FU0
2024-06-12,3392.0,3440.0,3387.0,3425.0,448417,267485,3416.0,燃料油,能源化工,SHFE,FU0
2024-06-13,3455.0,3463.0,3392.0,3415.0,472536,260053,3426.0,燃料油,能源化工,SHFE,FU0
2024-06-14,3419.0,3445.0,3395.0,3399.0,474462,254447,3420.0,燃料油,能源化工,SHFE,FU0
2024-06-17,3425.0,3450.0,3361.0,3362.0,531855,253584,3407.0,燃料油,能源化工,SHFE,FU0
2024-06-18,3390.0,3475.0,3382.0,3439.0,490865,268914,3433.0,燃料油,能源化工,SHFE,FU0
2024-06-19,3451.0,3532.0,3450.0,3510.0,588035,300215,3501.0,燃料油,能源化工,SHFE,FU0
2024-06-20,3539.0,3564.0,3519.0,3544.0,501723,319253,3542.0,燃料油,能源化工,SHFE,FU0
2024-06-21,3561.0,3564.0,3526.0,3532.0,412647,312886,3543.0,燃料油,能源化工,SHFE,FU0
2024-06-24,3534.0,3556.0,3494.0,3507.0,560263,304373,3521.0,燃料油,能源化工,SHFE,FU0
2024-06-25,3506.0,3558.0,3499.0,3525.0,503862,285109,3528.0,燃料油,能源化工,SHFE,FU0
2024-06-26,3523.0,3543.0,3490.0,3536.0,507515,278069,3519.0,燃料油,能源化工,SHFE,FU0
2024-06-27,3526.0,3549.0,3508.0,3534.0,554238,272472,3525.0,燃料油,能源化工,SHFE,FU0
2024-06-28,3570.0,3577.0,3540.0,3564.0,526396,264801,3559.0,燃料油,能源化工,SHFE,FU0
2024-07-01,3550.0,3570.0,3525.0,3567.0,422031,256371,3551.0,燃料油,能源化工,SHFE,FU0
2024-07-02,3567.0,3610.0,3536.0,3606.0,496257,258207,3576.0,燃料油,能源化工,SHFE,FU0
2024-07-03,3625.0,3640.0,3593.0,3615.0,394156,269714,3615.0,燃料油,能源化工,SHFE,FU0
2024-07-04,3617.0,3629.0,3594.0,3599.0,380469,263470,3608.0,燃料油,能源化工,SHFE,FU0
2024-07-05,3606.0,3656.0,3606.0,3623.0,541649,280475,3633.0,燃料油,能源化工,SHFE,FU0
2024-07-08,3633.0,3646.0,3565.0,3567.0,507441,259638,3602.0,燃料油,能源化工,SHFE,FU0
2024-07-09,3578.0,3586.0,3553.0,3564.0,415216,249903,3568.0,燃料油,能源化工,SHFE,FU0
2024-07-10,3556.0,3568.0,3485.0,3490.0,479984,232968,3528.0,燃料油,能源化工,SHFE,FU0
2024-07-11,3507.0,3575.0,3496.0,3560.0,453286,227823,3537.0,燃料油,能源化工,SHFE,FU0
2024-07-12,3555.0,3556.0,3496.0,3547.0,489913,225159,3527.0,燃料油,能源化工,SHFE,FU0
2024-07-15,3555.0,3560.0,3492.0,3512.0,477698,224222,3529.0,燃料油,能源化工,SHFE,FU0
2024-07-16,3515.0,3526.0,3486.0,3492.0,388501,224360,3502.0,燃料油,能源化工,SHFE,FU0
2024-07-17,3456.0,3528.0,3450.0,3495.0,557199,226328,3488.0,燃料油,能源化工,SHFE,FU0
2024-07-18,3521.0,3574.0,3505.0,3572.0,517341,234415,3534.0,燃料油,能源化工,SHFE,FU0
2024-07-19,3534.0,3549.0,3495.0,3500.0,506115,210019,3519.0,燃料油,能源化工,SHFE,FU0
2024-07-22,3513.0,3516.0,3425.0,3440.0,445265,201784,3467.0,燃料油,能源化工,SHFE,FU0
2024-07-23,3405.0,3422.0,3386.0,3413.0,361578,202812,3406.0,燃料油,能源化工,SHFE,FU0
2024-07-24,3378.0,3421.0,3369.0,3407.0,416439,203882,3390.0,燃料油,能源化工,SHFE,FU0
2024-07-25,3420.0,3425.0,3339.0,3351.0,430876,202165,3379.0,燃料油,能源化工,SHFE,FU0
2024-07-26,3312.0,3374.0,3286.0,3372.0,578908,188161,3327.0,燃料油,能源化工,SHFE,FU0
2024-07-29,3340.0,3392.0,3317.0,3375.0,466846,183429,3354.0,燃料油,能源化工,SHFE,FU0
2024-07-30,3362.0,3369.0,3292.0,3313.0,441780,175511,3328.0,燃料油,能源化工,SHFE,FU0
2024-07-31,3306.0,3344.0,3286.0,3329.0,408123,160415,3312.0,燃料油,能源化工,SHFE,FU0
2024-08-01,3360.0,3390.0,3334.0,3379.0,374138,150137,3359.0,燃料油,能源化工,SHFE,FU0
2024-08-02,3379.0,3382.0,3298.0,3315.0,338024,145832,3334.0,燃料油,能源化工,SHFE,FU0
2024-08-05,3230.0,3250.0,3123.0,3147.0,565495,162646,3185.0,燃料油,能源化工,SHFE,FU0
2024-08-06,3125.0,3179.0,3112.0,3144.0,368499,150015,3140.0,燃料油,能源化工,SHFE,FU0
2024-08-07,3100.0,3175.0,3100.0,3150.0,295274,145238,3140.0,燃料油,能源化工,SHFE,FU0
2024-08-08,3206.0,3245.0,3193.0,3217.0,358023,138439,3213.0,燃料油,能源化工,SHFE,FU0
2024-08-09,3244.0,3306.0,3234.0,3287.0,310129,133601,3268.0,燃料油,能源化工,SHFE,FU0
2024-08-12,3299.0,3362.0,3277.0,3360.0,246005,126423,3313.0,燃料油,能源化工,SHFE,FU0
2024-08-13,3165.0,3236.0,3150.0,3202.0,503244,239151,3195.0,燃料油,能源化工,SHFE,FU0
2024-08-14,3194.0,3199.0,3144.0,3146.0,500341,241644,3168.0,燃料油,能源化工,SHFE,FU0
2024-08-15,3147.0,3160.0,3080.0,3093.0,511287,246628,3114.0,燃料油,能源化工,SHFE,FU0
2024-08-16,3104.0,3174.0,3104.0,3137.0,499056,241852,3146.0,燃料油,能源化工,SHFE,FU0
2024-08-19,3090.0,3117.0,3055.0,3067.0,610049,243936,3083.0,燃料油,能源化工,SHFE,FU0
2024-08-20,3067.0,3097.0,2989.0,3015.0,620251,263727,3041.0,燃料油,能源化工,SHFE,FU0
2024-08-21,3029.0,3035.0,2976.0,3020.0,599955,264894,3007.0,燃料油,能源化工,SHFE,FU0
2024-08-22,3023.0,3032.0,2939.0,2952.0,655532,274274,2977.0,燃料油,能源化工,SHFE,FU0
2024-08-23,2977.0,3005.0,2968.0,2990.0,549766,246603,2981.0,燃料油,能源化工,SHFE,FU0
2024-08-26,3030.0,3085.0,3016.0,3078.0,599305,209704,3045.0,燃料油,能源化工,SHFE,FU0
2024-08-27,3118.0,3134.0,3089.0,3110.0,575142,183407,3113.0,燃料油,能源化工,SHFE,FU0
2024-08-28,3087.0,3095.0,3050.0,3059.0,584314,179002,3070.0,燃料油,能源化工,SHFE,FU0
2024-08-29,3045.0,3045.0,3004.0,3005.0,564677,195409,3024.0,燃料油,能源化工,SHFE,FU0
2024-08-30,3024.0,3050.0,3016.0,3027.0,587115,187363,3032.0,燃料油,能源化工,SHFE,FU0
2024-09-02,3002.0,3006.0,2883.0,2886.0,862267,232139,2924.0,燃料油,能源化工,SHFE,FU0
2024-09-03,2897.0,2918.0,2888.0,2908.0,404369,216019,2900.0,燃料油,能源化工,SHFE,FU0
2024-09-04,2838.0,2847.0,2751.0,2774.0,708813,216185,2792.0,燃料油,能源化工,SHFE,FU0
2024-09-05,2773.0,2785.0,2719.0,2744.0,678807,217659,2747.0,燃料油,能源化工,SHFE,FU0
2024-09-06,2762.0,2797.0,2734.0,2765.0,621997,208350,2759.0,燃料油,能源化工,SHFE,FU0
2024-09-09,2762.0,2773.0,2676.0,2741.0,767115,205573,2731.0,燃料油,能源化工,SHFE,FU0
2024-09-10,2730.0,2767.0,2688.0,2717.0,710747,199423,2721.0,燃料油,能源化工,SHFE,FU0
2024-09-11,2723.0,2749.0,2641.0,2729.0,969985,208886,2696.0,燃料油,能源化工,SHFE,FU0
2024-09-12,2740.0,2782.0,2700.0,2781.0,765278,194509,2745.0,燃料油,能源化工,SHFE,FU0
2024-09-13,2783.0,2814.0,2761.0,2804.0,582589,187377,2786.0,燃料油,能源化工,SHFE,FU0
2024-09-18,2850.0,2850.0,2799.0,2818.0,351857,185111,2820.0,燃料油,能源化工,SHFE,FU0
2024-09-19,2826.0,2868.0,2805.0,2864.0,614343,184993,2837.0,燃料油,能源化工,SHFE,FU0
2024-09-20,2886.0,2946.0,2874.0,2921.0,633716,177839,2907.0,燃料油,能源化工,SHFE,FU0
2024-09-23,2901.0,2943.0,2901.0,2919.0,501159,171556,2923.0,燃料油,能源化工,SHFE,FU0
2024-09-24,2906.0,2935.0,2882.0,2902.0,538809,162546,2908.0,燃料油,能源化工,SHFE,FU0
2024-09-25,2912.0,2929.0,2850.0,2875.0,673512,172616,0.0,燃料油,能源化工,SHFE,FU0
2024-09-26,2850.0,2870.0,2725.0,2748.0,927746,172998,2803.0,燃料油,能源化工,SHFE,FU0
2024-09-27,2743.0,2758.0,2693.0,2749.0,681095,150931,2726.0,燃料油,能源化工,SHFE,FU0
2024-09-30,2747.0,2848.0,2720.0,2831.0,612871,117129,2773.0,燃料油,能源化工,SHFE,FU0
2024-10-08,3050.0,3050.0,3050.0,3050.0,30899,94212,3050.0,燃料油,能源化工,SHFE,FU0
2024-10-09,3145.0,3169.0,3078.0,3129.0,708482,72147,3121.0,燃料油,能源化工,SHFE,FU0
2024-10-10,3115.0,3193.0,3073.0,3154.0,576841,68103,3132.0,燃料油,能源化工,SHFE,FU0
2024-10-11,3195.0,3294.0,3177.0,3257.0,616344,66082,3243.0,燃料油,能源化工,SHFE,FU0
2024-10-14,3253.0,3300.0,3235.0,3245.0,346431,55304,3261.0,燃料油,能源化工,SHFE,FU0
2024-10-15,3050.0,3090.0,2959.0,2982.0,687190,207131,3016.0,燃料油,能源化工,SHFE,FU0
2024-10-16,2965.0,2992.0,2947.0,2975.0,580973,219958,2971.0,燃料油,能源化工,SHFE,FU0
2024-10-17,2980.0,3011.0,2935.0,2945.0,657331,223588,2983.0,燃料油,能源化工,SHFE,FU0
2024-10-18,2968.0,3036.0,2962.0,3035.0,693532,240271,3003.0,燃料油,能源化工,SHFE,FU0
2024-10-21,3000.0,3007.0,2925.0,2978.0,750798,222372,2965.0,燃料油,能源化工,SHFE,FU0
2024-10-22,3010.0,3032.0,2985.0,3015.0,567474,230958,3010.0,燃料油,能源化工,SHFE,FU0
2024-10-23,3055.0,3161.0,3052.0,3140.0,886230,263583,3113.0,燃料油,能源化工,SHFE,FU0
2024-10-24,3107.0,3128.0,3093.0,3109.0,601264,245737,3111.0,燃料油,能源化工,SHFE,FU0
2024-10-25,3109.0,3132.0,3065.0,3094.0,612397,236613,3102.0,燃料油,能源化工,SHFE,FU0
2024-10-28,3120.0,3121.0,2970.0,3012.0,694361,213898,3028.0,燃料油,能源化工,SHFE,FU0
2024-10-29,2971.0,3006.0,2957.0,2967.0,532612,222653,2979.0,燃料油,能源化工,SHFE,FU0
2024-10-30,3000.0,3006.0,2964.0,2987.0,464721,211039,2984.0,燃料油,能源化工,SHFE,FU0
2024-10-31,3010.0,3013.0,2966.0,2995.0,499322,193140,2984.0,燃料油,能源化工,SHFE,FU0
2024-11-01,3000.0,3049.0,2980.0,3041.0,517961,183957,3017.0,燃料油,能源化工,SHFE,FU0
2024-11-04,3040.0,3046.0,2984.0,3016.0,464229,176195,3011.0,燃料油,能源化工,SHFE,FU0
2024-11-05,3025.0,3045.0,2999.0,3037.0,473401,177697,3021.0,燃料油,能源化工,SHFE,FU0
2024-11-06,3072.0,3109.0,3012.0,3040.0,683157,179874,3073.0,燃料油,能源化工,SHFE,FU0
2024-11-07,3032.0,3138.0,3018.0,3109.0,622617,196656,3083.0,燃料油,能源化工,SHFE,FU0
2024-11-08,3065.0,3125.0,3063.0,3104.0,532795,185598,3091.0,燃料油,能源化工,SHFE,FU0
2024-11-11,3102.0,3141.0,3073.0,3124.0,631510,193860,3110.0,燃料油,能源化工,SHFE,FU0
2024-11-12,3075.0,3087.0,3045.0,3079.0,517312,172852,3064.0,燃料油,能源化工,SHFE,FU0
2024-11-13,3099.0,3127.0,3088.0,3093.0,511989,191298,3106.0,燃料油,能源化工,SHFE,FU0
2024-11-14,3098.0,3123.0,3066.0,3089.0,552823,191954,3096.0,燃料油,能源化工,SHFE,FU0
2024-11-15,3121.0,3169.0,3026.0,3037.0,790508,183958,3101.0,燃料油,能源化工,SHFE,FU0
2024-11-18,3059.0,3076.0,2995.0,3020.0,469225,173805,3030.0,燃料油,能源化工,SHFE,FU0
2024-11-19,3027.0,3105.0,3006.0,3088.0,481813,164749,3053.0,燃料油,能源化工,SHFE,FU0
2024-11-20,3076.0,3096.0,3067.0,3076.0,364699,152685,3080.0,燃料油,能源化工,SHFE,FU0
2024-11-21,3105.0,3115.0,3070.0,3085.0,320237,145981,3094.0,燃料油,能源化工,SHFE,FU0
2024-11-22,3124.0,3165.0,3120.0,3138.0,420143,160990,3142.0,燃料油,能源化工,SHFE,FU0
2024-11-25,3128.0,3163.0,3107.0,3135.0,371803,147624,3132.0,燃料油,能源化工,SHFE,FU0
2024-11-26,3150.0,3153.0,3080.0,3119.0,412384,148444,3120.0,燃料油,能源化工,SHFE,FU0
2024-11-27,3130.0,3200.0,3125.0,3144.0,442033,152138,3147.0,燃料油,能源化工,SHFE,FU0
2024-11-28,3165.0,3188.0,3154.0,3175.0,383010,163409,3171.0,燃料油,能源化工,SHFE,FU0
2024-11-29,3190.0,3195.0,3163.0,3180.0,261048,149870,3177.0,燃料油,能源化工,SHFE,FU0
2024-12-02,3178.0,3215.0,3171.0,3205.0,316132,144197,3193.0,燃料油,能源化工,SHFE,FU0
2024-12-03,3193.0,3193.0,3113.0,3125.0,463019,302860,3146.0,燃料油,能源化工,SHFE,FU0
2024-12-04,3150.0,3169.0,3117.0,3153.0,451303,312057,3145.0,燃料油,能源化工,SHFE,FU0
2024-12-05,3153.0,3159.0,3012.0,3018.0,638794,292265,3074.0,燃料油,能源化工,SHFE,FU0
2024-12-06,3026.0,3070.0,3022.0,3053.0,530789,284692,3049.0,燃料油,能源化工,SHFE,FU0
2024-12-09,3038.0,3039.0,2992.0,3031.0,512309,287164,3016.0,燃料油,能源化工,SHFE,FU0
2024-12-10,3042.0,3055.0,3023.0,3039.0,438792,286880,3040.0,燃料油,能源化工,SHFE,FU0
2024-12-11,3046.0,3083.0,3045.0,3069.0,437931,293346,3065.0,燃料油,能源化工,SHFE,FU0
2024-12-12,3090.0,3250.0,3085.0,3195.0,1261616,365854,3173.0,燃料油,能源化工,SHFE,FU0
2024-12-13,3196.0,3209.0,3176.0,3186.0,646310,358379,3187.0,燃料油,能源化工,SHFE,FU0
2024-12-16,3209.0,3229.0,3193.0,3215.0,650125,355157,3209.0,燃料油,能源化工,SHFE,FU0
2024-12-17,3201.0,3237.0,3201.0,3227.0,513348,370654,3220.0,燃料油,能源化工,SHFE,FU0
2024-12-18,3197.0,3242.0,3191.0,3207.0,617281,375110,3217.0,燃料油,能源化工,SHFE,FU0
2024-12-19,3236.0,3256.0,3210.0,3239.0,621417,382897,3234.0,燃料油,能源化工,SHFE,FU0
2024-12-20,3245.0,3292.0,3223.0,3234.0,817446,374114,3250.0,燃料油,能源化工,SHFE,FU0
2024-12-23,3242.0,3244.0,3187.0,3238.0,647550,354750,3218.0,燃料油,能源化工,SHFE,FU0
2024-12-24,3220.0,3248.0,3217.0,3236.0,474775,351235,3234.0,燃料油,能源化工,SHFE,FU0
2024-12-25,3238.0,3282.0,3223.0,3247.0,502977,350635,3247.0,燃料油,能源化工,SHFE,FU0
2024-12-26,3253.0,3269.0,3228.0,3259.0,452496,313816,3248.0,燃料油,能源化工,SHFE,FU0
2024-12-27,3272.0,3315.0,3235.0,3242.0,840040,284706,3277.0,燃料油,能源化工,SHFE,FU0
2024-12-30,3275.0,3298.0,3257.0,3273.0,618240,259737,3275.0,燃料油,能源化工,SHFE,FU0
2024-12-31,3280.0,3341.0,3273.0,3326.0,684805,260270,3302.0,燃料油,能源化工,SHFE,FU0
2025-01-02,3342.0,3352.0,3302.0,3306.0,374022,247944,3327.0,燃料油,能源化工,SHFE,FU0
2025-01-03,3340.0,3355.0,3329.0,3329.0,528717,246968,3342.0,燃料油,能源化工,SHFE,FU0
2025-01-06,3346.0,3390.0,3337.0,3346.0,574998,245800,3363.0,燃料油,能源化工,SHFE,FU0
2025-01-07,3366.0,3368.0,3301.0,3324.0,563264,230657,3328.0,燃料油,能源化工,SHFE,FU0
2025-01-08,3335.0,3363.0,3304.0,3353.0,641959,240648,3329.0,燃料油,能源化工,SHFE,FU0
2025-01-09,3361.0,3378.0,3303.0,3339.0,660147,236481,3341.0,燃料油,能源化工,SHFE,FU0
2025-01-10,3368.0,3417.0,3363.0,3416.0,620527,270555,3388.0,燃料油,能源化工,SHFE,FU0
2025-01-13,3500.0,3625.0,3500.0,3625.0,860027,273972,3564.0,燃料油,能源化工,SHFE,FU0
2025-01-14,3633.0,3635.0,3567.0,3577.0,742608,227477,3588.0,燃料油,能源化工,SHFE,FU0
2025-01-15,3575.0,3576.0,3514.0,3534.0,624018,208045,3543.0,燃料油,能源化工,SHFE,FU0
2025-01-16,3538.0,3669.0,3536.0,3641.0,723539,204479,3607.0,燃料油,能源化工,SHFE,FU0
2025-01-17,3607.0,3696.0,3579.0,3673.0,754110,213145,3631.0,燃料油,能源化工,SHFE,FU0
2025-01-20,3667.0,3705.0,3626.0,3641.0,654420,206382,3660.0,燃料油,能源化工,SHFE,FU0
2025-01-21,3665.0,3709.0,3634.0,3655.0,724912,207864,3666.0,燃料油,能源化工,SHFE,FU0
2025-01-22,3614.0,3666.0,3604.0,3625.0,578392,193726,3637.0,燃料油,能源化工,SHFE,FU0
2025-01-23,3628.0,3645.0,3576.0,3600.0,554033,168151,3608.0,燃料油,能源化工,SHFE,FU0
2025-01-24,3635.0,3661.0,3549.0,3613.0,602528,137878,3601.0,燃料油,能源化工,SHFE,FU0
2025-01-27,3472.0,3476.0,3340.0,3400.0,226557,164213,3399.0,燃料油,能源化工,SHFE,FU0
2025-02-05,3428.0,3523.0,3400.0,3506.0,184674,182921,3488.0,燃料油,能源化工,SHFE,FU0
2025-02-06,3465.0,3479.0,3412.0,3436.0,219297,177586,3435.0,燃料油,能源化工,SHFE,FU0
2025-02-07,3447.0,3499.0,3415.0,3491.0,270583,195008,3453.0,燃料油,能源化工,SHFE,FU0
2025-02-10,3492.0,3537.0,3466.0,3513.0,294676,204475,3504.0,燃料油,能源化工,SHFE,FU0
2025-02-11,3524.0,3564.0,3519.0,3557.0,251757,221351,3545.0,燃料油,能源化工,SHFE,FU0
2025-02-12,3575.0,3606.0,3557.0,3566.0,407589,236407,3584.0,燃料油,能源化工,SHFE,FU0
2025-02-13,3543.0,3561.0,3428.0,3432.0,643318,240503,3493.0,燃料油,能源化工,SHFE,FU0
2025-02-14,3414.0,3447.0,3390.0,3425.0,528621,238804,3418.0,燃料油,能源化工,SHFE,FU0
2025-02-17,3436.0,3456.0,3364.0,3411.0,558115,241860,3412.0,燃料油,能源化工,SHFE,FU0
2025-02-18,3408.0,3449.0,3386.0,3446.0,430931,234927,3422.0,燃料油,能源化工,SHFE,FU0
2025-02-19,3428.0,3453.0,3391.0,3449.0,537934,230090,3423.0,燃料油,能源化工,SHFE,FU0
2025-02-20,3470.0,3494.0,3455.0,3459.0,465274,229818,3472.0,燃料油,能源化工,SHFE,FU0
2025-02-21,3486.0,3491.0,3417.0,3422.0,523229,222486,3454.0,燃料油,能源化工,SHFE,FU0
2025-02-24,3410.0,3446.0,3324.0,3349.0,706892,229321,3378.0,燃料油,能源化工,SHFE,FU0
2025-02-25,3340.0,3354.0,3295.0,3343.0,653181,230782,3325.0,燃料油,能源化工,SHFE,FU0
2025-02-26,3298.0,3310.0,3227.0,3246.0,630968,218587,3267.0,燃料油,能源化工,SHFE,FU0
2025-02-27,3239.0,3258.0,3229.0,3251.0,513701,202226,3242.0,燃料油,能源化工,SHFE,FU0
2025-02-28,3275.0,3308.0,3264.0,3281.0,535059,187611,3288.0,燃料油,能源化工,SHFE,FU0
2025-03-03,3269.0,3315.0,3254.0,3264.0,538190,187172,3281.0,燃料油,能源化工,SHFE,FU0
2025-03-04,3264.0,3264.0,3102.0,3121.0,867568,216125,3173.0,燃料油,能源化工,SHFE,FU0
2025-03-05,3075.0,3102.0,3064.0,3088.0,691852,223599,3083.0,燃料油,能源化工,SHFE,FU0
2025-03-06,3060.0,3084.0,3039.0,3074.0,721315,223895,3063.0,燃料油,能源化工,SHFE,FU0
2025-03-07,3075.0,3111.0,3048.0,3110.0,624930,213841,3075.0,燃料油,能源化工,SHFE,FU0
2025-03-10,3149.0,3153.0,3092.0,3115.0,632524,199387,3118.0,燃料油,能源化工,SHFE,FU0
2025-03-11,3137.0,3139.0,3053.0,3101.0,627293,209122,3098.0,燃料油,能源化工,SHFE,FU0
2025-03-12,3119.0,3127.0,3065.0,3066.0,630726,205034,3095.0,燃料油,能源化工,SHFE,FU0
2025-03-13,3096.0,3126.0,3086.0,3105.0,555471,199583,3104.0,燃料油,能源化工,SHFE,FU0
2025-03-14,3100.0,3127.0,3090.0,3124.0,492439,195387,3105.0,燃料油,能源化工,SHFE,FU0
2025-03-17,3126.0,3178.0,3068.0,3107.0,773944,188827,3116.0,燃料油,能源化工,SHFE,FU0
2025-03-18,3125.0,3156.0,3117.0,3144.0,527541,185118,3140.0,燃料油,能源化工,SHFE,FU0
2025-03-19,3157.0,3159.0,3062.0,3068.0,608038,185660,3103.0,燃料油,能源化工,SHFE,FU0
2025-03-20,3090.0,3135.0,3080.0,3127.0,485536,173202,3106.0,燃料油,能源化工,SHFE,FU0
2025-03-21,3113.0,3189.0,3103.0,3156.0,559192,169496,3146.0,燃料油,能源化工,SHFE,FU0
2025-03-24,3144.0,3185.0,3142.0,3176.0,507977,167730,3163.0,燃料油,能源化工,SHFE,FU0
2025-03-25,3172.0,3209.0,3163.0,3194.0,480331,163220,3190.0,燃料油,能源化工,SHFE,FU0
2025-03-26,3220.0,3238.0,3211.0,3227.0,397339,160447,3226.0,燃料油,能源化工,SHFE,FU0
2025-03-27,3169.0,3182.0,3156.0,3157.0,159356,175869,3170.0,燃料油,能源化工,SHFE,FU0
2025-03-28,3164.0,3170.0,3140.0,3167.0,192223,187741,3158.0,燃料油,能源化工,SHFE,FU0
2025-03-31,3171.0,3175.0,3122.0,3146.0,203712,189928,3143.0,燃料油,能源化工,SHFE,FU0
2025-04-01,3159.0,3250.0,3155.0,3248.0,268810,212963,3209.0,燃料油,能源化工,SHFE,FU0
2025-04-02,3241.0,3259.0,3226.0,3236.0,219239,214162,3243.0,燃料油,能源化工,SHFE,FU0
2025-04-03,3238.0,3262.0,3200.0,3228.0,284301,214266,3233.0,燃料油,能源化工,SHFE,FU0
2025-04-07,3006.0,3006.0,3006.0,3006.0,8450,209041,3006.0,燃料油,能源化工,SHFE,FU0
2025-04-08,2922.0,2956.0,2868.0,2897.0,632140,193242,2908.0,燃料油,能源化工,SHFE,FU0
2025-04-09,2894.0,2917.0,2718.0,2788.0,842548,220879,2815.0,燃料油,能源化工,SHFE,FU0
2025-04-10,2707.0,2937.0,2705.0,2901.0,1085524,222134,2824.0,燃料油,能源化工,SHFE,FU0
2025-04-11,2843.0,2894.0,2806.0,2894.0,875427,229803,2841.0,燃料油,能源化工,SHFE,FU0
2025-04-14,2877.0,2923.0,2845.0,2908.0,777416,221578,2880.0,燃料油,能源化工,SHFE,FU0
2025-04-15,2950.0,2958.0,2933.0,2947.0,733915,237619,2944.0,燃料油,能源化工,SHFE,FU0
2025-04-16,2918.0,2961.0,2884.0,2891.0,891305,238961,2925.0,燃料油,能源化工,SHFE,FU0
2025-04-17,2940.0,2985.0,2922.0,2961.0,837729,241638,2953.0,燃料油,能源化工,SHFE,FU0
2025-04-18,2978.0,3007.0,2966.0,2983.0,572583,236816,2981.0,燃料油,能源化工,SHFE,FU0
2025-04-21,2980.0,3009.0,2957.0,2985.0,646425,230945,2978.0,燃料油,能源化工,SHFE,FU0
2025-04-22,2967.0,2991.0,2922.0,2987.0,877625,227912,2959.0,燃料油,能源化工,SHFE,FU0
2025-04-23,3002.0,3078.0,2996.0,3068.0,946566,250634,3032.0,燃料油,能源化工,SHFE,FU0
2025-04-24,3023.0,3028.0,2970.0,2998.0,1070480,233219,2997.0,燃料油,能源化工,SHFE,FU0
2025-04-25,3005.0,3032.0,2983.0,3028.0,926313,217368,3012.0,燃料油,能源化工,SHFE,FU0
2025-04-28,2990.0,3041.0,2967.0,3026.0,1053793,179140,3007.0,燃料油,能源化工,SHFE,FU0
2025-04-29,3015.0,3018.0,2945.0,2969.0,940194,170626,2981.0,燃料油,能源化工,SHFE,FU0
2025-04-30,2945.0,2962.0,2910.0,2913.0,941493,145060,2937.0,燃料油,能源化工,SHFE,FU0
2025-05-06,2824.0,2851.0,2814.0,2837.0,599294,148802,2830.0,燃料油,能源化工,SHFE,FU0
2025-05-07,2845.0,2888.0,2843.0,2888.0,642940,149723,2865.0,燃料油,能源化工,SHFE,FU0
2025-05-08,2870.0,2887.0,2846.0,2875.0,653983,145734,2871.0,燃料油,能源化工,SHFE,FU0
2025-05-09,2893.0,2957.0,2882.0,2949.0,561197,148645,2923.0,燃料油,能源化工,SHFE,FU0
2025-05-12,2972.0,3002.0,2933.0,2996.0,570917,142937,2961.0,燃料油,能源化工,SHFE,FU0
2025-05-13,3046.0,3060.0,2983.0,3006.0,636734,146140,3023.0,燃料油,能源化工,SHFE,FU0
2025-05-14,3031.0,3072.0,3026.0,3057.0,533265,147301,3048.0,燃料油,能源化工,SHFE,FU0
2025-05-15,3050.0,3064.0,2985.0,2985.0,568483,156460,3026.0,燃料油,能源化工,SHFE,FU0
2025-05-16,2990.0,3025.0,2982.0,2989.0,622637,155759,3001.0,燃料油,能源化工,SHFE,FU0
2025-05-19,3006.0,3035.0,2994.0,3012.0,516316,152723,3016.0,燃料油,能源化工,SHFE,FU0
2025-05-20,3022.0,3054.0,3016.0,3042.0,406383,156073,3035.0,燃料油,能源化工,SHFE,FU0
2025-05-21,3035.0,3115.0,3017.0,3074.0,653870,157651,3068.0,燃料油,能源化工,SHFE,FU0
2025-05-22,3075.0,3078.0,2998.0,3000.0,593211,146599,3038.0,燃料油,能源化工,SHFE,FU0
2025-05-23,2998.0,3016.0,2990.0,2995.0,419885,138716,3004.0,燃料油,能源化工,SHFE,FU0
2025-05-26,2979.0,3048.0,2951.0,3037.0,707880,138315,2998.0,燃料油,能源化工,SHFE,FU0
2025-05-27,3020.0,3027.0,2941.0,2972.0,541397,123841,2982.0,燃料油,能源化工,SHFE,FU0
2025-05-28,2962.0,3017.0,2948.0,2986.0,622262,107877,2980.0,燃料油,能源化工,SHFE,FU0
2025-05-29,2865.0,2912.0,2851.0,2897.0,213401,119924,2884.0,燃料油,能源化工,SHFE,FU0
2025-05-30,2851.0,2855.0,2762.0,2770.0,293066,134553,2793.0,燃料油,能源化工,SHFE,FU0
2025-06-03,2843.0,2853.0,2819.0,2828.0,190830,134592,2835.0,燃料油,能源化工,SHFE,FU0
2025-06-04,2860.0,2865.0,2831.0,2841.0,210938,136429,2847.0,燃料油,能源化工,SHFE,FU0
2025-06-05,2840.0,2868.0,2831.0,2853.0,213559,148333,2852.0,燃料油,能源化工,SHFE,FU0
2025-06-06,2872.0,2887.0,2845.0,2858.0,198973,161899,2866.0,燃料油,能源化工,SHFE,FU0
2025-06-09,2875.0,2896.0,2862.0,2874.0,245148,171900,2881.0,燃料油,能源化工,SHFE,FU0
2025-06-10,2900.0,2944.0,2881.0,2924.0,315434,186974,2914.0,燃料油,能源化工,SHFE,FU0
2025-06-11,2932.0,2942.0,2898.0,2912.0,346566,192535,2917.0,燃料油,能源化工,SHFE,FU0
2025-06-12,2952.0,3020.0,2937.0,2997.0,539178,214080,2982.0,燃料油,能源化工,SHFE,FU0
2025-06-13,2979.0,3250.0,2978.0,3205.0,1186163,243525,3169.0,燃料油,能源化工,SHFE,FU0
2025-06-16,3252.0,3278.0,3209.0,3276.0,1046473,242235,3246.0,燃料油,能源化工,SHFE,FU0
2025-06-17,3238.0,3298.0,3183.0,3247.0,1396018,246338,3243.0,燃料油,能源化工,SHFE,FU0
2025-06-18,3287.0,3366.0,3267.0,3333.0,1078478,252327,3318.0,燃料油,能源化工,SHFE,FU0
2025-06-19,3346.0,3377.0,3292.0,3369.0,1224564,250040,3337.0,燃料油,能源化工,SHFE,FU0
2025-06-20,3375.0,3427.0,3344.0,3363.0,1198880,255034,3379.0,燃料油,能源化工,SHFE,FU0
2025-06-23,3340.0,3437.0,3316.0,3385.0,1215740,246742,3369.0,燃料油,能源化工,SHFE,FU0
2025-06-24,3338.0,3375.0,3065.0,3065.0,1441650,232947,3206.0,燃料油,能源化工,SHFE,FU0
2025-06-25,3062.0,3071.0,2996.0,3015.0,1086163,241252,3020.0,燃料油,能源化工,SHFE,FU0
2025-06-26,3000.0,3023.0,2988.0,3019.0,784247,228623,3004.0,燃料油,能源化工,SHFE,FU0
2025-06-27,3003.0,3018.0,2990.0,3002.0,583267,225160,3005.0,燃料油,能源化工,SHFE,FU0
2025-06-30,2997.0,3009.0,2962.0,2990.0,490829,218485,2990.0,燃料油,能源化工,SHFE,FU0
2025-07-01,2993.0,2996.0,2952.0,2979.0,460111,220510,2973.0,燃料油,能源化工,SHFE,FU0
2025-07-02,2979.0,2985.0,2942.0,2960.0,525276,230420,2956.0,燃料油,能源化工,SHFE,FU0
2025-07-03,2973.0,3001.0,2967.0,2987.0,534341,213238,2982.0,燃料油,能源化工,SHFE,FU0
2025-07-04,3000.0,3000.0,2955.0,2966.0,433196,218723,2977.0,燃料油,能源化工,SHFE,FU0
2025-07-07,2958.0,2963.0,2910.0,2947.0,416985,222074,2940.0,燃料油,能源化工,SHFE,FU0
2025-07-08,2965.0,2982.0,2957.0,2972.0,422891,206331,2967.0,燃料油,能源化工,SHFE,FU0
2025-07-09,2983.0,2992.0,2974.0,2982.0,361449,203701,2982.0,燃料油,能源化工,SHFE,FU0
2025-07-10,2980.0,2980.0,2950.0,2972.0,487222,201272,2962.0,燃料油,能源化工,SHFE,FU0
2025-07-11,2948.0,2953.0,2883.0,2911.0,741556,223692,2908.0,燃料油,能源化工,SHFE,FU0
2025-07-14,2908.0,2939.0,2900.0,2922.0,417150,221062,2919.0,燃料油,能源化工,SHFE,FU0
2025-07-15,2929.0,2930.0,2828.0,2840.0,623623,253569,2867.0,燃料油,能源化工,SHFE,FU0
2025-07-16,2852.0,2883.0,2847.0,2880.0,468042,229800,2871.0,燃料油,能源化工,SHFE,FU0
2025-07-17,2860.0,2882.0,2843.0,2863.0,375510,225217,2861.0,燃料油,能源化工,SHFE,FU0
2025-07-18,2866.0,2914.0,2842.0,2912.0,652463,200032,2880.0,燃料油,能源化工,SHFE,FU0
2025-07-21,2920.0,2939.0,2898.0,2924.0,446506,185160,2921.0,燃料油,能源化工,SHFE,FU0
2025-07-22,2920.0,2925.0,2878.0,2924.0,458152,193477,2899.0,燃料油,能源化工,SHFE,FU0
2025-07-23,2913.0,2913.0,2861.0,2879.0,633430,203417,2879.0,燃料油,能源化工,SHFE,FU0
2025-07-24,2863.0,2887.0,2846.0,2879.0,527147,208945,2862.0,燃料油,能源化工,SHFE,FU0
2025-07-25,2880.0,2925.0,2867.0,2915.0,536823,194080,2895.0,燃料油,能源化工,SHFE,FU0
2025-07-28,2905.0,2909.0,2829.0,2869.0,628106,200979,2860.0,燃料油,能源化工,SHFE,FU0
2025-07-29,2895.0,2934.0,2887.0,2917.0,591508,192439,2913.0,燃料油,能源化工,SHFE,FU0
2025-07-30,2931.0,2983.0,2917.0,2956.0,483428,167652,2944.0,燃料油,能源化工,SHFE,FU0
2025-07-31,2965.0,2971.0,2928.0,2933.0,403993,148798,2953.0,燃料油,能源化工,SHFE,FU0
2025-08-01,2922.0,2937.0,2890.0,2916.0,400578,134911,2914.0,燃料油,能源化工,SHFE,FU0
2025-08-04,2917.0,2935.0,2817.0,2846.0,516935,141877,2869.0,燃料油,能源化工,SHFE,FU0
2025-08-05,2790.0,2843.0,2782.0,2842.0,333121,137503,2818.0,燃料油,能源化工,SHFE,FU0
2025-08-06,2820.0,2838.0,2805.0,2835.0,261759,135300,2819.0,燃料油,能源化工,SHFE,FU0
2025-08-07,2851.0,2856.0,2800.0,2826.0,326249,134066,2833.0,燃料油,能源化工,SHFE,FU0
2025-08-08,2839.0,2839.0,2754.0,2766.0,325257,149091,2799.0,燃料油,能源化工,SHFE,FU0
2025-08-11,2787.0,2807.0,2752.0,2760.0,420433,150765,2774.0,燃料油,能源化工,SHFE,FU0
2025-08-12,2783.0,2788.0,2761.0,2770.0,227912,148959,2769.0,燃料油,能源化工,SHFE,FU0
2025-08-13,2745.0,2749.0,2714.0,2730.0,299227,144810,2728.0,燃料油,能源化工,SHFE,FU0
2025-08-14,2733.0,2735.0,2684.0,2700.0,267162,133285,2708.0,燃料油,能源化工,SHFE,FU0
2025-08-15,2708.0,2725.0,2685.0,2691.0,232284,128629,2705.0,燃料油,能源化工,SHFE,FU0
2025-08-18,2740.0,2746.0,2718.0,2739.0,148211,143253,2731.0,燃料油,能源化工,SHFE,FU0
2025-08-19,2742.0,2742.0,2710.0,2713.0,113486,152450,2719.0,燃料油,能源化工,SHFE,FU0
2025-08-20,2704.0,2721.0,2691.0,2719.0,143257,163684,2705.0,燃料油,能源化工,SHFE,FU0
2025-08-21,2719.0,2736.0,2703.0,2736.0,167441,163414,2718.0,燃料油,能源化工,SHFE,FU0
2025-08-22,2736.0,2776.0,2717.0,2769.0,273932,156184,2750.0,燃料油,能源化工,SHFE,FU0
2025-08-25,2762.0,2846.0,2762.0,2831.0,393037,156145,2812.0,燃料油,能源化工,SHFE,FU0
2025-08-26,2835.0,2857.0,2832.0,2842.0,227702,154570,2845.0,燃料油,能源化工,SHFE,FU0
2025-08-27,2827.0,2827.0,2782.0,2790.0,238661,156764,2798.0,燃料油,能源化工,SHFE,FU0
2025-08-28,2802.0,2809.0,2775.0,2793.0,164351,156332,2791.0,燃料油,能源化工,SHFE,FU0
2025-08-29,2804.0,2818.0,2776.0,2812.0,193221,164913,2797.0,燃料油,能源化工,SHFE,FU0
2025-09-01,2820.0,2826.0,2784.0,2824.0,243506,181648,2804.0,燃料油,能源化工,SHFE,FU0
2025-09-02,2842.0,2858.0,2828.0,2847.0,296288,193266,2841.0,燃料油,能源化工,SHFE,FU0
2025-09-03,2833.0,2845.0,2806.0,2840.0,366494,197165,2828.0,燃料油,能源化工,SHFE,FU0
2025-09-04,2811.0,2812.0,2754.0,2760.0,535358,199782,2776.0,燃料油,能源化工,SHFE,FU0
2025-09-05,2757.0,2773.0,2735.0,2759.0,360793,199480,2753.0,燃料油,能源化工,SHFE,FU0
2025-09-08,2735.0,2772.0,2712.0,2767.0,479192,201609,2735.0,燃料油,能源化工,SHFE,FU0
2025-09-09,2772.0,2774.0,2737.0,2766.0,367792,200611,2756.0,燃料油,能源化工,SHFE,FU0
2025-09-10,2767.0,2807.0,2766.0,2786.0,465168,196478,2789.0,燃料油,能源化工,SHFE,FU0
2025-09-11,2781.0,2810.0,2774.0,2802.0,375743,202394,2793.0,燃料油,能源化工,SHFE,FU0
2025-09-12,2765.0,2770.0,2712.0,2717.0,551495,230467,2733.0,燃料油,能源化工,SHFE,FU0
2025-09-15,2779.0,2810.0,2766.0,2799.0,681909,222030,2787.0,燃料油,能源化工,SHFE,FU0
2025-09-16,2796.0,2811.0,2787.0,2795.0,419674,213606,2799.0,燃料油,能源化工,SHFE,FU0
2025-09-17,2824.0,2848.0,2819.0,2831.0,465769,222431,2833.0,燃料油,能源化工,SHFE,FU0
2025-09-18,2816.0,2829.0,2784.0,2798.0,406818,215186,2807.0,燃料油,能源化工,SHFE,FU0
2025-09-19,2815.0,2844.0,2788.0,2796.0,576938,221850,2818.0,燃料油,能源化工,SHFE,FU0
2025-09-22,2793.0,2795.0,2765.0,2784.0,458507,206112,2778.0,燃料油,能源化工,SHFE,FU0
2025-09-23,2745.0,2776.0,2743.0,2759.0,460690,206735,2758.0,燃料油,能源化工,SHFE,FU0
2025-09-24,2797.0,2878.0,2790.0,2860.0,903517,259117,2850.0,燃料油,能源化工,SHFE,FU0
2025-09-25,2890.0,2894.0,2874.0,2887.0,455664,259245,2883.0,燃料油,能源化工,SHFE,FU0
2025-09-26,2896.0,2939.0,2887.0,2918.0,594853,282334,2914.0,燃料油,能源化工,SHFE,FU0
2025-09-29,2926.0,2974.0,2907.0,2919.0,702010,266251,2937.0,燃料油,能源化工,SHFE,FU0
2025-09-30,2894.0,2894.0,2851.0,2867.0,488972,235249,2870.0,燃料油,能源化工,SHFE,FU0
2025-10-09,2830.0,2835.0,2799.0,2834.0,317659,221280,2813.0,燃料油,能源化工,SHFE,FU0
2025-10-10,2830.0,2830.0,2776.0,2781.0,457356,230600,2803.0,燃料油,能源化工,SHFE,FU0
2025-10-13,2744.0,2751.0,2712.0,2737.0,616924,242503,2730.0,燃料油,能源化工,SHFE,FU0
2025-10-14,2720.0,2735.0,2683.0,2700.0,553421,252363,2714.0,燃料油,能源化工,SHFE,FU0
2025-10-15,2655.0,2684.0,2649.0,2683.0,455986,257652,2669.0,燃料油,能源化工,SHFE,FU0
2025-10-16,2705.0,2712.0,2679.0,2694.0,423386,259185,2694.0,燃料油,能源化工,SHFE,FU0
2025-10-17,2687.0,2688.0,2618.0,2627.0,523580,273573,2644.0,燃料油,能源化工,SHFE,FU0
2025-10-20,2646.0,2662.0,2636.0,2646.0,370660,269423,2650.0,燃料油,能源化工,SHFE,FU0
2025-10-21,2646.0,2657.0,2608.0,2647.0,407548,274179,2635.0,燃料油,能源化工,SHFE,FU0
2025-10-22,2663.0,2696.0,2628.0,2691.0,673406,262353,2661.0,燃料油,能源化工,SHFE,FU0
2025-10-23,2688.0,2766.0,2685.0,2752.0,639480,235246,2728.0,燃料油,能源化工,SHFE,FU0
2025-10-24,2779.0,2824.0,2776.0,2814.0,756100,231700,2806.0,燃料油,能源化工,SHFE,FU0
2025-10-27,2830.0,2854.0,2826.0,2842.0,519646,239603,2839.0,燃料油,能源化工,SHFE,FU0
2025-10-28,2835.0,2846.0,2815.0,2818.0,442815,231558,2830.0,燃料油,能源化工,SHFE,FU0
2025-10-29,2792.0,2806.0,2779.0,2796.0,468961,209121,2791.0,燃料油,能源化工,SHFE,FU0
2025-10-30,2780.0,2785.0,2748.0,2751.0,572342,203077,2760.0,燃料油,能源化工,SHFE,FU0
2025-10-31,2745.0,2766.0,2740.0,2745.0,340412,192213,2751.0,燃料油,能源化工,SHFE,FU0
2025-11-03,2769.0,2809.0,2760.0,2790.0,613092,184538,2785.0,燃料油,能源化工,SHFE,FU0
2025-11-04,2770.0,2782.0,2755.0,2764.0,397743,181050,2769.0,燃料油,能源化工,SHFE,FU0
2025-11-05,2738.0,2749.0,2711.0,2743.0,456878,183463,2727.0,燃料油,能源化工,SHFE,FU0
2025-11-06,2735.0,2736.0,2702.0,2728.0,324920,189390,2722.0,燃料油,能源化工,SHFE,FU0
2025-11-07,2727.0,2728.0,2672.0,2695.0,522055,202923,2692.0,燃料油,能源化工,SHFE,FU0
2025-11-10,2689.0,2699.0,2668.0,2693.0,425500,200770,2683.0,燃料油,能源化工,SHFE,FU0
2025-11-11,2687.0,2692.0,2655.0,2671.0,311517,204994,2675.0,燃料油,能源化工,SHFE,FU0
2025-11-12,2685.0,2712.0,2677.0,2693.0,369341,197554,2695.0,燃料油,能源化工,SHFE,FU0
2025-11-13,2675.0,2675.0,2579.0,2595.0,595527,238787,2616.0,燃料油,能源化工,SHFE,FU0
2025-11-14,2609.0,2646.0,2590.0,2622.0,555171,217297,2617.0,燃料油,能源化工,SHFE,FU0
2025-11-17,2610.0,2615.0,2582.0,2593.0,420617,222099,2600.0,燃料油,能源化工,SHFE,FU0
2025-11-18,2614.0,2621.0,2552.0,2558.0,424883,236699,2586.0,燃料油,能源化工,SHFE,FU0
2025-11-19,2571.0,2583.0,2538.0,2560.0,493240,228635,2562.0,燃料油,能源化工,SHFE,FU0
2025-11-20,2501.0,2536.0,2458.0,2517.0,759174,234641,2492.0,燃料油,能源化工,SHFE,FU0
2025-11-21,2540.0,2565.0,2491.0,2502.0,601163,223594,2529.0,燃料油,能源化工,SHFE,FU0
2025-11-24,2517.0,2522.0,2482.0,2512.0,518540,219410,2500.0,燃料油,能源化工,SHFE,FU0
2025-11-25,2517.0,2519.0,2484.0,2491.0,437675,228187,2497.0,燃料油,能源化工,SHFE,FU0
2025-11-26,2445.0,2476.0,2426.0,2467.0,684942,226737,2451.0,燃料油,能源化工,SHFE,FU0
2025-11-27,2444.0,2475.0,2439.0,2471.0,469526,221641,2453.0,燃料油,能源化工,SHFE,FU0
2025-11-28,2486.0,2514.0,2465.0,2501.0,437998,201891,2486.0,燃料油,能源化工,SHFE,FU0
2025-12-01,2485.0,2504.0,2454.0,2495.0,408532,203959,2474.0,燃料油,能源化工,SHFE,FU0
2025-12-02,2468.0,2483.0,2461.0,2469.0,301231,209682,2469.0,燃料油,能源化工,SHFE,FU0
2025-12-03,2462.0,2477.0,2394.0,2437.0,512554,209514,2435.0,燃料油,能源化工,SHFE,FU0
2025-12-04,2460.0,2462.0,2422.0,2442.0,308655,202092,2436.0,燃料油,能源化工,SHFE,FU0
2025-12-05,2439.0,2478.0,2438.0,2455.0,352953,185624,2461.0,燃料油,能源化工,SHFE,FU0
2025-12-08,2455.0,2515.0,2442.0,2508.0,381659,176786,2476.0,燃料油,能源化工,SHFE,FU0
2025-12-09,2470.0,2482.0,2399.0,2418.0,443280,186522,2443.0,燃料油,能源化工,SHFE,FU0
2025-12-10,2430.0,2431.0,2404.0,2427.0,259101,178077,2420.0,燃料油,能源化工,SHFE,FU0
2025-12-11,2426.0,2427.0,2362.0,2382.0,514729,161798,2394.0,燃料油,能源化工,SHFE,FU0
2025-12-12,2418.0,2426.0,2387.0,2405.0,302382,207118,2405.0,燃料油,能源化工,SHFE,FU0
2025-12-15,2395.0,2449.0,2390.0,2441.0,528554,244503,2429.0,燃料油,能源化工,SHFE,FU0
2025-12-16,2420.0,2424.0,2374.0,2396.0,540289,281334,2395.0,燃料油,能源化工,SHFE,FU0
2025-12-17,2378.0,2425.0,2366.0,2415.0,652204,279501,2391.0,燃料油,能源化工,SHFE,FU0
2025-12-18,2424.0,2460.0,2415.0,2439.0,604189,266287,2437.0,燃料油,能源化工,SHFE,FU0
2025-12-19,2425.0,2446.0,2380.0,2390.0,602700,301764,2412.0,燃料油,能源化工,SHFE,FU0
2025-12-22,2407.0,2463.0,2401.0,2458.0,751073,258112,2431.0,燃料油,能源化工,SHFE,FU0
2025-12-23,2480.0,2493.0,2469.0,2483.0,562613,238968,2482.0,燃料油,能源化工,SHFE,FU0
2025-12-24,2483.0,2489.0,2459.0,2480.0,507483,237224,2474.0,燃料油,能源化工,SHFE,FU0
2025-12-25,2474.0,2489.0,2458.0,2489.0,447357,233578,2473.0,燃料油,能源化工,SHFE,FU0
2025-12-26,2490.0,2534.0,2475.0,2491.0,702543,198195,2503.0,燃料油,能源化工,SHFE,FU0
2025-12-29,2486.0,2504.0,2444.0,2459.0,695358,180731,2473.0,燃料油,能源化工,SHFE,FU0
2025-12-30,2489.0,2503.0,2462.0,2473.0,612701,168469,2484.0,燃料油,能源化工,SHFE,FU0
2025-12-31,2486.0,2491.0,2433.0,2447.0,592060,168788,2456.0,燃料油,能源化工,SHFE,FU0
