date,open,high,low,close,volume,hold,settle,品种,类别,交易所,合约代码
2015-01-05,16710.0,16870.0,16625.0,16720.0,189904,160518,16745.0,锌,金属类,SHFE,ZN0
2015-01-06,16525.0,16800.0,16500.0,16740.0,239488,163974,16680.0,锌,金属类,SHFE,ZN0
2015-01-07,16790.0,16790.0,16590.0,16630.0,174974,161740,16665.0,锌,金属类,SHFE,ZN0
2015-01-08,16560.0,16610.0,16420.0,16465.0,180220,160806,16515.0,锌,金属类,SHFE,ZN0
2015-01-09,16595.0,16600.0,16410.0,16455.0,203098,158354,16495.0,锌,金属类,SHFE,ZN0
2015-01-12,16455.0,16590.0,16375.0,16410.0,182332,158684,16485.0,锌,金属类,SHFE,ZN0
2015-01-13,16310.0,16395.0,16250.0,16255.0,153358,160330,16325.0,锌,金属类,SHFE,ZN0
2015-01-14,16080.0,16165.0,15550.0,15630.0,573954,186858,15820.0,锌,金属类,SHFE,ZN0
2015-01-15,15760.0,15960.0,15680.0,15870.0,501186,177374,15835.0,锌,金属类,SHFE,ZN0
2015-01-16,15915.0,15990.0,15740.0,15810.0,260228,168820,15840.0,锌,金属类,SHFE,ZN0
2015-01-19,15830.0,16080.0,15800.0,16065.0,256384,158856,15945.0,锌,金属类,SHFE,ZN0
2015-01-20,15980.0,16100.0,15920.0,16035.0,166498,162064,16000.0,锌,金属类,SHFE,ZN0
2015-01-21,16140.0,16210.0,16055.0,16155.0,181386,156518,16125.0,锌,金属类,SHFE,ZN0
2015-01-22,16120.0,16440.0,16110.0,16360.0,285218,151594,16300.0,锌,金属类,SHFE,ZN0
2015-01-23,16385.0,16460.0,16200.0,16235.0,249750,127732,16315.0,锌,金属类,SHFE,ZN0
2015-01-26,16170.0,16245.0,15915.0,16115.0,285934,113610,16095.0,锌,金属类,SHFE,ZN0
2015-01-27,16150.0,16395.0,16110.0,16280.0,170474,144978,16287.0,锌,金属类,SHFE,ZN0
2015-01-28,16315.0,16345.0,16195.0,16335.0,139784,152692,16284.0,锌,金属类,SHFE,ZN0
2015-01-29,16310.0,16320.0,16070.0,16090.0,151370,146800,16175.0,锌,金属类,SHFE,ZN0
2015-01-30,16020.0,16135.0,16000.0,16025.0,141942,151148,16050.0,锌,金属类,SHFE,ZN0
2015-02-02,16145.0,16260.0,16095.0,16195.0,152516,153802,16170.0,锌,金属类,SHFE,ZN0
2015-02-03,16200.0,16325.0,16145.0,16280.0,133202,147530,16245.0,锌,金属类,SHFE,ZN0
2015-02-04,16370.0,16465.0,16290.0,16330.0,173136,136934,16380.0,锌,金属类,SHFE,ZN0
2015-02-05,16340.0,16380.0,16235.0,16270.0,120522,134898,16290.0,锌,金属类,SHFE,ZN0
2015-02-06,16225.0,16405.0,16195.0,16400.0,117836,136488,16307.0,锌,金属类,SHFE,ZN0
2015-02-09,16450.0,16455.0,16310.0,16355.0,107594,125150,16360.0,锌,金属类,SHFE,ZN0
2015-02-10,16380.0,16430.0,16325.0,16355.0,70872,120250,16372.0,锌,金属类,SHFE,ZN0
2015-02-11,16300.0,16310.0,16160.0,16190.0,107608,117126,16222.0,锌,金属类,SHFE,ZN0
2015-02-12,16210.0,16240.0,16115.0,16225.0,71682,112312,16170.0,锌,金属类,SHFE,ZN0
2015-02-13,16275.0,16375.0,16265.0,16350.0,100600,105114,16314.0,锌,金属类,SHFE,ZN0
2015-02-16,16375.0,16440.0,16330.0,16405.0,54168,98594,16383.0,锌,金属类,SHFE,ZN0
2015-02-17,16410.0,16445.0,16310.0,16320.0,41974,90730,16369.0,锌,金属类,SHFE,ZN0
2015-02-25,16190.0,16190.0,15955.0,16135.0,8190,21374,16110.0,锌,金属类,SHFE,ZN0
2015-02-26,16010.0,16075.0,15950.0,16025.0,124446,128128,16020.0,锌,金属类,SHFE,ZN0
2015-02-27,16080.0,16120.0,15980.0,16050.0,158808,141680,16050.0,锌,金属类,SHFE,ZN0
2015-03-02,16075.0,16210.0,16000.0,16145.0,159870,147826,16102.0,锌,金属类,SHFE,ZN0
2015-03-03,16100.0,16110.0,15955.0,15960.0,129158,162108,16035.0,锌,金属类,SHFE,ZN0
2015-03-04,15920.0,15985.0,15860.0,15875.0,115424,174168,15915.0,锌,金属类,SHFE,ZN0
2015-03-05,15915.0,15945.0,15780.0,15815.0,102366,177074,15855.0,锌,金属类,SHFE,ZN0
2015-03-06,15810.0,15890.0,15700.0,15725.0,104098,184642,15780.0,锌,金属类,SHFE,ZN0
2015-03-09,15735.0,15845.0,15670.0,15740.0,128336,181084,15745.0,锌,金属类,SHFE,ZN0
2015-03-10,15725.0,15830.0,15710.0,15750.0,94936,177824,15780.0,锌,金属类,SHFE,ZN0
2015-03-11,15700.0,15780.0,15640.0,15695.0,88516,174432,15715.0,锌,金属类,SHFE,ZN0
2015-03-12,15725.0,15750.0,15585.0,15720.0,132136,173778,15655.0,锌,金属类,SHFE,ZN0
2015-03-13,15700.0,15750.0,15635.0,15730.0,107798,169552,15695.0,锌,金属类,SHFE,ZN0
2015-03-16,15695.0,15840.0,15650.0,15815.0,124646,164278,15755.0,锌,金属类,SHFE,ZN0
2015-03-17,15765.0,15810.0,15655.0,15690.0,96242,163160,15730.0,锌,金属类,SHFE,ZN0
2015-03-18,15650.0,15710.0,15600.0,15615.0,69740,158680,15660.0,锌,金属类,SHFE,ZN0
2015-03-19,15620.0,15680.0,15520.0,15625.0,102596,152210,15615.0,锌,金属类,SHFE,ZN0
2015-03-20,15650.0,15705.0,15620.0,15650.0,77164,142590,15660.0,锌,金属类,SHFE,ZN0
2015-03-23,15700.0,15950.0,15675.0,15845.0,129414,123444,15831.0,锌,金属类,SHFE,ZN0
2015-03-24,15920.0,16050.0,15855.0,15910.0,109732,120758,15940.0,锌,金属类,SHFE,ZN0
2015-03-25,15930.0,15995.0,15875.0,15910.0,85430,122382,15930.0,锌,金属类,SHFE,ZN0
2015-03-26,15935.0,16015.0,15915.0,15965.0,96702,125250,15970.0,锌,金属类,SHFE,ZN0
2015-03-27,16030.0,16075.0,15910.0,15945.0,111646,121658,15975.0,锌,金属类,SHFE,ZN0
2015-03-30,15965.0,16020.0,15935.0,15965.0,77676,121958,15975.0,锌,金属类,SHFE,ZN0
2015-03-31,16030.0,16090.0,15980.0,15985.0,115234,124552,16040.0,锌,金属类,SHFE,ZN0
2015-04-01,15975.0,16025.0,15910.0,15975.0,85624,126500,15955.0,锌,金属类,SHFE,ZN0
2015-04-02,15925.0,16055.0,15925.0,16000.0,102918,124770,15990.0,锌,金属类,SHFE,ZN0
2015-04-03,16050.0,16195.0,16030.0,16160.0,149792,133142,16125.0,锌,金属类,SHFE,ZN0
2015-04-07,16160.0,16245.0,16135.0,16215.0,69500,136226,16195.0,锌,金属类,SHFE,ZN0
2015-04-08,16230.0,16300.0,16140.0,16190.0,118158,128234,16225.0,锌,金属类,SHFE,ZN0
2015-04-09,16190.0,16240.0,16105.0,16165.0,83652,124388,16170.0,锌,金属类,SHFE,ZN0
2015-04-10,16215.0,16375.0,16200.0,16360.0,176474,129970,16270.0,锌,金属类,SHFE,ZN0
2015-04-13,16375.0,16470.0,16330.0,16410.0,136374,126070,16396.0,锌,金属类,SHFE,ZN0
2015-04-14,16475.0,16480.0,16255.0,16330.0,134046,118176,16365.0,锌,金属类,SHFE,ZN0
2015-04-15,16350.0,16470.0,16300.0,16425.0,108834,120994,16375.0,锌,金属类,SHFE,ZN0
2015-04-16,16400.0,16590.0,16380.0,16560.0,149780,118312,16535.0,锌,金属类,SHFE,ZN0
2015-04-17,16605.0,16745.0,16525.0,16620.0,115488,114506,16635.0,锌,金属类,SHFE,ZN0
2015-04-20,16590.0,16710.0,16450.0,16475.0,100654,104956,16565.0,锌,金属类,SHFE,ZN0
2015-04-21,16420.0,16530.0,16350.0,16420.0,92344,93174,16425.0,锌,金属类,SHFE,ZN0
2015-04-22,16440.0,16590.0,16420.0,16555.0,68304,91032,16525.0,锌,金属类,SHFE,ZN0
2015-04-23,16655.0,16680.0,16460.0,16590.0,74896,104306,16585.0,锌,金属类,SHFE,ZN0
2015-04-24,16570.0,16615.0,16505.0,16595.0,55146,106192,16550.0,锌,金属类,SHFE,ZN0
2015-04-27,16670.0,16905.0,16610.0,16810.0,155364,133190,16765.0,锌,金属类,SHFE,ZN0
2015-04-28,16860.0,17150.0,16855.0,17015.0,175154,144450,16995.0,锌,金属类,SHFE,ZN0
2015-04-29,17000.0,17070.0,16765.0,16860.0,140410,141094,16955.0,锌,金属类,SHFE,ZN0
2015-04-30,16870.0,17110.0,16820.0,17000.0,196162,154842,16994.0,锌,金属类,SHFE,ZN0
2015-05-04,17130.0,17240.0,17070.0,17210.0,113462,162700,17180.0,锌,金属类,SHFE,ZN0
2015-05-05,17210.0,17250.0,17015.0,17070.0,133992,161892,17110.0,锌,金属类,SHFE,ZN0
2015-05-06,17195.0,17470.0,17180.0,17370.0,265506,180216,17370.0,锌,金属类,SHFE,ZN0
2015-05-07,17350.0,17440.0,17140.0,17185.0,157446,170142,17255.0,锌,金属类,SHFE,ZN0
2015-05-08,17250.0,17290.0,17045.0,17105.0,165746,154558,17140.0,锌,金属类,SHFE,ZN0
2015-05-11,17120.0,17190.0,16925.0,17095.0,160890,151082,17035.0,锌,金属类,SHFE,ZN0
2015-05-12,17000.0,17025.0,16820.0,16870.0,162110,137510,16905.0,锌,金属类,SHFE,ZN0
2015-05-13,17020.0,17145.0,16940.0,17140.0,147674,144402,17040.0,锌,金属类,SHFE,ZN0
2015-05-14,17150.0,17450.0,16890.0,17000.0,173986,132072,17010.0,锌,金属类,SHFE,ZN0
2015-05-15,16940.0,16990.0,16840.0,16935.0,121098,117368,16900.0,锌,金属类,SHFE,ZN0
2015-05-18,16860.0,16915.0,16740.0,16875.0,123096,106782,16820.0,锌,金属类,SHFE,ZN0
2015-05-19,16835.0,16910.0,16770.0,16865.0,85834,105608,16835.0,锌,金属类,SHFE,ZN0
2015-05-20,16770.0,16770.0,16580.0,16630.0,140786,89902,16670.0,锌,金属类,SHFE,ZN0
2015-05-21,16600.0,16715.0,16485.0,16620.0,111624,81704,16580.0,锌,金属类,SHFE,ZN0
2015-05-22,16540.0,16685.0,16535.0,16615.0,78870,79798,16615.0,锌,金属类,SHFE,ZN0
2015-05-25,16480.0,16550.0,16400.0,16520.0,61340,74664,16495.0,锌,金属类,SHFE,ZN0
2015-05-26,16555.0,16700.0,16520.0,16525.0,73566,89888,16630.0,锌,金属类,SHFE,ZN0
2015-05-27,16500.0,16675.0,16470.0,16630.0,93034,107958,16605.0,锌,金属类,SHFE,ZN0
2015-05-28,16550.0,16840.0,16550.0,16835.0,189616,135750,16730.0,锌,金属类,SHFE,ZN0
2015-05-29,16880.0,16935.0,16720.0,16850.0,172352,138648,16820.0,锌,金属类,SHFE,ZN0
2015-06-01,16740.0,16795.0,16610.0,16615.0,142398,136834,16675.0,锌,金属类,SHFE,ZN0
2015-06-02,16505.0,16605.0,16450.0,16540.0,135802,140450,16530.0,锌,金属类,SHFE,ZN0
2015-06-03,16530.0,16640.0,16290.0,16345.0,180892,138514,16485.0,锌,金属类,SHFE,ZN0
2015-06-04,16400.0,16460.0,16285.0,16405.0,126954,133752,16385.0,锌,金属类,SHFE,ZN0
2015-06-05,16400.0,16470.0,16200.0,16210.0,138962,130166,16310.0,锌,金属类,SHFE,ZN0
2015-06-08,16230.0,16320.0,16210.0,16275.0,80784,128556,16275.0,锌,金属类,SHFE,ZN0
2015-06-09,16285.0,16375.0,16275.0,16330.0,84136,127460,16330.0,锌,金属类,SHFE,ZN0
2015-06-10,16400.0,16475.0,16380.0,16420.0,88160,121318,16425.0,锌,金属类,SHFE,ZN0
2015-06-11,16430.0,16460.0,16255.0,16285.0,94234,123490,16335.0,锌,金属类,SHFE,ZN0
2015-06-12,16280.0,16305.0,16100.0,16130.0,118598,123048,16195.0,锌,金属类,SHFE,ZN0
2015-06-15,16165.0,16255.0,16085.0,16090.0,75954,123108,16170.0,锌,金属类,SHFE,ZN0
2015-06-16,16060.0,16145.0,16040.0,16095.0,60406,121988,16095.0,锌,金属类,SHFE,ZN0
2015-06-17,16095.0,16120.0,15300.0,15900.0,94912,120472,16005.0,锌,金属类,SHFE,ZN0
2015-06-18,16000.0,16005.0,15820.0,15885.0,84770,116940,15885.0,锌,金属类,SHFE,ZN0
2015-06-19,15895.0,15900.0,15670.0,15695.0,112360,110968,15755.0,锌,金属类,SHFE,ZN0
2015-06-23,15640.0,15700.0,15575.0,15585.0,2490,19054,15635.0,锌,金属类,SHFE,ZN0
2015-06-24,15600.0,15795.0,15580.0,15790.0,63460,105080,15685.0,锌,金属类,SHFE,ZN0
2015-06-25,15785.0,15790.0,15600.0,15630.0,68704,100488,15675.0,锌,金属类,SHFE,ZN0
2015-06-26,15625.0,15680.0,15575.0,15625.0,78198,116970,15630.0,锌,金属类,SHFE,ZN0
2015-06-29,15600.0,15620.0,15380.0,15400.0,104818,124436,15505.0,锌,金属类,SHFE,ZN0
2015-06-30,15410.0,15435.0,15215.0,15220.0,122568,136606,15345.0,锌,金属类,SHFE,ZN0
2015-07-01,15235.0,15340.0,15125.0,15235.0,134916,139512,15230.0,锌,金属类,SHFE,ZN0
2015-07-03,15635.0,15635.0,15480.0,15520.0,970,10120,15520.0,锌,金属类,SHFE,ZN0
2015-07-06,15470.0,15485.0,15010.0,15145.0,151242,139232,15260.0,锌,金属类,SHFE,ZN0
2015-07-07,15205.0,15420.0,15120.0,15215.0,137072,144050,15265.0,锌,金属类,SHFE,ZN0
2015-07-08,15200.0,15200.0,14500.0,14560.0,454494,138530,14760.0,锌,金属类,SHFE,ZN0
2015-07-09,14750.0,15335.0,14700.0,15195.0,249260,121020,15030.0,锌,金属类,SHFE,ZN0
2015-07-10,15280.0,15475.0,15165.0,15290.0,180552,128290,15315.0,锌,金属类,SHFE,ZN0
2015-07-13,15295.0,15330.0,15170.0,15245.0,93580,128924,15230.0,锌,金属类,SHFE,ZN0
2015-07-14,15445.0,15595.0,15410.0,15470.0,137360,125216,15520.0,锌,金属类,SHFE,ZN0
2015-07-15,15470.0,15720.0,15370.0,15695.0,151268,124648,15585.0,锌,金属类,SHFE,ZN0
2015-07-16,15780.0,15805.0,15610.0,15760.0,172932,118386,15695.0,锌,金属类,SHFE,ZN0
2015-07-17,15695.0,15715.0,15610.0,15665.0,117464,116676,15665.0,锌,金属类,SHFE,ZN0
2015-07-20,15625.0,15715.0,15480.0,15550.0,132424,111640,15585.0,锌,金属类,SHFE,ZN0
2015-07-21,15500.0,15600.0,15450.0,15580.0,87172,109040,15540.0,锌,金属类,SHFE,ZN0
2015-07-22,15550.0,15575.0,15150.0,15205.0,114706,107918,15390.0,锌,金属类,SHFE,ZN0
2015-07-23,15185.0,15270.0,15080.0,15250.0,110774,103902,15180.0,锌,金属类,SHFE,ZN0
2015-07-24,15210.0,15260.0,14940.0,14985.0,118164,103342,15080.0,锌,金属类,SHFE,ZN0
2015-07-27,15000.0,15020.0,14715.0,14750.0,114228,104618,14865.0,锌,金属类,SHFE,ZN0
2015-07-28,14680.0,14870.0,14645.0,14835.0,79694,98952,14775.0,锌,金属类,SHFE,ZN0
2015-07-29,14900.0,15200.0,14885.0,15100.0,115426,115474,15080.0,锌,金属类,SHFE,ZN0
2015-07-30,15030.0,15050.0,14815.0,14850.0,97684,124958,14945.0,锌,金属类,SHFE,ZN0
2015-07-31,14820.0,14975.0,14735.0,14885.0,98136,128166,14870.0,锌,金属类,SHFE,ZN0
2015-08-03,14815.0,14970.0,14540.0,14585.0,176040,145064,14725.0,锌,金属类,SHFE,ZN0
2015-08-04,14580.0,14780.0,14510.0,14735.0,133682,152032,14630.0,锌,金属类,SHFE,ZN0
2015-08-05,14810.0,14870.0,14645.0,14735.0,104676,155098,14735.0,锌,金属类,SHFE,ZN0
2015-08-06,14680.0,14710.0,14575.0,14625.0,109062,162868,14635.0,锌,金属类,SHFE,ZN0
2015-08-07,14550.0,14580.0,14265.0,14410.0,260896,173404,14420.0,锌,金属类,SHFE,ZN0
2015-08-10,14310.0,14595.0,14270.0,14530.0,190408,170672,14445.0,锌,金属类,SHFE,ZN0
2015-08-11,14540.0,14755.0,14530.0,14680.0,233152,162474,14670.0,锌,金属类,SHFE,ZN0
2015-08-12,14520.0,14885.0,14440.0,14805.0,321588,155270,14625.0,锌,金属类,SHFE,ZN0
2015-08-13,14900.0,15070.0,14700.0,14980.0,181970,149464,14945.0,锌,金属类,SHFE,ZN0
2015-08-14,14905.0,14995.0,14840.0,14870.0,109444,150472,14910.0,锌,金属类,SHFE,ZN0
2015-08-17,14990.0,14990.0,14810.0,14905.0,108446,147680,14905.0,锌,金属类,SHFE,ZN0
2015-08-18,14850.0,14935.0,14680.0,14690.0,103848,146850,14790.0,锌,金属类,SHFE,ZN0
2015-08-19,14600.0,14700.0,14560.0,14695.0,95836,144506,14620.0,锌,金属类,SHFE,ZN0
2015-08-20,14680.0,14805.0,14650.0,14740.0,92484,144220,14730.0,锌,金属类,SHFE,ZN0
2015-08-21,14930.0,14960.0,14685.0,14700.0,110240,139596,14825.0,锌,金属类,SHFE,ZN0
2015-08-24,14605.0,14715.0,14210.0,14325.0,170372,132324,14495.0,锌,金属类,SHFE,ZN0
2015-08-25,14250.0,14500.0,14230.0,14360.0,170648,129016,14390.0,锌,金属类,SHFE,ZN0
2015-08-26,14555.0,14660.0,14405.0,14445.0,103610,127420,14500.0,锌,金属类,SHFE,ZN0
2015-08-27,14340.0,14495.0,14305.0,14470.0,153528,121252,14404.0,锌,金属类,SHFE,ZN0
2015-08-28,14560.0,14790.0,14505.0,14700.0,135956,103290,14645.0,锌,金属类,SHFE,ZN0
2015-08-31,14720.0,14835.0,14650.0,14655.0,78952,118900,14730.0,锌,金属类,SHFE,ZN0
2015-09-01,14610.0,14785.0,14565.0,14680.0,64450,119416,14685.0,锌,金属类,SHFE,ZN0
2015-09-02,14690.0,14815.0,14670.0,14810.0,71022,120234,14740.0,锌,金属类,SHFE,ZN0
2015-09-03,14690.0,14815.0,14670.0,14740.0,0,120234,14740.0,锌,金属类,SHFE,ZN0
2015-09-07,14850.0,14890.0,14810.0,14850.0,1630,15130,14835.0,锌,金属类,SHFE,ZN0
2015-09-08,14730.0,14745.0,14520.0,14630.0,122500,125650,14610.0,锌,金属类,SHFE,ZN0
2015-09-09,14730.0,15010.0,14700.0,14905.0,182242,124424,14855.0,锌,金属类,SHFE,ZN0
2015-09-10,14960.0,14970.0,14805.0,14915.0,97632,126982,14875.0,锌,金属类,SHFE,ZN0
2015-09-11,14870.0,14940.0,14825.0,14935.0,120726,133758,14880.0,锌,金属类,SHFE,ZN0
2015-09-14,14825.0,14860.0,14680.0,14695.0,113968,128254,14775.0,锌,金属类,SHFE,ZN0
2015-09-15,14605.0,14615.0,14370.0,14380.0,165008,128432,14475.0,锌,金属类,SHFE,ZN0
2015-09-16,14365.0,14475.0,14310.0,14440.0,146522,130370,14395.0,锌,金属类,SHFE,ZN0
2015-09-17,14400.0,14540.0,14380.0,14455.0,134736,128664,14455.0,锌,金属类,SHFE,ZN0
2015-09-18,14380.0,14445.0,14310.0,14310.0,117146,135484,14380.0,锌,金属类,SHFE,ZN0
2015-09-21,14200.0,14200.0,13660.0,13685.0,340758,174888,13835.0,锌,金属类,SHFE,ZN0
2015-09-22,13720.0,13750.0,13480.0,13530.0,282430,186796,13605.0,锌,金属类,SHFE,ZN0
2015-09-23,13505.0,13650.0,13370.0,13625.0,315708,176042,13505.0,锌,金属类,SHFE,ZN0
2015-09-24,13695.0,14030.0,13550.0,13820.0,329878,147582,13690.0,锌,金属类,SHFE,ZN0
2015-09-25,13780.0,13960.0,13640.0,13705.0,381652,127572,13800.0,锌,金属类,SHFE,ZN0
2015-09-28,13550.0,13650.0,13450.0,13450.0,86072,147362,13560.0,锌,金属类,SHFE,ZN0
2015-09-29,13300.0,13500.0,13270.0,13435.0,117632,150868,13400.0,锌,金属类,SHFE,ZN0
2015-09-30,13570.0,13840.0,13515.0,13820.0,120964,149030,13655.0,锌,金属类,SHFE,ZN0
2015-10-01,13570.0,13840.0,13515.0,13655.0,0,149030,13655.0,锌,金属类,SHFE,ZN0
2015-10-08,14440.0,14440.0,13830.0,13830.0,3302,13580,13905.0,锌,金属类,SHFE,ZN0
2015-10-09,13650.0,14400.0,13585.0,14295.0,520302,162322,14080.0,锌,金属类,SHFE,ZN0
2015-10-12,14675.0,14755.0,14395.0,14690.0,652134,167588,14570.0,锌,金属类,SHFE,ZN0
2015-10-13,14570.0,14625.0,14365.0,14565.0,459812,168114,14485.0,锌,金属类,SHFE,ZN0
2015-10-14,14505.0,14605.0,14370.0,14455.0,415230,164454,14495.0,锌,金属类,SHFE,ZN0
2015-10-15,14520.0,14635.0,14500.0,14530.0,380976,165868,14560.0,锌,金属类,SHFE,ZN0
2015-10-16,14530.0,14590.0,14375.0,14395.0,299172,166444,14485.0,锌,金属类,SHFE,ZN0
2015-10-19,14400.0,14455.0,14250.0,14255.0,337782,164252,14365.0,锌,金属类,SHFE,ZN0
2015-10-20,14230.0,14290.0,14150.0,14230.0,297862,159876,14210.0,锌,金属类,SHFE,ZN0
2015-10-21,14250.0,14370.0,14185.0,14225.0,254528,162332,14255.0,锌,金属类,SHFE,ZN0
2015-10-22,14150.0,14170.0,13845.0,14020.0,526520,160266,13985.0,锌,金属类,SHFE,ZN0
2015-10-23,14140.0,14265.0,13975.0,14195.0,433576,148514,14130.0,锌,金属类,SHFE,ZN0
2015-10-26,14215.0,14230.0,14020.0,14170.0,327256,153720,14130.0,锌,金属类,SHFE,ZN0
2015-10-27,14130.0,14270.0,14090.0,14225.0,294908,149242,14165.0,锌,金属类,SHFE,ZN0
2015-10-28,14185.0,14215.0,14090.0,14105.0,210216,130916,14150.0,锌,金属类,SHFE,ZN0
2015-10-29,14080.0,14220.0,13995.0,14130.0,226642,120300,14130.0,锌,金属类,SHFE,ZN0
2015-10-30,13990.0,14045.0,13715.0,13730.0,184758,137708,13855.0,锌,金属类,SHFE,ZN0
2015-11-02,13705.0,13805.0,13650.0,13765.0,160314,149246,13720.0,锌,金属类,SHFE,ZN0
2015-11-03,13725.0,13825.0,13665.0,13695.0,162486,158394,13735.0,锌,金属类,SHFE,ZN0
2015-11-04,13650.0,13810.0,13565.0,13780.0,272078,149070,13665.0,锌,金属类,SHFE,ZN0
2015-11-05,13725.0,13875.0,13515.0,13530.0,320090,158342,13675.0,锌,金属类,SHFE,ZN0
2015-11-06,13505.0,13600.0,13405.0,13560.0,360174,158652,13490.0,锌,金属类,SHFE,ZN0
2015-11-09,13510.0,13595.0,13450.0,13525.0,306784,164682,13520.0,锌,金属类,SHFE,ZN0
2015-11-10,13540.0,13565.0,13050.0,13225.0,436190,184960,13265.0,锌,金属类,SHFE,ZN0
2015-11-11,13200.0,13215.0,12770.0,12800.0,873074,225694,12930.0,锌,金属类,SHFE,ZN0
2015-11-12,12860.0,13120.0,12735.0,13030.0,734854,222918,12930.0,锌,金属类,SHFE,ZN0
2015-11-13,12870.0,13125.0,12780.0,12955.0,828736,218960,12965.0,锌,金属类,SHFE,ZN0
2015-11-16,12960.0,13095.0,12870.0,12900.0,452030,229132,13010.0,锌,金属类,SHFE,ZN0
2015-11-17,12935.0,12940.0,12490.0,12615.0,789042,231706,12680.0,锌,金属类,SHFE,ZN0
2015-11-18,12680.0,12775.0,12300.0,12450.0,755738,230950,12500.0,锌,金属类,SHFE,ZN0
2015-11-19,12430.0,12430.0,11920.0,12040.0,970718,251596,12190.0,锌,金属类,SHFE,ZN0
2015-11-20,12000.0,12595.0,11815.0,12525.0,1584570,252484,12180.0,锌,金属类,SHFE,ZN0
2015-11-23,12620.0,12740.0,12030.0,12355.0,1844238,257888,12400.0,锌,金属类,SHFE,ZN0
2015-11-24,12335.0,12920.0,12215.0,12825.0,1719622,221182,12495.0,锌,金属类,SHFE,ZN0
2015-11-25,12735.0,13105.0,12685.0,12815.0,1425854,163888,12855.0,锌,金属类,SHFE,ZN0
2015-11-26,12700.0,13440.0,12605.0,13130.0,582210,171426,13030.0,锌,金属类,SHFE,ZN0
2015-11-27,13160.0,13305.0,12805.0,12960.0,528488,178322,13045.0,锌,金属类,SHFE,ZN0
2015-11-30,12795.0,12890.0,12645.0,12800.0,404718,193590,12785.0,锌,金属类,SHFE,ZN0
2015-12-01,12865.0,12915.0,12650.0,12745.0,539114,201242,12770.0,锌,金属类,SHFE,ZN0
2015-12-02,12710.0,12905.0,12530.0,12550.0,701382,232494,12715.0,锌,金属类,SHFE,ZN0
2015-12-03,12520.0,12685.0,12425.0,12460.0,802192,225810,12550.0,锌,金属类,SHFE,ZN0
2015-12-04,12435.0,12630.0,12415.0,12590.0,745564,236400,12530.0,锌,金属类,SHFE,ZN0
2015-12-07,12700.0,12835.0,12545.0,12830.0,630388,226564,12655.0,锌,金属类,SHFE,ZN0
2015-12-08,12765.0,12810.0,12500.0,12540.0,639536,221024,12650.0,锌,金属类,SHFE,ZN0
2015-12-09,12490.0,12670.0,12430.0,12650.0,600640,228988,12560.0,锌,金属类,SHFE,ZN0
2015-12-10,12675.0,12780.0,12560.0,12565.0,562760,223524,12680.0,锌,金属类,SHFE,ZN0
2015-12-11,12540.0,12905.0,12515.0,12900.0,526448,209314,12690.0,锌,金属类,SHFE,ZN0
2015-12-14,12835.0,12950.0,12755.0,12900.0,620438,208238,12845.0,锌,金属类,SHFE,ZN0
2015-12-15,12760.0,12910.0,12715.0,12725.0,554760,204214,12825.0,锌,金属类,SHFE,ZN0
2015-12-16,12655.0,12745.0,12600.0,12630.0,484140,197680,12675.0,锌,金属类,SHFE,ZN0
2015-12-17,12625.0,12830.0,12485.0,12550.0,773964,199522,12635.0,锌,金属类,SHFE,ZN0
2015-12-18,12480.0,12705.0,12440.0,12645.0,656016,194038,12555.0,锌,金属类,SHFE,ZN0
2015-12-21,12695.0,12890.0,12600.0,12865.0,518612,186346,12725.0,锌,金属类,SHFE,ZN0
2015-12-22,12830.0,12955.0,12780.0,12815.0,438996,181262,12850.0,锌,金属类,SHFE,ZN0
2015-12-23,12810.0,12940.0,12705.0,12905.0,421568,183704,12825.0,锌,金属类,SHFE,ZN0
2015-12-24,12900.0,13140.0,12880.0,12985.0,573258,174086,13010.0,锌,金属类,SHFE,ZN0
2015-12-25,12970.0,13160.0,12950.0,13140.0,402672,172160,13075.0,锌,金属类,SHFE,ZN0
2015-12-28,13140.0,13195.0,12925.0,12930.0,375080,151994,13065.0,锌,金属类,SHFE,ZN0
2015-12-29,12900.0,13140.0,12895.0,13140.0,343090,138206,12995.0,锌,金属类,SHFE,ZN0
2015-12-30,13205.0,13460.0,13155.0,13385.0,271934,166094,13350.0,锌,金属类,SHFE,ZN0
2015-12-31,13410.0,13500.0,13360.0,13440.0,201488,169472,13430.0,锌,金属类,SHFE,ZN0
2016-01-04,13415.0,13450.0,13140.0,13165.0,167156,166822,13240.0,锌,金属类,SHFE,ZN0
2016-01-05,13135.0,13345.0,13135.0,13335.0,238844,178592,13235.0,锌,金属类,SHFE,ZN0
2016-01-06,13255.0,13300.0,13030.0,13070.0,382576,180572,13140.0,锌,金属类,SHFE,ZN0
2016-01-07,13020.0,13120.0,12835.0,12885.0,454548,178146,12990.0,锌,金属类,SHFE,ZN0
2016-01-08,12800.0,12965.0,12670.0,12885.0,574042,179032,12840.0,锌,金属类,SHFE,ZN0
2016-01-11,12850.0,12960.0,12765.0,12840.0,413970,186480,12875.0,锌,金属类,SHFE,ZN0
2016-01-12,12805.0,12865.0,12335.0,12375.0,534352,203130,12625.0,锌,金属类,SHFE,ZN0
2016-01-13,12465.0,12535.0,12380.0,12490.0,477974,195966,12465.0,锌,金属类,SHFE,ZN0
2016-01-14,12500.0,12675.0,12440.0,12620.0,496748,190524,12555.0,锌,金属类,SHFE,ZN0
2016-01-15,12610.0,12810.0,12515.0,12530.0,609326,188468,12665.0,锌,金属类,SHFE,ZN0
2016-01-18,12470.0,12775.0,12440.0,12690.0,500620,177546,12635.0,锌,金属类,SHFE,ZN0
2016-01-19,12650.0,12880.0,12640.0,12830.0,495620,175946,12750.0,锌,金属类,SHFE,ZN0
2016-01-20,12865.0,12875.0,12660.0,12720.0,397918,170376,12780.0,锌,金属类,SHFE,ZN0
2016-01-21,12715.0,12760.0,12595.0,12625.0,396170,172736,12685.0,锌,金属类,SHFE,ZN0
2016-01-22,12635.0,12865.0,12630.0,12785.0,402478,171580,12755.0,锌,金属类,SHFE,ZN0
2016-01-25,12850.0,12890.0,12685.0,12760.0,273002,165132,12775.0,锌,金属类,SHFE,ZN0
2016-01-26,12790.0,12840.0,12725.0,12795.0,274738,161396,12775.0,锌,金属类,SHFE,ZN0
2016-01-27,12950.0,13140.0,12895.0,13095.0,468614,154796,13025.0,锌,金属类,SHFE,ZN0
2016-01-28,13100.0,13100.0,12955.0,12980.0,358634,149988,13035.0,锌,金属类,SHFE,ZN0
2016-01-29,12965.0,13085.0,12910.0,13080.0,280098,136948,12980.0,锌,金属类,SHFE,ZN0
2016-02-01,13080.0,13210.0,13000.0,13140.0,245050,122992,13110.0,锌,金属类,SHFE,ZN0
2016-02-02,13205.0,13365.0,13145.0,13340.0,189248,146650,13260.0,锌,金属类,SHFE,ZN0
2016-02-03,13400.0,13510.0,13275.0,13490.0,243488,173138,13395.0,锌,金属类,SHFE,ZN0
2016-02-04,13480.0,14010.0,13455.0,13945.0,386774,174538,13755.0,锌,金属类,SHFE,ZN0
2016-02-05,13890.0,13970.0,13705.0,13835.0,258254,165134,13845.0,锌,金属类,SHFE,ZN0
2016-02-15,13780.0,13960.0,13720.0,13815.0,165790,170150,13860.0,锌,金属类,SHFE,ZN0
2016-02-16,13735.0,13830.0,13615.0,13660.0,310634,175224,13715.0,锌,金属类,SHFE,ZN0
2016-02-17,13660.0,13720.0,13505.0,13555.0,288158,177902,13605.0,锌,金属类,SHFE,ZN0
2016-02-18,13580.0,13650.0,13535.0,13615.0,255860,179626,13590.0,锌,金属类,SHFE,ZN0
2016-02-19,13615.0,13960.0,13605.0,13915.0,425508,193010,13790.0,锌,金属类,SHFE,ZN0
2016-02-22,13945.0,14285.0,13870.0,14220.0,446626,205948,14110.0,锌,金属类,SHFE,ZN0
2016-02-23,14270.0,14320.0,14060.0,14140.0,461744,199672,14185.0,锌,金属类,SHFE,ZN0
2016-02-24,14115.0,14125.0,13870.0,13955.0,434868,177594,14000.0,锌,金属类,SHFE,ZN0
2016-02-25,13965.0,14360.0,13915.0,14070.0,602836,179230,14160.0,锌,金属类,SHFE,ZN0
2016-02-26,14120.0,14140.0,13815.0,13945.0,666318,160286,13965.0,锌,金属类,SHFE,ZN0
2016-02-29,13980.0,14235.0,13935.0,14050.0,647704,144680,14075.0,锌,金属类,SHFE,ZN0
2016-03-01,14215.0,14215.0,13860.0,14100.0,352114,131290,14070.0,锌,金属类,SHFE,ZN0
2016-03-02,14215.0,14430.0,14120.0,14370.0,395026,173068,14285.0,锌,金属类,SHFE,ZN0
2016-03-03,14360.0,14480.0,14315.0,14420.0,495832,196780,14395.0,锌,金属类,SHFE,ZN0
2016-03-04,14490.0,14680.0,14410.0,14480.0,627482,190326,14505.0,锌,金属类,SHFE,ZN0
2016-03-07,14490.0,14785.0,14355.0,14420.0,1033434,199524,14535.0,锌,金属类,SHFE,ZN0
2016-03-08,14485.0,14615.0,14165.0,14290.0,850516,181098,14355.0,锌,金属类,SHFE,ZN0
2016-03-09,14355.0,14370.0,13785.0,14090.0,785172,171398,14060.0,锌,金属类,SHFE,ZN0
2016-03-10,14190.0,14295.0,14030.0,14065.0,566740,179150,14150.0,锌,金属类,SHFE,ZN0
2016-03-11,14095.0,14165.0,13985.0,14160.0,449450,175018,14075.0,锌,金属类,SHFE,ZN0
2016-03-14,14115.0,14335.0,14100.0,14180.0,513666,182740,14210.0,锌,金属类,SHFE,ZN0
2016-03-15,14200.0,14245.0,14025.0,14060.0,438642,177030,14115.0,锌,金属类,SHFE,ZN0
2016-03-16,13990.0,14075.0,13825.0,13970.0,518388,168932,13930.0,锌,金属类,SHFE,ZN0
2016-03-17,13930.0,14185.0,13920.0,14170.0,400660,159360,14060.0,锌,金属类,SHFE,ZN0
2016-03-18,14185.0,14595.0,14170.0,14405.0,614274,170160,14380.0,锌,金属类,SHFE,ZN0
2016-03-21,14460.0,14560.0,14290.0,14400.0,448350,166358,14420.0,锌,金属类,SHFE,ZN0
2016-03-22,14450.0,14585.0,14400.0,14440.0,403238,163904,14480.0,锌,金属类,SHFE,ZN0
2016-03-23,14445.0,14520.0,14355.0,14385.0,293180,151282,14425.0,锌,金属类,SHFE,ZN0
2016-03-24,14385.0,14385.0,14180.0,14200.0,336172,136934,14255.0,锌,金属类,SHFE,ZN0
2016-03-25,14120.0,14250.0,14060.0,14250.0,167050,131068,14170.0,锌,金属类,SHFE,ZN0
2016-03-28,14285.0,14350.0,14205.0,14205.0,150100,122722,14280.0,锌,金属类,SHFE,ZN0
2016-03-29,14265.0,14410.0,14125.0,14180.0,91728,127008,14270.0,锌,金属类,SHFE,ZN0
2016-03-30,14250.0,14275.0,14080.0,14140.0,140428,130210,14175.0,锌,金属类,SHFE,ZN0
2016-03-31,14140.0,14300.0,14075.0,14140.0,153372,133454,14170.0,锌,金属类,SHFE,ZN0
2016-04-01,14200.0,14475.0,14155.0,14445.0,242164,155220,14345.0,锌,金属类,SHFE,ZN0
2016-04-05,14380.0,14430.0,14345.0,14350.0,2290,35350,14385.0,锌,金属类,SHFE,ZN0
2016-04-06,14390.0,14410.0,14220.0,14240.0,235568,166608,14330.0,锌,金属类,SHFE,ZN0
2016-04-07,14200.0,14305.0,14160.0,14185.0,235488,158466,14240.0,锌,金属类,SHFE,ZN0
2016-04-08,14050.0,14085.0,13900.0,13955.0,330896,175514,13980.0,锌,金属类,SHFE,ZN0
2016-04-11,13980.0,14200.0,13965.0,14055.0,307442,178472,14095.0,锌,金属类,SHFE,ZN0
2016-04-12,14020.0,14140.0,14015.0,14115.0,243594,186600,14075.0,锌,金属类,SHFE,ZN0
2016-04-13,14280.0,14775.0,14235.0,14775.0,561464,211782,14600.0,锌,金属类,SHFE,ZN0
2016-04-14,14810.0,15200.0,14740.0,14865.0,779818,207338,14980.0,锌,金属类,SHFE,ZN0
2016-04-15,14980.0,15025.0,14760.0,14925.0,485822,209612,14895.0,锌,金属类,SHFE,ZN0
2016-04-18,14900.0,15315.0,14815.0,14990.0,713690,222694,15065.0,锌,金属类,SHFE,ZN0
2016-04-19,15200.0,15275.0,14945.0,15140.0,543140,220084,15110.0,锌,金属类,SHFE,ZN0
2016-04-20,15170.0,15310.0,15030.0,15130.0,532926,210134,15160.0,锌,金属类,SHFE,ZN0
2016-04-21,15200.0,15460.0,15040.0,15325.0,653826,211608,15215.0,锌,金属类,SHFE,ZN0
2016-04-22,15420.0,15455.0,14825.0,15050.0,620886,178030,15045.0,锌,金属类,SHFE,ZN0
2016-04-25,15100.0,15500.0,14965.0,15120.0,490190,163432,15165.0,锌,金属类,SHFE,ZN0
2016-04-26,15080.0,15115.0,14775.0,14790.0,351856,146982,14970.0,锌,金属类,SHFE,ZN0
2016-04-27,14910.0,15060.0,14805.0,14925.0,267814,135750,14935.0,锌,金属类,SHFE,ZN0
2016-04-28,14985.0,15025.0,14790.0,14900.0,275844,123066,14870.0,锌,金属类,SHFE,ZN0
2016-04-29,14930.0,15320.0,14890.0,15290.0,306392,116350,15135.0,锌,金属类,SHFE,ZN0
2016-05-03,15250.0,15390.0,15155.0,15345.0,116524,150620,15260.0,锌,金属类,SHFE,ZN0
2016-05-04,15180.0,15260.0,14900.0,14925.0,213356,145928,15065.0,锌,金属类,SHFE,ZN0
2016-05-05,14960.0,15080.0,14885.0,14900.0,303390,158154,14975.0,锌,金属类,SHFE,ZN0
2016-05-06,14955.0,15010.0,14715.0,14865.0,395974,164638,14825.0,锌,金属类,SHFE,ZN0
2016-05-09,14850.0,15135.0,14650.0,14745.0,549774,182614,14875.0,锌,金属类,SHFE,ZN0
2016-05-10,14780.0,14795.0,14515.0,14715.0,382792,168902,14645.0,锌,金属类,SHFE,ZN0
2016-05-11,14700.0,14935.0,14630.0,14905.0,378172,177578,14785.0,锌,金属类,SHFE,ZN0
2016-05-12,15030.0,15260.0,14940.0,15180.0,488800,189886,15105.0,锌,金属类,SHFE,ZN0
2016-05-13,15180.0,15275.0,14730.0,15020.0,575576,182376,14975.0,锌,金属类,SHFE,ZN0
2016-05-16,14950.0,15170.0,14925.0,15105.0,433922,196174,15070.0,锌,金属类,SHFE,ZN0
2016-05-17,15060.0,15220.0,15005.0,15190.0,327140,192568,15125.0,锌,金属类,SHFE,ZN0
2016-05-18,15115.0,15270.0,14955.0,15005.0,379444,174598,15100.0,锌,金属类,SHFE,ZN0
2016-05-19,14990.0,15095.0,14905.0,14945.0,296070,166442,15005.0,锌,金属类,SHFE,ZN0
2016-05-20,14865.0,15030.0,14805.0,15010.0,249428,161664,14920.0,锌,金属类,SHFE,ZN0
2016-05-23,15070.0,15150.0,14740.0,14825.0,386476,154576,14920.0,锌,金属类,SHFE,ZN0
2016-05-24,14775.0,14850.0,14445.0,14465.0,486502,175038,14645.0,锌,金属类,SHFE,ZN0
2016-05-25,14595.0,14700.0,14490.0,14525.0,405952,167378,14575.0,锌,金属类,SHFE,ZN0
2016-05-26,14630.0,14955.0,14575.0,14920.0,391056,152090,14715.0,锌,金属类,SHFE,ZN0
2016-05-27,14950.0,15050.0,14810.0,15005.0,350080,141640,14935.0,锌,金属类,SHFE,ZN0
2016-05-30,15070.0,15095.0,14950.0,15045.0,231786,131122,15015.0,锌,金属类,SHFE,ZN0
2016-05-31,15060.0,15130.0,14920.0,15095.0,193010,117952,15040.0,锌,金属类,SHFE,ZN0
2016-06-01,15185.0,15205.0,14920.0,14970.0,177388,131056,15065.0,锌,金属类,SHFE,ZN0
2016-06-02,15000.0,15690.0,14935.0,15580.0,657278,217180,15445.0,锌,金属类,SHFE,ZN0
2016-06-03,15580.0,15630.0,15365.0,15590.0,418406,211698,15515.0,锌,金属类,SHFE,ZN0
2016-06-06,15700.0,15890.0,15580.0,15750.0,461252,226948,15740.0,锌,金属类,SHFE,ZN0
2016-06-07,15800.0,15870.0,15630.0,15755.0,343848,231406,15755.0,锌,金属类,SHFE,ZN0
2016-06-08,15705.0,15735.0,15475.0,15625.0,385858,218614,15570.0,锌,金属类,SHFE,ZN0
2016-06-13,15890.0,16070.0,15760.0,15860.0,284918,230354,15895.0,锌,金属类,SHFE,ZN0
2016-06-14,15895.0,15980.0,15690.0,15705.0,337120,227986,15840.0,锌,金属类,SHFE,ZN0
2016-06-15,15650.0,15730.0,15555.0,15725.0,323680,213030,15640.0,锌,金属类,SHFE,ZN0
2016-06-16,15830.0,15875.0,15540.0,15595.0,302736,206594,15690.0,锌,金属类,SHFE,ZN0
2016-06-17,15590.0,15690.0,15380.0,15645.0,318696,197624,15530.0,锌,金属类,SHFE,ZN0
2016-06-20,15530.0,15665.0,15460.0,15590.0,278240,191632,15560.0,锌,金属类,SHFE,ZN0
2016-06-21,15600.0,15795.0,15550.0,15655.0,285762,186582,15695.0,锌,金属类,SHFE,ZN0
2016-06-22,15600.0,15810.0,15535.0,15770.0,292744,189214,15695.0,锌,金属类,SHFE,ZN0
2016-06-23,15810.0,15850.0,15690.0,15790.0,217906,185074,15765.0,锌,金属类,SHFE,ZN0
2016-06-24,15765.0,15820.0,15460.0,15495.0,323172,163300,15635.0,锌,金属类,SHFE,ZN0
2016-06-27,15525.0,15730.0,15500.0,15685.0,263356,159694,15630.0,锌,金属类,SHFE,ZN0
2016-06-28,15620.0,15945.0,15550.0,15900.0,351896,161226,15735.0,锌,金属类,SHFE,ZN0
2016-06-29,16010.0,16345.0,15975.0,16210.0,417438,157604,16155.0,锌,金属类,SHFE,ZN0
2016-06-30,16200.0,16520.0,16140.0,16450.0,203890,192138,16365.0,锌,金属类,SHFE,ZN0
2016-07-01,16445.0,16570.0,16300.0,16545.0,246792,219258,16445.0,锌,金属类,SHFE,ZN0
2016-07-04,16565.0,16975.0,16530.0,16755.0,482648,243674,16775.0,锌,金属类,SHFE,ZN0
2016-07-05,16740.0,16760.0,16320.0,16450.0,408016,226580,16505.0,锌,金属类,SHFE,ZN0
2016-07-06,16570.0,16620.0,16270.0,16420.0,501674,229296,16430.0,锌,金属类,SHFE,ZN0
2016-07-07,16220.0,16600.0,16130.0,16395.0,399630,227466,16420.0,锌,金属类,SHFE,ZN0
2016-07-08,16430.0,16505.0,16250.0,16465.0,425202,235612,16390.0,锌,金属类,SHFE,ZN0
2016-07-11,16580.0,16830.0,16480.0,16805.0,389136,247458,16640.0,锌,金属类,SHFE,ZN0
2016-07-12,16780.0,16860.0,16650.0,16770.0,299680,248244,16740.0,锌,金属类,SHFE,ZN0
2016-07-13,16980.0,17200.0,16860.0,16905.0,574996,251686,17025.0,锌,金属类,SHFE,ZN0
2016-07-14,16970.0,17000.0,16795.0,16990.0,327256,243374,16900.0,锌,金属类,SHFE,ZN0
2016-07-15,17000.0,17130.0,16855.0,17055.0,315914,247128,16970.0,锌,金属类,SHFE,ZN0
2016-07-18,17160.0,17250.0,16845.0,16940.0,434324,255604,17045.0,锌,金属类,SHFE,ZN0
2016-07-19,16985.0,17340.0,16945.0,17290.0,525210,275322,17160.0,锌,金属类,SHFE,ZN0
2016-07-20,17300.0,17330.0,17100.0,17205.0,414656,267430,17215.0,锌,金属类,SHFE,ZN0
2016-07-21,17075.0,17395.0,17000.0,17380.0,408666,275840,17195.0,锌,金属类,SHFE,ZN0
2016-07-22,17385.0,17555.0,17270.0,17285.0,511672,277190,17395.0,锌,金属类,SHFE,ZN0
2016-07-25,17300.0,17450.0,17135.0,17425.0,435580,270778,17305.0,锌,金属类,SHFE,ZN0
2016-07-26,17410.0,17445.0,17095.0,17165.0,423720,251700,17260.0,锌,金属类,SHFE,ZN0
2016-07-27,17165.0,17215.0,16930.0,17015.0,421572,223808,17080.0,锌,金属类,SHFE,ZN0
2016-07-28,16980.0,17025.0,16730.0,16880.0,399250,179326,16860.0,锌,金属类,SHFE,ZN0
2016-07-29,16950.0,17140.0,16895.0,16930.0,166588,210072,17005.0,锌,金属类,SHFE,ZN0
2016-08-01,17050.0,17435.0,16935.0,17430.0,266158,231096,17220.0,锌,金属类,SHFE,ZN0
2016-08-02,17405.0,17465.0,17310.0,17440.0,198138,242718,17380.0,锌,金属类,SHFE,ZN0
2016-08-03,17510.0,17605.0,17260.0,17320.0,287244,251052,17430.0,锌,金属类,SHFE,ZN0
2016-08-04,17355.0,17465.0,17210.0,17310.0,306510,261154,17330.0,锌,金属类,SHFE,ZN0
2016-08-05,17250.0,17460.0,17230.0,17435.0,297964,267916,17355.0,锌,金属类,SHFE,ZN0
2016-08-08,17430.0,17550.0,17310.0,17535.0,278206,281022,17420.0,锌,金属类,SHFE,ZN0
2016-08-09,17540.0,17565.0,17310.0,17325.0,281198,266432,17430.0,锌,金属类,SHFE,ZN0
2016-08-10,17290.0,17800.0,17270.0,17790.0,363428,309736,17520.0,锌,金属类,SHFE,ZN0
2016-08-11,17780.0,17840.0,17590.0,17655.0,349510,303918,17705.0,锌,金属类,SHFE,ZN0
2016-08-12,17650.0,17680.0,17490.0,17495.0,297940,289760,17555.0,锌,金属类,SHFE,ZN0
2016-08-15,17355.0,17440.0,17100.0,17115.0,400612,266078,17275.0,锌,金属类,SHFE,ZN0
2016-08-16,17170.0,17415.0,17150.0,17335.0,289172,261842,17310.0,锌,金属类,SHFE,ZN0
2016-08-17,17350.0,17370.0,17215.0,17250.0,241688,249590,17280.0,锌,金属类,SHFE,ZN0
2016-08-18,17300.0,17585.0,17270.0,17550.0,340112,263948,17440.0,锌,金属类,SHFE,ZN0
2016-08-19,17600.0,17605.0,17395.0,17505.0,226774,243346,17495.0,锌,金属类,SHFE,ZN0
2016-08-22,17485.0,17575.0,17380.0,17385.0,247782,238124,17480.0,锌,金属类,SHFE,ZN0
2016-08-23,17435.0,17660.0,17405.0,17565.0,258446,240336,17535.0,锌,金属类,SHFE,ZN0
2016-08-24,17555.0,17670.0,17535.0,17595.0,197852,235898,17590.0,锌,金属类,SHFE,ZN0
2016-08-25,17595.0,17645.0,17330.0,17505.0,366580,219148,17460.0,锌,金属类,SHFE,ZN0
2016-08-26,17510.0,18030.0,17500.0,17940.0,529324,257040,17820.0,锌,金属类,SHFE,ZN0
2016-08-29,18025.0,18120.0,17885.0,17965.0,364106,244144,17965.0,锌,金属类,SHFE,ZN0
2016-08-30,17965.0,17980.0,17820.0,17865.0,274692,222034,17885.0,锌,金属类,SHFE,ZN0
2016-08-31,17895.0,18130.0,17860.0,17955.0,278560,290696,18015.0,锌,金属类,SHFE,ZN0
2016-09-01,18000.0,18370.0,17965.0,18345.0,307828,332138,18170.0,锌,金属类,SHFE,ZN0
2016-09-02,18300.0,18550.0,18230.0,18515.0,319008,348710,18410.0,锌,金属类,SHFE,ZN0
2016-09-05,18555.0,18595.0,18340.0,18400.0,363022,331278,18440.0,锌,金属类,SHFE,ZN0
2016-09-06,18410.0,18460.0,18190.0,18285.0,312758,321234,18310.0,锌,金属类,SHFE,ZN0
2016-09-07,18245.0,18320.0,18100.0,18235.0,310242,310582,18205.0,锌,金属类,SHFE,ZN0
2016-09-08,18280.0,18375.0,17980.0,18045.0,424846,308286,18140.0,锌,金属类,SHFE,ZN0
2016-09-09,18020.0,18205.0,17920.0,18155.0,347410,308740,18095.0,锌,金属类,SHFE,ZN0
2016-09-12,18090.0,18145.0,17660.0,17720.0,425478,283614,17880.0,锌,金属类,SHFE,ZN0
2016-09-13,17730.0,17880.0,17640.0,17770.0,292798,276084,17770.0,锌,金属类,SHFE,ZN0
2016-09-14,17790.0,17835.0,17495.0,17570.0,432280,263898,17620.0,锌,金属类,SHFE,ZN0
2016-09-19,17550.0,17645.0,17450.0,17525.0,214076,265858,17530.0,锌,金属类,SHFE,ZN0
2016-09-20,17560.0,17945.0,17555.0,17915.0,395300,266488,17820.0,锌,金属类,SHFE,ZN0
2016-09-21,17975.0,18160.0,17905.0,17935.0,368290,252536,18005.0,锌,金属类,SHFE,ZN0
2016-09-22,17940.0,18045.0,17720.0,17910.0,401354,240630,17900.0,锌,金属类,SHFE,ZN0
2016-09-23,17980.0,18060.0,17850.0,17950.0,304630,226092,17950.0,锌,金属类,SHFE,ZN0
2016-09-26,17900.0,17915.0,17560.0,17660.0,396132,222622,17715.0,锌,金属类,SHFE,ZN0
2016-09-27,17705.0,18080.0,17655.0,18020.0,394270,210684,17840.0,锌,金属类,SHFE,ZN0
2016-09-28,18090.0,18110.0,17920.0,18040.0,314098,199662,18020.0,锌,金属类,SHFE,ZN0
2016-09-29,18020.0,18290.0,17990.0,18180.0,286318,181506,18180.0,锌,金属类,SHFE,ZN0
2016-09-30,18235.0,18330.0,18150.0,18275.0,139456,181474,18230.0,锌,金属类,SHFE,ZN0
2016-10-10,18200.0,18480.0,18040.0,18390.0,154682,193770,18290.0,锌,金属类,SHFE,ZN0
2016-10-11,18310.0,18370.0,18095.0,18170.0,285246,205116,18215.0,锌,金属类,SHFE,ZN0
2016-10-12,18020.0,18020.0,17735.0,17790.0,400856,215874,17825.0,锌,金属类,SHFE,ZN0
2016-10-13,17855.0,17975.0,17705.0,17750.0,335120,225498,17835.0,锌,金属类,SHFE,ZN0
2016-10-14,17660.0,17910.0,17520.0,17825.0,419444,220276,17737.0,锌,金属类,SHFE,ZN0
2016-10-17,17815.0,18090.0,17810.0,17990.0,403608,216584,17945.0,锌,金属类,SHFE,ZN0
2016-10-18,18050.0,18280.0,17885.0,18210.0,390584,221454,18060.0,锌,金属类,SHFE,ZN0
2016-10-19,18200.0,18295.0,18090.0,18160.0,341726,213156,18180.0,锌,金属类,SHFE,ZN0
2016-10-20,18170.0,18380.0,18020.0,18275.0,364932,218918,18220.0,锌,金属类,SHFE,ZN0
2016-10-21,18200.0,18290.0,18120.0,18200.0,289800,215250,18205.0,锌,金属类,SHFE,ZN0
2016-10-24,18100.0,18235.0,18040.0,18175.0,361996,213806,18140.0,锌,金属类,SHFE,ZN0
2016-10-25,18305.0,19045.0,18295.0,19010.0,535570,223252,18715.0,锌,金属类,SHFE,ZN0
2016-10-26,19075.0,19130.0,18720.0,18885.0,395938,211198,18885.0,锌,金属类,SHFE,ZN0
2016-10-27,18825.0,19000.0,18700.0,18875.0,341180,208878,18830.0,锌,金属类,SHFE,ZN0
2016-10-28,18935.0,19180.0,18840.0,19095.0,307016,202966,19010.0,锌,金属类,SHFE,ZN0
2016-10-31,19165.0,19385.0,19055.0,19320.0,216510,229738,19215.0,锌,金属类,SHFE,ZN0
2016-11-01,19385.0,20005.0,19310.0,19755.0,527768,253948,19760.0,锌,金属类,SHFE,ZN0
2016-11-02,19735.0,19785.0,19285.0,19380.0,434130,253280,19550.0,锌,金属类,SHFE,ZN0
2016-11-03,19370.0,19695.0,19275.0,19640.0,335448,271812,19465.0,锌,金属类,SHFE,ZN0
2016-11-04,19655.0,20015.0,19545.0,19760.0,510092,268666,19800.0,锌,金属类,SHFE,ZN0
2016-11-07,19705.0,20225.0,19570.0,20070.0,482574,278680,19850.0,锌,金属类,SHFE,ZN0
2016-11-08,19980.0,20140.0,19765.0,19865.0,402672,267536,19955.0,锌,金属类,SHFE,ZN0
2016-11-09,19865.0,20415.0,19630.0,19840.0,672164,257688,20000.0,锌,金属类,SHFE,ZN0
2016-11-10,19900.0,20965.0,19805.0,20845.0,1071932,277466,20430.0,锌,金属类,SHFE,ZN0
2016-11-11,20770.0,20955.0,20470.0,20910.0,612050,263988,20720.0,锌,金属类,SHFE,ZN0
2016-11-14,20785.0,21795.0,20000.0,21275.0,1171850,248924,20850.0,锌,金属类,SHFE,ZN0
2016-11-15,21230.0,22100.0,20855.0,21115.0,1170376,261496,21470.0,锌,金属类,SHFE,ZN0
2016-11-16,21010.0,21780.0,20870.0,21255.0,865648,260562,21340.0,锌,金属类,SHFE,ZN0
2016-11-17,21195.0,21335.0,20245.0,20570.0,690764,243348,20795.0,锌,金属类,SHFE,ZN0
2016-11-18,20625.0,20925.0,20485.0,20890.0,590784,238522,20685.0,锌,金属类,SHFE,ZN0
2016-11-21,20985.0,21475.0,20700.0,21365.0,856132,254926,21110.0,锌,金属类,SHFE,ZN0
2016-11-22,21310.0,21880.0,21115.0,21800.0,575752,255266,21525.0,锌,金属类,SHFE,ZN0
2016-11-23,21730.0,21790.0,21385.0,21590.0,478936,240322,21580.0,锌,金属类,SHFE,ZN0
2016-11-24,21480.0,22870.0,21400.0,22570.0,801494,237204,22255.0,锌,金属类,SHFE,ZN0
2016-11-25,22535.0,23090.0,22500.0,23045.0,586130,227362,22815.0,锌,金属类,SHFE,ZN0
2016-11-28,23095.0,24410.0,23010.0,24410.0,515976,214536,23695.0,锌,金属类,SHFE,ZN0
2016-11-29,24300.0,25060.0,23490.0,23780.0,875196,165694,24245.0,锌,金属类,SHFE,ZN0
2016-11-30,24000.0,24020.0,22590.0,22590.0,441120,176872,23075.0,锌,金属类,SHFE,ZN0
2016-12-01,22685.0,23230.0,22380.0,22940.0,448810,191382,22830.0,锌,金属类,SHFE,ZN0
2016-12-02,23020.0,23205.0,22010.0,22350.0,507434,195386,22645.0,锌,金属类,SHFE,ZN0
2016-12-05,22170.0,22870.0,22070.0,22710.0,606052,228462,22480.0,锌,金属类,SHFE,ZN0
2016-12-06,22750.0,23470.0,22750.0,22905.0,699708,241980,23050.0,锌,金属类,SHFE,ZN0
2016-12-07,22925.0,23525.0,22805.0,23310.0,669040,250362,23185.0,锌,金属类,SHFE,ZN0
2016-12-08,23460.0,23735.0,22580.0,22850.0,702104,245226,23120.0,锌,金属类,SHFE,ZN0
2016-12-09,23000.0,23075.0,22160.0,22615.0,734204,233912,22510.0,锌,金属类,SHFE,ZN0
2016-12-12,22650.0,22985.0,22315.0,22370.0,597642,240086,22670.0,锌,金属类,SHFE,ZN0
2016-12-13,22520.0,22720.0,22230.0,22600.0,577424,226062,22490.0,锌,金属类,SHFE,ZN0
2016-12-14,22800.0,22845.0,21890.0,22485.0,545890,227840,22410.0,锌,金属类,SHFE,ZN0
2016-12-15,22635.0,23150.0,22310.0,22930.0,624952,231896,22730.0,锌,金属类,SHFE,ZN0
2016-12-16,22725.0,23150.0,22350.0,22615.0,538082,215244,22745.0,锌,金属类,SHFE,ZN0
2016-12-19,22440.0,22575.0,21500.0,21550.0,588708,211528,22195.0,锌,金属类,SHFE,ZN0
2016-12-20,21450.0,21535.0,20740.0,20990.0,618812,195482,21110.0,锌,金属类,SHFE,ZN0
2016-12-21,21205.0,21490.0,21125.0,21320.0,402546,194150,21295.0,锌,金属类,SHFE,ZN0
2016-12-22,21280.0,21355.0,20690.0,20830.0,406682,189448,21075.0,锌,金属类,SHFE,ZN0
2016-12-23,20770.0,21390.0,20755.0,21260.0,581860,188838,21155.0,锌,金属类,SHFE,ZN0
2016-12-26,21145.0,21255.0,19670.0,19805.0,615064,168268,20375.0,锌,金属类,SHFE,ZN0
2016-12-27,19810.0,20325.0,19730.0,20265.0,448214,144844,19985.0,锌,金属类,SHFE,ZN0
2016-12-28,20295.0,21160.0,20150.0,20650.0,295452,154670,20710.0,锌,金属类,SHFE,ZN0
2016-12-29,20790.0,21500.0,20600.0,21095.0,285888,169946,21015.0,锌,金属类,SHFE,ZN0
2016-12-30,21015.0,21135.0,20635.0,21045.0,269094,172370,20895.0,锌,金属类,SHFE,ZN0
2017-01-02,21015.0,21135.0,20635.0,21015.0,0,172370,0.0,锌,金属类,SHFE,ZN0
2017-01-03,21210.0,21370.0,20930.0,21045.0,171448,170468,21135.0,锌,金属类,SHFE,ZN0
2017-01-04,21120.0,21290.0,20680.0,21180.0,502512,186160,20975.0,锌,金属类,SHFE,ZN0
2017-01-05,21055.0,21735.0,21055.0,21355.0,697788,200310,21430.0,锌,金属类,SHFE,ZN0
2017-01-06,21360.0,21560.0,21160.0,21215.0,590844,202156,21375.0,锌,金属类,SHFE,ZN0
2017-01-09,21210.0,21785.0,21085.0,21775.0,639640,223050,21465.0,锌,金属类,SHFE,ZN0
2017-01-10,21715.0,22735.0,21640.0,22555.0,795712,238524,22130.0,锌,金属类,SHFE,ZN0
2017-01-11,22685.0,22815.0,22350.0,22485.0,575184,231702,22560.0,锌,金属类,SHFE,ZN0
2017-01-12,22450.0,22655.0,22160.0,22430.0,726540,228404,22430.0,锌,金属类,SHFE,ZN0
2017-01-13,22510.0,22835.0,22210.0,22405.0,682378,217394,22525.0,锌,金属类,SHFE,ZN0
2017-01-16,22450.0,23160.0,22360.0,22770.0,790566,219320,22830.0,锌,金属类,SHFE,ZN0
2017-01-17,22760.0,22880.0,21765.0,22050.0,713856,209744,22370.0,锌,金属类,SHFE,ZN0
2017-01-18,22130.0,22595.0,22030.0,22395.0,715374,200286,22330.0,锌,金属类,SHFE,ZN0
2017-01-19,22380.0,22560.0,22155.0,22300.0,592206,194270,22400.0,锌,金属类,SHFE,ZN0
2017-01-20,22450.0,22595.0,21990.0,22145.0,623114,180750,22355.0,锌,金属类,SHFE,ZN0
2017-01-23,22305.0,23010.0,22140.0,22815.0,611472,183464,22625.0,锌,金属类,SHFE,ZN0
2017-01-24,22830.0,22885.0,22580.0,22760.0,423496,178086,22735.0,锌,金属类,SHFE,ZN0
2017-01-25,22900.0,23065.0,22705.0,22830.0,368750,166066,22865.0,锌,金属类,SHFE,ZN0
2017-01-26,22710.0,23425.0,22570.0,23205.0,377530,159562,22860.0,锌,金属类,SHFE,ZN0
2017-02-03,23275.0,23275.0,22385.0,22645.0,220802,156378,22790.0,锌,金属类,SHFE,ZN0
2017-02-06,22600.0,22800.0,22360.0,22420.0,324268,153850,22615.0,锌,金属类,SHFE,ZN0
2017-02-07,22430.0,22800.0,22410.0,22675.0,319360,146858,22610.0,锌,金属类,SHFE,ZN0
2017-02-08,22630.0,23150.0,22585.0,22945.0,425762,150824,22900.0,锌,金属类,SHFE,ZN0
2017-02-09,22990.0,23220.0,22915.0,22980.0,408402,146640,23075.0,锌,金属类,SHFE,ZN0
2017-02-10,23125.0,23575.0,23010.0,23415.0,450886,147820,23215.0,锌,金属类,SHFE,ZN0
2017-02-13,23615.0,24390.0,23570.0,24000.0,311422,162852,23970.0,锌,金属类,SHFE,ZN0
2017-02-14,24030.0,24105.0,23710.0,23890.0,254332,165228,23880.0,锌,金属类,SHFE,ZN0
2017-02-15,23860.0,23950.0,23335.0,23655.0,395162,162342,23615.0,锌,金属类,SHFE,ZN0
2017-02-16,23600.0,23830.0,23210.0,23340.0,477908,163218,23565.0,锌,金属类,SHFE,ZN0
2017-02-17,23200.0,23520.0,23130.0,23280.0,455468,168878,23340.0,锌,金属类,SHFE,ZN0
2017-02-20,23240.0,23270.0,22740.0,23005.0,518410,166664,22915.0,锌,金属类,SHFE,ZN0
2017-02-21,23250.0,23630.0,23240.0,23440.0,494026,169930,23435.0,锌,金属类,SHFE,ZN0
2017-02-22,23490.0,23535.0,23035.0,23170.0,409010,174576,23285.0,锌,金属类,SHFE,ZN0
2017-02-23,23280.0,23490.0,22790.0,22985.0,477822,176694,23205.0,锌,金属类,SHFE,ZN0
2017-02-24,23150.0,23170.0,22465.0,22925.0,534810,165708,22775.0,锌,金属类,SHFE,ZN0
2017-02-27,22930.0,23180.0,22620.0,22780.0,559566,157506,22890.0,锌,金属类,SHFE,ZN0
2017-02-28,22875.0,23020.0,22705.0,22860.0,467526,150056,22875.0,锌,金属类,SHFE,ZN0
2017-03-01,22900.0,23310.0,22865.0,23290.0,508362,155090,23040.0,锌,金属类,SHFE,ZN0
2017-03-02,23380.0,23435.0,23195.0,23270.0,376168,149594,23315.0,锌,金属类,SHFE,ZN0
2017-03-03,23225.0,23230.0,22530.0,22880.0,436512,145186,22820.0,锌,金属类,SHFE,ZN0
2017-03-06,22940.0,22960.0,22255.0,22295.0,272564,191388,22640.0,锌,金属类,SHFE,ZN0
2017-03-07,22300.0,22460.0,22155.0,22240.0,255226,206398,22285.0,锌,金属类,SHFE,ZN0
2017-03-08,22180.0,22240.0,21790.0,22000.0,391312,230296,22000.0,锌,金属类,SHFE,ZN0
2017-03-09,22060.0,22155.0,21515.0,21610.0,397368,246670,21820.0,锌,金属类,SHFE,ZN0
2017-03-10,21620.0,22035.0,21610.0,21950.0,431888,259206,21830.0,锌,金属类,SHFE,ZN0
2017-03-13,22075.0,22620.0,21890.0,22550.0,824386,269206,22255.0,锌,金属类,SHFE,ZN0
2017-03-14,22535.0,22750.0,22350.0,22555.0,522258,271440,22515.0,锌,金属类,SHFE,ZN0
2017-03-15,22305.0,22870.0,22105.0,22770.0,696276,260918,22545.0,锌,金属类,SHFE,ZN0
2017-03-16,22810.0,23365.0,22810.0,23360.0,740988,256924,23130.0,锌,金属类,SHFE,ZN0
2017-03-17,23400.0,23535.0,23160.0,23365.0,545788,267544,23290.0,锌,金属类,SHFE,ZN0
2017-03-20,23520.0,23930.0,23415.0,23780.0,625342,272870,23690.0,锌,金属类,SHFE,ZN0
2017-03-21,23790.0,23840.0,23370.0,23445.0,607836,271178,23590.0,锌,金属类,SHFE,ZN0
2017-03-22,23565.0,23690.0,23025.0,23255.0,735780,265476,23325.0,锌,金属类,SHFE,ZN0
2017-03-23,23305.0,23590.0,23050.0,23415.0,694958,263520,23365.0,锌,金属类,SHFE,ZN0
2017-03-24,23325.0,23425.0,22900.0,23305.0,669786,262220,23140.0,锌,金属类,SHFE,ZN0
2017-03-27,23255.0,23410.0,22640.0,22665.0,866172,262016,23055.0,锌,金属类,SHFE,ZN0
2017-03-28,22720.0,22830.0,22365.0,22570.0,740480,247880,22580.0,锌,金属类,SHFE,ZN0
2017-03-29,22715.0,23410.0,22540.0,23380.0,831640,250268,22990.0,锌,金属类,SHFE,ZN0
2017-03-30,23330.0,23630.0,23260.0,23425.0,708126,234270,23430.0,锌,金属类,SHFE,ZN0
2017-03-31,23430.0,23780.0,23105.0,23380.0,795526,212720,23450.0,锌,金属类,SHFE,ZN0
2017-04-05,22825.0,23245.0,22800.0,23115.0,325784,194256,23085.0,锌,金属类,SHFE,ZN0
2017-04-06,23200.0,23310.0,22875.0,23090.0,505778,186814,23070.0,锌,金属类,SHFE,ZN0
2017-04-07,23150.0,23155.0,22030.0,22150.0,545738,227190,22570.0,锌,金属类,SHFE,ZN0
2017-04-10,22000.0,22395.0,21825.0,22035.0,558316,257472,22095.0,锌,金属类,SHFE,ZN0
2017-04-11,22105.0,22190.0,21270.0,21325.0,763308,297700,21630.0,锌,金属类,SHFE,ZN0
2017-04-12,21420.0,21555.0,21050.0,21275.0,830586,319512,21310.0,锌,金属类,SHFE,ZN0
2017-04-13,21200.0,21820.0,21140.0,21725.0,782258,326142,21505.0,锌,金属类,SHFE,ZN0
2017-04-14,21525.0,21750.0,21320.0,21425.0,697170,338716,21565.0,锌,金属类,SHFE,ZN0
2017-04-17,21430.0,22405.0,21395.0,21860.0,778450,333734,21845.0,锌,金属类,SHFE,ZN0
2017-04-18,21940.0,21980.0,21330.0,21400.0,697478,361712,21605.0,锌,金属类,SHFE,ZN0
2017-04-19,21395.0,21430.0,20700.0,21025.0,1065772,378572,20960.0,锌,金属类,SHFE,ZN0
2017-04-20,21070.0,21690.0,20875.0,21660.0,1148246,376906,21190.0,锌,金属类,SHFE,ZN0
2017-04-21,21695.0,21980.0,21595.0,21860.0,891020,363872,21790.0,锌,金属类,SHFE,ZN0
2017-04-24,21700.0,21730.0,21315.0,21525.0,850964,352552,21515.0,锌,金属类,SHFE,ZN0
2017-04-25,21565.0,21660.0,21350.0,21555.0,687766,332358,21485.0,锌,金属类,SHFE,ZN0
2017-04-26,21600.0,21830.0,21335.0,21645.0,687374,309888,21595.0,锌,金属类,SHFE,ZN0
2017-04-27,21715.0,21875.0,21630.0,21750.0,553098,301174,21725.0,锌,金属类,SHFE,ZN0
2017-04-28,21760.0,21970.0,21420.0,21900.0,792984,270888,21700.0,锌,金属类,SHFE,ZN0
2017-05-02,22010.0,22570.0,22010.0,22230.0,315994,254010,22305.0,锌,金属类,SHFE,ZN0
2017-05-03,22265.0,22265.0,21810.0,21895.0,412066,248210,22025.0,锌,金属类,SHFE,ZN0
2017-05-04,21745.0,21770.0,21135.0,21380.0,646716,240982,21533.0,锌,金属类,SHFE,ZN0
2017-05-05,21315.0,21630.0,21275.0,21305.0,558466,239066,21465.0,锌,金属类,SHFE,ZN0
2017-05-08,21220.0,21490.0,20970.0,21230.0,381874,260160,21220.0,锌,金属类,SHFE,ZN0
2017-05-09,21265.0,21700.0,21160.0,21655.0,307058,261220,21455.0,锌,金属类,SHFE,ZN0
2017-05-10,21715.0,21875.0,21555.0,21690.0,278614,269628,21700.0,锌,金属类,SHFE,ZN0
2017-05-11,21745.0,21965.0,21490.0,21945.0,381458,276704,21695.0,锌,金属类,SHFE,ZN0
2017-05-12,21915.0,21940.0,21455.0,21610.0,447850,295458,21618.0,锌,金属类,SHFE,ZN0
2017-05-15,21625.0,21695.0,21300.0,21600.0,578592,304844,21495.0,锌,金属类,SHFE,ZN0
2017-05-16,21615.0,21840.0,21160.0,21310.0,682230,344740,21375.0,锌,金属类,SHFE,ZN0
2017-05-17,21310.0,21680.0,21230.0,21520.0,598252,322488,21460.0,锌,金属类,SHFE,ZN0
2017-05-18,21505.0,21630.0,21300.0,21330.0,561708,332182,21445.0,锌,金属类,SHFE,ZN0
2017-05-19,20890.0,21620.0,20790.0,21430.0,925058,304372,21300.0,锌,金属类,SHFE,ZN0
2017-05-22,21855.0,22525.0,21740.0,22195.0,989506,303196,22150.0,锌,金属类,SHFE,ZN0
2017-05-23,22290.0,22510.0,22170.0,22370.0,593556,306930,22327.0,锌,金属类,SHFE,ZN0
2017-05-24,22415.0,22575.0,22150.0,22385.0,631654,308118,22355.0,锌,金属类,SHFE,ZN0
2017-05-25,22405.0,22515.0,22165.0,22245.0,635204,294924,22395.0,锌,金属类,SHFE,ZN0
2017-05-26,22210.0,22360.0,22085.0,22315.0,575498,273608,22240.0,锌,金属类,SHFE,ZN0
2017-05-31,22240.0,22520.0,21870.0,21875.0,485084,253020,22200.0,锌,金属类,SHFE,ZN0
2017-06-01,21925.0,22050.0,21655.0,21805.0,592116,228830,21838.0,锌,金属类,SHFE,ZN0
2017-06-02,21780.0,21880.0,21645.0,21770.0,437192,228406,21765.0,锌,金属类,SHFE,ZN0
2017-06-05,21600.0,21860.0,21410.0,21430.0,558178,221688,21630.0,锌,金属类,SHFE,ZN0
2017-06-06,21300.0,21460.0,21150.0,21160.0,464570,211916,21300.0,锌,金属类,SHFE,ZN0
2017-06-07,20710.0,20920.0,20435.0,20540.0,318470,254426,20665.0,锌,金属类,SHFE,ZN0
2017-06-08,20585.0,21120.0,20450.0,21060.0,422154,256260,20705.0,锌,金属类,SHFE,ZN0
2017-06-09,21030.0,21165.0,20910.0,21075.0,375042,261214,21035.0,锌,金属类,SHFE,ZN0
2017-06-12,21305.0,21575.0,21260.0,21405.0,364764,275390,21440.0,锌,金属类,SHFE,ZN0
2017-06-13,21400.0,21425.0,20630.0,20720.0,621514,286284,20970.0,锌,金属类,SHFE,ZN0
2017-06-14,20695.0,21110.0,20680.0,21040.0,577804,290026,20890.0,锌,金属类,SHFE,ZN0
2017-06-15,21060.0,21235.0,20885.0,21135.0,619646,283222,21055.0,锌,金属类,SHFE,ZN0
2017-06-16,21075.0,21335.0,20950.0,21140.0,517700,284630,21135.0,锌,金属类,SHFE,ZN0
2017-06-19,21130.0,21310.0,20960.0,21260.0,522876,274874,21135.0,锌,金属类,SHFE,ZN0
2017-06-20,21365.0,21480.0,21285.0,21420.0,450220,274082,21390.0,锌,金属类,SHFE,ZN0
2017-06-21,21395.0,21495.0,21215.0,21450.0,574704,278484,21365.0,锌,金属类,SHFE,ZN0
2017-06-22,21670.0,22090.0,21645.0,21990.0,727424,276400,21920.0,锌,金属类,SHFE,ZN0
2017-06-23,22300.0,22335.0,22010.0,22260.0,527994,279124,22135.0,锌,金属类,SHFE,ZN0
2017-06-26,22230.0,22230.0,21915.0,22110.0,554240,262232,22015.0,锌,金属类,SHFE,ZN0
2017-06-27,22130.0,22480.0,21955.0,22455.0,525524,267144,22120.0,锌,金属类,SHFE,ZN0
2017-06-28,22420.0,22655.0,22360.0,22580.0,563334,263118,22485.0,锌,金属类,SHFE,ZN0
2017-06-29,22455.0,22790.0,22380.0,22635.0,525858,256100,22570.0,锌,金属类,SHFE,ZN0
2017-06-30,22600.0,22770.0,22355.0,22745.0,503356,244704,22555.0,锌,金属类,SHFE,ZN0
2017-07-03,22680.0,23130.0,22620.0,23070.0,456238,243462,22800.0,锌,金属类,SHFE,ZN0
2017-07-04,23020.0,23160.0,22825.0,22940.0,450448,237784,23000.0,锌,金属类,SHFE,ZN0
2017-07-05,22750.0,23075.0,22730.0,22780.0,245062,250288,22915.0,锌,金属类,SHFE,ZN0
2017-07-06,22680.0,22820.0,22540.0,22800.0,239142,258916,22690.0,锌,金属类,SHFE,ZN0
2017-07-07,22800.0,23000.0,22705.0,22925.0,244942,267152,22825.0,锌,金属类,SHFE,ZN0
2017-07-10,22865.0,23125.0,22620.0,22640.0,397992,273216,22885.0,锌,金属类,SHFE,ZN0
2017-07-11,22675.0,23080.0,22485.0,22990.0,504556,284764,22793.0,锌,金属类,SHFE,ZN0
2017-07-12,22885.0,23410.0,22880.0,23330.0,551760,303986,23240.0,锌,金属类,SHFE,ZN0
2017-07-13,23390.0,23430.0,23110.0,23325.0,421526,298316,23275.0,锌,金属类,SHFE,ZN0
2017-07-14,23310.0,23310.0,22755.0,22920.0,496018,286480,22965.0,锌,金属类,SHFE,ZN0
2017-07-17,22840.0,23410.0,22810.0,23320.0,570024,298362,23050.0,锌,金属类,SHFE,ZN0
2017-07-18,23280.0,23365.0,22850.0,22980.0,468166,289590,23150.0,锌,金属类,SHFE,ZN0
2017-07-19,22930.0,23060.0,22780.0,23030.0,480938,290228,22915.0,锌,金属类,SHFE,ZN0
2017-07-20,22890.0,22980.0,22625.0,22820.0,622184,271254,22760.0,锌,金属类,SHFE,ZN0
2017-07-21,22820.0,22905.0,22565.0,22840.0,505150,266304,22790.0,锌,金属类,SHFE,ZN0
2017-07-24,22935.0,23150.0,22700.0,22955.0,608420,264304,22935.0,锌,金属类,SHFE,ZN0
2017-07-25,22950.0,23310.0,22920.0,23250.0,530150,262310,23100.0,锌,金属类,SHFE,ZN0
2017-07-26,23300.0,23650.0,23225.0,23265.0,669146,248876,23420.0,锌,金属类,SHFE,ZN0
2017-07-27,23180.0,23385.0,23180.0,23335.0,407124,244580,23295.0,锌,金属类,SHFE,ZN0
2017-07-28,23285.0,23445.0,22935.0,23075.0,562258,218540,23217.0,锌,金属类,SHFE,ZN0
2017-07-31,23040.0,23400.0,22970.0,23360.0,528608,200852,23170.0,锌,金属类,SHFE,ZN0
2017-08-01,23290.0,23345.0,22950.0,22955.0,358274,189582,23160.0,锌,金属类,SHFE,ZN0
2017-08-02,23020.0,23195.0,22855.0,23055.0,393322,185476,23015.0,锌,金属类,SHFE,ZN0
2017-08-03,23025.0,23650.0,23005.0,23390.0,449614,187456,23385.0,锌,金属类,SHFE,ZN0
2017-08-04,23425.0,23715.0,23230.0,23570.0,333282,183984,23445.0,锌,金属类,SHFE,ZN0
2017-08-07,23420.0,23675.0,23210.0,23450.0,351166,208014,23420.0,锌,金属类,SHFE,ZN0
2017-08-08,23550.0,24110.0,23470.0,23845.0,565718,238546,23890.0,锌,金属类,SHFE,ZN0
2017-08-09,23825.0,24820.0,23815.0,24730.0,756702,261158,24300.0,锌,金属类,SHFE,ZN0
2017-08-10,24650.0,24780.0,24260.0,24280.0,560416,255000,24465.0,锌,金属类,SHFE,ZN0
2017-08-11,24280.0,24455.0,23890.0,23955.0,651710,243286,24170.0,锌,金属类,SHFE,ZN0
2017-08-14,24095.0,24215.0,23880.0,24065.0,493990,231640,24065.0,锌,金属类,SHFE,ZN0
2017-08-15,24095.0,24440.0,23980.0,24260.0,528506,241706,24210.0,锌,金属类,SHFE,ZN0
2017-08-16,24310.0,24800.0,24195.0,24745.0,637894,274848,24505.0,锌,金属类,SHFE,ZN0
2017-08-17,25000.0,25975.0,24960.0,25975.0,634016,299136,25620.0,锌,金属类,SHFE,ZN0
2017-08-18,25900.0,26330.0,25660.0,26150.0,934492,304208,25965.0,锌,金属类,SHFE,ZN0
2017-08-21,26265.0,26750.0,25830.0,26400.0,1068416,309598,26320.0,锌,金属类,SHFE,ZN0
2017-08-22,26335.0,26480.0,26005.0,26310.0,681026,285098,26240.0,锌,金属类,SHFE,ZN0
2017-08-23,26355.0,26375.0,25640.0,25965.0,445832,299172,25950.0,锌,金属类,SHFE,ZN0
2017-08-24,25860.0,26295.0,25805.0,25930.0,358010,276966,26005.0,锌,金属类,SHFE,ZN0
2017-08-25,25925.0,26330.0,25820.0,26200.0,374540,275274,26083.0,锌,金属类,SHFE,ZN0
2017-08-28,26170.0,26270.0,25355.0,25830.0,417108,264252,25675.0,锌,金属类,SHFE,ZN0
2017-08-29,25790.0,25980.0,25450.0,25680.0,304264,246614,25735.0,锌,金属类,SHFE,ZN0
2017-08-30,25785.0,25980.0,25390.0,25900.0,335780,249304,25710.0,锌,金属类,SHFE,ZN0
2017-08-31,25750.0,25790.0,25520.0,25640.0,265284,227478,25645.0,锌,金属类,SHFE,ZN0
2017-09-01,25800.0,26140.0,25705.0,26015.0,283496,224702,25940.0,锌,金属类,SHFE,ZN0
2017-09-04,25955.0,26430.0,25860.0,26085.0,227112,206352,26170.0,锌,金属类,SHFE,ZN0
2017-09-05,26040.0,26220.0,25945.0,26070.0,119952,220628,26075.0,锌,金属类,SHFE,ZN0
2017-09-06,26010.0,26090.0,24820.0,25045.0,296250,216088,25400.0,锌,金属类,SHFE,ZN0
2017-09-07,25100.0,25310.0,24795.0,24860.0,239228,226072,25070.0,锌,金属类,SHFE,ZN0
2017-09-08,25030.0,25195.0,24385.0,24575.0,334352,232754,24900.0,锌,金属类,SHFE,ZN0
2017-09-11,24590.0,24985.0,24210.0,24905.0,343902,229724,24570.0,锌,金属类,SHFE,ZN0
2017-09-12,24930.0,25215.0,24740.0,25150.0,293810,233568,25000.0,锌,金属类,SHFE,ZN0
2017-09-13,24970.0,25145.0,24690.0,24825.0,239386,223840,24955.0,锌,金属类,SHFE,ZN0
2017-09-14,24760.0,24905.0,24505.0,24645.0,264470,225432,24725.0,锌,金属类,SHFE,ZN0
2017-09-15,24675.0,25080.0,24540.0,24620.0,320196,237084,24770.0,锌,金属类,SHFE,ZN0
2017-09-18,24720.0,25300.0,24290.0,25165.0,443200,253568,24850.0,锌,金属类,SHFE,ZN0
2017-09-19,25260.0,25665.0,25075.0,25425.0,320080,244500,25405.0,锌,金属类,SHFE,ZN0
2017-09-20,25415.0,25760.0,25120.0,25620.0,367566,264778,25450.0,锌,金属类,SHFE,ZN0
2017-09-21,25760.0,25820.0,25050.0,25205.0,338728,248086,25430.0,锌,金属类,SHFE,ZN0
2017-09-22,25180.0,25550.0,24445.0,24675.0,530280,255098,24965.0,锌,金属类,SHFE,ZN0
2017-09-25,25025.0,25350.0,24385.0,25175.0,461462,246606,24940.0,锌,金属类,SHFE,ZN0
2017-09-26,25235.0,25735.0,25120.0,25610.0,348688,237142,25465.0,锌,金属类,SHFE,ZN0
2017-09-27,25485.0,25980.0,25380.0,25890.0,329130,235104,25615.0,锌,金属类,SHFE,ZN0
2017-09-28,25840.0,25910.0,25340.0,25680.0,363146,228470,25610.0,锌,金属类,SHFE,ZN0
2017-09-29,25790.0,26145.0,25505.0,26070.0,367686,210338,25865.0,锌,金属类,SHFE,ZN0
2017-10-09,27140.0,27350.0,26920.0,27200.0,9282,24910,27136.0,锌,金属类,SHFE,ZN0
2017-10-10,26720.0,26790.0,26120.0,26240.0,226206,179088,26510.0,锌,金属类,SHFE,ZN0
2017-10-11,25970.0,26390.0,25825.0,26135.0,525512,223210,26135.0,锌,金属类,SHFE,ZN0
2017-10-12,26045.0,26180.0,25585.0,26070.0,674094,231154,25825.0,锌,金属类,SHFE,ZN0
2017-10-13,26120.0,26490.0,25980.0,26275.0,543958,237706,26180.0,锌,金属类,SHFE,ZN0
2017-10-16,26280.0,26420.0,25710.0,26285.0,819358,247768,26075.0,锌,金属类,SHFE,ZN0
2017-10-17,26250.0,26385.0,25420.0,25560.0,757970,227840,25855.0,锌,金属类,SHFE,ZN0
2017-10-18,25340.0,25445.0,24830.0,25295.0,470816,273550,25155.0,锌,金属类,SHFE,ZN0
2017-10-19,25435.0,25650.0,25190.0,25195.0,377908,263276,25390.0,锌,金属类,SHFE,ZN0
2017-10-20,25205.0,25675.0,25090.0,25505.0,318226,259644,25390.0,锌,金属类,SHFE,ZN0
2017-10-23,25495.0,25580.0,25050.0,25430.0,317090,252418,25360.0,锌,金属类,SHFE,ZN0
2017-10-24,25460.0,25875.0,25400.0,25745.0,242750,249932,25660.0,锌,金属类,SHFE,ZN0
2017-10-25,25845.0,25870.0,25500.0,25615.0,214726,246074,25690.0,锌,金属类,SHFE,ZN0
2017-10-26,25785.0,26150.0,25660.0,26005.0,254078,246944,25915.0,锌,金属类,SHFE,ZN0
2017-10-27,26095.0,26095.0,25500.0,25570.0,258102,226364,25815.0,锌,金属类,SHFE,ZN0
2017-10-30,25410.0,25860.0,25380.0,25825.0,221746,224100,25635.0,锌,金属类,SHFE,ZN0
2017-10-31,25835.0,26200.0,25705.0,26135.0,203036,211424,25920.0,锌,金属类,SHFE,ZN0
2017-11-01,26135.0,26825.0,25980.0,26155.0,219446,192950,26345.0,锌,金属类,SHFE,ZN0
2017-11-02,26055.0,26125.0,25785.0,25845.0,454672,201444,25950.0,锌,金属类,SHFE,ZN0
2017-11-03,25805.0,26120.0,25710.0,25935.0,520576,218332,25920.0,锌,金属类,SHFE,ZN0
2017-11-06,25835.0,26055.0,25655.0,25995.0,501614,224382,25835.0,锌,金属类,SHFE,ZN0
2017-11-07,26045.0,26110.0,25625.0,25705.0,474850,234470,25850.0,锌,金属类,SHFE,ZN0
2017-11-08,25665.0,25740.0,25285.0,25385.0,561540,238182,25475.0,锌,金属类,SHFE,ZN0
2017-11-09,25495.0,25620.0,25230.0,25495.0,524082,243454,25470.0,锌,金属类,SHFE,ZN0
2017-11-10,25450.0,25710.0,25380.0,25605.0,422720,241002,25539.0,锌,金属类,SHFE,ZN0
2017-11-13,25790.0,25920.0,25665.0,25820.0,414594,244174,25770.0,锌,金属类,SHFE,ZN0
2017-11-14,25700.0,25950.0,25640.0,25760.0,376174,235748,25790.0,锌,金属类,SHFE,ZN0
2017-11-15,25630.0,25780.0,24900.0,25010.0,739972,266026,25220.0,锌,金属类,SHFE,ZN0
2017-11-16,25100.0,25180.0,24880.0,25025.0,463388,262564,25045.0,锌,金属类,SHFE,ZN0
2017-11-17,25180.0,25245.0,24750.0,25115.0,515504,262992,25050.0,锌,金属类,SHFE,ZN0
2017-11-20,25140.0,25440.0,25045.0,25165.0,450826,252564,25225.0,锌,金属类,SHFE,ZN0
2017-11-21,25200.0,25350.0,24830.0,25160.0,581244,262366,25100.0,锌,金属类,SHFE,ZN0
2017-11-22,25275.0,25845.0,25195.0,25680.0,540856,235680,25535.0,锌,金属类,SHFE,ZN0
2017-11-23,25680.0,25755.0,25530.0,25550.0,365552,229328,25660.0,锌,金属类,SHFE,ZN0
2017-11-24,25625.0,25685.0,25410.0,25585.0,358284,214312,25545.0,锌,金属类,SHFE,ZN0
2017-11-27,25610.0,25620.0,24985.0,25020.0,449062,219180,25335.0,锌,金属类,SHFE,ZN0
2017-11-28,25055.0,25150.0,24720.0,24870.0,503008,214632,24960.0,锌,金属类,SHFE,ZN0
2017-11-29,24905.0,25035.0,24670.0,24810.0,475484,210434,24860.0,锌,金属类,SHFE,ZN0
2017-11-30,24690.0,24985.0,24585.0,24960.0,551274,188694,24810.0,锌,金属类,SHFE,ZN0
2017-12-01,25075.0,25260.0,24855.0,25185.0,418478,166806,25050.0,锌,金属类,SHFE,ZN0
2017-12-04,25315.0,25985.0,25280.0,25555.0,520936,139242,25570.0,锌,金属类,SHFE,ZN0
2017-12-05,25505.0,25520.0,25080.0,25100.0,251086,161454,25325.0,锌,金属类,SHFE,ZN0
2017-12-06,25040.0,25120.0,24345.0,24505.0,419442,175778,24695.0,锌,金属类,SHFE,ZN0
2017-12-07,24595.0,24845.0,24340.0,24495.0,502820,202376,24615.0,锌,金属类,SHFE,ZN0
2017-12-08,24550.0,24760.0,24210.0,24705.0,642820,217778,24505.0,锌,金属类,SHFE,ZN0
2017-12-11,24590.0,24980.0,24530.0,24640.0,536488,210430,24720.0,锌,金属类,SHFE,ZN0
2017-12-12,24695.0,25220.0,24580.0,24965.0,516382,202558,24885.0,锌,金属类,SHFE,ZN0
2017-12-13,25210.0,25250.0,24950.0,25190.0,477216,220856,25115.0,锌,金属类,SHFE,ZN0
2017-12-14,25215.0,25385.0,25010.0,25105.0,461816,214582,25165.0,锌,金属类,SHFE,ZN0
2017-12-15,25185.0,25390.0,25135.0,25355.0,402860,218362,25265.0,锌,金属类,SHFE,ZN0
2017-12-18,25305.0,25680.0,25255.0,25615.0,519450,208046,25485.0,锌,金属类,SHFE,ZN0
2017-12-19,25565.0,25590.0,25230.0,25285.0,374582,203592,25420.0,锌,金属类,SHFE,ZN0
2017-12-20,25305.0,25620.0,25270.0,25525.0,350186,208868,25430.0,锌,金属类,SHFE,ZN0
2017-12-21,25585.0,25745.0,25340.0,25460.0,407818,205410,25525.0,锌,金属类,SHFE,ZN0
2017-12-22,25520.0,25610.0,25360.0,25565.0,354826,199720,25495.0,锌,金属类,SHFE,ZN0
2017-12-25,25510.0,25945.0,25280.0,25300.0,491886,199400,25615.0,锌,金属类,SHFE,ZN0
2017-12-26,25290.0,25565.0,25255.0,25525.0,280540,184474,25405.0,锌,金属类,SHFE,ZN0
2017-12-27,25520.0,25615.0,25335.0,25375.0,270758,180530,25445.0,锌,金属类,SHFE,ZN0
2017-12-28,25505.0,25810.0,25405.0,25710.0,361002,188638,25550.0,锌,金属类,SHFE,ZN0
2017-12-29,25660.0,25765.0,25550.0,25725.0,289952,173218,25655.0,锌,金属类,SHFE,ZN0
2018-01-02,25820.0,26115.0,25710.0,25850.0,228518,170592,25855.0,锌,金属类,SHFE,ZN0
2018-01-03,25980.0,26000.0,25745.0,25775.0,216656,168272,25890.0,锌,金属类,SHFE,ZN0
2018-01-04,25810.0,25990.0,25670.0,25990.0,179698,202016,25820.0,锌,金属类,SHFE,ZN0
2018-01-05,26045.0,26155.0,25880.0,26105.0,223420,225064,25995.0,锌,金属类,SHFE,ZN0
2018-01-08,26070.0,26110.0,25875.0,26060.0,323376,234586,25990.0,锌,金属类,SHFE,ZN0
2018-01-09,26010.0,26430.0,25995.0,26350.0,364862,259538,26220.0,锌,金属类,SHFE,ZN0
2018-01-10,26260.0,26305.0,26015.0,26040.0,302676,246380,26165.0,锌,金属类,SHFE,ZN0
2018-01-11,26220.0,26320.0,26065.0,26255.0,264638,251746,26170.0,锌,金属类,SHFE,ZN0
2018-01-12,26330.0,26385.0,26090.0,26375.0,341214,267686,26265.0,锌,金属类,SHFE,ZN0
2018-01-15,26300.0,26480.0,26215.0,26360.0,319106,270808,26315.0,锌,金属类,SHFE,ZN0
2018-01-16,26345.0,26395.0,25945.0,26065.0,361116,249168,26175.0,锌,金属类,SHFE,ZN0
2018-01-17,26000.0,26155.0,25940.0,26055.0,304396,242348,26055.0,锌,金属类,SHFE,ZN0
2018-01-18,26090.0,26130.0,25925.0,25995.0,280388,233230,26010.0,锌,金属类,SHFE,ZN0
2018-01-19,26045.0,26135.0,25880.0,26100.0,309238,226354,26005.0,锌,金属类,SHFE,ZN0
2018-01-22,26200.0,26250.0,26050.0,26210.0,291540,229078,26165.0,锌,金属类,SHFE,ZN0
2018-01-23,26185.0,26245.0,26040.0,26215.0,287432,223428,26125.0,锌,金属类,SHFE,ZN0
2018-01-24,26135.0,26215.0,25820.0,25875.0,344828,226272,26065.0,锌,金属类,SHFE,ZN0
2018-01-25,25990.0,26415.0,25940.0,26290.0,472790,223120,26195.0,锌,金属类,SHFE,ZN0
2018-01-26,26250.0,26310.0,26115.0,26185.0,249650,213584,26195.0,锌,金属类,SHFE,ZN0
2018-01-29,26315.0,27235.0,26200.0,27055.0,531324,231608,26835.0,锌,金属类,SHFE,ZN0
2018-01-30,27065.0,27130.0,26700.0,26825.0,355712,211140,26915.0,锌,金属类,SHFE,ZN0
2018-01-31,26900.0,26915.0,26520.0,26780.0,347076,199402,26715.0,锌,金属类,SHFE,ZN0
2018-02-01,26740.0,26825.0,26630.0,26670.0,219902,184706,26730.0,锌,金属类,SHFE,ZN0
2018-02-02,26730.0,26950.0,26630.0,26850.0,264264,175534,26800.0,锌,金属类,SHFE,ZN0
2018-02-05,26780.0,26840.0,26540.0,26805.0,311262,170376,26715.0,锌,金属类,SHFE,ZN0
2018-02-06,26800.0,26995.0,26410.0,26535.0,214498,189680,26690.0,锌,金属类,SHFE,ZN0
2018-02-07,26510.0,26685.0,26435.0,26470.0,190386,195444,26550.0,锌,金属类,SHFE,ZN0
2018-02-08,26455.0,26560.0,26005.0,26270.0,287974,195586,26255.0,锌,金属类,SHFE,ZN0
2018-02-09,26330.0,26495.0,25975.0,26120.0,245676,190284,26270.0,锌,金属类,SHFE,ZN0
2018-02-12,26150.0,26180.0,25850.0,25940.0,321452,184112,26015.0,锌,金属类,SHFE,ZN0
2018-02-13,26000.0,26275.0,25875.0,26230.0,223396,184990,26035.0,锌,金属类,SHFE,ZN0
2018-02-14,26270.0,26695.0,26235.0,26650.0,225764,187350,26480.0,锌,金属类,SHFE,ZN0
2018-02-22,26930.0,26945.0,26155.0,26330.0,235906,183548,26410.0,锌,金属类,SHFE,ZN0
2018-02-23,26380.0,26710.0,26360.0,26560.0,316532,175076,26575.0,锌,金属类,SHFE,ZN0
2018-02-26,26575.0,26745.0,26380.0,26670.0,296500,173488,26575.0,锌,金属类,SHFE,ZN0
2018-02-27,26690.0,26770.0,26600.0,26660.0,252854,171266,26675.0,锌,金属类,SHFE,ZN0
2018-02-28,26580.0,26615.0,26290.0,26400.0,309998,163940,26415.0,锌,金属类,SHFE,ZN0
2018-03-01,26355.0,26480.0,26225.0,26430.0,252760,155998,26355.0,锌,金属类,SHFE,ZN0
2018-03-02,26100.0,26315.0,26060.0,26260.0,263028,148212,26205.0,锌,金属类,SHFE,ZN0
2018-03-05,26165.0,26230.0,25625.0,25650.0,278918,173900,25970.0,锌,金属类,SHFE,ZN0
2018-03-06,25450.0,25510.0,25175.0,25395.0,369516,181084,25360.0,锌,金属类,SHFE,ZN0
2018-03-07,25500.0,25590.0,25295.0,25300.0,334270,207718,25445.0,锌,金属类,SHFE,ZN0
2018-03-08,25300.0,25440.0,25100.0,25100.0,407040,221504,25265.0,锌,金属类,SHFE,ZN0
2018-03-09,25070.0,25170.0,24505.0,24615.0,546906,240190,24825.0,锌,金属类,SHFE,ZN0
2018-03-12,24720.0,25280.0,24700.0,24985.0,571042,237044,24980.0,锌,金属类,SHFE,ZN0
2018-03-13,24950.0,25220.0,24865.0,25130.0,434118,236224,25045.0,锌,金属类,SHFE,ZN0
2018-03-14,25250.0,25330.0,25065.0,25195.0,366752,235524,25180.0,锌,金属类,SHFE,ZN0
2018-03-15,25180.0,25180.0,24665.0,24860.0,511652,244134,24860.0,锌,金属类,SHFE,ZN0
2018-03-16,24850.0,24990.0,24670.0,24910.0,428084,237142,24845.0,锌,金属类,SHFE,ZN0
2018-03-19,25070.0,25100.0,24755.0,24805.0,468432,241454,24920.0,锌,金属类,SHFE,ZN0
2018-03-20,24920.0,24980.0,24600.0,24770.0,476500,243344,24820.0,锌,金属类,SHFE,ZN0
2018-03-21,24800.0,24800.0,24290.0,24405.0,668916,257696,24450.0,锌,金属类,SHFE,ZN0
2018-03-22,24520.0,25035.0,24475.0,24845.0,587844,241186,24745.0,锌,金属类,SHFE,ZN0
2018-03-23,24660.0,24845.0,24235.0,24670.0,804784,236648,24590.0,锌,金属类,SHFE,ZN0
2018-03-26,24710.0,24810.0,24320.0,24640.0,640570,222136,24595.0,锌,金属类,SHFE,ZN0
2018-03-27,24665.0,25095.0,24665.0,24950.0,548046,209302,24940.0,锌,金属类,SHFE,ZN0
2018-03-28,25010.0,25045.0,24760.0,24805.0,486174,204668,24880.0,锌,金属类,SHFE,ZN0
2018-03-29,24875.0,24960.0,24650.0,24955.0,466392,192150,24790.0,锌,金属类,SHFE,ZN0
2018-03-30,24955.0,25010.0,24670.0,24945.0,493248,178618,24860.0,锌,金属类,SHFE,ZN0
2018-04-02,24910.0,25275.0,24905.0,24970.0,367360,159670,25060.0,锌,金属类,SHFE,ZN0
2018-04-03,24960.0,24990.0,24635.0,24710.0,242546,185182,24845.0,锌,金属类,SHFE,ZN0
2018-04-04,24770.0,24820.0,24515.0,24535.0,247026,198002,24645.0,锌,金属类,SHFE,ZN0
2018-04-09,24615.0,24785.0,24180.0,24355.0,276874,217408,24370.0,锌,金属类,SHFE,ZN0
2018-04-10,24360.0,24575.0,24250.0,24500.0,416226,222864,24415.0,锌,金属类,SHFE,ZN0
2018-04-11,24600.0,24675.0,24340.0,24580.0,476456,222172,24500.0,锌,金属类,SHFE,ZN0
2018-04-12,24525.0,24570.0,23435.0,23625.0,916278,294998,23955.0,锌,金属类,SHFE,ZN0
2018-04-13,23480.0,23650.0,23250.0,23515.0,723502,297016,23470.0,锌,金属类,SHFE,ZN0
2018-04-16,23515.0,23755.0,23165.0,23690.0,688420,276630,23495.0,锌,金属类,SHFE,ZN0
2018-04-17,23720.0,23815.0,23515.0,23690.0,469440,274148,23660.0,锌,金属类,SHFE,ZN0
2018-04-18,23650.0,24030.0,23605.0,23890.0,500956,263898,23835.0,锌,金属类,SHFE,ZN0
2018-04-19,24205.0,24930.0,24205.0,24530.0,643728,231266,24560.0,锌,金属类,SHFE,ZN0
2018-04-20,24350.0,24485.0,24185.0,24395.0,453148,220594,24345.0,锌,金属类,SHFE,ZN0
2018-04-23,24480.0,24615.0,24280.0,24500.0,360160,220574,24450.0,锌,金属类,SHFE,ZN0
2018-04-24,24150.0,24590.0,24120.0,24430.0,363622,221856,24420.0,锌,金属类,SHFE,ZN0
2018-04-25,24505.0,24560.0,24145.0,24165.0,402462,222038,24405.0,锌,金属类,SHFE,ZN0
2018-04-26,24125.0,24195.0,23630.0,23685.0,561848,220606,23890.0,锌,金属类,SHFE,ZN0
2018-04-27,23660.0,23985.0,23650.0,23950.0,433508,198956,23855.0,锌,金属类,SHFE,ZN0
2018-05-02,23790.0,24045.0,23605.0,23900.0,230436,190712,23815.0,锌,金属类,SHFE,ZN0
2018-05-03,23770.0,23840.0,23595.0,23730.0,359642,174132,23725.0,锌,金属类,SHFE,ZN0
2018-05-04,23505.0,23535.0,23005.0,23165.0,306040,229418,23230.0,锌,金属类,SHFE,ZN0
2018-05-07,23050.0,23835.0,23010.0,23830.0,347162,223496,23470.0,锌,金属类,SHFE,ZN0
2018-05-08,23840.0,23950.0,23720.0,23815.0,274496,227258,23810.0,锌,金属类,SHFE,ZN0
2018-05-09,23675.0,23865.0,23495.0,23700.0,387528,238654,23715.0,锌,金属类,SHFE,ZN0
2018-05-10,23780.0,23890.0,23670.0,23740.0,338556,246590,23780.0,锌,金属类,SHFE,ZN0
2018-05-11,23830.0,23880.0,23585.0,23695.0,359644,257842,23700.0,锌,金属类,SHFE,ZN0
2018-05-14,23745.0,23820.0,23515.0,23555.0,392822,273772,23665.0,锌,金属类,SHFE,ZN0
2018-05-15,23480.0,23795.0,23450.0,23780.0,431270,251006,23640.0,锌,金属类,SHFE,ZN0
2018-05-16,23695.0,23980.0,23630.0,23780.0,437748,239976,23790.0,锌,金属类,SHFE,ZN0
2018-05-17,23745.0,23930.0,23530.0,23570.0,345628,246112,23755.0,锌,金属类,SHFE,ZN0
2018-05-18,23590.0,23820.0,23560.0,23725.0,320408,242604,23700.0,锌,金属类,SHFE,ZN0
2018-05-21,23705.0,24080.0,23645.0,23955.0,404658,250458,23900.0,锌,金属类,SHFE,ZN0
2018-05-22,24005.0,24045.0,23580.0,23585.0,337590,247268,23825.0,锌,金属类,SHFE,ZN0
2018-05-23,23630.0,23730.0,23505.0,23605.0,309572,243830,23615.0,锌,金属类,SHFE,ZN0
2018-05-24,23535.0,23580.0,23285.0,23435.0,398818,251668,23410.0,锌,金属类,SHFE,ZN0
2018-05-25,23385.0,23700.0,23350.0,23690.0,314782,246308,23535.0,锌,金属类,SHFE,ZN0
2018-05-28,23685.0,23920.0,23540.0,23900.0,356272,235742,23765.0,锌,金属类,SHFE,ZN0
2018-05-29,23905.0,24180.0,23825.0,24110.0,365982,223686,23995.0,锌,金属类,SHFE,ZN0
2018-05-30,24060.0,24240.0,23885.0,23960.0,333422,210004,24065.0,锌,金属类,SHFE,ZN0
2018-05-31,24075.0,24465.0,24050.0,24420.0,475852,200172,24335.0,锌,金属类,SHFE,ZN0
2018-06-01,24255.0,24390.0,24155.0,24260.0,279654,188286,24255.0,锌,金属类,SHFE,ZN0
2018-06-04,24295.0,24370.0,24025.0,24105.0,290878,185220,24210.0,锌,金属类,SHFE,ZN0
2018-06-05,24150.0,24310.0,24015.0,24285.0,283142,178928,24180.0,锌,金属类,SHFE,ZN0
2018-06-06,24480.0,24780.0,24400.0,24635.0,358266,169594,24600.0,锌,金属类,SHFE,ZN0
2018-06-07,24680.0,24690.0,24420.0,24455.0,238152,160258,24555.0,锌,金属类,SHFE,ZN0
2018-06-08,24350.0,24415.0,24055.0,24260.0,224734,176322,24245.0,锌,金属类,SHFE,ZN0
2018-06-11,24300.0,24510.0,24255.0,24445.0,253836,182994,24385.0,锌,金属类,SHFE,ZN0
2018-06-12,24410.0,24550.0,24335.0,24550.0,269510,197686,24440.0,锌,金属类,SHFE,ZN0
2018-06-13,24510.0,24585.0,24160.0,24270.0,354048,203216,24325.0,锌,金属类,SHFE,ZN0
2018-06-14,24340.0,24455.0,24245.0,24300.0,257240,204320,24345.0,锌,金属类,SHFE,ZN0
2018-06-15,24230.0,24270.0,23955.0,24095.0,346480,213232,24115.0,锌,金属类,SHFE,ZN0
2018-06-19,23800.0,23815.0,23440.0,23545.0,319388,209154,23630.0,锌,金属类,SHFE,ZN0
2018-06-20,23390.0,23580.0,23335.0,23505.0,302748,212070,23455.0,锌,金属类,SHFE,ZN0
2018-06-21,23475.0,23575.0,23200.0,23315.0,396052,214696,23385.0,锌,金属类,SHFE,ZN0
2018-06-22,23240.0,23425.0,22575.0,23085.0,626260,221620,22965.0,锌,金属类,SHFE,ZN0
2018-06-25,23030.0,23160.0,22540.0,22545.0,504854,232804,22885.0,锌,金属类,SHFE,ZN0
2018-06-26,22600.0,22760.0,22380.0,22645.0,506264,218452,22565.0,锌,金属类,SHFE,ZN0
2018-06-27,22665.0,22990.0,22605.0,22915.0,438050,198880,22780.0,锌,金属类,SHFE,ZN0
2018-06-28,22900.0,23500.0,22895.0,23110.0,538634,183890,23225.0,锌,金属类,SHFE,ZN0
2018-06-29,23130.0,23335.0,23050.0,23305.0,365464,171862,23200.0,锌,金属类,SHFE,ZN0
2018-07-02,23255.0,23275.0,22885.0,23060.0,326844,168926,23105.0,锌,金属类,SHFE,ZN0
2018-07-03,23130.0,23250.0,22965.0,23200.0,296306,167124,23110.0,锌,金属类,SHFE,ZN0
2018-07-04,23100.0,23140.0,22310.0,22370.0,504964,175402,22730.0,锌,金属类,SHFE,ZN0
2018-07-05,22345.0,22390.0,21670.0,21750.0,618832,162146,22030.0,锌,金属类,SHFE,ZN0
2018-07-06,21700.0,22000.0,21605.0,21880.0,315114,159338,21795.0,锌,金属类,SHFE,ZN0
2018-07-09,21925.0,22275.0,21865.0,21995.0,245910,166440,22065.0,锌,金属类,SHFE,ZN0
2018-07-10,21790.0,21950.0,21555.0,21615.0,318724,170560,21760.0,锌,金属类,SHFE,ZN0
2018-07-11,21475.0,21595.0,20450.0,20545.0,541040,186134,20915.0,锌,金属类,SHFE,ZN0
2018-07-12,20655.0,21100.0,20580.0,20970.0,699864,189404,20793.0,锌,金属类,SHFE,ZN0
2018-07-13,20960.0,21045.0,20550.0,20595.0,598836,205752,20785.0,锌,金属类,SHFE,ZN0
2018-07-16,20680.0,21025.0,20280.0,20345.0,792340,230196,20740.0,锌,金属类,SHFE,ZN0
2018-07-17,20310.0,20440.0,20055.0,20230.0,819872,243022,20250.0,锌,金属类,SHFE,ZN0
2018-07-18,20300.0,20765.0,20195.0,20725.0,905960,248732,20420.0,锌,金属类,SHFE,ZN0
2018-07-19,20800.0,21645.0,20770.0,21125.0,1440768,227842,21200.0,锌,金属类,SHFE,ZN0
2018-07-20,20930.0,21310.0,20810.0,21240.0,1100584,220622,21125.0,锌,金属类,SHFE,ZN0
2018-07-23,21240.0,21580.0,21120.0,21475.0,905264,220926,21310.0,锌,金属类,SHFE,ZN0
2018-07-24,21440.0,21510.0,21125.0,21315.0,457168,257252,21320.0,锌,金属类,SHFE,ZN0
2018-07-25,21485.0,21750.0,21385.0,21445.0,481786,247958,21550.0,锌,金属类,SHFE,ZN0
2018-07-26,21450.0,21540.0,21190.0,21380.0,382970,240782,21320.0,锌,金属类,SHFE,ZN0
2018-07-27,21280.0,21470.0,21245.0,21325.0,308994,235134,21355.0,锌,金属类,SHFE,ZN0
2018-07-30,21250.0,21555.0,20920.0,20940.0,404162,240504,21295.0,锌,金属类,SHFE,ZN0
2018-07-31,21040.0,21515.0,20985.0,21405.0,355164,207402,21220.0,锌,金属类,SHFE,ZN0
2018-08-01,21445.0,21725.0,21280.0,21485.0,324400,191004,21525.0,锌,金属类,SHFE,ZN0
2018-08-02,21400.0,21495.0,21080.0,21455.0,239496,175542,21330.0,锌,金属类,SHFE,ZN0
2018-08-03,21470.0,21530.0,21360.0,21475.0,140004,162268,21445.0,锌,金属类,SHFE,ZN0
2018-08-06,21595.0,21890.0,21410.0,21480.0,186616,160546,21655.0,锌,金属类,SHFE,ZN0
2018-08-07,21245.0,21525.0,21155.0,21390.0,473344,160254,21375.0,锌,金属类,SHFE,ZN0
2018-08-08,21440.0,21625.0,21295.0,21525.0,507730,165042,21490.0,锌,金属类,SHFE,ZN0
2018-08-09,21555.0,21685.0,21455.0,21595.0,468534,175078,21575.0,锌,金属类,SHFE,ZN0
2018-08-10,21700.0,21810.0,21240.0,21285.0,544466,184772,21540.0,锌,金属类,SHFE,ZN0
2018-08-13,21300.0,21380.0,21055.0,21240.0,475284,190192,21245.0,锌,金属类,SHFE,ZN0
2018-08-14,21195.0,21225.0,20760.0,20820.0,662036,219952,20965.0,锌,金属类,SHFE,ZN0
2018-08-15,20790.0,20860.0,20330.0,20500.0,758824,223110,20620.0,锌,金属类,SHFE,ZN0
2018-08-16,20235.0,20425.0,19525.0,19860.0,1161990,221096,19920.0,锌,金属类,SHFE,ZN0
2018-08-17,19885.0,20135.0,19550.0,19680.0,829658,234752,19920.0,锌,金属类,SHFE,ZN0
2018-08-20,19800.0,20265.0,19760.0,20105.0,771010,225522,19960.0,锌,金属类,SHFE,ZN0
2018-08-21,20050.0,20600.0,19970.0,20580.0,725540,215918,20220.0,锌,金属类,SHFE,ZN0
2018-08-22,20550.0,20620.0,20170.0,20355.0,612566,222524,20420.0,锌,金属类,SHFE,ZN0
2018-08-23,20500.0,20780.0,20410.0,20610.0,758610,221192,20645.0,锌,金属类,SHFE,ZN0
2018-08-24,20685.0,21325.0,20520.0,21070.0,805602,220316,20925.0,锌,金属类,SHFE,ZN0
2018-08-27,21170.0,21400.0,21130.0,21305.0,658076,211476,21260.0,锌,金属类,SHFE,ZN0
2018-08-28,21270.0,21505.0,21085.0,21495.0,519734,221812,21275.0,锌,金属类,SHFE,ZN0
2018-08-29,21415.0,21440.0,21010.0,21095.0,588198,217976,21225.0,锌,金属类,SHFE,ZN0
2018-08-30,21120.0,21375.0,21085.0,21310.0,632492,217404,21240.0,锌,金属类,SHFE,ZN0
2018-08-31,21200.0,21645.0,20980.0,21565.0,821984,212692,21285.0,锌,金属类,SHFE,ZN0
2018-09-03,21595.0,21810.0,20830.0,21195.0,850488,202480,21375.0,锌,金属类,SHFE,ZN0
2018-09-04,21220.0,21285.0,21030.0,21135.0,512376,195888,21150.0,锌,金属类,SHFE,ZN0
2018-09-05,21055.0,21145.0,20585.0,20715.0,655928,179758,20770.0,锌,金属类,SHFE,ZN0
2018-09-06,20325.0,20770.0,20305.0,20645.0,342444,189758,20530.0,锌,金属类,SHFE,ZN0
2018-09-07,20700.0,20885.0,20450.0,20605.0,346576,190414,20700.0,锌,金属类,SHFE,ZN0
2018-09-10,20590.0,20850.0,20520.0,20750.0,343346,175532,20705.0,锌,金属类,SHFE,ZN0
2018-09-11,20850.0,20960.0,20350.0,20510.0,342676,185610,20580.0,锌,金属类,SHFE,ZN0
2018-09-12,20300.0,20530.0,20130.0,20425.0,464642,184232,20325.0,锌,金属类,SHFE,ZN0
2018-09-13,20520.0,20890.0,20390.0,20860.0,580178,179524,20660.0,锌,金属类,SHFE,ZN0
2018-09-14,20860.0,20915.0,20585.0,20735.0,582866,177778,20750.0,锌,金属类,SHFE,ZN0
2018-09-17,20710.0,20810.0,20330.0,20440.0,578392,180186,20550.0,锌,金属类,SHFE,ZN0
2018-09-18,20495.0,21055.0,20470.0,21045.0,670106,198646,20720.0,锌,金属类,SHFE,ZN0
2018-09-19,21080.0,21655.0,20970.0,21585.0,846268,219566,21240.0,锌,金属类,SHFE,ZN0
2018-09-20,21610.0,21820.0,21415.0,21720.0,785978,223320,21615.0,锌,金属类,SHFE,ZN0
2018-09-21,21700.0,21760.0,21520.0,21570.0,649208,207016,21615.0,锌,金属类,SHFE,ZN0
2018-09-25,21740.0,21825.0,21470.0,21725.0,373536,205272,21625.0,锌,金属类,SHFE,ZN0
2018-09-26,21795.0,21980.0,21375.0,21560.0,759636,189418,21655.0,锌,金属类,SHFE,ZN0
2018-09-27,21620.0,21720.0,21485.0,21570.0,519874,190438,21595.0,锌,金属类,SHFE,ZN0
2018-09-28,21585.0,22020.0,21200.0,21915.0,710046,190038,21585.0,锌,金属类,SHFE,ZN0
2018-10-08,22055.0,22235.0,21815.0,21930.0,328176,198388,21965.0,锌,金属类,SHFE,ZN0
2018-10-09,22040.0,22800.0,21970.0,22620.0,661072,206928,22425.0,锌,金属类,SHFE,ZN0
2018-10-10,22660.0,23110.0,22530.0,22935.0,636002,209632,22840.0,锌,金属类,SHFE,ZN0
2018-10-11,22900.0,22975.0,22450.0,22615.0,634230,202938,22690.0,锌,金属类,SHFE,ZN0
2018-10-12,22705.0,22935.0,22465.0,22850.0,592750,201680,22710.0,锌,金属类,SHFE,ZN0
2018-10-15,22810.0,22940.0,22480.0,22555.0,503198,188486,22725.0,锌,金属类,SHFE,ZN0
2018-10-16,22630.0,22655.0,22085.0,22240.0,530148,169222,22395.0,锌,金属类,SHFE,ZN0
2018-10-17,22250.0,22405.0,22160.0,22385.0,387858,159372,22285.0,锌,金属类,SHFE,ZN0
2018-10-18,22380.0,22780.0,22340.0,22460.0,490406,150948,22555.0,锌,金属类,SHFE,ZN0
2018-10-19,22120.0,22240.0,21945.0,22140.0,403966,168172,22080.0,锌,金属类,SHFE,ZN0
2018-10-22,22070.0,22100.0,21690.0,22035.0,437336,179862,21865.0,锌,金属类,SHFE,ZN0
2018-10-23,22075.0,22140.0,21830.0,21890.0,505404,182528,21985.0,锌,金属类,SHFE,ZN0
2018-10-24,21890.0,22575.0,21805.0,22540.0,723116,204210,22240.0,锌,金属类,SHFE,ZN0
2018-10-25,22500.0,22520.0,22090.0,22165.0,577498,180418,22280.0,锌,金属类,SHFE,ZN0
2018-10-26,22170.0,22270.0,21900.0,21980.0,587202,171334,22075.0,锌,金属类,SHFE,ZN0
2018-10-29,22000.0,22425.0,21995.0,22030.0,667668,167398,22210.0,锌,金属类,SHFE,ZN0
2018-10-30,22110.0,22255.0,21675.0,21800.0,677838,168704,21940.0,锌,金属类,SHFE,ZN0
2018-10-31,21755.0,21780.0,21470.0,21740.0,659544,163866,21630.0,锌,金属类,SHFE,ZN0
2018-11-01,21635.0,21710.0,21305.0,21525.0,592890,152256,21520.0,锌,金属类,SHFE,ZN0
2018-11-02,21155.0,21500.0,20985.0,21465.0,295860,167198,21210.0,锌,金属类,SHFE,ZN0
2018-11-05,21445.0,21480.0,20925.0,20940.0,280262,171482,21225.0,锌,金属类,SHFE,ZN0
2018-11-06,20865.0,21320.0,20735.0,21210.0,354752,173196,21050.0,锌,金属类,SHFE,ZN0
2018-11-07,21210.0,21240.0,20565.0,20760.0,416170,186206,20925.0,锌,金属类,SHFE,ZN0
2018-11-08,20725.0,20870.0,20500.0,20780.0,427020,188046,20710.0,锌,金属类,SHFE,ZN0
2018-11-09,20785.0,21085.0,20620.0,20930.0,524040,198708,20855.0,锌,金属类,SHFE,ZN0
2018-11-12,20950.0,21180.0,20715.0,20930.0,657400,209566,20980.0,锌,金属类,SHFE,ZN0
2018-11-13,20900.0,21110.0,20770.0,21010.0,625484,215246,20955.0,锌,金属类,SHFE,ZN0
2018-11-14,21025.0,21235.0,20680.0,20765.0,822454,223654,21000.0,锌,金属类,SHFE,ZN0
2018-11-15,20785.0,21360.0,20630.0,21340.0,782968,218750,20955.0,锌,金属类,SHFE,ZN0
2018-11-16,21420.0,21645.0,21280.0,21515.0,753414,207160,21430.0,锌,金属类,SHFE,ZN0
2018-11-19,21450.0,21710.0,21440.0,21575.0,624846,214772,21585.0,锌,金属类,SHFE,ZN0
2018-11-20,21550.0,21650.0,21340.0,21485.0,642384,209286,21465.0,锌,金属类,SHFE,ZN0
2018-11-21,21440.0,21465.0,20820.0,21140.0,858432,194468,21120.0,锌,金属类,SHFE,ZN0
2018-11-22,21190.0,21220.0,20980.0,21025.0,597974,199594,21095.0,锌,金属类,SHFE,ZN0
2018-11-23,21055.0,21270.0,20810.0,20890.0,676898,207002,21065.0,锌,金属类,SHFE,ZN0
2018-11-26,20830.0,20850.0,20330.0,20600.0,863274,221282,20540.0,锌,金属类,SHFE,ZN0
2018-11-27,20525.0,20545.0,19930.0,20055.0,1004012,209720,20155.0,锌,金属类,SHFE,ZN0
2018-11-28,20085.0,20285.0,19845.0,20225.0,704244,186724,20095.0,锌,金属类,SHFE,ZN0
2018-11-29,20200.0,20400.0,20030.0,20275.0,669400,177500,20230.0,锌,金属类,SHFE,ZN0
2018-11-30,20280.0,20695.0,20240.0,20685.0,631162,160066,20420.0,锌,金属类,SHFE,ZN0
2018-12-03,20380.0,21275.0,20225.0,20820.0,386854,179750,20690.0,锌,金属类,SHFE,ZN0
2018-12-04,20850.0,20980.0,20670.0,20900.0,284110,184962,20805.0,锌,金属类,SHFE,ZN0
2018-12-05,21000.0,21070.0,20680.0,20975.0,327068,191022,20835.0,锌,金属类,SHFE,ZN0
2018-12-06,20945.0,21125.0,20815.0,20920.0,329470,193200,20945.0,锌,金属类,SHFE,ZN0
2018-12-07,20800.0,21465.0,20735.0,21440.0,499394,207728,21095.0,锌,金属类,SHFE,ZN0
2018-12-10,21400.0,21430.0,20850.0,20915.0,540024,212384,21110.0,锌,金属类,SHFE,ZN0
2018-12-11,20975.0,21070.0,20840.0,20995.0,555068,221710,20960.0,锌,金属类,SHFE,ZN0
2018-12-12,21070.0,21320.0,20960.0,20980.0,553800,227422,21130.0,锌,金属类,SHFE,ZN0
2018-12-13,21000.0,21125.0,20870.0,20975.0,577080,226886,20970.0,锌,金属类,SHFE,ZN0
2018-12-14,20940.0,21075.0,20630.0,20665.0,740840,244426,20835.0,锌,金属类,SHFE,ZN0
2018-12-17,20540.0,21155.0,20520.0,21145.0,712094,241180,20870.0,锌,金属类,SHFE,ZN0
2018-12-18,20980.0,21220.0,20970.0,21030.0,610200,228546,21065.0,锌,金属类,SHFE,ZN0
2018-12-19,20990.0,21045.0,20770.0,20960.0,668360,221808,20905.0,锌,金属类,SHFE,ZN0
2018-12-20,21000.0,21155.0,20850.0,20945.0,687992,210352,20995.0,锌,金属类,SHFE,ZN0
2018-12-21,21000.0,21210.0,20965.0,21095.0,682892,211858,21090.0,锌,金属类,SHFE,ZN0
2018-12-24,21040.0,21095.0,20600.0,20630.0,710728,226106,20815.0,锌,金属类,SHFE,ZN0
2018-12-25,20590.0,20740.0,20355.0,20640.0,721746,202808,20585.0,锌,金属类,SHFE,ZN0
2018-12-26,20640.0,20750.0,20550.0,20715.0,435590,198330,20650.0,锌,金属类,SHFE,ZN0
2018-12-27,20800.0,21125.0,20655.0,20735.0,636330,181168,20825.0,锌,金属类,SHFE,ZN0
2018-12-28,20700.0,20935.0,20550.0,20925.0,594794,167714,20715.0,锌,金属类,SHFE,ZN0
2019-01-02,20780.0,20815.0,20410.0,20440.0,303936,164566,20600.0,锌,金属类,SHFE,ZN0
2019-01-03,20265.0,20545.0,20220.0,20325.0,601170,156558,20370.0,锌,金属类,SHFE,ZN0
2019-01-04,20350.0,20515.0,19965.0,20490.0,711210,146152,20250.0,锌,金属类,SHFE,ZN0
2019-01-07,20220.0,20335.0,20035.0,20250.0,327898,168846,20200.0,锌,金属类,SHFE,ZN0
2019-01-08,20210.0,20435.0,20190.0,20365.0,250556,177252,20310.0,锌,金属类,SHFE,ZN0
2019-01-09,20380.0,20675.0,20290.0,20600.0,332388,182558,20470.0,锌,金属类,SHFE,ZN0
2019-01-10,20580.0,20600.0,20375.0,20415.0,302284,186534,20495.0,锌,金属类,SHFE,ZN0
2019-01-11,20310.0,20460.0,20120.0,20400.0,542534,184040,20280.0,锌,金属类,SHFE,ZN0
2019-01-14,20355.0,20500.0,20245.0,20285.0,524280,193654,20365.0,锌,金属类,SHFE,ZN0
2019-01-15,20280.0,20540.0,20125.0,20515.0,577654,201924,20365.0,锌,金属类,SHFE,ZN0
2019-01-16,20495.0,20890.0,20420.0,20860.0,665960,238816,20600.0,锌,金属类,SHFE,ZN0
2019-01-17,20880.0,20960.0,20745.0,20885.0,516910,236860,20850.0,锌,金属类,SHFE,ZN0
2019-01-18,20860.0,21495.0,20780.0,21480.0,761750,251098,21175.0,锌,金属类,SHFE,ZN0
2019-01-21,21520.0,21750.0,21360.0,21420.0,706672,234892,21510.0,锌,金属类,SHFE,ZN0
2019-01-22,21360.0,21585.0,21230.0,21300.0,475284,225936,21400.0,锌,金属类,SHFE,ZN0
2019-01-23,21415.0,21675.0,21325.0,21595.0,711572,240788,21505.0,锌,金属类,SHFE,ZN0
2019-01-24,21600.0,21755.0,21410.0,21480.0,656712,224702,21600.0,锌,金属类,SHFE,ZN0
2019-01-25,21520.0,21775.0,21475.0,21525.0,575300,217460,21610.0,锌,金属类,SHFE,ZN0
2019-01-28,21585.0,21915.0,21505.0,21810.0,669200,230026,21720.0,锌,金属类,SHFE,ZN0
2019-01-29,21870.0,21880.0,21525.0,21685.0,553324,214374,21720.0,锌,金属类,SHFE,ZN0
2019-01-30,21735.0,21880.0,21600.0,21715.0,579740,201472,21735.0,锌,金属类,SHFE,ZN0
2019-01-31,21730.0,22260.0,21650.0,22180.0,618862,199862,21920.0,锌,金属类,SHFE,ZN0
2019-02-01,22180.0,22460.0,22115.0,22395.0,475480,177338,22305.0,锌,金属类,SHFE,ZN0
2019-02-11,22300.0,22305.0,21580.0,21610.0,287576,176066,21845.0,锌,金属类,SHFE,ZN0
2019-02-12,21625.0,21705.0,21535.0,21620.0,302240,173342,21620.0,锌,金属类,SHFE,ZN0
2019-02-13,21645.0,21690.0,21315.0,21440.0,306742,164296,21470.0,锌,金属类,SHFE,ZN0
2019-02-14,21460.0,21570.0,21355.0,21490.0,266902,161562,21460.0,锌,金属类,SHFE,ZN0
2019-02-15,21470.0,21545.0,21180.0,21400.0,330224,152016,21345.0,锌,金属类,SHFE,ZN0
2019-02-18,21400.0,21680.0,21360.0,21425.0,324250,194334,21510.0,锌,金属类,SHFE,ZN0
2019-02-19,21360.0,21550.0,21325.0,21435.0,381236,207874,21420.0,锌,金属类,SHFE,ZN0
2019-02-20,21465.0,21645.0,21355.0,21630.0,424454,225788,21495.0,锌,金属类,SHFE,ZN0
2019-02-21,21660.0,21760.0,21425.0,21450.0,456264,241556,21620.0,锌,金属类,SHFE,ZN0
2019-02-22,21465.0,21725.0,21415.0,21680.0,440878,235618,21585.0,锌,金属类,SHFE,ZN0
2019-02-25,21770.0,22065.0,21665.0,21865.0,578610,236268,21870.0,锌,金属类,SHFE,ZN0
2019-02-26,21840.0,21930.0,21660.0,21705.0,501226,233490,21770.0,锌,金属类,SHFE,ZN0
2019-02-27,21750.0,21920.0,21700.0,21830.0,433744,232582,21810.0,锌,金属类,SHFE,ZN0
2019-02-28,21880.0,21910.0,21685.0,21745.0,407376,228662,21810.0,锌,金属类,SHFE,ZN0
2019-03-01,21830.0,22300.0,21820.0,22300.0,472402,226154,21960.0,锌,金属类,SHFE,ZN0
2019-03-04,22305.0,22350.0,22045.0,22125.0,434094,216384,22185.0,锌,金属类,SHFE,ZN0
2019-03-05,22040.0,22100.0,21820.0,21910.0,406354,189090,21940.0,锌,金属类,SHFE,ZN0
2019-03-06,21960.0,22140.0,21910.0,21955.0,280138,185034,22015.0,锌,金属类,SHFE,ZN0
2019-03-07,21650.0,21830.0,21535.0,21540.0,242124,191256,21685.0,锌,金属类,SHFE,ZN0
2019-03-08,21575.0,21590.0,21175.0,21190.0,275654,216580,21330.0,锌,金属类,SHFE,ZN0
2019-03-11,21170.0,21565.0,21035.0,21540.0,401000,218818,21345.0,锌,金属类,SHFE,ZN0
2019-03-12,21525.0,21625.0,21310.0,21595.0,414216,229942,21445.0,锌,金属类,SHFE,ZN0
2019-03-13,21705.0,21980.0,21700.0,21875.0,514658,243464,21860.0,锌,金属类,SHFE,ZN0
2019-03-14,21845.0,22025.0,21730.0,21930.0,528646,249032,21865.0,锌,金属类,SHFE,ZN0
2019-03-15,21870.0,22170.0,21540.0,21655.0,843786,250814,21810.0,锌,金属类,SHFE,ZN0
2019-03-18,21655.0,21710.0,21465.0,21595.0,465120,240988,21600.0,锌,金属类,SHFE,ZN0
2019-03-19,21635.0,21705.0,21440.0,21660.0,454328,243114,21570.0,锌,金属类,SHFE,ZN0
2019-03-20,21710.0,21860.0,21645.0,21860.0,397700,254760,21745.0,锌,金属类,SHFE,ZN0
2019-03-21,21905.0,22035.0,21850.0,21895.0,435942,262414,21920.0,锌,金属类,SHFE,ZN0
2019-03-22,21865.0,22000.0,21720.0,21995.0,412794,261794,21830.0,锌,金属类,SHFE,ZN0
2019-03-25,21925.0,21985.0,21675.0,21695.0,509052,248868,21815.0,锌,金属类,SHFE,ZN0
2019-03-26,21730.0,22250.0,21715.0,22225.0,564568,275764,22000.0,锌,金属类,SHFE,ZN0
2019-03-27,22230.0,22450.0,22165.0,22210.0,588584,283724,22305.0,锌,金属类,SHFE,ZN0
2019-03-28,22235.0,22640.0,22185.0,22570.0,784448,310884,22470.0,锌,金属类,SHFE,ZN0
2019-03-29,22570.0,22745.0,22410.0,22730.0,566388,301104,22555.0,锌,金属类,SHFE,ZN0
2019-04-01,22835.0,23160.0,22730.0,23135.0,572050,298464,22900.0,锌,金属类,SHFE,ZN0
2019-04-02,23105.0,23105.0,22660.0,22815.0,457090,261098,22860.0,锌,金属类,SHFE,ZN0
2019-04-03,22780.0,22965.0,22565.0,22905.0,477366,250170,22685.0,锌,金属类,SHFE,ZN0
2019-04-04,22895.0,23275.0,22830.0,23095.0,507168,248294,23105.0,锌,金属类,SHFE,ZN0
2019-04-08,23160.0,23280.0,22835.0,22850.0,269338,240804,23075.0,锌,金属类,SHFE,ZN0
2019-04-09,22870.0,23060.0,22540.0,22740.0,452474,227014,22800.0,锌,金属类,SHFE,ZN0
2019-04-10,22695.0,22740.0,22505.0,22585.0,349138,218856,22600.0,锌,金属类,SHFE,ZN0
2019-04-11,22320.0,22555.0,22250.0,22395.0,413134,233998,22380.0,锌,金属类,SHFE,ZN0
2019-04-12,22460.0,22525.0,22185.0,22335.0,511586,241860,22355.0,锌,金属类,SHFE,ZN0
2019-04-15,22465.0,22635.0,22380.0,22500.0,504002,237456,22485.0,锌,金属类,SHFE,ZN0
2019-04-16,22420.0,22440.0,22080.0,22095.0,528332,255754,22235.0,锌,金属类,SHFE,ZN0
2019-04-17,21940.0,21995.0,21715.0,21785.0,537894,269082,21825.0,锌,金属类,SHFE,ZN0
2019-04-18,21875.0,21920.0,21490.0,21535.0,553064,287330,21690.0,锌,金属类,SHFE,ZN0
2019-04-19,21485.0,21670.0,21420.0,21640.0,455518,285326,21555.0,锌,金属类,SHFE,ZN0
2019-04-23,21660.0,21775.0,21585.0,21680.0,386958,286446,21655.0,锌,金属类,SHFE,ZN0
2019-04-24,21620.0,21625.0,21260.0,21270.0,528744,301468,21420.0,锌,金属类,SHFE,ZN0
2019-04-25,21380.0,21560.0,21330.0,21510.0,520890,287600,21425.0,锌,金属类,SHFE,ZN0
2019-04-26,21450.0,21795.0,21400.0,21720.0,476668,277052,21540.0,锌,金属类,SHFE,ZN0
2019-04-29,21750.0,21765.0,21535.0,21720.0,469952,269776,21650.0,锌,金属类,SHFE,ZN0
2019-04-30,21665.0,21910.0,21615.0,21810.0,442904,260984,0.0,锌,金属类,SHFE,ZN0
2019-05-06,21525.0,21780.0,21440.0,21500.0,215190,259680,21535.0,锌,金属类,SHFE,ZN0
2019-05-07,21510.0,21720.0,21445.0,21620.0,334620,250862,21580.0,锌,金属类,SHFE,ZN0
2019-05-08,21440.0,21535.0,21175.0,21210.0,437164,253182,21380.0,锌,金属类,SHFE,ZN0
2019-05-09,21090.0,21165.0,20995.0,21090.0,377078,249640,21080.0,锌,金属类,SHFE,ZN0
2019-05-10,21035.0,21310.0,20970.0,21095.0,372206,233806,21135.0,锌,金属类,SHFE,ZN0
2019-05-13,21135.0,21155.0,20990.0,21060.0,67811,220890,21085.0,锌,金属类,SHFE,ZN0
2019-05-14,21000.0,21025.0,20735.0,20970.0,76022,213536,20885.0,锌,金属类,SHFE,ZN0
2019-05-15,21040.0,21285.0,20960.0,21270.0,52246,205556,21110.0,锌,金属类,SHFE,ZN0
2019-05-16,20910.0,21165.0,20895.0,21085.0,438808,328490,21040.0,锌,金属类,SHFE,ZN0
2019-05-17,21090.0,21160.0,20835.0,20870.0,404776,343044,21035.0,锌,金属类,SHFE,ZN0
2019-05-20,20910.0,21070.0,20550.0,20615.0,517512,365172,20840.0,锌,金属类,SHFE,ZN0
2019-05-21,20580.0,20755.0,20515.0,20670.0,485526,353232,20650.0,锌,金属类,SHFE,ZN0
2019-05-22,20640.0,20775.0,20415.0,20455.0,593962,357946,20600.0,锌,金属类,SHFE,ZN0
2019-05-23,20500.0,20600.0,20260.0,20270.0,460248,369128,20380.0,锌,金属类,SHFE,ZN0
2019-05-24,20225.0,20590.0,20000.0,20435.0,688546,357604,20200.0,锌,金属类,SHFE,ZN0
2019-05-27,20390.0,20415.0,20185.0,20360.0,480358,345374,20315.0,锌,金属类,SHFE,ZN0
2019-05-28,20440.0,20795.0,20410.0,20665.0,581800,305704,20685.0,锌,金属类,SHFE,ZN0
2019-05-29,20690.0,20790.0,20520.0,20575.0,440988,302292,20650.0,锌,金属类,SHFE,ZN0
2019-05-30,20580.0,20810.0,20565.0,20725.0,480240,293082,20670.0,锌,金属类,SHFE,ZN0
2019-05-31,20695.0,20860.0,20525.0,20545.0,518942,283864,20725.0,锌,金属类,SHFE,ZN0
2019-06-03,20490.0,20680.0,20460.0,20480.0,394498,271058,20555.0,锌,金属类,SHFE,ZN0
2019-06-04,20410.0,20515.0,20080.0,20305.0,440330,265932,20260.0,锌,金属类,SHFE,ZN0
2019-06-05,20360.0,20395.0,20210.0,20275.0,309850,261832,20300.0,锌,金属类,SHFE,ZN0
2019-06-06,20255.0,20750.0,20220.0,20690.0,498918,254368,20385.0,锌,金属类,SHFE,ZN0
2019-06-10,20680.0,20825.0,20505.0,20660.0,226970,245068,20665.0,锌,金属类,SHFE,ZN0
2019-06-11,20600.0,20885.0,20530.0,20805.0,345032,237198,20680.0,锌,金属类,SHFE,ZN0
2019-06-12,20895.0,20910.0,20550.0,20615.0,275966,228372,20735.0,锌,金属类,SHFE,ZN0
2019-06-13,20635.0,20775.0,20535.0,20675.0,253394,210662,20670.0,锌,金属类,SHFE,ZN0
2019-06-14,20250.0,20325.0,19990.0,20100.0,433782,286138,20135.0,锌,金属类,SHFE,ZN0
2019-06-17,20045.0,20105.0,19880.0,19900.0,372282,313364,19965.0,锌,金属类,SHFE,ZN0
2019-06-18,19835.0,20135.0,19740.0,19930.0,580188,293962,19940.0,锌,金属类,SHFE,ZN0
2019-06-19,19965.0,20245.0,19870.0,19945.0,602076,294550,20065.0,锌,金属类,SHFE,ZN0
2019-06-20,19920.0,19985.0,19660.0,19865.0,640388,297930,19835.0,锌,金属类,SHFE,ZN0
2019-06-21,19850.0,19915.0,19405.0,19450.0,536660,333018,19660.0,锌,金属类,SHFE,ZN0
2019-06-24,19420.0,19645.0,19305.0,19585.0,561526,307242,19470.0,锌,金属类,SHFE,ZN0
2019-06-25,19665.0,19950.0,19650.0,19935.0,454482,281270,19785.0,锌,金属类,SHFE,ZN0
2019-06-26,20000.0,20180.0,19980.0,20085.0,456608,269348,20080.0,锌,金属类,SHFE,ZN0
2019-06-27,20035.0,20120.0,19865.0,19935.0,448434,265822,19990.0,锌,金属类,SHFE,ZN0
2019-06-28,19820.0,19980.0,19745.0,19775.0,420782,259464,19855.0,锌,金属类,SHFE,ZN0
2019-07-01,19855.0,20095.0,19800.0,19860.0,387086,248216,19915.0,锌,金属类,SHFE,ZN0
2019-07-02,19800.0,19810.0,19525.0,19615.0,370022,237582,19620.0,锌,金属类,SHFE,ZN0
2019-07-03,19590.0,19775.0,19540.0,19650.0,304414,227134,19655.0,锌,金属类,SHFE,ZN0
2019-07-04,19675.0,19745.0,19585.0,19665.0,292344,218850,19665.0,锌,金属类,SHFE,ZN0
2019-07-05,19560.0,19580.0,19365.0,19405.0,333046,212728,19445.0,锌,金属类,SHFE,ZN0
2019-07-08,19305.0,19520.0,19190.0,19235.0,324488,200460,19365.0,锌,金属类,SHFE,ZN0
2019-07-09,19240.0,19310.0,19100.0,19105.0,243700,193130,19200.0,锌,金属类,SHFE,ZN0
2019-07-10,19160.0,19210.0,19005.0,19190.0,293228,171292,19100.0,锌,金属类,SHFE,ZN0
2019-07-11,19200.0,19290.0,19005.0,19060.0,370550,261650,19120.0,锌,金属类,SHFE,ZN0
2019-07-12,19065.0,19195.0,18960.0,19045.0,329278,263082,19075.0,锌,金属类,SHFE,ZN0
2019-07-15,19105.0,19320.0,19090.0,19220.0,403958,264138,19215.0,锌,金属类,SHFE,ZN0
2019-07-16,19235.0,19380.0,19165.0,19250.0,393282,270714,19245.0,锌,金属类,SHFE,ZN0
2019-07-17,19355.0,19550.0,19315.0,19355.0,432814,269046,19425.0,锌,金属类,SHFE,ZN0
2019-07-18,19430.0,19645.0,19340.0,19600.0,482064,265584,19465.0,锌,金属类,SHFE,ZN0
2019-07-19,19595.0,19660.0,19355.0,19575.0,464808,261368,19520.0,锌,金属类,SHFE,ZN0
2019-07-22,19445.0,19490.0,19180.0,19235.0,450336,265280,19310.0,锌,金属类,SHFE,ZN0
2019-07-23,19225.0,19350.0,19200.0,19285.0,239356,260794,19280.0,锌,金属类,SHFE,ZN0
2019-07-24,19230.0,19395.0,19135.0,19350.0,345908,259248,19280.0,锌,金属类,SHFE,ZN0
2019-07-25,19400.0,19415.0,19245.0,19270.0,267556,265536,19300.0,锌,金属类,SHFE,ZN0
2019-07-26,19255.0,19345.0,19140.0,19250.0,306304,263312,19225.0,锌,金属类,SHFE,ZN0
2019-07-29,19205.0,19545.0,19200.0,19495.0,336458,262422,19375.0,锌,金属类,SHFE,ZN0
2019-07-30,19525.0,19785.0,19460.0,19690.0,372886,253750,19615.0,锌,金属类,SHFE,ZN0
2019-07-31,19610.0,19660.0,19370.0,19385.0,296448,234918,19515.0,锌,金属类,SHFE,ZN0
2019-08-01,19335.0,19460.0,19235.0,19265.0,291798,213338,19335.0,锌,金属类,SHFE,ZN0
2019-08-02,19215.0,19290.0,19130.0,19275.0,290288,196962,19215.0,锌,金属类,SHFE,ZN0
2019-08-05,19070.0,19375.0,19055.0,19365.0,275774,181950,19210.0,锌,金属类,SHFE,ZN0
2019-08-06,19260.0,19310.0,19150.0,19265.0,201964,164672,19215.0,锌,金属类,SHFE,ZN0
2019-08-07,19250.0,19250.0,18850.0,18850.0,260408,161066,19015.0,锌,金属类,SHFE,ZN0
2019-08-08,18700.0,18850.0,18600.0,18665.0,346052,215440,18710.0,锌,金属类,SHFE,ZN0
2019-08-09,18710.0,18835.0,18375.0,18550.0,454244,231282,18645.0,锌,金属类,SHFE,ZN0
2019-08-12,18525.0,18725.0,18330.0,18675.0,468330,214840,18490.0,锌,金属类,SHFE,ZN0
2019-08-13,18620.0,18760.0,18600.0,18725.0,263958,201362,18690.0,锌,金属类,SHFE,ZN0
2019-08-14,18720.0,18940.0,18640.0,18730.0,306438,200278,18800.0,锌,金属类,SHFE,ZN0
2019-08-15,18580.0,18690.0,18550.0,18670.0,247582,186184,18610.0,锌,金属类,SHFE,ZN0
2019-08-16,18660.0,18760.0,18560.0,18640.0,243060,192116,18650.0,锌,金属类,SHFE,ZN0
2019-08-19,18660.0,18760.0,18505.0,18540.0,252850,209534,18610.0,锌,金属类,SHFE,ZN0
2019-08-20,18520.0,18730.0,18505.0,18610.0,225730,198604,18630.0,锌,金属类,SHFE,ZN0
2019-08-21,18600.0,18605.0,18390.0,18470.0,276880,210886,18475.0,锌,金属类,SHFE,ZN0
2019-08-22,18530.0,18725.0,18530.0,18625.0,304996,197752,18620.0,锌,金属类,SHFE,ZN0
2019-08-23,18615.0,18670.0,18430.0,18665.0,308856,207930,18525.0,锌,金属类,SHFE,ZN0
2019-08-26,18555.0,18645.0,18270.0,18350.0,317976,226898,18470.0,锌,金属类,SHFE,ZN0
2019-08-27,18380.0,18750.0,18380.0,18720.0,334748,198446,18590.0,锌,金属类,SHFE,ZN0
2019-08-28,18815.0,18915.0,18690.0,18835.0,291254,193524,18805.0,锌,金属类,SHFE,ZN0
2019-08-29,18800.0,18860.0,18660.0,18805.0,240902,187494,18780.0,锌,金属类,SHFE,ZN0
2019-08-30,18805.0,18840.0,18700.0,18745.0,218144,175152,18765.0,锌,金属类,SHFE,ZN0
2019-09-02,18720.0,18900.0,18560.0,18640.0,278626,157118,18685.0,锌,金属类,SHFE,ZN0
2019-09-03,18615.0,18805.0,18595.0,18680.0,215974,146674,18710.0,锌,金属类,SHFE,ZN0
2019-09-04,18530.0,18790.0,18490.0,18785.0,197462,142962,18625.0,锌,金属类,SHFE,ZN0
2019-09-05,18915.0,19175.0,18890.0,19050.0,302796,144302,19050.0,锌,金属类,SHFE,ZN0
2019-09-06,19220.0,19260.0,19035.0,19065.0,215024,133742,19150.0,锌,金属类,SHFE,ZN0
2019-09-09,19015.0,19125.0,18920.0,19115.0,161994,125176,19025.0,锌,金属类,SHFE,ZN0
2019-09-10,19035.0,19120.0,18965.0,19025.0,201216,178302,19025.0,锌,金属类,SHFE,ZN0
2019-09-11,18980.0,19305.0,18925.0,19265.0,321794,193682,19135.0,锌,金属类,SHFE,ZN0
2019-09-12,19315.0,19375.0,19155.0,19245.0,269304,189758,19255.0,锌,金属类,SHFE,ZN0
2019-09-16,19385.0,19395.0,19230.0,19280.0,136818,194204,19295.0,锌,金属类,SHFE,ZN0
2019-09-17,19260.0,19295.0,19060.0,19110.0,229230,189036,19155.0,锌,金属类,SHFE,ZN0
2019-09-18,19100.0,19210.0,19055.0,19125.0,212026,191732,19135.0,锌,金属类,SHFE,ZN0
2019-09-19,19010.0,19090.0,18930.0,18950.0,222636,190226,19015.0,锌,金属类,SHFE,ZN0
2019-09-20,18950.0,19045.0,18830.0,18905.0,277128,191436,18940.0,锌,金属类,SHFE,ZN0
2019-09-23,18900.0,18930.0,18805.0,18850.0,233316,202554,18860.0,锌,金属类,SHFE,ZN0
2019-09-24,18890.0,19045.0,18750.0,18800.0,297268,212782,18885.0,锌,金属类,SHFE,ZN0
2019-09-25,18740.0,18790.0,18570.0,18660.0,279660,213008,18640.0,锌,金属类,SHFE,ZN0
2019-09-26,18625.0,18720.0,18585.0,18615.0,196878,207364,18645.0,锌,金属类,SHFE,ZN0
2019-09-27,18715.0,18795.0,18535.0,18745.0,279792,181880,18680.0,锌,金属类,SHFE,ZN0
2019-09-30,18720.0,18820.0,18650.0,18695.0,196208,172444,18730.0,锌,金属类,SHFE,ZN0
2019-10-08,18665.0,18795.0,18630.0,18700.0,110820,159376,18705.0,锌,金属类,SHFE,ZN0
2019-10-09,18625.0,18765.0,18620.0,18660.0,150526,158302,18690.0,锌,金属类,SHFE,ZN0
2019-10-10,18705.0,18900.0,18635.0,18850.0,203768,154366,18790.0,锌,金属类,SHFE,ZN0
2019-10-11,19030.0,19040.0,18920.0,18975.0,186184,149014,18970.0,锌,金属类,SHFE,ZN0
2019-10-14,19070.0,19165.0,18910.0,18910.0,214648,129358,19040.0,锌,金属类,SHFE,ZN0
2019-10-15,18925.0,19070.0,18880.0,19055.0,130668,124348,18980.0,锌,金属类,SHFE,ZN0
2019-10-16,19100.0,19110.0,18875.0,18915.0,215434,197258,18980.0,锌,金属类,SHFE,ZN0
2019-10-17,18880.0,18960.0,18705.0,18735.0,209680,205488,18830.0,锌,金属类,SHFE,ZN0
2019-10-18,18800.0,18890.0,18760.0,18860.0,191078,200248,18815.0,锌,金属类,SHFE,ZN0
2019-10-21,19005.0,19080.0,18885.0,18925.0,245332,195792,18975.0,锌,金属类,SHFE,ZN0
2019-10-22,18990.0,18990.0,18865.0,18930.0,146270,195560,18925.0,锌,金属类,SHFE,ZN0
2019-10-23,18965.0,19065.0,18760.0,18800.0,305352,203984,18880.0,锌,金属类,SHFE,ZN0
2019-10-24,18835.0,18900.0,18805.0,18880.0,204012,198108,18855.0,锌,金属类,SHFE,ZN0
2019-10-25,18910.0,18990.0,18655.0,18675.0,359174,214498,18795.0,锌,金属类,SHFE,ZN0
2019-10-28,18705.0,19165.0,18690.0,19110.0,491602,197624,18965.0,锌,金属类,SHFE,ZN0
2019-10-29,19150.0,19225.0,19060.0,19110.0,297592,198166,19145.0,锌,金属类,SHFE,ZN0
2019-10-30,19130.0,19170.0,19040.0,19105.0,224102,187898,19100.0,锌,金属类,SHFE,ZN0
2019-10-31,19050.0,19065.0,18900.0,18995.0,247672,174862,18980.0,锌,金属类,SHFE,ZN0
2019-11-01,18975.0,19010.0,18840.0,18955.0,190954,167304,18940.0,锌,金属类,SHFE,ZN0
2019-11-04,18955.0,19095.0,18905.0,19085.0,204644,169760,19015.0,锌,金属类,SHFE,ZN0
2019-11-05,19035.0,19095.0,18910.0,18915.0,208490,167956,19005.0,锌,金属类,SHFE,ZN0
2019-11-06,18935.0,19160.0,18725.0,18740.0,334390,164720,18935.0,锌,金属类,SHFE,ZN0
2019-11-07,18760.0,18765.0,18575.0,18670.0,232724,167176,18675.0,锌,金属类,SHFE,ZN0
2019-11-08,18770.0,18795.0,18585.0,18590.0,169980,159010,18680.0,锌,金属类,SHFE,ZN0
2019-11-11,18585.0,18690.0,18510.0,18610.0,206068,136828,18590.0,锌,金属类,SHFE,ZN0
2019-11-12,18650.0,18825.0,18610.0,18810.0,153770,122652,18700.0,锌,金属类,SHFE,ZN0
2019-11-13,18700.0,18735.0,18465.0,18540.0,274934,200060,18570.0,锌,金属类,SHFE,ZN0
2019-11-14,18470.0,18520.0,18225.0,18395.0,377152,228054,18340.0,锌,金属类,SHFE,ZN0
2019-11-15,18340.0,18430.0,18285.0,18340.0,266892,224030,18345.0,锌,金属类,SHFE,ZN0
2019-11-18,18330.0,18415.0,18200.0,18390.0,298250,220400,18325.0,锌,金属类,SHFE,ZN0
2019-11-19,18315.0,18345.0,18120.0,18305.0,291740,228058,18260.0,锌,金属类,SHFE,ZN0
2019-11-20,18250.0,18400.0,18230.0,18340.0,250432,218340,18320.0,锌,金属类,SHFE,ZN0
2019-11-21,18305.0,18365.0,17915.0,18060.0,416814,259664,18095.0,锌,金属类,SHFE,ZN0
2019-11-22,18010.0,18160.0,17965.0,17970.0,271662,249442,18060.0,锌,金属类,SHFE,ZN0
2019-11-25,17950.0,18120.0,17885.0,18035.0,291952,240940,18040.0,锌,金属类,SHFE,ZN0
2019-11-26,18010.0,18080.0,17900.0,17975.0,271232,231496,17970.0,锌,金属类,SHFE,ZN0
2019-11-27,17945.0,18090.0,17830.0,18075.0,325082,215348,18020.0,锌,金属类,SHFE,ZN0
2019-11-28,18060.0,18105.0,17960.0,18040.0,231864,205372,18035.0,锌,金属类,SHFE,ZN0
2019-11-29,17995.0,18070.0,17890.0,18040.0,242744,189844,17985.0,锌,金属类,SHFE,ZN0
2019-12-02,17940.0,18015.0,17675.0,17785.0,327998,194414,17875.0,锌,金属类,SHFE,ZN0
2019-12-03,17775.0,17870.0,17680.0,17815.0,213260,177568,17765.0,锌,金属类,SHFE,ZN0
2019-12-04,17740.0,17850.0,17675.0,17840.0,231794,165508,17775.0,锌,金属类,SHFE,ZN0
2019-12-05,17880.0,18060.0,17870.0,18000.0,206902,143532,17980.0,锌,金属类,SHFE,ZN0
2019-12-06,17980.0,18075.0,17930.0,18025.0,163814,134442,18005.0,锌,金属类,SHFE,ZN0
2019-12-09,18005.0,18150.0,17990.0,18065.0,209344,126176,18065.0,锌,金属类,SHFE,ZN0
2019-12-10,17845.0,17950.0,17725.0,17925.0,206304,207790,17870.0,锌,金属类,SHFE,ZN0
2019-12-11,17870.0,17940.0,17800.0,17850.0,260950,222478,17865.0,锌,金属类,SHFE,ZN0
2019-12-12,17830.0,18095.0,17830.0,18055.0,334872,217080,17960.0,锌,金属类,SHFE,ZN0
2019-12-13,18000.0,18155.0,17970.0,18100.0,353514,218124,18055.0,锌,金属类,SHFE,ZN0
2019-12-16,18080.0,18225.0,17930.0,18025.0,420606,213792,18080.0,锌,金属类,SHFE,ZN0
2019-12-17,18050.0,18150.0,18005.0,18040.0,254410,214260,18080.0,锌,金属类,SHFE,ZN0
2019-12-18,18065.0,18105.0,17920.0,17960.0,291142,215348,17995.0,锌,金属类,SHFE,ZN0
2019-12-19,18035.0,18070.0,17925.0,18070.0,243630,206994,17990.0,锌,金属类,SHFE,ZN0
2019-12-20,18060.0,18195.0,18050.0,18110.0,277212,199008,18115.0,锌,金属类,SHFE,ZN0
2019-12-23,18180.0,18235.0,17980.0,18000.0,294122,206256,18120.0,锌,金属类,SHFE,ZN0
2019-12-24,17940.0,17985.0,17835.0,17915.0,264056,202210,17895.0,锌,金属类,SHFE,ZN0
2019-12-25,17850.0,17960.0,17845.0,17945.0,181750,193394,17910.0,锌,金属类,SHFE,ZN0
2019-12-26,17960.0,17980.0,17800.0,17840.0,175820,193360,17895.0,锌,金属类,SHFE,ZN0
2019-12-27,17835.0,17960.0,17825.0,17960.0,207328,181208,17895.0,锌,金属类,SHFE,ZN0
2019-12-30,17985.0,18115.0,17970.0,18105.0,251604,164586,18045.0,锌,金属类,SHFE,ZN0
2019-12-31,18085.0,18100.0,17940.0,17950.0,169332,155518,18020.0,锌,金属类,SHFE,ZN0
2020-01-02,17900.0,18000.0,17855.0,17880.0,66720,75962,17930.0,锌,金属类,SHFE,ZN0
2020-01-03,17945.0,17985.0,17730.0,17755.0,97431,74212,17870.0,锌,金属类,SHFE,ZN0
2020-01-06,17660.0,18190.0,17635.0,18155.0,133342,64238,17955.0,锌,金属类,SHFE,ZN0
2020-01-07,18120.0,18215.0,18040.0,18190.0,69309,60486,18115.0,锌,金属类,SHFE,ZN0
2020-01-08,18200.0,18475.0,18185.0,18365.0,202813,104759,18365.0,锌,金属类,SHFE,ZN0
2020-01-09,18470.0,18555.0,18295.0,18345.0,163030,103653,18415.0,锌,金属类,SHFE,ZN0
2020-01-10,18420.0,18435.0,18210.0,18340.0,135686,103381,18315.0,锌,金属类,SHFE,ZN0
2020-01-13,18365.0,18365.0,18185.0,18260.0,116604,103811,18285.0,锌,金属类,SHFE,ZN0
2020-01-14,18230.0,18345.0,18020.0,18185.0,145623,103833,18195.0,锌,金属类,SHFE,ZN0
2020-01-15,18135.0,18245.0,18095.0,18235.0,91546,102291,18180.0,锌,金属类,SHFE,ZN0
2020-01-16,18235.0,18350.0,18100.0,18295.0,128251,102193,18230.0,锌,金属类,SHFE,ZN0
2020-01-17,18405.0,18465.0,18270.0,18360.0,125913,99834,18370.0,锌,金属类,SHFE,ZN0
2020-01-20,18400.0,18480.0,18325.0,18420.0,100328,101580,18390.0,锌,金属类,SHFE,ZN0
2020-01-21,18425.0,18490.0,18135.0,18200.0,126442,91295,18285.0,锌,金属类,SHFE,ZN0
2020-01-22,18285.0,18375.0,18175.0,18315.0,105364,86617,18285.0,锌,金属类,SHFE,ZN0
2020-01-23,18305.0,18320.0,18085.0,18160.0,95825,71913,18165.0,锌,金属类,SHFE,ZN0
2020-02-03,17200.0,17475.0,17160.0,17300.0,86382,64459,17345.0,锌,金属类,SHFE,ZN0
2020-02-04,16915.0,17380.0,16915.0,17340.0,76784,60093,17295.0,锌,金属类,SHFE,ZN0
2020-02-05,17230.0,17350.0,17230.0,17280.0,35942,58784,17300.0,锌,金属类,SHFE,ZN0
2020-02-06,17360.0,17400.0,17315.0,17335.0,34973,57398,17350.0,锌,金属类,SHFE,ZN0
2020-02-07,17280.0,17365.0,17270.0,17295.0,26869,56191,17310.0,锌,金属类,SHFE,ZN0
2020-02-10,17150.0,17185.0,17105.0,17140.0,39976,53099,17145.0,锌,金属类,SHFE,ZN0
2020-02-11,17140.0,17170.0,17100.0,17125.0,49676,68586,17135.0,锌,金属类,SHFE,ZN0
2020-02-12,17130.0,17175.0,16975.0,17080.0,64839,74552,17090.0,锌,金属类,SHFE,ZN0
2020-02-13,17060.0,17180.0,17040.0,17120.0,60208,74552,17120.0,锌,金属类,SHFE,ZN0
2020-02-14,17155.0,17235.0,17140.0,17225.0,51441,73981,17190.0,锌,金属类,SHFE,ZN0
2020-02-17,17145.0,17265.0,17130.0,17260.0,54414,78030,17195.0,锌,金属类,SHFE,ZN0
2020-02-18,17265.0,17270.0,17150.0,17190.0,50498,78198,17200.0,锌,金属类,SHFE,ZN0
2020-02-19,17185.0,17195.0,17135.0,17170.0,39600,78284,17165.0,锌,金属类,SHFE,ZN0
2020-02-20,17165.0,17210.0,17100.0,17180.0,49874,79366,17155.0,锌,金属类,SHFE,ZN0
2020-02-21,17105.0,17145.0,17020.0,17030.0,66787,87507,17085.0,锌,金属类,SHFE,ZN0
2020-02-24,16980.0,16995.0,16570.0,16595.0,116257,92029,16770.0,锌,金属类,SHFE,ZN0
2020-02-25,16550.0,16650.0,16440.0,16560.0,97481,90321,16525.0,锌,金属类,SHFE,ZN0
2020-02-26,16445.0,16520.0,16370.0,16455.0,82395,89251,16450.0,锌,金属类,SHFE,ZN0
2020-02-27,16450.0,16540.0,16450.0,16460.0,54921,89191,16495.0,锌,金属类,SHFE,ZN0
2020-02-28,16370.0,16370.0,15675.0,15860.0,160326,85044,16010.0,锌,金属类,SHFE,ZN0
2020-03-02,15995.0,16225.0,15945.0,16160.0,105498,76236,16080.0,锌,金属类,SHFE,ZN0
2020-03-03,16135.0,16245.0,16135.0,16190.0,61313,72726,16180.0,锌,金属类,SHFE,ZN0
2020-03-04,15920.0,16025.0,15850.0,15995.0,83401,68923,15915.0,锌,金属类,SHFE,ZN0
2020-03-05,15930.0,16105.0,15920.0,16055.0,58922,66132,16000.0,锌,金属类,SHFE,ZN0
2020-03-06,16010.0,16090.0,15950.0,16020.0,44327,64317,16005.0,锌,金属类,SHFE,ZN0
2020-03-09,15705.0,15730.0,15235.0,15565.0,126944,101660,15455.0,锌,金属类,SHFE,ZN0
2020-03-10,15755.0,16115.0,15755.0,16025.0,100907,100954,15920.0,锌,金属类,SHFE,ZN0
2020-03-11,16005.0,16160.0,15980.0,16010.0,84848,101751,16075.0,锌,金属类,SHFE,ZN0
2020-03-12,15880.0,16015.0,15795.0,15835.0,112778,103524,15900.0,锌,金属类,SHFE,ZN0
2020-03-13,15635.0,15940.0,15505.0,15805.0,157305,99291,15675.0,锌,金属类,SHFE,ZN0
2020-03-16,15685.0,15865.0,15525.0,15540.0,106194,103523,15715.0,锌,金属类,SHFE,ZN0
2020-03-17,15620.0,15750.0,15555.0,15660.0,128362,96959,15650.0,锌,金属类,SHFE,ZN0
2020-03-18,15300.0,15530.0,14710.0,14880.0,221171,102142,15155.0,锌,金属类,SHFE,ZN0
2020-03-19,15090.0,15090.0,14245.0,14420.0,219507,98462,14445.0,锌,金属类,SHFE,ZN0
2020-03-20,14770.0,15125.0,14585.0,15055.0,167071,88937,14890.0,锌,金属类,SHFE,ZN0
2020-03-23,14480.0,14745.0,14250.0,14630.0,131705,87842,14570.0,锌,金属类,SHFE,ZN0
2020-03-24,14900.0,15015.0,14610.0,14895.0,142300,87893,14800.0,锌,金属类,SHFE,ZN0
2020-03-25,14990.0,14995.0,14715.0,14905.0,109587,79957,14825.0,锌,金属类,SHFE,ZN0
2020-03-26,14920.0,15150.0,14825.0,14860.0,105968,80697,14935.0,锌,金属类,SHFE,ZN0
2020-03-27,15050.0,15390.0,14985.0,15385.0,136692,82248,15165.0,锌,金属类,SHFE,ZN0
2020-03-30,15225.0,15230.0,14955.0,15080.0,98912,76073,15105.0,锌,金属类,SHFE,ZN0
2020-03-31,15230.0,15240.0,15135.0,15175.0,52482,73098,15185.0,锌,金属类,SHFE,ZN0
2020-04-01,15230.0,15350.0,15075.0,15140.0,69478,72028,15200.0,锌,金属类,SHFE,ZN0
2020-04-02,15185.0,15520.0,14935.0,15415.0,115904,70338,15195.0,锌,金属类,SHFE,ZN0
2020-04-03,15420.0,15565.0,15335.0,15560.0,81492,67662,15420.0,锌,金属类,SHFE,ZN0
2020-04-07,15730.0,15950.0,15675.0,15845.0,81025,65211,15840.0,锌,金属类,SHFE,ZN0
2020-04-08,15800.0,15810.0,15660.0,15675.0,61827,60855,15715.0,锌,金属类,SHFE,ZN0
2020-04-09,15700.0,15790.0,15540.0,15555.0,83375,84871,15620.0,锌,金属类,SHFE,ZN0
2020-04-10,15550.0,15735.0,15450.0,15660.0,88662,87487,15580.0,锌,金属类,SHFE,ZN0
2020-04-13,15660.0,15805.0,15610.0,15735.0,71387,88808,15710.0,锌,金属类,SHFE,ZN0
2020-04-14,15675.0,15980.0,15675.0,15900.0,105593,93833,15855.0,锌,金属类,SHFE,ZN0
2020-04-15,15880.0,16000.0,15775.0,15805.0,93428,92921,15875.0,锌,金属类,SHFE,ZN0
2020-04-16,15835.0,16035.0,15765.0,15970.0,97514,98810,15925.0,锌,金属类,SHFE,ZN0
2020-04-17,16075.0,16195.0,16025.0,16130.0,101583,98608,16110.0,锌,金属类,SHFE,ZN0
2020-04-20,16140.0,16240.0,15975.0,16130.0,86910,95930,16095.0,锌,金属类,SHFE,ZN0
2020-04-21,16015.0,16040.0,15535.0,15635.0,160807,89028,15765.0,锌,金属类,SHFE,ZN0
2020-04-22,15625.0,15885.0,15585.0,15860.0,131017,89522,15715.0,锌,金属类,SHFE,ZN0
2020-04-23,15805.0,15915.0,15745.0,15795.0,92140,88651,15830.0,锌,金属类,SHFE,ZN0
2020-04-24,15670.0,15900.0,15625.0,15825.0,97129,89621,15765.0,锌,金属类,SHFE,ZN0
2020-04-27,15900.0,16235.0,15900.0,16090.0,123092,87518,16130.0,锌,金属类,SHFE,ZN0
2020-04-28,16045.0,16160.0,15970.0,16125.0,84091,85060,16075.0,锌,金属类,SHFE,ZN0
2020-04-29,16245.0,16415.0,16200.0,16365.0,100159,85904,16290.0,锌,金属类,SHFE,ZN0
2020-04-30,16430.0,16480.0,16280.0,16400.0,67414,80031,16370.0,锌,金属类,SHFE,ZN0
2020-05-06,16280.0,16610.0,16260.0,16485.0,88801,78360,16470.0,锌,金属类,SHFE,ZN0
2020-05-07,16525.0,16785.0,16500.0,16680.0,111694,78498,16670.0,锌,金属类,SHFE,ZN0
2020-05-08,16820.0,17050.0,16715.0,16985.0,119227,77274,16905.0,锌,金属类,SHFE,ZN0
2020-05-11,16925.0,16950.0,16815.0,16830.0,96132,122738,16875.0,锌,金属类,SHFE,ZN0
2020-05-12,16830.0,16985.0,16800.0,16815.0,93094,126211,16870.0,锌,金属类,SHFE,ZN0
2020-05-13,16820.0,16885.0,16440.0,16615.0,141760,121644,16630.0,锌,金属类,SHFE,ZN0
2020-05-14,16630.0,16635.0,16325.0,16430.0,117686,115482,16450.0,锌,金属类,SHFE,ZN0
2020-05-15,16365.0,16515.0,16245.0,16465.0,128303,114697,16410.0,锌,金属类,SHFE,ZN0
2020-05-18,16415.0,16735.0,16365.0,16595.0,127459,115562,16555.0,锌,金属类,SHFE,ZN0
2020-05-19,16725.0,16965.0,16685.0,16750.0,142090,116386,16820.0,锌,金属类,SHFE,ZN0
2020-05-20,16775.0,16880.0,16725.0,16750.0,110277,114201,16805.0,锌,金属类,SHFE,ZN0
2020-05-21,16770.0,16780.0,16405.0,16495.0,206047,106319,16620.0,锌,金属类,SHFE,ZN0
2020-05-22,16480.0,16545.0,16165.0,16395.0,228291,97446,16360.0,锌,金属类,SHFE,ZN0
2020-05-25,16390.0,16515.0,16170.0,16330.0,145398,93825,16350.0,锌,金属类,SHFE,ZN0
2020-05-26,16370.0,16470.0,16220.0,16285.0,128951,90531,16325.0,锌,金属类,SHFE,ZN0
2020-05-27,16320.0,16450.0,16065.0,16075.0,166125,90009,16275.0,锌,金属类,SHFE,ZN0
2020-05-28,16100.0,16260.0,15980.0,16180.0,162745,84867,16125.0,锌,金属类,SHFE,ZN0
2020-05-29,16170.0,16475.0,16125.0,16400.0,147140,85600,16285.0,锌,金属类,SHFE,ZN0
2020-06-01,16535.0,16665.0,16400.0,16515.0,149261,82920,16525.0,锌,金属类,SHFE,ZN0
2020-06-02,16515.0,16680.0,16470.0,16620.0,114049,83248,16590.0,锌,金属类,SHFE,ZN0
2020-06-03,16650.0,16795.0,16470.0,16590.0,152341,84230,16625.0,锌,金属类,SHFE,ZN0
2020-06-04,16680.0,16710.0,16515.0,16530.0,148878,83401,16615.0,锌,金属类,SHFE,ZN0
2020-06-05,16530.0,16710.0,16485.0,16635.0,139698,83748,16610.0,锌,金属类,SHFE,ZN0
2020-06-08,16730.0,16805.0,16250.0,16505.0,174681,84088,16530.0,锌,金属类,SHFE,ZN0
2020-06-09,16535.0,16725.0,16460.0,16505.0,147242,82051,16600.0,锌,金属类,SHFE,ZN0
2020-06-10,16485.0,16560.0,16350.0,16420.0,137795,81483,16440.0,锌,金属类,SHFE,ZN0
2020-06-11,16440.0,16875.0,16335.0,16395.0,231248,78712,16560.0,锌,金属类,SHFE,ZN0
2020-06-12,16345.0,16505.0,16215.0,16455.0,161591,75210,16375.0,锌,金属类,SHFE,ZN0
2020-06-15,16470.0,16515.0,16230.0,16285.0,146400,74570,16345.0,锌,金属类,SHFE,ZN0
2020-06-16,16285.0,16580.0,16265.0,16540.0,124363,67610,16420.0,锌,金属类,SHFE,ZN0
2020-06-17,16560.0,16765.0,16445.0,16750.0,126886,69500,16575.0,锌,金属类,SHFE,ZN0
2020-06-18,16730.0,16835.0,16620.0,16720.0,114341,64904,16730.0,锌,金属类,SHFE,ZN0
2020-06-19,16790.0,17050.0,16765.0,16985.0,123155,60382,16895.0,锌,金属类,SHFE,ZN0
2020-06-22,17000.0,17015.0,16760.0,16825.0,154948,96074,16910.0,锌,金属类,SHFE,ZN0
2020-06-23,16880.0,17055.0,16730.0,16790.0,181741,95472,16910.0,锌,金属类,SHFE,ZN0
2020-06-24,16780.0,16835.0,16655.0,16740.0,117745,90362,16735.0,锌,金属类,SHFE,ZN0
2020-06-29,16685.0,16765.0,16580.0,16625.0,77684,89706,16645.0,锌,金属类,SHFE,ZN0
2020-06-30,16700.0,16900.0,16655.0,16835.0,136916,91479,16805.0,锌,金属类,SHFE,ZN0
2020-07-01,16835.0,16885.0,16660.0,16685.0,131139,91859,16760.0,锌,金属类,SHFE,ZN0
2020-07-02,16645.0,16815.0,16585.0,16775.0,134025,87641,16690.0,锌,金属类,SHFE,ZN0
2020-07-03,16765.0,16780.0,16670.0,16745.0,111490,86314,16720.0,锌,金属类,SHFE,ZN0
2020-07-06,16695.0,16820.0,16615.0,16820.0,146818,86134,16720.0,锌,金属类,SHFE,ZN0
2020-07-07,16820.0,16855.0,16635.0,16705.0,132933,88998,16765.0,锌,金属类,SHFE,ZN0
2020-07-08,16745.0,17115.0,16690.0,17090.0,165774,92074,16805.0,锌,金属类,SHFE,ZN0
2020-07-09,17160.0,17650.0,17115.0,17540.0,262947,92668,17405.0,锌,金属类,SHFE,ZN0
2020-07-10,17545.0,17755.0,17375.0,17555.0,234133,85244,17570.0,锌,金属类,SHFE,ZN0
2020-07-13,17625.0,18195.0,17625.0,18030.0,255161,77819,17945.0,锌,金属类,SHFE,ZN0
2020-07-14,18030.0,18455.0,17825.0,17945.0,271805,70317,18105.0,锌,金属类,SHFE,ZN0
2020-07-15,17925.0,18020.0,17770.0,17880.0,158227,67719,17895.0,锌,金属类,SHFE,ZN0
2020-07-16,17930.0,17975.0,17525.0,17730.0,199162,60414,17735.0,锌,金属类,SHFE,ZN0
2020-07-17,17800.0,18000.0,17735.0,17875.0,145052,57849,17865.0,锌,金属类,SHFE,ZN0
2020-07-20,17790.0,17860.0,17560.0,17685.0,121009,52588,17665.0,锌,金属类,SHFE,ZN0
2020-07-21,17700.0,17990.0,17700.0,17870.0,111634,51534,17855.0,锌,金属类,SHFE,ZN0
2020-07-22,17910.0,18330.0,17910.0,18025.0,215689,89085,18110.0,锌,金属类,SHFE,ZN0
2020-07-23,17930.0,18070.0,17575.0,18065.0,190598,94458,17850.0,锌,金属类,SHFE,ZN0
2020-07-24,17970.0,18300.0,17740.0,17910.0,233853,94872,18060.0,锌,金属类,SHFE,ZN0
2020-07-27,17945.0,18220.0,17910.0,18130.0,196825,97755,18080.0,锌,金属类,SHFE,ZN0
2020-07-28,18060.0,18530.0,17890.0,17980.0,288019,97908,18160.0,锌,金属类,SHFE,ZN0
2020-07-29,18030.0,18720.0,18015.0,18695.0,298620,113050,18375.0,锌,金属类,SHFE,ZN0
2020-07-30,18720.0,18925.0,18480.0,18745.0,310667,111542,18740.0,锌,金属类,SHFE,ZN0
2020-07-31,18660.0,19130.0,18490.0,19080.0,370443,121011,18790.0,锌,金属类,SHFE,ZN0
2020-08-03,18990.0,19095.0,18670.0,18790.0,286823,105784,18920.0,锌,金属类,SHFE,ZN0
2020-08-04,18940.0,19010.0,18735.0,18870.0,244083,101266,18875.0,锌,金属类,SHFE,ZN0
2020-08-05,18830.0,19070.0,18770.0,18850.0,218620,100323,18885.0,锌,金属类,SHFE,ZN0
2020-08-06,19150.0,19550.0,19005.0,19365.0,336228,95521,19315.0,锌,金属类,SHFE,ZN0
2020-08-07,19435.0,19570.0,19250.0,19430.0,224357,91283,19415.0,锌,金属类,SHFE,ZN0
2020-08-10,19490.0,19655.0,19145.0,19220.0,251515,88062,19345.0,锌,金属类,SHFE,ZN0
2020-08-11,19300.0,19455.0,19235.0,19285.0,157753,87495,19340.0,锌,金属类,SHFE,ZN0
2020-08-12,19380.0,19620.0,19065.0,19370.0,277243,84641,19375.0,锌,金属类,SHFE,ZN0
2020-08-13,19390.0,19490.0,19290.0,19390.0,169662,83760,19400.0,锌,金属类,SHFE,ZN0
2020-08-14,19410.0,19525.0,19245.0,19455.0,180983,79984,19350.0,锌,金属类,SHFE,ZN0
2020-08-17,19450.0,19855.0,19270.0,19790.0,188834,89172,19525.0,锌,金属类,SHFE,ZN0
2020-08-18,19875.0,20060.0,19800.0,19900.0,147244,85160,19905.0,锌,金属类,SHFE,ZN0
2020-08-19,20080.0,20180.0,19890.0,20175.0,161660,81345,20010.0,锌,金属类,SHFE,ZN0
2020-08-20,20215.0,20430.0,19955.0,20095.0,164215,70941,20205.0,锌,金属类,SHFE,ZN0
2020-08-21,20195.0,20220.0,20020.0,20060.0,118979,62501,20110.0,锌,金属类,SHFE,ZN0
2020-08-24,19920.0,19940.0,19685.0,19845.0,172513,99547,19790.0,锌,金属类,SHFE,ZN0
2020-08-25,19840.0,19890.0,19610.0,19840.0,185047,103115,19785.0,锌,金属类,SHFE,ZN0
2020-08-26,19950.0,20030.0,19755.0,19810.0,186074,105028,19875.0,锌,金属类,SHFE,ZN0
2020-08-27,19880.0,19930.0,19745.0,19850.0,151027,105498,19840.0,锌,金属类,SHFE,ZN0
2020-08-28,19815.0,20105.0,19685.0,20060.0,264798,112917,19910.0,锌,金属类,SHFE,ZN0
2020-08-31,20215.0,20245.0,19850.0,19905.0,184119,105933,19980.0,锌,金属类,SHFE,ZN0
2020-09-01,19985.0,20460.0,19905.0,20450.0,196425,116051,20175.0,锌,金属类,SHFE,ZN0
2020-09-02,20430.0,20440.0,20170.0,20325.0,184751,108356,20310.0,锌,金属类,SHFE,ZN0
2020-09-03,20330.0,20365.0,20130.0,20180.0,167915,102160,20225.0,锌,金属类,SHFE,ZN0
2020-09-04,20180.0,20295.0,19670.0,19860.0,245490,97654,19940.0,锌,金属类,SHFE,ZN0
2020-09-07,19835.0,20060.0,19710.0,19805.0,208122,95178,19860.0,锌,金属类,SHFE,ZN0
2020-09-08,19880.0,19955.0,19780.0,19800.0,141318,94076,19855.0,锌,金属类,SHFE,ZN0
2020-09-09,19570.0,19580.0,19205.0,19275.0,246979,92949,19365.0,锌,金属类,SHFE,ZN0
2020-09-10,19325.0,19410.0,19045.0,19055.0,175040,93117,19295.0,锌,金属类,SHFE,ZN0
2020-09-11,19175.0,19495.0,19130.0,19435.0,222933,87208,19270.0,锌,金属类,SHFE,ZN0
2020-09-14,19550.0,19845.0,19430.0,19770.0,203352,83843,19660.0,锌,金属类,SHFE,ZN0
2020-09-15,19770.0,20065.0,19710.0,20010.0,164804,84356,19835.0,锌,金属类,SHFE,ZN0
2020-09-16,20100.0,20130.0,19820.0,19955.0,164526,79811,19935.0,锌,金属类,SHFE,ZN0
2020-09-17,20010.0,20035.0,19650.0,19685.0,183647,79274,19845.0,锌,金属类,SHFE,ZN0
2020-09-18,19790.0,20255.0,19630.0,20215.0,178854,74626,20005.0,锌,金属类,SHFE,ZN0
2020-09-21,20140.0,20265.0,19980.0,20020.0,141145,65216,20110.0,锌,金属类,SHFE,ZN0
2020-09-22,19900.0,19950.0,19525.0,19770.0,162648,58505,19765.0,锌,金属类,SHFE,ZN0
2020-09-23,19815.0,19850.0,19405.0,19520.0,120808,52479,19645.0,锌,金属类,SHFE,ZN0
2020-09-24,19170.0,19290.0,18930.0,18985.0,242139,93595,19115.0,锌,金属类,SHFE,ZN0
2020-09-25,18940.0,19110.0,18680.0,19070.0,265448,92769,18930.0,锌,金属类,SHFE,ZN0
2020-09-28,18915.0,19085.0,18765.0,19055.0,233052,90868,18915.0,锌,金属类,SHFE,ZN0
2020-09-29,19170.0,19415.0,19125.0,19355.0,205452,88237,19315.0,锌,金属类,SHFE,ZN0
2020-09-30,19280.0,19390.0,19200.0,19285.0,161422,83302,19310.0,锌,金属类,SHFE,ZN0
2020-10-09,19170.0,19400.0,19090.0,19265.0,110891,84089,19245.0,锌,金属类,SHFE,ZN0
2020-10-12,19330.0,19500.0,19045.0,19465.0,199190,89674,19255.0,锌,金属类,SHFE,ZN0
2020-10-13,19450.0,19550.0,19215.0,19245.0,128993,85989,19360.0,锌,金属类,SHFE,ZN0
2020-10-14,19330.0,19340.0,19080.0,19120.0,154879,87817,19195.0,锌,金属类,SHFE,ZN0
2020-10-15,19190.0,19295.0,18975.0,19265.0,164537,83496,19130.0,锌,金属类,SHFE,ZN0
2020-10-16,19130.0,19335.0,18930.0,19040.0,202648,83122,19115.0,锌,金属类,SHFE,ZN0
2020-10-19,19110.0,19350.0,18990.0,19325.0,181263,77289,19160.0,锌,金属类,SHFE,ZN0
2020-10-20,19490.0,19520.0,19255.0,19370.0,128769,70905,19340.0,锌,金属类,SHFE,ZN0
2020-10-21,19430.0,19820.0,19415.0,19780.0,173520,72650,19705.0,锌,金属类,SHFE,ZN0
2020-10-22,19850.0,19925.0,19720.0,19845.0,145510,67387,19805.0,锌,金属类,SHFE,ZN0
2020-10-23,19825.0,19950.0,19755.0,19870.0,142236,61650,19855.0,锌,金属类,SHFE,ZN0
2020-10-26,19965.0,20030.0,19590.0,19615.0,144103,51008,19755.0,锌,金属类,SHFE,ZN0
2020-10-27,19585.0,19840.0,19575.0,19680.0,115601,43037,19740.0,锌,金属类,SHFE,ZN0
2020-10-28,19680.0,20135.0,19565.0,20065.0,225552,111438,19800.0,锌,金属类,SHFE,ZN0
2020-10-29,19800.0,19840.0,19550.0,19690.0,194873,97729,19660.0,锌,金属类,SHFE,ZN0
2020-10-30,19540.0,19830.0,19465.0,19580.0,220300,92063,19625.0,锌,金属类,SHFE,ZN0
2020-11-02,19640.0,19810.0,19510.0,19755.0,170344,94727,19680.0,锌,金属类,SHFE,ZN0
2020-11-03,19755.0,19985.0,19680.0,19950.0,185467,99689,19820.0,锌,金属类,SHFE,ZN0
2020-11-04,19985.0,20075.0,19620.0,19810.0,212906,91253,19835.0,锌,金属类,SHFE,ZN0
2020-11-05,19870.0,20165.0,19835.0,19845.0,211098,95658,19950.0,锌,金属类,SHFE,ZN0
2020-11-06,19965.0,20035.0,19810.0,19975.0,152950,94325,19905.0,锌,金属类,SHFE,ZN0
2020-11-09,20020.0,20475.0,19975.0,20465.0,249023,107607,20245.0,锌,金属类,SHFE,ZN0
2020-11-10,20495.0,20560.0,20065.0,20115.0,185527,94691,20320.0,锌,金属类,SHFE,ZN0
2020-11-11,20165.0,20290.0,20120.0,20135.0,124341,92919,20210.0,锌,金属类,SHFE,ZN0
2020-11-12,20185.0,20185.0,19870.0,20020.0,142670,85233,19990.0,锌,金属类,SHFE,ZN0
2020-11-13,19960.0,20090.0,19835.0,20020.0,127155,82909,19955.0,锌,金属类,SHFE,ZN0
2020-11-16,20020.0,20325.0,19985.0,20280.0,152515,80844,20160.0,锌,金属类,SHFE,ZN0
2020-11-17,20350.0,20470.0,20205.0,20355.0,170201,77144,20350.0,锌,金属类,SHFE,ZN0
2020-11-18,20370.0,20870.0,20365.0,20770.0,164322,81533,20640.0,锌,金属类,SHFE,ZN0
2020-11-19,20790.0,20850.0,20560.0,20845.0,122161,75449,20685.0,锌,金属类,SHFE,ZN0
2020-11-20,20760.0,21290.0,20740.0,21240.0,181384,70747,21020.0,锌,金属类,SHFE,ZN0
2020-11-23,21305.0,21305.0,21030.0,21070.0,132336,59915,21165.0,锌,金属类,SHFE,ZN0
2020-11-24,20945.0,21125.0,20680.0,20960.0,126754,50167,20940.0,锌,金属类,SHFE,ZN0
2020-11-25,20960.0,21030.0,20695.0,20710.0,178169,101836,20865.0,锌,金属类,SHFE,ZN0
2020-11-26,20785.0,21140.0,20695.0,21045.0,180276,106955,20870.0,锌,金属类,SHFE,ZN0
2020-11-27,20960.0,21200.0,20735.0,21050.0,233295,104835,20935.0,锌,金属类,SHFE,ZN0
2020-11-30,21135.0,21685.0,21080.0,21535.0,297789,108714,21405.0,锌,金属类,SHFE,ZN0
2020-12-01,21550.0,21610.0,21235.0,21315.0,212193,97466,21410.0,锌,金属类,SHFE,ZN0
2020-12-02,21345.0,21475.0,21115.0,21160.0,229554,94093,21260.0,锌,金属类,SHFE,ZN0
2020-12-03,21035.0,21130.0,20780.0,21015.0,183357,89059,20930.0,锌,金属类,SHFE,ZN0
2020-12-04,21030.0,21160.0,20825.0,21060.0,170383,87817,20960.0,锌,金属类,SHFE,ZN0
2020-12-07,20925.0,21060.0,20740.0,21045.0,224273,86698,20885.0,锌,金属类,SHFE,ZN0
2020-12-08,21045.0,21350.0,21010.0,21275.0,176134,92051,21225.0,锌,金属类,SHFE,ZN0
2020-12-09,21285.0,21600.0,21165.0,21455.0,209376,95084,21355.0,锌,金属类,SHFE,ZN0
2020-12-10,21500.0,21635.0,21305.0,21440.0,182877,88890,21455.0,锌,金属类,SHFE,ZN0
2020-12-11,21405.0,21975.0,21405.0,21525.0,257794,85362,21715.0,锌,金属类,SHFE,ZN0
2020-12-14,21525.0,21630.0,21310.0,21350.0,172527,80041,21455.0,锌,金属类,SHFE,ZN0
2020-12-15,21360.0,21535.0,21320.0,21455.0,122969,75167,21415.0,锌,金属类,SHFE,ZN0
2020-12-16,21565.0,21670.0,21325.0,21645.0,150861,74777,21505.0,锌,金属类,SHFE,ZN0
2020-12-17,21580.0,21955.0,21465.0,21945.0,143130,76975,21655.0,锌,金属类,SHFE,ZN0
2020-12-18,21860.0,22085.0,21765.0,21950.0,142430,69496,21920.0,锌,金属类,SHFE,ZN0
2020-12-21,21850.0,22305.0,21785.0,22200.0,156237,57887,21985.0,锌,金属类,SHFE,ZN0
2020-12-22,21900.0,22020.0,21460.0,21510.0,206708,93960,21820.0,锌,金属类,SHFE,ZN0
2020-12-23,21595.0,21660.0,21195.0,21335.0,192438,94675,21395.0,锌,金属类,SHFE,ZN0
2020-12-24,21400.0,21540.0,21390.0,21450.0,132674,93951,21455.0,锌,金属类,SHFE,ZN0
2020-12-25,21545.0,21810.0,21480.0,21715.0,112816,97745,21615.0,锌,金属类,SHFE,ZN0
2020-12-28,21655.0,21925.0,21455.0,21505.0,135746,95100,21695.0,锌,金属类,SHFE,ZN0
2020-12-29,21590.0,21685.0,20940.0,21025.0,204610,87380,21345.0,锌,金属类,SHFE,ZN0
2020-12-30,20995.0,21070.0,20755.0,20920.0,181648,86688,20920.0,锌,金属类,SHFE,ZN0
2020-12-31,20855.0,20990.0,20610.0,20675.0,176614,82749,20835.0,锌,金属类,SHFE,ZN0
2021-01-04,20875.0,20980.0,20735.0,20905.0,84188,78301,20860.0,锌,金属类,SHFE,ZN0
2021-01-05,21090.0,21180.0,20900.0,21150.0,129381,76375,21030.0,锌,金属类,SHFE,ZN0
2021-01-06,21085.0,21445.0,21080.0,21375.0,112014,73690,21245.0,锌,金属类,SHFE,ZN0
2021-01-07,21465.0,21700.0,21245.0,21620.0,136594,72925,21485.0,锌,金属类,SHFE,ZN0
2021-01-08,21545.0,21780.0,21505.0,21620.0,103371,71903,21630.0,锌,金属类,SHFE,ZN0
2021-01-11,21500.0,21500.0,20930.0,21020.0,166546,66218,21135.0,锌,金属类,SHFE,ZN0
2021-01-12,21040.0,21060.0,20650.0,20885.0,135197,60722,20790.0,锌,金属类,SHFE,ZN0
2021-01-13,20885.0,20970.0,20625.0,20760.0,115177,59069,20805.0,锌,金属类,SHFE,ZN0
2021-01-14,20695.0,20885.0,20410.0,20420.0,122188,55974,20650.0,锌,金属类,SHFE,ZN0
2021-01-15,20380.0,20790.0,20305.0,20310.0,122021,51812,20570.0,锌,金属类,SHFE,ZN0
2021-01-18,20300.0,20445.0,20135.0,20415.0,166726,89243,20265.0,锌,金属类,SHFE,ZN0
2021-01-19,20335.0,20415.0,20240.0,20305.0,111364,91001,20315.0,锌,金属类,SHFE,ZN0
2021-01-20,20340.0,20460.0,20185.0,20385.0,168405,91593,20345.0,锌,金属类,SHFE,ZN0
2021-01-21,20370.0,20660.0,20365.0,20540.0,132214,87529,20510.0,锌,金属类,SHFE,ZN0
2021-01-22,20615.0,20615.0,19950.0,19995.0,166683,101725,20290.0,锌,金属类,SHFE,ZN0
2021-01-25,20060.0,20500.0,20055.0,20440.0,151187,92118,20310.0,锌,金属类,SHFE,ZN0
2021-01-26,20315.0,20410.0,20000.0,20005.0,148244,92591,20235.0,锌,金属类,SHFE,ZN0
2021-01-27,20005.0,20070.0,19705.0,19780.0,187396,101424,19865.0,锌,金属类,SHFE,ZN0
2021-01-28,19560.0,19695.0,19325.0,19515.0,213086,103381,19510.0,锌,金属类,SHFE,ZN0
2021-01-29,19545.0,19715.0,19360.0,19415.0,164133,102935,19555.0,锌,金属类,SHFE,ZN0
2021-02-01,19505.0,19865.0,19495.0,19625.0,174729,95021,19695.0,锌,金属类,SHFE,ZN0
2021-02-02,19430.0,19600.0,19355.0,19505.0,130449,96112,19515.0,锌,金属类,SHFE,ZN0
2021-02-03,19550.0,19750.0,19465.0,19650.0,150026,93856,19580.0,锌,金属类,SHFE,ZN0
2021-02-04,19775.0,19980.0,19695.0,19925.0,137237,84284,19845.0,锌,金属类,SHFE,ZN0
2021-02-05,19890.0,20165.0,19800.0,20080.0,127379,80450,19955.0,锌,金属类,SHFE,ZN0
2021-02-08,20155.0,20310.0,19935.0,20035.0,113270,81406,20055.0,锌,金属类,SHFE,ZN0
2021-02-09,20025.0,20230.0,19890.0,20180.0,114863,76234,20045.0,锌,金属类,SHFE,ZN0
2021-02-10,20230.0,20515.0,20155.0,20495.0,113068,66496,20310.0,锌,金属类,SHFE,ZN0
2021-02-18,20825.0,21320.0,20825.0,21295.0,74698,63726,21160.0,锌,金属类,SHFE,ZN0
2021-02-19,21415.0,21670.0,21335.0,21630.0,108583,60786,21510.0,锌,金属类,SHFE,ZN0
2021-02-22,21660.0,22225.0,21505.0,21980.0,145101,54579,21840.0,锌,金属类,SHFE,ZN0
2021-02-23,21840.0,21965.0,21610.0,21850.0,96266,42826,21805.0,锌,金属类,SHFE,ZN0
2021-02-24,21615.0,21695.0,21190.0,21290.0,203602,77134,21450.0,锌,金属类,SHFE,ZN0
2021-02-25,21450.0,21960.0,21250.0,21675.0,263898,72785,21605.0,锌,金属类,SHFE,ZN0
2021-02-26,21790.0,21995.0,21320.0,21490.0,258437,71075,21670.0,锌,金属类,SHFE,ZN0
2021-03-01,21520.0,21520.0,21035.0,21340.0,211870,71800,21325.0,锌,金属类,SHFE,ZN0
2021-03-02,21325.0,21650.0,21090.0,21560.0,189686,75934,21310.0,锌,金属类,SHFE,ZN0
2021-03-03,21600.0,21835.0,21535.0,21705.0,158708,79155,21685.0,锌,金属类,SHFE,ZN0
2021-03-04,21455.0,21460.0,20960.0,20970.0,186699,78236,21230.0,锌,金属类,SHFE,ZN0
2021-03-05,21055.0,21360.0,20805.0,21240.0,224889,73660,21040.0,锌,金属类,SHFE,ZN0
2021-03-08,21145.0,21480.0,21120.0,21260.0,158669,71965,21285.0,锌,金属类,SHFE,ZN0
2021-03-09,21430.0,21710.0,21275.0,21290.0,180474,71696,21525.0,锌,金属类,SHFE,ZN0
2021-03-10,21290.0,21480.0,21205.0,21210.0,133101,70867,21345.0,锌,金属类,SHFE,ZN0
2021-03-11,21210.0,21880.0,21125.0,21775.0,168576,75675,21440.0,锌,金属类,SHFE,ZN0
2021-03-12,21610.0,21925.0,21555.0,21870.0,146631,74403,21735.0,锌,金属类,SHFE,ZN0
2021-03-15,21825.0,21960.0,21540.0,21865.0,141004,68328,21780.0,锌,金属类,SHFE,ZN0
2021-03-16,21835.0,22020.0,21585.0,21585.0,118161,65291,21845.0,锌,金属类,SHFE,ZN0
2021-03-17,21635.0,21795.0,21480.0,21715.0,98874,61882,21630.0,锌,金属类,SHFE,ZN0
2021-03-18,21660.0,21880.0,21390.0,21440.0,114696,59459,21640.0,锌,金属类,SHFE,ZN0
2021-03-19,21485.0,21615.0,21280.0,21460.0,123896,53402,21460.0,锌,金属类,SHFE,ZN0
2021-03-22,21510.0,22335.0,21420.0,22105.0,286583,91081,21950.0,锌,金属类,SHFE,ZN0
2021-03-23,22120.0,22465.0,21510.0,21860.0,322736,87018,22025.0,锌,金属类,SHFE,ZN0
2021-03-24,21885.0,21930.0,21575.0,21635.0,177423,84546,21740.0,锌,金属类,SHFE,ZN0
2021-03-25,21635.0,21710.0,21395.0,21415.0,195949,83373,21550.0,锌,金属类,SHFE,ZN0
2021-03-26,21430.0,21770.0,21340.0,21615.0,203215,83176,21530.0,锌,金属类,SHFE,ZN0
2021-03-29,21590.0,21875.0,21590.0,21800.0,171254,84064,21755.0,锌,金属类,SHFE,ZN0
2021-03-30,21825.0,21980.0,21750.0,21860.0,160336,83855,21880.0,锌,金属类,SHFE,ZN0
2021-03-31,21815.0,21900.0,21425.0,21560.0,164723,77799,21635.0,锌,金属类,SHFE,ZN0
2021-04-01,21590.0,21745.0,21405.0,21405.0,162139,76065,21585.0,锌,金属类,SHFE,ZN0
2021-04-02,21440.0,21555.0,21305.0,21460.0,190500,77092,21425.0,锌,金属类,SHFE,ZN0
2021-04-06,21335.0,21885.0,21335.0,21760.0,132511,72102,21790.0,锌,金属类,SHFE,ZN0
2021-04-07,21840.0,21960.0,21785.0,21865.0,139855,76424,21855.0,锌,金属类,SHFE,ZN0
2021-04-08,21755.0,22025.0,21730.0,22020.0,171402,84346,21885.0,锌,金属类,SHFE,ZN0
2021-04-09,22005.0,22215.0,21855.0,21915.0,166912,79436,22020.0,锌,金属类,SHFE,ZN0
2021-04-12,21960.0,22035.0,21495.0,21535.0,167547,68815,21745.0,锌,金属类,SHFE,ZN0
2021-04-13,21535.0,21545.0,21275.0,21350.0,153726,69517,21385.0,锌,金属类,SHFE,ZN0
2021-04-14,21540.0,21545.0,21315.0,21335.0,109054,71440,21425.0,锌,金属类,SHFE,ZN0
2021-04-15,21635.0,21730.0,21500.0,21675.0,128372,61016,21600.0,锌,金属类,SHFE,ZN0
2021-04-16,21550.0,21920.0,21545.0,21890.0,127540,56964,21820.0,锌,金属类,SHFE,ZN0
2021-04-19,21995.0,22015.0,21735.0,21945.0,109643,55101,21895.0,锌,金属类,SHFE,ZN0
2021-04-20,21955.0,21955.0,21725.0,21750.0,91687,45770,21795.0,锌,金属类,SHFE,ZN0
2021-04-21,21780.0,21780.0,21350.0,21425.0,171244,81768,21500.0,锌,金属类,SHFE,ZN0
2021-04-22,21400.0,21525.0,21350.0,21365.0,144411,91665,21425.0,锌,金属类,SHFE,ZN0
2021-04-23,21415.0,21525.0,21220.0,21380.0,211868,95869,21385.0,锌,金属类,SHFE,ZN0
2021-04-26,21390.0,21930.0,21385.0,21880.0,220493,85194,21745.0,锌,金属类,SHFE,ZN0
2021-04-27,22000.0,22430.0,21930.0,22235.0,250372,100207,22205.0,锌,金属类,SHFE,ZN0
2021-04-28,22100.0,22315.0,21940.0,22135.0,202872,100780,22125.0,锌,金属类,SHFE,ZN0
2021-04-29,22300.0,22610.0,22055.0,22265.0,262254,105444,22275.0,锌,金属类,SHFE,ZN0
2021-04-30,22275.0,22370.0,21720.0,21795.0,252363,85338,21940.0,锌,金属类,SHFE,ZN0
2021-05-06,21830.0,22105.0,21760.0,22015.0,135031,87802,21905.0,锌,金属类,SHFE,ZN0
2021-05-07,22110.0,22465.0,21900.0,22415.0,226555,91328,22185.0,锌,金属类,SHFE,ZN0
2021-05-10,22600.0,23065.0,22505.0,22805.0,309162,90573,22820.0,锌,金属类,SHFE,ZN0
2021-05-11,22910.0,22910.0,22205.0,22515.0,225356,79025,22475.0,锌,金属类,SHFE,ZN0
2021-05-12,22560.0,22560.0,22325.0,22520.0,143762,79166,22440.0,锌,金属类,SHFE,ZN0
2021-05-13,22365.0,22390.0,21885.0,21990.0,228653,72249,22150.0,锌,金属类,SHFE,ZN0
2021-05-14,21800.0,22130.0,21755.0,22020.0,191588,69120,21975.0,锌,金属类,SHFE,ZN0
2021-05-17,21980.0,22420.0,21965.0,22380.0,177580,68135,22190.0,锌,金属类,SHFE,ZN0
2021-05-18,22450.0,23535.0,22385.0,23220.0,258004,72125,23030.0,锌,金属类,SHFE,ZN0
2021-05-19,23250.0,23395.0,22770.0,22775.0,185703,60892,23060.0,锌,金属类,SHFE,ZN0
2021-05-20,22640.0,22665.0,22115.0,22520.0,194551,46071,22355.0,锌,金属类,SHFE,ZN0
2021-05-21,22500.0,22595.0,22205.0,22425.0,142944,36469,22370.0,锌,金属类,SHFE,ZN0
2021-05-24,22730.0,22810.0,21930.0,22155.0,244988,83644,22270.0,锌,金属类,SHFE,ZN0
2021-05-25,22245.0,22395.0,22140.0,22145.0,158290,86382,22265.0,锌,金属类,SHFE,ZN0
2021-05-26,22220.0,22490.0,22130.0,22305.0,170721,88541,22340.0,锌,金属类,SHFE,ZN0
2021-05-27,22280.0,22695.0,22165.0,22595.0,211764,93865,22410.0,锌,金属类,SHFE,ZN0
2021-05-28,22505.0,23100.0,22500.0,23045.0,256448,107563,22895.0,锌,金属类,SHFE,ZN0
2021-05-31,22940.0,23125.0,22790.0,22900.0,188871,104060,22910.0,锌,金属类,SHFE,ZN0
2021-06-01,22815.0,23085.0,22600.0,23075.0,166202,105727,22835.0,锌,金属类,SHFE,ZN0
2021-06-02,22930.0,23210.0,22850.0,23140.0,239133,113629,23030.0,锌,金属类,SHFE,ZN0
2021-06-03,23155.0,23195.0,22780.0,22890.0,192274,107585,22990.0,锌,金属类,SHFE,ZN0
2021-06-04,22500.0,22595.0,22350.0,22520.0,193658,92684,22450.0,锌,金属类,SHFE,ZN0
2021-06-07,22590.0,22705.0,22405.0,22410.0,131327,89615,22520.0,锌,金属类,SHFE,ZN0
2021-06-08,22525.0,22790.0,22460.0,22505.0,201890,91962,22585.0,锌,金属类,SHFE,ZN0
2021-06-09,22505.0,22735.0,22420.0,22685.0,165388,92801,22580.0,锌,金属类,SHFE,ZN0
2021-06-10,22605.0,22710.0,22230.0,22400.0,172330,88682,22470.0,锌,金属类,SHFE,ZN0
2021-06-11,22440.0,22890.0,22345.0,22740.0,170372,87451,22550.0,锌,金属类,SHFE,ZN0
2021-06-15,22750.0,22845.0,22310.0,22460.0,133229,79815,22500.0,锌,金属类,SHFE,ZN0
2021-06-16,22480.0,22795.0,22300.0,22310.0,214117,80864,22555.0,锌,金属类,SHFE,ZN0
2021-06-17,22350.0,22830.0,22310.0,22650.0,224794,87379,22640.0,锌,金属类,SHFE,ZN0
2021-06-18,22450.0,22495.0,21845.0,21935.0,301904,76355,22105.0,锌,金属类,SHFE,ZN0
2021-06-21,21770.0,21790.0,21390.0,21515.0,211681,73133,21530.0,锌,金属类,SHFE,ZN0
2021-06-22,21515.0,21730.0,21485.0,21650.0,131517,65436,21620.0,锌,金属类,SHFE,ZN0
2021-06-23,21560.0,21855.0,21545.0,21820.0,149576,52112,21700.0,锌,金属类,SHFE,ZN0
2021-06-24,21905.0,22010.0,21685.0,21690.0,113941,43678,21835.0,锌,金属类,SHFE,ZN0
2021-06-25,21805.0,22025.0,21760.0,21760.0,185852,95802,21905.0,锌,金属类,SHFE,ZN0
2021-06-28,21845.0,21995.0,21710.0,21745.0,226088,100829,21840.0,锌,金属类,SHFE,ZN0
2021-06-29,21745.0,21955.0,21670.0,21905.0,183375,102120,21820.0,锌,金属类,SHFE,ZN0
2021-06-30,21905.0,22080.0,21810.0,21965.0,192548,94053,21965.0,锌,金属类,SHFE,ZN0
2021-07-01,22055.0,22255.0,22000.0,22180.0,192934,97874,22165.0,锌,金属类,SHFE,ZN0
2021-07-02,22160.0,22200.0,21930.0,22020.0,171871,93381,22050.0,锌,金属类,SHFE,ZN0
2021-07-05,22110.0,22340.0,21825.0,22200.0,267812,96924,22070.0,锌,金属类,SHFE,ZN0
2021-07-06,22150.0,22330.0,22090.0,22295.0,159167,98423,22200.0,锌,金属类,SHFE,ZN0
2021-07-07,22385.0,22410.0,21965.0,22350.0,219107,99877,22185.0,锌,金属类,SHFE,ZN0
2021-07-08,22260.0,22365.0,22100.0,22190.0,173377,92701,22230.0,锌,金属类,SHFE,ZN0
2021-07-09,22230.0,22420.0,22155.0,22360.0,174447,101426,22290.0,锌,金属类,SHFE,ZN0
2021-07-12,22445.0,22695.0,22165.0,22185.0,208578,97061,22420.0,锌,金属类,SHFE,ZN0
2021-07-13,22160.0,22235.0,21990.0,21995.0,171311,88428,22100.0,锌,金属类,SHFE,ZN0
2021-07-14,21925.0,22025.0,21770.0,21980.0,185803,84563,21875.0,锌,金属类,SHFE,ZN0
2021-07-15,21910.0,22145.0,21785.0,22130.0,166054,77622,21935.0,锌,金属类,SHFE,ZN0
2021-07-16,22080.0,22500.0,22070.0,22465.0,169919,79857,22290.0,锌,金属类,SHFE,ZN0
2021-07-19,22490.0,22635.0,22415.0,22495.0,150337,86744,22525.0,锌,金属类,SHFE,ZN0
2021-07-20,22295.0,22615.0,22280.0,22545.0,135665,94989,22480.0,锌,金属类,SHFE,ZN0
2021-07-21,22440.0,22600.0,22095.0,22170.0,161467,77200,22340.0,锌,金属类,SHFE,ZN0
2021-07-22,22175.0,22225.0,22105.0,22185.0,105640,67264,22155.0,锌,金属类,SHFE,ZN0
2021-07-23,22150.0,22325.0,22060.0,22210.0,128027,55498,22180.0,锌,金属类,SHFE,ZN0
2021-07-26,22270.0,22540.0,22210.0,22375.0,123676,42160,22335.0,锌,金属类,SHFE,ZN0
2021-07-27,22395.0,22685.0,22330.0,22375.0,198355,103796,22535.0,锌,金属类,SHFE,ZN0
2021-07-28,22395.0,22410.0,22215.0,22240.0,159144,100943,22310.0,锌,金属类,SHFE,ZN0
2021-07-29,22255.0,22380.0,22205.0,22360.0,164194,99014,22285.0,锌,金属类,SHFE,ZN0
2021-07-30,22305.0,22540.0,22290.0,22495.0,175083,105241,22415.0,锌,金属类,SHFE,ZN0
2021-08-02,22615.0,22700.0,22445.0,22570.0,213745,110860,22585.0,锌,金属类,SHFE,ZN0
2021-08-03,22660.0,22665.0,22105.0,22120.0,223065,93012,22335.0,锌,金属类,SHFE,ZN0
2021-08-04,22020.0,22130.0,21960.0,22050.0,158540,89357,22055.0,锌,金属类,SHFE,ZN0
2021-08-05,22050.0,22180.0,21990.0,22090.0,153350,88086,22075.0,锌,金属类,SHFE,ZN0
2021-08-06,22220.0,22600.0,22180.0,22580.0,200110,85662,22430.0,锌,金属类,SHFE,ZN0
2021-08-09,22430.0,22500.0,22250.0,22395.0,154888,78530,22365.0,锌,金属类,SHFE,ZN0
2021-08-10,22220.0,22450.0,22200.0,22430.0,140146,74581,22310.0,锌,金属类,SHFE,ZN0
2021-08-11,22400.0,22545.0,22360.0,22520.0,127286,76049,22465.0,锌,金属类,SHFE,ZN0
2021-08-12,22660.0,22820.0,22590.0,22795.0,167299,87671,22700.0,锌,金属类,SHFE,ZN0
2021-08-13,22610.0,22650.0,22300.0,22360.0,177950,65673,22405.0,锌,金属类,SHFE,ZN0
2021-08-16,22530.0,22675.0,22330.0,22400.0,153903,63133,22515.0,锌,金属类,SHFE,ZN0
2021-08-17,22560.0,22845.0,22510.0,22790.0,166693,77021,22675.0,锌,金属类,SHFE,ZN0
2021-08-18,22520.0,22805.0,22520.0,22640.0,140838,69617,22675.0,锌,金属类,SHFE,ZN0
2021-08-19,22620.0,22655.0,22400.0,22420.0,120283,60817,22500.0,锌,金属类,SHFE,ZN0
2021-08-20,22210.0,22505.0,22180.0,22440.0,143172,51552,22365.0,锌,金属类,SHFE,ZN0
2021-08-23,22395.0,22430.0,22215.0,22240.0,116194,44427,22310.0,锌,金属类,SHFE,ZN0
2021-08-24,22300.0,22400.0,22115.0,22330.0,180317,82680,22275.0,锌,金属类,SHFE,ZN0
2021-08-25,22450.0,22610.0,22430.0,22590.0,159738,91351,22535.0,锌,金属类,SHFE,ZN0
2021-08-26,22700.0,22735.0,22440.0,22510.0,156352,93436,22590.0,锌,金属类,SHFE,ZN0
2021-08-27,22505.0,22520.0,22240.0,22385.0,203440,89263,22380.0,锌,金属类,SHFE,ZN0
2021-08-30,22365.0,22660.0,22320.0,22635.0,204063,92679,22495.0,锌,金属类,SHFE,ZN0
2021-08-31,22635.0,22635.0,22285.0,22350.0,166258,89077,22420.0,锌,金属类,SHFE,ZN0
2021-09-01,22480.0,22500.0,22160.0,22165.0,168041,98575,22305.0,锌,金属类,SHFE,ZN0
2021-09-02,22190.0,22300.0,22010.0,22270.0,150819,99126,22185.0,锌,金属类,SHFE,ZN0
2021-09-03,22200.0,22505.0,22180.0,22415.0,171204,91453,22330.0,锌,金属类,SHFE,ZN0
2021-09-06,22415.0,22590.0,22360.0,22585.0,182747,93805,22470.0,锌,金属类,SHFE,ZN0
2021-09-07,22545.0,22600.0,22395.0,22505.0,141135,91388,22485.0,锌,金属类,SHFE,ZN0
2021-09-08,22645.0,22725.0,22530.0,22630.0,200761,105680,22630.0,锌,金属类,SHFE,ZN0
2021-09-09,22695.0,22980.0,22645.0,22960.0,257785,116208,22815.0,锌,金属类,SHFE,ZN0
2021-09-10,22910.0,22985.0,22745.0,22940.0,186068,113017,22870.0,锌,金属类,SHFE,ZN0
2021-09-13,23000.0,23225.0,22860.0,22885.0,233780,109754,22995.0,锌,金属类,SHFE,ZN0
2021-09-14,22975.0,23010.0,22570.0,22585.0,186664,91011,22715.0,锌,金属类,SHFE,ZN0
2021-09-15,22505.0,22630.0,22470.0,22575.0,150322,80370,22540.0,锌,金属类,SHFE,ZN0
2021-09-16,22630.0,22745.0,22505.0,22520.0,151339,75073,22610.0,锌,金属类,SHFE,ZN0
2021-09-17,22600.0,22880.0,22585.0,22780.0,175650,74285,22760.0,锌,金属类,SHFE,ZN0
2021-09-22,22485.0,22810.0,22380.0,22790.0,120623,68458,22670.0,锌,金属类,SHFE,ZN0
2021-09-23,22740.0,22840.0,22530.0,22670.0,130677,54602,22640.0,锌,金属类,SHFE,ZN0
2021-09-24,22725.0,23045.0,22675.0,22985.0,147105,48533,22895.0,锌,金属类,SHFE,ZN0
2021-09-27,23065.0,23285.0,22860.0,23020.0,274986,113591,23030.0,锌,金属类,SHFE,ZN0
2021-09-28,22880.0,22955.0,22655.0,22715.0,200509,101498,22755.0,锌,金属类,SHFE,ZN0
2021-09-29,22665.0,22780.0,22620.0,22690.0,157079,95122,22695.0,锌,金属类,SHFE,ZN0
2021-09-30,22625.0,22700.0,22350.0,22370.0,172401,83508,22555.0,锌,金属类,SHFE,ZN0
2021-10-08,22555.0,22980.0,22555.0,22945.0,161312,88281,22860.0,锌,金属类,SHFE,ZN0
2021-10-11,23060.0,23445.0,22980.0,23240.0,236033,97794,23195.0,锌,金属类,SHFE,ZN0
2021-10-12,23450.0,23880.0,23385.0,23730.0,264469,106094,23645.0,锌,金属类,SHFE,ZN0
2021-10-13,23805.0,24000.0,23520.0,24000.0,253036,108486,23800.0,锌,金属类,SHFE,ZN0
2021-10-14,24495.0,25700.0,24455.0,25700.0,365960,111555,24905.0,锌,金属类,SHFE,ZN0
2021-10-15,25675.0,26060.0,25410.0,25720.0,370916,98966,25670.0,锌,金属类,SHFE,ZN0
2021-10-18,27480.0,27720.0,26860.0,27720.0,449755,91290,27385.0,锌,金属类,SHFE,ZN0
2021-10-19,27295.0,27585.0,26900.0,27275.0,341013,77301,27170.0,锌,金属类,SHFE,ZN0
2021-10-20,26880.0,26880.0,25125.0,25415.0,407389,60719,25760.0,锌,金属类,SHFE,ZN0
2021-10-21,25565.0,26185.0,25350.0,25365.0,293585,54313,25825.0,锌,金属类,SHFE,ZN0
2021-10-22,25185.0,25365.0,24055.0,24675.0,340669,41901,24725.0,锌,金属类,SHFE,ZN0
2021-10-25,24710.0,25060.0,24015.0,24700.0,234619,36842,24555.0,锌,金属类,SHFE,ZN0
2021-10-26,24820.0,24935.0,24120.0,24435.0,280917,89591,24555.0,锌,金属类,SHFE,ZN0
2021-10-27,24330.0,24785.0,23855.0,23895.0,372002,87591,24330.0,锌,金属类,SHFE,ZN0
2021-10-28,23725.0,24205.0,23335.0,23860.0,374160,80304,23700.0,锌,金属类,SHFE,ZN0
2021-10-29,23760.0,23905.0,23320.0,23470.0,275830,82414,23680.0,锌,金属类,SHFE,ZN0
2021-11-01,23570.0,24450.0,23445.0,24055.0,332565,81284,24105.0,锌,金属类,SHFE,ZN0
2021-11-02,24090.0,24190.0,23450.0,23605.0,170414,84757,23795.0,锌,金属类,SHFE,ZN0
2021-11-03,23605.0,24030.0,23390.0,23780.0,145575,83718,23695.0,锌,金属类,SHFE,ZN0
2021-11-04,23635.0,24000.0,23160.0,23835.0,179148,80282,23620.0,锌,金属类,SHFE,ZN0
2021-11-05,23620.0,23725.0,22605.0,22835.0,189815,79404,23025.0,锌,金属类,SHFE,ZN0
2021-11-08,22730.0,23125.0,22640.0,22920.0,133509,77970,22905.0,锌,金属类,SHFE,ZN0
2021-11-09,23010.0,23260.0,22780.0,23185.0,102566,74408,23085.0,锌,金属类,SHFE,ZN0
2021-11-10,23310.0,23580.0,22965.0,23330.0,156834,75078,23250.0,锌,金属类,SHFE,ZN0
2021-11-11,23350.0,23570.0,23180.0,23520.0,106360,69374,23380.0,锌,金属类,SHFE,ZN0
2021-11-12,23425.0,23480.0,23130.0,23185.0,105786,65078,23345.0,锌,金属类,SHFE,ZN0
2021-11-15,23240.0,23395.0,22990.0,23070.0,127830,62160,23180.0,锌,金属类,SHFE,ZN0
2021-11-16,23110.0,23115.0,22580.0,22635.0,156538,76869,22805.0,锌,金属类,SHFE,ZN0
2021-11-17,22670.0,22985.0,22640.0,22905.0,182079,78406,22840.0,锌,金属类,SHFE,ZN0
2021-11-18,22845.0,22885.0,22250.0,22310.0,187392,93026,22590.0,锌,金属类,SHFE,ZN0
2021-11-19,22400.0,22935.0,22285.0,22810.0,192664,81904,22610.0,锌,金属类,SHFE,ZN0
2021-11-22,22645.0,23140.0,22615.0,22930.0,188408,81753,22915.0,锌,金属类,SHFE,ZN0
2021-11-23,22915.0,23980.0,22915.0,23710.0,319198,91492,23615.0,锌,金属类,SHFE,ZN0
2021-11-24,23810.0,23835.0,23520.0,23755.0,187239,91053,23655.0,锌,金属类,SHFE,ZN0
2021-11-25,23830.0,23910.0,23625.0,23780.0,185569,88869,23765.0,锌,金属类,SHFE,ZN0
2021-11-26,23880.0,23880.0,23360.0,23445.0,238530,85581,23600.0,锌,金属类,SHFE,ZN0
2021-11-29,23000.0,23095.0,22690.0,22925.0,256558,76557,22855.0,锌,金属类,SHFE,ZN0
2021-11-30,22955.0,23040.0,22800.0,22870.0,152390,78703,22915.0,锌,金属类,SHFE,ZN0
2021-12-01,23120.0,23300.0,22875.0,23025.0,220275,77797,23095.0,锌,金属类,SHFE,ZN0
2021-12-02,23025.0,23205.0,22890.0,22895.0,208533,75141,23070.0,锌,金属类,SHFE,ZN0
2021-12-03,23080.0,23335.0,22850.0,23265.0,220288,78447,23080.0,锌,金属类,SHFE,ZN0
2021-12-06,23170.0,23195.0,22670.0,22725.0,190450,76431,22880.0,锌,金属类,SHFE,ZN0
2021-12-07,22725.0,22970.0,22720.0,22860.0,118498,71858,22850.0,锌,金属类,SHFE,ZN0
2021-12-08,23080.0,23225.0,23015.0,23175.0,132380,68685,23115.0,锌,金属类,SHFE,ZN0
2021-12-09,23315.0,23600.0,23225.0,23505.0,155861,74774,23430.0,锌,金属类,SHFE,ZN0
2021-12-10,23505.0,23615.0,23380.0,23445.0,103597,72096,23480.0,锌,金属类,SHFE,ZN0
2021-12-13,23385.0,23785.0,23285.0,23775.0,145249,76924,23495.0,锌,金属类,SHFE,ZN0
2021-12-14,23745.0,23750.0,23340.0,23565.0,130497,73848,23505.0,锌,金属类,SHFE,ZN0
2021-12-15,23535.0,23540.0,22990.0,23045.0,137118,68165,23235.0,锌,金属类,SHFE,ZN0
2021-12-16,23005.0,23435.0,22870.0,23410.0,133814,66112,23150.0,锌,金属类,SHFE,ZN0
2021-12-17,23540.0,24160.0,23495.0,24150.0,202934,72969,23920.0,锌,金属类,SHFE,ZN0
2021-12-20,24010.0,24125.0,23455.0,23480.0,175985,61488,23805.0,锌,金属类,SHFE,ZN0
2021-12-21,23480.0,23565.0,23290.0,23490.0,103364,57060,23465.0,锌,金属类,SHFE,ZN0
2021-12-22,23750.0,24015.0,23570.0,23900.0,110425,53547,23730.0,锌,金属类,SHFE,ZN0
2021-12-23,24350.0,24545.0,24240.0,24480.0,191997,108499,24420.0,锌,金属类,SHFE,ZN0
2021-12-24,24405.0,24470.0,24240.0,24320.0,158868,107710,24360.0,锌,金属类,SHFE,ZN0
2021-12-27,24410.0,24655.0,23940.0,23955.0,225923,104426,24300.0,锌,金属类,SHFE,ZN0
2021-12-28,24050.0,24230.0,23845.0,24090.0,130648,102953,24045.0,锌,金属类,SHFE,ZN0
2021-12-29,24020.0,24135.0,23840.0,24090.0,153295,103282,23945.0,锌,金属类,SHFE,ZN0
2021-12-30,24150.0,24200.0,23895.0,24135.0,183230,98514,0.0,锌,金属类,SHFE,ZN0
2021-12-31,24230.0,24580.0,23930.0,24125.0,219259,89750,24235.0,锌,金属类,SHFE,ZN0
2022-01-04,24200.0,24300.0,23970.0,24050.0,109151,90080,24095.0,锌,金属类,SHFE,ZN0
2022-01-05,24200.0,24545.0,24090.0,24415.0,192746,91640,24375.0,锌,金属类,SHFE,ZN0
2022-01-06,24425.0,24580.0,24310.0,24385.0,160505,86050,24445.0,锌,金属类,SHFE,ZN0
2022-01-07,24500.0,24865.0,24190.0,24500.0,216351,86972,24485.0,锌,金属类,SHFE,ZN0
2022-01-10,24475.0,24540.0,24140.0,24270.0,170182,80732,24255.0,锌,金属类,SHFE,ZN0
2022-01-11,24235.0,24385.0,23985.0,24240.0,149641,75893,24145.0,锌,金属类,SHFE,ZN0
2022-01-12,24400.0,24970.0,24320.0,24885.0,178002,73697,24720.0,锌,金属类,SHFE,ZN0
2022-01-13,25000.0,25090.0,24700.0,24810.0,151150,65984,24880.0,锌,金属类,SHFE,ZN0
2022-01-14,24970.0,25035.0,24745.0,24975.0,128327,64723,24910.0,锌,金属类,SHFE,ZN0
2022-01-17,24850.0,24890.0,24420.0,24545.0,149815,55585,24545.0,锌,金属类,SHFE,ZN0
2022-01-18,24545.0,24630.0,24335.0,24595.0,116415,51913,24470.0,锌,金属类,SHFE,ZN0
2022-01-19,24555.0,24920.0,24535.0,24780.0,90216,48225,24755.0,锌,金属类,SHFE,ZN0
2022-01-20,24985.0,25365.0,24920.0,25210.0,204228,121759,25130.0,锌,金属类,SHFE,ZN0
2022-01-21,25300.0,25400.0,25055.0,25215.0,183451,127914,25235.0,锌,金属类,SHFE,ZN0
2022-01-24,25235.0,25415.0,24765.0,24860.0,206491,120604,25040.0,锌,金属类,SHFE,ZN0
2022-01-25,24750.0,24925.0,24660.0,24740.0,147342,118792,24765.0,锌,金属类,SHFE,ZN0
2022-01-26,24825.0,24980.0,24650.0,24955.0,203183,117540,24800.0,锌,金属类,SHFE,ZN0
2022-01-27,24900.0,25060.0,24560.0,24820.0,182795,113555,24800.0,锌,金属类,SHFE,ZN0
2022-01-28,25010.0,25525.0,25000.0,25295.0,202026,106960,25280.0,锌,金属类,SHFE,ZN0
2022-02-07,25400.0,25435.0,25000.0,25075.0,101734,107999,25175.0,锌,金属类,SHFE,ZN0
2022-02-08,25205.0,25565.0,25175.0,25505.0,155420,108280,25345.0,锌,金属类,SHFE,ZN0
2022-02-09,25365.0,25390.0,25050.0,25245.0,163389,106710,25180.0,锌,金属类,SHFE,ZN0
2022-02-10,25380.0,25865.0,25300.0,25775.0,151257,110985,25555.0,锌,金属类,SHFE,ZN0
2022-02-11,25915.0,26175.0,25535.0,25550.0,185727,105930,25825.0,锌,金属类,SHFE,ZN0
2022-02-14,25720.0,25835.0,25370.0,25450.0,138522,100857,25545.0,锌,金属类,SHFE,ZN0
2022-02-15,25430.0,25450.0,24930.0,25140.0,151286,94485,25115.0,锌,金属类,SHFE,ZN0
2022-02-16,25250.0,25255.0,24980.0,25035.0,97485,86977,25095.0,锌,金属类,SHFE,ZN0
2022-02-17,25190.0,25195.0,24860.0,24905.0,103687,79704,25000.0,锌,金属类,SHFE,ZN0
2022-02-18,25055.0,25350.0,24995.0,25275.0,100590,71385,25140.0,锌,金属类,SHFE,ZN0
2022-02-21,25180.0,25225.0,24655.0,24845.0,109033,60926,24860.0,锌,金属类,SHFE,ZN0
2022-02-22,24745.0,24960.0,24730.0,24860.0,131241,125570,24835.0,锌,金属类,SHFE,ZN0
2022-02-23,25000.0,25280.0,25000.0,25095.0,147839,120783,25130.0,锌,金属类,SHFE,ZN0
2022-02-24,25060.0,25080.0,24675.0,24740.0,188547,132944,24785.0,锌,金属类,SHFE,ZN0
2022-02-25,25000.0,25065.0,24525.0,24715.0,241395,134759,24765.0,锌,金属类,SHFE,ZN0
2022-02-28,24860.0,25100.0,24725.0,25045.0,174307,127750,24905.0,锌,金属类,SHFE,ZN0
2022-03-01,24955.0,25340.0,24955.0,25185.0,151684,121830,25190.0,锌,金属类,SHFE,ZN0
2022-03-02,25400.0,25765.0,25310.0,25740.0,171206,128815,25455.0,锌,金属类,SHFE,ZN0
2022-03-03,26000.0,26240.0,25795.0,26120.0,235679,128486,26060.0,锌,金属类,SHFE,ZN0
2022-03-04,25955.0,26110.0,25715.0,25870.0,188599,127091,25865.0,锌,金属类,SHFE,ZN0
2022-03-07,25840.0,27050.0,25650.0,26560.0,243416,127275,26335.0,锌,金属类,SHFE,ZN0
2022-03-08,26740.0,28440.0,26285.0,28195.0,367007,115826,27025.0,锌,金属类,SHFE,ZN0
2022-03-09,26215.0,26900.0,25785.0,26130.0,380142,94398,26355.0,锌,金属类,SHFE,ZN0
2022-03-10,25800.0,25835.0,25180.0,25555.0,212634,80956,25435.0,锌,金属类,SHFE,ZN0
2022-03-11,25475.0,25810.0,25440.0,25560.0,113214,74734,25600.0,锌,金属类,SHFE,ZN0
2022-03-14,25480.0,25550.0,25310.0,25340.0,106872,70741,25415.0,锌,金属类,SHFE,ZN0
2022-03-15,25320.0,25360.0,25140.0,25270.0,107020,63859,25230.0,锌,金属类,SHFE,ZN0
2022-03-16,25100.0,25480.0,24840.0,25475.0,128765,53797,25075.0,锌,金属类,SHFE,ZN0
2022-03-17,25420.0,25650.0,25205.0,25310.0,87723,52122,25405.0,锌,金属类,SHFE,ZN0
2022-03-18,25315.0,25610.0,25190.0,25535.0,83387,47189,25425.0,锌,金属类,SHFE,ZN0
2022-03-21,25385.0,25560.0,25230.0,25560.0,111210,88623,25365.0,锌,金属类,SHFE,ZN0
2022-03-22,25655.0,25800.0,25505.0,25510.0,109875,90510,25670.0,锌,金属类,SHFE,ZN0
2022-03-23,25700.0,25810.0,25550.0,25750.0,91488,93859,25680.0,锌,金属类,SHFE,ZN0
2022-03-24,26085.0,26460.0,25915.0,26145.0,166825,99660,26250.0,锌,金属类,SHFE,ZN0
2022-03-25,26250.0,26470.0,26080.0,26380.0,143182,101217,26265.0,锌,金属类,SHFE,ZN0
2022-03-28,26290.0,26390.0,26100.0,26315.0,124818,102567,26245.0,锌,金属类,SHFE,ZN0
2022-03-29,26340.0,26715.0,26265.0,26580.0,150418,105962,26515.0,锌,金属类,SHFE,ZN0
2022-03-30,26300.0,27030.0,26145.0,26775.0,193827,112058,26565.0,锌,金属类,SHFE,ZN0
2022-03-31,26800.0,27055.0,26720.0,26785.0,142670,110591,26865.0,锌,金属类,SHFE,ZN0
2022-04-01,26790.0,27160.0,26730.0,26875.0,156342,108951,26950.0,锌,金属类,SHFE,ZN0
2022-04-06,27345.0,27520.0,27165.0,27375.0,107559,112649,27405.0,锌,金属类,SHFE,ZN0
2022-04-07,27490.0,27550.0,27145.0,27280.0,132779,111685,27340.0,锌,金属类,SHFE,ZN0
2022-04-08,27100.0,27240.0,26910.0,27150.0,119501,109201,27055.0,锌,金属类,SHFE,ZN0
2022-04-11,27255.0,27580.0,27220.0,27240.0,156877,114099,27390.0,锌,金属类,SHFE,ZN0
2022-04-12,27360.0,27960.0,27070.0,27870.0,192511,124099,27515.0,锌,金属类,SHFE,ZN0
2022-04-13,27710.0,28995.0,27705.0,28395.0,270240,127416,28410.0,锌,金属类,SHFE,ZN0
2022-04-14,28500.0,28635.0,27825.0,27845.0,207484,117871,28335.0,锌,金属类,SHFE,ZN0
2022-04-15,28035.0,28390.0,27945.0,28320.0,173622,115653,28170.0,锌,金属类,SHFE,ZN0
2022-04-18,28300.0,28430.0,27875.0,28400.0,154449,106392,28085.0,锌,金属类,SHFE,ZN0
2022-04-19,28310.0,28985.0,28225.0,28505.0,179251,97502,28690.0,锌,金属类,SHFE,ZN0
2022-04-20,28470.0,28800.0,28265.0,28650.0,190322,85843,28585.0,锌,金属类,SHFE,ZN0
2022-04-21,28550.0,28680.0,28335.0,28370.0,116926,74927,28490.0,锌,金属类,SHFE,ZN0
2022-04-22,28515.0,28740.0,28340.0,28445.0,165511,137931,28565.0,锌,金属类,SHFE,ZN0
2022-04-25,28560.0,28720.0,27640.0,27650.0,327407,129186,28075.0,锌,金属类,SHFE,ZN0
2022-04-26,27450.0,27870.0,27075.0,27580.0,255720,126869,27360.0,锌,金属类,SHFE,ZN0
2022-04-27,27475.0,27730.0,27375.0,27590.0,215490,121978,27565.0,锌,金属类,SHFE,ZN0
2022-04-28,27620.0,27975.0,27525.0,27895.0,177483,123775,27720.0,锌,金属类,SHFE,ZN0
2022-04-29,27715.0,28065.0,27570.0,27950.0,185175,121951,27775.0,锌,金属类,SHFE,ZN0
2022-05-05,27500.0,27940.0,27315.0,27450.0,130994,116920,27535.0,锌,金属类,SHFE,ZN0
2022-05-06,27200.0,27345.0,26835.0,26860.0,231221,117162,27070.0,锌,金属类,SHFE,ZN0
2022-05-09,26500.0,26530.0,26110.0,26205.0,244485,112351,26275.0,锌,金属类,SHFE,ZN0
2022-05-10,25780.0,26060.0,25355.0,25775.0,260921,106944,25655.0,锌,金属类,SHFE,ZN0
2022-05-11,25450.0,25965.0,25250.0,25690.0,242604,104609,25565.0,锌,金属类,SHFE,ZN0
2022-05-12,25635.0,26020.0,25460.0,25545.0,178983,101170,25755.0,锌,金属类,SHFE,ZN0
2022-05-13,25335.0,25545.0,25060.0,25525.0,194132,101857,25300.0,锌,金属类,SHFE,ZN0
2022-05-16,25120.0,25800.0,25120.0,25500.0,190026,98456,25415.0,锌,金属类,SHFE,ZN0
2022-05-17,25780.0,26015.0,25650.0,25745.0,149206,89206,25790.0,锌,金属类,SHFE,ZN0
2022-05-18,26085.0,26130.0,25470.0,25475.0,145162,86011,25770.0,锌,金属类,SHFE,ZN0
2022-05-19,25475.0,25715.0,25355.0,25505.0,113062,82191,25495.0,锌,金属类,SHFE,ZN0
2022-05-20,25650.0,25910.0,25590.0,25685.0,129056,76994,25750.0,锌,金属类,SHFE,ZN0
2022-05-23,25685.0,25835.0,25380.0,25480.0,125196,71671,25575.0,锌,金属类,SHFE,ZN0
2022-05-24,25695.0,25715.0,25320.0,25335.0,120803,58190,25570.0,锌,金属类,SHFE,ZN0
2022-05-25,25350.0,25735.0,25310.0,25700.0,100833,43649,25585.0,锌,金属类,SHFE,ZN0
2022-05-26,25460.0,25580.0,25290.0,25390.0,156610,103282,25455.0,锌,金属类,SHFE,ZN0
2022-05-27,25400.0,25925.0,25360.0,25860.0,166673,102882,25710.0,锌,金属类,SHFE,ZN0
2022-05-30,25940.0,26285.0,25915.0,26060.0,170924,108375,26070.0,锌,金属类,SHFE,ZN0
2022-05-31,26180.0,26295.0,26060.0,26205.0,137499,109359,26155.0,锌,金属类,SHFE,ZN0
2022-06-01,26225.0,26335.0,25990.0,26180.0,176505,105791,26170.0,锌,金属类,SHFE,ZN0
2022-06-02,26330.0,26485.0,26120.0,26370.0,161958,106644,26305.0,锌,金属类,SHFE,ZN0
2022-06-06,26405.0,26775.0,26340.0,26690.0,104759,112059,26550.0,锌,金属类,SHFE,ZN0
2022-06-07,26465.0,26515.0,26030.0,26130.0,159725,114540,26180.0,锌,金属类,SHFE,ZN0
2022-06-08,25850.0,26430.0,25800.0,26255.0,153377,112959,26150.0,锌,金属类,SHFE,ZN0
2022-06-09,26270.0,26590.0,26270.0,26460.0,112215,110128,26480.0,锌,金属类,SHFE,ZN0
2022-06-10,26330.0,26330.0,26020.0,26100.0,136559,106639,26160.0,锌,金属类,SHFE,ZN0
2022-06-13,26095.0,26200.0,25800.0,25835.0,150573,106151,26000.0,锌,金属类,SHFE,ZN0
2022-06-14,25700.0,26080.0,25600.0,26065.0,151335,102635,25875.0,锌,金属类,SHFE,ZN0
2022-06-15,25840.0,26100.0,25755.0,25810.0,134413,100059,25905.0,锌,金属类,SHFE,ZN0
2022-06-16,25995.0,26290.0,25845.0,26055.0,155507,98105,26070.0,锌,金属类,SHFE,ZN0
2022-06-17,25795.0,25825.0,25520.0,25780.0,159432,93504,25680.0,锌,金属类,SHFE,ZN0
2022-06-20,25515.0,25620.0,25165.0,25285.0,190029,87062,25405.0,锌,金属类,SHFE,ZN0
2022-06-21,25205.0,25525.0,24860.0,25365.0,171177,79500,25275.0,锌,金属类,SHFE,ZN0
2022-06-22,25570.0,25860.0,25280.0,25295.0,160696,74274,25615.0,锌,金属类,SHFE,ZN0
2022-06-23,25240.0,25445.0,24955.0,25195.0,155048,61610,25235.0,锌,金属类,SHFE,ZN0
2022-06-24,24770.0,24975.0,23930.0,23955.0,170982,47770,24630.0,锌,金属类,SHFE,ZN0
2022-06-27,23790.0,24015.0,22525.0,23690.0,477367,113614,23425.0,锌,金属类,SHFE,ZN0
2022-06-28,23675.0,24280.0,23485.0,24250.0,242325,109328,23840.0,锌,金属类,SHFE,ZN0
2022-06-29,24180.0,24260.0,23735.0,24030.0,272225,114452,24045.0,锌,金属类,SHFE,ZN0
2022-06-30,24185.0,24600.0,23740.0,23765.0,196001,116191,24105.0,锌,金属类,SHFE,ZN0
2022-07-01,23180.0,23385.0,22690.0,22910.0,294220,113293,23090.0,锌,金属类,SHFE,ZN0
2022-07-04,22600.0,22945.0,22475.0,22780.0,239728,112583,22720.0,锌,金属类,SHFE,ZN0
2022-07-05,22905.0,23465.0,22830.0,23130.0,210926,118485,23150.0,锌,金属类,SHFE,ZN0
2022-07-06,22670.0,22910.0,22255.0,22890.0,287678,116879,22585.0,锌,金属类,SHFE,ZN0
2022-07-07,23015.0,23530.0,22780.0,23260.0,249001,113034,23090.0,锌,金属类,SHFE,ZN0
2022-07-08,23440.0,23710.0,23405.0,23470.0,198251,110525,23550.0,锌,金属类,SHFE,ZN0
2022-07-11,23450.0,23700.0,23270.0,23540.0,219204,111456,23465.0,锌,金属类,SHFE,ZN0
2022-07-12,23505.0,23925.0,23180.0,23460.0,209516,114818,23520.0,锌,金属类,SHFE,ZN0
2022-07-13,23460.0,23515.0,22520.0,22675.0,307213,107836,23105.0,锌,金属类,SHFE,ZN0
2022-07-14,22600.0,22660.0,21785.0,22020.0,376987,108448,22210.0,锌,金属类,SHFE,ZN0
2022-07-15,22000.0,22190.0,21625.0,21720.0,257396,105039,21885.0,锌,金属类,SHFE,ZN0
2022-07-18,22020.0,22710.0,21880.0,22660.0,259097,99038,22380.0,锌,金属类,SHFE,ZN0
2022-07-19,22770.0,22880.0,22305.0,22330.0,189828,94330,22615.0,锌,金属类,SHFE,ZN0
2022-07-20,22470.0,22950.0,22315.0,22840.0,185427,89401,22635.0,锌,金属类,SHFE,ZN0
2022-07-21,22980.0,23030.0,22540.0,22660.0,144884,85263,22770.0,锌,金属类,SHFE,ZN0
2022-07-22,22505.0,22800.0,22400.0,22760.0,145902,83579,22575.0,锌,金属类,SHFE,ZN0
2022-07-25,22660.0,22965.0,22600.0,22760.0,152299,72305,22790.0,锌,金属类,SHFE,ZN0
2022-07-26,22760.0,23135.0,22640.0,23110.0,100407,61587,22885.0,锌,金属类,SHFE,ZN0
2022-07-27,22975.0,22980.0,22535.0,22720.0,151061,106681,22740.0,锌,金属类,SHFE,ZN0
2022-07-28,22710.0,23635.0,22590.0,23610.0,193936,112803,23060.0,锌,金属类,SHFE,ZN0
2022-07-29,23610.0,23980.0,23430.0,23975.0,203701,117609,23710.0,锌,金属类,SHFE,ZN0
2022-08-01,24200.0,24405.0,23930.0,24060.0,221852,117123,24140.0,锌,金属类,SHFE,ZN0
2022-08-02,24060.0,24130.0,23695.0,23915.0,187677,117988,23935.0,锌,金属类,SHFE,ZN0
2022-08-03,23990.0,24065.0,23395.0,23695.0,218388,116286,23675.0,锌,金属类,SHFE,ZN0
2022-08-04,23620.0,23790.0,23510.0,23655.0,145888,118523,23640.0,锌,金属类,SHFE,ZN0
2022-08-05,23835.0,24905.0,23685.0,24600.0,322247,125823,24430.0,锌,金属类,SHFE,ZN0
2022-08-08,24410.0,24535.0,23850.0,24345.0,238386,119177,24200.0,锌,金属类,SHFE,ZN0
2022-08-09,24195.0,24375.0,24045.0,24300.0,162027,120903,24210.0,锌,金属类,SHFE,ZN0
2022-08-10,24580.0,24900.0,24575.0,24875.0,226117,131486,24760.0,锌,金属类,SHFE,ZN0
2022-08-11,24980.0,25410.0,24940.0,25265.0,210236,137237,25180.0,锌,金属类,SHFE,ZN0
2022-08-12,25330.0,25435.0,25015.0,25160.0,192400,133077,25210.0,锌,金属类,SHFE,ZN0
2022-08-15,24900.0,24915.0,24505.0,24575.0,198067,123551,24715.0,锌,金属类,SHFE,ZN0
2022-08-16,24655.0,25135.0,24375.0,25095.0,193852,127987,24785.0,锌,金属类,SHFE,ZN0
2022-08-17,25865.0,25935.0,25370.0,25420.0,260191,127117,25605.0,锌,金属类,SHFE,ZN0
2022-08-18,25100.0,25275.0,24540.0,24590.0,212527,114572,24890.0,锌,金属类,SHFE,ZN0
2022-08-19,24795.0,25055.0,24690.0,24860.0,177031,109527,24850.0,锌,金属类,SHFE,ZN0
2022-08-22,24835.0,25225.0,24655.0,25125.0,185906,101876,24925.0,锌,金属类,SHFE,ZN0
2022-08-23,25070.0,25530.0,25025.0,25365.0,154899,97675,25320.0,锌,金属类,SHFE,ZN0
2022-08-24,25185.0,25520.0,25120.0,25495.0,129877,94127,25270.0,锌,金属类,SHFE,ZN0
2022-08-25,25520.0,25650.0,25250.0,25645.0,129227,84037,25450.0,锌,金属类,SHFE,ZN0
2022-08-26,25320.0,25615.0,25240.0,25500.0,157575,131165,25420.0,锌,金属类,SHFE,ZN0
2022-08-29,25685.0,25785.0,24835.0,25025.0,235480,129007,25250.0,锌,金属类,SHFE,ZN0
2022-08-30,25050.0,25145.0,24670.0,24840.0,176975,132271,24925.0,锌,金属类,SHFE,ZN0
2022-08-31,24840.0,25080.0,24705.0,24965.0,156898,134491,24875.0,锌,金属类,SHFE,ZN0
2022-09-01,24800.0,24960.0,24240.0,24260.0,217610,132568,24615.0,锌,金属类,SHFE,ZN0
2022-09-02,23870.0,23945.0,23625.0,23715.0,257515,125785,23760.0,锌,金属类,SHFE,ZN0
2022-09-05,23420.0,24245.0,23335.0,24165.0,296683,118964,23755.0,锌,金属类,SHFE,ZN0
2022-09-06,24240.0,24405.0,24155.0,24330.0,151698,117254,24275.0,锌,金属类,SHFE,ZN0
2022-09-07,24130.0,24225.0,23760.0,23795.0,180533,115293,23995.0,锌,金属类,SHFE,ZN0
2022-09-08,23775.0,24265.0,23715.0,24145.0,182766,112516,23970.0,锌,金属类,SHFE,ZN0
2022-09-09,24050.0,24860.0,24000.0,24710.0,217888,116834,24440.0,锌,金属类,SHFE,ZN0
2022-09-13,24730.0,24995.0,24700.0,24825.0,105761,118621,24805.0,锌,金属类,SHFE,ZN0
2022-09-14,24800.0,25125.0,24655.0,24760.0,174186,119302,24815.0,锌,金属类,SHFE,ZN0
2022-09-15,24780.0,24965.0,24625.0,24675.0,189554,115741,24805.0,锌,金属类,SHFE,ZN0
2022-09-16,24600.0,24780.0,24350.0,24350.0,177086,108808,24570.0,锌,金属类,SHFE,ZN0
2022-09-19,24315.0,24890.0,24270.0,24480.0,163406,102721,24605.0,锌,金属类,SHFE,ZN0
2022-09-20,24380.0,24720.0,24330.0,24505.0,125127,97323,24555.0,锌,金属类,SHFE,ZN0
2022-09-21,24650.0,24850.0,24430.0,24720.0,152770,95067,24650.0,锌,金属类,SHFE,ZN0
2022-09-22,24620.0,25005.0,24420.0,24840.0,191813,91418,24680.0,锌,金属类,SHFE,ZN0
2022-09-23,24955.0,25215.0,24740.0,24760.0,152953,86350,24970.0,锌,金属类,SHFE,ZN0
2022-09-26,24520.0,24645.0,24265.0,24280.0,173997,67104,24485.0,锌,金属类,SHFE,ZN0
2022-09-27,24275.0,24565.0,24180.0,24390.0,135833,50522,24350.0,锌,金属类,SHFE,ZN0
2022-09-28,24045.0,24045.0,23260.0,23260.0,236290,113451,23610.0,锌,金属类,SHFE,ZN0
2022-09-29,23420.0,23855.0,23420.0,23785.0,182021,107271,23665.0,锌,金属类,SHFE,ZN0
2022-09-30,24080.0,24180.0,23660.0,23670.0,172268,103351,23885.0,锌,金属类,SHFE,ZN0
2022-10-10,23720.0,24425.0,23720.0,24305.0,141560,111666,24175.0,锌,金属类,SHFE,ZN0
2022-10-11,24350.0,24760.0,24290.0,24610.0,176245,120271,24520.0,锌,金属类,SHFE,ZN0
2022-10-12,24730.0,24770.0,24405.0,24680.0,161045,121756,24555.0,锌,金属类,SHFE,ZN0
2022-10-13,24705.0,24935.0,24495.0,24540.0,178650,121602,24685.0,锌,金属类,SHFE,ZN0
2022-10-14,24340.0,24985.0,24280.0,24970.0,194706,124500,24630.0,锌,金属类,SHFE,ZN0
2022-10-17,24790.0,24885.0,24485.0,24625.0,164977,116613,24660.0,锌,金属类,SHFE,ZN0
2022-10-18,24600.0,24655.0,24405.0,24530.0,143322,111148,24505.0,锌,金属类,SHFE,ZN0
2022-10-19,24405.0,25045.0,24405.0,24955.0,177669,122808,24720.0,锌,金属类,SHFE,ZN0
2022-10-20,24855.0,25285.0,24850.0,25100.0,177256,121202,25110.0,锌,金属类,SHFE,ZN0
2022-10-21,25160.0,25650.0,24630.0,24640.0,267086,112327,25215.0,锌,金属类,SHFE,ZN0
2022-10-24,24655.0,24805.0,24455.0,24675.0,211534,93047,24635.0,锌,金属类,SHFE,ZN0
2022-10-25,24575.0,24685.0,24465.0,24585.0,122811,76996,24560.0,锌,金属类,SHFE,ZN0
2022-10-26,24440.0,24460.0,24190.0,24250.0,129891,54598,24300.0,锌,金属类,SHFE,ZN0
2022-10-27,24190.0,24270.0,24055.0,24120.0,163147,110681,24160.0,锌,金属类,SHFE,ZN0
2022-10-28,24100.0,24345.0,23500.0,23500.0,231699,116339,23900.0,锌,金属类,SHFE,ZN0
2022-10-31,23500.0,23665.0,22570.0,22610.0,339097,124875,23075.0,锌,金属类,SHFE,ZN0
2022-11-01,22610.0,22760.0,21930.0,22700.0,392820,117954,22385.0,锌,金属类,SHFE,ZN0
2022-11-02,22755.0,23055.0,22580.0,22915.0,236496,111466,22805.0,锌,金属类,SHFE,ZN0
2022-11-03,22840.0,22975.0,22605.0,22770.0,190518,112150,22815.0,锌,金属类,SHFE,ZN0
2022-11-04,22420.0,23545.0,22400.0,23370.0,329325,107095,23025.0,锌,金属类,SHFE,ZN0
2022-11-07,23725.0,23975.0,23260.0,23630.0,275534,103929,23660.0,锌,金属类,SHFE,ZN0
2022-11-08,23650.0,23930.0,23435.0,23715.0,184723,104548,23720.0,锌,金属类,SHFE,ZN0
2022-11-09,23720.0,23930.0,23555.0,23850.0,177720,102599,23725.0,锌,金属类,SHFE,ZN0
2022-11-10,23595.0,23860.0,23370.0,23520.0,210748,94870,23580.0,锌,金属类,SHFE,ZN0
2022-11-11,23400.0,24150.0,23315.0,23905.0,250493,96353,23790.0,锌,金属类,SHFE,ZN0
2022-11-14,23890.0,24175.0,23740.0,23985.0,240610,92760,23925.0,锌,金属类,SHFE,ZN0
2022-11-15,24060.0,24545.0,23990.0,24460.0,196189,95257,24295.0,锌,金属类,SHFE,ZN0
2022-11-16,24375.0,24545.0,24195.0,24385.0,180033,89292,24360.0,锌,金属类,SHFE,ZN0
2022-11-17,24305.0,24470.0,24090.0,24420.0,173515,86639,24245.0,锌,金属类,SHFE,ZN0
2022-11-18,24200.0,24470.0,24170.0,24395.0,156645,84174,24305.0,锌,金属类,SHFE,ZN0
2022-11-21,24400.0,24675.0,24010.0,24205.0,187081,80737,24330.0,锌,金属类,SHFE,ZN0
2022-11-22,24085.0,24170.0,23625.0,23690.0,162434,67411,23840.0,锌,金属类,SHFE,ZN0
2022-11-23,23810.0,23885.0,23495.0,23600.0,149353,54585,23660.0,锌,金属类,SHFE,ZN0
2022-11-24,23555.0,23830.0,23550.0,23750.0,103912,47341,23705.0,锌,金属类,SHFE,ZN0
2022-11-25,23580.0,23755.0,23430.0,23700.0,123026,108502,23600.0,锌,金属类,SHFE,ZN0
2022-11-28,23800.0,23840.0,23395.0,23565.0,158251,108316,23580.0,锌,金属类,SHFE,ZN0
2022-11-29,23605.0,24095.0,23605.0,23980.0,161513,116474,23930.0,锌,金属类,SHFE,ZN0
2022-11-30,23820.0,23925.0,23670.0,23845.0,115049,110402,23805.0,锌,金属类,SHFE,ZN0
2022-12-01,23980.0,24505.0,23960.0,24500.0,173360,123031,24290.0,锌,金属类,SHFE,ZN0
2022-12-02,24410.0,24730.0,24365.0,24680.0,141181,124644,24510.0,锌,金属类,SHFE,ZN0
2022-12-05,24580.0,24825.0,24350.0,24520.0,161849,121010,24580.0,锌,金属类,SHFE,ZN0
2022-12-06,24520.0,24660.0,24380.0,24615.0,114999,116666,24520.0,锌,金属类,SHFE,ZN0
2022-12-07,24790.0,24950.0,24525.0,24610.0,174520,118395,24765.0,锌,金属类,SHFE,ZN0
2022-12-08,24590.0,24980.0,24585.0,24830.0,116833,119526,24790.0,锌,金属类,SHFE,ZN0
2022-12-09,24840.0,24990.0,24705.0,24965.0,125046,119678,24845.0,锌,金属类,SHFE,ZN0
2022-12-12,24840.0,24945.0,24565.0,24670.0,162402,114183,24760.0,锌,金属类,SHFE,ZN0
2022-12-13,24810.0,25065.0,24640.0,24730.0,157488,110135,24885.0,锌,金属类,SHFE,ZN0
2022-12-14,24735.0,25030.0,24670.0,24815.0,142929,104191,24825.0,锌,金属类,SHFE,ZN0
2022-12-15,24575.0,24590.0,24350.0,24565.0,140277,91987,24450.0,锌,金属类,SHFE,ZN0
2022-12-16,24485.0,24550.0,24055.0,24090.0,157370,80848,24260.0,锌,金属类,SHFE,ZN0
2022-12-19,23910.0,24105.0,23775.0,23790.0,149993,75599,23935.0,锌,金属类,SHFE,ZN0
2022-12-20,23790.0,23830.0,23255.0,23445.0,152509,65743,23495.0,锌,金属类,SHFE,ZN0
2022-12-21,23460.0,23615.0,23370.0,23480.0,109624,54578,23500.0,锌,金属类,SHFE,ZN0
2022-12-22,23310.0,23555.0,23310.0,23340.0,88563,48175,23450.0,锌,金属类,SHFE,ZN0
2022-12-23,23360.0,23380.0,23125.0,23260.0,87241,39943,23215.0,锌,金属类,SHFE,ZN0
2022-12-26,23235.0,23550.0,23170.0,23520.0,120987,91808,23395.0,锌,金属类,SHFE,ZN0
2022-12-27,23625.0,23890.0,23465.0,23810.0,91589,92097,23660.0,锌,金属类,SHFE,ZN0
2022-12-28,23810.0,23975.0,23660.0,23965.0,97112,90981,23805.0,锌,金属类,SHFE,ZN0
2022-12-29,23860.0,23945.0,23760.0,23800.0,69835,88973,23840.0,锌,金属类,SHFE,ZN0
2022-12-30,23745.0,23805.0,23590.0,23765.0,94014,88026,23705.0,锌,金属类,SHFE,ZN0
2023-01-03,23800.0,23800.0,23225.0,23455.0,98612,86057,23420.0,锌,金属类,SHFE,ZN0
2023-01-04,23350.0,23545.0,23100.0,23105.0,104945,89803,23340.0,锌,金属类,SHFE,ZN0
2023-01-05,23060.0,23240.0,22975.0,23170.0,93870,89264,23115.0,锌,金属类,SHFE,ZN0
2023-01-06,23230.0,23340.0,23110.0,23230.0,91443,87451,23240.0,锌,金属类,SHFE,ZN0
2023-01-09,23130.0,23635.0,22970.0,23515.0,142226,83554,23325.0,锌,金属类,SHFE,ZN0
2023-01-10,23655.0,23955.0,23595.0,23735.0,121819,82874,23785.0,锌,金属类,SHFE,ZN0
2023-01-11,23735.0,23820.0,23595.0,23670.0,96972,78620,23720.0,锌,金属类,SHFE,ZN0
2023-01-12,23695.0,23995.0,23630.0,23785.0,116543,76998,23850.0,锌,金属类,SHFE,ZN0
2023-01-13,23815.0,24225.0,23685.0,24155.0,139796,71382,23960.0,锌,金属类,SHFE,ZN0
2023-01-16,24165.0,24415.0,24025.0,24275.0,122453,61743,24200.0,锌,金属类,SHFE,ZN0
2023-01-17,24275.0,24280.0,24055.0,24065.0,85400,52072,24165.0,锌,金属类,SHFE,ZN0
2023-01-18,24180.0,24385.0,24065.0,24285.0,90853,45489,24190.0,锌,金属类,SHFE,ZN0
2023-01-19,24540.0,24695.0,24120.0,24340.0,120592,98127,24385.0,锌,金属类,SHFE,ZN0
2023-01-20,24375.0,24780.0,24310.0,24765.0,120700,102650,24600.0,锌,金属类,SHFE,ZN0
2023-01-30,24770.0,24800.0,24065.0,24175.0,98749,99202,24285.0,锌,金属类,SHFE,ZN0
2023-01-31,24280.0,24520.0,24235.0,24300.0,97891,98246,24400.0,锌,金属类,SHFE,ZN0
2023-02-01,24195.0,24510.0,24125.0,24440.0,82311,96919,24330.0,锌,金属类,SHFE,ZN0
2023-02-02,24380.0,24400.0,24000.0,24125.0,126765,91383,24165.0,锌,金属类,SHFE,ZN0
2023-02-03,24060.0,24310.0,24010.0,24105.0,108731,90998,24170.0,锌,金属类,SHFE,ZN0
2023-02-06,23990.0,24010.0,23320.0,23515.0,205178,83813,23560.0,锌,金属类,SHFE,ZN0
2023-02-07,23445.0,23495.0,23260.0,23365.0,118586,83315,23395.0,锌,金属类,SHFE,ZN0
2023-02-08,23330.0,23650.0,23200.0,23470.0,122974,80772,23430.0,锌,金属类,SHFE,ZN0
2023-02-09,23400.0,23410.0,23235.0,23280.0,89191,84353,23325.0,锌,金属类,SHFE,ZN0
2023-02-10,23330.0,23480.0,23000.0,23240.0,112847,82346,23265.0,锌,金属类,SHFE,ZN0
2023-02-13,23150.0,23170.0,22920.0,22960.0,104089,85520,23015.0,锌,金属类,SHFE,ZN0
2023-02-14,22960.0,23200.0,22835.0,23180.0,104305,81521,23055.0,锌,金属类,SHFE,ZN0
2023-02-15,23175.0,23290.0,22860.0,22860.0,99826,81494,23115.0,锌,金属类,SHFE,ZN0
2023-02-16,22860.0,22920.0,22660.0,22880.0,100948,79093,22775.0,锌,金属类,SHFE,ZN0
2023-02-17,22840.0,23060.0,22705.0,22865.0,83330,74609,22860.0,锌,金属类,SHFE,ZN0
2023-02-20,22860.0,23370.0,22830.0,23355.0,100421,64637,23180.0,锌,金属类,SHFE,ZN0
2023-02-21,23360.0,23635.0,23270.0,23575.0,87715,48894,23510.0,锌,金属类,SHFE,ZN0
2023-02-22,23690.0,23700.0,23505.0,23550.0,58650,41105,23575.0,锌,金属类,SHFE,ZN0
2023-02-23,23560.0,23615.0,23420.0,23520.0,87659,89218,23505.0,锌,金属类,SHFE,ZN0
2023-02-24,23500.0,23565.0,23405.0,23505.0,83291,93109,23490.0,锌,金属类,SHFE,ZN0
2023-02-27,23400.0,23405.0,22880.0,22880.0,155850,96406,23105.0,锌,金属类,SHFE,ZN0
2023-02-28,23040.0,23200.0,23040.0,23155.0,101936,89604,23135.0,锌,金属类,SHFE,ZN0
2023-03-01,23135.0,23545.0,23105.0,23530.0,115025,90009,23320.0,锌,金属类,SHFE,ZN0
2023-03-02,23530.0,23645.0,23400.0,23545.0,91344,87271,23530.0,锌,金属类,SHFE,ZN0
2023-03-03,23350.0,23515.0,23120.0,23475.0,134831,86290,23280.0,锌,金属类,SHFE,ZN0
2023-03-06,23405.0,23595.0,23185.0,23280.0,106351,82434,23370.0,锌,金属类,SHFE,ZN0
2023-03-07,23230.0,23570.0,23190.0,23480.0,89335,83850,23425.0,锌,金属类,SHFE,ZN0
2023-03-08,23315.0,23380.0,23180.0,23260.0,95267,82392,23270.0,锌,金属类,SHFE,ZN0
2023-03-09,23310.0,23370.0,23150.0,23185.0,90874,82166,23250.0,锌,金属类,SHFE,ZN0
2023-03-10,23250.0,23460.0,22800.0,22870.0,158155,84762,23090.0,锌,金属类,SHFE,ZN0
2023-03-13,22890.0,23050.0,22575.0,22985.0,169580,85310,22830.0,锌,金属类,SHFE,ZN0
2023-03-14,22700.0,23035.0,22620.0,22855.0,118677,82697,22885.0,锌,金属类,SHFE,ZN0
2023-03-15,22960.0,23035.0,22730.0,22740.0,94718,82506,22875.0,锌,金属类,SHFE,ZN0
2023-03-16,22490.0,22585.0,22025.0,22095.0,150250,81739,22375.0,锌,金属类,SHFE,ZN0
2023-03-17,22120.0,22605.0,22020.0,22520.0,128052,74493,22290.0,锌,金属类,SHFE,ZN0
2023-03-20,22495.0,22785.0,22360.0,22360.0,123196,62888,22565.0,锌,金属类,SHFE,ZN0
2023-03-21,22530.0,22625.0,22420.0,22450.0,78813,56247,22530.0,锌,金属类,SHFE,ZN0
2023-03-22,22340.0,22430.0,22125.0,22255.0,127031,98067,22270.0,锌,金属类,SHFE,ZN0
2023-03-23,22350.0,22365.0,22035.0,22035.0,121170,110000,22215.0,锌,金属类,SHFE,ZN0
2023-03-24,22100.0,22710.0,22040.0,22680.0,164240,103535,22435.0,锌,金属类,SHFE,ZN0
2023-03-27,22430.0,22610.0,22430.0,22545.0,121680,100209,22515.0,锌,金属类,SHFE,ZN0
2023-03-28,22590.0,22740.0,22465.0,22575.0,112641,100416,22615.0,锌,金属类,SHFE,ZN0
2023-03-29,22615.0,22820.0,22595.0,22735.0,101956,98096,22725.0,锌,金属类,SHFE,ZN0
2023-03-30,23015.0,23050.0,22755.0,22855.0,111773,97218,22890.0,锌,金属类,SHFE,ZN0
2023-03-31,22795.0,22860.0,22660.0,22765.0,91944,96413,22765.0,锌,金属类,SHFE,ZN0
2023-04-03,22615.0,22820.0,22485.0,22500.0,111954,97510,22630.0,锌,金属类,SHFE,ZN0
2023-04-04,22585.0,22700.0,22385.0,22450.0,99537,95216,22530.0,锌,金属类,SHFE,ZN0
2023-04-06,22130.0,22240.0,22020.0,22135.0,91796,103442,22100.0,锌,金属类,SHFE,ZN0
2023-04-07,22045.0,22160.0,21995.0,22140.0,92405,106033,22085.0,锌,金属类,SHFE,ZN0
2023-04-10,22220.0,22400.0,22105.0,22130.0,84292,104744,22255.0,锌,金属类,SHFE,ZN0
2023-04-11,22120.0,22210.0,21840.0,22125.0,121105,105667,22035.0,锌,金属类,SHFE,ZN0
2023-04-12,21990.0,22095.0,21880.0,21955.0,98515,107991,21985.0,锌,金属类,SHFE,ZN0
2023-04-13,21980.0,22125.0,21910.0,21995.0,92635,106597,22010.0,锌,金属类,SHFE,ZN0
2023-04-14,22220.0,22515.0,22180.0,22395.0,129920,94575,22340.0,锌,金属类,SHFE,ZN0
2023-04-17,22520.0,22555.0,22345.0,22470.0,122243,88966,22445.0,锌,金属类,SHFE,ZN0
2023-04-18,22380.0,22405.0,22250.0,22350.0,91973,83715,22330.0,锌,金属类,SHFE,ZN0
2023-04-19,22380.0,22485.0,22250.0,22330.0,88494,78608,22380.0,锌,金属类,SHFE,ZN0
2023-04-20,22080.0,22190.0,22015.0,22065.0,94797,71955,22100.0,锌,金属类,SHFE,ZN0
2023-04-21,21910.0,22125.0,21870.0,21880.0,163913,94039,21990.0,锌,金属类,SHFE,ZN0
2023-04-24,21830.0,21990.0,21420.0,21430.0,182020,118475,21720.0,锌,金属类,SHFE,ZN0
2023-04-25,21425.0,21620.0,21270.0,21355.0,174804,122426,21455.0,锌,金属类,SHFE,ZN0
2023-04-26,21250.0,21290.0,20825.0,21260.0,226944,122632,21080.0,锌,金属类,SHFE,ZN0
2023-04-27,21170.0,21410.0,21055.0,21110.0,176959,120585,21230.0,锌,金属类,SHFE,ZN0
2023-04-28,21075.0,21340.0,21015.0,21280.0,139577,113683,21200.0,锌,金属类,SHFE,ZN0
2023-05-04,21195.0,21395.0,20890.0,21100.0,155849,118324,21150.0,锌,金属类,SHFE,ZN0
2023-05-05,21110.0,21355.0,20960.0,21285.0,160165,120013,21145.0,锌,金属类,SHFE,ZN0
2023-05-08,21215.0,21585.0,21215.0,21535.0,164698,111977,21445.0,锌,金属类,SHFE,ZN0
2023-05-09,21535.0,21535.0,21380.0,21450.0,99033,107674,21455.0,锌,金属类,SHFE,ZN0
2023-05-10,21430.0,21520.0,21340.0,21395.0,106893,105664,21415.0,锌,金属类,SHFE,ZN0
2023-05-11,21320.0,21335.0,20970.0,20970.0,167233,105763,21155.0,锌,金属类,SHFE,ZN0
2023-05-12,20820.0,20965.0,20625.0,20650.0,198756,108301,20815.0,锌,金属类,SHFE,ZN0
2023-05-15,20750.0,21095.0,20715.0,20880.0,170483,99158,20920.0,锌,金属类,SHFE,ZN0
2023-05-16,20935.0,21040.0,20590.0,20605.0,142583,101713,20820.0,锌,金属类,SHFE,ZN0
2023-05-17,20580.0,20885.0,20515.0,20850.0,139053,94022,20680.0,锌,金属类,SHFE,ZN0
2023-05-18,20920.0,21050.0,20860.0,20995.0,117340,87902,20945.0,锌,金属类,SHFE,ZN0
2023-05-19,20800.0,20800.0,20580.0,20795.0,127205,78568,20675.0,锌,金属类,SHFE,ZN0
2023-05-22,20860.0,20940.0,20220.0,20310.0,144364,67052,20550.0,锌,金属类,SHFE,ZN0
2023-05-23,20225.0,20315.0,19680.0,19695.0,206357,137735,20065.0,锌,金属类,SHFE,ZN0
2023-05-24,19705.0,19740.0,19185.0,19470.0,265088,139840,19465.0,锌,金属类,SHFE,ZN0
2023-05-25,19520.0,19520.0,18840.0,19050.0,342622,147470,19155.0,锌,金属类,SHFE,ZN0
2023-05-26,18870.0,19335.0,18600.0,19285.0,416172,142374,18970.0,锌,金属类,SHFE,ZN0
2023-05-29,19300.0,19595.0,19250.0,19420.0,249751,135537,19430.0,锌,金属类,SHFE,ZN0
2023-05-30,19460.0,19465.0,19125.0,19300.0,216373,135489,19340.0,锌,金属类,SHFE,ZN0
2023-05-31,19405.0,19435.0,18965.0,19240.0,266489,134285,19155.0,锌,金属类,SHFE,ZN0
2023-06-01,18970.0,19390.0,18865.0,19305.0,277949,132404,19090.0,锌,金属类,SHFE,ZN0
2023-06-02,19285.0,19355.0,19105.0,19300.0,217432,130093,19235.0,锌,金属类,SHFE,ZN0
2023-06-05,19380.0,19495.0,19005.0,19045.0,233652,129772,19240.0,锌,金属类,SHFE,ZN0
2023-06-06,19100.0,19570.0,19065.0,19400.0,213300,122838,19320.0,锌,金属类,SHFE,ZN0
2023-06-07,19305.0,19655.0,19300.0,19560.0,201403,117837,19480.0,锌,金属类,SHFE,ZN0
2023-06-08,19740.0,19930.0,19620.0,19750.0,223825,114211,19775.0,锌,金属类,SHFE,ZN0
2023-06-09,19775.0,19990.0,19745.0,19965.0,152577,112341,19885.0,锌,金属类,SHFE,ZN0
2023-06-12,19965.0,20010.0,19695.0,19750.0,170717,111120,19820.0,锌,金属类,SHFE,ZN0
2023-06-13,19735.0,19885.0,19515.0,19855.0,147766,109177,19690.0,锌,金属类,SHFE,ZN0
2023-06-14,19910.0,20175.0,19880.0,20100.0,158409,105085,20015.0,锌,金属类,SHFE,ZN0
2023-06-15,20415.0,20480.0,20215.0,20355.0,163483,101662,20370.0,锌,金属类,SHFE,ZN0
2023-06-16,20470.0,20680.0,20365.0,20560.0,135328,97359,20490.0,锌,金属类,SHFE,ZN0
2023-06-19,20540.0,20545.0,20290.0,20440.0,120239,92117,20415.0,锌,金属类,SHFE,ZN0
2023-06-20,20375.0,20375.0,20205.0,20365.0,100815,87241,20290.0,锌,金属类,SHFE,ZN0
2023-06-21,20275.0,20350.0,20090.0,20155.0,115888,79862,20210.0,锌,金属类,SHFE,ZN0
2023-06-26,20055.0,20160.0,19935.0,20025.0,85047,72200,20035.0,锌,金属类,SHFE,ZN0
2023-06-27,19935.0,20230.0,19925.0,20165.0,81184,59531,20105.0,锌,金属类,SHFE,ZN0
2023-06-28,20085.0,20185.0,19900.0,19955.0,128121,104961,20025.0,锌,金属类,SHFE,ZN0
2023-06-29,19925.0,20070.0,19875.0,19980.0,106100,104011,19965.0,锌,金属类,SHFE,ZN0
2023-06-30,19780.0,20130.0,19745.0,20045.0,158474,107951,19935.0,锌,金属类,SHFE,ZN0
2023-07-03,20125.0,20280.0,20080.0,20155.0,141350,106228,20185.0,锌,金属类,SHFE,ZN0
2023-07-04,20100.0,20175.0,19945.0,20085.0,133403,104836,20065.0,锌,金属类,SHFE,ZN0
2023-07-05,20145.0,20330.0,20065.0,20070.0,146442,106917,20225.0,锌,金属类,SHFE,ZN0
2023-07-06,19950.0,20155.0,19900.0,20090.0,140680,106183,20010.0,锌,金属类,SHFE,ZN0
2023-07-07,20090.0,20260.0,19955.0,19965.0,135097,105384,20160.0,锌,金属类,SHFE,ZN0
2023-07-10,19955.0,20055.0,19865.0,19935.0,143954,111612,19940.0,锌,金属类,SHFE,ZN0
2023-07-11,20015.0,20225.0,19985.0,20220.0,165127,109507,20140.0,锌,金属类,SHFE,ZN0
2023-07-12,20140.0,20175.0,19925.0,20025.0,161716,104548,19995.0,锌,金属类,SHFE,ZN0
2023-07-13,20150.0,20545.0,20115.0,20535.0,218759,105919,20355.0,锌,金属类,SHFE,ZN0
2023-07-14,20615.0,20680.0,20390.0,20450.0,182687,93155,20565.0,锌,金属类,SHFE,ZN0
2023-07-17,20500.0,20500.0,20180.0,20195.0,137139,86155,20330.0,锌,金属类,SHFE,ZN0
2023-07-18,20145.0,20300.0,20060.0,20245.0,105759,78397,20190.0,锌,金属类,SHFE,ZN0
2023-07-19,20080.0,20245.0,20075.0,20185.0,92153,74432,20165.0,锌,金属类,SHFE,ZN0
2023-07-20,20210.0,20265.0,20100.0,20150.0,99598,69300,20185.0,锌,金属类,SHFE,ZN0
2023-07-21,20200.0,20305.0,20030.0,20200.0,161769,113565,20150.0,锌,金属类,SHFE,ZN0
2023-07-24,20120.0,20180.0,19975.0,20015.0,196246,114719,20065.0,锌,金属类,SHFE,ZN0
2023-07-25,20115.0,20480.0,20090.0,20475.0,235654,129530,20300.0,锌,金属类,SHFE,ZN0
2023-07-26,20520.0,20690.0,20425.0,20665.0,214416,129115,20560.0,锌,金属类,SHFE,ZN0
2023-07-27,20660.0,20895.0,20530.0,20735.0,203852,126077,20735.0,锌,金属类,SHFE,ZN0
2023-07-28,20685.0,20705.0,20425.0,20645.0,172187,118541,20575.0,锌,金属类,SHFE,ZN0
2023-07-31,20680.0,20930.0,20680.0,20890.0,187753,118727,20805.0,锌,金属类,SHFE,ZN0
2023-08-01,21090.0,21260.0,21035.0,21175.0,194412,113377,21150.0,锌,金属类,SHFE,ZN0
2023-08-02,21090.0,21280.0,21005.0,21055.0,162808,109212,21130.0,锌,金属类,SHFE,ZN0
2023-08-03,21030.0,21055.0,20800.0,20800.0,153378,106621,20895.0,锌,金属类,SHFE,ZN0
2023-08-04,20785.0,21110.0,20755.0,20970.0,138858,106767,20970.0,锌,金属类,SHFE,ZN0
2023-08-07,21025.0,21060.0,20820.0,20875.0,140320,102457,20935.0,锌,金属类,SHFE,ZN0
2023-08-08,20935.0,21025.0,20820.0,20840.0,114342,99859,20900.0,锌,金属类,SHFE,ZN0
2023-08-09,20585.0,20865.0,20530.0,20820.0,175139,92993,20695.0,锌,金属类,SHFE,ZN0
2023-08-10,20785.0,20950.0,20755.0,20950.0,127252,92952,20875.0,锌,金属类,SHFE,ZN0
2023-08-11,20850.0,20860.0,20625.0,20655.0,142818,92145,20720.0,锌,金属类,SHFE,ZN0
2023-08-14,20540.0,20550.0,20330.0,20330.0,164344,92414,20445.0,锌,金属类,SHFE,ZN0
2023-08-15,20220.0,20505.0,20180.0,20495.0,142313,86106,20340.0,锌,金属类,SHFE,ZN0
2023-08-16,20220.0,20300.0,19870.0,19880.0,193037,89164,20100.0,锌,金属类,SHFE,ZN0
2023-08-17,19920.0,20065.0,19805.0,19990.0,149424,82967,19930.0,锌,金属类,SHFE,ZN0
2023-08-18,20070.0,20190.0,19885.0,19895.0,112724,76602,20060.0,锌,金属类,SHFE,ZN0
2023-08-21,19895.0,20270.0,19895.0,20220.0,99704,66186,20110.0,锌,金属类,SHFE,ZN0
2023-08-22,20030.0,20210.0,19985.0,20170.0,129813,104774,20075.0,锌,金属类,SHFE,ZN0
2023-08-23,20195.0,20300.0,20110.0,20245.0,121409,102231,20205.0,锌,金属类,SHFE,ZN0
2023-08-24,20250.0,20540.0,20250.0,20410.0,168479,100233,20410.0,锌,金属类,SHFE,ZN0
2023-08-25,20460.0,20675.0,20440.0,20650.0,163951,105394,20545.0,锌,金属类,SHFE,ZN0
2023-08-28,20660.0,20855.0,20520.0,20615.0,199337,103375,20670.0,锌,金属类,SHFE,ZN0
2023-08-29,20655.0,20860.0,20620.0,20745.0,156158,107266,20745.0,锌,金属类,SHFE,ZN0
2023-08-30,20790.0,20985.0,20725.0,20975.0,142326,108953,20880.0,锌,金属类,SHFE,ZN0
2023-08-31,21005.0,21155.0,20890.0,20960.0,174337,110428,21000.0,锌,金属类,SHFE,ZN0
2023-09-01,21000.0,21285.0,20860.0,21260.0,189295,109211,21085.0,锌,金属类,SHFE,ZN0
2023-09-04,21370.0,21425.0,21120.0,21220.0,174973,105067,21265.0,锌,金属类,SHFE,ZN0
2023-09-05,21290.0,21415.0,21075.0,21180.0,136188,105967,21220.0,锌,金属类,SHFE,ZN0
2023-09-06,21240.0,21430.0,21220.0,21385.0,141852,105899,21320.0,锌,金属类,SHFE,ZN0
2023-09-07,21335.0,21520.0,21235.0,21370.0,173869,107907,21355.0,锌,金属类,SHFE,ZN0
2023-09-08,21355.0,21615.0,21230.0,21250.0,191168,106342,21420.0,锌,金属类,SHFE,ZN0
2023-09-11,21190.0,21490.0,21050.0,21480.0,156204,106874,21275.0,锌,金属类,SHFE,ZN0
2023-09-12,21500.0,21830.0,21470.0,21760.0,194434,112454,21720.0,锌,金属类,SHFE,ZN0
2023-09-13,21710.0,21780.0,21475.0,21575.0,148971,107139,21630.0,锌,金属类,SHFE,ZN0
2023-09-14,21600.0,21995.0,21600.0,21950.0,179281,110125,21820.0,锌,金属类,SHFE,ZN0
2023-09-15,22100.0,22100.0,21795.0,21915.0,157087,104562,21955.0,锌,金属类,SHFE,ZN0
2023-09-18,21875.0,21885.0,21685.0,21835.0,161722,95781,21780.0,锌,金属类,SHFE,ZN0
2023-09-19,21835.0,21920.0,21655.0,21710.0,124410,89948,21785.0,锌,金属类,SHFE,ZN0
2023-09-20,21785.0,21825.0,21500.0,21605.0,137680,77701,21645.0,锌,金属类,SHFE,ZN0
2023-09-21,21765.0,21975.0,21645.0,21670.0,142702,71282,21805.0,锌,金属类,SHFE,ZN0
2023-09-22,21545.0,22065.0,21515.0,22055.0,117332,65856,21845.0,锌,金属类,SHFE,ZN0
2023-09-25,21900.0,21910.0,21565.0,21690.0,174892,125726,21725.0,锌,金属类,SHFE,ZN0
2023-09-26,21765.0,22055.0,21675.0,21850.0,205985,132437,21840.0,锌,金属类,SHFE,ZN0
2023-09-27,21830.0,21830.0,21475.0,21535.0,173144,121147,21590.0,锌,金属类,SHFE,ZN0
2023-09-28,21520.0,21630.0,21395.0,21570.0,157547,109836,21505.0,锌,金属类,SHFE,ZN0
2023-10-09,21580.0,21945.0,21580.0,21865.0,115789,119820,21865.0,锌,金属类,SHFE,ZN0
2023-10-10,21750.0,21770.0,21180.0,21200.0,227883,108667,21455.0,锌,金属类,SHFE,ZN0
2023-10-11,21220.0,21405.0,21175.0,21285.0,137427,105669,21295.0,锌,金属类,SHFE,ZN0
2023-10-12,21250.0,21390.0,21155.0,21320.0,138583,101713,21275.0,锌,金属类,SHFE,ZN0
2023-10-13,21245.0,21255.0,20980.0,21215.0,145398,97274,21125.0,锌,金属类,SHFE,ZN0
2023-10-16,21215.0,21330.0,21075.0,21315.0,112604,91465,21205.0,锌,金属类,SHFE,ZN0
2023-10-17,21295.0,21355.0,20835.0,20855.0,162048,84978,21015.0,锌,金属类,SHFE,ZN0
2023-10-18,20830.0,21290.0,20805.0,21150.0,143195,80046,21115.0,锌,金属类,SHFE,ZN0
2023-10-19,21165.0,21270.0,21005.0,21015.0,115243,76429,21120.0,锌,金属类,SHFE,ZN0
2023-10-20,21030.0,21100.0,20820.0,20900.0,108156,71760,20980.0,锌,金属类,SHFE,ZN0
2023-10-23,20975.0,21115.0,20795.0,20845.0,110288,66197,20935.0,锌,金属类,SHFE,ZN0
2023-10-24,20850.0,21115.0,20850.0,21085.0,115697,58597,21020.0,锌,金属类,SHFE,ZN0
2023-10-25,21085.0,21300.0,20950.0,21240.0,89157,48632,21150.0,锌,金属类,SHFE,ZN0
2023-10-26,21180.0,21230.0,20995.0,21105.0,118419,81507,21105.0,锌,金属类,SHFE,ZN0
2023-10-27,20990.0,21085.0,20885.0,21080.0,144756,79796,20970.0,锌,金属类,SHFE,ZN0
2023-10-30,21145.0,21335.0,21105.0,21300.0,145492,84308,21270.0,锌,金属类,SHFE,ZN0
2023-10-31,21305.0,21360.0,21025.0,21160.0,137186,79675,21160.0,锌,金属类,SHFE,ZN0
2023-11-01,21085.0,21100.0,20875.0,20925.0,129469,81919,20980.0,锌,金属类,SHFE,ZN0
2023-11-02,21200.0,21620.0,21200.0,21530.0,271142,93386,21465.0,锌,金属类,SHFE,ZN0
2023-11-03,21555.0,21580.0,21295.0,21455.0,146061,87839,21420.0,锌,金属类,SHFE,ZN0
2023-11-06,21500.0,21525.0,21310.0,21435.0,114622,85183,21410.0,锌,金属类,SHFE,ZN0
2023-11-07,21680.0,21780.0,21520.0,21520.0,135220,88960,21650.0,锌,金属类,SHFE,ZN0
2023-11-08,21515.0,21750.0,21445.0,21750.0,121844,91050,21630.0,锌,金属类,SHFE,ZN0
2023-11-09,21845.0,21855.0,21635.0,21715.0,113471,92241,21725.0,锌,金属类,SHFE,ZN0
2023-11-10,21650.0,21725.0,21560.0,21670.0,99719,88459,21635.0,锌,金属类,SHFE,ZN0
2023-11-13,21665.0,21695.0,21450.0,21600.0,125295,81808,21565.0,锌,金属类,SHFE,ZN0
2023-11-14,21480.0,21705.0,21450.0,21645.0,99463,79463,21580.0,锌,金属类,SHFE,ZN0
2023-11-15,21620.0,21925.0,21620.0,21880.0,130359,88066,21810.0,锌,金属类,SHFE,ZN0
2023-11-16,22010.0,22040.0,21565.0,21640.0,139647,78183,21775.0,锌,金属类,SHFE,ZN0
2023-11-17,21545.0,21555.0,21340.0,21430.0,144448,66580,21445.0,锌,金属类,SHFE,ZN0
2023-11-20,21370.0,21455.0,21290.0,21405.0,99359,56882,21375.0,锌,金属类,SHFE,ZN0
2023-11-21,21370.0,21520.0,21175.0,21180.0,138677,86262,21350.0,锌,金属类,SHFE,ZN0
2023-11-22,21155.0,21205.0,20875.0,20920.0,148349,92464,21055.0,锌,金属类,SHFE,ZN0
2023-11-23,20920.0,21005.0,20825.0,20935.0,139959,93632,20905.0,锌,金属类,SHFE,ZN0
2023-11-24,20935.0,21100.0,20880.0,21080.0,120428,89859,21010.0,锌,金属类,SHFE,ZN0
2023-11-27,21100.0,21215.0,21005.0,21190.0,121072,83965,21115.0,锌,金属类,SHFE,ZN0
2023-11-28,21210.0,21210.0,21075.0,21175.0,127389,82540,21145.0,锌,金属类,SHFE,ZN0
2023-11-29,21140.0,21240.0,20910.0,20920.0,139203,86859,21065.0,锌,金属类,SHFE,ZN0
2023-11-30,20915.0,20935.0,20675.0,20765.0,149665,93022,20800.0,锌,金属类,SHFE,ZN0
2023-12-01,20720.0,20840.0,20615.0,20620.0,94857,92231,20720.0,锌,金属类,SHFE,ZN0
2023-12-04,20750.0,20965.0,20720.0,20760.0,92080,86315,20840.0,锌,金属类,SHFE,ZN0
2023-12-05,20680.0,20745.0,20310.0,20410.0,109863,93900,20530.0,锌,金属类,SHFE,ZN0
2023-12-06,20410.0,20710.0,20360.0,20695.0,99492,88267,20535.0,锌,金属类,SHFE,ZN0
2023-12-07,20640.0,20690.0,20425.0,20685.0,90024,86564,20565.0,锌,金属类,SHFE,ZN0
2023-12-08,20625.0,20775.0,20505.0,20725.0,97587,85861,20630.0,锌,金属类,SHFE,ZN0
2023-12-11,20725.0,20800.0,20430.0,20640.0,90834,83613,20605.0,锌,金属类,SHFE,ZN0
2023-12-12,20600.0,20945.0,20510.0,20880.0,86671,79504,20735.0,锌,金属类,SHFE,ZN0
2023-12-13,20880.0,21030.0,20610.0,20655.0,92891,75775,20800.0,锌,金属类,SHFE,ZN0
2023-12-14,20750.0,20980.0,20685.0,20825.0,75574,69176,20800.0,锌,金属类,SHFE,ZN0
2023-12-15,20885.0,20995.0,20800.0,20870.0,82693,57895,20885.0,锌,金属类,SHFE,ZN0
2023-12-18,20895.0,20895.0,20755.0,20855.0,95754,75356,20830.0,锌,金属类,SHFE,ZN0
2023-12-19,20900.0,20950.0,20740.0,20885.0,103142,74840,20845.0,锌,金属类,SHFE,ZN0
2023-12-20,20950.0,21255.0,20905.0,21230.0,118241,84426,21070.0,锌,金属类,SHFE,ZN0
2023-12-21,21160.0,21180.0,21060.0,21165.0,94817,82457,21120.0,锌,金属类,SHFE,ZN0
2023-12-22,21165.0,21325.0,21095.0,21235.0,97156,84592,21210.0,锌,金属类,SHFE,ZN0
2023-12-25,21330.0,21425.0,21230.0,21315.0,91694,83688,21330.0,锌,金属类,SHFE,ZN0
2023-12-26,21370.0,21480.0,21310.0,21440.0,72453,88403,21400.0,锌,金属类,SHFE,ZN0
2023-12-27,21440.0,21460.0,21255.0,21455.0,83718,87947,21350.0,锌,金属类,SHFE,ZN0
2023-12-28,21400.0,21570.0,21400.0,21530.0,84853,88852,21490.0,锌,金属类,SHFE,ZN0
2023-12-29,21450.0,21605.0,21420.0,21545.0,83224,86021,21510.0,锌,金属类,SHFE,ZN0
2024-01-02,21645.0,21655.0,21375.0,21635.0,64756,85877,21490.0,锌,金属类,SHFE,ZN0
2024-01-03,21555.0,21645.0,21430.0,21645.0,85756,85770,21550.0,锌,金属类,SHFE,ZN0
2024-01-04,21505.0,21550.0,21280.0,21310.0,88339,81044,21430.0,锌,金属类,SHFE,ZN0
2024-01-05,21290.0,21300.0,21110.0,21250.0,83302,75056,21210.0,锌,金属类,SHFE,ZN0
2024-01-08,21200.0,21365.0,21160.0,21235.0,82127,72000,21255.0,锌,金属类,SHFE,ZN0
2024-01-09,21140.0,21305.0,21060.0,21220.0,87121,68568,21160.0,锌,金属类,SHFE,ZN0
2024-01-10,21175.0,21235.0,21050.0,21080.0,78176,66718,21130.0,锌,金属类,SHFE,ZN0
2024-01-11,21145.0,21245.0,21025.0,21215.0,69813,63593,21140.0,锌,金属类,SHFE,ZN0
2024-01-12,21145.0,21195.0,21065.0,21135.0,68108,59429,21135.0,锌,金属类,SHFE,ZN0
2024-01-15,21125.0,21240.0,21010.0,21225.0,92794,53156,21115.0,锌,金属类,SHFE,ZN0
2024-01-16,21260.0,21400.0,21160.0,21180.0,68218,47167,21295.0,锌,金属类,SHFE,ZN0
2024-01-17,21205.0,21300.0,21095.0,21100.0,81392,82971,21200.0,锌,金属类,SHFE,ZN0
2024-01-18,21045.0,21050.0,20735.0,20770.0,133733,89695,20855.0,锌,金属类,SHFE,ZN0
2024-01-19,20720.0,20805.0,20655.0,20675.0,92716,90681,20715.0,锌,金属类,SHFE,ZN0
2024-01-22,20700.0,20825.0,20665.0,20685.0,84550,89666,20750.0,锌,金属类,SHFE,ZN0
2024-01-23,20685.0,20910.0,20675.0,20885.0,92645,89761,20780.0,锌,金属类,SHFE,ZN0
2024-01-24,20910.0,21290.0,20895.0,21250.0,124419,85340,21110.0,锌,金属类,SHFE,ZN0
2024-01-25,21310.0,21400.0,21300.0,21370.0,102443,89518,21345.0,锌,金属类,SHFE,ZN0
2024-01-26,21440.0,21495.0,21350.0,21410.0,92692,90782,21430.0,锌,金属类,SHFE,ZN0
2024-01-29,21405.0,21520.0,21330.0,21395.0,97130,87890,21415.0,锌,金属类,SHFE,ZN0
2024-01-30,21370.0,21420.0,21225.0,21275.0,75509,83414,21330.0,锌,金属类,SHFE,ZN0
2024-01-31,21280.0,21405.0,21265.0,21295.0,70392,81572,21325.0,锌,金属类,SHFE,ZN0
2024-02-01,21200.0,21310.0,20850.0,20880.0,112978,79769,21050.0,锌,金属类,SHFE,ZN0
2024-02-02,20880.0,20880.0,20660.0,20715.0,84737,79421,20765.0,锌,金属类,SHFE,ZN0
2024-02-05,20715.0,20765.0,20530.0,20535.0,81156,79425,20630.0,锌,金属类,SHFE,ZN0
2024-02-06,20520.0,20635.0,20440.0,20565.0,74037,77141,20525.0,锌,金属类,SHFE,ZN0
2024-02-07,20530.0,20615.0,20435.0,20565.0,69402,75401,20530.0,锌,金属类,SHFE,ZN0
2024-02-08,20505.0,20570.0,20400.0,20515.0,57596,69473,20475.0,锌,金属类,SHFE,ZN0
2024-02-19,20375.0,20450.0,20205.0,20265.0,65230,70608,20315.0,锌,金属类,SHFE,ZN0
2024-02-20,20240.0,20450.0,20240.0,20260.0,74049,63722,20335.0,锌,金属类,SHFE,ZN0
2024-02-21,20140.0,20465.0,20125.0,20420.0,106503,106533,20295.0,锌,金属类,SHFE,ZN0
2024-02-22,20350.0,20410.0,20260.0,20385.0,93185,112020,20345.0,锌,金属类,SHFE,ZN0
2024-02-23,20385.0,20450.0,20310.0,20395.0,92445,117356,20385.0,锌,金属类,SHFE,ZN0
2024-02-26,20395.0,20545.0,20295.0,20530.0,122978,119227,20410.0,锌,金属类,SHFE,ZN0
2024-02-27,20545.0,20700.0,20520.0,20670.0,116662,111921,20625.0,锌,金属类,SHFE,ZN0
2024-02-28,20730.0,20745.0,20525.0,20540.0,97055,110600,20600.0,锌,金属类,SHFE,ZN0
2024-02-29,20480.0,20660.0,20420.0,20635.0,94351,108856,20545.0,锌,金属类,SHFE,ZN0
2024-03-01,20560.0,20655.0,20530.0,20595.0,78673,106310,20595.0,锌,金属类,SHFE,ZN0
2024-03-04,20525.0,20670.0,20510.0,20650.0,87674,105337,20585.0,锌,金属类,SHFE,ZN0
2024-03-05,20695.0,20740.0,20635.0,20685.0,84775,101049,20690.0,锌,金属类,SHFE,ZN0
2024-03-06,20740.0,20820.0,20675.0,20800.0,98543,99185,20755.0,锌,金属类,SHFE,ZN0
2024-03-07,20870.0,21080.0,20865.0,21070.0,102009,94024,20960.0,锌,金属类,SHFE,ZN0
2024-03-08,21210.0,21315.0,21135.0,21315.0,100937,89989,21200.0,锌,金属类,SHFE,ZN0
2024-03-11,21315.0,21355.0,21100.0,21235.0,100181,82308,21205.0,锌,金属类,SHFE,ZN0
2024-03-12,21305.0,21390.0,21285.0,21360.0,76626,79480,21345.0,锌,金属类,SHFE,ZN0
2024-03-13,21380.0,21445.0,21210.0,21390.0,88029,73477,21340.0,锌,金属类,SHFE,ZN0
2024-03-14,21430.0,21640.0,21360.0,21410.0,102251,64856,21480.0,锌,金属类,SHFE,ZN0
2024-03-15,21340.0,21520.0,21300.0,21485.0,75674,59061,21400.0,锌,金属类,SHFE,ZN0
2024-03-18,21440.0,21490.0,21255.0,21340.0,120189,102762,21375.0,锌,金属类,SHFE,ZN0
2024-03-19,21335.0,21500.0,21085.0,21130.0,132787,103312,21280.0,锌,金属类,SHFE,ZN0
2024-03-20,21110.0,21280.0,21100.0,21195.0,99751,103468,21185.0,锌,金属类,SHFE,ZN0
2024-03-21,21170.0,21530.0,21125.0,21525.0,117873,108366,21325.0,锌,金属类,SHFE,ZN0
2024-03-22,21480.0,21485.0,21195.0,21230.0,114625,101672,21310.0,锌,金属类,SHFE,ZN0
2024-03-25,21180.0,21305.0,21135.0,21145.0,109504,100485,21210.0,锌,金属类,SHFE,ZN0
2024-03-26,21140.0,21270.0,21020.0,21025.0,112177,99045,21155.0,锌,金属类,SHFE,ZN0
2024-03-27,21015.0,21035.0,20725.0,20795.0,136787,97845,20850.0,锌,金属类,SHFE,ZN0
2024-03-28,20730.0,20955.0,20675.0,20880.0,108591,95528,20815.0,锌,金属类,SHFE,ZN0
2024-03-29,20795.0,20960.0,20790.0,20945.0,85016,92612,20885.0,锌,金属类,SHFE,ZN0
2024-04-01,20900.0,21065.0,20835.0,21045.0,80852,92141,20915.0,锌,金属类,SHFE,ZN0
2024-04-02,21045.0,21165.0,20975.0,21115.0,84005,90072,21075.0,锌,金属类,SHFE,ZN0
2024-04-03,21230.0,21350.0,21175.0,21270.0,101648,82715,21255.0,锌,金属类,SHFE,ZN0
2024-04-08,21775.0,21850.0,21505.0,21725.0,136329,81814,21690.0,锌,金属类,SHFE,ZN0
2024-04-09,21945.0,21980.0,21735.0,21840.0,119810,76408,21870.0,锌,金属类,SHFE,ZN0
2024-04-10,22040.0,22605.0,22010.0,22605.0,142895,73454,22285.0,锌,金属类,SHFE,ZN0
2024-04-11,22595.0,22990.0,22260.0,22870.0,299982,122707,22645.0,锌,金属类,SHFE,ZN0
2024-04-12,22800.0,23090.0,22540.0,23045.0,262397,134194,22845.0,锌,金属类,SHFE,ZN0
2024-04-15,23110.0,23380.0,22665.0,22800.0,327201,128737,23040.0,锌,金属类,SHFE,ZN0
2024-04-16,22755.0,22875.0,22230.0,22280.0,296479,122816,22470.0,锌,金属类,SHFE,ZN0
2024-04-17,22280.0,22640.0,22245.0,22585.0,198763,120871,22455.0,锌,金属类,SHFE,ZN0
2024-04-18,22700.0,22990.0,22470.0,22840.0,258807,123760,22760.0,锌,金属类,SHFE,ZN0
2024-04-19,22700.0,22840.0,22420.0,22740.0,260383,120254,22605.0,锌,金属类,SHFE,ZN0
2024-04-22,22775.0,23040.0,22475.0,22535.0,302333,122336,22730.0,锌,金属类,SHFE,ZN0
2024-04-23,22450.0,22680.0,22265.0,22270.0,227083,110872,22475.0,锌,金属类,SHFE,ZN0
2024-04-24,22175.0,22665.0,22135.0,22555.0,198472,108819,22465.0,锌,金属类,SHFE,ZN0
2024-04-25,22565.0,22785.0,22405.0,22770.0,210761,106996,22550.0,锌,金属类,SHFE,ZN0
2024-04-26,23000.0,23010.0,22620.0,22910.0,233651,101542,22800.0,锌,金属类,SHFE,ZN0
2024-04-29,22820.0,23160.0,22645.0,23015.0,214175,97737,22865.0,锌,金属类,SHFE,ZN0
2024-04-30,23110.0,23715.0,23055.0,23515.0,312310,94813,23370.0,锌,金属类,SHFE,ZN0
2024-05-06,23210.0,23410.0,23065.0,23305.0,111346,92205,23260.0,锌,金属类,SHFE,ZN0
2024-05-07,23280.0,23530.0,23215.0,23275.0,149618,92402,23340.0,锌,金属类,SHFE,ZN0
2024-05-08,23395.0,23585.0,23065.0,23120.0,202491,86970,23310.0,锌,金属类,SHFE,ZN0
2024-05-09,23000.0,23300.0,22915.0,23185.0,142223,83046,23115.0,锌,金属类,SHFE,ZN0
2024-05-10,23265.0,23790.0,23255.0,23720.0,177087,81154,23430.0,锌,金属类,SHFE,ZN0
2024-05-13,23620.0,23655.0,23255.0,23535.0,176941,76206,23425.0,锌,金属类,SHFE,ZN0
2024-05-14,23650.0,24025.0,23570.0,23720.0,190309,71381,23790.0,锌,金属类,SHFE,ZN0
2024-05-15,23710.0,23975.0,23485.0,23940.0,158931,68852,23720.0,锌,金属类,SHFE,ZN0
2024-05-16,23800.0,23930.0,23505.0,23600.0,185147,61747,23705.0,锌,金属类,SHFE,ZN0
2024-05-17,23600.0,23960.0,23565.0,23880.0,171950,117407,23775.0,锌,金属类,SHFE,ZN0
2024-05-20,24000.0,24570.0,23900.0,24260.0,278686,122303,24190.0,锌,金属类,SHFE,ZN0
2024-05-21,24255.0,24990.0,24225.0,24810.0,351421,126076,24695.0,锌,金属类,SHFE,ZN0
2024-05-22,25000.0,25190.0,24605.0,24920.0,273865,126853,24890.0,锌,金属类,SHFE,ZN0
2024-05-23,24595.0,24670.0,24200.0,24345.0,260948,121315,24475.0,锌,金属类,SHFE,ZN0
2024-05-24,24455.0,24795.0,24445.0,24725.0,213274,123335,24610.0,锌,金属类,SHFE,ZN0
2024-05-27,24680.0,24870.0,24525.0,24690.0,173752,121877,24715.0,锌,金属类,SHFE,ZN0
2024-05-28,24780.0,25125.0,24710.0,24795.0,196305,118445,24890.0,锌,金属类,SHFE,ZN0
2024-05-29,24930.0,25365.0,24760.0,25350.0,286829,123767,25070.0,锌,金属类,SHFE,ZN0
2024-05-30,25100.0,25330.0,24700.0,24710.0,269493,108870,25095.0,锌,金属类,SHFE,ZN0
2024-05-31,24580.0,24930.0,24570.0,24890.0,204393,104760,24770.0,锌,金属类,SHFE,ZN0
2024-06-03,24890.0,25010.0,24120.0,24180.0,255333,98370,24460.0,锌,金属类,SHFE,ZN0
2024-06-04,24320.0,24505.0,24095.0,24390.0,210164,92233,24300.0,锌,金属类,SHFE,ZN0
2024-06-05,24260.0,24270.0,24015.0,24040.0,185530,87604,24145.0,锌,金属类,SHFE,ZN0
2024-06-06,23920.0,24220.0,23760.0,24085.0,201498,78652,23995.0,锌,金属类,SHFE,ZN0
2024-06-07,24090.0,24330.0,24045.0,24165.0,141977,72569,24190.0,锌,金属类,SHFE,ZN0
2024-06-11,23780.0,23890.0,23620.0,23695.0,114834,66953,23730.0,锌,金属类,SHFE,ZN0
2024-06-12,23480.0,23650.0,23400.0,23555.0,117046,62292,23525.0,锌,金属类,SHFE,ZN0
2024-06-13,23850.0,23990.0,23520.0,23695.0,140979,56877,23765.0,锌,金属类,SHFE,ZN0
2024-06-14,23805.0,23890.0,23520.0,23520.0,118461,54256,23675.0,锌,金属类,SHFE,ZN0
2024-06-17,23320.0,23450.0,23175.0,23195.0,138184,45855,23305.0,锌,金属类,SHFE,ZN0
2024-06-18,23315.0,23660.0,23310.0,23410.0,149236,87809,23455.0,锌,金属类,SHFE,ZN0
2024-06-19,23250.0,23845.0,23230.0,23835.0,158748,93988,23595.0,锌,金属类,SHFE,ZN0
2024-06-20,23885.0,23930.0,23695.0,23840.0,139728,92810,23810.0,锌,金属类,SHFE,ZN0
2024-06-21,23840.0,24020.0,23765.0,23780.0,143619,93114,23895.0,锌,金属类,SHFE,ZN0
2024-06-24,23705.0,23955.0,23625.0,23655.0,183135,92040,23770.0,锌,金属类,SHFE,ZN0
2024-06-25,23805.0,23920.0,23535.0,23660.0,171613,87765,23700.0,锌,金属类,SHFE,ZN0
2024-06-26,23745.0,24160.0,23585.0,24130.0,205297,94106,23760.0,锌,金属类,SHFE,ZN0
2024-06-27,24300.0,24385.0,24045.0,24120.0,287970,91516,24215.0,锌,金属类,SHFE,ZN0
2024-06-28,24215.0,24825.0,24140.0,24665.0,249829,106469,24415.0,锌,金属类,SHFE,ZN0
2024-07-01,24660.0,24690.0,24290.0,24375.0,182342,92928,24475.0,锌,金属类,SHFE,ZN0
2024-07-02,24590.0,24605.0,24300.0,24450.0,141510,93347,24435.0,锌,金属类,SHFE,ZN0
2024-07-03,24530.0,24625.0,24370.0,24555.0,145563,90132,24510.0,锌,金属类,SHFE,ZN0
2024-07-04,24735.0,24820.0,24605.0,24670.0,137155,89481,24705.0,锌,金属类,SHFE,ZN0
2024-07-05,24770.0,24935.0,24570.0,24655.0,178215,87542,24745.0,锌,金属类,SHFE,ZN0
2024-07-08,24750.0,24770.0,24325.0,24370.0,186677,83360,24590.0,锌,金属类,SHFE,ZN0
2024-07-09,24420.0,24530.0,24325.0,24410.0,131867,79182,24425.0,锌,金属类,SHFE,ZN0
2024-07-10,24325.0,24355.0,24110.0,24120.0,129750,75384,24240.0,锌,金属类,SHFE,ZN0
2024-07-11,24210.0,24575.0,24205.0,24490.0,145167,73214,24410.0,锌,金属类,SHFE,ZN0
2024-07-12,24580.0,24620.0,24115.0,24160.0,143199,67855,24305.0,锌,金属类,SHFE,ZN0
2024-07-15,24160.0,24430.0,24080.0,24235.0,125494,62628,24250.0,锌,金属类,SHFE,ZN0
2024-07-16,24255.0,24415.0,24140.0,24240.0,96449,60508,24320.0,锌,金属类,SHFE,ZN0
2024-07-17,24050.0,24140.0,23690.0,23695.0,127097,54741,23960.0,锌,金属类,SHFE,ZN0
2024-07-18,23800.0,23855.0,23525.0,23725.0,183655,93311,23680.0,锌,金属类,SHFE,ZN0
2024-07-19,23470.0,23610.0,23330.0,23450.0,189587,93433,23480.0,锌,金属类,SHFE,ZN0
2024-07-22,23335.0,23555.0,23325.0,23430.0,162159,95498,23425.0,锌,金属类,SHFE,ZN0
2024-07-23,23130.0,23450.0,23080.0,23095.0,184398,95832,23250.0,锌,金属类,SHFE,ZN0
2024-07-24,23000.0,23145.0,22805.0,23040.0,213513,94993,22950.0,锌,金属类,SHFE,ZN0
2024-07-25,23050.0,23075.0,22390.0,22570.0,245601,96610,22680.0,锌,金属类,SHFE,ZN0
2024-07-26,22550.0,22880.0,22485.0,22600.0,201732,93443,22685.0,锌,金属类,SHFE,ZN0
2024-07-29,22600.0,22900.0,22570.0,22790.0,175059,91783,22705.0,锌,金属类,SHFE,ZN0
2024-07-30,22705.0,22760.0,22415.0,22495.0,155669,93959,22570.0,锌,金属类,SHFE,ZN0
2024-07-31,22450.0,22850.0,22360.0,22840.0,196693,89763,22645.0,锌,金属类,SHFE,ZN0
2024-08-01,22850.0,23050.0,22740.0,22785.0,170917,88380,22860.0,锌,金属类,SHFE,ZN0
2024-08-02,22845.0,23040.0,22645.0,22920.0,185253,84192,22860.0,锌,金属类,SHFE,ZN0
2024-08-05,22860.0,22885.0,22120.0,22150.0,246817,89413,22530.0,锌,金属类,SHFE,ZN0
2024-08-06,22020.0,22470.0,21865.0,22025.0,231218,82833,22140.0,锌,金属类,SHFE,ZN0
2024-08-07,21990.0,22210.0,21820.0,21840.0,178080,82547,22005.0,锌,金属类,SHFE,ZN0
2024-08-08,21900.0,21990.0,21780.0,21835.0,143366,81162,21880.0,锌,金属类,SHFE,ZN0
2024-08-09,22030.0,22690.0,22010.0,22605.0,206068,75256,22395.0,锌,金属类,SHFE,ZN0
2024-08-12,22845.0,23180.0,22775.0,23140.0,195821,72052,22910.0,锌,金属类,SHFE,ZN0
2024-08-13,23090.0,23225.0,22945.0,23065.0,155236,70400,23080.0,锌,金属类,SHFE,ZN0
2024-08-14,22895.0,22970.0,22630.0,22650.0,173419,64826,22785.0,锌,金属类,SHFE,ZN0
2024-08-15,22910.0,23075.0,22705.0,22890.0,163646,59256,22875.0,锌,金属类,SHFE,ZN0
2024-08-16,23030.0,23435.0,22975.0,23325.0,152684,58326,23230.0,锌,金属类,SHFE,ZN0
2024-08-19,23200.0,23435.0,23105.0,23345.0,114401,54114,23280.0,锌,金属类,SHFE,ZN0
2024-08-20,23390.0,23435.0,23100.0,23305.0,79097,50226,23275.0,锌,金属类,SHFE,ZN0
2024-08-21,23445.0,23540.0,23210.0,23540.0,158947,102110,23380.0,锌,金属类,SHFE,ZN0
2024-08-22,23650.0,23795.0,23495.0,23670.0,187172,112357,23645.0,锌,金属类,SHFE,ZN0
2024-08-23,23740.0,24030.0,23645.0,24000.0,222908,125863,23830.0,锌,金属类,SHFE,ZN0
2024-08-26,24010.0,24225.0,23870.0,24200.0,202882,125487,24050.0,锌,金属类,SHFE,ZN0
2024-08-27,24180.0,24200.0,23895.0,23995.0,179455,118983,24020.0,锌,金属类,SHFE,ZN0
2024-08-28,24055.0,24280.0,23980.0,24015.0,183036,123232,24135.0,锌,金属类,SHFE,ZN0
2024-08-29,23915.0,24175.0,23845.0,24095.0,214545,123553,24015.0,锌,金属类,SHFE,ZN0
2024-08-30,23995.0,24180.0,23925.0,24050.0,197750,117971,24040.0,锌,金属类,SHFE,ZN0
2024-09-02,24045.0,24065.0,23615.0,23630.0,191700,112134,23840.0,锌,金属类,SHFE,ZN0
2024-09-03,23610.0,23760.0,23520.0,23535.0,146497,112138,23670.0,锌,金属类,SHFE,ZN0
2024-09-04,23460.0,23730.0,23395.0,23420.0,208327,108277,23570.0,锌,金属类,SHFE,ZN0
2024-09-05,23360.0,23490.0,22680.0,22695.0,236607,102624,23175.0,锌,金属类,SHFE,ZN0
2024-09-06,22810.0,22935.0,22580.0,22850.0,240517,95298,22740.0,锌,金属类,SHFE,ZN0
2024-09-09,22920.0,23040.0,22590.0,22845.0,220582,92911,22755.0,锌,金属类,SHFE,ZN0
2024-09-10,22940.0,22975.0,22690.0,22790.0,167133,87598,22835.0,锌,金属类,SHFE,ZN0
2024-09-11,22760.0,22970.0,22565.0,22945.0,216848,86472,22735.0,锌,金属类,SHFE,ZN0
2024-09-12,23025.0,23640.0,22820.0,23570.0,231728,81051,23200.0,锌,金属类,SHFE,ZN0
2024-09-13,23645.0,23890.0,23585.0,23830.0,187993,75552,23750.0,锌,金属类,SHFE,ZN0
2024-09-18,24045.0,24115.0,23785.0,23915.0,111199,75131,23900.0,锌,金属类,SHFE,ZN0
2024-09-19,24000.0,24240.0,23725.0,24240.0,165194,70707,23945.0,锌,金属类,SHFE,ZN0
2024-09-20,24240.0,24335.0,24035.0,24170.0,129176,67503,24155.0,锌,金属类,SHFE,ZN0
2024-09-23,24050.0,24085.0,23600.0,23625.0,125438,56541,23830.0,锌,金属类,SHFE,ZN0
2024-09-24,23600.0,24035.0,23575.0,24010.0,181350,108406,23775.0,锌,金属类,SHFE,ZN0
2024-09-25,24150.0,24755.0,24090.0,24450.0,239394,113576,0.0,锌,金属类,SHFE,ZN0
2024-09-26,24445.0,24725.0,24355.0,24710.0,220495,112708,24520.0,锌,金属类,SHFE,ZN0
2024-09-27,24970.0,25155.0,24835.0,24990.0,275848,116409,25015.0,锌,金属类,SHFE,ZN0
2024-09-30,24910.0,25380.0,24835.0,25120.0,223795,110404,25080.0,锌,金属类,SHFE,ZN0
2024-10-08,25640.0,25940.0,25255.0,25285.0,168125,115976,25575.0,锌,金属类,SHFE,ZN0
2024-10-09,25360.0,25365.0,24935.0,25040.0,201366,116337,25185.0,锌,金属类,SHFE,ZN0
2024-10-10,24900.0,25040.0,24650.0,24800.0,199820,112980,24840.0,锌,金属类,SHFE,ZN0
2024-10-11,25005.0,25555.0,24990.0,25350.0,200555,119097,25330.0,锌,金属类,SHFE,ZN0
2024-10-14,25450.0,25780.0,25215.0,25335.0,201759,116778,25480.0,锌,金属类,SHFE,ZN0
2024-10-15,25035.0,25205.0,24890.0,24955.0,195198,110800,25030.0,锌,金属类,SHFE,ZN0
2024-10-16,24800.0,25350.0,24770.0,25300.0,179129,110295,25040.0,锌,金属类,SHFE,ZN0
2024-10-17,25330.0,25430.0,24490.0,24545.0,204110,96547,25010.0,锌,金属类,SHFE,ZN0
2024-10-18,24630.0,25225.0,24610.0,25045.0,198797,94025,24970.0,锌,金属类,SHFE,ZN0
2024-10-21,25200.0,25495.0,25060.0,25230.0,173045,86382,25265.0,锌,金属类,SHFE,ZN0
2024-10-22,25100.0,25145.0,24760.0,25010.0,150027,70331,24930.0,锌,金属类,SHFE,ZN0
2024-10-23,25150.0,25230.0,24870.0,25025.0,134606,65727,25055.0,锌,金属类,SHFE,ZN0
2024-10-24,24980.0,25925.0,24875.0,25925.0,156388,69480,25335.0,锌,金属类,SHFE,ZN0
2024-10-25,25610.0,25695.0,24900.0,25030.0,267252,115032,25280.0,锌,金属类,SHFE,ZN0
2024-10-28,24915.0,25090.0,24770.0,24970.0,196032,108040,24915.0,锌,金属类,SHFE,ZN0
2024-10-29,24970.0,25195.0,24950.0,25010.0,188193,112528,25080.0,锌,金属类,SHFE,ZN0
2024-10-30,25080.0,25240.0,24905.0,25030.0,175041,113342,25070.0,锌,金属类,SHFE,ZN0
2024-10-31,24960.0,25480.0,24945.0,25275.0,235273,122160,25125.0,锌,金属类,SHFE,ZN0
2024-11-01,25235.0,25260.0,24810.0,24865.0,194400,111428,24970.0,锌,金属类,SHFE,ZN0
2024-11-04,25030.0,25390.0,24890.0,25125.0,238594,110312,25115.0,锌,金属类,SHFE,ZN0
2024-11-05,24925.0,25155.0,24640.0,25065.0,215917,103582,24855.0,锌,金属类,SHFE,ZN0
2024-11-06,25100.0,25280.0,24870.0,24955.0,189635,102289,25090.0,锌,金属类,SHFE,ZN0
2024-11-07,24665.0,25235.0,24605.0,25170.0,197892,103475,24915.0,锌,金属类,SHFE,ZN0
2024-11-08,25300.0,25430.0,24880.0,25025.0,189720,101642,25190.0,锌,金属类,SHFE,ZN0
2024-11-11,24820.0,25080.0,24765.0,24975.0,166547,99709,24910.0,锌,金属类,SHFE,ZN0
2024-11-12,24860.0,25150.0,24650.0,24850.0,189449,104084,24895.0,锌,金属类,SHFE,ZN0
2024-11-13,24710.0,24845.0,24455.0,24585.0,179262,103740,24690.0,锌,金属类,SHFE,ZN0
2024-11-14,24675.0,24995.0,24440.0,24465.0,226061,103573,24705.0,锌,金属类,SHFE,ZN0
2024-11-15,24540.0,24840.0,24535.0,24640.0,173303,99655,24680.0,锌,金属类,SHFE,ZN0
2024-11-18,24810.0,24900.0,24330.0,24715.0,225759,98271,24560.0,锌,金属类,SHFE,ZN0
2024-11-19,24595.0,24950.0,24475.0,24865.0,146861,96723,24695.0,锌,金属类,SHFE,ZN0
2024-11-20,24750.0,25255.0,24730.0,25205.0,124565,97973,24950.0,锌,金属类,SHFE,ZN0
2024-11-21,25150.0,25275.0,25065.0,25200.0,110384,97164,25185.0,锌,金属类,SHFE,ZN0
2024-11-22,25255.0,25340.0,25135.0,25170.0,129789,92577,25245.0,锌,金属类,SHFE,ZN0
2024-11-25,25030.0,25305.0,25010.0,25275.0,107778,82316,25185.0,锌,金属类,SHFE,ZN0
2024-11-26,24975.0,25385.0,24890.0,25175.0,231330,125026,25115.0,锌,金属类,SHFE,ZN0
2024-11-27,25425.0,25860.0,25280.0,25830.0,344775,163745,25565.0,锌,金属类,SHFE,ZN0
2024-11-28,25800.0,26315.0,25245.0,25355.0,592047,158017,25860.0,锌,金属类,SHFE,ZN0
2024-11-29,25245.0,25325.0,25095.0,25200.0,340560,145138,25215.0,锌,金属类,SHFE,ZN0
2024-12-02,25385.0,25665.0,25280.0,25455.0,326867,142261,25470.0,锌,金属类,SHFE,ZN0
2024-12-03,25530.0,25565.0,25115.0,25290.0,218823,133355,25360.0,锌,金属类,SHFE,ZN0
2024-12-04,25370.0,25480.0,25165.0,25465.0,194910,131520,25320.0,锌,金属类,SHFE,ZN0
2024-12-05,25385.0,25610.0,25270.0,25550.0,178680,130702,25410.0,锌,金属类,SHFE,ZN0
2024-12-06,25600.0,25760.0,25440.0,25495.0,209241,130422,25605.0,锌,金属类,SHFE,ZN0
2024-12-09,25430.0,25610.0,25255.0,25590.0,199976,129848,25425.0,锌,金属类,SHFE,ZN0
2024-12-10,25880.0,26000.0,25675.0,25775.0,176427,134339,25825.0,锌,金属类,SHFE,ZN0
2024-12-11,25800.0,26095.0,25725.0,25870.0,152379,139893,25905.0,锌,金属类,SHFE,ZN0
2024-12-12,25790.0,26000.0,25765.0,25965.0,128211,141979,25890.0,锌,金属类,SHFE,ZN0
2024-12-13,25790.0,25890.0,25525.0,25850.0,195505,127118,25695.0,锌,金属类,SHFE,ZN0
2024-12-16,25870.0,26010.0,25640.0,25770.0,148420,120714,25795.0,锌,金属类,SHFE,ZN0
2024-12-17,25770.0,25780.0,25520.0,25645.0,126420,107583,25635.0,锌,金属类,SHFE,ZN0
2024-12-18,25550.0,25600.0,25200.0,25240.0,128094,93585,25415.0,锌,金属类,SHFE,ZN0
2024-12-19,25260.0,25375.0,25040.0,25200.0,124067,80287,25185.0,锌,金属类,SHFE,ZN0
2024-12-20,25205.0,25295.0,25105.0,25155.0,94659,71662,25180.0,锌,金属类,SHFE,ZN0
2024-12-23,24895.0,25070.0,24670.0,25025.0,162151,128649,24885.0,锌,金属类,SHFE,ZN0
2024-12-24,25065.0,25265.0,24955.0,25230.0,147980,138962,25110.0,锌,金属类,SHFE,ZN0
2024-12-25,25340.0,25470.0,25275.0,25425.0,139070,142766,25375.0,锌,金属类,SHFE,ZN0
2024-12-26,25480.0,25640.0,25325.0,25395.0,139994,150232,25480.0,锌,金属类,SHFE,ZN0
2024-12-27,25425.0,25520.0,25140.0,25175.0,155181,143526,25325.0,锌,金属类,SHFE,ZN0
2024-12-30,25170.0,25410.0,25145.0,25325.0,142279,139968,25295.0,锌,金属类,SHFE,ZN0
2024-12-31,25290.0,25460.0,25185.0,25460.0,138403,136443,25310.0,锌,金属类,SHFE,ZN0
2025-01-02,25240.0,25305.0,25100.0,25265.0,116495,130684,25205.0,锌,金属类,SHFE,ZN0
2025-01-03,24920.0,25040.0,24535.0,24665.0,207727,114750,24755.0,锌,金属类,SHFE,ZN0
2025-01-06,24495.0,24595.0,24390.0,24490.0,158904,109182,24500.0,锌,金属类,SHFE,ZN0
2025-01-07,24670.0,24760.0,24310.0,24395.0,156531,104494,24510.0,锌,金属类,SHFE,ZN0
2025-01-08,24340.0,24420.0,24085.0,24225.0,138138,102938,24275.0,锌,金属类,SHFE,ZN0
2025-01-09,24070.0,24195.0,23815.0,24110.0,175565,100521,23975.0,锌,金属类,SHFE,ZN0
2025-01-10,24185.0,24275.0,24040.0,24145.0,121388,97911,24145.0,锌,金属类,SHFE,ZN0
2025-01-13,24300.0,24360.0,24090.0,24290.0,151687,96185,24240.0,锌,金属类,SHFE,ZN0
2025-01-14,24355.0,24355.0,24030.0,24045.0,137780,95142,24170.0,锌,金属类,SHFE,ZN0
2025-01-15,24155.0,24255.0,23520.0,23595.0,180146,91181,23890.0,锌,金属类,SHFE,ZN0
2025-01-16,23565.0,23900.0,23540.0,23760.0,160651,107158,23695.0,锌,金属类,SHFE,ZN0
2025-01-17,23810.0,24240.0,23605.0,24225.0,194496,104556,23910.0,锌,金属类,SHFE,ZN0
2025-01-20,24275.0,24375.0,24025.0,24215.0,213566,102731,24220.0,锌,金属类,SHFE,ZN0
2025-01-21,24230.0,24420.0,24120.0,24200.0,147168,98985,24260.0,锌,金属类,SHFE,ZN0
2025-01-22,24130.0,24235.0,24060.0,24115.0,120104,97992,24145.0,锌,金属类,SHFE,ZN0
2025-01-23,24075.0,24175.0,23645.0,23705.0,159676,100453,23870.0,锌,金属类,SHFE,ZN0
2025-01-24,23730.0,23960.0,23670.0,23875.0,112991,94106,23815.0,锌,金属类,SHFE,ZN0
2025-01-27,23900.0,23900.0,23470.0,23655.0,141163,90692,23635.0,锌,金属类,SHFE,ZN0
2025-02-05,23570.0,23715.0,23180.0,23260.0,120030,97949,23395.0,锌,金属类,SHFE,ZN0
2025-02-06,23170.0,23710.0,23010.0,23675.0,167998,97128,23350.0,锌,金属类,SHFE,ZN0
2025-02-07,23615.0,24105.0,23595.0,24015.0,159412,93049,23815.0,锌,金属类,SHFE,ZN0
2025-02-10,24015.0,24035.0,23705.0,23805.0,128795,92543,23860.0,锌,金属类,SHFE,ZN0
2025-02-11,23730.0,23825.0,23580.0,23745.0,111470,91540,23725.0,锌,金属类,SHFE,ZN0
2025-02-12,23610.0,23845.0,23475.0,23800.0,110845,90154,23660.0,锌,金属类,SHFE,ZN0
2025-02-13,23835.0,23925.0,23725.0,23775.0,109029,84705,23805.0,锌,金属类,SHFE,ZN0
2025-02-14,23745.0,24145.0,23670.0,24125.0,139330,83893,23920.0,锌,金属类,SHFE,ZN0
2025-02-17,24075.0,24115.0,23565.0,23850.0,165812,74928,23815.0,锌,金属类,SHFE,ZN0
2025-02-18,23830.0,23985.0,23800.0,23880.0,94660,71868,23890.0,锌,金属类,SHFE,ZN0
2025-02-19,24010.0,24040.0,23865.0,23925.0,79913,67758,23965.0,锌,金属类,SHFE,ZN0
2025-02-20,24000.0,24160.0,23830.0,24145.0,86985,62240,23965.0,锌,金属类,SHFE,ZN0
2025-02-21,24170.0,24235.0,23955.0,24020.0,106609,77531,24095.0,锌,金属类,SHFE,ZN0
2025-02-24,23980.0,24160.0,23915.0,23990.0,140696,81862,24025.0,锌,金属类,SHFE,ZN0
2025-02-25,23850.0,23870.0,23575.0,23595.0,160737,90580,23685.0,锌,金属类,SHFE,ZN0
2025-02-26,23500.0,23670.0,23500.0,23565.0,121104,90337,23575.0,锌,金属类,SHFE,ZN0
2025-02-27,23605.0,23645.0,23435.0,23555.0,113705,91824,23530.0,锌,金属类,SHFE,ZN0
2025-02-28,23655.0,23670.0,23300.0,23425.0,148190,96907,23490.0,锌,金属类,SHFE,ZN0
2025-03-03,23495.0,23810.0,23470.0,23730.0,168467,87684,23645.0,锌,金属类,SHFE,ZN0
2025-03-04,23750.0,23860.0,23625.0,23680.0,128969,83993,23745.0,锌,金属类,SHFE,ZN0
2025-03-05,23730.0,23795.0,23490.0,23645.0,133829,85427,23645.0,锌,金属类,SHFE,ZN0
2025-03-06,23800.0,24060.0,23690.0,24000.0,164441,91558,23900.0,锌,金属类,SHFE,ZN0
2025-03-07,24100.0,24160.0,23930.0,23960.0,143514,89620,24060.0,锌,金属类,SHFE,ZN0
2025-03-10,23880.0,23980.0,23735.0,23835.0,138976,82546,23860.0,锌,金属类,SHFE,ZN0
2025-03-11,23800.0,23850.0,23540.0,23840.0,130549,79502,23710.0,锌,金属类,SHFE,ZN0
2025-03-12,23955.0,24005.0,23855.0,23870.0,118508,76418,23935.0,锌,金属类,SHFE,ZN0
2025-03-13,24080.0,24150.0,23935.0,24030.0,116244,97749,24040.0,锌,金属类,SHFE,ZN0
2025-03-14,24035.0,24260.0,23960.0,24155.0,143403,115898,24130.0,锌,金属类,SHFE,ZN0
2025-03-17,24215.0,24260.0,24075.0,24205.0,141565,124368,24165.0,锌,金属类,SHFE,ZN0
2025-03-18,24160.0,24160.0,23725.0,23770.0,189092,123287,23940.0,锌,金属类,SHFE,ZN0
2025-03-19,23825.0,23960.0,23730.0,23895.0,161711,122840,23840.0,锌,金属类,SHFE,ZN0
2025-03-20,23840.0,23905.0,23630.0,23855.0,198704,124893,23760.0,锌,金属类,SHFE,ZN0
2025-03-21,23785.0,23935.0,23705.0,23770.0,175632,124780,23810.0,锌,金属类,SHFE,ZN0
2025-03-24,23810.0,24235.0,23810.0,24200.0,243814,133620,24060.0,锌,金属类,SHFE,ZN0
2025-03-25,24270.0,24280.0,24070.0,24125.0,147198,131122,24140.0,锌,金属类,SHFE,ZN0
2025-03-26,24155.0,24270.0,24080.0,24155.0,176395,124775,24165.0,锌,金属类,SHFE,ZN0
2025-03-27,24085.0,24185.0,24045.0,24105.0,138213,118980,24115.0,锌,金属类,SHFE,ZN0
2025-03-28,24000.0,24005.0,23695.0,23770.0,196166,111876,23840.0,锌,金属类,SHFE,ZN0
2025-03-31,23730.0,23790.0,23335.0,23455.0,216039,117351,23515.0,锌,金属类,SHFE,ZN0
2025-04-01,23450.0,23660.0,23355.0,23615.0,165508,108627,23520.0,锌,金属类,SHFE,ZN0
2025-04-02,23480.0,23540.0,23230.0,23380.0,190946,110654,23355.0,锌,金属类,SHFE,ZN0
2025-04-03,23205.0,23300.0,22960.0,23155.0,217133,103783,23140.0,锌,金属类,SHFE,ZN0
2025-04-07,21820.0,22880.0,21620.0,22625.0,319022,94837,22390.0,锌,金属类,SHFE,ZN0
2025-04-08,22190.0,22625.0,21970.0,22085.0,171263,98886,22280.0,锌,金属类,SHFE,ZN0
2025-04-09,22150.0,22210.0,21460.0,21705.0,186777,104096,21815.0,锌,金属类,SHFE,ZN0
2025-04-10,21580.0,22560.0,21530.0,22475.0,206819,93555,22150.0,锌,金属类,SHFE,ZN0
2025-04-11,22280.0,22480.0,22195.0,22405.0,165236,98282,22345.0,锌,金属类,SHFE,ZN0
2025-04-14,22445.0,22595.0,22355.0,22515.0,155488,105798,22470.0,锌,金属类,SHFE,ZN0
2025-04-15,22415.0,22450.0,22250.0,22325.0,157911,113579,22355.0,锌,金属类,SHFE,ZN0
2025-04-16,22320.0,22400.0,21835.0,21920.0,203298,126631,22140.0,锌,金属类,SHFE,ZN0
2025-04-17,21850.0,22195.0,21775.0,21990.0,199355,127501,21965.0,锌,金属类,SHFE,ZN0
2025-04-18,21950.0,22120.0,21870.0,22050.0,154714,129328,22015.0,锌,金属类,SHFE,ZN0
2025-04-21,22100.0,22465.0,21935.0,22395.0,194671,125738,22210.0,锌,金属类,SHFE,ZN0
2025-04-22,22450.0,22450.0,22075.0,22285.0,161836,130353,22245.0,锌,金属类,SHFE,ZN0
2025-04-23,22325.0,22635.0,22210.0,22460.0,217519,127251,22415.0,锌,金属类,SHFE,ZN0
2025-04-24,22550.0,22640.0,22450.0,22590.0,180352,125084,22540.0,锌,金属类,SHFE,ZN0
2025-04-25,22630.0,22910.0,22550.0,22750.0,203216,122427,22745.0,锌,金属类,SHFE,ZN0
2025-04-28,22630.0,22650.0,22380.0,22520.0,149791,117883,22515.0,锌,金属类,SHFE,ZN0
2025-04-29,22520.0,22610.0,22465.0,22550.0,103421,114582,22535.0,锌,金属类,SHFE,ZN0
2025-04-30,22605.0,22650.0,22345.0,22440.0,115362,105996,22505.0,锌,金属类,SHFE,ZN0
2025-05-06,22390.0,22580.0,22300.0,22355.0,115055,111715,22420.0,锌,金属类,SHFE,ZN0
2025-05-07,22300.0,22530.0,22210.0,22210.0,155956,116701,22350.0,锌,金属类,SHFE,ZN0
2025-05-08,22245.0,22455.0,22070.0,22175.0,222075,119907,22280.0,锌,金属类,SHFE,ZN0
2025-05-09,22155.0,22370.0,22075.0,22190.0,140017,119170,22250.0,锌,金属类,SHFE,ZN0
2025-05-12,22360.0,22515.0,22080.0,22490.0,229910,118030,22325.0,锌,金属类,SHFE,ZN0
2025-05-13,22530.0,22655.0,22135.0,22325.0,170560,112035,22330.0,锌,金属类,SHFE,ZN0
2025-05-14,22265.0,22780.0,22160.0,22710.0,219108,104941,22520.0,锌,金属类,SHFE,ZN0
2025-05-15,22885.0,22915.0,22545.0,22590.0,152385,99050,22740.0,锌,金属类,SHFE,ZN0
2025-05-16,22490.0,22640.0,22440.0,22500.0,118189,94346,22525.0,锌,金属类,SHFE,ZN0
2025-05-19,22480.0,22565.0,22380.0,22455.0,126096,85560,22465.0,锌,金属类,SHFE,ZN0
2025-05-20,22290.0,22305.0,22175.0,22220.0,77992,92994,22225.0,锌,金属类,SHFE,ZN0
2025-05-21,22320.0,22470.0,22290.0,22410.0,98470,101413,22385.0,锌,金属类,SHFE,ZN0
2025-05-22,22355.0,22355.0,22160.0,22245.0,118696,108242,22250.0,锌,金属类,SHFE,ZN0
2025-05-23,22295.0,22380.0,22205.0,22215.0,127189,114069,22300.0,锌,金属类,SHFE,ZN0
2025-05-26,22155.0,22300.0,22085.0,22185.0,142738,118520,22195.0,锌,金属类,SHFE,ZN0
2025-05-27,22185.0,22695.0,22175.0,22330.0,343177,121568,22410.0,锌,金属类,SHFE,ZN0
2025-05-28,22380.0,22485.0,22200.0,22210.0,162225,123007,22360.0,锌,金属类,SHFE,ZN0
2025-05-29,22300.0,22530.0,22225.0,22495.0,184818,119380,22360.0,锌,金属类,SHFE,ZN0
2025-05-30,22450.0,22465.0,22150.0,22225.0,181701,116614,22285.0,锌,金属类,SHFE,ZN0
2025-06-03,22330.0,22515.0,22090.0,22180.0,155440,122728,22240.0,锌,金属类,SHFE,ZN0
2025-06-04,22260.0,22475.0,22260.0,22420.0,169465,123944,22380.0,锌,金属类,SHFE,ZN0
2025-06-05,22380.0,22450.0,22255.0,22340.0,146875,124586,22345.0,锌,金属类,SHFE,ZN0
2025-06-06,22290.0,22415.0,22230.0,22385.0,173548,119647,22310.0,锌,金属类,SHFE,ZN0
2025-06-09,22250.0,22335.0,21855.0,21910.0,242193,135718,22125.0,锌,金属类,SHFE,ZN0
2025-06-10,21945.0,21950.0,21760.0,21845.0,158631,135071,21870.0,锌,金属类,SHFE,ZN0
2025-06-11,21900.0,22205.0,21855.0,22140.0,170227,125779,22020.0,锌,金属类,SHFE,ZN0
2025-06-12,22100.0,22160.0,21965.0,22085.0,118688,121089,22055.0,锌,金属类,SHFE,ZN0
2025-06-13,22000.0,22090.0,21745.0,21815.0,191037,123159,21950.0,锌,金属类,SHFE,ZN0
2025-06-16,21745.0,21935.0,21660.0,21840.0,163962,116264,21800.0,锌,金属类,SHFE,ZN0
2025-06-17,21955.0,21985.0,21760.0,21905.0,124376,105656,21875.0,锌,金属类,SHFE,ZN0
2025-06-18,21885.0,22130.0,21825.0,22060.0,123695,97228,21995.0,锌,金属类,SHFE,ZN0
2025-06-19,21755.0,21815.0,21600.0,21680.0,84227,103561,21705.0,锌,金属类,SHFE,ZN0
2025-06-20,21740.0,21840.0,21670.0,21675.0,91557,105123,21740.0,锌,金属类,SHFE,ZN0
2025-06-23,21740.0,21800.0,21635.0,21780.0,111405,110868,21735.0,锌,金属类,SHFE,ZN0
2025-06-24,21875.0,22030.0,21825.0,21920.0,185998,121470,21920.0,锌,金属类,SHFE,ZN0
2025-06-25,21975.0,22095.0,21860.0,22045.0,158531,129865,21965.0,锌,金属类,SHFE,ZN0
2025-06-26,22090.0,22400.0,22030.0,22240.0,168109,135638,22155.0,锌,金属类,SHFE,ZN0
2025-06-27,22345.0,22570.0,22270.0,22410.0,225824,142428,22425.0,锌,金属类,SHFE,ZN0
2025-06-30,22330.0,22530.0,22330.0,22495.0,160924,140186,22435.0,锌,金属类,SHFE,ZN0
2025-07-01,22380.0,22420.0,22105.0,22255.0,178683,134433,22255.0,锌,金属类,SHFE,ZN0
2025-07-02,22250.0,22310.0,22145.0,22230.0,128020,129763,22215.0,锌,金属类,SHFE,ZN0
2025-07-03,22320.0,22400.0,22245.0,22325.0,132674,127934,22335.0,锌,金属类,SHFE,ZN0
2025-07-04,22295.0,22445.0,22260.0,22410.0,153571,128000,22350.0,锌,金属类,SHFE,ZN0
2025-07-07,22340.0,22360.0,22040.0,22090.0,160506,126532,22185.0,锌,金属类,SHFE,ZN0
2025-07-08,22070.0,22115.0,21865.0,22050.0,158517,118874,22005.0,锌,金属类,SHFE,ZN0
2025-07-09,22175.0,22175.0,21980.0,22120.0,154513,114762,22080.0,锌,金属类,SHFE,ZN0
2025-07-10,22120.0,22430.0,22110.0,22385.0,146456,112634,22285.0,锌,金属类,SHFE,ZN0
2025-07-11,22390.0,22475.0,22330.0,22380.0,129354,107632,22400.0,锌,金属类,SHFE,ZN0
2025-07-14,22225.0,22265.0,22130.0,22250.0,136140,94177,22205.0,锌,金属类,SHFE,ZN0
2025-07-15,22100.0,22185.0,22040.0,22070.0,78112,100438,22105.0,锌,金属类,SHFE,ZN0
2025-07-16,22030.0,22050.0,21955.0,22030.0,75299,101973,22000.0,锌,金属类,SHFE,ZN0
2025-07-17,21990.0,22160.0,21955.0,22120.0,96404,104498,22060.0,锌,金属类,SHFE,ZN0
2025-07-18,22175.0,22375.0,22130.0,22295.0,151066,115968,22300.0,锌,金属类,SHFE,ZN0
2025-07-21,22420.0,22945.0,22415.0,22925.0,251405,133314,22785.0,锌,金属类,SHFE,ZN0
2025-07-22,22880.0,22985.0,22760.0,22945.0,184578,134060,22860.0,锌,金属类,SHFE,ZN0
2025-07-23,22850.0,23020.0,22815.0,22975.0,173574,137891,22905.0,锌,金属类,SHFE,ZN0
2025-07-24,23000.0,23070.0,22905.0,23015.0,152003,134935,22980.0,锌,金属类,SHFE,ZN0
2025-07-25,22925.0,22935.0,22755.0,22885.0,152086,129228,22845.0,锌,金属类,SHFE,ZN0
2025-07-28,22905.0,22965.0,22575.0,22645.0,193107,124461,22735.0,锌,金属类,SHFE,ZN0
2025-07-29,22645.0,22725.0,22580.0,22655.0,127217,117616,22660.0,锌,金属类,SHFE,ZN0
2025-07-30,22640.0,22770.0,22610.0,22670.0,141408,116245,22690.0,锌,金属类,SHFE,ZN0
2025-07-31,22625.0,22685.0,22295.0,22345.0,182660,110481,22440.0,锌,金属类,SHFE,ZN0
2025-08-01,22300.0,22425.0,22280.0,22320.0,105121,108084,22345.0,锌,金属类,SHFE,ZN0
2025-08-04,22225.0,22270.0,22125.0,22255.0,115733,102725,22205.0,锌,金属类,SHFE,ZN0
2025-08-05,22330.0,22395.0,22250.0,22380.0,85449,98472,22315.0,锌,金属类,SHFE,ZN0
2025-08-06,22360.0,22415.0,22250.0,22380.0,89569,94254,22330.0,锌,金属类,SHFE,ZN0
2025-08-07,22480.0,22630.0,22420.0,22580.0,131099,96819,22530.0,锌,金属类,SHFE,ZN0
2025-08-08,22525.0,22565.0,22435.0,22515.0,81428,94895,22505.0,锌,金属类,SHFE,ZN0
2025-08-11,22485.0,22670.0,22425.0,22590.0,87765,93386,22560.0,锌,金属类,SHFE,ZN0
2025-08-12,22495.0,22655.0,22450.0,22630.0,79970,87488,22545.0,锌,金属类,SHFE,ZN0
2025-08-13,22720.0,22775.0,22600.0,22600.0,78345,85986,22670.0,锌,金属类,SHFE,ZN0
2025-08-14,22600.0,22640.0,22430.0,22480.0,78030,80798,22540.0,锌,金属类,SHFE,ZN0
2025-08-15,22500.0,22600.0,22485.0,22530.0,69906,91064,22545.0,锌,金属类,SHFE,ZN0
2025-08-18,22450.0,22465.0,22320.0,22360.0,95738,96755,22395.0,锌,金属类,SHFE,ZN0
2025-08-19,22320.0,22345.0,22180.0,22205.0,110478,105576,22245.0,锌,金属类,SHFE,ZN0
2025-08-20,22215.0,22275.0,22155.0,22265.0,111901,110994,22210.0,锌,金属类,SHFE,ZN0
2025-08-21,22300.0,22330.0,22230.0,22240.0,85851,110426,22285.0,锌,金属类,SHFE,ZN0
2025-08-22,22215.0,22290.0,22200.0,22275.0,88665,107792,22245.0,锌,金属类,SHFE,ZN0
2025-08-25,22220.0,22465.0,22200.0,22395.0,131380,105259,22355.0,锌,金属类,SHFE,ZN0
2025-08-26,22355.0,22395.0,22245.0,22270.0,93174,108718,22305.0,锌,金属类,SHFE,ZN0
2025-08-27,22310.0,22425.0,22290.0,22310.0,114993,107827,22350.0,锌,金属类,SHFE,ZN0
2025-08-28,22210.0,22220.0,22085.0,22170.0,156406,114628,22135.0,锌,金属类,SHFE,ZN0
2025-08-29,22145.0,22180.0,22030.0,22140.0,139630,116592,22095.0,锌,金属类,SHFE,ZN0
2025-09-01,22250.0,22300.0,22125.0,22175.0,139706,116185,22195.0,锌,金属类,SHFE,ZN0
2025-09-02,22175.0,22380.0,22165.0,22325.0,125688,107662,22265.0,锌,金属类,SHFE,ZN0
2025-09-03,22250.0,22390.0,22230.0,22285.0,117964,104733,22305.0,锌,金属类,SHFE,ZN0
2025-09-04,22240.0,22325.0,22000.0,22120.0,171243,118873,22135.0,锌,金属类,SHFE,ZN0
2025-09-05,22035.0,22220.0,22035.0,22155.0,105676,111310,22115.0,锌,金属类,SHFE,ZN0
2025-09-08,22250.0,22350.0,22150.0,22270.0,133585,105501,22245.0,锌,金属类,SHFE,ZN0
2025-09-09,22245.0,22265.0,22115.0,22125.0,100465,108199,22200.0,锌,金属类,SHFE,ZN0
2025-09-10,22160.0,22245.0,22110.0,22215.0,83724,103054,22170.0,锌,金属类,SHFE,ZN0
2025-09-11,22205.0,22285.0,22145.0,22250.0,93321,100442,22225.0,锌,金属类,SHFE,ZN0
2025-09-12,22250.0,22360.0,22180.0,22305.0,103603,97697,22280.0,锌,金属类,SHFE,ZN0
2025-09-15,22345.0,22365.0,22255.0,22310.0,97830,92003,22305.0,锌,金属类,SHFE,ZN0
2025-09-16,22290.0,22370.0,22245.0,22255.0,96641,84991,22300.0,锌,金属类,SHFE,ZN0
2025-09-17,22325.0,22370.0,22210.0,22285.0,65574,94143,22285.0,锌,金属类,SHFE,ZN0
2025-09-18,22215.0,22230.0,21965.0,22045.0,113236,109570,22085.0,锌,金属类,SHFE,ZN0
2025-09-19,22045.0,22120.0,22025.0,22040.0,93004,123433,22060.0,锌,金属类,SHFE,ZN0
2025-09-22,21960.0,22095.0,21890.0,22090.0,140526,130425,21995.0,锌,金属类,SHFE,ZN0
2025-09-23,22080.0,22105.0,21820.0,21845.0,125331,140372,21955.0,锌,金属类,SHFE,ZN0
2025-09-24,21895.0,21985.0,21860.0,21860.0,109733,141867,21915.0,锌,金属类,SHFE,ZN0
2025-09-25,21935.0,22060.0,21890.0,22045.0,158280,131286,21965.0,锌,金属类,SHFE,ZN0
2025-09-26,22045.0,22090.0,21980.0,21980.0,126716,126086,22035.0,锌,金属类,SHFE,ZN0
2025-09-29,21930.0,21950.0,21665.0,21800.0,180542,142400,21755.0,锌,金属类,SHFE,ZN0
2025-09-30,21890.0,22085.0,21790.0,21825.0,162377,127778,21935.0,锌,金属类,SHFE,ZN0
2025-10-09,22040.0,22340.0,21950.0,22315.0,137234,113253,22200.0,锌,金属类,SHFE,ZN0
2025-10-10,22465.0,22515.0,22250.0,22270.0,174778,106534,22385.0,锌,金属类,SHFE,ZN0
2025-10-13,22450.0,22450.0,22100.0,22255.0,177312,101699,22285.0,锌,金属类,SHFE,ZN0
2025-10-14,22330.0,22335.0,22210.0,22220.0,124307,95194,22275.0,锌,金属类,SHFE,ZN0
2025-10-15,22020.0,22070.0,21915.0,22015.0,124266,89912,21995.0,锌,金属类,SHFE,ZN0
2025-10-16,22065.0,22085.0,21880.0,21940.0,91938,87075,21950.0,锌,金属类,SHFE,ZN0
2025-10-17,21900.0,22035.0,21815.0,21830.0,83920,108816,21925.0,锌,金属类,SHFE,ZN0
2025-10-20,21830.0,21955.0,21830.0,21850.0,97686,125172,21885.0,锌,金属类,SHFE,ZN0
2025-10-21,21915.0,22045.0,21875.0,21970.0,108521,130442,21960.0,锌,金属类,SHFE,ZN0
2025-10-22,22010.0,22030.0,21930.0,22000.0,102274,132692,21990.0,锌,金属类,SHFE,ZN0
2025-10-23,22030.0,22345.0,22025.0,22345.0,164360,124740,22185.0,锌,金属类,SHFE,ZN0
2025-10-24,22245.0,22375.0,22215.0,22355.0,130461,120167,22290.0,锌,金属类,SHFE,ZN0
2025-10-27,22250.0,22405.0,22200.0,22365.0,120077,121184,22305.0,锌,金属类,SHFE,ZN0
2025-10-28,22400.0,22440.0,22290.0,22310.0,128753,120693,22370.0,锌,金属类,SHFE,ZN0
2025-10-29,22355.0,22455.0,22320.0,22430.0,114143,118849,22395.0,锌,金属类,SHFE,ZN0
2025-10-30,22490.0,22540.0,22325.0,22365.0,111090,119758,22420.0,锌,金属类,SHFE,ZN0
2025-10-31,22280.0,22415.0,22235.0,22355.0,93564,116409,22350.0,锌,金属类,SHFE,ZN0
2025-11-03,22425.0,22610.0,22400.0,22565.0,140709,118939,22485.0,锌,金属类,SHFE,ZN0
2025-11-04,22610.0,22840.0,22595.0,22670.0,150552,116923,22685.0,锌,金属类,SHFE,ZN0
2025-11-05,22605.0,22685.0,22505.0,22650.0,100837,112477,22610.0,锌,金属类,SHFE,ZN0
2025-11-06,22605.0,22685.0,22535.0,22675.0,100028,113005,22595.0,锌,金属类,SHFE,ZN0
2025-11-07,22725.0,22750.0,22615.0,22720.0,87261,112510,22685.0,锌,金属类,SHFE,ZN0
2025-11-10,22720.0,22735.0,22530.0,22670.0,104875,110752,22615.0,锌,金属类,SHFE,ZN0
2025-11-11,22770.0,22810.0,22630.0,22675.0,81700,107475,22720.0,锌,金属类,SHFE,ZN0
2025-11-12,22565.0,22695.0,22565.0,22680.0,71426,105905,22640.0,锌,金属类,SHFE,ZN0
2025-11-13,22630.0,22760.0,22550.0,22740.0,97686,102938,22655.0,锌,金属类,SHFE,ZN0
2025-11-14,22700.0,22725.0,22415.0,22425.0,123601,100153,22540.0,锌,金属类,SHFE,ZN0
2025-11-17,22460.0,22495.0,22385.0,22465.0,94653,91450,22440.0,锌,金属类,SHFE,ZN0
2025-11-18,22460.0,22465.0,22265.0,22310.0,93469,82326,22350.0,锌,金属类,SHFE,ZN0
2025-11-19,22325.0,22480.0,22325.0,22435.0,64454,86880,22415.0,锌,金属类,SHFE,ZN0
2025-11-20,22495.0,22500.0,22380.0,22385.0,48772,88862,22420.0,锌,金属类,SHFE,ZN0
2025-11-21,22490.0,22600.0,22370.0,22390.0,90775,91878,22485.0,锌,金属类,SHFE,ZN0
2025-11-24,22390.0,22445.0,22245.0,22390.0,104516,96310,22350.0,锌,金属类,SHFE,ZN0
2025-11-25,22335.0,22420.0,22275.0,22360.0,84904,99591,22345.0,锌,金属类,SHFE,ZN0
2025-11-26,22340.0,22425.0,22280.0,22355.0,96212,100730,22360.0,锌,金属类,SHFE,ZN0
2025-11-27,22480.0,22565.0,22410.0,22415.0,114645,101749,22475.0,锌,金属类,SHFE,ZN0
2025-11-28,22370.0,22430.0,22300.0,22425.0,94156,101542,22355.0,锌,金属类,SHFE,ZN0
2025-12-01,22450.0,22620.0,22380.0,22590.0,128295,105756,22520.0,锌,金属类,SHFE,ZN0
2025-12-02,22650.0,22765.0,22640.0,22745.0,122766,106325,22705.0,锌,金属类,SHFE,ZN0
2025-12-03,22745.0,22800.0,22695.0,22755.0,106416,104585,22740.0,锌,金属类,SHFE,ZN0
2025-12-04,22710.0,23000.0,22650.0,22865.0,164347,105684,22840.0,锌,金属类,SHFE,ZN0
2025-12-05,22835.0,23305.0,22815.0,23305.0,163149,107552,23060.0,锌,金属类,SHFE,ZN0
2025-12-08,23190.0,23335.0,22965.0,23285.0,180254,108666,23110.0,锌,金属类,SHFE,ZN0
2025-12-09,23250.0,23255.0,23005.0,23070.0,129703,101254,23135.0,锌,金属类,SHFE,ZN0
2025-12-10,23120.0,23210.0,22970.0,23075.0,118200,93179,23065.0,锌,金属类,SHFE,ZN0
2025-12-11,23050.0,23095.0,22920.0,22995.0,93062,88499,23000.0,锌,金属类,SHFE,ZN0
2025-12-12,23210.0,23730.0,23210.0,23605.0,189027,91374,23515.0,锌,金属类,SHFE,ZN0
2025-12-15,23480.0,23600.0,23205.0,23430.0,168568,83302,23410.0,锌,金属类,SHFE,ZN0
2025-12-16,23310.0,23345.0,22935.0,23030.0,138540,73193,23140.0,锌,金属类,SHFE,ZN0
2025-12-17,23005.0,23025.0,22850.0,22975.0,103865,80774,22925.0,锌,金属类,SHFE,ZN0
2025-12-18,23030.0,23125.0,22975.0,23035.0,86320,83725,23035.0,锌,金属类,SHFE,ZN0
2025-12-19,22985.0,23090.0,22935.0,23075.0,88361,86365,23020.0,锌,金属类,SHFE,ZN0
2025-12-22,23075.0,23150.0,22980.0,23115.0,134424,90612,23075.0,锌,金属类,SHFE,ZN0
2025-12-23,23030.0,23100.0,22940.0,23090.0,133845,93107,23015.0,锌,金属类,SHFE,ZN0
2025-12-24,23290.0,23320.0,23045.0,23230.0,171495,95197,23195.0,锌,金属类,SHFE,ZN0
2025-12-25,23085.0,23095.0,22910.0,23065.0,125213,93322,23005.0,锌,金属类,SHFE,ZN0
2025-12-26,23055.0,23250.0,23005.0,23170.0,145708,97425,23130.0,锌,金属类,SHFE,ZN0
2025-12-29,23105.0,23470.0,23000.0,23255.0,242907,93687,23225.0,锌,金属类,SHFE,ZN0
2025-12-30,23180.0,23435.0,23130.0,23380.0,148502,93470,23260.0,锌,金属类,SHFE,ZN0
2025-12-31,23360.0,23455.0,23150.0,23275.0,154943,86579,23295.0,锌,金属类,SHFE,ZN0
